ID,Total %,Bound,OP Code,Device,Device Time,Op-to-Op Gap,Cores,DRAM,DRAM %,FLOPs,FLOPs %,Math Fidelity,Output Datatype,Input 0 Datatype,Input 1 Datatype,DRAM Sharded,Input 0 Memory,Inner Dim Block Size,Output Subblock H,Output Subblock W,Global Call Count,Advice,Raw OP Code
649,0.13207611472743658,,LayerNormDeviceOperation,0,26.004,,1,,,,,"BF16, BF16 => BF16",BFLOAT16,BFLOAT16,BFLOAT16,False,DEV_1_DRAM_INTERLEAVED,,,,662528.0,,LayerNormDeviceOperation
650,0.6592073086586395,DRAM,MatmulDeviceOperation 32 x 2048 x 12352,0,73.033,56.756,97.0,358.99519395341827,70.116248819027,22.168079416154338,8.265946947246363,HiFi2 BF16 x BFP8 => BF16,BFLOAT16,BFLOAT16,BFLOAT8_B,False,DEV_1_DRAM_INTERLEAVED,2,1,4,663552.0,Try a DRAM-sharded program config (MatmulMultiCoreReuseMultiCastDRAMShardedProgramConfig) to improve throughput further • If your matmuls are not FLOP-bound use HiFi4 with BF16 activations for full accuracy,MatmulDeviceOperation
651,0.019828686044297508,,SliceDeviceOperation,0,3.357,0.547,110,,,,,BF16 => BF16,BFLOAT16,BFLOAT16,nan,False,DEV_1_DRAM_INTERLEAVED,,,,664576.0,,SliceDeviceOperation
652,0.04792609669928055,,SliceDeviceOperation,0,1.94,7.496,110,,,,,BF16 => BF16,BFLOAT16,BFLOAT16,nan,False,DEV_1_DRAM_INTERLEAVED,,,,665600.0,,SliceDeviceOperation
653,0.06605329457123184,,SliceDeviceOperation,0,0.75,12.255,1,,,,,BF16 => BF16,BFLOAT16,BFLOAT16,nan,False,DEV_1_DRAM_INTERLEAVED,,,,666624.0,,SliceDeviceOperation
654,0.09156037994891168,,SliceDeviceOperation,0,0.671,17.356,1,,,,,BF16 => BF16,BFLOAT16,BFLOAT16,nan,False,DEV_1_DRAM_INTERLEAVED,,,,667648.0,,SliceDeviceOperation
655,0.7330061837159252,,UntilizeWithUnpaddingDeviceOperation,0,2.48,141.839,86,,,,,BF16 => BF16,BFLOAT16,BFLOAT16,nan,False,DEV_1_DRAM_INTERLEAVED,,,,668672.0,,UntilizeWithUnpaddingDeviceOperation
656,0.195366395669545,,UntilizeWithUnpaddingDeviceOperation,0,2.442,36.023,86,,,,,BF16 => BF16,BFLOAT16,BFLOAT16,nan,False,DEV_1_DRAM_INTERLEAVED,,,,669696.0,,UntilizeWithUnpaddingDeviceOperation
657,0.1960673072151682,,UntilizeWithUnpaddingDeviceOperation,0,2.45,36.153,86,,,,,BF16 => BF16,BFLOAT16,BFLOAT16,nan,False,DEV_1_DRAM_INTERLEAVED,,,,670720.0,,UntilizeWithUnpaddingDeviceOperation
658,0.20153746471253203,,UntilizeWithUnpaddingDeviceOperation,0,3.576,36.104,86,,,,,BF16 => BF16,BFLOAT16,BFLOAT16,nan,False,DEV_1_DRAM_INTERLEAVED,,,,671744.0,,UntilizeWithUnpaddingDeviceOperation
659,0.018762081518349127,,ConcatDeviceOperation,0,2.531,1.163,8,,,,,"BF16, BF16 => BF16",BFLOAT16,BFLOAT16,BFLOAT16,False,DEV_1_DRAM_INTERLEAVED,,,,672768.0,,ConcatDeviceOperation
660,0.33640198841494795,,TilizeWithValPaddingDeviceOperation,0,8.836,57.397,86,,,,,BF16 => BF16,BFLOAT16,BFLOAT16,nan,False,DEV_1_DRAM_INTERLEAVED,,,,673792.0,,TilizeWithValPaddingDeviceOperation
661,0.01941220237226052,,SliceDeviceOperation,0,3.281,0.541,110,,,,,BF16 => BF16,BFLOAT16,BFLOAT16,nan,False,DEV_1_DRAM_INTERLEAVED,,,,674816.0,,SliceDeviceOperation
662,0.3419280156731948,,BinaryNgDeviceOperation,0,5.931,61.39,110,,,,,"BF16, BF16 => BF16",BFLOAT16,BFLOAT16,BFLOAT16,False,DEV_1_DRAM_INTERLEAVED,,,,675840.0,,BinaryNgDeviceOperation
663,0.4631349223743002,,UntilizeWithUnpaddingDeviceOperation,0,4.37,86.815,86,,,,,BF16 => BF16,BFLOAT16,BFLOAT16,nan,False,DEV_1_DRAM_INTERLEAVED,,,,676864.0,,UntilizeWithUnpaddingDeviceOperation
664,0.015648612116414096,,SliceDeviceOperation,0,1.862,1.219,5,,,,,BF16 => BF16,BFLOAT16,BFLOAT16,nan,False,DEV_1_DRAM_INTERLEAVED,,,,677888.0,,SliceDeviceOperation
665,0.29644495124525316,,TilizeWithValPaddingDeviceOperation,0,8.159,50.207,86,,,,,BF16 => BF16,BFLOAT16,BFLOAT16,nan,False,DEV_1_DRAM_INTERLEAVED,,,,678912.0,,TilizeWithValPaddingDeviceOperation
666,0.030855345214935288,,BinaryNgDeviceOperation,0,5.556,0.519,110,,,,,"BF16, BF16 => BF16",BFLOAT16,BFLOAT16,BFLOAT16,False,DEV_1_DRAM_INTERLEAVED,,,,679936.0,,BinaryNgDeviceOperation
667,0.19833257206551572,,BinaryNgDeviceOperation,0,5.713,33.336,110,,,,,"BF16, BF16 => BF16",BFLOAT16,BFLOAT16,BFLOAT16,False,DEV_1_DRAM_INTERLEAVED,,,,680960.0,,BinaryNgDeviceOperation
668,0.36307218063282864,,UntilizeWithUnpaddingDeviceOperation,0,4.384,67.1,86,,,,,BF16 => BF16,BFLOAT16,BFLOAT16,nan,False,DEV_1_DRAM_INTERLEAVED,,,,681984.0,,UntilizeWithUnpaddingDeviceOperation
669,0.016379998077064414,,SliceDeviceOperation,0,1.995,1.23,5,,,,,BF16 => BF16,BFLOAT16,BFLOAT16,nan,False,DEV_1_DRAM_INTERLEAVED,,,,683008.0,,SliceDeviceOperation
670,0.20767805934049197,,TilizeWithValPaddingDeviceOperation,0,8.095,32.794,86,,,,,BF16 => BF16,BFLOAT16,BFLOAT16,nan,False,DEV_1_DRAM_INTERLEAVED,,,,684032.0,,TilizeWithValPaddingDeviceOperation
671,0.030890898699133567,,BinaryNgDeviceOperation,0,5.556,0.526,110,,,,,"BF16, BF16 => BF16",BFLOAT16,BFLOAT16,BFLOAT16,False,DEV_1_DRAM_INTERLEAVED,,,,685056.0,,BinaryNgDeviceOperation
672,0.10821464776121993,,BinaryNgDeviceOperation,0,5.449,15.857,110,,,,,"BF16, BF16 => BF16",BFLOAT16,BFLOAT16,BFLOAT16,False,DEV_1_DRAM_INTERLEAVED,,,,686080.0,,BinaryNgDeviceOperation
673,0.4018813481698361,,UntilizeWithUnpaddingDeviceOperation,0,4.315,74.81,86,,,,,BF16 => BF16,BFLOAT16,BFLOAT16,nan,False,DEV_1_DRAM_INTERLEAVED,,,,687104.0,,UntilizeWithUnpaddingDeviceOperation
674,0.01639523528457796,,SliceDeviceOperation,0,2.01,1.218,5,,,,,BF16 => BF16,BFLOAT16,BFLOAT16,nan,False,DEV_1_DRAM_INTERLEAVED,,,,688128.0,,SliceDeviceOperation
675,0.20889703594157588,,TilizeWithValPaddingDeviceOperation,0,8.228,32.901,86,,,,,BF16 => BF16,BFLOAT16,BFLOAT16,nan,False,DEV_1_DRAM_INTERLEAVED,,,,689152.0,,TilizeWithValPaddingDeviceOperation
676,0.03075376383151163,,BinaryNgDeviceOperation,0,5.499,0.556,110,,,,,"BF16, BF16 => BF16",BFLOAT16,BFLOAT16,BFLOAT16,False,DEV_1_DRAM_INTERLEAVED,,,,690176.0,,BinaryNgDeviceOperation
677,0.10220610893171074,,BinaryNgDeviceOperation,0,5.399,14.724,110,,,,,"BF16, BF16 => BF16",BFLOAT16,BFLOAT16,BFLOAT16,False,DEV_1_DRAM_INTERLEAVED,,,,691200.0,,BinaryNgDeviceOperation
678,0.36434702699479554,,UntilizeWithUnpaddingDeviceOperation,0,2.468,69.267,86,,,,,BF16 => BF16,BFLOAT16,BFLOAT16,nan,False,DEV_1_DRAM_INTERLEAVED,,,,692224.0,,UntilizeWithUnpaddingDeviceOperation
679,0.19504133524258926,,UntilizeWithUnpaddingDeviceOperation,0,2.419,35.982,86,,,,,BF16 => BF16,BFLOAT16,BFLOAT16,nan,False,DEV_1_DRAM_INTERLEAVED,,,,693248.0,,UntilizeWithUnpaddingDeviceOperation
680,0.1956203491281041,,UntilizeWithUnpaddingDeviceOperation,0,2.439,36.076,86,,,,,BF16 => BF16,BFLOAT16,BFLOAT16,nan,False,DEV_1_DRAM_INTERLEAVED,,,,694272.0,,UntilizeWithUnpaddingDeviceOperation
681,0.19570669330401425,,UntilizeWithUnpaddingDeviceOperation,0,2.448,36.084,86,,,,,BF16 => BF16,BFLOAT16,BFLOAT16,nan,False,DEV_1_DRAM_INTERLEAVED,,,,695296.0,,UntilizeWithUnpaddingDeviceOperation
682,0.20133938101485593,,UntilizeWithUnpaddingDeviceOperation,0,3.575,36.066,86,,,,,BF16 => BF16,BFLOAT16,BFLOAT16,nan,False,DEV_1_DRAM_INTERLEAVED,,,,696320.0,,UntilizeWithUnpaddingDeviceOperation
683,0.02192634161199599,,ConcatDeviceOperation,0,3.118,1.199,9,,,,,"BF16, BF16 => BF16",BFLOAT16,BFLOAT16,BFLOAT16,False,DEV_1_DRAM_INTERLEAVED,,,,697344.0,,ConcatDeviceOperation
684,0.21197495185931262,,TilizeWithValPaddingDeviceOperation,0,9.04,32.695,86,,,,,BF16 => BF16,BFLOAT16,BFLOAT16,nan,False,DEV_1_DRAM_INTERLEAVED,,,,698368.0,,TilizeWithValPaddingDeviceOperation
685,0.1993179114847252,,UntilizeWithUnpaddingDeviceOperation,0,4.607,34.636,86,,,,,BF16 => BF16,BFLOAT16,BFLOAT16,nan,False,DEV_1_DRAM_INTERLEAVED,,,,699392.0,,UntilizeWithUnpaddingDeviceOperation
686,0.015643533047242912,,SliceDeviceOperation,0,1.824,1.256,4,,,,,BF16 => BF16,BFLOAT16,BFLOAT16,nan,False,DEV_1_DRAM_INTERLEAVED,,,,700416.0,,SliceDeviceOperation
687,0.2578643418209489,,TilizeWithValPaddingDeviceOperation,0,7.832,42.938,86,,,,,BF16 => BF16,BFLOAT16,BFLOAT16,nan,False,DEV_1_DRAM_INTERLEAVED,,,,701440.0,,TilizeWithValPaddingDeviceOperation
688,0.020194379024622667,,SliceDeviceOperation,0,3.455,0.521,110,,,,,BF16 => BF16,BFLOAT16,BFLOAT16,nan,False,DEV_1_DRAM_INTERLEAVED,,,,702464.0,,SliceDeviceOperation
689,0.406381403455504,,UntilizeWithUnpaddingDeviceOperation,0,3.226,76.785,86,,,,,BF16 => BF16,BFLOAT16,BFLOAT16,nan,False,DEV_1_DRAM_INTERLEAVED,,,,703488.0,,UntilizeWithUnpaddingDeviceOperation
690,0.01235229622431648,,SliceDeviceOperation,0,1.216,1.216,1,,,,,BF16 => BF16,BFLOAT16,BFLOAT16,nan,False,DEV_1_DRAM_INTERLEAVED,,,,704512.0,,SliceDeviceOperation
691,0.21042583576210186,,TilizeWithValPaddingDeviceOperation,0,6.675,34.755,86,,,,,BF16 => BF16,BFLOAT16,BFLOAT16,nan,False,DEV_1_DRAM_INTERLEAVED,,,,705536.0,,TilizeWithValPaddingDeviceOperation
692,0.17789439772067625,,UntilizeWithUnpaddingDeviceOperation,0,3.211,31.814,86,,,,,BF16 => BF16,BFLOAT16,BFLOAT16,nan,False,DEV_1_DRAM_INTERLEAVED,,,,706560.0,,UntilizeWithUnpaddingDeviceOperation
693,0.013413821681093677,,SliceDeviceOperation,0,1.297,1.344,1,,,,,BF16 => BF16,BFLOAT16,BFLOAT16,nan,False,DEV_1_DRAM_INTERLEAVED,,,,707584.0,,SliceDeviceOperation
694,0.20973508235482102,,TilizeWithValPaddingDeviceOperation,0,6.779,34.515,86,,,,,BF16 => BF16,BFLOAT16,BFLOAT16,nan,False,DEV_1_DRAM_INTERLEAVED,,,,708608.0,,TilizeWithValPaddingDeviceOperation
695,0.17784360702896446,,UntilizeWithUnpaddingDeviceOperation,0,3.231,31.784,86,,,,,BF16 => BF16,BFLOAT16,BFLOAT16,nan,False,DEV_1_DRAM_INTERLEAVED,,,,709632.0,,UntilizeWithUnpaddingDeviceOperation
696,0.01308876125413798,,SliceDeviceOperation,0,1.29,1.287,1,,,,,BF16 => BF16,BFLOAT16,BFLOAT16,nan,False,DEV_1_DRAM_INTERLEAVED,,,,710656.0,,SliceDeviceOperation
697,0.20893766849494536,,TilizeWithValPaddingDeviceOperation,0,6.647,34.49,86,,,,,BF16 => BF16,BFLOAT16,BFLOAT16,nan,False,DEV_1_DRAM_INTERLEAVED,,,,711680.0,,TilizeWithValPaddingDeviceOperation
698,0.026639717802853596,,UnaryDeviceOperation,0,4.714,0.531,110,,,,,BF16 => BF16,BFLOAT16,BFLOAT16,nan,False,DEV_1_DRAM_INTERLEAVED,,,,712704.0,,UnaryDeviceOperation
699,0.16761436171820235,,BinaryNgDeviceOperation,0,1.455,31.546,110,,,,,"BF16, BF16 => BF16",BFLOAT16,BFLOAT16,BFLOAT16,False,DEV_1_DRAM_INTERLEAVED,,,,713728.0,,BinaryNgDeviceOperation
700,0.2853471851062188,,BinaryNgDeviceOperation,0,4.023,52.158,110,,,,,"BF16, BF16 => BF16",BFLOAT16,BFLOAT16,BFLOAT16,False,DEV_1_DRAM_INTERLEAVED,,,,714752.0,,BinaryNgDeviceOperation
701,0.17659415601285353,,SliceDeviceOperation,0,1.221,33.548,64,,,,,BF16 => BF16,BFLOAT16,BFLOAT16,nan,False,DEV_1_DRAM_INTERLEAVED,,,,715776.0,,SliceDeviceOperation
702,0.1337522075539269,,SliceDeviceOperation,0,1.23,25.104,64,,,,,BF16 => BF16,BFLOAT16,BFLOAT16,nan,False,DEV_1_DRAM_INTERLEAVED,,,,716800.0,,SliceDeviceOperation
703,0.16874191507420494,,SliceDeviceOperation,0,1.947,31.276,110,,,,,BF16 => BF16,BFLOAT16,BFLOAT16,nan,False,DEV_1_DRAM_INTERLEAVED,,,,717824.0,,SliceDeviceOperation
704,0.1461298991240993,,ReshapeViewDeviceOperation,0,10.122,18.649,20,,,,,BF16 => BF16,BFLOAT16,BFLOAT16,nan,False,DEV_1_DRAM_INTERLEAVED,,,,718848.0,,ReshapeViewDeviceOperation
705,0.06443307150562454,,ReshapeViewDeviceOperation,0,10.138,2.548,20,,,,,BF16 => BF16,BFLOAT16,BFLOAT16,nan,False,DEV_1_DRAM_INTERLEAVED,,,,719872.0,,ReshapeViewDeviceOperation
706,0.09424212847129616,,UntilizeWithUnpaddingDeviceOperation,0,6.466,12.089,5,,,,,BF16 => BF16,BFLOAT16,BFLOAT16,nan,False,DEV_1_DRAM_INTERLEAVED,,,,720896.0,,UntilizeWithUnpaddingDeviceOperation
707,0.18442100160564615,,ConcatDeviceOperation,0,1.424,34.886,110,,,,,"BF16, BF16 => BF16",BFLOAT16,BFLOAT16,BFLOAT16,False,DEV_1_DRAM_INTERLEAVED,,,,721920.0,,ConcatDeviceOperation
708,0.11276549373859972,,TilizeDeviceOperation,0,2.129,20.073,5,,,,,BF16 => BF16,BFLOAT16,BFLOAT16,nan,False,DEV_1_DRAM_INTERLEAVED,,,,722944.0,,TilizeDeviceOperation
709,0.08522170162327558,,UntilizeWithUnpaddingDeviceOperation,0,6.536,10.243,5,,,,,BF16 => BF16,BFLOAT16,BFLOAT16,nan,False,DEV_1_DRAM_INTERLEAVED,,,,723968.0,,UntilizeWithUnpaddingDeviceOperation
710,0.10202834151071935,,ConcatDeviceOperation,0,1.521,18.567,110,,,,,"BF16, BF16 => BF16",BFLOAT16,BFLOAT16,BFLOAT16,False,DEV_1_DRAM_INTERLEAVED,,,,724992.0,,ConcatDeviceOperation
711,0.027198415411683698,,TilizeDeviceOperation,0,2.16,3.195,5,,,,,BF16 => BF16,BFLOAT16,BFLOAT16,nan,False,DEV_1_DRAM_INTERLEAVED,,,,726016.0,,TilizeDeviceOperation
712,0.17816866745592014,,ReshapeViewDeviceOperation,0,19.196,15.883,20,,,,,BF16 => BF16,BFLOAT16,BFLOAT16,nan,False,DEV_1_DRAM_INTERLEAVED,,,,727040.0,,ReshapeViewDeviceOperation
713,0.10453232261211245,,ReshapeViewDeviceOperation,0,20.024,0.557,20,,,,,BF16 => BF16,BFLOAT16,BFLOAT16,nan,False,DEV_1_DRAM_INTERLEAVED,,,,728064.0,,ReshapeViewDeviceOperation
714,0.024994099391390374,,ReshapeViewDeviceOperation,0,4.374,0.547,5,,,,,BF16 => BF16,BFLOAT16,BFLOAT16,nan,False,DEV_1_DRAM_INTERLEAVED,,,,729088.0,,ReshapeViewDeviceOperation
715,0.024953466838020917,,ReshapeViewDeviceOperation,0,4.364,0.549,5,,,,,BF16 => BF16,BFLOAT16,BFLOAT16,nan,False,DEV_1_DRAM_INTERLEAVED,,,,730112.0,,ReshapeViewDeviceOperation
716,0.1598637021629775,,TransposeDeviceOperation,0,3.515,27.96,110,,,,,BF16 => BF16,BFLOAT16,BFLOAT16,nan,False,DEV_1_DRAM_INTERLEAVED,,,,731136.0,,TransposeDeviceOperation
717,0.12582885964688176,,TransposeDeviceOperation,0,3.501,21.273,110,,,,,BF16 => BF16,BFLOAT16,BFLOAT16,nan,False,DEV_1_DRAM_INTERLEAVED,,,,732160.0,,TransposeDeviceOperation
718,0.1026936995721443,,TransposeDeviceOperation,0,3.506,16.713,110,,,,,BF16 => BF16,BFLOAT16,BFLOAT16,nan,False,DEV_1_DRAM_INTERLEAVED,,,,733184.0,,TransposeDeviceOperation
719,0.09477543073427036,,TransposeDeviceOperation,0,3.51,15.15,110,,,,,BF16 => BF16,BFLOAT16,BFLOAT16,nan,False,DEV_1_DRAM_INTERLEAVED,,,,734208.0,,TransposeDeviceOperation
720,0.1373431094579531,,TransposeDeviceOperation,0,3.251,23.79,110,,,,,BF16 => BF16,BFLOAT16,BFLOAT16,nan,False,DEV_1_DRAM_INTERLEAVED,,,,735232.0,,TransposeDeviceOperation
721,0.09751812808670905,,TransposeDeviceOperation,0,3.236,15.964,110,,,,,BF16 => BF16,BFLOAT16,BFLOAT16,nan,False,DEV_1_DRAM_INTERLEAVED,,,,736256.0,,TransposeDeviceOperation
722,0.2003438834573041,,LayerNormDeviceOperation,0,4.536,34.909,32,,,,,BF16 => BF16,BFLOAT16,BFLOAT16,nan,False,DEV_1_DRAM_INTERLEAVED,,,,737280.0,,LayerNormDeviceOperation
723,0.28968471017840886,,BinaryNgDeviceOperation,0,3.561,53.474,110,,,,,BF16 => BF16,BFLOAT16,BFLOAT16,nan,False,DEV_1_DRAM_INTERLEAVED,,,,738304.0,,BinaryNgDeviceOperation
724,0.10098713233062688,,LayerNormDeviceOperation,0,4.704,15.179,32,,,,,BF16 => BF16,BFLOAT16,BFLOAT16,nan,False,DEV_1_DRAM_INTERLEAVED,,,,739328.0,,LayerNormDeviceOperation
725,0.164185990027654,,BinaryNgDeviceOperation,0,3.596,28.73,110,,,,,BF16 => BF16,BFLOAT16,BFLOAT16,nan,False,DEV_1_DRAM_INTERLEAVED,,,,740352.0,,BinaryNgDeviceOperation
726,0.17275945878861054,,BinaryNgDeviceOperation,0,3.607,30.407,110,,,,,BF16 => BF16,BFLOAT16,BFLOAT16,nan,False,DEV_1_DRAM_INTERLEAVED,,,,741376.0,,BinaryNgDeviceOperation
727,0.18436005277559195,,FillPadDeviceOperation,0,4.694,31.604,110,,,,,BF16 => BF16,BFLOAT16,BFLOAT16,nan,False,DEV_1_DRAM_INTERLEAVED,,,,742400.0,,FillPadDeviceOperation
728,0.18115516012857563,,PadDeviceOperation,0,7.781,27.886,110,,,,,BF16 => BF16,BFLOAT16,BFLOAT16,nan,False,DEV_1_DRAM_INTERLEAVED,,,,743424.0,,PadDeviceOperation
729,0.06759225253010022,,FillPadDeviceOperation,0,4.658,8.65,110,,,,,BF16 => BF16,BFLOAT16,BFLOAT16,nan,False,DEV_1_DRAM_INTERLEAVED,,,,744448.0,,FillPadDeviceOperation
730,0.08539438997509581,,PadDeviceOperation,0,7.84,8.973,110,,,,,BF16 => BF16,BFLOAT16,BFLOAT16,nan,False,DEV_1_DRAM_INTERLEAVED,,,,745472.0,,PadDeviceOperation
731,0.043832366947307244,,FillPadDeviceOperation,0,4.94,3.69,110,,,,,BF16 => BF16,BFLOAT16,BFLOAT16,nan,False,DEV_1_DRAM_INTERLEAVED,,,,746496.0,,FillPadDeviceOperation
732,0.0639404017960198,,PadDeviceOperation,0,7.763,4.826,110,,,,,BF16 => BF16,BFLOAT16,BFLOAT16,nan,False,DEV_1_DRAM_INTERLEAVED,,,,747520.0,,PadDeviceOperation
733,0.039367865145837594,,FillPadDeviceOperation,0,4.719,3.032,110,,,,,BF16 => BF16,BFLOAT16,BFLOAT16,nan,False,DEV_1_DRAM_INTERLEAVED,,,,748544.0,,FillPadDeviceOperation
734,0.06526095978052732,,PadDeviceOperation,0,7.753,5.096,110,,,,,BF16 => BF16,BFLOAT16,BFLOAT16,nan,False,DEV_1_DRAM_INTERLEAVED,,,,749568.0,,PadDeviceOperation
735,0.09415070522621488,,FillPadDeviceOperation,0,13.221,5.316,32,,,,,BF16 => BF16,BFLOAT16,BFLOAT16,nan,False,DEV_1_DRAM_INTERLEAVED,,,,750592.0,,FillPadDeviceOperation
736,0.062350653145439604,,PadDeviceOperation,0,6.361,5.915,64,,,,,BF16 => BF16,BFLOAT16,BFLOAT16,nan,False,DEV_1_DRAM_INTERLEAVED,,,,751616.0,,PadDeviceOperation
737,0.06703355492127011,,FillPadDeviceOperation,0,10.499,2.699,32,,,,,BF16 => BF16,BFLOAT16,BFLOAT16,nan,False,DEV_1_DRAM_INTERLEAVED,,,,752640.0,,FillPadDeviceOperation
738,0.0387482187069533,,PadDeviceOperation,0,7.105,0.524,64,,,,,BF16 => BF16,BFLOAT16,BFLOAT16,nan,False,DEV_1_DRAM_INTERLEAVED,,,,753664.0,,PadDeviceOperation
739,0.6001275760594418,,PermuteDeviceOperation,0,81.996,36.161,110,,,,,BF16 => BF16,BFLOAT16,BFLOAT16,nan,False,DEV_1_DRAM_INTERLEAVED,,,,754688.0,,PermuteDeviceOperation
740,0.17675160715716015,,AccumulationDeviceOperation,0,34.159,0.641,32,,,,,BF16 => BF16,BFLOAT16,BFLOAT16,nan,False,DEV_1_DRAM_INTERLEAVED,,,,755712.0,,AccumulationDeviceOperation
741,0.07628761895116509,,PermuteDeviceOperation,0,14.536,0.484,110,,,,,BF16 => BF16,BFLOAT16,BFLOAT16,nan,False,DEV_1_DRAM_INTERLEAVED,,,,756736.0,,PermuteDeviceOperation
742,0.26005849970289985,SLOW,MatmulDeviceOperation b={32} x 64 x 32 x 64,0,50.539,0.663,4.0,7.861493104335265,1.5354478719404814,0.16598286471833631,1.500857790060188,HiFi2 BF16 x BF16 => BF16,BFLOAT16,BFLOAT16,BFLOAT16,False,DEV_1_DRAM_INTERLEAVED,1,1,1,757760.0,"If possible place input 0 in L1 (currently in DEV_1_DRAM_INTERLEAVED) • in0_block_w=1 is small, try in0_block_w=2 or above • Output subblock 1x1 is small, try out_subblock_h * out_subblock_w >= 2 if possible • If your matmuls are not FLOP-bound use HiFi4 with BF16 activations for full accuracy",MatmulDeviceOperation
743,0.01492738429410614,,TransposeDeviceOperation,0,2.411,0.528,110,,,,,BF16 => BF16,BFLOAT16,BFLOAT16,nan,False,DEV_1_DRAM_INTERLEAVED,,,,758784.0,,TransposeDeviceOperation
744,0.018213542047861388,,BinaryNgDeviceOperation,0,3.049,0.537,110,,,,,"BF16, BF16 => BF16",BFLOAT16,BFLOAT16,BFLOAT16,False,DEV_1_DRAM_INTERLEAVED,,,,759808.0,,BinaryNgDeviceOperation
745,0.16650712463888453,,UnaryDeviceOperation,0,2.297,30.486,110,,,,,BF16 => BF16,BFLOAT16,BFLOAT16,nan,False,DEV_1_DRAM_INTERLEAVED,,,,760832.0,,UnaryDeviceOperation
746,0.28323937140017796,,BinaryNgDeviceOperation,0,3.719,52.047,110,,,,,"BF16, BF16 => BF16",BFLOAT16,BFLOAT16,BFLOAT16,False,DEV_1_DRAM_INTERLEAVED,,,,761856.0,,BinaryNgDeviceOperation
747,0.23317498657982946,,BinaryNgDeviceOperation,0,6.027,39.882,110,,,,,"BF16, BF16 => BF16",BFLOAT16,BFLOAT16,BFLOAT16,False,DEV_1_DRAM_INTERLEAVED,,,,762880.0,,BinaryNgDeviceOperation
748,0.17456760741355154,,BinaryNgDeviceOperation,0,6.106,28.264,110,,,,,"BF16, BF16 => BF16",BFLOAT16,BFLOAT16,BFLOAT16,False,DEV_1_DRAM_INTERLEAVED,,,,763904.0,,BinaryNgDeviceOperation
749,0.07561718182056898,,TransposeDeviceOperation,0,3.558,11.33,110,,,,,BF16 => BF16,BFLOAT16,BFLOAT16,nan,False,DEV_1_DRAM_INTERLEAVED,,,,764928.0,,TransposeDeviceOperation
750,0.5360652766033135,SLOW,MatmulDeviceOperation b={32} x 64 x 128 x 64,0,89.017,16.527,4.0,14.724378489502005,2.8758551737308604,0.37694408933125134,3.4084209466439828,HiFi2 BF16 x BF16 => BF16,BFLOAT16,BFLOAT16,BFLOAT16,False,DEV_1_DRAM_INTERLEAVED,1,1,1,765952.0,"If possible place input 0 in L1 (currently in DEV_1_DRAM_INTERLEAVED) • in0_block_w=1 is small, try in0_block_w=2 or above • Output subblock 1x1 is small, try out_subblock_h * out_subblock_w >= 2 if possible • If your matmuls are not FLOP-bound use HiFi4 with BF16 activations for full accuracy",MatmulDeviceOperation
751,0.02340435074081017,,BinaryNgDeviceOperation,0,4.079,0.529,110,,,,,BF16 => BF16,BFLOAT16,BFLOAT16,nan,False,DEV_1_DRAM_INTERLEAVED,,,,766976.0,,BinaryNgDeviceOperation
752,0.02058546735080374,,BinaryNgDeviceOperation,0,3.519,0.534,110,,,,,"BF16, BF16 => BF16",BFLOAT16,BFLOAT16,BFLOAT16,False,DEV_1_DRAM_INTERLEAVED,,,,768000.0,,BinaryNgDeviceOperation
753,0.06010570457177682,,BinaryNgDeviceOperation,0,4.067,7.767,110,,,,,"BF16, BF16 => BF16",BFLOAT16,BFLOAT16,BFLOAT16,False,DEV_1_DRAM_INTERLEAVED,,,,769024.0,,BinaryNgDeviceOperation
754,0.1736381377552251,,BinaryNgDeviceOperation,0,3.95,30.237,110,,,,,"BF16, BF16 => BF16",BFLOAT16,BFLOAT16,BFLOAT16,False,DEV_1_DRAM_INTERLEAVED,,,,770048.0,,BinaryNgDeviceOperation
755,0.3308404076725029,SLOW,MatmulDeviceOperation b={32} x 64 x 64 x 64,0,53.848,11.29,4.0,14.604664982914871,2.852473629475561,0.3115661863021839,2.8172579056548748,HiFi2 BF16 x BF16 => BF16,BFLOAT16,BFLOAT16,BFLOAT16,False,DEV_1_DRAM_INTERLEAVED,1,1,1,771072.0,"If possible place input 0 in L1 (currently in DEV_1_DRAM_INTERLEAVED) • in0_block_w=1 is small, try in0_block_w=2 or above • Output subblock 1x1 is small, try out_subblock_h * out_subblock_w >= 2 if possible • If your matmuls are not FLOP-bound use HiFi4 with BF16 activations for full accuracy",MatmulDeviceOperation
756,0.017629449093175372,,BinaryNgDeviceOperation,0,2.944,0.527,110,,,,,"BF16, BF16 => BF16",BFLOAT16,BFLOAT16,BFLOAT16,False,DEV_1_DRAM_INTERLEAVED,,,,772096.0,,BinaryNgDeviceOperation
757,0.07911158141034272,,BinaryNgDeviceOperation,0,3.899,11.677,110,,,,,"BF16, BF16 => BF16",BFLOAT16,BFLOAT16,BFLOAT16,False,DEV_1_DRAM_INTERLEAVED,,,,773120.0,,BinaryNgDeviceOperation
758,0.16095062296561058,,BinaryNgDeviceOperation,0,2.713,28.976,110,,,,,"BF16, BF16 => BF16",BFLOAT16,BFLOAT16,BFLOAT16,False,DEV_1_DRAM_INTERLEAVED,,,,774144.0,,BinaryNgDeviceOperation
759,0.17851912322873179,,BinaryNgDeviceOperation,0,3.944,31.204,110,,,,,"BF16, BF16 => BF16",BFLOAT16,BFLOAT16,BFLOAT16,False,DEV_1_DRAM_INTERLEAVED,,,,775168.0,,BinaryNgDeviceOperation
760,0.3080353870938922,SLOW,MatmulDeviceOperation b={32} x 64 x 64 x 64,0,53.913,6.735,4.0,14.587056925045905,2.8490345556730285,0.3111905477343127,2.813861289553609,HiFi2 BF16 x BF16 => BF16,BFLOAT16,BFLOAT16,BFLOAT16,False,DEV_1_DRAM_INTERLEAVED,1,1,1,776192.0,"If possible place input 0 in L1 (currently in DEV_1_DRAM_INTERLEAVED) • in0_block_w=1 is small, try in0_block_w=2 or above • Output subblock 1x1 is small, try out_subblock_h * out_subblock_w >= 2 if possible • If your matmuls are not FLOP-bound use HiFi4 with BF16 activations for full accuracy",MatmulDeviceOperation
761,0.017913876966761607,,BinaryNgDeviceOperation,0,2.987,0.54,110,,,,,"BF16, BF16 => BF16",BFLOAT16,BFLOAT16,BFLOAT16,False,DEV_1_DRAM_INTERLEAVED,,,,777216.0,,BinaryNgDeviceOperation
762,0.0796804371575152,,BinaryNgDeviceOperation,0,3.743,11.945,110,,,,,"BF16, BF16 => BF16",BFLOAT16,BFLOAT16,BFLOAT16,False,DEV_1_DRAM_INTERLEAVED,,,,778240.0,,BinaryNgDeviceOperation
763,0.14813613144671647,,BinaryNgDeviceOperation,0,2.634,26.532,110,,,,,"BF16, BF16 => BF16",BFLOAT16,BFLOAT16,BFLOAT16,False,DEV_1_DRAM_INTERLEAVED,,,,779264.0,,BinaryNgDeviceOperation
764,0.17082433343438988,,BinaryNgDeviceOperation,0,3.714,29.919,110,,,,,"BF16, BF16 => BF16",BFLOAT16,BFLOAT16,BFLOAT16,False,DEV_1_DRAM_INTERLEAVED,,,,780288.0,,BinaryNgDeviceOperation
765,0.2932248213907233,SLOW,MatmulDeviceOperation b={32} x 64 x 64 x 64,0,53.773,3.959,4.0,14.625034868800327,2.8564521228125637,0.3120007438677403,2.8211872817901864,HiFi2 BF16 x BF16 => BF16,BFLOAT16,BFLOAT16,BFLOAT16,False,DEV_1_DRAM_INTERLEAVED,1,1,1,781312.0,"If possible place input 0 in L1 (currently in DEV_1_DRAM_INTERLEAVED) • in0_block_w=1 is small, try in0_block_w=2 or above • Output subblock 1x1 is small, try out_subblock_h * out_subblock_w >= 2 if possible • If your matmuls are not FLOP-bound use HiFi4 with BF16 activations for full accuracy",MatmulDeviceOperation
766,0.0181221188027801,,BinaryNgDeviceOperation,0,3.041,0.527,110,,,,,"BF16, BF16 => BF16",BFLOAT16,BFLOAT16,BFLOAT16,False,DEV_1_DRAM_INTERLEAVED,,,,782336.0,,BinaryNgDeviceOperation
767,0.09776700247609701,,BinaryNgDeviceOperation,0,3.754,15.495,110,,,,,"BF16, BF16 => BF16",BFLOAT16,BFLOAT16,BFLOAT16,False,DEV_1_DRAM_INTERLEAVED,,,,783360.0,,BinaryNgDeviceOperation
768,0.15829426978908198,,BinaryNgDeviceOperation,0,2.66,28.506,110,,,,,"BF16, BF16 => BF16",BFLOAT16,BFLOAT16,BFLOAT16,False,DEV_1_DRAM_INTERLEAVED,,,,784384.0,,BinaryNgDeviceOperation
769,0.1658316084391172,,BinaryNgDeviceOperation,0,3.745,28.905,110,,,,,"BF16, BF16 => BF16",BFLOAT16,BFLOAT16,BFLOAT16,False,DEV_1_DRAM_INTERLEAVED,,,,785408.0,,BinaryNgDeviceOperation
770,0.2972271278976153,SLOW,MatmulDeviceOperation b={32} x 64 x 64 x 64,0,54.079,4.441,4.0,14.54228073743967,2.8402892065311858,0.310235322398713,2.805223907685122,HiFi2 BF16 x BF16 => BF16,BFLOAT16,BFLOAT16,BFLOAT16,False,DEV_1_DRAM_INTERLEAVED,1,1,1,786432.0,"If possible place input 0 in L1 (currently in DEV_1_DRAM_INTERLEAVED) • in0_block_w=1 is small, try in0_block_w=2 or above • Output subblock 1x1 is small, try out_subblock_h * out_subblock_w >= 2 if possible • If your matmuls are not FLOP-bound use HiFi4 with BF16 activations for full accuracy",MatmulDeviceOperation
771,0.01778690023748204,,BinaryNgDeviceOperation,0,2.967,0.535,110,,,,,"BF16, BF16 => BF16",BFLOAT16,BFLOAT16,BFLOAT16,False,DEV_1_DRAM_INTERLEAVED,,,,787456.0,,BinaryNgDeviceOperation
772,0.044497725008732184,,BinaryNgDeviceOperation,0,3.715,5.046,110,,,,,"BF16, BF16 => BF16",BFLOAT16,BFLOAT16,BFLOAT16,False,DEV_1_DRAM_INTERLEAVED,,,,788480.0,,BinaryNgDeviceOperation
773,0.1546932097467134,,BinaryNgDeviceOperation,0,2.78,27.677,110,,,,,"BF16, BF16 => BF16",BFLOAT16,BFLOAT16,BFLOAT16,False,DEV_1_DRAM_INTERLEAVED,,,,789504.0,,BinaryNgDeviceOperation
774,0.17370924472362168,,BinaryNgDeviceOperation,0,3.744,30.457,110,,,,,"BF16, BF16 => BF16",BFLOAT16,BFLOAT16,BFLOAT16,False,DEV_1_DRAM_INTERLEAVED,,,,790528.0,,BinaryNgDeviceOperation
775,0.2933162446358046,SLOW,MatmulDeviceOperation b={32} x 64 x 64 x 64,0,53.813,3.937,4.0,14.614163863750395,2.854328879638749,0.31176882909334175,2.819090251495061,HiFi2 BF16 x BF16 => BF16,BFLOAT16,BFLOAT16,BFLOAT16,False,DEV_1_DRAM_INTERLEAVED,1,1,1,791552.0,"If possible place input 0 in L1 (currently in DEV_1_DRAM_INTERLEAVED) • in0_block_w=1 is small, try in0_block_w=2 or above • Output subblock 1x1 is small, try out_subblock_h * out_subblock_w >= 2 if possible • If your matmuls are not FLOP-bound use HiFi4 with BF16 activations for full accuracy",MatmulDeviceOperation
776,0.018045932765212356,,BinaryNgDeviceOperation,0,3.021,0.532,110,,,,,"BF16, BF16 => BF16",BFLOAT16,BFLOAT16,BFLOAT16,False,DEV_1_DRAM_INTERLEAVED,,,,792576.0,,BinaryNgDeviceOperation
777,0.06260460660399873,,BinaryNgDeviceOperation,0,3.659,8.667,110,,,,,"BF16, BF16 => BF16",BFLOAT16,BFLOAT16,BFLOAT16,False,DEV_1_DRAM_INTERLEAVED,,,,793600.0,,BinaryNgDeviceOperation
778,0.17970254634561733,,BinaryNgDeviceOperation,0,2.908,32.473,110,,,,,"BF16, BF16 => BF16",BFLOAT16,BFLOAT16,BFLOAT16,False,DEV_1_DRAM_INTERLEAVED,,,,794624.0,,BinaryNgDeviceOperation
779,0.18264840646490332,,BinaryNgDeviceOperation,0,3.788,32.173,110,,,,,"BF16, BF16 => BF16",BFLOAT16,BFLOAT16,BFLOAT16,False,DEV_1_DRAM_INTERLEAVED,,,,795648.0,,BinaryNgDeviceOperation
780,0.2948247281796459,SLOW,MatmulDeviceOperation b={32} x 64 x 64 x 64,0,53.77,4.277,4.0,14.625850846196764,2.8566114933978053,0.31201815138553096,2.8213446848373387,HiFi2 BF16 x BF16 => BF16,BFLOAT16,BFLOAT16,BFLOAT16,False,DEV_1_DRAM_INTERLEAVED,1,1,1,796672.0,"If possible place input 0 in L1 (currently in DEV_1_DRAM_INTERLEAVED) • in0_block_w=1 is small, try in0_block_w=2 or above • Output subblock 1x1 is small, try out_subblock_h * out_subblock_w >= 2 if possible • If your matmuls are not FLOP-bound use HiFi4 with BF16 activations for full accuracy",MatmulDeviceOperation
781,0.01777166302996849,,BinaryNgDeviceOperation,0,2.97,0.529,110,,,,,"BF16, BF16 => BF16",BFLOAT16,BFLOAT16,BFLOAT16,False,DEV_1_DRAM_INTERLEAVED,,,,797696.0,,BinaryNgDeviceOperation
782,0.06118246723606756,,BinaryNgDeviceOperation,0,3.687,8.359,110,,,,,"BF16, BF16 => BF16",BFLOAT16,BFLOAT16,BFLOAT16,False,DEV_1_DRAM_INTERLEAVED,,,,798720.0,,BinaryNgDeviceOperation
783,0.15362660522076504,,BinaryNgDeviceOperation,0,2.836,27.411,110,,,,,"BF16, BF16 => BF16",BFLOAT16,BFLOAT16,BFLOAT16,False,DEV_1_DRAM_INTERLEAVED,,,,799744.0,,BinaryNgDeviceOperation
784,0.17026563582555979,,BinaryNgDeviceOperation,0,4.307,29.216,110,,,,,"BF16, BF16 => BF16",BFLOAT16,BFLOAT16,BFLOAT16,False,DEV_1_DRAM_INTERLEAVED,,,,800768.0,,BinaryNgDeviceOperation
785,0.2886079475141181,SLOW,MatmulDeviceOperation b={32} x 64 x 64 x 64,0,53.771,3.052,4.0,14.625578843614585,2.8565583678934736,0.3120123486637778,2.821292215203431,HiFi2 BF16 x BF16 => BF16,BFLOAT16,BFLOAT16,BFLOAT16,False,DEV_1_DRAM_INTERLEAVED,1,1,1,801792.0,"If possible place input 0 in L1 (currently in DEV_1_DRAM_INTERLEAVED) • in0_block_w=1 is small, try in0_block_w=2 or above • Output subblock 1x1 is small, try out_subblock_h * out_subblock_w >= 2 if possible • If your matmuls are not FLOP-bound use HiFi4 with BF16 activations for full accuracy",MatmulDeviceOperation
786,0.01835067691548332,,BinaryNgDeviceOperation,0,3.069,0.544,110,,,,,"BF16, BF16 => BF16",BFLOAT16,BFLOAT16,BFLOAT16,False,DEV_1_DRAM_INTERLEAVED,,,,802816.0,,BinaryNgDeviceOperation
787,0.06259952753482755,,BinaryNgDeviceOperation,0,4.187,8.138,110,,,,,"BF16, BF16 => BF16",BFLOAT16,BFLOAT16,BFLOAT16,False,DEV_1_DRAM_INTERLEAVED,,,,803840.0,,BinaryNgDeviceOperation
788,0.1473336385176696,,BinaryNgDeviceOperation,0,2.807,26.201,110,,,,,"BF16, BF16 => BF16",BFLOAT16,BFLOAT16,BFLOAT16,False,DEV_1_DRAM_INTERLEAVED,,,,804864.0,,BinaryNgDeviceOperation
789,0.1780620070033253,,BinaryNgDeviceOperation,0,3.714,31.344,110,,,,,"BF16, BF16 => BF16",BFLOAT16,BFLOAT16,BFLOAT16,False,DEV_1_DRAM_INTERLEAVED,,,,805888.0,,BinaryNgDeviceOperation
790,0.2930673702464166,SLOW,MatmulDeviceOperation b={32} x 64 x 64 x 64,0,53.88,3.821,4.0,14.59599109131403,2.8507795100222713,0.31138114328136596,2.8155847012565642,HiFi2 BF16 x BF16 => BF16,BFLOAT16,BFLOAT16,BFLOAT16,False,DEV_1_DRAM_INTERLEAVED,1,1,1,806912.0,"If possible place input 0 in L1 (currently in DEV_1_DRAM_INTERLEAVED) • in0_block_w=1 is small, try in0_block_w=2 or above • Output subblock 1x1 is small, try out_subblock_h * out_subblock_w >= 2 if possible • If your matmuls are not FLOP-bound use HiFi4 with BF16 activations for full accuracy",MatmulDeviceOperation
791,0.01777166302996849,,BinaryNgDeviceOperation,0,2.968,0.531,110,,,,,"BF16, BF16 => BF16",BFLOAT16,BFLOAT16,BFLOAT16,False,DEV_1_DRAM_INTERLEAVED,,,,807936.0,,BinaryNgDeviceOperation
792,0.07242752638106621,,BinaryNgDeviceOperation,0,3.771,10.489,110,,,,,"BF16, BF16 => BF16",BFLOAT16,BFLOAT16,BFLOAT16,False,DEV_1_DRAM_INTERLEAVED,,,,808960.0,,BinaryNgDeviceOperation
793,0.15337265176220588,,BinaryNgDeviceOperation,0,2.711,27.486,110,,,,,"BF16, BF16 => BF16",BFLOAT16,BFLOAT16,BFLOAT16,False,DEV_1_DRAM_INTERLEAVED,,,,809984.0,,BinaryNgDeviceOperation
794,0.17006247305871244,,BinaryNgDeviceOperation,0,3.707,29.776,110,,,,,"BF16, BF16 => BF16",BFLOAT16,BFLOAT16,BFLOAT16,False,DEV_1_DRAM_INTERLEAVED,,,,811008.0,,BinaryNgDeviceOperation
795,0.29150809601086347,SLOW,MatmulDeviceOperation b={32} x 64 x 64 x 64,0,53.695,3.699,4.0,14.646279914330943,2.8606015457677625,0.3124539715057268,2.825285477301494,HiFi2 BF16 x BF16 => BF16,BFLOAT16,BFLOAT16,BFLOAT16,False,DEV_1_DRAM_INTERLEAVED,1,1,1,812032.0,"If possible place input 0 in L1 (currently in DEV_1_DRAM_INTERLEAVED) • in0_block_w=1 is small, try in0_block_w=2 or above • Output subblock 1x1 is small, try out_subblock_h * out_subblock_w >= 2 if possible • If your matmuls are not FLOP-bound use HiFi4 with BF16 activations for full accuracy",MatmulDeviceOperation
796,0.017543104917265264,,BinaryNgDeviceOperation,0,2.919,0.535,110,,,,,"BF16, BF16 => BF16",BFLOAT16,BFLOAT16,BFLOAT16,False,DEV_1_DRAM_INTERLEAVED,,,,813056.0,,BinaryNgDeviceOperation
797,0.058424532676115325,,BinaryNgDeviceOperation,0,3.696,7.807,110,,,,,"BF16, BF16 => BF16",BFLOAT16,BFLOAT16,BFLOAT16,False,DEV_1_DRAM_INTERLEAVED,,,,814080.0,,BinaryNgDeviceOperation
798,0.15130039154036332,,BinaryNgDeviceOperation,0,2.682,27.107,110,,,,,"BF16, BF16 => BF16",BFLOAT16,BFLOAT16,BFLOAT16,False,DEV_1_DRAM_INTERLEAVED,,,,815104.0,,BinaryNgDeviceOperation
799,0.1703113474481004,,BinaryNgDeviceOperation,0,3.827,29.705,110,,,,,"BF16, BF16 => BF16",BFLOAT16,BFLOAT16,BFLOAT16,False,DEV_1_DRAM_INTERLEAVED,,,,816128.0,,BinaryNgDeviceOperation
800,0.2917011006393685,SLOW,MatmulDeviceOperation b={32} x 64 x 64 x 64,0,53.839,3.593,4.0,14.6071063727038,2.852950463418711,0.31161826928434777,2.8177288527592212,HiFi2 BF16 x BF16 => BF16,BFLOAT16,BFLOAT16,BFLOAT16,False,DEV_1_DRAM_INTERLEAVED,1,1,1,817152.0,"If possible place input 0 in L1 (currently in DEV_1_DRAM_INTERLEAVED) • in0_block_w=1 is small, try in0_block_w=2 or above • Output subblock 1x1 is small, try out_subblock_h * out_subblock_w >= 2 if possible • If your matmuls are not FLOP-bound use HiFi4 with BF16 activations for full accuracy",MatmulDeviceOperation
801,0.01788340255173451,,BinaryNgDeviceOperation,0,2.997,0.524,110,,,,,"BF16, BF16 => BF16",BFLOAT16,BFLOAT16,BFLOAT16,False,DEV_1_DRAM_INTERLEAVED,,,,818176.0,,BinaryNgDeviceOperation
802,0.053909240182933846,,BinaryNgDeviceOperation,0,3.858,6.756,110,,,,,"BF16, BF16 => BF16",BFLOAT16,BFLOAT16,BFLOAT16,False,DEV_1_DRAM_INTERLEAVED,,,,819200.0,,BinaryNgDeviceOperation
803,0.15230096816708633,,BinaryNgDeviceOperation,0,2.867,27.119,110,,,,,"BF16, BF16 => BF16",BFLOAT16,BFLOAT16,BFLOAT16,False,DEV_1_DRAM_INTERLEAVED,,,,820224.0,,BinaryNgDeviceOperation
804,0.18232334603794767,,BinaryNgDeviceOperation,0,3.816,32.081,110,,,,,"BF16, BF16 => BF16",BFLOAT16,BFLOAT16,BFLOAT16,False,DEV_1_DRAM_INTERLEAVED,,,,821248.0,,BinaryNgDeviceOperation
805,0.2962265512708923,SLOW,MatmulDeviceOperation b={32} x 64 x 64 x 64,0,53.902,4.421,4.0,14.590033764980891,2.8496159697228305,0.31125405365292563,2.814435525652178,HiFi2 BF16 x BF16 => BF16,BFLOAT16,BFLOAT16,BFLOAT16,False,DEV_1_DRAM_INTERLEAVED,1,1,1,822272.0,"If possible place input 0 in L1 (currently in DEV_1_DRAM_INTERLEAVED) • in0_block_w=1 is small, try in0_block_w=2 or above • Output subblock 1x1 is small, try out_subblock_h * out_subblock_w >= 2 if possible • If your matmuls are not FLOP-bound use HiFi4 with BF16 activations for full accuracy",MatmulDeviceOperation
806,0.017619290954833007,,BinaryNgDeviceOperation,0,2.945,0.524,110,,,,,"BF16, BF16 => BF16",BFLOAT16,BFLOAT16,BFLOAT16,False,DEV_1_DRAM_INTERLEAVED,,,,823296.0,,BinaryNgDeviceOperation
807,0.07025876384497116,,BinaryNgDeviceOperation,0,3.74,10.093,110,,,,,"BF16, BF16 => BF16",BFLOAT16,BFLOAT16,BFLOAT16,False,DEV_1_DRAM_INTERLEAVED,,,,824320.0,,BinaryNgDeviceOperation
808,0.16033605559589745,,BinaryNgDeviceOperation,0,2.816,28.752,110,,,,,"BF16, BF16 => BF16",BFLOAT16,BFLOAT16,BFLOAT16,False,DEV_1_DRAM_INTERLEAVED,,,,825344.0,,BinaryNgDeviceOperation
809,0.16862001741409655,,BinaryNgDeviceOperation,0,3.762,29.437,110,,,,,"BF16, BF16 => BF16",BFLOAT16,BFLOAT16,BFLOAT16,False,DEV_1_DRAM_INTERLEAVED,,,,826368.0,,BinaryNgDeviceOperation
810,0.2953224769584218,SLOW,MatmulDeviceOperation b={32} x 64 x 64 x 64,0,53.89,4.255,4.0,14.593282612729633,2.8502505102987565,0.3113233624048989,2.8150622323938337,HiFi2 BF16 x BF16 => BF16,BFLOAT16,BFLOAT16,BFLOAT16,False,DEV_1_DRAM_INTERLEAVED,1,1,1,827392.0,"If possible place input 0 in L1 (currently in DEV_1_DRAM_INTERLEAVED) • in0_block_w=1 is small, try in0_block_w=2 or above • Output subblock 1x1 is small, try out_subblock_h * out_subblock_w >= 2 if possible • If your matmuls are not FLOP-bound use HiFi4 with BF16 activations for full accuracy",MatmulDeviceOperation
811,0.017649765369860102,,BinaryNgDeviceOperation,0,2.939,0.536,110,,,,,"BF16, BF16 => BF16",BFLOAT16,BFLOAT16,BFLOAT16,False,DEV_1_DRAM_INTERLEAVED,,,,828416.0,,BinaryNgDeviceOperation
812,0.05137986373568483,,BinaryNgDeviceOperation,0,3.721,6.395,110,,,,,"BF16, BF16 => BF16",BFLOAT16,BFLOAT16,BFLOAT16,False,DEV_1_DRAM_INTERLEAVED,,,,829440.0,,BinaryNgDeviceOperation
813,0.1506959823089926,,BinaryNgDeviceOperation,0,2.821,26.849,110,,,,,"BF16, BF16 => BF16",BFLOAT16,BFLOAT16,BFLOAT16,False,DEV_1_DRAM_INTERLEAVED,,,,830464.0,,BinaryNgDeviceOperation
814,0.17874768134143496,,BinaryNgDeviceOperation,0,3.878,31.315,110,,,,,"BF16, BF16 => BF16",BFLOAT16,BFLOAT16,BFLOAT16,False,DEV_1_DRAM_INTERLEAVED,,,,831488.0,,BinaryNgDeviceOperation
815,0.30239254124470816,SLOW,MatmulDeviceOperation b={32} x 64 x 64 x 64,0,53.738,5.799,4.0,14.634560273921618,2.858312553500316,0.3122039525103279,2.823024744197843,HiFi2 BF16 x BF16 => BF16,BFLOAT16,BFLOAT16,BFLOAT16,False,DEV_1_DRAM_INTERLEAVED,1,1,1,832512.0,"If possible place input 0 in L1 (currently in DEV_1_DRAM_INTERLEAVED) • in0_block_w=1 is small, try in0_block_w=2 or above • Output subblock 1x1 is small, try out_subblock_h * out_subblock_w >= 2 if possible • If your matmuls are not FLOP-bound use HiFi4 with BF16 activations for full accuracy",MatmulDeviceOperation
816,0.017639607231517737,,BinaryNgDeviceOperation,0,2.948,0.525,110,,,,,"BF16, BF16 => BF16",BFLOAT16,BFLOAT16,BFLOAT16,False,DEV_1_DRAM_INTERLEAVED,,,,833536.0,,BinaryNgDeviceOperation
817,0.0619087741275467,,BinaryNgDeviceOperation,0,3.701,8.488,110,,,,,"BF16, BF16 => BF16",BFLOAT16,BFLOAT16,BFLOAT16,False,DEV_1_DRAM_INTERLEAVED,,,,834560.0,,BinaryNgDeviceOperation
818,0.1558715537944278,,BinaryNgDeviceOperation,0,2.77,27.919,110,,,,,"BF16, BF16 => BF16",BFLOAT16,BFLOAT16,BFLOAT16,False,DEV_1_DRAM_INTERLEAVED,,,,835584.0,,BinaryNgDeviceOperation
819,0.16722327339202128,,BinaryNgDeviceOperation,0,3.73,29.194,110,,,,,"BF16, BF16 => BF16",BFLOAT16,BFLOAT16,BFLOAT16,False,DEV_1_DRAM_INTERLEAVED,,,,836608.0,,BinaryNgDeviceOperation
820,0.29357527716353493,SLOW,MatmulDeviceOperation b={32} x 64 x 64 x 64,0,53.893,3.908,4.0,14.592470265155029,2.8500918486630917,0.31130603232330734,2.8149055295437946,HiFi2 BF16 x BF16 => BF16,BFLOAT16,BFLOAT16,BFLOAT16,False,DEV_1_DRAM_INTERLEAVED,1,1,1,837632.0,"If possible place input 0 in L1 (currently in DEV_1_DRAM_INTERLEAVED) • in0_block_w=1 is small, try in0_block_w=2 or above • Output subblock 1x1 is small, try out_subblock_h * out_subblock_w >= 2 if possible • If your matmuls are not FLOP-bound use HiFi4 with BF16 activations for full accuracy",MatmulDeviceOperation
821,0.01808656531858182,,BinaryNgDeviceOperation,0,3.035,0.526,110,,,,,"BF16, BF16 => BF16",BFLOAT16,BFLOAT16,BFLOAT16,False,DEV_1_DRAM_INTERLEAVED,,,,838656.0,,BinaryNgDeviceOperation
822,0.057185239798346735,,BinaryNgDeviceOperation,0,3.754,7.505,110,,,,,"BF16, BF16 => BF16",BFLOAT16,BFLOAT16,BFLOAT16,False,DEV_1_DRAM_INTERLEAVED,,,,839680.0,,BinaryNgDeviceOperation
823,0.15052329395717237,,BinaryNgDeviceOperation,0,2.7,26.936,110,,,,,"BF16, BF16 => BF16",BFLOAT16,BFLOAT16,BFLOAT16,False,DEV_1_DRAM_INTERLEAVED,,,,840704.0,,BinaryNgDeviceOperation
824,0.17484187714879543,,BinaryNgDeviceOperation,0,3.78,30.644,110,,,,,"BF16, BF16 => BF16",BFLOAT16,BFLOAT16,BFLOAT16,False,DEV_1_DRAM_INTERLEAVED,,,,841728.0,,BinaryNgDeviceOperation
825,0.2938038352762381,SLOW,MatmulDeviceOperation b={32} x 64 x 64 x 64,0,53.98,3.866,4.0,14.568951463505002,2.8454983327158208,0.3108042978881067,2.810368723669946,HiFi2 BF16 x BF16 => BF16,BFLOAT16,BFLOAT16,BFLOAT16,False,DEV_1_DRAM_INTERLEAVED,1,1,1,842752.0,"If possible place input 0 in L1 (currently in DEV_1_DRAM_INTERLEAVED) • in0_block_w=1 is small, try in0_block_w=2 or above • Output subblock 1x1 is small, try out_subblock_h * out_subblock_w >= 2 if possible • If your matmuls are not FLOP-bound use HiFi4 with BF16 activations for full accuracy",MatmulDeviceOperation
826,0.018045932765212356,,BinaryNgDeviceOperation,0,3.023,0.53,110,,,,,"BF16, BF16 => BF16",BFLOAT16,BFLOAT16,BFLOAT16,False,DEV_1_DRAM_INTERLEAVED,,,,843776.0,,BinaryNgDeviceOperation
827,0.045356087698662076,,BinaryNgDeviceOperation,0,3.858,5.072,110,,,,,"BF16, BF16 => BF16",BFLOAT16,BFLOAT16,BFLOAT16,False,DEV_1_DRAM_INTERLEAVED,,,,844800.0,,BinaryNgDeviceOperation
828,0.1542005400371087,,BinaryNgDeviceOperation,0,2.687,27.673,110,,,,,"BF16, BF16 => BF16",BFLOAT16,BFLOAT16,BFLOAT16,False,DEV_1_DRAM_INTERLEAVED,,,,845824.0,,BinaryNgDeviceOperation
829,0.16857938486072713,,BinaryNgDeviceOperation,0,4.296,28.895,110,,,,,"BF16, BF16 => BF16",BFLOAT16,BFLOAT16,BFLOAT16,False,DEV_1_DRAM_INTERLEAVED,,,,846848.0,,BinaryNgDeviceOperation
830,0.2888161893501367,SLOW,MatmulDeviceOperation b={32} x 64 x 64 x 64,0,53.77,3.094,4.0,14.625850846196764,2.8566114933978053,0.31201815138553096,2.8213446848373387,HiFi2 BF16 x BF16 => BF16,BFLOAT16,BFLOAT16,BFLOAT16,False,DEV_1_DRAM_INTERLEAVED,1,1,1,847872.0,"If possible place input 0 in L1 (currently in DEV_1_DRAM_INTERLEAVED) • in0_block_w=1 is small, try in0_block_w=2 or above • Output subblock 1x1 is small, try out_subblock_h * out_subblock_w >= 2 if possible • If your matmuls are not FLOP-bound use HiFi4 with BF16 activations for full accuracy",MatmulDeviceOperation
831,0.017802137444995585,,BinaryNgDeviceOperation,0,2.989,0.516,110,,,,,"BF16, BF16 => BF16",BFLOAT16,BFLOAT16,BFLOAT16,False,DEV_1_DRAM_INTERLEAVED,,,,848896.0,,BinaryNgDeviceOperation
832,0.05191316599865903,,BinaryNgDeviceOperation,0,3.823,6.398,110,,,,,"BF16, BF16 => BF16",BFLOAT16,BFLOAT16,BFLOAT16,False,DEV_1_DRAM_INTERLEAVED,,,,849920.0,,BinaryNgDeviceOperation
833,0.1489792569291328,,BinaryNgDeviceOperation,0,2.619,26.713,110,,,,,"BF16, BF16 => BF16",BFLOAT16,BFLOAT16,BFLOAT16,False,DEV_1_DRAM_INTERLEAVED,,,,850944.0,,BinaryNgDeviceOperation
834,0.1620070693532166,,BinaryNgDeviceOperation,0,3.693,28.204,110,,,,,"BF16, BF16 => BF16",BFLOAT16,BFLOAT16,BFLOAT16,False,DEV_1_DRAM_INTERLEAVED,,,,851968.0,,BinaryNgDeviceOperation
835,0.2921632959339461,SLOW,MatmulDeviceOperation b={32} x 64 x 64 x 64,0,53.919,3.604,4.0,14.585433706114728,2.8487175207255326,0.3111559190637808,2.81354816861781,HiFi2 BF16 x BF16 => BF16,BFLOAT16,BFLOAT16,BFLOAT16,False,DEV_1_DRAM_INTERLEAVED,1,1,1,852992.0,"If possible place input 0 in L1 (currently in DEV_1_DRAM_INTERLEAVED) • in0_block_w=1 is small, try in0_block_w=2 or above • Output subblock 1x1 is small, try out_subblock_h * out_subblock_w >= 2 if possible • If your matmuls are not FLOP-bound use HiFi4 with BF16 activations for full accuracy",MatmulDeviceOperation
836,0.017614211885661823,,BinaryNgDeviceOperation,0,2.949,0.519,110,,,,,"BF16, BF16 => BF16",BFLOAT16,BFLOAT16,BFLOAT16,False,DEV_1_DRAM_INTERLEAVED,,,,854016.0,,BinaryNgDeviceOperation
837,0.05536693303506331,,BinaryNgDeviceOperation,0,3.662,7.239,110,,,,,"BF16, BF16 => BF16",BFLOAT16,BFLOAT16,BFLOAT16,False,DEV_1_DRAM_INTERLEAVED,,,,855040.0,,BinaryNgDeviceOperation
838,0.14780091288141842,,BinaryNgDeviceOperation,0,2.684,26.416,110,,,,,"BF16, BF16 => BF16",BFLOAT16,BFLOAT16,BFLOAT16,False,DEV_1_DRAM_INTERLEAVED,,,,856064.0,,BinaryNgDeviceOperation
839,0.17100210085538128,,BinaryNgDeviceOperation,0,3.818,29.85,110,,,,,"BF16, BF16 => BF16",BFLOAT16,BFLOAT16,BFLOAT16,False,DEV_1_DRAM_INTERLEAVED,,,,857088.0,,BinaryNgDeviceOperation
840,0.29584562108305357,SLOW,MatmulDeviceOperation b={32} x 64 x 64 x 64,0,53.82,4.428,4.0,14.61226309921962,2.853957636566332,0.3117282794500186,2.818723591670451,HiFi2 BF16 x BF16 => BF16,BFLOAT16,BFLOAT16,BFLOAT16,False,DEV_1_DRAM_INTERLEAVED,1,1,1,858112.0,"If possible place input 0 in L1 (currently in DEV_1_DRAM_INTERLEAVED) • in0_block_w=1 is small, try in0_block_w=2 or above • Output subblock 1x1 is small, try out_subblock_h * out_subblock_w >= 2 if possible • If your matmuls are not FLOP-bound use HiFi4 with BF16 activations for full accuracy",MatmulDeviceOperation
841,0.018995718700223534,,BinaryNgDeviceOperation,0,3.204,0.536,110,,,,,"BF16, BF16 => BF16",BFLOAT16,BFLOAT16,BFLOAT16,False,DEV_1_DRAM_INTERLEAVED,,,,859136.0,,BinaryNgDeviceOperation
842,0.0485609803456784,,BinaryNgDeviceOperation,0,3.993,5.568,110,,,,,"BF16, BF16 => BF16",BFLOAT16,BFLOAT16,BFLOAT16,False,DEV_1_DRAM_INTERLEAVED,,,,860160.0,,BinaryNgDeviceOperation
843,0.16518148758520582,,BinaryNgDeviceOperation,0,2.706,29.816,110,,,,,"BF16, BF16 => BF16",BFLOAT16,BFLOAT16,BFLOAT16,False,DEV_1_DRAM_INTERLEAVED,,,,861184.0,,BinaryNgDeviceOperation
844,0.183334080803013,,BinaryNgDeviceOperation,0,3.787,32.309,110,,,,,"BF16, BF16 => BF16",BFLOAT16,BFLOAT16,BFLOAT16,False,DEV_1_DRAM_INTERLEAVED,,,,862208.0,,BinaryNgDeviceOperation
845,0.29452506309854604,SLOW,MatmulDeviceOperation b={32} x 64 x 64 x 64,0,53.701,4.287,4.0,14.644643488948063,2.8602819314351686,0.3124190610975587,2.8249698088248576,HiFi2 BF16 x BF16 => BF16,BFLOAT16,BFLOAT16,BFLOAT16,False,DEV_1_DRAM_INTERLEAVED,1,1,1,863232.0,"If possible place input 0 in L1 (currently in DEV_1_DRAM_INTERLEAVED) • in0_block_w=1 is small, try in0_block_w=2 or above • Output subblock 1x1 is small, try out_subblock_h * out_subblock_w >= 2 if possible • If your matmuls are not FLOP-bound use HiFi4 with BF16 activations for full accuracy",MatmulDeviceOperation
846,0.017710714199914296,,BinaryNgDeviceOperation,0,2.965,0.522,110,,,,,"BF16, BF16 => BF16",BFLOAT16,BFLOAT16,BFLOAT16,False,DEV_1_DRAM_INTERLEAVED,,,,864256.0,,BinaryNgDeviceOperation
847,0.056738281711282645,,BinaryNgDeviceOperation,0,3.798,7.373,110,,,,,"BF16, BF16 => BF16",BFLOAT16,BFLOAT16,BFLOAT16,False,DEV_1_DRAM_INTERLEAVED,,,,865280.0,,BinaryNgDeviceOperation
848,0.1469882618140292,,BinaryNgDeviceOperation,0,2.853,26.087,110,,,,,"BF16, BF16 => BF16",BFLOAT16,BFLOAT16,BFLOAT16,False,DEV_1_DRAM_INTERLEAVED,,,,866304.0,,BinaryNgDeviceOperation
849,0.16824416629542902,,BinaryNgDeviceOperation,0,3.738,29.387,110,,,,,"BF16, BF16 => BF16",BFLOAT16,BFLOAT16,BFLOAT16,False,DEV_1_DRAM_INTERLEAVED,,,,867328.0,,BinaryNgDeviceOperation
850,0.29238677497747817,SLOW,MatmulDeviceOperation b={32} x 64 x 64 x 64,0,53.936,3.631,4.0,14.580836547018686,2.8478196380895873,0.31105784633639866,2.812661370952679,HiFi2 BF16 x BF16 => BF16,BFLOAT16,BFLOAT16,BFLOAT16,False,DEV_1_DRAM_INTERLEAVED,1,1,1,868352.0,"If possible place input 0 in L1 (currently in DEV_1_DRAM_INTERLEAVED) • in0_block_w=1 is small, try in0_block_w=2 or above • Output subblock 1x1 is small, try out_subblock_h * out_subblock_w >= 2 if possible • If your matmuls are not FLOP-bound use HiFi4 with BF16 activations for full accuracy",MatmulDeviceOperation
851,0.01795958858930225,,BinaryNgDeviceOperation,0,2.999,0.537,110,,,,,"BF16, BF16 => BF16",BFLOAT16,BFLOAT16,BFLOAT16,False,DEV_1_DRAM_INTERLEAVED,,,,869376.0,,BinaryNgDeviceOperation
852,0.07990899527021841,,BinaryNgDeviceOperation,0,3.653,12.08,110,,,,,"BF16, BF16 => BF16",BFLOAT16,BFLOAT16,BFLOAT16,False,DEV_1_DRAM_INTERLEAVED,,,,870400.0,,BinaryNgDeviceOperation
853,0.15771017683439598,,BinaryNgDeviceOperation,0,2.879,28.172,110,,,,,"BF16, BF16 => BF16",BFLOAT16,BFLOAT16,BFLOAT16,False,DEV_1_DRAM_INTERLEAVED,,,,871424.0,,BinaryNgDeviceOperation
854,0.165354175937026,,BinaryNgDeviceOperation,0,3.911,28.645,110,,,,,"BF16, BF16 => BF16",BFLOAT16,BFLOAT16,BFLOAT16,False,DEV_1_DRAM_INTERLEAVED,,,,872448.0,,BinaryNgDeviceOperation
855,0.2945758537902579,SLOW,MatmulDeviceOperation b={32} x 64 x 64 x 64,0,53.941,4.057,4.0,14.579484992862572,2.847555662668471,0.3110290131810682,2.8124006544873783,HiFi2 BF16 x BF16 => BF16,BFLOAT16,BFLOAT16,BFLOAT16,False,DEV_1_DRAM_INTERLEAVED,1,1,1,873472.0,"If possible place input 0 in L1 (currently in DEV_1_DRAM_INTERLEAVED) • in0_block_w=1 is small, try in0_block_w=2 or above • Output subblock 1x1 is small, try out_subblock_h * out_subblock_w >= 2 if possible • If your matmuls are not FLOP-bound use HiFi4 with BF16 activations for full accuracy",MatmulDeviceOperation
856,0.017487235156382255,,BinaryNgDeviceOperation,0,2.91,0.533,110,,,,,"BF16, BF16 => BF16",BFLOAT16,BFLOAT16,BFLOAT16,False,DEV_1_DRAM_INTERLEAVED,,,,874496.0,,BinaryNgDeviceOperation
857,0.05658083056697598,,BinaryNgDeviceOperation,0,3.915,7.225,110,,,,,"BF16, BF16 => BF16",BFLOAT16,BFLOAT16,BFLOAT16,False,DEV_1_DRAM_INTERLEAVED,,,,875520.0,,BinaryNgDeviceOperation
858,0.14466204813362746,,BinaryNgDeviceOperation,0,2.779,25.703,110,,,,,"BF16, BF16 => BF16",BFLOAT16,BFLOAT16,BFLOAT16,False,DEV_1_DRAM_INTERLEAVED,,,,876544.0,,BinaryNgDeviceOperation
859,0.17365337496273867,,BinaryNgDeviceOperation,0,3.719,30.471,110,,,,,"BF16, BF16 => BF16",BFLOAT16,BFLOAT16,BFLOAT16,False,DEV_1_DRAM_INTERLEAVED,,,,877568.0,,BinaryNgDeviceOperation
860,0.2906751286667895,SLOW,MatmulDeviceOperation b={32} x 64 x 64 x 64,0,53.72,3.51,4.0,14.63946388682055,2.8592702903946385,0.31230856291883846,2.82397065717989,HiFi2 BF16 x BF16 => BF16,BFLOAT16,BFLOAT16,BFLOAT16,False,DEV_1_DRAM_INTERLEAVED,1,1,1,878592.0,"If possible place input 0 in L1 (currently in DEV_1_DRAM_INTERLEAVED) • in0_block_w=1 is small, try in0_block_w=2 or above • Output subblock 1x1 is small, try out_subblock_h * out_subblock_w >= 2 if possible • If your matmuls are not FLOP-bound use HiFi4 with BF16 activations for full accuracy",MatmulDeviceOperation
861,0.017527867709751718,,BinaryNgDeviceOperation,0,2.912,0.539,110,,,,,"BF16, BF16 => BF16",BFLOAT16,BFLOAT16,BFLOAT16,False,DEV_1_DRAM_INTERLEAVED,,,,879616.0,,BinaryNgDeviceOperation
862,0.053314989089905465,,BinaryNgDeviceOperation,0,3.72,6.777,110,,,,,"BF16, BF16 => BF16",BFLOAT16,BFLOAT16,BFLOAT16,False,DEV_1_DRAM_INTERLEAVED,,,,880640.0,,BinaryNgDeviceOperation
863,0.1484815081503569,,BinaryNgDeviceOperation,0,2.724,26.51,110,,,,,"BF16, BF16 => BF16",BFLOAT16,BFLOAT16,BFLOAT16,False,DEV_1_DRAM_INTERLEAVED,,,,881664.0,,BinaryNgDeviceOperation
864,0.16449073417792492,,BinaryNgDeviceOperation,0,3.852,28.534,110,,,,,"BF16, BF16 => BF16",BFLOAT16,BFLOAT16,BFLOAT16,False,DEV_1_DRAM_INTERLEAVED,,,,882688.0,,BinaryNgDeviceOperation
865,0.2907208402893302,SLOW,MatmulDeviceOperation b={32} x 64 x 64 x 64,0,53.761,3.478,4.0,14.628299324789344,2.8570897118729186,0.31207038559550604,2.821816999380661,HiFi2 BF16 x BF16 => BF16,BFLOAT16,BFLOAT16,BFLOAT16,False,DEV_1_DRAM_INTERLEAVED,1,1,1,883712.0,"If possible place input 0 in L1 (currently in DEV_1_DRAM_INTERLEAVED) • in0_block_w=1 is small, try in0_block_w=2 or above • Output subblock 1x1 is small, try out_subblock_h * out_subblock_w >= 2 if possible • If your matmuls are not FLOP-bound use HiFi4 with BF16 activations for full accuracy",MatmulDeviceOperation
866,0.018264332739573216,,BinaryNgDeviceOperation,0,3.053,0.543,110,,,,,"BF16, BF16 => BF16",BFLOAT16,BFLOAT16,BFLOAT16,False,DEV_1_DRAM_INTERLEAVED,,,,884736.0,,BinaryNgDeviceOperation
867,0.04691536193421518,,BinaryNgDeviceOperation,0,3.73,5.507,110,,,,,"BF16, BF16 => BF16",BFLOAT16,BFLOAT16,BFLOAT16,False,DEV_1_DRAM_INTERLEAVED,,,,885760.0,,BinaryNgDeviceOperation
868,0.1554296747765349,,BinaryNgDeviceOperation,0,2.668,27.934,110,,,,,"BF16, BF16 => BF16",BFLOAT16,BFLOAT16,BFLOAT16,False,DEV_1_DRAM_INTERLEAVED,,,,886784.0,,BinaryNgDeviceOperation
869,0.169437747550657,,BinaryNgDeviceOperation,0,4.25,29.11,110,,,,,"BF16, BF16 => BF16",BFLOAT16,BFLOAT16,BFLOAT16,False,DEV_1_DRAM_INTERLEAVED,,,,887808.0,,BinaryNgDeviceOperation
870,0.2900250078128781,SLOW,MatmulDeviceOperation b={32} x 64 x 64 x 64,0,53.809,3.293,4.0,14.615250236949207,2.854541061904142,0.31179200505491644,2.819299814226313,HiFi2 BF16 x BF16 => BF16,BFLOAT16,BFLOAT16,BFLOAT16,False,DEV_1_DRAM_INTERLEAVED,1,1,1,888832.0,"If possible place input 0 in L1 (currently in DEV_1_DRAM_INTERLEAVED) • in0_block_w=1 is small, try in0_block_w=2 or above • Output subblock 1x1 is small, try out_subblock_h * out_subblock_w >= 2 if possible • If your matmuls are not FLOP-bound use HiFi4 with BF16 activations for full accuracy",MatmulDeviceOperation
871,0.017746267684112575,,BinaryNgDeviceOperation,0,2.973,0.521,110,,,,,"BF16, BF16 => BF16",BFLOAT16,BFLOAT16,BFLOAT16,False,DEV_1_DRAM_INTERLEAVED,,,,889856.0,,BinaryNgDeviceOperation
872,0.05415811457232181,,BinaryNgDeviceOperation,0,3.946,6.717,110,,,,,"BF16, BF16 => BF16",BFLOAT16,BFLOAT16,BFLOAT16,False,DEV_1_DRAM_INTERLEAVED,,,,890880.0,,BinaryNgDeviceOperation
873,0.1531948843412145,,BinaryNgDeviceOperation,0,2.73,27.432,110,,,,,"BF16, BF16 => BF16",BFLOAT16,BFLOAT16,BFLOAT16,False,DEV_1_DRAM_INTERLEAVED,,,,891904.0,,BinaryNgDeviceOperation
874,0.17475553297288532,,BinaryNgDeviceOperation,0,3.687,30.72,110,,,,,"BF16, BF16 => BF16",BFLOAT16,BFLOAT16,BFLOAT16,False,DEV_1_DRAM_INTERLEAVED,,,,892928.0,,BinaryNgDeviceOperation
875,0.2898523194610579,SLOW,MatmulDeviceOperation b={32} x 64 x 64 x 64,0,53.607,3.461,4.0,14.670322905590687,2.865297442498181,0.3129668886526013,2.8299233999982034,HiFi2 BF16 x BF16 => BF16,BFLOAT16,BFLOAT16,BFLOAT16,False,DEV_1_DRAM_INTERLEAVED,1,1,1,893952.0,"If possible place input 0 in L1 (currently in DEV_1_DRAM_INTERLEAVED) • in0_block_w=1 is small, try in0_block_w=2 or above • Output subblock 1x1 is small, try out_subblock_h * out_subblock_w >= 2 if possible • If your matmuls are not FLOP-bound use HiFi4 with BF16 activations for full accuracy",MatmulDeviceOperation
876,0.017675160715716016,,BinaryNgDeviceOperation,0,2.951,0.529,110,,,,,"BF16, BF16 => BF16",BFLOAT16,BFLOAT16,BFLOAT16,False,DEV_1_DRAM_INTERLEAVED,,,,894976.0,,BinaryNgDeviceOperation
877,0.050912589371936025,,BinaryNgDeviceOperation,0,3.691,6.333,110,,,,,"BF16, BF16 => BF16",BFLOAT16,BFLOAT16,BFLOAT16,False,DEV_1_DRAM_INTERLEAVED,,,,896000.0,,BinaryNgDeviceOperation
878,0.15117849388025495,,BinaryNgDeviceOperation,0,2.616,27.149,110,,,,,"BF16, BF16 => BF16",BFLOAT16,BFLOAT16,BFLOAT16,False,DEV_1_DRAM_INTERLEAVED,,,,897024.0,,BinaryNgDeviceOperation
879,0.1652475154844312,,BinaryNgDeviceOperation,0,3.942,28.593,110,,,,,"BF16, BF16 => BF16",BFLOAT16,BFLOAT16,BFLOAT16,False,DEV_1_DRAM_INTERLEAVED,,,,898048.0,,BinaryNgDeviceOperation
880,0.29157920297926004,SLOW,MatmulDeviceOperation b={32} x 64 x 64 x 64,0,53.688,3.72,4.0,14.648189539561912,2.860974519445686,0.3124947101773208,2.8256538463661096,HiFi2 BF16 x BF16 => BF16,BFLOAT16,BFLOAT16,BFLOAT16,False,DEV_1_DRAM_INTERLEAVED,1,1,1,899072.0,"If possible place input 0 in L1 (currently in DEV_1_DRAM_INTERLEAVED) • in0_block_w=1 is small, try in0_block_w=2 or above • Output subblock 1x1 is small, try out_subblock_h * out_subblock_w >= 2 if possible • If your matmuls are not FLOP-bound use HiFi4 with BF16 activations for full accuracy",MatmulDeviceOperation
881,0.017715793269085477,,BinaryNgDeviceOperation,0,2.964,0.524,110,,,,,"BF16, BF16 => BF16",BFLOAT16,BFLOAT16,BFLOAT16,False,DEV_1_DRAM_INTERLEAVED,,,,900096.0,,BinaryNgDeviceOperation
882,0.05798265365822243,,BinaryNgDeviceOperation,0,4.014,7.402,110,,,,,"BF16, BF16 => BF16",BFLOAT16,BFLOAT16,BFLOAT16,False,DEV_1_DRAM_INTERLEAVED,,,,901120.0,,BinaryNgDeviceOperation
883,0.15592742355531083,,BinaryNgDeviceOperation,0,2.634,28.066,110,,,,,"BF16, BF16 => BF16",BFLOAT16,BFLOAT16,BFLOAT16,False,DEV_1_DRAM_INTERLEAVED,,,,902144.0,,BinaryNgDeviceOperation
884,0.16664425950650646,,BinaryNgDeviceOperation,0,3.72,29.09,110,,,,,"BF16, BF16 => BF16",BFLOAT16,BFLOAT16,BFLOAT16,False,DEV_1_DRAM_INTERLEAVED,,,,903168.0,,BinaryNgDeviceOperation
885,0.2955561141402962,SLOW,MatmulDeviceOperation b={32} x 64 x 64 x 64,0,53.898,4.293,4.0,14.591116553489924,2.8498274518535007,0.3112771531411184,2.8146443968923465,HiFi2 BF16 x BF16 => BF16,BFLOAT16,BFLOAT16,BFLOAT16,False,DEV_1_DRAM_INTERLEAVED,1,1,1,904192.0,"If possible place input 0 in L1 (currently in DEV_1_DRAM_INTERLEAVED) • in0_block_w=1 is small, try in0_block_w=2 or above • Output subblock 1x1 is small, try out_subblock_h * out_subblock_w >= 2 if possible • If your matmuls are not FLOP-bound use HiFi4 with BF16 activations for full accuracy",MatmulDeviceOperation
886,0.017736109545770207,,BinaryNgDeviceOperation,0,2.959,0.533,110,,,,,"BF16, BF16 => BF16",BFLOAT16,BFLOAT16,BFLOAT16,False,DEV_1_DRAM_INTERLEAVED,,,,905216.0,,BinaryNgDeviceOperation
887,0.05089735216442247,,BinaryNgDeviceOperation,0,3.733,6.288,110,,,,,"BF16, BF16 => BF16",BFLOAT16,BFLOAT16,BFLOAT16,False,DEV_1_DRAM_INTERLEAVED,,,,906240.0,,BinaryNgDeviceOperation
888,0.18497462014530505,,BinaryNgDeviceOperation,0,2.849,33.57,110,,,,,"BF16, BF16 => BF16",BFLOAT16,BFLOAT16,BFLOAT16,False,DEV_1_DRAM_INTERLEAVED,,,,907264.0,,BinaryNgDeviceOperation
889,0.17495869573973266,,BinaryNgDeviceOperation,0,3.782,30.665,110,,,,,"BF16, BF16 => BF16",BFLOAT16,BFLOAT16,BFLOAT16,False,DEV_1_DRAM_INTERLEAVED,,,,908288.0,,BinaryNgDeviceOperation
890,0.2960132303657026,SLOW,MatmulDeviceOperation b={32} x 64 x 64 x 64,0,53.728,4.553,4.0,14.637284097677187,2.8588445503275755,0.31226206075044666,2.8235501731630377,HiFi2 BF16 x BF16 => BF16,BFLOAT16,BFLOAT16,BFLOAT16,False,DEV_1_DRAM_INTERLEAVED,1,1,1,909312.0,"If possible place input 0 in L1 (currently in DEV_1_DRAM_INTERLEAVED) • in0_block_w=1 is small, try in0_block_w=2 or above • Output subblock 1x1 is small, try out_subblock_h * out_subblock_w >= 2 if possible • If your matmuls are not FLOP-bound use HiFi4 with BF16 activations for full accuracy",MatmulDeviceOperation
891,0.017507551433066985,,BinaryNgDeviceOperation,0,2.924,0.523,110,,,,,"BF16, BF16 => BF16",BFLOAT16,BFLOAT16,BFLOAT16,False,DEV_1_DRAM_INTERLEAVED,,,,910336.0,,BinaryNgDeviceOperation
892,0.0430501902949451,,BinaryNgDeviceOperation,0,3.726,4.75,110,,,,,"BF16, BF16 => BF16",BFLOAT16,BFLOAT16,BFLOAT16,False,DEV_1_DRAM_INTERLEAVED,,,,911360.0,,BinaryNgDeviceOperation
893,0.15351486569899903,,BinaryNgDeviceOperation,0,2.721,27.504,110,,,,,"BF16, BF16 => BF16",BFLOAT16,BFLOAT16,BFLOAT16,False,DEV_1_DRAM_INTERLEAVED,,,,912384.0,,BinaryNgDeviceOperation
894,0.17165222170929265,,BinaryNgDeviceOperation,0,4.104,29.692,110,,,,,"BF16, BF16 => BF16",BFLOAT16,BFLOAT16,BFLOAT16,False,DEV_1_DRAM_INTERLEAVED,,,,913408.0,,BinaryNgDeviceOperation
895,0.28783592900009836,SLOW,MatmulDeviceOperation b={32} x 64 x 64 x 64,0,53.756,2.915,4.0,14.629659944936378,2.8573554579953866,0.3120994121586427,2.822079464686801,HiFi2 BF16 x BF16 => BF16,BFLOAT16,BFLOAT16,BFLOAT16,False,DEV_1_DRAM_INTERLEAVED,1,1,1,914432.0,"If possible place input 0 in L1 (currently in DEV_1_DRAM_INTERLEAVED) • in0_block_w=1 is small, try in0_block_w=2 or above • Output subblock 1x1 is small, try out_subblock_h * out_subblock_w >= 2 if possible • If your matmuls are not FLOP-bound use HiFi4 with BF16 activations for full accuracy",MatmulDeviceOperation
896,0.01836591412299687,,BinaryNgDeviceOperation,0,3.086,0.53,110,,,,,"BF16, BF16 => BF16",BFLOAT16,BFLOAT16,BFLOAT16,False,DEV_1_DRAM_INTERLEAVED,,,,915456.0,,BinaryNgDeviceOperation
897,0.054320644785799656,,BinaryNgDeviceOperation,0,3.919,6.776,110,,,,,"BF16, BF16 => BF16",BFLOAT16,BFLOAT16,BFLOAT16,False,DEV_1_DRAM_INTERLEAVED,,,,916480.0,,BinaryNgDeviceOperation
898,0.15244826117305063,,BinaryNgDeviceOperation,0,2.739,27.276,110,,,,,"BF16, BF16 => BF16",BFLOAT16,BFLOAT16,BFLOAT16,False,DEV_1_DRAM_INTERLEAVED,,,,917504.0,,BinaryNgDeviceOperation
899,0.15993480913137403,,BinaryNgDeviceOperation,0,3.687,27.802,110,,,,,"BF16, BF16 => BF16",BFLOAT16,BFLOAT16,BFLOAT16,False,DEV_1_DRAM_INTERLEAVED,,,,918528.0,,BinaryNgDeviceOperation
900,0.29430158405501405,SLOW,MatmulDeviceOperation b={32} x 64 x 64 x 64,0,53.923,4.021,4.0,14.584351760844166,2.848506203289876,0.3111328375646755,2.813339460039384,HiFi2 BF16 x BF16 => BF16,BFLOAT16,BFLOAT16,BFLOAT16,False,DEV_1_DRAM_INTERLEAVED,1,1,1,919552.0,"If possible place input 0 in L1 (currently in DEV_1_DRAM_INTERLEAVED) • in0_block_w=1 is small, try in0_block_w=2 or above • Output subblock 1x1 is small, try out_subblock_h * out_subblock_w >= 2 if possible • If your matmuls are not FLOP-bound use HiFi4 with BF16 activations for full accuracy",MatmulDeviceOperation
901,0.019031272184421813,,BinaryNgDeviceOperation,0,3.221,0.526,110,,,,,"BF16, BF16 => BF16",BFLOAT16,BFLOAT16,BFLOAT16,False,DEV_1_DRAM_INTERLEAVED,,,,920576.0,,BinaryNgDeviceOperation
902,0.06025299757774112,,BinaryNgDeviceOperation,0,3.733,8.13,110,,,,,"BF16, BF16 => BF16",BFLOAT16,BFLOAT16,BFLOAT16,False,DEV_1_DRAM_INTERLEAVED,,,,921600.0,,BinaryNgDeviceOperation
903,0.14526137829582703,,BinaryNgDeviceOperation,0,2.746,25.854,110,,,,,"BF16, BF16 => BF16",BFLOAT16,BFLOAT16,BFLOAT16,False,DEV_1_DRAM_INTERLEAVED,,,,922624.0,,BinaryNgDeviceOperation
904,0.17773186750719844,,BinaryNgDeviceOperation,0,3.666,31.327,110,,,,,"BF16, BF16 => BF16",BFLOAT16,BFLOAT16,BFLOAT16,False,DEV_1_DRAM_INTERLEAVED,,,,923648.0,,BinaryNgDeviceOperation
905,0.29216837500311726,SLOW,MatmulDeviceOperation b={32} x 64 x 64 x 64,0,53.893,3.631,4.0,14.592470265155029,2.8500918486630917,0.31130603232330734,2.8149055295437946,HiFi2 BF16 x BF16 => BF16,BFLOAT16,BFLOAT16,BFLOAT16,False,DEV_1_DRAM_INTERLEAVED,1,1,1,924672.0,"If possible place input 0 in L1 (currently in DEV_1_DRAM_INTERLEAVED) • in0_block_w=1 is small, try in0_block_w=2 or above • Output subblock 1x1 is small, try out_subblock_h * out_subblock_w >= 2 if possible • If your matmuls are not FLOP-bound use HiFi4 with BF16 activations for full accuracy",MatmulDeviceOperation
906,0.01780721651416677,,BinaryNgDeviceOperation,0,2.986,0.52,110,,,,,"BF16, BF16 => BF16",BFLOAT16,BFLOAT16,BFLOAT16,False,DEV_1_DRAM_INTERLEAVED,,,,925696.0,,BinaryNgDeviceOperation
907,0.04696615262592701,,BinaryNgDeviceOperation,0,3.689,5.558,110,,,,,"BF16, BF16 => BF16",BFLOAT16,BFLOAT16,BFLOAT16,False,DEV_1_DRAM_INTERLEAVED,,,,926720.0,,BinaryNgDeviceOperation
908,0.15571918171929233,,BinaryNgDeviceOperation,0,2.715,27.944,110,,,,,"BF16, BF16 => BF16",BFLOAT16,BFLOAT16,BFLOAT16,False,DEV_1_DRAM_INTERLEAVED,,,,927744.0,,BinaryNgDeviceOperation
909,0.1675432547498058,,BinaryNgDeviceOperation,0,4.014,28.973,110,,,,,"BF16, BF16 => BF16",BFLOAT16,BFLOAT16,BFLOAT16,False,DEV_1_DRAM_INTERLEAVED,,,,928768.0,,BinaryNgDeviceOperation
910,0.2894002823048226,SLOW,MatmulDeviceOperation b={32} x 64 x 64 x 64,0,53.661,3.318,4.0,14.655559903840778,2.862414043718902,0.31265194461526996,2.827075598734718,HiFi2 BF16 x BF16 => BF16,BFLOAT16,BFLOAT16,BFLOAT16,False,DEV_1_DRAM_INTERLEAVED,1,1,1,929792.0,"If possible place input 0 in L1 (currently in DEV_1_DRAM_INTERLEAVED) • in0_block_w=1 is small, try in0_block_w=2 or above • Output subblock 1x1 is small, try out_subblock_h * out_subblock_w >= 2 if possible • If your matmuls are not FLOP-bound use HiFi4 with BF16 activations for full accuracy",MatmulDeviceOperation
911,0.017563421193949994,,BinaryNgDeviceOperation,0,2.919,0.539,110,,,,,"BF16, BF16 => BF16",BFLOAT16,BFLOAT16,BFLOAT16,False,DEV_1_DRAM_INTERLEAVED,,,,930816.0,,BinaryNgDeviceOperation
912,0.05253281243754332,,BinaryNgDeviceOperation,0,3.81,6.533,110,,,,,"BF16, BF16 => BF16",BFLOAT16,BFLOAT16,BFLOAT16,False,DEV_1_DRAM_INTERLEAVED,,,,931840.0,,BinaryNgDeviceOperation
913,0.1500103079708829,,BinaryNgDeviceOperation,0,2.649,26.886,110,,,,,"BF16, BF16 => BF16",BFLOAT16,BFLOAT16,BFLOAT16,False,DEV_1_DRAM_INTERLEAVED,,,,932864.0,,BinaryNgDeviceOperation
914,0.16303304132579555,,BinaryNgDeviceOperation,0,3.843,28.256,110,,,,,"BF16, BF16 => BF16",BFLOAT16,BFLOAT16,BFLOAT16,False,DEV_1_DRAM_INTERLEAVED,,,,933888.0,,BinaryNgDeviceOperation
915,0.29008087757376116,SLOW,MatmulDeviceOperation b={32} x 64 x 64 x 64,0,53.787,3.326,4.0,14.621228177812482,2.8557086284790003,0.3119195344599996,2.8204529663990123,HiFi2 BF16 x BF16 => BF16,BFLOAT16,BFLOAT16,BFLOAT16,False,DEV_1_DRAM_INTERLEAVED,1,1,1,934912.0,"If possible place input 0 in L1 (currently in DEV_1_DRAM_INTERLEAVED) • in0_block_w=1 is small, try in0_block_w=2 or above • Output subblock 1x1 is small, try out_subblock_h * out_subblock_w >= 2 if possible • If your matmuls are not FLOP-bound use HiFi4 with BF16 activations for full accuracy",MatmulDeviceOperation
916,0.01779197930665322,,BinaryNgDeviceOperation,0,2.967,0.536,110,,,,,"BF16, BF16 => BF16",BFLOAT16,BFLOAT16,BFLOAT16,False,DEV_1_DRAM_INTERLEAVED,,,,935936.0,,BinaryNgDeviceOperation
917,0.05376702624614073,,BinaryNgDeviceOperation,0,3.739,6.847,110,,,,,"BF16, BF16 => BF16",BFLOAT16,BFLOAT16,BFLOAT16,False,DEV_1_DRAM_INTERLEAVED,,,,936960.0,,BinaryNgDeviceOperation
918,0.16794958028350043,,BinaryNgDeviceOperation,0,2.668,30.399,110,,,,,"BF16, BF16 => BF16",BFLOAT16,BFLOAT16,BFLOAT16,False,DEV_1_DRAM_INTERLEAVED,,,,937984.0,,BinaryNgDeviceOperation
919,0.17161158915592323,,BinaryNgDeviceOperation,0,3.787,30.001,110,,,,,"BF16, BF16 => BF16",BFLOAT16,BFLOAT16,BFLOAT16,False,DEV_1_DRAM_INTERLEAVED,,,,939008.0,,BinaryNgDeviceOperation
920,0.297608058085454,SLOW,MatmulDeviceOperation b={32} x 64 x 64 x 64,0,53.731,4.864,4.0,14.636466844093725,2.8586849304870556,0.3122446260073328,2.823392523937833,HiFi2 BF16 x BF16 => BF16,BFLOAT16,BFLOAT16,BFLOAT16,False,DEV_1_DRAM_INTERLEAVED,1,1,1,940032.0,"If possible place input 0 in L1 (currently in DEV_1_DRAM_INTERLEAVED) • in0_block_w=1 is small, try in0_block_w=2 or above • Output subblock 1x1 is small, try out_subblock_h * out_subblock_w >= 2 if possible • If your matmuls are not FLOP-bound use HiFi4 with BF16 activations for full accuracy",MatmulDeviceOperation
921,0.017390732842129785,,BinaryNgDeviceOperation,0,2.894,0.53,110,,,,,"BF16, BF16 => BF16",BFLOAT16,BFLOAT16,BFLOAT16,False,DEV_1_DRAM_INTERLEAVED,,,,941056.0,,BinaryNgDeviceOperation
922,0.06811031758556085,,BinaryNgDeviceOperation,0,3.763,9.647,110,,,,,"BF16, BF16 => BF16",BFLOAT16,BFLOAT16,BFLOAT16,False,DEV_1_DRAM_INTERLEAVED,,,,942080.0,,BinaryNgDeviceOperation
923,0.15596805610868028,,BinaryNgDeviceOperation,0,2.793,27.915,110,,,,,"BF16, BF16 => BF16",BFLOAT16,BFLOAT16,BFLOAT16,False,DEV_1_DRAM_INTERLEAVED,,,,943104.0,,BinaryNgDeviceOperation
924,0.16612619445104582,,BinaryNgDeviceOperation,0,3.745,28.963,110,,,,,"BF16, BF16 => BF16",BFLOAT16,BFLOAT16,BFLOAT16,False,DEV_1_DRAM_INTERLEAVED,,,,944128.0,,BinaryNgDeviceOperation
925,0.31244909820365,SLOW,MatmulDeviceOperation b={32} x 64 x 64 x 64,0,53.794,7.723,4.0,14.619325575342975,2.855337026434175,0.31187894560731677,2.8200859520337525,HiFi2 BF16 x BF16 => BF16,BFLOAT16,BFLOAT16,BFLOAT16,False,DEV_1_DRAM_INTERLEAVED,1,1,1,945152.0,"If possible place input 0 in L1 (currently in DEV_1_DRAM_INTERLEAVED) • in0_block_w=1 is small, try in0_block_w=2 or above • Output subblock 1x1 is small, try out_subblock_h * out_subblock_w >= 2 if possible • If your matmuls are not FLOP-bound use HiFi4 with BF16 activations for full accuracy",MatmulDeviceOperation
926,0.018091644387753004,,BinaryNgDeviceOperation,0,3.032,0.53,110,,,,,"BF16, BF16 => BF16",BFLOAT16,BFLOAT16,BFLOAT16,False,DEV_1_DRAM_INTERLEAVED,,,,946176.0,,BinaryNgDeviceOperation
927,0.07159963810616342,,BinaryNgDeviceOperation,0,3.668,10.429,110,,,,,"BF16, BF16 => BF16",BFLOAT16,BFLOAT16,BFLOAT16,False,DEV_1_DRAM_INTERLEAVED,,,,947200.0,,BinaryNgDeviceOperation
928,0.15168640079737322,,BinaryNgDeviceOperation,0,2.641,27.224,110,,,,,"BF16, BF16 => BF16",BFLOAT16,BFLOAT16,BFLOAT16,False,DEV_1_DRAM_INTERLEAVED,,,,948224.0,,BinaryNgDeviceOperation
929,0.15936595338420156,,BinaryNgDeviceOperation,0,3.678,27.699,110,,,,,"BF16, BF16 => BF16",BFLOAT16,BFLOAT16,BFLOAT16,False,DEV_1_DRAM_INTERLEAVED,,,,949248.0,,BinaryNgDeviceOperation
930,0.30486096886190295,SLOW,MatmulDeviceOperation b={32} x 64 x 64 x 64,0,53.857,6.166,4.0,14.602224409083313,2.8519969548990844,0.31151412072711065,2.816787115949713,HiFi2 BF16 x BF16 => BF16,BFLOAT16,BFLOAT16,BFLOAT16,False,DEV_1_DRAM_INTERLEAVED,1,1,1,950272.0,"If possible place input 0 in L1 (currently in DEV_1_DRAM_INTERLEAVED) • in0_block_w=1 is small, try in0_block_w=2 or above • Output subblock 1x1 is small, try out_subblock_h * out_subblock_w >= 2 if possible • If your matmuls are not FLOP-bound use HiFi4 with BF16 activations for full accuracy",MatmulDeviceOperation
931,0.017949430450959883,,BinaryNgDeviceOperation,0,3.002,0.532,110,,,,,"BF16, BF16 => BF16",BFLOAT16,BFLOAT16,BFLOAT16,False,DEV_1_DRAM_INTERLEAVED,,,,951296.0,,BinaryNgDeviceOperation
932,0.06273158333327832,,BinaryNgDeviceOperation,0,3.724,8.627,110,,,,,"BF16, BF16 => BF16",BFLOAT16,BFLOAT16,BFLOAT16,False,DEV_1_DRAM_INTERLEAVED,,,,952320.0,,BinaryNgDeviceOperation
933,0.15340820524640417,,BinaryNgDeviceOperation,0,2.808,27.396,110,,,,,"BF16, BF16 => BF16",BFLOAT16,BFLOAT16,BFLOAT16,False,DEV_1_DRAM_INTERLEAVED,,,,953344.0,,BinaryNgDeviceOperation
934,0.16315493898590389,,BinaryNgDeviceOperation,0,4.083,28.04,110,,,,,"BF16, BF16 => BF16",BFLOAT16,BFLOAT16,BFLOAT16,False,DEV_1_DRAM_INTERLEAVED,,,,954368.0,,BinaryNgDeviceOperation
935,0.29069544494347427,SLOW,MatmulDeviceOperation b={32} x 64 x 64 x 64,0,53.808,3.426,4.0,14.615521855486172,2.854594112399643,0.311797799583705,2.819352209777425,HiFi2 BF16 x BF16 => BF16,BFLOAT16,BFLOAT16,BFLOAT16,False,DEV_1_DRAM_INTERLEAVED,1,1,1,955392.0,"If possible place input 0 in L1 (currently in DEV_1_DRAM_INTERLEAVED) • in0_block_w=1 is small, try in0_block_w=2 or above • Output subblock 1x1 is small, try out_subblock_h * out_subblock_w >= 2 if possible • If your matmuls are not FLOP-bound use HiFi4 with BF16 activations for full accuracy",MatmulDeviceOperation
936,0.017456760741355156,,BinaryNgDeviceOperation,0,2.91,0.527,110,,,,,"BF16, BF16 => BF16",BFLOAT16,BFLOAT16,BFLOAT16,False,DEV_1_DRAM_INTERLEAVED,,,,956416.0,,BinaryNgDeviceOperation
937,0.06639359220570108,,BinaryNgDeviceOperation,0,4.12,8.952,110,,,,,"BF16, BF16 => BF16",BFLOAT16,BFLOAT16,BFLOAT16,False,DEV_1_DRAM_INTERLEAVED,,,,957440.0,,BinaryNgDeviceOperation
938,0.1510921497043448,,BinaryNgDeviceOperation,0,2.761,26.987,110,,,,,"BF16, BF16 => BF16",BFLOAT16,BFLOAT16,BFLOAT16,False,DEV_1_DRAM_INTERLEAVED,,,,958464.0,,BinaryNgDeviceOperation
939,0.16681694785832668,,BinaryNgDeviceOperation,0,3.762,29.082,110,,,,,"BF16, BF16 => BF16",BFLOAT16,BFLOAT16,BFLOAT16,False,DEV_1_DRAM_INTERLEAVED,,,,959488.0,,BinaryNgDeviceOperation
940,0.2925086726375865,SLOW,MatmulDeviceOperation b={32} x 64 x 64 x 64,0,53.769,3.822,4.0,14.62612285889639,2.856664620878201,0.3120239543231229,2.8213971564229143,HiFi2 BF16 x BF16 => BF16,BFLOAT16,BFLOAT16,BFLOAT16,False,DEV_1_DRAM_INTERLEAVED,1,1,1,960512.0,"If possible place input 0 in L1 (currently in DEV_1_DRAM_INTERLEAVED) • in0_block_w=1 is small, try in0_block_w=2 or above • Output subblock 1x1 is small, try out_subblock_h * out_subblock_w >= 2 if possible • If your matmuls are not FLOP-bound use HiFi4 with BF16 activations for full accuracy",MatmulDeviceOperation
941,0.017639607231517737,,BinaryNgDeviceOperation,0,2.95,0.523,110,,,,,"BF16, BF16 => BF16",BFLOAT16,BFLOAT16,BFLOAT16,False,DEV_1_DRAM_INTERLEAVED,,,,961536.0,,BinaryNgDeviceOperation
942,0.05375686810779836,,BinaryNgDeviceOperation,0,3.699,6.885,110,,,,,"BF16, BF16 => BF16",BFLOAT16,BFLOAT16,BFLOAT16,False,DEV_1_DRAM_INTERLEAVED,,,,962560.0,,BinaryNgDeviceOperation
943,0.14994428007165755,,BinaryNgDeviceOperation,0,2.602,26.92,110,,,,,"BF16, BF16 => BF16",BFLOAT16,BFLOAT16,BFLOAT16,False,DEV_1_DRAM_INTERLEAVED,,,,963584.0,,BinaryNgDeviceOperation
944,0.16933616616723335,,BinaryNgDeviceOperation,0,3.77,29.57,110,,,,,"BF16, BF16 => BF16",BFLOAT16,BFLOAT16,BFLOAT16,False,DEV_1_DRAM_INTERLEAVED,,,,964608.0,,BinaryNgDeviceOperation
945,0.2913049332440162,SLOW,MatmulDeviceOperation b={32} x 64 x 64 x 64,0,53.67,3.684,4.0,14.653102291783117,2.8619340413638903,0.31259951555803983,2.8266015223347063,HiFi2 BF16 x BF16 => BF16,BFLOAT16,BFLOAT16,BFLOAT16,False,DEV_1_DRAM_INTERLEAVED,1,1,1,965632.0,"If possible place input 0 in L1 (currently in DEV_1_DRAM_INTERLEAVED) • in0_block_w=1 is small, try in0_block_w=2 or above • Output subblock 1x1 is small, try out_subblock_h * out_subblock_w >= 2 if possible • If your matmuls are not FLOP-bound use HiFi4 with BF16 activations for full accuracy",MatmulDeviceOperation
946,0.017471997948868702,,BinaryNgDeviceOperation,0,2.919,0.521,110,,,,,"BF16, BF16 => BF16",BFLOAT16,BFLOAT16,BFLOAT16,False,DEV_1_DRAM_INTERLEAVED,,,,966656.0,,BinaryNgDeviceOperation
947,0.05156778929501859,,BinaryNgDeviceOperation,0,3.771,6.382,110,,,,,"BF16, BF16 => BF16",BFLOAT16,BFLOAT16,BFLOAT16,False,DEV_1_DRAM_INTERLEAVED,,,,967680.0,,BinaryNgDeviceOperation
948,0.1519251170484188,,BinaryNgDeviceOperation,0,2.871,27.041,110,,,,,"BF16, BF16 => BF16",BFLOAT16,BFLOAT16,BFLOAT16,False,DEV_1_DRAM_INTERLEAVED,,,,968704.0,,BinaryNgDeviceOperation
949,0.16417583188931162,,BinaryNgDeviceOperation,0,3.83,28.494,110,,,,,"BF16, BF16 => BF16",BFLOAT16,BFLOAT16,BFLOAT16,False,DEV_1_DRAM_INTERLEAVED,,,,969728.0,,BinaryNgDeviceOperation
950,0.2895983660024988,SLOW,MatmulDeviceOperation b={32} x 64 x 64 x 64,0,53.714,3.304,4.0,14.641099154782738,2.8595896786685038,0.31234344863536506,2.8242861023886454,HiFi2 BF16 x BF16 => BF16,BFLOAT16,BFLOAT16,BFLOAT16,False,DEV_1_DRAM_INTERLEAVED,1,1,1,970752.0,"If possible place input 0 in L1 (currently in DEV_1_DRAM_INTERLEAVED) • in0_block_w=1 is small, try in0_block_w=2 or above • Output subblock 1x1 is small, try out_subblock_h * out_subblock_w >= 2 if possible • If your matmuls are not FLOP-bound use HiFi4 with BF16 activations for full accuracy",MatmulDeviceOperation
951,0.01766500257737365,,BinaryNgDeviceOperation,0,2.93,0.548,110,,,,,"BF16, BF16 => BF16",BFLOAT16,BFLOAT16,BFLOAT16,False,DEV_1_DRAM_INTERLEAVED,,,,971776.0,,BinaryNgDeviceOperation
952,0.055559937663568246,,BinaryNgDeviceOperation,0,3.847,7.092,110,,,,,"BF16, BF16 => BF16",BFLOAT16,BFLOAT16,BFLOAT16,False,DEV_1_DRAM_INTERLEAVED,,,,972800.0,,BinaryNgDeviceOperation
953,0.1508381962457857,,BinaryNgDeviceOperation,0,2.734,26.964,110,,,,,"BF16, BF16 => BF16",BFLOAT16,BFLOAT16,BFLOAT16,False,DEV_1_DRAM_INTERLEAVED,,,,973824.0,,BinaryNgDeviceOperation
954,0.1617988275171981,,BinaryNgDeviceOperation,0,3.809,28.047,110,,,,,"BF16, BF16 => BF16",BFLOAT16,BFLOAT16,BFLOAT16,False,DEV_1_DRAM_INTERLEAVED,,,,974848.0,,BinaryNgDeviceOperation
955,0.2919499750287564,SLOW,MatmulDeviceOperation b={32} x 64 x 64 x 64,0,53.767,3.714,4.0,14.626666914650249,2.856770881767627,0.31203556084587203,2.8215021054495084,HiFi2 BF16 x BF16 => BF16,BFLOAT16,BFLOAT16,BFLOAT16,False,DEV_1_DRAM_INTERLEAVED,1,1,1,975872.0,"If possible place input 0 in L1 (currently in DEV_1_DRAM_INTERLEAVED) • in0_block_w=1 is small, try in0_block_w=2 or above • Output subblock 1x1 is small, try out_subblock_h * out_subblock_w >= 2 if possible • If your matmuls are not FLOP-bound use HiFi4 with BF16 activations for full accuracy",MatmulDeviceOperation
956,0.017797058375824404,,BinaryNgDeviceOperation,0,2.976,0.528,110,,,,,"BF16, BF16 => BF16",BFLOAT16,BFLOAT16,BFLOAT16,False,DEV_1_DRAM_INTERLEAVED,,,,976896.0,,BinaryNgDeviceOperation
957,0.05363497044768997,,BinaryNgDeviceOperation,0,3.733,6.827,110,,,,,"BF16, BF16 => BF16",BFLOAT16,BFLOAT16,BFLOAT16,False,DEV_1_DRAM_INTERLEAVED,,,,977920.0,,BinaryNgDeviceOperation
958,0.1522501774753745,,BinaryNgDeviceOperation,0,2.808,27.168,110,,,,,"BF16, BF16 => BF16",BFLOAT16,BFLOAT16,BFLOAT16,False,DEV_1_DRAM_INTERLEAVED,,,,978944.0,,BinaryNgDeviceOperation
959,0.18404007141780743,,BinaryNgDeviceOperation,0,3.771,32.464,110,,,,,"BF16, BF16 => BF16",BFLOAT16,BFLOAT16,BFLOAT16,False,DEV_1_DRAM_INTERLEAVED,,,,979968.0,,BinaryNgDeviceOperation
960,0.2975217139095439,SLOW,MatmulDeviceOperation b={32} x 64 x 64 x 64,0,53.682,4.896,4.0,14.649826757572368,2.861294288588353,0.3125296374948772,2.8259696677415835,HiFi2 BF16 x BF16 => BF16,BFLOAT16,BFLOAT16,BFLOAT16,False,DEV_1_DRAM_INTERLEAVED,1,1,1,980992.0,"If possible place input 0 in L1 (currently in DEV_1_DRAM_INTERLEAVED) • in0_block_w=1 is small, try in0_block_w=2 or above • Output subblock 1x1 is small, try out_subblock_h * out_subblock_w >= 2 if possible • If your matmuls are not FLOP-bound use HiFi4 with BF16 activations for full accuracy",MatmulDeviceOperation
961,0.018056090903554724,,BinaryNgDeviceOperation,0,3.019,0.536,110,,,,,"BF16, BF16 => BF16",BFLOAT16,BFLOAT16,BFLOAT16,False,DEV_1_DRAM_INTERLEAVED,,,,982016.0,,BinaryNgDeviceOperation
962,0.08588705968470053,,BinaryNgDeviceOperation,0,3.71,13.2,110,,,,,"BF16, BF16 => BF16",BFLOAT16,BFLOAT16,BFLOAT16,False,DEV_1_DRAM_INTERLEAVED,,,,983040.0,,BinaryNgDeviceOperation
963,0.15902565574973232,,BinaryNgDeviceOperation,0,2.829,28.481,110,,,,,"BF16, BF16 => BF16",BFLOAT16,BFLOAT16,BFLOAT16,False,DEV_1_DRAM_INTERLEAVED,,,,984064.0,,BinaryNgDeviceOperation
964,0.15847203721007339,,BinaryNgDeviceOperation,0,3.731,27.47,110,,,,,"BF16, BF16 => BF16",BFLOAT16,BFLOAT16,BFLOAT16,False,DEV_1_DRAM_INTERLEAVED,,,,985088.0,,BinaryNgDeviceOperation
965,0.2946012491361138,SLOW,MatmulDeviceOperation b={32} x 64 x 64 x 64,0,53.721,4.282,4.0,14.639191377673534,2.859217065951862,0.31230274939036873,2.8239180898289993,HiFi2 BF16 x BF16 => BF16,BFLOAT16,BFLOAT16,BFLOAT16,False,DEV_1_DRAM_INTERLEAVED,1,1,1,986112.0,"If possible place input 0 in L1 (currently in DEV_1_DRAM_INTERLEAVED) • in0_block_w=1 is small, try in0_block_w=2 or above • Output subblock 1x1 is small, try out_subblock_h * out_subblock_w >= 2 if possible • If your matmuls are not FLOP-bound use HiFi4 with BF16 activations for full accuracy",MatmulDeviceOperation
966,0.01784784906753623,,BinaryNgDeviceOperation,0,2.99,0.524,110,,,,,"BF16, BF16 => BF16",BFLOAT16,BFLOAT16,BFLOAT16,False,DEV_1_DRAM_INTERLEAVED,,,,987136.0,,BinaryNgDeviceOperation
967,0.05676875612630974,,BinaryNgDeviceOperation,0,3.738,7.439,110,,,,,"BF16, BF16 => BF16",BFLOAT16,BFLOAT16,BFLOAT16,False,DEV_1_DRAM_INTERLEAVED,,,,988160.0,,BinaryNgDeviceOperation
968,0.15554649336747212,,BinaryNgDeviceOperation,0,2.818,27.807,110,,,,,"BF16, BF16 => BF16",BFLOAT16,BFLOAT16,BFLOAT16,False,DEV_1_DRAM_INTERLEAVED,,,,989184.0,,BinaryNgDeviceOperation
969,0.16245910650945186,,BinaryNgDeviceOperation,0,3.715,28.271,110,,,,,"BF16, BF16 => BF16",BFLOAT16,BFLOAT16,BFLOAT16,False,DEV_1_DRAM_INTERLEAVED,,,,990208.0,,BinaryNgDeviceOperation
970,0.2933162446358046,SLOW,MatmulDeviceOperation b={32} x 64 x 64 x 64,0,53.714,4.036,4.0,14.641099154782738,2.8595896786685038,0.31234344863536506,2.8242861023886454,HiFi2 BF16 x BF16 => BF16,BFLOAT16,BFLOAT16,BFLOAT16,False,DEV_1_DRAM_INTERLEAVED,1,1,1,991232.0,"If possible place input 0 in L1 (currently in DEV_1_DRAM_INTERLEAVED) • in0_block_w=1 is small, try in0_block_w=2 or above • Output subblock 1x1 is small, try out_subblock_h * out_subblock_w >= 2 if possible • If your matmuls are not FLOP-bound use HiFi4 with BF16 activations for full accuracy",MatmulDeviceOperation
971,0.017507551433066985,,BinaryNgDeviceOperation,0,2.91,0.537,110,,,,,"BF16, BF16 => BF16",BFLOAT16,BFLOAT16,BFLOAT16,False,DEV_1_DRAM_INTERLEAVED,,,,992256.0,,BinaryNgDeviceOperation
972,0.054752365665350196,,BinaryNgDeviceOperation,0,3.755,7.025,110,,,,,"BF16, BF16 => BF16",BFLOAT16,BFLOAT16,BFLOAT16,False,DEV_1_DRAM_INTERLEAVED,,,,993280.0,,BinaryNgDeviceOperation
973,0.15024902422192848,,BinaryNgDeviceOperation,0,2.908,26.674,110,,,,,"BF16, BF16 => BF16",BFLOAT16,BFLOAT16,BFLOAT16,False,DEV_1_DRAM_INTERLEAVED,,,,994304.0,,BinaryNgDeviceOperation
974,0.1603868462876093,,BinaryNgDeviceOperation,0,3.748,27.83,110,,,,,"BF16, BF16 => BF16",BFLOAT16,BFLOAT16,BFLOAT16,False,DEV_1_DRAM_INTERLEAVED,,,,995328.0,,BinaryNgDeviceOperation
975,0.29175697040025145,SLOW,MatmulDeviceOperation b={32} x 64 x 64 x 64,0,53.652,3.791,4.0,14.658018340416014,2.8628942071125025,0.31270439126220834,2.827549834185188,HiFi2 BF16 x BF16 => BF16,BFLOAT16,BFLOAT16,BFLOAT16,False,DEV_1_DRAM_INTERLEAVED,1,1,1,996352.0,"If possible place input 0 in L1 (currently in DEV_1_DRAM_INTERLEAVED) • in0_block_w=1 is small, try in0_block_w=2 or above • Output subblock 1x1 is small, try out_subblock_h * out_subblock_w >= 2 if possible • If your matmuls are not FLOP-bound use HiFi4 with BF16 activations for full accuracy",MatmulDeviceOperation
976,0.017604053747319458,,BinaryNgDeviceOperation,0,2.932,0.534,110,,,,,"BF16, BF16 => BF16",BFLOAT16,BFLOAT16,BFLOAT16,False,DEV_1_DRAM_INTERLEAVED,,,,997376.0,,BinaryNgDeviceOperation
977,0.052796924034444824,,BinaryNgDeviceOperation,0,3.798,6.597,110,,,,,"BF16, BF16 => BF16",BFLOAT16,BFLOAT16,BFLOAT16,False,DEV_1_DRAM_INTERLEAVED,,,,998400.0,,BinaryNgDeviceOperation
978,0.1468968385689479,,BinaryNgDeviceOperation,0,2.754,26.168,110,,,,,"BF16, BF16 => BF16",BFLOAT16,BFLOAT16,BFLOAT16,False,DEV_1_DRAM_INTERLEAVED,,,,999424.0,,BinaryNgDeviceOperation
979,0.17188585889116706,,BinaryNgDeviceOperation,0,3.967,29.875,110,,,,,"BF16, BF16 => BF16",BFLOAT16,BFLOAT16,BFLOAT16,False,DEV_1_DRAM_INTERLEAVED,,,,1000448.0,,BinaryNgDeviceOperation
980,0.29273215168111855,SLOW,MatmulDeviceOperation b={32} x 64 x 64 x 64,0,54.076,3.559,4.0,14.543087506472371,2.840446778607885,0.3102525334714106,2.8053795344275407,HiFi2 BF16 x BF16 => BF16,BFLOAT16,BFLOAT16,BFLOAT16,False,DEV_1_DRAM_INTERLEAVED,1,1,1,1001472.0,"If possible place input 0 in L1 (currently in DEV_1_DRAM_INTERLEAVED) • in0_block_w=1 is small, try in0_block_w=2 or above • Output subblock 1x1 is small, try out_subblock_h * out_subblock_w >= 2 if possible • If your matmuls are not FLOP-bound use HiFi4 with BF16 activations for full accuracy",MatmulDeviceOperation
981,0.017502472363895804,,BinaryNgDeviceOperation,0,2.914,0.532,110,,,,,"BF16, BF16 => BF16",BFLOAT16,BFLOAT16,BFLOAT16,False,DEV_1_DRAM_INTERLEAVED,,,,1002496.0,,BinaryNgDeviceOperation
982,0.04860161289904785,,BinaryNgDeviceOperation,0,3.976,5.593,110,,,,,"BF16, BF16 => BF16",BFLOAT16,BFLOAT16,BFLOAT16,False,DEV_1_DRAM_INTERLEAVED,,,,1003520.0,,BinaryNgDeviceOperation
983,0.14865419650217712,,BinaryNgDeviceOperation,0,2.684,26.584,110,,,,,"BF16, BF16 => BF16",BFLOAT16,BFLOAT16,BFLOAT16,False,DEV_1_DRAM_INTERLEAVED,,,,1004544.0,,BinaryNgDeviceOperation
984,0.16392695749992367,,BinaryNgDeviceOperation,0,3.736,28.539,110,,,,,"BF16, BF16 => BF16",BFLOAT16,BFLOAT16,BFLOAT16,False,DEV_1_DRAM_INTERLEAVED,,,,1005568.0,,BinaryNgDeviceOperation
985,0.2924578819458747,SLOW,MatmulDeviceOperation b={32} x 64 x 64 x 64,0,53.799,3.782,4.0,14.617966876707744,2.8550716556069813,0.3118499600364319,2.8198238573896113,HiFi2 BF16 x BF16 => BF16,BFLOAT16,BFLOAT16,BFLOAT16,False,DEV_1_DRAM_INTERLEAVED,1,1,1,1006592.0,"If possible place input 0 in L1 (currently in DEV_1_DRAM_INTERLEAVED) • in0_block_w=1 is small, try in0_block_w=2 or above • Output subblock 1x1 is small, try out_subblock_h * out_subblock_w >= 2 if possible • If your matmuls are not FLOP-bound use HiFi4 with BF16 activations for full accuracy",MatmulDeviceOperation
986,0.018462416437249343,,BinaryNgDeviceOperation,0,3.11,0.525,110,,,,,"BF16, BF16 => BF16",BFLOAT16,BFLOAT16,BFLOAT16,False,DEV_1_DRAM_INTERLEAVED,,,,1007616.0,,BinaryNgDeviceOperation
987,0.0556310446319648,,BinaryNgDeviceOperation,0,3.699,7.254,110,,,,,"BF16, BF16 => BF16",BFLOAT16,BFLOAT16,BFLOAT16,False,DEV_1_DRAM_INTERLEAVED,,,,1008640.0,,BinaryNgDeviceOperation
988,0.15880217670620028,,BinaryNgDeviceOperation,0,2.738,28.528,110,,,,,"BF16, BF16 => BF16",BFLOAT16,BFLOAT16,BFLOAT16,False,DEV_1_DRAM_INTERLEAVED,,,,1009664.0,,BinaryNgDeviceOperation
989,0.16650204556971332,,BinaryNgDeviceOperation,0,3.756,29.026,110,,,,,"BF16, BF16 => BF16",BFLOAT16,BFLOAT16,BFLOAT16,False,DEV_1_DRAM_INTERLEAVED,,,,1010688.0,,BinaryNgDeviceOperation
990,0.2934229050883994,SLOW,MatmulDeviceOperation b={32} x 64 x 64 x 64,0,53.875,3.896,4.0,14.597345707656613,2.8510440835266824,0.3114100417633411,2.8158460084214147,HiFi2 BF16 x BF16 => BF16,BFLOAT16,BFLOAT16,BFLOAT16,False,DEV_1_DRAM_INTERLEAVED,1,1,1,1011712.0,"If possible place input 0 in L1 (currently in DEV_1_DRAM_INTERLEAVED) • in0_block_w=1 is small, try in0_block_w=2 or above • Output subblock 1x1 is small, try out_subblock_h * out_subblock_w >= 2 if possible • If your matmuls are not FLOP-bound use HiFi4 with BF16 activations for full accuracy",MatmulDeviceOperation
991,0.017654844439031286,,BinaryNgDeviceOperation,0,2.952,0.524,110,,,,,"BF16, BF16 => BF16",BFLOAT16,BFLOAT16,BFLOAT16,False,DEV_1_DRAM_INTERLEAVED,,,,1012736.0,,BinaryNgDeviceOperation
992,0.05064847777503451,,BinaryNgDeviceOperation,0,3.868,6.104,110,,,,,"BF16, BF16 => BF16",BFLOAT16,BFLOAT16,BFLOAT16,False,DEV_1_DRAM_INTERLEAVED,,,,1013760.0,,BinaryNgDeviceOperation
993,0.14810565703168938,,BinaryNgDeviceOperation,0,2.654,26.506,110,,,,,"BF16, BF16 => BF16",BFLOAT16,BFLOAT16,BFLOAT16,False,DEV_1_DRAM_INTERLEAVED,,,,1014784.0,,BinaryNgDeviceOperation
994,0.16715724549279593,,BinaryNgDeviceOperation,0,3.76,29.151,110,,,,,"BF16, BF16 => BF16",BFLOAT16,BFLOAT16,BFLOAT16,False,DEV_1_DRAM_INTERLEAVED,,,,1015808.0,,BinaryNgDeviceOperation
995,0.29094431933286224,SLOW,MatmulDeviceOperation b={32} x 64 x 64 x 64,0,53.69,3.593,4.0,14.647643881542187,2.8608679456137085,0.31248306947289994,2.8255485882604523,HiFi2 BF16 x BF16 => BF16,BFLOAT16,BFLOAT16,BFLOAT16,False,DEV_1_DRAM_INTERLEAVED,1,1,1,1016832.0,"If possible place input 0 in L1 (currently in DEV_1_DRAM_INTERLEAVED) • in0_block_w=1 is small, try in0_block_w=2 or above • Output subblock 1x1 is small, try out_subblock_h * out_subblock_w >= 2 if possible • If your matmuls are not FLOP-bound use HiFi4 with BF16 activations for full accuracy",MatmulDeviceOperation
996,0.0175329467789229,,BinaryNgDeviceOperation,0,2.933,0.519,110,,,,,"BF16, BF16 => BF16",BFLOAT16,BFLOAT16,BFLOAT16,False,DEV_1_DRAM_INTERLEAVED,,,,1017856.0,,BinaryNgDeviceOperation
997,0.046585222438088304,,BinaryNgDeviceOperation,0,3.659,5.513,110,,,,,"BF16, BF16 => BF16",BFLOAT16,BFLOAT16,BFLOAT16,False,DEV_1_DRAM_INTERLEAVED,,,,1018880.0,,BinaryNgDeviceOperation
998,0.16972725449341441,,BinaryNgDeviceOperation,0,2.641,30.776,110,,,,,"BF16, BF16 => BF16",BFLOAT16,BFLOAT16,BFLOAT16,False,DEV_1_DRAM_INTERLEAVED,,,,1019904.0,,BinaryNgDeviceOperation
999,0.19526481428612133,,BinaryNgDeviceOperation,0,3.737,34.708,110,,,,,"BF16, BF16 => BF16",BFLOAT16,BFLOAT16,BFLOAT16,False,DEV_1_DRAM_INTERLEAVED,,,,1020928.0,,BinaryNgDeviceOperation
1000,0.3112148843950526,SLOW,MatmulDeviceOperation b={32} x 64 x 64 x 64,0,54.26,7.014,4.0,14.493770733505343,2.8308145963877624,0.30920044231478067,2.795866268037296,HiFi2 BF16 x BF16 => BF16,BFLOAT16,BFLOAT16,BFLOAT16,False,DEV_1_DRAM_INTERLEAVED,1,1,1,1021952.0,"If possible place input 0 in L1 (currently in DEV_1_DRAM_INTERLEAVED) • in0_block_w=1 is small, try in0_block_w=2 or above • Output subblock 1x1 is small, try out_subblock_h * out_subblock_w >= 2 if possible • If your matmuls are not FLOP-bound use HiFi4 with BF16 activations for full accuracy",MatmulDeviceOperation
1001,0.017634528162346556,,BinaryNgDeviceOperation,0,2.95,0.522,110,,,,,"BF16, BF16 => BF16",BFLOAT16,BFLOAT16,BFLOAT16,False,DEV_1_DRAM_INTERLEAVED,,,,1022976.0,,BinaryNgDeviceOperation
1002,0.05125796607557644,,BinaryNgDeviceOperation,0,3.724,6.368,110,,,,,"BF16, BF16 => BF16",BFLOAT16,BFLOAT16,BFLOAT16,False,DEV_1_DRAM_INTERLEAVED,,,,1024000.0,,BinaryNgDeviceOperation
1003,0.15338280990054828,,BinaryNgDeviceOperation,0,2.742,27.457,110,,,,,"BF16, BF16 => BF16",BFLOAT16,BFLOAT16,BFLOAT16,False,DEV_1_DRAM_INTERLEAVED,,,,1025024.0,,BinaryNgDeviceOperation
1004,0.162352446056857,,BinaryNgDeviceOperation,0,3.967,27.998,110,,,,,"BF16, BF16 => BF16",BFLOAT16,BFLOAT16,BFLOAT16,False,DEV_1_DRAM_INTERLEAVED,,,,1026048.0,,BinaryNgDeviceOperation
1005,0.2931638725606691,SLOW,MatmulDeviceOperation b={32} x 64 x 64 x 64,0,54.107,3.613,4.0,14.534755207274474,2.838819376420796,0.31007477775518877,2.803772223625477,HiFi2 BF16 x BF16 => BF16,BFLOAT16,BFLOAT16,BFLOAT16,False,DEV_1_DRAM_INTERLEAVED,1,1,1,1027072.0,"If possible place input 0 in L1 (currently in DEV_1_DRAM_INTERLEAVED) • in0_block_w=1 is small, try in0_block_w=2 or above • Output subblock 1x1 is small, try out_subblock_h * out_subblock_w >= 2 if possible • If your matmuls are not FLOP-bound use HiFi4 with BF16 activations for full accuracy",MatmulDeviceOperation
1006,0.01775642582245494,,BinaryNgDeviceOperation,0,2.969,0.527,110,,,,,"BF16, BF16 => BF16",BFLOAT16,BFLOAT16,BFLOAT16,False,DEV_1_DRAM_INTERLEAVED,,,,1028096.0,,BinaryNgDeviceOperation
1007,0.05237536129323666,,BinaryNgDeviceOperation,0,3.91,6.402,110,,,,,"BF16, BF16 => BF16",BFLOAT16,BFLOAT16,BFLOAT16,False,DEV_1_DRAM_INTERLEAVED,,,,1029120.0,,BinaryNgDeviceOperation
1008,0.1490757592433853,,BinaryNgDeviceOperation,0,2.668,26.683,110,,,,,"BF16, BF16 => BF16",BFLOAT16,BFLOAT16,BFLOAT16,False,DEV_1_DRAM_INTERLEAVED,,,,1030144.0,,BinaryNgDeviceOperation
1009,0.16329207385352582,,BinaryNgDeviceOperation,0,3.714,28.436,110,,,,,"BF16, BF16 => BF16",BFLOAT16,BFLOAT16,BFLOAT16,False,DEV_1_DRAM_INTERLEAVED,,,,1031168.0,,BinaryNgDeviceOperation
1010,0.2953123188200794,SLOW,MatmulDeviceOperation b={32} x 64 x 64 x 64,0,54.068,4.075,4.0,14.54523932825331,2.8408670562994747,0.31029843900273724,2.805794623505654,HiFi2 BF16 x BF16 => BF16,BFLOAT16,BFLOAT16,BFLOAT16,False,DEV_1_DRAM_INTERLEAVED,1,1,1,1032192.0,"If possible place input 0 in L1 (currently in DEV_1_DRAM_INTERLEAVED) • in0_block_w=1 is small, try in0_block_w=2 or above • Output subblock 1x1 is small, try out_subblock_h * out_subblock_w >= 2 if possible • If your matmuls are not FLOP-bound use HiFi4 with BF16 activations for full accuracy",MatmulDeviceOperation
1011,0.017659923508202467,,BinaryNgDeviceOperation,0,2.941,0.536,110,,,,,"BF16, BF16 => BF16",BFLOAT16,BFLOAT16,BFLOAT16,False,DEV_1_DRAM_INTERLEAVED,,,,1033216.0,,BinaryNgDeviceOperation
1012,0.05439175175419621,,BinaryNgDeviceOperation,0,3.787,6.922,110,,,,,"BF16, BF16 => BF16",BFLOAT16,BFLOAT16,BFLOAT16,False,DEV_1_DRAM_INTERLEAVED,,,,1034240.0,,BinaryNgDeviceOperation
1013,0.1467749409088395,,BinaryNgDeviceOperation,0,2.784,26.114,110,,,,,"BF16, BF16 => BF16",BFLOAT16,BFLOAT16,BFLOAT16,False,DEV_1_DRAM_INTERLEAVED,,,,1035264.0,,BinaryNgDeviceOperation
1014,0.16350031568954435,,BinaryNgDeviceOperation,0,3.772,28.419,110,,,,,"BF16, BF16 => BF16",BFLOAT16,BFLOAT16,BFLOAT16,False,DEV_1_DRAM_INTERLEAVED,,,,1036288.0,,BinaryNgDeviceOperation
1015,0.29180776109196327,SLOW,MatmulDeviceOperation b={32} x 64 x 64 x 64,0,53.725,3.728,4.0,14.638101442531408,2.8590041879944157,0.31227949744067,2.823707839994485,HiFi2 BF16 x BF16 => BF16,BFLOAT16,BFLOAT16,BFLOAT16,False,DEV_1_DRAM_INTERLEAVED,1,1,1,1037312.0,"If possible place input 0 in L1 (currently in DEV_1_DRAM_INTERLEAVED) • in0_block_w=1 is small, try in0_block_w=2 or above • Output subblock 1x1 is small, try out_subblock_h * out_subblock_w >= 2 if possible • If your matmuls are not FLOP-bound use HiFi4 with BF16 activations for full accuracy",MatmulDeviceOperation
1016,0.017675160715716016,,BinaryNgDeviceOperation,0,2.959,0.521,110,,,,,"BF16, BF16 => BF16",BFLOAT16,BFLOAT16,BFLOAT16,False,DEV_1_DRAM_INTERLEAVED,,,,1038336.0,,BinaryNgDeviceOperation
1017,0.06934961046332945,,BinaryNgDeviceOperation,0,3.724,9.93,110,,,,,"BF16, BF16 => BF16",BFLOAT16,BFLOAT16,BFLOAT16,False,DEV_1_DRAM_INTERLEAVED,,,,1039360.0,,BinaryNgDeviceOperation
1018,0.1457083363828911,,BinaryNgDeviceOperation,0,2.701,25.987,110,,,,,"BF16, BF16 => BF16",BFLOAT16,BFLOAT16,BFLOAT16,False,DEV_1_DRAM_INTERLEAVED,,,,1040384.0,,BinaryNgDeviceOperation
1019,0.16953932893408064,,BinaryNgDeviceOperation,0,3.935,29.445,110,,,,,"BF16, BF16 => BF16",BFLOAT16,BFLOAT16,BFLOAT16,False,DEV_1_DRAM_INTERLEAVED,,,,1041408.0,,BinaryNgDeviceOperation
1020,0.28999961246702216,SLOW,MatmulDeviceOperation b={32} x 64 x 64 x 64,0,53.785,3.312,4.0,14.62177186948034,2.855814818257879,0.3119311332155806,2.8205578451929667,HiFi2 BF16 x BF16 => BF16,BFLOAT16,BFLOAT16,BFLOAT16,False,DEV_1_DRAM_INTERLEAVED,1,1,1,1042432.0,"If possible place input 0 in L1 (currently in DEV_1_DRAM_INTERLEAVED) • in0_block_w=1 is small, try in0_block_w=2 or above • Output subblock 1x1 is small, try out_subblock_h * out_subblock_w >= 2 if possible • If your matmuls are not FLOP-bound use HiFi4 with BF16 activations for full accuracy",MatmulDeviceOperation
1021,0.018035774626869994,,BinaryNgDeviceOperation,0,3.016,0.535,110,,,,,"BF16, BF16 => BF16",BFLOAT16,BFLOAT16,BFLOAT16,False,DEV_1_DRAM_INTERLEAVED,,,,1043456.0,,BinaryNgDeviceOperation
1022,0.05350799371841041,,BinaryNgDeviceOperation,0,4.056,6.479,110,,,,,"BF16, BF16 => BF16",BFLOAT16,BFLOAT16,BFLOAT16,False,DEV_1_DRAM_INTERLEAVED,,,,1044480.0,,BinaryNgDeviceOperation
1023,0.15038615908955044,,BinaryNgDeviceOperation,0,2.788,26.821,110,,,,,"BF16, BF16 => BF16",BFLOAT16,BFLOAT16,BFLOAT16,False,DEV_1_DRAM_INTERLEAVED,,,,1045504.0,,BinaryNgDeviceOperation
1024,0.16186993448559467,,BinaryNgDeviceOperation,0,3.744,28.126,110,,,,,"BF16, BF16 => BF16",BFLOAT16,BFLOAT16,BFLOAT16,False,DEV_1_DRAM_INTERLEAVED,,,,1046528.0,,BinaryNgDeviceOperation
1025,0.29084273794943855,SLOW,MatmulDeviceOperation b={32} x 64 x 64 x 64,0,53.724,3.539,4.0,14.638373911101183,2.85905740451195,0.31228531010349186,2.8237603995179748,HiFi2 BF16 x BF16 => BF16,BFLOAT16,BFLOAT16,BFLOAT16,False,DEV_1_DRAM_INTERLEAVED,1,1,1,1047552.0,"If possible place input 0 in L1 (currently in DEV_1_DRAM_INTERLEAVED) • in0_block_w=1 is small, try in0_block_w=2 or above • Output subblock 1x1 is small, try out_subblock_h * out_subblock_w >= 2 if possible • If your matmuls are not FLOP-bound use HiFi4 with BF16 activations for full accuracy",MatmulDeviceOperation
1026,0.018025616488527626,,BinaryNgDeviceOperation,0,3.024,0.525,110,,,,,"BF16, BF16 => BF16",BFLOAT16,BFLOAT16,BFLOAT16,False,DEV_1_DRAM_INTERLEAVED,,,,1048576.0,,BinaryNgDeviceOperation
1027,0.05227885897898418,,BinaryNgDeviceOperation,0,3.715,6.578,110,,,,,"BF16, BF16 => BF16",BFLOAT16,BFLOAT16,BFLOAT16,False,DEV_1_DRAM_INTERLEAVED,,,,1049600.0,,BinaryNgDeviceOperation
1028,0.14464173185694273,,BinaryNgDeviceOperation,0,2.696,25.782,110,,,,,"BF16, BF16 => BF16",BFLOAT16,BFLOAT16,BFLOAT16,False,DEV_1_DRAM_INTERLEAVED,,,,1050624.0,,BinaryNgDeviceOperation
1029,0.17089544040278642,,BinaryNgDeviceOperation,0,3.737,29.91,110,,,,,"BF16, BF16 => BF16",BFLOAT16,BFLOAT16,BFLOAT16,False,DEV_1_DRAM_INTERLEAVED,,,,1051648.0,,BinaryNgDeviceOperation
1030,0.2907462356351861,SLOW,MatmulDeviceOperation b={32} x 64 x 64 x 64,0,53.813,3.431,4.0,14.614163863750395,2.854328879638749,0.31176882909334175,2.819090251495061,HiFi2 BF16 x BF16 => BF16,BFLOAT16,BFLOAT16,BFLOAT16,False,DEV_1_DRAM_INTERLEAVED,1,1,1,1052672.0,"If possible place input 0 in L1 (currently in DEV_1_DRAM_INTERLEAVED) • in0_block_w=1 is small, try in0_block_w=2 or above • Output subblock 1x1 is small, try out_subblock_h * out_subblock_w >= 2 if possible • If your matmuls are not FLOP-bound use HiFi4 with BF16 activations for full accuracy",MatmulDeviceOperation
1031,0.017715793269085477,,BinaryNgDeviceOperation,0,2.959,0.529,110,,,,,"BF16, BF16 => BF16",BFLOAT16,BFLOAT16,BFLOAT16,False,DEV_1_DRAM_INTERLEAVED,,,,1053696.0,,BinaryNgDeviceOperation
1032,0.04559988301887885,,BinaryNgDeviceOperation,0,3.93,5.048,110,,,,,"BF16, BF16 => BF16",BFLOAT16,BFLOAT16,BFLOAT16,False,DEV_1_DRAM_INTERLEAVED,,,,1054720.0,,BinaryNgDeviceOperation
1033,0.1534945494223143,,BinaryNgDeviceOperation,0,2.639,27.582,110,,,,,"BF16, BF16 => BF16",BFLOAT16,BFLOAT16,BFLOAT16,False,DEV_1_DRAM_INTERLEAVED,,,,1055744.0,,BinaryNgDeviceOperation
1034,0.1628044832130923,,BinaryNgDeviceOperation,0,3.873,28.181,110,,,,,"BF16, BF16 => BF16",BFLOAT16,BFLOAT16,BFLOAT16,False,DEV_1_DRAM_INTERLEAVED,,,,1056768.0,,BinaryNgDeviceOperation
1035,0.2912947751056738,SLOW,MatmulDeviceOperation b={32} x 64 x 64 x 64,0,53.75,3.602,4.0,14.631293023255811,2.8576744186046508,0.31213425116279064,2.822394487510766,HiFi2 BF16 x BF16 => BF16,BFLOAT16,BFLOAT16,BFLOAT16,False,DEV_1_DRAM_INTERLEAVED,1,1,1,1057792.0,"If possible place input 0 in L1 (currently in DEV_1_DRAM_INTERLEAVED) • in0_block_w=1 is small, try in0_block_w=2 or above • Output subblock 1x1 is small, try out_subblock_h * out_subblock_w >= 2 if possible • If your matmuls are not FLOP-bound use HiFi4 with BF16 activations for full accuracy",MatmulDeviceOperation
1036,0.018198304840347842,,BinaryNgDeviceOperation,0,3.044,0.539,110,,,,,"BF16, BF16 => BF16",BFLOAT16,BFLOAT16,BFLOAT16,False,DEV_1_DRAM_INTERLEAVED,,,,1058816.0,,BinaryNgDeviceOperation
1037,0.149984912625027,,BinaryNgDeviceOperation,0,3.909,25.621,110,,,,,"BF16, BF16 => BF16",BFLOAT16,BFLOAT16,BFLOAT16,False,DEV_1_DRAM_INTERLEAVED,,,,1059840.0,,BinaryNgDeviceOperation
1038,0.16248958092447893,,BinaryNgDeviceOperation,0,2.627,29.365,110,,,,,"BF16, BF16 => BF16",BFLOAT16,BFLOAT16,BFLOAT16,False,DEV_1_DRAM_INTERLEAVED,,,,1060864.0,,BinaryNgDeviceOperation
1039,0.16591795261502734,,BinaryNgDeviceOperation,0,3.743,28.924,110,,,,,"BF16, BF16 => BF16",BFLOAT16,BFLOAT16,BFLOAT16,False,DEV_1_DRAM_INTERLEAVED,,,,1061888.0,,BinaryNgDeviceOperation
1040,0.3021690622011761,SLOW,MatmulDeviceOperation b={32} x 64 x 64 x 64,0,53.784,5.709,4.0,14.622043730477465,2.85586791610888,0.31193693291685254,2.8206102875149424,HiFi2 BF16 x BF16 => BF16,BFLOAT16,BFLOAT16,BFLOAT16,False,DEV_1_DRAM_INTERLEAVED,1,1,1,1062912.0,"If possible place input 0 in L1 (currently in DEV_1_DRAM_INTERLEAVED) • in0_block_w=1 is small, try in0_block_w=2 or above • Output subblock 1x1 is small, try out_subblock_h * out_subblock_w >= 2 if possible • If your matmuls are not FLOP-bound use HiFi4 with BF16 activations for full accuracy",MatmulDeviceOperation
1041,0.01744660260301279,,BinaryNgDeviceOperation,0,2.915,0.52,110,,,,,"BF16, BF16 => BF16",BFLOAT16,BFLOAT16,BFLOAT16,False,DEV_1_DRAM_INTERLEAVED,,,,1063936.0,,BinaryNgDeviceOperation
1042,0.05544819814180223,,BinaryNgDeviceOperation,0,3.669,7.248,110,,,,,"BF16, BF16 => BF16",BFLOAT16,BFLOAT16,BFLOAT16,False,DEV_1_DRAM_INTERLEAVED,,,,1064960.0,,BinaryNgDeviceOperation
1043,0.1489792569291328,,BinaryNgDeviceOperation,0,2.906,26.426,110,,,,,"BF16, BF16 => BF16",BFLOAT16,BFLOAT16,BFLOAT16,False,DEV_1_DRAM_INTERLEAVED,,,,1065984.0,,BinaryNgDeviceOperation
1044,0.16462278997637572,,BinaryNgDeviceOperation,0,4.047,28.365,110,,,,,"BF16, BF16 => BF16",BFLOAT16,BFLOAT16,BFLOAT16,False,DEV_1_DRAM_INTERLEAVED,,,,1067008.0,,BinaryNgDeviceOperation
1045,0.3028039458475739,SLOW,MatmulDeviceOperation b={32} x 64 x 64 x 64,0,53.778,5.84,4.0,14.62367510878054,2.856186544683699,0.31197173565398484,2.8209249824036537,HiFi2 BF16 x BF16 => BF16,BFLOAT16,BFLOAT16,BFLOAT16,False,DEV_1_DRAM_INTERLEAVED,1,1,1,1068032.0,"If possible place input 0 in L1 (currently in DEV_1_DRAM_INTERLEAVED) • in0_block_w=1 is small, try in0_block_w=2 or above • Output subblock 1x1 is small, try out_subblock_h * out_subblock_w >= 2 if possible • If your matmuls are not FLOP-bound use HiFi4 with BF16 activations for full accuracy",MatmulDeviceOperation
1046,0.017939272312617518,,BinaryNgDeviceOperation,0,3.004,0.528,110,,,,,"BF16, BF16 => BF16",BFLOAT16,BFLOAT16,BFLOAT16,False,DEV_1_DRAM_INTERLEAVED,,,,1069056.0,,BinaryNgDeviceOperation
1047,0.04583859926992443,,BinaryNgDeviceOperation,0,4.074,4.951,110,,,,,"BF16, BF16 => BF16",BFLOAT16,BFLOAT16,BFLOAT16,False,DEV_1_DRAM_INTERLEAVED,,,,1070080.0,,BinaryNgDeviceOperation
1048,0.1461552944699552,,BinaryNgDeviceOperation,0,2.775,26.001,110,,,,,"BF16, BF16 => BF16",BFLOAT16,BFLOAT16,BFLOAT16,False,DEV_1_DRAM_INTERLEAVED,,,,1071104.0,,BinaryNgDeviceOperation
1049,0.16853875230735763,,BinaryNgDeviceOperation,0,3.757,29.426,110,,,,,"BF16, BF16 => BF16",BFLOAT16,BFLOAT16,BFLOAT16,False,DEV_1_DRAM_INTERLEAVED,,,,1072128.0,,BinaryNgDeviceOperation
1050,0.29081734260358266,SLOW,MatmulDeviceOperation b={32} x 64 x 64 x 64,0,53.851,3.407,4.0,14.603851367662624,2.852314720246606,0.3115488291768026,2.8171009582682527,HiFi2 BF16 x BF16 => BF16,BFLOAT16,BFLOAT16,BFLOAT16,False,DEV_1_DRAM_INTERLEAVED,1,1,1,1073152.0,"If possible place input 0 in L1 (currently in DEV_1_DRAM_INTERLEAVED) • in0_block_w=1 is small, try in0_block_w=2 or above • Output subblock 1x1 is small, try out_subblock_h * out_subblock_w >= 2 if possible • If your matmuls are not FLOP-bound use HiFi4 with BF16 activations for full accuracy",MatmulDeviceOperation
1051,0.017451681672183972,,BinaryNgDeviceOperation,0,2.916,0.52,110,,,,,"BF16, BF16 => BF16",BFLOAT16,BFLOAT16,BFLOAT16,False,DEV_1_DRAM_INTERLEAVED,,,,1074176.0,,BinaryNgDeviceOperation
1052,0.03840792107248405,,BinaryNgDeviceOperation,0,3.681,3.881,110,,,,,"BF16, BF16 => BF16",BFLOAT16,BFLOAT16,BFLOAT16,False,DEV_1_DRAM_INTERLEAVED,,,,1075200.0,,BinaryNgDeviceOperation
1053,0.1511327822577143,,BinaryNgDeviceOperation,0,2.859,26.897,110,,,,,"BF16, BF16 => BF16",BFLOAT16,BFLOAT16,BFLOAT16,False,DEV_1_DRAM_INTERLEAVED,,,,1076224.0,,BinaryNgDeviceOperation
1054,0.161544874058639,,BinaryNgDeviceOperation,0,3.764,28.042,110,,,,,"BF16, BF16 => BF16",BFLOAT16,BFLOAT16,BFLOAT16,False,DEV_1_DRAM_INTERLEAVED,,,,1077248.0,,BinaryNgDeviceOperation
1055,0.2910509797854571,SLOW,MatmulDeviceOperation b={32} x 64 x 64 x 64,0,53.676,3.628,4.0,14.651464341605184,2.8616141292197623,0.31256457262091064,2.8262855597232224,HiFi2 BF16 x BF16 => BF16,BFLOAT16,BFLOAT16,BFLOAT16,False,DEV_1_DRAM_INTERLEAVED,1,1,1,1078272.0,"If possible place input 0 in L1 (currently in DEV_1_DRAM_INTERLEAVED) • in0_block_w=1 is small, try in0_block_w=2 or above • Output subblock 1x1 is small, try out_subblock_h * out_subblock_w >= 2 if possible • If your matmuls are not FLOP-bound use HiFi4 with BF16 activations for full accuracy",MatmulDeviceOperation
1056,0.01737041656544505,,BinaryNgDeviceOperation,0,2.896,0.524,110,,,,,"BF16, BF16 => BF16",BFLOAT16,BFLOAT16,BFLOAT16,False,DEV_1_DRAM_INTERLEAVED,,,,1079296.0,,BinaryNgDeviceOperation
1057,0.04267433917627758,,BinaryNgDeviceOperation,0,3.672,4.73,110,,,,,"BF16, BF16 => BF16",BFLOAT16,BFLOAT16,BFLOAT16,False,DEV_1_DRAM_INTERLEAVED,,,,1080320.0,,BinaryNgDeviceOperation
1058,0.15373326567335988,,BinaryNgDeviceOperation,0,2.829,27.439,110,,,,,"BF16, BF16 => BF16",BFLOAT16,BFLOAT16,BFLOAT16,False,DEV_1_DRAM_INTERLEAVED,,,,1081344.0,,BinaryNgDeviceOperation
1059,0.1640691714367168,,BinaryNgDeviceOperation,0,3.941,28.362,110,,,,,"BF16, BF16 => BF16",BFLOAT16,BFLOAT16,BFLOAT16,False,DEV_1_DRAM_INTERLEAVED,,,,1082368.0,,BinaryNgDeviceOperation
1060,0.2892936218522278,SLOW,MatmulDeviceOperation b={32} x 64 x 64 x 64,0,53.696,3.262,4.0,14.646007151370679,2.860548271752086,0.31244815256257447,2.825232860989714,HiFi2 BF16 x BF16 => BF16,BFLOAT16,BFLOAT16,BFLOAT16,False,DEV_1_DRAM_INTERLEAVED,1,1,1,1083392.0,"If possible place input 0 in L1 (currently in DEV_1_DRAM_INTERLEAVED) • in0_block_w=1 is small, try in0_block_w=2 or above • Output subblock 1x1 is small, try out_subblock_h * out_subblock_w >= 2 if possible • If your matmuls are not FLOP-bound use HiFi4 with BF16 activations for full accuracy",MatmulDeviceOperation
1061,0.0175024723638958,,BinaryNgDeviceOperation,0,2.925,0.521,110,,,,,"BF16, BF16 => BF16",BFLOAT16,BFLOAT16,BFLOAT16,False,DEV_1_DRAM_INTERLEAVED,,,,1084416.0,,BinaryNgDeviceOperation
1062,0.04230864619595242,,BinaryNgDeviceOperation,0,3.974,4.356,110,,,,,"BF16, BF16 => BF16",BFLOAT16,BFLOAT16,BFLOAT16,False,DEV_1_DRAM_INTERLEAVED,,,,1085440.0,,BinaryNgDeviceOperation
1063,0.1500712568009371,,BinaryNgDeviceOperation,0,2.677,26.87,110,,,,,"BF16, BF16 => BF16",BFLOAT16,BFLOAT16,BFLOAT16,False,DEV_1_DRAM_INTERLEAVED,,,,1086464.0,,BinaryNgDeviceOperation
1064,0.16702518969434516,,BinaryNgDeviceOperation,0,3.742,29.143,110,,,,,"BF16, BF16 => BF16",BFLOAT16,BFLOAT16,BFLOAT16,False,DEV_1_DRAM_INTERLEAVED,,,,1087488.0,,BinaryNgDeviceOperation
1065,0.29230043080156803,SLOW,MatmulDeviceOperation b={32} x 64 x 64 x 64,0,53.744,3.806,4.0,14.632926466210181,2.857993450431676,0.3121690979458172,2.8227095806732603,HiFi2 BF16 x BF16 => BF16,BFLOAT16,BFLOAT16,BFLOAT16,False,DEV_1_DRAM_INTERLEAVED,1,1,1,1088512.0,"If possible place input 0 in L1 (currently in DEV_1_DRAM_INTERLEAVED) • in0_block_w=1 is small, try in0_block_w=2 or above • Output subblock 1x1 is small, try out_subblock_h * out_subblock_w >= 2 if possible • If your matmuls are not FLOP-bound use HiFi4 with BF16 activations for full accuracy",MatmulDeviceOperation
1066,0.017431365395499242,,BinaryNgDeviceOperation,0,2.875,0.557,110,,,,,"BF16, BF16 => BF16",BFLOAT16,BFLOAT16,BFLOAT16,False,DEV_1_DRAM_INTERLEAVED,,,,1089536.0,,BinaryNgDeviceOperation
1067,0.03550269350656752,,BinaryNgDeviceOperation,0,3.741,3.249,110,,,,,"BF16, BF16 => BF16",BFLOAT16,BFLOAT16,BFLOAT16,False,DEV_1_DRAM_INTERLEAVED,,,,1090560.0,,BinaryNgDeviceOperation
1068,0.1508077218307586,,BinaryNgDeviceOperation,0,2.611,27.081,110,,,,,"BF16, BF16 => BF16",BFLOAT16,BFLOAT16,BFLOAT16,False,DEV_1_DRAM_INTERLEAVED,,,,1091584.0,,BinaryNgDeviceOperation
1069,0.15980783240209445,,BinaryNgDeviceOperation,0,3.516,27.948,110,,,,,"BF16, BF16 => BF16",BFLOAT16,BFLOAT16,BFLOAT16,False,DEV_1_DRAM_INTERLEAVED,,,,1092608.0,,BinaryNgDeviceOperation
1070,0.35526057224754953,SLOW,MatmulDeviceOperation b={32} x 64 x 64 x 128,0,53.97,15.976,8.0,24.286084861960347,4.743375949601631,0.6217237724661848,2.8108894516157807,HiFi2 BF16 x BF16 => BF16,BFLOAT16,BFLOAT16,BFLOAT16,False,DEV_1_DRAM_INTERLEAVED,1,1,1,1093632.0,"If possible place input 0 in L1 (currently in DEV_1_DRAM_INTERLEAVED) • in0_block_w=1 is small, try in0_block_w=2 or above • Output subblock 1x1 is small, try out_subblock_h * out_subblock_w >= 2 if possible • If your matmuls are not FLOP-bound use HiFi4 with BF16 activations for full accuracy",MatmulDeviceOperation
1071,0.014968016847475603,,UnaryDeviceOperation,0,2.422,0.525,110,,,,,BF16 => BF16,BFLOAT16,BFLOAT16,nan,False,DEV_1_DRAM_INTERLEAVED,,,,1094656.0,,UnaryDeviceOperation
1072,0.1666239432298217,,BinaryNgDeviceOperation,0,4.54,28.266,110,,,,,"BF16, BF16 => BF16",BFLOAT16,BFLOAT16,BFLOAT16,False,DEV_1_DRAM_INTERLEAVED,,,,1095680.0,,BinaryNgDeviceOperation
1073,0.31443501424958253,SLOW,MatmulDeviceOperation b={32} x 64 x 64 x 128,0,53.955,7.953,8.0,24.29283662311185,4.744694652951533,0.6218966175516635,2.8116709054527607,HiFi2 BF16 x BF16 => BF16,BFLOAT16,BFLOAT16,BFLOAT16,False,DEV_1_DRAM_INTERLEAVED,1,1,1,1096704.0,"If possible place input 0 in L1 (currently in DEV_1_DRAM_INTERLEAVED) • in0_block_w=1 is small, try in0_block_w=2 or above • Output subblock 1x1 is small, try out_subblock_h * out_subblock_w >= 2 if possible • If your matmuls are not FLOP-bound use HiFi4 with BF16 activations for full accuracy",MatmulDeviceOperation
1074,0.46264733173386674,SLOW,MatmulDeviceOperation b={32} x 64 x 128 x 128,0,90.48,0.609,8.0,23.178072502210433,4.5269672855879755,0.7416983200707339,3.353309100435537,HiFi2 BF16 x BF16 => BF16,BFLOAT16,BFLOAT16,BFLOAT16,False,DEV_1_DRAM_INTERLEAVED,1,1,1,1097728.0,"If possible place input 0 in L1 (currently in DEV_1_DRAM_INTERLEAVED) • in0_block_w=1 is small, try in0_block_w=2 or above • Output subblock 1x1 is small, try out_subblock_h * out_subblock_w >= 2 if possible • If your matmuls are not FLOP-bound use HiFi4 with BF16 activations for full accuracy",MatmulDeviceOperation
1075,0.029677001167220884,,BinaryNgDeviceOperation,0,5.318,0.525,110,,,,,"BF16, BF16 => BF16",BFLOAT16,BFLOAT16,BFLOAT16,False,DEV_1_DRAM_INTERLEAVED,,,,1098752.0,,BinaryNgDeviceOperation
1076,0.02088513243190352,,TransposeDeviceOperation,0,3.61,0.502,110,,,,,BF16 => BF16,BFLOAT16,BFLOAT16,nan,False,DEV_1_DRAM_INTERLEAVED,,,,1099776.0,,TransposeDeviceOperation
1077,0.46116932260505256,SLOW,MatmulDeviceOperation b={32} x 64 x 128 x 64,0,89.806,0.992,4.0,14.595015923212257,2.850589047502394,0.3736324076342338,3.3784759081509854,HiFi2 BF16 x BF16 => BF16,BFLOAT16,BFLOAT16,BFLOAT16,False,DEV_1_DRAM_INTERLEAVED,1,1,1,1100800.0,"If possible place input 0 in L1 (currently in DEV_1_DRAM_INTERLEAVED) • in0_block_w=1 is small, try in0_block_w=2 or above • Output subblock 1x1 is small, try out_subblock_h * out_subblock_w >= 2 if possible • If your matmuls are not FLOP-bound use HiFi4 with BF16 activations for full accuracy",MatmulDeviceOperation
1078,0.021271141688913413,,BinaryNgDeviceOperation,0,3.655,0.533,110,,,,,"BF16, BF16 => BF16",BFLOAT16,BFLOAT16,BFLOAT16,False,DEV_1_DRAM_INTERLEAVED,,,,1101824.0,,BinaryNgDeviceOperation
1079,0.02708159682074649,,BinaryNgDeviceOperation,0,4.87,0.462,110,,,,,"BF16, BF16 => BF16",BFLOAT16,BFLOAT16,BFLOAT16,False,DEV_1_DRAM_INTERLEAVED,,,,1102848.0,,BinaryNgDeviceOperation
1080,0.4611744016742237,SLOW,MatmulDeviceOperation b={32} x 64 x 128 x 128,0,90.192,0.607,8.0,23.252084442079116,4.541422742593578,0.7440667021465317,3.364016846365613,HiFi2 BF16 x BF16 => BF16,BFLOAT16,BFLOAT16,BFLOAT16,False,DEV_1_DRAM_INTERLEAVED,1,1,1,1103872.0,"If possible place input 0 in L1 (currently in DEV_1_DRAM_INTERLEAVED) • in0_block_w=1 is small, try in0_block_w=2 or above • Output subblock 1x1 is small, try out_subblock_h * out_subblock_w >= 2 if possible • If your matmuls are not FLOP-bound use HiFi4 with BF16 activations for full accuracy",MatmulDeviceOperation
1081,0.28141598556772335,SLOW,MatmulDeviceOperation b={32} x 64 x 64 x 128,0,54.04,1.367,8.0,24.25462620281273,4.737231680236861,0.6209184307920058,2.807248403103325,HiFi2 BF16 x BF16 => BF16,BFLOAT16,BFLOAT16,BFLOAT16,False,DEV_1_DRAM_INTERLEAVED,1,1,1,1104896.0,"If possible place input 0 in L1 (currently in DEV_1_DRAM_INTERLEAVED) • in0_block_w=1 is small, try in0_block_w=2 or above • Output subblock 1x1 is small, try out_subblock_h * out_subblock_w >= 2 if possible • If your matmuls are not FLOP-bound use HiFi4 with BF16 activations for full accuracy",MatmulDeviceOperation
1082,0.03155625676055851,,BinaryNgDeviceOperation,0,5.659,0.554,110,,,,,"BF16, BF16 => BF16",BFLOAT16,BFLOAT16,BFLOAT16,False,DEV_1_DRAM_INTERLEAVED,,,,1105920.0,,BinaryNgDeviceOperation
1083,0.056702728227084366,,UntilizeWithUnpaddingDeviceOperation,0,10.594,0.57,64,,,,,BF16 => BF16,BFLOAT16,BFLOAT16,nan,False,DEV_1_DRAM_INTERLEAVED,,,,1106944.0,,UntilizeWithUnpaddingDeviceOperation
1084,0.012062789281559062,,SliceDeviceOperation,0,1.785,0.59,32,,,,,BF16 => BF16,BFLOAT16,BFLOAT16,nan,False,DEV_1_DRAM_INTERLEAVED,,,,1107968.0,,SliceDeviceOperation
1085,0.017913876966761607,,TilizeWithValPaddingDeviceOperation,0,2.94,0.587,32,,,,,BF16 => BF16,BFLOAT16,BFLOAT16,nan,False,DEV_1_DRAM_INTERLEAVED,,,,1108992.0,,TilizeWithValPaddingDeviceOperation
1086,0.014901988948250226,,UnaryDeviceOperation,0,2.41,0.524,110,,,,,BF16 => BF16,BFLOAT16,BFLOAT16,nan,False,DEV_1_DRAM_INTERLEAVED,,,,1110016.0,,UnaryDeviceOperation
1087,0.03843331641833997,,BinaryNgDeviceOperation,0,7.037,0.53,110,,,,,"BF16, BF16 => BF16",BFLOAT16,BFLOAT16,BFLOAT16,False,DEV_1_DRAM_INTERLEAVED,,,,1111040.0,,BinaryNgDeviceOperation
1088,0.015709560946468287,,BinaryNgDeviceOperation,0,2.574,0.519,110,,,,,"BF16, BF16 => BF16",BFLOAT16,BFLOAT16,BFLOAT16,False,DEV_1_DRAM_INTERLEAVED,,,,1112064.0,,BinaryNgDeviceOperation
1089,0.053177854222283535,,UnaryDeviceOperation,0,1.784,8.686,110,,,,,BF16 => BF16,BFLOAT16,BFLOAT16,nan,False,DEV_1_DRAM_INTERLEAVED,,,,1113088.0,,UnaryDeviceOperation
1090,0.19181612631888822,,BinaryNgDeviceOperation,0,4.504,33.262,110,,,,,"BF16, BF16 => BF16",BFLOAT16,BFLOAT16,BFLOAT16,False,DEV_1_DRAM_INTERLEAVED,,,,1114112.0,,BinaryNgDeviceOperation
1091,0.05012533365040269,,TransposeDeviceOperation,0,3.508,6.361,110,,,,,BF16 => BF16,BFLOAT16,BFLOAT16,nan,False,DEV_1_DRAM_INTERLEAVED,,,,1115136.0,,TransposeDeviceOperation
1092,0.3843230060450573,SLOW,MatmulDeviceOperation b={32} x 128 x 64 x 128,0,55.592,20.076,16.0,37.72398906317455,7.367966613901279,1.2071676500215858,2.728876523667141,HiFi2 BF16 x BF16 => BF16,BFLOAT16,BFLOAT16,BFLOAT16,False,DEV_1_DRAM_INTERLEAVED,1,1,1,1116160.0,"If possible place input 0 in L1 (currently in DEV_1_DRAM_INTERLEAVED) • in0_block_w=1 is small, try in0_block_w=2 or above • Output subblock 1x1 is small, try out_subblock_h * out_subblock_w >= 2 if possible • If your matmuls are not FLOP-bound use HiFi4 with BF16 activations for full accuracy",MatmulDeviceOperation
1093,0.04960218952577086,,BinaryNgDeviceOperation,0,9.165,0.601,110,,,,,"BF16, BF16 => BF16",BFLOAT16,BFLOAT16,BFLOAT16,False,DEV_1_DRAM_INTERLEAVED,,,,1117184.0,,BinaryNgDeviceOperation
1094,0.08482045515875214,,SliceDeviceOperation,0,2.523,14.177,110,,,,,BF16 => BF16,BFLOAT16,BFLOAT16,nan,False,DEV_1_DRAM_INTERLEAVED,,,,1118208.0,,SliceDeviceOperation
1095,0.11413176334564788,,SliceDeviceOperation,0,2.49,19.981,110,,,,,BF16 => BF16,BFLOAT16,BFLOAT16,nan,False,DEV_1_DRAM_INTERLEAVED,,,,1119232.0,,SliceDeviceOperation
1096,0.2110657984776709,,LayerNormDeviceOperation,0,5.144,36.412,32,,,,,"BF16, BF16 => BF16",BFLOAT16,BFLOAT16,BFLOAT16,False,DEV_1_DRAM_INTERLEAVED,,,,1120256.0,,LayerNormDeviceOperation
1097,0.29048720310745574,,BinaryNgDeviceOperation,0,5.724,51.469,110,,,,,"BF16, BF16 => BF16",BFLOAT16,BFLOAT16,BFLOAT16,False,DEV_1_DRAM_INTERLEAVED,,,,1121280.0,,BinaryNgDeviceOperation
1098,0.16163121823454907,,TransposeDeviceOperation,0,2.672,29.151,110,,,,,BF16 => BF16,BFLOAT16,BFLOAT16,nan,False,DEV_1_DRAM_INTERLEAVED,,,,1122304.0,,TransposeDeviceOperation
1099,0.1423815460757664,,ReshapeViewDeviceOperation,0,9.156,18.877,110,,,,,BF16 => BF16,BFLOAT16,BFLOAT16,nan,False,DEV_1_DRAM_INTERLEAVED,,,,1123328.0,,ReshapeViewDeviceOperation
1100,0.481800501578397,SLOW,MatmulDeviceOperation 32 x 4096 x 2048,0,73.251,21.609,64.0,119.88674557343926,23.415379994812355,7.329195669683689,4.142024100795994,HiFi2 BF16 x BFP8 => BF16,BFLOAT16,BFLOAT16,BFLOAT8_B,False,DEV_1_DRAM_INTERLEAVED,2,1,1,1124352.0,"If possible place input 0 in L1 (currently in DEV_1_DRAM_INTERLEAVED) • Output subblock 1x1 is small, try out_subblock_h * out_subblock_w >= 2 if possible • If your matmuls are not FLOP-bound use HiFi4 with BF16 activations for full accuracy",MatmulDeviceOperation
1101,0.01586193302160377,,BinaryNgDeviceOperation,0,2.544,0.579,110,,,,,"BF16, BF16 => BF16",BFLOAT16,BFLOAT16,BFLOAT16,False,DEV_1_DRAM_INTERLEAVED,,,,1125376.0,,BinaryNgDeviceOperation
1102,0.135367351550363,,LayerNormDeviceOperation,0,26.073,0.579,1,,,,,"BF16, BF16 => BF16",BFLOAT16,BFLOAT16,BFLOAT16,False,DEV_1_DRAM_INTERLEAVED,,,,1126400.0,,LayerNormDeviceOperation
1103,0.15055376837219944,SLOW,MatmulDeviceOperation 32 x 2048 x 256,0,24.613,5.029,8.0,48.593507496038676,9.490919432820053,1.3632808678340713,6.163560057843566,HiFi2 BF16 x BF16 => BF16,BFLOAT16,BFLOAT16,BFLOAT16,False,DEV_1_DRAM_INTERLEAVED,2,1,1,1127424.0,"If possible place input 0 in L1 (currently in DEV_1_DRAM_INTERLEAVED) • Output subblock 1x1 is small, try out_subblock_h * out_subblock_w >= 2 if possible • If your matmuls are not FLOP-bound use HiFi4 with BF16 activations for full accuracy",MatmulDeviceOperation
1104,0.1590002604038764,,SoftmaxDeviceOperation,0,5.715,25.59,110,,,,,BF16 => BF16,BFLOAT16,BFLOAT16,nan,False,DEV_1_DRAM_INTERLEAVED,,,,1128448.0,,SoftmaxDeviceOperation
1105,0.10898666627523973,,FillPadDeviceOperation,0,4.007,17.451,8,,,,,BF16 => BF16,BFLOAT16,BFLOAT16,nan,False,DEV_1_DRAM_INTERLEAVED,,,,1129472.0,,FillPadDeviceOperation
1106,0.3544428421109891,,TopKDeviceOperation,0,44.961,24.824,1,,,,,BF16 => BF16,BFLOAT16,BFLOAT16,nan,False,DEV_1_DRAM_INTERLEAVED,,,,1130496.0,,TopKDeviceOperation
1107,0.011778361407972828,,SliceDeviceOperation,0,0.74,1.579,1,,,,,BF16 => BF16,BFLOAT16,BFLOAT16,nan,False,DEV_1_DRAM_INTERLEAVED,,,,1131520.0,,SliceDeviceOperation
1108,0.011372035874278206,,SliceDeviceOperation,0,0.741,1.498,1,,,,,UINT16 => UINT16,UINT16,UINT16,nan,False,DEV_1_DRAM_INTERLEAVED,,,,1132544.0,,SliceDeviceOperation
1109,0.06354423440066755,,FillPadDeviceOperation,0,10.187,2.324,1,,,,,BF16 => BF16,BFLOAT16,BFLOAT16,nan,False,DEV_1_DRAM_INTERLEAVED,,,,1133568.0,,FillPadDeviceOperation
1110,0.06409785294032647,,ReduceDeviceOperation,0,1.206,11.414,1,,,,,BF16 => BF16,BFLOAT16,BFLOAT16,nan,False,DEV_1_DRAM_INTERLEAVED,,,,1134592.0,,ReduceDeviceOperation
1111,0.3412626576117698,,BinaryNgDeviceOperation,0,2.515,64.675,110,,,,,"BF16, BF16 => BF16",BFLOAT16,BFLOAT16,BFLOAT16,False,DEV_1_DRAM_INTERLEAVED,,,,1135616.0,,BinaryNgDeviceOperation
1112,0.5081507124384931,,UnaryDeviceOperation,0,1.107,98.941,110,,,,,BF16 => BF16,BFLOAT16,BFLOAT16,nan,False,DEV_1_DRAM_INTERLEAVED,,,,1136640.0,,UnaryDeviceOperation
1113,0.13325953784432215,,UntilizeWithUnpaddingDeviceOperation,0,5.248,20.989,1,,,,,BF16 => BF16,BFLOAT16,BFLOAT16,nan,False,DEV_1_DRAM_INTERLEAVED,,,,1137664.0,,UntilizeWithUnpaddingDeviceOperation
1114,0.05462538893607062,,UntilizeWithUnpaddingDeviceOperation,0,2.195,8.56,1,,,,,UINT16 => UINT16,UINT16,UINT16,nan,False,DEV_1_DRAM_INTERLEAVED,,,,1138688.0,,UntilizeWithUnpaddingDeviceOperation
1115,0.06277729495581895,,UntilizeWithUnpaddingDeviceOperation,0,2.207,10.153,1,,,,,BF16 => BF16,BFLOAT16,BFLOAT16,nan,False,DEV_1_DRAM_INTERLEAVED,,,,1139712.0,,UntilizeWithUnpaddingDeviceOperation
1116,0.10026082543914776,,ScatterDeviceOperation,0,4.084,15.656,5,,,,,"BF16, UINT16 => BF16",BFLOAT16,BFLOAT16,UINT16,False,DEV_1_DRAM_INTERLEAVED,,,,1140736.0,,ScatterDeviceOperation
1117,0.10501991325254599,,TilizeWithValPaddingDeviceOperation,0,9.513,11.164,1,,,,,BF16 => BF16,BFLOAT16,BFLOAT16,nan,False,DEV_1_DRAM_INTERLEAVED,,,,1141760.0,,TilizeWithValPaddingDeviceOperation
1118,0.2133158261205049,,FillPadDeviceOperation,0,4.354,37.645,64,,,,,BF16 => BF16,BFLOAT16,BFLOAT16,nan,False,DEV_1_DRAM_INTERLEAVED,,,,1142784.0,,FillPadDeviceOperation
1119,0.061857983435834867,,FillPadDeviceOperation,0,4.14,8.039,8,,,,,BF16 => BF16,BFLOAT16,BFLOAT16,nan,False,DEV_1_DRAM_INTERLEAVED,,,,1143808.0,,FillPadDeviceOperation
1120,0.7948489299442465,,UnaryDeviceOperation,0,87.128,69.367,110,,,,,BF16 => BF16,BFLOAT16,BFLOAT16,nan,False,DEV_1_DRAM_INTERLEAVED,,,,1144832.0,,UnaryDeviceOperation
1121,20.863840973937926,SLOW,SparseMatmulDeviceOperation active=256/256 x 32 x 2048 x 1024,0,4107.209,0.599,32.0,142.96875566838696,27.92358509148183,8.3657146173959,4.727802766811738,LoFi BF16 x BFP8 => BF16,BFLOAT16,BFLOAT16,BFLOAT8_B,False,DEV_1_DRAM_INTERLEAVED,4,1,1,1145856.0,"If possible place input 0 in L1 (currently in DEV_1_DRAM_INTERLEAVED) • Output subblock 1x1 is small, try out_subblock_h * out_subblock_w >= 2 if possible • Use HiFi2 or HiFi4 with BF16 activations for improved accuracy",SparseMatmulDeviceOperation
1122,0.5165159393634312,,PermuteDeviceOperation,0,101.176,0.519,110,,,,,BF16 => BF16,BFLOAT16,BFLOAT16,nan,False,DEV_1_DRAM_INTERLEAVED,,,,1146880.0,,PermuteDeviceOperation
1123,0.2295383730532626,,SliceDeviceOperation,0,44.616,0.577,110,,,,,BF16 => BF16,BFLOAT16,BFLOAT16,nan,False,DEV_1_DRAM_INTERLEAVED,,,,1147904.0,,SliceDeviceOperation
1124,0.2303611822589942,,SliceDeviceOperation,0,44.796,0.559,110,,,,,BF16 => BF16,BFLOAT16,BFLOAT16,nan,False,DEV_1_DRAM_INTERLEAVED,,,,1148928.0,,SliceDeviceOperation
1125,0.34618427563864596,,BinaryNgDeviceOperation,0,67.563,0.596,110,,,,,"BF16, BF16 => BF16",BFLOAT16,BFLOAT16,BFLOAT16,False,DEV_1_DRAM_INTERLEAVED,,,,1149952.0,,BinaryNgDeviceOperation
1126,0.8867343703201138,,UnaryDeviceOperation,0,174.136,0.45,110,,,,,BF16 => BF16,BFLOAT16,BFLOAT16,nan,False,DEV_1_DRAM_INTERLEAVED,,,,1150976.0,,UnaryDeviceOperation
1127,6.380433353292382,SLOW,SparseMatmulDeviceOperation active=256/256 x 32 x 512 x 2048,0,1255.599,0.622,64.0,247.1955584545703,48.28038251065826,13.682608208512432,3.866296897750411,LoFi BF16 x BFP8 => BF16,BFLOAT16,BFLOAT16,BFLOAT8_B,False,DEV_1_DRAM_INTERLEAVED,4,1,1,1152000.0,"If possible place input 0 in L1 (currently in DEV_1_DRAM_INTERLEAVED) • Output subblock 1x1 is small, try out_subblock_h * out_subblock_w >= 2 if possible • Use HiFi2 or HiFi4 with BF16 activations for improved accuracy",SparseMatmulDeviceOperation
1128,0.06327504373459487,,PermuteDeviceOperation,0,11.967,0.491,110,,,,,BF16 => BF16,BFLOAT16,BFLOAT16,nan,False,DEV_1_DRAM_INTERLEAVED,,,,1153024.0,,PermuteDeviceOperation
1129,0.9703155326010975,,BinaryNgDeviceOperation,0,190.559,0.483,110,,,,,"BF16, BF16 => BF16",BFLOAT16,BFLOAT16,BFLOAT16,False,DEV_1_DRAM_INTERLEAVED,,,,1154048.0,,BinaryNgDeviceOperation
1130,0.47148491209172466,,FastReduceNCDeviceOperation,0,92.261,0.568,64,,,,,BF16 => BF16,BFLOAT16,BFLOAT16,nan,False,DEV_1_DRAM_INTERLEAVED,,,,1155072.0,,FastReduceNCDeviceOperation
1131,0.011707254439576268,,SliceDeviceOperation,0,1.791,0.514,64,,,,,BF16 => BF16,BFLOAT16,BFLOAT16,nan,False,DEV_1_DRAM_INTERLEAVED,,,,1156096.0,,SliceDeviceOperation
1132,0.15826379537405488,SLOW,MatmulDeviceOperation 32 x 2048 x 1024,0,30.673,0.487,32.0,74.78107782088482,14.605679261891567,4.3757613536334885,4.945838480217249,HiFi2 BF16 x BFP8 => BF16,BFLOAT16,BFLOAT16,BFLOAT8_B,False,DEV_1_DRAM_INTERLEAVED,2,1,1,1157120.0,"If possible place input 0 in L1 (currently in DEV_1_DRAM_INTERLEAVED) • Output subblock 1x1 is small, try out_subblock_h * out_subblock_w >= 2 if possible • If your matmuls are not FLOP-bound use HiFi4 with BF16 activations for full accuracy",MatmulDeviceOperation
1133,0.01153964515692724,,SliceDeviceOperation,0,1.633,0.639,16,,,,,BF16 => BF16,BFLOAT16,BFLOAT16,nan,False,DEV_1_DRAM_INTERLEAVED,,,,1158144.0,,SliceDeviceOperation
1134,0.011483775396044229,,SliceDeviceOperation,0,1.668,0.593,16,,,,,BF16 => BF16,BFLOAT16,BFLOAT16,nan,False,DEV_1_DRAM_INTERLEAVED,,,,1159168.0,,SliceDeviceOperation
1135,0.022530750843366736,,BinaryNgDeviceOperation,0,3.973,0.463,110,,,,,"BF16, BF16 => BF16",BFLOAT16,BFLOAT16,BFLOAT16,False,DEV_1_DRAM_INTERLEAVED,,,,1160192.0,,BinaryNgDeviceOperation
1136,0.05860230009710673,SLOW,MatmulDeviceOperation 32 x 512 x 2048,0,11.082,0.456,64.0,109.40407868615773,21.367984118390183,6.055663598628406,3.4222997587011297,HiFi2 BF16 x BFP8 => BF16,BFLOAT16,BFLOAT16,BFLOAT8_B,False,DEV_1_DRAM_INTERLEAVED,2,1,1,1161216.0,"If possible place input 0 in L1 (currently in DEV_1_DRAM_INTERLEAVED) • Output subblock 1x1 is small, try out_subblock_h * out_subblock_w >= 2 if possible • If your matmuls are not FLOP-bound use HiFi4 with BF16 activations for full accuracy",MatmulDeviceOperation
1137,0.08351513438175819,SLOW,MatmulDeviceOperation 32 x 2048 x 32,0,15.699,0.744,1.0,16.828587808140647,3.28683355627747,0.2671701382253647,9.663271781878063,HiFi2 BF16 x BF16 => BF16,BFLOAT16,BFLOAT16,BFLOAT16,False,DEV_1_DRAM_INTERLEAVED,2,1,1,1162240.0,"If possible place input 0 in L1 (currently in DEV_1_DRAM_INTERLEAVED) • Output subblock 1x1 is small, try out_subblock_h * out_subblock_w >= 2 if possible • If your matmuls are not FLOP-bound use HiFi4 with BF16 activations for full accuracy",MatmulDeviceOperation
1138,0.03175434045823464,,BinaryNgDeviceOperation,0,5.713,0.539,110,,,,,"BF16, BF16 => BF16",BFLOAT16,BFLOAT16,BFLOAT16,False,DEV_1_DRAM_INTERLEAVED,,,,1163264.0,,BinaryNgDeviceOperation
1139,0.014185840195113457,,BinaryNgDeviceOperation,0,2.284,0.509,110,,,,,"BF16, BF16 => BF16",BFLOAT16,BFLOAT16,BFLOAT16,False,DEV_1_DRAM_INTERLEAVED,,,,1164288.0,,BinaryNgDeviceOperation
1140,0.014582007590465716,,BinaryNgDeviceOperation,0,2.345,0.526,110,,,,,"BF16, BF16 => BF16",BFLOAT16,BFLOAT16,BFLOAT16,False,DEV_1_DRAM_INTERLEAVED,,,,1165312.0,,BinaryNgDeviceOperation
