ID,Total %,Bound,OP Code,Device,Device Time,Op-to-Op Gap,Cores,DRAM,DRAM %,FLOPs,FLOPs %,Math Fidelity,Output Datatype,Input 0 Datatype,Input 1 Datatype,DRAM Sharded,Input 0 Memory,Inner Dim Block Size,Output Subblock H,Output Subblock W,Global Call Count,Advice,Raw OP Code
649,0.12478497588698778,,LayerNormDeviceOperation,0,26.059,,1,,,,,"BF16, BF16 => BF16",BFLOAT16,BFLOAT16,BFLOAT16,False,DEV_1_DRAM_INTERLEAVED,,,,662528.0,,LayerNormDeviceOperation
650,0.679874365534312,DRAM,MatmulDeviceOperation 32 x 2048 x 12352,0,72.744,69.235,97.0,360.42142307269324,70.3948091938854,22.25614956559991,8.298786200899642,HiFi2 BF16 x BFP8 => BF16,BFLOAT16,BFLOAT16,BFLOAT8_B,False,DEV_1_DRAM_INTERLEAVED,2,1,4,663552.0,Try a DRAM-sharded program config (MatmulMultiCoreReuseMultiCastDRAMShardedProgramConfig) to improve throughput further • If your matmuls are not FLOP-bound use HiFi4 with BF16 activations for full accuracy,MatmulDeviceOperation
651,0.020241225414417183,,SliceDeviceOperation,0,3.691,0.536,110,,,,,BF16 => BF16,BFLOAT16,BFLOAT16,nan,False,DEV_1_DRAM_INTERLEAVED,,,,664576.0,,SliceDeviceOperation
652,0.09486129062209708,,SliceDeviceOperation,0,1.88,17.93,110,,,,,BF16 => BF16,BFLOAT16,BFLOAT16,nan,False,DEV_1_DRAM_INTERLEAVED,,,,665600.0,,SliceDeviceOperation
653,0.06813636063916302,,SliceDeviceOperation,0,0.751,13.478,1,,,,,BF16 => BF16,BFLOAT16,BFLOAT16,nan,False,DEV_1_DRAM_INTERLEAVED,,,,666624.0,,SliceDeviceOperation
654,0.09054201328029336,,SliceDeviceOperation,0,0.668,18.24,1,,,,,BF16 => BF16,BFLOAT16,BFLOAT16,nan,False,DEV_1_DRAM_INTERLEAVED,,,,667648.0,,SliceDeviceOperation
655,0.7255859193090995,,UntilizeWithUnpaddingDeviceOperation,0,2.441,149.084,86,,,,,BF16 => BF16,BFLOAT16,BFLOAT16,nan,False,DEV_1_DRAM_INTERLEAVED,,,,668672.0,,UntilizeWithUnpaddingDeviceOperation
656,0.21774042129618257,,UntilizeWithUnpaddingDeviceOperation,0,2.461,43.01,86,,,,,BF16 => BF16,BFLOAT16,BFLOAT16,nan,False,DEV_1_DRAM_INTERLEAVED,,,,669696.0,,UntilizeWithUnpaddingDeviceOperation
657,0.18446474696337328,,UntilizeWithUnpaddingDeviceOperation,0,2.453,36.069,86,,,,,BF16 => BF16,BFLOAT16,BFLOAT16,nan,False,DEV_1_DRAM_INTERLEAVED,,,,670720.0,,UntilizeWithUnpaddingDeviceOperation
658,0.19634515393123914,,UntilizeWithUnpaddingDeviceOperation,0,3.513,37.49,86,,,,,BF16 => BF16,BFLOAT16,BFLOAT16,nan,False,DEV_1_DRAM_INTERLEAVED,,,,671744.0,,UntilizeWithUnpaddingDeviceOperation
659,0.018742407445476422,,ConcatDeviceOperation,0,2.67,1.244,8,,,,,"BF16, BF16 => BF16",BFLOAT16,BFLOAT16,BFLOAT16,False,DEV_1_DRAM_INTERLEAVED,,,,672768.0,,ConcatDeviceOperation
660,0.3147757162566155,,TilizeWithValPaddingDeviceOperation,0,8.807,56.928,86,,,,,BF16 => BF16,BFLOAT16,BFLOAT16,nan,False,DEV_1_DRAM_INTERLEAVED,,,,673792.0,,TilizeWithValPaddingDeviceOperation
661,0.017885255955251523,,SliceDeviceOperation,0,3.068,0.667,110,,,,,BF16 => BF16,BFLOAT16,BFLOAT16,nan,False,DEV_1_DRAM_INTERLEAVED,,,,674816.0,,SliceDeviceOperation
662,0.37102209281628995,,BinaryNgDeviceOperation,0,6.14,71.341,110,,,,,"BF16, BF16 => BF16",BFLOAT16,BFLOAT16,BFLOAT16,False,DEV_1_DRAM_INTERLEAVED,,,,675840.0,,BinaryNgDeviceOperation
663,0.45393593668916277,,UntilizeWithUnpaddingDeviceOperation,0,4.404,90.392,86,,,,,BF16 => BF16,BFLOAT16,BFLOAT16,nan,False,DEV_1_DRAM_INTERLEAVED,,,,676864.0,,UntilizeWithUnpaddingDeviceOperation
664,0.014787060345332448,,SliceDeviceOperation,0,1.94,1.148,5,,,,,BF16 => BF16,BFLOAT16,BFLOAT16,nan,False,DEV_1_DRAM_INTERLEAVED,,,,677888.0,,SliceDeviceOperation
665,0.2764768468777395,,TilizeWithValPaddingDeviceOperation,0,8.139,49.598,86,,,,,BF16 => BF16,BFLOAT16,BFLOAT16,nan,False,DEV_1_DRAM_INTERLEAVED,,,,678912.0,,TilizeWithValPaddingDeviceOperation
666,0.028913299988703796,,BinaryNgDeviceOperation,0,5.495,0.543,110,,,,,"BF16, BF16 => BF16",BFLOAT16,BFLOAT16,BFLOAT16,False,DEV_1_DRAM_INTERLEAVED,,,,679936.0,,BinaryNgDeviceOperation
667,0.2188034806862939,,BinaryNgDeviceOperation,0,5.439,40.254,110,,,,,"BF16, BF16 => BF16",BFLOAT16,BFLOAT16,BFLOAT16,False,DEV_1_DRAM_INTERLEAVED,,,,680960.0,,BinaryNgDeviceOperation
668,0.3417496511417378,,UntilizeWithUnpaddingDeviceOperation,0,4.359,67.009,86,,,,,BF16 => BF16,BFLOAT16,BFLOAT16,nan,False,DEV_1_DRAM_INTERLEAVED,,,,681984.0,,UntilizeWithUnpaddingDeviceOperation
669,0.015289858705520243,,SliceDeviceOperation,0,1.947,1.246,5,,,,,BF16 => BF16,BFLOAT16,BFLOAT16,nan,False,DEV_1_DRAM_INTERLEAVED,,,,683008.0,,SliceDeviceOperation
670,0.19689104929372872,,TilizeWithValPaddingDeviceOperation,0,8.151,32.966,86,,,,,BF16 => BF16,BFLOAT16,BFLOAT16,nan,False,DEV_1_DRAM_INTERLEAVED,,,,684032.0,,TilizeWithValPaddingDeviceOperation
671,0.03103941876892647,,BinaryNgDeviceOperation,0,5.956,0.526,110,,,,,"BF16, BF16 => BF16",BFLOAT16,BFLOAT16,BFLOAT16,False,DEV_1_DRAM_INTERLEAVED,,,,685056.0,,BinaryNgDeviceOperation
672,0.08503038554147291,,BinaryNgDeviceOperation,0,5.444,12.313,110,,,,,"BF16, BF16 => BF16",BFLOAT16,BFLOAT16,BFLOAT16,False,DEV_1_DRAM_INTERLEAVED,,,,686080.0,,BinaryNgDeviceOperation
673,0.3655583506355827,,UntilizeWithUnpaddingDeviceOperation,0,4.33,72.01,86,,,,,BF16 => BF16,BFLOAT16,BFLOAT16,nan,False,DEV_1_DRAM_INTERLEAVED,,,,687104.0,,UntilizeWithUnpaddingDeviceOperation
674,0.014863677238313446,,SliceDeviceOperation,0,1.961,1.143,5,,,,,BF16 => BF16,BFLOAT16,BFLOAT16,nan,False,DEV_1_DRAM_INTERLEAVED,,,,688128.0,,SliceDeviceOperation
675,0.19768116100259522,,TilizeWithValPaddingDeviceOperation,0,8.278,33.004,86,,,,,BF16 => BF16,BFLOAT16,BFLOAT16,nan,False,DEV_1_DRAM_INTERLEAVED,,,,689152.0,,TilizeWithValPaddingDeviceOperation
676,0.028238113619308763,,BinaryNgDeviceOperation,0,5.351,0.546,110,,,,,"BF16, BF16 => BF16",BFLOAT16,BFLOAT16,BFLOAT16,False,DEV_1_DRAM_INTERLEAVED,,,,690176.0,,BinaryNgDeviceOperation
677,0.07375812516164368,,BinaryNgDeviceOperation,0,5.39,10.013,110,,,,,"BF16, BF16 => BF16",BFLOAT16,BFLOAT16,BFLOAT16,False,DEV_1_DRAM_INTERLEAVED,,,,691200.0,,BinaryNgDeviceOperation
678,0.35421905047439506,,UntilizeWithUnpaddingDeviceOperation,0,2.424,71.548,86,,,,,BF16 => BF16,BFLOAT16,BFLOAT16,nan,False,DEV_1_DRAM_INTERLEAVED,,,,692224.0,,UntilizeWithUnpaddingDeviceOperation
679,0.18407687394265695,,UntilizeWithUnpaddingDeviceOperation,0,2.42,36.021,86,,,,,BF16 => BF16,BFLOAT16,BFLOAT16,nan,False,DEV_1_DRAM_INTERLEAVED,,,,693248.0,,UntilizeWithUnpaddingDeviceOperation
680,0.1843498216239018,,UntilizeWithUnpaddingDeviceOperation,0,2.429,36.069,86,,,,,BF16 => BF16,BFLOAT16,BFLOAT16,nan,False,DEV_1_DRAM_INTERLEAVED,,,,694272.0,,UntilizeWithUnpaddingDeviceOperation
681,0.18455094096797686,,UntilizeWithUnpaddingDeviceOperation,0,2.448,36.092,86,,,,,BF16 => BF16,BFLOAT16,BFLOAT16,nan,False,DEV_1_DRAM_INTERLEAVED,,,,695296.0,,UntilizeWithUnpaddingDeviceOperation
682,0.18957892456985478,,UntilizeWithUnpaddingDeviceOperation,0,3.549,36.041,86,,,,,BF16 => BF16,BFLOAT16,BFLOAT16,nan,False,DEV_1_DRAM_INTERLEAVED,,,,696320.0,,UntilizeWithUnpaddingDeviceOperation
683,0.021778351829848438,,ConcatDeviceOperation,0,3.347,1.201,9,,,,,"BF16, BF16 => BF16",BFLOAT16,BFLOAT16,BFLOAT16,False,DEV_1_DRAM_INTERLEAVED,,,,697344.0,,ConcatDeviceOperation
684,0.19895012829259304,,TilizeWithValPaddingDeviceOperation,0,9.082,32.465,86,,,,,BF16 => BF16,BFLOAT16,BFLOAT16,nan,False,DEV_1_DRAM_INTERLEAVED,,,,698368.0,,TilizeWithValPaddingDeviceOperation
685,0.2754664616015526,,UntilizeWithUnpaddingDeviceOperation,0,4.604,52.922,86,,,,,BF16 => BF16,BFLOAT16,BFLOAT16,nan,False,DEV_1_DRAM_INTERLEAVED,,,,699392.0,,UntilizeWithUnpaddingDeviceOperation
686,0.014533266887332896,,SliceDeviceOperation,0,1.794,1.241,4,,,,,BF16 => BF16,BFLOAT16,BFLOAT16,nan,False,DEV_1_DRAM_INTERLEAVED,,,,700416.0,,SliceDeviceOperation
687,0.2528405353931019,,TilizeWithValPaddingDeviceOperation,0,7.843,44.958,86,,,,,BF16 => BF16,BFLOAT16,BFLOAT16,nan,False,DEV_1_DRAM_INTERLEAVED,,,,701440.0,,TilizeWithValPaddingDeviceOperation
688,0.018713676110608552,,SliceDeviceOperation,0,3.364,0.544,110,,,,,BF16 => BF16,BFLOAT16,BFLOAT16,nan,False,DEV_1_DRAM_INTERLEAVED,,,,702464.0,,SliceDeviceOperation
689,0.3799288066253309,,UntilizeWithUnpaddingDeviceOperation,0,3.214,76.127,86,,,,,BF16 => BF16,BFLOAT16,BFLOAT16,nan,False,DEV_1_DRAM_INTERLEAVED,,,,703488.0,,UntilizeWithUnpaddingDeviceOperation
690,0.01200490941895999,,SliceDeviceOperation,0,1.211,1.296,1,,,,,BF16 => BF16,BFLOAT16,BFLOAT16,nan,False,DEV_1_DRAM_INTERLEAVED,,,,704512.0,,SliceDeviceOperation
691,0.19849042693470703,,TilizeWithValPaddingDeviceOperation,0,6.753,34.698,86,,,,,BF16 => BF16,BFLOAT16,BFLOAT16,nan,False,DEV_1_DRAM_INTERLEAVED,,,,705536.0,,TilizeWithValPaddingDeviceOperation
692,0.16735523704955432,,UntilizeWithUnpaddingDeviceOperation,0,3.21,31.739,86,,,,,BF16 => BF16,BFLOAT16,BFLOAT16,nan,False,DEV_1_DRAM_INTERLEAVED,,,,706560.0,,UntilizeWithUnpaddingDeviceOperation
693,0.012383205328053664,,SliceDeviceOperation,0,1.291,1.295,1,,,,,BF16 => BF16,BFLOAT16,BFLOAT16,nan,False,DEV_1_DRAM_INTERLEAVED,,,,707584.0,,SliceDeviceOperation
694,0.19682879806818165,,TilizeWithValPaddingDeviceOperation,0,6.599,34.505,86,,,,,BF16 => BF16,BFLOAT16,BFLOAT16,nan,False,DEV_1_DRAM_INTERLEAVED,,,,708608.0,,TilizeWithValPaddingDeviceOperation
695,0.16821717709559053,,UntilizeWithUnpaddingDeviceOperation,0,3.182,31.947,86,,,,,BF16 => BF16,BFLOAT16,BFLOAT16,nan,False,DEV_1_DRAM_INTERLEAVED,,,,709632.0,,UntilizeWithUnpaddingDeviceOperation
696,0.012569959004694846,,SliceDeviceOperation,0,1.3,1.325,1,,,,,BF16 => BF16,BFLOAT16,BFLOAT16,nan,False,DEV_1_DRAM_INTERLEAVED,,,,710656.0,,SliceDeviceOperation
697,0.1975375043282559,,TilizeWithValPaddingDeviceOperation,0,6.725,34.527,86,,,,,BF16 => BF16,BFLOAT16,BFLOAT16,nan,False,DEV_1_DRAM_INTERLEAVED,,,,711680.0,,TilizeWithValPaddingDeviceOperation
698,0.025077666783842628,,UnaryDeviceOperation,0,4.704,0.533,110,,,,,BF16 => BF16,BFLOAT16,BFLOAT16,nan,False,DEV_1_DRAM_INTERLEAVED,,,,712704.0,,UnaryDeviceOperation
699,0.20843625735480273,,BinaryNgDeviceOperation,0,1.484,42.044,110,,,,,"BF16, BF16 => BF16",BFLOAT16,BFLOAT16,BFLOAT16,False,DEV_1_DRAM_INTERLEAVED,,,,713728.0,,BinaryNgDeviceOperation
700,0.2838799541620284,,BinaryNgDeviceOperation,0,4.019,55.264,110,,,,,"BF16, BF16 => BF16",BFLOAT16,BFLOAT16,BFLOAT16,False,DEV_1_DRAM_INTERLEAVED,,,,714752.0,,BinaryNgDeviceOperation
701,0.1805572854213424,,SliceDeviceOperation,0,1.22,36.486,64,,,,,BF16 => BF16,BFLOAT16,BFLOAT16,nan,False,DEV_1_DRAM_INTERLEAVED,,,,715776.0,,SliceDeviceOperation
702,0.1324897621873893,,SliceDeviceOperation,0,1.246,26.422,64,,,,,BF16 => BF16,BFLOAT16,BFLOAT16,nan,False,DEV_1_DRAM_INTERLEAVED,,,,716800.0,,SliceDeviceOperation
703,0.13880586730251027,,SliceDeviceOperation,0,1.897,27.09,110,,,,,BF16 => BF16,BFLOAT16,BFLOAT16,nan,False,DEV_1_DRAM_INTERLEAVED,,,,717824.0,,SliceDeviceOperation
704,0.12780176604811455,,ReshapeViewDeviceOperation,0,10.209,16.48,20,,,,,BF16 => BF16,BFLOAT16,BFLOAT16,nan,False,DEV_1_DRAM_INTERLEAVED,,,,718848.0,,ReshapeViewDeviceOperation
705,0.06017778088076195,,ReshapeViewDeviceOperation,0,10.311,2.256,20,,,,,BF16 => BF16,BFLOAT16,BFLOAT16,nan,False,DEV_1_DRAM_INTERLEAVED,,,,719872.0,,ReshapeViewDeviceOperation
706,0.08546135556449101,,UntilizeWithUnpaddingDeviceOperation,0,6.533,11.314,5,,,,,BF16 => BF16,BFLOAT16,BFLOAT16,nan,False,DEV_1_DRAM_INTERLEAVED,,,,720896.0,,UntilizeWithUnpaddingDeviceOperation
707,0.31236707268352537,,ConcatDeviceOperation,0,1.419,63.813,110,,,,,"BF16, BF16 => BF16",BFLOAT16,BFLOAT16,BFLOAT16,False,DEV_1_DRAM_INTERLEAVED,,,,721920.0,,ConcatDeviceOperation
708,0.24167362324112157,,TilizeDeviceOperation,0,2.14,48.329,5,,,,,BF16 => BF16,BFLOAT16,BFLOAT16,nan,False,DEV_1_DRAM_INTERLEAVED,,,,722944.0,,TilizeDeviceOperation
709,0.1620926142129221,,UntilizeWithUnpaddingDeviceOperation,0,6.499,27.351,5,,,,,BF16 => BF16,BFLOAT16,BFLOAT16,nan,False,DEV_1_DRAM_INTERLEAVED,,,,723968.0,,UntilizeWithUnpaddingDeviceOperation
710,0.1606273161346605,,ConcatDeviceOperation,0,1.428,32.116,110,,,,,"BF16, BF16 => BF16",BFLOAT16,BFLOAT16,BFLOAT16,False,DEV_1_DRAM_INTERLEAVED,,,,724992.0,,ConcatDeviceOperation
711,0.0396827620083452,,TilizeDeviceOperation,0,2.146,6.141,5,,,,,BF16 => BF16,BFLOAT16,BFLOAT16,nan,False,DEV_1_DRAM_INTERLEAVED,,,,726016.0,,TilizeDeviceOperation
712,0.2006931626079107,,ReshapeViewDeviceOperation,0,19.355,22.556,20,,,,,BF16 => BF16,BFLOAT16,BFLOAT16,nan,False,DEV_1_DRAM_INTERLEAVED,,,,727040.0,,ReshapeViewDeviceOperation
713,0.09860115271073203,,ReshapeViewDeviceOperation,0,20.001,0.59,20,,,,,BF16 => BF16,BFLOAT16,BFLOAT16,nan,False,DEV_1_DRAM_INTERLEAVED,,,,728064.0,,ReshapeViewDeviceOperation
714,0.02299464500592177,,ReshapeViewDeviceOperation,0,4.261,0.541,5,,,,,BF16 => BF16,BFLOAT16,BFLOAT16,nan,False,DEV_1_DRAM_INTERLEAVED,,,,729088.0,,ReshapeViewDeviceOperation
715,0.023416037917317258,,ReshapeViewDeviceOperation,0,4.256,0.634,5,,,,,BF16 => BF16,BFLOAT16,BFLOAT16,nan,False,DEV_1_DRAM_INTERLEAVED,,,,730112.0,,ReshapeViewDeviceOperation
716,0.22488015801084923,,TransposeDeviceOperation,0,3.492,43.47,110,,,,,BF16 => BF16,BFLOAT16,BFLOAT16,nan,False,DEV_1_DRAM_INTERLEAVED,,,,731136.0,,TransposeDeviceOperation
717,0.12927664123799876,,TransposeDeviceOperation,0,3.507,23.49,110,,,,,BF16 => BF16,BFLOAT16,BFLOAT16,nan,False,DEV_1_DRAM_INTERLEAVED,,,,732160.0,,TransposeDeviceOperation
718,0.09744232220439443,,TransposeDeviceOperation,0,3.495,16.854,110,,,,,BF16 => BF16,BFLOAT16,BFLOAT16,nan,False,DEV_1_DRAM_INTERLEAVED,,,,733184.0,,TransposeDeviceOperation
719,0.09399935057606087,,TransposeDeviceOperation,0,3.521,16.109,110,,,,,BF16 => BF16,BFLOAT16,BFLOAT16,nan,False,DEV_1_DRAM_INTERLEAVED,,,,734208.0,,TransposeDeviceOperation
720,0.13242751096184224,,TransposeDeviceOperation,0,3.255,24.4,110,,,,,BF16 => BF16,BFLOAT16,BFLOAT16,nan,False,DEV_1_DRAM_INTERLEAVED,,,,735232.0,,TransposeDeviceOperation
721,0.09530183775673781,,TransposeDeviceOperation,0,3.281,16.621,110,,,,,BF16 => BF16,BFLOAT16,BFLOAT16,nan,False,DEV_1_DRAM_INTERLEAVED,,,,736256.0,,TransposeDeviceOperation
722,0.21446504912124492,,LayerNormDeviceOperation,0,4.603,40.184,32,,,,,BF16 => BF16,BFLOAT16,BFLOAT16,nan,False,DEV_1_DRAM_INTERLEAVED,,,,737280.0,,LayerNormDeviceOperation
723,0.30696079317255376,,BinaryNgDeviceOperation,0,3.61,60.493,110,,,,,BF16 => BF16,BFLOAT16,BFLOAT16,nan,False,DEV_1_DRAM_INTERLEAVED,,,,738304.0,,BinaryNgDeviceOperation
724,0.10548709596739914,,LayerNormDeviceOperation,0,4.709,17.32,32,,,,,BF16 => BF16,BFLOAT16,BFLOAT16,nan,False,DEV_1_DRAM_INTERLEAVED,,,,739328.0,,LayerNormDeviceOperation
725,0.1683991422164204,,BinaryNgDeviceOperation,0,3.596,31.571,110,,,,,BF16 => BF16,BFLOAT16,BFLOAT16,nan,False,DEV_1_DRAM_INTERLEAVED,,,,740352.0,,BinaryNgDeviceOperation
726,0.16960106972505978,,BinaryNgDeviceOperation,0,3.603,31.815,110,,,,,BF16 => BF16,BFLOAT16,BFLOAT16,nan,False,DEV_1_DRAM_INTERLEAVED,,,,741376.0,,BinaryNgDeviceOperation
727,0.20989197832144163,,FillPadDeviceOperation,0,4.663,39.169,110,,,,,BF16 => BF16,BFLOAT16,BFLOAT16,nan,False,DEV_1_DRAM_INTERLEAVED,,,,742400.0,,FillPadDeviceOperation
728,0.17168409150298067,,PadDeviceOperation,0,7.763,28.09,110,,,,,BF16 => BF16,BFLOAT16,BFLOAT16,nan,False,DEV_1_DRAM_INTERLEAVED,,,,743424.0,,PadDeviceOperation
729,0.0677772189533146,,FillPadDeviceOperation,0,4.787,9.367,110,,,,,BF16 => BF16,BFLOAT16,BFLOAT16,nan,False,DEV_1_DRAM_INTERLEAVED,,,,744448.0,,FillPadDeviceOperation
730,0.08594499970143354,,PadDeviceOperation,0,7.807,10.141,110,,,,,BF16 => BF16,BFLOAT16,BFLOAT16,nan,False,DEV_1_DRAM_INTERLEAVED,,,,745472.0,,PadDeviceOperation
731,0.04467243716373265,,FillPadDeviceOperation,0,4.925,4.404,110,,,,,BF16 => BF16,BFLOAT16,BFLOAT16,nan,False,DEV_1_DRAM_INTERLEAVED,,,,746496.0,,FillPadDeviceOperation
732,0.06183940974728733,,PadDeviceOperation,0,7.684,5.23,110,,,,,BF16 => BF16,BFLOAT16,BFLOAT16,nan,False,DEV_1_DRAM_INTERLEAVED,,,,747520.0,,PadDeviceOperation
733,0.04011373203136332,,FillPadDeviceOperation,0,4.727,3.65,110,,,,,BF16 => BF16,BFLOAT16,BFLOAT16,nan,False,DEV_1_DRAM_INTERLEAVED,,,,748544.0,,FillPadDeviceOperation
734,0.06358723261841631,,PadDeviceOperation,0,7.817,5.462,110,,,,,BF16 => BF16,BFLOAT16,BFLOAT16,nan,False,DEV_1_DRAM_INTERLEAVED,,,,749568.0,,PadDeviceOperation
735,0.09689163828609353,,FillPadDeviceOperation,0,13.217,7.017,32,,,,,BF16 => BF16,BFLOAT16,BFLOAT16,nan,False,DEV_1_DRAM_INTERLEAVED,,,,750592.0,,FillPadDeviceOperation
736,0.05441235968394191,,PadDeviceOperation,0,6.364,4.999,64,,,,,BF16 => BF16,BFLOAT16,BFLOAT16,nan,False,DEV_1_DRAM_INTERLEAVED,,,,751616.0,,PadDeviceOperation
737,0.06212193454015475,,FillPadDeviceOperation,0,10.499,2.474,32,,,,,BF16 => BF16,BFLOAT16,BFLOAT16,nan,False,DEV_1_DRAM_INTERLEAVED,,,,752640.0,,FillPadDeviceOperation
738,0.03618711626608722,,PadDeviceOperation,0,7.033,0.524,64,,,,,BF16 => BF16,BFLOAT16,BFLOAT16,nan,False,DEV_1_DRAM_INTERLEAVED,,,,753664.0,,PadDeviceOperation
739,0.5720313001077473,,PermuteDeviceOperation,0,81.526,37.932,110,,,,,BF16 => BF16,BFLOAT16,BFLOAT16,nan,False,DEV_1_DRAM_INTERLEAVED,,,,754688.0,,PermuteDeviceOperation
740,0.16674709046151764,,AccumulationDeviceOperation,0,34.172,0.65,32,,,,,BF16 => BF16,BFLOAT16,BFLOAT16,nan,False,DEV_1_DRAM_INTERLEAVED,,,,755712.0,,AccumulationDeviceOperation
741,0.07219226741134456,,PermuteDeviceOperation,0,14.589,0.487,110,,,,,BF16 => BF16,BFLOAT16,BFLOAT16,nan,False,DEV_1_DRAM_INTERLEAVED,,,,756736.0,,PermuteDeviceOperation
742,0.24322032676817543,SLOW,MatmulDeviceOperation b={32} x 64 x 32 x 64,0,50.223,0.569,4.0,7.91095713119487,1.545108814686498,0.1670272186050216,1.5103010941570965,HiFi2 BF16 x BF16 => BF16,BFLOAT16,BFLOAT16,BFLOAT16,False,DEV_1_DRAM_INTERLEAVED,1,1,1,757760.0,"If possible place input 0 in L1 (currently in DEV_1_DRAM_INTERLEAVED) • in0_block_w=1 is small, try in0_block_w=2 or above • Output subblock 1x1 is small, try out_subblock_h * out_subblock_w >= 2 if possible • If your matmuls are not FLOP-bound use HiFi4 with BF16 activations for full accuracy",MatmulDeviceOperation
743,0.013585132836693058,,TransposeDeviceOperation,0,2.306,0.531,110,,,,,BF16 => BF16,BFLOAT16,BFLOAT16,nan,False,DEV_1_DRAM_INTERLEAVED,,,,758784.0,,TransposeDeviceOperation
744,0.01685571645581937,,BinaryNgDeviceOperation,0,3.045,0.475,110,,,,,"BF16, BF16 => BF16",BFLOAT16,BFLOAT16,BFLOAT16,False,DEV_1_DRAM_INTERLEAVED,,,,759808.0,,BinaryNgDeviceOperation
745,0.20167481654922975,,UnaryDeviceOperation,0,2.429,39.687,110,,,,,BF16 => BF16,BFLOAT16,BFLOAT16,nan,False,DEV_1_DRAM_INTERLEAVED,,,,760832.0,,UnaryDeviceOperation
746,0.2607368639259559,,BinaryNgDeviceOperation,0,3.766,50.684,110,,,,,"BF16, BF16 => BF16",BFLOAT16,BFLOAT16,BFLOAT16,False,DEV_1_DRAM_INTERLEAVED,,,,761856.0,,BinaryNgDeviceOperation
747,0.2639547734311578,,BinaryNgDeviceOperation,0,6.066,49.056,110,,,,,"BF16, BF16 => BF16",BFLOAT16,BFLOAT16,BFLOAT16,False,DEV_1_DRAM_INTERLEAVED,,,,762880.0,,BinaryNgDeviceOperation
748,0.16072308725088674,,BinaryNgDeviceOperation,0,6.095,27.469,110,,,,,"BF16, BF16 => BF16",BFLOAT16,BFLOAT16,BFLOAT16,False,DEV_1_DRAM_INTERLEAVED,,,,763904.0,,BinaryNgDeviceOperation
749,0.07589382105348899,,TransposeDeviceOperation,0,3.524,12.325,110,,,,,BF16 => BF16,BFLOAT16,BFLOAT16,nan,False,DEV_1_DRAM_INTERLEAVED,,,,764928.0,,TransposeDeviceOperation
750,0.5387604143307493,SLOW,MatmulDeviceOperation b={32} x 64 x 128 x 64,0,89.427,23.083,4.0,14.656870967381215,2.8626701108166435,0.3752158967649591,3.392794205412318,HiFi2 BF16 x BF16 => BF16,BFLOAT16,BFLOAT16,BFLOAT16,False,DEV_1_DRAM_INTERLEAVED,1,1,1,765952.0,"If possible place input 0 in L1 (currently in DEV_1_DRAM_INTERLEAVED) • in0_block_w=1 is small, try in0_block_w=2 or above • Output subblock 1x1 is small, try out_subblock_h * out_subblock_w >= 2 if possible • If your matmuls are not FLOP-bound use HiFi4 with BF16 activations for full accuracy",MatmulDeviceOperation
751,0.02185975727864075,,BinaryNgDeviceOperation,0,4.043,0.522,110,,,,,BF16 => BF16,BFLOAT16,BFLOAT16,nan,False,DEV_1_DRAM_INTERLEAVED,,,,766976.0,,BinaryNgDeviceOperation
752,0.020255591081851123,,BinaryNgDeviceOperation,0,3.72,0.51,110,,,,,"BF16, BF16 => BF16",BFLOAT16,BFLOAT16,BFLOAT16,False,DEV_1_DRAM_INTERLEAVED,,,,768000.0,,BinaryNgDeviceOperation
753,0.10437136246336336,,BinaryNgDeviceOperation,0,3.964,17.832,110,,,,,"BF16, BF16 => BF16",BFLOAT16,BFLOAT16,BFLOAT16,False,DEV_1_DRAM_INTERLEAVED,,,,769024.0,,BinaryNgDeviceOperation
754,0.17420766041554223,,BinaryNgDeviceOperation,0,3.867,32.513,110,,,,,"BF16, BF16 => BF16",BFLOAT16,BFLOAT16,BFLOAT16,False,DEV_1_DRAM_INTERLEAVED,,,,770048.0,,BinaryNgDeviceOperation
755,0.33015655752255063,SLOW,MatmulDeviceOperation b={32} x 64 x 64 x 64,0,53.744,15.203,4.0,14.632926466210181,2.857993450431676,0.3121690979458172,2.8227095806732603,HiFi2 BF16 x BF16 => BF16,BFLOAT16,BFLOAT16,BFLOAT16,False,DEV_1_DRAM_INTERLEAVED,1,1,1,771072.0,"If possible place input 0 in L1 (currently in DEV_1_DRAM_INTERLEAVED) • in0_block_w=1 is small, try in0_block_w=2 or above • Output subblock 1x1 is small, try out_subblock_h * out_subblock_w >= 2 if possible • If your matmuls are not FLOP-bound use HiFi4 with BF16 activations for full accuracy",MatmulDeviceOperation
756,0.016831773676762807,,BinaryNgDeviceOperation,0,2.985,0.53,110,,,,,"BF16, BF16 => BF16",BFLOAT16,BFLOAT16,BFLOAT16,False,DEV_1_DRAM_INTERLEAVED,,,,772096.0,,BinaryNgDeviceOperation
757,0.07739742757824106,,BinaryNgDeviceOperation,0,3.921,12.242,110,,,,,"BF16, BF16 => BF16",BFLOAT16,BFLOAT16,BFLOAT16,False,DEV_1_DRAM_INTERLEAVED,,,,773120.0,,BinaryNgDeviceOperation
758,0.15158173420709153,,BinaryNgDeviceOperation,0,2.809,28.846,110,,,,,"BF16, BF16 => BF16",BFLOAT16,BFLOAT16,BFLOAT16,False,DEV_1_DRAM_INTERLEAVED,,,,774144.0,,BinaryNgDeviceOperation
759,0.18757730824072624,,BinaryNgDeviceOperation,0,4.031,35.141,110,,,,,"BF16, BF16 => BF16",BFLOAT16,BFLOAT16,BFLOAT16,False,DEV_1_DRAM_INTERLEAVED,,,,775168.0,,BinaryNgDeviceOperation
760,0.2939311328099729,SLOW,MatmulDeviceOperation b={32} x 64 x 64 x 64,0,53.887,7.495,4.0,14.594095050754357,2.85040918960046,0.31134069441609297,2.8152189526918128,HiFi2 BF16 x BF16 => BF16,BFLOAT16,BFLOAT16,BFLOAT16,False,DEV_1_DRAM_INTERLEAVED,1,1,1,776192.0,"If possible place input 0 in L1 (currently in DEV_1_DRAM_INTERLEAVED) • in0_block_w=1 is small, try in0_block_w=2 or above • Output subblock 1x1 is small, try out_subblock_h * out_subblock_w >= 2 if possible • If your matmuls are not FLOP-bound use HiFi4 with BF16 activations for full accuracy",MatmulDeviceOperation
761,0.01664023144431032,,BinaryNgDeviceOperation,0,2.939,0.536,110,,,,,"BF16, BF16 => BF16",BFLOAT16,BFLOAT16,BFLOAT16,False,DEV_1_DRAM_INTERLEAVED,,,,777216.0,,BinaryNgDeviceOperation
762,0.0619495465309475,,BinaryNgDeviceOperation,0,3.759,9.178,110,,,,,"BF16, BF16 => BF16",BFLOAT16,BFLOAT16,BFLOAT16,False,DEV_1_DRAM_INTERLEAVED,,,,778240.0,,BinaryNgDeviceOperation
763,0.1547565467099916,,BinaryNgDeviceOperation,0,2.719,29.599,110,,,,,"BF16, BF16 => BF16",BFLOAT16,BFLOAT16,BFLOAT16,False,DEV_1_DRAM_INTERLEAVED,,,,779264.0,,BinaryNgDeviceOperation
764,0.15981805020254874,,BinaryNgDeviceOperation,0,3.69,29.685,110,,,,,"BF16, BF16 => BF16",BFLOAT16,BFLOAT16,BFLOAT16,False,DEV_1_DRAM_INTERLEAVED,,,,780288.0,,BinaryNgDeviceOperation
765,0.27934040325290427,SLOW,MatmulDeviceOperation b={32} x 64 x 64 x 64,0,53.919,4.416,4.0,14.585433706114728,2.8487175207255326,0.3111559190637808,2.81354816861781,HiFi2 BF16 x BF16 => BF16,BFLOAT16,BFLOAT16,BFLOAT16,False,DEV_1_DRAM_INTERLEAVED,1,1,1,781312.0,"If possible place input 0 in L1 (currently in DEV_1_DRAM_INTERLEAVED) • in0_block_w=1 is small, try in0_block_w=2 or above • Output subblock 1x1 is small, try out_subblock_h * out_subblock_w >= 2 if possible • If your matmuls are not FLOP-bound use HiFi4 with BF16 activations for full accuracy",MatmulDeviceOperation
766,0.01652051754902751,,BinaryNgDeviceOperation,0,2.926,0.524,110,,,,,"BF16, BF16 => BF16",BFLOAT16,BFLOAT16,BFLOAT16,False,DEV_1_DRAM_INTERLEAVED,,,,782336.0,,BinaryNgDeviceOperation
767,0.06425763043200003,,BinaryNgDeviceOperation,0,3.719,9.7,110,,,,,"BF16, BF16 => BF16",BFLOAT16,BFLOAT16,BFLOAT16,False,DEV_1_DRAM_INTERLEAVED,,,,783360.0,,BinaryNgDeviceOperation
768,0.14670698439117558,,BinaryNgDeviceOperation,0,2.61,28.027,110,,,,,"BF16, BF16 => BF16",BFLOAT16,BFLOAT16,BFLOAT16,False,DEV_1_DRAM_INTERLEAVED,,,,784384.0,,BinaryNgDeviceOperation
769,0.17173676561690507,,BinaryNgDeviceOperation,0,3.668,32.196,110,,,,,"BF16, BF16 => BF16",BFLOAT16,BFLOAT16,BFLOAT16,False,DEV_1_DRAM_INTERLEAVED,,,,785408.0,,BinaryNgDeviceOperation
770,0.2771759760261911,SLOW,MatmulDeviceOperation b={32} x 64 x 64 x 64,0,53.642,4.241,4.0,14.660750904142274,2.863427910965288,0.3127626859550352,2.828076949101519,HiFi2 BF16 x BF16 => BF16,BFLOAT16,BFLOAT16,BFLOAT16,False,DEV_1_DRAM_INTERLEAVED,1,1,1,786432.0,"If possible place input 0 in L1 (currently in DEV_1_DRAM_INTERLEAVED) • in0_block_w=1 is small, try in0_block_w=2 or above • Output subblock 1x1 is small, try out_subblock_h * out_subblock_w >= 2 if possible • If your matmuls are not FLOP-bound use HiFi4 with BF16 activations for full accuracy",MatmulDeviceOperation
771,0.016712059781480004,,BinaryNgDeviceOperation,0,2.95,0.54,110,,,,,"BF16, BF16 => BF16",BFLOAT16,BFLOAT16,BFLOAT16,False,DEV_1_DRAM_INTERLEAVED,,,,787456.0,,BinaryNgDeviceOperation
772,0.05538443651363831,,BinaryNgDeviceOperation,0,3.705,7.861,110,,,,,"BF16, BF16 => BF16",BFLOAT16,BFLOAT16,BFLOAT16,False,DEV_1_DRAM_INTERLEAVED,,,,788480.0,,BinaryNgDeviceOperation
773,0.15344927097350336,,BinaryNgDeviceOperation,0,2.668,29.377,110,,,,,"BF16, BF16 => BF16",BFLOAT16,BFLOAT16,BFLOAT16,False,DEV_1_DRAM_INTERLEAVED,,,,789504.0,,BinaryNgDeviceOperation
774,0.16164248996665873,,BinaryNgDeviceOperation,0,3.708,30.048,110,,,,,"BF16, BF16 => BF16",BFLOAT16,BFLOAT16,BFLOAT16,False,DEV_1_DRAM_INTERLEAVED,,,,790528.0,,BinaryNgDeviceOperation
775,0.2755143471596657,SLOW,MatmulDeviceOperation b={32} x 64 x 64 x 64,0,53.75,3.786,4.0,14.631293023255811,2.8576744186046508,0.31213425116279064,2.822394487510766,HiFi2 BF16 x BF16 => BF16,BFLOAT16,BFLOAT16,BFLOAT16,False,DEV_1_DRAM_INTERLEAVED,1,1,1,791552.0,"If possible place input 0 in L1 (currently in DEV_1_DRAM_INTERLEAVED) • in0_block_w=1 is small, try in0_block_w=2 or above • Output subblock 1x1 is small, try out_subblock_h * out_subblock_w >= 2 if possible • If your matmuls are not FLOP-bound use HiFi4 with BF16 activations for full accuracy",MatmulDeviceOperation
776,0.016515728993216197,,BinaryNgDeviceOperation,0,2.927,0.522,110,,,,,"BF16, BF16 => BF16",BFLOAT16,BFLOAT16,BFLOAT16,False,DEV_1_DRAM_INTERLEAVED,,,,792576.0,,BinaryNgDeviceOperation
777,0.1043426311284955,,BinaryNgDeviceOperation,0,3.718,18.072,110,,,,,"BF16, BF16 => BF16",BFLOAT16,BFLOAT16,BFLOAT16,False,DEV_1_DRAM_INTERLEAVED,,,,793600.0,,BinaryNgDeviceOperation
778,0.2737761014001594,,BinaryNgDeviceOperation,0,2.816,54.357,110,,,,,"BF16, BF16 => BF16",BFLOAT16,BFLOAT16,BFLOAT16,False,DEV_1_DRAM_INTERLEAVED,,,,794624.0,,BinaryNgDeviceOperation
779,0.25745191463939565,,BinaryNgDeviceOperation,0,3.702,50.062,110,,,,,"BF16, BF16 => BF16",BFLOAT16,BFLOAT16,BFLOAT16,False,DEV_1_DRAM_INTERLEAVED,,,,795648.0,,BinaryNgDeviceOperation
780,0.3199042595305309,SLOW,MatmulDeviceOperation b={32} x 64 x 64 x 64,0,53.804,13.002,4.0,14.616608430599955,2.854806334101554,0.311820979852799,2.8195618114583243,HiFi2 BF16 x BF16 => BF16,BFLOAT16,BFLOAT16,BFLOAT16,False,DEV_1_DRAM_INTERLEAVED,1,1,1,796672.0,"If possible place input 0 in L1 (currently in DEV_1_DRAM_INTERLEAVED) • in0_block_w=1 is small, try in0_block_w=2 or above • Output subblock 1x1 is small, try out_subblock_h * out_subblock_w >= 2 if possible • If your matmuls are not FLOP-bound use HiFi4 with BF16 activations for full accuracy",MatmulDeviceOperation
781,0.016884447790687245,,BinaryNgDeviceOperation,0,2.99,0.536,110,,,,,"BF16, BF16 => BF16",BFLOAT16,BFLOAT16,BFLOAT16,False,DEV_1_DRAM_INTERLEAVED,,,,797696.0,,BinaryNgDeviceOperation
782,0.2633849352896116,,BinaryNgDeviceOperation,0,3.759,51.244,110,,,,,"BF16, BF16 => BF16",BFLOAT16,BFLOAT16,BFLOAT16,False,DEV_1_DRAM_INTERLEAVED,,,,798720.0,,BinaryNgDeviceOperation
783,0.22243799454707996,,BinaryNgDeviceOperation,0,2.668,43.784,110,,,,,"BF16, BF16 => BF16",BFLOAT16,BFLOAT16,BFLOAT16,False,DEV_1_DRAM_INTERLEAVED,,,,799744.0,,BinaryNgDeviceOperation
784,0.24660104717096196,,BinaryNgDeviceOperation,0,4.24,47.258,110,,,,,"BF16, BF16 => BF16",BFLOAT16,BFLOAT16,BFLOAT16,False,DEV_1_DRAM_INTERLEAVED,,,,800768.0,,BinaryNgDeviceOperation
785,0.30917310595738,SLOW,MatmulDeviceOperation b={32} x 64 x 64 x 64,0,53.8,10.765,4.0,14.617695167286243,2.855018587360594,0.3118441635687732,2.81977144430676,HiFi2 BF16 x BF16 => BF16,BFLOAT16,BFLOAT16,BFLOAT16,False,DEV_1_DRAM_INTERLEAVED,1,1,1,801792.0,"If possible place input 0 in L1 (currently in DEV_1_DRAM_INTERLEAVED) • in0_block_w=1 is small, try in0_block_w=2 or above • Output subblock 1x1 is small, try out_subblock_h * out_subblock_w >= 2 if possible • If your matmuls are not FLOP-bound use HiFi4 with BF16 activations for full accuracy",MatmulDeviceOperation
786,0.017238800920724356,,BinaryNgDeviceOperation,0,3.073,0.527,110,,,,,"BF16, BF16 => BF16",BFLOAT16,BFLOAT16,BFLOAT16,False,DEV_1_DRAM_INTERLEAVED,,,,802816.0,,BinaryNgDeviceOperation
787,0.2409505513136134,,BinaryNgDeviceOperation,0,4.228,46.09,110,,,,,"BF16, BF16 => BF16",BFLOAT16,BFLOAT16,BFLOAT16,False,DEV_1_DRAM_INTERLEAVED,,,,803840.0,,BinaryNgDeviceOperation
788,0.22101579347112021,,BinaryNgDeviceOperation,0,2.634,43.521,110,,,,,"BF16, BF16 => BF16",BFLOAT16,BFLOAT16,BFLOAT16,False,DEV_1_DRAM_INTERLEAVED,,,,804864.0,,BinaryNgDeviceOperation
789,0.2472139823148099,,BinaryNgDeviceOperation,0,3.756,47.87,110,,,,,"BF16, BF16 => BF16",BFLOAT16,BFLOAT16,BFLOAT16,False,DEV_1_DRAM_INTERLEAVED,,,,805888.0,,BinaryNgDeviceOperation
790,0.31196962255118643,SLOW,MatmulDeviceOperation b={32} x 64 x 64 x 64,0,53.71,11.439,4.0,14.64218953639918,2.859802643827965,0.3123667101098492,2.8244964383486075,HiFi2 BF16 x BF16 => BF16,BFLOAT16,BFLOAT16,BFLOAT16,False,DEV_1_DRAM_INTERLEAVED,1,1,1,806912.0,"If possible place input 0 in L1 (currently in DEV_1_DRAM_INTERLEAVED) • in0_block_w=1 is small, try in0_block_w=2 or above • Output subblock 1x1 is small, try out_subblock_h * out_subblock_w >= 2 if possible • If your matmuls are not FLOP-bound use HiFi4 with BF16 activations for full accuracy",MatmulDeviceOperation
791,0.01654446032808407,,BinaryNgDeviceOperation,0,2.919,0.536,110,,,,,"BF16, BF16 => BF16",BFLOAT16,BFLOAT16,BFLOAT16,False,DEV_1_DRAM_INTERLEAVED,,,,807936.0,,BinaryNgDeviceOperation
792,0.21407238754471736,,BinaryNgDeviceOperation,0,3.712,40.993,110,,,,,"BF16, BF16 => BF16",BFLOAT16,BFLOAT16,BFLOAT16,False,DEV_1_DRAM_INTERLEAVED,,,,808960.0,,BinaryNgDeviceOperation
793,0.15446923336131288,,BinaryNgDeviceOperation,0,2.842,29.416,110,,,,,"BF16, BF16 => BF16",BFLOAT16,BFLOAT16,BFLOAT16,False,DEV_1_DRAM_INTERLEAVED,,,,809984.0,,BinaryNgDeviceOperation
794,0.15992818698620895,,BinaryNgDeviceOperation,0,3.731,29.667,110,,,,,"BF16, BF16 => BF16",BFLOAT16,BFLOAT16,BFLOAT16,False,DEV_1_DRAM_INTERLEAVED,,,,811008.0,,BinaryNgDeviceOperation
795,0.28764854758553116,SLOW,MatmulDeviceOperation b={32} x 64 x 64 x 64,0,53.96,6.11,4.0,14.57435137138621,2.846553002223869,0.3109194959229058,2.8114103725667845,HiFi2 BF16 x BF16 => BF16,BFLOAT16,BFLOAT16,BFLOAT16,False,DEV_1_DRAM_INTERLEAVED,1,1,1,812032.0,"If possible place input 0 in L1 (currently in DEV_1_DRAM_INTERLEAVED) • in0_block_w=1 is small, try in0_block_w=2 or above • Output subblock 1x1 is small, try out_subblock_h * out_subblock_w >= 2 if possible • If your matmuls are not FLOP-bound use HiFi4 with BF16 activations for full accuracy",MatmulDeviceOperation
796,0.016467843435103074,,BinaryNgDeviceOperation,0,2.903,0.536,110,,,,,"BF16, BF16 => BF16",BFLOAT16,BFLOAT16,BFLOAT16,False,DEV_1_DRAM_INTERLEAVED,,,,813056.0,,BinaryNgDeviceOperation
797,0.06484662279679146,,BinaryNgDeviceOperation,0,3.737,9.805,110,,,,,"BF16, BF16 => BF16",BFLOAT16,BFLOAT16,BFLOAT16,False,DEV_1_DRAM_INTERLEAVED,,,,814080.0,,BinaryNgDeviceOperation
798,0.1449160645177448,,BinaryNgDeviceOperation,0,2.625,27.638,110,,,,,"BF16, BF16 => BF16",BFLOAT16,BFLOAT16,BFLOAT16,False,DEV_1_DRAM_INTERLEAVED,,,,815104.0,,BinaryNgDeviceOperation
799,0.15932961750979485,,BinaryNgDeviceOperation,0,3.852,29.421,110,,,,,"BF16, BF16 => BF16",BFLOAT16,BFLOAT16,BFLOAT16,False,DEV_1_DRAM_INTERLEAVED,,,,816128.0,,BinaryNgDeviceOperation
800,0.27699879946117256,SLOW,MatmulDeviceOperation b={32} x 64 x 64 x 64,0,53.896,3.95,4.0,14.591658008015436,2.849933204690515,0.31128870417099597,2.81474884413878,HiFi2 BF16 x BF16 => BF16,BFLOAT16,BFLOAT16,BFLOAT16,False,DEV_1_DRAM_INTERLEAVED,1,1,1,817152.0,"If possible place input 0 in L1 (currently in DEV_1_DRAM_INTERLEAVED) • in0_block_w=1 is small, try in0_block_w=2 or above • Output subblock 1x1 is small, try out_subblock_h * out_subblock_w >= 2 if possible • If your matmuls are not FLOP-bound use HiFi4 with BF16 activations for full accuracy",MatmulDeviceOperation
801,0.016597134442008506,,BinaryNgDeviceOperation,0,2.933,0.533,110,,,,,"BF16, BF16 => BF16",BFLOAT16,BFLOAT16,BFLOAT16,False,DEV_1_DRAM_INTERLEAVED,,,,818176.0,,BinaryNgDeviceOperation
802,0.0610540865942321,,BinaryNgDeviceOperation,0,4.058,8.692,110,,,,,"BF16, BF16 => BF16",BFLOAT16,BFLOAT16,BFLOAT16,False,DEV_1_DRAM_INTERLEAVED,,,,819200.0,,BinaryNgDeviceOperation
803,0.16282526325205288,,BinaryNgDeviceOperation,0,2.801,31.202,110,,,,,"BF16, BF16 => BF16",BFLOAT16,BFLOAT16,BFLOAT16,False,DEV_1_DRAM_INTERLEAVED,,,,820224.0,,BinaryNgDeviceOperation
804,0.16056985346492475,,BinaryNgDeviceOperation,0,3.693,29.839,110,,,,,"BF16, BF16 => BF16",BFLOAT16,BFLOAT16,BFLOAT16,False,DEV_1_DRAM_INTERLEAVED,,,,821248.0,,BinaryNgDeviceOperation
805,0.27601235696404225,SLOW,MatmulDeviceOperation b={32} x 64 x 64 x 64,0,53.936,3.704,4.0,14.580836547018686,2.8478196380895873,0.31105784633639866,2.812661370952679,HiFi2 BF16 x BF16 => BF16,BFLOAT16,BFLOAT16,BFLOAT16,False,DEV_1_DRAM_INTERLEAVED,1,1,1,822272.0,"If possible place input 0 in L1 (currently in DEV_1_DRAM_INTERLEAVED) • in0_block_w=1 is small, try in0_block_w=2 or above • Output subblock 1x1 is small, try out_subblock_h * out_subblock_w >= 2 if possible • If your matmuls are not FLOP-bound use HiFi4 with BF16 activations for full accuracy",MatmulDeviceOperation
806,0.01685092790000806,,BinaryNgDeviceOperation,0,2.995,0.524,110,,,,,"BF16, BF16 => BF16",BFLOAT16,BFLOAT16,BFLOAT16,False,DEV_1_DRAM_INTERLEAVED,,,,823296.0,,BinaryNgDeviceOperation
807,0.04941310741693185,,BinaryNgDeviceOperation,0,3.718,6.601,110,,,,,"BF16, BF16 => BF16",BFLOAT16,BFLOAT16,BFLOAT16,False,DEV_1_DRAM_INTERLEAVED,,,,824320.0,,BinaryNgDeviceOperation
808,0.15694970527157262,,BinaryNgDeviceOperation,0,2.623,30.153,110,,,,,"BF16, BF16 => BF16",BFLOAT16,BFLOAT16,BFLOAT16,False,DEV_1_DRAM_INTERLEAVED,,,,825344.0,,BinaryNgDeviceOperation
809,0.15947806273994555,,BinaryNgDeviceOperation,0,3.659,29.645,110,,,,,"BF16, BF16 => BF16",BFLOAT16,BFLOAT16,BFLOAT16,False,DEV_1_DRAM_INTERLEAVED,,,,826368.0,,BinaryNgDeviceOperation
810,0.277879893730454,SLOW,MatmulDeviceOperation b={32} x 64 x 64 x 64,0,53.84,4.19,4.0,14.606835066864782,2.852897473997028,0.3116124814264487,2.817676517527929,HiFi2 BF16 x BF16 => BF16,BFLOAT16,BFLOAT16,BFLOAT16,False,DEV_1_DRAM_INTERLEAVED,1,1,1,827392.0,"If possible place input 0 in L1 (currently in DEV_1_DRAM_INTERLEAVED) • in0_block_w=1 is small, try in0_block_w=2 or above • Output subblock 1x1 is small, try out_subblock_h * out_subblock_w >= 2 if possible • If your matmuls are not FLOP-bound use HiFi4 with BF16 activations for full accuracy",MatmulDeviceOperation
811,0.016712059781480004,,BinaryNgDeviceOperation,0,2.943,0.547,110,,,,,"BF16, BF16 => BF16",BFLOAT16,BFLOAT16,BFLOAT16,False,DEV_1_DRAM_INTERLEAVED,,,,828416.0,,BinaryNgDeviceOperation
812,0.09612068080047223,,BinaryNgDeviceOperation,0,3.74,16.333,110,,,,,"BF16, BF16 => BF16",BFLOAT16,BFLOAT16,BFLOAT16,False,DEV_1_DRAM_INTERLEAVED,,,,829440.0,,BinaryNgDeviceOperation
813,0.1462855914797801,,BinaryNgDeviceOperation,0,2.732,27.817,110,,,,,"BF16, BF16 => BF16",BFLOAT16,BFLOAT16,BFLOAT16,False,DEV_1_DRAM_INTERLEAVED,,,,830464.0,,BinaryNgDeviceOperation
814,0.16012930633028402,,BinaryNgDeviceOperation,0,3.736,29.704,110,,,,,"BF16, BF16 => BF16",BFLOAT16,BFLOAT16,BFLOAT16,False,DEV_1_DRAM_INTERLEAVED,,,,831488.0,,BinaryNgDeviceOperation
815,0.2805758506522229,SLOW,MatmulDeviceOperation b={32} x 64 x 64 x 64,0,53.613,4.98,4.0,14.66868110346371,2.8649767780202557,0.3129318635405592,2.8296066943409937,HiFi2 BF16 x BF16 => BF16,BFLOAT16,BFLOAT16,BFLOAT16,False,DEV_1_DRAM_INTERLEAVED,1,1,1,832512.0,"If possible place input 0 in L1 (currently in DEV_1_DRAM_INTERLEAVED) • in0_block_w=1 is small, try in0_block_w=2 or above • Output subblock 1x1 is small, try out_subblock_h * out_subblock_w >= 2 if possible • If your matmuls are not FLOP-bound use HiFi4 with BF16 activations for full accuracy",MatmulDeviceOperation
816,0.016697694114046063,,BinaryNgDeviceOperation,0,2.96,0.527,110,,,,,"BF16, BF16 => BF16",BFLOAT16,BFLOAT16,BFLOAT16,False,DEV_1_DRAM_INTERLEAVED,,,,833536.0,,BinaryNgDeviceOperation
817,0.07428965485669935,,BinaryNgDeviceOperation,0,3.7,11.814,110,,,,,"BF16, BF16 => BF16",BFLOAT16,BFLOAT16,BFLOAT16,False,DEV_1_DRAM_INTERLEAVED,,,,834560.0,,BinaryNgDeviceOperation
818,0.14039087927605465,,BinaryNgDeviceOperation,0,2.714,26.604,110,,,,,"BF16, BF16 => BF16",BFLOAT16,BFLOAT16,BFLOAT16,False,DEV_1_DRAM_INTERLEAVED,,,,835584.0,,BinaryNgDeviceOperation
819,0.16605274986887736,,BinaryNgDeviceOperation,0,3.761,30.916,110,,,,,"BF16, BF16 => BF16",BFLOAT16,BFLOAT16,BFLOAT16,False,DEV_1_DRAM_INTERLEAVED,,,,836608.0,,BinaryNgDeviceOperation
820,0.27723343869592687,SLOW,MatmulDeviceOperation b={32} x 64 x 64 x 64,0,53.867,4.028,4.0,14.599513616871182,2.8514675032951526,0.3114562904932519,2.8162642007853362,HiFi2 BF16 x BF16 => BF16,BFLOAT16,BFLOAT16,BFLOAT16,False,DEV_1_DRAM_INTERLEAVED,1,1,1,837632.0,"If possible place input 0 in L1 (currently in DEV_1_DRAM_INTERLEAVED) • in0_block_w=1 is small, try in0_block_w=2 or above • Output subblock 1x1 is small, try out_subblock_h * out_subblock_w >= 2 if possible • If your matmuls are not FLOP-bound use HiFi4 with BF16 activations for full accuracy",MatmulDeviceOperation
821,0.01777033061578002,,BinaryNgDeviceOperation,0,3.17,0.541,110,,,,,"BF16, BF16 => BF16",BFLOAT16,BFLOAT16,BFLOAT16,False,DEV_1_DRAM_INTERLEAVED,,,,838656.0,,BinaryNgDeviceOperation
822,0.05106037061602328,,BinaryNgDeviceOperation,0,3.721,6.942,110,,,,,"BF16, BF16 => BF16",BFLOAT16,BFLOAT16,BFLOAT16,False,DEV_1_DRAM_INTERLEAVED,,,,839680.0,,BinaryNgDeviceOperation
823,0.17941760913825006,,BinaryNgDeviceOperation,0,2.83,34.638,110,,,,,"BF16, BF16 => BF16",BFLOAT16,BFLOAT16,BFLOAT16,False,DEV_1_DRAM_INTERLEAVED,,,,840704.0,,BinaryNgDeviceOperation
824,0.1871654924409534,,BinaryNgDeviceOperation,0,3.784,35.302,110,,,,,"BF16, BF16 => BF16",BFLOAT16,BFLOAT16,BFLOAT16,False,DEV_1_DRAM_INTERLEAVED,,,,841728.0,,BinaryNgDeviceOperation
825,0.28727982878806013,SLOW,MatmulDeviceOperation b={32} x 64 x 64 x 64,0,53.869,6.124,4.0,14.598971579201395,2.8513616365627725,0.31144472702296305,2.8161596410496514,HiFi2 BF16 x BF16 => BF16,BFLOAT16,BFLOAT16,BFLOAT16,False,DEV_1_DRAM_INTERLEAVED,1,1,1,842752.0,"If possible place input 0 in L1 (currently in DEV_1_DRAM_INTERLEAVED) • in0_block_w=1 is small, try in0_block_w=2 or above • Output subblock 1x1 is small, try out_subblock_h * out_subblock_w >= 2 if possible • If your matmuls are not FLOP-bound use HiFi4 with BF16 activations for full accuracy",MatmulDeviceOperation
826,0.017487805822912598,,BinaryNgDeviceOperation,0,3.124,0.528,110,,,,,"BF16, BF16 => BF16",BFLOAT16,BFLOAT16,BFLOAT16,False,DEV_1_DRAM_INTERLEAVED,,,,843776.0,,BinaryNgDeviceOperation
827,0.058449112232878186,,BinaryNgDeviceOperation,0,3.708,8.498,110,,,,,"BF16, BF16 => BF16",BFLOAT16,BFLOAT16,BFLOAT16,False,DEV_1_DRAM_INTERLEAVED,,,,844800.0,,BinaryNgDeviceOperation
828,0.14421214681348188,,BinaryNgDeviceOperation,0,2.64,27.476,110,,,,,"BF16, BF16 => BF16",BFLOAT16,BFLOAT16,BFLOAT16,False,DEV_1_DRAM_INTERLEAVED,,,,845824.0,,BinaryNgDeviceOperation
829,0.18934428533510048,,BinaryNgDeviceOperation,0,3.933,35.608,110,,,,,"BF16, BF16 => BF16",BFLOAT16,BFLOAT16,BFLOAT16,False,DEV_1_DRAM_INTERLEAVED,,,,846848.0,,BinaryNgDeviceOperation
830,0.28372672037606633,SLOW,MatmulDeviceOperation b={32} x 64 x 64 x 64,0,53.644,5.607,4.0,14.660204309894862,2.86332115427634,0.312751025277757,2.8279715103963854,HiFi2 BF16 x BF16 => BF16,BFLOAT16,BFLOAT16,BFLOAT16,False,DEV_1_DRAM_INTERLEAVED,1,1,1,847872.0,"If possible place input 0 in L1 (currently in DEV_1_DRAM_INTERLEAVED) • in0_block_w=1 is small, try in0_block_w=2 or above • Output subblock 1x1 is small, try out_subblock_h * out_subblock_w >= 2 if possible • If your matmuls are not FLOP-bound use HiFi4 with BF16 activations for full accuracy",MatmulDeviceOperation
831,0.016922756237177743,,BinaryNgDeviceOperation,0,3.013,0.521,110,,,,,"BF16, BF16 => BF16",BFLOAT16,BFLOAT16,BFLOAT16,False,DEV_1_DRAM_INTERLEAVED,,,,848896.0,,BinaryNgDeviceOperation
832,0.05744830406831392,,BinaryNgDeviceOperation,0,3.85,8.147,110,,,,,"BF16, BF16 => BF16",BFLOAT16,BFLOAT16,BFLOAT16,False,DEV_1_DRAM_INTERLEAVED,,,,849920.0,,BinaryNgDeviceOperation
833,0.14136295610575103,,BinaryNgDeviceOperation,0,2.624,26.897,110,,,,,"BF16, BF16 => BF16",BFLOAT16,BFLOAT16,BFLOAT16,False,DEV_1_DRAM_INTERLEAVED,,,,850944.0,,BinaryNgDeviceOperation
834,0.161201942832018,,BinaryNgDeviceOperation,0,3.753,29.911,110,,,,,"BF16, BF16 => BF16",BFLOAT16,BFLOAT16,BFLOAT16,False,DEV_1_DRAM_INTERLEAVED,,,,851968.0,,BinaryNgDeviceOperation
835,0.27696527957049333,SLOW,MatmulDeviceOperation b={32} x 64 x 64 x 64,0,53.666,4.173,4.0,14.654194462043005,2.8621473558677746,0.3126228151902508,2.826812203326197,HiFi2 BF16 x BF16 => BF16,BFLOAT16,BFLOAT16,BFLOAT16,False,DEV_1_DRAM_INTERLEAVED,1,1,1,852992.0,"If possible place input 0 in L1 (currently in DEV_1_DRAM_INTERLEAVED) • in0_block_w=1 is small, try in0_block_w=2 or above • Output subblock 1x1 is small, try out_subblock_h * out_subblock_w >= 2 if possible • If your matmuls are not FLOP-bound use HiFi4 with BF16 activations for full accuracy",MatmulDeviceOperation
836,0.016525306104838818,,BinaryNgDeviceOperation,0,2.921,0.53,110,,,,,"BF16, BF16 => BF16",BFLOAT16,BFLOAT16,BFLOAT16,False,DEV_1_DRAM_INTERLEAVED,,,,854016.0,,BinaryNgDeviceOperation
837,0.05718014494288042,,BinaryNgDeviceOperation,0,3.786,8.155,110,,,,,"BF16, BF16 => BF16",BFLOAT16,BFLOAT16,BFLOAT16,False,DEV_1_DRAM_INTERLEAVED,,,,855040.0,,BinaryNgDeviceOperation
838,0.140687769736356,,BinaryNgDeviceOperation,0,2.727,26.653,110,,,,,"BF16, BF16 => BF16",BFLOAT16,BFLOAT16,BFLOAT16,False,DEV_1_DRAM_INTERLEAVED,,,,856064.0,,BinaryNgDeviceOperation
839,0.15863048836134325,,BinaryNgDeviceOperation,0,3.878,29.249,110,,,,,"BF16, BF16 => BF16",BFLOAT16,BFLOAT16,BFLOAT16,False,DEV_1_DRAM_INTERLEAVED,,,,857088.0,,BinaryNgDeviceOperation
840,0.2825391585348609,SLOW,MatmulDeviceOperation b={32} x 64 x 64 x 64,0,53.819,5.184,4.0,14.612534606737398,2.8540106653783983,0.31173407161039784,2.818775965805825,HiFi2 BF16 x BF16 => BF16,BFLOAT16,BFLOAT16,BFLOAT16,False,DEV_1_DRAM_INTERLEAVED,1,1,1,858112.0,"If possible place input 0 in L1 (currently in DEV_1_DRAM_INTERLEAVED) • in0_block_w=1 is small, try in0_block_w=2 or above • Output subblock 1x1 is small, try out_subblock_h * out_subblock_w >= 2 if possible • If your matmuls are not FLOP-bound use HiFi4 with BF16 activations for full accuracy",MatmulDeviceOperation
841,0.017147818360309427,,BinaryNgDeviceOperation,0,3.047,0.534,110,,,,,"BF16, BF16 => BF16",BFLOAT16,BFLOAT16,BFLOAT16,False,DEV_1_DRAM_INTERLEAVED,,,,859136.0,,BinaryNgDeviceOperation
842,0.05797025665174696,,BinaryNgDeviceOperation,0,3.97,8.136,110,,,,,"BF16, BF16 => BF16",BFLOAT16,BFLOAT16,BFLOAT16,False,DEV_1_DRAM_INTERLEAVED,,,,860160.0,,BinaryNgDeviceOperation
843,0.14297191085835198,,BinaryNgDeviceOperation,0,2.684,27.173,110,,,,,"BF16, BF16 => BF16",BFLOAT16,BFLOAT16,BFLOAT16,False,DEV_1_DRAM_INTERLEAVED,,,,861184.0,,BinaryNgDeviceOperation
844,0.16962501250411638,,BinaryNgDeviceOperation,0,3.817,31.606,110,,,,,"BF16, BF16 => BF16",BFLOAT16,BFLOAT16,BFLOAT16,False,DEV_1_DRAM_INTERLEAVED,,,,862208.0,,BinaryNgDeviceOperation
845,0.27833001797671736,SLOW,MatmulDeviceOperation b={32} x 64 x 64 x 64,0,53.916,4.208,4.0,14.586245270420655,2.848876029379034,0.3111732324356406,2.8137047203743544,HiFi2 BF16 x BF16 => BF16,BFLOAT16,BFLOAT16,BFLOAT16,False,DEV_1_DRAM_INTERLEAVED,1,1,1,863232.0,"If possible place input 0 in L1 (currently in DEV_1_DRAM_INTERLEAVED) • in0_block_w=1 is small, try in0_block_w=2 or above • Output subblock 1x1 is small, try out_subblock_h * out_subblock_w >= 2 if possible • If your matmuls are not FLOP-bound use HiFi4 with BF16 activations for full accuracy",MatmulDeviceOperation
846,0.016601922997819818,,BinaryNgDeviceOperation,0,2.943,0.524,110,,,,,"BF16, BF16 => BF16",BFLOAT16,BFLOAT16,BFLOAT16,False,DEV_1_DRAM_INTERLEAVED,,,,864256.0,,BinaryNgDeviceOperation
847,0.0862418901617349,,BinaryNgDeviceOperation,0,3.685,14.325,110,,,,,"BF16, BF16 => BF16",BFLOAT16,BFLOAT16,BFLOAT16,False,DEV_1_DRAM_INTERLEAVED,,,,865280.0,,BinaryNgDeviceOperation
848,0.14008441170413066,,BinaryNgDeviceOperation,0,2.663,26.591,110,,,,,"BF16, BF16 => BF16",BFLOAT16,BFLOAT16,BFLOAT16,False,DEV_1_DRAM_INTERLEAVED,,,,866304.0,,BinaryNgDeviceOperation
849,0.16269118368933613,,BinaryNgDeviceOperation,0,3.736,30.239,110,,,,,"BF16, BF16 => BF16",BFLOAT16,BFLOAT16,BFLOAT16,False,DEV_1_DRAM_INTERLEAVED,,,,867328.0,,BinaryNgDeviceOperation
850,0.28036515419652513,SLOW,MatmulDeviceOperation b={32} x 64 x 64 x 64,0,53.93,4.619,4.0,14.58245874281476,2.848136473206008,0.31109245318004825,2.812974294524452,HiFi2 BF16 x BF16 => BF16,BFLOAT16,BFLOAT16,BFLOAT16,False,DEV_1_DRAM_INTERLEAVED,1,1,1,868352.0,"If possible place input 0 in L1 (currently in DEV_1_DRAM_INTERLEAVED) • in0_block_w=1 is small, try in0_block_w=2 or above • Output subblock 1x1 is small, try out_subblock_h * out_subblock_w >= 2 if possible • If your matmuls are not FLOP-bound use HiFi4 with BF16 activations for full accuracy",MatmulDeviceOperation
851,0.01767934805536509,,BinaryNgDeviceOperation,0,3.155,0.537,110,,,,,"BF16, BF16 => BF16",BFLOAT16,BFLOAT16,BFLOAT16,False,DEV_1_DRAM_INTERLEAVED,,,,869376.0,,BinaryNgDeviceOperation
852,0.0530859297242084,,BinaryNgDeviceOperation,0,3.73,7.356,110,,,,,"BF16, BF16 => BF16",BFLOAT16,BFLOAT16,BFLOAT16,False,DEV_1_DRAM_INTERLEAVED,,,,870400.0,,BinaryNgDeviceOperation
853,0.14300064219321984,,BinaryNgDeviceOperation,0,2.593,27.27,110,,,,,"BF16, BF16 => BF16",BFLOAT16,BFLOAT16,BFLOAT16,False,DEV_1_DRAM_INTERLEAVED,,,,871424.0,,BinaryNgDeviceOperation
854,0.16014367199771795,,BinaryNgDeviceOperation,0,3.876,29.567,110,,,,,"BF16, BF16 => BF16",BFLOAT16,BFLOAT16,BFLOAT16,False,DEV_1_DRAM_INTERLEAVED,,,,872448.0,,BinaryNgDeviceOperation
855,0.277956510623435,SLOW,MatmulDeviceOperation b={32} x 64 x 64 x 64,0,53.91,4.136,4.0,14.587868670005564,2.8491930996104617,0.3112078649601187,2.8140178761584806,HiFi2 BF16 x BF16 => BF16,BFLOAT16,BFLOAT16,BFLOAT16,False,DEV_1_DRAM_INTERLEAVED,1,1,1,873472.0,"If possible place input 0 in L1 (currently in DEV_1_DRAM_INTERLEAVED) • in0_block_w=1 is small, try in0_block_w=2 or above • Output subblock 1x1 is small, try out_subblock_h * out_subblock_w >= 2 if possible • If your matmuls are not FLOP-bound use HiFi4 with BF16 activations for full accuracy",MatmulDeviceOperation
856,0.01695627612785693,,BinaryNgDeviceOperation,0,3.013,0.528,110,,,,,"BF16, BF16 => BF16",BFLOAT16,BFLOAT16,BFLOAT16,False,DEV_1_DRAM_INTERLEAVED,,,,874496.0,,BinaryNgDeviceOperation
857,0.057338167284653734,,BinaryNgDeviceOperation,0,3.953,8.021,110,,,,,"BF16, BF16 => BF16",BFLOAT16,BFLOAT16,BFLOAT16,False,DEV_1_DRAM_INTERLEAVED,,,,875520.0,,BinaryNgDeviceOperation
858,0.14055369017363925,,BinaryNgDeviceOperation,0,2.619,26.733,110,,,,,"BF16, BF16 => BF16",BFLOAT16,BFLOAT16,BFLOAT16,False,DEV_1_DRAM_INTERLEAVED,,,,876544.0,,BinaryNgDeviceOperation
859,0.15297041539237213,,BinaryNgDeviceOperation,0,3.721,28.224,110,,,,,"BF16, BF16 => BF16",BFLOAT16,BFLOAT16,BFLOAT16,False,DEV_1_DRAM_INTERLEAVED,,,,877568.0,,BinaryNgDeviceOperation
860,0.2771041476890215,SLOW,MatmulDeviceOperation b={32} x 64 x 64 x 64,0,53.829,4.039,4.0,14.609819985509668,2.853480465919857,0.3116761596908729,2.8182523120196117,HiFi2 BF16 x BF16 => BF16,BFLOAT16,BFLOAT16,BFLOAT16,False,DEV_1_DRAM_INTERLEAVED,1,1,1,878592.0,"If possible place input 0 in L1 (currently in DEV_1_DRAM_INTERLEAVED) • in0_block_w=1 is small, try in0_block_w=2 or above • Output subblock 1x1 is small, try out_subblock_h * out_subblock_w >= 2 if possible • If your matmuls are not FLOP-bound use HiFi4 with BF16 activations for full accuracy",MatmulDeviceOperation
861,0.016601922997819818,,BinaryNgDeviceOperation,0,2.935,0.532,110,,,,,"BF16, BF16 => BF16",BFLOAT16,BFLOAT16,BFLOAT16,False,DEV_1_DRAM_INTERLEAVED,,,,879616.0,,BinaryNgDeviceOperation
862,0.054934312267374955,,BinaryNgDeviceOperation,0,3.653,7.819,110,,,,,"BF16, BF16 => BF16",BFLOAT16,BFLOAT16,BFLOAT16,False,DEV_1_DRAM_INTERLEAVED,,,,880640.0,,BinaryNgDeviceOperation
863,0.14770779255573985,,BinaryNgDeviceOperation,0,2.673,28.173,110,,,,,"BF16, BF16 => BF16",BFLOAT16,BFLOAT16,BFLOAT16,False,DEV_1_DRAM_INTERLEAVED,,,,881664.0,,BinaryNgDeviceOperation
864,0.155130054063274,,BinaryNgDeviceOperation,0,3.74,28.656,110,,,,,"BF16, BF16 => BF16",BFLOAT16,BFLOAT16,BFLOAT16,False,DEV_1_DRAM_INTERLEAVED,,,,882688.0,,BinaryNgDeviceOperation
865,0.2773387869237757,SLOW,MatmulDeviceOperation b={32} x 64 x 64 x 64,0,53.761,4.156,4.0,14.628299324789344,2.8570897118729186,0.31207038559550604,2.821816999380661,HiFi2 BF16 x BF16 => BF16,BFLOAT16,BFLOAT16,BFLOAT16,False,DEV_1_DRAM_INTERLEAVED,1,1,1,883712.0,"If possible place input 0 in L1 (currently in DEV_1_DRAM_INTERLEAVED) • in0_block_w=1 is small, try in0_block_w=2 or above • Output subblock 1x1 is small, try out_subblock_h * out_subblock_w >= 2 if possible • If your matmuls are not FLOP-bound use HiFi4 with BF16 activations for full accuracy",MatmulDeviceOperation
866,0.01696106468366824,,BinaryNgDeviceOperation,0,3.021,0.521,110,,,,,"BF16, BF16 => BF16",BFLOAT16,BFLOAT16,BFLOAT16,False,DEV_1_DRAM_INTERLEAVED,,,,884736.0,,BinaryNgDeviceOperation
867,0.047636553210934976,,BinaryNgDeviceOperation,0,3.81,6.138,110,,,,,"BF16, BF16 => BF16",BFLOAT16,BFLOAT16,BFLOAT16,False,DEV_1_DRAM_INTERLEAVED,,,,885760.0,,BinaryNgDeviceOperation
868,0.14634784270532716,,BinaryNgDeviceOperation,0,2.732,27.83,110,,,,,"BF16, BF16 => BF16",BFLOAT16,BFLOAT16,BFLOAT16,False,DEV_1_DRAM_INTERLEAVED,,,,886784.0,,BinaryNgDeviceOperation
869,0.1596360850817189,,BinaryNgDeviceOperation,0,4.194,29.143,110,,,,,"BF16, BF16 => BF16",BFLOAT16,BFLOAT16,BFLOAT16,False,DEV_1_DRAM_INTERLEAVED,,,,887808.0,,BinaryNgDeviceOperation
870,0.2747577553414784,SLOW,MatmulDeviceOperation b={32} x 64 x 64 x 64,0,53.813,3.565,4.0,14.614163863750395,2.854328879638749,0.31176882909334175,2.819090251495061,HiFi2 BF16 x BF16 => BF16,BFLOAT16,BFLOAT16,BFLOAT16,False,DEV_1_DRAM_INTERLEAVED,1,1,1,888832.0,"If possible place input 0 in L1 (currently in DEV_1_DRAM_INTERLEAVED) • in0_block_w=1 is small, try in0_block_w=2 or above • Output subblock 1x1 is small, try out_subblock_h * out_subblock_w >= 2 if possible • If your matmuls are not FLOP-bound use HiFi4 with BF16 activations for full accuracy",MatmulDeviceOperation
871,0.01660671155363113,,BinaryNgDeviceOperation,0,2.942,0.526,110,,,,,"BF16, BF16 => BF16",BFLOAT16,BFLOAT16,BFLOAT16,False,DEV_1_DRAM_INTERLEAVED,,,,889856.0,,BinaryNgDeviceOperation
872,0.05519289428118581,,BinaryNgDeviceOperation,0,3.881,7.645,110,,,,,"BF16, BF16 => BF16",BFLOAT16,BFLOAT16,BFLOAT16,False,DEV_1_DRAM_INTERLEAVED,,,,890880.0,,BinaryNgDeviceOperation
873,0.1493071701967182,,BinaryNgDeviceOperation,0,2.819,28.361,110,,,,,"BF16, BF16 => BF16",BFLOAT16,BFLOAT16,BFLOAT16,False,DEV_1_DRAM_INTERLEAVED,,,,891904.0,,BinaryNgDeviceOperation
874,0.15550834997236765,,BinaryNgDeviceOperation,0,3.71,28.765,110,,,,,"BF16, BF16 => BF16",BFLOAT16,BFLOAT16,BFLOAT16,False,DEV_1_DRAM_INTERLEAVED,,,,892928.0,,BinaryNgDeviceOperation
875,0.28163891004233416,SLOW,MatmulDeviceOperation b={32} x 64 x 64 x 64,0,53.933,4.882,4.0,14.581647599799751,2.847978046835889,0.311075148795728,2.812817824035446,HiFi2 BF16 x BF16 => BF16,BFLOAT16,BFLOAT16,BFLOAT16,False,DEV_1_DRAM_INTERLEAVED,1,1,1,893952.0,"If possible place input 0 in L1 (currently in DEV_1_DRAM_INTERLEAVED) • in0_block_w=1 is small, try in0_block_w=2 or above • Output subblock 1x1 is small, try out_subblock_h * out_subblock_w >= 2 if possible • If your matmuls are not FLOP-bound use HiFi4 with BF16 activations for full accuracy",MatmulDeviceOperation
876,0.01630024398170714,,BinaryNgDeviceOperation,0,2.888,0.516,110,,,,,"BF16, BF16 => BF16",BFLOAT16,BFLOAT16,BFLOAT16,False,DEV_1_DRAM_INTERLEAVED,,,,894976.0,,BinaryNgDeviceOperation
877,0.06593362496595935,,BinaryNgDeviceOperation,0,3.673,10.096,110,,,,,"BF16, BF16 => BF16",BFLOAT16,BFLOAT16,BFLOAT16,False,DEV_1_DRAM_INTERLEAVED,,,,896000.0,,BinaryNgDeviceOperation
878,0.14708528030026924,,BinaryNgDeviceOperation,0,2.633,28.083,110,,,,,"BF16, BF16 => BF16",BFLOAT16,BFLOAT16,BFLOAT16,False,DEV_1_DRAM_INTERLEAVED,,,,897024.0,,BinaryNgDeviceOperation
879,0.1617813580851868,,BinaryNgDeviceOperation,0,3.795,29.99,110,,,,,"BF16, BF16 => BF16",BFLOAT16,BFLOAT16,BFLOAT16,False,DEV_1_DRAM_INTERLEAVED,,,,898048.0,,BinaryNgDeviceOperation
880,0.2775590604910961,SLOW,MatmulDeviceOperation b={32} x 64 x 64 x 64,0,53.79,4.173,4.0,14.620412716118237,2.8555493586168432,0.31190213794385574,2.82029566283145,HiFi2 BF16 x BF16 => BF16,BFLOAT16,BFLOAT16,BFLOAT16,False,DEV_1_DRAM_INTERLEAVED,1,1,1,899072.0,"If possible place input 0 in L1 (currently in DEV_1_DRAM_INTERLEAVED) • in0_block_w=1 is small, try in0_block_w=2 or above • Output subblock 1x1 is small, try out_subblock_h * out_subblock_w >= 2 if possible • If your matmuls are not FLOP-bound use HiFi4 with BF16 activations for full accuracy",MatmulDeviceOperation
881,0.01653488321646145,,BinaryNgDeviceOperation,0,2.927,0.526,110,,,,,"BF16, BF16 => BF16",BFLOAT16,BFLOAT16,BFLOAT16,False,DEV_1_DRAM_INTERLEAVED,,,,900096.0,,BinaryNgDeviceOperation
882,0.11093647248067255,,BinaryNgDeviceOperation,0,3.989,19.178,110,,,,,"BF16, BF16 => BF16",BFLOAT16,BFLOAT16,BFLOAT16,False,DEV_1_DRAM_INTERLEAVED,,,,901120.0,,BinaryNgDeviceOperation
883,0.16266245235446825,,BinaryNgDeviceOperation,0,2.844,31.125,110,,,,,"BF16, BF16 => BF16",BFLOAT16,BFLOAT16,BFLOAT16,False,DEV_1_DRAM_INTERLEAVED,,,,902144.0,,BinaryNgDeviceOperation
884,0.15598720555349888,,BinaryNgDeviceOperation,0,3.733,28.842,110,,,,,"BF16, BF16 => BF16",BFLOAT16,BFLOAT16,BFLOAT16,False,DEV_1_DRAM_INTERLEAVED,,,,903168.0,,BinaryNgDeviceOperation
885,0.2849047051056492,SLOW,MatmulDeviceOperation b={32} x 64 x 64 x 64,0,53.724,5.773,4.0,14.638373911101183,2.85905740451195,0.31228531010349186,2.8237603995179748,HiFi2 BF16 x BF16 => BF16,BFLOAT16,BFLOAT16,BFLOAT16,False,DEV_1_DRAM_INTERLEAVED,1,1,1,904192.0,"If possible place input 0 in L1 (currently in DEV_1_DRAM_INTERLEAVED) • in0_block_w=1 is small, try in0_block_w=2 or above • Output subblock 1x1 is small, try out_subblock_h * out_subblock_w >= 2 if possible • If your matmuls are not FLOP-bound use HiFi4 with BF16 activations for full accuracy",MatmulDeviceOperation
886,0.01664980855593294,,BinaryNgDeviceOperation,0,2.949,0.528,110,,,,,"BF16, BF16 => BF16",BFLOAT16,BFLOAT16,BFLOAT16,False,DEV_1_DRAM_INTERLEAVED,,,,905216.0,,BinaryNgDeviceOperation
887,0.0785802008636352,,BinaryNgDeviceOperation,0,3.708,12.702,110,,,,,"BF16, BF16 => BF16",BFLOAT16,BFLOAT16,BFLOAT16,False,DEV_1_DRAM_INTERLEAVED,,,,906240.0,,BinaryNgDeviceOperation
888,0.1825158047481691,,BinaryNgDeviceOperation,0,2.614,35.501,110,,,,,"BF16, BF16 => BF16",BFLOAT16,BFLOAT16,BFLOAT16,False,DEV_1_DRAM_INTERLEAVED,,,,907264.0,,BinaryNgDeviceOperation
889,0.16596176730846243,,BinaryNgDeviceOperation,0,3.767,30.891,110,,,,,"BF16, BF16 => BF16",BFLOAT16,BFLOAT16,BFLOAT16,False,DEV_1_DRAM_INTERLEAVED,,,,908288.0,,BinaryNgDeviceOperation
890,0.2851728642310827,SLOW,MatmulDeviceOperation b={32} x 64 x 64 x 64,0,53.839,5.714,4.0,14.6071063727038,2.852950463418711,0.31161826928434777,2.8177288527592212,HiFi2 BF16 x BF16 => BF16,BFLOAT16,BFLOAT16,BFLOAT16,False,DEV_1_DRAM_INTERLEAVED,1,1,1,909312.0,"If possible place input 0 in L1 (currently in DEV_1_DRAM_INTERLEAVED) • in0_block_w=1 is small, try in0_block_w=2 or above • Output subblock 1x1 is small, try out_subblock_h * out_subblock_w >= 2 if possible • If your matmuls are not FLOP-bound use HiFi4 with BF16 activations for full accuracy",MatmulDeviceOperation
891,0.016826985120951498,,BinaryNgDeviceOperation,0,2.984,0.53,110,,,,,"BF16, BF16 => BF16",BFLOAT16,BFLOAT16,BFLOAT16,False,DEV_1_DRAM_INTERLEAVED,,,,910336.0,,BinaryNgDeviceOperation
892,0.06158082773347646,,BinaryNgDeviceOperation,0,3.71,9.15,110,,,,,"BF16, BF16 => BF16",BFLOAT16,BFLOAT16,BFLOAT16,False,DEV_1_DRAM_INTERLEAVED,,,,911360.0,,BinaryNgDeviceOperation
893,0.13978273268801797,,BinaryNgDeviceOperation,0,2.732,26.459,110,,,,,"BF16, BF16 => BF16",BFLOAT16,BFLOAT16,BFLOAT16,False,DEV_1_DRAM_INTERLEAVED,,,,912384.0,,BinaryNgDeviceOperation
894,0.16506151881593573,,BinaryNgDeviceOperation,0,4.174,30.296,110,,,,,"BF16, BF16 => BF16",BFLOAT16,BFLOAT16,BFLOAT16,False,DEV_1_DRAM_INTERLEAVED,,,,913408.0,,BinaryNgDeviceOperation
895,0.27589264306875944,SLOW,MatmulDeviceOperation b={32} x 64 x 64 x 64,0,53.831,3.784,4.0,14.60927718229273,2.853374449666549,0.3116645798889116,2.8181476046089378,HiFi2 BF16 x BF16 => BF16,BFLOAT16,BFLOAT16,BFLOAT16,False,DEV_1_DRAM_INTERLEAVED,1,1,1,914432.0,"If possible place input 0 in L1 (currently in DEV_1_DRAM_INTERLEAVED) • in0_block_w=1 is small, try in0_block_w=2 or above • Output subblock 1x1 is small, try out_subblock_h * out_subblock_w >= 2 if possible • If your matmuls are not FLOP-bound use HiFi4 with BF16 activations for full accuracy",MatmulDeviceOperation
896,0.016587557330385885,,BinaryNgDeviceOperation,0,2.934,0.53,110,,,,,"BF16, BF16 => BF16",BFLOAT16,BFLOAT16,BFLOAT16,False,DEV_1_DRAM_INTERLEAVED,,,,915456.0,,BinaryNgDeviceOperation
897,0.0596558282973289,,BinaryNgDeviceOperation,0,3.87,8.588,110,,,,,"BF16, BF16 => BF16",BFLOAT16,BFLOAT16,BFLOAT16,False,DEV_1_DRAM_INTERLEAVED,,,,916480.0,,BinaryNgDeviceOperation
898,0.14342203510461535,,BinaryNgDeviceOperation,0,2.753,27.198,110,,,,,"BF16, BF16 => BF16",BFLOAT16,BFLOAT16,BFLOAT16,False,DEV_1_DRAM_INTERLEAVED,,,,917504.0,,BinaryNgDeviceOperation
899,0.1637829744143153,,BinaryNgDeviceOperation,0,3.669,30.534,110,,,,,"BF16, BF16 => BF16",BFLOAT16,BFLOAT16,BFLOAT16,False,DEV_1_DRAM_INTERLEAVED,,,,918528.0,,BinaryNgDeviceOperation
900,0.2775686376027187,SLOW,MatmulDeviceOperation b={32} x 64 x 64 x 64,0,53.769,4.196,4.0,14.62612285889639,2.856664620878201,0.3120239543231229,2.8213971564229143,HiFi2 BF16 x BF16 => BF16,BFLOAT16,BFLOAT16,BFLOAT16,False,DEV_1_DRAM_INTERLEAVED,1,1,1,919552.0,"If possible place input 0 in L1 (currently in DEV_1_DRAM_INTERLEAVED) • in0_block_w=1 is small, try in0_block_w=2 or above • Output subblock 1x1 is small, try out_subblock_h * out_subblock_w >= 2 if possible • If your matmuls are not FLOP-bound use HiFi4 with BF16 activations for full accuracy",MatmulDeviceOperation
901,0.016635442888499007,,BinaryNgDeviceOperation,0,2.956,0.518,110,,,,,"BF16, BF16 => BF16",BFLOAT16,BFLOAT16,BFLOAT16,False,DEV_1_DRAM_INTERLEAVED,,,,920576.0,,BinaryNgDeviceOperation
902,0.10838417223324309,,BinaryNgDeviceOperation,0,3.748,18.886,110,,,,,"BF16, BF16 => BF16",BFLOAT16,BFLOAT16,BFLOAT16,False,DEV_1_DRAM_INTERLEAVED,,,,921600.0,,BinaryNgDeviceOperation
903,0.1587166823659469,,BinaryNgDeviceOperation,0,2.612,30.533,110,,,,,"BF16, BF16 => BF16",BFLOAT16,BFLOAT16,BFLOAT16,False,DEV_1_DRAM_INTERLEAVED,,,,922624.0,,BinaryNgDeviceOperation
904,0.186499883183181,,BinaryNgDeviceOperation,0,3.722,35.225,110,,,,,"BF16, BF16 => BF16",BFLOAT16,BFLOAT16,BFLOAT16,False,DEV_1_DRAM_INTERLEAVED,,,,923648.0,,BinaryNgDeviceOperation
905,0.2915081235694489,SLOW,MatmulDeviceOperation b={32} x 64 x 64 x 64,0,53.735,7.141,4.0,14.63537731459942,2.8584721317576993,0.31222138271145433,2.823182352353284,HiFi2 BF16 x BF16 => BF16,BFLOAT16,BFLOAT16,BFLOAT16,False,DEV_1_DRAM_INTERLEAVED,1,1,1,924672.0,"If possible place input 0 in L1 (currently in DEV_1_DRAM_INTERLEAVED) • in0_block_w=1 is small, try in0_block_w=2 or above • Output subblock 1x1 is small, try out_subblock_h * out_subblock_w >= 2 if possible • If your matmuls are not FLOP-bound use HiFi4 with BF16 activations for full accuracy",MatmulDeviceOperation
906,0.016788676674460996,,BinaryNgDeviceOperation,0,2.977,0.529,110,,,,,"BF16, BF16 => BF16",BFLOAT16,BFLOAT16,BFLOAT16,False,DEV_1_DRAM_INTERLEAVED,,,,925696.0,,BinaryNgDeviceOperation
907,0.065330266933734,,BinaryNgDeviceOperation,0,3.704,9.939,110,,,,,"BF16, BF16 => BF16",BFLOAT16,BFLOAT16,BFLOAT16,False,DEV_1_DRAM_INTERLEAVED,,,,926720.0,,BinaryNgDeviceOperation
908,0.1699889427457761,,BinaryNgDeviceOperation,0,2.756,32.743,110,,,,,"BF16, BF16 => BF16",BFLOAT16,BFLOAT16,BFLOAT16,False,DEV_1_DRAM_INTERLEAVED,,,,927744.0,,BinaryNgDeviceOperation
909,0.16330890738899542,,BinaryNgDeviceOperation,0,4.223,29.881,110,,,,,"BF16, BF16 => BF16",BFLOAT16,BFLOAT16,BFLOAT16,False,DEV_1_DRAM_INTERLEAVED,,,,928768.0,,BinaryNgDeviceOperation
910,0.2809876664519957,SLOW,MatmulDeviceOperation b={32} x 64 x 64 x 64,0,53.931,4.748,4.0,14.582188351782833,2.8480836624575847,0.31108668483803376,2.812922135760577,HiFi2 BF16 x BF16 => BF16,BFLOAT16,BFLOAT16,BFLOAT16,False,DEV_1_DRAM_INTERLEAVED,1,1,1,929792.0,"If possible place input 0 in L1 (currently in DEV_1_DRAM_INTERLEAVED) • in0_block_w=1 is small, try in0_block_w=2 or above • Output subblock 1x1 is small, try out_subblock_h * out_subblock_w >= 2 if possible • If your matmuls are not FLOP-bound use HiFi4 with BF16 activations for full accuracy",MatmulDeviceOperation
911,0.016683328446612126,,BinaryNgDeviceOperation,0,2.947,0.537,110,,,,,"BF16, BF16 => BF16",BFLOAT16,BFLOAT16,BFLOAT16,False,DEV_1_DRAM_INTERLEAVED,,,,930816.0,,BinaryNgDeviceOperation
912,0.11819592309062203,,BinaryNgDeviceOperation,0,3.771,20.912,110,,,,,"BF16, BF16 => BF16",BFLOAT16,BFLOAT16,BFLOAT16,False,DEV_1_DRAM_INTERLEAVED,,,,931840.0,,BinaryNgDeviceOperation
913,0.24762579811458277,,BinaryNgDeviceOperation,0,2.676,49.036,110,,,,,"BF16, BF16 => BF16",BFLOAT16,BFLOAT16,BFLOAT16,False,DEV_1_DRAM_INTERLEAVED,,,,932864.0,,BinaryNgDeviceOperation
914,0.2662963772228895,,BinaryNgDeviceOperation,0,3.813,51.798,110,,,,,"BF16, BF16 => BF16",BFLOAT16,BFLOAT16,BFLOAT16,False,DEV_1_DRAM_INTERLEAVED,,,,933888.0,,BinaryNgDeviceOperation
915,0.3187119091335142,SLOW,MatmulDeviceOperation b={32} x 64 x 64 x 64,0,53.773,12.784,4.0,14.625034868800327,2.8564521228125637,0.3120007438677403,2.8211872817901864,HiFi2 BF16 x BF16 => BF16,BFLOAT16,BFLOAT16,BFLOAT16,False,DEV_1_DRAM_INTERLEAVED,1,1,1,934912.0,"If possible place input 0 in L1 (currently in DEV_1_DRAM_INTERLEAVED) • in0_block_w=1 is small, try in0_block_w=2 or above • Output subblock 1x1 is small, try out_subblock_h * out_subblock_w >= 2 if possible • If your matmuls are not FLOP-bound use HiFi4 with BF16 activations for full accuracy",MatmulDeviceOperation
916,0.01660671155363113,,BinaryNgDeviceOperation,0,2.949,0.519,110,,,,,"BF16, BF16 => BF16",BFLOAT16,BFLOAT16,BFLOAT16,False,DEV_1_DRAM_INTERLEAVED,,,,935936.0,,BinaryNgDeviceOperation
917,0.13362943847048167,,BinaryNgDeviceOperation,0,3.789,24.117,110,,,,,"BF16, BF16 => BF16",BFLOAT16,BFLOAT16,BFLOAT16,False,DEV_1_DRAM_INTERLEAVED,,,,936960.0,,BinaryNgDeviceOperation
918,0.17813427618081837,,BinaryNgDeviceOperation,0,2.613,34.587,110,,,,,"BF16, BF16 => BF16",BFLOAT16,BFLOAT16,BFLOAT16,False,DEV_1_DRAM_INTERLEAVED,,,,937984.0,,BinaryNgDeviceOperation
919,0.16627302343619774,,BinaryNgDeviceOperation,0,3.727,30.996,110,,,,,"BF16, BF16 => BF16",BFLOAT16,BFLOAT16,BFLOAT16,False,DEV_1_DRAM_INTERLEAVED,,,,939008.0,,BinaryNgDeviceOperation
920,0.3026079959400709,SLOW,MatmulDeviceOperation b={32} x 64 x 64 x 64,0,53.801,9.393,4.0,14.61742346796528,2.8549655210869687,0.3118383673165926,2.8197190331723143,HiFi2 BF16 x BF16 => BF16,BFLOAT16,BFLOAT16,BFLOAT16,False,DEV_1_DRAM_INTERLEAVED,1,1,1,940032.0,"If possible place input 0 in L1 (currently in DEV_1_DRAM_INTERLEAVED) • in0_block_w=1 is small, try in0_block_w=2 or above • Output subblock 1x1 is small, try out_subblock_h * out_subblock_w >= 2 if possible • If your matmuls are not FLOP-bound use HiFi4 with BF16 activations for full accuracy",MatmulDeviceOperation
921,0.01697064179529087,,BinaryNgDeviceOperation,0,3.016,0.528,110,,,,,"BF16, BF16 => BF16",BFLOAT16,BFLOAT16,BFLOAT16,False,DEV_1_DRAM_INTERLEAVED,,,,941056.0,,BinaryNgDeviceOperation
922,0.05477628992560165,,BinaryNgDeviceOperation,0,3.729,7.71,110,,,,,"BF16, BF16 => BF16",BFLOAT16,BFLOAT16,BFLOAT16,False,DEV_1_DRAM_INTERLEAVED,,,,942080.0,,BinaryNgDeviceOperation
923,0.15391854944301195,,BinaryNgDeviceOperation,0,2.73,29.413,110,,,,,"BF16, BF16 => BF16",BFLOAT16,BFLOAT16,BFLOAT16,False,DEV_1_DRAM_INTERLEAVED,,,,943104.0,,BinaryNgDeviceOperation
924,0.16134081095054603,,BinaryNgDeviceOperation,0,3.706,29.987,110,,,,,"BF16, BF16 => BF16",BFLOAT16,BFLOAT16,BFLOAT16,False,DEV_1_DRAM_INTERLEAVED,,,,944128.0,,BinaryNgDeviceOperation
925,0.280609370542902,SLOW,MatmulDeviceOperation b={32} x 64 x 64 x 64,0,53.643,4.957,4.0,14.66047760192383,2.863374531625748,0.3127568555077084,2.8280242287661705,HiFi2 BF16 x BF16 => BF16,BFLOAT16,BFLOAT16,BFLOAT16,False,DEV_1_DRAM_INTERLEAVED,1,1,1,945152.0,"If possible place input 0 in L1 (currently in DEV_1_DRAM_INTERLEAVED) • in0_block_w=1 is small, try in0_block_w=2 or above • Output subblock 1x1 is small, try out_subblock_h * out_subblock_w >= 2 if possible • If your matmuls are not FLOP-bound use HiFi4 with BF16 activations for full accuracy",MatmulDeviceOperation
926,0.016870082123253312,,BinaryNgDeviceOperation,0,2.999,0.524,110,,,,,"BF16, BF16 => BF16",BFLOAT16,BFLOAT16,BFLOAT16,False,DEV_1_DRAM_INTERLEAVED,,,,946176.0,,BinaryNgDeviceOperation
927,0.05030856735364725,,BinaryNgDeviceOperation,0,3.773,6.733,110,,,,,"BF16, BF16 => BF16",BFLOAT16,BFLOAT16,BFLOAT16,False,DEV_1_DRAM_INTERLEAVED,,,,947200.0,,BinaryNgDeviceOperation
928,0.14625207158910095,,BinaryNgDeviceOperation,0,2.701,27.841,110,,,,,"BF16, BF16 => BF16",BFLOAT16,BFLOAT16,BFLOAT16,False,DEV_1_DRAM_INTERLEAVED,,,,948224.0,,BinaryNgDeviceOperation
929,0.15856823713579624,,BinaryNgDeviceOperation,0,3.828,29.286,110,,,,,"BF16, BF16 => BF16",BFLOAT16,BFLOAT16,BFLOAT16,False,DEV_1_DRAM_INTERLEAVED,,,,949248.0,,BinaryNgDeviceOperation
930,0.29440519983529284,SLOW,MatmulDeviceOperation b={32} x 64 x 64 x 64,0,53.764,7.717,4.0,14.627483074176027,2.8569302879250054,0.3120529722490886,2.8216595436296354,HiFi2 BF16 x BF16 => BF16,BFLOAT16,BFLOAT16,BFLOAT16,False,DEV_1_DRAM_INTERLEAVED,1,1,1,950272.0,"If possible place input 0 in L1 (currently in DEV_1_DRAM_INTERLEAVED) • in0_block_w=1 is small, try in0_block_w=2 or above • Output subblock 1x1 is small, try out_subblock_h * out_subblock_w >= 2 if possible • If your matmuls are not FLOP-bound use HiFi4 with BF16 activations for full accuracy",MatmulDeviceOperation
931,0.016716848337291316,,BinaryNgDeviceOperation,0,2.967,0.524,110,,,,,"BF16, BF16 => BF16",BFLOAT16,BFLOAT16,BFLOAT16,False,DEV_1_DRAM_INTERLEAVED,,,,951296.0,,BinaryNgDeviceOperation
932,0.051409935190249084,,BinaryNgDeviceOperation,0,3.694,7.042,110,,,,,"BF16, BF16 => BF16",BFLOAT16,BFLOAT16,BFLOAT16,False,DEV_1_DRAM_INTERLEAVED,,,,952320.0,,BinaryNgDeviceOperation
933,0.14925928463860508,,BinaryNgDeviceOperation,0,2.686,28.484,110,,,,,"BF16, BF16 => BF16",BFLOAT16,BFLOAT16,BFLOAT16,False,DEV_1_DRAM_INTERLEAVED,,,,953344.0,,BinaryNgDeviceOperation
934,0.16007184366054827,,BinaryNgDeviceOperation,0,3.941,29.487,110,,,,,"BF16, BF16 => BF16",BFLOAT16,BFLOAT16,BFLOAT16,False,DEV_1_DRAM_INTERLEAVED,,,,954368.0,,BinaryNgDeviceOperation
935,0.27610812808026847,SLOW,MatmulDeviceOperation b={32} x 64 x 64 x 64,0,53.563,4.097,4.0,14.68237402684689,2.867651177118533,0.3132239792394003,2.8322480761664526,HiFi2 BF16 x BF16 => BF16,BFLOAT16,BFLOAT16,BFLOAT16,False,DEV_1_DRAM_INTERLEAVED,1,1,1,955392.0,"If possible place input 0 in L1 (currently in DEV_1_DRAM_INTERLEAVED) • in0_block_w=1 is small, try in0_block_w=2 or above • Output subblock 1x1 is small, try out_subblock_h * out_subblock_w >= 2 if possible • If your matmuls are not FLOP-bound use HiFi4 with BF16 activations for full accuracy",MatmulDeviceOperation
936,0.016123067416688588,,BinaryNgDeviceOperation,0,2.833,0.534,110,,,,,"BF16, BF16 => BF16",BFLOAT16,BFLOAT16,BFLOAT16,False,DEV_1_DRAM_INTERLEAVED,,,,956416.0,,BinaryNgDeviceOperation
937,0.05991441031113977,,BinaryNgDeviceOperation,0,3.979,8.533,110,,,,,"BF16, BF16 => BF16",BFLOAT16,BFLOAT16,BFLOAT16,False,DEV_1_DRAM_INTERLEAVED,,,,957440.0,,BinaryNgDeviceOperation
938,0.14585941001257333,,BinaryNgDeviceOperation,0,2.667,27.793,110,,,,,"BF16, BF16 => BF16",BFLOAT16,BFLOAT16,BFLOAT16,False,DEV_1_DRAM_INTERLEAVED,,,,958464.0,,BinaryNgDeviceOperation
939,0.15473739248674637,,BinaryNgDeviceOperation,0,3.764,28.55,110,,,,,"BF16, BF16 => BF16",BFLOAT16,BFLOAT16,BFLOAT16,False,DEV_1_DRAM_INTERLEAVED,,,,959488.0,,BinaryNgDeviceOperation
940,0.2806716217684491,SLOW,MatmulDeviceOperation b={32} x 64 x 64 x 64,0,54.329,4.284,4.0,14.47536306576598,2.827219348782418,0.3088077454030076,2.792315406204857,HiFi2 BF16 x BF16 => BF16,BFLOAT16,BFLOAT16,BFLOAT16,False,DEV_1_DRAM_INTERLEAVED,1,1,1,960512.0,"If possible place input 0 in L1 (currently in DEV_1_DRAM_INTERLEAVED) • in0_block_w=1 is small, try in0_block_w=2 or above • Output subblock 1x1 is small, try out_subblock_h * out_subblock_w >= 2 if possible • If your matmuls are not FLOP-bound use HiFi4 with BF16 activations for full accuracy",MatmulDeviceOperation
941,0.01672642544891394,,BinaryNgDeviceOperation,0,2.962,0.531,110,,,,,"BF16, BF16 => BF16",BFLOAT16,BFLOAT16,BFLOAT16,False,DEV_1_DRAM_INTERLEAVED,,,,961536.0,,BinaryNgDeviceOperation
942,0.057409995621823424,,BinaryNgDeviceOperation,0,3.753,8.236,110,,,,,"BF16, BF16 => BF16",BFLOAT16,BFLOAT16,BFLOAT16,False,DEV_1_DRAM_INTERLEAVED,,,,962560.0,,BinaryNgDeviceOperation
943,0.1380157555936437,,BinaryNgDeviceOperation,0,2.636,26.186,110,,,,,"BF16, BF16 => BF16",BFLOAT16,BFLOAT16,BFLOAT16,False,DEV_1_DRAM_INTERLEAVED,,,,963584.0,,BinaryNgDeviceOperation
944,0.16227936788956324,,BinaryNgDeviceOperation,0,3.683,30.206,110,,,,,"BF16, BF16 => BF16",BFLOAT16,BFLOAT16,BFLOAT16,False,DEV_1_DRAM_INTERLEAVED,,,,964608.0,,BinaryNgDeviceOperation
945,0.2776308888282658,SLOW,MatmulDeviceOperation b={32} x 64 x 64 x 64,0,53.725,4.253,4.0,14.638101442531408,2.8590041879944157,0.31227949744067,2.823707839994485,HiFi2 BF16 x BF16 => BF16,BFLOAT16,BFLOAT16,BFLOAT16,False,DEV_1_DRAM_INTERLEAVED,1,1,1,965632.0,"If possible place input 0 in L1 (currently in DEV_1_DRAM_INTERLEAVED) • in0_block_w=1 is small, try in0_block_w=2 or above • Output subblock 1x1 is small, try out_subblock_h * out_subblock_w >= 2 if possible • If your matmuls are not FLOP-bound use HiFi4 with BF16 activations for full accuracy",MatmulDeviceOperation
946,0.01658755733038588,,BinaryNgDeviceOperation,0,2.936,0.528,110,,,,,"BF16, BF16 => BF16",BFLOAT16,BFLOAT16,BFLOAT16,False,DEV_1_DRAM_INTERLEAVED,,,,966656.0,,BinaryNgDeviceOperation
947,0.05265017114537898,,BinaryNgDeviceOperation,0,3.664,7.331,110,,,,,"BF16, BF16 => BF16",BFLOAT16,BFLOAT16,BFLOAT16,False,DEV_1_DRAM_INTERLEAVED,,,,967680.0,,BinaryNgDeviceOperation
948,0.138939946865227,,BinaryNgDeviceOperation,0,2.622,26.393,110,,,,,"BF16, BF16 => BF16",BFLOAT16,BFLOAT16,BFLOAT16,False,DEV_1_DRAM_INTERLEAVED,,,,968704.0,,BinaryNgDeviceOperation
949,0.18349745868948816,,BinaryNgDeviceOperation,0,3.807,34.513,110,,,,,"BF16, BF16 => BF16",BFLOAT16,BFLOAT16,BFLOAT16,False,DEV_1_DRAM_INTERLEAVED,,,,969728.0,,BinaryNgDeviceOperation
950,0.29049294973745066,SLOW,MatmulDeviceOperation b={32} x 64 x 64 x 64,0,53.768,6.896,4.0,14.62639488171403,2.8567177503347714,0.31202975747656597,2.8214496299602683,HiFi2 BF16 x BF16 => BF16,BFLOAT16,BFLOAT16,BFLOAT16,False,DEV_1_DRAM_INTERLEAVED,1,1,1,970752.0,"If possible place input 0 in L1 (currently in DEV_1_DRAM_INTERLEAVED) • in0_block_w=1 is small, try in0_block_w=2 or above • Output subblock 1x1 is small, try out_subblock_h * out_subblock_w >= 2 if possible • If your matmuls are not FLOP-bound use HiFi4 with BF16 activations for full accuracy",MatmulDeviceOperation
951,0.016467843435103074,,BinaryNgDeviceOperation,0,2.918,0.521,110,,,,,"BF16, BF16 => BF16",BFLOAT16,BFLOAT16,BFLOAT16,False,DEV_1_DRAM_INTERLEAVED,,,,971776.0,,BinaryNgDeviceOperation
952,0.05880825391872662,,BinaryNgDeviceOperation,0,3.861,8.42,110,,,,,"BF16, BF16 => BF16",BFLOAT16,BFLOAT16,BFLOAT16,False,DEV_1_DRAM_INTERLEAVED,,,,972800.0,,BinaryNgDeviceOperation
953,0.14699429773985434,,BinaryNgDeviceOperation,0,2.796,27.901,110,,,,,"BF16, BF16 => BF16",BFLOAT16,BFLOAT16,BFLOAT16,False,DEV_1_DRAM_INTERLEAVED,,,,973824.0,,BinaryNgDeviceOperation
954,0.16135996517379128,,BinaryNgDeviceOperation,0,3.82,29.877,110,,,,,"BF16, BF16 => BF16",BFLOAT16,BFLOAT16,BFLOAT16,False,DEV_1_DRAM_INTERLEAVED,,,,974848.0,,BinaryNgDeviceOperation
955,0.2756005411642693,SLOW,MatmulDeviceOperation b={32} x 64 x 64 x 64,0,53.782,3.772,4.0,14.622587482800938,2.8559741177345583,0.31194853296642,2.82071517800944,HiFi2 BF16 x BF16 => BF16,BFLOAT16,BFLOAT16,BFLOAT16,False,DEV_1_DRAM_INTERLEAVED,1,1,1,975872.0,"If possible place input 0 in L1 (currently in DEV_1_DRAM_INTERLEAVED) • in0_block_w=1 is small, try in0_block_w=2 or above • Output subblock 1x1 is small, try out_subblock_h * out_subblock_w >= 2 if possible • If your matmuls are not FLOP-bound use HiFi4 with BF16 activations for full accuracy",MatmulDeviceOperation
956,0.016510940437404885,,BinaryNgDeviceOperation,0,2.924,0.524,110,,,,,"BF16, BF16 => BF16",BFLOAT16,BFLOAT16,BFLOAT16,False,DEV_1_DRAM_INTERLEAVED,,,,976896.0,,BinaryNgDeviceOperation
957,0.058631077353708067,,BinaryNgDeviceOperation,0,3.694,8.55,110,,,,,"BF16, BF16 => BF16",BFLOAT16,BFLOAT16,BFLOAT16,False,DEV_1_DRAM_INTERLEAVED,,,,977920.0,,BinaryNgDeviceOperation
958,0.14661121327494933,,BinaryNgDeviceOperation,0,2.804,27.813,110,,,,,"BF16, BF16 => BF16",BFLOAT16,BFLOAT16,BFLOAT16,False,DEV_1_DRAM_INTERLEAVED,,,,978944.0,,BinaryNgDeviceOperation
959,0.17971449959855143,,BinaryNgDeviceOperation,0,3.784,33.746,110,,,,,"BF16, BF16 => BF16",BFLOAT16,BFLOAT16,BFLOAT16,False,DEV_1_DRAM_INTERLEAVED,,,,979968.0,,BinaryNgDeviceOperation
960,0.2787466223323016,SLOW,MatmulDeviceOperation b={32} x 64 x 64 x 64,0,53.767,4.444,4.0,14.626666914650249,2.856770881767627,0.31203556084587203,2.8215021054495084,HiFi2 BF16 x BF16 => BF16,BFLOAT16,BFLOAT16,BFLOAT16,False,DEV_1_DRAM_INTERLEAVED,1,1,1,980992.0,"If possible place input 0 in L1 (currently in DEV_1_DRAM_INTERLEAVED) • in0_block_w=1 is small, try in0_block_w=2 or above • Output subblock 1x1 is small, try out_subblock_h * out_subblock_w >= 2 if possible • If your matmuls are not FLOP-bound use HiFi4 with BF16 activations for full accuracy",MatmulDeviceOperation
961,0.0177607535041574,,BinaryNgDeviceOperation,0,3.179,0.53,110,,,,,"BF16, BF16 => BF16",BFLOAT16,BFLOAT16,BFLOAT16,False,DEV_1_DRAM_INTERLEAVED,,,,982016.0,,BinaryNgDeviceOperation
962,0.16549727739476514,,BinaryNgDeviceOperation,0,3.741,30.82,110,,,,,"BF16, BF16 => BF16",BFLOAT16,BFLOAT16,BFLOAT16,False,DEV_1_DRAM_INTERLEAVED,,,,983040.0,,BinaryNgDeviceOperation
963,0.2438667818027026,,BinaryNgDeviceOperation,0,2.597,48.33,110,,,,,"BF16, BF16 => BF16",BFLOAT16,BFLOAT16,BFLOAT16,False,DEV_1_DRAM_INTERLEAVED,,,,984064.0,,BinaryNgDeviceOperation
964,0.26080390370731427,,BinaryNgDeviceOperation,0,3.714,50.75,110,,,,,"BF16, BF16 => BF16",BFLOAT16,BFLOAT16,BFLOAT16,False,DEV_1_DRAM_INTERLEAVED,,,,985088.0,,BinaryNgDeviceOperation
965,0.3308030125570778,SLOW,MatmulDeviceOperation b={32} x 64 x 64 x 64,0,53.644,15.438,4.0,14.660204309894862,2.86332115427634,0.312751025277757,2.8279715103963854,HiFi2 BF16 x BF16 => BF16,BFLOAT16,BFLOAT16,BFLOAT16,False,DEV_1_DRAM_INTERLEAVED,1,1,1,986112.0,"If possible place input 0 in L1 (currently in DEV_1_DRAM_INTERLEAVED) • in0_block_w=1 is small, try in0_block_w=2 or above • Output subblock 1x1 is small, try out_subblock_h * out_subblock_w >= 2 if possible • If your matmuls are not FLOP-bound use HiFi4 with BF16 activations for full accuracy",MatmulDeviceOperation
966,0.01658276877457457,,BinaryNgDeviceOperation,0,2.939,0.524,110,,,,,"BF16, BF16 => BF16",BFLOAT16,BFLOAT16,BFLOAT16,False,DEV_1_DRAM_INTERLEAVED,,,,987136.0,,BinaryNgDeviceOperation
967,0.18364590391963884,,BinaryNgDeviceOperation,0,3.721,34.63,110,,,,,"BF16, BF16 => BF16",BFLOAT16,BFLOAT16,BFLOAT16,False,DEV_1_DRAM_INTERLEAVED,,,,988160.0,,BinaryNgDeviceOperation
968,0.17528508547308752,,BinaryNgDeviceOperation,0,2.775,33.83,110,,,,,"BF16, BF16 => BF16",BFLOAT16,BFLOAT16,BFLOAT16,False,DEV_1_DRAM_INTERLEAVED,,,,989184.0,,BinaryNgDeviceOperation
969,0.16491307358578505,,BinaryNgDeviceOperation,0,3.721,30.718,110,,,,,"BF16, BF16 => BF16",BFLOAT16,BFLOAT16,BFLOAT16,False,DEV_1_DRAM_INTERLEAVED,,,,990208.0,,BinaryNgDeviceOperation
970,0.2937204363542752,SLOW,MatmulDeviceOperation b={32} x 64 x 64 x 64,0,53.844,7.494,4.0,14.605749944283485,2.852685535992868,0.31158933214471435,2.817467196042339,HiFi2 BF16 x BF16 => BF16,BFLOAT16,BFLOAT16,BFLOAT16,False,DEV_1_DRAM_INTERLEAVED,1,1,1,991232.0,"If possible place input 0 in L1 (currently in DEV_1_DRAM_INTERLEAVED) • in0_block_w=1 is small, try in0_block_w=2 or above • Output subblock 1x1 is small, try out_subblock_h * out_subblock_w >= 2 if possible • If your matmuls are not FLOP-bound use HiFi4 with BF16 activations for full accuracy",MatmulDeviceOperation
971,0.016616288665253758,,BinaryNgDeviceOperation,0,2.947,0.523,110,,,,,"BF16, BF16 => BF16",BFLOAT16,BFLOAT16,BFLOAT16,False,DEV_1_DRAM_INTERLEAVED,,,,992256.0,,BinaryNgDeviceOperation
972,0.06327597649068101,,BinaryNgDeviceOperation,0,3.707,9.507,110,,,,,"BF16, BF16 => BF16",BFLOAT16,BFLOAT16,BFLOAT16,False,DEV_1_DRAM_INTERLEAVED,,,,993280.0,,BinaryNgDeviceOperation
973,0.14652501927034572,,BinaryNgDeviceOperation,0,2.703,27.896,110,,,,,"BF16, BF16 => BF16",BFLOAT16,BFLOAT16,BFLOAT16,False,DEV_1_DRAM_INTERLEAVED,,,,994304.0,,BinaryNgDeviceOperation
974,0.1647789940230683,,BinaryNgDeviceOperation,0,3.711,30.7,110,,,,,"BF16, BF16 => BF16",BFLOAT16,BFLOAT16,BFLOAT16,False,DEV_1_DRAM_INTERLEAVED,,,,995328.0,,BinaryNgDeviceOperation
975,0.27887112478339565,SLOW,MatmulDeviceOperation b={32} x 64 x 64 x 64,0,53.752,4.485,4.0,14.630748623307039,2.857568090489656,0.31212263729721684,2.8222894720885496,HiFi2 BF16 x BF16 => BF16,BFLOAT16,BFLOAT16,BFLOAT16,False,DEV_1_DRAM_INTERLEAVED,1,1,1,996352.0,"If possible place input 0 in L1 (currently in DEV_1_DRAM_INTERLEAVED) • in0_block_w=1 is small, try in0_block_w=2 or above • Output subblock 1x1 is small, try out_subblock_h * out_subblock_w >= 2 if possible • If your matmuls are not FLOP-bound use HiFi4 with BF16 activations for full accuracy",MatmulDeviceOperation
976,0.01632897531657502,,BinaryNgDeviceOperation,0,2.874,0.536,110,,,,,"BF16, BF16 => BF16",BFLOAT16,BFLOAT16,BFLOAT16,False,DEV_1_DRAM_INTERLEAVED,,,,997376.0,,BinaryNgDeviceOperation
977,0.05571005830880755,,BinaryNgDeviceOperation,0,3.807,7.827,110,,,,,"BF16, BF16 => BF16",BFLOAT16,BFLOAT16,BFLOAT16,False,DEV_1_DRAM_INTERLEAVED,,,,998400.0,,BinaryNgDeviceOperation
978,0.14356569177895473,,BinaryNgDeviceOperation,0,2.765,27.216,110,,,,,"BF16, BF16 => BF16",BFLOAT16,BFLOAT16,BFLOAT16,False,DEV_1_DRAM_INTERLEAVED,,,,999424.0,,BinaryNgDeviceOperation
979,0.15959777663522837,,BinaryNgDeviceOperation,0,4.219,29.11,110,,,,,"BF16, BF16 => BF16",BFLOAT16,BFLOAT16,BFLOAT16,False,DEV_1_DRAM_INTERLEAVED,,,,1000448.0,,BinaryNgDeviceOperation
980,0.2765582523265318,SLOW,MatmulDeviceOperation b={32} x 64 x 64 x 64,0,53.884,3.87,4.0,14.594907579244303,2.850567886571153,0.31135802835721177,2.8153756904406446,HiFi2 BF16 x BF16 => BF16,BFLOAT16,BFLOAT16,BFLOAT16,False,DEV_1_DRAM_INTERLEAVED,1,1,1,1001472.0,"If possible place input 0 in L1 (currently in DEV_1_DRAM_INTERLEAVED) • in0_block_w=1 is small, try in0_block_w=2 or above • Output subblock 1x1 is small, try out_subblock_h * out_subblock_w >= 2 if possible • If your matmuls are not FLOP-bound use HiFi4 with BF16 activations for full accuracy",MatmulDeviceOperation
981,0.016558825995518008,,BinaryNgDeviceOperation,0,2.921,0.537,110,,,,,"BF16, BF16 => BF16",BFLOAT16,BFLOAT16,BFLOAT16,False,DEV_1_DRAM_INTERLEAVED,,,,1002496.0,,BinaryNgDeviceOperation
982,0.08403436593271993,,BinaryNgDeviceOperation,0,3.973,13.576,110,,,,,"BF16, BF16 => BF16",BFLOAT16,BFLOAT16,BFLOAT16,False,DEV_1_DRAM_INTERLEAVED,,,,1003520.0,,BinaryNgDeviceOperation
983,0.15450275325199206,,BinaryNgDeviceOperation,0,2.972,29.293,110,,,,,"BF16, BF16 => BF16",BFLOAT16,BFLOAT16,BFLOAT16,False,DEV_1_DRAM_INTERLEAVED,,,,1004544.0,,BinaryNgDeviceOperation
984,0.1646736457952194,,BinaryNgDeviceOperation,0,3.739,30.65,110,,,,,"BF16, BF16 => BF16",BFLOAT16,BFLOAT16,BFLOAT16,False,DEV_1_DRAM_INTERLEAVED,,,,1005568.0,,BinaryNgDeviceOperation
985,0.28243381030701203,SLOW,MatmulDeviceOperation b={32} x 64 x 64 x 64,0,53.962,5.019,4.0,14.573811200474408,2.846447500092658,0.31090797227678735,2.8113061729310203,HiFi2 BF16 x BF16 => BF16,BFLOAT16,BFLOAT16,BFLOAT16,False,DEV_1_DRAM_INTERLEAVED,1,1,1,1006592.0,"If possible place input 0 in L1 (currently in DEV_1_DRAM_INTERLEAVED) • in0_block_w=1 is small, try in0_block_w=2 or above • Output subblock 1x1 is small, try out_subblock_h * out_subblock_w >= 2 if possible • If your matmuls are not FLOP-bound use HiFi4 with BF16 activations for full accuracy",MatmulDeviceOperation
986,0.016826985120951498,,BinaryNgDeviceOperation,0,2.984,0.53,110,,,,,"BF16, BF16 => BF16",BFLOAT16,BFLOAT16,BFLOAT16,False,DEV_1_DRAM_INTERLEAVED,,,,1007616.0,,BinaryNgDeviceOperation
987,0.05221441256654956,,BinaryNgDeviceOperation,0,3.656,7.248,110,,,,,"BF16, BF16 => BF16",BFLOAT16,BFLOAT16,BFLOAT16,False,DEV_1_DRAM_INTERLEAVED,,,,1008640.0,,BinaryNgDeviceOperation
988,0.1639649395351452,,BinaryNgDeviceOperation,0,2.641,31.6,110,,,,,"BF16, BF16 => BF16",BFLOAT16,BFLOAT16,BFLOAT16,False,DEV_1_DRAM_INTERLEAVED,,,,1009664.0,,BinaryNgDeviceOperation
989,0.15894653304488987,,BinaryNgDeviceOperation,0,3.726,29.467,110,,,,,"BF16, BF16 => BF16",BFLOAT16,BFLOAT16,BFLOAT16,False,DEV_1_DRAM_INTERLEAVED,,,,1010688.0,,BinaryNgDeviceOperation
990,0.2793739231435835,SLOW,MatmulDeviceOperation b={32} x 64 x 64 x 64,0,53.645,4.697,4.0,14.659931028054803,2.8632677789169536,0.31274519526516914,2.827918793992053,HiFi2 BF16 x BF16 => BF16,BFLOAT16,BFLOAT16,BFLOAT16,False,DEV_1_DRAM_INTERLEAVED,1,1,1,1011712.0,"If possible place input 0 in L1 (currently in DEV_1_DRAM_INTERLEAVED) • in0_block_w=1 is small, try in0_block_w=2 or above • Output subblock 1x1 is small, try out_subblock_h * out_subblock_w >= 2 if possible • If your matmuls are not FLOP-bound use HiFi4 with BF16 activations for full accuracy",MatmulDeviceOperation
991,0.016654597111744253,,BinaryNgDeviceOperation,0,2.941,0.537,110,,,,,"BF16, BF16 => BF16",BFLOAT16,BFLOAT16,BFLOAT16,False,DEV_1_DRAM_INTERLEAVED,,,,1012736.0,,BinaryNgDeviceOperation
992,0.05478107848141296,,BinaryNgDeviceOperation,0,3.915,7.525,110,,,,,"BF16, BF16 => BF16",BFLOAT16,BFLOAT16,BFLOAT16,False,DEV_1_DRAM_INTERLEAVED,,,,1013760.0,,BinaryNgDeviceOperation
993,0.14690810373525073,,BinaryNgDeviceOperation,0,2.801,27.878,110,,,,,"BF16, BF16 => BF16",BFLOAT16,BFLOAT16,BFLOAT16,False,DEV_1_DRAM_INTERLEAVED,,,,1014784.0,,BinaryNgDeviceOperation
994,0.15753390908055273,,BinaryNgDeviceOperation,0,3.721,29.177,110,,,,,"BF16, BF16 => BF16",BFLOAT16,BFLOAT16,BFLOAT16,False,DEV_1_DRAM_INTERLEAVED,,,,1015808.0,,BinaryNgDeviceOperation
995,0.27792299073275584,SLOW,MatmulDeviceOperation b={32} x 64 x 64 x 64,0,53.796,4.243,4.0,14.618782065581083,2.8552308721838053,0.3118673507323964,2.819981108329684,HiFi2 BF16 x BF16 => BF16,BFLOAT16,BFLOAT16,BFLOAT16,False,DEV_1_DRAM_INTERLEAVED,1,1,1,1016832.0,"If possible place input 0 in L1 (currently in DEV_1_DRAM_INTERLEAVED) • in0_block_w=1 is small, try in0_block_w=2 or above • Output subblock 1x1 is small, try out_subblock_h * out_subblock_w >= 2 if possible • If your matmuls are not FLOP-bound use HiFi4 with BF16 activations for full accuracy",MatmulDeviceOperation
996,0.016779099562838375,,BinaryNgDeviceOperation,0,2.971,0.533,110,,,,,"BF16, BF16 => BF16",BFLOAT16,BFLOAT16,BFLOAT16,False,DEV_1_DRAM_INTERLEAVED,,,,1017856.0,,BinaryNgDeviceOperation
997,0.045117772854184696,,BinaryNgDeviceOperation,0,3.644,5.778,110,,,,,"BF16, BF16 => BF16",BFLOAT16,BFLOAT16,BFLOAT16,False,DEV_1_DRAM_INTERLEAVED,,,,1018880.0,,BinaryNgDeviceOperation
998,0.14868465794124758,,BinaryNgDeviceOperation,0,2.696,28.354,110,,,,,"BF16, BF16 => BF16",BFLOAT16,BFLOAT16,BFLOAT16,False,DEV_1_DRAM_INTERLEAVED,,,,1019904.0,,BinaryNgDeviceOperation
999,0.15740940662945865,,BinaryNgDeviceOperation,0,3.762,29.11,110,,,,,"BF16, BF16 => BF16",BFLOAT16,BFLOAT16,BFLOAT16,False,DEV_1_DRAM_INTERLEAVED,,,,1020928.0,,BinaryNgDeviceOperation
1000,0.2944674510608399,SLOW,MatmulDeviceOperation b={32} x 64 x 64 x 64,0,53.935,7.559,4.0,14.581106887920646,2.847872439047001,0.3110636136089738,2.8127135200464206,HiFi2 BF16 x BF16 => BF16,BFLOAT16,BFLOAT16,BFLOAT16,False,DEV_1_DRAM_INTERLEAVED,1,1,1,1021952.0,"If possible place input 0 in L1 (currently in DEV_1_DRAM_INTERLEAVED) • in0_block_w=1 is small, try in0_block_w=2 or above • Output subblock 1x1 is small, try out_subblock_h * out_subblock_w >= 2 if possible • If your matmuls are not FLOP-bound use HiFi4 with BF16 activations for full accuracy",MatmulDeviceOperation
1001,0.01621404997710352,,BinaryNgDeviceOperation,0,2.867,0.519,110,,,,,"BF16, BF16 => BF16",BFLOAT16,BFLOAT16,BFLOAT16,False,DEV_1_DRAM_INTERLEAVED,,,,1022976.0,,BinaryNgDeviceOperation
1002,0.0534354942984342,,BinaryNgDeviceOperation,0,3.736,7.423,110,,,,,"BF16, BF16 => BF16",BFLOAT16,BFLOAT16,BFLOAT16,False,DEV_1_DRAM_INTERLEAVED,,,,1024000.0,,BinaryNgDeviceOperation
1003,0.14695120073755252,,BinaryNgDeviceOperation,0,2.807,27.881,110,,,,,"BF16, BF16 => BF16",BFLOAT16,BFLOAT16,BFLOAT16,False,DEV_1_DRAM_INTERLEAVED,,,,1025024.0,,BinaryNgDeviceOperation
1004,0.16032084856273654,,BinaryNgDeviceOperation,0,3.933,29.547,110,,,,,"BF16, BF16 => BF16",BFLOAT16,BFLOAT16,BFLOAT16,False,DEV_1_DRAM_INTERLEAVED,,,,1026048.0,,BinaryNgDeviceOperation
1005,0.2769365482356255,SLOW,MatmulDeviceOperation b={32} x 64 x 64 x 64,0,53.747,4.086,4.0,14.632109699145998,2.8578339256144525,0.31215167358178125,2.822552025298225,HiFi2 BF16 x BF16 => BF16,BFLOAT16,BFLOAT16,BFLOAT16,False,DEV_1_DRAM_INTERLEAVED,1,1,1,1027072.0,"If possible place input 0 in L1 (currently in DEV_1_DRAM_INTERLEAVED) • in0_block_w=1 is small, try in0_block_w=2 or above • Output subblock 1x1 is small, try out_subblock_h * out_subblock_w >= 2 if possible • If your matmuls are not FLOP-bound use HiFi4 with BF16 activations for full accuracy",MatmulDeviceOperation
1006,0.01666417422336688,,BinaryNgDeviceOperation,0,2.952,0.528,110,,,,,"BF16, BF16 => BF16",BFLOAT16,BFLOAT16,BFLOAT16,False,DEV_1_DRAM_INTERLEAVED,,,,1028096.0,,BinaryNgDeviceOperation
1007,0.053761116093603435,,BinaryNgDeviceOperation,0,4.003,7.224,110,,,,,"BF16, BF16 => BF16",BFLOAT16,BFLOAT16,BFLOAT16,False,DEV_1_DRAM_INTERLEAVED,,,,1029120.0,,BinaryNgDeviceOperation
1008,0.1419998340286556,,BinaryNgDeviceOperation,0,2.716,26.938,110,,,,,"BF16, BF16 => BF16",BFLOAT16,BFLOAT16,BFLOAT16,False,DEV_1_DRAM_INTERLEAVED,,,,1030144.0,,BinaryNgDeviceOperation
1009,0.15749560063406226,,BinaryNgDeviceOperation,0,3.661,29.229,110,,,,,"BF16, BF16 => BF16",BFLOAT16,BFLOAT16,BFLOAT16,False,DEV_1_DRAM_INTERLEAVED,,,,1031168.0,,BinaryNgDeviceOperation
1010,0.27879929644622603,SLOW,MatmulDeviceOperation b={32} x 64 x 64 x 64,0,53.959,4.263,4.0,14.574621471858261,2.8466057562223166,0.31092525806630955,2.8114624752813,HiFi2 BF16 x BF16 => BF16,BFLOAT16,BFLOAT16,BFLOAT16,False,DEV_1_DRAM_INTERLEAVED,1,1,1,1032192.0,"If possible place input 0 in L1 (currently in DEV_1_DRAM_INTERLEAVED) • in0_block_w=1 is small, try in0_block_w=2 or above • Output subblock 1x1 is small, try out_subblock_h * out_subblock_w >= 2 if possible • If your matmuls are not FLOP-bound use HiFi4 with BF16 activations for full accuracy",MatmulDeviceOperation
1011,0.01666417422336688,,BinaryNgDeviceOperation,0,2.963,0.517,110,,,,,"BF16, BF16 => BF16",BFLOAT16,BFLOAT16,BFLOAT16,False,DEV_1_DRAM_INTERLEAVED,,,,1033216.0,,BinaryNgDeviceOperation
1012,0.05851136345842525,,BinaryNgDeviceOperation,0,3.772,8.447,110,,,,,"BF16, BF16 => BF16",BFLOAT16,BFLOAT16,BFLOAT16,False,DEV_1_DRAM_INTERLEAVED,,,,1034240.0,,BinaryNgDeviceOperation
1013,0.1404866503922809,,BinaryNgDeviceOperation,0,2.648,26.69,110,,,,,"BF16, BF16 => BF16",BFLOAT16,BFLOAT16,BFLOAT16,False,DEV_1_DRAM_INTERLEAVED,,,,1035264.0,,BinaryNgDeviceOperation
1014,0.15895132160070122,,BinaryNgDeviceOperation,0,3.755,29.439,110,,,,,"BF16, BF16 => BF16",BFLOAT16,BFLOAT16,BFLOAT16,False,DEV_1_DRAM_INTERLEAVED,,,,1036288.0,,BinaryNgDeviceOperation
1015,0.27903872423679155,SLOW,MatmulDeviceOperation b={32} x 64 x 64 x 64,0,53.833,4.439,4.0,14.608734419408169,2.853268441290658,0.31165300094737425,2.818042904978428,HiFi2 BF16 x BF16 => BF16,BFLOAT16,BFLOAT16,BFLOAT16,False,DEV_1_DRAM_INTERLEAVED,1,1,1,1037312.0,"If possible place input 0 in L1 (currently in DEV_1_DRAM_INTERLEAVED) • in0_block_w=1 is small, try in0_block_w=2 or above • Output subblock 1x1 is small, try out_subblock_h * out_subblock_w >= 2 if possible • If your matmuls are not FLOP-bound use HiFi4 with BF16 activations for full accuracy",MatmulDeviceOperation
1016,0.01743034315317685,,BinaryNgDeviceOperation,0,3.101,0.539,110,,,,,"BF16, BF16 => BF16",BFLOAT16,BFLOAT16,BFLOAT16,False,DEV_1_DRAM_INTERLEAVED,,,,1038336.0,,BinaryNgDeviceOperation
1017,0.26329874128500796,,BinaryNgDeviceOperation,0,3.681,51.304,110,,,,,"BF16, BF16 => BF16",BFLOAT16,BFLOAT16,BFLOAT16,False,DEV_1_DRAM_INTERLEAVED,,,,1039360.0,,BinaryNgDeviceOperation
1018,0.24843985260250587,,BinaryNgDeviceOperation,0,2.613,49.269,110,,,,,"BF16, BF16 => BF16",BFLOAT16,BFLOAT16,BFLOAT16,False,DEV_1_DRAM_INTERLEAVED,,,,1040384.0,,BinaryNgDeviceOperation
1019,0.2528932095070264,,BinaryNgDeviceOperation,0,3.908,48.904,110,,,,,"BF16, BF16 => BF16",BFLOAT16,BFLOAT16,BFLOAT16,False,DEV_1_DRAM_INTERLEAVED,,,,1041408.0,,BinaryNgDeviceOperation
1020,0.3194206153935884,SLOW,MatmulDeviceOperation b={32} x 64 x 64 x 64,0,54.219,12.486,4.0,14.504730813921318,2.8329552370940077,0.30943425736365476,2.797980481080501,HiFi2 BF16 x BF16 => BF16,BFLOAT16,BFLOAT16,BFLOAT16,False,DEV_1_DRAM_INTERLEAVED,1,1,1,1042432.0,"If possible place input 0 in L1 (currently in DEV_1_DRAM_INTERLEAVED) • in0_block_w=1 is small, try in0_block_w=2 or above • Output subblock 1x1 is small, try out_subblock_h * out_subblock_w >= 2 if possible • If your matmuls are not FLOP-bound use HiFi4 with BF16 activations for full accuracy",MatmulDeviceOperation
1021,0.01689402490230987,,BinaryNgDeviceOperation,0,2.993,0.535,110,,,,,"BF16, BF16 => BF16",BFLOAT16,BFLOAT16,BFLOAT16,False,DEV_1_DRAM_INTERLEAVED,,,,1043456.0,,BinaryNgDeviceOperation
1022,0.0718953769510432,,BinaryNgDeviceOperation,0,4.324,10.69,110,,,,,"BF16, BF16 => BF16",BFLOAT16,BFLOAT16,BFLOAT16,False,DEV_1_DRAM_INTERLEAVED,,,,1044480.0,,BinaryNgDeviceOperation
1023,0.14131985910344924,,BinaryNgDeviceOperation,0,2.667,26.845,110,,,,,"BF16, BF16 => BF16",BFLOAT16,BFLOAT16,BFLOAT16,False,DEV_1_DRAM_INTERLEAVED,,,,1045504.0,,BinaryNgDeviceOperation
1024,0.15934398317722884,,BinaryNgDeviceOperation,0,3.752,29.524,110,,,,,"BF16, BF16 => BF16",BFLOAT16,BFLOAT16,BFLOAT16,False,DEV_1_DRAM_INTERLEAVED,,,,1046528.0,,BinaryNgDeviceOperation
1025,0.27917759235531964,SLOW,MatmulDeviceOperation b={32} x 64 x 64 x 64,0,53.861,4.44,4.0,14.601139971407882,2.851785150665602,0.3114909860567015,2.81657792658331,HiFi2 BF16 x BF16 => BF16,BFLOAT16,BFLOAT16,BFLOAT16,False,DEV_1_DRAM_INTERLEAVED,1,1,1,1047552.0,"If possible place input 0 in L1 (currently in DEV_1_DRAM_INTERLEAVED) • in0_block_w=1 is small, try in0_block_w=2 or above • Output subblock 1x1 is small, try out_subblock_h * out_subblock_w >= 2 if possible • If your matmuls are not FLOP-bound use HiFi4 with BF16 activations for full accuracy",MatmulDeviceOperation
1026,0.016712059781480004,,BinaryNgDeviceOperation,0,2.967,0.523,110,,,,,"BF16, BF16 => BF16",BFLOAT16,BFLOAT16,BFLOAT16,False,DEV_1_DRAM_INTERLEAVED,,,,1048576.0,,BinaryNgDeviceOperation
1027,0.050442646916364,,BinaryNgDeviceOperation,0,3.672,6.862,110,,,,,"BF16, BF16 => BF16",BFLOAT16,BFLOAT16,BFLOAT16,False,DEV_1_DRAM_INTERLEAVED,,,,1049600.0,,BinaryNgDeviceOperation
1028,0.14275642584684292,,BinaryNgDeviceOperation,0,2.64,27.172,110,,,,,"BF16, BF16 => BF16",BFLOAT16,BFLOAT16,BFLOAT16,False,DEV_1_DRAM_INTERLEAVED,,,,1050624.0,,BinaryNgDeviceOperation
1029,0.16157545018530034,,BinaryNgDeviceOperation,0,3.902,29.84,110,,,,,"BF16, BF16 => BF16",BFLOAT16,BFLOAT16,BFLOAT16,False,DEV_1_DRAM_INTERLEAVED,,,,1051648.0,,BinaryNgDeviceOperation
1030,0.2765103667684187,SLOW,MatmulDeviceOperation b={32} x 64 x 64 x 64,0,53.913,3.831,4.0,14.587056925045905,2.8490345556730285,0.3111905477343127,2.813861289553609,HiFi2 BF16 x BF16 => BF16,BFLOAT16,BFLOAT16,BFLOAT16,False,DEV_1_DRAM_INTERLEAVED,1,1,1,1052672.0,"If possible place input 0 in L1 (currently in DEV_1_DRAM_INTERLEAVED) • in0_block_w=1 is small, try in0_block_w=2 or above • Output subblock 1x1 is small, try out_subblock_h * out_subblock_w >= 2 if possible • If your matmuls are not FLOP-bound use HiFi4 with BF16 activations for full accuracy",MatmulDeviceOperation
1031,0.016712059781480004,,BinaryNgDeviceOperation,0,2.956,0.534,110,,,,,"BF16, BF16 => BF16",BFLOAT16,BFLOAT16,BFLOAT16,False,DEV_1_DRAM_INTERLEAVED,,,,1053696.0,,BinaryNgDeviceOperation
1032,0.07268548865990972,,BinaryNgDeviceOperation,0,3.851,11.328,110,,,,,"BF16, BF16 => BF16",BFLOAT16,BFLOAT16,BFLOAT16,False,DEV_1_DRAM_INTERLEAVED,,,,1054720.0,,BinaryNgDeviceOperation
1033,0.14723372553041994,,BinaryNgDeviceOperation,0,2.656,28.091,110,,,,,"BF16, BF16 => BF16",BFLOAT16,BFLOAT16,BFLOAT16,False,DEV_1_DRAM_INTERLEAVED,,,,1055744.0,,BinaryNgDeviceOperation
1034,0.1607853384764338,,BinaryNgDeviceOperation,0,4.001,29.576,110,,,,,"BF16, BF16 => BF16",BFLOAT16,BFLOAT16,BFLOAT16,False,DEV_1_DRAM_INTERLEAVED,,,,1056768.0,,BinaryNgDeviceOperation
1035,0.2781719956349441,SLOW,MatmulDeviceOperation b={32} x 64 x 64 x 64,0,54.074,4.017,4.0,14.543625402226578,2.8405518363723785,0.31026400858083364,2.805483295182596,HiFi2 BF16 x BF16 => BF16,BFLOAT16,BFLOAT16,BFLOAT16,False,DEV_1_DRAM_INTERLEAVED,1,1,1,1057792.0,"If possible place input 0 in L1 (currently in DEV_1_DRAM_INTERLEAVED) • in0_block_w=1 is small, try in0_block_w=2 or above • Output subblock 1x1 is small, try out_subblock_h * out_subblock_w >= 2 if possible • If your matmuls are not FLOP-bound use HiFi4 with BF16 activations for full accuracy",MatmulDeviceOperation
1036,0.016549248883895383,,BinaryNgDeviceOperation,0,2.93,0.526,110,,,,,"BF16, BF16 => BF16",BFLOAT16,BFLOAT16,BFLOAT16,False,DEV_1_DRAM_INTERLEAVED,,,,1058816.0,,BinaryNgDeviceOperation
1037,0.058583191795594944,,BinaryNgDeviceOperation,0,3.913,8.321,110,,,,,"BF16, BF16 => BF16",BFLOAT16,BFLOAT16,BFLOAT16,False,DEV_1_DRAM_INTERLEAVED,,,,1059840.0,,BinaryNgDeviceOperation
1038,0.1417651947939013,,BinaryNgDeviceOperation,0,2.619,26.986,110,,,,,"BF16, BF16 => BF16",BFLOAT16,BFLOAT16,BFLOAT16,False,DEV_1_DRAM_INTERLEAVED,,,,1060864.0,,BinaryNgDeviceOperation
1039,0.1594972169631908,,BinaryNgDeviceOperation,0,3.717,29.591,110,,,,,"BF16, BF16 => BF16",BFLOAT16,BFLOAT16,BFLOAT16,False,DEV_1_DRAM_INTERLEAVED,,,,1061888.0,,BinaryNgDeviceOperation
1040,0.2770658392425309,SLOW,MatmulDeviceOperation b={32} x 64 x 64 x 64,0,53.79,4.07,4.0,14.620412716118237,2.8555493586168432,0.31190213794385574,2.82029566283145,HiFi2 BF16 x BF16 => BF16,BFLOAT16,BFLOAT16,BFLOAT16,False,DEV_1_DRAM_INTERLEAVED,1,1,1,1062912.0,"If possible place input 0 in L1 (currently in DEV_1_DRAM_INTERLEAVED) • in0_block_w=1 is small, try in0_block_w=2 or above • Output subblock 1x1 is small, try out_subblock_h * out_subblock_w >= 2 if possible • If your matmuls are not FLOP-bound use HiFi4 with BF16 activations for full accuracy",MatmulDeviceOperation
1041,0.016870082123253312,,BinaryNgDeviceOperation,0,2.98,0.543,110,,,,,"BF16, BF16 => BF16",BFLOAT16,BFLOAT16,BFLOAT16,False,DEV_1_DRAM_INTERLEAVED,,,,1063936.0,,BinaryNgDeviceOperation
1042,0.046755458941653505,,BinaryNgDeviceOperation,0,3.723,6.041,110,,,,,"BF16, BF16 => BF16",BFLOAT16,BFLOAT16,BFLOAT16,False,DEV_1_DRAM_INTERLEAVED,,,,1064960.0,,BinaryNgDeviceOperation
1043,0.14283304273982392,,BinaryNgDeviceOperation,0,2.788,27.04,110,,,,,"BF16, BF16 => BF16",BFLOAT16,BFLOAT16,BFLOAT16,False,DEV_1_DRAM_INTERLEAVED,,,,1065984.0,,BinaryNgDeviceOperation
1044,0.15536948185383956,,BinaryNgDeviceOperation,0,3.935,28.511,110,,,,,"BF16, BF16 => BF16",BFLOAT16,BFLOAT16,BFLOAT16,False,DEV_1_DRAM_INTERLEAVED,,,,1067008.0,,BinaryNgDeviceOperation
1045,0.2931553867685403,SLOW,MatmulDeviceOperation b={32} x 64 x 64 x 64,0,53.802,7.418,4.0,14.617151778744283,2.8549124567859927,0.31183257127987807,2.8196666239861656,HiFi2 BF16 x BF16 => BF16,BFLOAT16,BFLOAT16,BFLOAT16,False,DEV_1_DRAM_INTERLEAVED,1,1,1,1068032.0,"If possible place input 0 in L1 (currently in DEV_1_DRAM_INTERLEAVED) • in0_block_w=1 is small, try in0_block_w=2 or above • Output subblock 1x1 is small, try out_subblock_h * out_subblock_w >= 2 if possible • If your matmuls are not FLOP-bound use HiFi4 with BF16 activations for full accuracy",MatmulDeviceOperation
1046,0.016889236346498557,,BinaryNgDeviceOperation,0,3.007,0.52,110,,,,,"BF16, BF16 => BF16",BFLOAT16,BFLOAT16,BFLOAT16,False,DEV_1_DRAM_INTERLEAVED,,,,1069056.0,,BinaryNgDeviceOperation
1047,0.05522162561605369,,BinaryNgDeviceOperation,0,3.932,7.6,110,,,,,"BF16, BF16 => BF16",BFLOAT16,BFLOAT16,BFLOAT16,False,DEV_1_DRAM_INTERLEAVED,,,,1070080.0,,BinaryNgDeviceOperation
1048,0.14573011900566787,,BinaryNgDeviceOperation,0,2.702,27.731,110,,,,,"BF16, BF16 => BF16",BFLOAT16,BFLOAT16,BFLOAT16,False,DEV_1_DRAM_INTERLEAVED,,,,1071104.0,,BinaryNgDeviceOperation
1049,0.15781164531760888,,BinaryNgDeviceOperation,0,3.755,29.201,110,,,,,"BF16, BF16 => BF16",BFLOAT16,BFLOAT16,BFLOAT16,False,DEV_1_DRAM_INTERLEAVED,,,,1072128.0,,BinaryNgDeviceOperation
1050,0.2780714359629065,SLOW,MatmulDeviceOperation b={32} x 64 x 64 x 64,0,53.701,4.369,4.0,14.644643488948063,2.8602819314351686,0.3124190610975587,2.8249698088248576,HiFi2 BF16 x BF16 => BF16,BFLOAT16,BFLOAT16,BFLOAT16,False,DEV_1_DRAM_INTERLEAVED,1,1,1,1073152.0,"If possible place input 0 in L1 (currently in DEV_1_DRAM_INTERLEAVED) • in0_block_w=1 is small, try in0_block_w=2 or above • Output subblock 1x1 is small, try out_subblock_h * out_subblock_w >= 2 if possible • If your matmuls are not FLOP-bound use HiFi4 with BF16 activations for full accuracy",MatmulDeviceOperation
1051,0.01697064179529087,,BinaryNgDeviceOperation,0,3.012,0.532,110,,,,,"BF16, BF16 => BF16",BFLOAT16,BFLOAT16,BFLOAT16,False,DEV_1_DRAM_INTERLEAVED,,,,1074176.0,,BinaryNgDeviceOperation
1052,0.09951576687069266,,BinaryNgDeviceOperation,0,3.761,17.021,110,,,,,"BF16, BF16 => BF16",BFLOAT16,BFLOAT16,BFLOAT16,False,DEV_1_DRAM_INTERLEAVED,,,,1075200.0,,BinaryNgDeviceOperation
1053,0.14252657516789993,,BinaryNgDeviceOperation,0,2.64,27.124,110,,,,,"BF16, BF16 => BF16",BFLOAT16,BFLOAT16,BFLOAT16,False,DEV_1_DRAM_INTERLEAVED,,,,1076224.0,,BinaryNgDeviceOperation
1054,0.15832402078941926,,BinaryNgDeviceOperation,0,3.701,29.362,110,,,,,"BF16, BF16 => BF16",BFLOAT16,BFLOAT16,BFLOAT16,False,DEV_1_DRAM_INTERLEAVED,,,,1077248.0,,BinaryNgDeviceOperation
1055,0.279168015243697,SLOW,MatmulDeviceOperation b={32} x 64 x 64 x 64,0,53.772,4.527,4.0,14.625306851149295,2.856505244365097,0.3120065461578516,2.821239747521083,HiFi2 BF16 x BF16 => BF16,BFLOAT16,BFLOAT16,BFLOAT16,False,DEV_1_DRAM_INTERLEAVED,1,1,1,1078272.0,"If possible place input 0 in L1 (currently in DEV_1_DRAM_INTERLEAVED) • in0_block_w=1 is small, try in0_block_w=2 or above • Output subblock 1x1 is small, try out_subblock_h * out_subblock_w >= 2 if possible • If your matmuls are not FLOP-bound use HiFi4 with BF16 activations for full accuracy",MatmulDeviceOperation
1056,0.016367283763065513,,BinaryNgDeviceOperation,0,2.887,0.531,110,,,,,"BF16, BF16 => BF16",BFLOAT16,BFLOAT16,BFLOAT16,False,DEV_1_DRAM_INTERLEAVED,,,,1079296.0,,BinaryNgDeviceOperation
1057,0.05984258197397008,,BinaryNgDeviceOperation,0,3.742,8.755,110,,,,,"BF16, BF16 => BF16",BFLOAT16,BFLOAT16,BFLOAT16,False,DEV_1_DRAM_INTERLEAVED,,,,1080320.0,,BinaryNgDeviceOperation
1058,0.14144436155454335,,BinaryNgDeviceOperation,0,2.741,26.797,110,,,,,"BF16, BF16 => BF16",BFLOAT16,BFLOAT16,BFLOAT16,False,DEV_1_DRAM_INTERLEAVED,,,,1081344.0,,BinaryNgDeviceOperation
1059,0.15823303822900436,,BinaryNgDeviceOperation,0,4.008,29.036,110,,,,,"BF16, BF16 => BF16",BFLOAT16,BFLOAT16,BFLOAT16,False,DEV_1_DRAM_INTERLEAVED,,,,1082368.0,,BinaryNgDeviceOperation
1060,0.275839968954835,SLOW,MatmulDeviceOperation b={32} x 64 x 64 x 64,0,53.785,3.819,4.0,14.62177186948034,2.855814818257879,0.3119311332155806,2.8205578451929667,HiFi2 BF16 x BF16 => BF16,BFLOAT16,BFLOAT16,BFLOAT16,False,DEV_1_DRAM_INTERLEAVED,1,1,1,1083392.0,"If possible place input 0 in L1 (currently in DEV_1_DRAM_INTERLEAVED) • in0_block_w=1 is small, try in0_block_w=2 or above • Output subblock 1x1 is small, try out_subblock_h * out_subblock_w >= 2 if possible • If your matmuls are not FLOP-bound use HiFi4 with BF16 activations for full accuracy",MatmulDeviceOperation
1061,0.01668811700242344,,BinaryNgDeviceOperation,0,2.952,0.533,110,,,,,"BF16, BF16 => BF16",BFLOAT16,BFLOAT16,BFLOAT16,False,DEV_1_DRAM_INTERLEAVED,,,,1084416.0,,BinaryNgDeviceOperation
1062,0.05259749703145454,,BinaryNgDeviceOperation,0,4.169,6.815,110,,,,,"BF16, BF16 => BF16",BFLOAT16,BFLOAT16,BFLOAT16,False,DEV_1_DRAM_INTERLEAVED,,,,1085440.0,,BinaryNgDeviceOperation
1063,0.14800947157185254,,BinaryNgDeviceOperation,0,2.677,28.232,110,,,,,"BF16, BF16 => BF16",BFLOAT16,BFLOAT16,BFLOAT16,False,DEV_1_DRAM_INTERLEAVED,,,,1086464.0,,BinaryNgDeviceOperation
1064,0.16250921856850625,,BinaryNgDeviceOperation,0,3.781,30.156,110,,,,,"BF16, BF16 => BF16",BFLOAT16,BFLOAT16,BFLOAT16,False,DEV_1_DRAM_INTERLEAVED,,,,1087488.0,,BinaryNgDeviceOperation
1065,0.27761173460502053,SLOW,MatmulDeviceOperation b={32} x 64 x 64 x 64,0,53.855,4.119,4.0,14.602766688329773,2.8521028688144088,0.31152568935103514,2.8168917222858356,HiFi2 BF16 x BF16 => BF16,BFLOAT16,BFLOAT16,BFLOAT16,False,DEV_1_DRAM_INTERLEAVED,1,1,1,1088512.0,"If possible place input 0 in L1 (currently in DEV_1_DRAM_INTERLEAVED) • in0_block_w=1 is small, try in0_block_w=2 or above • Output subblock 1x1 is small, try out_subblock_h * out_subblock_w >= 2 if possible • If your matmuls are not FLOP-bound use HiFi4 with BF16 activations for full accuracy",MatmulDeviceOperation
1066,0.016558825995518008,,BinaryNgDeviceOperation,0,2.921,0.537,110,,,,,"BF16, BF16 => BF16",BFLOAT16,BFLOAT16,BFLOAT16,False,DEV_1_DRAM_INTERLEAVED,,,,1089536.0,,BinaryNgDeviceOperation
1067,0.04817287146180195,,BinaryNgDeviceOperation,0,3.641,6.419,110,,,,,"BF16, BF16 => BF16",BFLOAT16,BFLOAT16,BFLOAT16,False,DEV_1_DRAM_INTERLEAVED,,,,1090560.0,,BinaryNgDeviceOperation
1068,0.14196152558216507,,BinaryNgDeviceOperation,0,2.653,26.993,110,,,,,"BF16, BF16 => BF16",BFLOAT16,BFLOAT16,BFLOAT16,False,DEV_1_DRAM_INTERLEAVED,,,,1091584.0,,BinaryNgDeviceOperation
1069,0.16067999024858495,,BinaryNgDeviceOperation,0,3.616,29.939,110,,,,,"BF16, BF16 => BF16",BFLOAT16,BFLOAT16,BFLOAT16,False,DEV_1_DRAM_INTERLEAVED,,,,1092608.0,,BinaryNgDeviceOperation
1070,0.3452596625514297,SLOW,MatmulDeviceOperation b={32} x 64 x 64 x 128,0,54.068,18.033,8.0,24.24206554708885,4.734778427165791,0.6205968780054745,2.805794623505654,HiFi2 BF16 x BF16 => BF16,BFLOAT16,BFLOAT16,BFLOAT16,False,DEV_1_DRAM_INTERLEAVED,1,1,1,1093632.0,"If possible place input 0 in L1 (currently in DEV_1_DRAM_INTERLEAVED) • in0_block_w=1 is small, try in0_block_w=2 or above • Output subblock 1x1 is small, try out_subblock_h * out_subblock_w >= 2 if possible • If your matmuls are not FLOP-bound use HiFi4 with BF16 activations for full accuracy",MatmulDeviceOperation
1071,0.014126239643371348,,UnaryDeviceOperation,0,2.406,0.544,110,,,,,BF16 => BF16,BFLOAT16,BFLOAT16,nan,False,DEV_1_DRAM_INTERLEAVED,,,,1094656.0,,UnaryDeviceOperation
1072,0.21514023549063996,,BinaryNgDeviceOperation,0,4.559,40.369,110,,,,,"BF16, BF16 => BF16",BFLOAT16,BFLOAT16,BFLOAT16,False,DEV_1_DRAM_INTERLEAVED,,,,1095680.0,,BinaryNgDeviceOperation
1073,0.2925807600711829,SLOW,MatmulDeviceOperation b={32} x 64 x 64 x 128,0,53.967,7.133,8.0,24.287434913928884,4.743639631626735,0.6217583337965793,2.811045707630657,HiFi2 BF16 x BF16 => BF16,BFLOAT16,BFLOAT16,BFLOAT16,False,DEV_1_DRAM_INTERLEAVED,1,1,1,1096704.0,"If possible place input 0 in L1 (currently in DEV_1_DRAM_INTERLEAVED) • in0_block_w=1 is small, try in0_block_w=2 or above • Output subblock 1x1 is small, try out_subblock_h * out_subblock_w >= 2 if possible • If your matmuls are not FLOP-bound use HiFi4 with BF16 activations for full accuracy",MatmulDeviceOperation
1074,0.43566280771319504,SLOW,MatmulDeviceOperation b={32} x 64 x 128 x 128,0,90.361,0.619,8.0,23.208596629076702,4.532929029116543,0.7426750921304545,3.357725206752995,HiFi2 BF16 x BF16 => BF16,BFLOAT16,BFLOAT16,BFLOAT16,False,DEV_1_DRAM_INTERLEAVED,1,1,1,1097728.0,"If possible place input 0 in L1 (currently in DEV_1_DRAM_INTERLEAVED) • in0_block_w=1 is small, try in0_block_w=2 or above • Output subblock 1x1 is small, try out_subblock_h * out_subblock_w >= 2 if possible • If your matmuls are not FLOP-bound use HiFi4 with BF16 activations for full accuracy",MatmulDeviceOperation
1075,0.030249307060059936,,BinaryNgDeviceOperation,0,5.807,0.51,110,,,,,"BF16, BF16 => BF16",BFLOAT16,BFLOAT16,BFLOAT16,False,DEV_1_DRAM_INTERLEAVED,,,,1098752.0,,BinaryNgDeviceOperation
1076,0.019417593814871466,,TransposeDeviceOperation,0,3.591,0.464,110,,,,,BF16 => BF16,BFLOAT16,BFLOAT16,nan,False,DEV_1_DRAM_INTERLEAVED,,,,1099776.0,,TransposeDeviceOperation
1077,0.4327896742264077,SLOW,MatmulDeviceOperation b={32} x 64 x 128 x 64,0,89.796,0.584,4.0,14.596641275780657,2.8509064991759097,0.3736740166599848,3.378852147171448,HiFi2 BF16 x BF16 => BF16,BFLOAT16,BFLOAT16,BFLOAT16,False,DEV_1_DRAM_INTERLEAVED,1,1,1,1100800.0,"If possible place input 0 in L1 (currently in DEV_1_DRAM_INTERLEAVED) • in0_block_w=1 is small, try in0_block_w=2 or above • Output subblock 1x1 is small, try out_subblock_h * out_subblock_w >= 2 if possible • If your matmuls are not FLOP-bound use HiFi4 with BF16 activations for full accuracy",MatmulDeviceOperation
1078,0.019896449396002696,,BinaryNgDeviceOperation,0,3.625,0.53,110,,,,,"BF16, BF16 => BF16",BFLOAT16,BFLOAT16,BFLOAT16,False,DEV_1_DRAM_INTERLEAVED,,,,1101824.0,,BinaryNgDeviceOperation
1079,0.02587256704852047,,BinaryNgDeviceOperation,0,4.944,0.459,110,,,,,"BF16, BF16 => BF16",BFLOAT16,BFLOAT16,BFLOAT16,False,DEV_1_DRAM_INTERLEAVED,,,,1102848.0,,BinaryNgDeviceOperation
1080,0.43337866659119906,SLOW,MatmulDeviceOperation b={32} x 64 x 128 x 128,0,89.841,0.662,8.0,23.342928061798062,4.559165637069934,0.746973697977538,3.377159731162914,HiFi2 BF16 x BF16 => BF16,BFLOAT16,BFLOAT16,BFLOAT16,False,DEV_1_DRAM_INTERLEAVED,1,1,1,1103872.0,"If possible place input 0 in L1 (currently in DEV_1_DRAM_INTERLEAVED) • in0_block_w=1 is small, try in0_block_w=2 or above • Output subblock 1x1 is small, try out_subblock_h * out_subblock_w >= 2 if possible • If your matmuls are not FLOP-bound use HiFi4 with BF16 activations for full accuracy",MatmulDeviceOperation
1081,0.2655589396279474,SLOW,MatmulDeviceOperation b={32} x 64 x 64 x 128,0,54.169,1.288,8.0,24.196865365799624,4.725950266757739,0.6194397533644704,2.8005631210416237,HiFi2 BF16 x BF16 => BF16,BFLOAT16,BFLOAT16,BFLOAT16,False,DEV_1_DRAM_INTERLEAVED,1,1,1,1104896.0,"If possible place input 0 in L1 (currently in DEV_1_DRAM_INTERLEAVED) • in0_block_w=1 is small, try in0_block_w=2 or above • Output subblock 1x1 is small, try out_subblock_h * out_subblock_w >= 2 if possible • If your matmuls are not FLOP-bound use HiFi4 with BF16 activations for full accuracy",MatmulDeviceOperation
1082,0.03001466782530563,,BinaryNgDeviceOperation,0,5.721,0.547,110,,,,,"BF16, BF16 => BF16",BFLOAT16,BFLOAT16,BFLOAT16,False,DEV_1_DRAM_INTERLEAVED,,,,1105920.0,,BinaryNgDeviceOperation
1083,0.052386800575756794,,UntilizeWithUnpaddingDeviceOperation,0,10.427,0.513,64,,,,,BF16 => BF16,BFLOAT16,BFLOAT16,nan,False,DEV_1_DRAM_INTERLEAVED,,,,1106944.0,,UntilizeWithUnpaddingDeviceOperation
1084,0.011142969372923773,,SliceDeviceOperation,0,1.768,0.559,32,,,,,BF16 => BF16,BFLOAT16,BFLOAT16,nan,False,DEV_1_DRAM_INTERLEAVED,,,,1107968.0,,SliceDeviceOperation
1085,0.016822196565140186,,TilizeWithValPaddingDeviceOperation,0,2.92,0.593,32,,,,,BF16 => BF16,BFLOAT16,BFLOAT16,nan,False,DEV_1_DRAM_INTERLEAVED,,,,1108992.0,,TilizeWithValPaddingDeviceOperation
1086,0.012795021127826526,,UnaryDeviceOperation,0,2.205,0.467,110,,,,,BF16 => BF16,BFLOAT16,BFLOAT16,nan,False,DEV_1_DRAM_INTERLEAVED,,,,1110016.0,,UnaryDeviceOperation
1087,0.03581839746861617,,BinaryNgDeviceOperation,0,6.939,0.541,110,,,,,"BF16, BF16 => BF16",BFLOAT16,BFLOAT16,BFLOAT16,False,DEV_1_DRAM_INTERLEAVED,,,,1111040.0,,BinaryNgDeviceOperation
1088,0.16091941803915058,,BinaryNgDeviceOperation,0,1.965,31.64,110,,,,,"BF16, BF16 => BF16",BFLOAT16,BFLOAT16,BFLOAT16,False,DEV_1_DRAM_INTERLEAVED,,,,1112064.0,,BinaryNgDeviceOperation
1089,0.13777153924726682,,UnaryDeviceOperation,0,1.872,26.899,110,,,,,BF16 => BF16,BFLOAT16,BFLOAT16,nan,False,DEV_1_DRAM_INTERLEAVED,,,,1113088.0,,UnaryDeviceOperation
1090,0.18461798074933525,,BinaryNgDeviceOperation,0,4.561,33.993,110,,,,,"BF16, BF16 => BF16",BFLOAT16,BFLOAT16,BFLOAT16,False,DEV_1_DRAM_INTERLEAVED,,,,1114112.0,,BinaryNgDeviceOperation
1091,0.05261665125469979,,TransposeDeviceOperation,0,3.384,7.604,110,,,,,BF16 => BF16,BFLOAT16,BFLOAT16,nan,False,DEV_1_DRAM_INTERLEAVED,,,,1115136.0,,TransposeDeviceOperation
1092,0.3710173042604787,SLOW,MatmulDeviceOperation b={32} x 128 x 64 x 128,0,55.67,21.81,16.0,37.67113346506197,7.357643254894916,1.205476270881983,2.7250530573684877,HiFi2 BF16 x BF16 => BF16,BFLOAT16,BFLOAT16,BFLOAT16,False,DEV_1_DRAM_INTERLEAVED,1,1,1,1116160.0,"If possible place input 0 in L1 (currently in DEV_1_DRAM_INTERLEAVED) • in0_block_w=1 is small, try in0_block_w=2 or above • Output subblock 1x1 is small, try out_subblock_h * out_subblock_w >= 2 if possible • If your matmuls are not FLOP-bound use HiFi4 with BF16 activations for full accuracy",MatmulDeviceOperation
1093,0.04720079463210556,,BinaryNgDeviceOperation,0,9.252,0.605,110,,,,,"BF16, BF16 => BF16",BFLOAT16,BFLOAT16,BFLOAT16,False,DEV_1_DRAM_INTERLEAVED,,,,1117184.0,,BinaryNgDeviceOperation
1094,0.1092892092815811,,SliceDeviceOperation,0,2.629,20.194,110,,,,,BF16 => BF16,BFLOAT16,BFLOAT16,nan,False,DEV_1_DRAM_INTERLEAVED,,,,1118208.0,,SliceDeviceOperation
1095,0.11302428281440473,,SliceDeviceOperation,0,2.619,20.984,110,,,,,BF16 => BF16,BFLOAT16,BFLOAT16,nan,False,DEV_1_DRAM_INTERLEAVED,,,,1119232.0,,SliceDeviceOperation
1096,0.21269328347105937,,LayerNormDeviceOperation,0,5.156,39.261,32,,,,,"BF16, BF16 => BF16",BFLOAT16,BFLOAT16,BFLOAT16,False,DEV_1_DRAM_INTERLEAVED,,,,1120256.0,,LayerNormDeviceOperation
1097,0.2787801422229807,,BinaryNgDeviceOperation,0,5.601,52.617,110,,,,,"BF16, BF16 => BF16",BFLOAT16,BFLOAT16,BFLOAT16,False,DEV_1_DRAM_INTERLEAVED,,,,1121280.0,,BinaryNgDeviceOperation
1098,0.1619010719804696,,TransposeDeviceOperation,0,2.713,31.097,110,,,,,BF16 => BF16,BFLOAT16,BFLOAT16,nan,False,DEV_1_DRAM_INTERLEAVED,,,,1122304.0,,TransposeDeviceOperation
1099,0.13952415067420712,,ReshapeViewDeviceOperation,0,9.141,19.996,110,,,,,BF16 => BF16,BFLOAT16,BFLOAT16,nan,False,DEV_1_DRAM_INTERLEAVED,,,,1123328.0,,ReshapeViewDeviceOperation
1100,0.47163922752358445,SLOW,MatmulDeviceOperation 32 x 4096 x 2048,0,73.24,25.253,64.0,119.90475150191152,23.418896777717094,7.330296450027307,4.142646196168861,HiFi2 BF16 x BFP8 => BF16,BFLOAT16,BFLOAT16,BFLOAT8_B,False,DEV_1_DRAM_INTERLEAVED,2,1,1,1124352.0,"If possible place input 0 in L1 (currently in DEV_1_DRAM_INTERLEAVED) • Output subblock 1x1 is small, try out_subblock_h * out_subblock_w >= 2 if possible • If your matmuls are not FLOP-bound use HiFi4 with BF16 activations for full accuracy",MatmulDeviceOperation
1101,0.014629038003559145,,BinaryNgDeviceOperation,0,2.504,0.551,110,,,,,"BF16, BF16 => BF16",BFLOAT16,BFLOAT16,BFLOAT16,False,DEV_1_DRAM_INTERLEAVED,,,,1125376.0,,BinaryNgDeviceOperation
1102,0.1928686624122264,,LayerNormDeviceOperation,0,26.127,14.15,1,,,,,"BF16, BF16 => BF16",BFLOAT16,BFLOAT16,BFLOAT16,False,DEV_1_DRAM_INTERLEAVED,,,,1126400.0,,LayerNormDeviceOperation
1103,0.176166179742369,SLOW,MatmulDeviceOperation 32 x 2048 x 256,0,24.713,12.076,8.0,48.39687613806498,9.452514870715817,1.357764415489823,6.138619500008242,HiFi2 BF16 x BF16 => BF16,BFLOAT16,BFLOAT16,BFLOAT16,False,DEV_1_DRAM_INTERLEAVED,2,1,1,1127424.0,"If possible place input 0 in L1 (currently in DEV_1_DRAM_INTERLEAVED) • Output subblock 1x1 is small, try out_subblock_h * out_subblock_w >= 2 if possible • If your matmuls are not FLOP-bound use HiFi4 with BF16 activations for full accuracy",MatmulDeviceOperation
1104,0.204883148942809,,SoftmaxDeviceOperation,0,5.697,37.089,110,,,,,BF16 => BF16,BFLOAT16,BFLOAT16,nan,False,DEV_1_DRAM_INTERLEAVED,,,,1128448.0,,SoftmaxDeviceOperation
1105,0.10934667195131687,,FillPadDeviceOperation,0,4.027,18.808,8,,,,,BF16 => BF16,BFLOAT16,BFLOAT16,nan,False,DEV_1_DRAM_INTERLEAVED,,,,1129472.0,,FillPadDeviceOperation
1106,0.3353569291336358,,TopKDeviceOperation,0,44.944,25.089,1,,,,,BF16 => BF16,BFLOAT16,BFLOAT16,nan,False,DEV_1_DRAM_INTERLEAVED,,,,1130496.0,,TopKDeviceOperation
1107,0.011104660926433273,,SliceDeviceOperation,0,0.741,1.578,1,,,,,BF16 => BF16,BFLOAT16,BFLOAT16,nan,False,DEV_1_DRAM_INTERLEAVED,,,,1131520.0,,SliceDeviceOperation
1108,0.010659325235981227,,SliceDeviceOperation,0,0.736,1.49,1,,,,,UINT16 => UINT16,UINT16,UINT16,nan,False,DEV_1_DRAM_INTERLEAVED,,,,1132544.0,,SliceDeviceOperation
1109,0.07799120849884378,,FillPadDeviceOperation,0,10.233,6.054,1,,,,,BF16 => BF16,BFLOAT16,BFLOAT16,nan,False,DEV_1_DRAM_INTERLEAVED,,,,1133568.0,,FillPadDeviceOperation
1110,0.05832460978178408,,ReduceDeviceOperation,0,1.204,10.976,1,,,,,BF16 => BF16,BFLOAT16,BFLOAT16,nan,False,DEV_1_DRAM_INTERLEAVED,,,,1134592.0,,ReduceDeviceOperation
1111,0.31280761981816607,,BinaryNgDeviceOperation,0,2.517,62.807,110,,,,,"BF16, BF16 => BF16",BFLOAT16,BFLOAT16,BFLOAT16,False,DEV_1_DRAM_INTERLEAVED,,,,1135616.0,,BinaryNgDeviceOperation
1112,0.5466423771961694,,UnaryDeviceOperation,0,1.105,113.051,110,,,,,BF16 => BF16,BFLOAT16,BFLOAT16,nan,False,DEV_1_DRAM_INTERLEAVED,,,,1136640.0,,UnaryDeviceOperation
1113,0.12765810937377517,,UntilizeWithUnpaddingDeviceOperation,0,5.27,21.389,1,,,,,BF16 => BF16,BFLOAT16,BFLOAT16,nan,False,DEV_1_DRAM_INTERLEAVED,,,,1137664.0,,UntilizeWithUnpaddingDeviceOperation
1114,0.05050489814191106,,UntilizeWithUnpaddingDeviceOperation,0,2.181,8.366,1,,,,,UINT16 => UINT16,UINT16,UINT16,nan,False,DEV_1_DRAM_INTERLEAVED,,,,1138688.0,,UntilizeWithUnpaddingDeviceOperation
1115,0.06005806698547914,,UntilizeWithUnpaddingDeviceOperation,0,2.204,10.338,1,,,,,BF16 => BF16,BFLOAT16,BFLOAT16,nan,False,DEV_1_DRAM_INTERLEAVED,,,,1139712.0,,UntilizeWithUnpaddingDeviceOperation
1116,0.09802652601337454,,ScatterDeviceOperation,0,4.125,16.346,5,,,,,"BF16, UINT16 => BF16",BFLOAT16,BFLOAT16,UINT16,False,DEV_1_DRAM_INTERLEAVED,,,,1140736.0,,ScatterDeviceOperation
1117,0.11355581250946038,,TilizeWithValPaddingDeviceOperation,0,9.524,14.19,1,,,,,BF16 => BF16,BFLOAT16,BFLOAT16,nan,False,DEV_1_DRAM_INTERLEAVED,,,,1141760.0,,TilizeWithValPaddingDeviceOperation
1118,0.2228641760142868,,FillPadDeviceOperation,0,4.319,42.222,64,,,,,BF16 => BF16,BFLOAT16,BFLOAT16,nan,False,DEV_1_DRAM_INTERLEAVED,,,,1142784.0,,FillPadDeviceOperation
1119,0.062452344891135304,,FillPadDeviceOperation,0,4.123,8.919,8,,,,,BF16 => BF16,BFLOAT16,BFLOAT16,nan,False,DEV_1_DRAM_INTERLEAVED,,,,1143808.0,,FillPadDeviceOperation
1120,0.7584593549537585,,UnaryDeviceOperation,0,87.726,70.664,110,,,,,BF16 => BF16,BFLOAT16,BFLOAT16,nan,False,DEV_1_DRAM_INTERLEAVED,,,,1144832.0,,UnaryDeviceOperation
1121,19.671617123549957,SLOW,SparseMatmulDeviceOperation active=256/256 x 32 x 2048 x 1024,0,4107.459,0.589,32.0,142.9600538921995,27.921885525820215,8.365205439177847,4.727515009662683,LoFi BF16 x BFP8 => BF16,BFLOAT16,BFLOAT16,BFLOAT8_B,False,DEV_1_DRAM_INTERLEAVED,4,1,1,1145856.0,"If possible place input 0 in L1 (currently in DEV_1_DRAM_INTERLEAVED) • Output subblock 1x1 is small, try out_subblock_h * out_subblock_w >= 2 if possible • Use HiFi2 or HiFi4 with BF16 activations for improved accuracy",SparseMatmulDeviceOperation
1122,0.48165688628084996,,PermuteDeviceOperation,0,100.058,0.527,110,,,,,BF16 => BF16,BFLOAT16,BFLOAT16,nan,False,DEV_1_DRAM_INTERLEAVED,,,,1146880.0,,PermuteDeviceOperation
1123,0.2200101967507446,,SliceDeviceOperation,0,45.368,0.577,110,,,,,BF16 => BF16,BFLOAT16,BFLOAT16,nan,False,DEV_1_DRAM_INTERLEAVED,,,,1147904.0,,SliceDeviceOperation
1124,0.21609794665290247,,SliceDeviceOperation,0,44.56,0.568,110,,,,,BF16 => BF16,BFLOAT16,BFLOAT16,nan,False,DEV_1_DRAM_INTERLEAVED,,,,1148928.0,,SliceDeviceOperation
1125,0.3266034491105569,,BinaryNgDeviceOperation,0,67.632,0.573,110,,,,,"BF16, BF16 => BF16",BFLOAT16,BFLOAT16,BFLOAT16,False,DEV_1_DRAM_INTERLEAVED,,,,1149952.0,,BinaryNgDeviceOperation
1126,0.8265621957022424,,UnaryDeviceOperation,0,172.159,0.453,110,,,,,BF16 => BF16,BFLOAT16,BFLOAT16,nan,False,DEV_1_DRAM_INTERLEAVED,,,,1150976.0,,UnaryDeviceOperation
1127,6.014651161131407,SLOW,SparseMatmulDeviceOperation active=256/256 x 32 x 512 x 2048,0,1255.427,0.62,64.0,247.2294255261357,48.28699717307338,13.684482796689888,3.8668266004463168,LoFi BF16 x BFP8 => BF16,BFLOAT16,BFLOAT16,BFLOAT8_B,False,DEV_1_DRAM_INTERLEAVED,4,1,1,1152000.0,"If possible place input 0 in L1 (currently in DEV_1_DRAM_INTERLEAVED) • Output subblock 1x1 is small, try out_subblock_h * out_subblock_w >= 2 if possible • Use HiFi2 or HiFi4 with BF16 activations for improved accuracy",SparseMatmulDeviceOperation
1128,0.06212193454015475,,PermuteDeviceOperation,0,12.487,0.486,110,,,,,BF16 => BF16,BFLOAT16,BFLOAT16,nan,False,DEV_1_DRAM_INTERLEAVED,,,,1153024.0,,PermuteDeviceOperation
1129,0.9210499789710573,,BinaryNgDeviceOperation,0,191.871,0.473,110,,,,,"BF16, BF16 => BF16",BFLOAT16,BFLOAT16,BFLOAT16,False,DEV_1_DRAM_INTERLEAVED,,,,1154048.0,,BinaryNgDeviceOperation
1130,0.43876100332311413,,FastReduceNCDeviceOperation,0,91.053,0.574,64,,,,,BF16 => BF16,BFLOAT16,BFLOAT16,nan,False,DEV_1_DRAM_INTERLEAVED,,,,1155072.0,,FastReduceNCDeviceOperation
1131,0.01091311869398078,,SliceDeviceOperation,0,1.778,0.501,64,,,,,BF16 => BF16,BFLOAT16,BFLOAT16,nan,False,DEV_1_DRAM_INTERLEAVED,,,,1156096.0,,SliceDeviceOperation
1132,0.14978123722203812,SLOW,MatmulDeviceOperation 32 x 2048 x 1024,0,30.797,0.482,32.0,74.47998181641067,14.54687144851771,4.3581429360002595,4.925924723307585,HiFi2 BF16 x BFP8 => BF16,BFLOAT16,BFLOAT16,BFLOAT8_B,False,DEV_1_DRAM_INTERLEAVED,2,1,1,1157120.0,"If possible place input 0 in L1 (currently in DEV_1_DRAM_INTERLEAVED) • Output subblock 1x1 is small, try out_subblock_h * out_subblock_w >= 2 if possible • If your matmuls are not FLOP-bound use HiFi4 with BF16 activations for full accuracy",MatmulDeviceOperation
1133,0.010812559021943223,,SliceDeviceOperation,0,1.61,0.648,16,,,,,BF16 => BF16,BFLOAT16,BFLOAT16,nan,False,DEV_1_DRAM_INTERLEAVED,,,,1158144.0,,SliceDeviceOperation
1134,0.010822136133565845,,SliceDeviceOperation,0,1.633,0.627,16,,,,,BF16 => BF16,BFLOAT16,BFLOAT16,nan,False,DEV_1_DRAM_INTERLEAVED,,,,1159168.0,,SliceDeviceOperation
1135,0.021242033578981457,,BinaryNgDeviceOperation,0,3.987,0.449,110,,,,,"BF16, BF16 => BF16",BFLOAT16,BFLOAT16,BFLOAT16,False,DEV_1_DRAM_INTERLEAVED,,,,1160192.0,,BinaryNgDeviceOperation
1136,0.05521204850443106,SLOW,MatmulDeviceOperation 32 x 512 x 2048,0,11.072,0.458,64.0,109.5028901734104,21.38728323699422,6.061132947976879,3.425390708627703,HiFi2 BF16 x BFP8 => BF16,BFLOAT16,BFLOAT16,BFLOAT8_B,False,DEV_1_DRAM_INTERLEAVED,2,1,1,1161216.0,"If possible place input 0 in L1 (currently in DEV_1_DRAM_INTERLEAVED) • Output subblock 1x1 is small, try out_subblock_h * out_subblock_w >= 2 if possible • If your matmuls are not FLOP-bound use HiFi4 with BF16 activations for full accuracy",MatmulDeviceOperation
1137,0.07878610876352161,SLOW,MatmulDeviceOperation 32 x 2048 x 32,0,15.598,0.855,1.0,16.937556096935502,3.3081164251827153,0.26890011539941017,9.725843294249499,HiFi2 BF16 x BF16 => BF16,BFLOAT16,BFLOAT16,BFLOAT16,False,DEV_1_DRAM_INTERLEAVED,2,1,1,1162240.0,"If possible place input 0 in L1 (currently in DEV_1_DRAM_INTERLEAVED) • Output subblock 1x1 is small, try out_subblock_h * out_subblock_w >= 2 if possible • If your matmuls are not FLOP-bound use HiFi4 with BF16 activations for full accuracy",MatmulDeviceOperation
1138,0.029516658020929155,,BinaryNgDeviceOperation,0,5.623,0.541,110,,,,,"BF16, BF16 => BF16",BFLOAT16,BFLOAT16,BFLOAT16,False,DEV_1_DRAM_INTERLEAVED,,,,1163264.0,,BinaryNgDeviceOperation
1139,0.013316973711259566,,BinaryNgDeviceOperation,0,2.266,0.515,110,,,,,"BF16, BF16 => BF16",BFLOAT16,BFLOAT16,BFLOAT16,False,DEV_1_DRAM_INTERLEAVED,,,,1164288.0,,BinaryNgDeviceOperation
1140,0.013925120299296233,,BinaryNgDeviceOperation,0,2.373,0.535,110,,,,,"BF16, BF16 => BF16",BFLOAT16,BFLOAT16,BFLOAT16,False,DEV_1_DRAM_INTERLEAVED,,,,1165312.0,,BinaryNgDeviceOperation
