{
  "batch": 32,
  "decode_pccs": [
    0.9965661441881434,
    0.9966099989400689,
    0.9966018412339502,
    0.9965762612913656
  ],
  "decode_positions": [
    31,
    32,
    33,
    34
  ],
  "key_cache_pcc": 0.9997750486641458,
  "prefill_pcc": 0.9964555485787097,
  "sequence_length": 31,
  "source_sha256": {
    "models/autoports/qwen_qwen3_32b/doc/context_contract.json": "be98e99638c8dfdf5ce6c740c2a9698936deb2f90947f3fd78901d99182d6fd7",
    "models/autoports/qwen_qwen3_32b/tests/test_optimized_decoder.py": "097e43f8ad19ade950bac144f9b3897df61dd6dbf0001188f18e950a5699f42c",
    "models/autoports/qwen_qwen3_32b/tt/optimized_decoder.py": "9a21a33ee5521f98f141e5510bc8427e7c0c4c540e7f0c3e75a3dd406ea88711"
  },
  "value_cache_pcc": 0.999743462506708
}
