{
  "batch": 32,
  "inputs": "recorded",
  "results": {
    "dram_all_bfp4_16c": {
      "decode_ms": 0.809437264688313,
      "decode_pcc": 0.9999965919240054,
      "decode_query_pcc": 0.9922204307861329,
      "key_cache_pcc": 0.9963860806469352,
      "options": {
        "decode_matmul_mode": "dram_sharded",
        "dram_mlp_target_cores": 16,
        "prefill_grid_x": 11,
        "prefill_in0_block_w": 8
      },
      "precision_policy": "all_bfp4_lofi",
      "prefill_ms": 3.253774717450142,
      "prefill_pcc": 0.9999822874806308,
      "value_cache_pcc": 0.994553536710655
    }
  },
  "sequence_length": 17,
  "weights": "real_layer_20"
}
