{
  "api_topology": "ring",
  "batch": 32,
  "ccl_dtype": "bf16",
  "decode_samples_ms": [
    0.5854215007275343,
    0.5851501692086458,
    0.5855989176779985,
    0.585631588473916,
    0.5855248868465424
  ],
  "down_target_cores": 8,
  "gate_up_target_cores": 12,
  "generated_at_utc": "2026-07-17T20:25:43.726054+00:00",
  "hardware": "4x Blackhole p300c, mesh 1x4, FABRIC_1D_RING",
  "implementation_sha256": "25d9b50dd182a626f5195db56e194d897ab495e53b16c7f107465ac62fdd41e9",
  "iterations_per_decode_sample": 100,
  "multichip_prefill_ms": 2.7700881473720074,
  "multichip_trace_ms": 0.5855248868465424,
  "num_links": 2,
  "o_target_cores": 2,
  "parallel_efficiency": 0.3387968767774701,
  "prefill_grid_x": 11,
  "prefill_in0_block_w": 8,
  "prefill_parallel_efficiency": 0.29584083564881786,
  "prefill_samples_ms": [
    3.2802210189402103,
    2.800075802952051,
    2.7700881473720074,
    2.7031810022890568,
    2.7396511286497116
  ],
  "prefill_speedup": 1.1833633425952714,
  "qkv_target_cores": 4,
  "repo_head": "6f97f9aa5a9a5aec1d98f91bd4a40b662cac15a3",
  "sequence_length": 17,
  "single_chip_baseline_key": "optimized_selected_dram_all_bfp4_auto",
  "single_chip_baseline_ms": 0.7934960117563605,
  "single_chip_prefill_ms": 3.2780207693576813,
  "single_chip_provenance": "models/autoports/tiiuae_falcon3_10b_base/doc/optimized_decoder/results/final/final_batch32.json",
  "speedup": 1.3551875071098805,
  "test_sha256": "09f8eec582af3ac057ca0b3d5194fb5bdfb2ab0e8f56b57a99d63ca92a277075",
  "weights": "real_layer_20"
}
