{
  "api_topology": "ring",
  "batch": 32,
  "ccl_dtype": "bf16",
  "decode_samples_ms": [
    0.5775130493566394,
    0.5769571010023355,
    0.577621953561902,
    0.5770277231931686,
    0.5772856110706925
  ],
  "down_target_cores": 8,
  "gate_up_target_cores": 32,
  "generated_at_utc": "2026-07-17T20:26:09.469571+00:00",
  "hardware": "4x Blackhole p300c, mesh 1x4, FABRIC_1D_RING",
  "implementation_sha256": "25d9b50dd182a626f5195db56e194d897ab495e53b16c7f107465ac62fdd41e9",
  "iterations_per_decode_sample": 100,
  "multichip_prefill_ms": 2.902430947870016,
  "multichip_trace_ms": 0.5772856110706925,
  "num_links": 2,
  "o_target_cores": 2,
  "parallel_efficiency": 0.3436323357707904,
  "prefill_grid_x": 11,
  "prefill_in0_block_w": 8,
  "prefill_parallel_efficiency": 0.2823513141426583,
  "prefill_samples_ms": [
    3.2873651944100857,
    2.902430947870016,
    2.9611727222800255,
    2.716566901654005,
    2.661442384123802
  ],
  "prefill_speedup": 1.1294052565706332,
  "qkv_target_cores": 4,
  "repo_head": "6f97f9aa5a9a5aec1d98f91bd4a40b662cac15a3",
  "sequence_length": 17,
  "single_chip_baseline_key": "optimized_selected_dram_all_bfp4_auto",
  "single_chip_baseline_ms": 0.7934960117563605,
  "single_chip_prefill_ms": 3.2780207693576813,
  "single_chip_provenance": "models/autoports/tiiuae_falcon3_10b_base/doc/optimized_decoder/results/final/final_batch32.json",
  "speedup": 1.3745293430831615,
  "test_sha256": "09f8eec582af3ac057ca0b3d5194fb5bdfb2ab0e8f56b57a99d63ca92a277075",
  "weights": "real_layer_20"
}
