{
  "api_topology": "ring",
  "batch": 32,
  "ccl_dtype": "bfp8",
  "decode_samples_ms": [
    0.5866202339529991,
    0.5864255595952272,
    0.5866102082654834,
    0.5864676367491484,
    0.5869256099686027
  ],
  "down_target_cores": 8,
  "gate_up_target_cores": 24,
  "generated_at_utc": "2026-07-17T20:28:18.755121+00:00",
  "hardware": "4x Blackhole p300c, mesh 1x4, FABRIC_1D_RING",
  "implementation_sha256": "25d9b50dd182a626f5195db56e194d897ab495e53b16c7f107465ac62fdd41e9",
  "iterations_per_decode_sample": 100,
  "multichip_prefill_ms": 2.725024241954088,
  "multichip_trace_ms": 0.5866102082654834,
  "num_links": 2,
  "o_target_cores": 2,
  "parallel_efficiency": 0.33817004911259846,
  "prefill_grid_x": 11,
  "prefill_in0_block_w": 8,
  "prefill_parallel_efficiency": 0.30073317503838465,
  "prefill_samples_ms": [
    3.334545064717531,
    2.7273576706647873,
    2.716065850108862,
    2.725024241954088,
    2.6926123537123203
  ],
  "prefill_speedup": 1.2029327001535386,
  "qkv_target_cores": 4,
  "repo_head": "6f97f9aa5a9a5aec1d98f91bd4a40b662cac15a3",
  "sequence_length": 17,
  "single_chip_baseline_key": "optimized_selected_dram_all_bfp4_auto",
  "single_chip_baseline_ms": 0.7934960117563605,
  "single_chip_prefill_ms": 3.2780207693576813,
  "single_chip_provenance": "models/autoports/tiiuae_falcon3_10b_base/doc/optimized_decoder/results/final/final_batch32.json",
  "speedup": 1.3526801964503938,
  "test_sha256": "09f8eec582af3ac057ca0b3d5194fb5bdfb2ab0e8f56b57a99d63ca92a277075",
  "weights": "real_layer_20"
}
