{
  "api_topology": "ring",
  "batch": 32,
  "ccl_dtype": "bf16",
  "decode_samples_ms": [
    0.5772224580869079,
    0.5775807425379753,
    0.5773348780348897,
    0.5775264371186495,
    0.577185289002955
  ],
  "down_target_cores": 8,
  "gate_up_target_cores": 24,
  "generated_at_utc": "2026-07-17T20:13:01.190318+00:00",
  "hardware": "4x Blackhole p300c, mesh 1x4, FABRIC_1D_RING",
  "implementation_sha256": "ae4cf7ed2d5299b843e0664a969938515d7e681f4543c5dd93b3109c44533319",
  "iterations_per_decode_sample": 100,
  "multichip_prefill_ms": 2.7035349048674107,
  "multichip_trace_ms": 0.5773348780348897,
  "num_links": 2,
  "o_target_cores": 4,
  "parallel_efficiency": 0.34360301185043235,
  "prefill_grid_x": 11,
  "prefill_in0_block_w": 8,
  "prefill_parallel_efficiency": 0.3031235849272718,
  "prefill_samples_ms": [
    3.2196701504290104,
    2.68521998077631,
    2.7035349048674107,
    2.743691671639681,
    2.6977439410984516
  ],
  "prefill_speedup": 1.2124943397090873,
  "qkv_target_cores": 4,
  "repo_head": "6f97f9aa5a9a5aec1d98f91bd4a40b662cac15a3",
  "sequence_length": 17,
  "single_chip_baseline_key": "optimized_selected_dram_all_bfp4_auto",
  "single_chip_baseline_ms": 0.7934960117563605,
  "single_chip_prefill_ms": 3.2780207693576813,
  "single_chip_provenance": "models/autoports/tiiuae_falcon3_10b_base/doc/optimized_decoder/results/final/final_batch32.json",
  "speedup": 1.3744120474017294,
  "test_sha256": "21e0342274ecb54a127a8c65ea8f3e0f83110bb4c401143a1eb076e97bef60d1",
  "weights": "real_layer_20"
}
