2026-07-30 02:39:52.508 | INFO     | __main__:main:395 - Using port 8086
2026-07-30 02:39:52.508 | INFO     | tracy:run_report_setup:91 - Verifying tracy profiling tools
2026-07-30 02:39:52.552 | INFO     | tracy:run_report_setup:112 - Capture command: ('/home/mvasiljevic/tt-metal/build/tools/profiler/bin/tracy-capture -o /home/mvasiljevic/tt-metal/generated/profiler/.logs/tracy_profile_log_host.tracy -f -p 8086',)
Connecting to 127.0.0.1:8086...2026-07-30 02:39:52.558 | INFO     | __main__:main:413 - Test process started
2026-07-30 02:39:53.510 | DEBUG    | ttnn:<module>:79 - Initial ttnn.CONFIG:
Config{cache_path=/home/mvasiljevic/.cache/ttnn,model_cache_path=/home/mvasiljevic/.cache/ttnn/models,tmp_dir=/tmp/ttnn,enable_model_cache=false,enable_fast_runtime_mode=true,throw_exception_on_fallback=false,enable_logging=false,enable_graph_report=false,enable_graph_python_stack_traces=false,enable_detailed_buffer_report=false,enable_detailed_tensor_report=false,enable_comparison_mode=false,comparison_mode_should_raise_exception=false,comparison_mode_pcc=0.9999,root_report_path=generated/ttnn/reports,report_name=std::nullopt,std::nullopt}
============================= test session starts ==============================
platform linux -- Python 3.12.13, pytest-9.0.3, pluggy-1.6.0 -- /home/mvasiljevic/tt-metal/python_env/bin/python
cachedir: .pytest_cache
benchmark: 5.2.3 (defaults: timer=time.perf_counter disable_gc=False min_rounds=5 min_time=0.000005 max_time=1.0 calibration_precision=10 warmup=False warmup_iterations=100000)
rootdir: /home/mvasiljevic/tt-metal
configfile: pytest.ini
plugins: github-actions-annotate-failures-0.3.0, anyio-4.14.2, dash-2.15.0, split-0.11.0, timeout-2.4.0, benchmark-5.2.3, cov-7.0.0
timeout: 300.0s
timeout method: signal
timeout func_only: False
collecting ... collected 4 items

models/autoports/microsoft_phi_3_5_mini_instruct/tests/optimized_decoder_perf.py::test_profile_warmed_prefill_before_after[blackhole-1-mesh_device0] 2026-07-30 02:39:56.097 | info     |          Device | Opening user mode device driver (tt_cluster.cpp:228)
2026-07-30 02:39:56.097 | info     |             UMD | Cluster constructor started. (cluster.cpp:348)
2026-07-30 02:39:56.098 | info     |             UMD | Creating TopologyDiscovery for architecture: blackhole (topology_discovery.cpp:91)
2026-07-30 02:39:56.098 | info     |             UMD | Starting topology discovery. (topology_discovery.cpp:110)
2026-07-30 02:39:56.099 | info     |             UMD | Established firmware bundle version: 19.8.0 (topology_discovery.cpp:569)
2026-07-30 02:39:56.099 | info     |             UMD | Firmware bundle version 19.8.0 on the system is newer than the latest fully tested version 19.5.0 for blackhole architecture. Newest features may not be supported. (topology_discovery.cpp:601)
2026-07-30 02:39:56.103 | info     |             UMD | Completed topology discovery. (topology_discovery.cpp:114)
2026-07-30 02:39:56.325 | info     |             UMD | Opening local chip ids/PCIe ids: {0, 1, 2, 3}/[0, 1, 2, 3] and remote chip ids {} (cluster.cpp:168)
2026-07-30 02:39:56.325 | info     |             UMD | IOMMU: enabled (cluster.cpp:142)
2026-07-30 02:39:56.325 | info     |             UMD | KMD version: 2.8.0 (cluster.cpp:145)
2026-07-30 02:39:56.325 | info     |             UMD | Cluster constructor completed. (cluster.cpp:520)
2026-07-30 02:39:56.327 | info     |             UMD | Starting devices in cluster (cluster.cpp:1024)
2026-07-30 02:39:56.460 | info     |             UMD | Starting devices in cluster completed. (cluster.cpp:1032)
2026-07-30 02:39:56.585 | DEBUG    | ttnn.device:__init__:152 - Using default dispatch core type for this system: DispatchCoreType.WORKER
2026-07-30 02:39:56.585 | DEBUG    | ttnn.device:__init__:154 - Using default dispatch core axis for this system: DispatchCoreAxis.COL
2026-07-30 02:39:56.585 | info     |     Distributed | Using auto discovery to generate mesh graph. (metal_env.cpp:367)
2026-07-30 02:39:56.585 | info     |     Distributed | Constructing control plane using auto-discovery (no mesh graph descriptor). (metal_env.cpp:429)
2026-07-30 02:39:56.585 | warning  |          Always | Unknown motherboard 'B850M-C' for chip_id=0 (bus_id=0x1) — falling back to bus_id as tray_id. Add this motherboard and its bus IDs to mobo_to_bus_ids in physical_system_discovery.cpp. (physical_system_discovery.cpp:89)
2026-07-30 02:39:56.585 | warning  |          Always | Unknown motherboard 'B850M-C' for chip_id=1 (bus_id=0x2) — falling back to bus_id as tray_id. Add this motherboard and its bus IDs to mobo_to_bus_ids in physical_system_discovery.cpp. (physical_system_discovery.cpp:89)
2026-07-30 02:39:56.585 | warning  |          Always | Unknown motherboard 'B850M-C' for chip_id=2 (bus_id=0x3) — falling back to bus_id as tray_id. Add this motherboard and its bus IDs to mobo_to_bus_ids in physical_system_discovery.cpp. (physical_system_discovery.cpp:89)
2026-07-30 02:39:56.585 | warning  |          Always | Unknown motherboard 'B850M-C' for chip_id=3 (bus_id=0x4) — falling back to bus_id as tray_id. Add this motherboard and its bus IDs to mobo_to_bus_ids in physical_system_discovery.cpp. (physical_system_discovery.cpp:89)
2026-07-30 02:39:56.585 | warning  |          Always | Unknown motherboard 'B850M-C' for chip_id=1 (bus_id=0x2) — falling back to bus_id as tray_id. Add this motherboard and its bus IDs to mobo_to_bus_ids in physical_system_discovery.cpp. (physical_system_discovery.cpp:89)
2026-07-30 02:39:56.585 | warning  |          Always | Unknown motherboard 'B850M-C' for chip_id=0 (bus_id=0x1) — falling back to bus_id as tray_id. Add this motherboard and its bus IDs to mobo_to_bus_ids in physical_system_discovery.cpp. (physical_system_discovery.cpp:89)
2026-07-30 02:39:56.585 | warning  |          Always | Unknown motherboard 'B850M-C' for chip_id=2 (bus_id=0x3) — falling back to bus_id as tray_id. Add this motherboard and its bus IDs to mobo_to_bus_ids in physical_system_discovery.cpp. (physical_system_discovery.cpp:89)
2026-07-30 02:39:56.585 | warning  |          Always | Unknown motherboard 'B850M-C' for chip_id=3 (bus_id=0x4) — falling back to bus_id as tray_id. Add this motherboard and its bus IDs to mobo_to_bus_ids in physical_system_discovery.cpp. (physical_system_discovery.cpp:89)
2026-07-30 02:39:56.585 | info     |          Fabric | Logical multi-mesh adjacency: intermesh degree histogram {0:1}; intra-mesh degree histograms mesh0 {2:4} (topology_mapper_utils.cpp:2342)
2026-07-30 02:39:56.585 | info     |          Fabric | Physical multi-mesh adjacency: intermesh degree histogram {0:1}; intra-mesh degree histograms mesh0 {2:4} (topology_mapper_utils.cpp:2350)
2026-07-30 02:39:56.626 | warning  |           Metal | Opening subset of mmio devices slows down UMD read/write to remote chips. If opening more devices, consider using CreateDevices API. (device_manager.cpp:261)
2026-07-30 02:39:56.633 | info     |           Metal | Profiler started on device 3 (profiler_initializer.cpp:49)
2026-07-30 02:39:56.675 | info     |           Metal | ShmResourceTracker: removed orphaned shm '/tt_device_154095681929600_memory' (shm_resource_tracker.cpp:282)
2026-07-30 02:39:57.255 | info     |           Metal | [Real-time profiler] Device 3 sync complete: 100 samples, frequency=1.349985 GHz, device_time_at_sync=11700162391798 cycles (realtime_profiler_manager.cpp:1127)
2026-07-30 02:39:57.271 | DEBUG    | conftest:mesh_device:599 - multidevice with 1 devices is created
[transformers] This model config has set a `rope_parameters['original_max_position_embeddings']` field, to be used together with `max_position_embeddings` to determine a scaling factor. Please set the `factor` field of `rope_parameters`with this ratio instead -- we recommend the use of this field over `original_max_position_embeddings`, as it is compatible with most model architectures.
Building ncrisc, compile step:
cd /home/mvasiljevic/.cache/tt-metal-cache/12569132917722018041/kernels/reader_unary_interleaved_start_id/12414738104550189678/ncrisc/ && /home/mvasiljevic/tt-metal/runtime/sfpi/compiler/bin/riscv-tt-elf-g++ -O2 -std=c++17 -ftt-nttp -ftt-constinit -ftt-consteval -ftt-no-dyninit -flto=auto -ffast-math -fno-exceptions -fno-rtti -fno-use-cxa-atexit -g -MMD -Wall -Werror -Wno-error=deprecated-declarations -Wno-error=multistatement-macros -Wno-error=parentheses -Wno-error=unused-but-set-variable -Wno-unused-variable -Wno-unused-function -mcpu=tt-bh -fno-tree-loop-distribute-patterns -I. -I.. -I/home/mvasiljevic/tt-metal/ -I/home/mvasiljevic/tt-metal/ttnn -I/home/mvasiljevic/tt-metal/ttnn/cpp -I/home/mvasiljevic/tt-metal/tt_metal -I/home/mvasiljevic/tt-metal/tt_metal/hw/inc -I/home/mvasiljevic/tt-metal/tt_metal/tt-llk/common -I/home/mvasiljevic/tt-metal/tt_metal/hostdevcommon/api -I/home/mvasiljevic/tt-metal/tt_metal/api/ -I/home/mvasiljevic/tt-metal/tt_metal/hw/ckernels/blackhole/metal/common -I/home/mvasiljevic/tt-metal/tt_metal/hw/ckernels/blackhole/metal/llk_io -I/home/mvasiljevic/tt-metal/tt_metal/hw/inc/internal/tt-1xx -I/home/mvasiljevic/tt-metal/tt_metal/hw/inc/internal/tt-1xx/blackhole -I/home/mvasiljevic/tt-metal/tt_metal/hw/inc/internal/tt-1xx/blackhole/blackhole_defines -I/home/mvasiljevic/tt-metal/tt_metal/hw/inc/internal/tt-1xx/blackhole/noc -I/home/mvasiljevic/tt-metal/tt_metal/tt-llk/tt_llk_blackhole/common/inc -I/home/mvasiljevic/tt-metal/tt_metal/tt-llk/tt_llk_blackhole/llk_lib -I/home/mvasiljevic/tt-metal/tt_metal/hw/firmware/src/tt-1xx -I/home/mvasiljevic/tt-metal/ttnn/cpp/ttnn/operations/eltwise/unary/device/kernels/dataflow -c -o /home/mvasiljevic/.cache/tt-metal-cache/12569132917722018041/kernels/reader_unary_interleaved_start_id/12414738104550189678/ncrisc/ncrisck.3749600202458196004.o /home/mvasiljevic/tt-metal/tt_metal/hw/firmware/src/tt-1xx/ncrisck.cc -MF /home/mvasiljevic/.cache/tt-metal-cache/12569132917722018041/kernels/reader_unary_interleaved_start_id/12414738104550189678/ncrisc/ncrisck.3749600202458196004.d -DIS_NOT_POW2_NUM_L1_BANKS=1 -DLOG_BASE_2_OF_NUM_DRAM_BANKS=3 -DNUM_DRAM_BANKS=8 -DNUM_L1_BANKS=110 -DPCIE_NOC_X=19 -DPCIE_NOC_Y=24 -DTENSIX_FIRMWARE -DLOCAL_MEM_EN=0 -DPROFILE_KERNEL=1 -DPROFILER_FULL_HOST_BUFFER_SIZE_PER_RISC=48000 -DPROCESSOR_INDEX=1 -DCOMPILE_FOR_NCRISC -DARCH_BLACKHOLE -DDISPATCH_MESSAGE_ADDR=4290184248 -DKERNEL_BUILD -DFULL_KERNEL_NAME="\"reader_unary_interleaved_start_id/12414738104550189678/\"" -DNOC_INDEX='0' -DNOC_MODE='0' -DKERNEL_COMPILE_TIME_ARGS=2,2048 
In file included from /home/mvasiljevic/tt-metal/tt_metal/hw/inc/api/dataflow/dataflow_api.h:27,
                 from /home/mvasiljevic/tt-metal/tt_metal/hw/inc/internal/firmware_common.h:24,
                 from /home/mvasiljevic/tt-metal/tt_metal/hw/firmware/src/tt-1xx/ncrisck.cc:17:
/home/mvasiljevic/tt-metal/tt_metal/tools/profiler/kernel_profiler.hpp: In function 'void kernel_profiler::quick_push()':
/home/mvasiljevic/tt-metal/tt_metal/tools/profiler/kernel_profiler.hpp:25:22: note: '#pragma message: PROFILER-NOC-QUICK-PUSH,/home/mvasiljevic/tt-metal/tt_metal/tools/profiler/kernel_profiler.hpp,395,KERNEL_PROFILER'
   25 | #define DO_PRAGMA(x) _Pragma(#x)
      |                      ^~~~~~~
/home/mvasiljevic/tt-metal/tt_metal/tools/profiler/kernel_profiler.hpp:35:5: note: in expansion of macro 'DO_PRAGMA'
   35 |     DO_PRAGMA(message(PROFILER_MSG_NAME(name))); \
      |     ^~~~~~~~~
/home/mvasiljevic/tt-metal/tt_metal/tools/profiler/kernel_profiler.hpp:395:5: note: in expansion of macro 'SrcLocNameToHash'
  395 |     SrcLocNameToHash("PROFILER-NOC-QUICK-PUSH");
      |     ^~~~~~~~~~~~~~~~
/home/mvasiljevic/tt-metal/tt_metal/hw/firmware/src/tt-1xx/ncrisck.cc: In function 'uint32_t _start()':
/home/mvasiljevic/tt-metal/tt_metal/tools/profiler/kernel_profiler.hpp:25:22: note: '#pragma message: NCRISC-KERNEL,/home/mvasiljevic/tt-metal/tt_metal/hw/firmware/src/tt-1xx/ncrisck.cc,69,KERNEL_PROFILER'
   25 | #define DO_PRAGMA(x) _Pragma(#x)
      |                      ^~~~~~~
/home/mvasiljevic/tt-metal/tt_metal/tools/profiler/kernel_profiler.hpp:702:5: note: in expansion of macro 'DO_PRAGMA'
  702 |     DO_PRAGMA(message(PROFILER_MSG_NAME(name)));                               \
      |     ^~~~~~~~~
/home/mvasiljevic/tt-metal/tt_metal/hw/firmware/src/tt-1xx/ncrisck.cc:69:5: note: in expansion of macro 'DeviceZoneScopedMainChildN'
   69 |     DeviceZoneScopedMainChildN("NCRISC-KERNEL");
      |     ^~~~~~~~~~~~~~~~~~~~~~~~~~
Building brisc, compile step:
cd /home/mvasiljevic/.cache/tt-metal-cache/12569132917722018041/kernels/writer_unary_interleaved_start_id/2398087504346956004/brisc/ && /home/mvasiljevic/tt-metal/runtime/sfpi/compiler/bin/riscv-tt-elf-g++ -O2 -std=c++17 -ftt-nttp -ftt-constinit -ftt-consteval -ftt-no-dyninit -flto=auto -ffast-math -fno-exceptions -fno-rtti -fno-use-cxa-atexit -g -MMD -Wall -Werror -Wno-error=deprecated-declarations -Wno-error=multistatement-macros -Wno-error=parentheses -Wno-error=unused-but-set-variable -Wno-unused-variable -Wno-unused-function -mcpu=tt-bh -fno-tree-loop-distribute-patterns -I. -I.. -I/home/mvasiljevic/tt-metal/ -I/home/mvasiljevic/tt-metal/ttnn -I/home/mvasiljevic/tt-metal/ttnn/cpp -I/home/mvasiljevic/tt-metal/tt_metal -I/home/mvasiljevic/tt-metal/tt_metal/hw/inc -I/home/mvasiljevic/tt-metal/tt_metal/tt-llk/common -I/home/mvasiljevic/tt-metal/tt_metal/hostdevcommon/api -I/home/mvasiljevic/tt-metal/tt_metal/api/ -I/home/mvasiljevic/tt-metal/tt_metal/hw/ckernels/blackhole/metal/common -I/home/mvasiljevic/tt-metal/tt_metal/hw/ckernels/blackhole/metal/llk_io -I/home/mvasiljevic/tt-metal/tt_metal/hw/inc/internal/tt-1xx -I/home/mvasiljevic/tt-metal/tt_metal/hw/inc/internal/tt-1xx/blackhole -I/home/mvasiljevic/tt-metal/tt_metal/hw/inc/internal/tt-1xx/blackhole/blackhole_defines -I/home/mvasiljevic/tt-metal/tt_metal/hw/inc/internal/tt-1xx/blackhole/noc -I/home/mvasiljevic/tt-metal/tt_metal/tt-llk/tt_llk_blackhole/common/inc -I/home/mvasiljevic/tt-metal/tt_metal/tt-llk/tt_llk_blackhole/llk_lib -I/home/mvasiljevic/tt-metal/tt_metal/hw/firmware/src/tt-1xx -I/home/mvasiljevic/tt-metal/ttnn/cpp/ttnn/operations/eltwise/unary/device/kernels/dataflow -c -o /home/mvasiljevic/.cache/tt-metal-cache/12569132917722018041/kernels/writer_unary_interleaved_start_id/2398087504346956004/brisc/brisck.3749600202458196004.o /home/mvasiljevic/tt-metal/tt_metal/hw/firmware/src/tt-1xx/brisck.cc -MF /home/mvasiljevic/.cache/tt-metal-cache/12569132917722018041/kernels/writer_unary_interleaved_start_id/2398087504346956004/brisc/brisck.3749600202458196004.d -DIS_NOT_POW2_NUM_L1_BANKS=1 -DLOG_BASE_2_OF_NUM_DRAM_BANKS=3 -DNUM_DRAM_BANKS=8 -DNUM_L1_BANKS=110 -DPCIE_NOC_X=19 -DPCIE_NOC_Y=24 -DTENSIX_FIRMWARE -DLOCAL_MEM_EN=0 -DPROFILE_KERNEL=1 -DPROFILER_FULL_HOST_BUFFER_SIZE_PER_RISC=48000 -DPROCESSOR_INDEX=0 -DCOMPILE_FOR_BRISC -DARCH_BLACKHOLE -DDISPATCH_MESSAGE_ADDR=4290184248 -DKERNEL_BUILD -DFULL_KERNEL_NAME="\"writer_unary_interleaved_start_id/2398087504346956004/\"" -DNOC_INDEX='1' -DNOC_MODE='0' -DKERNEL_COMPILE_TIME_ARGS=2,2,576 
In file included from /home/mvasiljevic/tt-metal/tt_metal/hw/inc/api/dataflow/dataflow_api.h:27,
                 from /home/mvasiljevic/tt-metal/tt_metal/hw/inc/internal/firmware_common.h:24,
                 from /home/mvasiljevic/tt-metal/tt_metal/hw/firmware/src/tt-1xx/brisck.cc:17:
/home/mvasiljevic/tt-metal/tt_metal/tools/profiler/kernel_profiler.hpp: In function 'void kernel_profiler::quick_push()':
/home/mvasiljevic/tt-metal/tt_metal/tools/profiler/kernel_profiler.hpp:25:22: note: '#pragma message: PROFILER-NOC-QUICK-PUSH,/home/mvasiljevic/tt-metal/tt_metal/tools/profiler/kernel_profiler.hpp,395,KERNEL_PROFILER'
   25 | #define DO_PRAGMA(x) _Pragma(#x)
      |                      ^~~~~~~
/home/mvasiljevic/tt-metal/tt_metal/tools/profiler/kernel_profiler.hpp:35:5: note: in expansion of macro 'DO_PRAGMA'
   35 |     DO_PRAGMA(message(PROFILER_MSG_NAME(name))); \
      |     ^~~~~~~~~
/home/mvasiljevic/tt-metal/tt_metal/tools/profiler/kernel_profiler.hpp:395:5: note: in expansion of macro 'SrcLocNameToHash'
  395 |     SrcLocNameToHash("PROFILER-NOC-QUICK-PUSH");
      |     ^~~~~~~~~~~~~~~~
/home/mvasiljevic/tt-metal/tt_metal/hw/firmware/src/tt-1xx/brisck.cc: In function 'uint32_t _start()':
/home/mvasiljevic/tt-metal/tt_metal/tools/profiler/kernel_profiler.hpp:25:22: note: '#pragma message: BRISC-KERNEL,/home/mvasiljevic/tt-metal/tt_metal/hw/firmware/src/tt-1xx/brisck.cc,77,KERNEL_PROFILER'
   25 | #define DO_PRAGMA(x) _Pragma(#x)
      |                      ^~~~~~~
/home/mvasiljevic/tt-metal/tt_metal/tools/profiler/kernel_profiler.hpp:702:5: note: in expansion of macro 'DO_PRAGMA'
  702 |     DO_PRAGMA(message(PROFILER_MSG_NAME(name)));                               \
      |     ^~~~~~~~~
/home/mvasiljevic/tt-metal/tt_metal/hw/firmware/src/tt-1xx/brisck.cc:77:9: note: in expansion of macro 'DeviceZoneScopedMainChildN'
   77 |         DeviceZoneScopedMainChildN("BRISC-KERNEL");
      |         ^~~~~~~~~~~~~~~~~~~~~~~~~~
Building trisc0, compile step:
cd /home/mvasiljevic/.cache/tt-metal-cache/12569132917722018041/kernels/eltwise_typecast/1950534369933034306/trisc0/ && /home/mvasiljevic/tt-metal/runtime/sfpi/compiler/bin/riscv-tt-elf-g++ -O3 -std=c++17 -ftt-nttp -ftt-constinit -ftt-consteval -ftt-no-dyninit -flto=auto -ffast-math -fno-exceptions -fno-rtti -fno-use-cxa-atexit -g -MMD -Wall -Werror -Wno-error=deprecated-declarations -Wno-error=multistatement-macros -Wno-error=parentheses -Wno-error=unused-but-set-variable -Wno-unused-variable -Wno-unused-function -mcpu=tt-bh-tensix -I. -I.. -I/home/mvasiljevic/tt-metal/ -I/home/mvasiljevic/tt-metal/ttnn -I/home/mvasiljevic/tt-metal/ttnn/cpp -I/home/mvasiljevic/tt-metal/tt_metal -I/home/mvasiljevic/tt-metal/tt_metal/hw/inc -I/home/mvasiljevic/tt-metal/tt_metal/tt-llk/common -I/home/mvasiljevic/tt-metal/tt_metal/hostdevcommon/api -I/home/mvasiljevic/tt-metal/tt_metal/api/ -I/home/mvasiljevic/tt-metal/runtime/sfpi/include -I/home/mvasiljevic/tt-metal/tt_metal/hw/ckernels/blackhole/metal/common -I/home/mvasiljevic/tt-metal/tt_metal/hw/ckernels/blackhole/metal/llk_io -I/home/mvasiljevic/tt-metal/tt_metal/hw/inc/internal/tt-1xx -I/home/mvasiljevic/tt-metal/tt_metal/hw/inc/internal/tt-1xx/blackhole -I/home/mvasiljevic/tt-metal/tt_metal/hw/inc/internal/tt-1xx/blackhole/blackhole_defines -I/home/mvasiljevic/tt-metal/tt_metal/hw/inc/internal/tt-1xx/blackhole/noc -I/home/mvasiljevic/tt-metal/tt_metal/tt-llk/tt_llk_blackhole/common/inc -I/home/mvasiljevic/tt-metal/tt_metal/tt-llk/tt_llk_blackhole/llk_lib -I/home/mvasiljevic/tt-metal/tt_metal/hw/ckernels/blackhole/metal/llk_api -I/home/mvasiljevic/tt-metal/tt_metal/hw/ckernels/blackhole/metal/llk_api/llk_sfpu -I/home/mvasiljevic/tt-metal/tt_metal/hw/firmware/src/tt-1xx -I/home/mvasiljevic/tt-metal/ttnn/cpp/ttnn/operations/copy/typecast/device/kernels/compute -c -o /home/mvasiljevic/.cache/tt-metal-cache/12569132917722018041/kernels/eltwise_typecast/1950534369933034306/trisc0/trisck.3749600202458196004.o /home/mvasiljevic/tt-metal/tt_metal/hw/firmware/src/tt-1xx/trisck.cc -MF /home/mvasiljevic/.cache/tt-metal-cache/12569132917722018041/kernels/eltwise_typecast/1950534369933034306/trisc0/trisck.3749600202458196004.d -DIS_NOT_POW2_NUM_L1_BANKS=1 -DLOG_BASE_2_OF_NUM_DRAM_BANKS=3 -DNUM_DRAM_BANKS=8 -DNUM_L1_BANKS=110 -DPCIE_NOC_X=19 -DPCIE_NOC_Y=24 -DTENSIX_FIRMWARE -DLOCAL_MEM_EN=0 -DPROFILE_KERNEL=1 -DPROFILER_FULL_HOST_BUFFER_SIZE_PER_RISC=48000 -DPROCESSOR_INDEX=2 -DUCK_CHLKC_UNPACK -DCOMPILE_FOR_TRISC=0 -DARCH_BLACKHOLE -DDISPATCH_MESSAGE_ADDR=4290184248 -DKERNEL_BUILD -DFULL_KERNEL_NAME="\"eltwise_typecast/1950534369933034306/\"" -DKERNEL_COMPILE_TIME_ARGS=251,1,0,2 
In file included from /home/mvasiljevic/tt-metal/tt_metal/hw/ckernels/blackhole/metal/llk_io/llk_io_unpack.h:13,
                 from /home/mvasiljevic/tt-metal/tt_metal/hw/inc/api/compute/cb_api.h:15,
                 from /home/mvasiljevic/tt-metal/tt_metal/hw/inc/api/compute/common.h:11,
                 from /home/mvasiljevic/tt-metal/ttnn/cpp/ttnn/operations/copy/typecast/device/kernels/compute/eltwise_typecast.cpp:5,
                 from ../chlkc_unpack.cpp:3,
                 from /home/mvasiljevic/tt-metal/tt_metal/hw/ckernels/blackhole/metal/common/chlkc_list.h:26,
                 from /home/mvasiljevic/tt-metal/tt_metal/hw/firmware/src/tt-1xx/trisck.cc:13:
/home/mvasiljevic/tt-metal/tt_metal/hw/ckernels/blackhole/metal/llk_io/llk_io_unpack.h: In function 'void llk_wait_tiles(int, int32_t)':
/home/mvasiljevic/tt-metal/tt_metal/tools/profiler/kernel_profiler.hpp:25:22: note: '#pragma message: CB-COMPUTE-WAIT-FRONT,/home/mvasiljevic/tt-metal/tt_metal/hw/ckernels/blackhole/metal/llk_io/llk_io_unpack.h,19,KERNEL_PROFILER'
   25 | #define DO_PRAGMA(x) _Pragma(#x)
      |                      ^~~~~~~
/home/mvasiljevic/tt-metal/tt_metal/tools/profiler/kernel_profiler.hpp:707:5: note: in expansion of macro 'DO_PRAGMA'
  707 |     DO_PRAGMA(message(PROFILER_MSG_NAME(name)));                               \
      |     ^~~~~~~~~
/home/mvasiljevic/tt-metal/tt_metal/hw/ckernels/blackhole/metal/llk_io/llk_io_unpack.h:19:5: note: in expansion of macro 'DeviceZoneScopedSumN1'
   19 |     DeviceZoneScopedSumN1("CB-COMPUTE-WAIT-FRONT");
      |     ^~~~~~~~~~~~~~~~~~~~~
/home/mvasiljevic/tt-metal/tt_metal/hw/firmware/src/tt-1xx/trisck.cc: In function 'uint32_t _start()':
/home/mvasiljevic/tt-metal/tt_metal/tools/profiler/kernel_profiler.hpp:25:22: note: '#pragma message: TRISC-KERNEL,/home/mvasiljevic/tt-metal/tt_metal/hw/firmware/src/tt-1xx/trisck.cc,86,KERNEL_PROFILER'
   25 | #define DO_PRAGMA(x) _Pragma(#x)
      |                      ^~~~~~~
/home/mvasiljevic/tt-metal/tt_metal/tools/profiler/kernel_profiler.hpp:702:5: note: in expansion of macro 'DO_PRAGMA'
  702 |     DO_PRAGMA(message(PROFILER_MSG_NAME(name)));                               \
      |     ^~~~~~~~~
/home/mvasiljevic/tt-metal/tt_metal/hw/firmware/src/tt-1xx/trisck.cc:86:5: note: in expansion of macro 'DeviceZoneScopedMainChildN'
   86 |     DeviceZoneScopedMainChildN("TRISC-KERNEL");
      |     ^~~~~~~~~~~~~~~~~~~~~~~~~~
Building trisc2, compile step:
cd /home/mvasiljevic/.cache/tt-metal-cache/12569132917722018041/kernels/eltwise_typecast/6343602682246894266/trisc2/ && /home/mvasiljevic/tt-metal/runtime/sfpi/compiler/bin/riscv-tt-elf-g++ -O3 -std=c++17 -ftt-nttp -ftt-constinit -ftt-consteval -ftt-no-dyninit -flto=auto -ffast-math -fno-exceptions -fno-rtti -fno-use-cxa-atexit -g -MMD -Wall -Werror -Wno-error=deprecated-declarations -Wno-error=multistatement-macros -Wno-error=parentheses -Wno-error=unused-but-set-variable -Wno-unused-variable -Wno-unused-function -mcpu=tt-bh-tensix -I. -I.. -I/home/mvasiljevic/tt-metal/ -I/home/mvasiljevic/tt-metal/ttnn -I/home/mvasiljevic/tt-metal/ttnn/cpp -I/home/mvasiljevic/tt-metal/tt_metal -I/home/mvasiljevic/tt-metal/tt_metal/hw/inc -I/home/mvasiljevic/tt-metal/tt_metal/tt-llk/common -I/home/mvasiljevic/tt-metal/tt_metal/hostdevcommon/api -I/home/mvasiljevic/tt-metal/tt_metal/api/ -I/home/mvasiljevic/tt-metal/runtime/sfpi/include -I/home/mvasiljevic/tt-metal/tt_metal/hw/ckernels/blackhole/metal/common -I/home/mvasiljevic/tt-metal/tt_metal/hw/ckernels/blackhole/metal/llk_io -I/home/mvasiljevic/tt-metal/tt_metal/hw/inc/internal/tt-1xx -I/home/mvasiljevic/tt-metal/tt_metal/hw/inc/internal/tt-1xx/blackhole -I/home/mvasiljevic/tt-metal/tt_metal/hw/inc/internal/tt-1xx/blackhole/blackhole_defines -I/home/mvasiljevic/tt-metal/tt_metal/hw/inc/internal/tt-1xx/blackhole/noc -I/home/mvasiljevic/tt-metal/tt_metal/tt-llk/tt_llk_blackhole/common/inc -I/home/mvasiljevic/tt-metal/tt_metal/tt-llk/tt_llk_blackhole/llk_lib -I/home/mvasiljevic/tt-metal/tt_metal/hw/ckernels/blackhole/metal/llk_api -I/home/mvasiljevic/tt-metal/tt_metal/hw/ckernels/blackhole/metal/llk_api/llk_sfpu -I/home/mvasiljevic/tt-metal/tt_metal/hw/firmware/src/tt-1xx -I/home/mvasiljevic/tt-metal/ttnn/cpp/ttnn/operations/copy/typecast/device/kernels/compute -c -o /home/mvasiljevic/.cache/tt-metal-cache/12569132917722018041/kernels/eltwise_typecast/6343602682246894266/trisc2/trisck.3749600202458196004.o /home/mvasiljevic/tt-metal/tt_metal/hw/firmware/src/tt-1xx/trisck.cc -MF /home/mvasiljevic/.cache/tt-metal-cache/12569132917722018041/kernels/eltwise_typecast/6343602682246894266/trisc2/trisck.3749600202458196004.d -DIS_NOT_POW2_NUM_L1_BANKS=1 -DLOG_BASE_2_OF_NUM_DRAM_BANKS=3 -DNUM_DRAM_BANKS=8 -DNUM_L1_BANKS=110 -DPCIE_NOC_X=19 -DPCIE_NOC_Y=24 -DTENSIX_FIRMWARE -DLOCAL_MEM_EN=0 -DPROFILE_KERNEL=1 -DPROFILER_FULL_HOST_BUFFER_SIZE_PER_RISC=48000 -DPROCESSOR_INDEX=4 -DUCK_CHLKC_PACK -DCOMPILE_FOR_TRISC=2 -DARCH_BLACKHOLE -DDISPATCH_MESSAGE_ADDR=4290184248 -DKERNEL_BUILD -DFULL_KERNEL_NAME="\"eltwise_typecast/6343602682246894266/\"" -DKERNEL_COMPILE_TIME_ARGS=252,1,0,2 
In file included from /home/mvasiljevic/tt-metal/tt_metal/hw/ckernels/blackhole/metal/llk_io/llk_io_pack.h:14,
                 from /home/mvasiljevic/tt-metal/tt_metal/hw/inc/api/compute/cb_api.h:12,
                 from /home/mvasiljevic/tt-metal/tt_metal/hw/inc/api/compute/common.h:11,
                 from /home/mvasiljevic/tt-metal/ttnn/cpp/ttnn/operations/copy/typecast/device/kernels/compute/eltwise_typecast.cpp:5,
                 from ../chlkc_pack.cpp:3,
                 from /home/mvasiljevic/tt-metal/tt_metal/hw/ckernels/blackhole/metal/common/chlkc_list.h:21,
                 from /home/mvasiljevic/tt-metal/tt_metal/hw/firmware/src/tt-1xx/trisck.cc:13:
/home/mvasiljevic/tt-metal/tt_metal/hw/ckernels/blackhole/metal/llk_io/llk_io_pack.h: In function 'void llk_wait_for_free_tiles(int32_t, int32_t)':
/home/mvasiljevic/tt-metal/tt_metal/tools/profiler/kernel_profiler.hpp:25:22: note: '#pragma message: CB-COMPUTE-RESERVE-BACK,/home/mvasiljevic/tt-metal/tt_metal/hw/ckernels/blackhole/metal/llk_io/llk_io_pack.h,21,KERNEL_PROFILER'
   25 | #define DO_PRAGMA(x) _Pragma(#x)
      |                      ^~~~~~~
/home/mvasiljevic/tt-metal/tt_metal/tools/profiler/kernel_profiler.hpp:712:5: note: in expansion of macro 'DO_PRAGMA'
  712 |     DO_PRAGMA(message(PROFILER_MSG_NAME(name)));                               \
      |     ^~~~~~~~~
/home/mvasiljevic/tt-metal/tt_metal/hw/ckernels/blackhole/metal/llk_io/llk_io_pack.h:21:5: note: in expansion of macro 'DeviceZoneScopedSumN2'
   21 |     DeviceZoneScopedSumN2("CB-COMPUTE-RESERVE-BACK");
      |     ^~~~~~~~~~~~~~~~~~~~~
/home/mvasiljevic/tt-metal/tt_metal/hw/firmware/src/tt-1xx/trisck.cc: In function 'uint32_t _start()':
/home/mvasiljevic/tt-metal/tt_metal/tools/profiler/kernel_profiler.hpp:25:22: note: '#pragma message: TRISC-KERNEL,/home/mvasiljevic/tt-metal/tt_metal/hw/firmware/src/tt-1xx/trisck.cc,86,KERNEL_PROFILER'
   25 | #define DO_PRAGMA(x) _Pragma(#x)
      |                      ^~~~~~~
/home/mvasiljevic/tt-metal/tt_metal/tools/profiler/kernel_profiler.hpp:702:5: note: in expansion of macro 'DO_PRAGMA'
  702 |     DO_PRAGMA(message(PROFILER_MSG_NAME(name)));                               \
      |     ^~~~~~~~~
/home/mvasiljevic/tt-metal/tt_metal/hw/firmware/src/tt-1xx/trisck.cc:86:5: note: in expansion of macro 'DeviceZoneScopedMainChildN'
   86 |     DeviceZoneScopedMainChildN("TRISC-KERNEL");
      |     ^~~~~~~~~~~~~~~~~~~~~~~~~~
Building trisc0, compile step:
cd /home/mvasiljevic/.cache/tt-metal-cache/12569132917722018041/kernels/eltwise_typecast/6343602682246894266/trisc0/ && /home/mvasiljevic/tt-metal/runtime/sfpi/compiler/bin/riscv-tt-elf-g++ -O3 -std=c++17 -ftt-nttp -ftt-constinit -ftt-consteval -ftt-no-dyninit -flto=auto -ffast-math -fno-exceptions -fno-rtti -fno-use-cxa-atexit -g -MMD -Wall -Werror -Wno-error=deprecated-declarations -Wno-error=multistatement-macros -Wno-error=parentheses -Wno-error=unused-but-set-variable -Wno-unused-variable -Wno-unused-function -mcpu=tt-bh-tensix -I. -I.. -I/home/mvasiljevic/tt-metal/ -I/home/mvasiljevic/tt-metal/ttnn -I/home/mvasiljevic/tt-metal/ttnn/cpp -I/home/mvasiljevic/tt-metal/tt_metal -I/home/mvasiljevic/tt-metal/tt_metal/hw/inc -I/home/mvasiljevic/tt-metal/tt_metal/tt-llk/common -I/home/mvasiljevic/tt-metal/tt_metal/hostdevcommon/api -I/home/mvasiljevic/tt-metal/tt_metal/api/ -I/home/mvasiljevic/tt-metal/runtime/sfpi/include -I/home/mvasiljevic/tt-metal/tt_metal/hw/ckernels/blackhole/metal/common -I/home/mvasiljevic/tt-metal/tt_metal/hw/ckernels/blackhole/metal/llk_io -I/home/mvasiljevic/tt-metal/tt_metal/hw/inc/internal/tt-1xx -I/home/mvasiljevic/tt-metal/tt_metal/hw/inc/internal/tt-1xx/blackhole -I/home/mvasiljevic/tt-metal/tt_metal/hw/inc/internal/tt-1xx/blackhole/blackhole_defines -I/home/mvasiljevic/tt-metal/tt_metal/hw/inc/internal/tt-1xx/blackhole/noc -I/home/mvasiljevic/tt-metal/tt_metal/tt-llk/tt_llk_blackhole/common/inc -I/home/mvasiljevic/tt-metal/tt_metal/tt-llk/tt_llk_blackhole/llk_lib -I/home/mvasiljevic/tt-metal/tt_metal/hw/ckernels/blackhole/metal/llk_api -I/home/mvasiljevic/tt-metal/tt_metal/hw/ckernels/blackhole/metal/llk_api/llk_sfpu -I/home/mvasiljevic/tt-metal/tt_metal/hw/firmware/src/tt-1xx -I/home/mvasiljevic/tt-metal/ttnn/cpp/ttnn/operations/copy/typecast/device/kernels/compute -c -o /home/mvasiljevic/.cache/tt-metal-cache/12569132917722018041/kernels/eltwise_typecast/6343602682246894266/trisc0/trisck.3749600202458196004.o /home/mvasiljevic/tt-metal/tt_metal/hw/firmware/src/tt-1xx/trisck.cc -MF /home/mvasiljevic/.cache/tt-metal-cache/12569132917722018041/kernels/eltwise_typecast/6343602682246894266/trisc0/trisck.3749600202458196004.d -DIS_NOT_POW2_NUM_L1_BANKS=1 -DLOG_BASE_2_OF_NUM_DRAM_BANKS=3 -DNUM_DRAM_BANKS=8 -DNUM_L1_BANKS=110 -DPCIE_NOC_X=19 -DPCIE_NOC_Y=24 -DTENSIX_FIRMWARE -DLOCAL_MEM_EN=0 -DPROFILE_KERNEL=1 -DPROFILER_FULL_HOST_BUFFER_SIZE_PER_RISC=48000 -DPROCESSOR_INDEX=2 -DUCK_CHLKC_UNPACK -DCOMPILE_FOR_TRISC=0 -DARCH_BLACKHOLE -DDISPATCH_MESSAGE_ADDR=4290184248 -DKERNEL_BUILD -DFULL_KERNEL_NAME="\"eltwise_typecast/6343602682246894266/\"" -DKERNEL_COMPILE_TIME_ARGS=252,1,0,2 
In file included from /home/mvasiljevic/tt-metal/tt_metal/hw/ckernels/blackhole/metal/llk_io/llk_io_unpack.h:13,
                 from /home/mvasiljevic/tt-metal/tt_metal/hw/inc/api/compute/cb_api.h:15,
                 from /home/mvasiljevic/tt-metal/tt_metal/hw/inc/api/compute/common.h:11,
                 from /home/mvasiljevic/tt-metal/ttnn/cpp/ttnn/operations/copy/typecast/device/kernels/compute/eltwise_typecast.cpp:5,
                 from ../chlkc_unpack.cpp:3,
                 from /home/mvasiljevic/tt-metal/tt_metal/hw/ckernels/blackhole/metal/common/chlkc_list.h:26,
                 from /home/mvasiljevic/tt-metal/tt_metal/hw/firmware/src/tt-1xx/trisck.cc:13:
/home/mvasiljevic/tt-metal/tt_metal/hw/ckernels/blackhole/metal/llk_io/llk_io_unpack.h: In function 'void llk_wait_tiles(int, int32_t)':
/home/mvasiljevic/tt-metal/tt_metal/tools/profiler/kernel_profiler.hpp:25:22: note: '#pragma message: CB-COMPUTE-WAIT-FRONT,/home/mvasiljevic/tt-metal/tt_metal/hw/ckernels/blackhole/metal/llk_io/llk_io_unpack.h,19,KERNEL_PROFILER'
   25 | #define DO_PRAGMA(x) _Pragma(#x)
      |                      ^~~~~~~
/home/mvasiljevic/tt-metal/tt_metal/tools/profiler/kernel_profiler.hpp:707:5: note: in expansion of macro 'DO_PRAGMA'
  707 |     DO_PRAGMA(message(PROFILER_MSG_NAME(name)));                               \
      |     ^~~~~~~~~
/home/mvasiljevic/tt-metal/tt_metal/hw/ckernels/blackhole/metal/llk_io/llk_io_unpack.h:19:5: note: in expansion of macro 'DeviceZoneScopedSumN1'
   19 |     DeviceZoneScopedSumN1("CB-COMPUTE-WAIT-FRONT");
      |     ^~~~~~~~~~~~~~~~~~~~~
/home/mvasiljevic/tt-metal/tt_metal/hw/firmware/src/tt-1xx/trisck.cc: In function 'uint32_t _start()':
/home/mvasiljevic/tt-metal/tt_metal/tools/profiler/kernel_profiler.hpp:25:22: note: '#pragma message: TRISC-KERNEL,/home/mvasiljevic/tt-metal/tt_metal/hw/firmware/src/tt-1xx/trisck.cc,86,KERNEL_PROFILER'
   25 | #define DO_PRAGMA(x) _Pragma(#x)
      |                      ^~~~~~~
/home/mvasiljevic/tt-metal/tt_metal/tools/profiler/kernel_profiler.hpp:702:5: note: in expansion of macro 'DO_PRAGMA'
  702 |     DO_PRAGMA(message(PROFILER_MSG_NAME(name)));                               \
      |     ^~~~~~~~~
/home/mvasiljevic/tt-metal/tt_metal/hw/firmware/src/tt-1xx/trisck.cc:86:5: note: in expansion of macro 'DeviceZoneScopedMainChildN'
   86 |     DeviceZoneScopedMainChildN("TRISC-KERNEL");
      |     ^~~~~~~~~~~~~~~~~~~~~~~~~~
Building trisc2, compile step:
cd /home/mvasiljevic/.cache/tt-metal-cache/12569132917722018041/kernels/eltwise_typecast/1950534369933034306/trisc2/ && /home/mvasiljevic/tt-metal/runtime/sfpi/compiler/bin/riscv-tt-elf-g++ -O3 -std=c++17 -ftt-nttp -ftt-constinit -ftt-consteval -ftt-no-dyninit -flto=auto -ffast-math -fno-exceptions -fno-rtti -fno-use-cxa-atexit -g -MMD -Wall -Werror -Wno-error=deprecated-declarations -Wno-error=multistatement-macros -Wno-error=parentheses -Wno-error=unused-but-set-variable -Wno-unused-variable -Wno-unused-function -mcpu=tt-bh-tensix -I. -I.. -I/home/mvasiljevic/tt-metal/ -I/home/mvasiljevic/tt-metal/ttnn -I/home/mvasiljevic/tt-metal/ttnn/cpp -I/home/mvasiljevic/tt-metal/tt_metal -I/home/mvasiljevic/tt-metal/tt_metal/hw/inc -I/home/mvasiljevic/tt-metal/tt_metal/tt-llk/common -I/home/mvasiljevic/tt-metal/tt_metal/hostdevcommon/api -I/home/mvasiljevic/tt-metal/tt_metal/api/ -I/home/mvasiljevic/tt-metal/runtime/sfpi/include -I/home/mvasiljevic/tt-metal/tt_metal/hw/ckernels/blackhole/metal/common -I/home/mvasiljevic/tt-metal/tt_metal/hw/ckernels/blackhole/metal/llk_io -I/home/mvasiljevic/tt-metal/tt_metal/hw/inc/internal/tt-1xx -I/home/mvasiljevic/tt-metal/tt_metal/hw/inc/internal/tt-1xx/blackhole -I/home/mvasiljevic/tt-metal/tt_metal/hw/inc/internal/tt-1xx/blackhole/blackhole_defines -I/home/mvasiljevic/tt-metal/tt_metal/hw/inc/internal/tt-1xx/blackhole/noc -I/home/mvasiljevic/tt-metal/tt_metal/tt-llk/tt_llk_blackhole/common/inc -I/home/mvasiljevic/tt-metal/tt_metal/tt-llk/tt_llk_blackhole/llk_lib -I/home/mvasiljevic/tt-metal/tt_metal/hw/ckernels/blackhole/metal/llk_api -I/home/mvasiljevic/tt-metal/tt_metal/hw/ckernels/blackhole/metal/llk_api/llk_sfpu -I/home/mvasiljevic/tt-metal/tt_metal/hw/firmware/src/tt-1xx -I/home/mvasiljevic/tt-metal/ttnn/cpp/ttnn/operations/copy/typecast/device/kernels/compute -c -o /home/mvasiljevic/.cache/tt-metal-cache/12569132917722018041/kernels/eltwise_typecast/1950534369933034306/trisc2/trisck.3749600202458196004.o /home/mvasiljevic/tt-metal/tt_metal/hw/firmware/src/tt-1xx/trisck.cc -MF /home/mvasiljevic/.cache/tt-metal-cache/12569132917722018041/kernels/eltwise_typecast/1950534369933034306/trisc2/trisck.3749600202458196004.d -DIS_NOT_POW2_NUM_L1_BANKS=1 -DLOG_BASE_2_OF_NUM_DRAM_BANKS=3 -DNUM_DRAM_BANKS=8 -DNUM_L1_BANKS=110 -DPCIE_NOC_X=19 -DPCIE_NOC_Y=24 -DTENSIX_FIRMWARE -DLOCAL_MEM_EN=0 -DPROFILE_KERNEL=1 -DPROFILER_FULL_HOST_BUFFER_SIZE_PER_RISC=48000 -DPROCESSOR_INDEX=4 -DUCK_CHLKC_PACK -DCOMPILE_FOR_TRISC=2 -DARCH_BLACKHOLE -DDISPATCH_MESSAGE_ADDR=4290184248 -DKERNEL_BUILD -DFULL_KERNEL_NAME="\"eltwise_typecast/1950534369933034306/\"" -DKERNEL_COMPILE_TIME_ARGS=251,1,0,2 
In file included from /home/mvasiljevic/tt-metal/tt_metal/hw/ckernels/blackhole/metal/llk_io/llk_io_pack.h:14,
                 from /home/mvasiljevic/tt-metal/tt_metal/hw/inc/api/compute/cb_api.h:12,
                 from /home/mvasiljevic/tt-metal/tt_metal/hw/inc/api/compute/common.h:11,
                 from /home/mvasiljevic/tt-metal/ttnn/cpp/ttnn/operations/copy/typecast/device/kernels/compute/eltwise_typecast.cpp:5,
                 from ../chlkc_pack.cpp:3,
                 from /home/mvasiljevic/tt-metal/tt_metal/hw/ckernels/blackhole/metal/common/chlkc_list.h:21,
                 from /home/mvasiljevic/tt-metal/tt_metal/hw/firmware/src/tt-1xx/trisck.cc:13:
/home/mvasiljevic/tt-metal/tt_metal/hw/ckernels/blackhole/metal/llk_io/llk_io_pack.h: In function 'void llk_wait_for_free_tiles(int32_t, int32_t)':
/home/mvasiljevic/tt-metal/tt_metal/tools/profiler/kernel_profiler.hpp:25:22: note: '#pragma message: CB-COMPUTE-RESERVE-BACK,/home/mvasiljevic/tt-metal/tt_metal/hw/ckernels/blackhole/metal/llk_io/llk_io_pack.h,21,KERNEL_PROFILER'
   25 | #define DO_PRAGMA(x) _Pragma(#x)
      |                      ^~~~~~~
/home/mvasiljevic/tt-metal/tt_metal/tools/profiler/kernel_profiler.hpp:712:5: note: in expansion of macro 'DO_PRAGMA'
  712 |     DO_PRAGMA(message(PROFILER_MSG_NAME(name)));                               \
      |     ^~~~~~~~~
/home/mvasiljevic/tt-metal/tt_metal/hw/ckernels/blackhole/metal/llk_io/llk_io_pack.h:21:5: note: in expansion of macro 'DeviceZoneScopedSumN2'
   21 |     DeviceZoneScopedSumN2("CB-COMPUTE-RESERVE-BACK");
      |     ^~~~~~~~~~~~~~~~~~~~~
/home/mvasiljevic/tt-metal/tt_metal/hw/firmware/src/tt-1xx/trisck.cc: In function 'uint32_t _start()':
/home/mvasiljevic/tt-metal/tt_metal/tools/profiler/kernel_profiler.hpp:25:22: note: '#pragma message: TRISC-KERNEL,/home/mvasiljevic/tt-metal/tt_metal/hw/firmware/src/tt-1xx/trisck.cc,86,KERNEL_PROFILER'
   25 | #define DO_PRAGMA(x) _Pragma(#x)
      |                      ^~~~~~~
/home/mvasiljevic/tt-metal/tt_metal/tools/profiler/kernel_profiler.hpp:702:5: note: in expansion of macro 'DO_PRAGMA'
  702 |     DO_PRAGMA(message(PROFILER_MSG_NAME(name)));                               \
      |     ^~~~~~~~~
/home/mvasiljevic/tt-metal/tt_metal/hw/firmware/src/tt-1xx/trisck.cc:86:5: note: in expansion of macro 'DeviceZoneScopedMainChildN'
   86 |     DeviceZoneScopedMainChildN("TRISC-KERNEL");
      |     ^~~~~~~~~~~~~~~~~~~~~~~~~~
Building trisc1, compile step:
cd /home/mvasiljevic/.cache/tt-metal-cache/12569132917722018041/kernels/eltwise_typecast/1950534369933034306/trisc1/ && /home/mvasiljevic/tt-metal/runtime/sfpi/compiler/bin/riscv-tt-elf-g++ -O3 -std=c++17 -ftt-nttp -ftt-constinit -ftt-consteval -ftt-no-dyninit -flto=auto -ffast-math -fno-exceptions -fno-rtti -fno-use-cxa-atexit -g -MMD -Wall -Werror -Wno-error=deprecated-declarations -Wno-error=multistatement-macros -Wno-error=parentheses -Wno-error=unused-but-set-variable -Wno-unused-variable -Wno-unused-function -mcpu=tt-bh-tensix -I. -I.. -I/home/mvasiljevic/tt-metal/ -I/home/mvasiljevic/tt-metal/ttnn -I/home/mvasiljevic/tt-metal/ttnn/cpp -I/home/mvasiljevic/tt-metal/tt_metal -I/home/mvasiljevic/tt-metal/tt_metal/hw/inc -I/home/mvasiljevic/tt-metal/tt_metal/tt-llk/common -I/home/mvasiljevic/tt-metal/tt_metal/hostdevcommon/api -I/home/mvasiljevic/tt-metal/tt_metal/api/ -I/home/mvasiljevic/tt-metal/runtime/sfpi/include -I/home/mvasiljevic/tt-metal/tt_metal/hw/ckernels/blackhole/metal/common -I/home/mvasiljevic/tt-metal/tt_metal/hw/ckernels/blackhole/metal/llk_io -I/home/mvasiljevic/tt-metal/tt_metal/hw/inc/internal/tt-1xx -I/home/mvasiljevic/tt-metal/tt_metal/hw/inc/internal/tt-1xx/blackhole -I/home/mvasiljevic/tt-metal/tt_metal/hw/inc/internal/tt-1xx/blackhole/blackhole_defines -I/home/mvasiljevic/tt-metal/tt_metal/hw/inc/internal/tt-1xx/blackhole/noc -I/home/mvasiljevic/tt-metal/tt_metal/tt-llk/tt_llk_blackhole/common/inc -I/home/mvasiljevic/tt-metal/tt_metal/tt-llk/tt_llk_blackhole/llk_lib -I/home/mvasiljevic/tt-metal/tt_metal/hw/ckernels/blackhole/metal/llk_api -I/home/mvasiljevic/tt-metal/tt_metal/hw/ckernels/blackhole/metal/llk_api/llk_sfpu -I/home/mvasiljevic/tt-metal/tt_metal/hw/firmware/src/tt-1xx -I/home/mvasiljevic/tt-metal/ttnn/cpp/ttnn/operations/copy/typecast/device/kernels/compute -c -o /home/mvasiljevic/.cache/tt-metal-cache/12569132917722018041/kernels/eltwise_typecast/1950534369933034306/trisc1/trisck.3749600202458196004.o /home/mvasiljevic/tt-metal/tt_metal/hw/firmware/src/tt-1xx/trisck.cc -MF /home/mvasiljevic/.cache/tt-metal-cache/12569132917722018041/kernels/eltwise_typecast/1950534369933034306/trisc1/trisck.3749600202458196004.d -DIS_NOT_POW2_NUM_L1_BANKS=1 -DLOG_BASE_2_OF_NUM_DRAM_BANKS=3 -DNUM_DRAM_BANKS=8 -DNUM_L1_BANKS=110 -DPCIE_NOC_X=19 -DPCIE_NOC_Y=24 -DTENSIX_FIRMWARE -DLOCAL_MEM_EN=0 -DPROFILE_KERNEL=1 -DPROFILER_FULL_HOST_BUFFER_SIZE_PER_RISC=48000 -DPROCESSOR_INDEX=3 -DUCK_CHLKC_MATH -DCOMPILE_FOR_TRISC=1 -DARCH_BLACKHOLE -DDISPATCH_MESSAGE_ADDR=4290184248 -DKERNEL_BUILD -DFULL_KERNEL_NAME="\"eltwise_typecast/1950534369933034306/\"" -DKERNEL_COMPILE_TIME_ARGS=251,1,0,2 
In file included from /home/mvasiljevic/tt-metal/tt_metal/hw/firmware/src/tt-1xx/trisck.cc:15:
/home/mvasiljevic/tt-metal/tt_metal/hw/firmware/src/tt-1xx/trisck.cc: In function 'uint32_t _start()':
/home/mvasiljevic/tt-metal/tt_metal/tools/profiler/kernel_profiler.hpp:25:22: note: '#pragma message: TRISC-KERNEL,/home/mvasiljevic/tt-metal/tt_metal/hw/firmware/src/tt-1xx/trisck.cc,86,KERNEL_PROFILER'
   25 | #define DO_PRAGMA(x) _Pragma(#x)
      |                      ^~~~~~~
/home/mvasiljevic/tt-metal/tt_metal/tools/profiler/kernel_profiler.hpp:702:5: note: in expansion of macro 'DO_PRAGMA'
  702 |     DO_PRAGMA(message(PROFILER_MSG_NAME(name)));                               \
      |     ^~~~~~~~~
/home/mvasiljevic/tt-metal/tt_metal/hw/firmware/src/tt-1xx/trisck.cc:86:5: note: in expansion of macro 'DeviceZoneScopedMainChildN'
   86 |     DeviceZoneScopedMainChildN("TRISC-KERNEL");
      |     ^~~~~~~~~~~~~~~~~~~~~~~~~~
Building trisc1, compile step:
cd /home/mvasiljevic/.cache/tt-metal-cache/12569132917722018041/kernels/eltwise_typecast/6343602682246894266/trisc1/ && /home/mvasiljevic/tt-metal/runtime/sfpi/compiler/bin/riscv-tt-elf-g++ -O3 -std=c++17 -ftt-nttp -ftt-constinit -ftt-consteval -ftt-no-dyninit -flto=auto -ffast-math -fno-exceptions -fno-rtti -fno-use-cxa-atexit -g -MMD -Wall -Werror -Wno-error=deprecated-declarations -Wno-error=multistatement-macros -Wno-error=parentheses -Wno-error=unused-but-set-variable -Wno-unused-variable -Wno-unused-function -mcpu=tt-bh-tensix -I. -I.. -I/home/mvasiljevic/tt-metal/ -I/home/mvasiljevic/tt-metal/ttnn -I/home/mvasiljevic/tt-metal/ttnn/cpp -I/home/mvasiljevic/tt-metal/tt_metal -I/home/mvasiljevic/tt-metal/tt_metal/hw/inc -I/home/mvasiljevic/tt-metal/tt_metal/tt-llk/common -I/home/mvasiljevic/tt-metal/tt_metal/hostdevcommon/api -I/home/mvasiljevic/tt-metal/tt_metal/api/ -I/home/mvasiljevic/tt-metal/runtime/sfpi/include -I/home/mvasiljevic/tt-metal/tt_metal/hw/ckernels/blackhole/metal/common -I/home/mvasiljevic/tt-metal/tt_metal/hw/ckernels/blackhole/metal/llk_io -I/home/mvasiljevic/tt-metal/tt_metal/hw/inc/internal/tt-1xx -I/home/mvasiljevic/tt-metal/tt_metal/hw/inc/internal/tt-1xx/blackhole -I/home/mvasiljevic/tt-metal/tt_metal/hw/inc/internal/tt-1xx/blackhole/blackhole_defines -I/home/mvasiljevic/tt-metal/tt_metal/hw/inc/internal/tt-1xx/blackhole/noc -I/home/mvasiljevic/tt-metal/tt_metal/tt-llk/tt_llk_blackhole/common/inc -I/home/mvasiljevic/tt-metal/tt_metal/tt-llk/tt_llk_blackhole/llk_lib -I/home/mvasiljevic/tt-metal/tt_metal/hw/ckernels/blackhole/metal/llk_api -I/home/mvasiljevic/tt-metal/tt_metal/hw/ckernels/blackhole/metal/llk_api/llk_sfpu -I/home/mvasiljevic/tt-metal/tt_metal/hw/firmware/src/tt-1xx -I/home/mvasiljevic/tt-metal/ttnn/cpp/ttnn/operations/copy/typecast/device/kernels/compute -c -o /home/mvasiljevic/.cache/tt-metal-cache/12569132917722018041/kernels/eltwise_typecast/6343602682246894266/trisc1/trisck.3749600202458196004.o /home/mvasiljevic/tt-metal/tt_metal/hw/firmware/src/tt-1xx/trisck.cc -MF /home/mvasiljevic/.cache/tt-metal-cache/12569132917722018041/kernels/eltwise_typecast/6343602682246894266/trisc1/trisck.3749600202458196004.d -DIS_NOT_POW2_NUM_L1_BANKS=1 -DLOG_BASE_2_OF_NUM_DRAM_BANKS=3 -DNUM_DRAM_BANKS=8 -DNUM_L1_BANKS=110 -DPCIE_NOC_X=19 -DPCIE_NOC_Y=24 -DTENSIX_FIRMWARE -DLOCAL_MEM_EN=0 -DPROFILE_KERNEL=1 -DPROFILER_FULL_HOST_BUFFER_SIZE_PER_RISC=48000 -DPROCESSOR_INDEX=3 -DUCK_CHLKC_MATH -DCOMPILE_FOR_TRISC=1 -DARCH_BLACKHOLE -DDISPATCH_MESSAGE_ADDR=4290184248 -DKERNEL_BUILD -DFULL_KERNEL_NAME="\"eltwise_typecast/6343602682246894266/\"" -DKERNEL_COMPILE_TIME_ARGS=252,1,0,2 
In file included from /home/mvasiljevic/tt-metal/tt_metal/hw/firmware/src/tt-1xx/trisck.cc:15:
/home/mvasiljevic/tt-metal/tt_metal/hw/firmware/src/tt-1xx/trisck.cc: In function 'uint32_t _start()':
/home/mvasiljevic/tt-metal/tt_metal/tools/profiler/kernel_profiler.hpp:25:22: note: '#pragma message: TRISC-KERNEL,/home/mvasiljevic/tt-metal/tt_metal/hw/firmware/src/tt-1xx/trisck.cc,86,KERNEL_PROFILER'
   25 | #define DO_PRAGMA(x) _Pragma(#x)
      |                      ^~~~~~~
/home/mvasiljevic/tt-metal/tt_metal/tools/profiler/kernel_profiler.hpp:702:5: note: in expansion of macro 'DO_PRAGMA'
  702 |     DO_PRAGMA(message(PROFILER_MSG_NAME(name)));                               \
      |     ^~~~~~~~~
/home/mvasiljevic/tt-metal/tt_metal/hw/firmware/src/tt-1xx/trisck.cc:86:5: note: in expansion of macro 'DeviceZoneScopedMainChildN'
   86 |     DeviceZoneScopedMainChildN("TRISC-KERNEL");
      |     ^~~~~~~~~~~~~~~~~~~~~~~~~~
Building trisc0, compile step:
cd /home/mvasiljevic/.cache/tt-metal-cache/12569132917722018041/kernels/eltwise_typecast/15733682700853585765/trisc0/ && /home/mvasiljevic/tt-metal/runtime/sfpi/compiler/bin/riscv-tt-elf-g++ -O3 -std=c++17 -ftt-nttp -ftt-constinit -ftt-consteval -ftt-no-dyninit -flto=auto -ffast-math -fno-exceptions -fno-rtti -fno-use-cxa-atexit -g -MMD -Wall -Werror -Wno-error=deprecated-declarations -Wno-error=multistatement-macros -Wno-error=parentheses -Wno-error=unused-but-set-variable -Wno-unused-variable -Wno-unused-function -mcpu=tt-bh-tensix -I. -I.. -I/home/mvasiljevic/tt-metal/ -I/home/mvasiljevic/tt-metal/ttnn -I/home/mvasiljevic/tt-metal/ttnn/cpp -I/home/mvasiljevic/tt-metal/tt_metal -I/home/mvasiljevic/tt-metal/tt_metal/hw/inc -I/home/mvasiljevic/tt-metal/tt_metal/tt-llk/common -I/home/mvasiljevic/tt-metal/tt_metal/hostdevcommon/api -I/home/mvasiljevic/tt-metal/tt_metal/api/ -I/home/mvasiljevic/tt-metal/runtime/sfpi/include -I/home/mvasiljevic/tt-metal/tt_metal/hw/ckernels/blackhole/metal/common -I/home/mvasiljevic/tt-metal/tt_metal/hw/ckernels/blackhole/metal/llk_io -I/home/mvasiljevic/tt-metal/tt_metal/hw/inc/internal/tt-1xx -I/home/mvasiljevic/tt-metal/tt_metal/hw/inc/internal/tt-1xx/blackhole -I/home/mvasiljevic/tt-metal/tt_metal/hw/inc/internal/tt-1xx/blackhole/blackhole_defines -I/home/mvasiljevic/tt-metal/tt_metal/hw/inc/internal/tt-1xx/blackhole/noc -I/home/mvasiljevic/tt-metal/tt_metal/tt-llk/tt_llk_blackhole/common/inc -I/home/mvasiljevic/tt-metal/tt_metal/tt-llk/tt_llk_blackhole/llk_lib -I/home/mvasiljevic/tt-metal/tt_metal/hw/ckernels/blackhole/metal/llk_api -I/home/mvasiljevic/tt-metal/tt_metal/hw/ckernels/blackhole/metal/llk_api/llk_sfpu -I/home/mvasiljevic/tt-metal/tt_metal/hw/firmware/src/tt-1xx -I/home/mvasiljevic/tt-metal/ttnn/cpp/ttnn/operations/copy/typecast/device/kernels/compute -c -o /home/mvasiljevic/.cache/tt-metal-cache/12569132917722018041/kernels/eltwise_typecast/15733682700853585765/trisc0/trisck.3749600202458196004.o /home/mvasiljevic/tt-metal/tt_metal/hw/firmware/src/tt-1xx/trisck.cc -MF /home/mvasiljevic/.cache/tt-metal-cache/12569132917722018041/kernels/eltwise_typecast/15733682700853585765/trisc0/trisck.3749600202458196004.d -DIS_NOT_POW2_NUM_L1_BANKS=1 -DLOG_BASE_2_OF_NUM_DRAM_BANKS=3 -DNUM_DRAM_BANKS=8 -DNUM_L1_BANKS=110 -DPCIE_NOC_X=19 -DPCIE_NOC_Y=24 -DTENSIX_FIRMWARE -DLOCAL_MEM_EN=0 -DPROFILE_KERNEL=1 -DPROFILER_FULL_HOST_BUFFER_SIZE_PER_RISC=48000 -DPROCESSOR_INDEX=2 -DUCK_CHLKC_UNPACK -DCOMPILE_FOR_TRISC=0 -DARCH_BLACKHOLE -DDISPATCH_MESSAGE_ADDR=4290184248 -DKERNEL_BUILD -DFULL_KERNEL_NAME="\"eltwise_typecast/15733682700853585765/\"" -DKERNEL_COMPILE_TIME_ARGS=84,1,0,2 
In file included from /home/mvasiljevic/tt-metal/tt_metal/hw/ckernels/blackhole/metal/llk_io/llk_io_unpack.h:13,
                 from /home/mvasiljevic/tt-metal/tt_metal/hw/inc/api/compute/cb_api.h:15,
                 from /home/mvasiljevic/tt-metal/tt_metal/hw/inc/api/compute/common.h:11,
                 from /home/mvasiljevic/tt-metal/ttnn/cpp/ttnn/operations/copy/typecast/device/kernels/compute/eltwise_typecast.cpp:5,
                 from ../chlkc_unpack.cpp:3,
                 from /home/mvasiljevic/tt-metal/tt_metal/hw/ckernels/blackhole/metal/common/chlkc_list.h:26,
                 from /home/mvasiljevic/tt-metal/tt_metal/hw/firmware/src/tt-1xx/trisck.cc:13:
/home/mvasiljevic/tt-metal/tt_metal/hw/ckernels/blackhole/metal/llk_io/llk_io_unpack.h: In function 'void llk_wait_tiles(int, int32_t)':
/home/mvasiljevic/tt-metal/tt_metal/tools/profiler/kernel_profiler.hpp:25:22: note: '#pragma message: CB-COMPUTE-WAIT-FRONT,/home/mvasiljevic/tt-metal/tt_metal/hw/ckernels/blackhole/metal/llk_io/llk_io_unpack.h,19,KERNEL_PROFILER'
   25 | #define DO_PRAGMA(x) _Pragma(#x)
      |                      ^~~~~~~
/home/mvasiljevic/tt-metal/tt_metal/tools/profiler/kernel_profiler.hpp:707:5: note: in expansion of macro 'DO_PRAGMA'
  707 |     DO_PRAGMA(message(PROFILER_MSG_NAME(name)));                               \
      |     ^~~~~~~~~
/home/mvasiljevic/tt-metal/tt_metal/hw/ckernels/blackhole/metal/llk_io/llk_io_unpack.h:19:5: note: in expansion of macro 'DeviceZoneScopedSumN1'
   19 |     DeviceZoneScopedSumN1("CB-COMPUTE-WAIT-FRONT");
      |     ^~~~~~~~~~~~~~~~~~~~~
/home/mvasiljevic/tt-metal/tt_metal/hw/firmware/src/tt-1xx/trisck.cc: In function 'uint32_t _start()':
/home/mvasiljevic/tt-metal/tt_metal/tools/profiler/kernel_profiler.hpp:25:22: note: '#pragma message: TRISC-KERNEL,/home/mvasiljevic/tt-metal/tt_metal/hw/firmware/src/tt-1xx/trisck.cc,86,KERNEL_PROFILER'
   25 | #define DO_PRAGMA(x) _Pragma(#x)
      |                      ^~~~~~~
/home/mvasiljevic/tt-metal/tt_metal/tools/profiler/kernel_profiler.hpp:702:5: note: in expansion of macro 'DO_PRAGMA'
  702 |     DO_PRAGMA(message(PROFILER_MSG_NAME(name)));                               \
      |     ^~~~~~~~~
/home/mvasiljevic/tt-metal/tt_metal/hw/firmware/src/tt-1xx/trisck.cc:86:5: note: in expansion of macro 'DeviceZoneScopedMainChildN'
   86 |     DeviceZoneScopedMainChildN("TRISC-KERNEL");
      |     ^~~~~~~~~~~~~~~~~~~~~~~~~~
Building trisc0, compile step:
cd /home/mvasiljevic/.cache/tt-metal-cache/12569132917722018041/kernels/eltwise_typecast/3573979815830469062/trisc0/ && /home/mvasiljevic/tt-metal/runtime/sfpi/compiler/bin/riscv-tt-elf-g++ -O3 -std=c++17 -ftt-nttp -ftt-constinit -ftt-consteval -ftt-no-dyninit -flto=auto -ffast-math -fno-exceptions -fno-rtti -fno-use-cxa-atexit -g -MMD -Wall -Werror -Wno-error=deprecated-declarations -Wno-error=multistatement-macros -Wno-error=parentheses -Wno-error=unused-but-set-variable -Wno-unused-variable -Wno-unused-function -mcpu=tt-bh-tensix -I. -I.. -I/home/mvasiljevic/tt-metal/ -I/home/mvasiljevic/tt-metal/ttnn -I/home/mvasiljevic/tt-metal/ttnn/cpp -I/home/mvasiljevic/tt-metal/tt_metal -I/home/mvasiljevic/tt-metal/tt_metal/hw/inc -I/home/mvasiljevic/tt-metal/tt_metal/tt-llk/common -I/home/mvasiljevic/tt-metal/tt_metal/hostdevcommon/api -I/home/mvasiljevic/tt-metal/tt_metal/api/ -I/home/mvasiljevic/tt-metal/runtime/sfpi/include -I/home/mvasiljevic/tt-metal/tt_metal/hw/ckernels/blackhole/metal/common -I/home/mvasiljevic/tt-metal/tt_metal/hw/ckernels/blackhole/metal/llk_io -I/home/mvasiljevic/tt-metal/tt_metal/hw/inc/internal/tt-1xx -I/home/mvasiljevic/tt-metal/tt_metal/hw/inc/internal/tt-1xx/blackhole -I/home/mvasiljevic/tt-metal/tt_metal/hw/inc/internal/tt-1xx/blackhole/blackhole_defines -I/home/mvasiljevic/tt-metal/tt_metal/hw/inc/internal/tt-1xx/blackhole/noc -I/home/mvasiljevic/tt-metal/tt_metal/tt-llk/tt_llk_blackhole/common/inc -I/home/mvasiljevic/tt-metal/tt_metal/tt-llk/tt_llk_blackhole/llk_lib -I/home/mvasiljevic/tt-metal/tt_metal/hw/ckernels/blackhole/metal/llk_api -I/home/mvasiljevic/tt-metal/tt_metal/hw/ckernels/blackhole/metal/llk_api/llk_sfpu -I/home/mvasiljevic/tt-metal/tt_metal/hw/firmware/src/tt-1xx -I/home/mvasiljevic/tt-metal/ttnn/cpp/ttnn/operations/copy/typecast/device/kernels/compute -c -o /home/mvasiljevic/.cache/tt-metal-cache/12569132917722018041/kernels/eltwise_typecast/3573979815830469062/trisc0/trisck.3749600202458196004.o /home/mvasiljevic/tt-metal/tt_metal/hw/firmware/src/tt-1xx/trisck.cc -MF /home/mvasiljevic/.cache/tt-metal-cache/12569132917722018041/kernels/eltwise_typecast/3573979815830469062/trisc0/trisck.3749600202458196004.d -DIS_NOT_POW2_NUM_L1_BANKS=1 -DLOG_BASE_2_OF_NUM_DRAM_BANKS=3 -DNUM_DRAM_BANKS=8 -DNUM_L1_BANKS=110 -DPCIE_NOC_X=19 -DPCIE_NOC_Y=24 -DTENSIX_FIRMWARE -DLOCAL_MEM_EN=0 -DPROFILE_KERNEL=1 -DPROFILER_FULL_HOST_BUFFER_SIZE_PER_RISC=48000 -DPROCESSOR_INDEX=2 -DUCK_CHLKC_UNPACK -DCOMPILE_FOR_TRISC=0 -DARCH_BLACKHOLE -DDISPATCH_MESSAGE_ADDR=4290184248 -DKERNEL_BUILD -DFULL_KERNEL_NAME="\"eltwise_typecast/3573979815830469062/\"" -DKERNEL_COMPILE_TIME_ARGS=83,1,0,2 
In file included from /home/mvasiljevic/tt-metal/tt_metal/hw/ckernels/blackhole/metal/llk_io/llk_io_unpack.h:13,
                 from /home/mvasiljevic/tt-metal/tt_metal/hw/inc/api/compute/cb_api.h:15,
                 from /home/mvasiljevic/tt-metal/tt_metal/hw/inc/api/compute/common.h:11,
                 from /home/mvasiljevic/tt-metal/ttnn/cpp/ttnn/operations/copy/typecast/device/kernels/compute/eltwise_typecast.cpp:5,
                 from ../chlkc_unpack.cpp:3,
                 from /home/mvasiljevic/tt-metal/tt_metal/hw/ckernels/blackhole/metal/common/chlkc_list.h:26,
                 from /home/mvasiljevic/tt-metal/tt_metal/hw/firmware/src/tt-1xx/trisck.cc:13:
/home/mvasiljevic/tt-metal/tt_metal/hw/ckernels/blackhole/metal/llk_io/llk_io_unpack.h: In function 'void llk_wait_tiles(int, int32_t)':
/home/mvasiljevic/tt-metal/tt_metal/tools/profiler/kernel_profiler.hpp:25:22: note: '#pragma message: CB-COMPUTE-WAIT-FRONT,/home/mvasiljevic/tt-metal/tt_metal/hw/ckernels/blackhole/metal/llk_io/llk_io_unpack.h,19,KERNEL_PROFILER'
   25 | #define DO_PRAGMA(x) _Pragma(#x)
      |                      ^~~~~~~
/home/mvasiljevic/tt-metal/tt_metal/tools/profiler/kernel_profiler.hpp:707:5: note: in expansion of macro 'DO_PRAGMA'
  707 |     DO_PRAGMA(message(PROFILER_MSG_NAME(name)));                               \
      |     ^~~~~~~~~
/home/mvasiljevic/tt-metal/tt_metal/hw/ckernels/blackhole/metal/llk_io/llk_io_unpack.h:19:5: note: in expansion of macro 'DeviceZoneScopedSumN1'
   19 |     DeviceZoneScopedSumN1("CB-COMPUTE-WAIT-FRONT");
      |     ^~~~~~~~~~~~~~~~~~~~~
/home/mvasiljevic/tt-metal/tt_metal/hw/firmware/src/tt-1xx/trisck.cc: In function 'uint32_t _start()':
/home/mvasiljevic/tt-metal/tt_metal/tools/profiler/kernel_profiler.hpp:25:22: note: '#pragma message: TRISC-KERNEL,/home/mvasiljevic/tt-metal/tt_metal/hw/firmware/src/tt-1xx/trisck.cc,86,KERNEL_PROFILER'
   25 | #define DO_PRAGMA(x) _Pragma(#x)
      |                      ^~~~~~~
/home/mvasiljevic/tt-metal/tt_metal/tools/profiler/kernel_profiler.hpp:702:5: note: in expansion of macro 'DO_PRAGMA'
  702 |     DO_PRAGMA(message(PROFILER_MSG_NAME(name)));                               \
      |     ^~~~~~~~~
/home/mvasiljevic/tt-metal/tt_metal/hw/firmware/src/tt-1xx/trisck.cc:86:5: note: in expansion of macro 'DeviceZoneScopedMainChildN'
   86 |     DeviceZoneScopedMainChildN("TRISC-KERNEL");
      |     ^~~~~~~~~~~~~~~~~~~~~~~~~~
Building trisc2, compile step:
cd /home/mvasiljevic/.cache/tt-metal-cache/12569132917722018041/kernels/eltwise_typecast/15733682700853585765/trisc2/ && /home/mvasiljevic/tt-metal/runtime/sfpi/compiler/bin/riscv-tt-elf-g++ -O3 -std=c++17 -ftt-nttp -ftt-constinit -ftt-consteval -ftt-no-dyninit -flto=auto -ffast-math -fno-exceptions -fno-rtti -fno-use-cxa-atexit -g -MMD -Wall -Werror -Wno-error=deprecated-declarations -Wno-error=multistatement-macros -Wno-error=parentheses -Wno-error=unused-but-set-variable -Wno-unused-variable -Wno-unused-function -mcpu=tt-bh-tensix -I. -I.. -I/home/mvasiljevic/tt-metal/ -I/home/mvasiljevic/tt-metal/ttnn -I/home/mvasiljevic/tt-metal/ttnn/cpp -I/home/mvasiljevic/tt-metal/tt_metal -I/home/mvasiljevic/tt-metal/tt_metal/hw/inc -I/home/mvasiljevic/tt-metal/tt_metal/tt-llk/common -I/home/mvasiljevic/tt-metal/tt_metal/hostdevcommon/api -I/home/mvasiljevic/tt-metal/tt_metal/api/ -I/home/mvasiljevic/tt-metal/runtime/sfpi/include -I/home/mvasiljevic/tt-metal/tt_metal/hw/ckernels/blackhole/metal/common -I/home/mvasiljevic/tt-metal/tt_metal/hw/ckernels/blackhole/metal/llk_io -I/home/mvasiljevic/tt-metal/tt_metal/hw/inc/internal/tt-1xx -I/home/mvasiljevic/tt-metal/tt_metal/hw/inc/internal/tt-1xx/blackhole -I/home/mvasiljevic/tt-metal/tt_metal/hw/inc/internal/tt-1xx/blackhole/blackhole_defines -I/home/mvasiljevic/tt-metal/tt_metal/hw/inc/internal/tt-1xx/blackhole/noc -I/home/mvasiljevic/tt-metal/tt_metal/tt-llk/tt_llk_blackhole/common/inc -I/home/mvasiljevic/tt-metal/tt_metal/tt-llk/tt_llk_blackhole/llk_lib -I/home/mvasiljevic/tt-metal/tt_metal/hw/ckernels/blackhole/metal/llk_api -I/home/mvasiljevic/tt-metal/tt_metal/hw/ckernels/blackhole/metal/llk_api/llk_sfpu -I/home/mvasiljevic/tt-metal/tt_metal/hw/firmware/src/tt-1xx -I/home/mvasiljevic/tt-metal/ttnn/cpp/ttnn/operations/copy/typecast/device/kernels/compute -c -o /home/mvasiljevic/.cache/tt-metal-cache/12569132917722018041/kernels/eltwise_typecast/15733682700853585765/trisc2/trisck.3749600202458196004.o /home/mvasiljevic/tt-metal/tt_metal/hw/firmware/src/tt-1xx/trisck.cc -MF /home/mvasiljevic/.cache/tt-metal-cache/12569132917722018041/kernels/eltwise_typecast/15733682700853585765/trisc2/trisck.3749600202458196004.d -DIS_NOT_POW2_NUM_L1_BANKS=1 -DLOG_BASE_2_OF_NUM_DRAM_BANKS=3 -DNUM_DRAM_BANKS=8 -DNUM_L1_BANKS=110 -DPCIE_NOC_X=19 -DPCIE_NOC_Y=24 -DTENSIX_FIRMWARE -DLOCAL_MEM_EN=0 -DPROFILE_KERNEL=1 -DPROFILER_FULL_HOST_BUFFER_SIZE_PER_RISC=48000 -DPROCESSOR_INDEX=4 -DUCK_CHLKC_PACK -DCOMPILE_FOR_TRISC=2 -DARCH_BLACKHOLE -DDISPATCH_MESSAGE_ADDR=4290184248 -DKERNEL_BUILD -DFULL_KERNEL_NAME="\"eltwise_typecast/15733682700853585765/\"" -DKERNEL_COMPILE_TIME_ARGS=84,1,0,2 
In file included from /home/mvasiljevic/tt-metal/tt_metal/hw/ckernels/blackhole/metal/llk_io/llk_io_pack.h:14,
                 from /home/mvasiljevic/tt-metal/tt_metal/hw/inc/api/compute/cb_api.h:12,
                 from /home/mvasiljevic/tt-metal/tt_metal/hw/inc/api/compute/common.h:11,
                 from /home/mvasiljevic/tt-metal/ttnn/cpp/ttnn/operations/copy/typecast/device/kernels/compute/eltwise_typecast.cpp:5,
                 from ../chlkc_pack.cpp:3,
                 from /home/mvasiljevic/tt-metal/tt_metal/hw/ckernels/blackhole/metal/common/chlkc_list.h:21,
                 from /home/mvasiljevic/tt-metal/tt_metal/hw/firmware/src/tt-1xx/trisck.cc:13:
/home/mvasiljevic/tt-metal/tt_metal/hw/ckernels/blackhole/metal/llk_io/llk_io_pack.h: In function 'void llk_wait_for_free_tiles(int32_t, int32_t)':
/home/mvasiljevic/tt-metal/tt_metal/tools/profiler/kernel_profiler.hpp:25:22: note: '#pragma message: CB-COMPUTE-RESERVE-BACK,/home/mvasiljevic/tt-metal/tt_metal/hw/ckernels/blackhole/metal/llk_io/llk_io_pack.h,21,KERNEL_PROFILER'
   25 | #define DO_PRAGMA(x) _Pragma(#x)
      |                      ^~~~~~~
/home/mvasiljevic/tt-metal/tt_metal/tools/profiler/kernel_profiler.hpp:712:5: note: in expansion of macro 'DO_PRAGMA'
  712 |     DO_PRAGMA(message(PROFILER_MSG_NAME(name)));                               \
      |     ^~~~~~~~~
/home/mvasiljevic/tt-metal/tt_metal/hw/ckernels/blackhole/metal/llk_io/llk_io_pack.h:21:5: note: in expansion of macro 'DeviceZoneScopedSumN2'
   21 |     DeviceZoneScopedSumN2("CB-COMPUTE-RESERVE-BACK");
      |     ^~~~~~~~~~~~~~~~~~~~~
/home/mvasiljevic/tt-metal/tt_metal/hw/firmware/src/tt-1xx/trisck.cc: In function 'uint32_t _start()':
/home/mvasiljevic/tt-metal/tt_metal/tools/profiler/kernel_profiler.hpp:25:22: note: '#pragma message: TRISC-KERNEL,/home/mvasiljevic/tt-metal/tt_metal/hw/firmware/src/tt-1xx/trisck.cc,86,KERNEL_PROFILER'
   25 | #define DO_PRAGMA(x) _Pragma(#x)
      |                      ^~~~~~~
/home/mvasiljevic/tt-metal/tt_metal/tools/profiler/kernel_profiler.hpp:702:5: note: in expansion of macro 'DO_PRAGMA'
  702 |     DO_PRAGMA(message(PROFILER_MSG_NAME(name)));                               \
      |     ^~~~~~~~~
/home/mvasiljevic/tt-metal/tt_metal/hw/firmware/src/tt-1xx/trisck.cc:86:5: note: in expansion of macro 'DeviceZoneScopedMainChildN'
   86 |     DeviceZoneScopedMainChildN("TRISC-KERNEL");
      |     ^~~~~~~~~~~~~~~~~~~~~~~~~~
Building trisc2, compile step:
cd /home/mvasiljevic/.cache/tt-metal-cache/12569132917722018041/kernels/eltwise_typecast/3573979815830469062/trisc2/ && /home/mvasiljevic/tt-metal/runtime/sfpi/compiler/bin/riscv-tt-elf-g++ -O3 -std=c++17 -ftt-nttp -ftt-constinit -ftt-consteval -ftt-no-dyninit -flto=auto -ffast-math -fno-exceptions -fno-rtti -fno-use-cxa-atexit -g -MMD -Wall -Werror -Wno-error=deprecated-declarations -Wno-error=multistatement-macros -Wno-error=parentheses -Wno-error=unused-but-set-variable -Wno-unused-variable -Wno-unused-function -mcpu=tt-bh-tensix -I. -I.. -I/home/mvasiljevic/tt-metal/ -I/home/mvasiljevic/tt-metal/ttnn -I/home/mvasiljevic/tt-metal/ttnn/cpp -I/home/mvasiljevic/tt-metal/tt_metal -I/home/mvasiljevic/tt-metal/tt_metal/hw/inc -I/home/mvasiljevic/tt-metal/tt_metal/tt-llk/common -I/home/mvasiljevic/tt-metal/tt_metal/hostdevcommon/api -I/home/mvasiljevic/tt-metal/tt_metal/api/ -I/home/mvasiljevic/tt-metal/runtime/sfpi/include -I/home/mvasiljevic/tt-metal/tt_metal/hw/ckernels/blackhole/metal/common -I/home/mvasiljevic/tt-metal/tt_metal/hw/ckernels/blackhole/metal/llk_io -I/home/mvasiljevic/tt-metal/tt_metal/hw/inc/internal/tt-1xx -I/home/mvasiljevic/tt-metal/tt_metal/hw/inc/internal/tt-1xx/blackhole -I/home/mvasiljevic/tt-metal/tt_metal/hw/inc/internal/tt-1xx/blackhole/blackhole_defines -I/home/mvasiljevic/tt-metal/tt_metal/hw/inc/internal/tt-1xx/blackhole/noc -I/home/mvasiljevic/tt-metal/tt_metal/tt-llk/tt_llk_blackhole/common/inc -I/home/mvasiljevic/tt-metal/tt_metal/tt-llk/tt_llk_blackhole/llk_lib -I/home/mvasiljevic/tt-metal/tt_metal/hw/ckernels/blackhole/metal/llk_api -I/home/mvasiljevic/tt-metal/tt_metal/hw/ckernels/blackhole/metal/llk_api/llk_sfpu -I/home/mvasiljevic/tt-metal/tt_metal/hw/firmware/src/tt-1xx -I/home/mvasiljevic/tt-metal/ttnn/cpp/ttnn/operations/copy/typecast/device/kernels/compute -c -o /home/mvasiljevic/.cache/tt-metal-cache/12569132917722018041/kernels/eltwise_typecast/3573979815830469062/trisc2/trisck.3749600202458196004.o /home/mvasiljevic/tt-metal/tt_metal/hw/firmware/src/tt-1xx/trisck.cc -MF /home/mvasiljevic/.cache/tt-metal-cache/12569132917722018041/kernels/eltwise_typecast/3573979815830469062/trisc2/trisck.3749600202458196004.d -DIS_NOT_POW2_NUM_L1_BANKS=1 -DLOG_BASE_2_OF_NUM_DRAM_BANKS=3 -DNUM_DRAM_BANKS=8 -DNUM_L1_BANKS=110 -DPCIE_NOC_X=19 -DPCIE_NOC_Y=24 -DTENSIX_FIRMWARE -DLOCAL_MEM_EN=0 -DPROFILE_KERNEL=1 -DPROFILER_FULL_HOST_BUFFER_SIZE_PER_RISC=48000 -DPROCESSOR_INDEX=4 -DUCK_CHLKC_PACK -DCOMPILE_FOR_TRISC=2 -DARCH_BLACKHOLE -DDISPATCH_MESSAGE_ADDR=4290184248 -DKERNEL_BUILD -DFULL_KERNEL_NAME="\"eltwise_typecast/3573979815830469062/\"" -DKERNEL_COMPILE_TIME_ARGS=83,1,0,2 
In file included from /home/mvasiljevic/tt-metal/tt_metal/hw/ckernels/blackhole/metal/llk_io/llk_io_pack.h:14,
                 from /home/mvasiljevic/tt-metal/tt_metal/hw/inc/api/compute/cb_api.h:12,
                 from /home/mvasiljevic/tt-metal/tt_metal/hw/inc/api/compute/common.h:11,
                 from /home/mvasiljevic/tt-metal/ttnn/cpp/ttnn/operations/copy/typecast/device/kernels/compute/eltwise_typecast.cpp:5,
                 from ../chlkc_pack.cpp:3,
                 from /home/mvasiljevic/tt-metal/tt_metal/hw/ckernels/blackhole/metal/common/chlkc_list.h:21,
                 from /home/mvasiljevic/tt-metal/tt_metal/hw/firmware/src/tt-1xx/trisck.cc:13:
/home/mvasiljevic/tt-metal/tt_metal/hw/ckernels/blackhole/metal/llk_io/llk_io_pack.h: In function 'void llk_wait_for_free_tiles(int32_t, int32_t)':
/home/mvasiljevic/tt-metal/tt_metal/tools/profiler/kernel_profiler.hpp:25:22: note: '#pragma message: CB-COMPUTE-RESERVE-BACK,/home/mvasiljevic/tt-metal/tt_metal/hw/ckernels/blackhole/metal/llk_io/llk_io_pack.h,21,KERNEL_PROFILER'
   25 | #define DO_PRAGMA(x) _Pragma(#x)
      |                      ^~~~~~~
/home/mvasiljevic/tt-metal/tt_metal/tools/profiler/kernel_profiler.hpp:712:5: note: in expansion of macro 'DO_PRAGMA'
  712 |     DO_PRAGMA(message(PROFILER_MSG_NAME(name)));                               \
      |     ^~~~~~~~~
/home/mvasiljevic/tt-metal/tt_metal/hw/ckernels/blackhole/metal/llk_io/llk_io_pack.h:21:5: note: in expansion of macro 'DeviceZoneScopedSumN2'
   21 |     DeviceZoneScopedSumN2("CB-COMPUTE-RESERVE-BACK");
      |     ^~~~~~~~~~~~~~~~~~~~~
/home/mvasiljevic/tt-metal/tt_metal/hw/firmware/src/tt-1xx/trisck.cc: In function 'uint32_t _start()':
/home/mvasiljevic/tt-metal/tt_metal/tools/profiler/kernel_profiler.hpp:25:22: note: '#pragma message: TRISC-KERNEL,/home/mvasiljevic/tt-metal/tt_metal/hw/firmware/src/tt-1xx/trisck.cc,86,KERNEL_PROFILER'
   25 | #define DO_PRAGMA(x) _Pragma(#x)
      |                      ^~~~~~~
/home/mvasiljevic/tt-metal/tt_metal/tools/profiler/kernel_profiler.hpp:702:5: note: in expansion of macro 'DO_PRAGMA'
  702 |     DO_PRAGMA(message(PROFILER_MSG_NAME(name)));                               \
      |     ^~~~~~~~~
/home/mvasiljevic/tt-metal/tt_metal/hw/firmware/src/tt-1xx/trisck.cc:86:5: note: in expansion of macro 'DeviceZoneScopedMainChildN'
   86 |     DeviceZoneScopedMainChildN("TRISC-KERNEL");
      |     ^~~~~~~~~~~~~~~~~~~~~~~~~~
Building trisc1, compile step:
cd /home/mvasiljevic/.cache/tt-metal-cache/12569132917722018041/kernels/eltwise_typecast/15733682700853585765/trisc1/ && /home/mvasiljevic/tt-metal/runtime/sfpi/compiler/bin/riscv-tt-elf-g++ -O3 -std=c++17 -ftt-nttp -ftt-constinit -ftt-consteval -ftt-no-dyninit -flto=auto -ffast-math -fno-exceptions -fno-rtti -fno-use-cxa-atexit -g -MMD -Wall -Werror -Wno-error=deprecated-declarations -Wno-error=multistatement-macros -Wno-error=parentheses -Wno-error=unused-but-set-variable -Wno-unused-variable -Wno-unused-function -mcpu=tt-bh-tensix -I. -I.. -I/home/mvasiljevic/tt-metal/ -I/home/mvasiljevic/tt-metal/ttnn -I/home/mvasiljevic/tt-metal/ttnn/cpp -I/home/mvasiljevic/tt-metal/tt_metal -I/home/mvasiljevic/tt-metal/tt_metal/hw/inc -I/home/mvasiljevic/tt-metal/tt_metal/tt-llk/common -I/home/mvasiljevic/tt-metal/tt_metal/hostdevcommon/api -I/home/mvasiljevic/tt-metal/tt_metal/api/ -I/home/mvasiljevic/tt-metal/runtime/sfpi/include -I/home/mvasiljevic/tt-metal/tt_metal/hw/ckernels/blackhole/metal/common -I/home/mvasiljevic/tt-metal/tt_metal/hw/ckernels/blackhole/metal/llk_io -I/home/mvasiljevic/tt-metal/tt_metal/hw/inc/internal/tt-1xx -I/home/mvasiljevic/tt-metal/tt_metal/hw/inc/internal/tt-1xx/blackhole -I/home/mvasiljevic/tt-metal/tt_metal/hw/inc/internal/tt-1xx/blackhole/blackhole_defines -I/home/mvasiljevic/tt-metal/tt_metal/hw/inc/internal/tt-1xx/blackhole/noc -I/home/mvasiljevic/tt-metal/tt_metal/tt-llk/tt_llk_blackhole/common/inc -I/home/mvasiljevic/tt-metal/tt_metal/tt-llk/tt_llk_blackhole/llk_lib -I/home/mvasiljevic/tt-metal/tt_metal/hw/ckernels/blackhole/metal/llk_api -I/home/mvasiljevic/tt-metal/tt_metal/hw/ckernels/blackhole/metal/llk_api/llk_sfpu -I/home/mvasiljevic/tt-metal/tt_metal/hw/firmware/src/tt-1xx -I/home/mvasiljevic/tt-metal/ttnn/cpp/ttnn/operations/copy/typecast/device/kernels/compute -c -o /home/mvasiljevic/.cache/tt-metal-cache/12569132917722018041/kernels/eltwise_typecast/15733682700853585765/trisc1/trisck.3749600202458196004.o /home/mvasiljevic/tt-metal/tt_metal/hw/firmware/src/tt-1xx/trisck.cc -MF /home/mvasiljevic/.cache/tt-metal-cache/12569132917722018041/kernels/eltwise_typecast/15733682700853585765/trisc1/trisck.3749600202458196004.d -DIS_NOT_POW2_NUM_L1_BANKS=1 -DLOG_BASE_2_OF_NUM_DRAM_BANKS=3 -DNUM_DRAM_BANKS=8 -DNUM_L1_BANKS=110 -DPCIE_NOC_X=19 -DPCIE_NOC_Y=24 -DTENSIX_FIRMWARE -DLOCAL_MEM_EN=0 -DPROFILE_KERNEL=1 -DPROFILER_FULL_HOST_BUFFER_SIZE_PER_RISC=48000 -DPROCESSOR_INDEX=3 -DUCK_CHLKC_MATH -DCOMPILE_FOR_TRISC=1 -DARCH_BLACKHOLE -DDISPATCH_MESSAGE_ADDR=4290184248 -DKERNEL_BUILD -DFULL_KERNEL_NAME="\"eltwise_typecast/15733682700853585765/\"" -DKERNEL_COMPILE_TIME_ARGS=84,1,0,2 
In file included from /home/mvasiljevic/tt-metal/tt_metal/hw/firmware/src/tt-1xx/trisck.cc:15:
/home/mvasiljevic/tt-metal/tt_metal/hw/firmware/src/tt-1xx/trisck.cc: In function 'uint32_t _start()':
/home/mvasiljevic/tt-metal/tt_metal/tools/profiler/kernel_profiler.hpp:25:22: note: '#pragma message: TRISC-KERNEL,/home/mvasiljevic/tt-metal/tt_metal/hw/firmware/src/tt-1xx/trisck.cc,86,KERNEL_PROFILER'
   25 | #define DO_PRAGMA(x) _Pragma(#x)
      |                      ^~~~~~~
/home/mvasiljevic/tt-metal/tt_metal/tools/profiler/kernel_profiler.hpp:702:5: note: in expansion of macro 'DO_PRAGMA'
  702 |     DO_PRAGMA(message(PROFILER_MSG_NAME(name)));                               \
      |     ^~~~~~~~~
/home/mvasiljevic/tt-metal/tt_metal/hw/firmware/src/tt-1xx/trisck.cc:86:5: note: in expansion of macro 'DeviceZoneScopedMainChildN'
   86 |     DeviceZoneScopedMainChildN("TRISC-KERNEL");
      |     ^~~~~~~~~~~~~~~~~~~~~~~~~~
Building trisc1, compile step:
cd /home/mvasiljevic/.cache/tt-metal-cache/12569132917722018041/kernels/eltwise_typecast/3573979815830469062/trisc1/ && /home/mvasiljevic/tt-metal/runtime/sfpi/compiler/bin/riscv-tt-elf-g++ -O3 -std=c++17 -ftt-nttp -ftt-constinit -ftt-consteval -ftt-no-dyninit -flto=auto -ffast-math -fno-exceptions -fno-rtti -fno-use-cxa-atexit -g -MMD -Wall -Werror -Wno-error=deprecated-declarations -Wno-error=multistatement-macros -Wno-error=parentheses -Wno-error=unused-but-set-variable -Wno-unused-variable -Wno-unused-function -mcpu=tt-bh-tensix -I. -I.. -I/home/mvasiljevic/tt-metal/ -I/home/mvasiljevic/tt-metal/ttnn -I/home/mvasiljevic/tt-metal/ttnn/cpp -I/home/mvasiljevic/tt-metal/tt_metal -I/home/mvasiljevic/tt-metal/tt_metal/hw/inc -I/home/mvasiljevic/tt-metal/tt_metal/tt-llk/common -I/home/mvasiljevic/tt-metal/tt_metal/hostdevcommon/api -I/home/mvasiljevic/tt-metal/tt_metal/api/ -I/home/mvasiljevic/tt-metal/runtime/sfpi/include -I/home/mvasiljevic/tt-metal/tt_metal/hw/ckernels/blackhole/metal/common -I/home/mvasiljevic/tt-metal/tt_metal/hw/ckernels/blackhole/metal/llk_io -I/home/mvasiljevic/tt-metal/tt_metal/hw/inc/internal/tt-1xx -I/home/mvasiljevic/tt-metal/tt_metal/hw/inc/internal/tt-1xx/blackhole -I/home/mvasiljevic/tt-metal/tt_metal/hw/inc/internal/tt-1xx/blackhole/blackhole_defines -I/home/mvasiljevic/tt-metal/tt_metal/hw/inc/internal/tt-1xx/blackhole/noc -I/home/mvasiljevic/tt-metal/tt_metal/tt-llk/tt_llk_blackhole/common/inc -I/home/mvasiljevic/tt-metal/tt_metal/tt-llk/tt_llk_blackhole/llk_lib -I/home/mvasiljevic/tt-metal/tt_metal/hw/ckernels/blackhole/metal/llk_api -I/home/mvasiljevic/tt-metal/tt_metal/hw/ckernels/blackhole/metal/llk_api/llk_sfpu -I/home/mvasiljevic/tt-metal/tt_metal/hw/firmware/src/tt-1xx -I/home/mvasiljevic/tt-metal/ttnn/cpp/ttnn/operations/copy/typecast/device/kernels/compute -c -o /home/mvasiljevic/.cache/tt-metal-cache/12569132917722018041/kernels/eltwise_typecast/3573979815830469062/trisc1/trisck.3749600202458196004.o /home/mvasiljevic/tt-metal/tt_metal/hw/firmware/src/tt-1xx/trisck.cc -MF /home/mvasiljevic/.cache/tt-metal-cache/12569132917722018041/kernels/eltwise_typecast/3573979815830469062/trisc1/trisck.3749600202458196004.d -DIS_NOT_POW2_NUM_L1_BANKS=1 -DLOG_BASE_2_OF_NUM_DRAM_BANKS=3 -DNUM_DRAM_BANKS=8 -DNUM_L1_BANKS=110 -DPCIE_NOC_X=19 -DPCIE_NOC_Y=24 -DTENSIX_FIRMWARE -DLOCAL_MEM_EN=0 -DPROFILE_KERNEL=1 -DPROFILER_FULL_HOST_BUFFER_SIZE_PER_RISC=48000 -DPROCESSOR_INDEX=3 -DUCK_CHLKC_MATH -DCOMPILE_FOR_TRISC=1 -DARCH_BLACKHOLE -DDISPATCH_MESSAGE_ADDR=4290184248 -DKERNEL_BUILD -DFULL_KERNEL_NAME="\"eltwise_typecast/3573979815830469062/\"" -DKERNEL_COMPILE_TIME_ARGS=83,1,0,2 
In file included from /home/mvasiljevic/tt-metal/tt_metal/hw/firmware/src/tt-1xx/trisck.cc:15:
/home/mvasiljevic/tt-metal/tt_metal/hw/firmware/src/tt-1xx/trisck.cc: In function 'uint32_t _start()':
/home/mvasiljevic/tt-metal/tt_metal/tools/profiler/kernel_profiler.hpp:25:22: note: '#pragma message: TRISC-KERNEL,/home/mvasiljevic/tt-metal/tt_metal/hw/firmware/src/tt-1xx/trisck.cc,86,KERNEL_PROFILER'
   25 | #define DO_PRAGMA(x) _Pragma(#x)
      |                      ^~~~~~~
/home/mvasiljevic/tt-metal/tt_metal/tools/profiler/kernel_profiler.hpp:702:5: note: in expansion of macro 'DO_PRAGMA'
  702 |     DO_PRAGMA(message(PROFILER_MSG_NAME(name)));                               \
      |     ^~~~~~~~~
/home/mvasiljevic/tt-metal/tt_metal/hw/firmware/src/tt-1xx/trisck.cc:86:5: note: in expansion of macro 'DeviceZoneScopedMainChildN'
   86 |     DeviceZoneScopedMainChildN("TRISC-KERNEL");
      |     ^~~~~~~~~~~~~~~~~~~~~~~~~~
Building trisc0, compile step:
cd /home/mvasiljevic/.cache/tt-metal-cache/12569132917722018041/kernels/eltwise_typecast/13905257781678464120/trisc0/ && /home/mvasiljevic/tt-metal/runtime/sfpi/compiler/bin/riscv-tt-elf-g++ -O3 -std=c++17 -ftt-nttp -ftt-constinit -ftt-consteval -ftt-no-dyninit -flto=auto -ffast-math -fno-exceptions -fno-rtti -fno-use-cxa-atexit -g -MMD -Wall -Werror -Wno-error=deprecated-declarations -Wno-error=multistatement-macros -Wno-error=parentheses -Wno-error=unused-but-set-variable -Wno-unused-variable -Wno-unused-function -mcpu=tt-bh-tensix -I. -I.. -I/home/mvasiljevic/tt-metal/ -I/home/mvasiljevic/tt-metal/ttnn -I/home/mvasiljevic/tt-metal/ttnn/cpp -I/home/mvasiljevic/tt-metal/tt_metal -I/home/mvasiljevic/tt-metal/tt_metal/hw/inc -I/home/mvasiljevic/tt-metal/tt_metal/tt-llk/common -I/home/mvasiljevic/tt-metal/tt_metal/hostdevcommon/api -I/home/mvasiljevic/tt-metal/tt_metal/api/ -I/home/mvasiljevic/tt-metal/runtime/sfpi/include -I/home/mvasiljevic/tt-metal/tt_metal/hw/ckernels/blackhole/metal/common -I/home/mvasiljevic/tt-metal/tt_metal/hw/ckernels/blackhole/metal/llk_io -I/home/mvasiljevic/tt-metal/tt_metal/hw/inc/internal/tt-1xx -I/home/mvasiljevic/tt-metal/tt_metal/hw/inc/internal/tt-1xx/blackhole -I/home/mvasiljevic/tt-metal/tt_metal/hw/inc/internal/tt-1xx/blackhole/blackhole_defines -I/home/mvasiljevic/tt-metal/tt_metal/hw/inc/internal/tt-1xx/blackhole/noc -I/home/mvasiljevic/tt-metal/tt_metal/tt-llk/tt_llk_blackhole/common/inc -I/home/mvasiljevic/tt-metal/tt_metal/tt-llk/tt_llk_blackhole/llk_lib -I/home/mvasiljevic/tt-metal/tt_metal/hw/ckernels/blackhole/metal/llk_api -I/home/mvasiljevic/tt-metal/tt_metal/hw/ckernels/blackhole/metal/llk_api/llk_sfpu -I/home/mvasiljevic/tt-metal/tt_metal/hw/firmware/src/tt-1xx -I/home/mvasiljevic/tt-metal/ttnn/cpp/ttnn/operations/copy/typecast/device/kernels/compute -c -o /home/mvasiljevic/.cache/tt-metal-cache/12569132917722018041/kernels/eltwise_typecast/13905257781678464120/trisc0/trisck.3749600202458196004.o /home/mvasiljevic/tt-metal/tt_metal/hw/firmware/src/tt-1xx/trisck.cc -MF /home/mvasiljevic/.cache/tt-metal-cache/12569132917722018041/kernels/eltwise_typecast/13905257781678464120/trisc0/trisck.3749600202458196004.d -DIS_NOT_POW2_NUM_L1_BANKS=1 -DLOG_BASE_2_OF_NUM_DRAM_BANKS=3 -DNUM_DRAM_BANKS=8 -DNUM_L1_BANKS=110 -DPCIE_NOC_X=19 -DPCIE_NOC_Y=24 -DTENSIX_FIRMWARE -DLOCAL_MEM_EN=0 -DPROFILE_KERNEL=1 -DPROFILER_FULL_HOST_BUFFER_SIZE_PER_RISC=48000 -DPROCESSOR_INDEX=2 -DUCK_CHLKC_UNPACK -DCOMPILE_FOR_TRISC=0 -DARCH_BLACKHOLE -DDISPATCH_MESSAGE_ADDR=4290184248 -DKERNEL_BUILD -DFULL_KERNEL_NAME="\"eltwise_typecast/13905257781678464120/\"" -DKERNEL_COMPILE_TIME_ARGS=446,1,0,2 
In file included from /home/mvasiljevic/tt-metal/tt_metal/hw/ckernels/blackhole/metal/llk_io/llk_io_unpack.h:13,
                 from /home/mvasiljevic/tt-metal/tt_metal/hw/inc/api/compute/cb_api.h:15,
                 from /home/mvasiljevic/tt-metal/tt_metal/hw/inc/api/compute/common.h:11,
                 from /home/mvasiljevic/tt-metal/ttnn/cpp/ttnn/operations/copy/typecast/device/kernels/compute/eltwise_typecast.cpp:5,
                 from ../chlkc_unpack.cpp:3,
                 from /home/mvasiljevic/tt-metal/tt_metal/hw/ckernels/blackhole/metal/common/chlkc_list.h:26,
                 from /home/mvasiljevic/tt-metal/tt_metal/hw/firmware/src/tt-1xx/trisck.cc:13:
/home/mvasiljevic/tt-metal/tt_metal/hw/ckernels/blackhole/metal/llk_io/llk_io_unpack.h: In function 'void llk_wait_tiles(int, int32_t)':
/home/mvasiljevic/tt-metal/tt_metal/tools/profiler/kernel_profiler.hpp:25:22: note: '#pragma message: CB-COMPUTE-WAIT-FRONT,/home/mvasiljevic/tt-metal/tt_metal/hw/ckernels/blackhole/metal/llk_io/llk_io_unpack.h,19,KERNEL_PROFILER'
   25 | #define DO_PRAGMA(x) _Pragma(#x)
      |                      ^~~~~~~
/home/mvasiljevic/tt-metal/tt_metal/tools/profiler/kernel_profiler.hpp:707:5: note: in expansion of macro 'DO_PRAGMA'
  707 |     DO_PRAGMA(message(PROFILER_MSG_NAME(name)));                               \
      |     ^~~~~~~~~
/home/mvasiljevic/tt-metal/tt_metal/hw/ckernels/blackhole/metal/llk_io/llk_io_unpack.h:19:5: note: in expansion of macro 'DeviceZoneScopedSumN1'
   19 |     DeviceZoneScopedSumN1("CB-COMPUTE-WAIT-FRONT");
      |     ^~~~~~~~~~~~~~~~~~~~~
/home/mvasiljevic/tt-metal/tt_metal/hw/firmware/src/tt-1xx/trisck.cc: In function 'uint32_t _start()':
/home/mvasiljevic/tt-metal/tt_metal/tools/profiler/kernel_profiler.hpp:25:22: note: '#pragma message: TRISC-KERNEL,/home/mvasiljevic/tt-metal/tt_metal/hw/firmware/src/tt-1xx/trisck.cc,86,KERNEL_PROFILER'
   25 | #define DO_PRAGMA(x) _Pragma(#x)
      |                      ^~~~~~~
/home/mvasiljevic/tt-metal/tt_metal/tools/profiler/kernel_profiler.hpp:702:5: note: in expansion of macro 'DO_PRAGMA'
  702 |     DO_PRAGMA(message(PROFILER_MSG_NAME(name)));                               \
      |     ^~~~~~~~~
/home/mvasiljevic/tt-metal/tt_metal/hw/firmware/src/tt-1xx/trisck.cc:86:5: note: in expansion of macro 'DeviceZoneScopedMainChildN'
   86 |     DeviceZoneScopedMainChildN("TRISC-KERNEL");
      |     ^~~~~~~~~~~~~~~~~~~~~~~~~~
Building trisc0, compile step:
cd /home/mvasiljevic/.cache/tt-metal-cache/12569132917722018041/kernels/eltwise_typecast/5567266593346023736/trisc0/ && /home/mvasiljevic/tt-metal/runtime/sfpi/compiler/bin/riscv-tt-elf-g++ -O3 -std=c++17 -ftt-nttp -ftt-constinit -ftt-consteval -ftt-no-dyninit -flto=auto -ffast-math -fno-exceptions -fno-rtti -fno-use-cxa-atexit -g -MMD -Wall -Werror -Wno-error=deprecated-declarations -Wno-error=multistatement-macros -Wno-error=parentheses -Wno-error=unused-but-set-variable -Wno-unused-variable -Wno-unused-function -mcpu=tt-bh-tensix -I. -I.. -I/home/mvasiljevic/tt-metal/ -I/home/mvasiljevic/tt-metal/ttnn -I/home/mvasiljevic/tt-metal/ttnn/cpp -I/home/mvasiljevic/tt-metal/tt_metal -I/home/mvasiljevic/tt-metal/tt_metal/hw/inc -I/home/mvasiljevic/tt-metal/tt_metal/tt-llk/common -I/home/mvasiljevic/tt-metal/tt_metal/hostdevcommon/api -I/home/mvasiljevic/tt-metal/tt_metal/api/ -I/home/mvasiljevic/tt-metal/runtime/sfpi/include -I/home/mvasiljevic/tt-metal/tt_metal/hw/ckernels/blackhole/metal/common -I/home/mvasiljevic/tt-metal/tt_metal/hw/ckernels/blackhole/metal/llk_io -I/home/mvasiljevic/tt-metal/tt_metal/hw/inc/internal/tt-1xx -I/home/mvasiljevic/tt-metal/tt_metal/hw/inc/internal/tt-1xx/blackhole -I/home/mvasiljevic/tt-metal/tt_metal/hw/inc/internal/tt-1xx/blackhole/blackhole_defines -I/home/mvasiljevic/tt-metal/tt_metal/hw/inc/internal/tt-1xx/blackhole/noc -I/home/mvasiljevic/tt-metal/tt_metal/tt-llk/tt_llk_blackhole/common/inc -I/home/mvasiljevic/tt-metal/tt_metal/tt-llk/tt_llk_blackhole/llk_lib -I/home/mvasiljevic/tt-metal/tt_metal/hw/ckernels/blackhole/metal/llk_api -I/home/mvasiljevic/tt-metal/tt_metal/hw/ckernels/blackhole/metal/llk_api/llk_sfpu -I/home/mvasiljevic/tt-metal/tt_metal/hw/firmware/src/tt-1xx -I/home/mvasiljevic/tt-metal/ttnn/cpp/ttnn/operations/copy/typecast/device/kernels/compute -c -o /home/mvasiljevic/.cache/tt-metal-cache/12569132917722018041/kernels/eltwise_typecast/5567266593346023736/trisc0/trisck.3749600202458196004.o /home/mvasiljevic/tt-metal/tt_metal/hw/firmware/src/tt-1xx/trisck.cc -MF /home/mvasiljevic/.cache/tt-metal-cache/12569132917722018041/kernels/eltwise_typecast/5567266593346023736/trisc0/trisck.3749600202458196004.d -DIS_NOT_POW2_NUM_L1_BANKS=1 -DLOG_BASE_2_OF_NUM_DRAM_BANKS=3 -DNUM_DRAM_BANKS=8 -DNUM_L1_BANKS=110 -DPCIE_NOC_X=19 -DPCIE_NOC_Y=24 -DTENSIX_FIRMWARE -DLOCAL_MEM_EN=0 -DPROFILE_KERNEL=1 -DPROFILER_FULL_HOST_BUFFER_SIZE_PER_RISC=48000 -DPROCESSOR_INDEX=2 -DUCK_CHLKC_UNPACK -DCOMPILE_FOR_TRISC=0 -DARCH_BLACKHOLE -DDISPATCH_MESSAGE_ADDR=4290184248 -DKERNEL_BUILD -DFULL_KERNEL_NAME="\"eltwise_typecast/5567266593346023736/\"" -DKERNEL_COMPILE_TIME_ARGS=447,1,0,2 
In file included from /home/mvasiljevic/tt-metal/tt_metal/hw/ckernels/blackhole/metal/llk_io/llk_io_unpack.h:13,
                 from /home/mvasiljevic/tt-metal/tt_metal/hw/inc/api/compute/cb_api.h:15,
                 from /home/mvasiljevic/tt-metal/tt_metal/hw/inc/api/compute/common.h:11,
                 from /home/mvasiljevic/tt-metal/ttnn/cpp/ttnn/operations/copy/typecast/device/kernels/compute/eltwise_typecast.cpp:5,
                 from ../chlkc_unpack.cpp:3,
                 from /home/mvasiljevic/tt-metal/tt_metal/hw/ckernels/blackhole/metal/common/chlkc_list.h:26,
                 from /home/mvasiljevic/tt-metal/tt_metal/hw/firmware/src/tt-1xx/trisck.cc:13:
/home/mvasiljevic/tt-metal/tt_metal/hw/ckernels/blackhole/metal/llk_io/llk_io_unpack.h: In function 'void llk_wait_tiles(int, int32_t)':
/home/mvasiljevic/tt-metal/tt_metal/tools/profiler/kernel_profiler.hpp:25:22: note: '#pragma message: CB-COMPUTE-WAIT-FRONT,/home/mvasiljevic/tt-metal/tt_metal/hw/ckernels/blackhole/metal/llk_io/llk_io_unpack.h,19,KERNEL_PROFILER'
   25 | #define DO_PRAGMA(x) _Pragma(#x)
      |                      ^~~~~~~
/home/mvasiljevic/tt-metal/tt_metal/tools/profiler/kernel_profiler.hpp:707:5: note: in expansion of macro 'DO_PRAGMA'
  707 |     DO_PRAGMA(message(PROFILER_MSG_NAME(name)));                               \
      |     ^~~~~~~~~
/home/mvasiljevic/tt-metal/tt_metal/hw/ckernels/blackhole/metal/llk_io/llk_io_unpack.h:19:5: note: in expansion of macro 'DeviceZoneScopedSumN1'
   19 |     DeviceZoneScopedSumN1("CB-COMPUTE-WAIT-FRONT");
      |     ^~~~~~~~~~~~~~~~~~~~~
/home/mvasiljevic/tt-metal/tt_metal/hw/firmware/src/tt-1xx/trisck.cc: In function 'uint32_t _start()':
/home/mvasiljevic/tt-metal/tt_metal/tools/profiler/kernel_profiler.hpp:25:22: note: '#pragma message: TRISC-KERNEL,/home/mvasiljevic/tt-metal/tt_metal/hw/firmware/src/tt-1xx/trisck.cc,86,KERNEL_PROFILER'
   25 | #define DO_PRAGMA(x) _Pragma(#x)
      |                      ^~~~~~~
/home/mvasiljevic/tt-metal/tt_metal/tools/profiler/kernel_profiler.hpp:702:5: note: in expansion of macro 'DO_PRAGMA'
  702 |     DO_PRAGMA(message(PROFILER_MSG_NAME(name)));                               \
      |     ^~~~~~~~~
/home/mvasiljevic/tt-metal/tt_metal/hw/firmware/src/tt-1xx/trisck.cc:86:5: note: in expansion of macro 'DeviceZoneScopedMainChildN'
   86 |     DeviceZoneScopedMainChildN("TRISC-KERNEL");
      |     ^~~~~~~~~~~~~~~~~~~~~~~~~~
Building trisc2, compile step:
cd /home/mvasiljevic/.cache/tt-metal-cache/12569132917722018041/kernels/eltwise_typecast/13905257781678464120/trisc2/ && /home/mvasiljevic/tt-metal/runtime/sfpi/compiler/bin/riscv-tt-elf-g++ -O3 -std=c++17 -ftt-nttp -ftt-constinit -ftt-consteval -ftt-no-dyninit -flto=auto -ffast-math -fno-exceptions -fno-rtti -fno-use-cxa-atexit -g -MMD -Wall -Werror -Wno-error=deprecated-declarations -Wno-error=multistatement-macros -Wno-error=parentheses -Wno-error=unused-but-set-variable -Wno-unused-variable -Wno-unused-function -mcpu=tt-bh-tensix -I. -I.. -I/home/mvasiljevic/tt-metal/ -I/home/mvasiljevic/tt-metal/ttnn -I/home/mvasiljevic/tt-metal/ttnn/cpp -I/home/mvasiljevic/tt-metal/tt_metal -I/home/mvasiljevic/tt-metal/tt_metal/hw/inc -I/home/mvasiljevic/tt-metal/tt_metal/tt-llk/common -I/home/mvasiljevic/tt-metal/tt_metal/hostdevcommon/api -I/home/mvasiljevic/tt-metal/tt_metal/api/ -I/home/mvasiljevic/tt-metal/runtime/sfpi/include -I/home/mvasiljevic/tt-metal/tt_metal/hw/ckernels/blackhole/metal/common -I/home/mvasiljevic/tt-metal/tt_metal/hw/ckernels/blackhole/metal/llk_io -I/home/mvasiljevic/tt-metal/tt_metal/hw/inc/internal/tt-1xx -I/home/mvasiljevic/tt-metal/tt_metal/hw/inc/internal/tt-1xx/blackhole -I/home/mvasiljevic/tt-metal/tt_metal/hw/inc/internal/tt-1xx/blackhole/blackhole_defines -I/home/mvasiljevic/tt-metal/tt_metal/hw/inc/internal/tt-1xx/blackhole/noc -I/home/mvasiljevic/tt-metal/tt_metal/tt-llk/tt_llk_blackhole/common/inc -I/home/mvasiljevic/tt-metal/tt_metal/tt-llk/tt_llk_blackhole/llk_lib -I/home/mvasiljevic/tt-metal/tt_metal/hw/ckernels/blackhole/metal/llk_api -I/home/mvasiljevic/tt-metal/tt_metal/hw/ckernels/blackhole/metal/llk_api/llk_sfpu -I/home/mvasiljevic/tt-metal/tt_metal/hw/firmware/src/tt-1xx -I/home/mvasiljevic/tt-metal/ttnn/cpp/ttnn/operations/copy/typecast/device/kernels/compute -c -o /home/mvasiljevic/.cache/tt-metal-cache/12569132917722018041/kernels/eltwise_typecast/13905257781678464120/trisc2/trisck.3749600202458196004.o /home/mvasiljevic/tt-metal/tt_metal/hw/firmware/src/tt-1xx/trisck.cc -MF /home/mvasiljevic/.cache/tt-metal-cache/12569132917722018041/kernels/eltwise_typecast/13905257781678464120/trisc2/trisck.3749600202458196004.d -DIS_NOT_POW2_NUM_L1_BANKS=1 -DLOG_BASE_2_OF_NUM_DRAM_BANKS=3 -DNUM_DRAM_BANKS=8 -DNUM_L1_BANKS=110 -DPCIE_NOC_X=19 -DPCIE_NOC_Y=24 -DTENSIX_FIRMWARE -DLOCAL_MEM_EN=0 -DPROFILE_KERNEL=1 -DPROFILER_FULL_HOST_BUFFER_SIZE_PER_RISC=48000 -DPROCESSOR_INDEX=4 -DUCK_CHLKC_PACK -DCOMPILE_FOR_TRISC=2 -DARCH_BLACKHOLE -DDISPATCH_MESSAGE_ADDR=4290184248 -DKERNEL_BUILD -DFULL_KERNEL_NAME="\"eltwise_typecast/13905257781678464120/\"" -DKERNEL_COMPILE_TIME_ARGS=446,1,0,2 
In file included from /home/mvasiljevic/tt-metal/tt_metal/hw/ckernels/blackhole/metal/llk_io/llk_io_pack.h:14,
                 from /home/mvasiljevic/tt-metal/tt_metal/hw/inc/api/compute/cb_api.h:12,
                 from /home/mvasiljevic/tt-metal/tt_metal/hw/inc/api/compute/common.h:11,
                 from /home/mvasiljevic/tt-metal/ttnn/cpp/ttnn/operations/copy/typecast/device/kernels/compute/eltwise_typecast.cpp:5,
                 from ../chlkc_pack.cpp:3,
                 from /home/mvasiljevic/tt-metal/tt_metal/hw/ckernels/blackhole/metal/common/chlkc_list.h:21,
                 from /home/mvasiljevic/tt-metal/tt_metal/hw/firmware/src/tt-1xx/trisck.cc:13:
/home/mvasiljevic/tt-metal/tt_metal/hw/ckernels/blackhole/metal/llk_io/llk_io_pack.h: In function 'void llk_wait_for_free_tiles(int32_t, int32_t)':
/home/mvasiljevic/tt-metal/tt_metal/tools/profiler/kernel_profiler.hpp:25:22: note: '#pragma message: CB-COMPUTE-RESERVE-BACK,/home/mvasiljevic/tt-metal/tt_metal/hw/ckernels/blackhole/metal/llk_io/llk_io_pack.h,21,KERNEL_PROFILER'
   25 | #define DO_PRAGMA(x) _Pragma(#x)
      |                      ^~~~~~~
/home/mvasiljevic/tt-metal/tt_metal/tools/profiler/kernel_profiler.hpp:712:5: note: in expansion of macro 'DO_PRAGMA'
  712 |     DO_PRAGMA(message(PROFILER_MSG_NAME(name)));                               \
      |     ^~~~~~~~~
/home/mvasiljevic/tt-metal/tt_metal/hw/ckernels/blackhole/metal/llk_io/llk_io_pack.h:21:5: note: in expansion of macro 'DeviceZoneScopedSumN2'
   21 |     DeviceZoneScopedSumN2("CB-COMPUTE-RESERVE-BACK");
      |     ^~~~~~~~~~~~~~~~~~~~~
/home/mvasiljevic/tt-metal/tt_metal/hw/firmware/src/tt-1xx/trisck.cc: In function 'uint32_t _start()':
/home/mvasiljevic/tt-metal/tt_metal/tools/profiler/kernel_profiler.hpp:25:22: note: '#pragma message: TRISC-KERNEL,/home/mvasiljevic/tt-metal/tt_metal/hw/firmware/src/tt-1xx/trisck.cc,86,KERNEL_PROFILER'
   25 | #define DO_PRAGMA(x) _Pragma(#x)
      |                      ^~~~~~~
/home/mvasiljevic/tt-metal/tt_metal/tools/profiler/kernel_profiler.hpp:702:5: note: in expansion of macro 'DO_PRAGMA'
  702 |     DO_PRAGMA(message(PROFILER_MSG_NAME(name)));                               \
      |     ^~~~~~~~~
/home/mvasiljevic/tt-metal/tt_metal/hw/firmware/src/tt-1xx/trisck.cc:86:5: note: in expansion of macro 'DeviceZoneScopedMainChildN'
   86 |     DeviceZoneScopedMainChildN("TRISC-KERNEL");
      |     ^~~~~~~~~~~~~~~~~~~~~~~~~~
Building trisc2, compile step:
cd /home/mvasiljevic/.cache/tt-metal-cache/12569132917722018041/kernels/eltwise_typecast/5567266593346023736/trisc2/ && /home/mvasiljevic/tt-metal/runtime/sfpi/compiler/bin/riscv-tt-elf-g++ -O3 -std=c++17 -ftt-nttp -ftt-constinit -ftt-consteval -ftt-no-dyninit -flto=auto -ffast-math -fno-exceptions -fno-rtti -fno-use-cxa-atexit -g -MMD -Wall -Werror -Wno-error=deprecated-declarations -Wno-error=multistatement-macros -Wno-error=parentheses -Wno-error=unused-but-set-variable -Wno-unused-variable -Wno-unused-function -mcpu=tt-bh-tensix -I. -I.. -I/home/mvasiljevic/tt-metal/ -I/home/mvasiljevic/tt-metal/ttnn -I/home/mvasiljevic/tt-metal/ttnn/cpp -I/home/mvasiljevic/tt-metal/tt_metal -I/home/mvasiljevic/tt-metal/tt_metal/hw/inc -I/home/mvasiljevic/tt-metal/tt_metal/tt-llk/common -I/home/mvasiljevic/tt-metal/tt_metal/hostdevcommon/api -I/home/mvasiljevic/tt-metal/tt_metal/api/ -I/home/mvasiljevic/tt-metal/runtime/sfpi/include -I/home/mvasiljevic/tt-metal/tt_metal/hw/ckernels/blackhole/metal/common -I/home/mvasiljevic/tt-metal/tt_metal/hw/ckernels/blackhole/metal/llk_io -I/home/mvasiljevic/tt-metal/tt_metal/hw/inc/internal/tt-1xx -I/home/mvasiljevic/tt-metal/tt_metal/hw/inc/internal/tt-1xx/blackhole -I/home/mvasiljevic/tt-metal/tt_metal/hw/inc/internal/tt-1xx/blackhole/blackhole_defines -I/home/mvasiljevic/tt-metal/tt_metal/hw/inc/internal/tt-1xx/blackhole/noc -I/home/mvasiljevic/tt-metal/tt_metal/tt-llk/tt_llk_blackhole/common/inc -I/home/mvasiljevic/tt-metal/tt_metal/tt-llk/tt_llk_blackhole/llk_lib -I/home/mvasiljevic/tt-metal/tt_metal/hw/ckernels/blackhole/metal/llk_api -I/home/mvasiljevic/tt-metal/tt_metal/hw/ckernels/blackhole/metal/llk_api/llk_sfpu -I/home/mvasiljevic/tt-metal/tt_metal/hw/firmware/src/tt-1xx -I/home/mvasiljevic/tt-metal/ttnn/cpp/ttnn/operations/copy/typecast/device/kernels/compute -c -o /home/mvasiljevic/.cache/tt-metal-cache/12569132917722018041/kernels/eltwise_typecast/5567266593346023736/trisc2/trisck.3749600202458196004.o /home/mvasiljevic/tt-metal/tt_metal/hw/firmware/src/tt-1xx/trisck.cc -MF /home/mvasiljevic/.cache/tt-metal-cache/12569132917722018041/kernels/eltwise_typecast/5567266593346023736/trisc2/trisck.3749600202458196004.d -DIS_NOT_POW2_NUM_L1_BANKS=1 -DLOG_BASE_2_OF_NUM_DRAM_BANKS=3 -DNUM_DRAM_BANKS=8 -DNUM_L1_BANKS=110 -DPCIE_NOC_X=19 -DPCIE_NOC_Y=24 -DTENSIX_FIRMWARE -DLOCAL_MEM_EN=0 -DPROFILE_KERNEL=1 -DPROFILER_FULL_HOST_BUFFER_SIZE_PER_RISC=48000 -DPROCESSOR_INDEX=4 -DUCK_CHLKC_PACK -DCOMPILE_FOR_TRISC=2 -DARCH_BLACKHOLE -DDISPATCH_MESSAGE_ADDR=4290184248 -DKERNEL_BUILD -DFULL_KERNEL_NAME="\"eltwise_typecast/5567266593346023736/\"" -DKERNEL_COMPILE_TIME_ARGS=447,1,0,2 
In file included from /home/mvasiljevic/tt-metal/tt_metal/hw/ckernels/blackhole/metal/llk_io/llk_io_pack.h:14,
                 from /home/mvasiljevic/tt-metal/tt_metal/hw/inc/api/compute/cb_api.h:12,
                 from /home/mvasiljevic/tt-metal/tt_metal/hw/inc/api/compute/common.h:11,
                 from /home/mvasiljevic/tt-metal/ttnn/cpp/ttnn/operations/copy/typecast/device/kernels/compute/eltwise_typecast.cpp:5,
                 from ../chlkc_pack.cpp:3,
                 from /home/mvasiljevic/tt-metal/tt_metal/hw/ckernels/blackhole/metal/common/chlkc_list.h:21,
                 from /home/mvasiljevic/tt-metal/tt_metal/hw/firmware/src/tt-1xx/trisck.cc:13:
/home/mvasiljevic/tt-metal/tt_metal/hw/ckernels/blackhole/metal/llk_io/llk_io_pack.h: In function 'void llk_wait_for_free_tiles(int32_t, int32_t)':
/home/mvasiljevic/tt-metal/tt_metal/tools/profiler/kernel_profiler.hpp:25:22: note: '#pragma message: CB-COMPUTE-RESERVE-BACK,/home/mvasiljevic/tt-metal/tt_metal/hw/ckernels/blackhole/metal/llk_io/llk_io_pack.h,21,KERNEL_PROFILER'
   25 | #define DO_PRAGMA(x) _Pragma(#x)
      |                      ^~~~~~~
/home/mvasiljevic/tt-metal/tt_metal/tools/profiler/kernel_profiler.hpp:712:5: note: in expansion of macro 'DO_PRAGMA'
  712 |     DO_PRAGMA(message(PROFILER_MSG_NAME(name)));                               \
      |     ^~~~~~~~~
/home/mvasiljevic/tt-metal/tt_metal/hw/ckernels/blackhole/metal/llk_io/llk_io_pack.h:21:5: note: in expansion of macro 'DeviceZoneScopedSumN2'
   21 |     DeviceZoneScopedSumN2("CB-COMPUTE-RESERVE-BACK");
      |     ^~~~~~~~~~~~~~~~~~~~~
/home/mvasiljevic/tt-metal/tt_metal/hw/firmware/src/tt-1xx/trisck.cc: In function 'uint32_t _start()':
/home/mvasiljevic/tt-metal/tt_metal/tools/profiler/kernel_profiler.hpp:25:22: note: '#pragma message: TRISC-KERNEL,/home/mvasiljevic/tt-metal/tt_metal/hw/firmware/src/tt-1xx/trisck.cc,86,KERNEL_PROFILER'
   25 | #define DO_PRAGMA(x) _Pragma(#x)
      |                      ^~~~~~~
/home/mvasiljevic/tt-metal/tt_metal/tools/profiler/kernel_profiler.hpp:702:5: note: in expansion of macro 'DO_PRAGMA'
  702 |     DO_PRAGMA(message(PROFILER_MSG_NAME(name)));                               \
      |     ^~~~~~~~~
/home/mvasiljevic/tt-metal/tt_metal/hw/firmware/src/tt-1xx/trisck.cc:86:5: note: in expansion of macro 'DeviceZoneScopedMainChildN'
   86 |     DeviceZoneScopedMainChildN("TRISC-KERNEL");
      |     ^~~~~~~~~~~~~~~~~~~~~~~~~~
Building trisc1, compile step:
cd /home/mvasiljevic/.cache/tt-metal-cache/12569132917722018041/kernels/eltwise_typecast/5567266593346023736/trisc1/ && /home/mvasiljevic/tt-metal/runtime/sfpi/compiler/bin/riscv-tt-elf-g++ -O3 -std=c++17 -ftt-nttp -ftt-constinit -ftt-consteval -ftt-no-dyninit -flto=auto -ffast-math -fno-exceptions -fno-rtti -fno-use-cxa-atexit -g -MMD -Wall -Werror -Wno-error=deprecated-declarations -Wno-error=multistatement-macros -Wno-error=parentheses -Wno-error=unused-but-set-variable -Wno-unused-variable -Wno-unused-function -mcpu=tt-bh-tensix -I. -I.. -I/home/mvasiljevic/tt-metal/ -I/home/mvasiljevic/tt-metal/ttnn -I/home/mvasiljevic/tt-metal/ttnn/cpp -I/home/mvasiljevic/tt-metal/tt_metal -I/home/mvasiljevic/tt-metal/tt_metal/hw/inc -I/home/mvasiljevic/tt-metal/tt_metal/tt-llk/common -I/home/mvasiljevic/tt-metal/tt_metal/hostdevcommon/api -I/home/mvasiljevic/tt-metal/tt_metal/api/ -I/home/mvasiljevic/tt-metal/runtime/sfpi/include -I/home/mvasiljevic/tt-metal/tt_metal/hw/ckernels/blackhole/metal/common -I/home/mvasiljevic/tt-metal/tt_metal/hw/ckernels/blackhole/metal/llk_io -I/home/mvasiljevic/tt-metal/tt_metal/hw/inc/internal/tt-1xx -I/home/mvasiljevic/tt-metal/tt_metal/hw/inc/internal/tt-1xx/blackhole -I/home/mvasiljevic/tt-metal/tt_metal/hw/inc/internal/tt-1xx/blackhole/blackhole_defines -I/home/mvasiljevic/tt-metal/tt_metal/hw/inc/internal/tt-1xx/blackhole/noc -I/home/mvasiljevic/tt-metal/tt_metal/tt-llk/tt_llk_blackhole/common/inc -I/home/mvasiljevic/tt-metal/tt_metal/tt-llk/tt_llk_blackhole/llk_lib -I/home/mvasiljevic/tt-metal/tt_metal/hw/ckernels/blackhole/metal/llk_api -I/home/mvasiljevic/tt-metal/tt_metal/hw/ckernels/blackhole/metal/llk_api/llk_sfpu -I/home/mvasiljevic/tt-metal/tt_metal/hw/firmware/src/tt-1xx -I/home/mvasiljevic/tt-metal/ttnn/cpp/ttnn/operations/copy/typecast/device/kernels/compute -c -o /home/mvasiljevic/.cache/tt-metal-cache/12569132917722018041/kernels/eltwise_typecast/5567266593346023736/trisc1/trisck.3749600202458196004.o /home/mvasiljevic/tt-metal/tt_metal/hw/firmware/src/tt-1xx/trisck.cc -MF /home/mvasiljevic/.cache/tt-metal-cache/12569132917722018041/kernels/eltwise_typecast/5567266593346023736/trisc1/trisck.3749600202458196004.d -DIS_NOT_POW2_NUM_L1_BANKS=1 -DLOG_BASE_2_OF_NUM_DRAM_BANKS=3 -DNUM_DRAM_BANKS=8 -DNUM_L1_BANKS=110 -DPCIE_NOC_X=19 -DPCIE_NOC_Y=24 -DTENSIX_FIRMWARE -DLOCAL_MEM_EN=0 -DPROFILE_KERNEL=1 -DPROFILER_FULL_HOST_BUFFER_SIZE_PER_RISC=48000 -DPROCESSOR_INDEX=3 -DUCK_CHLKC_MATH -DCOMPILE_FOR_TRISC=1 -DARCH_BLACKHOLE -DDISPATCH_MESSAGE_ADDR=4290184248 -DKERNEL_BUILD -DFULL_KERNEL_NAME="\"eltwise_typecast/5567266593346023736/\"" -DKERNEL_COMPILE_TIME_ARGS=447,1,0,2 
In file included from /home/mvasiljevic/tt-metal/tt_metal/hw/firmware/src/tt-1xx/trisck.cc:15:
/home/mvasiljevic/tt-metal/tt_metal/hw/firmware/src/tt-1xx/trisck.cc: In function 'uint32_t _start()':
/home/mvasiljevic/tt-metal/tt_metal/tools/profiler/kernel_profiler.hpp:25:22: note: '#pragma message: TRISC-KERNEL,/home/mvasiljevic/tt-metal/tt_metal/hw/firmware/src/tt-1xx/trisck.cc,86,KERNEL_PROFILER'
   25 | #define DO_PRAGMA(x) _Pragma(#x)
      |                      ^~~~~~~
/home/mvasiljevic/tt-metal/tt_metal/tools/profiler/kernel_profiler.hpp:702:5: note: in expansion of macro 'DO_PRAGMA'
  702 |     DO_PRAGMA(message(PROFILER_MSG_NAME(name)));                               \
      |     ^~~~~~~~~
/home/mvasiljevic/tt-metal/tt_metal/hw/firmware/src/tt-1xx/trisck.cc:86:5: note: in expansion of macro 'DeviceZoneScopedMainChildN'
   86 |     DeviceZoneScopedMainChildN("TRISC-KERNEL");
      |     ^~~~~~~~~~~~~~~~~~~~~~~~~~
Building trisc1, compile step:
cd /home/mvasiljevic/.cache/tt-metal-cache/12569132917722018041/kernels/eltwise_typecast/13905257781678464120/trisc1/ && /home/mvasiljevic/tt-metal/runtime/sfpi/compiler/bin/riscv-tt-elf-g++ -O3 -std=c++17 -ftt-nttp -ftt-constinit -ftt-consteval -ftt-no-dyninit -flto=auto -ffast-math -fno-exceptions -fno-rtti -fno-use-cxa-atexit -g -MMD -Wall -Werror -Wno-error=deprecated-declarations -Wno-error=multistatement-macros -Wno-error=parentheses -Wno-error=unused-but-set-variable -Wno-unused-variable -Wno-unused-function -mcpu=tt-bh-tensix -I. -I.. -I/home/mvasiljevic/tt-metal/ -I/home/mvasiljevic/tt-metal/ttnn -I/home/mvasiljevic/tt-metal/ttnn/cpp -I/home/mvasiljevic/tt-metal/tt_metal -I/home/mvasiljevic/tt-metal/tt_metal/hw/inc -I/home/mvasiljevic/tt-metal/tt_metal/tt-llk/common -I/home/mvasiljevic/tt-metal/tt_metal/hostdevcommon/api -I/home/mvasiljevic/tt-metal/tt_metal/api/ -I/home/mvasiljevic/tt-metal/runtime/sfpi/include -I/home/mvasiljevic/tt-metal/tt_metal/hw/ckernels/blackhole/metal/common -I/home/mvasiljevic/tt-metal/tt_metal/hw/ckernels/blackhole/metal/llk_io -I/home/mvasiljevic/tt-metal/tt_metal/hw/inc/internal/tt-1xx -I/home/mvasiljevic/tt-metal/tt_metal/hw/inc/internal/tt-1xx/blackhole -I/home/mvasiljevic/tt-metal/tt_metal/hw/inc/internal/tt-1xx/blackhole/blackhole_defines -I/home/mvasiljevic/tt-metal/tt_metal/hw/inc/internal/tt-1xx/blackhole/noc -I/home/mvasiljevic/tt-metal/tt_metal/tt-llk/tt_llk_blackhole/common/inc -I/home/mvasiljevic/tt-metal/tt_metal/tt-llk/tt_llk_blackhole/llk_lib -I/home/mvasiljevic/tt-metal/tt_metal/hw/ckernels/blackhole/metal/llk_api -I/home/mvasiljevic/tt-metal/tt_metal/hw/ckernels/blackhole/metal/llk_api/llk_sfpu -I/home/mvasiljevic/tt-metal/tt_metal/hw/firmware/src/tt-1xx -I/home/mvasiljevic/tt-metal/ttnn/cpp/ttnn/operations/copy/typecast/device/kernels/compute -c -o /home/mvasiljevic/.cache/tt-metal-cache/12569132917722018041/kernels/eltwise_typecast/13905257781678464120/trisc1/trisck.3749600202458196004.o /home/mvasiljevic/tt-metal/tt_metal/hw/firmware/src/tt-1xx/trisck.cc -MF /home/mvasiljevic/.cache/tt-metal-cache/12569132917722018041/kernels/eltwise_typecast/13905257781678464120/trisc1/trisck.3749600202458196004.d -DIS_NOT_POW2_NUM_L1_BANKS=1 -DLOG_BASE_2_OF_NUM_DRAM_BANKS=3 -DNUM_DRAM_BANKS=8 -DNUM_L1_BANKS=110 -DPCIE_NOC_X=19 -DPCIE_NOC_Y=24 -DTENSIX_FIRMWARE -DLOCAL_MEM_EN=0 -DPROFILE_KERNEL=1 -DPROFILER_FULL_HOST_BUFFER_SIZE_PER_RISC=48000 -DPROCESSOR_INDEX=3 -DUCK_CHLKC_MATH -DCOMPILE_FOR_TRISC=1 -DARCH_BLACKHOLE -DDISPATCH_MESSAGE_ADDR=4290184248 -DKERNEL_BUILD -DFULL_KERNEL_NAME="\"eltwise_typecast/13905257781678464120/\"" -DKERNEL_COMPILE_TIME_ARGS=446,1,0,2 
In file included from /home/mvasiljevic/tt-metal/tt_metal/hw/firmware/src/tt-1xx/trisck.cc:15:
/home/mvasiljevic/tt-metal/tt_metal/hw/firmware/src/tt-1xx/trisck.cc: In function 'uint32_t _start()':
/home/mvasiljevic/tt-metal/tt_metal/tools/profiler/kernel_profiler.hpp:25:22: note: '#pragma message: TRISC-KERNEL,/home/mvasiljevic/tt-metal/tt_metal/hw/firmware/src/tt-1xx/trisck.cc,86,KERNEL_PROFILER'
   25 | #define DO_PRAGMA(x) _Pragma(#x)
      |                      ^~~~~~~
/home/mvasiljevic/tt-metal/tt_metal/tools/profiler/kernel_profiler.hpp:702:5: note: in expansion of macro 'DO_PRAGMA'
  702 |     DO_PRAGMA(message(PROFILER_MSG_NAME(name)));                               \
      |     ^~~~~~~~~
/home/mvasiljevic/tt-metal/tt_metal/hw/firmware/src/tt-1xx/trisck.cc:86:5: note: in expansion of macro 'DeviceZoneScopedMainChildN'
   86 |     DeviceZoneScopedMainChildN("TRISC-KERNEL");
      |     ^~~~~~~~~~~~~~~~~~~~~~~~~~
Building trisc0, compile step:
cd /home/mvasiljevic/.cache/tt-metal-cache/12569132917722018041/kernels/eltwise_typecast/3478278839610030377/trisc0/ && /home/mvasiljevic/tt-metal/runtime/sfpi/compiler/bin/riscv-tt-elf-g++ -O3 -std=c++17 -ftt-nttp -ftt-constinit -ftt-consteval -ftt-no-dyninit -flto=auto -ffast-math -fno-exceptions -fno-rtti -fno-use-cxa-atexit -g -MMD -Wall -Werror -Wno-error=deprecated-declarations -Wno-error=multistatement-macros -Wno-error=parentheses -Wno-error=unused-but-set-variable -Wno-unused-variable -Wno-unused-function -mcpu=tt-bh-tensix -I. -I.. -I/home/mvasiljevic/tt-metal/ -I/home/mvasiljevic/tt-metal/ttnn -I/home/mvasiljevic/tt-metal/ttnn/cpp -I/home/mvasiljevic/tt-metal/tt_metal -I/home/mvasiljevic/tt-metal/tt_metal/hw/inc -I/home/mvasiljevic/tt-metal/tt_metal/tt-llk/common -I/home/mvasiljevic/tt-metal/tt_metal/hostdevcommon/api -I/home/mvasiljevic/tt-metal/tt_metal/api/ -I/home/mvasiljevic/tt-metal/runtime/sfpi/include -I/home/mvasiljevic/tt-metal/tt_metal/hw/ckernels/blackhole/metal/common -I/home/mvasiljevic/tt-metal/tt_metal/hw/ckernels/blackhole/metal/llk_io -I/home/mvasiljevic/tt-metal/tt_metal/hw/inc/internal/tt-1xx -I/home/mvasiljevic/tt-metal/tt_metal/hw/inc/internal/tt-1xx/blackhole -I/home/mvasiljevic/tt-metal/tt_metal/hw/inc/internal/tt-1xx/blackhole/blackhole_defines -I/home/mvasiljevic/tt-metal/tt_metal/hw/inc/internal/tt-1xx/blackhole/noc -I/home/mvasiljevic/tt-metal/tt_metal/tt-llk/tt_llk_blackhole/common/inc -I/home/mvasiljevic/tt-metal/tt_metal/tt-llk/tt_llk_blackhole/llk_lib -I/home/mvasiljevic/tt-metal/tt_metal/hw/ckernels/blackhole/metal/llk_api -I/home/mvasiljevic/tt-metal/tt_metal/hw/ckernels/blackhole/metal/llk_api/llk_sfpu -I/home/mvasiljevic/tt-metal/tt_metal/hw/firmware/src/tt-1xx -I/home/mvasiljevic/tt-metal/ttnn/cpp/ttnn/operations/copy/typecast/device/kernels/compute -c -o /home/mvasiljevic/.cache/tt-metal-cache/12569132917722018041/kernels/eltwise_typecast/3478278839610030377/trisc0/trisck.3749600202458196004.o /home/mvasiljevic/tt-metal/tt_metal/hw/firmware/src/tt-1xx/trisck.cc -MF /home/mvasiljevic/.cache/tt-metal-cache/12569132917722018041/kernels/eltwise_typecast/3478278839610030377/trisc0/trisck.3749600202458196004.d -DIS_NOT_POW2_NUM_L1_BANKS=1 -DLOG_BASE_2_OF_NUM_DRAM_BANKS=3 -DNUM_DRAM_BANKS=8 -DNUM_L1_BANKS=110 -DPCIE_NOC_X=19 -DPCIE_NOC_Y=24 -DTENSIX_FIRMWARE -DLOCAL_MEM_EN=0 -DPROFILE_KERNEL=1 -DPROFILER_FULL_HOST_BUFFER_SIZE_PER_RISC=48000 -DPROCESSOR_INDEX=2 -DUCK_CHLKC_UNPACK -DCOMPILE_FOR_TRISC=0 -DARCH_BLACKHOLE -DDISPATCH_MESSAGE_ADDR=4290184248 -DKERNEL_BUILD -DFULL_KERNEL_NAME="\"eltwise_typecast/3478278839610030377/\"" -DKERNEL_COMPILE_TIME_ARGS=224,1,0,2 
In file included from /home/mvasiljevic/tt-metal/tt_metal/hw/ckernels/blackhole/metal/llk_io/llk_io_unpack.h:13,
                 from /home/mvasiljevic/tt-metal/tt_metal/hw/inc/api/compute/cb_api.h:15,
                 from /home/mvasiljevic/tt-metal/tt_metal/hw/inc/api/compute/common.h:11,
                 from /home/mvasiljevic/tt-metal/ttnn/cpp/ttnn/operations/copy/typecast/device/kernels/compute/eltwise_typecast.cpp:5,
                 from ../chlkc_unpack.cpp:3,
                 from /home/mvasiljevic/tt-metal/tt_metal/hw/ckernels/blackhole/metal/common/chlkc_list.h:26,
                 from /home/mvasiljevic/tt-metal/tt_metal/hw/firmware/src/tt-1xx/trisck.cc:13:
/home/mvasiljevic/tt-metal/tt_metal/hw/ckernels/blackhole/metal/llk_io/llk_io_unpack.h: In function 'void llk_wait_tiles(int, int32_t)':
/home/mvasiljevic/tt-metal/tt_metal/tools/profiler/kernel_profiler.hpp:25:22: note: '#pragma message: CB-COMPUTE-WAIT-FRONT,/home/mvasiljevic/tt-metal/tt_metal/hw/ckernels/blackhole/metal/llk_io/llk_io_unpack.h,19,KERNEL_PROFILER'
   25 | #define DO_PRAGMA(x) _Pragma(#x)
      |                      ^~~~~~~
/home/mvasiljevic/tt-metal/tt_metal/tools/profiler/kernel_profiler.hpp:707:5: note: in expansion of macro 'DO_PRAGMA'
  707 |     DO_PRAGMA(message(PROFILER_MSG_NAME(name)));                               \
      |     ^~~~~~~~~
/home/mvasiljevic/tt-metal/tt_metal/hw/ckernels/blackhole/metal/llk_io/llk_io_unpack.h:19:5: note: in expansion of macro 'DeviceZoneScopedSumN1'
   19 |     DeviceZoneScopedSumN1("CB-COMPUTE-WAIT-FRONT");
      |     ^~~~~~~~~~~~~~~~~~~~~
/home/mvasiljevic/tt-metal/tt_metal/hw/firmware/src/tt-1xx/trisck.cc: In function 'uint32_t _start()':
/home/mvasiljevic/tt-metal/tt_metal/tools/profiler/kernel_profiler.hpp:25:22: note: '#pragma message: TRISC-KERNEL,/home/mvasiljevic/tt-metal/tt_metal/hw/firmware/src/tt-1xx/trisck.cc,86,KERNEL_PROFILER'
   25 | #define DO_PRAGMA(x) _Pragma(#x)
      |                      ^~~~~~~
/home/mvasiljevic/tt-metal/tt_metal/tools/profiler/kernel_profiler.hpp:702:5: note: in expansion of macro 'DO_PRAGMA'
  702 |     DO_PRAGMA(message(PROFILER_MSG_NAME(name)));                               \
      |     ^~~~~~~~~
/home/mvasiljevic/tt-metal/tt_metal/hw/firmware/src/tt-1xx/trisck.cc:86:5: note: in expansion of macro 'DeviceZoneScopedMainChildN'
   86 |     DeviceZoneScopedMainChildN("TRISC-KERNEL");
      |     ^~~~~~~~~~~~~~~~~~~~~~~~~~
Building trisc2, compile step:
cd /home/mvasiljevic/.cache/tt-metal-cache/12569132917722018041/kernels/eltwise_typecast/8306075832404772652/trisc2/ && /home/mvasiljevic/tt-metal/runtime/sfpi/compiler/bin/riscv-tt-elf-g++ -O3 -std=c++17 -ftt-nttp -ftt-constinit -ftt-consteval -ftt-no-dyninit -flto=auto -ffast-math -fno-exceptions -fno-rtti -fno-use-cxa-atexit -g -MMD -Wall -Werror -Wno-error=deprecated-declarations -Wno-error=multistatement-macros -Wno-error=parentheses -Wno-error=unused-but-set-variable -Wno-unused-variable -Wno-unused-function -mcpu=tt-bh-tensix -I. -I.. -I/home/mvasiljevic/tt-metal/ -I/home/mvasiljevic/tt-metal/ttnn -I/home/mvasiljevic/tt-metal/ttnn/cpp -I/home/mvasiljevic/tt-metal/tt_metal -I/home/mvasiljevic/tt-metal/tt_metal/hw/inc -I/home/mvasiljevic/tt-metal/tt_metal/tt-llk/common -I/home/mvasiljevic/tt-metal/tt_metal/hostdevcommon/api -I/home/mvasiljevic/tt-metal/tt_metal/api/ -I/home/mvasiljevic/tt-metal/runtime/sfpi/include -I/home/mvasiljevic/tt-metal/tt_metal/hw/ckernels/blackhole/metal/common -I/home/mvasiljevic/tt-metal/tt_metal/hw/ckernels/blackhole/metal/llk_io -I/home/mvasiljevic/tt-metal/tt_metal/hw/inc/internal/tt-1xx -I/home/mvasiljevic/tt-metal/tt_metal/hw/inc/internal/tt-1xx/blackhole -I/home/mvasiljevic/tt-metal/tt_metal/hw/inc/internal/tt-1xx/blackhole/blackhole_defines -I/home/mvasiljevic/tt-metal/tt_metal/hw/inc/internal/tt-1xx/blackhole/noc -I/home/mvasiljevic/tt-metal/tt_metal/tt-llk/tt_llk_blackhole/common/inc -I/home/mvasiljevic/tt-metal/tt_metal/tt-llk/tt_llk_blackhole/llk_lib -I/home/mvasiljevic/tt-metal/tt_metal/hw/ckernels/blackhole/metal/llk_api -I/home/mvasiljevic/tt-metal/tt_metal/hw/ckernels/blackhole/metal/llk_api/llk_sfpu -I/home/mvasiljevic/tt-metal/tt_metal/hw/firmware/src/tt-1xx -I/home/mvasiljevic/tt-metal/ttnn/cpp/ttnn/operations/copy/typecast/device/kernels/compute -c -o /home/mvasiljevic/.cache/tt-metal-cache/12569132917722018041/kernels/eltwise_typecast/8306075832404772652/trisc2/trisck.3749600202458196004.o /home/mvasiljevic/tt-metal/tt_metal/hw/firmware/src/tt-1xx/trisck.cc -MF /home/mvasiljevic/.cache/tt-metal-cache/12569132917722018041/kernels/eltwise_typecast/8306075832404772652/trisc2/trisck.3749600202458196004.d -DIS_NOT_POW2_NUM_L1_BANKS=1 -DLOG_BASE_2_OF_NUM_DRAM_BANKS=3 -DNUM_DRAM_BANKS=8 -DNUM_L1_BANKS=110 -DPCIE_NOC_X=19 -DPCIE_NOC_Y=24 -DTENSIX_FIRMWARE -DLOCAL_MEM_EN=0 -DPROFILE_KERNEL=1 -DPROFILER_FULL_HOST_BUFFER_SIZE_PER_RISC=48000 -DPROCESSOR_INDEX=4 -DUCK_CHLKC_PACK -DCOMPILE_FOR_TRISC=2 -DARCH_BLACKHOLE -DDISPATCH_MESSAGE_ADDR=4290184248 -DKERNEL_BUILD -DFULL_KERNEL_NAME="\"eltwise_typecast/8306075832404772652/\"" -DKERNEL_COMPILE_TIME_ARGS=223,1,0,2 
In file included from /home/mvasiljevic/tt-metal/tt_metal/hw/ckernels/blackhole/metal/llk_io/llk_io_pack.h:14,
                 from /home/mvasiljevic/tt-metal/tt_metal/hw/inc/api/compute/cb_api.h:12,
                 from /home/mvasiljevic/tt-metal/tt_metal/hw/inc/api/compute/common.h:11,
                 from /home/mvasiljevic/tt-metal/ttnn/cpp/ttnn/operations/copy/typecast/device/kernels/compute/eltwise_typecast.cpp:5,
                 from ../chlkc_pack.cpp:3,
                 from /home/mvasiljevic/tt-metal/tt_metal/hw/ckernels/blackhole/metal/common/chlkc_list.h:21,
                 from /home/mvasiljevic/tt-metal/tt_metal/hw/firmware/src/tt-1xx/trisck.cc:13:
/home/mvasiljevic/tt-metal/tt_metal/hw/ckernels/blackhole/metal/llk_io/llk_io_pack.h: In function 'void llk_wait_for_free_tiles(int32_t, int32_t)':
/home/mvasiljevic/tt-metal/tt_metal/tools/profiler/kernel_profiler.hpp:25:22: note: '#pragma message: CB-COMPUTE-RESERVE-BACK,/home/mvasiljevic/tt-metal/tt_metal/hw/ckernels/blackhole/metal/llk_io/llk_io_pack.h,21,KERNEL_PROFILER'
   25 | #define DO_PRAGMA(x) _Pragma(#x)
      |                      ^~~~~~~
/home/mvasiljevic/tt-metal/tt_metal/tools/profiler/kernel_profiler.hpp:712:5: note: in expansion of macro 'DO_PRAGMA'
  712 |     DO_PRAGMA(message(PROFILER_MSG_NAME(name)));                               \
      |     ^~~~~~~~~
/home/mvasiljevic/tt-metal/tt_metal/hw/ckernels/blackhole/metal/llk_io/llk_io_pack.h:21:5: note: in expansion of macro 'DeviceZoneScopedSumN2'
   21 |     DeviceZoneScopedSumN2("CB-COMPUTE-RESERVE-BACK");
      |     ^~~~~~~~~~~~~~~~~~~~~
/home/mvasiljevic/tt-metal/tt_metal/hw/firmware/src/tt-1xx/trisck.cc: In function 'uint32_t _start()':
/home/mvasiljevic/tt-metal/tt_metal/tools/profiler/kernel_profiler.hpp:25:22: note: '#pragma message: TRISC-KERNEL,/home/mvasiljevic/tt-metal/tt_metal/hw/firmware/src/tt-1xx/trisck.cc,86,KERNEL_PROFILER'
   25 | #define DO_PRAGMA(x) _Pragma(#x)
      |                      ^~~~~~~
/home/mvasiljevic/tt-metal/tt_metal/tools/profiler/kernel_profiler.hpp:702:5: note: in expansion of macro 'DO_PRAGMA'
  702 |     DO_PRAGMA(message(PROFILER_MSG_NAME(name)));                               \
      |     ^~~~~~~~~
/home/mvasiljevic/tt-metal/tt_metal/hw/firmware/src/tt-1xx/trisck.cc:86:5: note: in expansion of macro 'DeviceZoneScopedMainChildN'
   86 |     DeviceZoneScopedMainChildN("TRISC-KERNEL");
      |     ^~~~~~~~~~~~~~~~~~~~~~~~~~
Building trisc0, compile step:
cd /home/mvasiljevic/.cache/tt-metal-cache/12569132917722018041/kernels/eltwise_typecast/8306075832404772652/trisc0/ && /home/mvasiljevic/tt-metal/runtime/sfpi/compiler/bin/riscv-tt-elf-g++ -O3 -std=c++17 -ftt-nttp -ftt-constinit -ftt-consteval -ftt-no-dyninit -flto=auto -ffast-math -fno-exceptions -fno-rtti -fno-use-cxa-atexit -g -MMD -Wall -Werror -Wno-error=deprecated-declarations -Wno-error=multistatement-macros -Wno-error=parentheses -Wno-error=unused-but-set-variable -Wno-unused-variable -Wno-unused-function -mcpu=tt-bh-tensix -I. -I.. -I/home/mvasiljevic/tt-metal/ -I/home/mvasiljevic/tt-metal/ttnn -I/home/mvasiljevic/tt-metal/ttnn/cpp -I/home/mvasiljevic/tt-metal/tt_metal -I/home/mvasiljevic/tt-metal/tt_metal/hw/inc -I/home/mvasiljevic/tt-metal/tt_metal/tt-llk/common -I/home/mvasiljevic/tt-metal/tt_metal/hostdevcommon/api -I/home/mvasiljevic/tt-metal/tt_metal/api/ -I/home/mvasiljevic/tt-metal/runtime/sfpi/include -I/home/mvasiljevic/tt-metal/tt_metal/hw/ckernels/blackhole/metal/common -I/home/mvasiljevic/tt-metal/tt_metal/hw/ckernels/blackhole/metal/llk_io -I/home/mvasiljevic/tt-metal/tt_metal/hw/inc/internal/tt-1xx -I/home/mvasiljevic/tt-metal/tt_metal/hw/inc/internal/tt-1xx/blackhole -I/home/mvasiljevic/tt-metal/tt_metal/hw/inc/internal/tt-1xx/blackhole/blackhole_defines -I/home/mvasiljevic/tt-metal/tt_metal/hw/inc/internal/tt-1xx/blackhole/noc -I/home/mvasiljevic/tt-metal/tt_metal/tt-llk/tt_llk_blackhole/common/inc -I/home/mvasiljevic/tt-metal/tt_metal/tt-llk/tt_llk_blackhole/llk_lib -I/home/mvasiljevic/tt-metal/tt_metal/hw/ckernels/blackhole/metal/llk_api -I/home/mvasiljevic/tt-metal/tt_metal/hw/ckernels/blackhole/metal/llk_api/llk_sfpu -I/home/mvasiljevic/tt-metal/tt_metal/hw/firmware/src/tt-1xx -I/home/mvasiljevic/tt-metal/ttnn/cpp/ttnn/operations/copy/typecast/device/kernels/compute -c -o /home/mvasiljevic/.cache/tt-metal-cache/12569132917722018041/kernels/eltwise_typecast/8306075832404772652/trisc0/trisck.3749600202458196004.o /home/mvasiljevic/tt-metal/tt_metal/hw/firmware/src/tt-1xx/trisck.cc -MF /home/mvasiljevic/.cache/tt-metal-cache/12569132917722018041/kernels/eltwise_typecast/8306075832404772652/trisc0/trisck.3749600202458196004.d -DIS_NOT_POW2_NUM_L1_BANKS=1 -DLOG_BASE_2_OF_NUM_DRAM_BANKS=3 -DNUM_DRAM_BANKS=8 -DNUM_L1_BANKS=110 -DPCIE_NOC_X=19 -DPCIE_NOC_Y=24 -DTENSIX_FIRMWARE -DLOCAL_MEM_EN=0 -DPROFILE_KERNEL=1 -DPROFILER_FULL_HOST_BUFFER_SIZE_PER_RISC=48000 -DPROCESSOR_INDEX=2 -DUCK_CHLKC_UNPACK -DCOMPILE_FOR_TRISC=0 -DARCH_BLACKHOLE -DDISPATCH_MESSAGE_ADDR=4290184248 -DKERNEL_BUILD -DFULL_KERNEL_NAME="\"eltwise_typecast/8306075832404772652/\"" -DKERNEL_COMPILE_TIME_ARGS=223,1,0,2 
In file included from /home/mvasiljevic/tt-metal/tt_metal/hw/ckernels/blackhole/metal/llk_io/llk_io_unpack.h:13,
                 from /home/mvasiljevic/tt-metal/tt_metal/hw/inc/api/compute/cb_api.h:15,
                 from /home/mvasiljevic/tt-metal/tt_metal/hw/inc/api/compute/common.h:11,
                 from /home/mvasiljevic/tt-metal/ttnn/cpp/ttnn/operations/copy/typecast/device/kernels/compute/eltwise_typecast.cpp:5,
                 from ../chlkc_unpack.cpp:3,
                 from /home/mvasiljevic/tt-metal/tt_metal/hw/ckernels/blackhole/metal/common/chlkc_list.h:26,
                 from /home/mvasiljevic/tt-metal/tt_metal/hw/firmware/src/tt-1xx/trisck.cc:13:
/home/mvasiljevic/tt-metal/tt_metal/hw/ckernels/blackhole/metal/llk_io/llk_io_unpack.h: In function 'void llk_wait_tiles(int, int32_t)':
/home/mvasiljevic/tt-metal/tt_metal/tools/profiler/kernel_profiler.hpp:25:22: note: '#pragma message: CB-COMPUTE-WAIT-FRONT,/home/mvasiljevic/tt-metal/tt_metal/hw/ckernels/blackhole/metal/llk_io/llk_io_unpack.h,19,KERNEL_PROFILER'
   25 | #define DO_PRAGMA(x) _Pragma(#x)
      |                      ^~~~~~~
/home/mvasiljevic/tt-metal/tt_metal/tools/profiler/kernel_profiler.hpp:707:5: note: in expansion of macro 'DO_PRAGMA'
  707 |     DO_PRAGMA(message(PROFILER_MSG_NAME(name)));                               \
      |     ^~~~~~~~~
/home/mvasiljevic/tt-metal/tt_metal/hw/ckernels/blackhole/metal/llk_io/llk_io_unpack.h:19:5: note: in expansion of macro 'DeviceZoneScopedSumN1'
   19 |     DeviceZoneScopedSumN1("CB-COMPUTE-WAIT-FRONT");
      |     ^~~~~~~~~~~~~~~~~~~~~
/home/mvasiljevic/tt-metal/tt_metal/hw/firmware/src/tt-1xx/trisck.cc: In function 'uint32_t _start()':
/home/mvasiljevic/tt-metal/tt_metal/tools/profiler/kernel_profiler.hpp:25:22: note: '#pragma message: TRISC-KERNEL,/home/mvasiljevic/tt-metal/tt_metal/hw/firmware/src/tt-1xx/trisck.cc,86,KERNEL_PROFILER'
   25 | #define DO_PRAGMA(x) _Pragma(#x)
      |                      ^~~~~~~
/home/mvasiljevic/tt-metal/tt_metal/tools/profiler/kernel_profiler.hpp:702:5: note: in expansion of macro 'DO_PRAGMA'
  702 |     DO_PRAGMA(message(PROFILER_MSG_NAME(name)));                               \
      |     ^~~~~~~~~
/home/mvasiljevic/tt-metal/tt_metal/hw/firmware/src/tt-1xx/trisck.cc:86:5: note: in expansion of macro 'DeviceZoneScopedMainChildN'
   86 |     DeviceZoneScopedMainChildN("TRISC-KERNEL");
      |     ^~~~~~~~~~~~~~~~~~~~~~~~~~
Building trisc2, compile step:
cd /home/mvasiljevic/.cache/tt-metal-cache/12569132917722018041/kernels/eltwise_typecast/3478278839610030377/trisc2/ && /home/mvasiljevic/tt-metal/runtime/sfpi/compiler/bin/riscv-tt-elf-g++ -O3 -std=c++17 -ftt-nttp -ftt-constinit -ftt-consteval -ftt-no-dyninit -flto=auto -ffast-math -fno-exceptions -fno-rtti -fno-use-cxa-atexit -g -MMD -Wall -Werror -Wno-error=deprecated-declarations -Wno-error=multistatement-macros -Wno-error=parentheses -Wno-error=unused-but-set-variable -Wno-unused-variable -Wno-unused-function -mcpu=tt-bh-tensix -I. -I.. -I/home/mvasiljevic/tt-metal/ -I/home/mvasiljevic/tt-metal/ttnn -I/home/mvasiljevic/tt-metal/ttnn/cpp -I/home/mvasiljevic/tt-metal/tt_metal -I/home/mvasiljevic/tt-metal/tt_metal/hw/inc -I/home/mvasiljevic/tt-metal/tt_metal/tt-llk/common -I/home/mvasiljevic/tt-metal/tt_metal/hostdevcommon/api -I/home/mvasiljevic/tt-metal/tt_metal/api/ -I/home/mvasiljevic/tt-metal/runtime/sfpi/include -I/home/mvasiljevic/tt-metal/tt_metal/hw/ckernels/blackhole/metal/common -I/home/mvasiljevic/tt-metal/tt_metal/hw/ckernels/blackhole/metal/llk_io -I/home/mvasiljevic/tt-metal/tt_metal/hw/inc/internal/tt-1xx -I/home/mvasiljevic/tt-metal/tt_metal/hw/inc/internal/tt-1xx/blackhole -I/home/mvasiljevic/tt-metal/tt_metal/hw/inc/internal/tt-1xx/blackhole/blackhole_defines -I/home/mvasiljevic/tt-metal/tt_metal/hw/inc/internal/tt-1xx/blackhole/noc -I/home/mvasiljevic/tt-metal/tt_metal/tt-llk/tt_llk_blackhole/common/inc -I/home/mvasiljevic/tt-metal/tt_metal/tt-llk/tt_llk_blackhole/llk_lib -I/home/mvasiljevic/tt-metal/tt_metal/hw/ckernels/blackhole/metal/llk_api -I/home/mvasiljevic/tt-metal/tt_metal/hw/ckernels/blackhole/metal/llk_api/llk_sfpu -I/home/mvasiljevic/tt-metal/tt_metal/hw/firmware/src/tt-1xx -I/home/mvasiljevic/tt-metal/ttnn/cpp/ttnn/operations/copy/typecast/device/kernels/compute -c -o /home/mvasiljevic/.cache/tt-metal-cache/12569132917722018041/kernels/eltwise_typecast/3478278839610030377/trisc2/trisck.3749600202458196004.o /home/mvasiljevic/tt-metal/tt_metal/hw/firmware/src/tt-1xx/trisck.cc -MF /home/mvasiljevic/.cache/tt-metal-cache/12569132917722018041/kernels/eltwise_typecast/3478278839610030377/trisc2/trisck.3749600202458196004.d -DIS_NOT_POW2_NUM_L1_BANKS=1 -DLOG_BASE_2_OF_NUM_DRAM_BANKS=3 -DNUM_DRAM_BANKS=8 -DNUM_L1_BANKS=110 -DPCIE_NOC_X=19 -DPCIE_NOC_Y=24 -DTENSIX_FIRMWARE -DLOCAL_MEM_EN=0 -DPROFILE_KERNEL=1 -DPROFILER_FULL_HOST_BUFFER_SIZE_PER_RISC=48000 -DPROCESSOR_INDEX=4 -DUCK_CHLKC_PACK -DCOMPILE_FOR_TRISC=2 -DARCH_BLACKHOLE -DDISPATCH_MESSAGE_ADDR=4290184248 -DKERNEL_BUILD -DFULL_KERNEL_NAME="\"eltwise_typecast/3478278839610030377/\"" -DKERNEL_COMPILE_TIME_ARGS=224,1,0,2 
In file included from /home/mvasiljevic/tt-metal/tt_metal/hw/ckernels/blackhole/metal/llk_io/llk_io_pack.h:14,
                 from /home/mvasiljevic/tt-metal/tt_metal/hw/inc/api/compute/cb_api.h:12,
                 from /home/mvasiljevic/tt-metal/tt_metal/hw/inc/api/compute/common.h:11,
                 from /home/mvasiljevic/tt-metal/ttnn/cpp/ttnn/operations/copy/typecast/device/kernels/compute/eltwise_typecast.cpp:5,
                 from ../chlkc_pack.cpp:3,
                 from /home/mvasiljevic/tt-metal/tt_metal/hw/ckernels/blackhole/metal/common/chlkc_list.h:21,
                 from /home/mvasiljevic/tt-metal/tt_metal/hw/firmware/src/tt-1xx/trisck.cc:13:
/home/mvasiljevic/tt-metal/tt_metal/hw/ckernels/blackhole/metal/llk_io/llk_io_pack.h: In function 'void llk_wait_for_free_tiles(int32_t, int32_t)':
/home/mvasiljevic/tt-metal/tt_metal/tools/profiler/kernel_profiler.hpp:25:22: note: '#pragma message: CB-COMPUTE-RESERVE-BACK,/home/mvasiljevic/tt-metal/tt_metal/hw/ckernels/blackhole/metal/llk_io/llk_io_pack.h,21,KERNEL_PROFILER'
   25 | #define DO_PRAGMA(x) _Pragma(#x)
      |                      ^~~~~~~
/home/mvasiljevic/tt-metal/tt_metal/tools/profiler/kernel_profiler.hpp:712:5: note: in expansion of macro 'DO_PRAGMA'
  712 |     DO_PRAGMA(message(PROFILER_MSG_NAME(name)));                               \
      |     ^~~~~~~~~
/home/mvasiljevic/tt-metal/tt_metal/hw/ckernels/blackhole/metal/llk_io/llk_io_pack.h:21:5: note: in expansion of macro 'DeviceZoneScopedSumN2'
   21 |     DeviceZoneScopedSumN2("CB-COMPUTE-RESERVE-BACK");
      |     ^~~~~~~~~~~~~~~~~~~~~
/home/mvasiljevic/tt-metal/tt_metal/hw/firmware/src/tt-1xx/trisck.cc: In function 'uint32_t _start()':
/home/mvasiljevic/tt-metal/tt_metal/tools/profiler/kernel_profiler.hpp:25:22: note: '#pragma message: TRISC-KERNEL,/home/mvasiljevic/tt-metal/tt_metal/hw/firmware/src/tt-1xx/trisck.cc,86,KERNEL_PROFILER'
   25 | #define DO_PRAGMA(x) _Pragma(#x)
      |                      ^~~~~~~
/home/mvasiljevic/tt-metal/tt_metal/tools/profiler/kernel_profiler.hpp:702:5: note: in expansion of macro 'DO_PRAGMA'
  702 |     DO_PRAGMA(message(PROFILER_MSG_NAME(name)));                               \
      |     ^~~~~~~~~
/home/mvasiljevic/tt-metal/tt_metal/hw/firmware/src/tt-1xx/trisck.cc:86:5: note: in expansion of macro 'DeviceZoneScopedMainChildN'
   86 |     DeviceZoneScopedMainChildN("TRISC-KERNEL");
      |     ^~~~~~~~~~~~~~~~~~~~~~~~~~
Building trisc1, compile step:
cd /home/mvasiljevic/.cache/tt-metal-cache/12569132917722018041/kernels/eltwise_typecast/3478278839610030377/trisc1/ && /home/mvasiljevic/tt-metal/runtime/sfpi/compiler/bin/riscv-tt-elf-g++ -O3 -std=c++17 -ftt-nttp -ftt-constinit -ftt-consteval -ftt-no-dyninit -flto=auto -ffast-math -fno-exceptions -fno-rtti -fno-use-cxa-atexit -g -MMD -Wall -Werror -Wno-error=deprecated-declarations -Wno-error=multistatement-macros -Wno-error=parentheses -Wno-error=unused-but-set-variable -Wno-unused-variable -Wno-unused-function -mcpu=tt-bh-tensix -I. -I.. -I/home/mvasiljevic/tt-metal/ -I/home/mvasiljevic/tt-metal/ttnn -I/home/mvasiljevic/tt-metal/ttnn/cpp -I/home/mvasiljevic/tt-metal/tt_metal -I/home/mvasiljevic/tt-metal/tt_metal/hw/inc -I/home/mvasiljevic/tt-metal/tt_metal/tt-llk/common -I/home/mvasiljevic/tt-metal/tt_metal/hostdevcommon/api -I/home/mvasiljevic/tt-metal/tt_metal/api/ -I/home/mvasiljevic/tt-metal/runtime/sfpi/include -I/home/mvasiljevic/tt-metal/tt_metal/hw/ckernels/blackhole/metal/common -I/home/mvasiljevic/tt-metal/tt_metal/hw/ckernels/blackhole/metal/llk_io -I/home/mvasiljevic/tt-metal/tt_metal/hw/inc/internal/tt-1xx -I/home/mvasiljevic/tt-metal/tt_metal/hw/inc/internal/tt-1xx/blackhole -I/home/mvasiljevic/tt-metal/tt_metal/hw/inc/internal/tt-1xx/blackhole/blackhole_defines -I/home/mvasiljevic/tt-metal/tt_metal/hw/inc/internal/tt-1xx/blackhole/noc -I/home/mvasiljevic/tt-metal/tt_metal/tt-llk/tt_llk_blackhole/common/inc -I/home/mvasiljevic/tt-metal/tt_metal/tt-llk/tt_llk_blackhole/llk_lib -I/home/mvasiljevic/tt-metal/tt_metal/hw/ckernels/blackhole/metal/llk_api -I/home/mvasiljevic/tt-metal/tt_metal/hw/ckernels/blackhole/metal/llk_api/llk_sfpu -I/home/mvasiljevic/tt-metal/tt_metal/hw/firmware/src/tt-1xx -I/home/mvasiljevic/tt-metal/ttnn/cpp/ttnn/operations/copy/typecast/device/kernels/compute -c -o /home/mvasiljevic/.cache/tt-metal-cache/12569132917722018041/kernels/eltwise_typecast/3478278839610030377/trisc1/trisck.3749600202458196004.o /home/mvasiljevic/tt-metal/tt_metal/hw/firmware/src/tt-1xx/trisck.cc -MF /home/mvasiljevic/.cache/tt-metal-cache/12569132917722018041/kernels/eltwise_typecast/3478278839610030377/trisc1/trisck.3749600202458196004.d -DIS_NOT_POW2_NUM_L1_BANKS=1 -DLOG_BASE_2_OF_NUM_DRAM_BANKS=3 -DNUM_DRAM_BANKS=8 -DNUM_L1_BANKS=110 -DPCIE_NOC_X=19 -DPCIE_NOC_Y=24 -DTENSIX_FIRMWARE -DLOCAL_MEM_EN=0 -DPROFILE_KERNEL=1 -DPROFILER_FULL_HOST_BUFFER_SIZE_PER_RISC=48000 -DPROCESSOR_INDEX=3 -DUCK_CHLKC_MATH -DCOMPILE_FOR_TRISC=1 -DARCH_BLACKHOLE -DDISPATCH_MESSAGE_ADDR=4290184248 -DKERNEL_BUILD -DFULL_KERNEL_NAME="\"eltwise_typecast/3478278839610030377/\"" -DKERNEL_COMPILE_TIME_ARGS=224,1,0,2 
In file included from /home/mvasiljevic/tt-metal/tt_metal/hw/firmware/src/tt-1xx/trisck.cc:15:
/home/mvasiljevic/tt-metal/tt_metal/hw/firmware/src/tt-1xx/trisck.cc: In function 'uint32_t _start()':
/home/mvasiljevic/tt-metal/tt_metal/tools/profiler/kernel_profiler.hpp:25:22: note: '#pragma message: TRISC-KERNEL,/home/mvasiljevic/tt-metal/tt_metal/hw/firmware/src/tt-1xx/trisck.cc,86,KERNEL_PROFILER'
   25 | #define DO_PRAGMA(x) _Pragma(#x)
      |                      ^~~~~~~
/home/mvasiljevic/tt-metal/tt_metal/tools/profiler/kernel_profiler.hpp:702:5: note: in expansion of macro 'DO_PRAGMA'
  702 |     DO_PRAGMA(message(PROFILER_MSG_NAME(name)));                               \
      |     ^~~~~~~~~
/home/mvasiljevic/tt-metal/tt_metal/hw/firmware/src/tt-1xx/trisck.cc:86:5: note: in expansion of macro 'DeviceZoneScopedMainChildN'
   86 |     DeviceZoneScopedMainChildN("TRISC-KERNEL");
      |     ^~~~~~~~~~~~~~~~~~~~~~~~~~
Building trisc1, compile step:
cd /home/mvasiljevic/.cache/tt-metal-cache/12569132917722018041/kernels/eltwise_typecast/8306075832404772652/trisc1/ && /home/mvasiljevic/tt-metal/runtime/sfpi/compiler/bin/riscv-tt-elf-g++ -O3 -std=c++17 -ftt-nttp -ftt-constinit -ftt-consteval -ftt-no-dyninit -flto=auto -ffast-math -fno-exceptions -fno-rtti -fno-use-cxa-atexit -g -MMD -Wall -Werror -Wno-error=deprecated-declarations -Wno-error=multistatement-macros -Wno-error=parentheses -Wno-error=unused-but-set-variable -Wno-unused-variable -Wno-unused-function -mcpu=tt-bh-tensix -I. -I.. -I/home/mvasiljevic/tt-metal/ -I/home/mvasiljevic/tt-metal/ttnn -I/home/mvasiljevic/tt-metal/ttnn/cpp -I/home/mvasiljevic/tt-metal/tt_metal -I/home/mvasiljevic/tt-metal/tt_metal/hw/inc -I/home/mvasiljevic/tt-metal/tt_metal/tt-llk/common -I/home/mvasiljevic/tt-metal/tt_metal/hostdevcommon/api -I/home/mvasiljevic/tt-metal/tt_metal/api/ -I/home/mvasiljevic/tt-metal/runtime/sfpi/include -I/home/mvasiljevic/tt-metal/tt_metal/hw/ckernels/blackhole/metal/common -I/home/mvasiljevic/tt-metal/tt_metal/hw/ckernels/blackhole/metal/llk_io -I/home/mvasiljevic/tt-metal/tt_metal/hw/inc/internal/tt-1xx -I/home/mvasiljevic/tt-metal/tt_metal/hw/inc/internal/tt-1xx/blackhole -I/home/mvasiljevic/tt-metal/tt_metal/hw/inc/internal/tt-1xx/blackhole/blackhole_defines -I/home/mvasiljevic/tt-metal/tt_metal/hw/inc/internal/tt-1xx/blackhole/noc -I/home/mvasiljevic/tt-metal/tt_metal/tt-llk/tt_llk_blackhole/common/inc -I/home/mvasiljevic/tt-metal/tt_metal/tt-llk/tt_llk_blackhole/llk_lib -I/home/mvasiljevic/tt-metal/tt_metal/hw/ckernels/blackhole/metal/llk_api -I/home/mvasiljevic/tt-metal/tt_metal/hw/ckernels/blackhole/metal/llk_api/llk_sfpu -I/home/mvasiljevic/tt-metal/tt_metal/hw/firmware/src/tt-1xx -I/home/mvasiljevic/tt-metal/ttnn/cpp/ttnn/operations/copy/typecast/device/kernels/compute -c -o /home/mvasiljevic/.cache/tt-metal-cache/12569132917722018041/kernels/eltwise_typecast/8306075832404772652/trisc1/trisck.3749600202458196004.o /home/mvasiljevic/tt-metal/tt_metal/hw/firmware/src/tt-1xx/trisck.cc -MF /home/mvasiljevic/.cache/tt-metal-cache/12569132917722018041/kernels/eltwise_typecast/8306075832404772652/trisc1/trisck.3749600202458196004.d -DIS_NOT_POW2_NUM_L1_BANKS=1 -DLOG_BASE_2_OF_NUM_DRAM_BANKS=3 -DNUM_DRAM_BANKS=8 -DNUM_L1_BANKS=110 -DPCIE_NOC_X=19 -DPCIE_NOC_Y=24 -DTENSIX_FIRMWARE -DLOCAL_MEM_EN=0 -DPROFILE_KERNEL=1 -DPROFILER_FULL_HOST_BUFFER_SIZE_PER_RISC=48000 -DPROCESSOR_INDEX=3 -DUCK_CHLKC_MATH -DCOMPILE_FOR_TRISC=1 -DARCH_BLACKHOLE -DDISPATCH_MESSAGE_ADDR=4290184248 -DKERNEL_BUILD -DFULL_KERNEL_NAME="\"eltwise_typecast/8306075832404772652/\"" -DKERNEL_COMPILE_TIME_ARGS=223,1,0,2 
In file included from /home/mvasiljevic/tt-metal/tt_metal/hw/firmware/src/tt-1xx/trisck.cc:15:
/home/mvasiljevic/tt-metal/tt_metal/hw/firmware/src/tt-1xx/trisck.cc: In function 'uint32_t _start()':
/home/mvasiljevic/tt-metal/tt_metal/tools/profiler/kernel_profiler.hpp:25:22: note: '#pragma message: TRISC-KERNEL,/home/mvasiljevic/tt-metal/tt_metal/hw/firmware/src/tt-1xx/trisck.cc,86,KERNEL_PROFILER'
   25 | #define DO_PRAGMA(x) _Pragma(#x)
      |                      ^~~~~~~
/home/mvasiljevic/tt-metal/tt_metal/tools/profiler/kernel_profiler.hpp:702:5: note: in expansion of macro 'DO_PRAGMA'
  702 |     DO_PRAGMA(message(PROFILER_MSG_NAME(name)));                               \
      |     ^~~~~~~~~
/home/mvasiljevic/tt-metal/tt_metal/hw/firmware/src/tt-1xx/trisck.cc:86:5: note: in expansion of macro 'DeviceZoneScopedMainChildN'
   86 |     DeviceZoneScopedMainChildN("TRISC-KERNEL");
      |     ^~~~~~~~~~~~~~~~~~~~~~~~~~
Building brisc, compile step:
cd /home/mvasiljevic/.cache/tt-metal-cache/12569132917722018041/kernels/writer_unary_interleaved_start_id/15350893288146070665/brisc/ && /home/mvasiljevic/tt-metal/runtime/sfpi/compiler/bin/riscv-tt-elf-g++ -O2 -std=c++17 -ftt-nttp -ftt-constinit -ftt-consteval -ftt-no-dyninit -flto=auto -ffast-math -fno-exceptions -fno-rtti -fno-use-cxa-atexit -g -MMD -Wall -Werror -Wno-error=deprecated-declarations -Wno-error=multistatement-macros -Wno-error=parentheses -Wno-error=unused-but-set-variable -Wno-unused-variable -Wno-unused-function -mcpu=tt-bh -fno-tree-loop-distribute-patterns -I. -I.. -I/home/mvasiljevic/tt-metal/ -I/home/mvasiljevic/tt-metal/ttnn -I/home/mvasiljevic/tt-metal/ttnn/cpp -I/home/mvasiljevic/tt-metal/tt_metal -I/home/mvasiljevic/tt-metal/tt_metal/hw/inc -I/home/mvasiljevic/tt-metal/tt_metal/tt-llk/common -I/home/mvasiljevic/tt-metal/tt_metal/hostdevcommon/api -I/home/mvasiljevic/tt-metal/tt_metal/api/ -I/home/mvasiljevic/tt-metal/tt_metal/hw/ckernels/blackhole/metal/common -I/home/mvasiljevic/tt-metal/tt_metal/hw/ckernels/blackhole/metal/llk_io -I/home/mvasiljevic/tt-metal/tt_metal/hw/inc/internal/tt-1xx -I/home/mvasiljevic/tt-metal/tt_metal/hw/inc/internal/tt-1xx/blackhole -I/home/mvasiljevic/tt-metal/tt_metal/hw/inc/internal/tt-1xx/blackhole/blackhole_defines -I/home/mvasiljevic/tt-metal/tt_metal/hw/inc/internal/tt-1xx/blackhole/noc -I/home/mvasiljevic/tt-metal/tt_metal/tt-llk/tt_llk_blackhole/common/inc -I/home/mvasiljevic/tt-metal/tt_metal/tt-llk/tt_llk_blackhole/llk_lib -I/home/mvasiljevic/tt-metal/tt_metal/hw/firmware/src/tt-1xx -I/home/mvasiljevic/tt-metal/ttnn/cpp/ttnn/operations/eltwise/unary/device/kernels/dataflow -c -o /home/mvasiljevic/.cache/tt-metal-cache/12569132917722018041/kernels/writer_unary_interleaved_start_id/15350893288146070665/brisc/brisck.3749600202458196004.o /home/mvasiljevic/tt-metal/tt_metal/hw/firmware/src/tt-1xx/brisck.cc -MF /home/mvasiljevic/.cache/tt-metal-cache/12569132917722018041/kernels/writer_unary_interleaved_start_id/15350893288146070665/brisc/brisck.3749600202458196004.d -DIS_NOT_POW2_NUM_L1_BANKS=1 -DLOG_BASE_2_OF_NUM_DRAM_BANKS=3 -DNUM_DRAM_BANKS=8 -DNUM_L1_BANKS=110 -DPCIE_NOC_X=19 -DPCIE_NOC_Y=24 -DTENSIX_FIRMWARE -DLOCAL_MEM_EN=0 -DPROFILE_KERNEL=1 -DPROFILER_FULL_HOST_BUFFER_SIZE_PER_RISC=48000 -DPROCESSOR_INDEX=0 -DCOMPILE_FOR_BRISC -DARCH_BLACKHOLE -DDISPATCH_MESSAGE_ADDR=4290184248 -DKERNEL_BUILD -DFULL_KERNEL_NAME="\"writer_unary_interleaved_start_id/15350893288146070665/\"" -DNOC_INDEX='1' -DNOC_MODE='0' -DKERNEL_COMPILE_TIME_ARGS=0,3,576,2,8,96,288,96,36,16777216,50332160,83887104,117442048 
In file included from /home/mvasiljevic/tt-metal/tt_metal/hw/inc/api/dataflow/dataflow_api.h:27,
                 from /home/mvasiljevic/tt-metal/tt_metal/hw/inc/internal/firmware_common.h:24,
                 from /home/mvasiljevic/tt-metal/tt_metal/hw/firmware/src/tt-1xx/brisck.cc:17:
/home/mvasiljevic/tt-metal/tt_metal/tools/profiler/kernel_profiler.hpp: In function 'void kernel_profiler::quick_push()':
/home/mvasiljevic/tt-metal/tt_metal/tools/profiler/kernel_profiler.hpp:25:22: note: '#pragma message: PROFILER-NOC-QUICK-PUSH,/home/mvasiljevic/tt-metal/tt_metal/tools/profiler/kernel_profiler.hpp,395,KERNEL_PROFILER'
   25 | #define DO_PRAGMA(x) _Pragma(#x)
      |                      ^~~~~~~
/home/mvasiljevic/tt-metal/tt_metal/tools/profiler/kernel_profiler.hpp:35:5: note: in expansion of macro 'DO_PRAGMA'
   35 |     DO_PRAGMA(message(PROFILER_MSG_NAME(name))); \
      |     ^~~~~~~~~
/home/mvasiljevic/tt-metal/tt_metal/tools/profiler/kernel_profiler.hpp:395:5: note: in expansion of macro 'SrcLocNameToHash'
  395 |     SrcLocNameToHash("PROFILER-NOC-QUICK-PUSH");
      |     ^~~~~~~~~~~~~~~~
/home/mvasiljevic/tt-metal/tt_metal/hw/firmware/src/tt-1xx/brisck.cc: In function 'uint32_t _start()':
/home/mvasiljevic/tt-metal/tt_metal/tools/profiler/kernel_profiler.hpp:25:22: note: '#pragma message: BRISC-KERNEL,/home/mvasiljevic/tt-metal/tt_metal/hw/firmware/src/tt-1xx/brisck.cc,77,KERNEL_PROFILER'
   25 | #define DO_PRAGMA(x) _Pragma(#x)
      |                      ^~~~~~~
/home/mvasiljevic/tt-metal/tt_metal/tools/profiler/kernel_profiler.hpp:702:5: note: in expansion of macro 'DO_PRAGMA'
  702 |     DO_PRAGMA(message(PROFILER_MSG_NAME(name)));                               \
      |     ^~~~~~~~~
/home/mvasiljevic/tt-metal/tt_metal/hw/firmware/src/tt-1xx/brisck.cc:77:9: note: in expansion of macro 'DeviceZoneScopedMainChildN'
   77 |         DeviceZoneScopedMainChildN("BRISC-KERNEL");
      |         ^~~~~~~~~~~~~~~~~~~~~~~~~~
Building ncrisc, compile step:
cd /home/mvasiljevic/.cache/tt-metal-cache/12569132917722018041/kernels/reader_unary_sharded_blocks_interleaved_start_id/9559476098411527871/ncrisc/ && /home/mvasiljevic/tt-metal/runtime/sfpi/compiler/bin/riscv-tt-elf-g++ -O2 -std=c++17 -ftt-nttp -ftt-constinit -ftt-consteval -ftt-no-dyninit -flto=auto -ffast-math -fno-exceptions -fno-rtti -fno-use-cxa-atexit -g -MMD -Wall -Werror -Wno-error=deprecated-declarations -Wno-error=multistatement-macros -Wno-error=parentheses -Wno-error=unused-but-set-variable -Wno-unused-variable -Wno-unused-function -mcpu=tt-bh -fno-tree-loop-distribute-patterns -I. -I.. -I/home/mvasiljevic/tt-metal/ -I/home/mvasiljevic/tt-metal/ttnn -I/home/mvasiljevic/tt-metal/ttnn/cpp -I/home/mvasiljevic/tt-metal/tt_metal -I/home/mvasiljevic/tt-metal/tt_metal/hw/inc -I/home/mvasiljevic/tt-metal/tt_metal/tt-llk/common -I/home/mvasiljevic/tt-metal/tt_metal/hostdevcommon/api -I/home/mvasiljevic/tt-metal/tt_metal/api/ -I/home/mvasiljevic/tt-metal/tt_metal/hw/ckernels/blackhole/metal/common -I/home/mvasiljevic/tt-metal/tt_metal/hw/ckernels/blackhole/metal/llk_io -I/home/mvasiljevic/tt-metal/tt_metal/hw/inc/internal/tt-1xx -I/home/mvasiljevic/tt-metal/tt_metal/hw/inc/internal/tt-1xx/blackhole -I/home/mvasiljevic/tt-metal/tt_metal/hw/inc/internal/tt-1xx/blackhole/blackhole_defines -I/home/mvasiljevic/tt-metal/tt_metal/hw/inc/internal/tt-1xx/blackhole/noc -I/home/mvasiljevic/tt-metal/tt_metal/tt-llk/tt_llk_blackhole/common/inc -I/home/mvasiljevic/tt-metal/tt_metal/tt-llk/tt_llk_blackhole/llk_lib -I/home/mvasiljevic/tt-metal/tt_metal/hw/firmware/src/tt-1xx -I/home/mvasiljevic/tt-metal/ttnn/cpp/ttnn/operations/data_movement/sharded/device/kernels/dataflow -c -o /home/mvasiljevic/.cache/tt-metal-cache/12569132917722018041/kernels/reader_unary_sharded_blocks_interleaved_start_id/9559476098411527871/ncrisc/ncrisck.3749600202458196004.o /home/mvasiljevic/tt-metal/tt_metal/hw/firmware/src/tt-1xx/ncrisck.cc -MF /home/mvasiljevic/.cache/tt-metal-cache/12569132917722018041/kernels/reader_unary_sharded_blocks_interleaved_start_id/9559476098411527871/ncrisc/ncrisck.3749600202458196004.d -DIS_NOT_POW2_NUM_L1_BANKS=1 -DLOG_BASE_2_OF_NUM_DRAM_BANKS=3 -DNUM_DRAM_BANKS=8 -DNUM_L1_BANKS=110 -DPCIE_NOC_X=19 -DPCIE_NOC_Y=24 -DTENSIX_FIRMWARE -DLOCAL_MEM_EN=0 -DPROFILE_KERNEL=1 -DPROFILER_FULL_HOST_BUFFER_SIZE_PER_RISC=48000 -DPROCESSOR_INDEX=1 -DCOMPILE_FOR_NCRISC -DARCH_BLACKHOLE -DDISPATCH_MESSAGE_ADDR=4290184248 -DKERNEL_BUILD -DFULL_KERNEL_NAME="\"reader_unary_sharded_blocks_interleaved_start_id/9559476098411527871/\"" -DNOC_INDEX='0' -DNOC_MODE='0' -DKERNEL_COMPILE_TIME_ARGS=0,8,2,576 
In file included from /home/mvasiljevic/tt-metal/tt_metal/hw/inc/api/dataflow/dataflow_api.h:27,
                 from /home/mvasiljevic/tt-metal/tt_metal/hw/inc/internal/firmware_common.h:24,
                 from /home/mvasiljevic/tt-metal/tt_metal/hw/firmware/src/tt-1xx/ncrisck.cc:17:
/home/mvasiljevic/tt-metal/tt_metal/tools/profiler/kernel_profiler.hpp: In function 'void kernel_profiler::quick_push()':
/home/mvasiljevic/tt-metal/tt_metal/tools/profiler/kernel_profiler.hpp:25:22: note: '#pragma message: PROFILER-NOC-QUICK-PUSH,/home/mvasiljevic/tt-metal/tt_metal/tools/profiler/kernel_profiler.hpp,395,KERNEL_PROFILER'
   25 | #define DO_PRAGMA(x) _Pragma(#x)
      |                      ^~~~~~~
/home/mvasiljevic/tt-metal/tt_metal/tools/profiler/kernel_profiler.hpp:35:5: note: in expansion of macro 'DO_PRAGMA'
   35 |     DO_PRAGMA(message(PROFILER_MSG_NAME(name))); \
      |     ^~~~~~~~~
/home/mvasiljevic/tt-metal/tt_metal/tools/profiler/kernel_profiler.hpp:395:5: note: in expansion of macro 'SrcLocNameToHash'
  395 |     SrcLocNameToHash("PROFILER-NOC-QUICK-PUSH");
      |     ^~~~~~~~~~~~~~~~
/home/mvasiljevic/tt-metal/tt_metal/hw/firmware/src/tt-1xx/ncrisck.cc: In function 'uint32_t _start()':
/home/mvasiljevic/tt-metal/tt_metal/tools/profiler/kernel_profiler.hpp:25:22: note: '#pragma message: NCRISC-KERNEL,/home/mvasiljevic/tt-metal/tt_metal/hw/firmware/src/tt-1xx/ncrisck.cc,69,KERNEL_PROFILER'
   25 | #define DO_PRAGMA(x) _Pragma(#x)
      |                      ^~~~~~~
/home/mvasiljevic/tt-metal/tt_metal/tools/profiler/kernel_profiler.hpp:702:5: note: in expansion of macro 'DO_PRAGMA'
  702 |     DO_PRAGMA(message(PROFILER_MSG_NAME(name)));                               \
      |     ^~~~~~~~~
/home/mvasiljevic/tt-metal/tt_metal/hw/firmware/src/tt-1xx/ncrisck.cc:69:5: note: in expansion of macro 'DeviceZoneScopedMainChildN'
   69 |     DeviceZoneScopedMainChildN("NCRISC-KERNEL");
      |     ^~~~~~~~~~~~~~~~~~~~~~~~~~
Building brisc, compile step:
cd /home/mvasiljevic/.cache/tt-metal-cache/12569132917722018041/kernels/writer_unary_sharded_blocks_start_id/9815323279368862153/brisc/ && /home/mvasiljevic/tt-metal/runtime/sfpi/compiler/bin/riscv-tt-elf-g++ -O2 -std=c++17 -ftt-nttp -ftt-constinit -ftt-consteval -ftt-no-dyninit -flto=auto -ffast-math -fno-exceptions -fno-rtti -fno-use-cxa-atexit -g -MMD -Wall -Werror -Wno-error=deprecated-declarations -Wno-error=multistatement-macros -Wno-error=parentheses -Wno-error=unused-but-set-variable -Wno-unused-variable -Wno-unused-function -mcpu=tt-bh -fno-tree-loop-distribute-patterns -I. -I.. -I/home/mvasiljevic/tt-metal/ -I/home/mvasiljevic/tt-metal/ttnn -I/home/mvasiljevic/tt-metal/ttnn/cpp -I/home/mvasiljevic/tt-metal/tt_metal -I/home/mvasiljevic/tt-metal/tt_metal/hw/inc -I/home/mvasiljevic/tt-metal/tt_metal/tt-llk/common -I/home/mvasiljevic/tt-metal/tt_metal/hostdevcommon/api -I/home/mvasiljevic/tt-metal/tt_metal/api/ -I/home/mvasiljevic/tt-metal/tt_metal/hw/ckernels/blackhole/metal/common -I/home/mvasiljevic/tt-metal/tt_metal/hw/ckernels/blackhole/metal/llk_io -I/home/mvasiljevic/tt-metal/tt_metal/hw/inc/internal/tt-1xx -I/home/mvasiljevic/tt-metal/tt_metal/hw/inc/internal/tt-1xx/blackhole -I/home/mvasiljevic/tt-metal/tt_metal/hw/inc/internal/tt-1xx/blackhole/blackhole_defines -I/home/mvasiljevic/tt-metal/tt_metal/hw/inc/internal/tt-1xx/blackhole/noc -I/home/mvasiljevic/tt-metal/tt_metal/tt-llk/tt_llk_blackhole/common/inc -I/home/mvasiljevic/tt-metal/tt_metal/tt-llk/tt_llk_blackhole/llk_lib -I/home/mvasiljevic/tt-metal/tt_metal/hw/firmware/src/tt-1xx -I/home/mvasiljevic/tt-metal/ttnn/cpp/ttnn/operations/data_movement/sharded/device/kernels/dataflow -c -o /home/mvasiljevic/.cache/tt-metal-cache/12569132917722018041/kernels/writer_unary_sharded_blocks_start_id/9815323279368862153/brisc/brisck.3749600202458196004.o /home/mvasiljevic/tt-metal/tt_metal/hw/firmware/src/tt-1xx/brisck.cc -MF /home/mvasiljevic/.cache/tt-metal-cache/12569132917722018041/kernels/writer_unary_sharded_blocks_start_id/9815323279368862153/brisc/brisck.3749600202458196004.d -DIS_NOT_POW2_NUM_L1_BANKS=1 -DLOG_BASE_2_OF_NUM_DRAM_BANKS=3 -DNUM_DRAM_BANKS=8 -DNUM_L1_BANKS=110 -DPCIE_NOC_X=19 -DPCIE_NOC_Y=24 -DTENSIX_FIRMWARE -DLOCAL_MEM_EN=0 -DPROFILE_KERNEL=1 -DPROFILER_FULL_HOST_BUFFER_SIZE_PER_RISC=48000 -DPROCESSOR_INDEX=0 -DCOMPILE_FOR_BRISC -DARCH_BLACKHOLE -DDISPATCH_MESSAGE_ADDR=4290184248 -DKERNEL_BUILD -DFULL_KERNEL_NAME="\"writer_unary_sharded_blocks_start_id/9815323279368862153/\"" -DNOC_INDEX='1' -DNOC_MODE='0' -DKERNEL_COMPILE_TIME_ARGS=0,3,576,2,8,96,96,96,12,16777216,50332160,83887104,117442048 
In file included from /home/mvasiljevic/tt-metal/tt_metal/hw/inc/api/dataflow/dataflow_api.h:27,
                 from /home/mvasiljevic/tt-metal/tt_metal/hw/inc/internal/firmware_common.h:24,
                 from /home/mvasiljevic/tt-metal/tt_metal/hw/firmware/src/tt-1xx/brisck.cc:17:
/home/mvasiljevic/tt-metal/tt_metal/tools/profiler/kernel_profiler.hpp: In function 'void kernel_profiler::quick_push()':
/home/mvasiljevic/tt-metal/tt_metal/tools/profiler/kernel_profiler.hpp:25:22: note: '#pragma message: PROFILER-NOC-QUICK-PUSH,/home/mvasiljevic/tt-metal/tt_metal/tools/profiler/kernel_profiler.hpp,395,KERNEL_PROFILER'
   25 | #define DO_PRAGMA(x) _Pragma(#x)
      |                      ^~~~~~~
/home/mvasiljevic/tt-metal/tt_metal/tools/profiler/kernel_profiler.hpp:35:5: note: in expansion of macro 'DO_PRAGMA'
   35 |     DO_PRAGMA(message(PROFILER_MSG_NAME(name))); \
      |     ^~~~~~~~~
/home/mvasiljevic/tt-metal/tt_metal/tools/profiler/kernel_profiler.hpp:395:5: note: in expansion of macro 'SrcLocNameToHash'
  395 |     SrcLocNameToHash("PROFILER-NOC-QUICK-PUSH");
      |     ^~~~~~~~~~~~~~~~
/home/mvasiljevic/tt-metal/tt_metal/hw/firmware/src/tt-1xx/brisck.cc: In function 'uint32_t _start()':
/home/mvasiljevic/tt-metal/tt_metal/tools/profiler/kernel_profiler.hpp:25:22: note: '#pragma message: BRISC-KERNEL,/home/mvasiljevic/tt-metal/tt_metal/hw/firmware/src/tt-1xx/brisck.cc,77,KERNEL_PROFILER'
   25 | #define DO_PRAGMA(x) _Pragma(#x)
      |                      ^~~~~~~
/home/mvasiljevic/tt-metal/tt_metal/tools/profiler/kernel_profiler.hpp:702:5: note: in expansion of macro 'DO_PRAGMA'
  702 |     DO_PRAGMA(message(PROFILER_MSG_NAME(name)));                               \
      |     ^~~~~~~~~
/home/mvasiljevic/tt-metal/tt_metal/hw/firmware/src/tt-1xx/brisck.cc:77:9: note: in expansion of macro 'DeviceZoneScopedMainChildN'
   77 |         DeviceZoneScopedMainChildN("BRISC-KERNEL");
      |         ^~~~~~~~~~~~~~~~~~~~~~~~~~
Building brisc, compile step:
cd /home/mvasiljevic/.cache/tt-metal-cache/12569132917722018041/kernels/writer_unary_interleaved_start_id/4005788784549104561/brisc/ && /home/mvasiljevic/tt-metal/runtime/sfpi/compiler/bin/riscv-tt-elf-g++ -O2 -std=c++17 -ftt-nttp -ftt-constinit -ftt-consteval -ftt-no-dyninit -flto=auto -ffast-math -fno-exceptions -fno-rtti -fno-use-cxa-atexit -g -MMD -Wall -Werror -Wno-error=deprecated-declarations -Wno-error=multistatement-macros -Wno-error=parentheses -Wno-error=unused-but-set-variable -Wno-unused-variable -Wno-unused-function -mcpu=tt-bh -fno-tree-loop-distribute-patterns -I. -I.. -I/home/mvasiljevic/tt-metal/ -I/home/mvasiljevic/tt-metal/ttnn -I/home/mvasiljevic/tt-metal/ttnn/cpp -I/home/mvasiljevic/tt-metal/tt_metal -I/home/mvasiljevic/tt-metal/tt_metal/hw/inc -I/home/mvasiljevic/tt-metal/tt_metal/tt-llk/common -I/home/mvasiljevic/tt-metal/tt_metal/hostdevcommon/api -I/home/mvasiljevic/tt-metal/tt_metal/api/ -I/home/mvasiljevic/tt-metal/tt_metal/hw/ckernels/blackhole/metal/common -I/home/mvasiljevic/tt-metal/tt_metal/hw/ckernels/blackhole/metal/llk_io -I/home/mvasiljevic/tt-metal/tt_metal/hw/inc/internal/tt-1xx -I/home/mvasiljevic/tt-metal/tt_metal/hw/inc/internal/tt-1xx/blackhole -I/home/mvasiljevic/tt-metal/tt_metal/hw/inc/internal/tt-1xx/blackhole/blackhole_defines -I/home/mvasiljevic/tt-metal/tt_metal/hw/inc/internal/tt-1xx/blackhole/noc -I/home/mvasiljevic/tt-metal/tt_metal/tt-llk/tt_llk_blackhole/common/inc -I/home/mvasiljevic/tt-metal/tt_metal/tt-llk/tt_llk_blackhole/llk_lib -I/home/mvasiljevic/tt-metal/tt_metal/hw/firmware/src/tt-1xx -I/home/mvasiljevic/tt-metal/ttnn/cpp/ttnn/operations/eltwise/unary/device/kernels/dataflow -c -o /home/mvasiljevic/.cache/tt-metal-cache/12569132917722018041/kernels/writer_unary_interleaved_start_id/4005788784549104561/brisc/brisck.3749600202458196004.o /home/mvasiljevic/tt-metal/tt_metal/hw/firmware/src/tt-1xx/brisck.cc -MF /home/mvasiljevic/.cache/tt-metal-cache/12569132917722018041/kernels/writer_unary_interleaved_start_id/4005788784549104561/brisc/brisck.3749600202458196004.d -DIS_NOT_POW2_NUM_L1_BANKS=1 -DLOG_BASE_2_OF_NUM_DRAM_BANKS=3 -DNUM_DRAM_BANKS=8 -DNUM_L1_BANKS=110 -DPCIE_NOC_X=19 -DPCIE_NOC_Y=24 -DTENSIX_FIRMWARE -DLOCAL_MEM_EN=0 -DPROFILE_KERNEL=1 -DPROFILER_FULL_HOST_BUFFER_SIZE_PER_RISC=48000 -DPROCESSOR_INDEX=0 -DCOMPILE_FOR_BRISC -DARCH_BLACKHOLE -DDISPATCH_MESSAGE_ADDR=4290184248 -DKERNEL_BUILD -DFULL_KERNEL_NAME="\"writer_unary_interleaved_start_id/4005788784549104561/\"" -DNOC_INDEX='1' -DNOC_MODE='0' -DKERNEL_COMPILE_TIME_ARGS=0,3,576,2,8,96,512,96,64,16777216,50332160,83887104,117442048 
In file included from /home/mvasiljevic/tt-metal/tt_metal/hw/inc/api/dataflow/dataflow_api.h:27,
                 from /home/mvasiljevic/tt-metal/tt_metal/hw/inc/internal/firmware_common.h:24,
                 from /home/mvasiljevic/tt-metal/tt_metal/hw/firmware/src/tt-1xx/brisck.cc:17:
/home/mvasiljevic/tt-metal/tt_metal/tools/profiler/kernel_profiler.hpp: In function 'void kernel_profiler::quick_push()':
/home/mvasiljevic/tt-metal/tt_metal/tools/profiler/kernel_profiler.hpp:25:22: note: '#pragma message: PROFILER-NOC-QUICK-PUSH,/home/mvasiljevic/tt-metal/tt_metal/tools/profiler/kernel_profiler.hpp,395,KERNEL_PROFILER'
   25 | #define DO_PRAGMA(x) _Pragma(#x)
      |                      ^~~~~~~
/home/mvasiljevic/tt-metal/tt_metal/tools/profiler/kernel_profiler.hpp:35:5: note: in expansion of macro 'DO_PRAGMA'
   35 |     DO_PRAGMA(message(PROFILER_MSG_NAME(name))); \
      |     ^~~~~~~~~
/home/mvasiljevic/tt-metal/tt_metal/tools/profiler/kernel_profiler.hpp:395:5: note: in expansion of macro 'SrcLocNameToHash'
  395 |     SrcLocNameToHash("PROFILER-NOC-QUICK-PUSH");
      |     ^~~~~~~~~~~~~~~~
/home/mvasiljevic/tt-metal/tt_metal/hw/firmware/src/tt-1xx/brisck.cc: In function 'uint32_t _start()':
/home/mvasiljevic/tt-metal/tt_metal/tools/profiler/kernel_profiler.hpp:25:22: note: '#pragma message: BRISC-KERNEL,/home/mvasiljevic/tt-metal/tt_metal/hw/firmware/src/tt-1xx/brisck.cc,77,KERNEL_PROFILER'
   25 | #define DO_PRAGMA(x) _Pragma(#x)
      |                      ^~~~~~~
/home/mvasiljevic/tt-metal/tt_metal/tools/profiler/kernel_profiler.hpp:702:5: note: in expansion of macro 'DO_PRAGMA'
  702 |     DO_PRAGMA(message(PROFILER_MSG_NAME(name)));                               \
      |     ^~~~~~~~~
/home/mvasiljevic/tt-metal/tt_metal/hw/firmware/src/tt-1xx/brisck.cc:77:9: note: in expansion of macro 'DeviceZoneScopedMainChildN'
   77 |         DeviceZoneScopedMainChildN("BRISC-KERNEL");
      |         ^~~~~~~~~~~~~~~~~~~~~~~~~~
Building brisc, compile step:
cd /home/mvasiljevic/.cache/tt-metal-cache/12569132917722018041/kernels/writer_unary_interleaved_start_id/13965035380976095641/brisc/ && /home/mvasiljevic/tt-metal/runtime/sfpi/compiler/bin/riscv-tt-elf-g++ -O2 -std=c++17 -ftt-nttp -ftt-constinit -ftt-consteval -ftt-no-dyninit -flto=auto -ffast-math -fno-exceptions -fno-rtti -fno-use-cxa-atexit -g -MMD -Wall -Werror -Wno-error=deprecated-declarations -Wno-error=multistatement-macros -Wno-error=parentheses -Wno-error=unused-but-set-variable -Wno-unused-variable -Wno-unused-function -mcpu=tt-bh -fno-tree-loop-distribute-patterns -I. -I.. -I/home/mvasiljevic/tt-metal/ -I/home/mvasiljevic/tt-metal/ttnn -I/home/mvasiljevic/tt-metal/ttnn/cpp -I/home/mvasiljevic/tt-metal/tt_metal -I/home/mvasiljevic/tt-metal/tt_metal/hw/inc -I/home/mvasiljevic/tt-metal/tt_metal/tt-llk/common -I/home/mvasiljevic/tt-metal/tt_metal/hostdevcommon/api -I/home/mvasiljevic/tt-metal/tt_metal/api/ -I/home/mvasiljevic/tt-metal/tt_metal/hw/ckernels/blackhole/metal/common -I/home/mvasiljevic/tt-metal/tt_metal/hw/ckernels/blackhole/metal/llk_io -I/home/mvasiljevic/tt-metal/tt_metal/hw/inc/internal/tt-1xx -I/home/mvasiljevic/tt-metal/tt_metal/hw/inc/internal/tt-1xx/blackhole -I/home/mvasiljevic/tt-metal/tt_metal/hw/inc/internal/tt-1xx/blackhole/blackhole_defines -I/home/mvasiljevic/tt-metal/tt_metal/hw/inc/internal/tt-1xx/blackhole/noc -I/home/mvasiljevic/tt-metal/tt_metal/tt-llk/tt_llk_blackhole/common/inc -I/home/mvasiljevic/tt-metal/tt_metal/tt-llk/tt_llk_blackhole/llk_lib -I/home/mvasiljevic/tt-metal/tt_metal/hw/firmware/src/tt-1xx -I/home/mvasiljevic/tt-metal/ttnn/cpp/ttnn/operations/eltwise/unary/device/kernels/dataflow -c -o /home/mvasiljevic/.cache/tt-metal-cache/12569132917722018041/kernels/writer_unary_interleaved_start_id/13965035380976095641/brisc/brisck.3749600202458196004.o /home/mvasiljevic/tt-metal/tt_metal/hw/firmware/src/tt-1xx/brisck.cc -MF /home/mvasiljevic/.cache/tt-metal-cache/12569132917722018041/kernels/writer_unary_interleaved_start_id/13965035380976095641/brisc/brisck.3749600202458196004.d -DIS_NOT_POW2_NUM_L1_BANKS=1 -DLOG_BASE_2_OF_NUM_DRAM_BANKS=3 -DNUM_DRAM_BANKS=8 -DNUM_L1_BANKS=110 -DPCIE_NOC_X=19 -DPCIE_NOC_Y=24 -DTENSIX_FIRMWARE -DLOCAL_MEM_EN=0 -DPROFILE_KERNEL=1 -DPROFILER_FULL_HOST_BUFFER_SIZE_PER_RISC=48000 -DPROCESSOR_INDEX=0 -DCOMPILE_FOR_BRISC -DARCH_BLACKHOLE -DDISPATCH_MESSAGE_ADDR=4290184248 -DKERNEL_BUILD -DFULL_KERNEL_NAME="\"writer_unary_interleaved_start_id/13965035380976095641/\"" -DNOC_INDEX='1' -DNOC_MODE='0' -DKERNEL_COMPILE_TIME_ARGS=0,3,576,2,8,256,96,256,12,16777216,50332160,83887104,117442048 
In file included from /home/mvasiljevic/tt-metal/tt_metal/hw/inc/api/dataflow/dataflow_api.h:27,
                 from /home/mvasiljevic/tt-metal/tt_metal/hw/inc/internal/firmware_common.h:24,
                 from /home/mvasiljevic/tt-metal/tt_metal/hw/firmware/src/tt-1xx/brisck.cc:17:
/home/mvasiljevic/tt-metal/tt_metal/tools/profiler/kernel_profiler.hpp: In function 'void kernel_profiler::quick_push()':
/home/mvasiljevic/tt-metal/tt_metal/tools/profiler/kernel_profiler.hpp:25:22: note: '#pragma message: PROFILER-NOC-QUICK-PUSH,/home/mvasiljevic/tt-metal/tt_metal/tools/profiler/kernel_profiler.hpp,395,KERNEL_PROFILER'
   25 | #define DO_PRAGMA(x) _Pragma(#x)
      |                      ^~~~~~~
/home/mvasiljevic/tt-metal/tt_metal/tools/profiler/kernel_profiler.hpp:35:5: note: in expansion of macro 'DO_PRAGMA'
   35 |     DO_PRAGMA(message(PROFILER_MSG_NAME(name))); \
      |     ^~~~~~~~~
/home/mvasiljevic/tt-metal/tt_metal/tools/profiler/kernel_profiler.hpp:395:5: note: in expansion of macro 'SrcLocNameToHash'
  395 |     SrcLocNameToHash("PROFILER-NOC-QUICK-PUSH");
      |     ^~~~~~~~~~~~~~~~
/home/mvasiljevic/tt-metal/tt_metal/hw/firmware/src/tt-1xx/brisck.cc: In function 'uint32_t _start()':
/home/mvasiljevic/tt-metal/tt_metal/tools/profiler/kernel_profiler.hpp:25:22: note: '#pragma message: BRISC-KERNEL,/home/mvasiljevic/tt-metal/tt_metal/hw/firmware/src/tt-1xx/brisck.cc,77,KERNEL_PROFILER'
   25 | #define DO_PRAGMA(x) _Pragma(#x)
      |                      ^~~~~~~
/home/mvasiljevic/tt-metal/tt_metal/tools/profiler/kernel_profiler.hpp:702:5: note: in expansion of macro 'DO_PRAGMA'
  702 |     DO_PRAGMA(message(PROFILER_MSG_NAME(name)));                               \
      |     ^~~~~~~~~
/home/mvasiljevic/tt-metal/tt_metal/hw/firmware/src/tt-1xx/brisck.cc:77:9: note: in expansion of macro 'DeviceZoneScopedMainChildN'
   77 |         DeviceZoneScopedMainChildN("BRISC-KERNEL");
      |         ^~~~~~~~~~~~~~~~~~~~~~~~~~
2026-07-30 02:39:59.979 | INFO     | tracy:signpost:49 - OPTIMIZED_PREFILL_B1
Building ncrisc, compile step:
cd /home/mvasiljevic/.cache/tt-metal-cache/12569132917722018041/kernels/reader_bmm_tile_layout_in0_receiver/14074600644474048694/ncrisc/ && /home/mvasiljevic/tt-metal/runtime/sfpi/compiler/bin/riscv-tt-elf-g++ -O2 -std=c++17 -ftt-nttp -ftt-constinit -ftt-consteval -ftt-no-dyninit -flto=auto -ffast-math -fno-exceptions -fno-rtti -fno-use-cxa-atexit -g -MMD -Wall -Werror -Wno-error=deprecated-declarations -Wno-error=multistatement-macros -Wno-error=parentheses -Wno-error=unused-but-set-variable -Wno-unused-variable -Wno-unused-function -mcpu=tt-bh -fno-tree-loop-distribute-patterns -I. -I.. -I/home/mvasiljevic/tt-metal/ -I/home/mvasiljevic/tt-metal/ttnn -I/home/mvasiljevic/tt-metal/ttnn/cpp -I/home/mvasiljevic/tt-metal/tt_metal -I/home/mvasiljevic/tt-metal/tt_metal/hw/inc -I/home/mvasiljevic/tt-metal/tt_metal/tt-llk/common -I/home/mvasiljevic/tt-metal/tt_metal/hostdevcommon/api -I/home/mvasiljevic/tt-metal/tt_metal/api/ -I/home/mvasiljevic/tt-metal/tt_metal/hw/ckernels/blackhole/metal/common -I/home/mvasiljevic/tt-metal/tt_metal/hw/ckernels/blackhole/metal/llk_io -I/home/mvasiljevic/tt-metal/tt_metal/hw/inc/internal/tt-1xx -I/home/mvasiljevic/tt-metal/tt_metal/hw/inc/internal/tt-1xx/blackhole -I/home/mvasiljevic/tt-metal/tt_metal/hw/inc/internal/tt-1xx/blackhole/blackhole_defines -I/home/mvasiljevic/tt-metal/tt_metal/hw/inc/internal/tt-1xx/blackhole/noc -I/home/mvasiljevic/tt-metal/tt_metal/tt-llk/tt_llk_blackhole/common/inc -I/home/mvasiljevic/tt-metal/tt_metal/tt-llk/tt_llk_blackhole/llk_lib -I/home/mvasiljevic/tt-metal/tt_metal/hw/firmware/src/tt-1xx -I/home/mvasiljevic/tt-metal/ttnn/cpp/ttnn/operations/matmul/device/kernels/dataflow -c -o /home/mvasiljevic/.cache/tt-metal-cache/12569132917722018041/kernels/reader_bmm_tile_layout_in0_receiver/14074600644474048694/ncrisc/ncrisck.3749600202458196004.o /home/mvasiljevic/tt-metal/tt_metal/hw/firmware/src/tt-1xx/ncrisck.cc -MF /home/mvasiljevic/.cache/tt-metal-cache/12569132917722018041/kernels/reader_bmm_tile_layout_in0_receiver/14074600644474048694/ncrisc/ncrisck.3749600202458196004.d -DIS_NOT_POW2_NUM_L1_BANKS=1 -DLOG_BASE_2_OF_NUM_DRAM_BANKS=3 -DNUM_DRAM_BANKS=8 -DNUM_L1_BANKS=110 -DPCIE_NOC_X=19 -DPCIE_NOC_Y=24 -DTENSIX_FIRMWARE -DLOCAL_MEM_EN=0 -DPROFILE_KERNEL=1 -DPROFILER_FULL_HOST_BUFFER_SIZE_PER_RISC=48000 -DPROCESSOR_INDEX=1 -DCOMPILE_FOR_NCRISC -DARCH_BLACKHOLE -DDISPATCH_MESSAGE_ADDR=4290184248 -DKERNEL_BUILD -DFULL_KERNEL_NAME="\"reader_bmm_tile_layout_in0_receiver/14074600644474048694/\"" -DNOC_INDEX='1' -DNOC_MODE='0' -DKERNEL_COMPILE_TIME_ARGS=8,48,1,1,0,1,1,0 -DKERNEL_COMPILE_TIME_ARG_MAP="{\"cb_in0\",0}, " 
In file included from /home/mvasiljevic/tt-metal/tt_metal/hw/inc/api/dataflow/dataflow_api.h:27,
                 from /home/mvasiljevic/tt-metal/tt_metal/hw/inc/internal/firmware_common.h:24,
                 from /home/mvasiljevic/tt-metal/tt_metal/hw/firmware/src/tt-1xx/ncrisck.cc:17:
/home/mvasiljevic/tt-metal/tt_metal/tools/profiler/kernel_profiler.hpp: In function 'void kernel_profiler::quick_push()':
/home/mvasiljevic/tt-metal/tt_metal/tools/profiler/kernel_profiler.hpp:25:22: note: '#pragma message: PROFILER-NOC-QUICK-PUSH,/home/mvasiljevic/tt-metal/tt_metal/tools/profiler/kernel_profiler.hpp,395,KERNEL_PROFILER'
   25 | #define DO_PRAGMA(x) _Pragma(#x)
      |                      ^~~~~~~
/home/mvasiljevic/tt-metal/tt_metal/tools/profiler/kernel_profiler.hpp:35:5: note: in expansion of macro 'DO_PRAGMA'
   35 |     DO_PRAGMA(message(PROFILER_MSG_NAME(name))); \
      |     ^~~~~~~~~
/home/mvasiljevic/tt-metal/tt_metal/tools/profiler/kernel_profiler.hpp:395:5: note: in expansion of macro 'SrcLocNameToHash'
  395 |     SrcLocNameToHash("PROFILER-NOC-QUICK-PUSH");
      |     ^~~~~~~~~~~~~~~~
/home/mvasiljevic/tt-metal/tt_metal/hw/firmware/src/tt-1xx/ncrisck.cc: In function 'uint32_t _start()':
/home/mvasiljevic/tt-metal/tt_metal/tools/profiler/kernel_profiler.hpp:25:22: note: '#pragma message: NCRISC-KERNEL,/home/mvasiljevic/tt-metal/tt_metal/hw/firmware/src/tt-1xx/ncrisck.cc,69,KERNEL_PROFILER'
   25 | #define DO_PRAGMA(x) _Pragma(#x)
      |                      ^~~~~~~
/home/mvasiljevic/tt-metal/tt_metal/tools/profiler/kernel_profiler.hpp:702:5: note: in expansion of macro 'DO_PRAGMA'
  702 |     DO_PRAGMA(message(PROFILER_MSG_NAME(name)));                               \
      |     ^~~~~~~~~
/home/mvasiljevic/tt-metal/tt_metal/hw/firmware/src/tt-1xx/ncrisck.cc:69:5: note: in expansion of macro 'DeviceZoneScopedMainChildN'
   69 |     DeviceZoneScopedMainChildN("NCRISC-KERNEL");
      |     ^~~~~~~~~~~~~~~~~~~~~~~~~~
Building trisc2, compile step:
cd /home/mvasiljevic/.cache/tt-metal-cache/12569132917722018041/kernels/bmm_large_block_zm_fused_bias_activation/15870498561806198696/trisc2/ && /home/mvasiljevic/tt-metal/runtime/sfpi/compiler/bin/riscv-tt-elf-g++ -O3 -std=c++17 -ftt-nttp -ftt-constinit -ftt-consteval -ftt-no-dyninit -flto=auto -ffast-math -fno-exceptions -fno-rtti -fno-use-cxa-atexit -g -MMD -Wall -Werror -Wno-error=deprecated-declarations -Wno-error=multistatement-macros -Wno-error=parentheses -Wno-error=unused-but-set-variable -Wno-unused-variable -Wno-unused-function -mcpu=tt-bh-tensix -I. -I.. -I/home/mvasiljevic/tt-metal/ -I/home/mvasiljevic/tt-metal/ttnn -I/home/mvasiljevic/tt-metal/ttnn/cpp -I/home/mvasiljevic/tt-metal/tt_metal -I/home/mvasiljevic/tt-metal/tt_metal/hw/inc -I/home/mvasiljevic/tt-metal/tt_metal/tt-llk/common -I/home/mvasiljevic/tt-metal/tt_metal/hostdevcommon/api -I/home/mvasiljevic/tt-metal/tt_metal/api/ -I/home/mvasiljevic/tt-metal/runtime/sfpi/include -I/home/mvasiljevic/tt-metal/tt_metal/hw/ckernels/blackhole/metal/common -I/home/mvasiljevic/tt-metal/tt_metal/hw/ckernels/blackhole/metal/llk_io -I/home/mvasiljevic/tt-metal/tt_metal/hw/inc/internal/tt-1xx -I/home/mvasiljevic/tt-metal/tt_metal/hw/inc/internal/tt-1xx/blackhole -I/home/mvasiljevic/tt-metal/tt_metal/hw/inc/internal/tt-1xx/blackhole/blackhole_defines -I/home/mvasiljevic/tt-metal/tt_metal/hw/inc/internal/tt-1xx/blackhole/noc -I/home/mvasiljevic/tt-metal/tt_metal/tt-llk/tt_llk_blackhole/common/inc -I/home/mvasiljevic/tt-metal/tt_metal/tt-llk/tt_llk_blackhole/llk_lib -I/home/mvasiljevic/tt-metal/tt_metal/hw/ckernels/blackhole/metal/llk_api -I/home/mvasiljevic/tt-metal/tt_metal/hw/ckernels/blackhole/metal/llk_api/llk_sfpu -I/home/mvasiljevic/tt-metal/tt_metal/hw/firmware/src/tt-1xx -I/home/mvasiljevic/tt-metal/ttnn/cpp/ttnn/operations/matmul/device/kernels/compute -c -o /home/mvasiljevic/.cache/tt-metal-cache/12569132917722018041/kernels/bmm_large_block_zm_fused_bias_activation/15870498561806198696/trisc2/trisck.3749600202458196004.o /home/mvasiljevic/tt-metal/tt_metal/hw/firmware/src/tt-1xx/trisck.cc -MF /home/mvasiljevic/.cache/tt-metal-cache/12569132917722018041/kernels/bmm_large_block_zm_fused_bias_activation/15870498561806198696/trisc2/trisck.3749600202458196004.d -DIS_NOT_POW2_NUM_L1_BANKS=1 -DLOG_BASE_2_OF_NUM_DRAM_BANKS=3 -DNUM_DRAM_BANKS=8 -DNUM_L1_BANKS=110 -DPCIE_NOC_X=19 -DPCIE_NOC_Y=24 -DTENSIX_FIRMWARE -DLOCAL_MEM_EN=0 -DPROFILE_KERNEL=1 -DPROFILER_FULL_HOST_BUFFER_SIZE_PER_RISC=48000 -DPROCESSOR_INDEX=4 -DUCK_CHLKC_PACK -DCOMPILE_FOR_TRISC=2 -DARCH_BLACKHOLE -DDISPATCH_MESSAGE_ADDR=4290184248 -DKERNEL_BUILD -DFULL_KERNEL_NAME="\"bmm_large_block_zm_fused_bias_activation/15870498561806198696/\"" -DKERNEL_COMPILE_TIME_ARGS=2,2,8,4,1,6,3,48,1,1,2,3,6,1,12,0,0,0 -DKERNEL_COMPILE_TIME_ARG_MAP="{\"bias_ntiles\",3}, {\"cb_intermed0\",5}, {\"cb_out\",4}, {\"cb_in0_transposed\",10}, {\"cb_bias\",3}, {\"cb_in1\",1}, {\"cb_in0\",0}, " 
In file included from /home/mvasiljevic/tt-metal/tt_metal/hw/ckernels/blackhole/metal/llk_io/llk_io_pack.h:14,
                 from /home/mvasiljevic/tt-metal/tt_metal/hw/inc/api/compute/cb_api.h:12,
                 from /home/mvasiljevic/tt-metal/tt_metal/hw/inc/api/compute/common.h:11,
                 from /home/mvasiljevic/tt-metal/tt_metal/hw/inc/api/compute/matmul.h:7,
                 from /home/mvasiljevic/tt-metal/ttnn/cpp/ttnn/operations/matmul/device/kernels/compute/bmm_large_block_zm_fused_bias_activation.cpp:7,
                 from ../chlkc_pack.cpp:3,
                 from /home/mvasiljevic/tt-metal/tt_metal/hw/ckernels/blackhole/metal/common/chlkc_list.h:21,
                 from /home/mvasiljevic/tt-metal/tt_metal/hw/firmware/src/tt-1xx/trisck.cc:13:
/home/mvasiljevic/tt-metal/tt_metal/hw/ckernels/blackhole/metal/llk_io/llk_io_pack.h: In function 'void llk_wait_for_free_tiles(int32_t, int32_t)':
/home/mvasiljevic/tt-metal/tt_metal/tools/profiler/kernel_profiler.hpp:25:22: note: '#pragma message: CB-COMPUTE-RESERVE-BACK,/home/mvasiljevic/tt-metal/tt_metal/hw/ckernels/blackhole/metal/llk_io/llk_io_pack.h,21,KERNEL_PROFILER'
   25 | #define DO_PRAGMA(x) _Pragma(#x)
      |                      ^~~~~~~
/home/mvasiljevic/tt-metal/tt_metal/tools/profiler/kernel_profiler.hpp:712:5: note: in expansion of macro 'DO_PRAGMA'
  712 |     DO_PRAGMA(message(PROFILER_MSG_NAME(name)));                               \
      |     ^~~~~~~~~
/home/mvasiljevic/tt-metal/tt_metal/hw/ckernels/blackhole/metal/llk_io/llk_io_pack.h:21:5: note: in expansion of macro 'DeviceZoneScopedSumN2'
   21 |     DeviceZoneScopedSumN2("CB-COMPUTE-RESERVE-BACK");
      |     ^~~~~~~~~~~~~~~~~~~~~
/home/mvasiljevic/tt-metal/tt_metal/hw/firmware/src/tt-1xx/trisck.cc: In function 'uint32_t _start()':
/home/mvasiljevic/tt-metal/tt_metal/tools/profiler/kernel_profiler.hpp:25:22: note: '#pragma message: TRISC-KERNEL,/home/mvasiljevic/tt-metal/tt_metal/hw/firmware/src/tt-1xx/trisck.cc,86,KERNEL_PROFILER'
   25 | #define DO_PRAGMA(x) _Pragma(#x)
      |                      ^~~~~~~
/home/mvasiljevic/tt-metal/tt_metal/tools/profiler/kernel_profiler.hpp:702:5: note: in expansion of macro 'DO_PRAGMA'
  702 |     DO_PRAGMA(message(PROFILER_MSG_NAME(name)));                               \
      |     ^~~~~~~~~
/home/mvasiljevic/tt-metal/tt_metal/hw/firmware/src/tt-1xx/trisck.cc:86:5: note: in expansion of macro 'DeviceZoneScopedMainChildN'
   86 |     DeviceZoneScopedMainChildN("TRISC-KERNEL");
      |     ^~~~~~~~~~~~~~~~~~~~~~~~~~
Building trisc0, compile step:
cd /home/mvasiljevic/.cache/tt-metal-cache/12569132917722018041/kernels/bmm_large_block_zm_fused_bias_activation/15870498561806198696/trisc0/ && /home/mvasiljevic/tt-metal/runtime/sfpi/compiler/bin/riscv-tt-elf-g++ -O3 -std=c++17 -ftt-nttp -ftt-constinit -ftt-consteval -ftt-no-dyninit -flto=auto -ffast-math -fno-exceptions -fno-rtti -fno-use-cxa-atexit -g -MMD -Wall -Werror -Wno-error=deprecated-declarations -Wno-error=multistatement-macros -Wno-error=parentheses -Wno-error=unused-but-set-variable -Wno-unused-variable -Wno-unused-function -mcpu=tt-bh-tensix -I. -I.. -I/home/mvasiljevic/tt-metal/ -I/home/mvasiljevic/tt-metal/ttnn -I/home/mvasiljevic/tt-metal/ttnn/cpp -I/home/mvasiljevic/tt-metal/tt_metal -I/home/mvasiljevic/tt-metal/tt_metal/hw/inc -I/home/mvasiljevic/tt-metal/tt_metal/tt-llk/common -I/home/mvasiljevic/tt-metal/tt_metal/hostdevcommon/api -I/home/mvasiljevic/tt-metal/tt_metal/api/ -I/home/mvasiljevic/tt-metal/runtime/sfpi/include -I/home/mvasiljevic/tt-metal/tt_metal/hw/ckernels/blackhole/metal/common -I/home/mvasiljevic/tt-metal/tt_metal/hw/ckernels/blackhole/metal/llk_io -I/home/mvasiljevic/tt-metal/tt_metal/hw/inc/internal/tt-1xx -I/home/mvasiljevic/tt-metal/tt_metal/hw/inc/internal/tt-1xx/blackhole -I/home/mvasiljevic/tt-metal/tt_metal/hw/inc/internal/tt-1xx/blackhole/blackhole_defines -I/home/mvasiljevic/tt-metal/tt_metal/hw/inc/internal/tt-1xx/blackhole/noc -I/home/mvasiljevic/tt-metal/tt_metal/tt-llk/tt_llk_blackhole/common/inc -I/home/mvasiljevic/tt-metal/tt_metal/tt-llk/tt_llk_blackhole/llk_lib -I/home/mvasiljevic/tt-metal/tt_metal/hw/ckernels/blackhole/metal/llk_api -I/home/mvasiljevic/tt-metal/tt_metal/hw/ckernels/blackhole/metal/llk_api/llk_sfpu -I/home/mvasiljevic/tt-metal/tt_metal/hw/firmware/src/tt-1xx -I/home/mvasiljevic/tt-metal/ttnn/cpp/ttnn/operations/matmul/device/kernels/compute -c -o /home/mvasiljevic/.cache/tt-metal-cache/12569132917722018041/kernels/bmm_large_block_zm_fused_bias_activation/15870498561806198696/trisc0/trisck.3749600202458196004.o /home/mvasiljevic/tt-metal/tt_metal/hw/firmware/src/tt-1xx/trisck.cc -MF /home/mvasiljevic/.cache/tt-metal-cache/12569132917722018041/kernels/bmm_large_block_zm_fused_bias_activation/15870498561806198696/trisc0/trisck.3749600202458196004.d -DIS_NOT_POW2_NUM_L1_BANKS=1 -DLOG_BASE_2_OF_NUM_DRAM_BANKS=3 -DNUM_DRAM_BANKS=8 -DNUM_L1_BANKS=110 -DPCIE_NOC_X=19 -DPCIE_NOC_Y=24 -DTENSIX_FIRMWARE -DLOCAL_MEM_EN=0 -DPROFILE_KERNEL=1 -DPROFILER_FULL_HOST_BUFFER_SIZE_PER_RISC=48000 -DPROCESSOR_INDEX=2 -DUCK_CHLKC_UNPACK -DCOMPILE_FOR_TRISC=0 -DARCH_BLACKHOLE -DDISPATCH_MESSAGE_ADDR=4290184248 -DKERNEL_BUILD -DFULL_KERNEL_NAME="\"bmm_large_block_zm_fused_bias_activation/15870498561806198696/\"" -DKERNEL_COMPILE_TIME_ARGS=2,2,8,4,1,6,3,48,1,1,2,3,6,1,12,0,0,0 -DKERNEL_COMPILE_TIME_ARG_MAP="{\"bias_ntiles\",3}, {\"cb_intermed0\",5}, {\"cb_out\",4}, {\"cb_in0_transposed\",10}, {\"cb_bias\",3}, {\"cb_in1\",1}, {\"cb_in0\",0}, " 
In file included from /home/mvasiljevic/tt-metal/tt_metal/hw/ckernels/blackhole/metal/llk_io/llk_io_unpack.h:13,
                 from /home/mvasiljevic/tt-metal/tt_metal/hw/inc/api/compute/cb_api.h:15,
                 from /home/mvasiljevic/tt-metal/tt_metal/hw/inc/api/compute/common.h:11,
                 from /home/mvasiljevic/tt-metal/tt_metal/hw/inc/api/compute/matmul.h:7,
                 from /home/mvasiljevic/tt-metal/ttnn/cpp/ttnn/operations/matmul/device/kernels/compute/bmm_large_block_zm_fused_bias_activation.cpp:7,
                 from ../chlkc_unpack.cpp:3,
                 from /home/mvasiljevic/tt-metal/tt_metal/hw/ckernels/blackhole/metal/common/chlkc_list.h:26,
                 from /home/mvasiljevic/tt-metal/tt_metal/hw/firmware/src/tt-1xx/trisck.cc:13:
/home/mvasiljevic/tt-metal/tt_metal/hw/ckernels/blackhole/metal/llk_io/llk_io_unpack.h: In function 'void llk_wait_tiles(int, int32_t)':
/home/mvasiljevic/tt-metal/tt_metal/tools/profiler/kernel_profiler.hpp:25:22: note: '#pragma message: CB-COMPUTE-WAIT-FRONT,/home/mvasiljevic/tt-metal/tt_metal/hw/ckernels/blackhole/metal/llk_io/llk_io_unpack.h,19,KERNEL_PROFILER'
   25 | #define DO_PRAGMA(x) _Pragma(#x)
      |                      ^~~~~~~
/home/mvasiljevic/tt-metal/tt_metal/tools/profiler/kernel_profiler.hpp:707:5: note: in expansion of macro 'DO_PRAGMA'
  707 |     DO_PRAGMA(message(PROFILER_MSG_NAME(name)));                               \
      |     ^~~~~~~~~
/home/mvasiljevic/tt-metal/tt_metal/hw/ckernels/blackhole/metal/llk_io/llk_io_unpack.h:19:5: note: in expansion of macro 'DeviceZoneScopedSumN1'
   19 |     DeviceZoneScopedSumN1("CB-COMPUTE-WAIT-FRONT");
      |     ^~~~~~~~~~~~~~~~~~~~~
/home/mvasiljevic/tt-metal/tt_metal/hw/firmware/src/tt-1xx/trisck.cc: In function 'uint32_t _start()':
/home/mvasiljevic/tt-metal/tt_metal/tools/profiler/kernel_profiler.hpp:25:22: note: '#pragma message: TRISC-KERNEL,/home/mvasiljevic/tt-metal/tt_metal/hw/firmware/src/tt-1xx/trisck.cc,86,KERNEL_PROFILER'
   25 | #define DO_PRAGMA(x) _Pragma(#x)
      |                      ^~~~~~~
/home/mvasiljevic/tt-metal/tt_metal/tools/profiler/kernel_profiler.hpp:702:5: note: in expansion of macro 'DO_PRAGMA'
  702 |     DO_PRAGMA(message(PROFILER_MSG_NAME(name)));                               \
      |     ^~~~~~~~~
/home/mvasiljevic/tt-metal/tt_metal/hw/firmware/src/tt-1xx/trisck.cc:86:5: note: in expansion of macro 'DeviceZoneScopedMainChildN'
   86 |     DeviceZoneScopedMainChildN("TRISC-KERNEL");
      |     ^~~~~~~~~~~~~~~~~~~~~~~~~~
Building brisc, compile step:
cd /home/mvasiljevic/.cache/tt-metal-cache/12569132917722018041/kernels/reader_bmm_tile_layout_in1_sender_writer_padding/4024530729489481122/brisc/ && /home/mvasiljevic/tt-metal/runtime/sfpi/compiler/bin/riscv-tt-elf-g++ -O2 -std=c++17 -ftt-nttp -ftt-constinit -ftt-consteval -ftt-no-dyninit -flto=auto -ffast-math -fno-exceptions -fno-rtti -fno-use-cxa-atexit -g -MMD -Wall -Werror -Wno-error=deprecated-declarations -Wno-error=multistatement-macros -Wno-error=parentheses -Wno-error=unused-but-set-variable -Wno-unused-variable -Wno-unused-function -mcpu=tt-bh -fno-tree-loop-distribute-patterns -I. -I.. -I/home/mvasiljevic/tt-metal/ -I/home/mvasiljevic/tt-metal/ttnn -I/home/mvasiljevic/tt-metal/ttnn/cpp -I/home/mvasiljevic/tt-metal/tt_metal -I/home/mvasiljevic/tt-metal/tt_metal/hw/inc -I/home/mvasiljevic/tt-metal/tt_metal/tt-llk/common -I/home/mvasiljevic/tt-metal/tt_metal/hostdevcommon/api -I/home/mvasiljevic/tt-metal/tt_metal/api/ -I/home/mvasiljevic/tt-metal/tt_metal/hw/ckernels/blackhole/metal/common -I/home/mvasiljevic/tt-metal/tt_metal/hw/ckernels/blackhole/metal/llk_io -I/home/mvasiljevic/tt-metal/tt_metal/hw/inc/internal/tt-1xx -I/home/mvasiljevic/tt-metal/tt_metal/hw/inc/internal/tt-1xx/blackhole -I/home/mvasiljevic/tt-metal/tt_metal/hw/inc/internal/tt-1xx/blackhole/blackhole_defines -I/home/mvasiljevic/tt-metal/tt_metal/hw/inc/internal/tt-1xx/blackhole/noc -I/home/mvasiljevic/tt-metal/tt_metal/tt-llk/tt_llk_blackhole/common/inc -I/home/mvasiljevic/tt-metal/tt_metal/tt-llk/tt_llk_blackhole/llk_lib -I/home/mvasiljevic/tt-metal/tt_metal/hw/firmware/src/tt-1xx -I/home/mvasiljevic/tt-metal/ttnn/cpp/ttnn/operations/matmul/device/kernels/dataflow -c -o /home/mvasiljevic/.cache/tt-metal-cache/12569132917722018041/kernels/reader_bmm_tile_layout_in1_sender_writer_padding/4024530729489481122/brisc/brisck.3749600202458196004.o /home/mvasiljevic/tt-metal/tt_metal/hw/firmware/src/tt-1xx/brisck.cc -MF /home/mvasiljevic/.cache/tt-metal-cache/12569132917722018041/kernels/reader_bmm_tile_layout_in1_sender_writer_padding/4024530729489481122/brisc/brisck.3749600202458196004.d -DIS_NOT_POW2_NUM_L1_BANKS=1 -DLOG_BASE_2_OF_NUM_DRAM_BANKS=3 -DNUM_DRAM_BANKS=8 -DNUM_L1_BANKS=110 -DPCIE_NOC_X=19 -DPCIE_NOC_Y=24 -DTENSIX_FIRMWARE -DLOCAL_MEM_EN=0 -DPROFILE_KERNEL=1 -DPROFILER_FULL_HOST_BUFFER_SIZE_PER_RISC=48000 -DPROCESSOR_INDEX=0 -DCOMPILE_FOR_BRISC -DARCH_BLACKHOLE -DDISPATCH_MESSAGE_ADDR=4290184248 -DKERNEL_BUILD -DFULL_KERNEL_NAME="\"reader_bmm_tile_layout_in1_sender_writer_padding/4024530729489481122/\"" -DSKIP_MCAST='1' -DNOC_INDEX='0' -DNOC_MODE='0' -DKERNEL_COMPILE_TIME_ARGS=1,288,576,3,3,2,6,48,1,1,0,0,0,0,27648,1,1,0,0,1,288,3,576,3,1152,3,2,6,1152,0,0,0,2,576,0,0,2,2048 -DKERNEL_COMPILE_TIME_ARG_MAP="{\"cb_sparsity\",7}, {\"cb_out\",4}, {\"cb_bias\",3}, {\"cb_in1\",1}, " 
In file included from /home/mvasiljevic/tt-metal/tt_metal/hw/inc/api/dataflow/dataflow_api.h:27,
                 from /home/mvasiljevic/tt-metal/tt_metal/hw/inc/internal/firmware_common.h:24,
                 from /home/mvasiljevic/tt-metal/tt_metal/hw/firmware/src/tt-1xx/brisck.cc:17:
/home/mvasiljevic/tt-metal/tt_metal/tools/profiler/kernel_profiler.hpp: In function 'void kernel_profiler::quick_push()':
/home/mvasiljevic/tt-metal/tt_metal/tools/profiler/kernel_profiler.hpp:25:22: note: '#pragma message: PROFILER-NOC-QUICK-PUSH,/home/mvasiljevic/tt-metal/tt_metal/tools/profiler/kernel_profiler.hpp,395,KERNEL_PROFILER'
   25 | #define DO_PRAGMA(x) _Pragma(#x)
      |                      ^~~~~~~
/home/mvasiljevic/tt-metal/tt_metal/tools/profiler/kernel_profiler.hpp:35:5: note: in expansion of macro 'DO_PRAGMA'
   35 |     DO_PRAGMA(message(PROFILER_MSG_NAME(name))); \
      |     ^~~~~~~~~
/home/mvasiljevic/tt-metal/tt_metal/tools/profiler/kernel_profiler.hpp:395:5: note: in expansion of macro 'SrcLocNameToHash'
  395 |     SrcLocNameToHash("PROFILER-NOC-QUICK-PUSH");
      |     ^~~~~~~~~~~~~~~~
/home/mvasiljevic/tt-metal/tt_metal/hw/firmware/src/tt-1xx/brisck.cc: In function 'uint32_t _start()':
/home/mvasiljevic/tt-metal/tt_metal/tools/profiler/kernel_profiler.hpp:25:22: note: '#pragma message: BRISC-KERNEL,/home/mvasiljevic/tt-metal/tt_metal/hw/firmware/src/tt-1xx/brisck.cc,77,KERNEL_PROFILER'
   25 | #define DO_PRAGMA(x) _Pragma(#x)
      |                      ^~~~~~~
/home/mvasiljevic/tt-metal/tt_metal/tools/profiler/kernel_profiler.hpp:702:5: note: in expansion of macro 'DO_PRAGMA'
  702 |     DO_PRAGMA(message(PROFILER_MSG_NAME(name)));                               \
      |     ^~~~~~~~~
/home/mvasiljevic/tt-metal/tt_metal/hw/firmware/src/tt-1xx/brisck.cc:77:9: note: in expansion of macro 'DeviceZoneScopedMainChildN'
   77 |         DeviceZoneScopedMainChildN("BRISC-KERNEL");
      |         ^~~~~~~~~~~~~~~~~~~~~~~~~~
Building ncrisc, compile step:
cd /home/mvasiljevic/.cache/tt-metal-cache/12569132917722018041/kernels/reader_bmm_tile_layout_in0_sender_padding/12870014585448482925/ncrisc/ && /home/mvasiljevic/tt-metal/runtime/sfpi/compiler/bin/riscv-tt-elf-g++ -O2 -std=c++17 -ftt-nttp -ftt-constinit -ftt-consteval -ftt-no-dyninit -flto=auto -ffast-math -fno-exceptions -fno-rtti -fno-use-cxa-atexit -g -MMD -Wall -Werror -Wno-error=deprecated-declarations -Wno-error=multistatement-macros -Wno-error=parentheses -Wno-error=unused-but-set-variable -Wno-unused-variable -Wno-unused-function -mcpu=tt-bh -fno-tree-loop-distribute-patterns -I. -I.. -I/home/mvasiljevic/tt-metal/ -I/home/mvasiljevic/tt-metal/ttnn -I/home/mvasiljevic/tt-metal/ttnn/cpp -I/home/mvasiljevic/tt-metal/tt_metal -I/home/mvasiljevic/tt-metal/tt_metal/hw/inc -I/home/mvasiljevic/tt-metal/tt_metal/tt-llk/common -I/home/mvasiljevic/tt-metal/tt_metal/hostdevcommon/api -I/home/mvasiljevic/tt-metal/tt_metal/api/ -I/home/mvasiljevic/tt-metal/tt_metal/hw/ckernels/blackhole/metal/common -I/home/mvasiljevic/tt-metal/tt_metal/hw/ckernels/blackhole/metal/llk_io -I/home/mvasiljevic/tt-metal/tt_metal/hw/inc/internal/tt-1xx -I/home/mvasiljevic/tt-metal/tt_metal/hw/inc/internal/tt-1xx/blackhole -I/home/mvasiljevic/tt-metal/tt_metal/hw/inc/internal/tt-1xx/blackhole/blackhole_defines -I/home/mvasiljevic/tt-metal/tt_metal/hw/inc/internal/tt-1xx/blackhole/noc -I/home/mvasiljevic/tt-metal/tt_metal/tt-llk/tt_llk_blackhole/common/inc -I/home/mvasiljevic/tt-metal/tt_metal/tt-llk/tt_llk_blackhole/llk_lib -I/home/mvasiljevic/tt-metal/tt_metal/hw/firmware/src/tt-1xx -I/home/mvasiljevic/tt-metal/ttnn/cpp/ttnn/operations/matmul/device/kernels/dataflow -c -o /home/mvasiljevic/.cache/tt-metal-cache/12569132917722018041/kernels/reader_bmm_tile_layout_in0_sender_padding/12870014585448482925/ncrisc/ncrisck.3749600202458196004.o /home/mvasiljevic/tt-metal/tt_metal/hw/firmware/src/tt-1xx/ncrisck.cc -MF /home/mvasiljevic/.cache/tt-metal-cache/12569132917722018041/kernels/reader_bmm_tile_layout_in0_sender_padding/12870014585448482925/ncrisc/ncrisck.3749600202458196004.d -DIS_NOT_POW2_NUM_L1_BANKS=1 -DLOG_BASE_2_OF_NUM_DRAM_BANKS=3 -DNUM_DRAM_BANKS=8 -DNUM_L1_BANKS=110 -DPCIE_NOC_X=19 -DPCIE_NOC_Y=24 -DTENSIX_FIRMWARE -DLOCAL_MEM_EN=0 -DPROFILE_KERNEL=1 -DPROFILER_FULL_HOST_BUFFER_SIZE_PER_RISC=48000 -DPROCESSOR_INDEX=1 -DCOMPILE_FOR_NCRISC -DARCH_BLACKHOLE -DDISPATCH_MESSAGE_ADDR=4290184248 -DKERNEL_BUILD -DFULL_KERNEL_NAME="\"reader_bmm_tile_layout_in0_sender_padding/12870014585448482925/\"" -DNOC_INDEX='1' -DNOC_MODE='0' -DKERNEL_COMPILE_TIME_ARGS=1,96,2,384,2,4,8,0,0,0,0,0,48,1,1,0,1,95,98,384,1,1,0,0,0,1,0,0,2,2048,0,0,0 -DKERNEL_COMPILE_TIME_ARG_MAP="{\"cb_sparsity\",6}, {\"cb_in0_sharded\",2}, {\"cb_in0\",0}, " 
In file included from /home/mvasiljevic/tt-metal/tt_metal/hw/inc/api/dataflow/dataflow_api.h:27,
                 from /home/mvasiljevic/tt-metal/tt_metal/hw/inc/internal/firmware_common.h:24,
                 from /home/mvasiljevic/tt-metal/tt_metal/hw/firmware/src/tt-1xx/ncrisck.cc:17:
/home/mvasiljevic/tt-metal/tt_metal/tools/profiler/kernel_profiler.hpp: In function 'void kernel_profiler::quick_push()':
/home/mvasiljevic/tt-metal/tt_metal/tools/profiler/kernel_profiler.hpp:25:22: note: '#pragma message: PROFILER-NOC-QUICK-PUSH,/home/mvasiljevic/tt-metal/tt_metal/tools/profiler/kernel_profiler.hpp,395,KERNEL_PROFILER'
   25 | #define DO_PRAGMA(x) _Pragma(#x)
      |                      ^~~~~~~
/home/mvasiljevic/tt-metal/tt_metal/tools/profiler/kernel_profiler.hpp:35:5: note: in expansion of macro 'DO_PRAGMA'
   35 |     DO_PRAGMA(message(PROFILER_MSG_NAME(name))); \
      |     ^~~~~~~~~
/home/mvasiljevic/tt-metal/tt_metal/tools/profiler/kernel_profiler.hpp:395:5: note: in expansion of macro 'SrcLocNameToHash'
  395 |     SrcLocNameToHash("PROFILER-NOC-QUICK-PUSH");
      |     ^~~~~~~~~~~~~~~~
/home/mvasiljevic/tt-metal/tt_metal/hw/firmware/src/tt-1xx/ncrisck.cc: In function 'uint32_t _start()':
/home/mvasiljevic/tt-metal/tt_metal/tools/profiler/kernel_profiler.hpp:25:22: note: '#pragma message: NCRISC-KERNEL,/home/mvasiljevic/tt-metal/tt_metal/hw/firmware/src/tt-1xx/ncrisck.cc,69,KERNEL_PROFILER'
   25 | #define DO_PRAGMA(x) _Pragma(#x)
      |                      ^~~~~~~
/home/mvasiljevic/tt-metal/tt_metal/tools/profiler/kernel_profiler.hpp:702:5: note: in expansion of macro 'DO_PRAGMA'
  702 |     DO_PRAGMA(message(PROFILER_MSG_NAME(name)));                               \
      |     ^~~~~~~~~
/home/mvasiljevic/tt-metal/tt_metal/hw/firmware/src/tt-1xx/ncrisck.cc:69:5: note: in expansion of macro 'DeviceZoneScopedMainChildN'
   69 |     DeviceZoneScopedMainChildN("NCRISC-KERNEL");
      |     ^~~~~~~~~~~~~~~~~~~~~~~~~~
Building trisc1, compile step:
cd /home/mvasiljevic/.cache/tt-metal-cache/12569132917722018041/kernels/bmm_large_block_zm_fused_bias_activation/15870498561806198696/trisc1/ && /home/mvasiljevic/tt-metal/runtime/sfpi/compiler/bin/riscv-tt-elf-g++ -O3 -std=c++17 -ftt-nttp -ftt-constinit -ftt-consteval -ftt-no-dyninit -flto=auto -ffast-math -fno-exceptions -fno-rtti -fno-use-cxa-atexit -g -MMD -Wall -Werror -Wno-error=deprecated-declarations -Wno-error=multistatement-macros -Wno-error=parentheses -Wno-error=unused-but-set-variable -Wno-unused-variable -Wno-unused-function -mcpu=tt-bh-tensix -I. -I.. -I/home/mvasiljevic/tt-metal/ -I/home/mvasiljevic/tt-metal/ttnn -I/home/mvasiljevic/tt-metal/ttnn/cpp -I/home/mvasiljevic/tt-metal/tt_metal -I/home/mvasiljevic/tt-metal/tt_metal/hw/inc -I/home/mvasiljevic/tt-metal/tt_metal/tt-llk/common -I/home/mvasiljevic/tt-metal/tt_metal/hostdevcommon/api -I/home/mvasiljevic/tt-metal/tt_metal/api/ -I/home/mvasiljevic/tt-metal/runtime/sfpi/include -I/home/mvasiljevic/tt-metal/tt_metal/hw/ckernels/blackhole/metal/common -I/home/mvasiljevic/tt-metal/tt_metal/hw/ckernels/blackhole/metal/llk_io -I/home/mvasiljevic/tt-metal/tt_metal/hw/inc/internal/tt-1xx -I/home/mvasiljevic/tt-metal/tt_metal/hw/inc/internal/tt-1xx/blackhole -I/home/mvasiljevic/tt-metal/tt_metal/hw/inc/internal/tt-1xx/blackhole/blackhole_defines -I/home/mvasiljevic/tt-metal/tt_metal/hw/inc/internal/tt-1xx/blackhole/noc -I/home/mvasiljevic/tt-metal/tt_metal/tt-llk/tt_llk_blackhole/common/inc -I/home/mvasiljevic/tt-metal/tt_metal/tt-llk/tt_llk_blackhole/llk_lib -I/home/mvasiljevic/tt-metal/tt_metal/hw/ckernels/blackhole/metal/llk_api -I/home/mvasiljevic/tt-metal/tt_metal/hw/ckernels/blackhole/metal/llk_api/llk_sfpu -I/home/mvasiljevic/tt-metal/tt_metal/hw/firmware/src/tt-1xx -I/home/mvasiljevic/tt-metal/ttnn/cpp/ttnn/operations/matmul/device/kernels/compute -c -o /home/mvasiljevic/.cache/tt-metal-cache/12569132917722018041/kernels/bmm_large_block_zm_fused_bias_activation/15870498561806198696/trisc1/trisck.3749600202458196004.o /home/mvasiljevic/tt-metal/tt_metal/hw/firmware/src/tt-1xx/trisck.cc -MF /home/mvasiljevic/.cache/tt-metal-cache/12569132917722018041/kernels/bmm_large_block_zm_fused_bias_activation/15870498561806198696/trisc1/trisck.3749600202458196004.d -DIS_NOT_POW2_NUM_L1_BANKS=1 -DLOG_BASE_2_OF_NUM_DRAM_BANKS=3 -DNUM_DRAM_BANKS=8 -DNUM_L1_BANKS=110 -DPCIE_NOC_X=19 -DPCIE_NOC_Y=24 -DTENSIX_FIRMWARE -DLOCAL_MEM_EN=0 -DPROFILE_KERNEL=1 -DPROFILER_FULL_HOST_BUFFER_SIZE_PER_RISC=48000 -DPROCESSOR_INDEX=3 -DUCK_CHLKC_MATH -DCOMPILE_FOR_TRISC=1 -DARCH_BLACKHOLE -DDISPATCH_MESSAGE_ADDR=4290184248 -DKERNEL_BUILD -DFULL_KERNEL_NAME="\"bmm_large_block_zm_fused_bias_activation/15870498561806198696/\"" -DKERNEL_COMPILE_TIME_ARGS=2,2,8,4,1,6,3,48,1,1,2,3,6,1,12,0,0,0 -DKERNEL_COMPILE_TIME_ARG_MAP="{\"bias_ntiles\",3}, {\"cb_intermed0\",5}, {\"cb_out\",4}, {\"cb_in0_transposed\",10}, {\"cb_bias\",3}, {\"cb_in1\",1}, {\"cb_in0\",0}, " 
In file included from /home/mvasiljevic/tt-metal/tt_metal/hw/firmware/src/tt-1xx/trisck.cc:15:
/home/mvasiljevic/tt-metal/tt_metal/hw/firmware/src/tt-1xx/trisck.cc: In function 'uint32_t _start()':
/home/mvasiljevic/tt-metal/tt_metal/tools/profiler/kernel_profiler.hpp:25:22: note: '#pragma message: TRISC-KERNEL,/home/mvasiljevic/tt-metal/tt_metal/hw/firmware/src/tt-1xx/trisck.cc,86,KERNEL_PROFILER'
   25 | #define DO_PRAGMA(x) _Pragma(#x)
      |                      ^~~~~~~
/home/mvasiljevic/tt-metal/tt_metal/tools/profiler/kernel_profiler.hpp:702:5: note: in expansion of macro 'DO_PRAGMA'
  702 |     DO_PRAGMA(message(PROFILER_MSG_NAME(name)));                               \
      |     ^~~~~~~~~
/home/mvasiljevic/tt-metal/tt_metal/hw/firmware/src/tt-1xx/trisck.cc:86:5: note: in expansion of macro 'DeviceZoneScopedMainChildN'
   86 |     DeviceZoneScopedMainChildN("TRISC-KERNEL");
      |     ^~~~~~~~~~~~~~~~~~~~~~~~~~
Building trisc2, compile step:
cd /home/mvasiljevic/.cache/tt-metal-cache/12569132917722018041/kernels/bmm_large_block_zm_fused_bias_activation/3231457121460548736/trisc2/ && /home/mvasiljevic/tt-metal/runtime/sfpi/compiler/bin/riscv-tt-elf-g++ -O3 -std=c++17 -ftt-nttp -ftt-constinit -ftt-consteval -ftt-no-dyninit -flto=auto -ffast-math -fno-exceptions -fno-rtti -fno-use-cxa-atexit -g -MMD -Wall -Werror -Wno-error=deprecated-declarations -Wno-error=multistatement-macros -Wno-error=parentheses -Wno-error=unused-but-set-variable -Wno-unused-variable -Wno-unused-function -mcpu=tt-bh-tensix -I. -I.. -I/home/mvasiljevic/tt-metal/ -I/home/mvasiljevic/tt-metal/ttnn -I/home/mvasiljevic/tt-metal/ttnn/cpp -I/home/mvasiljevic/tt-metal/tt_metal -I/home/mvasiljevic/tt-metal/tt_metal/hw/inc -I/home/mvasiljevic/tt-metal/tt_metal/tt-llk/common -I/home/mvasiljevic/tt-metal/tt_metal/hostdevcommon/api -I/home/mvasiljevic/tt-metal/tt_metal/api/ -I/home/mvasiljevic/tt-metal/runtime/sfpi/include -I/home/mvasiljevic/tt-metal/tt_metal/hw/ckernels/blackhole/metal/common -I/home/mvasiljevic/tt-metal/tt_metal/hw/ckernels/blackhole/metal/llk_io -I/home/mvasiljevic/tt-metal/tt_metal/hw/inc/internal/tt-1xx -I/home/mvasiljevic/tt-metal/tt_metal/hw/inc/internal/tt-1xx/blackhole -I/home/mvasiljevic/tt-metal/tt_metal/hw/inc/internal/tt-1xx/blackhole/blackhole_defines -I/home/mvasiljevic/tt-metal/tt_metal/hw/inc/internal/tt-1xx/blackhole/noc -I/home/mvasiljevic/tt-metal/tt_metal/tt-llk/tt_llk_blackhole/common/inc -I/home/mvasiljevic/tt-metal/tt_metal/tt-llk/tt_llk_blackhole/llk_lib -I/home/mvasiljevic/tt-metal/tt_metal/hw/ckernels/blackhole/metal/llk_api -I/home/mvasiljevic/tt-metal/tt_metal/hw/ckernels/blackhole/metal/llk_api/llk_sfpu -I/home/mvasiljevic/tt-metal/tt_metal/hw/firmware/src/tt-1xx -I/home/mvasiljevic/tt-metal/ttnn/cpp/ttnn/operations/matmul/device/kernels/compute -c -o /home/mvasiljevic/.cache/tt-metal-cache/12569132917722018041/kernels/bmm_large_block_zm_fused_bias_activation/3231457121460548736/trisc2/trisck.3749600202458196004.o /home/mvasiljevic/tt-metal/tt_metal/hw/firmware/src/tt-1xx/trisck.cc -MF /home/mvasiljevic/.cache/tt-metal-cache/12569132917722018041/kernels/bmm_large_block_zm_fused_bias_activation/3231457121460548736/trisc2/trisck.3749600202458196004.d -DIS_NOT_POW2_NUM_L1_BANKS=1 -DLOG_BASE_2_OF_NUM_DRAM_BANKS=3 -DNUM_DRAM_BANKS=8 -DNUM_L1_BANKS=110 -DPCIE_NOC_X=19 -DPCIE_NOC_Y=24 -DTENSIX_FIRMWARE -DLOCAL_MEM_EN=0 -DPROFILE_KERNEL=1 -DPROFILER_FULL_HOST_BUFFER_SIZE_PER_RISC=48000 -DPROCESSOR_INDEX=4 -DUCK_CHLKC_PACK -DCOMPILE_FOR_TRISC=2 -DARCH_BLACKHOLE -DDISPATCH_MESSAGE_ADDR=4290184248 -DKERNEL_BUILD -DFULL_KERNEL_NAME="\"bmm_large_block_zm_fused_bias_activation/3231457121460548736/\"" -DKERNEL_COMPILE_TIME_ARGS=2,1,8,8,1,2,1,48,1,1,4,1,4,1,4,0,0,0 -DKERNEL_COMPILE_TIME_ARG_MAP="{\"bias_ntiles\",1}, {\"cb_intermed0\",5}, {\"cb_out\",4}, {\"cb_in0_transposed\",10}, {\"cb_bias\",3}, {\"cb_in1\",1}, {\"cb_in0\",0}, " 
In file included from /home/mvasiljevic/tt-metal/tt_metal/hw/ckernels/blackhole/metal/llk_io/llk_io_pack.h:14,
                 from /home/mvasiljevic/tt-metal/tt_metal/hw/inc/api/compute/cb_api.h:12,
                 from /home/mvasiljevic/tt-metal/tt_metal/hw/inc/api/compute/common.h:11,
                 from /home/mvasiljevic/tt-metal/tt_metal/hw/inc/api/compute/matmul.h:7,
                 from /home/mvasiljevic/tt-metal/ttnn/cpp/ttnn/operations/matmul/device/kernels/compute/bmm_large_block_zm_fused_bias_activation.cpp:7,
                 from ../chlkc_pack.cpp:3,
                 from /home/mvasiljevic/tt-metal/tt_metal/hw/ckernels/blackhole/metal/common/chlkc_list.h:21,
                 from /home/mvasiljevic/tt-metal/tt_metal/hw/firmware/src/tt-1xx/trisck.cc:13:
/home/mvasiljevic/tt-metal/tt_metal/hw/ckernels/blackhole/metal/llk_io/llk_io_pack.h: In function 'void llk_wait_for_free_tiles(int32_t, int32_t)':
/home/mvasiljevic/tt-metal/tt_metal/tools/profiler/kernel_profiler.hpp:25:22: note: '#pragma message: CB-COMPUTE-RESERVE-BACK,/home/mvasiljevic/tt-metal/tt_metal/hw/ckernels/blackhole/metal/llk_io/llk_io_pack.h,21,KERNEL_PROFILER'
   25 | #define DO_PRAGMA(x) _Pragma(#x)
      |                      ^~~~~~~
/home/mvasiljevic/tt-metal/tt_metal/tools/profiler/kernel_profiler.hpp:712:5: note: in expansion of macro 'DO_PRAGMA'
  712 |     DO_PRAGMA(message(PROFILER_MSG_NAME(name)));                               \
      |     ^~~~~~~~~
/home/mvasiljevic/tt-metal/tt_metal/hw/ckernels/blackhole/metal/llk_io/llk_io_pack.h:21:5: note: in expansion of macro 'DeviceZoneScopedSumN2'
   21 |     DeviceZoneScopedSumN2("CB-COMPUTE-RESERVE-BACK");
      |     ^~~~~~~~~~~~~~~~~~~~~
/home/mvasiljevic/tt-metal/tt_metal/hw/firmware/src/tt-1xx/trisck.cc: In function 'uint32_t _start()':
/home/mvasiljevic/tt-metal/tt_metal/tools/profiler/kernel_profiler.hpp:25:22: note: '#pragma message: TRISC-KERNEL,/home/mvasiljevic/tt-metal/tt_metal/hw/firmware/src/tt-1xx/trisck.cc,86,KERNEL_PROFILER'
   25 | #define DO_PRAGMA(x) _Pragma(#x)
      |                      ^~~~~~~
/home/mvasiljevic/tt-metal/tt_metal/tools/profiler/kernel_profiler.hpp:702:5: note: in expansion of macro 'DO_PRAGMA'
  702 |     DO_PRAGMA(message(PROFILER_MSG_NAME(name)));                               \
      |     ^~~~~~~~~
/home/mvasiljevic/tt-metal/tt_metal/hw/firmware/src/tt-1xx/trisck.cc:86:5: note: in expansion of macro 'DeviceZoneScopedMainChildN'
   86 |     DeviceZoneScopedMainChildN("TRISC-KERNEL");
      |     ^~~~~~~~~~~~~~~~~~~~~~~~~~
Building trisc0, compile step:
cd /home/mvasiljevic/.cache/tt-metal-cache/12569132917722018041/kernels/bmm_large_block_zm_fused_bias_activation/3231457121460548736/trisc0/ && /home/mvasiljevic/tt-metal/runtime/sfpi/compiler/bin/riscv-tt-elf-g++ -O3 -std=c++17 -ftt-nttp -ftt-constinit -ftt-consteval -ftt-no-dyninit -flto=auto -ffast-math -fno-exceptions -fno-rtti -fno-use-cxa-atexit -g -MMD -Wall -Werror -Wno-error=deprecated-declarations -Wno-error=multistatement-macros -Wno-error=parentheses -Wno-error=unused-but-set-variable -Wno-unused-variable -Wno-unused-function -mcpu=tt-bh-tensix -I. -I.. -I/home/mvasiljevic/tt-metal/ -I/home/mvasiljevic/tt-metal/ttnn -I/home/mvasiljevic/tt-metal/ttnn/cpp -I/home/mvasiljevic/tt-metal/tt_metal -I/home/mvasiljevic/tt-metal/tt_metal/hw/inc -I/home/mvasiljevic/tt-metal/tt_metal/tt-llk/common -I/home/mvasiljevic/tt-metal/tt_metal/hostdevcommon/api -I/home/mvasiljevic/tt-metal/tt_metal/api/ -I/home/mvasiljevic/tt-metal/runtime/sfpi/include -I/home/mvasiljevic/tt-metal/tt_metal/hw/ckernels/blackhole/metal/common -I/home/mvasiljevic/tt-metal/tt_metal/hw/ckernels/blackhole/metal/llk_io -I/home/mvasiljevic/tt-metal/tt_metal/hw/inc/internal/tt-1xx -I/home/mvasiljevic/tt-metal/tt_metal/hw/inc/internal/tt-1xx/blackhole -I/home/mvasiljevic/tt-metal/tt_metal/hw/inc/internal/tt-1xx/blackhole/blackhole_defines -I/home/mvasiljevic/tt-metal/tt_metal/hw/inc/internal/tt-1xx/blackhole/noc -I/home/mvasiljevic/tt-metal/tt_metal/tt-llk/tt_llk_blackhole/common/inc -I/home/mvasiljevic/tt-metal/tt_metal/tt-llk/tt_llk_blackhole/llk_lib -I/home/mvasiljevic/tt-metal/tt_metal/hw/ckernels/blackhole/metal/llk_api -I/home/mvasiljevic/tt-metal/tt_metal/hw/ckernels/blackhole/metal/llk_api/llk_sfpu -I/home/mvasiljevic/tt-metal/tt_metal/hw/firmware/src/tt-1xx -I/home/mvasiljevic/tt-metal/ttnn/cpp/ttnn/operations/matmul/device/kernels/compute -c -o /home/mvasiljevic/.cache/tt-metal-cache/12569132917722018041/kernels/bmm_large_block_zm_fused_bias_activation/3231457121460548736/trisc0/trisck.3749600202458196004.o /home/mvasiljevic/tt-metal/tt_metal/hw/firmware/src/tt-1xx/trisck.cc -MF /home/mvasiljevic/.cache/tt-metal-cache/12569132917722018041/kernels/bmm_large_block_zm_fused_bias_activation/3231457121460548736/trisc0/trisck.3749600202458196004.d -DIS_NOT_POW2_NUM_L1_BANKS=1 -DLOG_BASE_2_OF_NUM_DRAM_BANKS=3 -DNUM_DRAM_BANKS=8 -DNUM_L1_BANKS=110 -DPCIE_NOC_X=19 -DPCIE_NOC_Y=24 -DTENSIX_FIRMWARE -DLOCAL_MEM_EN=0 -DPROFILE_KERNEL=1 -DPROFILER_FULL_HOST_BUFFER_SIZE_PER_RISC=48000 -DPROCESSOR_INDEX=2 -DUCK_CHLKC_UNPACK -DCOMPILE_FOR_TRISC=0 -DARCH_BLACKHOLE -DDISPATCH_MESSAGE_ADDR=4290184248 -DKERNEL_BUILD -DFULL_KERNEL_NAME="\"bmm_large_block_zm_fused_bias_activation/3231457121460548736/\"" -DKERNEL_COMPILE_TIME_ARGS=2,1,8,8,1,2,1,48,1,1,4,1,4,1,4,0,0,0 -DKERNEL_COMPILE_TIME_ARG_MAP="{\"bias_ntiles\",1}, {\"cb_intermed0\",5}, {\"cb_out\",4}, {\"cb_in0_transposed\",10}, {\"cb_bias\",3}, {\"cb_in1\",1}, {\"cb_in0\",0}, " 
In file included from /home/mvasiljevic/tt-metal/tt_metal/hw/ckernels/blackhole/metal/llk_io/llk_io_unpack.h:13,
                 from /home/mvasiljevic/tt-metal/tt_metal/hw/inc/api/compute/cb_api.h:15,
                 from /home/mvasiljevic/tt-metal/tt_metal/hw/inc/api/compute/common.h:11,
                 from /home/mvasiljevic/tt-metal/tt_metal/hw/inc/api/compute/matmul.h:7,
                 from /home/mvasiljevic/tt-metal/ttnn/cpp/ttnn/operations/matmul/device/kernels/compute/bmm_large_block_zm_fused_bias_activation.cpp:7,
                 from ../chlkc_unpack.cpp:3,
                 from /home/mvasiljevic/tt-metal/tt_metal/hw/ckernels/blackhole/metal/common/chlkc_list.h:26,
                 from /home/mvasiljevic/tt-metal/tt_metal/hw/firmware/src/tt-1xx/trisck.cc:13:
/home/mvasiljevic/tt-metal/tt_metal/hw/ckernels/blackhole/metal/llk_io/llk_io_unpack.h: In function 'void llk_wait_tiles(int, int32_t)':
/home/mvasiljevic/tt-metal/tt_metal/tools/profiler/kernel_profiler.hpp:25:22: note: '#pragma message: CB-COMPUTE-WAIT-FRONT,/home/mvasiljevic/tt-metal/tt_metal/hw/ckernels/blackhole/metal/llk_io/llk_io_unpack.h,19,KERNEL_PROFILER'
   25 | #define DO_PRAGMA(x) _Pragma(#x)
      |                      ^~~~~~~
/home/mvasiljevic/tt-metal/tt_metal/tools/profiler/kernel_profiler.hpp:707:5: note: in expansion of macro 'DO_PRAGMA'
  707 |     DO_PRAGMA(message(PROFILER_MSG_NAME(name)));                               \
      |     ^~~~~~~~~
/home/mvasiljevic/tt-metal/tt_metal/hw/ckernels/blackhole/metal/llk_io/llk_io_unpack.h:19:5: note: in expansion of macro 'DeviceZoneScopedSumN1'
   19 |     DeviceZoneScopedSumN1("CB-COMPUTE-WAIT-FRONT");
      |     ^~~~~~~~~~~~~~~~~~~~~
/home/mvasiljevic/tt-metal/tt_metal/hw/firmware/src/tt-1xx/trisck.cc: In function 'uint32_t _start()':
/home/mvasiljevic/tt-metal/tt_metal/tools/profiler/kernel_profiler.hpp:25:22: note: '#pragma message: TRISC-KERNEL,/home/mvasiljevic/tt-metal/tt_metal/hw/firmware/src/tt-1xx/trisck.cc,86,KERNEL_PROFILER'
   25 | #define DO_PRAGMA(x) _Pragma(#x)
      |                      ^~~~~~~
/home/mvasiljevic/tt-metal/tt_metal/tools/profiler/kernel_profiler.hpp:702:5: note: in expansion of macro 'DO_PRAGMA'
  702 |     DO_PRAGMA(message(PROFILER_MSG_NAME(name)));                               \
      |     ^~~~~~~~~
/home/mvasiljevic/tt-metal/tt_metal/hw/firmware/src/tt-1xx/trisck.cc:86:5: note: in expansion of macro 'DeviceZoneScopedMainChildN'
   86 |     DeviceZoneScopedMainChildN("TRISC-KERNEL");
      |     ^~~~~~~~~~~~~~~~~~~~~~~~~~
Building brisc, compile step:
cd /home/mvasiljevic/.cache/tt-metal-cache/12569132917722018041/kernels/reader_bmm_tile_layout_in1_sender_writer_padding/4874482036425294591/brisc/ && /home/mvasiljevic/tt-metal/runtime/sfpi/compiler/bin/riscv-tt-elf-g++ -O2 -std=c++17 -ftt-nttp -ftt-constinit -ftt-consteval -ftt-no-dyninit -flto=auto -ffast-math -fno-exceptions -fno-rtti -fno-use-cxa-atexit -g -MMD -Wall -Werror -Wno-error=deprecated-declarations -Wno-error=multistatement-macros -Wno-error=parentheses -Wno-error=unused-but-set-variable -Wno-unused-variable -Wno-unused-function -mcpu=tt-bh -fno-tree-loop-distribute-patterns -I. -I.. -I/home/mvasiljevic/tt-metal/ -I/home/mvasiljevic/tt-metal/ttnn -I/home/mvasiljevic/tt-metal/ttnn/cpp -I/home/mvasiljevic/tt-metal/tt_metal -I/home/mvasiljevic/tt-metal/tt_metal/hw/inc -I/home/mvasiljevic/tt-metal/tt_metal/tt-llk/common -I/home/mvasiljevic/tt-metal/tt_metal/hostdevcommon/api -I/home/mvasiljevic/tt-metal/tt_metal/api/ -I/home/mvasiljevic/tt-metal/tt_metal/hw/ckernels/blackhole/metal/common -I/home/mvasiljevic/tt-metal/tt_metal/hw/ckernels/blackhole/metal/llk_io -I/home/mvasiljevic/tt-metal/tt_metal/hw/inc/internal/tt-1xx -I/home/mvasiljevic/tt-metal/tt_metal/hw/inc/internal/tt-1xx/blackhole -I/home/mvasiljevic/tt-metal/tt_metal/hw/inc/internal/tt-1xx/blackhole/blackhole_defines -I/home/mvasiljevic/tt-metal/tt_metal/hw/inc/internal/tt-1xx/blackhole/noc -I/home/mvasiljevic/tt-metal/tt_metal/tt-llk/tt_llk_blackhole/common/inc -I/home/mvasiljevic/tt-metal/tt_metal/tt-llk/tt_llk_blackhole/llk_lib -I/home/mvasiljevic/tt-metal/tt_metal/hw/firmware/src/tt-1xx -I/home/mvasiljevic/tt-metal/ttnn/cpp/ttnn/operations/matmul/device/kernels/dataflow -c -o /home/mvasiljevic/.cache/tt-metal-cache/12569132917722018041/kernels/reader_bmm_tile_layout_in1_sender_writer_padding/4874482036425294591/brisc/brisck.3749600202458196004.o /home/mvasiljevic/tt-metal/tt_metal/hw/firmware/src/tt-1xx/brisck.cc -MF /home/mvasiljevic/.cache/tt-metal-cache/12569132917722018041/kernels/reader_bmm_tile_layout_in1_sender_writer_padding/4874482036425294591/brisc/brisck.3749600202458196004.d -DIS_NOT_POW2_NUM_L1_BANKS=1 -DLOG_BASE_2_OF_NUM_DRAM_BANKS=3 -DNUM_DRAM_BANKS=8 -DNUM_L1_BANKS=110 -DPCIE_NOC_X=19 -DPCIE_NOC_Y=24 -DTENSIX_FIRMWARE -DLOCAL_MEM_EN=0 -DPROFILE_KERNEL=1 -DPROFILER_FULL_HOST_BUFFER_SIZE_PER_RISC=48000 -DPROCESSOR_INDEX=0 -DCOMPILE_FOR_BRISC -DARCH_BLACKHOLE -DDISPATCH_MESSAGE_ADDR=4290184248 -DKERNEL_BUILD -DFULL_KERNEL_NAME="\"reader_bmm_tile_layout_in1_sender_writer_padding/4874482036425294591/\"" -DSKIP_MCAST='1' -DNOC_INDEX='0' -DNOC_MODE='0' -DKERNEL_COMPILE_TIME_ARGS=1,96,192,1,1,2,2,48,1,1,0,0,0,0,9216,1,1,0,0,1,96,1,384,1,384,1,4,4,384,0,0,0,2,576,0,0,2,2048 -DKERNEL_COMPILE_TIME_ARG_MAP="{\"cb_sparsity\",7}, {\"cb_out\",4}, {\"cb_bias\",3}, {\"cb_in1\",1}, " 
In file included from /home/mvasiljevic/tt-metal/tt_metal/hw/inc/api/dataflow/dataflow_api.h:27,
                 from /home/mvasiljevic/tt-metal/tt_metal/hw/inc/internal/firmware_common.h:24,
                 from /home/mvasiljevic/tt-metal/tt_metal/hw/firmware/src/tt-1xx/brisck.cc:17:
/home/mvasiljevic/tt-metal/tt_metal/tools/profiler/kernel_profiler.hpp: In function 'void kernel_profiler::quick_push()':
/home/mvasiljevic/tt-metal/tt_metal/tools/profiler/kernel_profiler.hpp:25:22: note: '#pragma message: PROFILER-NOC-QUICK-PUSH,/home/mvasiljevic/tt-metal/tt_metal/tools/profiler/kernel_profiler.hpp,395,KERNEL_PROFILER'
   25 | #define DO_PRAGMA(x) _Pragma(#x)
      |                      ^~~~~~~
/home/mvasiljevic/tt-metal/tt_metal/tools/profiler/kernel_profiler.hpp:35:5: note: in expansion of macro 'DO_PRAGMA'
   35 |     DO_PRAGMA(message(PROFILER_MSG_NAME(name))); \
      |     ^~~~~~~~~
/home/mvasiljevic/tt-metal/tt_metal/tools/profiler/kernel_profiler.hpp:395:5: note: in expansion of macro 'SrcLocNameToHash'
  395 |     SrcLocNameToHash("PROFILER-NOC-QUICK-PUSH");
      |     ^~~~~~~~~~~~~~~~
/home/mvasiljevic/tt-metal/tt_metal/hw/firmware/src/tt-1xx/brisck.cc: In function 'uint32_t _start()':
/home/mvasiljevic/tt-metal/tt_metal/tools/profiler/kernel_profiler.hpp:25:22: note: '#pragma message: BRISC-KERNEL,/home/mvasiljevic/tt-metal/tt_metal/hw/firmware/src/tt-1xx/brisck.cc,77,KERNEL_PROFILER'
   25 | #define DO_PRAGMA(x) _Pragma(#x)
      |                      ^~~~~~~
/home/mvasiljevic/tt-metal/tt_metal/tools/profiler/kernel_profiler.hpp:702:5: note: in expansion of macro 'DO_PRAGMA'
  702 |     DO_PRAGMA(message(PROFILER_MSG_NAME(name)));                               \
      |     ^~~~~~~~~
/home/mvasiljevic/tt-metal/tt_metal/hw/firmware/src/tt-1xx/brisck.cc:77:9: note: in expansion of macro 'DeviceZoneScopedMainChildN'
   77 |         DeviceZoneScopedMainChildN("BRISC-KERNEL");
      |         ^~~~~~~~~~~~~~~~~~~~~~~~~~
Building trisc1, compile step:
cd /home/mvasiljevic/.cache/tt-metal-cache/12569132917722018041/kernels/bmm_large_block_zm_fused_bias_activation/3231457121460548736/trisc1/ && /home/mvasiljevic/tt-metal/runtime/sfpi/compiler/bin/riscv-tt-elf-g++ -O3 -std=c++17 -ftt-nttp -ftt-constinit -ftt-consteval -ftt-no-dyninit -flto=auto -ffast-math -fno-exceptions -fno-rtti -fno-use-cxa-atexit -g -MMD -Wall -Werror -Wno-error=deprecated-declarations -Wno-error=multistatement-macros -Wno-error=parentheses -Wno-error=unused-but-set-variable -Wno-unused-variable -Wno-unused-function -mcpu=tt-bh-tensix -I. -I.. -I/home/mvasiljevic/tt-metal/ -I/home/mvasiljevic/tt-metal/ttnn -I/home/mvasiljevic/tt-metal/ttnn/cpp -I/home/mvasiljevic/tt-metal/tt_metal -I/home/mvasiljevic/tt-metal/tt_metal/hw/inc -I/home/mvasiljevic/tt-metal/tt_metal/tt-llk/common -I/home/mvasiljevic/tt-metal/tt_metal/hostdevcommon/api -I/home/mvasiljevic/tt-metal/tt_metal/api/ -I/home/mvasiljevic/tt-metal/runtime/sfpi/include -I/home/mvasiljevic/tt-metal/tt_metal/hw/ckernels/blackhole/metal/common -I/home/mvasiljevic/tt-metal/tt_metal/hw/ckernels/blackhole/metal/llk_io -I/home/mvasiljevic/tt-metal/tt_metal/hw/inc/internal/tt-1xx -I/home/mvasiljevic/tt-metal/tt_metal/hw/inc/internal/tt-1xx/blackhole -I/home/mvasiljevic/tt-metal/tt_metal/hw/inc/internal/tt-1xx/blackhole/blackhole_defines -I/home/mvasiljevic/tt-metal/tt_metal/hw/inc/internal/tt-1xx/blackhole/noc -I/home/mvasiljevic/tt-metal/tt_metal/tt-llk/tt_llk_blackhole/common/inc -I/home/mvasiljevic/tt-metal/tt_metal/tt-llk/tt_llk_blackhole/llk_lib -I/home/mvasiljevic/tt-metal/tt_metal/hw/ckernels/blackhole/metal/llk_api -I/home/mvasiljevic/tt-metal/tt_metal/hw/ckernels/blackhole/metal/llk_api/llk_sfpu -I/home/mvasiljevic/tt-metal/tt_metal/hw/firmware/src/tt-1xx -I/home/mvasiljevic/tt-metal/ttnn/cpp/ttnn/operations/matmul/device/kernels/compute -c -o /home/mvasiljevic/.cache/tt-metal-cache/12569132917722018041/kernels/bmm_large_block_zm_fused_bias_activation/3231457121460548736/trisc1/trisck.3749600202458196004.o /home/mvasiljevic/tt-metal/tt_metal/hw/firmware/src/tt-1xx/trisck.cc -MF /home/mvasiljevic/.cache/tt-metal-cache/12569132917722018041/kernels/bmm_large_block_zm_fused_bias_activation/3231457121460548736/trisc1/trisck.3749600202458196004.d -DIS_NOT_POW2_NUM_L1_BANKS=1 -DLOG_BASE_2_OF_NUM_DRAM_BANKS=3 -DNUM_DRAM_BANKS=8 -DNUM_L1_BANKS=110 -DPCIE_NOC_X=19 -DPCIE_NOC_Y=24 -DTENSIX_FIRMWARE -DLOCAL_MEM_EN=0 -DPROFILE_KERNEL=1 -DPROFILER_FULL_HOST_BUFFER_SIZE_PER_RISC=48000 -DPROCESSOR_INDEX=3 -DUCK_CHLKC_MATH -DCOMPILE_FOR_TRISC=1 -DARCH_BLACKHOLE -DDISPATCH_MESSAGE_ADDR=4290184248 -DKERNEL_BUILD -DFULL_KERNEL_NAME="\"bmm_large_block_zm_fused_bias_activation/3231457121460548736/\"" -DKERNEL_COMPILE_TIME_ARGS=2,1,8,8,1,2,1,48,1,1,4,1,4,1,4,0,0,0 -DKERNEL_COMPILE_TIME_ARG_MAP="{\"bias_ntiles\",1}, {\"cb_intermed0\",5}, {\"cb_out\",4}, {\"cb_in0_transposed\",10}, {\"cb_bias\",3}, {\"cb_in1\",1}, {\"cb_in0\",0}, " 
In file included from /home/mvasiljevic/tt-metal/tt_metal/hw/firmware/src/tt-1xx/trisck.cc:15:
/home/mvasiljevic/tt-metal/tt_metal/hw/firmware/src/tt-1xx/trisck.cc: In function 'uint32_t _start()':
/home/mvasiljevic/tt-metal/tt_metal/tools/profiler/kernel_profiler.hpp:25:22: note: '#pragma message: TRISC-KERNEL,/home/mvasiljevic/tt-metal/tt_metal/hw/firmware/src/tt-1xx/trisck.cc,86,KERNEL_PROFILER'
   25 | #define DO_PRAGMA(x) _Pragma(#x)
      |                      ^~~~~~~
/home/mvasiljevic/tt-metal/tt_metal/tools/profiler/kernel_profiler.hpp:702:5: note: in expansion of macro 'DO_PRAGMA'
  702 |     DO_PRAGMA(message(PROFILER_MSG_NAME(name)));                               \
      |     ^~~~~~~~~
/home/mvasiljevic/tt-metal/tt_metal/hw/firmware/src/tt-1xx/trisck.cc:86:5: note: in expansion of macro 'DeviceZoneScopedMainChildN'
   86 |     DeviceZoneScopedMainChildN("TRISC-KERNEL");
      |     ^~~~~~~~~~~~~~~~~~~~~~~~~~
Building trisc2, compile step:
cd /home/mvasiljevic/.cache/tt-metal-cache/12569132917722018041/kernels/bmm_large_block_zm_fused_bias_activation/15492402482266701868/trisc2/ && /home/mvasiljevic/tt-metal/runtime/sfpi/compiler/bin/riscv-tt-elf-g++ -O3 -std=c++17 -ftt-nttp -ftt-constinit -ftt-consteval -ftt-no-dyninit -flto=auto -ffast-math -fno-exceptions -fno-rtti -fno-use-cxa-atexit -g -MMD -Wall -Werror -Wno-error=deprecated-declarations -Wno-error=multistatement-macros -Wno-error=parentheses -Wno-error=unused-but-set-variable -Wno-unused-variable -Wno-unused-function -mcpu=tt-bh-tensix -I. -I.. -I/home/mvasiljevic/tt-metal/ -I/home/mvasiljevic/tt-metal/ttnn -I/home/mvasiljevic/tt-metal/ttnn/cpp -I/home/mvasiljevic/tt-metal/tt_metal -I/home/mvasiljevic/tt-metal/tt_metal/hw/inc -I/home/mvasiljevic/tt-metal/tt_metal/tt-llk/common -I/home/mvasiljevic/tt-metal/tt_metal/hostdevcommon/api -I/home/mvasiljevic/tt-metal/tt_metal/api/ -I/home/mvasiljevic/tt-metal/runtime/sfpi/include -I/home/mvasiljevic/tt-metal/tt_metal/hw/ckernels/blackhole/metal/common -I/home/mvasiljevic/tt-metal/tt_metal/hw/ckernels/blackhole/metal/llk_io -I/home/mvasiljevic/tt-metal/tt_metal/hw/inc/internal/tt-1xx -I/home/mvasiljevic/tt-metal/tt_metal/hw/inc/internal/tt-1xx/blackhole -I/home/mvasiljevic/tt-metal/tt_metal/hw/inc/internal/tt-1xx/blackhole/blackhole_defines -I/home/mvasiljevic/tt-metal/tt_metal/hw/inc/internal/tt-1xx/blackhole/noc -I/home/mvasiljevic/tt-metal/tt_metal/tt-llk/tt_llk_blackhole/common/inc -I/home/mvasiljevic/tt-metal/tt_metal/tt-llk/tt_llk_blackhole/llk_lib -I/home/mvasiljevic/tt-metal/tt_metal/hw/ckernels/blackhole/metal/llk_api -I/home/mvasiljevic/tt-metal/tt_metal/hw/ckernels/blackhole/metal/llk_api/llk_sfpu -I/home/mvasiljevic/tt-metal/tt_metal/hw/firmware/src/tt-1xx -I/home/mvasiljevic/tt-metal/ttnn/cpp/ttnn/operations/matmul/device/kernels/compute -c -o /home/mvasiljevic/.cache/tt-metal-cache/12569132917722018041/kernels/bmm_large_block_zm_fused_bias_activation/15492402482266701868/trisc2/trisck.3749600202458196004.o /home/mvasiljevic/tt-metal/tt_metal/hw/firmware/src/tt-1xx/trisck.cc -MF /home/mvasiljevic/.cache/tt-metal-cache/12569132917722018041/kernels/bmm_large_block_zm_fused_bias_activation/15492402482266701868/trisc2/trisck.3749600202458196004.d -DIS_NOT_POW2_NUM_L1_BANKS=1 -DLOG_BASE_2_OF_NUM_DRAM_BANKS=3 -DNUM_DRAM_BANKS=8 -DNUM_L1_BANKS=110 -DPCIE_NOC_X=19 -DPCIE_NOC_Y=24 -DTENSIX_FIRMWARE -DLOCAL_MEM_EN=0 -DPROFILE_KERNEL=1 -DPROFILER_FULL_HOST_BUFFER_SIZE_PER_RISC=48000 -DPROCESSOR_INDEX=4 -DUCK_CHLKC_PACK -DCOMPILE_FOR_TRISC=2 -DARCH_BLACKHOLE -DDISPATCH_MESSAGE_ADDR=4290184248 -DKERNEL_BUILD -DFULL_KERNEL_NAME="\"bmm_large_block_zm_fused_bias_activation/15492402482266701868/\"" -DKERNEL_COMPILE_TIME_ARGS=2,4,8,2,1,10,5,48,1,1,1,5,5,1,20,0,0,0 -DKERNEL_COMPILE_TIME_ARG_MAP="{\"bias_ntiles\",5}, {\"cb_intermed0\",5}, {\"cb_out\",4}, {\"cb_in0_transposed\",10}, {\"cb_bias\",3}, {\"cb_in1\",1}, {\"cb_in0\",0}, " 
In file included from /home/mvasiljevic/tt-metal/tt_metal/hw/ckernels/blackhole/metal/llk_io/llk_io_pack.h:14,
                 from /home/mvasiljevic/tt-metal/tt_metal/hw/inc/api/compute/cb_api.h:12,
                 from /home/mvasiljevic/tt-metal/tt_metal/hw/inc/api/compute/common.h:11,
                 from /home/mvasiljevic/tt-metal/tt_metal/hw/inc/api/compute/matmul.h:7,
                 from /home/mvasiljevic/tt-metal/ttnn/cpp/ttnn/operations/matmul/device/kernels/compute/bmm_large_block_zm_fused_bias_activation.cpp:7,
                 from ../chlkc_pack.cpp:3,
                 from /home/mvasiljevic/tt-metal/tt_metal/hw/ckernels/blackhole/metal/common/chlkc_list.h:21,
                 from /home/mvasiljevic/tt-metal/tt_metal/hw/firmware/src/tt-1xx/trisck.cc:13:
/home/mvasiljevic/tt-metal/tt_metal/hw/ckernels/blackhole/metal/llk_io/llk_io_pack.h: In function 'void llk_wait_for_free_tiles(int32_t, int32_t)':
/home/mvasiljevic/tt-metal/tt_metal/tools/profiler/kernel_profiler.hpp:25:22: note: '#pragma message: CB-COMPUTE-RESERVE-BACK,/home/mvasiljevic/tt-metal/tt_metal/hw/ckernels/blackhole/metal/llk_io/llk_io_pack.h,21,KERNEL_PROFILER'
   25 | #define DO_PRAGMA(x) _Pragma(#x)
      |                      ^~~~~~~
/home/mvasiljevic/tt-metal/tt_metal/tools/profiler/kernel_profiler.hpp:712:5: note: in expansion of macro 'DO_PRAGMA'
  712 |     DO_PRAGMA(message(PROFILER_MSG_NAME(name)));                               \
      |     ^~~~~~~~~
/home/mvasiljevic/tt-metal/tt_metal/hw/ckernels/blackhole/metal/llk_io/llk_io_pack.h:21:5: note: in expansion of macro 'DeviceZoneScopedSumN2'
   21 |     DeviceZoneScopedSumN2("CB-COMPUTE-RESERVE-BACK");
      |     ^~~~~~~~~~~~~~~~~~~~~
/home/mvasiljevic/tt-metal/tt_metal/hw/firmware/src/tt-1xx/trisck.cc: In function 'uint32_t _start()':
/home/mvasiljevic/tt-metal/tt_metal/tools/profiler/kernel_profiler.hpp:25:22: note: '#pragma message: TRISC-KERNEL,/home/mvasiljevic/tt-metal/tt_metal/hw/firmware/src/tt-1xx/trisck.cc,86,KERNEL_PROFILER'
   25 | #define DO_PRAGMA(x) _Pragma(#x)
      |                      ^~~~~~~
/home/mvasiljevic/tt-metal/tt_metal/tools/profiler/kernel_profiler.hpp:702:5: note: in expansion of macro 'DO_PRAGMA'
  702 |     DO_PRAGMA(message(PROFILER_MSG_NAME(name)));                               \
      |     ^~~~~~~~~
/home/mvasiljevic/tt-metal/tt_metal/hw/firmware/src/tt-1xx/trisck.cc:86:5: note: in expansion of macro 'DeviceZoneScopedMainChildN'
   86 |     DeviceZoneScopedMainChildN("TRISC-KERNEL");
      |     ^~~~~~~~~~~~~~~~~~~~~~~~~~
Building trisc0, compile step:
cd /home/mvasiljevic/.cache/tt-metal-cache/12569132917722018041/kernels/bmm_large_block_zm_fused_bias_activation/15492402482266701868/trisc0/ && /home/mvasiljevic/tt-metal/runtime/sfpi/compiler/bin/riscv-tt-elf-g++ -O3 -std=c++17 -ftt-nttp -ftt-constinit -ftt-consteval -ftt-no-dyninit -flto=auto -ffast-math -fno-exceptions -fno-rtti -fno-use-cxa-atexit -g -MMD -Wall -Werror -Wno-error=deprecated-declarations -Wno-error=multistatement-macros -Wno-error=parentheses -Wno-error=unused-but-set-variable -Wno-unused-variable -Wno-unused-function -mcpu=tt-bh-tensix -I. -I.. -I/home/mvasiljevic/tt-metal/ -I/home/mvasiljevic/tt-metal/ttnn -I/home/mvasiljevic/tt-metal/ttnn/cpp -I/home/mvasiljevic/tt-metal/tt_metal -I/home/mvasiljevic/tt-metal/tt_metal/hw/inc -I/home/mvasiljevic/tt-metal/tt_metal/tt-llk/common -I/home/mvasiljevic/tt-metal/tt_metal/hostdevcommon/api -I/home/mvasiljevic/tt-metal/tt_metal/api/ -I/home/mvasiljevic/tt-metal/runtime/sfpi/include -I/home/mvasiljevic/tt-metal/tt_metal/hw/ckernels/blackhole/metal/common -I/home/mvasiljevic/tt-metal/tt_metal/hw/ckernels/blackhole/metal/llk_io -I/home/mvasiljevic/tt-metal/tt_metal/hw/inc/internal/tt-1xx -I/home/mvasiljevic/tt-metal/tt_metal/hw/inc/internal/tt-1xx/blackhole -I/home/mvasiljevic/tt-metal/tt_metal/hw/inc/internal/tt-1xx/blackhole/blackhole_defines -I/home/mvasiljevic/tt-metal/tt_metal/hw/inc/internal/tt-1xx/blackhole/noc -I/home/mvasiljevic/tt-metal/tt_metal/tt-llk/tt_llk_blackhole/common/inc -I/home/mvasiljevic/tt-metal/tt_metal/tt-llk/tt_llk_blackhole/llk_lib -I/home/mvasiljevic/tt-metal/tt_metal/hw/ckernels/blackhole/metal/llk_api -I/home/mvasiljevic/tt-metal/tt_metal/hw/ckernels/blackhole/metal/llk_api/llk_sfpu -I/home/mvasiljevic/tt-metal/tt_metal/hw/firmware/src/tt-1xx -I/home/mvasiljevic/tt-metal/ttnn/cpp/ttnn/operations/matmul/device/kernels/compute -c -o /home/mvasiljevic/.cache/tt-metal-cache/12569132917722018041/kernels/bmm_large_block_zm_fused_bias_activation/15492402482266701868/trisc0/trisck.3749600202458196004.o /home/mvasiljevic/tt-metal/tt_metal/hw/firmware/src/tt-1xx/trisck.cc -MF /home/mvasiljevic/.cache/tt-metal-cache/12569132917722018041/kernels/bmm_large_block_zm_fused_bias_activation/15492402482266701868/trisc0/trisck.3749600202458196004.d -DIS_NOT_POW2_NUM_L1_BANKS=1 -DLOG_BASE_2_OF_NUM_DRAM_BANKS=3 -DNUM_DRAM_BANKS=8 -DNUM_L1_BANKS=110 -DPCIE_NOC_X=19 -DPCIE_NOC_Y=24 -DTENSIX_FIRMWARE -DLOCAL_MEM_EN=0 -DPROFILE_KERNEL=1 -DPROFILER_FULL_HOST_BUFFER_SIZE_PER_RISC=48000 -DPROCESSOR_INDEX=2 -DUCK_CHLKC_UNPACK -DCOMPILE_FOR_TRISC=0 -DARCH_BLACKHOLE -DDISPATCH_MESSAGE_ADDR=4290184248 -DKERNEL_BUILD -DFULL_KERNEL_NAME="\"bmm_large_block_zm_fused_bias_activation/15492402482266701868/\"" -DKERNEL_COMPILE_TIME_ARGS=2,4,8,2,1,10,5,48,1,1,1,5,5,1,20,0,0,0 -DKERNEL_COMPILE_TIME_ARG_MAP="{\"bias_ntiles\",5}, {\"cb_intermed0\",5}, {\"cb_out\",4}, {\"cb_in0_transposed\",10}, {\"cb_bias\",3}, {\"cb_in1\",1}, {\"cb_in0\",0}, " 
In file included from /home/mvasiljevic/tt-metal/tt_metal/hw/ckernels/blackhole/metal/llk_io/llk_io_unpack.h:13,
                 from /home/mvasiljevic/tt-metal/tt_metal/hw/inc/api/compute/cb_api.h:15,
                 from /home/mvasiljevic/tt-metal/tt_metal/hw/inc/api/compute/common.h:11,
                 from /home/mvasiljevic/tt-metal/tt_metal/hw/inc/api/compute/matmul.h:7,
                 from /home/mvasiljevic/tt-metal/ttnn/cpp/ttnn/operations/matmul/device/kernels/compute/bmm_large_block_zm_fused_bias_activation.cpp:7,
                 from ../chlkc_unpack.cpp:3,
                 from /home/mvasiljevic/tt-metal/tt_metal/hw/ckernels/blackhole/metal/common/chlkc_list.h:26,
                 from /home/mvasiljevic/tt-metal/tt_metal/hw/firmware/src/tt-1xx/trisck.cc:13:
/home/mvasiljevic/tt-metal/tt_metal/hw/ckernels/blackhole/metal/llk_io/llk_io_unpack.h: In function 'void llk_wait_tiles(int, int32_t)':
/home/mvasiljevic/tt-metal/tt_metal/tools/profiler/kernel_profiler.hpp:25:22: note: '#pragma message: CB-COMPUTE-WAIT-FRONT,/home/mvasiljevic/tt-metal/tt_metal/hw/ckernels/blackhole/metal/llk_io/llk_io_unpack.h,19,KERNEL_PROFILER'
   25 | #define DO_PRAGMA(x) _Pragma(#x)
      |                      ^~~~~~~
/home/mvasiljevic/tt-metal/tt_metal/tools/profiler/kernel_profiler.hpp:707:5: note: in expansion of macro 'DO_PRAGMA'
  707 |     DO_PRAGMA(message(PROFILER_MSG_NAME(name)));                               \
      |     ^~~~~~~~~
/home/mvasiljevic/tt-metal/tt_metal/hw/ckernels/blackhole/metal/llk_io/llk_io_unpack.h:19:5: note: in expansion of macro 'DeviceZoneScopedSumN1'
   19 |     DeviceZoneScopedSumN1("CB-COMPUTE-WAIT-FRONT");
      |     ^~~~~~~~~~~~~~~~~~~~~
/home/mvasiljevic/tt-metal/tt_metal/hw/firmware/src/tt-1xx/trisck.cc: In function 'uint32_t _start()':
/home/mvasiljevic/tt-metal/tt_metal/tools/profiler/kernel_profiler.hpp:25:22: note: '#pragma message: TRISC-KERNEL,/home/mvasiljevic/tt-metal/tt_metal/hw/firmware/src/tt-1xx/trisck.cc,86,KERNEL_PROFILER'
   25 | #define DO_PRAGMA(x) _Pragma(#x)
      |                      ^~~~~~~
/home/mvasiljevic/tt-metal/tt_metal/tools/profiler/kernel_profiler.hpp:702:5: note: in expansion of macro 'DO_PRAGMA'
  702 |     DO_PRAGMA(message(PROFILER_MSG_NAME(name)));                               \
      |     ^~~~~~~~~
/home/mvasiljevic/tt-metal/tt_metal/hw/firmware/src/tt-1xx/trisck.cc:86:5: note: in expansion of macro 'DeviceZoneScopedMainChildN'
   86 |     DeviceZoneScopedMainChildN("TRISC-KERNEL");
      |     ^~~~~~~~~~~~~~~~~~~~~~~~~~
Building brisc, compile step:
cd /home/mvasiljevic/.cache/tt-metal-cache/12569132917722018041/kernels/reader_bmm_tile_layout_in1_sender_writer_padding/14745570537677886963/brisc/ && /home/mvasiljevic/tt-metal/runtime/sfpi/compiler/bin/riscv-tt-elf-g++ -O2 -std=c++17 -ftt-nttp -ftt-constinit -ftt-consteval -ftt-no-dyninit -flto=auto -ffast-math -fno-exceptions -fno-rtti -fno-use-cxa-atexit -g -MMD -Wall -Werror -Wno-error=deprecated-declarations -Wno-error=multistatement-macros -Wno-error=parentheses -Wno-error=unused-but-set-variable -Wno-unused-variable -Wno-unused-function -mcpu=tt-bh -fno-tree-loop-distribute-patterns -I. -I.. -I/home/mvasiljevic/tt-metal/ -I/home/mvasiljevic/tt-metal/ttnn -I/home/mvasiljevic/tt-metal/ttnn/cpp -I/home/mvasiljevic/tt-metal/tt_metal -I/home/mvasiljevic/tt-metal/tt_metal/hw/inc -I/home/mvasiljevic/tt-metal/tt_metal/tt-llk/common -I/home/mvasiljevic/tt-metal/tt_metal/hostdevcommon/api -I/home/mvasiljevic/tt-metal/tt_metal/api/ -I/home/mvasiljevic/tt-metal/tt_metal/hw/ckernels/blackhole/metal/common -I/home/mvasiljevic/tt-metal/tt_metal/hw/ckernels/blackhole/metal/llk_io -I/home/mvasiljevic/tt-metal/tt_metal/hw/inc/internal/tt-1xx -I/home/mvasiljevic/tt-metal/tt_metal/hw/inc/internal/tt-1xx/blackhole -I/home/mvasiljevic/tt-metal/tt_metal/hw/inc/internal/tt-1xx/blackhole/blackhole_defines -I/home/mvasiljevic/tt-metal/tt_metal/hw/inc/internal/tt-1xx/blackhole/noc -I/home/mvasiljevic/tt-metal/tt_metal/tt-llk/tt_llk_blackhole/common/inc -I/home/mvasiljevic/tt-metal/tt_metal/tt-llk/tt_llk_blackhole/llk_lib -I/home/mvasiljevic/tt-metal/tt_metal/hw/firmware/src/tt-1xx -I/home/mvasiljevic/tt-metal/ttnn/cpp/ttnn/operations/matmul/device/kernels/dataflow -c -o /home/mvasiljevic/.cache/tt-metal-cache/12569132917722018041/kernels/reader_bmm_tile_layout_in1_sender_writer_padding/14745570537677886963/brisc/brisck.3749600202458196004.o /home/mvasiljevic/tt-metal/tt_metal/hw/firmware/src/tt-1xx/brisck.cc -MF /home/mvasiljevic/.cache/tt-metal-cache/12569132917722018041/kernels/reader_bmm_tile_layout_in1_sender_writer_padding/14745570537677886963/brisc/brisck.3749600202458196004.d -DIS_NOT_POW2_NUM_L1_BANKS=1 -DLOG_BASE_2_OF_NUM_DRAM_BANKS=3 -DNUM_DRAM_BANKS=8 -DNUM_L1_BANKS=110 -DPCIE_NOC_X=19 -DPCIE_NOC_Y=24 -DTENSIX_FIRMWARE -DLOCAL_MEM_EN=0 -DPROFILE_KERNEL=1 -DPROFILER_FULL_HOST_BUFFER_SIZE_PER_RISC=48000 -DPROCESSOR_INDEX=0 -DCOMPILE_FOR_BRISC -DARCH_BLACKHOLE -DDISPATCH_MESSAGE_ADDR=4290184248 -DKERNEL_BUILD -DFULL_KERNEL_NAME="\"reader_bmm_tile_layout_in1_sender_writer_padding/14745570537677886963/\"" -DSKIP_MCAST='1' -DNOC_INDEX='0' -DNOC_MODE='0' -DKERNEL_COMPILE_TIME_ARGS=1,512,1024,5,5,2,10,48,1,1,0,0,0,0,49152,1,1,0,0,1,512,5,512,5,2048,5,1,5,2048,0,0,0,2,576,0,0,2,2048 -DKERNEL_COMPILE_TIME_ARG_MAP="{\"cb_sparsity\",7}, {\"cb_out\",4}, {\"cb_bias\",3}, {\"cb_in1\",1}, " 
In file included from /home/mvasiljevic/tt-metal/tt_metal/hw/inc/api/dataflow/dataflow_api.h:27,
                 from /home/mvasiljevic/tt-metal/tt_metal/hw/inc/internal/firmware_common.h:24,
                 from /home/mvasiljevic/tt-metal/tt_metal/hw/firmware/src/tt-1xx/brisck.cc:17:
/home/mvasiljevic/tt-metal/tt_metal/tools/profiler/kernel_profiler.hpp: In function 'void kernel_profiler::quick_push()':
/home/mvasiljevic/tt-metal/tt_metal/tools/profiler/kernel_profiler.hpp:25:22: note: '#pragma message: PROFILER-NOC-QUICK-PUSH,/home/mvasiljevic/tt-metal/tt_metal/tools/profiler/kernel_profiler.hpp,395,KERNEL_PROFILER'
   25 | #define DO_PRAGMA(x) _Pragma(#x)
      |                      ^~~~~~~
/home/mvasiljevic/tt-metal/tt_metal/tools/profiler/kernel_profiler.hpp:35:5: note: in expansion of macro 'DO_PRAGMA'
   35 |     DO_PRAGMA(message(PROFILER_MSG_NAME(name))); \
      |     ^~~~~~~~~
/home/mvasiljevic/tt-metal/tt_metal/tools/profiler/kernel_profiler.hpp:395:5: note: in expansion of macro 'SrcLocNameToHash'
  395 |     SrcLocNameToHash("PROFILER-NOC-QUICK-PUSH");
      |     ^~~~~~~~~~~~~~~~
/home/mvasiljevic/tt-metal/tt_metal/hw/firmware/src/tt-1xx/brisck.cc: In function 'uint32_t _start()':
/home/mvasiljevic/tt-metal/tt_metal/tools/profiler/kernel_profiler.hpp:25:22: note: '#pragma message: BRISC-KERNEL,/home/mvasiljevic/tt-metal/tt_metal/hw/firmware/src/tt-1xx/brisck.cc,77,KERNEL_PROFILER'
   25 | #define DO_PRAGMA(x) _Pragma(#x)
      |                      ^~~~~~~
/home/mvasiljevic/tt-metal/tt_metal/tools/profiler/kernel_profiler.hpp:702:5: note: in expansion of macro 'DO_PRAGMA'
  702 |     DO_PRAGMA(message(PROFILER_MSG_NAME(name)));                               \
      |     ^~~~~~~~~
/home/mvasiljevic/tt-metal/tt_metal/hw/firmware/src/tt-1xx/brisck.cc:77:9: note: in expansion of macro 'DeviceZoneScopedMainChildN'
   77 |         DeviceZoneScopedMainChildN("BRISC-KERNEL");
      |         ^~~~~~~~~~~~~~~~~~~~~~~~~~
Building ncrisc, compile step:
cd /home/mvasiljevic/.cache/tt-metal-cache/12569132917722018041/kernels/reader_bmm_tile_layout_in0_sender_padding/16647338982125822787/ncrisc/ && /home/mvasiljevic/tt-metal/runtime/sfpi/compiler/bin/riscv-tt-elf-g++ -O2 -std=c++17 -ftt-nttp -ftt-constinit -ftt-consteval -ftt-no-dyninit -flto=auto -ffast-math -fno-exceptions -fno-rtti -fno-use-cxa-atexit -g -MMD -Wall -Werror -Wno-error=deprecated-declarations -Wno-error=multistatement-macros -Wno-error=parentheses -Wno-error=unused-but-set-variable -Wno-unused-variable -Wno-unused-function -mcpu=tt-bh -fno-tree-loop-distribute-patterns -I. -I.. -I/home/mvasiljevic/tt-metal/ -I/home/mvasiljevic/tt-metal/ttnn -I/home/mvasiljevic/tt-metal/ttnn/cpp -I/home/mvasiljevic/tt-metal/tt_metal -I/home/mvasiljevic/tt-metal/tt_metal/hw/inc -I/home/mvasiljevic/tt-metal/tt_metal/tt-llk/common -I/home/mvasiljevic/tt-metal/tt_metal/hostdevcommon/api -I/home/mvasiljevic/tt-metal/tt_metal/api/ -I/home/mvasiljevic/tt-metal/tt_metal/hw/ckernels/blackhole/metal/common -I/home/mvasiljevic/tt-metal/tt_metal/hw/ckernels/blackhole/metal/llk_io -I/home/mvasiljevic/tt-metal/tt_metal/hw/inc/internal/tt-1xx -I/home/mvasiljevic/tt-metal/tt_metal/hw/inc/internal/tt-1xx/blackhole -I/home/mvasiljevic/tt-metal/tt_metal/hw/inc/internal/tt-1xx/blackhole/blackhole_defines -I/home/mvasiljevic/tt-metal/tt_metal/hw/inc/internal/tt-1xx/blackhole/noc -I/home/mvasiljevic/tt-metal/tt_metal/tt-llk/tt_llk_blackhole/common/inc -I/home/mvasiljevic/tt-metal/tt_metal/tt-llk/tt_llk_blackhole/llk_lib -I/home/mvasiljevic/tt-metal/tt_metal/hw/firmware/src/tt-1xx -I/home/mvasiljevic/tt-metal/ttnn/cpp/ttnn/operations/matmul/device/kernels/dataflow -c -o /home/mvasiljevic/.cache/tt-metal-cache/12569132917722018041/kernels/reader_bmm_tile_layout_in0_sender_padding/16647338982125822787/ncrisc/ncrisck.3749600202458196004.o /home/mvasiljevic/tt-metal/tt_metal/hw/firmware/src/tt-1xx/ncrisck.cc -MF /home/mvasiljevic/.cache/tt-metal-cache/12569132917722018041/kernels/reader_bmm_tile_layout_in0_sender_padding/16647338982125822787/ncrisc/ncrisck.3749600202458196004.d -DIS_NOT_POW2_NUM_L1_BANKS=1 -DLOG_BASE_2_OF_NUM_DRAM_BANKS=3 -DNUM_DRAM_BANKS=8 -DNUM_L1_BANKS=110 -DPCIE_NOC_X=19 -DPCIE_NOC_Y=24 -DTENSIX_FIRMWARE -DLOCAL_MEM_EN=0 -DPROFILE_KERNEL=1 -DPROFILER_FULL_HOST_BUFFER_SIZE_PER_RISC=48000 -DPROCESSOR_INDEX=1 -DCOMPILE_FOR_NCRISC -DARCH_BLACKHOLE -DDISPATCH_MESSAGE_ADDR=4290184248 -DKERNEL_BUILD -DFULL_KERNEL_NAME="\"reader_bmm_tile_layout_in0_sender_padding/16647338982125822787/\"" -DNOC_INDEX='1' -DNOC_MODE='0' -DKERNEL_COMPILE_TIME_ARGS=1,96,2,384,2,4,8,0,0,0,0,0,48,1,1,0,1,102,109,384,1,1,0,0,0,1,0,0,2,2048,0,0,0 -DKERNEL_COMPILE_TIME_ARG_MAP="{\"cb_sparsity\",6}, {\"cb_in0_sharded\",2}, {\"cb_in0\",0}, " 
In file included from /home/mvasiljevic/tt-metal/tt_metal/hw/inc/api/dataflow/dataflow_api.h:27,
                 from /home/mvasiljevic/tt-metal/tt_metal/hw/inc/internal/firmware_common.h:24,
                 from /home/mvasiljevic/tt-metal/tt_metal/hw/firmware/src/tt-1xx/ncrisck.cc:17:
/home/mvasiljevic/tt-metal/tt_metal/tools/profiler/kernel_profiler.hpp: In function 'void kernel_profiler::quick_push()':
/home/mvasiljevic/tt-metal/tt_metal/tools/profiler/kernel_profiler.hpp:25:22: note: '#pragma message: PROFILER-NOC-QUICK-PUSH,/home/mvasiljevic/tt-metal/tt_metal/tools/profiler/kernel_profiler.hpp,395,KERNEL_PROFILER'
   25 | #define DO_PRAGMA(x) _Pragma(#x)
      |                      ^~~~~~~
/home/mvasiljevic/tt-metal/tt_metal/tools/profiler/kernel_profiler.hpp:35:5: note: in expansion of macro 'DO_PRAGMA'
   35 |     DO_PRAGMA(message(PROFILER_MSG_NAME(name))); \
      |     ^~~~~~~~~
/home/mvasiljevic/tt-metal/tt_metal/tools/profiler/kernel_profiler.hpp:395:5: note: in expansion of macro 'SrcLocNameToHash'
  395 |     SrcLocNameToHash("PROFILER-NOC-QUICK-PUSH");
      |     ^~~~~~~~~~~~~~~~
/home/mvasiljevic/tt-metal/tt_metal/hw/firmware/src/tt-1xx/ncrisck.cc: In function 'uint32_t _start()':
/home/mvasiljevic/tt-metal/tt_metal/tools/profiler/kernel_profiler.hpp:25:22: note: '#pragma message: NCRISC-KERNEL,/home/mvasiljevic/tt-metal/tt_metal/hw/firmware/src/tt-1xx/ncrisck.cc,69,KERNEL_PROFILER'
   25 | #define DO_PRAGMA(x) _Pragma(#x)
      |                      ^~~~~~~
/home/mvasiljevic/tt-metal/tt_metal/tools/profiler/kernel_profiler.hpp:702:5: note: in expansion of macro 'DO_PRAGMA'
  702 |     DO_PRAGMA(message(PROFILER_MSG_NAME(name)));                               \
      |     ^~~~~~~~~
/home/mvasiljevic/tt-metal/tt_metal/hw/firmware/src/tt-1xx/ncrisck.cc:69:5: note: in expansion of macro 'DeviceZoneScopedMainChildN'
   69 |     DeviceZoneScopedMainChildN("NCRISC-KERNEL");
      |     ^~~~~~~~~~~~~~~~~~~~~~~~~~
Building trisc1, compile step:
cd /home/mvasiljevic/.cache/tt-metal-cache/12569132917722018041/kernels/bmm_large_block_zm_fused_bias_activation/15492402482266701868/trisc1/ && /home/mvasiljevic/tt-metal/runtime/sfpi/compiler/bin/riscv-tt-elf-g++ -O3 -std=c++17 -ftt-nttp -ftt-constinit -ftt-consteval -ftt-no-dyninit -flto=auto -ffast-math -fno-exceptions -fno-rtti -fno-use-cxa-atexit -g -MMD -Wall -Werror -Wno-error=deprecated-declarations -Wno-error=multistatement-macros -Wno-error=parentheses -Wno-error=unused-but-set-variable -Wno-unused-variable -Wno-unused-function -mcpu=tt-bh-tensix -I. -I.. -I/home/mvasiljevic/tt-metal/ -I/home/mvasiljevic/tt-metal/ttnn -I/home/mvasiljevic/tt-metal/ttnn/cpp -I/home/mvasiljevic/tt-metal/tt_metal -I/home/mvasiljevic/tt-metal/tt_metal/hw/inc -I/home/mvasiljevic/tt-metal/tt_metal/tt-llk/common -I/home/mvasiljevic/tt-metal/tt_metal/hostdevcommon/api -I/home/mvasiljevic/tt-metal/tt_metal/api/ -I/home/mvasiljevic/tt-metal/runtime/sfpi/include -I/home/mvasiljevic/tt-metal/tt_metal/hw/ckernels/blackhole/metal/common -I/home/mvasiljevic/tt-metal/tt_metal/hw/ckernels/blackhole/metal/llk_io -I/home/mvasiljevic/tt-metal/tt_metal/hw/inc/internal/tt-1xx -I/home/mvasiljevic/tt-metal/tt_metal/hw/inc/internal/tt-1xx/blackhole -I/home/mvasiljevic/tt-metal/tt_metal/hw/inc/internal/tt-1xx/blackhole/blackhole_defines -I/home/mvasiljevic/tt-metal/tt_metal/hw/inc/internal/tt-1xx/blackhole/noc -I/home/mvasiljevic/tt-metal/tt_metal/tt-llk/tt_llk_blackhole/common/inc -I/home/mvasiljevic/tt-metal/tt_metal/tt-llk/tt_llk_blackhole/llk_lib -I/home/mvasiljevic/tt-metal/tt_metal/hw/ckernels/blackhole/metal/llk_api -I/home/mvasiljevic/tt-metal/tt_metal/hw/ckernels/blackhole/metal/llk_api/llk_sfpu -I/home/mvasiljevic/tt-metal/tt_metal/hw/firmware/src/tt-1xx -I/home/mvasiljevic/tt-metal/ttnn/cpp/ttnn/operations/matmul/device/kernels/compute -c -o /home/mvasiljevic/.cache/tt-metal-cache/12569132917722018041/kernels/bmm_large_block_zm_fused_bias_activation/15492402482266701868/trisc1/trisck.3749600202458196004.o /home/mvasiljevic/tt-metal/tt_metal/hw/firmware/src/tt-1xx/trisck.cc -MF /home/mvasiljevic/.cache/tt-metal-cache/12569132917722018041/kernels/bmm_large_block_zm_fused_bias_activation/15492402482266701868/trisc1/trisck.3749600202458196004.d -DIS_NOT_POW2_NUM_L1_BANKS=1 -DLOG_BASE_2_OF_NUM_DRAM_BANKS=3 -DNUM_DRAM_BANKS=8 -DNUM_L1_BANKS=110 -DPCIE_NOC_X=19 -DPCIE_NOC_Y=24 -DTENSIX_FIRMWARE -DLOCAL_MEM_EN=0 -DPROFILE_KERNEL=1 -DPROFILER_FULL_HOST_BUFFER_SIZE_PER_RISC=48000 -DPROCESSOR_INDEX=3 -DUCK_CHLKC_MATH -DCOMPILE_FOR_TRISC=1 -DARCH_BLACKHOLE -DDISPATCH_MESSAGE_ADDR=4290184248 -DKERNEL_BUILD -DFULL_KERNEL_NAME="\"bmm_large_block_zm_fused_bias_activation/15492402482266701868/\"" -DKERNEL_COMPILE_TIME_ARGS=2,4,8,2,1,10,5,48,1,1,1,5,5,1,20,0,0,0 -DKERNEL_COMPILE_TIME_ARG_MAP="{\"bias_ntiles\",5}, {\"cb_intermed0\",5}, {\"cb_out\",4}, {\"cb_in0_transposed\",10}, {\"cb_bias\",3}, {\"cb_in1\",1}, {\"cb_in0\",0}, " 
In file included from /home/mvasiljevic/tt-metal/tt_metal/hw/firmware/src/tt-1xx/trisck.cc:15:
/home/mvasiljevic/tt-metal/tt_metal/hw/firmware/src/tt-1xx/trisck.cc: In function 'uint32_t _start()':
/home/mvasiljevic/tt-metal/tt_metal/tools/profiler/kernel_profiler.hpp:25:22: note: '#pragma message: TRISC-KERNEL,/home/mvasiljevic/tt-metal/tt_metal/hw/firmware/src/tt-1xx/trisck.cc,86,KERNEL_PROFILER'
   25 | #define DO_PRAGMA(x) _Pragma(#x)
      |                      ^~~~~~~
/home/mvasiljevic/tt-metal/tt_metal/tools/profiler/kernel_profiler.hpp:702:5: note: in expansion of macro 'DO_PRAGMA'
  702 |     DO_PRAGMA(message(PROFILER_MSG_NAME(name)));                               \
      |     ^~~~~~~~~
/home/mvasiljevic/tt-metal/tt_metal/hw/firmware/src/tt-1xx/trisck.cc:86:5: note: in expansion of macro 'DeviceZoneScopedMainChildN'
   86 |     DeviceZoneScopedMainChildN("TRISC-KERNEL");
      |     ^~~~~~~~~~~~~~~~~~~~~~~~~~
Building ncrisc, compile step:
cd /home/mvasiljevic/.cache/tt-metal-cache/12569132917722018041/kernels/reader_bmm_tile_layout_in0_receiver/2141344578167829841/ncrisc/ && /home/mvasiljevic/tt-metal/runtime/sfpi/compiler/bin/riscv-tt-elf-g++ -O2 -std=c++17 -ftt-nttp -ftt-constinit -ftt-consteval -ftt-no-dyninit -flto=auto -ffast-math -fno-exceptions -fno-rtti -fno-use-cxa-atexit -g -MMD -Wall -Werror -Wno-error=deprecated-declarations -Wno-error=multistatement-macros -Wno-error=parentheses -Wno-error=unused-but-set-variable -Wno-unused-variable -Wno-unused-function -mcpu=tt-bh -fno-tree-loop-distribute-patterns -I. -I.. -I/home/mvasiljevic/tt-metal/ -I/home/mvasiljevic/tt-metal/ttnn -I/home/mvasiljevic/tt-metal/ttnn/cpp -I/home/mvasiljevic/tt-metal/tt_metal -I/home/mvasiljevic/tt-metal/tt_metal/hw/inc -I/home/mvasiljevic/tt-metal/tt_metal/tt-llk/common -I/home/mvasiljevic/tt-metal/tt_metal/hostdevcommon/api -I/home/mvasiljevic/tt-metal/tt_metal/api/ -I/home/mvasiljevic/tt-metal/tt_metal/hw/ckernels/blackhole/metal/common -I/home/mvasiljevic/tt-metal/tt_metal/hw/ckernels/blackhole/metal/llk_io -I/home/mvasiljevic/tt-metal/tt_metal/hw/inc/internal/tt-1xx -I/home/mvasiljevic/tt-metal/tt_metal/hw/inc/internal/tt-1xx/blackhole -I/home/mvasiljevic/tt-metal/tt_metal/hw/inc/internal/tt-1xx/blackhole/blackhole_defines -I/home/mvasiljevic/tt-metal/tt_metal/hw/inc/internal/tt-1xx/blackhole/noc -I/home/mvasiljevic/tt-metal/tt_metal/tt-llk/tt_llk_blackhole/common/inc -I/home/mvasiljevic/tt-metal/tt_metal/tt-llk/tt_llk_blackhole/llk_lib -I/home/mvasiljevic/tt-metal/tt_metal/hw/firmware/src/tt-1xx -I/home/mvasiljevic/tt-metal/ttnn/cpp/ttnn/operations/matmul/device/kernels/dataflow -c -o /home/mvasiljevic/.cache/tt-metal-cache/12569132917722018041/kernels/reader_bmm_tile_layout_in0_receiver/2141344578167829841/ncrisc/ncrisck.3749600202458196004.o /home/mvasiljevic/tt-metal/tt_metal/hw/firmware/src/tt-1xx/ncrisck.cc -MF /home/mvasiljevic/.cache/tt-metal-cache/12569132917722018041/kernels/reader_bmm_tile_layout_in0_receiver/2141344578167829841/ncrisc/ncrisck.3749600202458196004.d -DIS_NOT_POW2_NUM_L1_BANKS=1 -DLOG_BASE_2_OF_NUM_DRAM_BANKS=3 -DNUM_DRAM_BANKS=8 -DNUM_L1_BANKS=110 -DPCIE_NOC_X=19 -DPCIE_NOC_Y=24 -DTENSIX_FIRMWARE -DLOCAL_MEM_EN=0 -DPROFILE_KERNEL=1 -DPROFILER_FULL_HOST_BUFFER_SIZE_PER_RISC=48000 -DPROCESSOR_INDEX=1 -DCOMPILE_FOR_NCRISC -DARCH_BLACKHOLE -DDISPATCH_MESSAGE_ADDR=4290184248 -DKERNEL_BUILD -DFULL_KERNEL_NAME="\"reader_bmm_tile_layout_in0_receiver/2141344578167829841/\"" -DNOC_INDEX='1' -DNOC_MODE='0' -DKERNEL_COMPILE_TIME_ARGS=8,128,1,1,0,1,1,0 -DKERNEL_COMPILE_TIME_ARG_MAP="{\"cb_in0\",0}, " 
In file included from /home/mvasiljevic/tt-metal/tt_metal/hw/inc/api/dataflow/dataflow_api.h:27,
                 from /home/mvasiljevic/tt-metal/tt_metal/hw/inc/internal/firmware_common.h:24,
                 from /home/mvasiljevic/tt-metal/tt_metal/hw/firmware/src/tt-1xx/ncrisck.cc:17:
/home/mvasiljevic/tt-metal/tt_metal/tools/profiler/kernel_profiler.hpp: In function 'void kernel_profiler::quick_push()':
/home/mvasiljevic/tt-metal/tt_metal/tools/profiler/kernel_profiler.hpp:25:22: note: '#pragma message: PROFILER-NOC-QUICK-PUSH,/home/mvasiljevic/tt-metal/tt_metal/tools/profiler/kernel_profiler.hpp,395,KERNEL_PROFILER'
   25 | #define DO_PRAGMA(x) _Pragma(#x)
      |                      ^~~~~~~
/home/mvasiljevic/tt-metal/tt_metal/tools/profiler/kernel_profiler.hpp:35:5: note: in expansion of macro 'DO_PRAGMA'
   35 |     DO_PRAGMA(message(PROFILER_MSG_NAME(name))); \
      |     ^~~~~~~~~
/home/mvasiljevic/tt-metal/tt_metal/tools/profiler/kernel_profiler.hpp:395:5: note: in expansion of macro 'SrcLocNameToHash'
  395 |     SrcLocNameToHash("PROFILER-NOC-QUICK-PUSH");
      |     ^~~~~~~~~~~~~~~~
/home/mvasiljevic/tt-metal/tt_metal/hw/firmware/src/tt-1xx/ncrisck.cc: In function 'uint32_t _start()':
/home/mvasiljevic/tt-metal/tt_metal/tools/profiler/kernel_profiler.hpp:25:22: note: '#pragma message: NCRISC-KERNEL,/home/mvasiljevic/tt-metal/tt_metal/hw/firmware/src/tt-1xx/ncrisck.cc,69,KERNEL_PROFILER'
   25 | #define DO_PRAGMA(x) _Pragma(#x)
      |                      ^~~~~~~
/home/mvasiljevic/tt-metal/tt_metal/tools/profiler/kernel_profiler.hpp:702:5: note: in expansion of macro 'DO_PRAGMA'
  702 |     DO_PRAGMA(message(PROFILER_MSG_NAME(name)));                               \
      |     ^~~~~~~~~
/home/mvasiljevic/tt-metal/tt_metal/hw/firmware/src/tt-1xx/ncrisck.cc:69:5: note: in expansion of macro 'DeviceZoneScopedMainChildN'
   69 |     DeviceZoneScopedMainChildN("NCRISC-KERNEL");
      |     ^~~~~~~~~~~~~~~~~~~~~~~~~~
Building trisc2, compile step:
cd /home/mvasiljevic/.cache/tt-metal-cache/12569132917722018041/kernels/bmm_large_block_zm_fused_bias_activation/15139597459869024730/trisc2/ && /home/mvasiljevic/tt-metal/runtime/sfpi/compiler/bin/riscv-tt-elf-g++ -O3 -std=c++17 -ftt-nttp -ftt-constinit -ftt-consteval -ftt-no-dyninit -flto=auto -ffast-math -fno-exceptions -fno-rtti -fno-use-cxa-atexit -g -MMD -Wall -Werror -Wno-error=deprecated-declarations -Wno-error=multistatement-macros -Wno-error=parentheses -Wno-error=unused-but-set-variable -Wno-unused-variable -Wno-unused-function -mcpu=tt-bh-tensix -I. -I.. -I/home/mvasiljevic/tt-metal/ -I/home/mvasiljevic/tt-metal/ttnn -I/home/mvasiljevic/tt-metal/ttnn/cpp -I/home/mvasiljevic/tt-metal/tt_metal -I/home/mvasiljevic/tt-metal/tt_metal/hw/inc -I/home/mvasiljevic/tt-metal/tt_metal/tt-llk/common -I/home/mvasiljevic/tt-metal/tt_metal/hostdevcommon/api -I/home/mvasiljevic/tt-metal/tt_metal/api/ -I/home/mvasiljevic/tt-metal/runtime/sfpi/include -I/home/mvasiljevic/tt-metal/tt_metal/hw/ckernels/blackhole/metal/common -I/home/mvasiljevic/tt-metal/tt_metal/hw/ckernels/blackhole/metal/llk_io -I/home/mvasiljevic/tt-metal/tt_metal/hw/inc/internal/tt-1xx -I/home/mvasiljevic/tt-metal/tt_metal/hw/inc/internal/tt-1xx/blackhole -I/home/mvasiljevic/tt-metal/tt_metal/hw/inc/internal/tt-1xx/blackhole/blackhole_defines -I/home/mvasiljevic/tt-metal/tt_metal/hw/inc/internal/tt-1xx/blackhole/noc -I/home/mvasiljevic/tt-metal/tt_metal/tt-llk/tt_llk_blackhole/common/inc -I/home/mvasiljevic/tt-metal/tt_metal/tt-llk/tt_llk_blackhole/llk_lib -I/home/mvasiljevic/tt-metal/tt_metal/hw/ckernels/blackhole/metal/llk_api -I/home/mvasiljevic/tt-metal/tt_metal/hw/ckernels/blackhole/metal/llk_api/llk_sfpu -I/home/mvasiljevic/tt-metal/tt_metal/hw/firmware/src/tt-1xx -I/home/mvasiljevic/tt-metal/ttnn/cpp/ttnn/operations/matmul/device/kernels/compute -c -o /home/mvasiljevic/.cache/tt-metal-cache/12569132917722018041/kernels/bmm_large_block_zm_fused_bias_activation/15139597459869024730/trisc2/trisck.3749600202458196004.o /home/mvasiljevic/tt-metal/tt_metal/hw/firmware/src/tt-1xx/trisck.cc -MF /home/mvasiljevic/.cache/tt-metal-cache/12569132917722018041/kernels/bmm_large_block_zm_fused_bias_activation/15139597459869024730/trisc2/trisck.3749600202458196004.d -DIS_NOT_POW2_NUM_L1_BANKS=1 -DLOG_BASE_2_OF_NUM_DRAM_BANKS=3 -DNUM_DRAM_BANKS=8 -DNUM_L1_BANKS=110 -DPCIE_NOC_X=19 -DPCIE_NOC_Y=24 -DTENSIX_FIRMWARE -DLOCAL_MEM_EN=0 -DPROFILE_KERNEL=1 -DPROFILER_FULL_HOST_BUFFER_SIZE_PER_RISC=48000 -DPROCESSOR_INDEX=4 -DUCK_CHLKC_PACK -DCOMPILE_FOR_TRISC=2 -DARCH_BLACKHOLE -DDISPATCH_MESSAGE_ADDR=4290184248 -DKERNEL_BUILD -DFULL_KERNEL_NAME="\"bmm_large_block_zm_fused_bias_activation/15139597459869024730/\"" -DKERNEL_COMPILE_TIME_ARGS=2,1,8,8,1,2,1,128,1,1,4,1,4,1,4,0,0,0 -DKERNEL_COMPILE_TIME_ARG_MAP="{\"bias_ntiles\",1}, {\"cb_intermed0\",5}, {\"cb_out\",4}, {\"cb_in0_transposed\",10}, {\"cb_bias\",3}, {\"cb_in1\",1}, {\"cb_in0\",0}, " 
In file included from /home/mvasiljevic/tt-metal/tt_metal/hw/ckernels/blackhole/metal/llk_io/llk_io_pack.h:14,
                 from /home/mvasiljevic/tt-metal/tt_metal/hw/inc/api/compute/cb_api.h:12,
                 from /home/mvasiljevic/tt-metal/tt_metal/hw/inc/api/compute/common.h:11,
                 from /home/mvasiljevic/tt-metal/tt_metal/hw/inc/api/compute/matmul.h:7,
                 from /home/mvasiljevic/tt-metal/ttnn/cpp/ttnn/operations/matmul/device/kernels/compute/bmm_large_block_zm_fused_bias_activation.cpp:7,
                 from ../chlkc_pack.cpp:3,
                 from /home/mvasiljevic/tt-metal/tt_metal/hw/ckernels/blackhole/metal/common/chlkc_list.h:21,
                 from /home/mvasiljevic/tt-metal/tt_metal/hw/firmware/src/tt-1xx/trisck.cc:13:
/home/mvasiljevic/tt-metal/tt_metal/hw/ckernels/blackhole/metal/llk_io/llk_io_pack.h: In function 'void llk_wait_for_free_tiles(int32_t, int32_t)':
/home/mvasiljevic/tt-metal/tt_metal/tools/profiler/kernel_profiler.hpp:25:22: note: '#pragma message: CB-COMPUTE-RESERVE-BACK,/home/mvasiljevic/tt-metal/tt_metal/hw/ckernels/blackhole/metal/llk_io/llk_io_pack.h,21,KERNEL_PROFILER'
   25 | #define DO_PRAGMA(x) _Pragma(#x)
      |                      ^~~~~~~
/home/mvasiljevic/tt-metal/tt_metal/tools/profiler/kernel_profiler.hpp:712:5: note: in expansion of macro 'DO_PRAGMA'
  712 |     DO_PRAGMA(message(PROFILER_MSG_NAME(name)));                               \
      |     ^~~~~~~~~
/home/mvasiljevic/tt-metal/tt_metal/hw/ckernels/blackhole/metal/llk_io/llk_io_pack.h:21:5: note: in expansion of macro 'DeviceZoneScopedSumN2'
   21 |     DeviceZoneScopedSumN2("CB-COMPUTE-RESERVE-BACK");
      |     ^~~~~~~~~~~~~~~~~~~~~
/home/mvasiljevic/tt-metal/tt_metal/hw/firmware/src/tt-1xx/trisck.cc: In function 'uint32_t _start()':
/home/mvasiljevic/tt-metal/tt_metal/tools/profiler/kernel_profiler.hpp:25:22: note: '#pragma message: TRISC-KERNEL,/home/mvasiljevic/tt-metal/tt_metal/hw/firmware/src/tt-1xx/trisck.cc,86,KERNEL_PROFILER'
   25 | #define DO_PRAGMA(x) _Pragma(#x)
      |                      ^~~~~~~
/home/mvasiljevic/tt-metal/tt_metal/tools/profiler/kernel_profiler.hpp:702:5: note: in expansion of macro 'DO_PRAGMA'
  702 |     DO_PRAGMA(message(PROFILER_MSG_NAME(name)));                               \
      |     ^~~~~~~~~
/home/mvasiljevic/tt-metal/tt_metal/hw/firmware/src/tt-1xx/trisck.cc:86:5: note: in expansion of macro 'DeviceZoneScopedMainChildN'
   86 |     DeviceZoneScopedMainChildN("TRISC-KERNEL");
      |     ^~~~~~~~~~~~~~~~~~~~~~~~~~
Building trisc0, compile step:
cd /home/mvasiljevic/.cache/tt-metal-cache/12569132917722018041/kernels/bmm_large_block_zm_fused_bias_activation/15139597459869024730/trisc0/ && /home/mvasiljevic/tt-metal/runtime/sfpi/compiler/bin/riscv-tt-elf-g++ -O3 -std=c++17 -ftt-nttp -ftt-constinit -ftt-consteval -ftt-no-dyninit -flto=auto -ffast-math -fno-exceptions -fno-rtti -fno-use-cxa-atexit -g -MMD -Wall -Werror -Wno-error=deprecated-declarations -Wno-error=multistatement-macros -Wno-error=parentheses -Wno-error=unused-but-set-variable -Wno-unused-variable -Wno-unused-function -mcpu=tt-bh-tensix -I. -I.. -I/home/mvasiljevic/tt-metal/ -I/home/mvasiljevic/tt-metal/ttnn -I/home/mvasiljevic/tt-metal/ttnn/cpp -I/home/mvasiljevic/tt-metal/tt_metal -I/home/mvasiljevic/tt-metal/tt_metal/hw/inc -I/home/mvasiljevic/tt-metal/tt_metal/tt-llk/common -I/home/mvasiljevic/tt-metal/tt_metal/hostdevcommon/api -I/home/mvasiljevic/tt-metal/tt_metal/api/ -I/home/mvasiljevic/tt-metal/runtime/sfpi/include -I/home/mvasiljevic/tt-metal/tt_metal/hw/ckernels/blackhole/metal/common -I/home/mvasiljevic/tt-metal/tt_metal/hw/ckernels/blackhole/metal/llk_io -I/home/mvasiljevic/tt-metal/tt_metal/hw/inc/internal/tt-1xx -I/home/mvasiljevic/tt-metal/tt_metal/hw/inc/internal/tt-1xx/blackhole -I/home/mvasiljevic/tt-metal/tt_metal/hw/inc/internal/tt-1xx/blackhole/blackhole_defines -I/home/mvasiljevic/tt-metal/tt_metal/hw/inc/internal/tt-1xx/blackhole/noc -I/home/mvasiljevic/tt-metal/tt_metal/tt-llk/tt_llk_blackhole/common/inc -I/home/mvasiljevic/tt-metal/tt_metal/tt-llk/tt_llk_blackhole/llk_lib -I/home/mvasiljevic/tt-metal/tt_metal/hw/ckernels/blackhole/metal/llk_api -I/home/mvasiljevic/tt-metal/tt_metal/hw/ckernels/blackhole/metal/llk_api/llk_sfpu -I/home/mvasiljevic/tt-metal/tt_metal/hw/firmware/src/tt-1xx -I/home/mvasiljevic/tt-metal/ttnn/cpp/ttnn/operations/matmul/device/kernels/compute -c -o /home/mvasiljevic/.cache/tt-metal-cache/12569132917722018041/kernels/bmm_large_block_zm_fused_bias_activation/15139597459869024730/trisc0/trisck.3749600202458196004.o /home/mvasiljevic/tt-metal/tt_metal/hw/firmware/src/tt-1xx/trisck.cc -MF /home/mvasiljevic/.cache/tt-metal-cache/12569132917722018041/kernels/bmm_large_block_zm_fused_bias_activation/15139597459869024730/trisc0/trisck.3749600202458196004.d -DIS_NOT_POW2_NUM_L1_BANKS=1 -DLOG_BASE_2_OF_NUM_DRAM_BANKS=3 -DNUM_DRAM_BANKS=8 -DNUM_L1_BANKS=110 -DPCIE_NOC_X=19 -DPCIE_NOC_Y=24 -DTENSIX_FIRMWARE -DLOCAL_MEM_EN=0 -DPROFILE_KERNEL=1 -DPROFILER_FULL_HOST_BUFFER_SIZE_PER_RISC=48000 -DPROCESSOR_INDEX=2 -DUCK_CHLKC_UNPACK -DCOMPILE_FOR_TRISC=0 -DARCH_BLACKHOLE -DDISPATCH_MESSAGE_ADDR=4290184248 -DKERNEL_BUILD -DFULL_KERNEL_NAME="\"bmm_large_block_zm_fused_bias_activation/15139597459869024730/\"" -DKERNEL_COMPILE_TIME_ARGS=2,1,8,8,1,2,1,128,1,1,4,1,4,1,4,0,0,0 -DKERNEL_COMPILE_TIME_ARG_MAP="{\"bias_ntiles\",1}, {\"cb_intermed0\",5}, {\"cb_out\",4}, {\"cb_in0_transposed\",10}, {\"cb_bias\",3}, {\"cb_in1\",1}, {\"cb_in0\",0}, " 
In file included from /home/mvasiljevic/tt-metal/tt_metal/hw/ckernels/blackhole/metal/llk_io/llk_io_unpack.h:13,
                 from /home/mvasiljevic/tt-metal/tt_metal/hw/inc/api/compute/cb_api.h:15,
                 from /home/mvasiljevic/tt-metal/tt_metal/hw/inc/api/compute/common.h:11,
                 from /home/mvasiljevic/tt-metal/tt_metal/hw/inc/api/compute/matmul.h:7,
                 from /home/mvasiljevic/tt-metal/ttnn/cpp/ttnn/operations/matmul/device/kernels/compute/bmm_large_block_zm_fused_bias_activation.cpp:7,
                 from ../chlkc_unpack.cpp:3,
                 from /home/mvasiljevic/tt-metal/tt_metal/hw/ckernels/blackhole/metal/common/chlkc_list.h:26,
                 from /home/mvasiljevic/tt-metal/tt_metal/hw/firmware/src/tt-1xx/trisck.cc:13:
/home/mvasiljevic/tt-metal/tt_metal/hw/ckernels/blackhole/metal/llk_io/llk_io_unpack.h: In function 'void llk_wait_tiles(int, int32_t)':
/home/mvasiljevic/tt-metal/tt_metal/tools/profiler/kernel_profiler.hpp:25:22: note: '#pragma message: CB-COMPUTE-WAIT-FRONT,/home/mvasiljevic/tt-metal/tt_metal/hw/ckernels/blackhole/metal/llk_io/llk_io_unpack.h,19,KERNEL_PROFILER'
   25 | #define DO_PRAGMA(x) _Pragma(#x)
      |                      ^~~~~~~
/home/mvasiljevic/tt-metal/tt_metal/tools/profiler/kernel_profiler.hpp:707:5: note: in expansion of macro 'DO_PRAGMA'
  707 |     DO_PRAGMA(message(PROFILER_MSG_NAME(name)));                               \
      |     ^~~~~~~~~
/home/mvasiljevic/tt-metal/tt_metal/hw/ckernels/blackhole/metal/llk_io/llk_io_unpack.h:19:5: note: in expansion of macro 'DeviceZoneScopedSumN1'
   19 |     DeviceZoneScopedSumN1("CB-COMPUTE-WAIT-FRONT");
      |     ^~~~~~~~~~~~~~~~~~~~~
/home/mvasiljevic/tt-metal/tt_metal/hw/firmware/src/tt-1xx/trisck.cc: In function 'uint32_t _start()':
/home/mvasiljevic/tt-metal/tt_metal/tools/profiler/kernel_profiler.hpp:25:22: note: '#pragma message: TRISC-KERNEL,/home/mvasiljevic/tt-metal/tt_metal/hw/firmware/src/tt-1xx/trisck.cc,86,KERNEL_PROFILER'
   25 | #define DO_PRAGMA(x) _Pragma(#x)
      |                      ^~~~~~~
/home/mvasiljevic/tt-metal/tt_metal/tools/profiler/kernel_profiler.hpp:702:5: note: in expansion of macro 'DO_PRAGMA'
  702 |     DO_PRAGMA(message(PROFILER_MSG_NAME(name)));                               \
      |     ^~~~~~~~~
/home/mvasiljevic/tt-metal/tt_metal/hw/firmware/src/tt-1xx/trisck.cc:86:5: note: in expansion of macro 'DeviceZoneScopedMainChildN'
   86 |     DeviceZoneScopedMainChildN("TRISC-KERNEL");
      |     ^~~~~~~~~~~~~~~~~~~~~~~~~~
Building brisc, compile step:
cd /home/mvasiljevic/.cache/tt-metal-cache/12569132917722018041/kernels/reader_bmm_tile_layout_in1_sender_writer_padding/7956231835669238493/brisc/ && /home/mvasiljevic/tt-metal/runtime/sfpi/compiler/bin/riscv-tt-elf-g++ -O2 -std=c++17 -ftt-nttp -ftt-constinit -ftt-consteval -ftt-no-dyninit -flto=auto -ffast-math -fno-exceptions -fno-rtti -fno-use-cxa-atexit -g -MMD -Wall -Werror -Wno-error=deprecated-declarations -Wno-error=multistatement-macros -Wno-error=parentheses -Wno-error=unused-but-set-variable -Wno-unused-variable -Wno-unused-function -mcpu=tt-bh -fno-tree-loop-distribute-patterns -I. -I.. -I/home/mvasiljevic/tt-metal/ -I/home/mvasiljevic/tt-metal/ttnn -I/home/mvasiljevic/tt-metal/ttnn/cpp -I/home/mvasiljevic/tt-metal/tt_metal -I/home/mvasiljevic/tt-metal/tt_metal/hw/inc -I/home/mvasiljevic/tt-metal/tt_metal/tt-llk/common -I/home/mvasiljevic/tt-metal/tt_metal/hostdevcommon/api -I/home/mvasiljevic/tt-metal/tt_metal/api/ -I/home/mvasiljevic/tt-metal/tt_metal/hw/ckernels/blackhole/metal/common -I/home/mvasiljevic/tt-metal/tt_metal/hw/ckernels/blackhole/metal/llk_io -I/home/mvasiljevic/tt-metal/tt_metal/hw/inc/internal/tt-1xx -I/home/mvasiljevic/tt-metal/tt_metal/hw/inc/internal/tt-1xx/blackhole -I/home/mvasiljevic/tt-metal/tt_metal/hw/inc/internal/tt-1xx/blackhole/blackhole_defines -I/home/mvasiljevic/tt-metal/tt_metal/hw/inc/internal/tt-1xx/blackhole/noc -I/home/mvasiljevic/tt-metal/tt_metal/tt-llk/tt_llk_blackhole/common/inc -I/home/mvasiljevic/tt-metal/tt_metal/tt-llk/tt_llk_blackhole/llk_lib -I/home/mvasiljevic/tt-metal/tt_metal/hw/firmware/src/tt-1xx -I/home/mvasiljevic/tt-metal/ttnn/cpp/ttnn/operations/matmul/device/kernels/dataflow -c -o /home/mvasiljevic/.cache/tt-metal-cache/12569132917722018041/kernels/reader_bmm_tile_layout_in1_sender_writer_padding/7956231835669238493/brisc/brisck.3749600202458196004.o /home/mvasiljevic/tt-metal/tt_metal/hw/firmware/src/tt-1xx/brisck.cc -MF /home/mvasiljevic/.cache/tt-metal-cache/12569132917722018041/kernels/reader_bmm_tile_layout_in1_sender_writer_padding/7956231835669238493/brisc/brisck.3749600202458196004.d -DIS_NOT_POW2_NUM_L1_BANKS=1 -DLOG_BASE_2_OF_NUM_DRAM_BANKS=3 -DNUM_DRAM_BANKS=8 -DNUM_L1_BANKS=110 -DPCIE_NOC_X=19 -DPCIE_NOC_Y=24 -DTENSIX_FIRMWARE -DLOCAL_MEM_EN=0 -DPROFILE_KERNEL=1 -DPROFILER_FULL_HOST_BUFFER_SIZE_PER_RISC=48000 -DPROCESSOR_INDEX=0 -DCOMPILE_FOR_BRISC -DARCH_BLACKHOLE -DDISPATCH_MESSAGE_ADDR=4290184248 -DKERNEL_BUILD -DFULL_KERNEL_NAME="\"reader_bmm_tile_layout_in1_sender_writer_padding/7956231835669238493/\"" -DSKIP_MCAST='1' -DNOC_INDEX='0' -DNOC_MODE='0' -DKERNEL_COMPILE_TIME_ARGS=1,96,192,1,1,2,2,128,1,1,0,0,0,0,24576,1,1,0,0,1,96,1,384,1,384,1,4,4,384,0,0,0,2,576,0,0,2,2048 -DKERNEL_COMPILE_TIME_ARG_MAP="{\"cb_sparsity\",7}, {\"cb_out\",4}, {\"cb_bias\",3}, {\"cb_in1\",1}, " 
In file included from /home/mvasiljevic/tt-metal/tt_metal/hw/inc/api/dataflow/dataflow_api.h:27,
                 from /home/mvasiljevic/tt-metal/tt_metal/hw/inc/internal/firmware_common.h:24,
                 from /home/mvasiljevic/tt-metal/tt_metal/hw/firmware/src/tt-1xx/brisck.cc:17:
/home/mvasiljevic/tt-metal/tt_metal/tools/profiler/kernel_profiler.hpp: In function 'void kernel_profiler::quick_push()':
/home/mvasiljevic/tt-metal/tt_metal/tools/profiler/kernel_profiler.hpp:25:22: note: '#pragma message: PROFILER-NOC-QUICK-PUSH,/home/mvasiljevic/tt-metal/tt_metal/tools/profiler/kernel_profiler.hpp,395,KERNEL_PROFILER'
   25 | #define DO_PRAGMA(x) _Pragma(#x)
      |                      ^~~~~~~
/home/mvasiljevic/tt-metal/tt_metal/tools/profiler/kernel_profiler.hpp:35:5: note: in expansion of macro 'DO_PRAGMA'
   35 |     DO_PRAGMA(message(PROFILER_MSG_NAME(name))); \
      |     ^~~~~~~~~
/home/mvasiljevic/tt-metal/tt_metal/tools/profiler/kernel_profiler.hpp:395:5: note: in expansion of macro 'SrcLocNameToHash'
  395 |     SrcLocNameToHash("PROFILER-NOC-QUICK-PUSH");
      |     ^~~~~~~~~~~~~~~~
/home/mvasiljevic/tt-metal/tt_metal/hw/firmware/src/tt-1xx/brisck.cc: In function 'uint32_t _start()':
/home/mvasiljevic/tt-metal/tt_metal/tools/profiler/kernel_profiler.hpp:25:22: note: '#pragma message: BRISC-KERNEL,/home/mvasiljevic/tt-metal/tt_metal/hw/firmware/src/tt-1xx/brisck.cc,77,KERNEL_PROFILER'
   25 | #define DO_PRAGMA(x) _Pragma(#x)
      |                      ^~~~~~~
/home/mvasiljevic/tt-metal/tt_metal/tools/profiler/kernel_profiler.hpp:702:5: note: in expansion of macro 'DO_PRAGMA'
  702 |     DO_PRAGMA(message(PROFILER_MSG_NAME(name)));                               \
      |     ^~~~~~~~~
/home/mvasiljevic/tt-metal/tt_metal/hw/firmware/src/tt-1xx/brisck.cc:77:9: note: in expansion of macro 'DeviceZoneScopedMainChildN'
   77 |         DeviceZoneScopedMainChildN("BRISC-KERNEL");
      |         ^~~~~~~~~~~~~~~~~~~~~~~~~~
Building trisc1, compile step:
cd /home/mvasiljevic/.cache/tt-metal-cache/12569132917722018041/kernels/bmm_large_block_zm_fused_bias_activation/15139597459869024730/trisc1/ && /home/mvasiljevic/tt-metal/runtime/sfpi/compiler/bin/riscv-tt-elf-g++ -O3 -std=c++17 -ftt-nttp -ftt-constinit -ftt-consteval -ftt-no-dyninit -flto=auto -ffast-math -fno-exceptions -fno-rtti -fno-use-cxa-atexit -g -MMD -Wall -Werror -Wno-error=deprecated-declarations -Wno-error=multistatement-macros -Wno-error=parentheses -Wno-error=unused-but-set-variable -Wno-unused-variable -Wno-unused-function -mcpu=tt-bh-tensix -I. -I.. -I/home/mvasiljevic/tt-metal/ -I/home/mvasiljevic/tt-metal/ttnn -I/home/mvasiljevic/tt-metal/ttnn/cpp -I/home/mvasiljevic/tt-metal/tt_metal -I/home/mvasiljevic/tt-metal/tt_metal/hw/inc -I/home/mvasiljevic/tt-metal/tt_metal/tt-llk/common -I/home/mvasiljevic/tt-metal/tt_metal/hostdevcommon/api -I/home/mvasiljevic/tt-metal/tt_metal/api/ -I/home/mvasiljevic/tt-metal/runtime/sfpi/include -I/home/mvasiljevic/tt-metal/tt_metal/hw/ckernels/blackhole/metal/common -I/home/mvasiljevic/tt-metal/tt_metal/hw/ckernels/blackhole/metal/llk_io -I/home/mvasiljevic/tt-metal/tt_metal/hw/inc/internal/tt-1xx -I/home/mvasiljevic/tt-metal/tt_metal/hw/inc/internal/tt-1xx/blackhole -I/home/mvasiljevic/tt-metal/tt_metal/hw/inc/internal/tt-1xx/blackhole/blackhole_defines -I/home/mvasiljevic/tt-metal/tt_metal/hw/inc/internal/tt-1xx/blackhole/noc -I/home/mvasiljevic/tt-metal/tt_metal/tt-llk/tt_llk_blackhole/common/inc -I/home/mvasiljevic/tt-metal/tt_metal/tt-llk/tt_llk_blackhole/llk_lib -I/home/mvasiljevic/tt-metal/tt_metal/hw/ckernels/blackhole/metal/llk_api -I/home/mvasiljevic/tt-metal/tt_metal/hw/ckernels/blackhole/metal/llk_api/llk_sfpu -I/home/mvasiljevic/tt-metal/tt_metal/hw/firmware/src/tt-1xx -I/home/mvasiljevic/tt-metal/ttnn/cpp/ttnn/operations/matmul/device/kernels/compute -c -o /home/mvasiljevic/.cache/tt-metal-cache/12569132917722018041/kernels/bmm_large_block_zm_fused_bias_activation/15139597459869024730/trisc1/trisck.3749600202458196004.o /home/mvasiljevic/tt-metal/tt_metal/hw/firmware/src/tt-1xx/trisck.cc -MF /home/mvasiljevic/.cache/tt-metal-cache/12569132917722018041/kernels/bmm_large_block_zm_fused_bias_activation/15139597459869024730/trisc1/trisck.3749600202458196004.d -DIS_NOT_POW2_NUM_L1_BANKS=1 -DLOG_BASE_2_OF_NUM_DRAM_BANKS=3 -DNUM_DRAM_BANKS=8 -DNUM_L1_BANKS=110 -DPCIE_NOC_X=19 -DPCIE_NOC_Y=24 -DTENSIX_FIRMWARE -DLOCAL_MEM_EN=0 -DPROFILE_KERNEL=1 -DPROFILER_FULL_HOST_BUFFER_SIZE_PER_RISC=48000 -DPROCESSOR_INDEX=3 -DUCK_CHLKC_MATH -DCOMPILE_FOR_TRISC=1 -DARCH_BLACKHOLE -DDISPATCH_MESSAGE_ADDR=4290184248 -DKERNEL_BUILD -DFULL_KERNEL_NAME="\"bmm_large_block_zm_fused_bias_activation/15139597459869024730/\"" -DKERNEL_COMPILE_TIME_ARGS=2,1,8,8,1,2,1,128,1,1,4,1,4,1,4,0,0,0 -DKERNEL_COMPILE_TIME_ARG_MAP="{\"bias_ntiles\",1}, {\"cb_intermed0\",5}, {\"cb_out\",4}, {\"cb_in0_transposed\",10}, {\"cb_bias\",3}, {\"cb_in1\",1}, {\"cb_in0\",0}, " 
In file included from /home/mvasiljevic/tt-metal/tt_metal/hw/firmware/src/tt-1xx/trisck.cc:15:
/home/mvasiljevic/tt-metal/tt_metal/hw/firmware/src/tt-1xx/trisck.cc: In function 'uint32_t _start()':
/home/mvasiljevic/tt-metal/tt_metal/tools/profiler/kernel_profiler.hpp:25:22: note: '#pragma message: TRISC-KERNEL,/home/mvasiljevic/tt-metal/tt_metal/hw/firmware/src/tt-1xx/trisck.cc,86,KERNEL_PROFILER'
   25 | #define DO_PRAGMA(x) _Pragma(#x)
      |                      ^~~~~~~
/home/mvasiljevic/tt-metal/tt_metal/tools/profiler/kernel_profiler.hpp:702:5: note: in expansion of macro 'DO_PRAGMA'
  702 |     DO_PRAGMA(message(PROFILER_MSG_NAME(name)));                               \
      |     ^~~~~~~~~
/home/mvasiljevic/tt-metal/tt_metal/hw/firmware/src/tt-1xx/trisck.cc:86:5: note: in expansion of macro 'DeviceZoneScopedMainChildN'
   86 |     DeviceZoneScopedMainChildN("TRISC-KERNEL");
      |     ^~~~~~~~~~~~~~~~~~~~~~~~~~
Building ncrisc, compile step:
cd /home/mvasiljevic/.cache/tt-metal-cache/12569132917722018041/kernels/reader_bmm_tile_layout_in0_sender_padding/14448801990496045904/ncrisc/ && /home/mvasiljevic/tt-metal/runtime/sfpi/compiler/bin/riscv-tt-elf-g++ -O2 -std=c++17 -ftt-nttp -ftt-constinit -ftt-consteval -ftt-no-dyninit -flto=auto -ffast-math -fno-exceptions -fno-rtti -fno-use-cxa-atexit -g -MMD -Wall -Werror -Wno-error=deprecated-declarations -Wno-error=multistatement-macros -Wno-error=parentheses -Wno-error=unused-but-set-variable -Wno-unused-variable -Wno-unused-function -mcpu=tt-bh -fno-tree-loop-distribute-patterns -I. -I.. -I/home/mvasiljevic/tt-metal/ -I/home/mvasiljevic/tt-metal/ttnn -I/home/mvasiljevic/tt-metal/ttnn/cpp -I/home/mvasiljevic/tt-metal/tt_metal -I/home/mvasiljevic/tt-metal/tt_metal/hw/inc -I/home/mvasiljevic/tt-metal/tt_metal/tt-llk/common -I/home/mvasiljevic/tt-metal/tt_metal/hostdevcommon/api -I/home/mvasiljevic/tt-metal/tt_metal/api/ -I/home/mvasiljevic/tt-metal/tt_metal/hw/ckernels/blackhole/metal/common -I/home/mvasiljevic/tt-metal/tt_metal/hw/ckernels/blackhole/metal/llk_io -I/home/mvasiljevic/tt-metal/tt_metal/hw/inc/internal/tt-1xx -I/home/mvasiljevic/tt-metal/tt_metal/hw/inc/internal/tt-1xx/blackhole -I/home/mvasiljevic/tt-metal/tt_metal/hw/inc/internal/tt-1xx/blackhole/blackhole_defines -I/home/mvasiljevic/tt-metal/tt_metal/hw/inc/internal/tt-1xx/blackhole/noc -I/home/mvasiljevic/tt-metal/tt_metal/tt-llk/tt_llk_blackhole/common/inc -I/home/mvasiljevic/tt-metal/tt_metal/tt-llk/tt_llk_blackhole/llk_lib -I/home/mvasiljevic/tt-metal/tt_metal/hw/firmware/src/tt-1xx -I/home/mvasiljevic/tt-metal/ttnn/cpp/ttnn/operations/matmul/device/kernels/dataflow -c -o /home/mvasiljevic/.cache/tt-metal-cache/12569132917722018041/kernels/reader_bmm_tile_layout_in0_sender_padding/14448801990496045904/ncrisc/ncrisck.3749600202458196004.o /home/mvasiljevic/tt-metal/tt_metal/hw/firmware/src/tt-1xx/ncrisck.cc -MF /home/mvasiljevic/.cache/tt-metal-cache/12569132917722018041/kernels/reader_bmm_tile_layout_in0_sender_padding/14448801990496045904/ncrisc/ncrisck.3749600202458196004.d -DIS_NOT_POW2_NUM_L1_BANKS=1 -DLOG_BASE_2_OF_NUM_DRAM_BANKS=3 -DNUM_DRAM_BANKS=8 -DNUM_L1_BANKS=110 -DPCIE_NOC_X=19 -DPCIE_NOC_Y=24 -DTENSIX_FIRMWARE -DLOCAL_MEM_EN=0 -DPROFILE_KERNEL=1 -DPROFILER_FULL_HOST_BUFFER_SIZE_PER_RISC=48000 -DPROCESSOR_INDEX=1 -DCOMPILE_FOR_NCRISC -DARCH_BLACKHOLE -DDISPATCH_MESSAGE_ADDR=4290184248 -DKERNEL_BUILD -DFULL_KERNEL_NAME="\"reader_bmm_tile_layout_in0_sender_padding/14448801990496045904/\"" -DNOC_INDEX='1' -DNOC_MODE='0' -DKERNEL_COMPILE_TIME_ARGS=1,256,2,1024,2,4,8,0,0,0,0,0,128,1,1,0,1,95,98,1024,1,1,0,0,0,1,0,0,2,2048,0,0,0 -DKERNEL_COMPILE_TIME_ARG_MAP="{\"cb_sparsity\",6}, {\"cb_in0_sharded\",2}, {\"cb_in0\",0}, " 
In file included from /home/mvasiljevic/tt-metal/tt_metal/hw/inc/api/dataflow/dataflow_api.h:27,
                 from /home/mvasiljevic/tt-metal/tt_metal/hw/inc/internal/firmware_common.h:24,
                 from /home/mvasiljevic/tt-metal/tt_metal/hw/firmware/src/tt-1xx/ncrisck.cc:17:
/home/mvasiljevic/tt-metal/tt_metal/tools/profiler/kernel_profiler.hpp: In function 'void kernel_profiler::quick_push()':
/home/mvasiljevic/tt-metal/tt_metal/tools/profiler/kernel_profiler.hpp:25:22: note: '#pragma message: PROFILER-NOC-QUICK-PUSH,/home/mvasiljevic/tt-metal/tt_metal/tools/profiler/kernel_profiler.hpp,395,KERNEL_PROFILER'
   25 | #define DO_PRAGMA(x) _Pragma(#x)
      |                      ^~~~~~~
/home/mvasiljevic/tt-metal/tt_metal/tools/profiler/kernel_profiler.hpp:35:5: note: in expansion of macro 'DO_PRAGMA'
   35 |     DO_PRAGMA(message(PROFILER_MSG_NAME(name))); \
      |     ^~~~~~~~~
/home/mvasiljevic/tt-metal/tt_metal/tools/profiler/kernel_profiler.hpp:395:5: note: in expansion of macro 'SrcLocNameToHash'
  395 |     SrcLocNameToHash("PROFILER-NOC-QUICK-PUSH");
      |     ^~~~~~~~~~~~~~~~
/home/mvasiljevic/tt-metal/tt_metal/hw/firmware/src/tt-1xx/ncrisck.cc: In function 'uint32_t _start()':
/home/mvasiljevic/tt-metal/tt_metal/tools/profiler/kernel_profiler.hpp:25:22: note: '#pragma message: NCRISC-KERNEL,/home/mvasiljevic/tt-metal/tt_metal/hw/firmware/src/tt-1xx/ncrisck.cc,69,KERNEL_PROFILER'
   25 | #define DO_PRAGMA(x) _Pragma(#x)
      |                      ^~~~~~~
/home/mvasiljevic/tt-metal/tt_metal/tools/profiler/kernel_profiler.hpp:702:5: note: in expansion of macro 'DO_PRAGMA'
  702 |     DO_PRAGMA(message(PROFILER_MSG_NAME(name)));                               \
      |     ^~~~~~~~~
/home/mvasiljevic/tt-metal/tt_metal/hw/firmware/src/tt-1xx/ncrisck.cc:69:5: note: in expansion of macro 'DeviceZoneScopedMainChildN'
   69 |     DeviceZoneScopedMainChildN("NCRISC-KERNEL");
      |     ^~~~~~~~~~~~~~~~~~~~~~~~~~
2026-07-30 02:40:01.384 | INFO     | tracy:signpost:49 - OPTIMIZED_PREFILL_B1_END
PERF_RESULTS mode=prefill batch=1 sequence=128 values={'optimized': (1.7142801856001217, 1.4980081468820572)}
PASSED2026-07-30 02:40:01.773 | info     |           Metal | Device kernel duration perf summary (device=3): count=213, min=1918ns, avg=35222.7ns, max=473671ns (profiler_analysis.cpp:675)
2026-07-30 02:40:01.773 | info     |           Metal | Device kernel duration perf histogram (device=3): (buckets=10, bucket_size=47200ns, range=[0..472000), underflow(<0ns)=0, overflow(>=472000ns)=1) (profiler_analysis.cpp:718)
2026-07-30 02:40:01.773 | info     |           Metal |   [           0 ..        47200) |########################################|      181 (profiler_analysis.cpp:723)
2026-07-30 02:40:01.773 | info     |           Metal |   [       47200 ..        94400) |#                                       |        6 (profiler_analysis.cpp:723)
2026-07-30 02:40:01.773 | info     |           Metal |   [       94400 ..       141600) |###                                     |       14 (profiler_analysis.cpp:723)
2026-07-30 02:40:01.773 | info     |           Metal |   [      141600 ..       188800) |#                                       |        3 (profiler_analysis.cpp:723)
2026-07-30 02:40:01.773 | info     |           Metal |   [      188800 ..       236000) |#                                       |        5 (profiler_analysis.cpp:723)
2026-07-30 02:40:01.773 | info     |           Metal |   [      236000 ..       283200) |                                        |        0 (profiler_analysis.cpp:723)
2026-07-30 02:40:01.773 | info     |           Metal |   [      283200 ..       330400) |                                        |        2 (profiler_analysis.cpp:723)
2026-07-30 02:40:01.773 | info     |           Metal |   [      330400 ..       377600) |                                        |        1 (profiler_analysis.cpp:723)
2026-07-30 02:40:01.773 | info     |           Metal |   [      377600 ..       424800) |                                        |        0 (profiler_analysis.cpp:723)
2026-07-30 02:40:01.773 | info     |           Metal |   [      424800 ..       472000) |                                        |        0 (profiler_analysis.cpp:723)

models/autoports/microsoft_phi_3_5_mini_instruct/tests/optimized_decoder_perf.py::test_profile_traced_decode_before_after[blackhole-1-mesh_device0] 2026-07-30 02:40:02.216 | DEBUG    | ttnn.device:__init__:152 - Using default dispatch core type for this system: DispatchCoreType.WORKER
2026-07-30 02:40:02.216 | DEBUG    | ttnn.device:__init__:154 - Using default dispatch core axis for this system: DispatchCoreAxis.COL
2026-07-30 02:40:02.263 | warning  |           Metal | Opening subset of mmio devices slows down UMD read/write to remote chips. If opening more devices, consider using CreateDevices API. (device_manager.cpp:261)
2026-07-30 02:40:02.270 | info     |           Metal | Profiler started on device 3 (profiler_initializer.cpp:49)
2026-07-30 02:40:02.310 | DEBUG    | conftest:mesh_device:599 - multidevice with 1 devices is created
Building ncrisc, compile step:
cd /home/mvasiljevic/.cache/tt-metal-cache/12569132917722018041/kernels/reader_bmm_tile_layout_in0_sender_dram_sharded/4146170435001845212/ncrisc/ && /home/mvasiljevic/tt-metal/runtime/sfpi/compiler/bin/riscv-tt-elf-g++ -O2 -std=c++17 -ftt-nttp -ftt-constinit -ftt-consteval -ftt-no-dyninit -flto=auto -ffast-math -fno-exceptions -fno-rtti -fno-use-cxa-atexit -g -MMD -Wall -Werror -Wno-error=deprecated-declarations -Wno-error=multistatement-macros -Wno-error=parentheses -Wno-error=unused-but-set-variable -Wno-unused-variable -Wno-unused-function -mcpu=tt-bh -fno-tree-loop-distribute-patterns -I. -I.. -I/home/mvasiljevic/tt-metal/ -I/home/mvasiljevic/tt-metal/ttnn -I/home/mvasiljevic/tt-metal/ttnn/cpp -I/home/mvasiljevic/tt-metal/tt_metal -I/home/mvasiljevic/tt-metal/tt_metal/hw/inc -I/home/mvasiljevic/tt-metal/tt_metal/tt-llk/common -I/home/mvasiljevic/tt-metal/tt_metal/hostdevcommon/api -I/home/mvasiljevic/tt-metal/tt_metal/api/ -I/home/mvasiljevic/tt-metal/tt_metal/hw/ckernels/blackhole/metal/common -I/home/mvasiljevic/tt-metal/tt_metal/hw/ckernels/blackhole/metal/llk_io -I/home/mvasiljevic/tt-metal/tt_metal/hw/inc/internal/tt-1xx -I/home/mvasiljevic/tt-metal/tt_metal/hw/inc/internal/tt-1xx/blackhole -I/home/mvasiljevic/tt-metal/tt_metal/hw/inc/internal/tt-1xx/blackhole/blackhole_defines -I/home/mvasiljevic/tt-metal/tt_metal/hw/inc/internal/tt-1xx/blackhole/noc -I/home/mvasiljevic/tt-metal/tt_metal/tt-llk/tt_llk_blackhole/common/inc -I/home/mvasiljevic/tt-metal/tt_metal/tt-llk/tt_llk_blackhole/llk_lib -I/home/mvasiljevic/tt-metal/tt_metal/hw/firmware/src/tt-1xx -I/home/mvasiljevic/tt-metal/ttnn/cpp/ttnn/operations/matmul/device/kernels/dataflow -c -o /home/mvasiljevic/.cache/tt-metal-cache/12569132917722018041/kernels/reader_bmm_tile_layout_in0_sender_dram_sharded/4146170435001845212/ncrisc/ncrisck.3749600202458196004.o /home/mvasiljevic/tt-metal/tt_metal/hw/firmware/src/tt-1xx/ncrisck.cc -MF /home/mvasiljevic/.cache/tt-metal-cache/12569132917722018041/kernels/reader_bmm_tile_layout_in0_sender_dram_sharded/4146170435001845212/ncrisc/ncrisck.3749600202458196004.d -DIS_NOT_POW2_NUM_L1_BANKS=1 -DLOG_BASE_2_OF_NUM_DRAM_BANKS=3 -DNUM_DRAM_BANKS=8 -DNUM_L1_BANKS=110 -DPCIE_NOC_X=19 -DPCIE_NOC_Y=24 -DTENSIX_FIRMWARE -DLOCAL_MEM_EN=0 -DPROFILE_KERNEL=1 -DPROFILER_FULL_HOST_BUFFER_SIZE_PER_RISC=48000 -DPROCESSOR_INDEX=1 -DCOMPILE_FOR_NCRISC -DARCH_BLACKHOLE -DDISPATCH_MESSAGE_ADDR=4290184248 -DKERNEL_BUILD -DFULL_KERNEL_NAME="\"reader_bmm_tile_layout_in0_sender_dram_sharded/4146170435001845212/\"" -DNOC_INDEX='1' -DNOC_MODE='0' -DKERNEL_COMPILE_TIME_ARGS=4,8192,0,0,0,1,8,110,24,13,11,1,2,2,3,4 -DKERNEL_COMPILE_TIME_ARG_MAP="{\"cb_in0_sharded\",2}, {\"cb_in0\",0}, " 
In file included from /home/mvasiljevic/tt-metal/tt_metal/hw/inc/api/dataflow/dataflow_api.h:27,
                 from /home/mvasiljevic/tt-metal/tt_metal/hw/inc/internal/firmware_common.h:24,
                 from /home/mvasiljevic/tt-metal/tt_metal/hw/firmware/src/tt-1xx/ncrisck.cc:17:
/home/mvasiljevic/tt-metal/tt_metal/tools/profiler/kernel_profiler.hpp: In function 'void kernel_profiler::quick_push()':
/home/mvasiljevic/tt-metal/tt_metal/tools/profiler/kernel_profiler.hpp:25:22: note: '#pragma message: PROFILER-NOC-QUICK-PUSH,/home/mvasiljevic/tt-metal/tt_metal/tools/profiler/kernel_profiler.hpp,395,KERNEL_PROFILER'
   25 | #define DO_PRAGMA(x) _Pragma(#x)
      |                      ^~~~~~~
/home/mvasiljevic/tt-metal/tt_metal/tools/profiler/kernel_profiler.hpp:35:5: note: in expansion of macro 'DO_PRAGMA'
   35 |     DO_PRAGMA(message(PROFILER_MSG_NAME(name))); \
      |     ^~~~~~~~~
/home/mvasiljevic/tt-metal/tt_metal/tools/profiler/kernel_profiler.hpp:395:5: note: in expansion of macro 'SrcLocNameToHash'
  395 |     SrcLocNameToHash("PROFILER-NOC-QUICK-PUSH");
      |     ^~~~~~~~~~~~~~~~
/home/mvasiljevic/tt-metal/tt_metal/hw/firmware/src/tt-1xx/ncrisck.cc: In function 'uint32_t _start()':
/home/mvasiljevic/tt-metal/tt_metal/tools/profiler/kernel_profiler.hpp:25:22: note: '#pragma message: NCRISC-KERNEL,/home/mvasiljevic/tt-metal/tt_metal/hw/firmware/src/tt-1xx/ncrisck.cc,69,KERNEL_PROFILER'
   25 | #define DO_PRAGMA(x) _Pragma(#x)
      |                      ^~~~~~~
/home/mvasiljevic/tt-metal/tt_metal/tools/profiler/kernel_profiler.hpp:702:5: note: in expansion of macro 'DO_PRAGMA'
  702 |     DO_PRAGMA(message(PROFILER_MSG_NAME(name)));                               \
      |     ^~~~~~~~~
/home/mvasiljevic/tt-metal/tt_metal/hw/firmware/src/tt-1xx/ncrisck.cc:69:5: note: in expansion of macro 'DeviceZoneScopedMainChildN'
   69 |     DeviceZoneScopedMainChildN("NCRISC-KERNEL");
      |     ^~~~~~~~~~~~~~~~~~~~~~~~~~
Building trisc2, compile step:
cd /home/mvasiljevic/.cache/tt-metal-cache/12569132917722018041/kernels/bmm_large_block_zm_fused_bias_activation/5642763008810366431/trisc2/ && /home/mvasiljevic/tt-metal/runtime/sfpi/compiler/bin/riscv-tt-elf-g++ -O3 -std=c++17 -ftt-nttp -ftt-constinit -ftt-consteval -ftt-no-dyninit -flto=auto -ffast-math -fno-exceptions -fno-rtti -fno-use-cxa-atexit -g -MMD -Wall -Werror -Wno-error=deprecated-declarations -Wno-error=multistatement-macros -Wno-error=parentheses -Wno-error=unused-but-set-variable -Wno-unused-variable -Wno-unused-function -mcpu=tt-bh-tensix -I. -I.. -I/home/mvasiljevic/tt-metal/ -I/home/mvasiljevic/tt-metal/ttnn -I/home/mvasiljevic/tt-metal/ttnn/cpp -I/home/mvasiljevic/tt-metal/tt_metal -I/home/mvasiljevic/tt-metal/tt_metal/hw/inc -I/home/mvasiljevic/tt-metal/tt_metal/tt-llk/common -I/home/mvasiljevic/tt-metal/tt_metal/hostdevcommon/api -I/home/mvasiljevic/tt-metal/tt_metal/api/ -I/home/mvasiljevic/tt-metal/runtime/sfpi/include -I/home/mvasiljevic/tt-metal/tt_metal/hw/ckernels/blackhole/metal/common -I/home/mvasiljevic/tt-metal/tt_metal/hw/ckernels/blackhole/metal/llk_io -I/home/mvasiljevic/tt-metal/tt_metal/hw/inc/internal/tt-1xx -I/home/mvasiljevic/tt-metal/tt_metal/hw/inc/internal/tt-1xx/blackhole -I/home/mvasiljevic/tt-metal/tt_metal/hw/inc/internal/tt-1xx/blackhole/blackhole_defines -I/home/mvasiljevic/tt-metal/tt_metal/hw/inc/internal/tt-1xx/blackhole/noc -I/home/mvasiljevic/tt-metal/tt_metal/tt-llk/tt_llk_blackhole/common/inc -I/home/mvasiljevic/tt-metal/tt_metal/tt-llk/tt_llk_blackhole/llk_lib -I/home/mvasiljevic/tt-metal/tt_metal/hw/ckernels/blackhole/metal/llk_api -I/home/mvasiljevic/tt-metal/tt_metal/hw/ckernels/blackhole/metal/llk_api/llk_sfpu -I/home/mvasiljevic/tt-metal/tt_metal/hw/firmware/src/tt-1xx -I/home/mvasiljevic/tt-metal/ttnn/cpp/ttnn/operations/matmul/device/kernels/compute -c -o /home/mvasiljevic/.cache/tt-metal-cache/12569132917722018041/kernels/bmm_large_block_zm_fused_bias_activation/5642763008810366431/trisc2/trisck.3749600202458196004.o /home/mvasiljevic/tt-metal/tt_metal/hw/firmware/src/tt-1xx/trisck.cc -MF /home/mvasiljevic/.cache/tt-metal-cache/12569132917722018041/kernels/bmm_large_block_zm_fused_bias_activation/5642763008810366431/trisc2/trisck.3749600202458196004.d -DIS_NOT_POW2_NUM_L1_BANKS=1 -DLOG_BASE_2_OF_NUM_DRAM_BANKS=3 -DNUM_DRAM_BANKS=8 -DNUM_L1_BANKS=110 -DPCIE_NOC_X=19 -DPCIE_NOC_Y=24 -DTENSIX_FIRMWARE -DLOCAL_MEM_EN=0 -DPROFILE_KERNEL=1 -DPROFILER_FULL_HOST_BUFFER_SIZE_PER_RISC=48000 -DPROCESSOR_INDEX=4 -DUCK_CHLKC_PACK -DCOMPILE_FOR_TRISC=2 -DARCH_BLACKHOLE -DDISPATCH_MESSAGE_ADDR=4290184248 -DKERNEL_BUILD -DFULL_KERNEL_NAME="\"bmm_large_block_zm_fused_bias_activation/5642763008810366431/\"" -DKERNEL_COMPILE_TIME_ARGS=4,1,4,4,5,144,36,24,1,1,1,8,8,1,40,0,0,0 -DKERNEL_COMPILE_TIME_ARG_MAP="{\"last_subblock_w_valid\",4}, {\"bias_ntiles\",40}, {\"cb_in0_intermediate\",8}, {\"cb_intermed0\",5}, {\"cb_in1_intermediate\",9}, {\"cb_out\",4}, {\"cb_in0_transposed\",10}, {\"cb_bias\",3}, {\"cb_in1\",1}, {\"cb_in0\",0}, " 
In file included from /home/mvasiljevic/tt-metal/tt_metal/hw/ckernels/blackhole/metal/llk_io/llk_io_pack.h:14,
                 from /home/mvasiljevic/tt-metal/tt_metal/hw/inc/api/compute/cb_api.h:12,
                 from /home/mvasiljevic/tt-metal/tt_metal/hw/inc/api/compute/common.h:11,
                 from /home/mvasiljevic/tt-metal/tt_metal/hw/inc/api/compute/matmul.h:7,
                 from /home/mvasiljevic/tt-metal/ttnn/cpp/ttnn/operations/matmul/device/kernels/compute/bmm_large_block_zm_fused_bias_activation.cpp:7,
                 from ../chlkc_pack.cpp:3,
                 from /home/mvasiljevic/tt-metal/tt_metal/hw/ckernels/blackhole/metal/common/chlkc_list.h:21,
                 from /home/mvasiljevic/tt-metal/tt_metal/hw/firmware/src/tt-1xx/trisck.cc:13:
/home/mvasiljevic/tt-metal/tt_metal/hw/ckernels/blackhole/metal/llk_io/llk_io_pack.h: In function 'void llk_wait_for_free_tiles(int32_t, int32_t)':
/home/mvasiljevic/tt-metal/tt_metal/tools/profiler/kernel_profiler.hpp:25:22: note: '#pragma message: CB-COMPUTE-RESERVE-BACK,/home/mvasiljevic/tt-metal/tt_metal/hw/ckernels/blackhole/metal/llk_io/llk_io_pack.h,21,KERNEL_PROFILER'
   25 | #define DO_PRAGMA(x) _Pragma(#x)
      |                      ^~~~~~~
/home/mvasiljevic/tt-metal/tt_metal/tools/profiler/kernel_profiler.hpp:712:5: note: in expansion of macro 'DO_PRAGMA'
  712 |     DO_PRAGMA(message(PROFILER_MSG_NAME(name)));                               \
      |     ^~~~~~~~~
/home/mvasiljevic/tt-metal/tt_metal/hw/ckernels/blackhole/metal/llk_io/llk_io_pack.h:21:5: note: in expansion of macro 'DeviceZoneScopedSumN2'
   21 |     DeviceZoneScopedSumN2("CB-COMPUTE-RESERVE-BACK");
      |     ^~~~~~~~~~~~~~~~~~~~~
/home/mvasiljevic/tt-metal/tt_metal/hw/firmware/src/tt-1xx/trisck.cc: In function 'uint32_t _start()':
/home/mvasiljevic/tt-metal/tt_metal/tools/profiler/kernel_profiler.hpp:25:22: note: '#pragma message: TRISC-KERNEL,/home/mvasiljevic/tt-metal/tt_metal/hw/firmware/src/tt-1xx/trisck.cc,86,KERNEL_PROFILER'
   25 | #define DO_PRAGMA(x) _Pragma(#x)
      |                      ^~~~~~~
/home/mvasiljevic/tt-metal/tt_metal/tools/profiler/kernel_profiler.hpp:702:5: note: in expansion of macro 'DO_PRAGMA'
  702 |     DO_PRAGMA(message(PROFILER_MSG_NAME(name)));                               \
      |     ^~~~~~~~~
/home/mvasiljevic/tt-metal/tt_metal/hw/firmware/src/tt-1xx/trisck.cc:86:5: note: in expansion of macro 'DeviceZoneScopedMainChildN'
   86 |     DeviceZoneScopedMainChildN("TRISC-KERNEL");
      |     ^~~~~~~~~~~~~~~~~~~~~~~~~~
Building brisc, compile step:
cd /home/mvasiljevic/.cache/tt-metal-cache/12569132917722018041/kernels/reader_bmm_tile_layout_in1_sender_dram_sharded/10825939851037512288/brisc/ && /home/mvasiljevic/tt-metal/runtime/sfpi/compiler/bin/riscv-tt-elf-g++ -O2 -std=c++17 -ftt-nttp -ftt-constinit -ftt-consteval -ftt-no-dyninit -flto=auto -ffast-math -fno-exceptions -fno-rtti -fno-use-cxa-atexit -g -MMD -Wall -Werror -Wno-error=deprecated-declarations -Wno-error=multistatement-macros -Wno-error=parentheses -Wno-error=unused-but-set-variable -Wno-unused-variable -Wno-unused-function -mcpu=tt-bh -fno-tree-loop-distribute-patterns -I. -I.. -I/home/mvasiljevic/tt-metal/ -I/home/mvasiljevic/tt-metal/ttnn -I/home/mvasiljevic/tt-metal/ttnn/cpp -I/home/mvasiljevic/tt-metal/tt_metal -I/home/mvasiljevic/tt-metal/tt_metal/hw/inc -I/home/mvasiljevic/tt-metal/tt_metal/tt-llk/common -I/home/mvasiljevic/tt-metal/tt_metal/hostdevcommon/api -I/home/mvasiljevic/tt-metal/tt_metal/api/ -I/home/mvasiljevic/tt-metal/tt_metal/hw/ckernels/blackhole/metal/common -I/home/mvasiljevic/tt-metal/tt_metal/hw/ckernels/blackhole/metal/llk_io -I/home/mvasiljevic/tt-metal/tt_metal/hw/inc/internal/tt-1xx -I/home/mvasiljevic/tt-metal/tt_metal/hw/inc/internal/tt-1xx/blackhole -I/home/mvasiljevic/tt-metal/tt_metal/hw/inc/internal/tt-1xx/blackhole/blackhole_defines -I/home/mvasiljevic/tt-metal/tt_metal/hw/inc/internal/tt-1xx/blackhole/noc -I/home/mvasiljevic/tt-metal/tt_metal/tt-llk/tt_llk_blackhole/common/inc -I/home/mvasiljevic/tt-metal/tt_metal/tt-llk/tt_llk_blackhole/llk_lib -I/home/mvasiljevic/tt-metal/tt_metal/hw/firmware/src/tt-1xx -I/home/mvasiljevic/tt-metal/ttnn/cpp/ttnn/operations/matmul/device/kernels/dataflow -c -o /home/mvasiljevic/.cache/tt-metal-cache/12569132917722018041/kernels/reader_bmm_tile_layout_in1_sender_dram_sharded/10825939851037512288/brisc/brisck.3749600202458196004.o /home/mvasiljevic/tt-metal/tt_metal/hw/firmware/src/tt-1xx/brisck.cc -MF /home/mvasiljevic/.cache/tt-metal-cache/12569132917722018041/kernels/reader_bmm_tile_layout_in1_sender_dram_sharded/10825939851037512288/brisc/brisck.3749600202458196004.d -DIS_NOT_POW2_NUM_L1_BANKS=1 -DLOG_BASE_2_OF_NUM_DRAM_BANKS=3 -DNUM_DRAM_BANKS=8 -DNUM_L1_BANKS=110 -DPCIE_NOC_X=19 -DPCIE_NOC_Y=24 -DTENSIX_FIRMWARE -DLOCAL_MEM_EN=0 -DPROFILE_KERNEL=1 -DPROFILER_FULL_HOST_BUFFER_SIZE_PER_RISC=48000 -DPROCESSOR_INDEX=0 -DCOMPILE_FOR_BRISC -DARCH_BLACKHOLE -DDISPATCH_MESSAGE_ADDR=4290184248 -DKERNEL_BUILD -DFULL_KERNEL_NAME="\"reader_bmm_tile_layout_in1_sender_dram_sharded/10825939851037512288/\"" -DOUT_SHARDED='1' -DSKIP_MCAST='1' -DNOC_INDEX='0' -DNOC_MODE='0' -DKERNEL_COMPILE_TIME_ARGS=13824,6,40,144,24,40,81920,73728,1 -DKERNEL_COMPILE_TIME_ARG_MAP="{\"cb_out_reshard\",6}, {\"cb_out\",4}, {\"cb_bias\",3}, {\"cb_in1\",1}, " 
In file included from /home/mvasiljevic/tt-metal/tt_metal/hw/inc/api/dataflow/dataflow_api.h:27,
                 from /home/mvasiljevic/tt-metal/tt_metal/hw/inc/internal/firmware_common.h:24,
                 from /home/mvasiljevic/tt-metal/tt_metal/hw/firmware/src/tt-1xx/brisck.cc:17:
/home/mvasiljevic/tt-metal/tt_metal/tools/profiler/kernel_profiler.hpp: In function 'void kernel_profiler::quick_push()':
/home/mvasiljevic/tt-metal/tt_metal/tools/profiler/kernel_profiler.hpp:25:22: note: '#pragma message: PROFILER-NOC-QUICK-PUSH,/home/mvasiljevic/tt-metal/tt_metal/tools/profiler/kernel_profiler.hpp,395,KERNEL_PROFILER'
   25 | #define DO_PRAGMA(x) _Pragma(#x)
      |                      ^~~~~~~
/home/mvasiljevic/tt-metal/tt_metal/tools/profiler/kernel_profiler.hpp:35:5: note: in expansion of macro 'DO_PRAGMA'
   35 |     DO_PRAGMA(message(PROFILER_MSG_NAME(name))); \
      |     ^~~~~~~~~
/home/mvasiljevic/tt-metal/tt_metal/tools/profiler/kernel_profiler.hpp:395:5: note: in expansion of macro 'SrcLocNameToHash'
  395 |     SrcLocNameToHash("PROFILER-NOC-QUICK-PUSH");
      |     ^~~~~~~~~~~~~~~~
/home/mvasiljevic/tt-metal/tt_metal/hw/firmware/src/tt-1xx/brisck.cc: In function 'uint32_t _start()':
/home/mvasiljevic/tt-metal/tt_metal/tools/profiler/kernel_profiler.hpp:25:22: note: '#pragma message: BRISC-KERNEL,/home/mvasiljevic/tt-metal/tt_metal/hw/firmware/src/tt-1xx/brisck.cc,77,KERNEL_PROFILER'
   25 | #define DO_PRAGMA(x) _Pragma(#x)
      |                      ^~~~~~~
/home/mvasiljevic/tt-metal/tt_metal/tools/profiler/kernel_profiler.hpp:702:5: note: in expansion of macro 'DO_PRAGMA'
  702 |     DO_PRAGMA(message(PROFILER_MSG_NAME(name)));                               \
      |     ^~~~~~~~~
/home/mvasiljevic/tt-metal/tt_metal/hw/firmware/src/tt-1xx/brisck.cc:77:9: note: in expansion of macro 'DeviceZoneScopedMainChildN'
   77 |         DeviceZoneScopedMainChildN("BRISC-KERNEL");
      |         ^~~~~~~~~~~~~~~~~~~~~~~~~~
Building trisc0, compile step:
cd /home/mvasiljevic/.cache/tt-metal-cache/12569132917722018041/kernels/bmm_large_block_zm_fused_bias_activation/5642763008810366431/trisc0/ && /home/mvasiljevic/tt-metal/runtime/sfpi/compiler/bin/riscv-tt-elf-g++ -O3 -std=c++17 -ftt-nttp -ftt-constinit -ftt-consteval -ftt-no-dyninit -flto=auto -ffast-math -fno-exceptions -fno-rtti -fno-use-cxa-atexit -g -MMD -Wall -Werror -Wno-error=deprecated-declarations -Wno-error=multistatement-macros -Wno-error=parentheses -Wno-error=unused-but-set-variable -Wno-unused-variable -Wno-unused-function -mcpu=tt-bh-tensix -I. -I.. -I/home/mvasiljevic/tt-metal/ -I/home/mvasiljevic/tt-metal/ttnn -I/home/mvasiljevic/tt-metal/ttnn/cpp -I/home/mvasiljevic/tt-metal/tt_metal -I/home/mvasiljevic/tt-metal/tt_metal/hw/inc -I/home/mvasiljevic/tt-metal/tt_metal/tt-llk/common -I/home/mvasiljevic/tt-metal/tt_metal/hostdevcommon/api -I/home/mvasiljevic/tt-metal/tt_metal/api/ -I/home/mvasiljevic/tt-metal/runtime/sfpi/include -I/home/mvasiljevic/tt-metal/tt_metal/hw/ckernels/blackhole/metal/common -I/home/mvasiljevic/tt-metal/tt_metal/hw/ckernels/blackhole/metal/llk_io -I/home/mvasiljevic/tt-metal/tt_metal/hw/inc/internal/tt-1xx -I/home/mvasiljevic/tt-metal/tt_metal/hw/inc/internal/tt-1xx/blackhole -I/home/mvasiljevic/tt-metal/tt_metal/hw/inc/internal/tt-1xx/blackhole/blackhole_defines -I/home/mvasiljevic/tt-metal/tt_metal/hw/inc/internal/tt-1xx/blackhole/noc -I/home/mvasiljevic/tt-metal/tt_metal/tt-llk/tt_llk_blackhole/common/inc -I/home/mvasiljevic/tt-metal/tt_metal/tt-llk/tt_llk_blackhole/llk_lib -I/home/mvasiljevic/tt-metal/tt_metal/hw/ckernels/blackhole/metal/llk_api -I/home/mvasiljevic/tt-metal/tt_metal/hw/ckernels/blackhole/metal/llk_api/llk_sfpu -I/home/mvasiljevic/tt-metal/tt_metal/hw/firmware/src/tt-1xx -I/home/mvasiljevic/tt-metal/ttnn/cpp/ttnn/operations/matmul/device/kernels/compute -c -o /home/mvasiljevic/.cache/tt-metal-cache/12569132917722018041/kernels/bmm_large_block_zm_fused_bias_activation/5642763008810366431/trisc0/trisck.3749600202458196004.o /home/mvasiljevic/tt-metal/tt_metal/hw/firmware/src/tt-1xx/trisck.cc -MF /home/mvasiljevic/.cache/tt-metal-cache/12569132917722018041/kernels/bmm_large_block_zm_fused_bias_activation/5642763008810366431/trisc0/trisck.3749600202458196004.d -DIS_NOT_POW2_NUM_L1_BANKS=1 -DLOG_BASE_2_OF_NUM_DRAM_BANKS=3 -DNUM_DRAM_BANKS=8 -DNUM_L1_BANKS=110 -DPCIE_NOC_X=19 -DPCIE_NOC_Y=24 -DTENSIX_FIRMWARE -DLOCAL_MEM_EN=0 -DPROFILE_KERNEL=1 -DPROFILER_FULL_HOST_BUFFER_SIZE_PER_RISC=48000 -DPROCESSOR_INDEX=2 -DUCK_CHLKC_UNPACK -DCOMPILE_FOR_TRISC=0 -DARCH_BLACKHOLE -DDISPATCH_MESSAGE_ADDR=4290184248 -DKERNEL_BUILD -DFULL_KERNEL_NAME="\"bmm_large_block_zm_fused_bias_activation/5642763008810366431/\"" -DKERNEL_COMPILE_TIME_ARGS=4,1,4,4,5,144,36,24,1,1,1,8,8,1,40,0,0,0 -DKERNEL_COMPILE_TIME_ARG_MAP="{\"last_subblock_w_valid\",4}, {\"bias_ntiles\",40}, {\"cb_in0_intermediate\",8}, {\"cb_intermed0\",5}, {\"cb_in1_intermediate\",9}, {\"cb_out\",4}, {\"cb_in0_transposed\",10}, {\"cb_bias\",3}, {\"cb_in1\",1}, {\"cb_in0\",0}, " 
In file included from /home/mvasiljevic/tt-metal/tt_metal/hw/ckernels/blackhole/metal/llk_io/llk_io_unpack.h:13,
                 from /home/mvasiljevic/tt-metal/tt_metal/hw/inc/api/compute/cb_api.h:15,
                 from /home/mvasiljevic/tt-metal/tt_metal/hw/inc/api/compute/common.h:11,
                 from /home/mvasiljevic/tt-metal/tt_metal/hw/inc/api/compute/matmul.h:7,
                 from /home/mvasiljevic/tt-metal/ttnn/cpp/ttnn/operations/matmul/device/kernels/compute/bmm_large_block_zm_fused_bias_activation.cpp:7,
                 from ../chlkc_unpack.cpp:3,
                 from /home/mvasiljevic/tt-metal/tt_metal/hw/ckernels/blackhole/metal/common/chlkc_list.h:26,
                 from /home/mvasiljevic/tt-metal/tt_metal/hw/firmware/src/tt-1xx/trisck.cc:13:
/home/mvasiljevic/tt-metal/tt_metal/hw/ckernels/blackhole/metal/llk_io/llk_io_unpack.h: In function 'void llk_wait_tiles(int, int32_t)':
/home/mvasiljevic/tt-metal/tt_metal/tools/profiler/kernel_profiler.hpp:25:22: note: '#pragma message: CB-COMPUTE-WAIT-FRONT,/home/mvasiljevic/tt-metal/tt_metal/hw/ckernels/blackhole/metal/llk_io/llk_io_unpack.h,19,KERNEL_PROFILER'
   25 | #define DO_PRAGMA(x) _Pragma(#x)
      |                      ^~~~~~~
/home/mvasiljevic/tt-metal/tt_metal/tools/profiler/kernel_profiler.hpp:707:5: note: in expansion of macro 'DO_PRAGMA'
  707 |     DO_PRAGMA(message(PROFILER_MSG_NAME(name)));                               \
      |     ^~~~~~~~~
/home/mvasiljevic/tt-metal/tt_metal/hw/ckernels/blackhole/metal/llk_io/llk_io_unpack.h:19:5: note: in expansion of macro 'DeviceZoneScopedSumN1'
   19 |     DeviceZoneScopedSumN1("CB-COMPUTE-WAIT-FRONT");
      |     ^~~~~~~~~~~~~~~~~~~~~
/home/mvasiljevic/tt-metal/tt_metal/hw/firmware/src/tt-1xx/trisck.cc: In function 'uint32_t _start()':
/home/mvasiljevic/tt-metal/tt_metal/tools/profiler/kernel_profiler.hpp:25:22: note: '#pragma message: TRISC-KERNEL,/home/mvasiljevic/tt-metal/tt_metal/hw/firmware/src/tt-1xx/trisck.cc,86,KERNEL_PROFILER'
   25 | #define DO_PRAGMA(x) _Pragma(#x)
      |                      ^~~~~~~
/home/mvasiljevic/tt-metal/tt_metal/tools/profiler/kernel_profiler.hpp:702:5: note: in expansion of macro 'DO_PRAGMA'
  702 |     DO_PRAGMA(message(PROFILER_MSG_NAME(name)));                               \
      |     ^~~~~~~~~
/home/mvasiljevic/tt-metal/tt_metal/hw/firmware/src/tt-1xx/trisck.cc:86:5: note: in expansion of macro 'DeviceZoneScopedMainChildN'
   86 |     DeviceZoneScopedMainChildN("TRISC-KERNEL");
      |     ^~~~~~~~~~~~~~~~~~~~~~~~~~
Building trisc1, compile step:
cd /home/mvasiljevic/.cache/tt-metal-cache/12569132917722018041/kernels/bmm_large_block_zm_fused_bias_activation/5642763008810366431/trisc1/ && /home/mvasiljevic/tt-metal/runtime/sfpi/compiler/bin/riscv-tt-elf-g++ -O3 -std=c++17 -ftt-nttp -ftt-constinit -ftt-consteval -ftt-no-dyninit -flto=auto -ffast-math -fno-exceptions -fno-rtti -fno-use-cxa-atexit -g -MMD -Wall -Werror -Wno-error=deprecated-declarations -Wno-error=multistatement-macros -Wno-error=parentheses -Wno-error=unused-but-set-variable -Wno-unused-variable -Wno-unused-function -mcpu=tt-bh-tensix -I. -I.. -I/home/mvasiljevic/tt-metal/ -I/home/mvasiljevic/tt-metal/ttnn -I/home/mvasiljevic/tt-metal/ttnn/cpp -I/home/mvasiljevic/tt-metal/tt_metal -I/home/mvasiljevic/tt-metal/tt_metal/hw/inc -I/home/mvasiljevic/tt-metal/tt_metal/tt-llk/common -I/home/mvasiljevic/tt-metal/tt_metal/hostdevcommon/api -I/home/mvasiljevic/tt-metal/tt_metal/api/ -I/home/mvasiljevic/tt-metal/runtime/sfpi/include -I/home/mvasiljevic/tt-metal/tt_metal/hw/ckernels/blackhole/metal/common -I/home/mvasiljevic/tt-metal/tt_metal/hw/ckernels/blackhole/metal/llk_io -I/home/mvasiljevic/tt-metal/tt_metal/hw/inc/internal/tt-1xx -I/home/mvasiljevic/tt-metal/tt_metal/hw/inc/internal/tt-1xx/blackhole -I/home/mvasiljevic/tt-metal/tt_metal/hw/inc/internal/tt-1xx/blackhole/blackhole_defines -I/home/mvasiljevic/tt-metal/tt_metal/hw/inc/internal/tt-1xx/blackhole/noc -I/home/mvasiljevic/tt-metal/tt_metal/tt-llk/tt_llk_blackhole/common/inc -I/home/mvasiljevic/tt-metal/tt_metal/tt-llk/tt_llk_blackhole/llk_lib -I/home/mvasiljevic/tt-metal/tt_metal/hw/ckernels/blackhole/metal/llk_api -I/home/mvasiljevic/tt-metal/tt_metal/hw/ckernels/blackhole/metal/llk_api/llk_sfpu -I/home/mvasiljevic/tt-metal/tt_metal/hw/firmware/src/tt-1xx -I/home/mvasiljevic/tt-metal/ttnn/cpp/ttnn/operations/matmul/device/kernels/compute -c -o /home/mvasiljevic/.cache/tt-metal-cache/12569132917722018041/kernels/bmm_large_block_zm_fused_bias_activation/5642763008810366431/trisc1/trisck.3749600202458196004.o /home/mvasiljevic/tt-metal/tt_metal/hw/firmware/src/tt-1xx/trisck.cc -MF /home/mvasiljevic/.cache/tt-metal-cache/12569132917722018041/kernels/bmm_large_block_zm_fused_bias_activation/5642763008810366431/trisc1/trisck.3749600202458196004.d -DIS_NOT_POW2_NUM_L1_BANKS=1 -DLOG_BASE_2_OF_NUM_DRAM_BANKS=3 -DNUM_DRAM_BANKS=8 -DNUM_L1_BANKS=110 -DPCIE_NOC_X=19 -DPCIE_NOC_Y=24 -DTENSIX_FIRMWARE -DLOCAL_MEM_EN=0 -DPROFILE_KERNEL=1 -DPROFILER_FULL_HOST_BUFFER_SIZE_PER_RISC=48000 -DPROCESSOR_INDEX=3 -DUCK_CHLKC_MATH -DCOMPILE_FOR_TRISC=1 -DARCH_BLACKHOLE -DDISPATCH_MESSAGE_ADDR=4290184248 -DKERNEL_BUILD -DFULL_KERNEL_NAME="\"bmm_large_block_zm_fused_bias_activation/5642763008810366431/\"" -DKERNEL_COMPILE_TIME_ARGS=4,1,4,4,5,144,36,24,1,1,1,8,8,1,40,0,0,0 -DKERNEL_COMPILE_TIME_ARG_MAP="{\"last_subblock_w_valid\",4}, {\"bias_ntiles\",40}, {\"cb_in0_intermediate\",8}, {\"cb_intermed0\",5}, {\"cb_in1_intermediate\",9}, {\"cb_out\",4}, {\"cb_in0_transposed\",10}, {\"cb_bias\",3}, {\"cb_in1\",1}, {\"cb_in0\",0}, " 
In file included from /home/mvasiljevic/tt-metal/tt_metal/hw/firmware/src/tt-1xx/trisck.cc:15:
/home/mvasiljevic/tt-metal/tt_metal/hw/firmware/src/tt-1xx/trisck.cc: In function 'uint32_t _start()':
/home/mvasiljevic/tt-metal/tt_metal/tools/profiler/kernel_profiler.hpp:25:22: note: '#pragma message: TRISC-KERNEL,/home/mvasiljevic/tt-metal/tt_metal/hw/firmware/src/tt-1xx/trisck.cc,86,KERNEL_PROFILER'
   25 | #define DO_PRAGMA(x) _Pragma(#x)
      |                      ^~~~~~~
/home/mvasiljevic/tt-metal/tt_metal/tools/profiler/kernel_profiler.hpp:702:5: note: in expansion of macro 'DO_PRAGMA'
  702 |     DO_PRAGMA(message(PROFILER_MSG_NAME(name)));                               \
      |     ^~~~~~~~~
/home/mvasiljevic/tt-metal/tt_metal/hw/firmware/src/tt-1xx/trisck.cc:86:5: note: in expansion of macro 'DeviceZoneScopedMainChildN'
   86 |     DeviceZoneScopedMainChildN("TRISC-KERNEL");
      |     ^~~~~~~~~~~~~~~~~~~~~~~~~~
Building ncrisc, compile step:
cd /home/mvasiljevic/.cache/tt-metal-cache/12569132917722018041/kernels/reader_tm_tile_layout_nlp_create_qkv_heads_decode/8101515475412327770/ncrisc/ && /home/mvasiljevic/tt-metal/runtime/sfpi/compiler/bin/riscv-tt-elf-g++ -O2 -std=c++17 -ftt-nttp -ftt-constinit -ftt-consteval -ftt-no-dyninit -flto=auto -ffast-math -fno-exceptions -fno-rtti -fno-use-cxa-atexit -g -MMD -Wall -Werror -Wno-error=deprecated-declarations -Wno-error=multistatement-macros -Wno-error=parentheses -Wno-error=unused-but-set-variable -Wno-unused-variable -Wno-unused-function -mcpu=tt-bh -fno-tree-loop-distribute-patterns -I. -I.. -I/home/mvasiljevic/tt-metal/ -I/home/mvasiljevic/tt-metal/ttnn -I/home/mvasiljevic/tt-metal/ttnn/cpp -I/home/mvasiljevic/tt-metal/tt_metal -I/home/mvasiljevic/tt-metal/tt_metal/hw/inc -I/home/mvasiljevic/tt-metal/tt_metal/tt-llk/common -I/home/mvasiljevic/tt-metal/tt_metal/hostdevcommon/api -I/home/mvasiljevic/tt-metal/tt_metal/api/ -I/home/mvasiljevic/tt-metal/tt_metal/hw/ckernels/blackhole/metal/common -I/home/mvasiljevic/tt-metal/tt_metal/hw/ckernels/blackhole/metal/llk_io -I/home/mvasiljevic/tt-metal/tt_metal/hw/inc/internal/tt-1xx -I/home/mvasiljevic/tt-metal/tt_metal/hw/inc/internal/tt-1xx/blackhole -I/home/mvasiljevic/tt-metal/tt_metal/hw/inc/internal/tt-1xx/blackhole/blackhole_defines -I/home/mvasiljevic/tt-metal/tt_metal/hw/inc/internal/tt-1xx/blackhole/noc -I/home/mvasiljevic/tt-metal/tt_metal/tt-llk/tt_llk_blackhole/common/inc -I/home/mvasiljevic/tt-metal/tt_metal/tt-llk/tt_llk_blackhole/llk_lib -I/home/mvasiljevic/tt-metal/tt_metal/hw/firmware/src/tt-1xx -I/home/mvasiljevic/tt-metal/ttnn/cpp/ttnn/operations/experimental/transformer/nlp_create_qkv_heads_decode/device/kernels -c -o /home/mvasiljevic/.cache/tt-metal-cache/12569132917722018041/kernels/reader_tm_tile_layout_nlp_create_qkv_heads_decode/8101515475412327770/ncrisc/ncrisck.3749600202458196004.o /home/mvasiljevic/tt-metal/tt_metal/hw/firmware/src/tt-1xx/ncrisck.cc -MF /home/mvasiljevic/.cache/tt-metal-cache/12569132917722018041/kernels/reader_tm_tile_layout_nlp_create_qkv_heads_decode/8101515475412327770/ncrisc/ncrisck.3749600202458196004.d -DIS_NOT_POW2_NUM_L1_BANKS=1 -DLOG_BASE_2_OF_NUM_DRAM_BANKS=3 -DNUM_DRAM_BANKS=8 -DNUM_L1_BANKS=110 -DPCIE_NOC_X=19 -DPCIE_NOC_Y=24 -DTENSIX_FIRMWARE -DLOCAL_MEM_EN=0 -DPROFILE_KERNEL=1 -DPROFILER_FULL_HOST_BUFFER_SIZE_PER_RISC=48000 -DPROCESSOR_INDEX=1 -DCOMPILE_FOR_NCRISC -DARCH_BLACKHOLE -DDISPATCH_MESSAGE_ADDR=4290184248 -DKERNEL_BUILD -DFULL_KERNEL_NAME="\"reader_tm_tile_layout_nlp_create_qkv_heads_decode/8101515475412327770/\"" -DNOC_INDEX='0' -DNOC_MODE='0' -DKERNEL_COMPILE_TIME_ARGS=2,32,16,17,18,6144,32,32,3,1,8,1,1,1,0,0,15,0,0 
In file included from /home/mvasiljevic/tt-metal/tt_metal/hw/inc/api/dataflow/dataflow_api.h:27,
                 from /home/mvasiljevic/tt-metal/tt_metal/hw/inc/internal/firmware_common.h:24,
                 from /home/mvasiljevic/tt-metal/tt_metal/hw/firmware/src/tt-1xx/ncrisck.cc:17:
/home/mvasiljevic/tt-metal/tt_metal/tools/profiler/kernel_profiler.hpp: In function 'void kernel_profiler::quick_push()':
/home/mvasiljevic/tt-metal/tt_metal/tools/profiler/kernel_profiler.hpp:25:22: note: '#pragma message: PROFILER-NOC-QUICK-PUSH,/home/mvasiljevic/tt-metal/tt_metal/tools/profiler/kernel_profiler.hpp,395,KERNEL_PROFILER'
   25 | #define DO_PRAGMA(x) _Pragma(#x)
      |                      ^~~~~~~
/home/mvasiljevic/tt-metal/tt_metal/tools/profiler/kernel_profiler.hpp:35:5: note: in expansion of macro 'DO_PRAGMA'
   35 |     DO_PRAGMA(message(PROFILER_MSG_NAME(name))); \
      |     ^~~~~~~~~
/home/mvasiljevic/tt-metal/tt_metal/tools/profiler/kernel_profiler.hpp:395:5: note: in expansion of macro 'SrcLocNameToHash'
  395 |     SrcLocNameToHash("PROFILER-NOC-QUICK-PUSH");
      |     ^~~~~~~~~~~~~~~~
/home/mvasiljevic/tt-metal/tt_metal/hw/firmware/src/tt-1xx/ncrisck.cc: In function 'uint32_t _start()':
/home/mvasiljevic/tt-metal/tt_metal/tools/profiler/kernel_profiler.hpp:25:22: note: '#pragma message: NCRISC-KERNEL,/home/mvasiljevic/tt-metal/tt_metal/hw/firmware/src/tt-1xx/ncrisck.cc,69,KERNEL_PROFILER'
   25 | #define DO_PRAGMA(x) _Pragma(#x)
      |                      ^~~~~~~
/home/mvasiljevic/tt-metal/tt_metal/tools/profiler/kernel_profiler.hpp:702:5: note: in expansion of macro 'DO_PRAGMA'
  702 |     DO_PRAGMA(message(PROFILER_MSG_NAME(name)));                               \
      |     ^~~~~~~~~
/home/mvasiljevic/tt-metal/tt_metal/hw/firmware/src/tt-1xx/ncrisck.cc:69:5: note: in expansion of macro 'DeviceZoneScopedMainChildN'
   69 |     DeviceZoneScopedMainChildN("NCRISC-KERNEL");
      |     ^~~~~~~~~~~~~~~~~~~~~~~~~~
Building brisc, compile step:
cd /home/mvasiljevic/.cache/tt-metal-cache/12569132917722018041/kernels/reader_tm_tile_layout_nlp_create_qkv_heads_decode/4596640389726825414/brisc/ && /home/mvasiljevic/tt-metal/runtime/sfpi/compiler/bin/riscv-tt-elf-g++ -O2 -std=c++17 -ftt-nttp -ftt-constinit -ftt-consteval -ftt-no-dyninit -flto=auto -ffast-math -fno-exceptions -fno-rtti -fno-use-cxa-atexit -g -MMD -Wall -Werror -Wno-error=deprecated-declarations -Wno-error=multistatement-macros -Wno-error=parentheses -Wno-error=unused-but-set-variable -Wno-unused-variable -Wno-unused-function -mcpu=tt-bh -fno-tree-loop-distribute-patterns -I. -I.. -I/home/mvasiljevic/tt-metal/ -I/home/mvasiljevic/tt-metal/ttnn -I/home/mvasiljevic/tt-metal/ttnn/cpp -I/home/mvasiljevic/tt-metal/tt_metal -I/home/mvasiljevic/tt-metal/tt_metal/hw/inc -I/home/mvasiljevic/tt-metal/tt_metal/tt-llk/common -I/home/mvasiljevic/tt-metal/tt_metal/hostdevcommon/api -I/home/mvasiljevic/tt-metal/tt_metal/api/ -I/home/mvasiljevic/tt-metal/tt_metal/hw/ckernels/blackhole/metal/common -I/home/mvasiljevic/tt-metal/tt_metal/hw/ckernels/blackhole/metal/llk_io -I/home/mvasiljevic/tt-metal/tt_metal/hw/inc/internal/tt-1xx -I/home/mvasiljevic/tt-metal/tt_metal/hw/inc/internal/tt-1xx/blackhole -I/home/mvasiljevic/tt-metal/tt_metal/hw/inc/internal/tt-1xx/blackhole/blackhole_defines -I/home/mvasiljevic/tt-metal/tt_metal/hw/inc/internal/tt-1xx/blackhole/noc -I/home/mvasiljevic/tt-metal/tt_metal/tt-llk/tt_llk_blackhole/common/inc -I/home/mvasiljevic/tt-metal/tt_metal/tt-llk/tt_llk_blackhole/llk_lib -I/home/mvasiljevic/tt-metal/tt_metal/hw/firmware/src/tt-1xx -I/home/mvasiljevic/tt-metal/ttnn/cpp/ttnn/operations/experimental/transformer/nlp_create_qkv_heads_decode/device/kernels -c -o /home/mvasiljevic/.cache/tt-metal-cache/12569132917722018041/kernels/reader_tm_tile_layout_nlp_create_qkv_heads_decode/4596640389726825414/brisc/brisck.3749600202458196004.o /home/mvasiljevic/tt-metal/tt_metal/hw/firmware/src/tt-1xx/brisck.cc -MF /home/mvasiljevic/.cache/tt-metal-cache/12569132917722018041/kernels/reader_tm_tile_layout_nlp_create_qkv_heads_decode/4596640389726825414/brisc/brisck.3749600202458196004.d -DIS_NOT_POW2_NUM_L1_BANKS=1 -DLOG_BASE_2_OF_NUM_DRAM_BANKS=3 -DNUM_DRAM_BANKS=8 -DNUM_L1_BANKS=110 -DPCIE_NOC_X=19 -DPCIE_NOC_Y=24 -DTENSIX_FIRMWARE -DLOCAL_MEM_EN=0 -DPROFILE_KERNEL=1 -DPROFILER_FULL_HOST_BUFFER_SIZE_PER_RISC=48000 -DPROCESSOR_INDEX=0 -DCOMPILE_FOR_BRISC -DARCH_BLACKHOLE -DDISPATCH_MESSAGE_ADDR=4290184248 -DKERNEL_BUILD -DFULL_KERNEL_NAME="\"reader_tm_tile_layout_nlp_create_qkv_heads_decode/4596640389726825414/\"" -DNOC_INDEX='1' -DNOC_MODE='0' -DKERNEL_COMPILE_TIME_ARGS=2,32,16,17,18,6144,32,32,3,2,8,1,1,1,0,0,15,0,0 
In file included from /home/mvasiljevic/tt-metal/tt_metal/hw/inc/api/dataflow/dataflow_api.h:27,
                 from /home/mvasiljevic/tt-metal/tt_metal/hw/inc/internal/firmware_common.h:24,
                 from /home/mvasiljevic/tt-metal/tt_metal/hw/firmware/src/tt-1xx/brisck.cc:17:
/home/mvasiljevic/tt-metal/tt_metal/tools/profiler/kernel_profiler.hpp: In function 'void kernel_profiler::quick_push()':
/home/mvasiljevic/tt-metal/tt_metal/tools/profiler/kernel_profiler.hpp:25:22: note: '#pragma message: PROFILER-NOC-QUICK-PUSH,/home/mvasiljevic/tt-metal/tt_metal/tools/profiler/kernel_profiler.hpp,395,KERNEL_PROFILER'
   25 | #define DO_PRAGMA(x) _Pragma(#x)
      |                      ^~~~~~~
/home/mvasiljevic/tt-metal/tt_metal/tools/profiler/kernel_profiler.hpp:35:5: note: in expansion of macro 'DO_PRAGMA'
   35 |     DO_PRAGMA(message(PROFILER_MSG_NAME(name))); \
      |     ^~~~~~~~~
/home/mvasiljevic/tt-metal/tt_metal/tools/profiler/kernel_profiler.hpp:395:5: note: in expansion of macro 'SrcLocNameToHash'
  395 |     SrcLocNameToHash("PROFILER-NOC-QUICK-PUSH");
      |     ^~~~~~~~~~~~~~~~
/home/mvasiljevic/tt-metal/tt_metal/hw/firmware/src/tt-1xx/brisck.cc: In function 'uint32_t _start()':
/home/mvasiljevic/tt-metal/tt_metal/tools/profiler/kernel_profiler.hpp:25:22: note: '#pragma message: BRISC-KERNEL,/home/mvasiljevic/tt-metal/tt_metal/hw/firmware/src/tt-1xx/brisck.cc,77,KERNEL_PROFILER'
   25 | #define DO_PRAGMA(x) _Pragma(#x)
      |                      ^~~~~~~
/home/mvasiljevic/tt-metal/tt_metal/tools/profiler/kernel_profiler.hpp:702:5: note: in expansion of macro 'DO_PRAGMA'
  702 |     DO_PRAGMA(message(PROFILER_MSG_NAME(name)));                               \
      |     ^~~~~~~~~
/home/mvasiljevic/tt-metal/tt_metal/hw/firmware/src/tt-1xx/brisck.cc:77:9: note: in expansion of macro 'DeviceZoneScopedMainChildN'
   77 |         DeviceZoneScopedMainChildN("BRISC-KERNEL");
      |         ^~~~~~~~~~~~~~~~~~~~~~~~~~
Building ncrisc, compile step:
cd /home/mvasiljevic/.cache/tt-metal-cache/12569132917722018041/kernels/reader_decode_all/7626463719795538612/ncrisc/ && /home/mvasiljevic/tt-metal/runtime/sfpi/compiler/bin/riscv-tt-elf-g++ -O2 -std=c++17 -ftt-nttp -ftt-constinit -ftt-consteval -ftt-no-dyninit -flto=auto -ffast-math -fno-exceptions -fno-rtti -fno-use-cxa-atexit -g -MMD -Wall -Werror -Wno-error=deprecated-declarations -Wno-error=multistatement-macros -Wno-error=parentheses -Wno-error=unused-but-set-variable -Wno-unused-variable -Wno-unused-function -mcpu=tt-bh -fno-tree-loop-distribute-patterns -I. -I.. -I/home/mvasiljevic/tt-metal/ -I/home/mvasiljevic/tt-metal/ttnn -I/home/mvasiljevic/tt-metal/ttnn/cpp -I/home/mvasiljevic/tt-metal/tt_metal -I/home/mvasiljevic/tt-metal/tt_metal/hw/inc -I/home/mvasiljevic/tt-metal/tt_metal/tt-llk/common -I/home/mvasiljevic/tt-metal/tt_metal/hostdevcommon/api -I/home/mvasiljevic/tt-metal/tt_metal/api/ -I/home/mvasiljevic/tt-metal/tt_metal/hw/ckernels/blackhole/metal/common -I/home/mvasiljevic/tt-metal/tt_metal/hw/ckernels/blackhole/metal/llk_io -I/home/mvasiljevic/tt-metal/tt_metal/hw/inc/internal/tt-1xx -I/home/mvasiljevic/tt-metal/tt_metal/hw/inc/internal/tt-1xx/blackhole -I/home/mvasiljevic/tt-metal/tt_metal/hw/inc/internal/tt-1xx/blackhole/blackhole_defines -I/home/mvasiljevic/tt-metal/tt_metal/hw/inc/internal/tt-1xx/blackhole/noc -I/home/mvasiljevic/tt-metal/tt_metal/tt-llk/tt_llk_blackhole/common/inc -I/home/mvasiljevic/tt-metal/tt_metal/tt-llk/tt_llk_blackhole/llk_lib -I/home/mvasiljevic/tt-metal/tt_metal/hw/firmware/src/tt-1xx -I/home/mvasiljevic/tt-metal/ttnn/cpp/ttnn/operations/transformer/sdpa_decode/device/kernels/dataflow -c -o /home/mvasiljevic/.cache/tt-metal-cache/12569132917722018041/kernels/reader_decode_all/7626463719795538612/ncrisc/ncrisck.3749600202458196004.o /home/mvasiljevic/tt-metal/tt_metal/hw/firmware/src/tt-1xx/ncrisck.cc -MF /home/mvasiljevic/.cache/tt-metal-cache/12569132917722018041/kernels/reader_decode_all/7626463719795538612/ncrisc/ncrisck.3749600202458196004.d -DIS_NOT_POW2_NUM_L1_BANKS=1 -DLOG_BASE_2_OF_NUM_DRAM_BANKS=3 -DNUM_DRAM_BANKS=8 -DNUM_L1_BANKS=110 -DPCIE_NOC_X=19 -DPCIE_NOC_Y=24 -DTENSIX_FIRMWARE -DLOCAL_MEM_EN=0 -DPROFILE_KERNEL=1 -DPROFILER_FULL_HOST_BUFFER_SIZE_PER_RISC=48000 -DPROCESSOR_INDEX=1 -DCOMPILE_FOR_NCRISC -DARCH_BLACKHOLE -DDISPATCH_MESSAGE_ADDR=4290184248 -DKERNEL_BUILD -DFULL_KERNEL_NAME="\"reader_decode_all/7626463719795538612/\"" -DNOC_INDEX='0' -DNOC_MODE='0' -DKERNEL_COMPILE_TIME_ARGS=1,1,4,3,3,0,64,1,64,0,64,1,32,1,4,1,2,1,1,1,0,0,8,0,0,0,6144,0,0,2048,0,32,2,0,0,4,0,1,2048,1,1,3,3,258,2,2048,2,2048,0,0,2,64,2,64,0,0 
In file included from /home/mvasiljevic/tt-metal/tt_metal/hw/inc/api/dataflow/dataflow_api.h:27,
                 from /home/mvasiljevic/tt-metal/tt_metal/hw/inc/internal/firmware_common.h:24,
                 from /home/mvasiljevic/tt-metal/tt_metal/hw/firmware/src/tt-1xx/ncrisck.cc:17:
/home/mvasiljevic/tt-metal/tt_metal/tools/profiler/kernel_profiler.hpp: In function 'void kernel_profiler::quick_push()':
/home/mvasiljevic/tt-metal/tt_metal/tools/profiler/kernel_profiler.hpp:25:22: note: '#pragma message: PROFILER-NOC-QUICK-PUSH,/home/mvasiljevic/tt-metal/tt_metal/tools/profiler/kernel_profiler.hpp,395,KERNEL_PROFILER'
   25 | #define DO_PRAGMA(x) _Pragma(#x)
      |                      ^~~~~~~
/home/mvasiljevic/tt-metal/tt_metal/tools/profiler/kernel_profiler.hpp:35:5: note: in expansion of macro 'DO_PRAGMA'
   35 |     DO_PRAGMA(message(PROFILER_MSG_NAME(name))); \
      |     ^~~~~~~~~
/home/mvasiljevic/tt-metal/tt_metal/tools/profiler/kernel_profiler.hpp:395:5: note: in expansion of macro 'SrcLocNameToHash'
  395 |     SrcLocNameToHash("PROFILER-NOC-QUICK-PUSH");
      |     ^~~~~~~~~~~~~~~~
/home/mvasiljevic/tt-metal/tt_metal/hw/firmware/src/tt-1xx/ncrisck.cc: In function 'uint32_t _start()':
/home/mvasiljevic/tt-metal/tt_metal/tools/profiler/kernel_profiler.hpp:25:22: note: '#pragma message: NCRISC-KERNEL,/home/mvasiljevic/tt-metal/tt_metal/hw/firmware/src/tt-1xx/ncrisck.cc,69,KERNEL_PROFILER'
   25 | #define DO_PRAGMA(x) _Pragma(#x)
      |                      ^~~~~~~
/home/mvasiljevic/tt-metal/tt_metal/tools/profiler/kernel_profiler.hpp:702:5: note: in expansion of macro 'DO_PRAGMA'
  702 |     DO_PRAGMA(message(PROFILER_MSG_NAME(name)));                               \
      |     ^~~~~~~~~
/home/mvasiljevic/tt-metal/tt_metal/hw/firmware/src/tt-1xx/ncrisck.cc:69:5: note: in expansion of macro 'DeviceZoneScopedMainChildN'
   69 |     DeviceZoneScopedMainChildN("NCRISC-KERNEL");
      |     ^~~~~~~~~~~~~~~~~~~~~~~~~~
Building trisc0, compile step:
cd /home/mvasiljevic/.cache/tt-metal-cache/12569132917722018041/kernels/sdpa_flash_decode/2271573802838167374/trisc0/ && /home/mvasiljevic/tt-metal/runtime/sfpi/compiler/bin/riscv-tt-elf-g++ -O3 -std=c++17 -ftt-nttp -ftt-constinit -ftt-consteval -ftt-no-dyninit -flto=auto -ffast-math -fno-exceptions -fno-rtti -fno-use-cxa-atexit -g -MMD -Wall -Werror -Wno-error=deprecated-declarations -Wno-error=multistatement-macros -Wno-error=parentheses -Wno-error=unused-but-set-variable -Wno-unused-variable -Wno-unused-function -mcpu=tt-bh-tensix -I. -I.. -I/home/mvasiljevic/tt-metal/ -I/home/mvasiljevic/tt-metal/ttnn -I/home/mvasiljevic/tt-metal/ttnn/cpp -I/home/mvasiljevic/tt-metal/tt_metal -I/home/mvasiljevic/tt-metal/tt_metal/hw/inc -I/home/mvasiljevic/tt-metal/tt_metal/tt-llk/common -I/home/mvasiljevic/tt-metal/tt_metal/hostdevcommon/api -I/home/mvasiljevic/tt-metal/tt_metal/api/ -I/home/mvasiljevic/tt-metal/runtime/sfpi/include -I/home/mvasiljevic/tt-metal/tt_metal/hw/ckernels/blackhole/metal/common -I/home/mvasiljevic/tt-metal/tt_metal/hw/ckernels/blackhole/metal/llk_io -I/home/mvasiljevic/tt-metal/tt_metal/hw/inc/internal/tt-1xx -I/home/mvasiljevic/tt-metal/tt_metal/hw/inc/internal/tt-1xx/blackhole -I/home/mvasiljevic/tt-metal/tt_metal/hw/inc/internal/tt-1xx/blackhole/blackhole_defines -I/home/mvasiljevic/tt-metal/tt_metal/hw/inc/internal/tt-1xx/blackhole/noc -I/home/mvasiljevic/tt-metal/tt_metal/tt-llk/tt_llk_blackhole/common/inc -I/home/mvasiljevic/tt-metal/tt_metal/tt-llk/tt_llk_blackhole/llk_lib -I/home/mvasiljevic/tt-metal/tt_metal/hw/ckernels/blackhole/metal/llk_api -I/home/mvasiljevic/tt-metal/tt_metal/hw/ckernels/blackhole/metal/llk_api/llk_sfpu -I/home/mvasiljevic/tt-metal/tt_metal/hw/firmware/src/tt-1xx -I/home/mvasiljevic/tt-metal/ttnn/cpp/ttnn/operations/transformer/sdpa_decode/device/kernels/compute -c -o /home/mvasiljevic/.cache/tt-metal-cache/12569132917722018041/kernels/sdpa_flash_decode/2271573802838167374/trisc0/trisck.3749600202458196004.o /home/mvasiljevic/tt-metal/tt_metal/hw/firmware/src/tt-1xx/trisck.cc -MF /home/mvasiljevic/.cache/tt-metal-cache/12569132917722018041/kernels/sdpa_flash_decode/2271573802838167374/trisc0/trisck.3749600202458196004.d -DIS_NOT_POW2_NUM_L1_BANKS=1 -DLOG_BASE_2_OF_NUM_DRAM_BANKS=3 -DNUM_DRAM_BANKS=8 -DNUM_L1_BANKS=110 -DPCIE_NOC_X=19 -DPCIE_NOC_Y=24 -DTENSIX_FIRMWARE -DLOCAL_MEM_EN=0 -DPROFILE_KERNEL=1 -DPROFILER_FULL_HOST_BUFFER_SIZE_PER_RISC=48000 -DPROCESSOR_INDEX=2 -DUCK_CHLKC_UNPACK -DCOMPILE_FOR_TRISC=0 -DARCH_BLACKHOLE -DDISPATCH_MESSAGE_ADDR=4290184248 -DKERNEL_BUILD -DFULL_KERNEL_NAME="\"sdpa_flash_decode/2271573802838167374/\"" -DKERNEL_COMPILE_TIME_ARGS=4,3,3,1,0,3,0,0,0,0,1,0,3,1,1,1,0,64,0,2,1,1,0,0,8,0,1,0,1037108716,0,1,32 
In file included from /home/mvasiljevic/tt-metal/tt_metal/hw/ckernels/blackhole/metal/llk_io/llk_io_unpack.h:13,
                 from /home/mvasiljevic/tt-metal/tt_metal/hw/inc/api/compute/compute_kernel_api.h:94,
                 from /home/mvasiljevic/tt-metal/ttnn/cpp/ttnn/operations/transformer/sdpa_decode/device/kernels/compute/sdpa_flash_decode.cpp:11,
                 from ../chlkc_unpack.cpp:3,
                 from /home/mvasiljevic/tt-metal/tt_metal/hw/ckernels/blackhole/metal/common/chlkc_list.h:26,
                 from /home/mvasiljevic/tt-metal/tt_metal/hw/firmware/src/tt-1xx/trisck.cc:13:
/home/mvasiljevic/tt-metal/tt_metal/hw/ckernels/blackhole/metal/llk_io/llk_io_unpack.h: In function 'void llk_wait_tiles(int, int32_t)':
/home/mvasiljevic/tt-metal/tt_metal/tools/profiler/kernel_profiler.hpp:25:22: note: '#pragma message: CB-COMPUTE-WAIT-FRONT,/home/mvasiljevic/tt-metal/tt_metal/hw/ckernels/blackhole/metal/llk_io/llk_io_unpack.h,19,KERNEL_PROFILER'
   25 | #define DO_PRAGMA(x) _Pragma(#x)
      |                      ^~~~~~~
/home/mvasiljevic/tt-metal/tt_metal/tools/profiler/kernel_profiler.hpp:707:5: note: in expansion of macro 'DO_PRAGMA'
  707 |     DO_PRAGMA(message(PROFILER_MSG_NAME(name)));                               \
      |     ^~~~~~~~~
/home/mvasiljevic/tt-metal/tt_metal/hw/ckernels/blackhole/metal/llk_io/llk_io_unpack.h:19:5: note: in expansion of macro 'DeviceZoneScopedSumN1'
   19 |     DeviceZoneScopedSumN1("CB-COMPUTE-WAIT-FRONT");
      |     ^~~~~~~~~~~~~~~~~~~~~
/home/mvasiljevic/tt-metal/tt_metal/hw/firmware/src/tt-1xx/trisck.cc: In function 'uint32_t _start()':
/home/mvasiljevic/tt-metal/tt_metal/tools/profiler/kernel_profiler.hpp:25:22: note: '#pragma message: TRISC-KERNEL,/home/mvasiljevic/tt-metal/tt_metal/hw/firmware/src/tt-1xx/trisck.cc,86,KERNEL_PROFILER'
   25 | #define DO_PRAGMA(x) _Pragma(#x)
      |                      ^~~~~~~
/home/mvasiljevic/tt-metal/tt_metal/tools/profiler/kernel_profiler.hpp:702:5: note: in expansion of macro 'DO_PRAGMA'
  702 |     DO_PRAGMA(message(PROFILER_MSG_NAME(name)));                               \
      |     ^~~~~~~~~
/home/mvasiljevic/tt-metal/tt_metal/hw/firmware/src/tt-1xx/trisck.cc:86:5: note: in expansion of macro 'DeviceZoneScopedMainChildN'
   86 |     DeviceZoneScopedMainChildN("TRISC-KERNEL");
      |     ^~~~~~~~~~~~~~~~~~~~~~~~~~
Building brisc, compile step:
cd /home/mvasiljevic/.cache/tt-metal-cache/12569132917722018041/kernels/writer_decode_all/3233374303169902098/brisc/ && /home/mvasiljevic/tt-metal/runtime/sfpi/compiler/bin/riscv-tt-elf-g++ -O2 -std=c++17 -ftt-nttp -ftt-constinit -ftt-consteval -ftt-no-dyninit -flto=auto -ffast-math -fno-exceptions -fno-rtti -fno-use-cxa-atexit -g -MMD -Wall -Werror -Wno-error=deprecated-declarations -Wno-error=multistatement-macros -Wno-error=parentheses -Wno-error=unused-but-set-variable -Wno-unused-variable -Wno-unused-function -mcpu=tt-bh -fno-tree-loop-distribute-patterns -I. -I.. -I/home/mvasiljevic/tt-metal/ -I/home/mvasiljevic/tt-metal/ttnn -I/home/mvasiljevic/tt-metal/ttnn/cpp -I/home/mvasiljevic/tt-metal/tt_metal -I/home/mvasiljevic/tt-metal/tt_metal/hw/inc -I/home/mvasiljevic/tt-metal/tt_metal/tt-llk/common -I/home/mvasiljevic/tt-metal/tt_metal/hostdevcommon/api -I/home/mvasiljevic/tt-metal/tt_metal/api/ -I/home/mvasiljevic/tt-metal/tt_metal/hw/ckernels/blackhole/metal/common -I/home/mvasiljevic/tt-metal/tt_metal/hw/ckernels/blackhole/metal/llk_io -I/home/mvasiljevic/tt-metal/tt_metal/hw/inc/internal/tt-1xx -I/home/mvasiljevic/tt-metal/tt_metal/hw/inc/internal/tt-1xx/blackhole -I/home/mvasiljevic/tt-metal/tt_metal/hw/inc/internal/tt-1xx/blackhole/blackhole_defines -I/home/mvasiljevic/tt-metal/tt_metal/hw/inc/internal/tt-1xx/blackhole/noc -I/home/mvasiljevic/tt-metal/tt_metal/tt-llk/tt_llk_blackhole/common/inc -I/home/mvasiljevic/tt-metal/tt_metal/tt-llk/tt_llk_blackhole/llk_lib -I/home/mvasiljevic/tt-metal/tt_metal/hw/firmware/src/tt-1xx -I/home/mvasiljevic/tt-metal/ttnn/cpp/ttnn/operations/transformer/sdpa_decode/device/kernels/dataflow -c -o /home/mvasiljevic/.cache/tt-metal-cache/12569132917722018041/kernels/writer_decode_all/3233374303169902098/brisc/brisck.3749600202458196004.o /home/mvasiljevic/tt-metal/tt_metal/hw/firmware/src/tt-1xx/brisck.cc -MF /home/mvasiljevic/.cache/tt-metal-cache/12569132917722018041/kernels/writer_decode_all/3233374303169902098/brisc/brisck.3749600202458196004.d -DIS_NOT_POW2_NUM_L1_BANKS=1 -DLOG_BASE_2_OF_NUM_DRAM_BANKS=3 -DNUM_DRAM_BANKS=8 -DNUM_L1_BANKS=110 -DPCIE_NOC_X=19 -DPCIE_NOC_Y=24 -DTENSIX_FIRMWARE -DLOCAL_MEM_EN=0 -DPROFILE_KERNEL=1 -DPROFILER_FULL_HOST_BUFFER_SIZE_PER_RISC=48000 -DPROCESSOR_INDEX=0 -DCOMPILE_FOR_BRISC -DARCH_BLACKHOLE -DDISPATCH_MESSAGE_ADDR=4290184248 -DKERNEL_BUILD -DFULL_KERNEL_NAME="\"writer_decode_all/3233374303169902098/\"" -DNOC_INDEX='1' -DNOC_MODE='0' -DKERNEL_COMPILE_TIME_ARGS=1,1,4,3,3,0,1065369472,0,1037108716,64,64,0,1,0,0,32,32,2,1,32,1,2,1,8,1,0,1,32,2,2048 
In file included from /home/mvasiljevic/tt-metal/tt_metal/hw/inc/api/dataflow/dataflow_api.h:27,
                 from /home/mvasiljevic/tt-metal/tt_metal/hw/inc/internal/firmware_common.h:24,
                 from /home/mvasiljevic/tt-metal/tt_metal/hw/firmware/src/tt-1xx/brisck.cc:17:
/home/mvasiljevic/tt-metal/tt_metal/tools/profiler/kernel_profiler.hpp: In function 'void kernel_profiler::quick_push()':
/home/mvasiljevic/tt-metal/tt_metal/tools/profiler/kernel_profiler.hpp:25:22: note: '#pragma message: PROFILER-NOC-QUICK-PUSH,/home/mvasiljevic/tt-metal/tt_metal/tools/profiler/kernel_profiler.hpp,395,KERNEL_PROFILER'
   25 | #define DO_PRAGMA(x) _Pragma(#x)
      |                      ^~~~~~~
/home/mvasiljevic/tt-metal/tt_metal/tools/profiler/kernel_profiler.hpp:35:5: note: in expansion of macro 'DO_PRAGMA'
   35 |     DO_PRAGMA(message(PROFILER_MSG_NAME(name))); \
      |     ^~~~~~~~~
/home/mvasiljevic/tt-metal/tt_metal/tools/profiler/kernel_profiler.hpp:395:5: note: in expansion of macro 'SrcLocNameToHash'
  395 |     SrcLocNameToHash("PROFILER-NOC-QUICK-PUSH");
      |     ^~~~~~~~~~~~~~~~
/home/mvasiljevic/tt-metal/tt_metal/hw/firmware/src/tt-1xx/brisck.cc: In function 'uint32_t _start()':
/home/mvasiljevic/tt-metal/tt_metal/tools/profiler/kernel_profiler.hpp:25:22: note: '#pragma message: BRISC-KERNEL,/home/mvasiljevic/tt-metal/tt_metal/hw/firmware/src/tt-1xx/brisck.cc,77,KERNEL_PROFILER'
   25 | #define DO_PRAGMA(x) _Pragma(#x)
      |                      ^~~~~~~
/home/mvasiljevic/tt-metal/tt_metal/tools/profiler/kernel_profiler.hpp:702:5: note: in expansion of macro 'DO_PRAGMA'
  702 |     DO_PRAGMA(message(PROFILER_MSG_NAME(name)));                               \
      |     ^~~~~~~~~
/home/mvasiljevic/tt-metal/tt_metal/hw/firmware/src/tt-1xx/brisck.cc:77:9: note: in expansion of macro 'DeviceZoneScopedMainChildN'
   77 |         DeviceZoneScopedMainChildN("BRISC-KERNEL");
      |         ^~~~~~~~~~~~~~~~~~~~~~~~~~
Building trisc2, compile step:
cd /home/mvasiljevic/.cache/tt-metal-cache/12569132917722018041/kernels/sdpa_flash_decode/2271573802838167374/trisc2/ && /home/mvasiljevic/tt-metal/runtime/sfpi/compiler/bin/riscv-tt-elf-g++ -O3 -std=c++17 -ftt-nttp -ftt-constinit -ftt-consteval -ftt-no-dyninit -flto=auto -ffast-math -fno-exceptions -fno-rtti -fno-use-cxa-atexit -g -MMD -Wall -Werror -Wno-error=deprecated-declarations -Wno-error=multistatement-macros -Wno-error=parentheses -Wno-error=unused-but-set-variable -Wno-unused-variable -Wno-unused-function -mcpu=tt-bh-tensix -I. -I.. -I/home/mvasiljevic/tt-metal/ -I/home/mvasiljevic/tt-metal/ttnn -I/home/mvasiljevic/tt-metal/ttnn/cpp -I/home/mvasiljevic/tt-metal/tt_metal -I/home/mvasiljevic/tt-metal/tt_metal/hw/inc -I/home/mvasiljevic/tt-metal/tt_metal/tt-llk/common -I/home/mvasiljevic/tt-metal/tt_metal/hostdevcommon/api -I/home/mvasiljevic/tt-metal/tt_metal/api/ -I/home/mvasiljevic/tt-metal/runtime/sfpi/include -I/home/mvasiljevic/tt-metal/tt_metal/hw/ckernels/blackhole/metal/common -I/home/mvasiljevic/tt-metal/tt_metal/hw/ckernels/blackhole/metal/llk_io -I/home/mvasiljevic/tt-metal/tt_metal/hw/inc/internal/tt-1xx -I/home/mvasiljevic/tt-metal/tt_metal/hw/inc/internal/tt-1xx/blackhole -I/home/mvasiljevic/tt-metal/tt_metal/hw/inc/internal/tt-1xx/blackhole/blackhole_defines -I/home/mvasiljevic/tt-metal/tt_metal/hw/inc/internal/tt-1xx/blackhole/noc -I/home/mvasiljevic/tt-metal/tt_metal/tt-llk/tt_llk_blackhole/common/inc -I/home/mvasiljevic/tt-metal/tt_metal/tt-llk/tt_llk_blackhole/llk_lib -I/home/mvasiljevic/tt-metal/tt_metal/hw/ckernels/blackhole/metal/llk_api -I/home/mvasiljevic/tt-metal/tt_metal/hw/ckernels/blackhole/metal/llk_api/llk_sfpu -I/home/mvasiljevic/tt-metal/tt_metal/hw/firmware/src/tt-1xx -I/home/mvasiljevic/tt-metal/ttnn/cpp/ttnn/operations/transformer/sdpa_decode/device/kernels/compute -c -o /home/mvasiljevic/.cache/tt-metal-cache/12569132917722018041/kernels/sdpa_flash_decode/2271573802838167374/trisc2/trisck.3749600202458196004.o /home/mvasiljevic/tt-metal/tt_metal/hw/firmware/src/tt-1xx/trisck.cc -MF /home/mvasiljevic/.cache/tt-metal-cache/12569132917722018041/kernels/sdpa_flash_decode/2271573802838167374/trisc2/trisck.3749600202458196004.d -DIS_NOT_POW2_NUM_L1_BANKS=1 -DLOG_BASE_2_OF_NUM_DRAM_BANKS=3 -DNUM_DRAM_BANKS=8 -DNUM_L1_BANKS=110 -DPCIE_NOC_X=19 -DPCIE_NOC_Y=24 -DTENSIX_FIRMWARE -DLOCAL_MEM_EN=0 -DPROFILE_KERNEL=1 -DPROFILER_FULL_HOST_BUFFER_SIZE_PER_RISC=48000 -DPROCESSOR_INDEX=4 -DUCK_CHLKC_PACK -DCOMPILE_FOR_TRISC=2 -DARCH_BLACKHOLE -DDISPATCH_MESSAGE_ADDR=4290184248 -DKERNEL_BUILD -DFULL_KERNEL_NAME="\"sdpa_flash_decode/2271573802838167374/\"" -DKERNEL_COMPILE_TIME_ARGS=4,3,3,1,0,3,0,0,0,0,1,0,3,1,1,1,0,64,0,2,1,1,0,0,8,0,1,0,1037108716,0,1,32 
In file included from /home/mvasiljevic/tt-metal/tt_metal/hw/ckernels/blackhole/metal/llk_io/llk_io_pack.h:14,
                 from /home/mvasiljevic/tt-metal/tt_metal/hw/inc/api/compute/compute_kernel_api.h:69,
                 from /home/mvasiljevic/tt-metal/ttnn/cpp/ttnn/operations/transformer/sdpa_decode/device/kernels/compute/sdpa_flash_decode.cpp:11,
                 from ../chlkc_pack.cpp:3,
                 from /home/mvasiljevic/tt-metal/tt_metal/hw/ckernels/blackhole/metal/common/chlkc_list.h:21,
                 from /home/mvasiljevic/tt-metal/tt_metal/hw/firmware/src/tt-1xx/trisck.cc:13:
/home/mvasiljevic/tt-metal/tt_metal/hw/ckernels/blackhole/metal/llk_io/llk_io_pack.h: In function 'void llk_wait_for_free_tiles(int32_t, int32_t)':
/home/mvasiljevic/tt-metal/tt_metal/tools/profiler/kernel_profiler.hpp:25:22: note: '#pragma message: CB-COMPUTE-RESERVE-BACK,/home/mvasiljevic/tt-metal/tt_metal/hw/ckernels/blackhole/metal/llk_io/llk_io_pack.h,21,KERNEL_PROFILER'
   25 | #define DO_PRAGMA(x) _Pragma(#x)
      |                      ^~~~~~~
/home/mvasiljevic/tt-metal/tt_metal/tools/profiler/kernel_profiler.hpp:712:5: note: in expansion of macro 'DO_PRAGMA'
  712 |     DO_PRAGMA(message(PROFILER_MSG_NAME(name)));                               \
      |     ^~~~~~~~~
/home/mvasiljevic/tt-metal/tt_metal/hw/ckernels/blackhole/metal/llk_io/llk_io_pack.h:21:5: note: in expansion of macro 'DeviceZoneScopedSumN2'
   21 |     DeviceZoneScopedSumN2("CB-COMPUTE-RESERVE-BACK");
      |     ^~~~~~~~~~~~~~~~~~~~~
/home/mvasiljevic/tt-metal/tt_metal/hw/firmware/src/tt-1xx/trisck.cc: In function 'uint32_t _start()':
/home/mvasiljevic/tt-metal/tt_metal/tools/profiler/kernel_profiler.hpp:25:22: note: '#pragma message: TRISC-KERNEL,/home/mvasiljevic/tt-metal/tt_metal/hw/firmware/src/tt-1xx/trisck.cc,86,KERNEL_PROFILER'
   25 | #define DO_PRAGMA(x) _Pragma(#x)
      |                      ^~~~~~~
/home/mvasiljevic/tt-metal/tt_metal/tools/profiler/kernel_profiler.hpp:702:5: note: in expansion of macro 'DO_PRAGMA'
  702 |     DO_PRAGMA(message(PROFILER_MSG_NAME(name)));                               \
      |     ^~~~~~~~~
/home/mvasiljevic/tt-metal/tt_metal/hw/firmware/src/tt-1xx/trisck.cc:86:5: note: in expansion of macro 'DeviceZoneScopedMainChildN'
   86 |     DeviceZoneScopedMainChildN("TRISC-KERNEL");
      |     ^~~~~~~~~~~~~~~~~~~~~~~~~~
Building trisc1, compile step:
cd /home/mvasiljevic/.cache/tt-metal-cache/12569132917722018041/kernels/sdpa_flash_decode/2271573802838167374/trisc1/ && /home/mvasiljevic/tt-metal/runtime/sfpi/compiler/bin/riscv-tt-elf-g++ -O3 -std=c++17 -ftt-nttp -ftt-constinit -ftt-consteval -ftt-no-dyninit -flto=auto -ffast-math -fno-exceptions -fno-rtti -fno-use-cxa-atexit -g -MMD -Wall -Werror -Wno-error=deprecated-declarations -Wno-error=multistatement-macros -Wno-error=parentheses -Wno-error=unused-but-set-variable -Wno-unused-variable -Wno-unused-function -mcpu=tt-bh-tensix -I. -I.. -I/home/mvasiljevic/tt-metal/ -I/home/mvasiljevic/tt-metal/ttnn -I/home/mvasiljevic/tt-metal/ttnn/cpp -I/home/mvasiljevic/tt-metal/tt_metal -I/home/mvasiljevic/tt-metal/tt_metal/hw/inc -I/home/mvasiljevic/tt-metal/tt_metal/tt-llk/common -I/home/mvasiljevic/tt-metal/tt_metal/hostdevcommon/api -I/home/mvasiljevic/tt-metal/tt_metal/api/ -I/home/mvasiljevic/tt-metal/runtime/sfpi/include -I/home/mvasiljevic/tt-metal/tt_metal/hw/ckernels/blackhole/metal/common -I/home/mvasiljevic/tt-metal/tt_metal/hw/ckernels/blackhole/metal/llk_io -I/home/mvasiljevic/tt-metal/tt_metal/hw/inc/internal/tt-1xx -I/home/mvasiljevic/tt-metal/tt_metal/hw/inc/internal/tt-1xx/blackhole -I/home/mvasiljevic/tt-metal/tt_metal/hw/inc/internal/tt-1xx/blackhole/blackhole_defines -I/home/mvasiljevic/tt-metal/tt_metal/hw/inc/internal/tt-1xx/blackhole/noc -I/home/mvasiljevic/tt-metal/tt_metal/tt-llk/tt_llk_blackhole/common/inc -I/home/mvasiljevic/tt-metal/tt_metal/tt-llk/tt_llk_blackhole/llk_lib -I/home/mvasiljevic/tt-metal/tt_metal/hw/ckernels/blackhole/metal/llk_api -I/home/mvasiljevic/tt-metal/tt_metal/hw/ckernels/blackhole/metal/llk_api/llk_sfpu -I/home/mvasiljevic/tt-metal/tt_metal/hw/firmware/src/tt-1xx -I/home/mvasiljevic/tt-metal/ttnn/cpp/ttnn/operations/transformer/sdpa_decode/device/kernels/compute -c -o /home/mvasiljevic/.cache/tt-metal-cache/12569132917722018041/kernels/sdpa_flash_decode/2271573802838167374/trisc1/trisck.3749600202458196004.o /home/mvasiljevic/tt-metal/tt_metal/hw/firmware/src/tt-1xx/trisck.cc -MF /home/mvasiljevic/.cache/tt-metal-cache/12569132917722018041/kernels/sdpa_flash_decode/2271573802838167374/trisc1/trisck.3749600202458196004.d -DIS_NOT_POW2_NUM_L1_BANKS=1 -DLOG_BASE_2_OF_NUM_DRAM_BANKS=3 -DNUM_DRAM_BANKS=8 -DNUM_L1_BANKS=110 -DPCIE_NOC_X=19 -DPCIE_NOC_Y=24 -DTENSIX_FIRMWARE -DLOCAL_MEM_EN=0 -DPROFILE_KERNEL=1 -DPROFILER_FULL_HOST_BUFFER_SIZE_PER_RISC=48000 -DPROCESSOR_INDEX=3 -DUCK_CHLKC_MATH -DCOMPILE_FOR_TRISC=1 -DARCH_BLACKHOLE -DDISPATCH_MESSAGE_ADDR=4290184248 -DKERNEL_BUILD -DFULL_KERNEL_NAME="\"sdpa_flash_decode/2271573802838167374/\"" -DKERNEL_COMPILE_TIME_ARGS=4,3,3,1,0,3,0,0,0,0,1,0,3,1,1,1,0,64,0,2,1,1,0,0,8,0,1,0,1037108716,0,1,32 
In file included from /home/mvasiljevic/tt-metal/tt_metal/hw/firmware/src/tt-1xx/trisck.cc:15:
/home/mvasiljevic/tt-metal/tt_metal/hw/firmware/src/tt-1xx/trisck.cc: In function 'uint32_t _start()':
/home/mvasiljevic/tt-metal/tt_metal/tools/profiler/kernel_profiler.hpp:25:22: note: '#pragma message: TRISC-KERNEL,/home/mvasiljevic/tt-metal/tt_metal/hw/firmware/src/tt-1xx/trisck.cc,86,KERNEL_PROFILER'
   25 | #define DO_PRAGMA(x) _Pragma(#x)
      |                      ^~~~~~~
/home/mvasiljevic/tt-metal/tt_metal/tools/profiler/kernel_profiler.hpp:702:5: note: in expansion of macro 'DO_PRAGMA'
  702 |     DO_PRAGMA(message(PROFILER_MSG_NAME(name)));                               \
      |     ^~~~~~~~~
/home/mvasiljevic/tt-metal/tt_metal/hw/firmware/src/tt-1xx/trisck.cc:86:5: note: in expansion of macro 'DeviceZoneScopedMainChildN'
   86 |     DeviceZoneScopedMainChildN("TRISC-KERNEL");
      |     ^~~~~~~~~~~~~~~~~~~~~~~~~~
Building brisc, compile step:
cd /home/mvasiljevic/.cache/tt-metal-cache/12569132917722018041/kernels/reader_bmm_tile_layout_in1_sender_dram_sharded/6174820168465080939/brisc/ && /home/mvasiljevic/tt-metal/runtime/sfpi/compiler/bin/riscv-tt-elf-g++ -O2 -std=c++17 -ftt-nttp -ftt-constinit -ftt-consteval -ftt-no-dyninit -flto=auto -ffast-math -fno-exceptions -fno-rtti -fno-use-cxa-atexit -g -MMD -Wall -Werror -Wno-error=deprecated-declarations -Wno-error=multistatement-macros -Wno-error=parentheses -Wno-error=unused-but-set-variable -Wno-unused-variable -Wno-unused-function -mcpu=tt-bh -fno-tree-loop-distribute-patterns -I. -I.. -I/home/mvasiljevic/tt-metal/ -I/home/mvasiljevic/tt-metal/ttnn -I/home/mvasiljevic/tt-metal/ttnn/cpp -I/home/mvasiljevic/tt-metal/tt_metal -I/home/mvasiljevic/tt-metal/tt_metal/hw/inc -I/home/mvasiljevic/tt-metal/tt_metal/tt-llk/common -I/home/mvasiljevic/tt-metal/tt_metal/hostdevcommon/api -I/home/mvasiljevic/tt-metal/tt_metal/api/ -I/home/mvasiljevic/tt-metal/tt_metal/hw/ckernels/blackhole/metal/common -I/home/mvasiljevic/tt-metal/tt_metal/hw/ckernels/blackhole/metal/llk_io -I/home/mvasiljevic/tt-metal/tt_metal/hw/inc/internal/tt-1xx -I/home/mvasiljevic/tt-metal/tt_metal/hw/inc/internal/tt-1xx/blackhole -I/home/mvasiljevic/tt-metal/tt_metal/hw/inc/internal/tt-1xx/blackhole/blackhole_defines -I/home/mvasiljevic/tt-metal/tt_metal/hw/inc/internal/tt-1xx/blackhole/noc -I/home/mvasiljevic/tt-metal/tt_metal/tt-llk/tt_llk_blackhole/common/inc -I/home/mvasiljevic/tt-metal/tt_metal/tt-llk/tt_llk_blackhole/llk_lib -I/home/mvasiljevic/tt-metal/tt_metal/hw/firmware/src/tt-1xx -I/home/mvasiljevic/tt-metal/ttnn/cpp/ttnn/operations/matmul/device/kernels/dataflow -c -o /home/mvasiljevic/.cache/tt-metal-cache/12569132917722018041/kernels/reader_bmm_tile_layout_in1_sender_dram_sharded/6174820168465080939/brisc/brisck.3749600202458196004.o /home/mvasiljevic/tt-metal/tt_metal/hw/firmware/src/tt-1xx/brisck.cc -MF /home/mvasiljevic/.cache/tt-metal-cache/12569132917722018041/kernels/reader_bmm_tile_layout_in1_sender_dram_sharded/6174820168465080939/brisc/brisck.3749600202458196004.d -DIS_NOT_POW2_NUM_L1_BANKS=1 -DLOG_BASE_2_OF_NUM_DRAM_BANKS=3 -DNUM_DRAM_BANKS=8 -DNUM_L1_BANKS=110 -DPCIE_NOC_X=19 -DPCIE_NOC_Y=24 -DTENSIX_FIRMWARE -DLOCAL_MEM_EN=0 -DPROFILE_KERNEL=1 -DPROFILER_FULL_HOST_BUFFER_SIZE_PER_RISC=48000 -DPROCESSOR_INDEX=0 -DCOMPILE_FOR_BRISC -DARCH_BLACKHOLE -DDISPATCH_MESSAGE_ADDR=4290184248 -DKERNEL_BUILD -DFULL_KERNEL_NAME="\"reader_bmm_tile_layout_in1_sender_dram_sharded/6174820168465080939/\"" -DOUT_SHARDED='1' -DSKIP_MCAST='1' -DNOC_INDEX='0' -DNOC_MODE='0' -DKERNEL_COMPILE_TIME_ARGS=13824,6,12,144,8,12,24576,24576,1 -DKERNEL_COMPILE_TIME_ARG_MAP="{\"cb_out_reshard\",6}, {\"cb_out\",4}, {\"cb_bias\",3}, {\"cb_in1\",1}, " 
In file included from /home/mvasiljevic/tt-metal/tt_metal/hw/inc/api/dataflow/dataflow_api.h:27,
                 from /home/mvasiljevic/tt-metal/tt_metal/hw/inc/internal/firmware_common.h:24,
                 from /home/mvasiljevic/tt-metal/tt_metal/hw/firmware/src/tt-1xx/brisck.cc:17:
/home/mvasiljevic/tt-metal/tt_metal/tools/profiler/kernel_profiler.hpp: In function 'void kernel_profiler::quick_push()':
/home/mvasiljevic/tt-metal/tt_metal/tools/profiler/kernel_profiler.hpp:25:22: note: '#pragma message: PROFILER-NOC-QUICK-PUSH,/home/mvasiljevic/tt-metal/tt_metal/tools/profiler/kernel_profiler.hpp,395,KERNEL_PROFILER'
   25 | #define DO_PRAGMA(x) _Pragma(#x)
      |                      ^~~~~~~
/home/mvasiljevic/tt-metal/tt_metal/tools/profiler/kernel_profiler.hpp:35:5: note: in expansion of macro 'DO_PRAGMA'
   35 |     DO_PRAGMA(message(PROFILER_MSG_NAME(name))); \
      |     ^~~~~~~~~
/home/mvasiljevic/tt-metal/tt_metal/tools/profiler/kernel_profiler.hpp:395:5: note: in expansion of macro 'SrcLocNameToHash'
  395 |     SrcLocNameToHash("PROFILER-NOC-QUICK-PUSH");
      |     ^~~~~~~~~~~~~~~~
/home/mvasiljevic/tt-metal/tt_metal/hw/firmware/src/tt-1xx/brisck.cc: In function 'uint32_t _start()':
/home/mvasiljevic/tt-metal/tt_metal/tools/profiler/kernel_profiler.hpp:25:22: note: '#pragma message: BRISC-KERNEL,/home/mvasiljevic/tt-metal/tt_metal/hw/firmware/src/tt-1xx/brisck.cc,77,KERNEL_PROFILER'
   25 | #define DO_PRAGMA(x) _Pragma(#x)
      |                      ^~~~~~~
/home/mvasiljevic/tt-metal/tt_metal/tools/profiler/kernel_profiler.hpp:702:5: note: in expansion of macro 'DO_PRAGMA'
  702 |     DO_PRAGMA(message(PROFILER_MSG_NAME(name)));                               \
      |     ^~~~~~~~~
/home/mvasiljevic/tt-metal/tt_metal/hw/firmware/src/tt-1xx/brisck.cc:77:9: note: in expansion of macro 'DeviceZoneScopedMainChildN'
   77 |         DeviceZoneScopedMainChildN("BRISC-KERNEL");
      |         ^~~~~~~~~~~~~~~~~~~~~~~~~~
Building brisc, compile step:
cd /home/mvasiljevic/.cache/tt-metal-cache/12569132917722018041/kernels/writer_interleaved_no_bcast/15904195842825606033/brisc/ && /home/mvasiljevic/tt-metal/runtime/sfpi/compiler/bin/riscv-tt-elf-g++ -O2 -std=c++17 -ftt-nttp -ftt-constinit -ftt-consteval -ftt-no-dyninit -flto=auto -ffast-math -fno-exceptions -fno-rtti -fno-use-cxa-atexit -g -MMD -Wall -Werror -Wno-error=deprecated-declarations -Wno-error=multistatement-macros -Wno-error=parentheses -Wno-error=unused-but-set-variable -Wno-unused-variable -Wno-unused-function -mcpu=tt-bh -fno-tree-loop-distribute-patterns -I. -I.. -I/home/mvasiljevic/tt-metal/ -I/home/mvasiljevic/tt-metal/ttnn -I/home/mvasiljevic/tt-metal/ttnn/cpp -I/home/mvasiljevic/tt-metal/tt_metal -I/home/mvasiljevic/tt-metal/tt_metal/hw/inc -I/home/mvasiljevic/tt-metal/tt_metal/tt-llk/common -I/home/mvasiljevic/tt-metal/tt_metal/hostdevcommon/api -I/home/mvasiljevic/tt-metal/tt_metal/api/ -I/home/mvasiljevic/tt-metal/tt_metal/hw/ckernels/blackhole/metal/common -I/home/mvasiljevic/tt-metal/tt_metal/hw/ckernels/blackhole/metal/llk_io -I/home/mvasiljevic/tt-metal/tt_metal/hw/inc/internal/tt-1xx -I/home/mvasiljevic/tt-metal/tt_metal/hw/inc/internal/tt-1xx/blackhole -I/home/mvasiljevic/tt-metal/tt_metal/hw/inc/internal/tt-1xx/blackhole/blackhole_defines -I/home/mvasiljevic/tt-metal/tt_metal/hw/inc/internal/tt-1xx/blackhole/noc -I/home/mvasiljevic/tt-metal/tt_metal/tt-llk/tt_llk_blackhole/common/inc -I/home/mvasiljevic/tt-metal/tt_metal/tt-llk/tt_llk_blackhole/llk_lib -I/home/mvasiljevic/tt-metal/tt_metal/hw/firmware/src/tt-1xx -I/home/mvasiljevic/tt-metal/ttnn/cpp/ttnn/operations/eltwise/binary_ng/device/kernels_ng/dataflow -c -o /home/mvasiljevic/.cache/tt-metal-cache/12569132917722018041/kernels/writer_interleaved_no_bcast/15904195842825606033/brisc/brisck.3749600202458196004.o /home/mvasiljevic/tt-metal/tt_metal/hw/firmware/src/tt-1xx/brisck.cc -MF /home/mvasiljevic/.cache/tt-metal-cache/12569132917722018041/kernels/writer_interleaved_no_bcast/15904195842825606033/brisc/brisck.3749600202458196004.d -DIS_NOT_POW2_NUM_L1_BANKS=1 -DLOG_BASE_2_OF_NUM_DRAM_BANKS=3 -DNUM_DRAM_BANKS=8 -DNUM_L1_BANKS=110 -DPCIE_NOC_X=19 -DPCIE_NOC_Y=24 -DTENSIX_FIRMWARE -DLOCAL_MEM_EN=0 -DPROFILE_KERNEL=1 -DPROFILER_FULL_HOST_BUFFER_SIZE_PER_RISC=48000 -DPROCESSOR_INDEX=0 -DCOMPILE_FOR_BRISC -DARCH_BLACKHOLE -DDISPATCH_MESSAGE_ADDR=4290184248 -DKERNEL_BUILD -DFULL_KERNEL_NAME="\"writer_interleaved_no_bcast/15904195842825606033/\"" -DDST_SHARDED='1' -DFILL_TILE_WITH_FIRST_COLUMN='fill_tile_with_first_column_bfloat16' -DFILL_TILE_WITH_FIRST_COLUMN_B='fill_tile_with_first_column_bfloat16' -DFILL_TILE_WITH_FIRST_COLUMN_RM='fill_tile_with_first_column_rm_bfloat16' -DFILL_TILE_WITH_FIRST_ELEMENT='fill_tile_with_first_element_bfloat16' -DFILL_TILE_WITH_FIRST_ELEMENT_B='fill_tile_with_first_element_bfloat16' -DFILL_TILE_WITH_FIRST_ROW='fill_tile_with_first_row_bfloat16' -DFILL_TILE_WITH_FIRST_ROW_B='fill_tile_with_first_row_bfloat16' -DFILL_TILE_WITH_FIRST_ROW_RM='fill_tile_with_first_row_rm_bfloat16' -DFILL_WITH_VALUE='fill_with_val_bfloat16' -DFILL_WITH_VALUE_B='fill_with_val_bfloat16' -DSRC_SHARDED='1' -DNOC_INDEX='1' -DNOC_MODE='0' -DKERNEL_COMPILE_TIME_ARGS=17,2048,1,8,12,33685762,67240706,100795650,167905026,1 
In file included from /home/mvasiljevic/tt-metal/tt_metal/hw/inc/api/dataflow/dataflow_api.h:27,
                 from /home/mvasiljevic/tt-metal/tt_metal/hw/inc/internal/firmware_common.h:24,
                 from /home/mvasiljevic/tt-metal/tt_metal/hw/firmware/src/tt-1xx/brisck.cc:17:
/home/mvasiljevic/tt-metal/tt_metal/tools/profiler/kernel_profiler.hpp: In function 'void kernel_profiler::quick_push()':
/home/mvasiljevic/tt-metal/tt_metal/tools/profiler/kernel_profiler.hpp:25:22: note: '#pragma message: PROFILER-NOC-QUICK-PUSH,/home/mvasiljevic/tt-metal/tt_metal/tools/profiler/kernel_profiler.hpp,395,KERNEL_PROFILER'
   25 | #define DO_PRAGMA(x) _Pragma(#x)
      |                      ^~~~~~~
/home/mvasiljevic/tt-metal/tt_metal/tools/profiler/kernel_profiler.hpp:35:5: note: in expansion of macro 'DO_PRAGMA'
   35 |     DO_PRAGMA(message(PROFILER_MSG_NAME(name))); \
      |     ^~~~~~~~~
/home/mvasiljevic/tt-metal/tt_metal/tools/profiler/kernel_profiler.hpp:395:5: note: in expansion of macro 'SrcLocNameToHash'
  395 |     SrcLocNameToHash("PROFILER-NOC-QUICK-PUSH");
      |     ^~~~~~~~~~~~~~~~
/home/mvasiljevic/tt-metal/tt_metal/hw/firmware/src/tt-1xx/brisck.cc: In function 'uint32_t _start()':
/home/mvasiljevic/tt-metal/tt_metal/tools/profiler/kernel_profiler.hpp:25:22: note: '#pragma message: BRISC-KERNEL,/home/mvasiljevic/tt-metal/tt_metal/hw/firmware/src/tt-1xx/brisck.cc,77,KERNEL_PROFILER'
   25 | #define DO_PRAGMA(x) _Pragma(#x)
      |                      ^~~~~~~
/home/mvasiljevic/tt-metal/tt_metal/tools/profiler/kernel_profiler.hpp:702:5: note: in expansion of macro 'DO_PRAGMA'
  702 |     DO_PRAGMA(message(PROFILER_MSG_NAME(name)));                               \
      |     ^~~~~~~~~
/home/mvasiljevic/tt-metal/tt_metal/hw/firmware/src/tt-1xx/brisck.cc:77:9: note: in expansion of macro 'DeviceZoneScopedMainChildN'
   77 |         DeviceZoneScopedMainChildN("BRISC-KERNEL");
      |         ^~~~~~~~~~~~~~~~~~~~~~~~~~
Building ncrisc, compile step:
cd /home/mvasiljevic/.cache/tt-metal-cache/12569132917722018041/kernels/reader_interleaved_no_bcast/9689712247292699154/ncrisc/ && /home/mvasiljevic/tt-metal/runtime/sfpi/compiler/bin/riscv-tt-elf-g++ -O2 -std=c++17 -ftt-nttp -ftt-constinit -ftt-consteval -ftt-no-dyninit -flto=auto -ffast-math -fno-exceptions -fno-rtti -fno-use-cxa-atexit -g -MMD -Wall -Werror -Wno-error=deprecated-declarations -Wno-error=multistatement-macros -Wno-error=parentheses -Wno-error=unused-but-set-variable -Wno-unused-variable -Wno-unused-function -mcpu=tt-bh -fno-tree-loop-distribute-patterns -I. -I.. -I/home/mvasiljevic/tt-metal/ -I/home/mvasiljevic/tt-metal/ttnn -I/home/mvasiljevic/tt-metal/ttnn/cpp -I/home/mvasiljevic/tt-metal/tt_metal -I/home/mvasiljevic/tt-metal/tt_metal/hw/inc -I/home/mvasiljevic/tt-metal/tt_metal/tt-llk/common -I/home/mvasiljevic/tt-metal/tt_metal/hostdevcommon/api -I/home/mvasiljevic/tt-metal/tt_metal/api/ -I/home/mvasiljevic/tt-metal/tt_metal/hw/ckernels/blackhole/metal/common -I/home/mvasiljevic/tt-metal/tt_metal/hw/ckernels/blackhole/metal/llk_io -I/home/mvasiljevic/tt-metal/tt_metal/hw/inc/internal/tt-1xx -I/home/mvasiljevic/tt-metal/tt_metal/hw/inc/internal/tt-1xx/blackhole -I/home/mvasiljevic/tt-metal/tt_metal/hw/inc/internal/tt-1xx/blackhole/blackhole_defines -I/home/mvasiljevic/tt-metal/tt_metal/hw/inc/internal/tt-1xx/blackhole/noc -I/home/mvasiljevic/tt-metal/tt_metal/tt-llk/tt_llk_blackhole/common/inc -I/home/mvasiljevic/tt-metal/tt_metal/tt-llk/tt_llk_blackhole/llk_lib -I/home/mvasiljevic/tt-metal/tt_metal/hw/firmware/src/tt-1xx -I/home/mvasiljevic/tt-metal/ttnn/cpp/ttnn/operations/eltwise/binary_ng/device/kernels_ng/dataflow -c -o /home/mvasiljevic/.cache/tt-metal-cache/12569132917722018041/kernels/reader_interleaved_no_bcast/9689712247292699154/ncrisc/ncrisck.3749600202458196004.o /home/mvasiljevic/tt-metal/tt_metal/hw/firmware/src/tt-1xx/ncrisck.cc -MF /home/mvasiljevic/.cache/tt-metal-cache/12569132917722018041/kernels/reader_interleaved_no_bcast/9689712247292699154/ncrisc/ncrisck.3749600202458196004.d -DIS_NOT_POW2_NUM_L1_BANKS=1 -DLOG_BASE_2_OF_NUM_DRAM_BANKS=3 -DNUM_DRAM_BANKS=8 -DNUM_L1_BANKS=110 -DPCIE_NOC_X=19 -DPCIE_NOC_Y=24 -DTENSIX_FIRMWARE -DLOCAL_MEM_EN=0 -DPROFILE_KERNEL=1 -DPROFILER_FULL_HOST_BUFFER_SIZE_PER_RISC=48000 -DPROCESSOR_INDEX=1 -DCOMPILE_FOR_NCRISC -DARCH_BLACKHOLE -DDISPATCH_MESSAGE_ADDR=4290184248 -DKERNEL_BUILD -DFULL_KERNEL_NAME="\"reader_interleaved_no_bcast/9689712247292699154/\"" -DBCAST_LLK='0' -DFILL_TILE_WITH_FIRST_COLUMN='fill_tile_with_first_column_bfloat16' -DFILL_TILE_WITH_FIRST_COLUMN_B='fill_tile_with_first_column_bfloat16' -DFILL_TILE_WITH_FIRST_COLUMN_RM='fill_tile_with_first_column_rm_bfloat16' -DFILL_TILE_WITH_FIRST_ELEMENT='fill_tile_with_first_element_bfloat16' -DFILL_TILE_WITH_FIRST_ELEMENT_B='fill_tile_with_first_element_bfloat16' -DFILL_TILE_WITH_FIRST_ROW='fill_tile_with_first_row_bfloat16' -DFILL_TILE_WITH_FIRST_ROW_B='fill_tile_with_first_row_bfloat16' -DFILL_TILE_WITH_FIRST_ROW_RM='fill_tile_with_first_row_rm_bfloat16' -DFILL_WITH_VALUE='fill_with_val_bfloat16' -DFILL_WITH_VALUE_B='fill_with_val_bfloat16' -DSRC_SHARDED='1' -DSRC_SHARDED_B='1' -DNOC_INDEX='0' -DNOC_MODE='0' -DKERNEL_COMPILE_TIME_ARGS=17,2048,1,8,12,33685762,67240706,100795650,167905026,17,2048,1,8,12,33685762,67240706,100795650,167905026,1 
In file included from /home/mvasiljevic/tt-metal/tt_metal/hw/inc/api/dataflow/dataflow_api.h:27,
                 from /home/mvasiljevic/tt-metal/tt_metal/hw/inc/internal/firmware_common.h:24,
                 from /home/mvasiljevic/tt-metal/tt_metal/hw/firmware/src/tt-1xx/ncrisck.cc:17:
/home/mvasiljevic/tt-metal/tt_metal/tools/profiler/kernel_profiler.hpp: In function 'void kernel_profiler::quick_push()':
/home/mvasiljevic/tt-metal/tt_metal/tools/profiler/kernel_profiler.hpp:25:22: note: '#pragma message: PROFILER-NOC-QUICK-PUSH,/home/mvasiljevic/tt-metal/tt_metal/tools/profiler/kernel_profiler.hpp,395,KERNEL_PROFILER'
   25 | #define DO_PRAGMA(x) _Pragma(#x)
      |                      ^~~~~~~
/home/mvasiljevic/tt-metal/tt_metal/tools/profiler/kernel_profiler.hpp:35:5: note: in expansion of macro 'DO_PRAGMA'
   35 |     DO_PRAGMA(message(PROFILER_MSG_NAME(name))); \
      |     ^~~~~~~~~
/home/mvasiljevic/tt-metal/tt_metal/tools/profiler/kernel_profiler.hpp:395:5: note: in expansion of macro 'SrcLocNameToHash'
  395 |     SrcLocNameToHash("PROFILER-NOC-QUICK-PUSH");
      |     ^~~~~~~~~~~~~~~~
In file included from ../kernel_includes.hpp:1,
                 from /home/mvasiljevic/tt-metal/tt_metal/hw/firmware/src/tt-1xx/ncrisck.cc:22:
/home/mvasiljevic/tt-metal/ttnn/cpp/ttnn/operations/eltwise/binary_ng/device/kernels_ng/dataflow/reader_interleaved_no_bcast.cpp: In function 'void kernel_main()':
/home/mvasiljevic/tt-metal/ttnn/cpp/ttnn/operations/eltwise/binary_ng/device/kernels_ng/dataflow/reader_interleaved_no_bcast.cpp:39:20: warning: variable 'src_b_args' set but not used [-Wunused-but-set-variable]
   39 |     constexpr auto src_b_args =
      |                    ^~~~~~~~~~
/home/mvasiljevic/tt-metal/tt_metal/hw/firmware/src/tt-1xx/ncrisck.cc: In function 'uint32_t _start()':
/home/mvasiljevic/tt-metal/tt_metal/tools/profiler/kernel_profiler.hpp:25:22: note: '#pragma message: NCRISC-KERNEL,/home/mvasiljevic/tt-metal/tt_metal/hw/firmware/src/tt-1xx/ncrisck.cc,69,KERNEL_PROFILER'
   25 | #define DO_PRAGMA(x) _Pragma(#x)
      |                      ^~~~~~~
/home/mvasiljevic/tt-metal/tt_metal/tools/profiler/kernel_profiler.hpp:702:5: note: in expansion of macro 'DO_PRAGMA'
  702 |     DO_PRAGMA(message(PROFILER_MSG_NAME(name)));                               \
      |     ^~~~~~~~~
/home/mvasiljevic/tt-metal/tt_metal/hw/firmware/src/tt-1xx/ncrisck.cc:69:5: note: in expansion of macro 'DeviceZoneScopedMainChildN'
   69 |     DeviceZoneScopedMainChildN("NCRISC-KERNEL");
      |     ^~~~~~~~~~~~~~~~~~~~~~~~~~
Building trisc0, compile step:
cd /home/mvasiljevic/.cache/tt-metal-cache/12569132917722018041/kernels/eltwise_binary_no_bcast/12960446116978008777/trisc0/ && /home/mvasiljevic/tt-metal/runtime/sfpi/compiler/bin/riscv-tt-elf-g++ -O3 -std=c++17 -ftt-nttp -ftt-constinit -ftt-consteval -ftt-no-dyninit -flto=auto -ffast-math -fno-exceptions -fno-rtti -fno-use-cxa-atexit -g -MMD -Wall -Werror -Wno-error=deprecated-declarations -Wno-error=multistatement-macros -Wno-error=parentheses -Wno-error=unused-but-set-variable -Wno-unused-variable -Wno-unused-function -mcpu=tt-bh-tensix -I. -I.. -I/home/mvasiljevic/tt-metal/ -I/home/mvasiljevic/tt-metal/ttnn -I/home/mvasiljevic/tt-metal/ttnn/cpp -I/home/mvasiljevic/tt-metal/tt_metal -I/home/mvasiljevic/tt-metal/tt_metal/hw/inc -I/home/mvasiljevic/tt-metal/tt_metal/tt-llk/common -I/home/mvasiljevic/tt-metal/tt_metal/hostdevcommon/api -I/home/mvasiljevic/tt-metal/tt_metal/api/ -I/home/mvasiljevic/tt-metal/runtime/sfpi/include -I/home/mvasiljevic/tt-metal/tt_metal/hw/ckernels/blackhole/metal/common -I/home/mvasiljevic/tt-metal/tt_metal/hw/ckernels/blackhole/metal/llk_io -I/home/mvasiljevic/tt-metal/tt_metal/hw/inc/internal/tt-1xx -I/home/mvasiljevic/tt-metal/tt_metal/hw/inc/internal/tt-1xx/blackhole -I/home/mvasiljevic/tt-metal/tt_metal/hw/inc/internal/tt-1xx/blackhole/blackhole_defines -I/home/mvasiljevic/tt-metal/tt_metal/hw/inc/internal/tt-1xx/blackhole/noc -I/home/mvasiljevic/tt-metal/tt_metal/tt-llk/tt_llk_blackhole/common/inc -I/home/mvasiljevic/tt-metal/tt_metal/tt-llk/tt_llk_blackhole/llk_lib -I/home/mvasiljevic/tt-metal/tt_metal/hw/ckernels/blackhole/metal/llk_api -I/home/mvasiljevic/tt-metal/tt_metal/hw/ckernels/blackhole/metal/llk_api/llk_sfpu -I/home/mvasiljevic/tt-metal/tt_metal/hw/firmware/src/tt-1xx -I/home/mvasiljevic/tt-metal/ttnn/cpp/ttnn/operations/eltwise/binary_ng/device/kernels/compute -c -o /home/mvasiljevic/.cache/tt-metal-cache/12569132917722018041/kernels/eltwise_binary_no_bcast/12960446116978008777/trisc0/trisck.3749600202458196004.o /home/mvasiljevic/tt-metal/tt_metal/hw/firmware/src/tt-1xx/trisck.cc -MF /home/mvasiljevic/.cache/tt-metal-cache/12569132917722018041/kernels/eltwise_binary_no_bcast/12960446116978008777/trisc0/trisck.3749600202458196004.d -DIS_NOT_POW2_NUM_L1_BANKS=1 -DLOG_BASE_2_OF_NUM_DRAM_BANKS=3 -DNUM_DRAM_BANKS=8 -DNUM_L1_BANKS=110 -DPCIE_NOC_X=19 -DPCIE_NOC_Y=24 -DTENSIX_FIRMWARE -DLOCAL_MEM_EN=0 -DPROFILE_KERNEL=1 -DPROFILER_FULL_HOST_BUFFER_SIZE_PER_RISC=48000 -DPROCESSOR_INDEX=2 -DUCK_CHLKC_UNPACK -DCOMPILE_FOR_TRISC=0 -DARCH_BLACKHOLE -DDISPATCH_MESSAGE_ADDR=4290184248 -DKERNEL_BUILD -DFULL_KERNEL_NAME="\"eltwise_binary_no_bcast/12960446116978008777/\"" -DKERNEL_COMPILE_TIME_ARGS=8 
In file included from /home/mvasiljevic/tt-metal/tt_metal/hw/ckernels/blackhole/metal/llk_io/llk_io_unpack.h:13,
                 from /home/mvasiljevic/tt-metal/tt_metal/hw/inc/api/compute/cb_api.h:15,
                 from /home/mvasiljevic/tt-metal/tt_metal/hw/inc/api/compute/common.h:11,
                 from /home/mvasiljevic/tt-metal/tt_metal/hw/inc/api/compute/eltwise_binary.h:7,
                 from /home/mvasiljevic/tt-metal/ttnn/cpp/ttnn/operations/eltwise/binary_ng/device/kernels/compute/eltwise_binary_no_bcast.cpp:8,
                 from ../chlkc_unpack.cpp:3,
                 from /home/mvasiljevic/tt-metal/tt_metal/hw/ckernels/blackhole/metal/common/chlkc_list.h:26,
                 from /home/mvasiljevic/tt-metal/tt_metal/hw/firmware/src/tt-1xx/trisck.cc:13:
/home/mvasiljevic/tt-metal/tt_metal/hw/ckernels/blackhole/metal/llk_io/llk_io_unpack.h: In function 'void llk_wait_tiles(int, int32_t)':
/home/mvasiljevic/tt-metal/tt_metal/tools/profiler/kernel_profiler.hpp:25:22: note: '#pragma message: CB-COMPUTE-WAIT-FRONT,/home/mvasiljevic/tt-metal/tt_metal/hw/ckernels/blackhole/metal/llk_io/llk_io_unpack.h,19,KERNEL_PROFILER'
   25 | #define DO_PRAGMA(x) _Pragma(#x)
      |                      ^~~~~~~
/home/mvasiljevic/tt-metal/tt_metal/tools/profiler/kernel_profiler.hpp:707:5: note: in expansion of macro 'DO_PRAGMA'
  707 |     DO_PRAGMA(message(PROFILER_MSG_NAME(name)));                               \
      |     ^~~~~~~~~
/home/mvasiljevic/tt-metal/tt_metal/hw/ckernels/blackhole/metal/llk_io/llk_io_unpack.h:19:5: note: in expansion of macro 'DeviceZoneScopedSumN1'
   19 |     DeviceZoneScopedSumN1("CB-COMPUTE-WAIT-FRONT");
      |     ^~~~~~~~~~~~~~~~~~~~~
/home/mvasiljevic/tt-metal/tt_metal/hw/firmware/src/tt-1xx/trisck.cc: In function 'uint32_t _start()':
/home/mvasiljevic/tt-metal/tt_metal/tools/profiler/kernel_profiler.hpp:25:22: note: '#pragma message: TRISC-KERNEL,/home/mvasiljevic/tt-metal/tt_metal/hw/firmware/src/tt-1xx/trisck.cc,86,KERNEL_PROFILER'
   25 | #define DO_PRAGMA(x) _Pragma(#x)
      |                      ^~~~~~~
/home/mvasiljevic/tt-metal/tt_metal/tools/profiler/kernel_profiler.hpp:702:5: note: in expansion of macro 'DO_PRAGMA'
  702 |     DO_PRAGMA(message(PROFILER_MSG_NAME(name)));                               \
      |     ^~~~~~~~~
/home/mvasiljevic/tt-metal/tt_metal/hw/firmware/src/tt-1xx/trisck.cc:86:5: note: in expansion of macro 'DeviceZoneScopedMainChildN'
   86 |     DeviceZoneScopedMainChildN("TRISC-KERNEL");
      |     ^~~~~~~~~~~~~~~~~~~~~~~~~~
Building trisc2, compile step:
cd /home/mvasiljevic/.cache/tt-metal-cache/12569132917722018041/kernels/eltwise_binary_no_bcast/12960446116978008777/trisc2/ && /home/mvasiljevic/tt-metal/runtime/sfpi/compiler/bin/riscv-tt-elf-g++ -O3 -std=c++17 -ftt-nttp -ftt-constinit -ftt-consteval -ftt-no-dyninit -flto=auto -ffast-math -fno-exceptions -fno-rtti -fno-use-cxa-atexit -g -MMD -Wall -Werror -Wno-error=deprecated-declarations -Wno-error=multistatement-macros -Wno-error=parentheses -Wno-error=unused-but-set-variable -Wno-unused-variable -Wno-unused-function -mcpu=tt-bh-tensix -I. -I.. -I/home/mvasiljevic/tt-metal/ -I/home/mvasiljevic/tt-metal/ttnn -I/home/mvasiljevic/tt-metal/ttnn/cpp -I/home/mvasiljevic/tt-metal/tt_metal -I/home/mvasiljevic/tt-metal/tt_metal/hw/inc -I/home/mvasiljevic/tt-metal/tt_metal/tt-llk/common -I/home/mvasiljevic/tt-metal/tt_metal/hostdevcommon/api -I/home/mvasiljevic/tt-metal/tt_metal/api/ -I/home/mvasiljevic/tt-metal/runtime/sfpi/include -I/home/mvasiljevic/tt-metal/tt_metal/hw/ckernels/blackhole/metal/common -I/home/mvasiljevic/tt-metal/tt_metal/hw/ckernels/blackhole/metal/llk_io -I/home/mvasiljevic/tt-metal/tt_metal/hw/inc/internal/tt-1xx -I/home/mvasiljevic/tt-metal/tt_metal/hw/inc/internal/tt-1xx/blackhole -I/home/mvasiljevic/tt-metal/tt_metal/hw/inc/internal/tt-1xx/blackhole/blackhole_defines -I/home/mvasiljevic/tt-metal/tt_metal/hw/inc/internal/tt-1xx/blackhole/noc -I/home/mvasiljevic/tt-metal/tt_metal/tt-llk/tt_llk_blackhole/common/inc -I/home/mvasiljevic/tt-metal/tt_metal/tt-llk/tt_llk_blackhole/llk_lib -I/home/mvasiljevic/tt-metal/tt_metal/hw/ckernels/blackhole/metal/llk_api -I/home/mvasiljevic/tt-metal/tt_metal/hw/ckernels/blackhole/metal/llk_api/llk_sfpu -I/home/mvasiljevic/tt-metal/tt_metal/hw/firmware/src/tt-1xx -I/home/mvasiljevic/tt-metal/ttnn/cpp/ttnn/operations/eltwise/binary_ng/device/kernels/compute -c -o /home/mvasiljevic/.cache/tt-metal-cache/12569132917722018041/kernels/eltwise_binary_no_bcast/12960446116978008777/trisc2/trisck.3749600202458196004.o /home/mvasiljevic/tt-metal/tt_metal/hw/firmware/src/tt-1xx/trisck.cc -MF /home/mvasiljevic/.cache/tt-metal-cache/12569132917722018041/kernels/eltwise_binary_no_bcast/12960446116978008777/trisc2/trisck.3749600202458196004.d -DIS_NOT_POW2_NUM_L1_BANKS=1 -DLOG_BASE_2_OF_NUM_DRAM_BANKS=3 -DNUM_DRAM_BANKS=8 -DNUM_L1_BANKS=110 -DPCIE_NOC_X=19 -DPCIE_NOC_Y=24 -DTENSIX_FIRMWARE -DLOCAL_MEM_EN=0 -DPROFILE_KERNEL=1 -DPROFILER_FULL_HOST_BUFFER_SIZE_PER_RISC=48000 -DPROCESSOR_INDEX=4 -DUCK_CHLKC_PACK -DCOMPILE_FOR_TRISC=2 -DARCH_BLACKHOLE -DDISPATCH_MESSAGE_ADDR=4290184248 -DKERNEL_BUILD -DFULL_KERNEL_NAME="\"eltwise_binary_no_bcast/12960446116978008777/\"" -DKERNEL_COMPILE_TIME_ARGS=8 
In file included from /home/mvasiljevic/tt-metal/tt_metal/hw/ckernels/blackhole/metal/llk_io/llk_io_pack.h:14,
                 from /home/mvasiljevic/tt-metal/tt_metal/hw/inc/api/compute/cb_api.h:12,
                 from /home/mvasiljevic/tt-metal/tt_metal/hw/inc/api/compute/common.h:11,
                 from /home/mvasiljevic/tt-metal/tt_metal/hw/inc/api/compute/eltwise_binary.h:7,
                 from /home/mvasiljevic/tt-metal/ttnn/cpp/ttnn/operations/eltwise/binary_ng/device/kernels/compute/eltwise_binary_no_bcast.cpp:8,
                 from ../chlkc_pack.cpp:3,
                 from /home/mvasiljevic/tt-metal/tt_metal/hw/ckernels/blackhole/metal/common/chlkc_list.h:21,
                 from /home/mvasiljevic/tt-metal/tt_metal/hw/firmware/src/tt-1xx/trisck.cc:13:
/home/mvasiljevic/tt-metal/tt_metal/hw/ckernels/blackhole/metal/llk_io/llk_io_pack.h: In function 'void llk_wait_for_free_tiles(int32_t, int32_t)':
/home/mvasiljevic/tt-metal/tt_metal/tools/profiler/kernel_profiler.hpp:25:22: note: '#pragma message: CB-COMPUTE-RESERVE-BACK,/home/mvasiljevic/tt-metal/tt_metal/hw/ckernels/blackhole/metal/llk_io/llk_io_pack.h,21,KERNEL_PROFILER'
   25 | #define DO_PRAGMA(x) _Pragma(#x)
      |                      ^~~~~~~
/home/mvasiljevic/tt-metal/tt_metal/tools/profiler/kernel_profiler.hpp:712:5: note: in expansion of macro 'DO_PRAGMA'
  712 |     DO_PRAGMA(message(PROFILER_MSG_NAME(name)));                               \
      |     ^~~~~~~~~
/home/mvasiljevic/tt-metal/tt_metal/hw/ckernels/blackhole/metal/llk_io/llk_io_pack.h:21:5: note: in expansion of macro 'DeviceZoneScopedSumN2'
   21 |     DeviceZoneScopedSumN2("CB-COMPUTE-RESERVE-BACK");
      |     ^~~~~~~~~~~~~~~~~~~~~
/home/mvasiljevic/tt-metal/tt_metal/hw/firmware/src/tt-1xx/trisck.cc: In function 'uint32_t _start()':
/home/mvasiljevic/tt-metal/tt_metal/tools/profiler/kernel_profiler.hpp:25:22: note: '#pragma message: TRISC-KERNEL,/home/mvasiljevic/tt-metal/tt_metal/hw/firmware/src/tt-1xx/trisck.cc,86,KERNEL_PROFILER'
   25 | #define DO_PRAGMA(x) _Pragma(#x)
      |                      ^~~~~~~
/home/mvasiljevic/tt-metal/tt_metal/tools/profiler/kernel_profiler.hpp:702:5: note: in expansion of macro 'DO_PRAGMA'
  702 |     DO_PRAGMA(message(PROFILER_MSG_NAME(name)));                               \
      |     ^~~~~~~~~
/home/mvasiljevic/tt-metal/tt_metal/hw/firmware/src/tt-1xx/trisck.cc:86:5: note: in expansion of macro 'DeviceZoneScopedMainChildN'
   86 |     DeviceZoneScopedMainChildN("TRISC-KERNEL");
      |     ^~~~~~~~~~~~~~~~~~~~~~~~~~
Building trisc1, compile step:
cd /home/mvasiljevic/.cache/tt-metal-cache/12569132917722018041/kernels/eltwise_binary_no_bcast/12960446116978008777/trisc1/ && /home/mvasiljevic/tt-metal/runtime/sfpi/compiler/bin/riscv-tt-elf-g++ -O3 -std=c++17 -ftt-nttp -ftt-constinit -ftt-consteval -ftt-no-dyninit -flto=auto -ffast-math -fno-exceptions -fno-rtti -fno-use-cxa-atexit -g -MMD -Wall -Werror -Wno-error=deprecated-declarations -Wno-error=multistatement-macros -Wno-error=parentheses -Wno-error=unused-but-set-variable -Wno-unused-variable -Wno-unused-function -mcpu=tt-bh-tensix -I. -I.. -I/home/mvasiljevic/tt-metal/ -I/home/mvasiljevic/tt-metal/ttnn -I/home/mvasiljevic/tt-metal/ttnn/cpp -I/home/mvasiljevic/tt-metal/tt_metal -I/home/mvasiljevic/tt-metal/tt_metal/hw/inc -I/home/mvasiljevic/tt-metal/tt_metal/tt-llk/common -I/home/mvasiljevic/tt-metal/tt_metal/hostdevcommon/api -I/home/mvasiljevic/tt-metal/tt_metal/api/ -I/home/mvasiljevic/tt-metal/runtime/sfpi/include -I/home/mvasiljevic/tt-metal/tt_metal/hw/ckernels/blackhole/metal/common -I/home/mvasiljevic/tt-metal/tt_metal/hw/ckernels/blackhole/metal/llk_io -I/home/mvasiljevic/tt-metal/tt_metal/hw/inc/internal/tt-1xx -I/home/mvasiljevic/tt-metal/tt_metal/hw/inc/internal/tt-1xx/blackhole -I/home/mvasiljevic/tt-metal/tt_metal/hw/inc/internal/tt-1xx/blackhole/blackhole_defines -I/home/mvasiljevic/tt-metal/tt_metal/hw/inc/internal/tt-1xx/blackhole/noc -I/home/mvasiljevic/tt-metal/tt_metal/tt-llk/tt_llk_blackhole/common/inc -I/home/mvasiljevic/tt-metal/tt_metal/tt-llk/tt_llk_blackhole/llk_lib -I/home/mvasiljevic/tt-metal/tt_metal/hw/ckernels/blackhole/metal/llk_api -I/home/mvasiljevic/tt-metal/tt_metal/hw/ckernels/blackhole/metal/llk_api/llk_sfpu -I/home/mvasiljevic/tt-metal/tt_metal/hw/firmware/src/tt-1xx -I/home/mvasiljevic/tt-metal/ttnn/cpp/ttnn/operations/eltwise/binary_ng/device/kernels/compute -c -o /home/mvasiljevic/.cache/tt-metal-cache/12569132917722018041/kernels/eltwise_binary_no_bcast/12960446116978008777/trisc1/trisck.3749600202458196004.o /home/mvasiljevic/tt-metal/tt_metal/hw/firmware/src/tt-1xx/trisck.cc -MF /home/mvasiljevic/.cache/tt-metal-cache/12569132917722018041/kernels/eltwise_binary_no_bcast/12960446116978008777/trisc1/trisck.3749600202458196004.d -DIS_NOT_POW2_NUM_L1_BANKS=1 -DLOG_BASE_2_OF_NUM_DRAM_BANKS=3 -DNUM_DRAM_BANKS=8 -DNUM_L1_BANKS=110 -DPCIE_NOC_X=19 -DPCIE_NOC_Y=24 -DTENSIX_FIRMWARE -DLOCAL_MEM_EN=0 -DPROFILE_KERNEL=1 -DPROFILER_FULL_HOST_BUFFER_SIZE_PER_RISC=48000 -DPROCESSOR_INDEX=3 -DUCK_CHLKC_MATH -DCOMPILE_FOR_TRISC=1 -DARCH_BLACKHOLE -DDISPATCH_MESSAGE_ADDR=4290184248 -DKERNEL_BUILD -DFULL_KERNEL_NAME="\"eltwise_binary_no_bcast/12960446116978008777/\"" -DKERNEL_COMPILE_TIME_ARGS=8 
In file included from /home/mvasiljevic/tt-metal/tt_metal/hw/firmware/src/tt-1xx/trisck.cc:15:
/home/mvasiljevic/tt-metal/tt_metal/hw/firmware/src/tt-1xx/trisck.cc: In function 'uint32_t _start()':
/home/mvasiljevic/tt-metal/tt_metal/tools/profiler/kernel_profiler.hpp:25:22: note: '#pragma message: TRISC-KERNEL,/home/mvasiljevic/tt-metal/tt_metal/hw/firmware/src/tt-1xx/trisck.cc,86,KERNEL_PROFILER'
   25 | #define DO_PRAGMA(x) _Pragma(#x)
      |                      ^~~~~~~
/home/mvasiljevic/tt-metal/tt_metal/tools/profiler/kernel_profiler.hpp:702:5: note: in expansion of macro 'DO_PRAGMA'
  702 |     DO_PRAGMA(message(PROFILER_MSG_NAME(name)));                               \
      |     ^~~~~~~~~
/home/mvasiljevic/tt-metal/tt_metal/hw/firmware/src/tt-1xx/trisck.cc:86:5: note: in expansion of macro 'DeviceZoneScopedMainChildN'
   86 |     DeviceZoneScopedMainChildN("TRISC-KERNEL");
      |     ^~~~~~~~~~~~~~~~~~~~~~~~~~
Building brisc, compile step:
cd /home/mvasiljevic/.cache/tt-metal-cache/12569132917722018041/kernels/reader_mcast_sender_unary_sharded_ln/9870370108351534584/brisc/ && /home/mvasiljevic/tt-metal/runtime/sfpi/compiler/bin/riscv-tt-elf-g++ -O2 -std=c++17 -ftt-nttp -ftt-constinit -ftt-consteval -ftt-no-dyninit -flto=auto -ffast-math -fno-exceptions -fno-rtti -fno-use-cxa-atexit -g -MMD -Wall -Werror -Wno-error=deprecated-declarations -Wno-error=multistatement-macros -Wno-error=parentheses -Wno-error=unused-but-set-variable -Wno-unused-variable -Wno-unused-function -mcpu=tt-bh -fno-tree-loop-distribute-patterns -I. -I.. -I/home/mvasiljevic/tt-metal/ -I/home/mvasiljevic/tt-metal/ttnn -I/home/mvasiljevic/tt-metal/ttnn/cpp -I/home/mvasiljevic/tt-metal/tt_metal -I/home/mvasiljevic/tt-metal/tt_metal/hw/inc -I/home/mvasiljevic/tt-metal/tt_metal/tt-llk/common -I/home/mvasiljevic/tt-metal/tt_metal/hostdevcommon/api -I/home/mvasiljevic/tt-metal/tt_metal/api/ -I/home/mvasiljevic/tt-metal/tt_metal/hw/ckernels/blackhole/metal/common -I/home/mvasiljevic/tt-metal/tt_metal/hw/ckernels/blackhole/metal/llk_io -I/home/mvasiljevic/tt-metal/tt_metal/hw/inc/internal/tt-1xx -I/home/mvasiljevic/tt-metal/tt_metal/hw/inc/internal/tt-1xx/blackhole -I/home/mvasiljevic/tt-metal/tt_metal/hw/inc/internal/tt-1xx/blackhole/blackhole_defines -I/home/mvasiljevic/tt-metal/tt_metal/hw/inc/internal/tt-1xx/blackhole/noc -I/home/mvasiljevic/tt-metal/tt_metal/tt-llk/tt_llk_blackhole/common/inc -I/home/mvasiljevic/tt-metal/tt_metal/tt-llk/tt_llk_blackhole/llk_lib -I/home/mvasiljevic/tt-metal/tt_metal/hw/firmware/src/tt-1xx -I/home/mvasiljevic/tt-metal/ttnn/cpp/ttnn/operations/normalization/layernorm/device/kernels/dataflow -c -o /home/mvasiljevic/.cache/tt-metal-cache/12569132917722018041/kernels/reader_mcast_sender_unary_sharded_ln/9870370108351534584/brisc/brisck.3749600202458196004.o /home/mvasiljevic/tt-metal/tt_metal/hw/firmware/src/tt-1xx/brisck.cc -MF /home/mvasiljevic/.cache/tt-metal-cache/12569132917722018041/kernels/reader_mcast_sender_unary_sharded_ln/9870370108351534584/brisc/brisck.3749600202458196004.d -DIS_NOT_POW2_NUM_L1_BANKS=1 -DLOG_BASE_2_OF_NUM_DRAM_BANKS=3 -DNUM_DRAM_BANKS=8 -DNUM_L1_BANKS=110 -DPCIE_NOC_X=19 -DPCIE_NOC_Y=24 -DTENSIX_FIRMWARE -DLOCAL_MEM_EN=0 -DPROFILE_KERNEL=1 -DPROFILER_FULL_HOST_BUFFER_SIZE_PER_RISC=48000 -DPROCESSOR_INDEX=0 -DCOMPILE_FOR_BRISC -DARCH_BLACKHOLE -DDISPATCH_MESSAGE_ADDR=4290184248 -DKERNEL_BUILD -DFULL_KERNEL_NAME="\"reader_mcast_sender_unary_sharded_ln/9870370108351534584/\"" -DFUSE_GAMMA='1' -DNOC_INDEX='0' -DNOC_MODE='0' -DKERNEL_COMPILE_TIME_ARGS=1,0,8,1,2048,1,1,2048,1,2048,1,8,1,0,8,0,2,1,0 -DKERNEL_COMPILE_TIME_ARG_MAP="{\"cb_ex2pe\",20}, {\"cb_ex_global\",15}, {\"cb_ex2\",12}, {\"cb_ex_partial2\",11}, {\"cb_ex_external\",10}, {\"cb_ex_external2\",13}, {\"cb_ex\",9}, {\"cb_ex_partial\",8}, " 
In file included from /home/mvasiljevic/tt-metal/tt_metal/hw/inc/api/dataflow/dataflow_api.h:27,
                 from /home/mvasiljevic/tt-metal/tt_metal/hw/inc/internal/firmware_common.h:24,
                 from /home/mvasiljevic/tt-metal/tt_metal/hw/firmware/src/tt-1xx/brisck.cc:17:
/home/mvasiljevic/tt-metal/tt_metal/tools/profiler/kernel_profiler.hpp: In function 'void kernel_profiler::quick_push()':
/home/mvasiljevic/tt-metal/tt_metal/tools/profiler/kernel_profiler.hpp:25:22: note: '#pragma message: PROFILER-NOC-QUICK-PUSH,/home/mvasiljevic/tt-metal/tt_metal/tools/profiler/kernel_profiler.hpp,395,KERNEL_PROFILER'
   25 | #define DO_PRAGMA(x) _Pragma(#x)
      |                      ^~~~~~~
/home/mvasiljevic/tt-metal/tt_metal/tools/profiler/kernel_profiler.hpp:35:5: note: in expansion of macro 'DO_PRAGMA'
   35 |     DO_PRAGMA(message(PROFILER_MSG_NAME(name))); \
      |     ^~~~~~~~~
/home/mvasiljevic/tt-metal/tt_metal/tools/profiler/kernel_profiler.hpp:395:5: note: in expansion of macro 'SrcLocNameToHash'
  395 |     SrcLocNameToHash("PROFILER-NOC-QUICK-PUSH");
      |     ^~~~~~~~~~~~~~~~
/home/mvasiljevic/tt-metal/tt_metal/hw/firmware/src/tt-1xx/brisck.cc: In function 'uint32_t _start()':
/home/mvasiljevic/tt-metal/tt_metal/tools/profiler/kernel_profiler.hpp:25:22: note: '#pragma message: BRISC-KERNEL,/home/mvasiljevic/tt-metal/tt_metal/hw/firmware/src/tt-1xx/brisck.cc,77,KERNEL_PROFILER'
   25 | #define DO_PRAGMA(x) _Pragma(#x)
      |                      ^~~~~~~
/home/mvasiljevic/tt-metal/tt_metal/tools/profiler/kernel_profiler.hpp:702:5: note: in expansion of macro 'DO_PRAGMA'
  702 |     DO_PRAGMA(message(PROFILER_MSG_NAME(name)));                               \
      |     ^~~~~~~~~
/home/mvasiljevic/tt-metal/tt_metal/hw/firmware/src/tt-1xx/brisck.cc:77:9: note: in expansion of macro 'DeviceZoneScopedMainChildN'
   77 |         DeviceZoneScopedMainChildN("BRISC-KERNEL");
      |         ^~~~~~~~~~~~~~~~~~~~~~~~~~
Building trisc0, compile step:
cd /home/mvasiljevic/.cache/tt-metal-cache/12569132917722018041/kernels/layernorm_sharded/14235547235734605154/trisc0/ && /home/mvasiljevic/tt-metal/runtime/sfpi/compiler/bin/riscv-tt-elf-g++ -O3 -std=c++17 -ftt-nttp -ftt-constinit -ftt-consteval -ftt-no-dyninit -flto=auto -ffast-math -fno-exceptions -fno-rtti -fno-use-cxa-atexit -g -MMD -Wall -Werror -Wno-error=deprecated-declarations -Wno-error=multistatement-macros -Wno-error=parentheses -Wno-error=unused-but-set-variable -Wno-unused-variable -Wno-unused-function -mcpu=tt-bh-tensix -I. -I.. -I/home/mvasiljevic/tt-metal/ -I/home/mvasiljevic/tt-metal/ttnn -I/home/mvasiljevic/tt-metal/ttnn/cpp -I/home/mvasiljevic/tt-metal/tt_metal -I/home/mvasiljevic/tt-metal/tt_metal/hw/inc -I/home/mvasiljevic/tt-metal/tt_metal/tt-llk/common -I/home/mvasiljevic/tt-metal/tt_metal/hostdevcommon/api -I/home/mvasiljevic/tt-metal/tt_metal/api/ -I/home/mvasiljevic/tt-metal/runtime/sfpi/include -I/home/mvasiljevic/tt-metal/tt_metal/hw/ckernels/blackhole/metal/common -I/home/mvasiljevic/tt-metal/tt_metal/hw/ckernels/blackhole/metal/llk_io -I/home/mvasiljevic/tt-metal/tt_metal/hw/inc/internal/tt-1xx -I/home/mvasiljevic/tt-metal/tt_metal/hw/inc/internal/tt-1xx/blackhole -I/home/mvasiljevic/tt-metal/tt_metal/hw/inc/internal/tt-1xx/blackhole/blackhole_defines -I/home/mvasiljevic/tt-metal/tt_metal/hw/inc/internal/tt-1xx/blackhole/noc -I/home/mvasiljevic/tt-metal/tt_metal/tt-llk/tt_llk_blackhole/common/inc -I/home/mvasiljevic/tt-metal/tt_metal/tt-llk/tt_llk_blackhole/llk_lib -I/home/mvasiljevic/tt-metal/tt_metal/hw/ckernels/blackhole/metal/llk_api -I/home/mvasiljevic/tt-metal/tt_metal/hw/ckernels/blackhole/metal/llk_api/llk_sfpu -I/home/mvasiljevic/tt-metal/tt_metal/hw/firmware/src/tt-1xx -I/home/mvasiljevic/tt-metal/ttnn/cpp/ttnn/operations/normalization/layernorm/device/kernels/compute -c -o /home/mvasiljevic/.cache/tt-metal-cache/12569132917722018041/kernels/layernorm_sharded/14235547235734605154/trisc0/trisck.3749600202458196004.o /home/mvasiljevic/tt-metal/tt_metal/hw/firmware/src/tt-1xx/trisck.cc -MF /home/mvasiljevic/.cache/tt-metal-cache/12569132917722018041/kernels/layernorm_sharded/14235547235734605154/trisc0/trisck.3749600202458196004.d -DIS_NOT_POW2_NUM_L1_BANKS=1 -DLOG_BASE_2_OF_NUM_DRAM_BANKS=3 -DNUM_DRAM_BANKS=8 -DNUM_L1_BANKS=110 -DPCIE_NOC_X=19 -DPCIE_NOC_Y=24 -DTENSIX_FIRMWARE -DLOCAL_MEM_EN=0 -DPROFILE_KERNEL=1 -DPROFILER_FULL_HOST_BUFFER_SIZE_PER_RISC=48000 -DPROCESSOR_INDEX=2 -DUCK_CHLKC_UNPACK -DCOMPILE_FOR_TRISC=0 -DARCH_BLACKHOLE -DDISPATCH_MESSAGE_ADDR=4290184248 -DKERNEL_BUILD -DFULL_KERNEL_NAME="\"layernorm_sharded/14235547235734605154/\"" -DKERNEL_COMPILE_TIME_ARGS=0,1,0,8,1,12,1,12,0,12,0,0,0,0 -DKERNEL_COMPILE_TIME_ARG_MAP="{\"welford_fp32_alias\",0}, {\"cb_x_welford\",29}, {\"cb_x\",24}, {\"cb_xmm\",18}, {\"cb_out\",16}, {\"cb_ex_global\",15}, {\"cb_scaler\",2}, {\"cb_in0\",0}, {\"cb_eps\",3}, {\"cb_ex_external\",10}, {\"cb_scaler_global\",4}, {\"cb_in1\",1}, {\"cb_gamma\",5}, {\"cb_beta\",6}, {\"cb_ex_partial\",8}, {\"cb_ex\",9}, {\"cb_ex_external2\",13}, {\"cb_ex2pe\",20}, {\"cb_ex_partial2\",11}, {\"cb_ex2\",12}, " 
In file included from /home/mvasiljevic/tt-metal/tt_metal/hw/ckernels/blackhole/metal/llk_io/llk_io_unpack.h:13,
                 from /home/mvasiljevic/tt-metal/tt_metal/hw/inc/api/compute/cb_api.h:15,
                 from /home/mvasiljevic/tt-metal/tt_metal/hw/inc/api/compute/common.h:11,
                 from /home/mvasiljevic/tt-metal/tt_metal/hw/inc/api/compute/reduce.h:7,
                 from /home/mvasiljevic/tt-metal/ttnn/cpp/ttnn/operations/normalization/layernorm/device/kernels/compute/layernorm_sharded.cpp:8,
                 from ../chlkc_unpack.cpp:3,
                 from /home/mvasiljevic/tt-metal/tt_metal/hw/ckernels/blackhole/metal/common/chlkc_list.h:26,
                 from /home/mvasiljevic/tt-metal/tt_metal/hw/firmware/src/tt-1xx/trisck.cc:13:
/home/mvasiljevic/tt-metal/tt_metal/hw/ckernels/blackhole/metal/llk_io/llk_io_unpack.h: In function 'void llk_wait_tiles(int, int32_t)':
/home/mvasiljevic/tt-metal/tt_metal/tools/profiler/kernel_profiler.hpp:25:22: note: '#pragma message: CB-COMPUTE-WAIT-FRONT,/home/mvasiljevic/tt-metal/tt_metal/hw/ckernels/blackhole/metal/llk_io/llk_io_unpack.h,19,KERNEL_PROFILER'
   25 | #define DO_PRAGMA(x) _Pragma(#x)
      |                      ^~~~~~~
/home/mvasiljevic/tt-metal/tt_metal/tools/profiler/kernel_profiler.hpp:707:5: note: in expansion of macro 'DO_PRAGMA'
  707 |     DO_PRAGMA(message(PROFILER_MSG_NAME(name)));                               \
      |     ^~~~~~~~~
/home/mvasiljevic/tt-metal/tt_metal/hw/ckernels/blackhole/metal/llk_io/llk_io_unpack.h:19:5: note: in expansion of macro 'DeviceZoneScopedSumN1'
   19 |     DeviceZoneScopedSumN1("CB-COMPUTE-WAIT-FRONT");
      |     ^~~~~~~~~~~~~~~~~~~~~
/home/mvasiljevic/tt-metal/tt_metal/hw/firmware/src/tt-1xx/trisck.cc: In function 'uint32_t _start()':
/home/mvasiljevic/tt-metal/tt_metal/tools/profiler/kernel_profiler.hpp:25:22: note: '#pragma message: TRISC-KERNEL,/home/mvasiljevic/tt-metal/tt_metal/hw/firmware/src/tt-1xx/trisck.cc,86,KERNEL_PROFILER'
   25 | #define DO_PRAGMA(x) _Pragma(#x)
      |                      ^~~~~~~
/home/mvasiljevic/tt-metal/tt_metal/tools/profiler/kernel_profiler.hpp:702:5: note: in expansion of macro 'DO_PRAGMA'
  702 |     DO_PRAGMA(message(PROFILER_MSG_NAME(name)));                               \
      |     ^~~~~~~~~
/home/mvasiljevic/tt-metal/tt_metal/hw/firmware/src/tt-1xx/trisck.cc:86:5: note: in expansion of macro 'DeviceZoneScopedMainChildN'
   86 |     DeviceZoneScopedMainChildN("TRISC-KERNEL");
      |     ^~~~~~~~~~~~~~~~~~~~~~~~~~
Building trisc0, compile step:
cd /home/mvasiljevic/.cache/tt-metal-cache/12569132917722018041/kernels/layernorm_sharded/9541335000002452327/trisc0/ && /home/mvasiljevic/tt-metal/runtime/sfpi/compiler/bin/riscv-tt-elf-g++ -O3 -std=c++17 -ftt-nttp -ftt-constinit -ftt-consteval -ftt-no-dyninit -flto=auto -ffast-math -fno-exceptions -fno-rtti -fno-use-cxa-atexit -g -MMD -Wall -Werror -Wno-error=deprecated-declarations -Wno-error=multistatement-macros -Wno-error=parentheses -Wno-error=unused-but-set-variable -Wno-unused-variable -Wno-unused-function -mcpu=tt-bh-tensix -I. -I.. -I/home/mvasiljevic/tt-metal/ -I/home/mvasiljevic/tt-metal/ttnn -I/home/mvasiljevic/tt-metal/ttnn/cpp -I/home/mvasiljevic/tt-metal/tt_metal -I/home/mvasiljevic/tt-metal/tt_metal/hw/inc -I/home/mvasiljevic/tt-metal/tt_metal/tt-llk/common -I/home/mvasiljevic/tt-metal/tt_metal/hostdevcommon/api -I/home/mvasiljevic/tt-metal/tt_metal/api/ -I/home/mvasiljevic/tt-metal/runtime/sfpi/include -I/home/mvasiljevic/tt-metal/tt_metal/hw/ckernels/blackhole/metal/common -I/home/mvasiljevic/tt-metal/tt_metal/hw/ckernels/blackhole/metal/llk_io -I/home/mvasiljevic/tt-metal/tt_metal/hw/inc/internal/tt-1xx -I/home/mvasiljevic/tt-metal/tt_metal/hw/inc/internal/tt-1xx/blackhole -I/home/mvasiljevic/tt-metal/tt_metal/hw/inc/internal/tt-1xx/blackhole/blackhole_defines -I/home/mvasiljevic/tt-metal/tt_metal/hw/inc/internal/tt-1xx/blackhole/noc -I/home/mvasiljevic/tt-metal/tt_metal/tt-llk/tt_llk_blackhole/common/inc -I/home/mvasiljevic/tt-metal/tt_metal/tt-llk/tt_llk_blackhole/llk_lib -I/home/mvasiljevic/tt-metal/tt_metal/hw/ckernels/blackhole/metal/llk_api -I/home/mvasiljevic/tt-metal/tt_metal/hw/ckernels/blackhole/metal/llk_api/llk_sfpu -I/home/mvasiljevic/tt-metal/tt_metal/hw/firmware/src/tt-1xx -I/home/mvasiljevic/tt-metal/ttnn/cpp/ttnn/operations/normalization/layernorm/device/kernels/compute -c -o /home/mvasiljevic/.cache/tt-metal-cache/12569132917722018041/kernels/layernorm_sharded/9541335000002452327/trisc0/trisck.3749600202458196004.o /home/mvasiljevic/tt-metal/tt_metal/hw/firmware/src/tt-1xx/trisck.cc -MF /home/mvasiljevic/.cache/tt-metal-cache/12569132917722018041/kernels/layernorm_sharded/9541335000002452327/trisc0/trisck.3749600202458196004.d -DIS_NOT_POW2_NUM_L1_BANKS=1 -DLOG_BASE_2_OF_NUM_DRAM_BANKS=3 -DNUM_DRAM_BANKS=8 -DNUM_L1_BANKS=110 -DPCIE_NOC_X=19 -DPCIE_NOC_Y=24 -DTENSIX_FIRMWARE -DLOCAL_MEM_EN=0 -DPROFILE_KERNEL=1 -DPROFILER_FULL_HOST_BUFFER_SIZE_PER_RISC=48000 -DPROCESSOR_INDEX=2 -DUCK_CHLKC_UNPACK -DCOMPILE_FOR_TRISC=0 -DARCH_BLACKHOLE -DDISPATCH_MESSAGE_ADDR=4290184248 -DKERNEL_BUILD -DFULL_KERNEL_NAME="\"layernorm_sharded/9541335000002452327/\"" -DKERNEL_COMPILE_TIME_ARGS=0,1,0,8,1,12,1,12,1,12,0,0,0,0 -DKERNEL_COMPILE_TIME_ARG_MAP="{\"welford_fp32_alias\",0}, {\"cb_x_welford\",29}, {\"cb_x\",24}, {\"cb_xmm\",18}, {\"cb_out\",16}, {\"cb_ex_global\",15}, {\"cb_scaler\",2}, {\"cb_in0\",0}, {\"cb_eps\",3}, {\"cb_ex_external\",10}, {\"cb_scaler_global\",4}, {\"cb_in1\",1}, {\"cb_gamma\",5}, {\"cb_beta\",6}, {\"cb_ex_partial\",8}, {\"cb_ex\",9}, {\"cb_ex_external2\",13}, {\"cb_ex2pe\",20}, {\"cb_ex_partial2\",11}, {\"cb_ex2\",12}, " 
In file included from /home/mvasiljevic/tt-metal/tt_metal/hw/ckernels/blackhole/metal/llk_io/llk_io_unpack.h:13,
                 from /home/mvasiljevic/tt-metal/tt_metal/hw/inc/api/compute/cb_api.h:15,
                 from /home/mvasiljevic/tt-metal/tt_metal/hw/inc/api/compute/common.h:11,
                 from /home/mvasiljevic/tt-metal/tt_metal/hw/inc/api/compute/reduce.h:7,
                 from /home/mvasiljevic/tt-metal/ttnn/cpp/ttnn/operations/normalization/layernorm/device/kernels/compute/layernorm_sharded.cpp:8,
                 from ../chlkc_unpack.cpp:3,
                 from /home/mvasiljevic/tt-metal/tt_metal/hw/ckernels/blackhole/metal/common/chlkc_list.h:26,
                 from /home/mvasiljevic/tt-metal/tt_metal/hw/firmware/src/tt-1xx/trisck.cc:13:
/home/mvasiljevic/tt-metal/tt_metal/hw/ckernels/blackhole/metal/llk_io/llk_io_unpack.h: In function 'void llk_wait_tiles(int, int32_t)':
/home/mvasiljevic/tt-metal/tt_metal/tools/profiler/kernel_profiler.hpp:25:22: note: '#pragma message: CB-COMPUTE-WAIT-FRONT,/home/mvasiljevic/tt-metal/tt_metal/hw/ckernels/blackhole/metal/llk_io/llk_io_unpack.h,19,KERNEL_PROFILER'
   25 | #define DO_PRAGMA(x) _Pragma(#x)
      |                      ^~~~~~~
/home/mvasiljevic/tt-metal/tt_metal/tools/profiler/kernel_profiler.hpp:707:5: note: in expansion of macro 'DO_PRAGMA'
  707 |     DO_PRAGMA(message(PROFILER_MSG_NAME(name)));                               \
      |     ^~~~~~~~~
/home/mvasiljevic/tt-metal/tt_metal/hw/ckernels/blackhole/metal/llk_io/llk_io_unpack.h:19:5: note: in expansion of macro 'DeviceZoneScopedSumN1'
   19 |     DeviceZoneScopedSumN1("CB-COMPUTE-WAIT-FRONT");
      |     ^~~~~~~~~~~~~~~~~~~~~
/home/mvasiljevic/tt-metal/tt_metal/hw/firmware/src/tt-1xx/trisck.cc: In function 'uint32_t _start()':
/home/mvasiljevic/tt-metal/tt_metal/tools/profiler/kernel_profiler.hpp:25:22: note: '#pragma message: TRISC-KERNEL,/home/mvasiljevic/tt-metal/tt_metal/hw/firmware/src/tt-1xx/trisck.cc,86,KERNEL_PROFILER'
   25 | #define DO_PRAGMA(x) _Pragma(#x)
      |                      ^~~~~~~
/home/mvasiljevic/tt-metal/tt_metal/tools/profiler/kernel_profiler.hpp:702:5: note: in expansion of macro 'DO_PRAGMA'
  702 |     DO_PRAGMA(message(PROFILER_MSG_NAME(name)));                               \
      |     ^~~~~~~~~
/home/mvasiljevic/tt-metal/tt_metal/hw/firmware/src/tt-1xx/trisck.cc:86:5: note: in expansion of macro 'DeviceZoneScopedMainChildN'
   86 |     DeviceZoneScopedMainChildN("TRISC-KERNEL");
      |     ^~~~~~~~~~~~~~~~~~~~~~~~~~
Building brisc, compile step:
cd /home/mvasiljevic/.cache/tt-metal-cache/12569132917722018041/kernels/reader_mcast_receiver_unary_sharded_ln/1085987217757743080/brisc/ && /home/mvasiljevic/tt-metal/runtime/sfpi/compiler/bin/riscv-tt-elf-g++ -O2 -std=c++17 -ftt-nttp -ftt-constinit -ftt-consteval -ftt-no-dyninit -flto=auto -ffast-math -fno-exceptions -fno-rtti -fno-use-cxa-atexit -g -MMD -Wall -Werror -Wno-error=deprecated-declarations -Wno-error=multistatement-macros -Wno-error=parentheses -Wno-error=unused-but-set-variable -Wno-unused-variable -Wno-unused-function -mcpu=tt-bh -fno-tree-loop-distribute-patterns -I. -I.. -I/home/mvasiljevic/tt-metal/ -I/home/mvasiljevic/tt-metal/ttnn -I/home/mvasiljevic/tt-metal/ttnn/cpp -I/home/mvasiljevic/tt-metal/tt_metal -I/home/mvasiljevic/tt-metal/tt_metal/hw/inc -I/home/mvasiljevic/tt-metal/tt_metal/tt-llk/common -I/home/mvasiljevic/tt-metal/tt_metal/hostdevcommon/api -I/home/mvasiljevic/tt-metal/tt_metal/api/ -I/home/mvasiljevic/tt-metal/tt_metal/hw/ckernels/blackhole/metal/common -I/home/mvasiljevic/tt-metal/tt_metal/hw/ckernels/blackhole/metal/llk_io -I/home/mvasiljevic/tt-metal/tt_metal/hw/inc/internal/tt-1xx -I/home/mvasiljevic/tt-metal/tt_metal/hw/inc/internal/tt-1xx/blackhole -I/home/mvasiljevic/tt-metal/tt_metal/hw/inc/internal/tt-1xx/blackhole/blackhole_defines -I/home/mvasiljevic/tt-metal/tt_metal/hw/inc/internal/tt-1xx/blackhole/noc -I/home/mvasiljevic/tt-metal/tt_metal/tt-llk/tt_llk_blackhole/common/inc -I/home/mvasiljevic/tt-metal/tt_metal/tt-llk/tt_llk_blackhole/llk_lib -I/home/mvasiljevic/tt-metal/tt_metal/hw/firmware/src/tt-1xx -I/home/mvasiljevic/tt-metal/ttnn/cpp/ttnn/operations/normalization/layernorm/device/kernels/dataflow -c -o /home/mvasiljevic/.cache/tt-metal-cache/12569132917722018041/kernels/reader_mcast_receiver_unary_sharded_ln/1085987217757743080/brisc/brisck.3749600202458196004.o /home/mvasiljevic/tt-metal/tt_metal/hw/firmware/src/tt-1xx/brisck.cc -MF /home/mvasiljevic/.cache/tt-metal-cache/12569132917722018041/kernels/reader_mcast_receiver_unary_sharded_ln/1085987217757743080/brisc/brisck.3749600202458196004.d -DIS_NOT_POW2_NUM_L1_BANKS=1 -DLOG_BASE_2_OF_NUM_DRAM_BANKS=3 -DNUM_DRAM_BANKS=8 -DNUM_L1_BANKS=110 -DPCIE_NOC_X=19 -DPCIE_NOC_Y=24 -DTENSIX_FIRMWARE -DLOCAL_MEM_EN=0 -DPROFILE_KERNEL=1 -DPROFILER_FULL_HOST_BUFFER_SIZE_PER_RISC=48000 -DPROCESSOR_INDEX=0 -DCOMPILE_FOR_BRISC -DARCH_BLACKHOLE -DDISPATCH_MESSAGE_ADDR=4290184248 -DKERNEL_BUILD -DFULL_KERNEL_NAME="\"reader_mcast_receiver_unary_sharded_ln/1085987217757743080/\"" -DFUSE_GAMMA='1' -DNOC_INDEX='0' -DNOC_MODE='0' -DKERNEL_COMPILE_TIME_ARGS=1,0,8,1,0,1,1,1,1,1,1,0,0,0,2,1,0 -DKERNEL_COMPILE_TIME_ARG_MAP="{\"cb_ex2pe\",20}, {\"cb_ex_global\",15}, {\"cb_ex2\",12}, {\"cb_ex_partial2\",11}, {\"cb_ex_external\",10}, {\"cb_ex_external2\",13}, {\"cb_ex\",9}, {\"cb_ex_partial\",8}, " 
In file included from /home/mvasiljevic/tt-metal/tt_metal/hw/inc/api/dataflow/dataflow_api.h:27,
                 from /home/mvasiljevic/tt-metal/tt_metal/hw/inc/internal/firmware_common.h:24,
                 from /home/mvasiljevic/tt-metal/tt_metal/hw/firmware/src/tt-1xx/brisck.cc:17:
/home/mvasiljevic/tt-metal/tt_metal/tools/profiler/kernel_profiler.hpp: In function 'void kernel_profiler::quick_push()':
/home/mvasiljevic/tt-metal/tt_metal/tools/profiler/kernel_profiler.hpp:25:22: note: '#pragma message: PROFILER-NOC-QUICK-PUSH,/home/mvasiljevic/tt-metal/tt_metal/tools/profiler/kernel_profiler.hpp,395,KERNEL_PROFILER'
   25 | #define DO_PRAGMA(x) _Pragma(#x)
      |                      ^~~~~~~
/home/mvasiljevic/tt-metal/tt_metal/tools/profiler/kernel_profiler.hpp:35:5: note: in expansion of macro 'DO_PRAGMA'
   35 |     DO_PRAGMA(message(PROFILER_MSG_NAME(name))); \
      |     ^~~~~~~~~
/home/mvasiljevic/tt-metal/tt_metal/tools/profiler/kernel_profiler.hpp:395:5: note: in expansion of macro 'SrcLocNameToHash'
  395 |     SrcLocNameToHash("PROFILER-NOC-QUICK-PUSH");
      |     ^~~~~~~~~~~~~~~~
/home/mvasiljevic/tt-metal/tt_metal/hw/firmware/src/tt-1xx/brisck.cc: In function 'uint32_t _start()':
/home/mvasiljevic/tt-metal/tt_metal/tools/profiler/kernel_profiler.hpp:25:22: note: '#pragma message: BRISC-KERNEL,/home/mvasiljevic/tt-metal/tt_metal/hw/firmware/src/tt-1xx/brisck.cc,77,KERNEL_PROFILER'
   25 | #define DO_PRAGMA(x) _Pragma(#x)
      |                      ^~~~~~~
/home/mvasiljevic/tt-metal/tt_metal/tools/profiler/kernel_profiler.hpp:702:5: note: in expansion of macro 'DO_PRAGMA'
  702 |     DO_PRAGMA(message(PROFILER_MSG_NAME(name)));                               \
      |     ^~~~~~~~~
/home/mvasiljevic/tt-metal/tt_metal/hw/firmware/src/tt-1xx/brisck.cc:77:9: note: in expansion of macro 'DeviceZoneScopedMainChildN'
   77 |         DeviceZoneScopedMainChildN("BRISC-KERNEL");
      |         ^~~~~~~~~~~~~~~~~~~~~~~~~~
Building ncrisc, compile step:
cd /home/mvasiljevic/.cache/tt-metal-cache/12569132917722018041/kernels/writer_unary_sharded_ln_rm_gb/12107625117698272734/ncrisc/ && /home/mvasiljevic/tt-metal/runtime/sfpi/compiler/bin/riscv-tt-elf-g++ -O2 -std=c++17 -ftt-nttp -ftt-constinit -ftt-consteval -ftt-no-dyninit -flto=auto -ffast-math -fno-exceptions -fno-rtti -fno-use-cxa-atexit -g -MMD -Wall -Werror -Wno-error=deprecated-declarations -Wno-error=multistatement-macros -Wno-error=parentheses -Wno-error=unused-but-set-variable -Wno-unused-variable -Wno-unused-function -mcpu=tt-bh -fno-tree-loop-distribute-patterns -I. -I.. -I/home/mvasiljevic/tt-metal/ -I/home/mvasiljevic/tt-metal/ttnn -I/home/mvasiljevic/tt-metal/ttnn/cpp -I/home/mvasiljevic/tt-metal/tt_metal -I/home/mvasiljevic/tt-metal/tt_metal/hw/inc -I/home/mvasiljevic/tt-metal/tt_metal/tt-llk/common -I/home/mvasiljevic/tt-metal/tt_metal/hostdevcommon/api -I/home/mvasiljevic/tt-metal/tt_metal/api/ -I/home/mvasiljevic/tt-metal/tt_metal/hw/ckernels/blackhole/metal/common -I/home/mvasiljevic/tt-metal/tt_metal/hw/ckernels/blackhole/metal/llk_io -I/home/mvasiljevic/tt-metal/tt_metal/hw/inc/internal/tt-1xx -I/home/mvasiljevic/tt-metal/tt_metal/hw/inc/internal/tt-1xx/blackhole -I/home/mvasiljevic/tt-metal/tt_metal/hw/inc/internal/tt-1xx/blackhole/blackhole_defines -I/home/mvasiljevic/tt-metal/tt_metal/hw/inc/internal/tt-1xx/blackhole/noc -I/home/mvasiljevic/tt-metal/tt_metal/tt-llk/tt_llk_blackhole/common/inc -I/home/mvasiljevic/tt-metal/tt_metal/tt-llk/tt_llk_blackhole/llk_lib -I/home/mvasiljevic/tt-metal/tt_metal/hw/firmware/src/tt-1xx -I/home/mvasiljevic/tt-metal/ttnn/cpp/ttnn/operations/normalization/layernorm/device/kernels/dataflow -c -o /home/mvasiljevic/.cache/tt-metal-cache/12569132917722018041/kernels/writer_unary_sharded_ln_rm_gb/12107625117698272734/ncrisc/ncrisck.3749600202458196004.o /home/mvasiljevic/tt-metal/tt_metal/hw/firmware/src/tt-1xx/ncrisck.cc -MF /home/mvasiljevic/.cache/tt-metal-cache/12569132917722018041/kernels/writer_unary_sharded_ln_rm_gb/12107625117698272734/ncrisc/ncrisck.3749600202458196004.d -DIS_NOT_POW2_NUM_L1_BANKS=1 -DLOG_BASE_2_OF_NUM_DRAM_BANKS=3 -DNUM_DRAM_BANKS=8 -DNUM_L1_BANKS=110 -DPCIE_NOC_X=19 -DPCIE_NOC_Y=24 -DTENSIX_FIRMWARE -DLOCAL_MEM_EN=0 -DPROFILE_KERNEL=1 -DPROFILER_FULL_HOST_BUFFER_SIZE_PER_RISC=48000 -DPROCESSOR_INDEX=1 -DCOMPILE_FOR_NCRISC -DARCH_BLACKHOLE -DDISPATCH_MESSAGE_ADDR=4290184248 -DKERNEL_BUILD -DFULL_KERNEL_NAME="\"writer_unary_sharded_ln_rm_gb/12107625117698272734/\"" -DRMSNORM='1' -DSKIP_WRITE_BACK='1' -DNOC_INDEX='1' -DNOC_MODE='0' -DKERNEL_COMPILE_TIME_ARGS=0,1,0,12,0,2,64,0,0,64,0,0,24576,24576,1,0 -DKERNEL_COMPILE_TIME_ARG_MAP="{\"cb_in_4\",4}, {\"cb_eps\",3}, {\"cb_in_2\",2}, {\"cb_out_resharded\",17}, {\"cb_out\",16}, {\"cb_beta\",6}, {\"cb_gamma\",5}, " 
In file included from /home/mvasiljevic/tt-metal/tt_metal/hw/inc/api/dataflow/dataflow_api.h:27,
                 from /home/mvasiljevic/tt-metal/tt_metal/hw/inc/internal/firmware_common.h:24,
                 from /home/mvasiljevic/tt-metal/tt_metal/hw/firmware/src/tt-1xx/ncrisck.cc:17:
/home/mvasiljevic/tt-metal/tt_metal/tools/profiler/kernel_profiler.hpp: In function 'void kernel_profiler::quick_push()':
/home/mvasiljevic/tt-metal/tt_metal/tools/profiler/kernel_profiler.hpp:25:22: note: '#pragma message: PROFILER-NOC-QUICK-PUSH,/home/mvasiljevic/tt-metal/tt_metal/tools/profiler/kernel_profiler.hpp,395,KERNEL_PROFILER'
   25 | #define DO_PRAGMA(x) _Pragma(#x)
      |                      ^~~~~~~
/home/mvasiljevic/tt-metal/tt_metal/tools/profiler/kernel_profiler.hpp:35:5: note: in expansion of macro 'DO_PRAGMA'
   35 |     DO_PRAGMA(message(PROFILER_MSG_NAME(name))); \
      |     ^~~~~~~~~
/home/mvasiljevic/tt-metal/tt_metal/tools/profiler/kernel_profiler.hpp:395:5: note: in expansion of macro 'SrcLocNameToHash'
  395 |     SrcLocNameToHash("PROFILER-NOC-QUICK-PUSH");
      |     ^~~~~~~~~~~~~~~~
/home/mvasiljevic/tt-metal/tt_metal/hw/firmware/src/tt-1xx/ncrisck.cc: In function 'uint32_t _start()':
/home/mvasiljevic/tt-metal/tt_metal/tools/profiler/kernel_profiler.hpp:25:22: note: '#pragma message: NCRISC-KERNEL,/home/mvasiljevic/tt-metal/tt_metal/hw/firmware/src/tt-1xx/ncrisck.cc,69,KERNEL_PROFILER'
   25 | #define DO_PRAGMA(x) _Pragma(#x)
      |                      ^~~~~~~
/home/mvasiljevic/tt-metal/tt_metal/tools/profiler/kernel_profiler.hpp:702:5: note: in expansion of macro 'DO_PRAGMA'
  702 |     DO_PRAGMA(message(PROFILER_MSG_NAME(name)));                               \
      |     ^~~~~~~~~
/home/mvasiljevic/tt-metal/tt_metal/hw/firmware/src/tt-1xx/ncrisck.cc:69:5: note: in expansion of macro 'DeviceZoneScopedMainChildN'
   69 |     DeviceZoneScopedMainChildN("NCRISC-KERNEL");
      |     ^~~~~~~~~~~~~~~~~~~~~~~~~~
Building ncrisc, compile step:
cd /home/mvasiljevic/.cache/tt-metal-cache/12569132917722018041/kernels/writer_unary_sharded_ln_rm_gb/6703400485384366726/ncrisc/ && /home/mvasiljevic/tt-metal/runtime/sfpi/compiler/bin/riscv-tt-elf-g++ -O2 -std=c++17 -ftt-nttp -ftt-constinit -ftt-consteval -ftt-no-dyninit -flto=auto -ffast-math -fno-exceptions -fno-rtti -fno-use-cxa-atexit -g -MMD -Wall -Werror -Wno-error=deprecated-declarations -Wno-error=multistatement-macros -Wno-error=parentheses -Wno-error=unused-but-set-variable -Wno-unused-variable -Wno-unused-function -mcpu=tt-bh -fno-tree-loop-distribute-patterns -I. -I.. -I/home/mvasiljevic/tt-metal/ -I/home/mvasiljevic/tt-metal/ttnn -I/home/mvasiljevic/tt-metal/ttnn/cpp -I/home/mvasiljevic/tt-metal/tt_metal -I/home/mvasiljevic/tt-metal/tt_metal/hw/inc -I/home/mvasiljevic/tt-metal/tt_metal/tt-llk/common -I/home/mvasiljevic/tt-metal/tt_metal/hostdevcommon/api -I/home/mvasiljevic/tt-metal/tt_metal/api/ -I/home/mvasiljevic/tt-metal/tt_metal/hw/ckernels/blackhole/metal/common -I/home/mvasiljevic/tt-metal/tt_metal/hw/ckernels/blackhole/metal/llk_io -I/home/mvasiljevic/tt-metal/tt_metal/hw/inc/internal/tt-1xx -I/home/mvasiljevic/tt-metal/tt_metal/hw/inc/internal/tt-1xx/blackhole -I/home/mvasiljevic/tt-metal/tt_metal/hw/inc/internal/tt-1xx/blackhole/blackhole_defines -I/home/mvasiljevic/tt-metal/tt_metal/hw/inc/internal/tt-1xx/blackhole/noc -I/home/mvasiljevic/tt-metal/tt_metal/tt-llk/tt_llk_blackhole/common/inc -I/home/mvasiljevic/tt-metal/tt_metal/tt-llk/tt_llk_blackhole/llk_lib -I/home/mvasiljevic/tt-metal/tt_metal/hw/firmware/src/tt-1xx -I/home/mvasiljevic/tt-metal/ttnn/cpp/ttnn/operations/normalization/layernorm/device/kernels/dataflow -c -o /home/mvasiljevic/.cache/tt-metal-cache/12569132917722018041/kernels/writer_unary_sharded_ln_rm_gb/6703400485384366726/ncrisc/ncrisck.3749600202458196004.o /home/mvasiljevic/tt-metal/tt_metal/hw/firmware/src/tt-1xx/ncrisck.cc -MF /home/mvasiljevic/.cache/tt-metal-cache/12569132917722018041/kernels/writer_unary_sharded_ln_rm_gb/6703400485384366726/ncrisc/ncrisck.3749600202458196004.d -DIS_NOT_POW2_NUM_L1_BANKS=1 -DLOG_BASE_2_OF_NUM_DRAM_BANKS=3 -DNUM_DRAM_BANKS=8 -DNUM_L1_BANKS=110 -DPCIE_NOC_X=19 -DPCIE_NOC_Y=24 -DTENSIX_FIRMWARE -DLOCAL_MEM_EN=0 -DPROFILE_KERNEL=1 -DPROFILER_FULL_HOST_BUFFER_SIZE_PER_RISC=48000 -DPROCESSOR_INDEX=1 -DCOMPILE_FOR_NCRISC -DARCH_BLACKHOLE -DDISPATCH_MESSAGE_ADDR=4290184248 -DKERNEL_BUILD -DFULL_KERNEL_NAME="\"writer_unary_sharded_ln_rm_gb/6703400485384366726/\"" -DRMSNORM='1' -DSKIP_WRITE_BACK='1' -DNOC_INDEX='1' -DNOC_MODE='0' -DKERNEL_COMPILE_TIME_ARGS=1,1,0,12,0,2,64,0,0,64,0,0,24576,24576,1 -DKERNEL_COMPILE_TIME_ARG_MAP="{\"cb_in_4\",4}, {\"cb_eps\",3}, {\"cb_in_2\",2}, {\"cb_out_resharded\",17}, {\"cb_out\",16}, {\"cb_beta\",6}, {\"cb_gamma\",5}, " 
In file included from /home/mvasiljevic/tt-metal/tt_metal/hw/inc/api/dataflow/dataflow_api.h:27,
                 from /home/mvasiljevic/tt-metal/tt_metal/hw/inc/internal/firmware_common.h:24,
                 from /home/mvasiljevic/tt-metal/tt_metal/hw/firmware/src/tt-1xx/ncrisck.cc:17:
/home/mvasiljevic/tt-metal/tt_metal/tools/profiler/kernel_profiler.hpp: In function 'void kernel_profiler::quick_push()':
/home/mvasiljevic/tt-metal/tt_metal/tools/profiler/kernel_profiler.hpp:25:22: note: '#pragma message: PROFILER-NOC-QUICK-PUSH,/home/mvasiljevic/tt-metal/tt_metal/tools/profiler/kernel_profiler.hpp,395,KERNEL_PROFILER'
   25 | #define DO_PRAGMA(x) _Pragma(#x)
      |                      ^~~~~~~
/home/mvasiljevic/tt-metal/tt_metal/tools/profiler/kernel_profiler.hpp:35:5: note: in expansion of macro 'DO_PRAGMA'
   35 |     DO_PRAGMA(message(PROFILER_MSG_NAME(name))); \
      |     ^~~~~~~~~
/home/mvasiljevic/tt-metal/tt_metal/tools/profiler/kernel_profiler.hpp:395:5: note: in expansion of macro 'SrcLocNameToHash'
  395 |     SrcLocNameToHash("PROFILER-NOC-QUICK-PUSH");
      |     ^~~~~~~~~~~~~~~~
/home/mvasiljevic/tt-metal/tt_metal/hw/firmware/src/tt-1xx/ncrisck.cc: In function 'uint32_t _start()':
/home/mvasiljevic/tt-metal/tt_metal/tools/profiler/kernel_profiler.hpp:25:22: note: '#pragma message: NCRISC-KERNEL,/home/mvasiljevic/tt-metal/tt_metal/hw/firmware/src/tt-1xx/ncrisck.cc,69,KERNEL_PROFILER'
   25 | #define DO_PRAGMA(x) _Pragma(#x)
      |                      ^~~~~~~
/home/mvasiljevic/tt-metal/tt_metal/tools/profiler/kernel_profiler.hpp:702:5: note: in expansion of macro 'DO_PRAGMA'
  702 |     DO_PRAGMA(message(PROFILER_MSG_NAME(name)));                               \
      |     ^~~~~~~~~
/home/mvasiljevic/tt-metal/tt_metal/hw/firmware/src/tt-1xx/ncrisck.cc:69:5: note: in expansion of macro 'DeviceZoneScopedMainChildN'
   69 |     DeviceZoneScopedMainChildN("NCRISC-KERNEL");
      |     ^~~~~~~~~~~~~~~~~~~~~~~~~~
Building trisc2, compile step:
cd /home/mvasiljevic/.cache/tt-metal-cache/12569132917722018041/kernels/layernorm_sharded/9541335000002452327/trisc2/ && /home/mvasiljevic/tt-metal/runtime/sfpi/compiler/bin/riscv-tt-elf-g++ -O3 -std=c++17 -ftt-nttp -ftt-constinit -ftt-consteval -ftt-no-dyninit -flto=auto -ffast-math -fno-exceptions -fno-rtti -fno-use-cxa-atexit -g -MMD -Wall -Werror -Wno-error=deprecated-declarations -Wno-error=multistatement-macros -Wno-error=parentheses -Wno-error=unused-but-set-variable -Wno-unused-variable -Wno-unused-function -mcpu=tt-bh-tensix -I. -I.. -I/home/mvasiljevic/tt-metal/ -I/home/mvasiljevic/tt-metal/ttnn -I/home/mvasiljevic/tt-metal/ttnn/cpp -I/home/mvasiljevic/tt-metal/tt_metal -I/home/mvasiljevic/tt-metal/tt_metal/hw/inc -I/home/mvasiljevic/tt-metal/tt_metal/tt-llk/common -I/home/mvasiljevic/tt-metal/tt_metal/hostdevcommon/api -I/home/mvasiljevic/tt-metal/tt_metal/api/ -I/home/mvasiljevic/tt-metal/runtime/sfpi/include -I/home/mvasiljevic/tt-metal/tt_metal/hw/ckernels/blackhole/metal/common -I/home/mvasiljevic/tt-metal/tt_metal/hw/ckernels/blackhole/metal/llk_io -I/home/mvasiljevic/tt-metal/tt_metal/hw/inc/internal/tt-1xx -I/home/mvasiljevic/tt-metal/tt_metal/hw/inc/internal/tt-1xx/blackhole -I/home/mvasiljevic/tt-metal/tt_metal/hw/inc/internal/tt-1xx/blackhole/blackhole_defines -I/home/mvasiljevic/tt-metal/tt_metal/hw/inc/internal/tt-1xx/blackhole/noc -I/home/mvasiljevic/tt-metal/tt_metal/tt-llk/tt_llk_blackhole/common/inc -I/home/mvasiljevic/tt-metal/tt_metal/tt-llk/tt_llk_blackhole/llk_lib -I/home/mvasiljevic/tt-metal/tt_metal/hw/ckernels/blackhole/metal/llk_api -I/home/mvasiljevic/tt-metal/tt_metal/hw/ckernels/blackhole/metal/llk_api/llk_sfpu -I/home/mvasiljevic/tt-metal/tt_metal/hw/firmware/src/tt-1xx -I/home/mvasiljevic/tt-metal/ttnn/cpp/ttnn/operations/normalization/layernorm/device/kernels/compute -c -o /home/mvasiljevic/.cache/tt-metal-cache/12569132917722018041/kernels/layernorm_sharded/9541335000002452327/trisc2/trisck.3749600202458196004.o /home/mvasiljevic/tt-metal/tt_metal/hw/firmware/src/tt-1xx/trisck.cc -MF /home/mvasiljevic/.cache/tt-metal-cache/12569132917722018041/kernels/layernorm_sharded/9541335000002452327/trisc2/trisck.3749600202458196004.d -DIS_NOT_POW2_NUM_L1_BANKS=1 -DLOG_BASE_2_OF_NUM_DRAM_BANKS=3 -DNUM_DRAM_BANKS=8 -DNUM_L1_BANKS=110 -DPCIE_NOC_X=19 -DPCIE_NOC_Y=24 -DTENSIX_FIRMWARE -DLOCAL_MEM_EN=0 -DPROFILE_KERNEL=1 -DPROFILER_FULL_HOST_BUFFER_SIZE_PER_RISC=48000 -DPROCESSOR_INDEX=4 -DUCK_CHLKC_PACK -DCOMPILE_FOR_TRISC=2 -DARCH_BLACKHOLE -DDISPATCH_MESSAGE_ADDR=4290184248 -DKERNEL_BUILD -DFULL_KERNEL_NAME="\"layernorm_sharded/9541335000002452327/\"" -DKERNEL_COMPILE_TIME_ARGS=0,1,0,8,1,12,1,12,1,12,0,0,0,0 -DKERNEL_COMPILE_TIME_ARG_MAP="{\"welford_fp32_alias\",0}, {\"cb_x_welford\",29}, {\"cb_x\",24}, {\"cb_xmm\",18}, {\"cb_out\",16}, {\"cb_ex_global\",15}, {\"cb_scaler\",2}, {\"cb_in0\",0}, {\"cb_eps\",3}, {\"cb_ex_external\",10}, {\"cb_scaler_global\",4}, {\"cb_in1\",1}, {\"cb_gamma\",5}, {\"cb_beta\",6}, {\"cb_ex_partial\",8}, {\"cb_ex\",9}, {\"cb_ex_external2\",13}, {\"cb_ex2pe\",20}, {\"cb_ex_partial2\",11}, {\"cb_ex2\",12}, " 
In file included from /home/mvasiljevic/tt-metal/tt_metal/hw/ckernels/blackhole/metal/llk_io/llk_io_pack.h:14,
                 from /home/mvasiljevic/tt-metal/tt_metal/hw/inc/api/compute/cb_api.h:12,
                 from /home/mvasiljevic/tt-metal/tt_metal/hw/inc/api/compute/common.h:11,
                 from /home/mvasiljevic/tt-metal/tt_metal/hw/inc/api/compute/reduce.h:7,
                 from /home/mvasiljevic/tt-metal/ttnn/cpp/ttnn/operations/normalization/layernorm/device/kernels/compute/layernorm_sharded.cpp:8,
                 from ../chlkc_pack.cpp:3,
                 from /home/mvasiljevic/tt-metal/tt_metal/hw/ckernels/blackhole/metal/common/chlkc_list.h:21,
                 from /home/mvasiljevic/tt-metal/tt_metal/hw/firmware/src/tt-1xx/trisck.cc:13:
/home/mvasiljevic/tt-metal/tt_metal/hw/ckernels/blackhole/metal/llk_io/llk_io_pack.h: In function 'void llk_wait_for_free_tiles(int32_t, int32_t)':
/home/mvasiljevic/tt-metal/tt_metal/tools/profiler/kernel_profiler.hpp:25:22: note: '#pragma message: CB-COMPUTE-RESERVE-BACK,/home/mvasiljevic/tt-metal/tt_metal/hw/ckernels/blackhole/metal/llk_io/llk_io_pack.h,21,KERNEL_PROFILER'
   25 | #define DO_PRAGMA(x) _Pragma(#x)
      |                      ^~~~~~~
/home/mvasiljevic/tt-metal/tt_metal/tools/profiler/kernel_profiler.hpp:712:5: note: in expansion of macro 'DO_PRAGMA'
  712 |     DO_PRAGMA(message(PROFILER_MSG_NAME(name)));                               \
      |     ^~~~~~~~~
/home/mvasiljevic/tt-metal/tt_metal/hw/ckernels/blackhole/metal/llk_io/llk_io_pack.h:21:5: note: in expansion of macro 'DeviceZoneScopedSumN2'
   21 |     DeviceZoneScopedSumN2("CB-COMPUTE-RESERVE-BACK");
      |     ^~~~~~~~~~~~~~~~~~~~~
/home/mvasiljevic/tt-metal/tt_metal/hw/firmware/src/tt-1xx/trisck.cc: In function 'uint32_t _start()':
/home/mvasiljevic/tt-metal/tt_metal/tools/profiler/kernel_profiler.hpp:25:22: note: '#pragma message: TRISC-KERNEL,/home/mvasiljevic/tt-metal/tt_metal/hw/firmware/src/tt-1xx/trisck.cc,86,KERNEL_PROFILER'
   25 | #define DO_PRAGMA(x) _Pragma(#x)
      |                      ^~~~~~~
/home/mvasiljevic/tt-metal/tt_metal/tools/profiler/kernel_profiler.hpp:702:5: note: in expansion of macro 'DO_PRAGMA'
  702 |     DO_PRAGMA(message(PROFILER_MSG_NAME(name)));                               \
      |     ^~~~~~~~~
/home/mvasiljevic/tt-metal/tt_metal/hw/firmware/src/tt-1xx/trisck.cc:86:5: note: in expansion of macro 'DeviceZoneScopedMainChildN'
   86 |     DeviceZoneScopedMainChildN("TRISC-KERNEL");
      |     ^~~~~~~~~~~~~~~~~~~~~~~~~~
Building trisc1, compile step:
cd /home/mvasiljevic/.cache/tt-metal-cache/12569132917722018041/kernels/layernorm_sharded/9541335000002452327/trisc1/ && /home/mvasiljevic/tt-metal/runtime/sfpi/compiler/bin/riscv-tt-elf-g++ -O3 -std=c++17 -ftt-nttp -ftt-constinit -ftt-consteval -ftt-no-dyninit -flto=auto -ffast-math -fno-exceptions -fno-rtti -fno-use-cxa-atexit -g -MMD -Wall -Werror -Wno-error=deprecated-declarations -Wno-error=multistatement-macros -Wno-error=parentheses -Wno-error=unused-but-set-variable -Wno-unused-variable -Wno-unused-function -mcpu=tt-bh-tensix -I. -I.. -I/home/mvasiljevic/tt-metal/ -I/home/mvasiljevic/tt-metal/ttnn -I/home/mvasiljevic/tt-metal/ttnn/cpp -I/home/mvasiljevic/tt-metal/tt_metal -I/home/mvasiljevic/tt-metal/tt_metal/hw/inc -I/home/mvasiljevic/tt-metal/tt_metal/tt-llk/common -I/home/mvasiljevic/tt-metal/tt_metal/hostdevcommon/api -I/home/mvasiljevic/tt-metal/tt_metal/api/ -I/home/mvasiljevic/tt-metal/runtime/sfpi/include -I/home/mvasiljevic/tt-metal/tt_metal/hw/ckernels/blackhole/metal/common -I/home/mvasiljevic/tt-metal/tt_metal/hw/ckernels/blackhole/metal/llk_io -I/home/mvasiljevic/tt-metal/tt_metal/hw/inc/internal/tt-1xx -I/home/mvasiljevic/tt-metal/tt_metal/hw/inc/internal/tt-1xx/blackhole -I/home/mvasiljevic/tt-metal/tt_metal/hw/inc/internal/tt-1xx/blackhole/blackhole_defines -I/home/mvasiljevic/tt-metal/tt_metal/hw/inc/internal/tt-1xx/blackhole/noc -I/home/mvasiljevic/tt-metal/tt_metal/tt-llk/tt_llk_blackhole/common/inc -I/home/mvasiljevic/tt-metal/tt_metal/tt-llk/tt_llk_blackhole/llk_lib -I/home/mvasiljevic/tt-metal/tt_metal/hw/ckernels/blackhole/metal/llk_api -I/home/mvasiljevic/tt-metal/tt_metal/hw/ckernels/blackhole/metal/llk_api/llk_sfpu -I/home/mvasiljevic/tt-metal/tt_metal/hw/firmware/src/tt-1xx -I/home/mvasiljevic/tt-metal/ttnn/cpp/ttnn/operations/normalization/layernorm/device/kernels/compute -c -o /home/mvasiljevic/.cache/tt-metal-cache/12569132917722018041/kernels/layernorm_sharded/9541335000002452327/trisc1/trisck.3749600202458196004.o /home/mvasiljevic/tt-metal/tt_metal/hw/firmware/src/tt-1xx/trisck.cc -MF /home/mvasiljevic/.cache/tt-metal-cache/12569132917722018041/kernels/layernorm_sharded/9541335000002452327/trisc1/trisck.3749600202458196004.d -DIS_NOT_POW2_NUM_L1_BANKS=1 -DLOG_BASE_2_OF_NUM_DRAM_BANKS=3 -DNUM_DRAM_BANKS=8 -DNUM_L1_BANKS=110 -DPCIE_NOC_X=19 -DPCIE_NOC_Y=24 -DTENSIX_FIRMWARE -DLOCAL_MEM_EN=0 -DPROFILE_KERNEL=1 -DPROFILER_FULL_HOST_BUFFER_SIZE_PER_RISC=48000 -DPROCESSOR_INDEX=3 -DUCK_CHLKC_MATH -DCOMPILE_FOR_TRISC=1 -DARCH_BLACKHOLE -DDISPATCH_MESSAGE_ADDR=4290184248 -DKERNEL_BUILD -DFULL_KERNEL_NAME="\"layernorm_sharded/9541335000002452327/\"" -DKERNEL_COMPILE_TIME_ARGS=0,1,0,8,1,12,1,12,1,12,0,0,0,0 -DKERNEL_COMPILE_TIME_ARG_MAP="{\"welford_fp32_alias\",0}, {\"cb_x_welford\",29}, {\"cb_x\",24}, {\"cb_xmm\",18}, {\"cb_out\",16}, {\"cb_ex_global\",15}, {\"cb_scaler\",2}, {\"cb_in0\",0}, {\"cb_eps\",3}, {\"cb_ex_external\",10}, {\"cb_scaler_global\",4}, {\"cb_in1\",1}, {\"cb_gamma\",5}, {\"cb_beta\",6}, {\"cb_ex_partial\",8}, {\"cb_ex\",9}, {\"cb_ex_external2\",13}, {\"cb_ex2pe\",20}, {\"cb_ex_partial2\",11}, {\"cb_ex2\",12}, " 
In file included from /home/mvasiljevic/tt-metal/tt_metal/hw/firmware/src/tt-1xx/trisck.cc:15:
/home/mvasiljevic/tt-metal/tt_metal/hw/firmware/src/tt-1xx/trisck.cc: In function 'uint32_t _start()':
/home/mvasiljevic/tt-metal/tt_metal/tools/profiler/kernel_profiler.hpp:25:22: note: '#pragma message: TRISC-KERNEL,/home/mvasiljevic/tt-metal/tt_metal/hw/firmware/src/tt-1xx/trisck.cc,86,KERNEL_PROFILER'
   25 | #define DO_PRAGMA(x) _Pragma(#x)
      |                      ^~~~~~~
/home/mvasiljevic/tt-metal/tt_metal/tools/profiler/kernel_profiler.hpp:702:5: note: in expansion of macro 'DO_PRAGMA'
  702 |     DO_PRAGMA(message(PROFILER_MSG_NAME(name)));                               \
      |     ^~~~~~~~~
/home/mvasiljevic/tt-metal/tt_metal/hw/firmware/src/tt-1xx/trisck.cc:86:5: note: in expansion of macro 'DeviceZoneScopedMainChildN'
   86 |     DeviceZoneScopedMainChildN("TRISC-KERNEL");
      |     ^~~~~~~~~~~~~~~~~~~~~~~~~~
Building trisc2, compile step:
cd /home/mvasiljevic/.cache/tt-metal-cache/12569132917722018041/kernels/layernorm_sharded/14235547235734605154/trisc2/ && /home/mvasiljevic/tt-metal/runtime/sfpi/compiler/bin/riscv-tt-elf-g++ -O3 -std=c++17 -ftt-nttp -ftt-constinit -ftt-consteval -ftt-no-dyninit -flto=auto -ffast-math -fno-exceptions -fno-rtti -fno-use-cxa-atexit -g -MMD -Wall -Werror -Wno-error=deprecated-declarations -Wno-error=multistatement-macros -Wno-error=parentheses -Wno-error=unused-but-set-variable -Wno-unused-variable -Wno-unused-function -mcpu=tt-bh-tensix -I. -I.. -I/home/mvasiljevic/tt-metal/ -I/home/mvasiljevic/tt-metal/ttnn -I/home/mvasiljevic/tt-metal/ttnn/cpp -I/home/mvasiljevic/tt-metal/tt_metal -I/home/mvasiljevic/tt-metal/tt_metal/hw/inc -I/home/mvasiljevic/tt-metal/tt_metal/tt-llk/common -I/home/mvasiljevic/tt-metal/tt_metal/hostdevcommon/api -I/home/mvasiljevic/tt-metal/tt_metal/api/ -I/home/mvasiljevic/tt-metal/runtime/sfpi/include -I/home/mvasiljevic/tt-metal/tt_metal/hw/ckernels/blackhole/metal/common -I/home/mvasiljevic/tt-metal/tt_metal/hw/ckernels/blackhole/metal/llk_io -I/home/mvasiljevic/tt-metal/tt_metal/hw/inc/internal/tt-1xx -I/home/mvasiljevic/tt-metal/tt_metal/hw/inc/internal/tt-1xx/blackhole -I/home/mvasiljevic/tt-metal/tt_metal/hw/inc/internal/tt-1xx/blackhole/blackhole_defines -I/home/mvasiljevic/tt-metal/tt_metal/hw/inc/internal/tt-1xx/blackhole/noc -I/home/mvasiljevic/tt-metal/tt_metal/tt-llk/tt_llk_blackhole/common/inc -I/home/mvasiljevic/tt-metal/tt_metal/tt-llk/tt_llk_blackhole/llk_lib -I/home/mvasiljevic/tt-metal/tt_metal/hw/ckernels/blackhole/metal/llk_api -I/home/mvasiljevic/tt-metal/tt_metal/hw/ckernels/blackhole/metal/llk_api/llk_sfpu -I/home/mvasiljevic/tt-metal/tt_metal/hw/firmware/src/tt-1xx -I/home/mvasiljevic/tt-metal/ttnn/cpp/ttnn/operations/normalization/layernorm/device/kernels/compute -c -o /home/mvasiljevic/.cache/tt-metal-cache/12569132917722018041/kernels/layernorm_sharded/14235547235734605154/trisc2/trisck.3749600202458196004.o /home/mvasiljevic/tt-metal/tt_metal/hw/firmware/src/tt-1xx/trisck.cc -MF /home/mvasiljevic/.cache/tt-metal-cache/12569132917722018041/kernels/layernorm_sharded/14235547235734605154/trisc2/trisck.3749600202458196004.d -DIS_NOT_POW2_NUM_L1_BANKS=1 -DLOG_BASE_2_OF_NUM_DRAM_BANKS=3 -DNUM_DRAM_BANKS=8 -DNUM_L1_BANKS=110 -DPCIE_NOC_X=19 -DPCIE_NOC_Y=24 -DTENSIX_FIRMWARE -DLOCAL_MEM_EN=0 -DPROFILE_KERNEL=1 -DPROFILER_FULL_HOST_BUFFER_SIZE_PER_RISC=48000 -DPROCESSOR_INDEX=4 -DUCK_CHLKC_PACK -DCOMPILE_FOR_TRISC=2 -DARCH_BLACKHOLE -DDISPATCH_MESSAGE_ADDR=4290184248 -DKERNEL_BUILD -DFULL_KERNEL_NAME="\"layernorm_sharded/14235547235734605154/\"" -DKERNEL_COMPILE_TIME_ARGS=0,1,0,8,1,12,1,12,0,12,0,0,0,0 -DKERNEL_COMPILE_TIME_ARG_MAP="{\"welford_fp32_alias\",0}, {\"cb_x_welford\",29}, {\"cb_x\",24}, {\"cb_xmm\",18}, {\"cb_out\",16}, {\"cb_ex_global\",15}, {\"cb_scaler\",2}, {\"cb_in0\",0}, {\"cb_eps\",3}, {\"cb_ex_external\",10}, {\"cb_scaler_global\",4}, {\"cb_in1\",1}, {\"cb_gamma\",5}, {\"cb_beta\",6}, {\"cb_ex_partial\",8}, {\"cb_ex\",9}, {\"cb_ex_external2\",13}, {\"cb_ex2pe\",20}, {\"cb_ex_partial2\",11}, {\"cb_ex2\",12}, " 
In file included from /home/mvasiljevic/tt-metal/tt_metal/hw/ckernels/blackhole/metal/llk_io/llk_io_pack.h:14,
                 from /home/mvasiljevic/tt-metal/tt_metal/hw/inc/api/compute/cb_api.h:12,
                 from /home/mvasiljevic/tt-metal/tt_metal/hw/inc/api/compute/common.h:11,
                 from /home/mvasiljevic/tt-metal/tt_metal/hw/inc/api/compute/reduce.h:7,
                 from /home/mvasiljevic/tt-metal/ttnn/cpp/ttnn/operations/normalization/layernorm/device/kernels/compute/layernorm_sharded.cpp:8,
                 from ../chlkc_pack.cpp:3,
                 from /home/mvasiljevic/tt-metal/tt_metal/hw/ckernels/blackhole/metal/common/chlkc_list.h:21,
                 from /home/mvasiljevic/tt-metal/tt_metal/hw/firmware/src/tt-1xx/trisck.cc:13:
/home/mvasiljevic/tt-metal/tt_metal/hw/ckernels/blackhole/metal/llk_io/llk_io_pack.h: In function 'void llk_wait_for_free_tiles(int32_t, int32_t)':
/home/mvasiljevic/tt-metal/tt_metal/tools/profiler/kernel_profiler.hpp:25:22: note: '#pragma message: CB-COMPUTE-RESERVE-BACK,/home/mvasiljevic/tt-metal/tt_metal/hw/ckernels/blackhole/metal/llk_io/llk_io_pack.h,21,KERNEL_PROFILER'
   25 | #define DO_PRAGMA(x) _Pragma(#x)
      |                      ^~~~~~~
/home/mvasiljevic/tt-metal/tt_metal/tools/profiler/kernel_profiler.hpp:712:5: note: in expansion of macro 'DO_PRAGMA'
  712 |     DO_PRAGMA(message(PROFILER_MSG_NAME(name)));                               \
      |     ^~~~~~~~~
/home/mvasiljevic/tt-metal/tt_metal/hw/ckernels/blackhole/metal/llk_io/llk_io_pack.h:21:5: note: in expansion of macro 'DeviceZoneScopedSumN2'
   21 |     DeviceZoneScopedSumN2("CB-COMPUTE-RESERVE-BACK");
      |     ^~~~~~~~~~~~~~~~~~~~~
/home/mvasiljevic/tt-metal/tt_metal/hw/firmware/src/tt-1xx/trisck.cc: In function 'uint32_t _start()':
/home/mvasiljevic/tt-metal/tt_metal/tools/profiler/kernel_profiler.hpp:25:22: note: '#pragma message: TRISC-KERNEL,/home/mvasiljevic/tt-metal/tt_metal/hw/firmware/src/tt-1xx/trisck.cc,86,KERNEL_PROFILER'
   25 | #define DO_PRAGMA(x) _Pragma(#x)
      |                      ^~~~~~~
/home/mvasiljevic/tt-metal/tt_metal/tools/profiler/kernel_profiler.hpp:702:5: note: in expansion of macro 'DO_PRAGMA'
  702 |     DO_PRAGMA(message(PROFILER_MSG_NAME(name)));                               \
      |     ^~~~~~~~~
/home/mvasiljevic/tt-metal/tt_metal/hw/firmware/src/tt-1xx/trisck.cc:86:5: note: in expansion of macro 'DeviceZoneScopedMainChildN'
   86 |     DeviceZoneScopedMainChildN("TRISC-KERNEL");
      |     ^~~~~~~~~~~~~~~~~~~~~~~~~~
Building trisc1, compile step:
cd /home/mvasiljevic/.cache/tt-metal-cache/12569132917722018041/kernels/layernorm_sharded/14235547235734605154/trisc1/ && /home/mvasiljevic/tt-metal/runtime/sfpi/compiler/bin/riscv-tt-elf-g++ -O3 -std=c++17 -ftt-nttp -ftt-constinit -ftt-consteval -ftt-no-dyninit -flto=auto -ffast-math -fno-exceptions -fno-rtti -fno-use-cxa-atexit -g -MMD -Wall -Werror -Wno-error=deprecated-declarations -Wno-error=multistatement-macros -Wno-error=parentheses -Wno-error=unused-but-set-variable -Wno-unused-variable -Wno-unused-function -mcpu=tt-bh-tensix -I. -I.. -I/home/mvasiljevic/tt-metal/ -I/home/mvasiljevic/tt-metal/ttnn -I/home/mvasiljevic/tt-metal/ttnn/cpp -I/home/mvasiljevic/tt-metal/tt_metal -I/home/mvasiljevic/tt-metal/tt_metal/hw/inc -I/home/mvasiljevic/tt-metal/tt_metal/tt-llk/common -I/home/mvasiljevic/tt-metal/tt_metal/hostdevcommon/api -I/home/mvasiljevic/tt-metal/tt_metal/api/ -I/home/mvasiljevic/tt-metal/runtime/sfpi/include -I/home/mvasiljevic/tt-metal/tt_metal/hw/ckernels/blackhole/metal/common -I/home/mvasiljevic/tt-metal/tt_metal/hw/ckernels/blackhole/metal/llk_io -I/home/mvasiljevic/tt-metal/tt_metal/hw/inc/internal/tt-1xx -I/home/mvasiljevic/tt-metal/tt_metal/hw/inc/internal/tt-1xx/blackhole -I/home/mvasiljevic/tt-metal/tt_metal/hw/inc/internal/tt-1xx/blackhole/blackhole_defines -I/home/mvasiljevic/tt-metal/tt_metal/hw/inc/internal/tt-1xx/blackhole/noc -I/home/mvasiljevic/tt-metal/tt_metal/tt-llk/tt_llk_blackhole/common/inc -I/home/mvasiljevic/tt-metal/tt_metal/tt-llk/tt_llk_blackhole/llk_lib -I/home/mvasiljevic/tt-metal/tt_metal/hw/ckernels/blackhole/metal/llk_api -I/home/mvasiljevic/tt-metal/tt_metal/hw/ckernels/blackhole/metal/llk_api/llk_sfpu -I/home/mvasiljevic/tt-metal/tt_metal/hw/firmware/src/tt-1xx -I/home/mvasiljevic/tt-metal/ttnn/cpp/ttnn/operations/normalization/layernorm/device/kernels/compute -c -o /home/mvasiljevic/.cache/tt-metal-cache/12569132917722018041/kernels/layernorm_sharded/14235547235734605154/trisc1/trisck.3749600202458196004.o /home/mvasiljevic/tt-metal/tt_metal/hw/firmware/src/tt-1xx/trisck.cc -MF /home/mvasiljevic/.cache/tt-metal-cache/12569132917722018041/kernels/layernorm_sharded/14235547235734605154/trisc1/trisck.3749600202458196004.d -DIS_NOT_POW2_NUM_L1_BANKS=1 -DLOG_BASE_2_OF_NUM_DRAM_BANKS=3 -DNUM_DRAM_BANKS=8 -DNUM_L1_BANKS=110 -DPCIE_NOC_X=19 -DPCIE_NOC_Y=24 -DTENSIX_FIRMWARE -DLOCAL_MEM_EN=0 -DPROFILE_KERNEL=1 -DPROFILER_FULL_HOST_BUFFER_SIZE_PER_RISC=48000 -DPROCESSOR_INDEX=3 -DUCK_CHLKC_MATH -DCOMPILE_FOR_TRISC=1 -DARCH_BLACKHOLE -DDISPATCH_MESSAGE_ADDR=4290184248 -DKERNEL_BUILD -DFULL_KERNEL_NAME="\"layernorm_sharded/14235547235734605154/\"" -DKERNEL_COMPILE_TIME_ARGS=0,1,0,8,1,12,1,12,0,12,0,0,0,0 -DKERNEL_COMPILE_TIME_ARG_MAP="{\"welford_fp32_alias\",0}, {\"cb_x_welford\",29}, {\"cb_x\",24}, {\"cb_xmm\",18}, {\"cb_out\",16}, {\"cb_ex_global\",15}, {\"cb_scaler\",2}, {\"cb_in0\",0}, {\"cb_eps\",3}, {\"cb_ex_external\",10}, {\"cb_scaler_global\",4}, {\"cb_in1\",1}, {\"cb_gamma\",5}, {\"cb_beta\",6}, {\"cb_ex_partial\",8}, {\"cb_ex\",9}, {\"cb_ex_external2\",13}, {\"cb_ex2pe\",20}, {\"cb_ex_partial2\",11}, {\"cb_ex2\",12}, " 
In file included from /home/mvasiljevic/tt-metal/tt_metal/hw/firmware/src/tt-1xx/trisck.cc:15:
/home/mvasiljevic/tt-metal/tt_metal/hw/firmware/src/tt-1xx/trisck.cc: In function 'uint32_t _start()':
/home/mvasiljevic/tt-metal/tt_metal/tools/profiler/kernel_profiler.hpp:25:22: note: '#pragma message: TRISC-KERNEL,/home/mvasiljevic/tt-metal/tt_metal/hw/firmware/src/tt-1xx/trisck.cc,86,KERNEL_PROFILER'
   25 | #define DO_PRAGMA(x) _Pragma(#x)
      |                      ^~~~~~~
/home/mvasiljevic/tt-metal/tt_metal/tools/profiler/kernel_profiler.hpp:702:5: note: in expansion of macro 'DO_PRAGMA'
  702 |     DO_PRAGMA(message(PROFILER_MSG_NAME(name)));                               \
      |     ^~~~~~~~~
/home/mvasiljevic/tt-metal/tt_metal/hw/firmware/src/tt-1xx/trisck.cc:86:5: note: in expansion of macro 'DeviceZoneScopedMainChildN'
   86 |     DeviceZoneScopedMainChildN("TRISC-KERNEL");
      |     ^~~~~~~~~~~~~~~~~~~~~~~~~~
Building brisc, compile step:
cd /home/mvasiljevic/.cache/tt-metal-cache/12569132917722018041/kernels/reader_bmm_tile_layout_in1_sender_dram_sharded/1255640480809447538/brisc/ && /home/mvasiljevic/tt-metal/runtime/sfpi/compiler/bin/riscv-tt-elf-g++ -O2 -std=c++17 -ftt-nttp -ftt-constinit -ftt-consteval -ftt-no-dyninit -flto=auto -ffast-math -fno-exceptions -fno-rtti -fno-use-cxa-atexit -g -MMD -Wall -Werror -Wno-error=deprecated-declarations -Wno-error=multistatement-macros -Wno-error=parentheses -Wno-error=unused-but-set-variable -Wno-unused-variable -Wno-unused-function -mcpu=tt-bh -fno-tree-loop-distribute-patterns -I. -I.. -I/home/mvasiljevic/tt-metal/ -I/home/mvasiljevic/tt-metal/ttnn -I/home/mvasiljevic/tt-metal/ttnn/cpp -I/home/mvasiljevic/tt-metal/tt_metal -I/home/mvasiljevic/tt-metal/tt_metal/hw/inc -I/home/mvasiljevic/tt-metal/tt_metal/tt-llk/common -I/home/mvasiljevic/tt-metal/tt_metal/hostdevcommon/api -I/home/mvasiljevic/tt-metal/tt_metal/api/ -I/home/mvasiljevic/tt-metal/tt_metal/hw/ckernels/blackhole/metal/common -I/home/mvasiljevic/tt-metal/tt_metal/hw/ckernels/blackhole/metal/llk_io -I/home/mvasiljevic/tt-metal/tt_metal/hw/inc/internal/tt-1xx -I/home/mvasiljevic/tt-metal/tt_metal/hw/inc/internal/tt-1xx/blackhole -I/home/mvasiljevic/tt-metal/tt_metal/hw/inc/internal/tt-1xx/blackhole/blackhole_defines -I/home/mvasiljevic/tt-metal/tt_metal/hw/inc/internal/tt-1xx/blackhole/noc -I/home/mvasiljevic/tt-metal/tt_metal/tt-llk/tt_llk_blackhole/common/inc -I/home/mvasiljevic/tt-metal/tt_metal/tt-llk/tt_llk_blackhole/llk_lib -I/home/mvasiljevic/tt-metal/tt_metal/hw/firmware/src/tt-1xx -I/home/mvasiljevic/tt-metal/ttnn/cpp/ttnn/operations/matmul/device/kernels/dataflow -c -o /home/mvasiljevic/.cache/tt-metal-cache/12569132917722018041/kernels/reader_bmm_tile_layout_in1_sender_dram_sharded/1255640480809447538/brisc/brisck.3749600202458196004.o /home/mvasiljevic/tt-metal/tt_metal/hw/firmware/src/tt-1xx/brisck.cc -MF /home/mvasiljevic/.cache/tt-metal-cache/12569132917722018041/kernels/reader_bmm_tile_layout_in1_sender_dram_sharded/1255640480809447538/brisc/brisck.3749600202458196004.d -DIS_NOT_POW2_NUM_L1_BANKS=1 -DLOG_BASE_2_OF_NUM_DRAM_BANKS=3 -DNUM_DRAM_BANKS=8 -DNUM_L1_BANKS=110 -DPCIE_NOC_X=19 -DPCIE_NOC_Y=24 -DTENSIX_FIRMWARE -DLOCAL_MEM_EN=0 -DPROFILE_KERNEL=1 -DPROFILER_FULL_HOST_BUFFER_SIZE_PER_RISC=48000 -DPROCESSOR_INDEX=0 -DCOMPILE_FOR_BRISC -DARCH_BLACKHOLE -DDISPATCH_MESSAGE_ADDR=4290184248 -DKERNEL_BUILD -DFULL_KERNEL_NAME="\"reader_bmm_tile_layout_in1_sender_dram_sharded/1255640480809447538/\"" -DOUT_SHARDED='1' -DSKIP_MCAST='1' -DNOC_INDEX='0' -DNOC_MODE='0' -DKERNEL_COMPILE_TIME_ARGS=9216,16,64,256,24,64,131072,131072,1 -DKERNEL_COMPILE_TIME_ARG_MAP="{\"cb_out_reshard\",6}, {\"cb_out\",4}, {\"cb_bias\",3}, {\"cb_in1\",1}, " 
In file included from /home/mvasiljevic/tt-metal/tt_metal/hw/inc/api/dataflow/dataflow_api.h:27,
                 from /home/mvasiljevic/tt-metal/tt_metal/hw/inc/internal/firmware_common.h:24,
                 from /home/mvasiljevic/tt-metal/tt_metal/hw/firmware/src/tt-1xx/brisck.cc:17:
/home/mvasiljevic/tt-metal/tt_metal/tools/profiler/kernel_profiler.hpp: In function 'void kernel_profiler::quick_push()':
/home/mvasiljevic/tt-metal/tt_metal/tools/profiler/kernel_profiler.hpp:25:22: note: '#pragma message: PROFILER-NOC-QUICK-PUSH,/home/mvasiljevic/tt-metal/tt_metal/tools/profiler/kernel_profiler.hpp,395,KERNEL_PROFILER'
   25 | #define DO_PRAGMA(x) _Pragma(#x)
      |                      ^~~~~~~
/home/mvasiljevic/tt-metal/tt_metal/tools/profiler/kernel_profiler.hpp:35:5: note: in expansion of macro 'DO_PRAGMA'
   35 |     DO_PRAGMA(message(PROFILER_MSG_NAME(name))); \
      |     ^~~~~~~~~
/home/mvasiljevic/tt-metal/tt_metal/tools/profiler/kernel_profiler.hpp:395:5: note: in expansion of macro 'SrcLocNameToHash'
  395 |     SrcLocNameToHash("PROFILER-NOC-QUICK-PUSH");
      |     ^~~~~~~~~~~~~~~~
/home/mvasiljevic/tt-metal/tt_metal/hw/firmware/src/tt-1xx/brisck.cc: In function 'uint32_t _start()':
/home/mvasiljevic/tt-metal/tt_metal/tools/profiler/kernel_profiler.hpp:25:22: note: '#pragma message: BRISC-KERNEL,/home/mvasiljevic/tt-metal/tt_metal/hw/firmware/src/tt-1xx/brisck.cc,77,KERNEL_PROFILER'
   25 | #define DO_PRAGMA(x) _Pragma(#x)
      |                      ^~~~~~~
/home/mvasiljevic/tt-metal/tt_metal/tools/profiler/kernel_profiler.hpp:702:5: note: in expansion of macro 'DO_PRAGMA'
  702 |     DO_PRAGMA(message(PROFILER_MSG_NAME(name)));                               \
      |     ^~~~~~~~~
/home/mvasiljevic/tt-metal/tt_metal/hw/firmware/src/tt-1xx/brisck.cc:77:9: note: in expansion of macro 'DeviceZoneScopedMainChildN'
   77 |         DeviceZoneScopedMainChildN("BRISC-KERNEL");
      |         ^~~~~~~~~~~~~~~~~~~~~~~~~~
Building trisc2, compile step:
cd /home/mvasiljevic/.cache/tt-metal-cache/12569132917722018041/kernels/bmm_large_block_zm_fused_bias_activation/17706114599625819784/trisc2/ && /home/mvasiljevic/tt-metal/runtime/sfpi/compiler/bin/riscv-tt-elf-g++ -O3 -std=c++17 -ftt-nttp -ftt-constinit -ftt-consteval -ftt-no-dyninit -flto=auto -ffast-math -fno-exceptions -fno-rtti -fno-use-cxa-atexit -g -MMD -Wall -Werror -Wno-error=deprecated-declarations -Wno-error=multistatement-macros -Wno-error=parentheses -Wno-error=unused-but-set-variable -Wno-unused-variable -Wno-unused-function -mcpu=tt-bh-tensix -I. -I.. -I/home/mvasiljevic/tt-metal/ -I/home/mvasiljevic/tt-metal/ttnn -I/home/mvasiljevic/tt-metal/ttnn/cpp -I/home/mvasiljevic/tt-metal/tt_metal -I/home/mvasiljevic/tt-metal/tt_metal/hw/inc -I/home/mvasiljevic/tt-metal/tt_metal/tt-llk/common -I/home/mvasiljevic/tt-metal/tt_metal/hostdevcommon/api -I/home/mvasiljevic/tt-metal/tt_metal/api/ -I/home/mvasiljevic/tt-metal/runtime/sfpi/include -I/home/mvasiljevic/tt-metal/tt_metal/hw/ckernels/blackhole/metal/common -I/home/mvasiljevic/tt-metal/tt_metal/hw/ckernels/blackhole/metal/llk_io -I/home/mvasiljevic/tt-metal/tt_metal/hw/inc/internal/tt-1xx -I/home/mvasiljevic/tt-metal/tt_metal/hw/inc/internal/tt-1xx/blackhole -I/home/mvasiljevic/tt-metal/tt_metal/hw/inc/internal/tt-1xx/blackhole/blackhole_defines -I/home/mvasiljevic/tt-metal/tt_metal/hw/inc/internal/tt-1xx/blackhole/noc -I/home/mvasiljevic/tt-metal/tt_metal/tt-llk/tt_llk_blackhole/common/inc -I/home/mvasiljevic/tt-metal/tt_metal/tt-llk/tt_llk_blackhole/llk_lib -I/home/mvasiljevic/tt-metal/tt_metal/hw/ckernels/blackhole/metal/llk_api -I/home/mvasiljevic/tt-metal/tt_metal/hw/ckernels/blackhole/metal/llk_api/llk_sfpu -I/home/mvasiljevic/tt-metal/tt_metal/hw/firmware/src/tt-1xx -I/home/mvasiljevic/tt-metal/ttnn/cpp/ttnn/operations/matmul/device/kernels/compute -c -o /home/mvasiljevic/.cache/tt-metal-cache/12569132917722018041/kernels/bmm_large_block_zm_fused_bias_activation/17706114599625819784/trisc2/trisck.3749600202458196004.o /home/mvasiljevic/tt-metal/tt_metal/hw/firmware/src/tt-1xx/trisck.cc -MF /home/mvasiljevic/.cache/tt-metal-cache/12569132917722018041/kernels/bmm_large_block_zm_fused_bias_activation/17706114599625819784/trisc2/trisck.3749600202458196004.d -DIS_NOT_POW2_NUM_L1_BANKS=1 -DLOG_BASE_2_OF_NUM_DRAM_BANKS=3 -DNUM_DRAM_BANKS=8 -DNUM_L1_BANKS=110 -DPCIE_NOC_X=19 -DPCIE_NOC_Y=24 -DTENSIX_FIRMWARE -DLOCAL_MEM_EN=0 -DPROFILE_KERNEL=1 -DPROFILER_FULL_HOST_BUFFER_SIZE_PER_RISC=48000 -DPROCESSOR_INDEX=4 -DUCK_CHLKC_PACK -DCOMPILE_FOR_TRISC=2 -DARCH_BLACKHOLE -DDISPATCH_MESSAGE_ADDR=4290184248 -DKERNEL_BUILD -DFULL_KERNEL_NAME="\"bmm_large_block_zm_fused_bias_activation/17706114599625819784/\"" -DKERNEL_COMPILE_TIME_ARGS=4,1,4,4,8,256,64,24,1,1,1,8,8,1,64,0,0,0 -DKERNEL_COMPILE_TIME_ARG_MAP="{\"last_subblock_w_valid\",8}, {\"bias_ntiles\",64}, {\"cb_in0_intermediate\",8}, {\"cb_intermed0\",5}, {\"cb_in1_intermediate\",9}, {\"cb_out\",4}, {\"cb_in0_transposed\",10}, {\"cb_bias\",3}, {\"cb_in1\",1}, {\"cb_in0\",0}, " 
In file included from /home/mvasiljevic/tt-metal/tt_metal/hw/ckernels/blackhole/metal/llk_io/llk_io_pack.h:14,
                 from /home/mvasiljevic/tt-metal/tt_metal/hw/inc/api/compute/cb_api.h:12,
                 from /home/mvasiljevic/tt-metal/tt_metal/hw/inc/api/compute/common.h:11,
                 from /home/mvasiljevic/tt-metal/tt_metal/hw/inc/api/compute/matmul.h:7,
                 from /home/mvasiljevic/tt-metal/ttnn/cpp/ttnn/operations/matmul/device/kernels/compute/bmm_large_block_zm_fused_bias_activation.cpp:7,
                 from ../chlkc_pack.cpp:3,
                 from /home/mvasiljevic/tt-metal/tt_metal/hw/ckernels/blackhole/metal/common/chlkc_list.h:21,
                 from /home/mvasiljevic/tt-metal/tt_metal/hw/firmware/src/tt-1xx/trisck.cc:13:
/home/mvasiljevic/tt-metal/tt_metal/hw/ckernels/blackhole/metal/llk_io/llk_io_pack.h: In function 'void llk_wait_for_free_tiles(int32_t, int32_t)':
/home/mvasiljevic/tt-metal/tt_metal/tools/profiler/kernel_profiler.hpp:25:22: note: '#pragma message: CB-COMPUTE-RESERVE-BACK,/home/mvasiljevic/tt-metal/tt_metal/hw/ckernels/blackhole/metal/llk_io/llk_io_pack.h,21,KERNEL_PROFILER'
   25 | #define DO_PRAGMA(x) _Pragma(#x)
      |                      ^~~~~~~
/home/mvasiljevic/tt-metal/tt_metal/tools/profiler/kernel_profiler.hpp:712:5: note: in expansion of macro 'DO_PRAGMA'
  712 |     DO_PRAGMA(message(PROFILER_MSG_NAME(name)));                               \
      |     ^~~~~~~~~
/home/mvasiljevic/tt-metal/tt_metal/hw/ckernels/blackhole/metal/llk_io/llk_io_pack.h:21:5: note: in expansion of macro 'DeviceZoneScopedSumN2'
   21 |     DeviceZoneScopedSumN2("CB-COMPUTE-RESERVE-BACK");
      |     ^~~~~~~~~~~~~~~~~~~~~
/home/mvasiljevic/tt-metal/tt_metal/hw/firmware/src/tt-1xx/trisck.cc: In function 'uint32_t _start()':
/home/mvasiljevic/tt-metal/tt_metal/tools/profiler/kernel_profiler.hpp:25:22: note: '#pragma message: TRISC-KERNEL,/home/mvasiljevic/tt-metal/tt_metal/hw/firmware/src/tt-1xx/trisck.cc,86,KERNEL_PROFILER'
   25 | #define DO_PRAGMA(x) _Pragma(#x)
      |                      ^~~~~~~
/home/mvasiljevic/tt-metal/tt_metal/tools/profiler/kernel_profiler.hpp:702:5: note: in expansion of macro 'DO_PRAGMA'
  702 |     DO_PRAGMA(message(PROFILER_MSG_NAME(name)));                               \
      |     ^~~~~~~~~
/home/mvasiljevic/tt-metal/tt_metal/hw/firmware/src/tt-1xx/trisck.cc:86:5: note: in expansion of macro 'DeviceZoneScopedMainChildN'
   86 |     DeviceZoneScopedMainChildN("TRISC-KERNEL");
      |     ^~~~~~~~~~~~~~~~~~~~~~~~~~
Building trisc0, compile step:
cd /home/mvasiljevic/.cache/tt-metal-cache/12569132917722018041/kernels/bmm_large_block_zm_fused_bias_activation/17706114599625819784/trisc0/ && /home/mvasiljevic/tt-metal/runtime/sfpi/compiler/bin/riscv-tt-elf-g++ -O3 -std=c++17 -ftt-nttp -ftt-constinit -ftt-consteval -ftt-no-dyninit -flto=auto -ffast-math -fno-exceptions -fno-rtti -fno-use-cxa-atexit -g -MMD -Wall -Werror -Wno-error=deprecated-declarations -Wno-error=multistatement-macros -Wno-error=parentheses -Wno-error=unused-but-set-variable -Wno-unused-variable -Wno-unused-function -mcpu=tt-bh-tensix -I. -I.. -I/home/mvasiljevic/tt-metal/ -I/home/mvasiljevic/tt-metal/ttnn -I/home/mvasiljevic/tt-metal/ttnn/cpp -I/home/mvasiljevic/tt-metal/tt_metal -I/home/mvasiljevic/tt-metal/tt_metal/hw/inc -I/home/mvasiljevic/tt-metal/tt_metal/tt-llk/common -I/home/mvasiljevic/tt-metal/tt_metal/hostdevcommon/api -I/home/mvasiljevic/tt-metal/tt_metal/api/ -I/home/mvasiljevic/tt-metal/runtime/sfpi/include -I/home/mvasiljevic/tt-metal/tt_metal/hw/ckernels/blackhole/metal/common -I/home/mvasiljevic/tt-metal/tt_metal/hw/ckernels/blackhole/metal/llk_io -I/home/mvasiljevic/tt-metal/tt_metal/hw/inc/internal/tt-1xx -I/home/mvasiljevic/tt-metal/tt_metal/hw/inc/internal/tt-1xx/blackhole -I/home/mvasiljevic/tt-metal/tt_metal/hw/inc/internal/tt-1xx/blackhole/blackhole_defines -I/home/mvasiljevic/tt-metal/tt_metal/hw/inc/internal/tt-1xx/blackhole/noc -I/home/mvasiljevic/tt-metal/tt_metal/tt-llk/tt_llk_blackhole/common/inc -I/home/mvasiljevic/tt-metal/tt_metal/tt-llk/tt_llk_blackhole/llk_lib -I/home/mvasiljevic/tt-metal/tt_metal/hw/ckernels/blackhole/metal/llk_api -I/home/mvasiljevic/tt-metal/tt_metal/hw/ckernels/blackhole/metal/llk_api/llk_sfpu -I/home/mvasiljevic/tt-metal/tt_metal/hw/firmware/src/tt-1xx -I/home/mvasiljevic/tt-metal/ttnn/cpp/ttnn/operations/matmul/device/kernels/compute -c -o /home/mvasiljevic/.cache/tt-metal-cache/12569132917722018041/kernels/bmm_large_block_zm_fused_bias_activation/17706114599625819784/trisc0/trisck.3749600202458196004.o /home/mvasiljevic/tt-metal/tt_metal/hw/firmware/src/tt-1xx/trisck.cc -MF /home/mvasiljevic/.cache/tt-metal-cache/12569132917722018041/kernels/bmm_large_block_zm_fused_bias_activation/17706114599625819784/trisc0/trisck.3749600202458196004.d -DIS_NOT_POW2_NUM_L1_BANKS=1 -DLOG_BASE_2_OF_NUM_DRAM_BANKS=3 -DNUM_DRAM_BANKS=8 -DNUM_L1_BANKS=110 -DPCIE_NOC_X=19 -DPCIE_NOC_Y=24 -DTENSIX_FIRMWARE -DLOCAL_MEM_EN=0 -DPROFILE_KERNEL=1 -DPROFILER_FULL_HOST_BUFFER_SIZE_PER_RISC=48000 -DPROCESSOR_INDEX=2 -DUCK_CHLKC_UNPACK -DCOMPILE_FOR_TRISC=0 -DARCH_BLACKHOLE -DDISPATCH_MESSAGE_ADDR=4290184248 -DKERNEL_BUILD -DFULL_KERNEL_NAME="\"bmm_large_block_zm_fused_bias_activation/17706114599625819784/\"" -DKERNEL_COMPILE_TIME_ARGS=4,1,4,4,8,256,64,24,1,1,1,8,8,1,64,0,0,0 -DKERNEL_COMPILE_TIME_ARG_MAP="{\"last_subblock_w_valid\",8}, {\"bias_ntiles\",64}, {\"cb_in0_intermediate\",8}, {\"cb_intermed0\",5}, {\"cb_in1_intermediate\",9}, {\"cb_out\",4}, {\"cb_in0_transposed\",10}, {\"cb_bias\",3}, {\"cb_in1\",1}, {\"cb_in0\",0}, " 
In file included from /home/mvasiljevic/tt-metal/tt_metal/hw/ckernels/blackhole/metal/llk_io/llk_io_unpack.h:13,
                 from /home/mvasiljevic/tt-metal/tt_metal/hw/inc/api/compute/cb_api.h:15,
                 from /home/mvasiljevic/tt-metal/tt_metal/hw/inc/api/compute/common.h:11,
                 from /home/mvasiljevic/tt-metal/tt_metal/hw/inc/api/compute/matmul.h:7,
                 from /home/mvasiljevic/tt-metal/ttnn/cpp/ttnn/operations/matmul/device/kernels/compute/bmm_large_block_zm_fused_bias_activation.cpp:7,
                 from ../chlkc_unpack.cpp:3,
                 from /home/mvasiljevic/tt-metal/tt_metal/hw/ckernels/blackhole/metal/common/chlkc_list.h:26,
                 from /home/mvasiljevic/tt-metal/tt_metal/hw/firmware/src/tt-1xx/trisck.cc:13:
/home/mvasiljevic/tt-metal/tt_metal/hw/ckernels/blackhole/metal/llk_io/llk_io_unpack.h: In function 'void llk_wait_tiles(int, int32_t)':
/home/mvasiljevic/tt-metal/tt_metal/tools/profiler/kernel_profiler.hpp:25:22: note: '#pragma message: CB-COMPUTE-WAIT-FRONT,/home/mvasiljevic/tt-metal/tt_metal/hw/ckernels/blackhole/metal/llk_io/llk_io_unpack.h,19,KERNEL_PROFILER'
   25 | #define DO_PRAGMA(x) _Pragma(#x)
      |                      ^~~~~~~
/home/mvasiljevic/tt-metal/tt_metal/tools/profiler/kernel_profiler.hpp:707:5: note: in expansion of macro 'DO_PRAGMA'
  707 |     DO_PRAGMA(message(PROFILER_MSG_NAME(name)));                               \
      |     ^~~~~~~~~
/home/mvasiljevic/tt-metal/tt_metal/hw/ckernels/blackhole/metal/llk_io/llk_io_unpack.h:19:5: note: in expansion of macro 'DeviceZoneScopedSumN1'
   19 |     DeviceZoneScopedSumN1("CB-COMPUTE-WAIT-FRONT");
      |     ^~~~~~~~~~~~~~~~~~~~~
/home/mvasiljevic/tt-metal/tt_metal/hw/firmware/src/tt-1xx/trisck.cc: In function 'uint32_t _start()':
/home/mvasiljevic/tt-metal/tt_metal/tools/profiler/kernel_profiler.hpp:25:22: note: '#pragma message: TRISC-KERNEL,/home/mvasiljevic/tt-metal/tt_metal/hw/firmware/src/tt-1xx/trisck.cc,86,KERNEL_PROFILER'
   25 | #define DO_PRAGMA(x) _Pragma(#x)
      |                      ^~~~~~~
/home/mvasiljevic/tt-metal/tt_metal/tools/profiler/kernel_profiler.hpp:702:5: note: in expansion of macro 'DO_PRAGMA'
  702 |     DO_PRAGMA(message(PROFILER_MSG_NAME(name)));                               \
      |     ^~~~~~~~~
/home/mvasiljevic/tt-metal/tt_metal/hw/firmware/src/tt-1xx/trisck.cc:86:5: note: in expansion of macro 'DeviceZoneScopedMainChildN'
   86 |     DeviceZoneScopedMainChildN("TRISC-KERNEL");
      |     ^~~~~~~~~~~~~~~~~~~~~~~~~~
Building trisc1, compile step:
cd /home/mvasiljevic/.cache/tt-metal-cache/12569132917722018041/kernels/bmm_large_block_zm_fused_bias_activation/17706114599625819784/trisc1/ && /home/mvasiljevic/tt-metal/runtime/sfpi/compiler/bin/riscv-tt-elf-g++ -O3 -std=c++17 -ftt-nttp -ftt-constinit -ftt-consteval -ftt-no-dyninit -flto=auto -ffast-math -fno-exceptions -fno-rtti -fno-use-cxa-atexit -g -MMD -Wall -Werror -Wno-error=deprecated-declarations -Wno-error=multistatement-macros -Wno-error=parentheses -Wno-error=unused-but-set-variable -Wno-unused-variable -Wno-unused-function -mcpu=tt-bh-tensix -I. -I.. -I/home/mvasiljevic/tt-metal/ -I/home/mvasiljevic/tt-metal/ttnn -I/home/mvasiljevic/tt-metal/ttnn/cpp -I/home/mvasiljevic/tt-metal/tt_metal -I/home/mvasiljevic/tt-metal/tt_metal/hw/inc -I/home/mvasiljevic/tt-metal/tt_metal/tt-llk/common -I/home/mvasiljevic/tt-metal/tt_metal/hostdevcommon/api -I/home/mvasiljevic/tt-metal/tt_metal/api/ -I/home/mvasiljevic/tt-metal/runtime/sfpi/include -I/home/mvasiljevic/tt-metal/tt_metal/hw/ckernels/blackhole/metal/common -I/home/mvasiljevic/tt-metal/tt_metal/hw/ckernels/blackhole/metal/llk_io -I/home/mvasiljevic/tt-metal/tt_metal/hw/inc/internal/tt-1xx -I/home/mvasiljevic/tt-metal/tt_metal/hw/inc/internal/tt-1xx/blackhole -I/home/mvasiljevic/tt-metal/tt_metal/hw/inc/internal/tt-1xx/blackhole/blackhole_defines -I/home/mvasiljevic/tt-metal/tt_metal/hw/inc/internal/tt-1xx/blackhole/noc -I/home/mvasiljevic/tt-metal/tt_metal/tt-llk/tt_llk_blackhole/common/inc -I/home/mvasiljevic/tt-metal/tt_metal/tt-llk/tt_llk_blackhole/llk_lib -I/home/mvasiljevic/tt-metal/tt_metal/hw/ckernels/blackhole/metal/llk_api -I/home/mvasiljevic/tt-metal/tt_metal/hw/ckernels/blackhole/metal/llk_api/llk_sfpu -I/home/mvasiljevic/tt-metal/tt_metal/hw/firmware/src/tt-1xx -I/home/mvasiljevic/tt-metal/ttnn/cpp/ttnn/operations/matmul/device/kernels/compute -c -o /home/mvasiljevic/.cache/tt-metal-cache/12569132917722018041/kernels/bmm_large_block_zm_fused_bias_activation/17706114599625819784/trisc1/trisck.3749600202458196004.o /home/mvasiljevic/tt-metal/tt_metal/hw/firmware/src/tt-1xx/trisck.cc -MF /home/mvasiljevic/.cache/tt-metal-cache/12569132917722018041/kernels/bmm_large_block_zm_fused_bias_activation/17706114599625819784/trisc1/trisck.3749600202458196004.d -DIS_NOT_POW2_NUM_L1_BANKS=1 -DLOG_BASE_2_OF_NUM_DRAM_BANKS=3 -DNUM_DRAM_BANKS=8 -DNUM_L1_BANKS=110 -DPCIE_NOC_X=19 -DPCIE_NOC_Y=24 -DTENSIX_FIRMWARE -DLOCAL_MEM_EN=0 -DPROFILE_KERNEL=1 -DPROFILER_FULL_HOST_BUFFER_SIZE_PER_RISC=48000 -DPROCESSOR_INDEX=3 -DUCK_CHLKC_MATH -DCOMPILE_FOR_TRISC=1 -DARCH_BLACKHOLE -DDISPATCH_MESSAGE_ADDR=4290184248 -DKERNEL_BUILD -DFULL_KERNEL_NAME="\"bmm_large_block_zm_fused_bias_activation/17706114599625819784/\"" -DKERNEL_COMPILE_TIME_ARGS=4,1,4,4,8,256,64,24,1,1,1,8,8,1,64,0,0,0 -DKERNEL_COMPILE_TIME_ARG_MAP="{\"last_subblock_w_valid\",8}, {\"bias_ntiles\",64}, {\"cb_in0_intermediate\",8}, {\"cb_intermed0\",5}, {\"cb_in1_intermediate\",9}, {\"cb_out\",4}, {\"cb_in0_transposed\",10}, {\"cb_bias\",3}, {\"cb_in1\",1}, {\"cb_in0\",0}, " 
In file included from /home/mvasiljevic/tt-metal/tt_metal/hw/firmware/src/tt-1xx/trisck.cc:15:
/home/mvasiljevic/tt-metal/tt_metal/hw/firmware/src/tt-1xx/trisck.cc: In function 'uint32_t _start()':
/home/mvasiljevic/tt-metal/tt_metal/tools/profiler/kernel_profiler.hpp:25:22: note: '#pragma message: TRISC-KERNEL,/home/mvasiljevic/tt-metal/tt_metal/hw/firmware/src/tt-1xx/trisck.cc,86,KERNEL_PROFILER'
   25 | #define DO_PRAGMA(x) _Pragma(#x)
      |                      ^~~~~~~
/home/mvasiljevic/tt-metal/tt_metal/tools/profiler/kernel_profiler.hpp:702:5: note: in expansion of macro 'DO_PRAGMA'
  702 |     DO_PRAGMA(message(PROFILER_MSG_NAME(name)));                               \
      |     ^~~~~~~~~
/home/mvasiljevic/tt-metal/tt_metal/hw/firmware/src/tt-1xx/trisck.cc:86:5: note: in expansion of macro 'DeviceZoneScopedMainChildN'
   86 |     DeviceZoneScopedMainChildN("TRISC-KERNEL");
      |     ^~~~~~~~~~~~~~~~~~~~~~~~~~
Building ncrisc, compile step:
cd /home/mvasiljevic/.cache/tt-metal-cache/12569132917722018041/kernels/reader_unary_unpad_dims_interleaved_start_id/2184109237571318051/ncrisc/ && /home/mvasiljevic/tt-metal/runtime/sfpi/compiler/bin/riscv-tt-elf-g++ -O2 -std=c++17 -ftt-nttp -ftt-constinit -ftt-consteval -ftt-no-dyninit -flto=auto -ffast-math -fno-exceptions -fno-rtti -fno-use-cxa-atexit -g -MMD -Wall -Werror -Wno-error=deprecated-declarations -Wno-error=multistatement-macros -Wno-error=parentheses -Wno-error=unused-but-set-variable -Wno-unused-variable -Wno-unused-function -mcpu=tt-bh -fno-tree-loop-distribute-patterns -I. -I.. -I/home/mvasiljevic/tt-metal/ -I/home/mvasiljevic/tt-metal/ttnn -I/home/mvasiljevic/tt-metal/ttnn/cpp -I/home/mvasiljevic/tt-metal/tt_metal -I/home/mvasiljevic/tt-metal/tt_metal/hw/inc -I/home/mvasiljevic/tt-metal/tt_metal/tt-llk/common -I/home/mvasiljevic/tt-metal/tt_metal/hostdevcommon/api -I/home/mvasiljevic/tt-metal/tt_metal/api/ -I/home/mvasiljevic/tt-metal/tt_metal/hw/ckernels/blackhole/metal/common -I/home/mvasiljevic/tt-metal/tt_metal/hw/ckernels/blackhole/metal/llk_io -I/home/mvasiljevic/tt-metal/tt_metal/hw/inc/internal/tt-1xx -I/home/mvasiljevic/tt-metal/tt_metal/hw/inc/internal/tt-1xx/blackhole -I/home/mvasiljevic/tt-metal/tt_metal/hw/inc/internal/tt-1xx/blackhole/blackhole_defines -I/home/mvasiljevic/tt-metal/tt_metal/hw/inc/internal/tt-1xx/blackhole/noc -I/home/mvasiljevic/tt-metal/tt_metal/tt-llk/tt_llk_blackhole/common/inc -I/home/mvasiljevic/tt-metal/tt_metal/tt-llk/tt_llk_blackhole/llk_lib -I/home/mvasiljevic/tt-metal/tt_metal/hw/firmware/src/tt-1xx -I/home/mvasiljevic/tt-metal/ttnn/cpp/ttnn/operations/data_movement/slice/device/kernels/dataflow -c -o /home/mvasiljevic/.cache/tt-metal-cache/12569132917722018041/kernels/reader_unary_unpad_dims_interleaved_start_id/2184109237571318051/ncrisc/ncrisck.3749600202458196004.o /home/mvasiljevic/tt-metal/tt_metal/hw/firmware/src/tt-1xx/ncrisck.cc -MF /home/mvasiljevic/.cache/tt-metal-cache/12569132917722018041/kernels/reader_unary_unpad_dims_interleaved_start_id/2184109237571318051/ncrisc/ncrisck.3749600202458196004.d -DIS_NOT_POW2_NUM_L1_BANKS=1 -DLOG_BASE_2_OF_NUM_DRAM_BANKS=3 -DNUM_DRAM_BANKS=8 -DNUM_L1_BANKS=110 -DPCIE_NOC_X=19 -DPCIE_NOC_Y=24 -DTENSIX_FIRMWARE -DLOCAL_MEM_EN=0 -DPROFILE_KERNEL=1 -DPROFILER_FULL_HOST_BUFFER_SIZE_PER_RISC=48000 -DPROCESSOR_INDEX=1 -DCOMPILE_FOR_NCRISC -DARCH_BLACKHOLE -DDISPATCH_MESSAGE_ADDR=4290184248 -DKERNEL_BUILD -DFULL_KERNEL_NAME="\"reader_unary_unpad_dims_interleaved_start_id/2184109237571318051/\"" -DNOC_INDEX='0' -DNOC_MODE='0' -DKERNEL_COMPILE_TIME_ARGS=4,1,2048,1,8,512,64,33685762,67240706,100795650,167905026 -DKERNEL_COMPILE_TIME_ARG_MAP="{\"cb_in\",0}, " 
In file included from /home/mvasiljevic/tt-metal/tt_metal/hw/inc/api/dataflow/dataflow_api.h:27,
                 from /home/mvasiljevic/tt-metal/tt_metal/hw/inc/internal/firmware_common.h:24,
                 from /home/mvasiljevic/tt-metal/tt_metal/hw/firmware/src/tt-1xx/ncrisck.cc:17:
/home/mvasiljevic/tt-metal/tt_metal/tools/profiler/kernel_profiler.hpp: In function 'void kernel_profiler::quick_push()':
/home/mvasiljevic/tt-metal/tt_metal/tools/profiler/kernel_profiler.hpp:25:22: note: '#pragma message: PROFILER-NOC-QUICK-PUSH,/home/mvasiljevic/tt-metal/tt_metal/tools/profiler/kernel_profiler.hpp,395,KERNEL_PROFILER'
   25 | #define DO_PRAGMA(x) _Pragma(#x)
      |                      ^~~~~~~
/home/mvasiljevic/tt-metal/tt_metal/tools/profiler/kernel_profiler.hpp:35:5: note: in expansion of macro 'DO_PRAGMA'
   35 |     DO_PRAGMA(message(PROFILER_MSG_NAME(name))); \
      |     ^~~~~~~~~
/home/mvasiljevic/tt-metal/tt_metal/tools/profiler/kernel_profiler.hpp:395:5: note: in expansion of macro 'SrcLocNameToHash'
  395 |     SrcLocNameToHash("PROFILER-NOC-QUICK-PUSH");
      |     ^~~~~~~~~~~~~~~~
/home/mvasiljevic/tt-metal/tt_metal/hw/firmware/src/tt-1xx/ncrisck.cc: In function 'uint32_t _start()':
/home/mvasiljevic/tt-metal/tt_metal/tools/profiler/kernel_profiler.hpp:25:22: note: '#pragma message: NCRISC-KERNEL,/home/mvasiljevic/tt-metal/tt_metal/hw/firmware/src/tt-1xx/ncrisck.cc,69,KERNEL_PROFILER'
   25 | #define DO_PRAGMA(x) _Pragma(#x)
      |                      ^~~~~~~
/home/mvasiljevic/tt-metal/tt_metal/tools/profiler/kernel_profiler.hpp:702:5: note: in expansion of macro 'DO_PRAGMA'
  702 |     DO_PRAGMA(message(PROFILER_MSG_NAME(name)));                               \
      |     ^~~~~~~~~
/home/mvasiljevic/tt-metal/tt_metal/hw/firmware/src/tt-1xx/ncrisck.cc:69:5: note: in expansion of macro 'DeviceZoneScopedMainChildN'
   69 |     DeviceZoneScopedMainChildN("NCRISC-KERNEL");
      |     ^~~~~~~~~~~~~~~~~~~~~~~~~~
Building brisc, compile step:
cd /home/mvasiljevic/.cache/tt-metal-cache/12569132917722018041/kernels/writer_unary_interleaved_start_id/12927720662143014329/brisc/ && /home/mvasiljevic/tt-metal/runtime/sfpi/compiler/bin/riscv-tt-elf-g++ -O2 -std=c++17 -ftt-nttp -ftt-constinit -ftt-consteval -ftt-no-dyninit -flto=auto -ffast-math -fno-exceptions -fno-rtti -fno-use-cxa-atexit -g -MMD -Wall -Werror -Wno-error=deprecated-declarations -Wno-error=multistatement-macros -Wno-error=parentheses -Wno-error=unused-but-set-variable -Wno-unused-variable -Wno-unused-function -mcpu=tt-bh -fno-tree-loop-distribute-patterns -I. -I.. -I/home/mvasiljevic/tt-metal/ -I/home/mvasiljevic/tt-metal/ttnn -I/home/mvasiljevic/tt-metal/ttnn/cpp -I/home/mvasiljevic/tt-metal/tt_metal -I/home/mvasiljevic/tt-metal/tt_metal/hw/inc -I/home/mvasiljevic/tt-metal/tt_metal/tt-llk/common -I/home/mvasiljevic/tt-metal/tt_metal/hostdevcommon/api -I/home/mvasiljevic/tt-metal/tt_metal/api/ -I/home/mvasiljevic/tt-metal/tt_metal/hw/ckernels/blackhole/metal/common -I/home/mvasiljevic/tt-metal/tt_metal/hw/ckernels/blackhole/metal/llk_io -I/home/mvasiljevic/tt-metal/tt_metal/hw/inc/internal/tt-1xx -I/home/mvasiljevic/tt-metal/tt_metal/hw/inc/internal/tt-1xx/blackhole -I/home/mvasiljevic/tt-metal/tt_metal/hw/inc/internal/tt-1xx/blackhole/blackhole_defines -I/home/mvasiljevic/tt-metal/tt_metal/hw/inc/internal/tt-1xx/blackhole/noc -I/home/mvasiljevic/tt-metal/tt_metal/tt-llk/tt_llk_blackhole/common/inc -I/home/mvasiljevic/tt-metal/tt_metal/tt-llk/tt_llk_blackhole/llk_lib -I/home/mvasiljevic/tt-metal/tt_metal/hw/firmware/src/tt-1xx -I/home/mvasiljevic/tt-metal/ttnn/cpp/ttnn/operations/data_movement/slice/device/kernels/dataflow -c -o /home/mvasiljevic/.cache/tt-metal-cache/12569132917722018041/kernels/writer_unary_interleaved_start_id/12927720662143014329/brisc/brisck.3749600202458196004.o /home/mvasiljevic/tt-metal/tt_metal/hw/firmware/src/tt-1xx/brisck.cc -MF /home/mvasiljevic/.cache/tt-metal-cache/12569132917722018041/kernels/writer_unary_interleaved_start_id/12927720662143014329/brisc/brisck.3749600202458196004.d -DIS_NOT_POW2_NUM_L1_BANKS=1 -DLOG_BASE_2_OF_NUM_DRAM_BANKS=3 -DNUM_DRAM_BANKS=8 -DNUM_L1_BANKS=110 -DPCIE_NOC_X=19 -DPCIE_NOC_Y=24 -DTENSIX_FIRMWARE -DLOCAL_MEM_EN=0 -DPROFILE_KERNEL=1 -DPROFILER_FULL_HOST_BUFFER_SIZE_PER_RISC=48000 -DPROCESSOR_INDEX=0 -DCOMPILE_FOR_BRISC -DARCH_BLACKHOLE -DDISPATCH_MESSAGE_ADDR=4290184248 -DKERNEL_BUILD -DFULL_KERNEL_NAME="\"writer_unary_interleaved_start_id/12927720662143014329/\"" -DNOC_INDEX='1' -DNOC_MODE='0' -DKERNEL_COMPILE_TIME_ARGS=1,2048,1,8,256,32,33685762,67240706,100795650,167905026 -DKERNEL_COMPILE_TIME_ARG_MAP="{\"cb_out\",0}, " 
In file included from /home/mvasiljevic/tt-metal/tt_metal/hw/inc/api/dataflow/dataflow_api.h:27,
                 from /home/mvasiljevic/tt-metal/tt_metal/hw/inc/internal/firmware_common.h:24,
                 from /home/mvasiljevic/tt-metal/tt_metal/hw/firmware/src/tt-1xx/brisck.cc:17:
/home/mvasiljevic/tt-metal/tt_metal/tools/profiler/kernel_profiler.hpp: In function 'void kernel_profiler::quick_push()':
/home/mvasiljevic/tt-metal/tt_metal/tools/profiler/kernel_profiler.hpp:25:22: note: '#pragma message: PROFILER-NOC-QUICK-PUSH,/home/mvasiljevic/tt-metal/tt_metal/tools/profiler/kernel_profiler.hpp,395,KERNEL_PROFILER'
   25 | #define DO_PRAGMA(x) _Pragma(#x)
      |                      ^~~~~~~
/home/mvasiljevic/tt-metal/tt_metal/tools/profiler/kernel_profiler.hpp:35:5: note: in expansion of macro 'DO_PRAGMA'
   35 |     DO_PRAGMA(message(PROFILER_MSG_NAME(name))); \
      |     ^~~~~~~~~
/home/mvasiljevic/tt-metal/tt_metal/tools/profiler/kernel_profiler.hpp:395:5: note: in expansion of macro 'SrcLocNameToHash'
  395 |     SrcLocNameToHash("PROFILER-NOC-QUICK-PUSH");
      |     ^~~~~~~~~~~~~~~~
/home/mvasiljevic/tt-metal/tt_metal/hw/firmware/src/tt-1xx/brisck.cc: In function 'uint32_t _start()':
/home/mvasiljevic/tt-metal/tt_metal/tools/profiler/kernel_profiler.hpp:25:22: note: '#pragma message: BRISC-KERNEL,/home/mvasiljevic/tt-metal/tt_metal/hw/firmware/src/tt-1xx/brisck.cc,77,KERNEL_PROFILER'
   25 | #define DO_PRAGMA(x) _Pragma(#x)
      |                      ^~~~~~~
/home/mvasiljevic/tt-metal/tt_metal/tools/profiler/kernel_profiler.hpp:702:5: note: in expansion of macro 'DO_PRAGMA'
  702 |     DO_PRAGMA(message(PROFILER_MSG_NAME(name)));                               \
      |     ^~~~~~~~~
/home/mvasiljevic/tt-metal/tt_metal/hw/firmware/src/tt-1xx/brisck.cc:77:9: note: in expansion of macro 'DeviceZoneScopedMainChildN'
   77 |         DeviceZoneScopedMainChildN("BRISC-KERNEL");
      |         ^~~~~~~~~~~~~~~~~~~~~~~~~~
Building ncrisc, compile step:
cd /home/mvasiljevic/.cache/tt-metal-cache/12569132917722018041/kernels/reader_interleaved_no_bcast/13417538690446840615/ncrisc/ && /home/mvasiljevic/tt-metal/runtime/sfpi/compiler/bin/riscv-tt-elf-g++ -O2 -std=c++17 -ftt-nttp -ftt-constinit -ftt-consteval -ftt-no-dyninit -flto=auto -ffast-math -fno-exceptions -fno-rtti -fno-use-cxa-atexit -g -MMD -Wall -Werror -Wno-error=deprecated-declarations -Wno-error=multistatement-macros -Wno-error=parentheses -Wno-error=unused-but-set-variable -Wno-unused-variable -Wno-unused-function -mcpu=tt-bh -fno-tree-loop-distribute-patterns -I. -I.. -I/home/mvasiljevic/tt-metal/ -I/home/mvasiljevic/tt-metal/ttnn -I/home/mvasiljevic/tt-metal/ttnn/cpp -I/home/mvasiljevic/tt-metal/tt_metal -I/home/mvasiljevic/tt-metal/tt_metal/hw/inc -I/home/mvasiljevic/tt-metal/tt_metal/tt-llk/common -I/home/mvasiljevic/tt-metal/tt_metal/hostdevcommon/api -I/home/mvasiljevic/tt-metal/tt_metal/api/ -I/home/mvasiljevic/tt-metal/tt_metal/hw/ckernels/blackhole/metal/common -I/home/mvasiljevic/tt-metal/tt_metal/hw/ckernels/blackhole/metal/llk_io -I/home/mvasiljevic/tt-metal/tt_metal/hw/inc/internal/tt-1xx -I/home/mvasiljevic/tt-metal/tt_metal/hw/inc/internal/tt-1xx/blackhole -I/home/mvasiljevic/tt-metal/tt_metal/hw/inc/internal/tt-1xx/blackhole/blackhole_defines -I/home/mvasiljevic/tt-metal/tt_metal/hw/inc/internal/tt-1xx/blackhole/noc -I/home/mvasiljevic/tt-metal/tt_metal/tt-llk/tt_llk_blackhole/common/inc -I/home/mvasiljevic/tt-metal/tt_metal/tt-llk/tt_llk_blackhole/llk_lib -I/home/mvasiljevic/tt-metal/tt_metal/hw/firmware/src/tt-1xx -I/home/mvasiljevic/tt-metal/ttnn/cpp/ttnn/operations/eltwise/binary_ng/device/kernels_ng/dataflow -c -o /home/mvasiljevic/.cache/tt-metal-cache/12569132917722018041/kernels/reader_interleaved_no_bcast/13417538690446840615/ncrisc/ncrisck.3749600202458196004.o /home/mvasiljevic/tt-metal/tt_metal/hw/firmware/src/tt-1xx/ncrisck.cc -MF /home/mvasiljevic/.cache/tt-metal-cache/12569132917722018041/kernels/reader_interleaved_no_bcast/13417538690446840615/ncrisc/ncrisck.3749600202458196004.d -DIS_NOT_POW2_NUM_L1_BANKS=1 -DLOG_BASE_2_OF_NUM_DRAM_BANKS=3 -DNUM_DRAM_BANKS=8 -DNUM_L1_BANKS=110 -DPCIE_NOC_X=19 -DPCIE_NOC_Y=24 -DTENSIX_FIRMWARE -DLOCAL_MEM_EN=0 -DPROFILE_KERNEL=1 -DPROFILER_FULL_HOST_BUFFER_SIZE_PER_RISC=48000 -DPROCESSOR_INDEX=1 -DCOMPILE_FOR_NCRISC -DARCH_BLACKHOLE -DDISPATCH_MESSAGE_ADDR=4290184248 -DKERNEL_BUILD -DFULL_KERNEL_NAME="\"reader_interleaved_no_bcast/13417538690446840615/\"" -DBCAST_LLK='0' -DFILL_TILE_WITH_FIRST_COLUMN='fill_tile_with_first_column_bfloat16' -DFILL_TILE_WITH_FIRST_COLUMN_B='fill_tile_with_first_column_bfloat16' -DFILL_TILE_WITH_FIRST_COLUMN_RM='fill_tile_with_first_column_rm_bfloat16' -DFILL_TILE_WITH_FIRST_ELEMENT='fill_tile_with_first_element_bfloat16' -DFILL_TILE_WITH_FIRST_ELEMENT_B='fill_tile_with_first_element_bfloat16' -DFILL_TILE_WITH_FIRST_ROW='fill_tile_with_first_row_bfloat16' -DFILL_TILE_WITH_FIRST_ROW_B='fill_tile_with_first_row_bfloat16' -DFILL_TILE_WITH_FIRST_ROW_RM='fill_tile_with_first_row_rm_bfloat16' -DFILL_WITH_VALUE='fill_with_val_bfloat16' -DFILL_WITH_VALUE_B='fill_with_val_bfloat16' -DSRC_SHARDED='1' -DSRC_SHARDED_B='1' -DNOC_INDEX='0' -DNOC_MODE='0' -DKERNEL_COMPILE_TIME_ARGS=17,2048,1,8,32,33685762,67240706,100795650,167905026,17,2048,1,8,32,33685762,67240706,100795650,167905026,1 
In file included from /home/mvasiljevic/tt-metal/tt_metal/hw/inc/api/dataflow/dataflow_api.h:27,
                 from /home/mvasiljevic/tt-metal/tt_metal/hw/inc/internal/firmware_common.h:24,
                 from /home/mvasiljevic/tt-metal/tt_metal/hw/firmware/src/tt-1xx/ncrisck.cc:17:
/home/mvasiljevic/tt-metal/tt_metal/tools/profiler/kernel_profiler.hpp: In function 'void kernel_profiler::quick_push()':
/home/mvasiljevic/tt-metal/tt_metal/tools/profiler/kernel_profiler.hpp:25:22: note: '#pragma message: PROFILER-NOC-QUICK-PUSH,/home/mvasiljevic/tt-metal/tt_metal/tools/profiler/kernel_profiler.hpp,395,KERNEL_PROFILER'
   25 | #define DO_PRAGMA(x) _Pragma(#x)
      |                      ^~~~~~~
/home/mvasiljevic/tt-metal/tt_metal/tools/profiler/kernel_profiler.hpp:35:5: note: in expansion of macro 'DO_PRAGMA'
   35 |     DO_PRAGMA(message(PROFILER_MSG_NAME(name))); \
      |     ^~~~~~~~~
/home/mvasiljevic/tt-metal/tt_metal/tools/profiler/kernel_profiler.hpp:395:5: note: in expansion of macro 'SrcLocNameToHash'
  395 |     SrcLocNameToHash("PROFILER-NOC-QUICK-PUSH");
      |     ^~~~~~~~~~~~~~~~
In file included from ../kernel_includes.hpp:1,
                 from /home/mvasiljevic/tt-metal/tt_metal/hw/firmware/src/tt-1xx/ncrisck.cc:22:
/home/mvasiljevic/tt-metal/ttnn/cpp/ttnn/operations/eltwise/binary_ng/device/kernels_ng/dataflow/reader_interleaved_no_bcast.cpp: In function 'void kernel_main()':
/home/mvasiljevic/tt-metal/ttnn/cpp/ttnn/operations/eltwise/binary_ng/device/kernels_ng/dataflow/reader_interleaved_no_bcast.cpp:39:20: warning: variable 'src_b_args' set but not used [-Wunused-but-set-variable]
   39 |     constexpr auto src_b_args =
      |                    ^~~~~~~~~~
/home/mvasiljevic/tt-metal/tt_metal/hw/firmware/src/tt-1xx/ncrisck.cc: In function 'uint32_t _start()':
/home/mvasiljevic/tt-metal/tt_metal/tools/profiler/kernel_profiler.hpp:25:22: note: '#pragma message: NCRISC-KERNEL,/home/mvasiljevic/tt-metal/tt_metal/hw/firmware/src/tt-1xx/ncrisck.cc,69,KERNEL_PROFILER'
   25 | #define DO_PRAGMA(x) _Pragma(#x)
      |                      ^~~~~~~
/home/mvasiljevic/tt-metal/tt_metal/tools/profiler/kernel_profiler.hpp:702:5: note: in expansion of macro 'DO_PRAGMA'
  702 |     DO_PRAGMA(message(PROFILER_MSG_NAME(name)));                               \
      |     ^~~~~~~~~
/home/mvasiljevic/tt-metal/tt_metal/hw/firmware/src/tt-1xx/ncrisck.cc:69:5: note: in expansion of macro 'DeviceZoneScopedMainChildN'
   69 |     DeviceZoneScopedMainChildN("NCRISC-KERNEL");
      |     ^~~~~~~~~~~~~~~~~~~~~~~~~~
Building brisc, compile step:
cd /home/mvasiljevic/.cache/tt-metal-cache/12569132917722018041/kernels/writer_interleaved_no_bcast/9452698686531347191/brisc/ && /home/mvasiljevic/tt-metal/runtime/sfpi/compiler/bin/riscv-tt-elf-g++ -O2 -std=c++17 -ftt-nttp -ftt-constinit -ftt-consteval -ftt-no-dyninit -flto=auto -ffast-math -fno-exceptions -fno-rtti -fno-use-cxa-atexit -g -MMD -Wall -Werror -Wno-error=deprecated-declarations -Wno-error=multistatement-macros -Wno-error=parentheses -Wno-error=unused-but-set-variable -Wno-unused-variable -Wno-unused-function -mcpu=tt-bh -fno-tree-loop-distribute-patterns -I. -I.. -I/home/mvasiljevic/tt-metal/ -I/home/mvasiljevic/tt-metal/ttnn -I/home/mvasiljevic/tt-metal/ttnn/cpp -I/home/mvasiljevic/tt-metal/tt_metal -I/home/mvasiljevic/tt-metal/tt_metal/hw/inc -I/home/mvasiljevic/tt-metal/tt_metal/tt-llk/common -I/home/mvasiljevic/tt-metal/tt_metal/hostdevcommon/api -I/home/mvasiljevic/tt-metal/tt_metal/api/ -I/home/mvasiljevic/tt-metal/tt_metal/hw/ckernels/blackhole/metal/common -I/home/mvasiljevic/tt-metal/tt_metal/hw/ckernels/blackhole/metal/llk_io -I/home/mvasiljevic/tt-metal/tt_metal/hw/inc/internal/tt-1xx -I/home/mvasiljevic/tt-metal/tt_metal/hw/inc/internal/tt-1xx/blackhole -I/home/mvasiljevic/tt-metal/tt_metal/hw/inc/internal/tt-1xx/blackhole/blackhole_defines -I/home/mvasiljevic/tt-metal/tt_metal/hw/inc/internal/tt-1xx/blackhole/noc -I/home/mvasiljevic/tt-metal/tt_metal/tt-llk/tt_llk_blackhole/common/inc -I/home/mvasiljevic/tt-metal/tt_metal/tt-llk/tt_llk_blackhole/llk_lib -I/home/mvasiljevic/tt-metal/tt_metal/hw/firmware/src/tt-1xx -I/home/mvasiljevic/tt-metal/ttnn/cpp/ttnn/operations/eltwise/binary_ng/device/kernels_ng/dataflow -c -o /home/mvasiljevic/.cache/tt-metal-cache/12569132917722018041/kernels/writer_interleaved_no_bcast/9452698686531347191/brisc/brisck.3749600202458196004.o /home/mvasiljevic/tt-metal/tt_metal/hw/firmware/src/tt-1xx/brisck.cc -MF /home/mvasiljevic/.cache/tt-metal-cache/12569132917722018041/kernels/writer_interleaved_no_bcast/9452698686531347191/brisc/brisck.3749600202458196004.d -DIS_NOT_POW2_NUM_L1_BANKS=1 -DLOG_BASE_2_OF_NUM_DRAM_BANKS=3 -DNUM_DRAM_BANKS=8 -DNUM_L1_BANKS=110 -DPCIE_NOC_X=19 -DPCIE_NOC_Y=24 -DTENSIX_FIRMWARE -DLOCAL_MEM_EN=0 -DPROFILE_KERNEL=1 -DPROFILER_FULL_HOST_BUFFER_SIZE_PER_RISC=48000 -DPROCESSOR_INDEX=0 -DCOMPILE_FOR_BRISC -DARCH_BLACKHOLE -DDISPATCH_MESSAGE_ADDR=4290184248 -DKERNEL_BUILD -DFULL_KERNEL_NAME="\"writer_interleaved_no_bcast/9452698686531347191/\"" -DDST_SHARDED='1' -DFILL_TILE_WITH_FIRST_COLUMN='fill_tile_with_first_column_bfloat16' -DFILL_TILE_WITH_FIRST_COLUMN_B='fill_tile_with_first_column_bfloat16' -DFILL_TILE_WITH_FIRST_COLUMN_RM='fill_tile_with_first_column_rm_bfloat16' -DFILL_TILE_WITH_FIRST_ELEMENT='fill_tile_with_first_element_bfloat16' -DFILL_TILE_WITH_FIRST_ELEMENT_B='fill_tile_with_first_element_bfloat16' -DFILL_TILE_WITH_FIRST_ROW='fill_tile_with_first_row_bfloat16' -DFILL_TILE_WITH_FIRST_ROW_B='fill_tile_with_first_row_bfloat16' -DFILL_TILE_WITH_FIRST_ROW_RM='fill_tile_with_first_row_rm_bfloat16' -DFILL_WITH_VALUE='fill_with_val_bfloat16' -DFILL_WITH_VALUE_B='fill_with_val_bfloat16' -DSRC_SHARDED='1' -DNOC_INDEX='1' -DNOC_MODE='0' -DKERNEL_COMPILE_TIME_ARGS=17,2048,1,8,32,33685762,67240706,100795650,167905026,1 
In file included from /home/mvasiljevic/tt-metal/tt_metal/hw/inc/api/dataflow/dataflow_api.h:27,
                 from /home/mvasiljevic/tt-metal/tt_metal/hw/inc/internal/firmware_common.h:24,
                 from /home/mvasiljevic/tt-metal/tt_metal/hw/firmware/src/tt-1xx/brisck.cc:17:
/home/mvasiljevic/tt-metal/tt_metal/tools/profiler/kernel_profiler.hpp: In function 'void kernel_profiler::quick_push()':
/home/mvasiljevic/tt-metal/tt_metal/tools/profiler/kernel_profiler.hpp:25:22: note: '#pragma message: PROFILER-NOC-QUICK-PUSH,/home/mvasiljevic/tt-metal/tt_metal/tools/profiler/kernel_profiler.hpp,395,KERNEL_PROFILER'
   25 | #define DO_PRAGMA(x) _Pragma(#x)
      |                      ^~~~~~~
/home/mvasiljevic/tt-metal/tt_metal/tools/profiler/kernel_profiler.hpp:35:5: note: in expansion of macro 'DO_PRAGMA'
   35 |     DO_PRAGMA(message(PROFILER_MSG_NAME(name))); \
      |     ^~~~~~~~~
/home/mvasiljevic/tt-metal/tt_metal/tools/profiler/kernel_profiler.hpp:395:5: note: in expansion of macro 'SrcLocNameToHash'
  395 |     SrcLocNameToHash("PROFILER-NOC-QUICK-PUSH");
      |     ^~~~~~~~~~~~~~~~
/home/mvasiljevic/tt-metal/tt_metal/hw/firmware/src/tt-1xx/brisck.cc: In function 'uint32_t _start()':
/home/mvasiljevic/tt-metal/tt_metal/tools/profiler/kernel_profiler.hpp:25:22: note: '#pragma message: BRISC-KERNEL,/home/mvasiljevic/tt-metal/tt_metal/hw/firmware/src/tt-1xx/brisck.cc,77,KERNEL_PROFILER'
   25 | #define DO_PRAGMA(x) _Pragma(#x)
      |                      ^~~~~~~
/home/mvasiljevic/tt-metal/tt_metal/tools/profiler/kernel_profiler.hpp:702:5: note: in expansion of macro 'DO_PRAGMA'
  702 |     DO_PRAGMA(message(PROFILER_MSG_NAME(name)));                               \
      |     ^~~~~~~~~
/home/mvasiljevic/tt-metal/tt_metal/hw/firmware/src/tt-1xx/brisck.cc:77:9: note: in expansion of macro 'DeviceZoneScopedMainChildN'
   77 |         DeviceZoneScopedMainChildN("BRISC-KERNEL");
      |         ^~~~~~~~~~~~~~~~~~~~~~~~~~
Building ncrisc, compile step:
cd /home/mvasiljevic/.cache/tt-metal-cache/12569132917722018041/kernels/reader_bmm_tile_layout_in0_sender_dram_sharded/16601499719494762616/ncrisc/ && /home/mvasiljevic/tt-metal/runtime/sfpi/compiler/bin/riscv-tt-elf-g++ -O2 -std=c++17 -ftt-nttp -ftt-constinit -ftt-consteval -ftt-no-dyninit -flto=auto -ffast-math -fno-exceptions -fno-rtti -fno-use-cxa-atexit -g -MMD -Wall -Werror -Wno-error=deprecated-declarations -Wno-error=multistatement-macros -Wno-error=parentheses -Wno-error=unused-but-set-variable -Wno-unused-variable -Wno-unused-function -mcpu=tt-bh -fno-tree-loop-distribute-patterns -I. -I.. -I/home/mvasiljevic/tt-metal/ -I/home/mvasiljevic/tt-metal/ttnn -I/home/mvasiljevic/tt-metal/ttnn/cpp -I/home/mvasiljevic/tt-metal/tt_metal -I/home/mvasiljevic/tt-metal/tt_metal/hw/inc -I/home/mvasiljevic/tt-metal/tt_metal/tt-llk/common -I/home/mvasiljevic/tt-metal/tt_metal/hostdevcommon/api -I/home/mvasiljevic/tt-metal/tt_metal/api/ -I/home/mvasiljevic/tt-metal/tt_metal/hw/ckernels/blackhole/metal/common -I/home/mvasiljevic/tt-metal/tt_metal/hw/ckernels/blackhole/metal/llk_io -I/home/mvasiljevic/tt-metal/tt_metal/hw/inc/internal/tt-1xx -I/home/mvasiljevic/tt-metal/tt_metal/hw/inc/internal/tt-1xx/blackhole -I/home/mvasiljevic/tt-metal/tt_metal/hw/inc/internal/tt-1xx/blackhole/blackhole_defines -I/home/mvasiljevic/tt-metal/tt_metal/hw/inc/internal/tt-1xx/blackhole/noc -I/home/mvasiljevic/tt-metal/tt_metal/tt-llk/tt_llk_blackhole/common/inc -I/home/mvasiljevic/tt-metal/tt_metal/tt-llk/tt_llk_blackhole/llk_lib -I/home/mvasiljevic/tt-metal/tt_metal/hw/firmware/src/tt-1xx -I/home/mvasiljevic/tt-metal/ttnn/cpp/ttnn/operations/matmul/device/kernels/dataflow -c -o /home/mvasiljevic/.cache/tt-metal-cache/12569132917722018041/kernels/reader_bmm_tile_layout_in0_sender_dram_sharded/16601499719494762616/ncrisc/ncrisck.3749600202458196004.o /home/mvasiljevic/tt-metal/tt_metal/hw/firmware/src/tt-1xx/ncrisck.cc -MF /home/mvasiljevic/.cache/tt-metal-cache/12569132917722018041/kernels/reader_bmm_tile_layout_in0_sender_dram_sharded/16601499719494762616/ncrisc/ncrisck.3749600202458196004.d -DIS_NOT_POW2_NUM_L1_BANKS=1 -DLOG_BASE_2_OF_NUM_DRAM_BANKS=3 -DNUM_DRAM_BANKS=8 -DNUM_L1_BANKS=110 -DPCIE_NOC_X=19 -DPCIE_NOC_Y=24 -DTENSIX_FIRMWARE -DLOCAL_MEM_EN=0 -DPROFILE_KERNEL=1 -DPROFILER_FULL_HOST_BUFFER_SIZE_PER_RISC=48000 -DPROCESSOR_INDEX=1 -DCOMPILE_FOR_NCRISC -DARCH_BLACKHOLE -DDISPATCH_MESSAGE_ADDR=4290184248 -DKERNEL_BUILD -DFULL_KERNEL_NAME="\"reader_bmm_tile_layout_in0_sender_dram_sharded/16601499719494762616/\"" -DNOC_INDEX='1' -DNOC_MODE='0' -DKERNEL_COMPILE_TIME_ARGS=8,16384,0,0,0,1,8,110,32,13,11,1,2,2,4,8 -DKERNEL_COMPILE_TIME_ARG_MAP="{\"cb_in0_sharded\",2}, {\"cb_in0\",0}, " 
In file included from /home/mvasiljevic/tt-metal/tt_metal/hw/inc/api/dataflow/dataflow_api.h:27,
                 from /home/mvasiljevic/tt-metal/tt_metal/hw/inc/internal/firmware_common.h:24,
                 from /home/mvasiljevic/tt-metal/tt_metal/hw/firmware/src/tt-1xx/ncrisck.cc:17:
/home/mvasiljevic/tt-metal/tt_metal/tools/profiler/kernel_profiler.hpp: In function 'void kernel_profiler::quick_push()':
/home/mvasiljevic/tt-metal/tt_metal/tools/profiler/kernel_profiler.hpp:25:22: note: '#pragma message: PROFILER-NOC-QUICK-PUSH,/home/mvasiljevic/tt-metal/tt_metal/tools/profiler/kernel_profiler.hpp,395,KERNEL_PROFILER'
   25 | #define DO_PRAGMA(x) _Pragma(#x)
      |                      ^~~~~~~
/home/mvasiljevic/tt-metal/tt_metal/tools/profiler/kernel_profiler.hpp:35:5: note: in expansion of macro 'DO_PRAGMA'
   35 |     DO_PRAGMA(message(PROFILER_MSG_NAME(name))); \
      |     ^~~~~~~~~
/home/mvasiljevic/tt-metal/tt_metal/tools/profiler/kernel_profiler.hpp:395:5: note: in expansion of macro 'SrcLocNameToHash'
  395 |     SrcLocNameToHash("PROFILER-NOC-QUICK-PUSH");
      |     ^~~~~~~~~~~~~~~~
/home/mvasiljevic/tt-metal/tt_metal/hw/firmware/src/tt-1xx/ncrisck.cc: In function 'uint32_t _start()':
/home/mvasiljevic/tt-metal/tt_metal/tools/profiler/kernel_profiler.hpp:25:22: note: '#pragma message: NCRISC-KERNEL,/home/mvasiljevic/tt-metal/tt_metal/hw/firmware/src/tt-1xx/ncrisck.cc,69,KERNEL_PROFILER'
   25 | #define DO_PRAGMA(x) _Pragma(#x)
      |                      ^~~~~~~
/home/mvasiljevic/tt-metal/tt_metal/tools/profiler/kernel_profiler.hpp:702:5: note: in expansion of macro 'DO_PRAGMA'
  702 |     DO_PRAGMA(message(PROFILER_MSG_NAME(name)));                               \
      |     ^~~~~~~~~
/home/mvasiljevic/tt-metal/tt_metal/hw/firmware/src/tt-1xx/ncrisck.cc:69:5: note: in expansion of macro 'DeviceZoneScopedMainChildN'
   69 |     DeviceZoneScopedMainChildN("NCRISC-KERNEL");
      |     ^~~~~~~~~~~~~~~~~~~~~~~~~~
Building brisc, compile step:
cd /home/mvasiljevic/.cache/tt-metal-cache/12569132917722018041/kernels/reader_bmm_tile_layout_in1_sender_dram_sharded/2315480455105763832/brisc/ && /home/mvasiljevic/tt-metal/runtime/sfpi/compiler/bin/riscv-tt-elf-g++ -O2 -std=c++17 -ftt-nttp -ftt-constinit -ftt-consteval -ftt-no-dyninit -flto=auto -ffast-math -fno-exceptions -fno-rtti -fno-use-cxa-atexit -g -MMD -Wall -Werror -Wno-error=deprecated-declarations -Wno-error=multistatement-macros -Wno-error=parentheses -Wno-error=unused-but-set-variable -Wno-unused-variable -Wno-unused-function -mcpu=tt-bh -fno-tree-loop-distribute-patterns -I. -I.. -I/home/mvasiljevic/tt-metal/ -I/home/mvasiljevic/tt-metal/ttnn -I/home/mvasiljevic/tt-metal/ttnn/cpp -I/home/mvasiljevic/tt-metal/tt_metal -I/home/mvasiljevic/tt-metal/tt_metal/hw/inc -I/home/mvasiljevic/tt-metal/tt_metal/tt-llk/common -I/home/mvasiljevic/tt-metal/tt_metal/hostdevcommon/api -I/home/mvasiljevic/tt-metal/tt_metal/api/ -I/home/mvasiljevic/tt-metal/tt_metal/hw/ckernels/blackhole/metal/common -I/home/mvasiljevic/tt-metal/tt_metal/hw/ckernels/blackhole/metal/llk_io -I/home/mvasiljevic/tt-metal/tt_metal/hw/inc/internal/tt-1xx -I/home/mvasiljevic/tt-metal/tt_metal/hw/inc/internal/tt-1xx/blackhole -I/home/mvasiljevic/tt-metal/tt_metal/hw/inc/internal/tt-1xx/blackhole/blackhole_defines -I/home/mvasiljevic/tt-metal/tt_metal/hw/inc/internal/tt-1xx/blackhole/noc -I/home/mvasiljevic/tt-metal/tt_metal/tt-llk/tt_llk_blackhole/common/inc -I/home/mvasiljevic/tt-metal/tt_metal/tt-llk/tt_llk_blackhole/llk_lib -I/home/mvasiljevic/tt-metal/tt_metal/hw/firmware/src/tt-1xx -I/home/mvasiljevic/tt-metal/ttnn/cpp/ttnn/operations/matmul/device/kernels/dataflow -c -o /home/mvasiljevic/.cache/tt-metal-cache/12569132917722018041/kernels/reader_bmm_tile_layout_in1_sender_dram_sharded/2315480455105763832/brisc/brisck.3749600202458196004.o /home/mvasiljevic/tt-metal/tt_metal/hw/firmware/src/tt-1xx/brisck.cc -MF /home/mvasiljevic/.cache/tt-metal-cache/12569132917722018041/kernels/reader_bmm_tile_layout_in1_sender_dram_sharded/2315480455105763832/brisc/brisck.3749600202458196004.d -DIS_NOT_POW2_NUM_L1_BANKS=1 -DLOG_BASE_2_OF_NUM_DRAM_BANKS=3 -DNUM_DRAM_BANKS=8 -DNUM_L1_BANKS=110 -DPCIE_NOC_X=19 -DPCIE_NOC_Y=24 -DTENSIX_FIRMWARE -DLOCAL_MEM_EN=0 -DPROFILE_KERNEL=1 -DPROFILER_FULL_HOST_BUFFER_SIZE_PER_RISC=48000 -DPROCESSOR_INDEX=0 -DCOMPILE_FOR_BRISC -DARCH_BLACKHOLE -DDISPATCH_MESSAGE_ADDR=4290184248 -DKERNEL_BUILD -DFULL_KERNEL_NAME="\"reader_bmm_tile_layout_in1_sender_dram_sharded/2315480455105763832/\"" -DOUT_SHARDED='1' -DSKIP_MCAST='1' -DNOC_INDEX='0' -DNOC_MODE='0' -DKERNEL_COMPILE_TIME_ARGS=13824,4,12,96,32,12,24576,24576,1 -DKERNEL_COMPILE_TIME_ARG_MAP="{\"cb_out_reshard\",6}, {\"cb_out\",4}, {\"cb_bias\",3}, {\"cb_in1\",1}, " 
In file included from /home/mvasiljevic/tt-metal/tt_metal/hw/inc/api/dataflow/dataflow_api.h:27,
                 from /home/mvasiljevic/tt-metal/tt_metal/hw/inc/internal/firmware_common.h:24,
                 from /home/mvasiljevic/tt-metal/tt_metal/hw/firmware/src/tt-1xx/brisck.cc:17:
/home/mvasiljevic/tt-metal/tt_metal/tools/profiler/kernel_profiler.hpp: In function 'void kernel_profiler::quick_push()':
/home/mvasiljevic/tt-metal/tt_metal/tools/profiler/kernel_profiler.hpp:25:22: note: '#pragma message: PROFILER-NOC-QUICK-PUSH,/home/mvasiljevic/tt-metal/tt_metal/tools/profiler/kernel_profiler.hpp,395,KERNEL_PROFILER'
   25 | #define DO_PRAGMA(x) _Pragma(#x)
      |                      ^~~~~~~
/home/mvasiljevic/tt-metal/tt_metal/tools/profiler/kernel_profiler.hpp:35:5: note: in expansion of macro 'DO_PRAGMA'
   35 |     DO_PRAGMA(message(PROFILER_MSG_NAME(name))); \
      |     ^~~~~~~~~
/home/mvasiljevic/tt-metal/tt_metal/tools/profiler/kernel_profiler.hpp:395:5: note: in expansion of macro 'SrcLocNameToHash'
  395 |     SrcLocNameToHash("PROFILER-NOC-QUICK-PUSH");
      |     ^~~~~~~~~~~~~~~~
/home/mvasiljevic/tt-metal/tt_metal/hw/firmware/src/tt-1xx/brisck.cc: In function 'uint32_t _start()':
/home/mvasiljevic/tt-metal/tt_metal/tools/profiler/kernel_profiler.hpp:25:22: note: '#pragma message: BRISC-KERNEL,/home/mvasiljevic/tt-metal/tt_metal/hw/firmware/src/tt-1xx/brisck.cc,77,KERNEL_PROFILER'
   25 | #define DO_PRAGMA(x) _Pragma(#x)
      |                      ^~~~~~~
/home/mvasiljevic/tt-metal/tt_metal/tools/profiler/kernel_profiler.hpp:702:5: note: in expansion of macro 'DO_PRAGMA'
  702 |     DO_PRAGMA(message(PROFILER_MSG_NAME(name)));                               \
      |     ^~~~~~~~~
/home/mvasiljevic/tt-metal/tt_metal/hw/firmware/src/tt-1xx/brisck.cc:77:9: note: in expansion of macro 'DeviceZoneScopedMainChildN'
   77 |         DeviceZoneScopedMainChildN("BRISC-KERNEL");
      |         ^~~~~~~~~~~~~~~~~~~~~~~~~~
2026-07-30 02:40:06.653 | INFO     | tracy:signpost:49 - OPTIMIZED_DECODE_B1
2026-07-30 02:40:06.655 | INFO     | tracy:signpost:49 - OPTIMIZED_DECODE_B1_END
PERF_RESULTS mode=decode batch=1 context=128 traced=true values={'optimized': (0.6311340257525444, 0.6296709179878235)}
PASSED2026-07-30 02:40:06.949 | info     |           Metal | Device kernel duration perf summary (device=3): count=318, min=447ns, avg=16262.8ns, max=482584ns (profiler_analysis.cpp:675)
2026-07-30 02:40:06.949 | info     |           Metal | Device kernel duration perf histogram (device=3): (buckets=10, bucket_size=48300ns, range=[0..483000), underflow(<0ns)=0, overflow(>=483000ns)=0) (profiler_analysis.cpp:718)
2026-07-30 02:40:06.949 | info     |           Metal |   [           0 ..        48300) |########################################|      286 (profiler_analysis.cpp:723)
2026-07-30 02:40:06.949 | info     |           Metal |   [       48300 ..        96600) |###                                     |       23 (profiler_analysis.cpp:723)
2026-07-30 02:40:06.949 | info     |           Metal |   [       96600 ..       144900) |                                        |        1 (profiler_analysis.cpp:723)
2026-07-30 02:40:06.949 | info     |           Metal |   [      144900 ..       193200) |#                                       |        4 (profiler_analysis.cpp:723)
2026-07-30 02:40:06.949 | info     |           Metal |   [      193200 ..       241500) |                                        |        0 (profiler_analysis.cpp:723)
2026-07-30 02:40:06.949 | info     |           Metal |   [      241500 ..       289800) |                                        |        0 (profiler_analysis.cpp:723)
2026-07-30 02:40:06.949 | info     |           Metal |   [      289800 ..       338100) |                                        |        2 (profiler_analysis.cpp:723)
2026-07-30 02:40:06.949 | info     |           Metal |   [      338100 ..       386400) |                                        |        1 (profiler_analysis.cpp:723)
2026-07-30 02:40:06.949 | info     |           Metal |   [      386400 ..       434700) |                                        |        0 (profiler_analysis.cpp:723)
2026-07-30 02:40:06.949 | info     |           Metal |   [      434700 ..       483000) |                                        |        1 (profiler_analysis.cpp:723)

models/autoports/microsoft_phi_3_5_mini_instruct/tests/optimized_decoder_perf.py::test_profile_warmed_prefill_before_after[blackhole-32-mesh_device0] 2026-07-30 02:40:07.369 | DEBUG    | ttnn.device:__init__:152 - Using default dispatch core type for this system: DispatchCoreType.WORKER
2026-07-30 02:40:07.369 | DEBUG    | ttnn.device:__init__:154 - Using default dispatch core axis for this system: DispatchCoreAxis.COL
2026-07-30 02:40:07.411 | warning  |           Metal | Opening subset of mmio devices slows down UMD read/write to remote chips. If opening more devices, consider using CreateDevices API. (device_manager.cpp:261)
2026-07-30 02:40:07.413 | info     |           Metal | Profiler started on device 3 (profiler_initializer.cpp:49)
2026-07-30 02:40:07.453 | DEBUG    | conftest:mesh_device:599 - multidevice with 1 devices is created
2026-07-30 02:40:08.185 | INFO     | tracy:signpost:49 - OPTIMIZED_PREFILL_B32
Building ncrisc, compile step:
cd /home/mvasiljevic/.cache/tt-metal-cache/12569132917722018041/kernels/reader_bmm_tile_layout_in0_receiver/975324894636833651/ncrisc/ && /home/mvasiljevic/tt-metal/runtime/sfpi/compiler/bin/riscv-tt-elf-g++ -O2 -std=c++17 -ftt-nttp -ftt-constinit -ftt-consteval -ftt-no-dyninit -flto=auto -ffast-math -fno-exceptions -fno-rtti -fno-use-cxa-atexit -g -MMD -Wall -Werror -Wno-error=deprecated-declarations -Wno-error=multistatement-macros -Wno-error=parentheses -Wno-error=unused-but-set-variable -Wno-unused-variable -Wno-unused-function -mcpu=tt-bh -fno-tree-loop-distribute-patterns -I. -I.. -I/home/mvasiljevic/tt-metal/ -I/home/mvasiljevic/tt-metal/ttnn -I/home/mvasiljevic/tt-metal/ttnn/cpp -I/home/mvasiljevic/tt-metal/tt_metal -I/home/mvasiljevic/tt-metal/tt_metal/hw/inc -I/home/mvasiljevic/tt-metal/tt_metal/tt-llk/common -I/home/mvasiljevic/tt-metal/tt_metal/hostdevcommon/api -I/home/mvasiljevic/tt-metal/tt_metal/api/ -I/home/mvasiljevic/tt-metal/tt_metal/hw/ckernels/blackhole/metal/common -I/home/mvasiljevic/tt-metal/tt_metal/hw/ckernels/blackhole/metal/llk_io -I/home/mvasiljevic/tt-metal/tt_metal/hw/inc/internal/tt-1xx -I/home/mvasiljevic/tt-metal/tt_metal/hw/inc/internal/tt-1xx/blackhole -I/home/mvasiljevic/tt-metal/tt_metal/hw/inc/internal/tt-1xx/blackhole/blackhole_defines -I/home/mvasiljevic/tt-metal/tt_metal/hw/inc/internal/tt-1xx/blackhole/noc -I/home/mvasiljevic/tt-metal/tt_metal/tt-llk/tt_llk_blackhole/common/inc -I/home/mvasiljevic/tt-metal/tt_metal/tt-llk/tt_llk_blackhole/llk_lib -I/home/mvasiljevic/tt-metal/tt_metal/hw/firmware/src/tt-1xx -I/home/mvasiljevic/tt-metal/ttnn/cpp/ttnn/operations/matmul/device/kernels/dataflow -c -o /home/mvasiljevic/.cache/tt-metal-cache/12569132917722018041/kernels/reader_bmm_tile_layout_in0_receiver/975324894636833651/ncrisc/ncrisck.3749600202458196004.o /home/mvasiljevic/tt-metal/tt_metal/hw/firmware/src/tt-1xx/ncrisck.cc -MF /home/mvasiljevic/.cache/tt-metal-cache/12569132917722018041/kernels/reader_bmm_tile_layout_in0_receiver/975324894636833651/ncrisc/ncrisck.3749600202458196004.d -DIS_NOT_POW2_NUM_L1_BANKS=1 -DLOG_BASE_2_OF_NUM_DRAM_BANKS=3 -DNUM_DRAM_BANKS=8 -DNUM_L1_BANKS=110 -DPCIE_NOC_X=19 -DPCIE_NOC_Y=24 -DTENSIX_FIRMWARE -DLOCAL_MEM_EN=0 -DPROFILE_KERNEL=1 -DPROFILER_FULL_HOST_BUFFER_SIZE_PER_RISC=48000 -DPROCESSOR_INDEX=1 -DCOMPILE_FOR_NCRISC -DARCH_BLACKHOLE -DDISPATCH_MESSAGE_ADDR=4290184248 -DKERNEL_BUILD -DFULL_KERNEL_NAME="\"reader_bmm_tile_layout_in0_receiver/975324894636833651/\"" -DNOC_INDEX='1' -DNOC_MODE='0' -DKERNEL_COMPILE_TIME_ARGS=8,48,1,1,0,1,32,0 -DKERNEL_COMPILE_TIME_ARG_MAP="{\"cb_in0\",0}, " 
In file included from /home/mvasiljevic/tt-metal/tt_metal/hw/inc/api/dataflow/dataflow_api.h:27,
                 from /home/mvasiljevic/tt-metal/tt_metal/hw/inc/internal/firmware_common.h:24,
                 from /home/mvasiljevic/tt-metal/tt_metal/hw/firmware/src/tt-1xx/ncrisck.cc:17:
/home/mvasiljevic/tt-metal/tt_metal/tools/profiler/kernel_profiler.hpp: In function 'void kernel_profiler::quick_push()':
/home/mvasiljevic/tt-metal/tt_metal/tools/profiler/kernel_profiler.hpp:25:22: note: '#pragma message: PROFILER-NOC-QUICK-PUSH,/home/mvasiljevic/tt-metal/tt_metal/tools/profiler/kernel_profiler.hpp,395,KERNEL_PROFILER'
   25 | #define DO_PRAGMA(x) _Pragma(#x)
      |                      ^~~~~~~
/home/mvasiljevic/tt-metal/tt_metal/tools/profiler/kernel_profiler.hpp:35:5: note: in expansion of macro 'DO_PRAGMA'
   35 |     DO_PRAGMA(message(PROFILER_MSG_NAME(name))); \
      |     ^~~~~~~~~
/home/mvasiljevic/tt-metal/tt_metal/tools/profiler/kernel_profiler.hpp:395:5: note: in expansion of macro 'SrcLocNameToHash'
  395 |     SrcLocNameToHash("PROFILER-NOC-QUICK-PUSH");
      |     ^~~~~~~~~~~~~~~~
/home/mvasiljevic/tt-metal/tt_metal/hw/firmware/src/tt-1xx/ncrisck.cc: In function 'uint32_t _start()':
/home/mvasiljevic/tt-metal/tt_metal/tools/profiler/kernel_profiler.hpp:25:22: note: '#pragma message: NCRISC-KERNEL,/home/mvasiljevic/tt-metal/tt_metal/hw/firmware/src/tt-1xx/ncrisck.cc,69,KERNEL_PROFILER'
   25 | #define DO_PRAGMA(x) _Pragma(#x)
      |                      ^~~~~~~
/home/mvasiljevic/tt-metal/tt_metal/tools/profiler/kernel_profiler.hpp:702:5: note: in expansion of macro 'DO_PRAGMA'
  702 |     DO_PRAGMA(message(PROFILER_MSG_NAME(name)));                               \
      |     ^~~~~~~~~
/home/mvasiljevic/tt-metal/tt_metal/hw/firmware/src/tt-1xx/ncrisck.cc:69:5: note: in expansion of macro 'DeviceZoneScopedMainChildN'
   69 |     DeviceZoneScopedMainChildN("NCRISC-KERNEL");
      |     ^~~~~~~~~~~~~~~~~~~~~~~~~~
Building trisc2, compile step:
cd /home/mvasiljevic/.cache/tt-metal-cache/12569132917722018041/kernels/bmm_large_block_zm_fused_bias_activation/6371009572309037922/trisc2/ && /home/mvasiljevic/tt-metal/runtime/sfpi/compiler/bin/riscv-tt-elf-g++ -O3 -std=c++17 -ftt-nttp -ftt-constinit -ftt-consteval -ftt-no-dyninit -flto=auto -ffast-math -fno-exceptions -fno-rtti -fno-use-cxa-atexit -g -MMD -Wall -Werror -Wno-error=deprecated-declarations -Wno-error=multistatement-macros -Wno-error=parentheses -Wno-error=unused-but-set-variable -Wno-unused-variable -Wno-unused-function -mcpu=tt-bh-tensix -I. -I.. -I/home/mvasiljevic/tt-metal/ -I/home/mvasiljevic/tt-metal/ttnn -I/home/mvasiljevic/tt-metal/ttnn/cpp -I/home/mvasiljevic/tt-metal/tt_metal -I/home/mvasiljevic/tt-metal/tt_metal/hw/inc -I/home/mvasiljevic/tt-metal/tt_metal/tt-llk/common -I/home/mvasiljevic/tt-metal/tt_metal/hostdevcommon/api -I/home/mvasiljevic/tt-metal/tt_metal/api/ -I/home/mvasiljevic/tt-metal/runtime/sfpi/include -I/home/mvasiljevic/tt-metal/tt_metal/hw/ckernels/blackhole/metal/common -I/home/mvasiljevic/tt-metal/tt_metal/hw/ckernels/blackhole/metal/llk_io -I/home/mvasiljevic/tt-metal/tt_metal/hw/inc/internal/tt-1xx -I/home/mvasiljevic/tt-metal/tt_metal/hw/inc/internal/tt-1xx/blackhole -I/home/mvasiljevic/tt-metal/tt_metal/hw/inc/internal/tt-1xx/blackhole/blackhole_defines -I/home/mvasiljevic/tt-metal/tt_metal/hw/inc/internal/tt-1xx/blackhole/noc -I/home/mvasiljevic/tt-metal/tt_metal/tt-llk/tt_llk_blackhole/common/inc -I/home/mvasiljevic/tt-metal/tt_metal/tt-llk/tt_llk_blackhole/llk_lib -I/home/mvasiljevic/tt-metal/tt_metal/hw/ckernels/blackhole/metal/llk_api -I/home/mvasiljevic/tt-metal/tt_metal/hw/ckernels/blackhole/metal/llk_api/llk_sfpu -I/home/mvasiljevic/tt-metal/tt_metal/hw/firmware/src/tt-1xx -I/home/mvasiljevic/tt-metal/ttnn/cpp/ttnn/operations/matmul/device/kernels/compute -c -o /home/mvasiljevic/.cache/tt-metal-cache/12569132917722018041/kernels/bmm_large_block_zm_fused_bias_activation/6371009572309037922/trisc2/trisck.3749600202458196004.o /home/mvasiljevic/tt-metal/tt_metal/hw/firmware/src/tt-1xx/trisck.cc -MF /home/mvasiljevic/.cache/tt-metal-cache/12569132917722018041/kernels/bmm_large_block_zm_fused_bias_activation/6371009572309037922/trisc2/trisck.3749600202458196004.d -DIS_NOT_POW2_NUM_L1_BANKS=1 -DLOG_BASE_2_OF_NUM_DRAM_BANKS=3 -DNUM_DRAM_BANKS=8 -DNUM_L1_BANKS=110 -DPCIE_NOC_X=19 -DPCIE_NOC_Y=24 -DTENSIX_FIRMWARE -DLOCAL_MEM_EN=0 -DPROFILE_KERNEL=1 -DPROFILER_FULL_HOST_BUFFER_SIZE_PER_RISC=48000 -DPROCESSOR_INDEX=4 -DUCK_CHLKC_PACK -DCOMPILE_FOR_TRISC=2 -DARCH_BLACKHOLE -DDISPATCH_MESSAGE_ADDR=4290184248 -DKERNEL_BUILD -DFULL_KERNEL_NAME="\"bmm_large_block_zm_fused_bias_activation/6371009572309037922/\"" -DKERNEL_COMPILE_TIME_ARGS=2,2,8,4,1,6,3,48,1,1,2,3,6,32,12,0,0,0 -DKERNEL_COMPILE_TIME_ARG_MAP="{\"bias_ntiles\",3}, {\"cb_intermed0\",5}, {\"cb_out\",4}, {\"cb_in0_transposed\",10}, {\"cb_bias\",3}, {\"cb_in1\",1}, {\"cb_in0\",0}, " 
In file included from /home/mvasiljevic/tt-metal/tt_metal/hw/ckernels/blackhole/metal/llk_io/llk_io_pack.h:14,
                 from /home/mvasiljevic/tt-metal/tt_metal/hw/inc/api/compute/cb_api.h:12,
                 from /home/mvasiljevic/tt-metal/tt_metal/hw/inc/api/compute/common.h:11,
                 from /home/mvasiljevic/tt-metal/tt_metal/hw/inc/api/compute/matmul.h:7,
                 from /home/mvasiljevic/tt-metal/ttnn/cpp/ttnn/operations/matmul/device/kernels/compute/bmm_large_block_zm_fused_bias_activation.cpp:7,
                 from ../chlkc_pack.cpp:3,
                 from /home/mvasiljevic/tt-metal/tt_metal/hw/ckernels/blackhole/metal/common/chlkc_list.h:21,
                 from /home/mvasiljevic/tt-metal/tt_metal/hw/firmware/src/tt-1xx/trisck.cc:13:
/home/mvasiljevic/tt-metal/tt_metal/hw/ckernels/blackhole/metal/llk_io/llk_io_pack.h: In function 'void llk_wait_for_free_tiles(int32_t, int32_t)':
/home/mvasiljevic/tt-metal/tt_metal/tools/profiler/kernel_profiler.hpp:25:22: note: '#pragma message: CB-COMPUTE-RESERVE-BACK,/home/mvasiljevic/tt-metal/tt_metal/hw/ckernels/blackhole/metal/llk_io/llk_io_pack.h,21,KERNEL_PROFILER'
   25 | #define DO_PRAGMA(x) _Pragma(#x)
      |                      ^~~~~~~
/home/mvasiljevic/tt-metal/tt_metal/tools/profiler/kernel_profiler.hpp:712:5: note: in expansion of macro 'DO_PRAGMA'
  712 |     DO_PRAGMA(message(PROFILER_MSG_NAME(name)));                               \
      |     ^~~~~~~~~
/home/mvasiljevic/tt-metal/tt_metal/hw/ckernels/blackhole/metal/llk_io/llk_io_pack.h:21:5: note: in expansion of macro 'DeviceZoneScopedSumN2'
   21 |     DeviceZoneScopedSumN2("CB-COMPUTE-RESERVE-BACK");
      |     ^~~~~~~~~~~~~~~~~~~~~
/home/mvasiljevic/tt-metal/tt_metal/hw/firmware/src/tt-1xx/trisck.cc: In function 'uint32_t _start()':
/home/mvasiljevic/tt-metal/tt_metal/tools/profiler/kernel_profiler.hpp:25:22: note: '#pragma message: TRISC-KERNEL,/home/mvasiljevic/tt-metal/tt_metal/hw/firmware/src/tt-1xx/trisck.cc,86,KERNEL_PROFILER'
   25 | #define DO_PRAGMA(x) _Pragma(#x)
      |                      ^~~~~~~
/home/mvasiljevic/tt-metal/tt_metal/tools/profiler/kernel_profiler.hpp:702:5: note: in expansion of macro 'DO_PRAGMA'
  702 |     DO_PRAGMA(message(PROFILER_MSG_NAME(name)));                               \
      |     ^~~~~~~~~
/home/mvasiljevic/tt-metal/tt_metal/hw/firmware/src/tt-1xx/trisck.cc:86:5: note: in expansion of macro 'DeviceZoneScopedMainChildN'
   86 |     DeviceZoneScopedMainChildN("TRISC-KERNEL");
      |     ^~~~~~~~~~~~~~~~~~~~~~~~~~
Building trisc0, compile step:
cd /home/mvasiljevic/.cache/tt-metal-cache/12569132917722018041/kernels/bmm_large_block_zm_fused_bias_activation/6371009572309037922/trisc0/ && /home/mvasiljevic/tt-metal/runtime/sfpi/compiler/bin/riscv-tt-elf-g++ -O3 -std=c++17 -ftt-nttp -ftt-constinit -ftt-consteval -ftt-no-dyninit -flto=auto -ffast-math -fno-exceptions -fno-rtti -fno-use-cxa-atexit -g -MMD -Wall -Werror -Wno-error=deprecated-declarations -Wno-error=multistatement-macros -Wno-error=parentheses -Wno-error=unused-but-set-variable -Wno-unused-variable -Wno-unused-function -mcpu=tt-bh-tensix -I. -I.. -I/home/mvasiljevic/tt-metal/ -I/home/mvasiljevic/tt-metal/ttnn -I/home/mvasiljevic/tt-metal/ttnn/cpp -I/home/mvasiljevic/tt-metal/tt_metal -I/home/mvasiljevic/tt-metal/tt_metal/hw/inc -I/home/mvasiljevic/tt-metal/tt_metal/tt-llk/common -I/home/mvasiljevic/tt-metal/tt_metal/hostdevcommon/api -I/home/mvasiljevic/tt-metal/tt_metal/api/ -I/home/mvasiljevic/tt-metal/runtime/sfpi/include -I/home/mvasiljevic/tt-metal/tt_metal/hw/ckernels/blackhole/metal/common -I/home/mvasiljevic/tt-metal/tt_metal/hw/ckernels/blackhole/metal/llk_io -I/home/mvasiljevic/tt-metal/tt_metal/hw/inc/internal/tt-1xx -I/home/mvasiljevic/tt-metal/tt_metal/hw/inc/internal/tt-1xx/blackhole -I/home/mvasiljevic/tt-metal/tt_metal/hw/inc/internal/tt-1xx/blackhole/blackhole_defines -I/home/mvasiljevic/tt-metal/tt_metal/hw/inc/internal/tt-1xx/blackhole/noc -I/home/mvasiljevic/tt-metal/tt_metal/tt-llk/tt_llk_blackhole/common/inc -I/home/mvasiljevic/tt-metal/tt_metal/tt-llk/tt_llk_blackhole/llk_lib -I/home/mvasiljevic/tt-metal/tt_metal/hw/ckernels/blackhole/metal/llk_api -I/home/mvasiljevic/tt-metal/tt_metal/hw/ckernels/blackhole/metal/llk_api/llk_sfpu -I/home/mvasiljevic/tt-metal/tt_metal/hw/firmware/src/tt-1xx -I/home/mvasiljevic/tt-metal/ttnn/cpp/ttnn/operations/matmul/device/kernels/compute -c -o /home/mvasiljevic/.cache/tt-metal-cache/12569132917722018041/kernels/bmm_large_block_zm_fused_bias_activation/6371009572309037922/trisc0/trisck.3749600202458196004.o /home/mvasiljevic/tt-metal/tt_metal/hw/firmware/src/tt-1xx/trisck.cc -MF /home/mvasiljevic/.cache/tt-metal-cache/12569132917722018041/kernels/bmm_large_block_zm_fused_bias_activation/6371009572309037922/trisc0/trisck.3749600202458196004.d -DIS_NOT_POW2_NUM_L1_BANKS=1 -DLOG_BASE_2_OF_NUM_DRAM_BANKS=3 -DNUM_DRAM_BANKS=8 -DNUM_L1_BANKS=110 -DPCIE_NOC_X=19 -DPCIE_NOC_Y=24 -DTENSIX_FIRMWARE -DLOCAL_MEM_EN=0 -DPROFILE_KERNEL=1 -DPROFILER_FULL_HOST_BUFFER_SIZE_PER_RISC=48000 -DPROCESSOR_INDEX=2 -DUCK_CHLKC_UNPACK -DCOMPILE_FOR_TRISC=0 -DARCH_BLACKHOLE -DDISPATCH_MESSAGE_ADDR=4290184248 -DKERNEL_BUILD -DFULL_KERNEL_NAME="\"bmm_large_block_zm_fused_bias_activation/6371009572309037922/\"" -DKERNEL_COMPILE_TIME_ARGS=2,2,8,4,1,6,3,48,1,1,2,3,6,32,12,0,0,0 -DKERNEL_COMPILE_TIME_ARG_MAP="{\"bias_ntiles\",3}, {\"cb_intermed0\",5}, {\"cb_out\",4}, {\"cb_in0_transposed\",10}, {\"cb_bias\",3}, {\"cb_in1\",1}, {\"cb_in0\",0}, " 
In file included from /home/mvasiljevic/tt-metal/tt_metal/hw/ckernels/blackhole/metal/llk_io/llk_io_unpack.h:13,
                 from /home/mvasiljevic/tt-metal/tt_metal/hw/inc/api/compute/cb_api.h:15,
                 from /home/mvasiljevic/tt-metal/tt_metal/hw/inc/api/compute/common.h:11,
                 from /home/mvasiljevic/tt-metal/tt_metal/hw/inc/api/compute/matmul.h:7,
                 from /home/mvasiljevic/tt-metal/ttnn/cpp/ttnn/operations/matmul/device/kernels/compute/bmm_large_block_zm_fused_bias_activation.cpp:7,
                 from ../chlkc_unpack.cpp:3,
                 from /home/mvasiljevic/tt-metal/tt_metal/hw/ckernels/blackhole/metal/common/chlkc_list.h:26,
                 from /home/mvasiljevic/tt-metal/tt_metal/hw/firmware/src/tt-1xx/trisck.cc:13:
/home/mvasiljevic/tt-metal/tt_metal/hw/ckernels/blackhole/metal/llk_io/llk_io_unpack.h: In function 'void llk_wait_tiles(int, int32_t)':
/home/mvasiljevic/tt-metal/tt_metal/tools/profiler/kernel_profiler.hpp:25:22: note: '#pragma message: CB-COMPUTE-WAIT-FRONT,/home/mvasiljevic/tt-metal/tt_metal/hw/ckernels/blackhole/metal/llk_io/llk_io_unpack.h,19,KERNEL_PROFILER'
   25 | #define DO_PRAGMA(x) _Pragma(#x)
      |                      ^~~~~~~
/home/mvasiljevic/tt-metal/tt_metal/tools/profiler/kernel_profiler.hpp:707:5: note: in expansion of macro 'DO_PRAGMA'
  707 |     DO_PRAGMA(message(PROFILER_MSG_NAME(name)));                               \
      |     ^~~~~~~~~
/home/mvasiljevic/tt-metal/tt_metal/hw/ckernels/blackhole/metal/llk_io/llk_io_unpack.h:19:5: note: in expansion of macro 'DeviceZoneScopedSumN1'
   19 |     DeviceZoneScopedSumN1("CB-COMPUTE-WAIT-FRONT");
      |     ^~~~~~~~~~~~~~~~~~~~~
/home/mvasiljevic/tt-metal/tt_metal/hw/firmware/src/tt-1xx/trisck.cc: In function 'uint32_t _start()':
/home/mvasiljevic/tt-metal/tt_metal/tools/profiler/kernel_profiler.hpp:25:22: note: '#pragma message: TRISC-KERNEL,/home/mvasiljevic/tt-metal/tt_metal/hw/firmware/src/tt-1xx/trisck.cc,86,KERNEL_PROFILER'
   25 | #define DO_PRAGMA(x) _Pragma(#x)
      |                      ^~~~~~~
/home/mvasiljevic/tt-metal/tt_metal/tools/profiler/kernel_profiler.hpp:702:5: note: in expansion of macro 'DO_PRAGMA'
  702 |     DO_PRAGMA(message(PROFILER_MSG_NAME(name)));                               \
      |     ^~~~~~~~~
/home/mvasiljevic/tt-metal/tt_metal/hw/firmware/src/tt-1xx/trisck.cc:86:5: note: in expansion of macro 'DeviceZoneScopedMainChildN'
   86 |     DeviceZoneScopedMainChildN("TRISC-KERNEL");
      |     ^~~~~~~~~~~~~~~~~~~~~~~~~~
Building brisc, compile step:
cd /home/mvasiljevic/.cache/tt-metal-cache/12569132917722018041/kernels/reader_bmm_tile_layout_in1_sender_writer_padding/12585410324904574759/brisc/ && /home/mvasiljevic/tt-metal/runtime/sfpi/compiler/bin/riscv-tt-elf-g++ -O2 -std=c++17 -ftt-nttp -ftt-constinit -ftt-consteval -ftt-no-dyninit -flto=auto -ffast-math -fno-exceptions -fno-rtti -fno-use-cxa-atexit -g -MMD -Wall -Werror -Wno-error=deprecated-declarations -Wno-error=multistatement-macros -Wno-error=parentheses -Wno-error=unused-but-set-variable -Wno-unused-variable -Wno-unused-function -mcpu=tt-bh -fno-tree-loop-distribute-patterns -I. -I.. -I/home/mvasiljevic/tt-metal/ -I/home/mvasiljevic/tt-metal/ttnn -I/home/mvasiljevic/tt-metal/ttnn/cpp -I/home/mvasiljevic/tt-metal/tt_metal -I/home/mvasiljevic/tt-metal/tt_metal/hw/inc -I/home/mvasiljevic/tt-metal/tt_metal/tt-llk/common -I/home/mvasiljevic/tt-metal/tt_metal/hostdevcommon/api -I/home/mvasiljevic/tt-metal/tt_metal/api/ -I/home/mvasiljevic/tt-metal/tt_metal/hw/ckernels/blackhole/metal/common -I/home/mvasiljevic/tt-metal/tt_metal/hw/ckernels/blackhole/metal/llk_io -I/home/mvasiljevic/tt-metal/tt_metal/hw/inc/internal/tt-1xx -I/home/mvasiljevic/tt-metal/tt_metal/hw/inc/internal/tt-1xx/blackhole -I/home/mvasiljevic/tt-metal/tt_metal/hw/inc/internal/tt-1xx/blackhole/blackhole_defines -I/home/mvasiljevic/tt-metal/tt_metal/hw/inc/internal/tt-1xx/blackhole/noc -I/home/mvasiljevic/tt-metal/tt_metal/tt-llk/tt_llk_blackhole/common/inc -I/home/mvasiljevic/tt-metal/tt_metal/tt-llk/tt_llk_blackhole/llk_lib -I/home/mvasiljevic/tt-metal/tt_metal/hw/firmware/src/tt-1xx -I/home/mvasiljevic/tt-metal/ttnn/cpp/ttnn/operations/matmul/device/kernels/dataflow -c -o /home/mvasiljevic/.cache/tt-metal-cache/12569132917722018041/kernels/reader_bmm_tile_layout_in1_sender_writer_padding/12585410324904574759/brisc/brisck.3749600202458196004.o /home/mvasiljevic/tt-metal/tt_metal/hw/firmware/src/tt-1xx/brisck.cc -MF /home/mvasiljevic/.cache/tt-metal-cache/12569132917722018041/kernels/reader_bmm_tile_layout_in1_sender_writer_padding/12585410324904574759/brisc/brisck.3749600202458196004.d -DIS_NOT_POW2_NUM_L1_BANKS=1 -DLOG_BASE_2_OF_NUM_DRAM_BANKS=3 -DNUM_DRAM_BANKS=8 -DNUM_L1_BANKS=110 -DPCIE_NOC_X=19 -DPCIE_NOC_Y=24 -DTENSIX_FIRMWARE -DLOCAL_MEM_EN=0 -DPROFILE_KERNEL=1 -DPROFILER_FULL_HOST_BUFFER_SIZE_PER_RISC=48000 -DPROCESSOR_INDEX=0 -DCOMPILE_FOR_BRISC -DARCH_BLACKHOLE -DDISPATCH_MESSAGE_ADDR=4290184248 -DKERNEL_BUILD -DFULL_KERNEL_NAME="\"reader_bmm_tile_layout_in1_sender_writer_padding/12585410324904574759/\"" -DSKIP_MCAST='1' -DNOC_INDEX='0' -DNOC_MODE='0' -DKERNEL_COMPILE_TIME_ARGS=1,288,576,3,3,2,6,48,1,1,0,0,0,0,27648,32,1,0,0,1,288,3,576,3,1152,3,2,6,1152,0,0,0,2,576,0,0,2,2048 -DKERNEL_COMPILE_TIME_ARG_MAP="{\"cb_sparsity\",7}, {\"cb_out\",4}, {\"cb_bias\",3}, {\"cb_in1\",1}, " 
In file included from /home/mvasiljevic/tt-metal/tt_metal/hw/inc/api/dataflow/dataflow_api.h:27,
                 from /home/mvasiljevic/tt-metal/tt_metal/hw/inc/internal/firmware_common.h:24,
                 from /home/mvasiljevic/tt-metal/tt_metal/hw/firmware/src/tt-1xx/brisck.cc:17:
/home/mvasiljevic/tt-metal/tt_metal/tools/profiler/kernel_profiler.hpp: In function 'void kernel_profiler::quick_push()':
/home/mvasiljevic/tt-metal/tt_metal/tools/profiler/kernel_profiler.hpp:25:22: note: '#pragma message: PROFILER-NOC-QUICK-PUSH,/home/mvasiljevic/tt-metal/tt_metal/tools/profiler/kernel_profiler.hpp,395,KERNEL_PROFILER'
   25 | #define DO_PRAGMA(x) _Pragma(#x)
      |                      ^~~~~~~
/home/mvasiljevic/tt-metal/tt_metal/tools/profiler/kernel_profiler.hpp:35:5: note: in expansion of macro 'DO_PRAGMA'
   35 |     DO_PRAGMA(message(PROFILER_MSG_NAME(name))); \
      |     ^~~~~~~~~
/home/mvasiljevic/tt-metal/tt_metal/tools/profiler/kernel_profiler.hpp:395:5: note: in expansion of macro 'SrcLocNameToHash'
  395 |     SrcLocNameToHash("PROFILER-NOC-QUICK-PUSH");
      |     ^~~~~~~~~~~~~~~~
/home/mvasiljevic/tt-metal/tt_metal/hw/firmware/src/tt-1xx/brisck.cc: In function 'uint32_t _start()':
/home/mvasiljevic/tt-metal/tt_metal/tools/profiler/kernel_profiler.hpp:25:22: note: '#pragma message: BRISC-KERNEL,/home/mvasiljevic/tt-metal/tt_metal/hw/firmware/src/tt-1xx/brisck.cc,77,KERNEL_PROFILER'
   25 | #define DO_PRAGMA(x) _Pragma(#x)
      |                      ^~~~~~~
/home/mvasiljevic/tt-metal/tt_metal/tools/profiler/kernel_profiler.hpp:702:5: note: in expansion of macro 'DO_PRAGMA'
  702 |     DO_PRAGMA(message(PROFILER_MSG_NAME(name)));                               \
      |     ^~~~~~~~~
/home/mvasiljevic/tt-metal/tt_metal/hw/firmware/src/tt-1xx/brisck.cc:77:9: note: in expansion of macro 'DeviceZoneScopedMainChildN'
   77 |         DeviceZoneScopedMainChildN("BRISC-KERNEL");
      |         ^~~~~~~~~~~~~~~~~~~~~~~~~~
Building ncrisc, compile step:
cd /home/mvasiljevic/.cache/tt-metal-cache/12569132917722018041/kernels/reader_bmm_tile_layout_in0_sender_padding/9752815314910782195/ncrisc/ && /home/mvasiljevic/tt-metal/runtime/sfpi/compiler/bin/riscv-tt-elf-g++ -O2 -std=c++17 -ftt-nttp -ftt-constinit -ftt-consteval -ftt-no-dyninit -flto=auto -ffast-math -fno-exceptions -fno-rtti -fno-use-cxa-atexit -g -MMD -Wall -Werror -Wno-error=deprecated-declarations -Wno-error=multistatement-macros -Wno-error=parentheses -Wno-error=unused-but-set-variable -Wno-unused-variable -Wno-unused-function -mcpu=tt-bh -fno-tree-loop-distribute-patterns -I. -I.. -I/home/mvasiljevic/tt-metal/ -I/home/mvasiljevic/tt-metal/ttnn -I/home/mvasiljevic/tt-metal/ttnn/cpp -I/home/mvasiljevic/tt-metal/tt_metal -I/home/mvasiljevic/tt-metal/tt_metal/hw/inc -I/home/mvasiljevic/tt-metal/tt_metal/tt-llk/common -I/home/mvasiljevic/tt-metal/tt_metal/hostdevcommon/api -I/home/mvasiljevic/tt-metal/tt_metal/api/ -I/home/mvasiljevic/tt-metal/tt_metal/hw/ckernels/blackhole/metal/common -I/home/mvasiljevic/tt-metal/tt_metal/hw/ckernels/blackhole/metal/llk_io -I/home/mvasiljevic/tt-metal/tt_metal/hw/inc/internal/tt-1xx -I/home/mvasiljevic/tt-metal/tt_metal/hw/inc/internal/tt-1xx/blackhole -I/home/mvasiljevic/tt-metal/tt_metal/hw/inc/internal/tt-1xx/blackhole/blackhole_defines -I/home/mvasiljevic/tt-metal/tt_metal/hw/inc/internal/tt-1xx/blackhole/noc -I/home/mvasiljevic/tt-metal/tt_metal/tt-llk/tt_llk_blackhole/common/inc -I/home/mvasiljevic/tt-metal/tt_metal/tt-llk/tt_llk_blackhole/llk_lib -I/home/mvasiljevic/tt-metal/tt_metal/hw/firmware/src/tt-1xx -I/home/mvasiljevic/tt-metal/ttnn/cpp/ttnn/operations/matmul/device/kernels/dataflow -c -o /home/mvasiljevic/.cache/tt-metal-cache/12569132917722018041/kernels/reader_bmm_tile_layout_in0_sender_padding/9752815314910782195/ncrisc/ncrisck.3749600202458196004.o /home/mvasiljevic/tt-metal/tt_metal/hw/firmware/src/tt-1xx/ncrisck.cc -MF /home/mvasiljevic/.cache/tt-metal-cache/12569132917722018041/kernels/reader_bmm_tile_layout_in0_sender_padding/9752815314910782195/ncrisc/ncrisck.3749600202458196004.d -DIS_NOT_POW2_NUM_L1_BANKS=1 -DLOG_BASE_2_OF_NUM_DRAM_BANKS=3 -DNUM_DRAM_BANKS=8 -DNUM_L1_BANKS=110 -DPCIE_NOC_X=19 -DPCIE_NOC_Y=24 -DTENSIX_FIRMWARE -DLOCAL_MEM_EN=0 -DPROFILE_KERNEL=1 -DPROFILER_FULL_HOST_BUFFER_SIZE_PER_RISC=48000 -DPROCESSOR_INDEX=1 -DCOMPILE_FOR_NCRISC -DARCH_BLACKHOLE -DDISPATCH_MESSAGE_ADDR=4290184248 -DKERNEL_BUILD -DFULL_KERNEL_NAME="\"reader_bmm_tile_layout_in0_sender_padding/9752815314910782195/\"" -DNOC_INDEX='1' -DNOC_MODE='0' -DKERNEL_COMPILE_TIME_ARGS=1,96,2,384,2,4,8,0,0,0,0,0,48,1,1,0,1,95,98,384,32,1,0,0,0,1,0,0,2,2048,0,0,0 -DKERNEL_COMPILE_TIME_ARG_MAP="{\"cb_sparsity\",6}, {\"cb_in0_sharded\",2}, {\"cb_in0\",0}, " 
In file included from /home/mvasiljevic/tt-metal/tt_metal/hw/inc/api/dataflow/dataflow_api.h:27,
                 from /home/mvasiljevic/tt-metal/tt_metal/hw/inc/internal/firmware_common.h:24,
                 from /home/mvasiljevic/tt-metal/tt_metal/hw/firmware/src/tt-1xx/ncrisck.cc:17:
/home/mvasiljevic/tt-metal/tt_metal/tools/profiler/kernel_profiler.hpp: In function 'void kernel_profiler::quick_push()':
/home/mvasiljevic/tt-metal/tt_metal/tools/profiler/kernel_profiler.hpp:25:22: note: '#pragma message: PROFILER-NOC-QUICK-PUSH,/home/mvasiljevic/tt-metal/tt_metal/tools/profiler/kernel_profiler.hpp,395,KERNEL_PROFILER'
   25 | #define DO_PRAGMA(x) _Pragma(#x)
      |                      ^~~~~~~
/home/mvasiljevic/tt-metal/tt_metal/tools/profiler/kernel_profiler.hpp:35:5: note: in expansion of macro 'DO_PRAGMA'
   35 |     DO_PRAGMA(message(PROFILER_MSG_NAME(name))); \
      |     ^~~~~~~~~
/home/mvasiljevic/tt-metal/tt_metal/tools/profiler/kernel_profiler.hpp:395:5: note: in expansion of macro 'SrcLocNameToHash'
  395 |     SrcLocNameToHash("PROFILER-NOC-QUICK-PUSH");
      |     ^~~~~~~~~~~~~~~~
/home/mvasiljevic/tt-metal/tt_metal/hw/firmware/src/tt-1xx/ncrisck.cc: In function 'uint32_t _start()':
/home/mvasiljevic/tt-metal/tt_metal/tools/profiler/kernel_profiler.hpp:25:22: note: '#pragma message: NCRISC-KERNEL,/home/mvasiljevic/tt-metal/tt_metal/hw/firmware/src/tt-1xx/ncrisck.cc,69,KERNEL_PROFILER'
   25 | #define DO_PRAGMA(x) _Pragma(#x)
      |                      ^~~~~~~
/home/mvasiljevic/tt-metal/tt_metal/tools/profiler/kernel_profiler.hpp:702:5: note: in expansion of macro 'DO_PRAGMA'
  702 |     DO_PRAGMA(message(PROFILER_MSG_NAME(name)));                               \
      |     ^~~~~~~~~
/home/mvasiljevic/tt-metal/tt_metal/hw/firmware/src/tt-1xx/ncrisck.cc:69:5: note: in expansion of macro 'DeviceZoneScopedMainChildN'
   69 |     DeviceZoneScopedMainChildN("NCRISC-KERNEL");
      |     ^~~~~~~~~~~~~~~~~~~~~~~~~~
Building trisc1, compile step:
cd /home/mvasiljevic/.cache/tt-metal-cache/12569132917722018041/kernels/bmm_large_block_zm_fused_bias_activation/6371009572309037922/trisc1/ && /home/mvasiljevic/tt-metal/runtime/sfpi/compiler/bin/riscv-tt-elf-g++ -O3 -std=c++17 -ftt-nttp -ftt-constinit -ftt-consteval -ftt-no-dyninit -flto=auto -ffast-math -fno-exceptions -fno-rtti -fno-use-cxa-atexit -g -MMD -Wall -Werror -Wno-error=deprecated-declarations -Wno-error=multistatement-macros -Wno-error=parentheses -Wno-error=unused-but-set-variable -Wno-unused-variable -Wno-unused-function -mcpu=tt-bh-tensix -I. -I.. -I/home/mvasiljevic/tt-metal/ -I/home/mvasiljevic/tt-metal/ttnn -I/home/mvasiljevic/tt-metal/ttnn/cpp -I/home/mvasiljevic/tt-metal/tt_metal -I/home/mvasiljevic/tt-metal/tt_metal/hw/inc -I/home/mvasiljevic/tt-metal/tt_metal/tt-llk/common -I/home/mvasiljevic/tt-metal/tt_metal/hostdevcommon/api -I/home/mvasiljevic/tt-metal/tt_metal/api/ -I/home/mvasiljevic/tt-metal/runtime/sfpi/include -I/home/mvasiljevic/tt-metal/tt_metal/hw/ckernels/blackhole/metal/common -I/home/mvasiljevic/tt-metal/tt_metal/hw/ckernels/blackhole/metal/llk_io -I/home/mvasiljevic/tt-metal/tt_metal/hw/inc/internal/tt-1xx -I/home/mvasiljevic/tt-metal/tt_metal/hw/inc/internal/tt-1xx/blackhole -I/home/mvasiljevic/tt-metal/tt_metal/hw/inc/internal/tt-1xx/blackhole/blackhole_defines -I/home/mvasiljevic/tt-metal/tt_metal/hw/inc/internal/tt-1xx/blackhole/noc -I/home/mvasiljevic/tt-metal/tt_metal/tt-llk/tt_llk_blackhole/common/inc -I/home/mvasiljevic/tt-metal/tt_metal/tt-llk/tt_llk_blackhole/llk_lib -I/home/mvasiljevic/tt-metal/tt_metal/hw/ckernels/blackhole/metal/llk_api -I/home/mvasiljevic/tt-metal/tt_metal/hw/ckernels/blackhole/metal/llk_api/llk_sfpu -I/home/mvasiljevic/tt-metal/tt_metal/hw/firmware/src/tt-1xx -I/home/mvasiljevic/tt-metal/ttnn/cpp/ttnn/operations/matmul/device/kernels/compute -c -o /home/mvasiljevic/.cache/tt-metal-cache/12569132917722018041/kernels/bmm_large_block_zm_fused_bias_activation/6371009572309037922/trisc1/trisck.3749600202458196004.o /home/mvasiljevic/tt-metal/tt_metal/hw/firmware/src/tt-1xx/trisck.cc -MF /home/mvasiljevic/.cache/tt-metal-cache/12569132917722018041/kernels/bmm_large_block_zm_fused_bias_activation/6371009572309037922/trisc1/trisck.3749600202458196004.d -DIS_NOT_POW2_NUM_L1_BANKS=1 -DLOG_BASE_2_OF_NUM_DRAM_BANKS=3 -DNUM_DRAM_BANKS=8 -DNUM_L1_BANKS=110 -DPCIE_NOC_X=19 -DPCIE_NOC_Y=24 -DTENSIX_FIRMWARE -DLOCAL_MEM_EN=0 -DPROFILE_KERNEL=1 -DPROFILER_FULL_HOST_BUFFER_SIZE_PER_RISC=48000 -DPROCESSOR_INDEX=3 -DUCK_CHLKC_MATH -DCOMPILE_FOR_TRISC=1 -DARCH_BLACKHOLE -DDISPATCH_MESSAGE_ADDR=4290184248 -DKERNEL_BUILD -DFULL_KERNEL_NAME="\"bmm_large_block_zm_fused_bias_activation/6371009572309037922/\"" -DKERNEL_COMPILE_TIME_ARGS=2,2,8,4,1,6,3,48,1,1,2,3,6,32,12,0,0,0 -DKERNEL_COMPILE_TIME_ARG_MAP="{\"bias_ntiles\",3}, {\"cb_intermed0\",5}, {\"cb_out\",4}, {\"cb_in0_transposed\",10}, {\"cb_bias\",3}, {\"cb_in1\",1}, {\"cb_in0\",0}, " 
In file included from /home/mvasiljevic/tt-metal/tt_metal/hw/firmware/src/tt-1xx/trisck.cc:15:
/home/mvasiljevic/tt-metal/tt_metal/hw/firmware/src/tt-1xx/trisck.cc: In function 'uint32_t _start()':
/home/mvasiljevic/tt-metal/tt_metal/tools/profiler/kernel_profiler.hpp:25:22: note: '#pragma message: TRISC-KERNEL,/home/mvasiljevic/tt-metal/tt_metal/hw/firmware/src/tt-1xx/trisck.cc,86,KERNEL_PROFILER'
   25 | #define DO_PRAGMA(x) _Pragma(#x)
      |                      ^~~~~~~
/home/mvasiljevic/tt-metal/tt_metal/tools/profiler/kernel_profiler.hpp:702:5: note: in expansion of macro 'DO_PRAGMA'
  702 |     DO_PRAGMA(message(PROFILER_MSG_NAME(name)));                               \
      |     ^~~~~~~~~
/home/mvasiljevic/tt-metal/tt_metal/hw/firmware/src/tt-1xx/trisck.cc:86:5: note: in expansion of macro 'DeviceZoneScopedMainChildN'
   86 |     DeviceZoneScopedMainChildN("TRISC-KERNEL");
      |     ^~~~~~~~~~~~~~~~~~~~~~~~~~
Building trisc2, compile step:
cd /home/mvasiljevic/.cache/tt-metal-cache/12569132917722018041/kernels/bmm_large_block_zm_fused_bias_activation/4100056364867282890/trisc2/ && /home/mvasiljevic/tt-metal/runtime/sfpi/compiler/bin/riscv-tt-elf-g++ -O3 -std=c++17 -ftt-nttp -ftt-constinit -ftt-consteval -ftt-no-dyninit -flto=auto -ffast-math -fno-exceptions -fno-rtti -fno-use-cxa-atexit -g -MMD -Wall -Werror -Wno-error=deprecated-declarations -Wno-error=multistatement-macros -Wno-error=parentheses -Wno-error=unused-but-set-variable -Wno-unused-variable -Wno-unused-function -mcpu=tt-bh-tensix -I. -I.. -I/home/mvasiljevic/tt-metal/ -I/home/mvasiljevic/tt-metal/ttnn -I/home/mvasiljevic/tt-metal/ttnn/cpp -I/home/mvasiljevic/tt-metal/tt_metal -I/home/mvasiljevic/tt-metal/tt_metal/hw/inc -I/home/mvasiljevic/tt-metal/tt_metal/tt-llk/common -I/home/mvasiljevic/tt-metal/tt_metal/hostdevcommon/api -I/home/mvasiljevic/tt-metal/tt_metal/api/ -I/home/mvasiljevic/tt-metal/runtime/sfpi/include -I/home/mvasiljevic/tt-metal/tt_metal/hw/ckernels/blackhole/metal/common -I/home/mvasiljevic/tt-metal/tt_metal/hw/ckernels/blackhole/metal/llk_io -I/home/mvasiljevic/tt-metal/tt_metal/hw/inc/internal/tt-1xx -I/home/mvasiljevic/tt-metal/tt_metal/hw/inc/internal/tt-1xx/blackhole -I/home/mvasiljevic/tt-metal/tt_metal/hw/inc/internal/tt-1xx/blackhole/blackhole_defines -I/home/mvasiljevic/tt-metal/tt_metal/hw/inc/internal/tt-1xx/blackhole/noc -I/home/mvasiljevic/tt-metal/tt_metal/tt-llk/tt_llk_blackhole/common/inc -I/home/mvasiljevic/tt-metal/tt_metal/tt-llk/tt_llk_blackhole/llk_lib -I/home/mvasiljevic/tt-metal/tt_metal/hw/ckernels/blackhole/metal/llk_api -I/home/mvasiljevic/tt-metal/tt_metal/hw/ckernels/blackhole/metal/llk_api/llk_sfpu -I/home/mvasiljevic/tt-metal/tt_metal/hw/firmware/src/tt-1xx -I/home/mvasiljevic/tt-metal/ttnn/cpp/ttnn/operations/matmul/device/kernels/compute -c -o /home/mvasiljevic/.cache/tt-metal-cache/12569132917722018041/kernels/bmm_large_block_zm_fused_bias_activation/4100056364867282890/trisc2/trisck.3749600202458196004.o /home/mvasiljevic/tt-metal/tt_metal/hw/firmware/src/tt-1xx/trisck.cc -MF /home/mvasiljevic/.cache/tt-metal-cache/12569132917722018041/kernels/bmm_large_block_zm_fused_bias_activation/4100056364867282890/trisc2/trisck.3749600202458196004.d -DIS_NOT_POW2_NUM_L1_BANKS=1 -DLOG_BASE_2_OF_NUM_DRAM_BANKS=3 -DNUM_DRAM_BANKS=8 -DNUM_L1_BANKS=110 -DPCIE_NOC_X=19 -DPCIE_NOC_Y=24 -DTENSIX_FIRMWARE -DLOCAL_MEM_EN=0 -DPROFILE_KERNEL=1 -DPROFILER_FULL_HOST_BUFFER_SIZE_PER_RISC=48000 -DPROCESSOR_INDEX=4 -DUCK_CHLKC_PACK -DCOMPILE_FOR_TRISC=2 -DARCH_BLACKHOLE -DDISPATCH_MESSAGE_ADDR=4290184248 -DKERNEL_BUILD -DFULL_KERNEL_NAME="\"bmm_large_block_zm_fused_bias_activation/4100056364867282890/\"" -DKERNEL_COMPILE_TIME_ARGS=2,1,8,8,1,2,1,48,1,1,4,1,4,32,4,0,0,0 -DKERNEL_COMPILE_TIME_ARG_MAP="{\"bias_ntiles\",1}, {\"cb_intermed0\",5}, {\"cb_out\",4}, {\"cb_in0_transposed\",10}, {\"cb_bias\",3}, {\"cb_in1\",1}, {\"cb_in0\",0}, " 
In file included from /home/mvasiljevic/tt-metal/tt_metal/hw/ckernels/blackhole/metal/llk_io/llk_io_pack.h:14,
                 from /home/mvasiljevic/tt-metal/tt_metal/hw/inc/api/compute/cb_api.h:12,
                 from /home/mvasiljevic/tt-metal/tt_metal/hw/inc/api/compute/common.h:11,
                 from /home/mvasiljevic/tt-metal/tt_metal/hw/inc/api/compute/matmul.h:7,
                 from /home/mvasiljevic/tt-metal/ttnn/cpp/ttnn/operations/matmul/device/kernels/compute/bmm_large_block_zm_fused_bias_activation.cpp:7,
                 from ../chlkc_pack.cpp:3,
                 from /home/mvasiljevic/tt-metal/tt_metal/hw/ckernels/blackhole/metal/common/chlkc_list.h:21,
                 from /home/mvasiljevic/tt-metal/tt_metal/hw/firmware/src/tt-1xx/trisck.cc:13:
/home/mvasiljevic/tt-metal/tt_metal/hw/ckernels/blackhole/metal/llk_io/llk_io_pack.h: In function 'void llk_wait_for_free_tiles(int32_t, int32_t)':
/home/mvasiljevic/tt-metal/tt_metal/tools/profiler/kernel_profiler.hpp:25:22: note: '#pragma message: CB-COMPUTE-RESERVE-BACK,/home/mvasiljevic/tt-metal/tt_metal/hw/ckernels/blackhole/metal/llk_io/llk_io_pack.h,21,KERNEL_PROFILER'
   25 | #define DO_PRAGMA(x) _Pragma(#x)
      |                      ^~~~~~~
/home/mvasiljevic/tt-metal/tt_metal/tools/profiler/kernel_profiler.hpp:712:5: note: in expansion of macro 'DO_PRAGMA'
  712 |     DO_PRAGMA(message(PROFILER_MSG_NAME(name)));                               \
      |     ^~~~~~~~~
/home/mvasiljevic/tt-metal/tt_metal/hw/ckernels/blackhole/metal/llk_io/llk_io_pack.h:21:5: note: in expansion of macro 'DeviceZoneScopedSumN2'
   21 |     DeviceZoneScopedSumN2("CB-COMPUTE-RESERVE-BACK");
      |     ^~~~~~~~~~~~~~~~~~~~~
/home/mvasiljevic/tt-metal/tt_metal/hw/firmware/src/tt-1xx/trisck.cc: In function 'uint32_t _start()':
/home/mvasiljevic/tt-metal/tt_metal/tools/profiler/kernel_profiler.hpp:25:22: note: '#pragma message: TRISC-KERNEL,/home/mvasiljevic/tt-metal/tt_metal/hw/firmware/src/tt-1xx/trisck.cc,86,KERNEL_PROFILER'
   25 | #define DO_PRAGMA(x) _Pragma(#x)
      |                      ^~~~~~~
/home/mvasiljevic/tt-metal/tt_metal/tools/profiler/kernel_profiler.hpp:702:5: note: in expansion of macro 'DO_PRAGMA'
  702 |     DO_PRAGMA(message(PROFILER_MSG_NAME(name)));                               \
      |     ^~~~~~~~~
/home/mvasiljevic/tt-metal/tt_metal/hw/firmware/src/tt-1xx/trisck.cc:86:5: note: in expansion of macro 'DeviceZoneScopedMainChildN'
   86 |     DeviceZoneScopedMainChildN("TRISC-KERNEL");
      |     ^~~~~~~~~~~~~~~~~~~~~~~~~~
Building trisc0, compile step:
cd /home/mvasiljevic/.cache/tt-metal-cache/12569132917722018041/kernels/bmm_large_block_zm_fused_bias_activation/4100056364867282890/trisc0/ && /home/mvasiljevic/tt-metal/runtime/sfpi/compiler/bin/riscv-tt-elf-g++ -O3 -std=c++17 -ftt-nttp -ftt-constinit -ftt-consteval -ftt-no-dyninit -flto=auto -ffast-math -fno-exceptions -fno-rtti -fno-use-cxa-atexit -g -MMD -Wall -Werror -Wno-error=deprecated-declarations -Wno-error=multistatement-macros -Wno-error=parentheses -Wno-error=unused-but-set-variable -Wno-unused-variable -Wno-unused-function -mcpu=tt-bh-tensix -I. -I.. -I/home/mvasiljevic/tt-metal/ -I/home/mvasiljevic/tt-metal/ttnn -I/home/mvasiljevic/tt-metal/ttnn/cpp -I/home/mvasiljevic/tt-metal/tt_metal -I/home/mvasiljevic/tt-metal/tt_metal/hw/inc -I/home/mvasiljevic/tt-metal/tt_metal/tt-llk/common -I/home/mvasiljevic/tt-metal/tt_metal/hostdevcommon/api -I/home/mvasiljevic/tt-metal/tt_metal/api/ -I/home/mvasiljevic/tt-metal/runtime/sfpi/include -I/home/mvasiljevic/tt-metal/tt_metal/hw/ckernels/blackhole/metal/common -I/home/mvasiljevic/tt-metal/tt_metal/hw/ckernels/blackhole/metal/llk_io -I/home/mvasiljevic/tt-metal/tt_metal/hw/inc/internal/tt-1xx -I/home/mvasiljevic/tt-metal/tt_metal/hw/inc/internal/tt-1xx/blackhole -I/home/mvasiljevic/tt-metal/tt_metal/hw/inc/internal/tt-1xx/blackhole/blackhole_defines -I/home/mvasiljevic/tt-metal/tt_metal/hw/inc/internal/tt-1xx/blackhole/noc -I/home/mvasiljevic/tt-metal/tt_metal/tt-llk/tt_llk_blackhole/common/inc -I/home/mvasiljevic/tt-metal/tt_metal/tt-llk/tt_llk_blackhole/llk_lib -I/home/mvasiljevic/tt-metal/tt_metal/hw/ckernels/blackhole/metal/llk_api -I/home/mvasiljevic/tt-metal/tt_metal/hw/ckernels/blackhole/metal/llk_api/llk_sfpu -I/home/mvasiljevic/tt-metal/tt_metal/hw/firmware/src/tt-1xx -I/home/mvasiljevic/tt-metal/ttnn/cpp/ttnn/operations/matmul/device/kernels/compute -c -o /home/mvasiljevic/.cache/tt-metal-cache/12569132917722018041/kernels/bmm_large_block_zm_fused_bias_activation/4100056364867282890/trisc0/trisck.3749600202458196004.o /home/mvasiljevic/tt-metal/tt_metal/hw/firmware/src/tt-1xx/trisck.cc -MF /home/mvasiljevic/.cache/tt-metal-cache/12569132917722018041/kernels/bmm_large_block_zm_fused_bias_activation/4100056364867282890/trisc0/trisck.3749600202458196004.d -DIS_NOT_POW2_NUM_L1_BANKS=1 -DLOG_BASE_2_OF_NUM_DRAM_BANKS=3 -DNUM_DRAM_BANKS=8 -DNUM_L1_BANKS=110 -DPCIE_NOC_X=19 -DPCIE_NOC_Y=24 -DTENSIX_FIRMWARE -DLOCAL_MEM_EN=0 -DPROFILE_KERNEL=1 -DPROFILER_FULL_HOST_BUFFER_SIZE_PER_RISC=48000 -DPROCESSOR_INDEX=2 -DUCK_CHLKC_UNPACK -DCOMPILE_FOR_TRISC=0 -DARCH_BLACKHOLE -DDISPATCH_MESSAGE_ADDR=4290184248 -DKERNEL_BUILD -DFULL_KERNEL_NAME="\"bmm_large_block_zm_fused_bias_activation/4100056364867282890/\"" -DKERNEL_COMPILE_TIME_ARGS=2,1,8,8,1,2,1,48,1,1,4,1,4,32,4,0,0,0 -DKERNEL_COMPILE_TIME_ARG_MAP="{\"bias_ntiles\",1}, {\"cb_intermed0\",5}, {\"cb_out\",4}, {\"cb_in0_transposed\",10}, {\"cb_bias\",3}, {\"cb_in1\",1}, {\"cb_in0\",0}, " 
In file included from /home/mvasiljevic/tt-metal/tt_metal/hw/ckernels/blackhole/metal/llk_io/llk_io_unpack.h:13,
                 from /home/mvasiljevic/tt-metal/tt_metal/hw/inc/api/compute/cb_api.h:15,
                 from /home/mvasiljevic/tt-metal/tt_metal/hw/inc/api/compute/common.h:11,
                 from /home/mvasiljevic/tt-metal/tt_metal/hw/inc/api/compute/matmul.h:7,
                 from /home/mvasiljevic/tt-metal/ttnn/cpp/ttnn/operations/matmul/device/kernels/compute/bmm_large_block_zm_fused_bias_activation.cpp:7,
                 from ../chlkc_unpack.cpp:3,
                 from /home/mvasiljevic/tt-metal/tt_metal/hw/ckernels/blackhole/metal/common/chlkc_list.h:26,
                 from /home/mvasiljevic/tt-metal/tt_metal/hw/firmware/src/tt-1xx/trisck.cc:13:
/home/mvasiljevic/tt-metal/tt_metal/hw/ckernels/blackhole/metal/llk_io/llk_io_unpack.h: In function 'void llk_wait_tiles(int, int32_t)':
/home/mvasiljevic/tt-metal/tt_metal/tools/profiler/kernel_profiler.hpp:25:22: note: '#pragma message: CB-COMPUTE-WAIT-FRONT,/home/mvasiljevic/tt-metal/tt_metal/hw/ckernels/blackhole/metal/llk_io/llk_io_unpack.h,19,KERNEL_PROFILER'
   25 | #define DO_PRAGMA(x) _Pragma(#x)
      |                      ^~~~~~~
/home/mvasiljevic/tt-metal/tt_metal/tools/profiler/kernel_profiler.hpp:707:5: note: in expansion of macro 'DO_PRAGMA'
  707 |     DO_PRAGMA(message(PROFILER_MSG_NAME(name)));                               \
      |     ^~~~~~~~~
/home/mvasiljevic/tt-metal/tt_metal/hw/ckernels/blackhole/metal/llk_io/llk_io_unpack.h:19:5: note: in expansion of macro 'DeviceZoneScopedSumN1'
   19 |     DeviceZoneScopedSumN1("CB-COMPUTE-WAIT-FRONT");
      |     ^~~~~~~~~~~~~~~~~~~~~
/home/mvasiljevic/tt-metal/tt_metal/hw/firmware/src/tt-1xx/trisck.cc: In function 'uint32_t _start()':
/home/mvasiljevic/tt-metal/tt_metal/tools/profiler/kernel_profiler.hpp:25:22: note: '#pragma message: TRISC-KERNEL,/home/mvasiljevic/tt-metal/tt_metal/hw/firmware/src/tt-1xx/trisck.cc,86,KERNEL_PROFILER'
   25 | #define DO_PRAGMA(x) _Pragma(#x)
      |                      ^~~~~~~
/home/mvasiljevic/tt-metal/tt_metal/tools/profiler/kernel_profiler.hpp:702:5: note: in expansion of macro 'DO_PRAGMA'
  702 |     DO_PRAGMA(message(PROFILER_MSG_NAME(name)));                               \
      |     ^~~~~~~~~
/home/mvasiljevic/tt-metal/tt_metal/hw/firmware/src/tt-1xx/trisck.cc:86:5: note: in expansion of macro 'DeviceZoneScopedMainChildN'
   86 |     DeviceZoneScopedMainChildN("TRISC-KERNEL");
      |     ^~~~~~~~~~~~~~~~~~~~~~~~~~
Building brisc, compile step:
cd /home/mvasiljevic/.cache/tt-metal-cache/12569132917722018041/kernels/reader_bmm_tile_layout_in1_sender_writer_padding/3575595408810764996/brisc/ && /home/mvasiljevic/tt-metal/runtime/sfpi/compiler/bin/riscv-tt-elf-g++ -O2 -std=c++17 -ftt-nttp -ftt-constinit -ftt-consteval -ftt-no-dyninit -flto=auto -ffast-math -fno-exceptions -fno-rtti -fno-use-cxa-atexit -g -MMD -Wall -Werror -Wno-error=deprecated-declarations -Wno-error=multistatement-macros -Wno-error=parentheses -Wno-error=unused-but-set-variable -Wno-unused-variable -Wno-unused-function -mcpu=tt-bh -fno-tree-loop-distribute-patterns -I. -I.. -I/home/mvasiljevic/tt-metal/ -I/home/mvasiljevic/tt-metal/ttnn -I/home/mvasiljevic/tt-metal/ttnn/cpp -I/home/mvasiljevic/tt-metal/tt_metal -I/home/mvasiljevic/tt-metal/tt_metal/hw/inc -I/home/mvasiljevic/tt-metal/tt_metal/tt-llk/common -I/home/mvasiljevic/tt-metal/tt_metal/hostdevcommon/api -I/home/mvasiljevic/tt-metal/tt_metal/api/ -I/home/mvasiljevic/tt-metal/tt_metal/hw/ckernels/blackhole/metal/common -I/home/mvasiljevic/tt-metal/tt_metal/hw/ckernels/blackhole/metal/llk_io -I/home/mvasiljevic/tt-metal/tt_metal/hw/inc/internal/tt-1xx -I/home/mvasiljevic/tt-metal/tt_metal/hw/inc/internal/tt-1xx/blackhole -I/home/mvasiljevic/tt-metal/tt_metal/hw/inc/internal/tt-1xx/blackhole/blackhole_defines -I/home/mvasiljevic/tt-metal/tt_metal/hw/inc/internal/tt-1xx/blackhole/noc -I/home/mvasiljevic/tt-metal/tt_metal/tt-llk/tt_llk_blackhole/common/inc -I/home/mvasiljevic/tt-metal/tt_metal/tt-llk/tt_llk_blackhole/llk_lib -I/home/mvasiljevic/tt-metal/tt_metal/hw/firmware/src/tt-1xx -I/home/mvasiljevic/tt-metal/ttnn/cpp/ttnn/operations/matmul/device/kernels/dataflow -c -o /home/mvasiljevic/.cache/tt-metal-cache/12569132917722018041/kernels/reader_bmm_tile_layout_in1_sender_writer_padding/3575595408810764996/brisc/brisck.3749600202458196004.o /home/mvasiljevic/tt-metal/tt_metal/hw/firmware/src/tt-1xx/brisck.cc -MF /home/mvasiljevic/.cache/tt-metal-cache/12569132917722018041/kernels/reader_bmm_tile_layout_in1_sender_writer_padding/3575595408810764996/brisc/brisck.3749600202458196004.d -DIS_NOT_POW2_NUM_L1_BANKS=1 -DLOG_BASE_2_OF_NUM_DRAM_BANKS=3 -DNUM_DRAM_BANKS=8 -DNUM_L1_BANKS=110 -DPCIE_NOC_X=19 -DPCIE_NOC_Y=24 -DTENSIX_FIRMWARE -DLOCAL_MEM_EN=0 -DPROFILE_KERNEL=1 -DPROFILER_FULL_HOST_BUFFER_SIZE_PER_RISC=48000 -DPROCESSOR_INDEX=0 -DCOMPILE_FOR_BRISC -DARCH_BLACKHOLE -DDISPATCH_MESSAGE_ADDR=4290184248 -DKERNEL_BUILD -DFULL_KERNEL_NAME="\"reader_bmm_tile_layout_in1_sender_writer_padding/3575595408810764996/\"" -DSKIP_MCAST='1' -DNOC_INDEX='0' -DNOC_MODE='0' -DKERNEL_COMPILE_TIME_ARGS=1,96,192,1,1,2,2,48,1,1,0,0,0,0,9216,32,1,0,0,1,96,1,384,1,384,1,4,4,384,0,0,0,2,576,0,0,2,2048 -DKERNEL_COMPILE_TIME_ARG_MAP="{\"cb_sparsity\",7}, {\"cb_out\",4}, {\"cb_bias\",3}, {\"cb_in1\",1}, " 
In file included from /home/mvasiljevic/tt-metal/tt_metal/hw/inc/api/dataflow/dataflow_api.h:27,
                 from /home/mvasiljevic/tt-metal/tt_metal/hw/inc/internal/firmware_common.h:24,
                 from /home/mvasiljevic/tt-metal/tt_metal/hw/firmware/src/tt-1xx/brisck.cc:17:
/home/mvasiljevic/tt-metal/tt_metal/tools/profiler/kernel_profiler.hpp: In function 'void kernel_profiler::quick_push()':
/home/mvasiljevic/tt-metal/tt_metal/tools/profiler/kernel_profiler.hpp:25:22: note: '#pragma message: PROFILER-NOC-QUICK-PUSH,/home/mvasiljevic/tt-metal/tt_metal/tools/profiler/kernel_profiler.hpp,395,KERNEL_PROFILER'
   25 | #define DO_PRAGMA(x) _Pragma(#x)
      |                      ^~~~~~~
/home/mvasiljevic/tt-metal/tt_metal/tools/profiler/kernel_profiler.hpp:35:5: note: in expansion of macro 'DO_PRAGMA'
   35 |     DO_PRAGMA(message(PROFILER_MSG_NAME(name))); \
      |     ^~~~~~~~~
/home/mvasiljevic/tt-metal/tt_metal/tools/profiler/kernel_profiler.hpp:395:5: note: in expansion of macro 'SrcLocNameToHash'
  395 |     SrcLocNameToHash("PROFILER-NOC-QUICK-PUSH");
      |     ^~~~~~~~~~~~~~~~
/home/mvasiljevic/tt-metal/tt_metal/hw/firmware/src/tt-1xx/brisck.cc: In function 'uint32_t _start()':
/home/mvasiljevic/tt-metal/tt_metal/tools/profiler/kernel_profiler.hpp:25:22: note: '#pragma message: BRISC-KERNEL,/home/mvasiljevic/tt-metal/tt_metal/hw/firmware/src/tt-1xx/brisck.cc,77,KERNEL_PROFILER'
   25 | #define DO_PRAGMA(x) _Pragma(#x)
      |                      ^~~~~~~
/home/mvasiljevic/tt-metal/tt_metal/tools/profiler/kernel_profiler.hpp:702:5: note: in expansion of macro 'DO_PRAGMA'
  702 |     DO_PRAGMA(message(PROFILER_MSG_NAME(name)));                               \
      |     ^~~~~~~~~
/home/mvasiljevic/tt-metal/tt_metal/hw/firmware/src/tt-1xx/brisck.cc:77:9: note: in expansion of macro 'DeviceZoneScopedMainChildN'
   77 |         DeviceZoneScopedMainChildN("BRISC-KERNEL");
      |         ^~~~~~~~~~~~~~~~~~~~~~~~~~
Building trisc1, compile step:
cd /home/mvasiljevic/.cache/tt-metal-cache/12569132917722018041/kernels/bmm_large_block_zm_fused_bias_activation/4100056364867282890/trisc1/ && /home/mvasiljevic/tt-metal/runtime/sfpi/compiler/bin/riscv-tt-elf-g++ -O3 -std=c++17 -ftt-nttp -ftt-constinit -ftt-consteval -ftt-no-dyninit -flto=auto -ffast-math -fno-exceptions -fno-rtti -fno-use-cxa-atexit -g -MMD -Wall -Werror -Wno-error=deprecated-declarations -Wno-error=multistatement-macros -Wno-error=parentheses -Wno-error=unused-but-set-variable -Wno-unused-variable -Wno-unused-function -mcpu=tt-bh-tensix -I. -I.. -I/home/mvasiljevic/tt-metal/ -I/home/mvasiljevic/tt-metal/ttnn -I/home/mvasiljevic/tt-metal/ttnn/cpp -I/home/mvasiljevic/tt-metal/tt_metal -I/home/mvasiljevic/tt-metal/tt_metal/hw/inc -I/home/mvasiljevic/tt-metal/tt_metal/tt-llk/common -I/home/mvasiljevic/tt-metal/tt_metal/hostdevcommon/api -I/home/mvasiljevic/tt-metal/tt_metal/api/ -I/home/mvasiljevic/tt-metal/runtime/sfpi/include -I/home/mvasiljevic/tt-metal/tt_metal/hw/ckernels/blackhole/metal/common -I/home/mvasiljevic/tt-metal/tt_metal/hw/ckernels/blackhole/metal/llk_io -I/home/mvasiljevic/tt-metal/tt_metal/hw/inc/internal/tt-1xx -I/home/mvasiljevic/tt-metal/tt_metal/hw/inc/internal/tt-1xx/blackhole -I/home/mvasiljevic/tt-metal/tt_metal/hw/inc/internal/tt-1xx/blackhole/blackhole_defines -I/home/mvasiljevic/tt-metal/tt_metal/hw/inc/internal/tt-1xx/blackhole/noc -I/home/mvasiljevic/tt-metal/tt_metal/tt-llk/tt_llk_blackhole/common/inc -I/home/mvasiljevic/tt-metal/tt_metal/tt-llk/tt_llk_blackhole/llk_lib -I/home/mvasiljevic/tt-metal/tt_metal/hw/ckernels/blackhole/metal/llk_api -I/home/mvasiljevic/tt-metal/tt_metal/hw/ckernels/blackhole/metal/llk_api/llk_sfpu -I/home/mvasiljevic/tt-metal/tt_metal/hw/firmware/src/tt-1xx -I/home/mvasiljevic/tt-metal/ttnn/cpp/ttnn/operations/matmul/device/kernels/compute -c -o /home/mvasiljevic/.cache/tt-metal-cache/12569132917722018041/kernels/bmm_large_block_zm_fused_bias_activation/4100056364867282890/trisc1/trisck.3749600202458196004.o /home/mvasiljevic/tt-metal/tt_metal/hw/firmware/src/tt-1xx/trisck.cc -MF /home/mvasiljevic/.cache/tt-metal-cache/12569132917722018041/kernels/bmm_large_block_zm_fused_bias_activation/4100056364867282890/trisc1/trisck.3749600202458196004.d -DIS_NOT_POW2_NUM_L1_BANKS=1 -DLOG_BASE_2_OF_NUM_DRAM_BANKS=3 -DNUM_DRAM_BANKS=8 -DNUM_L1_BANKS=110 -DPCIE_NOC_X=19 -DPCIE_NOC_Y=24 -DTENSIX_FIRMWARE -DLOCAL_MEM_EN=0 -DPROFILE_KERNEL=1 -DPROFILER_FULL_HOST_BUFFER_SIZE_PER_RISC=48000 -DPROCESSOR_INDEX=3 -DUCK_CHLKC_MATH -DCOMPILE_FOR_TRISC=1 -DARCH_BLACKHOLE -DDISPATCH_MESSAGE_ADDR=4290184248 -DKERNEL_BUILD -DFULL_KERNEL_NAME="\"bmm_large_block_zm_fused_bias_activation/4100056364867282890/\"" -DKERNEL_COMPILE_TIME_ARGS=2,1,8,8,1,2,1,48,1,1,4,1,4,32,4,0,0,0 -DKERNEL_COMPILE_TIME_ARG_MAP="{\"bias_ntiles\",1}, {\"cb_intermed0\",5}, {\"cb_out\",4}, {\"cb_in0_transposed\",10}, {\"cb_bias\",3}, {\"cb_in1\",1}, {\"cb_in0\",0}, " 
In file included from /home/mvasiljevic/tt-metal/tt_metal/hw/firmware/src/tt-1xx/trisck.cc:15:
/home/mvasiljevic/tt-metal/tt_metal/hw/firmware/src/tt-1xx/trisck.cc: In function 'uint32_t _start()':
/home/mvasiljevic/tt-metal/tt_metal/tools/profiler/kernel_profiler.hpp:25:22: note: '#pragma message: TRISC-KERNEL,/home/mvasiljevic/tt-metal/tt_metal/hw/firmware/src/tt-1xx/trisck.cc,86,KERNEL_PROFILER'
   25 | #define DO_PRAGMA(x) _Pragma(#x)
      |                      ^~~~~~~
/home/mvasiljevic/tt-metal/tt_metal/tools/profiler/kernel_profiler.hpp:702:5: note: in expansion of macro 'DO_PRAGMA'
  702 |     DO_PRAGMA(message(PROFILER_MSG_NAME(name)));                               \
      |     ^~~~~~~~~
/home/mvasiljevic/tt-metal/tt_metal/hw/firmware/src/tt-1xx/trisck.cc:86:5: note: in expansion of macro 'DeviceZoneScopedMainChildN'
   86 |     DeviceZoneScopedMainChildN("TRISC-KERNEL");
      |     ^~~~~~~~~~~~~~~~~~~~~~~~~~
Building trisc2, compile step:
cd /home/mvasiljevic/.cache/tt-metal-cache/12569132917722018041/kernels/bmm_large_block_zm_fused_bias_activation/18078909461336739543/trisc2/ && /home/mvasiljevic/tt-metal/runtime/sfpi/compiler/bin/riscv-tt-elf-g++ -O3 -std=c++17 -ftt-nttp -ftt-constinit -ftt-consteval -ftt-no-dyninit -flto=auto -ffast-math -fno-exceptions -fno-rtti -fno-use-cxa-atexit -g -MMD -Wall -Werror -Wno-error=deprecated-declarations -Wno-error=multistatement-macros -Wno-error=parentheses -Wno-error=unused-but-set-variable -Wno-unused-variable -Wno-unused-function -mcpu=tt-bh-tensix -I. -I.. -I/home/mvasiljevic/tt-metal/ -I/home/mvasiljevic/tt-metal/ttnn -I/home/mvasiljevic/tt-metal/ttnn/cpp -I/home/mvasiljevic/tt-metal/tt_metal -I/home/mvasiljevic/tt-metal/tt_metal/hw/inc -I/home/mvasiljevic/tt-metal/tt_metal/tt-llk/common -I/home/mvasiljevic/tt-metal/tt_metal/hostdevcommon/api -I/home/mvasiljevic/tt-metal/tt_metal/api/ -I/home/mvasiljevic/tt-metal/runtime/sfpi/include -I/home/mvasiljevic/tt-metal/tt_metal/hw/ckernels/blackhole/metal/common -I/home/mvasiljevic/tt-metal/tt_metal/hw/ckernels/blackhole/metal/llk_io -I/home/mvasiljevic/tt-metal/tt_metal/hw/inc/internal/tt-1xx -I/home/mvasiljevic/tt-metal/tt_metal/hw/inc/internal/tt-1xx/blackhole -I/home/mvasiljevic/tt-metal/tt_metal/hw/inc/internal/tt-1xx/blackhole/blackhole_defines -I/home/mvasiljevic/tt-metal/tt_metal/hw/inc/internal/tt-1xx/blackhole/noc -I/home/mvasiljevic/tt-metal/tt_metal/tt-llk/tt_llk_blackhole/common/inc -I/home/mvasiljevic/tt-metal/tt_metal/tt-llk/tt_llk_blackhole/llk_lib -I/home/mvasiljevic/tt-metal/tt_metal/hw/ckernels/blackhole/metal/llk_api -I/home/mvasiljevic/tt-metal/tt_metal/hw/ckernels/blackhole/metal/llk_api/llk_sfpu -I/home/mvasiljevic/tt-metal/tt_metal/hw/firmware/src/tt-1xx -I/home/mvasiljevic/tt-metal/ttnn/cpp/ttnn/operations/matmul/device/kernels/compute -c -o /home/mvasiljevic/.cache/tt-metal-cache/12569132917722018041/kernels/bmm_large_block_zm_fused_bias_activation/18078909461336739543/trisc2/trisck.3749600202458196004.o /home/mvasiljevic/tt-metal/tt_metal/hw/firmware/src/tt-1xx/trisck.cc -MF /home/mvasiljevic/.cache/tt-metal-cache/12569132917722018041/kernels/bmm_large_block_zm_fused_bias_activation/18078909461336739543/trisc2/trisck.3749600202458196004.d -DIS_NOT_POW2_NUM_L1_BANKS=1 -DLOG_BASE_2_OF_NUM_DRAM_BANKS=3 -DNUM_DRAM_BANKS=8 -DNUM_L1_BANKS=110 -DPCIE_NOC_X=19 -DPCIE_NOC_Y=24 -DTENSIX_FIRMWARE -DLOCAL_MEM_EN=0 -DPROFILE_KERNEL=1 -DPROFILER_FULL_HOST_BUFFER_SIZE_PER_RISC=48000 -DPROCESSOR_INDEX=4 -DUCK_CHLKC_PACK -DCOMPILE_FOR_TRISC=2 -DARCH_BLACKHOLE -DDISPATCH_MESSAGE_ADDR=4290184248 -DKERNEL_BUILD -DFULL_KERNEL_NAME="\"bmm_large_block_zm_fused_bias_activation/18078909461336739543/\"" -DKERNEL_COMPILE_TIME_ARGS=2,4,8,2,1,10,5,48,1,1,1,5,5,32,20,0,0,0 -DKERNEL_COMPILE_TIME_ARG_MAP="{\"bias_ntiles\",5}, {\"cb_intermed0\",5}, {\"cb_out\",4}, {\"cb_in0_transposed\",10}, {\"cb_bias\",3}, {\"cb_in1\",1}, {\"cb_in0\",0}, " 
In file included from /home/mvasiljevic/tt-metal/tt_metal/hw/ckernels/blackhole/metal/llk_io/llk_io_pack.h:14,
                 from /home/mvasiljevic/tt-metal/tt_metal/hw/inc/api/compute/cb_api.h:12,
                 from /home/mvasiljevic/tt-metal/tt_metal/hw/inc/api/compute/common.h:11,
                 from /home/mvasiljevic/tt-metal/tt_metal/hw/inc/api/compute/matmul.h:7,
                 from /home/mvasiljevic/tt-metal/ttnn/cpp/ttnn/operations/matmul/device/kernels/compute/bmm_large_block_zm_fused_bias_activation.cpp:7,
                 from ../chlkc_pack.cpp:3,
                 from /home/mvasiljevic/tt-metal/tt_metal/hw/ckernels/blackhole/metal/common/chlkc_list.h:21,
                 from /home/mvasiljevic/tt-metal/tt_metal/hw/firmware/src/tt-1xx/trisck.cc:13:
/home/mvasiljevic/tt-metal/tt_metal/hw/ckernels/blackhole/metal/llk_io/llk_io_pack.h: In function 'void llk_wait_for_free_tiles(int32_t, int32_t)':
/home/mvasiljevic/tt-metal/tt_metal/tools/profiler/kernel_profiler.hpp:25:22: note: '#pragma message: CB-COMPUTE-RESERVE-BACK,/home/mvasiljevic/tt-metal/tt_metal/hw/ckernels/blackhole/metal/llk_io/llk_io_pack.h,21,KERNEL_PROFILER'
   25 | #define DO_PRAGMA(x) _Pragma(#x)
      |                      ^~~~~~~
/home/mvasiljevic/tt-metal/tt_metal/tools/profiler/kernel_profiler.hpp:712:5: note: in expansion of macro 'DO_PRAGMA'
  712 |     DO_PRAGMA(message(PROFILER_MSG_NAME(name)));                               \
      |     ^~~~~~~~~
/home/mvasiljevic/tt-metal/tt_metal/hw/ckernels/blackhole/metal/llk_io/llk_io_pack.h:21:5: note: in expansion of macro 'DeviceZoneScopedSumN2'
   21 |     DeviceZoneScopedSumN2("CB-COMPUTE-RESERVE-BACK");
      |     ^~~~~~~~~~~~~~~~~~~~~
/home/mvasiljevic/tt-metal/tt_metal/hw/firmware/src/tt-1xx/trisck.cc: In function 'uint32_t _start()':
/home/mvasiljevic/tt-metal/tt_metal/tools/profiler/kernel_profiler.hpp:25:22: note: '#pragma message: TRISC-KERNEL,/home/mvasiljevic/tt-metal/tt_metal/hw/firmware/src/tt-1xx/trisck.cc,86,KERNEL_PROFILER'
   25 | #define DO_PRAGMA(x) _Pragma(#x)
      |                      ^~~~~~~
/home/mvasiljevic/tt-metal/tt_metal/tools/profiler/kernel_profiler.hpp:702:5: note: in expansion of macro 'DO_PRAGMA'
  702 |     DO_PRAGMA(message(PROFILER_MSG_NAME(name)));                               \
      |     ^~~~~~~~~
/home/mvasiljevic/tt-metal/tt_metal/hw/firmware/src/tt-1xx/trisck.cc:86:5: note: in expansion of macro 'DeviceZoneScopedMainChildN'
   86 |     DeviceZoneScopedMainChildN("TRISC-KERNEL");
      |     ^~~~~~~~~~~~~~~~~~~~~~~~~~
Building trisc0, compile step:
cd /home/mvasiljevic/.cache/tt-metal-cache/12569132917722018041/kernels/bmm_large_block_zm_fused_bias_activation/18078909461336739543/trisc0/ && /home/mvasiljevic/tt-metal/runtime/sfpi/compiler/bin/riscv-tt-elf-g++ -O3 -std=c++17 -ftt-nttp -ftt-constinit -ftt-consteval -ftt-no-dyninit -flto=auto -ffast-math -fno-exceptions -fno-rtti -fno-use-cxa-atexit -g -MMD -Wall -Werror -Wno-error=deprecated-declarations -Wno-error=multistatement-macros -Wno-error=parentheses -Wno-error=unused-but-set-variable -Wno-unused-variable -Wno-unused-function -mcpu=tt-bh-tensix -I. -I.. -I/home/mvasiljevic/tt-metal/ -I/home/mvasiljevic/tt-metal/ttnn -I/home/mvasiljevic/tt-metal/ttnn/cpp -I/home/mvasiljevic/tt-metal/tt_metal -I/home/mvasiljevic/tt-metal/tt_metal/hw/inc -I/home/mvasiljevic/tt-metal/tt_metal/tt-llk/common -I/home/mvasiljevic/tt-metal/tt_metal/hostdevcommon/api -I/home/mvasiljevic/tt-metal/tt_metal/api/ -I/home/mvasiljevic/tt-metal/runtime/sfpi/include -I/home/mvasiljevic/tt-metal/tt_metal/hw/ckernels/blackhole/metal/common -I/home/mvasiljevic/tt-metal/tt_metal/hw/ckernels/blackhole/metal/llk_io -I/home/mvasiljevic/tt-metal/tt_metal/hw/inc/internal/tt-1xx -I/home/mvasiljevic/tt-metal/tt_metal/hw/inc/internal/tt-1xx/blackhole -I/home/mvasiljevic/tt-metal/tt_metal/hw/inc/internal/tt-1xx/blackhole/blackhole_defines -I/home/mvasiljevic/tt-metal/tt_metal/hw/inc/internal/tt-1xx/blackhole/noc -I/home/mvasiljevic/tt-metal/tt_metal/tt-llk/tt_llk_blackhole/common/inc -I/home/mvasiljevic/tt-metal/tt_metal/tt-llk/tt_llk_blackhole/llk_lib -I/home/mvasiljevic/tt-metal/tt_metal/hw/ckernels/blackhole/metal/llk_api -I/home/mvasiljevic/tt-metal/tt_metal/hw/ckernels/blackhole/metal/llk_api/llk_sfpu -I/home/mvasiljevic/tt-metal/tt_metal/hw/firmware/src/tt-1xx -I/home/mvasiljevic/tt-metal/ttnn/cpp/ttnn/operations/matmul/device/kernels/compute -c -o /home/mvasiljevic/.cache/tt-metal-cache/12569132917722018041/kernels/bmm_large_block_zm_fused_bias_activation/18078909461336739543/trisc0/trisck.3749600202458196004.o /home/mvasiljevic/tt-metal/tt_metal/hw/firmware/src/tt-1xx/trisck.cc -MF /home/mvasiljevic/.cache/tt-metal-cache/12569132917722018041/kernels/bmm_large_block_zm_fused_bias_activation/18078909461336739543/trisc0/trisck.3749600202458196004.d -DIS_NOT_POW2_NUM_L1_BANKS=1 -DLOG_BASE_2_OF_NUM_DRAM_BANKS=3 -DNUM_DRAM_BANKS=8 -DNUM_L1_BANKS=110 -DPCIE_NOC_X=19 -DPCIE_NOC_Y=24 -DTENSIX_FIRMWARE -DLOCAL_MEM_EN=0 -DPROFILE_KERNEL=1 -DPROFILER_FULL_HOST_BUFFER_SIZE_PER_RISC=48000 -DPROCESSOR_INDEX=2 -DUCK_CHLKC_UNPACK -DCOMPILE_FOR_TRISC=0 -DARCH_BLACKHOLE -DDISPATCH_MESSAGE_ADDR=4290184248 -DKERNEL_BUILD -DFULL_KERNEL_NAME="\"bmm_large_block_zm_fused_bias_activation/18078909461336739543/\"" -DKERNEL_COMPILE_TIME_ARGS=2,4,8,2,1,10,5,48,1,1,1,5,5,32,20,0,0,0 -DKERNEL_COMPILE_TIME_ARG_MAP="{\"bias_ntiles\",5}, {\"cb_intermed0\",5}, {\"cb_out\",4}, {\"cb_in0_transposed\",10}, {\"cb_bias\",3}, {\"cb_in1\",1}, {\"cb_in0\",0}, " 
In file included from /home/mvasiljevic/tt-metal/tt_metal/hw/ckernels/blackhole/metal/llk_io/llk_io_unpack.h:13,
                 from /home/mvasiljevic/tt-metal/tt_metal/hw/inc/api/compute/cb_api.h:15,
                 from /home/mvasiljevic/tt-metal/tt_metal/hw/inc/api/compute/common.h:11,
                 from /home/mvasiljevic/tt-metal/tt_metal/hw/inc/api/compute/matmul.h:7,
                 from /home/mvasiljevic/tt-metal/ttnn/cpp/ttnn/operations/matmul/device/kernels/compute/bmm_large_block_zm_fused_bias_activation.cpp:7,
                 from ../chlkc_unpack.cpp:3,
                 from /home/mvasiljevic/tt-metal/tt_metal/hw/ckernels/blackhole/metal/common/chlkc_list.h:26,
                 from /home/mvasiljevic/tt-metal/tt_metal/hw/firmware/src/tt-1xx/trisck.cc:13:
/home/mvasiljevic/tt-metal/tt_metal/hw/ckernels/blackhole/metal/llk_io/llk_io_unpack.h: In function 'void llk_wait_tiles(int, int32_t)':
/home/mvasiljevic/tt-metal/tt_metal/tools/profiler/kernel_profiler.hpp:25:22: note: '#pragma message: CB-COMPUTE-WAIT-FRONT,/home/mvasiljevic/tt-metal/tt_metal/hw/ckernels/blackhole/metal/llk_io/llk_io_unpack.h,19,KERNEL_PROFILER'
   25 | #define DO_PRAGMA(x) _Pragma(#x)
      |                      ^~~~~~~
/home/mvasiljevic/tt-metal/tt_metal/tools/profiler/kernel_profiler.hpp:707:5: note: in expansion of macro 'DO_PRAGMA'
  707 |     DO_PRAGMA(message(PROFILER_MSG_NAME(name)));                               \
      |     ^~~~~~~~~
/home/mvasiljevic/tt-metal/tt_metal/hw/ckernels/blackhole/metal/llk_io/llk_io_unpack.h:19:5: note: in expansion of macro 'DeviceZoneScopedSumN1'
   19 |     DeviceZoneScopedSumN1("CB-COMPUTE-WAIT-FRONT");
      |     ^~~~~~~~~~~~~~~~~~~~~
/home/mvasiljevic/tt-metal/tt_metal/hw/firmware/src/tt-1xx/trisck.cc: In function 'uint32_t _start()':
/home/mvasiljevic/tt-metal/tt_metal/tools/profiler/kernel_profiler.hpp:25:22: note: '#pragma message: TRISC-KERNEL,/home/mvasiljevic/tt-metal/tt_metal/hw/firmware/src/tt-1xx/trisck.cc,86,KERNEL_PROFILER'
   25 | #define DO_PRAGMA(x) _Pragma(#x)
      |                      ^~~~~~~
/home/mvasiljevic/tt-metal/tt_metal/tools/profiler/kernel_profiler.hpp:702:5: note: in expansion of macro 'DO_PRAGMA'
  702 |     DO_PRAGMA(message(PROFILER_MSG_NAME(name)));                               \
      |     ^~~~~~~~~
/home/mvasiljevic/tt-metal/tt_metal/hw/firmware/src/tt-1xx/trisck.cc:86:5: note: in expansion of macro 'DeviceZoneScopedMainChildN'
   86 |     DeviceZoneScopedMainChildN("TRISC-KERNEL");
      |     ^~~~~~~~~~~~~~~~~~~~~~~~~~
Building brisc, compile step:
cd /home/mvasiljevic/.cache/tt-metal-cache/12569132917722018041/kernels/reader_bmm_tile_layout_in1_sender_writer_padding/4815621330525377404/brisc/ && /home/mvasiljevic/tt-metal/runtime/sfpi/compiler/bin/riscv-tt-elf-g++ -O2 -std=c++17 -ftt-nttp -ftt-constinit -ftt-consteval -ftt-no-dyninit -flto=auto -ffast-math -fno-exceptions -fno-rtti -fno-use-cxa-atexit -g -MMD -Wall -Werror -Wno-error=deprecated-declarations -Wno-error=multistatement-macros -Wno-error=parentheses -Wno-error=unused-but-set-variable -Wno-unused-variable -Wno-unused-function -mcpu=tt-bh -fno-tree-loop-distribute-patterns -I. -I.. -I/home/mvasiljevic/tt-metal/ -I/home/mvasiljevic/tt-metal/ttnn -I/home/mvasiljevic/tt-metal/ttnn/cpp -I/home/mvasiljevic/tt-metal/tt_metal -I/home/mvasiljevic/tt-metal/tt_metal/hw/inc -I/home/mvasiljevic/tt-metal/tt_metal/tt-llk/common -I/home/mvasiljevic/tt-metal/tt_metal/hostdevcommon/api -I/home/mvasiljevic/tt-metal/tt_metal/api/ -I/home/mvasiljevic/tt-metal/tt_metal/hw/ckernels/blackhole/metal/common -I/home/mvasiljevic/tt-metal/tt_metal/hw/ckernels/blackhole/metal/llk_io -I/home/mvasiljevic/tt-metal/tt_metal/hw/inc/internal/tt-1xx -I/home/mvasiljevic/tt-metal/tt_metal/hw/inc/internal/tt-1xx/blackhole -I/home/mvasiljevic/tt-metal/tt_metal/hw/inc/internal/tt-1xx/blackhole/blackhole_defines -I/home/mvasiljevic/tt-metal/tt_metal/hw/inc/internal/tt-1xx/blackhole/noc -I/home/mvasiljevic/tt-metal/tt_metal/tt-llk/tt_llk_blackhole/common/inc -I/home/mvasiljevic/tt-metal/tt_metal/tt-llk/tt_llk_blackhole/llk_lib -I/home/mvasiljevic/tt-metal/tt_metal/hw/firmware/src/tt-1xx -I/home/mvasiljevic/tt-metal/ttnn/cpp/ttnn/operations/matmul/device/kernels/dataflow -c -o /home/mvasiljevic/.cache/tt-metal-cache/12569132917722018041/kernels/reader_bmm_tile_layout_in1_sender_writer_padding/4815621330525377404/brisc/brisck.3749600202458196004.o /home/mvasiljevic/tt-metal/tt_metal/hw/firmware/src/tt-1xx/brisck.cc -MF /home/mvasiljevic/.cache/tt-metal-cache/12569132917722018041/kernels/reader_bmm_tile_layout_in1_sender_writer_padding/4815621330525377404/brisc/brisck.3749600202458196004.d -DIS_NOT_POW2_NUM_L1_BANKS=1 -DLOG_BASE_2_OF_NUM_DRAM_BANKS=3 -DNUM_DRAM_BANKS=8 -DNUM_L1_BANKS=110 -DPCIE_NOC_X=19 -DPCIE_NOC_Y=24 -DTENSIX_FIRMWARE -DLOCAL_MEM_EN=0 -DPROFILE_KERNEL=1 -DPROFILER_FULL_HOST_BUFFER_SIZE_PER_RISC=48000 -DPROCESSOR_INDEX=0 -DCOMPILE_FOR_BRISC -DARCH_BLACKHOLE -DDISPATCH_MESSAGE_ADDR=4290184248 -DKERNEL_BUILD -DFULL_KERNEL_NAME="\"reader_bmm_tile_layout_in1_sender_writer_padding/4815621330525377404/\"" -DSKIP_MCAST='1' -DNOC_INDEX='0' -DNOC_MODE='0' -DKERNEL_COMPILE_TIME_ARGS=1,512,1024,5,5,2,10,48,1,1,0,0,0,0,49152,32,1,0,0,1,512,5,512,5,2048,5,1,5,2048,0,0,0,2,576,0,0,2,2048 -DKERNEL_COMPILE_TIME_ARG_MAP="{\"cb_sparsity\",7}, {\"cb_out\",4}, {\"cb_bias\",3}, {\"cb_in1\",1}, " 
In file included from /home/mvasiljevic/tt-metal/tt_metal/hw/inc/api/dataflow/dataflow_api.h:27,
                 from /home/mvasiljevic/tt-metal/tt_metal/hw/inc/internal/firmware_common.h:24,
                 from /home/mvasiljevic/tt-metal/tt_metal/hw/firmware/src/tt-1xx/brisck.cc:17:
/home/mvasiljevic/tt-metal/tt_metal/tools/profiler/kernel_profiler.hpp: In function 'void kernel_profiler::quick_push()':
/home/mvasiljevic/tt-metal/tt_metal/tools/profiler/kernel_profiler.hpp:25:22: note: '#pragma message: PROFILER-NOC-QUICK-PUSH,/home/mvasiljevic/tt-metal/tt_metal/tools/profiler/kernel_profiler.hpp,395,KERNEL_PROFILER'
   25 | #define DO_PRAGMA(x) _Pragma(#x)
      |                      ^~~~~~~
/home/mvasiljevic/tt-metal/tt_metal/tools/profiler/kernel_profiler.hpp:35:5: note: in expansion of macro 'DO_PRAGMA'
   35 |     DO_PRAGMA(message(PROFILER_MSG_NAME(name))); \
      |     ^~~~~~~~~
/home/mvasiljevic/tt-metal/tt_metal/tools/profiler/kernel_profiler.hpp:395:5: note: in expansion of macro 'SrcLocNameToHash'
  395 |     SrcLocNameToHash("PROFILER-NOC-QUICK-PUSH");
      |     ^~~~~~~~~~~~~~~~
/home/mvasiljevic/tt-metal/tt_metal/hw/firmware/src/tt-1xx/brisck.cc: In function 'uint32_t _start()':
/home/mvasiljevic/tt-metal/tt_metal/tools/profiler/kernel_profiler.hpp:25:22: note: '#pragma message: BRISC-KERNEL,/home/mvasiljevic/tt-metal/tt_metal/hw/firmware/src/tt-1xx/brisck.cc,77,KERNEL_PROFILER'
   25 | #define DO_PRAGMA(x) _Pragma(#x)
      |                      ^~~~~~~
/home/mvasiljevic/tt-metal/tt_metal/tools/profiler/kernel_profiler.hpp:702:5: note: in expansion of macro 'DO_PRAGMA'
  702 |     DO_PRAGMA(message(PROFILER_MSG_NAME(name)));                               \
      |     ^~~~~~~~~
/home/mvasiljevic/tt-metal/tt_metal/hw/firmware/src/tt-1xx/brisck.cc:77:9: note: in expansion of macro 'DeviceZoneScopedMainChildN'
   77 |         DeviceZoneScopedMainChildN("BRISC-KERNEL");
      |         ^~~~~~~~~~~~~~~~~~~~~~~~~~
Building trisc1, compile step:
cd /home/mvasiljevic/.cache/tt-metal-cache/12569132917722018041/kernels/bmm_large_block_zm_fused_bias_activation/18078909461336739543/trisc1/ && /home/mvasiljevic/tt-metal/runtime/sfpi/compiler/bin/riscv-tt-elf-g++ -O3 -std=c++17 -ftt-nttp -ftt-constinit -ftt-consteval -ftt-no-dyninit -flto=auto -ffast-math -fno-exceptions -fno-rtti -fno-use-cxa-atexit -g -MMD -Wall -Werror -Wno-error=deprecated-declarations -Wno-error=multistatement-macros -Wno-error=parentheses -Wno-error=unused-but-set-variable -Wno-unused-variable -Wno-unused-function -mcpu=tt-bh-tensix -I. -I.. -I/home/mvasiljevic/tt-metal/ -I/home/mvasiljevic/tt-metal/ttnn -I/home/mvasiljevic/tt-metal/ttnn/cpp -I/home/mvasiljevic/tt-metal/tt_metal -I/home/mvasiljevic/tt-metal/tt_metal/hw/inc -I/home/mvasiljevic/tt-metal/tt_metal/tt-llk/common -I/home/mvasiljevic/tt-metal/tt_metal/hostdevcommon/api -I/home/mvasiljevic/tt-metal/tt_metal/api/ -I/home/mvasiljevic/tt-metal/runtime/sfpi/include -I/home/mvasiljevic/tt-metal/tt_metal/hw/ckernels/blackhole/metal/common -I/home/mvasiljevic/tt-metal/tt_metal/hw/ckernels/blackhole/metal/llk_io -I/home/mvasiljevic/tt-metal/tt_metal/hw/inc/internal/tt-1xx -I/home/mvasiljevic/tt-metal/tt_metal/hw/inc/internal/tt-1xx/blackhole -I/home/mvasiljevic/tt-metal/tt_metal/hw/inc/internal/tt-1xx/blackhole/blackhole_defines -I/home/mvasiljevic/tt-metal/tt_metal/hw/inc/internal/tt-1xx/blackhole/noc -I/home/mvasiljevic/tt-metal/tt_metal/tt-llk/tt_llk_blackhole/common/inc -I/home/mvasiljevic/tt-metal/tt_metal/tt-llk/tt_llk_blackhole/llk_lib -I/home/mvasiljevic/tt-metal/tt_metal/hw/ckernels/blackhole/metal/llk_api -I/home/mvasiljevic/tt-metal/tt_metal/hw/ckernels/blackhole/metal/llk_api/llk_sfpu -I/home/mvasiljevic/tt-metal/tt_metal/hw/firmware/src/tt-1xx -I/home/mvasiljevic/tt-metal/ttnn/cpp/ttnn/operations/matmul/device/kernels/compute -c -o /home/mvasiljevic/.cache/tt-metal-cache/12569132917722018041/kernels/bmm_large_block_zm_fused_bias_activation/18078909461336739543/trisc1/trisck.3749600202458196004.o /home/mvasiljevic/tt-metal/tt_metal/hw/firmware/src/tt-1xx/trisck.cc -MF /home/mvasiljevic/.cache/tt-metal-cache/12569132917722018041/kernels/bmm_large_block_zm_fused_bias_activation/18078909461336739543/trisc1/trisck.3749600202458196004.d -DIS_NOT_POW2_NUM_L1_BANKS=1 -DLOG_BASE_2_OF_NUM_DRAM_BANKS=3 -DNUM_DRAM_BANKS=8 -DNUM_L1_BANKS=110 -DPCIE_NOC_X=19 -DPCIE_NOC_Y=24 -DTENSIX_FIRMWARE -DLOCAL_MEM_EN=0 -DPROFILE_KERNEL=1 -DPROFILER_FULL_HOST_BUFFER_SIZE_PER_RISC=48000 -DPROCESSOR_INDEX=3 -DUCK_CHLKC_MATH -DCOMPILE_FOR_TRISC=1 -DARCH_BLACKHOLE -DDISPATCH_MESSAGE_ADDR=4290184248 -DKERNEL_BUILD -DFULL_KERNEL_NAME="\"bmm_large_block_zm_fused_bias_activation/18078909461336739543/\"" -DKERNEL_COMPILE_TIME_ARGS=2,4,8,2,1,10,5,48,1,1,1,5,5,32,20,0,0,0 -DKERNEL_COMPILE_TIME_ARG_MAP="{\"bias_ntiles\",5}, {\"cb_intermed0\",5}, {\"cb_out\",4}, {\"cb_in0_transposed\",10}, {\"cb_bias\",3}, {\"cb_in1\",1}, {\"cb_in0\",0}, " 
In file included from /home/mvasiljevic/tt-metal/tt_metal/hw/firmware/src/tt-1xx/trisck.cc:15:
/home/mvasiljevic/tt-metal/tt_metal/hw/firmware/src/tt-1xx/trisck.cc: In function 'uint32_t _start()':
/home/mvasiljevic/tt-metal/tt_metal/tools/profiler/kernel_profiler.hpp:25:22: note: '#pragma message: TRISC-KERNEL,/home/mvasiljevic/tt-metal/tt_metal/hw/firmware/src/tt-1xx/trisck.cc,86,KERNEL_PROFILER'
   25 | #define DO_PRAGMA(x) _Pragma(#x)
      |                      ^~~~~~~
/home/mvasiljevic/tt-metal/tt_metal/tools/profiler/kernel_profiler.hpp:702:5: note: in expansion of macro 'DO_PRAGMA'
  702 |     DO_PRAGMA(message(PROFILER_MSG_NAME(name)));                               \
      |     ^~~~~~~~~
/home/mvasiljevic/tt-metal/tt_metal/hw/firmware/src/tt-1xx/trisck.cc:86:5: note: in expansion of macro 'DeviceZoneScopedMainChildN'
   86 |     DeviceZoneScopedMainChildN("TRISC-KERNEL");
      |     ^~~~~~~~~~~~~~~~~~~~~~~~~~
Building ncrisc, compile step:
cd /home/mvasiljevic/.cache/tt-metal-cache/12569132917722018041/kernels/reader_bmm_tile_layout_in0_sender_padding/17967900436627660363/ncrisc/ && /home/mvasiljevic/tt-metal/runtime/sfpi/compiler/bin/riscv-tt-elf-g++ -O2 -std=c++17 -ftt-nttp -ftt-constinit -ftt-consteval -ftt-no-dyninit -flto=auto -ffast-math -fno-exceptions -fno-rtti -fno-use-cxa-atexit -g -MMD -Wall -Werror -Wno-error=deprecated-declarations -Wno-error=multistatement-macros -Wno-error=parentheses -Wno-error=unused-but-set-variable -Wno-unused-variable -Wno-unused-function -mcpu=tt-bh -fno-tree-loop-distribute-patterns -I. -I.. -I/home/mvasiljevic/tt-metal/ -I/home/mvasiljevic/tt-metal/ttnn -I/home/mvasiljevic/tt-metal/ttnn/cpp -I/home/mvasiljevic/tt-metal/tt_metal -I/home/mvasiljevic/tt-metal/tt_metal/hw/inc -I/home/mvasiljevic/tt-metal/tt_metal/tt-llk/common -I/home/mvasiljevic/tt-metal/tt_metal/hostdevcommon/api -I/home/mvasiljevic/tt-metal/tt_metal/api/ -I/home/mvasiljevic/tt-metal/tt_metal/hw/ckernels/blackhole/metal/common -I/home/mvasiljevic/tt-metal/tt_metal/hw/ckernels/blackhole/metal/llk_io -I/home/mvasiljevic/tt-metal/tt_metal/hw/inc/internal/tt-1xx -I/home/mvasiljevic/tt-metal/tt_metal/hw/inc/internal/tt-1xx/blackhole -I/home/mvasiljevic/tt-metal/tt_metal/hw/inc/internal/tt-1xx/blackhole/blackhole_defines -I/home/mvasiljevic/tt-metal/tt_metal/hw/inc/internal/tt-1xx/blackhole/noc -I/home/mvasiljevic/tt-metal/tt_metal/tt-llk/tt_llk_blackhole/common/inc -I/home/mvasiljevic/tt-metal/tt_metal/tt-llk/tt_llk_blackhole/llk_lib -I/home/mvasiljevic/tt-metal/tt_metal/hw/firmware/src/tt-1xx -I/home/mvasiljevic/tt-metal/ttnn/cpp/ttnn/operations/matmul/device/kernels/dataflow -c -o /home/mvasiljevic/.cache/tt-metal-cache/12569132917722018041/kernels/reader_bmm_tile_layout_in0_sender_padding/17967900436627660363/ncrisc/ncrisck.3749600202458196004.o /home/mvasiljevic/tt-metal/tt_metal/hw/firmware/src/tt-1xx/ncrisck.cc -MF /home/mvasiljevic/.cache/tt-metal-cache/12569132917722018041/kernels/reader_bmm_tile_layout_in0_sender_padding/17967900436627660363/ncrisc/ncrisck.3749600202458196004.d -DIS_NOT_POW2_NUM_L1_BANKS=1 -DLOG_BASE_2_OF_NUM_DRAM_BANKS=3 -DNUM_DRAM_BANKS=8 -DNUM_L1_BANKS=110 -DPCIE_NOC_X=19 -DPCIE_NOC_Y=24 -DTENSIX_FIRMWARE -DLOCAL_MEM_EN=0 -DPROFILE_KERNEL=1 -DPROFILER_FULL_HOST_BUFFER_SIZE_PER_RISC=48000 -DPROCESSOR_INDEX=1 -DCOMPILE_FOR_NCRISC -DARCH_BLACKHOLE -DDISPATCH_MESSAGE_ADDR=4290184248 -DKERNEL_BUILD -DFULL_KERNEL_NAME="\"reader_bmm_tile_layout_in0_sender_padding/17967900436627660363/\"" -DNOC_INDEX='1' -DNOC_MODE='0' -DKERNEL_COMPILE_TIME_ARGS=1,96,2,384,2,4,8,0,0,0,0,0,48,1,1,0,1,102,109,384,32,1,0,0,0,1,0,0,2,2048,0,0,0 -DKERNEL_COMPILE_TIME_ARG_MAP="{\"cb_sparsity\",6}, {\"cb_in0_sharded\",2}, {\"cb_in0\",0}, " 
In file included from /home/mvasiljevic/tt-metal/tt_metal/hw/inc/api/dataflow/dataflow_api.h:27,
                 from /home/mvasiljevic/tt-metal/tt_metal/hw/inc/internal/firmware_common.h:24,
                 from /home/mvasiljevic/tt-metal/tt_metal/hw/firmware/src/tt-1xx/ncrisck.cc:17:
/home/mvasiljevic/tt-metal/tt_metal/tools/profiler/kernel_profiler.hpp: In function 'void kernel_profiler::quick_push()':
/home/mvasiljevic/tt-metal/tt_metal/tools/profiler/kernel_profiler.hpp:25:22: note: '#pragma message: PROFILER-NOC-QUICK-PUSH,/home/mvasiljevic/tt-metal/tt_metal/tools/profiler/kernel_profiler.hpp,395,KERNEL_PROFILER'
   25 | #define DO_PRAGMA(x) _Pragma(#x)
      |                      ^~~~~~~
/home/mvasiljevic/tt-metal/tt_metal/tools/profiler/kernel_profiler.hpp:35:5: note: in expansion of macro 'DO_PRAGMA'
   35 |     DO_PRAGMA(message(PROFILER_MSG_NAME(name))); \
      |     ^~~~~~~~~
/home/mvasiljevic/tt-metal/tt_metal/tools/profiler/kernel_profiler.hpp:395:5: note: in expansion of macro 'SrcLocNameToHash'
  395 |     SrcLocNameToHash("PROFILER-NOC-QUICK-PUSH");
      |     ^~~~~~~~~~~~~~~~
/home/mvasiljevic/tt-metal/tt_metal/hw/firmware/src/tt-1xx/ncrisck.cc: In function 'uint32_t _start()':
/home/mvasiljevic/tt-metal/tt_metal/tools/profiler/kernel_profiler.hpp:25:22: note: '#pragma message: NCRISC-KERNEL,/home/mvasiljevic/tt-metal/tt_metal/hw/firmware/src/tt-1xx/ncrisck.cc,69,KERNEL_PROFILER'
   25 | #define DO_PRAGMA(x) _Pragma(#x)
      |                      ^~~~~~~
/home/mvasiljevic/tt-metal/tt_metal/tools/profiler/kernel_profiler.hpp:702:5: note: in expansion of macro 'DO_PRAGMA'
  702 |     DO_PRAGMA(message(PROFILER_MSG_NAME(name)));                               \
      |     ^~~~~~~~~
/home/mvasiljevic/tt-metal/tt_metal/hw/firmware/src/tt-1xx/ncrisck.cc:69:5: note: in expansion of macro 'DeviceZoneScopedMainChildN'
   69 |     DeviceZoneScopedMainChildN("NCRISC-KERNEL");
      |     ^~~~~~~~~~~~~~~~~~~~~~~~~~
Building ncrisc, compile step:
cd /home/mvasiljevic/.cache/tt-metal-cache/12569132917722018041/kernels/reader_bmm_tile_layout_in0_receiver/9903143349019083650/ncrisc/ && /home/mvasiljevic/tt-metal/runtime/sfpi/compiler/bin/riscv-tt-elf-g++ -O2 -std=c++17 -ftt-nttp -ftt-constinit -ftt-consteval -ftt-no-dyninit -flto=auto -ffast-math -fno-exceptions -fno-rtti -fno-use-cxa-atexit -g -MMD -Wall -Werror -Wno-error=deprecated-declarations -Wno-error=multistatement-macros -Wno-error=parentheses -Wno-error=unused-but-set-variable -Wno-unused-variable -Wno-unused-function -mcpu=tt-bh -fno-tree-loop-distribute-patterns -I. -I.. -I/home/mvasiljevic/tt-metal/ -I/home/mvasiljevic/tt-metal/ttnn -I/home/mvasiljevic/tt-metal/ttnn/cpp -I/home/mvasiljevic/tt-metal/tt_metal -I/home/mvasiljevic/tt-metal/tt_metal/hw/inc -I/home/mvasiljevic/tt-metal/tt_metal/tt-llk/common -I/home/mvasiljevic/tt-metal/tt_metal/hostdevcommon/api -I/home/mvasiljevic/tt-metal/tt_metal/api/ -I/home/mvasiljevic/tt-metal/tt_metal/hw/ckernels/blackhole/metal/common -I/home/mvasiljevic/tt-metal/tt_metal/hw/ckernels/blackhole/metal/llk_io -I/home/mvasiljevic/tt-metal/tt_metal/hw/inc/internal/tt-1xx -I/home/mvasiljevic/tt-metal/tt_metal/hw/inc/internal/tt-1xx/blackhole -I/home/mvasiljevic/tt-metal/tt_metal/hw/inc/internal/tt-1xx/blackhole/blackhole_defines -I/home/mvasiljevic/tt-metal/tt_metal/hw/inc/internal/tt-1xx/blackhole/noc -I/home/mvasiljevic/tt-metal/tt_metal/tt-llk/tt_llk_blackhole/common/inc -I/home/mvasiljevic/tt-metal/tt_metal/tt-llk/tt_llk_blackhole/llk_lib -I/home/mvasiljevic/tt-metal/tt_metal/hw/firmware/src/tt-1xx -I/home/mvasiljevic/tt-metal/ttnn/cpp/ttnn/operations/matmul/device/kernels/dataflow -c -o /home/mvasiljevic/.cache/tt-metal-cache/12569132917722018041/kernels/reader_bmm_tile_layout_in0_receiver/9903143349019083650/ncrisc/ncrisck.3749600202458196004.o /home/mvasiljevic/tt-metal/tt_metal/hw/firmware/src/tt-1xx/ncrisck.cc -MF /home/mvasiljevic/.cache/tt-metal-cache/12569132917722018041/kernels/reader_bmm_tile_layout_in0_receiver/9903143349019083650/ncrisc/ncrisck.3749600202458196004.d -DIS_NOT_POW2_NUM_L1_BANKS=1 -DLOG_BASE_2_OF_NUM_DRAM_BANKS=3 -DNUM_DRAM_BANKS=8 -DNUM_L1_BANKS=110 -DPCIE_NOC_X=19 -DPCIE_NOC_Y=24 -DTENSIX_FIRMWARE -DLOCAL_MEM_EN=0 -DPROFILE_KERNEL=1 -DPROFILER_FULL_HOST_BUFFER_SIZE_PER_RISC=48000 -DPROCESSOR_INDEX=1 -DCOMPILE_FOR_NCRISC -DARCH_BLACKHOLE -DDISPATCH_MESSAGE_ADDR=4290184248 -DKERNEL_BUILD -DFULL_KERNEL_NAME="\"reader_bmm_tile_layout_in0_receiver/9903143349019083650/\"" -DNOC_INDEX='1' -DNOC_MODE='0' -DKERNEL_COMPILE_TIME_ARGS=8,128,1,1,0,1,32,0 -DKERNEL_COMPILE_TIME_ARG_MAP="{\"cb_in0\",0}, " 
In file included from /home/mvasiljevic/tt-metal/tt_metal/hw/inc/api/dataflow/dataflow_api.h:27,
                 from /home/mvasiljevic/tt-metal/tt_metal/hw/inc/internal/firmware_common.h:24,
                 from /home/mvasiljevic/tt-metal/tt_metal/hw/firmware/src/tt-1xx/ncrisck.cc:17:
/home/mvasiljevic/tt-metal/tt_metal/tools/profiler/kernel_profiler.hpp: In function 'void kernel_profiler::quick_push()':
/home/mvasiljevic/tt-metal/tt_metal/tools/profiler/kernel_profiler.hpp:25:22: note: '#pragma message: PROFILER-NOC-QUICK-PUSH,/home/mvasiljevic/tt-metal/tt_metal/tools/profiler/kernel_profiler.hpp,395,KERNEL_PROFILER'
   25 | #define DO_PRAGMA(x) _Pragma(#x)
      |                      ^~~~~~~
/home/mvasiljevic/tt-metal/tt_metal/tools/profiler/kernel_profiler.hpp:35:5: note: in expansion of macro 'DO_PRAGMA'
   35 |     DO_PRAGMA(message(PROFILER_MSG_NAME(name))); \
      |     ^~~~~~~~~
/home/mvasiljevic/tt-metal/tt_metal/tools/profiler/kernel_profiler.hpp:395:5: note: in expansion of macro 'SrcLocNameToHash'
  395 |     SrcLocNameToHash("PROFILER-NOC-QUICK-PUSH");
      |     ^~~~~~~~~~~~~~~~
/home/mvasiljevic/tt-metal/tt_metal/hw/firmware/src/tt-1xx/ncrisck.cc: In function 'uint32_t _start()':
/home/mvasiljevic/tt-metal/tt_metal/tools/profiler/kernel_profiler.hpp:25:22: note: '#pragma message: NCRISC-KERNEL,/home/mvasiljevic/tt-metal/tt_metal/hw/firmware/src/tt-1xx/ncrisck.cc,69,KERNEL_PROFILER'
   25 | #define DO_PRAGMA(x) _Pragma(#x)
      |                      ^~~~~~~
/home/mvasiljevic/tt-metal/tt_metal/tools/profiler/kernel_profiler.hpp:702:5: note: in expansion of macro 'DO_PRAGMA'
  702 |     DO_PRAGMA(message(PROFILER_MSG_NAME(name)));                               \
      |     ^~~~~~~~~
/home/mvasiljevic/tt-metal/tt_metal/hw/firmware/src/tt-1xx/ncrisck.cc:69:5: note: in expansion of macro 'DeviceZoneScopedMainChildN'
   69 |     DeviceZoneScopedMainChildN("NCRISC-KERNEL");
      |     ^~~~~~~~~~~~~~~~~~~~~~~~~~
Building trisc2, compile step:
cd /home/mvasiljevic/.cache/tt-metal-cache/12569132917722018041/kernels/bmm_large_block_zm_fused_bias_activation/9168413845044340920/trisc2/ && /home/mvasiljevic/tt-metal/runtime/sfpi/compiler/bin/riscv-tt-elf-g++ -O3 -std=c++17 -ftt-nttp -ftt-constinit -ftt-consteval -ftt-no-dyninit -flto=auto -ffast-math -fno-exceptions -fno-rtti -fno-use-cxa-atexit -g -MMD -Wall -Werror -Wno-error=deprecated-declarations -Wno-error=multistatement-macros -Wno-error=parentheses -Wno-error=unused-but-set-variable -Wno-unused-variable -Wno-unused-function -mcpu=tt-bh-tensix -I. -I.. -I/home/mvasiljevic/tt-metal/ -I/home/mvasiljevic/tt-metal/ttnn -I/home/mvasiljevic/tt-metal/ttnn/cpp -I/home/mvasiljevic/tt-metal/tt_metal -I/home/mvasiljevic/tt-metal/tt_metal/hw/inc -I/home/mvasiljevic/tt-metal/tt_metal/tt-llk/common -I/home/mvasiljevic/tt-metal/tt_metal/hostdevcommon/api -I/home/mvasiljevic/tt-metal/tt_metal/api/ -I/home/mvasiljevic/tt-metal/runtime/sfpi/include -I/home/mvasiljevic/tt-metal/tt_metal/hw/ckernels/blackhole/metal/common -I/home/mvasiljevic/tt-metal/tt_metal/hw/ckernels/blackhole/metal/llk_io -I/home/mvasiljevic/tt-metal/tt_metal/hw/inc/internal/tt-1xx -I/home/mvasiljevic/tt-metal/tt_metal/hw/inc/internal/tt-1xx/blackhole -I/home/mvasiljevic/tt-metal/tt_metal/hw/inc/internal/tt-1xx/blackhole/blackhole_defines -I/home/mvasiljevic/tt-metal/tt_metal/hw/inc/internal/tt-1xx/blackhole/noc -I/home/mvasiljevic/tt-metal/tt_metal/tt-llk/tt_llk_blackhole/common/inc -I/home/mvasiljevic/tt-metal/tt_metal/tt-llk/tt_llk_blackhole/llk_lib -I/home/mvasiljevic/tt-metal/tt_metal/hw/ckernels/blackhole/metal/llk_api -I/home/mvasiljevic/tt-metal/tt_metal/hw/ckernels/blackhole/metal/llk_api/llk_sfpu -I/home/mvasiljevic/tt-metal/tt_metal/hw/firmware/src/tt-1xx -I/home/mvasiljevic/tt-metal/ttnn/cpp/ttnn/operations/matmul/device/kernels/compute -c -o /home/mvasiljevic/.cache/tt-metal-cache/12569132917722018041/kernels/bmm_large_block_zm_fused_bias_activation/9168413845044340920/trisc2/trisck.3749600202458196004.o /home/mvasiljevic/tt-metal/tt_metal/hw/firmware/src/tt-1xx/trisck.cc -MF /home/mvasiljevic/.cache/tt-metal-cache/12569132917722018041/kernels/bmm_large_block_zm_fused_bias_activation/9168413845044340920/trisc2/trisck.3749600202458196004.d -DIS_NOT_POW2_NUM_L1_BANKS=1 -DLOG_BASE_2_OF_NUM_DRAM_BANKS=3 -DNUM_DRAM_BANKS=8 -DNUM_L1_BANKS=110 -DPCIE_NOC_X=19 -DPCIE_NOC_Y=24 -DTENSIX_FIRMWARE -DLOCAL_MEM_EN=0 -DPROFILE_KERNEL=1 -DPROFILER_FULL_HOST_BUFFER_SIZE_PER_RISC=48000 -DPROCESSOR_INDEX=4 -DUCK_CHLKC_PACK -DCOMPILE_FOR_TRISC=2 -DARCH_BLACKHOLE -DDISPATCH_MESSAGE_ADDR=4290184248 -DKERNEL_BUILD -DFULL_KERNEL_NAME="\"bmm_large_block_zm_fused_bias_activation/9168413845044340920/\"" -DKERNEL_COMPILE_TIME_ARGS=2,1,8,8,1,2,1,128,1,1,4,1,4,32,4,0,0,0 -DKERNEL_COMPILE_TIME_ARG_MAP="{\"bias_ntiles\",1}, {\"cb_intermed0\",5}, {\"cb_out\",4}, {\"cb_in0_transposed\",10}, {\"cb_bias\",3}, {\"cb_in1\",1}, {\"cb_in0\",0}, " 
In file included from /home/mvasiljevic/tt-metal/tt_metal/hw/ckernels/blackhole/metal/llk_io/llk_io_pack.h:14,
                 from /home/mvasiljevic/tt-metal/tt_metal/hw/inc/api/compute/cb_api.h:12,
                 from /home/mvasiljevic/tt-metal/tt_metal/hw/inc/api/compute/common.h:11,
                 from /home/mvasiljevic/tt-metal/tt_metal/hw/inc/api/compute/matmul.h:7,
                 from /home/mvasiljevic/tt-metal/ttnn/cpp/ttnn/operations/matmul/device/kernels/compute/bmm_large_block_zm_fused_bias_activation.cpp:7,
                 from ../chlkc_pack.cpp:3,
                 from /home/mvasiljevic/tt-metal/tt_metal/hw/ckernels/blackhole/metal/common/chlkc_list.h:21,
                 from /home/mvasiljevic/tt-metal/tt_metal/hw/firmware/src/tt-1xx/trisck.cc:13:
/home/mvasiljevic/tt-metal/tt_metal/hw/ckernels/blackhole/metal/llk_io/llk_io_pack.h: In function 'void llk_wait_for_free_tiles(int32_t, int32_t)':
/home/mvasiljevic/tt-metal/tt_metal/tools/profiler/kernel_profiler.hpp:25:22: note: '#pragma message: CB-COMPUTE-RESERVE-BACK,/home/mvasiljevic/tt-metal/tt_metal/hw/ckernels/blackhole/metal/llk_io/llk_io_pack.h,21,KERNEL_PROFILER'
   25 | #define DO_PRAGMA(x) _Pragma(#x)
      |                      ^~~~~~~
/home/mvasiljevic/tt-metal/tt_metal/tools/profiler/kernel_profiler.hpp:712:5: note: in expansion of macro 'DO_PRAGMA'
  712 |     DO_PRAGMA(message(PROFILER_MSG_NAME(name)));                               \
      |     ^~~~~~~~~
/home/mvasiljevic/tt-metal/tt_metal/hw/ckernels/blackhole/metal/llk_io/llk_io_pack.h:21:5: note: in expansion of macro 'DeviceZoneScopedSumN2'
   21 |     DeviceZoneScopedSumN2("CB-COMPUTE-RESERVE-BACK");
      |     ^~~~~~~~~~~~~~~~~~~~~
/home/mvasiljevic/tt-metal/tt_metal/hw/firmware/src/tt-1xx/trisck.cc: In function 'uint32_t _start()':
/home/mvasiljevic/tt-metal/tt_metal/tools/profiler/kernel_profiler.hpp:25:22: note: '#pragma message: TRISC-KERNEL,/home/mvasiljevic/tt-metal/tt_metal/hw/firmware/src/tt-1xx/trisck.cc,86,KERNEL_PROFILER'
   25 | #define DO_PRAGMA(x) _Pragma(#x)
      |                      ^~~~~~~
/home/mvasiljevic/tt-metal/tt_metal/tools/profiler/kernel_profiler.hpp:702:5: note: in expansion of macro 'DO_PRAGMA'
  702 |     DO_PRAGMA(message(PROFILER_MSG_NAME(name)));                               \
      |     ^~~~~~~~~
/home/mvasiljevic/tt-metal/tt_metal/hw/firmware/src/tt-1xx/trisck.cc:86:5: note: in expansion of macro 'DeviceZoneScopedMainChildN'
   86 |     DeviceZoneScopedMainChildN("TRISC-KERNEL");
      |     ^~~~~~~~~~~~~~~~~~~~~~~~~~
Building trisc0, compile step:
cd /home/mvasiljevic/.cache/tt-metal-cache/12569132917722018041/kernels/bmm_large_block_zm_fused_bias_activation/9168413845044340920/trisc0/ && /home/mvasiljevic/tt-metal/runtime/sfpi/compiler/bin/riscv-tt-elf-g++ -O3 -std=c++17 -ftt-nttp -ftt-constinit -ftt-consteval -ftt-no-dyninit -flto=auto -ffast-math -fno-exceptions -fno-rtti -fno-use-cxa-atexit -g -MMD -Wall -Werror -Wno-error=deprecated-declarations -Wno-error=multistatement-macros -Wno-error=parentheses -Wno-error=unused-but-set-variable -Wno-unused-variable -Wno-unused-function -mcpu=tt-bh-tensix -I. -I.. -I/home/mvasiljevic/tt-metal/ -I/home/mvasiljevic/tt-metal/ttnn -I/home/mvasiljevic/tt-metal/ttnn/cpp -I/home/mvasiljevic/tt-metal/tt_metal -I/home/mvasiljevic/tt-metal/tt_metal/hw/inc -I/home/mvasiljevic/tt-metal/tt_metal/tt-llk/common -I/home/mvasiljevic/tt-metal/tt_metal/hostdevcommon/api -I/home/mvasiljevic/tt-metal/tt_metal/api/ -I/home/mvasiljevic/tt-metal/runtime/sfpi/include -I/home/mvasiljevic/tt-metal/tt_metal/hw/ckernels/blackhole/metal/common -I/home/mvasiljevic/tt-metal/tt_metal/hw/ckernels/blackhole/metal/llk_io -I/home/mvasiljevic/tt-metal/tt_metal/hw/inc/internal/tt-1xx -I/home/mvasiljevic/tt-metal/tt_metal/hw/inc/internal/tt-1xx/blackhole -I/home/mvasiljevic/tt-metal/tt_metal/hw/inc/internal/tt-1xx/blackhole/blackhole_defines -I/home/mvasiljevic/tt-metal/tt_metal/hw/inc/internal/tt-1xx/blackhole/noc -I/home/mvasiljevic/tt-metal/tt_metal/tt-llk/tt_llk_blackhole/common/inc -I/home/mvasiljevic/tt-metal/tt_metal/tt-llk/tt_llk_blackhole/llk_lib -I/home/mvasiljevic/tt-metal/tt_metal/hw/ckernels/blackhole/metal/llk_api -I/home/mvasiljevic/tt-metal/tt_metal/hw/ckernels/blackhole/metal/llk_api/llk_sfpu -I/home/mvasiljevic/tt-metal/tt_metal/hw/firmware/src/tt-1xx -I/home/mvasiljevic/tt-metal/ttnn/cpp/ttnn/operations/matmul/device/kernels/compute -c -o /home/mvasiljevic/.cache/tt-metal-cache/12569132917722018041/kernels/bmm_large_block_zm_fused_bias_activation/9168413845044340920/trisc0/trisck.3749600202458196004.o /home/mvasiljevic/tt-metal/tt_metal/hw/firmware/src/tt-1xx/trisck.cc -MF /home/mvasiljevic/.cache/tt-metal-cache/12569132917722018041/kernels/bmm_large_block_zm_fused_bias_activation/9168413845044340920/trisc0/trisck.3749600202458196004.d -DIS_NOT_POW2_NUM_L1_BANKS=1 -DLOG_BASE_2_OF_NUM_DRAM_BANKS=3 -DNUM_DRAM_BANKS=8 -DNUM_L1_BANKS=110 -DPCIE_NOC_X=19 -DPCIE_NOC_Y=24 -DTENSIX_FIRMWARE -DLOCAL_MEM_EN=0 -DPROFILE_KERNEL=1 -DPROFILER_FULL_HOST_BUFFER_SIZE_PER_RISC=48000 -DPROCESSOR_INDEX=2 -DUCK_CHLKC_UNPACK -DCOMPILE_FOR_TRISC=0 -DARCH_BLACKHOLE -DDISPATCH_MESSAGE_ADDR=4290184248 -DKERNEL_BUILD -DFULL_KERNEL_NAME="\"bmm_large_block_zm_fused_bias_activation/9168413845044340920/\"" -DKERNEL_COMPILE_TIME_ARGS=2,1,8,8,1,2,1,128,1,1,4,1,4,32,4,0,0,0 -DKERNEL_COMPILE_TIME_ARG_MAP="{\"bias_ntiles\",1}, {\"cb_intermed0\",5}, {\"cb_out\",4}, {\"cb_in0_transposed\",10}, {\"cb_bias\",3}, {\"cb_in1\",1}, {\"cb_in0\",0}, " 
In file included from /home/mvasiljevic/tt-metal/tt_metal/hw/ckernels/blackhole/metal/llk_io/llk_io_unpack.h:13,
                 from /home/mvasiljevic/tt-metal/tt_metal/hw/inc/api/compute/cb_api.h:15,
                 from /home/mvasiljevic/tt-metal/tt_metal/hw/inc/api/compute/common.h:11,
                 from /home/mvasiljevic/tt-metal/tt_metal/hw/inc/api/compute/matmul.h:7,
                 from /home/mvasiljevic/tt-metal/ttnn/cpp/ttnn/operations/matmul/device/kernels/compute/bmm_large_block_zm_fused_bias_activation.cpp:7,
                 from ../chlkc_unpack.cpp:3,
                 from /home/mvasiljevic/tt-metal/tt_metal/hw/ckernels/blackhole/metal/common/chlkc_list.h:26,
                 from /home/mvasiljevic/tt-metal/tt_metal/hw/firmware/src/tt-1xx/trisck.cc:13:
/home/mvasiljevic/tt-metal/tt_metal/hw/ckernels/blackhole/metal/llk_io/llk_io_unpack.h: In function 'void llk_wait_tiles(int, int32_t)':
/home/mvasiljevic/tt-metal/tt_metal/tools/profiler/kernel_profiler.hpp:25:22: note: '#pragma message: CB-COMPUTE-WAIT-FRONT,/home/mvasiljevic/tt-metal/tt_metal/hw/ckernels/blackhole/metal/llk_io/llk_io_unpack.h,19,KERNEL_PROFILER'
   25 | #define DO_PRAGMA(x) _Pragma(#x)
      |                      ^~~~~~~
/home/mvasiljevic/tt-metal/tt_metal/tools/profiler/kernel_profiler.hpp:707:5: note: in expansion of macro 'DO_PRAGMA'
  707 |     DO_PRAGMA(message(PROFILER_MSG_NAME(name)));                               \
      |     ^~~~~~~~~
/home/mvasiljevic/tt-metal/tt_metal/hw/ckernels/blackhole/metal/llk_io/llk_io_unpack.h:19:5: note: in expansion of macro 'DeviceZoneScopedSumN1'
   19 |     DeviceZoneScopedSumN1("CB-COMPUTE-WAIT-FRONT");
      |     ^~~~~~~~~~~~~~~~~~~~~
/home/mvasiljevic/tt-metal/tt_metal/hw/firmware/src/tt-1xx/trisck.cc: In function 'uint32_t _start()':
/home/mvasiljevic/tt-metal/tt_metal/tools/profiler/kernel_profiler.hpp:25:22: note: '#pragma message: TRISC-KERNEL,/home/mvasiljevic/tt-metal/tt_metal/hw/firmware/src/tt-1xx/trisck.cc,86,KERNEL_PROFILER'
   25 | #define DO_PRAGMA(x) _Pragma(#x)
      |                      ^~~~~~~
/home/mvasiljevic/tt-metal/tt_metal/tools/profiler/kernel_profiler.hpp:702:5: note: in expansion of macro 'DO_PRAGMA'
  702 |     DO_PRAGMA(message(PROFILER_MSG_NAME(name)));                               \
      |     ^~~~~~~~~
/home/mvasiljevic/tt-metal/tt_metal/hw/firmware/src/tt-1xx/trisck.cc:86:5: note: in expansion of macro 'DeviceZoneScopedMainChildN'
   86 |     DeviceZoneScopedMainChildN("TRISC-KERNEL");
      |     ^~~~~~~~~~~~~~~~~~~~~~~~~~
Building ncrisc, compile step:
cd /home/mvasiljevic/.cache/tt-metal-cache/12569132917722018041/kernels/reader_bmm_tile_layout_in0_sender_padding/18088343208020996976/ncrisc/ && /home/mvasiljevic/tt-metal/runtime/sfpi/compiler/bin/riscv-tt-elf-g++ -O2 -std=c++17 -ftt-nttp -ftt-constinit -ftt-consteval -ftt-no-dyninit -flto=auto -ffast-math -fno-exceptions -fno-rtti -fno-use-cxa-atexit -g -MMD -Wall -Werror -Wno-error=deprecated-declarations -Wno-error=multistatement-macros -Wno-error=parentheses -Wno-error=unused-but-set-variable -Wno-unused-variable -Wno-unused-function -mcpu=tt-bh -fno-tree-loop-distribute-patterns -I. -I.. -I/home/mvasiljevic/tt-metal/ -I/home/mvasiljevic/tt-metal/ttnn -I/home/mvasiljevic/tt-metal/ttnn/cpp -I/home/mvasiljevic/tt-metal/tt_metal -I/home/mvasiljevic/tt-metal/tt_metal/hw/inc -I/home/mvasiljevic/tt-metal/tt_metal/tt-llk/common -I/home/mvasiljevic/tt-metal/tt_metal/hostdevcommon/api -I/home/mvasiljevic/tt-metal/tt_metal/api/ -I/home/mvasiljevic/tt-metal/tt_metal/hw/ckernels/blackhole/metal/common -I/home/mvasiljevic/tt-metal/tt_metal/hw/ckernels/blackhole/metal/llk_io -I/home/mvasiljevic/tt-metal/tt_metal/hw/inc/internal/tt-1xx -I/home/mvasiljevic/tt-metal/tt_metal/hw/inc/internal/tt-1xx/blackhole -I/home/mvasiljevic/tt-metal/tt_metal/hw/inc/internal/tt-1xx/blackhole/blackhole_defines -I/home/mvasiljevic/tt-metal/tt_metal/hw/inc/internal/tt-1xx/blackhole/noc -I/home/mvasiljevic/tt-metal/tt_metal/tt-llk/tt_llk_blackhole/common/inc -I/home/mvasiljevic/tt-metal/tt_metal/tt-llk/tt_llk_blackhole/llk_lib -I/home/mvasiljevic/tt-metal/tt_metal/hw/firmware/src/tt-1xx -I/home/mvasiljevic/tt-metal/ttnn/cpp/ttnn/operations/matmul/device/kernels/dataflow -c -o /home/mvasiljevic/.cache/tt-metal-cache/12569132917722018041/kernels/reader_bmm_tile_layout_in0_sender_padding/18088343208020996976/ncrisc/ncrisck.3749600202458196004.o /home/mvasiljevic/tt-metal/tt_metal/hw/firmware/src/tt-1xx/ncrisck.cc -MF /home/mvasiljevic/.cache/tt-metal-cache/12569132917722018041/kernels/reader_bmm_tile_layout_in0_sender_padding/18088343208020996976/ncrisc/ncrisck.3749600202458196004.d -DIS_NOT_POW2_NUM_L1_BANKS=1 -DLOG_BASE_2_OF_NUM_DRAM_BANKS=3 -DNUM_DRAM_BANKS=8 -DNUM_L1_BANKS=110 -DPCIE_NOC_X=19 -DPCIE_NOC_Y=24 -DTENSIX_FIRMWARE -DLOCAL_MEM_EN=0 -DPROFILE_KERNEL=1 -DPROFILER_FULL_HOST_BUFFER_SIZE_PER_RISC=48000 -DPROCESSOR_INDEX=1 -DCOMPILE_FOR_NCRISC -DARCH_BLACKHOLE -DDISPATCH_MESSAGE_ADDR=4290184248 -DKERNEL_BUILD -DFULL_KERNEL_NAME="\"reader_bmm_tile_layout_in0_sender_padding/18088343208020996976/\"" -DNOC_INDEX='1' -DNOC_MODE='0' -DKERNEL_COMPILE_TIME_ARGS=1,256,2,1024,2,4,8,0,0,0,0,0,128,1,1,0,1,95,98,1024,32,1,0,0,0,1,0,0,2,2048,0,0,0 -DKERNEL_COMPILE_TIME_ARG_MAP="{\"cb_sparsity\",6}, {\"cb_in0_sharded\",2}, {\"cb_in0\",0}, " 
In file included from /home/mvasiljevic/tt-metal/tt_metal/hw/inc/api/dataflow/dataflow_api.h:27,
                 from /home/mvasiljevic/tt-metal/tt_metal/hw/inc/internal/firmware_common.h:24,
                 from /home/mvasiljevic/tt-metal/tt_metal/hw/firmware/src/tt-1xx/ncrisck.cc:17:
/home/mvasiljevic/tt-metal/tt_metal/tools/profiler/kernel_profiler.hpp: In function 'void kernel_profiler::quick_push()':
/home/mvasiljevic/tt-metal/tt_metal/tools/profiler/kernel_profiler.hpp:25:22: note: '#pragma message: PROFILER-NOC-QUICK-PUSH,/home/mvasiljevic/tt-metal/tt_metal/tools/profiler/kernel_profiler.hpp,395,KERNEL_PROFILER'
   25 | #define DO_PRAGMA(x) _Pragma(#x)
      |                      ^~~~~~~
/home/mvasiljevic/tt-metal/tt_metal/tools/profiler/kernel_profiler.hpp:35:5: note: in expansion of macro 'DO_PRAGMA'
   35 |     DO_PRAGMA(message(PROFILER_MSG_NAME(name))); \
      |     ^~~~~~~~~
/home/mvasiljevic/tt-metal/tt_metal/tools/profiler/kernel_profiler.hpp:395:5: note: in expansion of macro 'SrcLocNameToHash'
  395 |     SrcLocNameToHash("PROFILER-NOC-QUICK-PUSH");
      |     ^~~~~~~~~~~~~~~~
/home/mvasiljevic/tt-metal/tt_metal/hw/firmware/src/tt-1xx/ncrisck.cc: In function 'uint32_t _start()':
/home/mvasiljevic/tt-metal/tt_metal/tools/profiler/kernel_profiler.hpp:25:22: note: '#pragma message: NCRISC-KERNEL,/home/mvasiljevic/tt-metal/tt_metal/hw/firmware/src/tt-1xx/ncrisck.cc,69,KERNEL_PROFILER'
   25 | #define DO_PRAGMA(x) _Pragma(#x)
      |                      ^~~~~~~
/home/mvasiljevic/tt-metal/tt_metal/tools/profiler/kernel_profiler.hpp:702:5: note: in expansion of macro 'DO_PRAGMA'
  702 |     DO_PRAGMA(message(PROFILER_MSG_NAME(name)));                               \
      |     ^~~~~~~~~
/home/mvasiljevic/tt-metal/tt_metal/hw/firmware/src/tt-1xx/ncrisck.cc:69:5: note: in expansion of macro 'DeviceZoneScopedMainChildN'
   69 |     DeviceZoneScopedMainChildN("NCRISC-KERNEL");
      |     ^~~~~~~~~~~~~~~~~~~~~~~~~~
Building brisc, compile step:
cd /home/mvasiljevic/.cache/tt-metal-cache/12569132917722018041/kernels/reader_bmm_tile_layout_in1_sender_writer_padding/13786019362529858293/brisc/ && /home/mvasiljevic/tt-metal/runtime/sfpi/compiler/bin/riscv-tt-elf-g++ -O2 -std=c++17 -ftt-nttp -ftt-constinit -ftt-consteval -ftt-no-dyninit -flto=auto -ffast-math -fno-exceptions -fno-rtti -fno-use-cxa-atexit -g -MMD -Wall -Werror -Wno-error=deprecated-declarations -Wno-error=multistatement-macros -Wno-error=parentheses -Wno-error=unused-but-set-variable -Wno-unused-variable -Wno-unused-function -mcpu=tt-bh -fno-tree-loop-distribute-patterns -I. -I.. -I/home/mvasiljevic/tt-metal/ -I/home/mvasiljevic/tt-metal/ttnn -I/home/mvasiljevic/tt-metal/ttnn/cpp -I/home/mvasiljevic/tt-metal/tt_metal -I/home/mvasiljevic/tt-metal/tt_metal/hw/inc -I/home/mvasiljevic/tt-metal/tt_metal/tt-llk/common -I/home/mvasiljevic/tt-metal/tt_metal/hostdevcommon/api -I/home/mvasiljevic/tt-metal/tt_metal/api/ -I/home/mvasiljevic/tt-metal/tt_metal/hw/ckernels/blackhole/metal/common -I/home/mvasiljevic/tt-metal/tt_metal/hw/ckernels/blackhole/metal/llk_io -I/home/mvasiljevic/tt-metal/tt_metal/hw/inc/internal/tt-1xx -I/home/mvasiljevic/tt-metal/tt_metal/hw/inc/internal/tt-1xx/blackhole -I/home/mvasiljevic/tt-metal/tt_metal/hw/inc/internal/tt-1xx/blackhole/blackhole_defines -I/home/mvasiljevic/tt-metal/tt_metal/hw/inc/internal/tt-1xx/blackhole/noc -I/home/mvasiljevic/tt-metal/tt_metal/tt-llk/tt_llk_blackhole/common/inc -I/home/mvasiljevic/tt-metal/tt_metal/tt-llk/tt_llk_blackhole/llk_lib -I/home/mvasiljevic/tt-metal/tt_metal/hw/firmware/src/tt-1xx -I/home/mvasiljevic/tt-metal/ttnn/cpp/ttnn/operations/matmul/device/kernels/dataflow -c -o /home/mvasiljevic/.cache/tt-metal-cache/12569132917722018041/kernels/reader_bmm_tile_layout_in1_sender_writer_padding/13786019362529858293/brisc/brisck.3749600202458196004.o /home/mvasiljevic/tt-metal/tt_metal/hw/firmware/src/tt-1xx/brisck.cc -MF /home/mvasiljevic/.cache/tt-metal-cache/12569132917722018041/kernels/reader_bmm_tile_layout_in1_sender_writer_padding/13786019362529858293/brisc/brisck.3749600202458196004.d -DIS_NOT_POW2_NUM_L1_BANKS=1 -DLOG_BASE_2_OF_NUM_DRAM_BANKS=3 -DNUM_DRAM_BANKS=8 -DNUM_L1_BANKS=110 -DPCIE_NOC_X=19 -DPCIE_NOC_Y=24 -DTENSIX_FIRMWARE -DLOCAL_MEM_EN=0 -DPROFILE_KERNEL=1 -DPROFILER_FULL_HOST_BUFFER_SIZE_PER_RISC=48000 -DPROCESSOR_INDEX=0 -DCOMPILE_FOR_BRISC -DARCH_BLACKHOLE -DDISPATCH_MESSAGE_ADDR=4290184248 -DKERNEL_BUILD -DFULL_KERNEL_NAME="\"reader_bmm_tile_layout_in1_sender_writer_padding/13786019362529858293/\"" -DSKIP_MCAST='1' -DNOC_INDEX='0' -DNOC_MODE='0' -DKERNEL_COMPILE_TIME_ARGS=1,96,192,1,1,2,2,128,1,1,0,0,0,0,24576,32,1,0,0,1,96,1,384,1,384,1,4,4,384,0,0,0,2,576,0,0,2,2048 -DKERNEL_COMPILE_TIME_ARG_MAP="{\"cb_sparsity\",7}, {\"cb_out\",4}, {\"cb_bias\",3}, {\"cb_in1\",1}, " 
In file included from /home/mvasiljevic/tt-metal/tt_metal/hw/inc/api/dataflow/dataflow_api.h:27,
                 from /home/mvasiljevic/tt-metal/tt_metal/hw/inc/internal/firmware_common.h:24,
                 from /home/mvasiljevic/tt-metal/tt_metal/hw/firmware/src/tt-1xx/brisck.cc:17:
/home/mvasiljevic/tt-metal/tt_metal/tools/profiler/kernel_profiler.hpp: In function 'void kernel_profiler::quick_push()':
/home/mvasiljevic/tt-metal/tt_metal/tools/profiler/kernel_profiler.hpp:25:22: note: '#pragma message: PROFILER-NOC-QUICK-PUSH,/home/mvasiljevic/tt-metal/tt_metal/tools/profiler/kernel_profiler.hpp,395,KERNEL_PROFILER'
   25 | #define DO_PRAGMA(x) _Pragma(#x)
      |                      ^~~~~~~
/home/mvasiljevic/tt-metal/tt_metal/tools/profiler/kernel_profiler.hpp:35:5: note: in expansion of macro 'DO_PRAGMA'
   35 |     DO_PRAGMA(message(PROFILER_MSG_NAME(name))); \
      |     ^~~~~~~~~
/home/mvasiljevic/tt-metal/tt_metal/tools/profiler/kernel_profiler.hpp:395:5: note: in expansion of macro 'SrcLocNameToHash'
  395 |     SrcLocNameToHash("PROFILER-NOC-QUICK-PUSH");
      |     ^~~~~~~~~~~~~~~~
/home/mvasiljevic/tt-metal/tt_metal/hw/firmware/src/tt-1xx/brisck.cc: In function 'uint32_t _start()':
/home/mvasiljevic/tt-metal/tt_metal/tools/profiler/kernel_profiler.hpp:25:22: note: '#pragma message: BRISC-KERNEL,/home/mvasiljevic/tt-metal/tt_metal/hw/firmware/src/tt-1xx/brisck.cc,77,KERNEL_PROFILER'
   25 | #define DO_PRAGMA(x) _Pragma(#x)
      |                      ^~~~~~~
/home/mvasiljevic/tt-metal/tt_metal/tools/profiler/kernel_profiler.hpp:702:5: note: in expansion of macro 'DO_PRAGMA'
  702 |     DO_PRAGMA(message(PROFILER_MSG_NAME(name)));                               \
      |     ^~~~~~~~~
/home/mvasiljevic/tt-metal/tt_metal/hw/firmware/src/tt-1xx/brisck.cc:77:9: note: in expansion of macro 'DeviceZoneScopedMainChildN'
   77 |         DeviceZoneScopedMainChildN("BRISC-KERNEL");
      |         ^~~~~~~~~~~~~~~~~~~~~~~~~~
Building trisc1, compile step:
cd /home/mvasiljevic/.cache/tt-metal-cache/12569132917722018041/kernels/bmm_large_block_zm_fused_bias_activation/9168413845044340920/trisc1/ && /home/mvasiljevic/tt-metal/runtime/sfpi/compiler/bin/riscv-tt-elf-g++ -O3 -std=c++17 -ftt-nttp -ftt-constinit -ftt-consteval -ftt-no-dyninit -flto=auto -ffast-math -fno-exceptions -fno-rtti -fno-use-cxa-atexit -g -MMD -Wall -Werror -Wno-error=deprecated-declarations -Wno-error=multistatement-macros -Wno-error=parentheses -Wno-error=unused-but-set-variable -Wno-unused-variable -Wno-unused-function -mcpu=tt-bh-tensix -I. -I.. -I/home/mvasiljevic/tt-metal/ -I/home/mvasiljevic/tt-metal/ttnn -I/home/mvasiljevic/tt-metal/ttnn/cpp -I/home/mvasiljevic/tt-metal/tt_metal -I/home/mvasiljevic/tt-metal/tt_metal/hw/inc -I/home/mvasiljevic/tt-metal/tt_metal/tt-llk/common -I/home/mvasiljevic/tt-metal/tt_metal/hostdevcommon/api -I/home/mvasiljevic/tt-metal/tt_metal/api/ -I/home/mvasiljevic/tt-metal/runtime/sfpi/include -I/home/mvasiljevic/tt-metal/tt_metal/hw/ckernels/blackhole/metal/common -I/home/mvasiljevic/tt-metal/tt_metal/hw/ckernels/blackhole/metal/llk_io -I/home/mvasiljevic/tt-metal/tt_metal/hw/inc/internal/tt-1xx -I/home/mvasiljevic/tt-metal/tt_metal/hw/inc/internal/tt-1xx/blackhole -I/home/mvasiljevic/tt-metal/tt_metal/hw/inc/internal/tt-1xx/blackhole/blackhole_defines -I/home/mvasiljevic/tt-metal/tt_metal/hw/inc/internal/tt-1xx/blackhole/noc -I/home/mvasiljevic/tt-metal/tt_metal/tt-llk/tt_llk_blackhole/common/inc -I/home/mvasiljevic/tt-metal/tt_metal/tt-llk/tt_llk_blackhole/llk_lib -I/home/mvasiljevic/tt-metal/tt_metal/hw/ckernels/blackhole/metal/llk_api -I/home/mvasiljevic/tt-metal/tt_metal/hw/ckernels/blackhole/metal/llk_api/llk_sfpu -I/home/mvasiljevic/tt-metal/tt_metal/hw/firmware/src/tt-1xx -I/home/mvasiljevic/tt-metal/ttnn/cpp/ttnn/operations/matmul/device/kernels/compute -c -o /home/mvasiljevic/.cache/tt-metal-cache/12569132917722018041/kernels/bmm_large_block_zm_fused_bias_activation/9168413845044340920/trisc1/trisck.3749600202458196004.o /home/mvasiljevic/tt-metal/tt_metal/hw/firmware/src/tt-1xx/trisck.cc -MF /home/mvasiljevic/.cache/tt-metal-cache/12569132917722018041/kernels/bmm_large_block_zm_fused_bias_activation/9168413845044340920/trisc1/trisck.3749600202458196004.d -DIS_NOT_POW2_NUM_L1_BANKS=1 -DLOG_BASE_2_OF_NUM_DRAM_BANKS=3 -DNUM_DRAM_BANKS=8 -DNUM_L1_BANKS=110 -DPCIE_NOC_X=19 -DPCIE_NOC_Y=24 -DTENSIX_FIRMWARE -DLOCAL_MEM_EN=0 -DPROFILE_KERNEL=1 -DPROFILER_FULL_HOST_BUFFER_SIZE_PER_RISC=48000 -DPROCESSOR_INDEX=3 -DUCK_CHLKC_MATH -DCOMPILE_FOR_TRISC=1 -DARCH_BLACKHOLE -DDISPATCH_MESSAGE_ADDR=4290184248 -DKERNEL_BUILD -DFULL_KERNEL_NAME="\"bmm_large_block_zm_fused_bias_activation/9168413845044340920/\"" -DKERNEL_COMPILE_TIME_ARGS=2,1,8,8,1,2,1,128,1,1,4,1,4,32,4,0,0,0 -DKERNEL_COMPILE_TIME_ARG_MAP="{\"bias_ntiles\",1}, {\"cb_intermed0\",5}, {\"cb_out\",4}, {\"cb_in0_transposed\",10}, {\"cb_bias\",3}, {\"cb_in1\",1}, {\"cb_in0\",0}, " 
In file included from /home/mvasiljevic/tt-metal/tt_metal/hw/firmware/src/tt-1xx/trisck.cc:15:
/home/mvasiljevic/tt-metal/tt_metal/hw/firmware/src/tt-1xx/trisck.cc: In function 'uint32_t _start()':
/home/mvasiljevic/tt-metal/tt_metal/tools/profiler/kernel_profiler.hpp:25:22: note: '#pragma message: TRISC-KERNEL,/home/mvasiljevic/tt-metal/tt_metal/hw/firmware/src/tt-1xx/trisck.cc,86,KERNEL_PROFILER'
   25 | #define DO_PRAGMA(x) _Pragma(#x)
      |                      ^~~~~~~
/home/mvasiljevic/tt-metal/tt_metal/tools/profiler/kernel_profiler.hpp:702:5: note: in expansion of macro 'DO_PRAGMA'
  702 |     DO_PRAGMA(message(PROFILER_MSG_NAME(name)));                               \
      |     ^~~~~~~~~
/home/mvasiljevic/tt-metal/tt_metal/hw/firmware/src/tt-1xx/trisck.cc:86:5: note: in expansion of macro 'DeviceZoneScopedMainChildN'
   86 |     DeviceZoneScopedMainChildN("TRISC-KERNEL");
      |     ^~~~~~~~~~~~~~~~~~~~~~~~~~
2026-07-30 02:40:09.702 | INFO     | tracy:signpost:49 - OPTIMIZED_PREFILL_B32_END
PERF_RESULTS mode=prefill batch=32 sequence=128 values={'optimized': (30.277863144874573, 30.220973305404186)}
PASSED2026-07-30 02:40:10.203 | info     |           Metal | Device kernel duration perf summary (device=3): count=717, min=1910ns, avg=171103.2ns, max=6858849ns (profiler_analysis.cpp:675)
2026-07-30 02:40:10.203 | info     |           Metal | Device kernel duration perf histogram (device=3): (buckets=10, bucket_size=685700ns, range=[0..6857000), underflow(<0ns)=0, overflow(>=6857000ns)=3) (profiler_analysis.cpp:718)
2026-07-30 02:40:10.203 | info     |           Metal |   [           0 ..       685700) |########################################|      692 (profiler_analysis.cpp:723)
2026-07-30 02:40:10.203 | info     |           Metal |   [      685700 ..      1371400) |#                                       |        9 (profiler_analysis.cpp:723)
2026-07-30 02:40:10.203 | info     |           Metal |   [     1371400 ..      2057100) |                                        |        0 (profiler_analysis.cpp:723)
2026-07-30 02:40:10.203 | info     |           Metal |   [     2057100 ..      2742800) |                                        |        4 (profiler_analysis.cpp:723)
2026-07-30 02:40:10.203 | info     |           Metal |   [     2742800 ..      3428500) |                                        |        4 (profiler_analysis.cpp:723)
2026-07-30 02:40:10.203 | info     |           Metal |   [     3428500 ..      4114200) |                                        |        4 (profiler_analysis.cpp:723)
2026-07-30 02:40:10.203 | info     |           Metal |   [     4114200 ..      4799900) |                                        |        0 (profiler_analysis.cpp:723)
2026-07-30 02:40:10.203 | info     |           Metal |   [     4799900 ..      5485600) |                                        |        0 (profiler_analysis.cpp:723)
2026-07-30 02:40:10.203 | info     |           Metal |   [     5485600 ..      6171300) |                                        |        0 (profiler_analysis.cpp:723)
2026-07-30 02:40:10.203 | info     |           Metal |   [     6171300 ..      6857000) |                                        |        1 (profiler_analysis.cpp:723)

models/autoports/microsoft_phi_3_5_mini_instruct/tests/optimized_decoder_perf.py::test_profile_traced_decode_before_after[blackhole-32-mesh_device0] 2026-07-30 02:40:10.929 | DEBUG    | ttnn.device:__init__:152 - Using default dispatch core type for this system: DispatchCoreType.WORKER
2026-07-30 02:40:10.929 | DEBUG    | ttnn.device:__init__:154 - Using default dispatch core axis for this system: DispatchCoreAxis.COL
2026-07-30 02:40:10.972 | warning  |           Metal | Opening subset of mmio devices slows down UMD read/write to remote chips. If opening more devices, consider using CreateDevices API. (device_manager.cpp:261)
2026-07-30 02:40:10.974 | info     |           Metal | Profiler started on device 3 (profiler_initializer.cpp:49)
2026-07-30 02:40:11.014 | DEBUG    | conftest:mesh_device:599 - multidevice with 1 devices is created
Building ncrisc, compile step:
cd /home/mvasiljevic/.cache/tt-metal-cache/12569132917722018041/kernels/reader_decode_all/6562987636539070452/ncrisc/ && /home/mvasiljevic/tt-metal/runtime/sfpi/compiler/bin/riscv-tt-elf-g++ -O2 -std=c++17 -ftt-nttp -ftt-constinit -ftt-consteval -ftt-no-dyninit -flto=auto -ffast-math -fno-exceptions -fno-rtti -fno-use-cxa-atexit -g -MMD -Wall -Werror -Wno-error=deprecated-declarations -Wno-error=multistatement-macros -Wno-error=parentheses -Wno-error=unused-but-set-variable -Wno-unused-variable -Wno-unused-function -mcpu=tt-bh -fno-tree-loop-distribute-patterns -I. -I.. -I/home/mvasiljevic/tt-metal/ -I/home/mvasiljevic/tt-metal/ttnn -I/home/mvasiljevic/tt-metal/ttnn/cpp -I/home/mvasiljevic/tt-metal/tt_metal -I/home/mvasiljevic/tt-metal/tt_metal/hw/inc -I/home/mvasiljevic/tt-metal/tt_metal/tt-llk/common -I/home/mvasiljevic/tt-metal/tt_metal/hostdevcommon/api -I/home/mvasiljevic/tt-metal/tt_metal/api/ -I/home/mvasiljevic/tt-metal/tt_metal/hw/ckernels/blackhole/metal/common -I/home/mvasiljevic/tt-metal/tt_metal/hw/ckernels/blackhole/metal/llk_io -I/home/mvasiljevic/tt-metal/tt_metal/hw/inc/internal/tt-1xx -I/home/mvasiljevic/tt-metal/tt_metal/hw/inc/internal/tt-1xx/blackhole -I/home/mvasiljevic/tt-metal/tt_metal/hw/inc/internal/tt-1xx/blackhole/blackhole_defines -I/home/mvasiljevic/tt-metal/tt_metal/hw/inc/internal/tt-1xx/blackhole/noc -I/home/mvasiljevic/tt-metal/tt_metal/tt-llk/tt_llk_blackhole/common/inc -I/home/mvasiljevic/tt-metal/tt_metal/tt-llk/tt_llk_blackhole/llk_lib -I/home/mvasiljevic/tt-metal/tt_metal/hw/firmware/src/tt-1xx -I/home/mvasiljevic/tt-metal/ttnn/cpp/ttnn/operations/transformer/sdpa_decode/device/kernels/dataflow -c -o /home/mvasiljevic/.cache/tt-metal-cache/12569132917722018041/kernels/reader_decode_all/6562987636539070452/ncrisc/ncrisck.3749600202458196004.o /home/mvasiljevic/tt-metal/tt_metal/hw/firmware/src/tt-1xx/ncrisck.cc -MF /home/mvasiljevic/.cache/tt-metal-cache/12569132917722018041/kernels/reader_decode_all/6562987636539070452/ncrisc/ncrisck.3749600202458196004.d -DIS_NOT_POW2_NUM_L1_BANKS=1 -DLOG_BASE_2_OF_NUM_DRAM_BANKS=3 -DNUM_DRAM_BANKS=8 -DNUM_L1_BANKS=110 -DPCIE_NOC_X=19 -DPCIE_NOC_Y=24 -DTENSIX_FIRMWARE -DLOCAL_MEM_EN=0 -DPROFILE_KERNEL=1 -DPROFILER_FULL_HOST_BUFFER_SIZE_PER_RISC=48000 -DPROCESSOR_INDEX=1 -DCOMPILE_FOR_NCRISC -DARCH_BLACKHOLE -DDISPATCH_MESSAGE_ADDR=4290184248 -DKERNEL_BUILD -DFULL_KERNEL_NAME="\"reader_decode_all/6562987636539070452/\"" -DNOC_INDEX='0' -DNOC_MODE='0' -DKERNEL_COMPILE_TIME_ARGS=32,1,4,3,3,0,64,1,2,0,128,1,32,1,128,1,1,16,32,1,0,0,8,0,0,0,6144,0,0,2048,0,32,2,0,0,128,0,1,2048,1,32,96,3,33685762,67240706,100795650,167905026,33751299,67306243,100861187,167970563,33816836,67371780,100926724,168036100,33882373,67437317,100992261,168101637,2,2048,2,2048,0,0,2,128,2,64,0,0 
In file included from /home/mvasiljevic/tt-metal/tt_metal/hw/inc/api/dataflow/dataflow_api.h:27,
                 from /home/mvasiljevic/tt-metal/tt_metal/hw/inc/internal/firmware_common.h:24,
                 from /home/mvasiljevic/tt-metal/tt_metal/hw/firmware/src/tt-1xx/ncrisck.cc:17:
/home/mvasiljevic/tt-metal/tt_metal/tools/profiler/kernel_profiler.hpp: In function 'void kernel_profiler::quick_push()':
/home/mvasiljevic/tt-metal/tt_metal/tools/profiler/kernel_profiler.hpp:25:22: note: '#pragma message: PROFILER-NOC-QUICK-PUSH,/home/mvasiljevic/tt-metal/tt_metal/tools/profiler/kernel_profiler.hpp,395,KERNEL_PROFILER'
   25 | #define DO_PRAGMA(x) _Pragma(#x)
      |                      ^~~~~~~
/home/mvasiljevic/tt-metal/tt_metal/tools/profiler/kernel_profiler.hpp:35:5: note: in expansion of macro 'DO_PRAGMA'
   35 |     DO_PRAGMA(message(PROFILER_MSG_NAME(name))); \
      |     ^~~~~~~~~
/home/mvasiljevic/tt-metal/tt_metal/tools/profiler/kernel_profiler.hpp:395:5: note: in expansion of macro 'SrcLocNameToHash'
  395 |     SrcLocNameToHash("PROFILER-NOC-QUICK-PUSH");
      |     ^~~~~~~~~~~~~~~~
/home/mvasiljevic/tt-metal/tt_metal/hw/firmware/src/tt-1xx/ncrisck.cc: In function 'uint32_t _start()':
/home/mvasiljevic/tt-metal/tt_metal/tools/profiler/kernel_profiler.hpp:25:22: note: '#pragma message: NCRISC-KERNEL,/home/mvasiljevic/tt-metal/tt_metal/hw/firmware/src/tt-1xx/ncrisck.cc,69,KERNEL_PROFILER'
   25 | #define DO_PRAGMA(x) _Pragma(#x)
      |                      ^~~~~~~
/home/mvasiljevic/tt-metal/tt_metal/tools/profiler/kernel_profiler.hpp:702:5: note: in expansion of macro 'DO_PRAGMA'
  702 |     DO_PRAGMA(message(PROFILER_MSG_NAME(name)));                               \
      |     ^~~~~~~~~
/home/mvasiljevic/tt-metal/tt_metal/hw/firmware/src/tt-1xx/ncrisck.cc:69:5: note: in expansion of macro 'DeviceZoneScopedMainChildN'
   69 |     DeviceZoneScopedMainChildN("NCRISC-KERNEL");
      |     ^~~~~~~~~~~~~~~~~~~~~~~~~~
Building trisc0, compile step:
cd /home/mvasiljevic/.cache/tt-metal-cache/12569132917722018041/kernels/sdpa_flash_decode/10761653388941344785/trisc0/ && /home/mvasiljevic/tt-metal/runtime/sfpi/compiler/bin/riscv-tt-elf-g++ -O3 -std=c++17 -ftt-nttp -ftt-constinit -ftt-consteval -ftt-no-dyninit -flto=auto -ffast-math -fno-exceptions -fno-rtti -fno-use-cxa-atexit -g -MMD -Wall -Werror -Wno-error=deprecated-declarations -Wno-error=multistatement-macros -Wno-error=parentheses -Wno-error=unused-but-set-variable -Wno-unused-variable -Wno-unused-function -mcpu=tt-bh-tensix -I. -I.. -I/home/mvasiljevic/tt-metal/ -I/home/mvasiljevic/tt-metal/ttnn -I/home/mvasiljevic/tt-metal/ttnn/cpp -I/home/mvasiljevic/tt-metal/tt_metal -I/home/mvasiljevic/tt-metal/tt_metal/hw/inc -I/home/mvasiljevic/tt-metal/tt_metal/tt-llk/common -I/home/mvasiljevic/tt-metal/tt_metal/hostdevcommon/api -I/home/mvasiljevic/tt-metal/tt_metal/api/ -I/home/mvasiljevic/tt-metal/runtime/sfpi/include -I/home/mvasiljevic/tt-metal/tt_metal/hw/ckernels/blackhole/metal/common -I/home/mvasiljevic/tt-metal/tt_metal/hw/ckernels/blackhole/metal/llk_io -I/home/mvasiljevic/tt-metal/tt_metal/hw/inc/internal/tt-1xx -I/home/mvasiljevic/tt-metal/tt_metal/hw/inc/internal/tt-1xx/blackhole -I/home/mvasiljevic/tt-metal/tt_metal/hw/inc/internal/tt-1xx/blackhole/blackhole_defines -I/home/mvasiljevic/tt-metal/tt_metal/hw/inc/internal/tt-1xx/blackhole/noc -I/home/mvasiljevic/tt-metal/tt_metal/tt-llk/tt_llk_blackhole/common/inc -I/home/mvasiljevic/tt-metal/tt_metal/tt-llk/tt_llk_blackhole/llk_lib -I/home/mvasiljevic/tt-metal/tt_metal/hw/ckernels/blackhole/metal/llk_api -I/home/mvasiljevic/tt-metal/tt_metal/hw/ckernels/blackhole/metal/llk_api/llk_sfpu -I/home/mvasiljevic/tt-metal/tt_metal/hw/firmware/src/tt-1xx -I/home/mvasiljevic/tt-metal/ttnn/cpp/ttnn/operations/transformer/sdpa_decode/device/kernels/compute -c -o /home/mvasiljevic/.cache/tt-metal-cache/12569132917722018041/kernels/sdpa_flash_decode/10761653388941344785/trisc0/trisck.3749600202458196004.o /home/mvasiljevic/tt-metal/tt_metal/hw/firmware/src/tt-1xx/trisck.cc -MF /home/mvasiljevic/.cache/tt-metal-cache/12569132917722018041/kernels/sdpa_flash_decode/10761653388941344785/trisc0/trisck.3749600202458196004.d -DIS_NOT_POW2_NUM_L1_BANKS=1 -DLOG_BASE_2_OF_NUM_DRAM_BANKS=3 -DNUM_DRAM_BANKS=8 -DNUM_L1_BANKS=110 -DPCIE_NOC_X=19 -DPCIE_NOC_Y=24 -DTENSIX_FIRMWARE -DLOCAL_MEM_EN=0 -DPROFILE_KERNEL=1 -DPROFILER_FULL_HOST_BUFFER_SIZE_PER_RISC=48000 -DPROCESSOR_INDEX=2 -DUCK_CHLKC_UNPACK -DCOMPILE_FOR_TRISC=0 -DARCH_BLACKHOLE -DDISPATCH_MESSAGE_ADDR=4290184248 -DKERNEL_BUILD -DFULL_KERNEL_NAME="\"sdpa_flash_decode/10761653388941344785/\"" -DKERNEL_COMPILE_TIME_ARGS=4,3,3,1,0,3,0,0,0,0,1,0,3,1,1,1,0,2,0,1,16,1,0,0,8,0,1,0,1037108716,0,0,32 
In file included from /home/mvasiljevic/tt-metal/tt_metal/hw/ckernels/blackhole/metal/llk_io/llk_io_unpack.h:13,
                 from /home/mvasiljevic/tt-metal/tt_metal/hw/inc/api/compute/compute_kernel_api.h:94,
                 from /home/mvasiljevic/tt-metal/ttnn/cpp/ttnn/operations/transformer/sdpa_decode/device/kernels/compute/sdpa_flash_decode.cpp:11,
                 from ../chlkc_unpack.cpp:3,
                 from /home/mvasiljevic/tt-metal/tt_metal/hw/ckernels/blackhole/metal/common/chlkc_list.h:26,
                 from /home/mvasiljevic/tt-metal/tt_metal/hw/firmware/src/tt-1xx/trisck.cc:13:
/home/mvasiljevic/tt-metal/tt_metal/hw/ckernels/blackhole/metal/llk_io/llk_io_unpack.h: In function 'void llk_wait_tiles(int, int32_t)':
/home/mvasiljevic/tt-metal/tt_metal/tools/profiler/kernel_profiler.hpp:25:22: note: '#pragma message: CB-COMPUTE-WAIT-FRONT,/home/mvasiljevic/tt-metal/tt_metal/hw/ckernels/blackhole/metal/llk_io/llk_io_unpack.h,19,KERNEL_PROFILER'
   25 | #define DO_PRAGMA(x) _Pragma(#x)
      |                      ^~~~~~~
/home/mvasiljevic/tt-metal/tt_metal/tools/profiler/kernel_profiler.hpp:707:5: note: in expansion of macro 'DO_PRAGMA'
  707 |     DO_PRAGMA(message(PROFILER_MSG_NAME(name)));                               \
      |     ^~~~~~~~~
/home/mvasiljevic/tt-metal/tt_metal/hw/ckernels/blackhole/metal/llk_io/llk_io_unpack.h:19:5: note: in expansion of macro 'DeviceZoneScopedSumN1'
   19 |     DeviceZoneScopedSumN1("CB-COMPUTE-WAIT-FRONT");
      |     ^~~~~~~~~~~~~~~~~~~~~
/home/mvasiljevic/tt-metal/tt_metal/hw/firmware/src/tt-1xx/trisck.cc: In function 'uint32_t _start()':
/home/mvasiljevic/tt-metal/tt_metal/tools/profiler/kernel_profiler.hpp:25:22: note: '#pragma message: TRISC-KERNEL,/home/mvasiljevic/tt-metal/tt_metal/hw/firmware/src/tt-1xx/trisck.cc,86,KERNEL_PROFILER'
   25 | #define DO_PRAGMA(x) _Pragma(#x)
      |                      ^~~~~~~
/home/mvasiljevic/tt-metal/tt_metal/tools/profiler/kernel_profiler.hpp:702:5: note: in expansion of macro 'DO_PRAGMA'
  702 |     DO_PRAGMA(message(PROFILER_MSG_NAME(name)));                               \
      |     ^~~~~~~~~
/home/mvasiljevic/tt-metal/tt_metal/hw/firmware/src/tt-1xx/trisck.cc:86:5: note: in expansion of macro 'DeviceZoneScopedMainChildN'
   86 |     DeviceZoneScopedMainChildN("TRISC-KERNEL");
      |     ^~~~~~~~~~~~~~~~~~~~~~~~~~
Building brisc, compile step:
cd /home/mvasiljevic/.cache/tt-metal-cache/12569132917722018041/kernels/writer_decode_all/14946733768262747753/brisc/ && /home/mvasiljevic/tt-metal/runtime/sfpi/compiler/bin/riscv-tt-elf-g++ -O2 -std=c++17 -ftt-nttp -ftt-constinit -ftt-consteval -ftt-no-dyninit -flto=auto -ffast-math -fno-exceptions -fno-rtti -fno-use-cxa-atexit -g -MMD -Wall -Werror -Wno-error=deprecated-declarations -Wno-error=multistatement-macros -Wno-error=parentheses -Wno-error=unused-but-set-variable -Wno-unused-variable -Wno-unused-function -mcpu=tt-bh -fno-tree-loop-distribute-patterns -I. -I.. -I/home/mvasiljevic/tt-metal/ -I/home/mvasiljevic/tt-metal/ttnn -I/home/mvasiljevic/tt-metal/ttnn/cpp -I/home/mvasiljevic/tt-metal/tt_metal -I/home/mvasiljevic/tt-metal/tt_metal/hw/inc -I/home/mvasiljevic/tt-metal/tt_metal/tt-llk/common -I/home/mvasiljevic/tt-metal/tt_metal/hostdevcommon/api -I/home/mvasiljevic/tt-metal/tt_metal/api/ -I/home/mvasiljevic/tt-metal/tt_metal/hw/ckernels/blackhole/metal/common -I/home/mvasiljevic/tt-metal/tt_metal/hw/ckernels/blackhole/metal/llk_io -I/home/mvasiljevic/tt-metal/tt_metal/hw/inc/internal/tt-1xx -I/home/mvasiljevic/tt-metal/tt_metal/hw/inc/internal/tt-1xx/blackhole -I/home/mvasiljevic/tt-metal/tt_metal/hw/inc/internal/tt-1xx/blackhole/blackhole_defines -I/home/mvasiljevic/tt-metal/tt_metal/hw/inc/internal/tt-1xx/blackhole/noc -I/home/mvasiljevic/tt-metal/tt_metal/tt-llk/tt_llk_blackhole/common/inc -I/home/mvasiljevic/tt-metal/tt_metal/tt-llk/tt_llk_blackhole/llk_lib -I/home/mvasiljevic/tt-metal/tt_metal/hw/firmware/src/tt-1xx -I/home/mvasiljevic/tt-metal/ttnn/cpp/ttnn/operations/transformer/sdpa_decode/device/kernels/dataflow -c -o /home/mvasiljevic/.cache/tt-metal-cache/12569132917722018041/kernels/writer_decode_all/14946733768262747753/brisc/brisck.3749600202458196004.o /home/mvasiljevic/tt-metal/tt_metal/hw/firmware/src/tt-1xx/brisck.cc -MF /home/mvasiljevic/.cache/tt-metal-cache/12569132917722018041/kernels/writer_decode_all/14946733768262747753/brisc/brisck.3749600202458196004.d -DIS_NOT_POW2_NUM_L1_BANKS=1 -DLOG_BASE_2_OF_NUM_DRAM_BANKS=3 -DNUM_DRAM_BANKS=8 -DNUM_L1_BANKS=110 -DPCIE_NOC_X=19 -DPCIE_NOC_Y=24 -DTENSIX_FIRMWARE -DLOCAL_MEM_EN=0 -DPROFILE_KERNEL=1 -DPROFILER_FULL_HOST_BUFFER_SIZE_PER_RISC=48000 -DPROCESSOR_INDEX=0 -DCOMPILE_FOR_BRISC -DARCH_BLACKHOLE -DDISPATCH_MESSAGE_ADDR=4290184248 -DKERNEL_BUILD -DFULL_KERNEL_NAME="\"writer_decode_all/14946733768262747753/\"" -DNOC_INDEX='1' -DNOC_MODE='0' -DKERNEL_COMPILE_TIME_ARGS=32,1,4,3,3,0,1065369472,0,1037108716,2,64,0,1,0,0,32,32,1,16,64,32,2,1,8,1,0,0,32,2,2048 
In file included from /home/mvasiljevic/tt-metal/tt_metal/hw/inc/api/dataflow/dataflow_api.h:27,
                 from /home/mvasiljevic/tt-metal/tt_metal/hw/inc/internal/firmware_common.h:24,
                 from /home/mvasiljevic/tt-metal/tt_metal/hw/firmware/src/tt-1xx/brisck.cc:17:
/home/mvasiljevic/tt-metal/tt_metal/tools/profiler/kernel_profiler.hpp: In function 'void kernel_profiler::quick_push()':
/home/mvasiljevic/tt-metal/tt_metal/tools/profiler/kernel_profiler.hpp:25:22: note: '#pragma message: PROFILER-NOC-QUICK-PUSH,/home/mvasiljevic/tt-metal/tt_metal/tools/profiler/kernel_profiler.hpp,395,KERNEL_PROFILER'
   25 | #define DO_PRAGMA(x) _Pragma(#x)
      |                      ^~~~~~~
/home/mvasiljevic/tt-metal/tt_metal/tools/profiler/kernel_profiler.hpp:35:5: note: in expansion of macro 'DO_PRAGMA'
   35 |     DO_PRAGMA(message(PROFILER_MSG_NAME(name))); \
      |     ^~~~~~~~~
/home/mvasiljevic/tt-metal/tt_metal/tools/profiler/kernel_profiler.hpp:395:5: note: in expansion of macro 'SrcLocNameToHash'
  395 |     SrcLocNameToHash("PROFILER-NOC-QUICK-PUSH");
      |     ^~~~~~~~~~~~~~~~
/home/mvasiljevic/tt-metal/tt_metal/hw/firmware/src/tt-1xx/brisck.cc: In function 'uint32_t _start()':
/home/mvasiljevic/tt-metal/tt_metal/tools/profiler/kernel_profiler.hpp:25:22: note: '#pragma message: BRISC-KERNEL,/home/mvasiljevic/tt-metal/tt_metal/hw/firmware/src/tt-1xx/brisck.cc,77,KERNEL_PROFILER'
   25 | #define DO_PRAGMA(x) _Pragma(#x)
      |                      ^~~~~~~
/home/mvasiljevic/tt-metal/tt_metal/tools/profiler/kernel_profiler.hpp:702:5: note: in expansion of macro 'DO_PRAGMA'
  702 |     DO_PRAGMA(message(PROFILER_MSG_NAME(name)));                               \
      |     ^~~~~~~~~
/home/mvasiljevic/tt-metal/tt_metal/hw/firmware/src/tt-1xx/brisck.cc:77:9: note: in expansion of macro 'DeviceZoneScopedMainChildN'
   77 |         DeviceZoneScopedMainChildN("BRISC-KERNEL");
      |         ^~~~~~~~~~~~~~~~~~~~~~~~~~
Building trisc2, compile step:
cd /home/mvasiljevic/.cache/tt-metal-cache/12569132917722018041/kernels/sdpa_flash_decode/10761653388941344785/trisc2/ && /home/mvasiljevic/tt-metal/runtime/sfpi/compiler/bin/riscv-tt-elf-g++ -O3 -std=c++17 -ftt-nttp -ftt-constinit -ftt-consteval -ftt-no-dyninit -flto=auto -ffast-math -fno-exceptions -fno-rtti -fno-use-cxa-atexit -g -MMD -Wall -Werror -Wno-error=deprecated-declarations -Wno-error=multistatement-macros -Wno-error=parentheses -Wno-error=unused-but-set-variable -Wno-unused-variable -Wno-unused-function -mcpu=tt-bh-tensix -I. -I.. -I/home/mvasiljevic/tt-metal/ -I/home/mvasiljevic/tt-metal/ttnn -I/home/mvasiljevic/tt-metal/ttnn/cpp -I/home/mvasiljevic/tt-metal/tt_metal -I/home/mvasiljevic/tt-metal/tt_metal/hw/inc -I/home/mvasiljevic/tt-metal/tt_metal/tt-llk/common -I/home/mvasiljevic/tt-metal/tt_metal/hostdevcommon/api -I/home/mvasiljevic/tt-metal/tt_metal/api/ -I/home/mvasiljevic/tt-metal/runtime/sfpi/include -I/home/mvasiljevic/tt-metal/tt_metal/hw/ckernels/blackhole/metal/common -I/home/mvasiljevic/tt-metal/tt_metal/hw/ckernels/blackhole/metal/llk_io -I/home/mvasiljevic/tt-metal/tt_metal/hw/inc/internal/tt-1xx -I/home/mvasiljevic/tt-metal/tt_metal/hw/inc/internal/tt-1xx/blackhole -I/home/mvasiljevic/tt-metal/tt_metal/hw/inc/internal/tt-1xx/blackhole/blackhole_defines -I/home/mvasiljevic/tt-metal/tt_metal/hw/inc/internal/tt-1xx/blackhole/noc -I/home/mvasiljevic/tt-metal/tt_metal/tt-llk/tt_llk_blackhole/common/inc -I/home/mvasiljevic/tt-metal/tt_metal/tt-llk/tt_llk_blackhole/llk_lib -I/home/mvasiljevic/tt-metal/tt_metal/hw/ckernels/blackhole/metal/llk_api -I/home/mvasiljevic/tt-metal/tt_metal/hw/ckernels/blackhole/metal/llk_api/llk_sfpu -I/home/mvasiljevic/tt-metal/tt_metal/hw/firmware/src/tt-1xx -I/home/mvasiljevic/tt-metal/ttnn/cpp/ttnn/operations/transformer/sdpa_decode/device/kernels/compute -c -o /home/mvasiljevic/.cache/tt-metal-cache/12569132917722018041/kernels/sdpa_flash_decode/10761653388941344785/trisc2/trisck.3749600202458196004.o /home/mvasiljevic/tt-metal/tt_metal/hw/firmware/src/tt-1xx/trisck.cc -MF /home/mvasiljevic/.cache/tt-metal-cache/12569132917722018041/kernels/sdpa_flash_decode/10761653388941344785/trisc2/trisck.3749600202458196004.d -DIS_NOT_POW2_NUM_L1_BANKS=1 -DLOG_BASE_2_OF_NUM_DRAM_BANKS=3 -DNUM_DRAM_BANKS=8 -DNUM_L1_BANKS=110 -DPCIE_NOC_X=19 -DPCIE_NOC_Y=24 -DTENSIX_FIRMWARE -DLOCAL_MEM_EN=0 -DPROFILE_KERNEL=1 -DPROFILER_FULL_HOST_BUFFER_SIZE_PER_RISC=48000 -DPROCESSOR_INDEX=4 -DUCK_CHLKC_PACK -DCOMPILE_FOR_TRISC=2 -DARCH_BLACKHOLE -DDISPATCH_MESSAGE_ADDR=4290184248 -DKERNEL_BUILD -DFULL_KERNEL_NAME="\"sdpa_flash_decode/10761653388941344785/\"" -DKERNEL_COMPILE_TIME_ARGS=4,3,3,1,0,3,0,0,0,0,1,0,3,1,1,1,0,2,0,1,16,1,0,0,8,0,1,0,1037108716,0,0,32 
In file included from /home/mvasiljevic/tt-metal/tt_metal/hw/ckernels/blackhole/metal/llk_io/llk_io_pack.h:14,
                 from /home/mvasiljevic/tt-metal/tt_metal/hw/inc/api/compute/compute_kernel_api.h:69,
                 from /home/mvasiljevic/tt-metal/ttnn/cpp/ttnn/operations/transformer/sdpa_decode/device/kernels/compute/sdpa_flash_decode.cpp:11,
                 from ../chlkc_pack.cpp:3,
                 from /home/mvasiljevic/tt-metal/tt_metal/hw/ckernels/blackhole/metal/common/chlkc_list.h:21,
                 from /home/mvasiljevic/tt-metal/tt_metal/hw/firmware/src/tt-1xx/trisck.cc:13:
/home/mvasiljevic/tt-metal/tt_metal/hw/ckernels/blackhole/metal/llk_io/llk_io_pack.h: In function 'void llk_wait_for_free_tiles(int32_t, int32_t)':
/home/mvasiljevic/tt-metal/tt_metal/tools/profiler/kernel_profiler.hpp:25:22: note: '#pragma message: CB-COMPUTE-RESERVE-BACK,/home/mvasiljevic/tt-metal/tt_metal/hw/ckernels/blackhole/metal/llk_io/llk_io_pack.h,21,KERNEL_PROFILER'
   25 | #define DO_PRAGMA(x) _Pragma(#x)
      |                      ^~~~~~~
/home/mvasiljevic/tt-metal/tt_metal/tools/profiler/kernel_profiler.hpp:712:5: note: in expansion of macro 'DO_PRAGMA'
  712 |     DO_PRAGMA(message(PROFILER_MSG_NAME(name)));                               \
      |     ^~~~~~~~~
/home/mvasiljevic/tt-metal/tt_metal/hw/ckernels/blackhole/metal/llk_io/llk_io_pack.h:21:5: note: in expansion of macro 'DeviceZoneScopedSumN2'
   21 |     DeviceZoneScopedSumN2("CB-COMPUTE-RESERVE-BACK");
      |     ^~~~~~~~~~~~~~~~~~~~~
/home/mvasiljevic/tt-metal/tt_metal/hw/firmware/src/tt-1xx/trisck.cc: In function 'uint32_t _start()':
/home/mvasiljevic/tt-metal/tt_metal/tools/profiler/kernel_profiler.hpp:25:22: note: '#pragma message: TRISC-KERNEL,/home/mvasiljevic/tt-metal/tt_metal/hw/firmware/src/tt-1xx/trisck.cc,86,KERNEL_PROFILER'
   25 | #define DO_PRAGMA(x) _Pragma(#x)
      |                      ^~~~~~~
/home/mvasiljevic/tt-metal/tt_metal/tools/profiler/kernel_profiler.hpp:702:5: note: in expansion of macro 'DO_PRAGMA'
  702 |     DO_PRAGMA(message(PROFILER_MSG_NAME(name)));                               \
      |     ^~~~~~~~~
/home/mvasiljevic/tt-metal/tt_metal/hw/firmware/src/tt-1xx/trisck.cc:86:5: note: in expansion of macro 'DeviceZoneScopedMainChildN'
   86 |     DeviceZoneScopedMainChildN("TRISC-KERNEL");
      |     ^~~~~~~~~~~~~~~~~~~~~~~~~~
Building trisc1, compile step:
cd /home/mvasiljevic/.cache/tt-metal-cache/12569132917722018041/kernels/sdpa_flash_decode/10761653388941344785/trisc1/ && /home/mvasiljevic/tt-metal/runtime/sfpi/compiler/bin/riscv-tt-elf-g++ -O3 -std=c++17 -ftt-nttp -ftt-constinit -ftt-consteval -ftt-no-dyninit -flto=auto -ffast-math -fno-exceptions -fno-rtti -fno-use-cxa-atexit -g -MMD -Wall -Werror -Wno-error=deprecated-declarations -Wno-error=multistatement-macros -Wno-error=parentheses -Wno-error=unused-but-set-variable -Wno-unused-variable -Wno-unused-function -mcpu=tt-bh-tensix -I. -I.. -I/home/mvasiljevic/tt-metal/ -I/home/mvasiljevic/tt-metal/ttnn -I/home/mvasiljevic/tt-metal/ttnn/cpp -I/home/mvasiljevic/tt-metal/tt_metal -I/home/mvasiljevic/tt-metal/tt_metal/hw/inc -I/home/mvasiljevic/tt-metal/tt_metal/tt-llk/common -I/home/mvasiljevic/tt-metal/tt_metal/hostdevcommon/api -I/home/mvasiljevic/tt-metal/tt_metal/api/ -I/home/mvasiljevic/tt-metal/runtime/sfpi/include -I/home/mvasiljevic/tt-metal/tt_metal/hw/ckernels/blackhole/metal/common -I/home/mvasiljevic/tt-metal/tt_metal/hw/ckernels/blackhole/metal/llk_io -I/home/mvasiljevic/tt-metal/tt_metal/hw/inc/internal/tt-1xx -I/home/mvasiljevic/tt-metal/tt_metal/hw/inc/internal/tt-1xx/blackhole -I/home/mvasiljevic/tt-metal/tt_metal/hw/inc/internal/tt-1xx/blackhole/blackhole_defines -I/home/mvasiljevic/tt-metal/tt_metal/hw/inc/internal/tt-1xx/blackhole/noc -I/home/mvasiljevic/tt-metal/tt_metal/tt-llk/tt_llk_blackhole/common/inc -I/home/mvasiljevic/tt-metal/tt_metal/tt-llk/tt_llk_blackhole/llk_lib -I/home/mvasiljevic/tt-metal/tt_metal/hw/ckernels/blackhole/metal/llk_api -I/home/mvasiljevic/tt-metal/tt_metal/hw/ckernels/blackhole/metal/llk_api/llk_sfpu -I/home/mvasiljevic/tt-metal/tt_metal/hw/firmware/src/tt-1xx -I/home/mvasiljevic/tt-metal/ttnn/cpp/ttnn/operations/transformer/sdpa_decode/device/kernels/compute -c -o /home/mvasiljevic/.cache/tt-metal-cache/12569132917722018041/kernels/sdpa_flash_decode/10761653388941344785/trisc1/trisck.3749600202458196004.o /home/mvasiljevic/tt-metal/tt_metal/hw/firmware/src/tt-1xx/trisck.cc -MF /home/mvasiljevic/.cache/tt-metal-cache/12569132917722018041/kernels/sdpa_flash_decode/10761653388941344785/trisc1/trisck.3749600202458196004.d -DIS_NOT_POW2_NUM_L1_BANKS=1 -DLOG_BASE_2_OF_NUM_DRAM_BANKS=3 -DNUM_DRAM_BANKS=8 -DNUM_L1_BANKS=110 -DPCIE_NOC_X=19 -DPCIE_NOC_Y=24 -DTENSIX_FIRMWARE -DLOCAL_MEM_EN=0 -DPROFILE_KERNEL=1 -DPROFILER_FULL_HOST_BUFFER_SIZE_PER_RISC=48000 -DPROCESSOR_INDEX=3 -DUCK_CHLKC_MATH -DCOMPILE_FOR_TRISC=1 -DARCH_BLACKHOLE -DDISPATCH_MESSAGE_ADDR=4290184248 -DKERNEL_BUILD -DFULL_KERNEL_NAME="\"sdpa_flash_decode/10761653388941344785/\"" -DKERNEL_COMPILE_TIME_ARGS=4,3,3,1,0,3,0,0,0,0,1,0,3,1,1,1,0,2,0,1,16,1,0,0,8,0,1,0,1037108716,0,0,32 
In file included from /home/mvasiljevic/tt-metal/tt_metal/hw/firmware/src/tt-1xx/trisck.cc:15:
/home/mvasiljevic/tt-metal/tt_metal/hw/firmware/src/tt-1xx/trisck.cc: In function 'uint32_t _start()':
/home/mvasiljevic/tt-metal/tt_metal/tools/profiler/kernel_profiler.hpp:25:22: note: '#pragma message: TRISC-KERNEL,/home/mvasiljevic/tt-metal/tt_metal/hw/firmware/src/tt-1xx/trisck.cc,86,KERNEL_PROFILER'
   25 | #define DO_PRAGMA(x) _Pragma(#x)
      |                      ^~~~~~~
/home/mvasiljevic/tt-metal/tt_metal/tools/profiler/kernel_profiler.hpp:702:5: note: in expansion of macro 'DO_PRAGMA'
  702 |     DO_PRAGMA(message(PROFILER_MSG_NAME(name)));                               \
      |     ^~~~~~~~~
/home/mvasiljevic/tt-metal/tt_metal/hw/firmware/src/tt-1xx/trisck.cc:86:5: note: in expansion of macro 'DeviceZoneScopedMainChildN'
   86 |     DeviceZoneScopedMainChildN("TRISC-KERNEL");
      |     ^~~~~~~~~~~~~~~~~~~~~~~~~~
2026-07-30 02:40:12.612 | INFO     | tracy:signpost:49 - OPTIMIZED_DECODE_B32
2026-07-30 02:40:12.615 | INFO     | tracy:signpost:49 - OPTIMIZED_DECODE_B32_END
PERF_RESULTS mode=decode batch=32 context=128 traced=true values={'optimized': (0.7663353656729063, 0.7639573886990547)}
PASSED2026-07-30 02:40:12.960 | info     |           Metal | Device kernel duration perf summary (device=3): count=303, min=809ns, avg=19184.1ns, max=478536ns (profiler_analysis.cpp:675)
2026-07-30 02:40:12.960 | info     |           Metal | Device kernel duration perf histogram (device=3): (buckets=10, bucket_size=47800ns, range=[0..478000), underflow(<0ns)=0, overflow(>=478000ns)=1) (profiler_analysis.cpp:718)
2026-07-30 02:40:12.960 | info     |           Metal |   [           0 ..        47800) |########################################|      266 (profiler_analysis.cpp:723)
2026-07-30 02:40:12.960 | info     |           Metal |   [       47800 ..        95600) |####                                    |       27 (profiler_analysis.cpp:723)
2026-07-30 02:40:12.960 | info     |           Metal |   [       95600 ..       143400) |                                        |        2 (profiler_analysis.cpp:723)
2026-07-30 02:40:12.960 | info     |           Metal |   [      143400 ..       191200) |                                        |        3 (profiler_analysis.cpp:723)
2026-07-30 02:40:12.960 | info     |           Metal |   [      191200 ..       239000) |                                        |        1 (profiler_analysis.cpp:723)
2026-07-30 02:40:12.960 | info     |           Metal |   [      239000 ..       286800) |                                        |        0 (profiler_analysis.cpp:723)
2026-07-30 02:40:12.960 | info     |           Metal |   [      286800 ..       334600) |                                        |        2 (profiler_analysis.cpp:723)
2026-07-30 02:40:12.960 | info     |           Metal |   [      334600 ..       382400) |                                        |        1 (profiler_analysis.cpp:723)
2026-07-30 02:40:12.960 | info     |           Metal |   [      382400 ..       430200) |                                        |        0 (profiler_analysis.cpp:723)
2026-07-30 02:40:12.960 | info     |           Metal |   [      430200 ..       478000) |                                        |        0 (profiler_analysis.cpp:723)


==================================== PASSES ====================================
- generated xml file: /home/mvasiljevic/tt-metal/generated/test_reports/most_recent_tests.xml -
============================== slowest durations ===============================
4.35s call     models/autoports/microsoft_phi_3_5_mini_instruct/tests/optimized_decoder_perf.py::test_profile_traced_decode_before_after[blackhole-1-mesh_device0]
4.11s call     models/autoports/microsoft_phi_3_5_mini_instruct/tests/optimized_decoder_perf.py::test_profile_warmed_prefill_before_after[blackhole-1-mesh_device0]
2.25s call     models/autoports/microsoft_phi_3_5_mini_instruct/tests/optimized_decoder_perf.py::test_profile_warmed_prefill_before_after[blackhole-32-mesh_device0]
1.60s call     models/autoports/microsoft_phi_3_5_mini_instruct/tests/optimized_decoder_perf.py::test_profile_traced_decode_before_after[blackhole-32-mesh_device0]
1.39s setup    models/autoports/microsoft_phi_3_5_mini_instruct/tests/optimized_decoder_perf.py::test_profile_warmed_prefill_before_after[blackhole-1-mesh_device0]
1.00s teardown models/autoports/microsoft_phi_3_5_mini_instruct/tests/optimized_decoder_perf.py::test_profile_warmed_prefill_before_after[blackhole-32-mesh_device0]
0.62s teardown models/autoports/microsoft_phi_3_5_mini_instruct/tests/optimized_decoder_perf.py::test_profile_warmed_prefill_before_after[blackhole-1-mesh_device0]
0.61s teardown models/autoports/microsoft_phi_3_5_mini_instruct/tests/optimized_decoder_perf.py::test_profile_traced_decode_before_after[blackhole-32-mesh_device0]
0.50s teardown models/autoports/microsoft_phi_3_5_mini_instruct/tests/optimized_decoder_perf.py::test_profile_traced_decode_before_after[blackhole-1-mesh_device0]
0.31s setup    models/autoports/microsoft_phi_3_5_mini_instruct/tests/optimized_decoder_perf.py::test_profile_traced_decode_before_after[blackhole-32-mesh_device0]
0.30s setup    models/autoports/microsoft_phi_3_5_mini_instruct/tests/optimized_decoder_perf.py::test_profile_warmed_prefill_before_after[blackhole-32-mesh_device0]
0.30s setup    models/autoports/microsoft_phi_3_5_mini_instruct/tests/optimized_decoder_perf.py::test_profile_traced_decode_before_after[blackhole-1-mesh_device0]
=========================== short test summary info ============================
PASSED models/autoports/microsoft_phi_3_5_mini_instruct/tests/optimized_decoder_perf.py::test_profile_warmed_prefill_before_after[blackhole-1-mesh_device0]
PASSED models/autoports/microsoft_phi_3_5_mini_instruct/tests/optimized_decoder_perf.py::test_profile_traced_decode_before_after[blackhole-1-mesh_device0]
PASSED models/autoports/microsoft_phi_3_5_mini_instruct/tests/optimized_decoder_perf.py::test_profile_warmed_prefill_before_after[blackhole-32-mesh_device0]
PASSED models/autoports/microsoft_phi_3_5_mini_instruct/tests/optimized_decoder_perf.py::test_profile_traced_decode_before_after[blackhole-32-mesh_device0]
============================== 4 passed in 18.44s ==============================
nanobind: leaked 2 instances!
 - leaked instance 0x78d6d81f9e78 of type "ttnn._ttnn.tensor.CoreRangeSet"
 - leaked instance 0x78d6b6680348 of type "ttnn._ttnn.tensor.MemoryConfig"
nanobind: leaked 20 types!
 - leaked type "ttnn._ttnn.operations.matmul.MatmulMultiCoreReuseMultiCast1DProgramConfig"
 - leaked type "ttnn._ttnn.operations.matmul.MatmulInputs"
 - leaked type "ttnn._ttnn.operations.matmul.MatmulMultiCoreReuseMultiCastBatchedDRAMShardedProgramConfig"
 - leaked type "BufferType"
 - leaked type "UnaryOpType"
 - leaked type "Layout"
 - leaked type "ttnn._ttnn.operations.matmul.MatmulMultiCoreReuseOptimizedProgramFactory"
 - leaked type "Arch"
 - leaked type "ttnn._ttnn.operations.matmul.MatmulParams"
 - leaked type "ttnn._ttnn.tensor.CoreRangeSet"
 - ... skipped remainder
nanobind: leaked 247 functions!
 - leaked function "arch"
 - leaked function ""
 - leaked function ""
 - leaked function "to_json"
 - leaked function ""
 - leaked function ""
 - leaked function "__init__"
 - leaked function "get_tile"
 - leaked function ""
 - leaked function "size"
 - ... skipped remainder
nanobind: this is likely caused by a reference counting issue in the binding code.
See https://nanobind.readthedocs.io/en/latest/refleaks.html2026-07-30 02:40:15.032 | info     |    BuildKernels | JIT cache stats: 226/342 hits (66.1%) [226 cached, 400 build-once dedup, 0 merged artifacts, 0 merged genfiles] (build_cache_telemetry.cpp:207)
2026-07-30 02:40:15.032 | info     |    BuildKernels | JIT telemetry: 3 registered TelemetryTokens (build_cache_telemetry.cpp:230)
2026-07-30 02:40:15.045 | info     |          Device | Closing user mode device drivers (tt_cluster.cpp:512)
2026-07-30 02:40:15.045 | info     |             UMD | Closing devices in cluster (cluster.cpp:1037)
2026-07-30 02:40:15.536 | info     |             UMD | Closing devices in cluster completed. (cluster.cpp:1046)
2026-07-30 02:40:15.536 | info     |             UMD | Cluster destructor started. (cluster.cpp:754)
2026-07-30 02:40:15.536 | info     |             UMD | Cluster destructor completed. (cluster.cpp:757)

Timer resolution: 0 ns

Frames: 2
Time span: 2:25:00
Zones: 1,629,008
Elapsed time: 22.11 s
Saving trace... done!
Trace size 14.36 MB (17.89% ratio)
2026-07-30 02:40:15.796 | INFO     | __main__:main:452 - Copying /home/mvasiljevic/tt-metal/generated/profiler/.logs/tracy_profile_log_host.tracy to /home/mvasiljevic/tt-metal/build/profiler/build_wasm/traces/optimized_decoder_perf_2026_07_30_02_40_15.tracy
2026-07-30 02:40:15.799 | INFO     | __main__:main:455 - Copied /home/mvasiljevic/tt-metal/generated/profiler/.logs/tracy_profile_log_host.tracy to /home/mvasiljevic/tt-metal/build/profiler/build_wasm/traces/optimized_decoder_perf_2026_07_30_02_40_15.tracy
2026-07-30 02:40:15.799 | INFO     | __main__:main:464 - embed.tracy -> traces/optimized_decoder_perf_2026_07_30_02_40_15.tracy
2026-07-30 02:40:15.799 | INFO     | tracy.serve_wasm:launch_server_subprocess:284 - Launching tracy web app GUI server subprocess...
2026-07-30 02:40:15.799 | INFO     | tracy.serve_wasm:launch_server_subprocess:287 - Tracy WASM web UI (open in browser): http://localhost:8080/ (WebSocket for live reload: ws://localhost:8081/)
2026-07-30 02:40:15.799 | INFO     | tracy.serve_wasm:launch_server_subprocess:294 - Tracy WASM server already serving port 8080; reusing it (live-reload refreshes the browser).
2026-07-30 02:40:16.402 | INFO     | tracy:generate_report:162 - Host side ops time report generated at /home/mvasiljevic/tt-metal/generated/profiler/.logs/tracy_ops_times.csv
2026-07-30 02:40:16.430 | INFO     | tracy:generate_report:173 - Host side ops data report generated at /home/mvasiljevic/tt-metal/generated/profiler/.logs/tracy_ops_data.csv
2026-07-30 02:40:16.430 | INFO     | tracy.process_ops_logs:import_tracy_op_logs:345 - Importing ops logs
/home/mvasiljevic/tt-metal/tools/tracy/process_ops_logs.py:450: DtypeWarning: Columns (3,4,8) have mixed types. Specify dtype option on import or set low_memory=False.
  df = pd.read_csv(tracyOpTimesLog)
2026-07-30 02:40:18.039 | INFO     | tracy.perf_counter_analysis:get_device_op_data:2140 - Getting device ops
2026-07-30 02:40:18.040 | INFO     | tracy.process_ops_logs:append_device_data:1009 - Appending device data
2026-07-30 02:40:19.819 | INFO     | tracy.process_ops_logs:generate_reports:1342 - OPs' perf analysis is finished! Generating reports ...
2026-07-30 02:40:19.820 | INFO     | tracy.process_ops_logs:generate_reports:1360 - Copying runtime artifacts
2026-07-30 02:40:19.868 | INFO     | tracy.process_ops_logs:generate_reports:1369 - Generating OPs CSV
2026-07-30 02:40:20.308 | INFO     | tracy.process_ops_logs:generate_reports:1765 - OPs csv generated at: /home/mvasiljevic/tt-metal/generated/profiler/reports/2026_07_30_02_40_19/ops_perf_results_2026_07_30_02_40_19.csv
