OP CODE,OP TYPE,GLOBAL CALL COUNT,DEVICE ID,DEVICE ARCH,ATTRIBUTES,MATH FIDELITY,CORE COUNT,AVAILABLE WORKER CORE COUNT,SUB DEVICE ID,PARALLELIZATION STRATEGY,HOST START TS,HOST END TS,HOST DURATION [ns],DEVICE FW START CYCLE,DEVICE FW END CYCLE,OP TO OP LATENCY [ns],OP TO OP LATENCY BR/NRISC START [ns],DEVICE FW DURATION [ns],DEVICE KERNEL DURATION [ns],DEVICE KERNEL DURATION DM START [ns],DEVICE KERNEL DURATION PER CORE MIN [ns],DEVICE KERNEL DURATION PER CORE MAX [ns],DEVICE KERNEL DURATION PER CORE AVG [ns],DEVICE KERNEL FIRST TO LAST START [ns],DEVICE BRISC KERNEL DURATION [ns],DEVICE NCRISC KERNEL DURATION [ns],DEVICE TRISC0 KERNEL DURATION [ns],DEVICE TRISC1 KERNEL DURATION [ns],DEVICE TRISC2 KERNEL DURATION [ns],DEVICE ERISC KERNEL DURATION [ns],DEVICE COMPUTE CB WAIT FRONT [ns],DEVICE COMPUTE CB RESERVE BACK [ns],DISPATCH TOTAL CQ CMD OP TIME [ns],DISPATCH GO SEND WAIT TIME [ns],INPUT_0_W_PAD[LOGICAL],INPUT_0_Z_PAD[LOGICAL],INPUT_0_Y_PAD[LOGICAL],INPUT_0_X_PAD[LOGICAL],INPUT_0_LAYOUT,INPUT_0_DATATYPE,INPUT_0_MEMORY,INPUT_1_W_PAD[LOGICAL],INPUT_1_Z_PAD[LOGICAL],INPUT_1_Y_PAD[LOGICAL],INPUT_1_X_PAD[LOGICAL],INPUT_1_LAYOUT,INPUT_1_DATATYPE,INPUT_1_MEMORY,INPUT_2_W_PAD[LOGICAL],INPUT_2_Z_PAD[LOGICAL],INPUT_2_Y_PAD[LOGICAL],INPUT_2_X_PAD[LOGICAL],INPUT_2_LAYOUT,INPUT_2_DATATYPE,INPUT_2_MEMORY,INPUT_3_W_PAD[LOGICAL],INPUT_3_Z_PAD[LOGICAL],INPUT_3_Y_PAD[LOGICAL],INPUT_3_X_PAD[LOGICAL],INPUT_3_LAYOUT,INPUT_3_DATATYPE,INPUT_3_MEMORY,INPUT_4_W_PAD[LOGICAL],INPUT_4_Z_PAD[LOGICAL],INPUT_4_Y_PAD[LOGICAL],INPUT_4_X_PAD[LOGICAL],INPUT_4_LAYOUT,INPUT_4_DATATYPE,INPUT_4_MEMORY,OUTPUT_0_W_PAD[LOGICAL],OUTPUT_0_Z_PAD[LOGICAL],OUTPUT_0_Y_PAD[LOGICAL],OUTPUT_0_X_PAD[LOGICAL],OUTPUT_0_LAYOUT,OUTPUT_0_DATATYPE,OUTPUT_0_MEMORY,OUTPUT_1_W_PAD[LOGICAL],OUTPUT_1_Z_PAD[LOGICAL],OUTPUT_1_Y_PAD[LOGICAL],OUTPUT_1_X_PAD[LOGICAL],OUTPUT_1_LAYOUT,OUTPUT_1_DATATYPE,OUTPUT_1_MEMORY,METAL TRACE ID,METAL TRACE REPLAY SESSION ID,COMPUTE KERNEL SOURCE,COMPUTE KERNEL HASH,DATA MOVEMENT KERNEL SOURCE,DATA MOVEMENT KERNEL HASH,PROGRAM HASH,PROGRAM CACHE HIT,TENSIX DM 0 MAX KERNEL SIZE [B],TENSIX DM 1 MAX KERNEL SIZE [B],TENSIX COMPUTE 0 MAX KERNEL SIZE [B],TENSIX COMPUTE 1 MAX KERNEL SIZE [B],TENSIX COMPUTE 2 MAX KERNEL SIZE [B],ACTIVE ETH DM 0 MAX KERNEL SIZE [B],ACTIVE ETH DM 1 MAX KERNEL SIZE [B],IDLE ETH DM 0 MAX KERNEL SIZE [B],IDLE ETH DM 1 MAX KERNEL SIZE [B],PM IDEAL [ns],PM COMPUTE [ns],PM BANDWIDTH [ns],PM REQ I BW,PM REQ O BW,PM FPU UTIL (%),NOC UTIL (%),MULTICAST NOC UTIL (%),DRAM BW UTIL (%),DRAM BW UTIL PER CTRL (%),ETH BW UTIL (%),NPE CONG IMPACT (%),TT_DNN_DEVICE_OP_TT_HOST_FUNC [ns]
FUSED_FULL_PREFILL,signpost,,,,,,,,,,15214017828,,,,,,,,,,,,,,,,,,,,,,,,,,,,,,,,,,,,,,,,,,,,,,,,,,,,,,,,,,,,,,,,,,,,,,,,,,,,,,,,,,,,,,,,,,,,,,,,,,,,,,
LayerNormDeviceOperation,tt_dnn_device,1291264,0,blackhole,{'compute_kernel_config': 'ComputeKernelConfig(math_fidelity=HiFi4;math_approx_mode=1;fp32_dest_acc_en=0;packer_l1_acc=0;dst_full_sync_en=0;throttle_level=ThrottleLevel::NO_THROTTLE)'; 'distributed_norm_stage': 'DistributedLayerNormStage::NOT_DISTRIBUTED'; 'dtype': 'std::nullopt'; 'eps': '1e-06'; 'fused_activation': 'std::nullopt'; 'norm_type': 'LayerNormType::RMSNORM'; 'output_mem_config': 'MemoryConfig(memory_layout=TensorMemoryLayout::INTERLEAVED;buffer_type=BufferType::DRAM;shard_spec=std::nullopt;nd_shard_spec=std::nullopt;created_with_nd_shard_spec=0)'; 'program_config': 'LayerNormDefaultProgramConfig(legacy_reduction=0;legacy_rsqrt=0;use_welford=0)'},HiFi4,2,110,,,15214401849,15214404975,3126,8182415089748,8182415125652,6900975,6901125,26596,26087,25937,26033,26087,26060,291,25844,12364,24993,25118,25275,,,,,,1[1],1[1],64[33],2048[2048],TILE,BFLOAT16,DEV_3_DRAM_INTERLEAVED,1[1],1[1],32[1],2048[2048],TILE,BFLOAT16,DEV_3_DRAM_INTERLEAVED,,,,,,,,,,,,,,,,,,,,,,1[1],1[1],64[33],2048[2048],TILE,BFLOAT16,DEV_3_DRAM_INTERLEAVED,,,,,,,,,,['ttnn/cpp/ttnn/operations/normalization/layernorm/device/kernels/compute/layernorm.cpp'],['layernorm/6763723504168373241/'],['ttnn/cpp/ttnn/operations/normalization/layernorm/device/kernels/dataflow/writer_unary_interleaved_start_id_blocked.cpp'; 'ttnn/cpp/ttnn/operations/normalization/layernorm/device/kernels/dataflow/reader_unary_interleaved_ln.cpp'],['writer_unary_interleaved_start_id_blocked/7239922708119936427/'; 'reader_unary_interleaved_ln/10305025062272500454/'],11432867272644644094,False,812,1684,3388,2536,3388,0,0,0,0,1,1,1,[],[],0.004,,,,,,,3126
MatmulDeviceOperation,tt_dnn_device,1292288,0,blackhole,{'bcast_batch': 'true'; 'compute_kernel_config': 'ComputeKernelConfig(math_fidelity=HiFi2;math_approx_mode=0;fp32_dest_acc_en=0;packer_l1_acc=1;dst_full_sync_en=0;throttle_level=ThrottleLevel::NO_THROTTLE)'; 'global_cb': 'std::nullopt'; 'output_dtype': 'DataType::BFLOAT16'; 'output_mem_config': 'MemoryConfig(memory_layout=TensorMemoryLayout::INTERLEAVED;buffer_type=BufferType::DRAM;shard_spec=std::nullopt;nd_shard_spec=std::nullopt;created_with_nd_shard_spec=0)'; 'output_tile': 'Tile(tile_shape={32; 32};face_shape={16; 16};num_faces=4)'; 'program_config': 'MatmulMultiCoreReuseMultiCast1DProgramConfig(compute_with_storage_grid_size=11-10;in0_block_w=2;out_subblock_h=2;out_subblock_w=3;out_block_h=2;out_block_w=3;per_core_M=2;per_core_N=3;fuse_batch=0;fused_activation=std::nullopt;mcast_in0=1;gather_in0=0;hop_cores={};num_global_cb_receivers=0;untilize_out=0;allowed_worker_cores={[0-0 - 10-9]})'; 'sub_device_id': 'std::nullopt'; 'transpose_a': 'false'; 'transpose_b': 'false'; 'untilize_out': 'false'; 'user_core_coord': 'std::nullopt'; 'user_fused_activation': 'std::nullopt'; 'user_run_batched': 'false'},HiFi2,96,110,,,15214487182,15214490167,2985,8182415220120,8182415355439,71900,71900,100236,98296,98296,91751,98216,95114,322,98296,90330,90793,90696,91127,,,,,,1[1],1[1],64[33],2048[2048],TILE,BFLOAT16,DEV_3_DRAM_INTERLEAVED,1[1],1[1],2048[2048],9216[9216],TILE,BFLOAT16,DEV_3_DRAM_INTERLEAVED,,,,,,,,,,,,,,,,,,,,,,1[1],1[1],64[33],9216[9216],TILE,BFLOAT16,DEV_3_DRAM_INTERLEAVED,,,,,,,,,,['ttnn/cpp/ttnn/operations/matmul/device/kernels/compute/bmm_large_block_zm_fused_bias_activation.cpp'],['bmm_large_block_zm_fused_bias_activation/2225444150311879785/'],['ttnn/cpp/ttnn/operations/matmul/device/kernels/dataflow/reader_bmm_tile_layout_in1_sender_writer_padding.cpp'; 'ttnn/cpp/ttnn/operations/matmul/device/kernels/dataflow/reader_bmm_tile_layout_in0_receiver.cpp'; 'ttnn/cpp/ttnn/operations/matmul/device/kernels/dataflow/reader_bmm_tile_layout_in0_sender_padding.cpp'],['reader_bmm_tile_layout_in1_sender_writer_padding/7283323280477662441/'; 'reader_bmm_tile_layout_in0_receiver/3265394663529801975/'; 'reader_bmm_tile_layout_in0_sender_padding/17010645968969654552/'],11023379772098111743,False,1712,1136,2116,2080,3204,0,0,0,0,68664,4097,68664,[3.817779302597046; 549.76025390625],[17.180007934570312],4.168,,,,,,,2985
SliceDeviceOperation,tt_dnn_device,1293312,0,blackhole,{'num_devices': 'std::nullopt'; 'output_mem_config': 'MemoryConfig(memory_layout=TensorMemoryLayout::INTERLEAVED;buffer_type=BufferType::DRAM;shard_spec=std::nullopt;nd_shard_spec=std::nullopt;created_with_nd_shard_spec=0)'; 'slice_dim': 'std::nullopt'; 'slice_end': 'Shape([1; 1; 64; 8192])'; 'slice_start': 'Shape([0; 0; 0; 0])'; 'step': 'Shape([1; 1; 1; 1])'; 'sub_core_grids': 'std::nullopt'; 'use_tensor_args': 'false'},,110,110,,,15214545703,15214548679,2976,8182415296352,8182415363602,524,524,49815,5544,5544,2201,5485,4435,1088,5544,5347,,,,,,,,,1[1],1[1],64[33],9216[9216],TILE,BFLOAT16,DEV_3_DRAM_INTERLEAVED,,,,,,,,,,,,,,,,,,,,,,,,,,,,,1[1],1[1],64[64],8192[8192],TILE,BFLOAT16,DEV_3_DRAM_INTERLEAVED,,,,,,,,,,[],[],['ttnn/cpp/ttnn/operations/data_movement/slice/device/kernels/dataflow/writer_unary_interleaved_start_id.cpp'; 'ttnn/cpp/ttnn/operations/data_movement/slice/device/kernels/dataflow/reader_unary_unpad_dims_interleaved_start_id.cpp'],['writer_unary_interleaved_start_id/11530349946087713856/'; 'reader_unary_unpad_dims_interleaved_start_id/13110477452652912536/'],375773740346427233,False,680,716,0,0,0,0,0,0,0,3577,3577,2145,[329.7869873046875],[293.14398193359375],64.52,,,,,,,2976
SliceDeviceOperation,tt_dnn_device,1294336,0,blackhole,{'num_devices': 'std::nullopt'; 'output_mem_config': 'MemoryConfig(memory_layout=TensorMemoryLayout::INTERLEAVED;buffer_type=BufferType::DRAM;shard_spec=std::nullopt;nd_shard_spec=std::nullopt;created_with_nd_shard_spec=0)'; 'slice_dim': 'std::nullopt'; 'slice_end': 'Shape([1; 1; 64; 8704])'; 'slice_start': 'Shape([0; 0; 0; 8192])'; 'step': 'Shape([1; 1; 1; 1])'; 'sub_core_grids': 'std::nullopt'; 'use_tensor_args': 'false'},,32,110,,,15214581481,15214582974,1493,8182415363055,8182415366282,616,616,2390,1370,1370,658,977,799,681,1339,1093,,,,,,,,,1[1],1[1],64[33],9216[9216],TILE,BFLOAT16,DEV_3_DRAM_INTERLEAVED,,,,,,,,,,,,,,,,,,,,,,,,,,,,,1[1],1[1],64[64],512[512],TILE,BFLOAT16,DEV_3_DRAM_INTERLEAVED,,,,,,,,,,[],[],['ttnn/cpp/ttnn/operations/data_movement/slice/device/kernels/dataflow/writer_unary_interleaved_start_id.cpp'; 'ttnn/cpp/ttnn/operations/data_movement/slice/device/kernels/dataflow/reader_unary_unpad_dims_interleaved_start_id.cpp'],['writer_unary_interleaved_start_id/11530349946087713856/'; 'reader_unary_unpad_dims_interleaved_start_id/13110477452652912536/'],10100852296284335691,False,680,716,0,0,0,0,0,0,0,2145,615,2145,[549.9524536132812],[30.552913665771484],44.891,,,,,,,1493
SliceDeviceOperation,tt_dnn_device,1295360,0,blackhole,{'num_devices': 'std::nullopt'; 'output_mem_config': 'MemoryConfig(memory_layout=TensorMemoryLayout::INTERLEAVED;buffer_type=BufferType::DRAM;shard_spec=std::nullopt;nd_shard_spec=std::nullopt;created_with_nd_shard_spec=0)'; 'slice_dim': 'std::nullopt'; 'slice_end': 'Shape([1; 1; 64; 9216])'; 'slice_start': 'Shape([0; 0; 0; 8704])'; 'step': 'Shape([1; 1; 1; 1])'; 'sub_core_grids': 'std::nullopt'; 'use_tensor_args': 'false'},,32,110,,,15214605868,15214607010,1142,8182415376956,8182415379678,8851,8851,2016,1067,1067,667,1004,859,108,1067,675,,,,,,,,,1[1],1[1],64[33],9216[9216],TILE,BFLOAT16,DEV_3_DRAM_INTERLEAVED,,,,,,,,,,,,,,,,,,,,,,,,,,,,,1[1],1[1],64[64],512[512],TILE,BFLOAT16,DEV_3_DRAM_INTERLEAVED,,,,,,,,,,[],[],['ttnn/cpp/ttnn/operations/data_movement/slice/device/kernels/dataflow/writer_unary_interleaved_start_id.cpp'; 'ttnn/cpp/ttnn/operations/data_movement/slice/device/kernels/dataflow/reader_unary_unpad_dims_interleaved_start_id.cpp'],['writer_unary_interleaved_start_id/11530349946087713856/'; 'reader_unary_unpad_dims_interleaved_start_id/13110477452652912536/'],14411893512690954533,False,680,716,0,0,0,0,0,0,0,2145,615,2145,[549.9524536132812],[30.552913665771484],57.638,,,,,,,1142
ReshapeViewDeviceOperation,tt_dnn_device,1296384,0,blackhole,{'logical_output_shape': 'Shape([33; 16; 512])'; 'output_mem_config': 'MemoryConfig(memory_layout=TensorMemoryLayout::INTERLEAVED;buffer_type=BufferType::DRAM;shard_spec=std::nullopt;nd_shard_spec=std::nullopt;created_with_nd_shard_spec=0)'; 'padded_output_shape': 'Shape([33; 32; 512])'; 'recreate_mapping_tensor': 'false'; 'sub_core_grid': 'std::nullopt'},,110,110,,,15214646174,15214648439,2265,8182415426401,8182415521196,35186,35186,70219,69645,69645,46607,69501,57158,199,69609,69193,,,,,,,,,1[1],1[1],64[33],8192[8192],TILE,BFLOAT16,DEV_3_DRAM_INTERLEAVED,,,,,,,,,,,,,,,,,,,,,,,,,,,,,1[1],33[33],32[16],512[512],TILE,BFLOAT16,DEV_3_DRAM_INTERLEAVED,,,,,,,,,,[],[],['ttnn/cpp/ttnn/operations/data_movement/reshape_view/device/device/dataflow/writer_reshape_tiled.cpp'; 'ttnn/cpp/ttnn/operations/data_movement/reshape_view/device/device/dataflow/reader_reshape_tiled.cpp'],['writer_reshape_tiled/2489172323262189562/'; 'reader_reshape_tiled/13472399458975698426/'],3108671856368294732,False,1756,980,0,0,0,0,0,0,0,1,1,1,[],[],0.001,,,,,,,2265
SliceDeviceOperation,tt_dnn_device,1297408,0,blackhole,{'num_devices': 'std::nullopt'; 'output_mem_config': 'MemoryConfig(memory_layout=TensorMemoryLayout::INTERLEAVED;buffer_type=BufferType::DRAM;shard_spec=std::nullopt;nd_shard_spec=std::nullopt;created_with_nd_shard_spec=0)'; 'slice_dim': 'std::nullopt'; 'slice_end': 'Shape([1; 33; 32; 256])'; 'slice_start': 'Shape([0; 0; 0; 0])'; 'step': 'Shape([1; 1; 1; 1])'; 'sub_core_grids': 'std::nullopt'; 'use_tensor_args': 'false'},,110,110,,,15214682463,15214684006,1543,8182415491655,8182415526409,466,466,25744,3395,3395,1228,3031,2272,1141,3388,3205,,,,,,,,,1[1],33[33],32[16],512[512],TILE,BFLOAT16,DEV_3_DRAM_INTERLEAVED,,,,,,,,,,,,,,,,,,,,,,,,,,,,,1[1],33[33],32[32],256[256],TILE,BFLOAT16,DEV_3_DRAM_INTERLEAVED,,,,,,,,,,[],[],['ttnn/cpp/ttnn/operations/data_movement/slice/device/kernels/dataflow/writer_unary_interleaved_start_id.cpp'; 'ttnn/cpp/ttnn/operations/data_movement/slice/device/kernels/dataflow/reader_unary_unpad_dims_interleaved_start_id.cpp'],['writer_unary_interleaved_start_id/11530349946087713856/'; 'reader_unary_unpad_dims_interleaved_start_id/13110477452652912536/'],12226562507440612936,False,680,716,0,0,0,0,0,0,0,2022,2022,1966,[534.789306640625],[267.3946533203125],59.558,,,,,,,1543
SliceDeviceOperation,tt_dnn_device,1298432,0,blackhole,{'num_devices': 'std::nullopt'; 'output_mem_config': 'MemoryConfig(memory_layout=TensorMemoryLayout::INTERLEAVED;buffer_type=BufferType::DRAM;shard_spec=std::nullopt;nd_shard_spec=std::nullopt;created_with_nd_shard_spec=0)'; 'slice_dim': 'std::nullopt'; 'slice_end': 'Shape([1; 33; 32; 512])'; 'slice_start': 'Shape([0; 0; 0; 256])'; 'step': 'Shape([1; 1; 1; 1])'; 'sub_core_grids': 'std::nullopt'; 'use_tensor_args': 'false'},,110,110,,,15214714474,15214715446,972,8182415525410,8182415531439,459,459,4466,3268,3268,1129,2943,2141,1122,3261,2995,,,,,,,,,1[1],33[33],32[16],512[512],TILE,BFLOAT16,DEV_3_DRAM_INTERLEAVED,,,,,,,,,,,,,,,,,,,,,,,,,,,,,1[1],33[33],32[32],256[256],TILE,BFLOAT16,DEV_3_DRAM_INTERLEAVED,,,,,,,,,,[],[],['ttnn/cpp/ttnn/operations/data_movement/slice/device/kernels/dataflow/writer_unary_interleaved_start_id.cpp'; 'ttnn/cpp/ttnn/operations/data_movement/slice/device/kernels/dataflow/reader_unary_unpad_dims_interleaved_start_id.cpp'],['writer_unary_interleaved_start_id/11530349946087713856/'; 'reader_unary_unpad_dims_interleaved_start_id/13110477452652912536/'],2523208892040057147,False,680,716,0,0,0,0,0,0,0,2022,2022,1966,[534.789306640625],[267.3946533203125],61.873,,,,,,,972
ReshapeViewDeviceOperation,tt_dnn_device,1299456,0,blackhole,{'logical_output_shape': 'Shape([1; 33; 4096])'; 'output_mem_config': 'MemoryConfig(memory_layout=TensorMemoryLayout::INTERLEAVED;buffer_type=BufferType::DRAM;shard_spec=std::nullopt;nd_shard_spec=std::nullopt;created_with_nd_shard_spec=0)'; 'padded_output_shape': 'Shape([1; 64; 4096])'; 'recreate_mapping_tensor': 'false'; 'sub_core_grid': 'std::nullopt'},,110,110,,,15214735094,15214736116,1022,8182415553075,8182415632757,16595,16595,59024,58447,58447,4050,58297,24692,168,58411,58003,,,,,,,,,1[1],33[33],32[16],256[256],TILE,BFLOAT16,DEV_3_DRAM_INTERLEAVED,,,,,,,,,,,,,,,,,,,,,,,,,,,,,1[1],1[1],64[33],4096[4096],TILE,BFLOAT16,DEV_3_DRAM_INTERLEAVED,,,,,,,,,,[],[],['ttnn/cpp/ttnn/operations/data_movement/reshape_view/device/device/dataflow/writer_reshape_tiled.cpp'; 'ttnn/cpp/ttnn/operations/data_movement/reshape_view/device/device/dataflow/reader_reshape_tiled.cpp'],['writer_reshape_tiled/14058397849651785176/'; 'reader_reshape_tiled/3248427542255640728/'],12884938255258898815,False,1756,980,0,0,0,0,0,0,0,1,1,1,[],[],0.002,,,,,,,1022
TransposeDeviceOperation,tt_dnn_device,1300480,0,blackhole,{'dim': 'TransposeOpDim::HC'; 'output_mem_config': 'MemoryConfig(memory_layout=TensorMemoryLayout::INTERLEAVED;buffer_type=BufferType::DRAM;shard_spec=std::nullopt;nd_shard_spec=std::nullopt;created_with_nd_shard_spec=0)'; 'pad_value': '0'},,110,110,,,15214781943,15214784658,2715,8182415616162,8182415643135,482,482,19980,7211,7211,3506,7171,5441,1141,7207,5064,,,,,,,,,1[1],33[33],32[16],256[256],TILE,BFLOAT16,DEV_3_DRAM_INTERLEAVED,,,,,,,,,,,,,,,,,,,,,,,,,,,,,1[1],16[16],64[33],256[256],TILE,BFLOAT16,DEV_3_DRAM_INTERLEAVED,,,,,,,,,,[],[],['ttnn/cpp/ttnn/operations/data_movement/transpose/device/kernels/dataflow/writer_unary_transpose_hc_interleaved_tiled_padding_aware.cpp'; 'ttnn/cpp/ttnn/operations/data_movement/transpose/device/kernels/dataflow/reader_unary_transpose_hc_interleaved_tiled_padding_aware.cpp'],['writer_unary_transpose_hc_interleaved_tiled_padding_aware/8979338823915739604/'; 'reader_unary_transpose_hc_interleaved_tiled_padding_aware/9638609323845512079/'],16240822865304506042,False,1248,740,0,0,0,0,0,0,0,3615,3615,983,[149.56349182128906],[145.03126525878906],50.132,,,,,,,2715
ReshapeViewDeviceOperation,tt_dnn_device,1301504,0,blackhole,{'logical_output_shape': 'Shape([33; 2; 256])'; 'output_mem_config': 'MemoryConfig(memory_layout=TensorMemoryLayout::INTERLEAVED;buffer_type=BufferType::DRAM;shard_spec=std::nullopt;nd_shard_spec=std::nullopt;created_with_nd_shard_spec=0)'; 'padded_output_shape': 'Shape([33; 32; 256])'; 'recreate_mapping_tensor': 'false'; 'sub_core_grid': 'std::nullopt'},,110,110,,,15214803544,15214804155,611,8182415646174,8182415656842,2835,2835,7902,7321,7321,3804,7174,5554,159,7292,6921,,,,,,,,,1[1],1[1],64[33],512[512],TILE,BFLOAT16,DEV_3_DRAM_INTERLEAVED,,,,,,,,,,,,,,,,,,,,,,,,,,,,,1[1],33[33],32[2],256[256],TILE,BFLOAT16,DEV_3_DRAM_INTERLEAVED,,,,,,,,,,[],[],['ttnn/cpp/ttnn/operations/data_movement/reshape_view/device/device/dataflow/writer_reshape_tiled.cpp'; 'ttnn/cpp/ttnn/operations/data_movement/reshape_view/device/device/dataflow/reader_reshape_tiled.cpp'],['writer_reshape_tiled/11758207486264711712/'; 'reader_reshape_tiled/18441098575703541227/'],11418372171150589819,False,1740,980,0,0,0,0,0,0,0,1,1,1,[],[],0.014,,,,,,,611
TransposeDeviceOperation,tt_dnn_device,1302528,0,blackhole,{'dim': 'TransposeOpDim::HC'; 'output_mem_config': 'MemoryConfig(memory_layout=TensorMemoryLayout::INTERLEAVED;buffer_type=BufferType::DRAM;shard_spec=std::nullopt;nd_shard_spec=std::nullopt;created_with_nd_shard_spec=0)'; 'pad_value': '0'},,110,110,,,15214846967,15214847969,1002,8182415704567,8182415710057,35919,35919,4067,3470,3470,1234,3320,2034,190,3421,2967,,,,,,,,,1[1],33[33],32[2],256[256],TILE,BFLOAT16,DEV_3_DRAM_INTERLEAVED,,,,,,,,,,,,,,,,,,,,,,,,,,,,,1[1],2[2],64[33],256[256],TILE,BFLOAT16,DEV_3_DRAM_INTERLEAVED,,,,,,,,,,[],[],['ttnn/cpp/ttnn/operations/data_movement/transpose/device/kernels/dataflow/writer_unary_transpose_hc_interleaved_tiled_padding_aware.cpp'; 'ttnn/cpp/ttnn/operations/data_movement/transpose/device/kernels/dataflow/reader_unary_transpose_hc_interleaved_tiled_padding_aware.cpp'],['writer_unary_transpose_hc_interleaved_tiled_padding_aware/14128836914665773921/'; 'reader_unary_transpose_hc_interleaved_tiled_padding_aware/9638609323845512079/'],5372618548241256818,False,1228,740,0,0,0,0,0,0,0,2244,2244,983,[240.94117736816406],[29.20499038696289],64.669,,,,,,,1002
ReshapeViewDeviceOperation,tt_dnn_device,1303552,0,blackhole,{'logical_output_shape': 'Shape([33; 2; 256])'; 'output_mem_config': 'MemoryConfig(memory_layout=TensorMemoryLayout::INTERLEAVED;buffer_type=BufferType::DRAM;shard_spec=std::nullopt;nd_shard_spec=std::nullopt;created_with_nd_shard_spec=0)'; 'padded_output_shape': 'Shape([33; 32; 256])'; 'recreate_mapping_tensor': 'false'; 'sub_core_grid': 'std::nullopt'},,110,110,,,15214858809,15214859350,541,8182415721202,8182415731934,8853,8853,7950,7383,7383,3901,7256,5655,201,7324,6976,,,,,,,,,1[1],1[1],64[33],512[512],TILE,BFLOAT16,DEV_3_DRAM_INTERLEAVED,,,,,,,,,,,,,,,,,,,,,,,,,,,,,1[1],33[33],32[2],256[256],TILE,BFLOAT16,DEV_3_DRAM_INTERLEAVED,,,,,,,,,,[],[],['ttnn/cpp/ttnn/operations/data_movement/reshape_view/device/device/dataflow/writer_reshape_tiled.cpp'; 'ttnn/cpp/ttnn/operations/data_movement/reshape_view/device/device/dataflow/reader_reshape_tiled.cpp'],['writer_reshape_tiled/11758207486264711712/'; 'reader_reshape_tiled/18441098575703541227/'],11418372171150589819,False,1740,980,0,0,0,0,0,0,0,1,1,1,[],[],0.014,,,,,,,541
TransposeDeviceOperation,tt_dnn_device,1304576,0,blackhole,{'dim': 'TransposeOpDim::HC'; 'output_mem_config': 'MemoryConfig(memory_layout=TensorMemoryLayout::INTERLEAVED;buffer_type=BufferType::DRAM;shard_spec=std::nullopt;nd_shard_spec=std::nullopt;created_with_nd_shard_spec=0)'; 'pad_value': '0'},,110,110,,,15214877765,15214878296,531,8182415746399,8182415751716,11285,11285,3939,3360,3360,1246,3213,2065,166,3344,2879,,,,,,,,,1[1],33[33],32[2],256[256],TILE,BFLOAT16,DEV_3_DRAM_INTERLEAVED,,,,,,,,,,,,,,,,,,,,,,,,,,,,,1[1],2[2],64[33],256[256],TILE,BFLOAT16,DEV_3_DRAM_INTERLEAVED,,,,,,,,,,[],[],['ttnn/cpp/ttnn/operations/data_movement/transpose/device/kernels/dataflow/writer_unary_transpose_hc_interleaved_tiled_padding_aware.cpp'; 'ttnn/cpp/ttnn/operations/data_movement/transpose/device/kernels/dataflow/reader_unary_transpose_hc_interleaved_tiled_padding_aware.cpp'],['writer_unary_transpose_hc_interleaved_tiled_padding_aware/14128836914665773921/'; 'reader_unary_transpose_hc_interleaved_tiled_padding_aware/9638609323845512079/'],5372618548241256818,False,1228,740,0,0,0,0,0,0,0,2244,2244,983,[240.94117736816406],[29.20499038696289],66.786,,,,,,,531
LayerNormDeviceOperation,tt_dnn_device,1305600,0,blackhole,{'compute_kernel_config': 'ComputeKernelConfig(math_fidelity=HiFi4;math_approx_mode=1;fp32_dest_acc_en=0;packer_l1_acc=0;dst_full_sync_en=0;throttle_level=ThrottleLevel::NO_THROTTLE)'; 'distributed_norm_stage': 'DistributedLayerNormStage::NOT_DISTRIBUTED'; 'dtype': 'std::nullopt'; 'eps': '1e-06'; 'fused_activation': 'std::nullopt'; 'norm_type': 'LayerNormType::RMSNORM'; 'output_mem_config': 'MemoryConfig(memory_layout=TensorMemoryLayout::INTERLEAVED;buffer_type=BufferType::DRAM;shard_spec=std::nullopt;nd_shard_spec=std::nullopt;created_with_nd_shard_spec=0)'; 'program_config': 'LayerNormDefaultProgramConfig(legacy_reduction=0;legacy_rsqrt=0;use_welford=0)'},HiFi4,32,110,,,15214924665,15214926348,1683,8182415806665,8182415818283,41626,41629,8606,7683,7680,5845,7654,6855,333,7680,3529,5954,5896,6277,,,,,,1[1],16[16],64[33],256[256],TILE,BFLOAT16,DEV_3_DRAM_INTERLEAVED,1[1],1[1],32[1],256[256],TILE,BFLOAT16,DEV_3_DRAM_INTERLEAVED,,,,,,,,,,,,,,,,,,,,,,1[1],16[16],64[33],256[256],TILE,BFLOAT16,DEV_3_DRAM_INTERLEAVED,,,,,,,,,,['ttnn/cpp/ttnn/operations/normalization/layernorm/device/kernels/compute/layernorm.cpp'],['layernorm/1476728239053610410/'],['ttnn/cpp/ttnn/operations/normalization/layernorm/device/kernels/dataflow/writer_unary_interleaved_start_id_blocked.cpp'; 'ttnn/cpp/ttnn/operations/normalization/layernorm/device/kernels/dataflow/reader_unary_interleaved_ln.cpp'],['writer_unary_interleaved_start_id_blocked/7239922708119936427/'; 'reader_unary_interleaved_ln/8737010176753943219/'],8702030901197570187,False,812,1684,3244,2748,4916,0,0,0,0,1,1,1,[],[],0.013,,,,,,,1683
LayerNormDeviceOperation,tt_dnn_device,1306624,0,blackhole,{'compute_kernel_config': 'ComputeKernelConfig(math_fidelity=HiFi4;math_approx_mode=1;fp32_dest_acc_en=0;packer_l1_acc=0;dst_full_sync_en=0;throttle_level=ThrottleLevel::NO_THROTTLE)'; 'distributed_norm_stage': 'DistributedLayerNormStage::NOT_DISTRIBUTED'; 'dtype': 'std::nullopt'; 'eps': '1e-06'; 'fused_activation': 'std::nullopt'; 'norm_type': 'LayerNormType::RMSNORM'; 'output_mem_config': 'MemoryConfig(memory_layout=TensorMemoryLayout::INTERLEAVED;buffer_type=BufferType::DRAM;shard_spec=std::nullopt;nd_shard_spec=std::nullopt;created_with_nd_shard_spec=0)'; 'program_config': 'LayerNormDefaultProgramConfig(legacy_reduction=0;legacy_rsqrt=0;use_welford=0)'},HiFi4,4,110,,,15214947869,15214949412,1543,8182415836180,8182415845022,13743,13932,6550,6066,5877,5971,6054,6012,299,5838,2064,4965,5112,5230,,,,,,1[1],2[2],64[33],256[256],TILE,BFLOAT16,DEV_3_DRAM_INTERLEAVED,1[1],1[1],32[1],256[256],TILE,BFLOAT16,DEV_3_DRAM_INTERLEAVED,,,,,,,,,,,,,,,,,,,,,,1[1],2[2],64[33],256[256],TILE,BFLOAT16,DEV_3_DRAM_INTERLEAVED,,,,,,,,,,['ttnn/cpp/ttnn/operations/normalization/layernorm/device/kernels/compute/layernorm.cpp'],['layernorm/1476728239053610410/'],['ttnn/cpp/ttnn/operations/normalization/layernorm/device/kernels/dataflow/writer_unary_interleaved_start_id_blocked.cpp'; 'ttnn/cpp/ttnn/operations/normalization/layernorm/device/kernels/dataflow/reader_unary_interleaved_ln.cpp'],['writer_unary_interleaved_start_id_blocked/7239922708119936427/'; 'reader_unary_interleaved_ln/8737010176753943219/'],730455747509934462,False,812,1684,3244,2748,4916,0,0,0,0,1,1,1,[],[],0.016,,,,,,,1543
SliceDeviceOperation,tt_dnn_device,1307648,0,blackhole,{'num_devices': 'std::nullopt'; 'output_mem_config': 'MemoryConfig(memory_layout=TensorMemoryLayout::INTERLEAVED;buffer_type=BufferType::DRAM;shard_spec=std::nullopt;nd_shard_spec=std::nullopt;created_with_nd_shard_spec=0)'; 'slice_dim': 'std::nullopt'; 'slice_end': 'Shape([1; 16; 64; 64])'; 'slice_start': 'Shape([0; 0; 0; 0])'; 'step': 'Shape([1; 1; 1; 1])'; 'sub_core_grids': 'std::nullopt'; 'use_tensor_args': 'false'},,64,110,,,15214982855,15214984178,1323,8182415888340,8182415892232,33061,33061,2883,1913,1913,742,1781,1218,146,1913,1684,,,,,,,,,1[1],16[16],64[33],256[256],TILE,BFLOAT16,DEV_3_DRAM_INTERLEAVED,,,,,,,,,,,,,,,,,,,,,,,,,,,,,1[1],16[16],64[64],64[64],TILE,BFLOAT16,DEV_3_DRAM_INTERLEAVED,,,,,,,,,,[],[],['ttnn/cpp/ttnn/operations/data_movement/slice/device/kernels/dataflow/writer_unary_interleaved_start_id.cpp'; 'ttnn/cpp/ttnn/operations/data_movement/slice/device/kernels/dataflow/reader_unary_unpad_dims_interleaved_start_id.cpp'],['writer_unary_interleaved_start_id/11530349946087713856/'; 'reader_unary_unpad_dims_interleaved_start_id/13110477452652912536/'],10009004258409430614,False,680,716,0,0,0,0,0,0,0,953,800,953,[550.144775390625],[137.53619384765625],41.819,,,,,,,1323
SliceDeviceOperation,tt_dnn_device,1308672,0,blackhole,{'num_devices': 'std::nullopt'; 'output_mem_config': 'MemoryConfig(memory_layout=TensorMemoryLayout::INTERLEAVED;buffer_type=BufferType::DRAM;shard_spec=std::nullopt;nd_shard_spec=std::nullopt;created_with_nd_shard_spec=0)'; 'slice_dim': 'std::nullopt'; 'slice_end': 'Shape([1; 16; 64; 256])'; 'slice_start': 'Shape([0; 0; 0; 64])'; 'step': 'Shape([1; 1; 1; 1])'; 'sub_core_grids': 'std::nullopt'; 'use_tensor_args': 'false'},,110,110,,,15215013774,15215014936,1162,8182415929502,8182415934475,28187,28187,3684,3105,3105,659,3033,1742,155,3091,2839,,,,,,,,,1[1],16[16],64[33],256[256],TILE,BFLOAT16,DEV_3_DRAM_INTERLEAVED,,,,,,,,,,,,,,,,,,,,,,,,,,,,,1[1],16[16],64[64],192[192],TILE,BFLOAT16,DEV_3_DRAM_INTERLEAVED,,,,,,,,,,[],[],['ttnn/cpp/ttnn/operations/data_movement/slice/device/kernels/dataflow/writer_unary_interleaved_start_id.cpp'; 'ttnn/cpp/ttnn/operations/data_movement/slice/device/kernels/dataflow/reader_unary_unpad_dims_interleaved_start_id.cpp'],['writer_unary_interleaved_start_id/11530349946087713856/'; 'reader_unary_unpad_dims_interleaved_start_id/13110477452652912536/'],13806043787654065589,False,680,716,0,0,0,0,0,0,0,1578,1578,953,[332.2484130859375],[249.18630981445312],50.821,,,,,,,1162
RotaryEmbeddingDeviceOperation,tt_dnn_device,1309696,0,blackhole,{'compute_kernel_config': 'ComputeKernelConfig(math_fidelity=HiFi4;math_approx_mode=1;fp32_dest_acc_en=0;packer_l1_acc=0;dst_full_sync_en=0;throttle_level=ThrottleLevel::NO_THROTTLE)'; 'output_mem_config': 'MemoryConfig(memory_layout=TensorMemoryLayout::INTERLEAVED;buffer_type=BufferType::DRAM;shard_spec=std::nullopt;nd_shard_spec=std::nullopt;created_with_nd_shard_spec=0)'; 'seq_len': '64'; 'token_idx': 'std::nullopt'},HiFi4,32,110,,,15215047418,15215048951,1533,8182415972606,8182415980527,29170,29170,5867,4936,4936,4096,4852,4455,367,4927,4314,4548,4421,4435,,,,,,1[1],16[16],64[33],64[64],TILE,BFLOAT16,DEV_3_DRAM_INTERLEAVED,1[1],1[1],64[33],64[64],TILE,BFLOAT16,DEV_3_DRAM_INTERLEAVED,1[1],1[1],64[33],64[64],TILE,BFLOAT16,DEV_3_DRAM_INTERLEAVED,,,,,,,,,,,,,,,1[1],16[16],64[64],64[64],TILE,BFLOAT16,DEV_3_DRAM_INTERLEAVED,,,,,,,,,,['ttnn/cpp/ttnn/operations/experimental/transformer/rotary_embedding/device/kernels/compute/rotary_embedding.cpp'],['rotary_embedding/1942304846854106946/'],['ttnn/cpp/ttnn/operations/experimental/transformer/rotary_embedding/device/kernels/dataflow/writer_rotary_embedding_interleaved_start_id.cpp'; 'ttnn/cpp/ttnn/operations/experimental/transformer/rotary_embedding/device/kernels/dataflow/reader_rotary_embedding_interleaved_start_id.cpp'],['writer_rotary_embedding_interleaved_start_id/12553211941668972637/'; 'reader_rotary_embedding_interleaved_start_id/2763897884952480619/'],1090300196895625500,False,964,2368,3260,1808,2988,0,0,0,0,1,1,1,[],[],0.02,,,,,,,1533
SliceDeviceOperation,tt_dnn_device,1310720,0,blackhole,{'num_devices': 'std::nullopt'; 'output_mem_config': 'MemoryConfig(memory_layout=TensorMemoryLayout::INTERLEAVED;buffer_type=BufferType::DRAM;shard_spec=std::nullopt;nd_shard_spec=std::nullopt;created_with_nd_shard_spec=0)'; 'slice_dim': 'std::nullopt'; 'slice_end': 'Shape([1; 16; 64; 64])'; 'slice_start': 'Shape([0; 0; 0; 0])'; 'step': 'Shape([1; 1; 1; 1])'; 'sub_core_grids': 'std::nullopt'; 'use_tensor_args': 'false'},,64,110,,,15215077175,15215078367,1192,8182416015027,8182416018025,26524,26524,2221,1259,1259,664,1144,914,153,1256,853,,,,,,,,,1[1],16[16],64[64],64[64],TILE,BFLOAT16,DEV_3_DRAM_INTERLEAVED,,,,,,,,,,,,,,,,,,,,,,,,,,,,,1[1],16[16],64[64],64[64],TILE,BFLOAT16,DEV_3_DRAM_INTERLEAVED,,,,,,,,,,[],[],['ttnn/cpp/ttnn/operations/data_movement/slice/device/kernels/dataflow/writer_unary_interleaved_start_id.cpp'; 'ttnn/cpp/ttnn/operations/data_movement/slice/device/kernels/dataflow/reader_unary_unpad_dims_interleaved_start_id.cpp'],['writer_unary_interleaved_start_id/11530349946087713856/'; 'reader_unary_unpad_dims_interleaved_start_id/13110477452652912536/'],3342230325722944447,False,680,716,0,0,0,0,0,0,0,800,800,238,[163.83999633789062],[163.83999633789062],63.542,,,,,,,1192
ConcatDeviceOperation,tt_dnn_device,1311744,0,blackhole,{'dim': '3'; 'groups': '1'; 'output_mem_config': 'MemoryConfig(memory_layout=TensorMemoryLayout::INTERLEAVED;buffer_type=BufferType::DRAM;shard_spec=std::nullopt;nd_shard_spec=std::nullopt;created_with_nd_shard_spec=0)'; 'sub_core_grids': 'std::nullopt'},,110,110,,,15215124595,15215126970,2375,8182416079389,8182416084345,46024,46024,3671,3092,3092,1298,3036,2299,167,3073,2754,,,,,,,,,1[1],16[16],64[33],64[64],TILE,BFLOAT16,DEV_3_DRAM_INTERLEAVED,1[1],16[16],64[33],192[192],TILE,BFLOAT16,DEV_3_DRAM_INTERLEAVED,,,,,,,,,,,,,,,,,,,,,,1[1],16[16],64[33],256[256],TILE,BFLOAT16,DEV_3_DRAM_INTERLEAVED,,,,,,,,,,[],[],['ttnn/cpp/ttnn/operations/eltwise/unary/device/kernels/dataflow/writer_unary_interleaved_start_id.cpp'; 'ttnn/cpp/ttnn/operations/data_movement/concat/device/kernels/dataflow/reader_concat_interleaved_start_id.cpp'],['writer_unary_interleaved_start_id/17571257374790272030/'; 'reader_concat_interleaved_start_id/6759888044705084636/'],17484419912378108067,False,1000,976,0,0,0,0,0,0,0,953,1,953,[137.53619384765625; 412.6086120605469],[550.144775390625],0.032,,,,,,,2375
SliceDeviceOperation,tt_dnn_device,1312768,0,blackhole,{'num_devices': 'std::nullopt'; 'output_mem_config': 'MemoryConfig(memory_layout=TensorMemoryLayout::INTERLEAVED;buffer_type=BufferType::DRAM;shard_spec=std::nullopt;nd_shard_spec=std::nullopt;created_with_nd_shard_spec=0)'; 'slice_dim': 'std::nullopt'; 'slice_end': 'Shape([1; 2; 64; 64])'; 'slice_start': 'Shape([0; 0; 0; 0])'; 'step': 'Shape([1; 1; 1; 1])'; 'sub_core_grids': 'std::nullopt'; 'use_tensor_args': 'false'},,8,110,,,15215150725,15215151697,972,8182416109204,8182416111289,18988,18988,1544,980,980,738,926,826,81,978,676,,,,,,,,,1[1],2[2],64[33],256[256],TILE,BFLOAT16,DEV_3_DRAM_INTERLEAVED,,,,,,,,,,,,,,,,,,,,,,,,,,,,,1[1],2[2],64[64],64[64],TILE,BFLOAT16,DEV_3_DRAM_INTERLEAVED,,,,,,,,,,[],[],['ttnn/cpp/ttnn/operations/data_movement/slice/device/kernels/dataflow/writer_unary_interleaved_start_id.cpp'; 'ttnn/cpp/ttnn/operations/data_movement/slice/device/kernels/dataflow/reader_unary_unpad_dims_interleaved_start_id.cpp'],['writer_unary_interleaved_start_id/11530349946087713856/'; 'reader_unary_unpad_dims_interleaved_start_id/13110477452652912536/'],6355393670499234969,False,680,716,0,0,0,0,0,0,0,466,466,119,[140.63519287109375],[35.15879821777344],47.551,,,,,,,972
SliceDeviceOperation,tt_dnn_device,1313792,0,blackhole,{'num_devices': 'std::nullopt'; 'output_mem_config': 'MemoryConfig(memory_layout=TensorMemoryLayout::INTERLEAVED;buffer_type=BufferType::DRAM;shard_spec=std::nullopt;nd_shard_spec=std::nullopt;created_with_nd_shard_spec=0)'; 'slice_dim': 'std::nullopt'; 'slice_end': 'Shape([1; 2; 64; 256])'; 'slice_start': 'Shape([0; 0; 0; 64])'; 'step': 'Shape([1; 1; 1; 1])'; 'sub_core_grids': 'std::nullopt'; 'use_tensor_args': 'false'},,24,110,,,15215171715,15215172897,1182,8182416140357,8182416142981,22478,22478,1944,997,997,669,956,818,95,990,670,,,,,,,,,1[1],2[2],64[33],256[256],TILE,BFLOAT16,DEV_3_DRAM_INTERLEAVED,,,,,,,,,,,,,,,,,,,,,,,,,,,,,1[1],2[2],64[64],192[192],TILE,BFLOAT16,DEV_3_DRAM_INTERLEAVED,,,,,,,,,,[],[],['ttnn/cpp/ttnn/operations/data_movement/slice/device/kernels/dataflow/writer_unary_interleaved_start_id.cpp'; 'ttnn/cpp/ttnn/operations/data_movement/slice/device/kernels/dataflow/reader_unary_unpad_dims_interleaved_start_id.cpp'],['writer_unary_interleaved_start_id/11530349946087713856/'; 'reader_unary_unpad_dims_interleaved_start_id/13110477452652912536/'],3951866250382941841,False,680,716,0,0,0,0,0,0,0,540,540,119,[121.36296081542969],[91.02222442626953],54.162,,,,,,,1182
RotaryEmbeddingDeviceOperation,tt_dnn_device,1314816,0,blackhole,{'compute_kernel_config': 'ComputeKernelConfig(math_fidelity=HiFi4;math_approx_mode=1;fp32_dest_acc_en=0;packer_l1_acc=0;dst_full_sync_en=0;throttle_level=ThrottleLevel::NO_THROTTLE)'; 'output_mem_config': 'MemoryConfig(memory_layout=TensorMemoryLayout::INTERLEAVED;buffer_type=BufferType::DRAM;shard_spec=std::nullopt;nd_shard_spec=std::nullopt;created_with_nd_shard_spec=0)'; 'seq_len': '64'; 'token_idx': 'std::nullopt'},HiFi4,4,110,,,15215192495,15215193577,1082,8182416166057,8182416172739,17587,17758,4950,4450,4280,4046,4450,4286,317,4158,3676,3859,3942,3706,,,,,,1[1],2[2],64[33],64[64],TILE,BFLOAT16,DEV_3_DRAM_INTERLEAVED,1[1],1[1],64[33],64[64],TILE,BFLOAT16,DEV_3_DRAM_INTERLEAVED,1[1],1[1],64[33],64[64],TILE,BFLOAT16,DEV_3_DRAM_INTERLEAVED,,,,,,,,,,,,,,,1[1],2[2],64[64],64[64],TILE,BFLOAT16,DEV_3_DRAM_INTERLEAVED,,,,,,,,,,['ttnn/cpp/ttnn/operations/experimental/transformer/rotary_embedding/device/kernels/compute/rotary_embedding.cpp'],['rotary_embedding/1942304846854106946/'],['ttnn/cpp/ttnn/operations/experimental/transformer/rotary_embedding/device/kernels/dataflow/writer_rotary_embedding_interleaved_start_id.cpp'; 'ttnn/cpp/ttnn/operations/experimental/transformer/rotary_embedding/device/kernels/dataflow/reader_rotary_embedding_interleaved_start_id.cpp'],['writer_rotary_embedding_interleaved_start_id/12553211941668972637/'; 'reader_rotary_embedding_interleaved_start_id/2763897884952480619/'],11650746966410641142,False,964,2368,3260,1808,2988,0,0,0,0,1,1,1,[],[],0.022,,,,,,,1082
SliceDeviceOperation,tt_dnn_device,1315840,0,blackhole,{'num_devices': 'std::nullopt'; 'output_mem_config': 'MemoryConfig(memory_layout=TensorMemoryLayout::INTERLEAVED;buffer_type=BufferType::DRAM;shard_spec=std::nullopt;nd_shard_spec=std::nullopt;created_with_nd_shard_spec=0)'; 'slice_dim': 'std::nullopt'; 'slice_end': 'Shape([1; 2; 64; 64])'; 'slice_start': 'Shape([0; 0; 0; 0])'; 'step': 'Shape([1; 1; 1; 1])'; 'sub_core_grids': 'std::nullopt'; 'use_tensor_args': 'false'},,8,110,,,15215212202,15215213675,1473,8182416192029,8182416194018,14884,14884,1473,886,886,685,834,773,75,886,680,,,,,,,,,1[1],2[2],64[64],64[64],TILE,BFLOAT16,DEV_3_DRAM_INTERLEAVED,,,,,,,,,,,,,,,,,,,,,,,,,,,,,1[1],2[2],64[64],64[64],TILE,BFLOAT16,DEV_3_DRAM_INTERLEAVED,,,,,,,,,,[],[],['ttnn/cpp/ttnn/operations/data_movement/slice/device/kernels/dataflow/writer_unary_interleaved_start_id.cpp'; 'ttnn/cpp/ttnn/operations/data_movement/slice/device/kernels/dataflow/reader_unary_unpad_dims_interleaved_start_id.cpp'],['writer_unary_interleaved_start_id/11530349946087713856/'; 'reader_unary_unpad_dims_interleaved_start_id/13110477452652912536/'],7471793699840101336,False,680,716,0,0,0,0,0,0,0,466,466,29,[35.15879821777344],[35.15879821777344],52.596,,,,,,,1473
ConcatDeviceOperation,tt_dnn_device,1316864,0,blackhole,{'dim': '3'; 'groups': '1'; 'output_mem_config': 'MemoryConfig(memory_layout=TensorMemoryLayout::INTERLEAVED;buffer_type=BufferType::DRAM;shard_spec=std::nullopt;nd_shard_spec=std::nullopt;created_with_nd_shard_spec=0)'; 'sub_core_grids': 'std::nullopt'},,32,110,,,15215235557,15215237160,1603,8182416226003,8182416228824,24650,24650,2090,1128,1128,813,1079,937,101,1121,741,,,,,,,,,1[1],2[2],64[33],64[64],TILE,BFLOAT16,DEV_3_DRAM_INTERLEAVED,1[1],2[2],64[33],192[192],TILE,BFLOAT16,DEV_3_DRAM_INTERLEAVED,,,,,,,,,,,,,,,,,,,,,,1[1],2[2],64[33],256[256],TILE,BFLOAT16,DEV_3_DRAM_INTERLEAVED,,,,,,,,,,[],[],['ttnn/cpp/ttnn/operations/eltwise/unary/device/kernels/dataflow/writer_unary_interleaved_start_id.cpp'; 'ttnn/cpp/ttnn/operations/data_movement/concat/device/kernels/dataflow/reader_concat_interleaved_start_id.cpp'],['writer_unary_interleaved_start_id/17571257374790272030/'; 'reader_concat_interleaved_start_id/6759888044705084636/'],17863313838020876207,False,1000,976,0,0,0,0,0,0,0,119,1,119,[137.68067932128906; 413.0420227050781],[550.7227172851562],0.089,,,,,,,1603
PagedFillCacheDeviceOperation,tt_dnn_device,1317888,0,blackhole,{'batch_idx_fallback': '0'; 'block_size_override': 'std::nullopt'; 'cache_position_modulo': 'std::nullopt'; 'mesh_coords': 'std::nullopt'; 'noop': 'false'},,4,110,,,15215264331,15215266125,1794,8182416261942,8182416264421,25020,25020,1836,1352,1352,1242,1330,1286,71,1316,813,,,,,,,,,3[3],2[2],32[32],256[256],TILE,BFLOAT16,DEV_3_DRAM_INTERLEAVED,1[1],2[2],64[33],256[256],TILE,BFLOAT16,DEV_3_DRAM_INTERLEAVED,1[1],1[1],1[1],3[3],ROW_MAJOR,INT32,DEV_3_DRAM_INTERLEAVED,,,,,,,,,,,,,,,3[3],2[2],32[32],256[256],TILE,BFLOAT16,DEV_3_DRAM_INTERLEAVED,,,,,,,,,,[],[],['ttnn/cpp/ttnn/operations/experimental/paged_cache/device/kernels/dataflow/writer_fill_cache_interleaved.cpp'; 'ttnn/cpp/ttnn/operations/experimental/paged_cache/device/kernels/dataflow/reader_fill_cache_interleaved.cpp'],['writer_fill_cache_interleaved/16277114372296174623/'; 'reader_fill_cache_interleaved/14914858786204128767/'],13841181536205828206,False,1084,700,0,0,0,0,0,0,0,1,1,1,[],[],0.074,,,,,,,1794
PagedFillCacheDeviceOperation,tt_dnn_device,1318912,0,blackhole,{'batch_idx_fallback': '0'; 'block_size_override': 'std::nullopt'; 'cache_position_modulo': 'std::nullopt'; 'mesh_coords': 'std::nullopt'; 'noop': 'false'},,4,110,,,15215272246,15215272958,712,8182416273770,8182416276140,7411,7411,1756,1270,1270,1165,1249,1205,62,1225,721,,,,,,,,,3[3],2[2],32[32],256[256],TILE,BFLOAT16,DEV_3_DRAM_INTERLEAVED,1[1],2[2],64[33],256[256],TILE,BFLOAT16,DEV_3_DRAM_INTERLEAVED,1[1],1[1],1[1],3[3],ROW_MAJOR,INT32,DEV_3_DRAM_INTERLEAVED,,,,,,,,,,,,,,,3[3],2[2],32[32],256[256],TILE,BFLOAT16,DEV_3_DRAM_INTERLEAVED,,,,,,,,,,[],[],['ttnn/cpp/ttnn/operations/experimental/paged_cache/device/kernels/dataflow/writer_fill_cache_interleaved.cpp'; 'ttnn/cpp/ttnn/operations/experimental/paged_cache/device/kernels/dataflow/reader_fill_cache_interleaved.cpp'],['writer_fill_cache_interleaved/16277114372296174623/'; 'reader_fill_cache_interleaved/14914858786204128767/'],13841181536205828206,False,1084,700,0,0,0,0,0,0,0,1,1,1,[],[],0.079,,,,,,,712
SDPAOperation,tt_dnn_device,1319936,0,blackhole,{'chunk_start_idx': 'std::nullopt'; 'chunk_start_idx_tensor': 'std::nullopt'; 'compute_kernel_config': 'ComputeKernelConfig(math_fidelity=HiFi2;math_approx_mode=1;fp32_dest_acc_en=0;packer_l1_acc=0;dst_full_sync_en=0;throttle_level=ThrottleLevel::NO_THROTTLE)'; 'head_dim_v': 'std::nullopt'; 'is_causal': 'true'; 'output_mem_config': 'MemoryConfig(memory_layout=TensorMemoryLayout::INTERLEAVED;buffer_type=BufferType::DRAM;shard_spec=std::nullopt;nd_shard_spec=std::nullopt;created_with_nd_shard_spec=0)'; 'program_config': 'std::nullopt'; 'scale': '0.0625'; 'sliding_window_size': 'std::nullopt'; 'use_mla': 'false'},HiFi2,110,110,,,15215310790,15215313164,2374,8182416332143,8182416358109,42178,42178,19234,18530,18530,2988,18420,5203,486,18437,15906,17573,17681,17673,,,,,,1[1],16[16],64[33],256[256],TILE,BFLOAT16,DEV_3_DRAM_INTERLEAVED,1[1],2[2],64[33],256[256],TILE,BFLOAT16,DEV_3_DRAM_INTERLEAVED,1[1],2[2],64[33],256[256],TILE,BFLOAT16,DEV_3_DRAM_INTERLEAVED,,,,,,,,,,,,,,,1[1],16[16],64[33],256[256],TILE,BFLOAT16,DEV_3_DRAM_INTERLEAVED,,,,,,,,,,['ttnn/cpp/ttnn/operations/transformer/sdpa/device/kernels/compute/sdpa.cpp'],['sdpa/15974987103654054082/'],['ttnn/cpp/ttnn/operations/transformer/sdpa/device/kernels/dataflow/writer_interleaved.cpp'; 'ttnn/cpp/ttnn/operations/transformer/sdpa/device/kernels/dataflow/reader_interleaved.cpp'],['writer_interleaved/2428899507998642287/'; 'reader_interleaved/16294174419435462228/'],11788690755192670434,False,1876,1736,7620,6236,7388,0,0,0,0,953,30,953,[550.144775390625; 68.76809692382812; 68.76809692382812],[550.144775390625],0.162,,,,,,,2374
TransposeDeviceOperation,tt_dnn_device,1320960,0,blackhole,{'dim': 'TransposeOpDim::HC'; 'output_mem_config': 'MemoryConfig(memory_layout=TensorMemoryLayout::INTERLEAVED;buffer_type=BufferType::DRAM;shard_spec=std::nullopt;nd_shard_spec=std::nullopt;created_with_nd_shard_spec=0)'; 'pad_value': '0'},,110,110,,,15215345606,15215347470,1864,8182416376616,8182416389099,14283,14283,9247,8673,8673,1664,8536,5403,173,8647,4739,,,,,,,,,1[1],16[16],64[33],256[256],TILE,BFLOAT16,DEV_3_DRAM_INTERLEAVED,,,,,,,,,,,,,,,,,,,,,,,,,,,,,1[1],33[33],32[16],256[256],TILE,BFLOAT16,DEV_3_DRAM_INTERLEAVED,,,,,,,,,,[],[],['ttnn/cpp/ttnn/operations/data_movement/transpose/device/kernels/dataflow/writer_unary_transpose_hc_interleaved_tiled_padding_aware.cpp'; 'ttnn/cpp/ttnn/operations/data_movement/transpose/device/kernels/dataflow/reader_unary_transpose_hc_interleaved_tiled_padding_aware.cpp'],['writer_unary_transpose_hc_interleaved_tiled_padding_aware/5674558861199196848/'; 'reader_unary_transpose_hc_interleaved_tiled_padding_aware/9638609323845512079/'],12693680266664350508,False,1332,740,0,0,0,0,0,0,0,3615,3615,983,[145.03126525878906],[149.56349182128906],41.681,,,,,,,1864
ReshapeViewDeviceOperation,tt_dnn_device,1321984,0,blackhole,{'logical_output_shape': 'Shape([1; 33; 4096])'; 'output_mem_config': 'MemoryConfig(memory_layout=TensorMemoryLayout::INTERLEAVED;buffer_type=BufferType::DRAM;shard_spec=std::nullopt;nd_shard_spec=std::nullopt;created_with_nd_shard_spec=0)'; 'padded_output_shape': 'Shape([1; 64; 4096])'; 'recreate_mapping_tensor': 'false'; 'sub_core_grid': 'std::nullopt'},,110,110,,,15215362779,15215363721,942,8182416400972,8182416480677,9364,9364,59041,58479,58479,4079,58324,24811,161,58441,58113,,,,,,,,,1[1],33[33],32[16],256[256],TILE,BFLOAT16,DEV_3_DRAM_INTERLEAVED,,,,,,,,,,,,,,,,,,,,,,,,,,,,,1[1],1[1],64[33],4096[4096],TILE,BFLOAT16,DEV_3_DRAM_INTERLEAVED,,,,,,,,,,[],[],['ttnn/cpp/ttnn/operations/data_movement/reshape_view/device/device/dataflow/writer_reshape_tiled.cpp'; 'ttnn/cpp/ttnn/operations/data_movement/reshape_view/device/device/dataflow/reader_reshape_tiled.cpp'],['writer_reshape_tiled/14058397849651785176/'; 'reader_reshape_tiled/3248427542255640728/'],12884938255258898815,False,1756,980,0,0,0,0,0,0,0,1,1,1,[],[],0.002,,,,,,,942
BinaryNgDeviceOperation,tt_dnn_device,1323008,0,blackhole,{'atol': '0'; 'binary_op_type': 'BinaryOpType::MUL'; 'compute_kernel_config': 'std::nullopt'; 'dtype': 'DataType::BFLOAT16'; 'equal_nan': 'false'; 'input_dtype': 'DataType::BFLOAT16'; 'input_layout_a': 'Layout::TILE'; 'input_layout_b': 'Layout::TILE'; 'is_quant_op': 'false'; 'is_sfpu': 'true'; 'is_where_op': 'false'; 'lhs_activations': '{}'; 'memory_config': 'MemoryConfig(memory_layout=TensorMemoryLayout::INTERLEAVED;buffer_type=BufferType::DRAM;shard_spec=std::nullopt;nd_shard_spec=std::nullopt;created_with_nd_shard_spec=0)'; 'output_layout': 'Layout::TILE'; 'post_activations': '{}'; 'rhs_activations': '{BasicUnaryWithParam<float; int; unsigned int>(base=BasicUnaryWithParam<float>(op_type=UnaryOpType::SIGMOID;param={}))}'; 'rtol': '0'; 'scalar': 'std::nullopt'; 'sub_core_grids': 'std::nullopt'; 'sub_device_id': 'std::nullopt'; 'subtile_broadcast_type': 'SubtileBroadcastType::NONE'; 'worker_grid': '{[0-0 - 10-9]}'},HiFi4,110,110,,,15215445396,15215447109,1713,8182416513401,8182416524705,24803,24817,8373,7807,7793,4569,7691,5930,190,7764,4293,6938,7477,6787,,,,,,1[1],1[1],64[33],4096[4096],TILE,BFLOAT16,DEV_3_DRAM_INTERLEAVED,1[1],1[1],64[33],4096[4096],TILE,BFLOAT16,DEV_3_DRAM_INTERLEAVED,,,,,,,,,,,,,,,,,,,,,,1[1],1[1],64[33],4096[4096],TILE,BFLOAT16,DEV_3_DRAM_INTERLEAVED,,,,,,,,,,['ttnn/cpp/ttnn/operations/eltwise/binary_ng/device/kernels/compute/eltwise_binary_sfpu_no_bcast.cpp'],['eltwise_binary_sfpu_no_bcast/16489019314031864704/'],['ttnn/cpp/ttnn/operations/eltwise/binary_ng/device/kernels_ng/dataflow/writer_interleaved_no_bcast.cpp'; 'ttnn/cpp/ttnn/operations/eltwise/binary_ng/device/kernels_ng/dataflow/reader_interleaved_no_bcast.cpp'],['writer_interleaved_no_bcast/4791511481931737103/'; 'reader_interleaved_no_bcast/15298376443072600210/'],14731459551728692294,False,1120,1644,1732,1720,1548,0,0,0,0,1,1,1,[],[],0.013,,,,,,,1713
MatmulDeviceOperation,tt_dnn_device,1324032,0,blackhole,{'bcast_batch': 'true'; 'compute_kernel_config': 'ComputeKernelConfig(math_fidelity=HiFi2;math_approx_mode=0;fp32_dest_acc_en=0;packer_l1_acc=1;dst_full_sync_en=0;throttle_level=ThrottleLevel::NO_THROTTLE)'; 'global_cb': 'std::nullopt'; 'output_dtype': 'DataType::BFLOAT16'; 'output_mem_config': 'MemoryConfig(memory_layout=TensorMemoryLayout::INTERLEAVED;buffer_type=BufferType::DRAM;shard_spec=std::nullopt;nd_shard_spec=std::nullopt;created_with_nd_shard_spec=0)'; 'output_tile': 'Tile(tile_shape={32; 32};face_shape={16; 16};num_faces=4)'; 'program_config': 'MatmulMultiCoreReuseMultiCast1DProgramConfig(compute_with_storage_grid_size=11-10;in0_block_w=2;out_subblock_h=2;out_subblock_w=1;out_block_h=2;out_block_w=1;per_core_M=2;per_core_N=1;fuse_batch=0;fused_activation=std::nullopt;mcast_in0=1;gather_in0=0;hop_cores={};num_global_cb_receivers=0;untilize_out=0;allowed_worker_cores={[0-0 - 10-9]})'; 'sub_device_id': 'std::nullopt'; 'transpose_a': 'false'; 'transpose_b': 'false'; 'untilize_out': 'false'; 'user_core_coord': 'std::nullopt'; 'user_fused_activation': 'std::nullopt'; 'user_run_batched': 'false'},HiFi2,64,110,,,15215481234,15215483058,1824,8182416561629,8182416673027,29179,29179,82517,80682,80682,79003,80602,79787,290,80682,78407,78639,78561,78759,,,,,,1[1],1[1],64[33],4096[4096],TILE,BFLOAT16,DEV_3_DRAM_INTERLEAVED,1[1],1[1],4096[4096],2048[2048],TILE,BFLOAT16,DEV_3_DRAM_INTERLEAVED,,,,,,,,,,,,,,,,,,,,,,1[1],1[1],64[33],2048[2048],TILE,BFLOAT16,DEV_3_DRAM_INTERLEAVED,,,,,,,,,,['ttnn/cpp/ttnn/operations/matmul/device/kernels/compute/bmm_large_block_zm_fused_bias_activation.cpp'],['bmm_large_block_zm_fused_bias_activation/3842368715815273688/'],['ttnn/cpp/ttnn/operations/matmul/device/kernels/dataflow/reader_bmm_tile_layout_in1_sender_writer_padding.cpp'; 'ttnn/cpp/ttnn/operations/matmul/device/kernels/dataflow/reader_bmm_tile_layout_in0_receiver.cpp'; 'ttnn/cpp/ttnn/operations/matmul/device/kernels/dataflow/reader_bmm_tile_layout_in0_sender_padding.cpp'],['reader_bmm_tile_layout_in1_sender_writer_padding/10721982489980766689/'; 'reader_bmm_tile_layout_in0_receiver/16601691022157624124/'; 'reader_bmm_tile_layout_in0_sender_padding/4105324891950380515/'],8275883460396923266,False,1564,1136,2024,1848,2516,0,0,0,0,30517,1821,30517,[17.180194854736328; 549.7662353515625],[8.590097427368164],2.257,,,,,,,1824
BinaryNgDeviceOperation,tt_dnn_device,1325056,0,blackhole,{'atol': '0'; 'binary_op_type': 'BinaryOpType::ADD'; 'compute_kernel_config': 'std::nullopt'; 'dtype': 'DataType::BFLOAT16'; 'equal_nan': 'false'; 'input_dtype': 'DataType::BFLOAT16'; 'input_layout_a': 'Layout::TILE'; 'input_layout_b': 'Layout::TILE'; 'is_quant_op': 'false'; 'is_sfpu': 'false'; 'is_where_op': 'false'; 'lhs_activations': '{}'; 'memory_config': 'MemoryConfig(memory_layout=TensorMemoryLayout::INTERLEAVED;buffer_type=BufferType::DRAM;shard_spec=std::nullopt;nd_shard_spec=std::nullopt;created_with_nd_shard_spec=0)'; 'output_layout': 'Layout::TILE'; 'post_activations': '{}'; 'rhs_activations': '{}'; 'rtol': '0'; 'scalar': 'std::nullopt'; 'sub_core_grids': 'std::nullopt'; 'sub_device_id': 'std::nullopt'; 'subtile_broadcast_type': 'SubtileBroadcastType::NONE'; 'worker_grid': '{[0-0 - 10-9]}'},HiFi4,110,110,,,15215535638,15215536940,1302,8182416630851,8182416678112,521,523,35008,3246,3244,1185,2288,1646,1161,3244,2819,2837,1163,2309,,,,,,1[1],1[1],32[5],8192[8192],TILE,BFLOAT16,DEV_1_DRAM_INTERLEAVED,1[1],1[1],32[5],8192[8192],TILE,BFLOAT16,DEV_1_DRAM_INTERLEAVED,,,,,,,,,,,,,,,,,,,,,,1[1],1[1],32[5],8192[8192],TILE,BFLOAT16,DEV_1_DRAM_INTERLEAVED,,,,,,,,,,['ttnn/cpp/ttnn/operations/eltwise/binary_ng/device/kernels/compute/eltwise_binary_no_bcast.cpp'],['eltwise_binary_no_bcast/11044188692310955620/'],['ttnn/cpp/ttnn/operations/eltwise/binary_ng/device/kernels_ng/dataflow/writer_interleaved_no_bcast.cpp'; 'ttnn/cpp/ttnn/operations/eltwise/binary_ng/device/kernels_ng/dataflow/reader_interleaved_no_bcast.cpp'],['writer_interleaved_no_bcast/700447112369645/'; 'reader_interleaved_no_bcast/3229591606939616229/'],1295168523863076379,False,1120,1644,1308,768,1292,0,0,0,0,1,1,1,[],[],0.031,,,,,,,1302
LayerNormDeviceOperation,tt_dnn_device,1326080,0,blackhole,{'compute_kernel_config': 'ComputeKernelConfig(math_fidelity=HiFi4;math_approx_mode=1;fp32_dest_acc_en=0;packer_l1_acc=0;dst_full_sync_en=0;throttle_level=ThrottleLevel::NO_THROTTLE)'; 'distributed_norm_stage': 'DistributedLayerNormStage::NOT_DISTRIBUTED'; 'dtype': 'std::nullopt'; 'eps': '1e-06'; 'fused_activation': 'std::nullopt'; 'norm_type': 'LayerNormType::RMSNORM'; 'output_mem_config': 'MemoryConfig(memory_layout=TensorMemoryLayout::INTERLEAVED;buffer_type=BufferType::DRAM;shard_spec=std::nullopt;nd_shard_spec=std::nullopt;created_with_nd_shard_spec=0)'; 'program_config': 'LayerNormDefaultProgramConfig(legacy_reduction=0;legacy_rsqrt=0;use_welford=0)'},HiFi4,2,110,,,15215561938,15215563130,1192,8182416678226,8182416715467,586,773,27586,27092,26905,26134,26227,26180,1193,26852,13331,25994,26127,26279,,,,,,1[1],1[1],64[33],2048[2048],TILE,BFLOAT16,DEV_3_DRAM_INTERLEAVED,1[1],1[1],32[1],2048[2048],TILE,BFLOAT16,DEV_3_DRAM_INTERLEAVED,,,,,,,,,,,,,,,,,,,,,,1[1],1[1],64[33],2048[2048],TILE,BFLOAT16,DEV_3_DRAM_INTERLEAVED,,,,,,,,,,['ttnn/cpp/ttnn/operations/normalization/layernorm/device/kernels/compute/layernorm.cpp'],['layernorm/6763723504168373241/'],['ttnn/cpp/ttnn/operations/normalization/layernorm/device/kernels/dataflow/writer_unary_interleaved_start_id_blocked.cpp'; 'ttnn/cpp/ttnn/operations/normalization/layernorm/device/kernels/dataflow/reader_unary_interleaved_ln.cpp'],['writer_unary_interleaved_start_id_blocked/7239922708119936427/'; 'reader_unary_interleaved_ln/10305025062272500454/'],11432867272644644094,False,812,1684,3388,2536,3388,0,0,0,0,1,1,1,[],[],0.004,,,,,,,1192
MatmulDeviceOperation,tt_dnn_device,1327104,0,blackhole,{'bcast_batch': 'true'; 'compute_kernel_config': 'ComputeKernelConfig(math_fidelity=HiFi2;math_approx_mode=0;fp32_dest_acc_en=0;packer_l1_acc=1;dst_full_sync_en=0;throttle_level=ThrottleLevel::NO_THROTTLE)'; 'global_cb': 'std::nullopt'; 'output_dtype': 'DataType::BFLOAT16'; 'output_mem_config': 'MemoryConfig(memory_layout=TensorMemoryLayout::INTERLEAVED;buffer_type=BufferType::DRAM;shard_spec=std::nullopt;nd_shard_spec=std::nullopt;created_with_nd_shard_spec=0)'; 'output_tile': 'Tile(tile_shape={32; 32};face_shape={16; 16};num_faces=4)'; 'program_config': 'MatmulMultiCoreReuseMultiCastProgramConfig(compute_with_storage_grid_size=11-10;in0_block_w=1;out_subblock_h=1;out_subblock_w=1;out_block_h=1;out_block_w=1;per_core_M=1;per_core_N=1;transpose_mcast=0;fused_activation=std::nullopt;fuse_batch=0;allowed_worker_cores={[0-0 - 10-9]})'; 'sub_device_id': 'std::nullopt'; 'transpose_a': 'false'; 'transpose_b': 'false'; 'untilize_out': 'false'; 'user_core_coord': 'std::nullopt'; 'user_fused_activation': 'std::nullopt'; 'user_run_batched': 'false'},HiFi2,16,110,,,15215600912,15215602445,1533,8182416723014,8182416784346,7247,7249,45431,43756,43755,43408,43699,43570,253,43752,42980,43213,43127,43259,,,,,,1[1],1[1],64[33],2048[2048],TILE,BFLOAT16,DEV_3_DRAM_INTERLEAVED,1[1],1[1],2048[2048],256[256],TILE,BFLOAT16,DEV_3_DRAM_INTERLEAVED,,,,,,,,,,,,,,,,,,,,,,1[1],1[1],64[33],256[256],TILE,BFLOAT16,DEV_3_DRAM_INTERLEAVED,,,,,,,,,,['ttnn/cpp/ttnn/operations/matmul/device/kernels/compute/bmm_large_block_zm_fused_bias_activation.cpp'],['bmm_large_block_zm_fused_bias_activation/6129113502276367727/'],['ttnn/cpp/ttnn/operations/matmul/device/kernels/dataflow/reader_bmm_tile_layout_in0_receiver.cpp'; 'ttnn/cpp/ttnn/operations/matmul/device/kernels/dataflow/reader_bmm_tile_layout_in1_receiver_writer_padding.cpp'; 'ttnn/cpp/ttnn/operations/matmul/device/kernels/dataflow/reader_bmm_tile_layout_in1_sender_writer_padding.cpp'; 'ttnn/cpp/ttnn/operations/matmul/device/kernels/dataflow/reader_bmm_tile_layout_in0_sender_padding.cpp'],['reader_bmm_tile_layout_in0_receiver/11750143902631518647/'; 'reader_bmm_tile_layout_in1_receiver_writer_padding/17537974904526109535/'; 'reader_bmm_tile_layout_in1_sender_writer_padding/6670741420338994499/'; 'reader_bmm_tile_layout_in0_sender_padding/9643772686125003722/'],4896688950292247428,False,1788,1000,1936,1784,2344,0,0,0,0,1907,115,1907,[137.46408081054688; 549.8563232421875],[17.18301010131836],0.263,,,,,,,1533
SoftmaxDeviceOperation,tt_dnn_device,1328128,0,blackhole,{'compute_kernel_config': 'ComputeKernelConfig(math_fidelity=HiFi4;math_approx_mode=1;fp32_dest_acc_en=0;packer_l1_acc=0;dst_full_sync_en=0;throttle_level=ThrottleLevel::NO_THROTTLE)'; 'dim': '3'; 'inplace': 'false'; 'is_causal_mask': 'false'; 'is_scale_causal_mask_hw_dims_softmax': 'false'; 'numeric_stable': 'true'; 'output_mem_config': 'MemoryConfig(memory_layout=TensorMemoryLayout::INTERLEAVED;buffer_type=BufferType::DRAM;shard_spec=std::nullopt;nd_shard_spec=std::nullopt;created_with_nd_shard_spec=0)'; 'program_config': 'SoftmaxDefaultProgramConfig()'; 'scale': 'std::nullopt'; 'softmax_type': 'SoftmaxOperationType::Softmax'},HiFi4,110,110,,,15215655656,15215657530,1874,8182416796769,8182416805277,9795,9840,6302,5728,5683,579,5644,748,320,5599,1315,4730,4830,5057,,,,,,1[1],1[1],64[33],256[256],TILE,BFLOAT16,DEV_3_DRAM_INTERLEAVED,,,,,,,,,,,,,,,,,,,,,,,,,,,,,1[1],1[1],64[33],256[256],TILE,BFLOAT16,DEV_3_DRAM_INTERLEAVED,,,,,,,,,,['ttnn/cpp/ttnn/operations/normalization/softmax/device/kernels/attention/compute/softmax.cpp'],['softmax/12436552020681006478/'],['ttnn/cpp/ttnn/operations/normalization/softmax/device/kernels/attention/dataflow/writer_unary_interleaved_start_id_blocked_sm.cpp'; 'ttnn/cpp/ttnn/operations/normalization/softmax/device/kernels/attention/dataflow/reader_unary_interleaved_sm.cpp'],['writer_unary_interleaved_start_id_blocked_sm/1452833191244697187/'; 'reader_unary_interleaved_sm/7385453434803522477/'],9805080437549851212,False,848,1324,5064,4924,3696,0,0,0,0,615,615,59,[53.28129959106445],[53.28129959106445],10.737,,,,,,,1874
FillPadDeviceOperation,tt_dnn_device,1329152,0,blackhole,{'fill_value': '-inf'; 'output_mem_config': 'MemoryConfig(memory_layout=TensorMemoryLayout::INTERLEAVED;buffer_type=BufferType::DRAM;shard_spec=std::nullopt;nd_shard_spec=std::nullopt;created_with_nd_shard_spec=0)'},HiFi4,8,110,,,15215680985,15215682838,1853,8182416825225,8182416831347,15361,15364,4535,3954,3952,3762,3943,3855,111,3902,555,3461,3565,348,,,,,,1[1],1[1],64[33],256[256],TILE,BFLOAT16,DEV_3_DRAM_INTERLEAVED,,,,,,,,,,,,,,,,,,,,,,,,,,,,,1[1],1[1],64[33],256[256],TILE,BFLOAT16,DEV_3_DRAM_INTERLEAVED,,,,,,,,,,['ttnn/cpp/ttnn/operations/data_movement/fill_pad/device/kernels/compute/fill_pad_compute.cpp'],['fill_pad_compute/8478591671897093075/'],['ttnn/cpp/ttnn/operations/data_movement/fill_pad/device/kernels/dataflow/fill_pad_writer.cpp'; 'ttnn/cpp/ttnn/operations/data_movement/fill_pad/device/kernels/dataflow/fill_pad_reader.cpp'],['fill_pad_writer/5177165014801289216/'; 'fill_pad_reader/14707209810911426491/'],16011333537260890275,False,952,688,1528,1428,1328,0,0,0,0,1,1,1,[],[],0.025,,,,,,,1853
TopKDeviceOperation,tt_dnn_device,1330176,0,blackhole,{'dim': '-1'; 'k': '32'; 'largest': 'true'; 'output_memory_config': 'MemoryConfig(memory_layout=TensorMemoryLayout::INTERLEAVED;buffer_type=BufferType::DRAM;shard_spec=std::nullopt;nd_shard_spec=std::nullopt;created_with_nd_shard_spec=0)'; 'sorted': 'true'; 'sub_core_grids': '{[0-0 - 10-9]}'},HiFi4,2,110,,,15215707876,15215709910,2034,8182416861684,8182416923052,23017,23017,45458,44906,44906,44859,44863,44861,297,44798,33156,44059,44182,44391,,,,,,1[1],1[1],64[33],256[256],TILE,BFLOAT16,DEV_3_DRAM_INTERLEAVED,,,,,,,,,,,,,,,,,,,,,,,,,,,,,1[1],1[1],64[33],32[32],TILE,BFLOAT16,DEV_3_DRAM_INTERLEAVED,1[1],1[1],64[33],32[32],TILE,UINT16,DEV_3_DRAM_INTERLEAVED,,,['ttnn/cpp/ttnn/operations/reduction/topk/device/kernels/compute/topk.cpp'],['topk/947459171537591342/'],['ttnn/cpp/ttnn/operations/reduction/topk/device/kernels/dataflow/writer_binary_interleaved.cpp'; 'ttnn/cpp/ttnn/operations/reduction/topk/device/kernels/dataflow/reader_create_index_tensor.cpp'],['writer_binary_interleaved/2977983812256081071/'; 'reader_create_index_tensor/14998659935670759805/'],17251085407992390052,False,920,948,6516,5428,4576,0,0,0,0,1,1,1,[],[],0.002,,,,,,,2034
SliceDeviceOperation,tt_dnn_device,1331200,0,blackhole,{'num_devices': 'std::nullopt'; 'output_mem_config': 'MemoryConfig(memory_layout=TensorMemoryLayout::INTERLEAVED;buffer_type=BufferType::DRAM;shard_spec=std::nullopt;nd_shard_spec=std::nullopt;created_with_nd_shard_spec=0)'; 'slice_dim': 'std::nullopt'; 'slice_end': 'Shape([1; 1; 64; 32])'; 'slice_start': 'Shape([0; 0; 0; 0])'; 'step': 'Shape([1; 1; 1; 1])'; 'sub_core_grids': 'std::nullopt'; 'use_tensor_args': 'false'},,2,110,,,15215727914,15215729206,1292,8182416887326,8182416926043,628,628,28679,1594,1594,741,750,746,947,1587,1350,,,,,,,,,1[1],1[1],64[33],32[32],TILE,BFLOAT16,DEV_3_DRAM_INTERLEAVED,,,,,,,,,,,,,,,,,,,,,,,,,,,,,1[1],1[1],64[64],32[32],TILE,BFLOAT16,DEV_3_DRAM_INTERLEAVED,,,,,,,,,,[],[],['ttnn/cpp/ttnn/operations/data_movement/slice/device/kernels/dataflow/writer_unary_interleaved_start_id.cpp'; 'ttnn/cpp/ttnn/operations/data_movement/slice/device/kernels/dataflow/reader_unary_unpad_dims_interleaved_start_id.cpp'],['writer_unary_interleaved_start_id/11530349946087713856/'; 'reader_unary_unpad_dims_interleaved_start_id/13110477452652912536/'],3976383425516869842,False,680,716,0,0,0,0,0,0,0,429,429,7,[9.547785758972168],[9.547785758972168],26.913,,,,,,,1292
SliceDeviceOperation,tt_dnn_device,1332224,0,blackhole,{'num_devices': 'std::nullopt'; 'output_mem_config': 'MemoryConfig(memory_layout=TensorMemoryLayout::INTERLEAVED;buffer_type=BufferType::DRAM;shard_spec=std::nullopt;nd_shard_spec=std::nullopt;created_with_nd_shard_spec=0)'; 'slice_dim': 'std::nullopt'; 'slice_end': 'Shape([1; 1; 64; 32])'; 'slice_start': 'Shape([0; 0; 0; 0])'; 'step': 'Shape([1; 1; 1; 1])'; 'sub_core_grids': 'std::nullopt'; 'use_tensor_args': 'false'},,2,110,,,15215744776,15215746099,1323,8182416926382,8182416929100,679,679,2013,1586,1586,738,741,740,893,1520,1344,,,,,,,,,1[1],1[1],64[33],32[32],TILE,UINT16,DEV_3_DRAM_INTERLEAVED,,,,,,,,,,,,,,,,,,,,,,,,,,,,,1[1],1[1],64[64],32[32],TILE,UINT16,DEV_3_DRAM_INTERLEAVED,,,,,,,,,,[],[],['ttnn/cpp/ttnn/operations/data_movement/slice/device/kernels/dataflow/writer_unary_interleaved_start_id.cpp'; 'ttnn/cpp/ttnn/operations/data_movement/slice/device/kernels/dataflow/reader_unary_unpad_dims_interleaved_start_id.cpp'],['writer_unary_interleaved_start_id/1906699499054981970/'; 'reader_unary_unpad_dims_interleaved_start_id/1764224458098422984/'],507680353548839319,False,680,716,0,0,0,0,0,0,0,429,429,7,[9.547785758972168],[9.547785758972168],27.049,,,,,,,1323
FillPadDeviceOperation,tt_dnn_device,1333248,0,blackhole,{'fill_value': '0'; 'output_mem_config': 'MemoryConfig(memory_layout=TensorMemoryLayout::INTERLEAVED;buffer_type=BufferType::DRAM;shard_spec=std::nullopt;nd_shard_spec=std::nullopt;created_with_nd_shard_spec=0)'},HiFi4,2,110,,,15215767079,15215768141,1062,8182416941634,8182416956010,9845,9852,10649,10085,10079,9992,10085,10039,170,9981,523,9501,9716,350,,,,,,1[1],1[1],64[33],32[8],TILE,BFLOAT16,DEV_3_DRAM_INTERLEAVED,,,,,,,,,,,,,,,,,,,,,,,,,,,,,1[1],1[1],64[33],32[8],TILE,BFLOAT16,DEV_3_DRAM_INTERLEAVED,,,,,,,,,,['ttnn/cpp/ttnn/operations/data_movement/fill_pad/device/kernels/compute/fill_pad_compute.cpp'],['fill_pad_compute/1126830953251743416/'],['ttnn/cpp/ttnn/operations/data_movement/fill_pad/device/kernels/dataflow/fill_pad_writer.cpp'; 'ttnn/cpp/ttnn/operations/data_movement/fill_pad/device/kernels/dataflow/fill_pad_reader.cpp'],['fill_pad_writer/6408376899328040194/'; 'fill_pad_reader/8632962919328780020/'],5931376076587586380,False,1684,1192,2836,3068,2032,0,0,0,0,1,1,1,[],[],0.01,,,,,,,1062
ReduceDeviceOperation,tt_dnn_device,1334272,0,blackhole,{'compute_kernel_config': 'ComputeKernelConfig(math_fidelity=HiFi4;math_approx_mode=0;fp32_dest_acc_en=1;packer_l1_acc=0;dst_full_sync_en=0;throttle_level=ThrottleLevel::NO_THROTTLE)'; 'dim': 'ReduceOpDim::W'; 'math_op': 'ReduceOpMath::SUM'; 'negate': 'false'; 'output_dtype': 'DataType::BFLOAT16'; 'output_mem_config': 'MemoryConfig(memory_layout=TensorMemoryLayout::INTERLEAVED;buffer_type=BufferType::DRAM;shard_spec=std::nullopt;nd_shard_spec=std::nullopt;created_with_nd_shard_spec=0)'; 'post_mul_scaler': '1'; 'row_major_h_dense_path': 'false'; 'row_major_w_dense_path': 'false'; 'scaler': '1'; 'sub_core_grids': 'std::nullopt'},HiFi4,2,110,,,15215788760,15215790884,2124,8182416970756,8182416973165,11481,11481,1784,1221,1221,1197,1221,1209,78,1221,716,797,133,224,,,,,,1[1],1[1],64[33],32[8],TILE,BFLOAT16,DEV_3_DRAM_INTERLEAVED,,,,,,,,,,,,,,,,,,,,,,,,,,,,,1[1],1[1],64[33],32[1],TILE,BFLOAT16,DEV_3_DRAM_INTERLEAVED,,,,,,,,,,['ttnn/cpp/ttnn/operations/reduction/generic/device/kernels/compute/reduce.cpp'],['reduce/2573166727686313405/'],['ttnn/cpp/ttnn/operations/eltwise/unary/device/kernels/dataflow/writer_unary_interleaved_start_id.cpp'; 'ttnn/cpp/ttnn/operations/reduction/generic/device/kernels/dataflow/reader_unary_reduce_universal_start_id.cpp'],['writer_unary_interleaved_start_id/8001919358930663578/'; 'reader_unary_reduce_universal_start_id/10373556641023364521/'],11407801075445085764,False,1000,900,1228,820,1124,0,0,0,0,1,1,1,[],[],0.082,,,,,,,2124
BinaryNgDeviceOperation,tt_dnn_device,1335296,0,blackhole,{'atol': '0'; 'binary_op_type': 'BinaryOpType::DIV'; 'compute_kernel_config': 'std::nullopt'; 'dtype': 'DataType::BFLOAT16'; 'equal_nan': 'false'; 'input_dtype': 'DataType::BFLOAT16'; 'input_layout_a': 'Layout::TILE'; 'input_layout_b': 'Layout::TILE'; 'is_quant_op': 'false'; 'is_sfpu': 'true'; 'is_where_op': 'false'; 'lhs_activations': '{}'; 'memory_config': 'MemoryConfig(memory_layout=TensorMemoryLayout::INTERLEAVED;buffer_type=BufferType::DRAM;shard_spec=std::nullopt;nd_shard_spec=std::nullopt;created_with_nd_shard_spec=0)'; 'output_layout': 'Layout::TILE'; 'post_activations': '{}'; 'rhs_activations': '{}'; 'rtol': '0'; 'scalar': 'std::nullopt'; 'sub_core_grids': 'std::nullopt'; 'sub_device_id': 'std::nullopt'; 'subtile_broadcast_type': 'SubtileBroadcastType::COL_B'; 'worker_grid': '{[0-0 - 10-9]}'},HiFi4,110,110,,,15215850678,15215853062,2384,8182417060736,8182417064919,65441,65464,3099,2528,2505,93,2432,191,227,2462,1191,1336,2113,944,,,,,,1[1],1[1],32[5],32[8],TILE,BFLOAT16,DEV_1_DRAM_INTERLEAVED,1[1],1[1],32[5],32[1],TILE,BFLOAT16,DEV_1_DRAM_INTERLEAVED,,,,,,,,,,,,,,,,,,,,,,1[1],1[1],32[5],32[8],TILE,BFLOAT16,DEV_1_DRAM_INTERLEAVED,,,,,,,,,,['ttnn/cpp/ttnn/operations/eltwise/binary_ng/device/kernels_ng/compute/eltwise_binary_sfpu_col_bcast.cpp'],['eltwise_binary_sfpu_col_bcast/9437509092271119954/'],['ttnn/cpp/ttnn/operations/eltwise/binary_ng/device/kernels_ng/dataflow/writer_interleaved_no_bcast.cpp'; 'ttnn/cpp/ttnn/operations/eltwise/binary_ng/device/kernels_ng/dataflow/reader_interleaved_col_bcast.cpp'],['writer_interleaved_no_bcast/3481911658023912021/'; 'reader_interleaved_col_bcast/10829611322399720491/'],12040800862598011351,False,1120,1616,3516,2648,4560,0,0,0,0,1,1,1,[],[],0.04,,,,,,,2384
UnaryDeviceOperation,tt_dnn_device,1336320,0,blackhole,{'bfp8_pack_precise': 'false'; 'fp32_dest_acc_en': 'false'; 'memory_config': 'MemoryConfig(memory_layout=TensorMemoryLayout::INTERLEAVED;buffer_type=BufferType::DRAM;shard_spec=std::nullopt;nd_shard_spec=std::nullopt;created_with_nd_shard_spec=0)'; 'op_chain': '{BasicUnaryWithParam<float; int; unsigned int>(base=BasicUnaryWithParam<float>(op_type=UnaryOpType::FILL;param={0}))}'; 'output_dtype': 'DataType::BFLOAT16'; 'preserve_fp32_precision': 'false'; 'sub_core_grids': 'std::nullopt'; 'worker_grid': '{[0-0 - 10-9]}'},HiFi4,110,110,,,15215923316,15215925390,2074,8182417158195,8182417160547,69661,69664,1742,1173,1171,167,1096,305,175,1153,682,710,759,341,,,,,,1[1],1[1],32[5],256[256],TILE,BFLOAT16,DEV_1_DRAM_INTERLEAVED,,,,,,,,,,,,,,,,,,,,,,,,,,,,,1[1],1[1],32[5],256[256],TILE,BFLOAT16,DEV_1_DRAM_INTERLEAVED,,,,,,,,,,['ttnn/cpp/ttnn/operations/eltwise/unary/device/kernels/compute/eltwise_sfpu.cpp'],['eltwise_sfpu/12506688406190514772/'],['ttnn/cpp/ttnn/operations/eltwise/unary/device/kernels/dataflow/writer_unary.cpp'; 'ttnn/cpp/ttnn/operations/eltwise/unary/device/kernels/dataflow/reader_unary.cpp'],['writer_unary/6246602044898506846/'; 'reader_unary/9319234562251151454/'],17376454958624202605,False,1000,924,1060,856,1260,0,0,0,0,1,1,1,[],[],0.085,,,,,,,2074
UntilizeWithUnpaddingDeviceOperation,tt_dnn_device,1337344,0,blackhole,{'enough_space_height': 'true'; 'fp32_dest_acc_en': 'false'; 'output_mem_config': 'MemoryConfig(memory_layout=TensorMemoryLayout::INTERLEAVED;buffer_type=BufferType::DRAM;shard_spec=std::nullopt;nd_shard_spec=std::nullopt;created_with_nd_shard_spec=0)'; 'output_tensor_end': 'Shape([0; 0; 32; 255])'; 'sub_core_grids': 'std::nullopt'; 'use_multicore': 'true'},HiFi4,2,110,,,15215951189,15215953383,2194,8182417189369,8182417206881,21921,21927,12972,12398,12393,4024,12387,8206,105,12332,3350,3418,3469,3756,,,,,,1[1],1[1],64[33],256[256],TILE,BFLOAT16,DEV_3_DRAM_INTERLEAVED,,,,,,,,,,,,,,,,,,,,,,,,,,,,,1[1],1[1],33[33],256[256],ROW_MAJOR,BFLOAT16,DEV_3_DRAM_INTERLEAVED,,,,,,,,,,['ttnn/cpp/ttnn/operations/data_movement/untilize/device/kernels/compute/untilize.cpp'],['untilize/12074559401895986975/'],['ttnn/cpp/ttnn/operations/data_movement/untilize_with_unpadding/device/kernels/dataflow/writer_unary_stick_layout_split_rows_multicore.cpp'; 'ttnn/cpp/ttnn/operations/eltwise/unary/device/kernels/dataflow/reader_unary_interleaved_start_id.cpp'],['writer_unary_stick_layout_split_rows_multicore/10620076738422291536/'; 'reader_unary_interleaved_start_id/15122060313055887415/'],6907838207407403659,False,1564,924,1156,1152,2800,0,0,0,0,725,725,59,[45.197242736816406],[23.304826736450195],5.848,,,,,,,2194
UntilizeWithUnpaddingDeviceOperation,tt_dnn_device,1338368,0,blackhole,{'enough_space_height': 'true'; 'fp32_dest_acc_en': 'false'; 'output_mem_config': 'MemoryConfig(memory_layout=TensorMemoryLayout::INTERLEAVED;buffer_type=BufferType::DRAM;shard_spec=std::nullopt;nd_shard_spec=std::nullopt;created_with_nd_shard_spec=0)'; 'output_tensor_end': 'Shape([0; 0; 32; 7])'; 'sub_core_grids': 'std::nullopt'; 'use_multicore': 'true'},HiFi4,2,110,,,15215968642,15215969484,842,8182417213627,8182417227166,5587,5596,10029,9441,9432,1104,9435,5269,107,9419,521,593,118,799,,,,,,1[1],1[1],64[33],32[8],TILE,UINT16,DEV_3_DRAM_INTERLEAVED,,,,,,,,,,,,,,,,,,,,,,,,,,,,,1[1],1[1],33[33],8[8],ROW_MAJOR,UINT16,DEV_3_DRAM_INTERLEAVED,,,,,,,,,,['ttnn/cpp/ttnn/operations/data_movement/untilize/device/kernels/compute/untilize.cpp'],['untilize/4795439309575667710/'],['ttnn/cpp/ttnn/operations/data_movement/untilize_with_unpadding/device/kernels/dataflow/writer_unary_stick_layout_split_rows_multicore.cpp'; 'ttnn/cpp/ttnn/operations/eltwise/unary/device/kernels/dataflow/reader_unary_interleaved_start_id.cpp'],['writer_unary_stick_layout_split_rows_multicore/13626007684236217572/'; 'reader_unary_interleaved_start_id/4015620827497733938/'],16898391250300974617,False,1564,924,1040,788,2356,0,0,0,0,1055,1055,7,[3.8824644088745117],[0.5004739165306091],11.175,,,,,,,842
UntilizeWithUnpaddingDeviceOperation,tt_dnn_device,1339392,0,blackhole,{'enough_space_height': 'true'; 'fp32_dest_acc_en': 'false'; 'output_mem_config': 'MemoryConfig(memory_layout=TensorMemoryLayout::INTERLEAVED;buffer_type=BufferType::DRAM;shard_spec=std::nullopt;nd_shard_spec=std::nullopt;created_with_nd_shard_spec=0)'; 'output_tensor_end': 'Shape([0; 0; 32; 7])'; 'sub_core_grids': 'std::nullopt'; 'use_multicore': 'true'},HiFi4,2,110,,,15215981617,15215982328,711,8182417231783,8182417245345,4013,4016,10046,9453,9450,1091,9447,5269,104,9443,518,599,119,783,,,,,,1[1],1[1],64[33],32[8],TILE,BFLOAT16,DEV_3_DRAM_INTERLEAVED,,,,,,,,,,,,,,,,,,,,,,,,,,,,,1[1],1[1],33[33],8[8],ROW_MAJOR,BFLOAT16,DEV_3_DRAM_INTERLEAVED,,,,,,,,,,['ttnn/cpp/ttnn/operations/data_movement/untilize/device/kernels/compute/untilize.cpp'],['untilize/17642740389231775263/'],['ttnn/cpp/ttnn/operations/data_movement/untilize_with_unpadding/device/kernels/dataflow/writer_unary_stick_layout_split_rows_multicore.cpp'; 'ttnn/cpp/ttnn/operations/eltwise/unary/device/kernels/dataflow/reader_unary_interleaved_start_id.cpp'],['writer_unary_stick_layout_split_rows_multicore/5008800588230593107/'; 'reader_unary_interleaved_start_id/15122060313055887415/'],10293298705793102303,False,1564,924,1040,788,2352,0,0,0,0,1055,1055,7,[3.8824644088745117],[0.5004739165306091],11.16,,,,,,,711
ScatterDeviceOperation,tt_dnn_device,1340416,0,blackhole,{'dim': '3'; 'opt_reduction': 'ScatterReductionType::INVALID'; 'output_memory_config': 'MemoryConfig(memory_layout=TensorMemoryLayout::INTERLEAVED;buffer_type=BufferType::DRAM;shard_spec=std::nullopt;nd_shard_spec=std::nullopt;created_with_nd_shard_spec=0)'; 'sub_core_grid': 'std::nullopt'},,33,110,,,15216004270,15216006064,1794,8182417264002,8182417270974,14779,14779,5164,4188,4188,3766,4133,4003,99,4187,3920,,,,,,,,,1[1],1[1],33[33],256[256],ROW_MAJOR,BFLOAT16,DEV_3_DRAM_INTERLEAVED,1[1],1[1],33[33],8[8],ROW_MAJOR,UINT16,DEV_3_DRAM_INTERLEAVED,1[1],1[1],33[33],8[8],ROW_MAJOR,BFLOAT16,DEV_3_DRAM_INTERLEAVED,,,,,,,,,,,,,,,1[1],1[1],33[33],256[256],ROW_MAJOR,BFLOAT16,DEV_3_DRAM_INTERLEAVED,,,,,,,,,,[],[],['ttnn/cpp/ttnn/operations/data_movement/scatter/device/kernels/dataflow/writer_scatter.cpp'; 'ttnn/cpp/ttnn/operations/data_movement/scatter/device/kernels/dataflow/reader_scatter.cpp'],['writer_scatter/5899388942048270290/'; 'reader_scatter/7232875826882287117/'],9209233174993776746,False,792,2272,0,0,0,0,0,0,0,540,540,30,[31.288888931274414],[31.288888931274414],12.894,,,,,,,1794
TilizeWithValPaddingDeviceOperation,tt_dnn_device,1341440,0,blackhole,{'enough_space_height': 'true'; 'enough_space_width': 'true'; 'output_dtype': 'DataType::BFLOAT16'; 'output_mem_config': 'MemoryConfig(memory_layout=TensorMemoryLayout::INTERLEAVED;buffer_type=BufferType::DRAM;shard_spec=std::nullopt;nd_shard_spec=std::nullopt;created_with_nd_shard_spec=0)'; 'output_padded_shape': 'Shape([1; 1; 64; 256])'; 'pad_value': '0'; 'sub_core_grids': 'std::nullopt'; 'use_multicore': 'true'},HiFi4,2,110,,,15216027274,15216029057,1783,8182417292865,8182417307751,16810,16819,11027,10451,10443,3139,10451,6795,142,10377,9184,9249,133,9337,,,,,,1[1],1[1],33[33],256[256],ROW_MAJOR,BFLOAT16,DEV_3_DRAM_INTERLEAVED,,,,,,,,,,,,,,,,,,,,,,,,,,,,,1[1],1[1],64[33],256[256],TILE,BFLOAT16,DEV_3_DRAM_INTERLEAVED,,,,,,,,,,['ttnn/cpp/ttnn/kernel/compute/tilize.cpp'],['tilize/5644464742386948491/'],['ttnn/cpp/ttnn/operations/eltwise/unary/device/kernels/dataflow/writer_unary_interleaved_start_id.cpp'; 'ttnn/cpp/ttnn/operations/data_movement/tilize_with_val_padding/device/kernels/dataflow/reader_unary_pad_dims_split_rows_multicore.cpp'],['writer_unary_interleaved_start_id/1598961366041004495/'; 'reader_unary_pad_dims_split_rows_multicore/3385052218660470874/'],17600866586003572329,False,1000,1852,1208,788,2076,0,0,0,0,1,1,1,[],[],0.01,,,,,,,1783
SliceDeviceOperation,tt_dnn_device,1342464,0,blackhole,{'num_devices': 'std::nullopt'; 'output_mem_config': 'MemoryConfig(memory_layout=TensorMemoryLayout::INTERLEAVED;buffer_type=BufferType::DRAM;shard_spec=std::nullopt;nd_shard_spec=std::nullopt;created_with_nd_shard_spec=0)'; 'slice_dim': 'std::nullopt'; 'slice_end': 'Shape([1; 1; 32; 2048])'; 'slice_start': 'Shape([0; 0; 0; 0])'; 'step': 'Shape([1; 1; 1; 1])'; 'sub_core_grids': 'std::nullopt'; 'use_tensor_args': 'false'},,64,110,,,15216066579,15216068332,1753,8182417350980,8182417353960,32982,32982,2207,1248,1248,662,1147,906,149,1245,819,,,,,,,,,1[1],1[1],64[33],2048[2048],TILE,BFLOAT16,DEV_3_DRAM_INTERLEAVED,,,,,,,,,,,,,,,,,,,,,,,,,,,,,1[1],1[1],32[32],2048[2048],TILE,BFLOAT16,DEV_3_DRAM_INTERLEAVED,,,,,,,,,,[],[],['ttnn/cpp/ttnn/operations/data_movement/slice/device/kernels/dataflow/writer_unary_interleaved_start_id.cpp'; 'ttnn/cpp/ttnn/operations/data_movement/slice/device/kernels/dataflow/reader_unary_unpad_dims_interleaved_start_id.cpp'],['writer_unary_interleaved_start_id/11530349946087713856/'; 'reader_unary_unpad_dims_interleaved_start_id/13110477452652912536/'],1597683828354594475,False,680,716,0,0,0,0,0,0,0,800,800,476,[327.67999267578125],[163.83999633789062],64.103,,,,,,,1753
SliceDeviceOperation,tt_dnn_device,1343488,0,blackhole,{'num_devices': 'std::nullopt'; 'output_mem_config': 'MemoryConfig(memory_layout=TensorMemoryLayout::INTERLEAVED;buffer_type=BufferType::DRAM;shard_spec=std::nullopt;nd_shard_spec=std::nullopt;created_with_nd_shard_spec=0)'; 'slice_dim': 'std::nullopt'; 'slice_end': 'Shape([1; 1; 32; 256])'; 'slice_start': 'Shape([0; 0; 0; 0])'; 'step': 'Shape([1; 1; 1; 1])'; 'sub_core_grids': 'std::nullopt'; 'use_tensor_args': 'false'},,8,110,,,15216085846,15216086697,851,8182417371280,8182417373228,13420,13420,1443,852,852,666,790,735,76,851,593,,,,,,,,,1[1],1[1],64[33],256[256],TILE,BFLOAT16,DEV_3_DRAM_INTERLEAVED,,,,,,,,,,,,,,,,,,,,,,,,,,,,,1[1],1[1],32[32],256[256],TILE,BFLOAT16,DEV_3_DRAM_INTERLEAVED,,,,,,,,,,[],[],['ttnn/cpp/ttnn/operations/data_movement/slice/device/kernels/dataflow/writer_unary_interleaved_start_id.cpp'; 'ttnn/cpp/ttnn/operations/data_movement/slice/device/kernels/dataflow/reader_unary_unpad_dims_interleaved_start_id.cpp'],['writer_unary_interleaved_start_id/11530349946087713856/'; 'reader_unary_unpad_dims_interleaved_start_id/13110477452652912536/'],12789740717369830434,False,680,716,0,0,0,0,0,0,0,466,466,59,[70.31759643554688],[35.15879821777344],54.695,,,,,,,851
UnaryDeviceOperation,tt_dnn_device,1344512,0,blackhole,{'bfp8_pack_precise': 'false'; 'fp32_dest_acc_en': 'false'; 'memory_config': 'MemoryConfig(memory_layout=TensorMemoryLayout::INTERLEAVED;buffer_type=BufferType::DRAM;shard_spec=std::nullopt;nd_shard_spec=std::nullopt;created_with_nd_shard_spec=0)'; 'op_chain': '{BasicUnaryWithParam<float; int; unsigned int>(base=BasicUnaryWithParam<float>(op_type=UnaryOpType::FILL;param={0}))}'; 'output_dtype': 'DataType::BFLOAT16'; 'preserve_fp32_precision': 'false'; 'sub_core_grids': 'std::nullopt'; 'worker_grid': '{[0-0 - 10-9]}'},HiFi4,110,110,,,15216165217,15216166299,1082,8182417484034,8182417604601,82655,82655,89309,88731,88731,53856,88693,63368,192,88689,88291,88320,88359,87984,,,,,,1[1],1[1],32[5],256[256],TILE,BFLOAT16,DEV_1_DRAM_INTERLEAVED,,,,,,,,,,,,,,,,,,,,,,,,,,,,,1[1],1[1],32[5],256[256],TILE,BFLOAT16,DEV_1_DRAM_INTERLEAVED,,,,,,,,,,['ttnn/cpp/ttnn/operations/eltwise/unary/device/kernels/compute/eltwise_sfpu.cpp'],['eltwise_sfpu/12506688406190514772/'],['ttnn/cpp/ttnn/operations/eltwise/unary/device/kernels/dataflow/writer_unary.cpp'; 'ttnn/cpp/ttnn/operations/eltwise/unary/device/kernels/dataflow/reader_unary.cpp'],['writer_unary/6246602044898506846/'; 'reader_unary/9319234562251151454/'],17376454958624202605,False,1000,924,1060,856,1260,0,0,0,0,1,1,1,[],[],0.001,,,,,,,1082
SparseMatmulDeviceOperation,tt_dnn_device,1345536,0,blackhole,{'compute_kernel_config': 'ComputeKernelConfig(math_fidelity=LoFi;math_approx_mode=0;fp32_dest_acc_en=0;packer_l1_acc=1;dst_full_sync_en=0;throttle_level=ThrottleLevel::NO_THROTTLE)'; 'global_cb': 'std::nullopt'; 'is_input_a_sparse': 'false'; 'is_input_b_sparse': 'true'; 'nnz': '256'; 'output_dtype': 'DataType::BFLOAT16'; 'output_mem_config': 'MemoryConfig(memory_layout=TensorMemoryLayout::INTERLEAVED;buffer_type=BufferType::DRAM;shard_spec=std::nullopt;nd_shard_spec=std::nullopt;created_with_nd_shard_spec=0)'; 'output_tile': 'Tile(tile_shape={32; 32};face_shape={16; 16};num_faces=4)'; 'program_config': 'MatmulMultiCoreReuseMultiCast1DProgramConfig(compute_with_storage_grid_size=8-4;in0_block_w=1;out_subblock_h=1;out_subblock_w=1;out_block_h=1;out_block_w=1;per_core_M=1;per_core_N=1;fuse_batch=0;fused_activation=std::nullopt;mcast_in0=1;gather_in0=0;hop_cores={};num_global_cb_receivers=1;untilize_out=0;allowed_worker_cores={[0-0 - 7-3]})'; 'sub_device_id': 'std::nullopt'; 'user_core_coord': 'std::nullopt'},LoFi,32,110,,,15216188120,15216190465,2345,8182417560656,8182436535613,590,590,14055524,14022364,14022364,14021733,14022300,14022014,159,14021445,14022360,14021577,14021541,14021591,,,,,,1[1],1[1],32[32],2048[2048],TILE,BFLOAT16,DEV_1_DRAM_INTERLEAVED,1[1],256[256],2048[2048],1024[1024],TILE,BFLOAT16,DEV_1_DRAM_INTERLEAVED,1[1],1[1],1[1],256[256],ROW_MAJOR,BFLOAT16,DEV_1_DRAM_INTERLEAVED,,,,,,,,,,,,,,,1[1],256[256],32[32],1024[1024],TILE,BFLOAT16,DEV_1_DRAM_INTERLEAVED,,,,,,,,,,['ttnn/cpp/ttnn/operations/matmul/device/kernels/compute/bmm_large_block_zm_fused_bias_activation.cpp'],['bmm_large_block_zm_fused_bias_activation/10999630814069568467/'],['ttnn/cpp/ttnn/operations/matmul/device/kernels/dataflow/reader_bmm_tile_layout_in1_sender_writer_padding.cpp'; 'ttnn/cpp/ttnn/operations/matmul/device/kernels/dataflow/reader_bmm_tile_layout_in0_receiver.cpp'; 'ttnn/cpp/ttnn/operations/matmul/device/kernels/dataflow/reader_bmm_tile_layout_in0_sender_padding.cpp'],['reader_bmm_tile_layout_in1_sender_writer_padding/18237106914826704815/'; 'reader_bmm_tile_layout_in0_receiver/697041373956507213/'; 'reader_bmm_tile_layout_in0_sender_padding/14062799416192472900/'],3925646792687554228,False,1396,1776,2104,1916,2360,0,0,0,0,1953125,1,1953125,[0.06710886210203171; 549.7557983398438; 0.00026214399258606136],[8.589934349060059],0.0,,,,,,,2345
PermuteDeviceOperation,tt_dnn_device,1346560,0,blackhole,{'dims': '{0; 3; 2; 1; 4; 5}'; 'output_mem_config': 'MemoryConfig(memory_layout=TensorMemoryLayout::INTERLEAVED;buffer_type=BufferType::DRAM;shard_spec=std::nullopt;nd_shard_spec=std::nullopt;created_with_nd_shard_spec=0)'; 'pad_value': '0'},,110,110,,,15216227796,15216230160,2364,8182417606416,8182436674529,485,485,14124528,102428,102428,61413,102388,68714,1150,102421,102139,,,,,,,,,1[1],256[256],32[32],1024[1024],TILE,BFLOAT16,DEV_1_DRAM_INTERLEAVED,,,,,,,,,,,,,,,,,,,,,,,,,,,,,1[1],1[1],32[32],1024[1024],TILE,BFLOAT16,DEV_1_DRAM_INTERLEAVED,,,,,,,,,,[],[],['ttnn/cpp/ttnn/operations/eltwise/unary/device/kernels/dataflow/writer_unary_interleaved_start_id.cpp'; 'ttnn/cpp/ttnn/operations/data_movement/permute/device/kernels/dataflow/reader_permute_interleaved_tiled_invariant.cpp'],['writer_unary_interleaved_start_id/17571257374790272030/'; 'reader_permute_interleaved_tiled_invariant/13292940325112709087/'],8907635463750221074,False,1000,848,0,0,0,0,0,0,0,101554,101554,30517,[165.2048797607422],[165.2048797607422],99.147,,,,,,,2364
SliceDeviceOperation,tt_dnn_device,1347584,0,blackhole,{'num_devices': 'std::nullopt'; 'output_mem_config': 'MemoryConfig(memory_layout=TensorMemoryLayout::INTERLEAVED;buffer_type=BufferType::DRAM;shard_spec=std::nullopt;nd_shard_spec=std::nullopt;created_with_nd_shard_spec=0)'; 'slice_dim': 'std::nullopt'; 'slice_end': 'Shape([1; 256; 32; 512])'; 'slice_start': 'Shape([0; 0; 0; 0])'; 'step': 'Shape([1; 1; 1; 1])'; 'sub_core_grids': 'std::nullopt'; 'use_tensor_args': 'false'},,110,110,,,15216270347,15216271479,1132,8182436620797,8182436735146,579,579,84703,44330,44330,27214,44178,31973,1070,44329,44061,,,,,,,,,1[1],256[256],32[32],1024[1024],TILE,BFLOAT16,DEV_1_DRAM_INTERLEAVED,,,,,,,,,,,,,,,,,,,,,,,,,,,,,1[1],256[256],32[32],512[512],TILE,BFLOAT16,DEV_1_DRAM_INTERLEAVED,,,,,,,,,,[],[],['ttnn/cpp/ttnn/operations/data_movement/slice/device/kernels/dataflow/writer_unary_interleaved_start_id.cpp'; 'ttnn/cpp/ttnn/operations/data_movement/slice/device/kernels/dataflow/reader_unary_unpad_dims_interleaved_start_id.cpp'],['writer_unary_interleaved_start_id/11530349946087713856/'; 'reader_unary_unpad_dims_interleaved_start_id/13110477452652912536/'],18021096563483894557,False,680,716,0,0,0,0,0,0,0,30517,25683,30517,[549.7662353515625],[274.88311767578125],57.936,,,,,,,1132
SliceDeviceOperation,tt_dnn_device,1348608,0,blackhole,{'num_devices': 'std::nullopt'; 'output_mem_config': 'MemoryConfig(memory_layout=TensorMemoryLayout::INTERLEAVED;buffer_type=BufferType::DRAM;shard_spec=std::nullopt;nd_shard_spec=std::nullopt;created_with_nd_shard_spec=0)'; 'slice_dim': 'std::nullopt'; 'slice_end': 'Shape([1; 256; 32; 1024])'; 'slice_start': 'Shape([0; 0; 0; 512])'; 'step': 'Shape([1; 1; 1; 1])'; 'sub_core_grids': 'std::nullopt'; 'use_tensor_args': 'false'},,110,110,,,15216300935,15216302107,1172,8182436713698,8182436797155,567,567,61820,45364,45364,27774,44550,32471,1048,45361,45095,,,,,,,,,1[1],256[256],32[32],1024[1024],TILE,BFLOAT16,DEV_1_DRAM_INTERLEAVED,,,,,,,,,,,,,,,,,,,,,,,,,,,,,1[1],256[256],32[32],512[512],TILE,BFLOAT16,DEV_1_DRAM_INTERLEAVED,,,,,,,,,,[],[],['ttnn/cpp/ttnn/operations/data_movement/slice/device/kernels/dataflow/writer_unary_interleaved_start_id.cpp'; 'ttnn/cpp/ttnn/operations/data_movement/slice/device/kernels/dataflow/reader_unary_unpad_dims_interleaved_start_id.cpp'],['writer_unary_interleaved_start_id/11530349946087713856/'; 'reader_unary_unpad_dims_interleaved_start_id/13110477452652912536/'],6582231628350886423,False,680,716,0,0,0,0,0,0,0,30517,25683,30517,[549.7662353515625],[274.88311767578125],56.615,,,,,,,1172
BinaryNgDeviceOperation,tt_dnn_device,1349632,0,blackhole,{'atol': '0'; 'binary_op_type': 'BinaryOpType::MUL'; 'compute_kernel_config': 'std::nullopt'; 'dtype': 'DataType::BFLOAT16'; 'equal_nan': 'false'; 'input_dtype': 'DataType::BFLOAT16'; 'input_layout_a': 'Layout::TILE'; 'input_layout_b': 'Layout::TILE'; 'is_quant_op': 'false'; 'is_sfpu': 'true'; 'is_where_op': 'false'; 'lhs_activations': '{BasicUnaryWithParam<float; int; unsigned int>(base=BasicUnaryWithParam<float>(op_type=UnaryOpType::SILU;param={}))}'; 'memory_config': 'MemoryConfig(memory_layout=TensorMemoryLayout::INTERLEAVED;buffer_type=BufferType::DRAM;shard_spec=std::nullopt;nd_shard_spec=std::nullopt;created_with_nd_shard_spec=0)'; 'output_layout': 'Layout::TILE'; 'post_activations': '{}'; 'rhs_activations': '{}'; 'rtol': '0'; 'scalar': 'std::nullopt'; 'sub_core_grids': 'std::nullopt'; 'sub_device_id': 'std::nullopt'; 'subtile_broadcast_type': 'SubtileBroadcastType::NONE'; 'worker_grid': '{[0-0 - 10-9]}'},HiFi4,110,110,,,15216364987,15216366750,1763,8182436775049,8182436889162,575,575,84528,67575,67575,64234,67410,65264,1113,67575,63733,66656,67166,66510,,,,,,1[1],256[256],32[32],512[512],TILE,BFLOAT16,DEV_1_DRAM_INTERLEAVED,1[1],256[256],32[32],512[512],TILE,BFLOAT16,DEV_1_DRAM_INTERLEAVED,,,,,,,,,,,,,,,,,,,,,,1[1],256[256],32[32],512[512],TILE,BFLOAT16,DEV_1_DRAM_INTERLEAVED,,,,,,,,,,['ttnn/cpp/ttnn/operations/eltwise/binary_ng/device/kernels/compute/eltwise_binary_sfpu_no_bcast.cpp'],['eltwise_binary_sfpu_no_bcast/2570905638974325626/'],['ttnn/cpp/ttnn/operations/eltwise/binary_ng/device/kernels_ng/dataflow/writer_interleaved_no_bcast.cpp'; 'ttnn/cpp/ttnn/operations/eltwise/binary_ng/device/kernels_ng/dataflow/reader_interleaved_no_bcast.cpp'],['writer_interleaved_no_bcast/7081240779944180784/'; 'reader_interleaved_no_bcast/1795424117984474402/'],10172879989616481542,False,1120,1644,1732,1872,1548,0,0,0,0,1,1,1,[],[],0.001,,,,,,,1763
UnaryDeviceOperation,tt_dnn_device,1350656,0,blackhole,{'bfp8_pack_precise': 'false'; 'fp32_dest_acc_en': 'false'; 'memory_config': 'MemoryConfig(memory_layout=TensorMemoryLayout::INTERLEAVED;buffer_type=BufferType::DRAM;shard_spec=std::nullopt;nd_shard_spec=std::nullopt;created_with_nd_shard_spec=0)'; 'op_chain': '{BasicUnaryWithParam<float; int; unsigned int>(base=BasicUnaryWithParam<float>(op_type=UnaryOpType::FILL;param={0}))}'; 'output_dtype': 'DataType::BFLOAT16'; 'preserve_fp32_precision': 'false'; 'sub_core_grids': 'std::nullopt'; 'worker_grid': '{[0-0 - 10-9]}'},HiFi4,110,110,,,15216406175,15216407197,1022,8182436886305,8182437124183,457,457,176206,173635,173635,105523,173601,124717,1189,173635,173172,173220,173253,172907,,,,,,1[1],1[1],32[5],256[256],TILE,BFLOAT16,DEV_1_DRAM_INTERLEAVED,,,,,,,,,,,,,,,,,,,,,,,,,,,,,1[1],1[1],32[5],256[256],TILE,BFLOAT16,DEV_1_DRAM_INTERLEAVED,,,,,,,,,,['ttnn/cpp/ttnn/operations/eltwise/unary/device/kernels/compute/eltwise_sfpu.cpp'],['eltwise_sfpu/12506688406190514772/'],['ttnn/cpp/ttnn/operations/eltwise/unary/device/kernels/dataflow/writer_unary.cpp'; 'ttnn/cpp/ttnn/operations/eltwise/unary/device/kernels/dataflow/reader_unary.cpp'],['writer_unary/6246602044898506846/'; 'reader_unary/9319234562251151454/'],17376454958624202605,False,1000,924,1060,856,1260,0,0,0,0,1,1,1,[],[],0.001,,,,,,,1022
SparseMatmulDeviceOperation,tt_dnn_device,1351680,0,blackhole,{'compute_kernel_config': 'ComputeKernelConfig(math_fidelity=LoFi;math_approx_mode=0;fp32_dest_acc_en=0;packer_l1_acc=1;dst_full_sync_en=0;throttle_level=ThrottleLevel::NO_THROTTLE)'; 'global_cb': 'std::nullopt'; 'is_input_a_sparse': 'true'; 'is_input_b_sparse': 'true'; 'nnz': '256'; 'output_dtype': 'DataType::BFLOAT16'; 'output_mem_config': 'MemoryConfig(memory_layout=TensorMemoryLayout::INTERLEAVED;buffer_type=BufferType::DRAM;shard_spec=std::nullopt;nd_shard_spec=std::nullopt;created_with_nd_shard_spec=0)'; 'output_tile': 'Tile(tile_shape={32; 32};face_shape={16; 16};num_faces=4)'; 'program_config': 'MatmulMultiCoreReuseMultiCast1DProgramConfig(compute_with_storage_grid_size=8-8;in0_block_w=1;out_subblock_h=1;out_subblock_w=1;out_block_h=1;out_block_w=1;per_core_M=1;per_core_N=1;fuse_batch=0;fused_activation=std::nullopt;mcast_in0=1;gather_in0=0;hop_cores={};num_global_cb_receivers=1;untilize_out=0;allowed_worker_cores={[0-0 - 7-7]})'; 'sub_device_id': 'std::nullopt'; 'user_core_coord': 'std::nullopt'},LoFi,64,110,,,15216424701,15216426023,1322,8182437036520,8182443128779,596,596,4512784,4447235,4447235,4446185,4447171,4446651,163,4445919,4447235,4446040,4446002,4446045,,,,,,1[1],256[256],32[32],512[512],TILE,BFLOAT16,DEV_1_DRAM_INTERLEAVED,1[1],256[256],512[512],2048[2048],TILE,BFLOAT16,DEV_1_DRAM_INTERLEAVED,1[1],1[1],1[1],256[256],ROW_MAJOR,BFLOAT16,DEV_1_DRAM_INTERLEAVED,,,,,,,,,,,,,,,1[1],256[256],32[32],2048[2048],TILE,BFLOAT16,DEV_1_DRAM_INTERLEAVED,,,,,,,,,,['ttnn/cpp/ttnn/operations/matmul/device/kernels/compute/bmm_large_block_zm_fused_bias_activation.cpp'],['bmm_large_block_zm_fused_bias_activation/14186767469597503309/'],['ttnn/cpp/ttnn/operations/matmul/device/kernels/dataflow/reader_bmm_tile_layout_in1_sender_writer_padding.cpp'; 'ttnn/cpp/ttnn/operations/matmul/device/kernels/dataflow/reader_bmm_tile_layout_in0_receiver.cpp'; 'ttnn/cpp/ttnn/operations/matmul/device/kernels/dataflow/reader_bmm_tile_layout_in0_sender_padding.cpp'],['reader_bmm_tile_layout_in1_sender_writer_padding/47764641515383731/'; 'reader_bmm_tile_layout_in0_receiver/12792101653130842421/'; 'reader_bmm_tile_layout_in0_sender_padding/8481222865693310522/'],14123314916897908612,False,1364,1788,2112,1920,2356,0,0,0,0,976562,1,976562,[8.58993911743164; 549.756103515625; 0.0005242882762104273],[34.35975646972656],0.0,,,,,,,1322
PermuteDeviceOperation,tt_dnn_device,1352704,0,blackhole,{'dims': '{0; 3; 2; 1}'; 'output_mem_config': 'MemoryConfig(memory_layout=TensorMemoryLayout::INTERLEAVED;buffer_type=BufferType::DRAM;shard_spec=std::nullopt;nd_shard_spec=std::nullopt;created_with_nd_shard_spec=0)'; 'pad_value': '0'},HiFi4,110,110,,,15216466340,15216467963,1623,8182437126030,8182443144943,470,471,4458454,11524,11524,7279,11415,9127,1199,11521,8904,9095,9036,9339,,,,,,1[1],1[1],32[32],256[256],TILE,BFLOAT16,DEV_1_DRAM_INTERLEAVED,,,,,,,,,,,,,,,,,,,,,,,,,,,,,1[1],256[256],32[32],32[1],TILE,BFLOAT16,DEV_1_DRAM_INTERLEAVED,,,,,,,,,,['ttnn/cpp/ttnn/operations/data_movement/permute/device/kernels/compute/transpose_xw_tiled.cpp'],['transpose_xw_tiled/11436384947864653013/'],['ttnn/cpp/ttnn/operations/data_movement/permute/device/kernels/dataflow/writer_permute_interleaved_tiled_generic.cpp'; 'ttnn/cpp/ttnn/operations/data_movement/permute/device/kernels/dataflow/reader_permute_interleaved_tiled_generic.cpp'],['writer_permute_interleaved_tiled_generic/2584981475456551779/'; 'reader_permute_interleaved_tiled_generic/10460935156636828751/'],16584018896768862404,False,1056,1132,1732,1176,3056,0,0,0,0,2059,2059,953,[7.957260608673096],[254.63233947753906],17.867,,,,,,,1623
BinaryNgDeviceOperation,tt_dnn_device,1353728,0,blackhole,{'atol': '0'; 'binary_op_type': 'BinaryOpType::MUL'; 'compute_kernel_config': 'std::nullopt'; 'dtype': 'DataType::BFLOAT16'; 'equal_nan': 'false'; 'input_dtype': 'DataType::BFLOAT16'; 'input_layout_a': 'Layout::TILE'; 'input_layout_b': 'Layout::TILE'; 'is_quant_op': 'false'; 'is_sfpu': 'true'; 'is_where_op': 'false'; 'lhs_activations': '{}'; 'memory_config': 'MemoryConfig(memory_layout=TensorMemoryLayout::INTERLEAVED;buffer_type=BufferType::DRAM;shard_spec=std::nullopt;nd_shard_spec=std::nullopt;created_with_nd_shard_spec=0)'; 'output_layout': 'Layout::TILE'; 'post_activations': '{}'; 'rhs_activations': '{}'; 'rtol': '0'; 'scalar': 'std::nullopt'; 'sub_core_grids': 'std::nullopt'; 'sub_device_id': 'std::nullopt'; 'subtile_broadcast_type': 'SubtileBroadcastType::COL_B'; 'worker_grid': '{[0-0 - 10-9]}'},HiFi4,110,110,,,15216521946,15216523569,1623,8182443141043,8182443400282,510,510,192029,188627,188627,115334,188596,135508,1196,188627,186940,187171,188224,187641,,,,,,1[1],32[32],64[64],128[128],TILE,BFLOAT16,DEV_1_DRAM_INTERLEAVED,1[1],32[32],64[64],32[1],TILE,BFLOAT16,DEV_1_DRAM_INTERLEAVED,,,,,,,,,,,,,,,,,,,,,,1[1],32[32],64[64],128[128],TILE,BFLOAT16,DEV_1_DRAM_INTERLEAVED,,,,,,,,,,['ttnn/cpp/ttnn/operations/eltwise/binary_ng/device/kernels_ng/compute/eltwise_binary_sfpu_col_bcast.cpp'],['eltwise_binary_sfpu_col_bcast/359683269504911652/'],['ttnn/cpp/ttnn/operations/eltwise/binary_ng/device/kernels_ng/dataflow/writer_interleaved_no_bcast.cpp'; 'ttnn/cpp/ttnn/operations/eltwise/binary_ng/device/kernels_ng/dataflow/reader_interleaved_col_bcast.cpp'],['writer_interleaved_no_bcast/3481911658023912021/'; 'reader_interleaved_col_bcast/10829611322399720491/'],709454548278692269,False,1120,1616,3516,2544,4560,0,0,0,0,1,1,1,[],[],0.001,,,,,,,1623
FastReduceNCDeviceOperation,tt_dnn_device,1354752,0,blackhole,{'compute_kernel_config': 'ComputeKernelConfig(math_fidelity=HiFi4;math_approx_mode=1;fp32_dest_acc_en=0;packer_l1_acc=0;dst_full_sync_en=0;throttle_level=ThrottleLevel::NO_THROTTLE)'; 'dim': '1'; 'output_dtype': 'std::nullopt'; 'output_mem_config': 'MemoryConfig(memory_layout=TensorMemoryLayout::INTERLEAVED;buffer_type=BufferType::DRAM;shard_spec=std::nullopt;nd_shard_spec=std::nullopt;created_with_nd_shard_spec=0)'; 'sub_core_grids': 'std::nullopt'},HiFi4,64,110,,,15216551983,15216553716,1733,8182443302936,8182443525306,571,571,164719,92036,92036,32541,91990,66735,176,92036,91519,91659,91010,557,,,,,,1[1],256[256],32[32],2048[2048],TILE,BFLOAT16,DEV_1_DRAM_INTERLEAVED,,,,,,,,,,,,,,,,,,,,,,,,,,,,,1[1],1[1],32[32],2048[2048],TILE,BFLOAT16,DEV_1_DRAM_INTERLEAVED,,,,,,,,,,['ttnn/cpp/ttnn/operations/experimental/reduction/fast_reduce_nc/device/kernels/reduce_nc.cpp'],['reduce_nc/5542985971790442872/'],['ttnn/cpp/ttnn/operations/experimental/reduction/fast_reduce_nc/device/kernels/writer_reduce_nc.cpp'; 'ttnn/cpp/ttnn/operations/experimental/reduction/fast_reduce_nc/device/kernels/reader_reduce_nc.cpp'],['writer_reduce_nc/16869445358755922914/'; 'reader_reduce_nc/16172023939345953809/'],9542337784813695293,False,644,1148,1388,916,1824,0,0,0,0,1,1,1,[],[],0.001,,,,,,,1733
MatmulDeviceOperation,tt_dnn_device,1355776,0,blackhole,{'bcast_batch': 'true'; 'compute_kernel_config': 'ComputeKernelConfig(math_fidelity=HiFi2;math_approx_mode=0;fp32_dest_acc_en=0;packer_l1_acc=1;dst_full_sync_en=0;throttle_level=ThrottleLevel::NO_THROTTLE)'; 'global_cb': 'std::nullopt'; 'output_dtype': 'DataType::BFLOAT16'; 'output_mem_config': 'MemoryConfig(memory_layout=TensorMemoryLayout::INTERLEAVED;buffer_type=BufferType::DRAM;shard_spec=std::nullopt;nd_shard_spec=std::nullopt;created_with_nd_shard_spec=0)'; 'output_tile': 'Tile(tile_shape={32; 32};face_shape={16; 16};num_faces=4)'; 'program_config': 'MatmulMultiCoreReuseMultiCast1DProgramConfig(compute_with_storage_grid_size=11-10;in0_block_w=2;out_subblock_h=1;out_subblock_w=1;out_block_h=1;out_block_w=1;per_core_M=1;per_core_N=1;fuse_batch=0;fused_activation=std::nullopt;mcast_in0=1;gather_in0=0;hop_cores={};num_global_cb_receivers=0;untilize_out=0;allowed_worker_cores={[0-0 - 10-9]})'; 'sub_device_id': 'std::nullopt'; 'transpose_a': 'false'; 'transpose_b': 'false'; 'untilize_out': 'false'; 'user_core_coord': 'std::nullopt'; 'user_fused_activation': 'std::nullopt'; 'user_run_batched': 'false'},HiFi2,32,110,,,15216586890,15216588643,1753,8182443446502,8182443567446,499,499,89588,30709,30709,29547,30629,30341,1227,30709,29730,29942,29873,29997,,,,,,1[1],1[1],32[32],2048[2048],TILE,BFLOAT16,DEV_3_DRAM_INTERLEAVED,1[1],1[1],2048[2048],1024[1024],TILE,BFLOAT16,DEV_3_DRAM_INTERLEAVED,,,,,,,,,,,,,,,,,,,,,,1[1],1[1],32[32],1024[1024],TILE,BFLOAT16,DEV_3_DRAM_INTERLEAVED,,,,,,,,,,['ttnn/cpp/ttnn/operations/matmul/device/kernels/compute/bmm_large_block_zm_fused_bias_activation.cpp'],['bmm_large_block_zm_fused_bias_activation/15449771908138292420/'],['ttnn/cpp/ttnn/operations/matmul/device/kernels/dataflow/reader_bmm_tile_layout_in1_sender_writer_padding.cpp'; 'ttnn/cpp/ttnn/operations/matmul/device/kernels/dataflow/reader_bmm_tile_layout_in0_receiver.cpp'; 'ttnn/cpp/ttnn/operations/matmul/device/kernels/dataflow/reader_bmm_tile_layout_in0_sender_padding.cpp'],['reader_bmm_tile_layout_in1_sender_writer_padding/610364429750637558/'; 'reader_bmm_tile_layout_in0_receiver/10087828860073732893/'; 'reader_bmm_tile_layout_in0_sender_padding/12153754633087166729/'],9496426775526115405,False,1556,1084,1992,1796,2344,0,0,0,0,7629,442,7629,[17.180757522583008; 549.7842407226562],[8.590378761291504],1.439,,,,,,,1753
SliceDeviceOperation,tt_dnn_device,1356800,0,blackhole,{'num_devices': 'std::nullopt'; 'output_mem_config': 'MemoryConfig(memory_layout=TensorMemoryLayout::INTERLEAVED;buffer_type=BufferType::DRAM;shard_spec=std::nullopt;nd_shard_spec=std::nullopt;created_with_nd_shard_spec=0)'; 'slice_dim': 'std::nullopt'; 'slice_end': 'Shape([1; 1; 32; 512])'; 'slice_start': 'Shape([0; 0; 0; 0])'; 'step': 'Shape([1; 1; 1; 1])'; 'sub_core_grids': 'std::nullopt'; 'use_tensor_args': 'false'},,16,110,,,15216615825,15216617067,1242,8182443527129,8182443570484,652,652,32115,1613,1613,666,855,763,986,1612,1348,,,,,,,,,1[1],1[1],32[32],1024[1024],TILE,BFLOAT16,DEV_3_DRAM_INTERLEAVED,,,,,,,,,,,,,,,,,,,,,,,,,,,,,1[1],1[1],32[32],512[512],TILE,BFLOAT16,DEV_3_DRAM_INTERLEAVED,,,,,,,,,,[],[],['ttnn/cpp/ttnn/operations/data_movement/slice/device/kernels/dataflow/writer_unary_interleaved_start_id.cpp'; 'ttnn/cpp/ttnn/operations/data_movement/slice/device/kernels/dataflow/reader_unary_unpad_dims_interleaved_start_id.cpp'],['writer_unary_interleaved_start_id/11530349946087713856/'; 'reader_unary_unpad_dims_interleaved_start_id/13110477452652912536/'],6633454810996503359,False,680,716,0,0,0,0,0,0,0,503,503,119,[130.29025268554688],[65.14512634277344],31.184,,,,,,,1242
SliceDeviceOperation,tt_dnn_device,1357824,0,blackhole,{'num_devices': 'std::nullopt'; 'output_mem_config': 'MemoryConfig(memory_layout=TensorMemoryLayout::INTERLEAVED;buffer_type=BufferType::DRAM;shard_spec=std::nullopt;nd_shard_spec=std::nullopt;created_with_nd_shard_spec=0)'; 'slice_dim': 'std::nullopt'; 'slice_end': 'Shape([1; 1; 32; 1024])'; 'slice_start': 'Shape([0; 0; 0; 512])'; 'step': 'Shape([1; 1; 1; 1])'; 'sub_core_grids': 'std::nullopt'; 'use_tensor_args': 'false'},,16,110,,,15216637776,15216638899,1123,8182443570729,8182443573692,620,620,2195,1753,1753,661,862,738,954,1670,1482,,,,,,,,,1[1],1[1],32[32],1024[1024],TILE,BFLOAT16,DEV_3_DRAM_INTERLEAVED,,,,,,,,,,,,,,,,,,,,,,,,,,,,,1[1],1[1],32[32],512[512],TILE,BFLOAT16,DEV_3_DRAM_INTERLEAVED,,,,,,,,,,[],[],['ttnn/cpp/ttnn/operations/data_movement/slice/device/kernels/dataflow/writer_unary_interleaved_start_id.cpp'; 'ttnn/cpp/ttnn/operations/data_movement/slice/device/kernels/dataflow/reader_unary_unpad_dims_interleaved_start_id.cpp'],['writer_unary_interleaved_start_id/11530349946087713856/'; 'reader_unary_unpad_dims_interleaved_start_id/13110477452652912536/'],557645497832444680,False,680,716,0,0,0,0,0,0,0,503,503,119,[130.29025268554688],[65.14512634277344],28.694,,,,,,,1123
BinaryNgDeviceOperation,tt_dnn_device,1358848,0,blackhole,{'atol': '0'; 'binary_op_type': 'BinaryOpType::MUL'; 'compute_kernel_config': 'std::nullopt'; 'dtype': 'DataType::BFLOAT16'; 'equal_nan': 'false'; 'input_dtype': 'DataType::BFLOAT16'; 'input_layout_a': 'Layout::TILE'; 'input_layout_b': 'Layout::TILE'; 'is_quant_op': 'false'; 'is_sfpu': 'true'; 'is_where_op': 'false'; 'lhs_activations': '{BasicUnaryWithParam<float; int; unsigned int>(base=BasicUnaryWithParam<float>(op_type=UnaryOpType::SILU;param={}))}'; 'memory_config': 'MemoryConfig(memory_layout=TensorMemoryLayout::INTERLEAVED;buffer_type=BufferType::DRAM;shard_spec=std::nullopt;nd_shard_spec=std::nullopt;created_with_nd_shard_spec=0)'; 'output_layout': 'Layout::TILE'; 'post_activations': '{}'; 'rhs_activations': '{}'; 'rtol': '0'; 'scalar': 'std::nullopt'; 'sub_core_grids': 'std::nullopt'; 'sub_device_id': 'std::nullopt'; 'subtile_broadcast_type': 'SubtileBroadcastType::NONE'; 'worker_grid': '{[0-0 - 10-9]}'},HiFi4,110,110,,,15216681530,15216682562,1032,8182443572094,8182443579714,453,454,5644,4009,4007,161,2955,584,1204,3998,1903,3058,3573,2869,,,,,,1[1],256[256],32[32],512[512],TILE,BFLOAT16,DEV_1_DRAM_INTERLEAVED,1[1],256[256],32[32],512[512],TILE,BFLOAT16,DEV_1_DRAM_INTERLEAVED,,,,,,,,,,,,,,,,,,,,,,1[1],256[256],32[32],512[512],TILE,BFLOAT16,DEV_1_DRAM_INTERLEAVED,,,,,,,,,,['ttnn/cpp/ttnn/operations/eltwise/binary_ng/device/kernels/compute/eltwise_binary_sfpu_no_bcast.cpp'],['eltwise_binary_sfpu_no_bcast/2570905638974325626/'],['ttnn/cpp/ttnn/operations/eltwise/binary_ng/device/kernels_ng/dataflow/writer_interleaved_no_bcast.cpp'; 'ttnn/cpp/ttnn/operations/eltwise/binary_ng/device/kernels_ng/dataflow/reader_interleaved_no_bcast.cpp'],['writer_interleaved_no_bcast/7081240779944180784/'; 'reader_interleaved_no_bcast/1795424117984474402/'],10172879989616481542,False,1120,1644,1732,1872,1548,0,0,0,0,1,1,1,[],[],0.025,,,,,,,1032
MatmulDeviceOperation,tt_dnn_device,1359872,0,blackhole,{'bcast_batch': 'true'; 'compute_kernel_config': 'ComputeKernelConfig(math_fidelity=HiFi2;math_approx_mode=0;fp32_dest_acc_en=0;packer_l1_acc=1;dst_full_sync_en=0;throttle_level=ThrottleLevel::NO_THROTTLE)'; 'global_cb': 'std::nullopt'; 'output_dtype': 'DataType::BFLOAT16'; 'output_mem_config': 'MemoryConfig(memory_layout=TensorMemoryLayout::INTERLEAVED;buffer_type=BufferType::DRAM;shard_spec=std::nullopt;nd_shard_spec=std::nullopt;created_with_nd_shard_spec=0)'; 'output_tile': 'Tile(tile_shape={32; 32};face_shape={16; 16};num_faces=4)'; 'program_config': 'MatmulMultiCoreReuseMultiCast1DProgramConfig(compute_with_storage_grid_size=11-10;in0_block_w=2;out_subblock_h=1;out_subblock_w=1;out_block_h=1;out_block_w=1;per_core_M=1;per_core_N=1;fuse_batch=0;fused_activation=std::nullopt;mcast_in0=1;gather_in0=0;hop_cores={};num_global_cb_receivers=0;untilize_out=0;allowed_worker_cores={[0-0 - 10-9]})'; 'sub_device_id': 'std::nullopt'; 'transpose_a': 'false'; 'transpose_b': 'false'; 'untilize_out': 'false'; 'user_core_coord': 'std::nullopt'; 'user_fused_activation': 'std::nullopt'; 'user_run_batched': 'false'},HiFi2,64,110,,,15216705345,15216706457,1112,8182443576112,8182443595223,451,451,14156,11029,11029,9627,10890,10453,1238,11028,9748,9933,9870,9981,,,,,,1[1],1[1],32[32],512[512],TILE,BFLOAT16,DEV_3_DRAM_INTERLEAVED,1[1],1[1],512[512],2048[2048],TILE,BFLOAT16,DEV_3_DRAM_INTERLEAVED,,,,,,,,,,,,,,,,,,,,,,1[1],1[1],32[32],2048[2048],TILE,BFLOAT16,DEV_3_DRAM_INTERLEAVED,,,,,,,,,,['ttnn/cpp/ttnn/operations/matmul/device/kernels/compute/bmm_large_block_zm_fused_bias_activation.cpp'],['bmm_large_block_zm_fused_bias_activation/3342488160043802935/'],['ttnn/cpp/ttnn/operations/matmul/device/kernels/dataflow/reader_bmm_tile_layout_in1_sender_writer_padding.cpp'; 'ttnn/cpp/ttnn/operations/matmul/device/kernels/dataflow/reader_bmm_tile_layout_in0_receiver.cpp'; 'ttnn/cpp/ttnn/operations/matmul/device/kernels/dataflow/reader_bmm_tile_layout_in0_sender_padding.cpp'],['reader_bmm_tile_layout_in1_sender_writer_padding/12272261127085402003/'; 'reader_bmm_tile_layout_in0_receiver/5083361602296253435/'; 'reader_bmm_tile_layout_in0_sender_padding/3801788738121434298/'],5879045882316873883,False,1572,1056,1988,1796,2328,0,0,0,0,3814,221,3814,[8.59150505065918; 549.8563232421875],[34.36602020263672],2.004,,,,,,,1112
MatmulDeviceOperation,tt_dnn_device,1360896,0,blackhole,{'bcast_batch': 'true'; 'compute_kernel_config': 'ComputeKernelConfig(math_fidelity=HiFi2;math_approx_mode=0;fp32_dest_acc_en=0;packer_l1_acc=1;dst_full_sync_en=0;throttle_level=ThrottleLevel::NO_THROTTLE)'; 'global_cb': 'std::nullopt'; 'output_dtype': 'DataType::BFLOAT16'; 'output_mem_config': 'MemoryConfig(memory_layout=TensorMemoryLayout::INTERLEAVED;buffer_type=BufferType::DRAM;shard_spec=std::nullopt;nd_shard_spec=std::nullopt;created_with_nd_shard_spec=0)'; 'output_tile': 'Tile(tile_shape={32; 32};face_shape={16; 16};num_faces=4)'; 'program_config': 'MatmulMultiCoreReuseMultiCast1DProgramConfig(compute_with_storage_grid_size=11-10;in0_block_w=2;out_subblock_h=1;out_subblock_w=1;out_block_h=1;out_block_w=1;per_core_M=1;per_core_N=1;fuse_batch=0;fused_activation=std::nullopt;mcast_in0=0;gather_in0=0;hop_cores={};num_global_cb_receivers=0;untilize_out=0;allowed_worker_cores={[0-0 - 10-9]})'; 'sub_device_id': 'std::nullopt'; 'transpose_a': 'false'; 'transpose_b': 'false'; 'untilize_out': 'false'; 'user_core_coord': 'std::nullopt'; 'user_fused_activation': 'std::nullopt'; 'user_run_batched': 'false'},HiFi2,1,110,,,15216725073,15216725904,831,8182443595578,8182443617192,696,817,16010,15575,15454,15575,15575,15575,197,15378,14695,14964,15029,15001,,,,,,1[1],1[1],32[32],2048[2048],TILE,BFLOAT16,DEV_3_DRAM_INTERLEAVED,1[1],1[1],2048[2048],32[1],TILE,BFLOAT16,DEV_3_DRAM_INTERLEAVED,,,,,,,,,,,,,,,,,,,,,,1[1],1[1],32[32],32[1],TILE,BFLOAT16,DEV_3_DRAM_INTERLEAVED,,,,,,,,,,['ttnn/cpp/ttnn/operations/matmul/device/kernels/compute/bmm_large_block_zm_fused_bias_activation.cpp'],['bmm_large_block_zm_fused_bias_activation/15449771908138292420/'],['ttnn/cpp/ttnn/operations/matmul/device/kernels/dataflow/reader_bmm_tile_layout_in1_sender_writer_padding.cpp'; 'ttnn/cpp/ttnn/operations/matmul/device/kernels/dataflow/reader_bmm_tile_layout_in0_sender_padding.cpp'],['reader_bmm_tile_layout_in1_sender_writer_padding/530871268089087768/'; 'reader_bmm_tile_layout_in0_sender_padding/9203815028109050481/'],1387333462344119514,False,1604,728,1992,1796,2344,0,0,0,0,238,1,238,[550.7227172851562; 550.7227172851562],[8.605042457580566],0.006,,,,,,,831
BinaryNgDeviceOperation,tt_dnn_device,1361920,0,blackhole,{'atol': '0'; 'binary_op_type': 'BinaryOpType::MUL'; 'compute_kernel_config': 'std::nullopt'; 'dtype': 'DataType::BFLOAT16'; 'equal_nan': 'false'; 'input_dtype': 'DataType::BFLOAT16'; 'input_layout_a': 'Layout::TILE'; 'input_layout_b': 'Layout::TILE'; 'is_quant_op': 'false'; 'is_sfpu': 'true'; 'is_where_op': 'false'; 'lhs_activations': '{}'; 'memory_config': 'MemoryConfig(memory_layout=TensorMemoryLayout::INTERLEAVED;buffer_type=BufferType::DRAM;shard_spec=std::nullopt;nd_shard_spec=std::nullopt;created_with_nd_shard_spec=0)'; 'output_layout': 'Layout::TILE'; 'post_activations': '{}'; 'rhs_activations': '{BasicUnaryWithParam<float; int; unsigned int>(base=BasicUnaryWithParam<float>(op_type=UnaryOpType::SIGMOID;param={}))}'; 'rtol': '0'; 'scalar': 'std::nullopt'; 'sub_core_grids': 'std::nullopt'; 'sub_device_id': 'std::nullopt'; 'subtile_broadcast_type': 'SubtileBroadcastType::COL_B'; 'worker_grid': '{[0-0 - 10-9]}'},HiFi4,110,110,,,15216775208,15216777292,2084,8182443596936,8182443625215,527,527,20947,5424,5424,88,5170,2446,1170,5421,3467,4531,5019,4323,,,,,,1[1],32[32],64[64],128[128],TILE,BFLOAT16,DEV_1_DRAM_INTERLEAVED,1[1],32[32],64[64],32[1],TILE,BFLOAT16,DEV_1_DRAM_INTERLEAVED,,,,,,,,,,,,,,,,,,,,,,1[1],32[32],64[64],128[128],TILE,BFLOAT16,DEV_1_DRAM_INTERLEAVED,,,,,,,,,,['ttnn/cpp/ttnn/operations/eltwise/binary_ng/device/kernels_ng/compute/eltwise_binary_sfpu_col_bcast.cpp'],['eltwise_binary_sfpu_col_bcast/1025522845406978689/'],['ttnn/cpp/ttnn/operations/eltwise/binary_ng/device/kernels_ng/dataflow/writer_interleaved_no_bcast.cpp'; 'ttnn/cpp/ttnn/operations/eltwise/binary_ng/device/kernels_ng/dataflow/reader_interleaved_col_bcast.cpp'],['writer_interleaved_no_bcast/10753470972473932439/'; 'reader_interleaved_col_bcast/8198460021490947491/'],2667061739621640647,False,1120,1616,4400,3656,5016,0,0,0,0,1,1,1,[],[],0.018,,,,,,,2084
BinaryNgDeviceOperation,tt_dnn_device,1362944,0,blackhole,{'atol': '0'; 'binary_op_type': 'BinaryOpType::ADD'; 'compute_kernel_config': 'std::nullopt'; 'dtype': 'DataType::BFLOAT16'; 'equal_nan': 'false'; 'input_dtype': 'DataType::BFLOAT16'; 'input_layout_a': 'Layout::TILE'; 'input_layout_b': 'Layout::TILE'; 'is_quant_op': 'false'; 'is_sfpu': 'false'; 'is_where_op': 'false'; 'lhs_activations': '{}'; 'memory_config': 'MemoryConfig(memory_layout=TensorMemoryLayout::INTERLEAVED;buffer_type=BufferType::DRAM;shard_spec=std::nullopt;nd_shard_spec=std::nullopt;created_with_nd_shard_spec=0)'; 'output_layout': 'Layout::TILE'; 'post_activations': '{}'; 'rhs_activations': '{}'; 'rtol': '0'; 'scalar': 'std::nullopt'; 'sub_core_grids': 'std::nullopt'; 'sub_device_id': 'std::nullopt'; 'subtile_broadcast_type': 'SubtileBroadcastType::NONE'; 'worker_grid': '{[0-0 - 10-9]}'},HiFi4,110,110,,,15216815244,15216816036,792,8182443619621,8182443628985,518,518,6936,2270,2270,173,1579,841,1125,2259,1848,1856,1090,1306,,,,,,1[1],1[1],32[5],8192[8192],TILE,BFLOAT16,DEV_1_DRAM_INTERLEAVED,1[1],1[1],32[5],8192[8192],TILE,BFLOAT16,DEV_1_DRAM_INTERLEAVED,,,,,,,,,,,,,,,,,,,,,,1[1],1[1],32[5],8192[8192],TILE,BFLOAT16,DEV_1_DRAM_INTERLEAVED,,,,,,,,,,['ttnn/cpp/ttnn/operations/eltwise/binary_ng/device/kernels/compute/eltwise_binary_no_bcast.cpp'],['eltwise_binary_no_bcast/11044188692310955620/'],['ttnn/cpp/ttnn/operations/eltwise/binary_ng/device/kernels_ng/dataflow/writer_interleaved_no_bcast.cpp'; 'ttnn/cpp/ttnn/operations/eltwise/binary_ng/device/kernels_ng/dataflow/reader_interleaved_no_bcast.cpp'],['writer_interleaved_no_bcast/700447112369645/'; 'reader_interleaved_no_bcast/3229591606939616229/'],1295168523863076379,False,1120,1644,1308,768,1292,0,0,0,0,1,1,1,[],[],0.044,,,,,,,792
SliceDeviceOperation,tt_dnn_device,1363968,0,blackhole,{'num_devices': 'std::nullopt'; 'output_mem_config': 'MemoryConfig(memory_layout=TensorMemoryLayout::INTERLEAVED;buffer_type=BufferType::DRAM;shard_spec=std::nullopt;nd_shard_spec=std::nullopt;created_with_nd_shard_spec=0)'; 'slice_dim': 'std::nullopt'; 'slice_end': 'Shape([1; 1; 64; 2048])'; 'slice_start': 'Shape([0; 0; 32; 0])'; 'step': 'Shape([1; 1; 1; 1])'; 'sub_core_grids': 'std::nullopt'; 'use_tensor_args': 'false'},,64,110,,,15216840603,15216841775,1172,8182443627794,8182443632135,555,555,3216,1786,1786,677,995,808,1067,1777,1521,,,,,,,,,1[1],1[1],64[33],2048[2048],TILE,BFLOAT16,DEV_3_DRAM_INTERLEAVED,,,,,,,,,,,,,,,,,,,,,,,,,,,,,1[1],1[1],32[32],2048[2048],TILE,BFLOAT16,DEV_3_DRAM_INTERLEAVED,,,,,,,,,,[],[],['ttnn/cpp/ttnn/operations/data_movement/slice/device/kernels/dataflow/writer_unary_interleaved_start_id.cpp'; 'ttnn/cpp/ttnn/operations/data_movement/slice/device/kernels/dataflow/reader_unary_unpad_dims_interleaved_start_id.cpp'],['writer_unary_interleaved_start_id/11530349946087713856/'; 'reader_unary_unpad_dims_interleaved_start_id/13110477452652912536/'],9531571288559432420,False,680,716,0,0,0,0,0,0,0,800,800,476,[327.67999267578125],[163.83999633789062],44.793,,,,,,,1172
SliceDeviceOperation,tt_dnn_device,1364992,0,blackhole,{'num_devices': 'std::nullopt'; 'output_mem_config': 'MemoryConfig(memory_layout=TensorMemoryLayout::INTERLEAVED;buffer_type=BufferType::DRAM;shard_spec=std::nullopt;nd_shard_spec=std::nullopt;created_with_nd_shard_spec=0)'; 'slice_dim': 'std::nullopt'; 'slice_end': 'Shape([1; 1; 64; 256])'; 'slice_start': 'Shape([0; 0; 32; 0])'; 'step': 'Shape([1; 1; 1; 1])'; 'sub_core_grids': 'std::nullopt'; 'use_tensor_args': 'false'},,8,110,,,15216857475,15216858527,1052,8182443632208,8182443635250,610,610,2253,1701,1701,661,988,753,973,1693,1425,,,,,,,,,1[1],1[1],64[33],256[256],TILE,BFLOAT16,DEV_3_DRAM_INTERLEAVED,,,,,,,,,,,,,,,,,,,,,,,,,,,,,1[1],1[1],32[32],256[256],TILE,BFLOAT16,DEV_3_DRAM_INTERLEAVED,,,,,,,,,,[],[],['ttnn/cpp/ttnn/operations/data_movement/slice/device/kernels/dataflow/writer_unary_interleaved_start_id.cpp'; 'ttnn/cpp/ttnn/operations/data_movement/slice/device/kernels/dataflow/reader_unary_unpad_dims_interleaved_start_id.cpp'],['writer_unary_interleaved_start_id/11530349946087713856/'; 'reader_unary_unpad_dims_interleaved_start_id/13110477452652912536/'],16716611018416038849,False,680,716,0,0,0,0,0,0,0,466,466,59,[70.31759643554688],[35.15879821777344],27.396,,,,,,,1052
UntilizeWithUnpaddingDeviceOperation,tt_dnn_device,1366016,0,blackhole,{'enough_space_height': 'true'; 'fp32_dest_acc_en': 'false'; 'output_mem_config': 'MemoryConfig(memory_layout=TensorMemoryLayout::INTERLEAVED;buffer_type=BufferType::DRAM;shard_spec=std::nullopt;nd_shard_spec=std::nullopt;created_with_nd_shard_spec=0)'; 'output_tensor_end': 'Shape([0; 0; 0; 255])'; 'sub_core_grids': 'std::nullopt'; 'use_multicore': 'true'},HiFi4,1,110,,,15216886570,15216888163,1593,8182443636635,8182443642955,1464,1550,4681,4237,4151,4237,4237,4237,187,4050,3454,3493,3662,3799,,,,,,1[1],1[1],32[1],256[256],TILE,BFLOAT16,DEV_3_DRAM_INTERLEAVED,,,,,,,,,,,,,,,,,,,,,,,,,,,,,1[1],1[1],1[1],256[256],ROW_MAJOR,BFLOAT16,DEV_3_DRAM_INTERLEAVED,,,,,,,,,,['ttnn/cpp/ttnn/operations/data_movement/untilize/device/kernels/compute/untilize.cpp'],['untilize/12074559401895986975/'],['ttnn/cpp/ttnn/operations/data_movement/untilize_with_unpadding/device/kernels/dataflow/writer_unary_stick_layout_split_rows_multicore.cpp'; 'ttnn/cpp/ttnn/operations/eltwise/unary/device/kernels/dataflow/reader_unary_interleaved_start_id.cpp'],['writer_unary_stick_layout_split_rows_multicore/10620076738422291536/'; 'reader_unary_interleaved_start_id/15122060313055887415/'],9712600495924581075,False,1564,924,1156,1152,2800,0,0,0,0,503,503,29,[32.57256317138672],[1.017892599105835],11.872,,,,,,,1593
UnaryDeviceOperation,tt_dnn_device,1367040,0,blackhole,{'bfp8_pack_precise': 'false'; 'fp32_dest_acc_en': 'false'; 'memory_config': 'MemoryConfig(memory_layout=TensorMemoryLayout::INTERLEAVED;buffer_type=BufferType::DRAM;shard_spec=std::nullopt;nd_shard_spec=std::nullopt;created_with_nd_shard_spec=0)'; 'op_chain': '{BasicUnaryWithParam<float; int; unsigned int>(base=BasicUnaryWithParam<float>(op_type=UnaryOpType::FILL;param={0}))}'; 'output_dtype': 'DataType::BFLOAT16'; 'preserve_fp32_precision': 'false'; 'sub_core_grids': 'std::nullopt'; 'worker_grid': '{[0-0 - 10-9]}'},HiFi4,110,110,,,15216940763,15216941886,1123,8182443636890,8182443761132,530,531,92031,87010,87008,52793,86970,62864,1096,87008,86568,86610,86643,86290,,,,,,1[1],1[1],32[5],256[256],TILE,BFLOAT16,DEV_1_DRAM_INTERLEAVED,,,,,,,,,,,,,,,,,,,,,,,,,,,,,1[1],1[1],32[5],256[256],TILE,BFLOAT16,DEV_1_DRAM_INTERLEAVED,,,,,,,,,,['ttnn/cpp/ttnn/operations/eltwise/unary/device/kernels/compute/eltwise_sfpu.cpp'],['eltwise_sfpu/12506688406190514772/'],['ttnn/cpp/ttnn/operations/eltwise/unary/device/kernels/dataflow/writer_unary.cpp'; 'ttnn/cpp/ttnn/operations/eltwise/unary/device/kernels/dataflow/reader_unary.cpp'],['writer_unary/6246602044898506846/'; 'reader_unary/9319234562251151454/'],17376454958624202605,False,1000,924,1060,856,1260,0,0,0,0,1,1,1,[],[],0.001,,,,,,,1123
SparseMatmulDeviceOperation,tt_dnn_device,1368064,0,blackhole,{'compute_kernel_config': 'ComputeKernelConfig(math_fidelity=LoFi;math_approx_mode=0;fp32_dest_acc_en=0;packer_l1_acc=1;dst_full_sync_en=0;throttle_level=ThrottleLevel::NO_THROTTLE)'; 'global_cb': 'std::nullopt'; 'is_input_a_sparse': 'false'; 'is_input_b_sparse': 'true'; 'nnz': 'std::nullopt'; 'output_dtype': 'DataType::BFLOAT16'; 'output_mem_config': 'MemoryConfig(memory_layout=TensorMemoryLayout::INTERLEAVED;buffer_type=BufferType::DRAM;shard_spec=std::nullopt;nd_shard_spec=std::nullopt;created_with_nd_shard_spec=0)'; 'output_tile': 'Tile(tile_shape={32; 32};face_shape={16; 16};num_faces=4)'; 'program_config': 'MatmulMultiCoreReuseMultiCast1DProgramConfig(compute_with_storage_grid_size=8-4;in0_block_w=1;out_subblock_h=1;out_subblock_w=1;out_block_h=1;out_block_w=1;per_core_M=1;per_core_N=1;fuse_batch=0;fused_activation=std::nullopt;mcast_in0=1;gather_in0=0;hop_cores={};num_global_cb_receivers=1;untilize_out=0;allowed_worker_cores={[0-0 - 7-3]})'; 'sub_device_id': 'std::nullopt'; 'user_core_coord': 'std::nullopt'},LoFi,32,110,,,15216961212,15216963146,1934,8182443719032,8182444616585,593,594,664854,633059,633059,632607,632999,632795,164,632925,633057,632864,632861,632868,,,,,,1[1],1[1],32[1],2048[2048],TILE,BFLOAT16,DEV_3_DRAM_INTERLEAVED,1[1],256[256],2048[2048],1024[1024],TILE,BFLOAT16,DEV_3_DRAM_INTERLEAVED,1[1],1[1],1[1],256[256],ROW_MAJOR,BFLOAT16,DEV_3_DRAM_INTERLEAVED,,,,,,,,,,,,,,,1[1],256[256],32[1],1024[1024],TILE,BFLOAT16,DEV_3_DRAM_INTERLEAVED,,,,,,,,,,['ttnn/cpp/ttnn/operations/matmul/device/kernels/compute/bmm_large_block_zm_fused_bias_activation.cpp'],['bmm_large_block_zm_fused_bias_activation/7342201313206952721/'],['ttnn/cpp/ttnn/operations/matmul/device/kernels/dataflow/reader_bmm_tile_layout_in1_sender_writer_padding.cpp'; 'ttnn/cpp/ttnn/operations/matmul/device/kernels/dataflow/reader_bmm_tile_layout_in0_receiver.cpp'; 'ttnn/cpp/ttnn/operations/matmul/device/kernels/dataflow/reader_bmm_tile_layout_in0_sender_padding.cpp'],['reader_bmm_tile_layout_in1_sender_writer_padding/18237106914826704815/'; 'reader_bmm_tile_layout_in0_receiver/14229559814256813234/'; 'reader_bmm_tile_layout_in0_sender_padding/6333715740357910938/'],4315006993759023444,False,1540,1776,2128,1952,2384,0,0,0,0,1953125,1,1953125,[0.06710886210203171; 549.7557983398438; 0.00026214399258606136],[8.589934349060059],0.0,,,,,,,1934
TransposeDeviceOperation,tt_dnn_device,1369088,0,blackhole,{'dim': 'TransposeOpDim::HC'; 'output_mem_config': 'MemoryConfig(memory_layout=TensorMemoryLayout::INTERLEAVED;buffer_type=BufferType::DRAM;shard_spec=std::nullopt;nd_shard_spec=std::nullopt;created_with_nd_shard_spec=0)'; 'pad_value': '0'},,110,110,,,15217002731,15217004154,1423,8182443762961,8182444683127,524,524,681604,48783,48783,44941,48246,46789,1121,48782,48458,,,,,,,,,1[1],256[256],32[1],1024[1024],TILE,BFLOAT16,DEV_3_DRAM_INTERLEAVED,,,,,,,,,,,,,,,,,,,,,,,,,,,,,1[1],1[1],256[256],1024[1024],TILE,BFLOAT16,DEV_3_DRAM_INTERLEAVED,,,,,,,,,,[],[],['ttnn/cpp/ttnn/operations/data_movement/transpose/device/kernels/dataflow/writer_unary_transpose_hc_interleaved_tiled_padding_aware.cpp'; 'ttnn/cpp/ttnn/operations/data_movement/transpose/device/kernels/dataflow/reader_unary_transpose_hc_interleaved_tiled_padding_aware.cpp'],['writer_unary_transpose_hc_interleaved_tiled_padding_aware/15048924619837900304/'; 'reader_unary_transpose_hc_interleaved_tiled_padding_aware/8682155144529532634/'],10079659845347054491,False,784,624,0,0,0,0,0,0,0,52566,52566,30517,[319.164794921875],[9.973899841308594],107.755,,,,,,,1423
SliceDeviceOperation,tt_dnn_device,1370112,0,blackhole,{'num_devices': 'std::nullopt'; 'output_mem_config': 'MemoryConfig(memory_layout=TensorMemoryLayout::INTERLEAVED;buffer_type=BufferType::DRAM;shard_spec=std::nullopt;nd_shard_spec=std::nullopt;created_with_nd_shard_spec=0)'; 'slice_dim': 'std::nullopt'; 'slice_end': 'Shape([1; 1; 256; 512])'; 'slice_start': 'Shape([0; 0; 0; 0])'; 'step': 'Shape([1; 1; 1; 1])'; 'sub_core_grids': 'std::nullopt'; 'use_tensor_args': 'false'},,110,110,,,15217039632,15217040924,1292,8182444679522,8182444686784,457,457,5379,2257,2257,660,1630,1094,1124,2256,1992,,,,,,,,,1[1],1[1],256[256],1024[1024],TILE,BFLOAT16,DEV_3_DRAM_INTERLEAVED,,,,,,,,,,,,,,,,,,,,,,,,,,,,,1[1],1[1],256[256],512[512],TILE,BFLOAT16,DEV_3_DRAM_INTERLEAVED,,,,,,,,,,[],[],['ttnn/cpp/ttnn/operations/data_movement/slice/device/kernels/dataflow/writer_unary_interleaved_start_id.cpp'; 'ttnn/cpp/ttnn/operations/data_movement/slice/device/kernels/dataflow/reader_unary_unpad_dims_interleaved_start_id.cpp'],['writer_unary_interleaved_start_id/11530349946087713856/'; 'reader_unary_unpad_dims_interleaved_start_id/13110477452652912536/'],12144486730977435136,False,680,716,0,0,0,0,0,0,0,1207,1207,953,[434.3728332519531],[217.18641662597656],53.478,,,,,,,1292
SliceDeviceOperation,tt_dnn_device,1371136,0,blackhole,{'num_devices': 'std::nullopt'; 'output_mem_config': 'MemoryConfig(memory_layout=TensorMemoryLayout::INTERLEAVED;buffer_type=BufferType::DRAM;shard_spec=std::nullopt;nd_shard_spec=std::nullopt;created_with_nd_shard_spec=0)'; 'slice_dim': 'std::nullopt'; 'slice_end': 'Shape([1; 1; 256; 1024])'; 'slice_start': 'Shape([0; 0; 0; 512])'; 'step': 'Shape([1; 1; 1; 1])'; 'sub_core_grids': 'std::nullopt'; 'use_tensor_args': 'false'},,110,110,,,15217069338,15217070210,872,8182444686168,8182444690577,473,473,3266,2334,2334,686,1439,1027,1093,2334,2059,,,,,,,,,1[1],1[1],256[256],1024[1024],TILE,BFLOAT16,DEV_3_DRAM_INTERLEAVED,,,,,,,,,,,,,,,,,,,,,,,,,,,,,1[1],1[1],256[256],512[512],TILE,BFLOAT16,DEV_3_DRAM_INTERLEAVED,,,,,,,,,,[],[],['ttnn/cpp/ttnn/operations/data_movement/slice/device/kernels/dataflow/writer_unary_interleaved_start_id.cpp'; 'ttnn/cpp/ttnn/operations/data_movement/slice/device/kernels/dataflow/reader_unary_unpad_dims_interleaved_start_id.cpp'],['writer_unary_interleaved_start_id/11530349946087713856/'; 'reader_unary_unpad_dims_interleaved_start_id/13110477452652912536/'],15032608514714693212,False,680,716,0,0,0,0,0,0,0,1207,1207,953,[434.3728332519531],[217.18641662597656],51.714,,,,,,,872
BinaryNgDeviceOperation,tt_dnn_device,1372160,0,blackhole,{'atol': '0'; 'binary_op_type': 'BinaryOpType::MUL'; 'compute_kernel_config': 'std::nullopt'; 'dtype': 'DataType::BFLOAT16'; 'equal_nan': 'false'; 'input_dtype': 'DataType::BFLOAT16'; 'input_layout_a': 'Layout::TILE'; 'input_layout_b': 'Layout::TILE'; 'is_quant_op': 'false'; 'is_sfpu': 'true'; 'is_where_op': 'false'; 'lhs_activations': '{BasicUnaryWithParam<float; int; unsigned int>(base=BasicUnaryWithParam<float>(op_type=UnaryOpType::SILU;param={}))}'; 'memory_config': 'MemoryConfig(memory_layout=TensorMemoryLayout::INTERLEAVED;buffer_type=BufferType::DRAM;shard_spec=std::nullopt;nd_shard_spec=std::nullopt;created_with_nd_shard_spec=0)'; 'output_layout': 'Layout::TILE'; 'post_activations': '{}'; 'rhs_activations': '{}'; 'rtol': '0'; 'scalar': 'std::nullopt'; 'sub_core_grids': 'std::nullopt'; 'sub_device_id': 'std::nullopt'; 'subtile_broadcast_type': 'SubtileBroadcastType::NONE'; 'worker_grid': '{[0-0 - 10-9]}'},HiFi4,110,110,,,15217112490,15217113723,1233,8182444689872,8182444698697,467,467,6537,5548,5548,2764,5407,3518,1203,5548,2209,4600,5110,4440,,,,,,1[1],256[256],32[32],512[512],TILE,BFLOAT16,DEV_1_DRAM_INTERLEAVED,1[1],256[256],32[32],512[512],TILE,BFLOAT16,DEV_1_DRAM_INTERLEAVED,,,,,,,,,,,,,,,,,,,,,,1[1],256[256],32[32],512[512],TILE,BFLOAT16,DEV_1_DRAM_INTERLEAVED,,,,,,,,,,['ttnn/cpp/ttnn/operations/eltwise/binary_ng/device/kernels/compute/eltwise_binary_sfpu_no_bcast.cpp'],['eltwise_binary_sfpu_no_bcast/2570905638974325626/'],['ttnn/cpp/ttnn/operations/eltwise/binary_ng/device/kernels_ng/dataflow/writer_interleaved_no_bcast.cpp'; 'ttnn/cpp/ttnn/operations/eltwise/binary_ng/device/kernels_ng/dataflow/reader_interleaved_no_bcast.cpp'],['writer_interleaved_no_bcast/7081240779944180784/'; 'reader_interleaved_no_bcast/1795424117984474402/'],10172879989616481542,False,1120,1644,1732,1872,1548,0,0,0,0,1,1,1,[],[],0.018,,,,,,,1233
TransposeDeviceOperation,tt_dnn_device,1373184,0,blackhole,{'dim': 'TransposeOpDim::HC'; 'output_mem_config': 'MemoryConfig(memory_layout=TensorMemoryLayout::INTERLEAVED;buffer_type=BufferType::DRAM;shard_spec=std::nullopt;nd_shard_spec=std::nullopt;created_with_nd_shard_spec=0)'; 'pad_value': '0'},,110,110,,,15217150493,15217151314,821,8182444696481,8182444746125,597,597,36773,34529,34529,8246,34483,21398,1070,34529,3482,,,,,,,,,1[1],1[1],256[256],512[512],TILE,BFLOAT16,DEV_3_DRAM_INTERLEAVED,,,,,,,,,,,,,,,,,,,,,,,,,,,,,1[1],256[256],32[1],512[512],TILE,BFLOAT16,DEV_3_DRAM_INTERLEAVED,,,,,,,,,,[],[],['ttnn/cpp/ttnn/operations/data_movement/transpose/device/kernels/dataflow/writer_unary_transpose_hc_interleaved_tiled_padding_aware.cpp'; 'ttnn/cpp/ttnn/operations/data_movement/transpose/device/kernels/dataflow/reader_unary_transpose_hc_interleaved_tiled_padding_aware.cpp'],['writer_unary_transpose_hc_interleaved_tiled_padding_aware/16598719874120865914/'; 'reader_unary_transpose_hc_interleaved_tiled_padding_aware/9638609323845512079/'],5708757095552559957,False,1240,740,0,0,0,0,0,0,0,26498,26498,15258,[9.892972946166992],[316.57513427734375],76.741,,,,,,,821
UnaryDeviceOperation,tt_dnn_device,1374208,0,blackhole,{'bfp8_pack_precise': 'false'; 'fp32_dest_acc_en': 'false'; 'memory_config': 'MemoryConfig(memory_layout=TensorMemoryLayout::INTERLEAVED;buffer_type=BufferType::DRAM;shard_spec=std::nullopt;nd_shard_spec=std::nullopt;created_with_nd_shard_spec=0)'; 'op_chain': '{BasicUnaryWithParam<float; int; unsigned int>(base=BasicUnaryWithParam<float>(op_type=UnaryOpType::FILL;param={0}))}'; 'output_dtype': 'DataType::BFLOAT16'; 'preserve_fp32_precision': 'false'; 'sub_core_grids': 'std::nullopt'; 'worker_grid': '{[0-0 - 10-9]}'},HiFi4,110,110,,,15217188966,15217189958,992,8182444712270,8182444985988,570,570,202754,177111,177111,110815,177072,127694,1119,177110,176670,176695,176730,176381,,,,,,1[1],1[1],32[5],256[256],TILE,BFLOAT16,DEV_1_DRAM_INTERLEAVED,,,,,,,,,,,,,,,,,,,,,,,,,,,,,1[1],1[1],32[5],256[256],TILE,BFLOAT16,DEV_1_DRAM_INTERLEAVED,,,,,,,,,,['ttnn/cpp/ttnn/operations/eltwise/unary/device/kernels/compute/eltwise_sfpu.cpp'],['eltwise_sfpu/12506688406190514772/'],['ttnn/cpp/ttnn/operations/eltwise/unary/device/kernels/dataflow/writer_unary.cpp'; 'ttnn/cpp/ttnn/operations/eltwise/unary/device/kernels/dataflow/reader_unary.cpp'],['writer_unary/6246602044898506846/'; 'reader_unary/9319234562251151454/'],17376454958624202605,False,1000,924,1060,856,1260,0,0,0,0,1,1,1,[],[],0.001,,,,,,,992
SparseMatmulDeviceOperation,tt_dnn_device,1375232,0,blackhole,{'compute_kernel_config': 'ComputeKernelConfig(math_fidelity=LoFi;math_approx_mode=0;fp32_dest_acc_en=0;packer_l1_acc=1;dst_full_sync_en=0;throttle_level=ThrottleLevel::NO_THROTTLE)'; 'global_cb': 'std::nullopt'; 'is_input_a_sparse': 'true'; 'is_input_b_sparse': 'true'; 'nnz': 'std::nullopt'; 'output_dtype': 'DataType::BFLOAT16'; 'output_mem_config': 'MemoryConfig(memory_layout=TensorMemoryLayout::INTERLEAVED;buffer_type=BufferType::DRAM;shard_spec=std::nullopt;nd_shard_spec=std::nullopt;created_with_nd_shard_spec=0)'; 'output_tile': 'Tile(tile_shape={32; 32};face_shape={16; 16};num_faces=4)'; 'program_config': 'MatmulMultiCoreReuseMultiCast1DProgramConfig(compute_with_storage_grid_size=8-8;in0_block_w=1;out_subblock_h=1;out_subblock_w=1;out_block_h=1;out_block_w=1;per_core_M=1;per_core_N=1;fuse_batch=0;fused_activation=std::nullopt;mcast_in0=1;gather_in0=0;hop_cores={};num_global_cb_receivers=1;untilize_out=0;allowed_worker_cores={[0-0 - 7-7]})'; 'sub_device_id': 'std::nullopt'; 'user_core_coord': 'std::nullopt'},LoFi,64,110,,,15217205548,15217206790,1242,8182444898757,8182445540280,597,597,475202,409973,409973,409390,409910,409570,156,409727,409972,409647,409640,409642,,,,,,1[1],256[256],32[1],512[512],TILE,BFLOAT16,DEV_3_DRAM_INTERLEAVED,1[1],256[256],512[512],2048[2048],TILE,BFLOAT16,DEV_3_DRAM_INTERLEAVED,1[1],1[1],1[1],256[256],ROW_MAJOR,BFLOAT16,DEV_3_DRAM_INTERLEAVED,,,,,,,,,,,,,,,1[1],256[256],32[1],2048[2048],TILE,BFLOAT16,DEV_3_DRAM_INTERLEAVED,,,,,,,,,,['ttnn/cpp/ttnn/operations/matmul/device/kernels/compute/bmm_large_block_zm_fused_bias_activation.cpp'],['bmm_large_block_zm_fused_bias_activation/5886209599924172512/'],['ttnn/cpp/ttnn/operations/matmul/device/kernels/dataflow/reader_bmm_tile_layout_in1_sender_writer_padding.cpp'; 'ttnn/cpp/ttnn/operations/matmul/device/kernels/dataflow/reader_bmm_tile_layout_in0_receiver.cpp'; 'ttnn/cpp/ttnn/operations/matmul/device/kernels/dataflow/reader_bmm_tile_layout_in0_sender_padding.cpp'],['reader_bmm_tile_layout_in1_sender_writer_padding/47764641515383731/'; 'reader_bmm_tile_layout_in0_receiver/2863360398136155908/'; 'reader_bmm_tile_layout_in0_sender_padding/14184184904405744970/'],13012349751763426641,False,1520,1788,2152,1952,2380,0,0,0,0,976562,1,976562,[8.58993911743164; 549.756103515625; 0.0005242882762104273],[34.35975646972656],0.0,,,,,,,1242
TransposeDeviceOperation,tt_dnn_device,1376256,0,blackhole,{'dim': 'TransposeOpDim::HC'; 'output_mem_config': 'MemoryConfig(memory_layout=TensorMemoryLayout::INTERLEAVED;buffer_type=BufferType::DRAM;shard_spec=std::nullopt;nd_shard_spec=std::nullopt;created_with_nd_shard_spec=0)'; 'pad_value': '0'},,110,110,,,15217232829,15217233731,902,8182444987812,8182445667976,479,479,503825,94129,94129,88572,93681,91957,1149,94129,93790,,,,,,,,,1[1],256[256],32[1],2048[2048],TILE,BFLOAT16,DEV_3_DRAM_INTERLEAVED,,,,,,,,,,,,,,,,,,,,,,,,,,,,,1[1],1[1],256[256],2048[2048],TILE,BFLOAT16,DEV_3_DRAM_INTERLEAVED,,,,,,,,,,[],[],['ttnn/cpp/ttnn/operations/data_movement/transpose/device/kernels/dataflow/writer_unary_transpose_hc_interleaved_tiled_padding_aware.cpp'; 'ttnn/cpp/ttnn/operations/data_movement/transpose/device/kernels/dataflow/reader_unary_transpose_hc_interleaved_tiled_padding_aware.cpp'],['writer_unary_transpose_hc_interleaved_tiled_padding_aware/9384945064557262177/'; 'reader_unary_transpose_hc_interleaved_tiled_padding_aware/8682155144529532634/'],5027147936805828199,False,788,624,0,0,0,0,0,0,0,104700,104700,61035,[320.481689453125],[10.015052795410156],111.23,,,,,,,902
ReshapeViewDeviceOperation,tt_dnn_device,1377280,0,blackhole,{'logical_output_shape': 'Shape([1; 256; 1])'; 'output_mem_config': 'MemoryConfig(memory_layout=TensorMemoryLayout::INTERLEAVED;buffer_type=BufferType::DRAM;shard_spec=std::nullopt;nd_shard_spec=std::nullopt;created_with_nd_shard_spec=0)'; 'padded_output_shape': 'Shape([1; 256; 32])'; 'recreate_mapping_tensor': 'false'; 'sub_core_grid': 'std::nullopt'},,8,110,,,15217252828,15217254381,1553,8182445667208,8182445673562,582,582,4707,3521,3521,3221,3387,3323,381,3514,1712,,,,,,,,,1[1],1[1],32[1],256[256],TILE,BFLOAT16,DEV_3_DRAM_INTERLEAVED,,,,,,,,,,,,,,,,,,,,,,,,,,,,,1[1],1[1],256[256],32[1],TILE,BFLOAT16,DEV_3_DRAM_INTERLEAVED,,,,,,,,,,[],[],['ttnn/cpp/ttnn/operations/data_movement/reshape_view/device/device/dataflow/writer_reshape_tiled.cpp'; 'ttnn/cpp/ttnn/operations/data_movement/reshape_view/device/device/dataflow/reader_reshape_tiled.cpp'],['writer_reshape_tiled/2489172323262189562/'; 'reader_reshape_tiled/13472399458975698426/'],12074841249745533906,False,1756,980,0,0,0,0,0,0,0,1,1,1,[],[],0.028,,,,,,,1553
BinaryNgDeviceOperation,tt_dnn_device,1378304,0,blackhole,{'atol': '0'; 'binary_op_type': 'BinaryOpType::MUL'; 'compute_kernel_config': 'std::nullopt'; 'dtype': 'DataType::BFLOAT16'; 'equal_nan': 'false'; 'input_dtype': 'DataType::BFLOAT16'; 'input_layout_a': 'Layout::TILE'; 'input_layout_b': 'Layout::TILE'; 'is_quant_op': 'false'; 'is_sfpu': 'true'; 'is_where_op': 'false'; 'lhs_activations': '{}'; 'memory_config': 'MemoryConfig(memory_layout=TensorMemoryLayout::INTERLEAVED;buffer_type=BufferType::DRAM;shard_spec=std::nullopt;nd_shard_spec=std::nullopt;created_with_nd_shard_spec=0)'; 'output_layout': 'Layout::TILE'; 'post_activations': '{}'; 'rhs_activations': '{}'; 'rtol': '0'; 'scalar': 'std::nullopt'; 'sub_core_grids': 'std::nullopt'; 'sub_device_id': 'std::nullopt'; 'subtile_broadcast_type': 'SubtileBroadcastType::COL_B'; 'worker_grid': '{[0-0 - 10-9]}'},HiFi4,110,110,,,15217291421,15217292423,1002,8182445669710,8182445683777,503,504,10420,7099,7099,4067,6812,5583,1243,7099,5922,5997,6772,6306,,,,,,1[1],32[32],64[64],128[128],TILE,BFLOAT16,DEV_1_DRAM_INTERLEAVED,1[1],32[32],64[64],32[1],TILE,BFLOAT16,DEV_1_DRAM_INTERLEAVED,,,,,,,,,,,,,,,,,,,,,,1[1],32[32],64[64],128[128],TILE,BFLOAT16,DEV_1_DRAM_INTERLEAVED,,,,,,,,,,['ttnn/cpp/ttnn/operations/eltwise/binary_ng/device/kernels_ng/compute/eltwise_binary_sfpu_col_bcast.cpp'],['eltwise_binary_sfpu_col_bcast/359683269504911652/'],['ttnn/cpp/ttnn/operations/eltwise/binary_ng/device/kernels_ng/dataflow/writer_interleaved_no_bcast.cpp'; 'ttnn/cpp/ttnn/operations/eltwise/binary_ng/device/kernels_ng/dataflow/reader_interleaved_col_bcast.cpp'],['writer_interleaved_no_bcast/3481911658023912021/'; 'reader_interleaved_col_bcast/10829611322399720491/'],709454548278692269,False,1120,1616,3516,2544,4560,0,0,0,0,1,1,1,[],[],0.014,,,,,,,1002
ReduceDeviceOperation,tt_dnn_device,1379328,0,blackhole,{'compute_kernel_config': 'ComputeKernelConfig(math_fidelity=HiFi4;math_approx_mode=0;fp32_dest_acc_en=1;packer_l1_acc=0;dst_full_sync_en=0;throttle_level=ThrottleLevel::NO_THROTTLE)'; 'dim': 'ReduceOpDim::H'; 'math_op': 'ReduceOpMath::SUM'; 'negate': 'false'; 'output_dtype': 'DataType::BFLOAT16'; 'output_mem_config': 'MemoryConfig(memory_layout=TensorMemoryLayout::INTERLEAVED;buffer_type=BufferType::DRAM;shard_spec=std::nullopt;nd_shard_spec=std::nullopt;created_with_nd_shard_spec=0)'; 'post_mul_scaler': '1'; 'row_major_h_dense_path': 'false'; 'row_major_w_dense_path': 'false'; 'scaler': '1'; 'sub_core_grids': 'std::nullopt'},HiFi4,64,110,,,15217318913,15217320296,1383,8182445681350,8182445692157,503,504,8005,5704,5703,3571,4733,4317,1168,5701,5274,5286,4304,1400,,,,,,1[1],1[1],256[256],2048[2048],TILE,BFLOAT16,DEV_3_DRAM_INTERLEAVED,,,,,,,,,,,,,,,,,,,,,,,,,,,,,1[1],1[1],32[1],2048[2048],TILE,BFLOAT16,DEV_3_DRAM_INTERLEAVED,,,,,,,,,,['ttnn/cpp/ttnn/operations/reduction/generic/device/kernels/compute/reduce.cpp'],['reduce/4256195814061417150/'],['ttnn/cpp/ttnn/operations/eltwise/unary/device/kernels/dataflow/writer_unary_interleaved_start_id.cpp'; 'ttnn/cpp/ttnn/operations/reduction/generic/device/kernels/dataflow/reader_unary_transpose_wh_universal_input_cols_partitioned.cpp'],['writer_unary_interleaved_start_id/2063912488003366606/'; 'reader_unary_transpose_wh_universal_input_cols_partitioned/13855856863810432264/'],14783340405749380285,False,1000,1136,1180,1072,1224,0,0,0,0,1,1,1,[],[],0.018,,,,,,,1383
MatmulDeviceOperation,tt_dnn_device,1380352,0,blackhole,{'bcast_batch': 'true'; 'compute_kernel_config': 'ComputeKernelConfig(math_fidelity=HiFi2;math_approx_mode=0;fp32_dest_acc_en=0;packer_l1_acc=1;dst_full_sync_en=0;throttle_level=ThrottleLevel::NO_THROTTLE)'; 'global_cb': 'std::nullopt'; 'output_dtype': 'DataType::BFLOAT16'; 'output_mem_config': 'MemoryConfig(memory_layout=TensorMemoryLayout::INTERLEAVED;buffer_type=BufferType::DRAM;shard_spec=std::nullopt;nd_shard_spec=std::nullopt;created_with_nd_shard_spec=0)'; 'output_tile': 'Tile(tile_shape={32; 32};face_shape={16; 16};num_faces=4)'; 'program_config': 'MatmulMultiCoreReuseMultiCast1DProgramConfig(compute_with_storage_grid_size=11-10;in0_block_w=2;out_subblock_h=1;out_subblock_w=1;out_block_h=1;out_block_w=1;per_core_M=1;per_core_N=1;fuse_batch=0;fused_activation=std::nullopt;mcast_in0=1;gather_in0=0;hop_cores={};num_global_cb_receivers=0;untilize_out=0;allowed_worker_cores={[0-0 - 10-9]})'; 'sub_device_id': 'std::nullopt'; 'transpose_a': 'false'; 'transpose_b': 'false'; 'untilize_out': 'false'; 'user_core_coord': 'std::nullopt'; 'user_fused_activation': 'std::nullopt'; 'user_run_batched': 'false'},HiFi2,32,110,,,15217352327,15217353980,1653,8182445685474,8182445733982,472,472,35932,30502,30502,29527,30398,30133,687,30500,29502,29699,29665,29773,,,,,,1[1],1[1],32[1],2048[2048],TILE,BFLOAT16,DEV_3_DRAM_INTERLEAVED,1[1],1[1],2048[2048],1024[1024],TILE,BFLOAT16,DEV_3_DRAM_INTERLEAVED,,,,,,,,,,,,,,,,,,,,,,1[1],1[1],32[1],1024[1024],TILE,BFLOAT16,DEV_3_DRAM_INTERLEAVED,,,,,,,,,,['ttnn/cpp/ttnn/operations/matmul/device/kernels/compute/bmm_large_block_zm_fused_bias_activation.cpp'],['bmm_large_block_zm_fused_bias_activation/15449771908138292420/'],['ttnn/cpp/ttnn/operations/matmul/device/kernels/dataflow/reader_bmm_tile_layout_in1_sender_writer_padding.cpp'; 'ttnn/cpp/ttnn/operations/matmul/device/kernels/dataflow/reader_bmm_tile_layout_in0_receiver.cpp'; 'ttnn/cpp/ttnn/operations/matmul/device/kernels/dataflow/reader_bmm_tile_layout_in0_sender_padding.cpp'],['reader_bmm_tile_layout_in1_sender_writer_padding/610364429750637558/'; 'reader_bmm_tile_layout_in0_receiver/10087828860073732893/'; 'reader_bmm_tile_layout_in0_sender_padding/12153754633087166729/'],2684371421107263884,False,1556,1084,1992,1796,2344,0,0,0,0,7629,15,7629,[17.180757522583008; 549.7842407226562],[8.590378761291504],0.049,,,,,,,1653
SliceDeviceOperation,tt_dnn_device,1381376,0,blackhole,{'num_devices': 'std::nullopt'; 'output_mem_config': 'MemoryConfig(memory_layout=TensorMemoryLayout::INTERLEAVED;buffer_type=BufferType::DRAM;shard_spec=std::nullopt;nd_shard_spec=std::nullopt;created_with_nd_shard_spec=0)'; 'slice_dim': 'std::nullopt'; 'slice_end': 'Shape([1; 1; 32; 512])'; 'slice_start': 'Shape([0; 0; 0; 0])'; 'step': 'Shape([1; 1; 1; 1])'; 'sub_core_grids': 'std::nullopt'; 'use_tensor_args': 'false'},,16,110,,,15217380871,15217382084,1213,8182445694030,8182445737033,651,651,31854,1621,1621,660,831,752,981,1621,1350,,,,,,,,,1[1],1[1],32[1],1024[1024],TILE,BFLOAT16,DEV_3_DRAM_INTERLEAVED,,,,,,,,,,,,,,,,,,,,,,,,,,,,,1[1],1[1],32[32],512[512],TILE,BFLOAT16,DEV_3_DRAM_INTERLEAVED,,,,,,,,,,[],[],['ttnn/cpp/ttnn/operations/data_movement/slice/device/kernels/dataflow/writer_unary_interleaved_start_id.cpp'; 'ttnn/cpp/ttnn/operations/data_movement/slice/device/kernels/dataflow/reader_unary_unpad_dims_interleaved_start_id.cpp'],['writer_unary_interleaved_start_id/11530349946087713856/'; 'reader_unary_unpad_dims_interleaved_start_id/13110477452652912536/'],607673801294248662,False,680,716,0,0,0,0,0,0,0,503,503,119,[130.29025268554688],[65.14512634277344],31.03,,,,,,,1213
SliceDeviceOperation,tt_dnn_device,1382400,0,blackhole,{'num_devices': 'std::nullopt'; 'output_mem_config': 'MemoryConfig(memory_layout=TensorMemoryLayout::INTERLEAVED;buffer_type=BufferType::DRAM;shard_spec=std::nullopt;nd_shard_spec=std::nullopt;created_with_nd_shard_spec=0)'; 'slice_dim': 'std::nullopt'; 'slice_end': 'Shape([1; 1; 32; 1024])'; 'slice_start': 'Shape([0; 0; 0; 512])'; 'step': 'Shape([1; 1; 1; 1])'; 'sub_core_grids': 'std::nullopt'; 'use_tensor_args': 'false'},,16,110,,,15217401741,15217402462,721,8182445737284,8182445740052,613,613,2050,1621,1621,656,827,746,991,1539,1353,,,,,,,,,1[1],1[1],32[1],1024[1024],TILE,BFLOAT16,DEV_3_DRAM_INTERLEAVED,,,,,,,,,,,,,,,,,,,,,,,,,,,,,1[1],1[1],32[32],512[512],TILE,BFLOAT16,DEV_3_DRAM_INTERLEAVED,,,,,,,,,,[],[],['ttnn/cpp/ttnn/operations/data_movement/slice/device/kernels/dataflow/writer_unary_interleaved_start_id.cpp'; 'ttnn/cpp/ttnn/operations/data_movement/slice/device/kernels/dataflow/reader_unary_unpad_dims_interleaved_start_id.cpp'],['writer_unary_interleaved_start_id/11530349946087713856/'; 'reader_unary_unpad_dims_interleaved_start_id/13110477452652912536/'],16253318236984457393,False,680,716,0,0,0,0,0,0,0,503,503,119,[130.29025268554688],[65.14512634277344],31.03,,,,,,,721
BinaryNgDeviceOperation,tt_dnn_device,1383424,0,blackhole,{'atol': '0'; 'binary_op_type': 'BinaryOpType::MUL'; 'compute_kernel_config': 'std::nullopt'; 'dtype': 'DataType::BFLOAT16'; 'equal_nan': 'false'; 'input_dtype': 'DataType::BFLOAT16'; 'input_layout_a': 'Layout::TILE'; 'input_layout_b': 'Layout::TILE'; 'is_quant_op': 'false'; 'is_sfpu': 'true'; 'is_where_op': 'false'; 'lhs_activations': '{BasicUnaryWithParam<float; int; unsigned int>(base=BasicUnaryWithParam<float>(op_type=UnaryOpType::SILU;param={}))}'; 'memory_config': 'MemoryConfig(memory_layout=TensorMemoryLayout::INTERLEAVED;buffer_type=BufferType::DRAM;shard_spec=std::nullopt;nd_shard_spec=std::nullopt;created_with_nd_shard_spec=0)'; 'output_layout': 'Layout::TILE'; 'post_activations': '{}'; 'rhs_activations': '{}'; 'rtol': '0'; 'scalar': 'std::nullopt'; 'sub_core_grids': 'std::nullopt'; 'sub_device_id': 'std::nullopt'; 'subtile_broadcast_type': 'SubtileBroadcastType::NONE'; 'worker_grid': '{[0-0 - 10-9]}'},HiFi4,110,110,,,15217445084,15217446266,1182,8182445738651,8182445746040,466,467,5473,3965,3964,160,2936,582,1190,3964,1875,3025,3552,2857,,,,,,1[1],256[256],32[32],512[512],TILE,BFLOAT16,DEV_1_DRAM_INTERLEAVED,1[1],256[256],32[32],512[512],TILE,BFLOAT16,DEV_1_DRAM_INTERLEAVED,,,,,,,,,,,,,,,,,,,,,,1[1],256[256],32[32],512[512],TILE,BFLOAT16,DEV_1_DRAM_INTERLEAVED,,,,,,,,,,['ttnn/cpp/ttnn/operations/eltwise/binary_ng/device/kernels/compute/eltwise_binary_sfpu_no_bcast.cpp'],['eltwise_binary_sfpu_no_bcast/2570905638974325626/'],['ttnn/cpp/ttnn/operations/eltwise/binary_ng/device/kernels_ng/dataflow/writer_interleaved_no_bcast.cpp'; 'ttnn/cpp/ttnn/operations/eltwise/binary_ng/device/kernels_ng/dataflow/reader_interleaved_no_bcast.cpp'],['writer_interleaved_no_bcast/7081240779944180784/'; 'reader_interleaved_no_bcast/1795424117984474402/'],10172879989616481542,False,1120,1644,1732,1872,1548,0,0,0,0,1,1,1,[],[],0.025,,,,,,,1182
MatmulDeviceOperation,tt_dnn_device,1384448,0,blackhole,{'bcast_batch': 'true'; 'compute_kernel_config': 'ComputeKernelConfig(math_fidelity=HiFi2;math_approx_mode=0;fp32_dest_acc_en=0;packer_l1_acc=1;dst_full_sync_en=0;throttle_level=ThrottleLevel::NO_THROTTLE)'; 'global_cb': 'std::nullopt'; 'output_dtype': 'DataType::BFLOAT16'; 'output_mem_config': 'MemoryConfig(memory_layout=TensorMemoryLayout::INTERLEAVED;buffer_type=BufferType::DRAM;shard_spec=std::nullopt;nd_shard_spec=std::nullopt;created_with_nd_shard_spec=0)'; 'output_tile': 'Tile(tile_shape={32; 32};face_shape={16; 16};num_faces=4)'; 'program_config': 'MatmulMultiCoreReuseMultiCast1DProgramConfig(compute_with_storage_grid_size=11-10;in0_block_w=2;out_subblock_h=1;out_subblock_w=1;out_block_h=1;out_block_w=1;per_core_M=1;per_core_N=1;fuse_batch=0;fused_activation=std::nullopt;mcast_in0=1;gather_in0=0;hop_cores={};num_global_cb_receivers=0;untilize_out=0;allowed_worker_cores={[0-0 - 10-9]})'; 'sub_device_id': 'std::nullopt'; 'transpose_a': 'false'; 'transpose_b': 'false'; 'untilize_out': 'false'; 'user_core_coord': 'std::nullopt'; 'user_fused_activation': 'std::nullopt'; 'user_run_batched': 'false'},HiFi2,64,110,,,15217464621,15217465553,932,8182445742464,8182445761550,449,449,14138,11034,11034,9655,10874,10452,1248,11034,9758,9944,9887,9999,,,,,,1[1],1[1],32[1],512[512],TILE,BFLOAT16,DEV_3_DRAM_INTERLEAVED,1[1],1[1],512[512],2048[2048],TILE,BFLOAT16,DEV_3_DRAM_INTERLEAVED,,,,,,,,,,,,,,,,,,,,,,1[1],1[1],32[1],2048[2048],TILE,BFLOAT16,DEV_3_DRAM_INTERLEAVED,,,,,,,,,,['ttnn/cpp/ttnn/operations/matmul/device/kernels/compute/bmm_large_block_zm_fused_bias_activation.cpp'],['bmm_large_block_zm_fused_bias_activation/3342488160043802935/'],['ttnn/cpp/ttnn/operations/matmul/device/kernels/dataflow/reader_bmm_tile_layout_in1_sender_writer_padding.cpp'; 'ttnn/cpp/ttnn/operations/matmul/device/kernels/dataflow/reader_bmm_tile_layout_in0_receiver.cpp'; 'ttnn/cpp/ttnn/operations/matmul/device/kernels/dataflow/reader_bmm_tile_layout_in0_sender_padding.cpp'],['reader_bmm_tile_layout_in1_sender_writer_padding/12272261127085402003/'; 'reader_bmm_tile_layout_in0_receiver/5083361602296253435/'; 'reader_bmm_tile_layout_in0_sender_padding/3801788738121434298/'],16537808681693294716,False,1572,1056,1988,1796,2328,0,0,0,0,3814,8,3814,[8.59150505065918; 549.8563232421875],[34.36602020263672],0.073,,,,,,,932
MatmulDeviceOperation,tt_dnn_device,1385472,0,blackhole,{'bcast_batch': 'true'; 'compute_kernel_config': 'ComputeKernelConfig(math_fidelity=HiFi2;math_approx_mode=0;fp32_dest_acc_en=0;packer_l1_acc=1;dst_full_sync_en=0;throttle_level=ThrottleLevel::NO_THROTTLE)'; 'global_cb': 'std::nullopt'; 'output_dtype': 'DataType::BFLOAT16'; 'output_mem_config': 'MemoryConfig(memory_layout=TensorMemoryLayout::INTERLEAVED;buffer_type=BufferType::DRAM;shard_spec=std::nullopt;nd_shard_spec=std::nullopt;created_with_nd_shard_spec=0)'; 'output_tile': 'Tile(tile_shape={32; 32};face_shape={16; 16};num_faces=4)'; 'program_config': 'MatmulMultiCoreReuseMultiCast1DProgramConfig(compute_with_storage_grid_size=11-10;in0_block_w=2;out_subblock_h=1;out_subblock_w=1;out_block_h=1;out_block_w=1;per_core_M=1;per_core_N=1;fuse_batch=0;fused_activation=std::nullopt;mcast_in0=0;gather_in0=0;hop_cores={};num_global_cb_receivers=0;untilize_out=0;allowed_worker_cores={[0-0 - 10-9]})'; 'sub_device_id': 'std::nullopt'; 'transpose_a': 'false'; 'transpose_b': 'false'; 'untilize_out': 'false'; 'user_core_coord': 'std::nullopt'; 'user_fused_activation': 'std::nullopt'; 'user_run_batched': 'false'},HiFi2,1,110,,,15217480180,15217480882,702,8182445762041,8182445783960,796,901,16236,15802,15696,15802,15802,15802,179,15623,14723,15191,15239,15238,,,,,,1[1],1[1],32[1],2048[2048],TILE,BFLOAT16,DEV_3_DRAM_INTERLEAVED,1[1],1[1],2048[2048],32[1],TILE,BFLOAT16,DEV_3_DRAM_INTERLEAVED,,,,,,,,,,,,,,,,,,,,,,1[1],1[1],32[1],32[1],TILE,BFLOAT16,DEV_3_DRAM_INTERLEAVED,,,,,,,,,,['ttnn/cpp/ttnn/operations/matmul/device/kernels/compute/bmm_large_block_zm_fused_bias_activation.cpp'],['bmm_large_block_zm_fused_bias_activation/15449771908138292420/'],['ttnn/cpp/ttnn/operations/matmul/device/kernels/dataflow/reader_bmm_tile_layout_in1_sender_writer_padding.cpp'; 'ttnn/cpp/ttnn/operations/matmul/device/kernels/dataflow/reader_bmm_tile_layout_in0_sender_padding.cpp'],['reader_bmm_tile_layout_in1_sender_writer_padding/530871268089087768/'; 'reader_bmm_tile_layout_in0_sender_padding/9203815028109050481/'],13744766188938625422,False,1604,728,1992,1796,2344,0,0,0,0,238,1,238,[550.7227172851562; 550.7227172851562],[8.605042457580566],0.006,,,,,,,702
BinaryNgDeviceOperation,tt_dnn_device,1386496,0,blackhole,{'atol': '0'; 'binary_op_type': 'BinaryOpType::MUL'; 'compute_kernel_config': 'std::nullopt'; 'dtype': 'DataType::BFLOAT16'; 'equal_nan': 'false'; 'input_dtype': 'DataType::BFLOAT16'; 'input_layout_a': 'Layout::TILE'; 'input_layout_b': 'Layout::TILE'; 'is_quant_op': 'false'; 'is_sfpu': 'true'; 'is_where_op': 'false'; 'lhs_activations': '{}'; 'memory_config': 'MemoryConfig(memory_layout=TensorMemoryLayout::INTERLEAVED;buffer_type=BufferType::DRAM;shard_spec=std::nullopt;nd_shard_spec=std::nullopt;created_with_nd_shard_spec=0)'; 'output_layout': 'Layout::TILE'; 'post_activations': '{}'; 'rhs_activations': '{BasicUnaryWithParam<float; int; unsigned int>(base=BasicUnaryWithParam<float>(op_type=UnaryOpType::SIGMOID;param={}))}'; 'rtol': '0'; 'scalar': 'std::nullopt'; 'sub_core_grids': 'std::nullopt'; 'sub_device_id': 'std::nullopt'; 'subtile_broadcast_type': 'SubtileBroadcastType::SCALAR_B'; 'worker_grid': '{[0-0 - 10-9]}'},HiFi4,110,110,,,15217522721,15217524284,1563,8182445763268,8182445792031,528,528,21306,5459,5459,92,5206,2450,1161,5459,3532,4567,5052,4356,,,,,,1[1],1[1],32[1],2048[2048],TILE,BFLOAT16,DEV_3_DRAM_INTERLEAVED,1[1],1[1],32[1],32[1],TILE,BFLOAT16,DEV_3_DRAM_INTERLEAVED,,,,,,,,,,,,,,,,,,,,,,1[1],1[1],32[1],2048[2048],TILE,BFLOAT16,DEV_3_DRAM_INTERLEAVED,,,,,,,,,,['ttnn/cpp/ttnn/operations/eltwise/binary_ng/device/kernels_ng/compute/eltwise_binary_sfpu_scalar_bcast.cpp'],['eltwise_binary_sfpu_scalar_bcast/17470217859623065199/'],['ttnn/cpp/ttnn/operations/eltwise/binary_ng/device/kernels_ng/dataflow/writer_interleaved_no_bcast.cpp'; 'ttnn/cpp/ttnn/operations/eltwise/binary_ng/device/kernels_ng/dataflow/reader_interleaved_scalar_bcast.cpp'],['writer_interleaved_no_bcast/10753470972473932439/'; 'reader_interleaved_scalar_bcast/9250447818771607010/'],2189358365564310209,False,1120,1636,4368,3632,5016,0,0,0,0,1,1,1,[],[],0.018,,,,,,,1563
BinaryNgDeviceOperation,tt_dnn_device,1387520,0,blackhole,{'atol': '0'; 'binary_op_type': 'BinaryOpType::ADD'; 'compute_kernel_config': 'std::nullopt'; 'dtype': 'DataType::BFLOAT16'; 'equal_nan': 'false'; 'input_dtype': 'DataType::BFLOAT16'; 'input_layout_a': 'Layout::TILE'; 'input_layout_b': 'Layout::TILE'; 'is_quant_op': 'false'; 'is_sfpu': 'false'; 'is_where_op': 'false'; 'lhs_activations': '{}'; 'memory_config': 'MemoryConfig(memory_layout=TensorMemoryLayout::INTERLEAVED;buffer_type=BufferType::DRAM;shard_spec=std::nullopt;nd_shard_spec=std::nullopt;created_with_nd_shard_spec=0)'; 'output_layout': 'Layout::TILE'; 'post_activations': '{}'; 'rhs_activations': '{}'; 'rtol': '0'; 'scalar': 'std::nullopt'; 'sub_core_grids': 'std::nullopt'; 'sub_device_id': 'std::nullopt'; 'subtile_broadcast_type': 'SubtileBroadcastType::NONE'; 'worker_grid': '{[0-0 - 10-9]}'},HiFi4,110,110,,,15217560423,15217561505,1082,8182445786378,8182445795821,531,532,6995,2276,2276,190,1481,846,1116,2274,1911,1912,1076,1315,,,,,,1[1],1[1],32[5],8192[8192],TILE,BFLOAT16,DEV_1_DRAM_INTERLEAVED,1[1],1[1],32[5],8192[8192],TILE,BFLOAT16,DEV_1_DRAM_INTERLEAVED,,,,,,,,,,,,,,,,,,,,,,1[1],1[1],32[5],8192[8192],TILE,BFLOAT16,DEV_1_DRAM_INTERLEAVED,,,,,,,,,,['ttnn/cpp/ttnn/operations/eltwise/binary_ng/device/kernels/compute/eltwise_binary_no_bcast.cpp'],['eltwise_binary_no_bcast/11044188692310955620/'],['ttnn/cpp/ttnn/operations/eltwise/binary_ng/device/kernels_ng/dataflow/writer_interleaved_no_bcast.cpp'; 'ttnn/cpp/ttnn/operations/eltwise/binary_ng/device/kernels_ng/dataflow/reader_interleaved_no_bcast.cpp'],['writer_interleaved_no_bcast/700447112369645/'; 'reader_interleaved_no_bcast/3229591606939616229/'],1295168523863076379,False,1120,1644,1308,768,1292,0,0,0,0,1,1,1,[],[],0.044,,,,,,,1082
UntilizeWithUnpaddingDeviceOperation,tt_dnn_device,1388544,0,blackhole,{'enough_space_height': 'true'; 'fp32_dest_acc_en': 'false'; 'output_mem_config': 'MemoryConfig(memory_layout=TensorMemoryLayout::INTERLEAVED;buffer_type=BufferType::DRAM;shard_spec=std::nullopt;nd_shard_spec=std::nullopt;created_with_nd_shard_spec=0)'; 'output_tensor_end': 'Shape([0; 0; 31; 2047])'; 'sub_core_grids': 'std::nullopt'; 'use_multicore': 'true'},HiFi4,64,110,,,15217612633,15217614035,1402,8182445794644,8182445811008,552,591,12121,10700,10661,8936,9767,9468,1185,10654,1553,1616,1116,1809,,,,,,1[1],1[1],32[32],2048[2048],TILE,BFLOAT16,DEV_3_DRAM_INTERLEAVED,,,,,,,,,,,,,,,,,,,,,,,,,,,,,1[1],1[1],32[32],2048[2048],ROW_MAJOR,BFLOAT16,DEV_3_DRAM_INTERLEAVED,,,,,,,,,,['ttnn/cpp/ttnn/operations/data_movement/untilize/device/kernels/compute/untilize_wh.cpp'],['untilize_wh/8043704601932246151/'],['ttnn/cpp/ttnn/operations/data_movement/untilize_with_unpadding/device/kernels/dataflow/writer_unary_stick_layout_wh_multicore.cpp'; 'ttnn/cpp/ttnn/operations/eltwise/unary/device/kernels/dataflow/reader_unary_interleaved_wh_multicore.cpp'],['writer_unary_stick_layout_wh_multicore/1858676953076418322/'; 'reader_unary_interleaved_wh_multicore/9555780035475986928/'],7921328778432061905,False,1588,688,1040,788,2352,0,0,0,0,1235,1235,238,[106.13117218017578],[106.13117218017578],11.542,,,,,,,1402
UntilizeWithUnpaddingDeviceOperation,tt_dnn_device,1389568,0,blackhole,{'enough_space_height': 'true'; 'fp32_dest_acc_en': 'false'; 'output_mem_config': 'MemoryConfig(memory_layout=TensorMemoryLayout::INTERLEAVED;buffer_type=BufferType::DRAM;shard_spec=std::nullopt;nd_shard_spec=std::nullopt;created_with_nd_shard_spec=0)'; 'output_tensor_end': 'Shape([0; 0; 0; 2047])'; 'sub_core_grids': 'std::nullopt'; 'use_multicore': 'true'},HiFi4,64,110,,,15217643101,15217643892,791,8182445815949,8182445819240,4631,4632,2438,1469,1468,1029,1361,1198,173,1463,836,891,259,1087,,,,,,1[1],1[1],32[1],2048[2048],TILE,BFLOAT16,DEV_3_DRAM_INTERLEAVED,,,,,,,,,,,,,,,,,,,,,,,,,,,,,1[1],1[1],1[1],2048[2048],ROW_MAJOR,BFLOAT16,DEV_3_DRAM_INTERLEAVED,,,,,,,,,,['ttnn/cpp/ttnn/operations/data_movement/untilize/device/kernels/compute/untilize_wh.cpp'],['untilize_wh/8043704601932246151/'],['ttnn/cpp/ttnn/operations/data_movement/untilize_with_unpadding/device/kernels/dataflow/writer_unary_stick_layout_wh_multicore.cpp'; 'ttnn/cpp/ttnn/operations/eltwise/unary/device/kernels/dataflow/reader_unary_interleaved_wh_multicore.cpp'],['writer_unary_stick_layout_wh_multicore/10020929863951602025/'; 'reader_unary_interleaved_wh_multicore/9555780035475986928/'],11851959845952636030,False,1596,688,1040,788,2352,0,0,0,0,872,872,238,[150.31192016601562],[4.697247505187988],59.36,,,,,,,791
ConcatDeviceOperation,tt_dnn_device,1390592,0,blackhole,{'dim': '2'; 'groups': '1'; 'output_mem_config': 'MemoryConfig(memory_layout=TensorMemoryLayout::INTERLEAVED;buffer_type=BufferType::DRAM;shard_spec=std::nullopt;nd_shard_spec=std::nullopt;created_with_nd_shard_spec=0)'; 'sub_core_grids': 'std::nullopt'},,33,110,,,15217661235,15217663139,1904,8182445821631,8182445825070,2726,2726,2547,1587,1587,848,1530,1184,106,1586,962,,,,,,,,,1[1],1[1],32[32],2048[2048],ROW_MAJOR,BFLOAT16,DEV_3_DRAM_INTERLEAVED,1[1],1[1],1[1],2048[2048],ROW_MAJOR,BFLOAT16,DEV_3_DRAM_INTERLEAVED,,,,,,,,,,,,,,,,,,,,,,1[1],1[1],33[33],2048[2048],ROW_MAJOR,BFLOAT16,DEV_3_DRAM_INTERLEAVED,,,,,,,,,,[],[],['ttnn/cpp/ttnn/kernel/dataflow/writer_unary_stick_layout_interleaved_start_id.cpp'; 'ttnn/cpp/ttnn/operations/data_movement/concat/device/kernels/dataflow/reader_concat_stick_layout_interleaved_start_id.cpp'],['writer_unary_stick_layout_interleaved_start_id/3595916656929554016/'; 'reader_concat_stick_layout_interleaved_start_id/1733622591524902885/'],15213704095309641199,False,968,1224,0,0,0,0,0,0,0,245,1,245,[534.9877319335938; 16.718366622924805],[551.7061157226562],0.063,,,,,,,1904
TilizeWithValPaddingDeviceOperation,tt_dnn_device,1391616,0,blackhole,{'enough_space_height': 'true'; 'enough_space_width': 'true'; 'output_dtype': 'DataType::BFLOAT16'; 'output_mem_config': 'MemoryConfig(memory_layout=TensorMemoryLayout::INTERLEAVED;buffer_type=BufferType::DRAM;shard_spec=std::nullopt;nd_shard_spec=std::nullopt;created_with_nd_shard_spec=0)'; 'output_padded_shape': 'Shape([1; 1; 64; 2048])'; 'pad_value': '0'; 'sub_core_grids': 'std::nullopt'; 'use_multicore': 'true'},HiFi4,32,110,,,15217679320,15217680913,1593,8182445840876,8182445864222,12669,12669,17293,16331,16331,15517,16252,15939,153,16317,15758,15776,219,12936,,,,,,1[1],1[1],33[33],2048[2048],ROW_MAJOR,BFLOAT16,DEV_3_DRAM_INTERLEAVED,,,,,,,,,,,,,,,,,,,,,,,,,,,,,1[1],1[1],64[33],2048[2048],TILE,BFLOAT16,DEV_3_DRAM_INTERLEAVED,,,,,,,,,,['ttnn/cpp/ttnn/operations/data_movement/tilize/device/kernels/compute/tilize_wh.cpp'],['tilize_wh/9964207769478926788/'],['ttnn/cpp/ttnn/operations/eltwise/unary/device/kernels/dataflow/writer_unary_interleaved_start_id_wh.cpp'; 'ttnn/cpp/ttnn/operations/data_movement/tilize_with_val_padding/device/kernels/dataflow/reader_unary_pad_multicore_both_dims.cpp'],['writer_unary_interleaved_start_id_wh/8906239399176233204/'; 'reader_unary_pad_multicore_both_dims/12453243855180139695/'],5742710070207770572,False,744,3024,1228,788,2116,0,0,0,0,1,1,1,[],[],0.006,,,,,,,1593
BinaryNgDeviceOperation,tt_dnn_device,1392640,0,blackhole,{'atol': '0'; 'binary_op_type': 'BinaryOpType::ADD'; 'compute_kernel_config': 'std::nullopt'; 'dtype': 'DataType::BFLOAT16'; 'equal_nan': 'false'; 'input_dtype': 'DataType::BFLOAT16'; 'input_layout_a': 'Layout::TILE'; 'input_layout_b': 'Layout::TILE'; 'is_quant_op': 'false'; 'is_sfpu': 'false'; 'is_where_op': 'false'; 'lhs_activations': '{}'; 'memory_config': 'MemoryConfig(memory_layout=TensorMemoryLayout::INTERLEAVED;buffer_type=BufferType::DRAM;shard_spec=std::nullopt;nd_shard_spec=std::nullopt;created_with_nd_shard_spec=0)'; 'output_layout': 'Layout::TILE'; 'post_activations': '{}'; 'rhs_activations': '{}'; 'rtol': '0'; 'scalar': 'std::nullopt'; 'sub_core_grids': 'std::nullopt'; 'sub_device_id': 'std::nullopt'; 'subtile_broadcast_type': 'SubtileBroadcastType::NONE'; 'worker_grid': '{[0-0 - 10-9]}'},HiFi4,110,110,,,15217731369,15217732371,1002,8182445849674,8182445868682,478,478,14080,2829,2829,1130,2516,1652,1201,2828,2434,2409,1185,1960,,,,,,1[1],1[1],32[5],8192[8192],TILE,BFLOAT16,DEV_1_DRAM_INTERLEAVED,1[1],1[1],32[5],8192[8192],TILE,BFLOAT16,DEV_1_DRAM_INTERLEAVED,,,,,,,,,,,,,,,,,,,,,,1[1],1[1],32[5],8192[8192],TILE,BFLOAT16,DEV_1_DRAM_INTERLEAVED,,,,,,,,,,['ttnn/cpp/ttnn/operations/eltwise/binary_ng/device/kernels/compute/eltwise_binary_no_bcast.cpp'],['eltwise_binary_no_bcast/11044188692310955620/'],['ttnn/cpp/ttnn/operations/eltwise/binary_ng/device/kernels_ng/dataflow/writer_interleaved_no_bcast.cpp'; 'ttnn/cpp/ttnn/operations/eltwise/binary_ng/device/kernels_ng/dataflow/reader_interleaved_no_bcast.cpp'],['writer_interleaved_no_bcast/700447112369645/'; 'reader_interleaved_no_bcast/3229591606939616229/'],1295168523863076379,False,1120,1644,1308,768,1292,0,0,0,0,1,1,1,[],[],0.035,,,,,,,1002
FUSED_FULL_PREFILL_END,signpost,,,,,,,,,,15237213694,,,,,,,,,,,,,,,,,,,,,,,,,,,,,,,,,,,,,,,,,,,,,,,,,,,,,,,,,,,,,,,,,,,,,,,,,,,,,,,,,,,,,,,,,,,,,,,,,,,,,,
