{
  "batch": 32,
  "results": {
    "functional_bf16": {
      "decode_ms": 1.7976304329931736,
      "decode_pcc": 0.9999997180696942,
      "prefill_ms": 4.148474894464016,
      "prefill_pcc": 0.999996362522027
    },
    "optimized_advisor_all_bfp4": {
      "decode_ms": 0.7730837725102901,
      "decode_pcc": 0.9999984175677775,
      "prefill_ms": 3.274529706686735,
      "prefill_pcc": 0.9999818853727185
    },
    "optimized_dram_bfp8": {
      "decode_ms": 1.1346558667719364,
      "decode_pcc": 0.9999999478461391,
      "prefill_ms": 4.530043341219425,
      "prefill_pcc": 0.9999963731009338
    },
    "optimized_selected_dram_all_bfp4_48c": {
      "decode_ms": 0.7684826012700796,
      "decode_pcc": 0.9999983882601708,
      "prefill_ms": 3.2627368345856667,
      "prefill_pcc": 0.9999818853727185
    }
  },
  "sequence_length": 17,
  "weights": "real_layer_14"
}
