{
  "batch": 32,
  "decode_iterations": 3,
  "decode_wall_ms": 0.8017712583144506,
  "decode_wall_total_ms": 2.4053137749433517,
  "prefill_iterations": 2,
  "prefill_wall_ms": 3.836255054920912,
  "prefill_wall_total_ms": 7.672510109841824,
  "sequence_length": 17,
  "weights": "real_layer_14"
}
