{"input_ids": [671, 6102, 294, 8760, 344, 1, 1, 1, 1, 1, 1, 1, 1, 1, 1, 1, 1, 1, 1, 1, 1, 1, 1, 1, 1, 1, 1, 1, 1, 1, 1, 1], "predicted": [1257, 294, 270, 344, 11111, 16, 16, 16, 433, 433, 16, 16, 16, 16, 16, 16, 16, 16, 16, 16, 16, 16, 16, 16, 16, 16, 16, 16, 16, 16, 16, 16], "topk": [[11111, 0.7899439930915833], [2619, 0.07347624003887177], [818, 0.03470771759748459], [12955, 0.012768255546689034], [28, 0.009943927638232708]], "last_real_len": 5, "n_layers": 43, "num_hidden_layers": 43}
