{
  "perf": {
    "functional": 125,
    "complete":   25,
    "target":     12.5
  },

  "accuracy": {
    "clip_valid_range_5000": [23.01085758, 23.95007626],
    "fid_valid_range_5000": [31.68631873, 31.81331801],
    "clip_valid_range_100": [31.65430683222675, 32.15949391210697],
    "fid_valid_range_100": [181.1513318972489, 184.97865376919088],
    "clip_approx_range_100": [30.70704558232445, 33.12187298301411],
    "fid_approx_range_100": [179.20542453436752, 186.9656737959027]
  }
}
