{
  "perf": {
    "functional": 125,
    "complete":   25,
    "target":     12.5
  },

  "accuracy": {
    "clip_valid_range_5000": [23.01085758, 23.95007626],
    "fid_valid_range_5000": [31.68631873, 31.81331801],
    "clip_valid_range_100": [31.70502465208177, 32.094664207879916],
    "fid_valid_range_100": [182.78657778059338, 183.9511842650918]
  }
}
