OP CODE,OP TYPE,GLOBAL CALL COUNT,DEVICE ID,DEVICE ARCH,ATTRIBUTES,MATH FIDELITY,CORE COUNT,AVAILABLE WORKER CORE COUNT,SUB DEVICE ID,PARALLELIZATION STRATEGY,HOST START TS,HOST END TS,HOST DURATION [ns],DEVICE FW START CYCLE,DEVICE FW END CYCLE,OP TO OP LATENCY [ns],OP TO OP LATENCY BR/NRISC START [ns],DEVICE FW DURATION [ns],DEVICE KERNEL DURATION [ns],DEVICE KERNEL DURATION DM START [ns],DEVICE KERNEL DURATION PER CORE MIN [ns],DEVICE KERNEL DURATION PER CORE MAX [ns],DEVICE KERNEL DURATION PER CORE AVG [ns],DEVICE KERNEL FIRST TO LAST START [ns],DEVICE BRISC KERNEL DURATION [ns],DEVICE NCRISC KERNEL DURATION [ns],DEVICE TRISC0 KERNEL DURATION [ns],DEVICE TRISC1 KERNEL DURATION [ns],DEVICE TRISC2 KERNEL DURATION [ns],DEVICE ERISC KERNEL DURATION [ns],DEVICE COMPUTE CB WAIT FRONT [ns],DEVICE COMPUTE CB RESERVE BACK [ns],DISPATCH TOTAL CQ CMD OP TIME [ns],DISPATCH GO SEND WAIT TIME [ns],INPUT_0_W_PAD[LOGICAL],INPUT_0_Z_PAD[LOGICAL],INPUT_0_Y_PAD[LOGICAL],INPUT_0_X_PAD[LOGICAL],INPUT_0_LAYOUT,INPUT_0_DATATYPE,INPUT_0_MEMORY,INPUT_1_W_PAD[LOGICAL],INPUT_1_Z_PAD[LOGICAL],INPUT_1_Y_PAD[LOGICAL],INPUT_1_X_PAD[LOGICAL],INPUT_1_LAYOUT,INPUT_1_DATATYPE,INPUT_1_MEMORY,INPUT_2_W_PAD[LOGICAL],INPUT_2_Z_PAD[LOGICAL],INPUT_2_Y_PAD[LOGICAL],INPUT_2_X_PAD[LOGICAL],INPUT_2_LAYOUT,INPUT_2_DATATYPE,INPUT_2_MEMORY,INPUT_3_W_PAD[LOGICAL],INPUT_3_Z_PAD[LOGICAL],INPUT_3_Y_PAD[LOGICAL],INPUT_3_X_PAD[LOGICAL],INPUT_3_LAYOUT,INPUT_3_DATATYPE,INPUT_3_MEMORY,INPUT_4_W_PAD[LOGICAL],INPUT_4_Z_PAD[LOGICAL],INPUT_4_Y_PAD[LOGICAL],INPUT_4_X_PAD[LOGICAL],INPUT_4_LAYOUT,INPUT_4_DATATYPE,INPUT_4_MEMORY,OUTPUT_0_W_PAD[LOGICAL],OUTPUT_0_Z_PAD[LOGICAL],OUTPUT_0_Y_PAD[LOGICAL],OUTPUT_0_X_PAD[LOGICAL],OUTPUT_0_LAYOUT,OUTPUT_0_DATATYPE,OUTPUT_0_MEMORY,OUTPUT_1_W_PAD[LOGICAL],OUTPUT_1_Z_PAD[LOGICAL],OUTPUT_1_Y_PAD[LOGICAL],OUTPUT_1_X_PAD[LOGICAL],OUTPUT_1_LAYOUT,OUTPUT_1_DATATYPE,OUTPUT_1_MEMORY,OUTPUT_2_W_PAD[LOGICAL],OUTPUT_2_Z_PAD[LOGICAL],OUTPUT_2_Y_PAD[LOGICAL],OUTPUT_2_X_PAD[LOGICAL],OUTPUT_2_LAYOUT,OUTPUT_2_DATATYPE,OUTPUT_2_MEMORY,METAL TRACE ID,METAL TRACE REPLAY SESSION ID,COMPUTE KERNEL SOURCE,COMPUTE KERNEL HASH,DATA MOVEMENT KERNEL SOURCE,DATA MOVEMENT KERNEL HASH,PROGRAM HASH,PROGRAM CACHE HIT,TENSIX DM 0 MAX KERNEL SIZE [B],TENSIX DM 1 MAX KERNEL SIZE [B],TENSIX COMPUTE 0 MAX KERNEL SIZE [B],TENSIX COMPUTE 1 MAX KERNEL SIZE [B],TENSIX COMPUTE 2 MAX KERNEL SIZE [B],ACTIVE ETH DM 0 MAX KERNEL SIZE [B],ACTIVE ETH DM 1 MAX KERNEL SIZE [B],IDLE ETH DM 0 MAX KERNEL SIZE [B],IDLE ETH DM 1 MAX KERNEL SIZE [B],PM IDEAL [ns],PM COMPUTE [ns],PM BANDWIDTH [ns],PM REQ I BW,PM REQ O BW,PM FPU UTIL (%),NOC UTIL (%),MULTICAST NOC UTIL (%),DRAM BW UTIL (%),DRAM BW UTIL PER CTRL (%),ETH BW UTIL (%),NPE CONG IMPACT (%),TT_DNN_DEVICE_OP_TT_HOST_FUNC [ns]
TilizeWithValPaddingDeviceOperation,tt_dnn_device,1027,3,blackhole,{'enough_space_height': 'true'; 'enough_space_width': 'true'; 'output_dtype': 'DataType::BFLOAT16'; 'output_mem_config': 'MemoryConfig(memory_layout=TensorMemoryLayout::INTERLEAVED;buffer_type=BufferType::DRAM;shard_spec=std::nullopt;nd_shard_spec=std::nullopt;created_with_nd_shard_spec=0)'; 'output_padded_shape': 'Shape([32; 2048])'; 'pad_value': '0'; 'sub_core_grids': 'std::nullopt'; 'use_multicore': 'true'},HiFi4,64,110,,,10797183587,10797280372,96785,4133639537409,4133639543149,0,0,4252,3379,3379,,,,305,3377,2999,3007,225,3059,,,,,,1[1],1[1],1[1],2048[2048],ROW_MAJOR,BFLOAT16,DEV_0_DRAM_INTERLEAVED,,,,,,,,,,,,,,,,,,,,,,,,,,,,,1[1],1[1],32[1],2048[2048],TILE,BFLOAT16,DEV_0_DRAM_INTERLEAVED,,,,,,,,,,,,,,,,,['ttnn/cpp/ttnn/operations/data_movement/tilize/device/kernels/compute/tilize_wh.cpp'],['tilize_wh/14307883186269081375/'],['ttnn/cpp/ttnn/operations/eltwise/unary/device/kernels/dataflow/writer_unary_interleaved_start_id_wh.cpp'; 'ttnn/cpp/ttnn/operations/data_movement/tilize_with_val_padding/device/kernels/dataflow/reader_unary_pad_multicore_both_dims.cpp'],['writer_unary_interleaved_start_id_wh/4992277251710934477/'; 'reader_unary_pad_multicore_both_dims/16704570900907146508/'],1981937601775885606,False,744,3028,1220,728,1548,0,0,0,0,1,1,1,[],[],0.03,,,,,,,96785
TilizeDeviceOperation,tt_dnn_device,2051,3,blackhole,{'enough_space_height': 'true'; 'enough_space_width': 'true'; 'output_dtype': 'DataType::BFLOAT16'; 'output_mem_config': 'MemoryConfig(memory_layout=TensorMemoryLayout::INTERLEAVED;buffer_type=BufferType::DRAM;shard_spec=std::nullopt;nd_shard_spec=std::nullopt;created_with_nd_shard_spec=0)'; 'sub_core_grids': 'std::nullopt'; 'use_low_perf': 'false'; 'use_multicore': 'true'},HiFi4,64,110,,,10942360750,10942434300,73550,4133835522742,4133835531625,145167217,145167217,6580,5588,5588,,,,153,5587,4653,4727,233,4827,,,,,,1[1],1[1],2048[2048],128[128],ROW_MAJOR,BFLOAT16,DEV_0_DRAM_INTERLEAVED,,,,,,,,,,,,,,,,,,,,,,,,,,,,,1[1],1[1],2048[2048],128[128],TILE,BFLOAT16,DEV_0_DRAM_INTERLEAVED,,,,,,,,,,,,,,,,,['ttnn/cpp/ttnn/kernel/compute/tilize.cpp'],['tilize/9207119747511123796/'],['ttnn/cpp/ttnn/operations/eltwise/unary/device/kernels/dataflow/writer_unary_interleaved_start_id.cpp'; 'ttnn/cpp/ttnn/operations/data_movement/tilize/device/kernels/dataflow/reader_unary_stick_layout_split_rows_multicore.cpp'],['writer_unary_interleaved_start_id/12823350331057913928/'; 'reader_unary_stick_layout_split_rows_multicore/5137991844069086675/'],14665545546871093180,False,1000,860,1168,768,2012,0,0,0,0,1,1,1,[],[],0.018,,,,,,,73550
TilizeWithValPaddingDeviceOperation,tt_dnn_device,3075,3,blackhole,{'enough_space_height': 'true'; 'enough_space_width': 'true'; 'output_dtype': 'DataType::BFLOAT16'; 'output_mem_config': 'MemoryConfig(memory_layout=TensorMemoryLayout::INTERLEAVED;buffer_type=BufferType::DRAM;shard_spec=std::nullopt;nd_shard_spec=std::nullopt;created_with_nd_shard_spec=0)'; 'output_padded_shape': 'Shape([1; 32; 32; 2048])'; 'pad_value': '0'; 'sub_core_grids': 'std::nullopt'; 'use_multicore': 'true'},HiFi4,64,110,,,16342985526,16343063064,77538,4141126255007,4141126363933,5400561938,5400561938,80686,79690,79690,,,,143,79690,79292,79321,72030,79360,,,,,,1[1],32[32],1[1],2048[2048],ROW_MAJOR,BFLOAT16,DEV_0_DRAM_INTERLEAVED,,,,,,,,,,,,,,,,,,,,,,,,,,,,,1[1],32[32],32[1],2048[2048],TILE,BFLOAT16,DEV_0_DRAM_INTERLEAVED,,,,,,,,,,,,,,,,,['ttnn/cpp/ttnn/operations/data_movement/tilize/device/kernels/compute/tilize_wh.cpp'],['tilize_wh/8876728746570214305/'],['ttnn/cpp/ttnn/operations/eltwise/unary/device/kernels/dataflow/writer_unary_interleaved_start_id_wh.cpp'; 'ttnn/cpp/ttnn/operations/data_movement/tilize_with_val_padding/device/kernels/dataflow/reader_unary_pad_multicore_both_dims.cpp'],['writer_unary_interleaved_start_id_wh/15858141054489627665/'; 'reader_unary_pad_multicore_both_dims/9594126363347415086/'],4319410885178359921,False,796,2980,1244,740,1668,0,0,0,0,1,1,1,[],[],0.001,,,,,,,77538
TilizeWithValPaddingDeviceOperation,tt_dnn_device,4099,3,blackhole,{'enough_space_height': 'true'; 'enough_space_width': 'true'; 'output_dtype': 'DataType::BFLOAT16'; 'output_mem_config': 'MemoryConfig(memory_layout=TensorMemoryLayout::INTERLEAVED;buffer_type=BufferType::DRAM;shard_spec=std::nullopt;nd_shard_spec=std::nullopt;created_with_nd_shard_spec=0)'; 'output_padded_shape': 'Shape([1; 32; 32; 128])'; 'pad_value': '0'; 'sub_core_grids': 'std::nullopt'; 'use_multicore': 'true'},HiFi4,32,110,,,16349727053,16349801165,74112,4141135339324,4141135349701,6649140,6649140,7687,6719,6719,,,,108,6717,4871,4908,205,5015,,,,,,1[1],32[32],1[1],128[128],ROW_MAJOR,BFLOAT16,DEV_0_DRAM_INTERLEAVED,,,,,,,,,,,,,,,,,,,,,,,,,,,,,1[1],32[32],32[1],128[128],TILE,BFLOAT16,DEV_0_DRAM_INTERLEAVED,,,,,,,,,,,,,,,,,['ttnn/cpp/ttnn/kernel/compute/tilize.cpp'],['tilize/9207119747511123796/'],['ttnn/cpp/ttnn/operations/eltwise/unary/device/kernels/dataflow/writer_unary_interleaved_start_id.cpp'; 'ttnn/cpp/ttnn/operations/data_movement/tilize_with_val_padding/device/kernels/dataflow/reader_unary_pad_dims_split_rows_multicore.cpp'],['writer_unary_interleaved_start_id/12823350331057913928/'; 'reader_unary_pad_dims_split_rows_multicore/15913063110563993903/'],1192794563243262169,False,1000,1852,1168,768,2012,0,0,0,0,1,1,1,[],[],0.015,,,,,,,74112
TilizeWithValPaddingDeviceOperation,tt_dnn_device,5123,3,blackhole,{'enough_space_height': 'true'; 'enough_space_width': 'true'; 'output_dtype': 'DataType::BFLOAT16'; 'output_mem_config': 'MemoryConfig(memory_layout=TensorMemoryLayout::INTERLEAVED;buffer_type=BufferType::DRAM;shard_spec=std::nullopt;nd_shard_spec=std::nullopt;created_with_nd_shard_spec=0)'; 'output_padded_shape': 'Shape([1; 32; 32; 128])'; 'pad_value': '0'; 'sub_core_grids': 'std::nullopt'; 'use_multicore': 'true'},HiFi4,32,110,,,16349908008,16349913789,5781,4141135582086,4141135592344,173121,173108,7599,6627,6625,,,,109,6622,4870,4901,209,5013,,,,,,1[1],32[32],1[1],128[128],ROW_MAJOR,BFLOAT16,DEV_0_DRAM_INTERLEAVED,,,,,,,,,,,,,,,,,,,,,,,,,,,,,1[1],32[32],32[1],128[128],TILE,BFLOAT16,DEV_0_DRAM_INTERLEAVED,,,,,,,,,,,,,,,,,['ttnn/cpp/ttnn/kernel/compute/tilize.cpp'],['tilize/9207119747511123796/'],['ttnn/cpp/ttnn/operations/eltwise/unary/device/kernels/dataflow/writer_unary_interleaved_start_id.cpp'; 'ttnn/cpp/ttnn/operations/data_movement/tilize_with_val_padding/device/kernels/dataflow/reader_unary_pad_dims_split_rows_multicore.cpp'],['writer_unary_interleaved_start_id/12823350331057913928/'; 'reader_unary_pad_dims_split_rows_multicore/15913063110563993903/'],1192794563243262169,False,1000,1852,1168,768,2012,0,0,0,0,1,1,1,[],[],0.015,,,,,,,5781
LayerNormDeviceOperation,tt_dnn_device,6147,3,blackhole,{'compute_kernel_config': 'ComputeKernelConfig(math_fidelity=HiFi4;math_approx_mode=1;fp32_dest_acc_en=0;packer_l1_acc=0;dst_full_sync_en=0;throttle_level=ThrottleLevel::NO_THROTTLE)'; 'distributed_norm_stage': 'DistributedLayerNormStage::NOT_DISTRIBUTED'; 'dtype': 'std::nullopt'; 'eps': '1e-06'; 'fused_activation': 'std::nullopt'; 'norm_type': 'LayerNormType::RMSNORM'; 'output_mem_config': 'MemoryConfig(memory_layout=TensorMemoryLayout::INTERLEAVED;buffer_type=BufferType::DRAM;shard_spec=std::nullopt;nd_shard_spec=std::nullopt;created_with_nd_shard_spec=0)'; 'program_config': 'LayerNormDefaultProgramConfig(legacy_reduction=0;legacy_rsqrt=0;use_welford=0)'},HiFi4,32,110,,,16354622460,16354697383,74923,4141141935964,4141141985200,4699940,4699940,36471,35535,35535,,,,513,35504,23338,34624,34567,34941,,,,,,1[1],32[32],32[1],2048[2048],TILE,BFLOAT16,DEV_0_DRAM_INTERLEAVED,1[1],1[1],32[1],2048[2048],TILE,BFLOAT16,DEV_0_DRAM_INTERLEAVED,,,,,,,,,,,,,,,,,,,,,,1[1],32[32],32[1],2048[2048],TILE,BFLOAT16,DEV_0_DRAM_INTERLEAVED,,,,,,,,,,,,,,,,,['ttnn/cpp/ttnn/operations/normalization/layernorm/device/kernels/compute/layernorm.cpp'],['layernorm/2715421386497350779/'],['ttnn/cpp/ttnn/operations/normalization/layernorm/device/kernels/dataflow/writer_unary_interleaved_start_id_blocked.cpp'; 'ttnn/cpp/ttnn/operations/normalization/layernorm/device/kernels/dataflow/reader_unary_interleaved_ln.cpp'],['writer_unary_interleaved_start_id_blocked/7143009526625848983/'; 'reader_unary_interleaved_ln/11410384521337529621/'],13520920397497685244,False,812,1684,3388,2536,3388,0,0,0,0,1,1,1,[],[],0.003,,,,,,,74923
ReshapeViewDeviceOperation,tt_dnn_device,7171,3,blackhole,{'logical_output_shape': 'Shape([1; 32; 2048])'; 'output_mem_config': 'MemoryConfig(memory_layout=TensorMemoryLayout::INTERLEAVED;buffer_type=BufferType::DRAM;shard_spec=std::nullopt;nd_shard_spec=std::nullopt;created_with_nd_shard_spec=0)'; 'padded_output_shape': 'Shape([1; 32; 2048])'; 'recreate_mapping_tensor': 'false'; 'sub_core_grid': 'std::nullopt'},,64,110,,,16357763160,16357822423,59263,4141146177216,4141146204968,3106154,3106154,20557,19556,19556,,,,125,19556,19109,,,,,,,,,1[1],32[32],32[1],2048[2048],TILE,BFLOAT16,DEV_0_DRAM_INTERLEAVED,,,,,,,,,,,,,,,,,,,,,,,,,,,,,1[1],1[1],32[32],2048[2048],TILE,BFLOAT16,DEV_0_DRAM_INTERLEAVED,,,,,,,,,,,,,,,,,[],[],['ttnn/cpp/ttnn/operations/data_movement/reshape_view/device/device/dataflow/writer_reshape_tiled.cpp'; 'ttnn/cpp/ttnn/operations/data_movement/reshape_view/device/device/dataflow/reader_reshape_tiled.cpp'],['writer_reshape_tiled/4267096035403228190/'; 'reader_reshape_tiled/11173047033745705692/'],2479539830318309128,False,1756,980,0,0,0,0,0,0,0,1,1,1,[],[],0.005,,,,,,,59263
InterleavedToShardedDeviceOperation,tt_dnn_device,8195,3,blackhole,"{'keep_l1_aligned': 'false'; 'output_dtype': 'DataType::BFLOAT16'; 'output_mem_config': 'MemoryConfig(memory_layout=TensorMemoryLayout::WIDTH_SHARDED;buffer_type=BufferType::L1;shard_spec=ShardSpec{grid=[{""start"":{""x"":0;""y"":0};""end"":{""x"":10;""y"":4}; {""start"":{""x"":0;""y"":5};""end"":{""x"":8;""y"":5}]; shape=[32; 32]; orientation=ShardOrientation::ROW_MAJOR};nd_shard_spec=std::nullopt;created_with_nd_shard_spec=0)'}",,64,110,,,16359667141,16359707949,40808,4141148748275,4141148750729,1886011,1886011,1818,819,819,,,,309,819,808,,,,,,,,,1[1],1[1],32[32],2048[2048],TILE,BFLOAT16,DEV_0_DRAM_INTERLEAVED,,,,,,,,,,,,,,,,,,,,,,,,,,,,,1[1],1[1],32[32],2048[2048],TILE,BFLOAT16,DEV_0_L1_WIDTH_SHARDED,,,,,,,,,,,,,,,,,[],[],['ttnn/cpp/ttnn/operations/data_movement/sharded/device/kernels/dataflow/writer_unary_sharded.cpp'; 'ttnn/cpp/ttnn/operations/data_movement/sharded/device/kernels/dataflow/reader_unary_sharded_blocks_interleaved_start_id.cpp'],['writer_unary_sharded/8354490188168529288/'; 'reader_unary_sharded_blocks_interleaved_start_id/13152932012666784011/'],13467495716338696620,False,384,876,0,0,0,0,0,0,0,1,1,1,[],[],0.122,,,,,,,40808
MatmulDeviceOperation,tt_dnn_device,9219,3,blackhole,"{'bcast_batch': 'true'; 'compute_kernel_config': 'ComputeKernelConfig(math_fidelity=LoFi;math_approx_mode=0;fp32_dest_acc_en=0;packer_l1_acc=1;dst_full_sync_en=0;throttle_level=ThrottleLevel::NO_THROTTLE)'; 'global_cb': 'std::nullopt'; 'output_dtype': 'DataType::BFLOAT16'; 'output_mem_config': 'MemoryConfig(memory_layout=TensorMemoryLayout::WIDTH_SHARDED;buffer_type=BufferType::L1;shard_spec=ShardSpec{grid=[{""start"":{""x"":0;""y"":0};""end"":{""x"":10;""y"":6}; {""start"":{""x"":0;""y"":7};""end"":{""x"":2;""y"":7}]; shape=[32; 64]; orientation=ShardOrientation::ROW_MAJOR};nd_shard_spec=std::nullopt;created_with_nd_shard_spec=0)'; 'output_tile': 'Tile(tile_shape={32; 32};face_shape={16; 16};num_faces=4)'; 'program_config': 'MatmulMultiCoreReuseMultiCastDRAMShardedProgramConfig(in0_block_w=1;per_core_M=1;per_core_N=2;fused_activation=std::nullopt)'; 'sub_device_id': 'std::nullopt'; 'transpose_a': 'false'; 'transpose_b': 'false'; 'untilize_out': 'false'; 'user_core_coord': 'std::nullopt'; 'user_fused_activation': 'std::nullopt'; 'user_run_batched': 'false'}",LoFi,110,110,,,16363993021,16364091229,98208,4141154591559,4141154659805,4327183,4327203,50553,49967,49953,,,,403,49901,47696,48650,48610,48821,,,,,,1[1],1[1],32[32],2048[2048],TILE,BFLOAT16,DEV_0_L1_WIDTH_SHARDED,1[1],1[1],2048[2048],5120[5120],TILE,BFLOAT8_B,DEV_0_DRAM_WIDTH_SHARDED,,,,,,,,,,,,,,,,,,,,,,1[1],1[1],32[32],5120[5120],TILE,BFLOAT16,DEV_0_L1_WIDTH_SHARDED,,,,,,,,,,,,,,,,,['ttnn/cpp/ttnn/operations/matmul/device/kernels/compute/bmm_large_block_zm_fused_bias_activation.cpp'],['bmm_large_block_zm_fused_bias_activation/210299265836442673/'],['ttnn/cpp/ttnn/operations/matmul/device/kernels/dataflow/reader_bmm_tile_layout_in1_sender_dram_sharded.cpp'; 'ttnn/cpp/ttnn/operations/matmul/device/kernels/dataflow/reader_bmm_tile_layout_in0_sender_dram_sharded.cpp'],['reader_bmm_tile_layout_in1_sender_dram_sharded/2065830847921050448/'; 'reader_bmm_tile_layout_in0_sender_dram_sharded/3163486512536001554/'],12296920714099552695,False,1740,1472,2284,2264,3408,0,0,0,0,19073,1104,19073,[6.872122764587402; 549.7698364257812],[17.180307388305664],2.209,,,,,,,98208
ShardedToInterleavedDeviceOperation,tt_dnn_device,10243,3,blackhole,{'num_slices': '1'; 'output_dtype': 'DataType::BFLOAT16'; 'output_mem_config': 'MemoryConfig(memory_layout=TensorMemoryLayout::INTERLEAVED;buffer_type=BufferType::DRAM;shard_spec=std::nullopt;nd_shard_spec=std::nullopt;created_with_nd_shard_spec=0)'; 'slice_index': '0'},,80,110,,,16365966716,16366002534,35818,4141157252691,4141157256072,1921972,1921972,2504,1587,1587,,,,169,1587,203,,,,,,,,,1[1],1[1],32[32],5120[5120],TILE,BFLOAT16,DEV_0_L1_WIDTH_SHARDED,,,,,,,,,,,,,,,,,,,,,,,,,,,,,1[1],1[1],32[32],5120[5120],TILE,BFLOAT16,DEV_0_DRAM_INTERLEAVED,,,,,,,,,,,,,,,,,[],[],['ttnn/cpp/ttnn/operations/data_movement/sharded/device/kernels/dataflow/writer_unary_sharded_blocks_interleaved_start_id.cpp'; 'ttnn/cpp/ttnn/operations/eltwise/unary/device/kernels/dataflow/reader_unary_sharded.cpp'],['writer_unary_sharded_blocks_interleaved_start_id/5884187274843898850/'; 'reader_unary_sharded/5324219487655416857/'],17443645908441431036,False,880,404,0,0,0,0,0,0,0,1,1,1,[],[],0.063,,,,,,,35818
NLPCreateQKVHeadsDecodeDeviceOperation,tt_dnn_device,11267,3,blackhole,"{'head_dim': '128'; 'input_on_subcoregrids': 'false'; 'num_kv_heads': '4'; 'num_q_heads': '32'; 'output_mem_config': 'MemoryConfig(memory_layout=TensorMemoryLayout::HEIGHT_SHARDED;buffer_type=BufferType::L1;shard_spec=ShardSpec{grid=[{""start"":{""x"":0;""y"":0};""end"":{""x"":10;""y"":9}]; shape=[0; 0]; orientation=ShardOrientation::ROW_MAJOR};nd_shard_spec=std::nullopt;created_with_nd_shard_spec=0)'; 'overlap_qk_coregrid': 'true'; 'slice_size': 'std::nullopt'}",,32,110,,,16367913488,16367955348,41860,4141159878629,4141159914836,1943556,1943556,26820,25891,25891,,,,228,25891,25665,,,,,,,,,1[1],1[1],32[32],5120[5120],TILE,BFLOAT16,DEV_0_DRAM_INTERLEAVED,,,,,,,,,,,,,,,,,,,,,,,,,,,,,1[1],32[32],32[32],128[128],TILE,BFLOAT16,DEV_0_L1_HEIGHT_SHARDED,1[1],32[32],32[4],128[128],TILE,BFLOAT16,DEV_0_L1_HEIGHT_SHARDED,1[1],32[32],32[4],128[128],TILE,BFLOAT16,DEV_0_L1_HEIGHT_SHARDED,,,[],[],['ttnn/cpp/ttnn/operations/experimental/transformer/nlp_create_qkv_heads_decode/device/kernels/reader_interleaved_tm_tile_layout_nlp_create_qkv_heads_decode.cpp'],['reader_interleaved_tm_tile_layout_nlp_create_qkv_heads_decode/5824328713435979520/'],11384096169099681095,False,1624,1592,0,0,0,0,0,0,0,1,1,1,[],[],0.004,,,,,,,41860
PagedUpdateCacheDeviceOperation,tt_dnn_device,12291,3,blackhole,{'batch_offset': '0'; 'block_size_override': 'std::nullopt'; 'cache_position_modulo': 'std::nullopt'; 'compute_kernel_config': 'ComputeKernelConfig(math_fidelity=LoFi;math_approx_mode=1;fp32_dest_acc_en=0;packer_l1_acc=0;dst_full_sync_en=0;throttle_level=ThrottleLevel::NO_THROTTLE)'; 'mesh_coords': 'std::nullopt'; 'num_kv_heads_override': 'std::nullopt'; 'share_cache': 'false'; 'update_idxs': '{}'},HiFi4,32,110,,,16371876517,16371930009,53492,4141165227979,4141165236783,3936284,3936625,6521,5584,5583,,,,339,5573,4146,4932,4704,5104,,,,,,32[32],4[4],32[32],128[128],TILE,BFLOAT8_B,DEV_0_DRAM_INTERLEAVED,1[1],32[32],32[4],128[128],TILE,BFLOAT16,DEV_0_L1_HEIGHT_SHARDED,1[1],1[1],1[1],32[32],ROW_MAJOR,INT32,DEV_0_DRAM_INTERLEAVED,1[1],1[1],32[32],1[1],ROW_MAJOR,INT32,DEV_0_DRAM_INTERLEAVED,,,,,,,,32[32],4[4],32[32],128[128],TILE,BFLOAT8_B,DEV_0_DRAM_INTERLEAVED,,,,,,,,,,,,,,,,,['ttnn/cpp/ttnn/operations/experimental/paged_cache/device/kernels/compute/update_cache.cpp'],['update_cache/3786271183349787049/'],['ttnn/cpp/ttnn/operations/experimental/paged_cache/device/kernels/dataflow/writer_update_cache_interleaved_start_id.cpp'; 'ttnn/cpp/ttnn/operations/experimental/paged_cache/device/kernels/dataflow/reader_update_cache_interleaved_start_id.cpp'],['writer_update_cache_interleaved_start_id/5231735904060124778/'; 'reader_update_cache_interleaved_start_id/16636840904146229965/'],17850678947177483186,False,1536,1312,2332,1760,4768,0,0,0,0,1,1,1,[],[],0.018,,,,,,,53492
PagedUpdateCacheDeviceOperation,tt_dnn_device,13315,3,blackhole,{'batch_offset': '0'; 'block_size_override': 'std::nullopt'; 'cache_position_modulo': 'std::nullopt'; 'compute_kernel_config': 'ComputeKernelConfig(math_fidelity=LoFi;math_approx_mode=1;fp32_dest_acc_en=0;packer_l1_acc=0;dst_full_sync_en=0;throttle_level=ThrottleLevel::NO_THROTTLE)'; 'mesh_coords': 'std::nullopt'; 'num_kv_heads_override': 'std::nullopt'; 'share_cache': 'false'; 'update_idxs': '{}'},HiFi4,32,110,,,16371956329,16371957421,1092,4141165337655,4141165346647,75658,75656,6661,5727,5726,,,,321,5723,4519,5103,4872,5271,,,,,,32[32],4[4],32[32],128[128],TILE,BFLOAT8_B,DEV_0_DRAM_INTERLEAVED,1[1],32[32],32[4],128[128],TILE,BFLOAT16,DEV_0_L1_HEIGHT_SHARDED,1[1],1[1],1[1],32[32],ROW_MAJOR,INT32,DEV_0_DRAM_INTERLEAVED,1[1],1[1],32[32],1[1],ROW_MAJOR,INT32,DEV_0_DRAM_INTERLEAVED,,,,,,,,32[32],4[4],32[32],128[128],TILE,BFLOAT8_B,DEV_0_DRAM_INTERLEAVED,,,,,,,,,,,,,,,,,['ttnn/cpp/ttnn/operations/experimental/paged_cache/device/kernels/compute/update_cache.cpp'],['update_cache/3786271183349787049/'],['ttnn/cpp/ttnn/operations/experimental/paged_cache/device/kernels/dataflow/writer_update_cache_interleaved_start_id.cpp'; 'ttnn/cpp/ttnn/operations/experimental/paged_cache/device/kernels/dataflow/reader_update_cache_interleaved_start_id.cpp'],['writer_update_cache_interleaved_start_id/5231735904060124778/'; 'reader_update_cache_interleaved_start_id/16636840904146229965/'],17850678947177483186,False,1536,1312,2332,1760,4768,0,0,0,0,1,1,1,[],[],0.017,,,,,,,1092
SdpaDecodeDeviceOperation,tt_dnn_device,14339,3,blackhole,{'block_size_override': 'std::nullopt'; 'cache_position_modulo': 'std::nullopt'; 'compute_kernel_config': 'ComputeKernelConfig(math_fidelity=LoFi;math_approx_mode=0;fp32_dest_acc_en=0;packer_l1_acc=1;dst_full_sync_en=0;throttle_level=ThrottleLevel::NO_THROTTLE)'; 'cur_pos': '{}'; 'head_dim_v': 'std::nullopt'; 'is_causal': 'true'; 'k_chunk_size': '0'; 'num_kv_heads_override': 'std::nullopt'; 'output_mem_config': 'MemoryConfig(memory_layout=TensorMemoryLayout::INTERLEAVED;buffer_type=BufferType::DRAM;shard_spec=std::nullopt;nd_shard_spec=std::nullopt;created_with_nd_shard_spec=0)'; 'paged_attention': 'true'; 'program_config': 'SDPAProgramConfig(compute_with_storage_grid_size=8-8;sub_core_grids=std::nullopt;q_chunk_size=0;k_chunk_size=0;exp_approx_mode=0;max_cores_per_head_batch=16)'; 'scale': '0.088388346'; 'share_cache': 'std::nullopt'; 'sliding_window_size': 'std::nullopt'; 'use_mla': 'std::nullopt'},LoFi,64,110,,,17197290109,17197409727,119618,4142279524570,4142279542417,825293339,825327754,13220,12590,12352,,,,607,12210,5754,9210,9473,9639,,,,,,1[1],32[32],32[32],128[128],TILE,BFLOAT16,DEV_0_L1_HEIGHT_SHARDED,32[32],4[4],32[32],128[128],TILE,BFLOAT8_B,DEV_0_DRAM_INTERLEAVED,32[32],4[4],32[32],128[128],TILE,BFLOAT8_B,DEV_0_DRAM_INTERLEAVED,1[1],1[1],1[1],32[32],ROW_MAJOR,INT32,DEV_0_DRAM_INTERLEAVED,1[1],1[1],32[32],1[1],ROW_MAJOR,INT32,DEV_0_DRAM_INTERLEAVED,1[1],32[32],32[32],128[128],TILE,BFLOAT16,DEV_0_DRAM_INTERLEAVED,,,,,,,,,,,,,,,,,['ttnn/cpp/ttnn/operations/transformer/sdpa_decode/device/kernels/compute/sdpa_flash_decode.cpp'],['sdpa_flash_decode/12550745090241879269/'],['ttnn/cpp/ttnn/operations/transformer/sdpa_decode/device/kernels/dataflow/writer_decode_all.cpp'; 'ttnn/cpp/ttnn/operations/transformer/sdpa_decode/device/kernels/dataflow/reader_decode_all.cpp'],['writer_decode_all/11795436985477260677/'; 'reader_decode_all/16097133390207400318/'],14467347661632902198,False,4976,2600,14120,14092,11548,0,0,0,0,1,1,1,[],[],0.008,,,,,,,119618
InterleavedToShardedDeviceOperation,tt_dnn_device,15363,3,blackhole,"{'keep_l1_aligned': 'false'; 'output_dtype': 'DataType::BFLOAT16'; 'output_mem_config': 'MemoryConfig(memory_layout=TensorMemoryLayout::HEIGHT_SHARDED;buffer_type=BufferType::L1;shard_spec=ShardSpec{grid=[{""start"":{""x"":0;""y"":0};""end"":{""x"":7;""y"":3}]; shape=[32; 128]; orientation=ShardOrientation::ROW_MAJOR};nd_shard_spec=std::nullopt;created_with_nd_shard_spec=0)'}",,32,110,,,17199584565,17199631325,46760,4142282614595,4142282616949,2276161,2276161,1744,1197,1197,,,,153,1169,1181,,,,,,,,,1[1],32[32],32[32],128[128],TILE,BFLOAT16,DEV_0_DRAM_INTERLEAVED,,,,,,,,,,,,,,,,,,,,,,,,,,,,,1[1],32[32],32[32],128[128],TILE,BFLOAT16,DEV_0_L1_HEIGHT_SHARDED,,,,,,,,,,,,,,,,,[],[],['ttnn/cpp/ttnn/operations/data_movement/sharded/device/kernels/dataflow/writer_unary_sharded.cpp'; 'ttnn/cpp/ttnn/operations/data_movement/sharded/device/kernels/dataflow/reader_unary_sharded_blocks_interleaved_start_id.cpp'],['writer_unary_sharded/8354490188168529288/'; 'reader_unary_sharded_blocks_interleaved_start_id/10917281480853109555/'],9963275708905747149,False,384,876,0,0,0,0,0,0,0,1,1,1,[],[],0.084,,,,,,,46760
NLPConcatHeadsDecodeDeviceOperation,tt_dnn_device,16387,3,blackhole,{'num_heads': '32'; 'on_subcoregrids': 'false'; 'sub_core_grids': 'std::nullopt'},,32,110,,,17201578218,17201627271,49053,4142285308281,4142285316770,1994434,1994434,6288,5342,5342,,,,204,5341,5055,,,,,,,,,1[1],32[32],32[32],128[128],TILE,BFLOAT16,DEV_0_L1_HEIGHT_SHARDED,,,,,,,,,,,,,,,,,,,,,,,,,,,,,1[1],1[1],32[32],4096[4096],TILE,BFLOAT16,DEV_0_L1_WIDTH_SHARDED,,,,,,,,,,,,,,,,,[],[],['ttnn/cpp/ttnn/operations/experimental/transformer/nlp_concat_heads_decode/device/kernels/dataflow/reader_tm_tile_layout_nlp_concat_heads_decode.cpp'],['reader_tm_tile_layout_nlp_concat_heads_decode/8374737858695605044/'],538137558575981589,False,772,744,0,0,0,0,0,0,0,1,1,1,[],[],0.019,,,,,,,49053
ReshardDeviceOperation,tt_dnn_device,17411,3,blackhole,"{'output_mem_config': 'MemoryConfig(memory_layout=TensorMemoryLayout::WIDTH_SHARDED;buffer_type=BufferType::L1;shard_spec=ShardSpec{grid=[{""start"":{""x"":0;""y"":0};""end"":{""x"":10;""y"":4}; {""start"":{""x"":0;""y"":5};""end"":{""x"":8;""y"":5}]; shape=[32; 64]; orientation=ShardOrientation::ROW_MAJOR};nd_shard_spec=std::nullopt;created_with_nd_shard_spec=0)'}",,64,110,,,17204321249,17204363830,42581,4142289012647,4142289015393,2739450,2739450,2034,1044,1044,,,,171,211,1044,,,,,,,,,1[1],1[1],32[32],4096[4096],TILE,BFLOAT16,DEV_0_L1_WIDTH_SHARDED,,,,,,,,,,,,,,,,,,,,,,,,,,,,,1[1],1[1],32[32],4096[4096],TILE,BFLOAT16,DEV_0_L1_WIDTH_SHARDED,,,,,,,,,,,,,,,,,[],[],['ttnn/cpp/ttnn/operations/data_movement/sharded/device/kernels/dataflow/reshard_reader.cpp'],['reshard_reader/65709687602297981/'],14632346182569701742,False,924,912,0,0,0,0,0,0,0,1,1,1,[],[],0.096,,,,,,,42581
MatmulDeviceOperation,tt_dnn_device,18435,3,blackhole,"{'bcast_batch': 'true'; 'compute_kernel_config': 'ComputeKernelConfig(math_fidelity=LoFi;math_approx_mode=0;fp32_dest_acc_en=0;packer_l1_acc=1;dst_full_sync_en=0;throttle_level=ThrottleLevel::NO_THROTTLE)'; 'global_cb': 'std::nullopt'; 'output_dtype': 'DataType::BFLOAT16'; 'output_mem_config': 'MemoryConfig(memory_layout=TensorMemoryLayout::WIDTH_SHARDED;buffer_type=BufferType::L1;shard_spec=ShardSpec{grid=[{""start"":{""x"":0;""y"":0};""end"":{""x"":10;""y"":4}; {""start"":{""x"":0;""y"":5};""end"":{""x"":8;""y"":5}]; shape=[32; 32]; orientation=ShardOrientation::ROW_MAJOR};nd_shard_spec=std::nullopt;created_with_nd_shard_spec=0)'; 'output_tile': 'Tile(tile_shape={32; 32};face_shape={16; 16};num_faces=4)'; 'program_config': 'MatmulMultiCoreReuseMultiCastDRAMShardedProgramConfig(in0_block_w=2;per_core_M=1;per_core_N=1;fused_activation=std::nullopt)'; 'sub_device_id': 'std::nullopt'; 'transpose_a': 'false'; 'transpose_b': 'false'; 'untilize_out': 'false'; 'user_core_coord': 'std::nullopt'; 'user_fused_activation': 'std::nullopt'; 'user_run_batched': 'false'}",LoFi,110,110,,,17208793970,17208879182,85212,4142295057203,4142295121292,4476047,4476020,47473,46884,46868,,,,232,46827,45490,45773,45809,46090,,,,,,1[1],1[1],32[32],4096[4096],TILE,BFLOAT16,DEV_0_L1_WIDTH_SHARDED,1[1],1[1],4096[4096],2048[2048],TILE,BFLOAT8_B,DEV_0_DRAM_WIDTH_SHARDED,,,,,,,,,,,,,,,,,,,,,,1[1],1[1],32[32],2048[2048],TILE,BFLOAT16,DEV_0_L1_WIDTH_SHARDED,,,,,,,,,,,,,,,,,['ttnn/cpp/ttnn/operations/matmul/device/kernels/compute/bmm_large_block_zm_fused_bias_activation.cpp'],['bmm_large_block_zm_fused_bias_activation/6533007026353507722/'],['ttnn/cpp/ttnn/operations/matmul/device/kernels/dataflow/reader_bmm_tile_layout_in1_sender_dram_sharded.cpp'; 'ttnn/cpp/ttnn/operations/matmul/device/kernels/dataflow/reader_bmm_tile_layout_in0_sender_dram_sharded.cpp'],['reader_bmm_tile_layout_in1_sender_dram_sharded/3145115992159780370/'; 'reader_bmm_tile_layout_in0_sender_dram_sharded/1207622848561715277/'],12780468715689912648,False,1728,1464,2224,2200,3528,0,0,0,0,15258,883,15258,[17.180757522583008; 549.7842407226562],[8.590378761291504],1.883,,,,,,,85212
ShardedToInterleavedDeviceOperation,tt_dnn_device,19459,3,blackhole,{'num_slices': '1'; 'output_dtype': 'DataType::BFLOAT16'; 'output_mem_config': 'MemoryConfig(memory_layout=TensorMemoryLayout::INTERLEAVED;buffer_type=BufferType::DRAM;shard_spec=std::nullopt;nd_shard_spec=std::nullopt;created_with_nd_shard_spec=0)'; 'slice_index': '0'},,64,110,,,17209152123,17209186228,34105,4142295535308,4142295537753,307780,307780,1811,827,827,,,,176,827,225,,,,,,,,,1[1],1[1],32[32],2048[2048],TILE,BFLOAT16,DEV_0_L1_WIDTH_SHARDED,,,,,,,,,,,,,,,,,,,,,,,,,,,,,1[1],1[1],32[32],2048[2048],TILE,BFLOAT16,DEV_0_DRAM_INTERLEAVED,,,,,,,,,,,,,,,,,[],[],['ttnn/cpp/ttnn/operations/data_movement/sharded/device/kernels/dataflow/writer_unary_sharded_blocks_interleaved_start_id.cpp'; 'ttnn/cpp/ttnn/operations/eltwise/unary/device/kernels/dataflow/reader_unary_sharded.cpp'],['writer_unary_sharded_blocks_interleaved_start_id/5884187274843898850/'; 'reader_unary_sharded/5324219487655416857/'],8316028533648037522,False,880,404,0,0,0,0,0,0,0,1,1,1,[],[],0.121,,,,,,,34105
TransposeDeviceOperation,tt_dnn_device,20483,3,blackhole,{'dim': 'TransposeOpDim::HC'; 'output_mem_config': 'MemoryConfig(memory_layout=TensorMemoryLayout::INTERLEAVED;buffer_type=BufferType::DRAM;shard_spec=std::nullopt;nd_shard_spec=std::nullopt;created_with_nd_shard_spec=0)'; 'pad_value': '0'},,110,110,,,17211111369,17211157618,46249,4142298181189,4142298204297,1958657,1958657,17117,16504,16504,,,,163,16503,1174,,,,,,,,,1[1],1[1],32[32],2048[2048],TILE,BFLOAT16,DEV_0_DRAM_INTERLEAVED,,,,,,,,,,,,,,,,,,,,,,,,,,,,,1[1],32[32],32[1],2048[2048],TILE,BFLOAT16,DEV_0_DRAM_INTERLEAVED,,,,,,,,,,,,,,,,,[],[],['ttnn/cpp/ttnn/operations/data_movement/transpose/device/kernels/dataflow/writer_unary_transpose_hc_interleaved_tiled_padding_aware.cpp'; 'ttnn/cpp/ttnn/operations/data_movement/transpose/device/kernels/dataflow/reader_unary_transpose_hc_interleaved_tiled_padding_aware.cpp'],['writer_unary_transpose_hc_interleaved_tiled_padding_aware/2216037895338823001/'; 'reader_unary_transpose_hc_interleaved_tiled_padding_aware/4505066741605229875/'],2360672155277259250,False,1220,740,0,0,0,0,0,0,0,13463,13463,7629,[9.735719680786133],[311.54302978515625],81.574,,,,,,,46249
ReshapeViewDeviceOperation,tt_dnn_device,21507,3,blackhole,{'logical_output_shape': 'Shape([1; 32; 2048])'; 'output_mem_config': 'MemoryConfig(memory_layout=TensorMemoryLayout::INTERLEAVED;buffer_type=BufferType::DRAM;shard_spec=std::nullopt;nd_shard_spec=std::nullopt;created_with_nd_shard_spec=0)'; 'padded_output_shape': 'Shape([1; 32; 2048])'; 'recreate_mapping_tensor': 'false'; 'sub_core_grid': 'std::nullopt'},,64,110,,,17211229044,17211230807,1763,4142298338356,4142298366231,100312,100312,20648,19645,19645,,,,129,19643,19191,,,,,,,,,1[1],32[32],32[1],2048[2048],TILE,BFLOAT16,DEV_0_DRAM_INTERLEAVED,,,,,,,,,,,,,,,,,,,,,,,,,,,,,1[1],1[1],32[32],2048[2048],TILE,BFLOAT16,DEV_0_DRAM_INTERLEAVED,,,,,,,,,,,,,,,,,[],[],['ttnn/cpp/ttnn/operations/data_movement/reshape_view/device/device/dataflow/writer_reshape_tiled.cpp'; 'ttnn/cpp/ttnn/operations/data_movement/reshape_view/device/device/dataflow/reader_reshape_tiled.cpp'],['writer_reshape_tiled/4267096035403228190/'; 'reader_reshape_tiled/11173047033745705692/'],2479539830318309128,False,1756,980,0,0,0,0,0,0,0,1,1,1,[],[],0.005,,,,,,,1763
MatmulDeviceOperation,tt_dnn_device,22531,3,blackhole,{'bcast_batch': 'true'; 'compute_kernel_config': 'ComputeKernelConfig(math_fidelity=HiFi2;math_approx_mode=0;fp32_dest_acc_en=0;packer_l1_acc=1;dst_full_sync_en=0;throttle_level=ThrottleLevel::NO_THROTTLE)'; 'global_cb': 'std::nullopt'; 'output_dtype': 'DataType::BFLOAT16'; 'output_mem_config': 'MemoryConfig(memory_layout=TensorMemoryLayout::INTERLEAVED;buffer_type=BufferType::DRAM;shard_spec=std::nullopt;nd_shard_spec=std::nullopt;created_with_nd_shard_spec=0)'; 'output_tile': 'Tile(tile_shape={32; 32};face_shape={16; 16};num_faces=4)'; 'program_config': 'MatmulMultiCoreReuseMultiCast1DProgramConfig(compute_with_storage_grid_size=11-10;in0_block_w=2;out_subblock_h=1;out_subblock_w=1;out_block_h=1;out_block_w=1;per_core_M=1;per_core_N=1;fuse_batch=0;fused_activation=std::nullopt;mcast_in0=1;gather_in0=0;hop_cores={};num_global_cb_receivers=0;untilize_out=0;allowed_worker_cores={[0-0 - 10-9]})'; 'sub_device_id': 'std::nullopt'; 'transpose_a': 'false'; 'transpose_b': 'false'; 'untilize_out': 'false'; 'user_core_coord': 'std::nullopt'; 'user_fused_activation': 'std::nullopt'; 'user_run_batched': 'false'},HiFi2,4,110,,,17215782428,17215857251,74823,4142304484070,4142304518441,4532653,4532681,25460,24511,24497,,,,139,24489,23781,23998,23957,24041,,,,,,1[1],1[1],32[32],2048[2048],TILE,BFLOAT16,DEV_0_DRAM_INTERLEAVED,1[1],1[1],2048[2048],128[128],TILE,BFLOAT16,DEV_0_DRAM_INTERLEAVED,,,,,,,,,,,,,,,,,,,,,,1[1],1[1],32[32],128[128],TILE,BFLOAT16,DEV_0_DRAM_INTERLEAVED,,,,,,,,,,,,,,,,,['ttnn/cpp/ttnn/operations/matmul/device/kernels/compute/bmm_large_block_zm_fused_bias_activation.cpp'],['bmm_large_block_zm_fused_bias_activation/942525137029099931/'],['ttnn/cpp/ttnn/operations/matmul/device/kernels/dataflow/reader_bmm_tile_layout_in1_sender_writer_padding.cpp'; 'ttnn/cpp/ttnn/operations/matmul/device/kernels/dataflow/reader_bmm_tile_layout_in0_receiver.cpp'; 'ttnn/cpp/ttnn/operations/matmul/device/kernels/dataflow/reader_bmm_tile_layout_in0_sender_padding.cpp'],['reader_bmm_tile_layout_in1_sender_writer_padding/7747605843580814394/'; 'reader_bmm_tile_layout_in0_receiver/11847109078087111066/'; 'reader_bmm_tile_layout_in0_sender_padding/5402803145243945533/'],13550181154860904601,False,1556,1084,1992,1796,2344,0,0,0,0,953,56,953,[137.53619384765625; 550.144775390625],[8.596012115478516],0.228,,,,,,,74823
TopKDeviceOperation,tt_dnn_device,23555,3,blackhole,{'dim': '-1'; 'k': '32'; 'largest': 'true'; 'output_memory_config': 'MemoryConfig(memory_layout=TensorMemoryLayout::INTERLEAVED;buffer_type=BufferType::DRAM;shard_spec=std::nullopt;nd_shard_spec=std::nullopt;created_with_nd_shard_spec=0)'; 'sorted': 'true'; 'sub_core_grids': '{[0-0 - 10-9]}'},HiFi4,1,110,,,17220066609,17220108589,41980,4142310266731,4142310300831,4258592,4258592,25259,24692,24692,,,,202,24618,16532,23939,24001,24186,,,,,,1[1],1[1],32[32],128[128],TILE,BFLOAT16,DEV_0_DRAM_INTERLEAVED,,,,,,,,,,,,,,,,,,,,,,,,,,,,,1[1],1[1],32[32],32[32],TILE,BFLOAT16,DEV_0_DRAM_INTERLEAVED,1[1],1[1],32[32],32[32],TILE,UINT16,DEV_0_DRAM_INTERLEAVED,,,,,,,,,,['ttnn/cpp/ttnn/operations/reduction/topk/device/kernels/compute/topk.cpp'],['topk/8679865028900713769/'],['ttnn/cpp/ttnn/operations/reduction/topk/device/kernels/dataflow/writer_binary_interleaved.cpp'; 'ttnn/cpp/ttnn/operations/reduction/topk/device/kernels/dataflow/reader_create_index_tensor.cpp'],['writer_binary_interleaved/2668655102038004167/'; 'reader_create_index_tensor/4964966769969383863/'],7304848548387796468,False,908,948,6532,5432,4580,0,0,0,0,1,1,1,[],[],0.004,,,,,,,41980
SliceDeviceOperation,tt_dnn_device,24579,3,blackhole,{'num_devices': 'std::nullopt'; 'output_mem_config': 'MemoryConfig(memory_layout=TensorMemoryLayout::INTERLEAVED;buffer_type=BufferType::DRAM;shard_spec=std::nullopt;nd_shard_spec=std::nullopt;created_with_nd_shard_spec=0)'; 'slice_dim': 'std::nullopt'; 'slice_end': 'Shape([1; 1; 32; 32])'; 'slice_start': 'Shape([0; 0; 0; 0])'; 'step': 'Shape([1; 1; 1; 1])'; 'sub_core_grids': 'std::nullopt'; 'use_tensor_args': 'false'},,1,110,,,17221795045,17221841784,46739,4142312598802,4142312600539,1702407,1702407,1287,748,748,,,,1,747,567,,,,,,,,,1[1],1[1],32[32],32[32],TILE,BFLOAT16,DEV_0_DRAM_INTERLEAVED,,,,,,,,,,,,,,,,,,,,,,,,,,,,,1[1],1[1],32[32],32[32],TILE,BFLOAT16,DEV_0_DRAM_INTERLEAVED,,,,,,,,,,,,,,,,,[],[],['ttnn/cpp/ttnn/operations/data_movement/slice/device/kernels/dataflow/writer_unary_interleaved_start_id.cpp'; 'ttnn/cpp/ttnn/operations/data_movement/slice/device/kernels/dataflow/reader_unary_unpad_dims_interleaved_start_id.cpp'],['writer_unary_interleaved_start_id/11396476643056635318/'; 'reader_unary_unpad_dims_interleaved_start_id/15985850001773238796/'],2175142502278001220,False,680,716,0,0,0,0,0,0,0,429,429,3,[4.773892879486084],[4.773892879486084],57.353,,,,,,,46739
SliceDeviceOperation,tt_dnn_device,25603,3,blackhole,{'num_devices': 'std::nullopt'; 'output_mem_config': 'MemoryConfig(memory_layout=TensorMemoryLayout::INTERLEAVED;buffer_type=BufferType::DRAM;shard_spec=std::nullopt;nd_shard_spec=std::nullopt;created_with_nd_shard_spec=0)'; 'slice_dim': 'std::nullopt'; 'slice_end': 'Shape([1; 1; 32; 32])'; 'slice_start': 'Shape([0; 0; 0; 0])'; 'step': 'Shape([1; 1; 1; 1])'; 'sub_core_grids': 'std::nullopt'; 'use_tensor_args': 'false'},,1,110,,,17223555122,17223602893,47771,4142314973958,4142314975687,1758882,1758882,1281,749,749,,,,4,745,556,,,,,,,,,1[1],1[1],32[32],32[32],TILE,UINT16,DEV_0_DRAM_INTERLEAVED,,,,,,,,,,,,,,,,,,,,,,,,,,,,,1[1],1[1],32[32],32[32],TILE,UINT16,DEV_0_DRAM_INTERLEAVED,,,,,,,,,,,,,,,,,[],[],['ttnn/cpp/ttnn/operations/data_movement/slice/device/kernels/dataflow/writer_unary_interleaved_start_id.cpp'; 'ttnn/cpp/ttnn/operations/data_movement/slice/device/kernels/dataflow/reader_unary_unpad_dims_interleaved_start_id.cpp'],['writer_unary_interleaved_start_id/13355930290814581581/'; 'reader_unary_unpad_dims_interleaved_start_id/1108021301349754100/'],7797951684992461054,False,680,716,0,0,0,0,0,0,0,429,429,3,[4.773892879486084],[4.773892879486084],57.276,,,,,,,47771
UnaryDeviceOperation,tt_dnn_device,26627,3,blackhole,{'bfp8_pack_precise': 'false'; 'fp32_dest_acc_en': 'false'; 'memory_config': 'MemoryConfig(memory_layout=TensorMemoryLayout::INTERLEAVED;buffer_type=BufferType::DRAM;shard_spec=std::nullopt;nd_shard_spec=std::nullopt;created_with_nd_shard_spec=0)'; 'op_chain': '{BasicUnaryWithParam<float; int; unsigned int>(base=BasicUnaryWithParam<float>(op_type=UnaryOpType::SIGMOID;param={4; 0}))}'; 'output_dtype': 'DataType::BFLOAT16'; 'preserve_fp32_precision': 'false'; 'sub_core_grids': 'std::nullopt'; 'worker_grid': '{[0-0 - 10-9]}'},HiFi4,110,110,,,17227786733,17227848721,61988,4142320692201,4142320695727,4234651,4234651,2612,2025,2025,,,,182,1989,702,739,1541,348,,,,,,1[1],1[1],32[32],32[8],TILE,BFLOAT16,DEV_0_DRAM_INTERLEAVED,,,,,,,,,,,,,,,,,,,,,,,,,,,,,1[1],1[1],32[32],32[8],TILE,BFLOAT16,DEV_0_DRAM_INTERLEAVED,,,,,,,,,,,,,,,,,['ttnn/cpp/ttnn/operations/eltwise/unary/device/kernels/compute/eltwise_sfpu.cpp'],['eltwise_sfpu/17254425182357590235/'],['ttnn/cpp/ttnn/operations/eltwise/unary/device/kernels/dataflow/writer_unary.cpp'; 'ttnn/cpp/ttnn/operations/eltwise/unary/device/kernels/dataflow/reader_unary.cpp'],['writer_unary/17308908021593325674/'; 'reader_unary/7914283486036039746/'],1433205122739524802,False,1000,924,1060,1132,1260,0,0,0,0,1,1,1,[],[],0.049,,,,,,,61988
UnaryDeviceOperation,tt_dnn_device,27651,3,blackhole,{'bfp8_pack_precise': 'false'; 'fp32_dest_acc_en': 'false'; 'memory_config': 'MemoryConfig(memory_layout=TensorMemoryLayout::INTERLEAVED;buffer_type=BufferType::DRAM;shard_spec=std::nullopt;nd_shard_spec=std::nullopt;created_with_nd_shard_spec=0)'; 'op_chain': '{BasicUnaryWithParam<float; int; unsigned int>(base=BasicUnaryWithParam<float>(op_type=UnaryOpType::FILL;param={0}))}'; 'output_dtype': 'DataType::BFLOAT16'; 'preserve_fp32_precision': 'false'; 'sub_core_grids': 'std::nullopt'; 'worker_grid': '{[0-0 - 10-9]}'},HiFi4,110,110,,,17230766205,17230822603,56398,4142324713304,4142324715588,2976573,2977879,1692,1100,1099,,,,177,1084,613,658,694,417,,,,,,1[1],1[1],32[32],128[128],TILE,BFLOAT16,DEV_0_DRAM_INTERLEAVED,,,,,,,,,,,,,,,,,,,,,,,,,,,,,1[1],1[1],32[32],128[128],TILE,BFLOAT16,DEV_0_DRAM_INTERLEAVED,,,,,,,,,,,,,,,,,['ttnn/cpp/ttnn/operations/eltwise/unary/device/kernels/compute/eltwise_sfpu.cpp'],['eltwise_sfpu/14928341353554394541/'],['ttnn/cpp/ttnn/operations/eltwise/unary/device/kernels/dataflow/writer_unary.cpp'; 'ttnn/cpp/ttnn/operations/eltwise/unary/device/kernels/dataflow/reader_unary.cpp'],['writer_unary/17308908021593325674/'; 'reader_unary/7914283486036039746/'],17376454958624202605,False,1000,924,1060,856,1260,0,0,0,0,1,1,1,[],[],0.091,,,,,,,56398
UntilizeDeviceOperation,tt_dnn_device,28675,3,blackhole,{'enough_space_height': 'true'; 'enough_space_width': 'true'; 'fp32_dest_acc_en': 'false'; 'output_mem_config': 'MemoryConfig(memory_layout=TensorMemoryLayout::INTERLEAVED;buffer_type=BufferType::DRAM;shard_spec=std::nullopt;nd_shard_spec=std::nullopt;created_with_nd_shard_spec=0)'; 'pf_type': '2'; 'sub_core_grids': 'std::nullopt'; 'use_multicore': 'true'},HiFi4,1,110,,,17234629493,17234676904,47411,4142329925323,4142329931070,3860106,3859301,4257,3719,3716,,,,73,3646,1585,1609,1656,1904,,,,,,1[1],1[1],32[32],128[128],TILE,BFLOAT16,DEV_0_DRAM_INTERLEAVED,,,,,,,,,,,,,,,,,,,,,,,,,,,,,1[1],1[1],32[32],128[128],ROW_MAJOR,BFLOAT16,DEV_0_DRAM_INTERLEAVED,,,,,,,,,,,,,,,,,['ttnn/cpp/ttnn/operations/data_movement/untilize/device/kernels/compute/untilize_variable_num_blocks.cpp'],['untilize_variable_num_blocks/5225429762567392534/'],['ttnn/cpp/ttnn/operations/data_movement/untilize/device/kernels/dataflow/writer_unary_stick_layout_split_rows_multi_core.cpp'; 'ttnn/cpp/ttnn/operations/data_movement/untilize/device/kernels/dataflow/reader_unary_start_id.cpp'],['writer_unary_stick_layout_split_rows_multi_core/90896511080821434/'; 'reader_unary_start_id/9088430955735964568/'],10491042520524766586,False,1276,624,1168,964,2680,0,0,0,0,724,724,14,[11.31491756439209],[11.31491756439209],19.468,,,,,,,47411
UntilizeWithUnpaddingDeviceOperation,tt_dnn_device,29699,3,blackhole,{'enough_space_height': 'true'; 'fp32_dest_acc_en': 'false'; 'output_mem_config': 'MemoryConfig(memory_layout=TensorMemoryLayout::INTERLEAVED;buffer_type=BufferType::DRAM;shard_spec=std::nullopt;nd_shard_spec=std::nullopt;created_with_nd_shard_spec=0)'; 'output_tensor_end': 'Shape([31; 7])'; 'sub_core_grids': 'std::nullopt'; 'use_multicore': 'true'},HiFi4,1,110,,,17238331313,17238376109,44796,4142334922695,4142334936157,3697949,3697949,9972,9445,9445,,,,109,9336,501,514,117,710,,,,,,1[1],1[1],32[32],32[8],TILE,UINT16,DEV_0_DRAM_INTERLEAVED,,,,,,,,,,,,,,,,,,,,,,,,,,,,,1[1],1[1],32[32],8[8],ROW_MAJOR,UINT16,DEV_0_DRAM_INTERLEAVED,,,,,,,,,,,,,,,,,['ttnn/cpp/ttnn/operations/data_movement/untilize/device/kernels/compute/untilize.cpp'],['untilize/14659225964938679449/'],['ttnn/cpp/ttnn/operations/data_movement/untilize_with_unpadding/device/kernels/dataflow/writer_unary_stick_layout_split_rows_multicore.cpp'; 'ttnn/cpp/ttnn/operations/eltwise/unary/device/kernels/dataflow/reader_unary_interleaved_start_id.cpp'],['writer_unary_stick_layout_split_rows_multicore/4720355238896889287/'; 'reader_unary_interleaved_start_id/9735162635154385579/'],13132750209399612513,False,1564,924,1040,788,2356,0,0,0,0,1606,1606,3,[1.275217890739441],[0.31880447268486023],17.004,,,,,,,44796
UntilizeWithUnpaddingDeviceOperation,tt_dnn_device,30723,3,blackhole,{'enough_space_height': 'true'; 'fp32_dest_acc_en': 'false'; 'output_mem_config': 'MemoryConfig(memory_layout=TensorMemoryLayout::INTERLEAVED;buffer_type=BufferType::DRAM;shard_spec=std::nullopt;nd_shard_spec=std::nullopt;created_with_nd_shard_spec=0)'; 'output_tensor_end': 'Shape([31; 7])'; 'sub_core_grids': 'std::nullopt'; 'use_multicore': 'true'},HiFi4,1,110,,,17242008867,17242052260,43393,4142339887399,4142339900878,3668085,3668085,9984,9428,9428,,,,62,9366,498,543,136,710,,,,,,1[1],1[1],32[32],32[8],TILE,BFLOAT16,DEV_0_DRAM_INTERLEAVED,,,,,,,,,,,,,,,,,,,,,,,,,,,,,1[1],1[1],32[32],8[8],ROW_MAJOR,BFLOAT16,DEV_0_DRAM_INTERLEAVED,,,,,,,,,,,,,,,,,['ttnn/cpp/ttnn/operations/data_movement/untilize/device/kernels/compute/untilize.cpp'],['untilize/4715010967245292982/'],['ttnn/cpp/ttnn/operations/data_movement/untilize_with_unpadding/device/kernels/dataflow/writer_unary_stick_layout_split_rows_multicore.cpp'; 'ttnn/cpp/ttnn/operations/eltwise/unary/device/kernels/dataflow/reader_unary_interleaved_start_id.cpp'],['writer_unary_stick_layout_split_rows_multicore/3692805883673047670/'; 'reader_unary_interleaved_start_id/14429317243173019626/'],1350775133788877157,False,1564,924,1040,788,2352,0,0,0,0,1606,1606,3,[1.275217890739441],[0.31880447268486023],17.034,,,,,,,43393
ScatterDeviceOperation,tt_dnn_device,31747,3,blackhole,{'dim': '1'; 'opt_reduction': 'ScatterReductionType::INVALID'; 'output_memory_config': 'MemoryConfig(memory_layout=TensorMemoryLayout::INTERLEAVED;buffer_type=BufferType::DRAM;shard_spec=std::nullopt;nd_shard_spec=std::nullopt;created_with_nd_shard_spec=0)'; 'sub_core_grid': 'std::nullopt'},,32,110,,,17243896417,17243940481,44064,4142342437088,4142342442712,1879889,1879889,4166,3193,3193,,,,102,3193,2925,,,,,,,,,1[1],1[1],32[32],128[128],ROW_MAJOR,BFLOAT16,DEV_0_DRAM_INTERLEAVED,1[1],1[1],32[32],8[8],ROW_MAJOR,UINT16,DEV_0_DRAM_INTERLEAVED,1[1],1[1],32[32],8[8],ROW_MAJOR,BFLOAT16,DEV_0_DRAM_INTERLEAVED,,,,,,,,,,,,,,,1[1],1[1],32[32],128[128],ROW_MAJOR,BFLOAT16,DEV_0_DRAM_INTERLEAVED,,,,,,,,,,,,,,,,,[],[],['ttnn/cpp/ttnn/operations/data_movement/scatter/device/kernels/dataflow/writer_scatter.cpp'; 'ttnn/cpp/ttnn/operations/data_movement/scatter/device/kernels/dataflow/reader_scatter.cpp'],['writer_scatter/12036046600388805223/'; 'reader_scatter/13590767754617400688/'],2391787160877372169,False,792,2272,0,0,0,0,0,0,0,466,466,14,[17.57939910888672],[17.57939910888672],14.594,,,,,,,44064
TilizeDeviceOperation,tt_dnn_device,32771,3,blackhole,{'enough_space_height': 'true'; 'enough_space_width': 'true'; 'output_dtype': 'DataType::BFLOAT16'; 'output_mem_config': 'MemoryConfig(memory_layout=TensorMemoryLayout::INTERLEAVED;buffer_type=BufferType::DRAM;shard_spec=std::nullopt;nd_shard_spec=std::nullopt;created_with_nd_shard_spec=0)'; 'sub_core_grids': 'std::nullopt'; 'use_low_perf': 'false'; 'use_multicore': 'true'},HiFi4,1,110,,,17244095266,17244128921,33655,4142342704911,4142342708295,194771,194838,2507,1972,1939,,,,110,1861,1102,1167,107,1204,,,,,,1[1],1[1],32[32],128[128],ROW_MAJOR,BFLOAT16,DEV_0_DRAM_INTERLEAVED,,,,,,,,,,,,,,,,,,,,,,,,,,,,,1[1],1[1],32[32],128[128],TILE,BFLOAT16,DEV_0_DRAM_INTERLEAVED,,,,,,,,,,,,,,,,,['ttnn/cpp/ttnn/kernel/compute/tilize.cpp'],['tilize/9207119747511123796/'],['ttnn/cpp/ttnn/operations/eltwise/unary/device/kernels/dataflow/writer_unary_interleaved_start_id.cpp'; 'ttnn/cpp/ttnn/operations/data_movement/tilize/device/kernels/dataflow/reader_unary_stick_layout_split_rows_multicore.cpp'],['writer_unary_interleaved_start_id/12823350331057913928/'; 'reader_unary_stick_layout_split_rows_multicore/5137991844069086675/'],12990263132558414139,False,1000,860,1168,768,2012,0,0,0,0,1,1,1,[],[],0.051,,,,,,,33655
ReshapeViewDeviceOperation,tt_dnn_device,33795,3,blackhole,{'logical_output_shape': 'Shape([1; 32; 2048])'; 'output_mem_config': 'MemoryConfig(memory_layout=TensorMemoryLayout::INTERLEAVED;buffer_type=BufferType::DRAM;shard_spec=std::nullopt;nd_shard_spec=std::nullopt;created_with_nd_shard_spec=0)'; 'padded_output_shape': 'Shape([1; 32; 2048])'; 'recreate_mapping_tensor': 'false'; 'sub_core_grid': 'std::nullopt'},,64,110,,,17244193704,17244195498,1794,4142342839589,4142342867469,98266,98266,20652,19641,19641,,,,123,19641,19122,,,,,,,,,1[1],32[32],32[1],2048[2048],TILE,BFLOAT16,DEV_0_DRAM_INTERLEAVED,,,,,,,,,,,,,,,,,,,,,,,,,,,,,1[1],1[1],32[32],2048[2048],TILE,BFLOAT16,DEV_0_DRAM_INTERLEAVED,,,,,,,,,,,,,,,,,[],[],['ttnn/cpp/ttnn/operations/data_movement/reshape_view/device/device/dataflow/writer_reshape_tiled.cpp'; 'ttnn/cpp/ttnn/operations/data_movement/reshape_view/device/device/dataflow/reader_reshape_tiled.cpp'],['writer_reshape_tiled/4267096035403228190/'; 'reader_reshape_tiled/11173047033745705692/'],2479539830318309128,False,1756,980,0,0,0,0,0,0,0,1,1,1,[],[],0.005,,,,,,,1794
RepeatDeviceOperation,tt_dnn_device,34819,3,blackhole,{'m_is_last_dim': 'false'; 'm_num_repeats': '128'; 'm_output_mem_config': 'MemoryConfig(memory_layout=TensorMemoryLayout::INTERLEAVED;buffer_type=BufferType::DRAM;shard_spec=std::nullopt;nd_shard_spec=std::nullopt;created_with_nd_shard_spec=0)'; 'm_repeat_dim': '0'; 'm_tile_higher_pages': '1'; 'm_tile_lower_pages': '64'; 'm_tile_page_size_bytes': '2048'; 'm_tile_rep_dim_pages': '1'},,110,110,,,17245491890,17245537357,45467,4142344593373,4142344728632,1279026,1279026,100192,99600,99600,,,,161,,99600,,,,,,,,,1[1],1[1],32[32],2048[2048],TILE,BFLOAT16,DEV_0_DRAM_INTERLEAVED,,,,,,,,,,,,,,,,,,,,,,,,,,,,,1[1],128[128],32[32],2048[2048],TILE,BFLOAT16,DEV_0_DRAM_INTERLEAVED,,,,,,,,,,,,,,,,,[],[],['ttnn/cpp/ttnn/operations/data_movement/repeat/device/kernels/repeat_higher_dim_tile.cpp'],['repeat_higher_dim_tile/1536421696644916261/'],10231590761585174598,False,0,1000,0,0,0,0,0,0,0,51380,51380,30517,[2.5510315895080566],[326.53204345703125],51.586,,,,,,,45467
MatmulDeviceOperation,tt_dnn_device,35843,3,blackhole,{'bcast_batch': 'false'; 'compute_kernel_config': 'ComputeKernelConfig(math_fidelity=HiFi2;math_approx_mode=0;fp32_dest_acc_en=0;packer_l1_acc=1;dst_full_sync_en=0;throttle_level=ThrottleLevel::NO_THROTTLE)'; 'global_cb': 'std::nullopt'; 'output_dtype': 'DataType::BFLOAT16'; 'output_mem_config': 'MemoryConfig(memory_layout=TensorMemoryLayout::INTERLEAVED;buffer_type=BufferType::DRAM;shard_spec=std::nullopt;nd_shard_spec=std::nullopt;created_with_nd_shard_spec=0)'; 'output_tile': 'Tile(tile_shape={32; 32};face_shape={16; 16};num_faces=4)'; 'program_config': 'MatmulMultiCoreReuseMultiCast1DProgramConfig(compute_with_storage_grid_size=11-10;in0_block_w=2;out_subblock_h=1;out_subblock_w=1;out_block_h=1;out_block_w=1;per_core_M=1;per_core_N=1;fuse_batch=0;fused_activation=std::nullopt;mcast_in0=1;gather_in0=0;hop_cores={};num_global_cb_receivers=0;untilize_out=0;allowed_worker_cores={[0-0 - 10-9]})'; 'sub_device_id': 'std::nullopt'; 'transpose_a': 'false'; 'transpose_b': 'false'; 'untilize_out': 'false'; 'user_core_coord': 'std::nullopt'; 'user_fused_activation': 'std::nullopt'; 'user_run_batched': 'true'},HiFi2,48,110,,,17250159502,17250231359,71857,4142350890496,4142356434171,4566100,4566100,4106426,4104670,4104670,,,,279,4104666,4103630,4103879,4103843,4103876,,,,,,1[1],128[128],32[32],2048[2048],TILE,BFLOAT16,DEV_0_DRAM_INTERLEAVED,1[1],128[128],2048[2048],1536[1536],TILE,BFLOAT4_B,DEV_0_DRAM_INTERLEAVED,,,,,,,,,,,,,,,,,,,,,,1[1],128[128],32[32],1536[1536],TILE,BFLOAT16,DEV_0_DRAM_INTERLEAVED,,,,,,,,,,,,,,,,,['ttnn/cpp/ttnn/operations/matmul/device/kernels/compute/bmm_large_block_zm_fused_bias_activation.cpp'],['bmm_large_block_zm_fused_bias_activation/5465698026906302783/'],['ttnn/cpp/ttnn/operations/matmul/device/kernels/dataflow/reader_bmm_tile_layout_in1_sender_writer_padding.cpp'; 'ttnn/cpp/ttnn/operations/matmul/device/kernels/dataflow/reader_bmm_tile_layout_in0_receiver.cpp'; 'ttnn/cpp/ttnn/operations/matmul/device/kernels/dataflow/reader_bmm_tile_layout_in0_sender_padding.cpp'],['reader_bmm_tile_layout_in1_sender_writer_padding/1402418773110273793/'; 'reader_bmm_tile_layout_in0_receiver/9209625242214481634/'; 'reader_bmm_tile_layout_in0_sender_padding/17145958562874073137/'],2568911199456945908,False,1600,1124,2348,2236,2360,0,0,0,0,732421,84735,732421,[22.906518936157227; 549.7564697265625],[17.179889678955078],2.064,,,,,,,71857
SliceDeviceOperation,tt_dnn_device,36867,3,blackhole,{'num_devices': 'std::nullopt'; 'output_mem_config': 'MemoryConfig(memory_layout=TensorMemoryLayout::INTERLEAVED;buffer_type=BufferType::DRAM;shard_spec=std::nullopt;nd_shard_spec=std::nullopt;created_with_nd_shard_spec=0)'; 'slice_dim': 'std::nullopt'; 'slice_end': 'Shape([128; 32; 768])'; 'slice_start': 'Shape([0; 0; 0])'; 'step': 'Shape([1; 1; 1])'; 'sub_core_grids': 'std::nullopt'; 'use_tensor_args': 'false'},,110,110,,,17251618024,17251661176,43152,4142356443297,4142356494012,7368,7368,37567,36972,36972,,,,160,36970,36707,,,,,,,,,1[1],128[128],32[32],1536[1536],TILE,BFLOAT16,DEV_0_DRAM_INTERLEAVED,,,,,,,,,,,,,,,,,,,,,,,,,,,,,1[1],128[128],32[32],768[768],TILE,BFLOAT16,DEV_0_DRAM_INTERLEAVED,,,,,,,,,,,,,,,,,[],[],['ttnn/cpp/ttnn/operations/data_movement/slice/device/kernels/dataflow/writer_unary_interleaved_start_id.cpp'; 'ttnn/cpp/ttnn/operations/data_movement/slice/device/kernels/dataflow/reader_unary_unpad_dims_interleaved_start_id.cpp'],['writer_unary_interleaved_start_id/11396476643056635318/'; 'reader_unary_unpad_dims_interleaved_start_id/10579228541280834701/'],4975546075024177705,False,680,716,0,0,0,0,0,0,0,22888,19351,22888,[549.76025390625],[274.880126953125],52.34,,,,,,,43152
SliceDeviceOperation,tt_dnn_device,37891,3,blackhole,{'num_devices': 'std::nullopt'; 'output_mem_config': 'MemoryConfig(memory_layout=TensorMemoryLayout::INTERLEAVED;buffer_type=BufferType::DRAM;shard_spec=std::nullopt;nd_shard_spec=std::nullopt;created_with_nd_shard_spec=0)'; 'slice_dim': 'std::nullopt'; 'slice_end': 'Shape([128; 32; 1536])'; 'slice_start': 'Shape([0; 0; 768])'; 'step': 'Shape([1; 1; 1])'; 'sub_core_grids': 'std::nullopt'; 'use_tensor_args': 'false'},,110,110,,,17251926652,17251962531,35879,4142356502896,4142356552300,7156,7156,36596,36020,36020,,,,169,36015,35731,,,,,,,,,1[1],128[128],32[32],1536[1536],TILE,BFLOAT16,DEV_0_DRAM_INTERLEAVED,,,,,,,,,,,,,,,,,,,,,,,,,,,,,1[1],128[128],32[32],768[768],TILE,BFLOAT16,DEV_0_DRAM_INTERLEAVED,,,,,,,,,,,,,,,,,[],[],['ttnn/cpp/ttnn/operations/data_movement/slice/device/kernels/dataflow/writer_unary_interleaved_start_id.cpp'; 'ttnn/cpp/ttnn/operations/data_movement/slice/device/kernels/dataflow/reader_unary_unpad_dims_interleaved_start_id.cpp'],['writer_unary_interleaved_start_id/11396476643056635318/'; 'reader_unary_unpad_dims_interleaved_start_id/10579228541280834701/'],14535613120564166057,False,680,716,0,0,0,0,0,0,0,22888,19351,22888,[549.76025390625],[274.880126953125],53.723,,,,,,,35879
UnaryDeviceOperation,tt_dnn_device,38915,3,blackhole,{'bfp8_pack_precise': 'false'; 'fp32_dest_acc_en': 'false'; 'memory_config': 'MemoryConfig(memory_layout=TensorMemoryLayout::INTERLEAVED;buffer_type=BufferType::DRAM;shard_spec=std::nullopt;nd_shard_spec=std::nullopt;created_with_nd_shard_spec=0)'; 'op_chain': '{BasicUnaryWithParam<float; int; unsigned int>(base=BasicUnaryWithParam<float>(op_type=UnaryOpType::SILU;param={}))}'; 'output_dtype': 'DataType::BFLOAT16'; 'preserve_fp32_precision': 'false'; 'sub_core_grids': 'std::nullopt'; 'worker_grid': '{[0-0 - 10-9]}'},HiFi4,110,110,,,17254907988,17254951572,43584,4142357307219,4142357378186,559785,559783,52568,51984,51983,,,,180,51966,49131,49166,51635,50676,,,,,,1[1],128[128],32[32],768[768],TILE,BFLOAT16,DEV_0_DRAM_INTERLEAVED,,,,,,,,,,,,,,,,,,,,,,,,,,,,,1[1],128[128],32[32],768[768],TILE,BFLOAT16,DEV_0_DRAM_INTERLEAVED,,,,,,,,,,,,,,,,,['ttnn/cpp/ttnn/operations/eltwise/unary/device/kernels/compute/eltwise_sfpu.cpp'],['eltwise_sfpu/17685734430554596604/'],['ttnn/cpp/ttnn/operations/eltwise/unary/device/kernels/dataflow/writer_unary.cpp'; 'ttnn/cpp/ttnn/operations/eltwise/unary/device/kernels/dataflow/reader_unary.cpp'],['writer_unary/17308908021593325674/'; 'reader_unary/7914283486036039746/'],3057122495497861903,False,1000,924,1060,1284,1260,0,0,0,0,1,1,1,[],[],0.002,,,,,,,43584
BinaryNgDeviceOperation,tt_dnn_device,39939,3,blackhole,{'atol': '0'; 'binary_op_type': 'BinaryOpType::MUL'; 'compute_kernel_config': 'std::nullopt'; 'dtype': 'DataType::BFLOAT16'; 'equal_nan': 'false'; 'input_dtype': 'DataType::BFLOAT16'; 'input_layout_a': 'Layout::TILE'; 'input_layout_b': 'Layout::TILE'; 'is_quant_op': 'false'; 'is_sfpu': 'true'; 'is_where_op': 'false'; 'lhs_activations': '{}'; 'memory_config': 'MemoryConfig(memory_layout=TensorMemoryLayout::INTERLEAVED;buffer_type=BufferType::DRAM;shard_spec=std::nullopt;nd_shard_spec=std::nullopt;created_with_nd_shard_spec=0)'; 'output_layout': 'Layout::TILE'; 'post_activations': '{}'; 'rhs_activations': '{}'; 'rtol': '0'; 'scalar': 'std::nullopt'; 'sub_core_grids': 'std::nullopt'; 'sub_device_id': 'std::nullopt'; 'subtile_broadcast_type': 'SubtileBroadcastType::NONE'; 'worker_grid': '{[0-0 - 10-9]}'},HiFi4,110,110,,,17258881286,17258954155,72869,4142362670642,4142362735575,3920934,3920933,48099,47509,47503,,,,176,47467,46610,46671,47179,46473,,,,,,1[1],128[128],32[32],768[768],TILE,BFLOAT16,DEV_0_DRAM_INTERLEAVED,1[1],128[128],32[32],768[768],TILE,BFLOAT16,DEV_0_DRAM_INTERLEAVED,,,,,,,,,,,,,,,,,,,,,,1[1],128[128],32[32],768[768],TILE,BFLOAT16,DEV_0_DRAM_INTERLEAVED,,,,,,,,,,,,,,,,,['ttnn/cpp/ttnn/operations/eltwise/binary_ng/device/kernels/compute/eltwise_binary_sfpu_no_bcast.cpp'],['eltwise_binary_sfpu_no_bcast/5506180665876100763/'],['ttnn/cpp/ttnn/operations/eltwise/binary_ng/device/kernels_ng/dataflow/writer_interleaved_no_bcast.cpp'; 'ttnn/cpp/ttnn/operations/eltwise/binary_ng/device/kernels_ng/dataflow/reader_interleaved_no_bcast.cpp'],['writer_interleaved_no_bcast/13786176872452774081/'; 'reader_interleaved_no_bcast/13696495097517312790/'],1543498124224426579,False,1120,1644,1456,1200,1292,0,0,0,0,1,1,1,[],[],0.002,,,,,,,72869
MatmulDeviceOperation,tt_dnn_device,40963,3,blackhole,{'bcast_batch': 'false'; 'compute_kernel_config': 'ComputeKernelConfig(math_fidelity=HiFi2;math_approx_mode=0;fp32_dest_acc_en=0;packer_l1_acc=1;dst_full_sync_en=0;throttle_level=ThrottleLevel::NO_THROTTLE)'; 'global_cb': 'std::nullopt'; 'output_dtype': 'DataType::BFLOAT16'; 'output_mem_config': 'MemoryConfig(memory_layout=TensorMemoryLayout::INTERLEAVED;buffer_type=BufferType::DRAM;shard_spec=std::nullopt;nd_shard_spec=std::nullopt;created_with_nd_shard_spec=0)'; 'output_tile': 'Tile(tile_shape={32; 32};face_shape={16; 16};num_faces=4)'; 'program_config': 'MatmulMultiCoreReuseMultiCast1DProgramConfig(compute_with_storage_grid_size=11-10;in0_block_w=2;out_subblock_h=1;out_subblock_w=1;out_block_h=1;out_block_w=1;per_core_M=1;per_core_N=1;fuse_batch=0;fused_activation=std::nullopt;mcast_in0=1;gather_in0=0;hop_cores={};num_global_cb_receivers=0;untilize_out=0;allowed_worker_cores={[0-0 - 10-9]})'; 'sub_device_id': 'std::nullopt'; 'transpose_a': 'false'; 'transpose_b': 'false'; 'untilize_out': 'false'; 'user_core_coord': 'std::nullopt'; 'user_fused_activation': 'std::nullopt'; 'user_run_batched': 'true'},HiFi2,64,110,,,17263263143,17263330061,66918,4142368586315,4142370912432,4335741,4335741,1723050,1721184,1721184,,,,275,1721184,1719891,1720135,1720104,1720133,,,,,,1[1],128[128],32[32],768[768],TILE,BFLOAT16,DEV_0_DRAM_INTERLEAVED,1[1],128[128],768[768],2048[2048],TILE,BFLOAT4_B,DEV_0_DRAM_INTERLEAVED,,,,,,,,,,,,,,,,,,,,,,1[1],128[128],32[32],2048[2048],TILE,BFLOAT16,DEV_0_DRAM_INTERLEAVED,,,,,,,,,,,,,,,,,['ttnn/cpp/ttnn/operations/matmul/device/kernels/compute/bmm_large_block_zm_fused_bias_activation.cpp'],['bmm_large_block_zm_fused_bias_activation/5367523858612217209/'],['ttnn/cpp/ttnn/operations/matmul/device/kernels/dataflow/reader_bmm_tile_layout_in1_sender_writer_padding.cpp'; 'ttnn/cpp/ttnn/operations/matmul/device/kernels/dataflow/reader_bmm_tile_layout_in0_receiver.cpp'; 'ttnn/cpp/ttnn/operations/matmul/device/kernels/dataflow/reader_bmm_tile_layout_in0_sender_padding.cpp'],['reader_bmm_tile_layout_in1_sender_writer_padding/15419585538510865417/'; 'reader_bmm_tile_layout_in0_receiver/1769695620188288515/'; 'reader_bmm_tile_layout_in0_sender_padding/7473848797589761855/'],6790566937491715914,False,1584,1104,2336,2248,2360,0,0,0,0,366210,42368,366210,[17.179912567138672; 549.7572021484375],[45.81310272216797],2.462,,,,,,,66918
TransposeDeviceOperation,tt_dnn_device,41987,3,blackhole,{'dim': 'TransposeOpDim::WH'; 'output_mem_config': 'MemoryConfig(memory_layout=TensorMemoryLayout::INTERLEAVED;buffer_type=BufferType::DRAM;shard_spec=std::nullopt;nd_shard_spec=std::nullopt;created_with_nd_shard_spec=0)'; 'pad_value': '0'},HiFi4,110,110,,,17266631588,17266673327,41739,4142373126630,4142373128907,1641309,1641339,1687,1090,1070,,,,235,1025,661,679,264,353,,,,,,1[1],1[1],32[32],128[128],TILE,BFLOAT16,DEV_0_DRAM_INTERLEAVED,,,,,,,,,,,,,,,,,,,,,,,,,,,,,1[1],1[1],128[128],32[32],TILE,BFLOAT16,DEV_0_DRAM_INTERLEAVED,,,,,,,,,,,,,,,,,['ttnn/cpp/ttnn/operations/data_movement/transpose/device/kernels/compute/transpose_wh.cpp'],['transpose_wh/6148515967295005335/'],['ttnn/cpp/ttnn/operations/eltwise/unary/device/kernels/dataflow/writer_unary_interleaved_start_id.cpp'; 'ttnn/cpp/ttnn/operations/data_movement/transpose/device/kernels/dataflow/reader_unary_transpose_wh_interleaved_start_id.cpp'],['writer_unary_interleaved_start_id/12823350331057913928/'; 'reader_unary_transpose_wh_interleaved_start_id/12549895365772018052/'],12057049319055176718,False,1000,732,1104,736,1292,0,0,0,0,466,466,14,[17.57939910888672],[17.57939910888672],42.752,,,,,,,41739
ReshapeViewDeviceOperation,tt_dnn_device,43011,3,blackhole,{'logical_output_shape': 'Shape([128; 32; 1])'; 'output_mem_config': 'MemoryConfig(memory_layout=TensorMemoryLayout::INTERLEAVED;buffer_type=BufferType::DRAM;shard_spec=std::nullopt;nd_shard_spec=std::nullopt;created_with_nd_shard_spec=0)'; 'padded_output_shape': 'Shape([128; 32; 32])'; 'recreate_mapping_tensor': 'false'; 'sub_core_grid': 'std::nullopt'},,110,110,,,17268636632,17268673823,37191,4142375832771,4142375843764,2003421,2003421,8143,7548,7548,,,,168,7525,5637,,,,,,,,,1[1],1[1],128[128],32[32],TILE,BFLOAT16,DEV_0_DRAM_INTERLEAVED,,,,,,,,,,,,,,,,,,,,,,,,,,,,,1[1],128[128],32[32],32[1],TILE,BFLOAT16,DEV_0_DRAM_INTERLEAVED,,,,,,,,,,,,,,,,,[],[],['ttnn/cpp/ttnn/operations/data_movement/reshape_view/device/device/dataflow/writer_reshape_tiled.cpp'; 'ttnn/cpp/ttnn/operations/data_movement/reshape_view/device/device/dataflow/reader_reshape_tiled.cpp'],['writer_reshape_tiled/1693800358885868375/'; 'reader_reshape_tiled/9211947847981769172/'],5466507786043548344,False,1756,980,0,0,0,0,0,0,0,1,1,1,[],[],0.013,,,,,,,37191
BinaryNgDeviceOperation,tt_dnn_device,44035,3,blackhole,{'atol': '0'; 'binary_op_type': 'BinaryOpType::MUL'; 'compute_kernel_config': 'std::nullopt'; 'dtype': 'DataType::BFLOAT16'; 'equal_nan': 'false'; 'input_dtype': 'DataType::BFLOAT16'; 'input_layout_a': 'Layout::TILE'; 'input_layout_b': 'Layout::TILE'; 'is_quant_op': 'false'; 'is_sfpu': 'true'; 'is_where_op': 'false'; 'lhs_activations': '{}'; 'memory_config': 'MemoryConfig(memory_layout=TensorMemoryLayout::INTERLEAVED;buffer_type=BufferType::DRAM;shard_spec=std::nullopt;nd_shard_spec=std::nullopt;created_with_nd_shard_spec=0)'; 'output_layout': 'Layout::TILE'; 'post_activations': '{}'; 'rhs_activations': '{}'; 'rtol': '0'; 'scalar': 'std::nullopt'; 'sub_core_grids': 'std::nullopt'; 'sub_device_id': 'std::nullopt'; 'subtile_broadcast_type': 'SubtileBroadcastType::COL_B'; 'worker_grid': '{[0-0 - 10-9]}'},HiFi4,110,110,,,17272870346,17272932395,62049,4142381549913,4142381674604,4227374,4227352,92364,91769,91767,,,,178,91731,90063,90293,91367,90753,,,,,,1[1],128[128],32[32],2048[2048],TILE,BFLOAT16,DEV_0_DRAM_INTERLEAVED,1[1],128[128],32[32],32[1],TILE,BFLOAT16,DEV_0_DRAM_INTERLEAVED,,,,,,,,,,,,,,,,,,,,,,1[1],128[128],32[32],2048[2048],TILE,BFLOAT16,DEV_0_DRAM_INTERLEAVED,,,,,,,,,,,,,,,,,['ttnn/cpp/ttnn/operations/eltwise/binary_ng/device/kernels_ng/compute/eltwise_binary_sfpu_col_bcast.cpp'],['eltwise_binary_sfpu_col_bcast/9755331561266870884/'],['ttnn/cpp/ttnn/operations/eltwise/binary_ng/device/kernels_ng/dataflow/writer_interleaved_no_bcast.cpp'; 'ttnn/cpp/ttnn/operations/eltwise/binary_ng/device/kernels_ng/dataflow/reader_interleaved_col_bcast.cpp'],['writer_interleaved_no_bcast/16082081782850918657/'; 'reader_interleaved_col_bcast/15437325216577131164/'],709454548278692269,False,1120,1616,3516,2544,4560,0,0,0,0,1,1,1,[],[],0.001,,,,,,,62049
FastReduceNCDeviceOperation,tt_dnn_device,45059,3,blackhole,{'compute_kernel_config': 'ComputeKernelConfig(math_fidelity=HiFi4;math_approx_mode=0;fp32_dest_acc_en=1;packer_l1_acc=0;dst_full_sync_en=0;throttle_level=ThrottleLevel::NO_THROTTLE)'; 'dim': '0'; 'output_dtype': 'std::nullopt'; 'output_mem_config': 'MemoryConfig(memory_layout=TensorMemoryLayout::INTERLEAVED;buffer_type=BufferType::DRAM;shard_spec=std::nullopt;nd_shard_spec=std::nullopt;created_with_nd_shard_spec=0)'; 'sub_core_grids': 'std::nullopt'},HiFi4,64,110,,,17276814268,17276860146,45878,4142386871392,4142386939323,3850473,3850473,50319,49350,49350,,,,261,49346,48826,48979,47860,572,,,,,,1[1],128[128],32[32],2048[2048],TILE,BFLOAT16,DEV_0_DRAM_INTERLEAVED,,,,,,,,,,,,,,,,,,,,,,,,,,,,,1[1],1[1],32[32],2048[2048],TILE,BFLOAT16,DEV_0_DRAM_INTERLEAVED,,,,,,,,,,,,,,,,,['ttnn/cpp/ttnn/operations/experimental/reduction/fast_reduce_nc/device/kernels/reduce_nc.cpp'],['reduce_nc/15517094258136700099/'],['ttnn/cpp/ttnn/operations/experimental/reduction/fast_reduce_nc/device/kernels/writer_reduce_nc.cpp'; 'ttnn/cpp/ttnn/operations/experimental/reduction/fast_reduce_nc/device/kernels/reader_reduce_nc.cpp'],['writer_reduce_nc/5261097171432542084/'; 'reader_reduce_nc/11179432673682079788/'],14727107662073315946,False,644,1148,1388,916,1800,0,0,0,0,1,1,1,[],[],0.002,,,,,,,45878
ReshapeViewDeviceOperation,tt_dnn_device,46083,3,blackhole,{'logical_output_shape': 'Shape([32; 1; 2048])'; 'output_mem_config': 'MemoryConfig(memory_layout=TensorMemoryLayout::INTERLEAVED;buffer_type=BufferType::DRAM;shard_spec=std::nullopt;nd_shard_spec=std::nullopt;created_with_nd_shard_spec=0)'; 'padded_output_shape': 'Shape([32; 32; 2048])'; 'recreate_mapping_tensor': 'false'; 'sub_core_grid': 'std::nullopt'},,110,110,,,17279698900,17279736111,37211,4142390765960,4142390804918,2835099,2835099,28858,28276,28276,,,,167,28238,27804,,,,,,,,,1[1],1[1],32[32],2048[2048],TILE,BFLOAT16,DEV_0_DRAM_INTERLEAVED,,,,,,,,,,,,,,,,,,,,,,,,,,,,,1[1],32[32],32[1],2048[2048],TILE,BFLOAT16,DEV_0_DRAM_INTERLEAVED,,,,,,,,,,,,,,,,,[],[],['ttnn/cpp/ttnn/operations/data_movement/reshape_view/device/device/dataflow/writer_reshape_tiled.cpp'; 'ttnn/cpp/ttnn/operations/data_movement/reshape_view/device/device/dataflow/reader_reshape_tiled.cpp'],['writer_reshape_tiled/3733057082630162122/'; 'reader_reshape_tiled/5592824073543797737/'],868393554501740704,False,1740,980,0,0,0,0,0,0,0,1,1,1,[],[],0.004,,,,,,,37211
BinaryNgDeviceOperation,tt_dnn_device,47107,3,blackhole,{'atol': '0'; 'binary_op_type': 'BinaryOpType::ADD'; 'compute_kernel_config': 'std::nullopt'; 'dtype': 'DataType::BFLOAT16'; 'equal_nan': 'false'; 'input_dtype': 'DataType::BFLOAT16'; 'input_layout_a': 'Layout::TILE'; 'input_layout_b': 'Layout::TILE'; 'is_quant_op': 'false'; 'is_sfpu': 'false'; 'is_where_op': 'false'; 'lhs_activations': '{}'; 'memory_config': 'MemoryConfig(memory_layout=TensorMemoryLayout::INTERLEAVED;buffer_type=BufferType::DRAM;shard_spec=std::nullopt;nd_shard_spec=std::nullopt;created_with_nd_shard_spec=0)'; 'output_layout': 'Layout::TILE'; 'post_activations': '{}'; 'rhs_activations': '{}'; 'rtol': '0'; 'scalar': 'std::nullopt'; 'sub_core_grids': 'std::nullopt'; 'sub_device_id': 'std::nullopt'; 'subtile_broadcast_type': 'SubtileBroadcastType::NONE'; 'worker_grid': '{[0-0 - 10-9]}'},HiFi4,110,110,,,17282632254,17282694954,62700,4142394728297,4142394768686,2906777,2906777,29918,29322,29322,,,,172,29302,28907,28906,26887,28464,,,,,,1[1],32[32],32[1],2048[2048],TILE,BFLOAT16,DEV_0_DRAM_INTERLEAVED,1[1],32[32],32[1],2048[2048],TILE,BFLOAT16,DEV_0_DRAM_INTERLEAVED,,,,,,,,,,,,,,,,,,,,,,1[1],32[32],32[1],2048[2048],TILE,BFLOAT16,DEV_0_DRAM_INTERLEAVED,,,,,,,,,,,,,,,,,['ttnn/cpp/ttnn/operations/eltwise/binary_ng/device/kernels/compute/eltwise_binary_no_bcast.cpp'],['eltwise_binary_no_bcast/7702167649156508193/'],['ttnn/cpp/ttnn/operations/eltwise/binary_ng/device/kernels_ng/dataflow/writer_interleaved_no_bcast.cpp'; 'ttnn/cpp/ttnn/operations/eltwise/binary_ng/device/kernels_ng/dataflow/reader_interleaved_no_bcast.cpp'],['writer_interleaved_no_bcast/13786176872452774081/'; 'reader_interleaved_no_bcast/13696495097517312790/'],1295168523863076379,False,1120,1644,1308,768,1292,0,0,0,0,1,1,1,[],[],0.003,,,,,,,62700
BinaryNgDeviceOperation,tt_dnn_device,48131,3,blackhole,{'atol': '0'; 'binary_op_type': 'BinaryOpType::ADD'; 'compute_kernel_config': 'std::nullopt'; 'dtype': 'DataType::BFLOAT16'; 'equal_nan': 'false'; 'input_dtype': 'DataType::BFLOAT16'; 'input_layout_a': 'Layout::TILE'; 'input_layout_b': 'Layout::TILE'; 'is_quant_op': 'false'; 'is_sfpu': 'false'; 'is_where_op': 'false'; 'lhs_activations': '{}'; 'memory_config': 'MemoryConfig(memory_layout=TensorMemoryLayout::INTERLEAVED;buffer_type=BufferType::DRAM;shard_spec=std::nullopt;nd_shard_spec=std::nullopt;created_with_nd_shard_spec=0)'; 'output_layout': 'Layout::TILE'; 'post_activations': '{}'; 'rhs_activations': '{}'; 'rtol': '0'; 'scalar': 'std::nullopt'; 'sub_core_grids': 'std::nullopt'; 'sub_device_id': 'std::nullopt'; 'subtile_broadcast_type': 'SubtileBroadcastType::NONE'; 'worker_grid': '{[0-0 - 10-9]}'},HiFi4,110,110,,,17282759597,17282761060,1463,4142394898340,4142394938126,96640,96640,29471,28872,28872,,,,183,28856,28451,28440,26427,28001,,,,,,1[1],32[32],32[1],2048[2048],TILE,BFLOAT16,DEV_0_DRAM_INTERLEAVED,1[1],32[32],32[1],2048[2048],TILE,BFLOAT16,DEV_0_DRAM_INTERLEAVED,,,,,,,,,,,,,,,,,,,,,,1[1],32[32],32[1],2048[2048],TILE,BFLOAT16,DEV_0_DRAM_INTERLEAVED,,,,,,,,,,,,,,,,,['ttnn/cpp/ttnn/operations/eltwise/binary_ng/device/kernels/compute/eltwise_binary_no_bcast.cpp'],['eltwise_binary_no_bcast/7702167649156508193/'],['ttnn/cpp/ttnn/operations/eltwise/binary_ng/device/kernels_ng/dataflow/writer_interleaved_no_bcast.cpp'; 'ttnn/cpp/ttnn/operations/eltwise/binary_ng/device/kernels_ng/dataflow/reader_interleaved_no_bcast.cpp'],['writer_interleaved_no_bcast/13786176872452774081/'; 'reader_interleaved_no_bcast/13696495097517312790/'],1295168523863076379,False,1120,1644,1308,768,1292,0,0,0,0,1,1,1,[],[],0.003,,,,,,,1463
LayerNormDeviceOperation,tt_dnn_device,49155,3,,{'compute_kernel_config': 'ComputeKernelConfig(math_fidelity=HiFi4;math_approx_mode=1;fp32_dest_acc_en=0;packer_l1_acc=0;dst_full_sync_en=0;throttle_level=ThrottleLevel::NO_THROTTLE)'; 'distributed_norm_stage': 'DistributedLayerNormStage::NOT_DISTRIBUTED'; 'dtype': 'std::nullopt'; 'eps': '1e-06'; 'fused_activation': 'std::nullopt'; 'norm_type': 'LayerNormType::RMSNORM'; 'output_mem_config': 'MemoryConfig(memory_layout=TensorMemoryLayout::INTERLEAVED;buffer_type=BufferType::DRAM;shard_spec=std::nullopt;nd_shard_spec=std::nullopt;created_with_nd_shard_spec=0)'; 'program_config': 'LayerNormDefaultProgramConfig(legacy_reduction=0;legacy_rsqrt=0;use_welford=0)'},HiFi4,,,,,17294640887,17294643923,3036,,,,,,,,,,,,,,,,,,,,,,1[1],32[32],32[1],2048[2048],TILE,BFLOAT16,DEV_0_DRAM_INTERLEAVED,1[1],1[1],32[1],2048[2048],TILE,BFLOAT16,DEV_0_DRAM_INTERLEAVED,,,,,,,,,,,,,,,,,,,,,,1[1],32[32],32[1],2048[2048],TILE,BFLOAT16,DEV_0_DRAM_INTERLEAVED,,,,,,,,,,,,,,,,,['ttnn/cpp/ttnn/operations/normalization/layernorm/device/kernels/compute/layernorm.cpp'],['layernorm/2715421386497350779/'],['ttnn/cpp/ttnn/operations/normalization/layernorm/device/kernels/dataflow/writer_unary_interleaved_start_id_blocked.cpp'; 'ttnn/cpp/ttnn/operations/normalization/layernorm/device/kernels/dataflow/reader_unary_interleaved_ln.cpp'],['writer_unary_interleaved_start_id_blocked/7143009526625848983/'; 'reader_unary_interleaved_ln/11410384521337529621/'],13520920397497685244,False,812,1684,3388,2536,3388,0,0,0,0,1,1,1,[],[],,,,,,,,3036
ReshapeViewDeviceOperation,tt_dnn_device,50179,3,,{'logical_output_shape': 'Shape([1; 32; 2048])'; 'output_mem_config': 'MemoryConfig(memory_layout=TensorMemoryLayout::INTERLEAVED;buffer_type=BufferType::DRAM;shard_spec=std::nullopt;nd_shard_spec=std::nullopt;created_with_nd_shard_spec=0)'; 'padded_output_shape': 'Shape([1; 32; 2048])'; 'recreate_mapping_tensor': 'false'; 'sub_core_grid': 'std::nullopt'},,,,,,17294701463,17294703056,1593,,,,,,,,,,,,,,,,,,,,,,1[1],32[32],32[1],2048[2048],TILE,BFLOAT16,DEV_0_DRAM_INTERLEAVED,,,,,,,,,,,,,,,,,,,,,,,,,,,,,1[1],1[1],32[32],2048[2048],TILE,BFLOAT16,DEV_0_DRAM_INTERLEAVED,,,,,,,,,,,,,,,,,[],[],['ttnn/cpp/ttnn/operations/data_movement/reshape_view/device/device/dataflow/writer_reshape_tiled.cpp'; 'ttnn/cpp/ttnn/operations/data_movement/reshape_view/device/device/dataflow/reader_reshape_tiled.cpp'],['writer_reshape_tiled/4267096035403228190/'; 'reader_reshape_tiled/11173047033745705692/'],2479539830318309128,False,1756,980,0,0,0,0,0,0,0,1,1,1,[],[],,,,,,,,1593
InterleavedToShardedDeviceOperation,tt_dnn_device,51203,3,,"{'keep_l1_aligned': 'false'; 'output_dtype': 'DataType::BFLOAT16'; 'output_mem_config': 'MemoryConfig(memory_layout=TensorMemoryLayout::WIDTH_SHARDED;buffer_type=BufferType::L1;shard_spec=ShardSpec{grid=[{""start"":{""x"":0;""y"":0};""end"":{""x"":10;""y"":4}; {""start"":{""x"":0;""y"":5};""end"":{""x"":8;""y"":5}]; shape=[32; 32]; orientation=ShardOrientation::ROW_MAJOR};nd_shard_spec=std::nullopt;created_with_nd_shard_spec=0)'}",,,,,,17294783880,17294786204,2324,,,,,,,,,,,,,,,,,,,,,,1[1],1[1],32[32],2048[2048],TILE,BFLOAT16,DEV_0_DRAM_INTERLEAVED,,,,,,,,,,,,,,,,,,,,,,,,,,,,,1[1],1[1],32[32],2048[2048],TILE,BFLOAT16,DEV_0_L1_WIDTH_SHARDED,,,,,,,,,,,,,,,,,[],[],['ttnn/cpp/ttnn/operations/data_movement/sharded/device/kernels/dataflow/writer_unary_sharded.cpp'; 'ttnn/cpp/ttnn/operations/data_movement/sharded/device/kernels/dataflow/reader_unary_sharded_blocks_interleaved_start_id.cpp'],['writer_unary_sharded/8354490188168529288/'; 'reader_unary_sharded_blocks_interleaved_start_id/13152932012666784011/'],13467495716338696620,False,384,876,0,0,0,0,0,0,0,1,1,1,[],[],,,,,,,,2324
MatmulDeviceOperation,tt_dnn_device,52227,3,,"{'bcast_batch': 'true'; 'compute_kernel_config': 'ComputeKernelConfig(math_fidelity=LoFi;math_approx_mode=0;fp32_dest_acc_en=0;packer_l1_acc=1;dst_full_sync_en=0;throttle_level=ThrottleLevel::NO_THROTTLE)'; 'global_cb': 'std::nullopt'; 'output_dtype': 'DataType::BFLOAT16'; 'output_mem_config': 'MemoryConfig(memory_layout=TensorMemoryLayout::WIDTH_SHARDED;buffer_type=BufferType::L1;shard_spec=ShardSpec{grid=[{""start"":{""x"":0;""y"":0};""end"":{""x"":10;""y"":6}; {""start"":{""x"":0;""y"":7};""end"":{""x"":2;""y"":7}]; shape=[32; 64]; orientation=ShardOrientation::ROW_MAJOR};nd_shard_spec=std::nullopt;created_with_nd_shard_spec=0)'; 'output_tile': 'Tile(tile_shape={32; 32};face_shape={16; 16};num_faces=4)'; 'program_config': 'MatmulMultiCoreReuseMultiCastDRAMShardedProgramConfig(in0_block_w=1;per_core_M=1;per_core_N=2;fused_activation=std::nullopt)'; 'sub_device_id': 'std::nullopt'; 'transpose_a': 'false'; 'transpose_b': 'false'; 'untilize_out': 'false'; 'user_core_coord': 'std::nullopt'; 'user_fused_activation': 'std::nullopt'; 'user_run_batched': 'false'}",LoFi,,,,,17294905953,17294907916,1963,,,,,,,,,,,,,,,,,,,,,,1[1],1[1],32[32],2048[2048],TILE,BFLOAT16,DEV_0_L1_WIDTH_SHARDED,1[1],1[1],2048[2048],5120[5120],TILE,BFLOAT8_B,DEV_0_DRAM_WIDTH_SHARDED,,,,,,,,,,,,,,,,,,,,,,1[1],1[1],32[32],5120[5120],TILE,BFLOAT16,DEV_0_L1_WIDTH_SHARDED,,,,,,,,,,,,,,,,,['ttnn/cpp/ttnn/operations/matmul/device/kernels/compute/bmm_large_block_zm_fused_bias_activation.cpp'],['bmm_large_block_zm_fused_bias_activation/210299265836442673/'],['ttnn/cpp/ttnn/operations/matmul/device/kernels/dataflow/reader_bmm_tile_layout_in1_sender_dram_sharded.cpp'; 'ttnn/cpp/ttnn/operations/matmul/device/kernels/dataflow/reader_bmm_tile_layout_in0_sender_dram_sharded.cpp'],['reader_bmm_tile_layout_in1_sender_dram_sharded/2065830847921050448/'; 'reader_bmm_tile_layout_in0_sender_dram_sharded/3163486512536001554/'],12296920714099552695,False,1740,1472,2284,2264,3408,0,0,0,0,19073,1104,19073,[6.872122764587402; 549.7698364257812],[17.180307388305664],,,,,,,,1963
ShardedToInterleavedDeviceOperation,tt_dnn_device,53251,3,,{'num_slices': '1'; 'output_dtype': 'DataType::BFLOAT16'; 'output_mem_config': 'MemoryConfig(memory_layout=TensorMemoryLayout::INTERLEAVED;buffer_type=BufferType::DRAM;shard_spec=std::nullopt;nd_shard_spec=std::nullopt;created_with_nd_shard_spec=0)'; 'slice_index': '0'},,,,,,17294961168,17294963002,1834,,,,,,,,,,,,,,,,,,,,,,1[1],1[1],32[32],5120[5120],TILE,BFLOAT16,DEV_0_L1_WIDTH_SHARDED,,,,,,,,,,,,,,,,,,,,,,,,,,,,,1[1],1[1],32[32],5120[5120],TILE,BFLOAT16,DEV_0_DRAM_INTERLEAVED,,,,,,,,,,,,,,,,,[],[],['ttnn/cpp/ttnn/operations/data_movement/sharded/device/kernels/dataflow/writer_unary_sharded_blocks_interleaved_start_id.cpp'; 'ttnn/cpp/ttnn/operations/eltwise/unary/device/kernels/dataflow/reader_unary_sharded.cpp'],['writer_unary_sharded_blocks_interleaved_start_id/5884187274843898850/'; 'reader_unary_sharded/5324219487655416857/'],17443645908441431036,False,880,404,0,0,0,0,0,0,0,1,1,1,[],[],,,,,,,,1834
NLPCreateQKVHeadsDecodeDeviceOperation,tt_dnn_device,54275,3,,"{'head_dim': '128'; 'input_on_subcoregrids': 'false'; 'num_kv_heads': '4'; 'num_q_heads': '32'; 'output_mem_config': 'MemoryConfig(memory_layout=TensorMemoryLayout::HEIGHT_SHARDED;buffer_type=BufferType::L1;shard_spec=ShardSpec{grid=[{""start"":{""x"":0;""y"":0};""end"":{""x"":10;""y"":9}]; shape=[0; 0]; orientation=ShardOrientation::ROW_MAJOR};nd_shard_spec=std::nullopt;created_with_nd_shard_spec=0)'; 'overlap_qk_coregrid': 'true'; 'slice_size': 'std::nullopt'}",,,,,,17295032073,17295036662,4589,,,,,,,,,,,,,,,,,,,,,,1[1],1[1],32[32],5120[5120],TILE,BFLOAT16,DEV_0_DRAM_INTERLEAVED,,,,,,,,,,,,,,,,,,,,,,,,,,,,,1[1],32[32],32[32],128[128],TILE,BFLOAT16,DEV_0_L1_HEIGHT_SHARDED,1[1],32[32],32[4],128[128],TILE,BFLOAT16,DEV_0_L1_HEIGHT_SHARDED,1[1],32[32],32[4],128[128],TILE,BFLOAT16,DEV_0_L1_HEIGHT_SHARDED,,,[],[],['ttnn/cpp/ttnn/operations/experimental/transformer/nlp_create_qkv_heads_decode/device/kernels/reader_interleaved_tm_tile_layout_nlp_create_qkv_heads_decode.cpp'],['reader_interleaved_tm_tile_layout_nlp_create_qkv_heads_decode/5824328713435979520/'],11384096169099681095,False,1624,1592,0,0,0,0,0,0,0,1,1,1,[],[],,,,,,,,4589
PagedUpdateCacheDeviceOperation,tt_dnn_device,55299,3,,{'batch_offset': '0'; 'block_size_override': 'std::nullopt'; 'cache_position_modulo': 'std::nullopt'; 'compute_kernel_config': 'ComputeKernelConfig(math_fidelity=LoFi;math_approx_mode=1;fp32_dest_acc_en=0;packer_l1_acc=0;dst_full_sync_en=0;throttle_level=ThrottleLevel::NO_THROTTLE)'; 'mesh_coords': 'std::nullopt'; 'num_kv_heads_override': 'std::nullopt'; 'share_cache': 'false'; 'update_idxs': '{}'},HiFi4,,,,,17295081768,17295083401,1633,,,,,,,,,,,,,,,,,,,,,,32[32],4[4],32[32],128[128],TILE,BFLOAT8_B,DEV_0_DRAM_INTERLEAVED,1[1],32[32],32[4],128[128],TILE,BFLOAT16,DEV_0_L1_HEIGHT_SHARDED,1[1],1[1],1[1],32[32],ROW_MAJOR,INT32,DEV_0_DRAM_INTERLEAVED,1[1],1[1],32[32],1[1],ROW_MAJOR,INT32,DEV_0_DRAM_INTERLEAVED,,,,,,,,32[32],4[4],32[32],128[128],TILE,BFLOAT8_B,DEV_0_DRAM_INTERLEAVED,,,,,,,,,,,,,,,,,['ttnn/cpp/ttnn/operations/experimental/paged_cache/device/kernels/compute/update_cache.cpp'],['update_cache/3786271183349787049/'],['ttnn/cpp/ttnn/operations/experimental/paged_cache/device/kernels/dataflow/writer_update_cache_interleaved_start_id.cpp'; 'ttnn/cpp/ttnn/operations/experimental/paged_cache/device/kernels/dataflow/reader_update_cache_interleaved_start_id.cpp'],['writer_update_cache_interleaved_start_id/5231735904060124778/'; 'reader_update_cache_interleaved_start_id/16636840904146229965/'],17850678947177483186,False,1536,1312,2332,1760,4768,0,0,0,0,1,1,1,[],[],,,,,,,,1633
PagedUpdateCacheDeviceOperation,tt_dnn_device,56323,3,,{'batch_offset': '0'; 'block_size_override': 'std::nullopt'; 'cache_position_modulo': 'std::nullopt'; 'compute_kernel_config': 'ComputeKernelConfig(math_fidelity=LoFi;math_approx_mode=1;fp32_dest_acc_en=0;packer_l1_acc=0;dst_full_sync_en=0;throttle_level=ThrottleLevel::NO_THROTTLE)'; 'mesh_coords': 'std::nullopt'; 'num_kv_heads_override': 'std::nullopt'; 'share_cache': 'false'; 'update_idxs': '{}'},HiFi4,,,,,17295096456,17295097147,691,,,,,,,,,,,,,,,,,,,,,,32[32],4[4],32[32],128[128],TILE,BFLOAT8_B,DEV_0_DRAM_INTERLEAVED,1[1],32[32],32[4],128[128],TILE,BFLOAT16,DEV_0_L1_HEIGHT_SHARDED,1[1],1[1],1[1],32[32],ROW_MAJOR,INT32,DEV_0_DRAM_INTERLEAVED,1[1],1[1],32[32],1[1],ROW_MAJOR,INT32,DEV_0_DRAM_INTERLEAVED,,,,,,,,32[32],4[4],32[32],128[128],TILE,BFLOAT8_B,DEV_0_DRAM_INTERLEAVED,,,,,,,,,,,,,,,,,['ttnn/cpp/ttnn/operations/experimental/paged_cache/device/kernels/compute/update_cache.cpp'],['update_cache/3786271183349787049/'],['ttnn/cpp/ttnn/operations/experimental/paged_cache/device/kernels/dataflow/writer_update_cache_interleaved_start_id.cpp'; 'ttnn/cpp/ttnn/operations/experimental/paged_cache/device/kernels/dataflow/reader_update_cache_interleaved_start_id.cpp'],['writer_update_cache_interleaved_start_id/5231735904060124778/'; 'reader_update_cache_interleaved_start_id/16636840904146229965/'],17850678947177483186,False,1536,1312,2332,1760,4768,0,0,0,0,1,1,1,[],[],,,,,,,,691
SdpaDecodeDeviceOperation,tt_dnn_device,57347,3,,{'block_size_override': 'std::nullopt'; 'cache_position_modulo': 'std::nullopt'; 'compute_kernel_config': 'ComputeKernelConfig(math_fidelity=LoFi;math_approx_mode=0;fp32_dest_acc_en=0;packer_l1_acc=1;dst_full_sync_en=0;throttle_level=ThrottleLevel::NO_THROTTLE)'; 'cur_pos': '{}'; 'head_dim_v': 'std::nullopt'; 'is_causal': 'true'; 'k_chunk_size': '0'; 'num_kv_heads_override': 'std::nullopt'; 'output_mem_config': 'MemoryConfig(memory_layout=TensorMemoryLayout::INTERLEAVED;buffer_type=BufferType::DRAM;shard_spec=std::nullopt;nd_shard_spec=std::nullopt;created_with_nd_shard_spec=0)'; 'paged_attention': 'true'; 'program_config': 'SDPAProgramConfig(compute_with_storage_grid_size=8-8;sub_core_grids=std::nullopt;q_chunk_size=0;k_chunk_size=0;exp_approx_mode=0;max_cores_per_head_batch=16)'; 'scale': '0.088388346'; 'share_cache': 'std::nullopt'; 'sliding_window_size': 'std::nullopt'; 'use_mla': 'std::nullopt'},LoFi,,,,,17295289494,17295292009,2515,,,,,,,,,,,,,,,,,,,,,,1[1],32[32],32[32],128[128],TILE,BFLOAT16,DEV_0_L1_HEIGHT_SHARDED,32[32],4[4],32[32],128[128],TILE,BFLOAT8_B,DEV_0_DRAM_INTERLEAVED,32[32],4[4],32[32],128[128],TILE,BFLOAT8_B,DEV_0_DRAM_INTERLEAVED,1[1],1[1],1[1],32[32],ROW_MAJOR,INT32,DEV_0_DRAM_INTERLEAVED,1[1],1[1],32[32],1[1],ROW_MAJOR,INT32,DEV_0_DRAM_INTERLEAVED,1[1],32[32],32[32],128[128],TILE,BFLOAT16,DEV_0_DRAM_INTERLEAVED,,,,,,,,,,,,,,,,,['ttnn/cpp/ttnn/operations/transformer/sdpa_decode/device/kernels/compute/sdpa_flash_decode.cpp'],['sdpa_flash_decode/12550745090241879269/'],['ttnn/cpp/ttnn/operations/transformer/sdpa_decode/device/kernels/dataflow/writer_decode_all.cpp'; 'ttnn/cpp/ttnn/operations/transformer/sdpa_decode/device/kernels/dataflow/reader_decode_all.cpp'],['writer_decode_all/11795436985477260677/'; 'reader_decode_all/16097133390207400318/'],14467347661632902198,False,4976,2600,14120,14092,11548,0,0,0,0,1,1,1,[],[],,,,,,,,2515
InterleavedToShardedDeviceOperation,tt_dnn_device,58371,3,,"{'keep_l1_aligned': 'false'; 'output_dtype': 'DataType::BFLOAT16'; 'output_mem_config': 'MemoryConfig(memory_layout=TensorMemoryLayout::HEIGHT_SHARDED;buffer_type=BufferType::L1;shard_spec=ShardSpec{grid=[{""start"":{""x"":0;""y"":0};""end"":{""x"":7;""y"":3}]; shape=[32; 128]; orientation=ShardOrientation::ROW_MAJOR};nd_shard_spec=std::nullopt;created_with_nd_shard_spec=0)'}",,,,,,17295336344,17295337977,1633,,,,,,,,,,,,,,,,,,,,,,1[1],32[32],32[32],128[128],TILE,BFLOAT16,DEV_0_DRAM_INTERLEAVED,,,,,,,,,,,,,,,,,,,,,,,,,,,,,1[1],32[32],32[32],128[128],TILE,BFLOAT16,DEV_0_L1_HEIGHT_SHARDED,,,,,,,,,,,,,,,,,[],[],['ttnn/cpp/ttnn/operations/data_movement/sharded/device/kernels/dataflow/writer_unary_sharded.cpp'; 'ttnn/cpp/ttnn/operations/data_movement/sharded/device/kernels/dataflow/reader_unary_sharded_blocks_interleaved_start_id.cpp'],['writer_unary_sharded/8354490188168529288/'; 'reader_unary_sharded_blocks_interleaved_start_id/10917281480853109555/'],9963275708905747149,False,384,876,0,0,0,0,0,0,0,1,1,1,[],[],,,,,,,,1633
NLPConcatHeadsDecodeDeviceOperation,tt_dnn_device,59395,3,,{'num_heads': '32'; 'on_subcoregrids': 'false'; 'sub_core_grids': 'std::nullopt'},,,,,,17295385537,17295386920,1383,,,,,,,,,,,,,,,,,,,,,,1[1],32[32],32[32],128[128],TILE,BFLOAT16,DEV_0_L1_HEIGHT_SHARDED,,,,,,,,,,,,,,,,,,,,,,,,,,,,,1[1],1[1],32[32],4096[4096],TILE,BFLOAT16,DEV_0_L1_WIDTH_SHARDED,,,,,,,,,,,,,,,,,[],[],['ttnn/cpp/ttnn/operations/experimental/transformer/nlp_concat_heads_decode/device/kernels/dataflow/reader_tm_tile_layout_nlp_concat_heads_decode.cpp'],['reader_tm_tile_layout_nlp_concat_heads_decode/8374737858695605044/'],538137558575981589,False,772,744,0,0,0,0,0,0,0,1,1,1,[],[],,,,,,,,1383
ReshardDeviceOperation,tt_dnn_device,60419,3,,"{'output_mem_config': 'MemoryConfig(memory_layout=TensorMemoryLayout::WIDTH_SHARDED;buffer_type=BufferType::L1;shard_spec=ShardSpec{grid=[{""start"":{""x"":0;""y"":0};""end"":{""x"":10;""y"":4}; {""start"":{""x"":0;""y"":5};""end"":{""x"":8;""y"":5}]; shape=[32; 64]; orientation=ShardOrientation::ROW_MAJOR};nd_shard_spec=std::nullopt;created_with_nd_shard_spec=0)'}",,,,,,17295449780,17295451183,1403,,,,,,,,,,,,,,,,,,,,,,1[1],1[1],32[32],4096[4096],TILE,BFLOAT16,DEV_0_L1_WIDTH_SHARDED,,,,,,,,,,,,,,,,,,,,,,,,,,,,,1[1],1[1],32[32],4096[4096],TILE,BFLOAT16,DEV_0_L1_WIDTH_SHARDED,,,,,,,,,,,,,,,,,[],[],['ttnn/cpp/ttnn/operations/data_movement/sharded/device/kernels/dataflow/reshard_reader.cpp'],['reshard_reader/65709687602297981/'],14632346182569701742,False,924,912,0,0,0,0,0,0,0,1,1,1,[],[],,,,,,,,1403
MatmulDeviceOperation,tt_dnn_device,61443,3,,"{'bcast_batch': 'true'; 'compute_kernel_config': 'ComputeKernelConfig(math_fidelity=LoFi;math_approx_mode=0;fp32_dest_acc_en=0;packer_l1_acc=1;dst_full_sync_en=0;throttle_level=ThrottleLevel::NO_THROTTLE)'; 'global_cb': 'std::nullopt'; 'output_dtype': 'DataType::BFLOAT16'; 'output_mem_config': 'MemoryConfig(memory_layout=TensorMemoryLayout::WIDTH_SHARDED;buffer_type=BufferType::L1;shard_spec=ShardSpec{grid=[{""start"":{""x"":0;""y"":0};""end"":{""x"":10;""y"":4}; {""start"":{""x"":0;""y"":5};""end"":{""x"":8;""y"":5}]; shape=[32; 32]; orientation=ShardOrientation::ROW_MAJOR};nd_shard_spec=std::nullopt;created_with_nd_shard_spec=0)'; 'output_tile': 'Tile(tile_shape={32; 32};face_shape={16; 16};num_faces=4)'; 'program_config': 'MatmulMultiCoreReuseMultiCastDRAMShardedProgramConfig(in0_block_w=2;per_core_M=1;per_core_N=1;fused_activation=std::nullopt)'; 'sub_device_id': 'std::nullopt'; 'transpose_a': 'false'; 'transpose_b': 'false'; 'untilize_out': 'false'; 'user_core_coord': 'std::nullopt'; 'user_fused_activation': 'std::nullopt'; 'user_run_batched': 'false'}",LoFi,,,,,17295548969,17295550853,1884,,,,,,,,,,,,,,,,,,,,,,1[1],1[1],32[32],4096[4096],TILE,BFLOAT16,DEV_0_L1_WIDTH_SHARDED,1[1],1[1],4096[4096],2048[2048],TILE,BFLOAT8_B,DEV_0_DRAM_WIDTH_SHARDED,,,,,,,,,,,,,,,,,,,,,,1[1],1[1],32[32],2048[2048],TILE,BFLOAT16,DEV_0_L1_WIDTH_SHARDED,,,,,,,,,,,,,,,,,['ttnn/cpp/ttnn/operations/matmul/device/kernels/compute/bmm_large_block_zm_fused_bias_activation.cpp'],['bmm_large_block_zm_fused_bias_activation/6533007026353507722/'],['ttnn/cpp/ttnn/operations/matmul/device/kernels/dataflow/reader_bmm_tile_layout_in1_sender_dram_sharded.cpp'; 'ttnn/cpp/ttnn/operations/matmul/device/kernels/dataflow/reader_bmm_tile_layout_in0_sender_dram_sharded.cpp'],['reader_bmm_tile_layout_in1_sender_dram_sharded/3145115992159780370/'; 'reader_bmm_tile_layout_in0_sender_dram_sharded/1207622848561715277/'],12780468715689912648,False,1728,1464,2224,2200,3528,0,0,0,0,15258,883,15258,[17.180757522583008; 549.7842407226562],[8.590378761291504],,,,,,,,1884
ShardedToInterleavedDeviceOperation,tt_dnn_device,62467,3,,{'num_slices': '1'; 'output_dtype': 'DataType::BFLOAT16'; 'output_mem_config': 'MemoryConfig(memory_layout=TensorMemoryLayout::INTERLEAVED;buffer_type=BufferType::DRAM;shard_spec=std::nullopt;nd_shard_spec=std::nullopt;created_with_nd_shard_spec=0)'; 'slice_index': '0'},,,,,,17295591841,17295593003,1162,,,,,,,,,,,,,,,,,,,,,,1[1],1[1],32[32],2048[2048],TILE,BFLOAT16,DEV_0_L1_WIDTH_SHARDED,,,,,,,,,,,,,,,,,,,,,,,,,,,,,1[1],1[1],32[32],2048[2048],TILE,BFLOAT16,DEV_0_DRAM_INTERLEAVED,,,,,,,,,,,,,,,,,[],[],['ttnn/cpp/ttnn/operations/data_movement/sharded/device/kernels/dataflow/writer_unary_sharded_blocks_interleaved_start_id.cpp'; 'ttnn/cpp/ttnn/operations/eltwise/unary/device/kernels/dataflow/reader_unary_sharded.cpp'],['writer_unary_sharded_blocks_interleaved_start_id/5884187274843898850/'; 'reader_unary_sharded/5324219487655416857/'],8316028533648037522,False,880,404,0,0,0,0,0,0,0,1,1,1,[],[],,,,,,,,1162
TransposeDeviceOperation,tt_dnn_device,63491,3,,{'dim': 'TransposeOpDim::HC'; 'output_mem_config': 'MemoryConfig(memory_layout=TensorMemoryLayout::INTERLEAVED;buffer_type=BufferType::DRAM;shard_spec=std::nullopt;nd_shard_spec=std::nullopt;created_with_nd_shard_spec=0)'; 'pad_value': '0'},,,,,,17295672675,17295674609,1934,,,,,,,,,,,,,,,,,,,,,,1[1],1[1],32[32],2048[2048],TILE,BFLOAT16,DEV_0_DRAM_INTERLEAVED,,,,,,,,,,,,,,,,,,,,,,,,,,,,,1[1],32[32],32[1],2048[2048],TILE,BFLOAT16,DEV_0_DRAM_INTERLEAVED,,,,,,,,,,,,,,,,,[],[],['ttnn/cpp/ttnn/operations/data_movement/transpose/device/kernels/dataflow/writer_unary_transpose_hc_interleaved_tiled_padding_aware.cpp'; 'ttnn/cpp/ttnn/operations/data_movement/transpose/device/kernels/dataflow/reader_unary_transpose_hc_interleaved_tiled_padding_aware.cpp'],['writer_unary_transpose_hc_interleaved_tiled_padding_aware/2216037895338823001/'; 'reader_unary_transpose_hc_interleaved_tiled_padding_aware/4505066741605229875/'],2360672155277259250,False,1220,740,0,0,0,0,0,0,0,13463,13463,7629,[9.735719680786133],[311.54302978515625],,,,,,,,1934
ReshapeViewDeviceOperation,tt_dnn_device,64515,3,,{'logical_output_shape': 'Shape([1; 32; 2048])'; 'output_mem_config': 'MemoryConfig(memory_layout=TensorMemoryLayout::INTERLEAVED;buffer_type=BufferType::DRAM;shard_spec=std::nullopt;nd_shard_spec=std::nullopt;created_with_nd_shard_spec=0)'; 'padded_output_shape': 'Shape([1; 32; 2048])'; 'recreate_mapping_tensor': 'false'; 'sub_core_grid': 'std::nullopt'},,,,,,17295700258,17295701370,1112,,,,,,,,,,,,,,,,,,,,,,1[1],32[32],32[1],2048[2048],TILE,BFLOAT16,DEV_0_DRAM_INTERLEAVED,,,,,,,,,,,,,,,,,,,,,,,,,,,,,1[1],1[1],32[32],2048[2048],TILE,BFLOAT16,DEV_0_DRAM_INTERLEAVED,,,,,,,,,,,,,,,,,[],[],['ttnn/cpp/ttnn/operations/data_movement/reshape_view/device/device/dataflow/writer_reshape_tiled.cpp'; 'ttnn/cpp/ttnn/operations/data_movement/reshape_view/device/device/dataflow/reader_reshape_tiled.cpp'],['writer_reshape_tiled/4267096035403228190/'; 'reader_reshape_tiled/11173047033745705692/'],2479539830318309128,False,1756,980,0,0,0,0,0,0,0,1,1,1,[],[],,,,,,,,1112
MatmulDeviceOperation,tt_dnn_device,65539,3,,{'bcast_batch': 'true'; 'compute_kernel_config': 'ComputeKernelConfig(math_fidelity=HiFi2;math_approx_mode=0;fp32_dest_acc_en=0;packer_l1_acc=1;dst_full_sync_en=0;throttle_level=ThrottleLevel::NO_THROTTLE)'; 'global_cb': 'std::nullopt'; 'output_dtype': 'DataType::BFLOAT16'; 'output_mem_config': 'MemoryConfig(memory_layout=TensorMemoryLayout::INTERLEAVED;buffer_type=BufferType::DRAM;shard_spec=std::nullopt;nd_shard_spec=std::nullopt;created_with_nd_shard_spec=0)'; 'output_tile': 'Tile(tile_shape={32; 32};face_shape={16; 16};num_faces=4)'; 'program_config': 'MatmulMultiCoreReuseMultiCast1DProgramConfig(compute_with_storage_grid_size=11-10;in0_block_w=2;out_subblock_h=1;out_subblock_w=1;out_block_h=1;out_block_w=1;per_core_M=1;per_core_N=1;fuse_batch=0;fused_activation=std::nullopt;mcast_in0=1;gather_in0=0;hop_cores={};num_global_cb_receivers=0;untilize_out=0;allowed_worker_cores={[0-0 - 10-9]})'; 'sub_device_id': 'std::nullopt'; 'transpose_a': 'false'; 'transpose_b': 'false'; 'untilize_out': 'false'; 'user_core_coord': 'std::nullopt'; 'user_fused_activation': 'std::nullopt'; 'user_run_batched': 'false'},HiFi2,,,,,17295741847,17295742929,1082,,,,,,,,,,,,,,,,,,,,,,1[1],1[1],32[32],2048[2048],TILE,BFLOAT16,DEV_0_DRAM_INTERLEAVED,1[1],1[1],2048[2048],128[128],TILE,BFLOAT16,DEV_0_DRAM_INTERLEAVED,,,,,,,,,,,,,,,,,,,,,,1[1],1[1],32[32],128[128],TILE,BFLOAT16,DEV_0_DRAM_INTERLEAVED,,,,,,,,,,,,,,,,,['ttnn/cpp/ttnn/operations/matmul/device/kernels/compute/bmm_large_block_zm_fused_bias_activation.cpp'],['bmm_large_block_zm_fused_bias_activation/942525137029099931/'],['ttnn/cpp/ttnn/operations/matmul/device/kernels/dataflow/reader_bmm_tile_layout_in1_sender_writer_padding.cpp'; 'ttnn/cpp/ttnn/operations/matmul/device/kernels/dataflow/reader_bmm_tile_layout_in0_receiver.cpp'; 'ttnn/cpp/ttnn/operations/matmul/device/kernels/dataflow/reader_bmm_tile_layout_in0_sender_padding.cpp'],['reader_bmm_tile_layout_in1_sender_writer_padding/7747605843580814394/'; 'reader_bmm_tile_layout_in0_receiver/11847109078087111066/'; 'reader_bmm_tile_layout_in0_sender_padding/5402803145243945533/'],13550181154860904601,False,1556,1084,1992,1796,2344,0,0,0,0,953,56,953,[137.53619384765625; 550.144775390625],[8.596012115478516],,,,,,,,1082
TopKDeviceOperation,tt_dnn_device,66563,3,,{'dim': '-1'; 'k': '32'; 'largest': 'true'; 'output_memory_config': 'MemoryConfig(memory_layout=TensorMemoryLayout::INTERLEAVED;buffer_type=BufferType::DRAM;shard_spec=std::nullopt;nd_shard_spec=std::nullopt;created_with_nd_shard_spec=0)'; 'sorted': 'true'; 'sub_core_grids': '{[0-0 - 10-9]}'},HiFi4,,,,,17295778206,17295782725,4519,,,,,,,,,,,,,,,,,,,,,,1[1],1[1],32[32],128[128],TILE,BFLOAT16,DEV_0_DRAM_INTERLEAVED,,,,,,,,,,,,,,,,,,,,,,,,,,,,,1[1],1[1],32[32],32[32],TILE,BFLOAT16,DEV_0_DRAM_INTERLEAVED,1[1],1[1],32[32],32[32],TILE,UINT16,DEV_0_DRAM_INTERLEAVED,,,,,,,,,,['ttnn/cpp/ttnn/operations/reduction/topk/device/kernels/compute/topk.cpp'],['topk/8679865028900713769/'],['ttnn/cpp/ttnn/operations/reduction/topk/device/kernels/dataflow/writer_binary_interleaved.cpp'; 'ttnn/cpp/ttnn/operations/reduction/topk/device/kernels/dataflow/reader_create_index_tensor.cpp'],['writer_binary_interleaved/2668655102038004167/'; 'reader_create_index_tensor/4964966769969383863/'],7304848548387796468,False,908,948,6532,5432,4580,0,0,0,0,1,1,1,[],[],,,,,,,,4519
SliceDeviceOperation,tt_dnn_device,67587,3,,{'num_devices': 'std::nullopt'; 'output_mem_config': 'MemoryConfig(memory_layout=TensorMemoryLayout::INTERLEAVED;buffer_type=BufferType::DRAM;shard_spec=std::nullopt;nd_shard_spec=std::nullopt;created_with_nd_shard_spec=0)'; 'slice_dim': 'std::nullopt'; 'slice_end': 'Shape([1; 1; 32; 32])'; 'slice_start': 'Shape([0; 0; 0; 0])'; 'step': 'Shape([1; 1; 1; 1])'; 'sub_core_grids': 'std::nullopt'; 'use_tensor_args': 'false'},,,,,,17295809847,17295811329,1482,,,,,,,,,,,,,,,,,,,,,,1[1],1[1],32[32],32[32],TILE,BFLOAT16,DEV_0_DRAM_INTERLEAVED,,,,,,,,,,,,,,,,,,,,,,,,,,,,,1[1],1[1],32[32],32[32],TILE,BFLOAT16,DEV_0_DRAM_INTERLEAVED,,,,,,,,,,,,,,,,,[],[],['ttnn/cpp/ttnn/operations/data_movement/slice/device/kernels/dataflow/writer_unary_interleaved_start_id.cpp'; 'ttnn/cpp/ttnn/operations/data_movement/slice/device/kernels/dataflow/reader_unary_unpad_dims_interleaved_start_id.cpp'],['writer_unary_interleaved_start_id/11396476643056635318/'; 'reader_unary_unpad_dims_interleaved_start_id/15985850001773238796/'],2175142502278001220,False,680,716,0,0,0,0,0,0,0,429,429,3,[4.773892879486084],[4.773892879486084],,,,,,,,1482
SliceDeviceOperation,tt_dnn_device,68611,3,,{'num_devices': 'std::nullopt'; 'output_mem_config': 'MemoryConfig(memory_layout=TensorMemoryLayout::INTERLEAVED;buffer_type=BufferType::DRAM;shard_spec=std::nullopt;nd_shard_spec=std::nullopt;created_with_nd_shard_spec=0)'; 'slice_dim': 'std::nullopt'; 'slice_end': 'Shape([1; 1; 32; 32])'; 'slice_start': 'Shape([0; 0; 0; 0])'; 'step': 'Shape([1; 1; 1; 1])'; 'sub_core_grids': 'std::nullopt'; 'use_tensor_args': 'false'},,,,,,17295829464,17295830496,1032,,,,,,,,,,,,,,,,,,,,,,1[1],1[1],32[32],32[32],TILE,UINT16,DEV_0_DRAM_INTERLEAVED,,,,,,,,,,,,,,,,,,,,,,,,,,,,,1[1],1[1],32[32],32[32],TILE,UINT16,DEV_0_DRAM_INTERLEAVED,,,,,,,,,,,,,,,,,[],[],['ttnn/cpp/ttnn/operations/data_movement/slice/device/kernels/dataflow/writer_unary_interleaved_start_id.cpp'; 'ttnn/cpp/ttnn/operations/data_movement/slice/device/kernels/dataflow/reader_unary_unpad_dims_interleaved_start_id.cpp'],['writer_unary_interleaved_start_id/13355930290814581581/'; 'reader_unary_unpad_dims_interleaved_start_id/1108021301349754100/'],7797951684992461054,False,680,716,0,0,0,0,0,0,0,429,429,3,[4.773892879486084],[4.773892879486084],,,,,,,,1032
UnaryDeviceOperation,tt_dnn_device,69635,3,,{'bfp8_pack_precise': 'false'; 'fp32_dest_acc_en': 'false'; 'memory_config': 'MemoryConfig(memory_layout=TensorMemoryLayout::INTERLEAVED;buffer_type=BufferType::DRAM;shard_spec=std::nullopt;nd_shard_spec=std::nullopt;created_with_nd_shard_spec=0)'; 'op_chain': '{BasicUnaryWithParam<float; int; unsigned int>(base=BasicUnaryWithParam<float>(op_type=UnaryOpType::SIGMOID;param={4; 0}))}'; 'output_dtype': 'DataType::BFLOAT16'; 'preserve_fp32_precision': 'false'; 'sub_core_grids': 'std::nullopt'; 'worker_grid': '{[0-0 - 10-9]}'},HiFi4,,,,,17295934224,17295936538,2314,,,,,,,,,,,,,,,,,,,,,,1[1],1[1],32[32],32[8],TILE,BFLOAT16,DEV_0_DRAM_INTERLEAVED,,,,,,,,,,,,,,,,,,,,,,,,,,,,,1[1],1[1],32[32],32[8],TILE,BFLOAT16,DEV_0_DRAM_INTERLEAVED,,,,,,,,,,,,,,,,,['ttnn/cpp/ttnn/operations/eltwise/unary/device/kernels/compute/eltwise_sfpu.cpp'],['eltwise_sfpu/17254425182357590235/'],['ttnn/cpp/ttnn/operations/eltwise/unary/device/kernels/dataflow/writer_unary.cpp'; 'ttnn/cpp/ttnn/operations/eltwise/unary/device/kernels/dataflow/reader_unary.cpp'],['writer_unary/17308908021593325674/'; 'reader_unary/7914283486036039746/'],1433205122739524802,False,1000,924,1060,1132,1260,0,0,0,0,1,1,1,[],[],,,,,,,,2314
UnaryDeviceOperation,tt_dnn_device,70659,3,,{'bfp8_pack_precise': 'false'; 'fp32_dest_acc_en': 'false'; 'memory_config': 'MemoryConfig(memory_layout=TensorMemoryLayout::INTERLEAVED;buffer_type=BufferType::DRAM;shard_spec=std::nullopt;nd_shard_spec=std::nullopt;created_with_nd_shard_spec=0)'; 'op_chain': '{BasicUnaryWithParam<float; int; unsigned int>(base=BasicUnaryWithParam<float>(op_type=UnaryOpType::FILL;param={0}))}'; 'output_dtype': 'DataType::BFLOAT16'; 'preserve_fp32_precision': 'false'; 'sub_core_grids': 'std::nullopt'; 'worker_grid': '{[0-0 - 10-9]}'},HiFi4,,,,,17296018284,17296019206,922,,,,,,,,,,,,,,,,,,,,,,1[1],1[1],32[32],128[128],TILE,BFLOAT16,DEV_0_DRAM_INTERLEAVED,,,,,,,,,,,,,,,,,,,,,,,,,,,,,1[1],1[1],32[32],128[128],TILE,BFLOAT16,DEV_0_DRAM_INTERLEAVED,,,,,,,,,,,,,,,,,['ttnn/cpp/ttnn/operations/eltwise/unary/device/kernels/compute/eltwise_sfpu.cpp'],['eltwise_sfpu/14928341353554394541/'],['ttnn/cpp/ttnn/operations/eltwise/unary/device/kernels/dataflow/writer_unary.cpp'; 'ttnn/cpp/ttnn/operations/eltwise/unary/device/kernels/dataflow/reader_unary.cpp'],['writer_unary/17308908021593325674/'; 'reader_unary/7914283486036039746/'],17376454958624202605,False,1000,924,1060,856,1260,0,0,0,0,1,1,1,[],[],,,,,,,,922
UntilizeDeviceOperation,tt_dnn_device,71683,3,,{'enough_space_height': 'true'; 'enough_space_width': 'true'; 'fp32_dest_acc_en': 'false'; 'output_mem_config': 'MemoryConfig(memory_layout=TensorMemoryLayout::INTERLEAVED;buffer_type=BufferType::DRAM;shard_spec=std::nullopt;nd_shard_spec=std::nullopt;created_with_nd_shard_spec=0)'; 'pf_type': '2'; 'sub_core_grids': 'std::nullopt'; 'use_multicore': 'true'},HiFi4,,,,,17296047259,17296049263,2004,,,,,,,,,,,,,,,,,,,,,,1[1],1[1],32[32],128[128],TILE,BFLOAT16,DEV_0_DRAM_INTERLEAVED,,,,,,,,,,,,,,,,,,,,,,,,,,,,,1[1],1[1],32[32],128[128],ROW_MAJOR,BFLOAT16,DEV_0_DRAM_INTERLEAVED,,,,,,,,,,,,,,,,,['ttnn/cpp/ttnn/operations/data_movement/untilize/device/kernels/compute/untilize_variable_num_blocks.cpp'],['untilize_variable_num_blocks/5225429762567392534/'],['ttnn/cpp/ttnn/operations/data_movement/untilize/device/kernels/dataflow/writer_unary_stick_layout_split_rows_multi_core.cpp'; 'ttnn/cpp/ttnn/operations/data_movement/untilize/device/kernels/dataflow/reader_unary_start_id.cpp'],['writer_unary_stick_layout_split_rows_multi_core/90896511080821434/'; 'reader_unary_start_id/9088430955735964568/'],10491042520524766586,False,1276,624,1168,964,2680,0,0,0,0,724,724,14,[11.31491756439209],[11.31491756439209],,,,,,,,2004
UntilizeWithUnpaddingDeviceOperation,tt_dnn_device,72707,3,,{'enough_space_height': 'true'; 'fp32_dest_acc_en': 'false'; 'output_mem_config': 'MemoryConfig(memory_layout=TensorMemoryLayout::INTERLEAVED;buffer_type=BufferType::DRAM;shard_spec=std::nullopt;nd_shard_spec=std::nullopt;created_with_nd_shard_spec=0)'; 'output_tensor_end': 'Shape([31; 7])'; 'sub_core_grids': 'std::nullopt'; 'use_multicore': 'true'},HiFi4,,,,,17296074291,17296076345,2054,,,,,,,,,,,,,,,,,,,,,,1[1],1[1],32[32],32[8],TILE,UINT16,DEV_0_DRAM_INTERLEAVED,,,,,,,,,,,,,,,,,,,,,,,,,,,,,1[1],1[1],32[32],8[8],ROW_MAJOR,UINT16,DEV_0_DRAM_INTERLEAVED,,,,,,,,,,,,,,,,,['ttnn/cpp/ttnn/operations/data_movement/untilize/device/kernels/compute/untilize.cpp'],['untilize/14659225964938679449/'],['ttnn/cpp/ttnn/operations/data_movement/untilize_with_unpadding/device/kernels/dataflow/writer_unary_stick_layout_split_rows_multicore.cpp'; 'ttnn/cpp/ttnn/operations/eltwise/unary/device/kernels/dataflow/reader_unary_interleaved_start_id.cpp'],['writer_unary_stick_layout_split_rows_multicore/4720355238896889287/'; 'reader_unary_interleaved_start_id/9735162635154385579/'],13132750209399612513,False,1564,924,1040,788,2356,0,0,0,0,1606,1606,3,[1.275217890739441],[0.31880447268486023],,,,,,,,2054
UntilizeWithUnpaddingDeviceOperation,tt_dnn_device,73731,3,,{'enough_space_height': 'true'; 'fp32_dest_acc_en': 'false'; 'output_mem_config': 'MemoryConfig(memory_layout=TensorMemoryLayout::INTERLEAVED;buffer_type=BufferType::DRAM;shard_spec=std::nullopt;nd_shard_spec=std::nullopt;created_with_nd_shard_spec=0)'; 'output_tensor_end': 'Shape([31; 7])'; 'sub_core_grids': 'std::nullopt'; 'use_multicore': 'true'},HiFi4,,,,,17296092947,17296093688,741,,,,,,,,,,,,,,,,,,,,,,1[1],1[1],32[32],32[8],TILE,BFLOAT16,DEV_0_DRAM_INTERLEAVED,,,,,,,,,,,,,,,,,,,,,,,,,,,,,1[1],1[1],32[32],8[8],ROW_MAJOR,BFLOAT16,DEV_0_DRAM_INTERLEAVED,,,,,,,,,,,,,,,,,['ttnn/cpp/ttnn/operations/data_movement/untilize/device/kernels/compute/untilize.cpp'],['untilize/4715010967245292982/'],['ttnn/cpp/ttnn/operations/data_movement/untilize_with_unpadding/device/kernels/dataflow/writer_unary_stick_layout_split_rows_multicore.cpp'; 'ttnn/cpp/ttnn/operations/eltwise/unary/device/kernels/dataflow/reader_unary_interleaved_start_id.cpp'],['writer_unary_stick_layout_split_rows_multicore/3692805883673047670/'; 'reader_unary_interleaved_start_id/14429317243173019626/'],1350775133788877157,False,1564,924,1040,788,2352,0,0,0,0,1606,1606,3,[1.275217890739441],[0.31880447268486023],,,,,,,,741
ScatterDeviceOperation,tt_dnn_device,74755,3,,{'dim': '1'; 'opt_reduction': 'ScatterReductionType::INVALID'; 'output_memory_config': 'MemoryConfig(memory_layout=TensorMemoryLayout::INTERLEAVED;buffer_type=BufferType::DRAM;shard_spec=std::nullopt;nd_shard_spec=std::nullopt;created_with_nd_shard_spec=0)'; 'sub_core_grid': 'std::nullopt'},,,,,,17296128575,17296130137,1562,,,,,,,,,,,,,,,,,,,,,,1[1],1[1],32[32],128[128],ROW_MAJOR,BFLOAT16,DEV_0_DRAM_INTERLEAVED,1[1],1[1],32[32],8[8],ROW_MAJOR,UINT16,DEV_0_DRAM_INTERLEAVED,1[1],1[1],32[32],8[8],ROW_MAJOR,BFLOAT16,DEV_0_DRAM_INTERLEAVED,,,,,,,,,,,,,,,1[1],1[1],32[32],128[128],ROW_MAJOR,BFLOAT16,DEV_0_DRAM_INTERLEAVED,,,,,,,,,,,,,,,,,[],[],['ttnn/cpp/ttnn/operations/data_movement/scatter/device/kernels/dataflow/writer_scatter.cpp'; 'ttnn/cpp/ttnn/operations/data_movement/scatter/device/kernels/dataflow/reader_scatter.cpp'],['writer_scatter/12036046600388805223/'; 'reader_scatter/13590767754617400688/'],2391787160877372169,False,792,2272,0,0,0,0,0,0,0,466,466,14,[17.57939910888672],[17.57939910888672],,,,,,,,1562
TilizeDeviceOperation,tt_dnn_device,75779,3,,{'enough_space_height': 'true'; 'enough_space_width': 'true'; 'output_dtype': 'DataType::BFLOAT16'; 'output_mem_config': 'MemoryConfig(memory_layout=TensorMemoryLayout::INTERLEAVED;buffer_type=BufferType::DRAM;shard_spec=std::nullopt;nd_shard_spec=std::nullopt;created_with_nd_shard_spec=0)'; 'sub_core_grids': 'std::nullopt'; 'use_low_perf': 'false'; 'use_multicore': 'true'},HiFi4,,,,,17296153442,17296154734,1292,,,,,,,,,,,,,,,,,,,,,,1[1],1[1],32[32],128[128],ROW_MAJOR,BFLOAT16,DEV_0_DRAM_INTERLEAVED,,,,,,,,,,,,,,,,,,,,,,,,,,,,,1[1],1[1],32[32],128[128],TILE,BFLOAT16,DEV_0_DRAM_INTERLEAVED,,,,,,,,,,,,,,,,,['ttnn/cpp/ttnn/kernel/compute/tilize.cpp'],['tilize/9207119747511123796/'],['ttnn/cpp/ttnn/operations/eltwise/unary/device/kernels/dataflow/writer_unary_interleaved_start_id.cpp'; 'ttnn/cpp/ttnn/operations/data_movement/tilize/device/kernels/dataflow/reader_unary_stick_layout_split_rows_multicore.cpp'],['writer_unary_interleaved_start_id/12823350331057913928/'; 'reader_unary_stick_layout_split_rows_multicore/5137991844069086675/'],12990263132558414139,False,1000,860,1168,768,2012,0,0,0,0,1,1,1,[],[],,,,,,,,1292
ReshapeViewDeviceOperation,tt_dnn_device,76803,3,,{'logical_output_shape': 'Shape([1; 32; 2048])'; 'output_mem_config': 'MemoryConfig(memory_layout=TensorMemoryLayout::INTERLEAVED;buffer_type=BufferType::DRAM;shard_spec=std::nullopt;nd_shard_spec=std::nullopt;created_with_nd_shard_spec=0)'; 'padded_output_shape': 'Shape([1; 32; 2048])'; 'recreate_mapping_tensor': 'false'; 'sub_core_grid': 'std::nullopt'},,,,,,17296177899,17296178981,1082,,,,,,,,,,,,,,,,,,,,,,1[1],32[32],32[1],2048[2048],TILE,BFLOAT16,DEV_0_DRAM_INTERLEAVED,,,,,,,,,,,,,,,,,,,,,,,,,,,,,1[1],1[1],32[32],2048[2048],TILE,BFLOAT16,DEV_0_DRAM_INTERLEAVED,,,,,,,,,,,,,,,,,[],[],['ttnn/cpp/ttnn/operations/data_movement/reshape_view/device/device/dataflow/writer_reshape_tiled.cpp'; 'ttnn/cpp/ttnn/operations/data_movement/reshape_view/device/device/dataflow/reader_reshape_tiled.cpp'],['writer_reshape_tiled/4267096035403228190/'; 'reader_reshape_tiled/11173047033745705692/'],2479539830318309128,False,1756,980,0,0,0,0,0,0,0,1,1,1,[],[],,,,,,,,1082
RepeatDeviceOperation,tt_dnn_device,77827,3,,{'m_is_last_dim': 'false'; 'm_num_repeats': '128'; 'm_output_mem_config': 'MemoryConfig(memory_layout=TensorMemoryLayout::INTERLEAVED;buffer_type=BufferType::DRAM;shard_spec=std::nullopt;nd_shard_spec=std::nullopt;created_with_nd_shard_spec=0)'; 'm_repeat_dim': '0'; 'm_tile_higher_pages': '1'; 'm_tile_lower_pages': '64'; 'm_tile_page_size_bytes': '2048'; 'm_tile_rep_dim_pages': '1'},,,,,,17296244425,17296245808,1383,,,,,,,,,,,,,,,,,,,,,,1[1],1[1],32[32],2048[2048],TILE,BFLOAT16,DEV_0_DRAM_INTERLEAVED,,,,,,,,,,,,,,,,,,,,,,,,,,,,,1[1],128[128],32[32],2048[2048],TILE,BFLOAT16,DEV_0_DRAM_INTERLEAVED,,,,,,,,,,,,,,,,,[],[],['ttnn/cpp/ttnn/operations/data_movement/repeat/device/kernels/repeat_higher_dim_tile.cpp'],['repeat_higher_dim_tile/1536421696644916261/'],10231590761585174598,False,0,1000,0,0,0,0,0,0,0,51380,51380,30517,[2.5510315895080566],[326.53204345703125],,,,,,,,1383
MatmulDeviceOperation,tt_dnn_device,78851,3,,{'bcast_batch': 'false'; 'compute_kernel_config': 'ComputeKernelConfig(math_fidelity=HiFi2;math_approx_mode=0;fp32_dest_acc_en=0;packer_l1_acc=1;dst_full_sync_en=0;throttle_level=ThrottleLevel::NO_THROTTLE)'; 'global_cb': 'std::nullopt'; 'output_dtype': 'DataType::BFLOAT16'; 'output_mem_config': 'MemoryConfig(memory_layout=TensorMemoryLayout::INTERLEAVED;buffer_type=BufferType::DRAM;shard_spec=std::nullopt;nd_shard_spec=std::nullopt;created_with_nd_shard_spec=0)'; 'output_tile': 'Tile(tile_shape={32; 32};face_shape={16; 16};num_faces=4)'; 'program_config': 'MatmulMultiCoreReuseMultiCast1DProgramConfig(compute_with_storage_grid_size=11-10;in0_block_w=2;out_subblock_h=1;out_subblock_w=1;out_block_h=1;out_block_w=1;per_core_M=1;per_core_N=1;fuse_batch=0;fused_activation=std::nullopt;mcast_in0=1;gather_in0=0;hop_cores={};num_global_cb_receivers=0;untilize_out=0;allowed_worker_cores={[0-0 - 10-9]})'; 'sub_device_id': 'std::nullopt'; 'transpose_a': 'false'; 'transpose_b': 'false'; 'untilize_out': 'false'; 'user_core_coord': 'std::nullopt'; 'user_fused_activation': 'std::nullopt'; 'user_run_batched': 'true'},HiFi2,,,,,17296298809,17296299911,1102,,,,,,,,,,,,,,,,,,,,,,1[1],128[128],32[32],2048[2048],TILE,BFLOAT16,DEV_0_DRAM_INTERLEAVED,1[1],128[128],2048[2048],1536[1536],TILE,BFLOAT4_B,DEV_0_DRAM_INTERLEAVED,,,,,,,,,,,,,,,,,,,,,,1[1],128[128],32[32],1536[1536],TILE,BFLOAT16,DEV_0_DRAM_INTERLEAVED,,,,,,,,,,,,,,,,,['ttnn/cpp/ttnn/operations/matmul/device/kernels/compute/bmm_large_block_zm_fused_bias_activation.cpp'],['bmm_large_block_zm_fused_bias_activation/5465698026906302783/'],['ttnn/cpp/ttnn/operations/matmul/device/kernels/dataflow/reader_bmm_tile_layout_in1_sender_writer_padding.cpp'; 'ttnn/cpp/ttnn/operations/matmul/device/kernels/dataflow/reader_bmm_tile_layout_in0_receiver.cpp'; 'ttnn/cpp/ttnn/operations/matmul/device/kernels/dataflow/reader_bmm_tile_layout_in0_sender_padding.cpp'],['reader_bmm_tile_layout_in1_sender_writer_padding/1402418773110273793/'; 'reader_bmm_tile_layout_in0_receiver/9209625242214481634/'; 'reader_bmm_tile_layout_in0_sender_padding/17145958562874073137/'],2568911199456945908,False,1600,1124,2348,2236,2360,0,0,0,0,732421,84735,732421,[22.906518936157227; 549.7564697265625],[17.179889678955078],,,,,,,,1102
SliceDeviceOperation,tt_dnn_device,79875,3,,{'num_devices': 'std::nullopt'; 'output_mem_config': 'MemoryConfig(memory_layout=TensorMemoryLayout::INTERLEAVED;buffer_type=BufferType::DRAM;shard_spec=std::nullopt;nd_shard_spec=std::nullopt;created_with_nd_shard_spec=0)'; 'slice_dim': 'std::nullopt'; 'slice_end': 'Shape([128; 32; 768])'; 'slice_start': 'Shape([0; 0; 0])'; 'step': 'Shape([1; 1; 1])'; 'sub_core_grids': 'std::nullopt'; 'use_tensor_args': 'false'},,,,,,17296366208,17296367450,1242,,,,,,,,,,,,,,,,,,,,,,1[1],128[128],32[32],1536[1536],TILE,BFLOAT16,DEV_0_DRAM_INTERLEAVED,,,,,,,,,,,,,,,,,,,,,,,,,,,,,1[1],128[128],32[32],768[768],TILE,BFLOAT16,DEV_0_DRAM_INTERLEAVED,,,,,,,,,,,,,,,,,[],[],['ttnn/cpp/ttnn/operations/data_movement/slice/device/kernels/dataflow/writer_unary_interleaved_start_id.cpp'; 'ttnn/cpp/ttnn/operations/data_movement/slice/device/kernels/dataflow/reader_unary_unpad_dims_interleaved_start_id.cpp'],['writer_unary_interleaved_start_id/11396476643056635318/'; 'reader_unary_unpad_dims_interleaved_start_id/10579228541280834701/'],4975546075024177705,False,680,716,0,0,0,0,0,0,0,22888,19351,22888,[549.76025390625],[274.880126953125],,,,,,,,1242
SliceDeviceOperation,tt_dnn_device,80899,3,,{'num_devices': 'std::nullopt'; 'output_mem_config': 'MemoryConfig(memory_layout=TensorMemoryLayout::INTERLEAVED;buffer_type=BufferType::DRAM;shard_spec=std::nullopt;nd_shard_spec=std::nullopt;created_with_nd_shard_spec=0)'; 'slice_dim': 'std::nullopt'; 'slice_end': 'Shape([128; 32; 1536])'; 'slice_start': 'Shape([0; 0; 768])'; 'step': 'Shape([1; 1; 1])'; 'sub_core_grids': 'std::nullopt'; 'use_tensor_args': 'false'},,,,,,17296421263,17296421744,481,,,,,,,,,,,,,,,,,,,,,,1[1],128[128],32[32],1536[1536],TILE,BFLOAT16,DEV_0_DRAM_INTERLEAVED,,,,,,,,,,,,,,,,,,,,,,,,,,,,,1[1],128[128],32[32],768[768],TILE,BFLOAT16,DEV_0_DRAM_INTERLEAVED,,,,,,,,,,,,,,,,,[],[],['ttnn/cpp/ttnn/operations/data_movement/slice/device/kernels/dataflow/writer_unary_interleaved_start_id.cpp'; 'ttnn/cpp/ttnn/operations/data_movement/slice/device/kernels/dataflow/reader_unary_unpad_dims_interleaved_start_id.cpp'],['writer_unary_interleaved_start_id/11396476643056635318/'; 'reader_unary_unpad_dims_interleaved_start_id/10579228541280834701/'],14535613120564166057,False,680,716,0,0,0,0,0,0,0,22888,19351,22888,[549.76025390625],[274.880126953125],,,,,,,,481
UnaryDeviceOperation,tt_dnn_device,81923,3,,{'bfp8_pack_precise': 'false'; 'fp32_dest_acc_en': 'false'; 'memory_config': 'MemoryConfig(memory_layout=TensorMemoryLayout::INTERLEAVED;buffer_type=BufferType::DRAM;shard_spec=std::nullopt;nd_shard_spec=std::nullopt;created_with_nd_shard_spec=0)'; 'op_chain': '{BasicUnaryWithParam<float; int; unsigned int>(base=BasicUnaryWithParam<float>(op_type=UnaryOpType::SILU;param={}))}'; 'output_dtype': 'DataType::BFLOAT16'; 'preserve_fp32_precision': 'false'; 'sub_core_grids': 'std::nullopt'; 'worker_grid': '{[0-0 - 10-9]}'},HiFi4,,,,,17296500734,17296501766,1032,,,,,,,,,,,,,,,,,,,,,,1[1],128[128],32[32],768[768],TILE,BFLOAT16,DEV_0_DRAM_INTERLEAVED,,,,,,,,,,,,,,,,,,,,,,,,,,,,,1[1],128[128],32[32],768[768],TILE,BFLOAT16,DEV_0_DRAM_INTERLEAVED,,,,,,,,,,,,,,,,,['ttnn/cpp/ttnn/operations/eltwise/unary/device/kernels/compute/eltwise_sfpu.cpp'],['eltwise_sfpu/17685734430554596604/'],['ttnn/cpp/ttnn/operations/eltwise/unary/device/kernels/dataflow/writer_unary.cpp'; 'ttnn/cpp/ttnn/operations/eltwise/unary/device/kernels/dataflow/reader_unary.cpp'],['writer_unary/17308908021593325674/'; 'reader_unary/7914283486036039746/'],3057122495497861903,False,1000,924,1060,1284,1260,0,0,0,0,1,1,1,[],[],,,,,,,,1032
BinaryNgDeviceOperation,tt_dnn_device,82947,3,,{'atol': '0'; 'binary_op_type': 'BinaryOpType::MUL'; 'compute_kernel_config': 'std::nullopt'; 'dtype': 'DataType::BFLOAT16'; 'equal_nan': 'false'; 'input_dtype': 'DataType::BFLOAT16'; 'input_layout_a': 'Layout::TILE'; 'input_layout_b': 'Layout::TILE'; 'is_quant_op': 'false'; 'is_sfpu': 'true'; 'is_where_op': 'false'; 'lhs_activations': '{}'; 'memory_config': 'MemoryConfig(memory_layout=TensorMemoryLayout::INTERLEAVED;buffer_type=BufferType::DRAM;shard_spec=std::nullopt;nd_shard_spec=std::nullopt;created_with_nd_shard_spec=0)'; 'output_layout': 'Layout::TILE'; 'post_activations': '{}'; 'rhs_activations': '{}'; 'rtol': '0'; 'scalar': 'std::nullopt'; 'sub_core_grids': 'std::nullopt'; 'sub_device_id': 'std::nullopt'; 'subtile_broadcast_type': 'SubtileBroadcastType::NONE'; 'worker_grid': '{[0-0 - 10-9]}'},HiFi4,,,,,17296594583,17296596066,1483,,,,,,,,,,,,,,,,,,,,,,1[1],128[128],32[32],768[768],TILE,BFLOAT16,DEV_0_DRAM_INTERLEAVED,1[1],128[128],32[32],768[768],TILE,BFLOAT16,DEV_0_DRAM_INTERLEAVED,,,,,,,,,,,,,,,,,,,,,,1[1],128[128],32[32],768[768],TILE,BFLOAT16,DEV_0_DRAM_INTERLEAVED,,,,,,,,,,,,,,,,,['ttnn/cpp/ttnn/operations/eltwise/binary_ng/device/kernels/compute/eltwise_binary_sfpu_no_bcast.cpp'],['eltwise_binary_sfpu_no_bcast/5506180665876100763/'],['ttnn/cpp/ttnn/operations/eltwise/binary_ng/device/kernels_ng/dataflow/writer_interleaved_no_bcast.cpp'; 'ttnn/cpp/ttnn/operations/eltwise/binary_ng/device/kernels_ng/dataflow/reader_interleaved_no_bcast.cpp'],['writer_interleaved_no_bcast/13786176872452774081/'; 'reader_interleaved_no_bcast/13696495097517312790/'],1543498124224426579,False,1120,1644,1456,1200,1292,0,0,0,0,1,1,1,[],[],,,,,,,,1483
MatmulDeviceOperation,tt_dnn_device,83971,3,,{'bcast_batch': 'false'; 'compute_kernel_config': 'ComputeKernelConfig(math_fidelity=HiFi2;math_approx_mode=0;fp32_dest_acc_en=0;packer_l1_acc=1;dst_full_sync_en=0;throttle_level=ThrottleLevel::NO_THROTTLE)'; 'global_cb': 'std::nullopt'; 'output_dtype': 'DataType::BFLOAT16'; 'output_mem_config': 'MemoryConfig(memory_layout=TensorMemoryLayout::INTERLEAVED;buffer_type=BufferType::DRAM;shard_spec=std::nullopt;nd_shard_spec=std::nullopt;created_with_nd_shard_spec=0)'; 'output_tile': 'Tile(tile_shape={32; 32};face_shape={16; 16};num_faces=4)'; 'program_config': 'MatmulMultiCoreReuseMultiCast1DProgramConfig(compute_with_storage_grid_size=11-10;in0_block_w=2;out_subblock_h=1;out_subblock_w=1;out_block_h=1;out_block_w=1;per_core_M=1;per_core_N=1;fuse_batch=0;fused_activation=std::nullopt;mcast_in0=1;gather_in0=0;hop_cores={};num_global_cb_receivers=0;untilize_out=0;allowed_worker_cores={[0-0 - 10-9]})'; 'sub_device_id': 'std::nullopt'; 'transpose_a': 'false'; 'transpose_b': 'false'; 'untilize_out': 'false'; 'user_core_coord': 'std::nullopt'; 'user_fused_activation': 'std::nullopt'; 'user_run_batched': 'true'},HiFi2,,,,,17296640421,17296641282,861,,,,,,,,,,,,,,,,,,,,,,1[1],128[128],32[32],768[768],TILE,BFLOAT16,DEV_0_DRAM_INTERLEAVED,1[1],128[128],768[768],2048[2048],TILE,BFLOAT4_B,DEV_0_DRAM_INTERLEAVED,,,,,,,,,,,,,,,,,,,,,,1[1],128[128],32[32],2048[2048],TILE,BFLOAT16,DEV_0_DRAM_INTERLEAVED,,,,,,,,,,,,,,,,,['ttnn/cpp/ttnn/operations/matmul/device/kernels/compute/bmm_large_block_zm_fused_bias_activation.cpp'],['bmm_large_block_zm_fused_bias_activation/5367523858612217209/'],['ttnn/cpp/ttnn/operations/matmul/device/kernels/dataflow/reader_bmm_tile_layout_in1_sender_writer_padding.cpp'; 'ttnn/cpp/ttnn/operations/matmul/device/kernels/dataflow/reader_bmm_tile_layout_in0_receiver.cpp'; 'ttnn/cpp/ttnn/operations/matmul/device/kernels/dataflow/reader_bmm_tile_layout_in0_sender_padding.cpp'],['reader_bmm_tile_layout_in1_sender_writer_padding/15419585538510865417/'; 'reader_bmm_tile_layout_in0_receiver/1769695620188288515/'; 'reader_bmm_tile_layout_in0_sender_padding/7473848797589761855/'],6790566937491715914,False,1584,1104,2336,2248,2360,0,0,0,0,366210,42368,366210,[17.179912567138672; 549.7572021484375],[45.81310272216797],,,,,,,,861
TransposeDeviceOperation,tt_dnn_device,84995,3,,{'dim': 'TransposeOpDim::WH'; 'output_mem_config': 'MemoryConfig(memory_layout=TensorMemoryLayout::INTERLEAVED;buffer_type=BufferType::DRAM;shard_spec=std::nullopt;nd_shard_spec=std::nullopt;created_with_nd_shard_spec=0)'; 'pad_value': '0'},HiFi4,,,,,17296693833,17296698171,4338,,,,,,,,,,,,,,,,,,,,,,1[1],1[1],32[32],128[128],TILE,BFLOAT16,DEV_0_DRAM_INTERLEAVED,,,,,,,,,,,,,,,,,,,,,,,,,,,,,1[1],1[1],128[128],32[32],TILE,BFLOAT16,DEV_0_DRAM_INTERLEAVED,,,,,,,,,,,,,,,,,['ttnn/cpp/ttnn/operations/data_movement/transpose/device/kernels/compute/transpose_wh.cpp'],['transpose_wh/6148515967295005335/'],['ttnn/cpp/ttnn/operations/eltwise/unary/device/kernels/dataflow/writer_unary_interleaved_start_id.cpp'; 'ttnn/cpp/ttnn/operations/data_movement/transpose/device/kernels/dataflow/reader_unary_transpose_wh_interleaved_start_id.cpp'],['writer_unary_interleaved_start_id/12823350331057913928/'; 'reader_unary_transpose_wh_interleaved_start_id/12549895365772018052/'],12057049319055176718,False,1000,732,1104,736,1292,0,0,0,0,466,466,14,[17.57939910888672],[17.57939910888672],,,,,,,,4338
ReshapeViewDeviceOperation,tt_dnn_device,86019,3,,{'logical_output_shape': 'Shape([128; 32; 1])'; 'output_mem_config': 'MemoryConfig(memory_layout=TensorMemoryLayout::INTERLEAVED;buffer_type=BufferType::DRAM;shard_spec=std::nullopt;nd_shard_spec=std::nullopt;created_with_nd_shard_spec=0)'; 'padded_output_shape': 'Shape([128; 32; 32])'; 'recreate_mapping_tensor': 'false'; 'sub_core_grid': 'std::nullopt'},,,,,,17296743177,17296744399,1222,,,,,,,,,,,,,,,,,,,,,,1[1],1[1],128[128],32[32],TILE,BFLOAT16,DEV_0_DRAM_INTERLEAVED,,,,,,,,,,,,,,,,,,,,,,,,,,,,,1[1],128[128],32[32],32[1],TILE,BFLOAT16,DEV_0_DRAM_INTERLEAVED,,,,,,,,,,,,,,,,,[],[],['ttnn/cpp/ttnn/operations/data_movement/reshape_view/device/device/dataflow/writer_reshape_tiled.cpp'; 'ttnn/cpp/ttnn/operations/data_movement/reshape_view/device/device/dataflow/reader_reshape_tiled.cpp'],['writer_reshape_tiled/1693800358885868375/'; 'reader_reshape_tiled/9211947847981769172/'],5466507786043548344,False,1756,980,0,0,0,0,0,0,0,1,1,1,[],[],,,,,,,,1222
BinaryNgDeviceOperation,tt_dnn_device,87043,3,,{'atol': '0'; 'binary_op_type': 'BinaryOpType::MUL'; 'compute_kernel_config': 'std::nullopt'; 'dtype': 'DataType::BFLOAT16'; 'equal_nan': 'false'; 'input_dtype': 'DataType::BFLOAT16'; 'input_layout_a': 'Layout::TILE'; 'input_layout_b': 'Layout::TILE'; 'is_quant_op': 'false'; 'is_sfpu': 'true'; 'is_where_op': 'false'; 'lhs_activations': '{}'; 'memory_config': 'MemoryConfig(memory_layout=TensorMemoryLayout::INTERLEAVED;buffer_type=BufferType::DRAM;shard_spec=std::nullopt;nd_shard_spec=std::nullopt;created_with_nd_shard_spec=0)'; 'output_layout': 'Layout::TILE'; 'post_activations': '{}'; 'rhs_activations': '{}'; 'rtol': '0'; 'scalar': 'std::nullopt'; 'sub_core_grids': 'std::nullopt'; 'sub_device_id': 'std::nullopt'; 'subtile_broadcast_type': 'SubtileBroadcastType::COL_B'; 'worker_grid': '{[0-0 - 10-9]}'},HiFi4,,,,,17296829341,17296830273,932,,,,,,,,,,,,,,,,,,,,,,1[1],128[128],32[32],2048[2048],TILE,BFLOAT16,DEV_0_DRAM_INTERLEAVED,1[1],128[128],32[32],32[1],TILE,BFLOAT16,DEV_0_DRAM_INTERLEAVED,,,,,,,,,,,,,,,,,,,,,,1[1],128[128],32[32],2048[2048],TILE,BFLOAT16,DEV_0_DRAM_INTERLEAVED,,,,,,,,,,,,,,,,,['ttnn/cpp/ttnn/operations/eltwise/binary_ng/device/kernels_ng/compute/eltwise_binary_sfpu_col_bcast.cpp'],['eltwise_binary_sfpu_col_bcast/9755331561266870884/'],['ttnn/cpp/ttnn/operations/eltwise/binary_ng/device/kernels_ng/dataflow/writer_interleaved_no_bcast.cpp'; 'ttnn/cpp/ttnn/operations/eltwise/binary_ng/device/kernels_ng/dataflow/reader_interleaved_col_bcast.cpp'],['writer_interleaved_no_bcast/16082081782850918657/'; 'reader_interleaved_col_bcast/15437325216577131164/'],709454548278692269,False,1120,1616,3516,2544,4560,0,0,0,0,1,1,1,[],[],,,,,,,,932
FastReduceNCDeviceOperation,tt_dnn_device,88067,3,,{'compute_kernel_config': 'ComputeKernelConfig(math_fidelity=HiFi4;math_approx_mode=0;fp32_dest_acc_en=1;packer_l1_acc=0;dst_full_sync_en=0;throttle_level=ThrottleLevel::NO_THROTTLE)'; 'dim': '0'; 'output_dtype': 'std::nullopt'; 'output_mem_config': 'MemoryConfig(memory_layout=TensorMemoryLayout::INTERLEAVED;buffer_type=BufferType::DRAM;shard_spec=std::nullopt;nd_shard_spec=std::nullopt;created_with_nd_shard_spec=0)'; 'sub_core_grids': 'std::nullopt'},HiFi4,,,,,17296871521,17296872984,1463,,,,,,,,,,,,,,,,,,,,,,1[1],128[128],32[32],2048[2048],TILE,BFLOAT16,DEV_0_DRAM_INTERLEAVED,,,,,,,,,,,,,,,,,,,,,,,,,,,,,1[1],1[1],32[32],2048[2048],TILE,BFLOAT16,DEV_0_DRAM_INTERLEAVED,,,,,,,,,,,,,,,,,['ttnn/cpp/ttnn/operations/experimental/reduction/fast_reduce_nc/device/kernels/reduce_nc.cpp'],['reduce_nc/15517094258136700099/'],['ttnn/cpp/ttnn/operations/experimental/reduction/fast_reduce_nc/device/kernels/writer_reduce_nc.cpp'; 'ttnn/cpp/ttnn/operations/experimental/reduction/fast_reduce_nc/device/kernels/reader_reduce_nc.cpp'],['writer_reduce_nc/5261097171432542084/'; 'reader_reduce_nc/11179432673682079788/'],14727107662073315946,False,644,1148,1388,916,1800,0,0,0,0,1,1,1,[],[],,,,,,,,1463
ReshapeViewDeviceOperation,tt_dnn_device,89091,3,,{'logical_output_shape': 'Shape([32; 1; 2048])'; 'output_mem_config': 'MemoryConfig(memory_layout=TensorMemoryLayout::INTERLEAVED;buffer_type=BufferType::DRAM;shard_spec=std::nullopt;nd_shard_spec=std::nullopt;created_with_nd_shard_spec=0)'; 'padded_output_shape': 'Shape([32; 32; 2048])'; 'recreate_mapping_tensor': 'false'; 'sub_core_grid': 'std::nullopt'},,,,,,17296914053,17296914674,621,,,,,,,,,,,,,,,,,,,,,,1[1],1[1],32[32],2048[2048],TILE,BFLOAT16,DEV_0_DRAM_INTERLEAVED,,,,,,,,,,,,,,,,,,,,,,,,,,,,,1[1],32[32],32[1],2048[2048],TILE,BFLOAT16,DEV_0_DRAM_INTERLEAVED,,,,,,,,,,,,,,,,,[],[],['ttnn/cpp/ttnn/operations/data_movement/reshape_view/device/device/dataflow/writer_reshape_tiled.cpp'; 'ttnn/cpp/ttnn/operations/data_movement/reshape_view/device/device/dataflow/reader_reshape_tiled.cpp'],['writer_reshape_tiled/3733057082630162122/'; 'reader_reshape_tiled/5592824073543797737/'],868393554501740704,False,1740,980,0,0,0,0,0,0,0,1,1,1,[],[],,,,,,,,621
BinaryNgDeviceOperation,tt_dnn_device,90115,3,,{'atol': '0'; 'binary_op_type': 'BinaryOpType::ADD'; 'compute_kernel_config': 'std::nullopt'; 'dtype': 'DataType::BFLOAT16'; 'equal_nan': 'false'; 'input_dtype': 'DataType::BFLOAT16'; 'input_layout_a': 'Layout::TILE'; 'input_layout_b': 'Layout::TILE'; 'is_quant_op': 'false'; 'is_sfpu': 'false'; 'is_where_op': 'false'; 'lhs_activations': '{}'; 'memory_config': 'MemoryConfig(memory_layout=TensorMemoryLayout::INTERLEAVED;buffer_type=BufferType::DRAM;shard_spec=std::nullopt;nd_shard_spec=std::nullopt;created_with_nd_shard_spec=0)'; 'output_layout': 'Layout::TILE'; 'post_activations': '{}'; 'rhs_activations': '{}'; 'rtol': '0'; 'scalar': 'std::nullopt'; 'sub_core_grids': 'std::nullopt'; 'sub_device_id': 'std::nullopt'; 'subtile_broadcast_type': 'SubtileBroadcastType::NONE'; 'worker_grid': '{[0-0 - 10-9]}'},HiFi4,,,,,17296997642,17296998413,771,,,,,,,,,,,,,,,,,,,,,,1[1],32[32],32[1],2048[2048],TILE,BFLOAT16,DEV_0_DRAM_INTERLEAVED,1[1],32[32],32[1],2048[2048],TILE,BFLOAT16,DEV_0_DRAM_INTERLEAVED,,,,,,,,,,,,,,,,,,,,,,1[1],32[32],32[1],2048[2048],TILE,BFLOAT16,DEV_0_DRAM_INTERLEAVED,,,,,,,,,,,,,,,,,['ttnn/cpp/ttnn/operations/eltwise/binary_ng/device/kernels/compute/eltwise_binary_no_bcast.cpp'],['eltwise_binary_no_bcast/7702167649156508193/'],['ttnn/cpp/ttnn/operations/eltwise/binary_ng/device/kernels_ng/dataflow/writer_interleaved_no_bcast.cpp'; 'ttnn/cpp/ttnn/operations/eltwise/binary_ng/device/kernels_ng/dataflow/reader_interleaved_no_bcast.cpp'],['writer_interleaved_no_bcast/13786176872452774081/'; 'reader_interleaved_no_bcast/13696495097517312790/'],1295168523863076379,False,1120,1644,1308,768,1292,0,0,0,0,1,1,1,[],[],,,,,,,,771
BinaryNgDeviceOperation,tt_dnn_device,91139,3,,{'atol': '0'; 'binary_op_type': 'BinaryOpType::ADD'; 'compute_kernel_config': 'std::nullopt'; 'dtype': 'DataType::BFLOAT16'; 'equal_nan': 'false'; 'input_dtype': 'DataType::BFLOAT16'; 'input_layout_a': 'Layout::TILE'; 'input_layout_b': 'Layout::TILE'; 'is_quant_op': 'false'; 'is_sfpu': 'false'; 'is_where_op': 'false'; 'lhs_activations': '{}'; 'memory_config': 'MemoryConfig(memory_layout=TensorMemoryLayout::INTERLEAVED;buffer_type=BufferType::DRAM;shard_spec=std::nullopt;nd_shard_spec=std::nullopt;created_with_nd_shard_spec=0)'; 'output_layout': 'Layout::TILE'; 'post_activations': '{}'; 'rhs_activations': '{}'; 'rtol': '0'; 'scalar': 'std::nullopt'; 'sub_core_grids': 'std::nullopt'; 'sub_device_id': 'std::nullopt'; 'subtile_broadcast_type': 'SubtileBroadcastType::NONE'; 'worker_grid': '{[0-0 - 10-9]}'},HiFi4,,,,,17297035083,17297035785,702,,,,,,,,,,,,,,,,,,,,,,1[1],32[32],32[1],2048[2048],TILE,BFLOAT16,DEV_0_DRAM_INTERLEAVED,1[1],32[32],32[1],2048[2048],TILE,BFLOAT16,DEV_0_DRAM_INTERLEAVED,,,,,,,,,,,,,,,,,,,,,,1[1],32[32],32[1],2048[2048],TILE,BFLOAT16,DEV_0_DRAM_INTERLEAVED,,,,,,,,,,,,,,,,,['ttnn/cpp/ttnn/operations/eltwise/binary_ng/device/kernels/compute/eltwise_binary_no_bcast.cpp'],['eltwise_binary_no_bcast/7702167649156508193/'],['ttnn/cpp/ttnn/operations/eltwise/binary_ng/device/kernels_ng/dataflow/writer_interleaved_no_bcast.cpp'; 'ttnn/cpp/ttnn/operations/eltwise/binary_ng/device/kernels_ng/dataflow/reader_interleaved_no_bcast.cpp'],['writer_interleaved_no_bcast/13786176872452774081/'; 'reader_interleaved_no_bcast/13696495097517312790/'],1295168523863076379,False,1120,1644,1308,768,1292,0,0,0,0,1,1,1,[],[],,,,,,,,702
LayerNormDeviceOperation,tt_dnn_device,49155,3,blackhole,{'compute_kernel_config': 'ComputeKernelConfig(math_fidelity=HiFi4;math_approx_mode=1;fp32_dest_acc_en=0;packer_l1_acc=0;dst_full_sync_en=0;throttle_level=ThrottleLevel::NO_THROTTLE)'; 'distributed_norm_stage': 'DistributedLayerNormStage::NOT_DISTRIBUTED'; 'dtype': 'std::nullopt'; 'eps': '1e-06'; 'fused_activation': 'std::nullopt'; 'norm_type': 'LayerNormType::RMSNORM'; 'output_mem_config': 'MemoryConfig(memory_layout=TensorMemoryLayout::INTERLEAVED;buffer_type=BufferType::DRAM;shard_spec=std::nullopt;nd_shard_spec=std::nullopt;created_with_nd_shard_spec=0)'; 'program_config': 'LayerNormDefaultProgramConfig(legacy_reduction=0;legacy_rsqrt=0;use_welford=0)'},HiFi4,32,110,,,17294640887,17294643923,3036,4142414720001,4142414770828,14654040,14654040,37650,36713,36713,,,,304,36713,24424,35804,35750,36127,,,,,,1[1],32[32],32[1],2048[2048],TILE,BFLOAT16,DEV_0_DRAM_INTERLEAVED,1[1],1[1],32[1],2048[2048],TILE,BFLOAT16,DEV_0_DRAM_INTERLEAVED,,,,,,,,,,,,,,,,,,,,,,1[1],32[32],32[1],2048[2048],TILE,BFLOAT16,DEV_0_DRAM_INTERLEAVED,,,,,,,,,,,,,,,0,1,['ttnn/cpp/ttnn/operations/normalization/layernorm/device/kernels/compute/layernorm.cpp'],['layernorm/2715421386497350779/'],['ttnn/cpp/ttnn/operations/normalization/layernorm/device/kernels/dataflow/writer_unary_interleaved_start_id_blocked.cpp'; 'ttnn/cpp/ttnn/operations/normalization/layernorm/device/kernels/dataflow/reader_unary_interleaved_ln.cpp'],['writer_unary_interleaved_start_id_blocked/7143009526625848983/'; 'reader_unary_interleaved_ln/11410384521337529621/'],13520920397497685244,False,812,1684,3388,2536,3388,0,0,0,0,1,1,1,[],[],0.003,,,,,,,3036
ReshapeViewDeviceOperation,tt_dnn_device,50179,3,blackhole,{'logical_output_shape': 'Shape([1; 32; 2048])'; 'output_mem_config': 'MemoryConfig(memory_layout=TensorMemoryLayout::INTERLEAVED;buffer_type=BufferType::DRAM;shard_spec=std::nullopt;nd_shard_spec=std::nullopt;created_with_nd_shard_spec=0)'; 'padded_output_shape': 'Shape([1; 32; 2048])'; 'recreate_mapping_tensor': 'false'; 'sub_core_grid': 'std::nullopt'},,64,110,,,17294701463,17294703056,1593,4142414727328,4142414799932,668,668,53781,20890,20890,,,,124,20889,20430,,,,,,,,,1[1],32[32],32[1],2048[2048],TILE,BFLOAT16,DEV_0_DRAM_INTERLEAVED,,,,,,,,,,,,,,,,,,,,,,,,,,,,,1[1],1[1],32[32],2048[2048],TILE,BFLOAT16,DEV_0_DRAM_INTERLEAVED,,,,,,,,,,,,,,,0,1,[],[],['ttnn/cpp/ttnn/operations/data_movement/reshape_view/device/device/dataflow/writer_reshape_tiled.cpp'; 'ttnn/cpp/ttnn/operations/data_movement/reshape_view/device/device/dataflow/reader_reshape_tiled.cpp'],['writer_reshape_tiled/4267096035403228190/'; 'reader_reshape_tiled/11173047033745705692/'],2479539830318309128,False,1756,980,0,0,0,0,0,0,0,1,1,1,[],[],0.005,,,,,,,1593
InterleavedToShardedDeviceOperation,tt_dnn_device,51203,3,blackhole,"{'keep_l1_aligned': 'false'; 'output_dtype': 'DataType::BFLOAT16'; 'output_mem_config': 'MemoryConfig(memory_layout=TensorMemoryLayout::WIDTH_SHARDED;buffer_type=BufferType::L1;shard_spec=ShardSpec{grid=[{""start"":{""x"":0;""y"":0};""end"":{""x"":10;""y"":4}; {""start"":{""x"":0;""y"":5};""end"":{""x"":8;""y"":5}]; shape=[32; 32]; orientation=ShardOrientation::ROW_MAJOR};nd_shard_spec=std::nullopt;created_with_nd_shard_spec=0)'}",,64,110,,,17294783880,17294786204,2324,4142414772724,4142414802760,490,490,22249,1589,1589,,,,1164,1589,1579,,,,,,,,,1[1],1[1],32[32],2048[2048],TILE,BFLOAT16,DEV_0_DRAM_INTERLEAVED,,,,,,,,,,,,,,,,,,,,,,,,,,,,,1[1],1[1],32[32],2048[2048],TILE,BFLOAT16,DEV_0_L1_WIDTH_SHARDED,,,,,,,,,,,,,,,0,1,[],[],['ttnn/cpp/ttnn/operations/data_movement/sharded/device/kernels/dataflow/writer_unary_sharded.cpp'; 'ttnn/cpp/ttnn/operations/data_movement/sharded/device/kernels/dataflow/reader_unary_sharded_blocks_interleaved_start_id.cpp'],['writer_unary_sharded/8354490188168529288/'; 'reader_unary_sharded_blocks_interleaved_start_id/13152932012666784011/'],13467495716338696620,False,384,876,0,0,0,0,0,0,0,1,1,1,[],[],0.063,,,,,,,2324
MatmulDeviceOperation,tt_dnn_device,52227,3,blackhole,"{'bcast_batch': 'true'; 'compute_kernel_config': 'ComputeKernelConfig(math_fidelity=LoFi;math_approx_mode=0;fp32_dest_acc_en=0;packer_l1_acc=1;dst_full_sync_en=0;throttle_level=ThrottleLevel::NO_THROTTLE)'; 'global_cb': 'std::nullopt'; 'output_dtype': 'DataType::BFLOAT16'; 'output_mem_config': 'MemoryConfig(memory_layout=TensorMemoryLayout::WIDTH_SHARDED;buffer_type=BufferType::L1;shard_spec=ShardSpec{grid=[{""start"":{""x"":0;""y"":0};""end"":{""x"":10;""y"":6}; {""start"":{""x"":0;""y"":7};""end"":{""x"":2;""y"":7}]; shape=[32; 64]; orientation=ShardOrientation::ROW_MAJOR};nd_shard_spec=std::nullopt;created_with_nd_shard_spec=0)'; 'output_tile': 'Tile(tile_shape={32; 32};face_shape={16; 16};num_faces=4)'; 'program_config': 'MatmulMultiCoreReuseMultiCastDRAMShardedProgramConfig(in0_block_w=1;per_core_M=1;per_core_N=2;fused_activation=std::nullopt)'; 'sub_device_id': 'std::nullopt'; 'transpose_a': 'false'; 'transpose_b': 'false'; 'untilize_out': 'false'; 'user_core_coord': 'std::nullopt'; 'user_fused_activation': 'std::nullopt'; 'user_run_batched': 'false'}",LoFi,110,110,,,17294905953,17294907916,1963,4142414801621,4142414870851,490,491,51281,49970,49970,,,,1270,49931,47725,48669,48619,48844,,,,,,1[1],1[1],32[32],2048[2048],TILE,BFLOAT16,DEV_0_L1_WIDTH_SHARDED,1[1],1[1],2048[2048],5120[5120],TILE,BFLOAT8_B,DEV_0_DRAM_WIDTH_SHARDED,,,,,,,,,,,,,,,,,,,,,,1[1],1[1],32[32],5120[5120],TILE,BFLOAT16,DEV_0_L1_WIDTH_SHARDED,,,,,,,,,,,,,,,0,1,['ttnn/cpp/ttnn/operations/matmul/device/kernels/compute/bmm_large_block_zm_fused_bias_activation.cpp'],['bmm_large_block_zm_fused_bias_activation/210299265836442673/'],['ttnn/cpp/ttnn/operations/matmul/device/kernels/dataflow/reader_bmm_tile_layout_in1_sender_dram_sharded.cpp'; 'ttnn/cpp/ttnn/operations/matmul/device/kernels/dataflow/reader_bmm_tile_layout_in0_sender_dram_sharded.cpp'],['reader_bmm_tile_layout_in1_sender_dram_sharded/2065830847921050448/'; 'reader_bmm_tile_layout_in0_sender_dram_sharded/3163486512536001554/'],12296920714099552695,False,1740,1472,2284,2264,3408,0,0,0,0,19073,1104,19073,[6.872122764587402; 549.7698364257812],[17.180307388305664],2.209,,,,,,,1963
ShardedToInterleavedDeviceOperation,tt_dnn_device,53251,3,blackhole,{'num_slices': '1'; 'output_dtype': 'DataType::BFLOAT16'; 'output_mem_config': 'MemoryConfig(memory_layout=TensorMemoryLayout::INTERLEAVED;buffer_type=BufferType::DRAM;shard_spec=std::nullopt;nd_shard_spec=std::nullopt;created_with_nd_shard_spec=0)'; 'slice_index': '0'},,80,110,,,17294961168,17294963002,1834,4142414805083,4142414873572,513,513,50733,1496,1496,,,,880,1494,821,,,,,,,,,1[1],1[1],32[32],5120[5120],TILE,BFLOAT16,DEV_0_L1_WIDTH_SHARDED,,,,,,,,,,,,,,,,,,,,,,,,,,,,,1[1],1[1],32[32],5120[5120],TILE,BFLOAT16,DEV_0_DRAM_INTERLEAVED,,,,,,,,,,,,,,,0,1,[],[],['ttnn/cpp/ttnn/operations/data_movement/sharded/device/kernels/dataflow/writer_unary_sharded_blocks_interleaved_start_id.cpp'; 'ttnn/cpp/ttnn/operations/eltwise/unary/device/kernels/dataflow/reader_unary_sharded.cpp'],['writer_unary_sharded_blocks_interleaved_start_id/5884187274843898850/'; 'reader_unary_sharded/5324219487655416857/'],17443645908441431036,False,880,404,0,0,0,0,0,0,0,1,1,1,[],[],0.067,,,,,,,1834
NLPCreateQKVHeadsDecodeDeviceOperation,tt_dnn_device,54275,3,blackhole,"{'head_dim': '128'; 'input_on_subcoregrids': 'false'; 'num_kv_heads': '4'; 'num_q_heads': '32'; 'output_mem_config': 'MemoryConfig(memory_layout=TensorMemoryLayout::HEIGHT_SHARDED;buffer_type=BufferType::L1;shard_spec=ShardSpec{grid=[{""start"":{""x"":0;""y"":0};""end"":{""x"":10;""y"":9}]; shape=[0; 0]; orientation=ShardOrientation::ROW_MAJOR};nd_shard_spec=std::nullopt;created_with_nd_shard_spec=0)'; 'overlap_qk_coregrid': 'true'; 'slice_size': 'std::nullopt'}",,32,110,,,17295032073,17295036662,4589,4142414873762,4142414910093,721,721,26912,26322,26322,,,,1001,26249,26191,,,,,,,,,1[1],1[1],32[32],5120[5120],TILE,BFLOAT16,DEV_0_DRAM_INTERLEAVED,,,,,,,,,,,,,,,,,,,,,,,,,,,,,1[1],32[32],32[32],128[128],TILE,BFLOAT16,DEV_0_L1_HEIGHT_SHARDED,1[1],32[32],32[4],128[128],TILE,BFLOAT16,DEV_0_L1_HEIGHT_SHARDED,1[1],32[32],32[4],128[128],TILE,BFLOAT16,DEV_0_L1_HEIGHT_SHARDED,0,1,[],[],['ttnn/cpp/ttnn/operations/experimental/transformer/nlp_create_qkv_heads_decode/device/kernels/reader_interleaved_tm_tile_layout_nlp_create_qkv_heads_decode.cpp'],['reader_interleaved_tm_tile_layout_nlp_create_qkv_heads_decode/5824328713435979520/'],11384096169099681095,False,1624,1592,0,0,0,0,0,0,0,1,1,1,[],[],0.004,,,,,,,4589
PagedUpdateCacheDeviceOperation,tt_dnn_device,55299,3,blackhole,{'batch_offset': '0'; 'block_size_override': 'std::nullopt'; 'cache_position_modulo': 'std::nullopt'; 'compute_kernel_config': 'ComputeKernelConfig(math_fidelity=LoFi;math_approx_mode=1;fp32_dest_acc_en=0;packer_l1_acc=0;dst_full_sync_en=0;throttle_level=ThrottleLevel::NO_THROTTLE)'; 'mesh_coords': 'std::nullopt'; 'num_kv_heads_override': 'std::nullopt'; 'share_cache': 'false'; 'update_idxs': '{}'},HiFi4,32,110,,,17295081768,17295083401,1633,4142414910066,4142414919242,570,665,6797,6206,6110,,,,1360,6006,4510,5449,5362,5539,,,,,,32[32],4[4],32[32],128[128],TILE,BFLOAT8_B,DEV_0_DRAM_INTERLEAVED,1[1],32[32],32[4],128[128],TILE,BFLOAT16,DEV_0_L1_HEIGHT_SHARDED,1[1],1[1],1[1],32[32],ROW_MAJOR,INT32,DEV_0_DRAM_INTERLEAVED,1[1],1[1],32[32],1[1],ROW_MAJOR,INT32,DEV_0_DRAM_INTERLEAVED,,,,,,,,32[32],4[4],32[32],128[128],TILE,BFLOAT8_B,DEV_0_DRAM_INTERLEAVED,,,,,,,,,,,,,,,0,1,['ttnn/cpp/ttnn/operations/experimental/paged_cache/device/kernels/compute/update_cache.cpp'],['update_cache/3786271183349787049/'],['ttnn/cpp/ttnn/operations/experimental/paged_cache/device/kernels/dataflow/writer_update_cache_interleaved_start_id.cpp'; 'ttnn/cpp/ttnn/operations/experimental/paged_cache/device/kernels/dataflow/reader_update_cache_interleaved_start_id.cpp'],['writer_update_cache_interleaved_start_id/5231735904060124778/'; 'reader_update_cache_interleaved_start_id/16636840904146229965/'],17850678947177483186,False,1536,1312,2332,1760,4768,0,0,0,0,1,1,1,[],[],0.016,,,,,,,1633
PagedUpdateCacheDeviceOperation,tt_dnn_device,56323,3,blackhole,{'batch_offset': '0'; 'block_size_override': 'std::nullopt'; 'cache_position_modulo': 'std::nullopt'; 'compute_kernel_config': 'ComputeKernelConfig(math_fidelity=LoFi;math_approx_mode=1;fp32_dest_acc_en=0;packer_l1_acc=0;dst_full_sync_en=0;throttle_level=ThrottleLevel::NO_THROTTLE)'; 'mesh_coords': 'std::nullopt'; 'num_kv_heads_override': 'std::nullopt'; 'share_cache': 'false'; 'update_idxs': '{}'},HiFi4,32,110,,,17295096456,17295097147,691,4142414919099,4142414928228,596,604,6762,6071,6064,,,,1256,6012,4704,5369,5230,5559,,,,,,32[32],4[4],32[32],128[128],TILE,BFLOAT8_B,DEV_0_DRAM_INTERLEAVED,1[1],32[32],32[4],128[128],TILE,BFLOAT16,DEV_0_L1_HEIGHT_SHARDED,1[1],1[1],1[1],32[32],ROW_MAJOR,INT32,DEV_0_DRAM_INTERLEAVED,1[1],1[1],32[32],1[1],ROW_MAJOR,INT32,DEV_0_DRAM_INTERLEAVED,,,,,,,,32[32],4[4],32[32],128[128],TILE,BFLOAT8_B,DEV_0_DRAM_INTERLEAVED,,,,,,,,,,,,,,,0,1,['ttnn/cpp/ttnn/operations/experimental/paged_cache/device/kernels/compute/update_cache.cpp'],['update_cache/3786271183349787049/'],['ttnn/cpp/ttnn/operations/experimental/paged_cache/device/kernels/dataflow/writer_update_cache_interleaved_start_id.cpp'; 'ttnn/cpp/ttnn/operations/experimental/paged_cache/device/kernels/dataflow/reader_update_cache_interleaved_start_id.cpp'],['writer_update_cache_interleaved_start_id/5231735904060124778/'; 'reader_update_cache_interleaved_start_id/16636840904146229965/'],17850678947177483186,False,1536,1312,2332,1760,4768,0,0,0,0,1,1,1,[],[],0.016,,,,,,,691
SdpaDecodeDeviceOperation,tt_dnn_device,57347,3,blackhole,{'block_size_override': 'std::nullopt'; 'cache_position_modulo': 'std::nullopt'; 'compute_kernel_config': 'ComputeKernelConfig(math_fidelity=LoFi;math_approx_mode=0;fp32_dest_acc_en=0;packer_l1_acc=1;dst_full_sync_en=0;throttle_level=ThrottleLevel::NO_THROTTLE)'; 'cur_pos': '{}'; 'head_dim_v': 'std::nullopt'; 'is_causal': 'true'; 'k_chunk_size': '0'; 'num_kv_heads_override': 'std::nullopt'; 'output_mem_config': 'MemoryConfig(memory_layout=TensorMemoryLayout::INTERLEAVED;buffer_type=BufferType::DRAM;shard_spec=std::nullopt;nd_shard_spec=std::nullopt;created_with_nd_shard_spec=0)'; 'paged_attention': 'true'; 'program_config': 'SDPAProgramConfig(compute_with_storage_grid_size=8-8;sub_core_grids=std::nullopt;q_chunk_size=0;k_chunk_size=0;exp_approx_mode=0;max_cores_per_head_batch=16)'; 'scale': '0.088388346'; 'share_cache': 'std::nullopt'; 'sliding_window_size': 'std::nullopt'; 'use_mla': 'std::nullopt'},LoFi,64,110,,,17295289494,17295292009,2515,4142414921902,4142414945857,554,587,17744,12501,12469,,,,1643,12469,5817,10052,9915,10168,,,,,,1[1],32[32],32[32],128[128],TILE,BFLOAT16,DEV_0_L1_HEIGHT_SHARDED,32[32],4[4],32[32],128[128],TILE,BFLOAT8_B,DEV_0_DRAM_INTERLEAVED,32[32],4[4],32[32],128[128],TILE,BFLOAT8_B,DEV_0_DRAM_INTERLEAVED,1[1],1[1],1[1],32[32],ROW_MAJOR,INT32,DEV_0_DRAM_INTERLEAVED,1[1],1[1],32[32],1[1],ROW_MAJOR,INT32,DEV_0_DRAM_INTERLEAVED,1[1],32[32],32[32],128[128],TILE,BFLOAT16,DEV_0_DRAM_INTERLEAVED,,,,,,,,,,,,,,,0,1,['ttnn/cpp/ttnn/operations/transformer/sdpa_decode/device/kernels/compute/sdpa_flash_decode.cpp'],['sdpa_flash_decode/12550745090241879269/'],['ttnn/cpp/ttnn/operations/transformer/sdpa_decode/device/kernels/dataflow/writer_decode_all.cpp'; 'ttnn/cpp/ttnn/operations/transformer/sdpa_decode/device/kernels/dataflow/reader_decode_all.cpp'],['writer_decode_all/11795436985477260677/'; 'reader_decode_all/16097133390207400318/'],14467347661632902198,False,4976,2600,14120,14092,11548,0,0,0,0,1,1,1,[],[],0.008,,,,,,,2515
InterleavedToShardedDeviceOperation,tt_dnn_device,58371,3,blackhole,"{'keep_l1_aligned': 'false'; 'output_dtype': 'DataType::BFLOAT16'; 'output_mem_config': 'MemoryConfig(memory_layout=TensorMemoryLayout::HEIGHT_SHARDED;buffer_type=BufferType::L1;shard_spec=ShardSpec{grid=[{""start"":{""x"":0;""y"":0};""end"":{""x"":7;""y"":3}]; shape=[32; 128]; orientation=ShardOrientation::ROW_MAJOR};nd_shard_spec=std::nullopt;created_with_nd_shard_spec=0)'}",,32,110,,,17295336344,17295337977,1633,4142414945402,4142414948794,618,618,2513,1541,1541,,,,1063,1541,1536,,,,,,,,,1[1],32[32],32[32],128[128],TILE,BFLOAT16,DEV_0_DRAM_INTERLEAVED,,,,,,,,,,,,,,,,,,,,,,,,,,,,,1[1],32[32],32[32],128[128],TILE,BFLOAT16,DEV_0_L1_HEIGHT_SHARDED,,,,,,,,,,,,,,,0,1,[],[],['ttnn/cpp/ttnn/operations/data_movement/sharded/device/kernels/dataflow/writer_unary_sharded.cpp'; 'ttnn/cpp/ttnn/operations/data_movement/sharded/device/kernels/dataflow/reader_unary_sharded_blocks_interleaved_start_id.cpp'],['writer_unary_sharded/8354490188168529288/'; 'reader_unary_sharded_blocks_interleaved_start_id/10917281480853109555/'],9963275708905747149,False,384,876,0,0,0,0,0,0,0,1,1,1,[],[],0.065,,,,,,,1633
NLPConcatHeadsDecodeDeviceOperation,tt_dnn_device,59395,3,blackhole,{'num_heads': '32'; 'on_subcoregrids': 'false'; 'sub_core_grids': 'std::nullopt'},,32,110,,,17295385537,17295386920,1383,4142414947553,4142414956734,556,556,6801,5342,5342,,,,1159,5341,5086,,,,,,,,,1[1],32[32],32[32],128[128],TILE,BFLOAT16,DEV_0_L1_HEIGHT_SHARDED,,,,,,,,,,,,,,,,,,,,,,,,,,,,,1[1],1[1],32[32],4096[4096],TILE,BFLOAT16,DEV_0_L1_WIDTH_SHARDED,,,,,,,,,,,,,,,0,1,[],[],['ttnn/cpp/ttnn/operations/experimental/transformer/nlp_concat_heads_decode/device/kernels/dataflow/reader_tm_tile_layout_nlp_concat_heads_decode.cpp'],['reader_tm_tile_layout_nlp_concat_heads_decode/8374737858695605044/'],538137558575981589,False,772,744,0,0,0,0,0,0,0,1,1,1,[],[],0.019,,,,,,,1383
ReshardDeviceOperation,tt_dnn_device,60419,3,blackhole,"{'output_mem_config': 'MemoryConfig(memory_layout=TensorMemoryLayout::WIDTH_SHARDED;buffer_type=BufferType::L1;shard_spec=ShardSpec{grid=[{""start"":{""x"":0;""y"":0};""end"":{""x"":10;""y"":4}; {""start"":{""x"":0;""y"":5};""end"":{""x"":8;""y"":5}]; shape=[32; 64]; orientation=ShardOrientation::ROW_MAJOR};nd_shard_spec=std::nullopt;created_with_nd_shard_spec=0)'}",,64,110,,,17295449780,17295451183,1403,4142414950573,4142414959487,603,603,6603,1435,1435,,,,1103,1144,1435,,,,,,,,,1[1],1[1],32[32],4096[4096],TILE,BFLOAT16,DEV_0_L1_WIDTH_SHARDED,,,,,,,,,,,,,,,,,,,,,,,,,,,,,1[1],1[1],32[32],4096[4096],TILE,BFLOAT16,DEV_0_L1_WIDTH_SHARDED,,,,,,,,,,,,,,,0,1,[],[],['ttnn/cpp/ttnn/operations/data_movement/sharded/device/kernels/dataflow/reshard_reader.cpp'],['reshard_reader/65709687602297981/'],14632346182569701742,False,924,912,0,0,0,0,0,0,0,1,1,1,[],[],0.07,,,,,,,1403
MatmulDeviceOperation,tt_dnn_device,61443,3,blackhole,"{'bcast_batch': 'true'; 'compute_kernel_config': 'ComputeKernelConfig(math_fidelity=LoFi;math_approx_mode=0;fp32_dest_acc_en=0;packer_l1_acc=1;dst_full_sync_en=0;throttle_level=ThrottleLevel::NO_THROTTLE)'; 'global_cb': 'std::nullopt'; 'output_dtype': 'DataType::BFLOAT16'; 'output_mem_config': 'MemoryConfig(memory_layout=TensorMemoryLayout::WIDTH_SHARDED;buffer_type=BufferType::L1;shard_spec=ShardSpec{grid=[{""start"":{""x"":0;""y"":0};""end"":{""x"":10;""y"":4}; {""start"":{""x"":0;""y"":5};""end"":{""x"":8;""y"":5}]; shape=[32; 32]; orientation=ShardOrientation::ROW_MAJOR};nd_shard_spec=std::nullopt;created_with_nd_shard_spec=0)'; 'output_tile': 'Tile(tile_shape={32; 32};face_shape={16; 16};num_faces=4)'; 'program_config': 'MatmulMultiCoreReuseMultiCastDRAMShardedProgramConfig(in0_block_w=2;per_core_M=1;per_core_N=1;fused_activation=std::nullopt)'; 'sub_device_id': 'std::nullopt'; 'transpose_a': 'false'; 'transpose_b': 'false'; 'untilize_out': 'false'; 'user_core_coord': 'std::nullopt'; 'user_fused_activation': 'std::nullopt'; 'user_run_batched': 'false'}",LoFi,110,110,,,17295548969,17295550853,1884,4142414958485,4142415024830,556,567,49144,47858,47847,,,,1208,47844,46479,46775,46783,47110,,,,,,1[1],1[1],32[32],4096[4096],TILE,BFLOAT16,DEV_0_L1_WIDTH_SHARDED,1[1],1[1],4096[4096],2048[2048],TILE,BFLOAT8_B,DEV_0_DRAM_WIDTH_SHARDED,,,,,,,,,,,,,,,,,,,,,,1[1],1[1],32[32],2048[2048],TILE,BFLOAT16,DEV_0_L1_WIDTH_SHARDED,,,,,,,,,,,,,,,0,1,['ttnn/cpp/ttnn/operations/matmul/device/kernels/compute/bmm_large_block_zm_fused_bias_activation.cpp'],['bmm_large_block_zm_fused_bias_activation/6533007026353507722/'],['ttnn/cpp/ttnn/operations/matmul/device/kernels/dataflow/reader_bmm_tile_layout_in1_sender_dram_sharded.cpp'; 'ttnn/cpp/ttnn/operations/matmul/device/kernels/dataflow/reader_bmm_tile_layout_in0_sender_dram_sharded.cpp'],['reader_bmm_tile_layout_in1_sender_dram_sharded/3145115992159780370/'; 'reader_bmm_tile_layout_in0_sender_dram_sharded/1207622848561715277/'],12780468715689912648,False,1728,1464,2224,2200,3528,0,0,0,0,15258,883,15258,[17.180757522583008; 549.7842407226562],[8.590378761291504],1.845,,,,,,,1884
ShardedToInterleavedDeviceOperation,tt_dnn_device,62467,3,blackhole,{'num_slices': '1'; 'output_dtype': 'DataType::BFLOAT16'; 'output_mem_config': 'MemoryConfig(memory_layout=TensorMemoryLayout::INTERLEAVED;buffer_type=BufferType::DRAM;shard_spec=std::nullopt;nd_shard_spec=std::nullopt;created_with_nd_shard_spec=0)'; 'slice_index': '0'},,64,110,,,17295591841,17295593003,1162,4142414965450,4142415027442,567,567,45920,1359,1359,,,,969,1356,921,,,,,,,,,1[1],1[1],32[32],2048[2048],TILE,BFLOAT16,DEV_0_L1_WIDTH_SHARDED,,,,,,,,,,,,,,,,,,,,,,,,,,,,,1[1],1[1],32[32],2048[2048],TILE,BFLOAT16,DEV_0_DRAM_INTERLEAVED,,,,,,,,,,,,,,,0,1,[],[],['ttnn/cpp/ttnn/operations/data_movement/sharded/device/kernels/dataflow/writer_unary_sharded_blocks_interleaved_start_id.cpp'; 'ttnn/cpp/ttnn/operations/eltwise/unary/device/kernels/dataflow/reader_unary_sharded.cpp'],['writer_unary_sharded_blocks_interleaved_start_id/5884187274843898850/'; 'reader_unary_sharded/5324219487655416857/'],8316028533648037522,False,880,404,0,0,0,0,0,0,0,1,1,1,[],[],0.074,,,,,,,1162
TransposeDeviceOperation,tt_dnn_device,63491,3,blackhole,{'dim': 'TransposeOpDim::HC'; 'output_mem_config': 'MemoryConfig(memory_layout=TensorMemoryLayout::INTERLEAVED;buffer_type=BufferType::DRAM;shard_spec=std::nullopt;nd_shard_spec=std::nullopt;created_with_nd_shard_spec=0)'; 'pad_value': '0'},,110,110,,,17295672675,17295674609,1934,4142415026686,4142415050946,563,563,17970,16850,16850,,,,1044,16849,2063,,,,,,,,,1[1],1[1],32[32],2048[2048],TILE,BFLOAT16,DEV_0_DRAM_INTERLEAVED,,,,,,,,,,,,,,,,,,,,,,,,,,,,,1[1],32[32],32[1],2048[2048],TILE,BFLOAT16,DEV_0_DRAM_INTERLEAVED,,,,,,,,,,,,,,,0,1,[],[],['ttnn/cpp/ttnn/operations/data_movement/transpose/device/kernels/dataflow/writer_unary_transpose_hc_interleaved_tiled_padding_aware.cpp'; 'ttnn/cpp/ttnn/operations/data_movement/transpose/device/kernels/dataflow/reader_unary_transpose_hc_interleaved_tiled_padding_aware.cpp'],['writer_unary_transpose_hc_interleaved_tiled_padding_aware/2216037895338823001/'; 'reader_unary_transpose_hc_interleaved_tiled_padding_aware/4505066741605229875/'],2360672155277259250,False,1220,740,0,0,0,0,0,0,0,13463,13463,7629,[9.735719680786133],[311.54302978515625],79.899,,,,,,,1934
ReshapeViewDeviceOperation,tt_dnn_device,64515,3,blackhole,{'logical_output_shape': 'Shape([1; 32; 2048])'; 'output_mem_config': 'MemoryConfig(memory_layout=TensorMemoryLayout::INTERLEAVED;buffer_type=BufferType::DRAM;shard_spec=std::nullopt;nd_shard_spec=std::nullopt;created_with_nd_shard_spec=0)'; 'padded_output_shape': 'Shape([1; 32; 2048])'; 'recreate_mapping_tensor': 'false'; 'sub_core_grid': 'std::nullopt'},,64,110,,,17295700258,17295701370,1112,4142415037339,4142415078157,631,631,30236,19533,19533,,,,126,19533,19036,,,,,,,,,1[1],32[32],32[1],2048[2048],TILE,BFLOAT16,DEV_0_DRAM_INTERLEAVED,,,,,,,,,,,,,,,,,,,,,,,,,,,,,1[1],1[1],32[32],2048[2048],TILE,BFLOAT16,DEV_0_DRAM_INTERLEAVED,,,,,,,,,,,,,,,0,1,[],[],['ttnn/cpp/ttnn/operations/data_movement/reshape_view/device/device/dataflow/writer_reshape_tiled.cpp'; 'ttnn/cpp/ttnn/operations/data_movement/reshape_view/device/device/dataflow/reader_reshape_tiled.cpp'],['writer_reshape_tiled/4267096035403228190/'; 'reader_reshape_tiled/11173047033745705692/'],2479539830318309128,False,1756,980,0,0,0,0,0,0,0,1,1,1,[],[],0.005,,,,,,,1112
MatmulDeviceOperation,tt_dnn_device,65539,3,blackhole,{'bcast_batch': 'true'; 'compute_kernel_config': 'ComputeKernelConfig(math_fidelity=HiFi2;math_approx_mode=0;fp32_dest_acc_en=0;packer_l1_acc=1;dst_full_sync_en=0;throttle_level=ThrottleLevel::NO_THROTTLE)'; 'global_cb': 'std::nullopt'; 'output_dtype': 'DataType::BFLOAT16'; 'output_mem_config': 'MemoryConfig(memory_layout=TensorMemoryLayout::INTERLEAVED;buffer_type=BufferType::DRAM;shard_spec=std::nullopt;nd_shard_spec=std::nullopt;created_with_nd_shard_spec=0)'; 'output_tile': 'Tile(tile_shape={32; 32};face_shape={16; 16};num_faces=4)'; 'program_config': 'MatmulMultiCoreReuseMultiCast1DProgramConfig(compute_with_storage_grid_size=11-10;in0_block_w=2;out_subblock_h=1;out_subblock_w=1;out_block_h=1;out_block_w=1;per_core_M=1;per_core_N=1;fuse_batch=0;fused_activation=std::nullopt;mcast_in0=1;gather_in0=0;hop_cores={};num_global_cb_receivers=0;untilize_out=0;allowed_worker_cores={[0-0 - 10-9]})'; 'sub_device_id': 'std::nullopt'; 'transpose_a': 'false'; 'transpose_b': 'false'; 'untilize_out': 'false'; 'user_core_coord': 'std::nullopt'; 'user_fused_activation': 'std::nullopt'; 'user_run_batched': 'false'},HiFi2,4,110,,,17295741847,17295742929,1082,4142415078963,4142415113069,1044,1122,25264,24803,24724,,,,563,24626,24016,24219,24260,24243,,,,,,1[1],1[1],32[32],2048[2048],TILE,BFLOAT16,DEV_0_DRAM_INTERLEAVED,1[1],1[1],2048[2048],128[128],TILE,BFLOAT16,DEV_0_DRAM_INTERLEAVED,,,,,,,,,,,,,,,,,,,,,,1[1],1[1],32[32],128[128],TILE,BFLOAT16,DEV_0_DRAM_INTERLEAVED,,,,,,,,,,,,,,,0,1,['ttnn/cpp/ttnn/operations/matmul/device/kernels/compute/bmm_large_block_zm_fused_bias_activation.cpp'],['bmm_large_block_zm_fused_bias_activation/942525137029099931/'],['ttnn/cpp/ttnn/operations/matmul/device/kernels/dataflow/reader_bmm_tile_layout_in1_sender_writer_padding.cpp'; 'ttnn/cpp/ttnn/operations/matmul/device/kernels/dataflow/reader_bmm_tile_layout_in0_receiver.cpp'; 'ttnn/cpp/ttnn/operations/matmul/device/kernels/dataflow/reader_bmm_tile_layout_in0_sender_padding.cpp'],['reader_bmm_tile_layout_in1_sender_writer_padding/7747605843580814394/'; 'reader_bmm_tile_layout_in0_receiver/11847109078087111066/'; 'reader_bmm_tile_layout_in0_sender_padding/5402803145243945533/'],13550181154860904601,False,1556,1084,1992,1796,2344,0,0,0,0,953,56,953,[137.53619384765625; 550.144775390625],[8.596012115478516],0.226,,,,,,,1082
TopKDeviceOperation,tt_dnn_device,66563,3,blackhole,{'dim': '-1'; 'k': '32'; 'largest': 'true'; 'output_memory_config': 'MemoryConfig(memory_layout=TensorMemoryLayout::INTERLEAVED;buffer_type=BufferType::DRAM;shard_spec=std::nullopt;nd_shard_spec=std::nullopt;created_with_nd_shard_spec=0)'; 'sorted': 'true'; 'sub_core_grids': '{[0-0 - 10-9]}'},HiFi4,1,110,,,17295778206,17295782725,4519,4142415114325,4142415148416,1499,1499,25253,24693,24693,,,,228,24600,16616,23903,23988,24195,,,,,,1[1],1[1],32[32],128[128],TILE,BFLOAT16,DEV_0_DRAM_INTERLEAVED,,,,,,,,,,,,,,,,,,,,,,,,,,,,,1[1],1[1],32[32],32[32],TILE,BFLOAT16,DEV_0_DRAM_INTERLEAVED,1[1],1[1],32[32],32[32],TILE,UINT16,DEV_0_DRAM_INTERLEAVED,,,,,,,,0,1,['ttnn/cpp/ttnn/operations/reduction/topk/device/kernels/compute/topk.cpp'],['topk/8679865028900713769/'],['ttnn/cpp/ttnn/operations/reduction/topk/device/kernels/dataflow/writer_binary_interleaved.cpp'; 'ttnn/cpp/ttnn/operations/reduction/topk/device/kernels/dataflow/reader_create_index_tensor.cpp'],['writer_binary_interleaved/2668655102038004167/'; 'reader_create_index_tensor/4964966769969383863/'],7304848548387796468,False,908,948,6532,5432,4580,0,0,0,0,1,1,1,[],[],0.004,,,,,,,4519
SliceDeviceOperation,tt_dnn_device,67587,3,blackhole,{'num_devices': 'std::nullopt'; 'output_mem_config': 'MemoryConfig(memory_layout=TensorMemoryLayout::INTERLEAVED;buffer_type=BufferType::DRAM;shard_spec=std::nullopt;nd_shard_spec=std::nullopt;created_with_nd_shard_spec=0)'; 'slice_dim': 'std::nullopt'; 'slice_end': 'Shape([1; 1; 32; 32])'; 'slice_start': 'Shape([0; 0; 0; 0])'; 'step': 'Shape([1; 1; 1; 1])'; 'sub_core_grids': 'std::nullopt'; 'use_tensor_args': 'false'},,1,110,,,17295809847,17295811329,1482,4142415149900,4142415151530,1553,1553,1207,738,738,,,,74,664,544,,,,,,,,,1[1],1[1],32[32],32[32],TILE,BFLOAT16,DEV_0_DRAM_INTERLEAVED,,,,,,,,,,,,,,,,,,,,,,,,,,,,,1[1],1[1],32[32],32[32],TILE,BFLOAT16,DEV_0_DRAM_INTERLEAVED,,,,,,,,,,,,,,,0,1,[],[],['ttnn/cpp/ttnn/operations/data_movement/slice/device/kernels/dataflow/writer_unary_interleaved_start_id.cpp'; 'ttnn/cpp/ttnn/operations/data_movement/slice/device/kernels/dataflow/reader_unary_unpad_dims_interleaved_start_id.cpp'],['writer_unary_interleaved_start_id/11396476643056635318/'; 'reader_unary_unpad_dims_interleaved_start_id/15985850001773238796/'],2175142502278001220,False,680,716,0,0,0,0,0,0,0,429,429,3,[4.773892879486084],[4.773892879486084],58.13,,,,,,,1482
SliceDeviceOperation,tt_dnn_device,68611,3,blackhole,{'num_devices': 'std::nullopt'; 'output_mem_config': 'MemoryConfig(memory_layout=TensorMemoryLayout::INTERLEAVED;buffer_type=BufferType::DRAM;shard_spec=std::nullopt;nd_shard_spec=std::nullopt;created_with_nd_shard_spec=0)'; 'slice_dim': 'std::nullopt'; 'slice_end': 'Shape([1; 1; 32; 32])'; 'slice_start': 'Shape([0; 0; 0; 0])'; 'step': 'Shape([1; 1; 1; 1])'; 'sub_core_grids': 'std::nullopt'; 'use_tensor_args': 'false'},,1,110,,,17295829464,17295830496,1032,4142415152987,4142415154562,1529,1529,1167,737,737,,,,98,639,537,,,,,,,,,1[1],1[1],32[32],32[32],TILE,UINT16,DEV_0_DRAM_INTERLEAVED,,,,,,,,,,,,,,,,,,,,,,,,,,,,,1[1],1[1],32[32],32[32],TILE,UINT16,DEV_0_DRAM_INTERLEAVED,,,,,,,,,,,,,,,0,1,[],[],['ttnn/cpp/ttnn/operations/data_movement/slice/device/kernels/dataflow/writer_unary_interleaved_start_id.cpp'; 'ttnn/cpp/ttnn/operations/data_movement/slice/device/kernels/dataflow/reader_unary_unpad_dims_interleaved_start_id.cpp'],['writer_unary_interleaved_start_id/13355930290814581581/'; 'reader_unary_unpad_dims_interleaved_start_id/1108021301349754100/'],7797951684992461054,False,680,716,0,0,0,0,0,0,0,429,429,3,[4.773892879486084],[4.773892879486084],58.209,,,,,,,1032
UnaryDeviceOperation,tt_dnn_device,69635,3,blackhole,{'bfp8_pack_precise': 'false'; 'fp32_dest_acc_en': 'false'; 'memory_config': 'MemoryConfig(memory_layout=TensorMemoryLayout::INTERLEAVED;buffer_type=BufferType::DRAM;shard_spec=std::nullopt;nd_shard_spec=std::nullopt;created_with_nd_shard_spec=0)'; 'op_chain': '{BasicUnaryWithParam<float; int; unsigned int>(base=BasicUnaryWithParam<float>(op_type=UnaryOpType::SIGMOID;param={4; 0}))}'; 'output_dtype': 'DataType::BFLOAT16'; 'preserve_fp32_precision': 'false'; 'sub_core_grids': 'std::nullopt'; 'worker_grid': '{[0-0 - 10-9]}'},HiFi4,110,110,,,17295934224,17295936538,2314,4142415153220,4142415159124,539,539,4373,2838,2838,,,,1087,2838,1502,1559,2359,1310,,,,,,1[1],1[1],32[32],32[8],TILE,BFLOAT16,DEV_0_DRAM_INTERLEAVED,,,,,,,,,,,,,,,,,,,,,,,,,,,,,1[1],1[1],32[32],32[8],TILE,BFLOAT16,DEV_0_DRAM_INTERLEAVED,,,,,,,,,,,,,,,0,1,['ttnn/cpp/ttnn/operations/eltwise/unary/device/kernels/compute/eltwise_sfpu.cpp'],['eltwise_sfpu/17254425182357590235/'],['ttnn/cpp/ttnn/operations/eltwise/unary/device/kernels/dataflow/writer_unary.cpp'; 'ttnn/cpp/ttnn/operations/eltwise/unary/device/kernels/dataflow/reader_unary.cpp'],['writer_unary/17308908021593325674/'; 'reader_unary/7914283486036039746/'],1433205122739524802,False,1000,924,1060,1132,1260,0,0,0,0,1,1,1,[],[],0.035,,,,,,,2314
UnaryDeviceOperation,tt_dnn_device,70659,3,blackhole,{'bfp8_pack_precise': 'false'; 'fp32_dest_acc_en': 'false'; 'memory_config': 'MemoryConfig(memory_layout=TensorMemoryLayout::INTERLEAVED;buffer_type=BufferType::DRAM;shard_spec=std::nullopt;nd_shard_spec=std::nullopt;created_with_nd_shard_spec=0)'; 'op_chain': '{BasicUnaryWithParam<float; int; unsigned int>(base=BasicUnaryWithParam<float>(op_type=UnaryOpType::FILL;param={0}))}'; 'output_dtype': 'DataType::BFLOAT16'; 'preserve_fp32_precision': 'false'; 'sub_core_grids': 'std::nullopt'; 'worker_grid': '{[0-0 - 10-9]}'},HiFi4,110,110,,,17296018284,17296019206,922,4142415157064,4142415162559,522,523,4070,2014,2013,,,,1101,2013,1541,1593,1623,1264,,,,,,1[1],1[1],32[32],128[128],TILE,BFLOAT16,DEV_0_DRAM_INTERLEAVED,,,,,,,,,,,,,,,,,,,,,,,,,,,,,1[1],1[1],32[32],128[128],TILE,BFLOAT16,DEV_0_DRAM_INTERLEAVED,,,,,,,,,,,,,,,0,1,['ttnn/cpp/ttnn/operations/eltwise/unary/device/kernels/compute/eltwise_sfpu.cpp'],['eltwise_sfpu/14928341353554394541/'],['ttnn/cpp/ttnn/operations/eltwise/unary/device/kernels/dataflow/writer_unary.cpp'; 'ttnn/cpp/ttnn/operations/eltwise/unary/device/kernels/dataflow/reader_unary.cpp'],['writer_unary/17308908021593325674/'; 'reader_unary/7914283486036039746/'],17376454958624202605,False,1000,924,1060,856,1260,0,0,0,0,1,1,1,[],[],0.05,,,,,,,922
UntilizeDeviceOperation,tt_dnn_device,71683,3,blackhole,{'enough_space_height': 'true'; 'enough_space_width': 'true'; 'fp32_dest_acc_en': 'false'; 'output_mem_config': 'MemoryConfig(memory_layout=TensorMemoryLayout::INTERLEAVED;buffer_type=BufferType::DRAM;shard_spec=std::nullopt;nd_shard_spec=std::nullopt;created_with_nd_shard_spec=0)'; 'pf_type': '2'; 'sub_core_grids': 'std::nullopt'; 'use_multicore': 'true'},HiFi4,1,110,,,17296047259,17296049263,2004,4142415164005,4142415169752,1508,1602,4257,3831,3737,,,,204,3627,1587,1583,1750,1899,,,,,,1[1],1[1],32[32],128[128],TILE,BFLOAT16,DEV_0_DRAM_INTERLEAVED,,,,,,,,,,,,,,,,,,,,,,,,,,,,,1[1],1[1],32[32],128[128],ROW_MAJOR,BFLOAT16,DEV_0_DRAM_INTERLEAVED,,,,,,,,,,,,,,,0,1,['ttnn/cpp/ttnn/operations/data_movement/untilize/device/kernels/compute/untilize_variable_num_blocks.cpp'],['untilize_variable_num_blocks/5225429762567392534/'],['ttnn/cpp/ttnn/operations/data_movement/untilize/device/kernels/dataflow/writer_unary_stick_layout_split_rows_multi_core.cpp'; 'ttnn/cpp/ttnn/operations/data_movement/untilize/device/kernels/dataflow/reader_unary_start_id.cpp'],['writer_unary_stick_layout_split_rows_multi_core/90896511080821434/'; 'reader_unary_start_id/9088430955735964568/'],10491042520524766586,False,1276,624,1168,964,2680,0,0,0,0,724,724,14,[11.31491756439209],[11.31491756439209],18.898,,,,,,,2004
UntilizeWithUnpaddingDeviceOperation,tt_dnn_device,72707,3,blackhole,{'enough_space_height': 'true'; 'fp32_dest_acc_en': 'false'; 'output_mem_config': 'MemoryConfig(memory_layout=TensorMemoryLayout::INTERLEAVED;buffer_type=BufferType::DRAM;shard_spec=std::nullopt;nd_shard_spec=std::nullopt;created_with_nd_shard_spec=0)'; 'output_tensor_end': 'Shape([31; 7])'; 'sub_core_grids': 'std::nullopt'; 'use_multicore': 'true'},HiFi4,1,110,,,17296074291,17296076345,2054,4142415171183,4142415184641,1486,1590,9969,9541,9436,,,,192,9349,511,542,115,729,,,,,,1[1],1[1],32[32],32[8],TILE,UINT16,DEV_0_DRAM_INTERLEAVED,,,,,,,,,,,,,,,,,,,,,,,,,,,,,1[1],1[1],32[32],8[8],ROW_MAJOR,UINT16,DEV_0_DRAM_INTERLEAVED,,,,,,,,,,,,,,,0,1,['ttnn/cpp/ttnn/operations/data_movement/untilize/device/kernels/compute/untilize.cpp'],['untilize/14659225964938679449/'],['ttnn/cpp/ttnn/operations/data_movement/untilize_with_unpadding/device/kernels/dataflow/writer_unary_stick_layout_split_rows_multicore.cpp'; 'ttnn/cpp/ttnn/operations/eltwise/unary/device/kernels/dataflow/reader_unary_interleaved_start_id.cpp'],['writer_unary_stick_layout_split_rows_multicore/4720355238896889287/'; 'reader_unary_interleaved_start_id/9735162635154385579/'],13132750209399612513,False,1564,924,1040,788,2356,0,0,0,0,1606,1606,3,[1.275217890739441],[0.31880447268486023],16.833,,,,,,,2054
UntilizeWithUnpaddingDeviceOperation,tt_dnn_device,73731,3,blackhole,{'enough_space_height': 'true'; 'fp32_dest_acc_en': 'false'; 'output_mem_config': 'MemoryConfig(memory_layout=TensorMemoryLayout::INTERLEAVED;buffer_type=BufferType::DRAM;shard_spec=std::nullopt;nd_shard_spec=std::nullopt;created_with_nd_shard_spec=0)'; 'output_tensor_end': 'Shape([31; 7])'; 'sub_core_grids': 'std::nullopt'; 'use_multicore': 'true'},HiFi4,1,110,,,17296092947,17296093688,741,4142415186092,4142415199527,1497,1600,9952,9527,9424,,,,188,9339,501,519,115,684,,,,,,1[1],1[1],32[32],32[8],TILE,BFLOAT16,DEV_0_DRAM_INTERLEAVED,,,,,,,,,,,,,,,,,,,,,,,,,,,,,1[1],1[1],32[32],8[8],ROW_MAJOR,BFLOAT16,DEV_0_DRAM_INTERLEAVED,,,,,,,,,,,,,,,0,1,['ttnn/cpp/ttnn/operations/data_movement/untilize/device/kernels/compute/untilize.cpp'],['untilize/4715010967245292982/'],['ttnn/cpp/ttnn/operations/data_movement/untilize_with_unpadding/device/kernels/dataflow/writer_unary_stick_layout_split_rows_multicore.cpp'; 'ttnn/cpp/ttnn/operations/eltwise/unary/device/kernels/dataflow/reader_unary_interleaved_start_id.cpp'],['writer_unary_stick_layout_split_rows_multicore/3692805883673047670/'; 'reader_unary_interleaved_start_id/14429317243173019626/'],1350775133788877157,False,1564,924,1040,788,2352,0,0,0,0,1606,1606,3,[1.275217890739441],[0.31880447268486023],16.857,,,,,,,741
ScatterDeviceOperation,tt_dnn_device,74755,3,blackhole,{'dim': '1'; 'opt_reduction': 'ScatterReductionType::INVALID'; 'output_memory_config': 'MemoryConfig(memory_layout=TensorMemoryLayout::INTERLEAVED;buffer_type=BufferType::DRAM;shard_spec=std::nullopt;nd_shard_spec=std::nullopt;created_with_nd_shard_spec=0)'; 'sub_core_grid': 'std::nullopt'},,32,110,,,17296128575,17296130137,1562,4142415186452,4142415205738,604,604,14286,4001,4001,,,,1053,4001,3731,,,,,,,,,1[1],1[1],32[32],128[128],ROW_MAJOR,BFLOAT16,DEV_0_DRAM_INTERLEAVED,1[1],1[1],32[32],8[8],ROW_MAJOR,UINT16,DEV_0_DRAM_INTERLEAVED,1[1],1[1],32[32],8[8],ROW_MAJOR,BFLOAT16,DEV_0_DRAM_INTERLEAVED,,,,,,,,,,,,,,,1[1],1[1],32[32],128[128],ROW_MAJOR,BFLOAT16,DEV_0_DRAM_INTERLEAVED,,,,,,,,,,,,,,,0,1,[],[],['ttnn/cpp/ttnn/operations/data_movement/scatter/device/kernels/dataflow/writer_scatter.cpp'; 'ttnn/cpp/ttnn/operations/data_movement/scatter/device/kernels/dataflow/reader_scatter.cpp'],['writer_scatter/12036046600388805223/'; 'reader_scatter/13590767754617400688/'],2391787160877372169,False,792,2272,0,0,0,0,0,0,0,466,466,14,[17.57939910888672],[17.57939910888672],11.647,,,,,,,1562
TilizeDeviceOperation,tt_dnn_device,75779,3,blackhole,{'enough_space_height': 'true'; 'enough_space_width': 'true'; 'output_dtype': 'DataType::BFLOAT16'; 'output_mem_config': 'MemoryConfig(memory_layout=TensorMemoryLayout::INTERLEAVED;buffer_type=BufferType::DRAM;shard_spec=std::nullopt;nd_shard_spec=std::nullopt;created_with_nd_shard_spec=0)'; 'sub_core_grids': 'std::nullopt'; 'use_low_perf': 'false'; 'use_multicore': 'true'},HiFi4,1,110,,,17296153442,17296154734,1292,4142415207175,4142415210597,1492,1609,2535,2101,1985,,,,218,1902,1157,1223,142,1232,,,,,,1[1],1[1],32[32],128[128],ROW_MAJOR,BFLOAT16,DEV_0_DRAM_INTERLEAVED,,,,,,,,,,,,,,,,,,,,,,,,,,,,,1[1],1[1],32[32],128[128],TILE,BFLOAT16,DEV_0_DRAM_INTERLEAVED,,,,,,,,,,,,,,,0,1,['ttnn/cpp/ttnn/kernel/compute/tilize.cpp'],['tilize/9207119747511123796/'],['ttnn/cpp/ttnn/operations/eltwise/unary/device/kernels/dataflow/writer_unary_interleaved_start_id.cpp'; 'ttnn/cpp/ttnn/operations/data_movement/tilize/device/kernels/dataflow/reader_unary_stick_layout_split_rows_multicore.cpp'],['writer_unary_interleaved_start_id/12823350331057913928/'; 'reader_unary_stick_layout_split_rows_multicore/5137991844069086675/'],12990263132558414139,False,1000,860,1168,768,2012,0,0,0,0,1,1,1,[],[],0.048,,,,,,,1292
ReshapeViewDeviceOperation,tt_dnn_device,76803,3,blackhole,{'logical_output_shape': 'Shape([1; 32; 2048])'; 'output_mem_config': 'MemoryConfig(memory_layout=TensorMemoryLayout::INTERLEAVED;buffer_type=BufferType::DRAM;shard_spec=std::nullopt;nd_shard_spec=std::nullopt;created_with_nd_shard_spec=0)'; 'padded_output_shape': 'Shape([1; 32; 2048])'; 'recreate_mapping_tensor': 'false'; 'sub_core_grid': 'std::nullopt'},,64,110,,,17296177899,17296178981,1082,4142415207526,4142415238524,562,562,22961,20130,20130,,,,1069,20130,19683,,,,,,,,,1[1],32[32],32[1],2048[2048],TILE,BFLOAT16,DEV_0_DRAM_INTERLEAVED,,,,,,,,,,,,,,,,,,,,,,,,,,,,,1[1],1[1],32[32],2048[2048],TILE,BFLOAT16,DEV_0_DRAM_INTERLEAVED,,,,,,,,,,,,,,,0,1,[],[],['ttnn/cpp/ttnn/operations/data_movement/reshape_view/device/device/dataflow/writer_reshape_tiled.cpp'; 'ttnn/cpp/ttnn/operations/data_movement/reshape_view/device/device/dataflow/reader_reshape_tiled.cpp'],['writer_reshape_tiled/4267096035403228190/'; 'reader_reshape_tiled/11173047033745705692/'],2479539830318309128,False,1756,980,0,0,0,0,0,0,0,1,1,1,[],[],0.005,,,,,,,1082
RepeatDeviceOperation,tt_dnn_device,77827,3,blackhole,{'m_is_last_dim': 'false'; 'm_num_repeats': '128'; 'm_output_mem_config': 'MemoryConfig(memory_layout=TensorMemoryLayout::INTERLEAVED;buffer_type=BufferType::DRAM;shard_spec=std::nullopt;nd_shard_spec=std::nullopt;created_with_nd_shard_spec=0)'; 'm_repeat_dim': '0'; 'm_tile_higher_pages': '1'; 'm_tile_lower_pages': '64'; 'm_tile_page_size_bytes': '2048'; 'm_tile_rep_dim_pages': '1'},,110,110,,,17296244425,17296245808,1383,4142415212298,4142415374496,524,524,120147,100176,100176,,,,973,,100176,,,,,,,,,1[1],1[1],32[32],2048[2048],TILE,BFLOAT16,DEV_0_DRAM_INTERLEAVED,,,,,,,,,,,,,,,,,,,,,,,,,,,,,1[1],128[128],32[32],2048[2048],TILE,BFLOAT16,DEV_0_DRAM_INTERLEAVED,,,,,,,,,,,,,,,0,1,[],[],['ttnn/cpp/ttnn/operations/data_movement/repeat/device/kernels/repeat_higher_dim_tile.cpp'],['repeat_higher_dim_tile/1536421696644916261/'],10231590761585174598,False,0,1000,0,0,0,0,0,0,0,51380,51380,30517,[2.5510315895080566],[326.53204345703125],51.29,,,,,,,1383
MatmulDeviceOperation,tt_dnn_device,78851,3,blackhole,{'bcast_batch': 'false'; 'compute_kernel_config': 'ComputeKernelConfig(math_fidelity=HiFi2;math_approx_mode=0;fp32_dest_acc_en=0;packer_l1_acc=1;dst_full_sync_en=0;throttle_level=ThrottleLevel::NO_THROTTLE)'; 'global_cb': 'std::nullopt'; 'output_dtype': 'DataType::BFLOAT16'; 'output_mem_config': 'MemoryConfig(memory_layout=TensorMemoryLayout::INTERLEAVED;buffer_type=BufferType::DRAM;shard_spec=std::nullopt;nd_shard_spec=std::nullopt;created_with_nd_shard_spec=0)'; 'output_tile': 'Tile(tile_shape={32; 32};face_shape={16; 16};num_faces=4)'; 'program_config': 'MatmulMultiCoreReuseMultiCast1DProgramConfig(compute_with_storage_grid_size=11-10;in0_block_w=2;out_subblock_h=1;out_subblock_w=1;out_block_h=1;out_block_w=1;per_core_M=1;per_core_N=1;fuse_batch=0;fused_activation=std::nullopt;mcast_in0=1;gather_in0=0;hop_cores={};num_global_cb_receivers=0;untilize_out=0;allowed_worker_cores={[0-0 - 10-9]})'; 'sub_device_id': 'std::nullopt'; 'transpose_a': 'false'; 'transpose_b': 'false'; 'untilize_out': 'false'; 'user_core_coord': 'std::nullopt'; 'user_fused_activation': 'std::nullopt'; 'user_run_batched': 'true'},HiFi2,48,110,,,17296298809,17296299911,1102,4142415240799,4142420919108,550,550,4206155,4106578,4106578,,,,1175,4106576,4105549,4105801,4105782,4105797,,,,,,1[1],128[128],32[32],2048[2048],TILE,BFLOAT16,DEV_0_DRAM_INTERLEAVED,1[1],128[128],2048[2048],1536[1536],TILE,BFLOAT4_B,DEV_0_DRAM_INTERLEAVED,,,,,,,,,,,,,,,,,,,,,,1[1],128[128],32[32],1536[1536],TILE,BFLOAT16,DEV_0_DRAM_INTERLEAVED,,,,,,,,,,,,,,,0,1,['ttnn/cpp/ttnn/operations/matmul/device/kernels/compute/bmm_large_block_zm_fused_bias_activation.cpp'],['bmm_large_block_zm_fused_bias_activation/5465698026906302783/'],['ttnn/cpp/ttnn/operations/matmul/device/kernels/dataflow/reader_bmm_tile_layout_in1_sender_writer_padding.cpp'; 'ttnn/cpp/ttnn/operations/matmul/device/kernels/dataflow/reader_bmm_tile_layout_in0_receiver.cpp'; 'ttnn/cpp/ttnn/operations/matmul/device/kernels/dataflow/reader_bmm_tile_layout_in0_sender_padding.cpp'],['reader_bmm_tile_layout_in1_sender_writer_padding/1402418773110273793/'; 'reader_bmm_tile_layout_in0_receiver/9209625242214481634/'; 'reader_bmm_tile_layout_in0_sender_padding/17145958562874073137/'],2568911199456945908,False,1600,1124,2348,2236,2360,0,0,0,0,732421,84735,732421,[22.906518936157227; 549.7564697265625],[17.179889678955078],2.063,,,,,,,1102
SliceDeviceOperation,tt_dnn_device,79875,3,blackhole,{'num_devices': 'std::nullopt'; 'output_mem_config': 'MemoryConfig(memory_layout=TensorMemoryLayout::INTERLEAVED;buffer_type=BufferType::DRAM;shard_spec=std::nullopt;nd_shard_spec=std::nullopt;created_with_nd_shard_spec=0)'; 'slice_dim': 'std::nullopt'; 'slice_end': 'Shape([128; 32; 768])'; 'slice_start': 'Shape([0; 0; 0])'; 'step': 'Shape([1; 1; 1])'; 'sub_core_grids': 'std::nullopt'; 'use_tensor_args': 'false'},,110,110,,,17296366208,17296367450,1242,4142415376301,4142420969285,576,576,4142951,36601,36601,,,,1056,36599,36330,,,,,,,,,1[1],128[128],32[32],1536[1536],TILE,BFLOAT16,DEV_0_DRAM_INTERLEAVED,,,,,,,,,,,,,,,,,,,,,,,,,,,,,1[1],128[128],32[32],768[768],TILE,BFLOAT16,DEV_0_DRAM_INTERLEAVED,,,,,,,,,,,,,,,0,1,[],[],['ttnn/cpp/ttnn/operations/data_movement/slice/device/kernels/dataflow/writer_unary_interleaved_start_id.cpp'; 'ttnn/cpp/ttnn/operations/data_movement/slice/device/kernels/dataflow/reader_unary_unpad_dims_interleaved_start_id.cpp'],['writer_unary_interleaved_start_id/11396476643056635318/'; 'reader_unary_unpad_dims_interleaved_start_id/10579228541280834701/'],4975546075024177705,False,680,716,0,0,0,0,0,0,0,22888,19351,22888,[549.76025390625],[274.880126953125],52.87,,,,,,,1242
SliceDeviceOperation,tt_dnn_device,80899,3,blackhole,{'num_devices': 'std::nullopt'; 'output_mem_config': 'MemoryConfig(memory_layout=TensorMemoryLayout::INTERLEAVED;buffer_type=BufferType::DRAM;shard_spec=std::nullopt;nd_shard_spec=std::nullopt;created_with_nd_shard_spec=0)'; 'slice_dim': 'std::nullopt'; 'slice_end': 'Shape([128; 32; 1536])'; 'slice_start': 'Shape([0; 0; 768])'; 'step': 'Shape([1; 1; 1])'; 'sub_core_grids': 'std::nullopt'; 'use_tensor_args': 'false'},,110,110,,,17296421263,17296421744,481,4142420947825,4142421020766,579,579,54030,37556,37556,,,,1040,37556,37287,,,,,,,,,1[1],128[128],32[32],1536[1536],TILE,BFLOAT16,DEV_0_DRAM_INTERLEAVED,,,,,,,,,,,,,,,,,,,,,,,,,,,,,1[1],128[128],32[32],768[768],TILE,BFLOAT16,DEV_0_DRAM_INTERLEAVED,,,,,,,,,,,,,,,0,1,[],[],['ttnn/cpp/ttnn/operations/data_movement/slice/device/kernels/dataflow/writer_unary_interleaved_start_id.cpp'; 'ttnn/cpp/ttnn/operations/data_movement/slice/device/kernels/dataflow/reader_unary_unpad_dims_interleaved_start_id.cpp'],['writer_unary_interleaved_start_id/11396476643056635318/'; 'reader_unary_unpad_dims_interleaved_start_id/10579228541280834701/'],14535613120564166057,False,680,716,0,0,0,0,0,0,0,22888,19351,22888,[549.76025390625],[274.880126953125],51.526,,,,,,,481
UnaryDeviceOperation,tt_dnn_device,81923,3,blackhole,{'bfp8_pack_precise': 'false'; 'fp32_dest_acc_en': 'false'; 'memory_config': 'MemoryConfig(memory_layout=TensorMemoryLayout::INTERLEAVED;buffer_type=BufferType::DRAM;shard_spec=std::nullopt;nd_shard_spec=std::nullopt;created_with_nd_shard_spec=0)'; 'op_chain': '{BasicUnaryWithParam<float; int; unsigned int>(base=BasicUnaryWithParam<float>(op_type=UnaryOpType::SILU;param={}))}'; 'output_dtype': 'DataType::BFLOAT16'; 'preserve_fp32_precision': 'false'; 'sub_core_grids': 'std::nullopt'; 'worker_grid': '{[0-0 - 10-9]}'},HiFi4,110,110,,,17296500734,17296501766,1032,4142421001295,4142421089573,572,572,65391,50393,50393,,,,1083,50393,47543,47590,50041,49096,,,,,,1[1],128[128],32[32],768[768],TILE,BFLOAT16,DEV_0_DRAM_INTERLEAVED,,,,,,,,,,,,,,,,,,,,,,,,,,,,,1[1],128[128],32[32],768[768],TILE,BFLOAT16,DEV_0_DRAM_INTERLEAVED,,,,,,,,,,,,,,,0,1,['ttnn/cpp/ttnn/operations/eltwise/unary/device/kernels/compute/eltwise_sfpu.cpp'],['eltwise_sfpu/17685734430554596604/'],['ttnn/cpp/ttnn/operations/eltwise/unary/device/kernels/dataflow/writer_unary.cpp'; 'ttnn/cpp/ttnn/operations/eltwise/unary/device/kernels/dataflow/reader_unary.cpp'],['writer_unary/17308908021593325674/'; 'reader_unary/7914283486036039746/'],3057122495497861903,False,1000,924,1060,1284,1260,0,0,0,0,1,1,1,[],[],0.002,,,,,,,1032
BinaryNgDeviceOperation,tt_dnn_device,82947,3,blackhole,{'atol': '0'; 'binary_op_type': 'BinaryOpType::MUL'; 'compute_kernel_config': 'std::nullopt'; 'dtype': 'DataType::BFLOAT16'; 'equal_nan': 'false'; 'input_dtype': 'DataType::BFLOAT16'; 'input_layout_a': 'Layout::TILE'; 'input_layout_b': 'Layout::TILE'; 'is_quant_op': 'false'; 'is_sfpu': 'true'; 'is_where_op': 'false'; 'lhs_activations': '{}'; 'memory_config': 'MemoryConfig(memory_layout=TensorMemoryLayout::INTERLEAVED;buffer_type=BufferType::DRAM;shard_spec=std::nullopt;nd_shard_spec=std::nullopt;created_with_nd_shard_spec=0)'; 'output_layout': 'Layout::TILE'; 'post_activations': '{}'; 'rhs_activations': '{}'; 'rtol': '0'; 'scalar': 'std::nullopt'; 'sub_core_grids': 'std::nullopt'; 'sub_device_id': 'std::nullopt'; 'subtile_broadcast_type': 'SubtileBroadcastType::NONE'; 'worker_grid': '{[0-0 - 10-9]}'},HiFi4,110,110,,,17296594583,17296596066,1483,4142421060742,4142421154429,586,588,69398,47456,47453,,,,1081,47447,46554,46613,47124,45304,,,,,,1[1],128[128],32[32],768[768],TILE,BFLOAT16,DEV_0_DRAM_INTERLEAVED,1[1],128[128],32[32],768[768],TILE,BFLOAT16,DEV_0_DRAM_INTERLEAVED,,,,,,,,,,,,,,,,,,,,,,1[1],128[128],32[32],768[768],TILE,BFLOAT16,DEV_0_DRAM_INTERLEAVED,,,,,,,,,,,,,,,0,1,['ttnn/cpp/ttnn/operations/eltwise/binary_ng/device/kernels/compute/eltwise_binary_sfpu_no_bcast.cpp'],['eltwise_binary_sfpu_no_bcast/5506180665876100763/'],['ttnn/cpp/ttnn/operations/eltwise/binary_ng/device/kernels_ng/dataflow/writer_interleaved_no_bcast.cpp'; 'ttnn/cpp/ttnn/operations/eltwise/binary_ng/device/kernels_ng/dataflow/reader_interleaved_no_bcast.cpp'],['writer_interleaved_no_bcast/13786176872452774081/'; 'reader_interleaved_no_bcast/13696495097517312790/'],1543498124224426579,False,1120,1644,1456,1200,1292,0,0,0,0,1,1,1,[],[],0.002,,,,,,,1483
MatmulDeviceOperation,tt_dnn_device,83971,3,blackhole,{'bcast_batch': 'false'; 'compute_kernel_config': 'ComputeKernelConfig(math_fidelity=HiFi2;math_approx_mode=0;fp32_dest_acc_en=0;packer_l1_acc=1;dst_full_sync_en=0;throttle_level=ThrottleLevel::NO_THROTTLE)'; 'global_cb': 'std::nullopt'; 'output_dtype': 'DataType::BFLOAT16'; 'output_mem_config': 'MemoryConfig(memory_layout=TensorMemoryLayout::INTERLEAVED;buffer_type=BufferType::DRAM;shard_spec=std::nullopt;nd_shard_spec=std::nullopt;created_with_nd_shard_spec=0)'; 'output_tile': 'Tile(tile_shape={32; 32};face_shape={16; 16};num_faces=4)'; 'program_config': 'MatmulMultiCoreReuseMultiCast1DProgramConfig(compute_with_storage_grid_size=11-10;in0_block_w=2;out_subblock_h=1;out_subblock_w=1;out_block_h=1;out_block_w=1;per_core_M=1;per_core_N=1;fuse_batch=0;fused_activation=std::nullopt;mcast_in0=1;gather_in0=0;hop_cores={};num_global_cb_receivers=0;untilize_out=0;allowed_worker_cores={[0-0 - 10-9]})'; 'sub_device_id': 'std::nullopt'; 'transpose_a': 'false'; 'transpose_b': 'false'; 'untilize_out': 'false'; 'user_core_coord': 'std::nullopt'; 'user_fused_activation': 'std::nullopt'; 'user_run_batched': 'true'},HiFi2,64,110,,,17296640421,17296641282,861,4142421135380,4142423484416,498,498,1740027,1725407,1725407,,,,1255,1725405,1724129,1724364,1724330,1724356,,,,,,1[1],128[128],32[32],768[768],TILE,BFLOAT16,DEV_0_DRAM_INTERLEAVED,1[1],128[128],768[768],2048[2048],TILE,BFLOAT4_B,DEV_0_DRAM_INTERLEAVED,,,,,,,,,,,,,,,,,,,,,,1[1],128[128],32[32],2048[2048],TILE,BFLOAT16,DEV_0_DRAM_INTERLEAVED,,,,,,,,,,,,,,,0,1,['ttnn/cpp/ttnn/operations/matmul/device/kernels/compute/bmm_large_block_zm_fused_bias_activation.cpp'],['bmm_large_block_zm_fused_bias_activation/5367523858612217209/'],['ttnn/cpp/ttnn/operations/matmul/device/kernels/dataflow/reader_bmm_tile_layout_in1_sender_writer_padding.cpp'; 'ttnn/cpp/ttnn/operations/matmul/device/kernels/dataflow/reader_bmm_tile_layout_in0_receiver.cpp'; 'ttnn/cpp/ttnn/operations/matmul/device/kernels/dataflow/reader_bmm_tile_layout_in0_sender_padding.cpp'],['reader_bmm_tile_layout_in1_sender_writer_padding/15419585538510865417/'; 'reader_bmm_tile_layout_in0_receiver/1769695620188288515/'; 'reader_bmm_tile_layout_in0_sender_padding/7473848797589761855/'],6790566937491715914,False,1584,1104,2336,2248,2360,0,0,0,0,366210,42368,366210,[17.179912567138672; 549.7572021484375],[45.81310272216797],2.456,,,,,,,861
TransposeDeviceOperation,tt_dnn_device,84995,3,blackhole,{'dim': 'TransposeOpDim::WH'; 'output_mem_config': 'MemoryConfig(memory_layout=TensorMemoryLayout::INTERLEAVED;buffer_type=BufferType::DRAM;shard_spec=std::nullopt;nd_shard_spec=std::nullopt;created_with_nd_shard_spec=0)'; 'pad_value': '0'},HiFi4,110,110,,,17296693833,17296698171,4338,4142421156190,4142423487293,568,568,1726743,1573,1573,,,,1169,1573,1161,1307,1084,1261,,,,,,1[1],1[1],32[32],128[128],TILE,BFLOAT16,DEV_0_DRAM_INTERLEAVED,,,,,,,,,,,,,,,,,,,,,,,,,,,,,1[1],1[1],128[128],32[32],TILE,BFLOAT16,DEV_0_DRAM_INTERLEAVED,,,,,,,,,,,,,,,0,1,['ttnn/cpp/ttnn/operations/data_movement/transpose/device/kernels/compute/transpose_wh.cpp'],['transpose_wh/6148515967295005335/'],['ttnn/cpp/ttnn/operations/eltwise/unary/device/kernels/dataflow/writer_unary_interleaved_start_id.cpp'; 'ttnn/cpp/ttnn/operations/data_movement/transpose/device/kernels/dataflow/reader_unary_transpose_wh_interleaved_start_id.cpp'],['writer_unary_interleaved_start_id/12823350331057913928/'; 'reader_unary_transpose_wh_interleaved_start_id/12549895365772018052/'],12057049319055176718,False,1000,732,1104,736,1292,0,0,0,0,466,466,14,[17.57939910888672],[17.57939910888672],29.625,,,,,,,4338
ReshapeViewDeviceOperation,tt_dnn_device,86019,3,blackhole,{'logical_output_shape': 'Shape([128; 32; 1])'; 'output_mem_config': 'MemoryConfig(memory_layout=TensorMemoryLayout::INTERLEAVED;buffer_type=BufferType::DRAM;shard_spec=std::nullopt;nd_shard_spec=std::nullopt;created_with_nd_shard_spec=0)'; 'padded_output_shape': 'Shape([128; 32; 32])'; 'recreate_mapping_tensor': 'false'; 'sub_core_grid': 'std::nullopt'},,110,110,,,17296743177,17296744399,1222,4142423486992,4142423499179,479,479,9027,8324,8324,,,,1173,8324,6447,,,,,,,,,1[1],1[1],128[128],32[32],TILE,BFLOAT16,DEV_0_DRAM_INTERLEAVED,,,,,,,,,,,,,,,,,,,,,,,,,,,,,1[1],128[128],32[32],32[1],TILE,BFLOAT16,DEV_0_DRAM_INTERLEAVED,,,,,,,,,,,,,,,0,1,[],[],['ttnn/cpp/ttnn/operations/data_movement/reshape_view/device/device/dataflow/writer_reshape_tiled.cpp'; 'ttnn/cpp/ttnn/operations/data_movement/reshape_view/device/device/dataflow/reader_reshape_tiled.cpp'],['writer_reshape_tiled/1693800358885868375/'; 'reader_reshape_tiled/9211947847981769172/'],5466507786043548344,False,1756,980,0,0,0,0,0,0,0,1,1,1,[],[],0.012,,,,,,,1222
BinaryNgDeviceOperation,tt_dnn_device,87043,3,blackhole,{'atol': '0'; 'binary_op_type': 'BinaryOpType::MUL'; 'compute_kernel_config': 'std::nullopt'; 'dtype': 'DataType::BFLOAT16'; 'equal_nan': 'false'; 'input_dtype': 'DataType::BFLOAT16'; 'input_layout_a': 'Layout::TILE'; 'input_layout_b': 'Layout::TILE'; 'is_quant_op': 'false'; 'is_sfpu': 'true'; 'is_where_op': 'false'; 'lhs_activations': '{}'; 'memory_config': 'MemoryConfig(memory_layout=TensorMemoryLayout::INTERLEAVED;buffer_type=BufferType::DRAM;shard_spec=std::nullopt;nd_shard_spec=std::nullopt;created_with_nd_shard_spec=0)'; 'output_layout': 'Layout::TILE'; 'post_activations': '{}'; 'rhs_activations': '{}'; 'rtol': '0'; 'scalar': 'std::nullopt'; 'sub_core_grids': 'std::nullopt'; 'sub_device_id': 'std::nullopt'; 'subtile_broadcast_type': 'SubtileBroadcastType::COL_B'; 'worker_grid': '{[0-0 - 10-9]}'},HiFi4,110,110,,,17296829341,17296830273,932,4142423493995,4142423630556,453,453,101156,96865,96865,,,,1244,96865,95156,95400,96464,95874,,,,,,1[1],128[128],32[32],2048[2048],TILE,BFLOAT16,DEV_0_DRAM_INTERLEAVED,1[1],128[128],32[32],32[1],TILE,BFLOAT16,DEV_0_DRAM_INTERLEAVED,,,,,,,,,,,,,,,,,,,,,,1[1],128[128],32[32],2048[2048],TILE,BFLOAT16,DEV_0_DRAM_INTERLEAVED,,,,,,,,,,,,,,,0,1,['ttnn/cpp/ttnn/operations/eltwise/binary_ng/device/kernels_ng/compute/eltwise_binary_sfpu_col_bcast.cpp'],['eltwise_binary_sfpu_col_bcast/9755331561266870884/'],['ttnn/cpp/ttnn/operations/eltwise/binary_ng/device/kernels_ng/dataflow/writer_interleaved_no_bcast.cpp'; 'ttnn/cpp/ttnn/operations/eltwise/binary_ng/device/kernels_ng/dataflow/reader_interleaved_col_bcast.cpp'],['writer_interleaved_no_bcast/16082081782850918657/'; 'reader_interleaved_col_bcast/15437325216577131164/'],709454548278692269,False,1120,1616,3516,2544,4560,0,0,0,0,1,1,1,[],[],0.001,,,,,,,932
FastReduceNCDeviceOperation,tt_dnn_device,88067,3,blackhole,{'compute_kernel_config': 'ComputeKernelConfig(math_fidelity=HiFi4;math_approx_mode=0;fp32_dest_acc_en=1;packer_l1_acc=0;dst_full_sync_en=0;throttle_level=ThrottleLevel::NO_THROTTLE)'; 'dim': '0'; 'output_dtype': 'std::nullopt'; 'output_mem_config': 'MemoryConfig(memory_layout=TensorMemoryLayout::INTERLEAVED;buffer_type=BufferType::DRAM;shard_spec=std::nullopt;nd_shard_spec=std::nullopt;created_with_nd_shard_spec=0)'; 'sub_core_grids': 'std::nullopt'},HiFi4,64,110,,,17296871521,17296872984,1463,4142423578732,4142423698654,595,595,88831,49853,49853,,,,179,49853,49312,49467,48810,537,,,,,,1[1],128[128],32[32],2048[2048],TILE,BFLOAT16,DEV_0_DRAM_INTERLEAVED,,,,,,,,,,,,,,,,,,,,,,,,,,,,,1[1],1[1],32[32],2048[2048],TILE,BFLOAT16,DEV_0_DRAM_INTERLEAVED,,,,,,,,,,,,,,,0,1,['ttnn/cpp/ttnn/operations/experimental/reduction/fast_reduce_nc/device/kernels/reduce_nc.cpp'],['reduce_nc/15517094258136700099/'],['ttnn/cpp/ttnn/operations/experimental/reduction/fast_reduce_nc/device/kernels/writer_reduce_nc.cpp'; 'ttnn/cpp/ttnn/operations/experimental/reduction/fast_reduce_nc/device/kernels/reader_reduce_nc.cpp'],['writer_reduce_nc/5261097171432542084/'; 'reader_reduce_nc/11179432673682079788/'],14727107662073315946,False,644,1148,1388,916,1800,0,0,0,0,1,1,1,[],[],0.002,,,,,,,1463
ReshapeViewDeviceOperation,tt_dnn_device,89091,3,blackhole,{'logical_output_shape': 'Shape([32; 1; 2048])'; 'output_mem_config': 'MemoryConfig(memory_layout=TensorMemoryLayout::INTERLEAVED;buffer_type=BufferType::DRAM;shard_spec=std::nullopt;nd_shard_spec=std::nullopt;created_with_nd_shard_spec=0)'; 'padded_output_shape': 'Shape([32; 32; 2048])'; 'recreate_mapping_tensor': 'false'; 'sub_core_grid': 'std::nullopt'},,110,110,,,17296914053,17296914674,621,4142423632461,4142423737698,499,499,77953,28416,28416,,,,1209,28415,27946,,,,,,,,,1[1],1[1],32[32],2048[2048],TILE,BFLOAT16,DEV_0_DRAM_INTERLEAVED,,,,,,,,,,,,,,,,,,,,,,,,,,,,,1[1],32[32],32[1],2048[2048],TILE,BFLOAT16,DEV_0_DRAM_INTERLEAVED,,,,,,,,,,,,,,,0,1,[],[],['ttnn/cpp/ttnn/operations/data_movement/reshape_view/device/device/dataflow/writer_reshape_tiled.cpp'; 'ttnn/cpp/ttnn/operations/data_movement/reshape_view/device/device/dataflow/reader_reshape_tiled.cpp'],['writer_reshape_tiled/3733057082630162122/'; 'reader_reshape_tiled/5592824073543797737/'],868393554501740704,False,1740,980,0,0,0,0,0,0,0,1,1,1,[],[],0.004,,,,,,,621
BinaryNgDeviceOperation,tt_dnn_device,90115,3,blackhole,{'atol': '0'; 'binary_op_type': 'BinaryOpType::ADD'; 'compute_kernel_config': 'std::nullopt'; 'dtype': 'DataType::BFLOAT16'; 'equal_nan': 'false'; 'input_dtype': 'DataType::BFLOAT16'; 'input_layout_a': 'Layout::TILE'; 'input_layout_b': 'Layout::TILE'; 'is_quant_op': 'false'; 'is_sfpu': 'false'; 'is_where_op': 'false'; 'lhs_activations': '{}'; 'memory_config': 'MemoryConfig(memory_layout=TensorMemoryLayout::INTERLEAVED;buffer_type=BufferType::DRAM;shard_spec=std::nullopt;nd_shard_spec=std::nullopt;created_with_nd_shard_spec=0)'; 'output_layout': 'Layout::TILE'; 'post_activations': '{}'; 'rhs_activations': '{}'; 'rtol': '0'; 'scalar': 'std::nullopt'; 'sub_core_grids': 'std::nullopt'; 'sub_device_id': 'std::nullopt'; 'subtile_broadcast_type': 'SubtileBroadcastType::NONE'; 'worker_grid': '{[0-0 - 10-9]}'},HiFi4,110,110,,,17296997642,17296998413,771,4142423734023,4142423778957,516,516,33284,30047,30047,,,,1178,30047,29711,29703,27696,29269,,,,,,1[1],32[32],32[1],2048[2048],TILE,BFLOAT16,DEV_0_DRAM_INTERLEAVED,1[1],32[32],32[1],2048[2048],TILE,BFLOAT16,DEV_0_DRAM_INTERLEAVED,,,,,,,,,,,,,,,,,,,,,,1[1],32[32],32[1],2048[2048],TILE,BFLOAT16,DEV_0_DRAM_INTERLEAVED,,,,,,,,,,,,,,,0,1,['ttnn/cpp/ttnn/operations/eltwise/binary_ng/device/kernels/compute/eltwise_binary_no_bcast.cpp'],['eltwise_binary_no_bcast/7702167649156508193/'],['ttnn/cpp/ttnn/operations/eltwise/binary_ng/device/kernels_ng/dataflow/writer_interleaved_no_bcast.cpp'; 'ttnn/cpp/ttnn/operations/eltwise/binary_ng/device/kernels_ng/dataflow/reader_interleaved_no_bcast.cpp'],['writer_interleaved_no_bcast/13786176872452774081/'; 'reader_interleaved_no_bcast/13696495097517312790/'],1295168523863076379,False,1120,1644,1308,768,1292,0,0,0,0,1,1,1,[],[],0.003,,,,,,,771
BinaryNgDeviceOperation,tt_dnn_device,91139,3,blackhole,{'atol': '0'; 'binary_op_type': 'BinaryOpType::ADD'; 'compute_kernel_config': 'std::nullopt'; 'dtype': 'DataType::BFLOAT16'; 'equal_nan': 'false'; 'input_dtype': 'DataType::BFLOAT16'; 'input_layout_a': 'Layout::TILE'; 'input_layout_b': 'Layout::TILE'; 'is_quant_op': 'false'; 'is_sfpu': 'false'; 'is_where_op': 'false'; 'lhs_activations': '{}'; 'memory_config': 'MemoryConfig(memory_layout=TensorMemoryLayout::INTERLEAVED;buffer_type=BufferType::DRAM;shard_spec=std::nullopt;nd_shard_spec=std::nullopt;created_with_nd_shard_spec=0)'; 'output_layout': 'Layout::TILE'; 'post_activations': '{}'; 'rhs_activations': '{}'; 'rtol': '0'; 'scalar': 'std::nullopt'; 'sub_core_grids': 'std::nullopt'; 'sub_device_id': 'std::nullopt'; 'subtile_broadcast_type': 'SubtileBroadcastType::NONE'; 'worker_grid': '{[0-0 - 10-9]}'},HiFi4,110,110,,,17297035083,17297035785,702,4142423762554,4142423819224,546,546,41978,29283,29283,,,,1095,29283,28855,28884,27256,28431,,,,,,1[1],32[32],32[1],2048[2048],TILE,BFLOAT16,DEV_0_DRAM_INTERLEAVED,1[1],32[32],32[1],2048[2048],TILE,BFLOAT16,DEV_0_DRAM_INTERLEAVED,,,,,,,,,,,,,,,,,,,,,,1[1],32[32],32[1],2048[2048],TILE,BFLOAT16,DEV_0_DRAM_INTERLEAVED,,,,,,,,,,,,,,,0,1,['ttnn/cpp/ttnn/operations/eltwise/binary_ng/device/kernels/compute/eltwise_binary_no_bcast.cpp'],['eltwise_binary_no_bcast/7702167649156508193/'],['ttnn/cpp/ttnn/operations/eltwise/binary_ng/device/kernels_ng/dataflow/writer_interleaved_no_bcast.cpp'; 'ttnn/cpp/ttnn/operations/eltwise/binary_ng/device/kernels_ng/dataflow/reader_interleaved_no_bcast.cpp'],['writer_interleaved_no_bcast/13786176872452774081/'; 'reader_interleaved_no_bcast/13696495097517312790/'],1295168523863076379,False,1120,1644,1308,768,1292,0,0,0,0,1,1,1,[],[],0.003,,,,,,,702
PERF_DECODE,signpost,,,,,,,,,,17304210689,,,,,,,,,,,,,,,,,,,,,,,,,,,,,,,,,,,,,,,,,,,,,,,,,,,,,,,,,,,,,,,,,,,,,,,,,,,,,,,,,,,,,,,,,,,,,,,,,,,,,,,,,,,,,
LayerNormDeviceOperation,tt_dnn_device,49155,3,blackhole,{'compute_kernel_config': 'ComputeKernelConfig(math_fidelity=HiFi4;math_approx_mode=1;fp32_dest_acc_en=0;packer_l1_acc=0;dst_full_sync_en=0;throttle_level=ThrottleLevel::NO_THROTTLE)'; 'distributed_norm_stage': 'DistributedLayerNormStage::NOT_DISTRIBUTED'; 'dtype': 'std::nullopt'; 'eps': '1e-06'; 'fused_activation': 'std::nullopt'; 'norm_type': 'LayerNormType::RMSNORM'; 'output_mem_config': 'MemoryConfig(memory_layout=TensorMemoryLayout::INTERLEAVED;buffer_type=BufferType::DRAM;shard_spec=std::nullopt;nd_shard_spec=std::nullopt;created_with_nd_shard_spec=0)'; 'program_config': 'LayerNormDefaultProgramConfig(legacy_reduction=0;legacy_rsqrt=0;use_welford=0)'},HiFi4,32,110,,,17294640887,17294643923,3036,4142424110401,4142424160882,216603,216603,37393,36475,36475,,,,310,36475,23877,35555,35502,35876,,,,,,1[1],32[32],32[1],2048[2048],TILE,BFLOAT16,DEV_0_DRAM_INTERLEAVED,1[1],1[1],32[1],2048[2048],TILE,BFLOAT16,DEV_0_DRAM_INTERLEAVED,,,,,,,,,,,,,,,,,,,,,,1[1],32[32],32[1],2048[2048],TILE,BFLOAT16,DEV_0_DRAM_INTERLEAVED,,,,,,,,,,,,,,,0,2,['ttnn/cpp/ttnn/operations/normalization/layernorm/device/kernels/compute/layernorm.cpp'],['layernorm/2715421386497350779/'],['ttnn/cpp/ttnn/operations/normalization/layernorm/device/kernels/dataflow/writer_unary_interleaved_start_id_blocked.cpp'; 'ttnn/cpp/ttnn/operations/normalization/layernorm/device/kernels/dataflow/reader_unary_interleaved_ln.cpp'],['writer_unary_interleaved_start_id_blocked/7143009526625848983/'; 'reader_unary_interleaved_ln/11410384521337529621/'],13520920397497685244,False,812,1684,3388,2536,3388,0,0,0,0,1,1,1,[],[],0.003,,,,,,,3036
ReshapeViewDeviceOperation,tt_dnn_device,50179,3,blackhole,{'logical_output_shape': 'Shape([1; 32; 2048])'; 'output_mem_config': 'MemoryConfig(memory_layout=TensorMemoryLayout::INTERLEAVED;buffer_type=BufferType::DRAM;shard_spec=std::nullopt;nd_shard_spec=std::nullopt;created_with_nd_shard_spec=0)'; 'padded_output_shape': 'Shape([1; 32; 2048])'; 'recreate_mapping_tensor': 'false'; 'sub_core_grid': 'std::nullopt'},,64,110,,,17294701463,17294703056,1593,4142424117661,4142424190214,592,592,53743,21141,21141,,,,130,21141,20677,,,,,,,,,1[1],32[32],32[1],2048[2048],TILE,BFLOAT16,DEV_0_DRAM_INTERLEAVED,,,,,,,,,,,,,,,,,,,,,,,,,,,,,1[1],1[1],32[32],2048[2048],TILE,BFLOAT16,DEV_0_DRAM_INTERLEAVED,,,,,,,,,,,,,,,0,2,[],[],['ttnn/cpp/ttnn/operations/data_movement/reshape_view/device/device/dataflow/writer_reshape_tiled.cpp'; 'ttnn/cpp/ttnn/operations/data_movement/reshape_view/device/device/dataflow/reader_reshape_tiled.cpp'],['writer_reshape_tiled/4267096035403228190/'; 'reader_reshape_tiled/11173047033745705692/'],2479539830318309128,False,1756,980,0,0,0,0,0,0,0,1,1,1,[],[],0.005,,,,,,,1593
InterleavedToShardedDeviceOperation,tt_dnn_device,51203,3,blackhole,"{'keep_l1_aligned': 'false'; 'output_dtype': 'DataType::BFLOAT16'; 'output_mem_config': 'MemoryConfig(memory_layout=TensorMemoryLayout::WIDTH_SHARDED;buffer_type=BufferType::L1;shard_spec=ShardSpec{grid=[{""start"":{""x"":0;""y"":0};""end"":{""x"":10;""y"":4}; {""start"":{""x"":0;""y"":5};""end"":{""x"":8;""y"":5}]; shape=[32; 32]; orientation=ShardOrientation::ROW_MAJOR};nd_shard_spec=std::nullopt;created_with_nd_shard_spec=0)'}",,64,110,,,17294783880,17294786204,2324,4142424162675,4142424193043,504,504,22495,1584,1584,,,,1133,1583,1570,,,,,,,,,1[1],1[1],32[32],2048[2048],TILE,BFLOAT16,DEV_0_DRAM_INTERLEAVED,,,,,,,,,,,,,,,,,,,,,,,,,,,,,1[1],1[1],32[32],2048[2048],TILE,BFLOAT16,DEV_0_L1_WIDTH_SHARDED,,,,,,,,,,,,,,,0,2,[],[],['ttnn/cpp/ttnn/operations/data_movement/sharded/device/kernels/dataflow/writer_unary_sharded.cpp'; 'ttnn/cpp/ttnn/operations/data_movement/sharded/device/kernels/dataflow/reader_unary_sharded_blocks_interleaved_start_id.cpp'],['writer_unary_sharded/8354490188168529288/'; 'reader_unary_sharded_blocks_interleaved_start_id/13152932012666784011/'],13467495716338696620,False,384,876,0,0,0,0,0,0,0,1,1,1,[],[],0.063,,,,,,,2324
MatmulDeviceOperation,tt_dnn_device,52227,3,blackhole,"{'bcast_batch': 'true'; 'compute_kernel_config': 'ComputeKernelConfig(math_fidelity=LoFi;math_approx_mode=0;fp32_dest_acc_en=0;packer_l1_acc=1;dst_full_sync_en=0;throttle_level=ThrottleLevel::NO_THROTTLE)'; 'global_cb': 'std::nullopt'; 'output_dtype': 'DataType::BFLOAT16'; 'output_mem_config': 'MemoryConfig(memory_layout=TensorMemoryLayout::WIDTH_SHARDED;buffer_type=BufferType::L1;shard_spec=ShardSpec{grid=[{""start"":{""x"":0;""y"":0};""end"":{""x"":10;""y"":6}; {""start"":{""x"":0;""y"":7};""end"":{""x"":2;""y"":7}]; shape=[32; 64]; orientation=ShardOrientation::ROW_MAJOR};nd_shard_spec=std::nullopt;created_with_nd_shard_spec=0)'; 'output_tile': 'Tile(tile_shape={32; 32};face_shape={16; 16};num_faces=4)'; 'program_config': 'MatmulMultiCoreReuseMultiCastDRAMShardedProgramConfig(in0_block_w=1;per_core_M=1;per_core_N=2;fused_activation=std::nullopt)'; 'sub_device_id': 'std::nullopt'; 'transpose_a': 'false'; 'transpose_b': 'false'; 'untilize_out': 'false'; 'user_core_coord': 'std::nullopt'; 'user_fused_activation': 'std::nullopt'; 'user_run_batched': 'false'}",LoFi,110,110,,,17294905953,17294907916,1963,4142424191930,4142424261197,510,513,51309,49983,49979,,,,1252,49956,47738,48687,48634,48890,,,,,,1[1],1[1],32[32],2048[2048],TILE,BFLOAT16,DEV_0_L1_WIDTH_SHARDED,1[1],1[1],2048[2048],5120[5120],TILE,BFLOAT8_B,DEV_0_DRAM_WIDTH_SHARDED,,,,,,,,,,,,,,,,,,,,,,1[1],1[1],32[32],5120[5120],TILE,BFLOAT16,DEV_0_L1_WIDTH_SHARDED,,,,,,,,,,,,,,,0,2,['ttnn/cpp/ttnn/operations/matmul/device/kernels/compute/bmm_large_block_zm_fused_bias_activation.cpp'],['bmm_large_block_zm_fused_bias_activation/210299265836442673/'],['ttnn/cpp/ttnn/operations/matmul/device/kernels/dataflow/reader_bmm_tile_layout_in1_sender_dram_sharded.cpp'; 'ttnn/cpp/ttnn/operations/matmul/device/kernels/dataflow/reader_bmm_tile_layout_in0_sender_dram_sharded.cpp'],['reader_bmm_tile_layout_in1_sender_dram_sharded/2065830847921050448/'; 'reader_bmm_tile_layout_in0_sender_dram_sharded/3163486512536001554/'],12296920714099552695,False,1740,1472,2284,2264,3408,0,0,0,0,19073,1104,19073,[6.872122764587402; 549.7698364257812],[17.180307388305664],2.209,,,,,,,1963
ShardedToInterleavedDeviceOperation,tt_dnn_device,53251,3,blackhole,{'num_slices': '1'; 'output_dtype': 'DataType::BFLOAT16'; 'output_mem_config': 'MemoryConfig(memory_layout=TensorMemoryLayout::INTERLEAVED;buffer_type=BufferType::DRAM;shard_spec=std::nullopt;nd_shard_spec=std::nullopt;created_with_nd_shard_spec=0)'; 'slice_index': '0'},,80,110,,,17294961168,17294963002,1834,4142424195396,4142424264060,567,567,50862,1545,1545,,,,1007,1544,924,,,,,,,,,1[1],1[1],32[32],5120[5120],TILE,BFLOAT16,DEV_0_L1_WIDTH_SHARDED,,,,,,,,,,,,,,,,,,,,,,,,,,,,,1[1],1[1],32[32],5120[5120],TILE,BFLOAT16,DEV_0_DRAM_INTERLEAVED,,,,,,,,,,,,,,,0,2,[],[],['ttnn/cpp/ttnn/operations/data_movement/sharded/device/kernels/dataflow/writer_unary_sharded_blocks_interleaved_start_id.cpp'; 'ttnn/cpp/ttnn/operations/eltwise/unary/device/kernels/dataflow/reader_unary_sharded.cpp'],['writer_unary_sharded_blocks_interleaved_start_id/5884187274843898850/'; 'reader_unary_sharded/5324219487655416857/'],17443645908441431036,False,880,404,0,0,0,0,0,0,0,1,1,1,[],[],0.065,,,,,,,1834
NLPCreateQKVHeadsDecodeDeviceOperation,tt_dnn_device,54275,3,blackhole,"{'head_dim': '128'; 'input_on_subcoregrids': 'false'; 'num_kv_heads': '4'; 'num_q_heads': '32'; 'output_mem_config': 'MemoryConfig(memory_layout=TensorMemoryLayout::HEIGHT_SHARDED;buffer_type=BufferType::L1;shard_spec=ShardSpec{grid=[{""start"":{""x"":0;""y"":0};""end"":{""x"":10;""y"":9}]; shape=[0; 0]; orientation=ShardOrientation::ROW_MAJOR};nd_shard_spec=std::nullopt;created_with_nd_shard_spec=0)'; 'overlap_qk_coregrid': 'true'; 'slice_size': 'std::nullopt'}",,32,110,,,17295032073,17295036662,4589,4142424264245,4142424300663,714,714,26976,26393,26393,,,,979,26316,26155,,,,,,,,,1[1],1[1],32[32],5120[5120],TILE,BFLOAT16,DEV_0_DRAM_INTERLEAVED,,,,,,,,,,,,,,,,,,,,,,,,,,,,,1[1],32[32],32[32],128[128],TILE,BFLOAT16,DEV_0_L1_HEIGHT_SHARDED,1[1],32[32],32[4],128[128],TILE,BFLOAT16,DEV_0_L1_HEIGHT_SHARDED,1[1],32[32],32[4],128[128],TILE,BFLOAT16,DEV_0_L1_HEIGHT_SHARDED,0,2,[],[],['ttnn/cpp/ttnn/operations/experimental/transformer/nlp_create_qkv_heads_decode/device/kernels/reader_interleaved_tm_tile_layout_nlp_create_qkv_heads_decode.cpp'],['reader_interleaved_tm_tile_layout_nlp_create_qkv_heads_decode/5824328713435979520/'],11384096169099681095,False,1624,1592,0,0,0,0,0,0,0,1,1,1,[],[],0.004,,,,,,,4589
PagedUpdateCacheDeviceOperation,tt_dnn_device,55299,3,blackhole,{'batch_offset': '0'; 'block_size_override': 'std::nullopt'; 'cache_position_modulo': 'std::nullopt'; 'compute_kernel_config': 'ComputeKernelConfig(math_fidelity=LoFi;math_approx_mode=1;fp32_dest_acc_en=0;packer_l1_acc=0;dst_full_sync_en=0;throttle_level=ThrottleLevel::NO_THROTTLE)'; 'mesh_coords': 'std::nullopt'; 'num_kv_heads_override': 'std::nullopt'; 'share_cache': 'false'; 'update_idxs': '{}'},HiFi4,32,110,,,17295081768,17295083401,1633,4142424300820,4142424309887,684,822,6716,6153,6016,,,,1222,5947,4176,5364,5287,5457,,,,,,32[32],4[4],32[32],128[128],TILE,BFLOAT8_B,DEV_0_DRAM_INTERLEAVED,1[1],32[32],32[4],128[128],TILE,BFLOAT16,DEV_0_L1_HEIGHT_SHARDED,1[1],1[1],1[1],32[32],ROW_MAJOR,INT32,DEV_0_DRAM_INTERLEAVED,1[1],1[1],32[32],1[1],ROW_MAJOR,INT32,DEV_0_DRAM_INTERLEAVED,,,,,,,,32[32],4[4],32[32],128[128],TILE,BFLOAT8_B,DEV_0_DRAM_INTERLEAVED,,,,,,,,,,,,,,,0,2,['ttnn/cpp/ttnn/operations/experimental/paged_cache/device/kernels/compute/update_cache.cpp'],['update_cache/3786271183349787049/'],['ttnn/cpp/ttnn/operations/experimental/paged_cache/device/kernels/dataflow/writer_update_cache_interleaved_start_id.cpp'; 'ttnn/cpp/ttnn/operations/experimental/paged_cache/device/kernels/dataflow/reader_update_cache_interleaved_start_id.cpp'],['writer_update_cache_interleaved_start_id/5231735904060124778/'; 'reader_update_cache_interleaved_start_id/16636840904146229965/'],17850678947177483186,False,1536,1312,2332,1760,4768,0,0,0,0,1,1,1,[],[],0.016,,,,,,,1633
PagedUpdateCacheDeviceOperation,tt_dnn_device,56323,3,blackhole,{'batch_offset': '0'; 'block_size_override': 'std::nullopt'; 'cache_position_modulo': 'std::nullopt'; 'compute_kernel_config': 'ComputeKernelConfig(math_fidelity=LoFi;math_approx_mode=1;fp32_dest_acc_en=0;packer_l1_acc=0;dst_full_sync_en=0;throttle_level=ThrottleLevel::NO_THROTTLE)'; 'mesh_coords': 'std::nullopt'; 'num_kv_heads_override': 'std::nullopt'; 'share_cache': 'false'; 'update_idxs': '{}'},HiFi4,32,110,,,17295096456,17295097147,691,4142424309807,4142424318847,607,638,6696,6034,6003,,,,1241,5993,4229,5350,5193,5516,,,,,,32[32],4[4],32[32],128[128],TILE,BFLOAT8_B,DEV_0_DRAM_INTERLEAVED,1[1],32[32],32[4],128[128],TILE,BFLOAT16,DEV_0_L1_HEIGHT_SHARDED,1[1],1[1],1[1],32[32],ROW_MAJOR,INT32,DEV_0_DRAM_INTERLEAVED,1[1],1[1],32[32],1[1],ROW_MAJOR,INT32,DEV_0_DRAM_INTERLEAVED,,,,,,,,32[32],4[4],32[32],128[128],TILE,BFLOAT8_B,DEV_0_DRAM_INTERLEAVED,,,,,,,,,,,,,,,0,2,['ttnn/cpp/ttnn/operations/experimental/paged_cache/device/kernels/compute/update_cache.cpp'],['update_cache/3786271183349787049/'],['ttnn/cpp/ttnn/operations/experimental/paged_cache/device/kernels/dataflow/writer_update_cache_interleaved_start_id.cpp'; 'ttnn/cpp/ttnn/operations/experimental/paged_cache/device/kernels/dataflow/reader_update_cache_interleaved_start_id.cpp'],['writer_update_cache_interleaved_start_id/5231735904060124778/'; 'reader_update_cache_interleaved_start_id/16636840904146229965/'],17850678947177483186,False,1536,1312,2332,1760,4768,0,0,0,0,1,1,1,[],[],0.017,,,,,,,691
SdpaDecodeDeviceOperation,tt_dnn_device,57347,3,blackhole,{'block_size_override': 'std::nullopt'; 'cache_position_modulo': 'std::nullopt'; 'compute_kernel_config': 'ComputeKernelConfig(math_fidelity=LoFi;math_approx_mode=0;fp32_dest_acc_en=0;packer_l1_acc=1;dst_full_sync_en=0;throttle_level=ThrottleLevel::NO_THROTTLE)'; 'cur_pos': '{}'; 'head_dim_v': 'std::nullopt'; 'is_causal': 'true'; 'k_chunk_size': '0'; 'num_kv_heads_override': 'std::nullopt'; 'output_mem_config': 'MemoryConfig(memory_layout=TensorMemoryLayout::INTERLEAVED;buffer_type=BufferType::DRAM;shard_spec=std::nullopt;nd_shard_spec=std::nullopt;created_with_nd_shard_spec=0)'; 'paged_attention': 'true'; 'program_config': 'SDPAProgramConfig(compute_with_storage_grid_size=8-8;sub_core_grids=std::nullopt;q_chunk_size=0;k_chunk_size=0;exp_approx_mode=0;max_cores_per_head_batch=16)'; 'scale': '0.088388346'; 'share_cache': 'std::nullopt'; 'sliding_window_size': 'std::nullopt'; 'use_mla': 'std::nullopt'},LoFi,64,110,,,17295289494,17295292009,2515,4142424312513,4142424336415,585,585,17705,12432,12432,,,,1585,12432,5825,10014,9848,10127,,,,,,1[1],32[32],32[32],128[128],TILE,BFLOAT16,DEV_0_L1_HEIGHT_SHARDED,32[32],4[4],32[32],128[128],TILE,BFLOAT8_B,DEV_0_DRAM_INTERLEAVED,32[32],4[4],32[32],128[128],TILE,BFLOAT8_B,DEV_0_DRAM_INTERLEAVED,1[1],1[1],1[1],32[32],ROW_MAJOR,INT32,DEV_0_DRAM_INTERLEAVED,1[1],1[1],32[32],1[1],ROW_MAJOR,INT32,DEV_0_DRAM_INTERLEAVED,1[1],32[32],32[32],128[128],TILE,BFLOAT16,DEV_0_DRAM_INTERLEAVED,,,,,,,,,,,,,,,0,2,['ttnn/cpp/ttnn/operations/transformer/sdpa_decode/device/kernels/compute/sdpa_flash_decode.cpp'],['sdpa_flash_decode/12550745090241879269/'],['ttnn/cpp/ttnn/operations/transformer/sdpa_decode/device/kernels/dataflow/writer_decode_all.cpp'; 'ttnn/cpp/ttnn/operations/transformer/sdpa_decode/device/kernels/dataflow/reader_decode_all.cpp'],['writer_decode_all/11795436985477260677/'; 'reader_decode_all/16097133390207400318/'],14467347661632902198,False,4976,2600,14120,14092,11548,0,0,0,0,1,1,1,[],[],0.008,,,,,,,2515
InterleavedToShardedDeviceOperation,tt_dnn_device,58371,3,blackhole,"{'keep_l1_aligned': 'false'; 'output_dtype': 'DataType::BFLOAT16'; 'output_mem_config': 'MemoryConfig(memory_layout=TensorMemoryLayout::HEIGHT_SHARDED;buffer_type=BufferType::L1;shard_spec=ShardSpec{grid=[{""start"":{""x"":0;""y"":0};""end"":{""x"":7;""y"":3}]; shape=[32; 128]; orientation=ShardOrientation::ROW_MAJOR};nd_shard_spec=std::nullopt;created_with_nd_shard_spec=0)'}",,32,110,,,17295336344,17295337977,1633,4142424335906,4142424339273,620,620,2494,1496,1496,,,,1021,1492,1483,,,,,,,,,1[1],32[32],32[32],128[128],TILE,BFLOAT16,DEV_0_DRAM_INTERLEAVED,,,,,,,,,,,,,,,,,,,,,,,,,,,,,1[1],32[32],32[32],128[128],TILE,BFLOAT16,DEV_0_L1_HEIGHT_SHARDED,,,,,,,,,,,,,,,0,2,[],[],['ttnn/cpp/ttnn/operations/data_movement/sharded/device/kernels/dataflow/writer_unary_sharded.cpp'; 'ttnn/cpp/ttnn/operations/data_movement/sharded/device/kernels/dataflow/reader_unary_sharded_blocks_interleaved_start_id.cpp'],['writer_unary_sharded/8354490188168529288/'; 'reader_unary_sharded_blocks_interleaved_start_id/10917281480853109555/'],9963275708905747149,False,384,876,0,0,0,0,0,0,0,1,1,1,[],[],0.067,,,,,,,1633
NLPConcatHeadsDecodeDeviceOperation,tt_dnn_device,59395,3,blackhole,{'num_heads': '32'; 'on_subcoregrids': 'false'; 'sub_core_grids': 'std::nullopt'},,32,110,,,17295385537,17295386920,1383,4142424338141,4142424347204,524,524,6713,5347,5347,,,,1167,5346,5072,,,,,,,,,1[1],32[32],32[32],128[128],TILE,BFLOAT16,DEV_0_L1_HEIGHT_SHARDED,,,,,,,,,,,,,,,,,,,,,,,,,,,,,1[1],1[1],32[32],4096[4096],TILE,BFLOAT16,DEV_0_L1_WIDTH_SHARDED,,,,,,,,,,,,,,,0,2,[],[],['ttnn/cpp/ttnn/operations/experimental/transformer/nlp_concat_heads_decode/device/kernels/dataflow/reader_tm_tile_layout_nlp_concat_heads_decode.cpp'],['reader_tm_tile_layout_nlp_concat_heads_decode/8374737858695605044/'],538137558575981589,False,772,744,0,0,0,0,0,0,0,1,1,1,[],[],0.019,,,,,,,1383
ReshardDeviceOperation,tt_dnn_device,60419,3,blackhole,"{'output_mem_config': 'MemoryConfig(memory_layout=TensorMemoryLayout::WIDTH_SHARDED;buffer_type=BufferType::L1;shard_spec=ShardSpec{grid=[{""start"":{""x"":0;""y"":0};""end"":{""x"":10;""y"":4}; {""start"":{""x"":0;""y"":5};""end"":{""x"":8;""y"":5}]; shape=[32; 64]; orientation=ShardOrientation::ROW_MAJOR};nd_shard_spec=std::nullopt;created_with_nd_shard_spec=0)'}",,64,110,,,17295449780,17295451183,1403,4142424341038,4142424349930,591,591,6587,1424,1424,,,,1097,1140,1424,,,,,,,,,1[1],1[1],32[32],4096[4096],TILE,BFLOAT16,DEV_0_L1_WIDTH_SHARDED,,,,,,,,,,,,,,,,,,,,,,,,,,,,,1[1],1[1],32[32],4096[4096],TILE,BFLOAT16,DEV_0_L1_WIDTH_SHARDED,,,,,,,,,,,,,,,0,2,[],[],['ttnn/cpp/ttnn/operations/data_movement/sharded/device/kernels/dataflow/reshard_reader.cpp'],['reshard_reader/65709687602297981/'],14632346182569701742,False,924,912,0,0,0,0,0,0,0,1,1,1,[],[],0.07,,,,,,,1403
MatmulDeviceOperation,tt_dnn_device,61443,3,blackhole,"{'bcast_batch': 'true'; 'compute_kernel_config': 'ComputeKernelConfig(math_fidelity=LoFi;math_approx_mode=0;fp32_dest_acc_en=0;packer_l1_acc=1;dst_full_sync_en=0;throttle_level=ThrottleLevel::NO_THROTTLE)'; 'global_cb': 'std::nullopt'; 'output_dtype': 'DataType::BFLOAT16'; 'output_mem_config': 'MemoryConfig(memory_layout=TensorMemoryLayout::WIDTH_SHARDED;buffer_type=BufferType::L1;shard_spec=ShardSpec{grid=[{""start"":{""x"":0;""y"":0};""end"":{""x"":10;""y"":4}; {""start"":{""x"":0;""y"":5};""end"":{""x"":8;""y"":5}]; shape=[32; 32]; orientation=ShardOrientation::ROW_MAJOR};nd_shard_spec=std::nullopt;created_with_nd_shard_spec=0)'; 'output_tile': 'Tile(tile_shape={32; 32};face_shape={16; 16};num_faces=4)'; 'program_config': 'MatmulMultiCoreReuseMultiCastDRAMShardedProgramConfig(in0_block_w=2;per_core_M=1;per_core_N=1;fused_activation=std::nullopt)'; 'sub_device_id': 'std::nullopt'; 'transpose_a': 'false'; 'transpose_b': 'false'; 'untilize_out': 'false'; 'user_core_coord': 'std::nullopt'; 'user_fused_activation': 'std::nullopt'; 'user_run_batched': 'false'}",LoFi,110,110,,,17295548969,17295550853,1884,4142424348947,4142424415296,548,562,49147,47884,47870,,,,1235,47870,46495,46805,46816,47119,,,,,,1[1],1[1],32[32],4096[4096],TILE,BFLOAT16,DEV_0_L1_WIDTH_SHARDED,1[1],1[1],4096[4096],2048[2048],TILE,BFLOAT8_B,DEV_0_DRAM_WIDTH_SHARDED,,,,,,,,,,,,,,,,,,,,,,1[1],1[1],32[32],2048[2048],TILE,BFLOAT16,DEV_0_L1_WIDTH_SHARDED,,,,,,,,,,,,,,,0,2,['ttnn/cpp/ttnn/operations/matmul/device/kernels/compute/bmm_large_block_zm_fused_bias_activation.cpp'],['bmm_large_block_zm_fused_bias_activation/6533007026353507722/'],['ttnn/cpp/ttnn/operations/matmul/device/kernels/dataflow/reader_bmm_tile_layout_in1_sender_dram_sharded.cpp'; 'ttnn/cpp/ttnn/operations/matmul/device/kernels/dataflow/reader_bmm_tile_layout_in0_sender_dram_sharded.cpp'],['reader_bmm_tile_layout_in1_sender_dram_sharded/3145115992159780370/'; 'reader_bmm_tile_layout_in0_sender_dram_sharded/1207622848561715277/'],12780468715689912648,False,1728,1464,2224,2200,3528,0,0,0,0,15258,883,15258,[17.180757522583008; 549.7842407226562],[8.590378761291504],1.844,,,,,,,1884
ShardedToInterleavedDeviceOperation,tt_dnn_device,62467,3,blackhole,{'num_slices': '1'; 'output_dtype': 'DataType::BFLOAT16'; 'output_mem_config': 'MemoryConfig(memory_layout=TensorMemoryLayout::INTERLEAVED;buffer_type=BufferType::DRAM;shard_spec=std::nullopt;nd_shard_spec=std::nullopt;created_with_nd_shard_spec=0)'; 'slice_index': '0'},,64,110,,,17295591841,17295593003,1162,4142424355906,4142424417882,573,573,45908,1335,1335,,,,955,1335,908,,,,,,,,,1[1],1[1],32[32],2048[2048],TILE,BFLOAT16,DEV_0_L1_WIDTH_SHARDED,,,,,,,,,,,,,,,,,,,,,,,,,,,,,1[1],1[1],32[32],2048[2048],TILE,BFLOAT16,DEV_0_DRAM_INTERLEAVED,,,,,,,,,,,,,,,0,2,[],[],['ttnn/cpp/ttnn/operations/data_movement/sharded/device/kernels/dataflow/writer_unary_sharded_blocks_interleaved_start_id.cpp'; 'ttnn/cpp/ttnn/operations/eltwise/unary/device/kernels/dataflow/reader_unary_sharded.cpp'],['writer_unary_sharded_blocks_interleaved_start_id/5884187274843898850/'; 'reader_unary_sharded/5324219487655416857/'],8316028533648037522,False,880,404,0,0,0,0,0,0,0,1,1,1,[],[],0.075,,,,,,,1162
TransposeDeviceOperation,tt_dnn_device,63491,3,blackhole,{'dim': 'TransposeOpDim::HC'; 'output_mem_config': 'MemoryConfig(memory_layout=TensorMemoryLayout::INTERLEAVED;buffer_type=BufferType::DRAM;shard_spec=std::nullopt;nd_shard_spec=std::nullopt;created_with_nd_shard_spec=0)'; 'pad_value': '0'},,110,110,,,17295672675,17295674609,1934,4142424417176,4142424441339,559,559,17899,16822,16822,,,,1048,16821,2136,,,,,,,,,1[1],1[1],32[32],2048[2048],TILE,BFLOAT16,DEV_0_DRAM_INTERLEAVED,,,,,,,,,,,,,,,,,,,,,,,,,,,,,1[1],32[32],32[1],2048[2048],TILE,BFLOAT16,DEV_0_DRAM_INTERLEAVED,,,,,,,,,,,,,,,0,2,[],[],['ttnn/cpp/ttnn/operations/data_movement/transpose/device/kernels/dataflow/writer_unary_transpose_hc_interleaved_tiled_padding_aware.cpp'; 'ttnn/cpp/ttnn/operations/data_movement/transpose/device/kernels/dataflow/reader_unary_transpose_hc_interleaved_tiled_padding_aware.cpp'],['writer_unary_transpose_hc_interleaved_tiled_padding_aware/2216037895338823001/'; 'reader_unary_transpose_hc_interleaved_tiled_padding_aware/4505066741605229875/'],2360672155277259250,False,1220,740,0,0,0,0,0,0,0,13463,13463,7629,[9.735719680786133],[311.54302978515625],80.032,,,,,,,1934
ReshapeViewDeviceOperation,tt_dnn_device,64515,3,blackhole,{'logical_output_shape': 'Shape([1; 32; 2048])'; 'output_mem_config': 'MemoryConfig(memory_layout=TensorMemoryLayout::INTERLEAVED;buffer_type=BufferType::DRAM;shard_spec=std::nullopt;nd_shard_spec=std::nullopt;created_with_nd_shard_spec=0)'; 'padded_output_shape': 'Shape([1; 32; 2048])'; 'recreate_mapping_tensor': 'false'; 'sub_core_grid': 'std::nullopt'},,64,110,,,17295700258,17295701370,1112,4142424427784,4142424468863,627,627,30429,19762,19762,,,,125,19761,19315,,,,,,,,,1[1],32[32],32[1],2048[2048],TILE,BFLOAT16,DEV_0_DRAM_INTERLEAVED,,,,,,,,,,,,,,,,,,,,,,,,,,,,,1[1],1[1],32[32],2048[2048],TILE,BFLOAT16,DEV_0_DRAM_INTERLEAVED,,,,,,,,,,,,,,,0,2,[],[],['ttnn/cpp/ttnn/operations/data_movement/reshape_view/device/device/dataflow/writer_reshape_tiled.cpp'; 'ttnn/cpp/ttnn/operations/data_movement/reshape_view/device/device/dataflow/reader_reshape_tiled.cpp'],['writer_reshape_tiled/4267096035403228190/'; 'reader_reshape_tiled/11173047033745705692/'],2479539830318309128,False,1756,980,0,0,0,0,0,0,0,1,1,1,[],[],0.005,,,,,,,1112
MatmulDeviceOperation,tt_dnn_device,65539,3,blackhole,{'bcast_batch': 'true'; 'compute_kernel_config': 'ComputeKernelConfig(math_fidelity=HiFi2;math_approx_mode=0;fp32_dest_acc_en=0;packer_l1_acc=1;dst_full_sync_en=0;throttle_level=ThrottleLevel::NO_THROTTLE)'; 'global_cb': 'std::nullopt'; 'output_dtype': 'DataType::BFLOAT16'; 'output_mem_config': 'MemoryConfig(memory_layout=TensorMemoryLayout::INTERLEAVED;buffer_type=BufferType::DRAM;shard_spec=std::nullopt;nd_shard_spec=std::nullopt;created_with_nd_shard_spec=0)'; 'output_tile': 'Tile(tile_shape={32; 32};face_shape={16; 16};num_faces=4)'; 'program_config': 'MatmulMultiCoreReuseMultiCast1DProgramConfig(compute_with_storage_grid_size=11-10;in0_block_w=2;out_subblock_h=1;out_subblock_w=1;out_block_h=1;out_block_w=1;per_core_M=1;per_core_N=1;fuse_batch=0;fused_activation=std::nullopt;mcast_in0=1;gather_in0=0;hop_cores={};num_global_cb_receivers=0;untilize_out=0;allowed_worker_cores={[0-0 - 10-9]})'; 'sub_device_id': 'std::nullopt'; 'transpose_a': 'false'; 'transpose_b': 'false'; 'untilize_out': 'false'; 'user_core_coord': 'std::nullopt'; 'user_fused_activation': 'std::nullopt'; 'user_run_batched': 'false'},HiFi2,4,110,,,17295741847,17295742929,1082,4142424469590,4142424503710,973,1056,25274,24825,24742,,,,667,24641,24036,24215,24281,24247,,,,,,1[1],1[1],32[32],2048[2048],TILE,BFLOAT16,DEV_0_DRAM_INTERLEAVED,1[1],1[1],2048[2048],128[128],TILE,BFLOAT16,DEV_0_DRAM_INTERLEAVED,,,,,,,,,,,,,,,,,,,,,,1[1],1[1],32[32],128[128],TILE,BFLOAT16,DEV_0_DRAM_INTERLEAVED,,,,,,,,,,,,,,,0,2,['ttnn/cpp/ttnn/operations/matmul/device/kernels/compute/bmm_large_block_zm_fused_bias_activation.cpp'],['bmm_large_block_zm_fused_bias_activation/942525137029099931/'],['ttnn/cpp/ttnn/operations/matmul/device/kernels/dataflow/reader_bmm_tile_layout_in1_sender_writer_padding.cpp'; 'ttnn/cpp/ttnn/operations/matmul/device/kernels/dataflow/reader_bmm_tile_layout_in0_receiver.cpp'; 'ttnn/cpp/ttnn/operations/matmul/device/kernels/dataflow/reader_bmm_tile_layout_in0_sender_padding.cpp'],['reader_bmm_tile_layout_in1_sender_writer_padding/7747605843580814394/'; 'reader_bmm_tile_layout_in0_receiver/11847109078087111066/'; 'reader_bmm_tile_layout_in0_sender_padding/5402803145243945533/'],13550181154860904601,False,1556,1084,1992,1796,2344,0,0,0,0,953,56,953,[137.53619384765625; 550.144775390625],[8.596012115478516],0.226,,,,,,,1082
TopKDeviceOperation,tt_dnn_device,66563,3,blackhole,{'dim': '-1'; 'k': '32'; 'largest': 'true'; 'output_memory_config': 'MemoryConfig(memory_layout=TensorMemoryLayout::INTERLEAVED;buffer_type=BufferType::DRAM;shard_spec=std::nullopt;nd_shard_spec=std::nullopt;created_with_nd_shard_spec=0)'; 'sorted': 'true'; 'sub_core_grids': '{[0-0 - 10-9]}'},HiFi4,1,110,,,17295778206,17295782725,4519,4142424504975,4142424538893,1489,1489,25124,24583,24583,,,,195,24476,16533,23826,23854,24055,,,,,,1[1],1[1],32[32],128[128],TILE,BFLOAT16,DEV_0_DRAM_INTERLEAVED,,,,,,,,,,,,,,,,,,,,,,,,,,,,,1[1],1[1],32[32],32[32],TILE,BFLOAT16,DEV_0_DRAM_INTERLEAVED,1[1],1[1],32[32],32[32],TILE,UINT16,DEV_0_DRAM_INTERLEAVED,,,,,,,,0,2,['ttnn/cpp/ttnn/operations/reduction/topk/device/kernels/compute/topk.cpp'],['topk/8679865028900713769/'],['ttnn/cpp/ttnn/operations/reduction/topk/device/kernels/dataflow/writer_binary_interleaved.cpp'; 'ttnn/cpp/ttnn/operations/reduction/topk/device/kernels/dataflow/reader_create_index_tensor.cpp'],['writer_binary_interleaved/2668655102038004167/'; 'reader_create_index_tensor/4964966769969383863/'],7304848548387796468,False,908,948,6532,5432,4580,0,0,0,0,1,1,1,[],[],0.004,,,,,,,4519
SliceDeviceOperation,tt_dnn_device,67587,3,blackhole,{'num_devices': 'std::nullopt'; 'output_mem_config': 'MemoryConfig(memory_layout=TensorMemoryLayout::INTERLEAVED;buffer_type=BufferType::DRAM;shard_spec=std::nullopt;nd_shard_spec=std::nullopt;created_with_nd_shard_spec=0)'; 'slice_dim': 'std::nullopt'; 'slice_end': 'Shape([1; 1; 32; 32])'; 'slice_start': 'Shape([0; 0; 0; 0])'; 'step': 'Shape([1; 1; 1; 1])'; 'sub_core_grids': 'std::nullopt'; 'use_tensor_args': 'false'},,1,110,,,17295809847,17295811329,1482,4142424540371,4142424541958,1525,1525,1176,730,730,,,,81,649,537,,,,,,,,,1[1],1[1],32[32],32[32],TILE,BFLOAT16,DEV_0_DRAM_INTERLEAVED,,,,,,,,,,,,,,,,,,,,,,,,,,,,,1[1],1[1],32[32],32[32],TILE,BFLOAT16,DEV_0_DRAM_INTERLEAVED,,,,,,,,,,,,,,,0,2,[],[],['ttnn/cpp/ttnn/operations/data_movement/slice/device/kernels/dataflow/writer_unary_interleaved_start_id.cpp'; 'ttnn/cpp/ttnn/operations/data_movement/slice/device/kernels/dataflow/reader_unary_unpad_dims_interleaved_start_id.cpp'],['writer_unary_interleaved_start_id/11396476643056635318/'; 'reader_unary_unpad_dims_interleaved_start_id/15985850001773238796/'],2175142502278001220,False,680,716,0,0,0,0,0,0,0,429,429,3,[4.773892879486084],[4.773892879486084],58.767,,,,,,,1482
SliceDeviceOperation,tt_dnn_device,68611,3,blackhole,{'num_devices': 'std::nullopt'; 'output_mem_config': 'MemoryConfig(memory_layout=TensorMemoryLayout::INTERLEAVED;buffer_type=BufferType::DRAM;shard_spec=std::nullopt;nd_shard_spec=std::nullopt;created_with_nd_shard_spec=0)'; 'slice_dim': 'std::nullopt'; 'slice_end': 'Shape([1; 1; 32; 32])'; 'slice_start': 'Shape([0; 0; 0; 0])'; 'step': 'Shape([1; 1; 1; 1])'; 'sub_core_grids': 'std::nullopt'; 'use_tensor_args': 'false'},,1,110,,,17295829464,17295830496,1032,4142424543417,4142424544977,1521,1521,1156,738,738,,,,101,637,544,,,,,,,,,1[1],1[1],32[32],32[32],TILE,UINT16,DEV_0_DRAM_INTERLEAVED,,,,,,,,,,,,,,,,,,,,,,,,,,,,,1[1],1[1],32[32],32[32],TILE,UINT16,DEV_0_DRAM_INTERLEAVED,,,,,,,,,,,,,,,0,2,[],[],['ttnn/cpp/ttnn/operations/data_movement/slice/device/kernels/dataflow/writer_unary_interleaved_start_id.cpp'; 'ttnn/cpp/ttnn/operations/data_movement/slice/device/kernels/dataflow/reader_unary_unpad_dims_interleaved_start_id.cpp'],['writer_unary_interleaved_start_id/13355930290814581581/'; 'reader_unary_unpad_dims_interleaved_start_id/1108021301349754100/'],7797951684992461054,False,680,716,0,0,0,0,0,0,0,429,429,3,[4.773892879486084],[4.773892879486084],58.13,,,,,,,1032
UnaryDeviceOperation,tt_dnn_device,69635,3,blackhole,{'bfp8_pack_precise': 'false'; 'fp32_dest_acc_en': 'false'; 'memory_config': 'MemoryConfig(memory_layout=TensorMemoryLayout::INTERLEAVED;buffer_type=BufferType::DRAM;shard_spec=std::nullopt;nd_shard_spec=std::nullopt;created_with_nd_shard_spec=0)'; 'op_chain': '{BasicUnaryWithParam<float; int; unsigned int>(base=BasicUnaryWithParam<float>(op_type=UnaryOpType::SIGMOID;param={4; 0}))}'; 'output_dtype': 'DataType::BFLOAT16'; 'preserve_fp32_precision': 'false'; 'sub_core_grids': 'std::nullopt'; 'worker_grid': '{[0-0 - 10-9]}'},HiFi4,110,110,,,17295934224,17295936538,2314,4142424543652,4142424549615,518,519,4417,2910,2910,,,,1117,2909,1582,1632,2431,1320,,,,,,1[1],1[1],32[32],32[8],TILE,BFLOAT16,DEV_0_DRAM_INTERLEAVED,,,,,,,,,,,,,,,,,,,,,,,,,,,,,1[1],1[1],32[32],32[8],TILE,BFLOAT16,DEV_0_DRAM_INTERLEAVED,,,,,,,,,,,,,,,0,2,['ttnn/cpp/ttnn/operations/eltwise/unary/device/kernels/compute/eltwise_sfpu.cpp'],['eltwise_sfpu/17254425182357590235/'],['ttnn/cpp/ttnn/operations/eltwise/unary/device/kernels/dataflow/writer_unary.cpp'; 'ttnn/cpp/ttnn/operations/eltwise/unary/device/kernels/dataflow/reader_unary.cpp'],['writer_unary/17308908021593325674/'; 'reader_unary/7914283486036039746/'],1433205122739524802,False,1000,924,1060,1132,1260,0,0,0,0,1,1,1,[],[],0.034,,,,,,,2314
UnaryDeviceOperation,tt_dnn_device,70659,3,blackhole,{'bfp8_pack_precise': 'false'; 'fp32_dest_acc_en': 'false'; 'memory_config': 'MemoryConfig(memory_layout=TensorMemoryLayout::INTERLEAVED;buffer_type=BufferType::DRAM;shard_spec=std::nullopt;nd_shard_spec=std::nullopt;created_with_nd_shard_spec=0)'; 'op_chain': '{BasicUnaryWithParam<float; int; unsigned int>(base=BasicUnaryWithParam<float>(op_type=UnaryOpType::FILL;param={0}))}'; 'output_dtype': 'DataType::BFLOAT16'; 'preserve_fp32_precision': 'false'; 'sub_core_grids': 'std::nullopt'; 'worker_grid': '{[0-0 - 10-9]}'},HiFi4,110,110,,,17296018284,17296019206,922,4142424547425,4142424553035,539,539,4156,1995,1994,,,,1096,1994,1525,1577,1609,1271,,,,,,1[1],1[1],32[32],128[128],TILE,BFLOAT16,DEV_0_DRAM_INTERLEAVED,,,,,,,,,,,,,,,,,,,,,,,,,,,,,1[1],1[1],32[32],128[128],TILE,BFLOAT16,DEV_0_DRAM_INTERLEAVED,,,,,,,,,,,,,,,0,2,['ttnn/cpp/ttnn/operations/eltwise/unary/device/kernels/compute/eltwise_sfpu.cpp'],['eltwise_sfpu/14928341353554394541/'],['ttnn/cpp/ttnn/operations/eltwise/unary/device/kernels/dataflow/writer_unary.cpp'; 'ttnn/cpp/ttnn/operations/eltwise/unary/device/kernels/dataflow/reader_unary.cpp'],['writer_unary/17308908021593325674/'; 'reader_unary/7914283486036039746/'],17376454958624202605,False,1000,924,1060,856,1260,0,0,0,0,1,1,1,[],[],0.05,,,,,,,922
UntilizeDeviceOperation,tt_dnn_device,71683,3,blackhole,{'enough_space_height': 'true'; 'enough_space_width': 'true'; 'fp32_dest_acc_en': 'false'; 'output_mem_config': 'MemoryConfig(memory_layout=TensorMemoryLayout::INTERLEAVED;buffer_type=BufferType::DRAM;shard_spec=std::nullopt;nd_shard_spec=std::nullopt;created_with_nd_shard_spec=0)'; 'pf_type': '2'; 'sub_core_grids': 'std::nullopt'; 'use_multicore': 'true'},HiFi4,1,110,,,17296047259,17296049263,2004,4142424554482,4142424560253,1491,1602,4275,3860,3749,,,,204,3656,1615,1629,1792,1913,,,,,,1[1],1[1],32[32],128[128],TILE,BFLOAT16,DEV_0_DRAM_INTERLEAVED,,,,,,,,,,,,,,,,,,,,,,,,,,,,,1[1],1[1],32[32],128[128],ROW_MAJOR,BFLOAT16,DEV_0_DRAM_INTERLEAVED,,,,,,,,,,,,,,,0,2,['ttnn/cpp/ttnn/operations/data_movement/untilize/device/kernels/compute/untilize_variable_num_blocks.cpp'],['untilize_variable_num_blocks/5225429762567392534/'],['ttnn/cpp/ttnn/operations/data_movement/untilize/device/kernels/dataflow/writer_unary_stick_layout_split_rows_multi_core.cpp'; 'ttnn/cpp/ttnn/operations/data_movement/untilize/device/kernels/dataflow/reader_unary_start_id.cpp'],['writer_unary_stick_layout_split_rows_multi_core/90896511080821434/'; 'reader_unary_start_id/9088430955735964568/'],10491042520524766586,False,1276,624,1168,964,2680,0,0,0,0,724,724,14,[11.31491756439209],[11.31491756439209],18.756,,,,,,,2004
UntilizeWithUnpaddingDeviceOperation,tt_dnn_device,72707,3,blackhole,{'enough_space_height': 'true'; 'fp32_dest_acc_en': 'false'; 'output_mem_config': 'MemoryConfig(memory_layout=TensorMemoryLayout::INTERLEAVED;buffer_type=BufferType::DRAM;shard_spec=std::nullopt;nd_shard_spec=std::nullopt;created_with_nd_shard_spec=0)'; 'output_tensor_end': 'Shape([31; 7])'; 'sub_core_grids': 'std::nullopt'; 'use_multicore': 'true'},HiFi4,1,110,,,17296074291,17296076345,2054,4142424561700,4142424575111,1485,1592,9934,9516,9408,,,,192,9324,479,500,125,667,,,,,,1[1],1[1],32[32],32[8],TILE,UINT16,DEV_0_DRAM_INTERLEAVED,,,,,,,,,,,,,,,,,,,,,,,,,,,,,1[1],1[1],32[32],8[8],ROW_MAJOR,UINT16,DEV_0_DRAM_INTERLEAVED,,,,,,,,,,,,,,,0,2,['ttnn/cpp/ttnn/operations/data_movement/untilize/device/kernels/compute/untilize.cpp'],['untilize/14659225964938679449/'],['ttnn/cpp/ttnn/operations/data_movement/untilize_with_unpadding/device/kernels/dataflow/writer_unary_stick_layout_split_rows_multicore.cpp'; 'ttnn/cpp/ttnn/operations/eltwise/unary/device/kernels/dataflow/reader_unary_interleaved_start_id.cpp'],['writer_unary_stick_layout_split_rows_multicore/4720355238896889287/'; 'reader_unary_interleaved_start_id/9735162635154385579/'],13132750209399612513,False,1564,924,1040,788,2356,0,0,0,0,1606,1606,3,[1.275217890739441],[0.31880447268486023],16.877,,,,,,,2054
UntilizeWithUnpaddingDeviceOperation,tt_dnn_device,73731,3,blackhole,{'enough_space_height': 'true'; 'fp32_dest_acc_en': 'false'; 'output_mem_config': 'MemoryConfig(memory_layout=TensorMemoryLayout::INTERLEAVED;buffer_type=BufferType::DRAM;shard_spec=std::nullopt;nd_shard_spec=std::nullopt;created_with_nd_shard_spec=0)'; 'output_tensor_end': 'Shape([31; 7])'; 'sub_core_grids': 'std::nullopt'; 'use_multicore': 'true'},HiFi4,1,110,,,17296092947,17296093688,741,4142424576568,4142424589984,1512,1609,9938,9508,9411,,,,178,9330,481,499,127,669,,,,,,1[1],1[1],32[32],32[8],TILE,BFLOAT16,DEV_0_DRAM_INTERLEAVED,,,,,,,,,,,,,,,,,,,,,,,,,,,,,1[1],1[1],32[32],8[8],ROW_MAJOR,BFLOAT16,DEV_0_DRAM_INTERLEAVED,,,,,,,,,,,,,,,0,2,['ttnn/cpp/ttnn/operations/data_movement/untilize/device/kernels/compute/untilize.cpp'],['untilize/4715010967245292982/'],['ttnn/cpp/ttnn/operations/data_movement/untilize_with_unpadding/device/kernels/dataflow/writer_unary_stick_layout_split_rows_multicore.cpp'; 'ttnn/cpp/ttnn/operations/eltwise/unary/device/kernels/dataflow/reader_unary_interleaved_start_id.cpp'],['writer_unary_stick_layout_split_rows_multicore/3692805883673047670/'; 'reader_unary_interleaved_start_id/14429317243173019626/'],1350775133788877157,False,1564,924,1040,788,2352,0,0,0,0,1606,1606,3,[1.275217890739441],[0.31880447268486023],16.891,,,,,,,741
ScatterDeviceOperation,tt_dnn_device,74755,3,blackhole,{'dim': '1'; 'opt_reduction': 'ScatterReductionType::INVALID'; 'output_memory_config': 'MemoryConfig(memory_layout=TensorMemoryLayout::INTERLEAVED;buffer_type=BufferType::DRAM;shard_spec=std::nullopt;nd_shard_spec=std::nullopt;created_with_nd_shard_spec=0)'; 'sub_core_grid': 'std::nullopt'},,32,110,,,17296128575,17296130137,1562,4142424576901,4142424596143,597,597,14253,3970,3970,,,,1018,3970,3714,,,,,,,,,1[1],1[1],32[32],128[128],ROW_MAJOR,BFLOAT16,DEV_0_DRAM_INTERLEAVED,1[1],1[1],32[32],8[8],ROW_MAJOR,UINT16,DEV_0_DRAM_INTERLEAVED,1[1],1[1],32[32],8[8],ROW_MAJOR,BFLOAT16,DEV_0_DRAM_INTERLEAVED,,,,,,,,,,,,,,,1[1],1[1],32[32],128[128],ROW_MAJOR,BFLOAT16,DEV_0_DRAM_INTERLEAVED,,,,,,,,,,,,,,,0,2,[],[],['ttnn/cpp/ttnn/operations/data_movement/scatter/device/kernels/dataflow/writer_scatter.cpp'; 'ttnn/cpp/ttnn/operations/data_movement/scatter/device/kernels/dataflow/reader_scatter.cpp'],['writer_scatter/12036046600388805223/'; 'reader_scatter/13590767754617400688/'],2391787160877372169,False,792,2272,0,0,0,0,0,0,0,466,466,14,[17.57939910888672],[17.57939910888672],11.738,,,,,,,1562
TilizeDeviceOperation,tt_dnn_device,75779,3,blackhole,{'enough_space_height': 'true'; 'enough_space_width': 'true'; 'output_dtype': 'DataType::BFLOAT16'; 'output_mem_config': 'MemoryConfig(memory_layout=TensorMemoryLayout::INTERLEAVED;buffer_type=BufferType::DRAM;shard_spec=std::nullopt;nd_shard_spec=std::nullopt;created_with_nd_shard_spec=0)'; 'sub_core_grids': 'std::nullopt'; 'use_low_perf': 'false'; 'use_multicore': 'true'},HiFi4,1,110,,,17296153442,17296154734,1292,4142424597587,4142424600965,1512,1620,2502,2053,1947,,,,199,1860,1110,1170,141,1202,,,,,,1[1],1[1],32[32],128[128],ROW_MAJOR,BFLOAT16,DEV_0_DRAM_INTERLEAVED,,,,,,,,,,,,,,,,,,,,,,,,,,,,,1[1],1[1],32[32],128[128],TILE,BFLOAT16,DEV_0_DRAM_INTERLEAVED,,,,,,,,,,,,,,,0,2,['ttnn/cpp/ttnn/kernel/compute/tilize.cpp'],['tilize/9207119747511123796/'],['ttnn/cpp/ttnn/operations/eltwise/unary/device/kernels/dataflow/writer_unary_interleaved_start_id.cpp'; 'ttnn/cpp/ttnn/operations/data_movement/tilize/device/kernels/dataflow/reader_unary_stick_layout_split_rows_multicore.cpp'],['writer_unary_interleaved_start_id/12823350331057913928/'; 'reader_unary_stick_layout_split_rows_multicore/5137991844069086675/'],12990263132558414139,False,1000,860,1168,768,2012,0,0,0,0,1,1,1,[],[],0.049,,,,,,,1292
ReshapeViewDeviceOperation,tt_dnn_device,76803,3,blackhole,{'logical_output_shape': 'Shape([1; 32; 2048])'; 'output_mem_config': 'MemoryConfig(memory_layout=TensorMemoryLayout::INTERLEAVED;buffer_type=BufferType::DRAM;shard_spec=std::nullopt;nd_shard_spec=std::nullopt;created_with_nd_shard_spec=0)'; 'padded_output_shape': 'Shape([1; 32; 2048])'; 'recreate_mapping_tensor': 'false'; 'sub_core_grid': 'std::nullopt'},,64,110,,,17296177899,17296178981,1082,4142424597884,4142424628946,576,576,23009,20155,20155,,,,1045,20155,19706,,,,,,,,,1[1],32[32],32[1],2048[2048],TILE,BFLOAT16,DEV_0_DRAM_INTERLEAVED,,,,,,,,,,,,,,,,,,,,,,,,,,,,,1[1],1[1],32[32],2048[2048],TILE,BFLOAT16,DEV_0_DRAM_INTERLEAVED,,,,,,,,,,,,,,,0,2,[],[],['ttnn/cpp/ttnn/operations/data_movement/reshape_view/device/device/dataflow/writer_reshape_tiled.cpp'; 'ttnn/cpp/ttnn/operations/data_movement/reshape_view/device/device/dataflow/reader_reshape_tiled.cpp'],['writer_reshape_tiled/4267096035403228190/'; 'reader_reshape_tiled/11173047033745705692/'],2479539830318309128,False,1756,980,0,0,0,0,0,0,0,1,1,1,[],[],0.005,,,,,,,1082
RepeatDeviceOperation,tt_dnn_device,77827,3,blackhole,{'m_is_last_dim': 'false'; 'm_num_repeats': '128'; 'm_output_mem_config': 'MemoryConfig(memory_layout=TensorMemoryLayout::INTERLEAVED;buffer_type=BufferType::DRAM;shard_spec=std::nullopt;nd_shard_spec=std::nullopt;created_with_nd_shard_spec=0)'; 'm_repeat_dim': '0'; 'm_tile_higher_pages': '1'; 'm_tile_lower_pages': '64'; 'm_tile_page_size_bytes': '2048'; 'm_tile_rep_dim_pages': '1'},,110,110,,,17296244425,17296245808,1383,4142424602678,4142424765933,526,526,120930,100933,100933,,,,976,,100933,,,,,,,,,1[1],1[1],32[32],2048[2048],TILE,BFLOAT16,DEV_0_DRAM_INTERLEAVED,,,,,,,,,,,,,,,,,,,,,,,,,,,,,1[1],128[128],32[32],2048[2048],TILE,BFLOAT16,DEV_0_DRAM_INTERLEAVED,,,,,,,,,,,,,,,0,2,[],[],['ttnn/cpp/ttnn/operations/data_movement/repeat/device/kernels/repeat_higher_dim_tile.cpp'],['repeat_higher_dim_tile/1536421696644916261/'],10231590761585174598,False,0,1000,0,0,0,0,0,0,0,51380,51380,30517,[2.5510315895080566],[326.53204345703125],50.905,,,,,,,1383
MatmulDeviceOperation,tt_dnn_device,78851,3,blackhole,{'bcast_batch': 'false'; 'compute_kernel_config': 'ComputeKernelConfig(math_fidelity=HiFi2;math_approx_mode=0;fp32_dest_acc_en=0;packer_l1_acc=1;dst_full_sync_en=0;throttle_level=ThrottleLevel::NO_THROTTLE)'; 'global_cb': 'std::nullopt'; 'output_dtype': 'DataType::BFLOAT16'; 'output_mem_config': 'MemoryConfig(memory_layout=TensorMemoryLayout::INTERLEAVED;buffer_type=BufferType::DRAM;shard_spec=std::nullopt;nd_shard_spec=std::nullopt;created_with_nd_shard_spec=0)'; 'output_tile': 'Tile(tile_shape={32; 32};face_shape={16; 16};num_faces=4)'; 'program_config': 'MatmulMultiCoreReuseMultiCast1DProgramConfig(compute_with_storage_grid_size=11-10;in0_block_w=2;out_subblock_h=1;out_subblock_w=1;out_block_h=1;out_block_w=1;per_core_M=1;per_core_N=1;fuse_batch=0;fused_activation=std::nullopt;mcast_in0=1;gather_in0=0;hop_cores={};num_global_cb_receivers=0;untilize_out=0;allowed_worker_cores={[0-0 - 10-9]})'; 'sub_device_id': 'std::nullopt'; 'transpose_a': 'false'; 'transpose_b': 'false'; 'untilize_out': 'false'; 'user_core_coord': 'std::nullopt'; 'user_fused_activation': 'std::nullopt'; 'user_run_batched': 'true'},HiFi2,48,110,,,17296298809,17296299911,1102,4142424631212,4142430307949,542,543,4204990,4104652,4104651,,,,1189,4104651,4103620,4103881,4103853,4103877,,,,,,1[1],128[128],32[32],2048[2048],TILE,BFLOAT16,DEV_0_DRAM_INTERLEAVED,1[1],128[128],2048[2048],1536[1536],TILE,BFLOAT4_B,DEV_0_DRAM_INTERLEAVED,,,,,,,,,,,,,,,,,,,,,,1[1],128[128],32[32],1536[1536],TILE,BFLOAT16,DEV_0_DRAM_INTERLEAVED,,,,,,,,,,,,,,,0,2,['ttnn/cpp/ttnn/operations/matmul/device/kernels/compute/bmm_large_block_zm_fused_bias_activation.cpp'],['bmm_large_block_zm_fused_bias_activation/5465698026906302783/'],['ttnn/cpp/ttnn/operations/matmul/device/kernels/dataflow/reader_bmm_tile_layout_in1_sender_writer_padding.cpp'; 'ttnn/cpp/ttnn/operations/matmul/device/kernels/dataflow/reader_bmm_tile_layout_in0_receiver.cpp'; 'ttnn/cpp/ttnn/operations/matmul/device/kernels/dataflow/reader_bmm_tile_layout_in0_sender_padding.cpp'],['reader_bmm_tile_layout_in1_sender_writer_padding/1402418773110273793/'; 'reader_bmm_tile_layout_in0_receiver/9209625242214481634/'; 'reader_bmm_tile_layout_in0_sender_padding/17145958562874073137/'],2568911199456945908,False,1600,1124,2348,2236,2360,0,0,0,0,732421,84735,732421,[22.906518936157227; 549.7564697265625],[17.179889678955078],2.064,,,,,,,1102
SliceDeviceOperation,tt_dnn_device,79875,3,blackhole,{'num_devices': 'std::nullopt'; 'output_mem_config': 'MemoryConfig(memory_layout=TensorMemoryLayout::INTERLEAVED;buffer_type=BufferType::DRAM;shard_spec=std::nullopt;nd_shard_spec=std::nullopt;created_with_nd_shard_spec=0)'; 'slice_dim': 'std::nullopt'; 'slice_end': 'Shape([128; 32; 768])'; 'slice_start': 'Shape([0; 0; 0])'; 'step': 'Shape([1; 1; 1])'; 'sub_core_grids': 'std::nullopt'; 'use_tensor_args': 'false'},,110,110,,,17296366208,17296367450,1242,4142424767734,4142430356832,567,567,4140073,35656,35656,,,,1083,35653,35381,,,,,,,,,1[1],128[128],32[32],1536[1536],TILE,BFLOAT16,DEV_0_DRAM_INTERLEAVED,,,,,,,,,,,,,,,,,,,,,,,,,,,,,1[1],128[128],32[32],768[768],TILE,BFLOAT16,DEV_0_DRAM_INTERLEAVED,,,,,,,,,,,,,,,0,2,[],[],['ttnn/cpp/ttnn/operations/data_movement/slice/device/kernels/dataflow/writer_unary_interleaved_start_id.cpp'; 'ttnn/cpp/ttnn/operations/data_movement/slice/device/kernels/dataflow/reader_unary_unpad_dims_interleaved_start_id.cpp'],['writer_unary_interleaved_start_id/11396476643056635318/'; 'reader_unary_unpad_dims_interleaved_start_id/10579228541280834701/'],4975546075024177705,False,680,716,0,0,0,0,0,0,0,22888,19351,22888,[549.76025390625],[274.880126953125],54.271,,,,,,,1242
SliceDeviceOperation,tt_dnn_device,80899,3,blackhole,{'num_devices': 'std::nullopt'; 'output_mem_config': 'MemoryConfig(memory_layout=TensorMemoryLayout::INTERLEAVED;buffer_type=BufferType::DRAM;shard_spec=std::nullopt;nd_shard_spec=std::nullopt;created_with_nd_shard_spec=0)'; 'slice_dim': 'std::nullopt'; 'slice_end': 'Shape([128; 32; 1536])'; 'slice_start': 'Shape([0; 0; 768])'; 'step': 'Shape([1; 1; 1])'; 'sub_core_grids': 'std::nullopt'; 'use_tensor_args': 'false'},,110,110,,,17296421263,17296421744,481,4142430336297,4142430405835,587,587,51510,35711,35711,,,,1050,35710,35430,,,,,,,,,1[1],128[128],32[32],1536[1536],TILE,BFLOAT16,DEV_0_DRAM_INTERLEAVED,,,,,,,,,,,,,,,,,,,,,,,,,,,,,1[1],128[128],32[32],768[768],TILE,BFLOAT16,DEV_0_DRAM_INTERLEAVED,,,,,,,,,,,,,,,0,2,[],[],['ttnn/cpp/ttnn/operations/data_movement/slice/device/kernels/dataflow/writer_unary_interleaved_start_id.cpp'; 'ttnn/cpp/ttnn/operations/data_movement/slice/device/kernels/dataflow/reader_unary_unpad_dims_interleaved_start_id.cpp'],['writer_unary_interleaved_start_id/11396476643056635318/'; 'reader_unary_unpad_dims_interleaved_start_id/10579228541280834701/'],14535613120564166057,False,680,716,0,0,0,0,0,0,0,22888,19351,22888,[549.76025390625],[274.880126953125],54.188,,,,,,,481
UnaryDeviceOperation,tt_dnn_device,81923,3,blackhole,{'bfp8_pack_precise': 'false'; 'fp32_dest_acc_en': 'false'; 'memory_config': 'MemoryConfig(memory_layout=TensorMemoryLayout::INTERLEAVED;buffer_type=BufferType::DRAM;shard_spec=std::nullopt;nd_shard_spec=std::nullopt;created_with_nd_shard_spec=0)'; 'op_chain': '{BasicUnaryWithParam<float; int; unsigned int>(base=BasicUnaryWithParam<float>(op_type=UnaryOpType::SILU;param={}))}'; 'output_dtype': 'DataType::BFLOAT16'; 'preserve_fp32_precision': 'false'; 'sub_core_grids': 'std::nullopt'; 'worker_grid': '{[0-0 - 10-9]}'},HiFi4,110,110,,,17296500734,17296501766,1032,4142430387238,4142430476278,585,585,65956,51595,51595,,,,1075,51595,48739,48784,51243,50292,,,,,,1[1],128[128],32[32],768[768],TILE,BFLOAT16,DEV_0_DRAM_INTERLEAVED,,,,,,,,,,,,,,,,,,,,,,,,,,,,,1[1],128[128],32[32],768[768],TILE,BFLOAT16,DEV_0_DRAM_INTERLEAVED,,,,,,,,,,,,,,,0,2,['ttnn/cpp/ttnn/operations/eltwise/unary/device/kernels/compute/eltwise_sfpu.cpp'],['eltwise_sfpu/17685734430554596604/'],['ttnn/cpp/ttnn/operations/eltwise/unary/device/kernels/dataflow/writer_unary.cpp'; 'ttnn/cpp/ttnn/operations/eltwise/unary/device/kernels/dataflow/reader_unary.cpp'],['writer_unary/17308908021593325674/'; 'reader_unary/7914283486036039746/'],3057122495497861903,False,1000,924,1060,1284,1260,0,0,0,0,1,1,1,[],[],0.002,,,,,,,1032
BinaryNgDeviceOperation,tt_dnn_device,82947,3,blackhole,{'atol': '0'; 'binary_op_type': 'BinaryOpType::MUL'; 'compute_kernel_config': 'std::nullopt'; 'dtype': 'DataType::BFLOAT16'; 'equal_nan': 'false'; 'input_dtype': 'DataType::BFLOAT16'; 'input_layout_a': 'Layout::TILE'; 'input_layout_b': 'Layout::TILE'; 'is_quant_op': 'false'; 'is_sfpu': 'true'; 'is_where_op': 'false'; 'lhs_activations': '{}'; 'memory_config': 'MemoryConfig(memory_layout=TensorMemoryLayout::INTERLEAVED;buffer_type=BufferType::DRAM;shard_spec=std::nullopt;nd_shard_spec=std::nullopt;created_with_nd_shard_spec=0)'; 'output_layout': 'Layout::TILE'; 'post_activations': '{}'; 'rhs_activations': '{}'; 'rtol': '0'; 'scalar': 'std::nullopt'; 'sub_core_grids': 'std::nullopt'; 'sub_device_id': 'std::nullopt'; 'subtile_broadcast_type': 'SubtileBroadcastType::NONE'; 'worker_grid': '{[0-0 - 10-9]}'},HiFi4,110,110,,,17296594583,17296596066,1483,4142430445491,4142430541026,587,589,70767,47373,47372,,,,1053,47372,46225,46288,47046,46463,,,,,,1[1],128[128],32[32],768[768],TILE,BFLOAT16,DEV_0_DRAM_INTERLEAVED,1[1],128[128],32[32],768[768],TILE,BFLOAT16,DEV_0_DRAM_INTERLEAVED,,,,,,,,,,,,,,,,,,,,,,1[1],128[128],32[32],768[768],TILE,BFLOAT16,DEV_0_DRAM_INTERLEAVED,,,,,,,,,,,,,,,0,2,['ttnn/cpp/ttnn/operations/eltwise/binary_ng/device/kernels/compute/eltwise_binary_sfpu_no_bcast.cpp'],['eltwise_binary_sfpu_no_bcast/5506180665876100763/'],['ttnn/cpp/ttnn/operations/eltwise/binary_ng/device/kernels_ng/dataflow/writer_interleaved_no_bcast.cpp'; 'ttnn/cpp/ttnn/operations/eltwise/binary_ng/device/kernels_ng/dataflow/reader_interleaved_no_bcast.cpp'],['writer_interleaved_no_bcast/13786176872452774081/'; 'reader_interleaved_no_bcast/13696495097517312790/'],1543498124224426579,False,1120,1644,1456,1200,1292,0,0,0,0,1,1,1,[],[],0.002,,,,,,,1483
MatmulDeviceOperation,tt_dnn_device,83971,3,blackhole,{'bcast_batch': 'false'; 'compute_kernel_config': 'ComputeKernelConfig(math_fidelity=HiFi2;math_approx_mode=0;fp32_dest_acc_en=0;packer_l1_acc=1;dst_full_sync_en=0;throttle_level=ThrottleLevel::NO_THROTTLE)'; 'global_cb': 'std::nullopt'; 'output_dtype': 'DataType::BFLOAT16'; 'output_mem_config': 'MemoryConfig(memory_layout=TensorMemoryLayout::INTERLEAVED;buffer_type=BufferType::DRAM;shard_spec=std::nullopt;nd_shard_spec=std::nullopt;created_with_nd_shard_spec=0)'; 'output_tile': 'Tile(tile_shape={32; 32};face_shape={16; 16};num_faces=4)'; 'program_config': 'MatmulMultiCoreReuseMultiCast1DProgramConfig(compute_with_storage_grid_size=11-10;in0_block_w=2;out_subblock_h=1;out_subblock_w=1;out_block_h=1;out_block_w=1;per_core_M=1;per_core_N=1;fuse_batch=0;fused_activation=std::nullopt;mcast_in0=1;gather_in0=0;hop_cores={};num_global_cb_receivers=0;untilize_out=0;allowed_worker_cores={[0-0 - 10-9]})'; 'sub_device_id': 'std::nullopt'; 'transpose_a': 'false'; 'transpose_b': 'false'; 'untilize_out': 'false'; 'user_core_coord': 'std::nullopt'; 'user_fused_activation': 'std::nullopt'; 'user_run_batched': 'true'},HiFi2,64,110,,,17296640421,17296641282,861,4142430524523,4142432859336,486,487,1729491,1716767,1716766,,,,1240,1716764,1715489,1715736,1715693,1715721,,,,,,1[1],128[128],32[32],768[768],TILE,BFLOAT16,DEV_0_DRAM_INTERLEAVED,1[1],128[128],768[768],2048[2048],TILE,BFLOAT4_B,DEV_0_DRAM_INTERLEAVED,,,,,,,,,,,,,,,,,,,,,,1[1],128[128],32[32],2048[2048],TILE,BFLOAT16,DEV_0_DRAM_INTERLEAVED,,,,,,,,,,,,,,,0,2,['ttnn/cpp/ttnn/operations/matmul/device/kernels/compute/bmm_large_block_zm_fused_bias_activation.cpp'],['bmm_large_block_zm_fused_bias_activation/5367523858612217209/'],['ttnn/cpp/ttnn/operations/matmul/device/kernels/dataflow/reader_bmm_tile_layout_in1_sender_writer_padding.cpp'; 'ttnn/cpp/ttnn/operations/matmul/device/kernels/dataflow/reader_bmm_tile_layout_in0_receiver.cpp'; 'ttnn/cpp/ttnn/operations/matmul/device/kernels/dataflow/reader_bmm_tile_layout_in0_sender_padding.cpp'],['reader_bmm_tile_layout_in1_sender_writer_padding/15419585538510865417/'; 'reader_bmm_tile_layout_in0_receiver/1769695620188288515/'; 'reader_bmm_tile_layout_in0_sender_padding/7473848797589761855/'],6790566937491715914,False,1584,1104,2336,2248,2360,0,0,0,0,366210,42368,366210,[17.179912567138672; 549.7572021484375],[45.81310272216797],2.468,,,,,,,861
TransposeDeviceOperation,tt_dnn_device,84995,3,blackhole,{'dim': 'TransposeOpDim::WH'; 'output_mem_config': 'MemoryConfig(memory_layout=TensorMemoryLayout::INTERLEAVED;buffer_type=BufferType::DRAM;shard_spec=std::nullopt;nd_shard_spec=std::nullopt;created_with_nd_shard_spec=0)'; 'pad_value': '0'},HiFi4,110,110,,,17296693833,17296698171,4338,4142430542764,4142432862136,584,584,1718053,1507,1506,,,,1158,1503,1090,1281,1054,1236,,,,,,1[1],1[1],32[32],128[128],TILE,BFLOAT16,DEV_0_DRAM_INTERLEAVED,,,,,,,,,,,,,,,,,,,,,,,,,,,,,1[1],1[1],128[128],32[32],TILE,BFLOAT16,DEV_0_DRAM_INTERLEAVED,,,,,,,,,,,,,,,0,2,['ttnn/cpp/ttnn/operations/data_movement/transpose/device/kernels/compute/transpose_wh.cpp'],['transpose_wh/6148515967295005335/'],['ttnn/cpp/ttnn/operations/eltwise/unary/device/kernels/dataflow/writer_unary_interleaved_start_id.cpp'; 'ttnn/cpp/ttnn/operations/data_movement/transpose/device/kernels/dataflow/reader_unary_transpose_wh_interleaved_start_id.cpp'],['writer_unary_interleaved_start_id/12823350331057913928/'; 'reader_unary_transpose_wh_interleaved_start_id/12549895365772018052/'],12057049319055176718,False,1000,732,1104,736,1292,0,0,0,0,466,466,14,[17.57939910888672],[17.57939910888672],30.922,,,,,,,4338
ReshapeViewDeviceOperation,tt_dnn_device,86019,3,blackhole,{'logical_output_shape': 'Shape([128; 32; 1])'; 'output_mem_config': 'MemoryConfig(memory_layout=TensorMemoryLayout::INTERLEAVED;buffer_type=BufferType::DRAM;shard_spec=std::nullopt;nd_shard_spec=std::nullopt;created_with_nd_shard_spec=0)'; 'padded_output_shape': 'Shape([128; 32; 32])'; 'recreate_mapping_tensor': 'false'; 'sub_core_grid': 'std::nullopt'},,110,110,,,17296743177,17296744399,1222,4142432861888,4142432873868,492,492,8874,8197,8197,,,,1141,8196,6328,,,,,,,,,1[1],1[1],128[128],32[32],TILE,BFLOAT16,DEV_0_DRAM_INTERLEAVED,,,,,,,,,,,,,,,,,,,,,,,,,,,,,1[1],128[128],32[32],32[1],TILE,BFLOAT16,DEV_0_DRAM_INTERLEAVED,,,,,,,,,,,,,,,0,2,[],[],['ttnn/cpp/ttnn/operations/data_movement/reshape_view/device/device/dataflow/writer_reshape_tiled.cpp'; 'ttnn/cpp/ttnn/operations/data_movement/reshape_view/device/device/dataflow/reader_reshape_tiled.cpp'],['writer_reshape_tiled/1693800358885868375/'; 'reader_reshape_tiled/9211947847981769172/'],5466507786043548344,False,1756,980,0,0,0,0,0,0,0,1,1,1,[],[],0.012,,,,,,,1222
BinaryNgDeviceOperation,tt_dnn_device,87043,3,blackhole,{'atol': '0'; 'binary_op_type': 'BinaryOpType::MUL'; 'compute_kernel_config': 'std::nullopt'; 'dtype': 'DataType::BFLOAT16'; 'equal_nan': 'false'; 'input_dtype': 'DataType::BFLOAT16'; 'input_layout_a': 'Layout::TILE'; 'input_layout_b': 'Layout::TILE'; 'is_quant_op': 'false'; 'is_sfpu': 'true'; 'is_where_op': 'false'; 'lhs_activations': '{}'; 'memory_config': 'MemoryConfig(memory_layout=TensorMemoryLayout::INTERLEAVED;buffer_type=BufferType::DRAM;shard_spec=std::nullopt;nd_shard_spec=std::nullopt;created_with_nd_shard_spec=0)'; 'output_layout': 'Layout::TILE'; 'post_activations': '{}'; 'rhs_activations': '{}'; 'rtol': '0'; 'scalar': 'std::nullopt'; 'sub_core_grids': 'std::nullopt'; 'sub_device_id': 'std::nullopt'; 'subtile_broadcast_type': 'SubtileBroadcastType::COL_B'; 'worker_grid': '{[0-0 - 10-9]}'},HiFi4,110,110,,,17296829341,17296830273,932,4142432868777,4142432998498,457,457,96090,91859,91859,,,,1247,91859,90145,90383,91457,90867,,,,,,1[1],128[128],32[32],2048[2048],TILE,BFLOAT16,DEV_0_DRAM_INTERLEAVED,1[1],128[128],32[32],32[1],TILE,BFLOAT16,DEV_0_DRAM_INTERLEAVED,,,,,,,,,,,,,,,,,,,,,,1[1],128[128],32[32],2048[2048],TILE,BFLOAT16,DEV_0_DRAM_INTERLEAVED,,,,,,,,,,,,,,,0,2,['ttnn/cpp/ttnn/operations/eltwise/binary_ng/device/kernels_ng/compute/eltwise_binary_sfpu_col_bcast.cpp'],['eltwise_binary_sfpu_col_bcast/9755331561266870884/'],['ttnn/cpp/ttnn/operations/eltwise/binary_ng/device/kernels_ng/dataflow/writer_interleaved_no_bcast.cpp'; 'ttnn/cpp/ttnn/operations/eltwise/binary_ng/device/kernels_ng/dataflow/reader_interleaved_col_bcast.cpp'],['writer_interleaved_no_bcast/16082081782850918657/'; 'reader_interleaved_col_bcast/15437325216577131164/'],709454548278692269,False,1120,1616,3516,2544,4560,0,0,0,0,1,1,1,[],[],0.001,,,,,,,932
FastReduceNCDeviceOperation,tt_dnn_device,88067,3,blackhole,{'compute_kernel_config': 'ComputeKernelConfig(math_fidelity=HiFi4;math_approx_mode=0;fp32_dest_acc_en=1;packer_l1_acc=0;dst_full_sync_en=0;throttle_level=ThrottleLevel::NO_THROTTLE)'; 'dim': '0'; 'output_dtype': 'std::nullopt'; 'output_mem_config': 'MemoryConfig(memory_layout=TensorMemoryLayout::INTERLEAVED;buffer_type=BufferType::DRAM;shard_spec=std::nullopt;nd_shard_spec=std::nullopt;created_with_nd_shard_spec=0)'; 'sub_core_grids': 'std::nullopt'},HiFi4,64,110,,,17296871521,17296872984,1463,4142432955223,4142433065893,584,585,81978,49344,49343,,,,179,49342,48807,48960,48241,521,,,,,,1[1],128[128],32[32],2048[2048],TILE,BFLOAT16,DEV_0_DRAM_INTERLEAVED,,,,,,,,,,,,,,,,,,,,,,,,,,,,,1[1],1[1],32[32],2048[2048],TILE,BFLOAT16,DEV_0_DRAM_INTERLEAVED,,,,,,,,,,,,,,,0,2,['ttnn/cpp/ttnn/operations/experimental/reduction/fast_reduce_nc/device/kernels/reduce_nc.cpp'],['reduce_nc/15517094258136700099/'],['ttnn/cpp/ttnn/operations/experimental/reduction/fast_reduce_nc/device/kernels/writer_reduce_nc.cpp'; 'ttnn/cpp/ttnn/operations/experimental/reduction/fast_reduce_nc/device/kernels/reader_reduce_nc.cpp'],['writer_reduce_nc/5261097171432542084/'; 'reader_reduce_nc/11179432673682079788/'],14727107662073315946,False,644,1148,1388,916,1800,0,0,0,0,1,1,1,[],[],0.002,,,,,,,1463
ReshapeViewDeviceOperation,tt_dnn_device,89091,3,blackhole,{'logical_output_shape': 'Shape([32; 1; 2048])'; 'output_mem_config': 'MemoryConfig(memory_layout=TensorMemoryLayout::INTERLEAVED;buffer_type=BufferType::DRAM;shard_spec=std::nullopt;nd_shard_spec=std::nullopt;created_with_nd_shard_spec=0)'; 'padded_output_shape': 'Shape([32; 32; 2048])'; 'recreate_mapping_tensor': 'false'; 'sub_core_grid': 'std::nullopt'},,110,110,,,17296914053,17296914674,621,4142433000375,4142433105106,500,500,77579,28547,28547,,,,1187,28546,28069,,,,,,,,,1[1],1[1],32[32],2048[2048],TILE,BFLOAT16,DEV_0_DRAM_INTERLEAVED,,,,,,,,,,,,,,,,,,,,,,,,,,,,,1[1],32[32],32[1],2048[2048],TILE,BFLOAT16,DEV_0_DRAM_INTERLEAVED,,,,,,,,,,,,,,,0,2,[],[],['ttnn/cpp/ttnn/operations/data_movement/reshape_view/device/device/dataflow/writer_reshape_tiled.cpp'; 'ttnn/cpp/ttnn/operations/data_movement/reshape_view/device/device/dataflow/reader_reshape_tiled.cpp'],['writer_reshape_tiled/3733057082630162122/'; 'reader_reshape_tiled/5592824073543797737/'],868393554501740704,False,1740,980,0,0,0,0,0,0,0,1,1,1,[],[],0.004,,,,,,,621
BinaryNgDeviceOperation,tt_dnn_device,90115,3,blackhole,{'atol': '0'; 'binary_op_type': 'BinaryOpType::ADD'; 'compute_kernel_config': 'std::nullopt'; 'dtype': 'DataType::BFLOAT16'; 'equal_nan': 'false'; 'input_dtype': 'DataType::BFLOAT16'; 'input_layout_a': 'Layout::TILE'; 'input_layout_b': 'Layout::TILE'; 'is_quant_op': 'false'; 'is_sfpu': 'false'; 'is_where_op': 'false'; 'lhs_activations': '{}'; 'memory_config': 'MemoryConfig(memory_layout=TensorMemoryLayout::INTERLEAVED;buffer_type=BufferType::DRAM;shard_spec=std::nullopt;nd_shard_spec=std::nullopt;created_with_nd_shard_spec=0)'; 'output_layout': 'Layout::TILE'; 'post_activations': '{}'; 'rhs_activations': '{}'; 'rtol': '0'; 'scalar': 'std::nullopt'; 'sub_core_grids': 'std::nullopt'; 'sub_device_id': 'std::nullopt'; 'subtile_broadcast_type': 'SubtileBroadcastType::NONE'; 'worker_grid': '{[0-0 - 10-9]}'},HiFi4,110,110,,,17296997642,17296998413,771,4142433101672,4142433145664,480,480,32587,29559,29559,,,,1207,29556,29138,29150,26627,28701,,,,,,1[1],32[32],32[1],2048[2048],TILE,BFLOAT16,DEV_0_DRAM_INTERLEAVED,1[1],32[32],32[1],2048[2048],TILE,BFLOAT16,DEV_0_DRAM_INTERLEAVED,,,,,,,,,,,,,,,,,,,,,,1[1],32[32],32[1],2048[2048],TILE,BFLOAT16,DEV_0_DRAM_INTERLEAVED,,,,,,,,,,,,,,,0,2,['ttnn/cpp/ttnn/operations/eltwise/binary_ng/device/kernels/compute/eltwise_binary_no_bcast.cpp'],['eltwise_binary_no_bcast/7702167649156508193/'],['ttnn/cpp/ttnn/operations/eltwise/binary_ng/device/kernels_ng/dataflow/writer_interleaved_no_bcast.cpp'; 'ttnn/cpp/ttnn/operations/eltwise/binary_ng/device/kernels_ng/dataflow/reader_interleaved_no_bcast.cpp'],['writer_interleaved_no_bcast/13786176872452774081/'; 'reader_interleaved_no_bcast/13696495097517312790/'],1295168523863076379,False,1120,1644,1308,768,1292,0,0,0,0,1,1,1,[],[],0.003,,,,,,,771
BinaryNgDeviceOperation,tt_dnn_device,91139,3,blackhole,{'atol': '0'; 'binary_op_type': 'BinaryOpType::ADD'; 'compute_kernel_config': 'std::nullopt'; 'dtype': 'DataType::BFLOAT16'; 'equal_nan': 'false'; 'input_dtype': 'DataType::BFLOAT16'; 'input_layout_a': 'Layout::TILE'; 'input_layout_b': 'Layout::TILE'; 'is_quant_op': 'false'; 'is_sfpu': 'false'; 'is_where_op': 'false'; 'lhs_activations': '{}'; 'memory_config': 'MemoryConfig(memory_layout=TensorMemoryLayout::INTERLEAVED;buffer_type=BufferType::DRAM;shard_spec=std::nullopt;nd_shard_spec=std::nullopt;created_with_nd_shard_spec=0)'; 'output_layout': 'Layout::TILE'; 'post_activations': '{}'; 'rhs_activations': '{}'; 'rtol': '0'; 'scalar': 'std::nullopt'; 'sub_core_grids': 'std::nullopt'; 'sub_device_id': 'std::nullopt'; 'subtile_broadcast_type': 'SubtileBroadcastType::NONE'; 'worker_grid': '{[0-0 - 10-9]}'},HiFi4,110,110,,,17297035083,17297035785,702,4142433132353,4142433185302,526,528,39221,28837,28835,,,,1156,28835,28421,28445,26668,27991,,,,,,1[1],32[32],32[1],2048[2048],TILE,BFLOAT16,DEV_0_DRAM_INTERLEAVED,1[1],32[32],32[1],2048[2048],TILE,BFLOAT16,DEV_0_DRAM_INTERLEAVED,,,,,,,,,,,,,,,,,,,,,,1[1],32[32],32[1],2048[2048],TILE,BFLOAT16,DEV_0_DRAM_INTERLEAVED,,,,,,,,,,,,,,,0,2,['ttnn/cpp/ttnn/operations/eltwise/binary_ng/device/kernels/compute/eltwise_binary_no_bcast.cpp'],['eltwise_binary_no_bcast/7702167649156508193/'],['ttnn/cpp/ttnn/operations/eltwise/binary_ng/device/kernels_ng/dataflow/writer_interleaved_no_bcast.cpp'; 'ttnn/cpp/ttnn/operations/eltwise/binary_ng/device/kernels_ng/dataflow/reader_interleaved_no_bcast.cpp'],['writer_interleaved_no_bcast/13786176872452774081/'; 'reader_interleaved_no_bcast/13696495097517312790/'],1295168523863076379,False,1120,1644,1308,768,1292,0,0,0,0,1,1,1,[],[],0.003,,,,,,,702
PERF_DECODE_END,signpost,,,,,,,,,,17311141567,,,,,,,,,,,,,,,,,,,,,,,,,,,,,,,,,,,,,,,,,,,,,,,,,,,,,,,,,,,,,,,,,,,,,,,,,,,,,,,,,,,,,,,,,,,,,,,,,,,,,,,,,,,,,
LayerNormDeviceOperation,tt_dnn_device,49155,3,blackhole,{'compute_kernel_config': 'ComputeKernelConfig(math_fidelity=HiFi4;math_approx_mode=1;fp32_dest_acc_en=0;packer_l1_acc=0;dst_full_sync_en=0;throttle_level=ThrottleLevel::NO_THROTTLE)'; 'distributed_norm_stage': 'DistributedLayerNormStage::NOT_DISTRIBUTED'; 'dtype': 'std::nullopt'; 'eps': '1e-06'; 'fused_activation': 'std::nullopt'; 'norm_type': 'LayerNormType::RMSNORM'; 'output_mem_config': 'MemoryConfig(memory_layout=TensorMemoryLayout::INTERLEAVED;buffer_type=BufferType::DRAM;shard_spec=std::nullopt;nd_shard_spec=std::nullopt;created_with_nd_shard_spec=0)'; 'program_config': 'LayerNormDefaultProgramConfig(legacy_reduction=0;legacy_rsqrt=0;use_welford=0)'},HiFi4,32,110,,,17294640887,17294643923,3036,4142433292823,4142433344508,80568,80568,38285,37361,37359,,,,280,37356,24525,36387,36309,36687,,,,,,1[1],32[32],32[1],2048[2048],TILE,BFLOAT16,DEV_0_DRAM_INTERLEAVED,1[1],1[1],32[1],2048[2048],TILE,BFLOAT16,DEV_0_DRAM_INTERLEAVED,,,,,,,,,,,,,,,,,,,,,,1[1],32[32],32[1],2048[2048],TILE,BFLOAT16,DEV_0_DRAM_INTERLEAVED,,,,,,,,,,,,,,,0,3,['ttnn/cpp/ttnn/operations/normalization/layernorm/device/kernels/compute/layernorm.cpp'],['layernorm/2715421386497350779/'],['ttnn/cpp/ttnn/operations/normalization/layernorm/device/kernels/dataflow/writer_unary_interleaved_start_id_blocked.cpp'; 'ttnn/cpp/ttnn/operations/normalization/layernorm/device/kernels/dataflow/reader_unary_interleaved_ln.cpp'],['writer_unary_interleaved_start_id_blocked/7143009526625848983/'; 'reader_unary_interleaved_ln/11410384521337529621/'],13520920397497685244,False,812,1684,3388,2536,3388,0,0,0,0,1,1,1,[],[],0.003,,,,,,,3036
ReshapeViewDeviceOperation,tt_dnn_device,50179,3,blackhole,{'logical_output_shape': 'Shape([1; 32; 2048])'; 'output_mem_config': 'MemoryConfig(memory_layout=TensorMemoryLayout::INTERLEAVED;buffer_type=BufferType::DRAM;shard_spec=std::nullopt;nd_shard_spec=std::nullopt;created_with_nd_shard_spec=0)'; 'padded_output_shape': 'Shape([1; 32; 2048])'; 'recreate_mapping_tensor': 'false'; 'sub_core_grid': 'std::nullopt'},,64,110,,,17294701463,17294703056,1593,4142433300068,4142433373927,643,643,54710,21155,21155,,,,126,21155,20684,,,,,,,,,1[1],32[32],32[1],2048[2048],TILE,BFLOAT16,DEV_0_DRAM_INTERLEAVED,,,,,,,,,,,,,,,,,,,,,,,,,,,,,1[1],1[1],32[32],2048[2048],TILE,BFLOAT16,DEV_0_DRAM_INTERLEAVED,,,,,,,,,,,,,,,0,3,[],[],['ttnn/cpp/ttnn/operations/data_movement/reshape_view/device/device/dataflow/writer_reshape_tiled.cpp'; 'ttnn/cpp/ttnn/operations/data_movement/reshape_view/device/device/dataflow/reader_reshape_tiled.cpp'],['writer_reshape_tiled/4267096035403228190/'; 'reader_reshape_tiled/11173047033745705692/'],2479539830318309128,False,1756,980,0,0,0,0,0,0,0,1,1,1,[],[],0.005,,,,,,,1593
InterleavedToShardedDeviceOperation,tt_dnn_device,51203,3,blackhole,"{'keep_l1_aligned': 'false'; 'output_dtype': 'DataType::BFLOAT16'; 'output_mem_config': 'MemoryConfig(memory_layout=TensorMemoryLayout::WIDTH_SHARDED;buffer_type=BufferType::L1;shard_spec=ShardSpec{grid=[{""start"":{""x"":0;""y"":0};""end"":{""x"":10;""y"":4}; {""start"":{""x"":0;""y"":5};""end"":{""x"":8;""y"":5}]; shape=[32; 32]; orientation=ShardOrientation::ROW_MAJOR};nd_shard_spec=std::nullopt;created_with_nd_shard_spec=0)'}",,64,110,,,17294783880,17294786204,2324,4142433346382,4142433376747,474,474,22493,1581,1581,,,,1142,1581,1572,,,,,,,,,1[1],1[1],32[32],2048[2048],TILE,BFLOAT16,DEV_0_DRAM_INTERLEAVED,,,,,,,,,,,,,,,,,,,,,,,,,,,,,1[1],1[1],32[32],2048[2048],TILE,BFLOAT16,DEV_0_L1_WIDTH_SHARDED,,,,,,,,,,,,,,,0,3,[],[],['ttnn/cpp/ttnn/operations/data_movement/sharded/device/kernels/dataflow/writer_unary_sharded.cpp'; 'ttnn/cpp/ttnn/operations/data_movement/sharded/device/kernels/dataflow/reader_unary_sharded_blocks_interleaved_start_id.cpp'],['writer_unary_sharded/8354490188168529288/'; 'reader_unary_sharded_blocks_interleaved_start_id/13152932012666784011/'],13467495716338696620,False,384,876,0,0,0,0,0,0,0,1,1,1,[],[],0.063,,,,,,,2324
MatmulDeviceOperation,tt_dnn_device,52227,3,blackhole,"{'bcast_batch': 'true'; 'compute_kernel_config': 'ComputeKernelConfig(math_fidelity=LoFi;math_approx_mode=0;fp32_dest_acc_en=0;packer_l1_acc=1;dst_full_sync_en=0;throttle_level=ThrottleLevel::NO_THROTTLE)'; 'global_cb': 'std::nullopt'; 'output_dtype': 'DataType::BFLOAT16'; 'output_mem_config': 'MemoryConfig(memory_layout=TensorMemoryLayout::WIDTH_SHARDED;buffer_type=BufferType::L1;shard_spec=ShardSpec{grid=[{""start"":{""x"":0;""y"":0};""end"":{""x"":10;""y"":6}; {""start"":{""x"":0;""y"":7};""end"":{""x"":2;""y"":7}]; shape=[32; 64]; orientation=ShardOrientation::ROW_MAJOR};nd_shard_spec=std::nullopt;created_with_nd_shard_spec=0)'; 'output_tile': 'Tile(tile_shape={32; 32};face_shape={16; 16};num_faces=4)'; 'program_config': 'MatmulMultiCoreReuseMultiCastDRAMShardedProgramConfig(in0_block_w=1;per_core_M=1;per_core_N=2;fused_activation=std::nullopt)'; 'sub_device_id': 'std::nullopt'; 'transpose_a': 'false'; 'transpose_b': 'false'; 'untilize_out': 'false'; 'user_core_coord': 'std::nullopt'; 'user_fused_activation': 'std::nullopt'; 'user_run_batched': 'false'}",LoFi,110,110,,,17294905953,17294907916,1963,4142433375594,4142433444882,508,517,51324,49999,49990,,,,1267,49959,47779,48744,48672,48934,,,,,,1[1],1[1],32[32],2048[2048],TILE,BFLOAT16,DEV_0_L1_WIDTH_SHARDED,1[1],1[1],2048[2048],5120[5120],TILE,BFLOAT8_B,DEV_0_DRAM_WIDTH_SHARDED,,,,,,,,,,,,,,,,,,,,,,1[1],1[1],32[32],5120[5120],TILE,BFLOAT16,DEV_0_L1_WIDTH_SHARDED,,,,,,,,,,,,,,,0,3,['ttnn/cpp/ttnn/operations/matmul/device/kernels/compute/bmm_large_block_zm_fused_bias_activation.cpp'],['bmm_large_block_zm_fused_bias_activation/210299265836442673/'],['ttnn/cpp/ttnn/operations/matmul/device/kernels/dataflow/reader_bmm_tile_layout_in1_sender_dram_sharded.cpp'; 'ttnn/cpp/ttnn/operations/matmul/device/kernels/dataflow/reader_bmm_tile_layout_in0_sender_dram_sharded.cpp'],['reader_bmm_tile_layout_in1_sender_dram_sharded/2065830847921050448/'; 'reader_bmm_tile_layout_in0_sender_dram_sharded/3163486512536001554/'],12296920714099552695,False,1740,1472,2284,2264,3408,0,0,0,0,19073,1104,19073,[6.872122764587402; 549.7698364257812],[17.180307388305664],2.208,,,,,,,1963
ShardedToInterleavedDeviceOperation,tt_dnn_device,53251,3,blackhole,{'num_slices': '1'; 'output_dtype': 'DataType::BFLOAT16'; 'output_mem_config': 'MemoryConfig(memory_layout=TensorMemoryLayout::INTERLEAVED;buffer_type=BufferType::DRAM;shard_spec=std::nullopt;nd_shard_spec=std::nullopt;created_with_nd_shard_spec=0)'; 'slice_index': '0'},,80,110,,,17294961168,17294963002,1834,4142433379079,4142433447641,558,558,50787,1474,1474,,,,1008,1473,927,,,,,,,,,1[1],1[1],32[32],5120[5120],TILE,BFLOAT16,DEV_0_L1_WIDTH_SHARDED,,,,,,,,,,,,,,,,,,,,,,,,,,,,,1[1],1[1],32[32],5120[5120],TILE,BFLOAT16,DEV_0_DRAM_INTERLEAVED,,,,,,,,,,,,,,,0,3,[],[],['ttnn/cpp/ttnn/operations/data_movement/sharded/device/kernels/dataflow/writer_unary_sharded_blocks_interleaved_start_id.cpp'; 'ttnn/cpp/ttnn/operations/eltwise/unary/device/kernels/dataflow/reader_unary_sharded.cpp'],['writer_unary_sharded_blocks_interleaved_start_id/5884187274843898850/'; 'reader_unary_sharded/5324219487655416857/'],17443645908441431036,False,880,404,0,0,0,0,0,0,0,1,1,1,[],[],0.068,,,,,,,1834
NLPCreateQKVHeadsDecodeDeviceOperation,tt_dnn_device,54275,3,blackhole,"{'head_dim': '128'; 'input_on_subcoregrids': 'false'; 'num_kv_heads': '4'; 'num_q_heads': '32'; 'output_mem_config': 'MemoryConfig(memory_layout=TensorMemoryLayout::HEIGHT_SHARDED;buffer_type=BufferType::L1;shard_spec=ShardSpec{grid=[{""start"":{""x"":0;""y"":0};""end"":{""x"":10;""y"":9}]; shape=[0; 0]; orientation=ShardOrientation::ROW_MAJOR};nd_shard_spec=std::nullopt;created_with_nd_shard_spec=0)'; 'overlap_qk_coregrid': 'true'; 'slice_size': 'std::nullopt'}",,32,110,,,17295032073,17295036662,4589,4142433447886,4142433484224,755,755,26917,26327,26327,,,,979,26248,26307,,,,,,,,,1[1],1[1],32[32],5120[5120],TILE,BFLOAT16,DEV_0_DRAM_INTERLEAVED,,,,,,,,,,,,,,,,,,,,,,,,,,,,,1[1],32[32],32[32],128[128],TILE,BFLOAT16,DEV_0_L1_HEIGHT_SHARDED,1[1],32[32],32[4],128[128],TILE,BFLOAT16,DEV_0_L1_HEIGHT_SHARDED,1[1],32[32],32[4],128[128],TILE,BFLOAT16,DEV_0_L1_HEIGHT_SHARDED,0,3,[],[],['ttnn/cpp/ttnn/operations/experimental/transformer/nlp_create_qkv_heads_decode/device/kernels/reader_interleaved_tm_tile_layout_nlp_create_qkv_heads_decode.cpp'],['reader_interleaved_tm_tile_layout_nlp_create_qkv_heads_decode/5824328713435979520/'],11384096169099681095,False,1624,1592,0,0,0,0,0,0,0,1,1,1,[],[],0.004,,,,,,,4589
PagedUpdateCacheDeviceOperation,tt_dnn_device,55299,3,blackhole,{'batch_offset': '0'; 'block_size_override': 'std::nullopt'; 'cache_position_modulo': 'std::nullopt'; 'compute_kernel_config': 'ComputeKernelConfig(math_fidelity=LoFi;math_approx_mode=1;fp32_dest_acc_en=0;packer_l1_acc=0;dst_full_sync_en=0;throttle_level=ThrottleLevel::NO_THROTTLE)'; 'mesh_coords': 'std::nullopt'; 'num_kv_heads_override': 'std::nullopt'; 'share_cache': 'false'; 'update_idxs': '{}'},HiFi4,32,110,,,17295081768,17295083401,1633,4142433484203,4142433493470,573,679,6864,6290,6184,,,,1362,6081,4162,5504,5436,5617,,,,,,32[32],4[4],32[32],128[128],TILE,BFLOAT8_B,DEV_0_DRAM_INTERLEAVED,1[1],32[32],32[4],128[128],TILE,BFLOAT16,DEV_0_L1_HEIGHT_SHARDED,1[1],1[1],1[1],32[32],ROW_MAJOR,INT32,DEV_0_DRAM_INTERLEAVED,1[1],1[1],32[32],1[1],ROW_MAJOR,INT32,DEV_0_DRAM_INTERLEAVED,,,,,,,,32[32],4[4],32[32],128[128],TILE,BFLOAT8_B,DEV_0_DRAM_INTERLEAVED,,,,,,,,,,,,,,,0,3,['ttnn/cpp/ttnn/operations/experimental/paged_cache/device/kernels/compute/update_cache.cpp'],['update_cache/3786271183349787049/'],['ttnn/cpp/ttnn/operations/experimental/paged_cache/device/kernels/dataflow/writer_update_cache_interleaved_start_id.cpp'; 'ttnn/cpp/ttnn/operations/experimental/paged_cache/device/kernels/dataflow/reader_update_cache_interleaved_start_id.cpp'],['writer_update_cache_interleaved_start_id/5231735904060124778/'; 'reader_update_cache_interleaved_start_id/16636840904146229965/'],17850678947177483186,False,1536,1312,2332,1760,4768,0,0,0,0,1,1,1,[],[],0.016,,,,,,,1633
PagedUpdateCacheDeviceOperation,tt_dnn_device,56323,3,blackhole,{'batch_offset': '0'; 'block_size_override': 'std::nullopt'; 'cache_position_modulo': 'std::nullopt'; 'compute_kernel_config': 'ComputeKernelConfig(math_fidelity=LoFi;math_approx_mode=1;fp32_dest_acc_en=0;packer_l1_acc=0;dst_full_sync_en=0;throttle_level=ThrottleLevel::NO_THROTTLE)'; 'mesh_coords': 'std::nullopt'; 'num_kv_heads_override': 'std::nullopt'; 'share_cache': 'false'; 'update_idxs': '{}'},HiFi4,32,110,,,17295096456,17295097147,691,4142433493328,4142433502483,553,613,6781,6130,6070,,,,1310,6049,4135,5405,5287,5590,,,,,,32[32],4[4],32[32],128[128],TILE,BFLOAT8_B,DEV_0_DRAM_INTERLEAVED,1[1],32[32],32[4],128[128],TILE,BFLOAT16,DEV_0_L1_HEIGHT_SHARDED,1[1],1[1],1[1],32[32],ROW_MAJOR,INT32,DEV_0_DRAM_INTERLEAVED,1[1],1[1],32[32],1[1],ROW_MAJOR,INT32,DEV_0_DRAM_INTERLEAVED,,,,,,,,32[32],4[4],32[32],128[128],TILE,BFLOAT8_B,DEV_0_DRAM_INTERLEAVED,,,,,,,,,,,,,,,0,3,['ttnn/cpp/ttnn/operations/experimental/paged_cache/device/kernels/compute/update_cache.cpp'],['update_cache/3786271183349787049/'],['ttnn/cpp/ttnn/operations/experimental/paged_cache/device/kernels/dataflow/writer_update_cache_interleaved_start_id.cpp'; 'ttnn/cpp/ttnn/operations/experimental/paged_cache/device/kernels/dataflow/reader_update_cache_interleaved_start_id.cpp'],['writer_update_cache_interleaved_start_id/5231735904060124778/'; 'reader_update_cache_interleaved_start_id/16636840904146229965/'],17850678947177483186,False,1536,1312,2332,1760,4768,0,0,0,0,1,1,1,[],[],0.016,,,,,,,691
SdpaDecodeDeviceOperation,tt_dnn_device,57347,3,blackhole,{'block_size_override': 'std::nullopt'; 'cache_position_modulo': 'std::nullopt'; 'compute_kernel_config': 'ComputeKernelConfig(math_fidelity=LoFi;math_approx_mode=0;fp32_dest_acc_en=0;packer_l1_acc=1;dst_full_sync_en=0;throttle_level=ThrottleLevel::NO_THROTTLE)'; 'cur_pos': '{}'; 'head_dim_v': 'std::nullopt'; 'is_causal': 'true'; 'k_chunk_size': '0'; 'num_kv_heads_override': 'std::nullopt'; 'output_mem_config': 'MemoryConfig(memory_layout=TensorMemoryLayout::INTERLEAVED;buffer_type=BufferType::DRAM;shard_spec=std::nullopt;nd_shard_spec=std::nullopt;created_with_nd_shard_spec=0)'; 'paged_attention': 'true'; 'program_config': 'SDPAProgramConfig(compute_with_storage_grid_size=8-8;sub_core_grids=std::nullopt;q_chunk_size=0;k_chunk_size=0;exp_approx_mode=0;max_cores_per_head_batch=16)'; 'scale': '0.088388346'; 'share_cache': 'std::nullopt'; 'sliding_window_size': 'std::nullopt'; 'use_mla': 'std::nullopt'},LoFi,64,110,,,17295289494,17295292009,2515,4142433496128,4142433520158,578,599,17800,12507,12487,,,,1614,12486,5999,10084,9924,10186,,,,,,1[1],32[32],32[32],128[128],TILE,BFLOAT16,DEV_0_L1_HEIGHT_SHARDED,32[32],4[4],32[32],128[128],TILE,BFLOAT8_B,DEV_0_DRAM_INTERLEAVED,32[32],4[4],32[32],128[128],TILE,BFLOAT8_B,DEV_0_DRAM_INTERLEAVED,1[1],1[1],1[1],32[32],ROW_MAJOR,INT32,DEV_0_DRAM_INTERLEAVED,1[1],1[1],32[32],1[1],ROW_MAJOR,INT32,DEV_0_DRAM_INTERLEAVED,1[1],32[32],32[32],128[128],TILE,BFLOAT16,DEV_0_DRAM_INTERLEAVED,,,,,,,,,,,,,,,0,3,['ttnn/cpp/ttnn/operations/transformer/sdpa_decode/device/kernels/compute/sdpa_flash_decode.cpp'],['sdpa_flash_decode/12550745090241879269/'],['ttnn/cpp/ttnn/operations/transformer/sdpa_decode/device/kernels/dataflow/writer_decode_all.cpp'; 'ttnn/cpp/ttnn/operations/transformer/sdpa_decode/device/kernels/dataflow/reader_decode_all.cpp'],['writer_decode_all/11795436985477260677/'; 'reader_decode_all/16097133390207400318/'],14467347661632902198,False,4976,2600,14120,14092,11548,0,0,0,0,1,1,1,[],[],0.008,,,,,,,2515
InterleavedToShardedDeviceOperation,tt_dnn_device,58371,3,blackhole,"{'keep_l1_aligned': 'false'; 'output_dtype': 'DataType::BFLOAT16'; 'output_mem_config': 'MemoryConfig(memory_layout=TensorMemoryLayout::HEIGHT_SHARDED;buffer_type=BufferType::L1;shard_spec=ShardSpec{grid=[{""start"":{""x"":0;""y"":0};""end"":{""x"":7;""y"":3}]; shape=[32; 128]; orientation=ShardOrientation::ROW_MAJOR};nd_shard_spec=std::nullopt;created_with_nd_shard_spec=0)'}",,32,110,,,17295336344,17295337977,1633,4142433519553,4142433523037,570,570,2581,1548,1548,,,,1101,1504,1541,,,,,,,,,1[1],32[32],32[32],128[128],TILE,BFLOAT16,DEV_0_DRAM_INTERLEAVED,,,,,,,,,,,,,,,,,,,,,,,,,,,,,1[1],32[32],32[32],128[128],TILE,BFLOAT16,DEV_0_L1_HEIGHT_SHARDED,,,,,,,,,,,,,,,0,3,[],[],['ttnn/cpp/ttnn/operations/data_movement/sharded/device/kernels/dataflow/writer_unary_sharded.cpp'; 'ttnn/cpp/ttnn/operations/data_movement/sharded/device/kernels/dataflow/reader_unary_sharded_blocks_interleaved_start_id.cpp'],['writer_unary_sharded/8354490188168529288/'; 'reader_unary_sharded_blocks_interleaved_start_id/10917281480853109555/'],9963275708905747149,False,384,876,0,0,0,0,0,0,0,1,1,1,[],[],0.065,,,,,,,1633
NLPConcatHeadsDecodeDeviceOperation,tt_dnn_device,59395,3,blackhole,{'num_heads': '32'; 'on_subcoregrids': 'false'; 'sub_core_grids': 'std::nullopt'},,32,110,,,17295385537,17295386920,1383,4142433521869,4142433531341,564,564,7016,5604,5604,,,,1141,5601,5071,,,,,,,,,1[1],32[32],32[32],128[128],TILE,BFLOAT16,DEV_0_L1_HEIGHT_SHARDED,,,,,,,,,,,,,,,,,,,,,,,,,,,,,1[1],1[1],32[32],4096[4096],TILE,BFLOAT16,DEV_0_L1_WIDTH_SHARDED,,,,,,,,,,,,,,,0,3,[],[],['ttnn/cpp/ttnn/operations/experimental/transformer/nlp_concat_heads_decode/device/kernels/dataflow/reader_tm_tile_layout_nlp_concat_heads_decode.cpp'],['reader_tm_tile_layout_nlp_concat_heads_decode/8374737858695605044/'],538137558575981589,False,772,744,0,0,0,0,0,0,0,1,1,1,[],[],0.018,,,,,,,1383
ReshardDeviceOperation,tt_dnn_device,60419,3,blackhole,"{'output_mem_config': 'MemoryConfig(memory_layout=TensorMemoryLayout::WIDTH_SHARDED;buffer_type=BufferType::L1;shard_spec=ShardSpec{grid=[{""start"":{""x"":0;""y"":0};""end"":{""x"":10;""y"":4}; {""start"":{""x"":0;""y"":5};""end"":{""x"":8;""y"":5}]; shape=[32; 64]; orientation=ShardOrientation::ROW_MAJOR};nd_shard_spec=std::nullopt;created_with_nd_shard_spec=0)'}",,64,110,,,17295449780,17295451183,1403,4142433524844,4142433534084,562,562,6844,1472,1472,,,,1132,1176,1470,,,,,,,,,1[1],1[1],32[32],4096[4096],TILE,BFLOAT16,DEV_0_L1_WIDTH_SHARDED,,,,,,,,,,,,,,,,,,,,,,,,,,,,,1[1],1[1],32[32],4096[4096],TILE,BFLOAT16,DEV_0_L1_WIDTH_SHARDED,,,,,,,,,,,,,,,0,3,[],[],['ttnn/cpp/ttnn/operations/data_movement/sharded/device/kernels/dataflow/reshard_reader.cpp'],['reshard_reader/65709687602297981/'],14632346182569701742,False,924,912,0,0,0,0,0,0,0,1,1,1,[],[],0.068,,,,,,,1403
MatmulDeviceOperation,tt_dnn_device,61443,3,blackhole,"{'bcast_batch': 'true'; 'compute_kernel_config': 'ComputeKernelConfig(math_fidelity=LoFi;math_approx_mode=0;fp32_dest_acc_en=0;packer_l1_acc=1;dst_full_sync_en=0;throttle_level=ThrottleLevel::NO_THROTTLE)'; 'global_cb': 'std::nullopt'; 'output_dtype': 'DataType::BFLOAT16'; 'output_mem_config': 'MemoryConfig(memory_layout=TensorMemoryLayout::WIDTH_SHARDED;buffer_type=BufferType::L1;shard_spec=ShardSpec{grid=[{""start"":{""x"":0;""y"":0};""end"":{""x"":10;""y"":4}; {""start"":{""x"":0;""y"":5};""end"":{""x"":8;""y"":5}]; shape=[32; 32]; orientation=ShardOrientation::ROW_MAJOR};nd_shard_spec=std::nullopt;created_with_nd_shard_spec=0)'; 'output_tile': 'Tile(tile_shape={32; 32};face_shape={16; 16};num_faces=4)'; 'program_config': 'MatmulMultiCoreReuseMultiCastDRAMShardedProgramConfig(in0_block_w=2;per_core_M=1;per_core_N=1;fused_activation=std::nullopt)'; 'sub_device_id': 'std::nullopt'; 'transpose_a': 'false'; 'transpose_b': 'false'; 'untilize_out': 'false'; 'user_core_coord': 'std::nullopt'; 'user_fused_activation': 'std::nullopt'; 'user_run_batched': 'false'}",LoFi,110,110,,,17295548969,17295550853,1884,4142433533105,4142433599075,569,569,48867,47576,47576,,,,1180,47569,46221,46521,46515,46824,,,,,,1[1],1[1],32[32],4096[4096],TILE,BFLOAT16,DEV_0_L1_WIDTH_SHARDED,1[1],1[1],4096[4096],2048[2048],TILE,BFLOAT8_B,DEV_0_DRAM_WIDTH_SHARDED,,,,,,,,,,,,,,,,,,,,,,1[1],1[1],32[32],2048[2048],TILE,BFLOAT16,DEV_0_L1_WIDTH_SHARDED,,,,,,,,,,,,,,,0,3,['ttnn/cpp/ttnn/operations/matmul/device/kernels/compute/bmm_large_block_zm_fused_bias_activation.cpp'],['bmm_large_block_zm_fused_bias_activation/6533007026353507722/'],['ttnn/cpp/ttnn/operations/matmul/device/kernels/dataflow/reader_bmm_tile_layout_in1_sender_dram_sharded.cpp'; 'ttnn/cpp/ttnn/operations/matmul/device/kernels/dataflow/reader_bmm_tile_layout_in0_sender_dram_sharded.cpp'],['reader_bmm_tile_layout_in1_sender_dram_sharded/3145115992159780370/'; 'reader_bmm_tile_layout_in0_sender_dram_sharded/1207622848561715277/'],12780468715689912648,False,1728,1464,2224,2200,3528,0,0,0,0,15258,883,15258,[17.180757522583008; 549.7842407226562],[8.590378761291504],1.856,,,,,,,1884
ShardedToInterleavedDeviceOperation,tt_dnn_device,62467,3,blackhole,{'num_slices': '1'; 'output_dtype': 'DataType::BFLOAT16'; 'output_mem_config': 'MemoryConfig(memory_layout=TensorMemoryLayout::INTERLEAVED;buffer_type=BufferType::DRAM;shard_spec=std::nullopt;nd_shard_spec=std::nullopt;created_with_nd_shard_spec=0)'; 'slice_index': '0'},,64,110,,,17295591841,17295593003,1162,4142433539689,4142433601676,573,573,45916,1351,1351,,,,950,1351,907,,,,,,,,,1[1],1[1],32[32],2048[2048],TILE,BFLOAT16,DEV_0_L1_WIDTH_SHARDED,,,,,,,,,,,,,,,,,,,,,,,,,,,,,1[1],1[1],32[32],2048[2048],TILE,BFLOAT16,DEV_0_DRAM_INTERLEAVED,,,,,,,,,,,,,,,0,3,[],[],['ttnn/cpp/ttnn/operations/data_movement/sharded/device/kernels/dataflow/writer_unary_sharded_blocks_interleaved_start_id.cpp'; 'ttnn/cpp/ttnn/operations/eltwise/unary/device/kernels/dataflow/reader_unary_sharded.cpp'],['writer_unary_sharded_blocks_interleaved_start_id/5884187274843898850/'; 'reader_unary_sharded/5324219487655416857/'],8316028533648037522,False,880,404,0,0,0,0,0,0,0,1,1,1,[],[],0.074,,,,,,,1162
TransposeDeviceOperation,tt_dnn_device,63491,3,blackhole,{'dim': 'TransposeOpDim::HC'; 'output_mem_config': 'MemoryConfig(memory_layout=TensorMemoryLayout::INTERLEAVED;buffer_type=BufferType::DRAM;shard_spec=std::nullopt;nd_shard_spec=std::nullopt;created_with_nd_shard_spec=0)'; 'pad_value': '0'},,110,110,,,17295672675,17295674609,1934,4142433600941,4142433624839,552,552,17702,16610,16610,,,,1065,16608,2161,,,,,,,,,1[1],1[1],32[32],2048[2048],TILE,BFLOAT16,DEV_0_DRAM_INTERLEAVED,,,,,,,,,,,,,,,,,,,,,,,,,,,,,1[1],32[32],32[1],2048[2048],TILE,BFLOAT16,DEV_0_DRAM_INTERLEAVED,,,,,,,,,,,,,,,0,3,[],[],['ttnn/cpp/ttnn/operations/data_movement/transpose/device/kernels/dataflow/writer_unary_transpose_hc_interleaved_tiled_padding_aware.cpp'; 'ttnn/cpp/ttnn/operations/data_movement/transpose/device/kernels/dataflow/reader_unary_transpose_hc_interleaved_tiled_padding_aware.cpp'],['writer_unary_transpose_hc_interleaved_tiled_padding_aware/2216037895338823001/'; 'reader_unary_transpose_hc_interleaved_tiled_padding_aware/4505066741605229875/'],2360672155277259250,False,1220,740,0,0,0,0,0,0,0,13463,13463,7629,[9.735719680786133],[311.54302978515625],81.054,,,,,,,1934
ReshapeViewDeviceOperation,tt_dnn_device,64515,3,blackhole,{'logical_output_shape': 'Shape([1; 32; 2048])'; 'output_mem_config': 'MemoryConfig(memory_layout=TensorMemoryLayout::INTERLEAVED;buffer_type=BufferType::DRAM;shard_spec=std::nullopt;nd_shard_spec=std::nullopt;created_with_nd_shard_spec=0)'; 'padded_output_shape': 'Shape([1; 32; 2048])'; 'recreate_mapping_tensor': 'false'; 'sub_core_grid': 'std::nullopt'},,64,110,,,17295700258,17295701370,1112,4142433611474,4142433652138,621,621,30121,19600,19600,,,,125,19599,19141,,,,,,,,,1[1],32[32],32[1],2048[2048],TILE,BFLOAT16,DEV_0_DRAM_INTERLEAVED,,,,,,,,,,,,,,,,,,,,,,,,,,,,,1[1],1[1],32[32],2048[2048],TILE,BFLOAT16,DEV_0_DRAM_INTERLEAVED,,,,,,,,,,,,,,,0,3,[],[],['ttnn/cpp/ttnn/operations/data_movement/reshape_view/device/device/dataflow/writer_reshape_tiled.cpp'; 'ttnn/cpp/ttnn/operations/data_movement/reshape_view/device/device/dataflow/reader_reshape_tiled.cpp'],['writer_reshape_tiled/4267096035403228190/'; 'reader_reshape_tiled/11173047033745705692/'],2479539830318309128,False,1756,980,0,0,0,0,0,0,0,1,1,1,[],[],0.005,,,,,,,1112
MatmulDeviceOperation,tt_dnn_device,65539,3,blackhole,{'bcast_batch': 'true'; 'compute_kernel_config': 'ComputeKernelConfig(math_fidelity=HiFi2;math_approx_mode=0;fp32_dest_acc_en=0;packer_l1_acc=1;dst_full_sync_en=0;throttle_level=ThrottleLevel::NO_THROTTLE)'; 'global_cb': 'std::nullopt'; 'output_dtype': 'DataType::BFLOAT16'; 'output_mem_config': 'MemoryConfig(memory_layout=TensorMemoryLayout::INTERLEAVED;buffer_type=BufferType::DRAM;shard_spec=std::nullopt;nd_shard_spec=std::nullopt;created_with_nd_shard_spec=0)'; 'output_tile': 'Tile(tile_shape={32; 32};face_shape={16; 16};num_faces=4)'; 'program_config': 'MatmulMultiCoreReuseMultiCast1DProgramConfig(compute_with_storage_grid_size=11-10;in0_block_w=2;out_subblock_h=1;out_subblock_w=1;out_block_h=1;out_block_w=1;per_core_M=1;per_core_N=1;fuse_batch=0;fused_activation=std::nullopt;mcast_in0=1;gather_in0=0;hop_cores={};num_global_cb_receivers=0;untilize_out=0;allowed_worker_cores={[0-0 - 10-9]})'; 'sub_device_id': 'std::nullopt'; 'transpose_a': 'false'; 'transpose_b': 'false'; 'untilize_out': 'false'; 'user_core_coord': 'std::nullopt'; 'user_fused_activation': 'std::nullopt'; 'user_run_batched': 'false'},HiFi2,4,110,,,17295741847,17295742929,1082,4142433652773,4142433686993,921,981,25348,24884,24824,,,,724,24733,24129,24315,24348,24321,,,,,,1[1],1[1],32[32],2048[2048],TILE,BFLOAT16,DEV_0_DRAM_INTERLEAVED,1[1],1[1],2048[2048],128[128],TILE,BFLOAT16,DEV_0_DRAM_INTERLEAVED,,,,,,,,,,,,,,,,,,,,,,1[1],1[1],32[32],128[128],TILE,BFLOAT16,DEV_0_DRAM_INTERLEAVED,,,,,,,,,,,,,,,0,3,['ttnn/cpp/ttnn/operations/matmul/device/kernels/compute/bmm_large_block_zm_fused_bias_activation.cpp'],['bmm_large_block_zm_fused_bias_activation/942525137029099931/'],['ttnn/cpp/ttnn/operations/matmul/device/kernels/dataflow/reader_bmm_tile_layout_in1_sender_writer_padding.cpp'; 'ttnn/cpp/ttnn/operations/matmul/device/kernels/dataflow/reader_bmm_tile_layout_in0_receiver.cpp'; 'ttnn/cpp/ttnn/operations/matmul/device/kernels/dataflow/reader_bmm_tile_layout_in0_sender_padding.cpp'],['reader_bmm_tile_layout_in1_sender_writer_padding/7747605843580814394/'; 'reader_bmm_tile_layout_in0_receiver/11847109078087111066/'; 'reader_bmm_tile_layout_in0_sender_padding/5402803145243945533/'],13550181154860904601,False,1556,1084,1992,1796,2344,0,0,0,0,953,56,953,[137.53619384765625; 550.144775390625],[8.596012115478516],0.225,,,,,,,1082
TopKDeviceOperation,tt_dnn_device,66563,3,blackhole,{'dim': '-1'; 'k': '32'; 'largest': 'true'; 'output_memory_config': 'MemoryConfig(memory_layout=TensorMemoryLayout::INTERLEAVED;buffer_type=BufferType::DRAM;shard_spec=std::nullopt;nd_shard_spec=std::nullopt;created_with_nd_shard_spec=0)'; 'sorted': 'true'; 'sub_core_grids': '{[0-0 - 10-9]}'},HiFi4,1,110,,,17295778206,17295782725,4519,4142433688255,4142433722249,1501,1501,25181,24621,24621,,,,216,24513,16548,23832,23893,24101,,,,,,1[1],1[1],32[32],128[128],TILE,BFLOAT16,DEV_0_DRAM_INTERLEAVED,,,,,,,,,,,,,,,,,,,,,,,,,,,,,1[1],1[1],32[32],32[32],TILE,BFLOAT16,DEV_0_DRAM_INTERLEAVED,1[1],1[1],32[32],32[32],TILE,UINT16,DEV_0_DRAM_INTERLEAVED,,,,,,,,0,3,['ttnn/cpp/ttnn/operations/reduction/topk/device/kernels/compute/topk.cpp'],['topk/8679865028900713769/'],['ttnn/cpp/ttnn/operations/reduction/topk/device/kernels/dataflow/writer_binary_interleaved.cpp'; 'ttnn/cpp/ttnn/operations/reduction/topk/device/kernels/dataflow/reader_create_index_tensor.cpp'],['writer_binary_interleaved/2668655102038004167/'; 'reader_create_index_tensor/4964966769969383863/'],7304848548387796468,False,908,948,6532,5432,4580,0,0,0,0,1,1,1,[],[],0.004,,,,,,,4519
SliceDeviceOperation,tt_dnn_device,67587,3,blackhole,{'num_devices': 'std::nullopt'; 'output_mem_config': 'MemoryConfig(memory_layout=TensorMemoryLayout::INTERLEAVED;buffer_type=BufferType::DRAM;shard_spec=std::nullopt;nd_shard_spec=std::nullopt;created_with_nd_shard_spec=0)'; 'slice_dim': 'std::nullopt'; 'slice_end': 'Shape([1; 1; 32; 32])'; 'slice_start': 'Shape([0; 0; 0; 0])'; 'step': 'Shape([1; 1; 1; 1])'; 'sub_core_grids': 'std::nullopt'; 'use_tensor_args': 'false'},,1,110,,,17295809847,17295811329,1482,4142433723743,4142433725356,1547,1547,1195,738,738,,,,96,642,544,,,,,,,,,1[1],1[1],32[32],32[32],TILE,BFLOAT16,DEV_0_DRAM_INTERLEAVED,,,,,,,,,,,,,,,,,,,,,,,,,,,,,1[1],1[1],32[32],32[32],TILE,BFLOAT16,DEV_0_DRAM_INTERLEAVED,,,,,,,,,,,,,,,0,3,[],[],['ttnn/cpp/ttnn/operations/data_movement/slice/device/kernels/dataflow/writer_unary_interleaved_start_id.cpp'; 'ttnn/cpp/ttnn/operations/data_movement/slice/device/kernels/dataflow/reader_unary_unpad_dims_interleaved_start_id.cpp'],['writer_unary_interleaved_start_id/11396476643056635318/'; 'reader_unary_unpad_dims_interleaved_start_id/15985850001773238796/'],2175142502278001220,False,680,716,0,0,0,0,0,0,0,429,429,3,[4.773892879486084],[4.773892879486084],58.13,,,,,,,1482
SliceDeviceOperation,tt_dnn_device,68611,3,blackhole,{'num_devices': 'std::nullopt'; 'output_mem_config': 'MemoryConfig(memory_layout=TensorMemoryLayout::INTERLEAVED;buffer_type=BufferType::DRAM;shard_spec=std::nullopt;nd_shard_spec=std::nullopt;created_with_nd_shard_spec=0)'; 'slice_dim': 'std::nullopt'; 'slice_end': 'Shape([1; 1; 32; 32])'; 'slice_start': 'Shape([0; 0; 0; 0])'; 'step': 'Shape([1; 1; 1; 1])'; 'sub_core_grids': 'std::nullopt'; 'use_tensor_args': 'false'},,1,110,,,17295829464,17295830496,1032,4142433726836,4142433728392,1539,1539,1153,733,733,,,,116,617,541,,,,,,,,,1[1],1[1],32[32],32[32],TILE,UINT16,DEV_0_DRAM_INTERLEAVED,,,,,,,,,,,,,,,,,,,,,,,,,,,,,1[1],1[1],32[32],32[32],TILE,UINT16,DEV_0_DRAM_INTERLEAVED,,,,,,,,,,,,,,,0,3,[],[],['ttnn/cpp/ttnn/operations/data_movement/slice/device/kernels/dataflow/writer_unary_interleaved_start_id.cpp'; 'ttnn/cpp/ttnn/operations/data_movement/slice/device/kernels/dataflow/reader_unary_unpad_dims_interleaved_start_id.cpp'],['writer_unary_interleaved_start_id/13355930290814581581/'; 'reader_unary_unpad_dims_interleaved_start_id/1108021301349754100/'],7797951684992461054,False,680,716,0,0,0,0,0,0,0,429,429,3,[4.773892879486084],[4.773892879486084],58.527,,,,,,,1032
UnaryDeviceOperation,tt_dnn_device,69635,3,blackhole,{'bfp8_pack_precise': 'false'; 'fp32_dest_acc_en': 'false'; 'memory_config': 'MemoryConfig(memory_layout=TensorMemoryLayout::INTERLEAVED;buffer_type=BufferType::DRAM;shard_spec=std::nullopt;nd_shard_spec=std::nullopt;created_with_nd_shard_spec=0)'; 'op_chain': '{BasicUnaryWithParam<float; int; unsigned int>(base=BasicUnaryWithParam<float>(op_type=UnaryOpType::SIGMOID;param={4; 0}))}'; 'output_dtype': 'DataType::BFLOAT16'; 'preserve_fp32_precision': 'false'; 'sub_core_grids': 'std::nullopt'; 'worker_grid': '{[0-0 - 10-9]}'},HiFi4,110,110,,,17295934224,17295936538,2314,4142433727035,4142433732919,535,535,4359,2813,2813,,,,1109,2813,1489,1544,2342,1311,,,,,,1[1],1[1],32[32],32[8],TILE,BFLOAT16,DEV_0_DRAM_INTERLEAVED,,,,,,,,,,,,,,,,,,,,,,,,,,,,,1[1],1[1],32[32],32[8],TILE,BFLOAT16,DEV_0_DRAM_INTERLEAVED,,,,,,,,,,,,,,,0,3,['ttnn/cpp/ttnn/operations/eltwise/unary/device/kernels/compute/eltwise_sfpu.cpp'],['eltwise_sfpu/17254425182357590235/'],['ttnn/cpp/ttnn/operations/eltwise/unary/device/kernels/dataflow/writer_unary.cpp'; 'ttnn/cpp/ttnn/operations/eltwise/unary/device/kernels/dataflow/reader_unary.cpp'],['writer_unary/17308908021593325674/'; 'reader_unary/7914283486036039746/'],1433205122739524802,False,1000,924,1060,1132,1260,0,0,0,0,1,1,1,[],[],0.036,,,,,,,2314
UnaryDeviceOperation,tt_dnn_device,70659,3,blackhole,{'bfp8_pack_precise': 'false'; 'fp32_dest_acc_en': 'false'; 'memory_config': 'MemoryConfig(memory_layout=TensorMemoryLayout::INTERLEAVED;buffer_type=BufferType::DRAM;shard_spec=std::nullopt;nd_shard_spec=std::nullopt;created_with_nd_shard_spec=0)'; 'op_chain': '{BasicUnaryWithParam<float; int; unsigned int>(base=BasicUnaryWithParam<float>(op_type=UnaryOpType::FILL;param={0}))}'; 'output_dtype': 'DataType::BFLOAT16'; 'preserve_fp32_precision': 'false'; 'sub_core_grids': 'std::nullopt'; 'worker_grid': '{[0-0 - 10-9]}'},HiFi4,110,110,,,17296018284,17296019206,922,4142433730873,4142433736317,538,539,4033,1979,1979,,,,1085,1979,1519,1570,1595,1254,,,,,,1[1],1[1],32[32],128[128],TILE,BFLOAT16,DEV_0_DRAM_INTERLEAVED,,,,,,,,,,,,,,,,,,,,,,,,,,,,,1[1],1[1],32[32],128[128],TILE,BFLOAT16,DEV_0_DRAM_INTERLEAVED,,,,,,,,,,,,,,,0,3,['ttnn/cpp/ttnn/operations/eltwise/unary/device/kernels/compute/eltwise_sfpu.cpp'],['eltwise_sfpu/14928341353554394541/'],['ttnn/cpp/ttnn/operations/eltwise/unary/device/kernels/dataflow/writer_unary.cpp'; 'ttnn/cpp/ttnn/operations/eltwise/unary/device/kernels/dataflow/reader_unary.cpp'],['writer_unary/17308908021593325674/'; 'reader_unary/7914283486036039746/'],17376454958624202605,False,1000,924,1060,856,1260,0,0,0,0,1,1,1,[],[],0.051,,,,,,,922
UntilizeDeviceOperation,tt_dnn_device,71683,3,blackhole,{'enough_space_height': 'true'; 'enough_space_width': 'true'; 'fp32_dest_acc_en': 'false'; 'output_mem_config': 'MemoryConfig(memory_layout=TensorMemoryLayout::INTERLEAVED;buffer_type=BufferType::DRAM;shard_spec=std::nullopt;nd_shard_spec=std::nullopt;created_with_nd_shard_spec=0)'; 'pf_type': '2'; 'sub_core_grids': 'std::nullopt'; 'use_multicore': 'true'},HiFi4,1,110,,,17296047259,17296049263,2004,4142433737761,4142433743577,1492,1596,4308,3890,3787,,,,205,3685,1646,1650,1817,1952,,,,,,1[1],1[1],32[32],128[128],TILE,BFLOAT16,DEV_0_DRAM_INTERLEAVED,,,,,,,,,,,,,,,,,,,,,,,,,,,,,1[1],1[1],32[32],128[128],ROW_MAJOR,BFLOAT16,DEV_0_DRAM_INTERLEAVED,,,,,,,,,,,,,,,0,3,['ttnn/cpp/ttnn/operations/data_movement/untilize/device/kernels/compute/untilize_variable_num_blocks.cpp'],['untilize_variable_num_blocks/5225429762567392534/'],['ttnn/cpp/ttnn/operations/data_movement/untilize/device/kernels/dataflow/writer_unary_stick_layout_split_rows_multi_core.cpp'; 'ttnn/cpp/ttnn/operations/data_movement/untilize/device/kernels/dataflow/reader_unary_start_id.cpp'],['writer_unary_stick_layout_split_rows_multi_core/90896511080821434/'; 'reader_unary_start_id/9088430955735964568/'],10491042520524766586,False,1276,624,1168,964,2680,0,0,0,0,724,724,14,[11.31491756439209],[11.31491756439209],18.612,,,,,,,2004
UntilizeWithUnpaddingDeviceOperation,tt_dnn_device,72707,3,blackhole,{'enough_space_height': 'true'; 'fp32_dest_acc_en': 'false'; 'output_mem_config': 'MemoryConfig(memory_layout=TensorMemoryLayout::INTERLEAVED;buffer_type=BufferType::DRAM;shard_spec=std::nullopt;nd_shard_spec=std::nullopt;created_with_nd_shard_spec=0)'; 'output_tensor_end': 'Shape([31; 7])'; 'sub_core_grids': 'std::nullopt'; 'use_multicore': 'true'},HiFi4,1,110,,,17296074291,17296076345,2054,4142433745008,4142433758422,1467,1570,9936,9524,9421,,,,208,9316,500,532,136,679,,,,,,1[1],1[1],32[32],32[8],TILE,UINT16,DEV_0_DRAM_INTERLEAVED,,,,,,,,,,,,,,,,,,,,,,,,,,,,,1[1],1[1],32[32],8[8],ROW_MAJOR,UINT16,DEV_0_DRAM_INTERLEAVED,,,,,,,,,,,,,,,0,3,['ttnn/cpp/ttnn/operations/data_movement/untilize/device/kernels/compute/untilize.cpp'],['untilize/14659225964938679449/'],['ttnn/cpp/ttnn/operations/data_movement/untilize_with_unpadding/device/kernels/dataflow/writer_unary_stick_layout_split_rows_multicore.cpp'; 'ttnn/cpp/ttnn/operations/eltwise/unary/device/kernels/dataflow/reader_unary_interleaved_start_id.cpp'],['writer_unary_stick_layout_split_rows_multicore/4720355238896889287/'; 'reader_unary_interleaved_start_id/9735162635154385579/'],13132750209399612513,False,1564,924,1040,788,2356,0,0,0,0,1606,1606,3,[1.275217890739441],[0.31880447268486023],16.863,,,,,,,2054
UntilizeWithUnpaddingDeviceOperation,tt_dnn_device,73731,3,blackhole,{'enough_space_height': 'true'; 'fp32_dest_acc_en': 'false'; 'output_mem_config': 'MemoryConfig(memory_layout=TensorMemoryLayout::INTERLEAVED;buffer_type=BufferType::DRAM;shard_spec=std::nullopt;nd_shard_spec=std::nullopt;created_with_nd_shard_spec=0)'; 'output_tensor_end': 'Shape([31; 7])'; 'sub_core_grids': 'std::nullopt'; 'use_multicore': 'true'},HiFi4,1,110,,,17296092947,17296093688,741,4142433759868,4142433773281,1502,1593,9936,9506,9415,,,,187,9319,490,496,127,678,,,,,,1[1],1[1],32[32],32[8],TILE,BFLOAT16,DEV_0_DRAM_INTERLEAVED,,,,,,,,,,,,,,,,,,,,,,,,,,,,,1[1],1[1],32[32],8[8],ROW_MAJOR,BFLOAT16,DEV_0_DRAM_INTERLEAVED,,,,,,,,,,,,,,,0,3,['ttnn/cpp/ttnn/operations/data_movement/untilize/device/kernels/compute/untilize.cpp'],['untilize/4715010967245292982/'],['ttnn/cpp/ttnn/operations/data_movement/untilize_with_unpadding/device/kernels/dataflow/writer_unary_stick_layout_split_rows_multicore.cpp'; 'ttnn/cpp/ttnn/operations/eltwise/unary/device/kernels/dataflow/reader_unary_interleaved_start_id.cpp'],['writer_unary_stick_layout_split_rows_multicore/3692805883673047670/'; 'reader_unary_interleaved_start_id/14429317243173019626/'],1350775133788877157,False,1564,924,1040,788,2352,0,0,0,0,1606,1606,3,[1.275217890739441],[0.31880447268486023],16.895,,,,,,,741
ScatterDeviceOperation,tt_dnn_device,74755,3,blackhole,{'dim': '1'; 'opt_reduction': 'ScatterReductionType::INVALID'; 'output_memory_config': 'MemoryConfig(memory_layout=TensorMemoryLayout::INTERLEAVED;buffer_type=BufferType::DRAM;shard_spec=std::nullopt;nd_shard_spec=std::nullopt;created_with_nd_shard_spec=0)'; 'sub_core_grid': 'std::nullopt'},,32,110,,,17296128575,17296130137,1562,4142433760226,4142433779465,598,598,14251,3986,3986,,,,1050,3985,3719,,,,,,,,,1[1],1[1],32[32],128[128],ROW_MAJOR,BFLOAT16,DEV_0_DRAM_INTERLEAVED,1[1],1[1],32[32],8[8],ROW_MAJOR,UINT16,DEV_0_DRAM_INTERLEAVED,1[1],1[1],32[32],8[8],ROW_MAJOR,BFLOAT16,DEV_0_DRAM_INTERLEAVED,,,,,,,,,,,,,,,1[1],1[1],32[32],128[128],ROW_MAJOR,BFLOAT16,DEV_0_DRAM_INTERLEAVED,,,,,,,,,,,,,,,0,3,[],[],['ttnn/cpp/ttnn/operations/data_movement/scatter/device/kernels/dataflow/writer_scatter.cpp'; 'ttnn/cpp/ttnn/operations/data_movement/scatter/device/kernels/dataflow/reader_scatter.cpp'],['writer_scatter/12036046600388805223/'; 'reader_scatter/13590767754617400688/'],2391787160877372169,False,792,2272,0,0,0,0,0,0,0,466,466,14,[17.57939910888672],[17.57939910888672],11.691,,,,,,,1562
TilizeDeviceOperation,tt_dnn_device,75779,3,blackhole,{'enough_space_height': 'true'; 'enough_space_width': 'true'; 'output_dtype': 'DataType::BFLOAT16'; 'output_mem_config': 'MemoryConfig(memory_layout=TensorMemoryLayout::INTERLEAVED;buffer_type=BufferType::DRAM;shard_spec=std::nullopt;nd_shard_spec=std::nullopt;created_with_nd_shard_spec=0)'; 'sub_core_grids': 'std::nullopt'; 'use_low_perf': 'false'; 'use_multicore': 'true'},HiFi4,1,110,,,17296153442,17296154734,1292,4142433780911,4142433784253,1509,1602,2476,2033,1941,,,,197,1850,1104,1150,136,1184,,,,,,1[1],1[1],32[32],128[128],ROW_MAJOR,BFLOAT16,DEV_0_DRAM_INTERLEAVED,,,,,,,,,,,,,,,,,,,,,,,,,,,,,1[1],1[1],32[32],128[128],TILE,BFLOAT16,DEV_0_DRAM_INTERLEAVED,,,,,,,,,,,,,,,0,3,['ttnn/cpp/ttnn/kernel/compute/tilize.cpp'],['tilize/9207119747511123796/'],['ttnn/cpp/ttnn/operations/eltwise/unary/device/kernels/dataflow/writer_unary_interleaved_start_id.cpp'; 'ttnn/cpp/ttnn/operations/data_movement/tilize/device/kernels/dataflow/reader_unary_stick_layout_split_rows_multicore.cpp'],['writer_unary_interleaved_start_id/12823350331057913928/'; 'reader_unary_stick_layout_split_rows_multicore/5137991844069086675/'],12990263132558414139,False,1000,860,1168,768,2012,0,0,0,0,1,1,1,[],[],0.049,,,,,,,1292
ReshapeViewDeviceOperation,tt_dnn_device,76803,3,blackhole,{'logical_output_shape': 'Shape([1; 32; 2048])'; 'output_mem_config': 'MemoryConfig(memory_layout=TensorMemoryLayout::INTERLEAVED;buffer_type=BufferType::DRAM;shard_spec=std::nullopt;nd_shard_spec=std::nullopt;created_with_nd_shard_spec=0)'; 'padded_output_shape': 'Shape([1; 32; 2048])'; 'recreate_mapping_tensor': 'false'; 'sub_core_grid': 'std::nullopt'},,64,110,,,17296177899,17296178981,1082,4142433781207,4142433812620,573,573,23269,20443,20443,,,,1053,20441,19996,,,,,,,,,1[1],32[32],32[1],2048[2048],TILE,BFLOAT16,DEV_0_DRAM_INTERLEAVED,,,,,,,,,,,,,,,,,,,,,,,,,,,,,1[1],1[1],32[32],2048[2048],TILE,BFLOAT16,DEV_0_DRAM_INTERLEAVED,,,,,,,,,,,,,,,0,3,[],[],['ttnn/cpp/ttnn/operations/data_movement/reshape_view/device/device/dataflow/writer_reshape_tiled.cpp'; 'ttnn/cpp/ttnn/operations/data_movement/reshape_view/device/device/dataflow/reader_reshape_tiled.cpp'],['writer_reshape_tiled/4267096035403228190/'; 'reader_reshape_tiled/11173047033745705692/'],2479539830318309128,False,1756,980,0,0,0,0,0,0,0,1,1,1,[],[],0.005,,,,,,,1082
RepeatDeviceOperation,tt_dnn_device,77827,3,blackhole,{'m_is_last_dim': 'false'; 'm_num_repeats': '128'; 'm_output_mem_config': 'MemoryConfig(memory_layout=TensorMemoryLayout::INTERLEAVED;buffer_type=BufferType::DRAM;shard_spec=std::nullopt;nd_shard_spec=std::nullopt;created_with_nd_shard_spec=0)'; 'm_repeat_dim': '0'; 'm_tile_higher_pages': '1'; 'm_tile_lower_pages': '64'; 'm_tile_page_size_bytes': '2048'; 'm_tile_rep_dim_pages': '1'},,110,110,,,17296244425,17296245808,1383,4142433785949,4142433948987,536,536,120769,100464,100464,,,,968,,100464,,,,,,,,,1[1],1[1],32[32],2048[2048],TILE,BFLOAT16,DEV_0_DRAM_INTERLEAVED,,,,,,,,,,,,,,,,,,,,,,,,,,,,,1[1],128[128],32[32],2048[2048],TILE,BFLOAT16,DEV_0_DRAM_INTERLEAVED,,,,,,,,,,,,,,,0,3,[],[],['ttnn/cpp/ttnn/operations/data_movement/repeat/device/kernels/repeat_higher_dim_tile.cpp'],['repeat_higher_dim_tile/1536421696644916261/'],10231590761585174598,False,0,1000,0,0,0,0,0,0,0,51380,51380,30517,[2.5510315895080566],[326.53204345703125],51.143,,,,,,,1383
MatmulDeviceOperation,tt_dnn_device,78851,3,blackhole,{'bcast_batch': 'false'; 'compute_kernel_config': 'ComputeKernelConfig(math_fidelity=HiFi2;math_approx_mode=0;fp32_dest_acc_en=0;packer_l1_acc=1;dst_full_sync_en=0;throttle_level=ThrottleLevel::NO_THROTTLE)'; 'global_cb': 'std::nullopt'; 'output_dtype': 'DataType::BFLOAT16'; 'output_mem_config': 'MemoryConfig(memory_layout=TensorMemoryLayout::INTERLEAVED;buffer_type=BufferType::DRAM;shard_spec=std::nullopt;nd_shard_spec=std::nullopt;created_with_nd_shard_spec=0)'; 'output_tile': 'Tile(tile_shape={32; 32};face_shape={16; 16};num_faces=4)'; 'program_config': 'MatmulMultiCoreReuseMultiCast1DProgramConfig(compute_with_storage_grid_size=11-10;in0_block_w=2;out_subblock_h=1;out_subblock_w=1;out_block_h=1;out_block_w=1;per_core_M=1;per_core_N=1;fuse_batch=0;fused_activation=std::nullopt;mcast_in0=1;gather_in0=0;hop_cores={};num_global_cb_receivers=0;untilize_out=0;allowed_worker_cores={[0-0 - 10-9]})'; 'sub_device_id': 'std::nullopt'; 'transpose_a': 'false'; 'transpose_b': 'false'; 'untilize_out': 'false'; 'user_core_coord': 'std::nullopt'; 'user_fused_activation': 'std::nullopt'; 'user_run_batched': 'true'},HiFi2,48,110,,,17296298809,17296299911,1102,4142433814899,4142439492604,536,536,4205707,4105847,4105847,,,,1185,4105840,4104779,4105034,4104995,4105024,,,,,,1[1],128[128],32[32],2048[2048],TILE,BFLOAT16,DEV_0_DRAM_INTERLEAVED,1[1],128[128],2048[2048],1536[1536],TILE,BFLOAT4_B,DEV_0_DRAM_INTERLEAVED,,,,,,,,,,,,,,,,,,,,,,1[1],128[128],32[32],1536[1536],TILE,BFLOAT16,DEV_0_DRAM_INTERLEAVED,,,,,,,,,,,,,,,0,3,['ttnn/cpp/ttnn/operations/matmul/device/kernels/compute/bmm_large_block_zm_fused_bias_activation.cpp'],['bmm_large_block_zm_fused_bias_activation/5465698026906302783/'],['ttnn/cpp/ttnn/operations/matmul/device/kernels/dataflow/reader_bmm_tile_layout_in1_sender_writer_padding.cpp'; 'ttnn/cpp/ttnn/operations/matmul/device/kernels/dataflow/reader_bmm_tile_layout_in0_receiver.cpp'; 'ttnn/cpp/ttnn/operations/matmul/device/kernels/dataflow/reader_bmm_tile_layout_in0_sender_padding.cpp'],['reader_bmm_tile_layout_in1_sender_writer_padding/1402418773110273793/'; 'reader_bmm_tile_layout_in0_receiver/9209625242214481634/'; 'reader_bmm_tile_layout_in0_sender_padding/17145958562874073137/'],2568911199456945908,False,1600,1124,2348,2236,2360,0,0,0,0,732421,84735,732421,[22.906518936157227; 549.7564697265625],[17.179889678955078],2.064,,,,,,,1102
SliceDeviceOperation,tt_dnn_device,79875,3,blackhole,{'num_devices': 'std::nullopt'; 'output_mem_config': 'MemoryConfig(memory_layout=TensorMemoryLayout::INTERLEAVED;buffer_type=BufferType::DRAM;shard_spec=std::nullopt;nd_shard_spec=std::nullopt;created_with_nd_shard_spec=0)'; 'slice_dim': 'std::nullopt'; 'slice_end': 'Shape([128; 32; 768])'; 'slice_start': 'Shape([0; 0; 0])'; 'step': 'Shape([1; 1; 1])'; 'sub_core_grids': 'std::nullopt'; 'use_tensor_args': 'false'},,110,110,,,17296366208,17296367450,1242,4142433950761,4142439541189,564,564,4141058,35436,35436,,,,1074,35436,35162,,,,,,,,,1[1],128[128],32[32],1536[1536],TILE,BFLOAT16,DEV_0_DRAM_INTERLEAVED,,,,,,,,,,,,,,,,,,,,,,,,,,,,,1[1],128[128],32[32],768[768],TILE,BFLOAT16,DEV_0_DRAM_INTERLEAVED,,,,,,,,,,,,,,,0,3,[],[],['ttnn/cpp/ttnn/operations/data_movement/slice/device/kernels/dataflow/writer_unary_interleaved_start_id.cpp'; 'ttnn/cpp/ttnn/operations/data_movement/slice/device/kernels/dataflow/reader_unary_unpad_dims_interleaved_start_id.cpp'],['writer_unary_interleaved_start_id/11396476643056635318/'; 'reader_unary_unpad_dims_interleaved_start_id/10579228541280834701/'],4975546075024177705,False,680,716,0,0,0,0,0,0,0,22888,19351,22888,[549.76025390625],[274.880126953125],54.608,,,,,,,1242
SliceDeviceOperation,tt_dnn_device,80899,3,blackhole,{'num_devices': 'std::nullopt'; 'output_mem_config': 'MemoryConfig(memory_layout=TensorMemoryLayout::INTERLEAVED;buffer_type=BufferType::DRAM;shard_spec=std::nullopt;nd_shard_spec=std::nullopt;created_with_nd_shard_spec=0)'; 'slice_dim': 'std::nullopt'; 'slice_end': 'Shape([128; 32; 1536])'; 'slice_start': 'Shape([0; 0; 768])'; 'step': 'Shape([1; 1; 1])'; 'sub_core_grids': 'std::nullopt'; 'use_tensor_args': 'false'},,110,110,,,17296421263,17296421744,481,4142439520684,4142439591890,584,584,52745,36976,36976,,,,1044,36976,36707,,,,,,,,,1[1],128[128],32[32],1536[1536],TILE,BFLOAT16,DEV_0_DRAM_INTERLEAVED,,,,,,,,,,,,,,,,,,,,,,,,,,,,,1[1],128[128],32[32],768[768],TILE,BFLOAT16,DEV_0_DRAM_INTERLEAVED,,,,,,,,,,,,,,,0,3,[],[],['ttnn/cpp/ttnn/operations/data_movement/slice/device/kernels/dataflow/writer_unary_interleaved_start_id.cpp'; 'ttnn/cpp/ttnn/operations/data_movement/slice/device/kernels/dataflow/reader_unary_unpad_dims_interleaved_start_id.cpp'],['writer_unary_interleaved_start_id/11396476643056635318/'; 'reader_unary_unpad_dims_interleaved_start_id/10579228541280834701/'],14535613120564166057,False,680,716,0,0,0,0,0,0,0,22888,19351,22888,[549.76025390625],[274.880126953125],52.334,,,,,,,481
UnaryDeviceOperation,tt_dnn_device,81923,3,blackhole,{'bfp8_pack_precise': 'false'; 'fp32_dest_acc_en': 'false'; 'memory_config': 'MemoryConfig(memory_layout=TensorMemoryLayout::INTERLEAVED;buffer_type=BufferType::DRAM;shard_spec=std::nullopt;nd_shard_spec=std::nullopt;created_with_nd_shard_spec=0)'; 'op_chain': '{BasicUnaryWithParam<float; int; unsigned int>(base=BasicUnaryWithParam<float>(op_type=UnaryOpType::SILU;param={}))}'; 'output_dtype': 'DataType::BFLOAT16'; 'preserve_fp32_precision': 'false'; 'sub_core_grids': 'std::nullopt'; 'worker_grid': '{[0-0 - 10-9]}'},HiFi4,110,110,,,17296500734,17296501766,1032,4142439571188,4142439665175,571,573,69620,53710,53708,,,,1097,53707,50856,50900,53358,52411,,,,,,1[1],128[128],32[32],768[768],TILE,BFLOAT16,DEV_0_DRAM_INTERLEAVED,,,,,,,,,,,,,,,,,,,,,,,,,,,,,1[1],128[128],32[32],768[768],TILE,BFLOAT16,DEV_0_DRAM_INTERLEAVED,,,,,,,,,,,,,,,0,3,['ttnn/cpp/ttnn/operations/eltwise/unary/device/kernels/compute/eltwise_sfpu.cpp'],['eltwise_sfpu/17685734430554596604/'],['ttnn/cpp/ttnn/operations/eltwise/unary/device/kernels/dataflow/writer_unary.cpp'; 'ttnn/cpp/ttnn/operations/eltwise/unary/device/kernels/dataflow/reader_unary.cpp'],['writer_unary/17308908021593325674/'; 'reader_unary/7914283486036039746/'],3057122495497861903,False,1000,924,1060,1284,1260,0,0,0,0,1,1,1,[],[],0.002,,,,,,,1032
BinaryNgDeviceOperation,tt_dnn_device,82947,3,blackhole,{'atol': '0'; 'binary_op_type': 'BinaryOpType::MUL'; 'compute_kernel_config': 'std::nullopt'; 'dtype': 'DataType::BFLOAT16'; 'equal_nan': 'false'; 'input_dtype': 'DataType::BFLOAT16'; 'input_layout_a': 'Layout::TILE'; 'input_layout_b': 'Layout::TILE'; 'is_quant_op': 'false'; 'is_sfpu': 'true'; 'is_where_op': 'false'; 'lhs_activations': '{}'; 'memory_config': 'MemoryConfig(memory_layout=TensorMemoryLayout::INTERLEAVED;buffer_type=BufferType::DRAM;shard_spec=std::nullopt;nd_shard_spec=std::nullopt;created_with_nd_shard_spec=0)'; 'output_layout': 'Layout::TILE'; 'post_activations': '{}'; 'rhs_activations': '{}'; 'rtol': '0'; 'scalar': 'std::nullopt'; 'sub_core_grids': 'std::nullopt'; 'sub_device_id': 'std::nullopt'; 'subtile_broadcast_type': 'SubtileBroadcastType::NONE'; 'worker_grid': '{[0-0 - 10-9]}'},HiFi4,110,110,,,17296594583,17296596066,1483,4142439631421,4142439732009,577,578,74510,48927,48927,,,,1078,48925,47589,47640,48601,48018,,,,,,1[1],128[128],32[32],768[768],TILE,BFLOAT16,DEV_0_DRAM_INTERLEAVED,1[1],128[128],32[32],768[768],TILE,BFLOAT16,DEV_0_DRAM_INTERLEAVED,,,,,,,,,,,,,,,,,,,,,,1[1],128[128],32[32],768[768],TILE,BFLOAT16,DEV_0_DRAM_INTERLEAVED,,,,,,,,,,,,,,,0,3,['ttnn/cpp/ttnn/operations/eltwise/binary_ng/device/kernels/compute/eltwise_binary_sfpu_no_bcast.cpp'],['eltwise_binary_sfpu_no_bcast/5506180665876100763/'],['ttnn/cpp/ttnn/operations/eltwise/binary_ng/device/kernels_ng/dataflow/writer_interleaved_no_bcast.cpp'; 'ttnn/cpp/ttnn/operations/eltwise/binary_ng/device/kernels_ng/dataflow/reader_interleaved_no_bcast.cpp'],['writer_interleaved_no_bcast/13786176872452774081/'; 'reader_interleaved_no_bcast/13696495097517312790/'],1543498124224426579,False,1120,1644,1456,1200,1292,0,0,0,0,1,1,1,[],[],0.002,,,,,,,1483
MatmulDeviceOperation,tt_dnn_device,83971,3,blackhole,{'bcast_batch': 'false'; 'compute_kernel_config': 'ComputeKernelConfig(math_fidelity=HiFi2;math_approx_mode=0;fp32_dest_acc_en=0;packer_l1_acc=1;dst_full_sync_en=0;throttle_level=ThrottleLevel::NO_THROTTLE)'; 'global_cb': 'std::nullopt'; 'output_dtype': 'DataType::BFLOAT16'; 'output_mem_config': 'MemoryConfig(memory_layout=TensorMemoryLayout::INTERLEAVED;buffer_type=BufferType::DRAM;shard_spec=std::nullopt;nd_shard_spec=std::nullopt;created_with_nd_shard_spec=0)'; 'output_tile': 'Tile(tile_shape={32; 32};face_shape={16; 16};num_faces=4)'; 'program_config': 'MatmulMultiCoreReuseMultiCast1DProgramConfig(compute_with_storage_grid_size=11-10;in0_block_w=2;out_subblock_h=1;out_subblock_w=1;out_block_h=1;out_block_w=1;per_core_M=1;per_core_N=1;fuse_batch=0;fused_activation=std::nullopt;mcast_in0=1;gather_in0=0;hop_cores={};num_global_cb_receivers=0;untilize_out=0;allowed_worker_cores={[0-0 - 10-9]})'; 'sub_device_id': 'std::nullopt'; 'transpose_a': 'false'; 'transpose_b': 'false'; 'untilize_out': 'false'; 'user_core_coord': 'std::nullopt'; 'user_fused_activation': 'std::nullopt'; 'user_run_batched': 'true'},HiFi2,64,110,,,17296640421,17296641282,861,4142439709687,4142442055715,495,497,1737799,1720760,1720758,,,,1225,1720757,1719486,1719730,1719695,1719727,,,,,,1[1],128[128],32[32],768[768],TILE,BFLOAT16,DEV_0_DRAM_INTERLEAVED,1[1],128[128],768[768],2048[2048],TILE,BFLOAT4_B,DEV_0_DRAM_INTERLEAVED,,,,,,,,,,,,,,,,,,,,,,1[1],128[128],32[32],2048[2048],TILE,BFLOAT16,DEV_0_DRAM_INTERLEAVED,,,,,,,,,,,,,,,0,3,['ttnn/cpp/ttnn/operations/matmul/device/kernels/compute/bmm_large_block_zm_fused_bias_activation.cpp'],['bmm_large_block_zm_fused_bias_activation/5367523858612217209/'],['ttnn/cpp/ttnn/operations/matmul/device/kernels/dataflow/reader_bmm_tile_layout_in1_sender_writer_padding.cpp'; 'ttnn/cpp/ttnn/operations/matmul/device/kernels/dataflow/reader_bmm_tile_layout_in0_receiver.cpp'; 'ttnn/cpp/ttnn/operations/matmul/device/kernels/dataflow/reader_bmm_tile_layout_in0_sender_padding.cpp'],['reader_bmm_tile_layout_in1_sender_writer_padding/15419585538510865417/'; 'reader_bmm_tile_layout_in0_receiver/1769695620188288515/'; 'reader_bmm_tile_layout_in0_sender_padding/7473848797589761855/'],6790566937491715914,False,1584,1104,2336,2248,2360,0,0,0,0,366210,42368,366210,[17.179912567138672; 549.7572021484375],[45.81310272216797],2.462,,,,,,,861
TransposeDeviceOperation,tt_dnn_device,84995,3,blackhole,{'dim': 'TransposeOpDim::WH'; 'output_mem_config': 'MemoryConfig(memory_layout=TensorMemoryLayout::INTERLEAVED;buffer_type=BufferType::DRAM;shard_spec=std::nullopt;nd_shard_spec=std::nullopt;created_with_nd_shard_spec=0)'; 'pad_value': '0'},HiFi4,110,110,,,17296693833,17296698171,4338,4142439733765,4142442058589,577,578,1722092,1561,1559,,,,1153,1559,1140,1293,1056,1247,,,,,,1[1],1[1],32[32],128[128],TILE,BFLOAT16,DEV_0_DRAM_INTERLEAVED,,,,,,,,,,,,,,,,,,,,,,,,,,,,,1[1],1[1],128[128],32[32],TILE,BFLOAT16,DEV_0_DRAM_INTERLEAVED,,,,,,,,,,,,,,,0,3,['ttnn/cpp/ttnn/operations/data_movement/transpose/device/kernels/compute/transpose_wh.cpp'],['transpose_wh/6148515967295005335/'],['ttnn/cpp/ttnn/operations/eltwise/unary/device/kernels/dataflow/writer_unary_interleaved_start_id.cpp'; 'ttnn/cpp/ttnn/operations/data_movement/transpose/device/kernels/dataflow/reader_unary_transpose_wh_interleaved_start_id.cpp'],['writer_unary_interleaved_start_id/12823350331057913928/'; 'reader_unary_transpose_wh_interleaved_start_id/12549895365772018052/'],12057049319055176718,False,1000,732,1104,736,1292,0,0,0,0,466,466,14,[17.57939910888672],[17.57939910888672],29.853,,,,,,,4338
ReshapeViewDeviceOperation,tt_dnn_device,86019,3,blackhole,{'logical_output_shape': 'Shape([128; 32; 1])'; 'output_mem_config': 'MemoryConfig(memory_layout=TensorMemoryLayout::INTERLEAVED;buffer_type=BufferType::DRAM;shard_spec=std::nullopt;nd_shard_spec=std::nullopt;created_with_nd_shard_spec=0)'; 'padded_output_shape': 'Shape([128; 32; 32])'; 'recreate_mapping_tensor': 'false'; 'sub_core_grid': 'std::nullopt'},,110,110,,,17296743177,17296744399,1222,4142442058285,4142442070571,492,492,9101,8387,8387,,,,1149,8387,6512,,,,,,,,,1[1],1[1],128[128],32[32],TILE,BFLOAT16,DEV_0_DRAM_INTERLEAVED,,,,,,,,,,,,,,,,,,,,,,,,,,,,,1[1],128[128],32[32],32[1],TILE,BFLOAT16,DEV_0_DRAM_INTERLEAVED,,,,,,,,,,,,,,,0,3,[],[],['ttnn/cpp/ttnn/operations/data_movement/reshape_view/device/device/dataflow/writer_reshape_tiled.cpp'; 'ttnn/cpp/ttnn/operations/data_movement/reshape_view/device/device/dataflow/reader_reshape_tiled.cpp'],['writer_reshape_tiled/1693800358885868375/'; 'reader_reshape_tiled/9211947847981769172/'],5466507786043548344,False,1756,980,0,0,0,0,0,0,0,1,1,1,[],[],0.012,,,,,,,1222
BinaryNgDeviceOperation,tt_dnn_device,87043,3,blackhole,{'atol': '0'; 'binary_op_type': 'BinaryOpType::MUL'; 'compute_kernel_config': 'std::nullopt'; 'dtype': 'DataType::BFLOAT16'; 'equal_nan': 'false'; 'input_dtype': 'DataType::BFLOAT16'; 'input_layout_a': 'Layout::TILE'; 'input_layout_b': 'Layout::TILE'; 'is_quant_op': 'false'; 'is_sfpu': 'true'; 'is_where_op': 'false'; 'lhs_activations': '{}'; 'memory_config': 'MemoryConfig(memory_layout=TensorMemoryLayout::INTERLEAVED;buffer_type=BufferType::DRAM;shard_spec=std::nullopt;nd_shard_spec=std::nullopt;created_with_nd_shard_spec=0)'; 'output_layout': 'Layout::TILE'; 'post_activations': '{}'; 'rhs_activations': '{}'; 'rtol': '0'; 'scalar': 'std::nullopt'; 'sub_core_grids': 'std::nullopt'; 'sub_device_id': 'std::nullopt'; 'subtile_broadcast_type': 'SubtileBroadcastType::COL_B'; 'worker_grid': '{[0-0 - 10-9]}'},HiFi4,110,110,,,17296829341,17296830273,932,4142442065282,4142442196485,449,450,97187,92817,92816,,,,1242,92814,91107,91356,92416,91824,,,,,,1[1],128[128],32[32],2048[2048],TILE,BFLOAT16,DEV_0_DRAM_INTERLEAVED,1[1],128[128],32[32],32[1],TILE,BFLOAT16,DEV_0_DRAM_INTERLEAVED,,,,,,,,,,,,,,,,,,,,,,1[1],128[128],32[32],2048[2048],TILE,BFLOAT16,DEV_0_DRAM_INTERLEAVED,,,,,,,,,,,,,,,0,3,['ttnn/cpp/ttnn/operations/eltwise/binary_ng/device/kernels_ng/compute/eltwise_binary_sfpu_col_bcast.cpp'],['eltwise_binary_sfpu_col_bcast/9755331561266870884/'],['ttnn/cpp/ttnn/operations/eltwise/binary_ng/device/kernels_ng/dataflow/writer_interleaved_no_bcast.cpp'; 'ttnn/cpp/ttnn/operations/eltwise/binary_ng/device/kernels_ng/dataflow/reader_interleaved_col_bcast.cpp'],['writer_interleaved_no_bcast/16082081782850918657/'; 'reader_interleaved_col_bcast/15437325216577131164/'],709454548278692269,False,1120,1616,3516,2544,4560,0,0,0,0,1,1,1,[],[],0.001,,,,,,,932
FastReduceNCDeviceOperation,tt_dnn_device,88067,3,blackhole,{'compute_kernel_config': 'ComputeKernelConfig(math_fidelity=HiFi4;math_approx_mode=0;fp32_dest_acc_en=1;packer_l1_acc=0;dst_full_sync_en=0;throttle_level=ThrottleLevel::NO_THROTTLE)'; 'dim': '0'; 'output_dtype': 'std::nullopt'; 'output_mem_config': 'MemoryConfig(memory_layout=TensorMemoryLayout::INTERLEAVED;buffer_type=BufferType::DRAM;shard_spec=std::nullopt;nd_shard_spec=std::nullopt;created_with_nd_shard_spec=0)'; 'sub_core_grids': 'std::nullopt'},HiFi4,64,110,,,17296871521,17296872984,1463,4142442149490,4142442263988,599,599,84813,49411,49411,,,,689,49411,48870,49024,48164,944,,,,,,1[1],128[128],32[32],2048[2048],TILE,BFLOAT16,DEV_0_DRAM_INTERLEAVED,,,,,,,,,,,,,,,,,,,,,,,,,,,,,1[1],1[1],32[32],2048[2048],TILE,BFLOAT16,DEV_0_DRAM_INTERLEAVED,,,,,,,,,,,,,,,0,3,['ttnn/cpp/ttnn/operations/experimental/reduction/fast_reduce_nc/device/kernels/reduce_nc.cpp'],['reduce_nc/15517094258136700099/'],['ttnn/cpp/ttnn/operations/experimental/reduction/fast_reduce_nc/device/kernels/writer_reduce_nc.cpp'; 'ttnn/cpp/ttnn/operations/experimental/reduction/fast_reduce_nc/device/kernels/reader_reduce_nc.cpp'],['writer_reduce_nc/5261097171432542084/'; 'reader_reduce_nc/11179432673682079788/'],14727107662073315946,False,644,1148,1388,916,1800,0,0,0,0,1,1,1,[],[],0.002,,,,,,,1463
ReshapeViewDeviceOperation,tt_dnn_device,89091,3,blackhole,{'logical_output_shape': 'Shape([32; 1; 2048])'; 'output_mem_config': 'MemoryConfig(memory_layout=TensorMemoryLayout::INTERLEAVED;buffer_type=BufferType::DRAM;shard_spec=std::nullopt;nd_shard_spec=std::nullopt;created_with_nd_shard_spec=0)'; 'padded_output_shape': 'Shape([32; 32; 2048])'; 'recreate_mapping_tensor': 'false'; 'sub_core_grid': 'std::nullopt'},,110,110,,,17296914053,17296914674,621,4142442198391,4142442302480,518,518,77103,27987,27987,,,,1139,27981,27512,,,,,,,,,1[1],1[1],32[32],2048[2048],TILE,BFLOAT16,DEV_0_DRAM_INTERLEAVED,,,,,,,,,,,,,,,,,,,,,,,,,,,,,1[1],32[32],32[1],2048[2048],TILE,BFLOAT16,DEV_0_DRAM_INTERLEAVED,,,,,,,,,,,,,,,0,3,[],[],['ttnn/cpp/ttnn/operations/data_movement/reshape_view/device/device/dataflow/writer_reshape_tiled.cpp'; 'ttnn/cpp/ttnn/operations/data_movement/reshape_view/device/device/dataflow/reader_reshape_tiled.cpp'],['writer_reshape_tiled/3733057082630162122/'; 'reader_reshape_tiled/5592824073543797737/'],868393554501740704,False,1740,980,0,0,0,0,0,0,0,1,1,1,[],[],0.004,,,,,,,621
BinaryNgDeviceOperation,tt_dnn_device,90115,3,blackhole,{'atol': '0'; 'binary_op_type': 'BinaryOpType::ADD'; 'compute_kernel_config': 'std::nullopt'; 'dtype': 'DataType::BFLOAT16'; 'equal_nan': 'false'; 'input_dtype': 'DataType::BFLOAT16'; 'input_layout_a': 'Layout::TILE'; 'input_layout_b': 'Layout::TILE'; 'is_quant_op': 'false'; 'is_sfpu': 'false'; 'is_where_op': 'false'; 'lhs_activations': '{}'; 'memory_config': 'MemoryConfig(memory_layout=TensorMemoryLayout::INTERLEAVED;buffer_type=BufferType::DRAM;shard_spec=std::nullopt;nd_shard_spec=std::nullopt;created_with_nd_shard_spec=0)'; 'output_layout': 'Layout::TILE'; 'post_activations': '{}'; 'rhs_activations': '{}'; 'rtol': '0'; 'scalar': 'std::nullopt'; 'sub_core_grids': 'std::nullopt'; 'sub_device_id': 'std::nullopt'; 'subtile_broadcast_type': 'SubtileBroadcastType::NONE'; 'worker_grid': '{[0-0 - 10-9]}'},HiFi4,110,110,,,17296997642,17296998413,771,4142442299421,4142442343036,531,532,32307,29510,29510,,,,1163,29508,29087,29101,27280,28658,,,,,,1[1],32[32],32[1],2048[2048],TILE,BFLOAT16,DEV_0_DRAM_INTERLEAVED,1[1],32[32],32[1],2048[2048],TILE,BFLOAT16,DEV_0_DRAM_INTERLEAVED,,,,,,,,,,,,,,,,,,,,,,1[1],32[32],32[1],2048[2048],TILE,BFLOAT16,DEV_0_DRAM_INTERLEAVED,,,,,,,,,,,,,,,0,3,['ttnn/cpp/ttnn/operations/eltwise/binary_ng/device/kernels/compute/eltwise_binary_no_bcast.cpp'],['eltwise_binary_no_bcast/7702167649156508193/'],['ttnn/cpp/ttnn/operations/eltwise/binary_ng/device/kernels_ng/dataflow/writer_interleaved_no_bcast.cpp'; 'ttnn/cpp/ttnn/operations/eltwise/binary_ng/device/kernels_ng/dataflow/reader_interleaved_no_bcast.cpp'],['writer_interleaved_no_bcast/13786176872452774081/'; 'reader_interleaved_no_bcast/13696495097517312790/'],1295168523863076379,False,1120,1644,1308,768,1292,0,0,0,0,1,1,1,[],[],0.003,,,,,,,771
BinaryNgDeviceOperation,tt_dnn_device,91139,3,blackhole,{'atol': '0'; 'binary_op_type': 'BinaryOpType::ADD'; 'compute_kernel_config': 'std::nullopt'; 'dtype': 'DataType::BFLOAT16'; 'equal_nan': 'false'; 'input_dtype': 'DataType::BFLOAT16'; 'input_layout_a': 'Layout::TILE'; 'input_layout_b': 'Layout::TILE'; 'is_quant_op': 'false'; 'is_sfpu': 'false'; 'is_where_op': 'false'; 'lhs_activations': '{}'; 'memory_config': 'MemoryConfig(memory_layout=TensorMemoryLayout::INTERLEAVED;buffer_type=BufferType::DRAM;shard_spec=std::nullopt;nd_shard_spec=std::nullopt;created_with_nd_shard_spec=0)'; 'output_layout': 'Layout::TILE'; 'post_activations': '{}'; 'rhs_activations': '{}'; 'rtol': '0'; 'scalar': 'std::nullopt'; 'sub_core_grids': 'std::nullopt'; 'sub_device_id': 'std::nullopt'; 'subtile_broadcast_type': 'SubtileBroadcastType::NONE'; 'worker_grid': '{[0-0 - 10-9]}'},HiFi4,110,110,,,17297035083,17297035785,702,4142442329508,4142442382815,522,522,39487,28947,28947,,,,1136,28947,28532,28542,26701,28099,,,,,,1[1],32[32],32[1],2048[2048],TILE,BFLOAT16,DEV_0_DRAM_INTERLEAVED,1[1],32[32],32[1],2048[2048],TILE,BFLOAT16,DEV_0_DRAM_INTERLEAVED,,,,,,,,,,,,,,,,,,,,,,1[1],32[32],32[1],2048[2048],TILE,BFLOAT16,DEV_0_DRAM_INTERLEAVED,,,,,,,,,,,,,,,0,3,['ttnn/cpp/ttnn/operations/eltwise/binary_ng/device/kernels/compute/eltwise_binary_no_bcast.cpp'],['eltwise_binary_no_bcast/7702167649156508193/'],['ttnn/cpp/ttnn/operations/eltwise/binary_ng/device/kernels_ng/dataflow/writer_interleaved_no_bcast.cpp'; 'ttnn/cpp/ttnn/operations/eltwise/binary_ng/device/kernels_ng/dataflow/reader_interleaved_no_bcast.cpp'],['writer_interleaved_no_bcast/13786176872452774081/'; 'reader_interleaved_no_bcast/13696495097517312790/'],1295168523863076379,False,1120,1644,1308,768,1292,0,0,0,0,1,1,1,[],[],0.003,,,,,,,702
