OP CODE,OP TYPE,GLOBAL CALL COUNT,DEVICE ID,DEVICE ARCH,ATTRIBUTES,MATH FIDELITY,CORE COUNT,AVAILABLE WORKER CORE COUNT,SUB DEVICE ID,PARALLELIZATION STRATEGY,HOST START TS,HOST END TS,HOST DURATION [ns],DEVICE FW START CYCLE,DEVICE FW END CYCLE,OP TO OP LATENCY [ns],OP TO OP LATENCY BR/NRISC START [ns],DEVICE FW DURATION [ns],DEVICE KERNEL DURATION [ns],DEVICE KERNEL DURATION DM START [ns],DEVICE KERNEL DURATION PER CORE MIN [ns],DEVICE KERNEL DURATION PER CORE MAX [ns],DEVICE KERNEL DURATION PER CORE AVG [ns],DEVICE KERNEL FIRST TO LAST START [ns],DEVICE BRISC KERNEL DURATION [ns],DEVICE NCRISC KERNEL DURATION [ns],DEVICE TRISC0 KERNEL DURATION [ns],DEVICE TRISC1 KERNEL DURATION [ns],DEVICE TRISC2 KERNEL DURATION [ns],DEVICE ERISC KERNEL DURATION [ns],DEVICE COMPUTE CB WAIT FRONT [ns],DEVICE COMPUTE CB RESERVE BACK [ns],DISPATCH TOTAL CQ CMD OP TIME [ns],DISPATCH GO SEND WAIT TIME [ns],INPUT_0_W_PAD[LOGICAL],INPUT_0_Z_PAD[LOGICAL],INPUT_0_Y_PAD[LOGICAL],INPUT_0_X_PAD[LOGICAL],INPUT_0_LAYOUT,INPUT_0_DATATYPE,INPUT_0_MEMORY,INPUT_1_W_PAD[LOGICAL],INPUT_1_Z_PAD[LOGICAL],INPUT_1_Y_PAD[LOGICAL],INPUT_1_X_PAD[LOGICAL],INPUT_1_LAYOUT,INPUT_1_DATATYPE,INPUT_1_MEMORY,INPUT_2_W_PAD[LOGICAL],INPUT_2_Z_PAD[LOGICAL],INPUT_2_Y_PAD[LOGICAL],INPUT_2_X_PAD[LOGICAL],INPUT_2_LAYOUT,INPUT_2_DATATYPE,INPUT_2_MEMORY,OUTPUT_0_W_PAD[LOGICAL],OUTPUT_0_Z_PAD[LOGICAL],OUTPUT_0_Y_PAD[LOGICAL],OUTPUT_0_X_PAD[LOGICAL],OUTPUT_0_LAYOUT,OUTPUT_0_DATATYPE,OUTPUT_0_MEMORY,OUTPUT_1_W_PAD[LOGICAL],OUTPUT_1_Z_PAD[LOGICAL],OUTPUT_1_Y_PAD[LOGICAL],OUTPUT_1_X_PAD[LOGICAL],OUTPUT_1_LAYOUT,OUTPUT_1_DATATYPE,OUTPUT_1_MEMORY,OUTPUT_2_W_PAD[LOGICAL],OUTPUT_2_Z_PAD[LOGICAL],OUTPUT_2_Y_PAD[LOGICAL],OUTPUT_2_X_PAD[LOGICAL],OUTPUT_2_LAYOUT,OUTPUT_2_DATATYPE,OUTPUT_2_MEMORY,METAL TRACE ID,METAL TRACE REPLAY SESSION ID,COMPUTE KERNEL SOURCE,COMPUTE KERNEL HASH,DATA MOVEMENT KERNEL SOURCE,DATA MOVEMENT KERNEL HASH,PROGRAM HASH,PROGRAM CACHE HIT,TENSIX DM 0 MAX KERNEL SIZE [B],TENSIX DM 1 MAX KERNEL SIZE [B],TENSIX COMPUTE 0 MAX KERNEL SIZE [B],TENSIX COMPUTE 1 MAX KERNEL SIZE [B],TENSIX COMPUTE 2 MAX KERNEL SIZE [B],ACTIVE ETH DM 0 MAX KERNEL SIZE [B],ACTIVE ETH DM 1 MAX KERNEL SIZE [B],IDLE ETH DM 0 MAX KERNEL SIZE [B],IDLE ETH DM 1 MAX KERNEL SIZE [B],PM IDEAL [ns],PM COMPUTE [ns],PM BANDWIDTH [ns],PM REQ I BW,PM REQ O BW,PM FPU UTIL (%),NOC UTIL (%),MULTICAST NOC UTIL (%),DRAM BW UTIL (%),DRAM BW UTIL PER CTRL (%),ETH BW UTIL (%),NPE CONG IMPACT (%),TT_DNN_DEVICE_OP_TT_HOST_FUNC [ns]
TilizeDeviceOperation,tt_dnn_device,1027,3,blackhole,{'enough_space_height': 'true'; 'enough_space_width': 'true'; 'output_dtype': 'DataType::BFLOAT16'; 'output_mem_config': 'MemoryConfig(memory_layout=TensorMemoryLayout::INTERLEAVED;buffer_type=BufferType::DRAM;shard_spec=std::nullopt;nd_shard_spec=std::nullopt;created_with_nd_shard_spec=0)'; 'sub_core_grids': 'std::nullopt'; 'use_low_perf': 'false'; 'use_multicore': 'true'},HiFi4,90,110,,,3712807603,3712915889,108286,14122289408363,14122289636307,0,0,168847,162216,162216,,,,450,162215,160664,160759,147247,160964,,,,,,1[1],1[1],2048[2048],5120[5120],ROW_MAJOR,BFLOAT16,DEV_0_DRAM_INTERLEAVED,,,,,,,,,,,,,,,1[1],1[1],2048[2048],5120[5120],TILE,BFLOAT16,DEV_0_DRAM_INTERLEAVED,,,,,,,,,,,,,,,,,['ttnn/cpp/ttnn/operations/data_movement/tilize/device/kernels/compute/tilize_wh.cpp'],['tilize_wh/3462646505101473433/'],['ttnn/cpp/ttnn/operations/eltwise/unary/device/kernels/dataflow/writer_unary_interleaved_start_id_wh.cpp'; 'ttnn/cpp/ttnn/operations/data_movement/tilize_with_val_padding/device/kernels/dataflow/reader_unary_pad_multicore_both_dims.cpp'],['writer_unary_interleaved_start_id_wh/13185733169617654874/'; 'reader_unary_pad_multicore_both_dims/16987907450872916548/'],7906080297439492770,False,744,3032,1384,828,2184,0,0,0,0,1,1,1,[],[],0.001,,,,,,,108286
TilizeDeviceOperation,tt_dnn_device,2051,3,blackhole,{'enough_space_height': 'true'; 'enough_space_width': 'true'; 'output_dtype': 'DataType::BFLOAT16'; 'output_mem_config': 'MemoryConfig(memory_layout=TensorMemoryLayout::INTERLEAVED;buffer_type=BufferType::DRAM;shard_spec=std::nullopt;nd_shard_spec=std::nullopt;created_with_nd_shard_spec=0)'; 'sub_core_grids': 'std::nullopt'; 'use_low_perf': 'false'; 'use_multicore': 'true'},HiFi4,91,110,,,3732257952,3732335680,77728,14122315676564,14122315892722,19301403,19301337,160117,147806,147804,,,,250,147804,146402,146516,132970,146719,,,,,,1[1],1[1],4096[4096],2048[2048],ROW_MAJOR,BFLOAT16,DEV_0_DRAM_INTERLEAVED,,,,,,,,,,,,,,,1[1],1[1],4096[4096],2048[2048],TILE,BFLOAT16,DEV_0_DRAM_INTERLEAVED,,,,,,,,,,,,,,,,,['ttnn/cpp/ttnn/operations/data_movement/tilize/device/kernels/compute/tilize_wh.cpp'],['tilize_wh/8015709473972964319/'],['ttnn/cpp/ttnn/operations/eltwise/unary/device/kernels/dataflow/writer_unary_interleaved_start_id_wh.cpp'; 'ttnn/cpp/ttnn/operations/data_movement/tilize_with_val_padding/device/kernels/dataflow/reader_unary_pad_multicore_both_dims.cpp'],['writer_unary_interleaved_start_id_wh/4949688895654721602/'; 'reader_unary_pad_multicore_both_dims/16983970179483948642/'],12048250130100943949,False,744,3024,1380,1044,2156,0,0,0,0,1,1,1,[],[],0.001,,,,,,,77728
TilizeWithValPaddingDeviceOperation,tt_dnn_device,3075,3,blackhole,{'enough_space_height': 'true'; 'enough_space_width': 'true'; 'output_dtype': 'DataType::BFLOAT16'; 'output_mem_config': 'MemoryConfig(memory_layout=TensorMemoryLayout::INTERLEAVED;buffer_type=BufferType::DRAM;shard_spec=std::nullopt;nd_shard_spec=std::nullopt;created_with_nd_shard_spec=0)'; 'output_padded_shape': 'Shape([1; 1; 32; 2048])'; 'pad_value': '0'; 'sub_core_grids': 'std::nullopt'; 'use_multicore': 'true'},HiFi4,64,110,,,3737080625,3737142062,61437,14122322149669,14122322155406,4636233,4635866,4250,3267,3266,,,,150,3266,2826,2848,227,2890,,,,,,1[1],1[1],1[1],2048[2048],ROW_MAJOR,BFLOAT16,DEV_0_DRAM_INTERLEAVED,,,,,,,,,,,,,,,1[1],1[1],32[1],2048[2048],TILE,BFLOAT16,DEV_0_DRAM_INTERLEAVED,,,,,,,,,,,,,,,,,['ttnn/cpp/ttnn/operations/data_movement/tilize/device/kernels/compute/tilize_wh.cpp'],['tilize_wh/14307883186269081375/'],['ttnn/cpp/ttnn/operations/eltwise/unary/device/kernels/dataflow/writer_unary_interleaved_start_id_wh.cpp'; 'ttnn/cpp/ttnn/operations/data_movement/tilize_with_val_padding/device/kernels/dataflow/reader_unary_pad_multicore_both_dims.cpp'],['writer_unary_interleaved_start_id_wh/4992277251710934477/'; 'reader_unary_pad_multicore_both_dims/16704570900907146508/'],16411171134496090032,False,744,3028,1220,728,1548,0,0,0,0,1,1,1,[],[],0.031,,,,,,,61437
TilizeDeviceOperation,tt_dnn_device,4099,3,blackhole,{'enough_space_height': 'true'; 'enough_space_width': 'true'; 'output_dtype': 'DataType::BFLOAT16'; 'output_mem_config': 'MemoryConfig(memory_layout=TensorMemoryLayout::INTERLEAVED;buffer_type=BufferType::DRAM;shard_spec=std::nullopt;nd_shard_spec=std::nullopt;created_with_nd_shard_spec=0)'; 'sub_core_grids': 'std::nullopt'; 'use_low_perf': 'false'; 'use_multicore': 'true'},HiFi4,96,110,,,3745799536,3745862116,62580,14122333939453,14122334102280,8729997,8729997,120613,119564,119561,,,,259,119561,118364,118417,104722,118606,,,,,,1[1],1[1],2048[2048],3072[3072],ROW_MAJOR,BFLOAT16,DEV_0_DRAM_INTERLEAVED,,,,,,,,,,,,,,,1[1],1[1],2048[2048],3072[3072],TILE,BFLOAT16,DEV_0_DRAM_INTERLEAVED,,,,,,,,,,,,,,,,,['ttnn/cpp/ttnn/operations/data_movement/tilize/device/kernels/compute/tilize_wh.cpp'],['tilize_wh/10006650463071977216/'],['ttnn/cpp/ttnn/operations/eltwise/unary/device/kernels/dataflow/writer_unary_interleaved_start_id_wh.cpp'; 'ttnn/cpp/ttnn/operations/data_movement/tilize_with_val_padding/device/kernels/dataflow/reader_unary_pad_multicore_both_dims.cpp'],['writer_unary_interleaved_start_id_wh/1884211765208557606/'; 'reader_unary_pad_multicore_both_dims/3217739833133261086/'],9368616805478423464,False,744,3032,1300,1236,2172,0,0,0,0,1,1,1,[],[],0.001,,,,,,,62580
TilizeDeviceOperation,tt_dnn_device,5123,3,blackhole,{'enough_space_height': 'true'; 'enough_space_width': 'true'; 'output_dtype': 'DataType::BFLOAT16'; 'output_mem_config': 'MemoryConfig(memory_layout=TensorMemoryLayout::INTERLEAVED;buffer_type=BufferType::DRAM;shard_spec=std::nullopt;nd_shard_spec=std::nullopt;created_with_nd_shard_spec=0)'; 'sub_core_grids': 'std::nullopt'; 'use_low_perf': 'false'; 'use_multicore': 'true'},HiFi4,96,110,,,3749392816,3749401633,8817,14122338871189,14122339035607,3533570,3533593,121791,120733,120733,,,,224,120733,119527,119578,106110,119763,,,,,,1[1],1[1],2048[2048],3072[3072],ROW_MAJOR,BFLOAT16,DEV_0_DRAM_INTERLEAVED,,,,,,,,,,,,,,,1[1],1[1],2048[2048],3072[3072],TILE,BFLOAT16,DEV_0_DRAM_INTERLEAVED,,,,,,,,,,,,,,,,,['ttnn/cpp/ttnn/operations/data_movement/tilize/device/kernels/compute/tilize_wh.cpp'],['tilize_wh/10006650463071977216/'],['ttnn/cpp/ttnn/operations/eltwise/unary/device/kernels/dataflow/writer_unary_interleaved_start_id_wh.cpp'; 'ttnn/cpp/ttnn/operations/data_movement/tilize_with_val_padding/device/kernels/dataflow/reader_unary_pad_multicore_both_dims.cpp'],['writer_unary_interleaved_start_id_wh/1884211765208557606/'; 'reader_unary_pad_multicore_both_dims/3217739833133261086/'],9368616805478423464,False,744,3032,1300,1236,2172,0,0,0,0,1,1,1,[],[],0.001,,,,,,,8817
TilizeDeviceOperation,tt_dnn_device,6147,3,blackhole,{'enough_space_height': 'true'; 'enough_space_width': 'true'; 'output_dtype': 'DataType::BFLOAT16'; 'output_mem_config': 'MemoryConfig(memory_layout=TensorMemoryLayout::INTERLEAVED;buffer_type=BufferType::DRAM;shard_spec=std::nullopt;nd_shard_spec=std::nullopt;created_with_nd_shard_spec=0)'; 'sub_core_grids': 'std::nullopt'; 'use_low_perf': 'false'; 'use_multicore': 'true'},HiFi4,96,110,,,3757287987,3757357920,69933,14122349449031,14122349537008,7714686,7714745,65168,64111,64110,,,,232,64110,49404,50700,50567,50959,,,,,,1[1],1[1],3072[3072],2048[2048],ROW_MAJOR,BFLOAT16,DEV_0_DRAM_INTERLEAVED,,,,,,,,,,,,,,,1[1],1[1],3072[3072],2048[2048],TILE,BFLOAT16,DEV_0_DRAM_INTERLEAVED,,,,,,,,,,,,,,,,,['ttnn/cpp/ttnn/kernel/compute/tilize.cpp'],['tilize/7289933531915750056/'],['ttnn/cpp/ttnn/operations/eltwise/unary/device/kernels/dataflow/writer_unary_interleaved_start_id.cpp'; 'ttnn/cpp/ttnn/operations/data_movement/tilize/device/kernels/dataflow/reader_unary_stick_layout_split_rows_multicore.cpp'],['writer_unary_interleaved_start_id/12823350331057913928/'; 'reader_unary_stick_layout_split_rows_multicore/16118258048622377923/'],4374743764455794641,False,1000,856,1220,780,2036,0,0,0,0,1,1,1,[],[],0.002,,,,,,,69933
TilizeDeviceOperation,tt_dnn_device,7171,3,blackhole,{'enough_space_height': 'true'; 'enough_space_width': 'true'; 'output_dtype': 'DataType::BFLOAT16'; 'output_mem_config': 'MemoryConfig(memory_layout=TensorMemoryLayout::INTERLEAVED;buffer_type=BufferType::DRAM;shard_spec=std::nullopt;nd_shard_spec=std::nullopt;created_with_nd_shard_spec=0)'; 'sub_core_grids': 'std::nullopt'; 'use_low_perf': 'false'; 'use_multicore': 'true'},HiFi4,108,110,,,3777967840,3778037673,69833,14122377389027,14122377632592,20639713,20639713,180419,171787,171787,,,,447,171787,170235,170350,157126,170561,,,,,,1[1],1[1],2048[2048],6144[6144],ROW_MAJOR,BFLOAT16,DEV_0_DRAM_INTERLEAVED,,,,,,,,,,,,,,,1[1],1[1],2048[2048],6144[6144],TILE,BFLOAT16,DEV_0_DRAM_INTERLEAVED,,,,,,,,,,,,,,,,,['ttnn/cpp/ttnn/operations/data_movement/tilize/device/kernels/compute/tilize_wh.cpp'],['tilize_wh/3462646505101473433/'],['ttnn/cpp/ttnn/operations/eltwise/unary/device/kernels/dataflow/writer_unary_interleaved_start_id_wh.cpp'; 'ttnn/cpp/ttnn/operations/data_movement/tilize_with_val_padding/device/kernels/dataflow/reader_unary_pad_multicore_both_dims.cpp'],['writer_unary_interleaved_start_id_wh/17640764189522234673/'; 'reader_unary_pad_multicore_both_dims/16632702657091872067/'],9459599816595502938,False,744,3020,1384,828,2184,0,0,0,0,1,1,1,[],[],0.001,,,,,,,69833
TilizeDeviceOperation,tt_dnn_device,8195,3,blackhole,{'enough_space_height': 'true'; 'enough_space_width': 'true'; 'output_dtype': 'DataType::BFLOAT16'; 'output_mem_config': 'MemoryConfig(memory_layout=TensorMemoryLayout::INTERLEAVED;buffer_type=BufferType::DRAM;shard_spec=std::nullopt;nd_shard_spec=std::nullopt;created_with_nd_shard_spec=0)'; 'sub_core_grids': 'std::nullopt'; 'use_low_perf': 'false'; 'use_multicore': 'true'},HiFi4,64,110,,,3784997380,3785057335,59955,14122386833889,14122386870009,6816779,6816779,26756,25763,25763,,,,186,25763,25190,25212,239,13494,,,,,,1[1],1[1],128[128],2048[2048],ROW_MAJOR,BFLOAT16,DEV_0_DRAM_INTERLEAVED,,,,,,,,,,,,,,,1[1],1[1],128[128],2048[2048],TILE,BFLOAT16,DEV_0_DRAM_INTERLEAVED,,,,,,,,,,,,,,,,,['ttnn/cpp/ttnn/operations/data_movement/tilize/device/kernels/compute/tilize_wh.cpp'],['tilize_wh/4510407878363710737/'],['ttnn/cpp/ttnn/operations/eltwise/unary/device/kernels/dataflow/writer_unary_interleaved_start_id_wh.cpp'; 'ttnn/cpp/ttnn/operations/data_movement/tilize_with_val_padding/device/kernels/dataflow/reader_unary_pad_multicore_both_dims.cpp'],['writer_unary_interleaved_start_id_wh/10562345093094060962/'; 'reader_unary_pad_multicore_both_dims/14053381996748147242/'],17140516520337088125,False,744,3024,1228,788,2116,0,0,0,0,1,1,1,[],[],0.004,,,,,,,59955
TilizeDeviceOperation,tt_dnn_device,9219,3,blackhole,{'enough_space_height': 'true'; 'enough_space_width': 'true'; 'output_dtype': 'DataType::BFLOAT16'; 'output_mem_config': 'MemoryConfig(memory_layout=TensorMemoryLayout::INTERLEAVED;buffer_type=BufferType::DRAM;shard_spec=std::nullopt;nd_shard_spec=std::nullopt;created_with_nd_shard_spec=0)'; 'sub_core_grids': 'std::nullopt'; 'use_low_perf': 'false'; 'use_multicore': 'true'},HiFi4,4,110,,,3788916461,3788970154,53693,14122392089871,14122392093530,3866550,3866893,2710,2113,2108,,,,121,2058,1244,1316,187,1365,,,,,,1[1],1[1],128[128],128[128],ROW_MAJOR,BFLOAT16,DEV_0_DRAM_INTERLEAVED,,,,,,,,,,,,,,,1[1],1[1],128[128],128[128],TILE,BFLOAT16,DEV_0_DRAM_INTERLEAVED,,,,,,,,,,,,,,,,,['ttnn/cpp/ttnn/kernel/compute/tilize.cpp'],['tilize/9207119747511123796/'],['ttnn/cpp/ttnn/operations/eltwise/unary/device/kernels/dataflow/writer_unary_interleaved_start_id.cpp'; 'ttnn/cpp/ttnn/operations/data_movement/tilize/device/kernels/dataflow/reader_unary_stick_layout_split_rows_multicore.cpp'],['writer_unary_interleaved_start_id/12823350331057913928/'; 'reader_unary_stick_layout_split_rows_multicore/5137991844069086675/'],3325616434601753784,False,1000,860,1168,768,2012,0,0,0,0,1,1,1,[],[],0.047,,,,,,,53693
TilizeDeviceOperation,tt_dnn_device,10243,3,blackhole,{'enough_space_height': 'true'; 'enough_space_width': 'true'; 'output_dtype': 'DataType::BFLOAT16'; 'output_mem_config': 'MemoryConfig(memory_layout=TensorMemoryLayout::INTERLEAVED;buffer_type=BufferType::DRAM;shard_spec=std::nullopt;nd_shard_spec=std::nullopt;created_with_nd_shard_spec=0)'; 'sub_core_grids': 'std::nullopt'; 'use_low_perf': 'false'; 'use_multicore': 'true'},HiFi4,4,110,,,3789056308,3789060616,4308,14122392281798,14122392285354,140107,140107,2634,2019,2019,,,,96,1989,1164,1230,177,1309,,,,,,1[1],1[1],128[128],128[128],ROW_MAJOR,BFLOAT16,DEV_0_DRAM_INTERLEAVED,,,,,,,,,,,,,,,1[1],1[1],128[128],128[128],TILE,BFLOAT16,DEV_0_DRAM_INTERLEAVED,,,,,,,,,,,,,,,,,['ttnn/cpp/ttnn/kernel/compute/tilize.cpp'],['tilize/9207119747511123796/'],['ttnn/cpp/ttnn/operations/eltwise/unary/device/kernels/dataflow/writer_unary_interleaved_start_id.cpp'; 'ttnn/cpp/ttnn/operations/data_movement/tilize/device/kernels/dataflow/reader_unary_stick_layout_split_rows_multicore.cpp'],['writer_unary_interleaved_start_id/12823350331057913928/'; 'reader_unary_stick_layout_split_rows_multicore/5137991844069086675/'],3325616434601753784,False,1000,860,1168,768,2012,0,0,0,0,1,1,1,[],[],0.05,,,,,,,4308
LayerNormDeviceOperation,tt_dnn_device,11267,3,blackhole,{'compute_kernel_config': 'ComputeKernelConfig(math_fidelity=HiFi4;math_approx_mode=1;fp32_dest_acc_en=0;packer_l1_acc=0;dst_full_sync_en=0;throttle_level=ThrottleLevel::NO_THROTTLE)'; 'distributed_norm_stage': 'DistributedLayerNormStage::NOT_DISTRIBUTED'; 'dtype': 'std::nullopt'; 'eps': '1e-06'; 'fused_activation': 'std::nullopt'; 'norm_type': 'LayerNormType::RMSNORM'; 'output_mem_config': 'MemoryConfig(memory_layout=TensorMemoryLayout::INTERLEAVED;buffer_type=BufferType::DRAM;shard_spec=std::nullopt;nd_shard_spec=std::nullopt;created_with_nd_shard_spec=0)'; 'program_config': 'LayerNormDefaultProgramConfig(legacy_reduction=0;legacy_rsqrt=0;use_welford=0)'},HiFi4,4,110,,,3793347458,3793417672,70214,14122398077740,14122398113667,4291133,4291257,26613,26105,25950,,,,276,25865,12324,25033,25137,25297,,,,,,1[1],1[1],128[128],2048[2048],TILE,BFLOAT16,DEV_0_DRAM_INTERLEAVED,1[1],1[1],32[1],2048[2048],TILE,BFLOAT16,DEV_0_DRAM_INTERLEAVED,,,,,,,,1[1],1[1],128[128],2048[2048],TILE,BFLOAT16,DEV_0_DRAM_INTERLEAVED,,,,,,,,,,,,,,,,,['ttnn/cpp/ttnn/operations/normalization/layernorm/device/kernels/compute/layernorm.cpp'],['layernorm/2715421386497350779/'],['ttnn/cpp/ttnn/operations/normalization/layernorm/device/kernels/dataflow/writer_unary_interleaved_start_id_blocked.cpp'; 'ttnn/cpp/ttnn/operations/normalization/layernorm/device/kernels/dataflow/reader_unary_interleaved_ln.cpp'],['writer_unary_interleaved_start_id_blocked/7143009526625848983/'; 'reader_unary_interleaved_ln/11410384521337529621/'],8680554653117418128,False,812,1684,3388,2536,3388,0,0,0,0,1,1,1,[],[],0.004,,,,,,,70214
MatmulDeviceOperation,tt_dnn_device,12291,3,blackhole,{'bcast_batch': 'true'; 'compute_kernel_config': 'ComputeKernelConfig(math_fidelity=HiFi2;math_approx_mode=0;fp32_dest_acc_en=0;packer_l1_acc=1;dst_full_sync_en=0;throttle_level=ThrottleLevel::NO_THROTTLE)'; 'global_cb': 'std::nullopt'; 'output_dtype': 'DataType::BFLOAT16'; 'output_mem_config': 'MemoryConfig(memory_layout=TensorMemoryLayout::INTERLEAVED;buffer_type=BufferType::DRAM;shard_spec=std::nullopt;nd_shard_spec=std::nullopt;created_with_nd_shard_spec=0)'; 'output_tile': 'Tile(tile_shape={32; 32};face_shape={16; 16};num_faces=4)'; 'program_config': 'MatmulMultiCoreReuseMultiCast1DProgramConfig(compute_with_storage_grid_size=11-10;in0_block_w=2;out_subblock_h=4;out_subblock_w=2;out_block_h=4;out_block_w=2;per_core_M=4;per_core_N=2;fuse_batch=0;fused_activation=std::nullopt;mcast_in0=1;gather_in0=0;hop_cores={};num_global_cb_receivers=0;untilize_out=0;allowed_worker_cores={[0-0 - 10-9]})'; 'sub_device_id': 'std::nullopt'; 'transpose_a': 'false'; 'transpose_b': 'false'; 'untilize_out': 'false'; 'user_core_coord': 'std::nullopt'; 'user_fused_activation': 'std::nullopt'; 'user_run_batched': 'false'},HiFi2,80,110,,,3798126489,3798239875,113386,14122404535388,14122404621245,4758638,4758638,63598,61807,61807,,,,289,61806,53016,54159,54144,54599,,,,,,1[1],1[1],128[128],2048[2048],TILE,BFLOAT16,DEV_0_DRAM_INTERLEAVED,1[1],1[1],2048[2048],5120[5120],TILE,BFLOAT16,DEV_0_DRAM_INTERLEAVED,,,,,,,,1[1],1[1],128[128],5120[5120],TILE,BFLOAT16,DEV_0_DRAM_INTERLEAVED,,,,,,,,,,,,,,,,,['ttnn/cpp/ttnn/operations/matmul/device/kernels/compute/bmm_large_block_zm_fused_bias_activation.cpp'],['bmm_large_block_zm_fused_bias_activation/13619820825632786441/'],['ttnn/cpp/ttnn/operations/matmul/device/kernels/dataflow/reader_bmm_tile_layout_in1_sender_writer_padding.cpp'; 'ttnn/cpp/ttnn/operations/matmul/device/kernels/dataflow/reader_bmm_tile_layout_in0_receiver.cpp'; 'ttnn/cpp/ttnn/operations/matmul/device/kernels/dataflow/reader_bmm_tile_layout_in0_sender_padding.cpp'],['reader_bmm_tile_layout_in1_sender_writer_padding/15516044502111548640/'; 'reader_bmm_tile_layout_in0_receiver/8006664361917647778/'; 'reader_bmm_tile_layout_in0_sender_padding/16160090226343344771/'],7827833380726360489,False,1684,1144,2080,2204,3508,0,0,0,0,38146,8827,38146,[13.744245529174805; 549.7698364257812],[34.36061477661133],14.282,,,,,,,113386
NlpCreateHeadsDeviceOperation,tt_dnn_device,13315,3,blackhole,{'head_dim': '128'; 'num_kv_heads': '4'; 'num_q_heads': '32'; 'output_mem_config': 'MemoryConfig(memory_layout=TensorMemoryLayout::INTERLEAVED;buffer_type=BufferType::DRAM;shard_spec=std::nullopt;nd_shard_spec=std::nullopt;created_with_nd_shard_spec=0)'; 'transpose_k_heads': 'false'},,4,110,,,3800086285,3800130559,44274,14122407173328,14122407264422,1891047,1891047,67477,66865,66865,,,,87,66865,66530,,,,,,,,,1[1],1[1],128[128],5120[5120],TILE,BFLOAT16,DEV_0_DRAM_INTERLEAVED,,,,,,,,,,,,,,,1[1],32[32],128[128],128[128],TILE,BFLOAT16,DEV_0_DRAM_INTERLEAVED,1[1],4[4],128[128],128[128],TILE,BFLOAT16,DEV_0_DRAM_INTERLEAVED,1[1],4[4],128[128],128[128],TILE,BFLOAT16,DEV_0_DRAM_INTERLEAVED,,,[],[],['ttnn/cpp/ttnn/operations/experimental/transformer/nlp_create_qkv_heads/device/kernels/dataflow/writer_tm_tile_layout_nlp_create_qkv_heads.cpp'; 'ttnn/cpp/ttnn/operations/experimental/transformer/nlp_create_qkv_heads/device/kernels/dataflow/reader_tm_tile_layout_nlp_create_qkv_heads.cpp'],['writer_tm_tile_layout_nlp_create_qkv_heads/4852806476994253817/'; 'reader_tm_tile_layout_nlp_create_qkv_heads/17529215431507550100/'],5822307527167485334,False,1344,1104,0,0,0,0,0,0,0,1,1,1,[],[],0.001,,,,,,,44274
RotaryEmbeddingDeviceOperation,tt_dnn_device,14339,3,blackhole,{'compute_kernel_config': 'ComputeKernelConfig(math_fidelity=HiFi4;math_approx_mode=1;fp32_dest_acc_en=0;packer_l1_acc=0;dst_full_sync_en=0;throttle_level=ThrottleLevel::NO_THROTTLE)'; 'output_mem_config': 'MemoryConfig(memory_layout=TensorMemoryLayout::INTERLEAVED;buffer_type=BufferType::DRAM;shard_spec=std::nullopt;nd_shard_spec=std::nullopt;created_with_nd_shard_spec=0)'; 'seq_len': '128'; 'token_idx': 'std::nullopt'},HiFi4,110,110,,,3805930816,3805990109,59293,14122415071741,14122415112489,5784851,5784851,30184,28610,28610,,,,436,28610,28018,28243,28110,28126,,,,,,1[1],32[32],128[128],128[128],TILE,BFLOAT16,DEV_0_DRAM_INTERLEAVED,1[1],1[1],128[128],128[128],TILE,BFLOAT16,DEV_0_DRAM_INTERLEAVED,1[1],1[1],128[128],128[128],TILE,BFLOAT16,DEV_0_DRAM_INTERLEAVED,1[1],32[32],128[128],128[128],TILE,BFLOAT16,DEV_0_DRAM_INTERLEAVED,,,,,,,,,,,,,,,,,['ttnn/cpp/ttnn/operations/experimental/transformer/rotary_embedding/device/kernels/compute/rotary_embedding.cpp'],['rotary_embedding/1679027051022344736/'],['ttnn/cpp/ttnn/operations/experimental/transformer/rotary_embedding/device/kernels/dataflow/writer_rotary_embedding_interleaved_start_id.cpp'; 'ttnn/cpp/ttnn/operations/experimental/transformer/rotary_embedding/device/kernels/dataflow/reader_rotary_embedding_interleaved_start_id.cpp'],['writer_rotary_embedding_interleaved_start_id/17446569591208785328/'; 'reader_rotary_embedding_interleaved_start_id/2259083254108590300/'],11317054064648459670,False,964,2380,3032,1756,2988,0,0,0,0,1,1,1,[],[],0.003,,,,,,,59293
RotaryEmbeddingDeviceOperation,tt_dnn_device,15363,3,blackhole,{'compute_kernel_config': 'ComputeKernelConfig(math_fidelity=HiFi4;math_approx_mode=1;fp32_dest_acc_en=0;packer_l1_acc=0;dst_full_sync_en=0;throttle_level=ThrottleLevel::NO_THROTTLE)'; 'output_mem_config': 'MemoryConfig(memory_layout=TensorMemoryLayout::INTERLEAVED;buffer_type=BufferType::DRAM;shard_spec=std::nullopt;nd_shard_spec=std::nullopt;created_with_nd_shard_spec=0)'; 'seq_len': '128'; 'token_idx': 'std::nullopt'},HiFi4,16,110,,,3806250927,3806289731,38804,14122415490988,14122415502588,281053,281099,8593,7896,7879,,,,362,7833,7280,7471,7398,7361,,,,,,1[1],4[4],128[128],128[128],TILE,BFLOAT16,DEV_0_DRAM_INTERLEAVED,1[1],1[1],128[128],128[128],TILE,BFLOAT16,DEV_0_DRAM_INTERLEAVED,1[1],1[1],128[128],128[128],TILE,BFLOAT16,DEV_0_DRAM_INTERLEAVED,1[1],4[4],128[128],128[128],TILE,BFLOAT16,DEV_0_DRAM_INTERLEAVED,,,,,,,,,,,,,,,,,['ttnn/cpp/ttnn/operations/experimental/transformer/rotary_embedding/device/kernels/compute/rotary_embedding.cpp'],['rotary_embedding/1679027051022344736/'],['ttnn/cpp/ttnn/operations/experimental/transformer/rotary_embedding/device/kernels/dataflow/writer_rotary_embedding_interleaved_start_id.cpp'; 'ttnn/cpp/ttnn/operations/experimental/transformer/rotary_embedding/device/kernels/dataflow/reader_rotary_embedding_interleaved_start_id.cpp'],['writer_rotary_embedding_interleaved_start_id/17446569591208785328/'; 'reader_rotary_embedding_interleaved_start_id/2259083254108590300/'],8054866007483348938,False,964,2380,3000,1728,2964,0,0,0,0,1,1,1,[],[],0.013,,,,,,,38804
PagedFillCacheDeviceOperation,tt_dnn_device,16387,3,blackhole,{'batch_idx_fallback': '0'; 'block_size_override': 'std::nullopt'; 'cache_position_modulo': 'std::nullopt'; 'mesh_coords': 'std::nullopt'; 'noop': 'false'},,16,110,,,3808047361,3808090814,43453,14122417922333,14122417925374,1792627,1792627,2253,1567,1567,,,,132,1567,819,,,,,,,,,4[4],4[4],32[32],128[128],TILE,BFLOAT16,DEV_0_DRAM_INTERLEAVED,1[1],4[4],128[128],128[128],TILE,BFLOAT16,DEV_0_DRAM_INTERLEAVED,1[1],1[1],1[1],4[4],ROW_MAJOR,INT32,DEV_0_DRAM_INTERLEAVED,4[4],4[4],32[32],128[128],TILE,BFLOAT16,DEV_0_DRAM_INTERLEAVED,,,,,,,,,,,,,,,,,[],[],['ttnn/cpp/ttnn/operations/experimental/paged_cache/device/kernels/dataflow/writer_fill_cache_interleaved.cpp'; 'ttnn/cpp/ttnn/operations/experimental/paged_cache/device/kernels/dataflow/reader_fill_cache_interleaved.cpp'],['writer_fill_cache_interleaved/18344311534810825388/'; 'reader_fill_cache_interleaved/14127415952242961771/'],15818952878281251638,False,1124,700,0,0,0,0,0,0,0,1,1,1,[],[],0.064,,,,,,,43453
PagedFillCacheDeviceOperation,tt_dnn_device,17411,3,blackhole,{'batch_idx_fallback': '0'; 'block_size_override': 'std::nullopt'; 'cache_position_modulo': 'std::nullopt'; 'mesh_coords': 'std::nullopt'; 'noop': 'false'},,16,110,,,3808110111,3808111594,1483,14122418007674,14122418010601,61621,61621,2168,1502,1502,,,,132,1501,824,,,,,,,,,4[4],4[4],32[32],128[128],TILE,BFLOAT16,DEV_0_DRAM_INTERLEAVED,1[1],4[4],128[128],128[128],TILE,BFLOAT16,DEV_0_DRAM_INTERLEAVED,1[1],1[1],1[1],4[4],ROW_MAJOR,INT32,DEV_0_DRAM_INTERLEAVED,4[4],4[4],32[32],128[128],TILE,BFLOAT16,DEV_0_DRAM_INTERLEAVED,,,,,,,,,,,,,,,,,[],[],['ttnn/cpp/ttnn/operations/experimental/paged_cache/device/kernels/dataflow/writer_fill_cache_interleaved.cpp'; 'ttnn/cpp/ttnn/operations/experimental/paged_cache/device/kernels/dataflow/reader_fill_cache_interleaved.cpp'],['writer_fill_cache_interleaved/18344311534810825388/'; 'reader_fill_cache_interleaved/14127415952242961771/'],15818952878281251638,False,1124,700,0,0,0,0,0,0,0,1,1,1,[],[],0.067,,,,,,,1483
SDPAOperation,tt_dnn_device,18435,3,blackhole,{'chunk_start_idx': 'std::nullopt'; 'chunk_start_idx_tensor': 'std::nullopt'; 'compute_kernel_config': 'ComputeKernelConfig(math_fidelity=HiFi2;math_approx_mode=1;fp32_dest_acc_en=0;packer_l1_acc=0;dst_full_sync_en=0;throttle_level=ThrottleLevel::NO_THROTTLE)'; 'head_dim_v': 'std::nullopt'; 'is_causal': 'true'; 'output_mem_config': 'MemoryConfig(memory_layout=TensorMemoryLayout::INTERLEAVED;buffer_type=BufferType::DRAM;shard_spec=std::nullopt;nd_shard_spec=std::nullopt;created_with_nd_shard_spec=0)'; 'program_config': 'std::nullopt'; 'scale': '0.088388346'; 'sliding_window_size': 'std::nullopt'; 'use_mla': 'false'},HiFi2,110,110,,,3812712565,3812783821,71256,14122424225653,14122424258244,4604433,4604433,24141,23472,23472,,,,506,23377,21679,22814,22870,22824,,,,,,1[1],32[32],128[128],128[128],TILE,BFLOAT16,DEV_0_DRAM_INTERLEAVED,1[1],4[4],128[128],128[128],TILE,BFLOAT16,DEV_0_DRAM_INTERLEAVED,1[1],4[4],128[128],128[128],TILE,BFLOAT16,DEV_0_DRAM_INTERLEAVED,1[1],32[32],128[128],128[128],TILE,BFLOAT16,DEV_0_DRAM_INTERLEAVED,,,,,,,,,,,,,,,,,['ttnn/cpp/ttnn/operations/transformer/sdpa/device/kernels/compute/sdpa.cpp'],['sdpa/3496833249097060699/'],['ttnn/cpp/ttnn/operations/transformer/sdpa/device/kernels/dataflow/writer_interleaved.cpp'; 'ttnn/cpp/ttnn/operations/transformer/sdpa/device/kernels/dataflow/reader_interleaved.cpp'],['writer_interleaved/2494870053913788173/'; 'reader_interleaved/4190627112422103703/'],5860097373966650096,False,1904,1716,7648,6120,6880,0,0,0,0,1907,442,1907,[549.8563232421875; 68.73204040527344; 68.73204040527344],[549.8563232421875],1.883,,,,,,,71256
NLPConcatHeadsDeviceOperation,tt_dnn_device,19459,3,blackhole,{'output_mem_config': 'MemoryConfig(memory_layout=TensorMemoryLayout::INTERLEAVED;buffer_type=BufferType::DRAM;shard_spec=std::nullopt;nd_shard_spec=std::nullopt;created_with_nd_shard_spec=0)'},,4,110,,,3814502888,3814540008,37120,14122426636053,14122426709524,1761936,1761936,54423,53835,53835,,,,80,53835,53556,,,,,,,,,1[1],32[32],128[128],128[128],TILE,BFLOAT16,DEV_0_DRAM_INTERLEAVED,,,,,,,,,,,,,,,1[1],1[1],128[128],4096[4096],TILE,BFLOAT16,DEV_0_DRAM_INTERLEAVED,,,,,,,,,,,,,,,,,[],[],['ttnn/cpp/ttnn/operations/eltwise/unary/device/kernels/dataflow/writer_unary_interleaved_start_id.cpp'; 'ttnn/cpp/ttnn/operations/experimental/transformer/nlp_concat_heads/device/kernels/dataflow/reader_tm_tile_layout_nlp_concat_heads.cpp'],['writer_unary_interleaved_start_id/7768588342143663468/'; 'reader_tm_tile_layout_nlp_concat_heads/4952854910287368570/'],18111044661240681667,False,1000,808,0,0,0,0,0,0,0,1,1,1,[],[],0.002,,,,,,,37120
MatmulDeviceOperation,tt_dnn_device,20483,3,blackhole,{'bcast_batch': 'true'; 'compute_kernel_config': 'ComputeKernelConfig(math_fidelity=HiFi2;math_approx_mode=0;fp32_dest_acc_en=0;packer_l1_acc=1;dst_full_sync_en=0;throttle_level=ThrottleLevel::NO_THROTTLE)'; 'global_cb': 'std::nullopt'; 'output_dtype': 'DataType::BFLOAT16'; 'output_mem_config': 'MemoryConfig(memory_layout=TensorMemoryLayout::INTERLEAVED;buffer_type=BufferType::DRAM;shard_spec=std::nullopt;nd_shard_spec=std::nullopt;created_with_nd_shard_spec=0)'; 'output_tile': 'Tile(tile_shape={32; 32};face_shape={16; 16};num_faces=4)'; 'program_config': 'MatmulMultiCoreReuseMultiCast1DProgramConfig(compute_with_storage_grid_size=11-10;in0_block_w=2;out_subblock_h=4;out_subblock_w=1;out_block_h=4;out_block_w=1;per_core_M=4;per_core_N=1;fuse_batch=0;fused_activation=std::nullopt;mcast_in0=1;gather_in0=0;hop_cores={};num_global_cb_receivers=0;untilize_out=0;allowed_worker_cores={[0-0 - 10-9]})'; 'sub_device_id': 'std::nullopt'; 'transpose_a': 'false'; 'transpose_b': 'false'; 'untilize_out': 'false'; 'user_core_coord': 'std::nullopt'; 'user_fused_activation': 'std::nullopt'; 'user_run_batched': 'false'},HiFi2,64,110,,,3819221663,3819300363,78700,14122433012623,14122433143935,4670794,4670794,97268,95410,95410,,,,294,95410,91251,91539,91472,91806,,,,,,1[1],1[1],128[128],4096[4096],TILE,BFLOAT16,DEV_0_DRAM_INTERLEAVED,1[1],1[1],4096[4096],2048[2048],TILE,BFLOAT16,DEV_0_DRAM_INTERLEAVED,,,,,,,,1[1],1[1],128[128],2048[2048],TILE,BFLOAT16,DEV_0_DRAM_INTERLEAVED,,,,,,,,,,,,,,,,,['ttnn/cpp/ttnn/operations/matmul/device/kernels/compute/bmm_large_block_zm_fused_bias_activation.cpp'],['bmm_large_block_zm_fused_bias_activation/5187819949037309123/'],['ttnn/cpp/ttnn/operations/matmul/device/kernels/dataflow/reader_bmm_tile_layout_in1_sender_writer_padding.cpp'; 'ttnn/cpp/ttnn/operations/matmul/device/kernels/dataflow/reader_bmm_tile_layout_in0_receiver.cpp'; 'ttnn/cpp/ttnn/operations/matmul/device/kernels/dataflow/reader_bmm_tile_layout_in0_sender_padding.cpp'],['reader_bmm_tile_layout_in1_sender_writer_padding/1445782521944134521/'; 'reader_bmm_tile_layout_in0_receiver/12823147275347911370/'; 'reader_bmm_tile_layout_in0_sender_padding/15005356539006021298/'],16274167310142060712,False,1576,1136,2032,1952,2884,0,0,0,0,30517,7062,30517,[34.360389709472656; 549.7662353515625],[17.180194854736328],7.402,,,,,,,78700
MatmulDeviceOperation,tt_dnn_device,21507,3,blackhole,{'bcast_batch': 'true'; 'compute_kernel_config': 'ComputeKernelConfig(math_fidelity=HiFi2;math_approx_mode=0;fp32_dest_acc_en=0;packer_l1_acc=1;dst_full_sync_en=0;throttle_level=ThrottleLevel::NO_THROTTLE)'; 'global_cb': 'std::nullopt'; 'output_dtype': 'DataType::BFLOAT16'; 'output_mem_config': 'MemoryConfig(memory_layout=TensorMemoryLayout::INTERLEAVED;buffer_type=BufferType::DRAM;shard_spec=std::nullopt;nd_shard_spec=std::nullopt;created_with_nd_shard_spec=0)'; 'output_tile': 'Tile(tile_shape={32; 32};face_shape={16; 16};num_faces=4)'; 'program_config': 'MatmulMultiCoreReuseMultiCast1DProgramConfig(compute_with_storage_grid_size=11-10;in0_block_w=2;out_subblock_h=4;out_subblock_w=2;out_block_h=4;out_block_w=2;per_core_M=4;per_core_N=2;fuse_batch=0;fused_activation=std::nullopt;mcast_in0=1;gather_in0=0;hop_cores={};num_global_cb_receivers=0;untilize_out=0;allowed_worker_cores={[0-0 - 10-9]})'; 'sub_device_id': 'std::nullopt'; 'transpose_a': 'false'; 'transpose_b': 'false'; 'untilize_out': 'false'; 'user_core_coord': 'std::nullopt'; 'user_fused_activation': 'std::nullopt'; 'user_run_batched': 'false'},HiFi2,96,110,,,4119892021,4120016668,124647,14122838910800,14122839017365,300569683,300569683,78937,77014,77014,,,,264,77014,66373,67233,67212,67659,,,,,,1[1],1[1],128[128],2048[2048],TILE,BFLOAT16,DEV_0_DRAM_INTERLEAVED,1[1],1[1],2048[2048],6144[6144],TILE,BFLOAT16,DEV_0_DRAM_INTERLEAVED,,,,,,,,1[1],1[1],128[128],6144[6144],TILE,BFLOAT16,DEV_0_DRAM_INTERLEAVED,,,,,,,,,,,,,,,,,['ttnn/cpp/ttnn/operations/matmul/device/kernels/compute/bmm_large_block_zm_fused_bias_activation.cpp'],['bmm_large_block_zm_fused_bias_activation/13619820825632786441/'],['ttnn/cpp/ttnn/operations/matmul/device/kernels/dataflow/reader_bmm_tile_layout_in1_sender_writer_padding.cpp'; 'ttnn/cpp/ttnn/operations/matmul/device/kernels/dataflow/reader_bmm_tile_layout_in0_receiver.cpp'; 'ttnn/cpp/ttnn/operations/matmul/device/kernels/dataflow/reader_bmm_tile_layout_in0_sender_padding.cpp'],['reader_bmm_tile_layout_in1_sender_writer_padding/3807387344305590838/'; 'reader_bmm_tile_layout_in0_receiver/8006664361917647778/'; 'reader_bmm_tile_layout_in0_sender_padding/10516521948223488451/'],13325188407947720334,False,1688,1144,2080,2204,3508,0,0,0,0,45776,10592,45776,[11.453337669372559; 549.76025390625],[34.360015869140625],13.753,,,,,,,124647
SliceDeviceOperation,tt_dnn_device,22531,3,blackhole,{'num_devices': 'std::nullopt'; 'output_mem_config': 'MemoryConfig(memory_layout=TensorMemoryLayout::INTERLEAVED;buffer_type=BufferType::DRAM;shard_spec=std::nullopt;nd_shard_spec=std::nullopt;created_with_nd_shard_spec=0)'; 'slice_dim': 'std::nullopt'; 'slice_end': 'Shape([1; 1; 128; 3072])'; 'slice_start': 'Shape([0; 0; 0; 0])'; 'step': 'Shape([1; 1; 1; 1])'; 'sub_core_grids': 'std::nullopt'; 'use_tensor_args': 'false'},,110,110,,,4122382639,4122447723,65084,14122842272891,14122842280472,2412030,2412030,5616,5028,5028,,,,166,5021,4742,,,,,,,,,1[1],1[1],128[128],6144[6144],TILE,BFLOAT16,DEV_0_DRAM_INTERLEAVED,,,,,,,,,,,,,,,1[1],1[1],128[128],3072[3072],TILE,BFLOAT16,DEV_0_DRAM_INTERLEAVED,,,,,,,,,,,,,,,,,[],[],['ttnn/cpp/ttnn/operations/data_movement/slice/device/kernels/dataflow/writer_unary_interleaved_start_id.cpp'; 'ttnn/cpp/ttnn/operations/data_movement/slice/device/kernels/dataflow/reader_unary_unpad_dims_interleaved_start_id.cpp'],['writer_unary_interleaved_start_id/11396476643056635318/'; 'reader_unary_unpad_dims_interleaved_start_id/15985850001773238796/'],6465939008932021591,False,680,716,0,0,0,0,0,0,0,2861,2763,2861,[549.76025390625],[274.880126953125],54.952,,,,,,,65084
SliceDeviceOperation,tt_dnn_device,23555,3,blackhole,{'num_devices': 'std::nullopt'; 'output_mem_config': 'MemoryConfig(memory_layout=TensorMemoryLayout::INTERLEAVED;buffer_type=BufferType::DRAM;shard_spec=std::nullopt;nd_shard_spec=std::nullopt;created_with_nd_shard_spec=0)'; 'slice_dim': 'std::nullopt'; 'slice_end': 'Shape([1; 1; 128; 6144])'; 'slice_start': 'Shape([0; 0; 0; 3072])'; 'step': 'Shape([1; 1; 1; 1])'; 'sub_core_grids': 'std::nullopt'; 'use_tensor_args': 'false'},,110,110,,,4122804994,4122851502,46508,14122842843243,14122842850528,417464,417464,5396,4809,4809,,,,164,4799,4531,,,,,,,,,1[1],1[1],128[128],6144[6144],TILE,BFLOAT16,DEV_0_DRAM_INTERLEAVED,,,,,,,,,,,,,,,1[1],1[1],128[128],3072[3072],TILE,BFLOAT16,DEV_0_DRAM_INTERLEAVED,,,,,,,,,,,,,,,,,[],[],['ttnn/cpp/ttnn/operations/data_movement/slice/device/kernels/dataflow/writer_unary_interleaved_start_id.cpp'; 'ttnn/cpp/ttnn/operations/data_movement/slice/device/kernels/dataflow/reader_unary_unpad_dims_interleaved_start_id.cpp'],['writer_unary_interleaved_start_id/11396476643056635318/'; 'reader_unary_unpad_dims_interleaved_start_id/15985850001773238796/'],371952100256401507,False,680,716,0,0,0,0,0,0,0,2861,2763,2861,[549.76025390625],[274.880126953125],57.455,,,,,,,46508
BinaryNgDeviceOperation,tt_dnn_device,24579,3,blackhole,{'atol': '0'; 'binary_op_type': 'BinaryOpType::MUL'; 'compute_kernel_config': 'std::nullopt'; 'dtype': 'DataType::BFLOAT16'; 'equal_nan': 'false'; 'input_dtype': 'DataType::BFLOAT16'; 'input_layout_a': 'Layout::TILE'; 'input_layout_b': 'Layout::TILE'; 'is_quant_op': 'false'; 'is_sfpu': 'true'; 'is_where_op': 'false'; 'lhs_activations': '{BasicUnaryWithParam<float; int; unsigned int>(base=BasicUnaryWithParam<float>(op_type=UnaryOpType::SILU;param={}))}'; 'memory_config': 'MemoryConfig(memory_layout=TensorMemoryLayout::INTERLEAVED;buffer_type=BufferType::DRAM;shard_spec=std::nullopt;nd_shard_spec=std::nullopt;created_with_nd_shard_spec=0)'; 'output_layout': 'Layout::TILE'; 'post_activations': '{}'; 'rhs_activations': '{}'; 'rtol': '0'; 'scalar': 'std::nullopt'; 'sub_core_grids': 'std::nullopt'; 'sub_device_id': 'std::nullopt'; 'subtile_broadcast_type': 'SubtileBroadcastType::NONE'; 'worker_grid': '{[0-0 - 10-9]}'},HiFi4,110,110,,,4127186987,4127293360,106373,14122848760124,14122848775801,4378221,4377902,11613,11010,11004,,,,174,10991,7396,10024,10552,9861,,,,,,1[1],1[1],128[128],3072[3072],TILE,BFLOAT16,DEV_0_DRAM_INTERLEAVED,1[1],1[1],128[128],3072[3072],TILE,BFLOAT16,DEV_0_DRAM_INTERLEAVED,,,,,,,,1[1],1[1],128[128],3072[3072],TILE,BFLOAT16,DEV_0_DRAM_INTERLEAVED,,,,,,,,,,,,,,,,,['ttnn/cpp/ttnn/operations/eltwise/binary_ng/device/kernels/compute/eltwise_binary_sfpu_no_bcast.cpp'],['eltwise_binary_sfpu_no_bcast/3780526887682866779/'],['ttnn/cpp/ttnn/operations/eltwise/binary_ng/device/kernels_ng/dataflow/writer_interleaved_no_bcast.cpp'; 'ttnn/cpp/ttnn/operations/eltwise/binary_ng/device/kernels_ng/dataflow/reader_interleaved_no_bcast.cpp'],['writer_interleaved_no_bcast/18136391367178959522/'; 'reader_interleaved_no_bcast/7308495782470126971/'],10172879989616481542,False,1120,1644,1732,1872,1548,0,0,0,0,1,1,1,[],[],0.009,,,,,,,106373
MatmulDeviceOperation,tt_dnn_device,25603,3,blackhole,{'bcast_batch': 'true'; 'compute_kernel_config': 'ComputeKernelConfig(math_fidelity=HiFi2;math_approx_mode=0;fp32_dest_acc_en=0;packer_l1_acc=1;dst_full_sync_en=0;throttle_level=ThrottleLevel::NO_THROTTLE)'; 'global_cb': 'std::nullopt'; 'output_dtype': 'DataType::BFLOAT16'; 'output_mem_config': 'MemoryConfig(memory_layout=TensorMemoryLayout::INTERLEAVED;buffer_type=BufferType::DRAM;shard_spec=std::nullopt;nd_shard_spec=std::nullopt;created_with_nd_shard_spec=0)'; 'output_tile': 'Tile(tile_shape={32; 32};face_shape={16; 16};num_faces=4)'; 'program_config': 'MatmulMultiCoreReuseMultiCast1DProgramConfig(compute_with_storage_grid_size=11-10;in0_block_w=2;out_subblock_h=4;out_subblock_w=1;out_block_h=4;out_block_w=1;per_core_M=4;per_core_N=1;fuse_batch=0;fused_activation=std::nullopt;mcast_in0=1;gather_in0=0;hop_cores={};num_global_cb_receivers=0;untilize_out=0;allowed_worker_cores={[0-0 - 10-9]})'; 'sub_device_id': 'std::nullopt'; 'transpose_a': 'false'; 'transpose_b': 'false'; 'untilize_out': 'false'; 'user_core_coord': 'std::nullopt'; 'user_fused_activation': 'std::nullopt'; 'user_run_batched': 'false'},HiFi2,64,110,,,4131985425,4132064786,79361,14122855237288,14122855338108,4788134,4788134,74681,72829,72829,,,,247,72827,68546,68833,68770,69084,,,,,,1[1],1[1],128[128],3072[3072],TILE,BFLOAT16,DEV_0_DRAM_INTERLEAVED,1[1],1[1],3072[3072],2048[2048],TILE,BFLOAT16,DEV_0_DRAM_INTERLEAVED,,,,,,,,1[1],1[1],128[128],2048[2048],TILE,BFLOAT16,DEV_0_DRAM_INTERLEAVED,,,,,,,,,,,,,,,,,['ttnn/cpp/ttnn/operations/matmul/device/kernels/compute/bmm_large_block_zm_fused_bias_activation.cpp'],['bmm_large_block_zm_fused_bias_activation/4952525874028506880/'],['ttnn/cpp/ttnn/operations/matmul/device/kernels/dataflow/reader_bmm_tile_layout_in1_sender_writer_padding.cpp'; 'ttnn/cpp/ttnn/operations/matmul/device/kernels/dataflow/reader_bmm_tile_layout_in0_receiver.cpp'; 'ttnn/cpp/ttnn/operations/matmul/device/kernels/dataflow/reader_bmm_tile_layout_in0_sender_padding.cpp'],['reader_bmm_tile_layout_in1_sender_writer_padding/9007325349241846448/'; 'reader_bmm_tile_layout_in0_receiver/13576620980134525493/'; 'reader_bmm_tile_layout_in0_sender_padding/11136946213047509598/'],15833591955786268690,False,1576,1144,2032,1952,2884,0,0,0,0,22888,5297,22888,[34.360015869140625; 549.76025390625],[22.906675338745117],7.273,,,,,,,79361
BinaryNgDeviceOperation,tt_dnn_device,26627,3,blackhole,{'atol': '0'; 'binary_op_type': 'BinaryOpType::ADD'; 'compute_kernel_config': 'std::nullopt'; 'dtype': 'DataType::BFLOAT16'; 'equal_nan': 'false'; 'input_dtype': 'DataType::BFLOAT16'; 'input_layout_a': 'Layout::TILE'; 'input_layout_b': 'Layout::TILE'; 'is_quant_op': 'false'; 'is_sfpu': 'false'; 'is_where_op': 'false'; 'lhs_activations': '{}'; 'memory_config': 'MemoryConfig(memory_layout=TensorMemoryLayout::INTERLEAVED;buffer_type=BufferType::DRAM;shard_spec=std::nullopt;nd_shard_spec=std::nullopt;created_with_nd_shard_spec=0)'; 'output_layout': 'Layout::TILE'; 'post_activations': '{}'; 'rhs_activations': '{}'; 'rtol': '0'; 'scalar': 'std::nullopt'; 'sub_core_grids': 'std::nullopt'; 'sub_device_id': 'std::nullopt'; 'subtile_broadcast_type': 'SubtileBroadcastType::NONE'; 'worker_grid': '{[0-0 - 10-9]}'},HiFi4,110,110,,,4136075712,4136148080,72368,14122860759135,14122860767110,4016520,4016520,5907,5316,5316,,,,182,5296,4962,4941,304,4467,,,,,,1[1],1[1],128[128],2048[2048],TILE,BFLOAT16,DEV_0_DRAM_INTERLEAVED,1[1],1[1],128[128],2048[2048],TILE,BFLOAT16,DEV_0_DRAM_INTERLEAVED,,,,,,,,1[1],1[1],128[128],2048[2048],TILE,BFLOAT16,DEV_0_DRAM_INTERLEAVED,,,,,,,,,,,,,,,,,['ttnn/cpp/ttnn/operations/eltwise/binary_ng/device/kernels/compute/eltwise_binary_no_bcast.cpp'],['eltwise_binary_no_bcast/7702167649156508193/'],['ttnn/cpp/ttnn/operations/eltwise/binary_ng/device/kernels_ng/dataflow/writer_interleaved_no_bcast.cpp'; 'ttnn/cpp/ttnn/operations/eltwise/binary_ng/device/kernels_ng/dataflow/reader_interleaved_no_bcast.cpp'],['writer_interleaved_no_bcast/13786176872452774081/'; 'reader_interleaved_no_bcast/13696495097517312790/'],1295168523863076379,False,1120,1644,1308,768,1292,0,0,0,0,1,1,1,[],[],0.019,,,,,,,72368
BinaryNgDeviceOperation,tt_dnn_device,27651,3,blackhole,{'atol': '0'; 'binary_op_type': 'BinaryOpType::ADD'; 'compute_kernel_config': 'std::nullopt'; 'dtype': 'DataType::BFLOAT16'; 'equal_nan': 'false'; 'input_dtype': 'DataType::BFLOAT16'; 'input_layout_a': 'Layout::TILE'; 'input_layout_b': 'Layout::TILE'; 'is_quant_op': 'false'; 'is_sfpu': 'false'; 'is_where_op': 'false'; 'lhs_activations': '{}'; 'memory_config': 'MemoryConfig(memory_layout=TensorMemoryLayout::INTERLEAVED;buffer_type=BufferType::DRAM;shard_spec=std::nullopt;nd_shard_spec=std::nullopt;created_with_nd_shard_spec=0)'; 'output_layout': 'Layout::TILE'; 'post_activations': '{}'; 'rhs_activations': '{}'; 'rtol': '0'; 'scalar': 'std::nullopt'; 'sub_core_grids': 'std::nullopt'; 'sub_device_id': 'std::nullopt'; 'subtile_broadcast_type': 'SubtileBroadcastType::NONE'; 'worker_grid': '{[0-0 - 10-9]}'},HiFi4,110,110,,,4136225738,4136227231,1493,14122860955331,14122860963204,140018,140012,5832,5238,5237,,,,184,5224,4870,4887,306,4412,,,,,,1[1],1[1],128[128],2048[2048],TILE,BFLOAT16,DEV_0_DRAM_INTERLEAVED,1[1],1[1],128[128],2048[2048],TILE,BFLOAT16,DEV_0_DRAM_INTERLEAVED,,,,,,,,1[1],1[1],128[128],2048[2048],TILE,BFLOAT16,DEV_0_DRAM_INTERLEAVED,,,,,,,,,,,,,,,,,['ttnn/cpp/ttnn/operations/eltwise/binary_ng/device/kernels/compute/eltwise_binary_no_bcast.cpp'],['eltwise_binary_no_bcast/7702167649156508193/'],['ttnn/cpp/ttnn/operations/eltwise/binary_ng/device/kernels_ng/dataflow/writer_interleaved_no_bcast.cpp'; 'ttnn/cpp/ttnn/operations/eltwise/binary_ng/device/kernels_ng/dataflow/reader_interleaved_no_bcast.cpp'],['writer_interleaved_no_bcast/13786176872452774081/'; 'reader_interleaved_no_bcast/13696495097517312790/'],1295168523863076379,False,1120,1644,1308,768,1292,0,0,0,0,1,1,1,[],[],0.019,,,,,,,1493
LayerNormDeviceOperation,tt_dnn_device,28675,3,blackhole,{'compute_kernel_config': 'ComputeKernelConfig(math_fidelity=HiFi4;math_approx_mode=1;fp32_dest_acc_en=0;packer_l1_acc=0;dst_full_sync_en=0;throttle_level=ThrottleLevel::NO_THROTTLE)'; 'distributed_norm_stage': 'DistributedLayerNormStage::NOT_DISTRIBUTED'; 'dtype': 'std::nullopt'; 'eps': '1e-06'; 'fused_activation': 'std::nullopt'; 'norm_type': 'LayerNormType::RMSNORM'; 'output_mem_config': 'MemoryConfig(memory_layout=TensorMemoryLayout::INTERLEAVED;buffer_type=BufferType::DRAM;shard_spec=std::nullopt;nd_shard_spec=std::nullopt;created_with_nd_shard_spec=0)'; 'program_config': 'LayerNormDefaultProgramConfig(legacy_reduction=0;legacy_rsqrt=0;use_welford=0)'},HiFi4,4,110,,,4144962644,4144965549,2905,14122872742441,14122872778447,8725874,8725926,26671,26134,26019,,,,256,25936,12403,25094,25171,25379,,,,,,1[1],1[1],128[128],2048[2048],TILE,BFLOAT16,DEV_0_DRAM_INTERLEAVED,1[1],1[1],32[1],2048[2048],TILE,BFLOAT16,DEV_0_DRAM_INTERLEAVED,,,,,,,,1[1],1[1],128[128],2048[2048],TILE,BFLOAT16,DEV_0_DRAM_INTERLEAVED,,,,,,,,,,,,,,,,,['ttnn/cpp/ttnn/operations/normalization/layernorm/device/kernels/compute/layernorm.cpp'],['layernorm/2715421386497350779/'],['ttnn/cpp/ttnn/operations/normalization/layernorm/device/kernels/dataflow/writer_unary_interleaved_start_id_blocked.cpp'; 'ttnn/cpp/ttnn/operations/normalization/layernorm/device/kernels/dataflow/reader_unary_interleaved_ln.cpp'],['writer_unary_interleaved_start_id_blocked/7143009526625848983/'; 'reader_unary_interleaved_ln/11410384521337529621/'],8680554653117418128,False,812,1684,3388,2536,3388,0,0,0,0,1,1,1,[],[],0.004,,,,,,,2905
MatmulDeviceOperation,tt_dnn_device,29699,3,blackhole,{'bcast_batch': 'true'; 'compute_kernel_config': 'ComputeKernelConfig(math_fidelity=HiFi2;math_approx_mode=0;fp32_dest_acc_en=0;packer_l1_acc=1;dst_full_sync_en=0;throttle_level=ThrottleLevel::NO_THROTTLE)'; 'global_cb': 'std::nullopt'; 'output_dtype': 'DataType::BFLOAT16'; 'output_mem_config': 'MemoryConfig(memory_layout=TensorMemoryLayout::INTERLEAVED;buffer_type=BufferType::DRAM;shard_spec=std::nullopt;nd_shard_spec=std::nullopt;created_with_nd_shard_spec=0)'; 'output_tile': 'Tile(tile_shape={32; 32};face_shape={16; 16};num_faces=4)'; 'program_config': 'MatmulMultiCoreReuseMultiCast1DProgramConfig(compute_with_storage_grid_size=11-10;in0_block_w=2;out_subblock_h=4;out_subblock_w=2;out_block_h=4;out_block_w=2;per_core_M=4;per_core_N=2;fuse_batch=0;fused_activation=std::nullopt;mcast_in0=1;gather_in0=0;hop_cores={};num_global_cb_receivers=0;untilize_out=0;allowed_worker_cores={[0-0 - 10-9]})'; 'sub_device_id': 'std::nullopt'; 'transpose_a': 'false'; 'transpose_b': 'false'; 'untilize_out': 'false'; 'user_core_coord': 'std::nullopt'; 'user_fused_activation': 'std::nullopt'; 'user_run_batched': 'false'},HiFi2,80,110,,,4145014422,4145018220,3798,14122872827557,14122872913542,38192,38192,63693,61875,61875,,,,291,61872,53070,54274,54251,54696,,,,,,1[1],1[1],128[128],2048[2048],TILE,BFLOAT16,DEV_0_DRAM_INTERLEAVED,1[1],1[1],2048[2048],5120[5120],TILE,BFLOAT16,DEV_0_DRAM_INTERLEAVED,,,,,,,,1[1],1[1],128[128],5120[5120],TILE,BFLOAT16,DEV_0_DRAM_INTERLEAVED,,,,,,,,,,,,,,,,,['ttnn/cpp/ttnn/operations/matmul/device/kernels/compute/bmm_large_block_zm_fused_bias_activation.cpp'],['bmm_large_block_zm_fused_bias_activation/13619820825632786441/'],['ttnn/cpp/ttnn/operations/matmul/device/kernels/dataflow/reader_bmm_tile_layout_in1_sender_writer_padding.cpp'; 'ttnn/cpp/ttnn/operations/matmul/device/kernels/dataflow/reader_bmm_tile_layout_in0_receiver.cpp'; 'ttnn/cpp/ttnn/operations/matmul/device/kernels/dataflow/reader_bmm_tile_layout_in0_sender_padding.cpp'],['reader_bmm_tile_layout_in1_sender_writer_padding/15516044502111548640/'; 'reader_bmm_tile_layout_in0_receiver/8006664361917647778/'; 'reader_bmm_tile_layout_in0_sender_padding/16160090226343344771/'],7827833380726360489,False,1684,1144,2080,2204,3508,0,0,0,0,38146,8827,38146,[13.744245529174805; 549.7698364257812],[34.36061477661133],14.266,,,,,,,3798
NlpCreateHeadsDeviceOperation,tt_dnn_device,30723,3,blackhole,{'head_dim': '128'; 'num_kv_heads': '4'; 'num_q_heads': '32'; 'output_mem_config': 'MemoryConfig(memory_layout=TensorMemoryLayout::INTERLEAVED;buffer_type=BufferType::DRAM;shard_spec=std::nullopt;nd_shard_spec=std::nullopt;created_with_nd_shard_spec=0)'; 'transpose_k_heads': 'false'},,4,110,,,4145065600,4145067213,1613,14122872912428,14122873003544,704,704,67493,65972,65972,,,,890,65972,65627,,,,,,,,,1[1],1[1],128[128],5120[5120],TILE,BFLOAT16,DEV_0_DRAM_INTERLEAVED,,,,,,,,,,,,,,,1[1],32[32],128[128],128[128],TILE,BFLOAT16,DEV_0_DRAM_INTERLEAVED,1[1],4[4],128[128],128[128],TILE,BFLOAT16,DEV_0_DRAM_INTERLEAVED,1[1],4[4],128[128],128[128],TILE,BFLOAT16,DEV_0_DRAM_INTERLEAVED,,,[],[],['ttnn/cpp/ttnn/operations/experimental/transformer/nlp_create_qkv_heads/device/kernels/dataflow/writer_tm_tile_layout_nlp_create_qkv_heads.cpp'; 'ttnn/cpp/ttnn/operations/experimental/transformer/nlp_create_qkv_heads/device/kernels/dataflow/reader_tm_tile_layout_nlp_create_qkv_heads.cpp'],['writer_tm_tile_layout_nlp_create_qkv_heads/4852806476994253817/'; 'reader_tm_tile_layout_nlp_create_qkv_heads/17529215431507550100/'],5822307527167485334,False,1344,1104,0,0,0,0,0,0,0,1,1,1,[],[],0.002,,,,,,,1613
RotaryEmbeddingDeviceOperation,tt_dnn_device,31747,3,blackhole,{'compute_kernel_config': 'ComputeKernelConfig(math_fidelity=HiFi4;math_approx_mode=1;fp32_dest_acc_en=0;packer_l1_acc=0;dst_full_sync_en=0;throttle_level=ThrottleLevel::NO_THROTTLE)'; 'output_mem_config': 'MemoryConfig(memory_layout=TensorMemoryLayout::INTERLEAVED;buffer_type=BufferType::DRAM;shard_spec=std::nullopt;nd_shard_spec=std::nullopt;created_with_nd_shard_spec=0)'; 'seq_len': '128'; 'token_idx': 'std::nullopt'},HiFi4,110,110,,,4145105466,4145107009,1543,14122872951913,14122873043539,458,458,67871,29166,29166,,,,1399,29166,28583,28796,28667,28691,,,,,,1[1],32[32],128[128],128[128],TILE,BFLOAT16,DEV_0_DRAM_INTERLEAVED,1[1],1[1],128[128],128[128],TILE,BFLOAT16,DEV_0_DRAM_INTERLEAVED,1[1],1[1],128[128],128[128],TILE,BFLOAT16,DEV_0_DRAM_INTERLEAVED,1[1],32[32],128[128],128[128],TILE,BFLOAT16,DEV_0_DRAM_INTERLEAVED,,,,,,,,,,,,,,,,,['ttnn/cpp/ttnn/operations/experimental/transformer/rotary_embedding/device/kernels/compute/rotary_embedding.cpp'],['rotary_embedding/1679027051022344736/'],['ttnn/cpp/ttnn/operations/experimental/transformer/rotary_embedding/device/kernels/dataflow/writer_rotary_embedding_interleaved_start_id.cpp'; 'ttnn/cpp/ttnn/operations/experimental/transformer/rotary_embedding/device/kernels/dataflow/reader_rotary_embedding_interleaved_start_id.cpp'],['writer_rotary_embedding_interleaved_start_id/17446569591208785328/'; 'reader_rotary_embedding_interleaved_start_id/2259083254108590300/'],11317054064648459670,False,964,2380,3032,1756,2988,0,0,0,0,1,1,1,[],[],0.003,,,,,,,1543
RotaryEmbeddingDeviceOperation,tt_dnn_device,32771,3,blackhole,{'compute_kernel_config': 'ComputeKernelConfig(math_fidelity=HiFi4;math_approx_mode=1;fp32_dest_acc_en=0;packer_l1_acc=0;dst_full_sync_en=0;throttle_level=ThrottleLevel::NO_THROTTLE)'; 'output_mem_config': 'MemoryConfig(memory_layout=TensorMemoryLayout::INTERLEAVED;buffer_type=BufferType::DRAM;shard_spec=std::nullopt;nd_shard_spec=std::nullopt;created_with_nd_shard_spec=0)'; 'seq_len': '128'; 'token_idx': 'std::nullopt'},HiFi4,16,110,,,4145126877,4145127768,891,14122873034896,14122873055653,459,459,15376,8516,8516,,,,1396,8516,7937,8139,8021,8043,,,,,,1[1],4[4],128[128],128[128],TILE,BFLOAT16,DEV_0_DRAM_INTERLEAVED,1[1],1[1],128[128],128[128],TILE,BFLOAT16,DEV_0_DRAM_INTERLEAVED,1[1],1[1],128[128],128[128],TILE,BFLOAT16,DEV_0_DRAM_INTERLEAVED,1[1],4[4],128[128],128[128],TILE,BFLOAT16,DEV_0_DRAM_INTERLEAVED,,,,,,,,,,,,,,,,,['ttnn/cpp/ttnn/operations/experimental/transformer/rotary_embedding/device/kernels/compute/rotary_embedding.cpp'],['rotary_embedding/1679027051022344736/'],['ttnn/cpp/ttnn/operations/experimental/transformer/rotary_embedding/device/kernels/dataflow/writer_rotary_embedding_interleaved_start_id.cpp'; 'ttnn/cpp/ttnn/operations/experimental/transformer/rotary_embedding/device/kernels/dataflow/reader_rotary_embedding_interleaved_start_id.cpp'],['writer_rotary_embedding_interleaved_start_id/17446569591208785328/'; 'reader_rotary_embedding_interleaved_start_id/2259083254108590300/'],8054866007483348938,False,964,2380,3000,1728,2964,0,0,0,0,1,1,1,[],[],0.012,,,,,,,891
PagedFillCacheDeviceOperation,tt_dnn_device,33795,3,blackhole,{'batch_idx_fallback': '0'; 'block_size_override': 'std::nullopt'; 'cache_position_modulo': 'std::nullopt'; 'mesh_coords': 'std::nullopt'; 'noop': 'false'},,16,110,,,4145165991,4145167304,1313,14122873055507,14122873059120,507,507,2676,2064,2064,,,,1128,2064,1662,,,,,,,,,4[4],4[4],32[32],128[128],TILE,BFLOAT16,DEV_0_DRAM_INTERLEAVED,1[1],4[4],128[128],128[128],TILE,BFLOAT16,DEV_0_DRAM_INTERLEAVED,1[1],1[1],1[1],4[4],ROW_MAJOR,INT32,DEV_0_DRAM_INTERLEAVED,4[4],4[4],32[32],128[128],TILE,BFLOAT16,DEV_0_DRAM_INTERLEAVED,,,,,,,,,,,,,,,,,[],[],['ttnn/cpp/ttnn/operations/experimental/paged_cache/device/kernels/dataflow/writer_fill_cache_interleaved.cpp'; 'ttnn/cpp/ttnn/operations/experimental/paged_cache/device/kernels/dataflow/reader_fill_cache_interleaved.cpp'],['writer_fill_cache_interleaved/18344311534810825388/'; 'reader_fill_cache_interleaved/14127415952242961771/'],15818952878281251638,False,1124,700,0,0,0,0,0,0,0,1,1,1,[],[],0.048,,,,,,,1313
PagedFillCacheDeviceOperation,tt_dnn_device,34819,3,blackhole,{'batch_idx_fallback': '0'; 'block_size_override': 'std::nullopt'; 'cache_position_modulo': 'std::nullopt'; 'mesh_coords': 'std::nullopt'; 'noop': 'false'},,16,110,,,4145175790,4145176401,611,14122873059137,14122873062474,490,490,2472,1993,1993,,,,1114,1942,1593,,,,,,,,,4[4],4[4],32[32],128[128],TILE,BFLOAT16,DEV_0_DRAM_INTERLEAVED,1[1],4[4],128[128],128[128],TILE,BFLOAT16,DEV_0_DRAM_INTERLEAVED,1[1],1[1],1[1],4[4],ROW_MAJOR,INT32,DEV_0_DRAM_INTERLEAVED,4[4],4[4],32[32],128[128],TILE,BFLOAT16,DEV_0_DRAM_INTERLEAVED,,,,,,,,,,,,,,,,,[],[],['ttnn/cpp/ttnn/operations/experimental/paged_cache/device/kernels/dataflow/writer_fill_cache_interleaved.cpp'; 'ttnn/cpp/ttnn/operations/experimental/paged_cache/device/kernels/dataflow/reader_fill_cache_interleaved.cpp'],['writer_fill_cache_interleaved/18344311534810825388/'; 'reader_fill_cache_interleaved/14127415952242961771/'],15818952878281251638,False,1124,700,0,0,0,0,0,0,0,1,1,1,[],[],0.05,,,,,,,611
SDPAOperation,tt_dnn_device,35843,3,blackhole,{'chunk_start_idx': 'std::nullopt'; 'chunk_start_idx_tensor': 'std::nullopt'; 'compute_kernel_config': 'ComputeKernelConfig(math_fidelity=HiFi2;math_approx_mode=1;fp32_dest_acc_en=0;packer_l1_acc=0;dst_full_sync_en=0;throttle_level=ThrottleLevel::NO_THROTTLE)'; 'head_dim_v': 'std::nullopt'; 'is_causal': 'true'; 'output_mem_config': 'MemoryConfig(memory_layout=TensorMemoryLayout::INTERLEAVED;buffer_type=BufferType::DRAM;shard_spec=std::nullopt;nd_shard_spec=std::nullopt;created_with_nd_shard_spec=0)'; 'program_config': 'std::nullopt'; 'scale': '0.088388346'; 'sliding_window_size': 'std::nullopt'; 'use_mla': 'false'},HiFi2,110,110,,,4145209905,4145211468,1563,14122873092656,14122873125327,23033,23033,24201,23520,23520,,,,499,23418,21750,22875,22976,22906,,,,,,1[1],32[32],128[128],128[128],TILE,BFLOAT16,DEV_0_DRAM_INTERLEAVED,1[1],4[4],128[128],128[128],TILE,BFLOAT16,DEV_0_DRAM_INTERLEAVED,1[1],4[4],128[128],128[128],TILE,BFLOAT16,DEV_0_DRAM_INTERLEAVED,1[1],32[32],128[128],128[128],TILE,BFLOAT16,DEV_0_DRAM_INTERLEAVED,,,,,,,,,,,,,,,,,['ttnn/cpp/ttnn/operations/transformer/sdpa/device/kernels/compute/sdpa.cpp'],['sdpa/3496833249097060699/'],['ttnn/cpp/ttnn/operations/transformer/sdpa/device/kernels/dataflow/writer_interleaved.cpp'; 'ttnn/cpp/ttnn/operations/transformer/sdpa/device/kernels/dataflow/reader_interleaved.cpp'],['writer_interleaved/2494870053913788173/'; 'reader_interleaved/4190627112422103703/'],5860097373966650096,False,1904,1716,7648,6120,6880,0,0,0,0,1907,442,1907,[549.8563232421875; 68.73204040527344; 68.73204040527344],[549.8563232421875],1.879,,,,,,,1563
NLPConcatHeadsDeviceOperation,tt_dnn_device,36867,3,blackhole,{'output_mem_config': 'MemoryConfig(memory_layout=TensorMemoryLayout::INTERLEAVED;buffer_type=BufferType::DRAM;shard_spec=std::nullopt;nd_shard_spec=std::nullopt;created_with_nd_shard_spec=0)'},,4,110,,,4145231105,4145233330,2225,14122873121804,14122873198499,608,608,56811,53595,53595,,,,73,53593,53310,,,,,,,,,1[1],32[32],128[128],128[128],TILE,BFLOAT16,DEV_0_DRAM_INTERLEAVED,,,,,,,,,,,,,,,1[1],1[1],128[128],4096[4096],TILE,BFLOAT16,DEV_0_DRAM_INTERLEAVED,,,,,,,,,,,,,,,,,[],[],['ttnn/cpp/ttnn/operations/eltwise/unary/device/kernels/dataflow/writer_unary_interleaved_start_id.cpp'; 'ttnn/cpp/ttnn/operations/experimental/transformer/nlp_concat_heads/device/kernels/dataflow/reader_tm_tile_layout_nlp_concat_heads.cpp'],['writer_unary_interleaved_start_id/7768588342143663468/'; 'reader_tm_tile_layout_nlp_concat_heads/4952854910287368570/'],18111044661240681667,False,1000,808,0,0,0,0,0,0,0,1,1,1,[],[],0.002,,,,,,,2225
MatmulDeviceOperation,tt_dnn_device,37891,3,blackhole,{'bcast_batch': 'true'; 'compute_kernel_config': 'ComputeKernelConfig(math_fidelity=HiFi2;math_approx_mode=0;fp32_dest_acc_en=0;packer_l1_acc=1;dst_full_sync_en=0;throttle_level=ThrottleLevel::NO_THROTTLE)'; 'global_cb': 'std::nullopt'; 'output_dtype': 'DataType::BFLOAT16'; 'output_mem_config': 'MemoryConfig(memory_layout=TensorMemoryLayout::INTERLEAVED;buffer_type=BufferType::DRAM;shard_spec=std::nullopt;nd_shard_spec=std::nullopt;created_with_nd_shard_spec=0)'; 'output_tile': 'Tile(tile_shape={32; 32};face_shape={16; 16};num_faces=4)'; 'program_config': 'MatmulMultiCoreReuseMultiCast1DProgramConfig(compute_with_storage_grid_size=11-10;in0_block_w=2;out_subblock_h=4;out_subblock_w=1;out_block_h=4;out_block_w=1;per_core_M=4;per_core_N=1;fuse_batch=0;fused_activation=std::nullopt;mcast_in0=1;gather_in0=0;hop_cores={};num_global_cb_receivers=0;untilize_out=0;allowed_worker_cores={[0-0 - 10-9]})'; 'sub_device_id': 'std::nullopt'; 'transpose_a': 'false'; 'transpose_b': 'false'; 'untilize_out': 'false'; 'user_core_coord': 'std::nullopt'; 'user_fused_activation': 'std::nullopt'; 'user_run_batched': 'false'},HiFi2,64,110,,,4145267435,4145268447,1012,14122873170981,14122873328123,464,466,116401,95553,95551,,,,1258,95551,91441,91716,91665,92000,,,,,,1[1],1[1],128[128],4096[4096],TILE,BFLOAT16,DEV_0_DRAM_INTERLEAVED,1[1],1[1],4096[4096],2048[2048],TILE,BFLOAT16,DEV_0_DRAM_INTERLEAVED,,,,,,,,1[1],1[1],128[128],2048[2048],TILE,BFLOAT16,DEV_0_DRAM_INTERLEAVED,,,,,,,,,,,,,,,,,['ttnn/cpp/ttnn/operations/matmul/device/kernels/compute/bmm_large_block_zm_fused_bias_activation.cpp'],['bmm_large_block_zm_fused_bias_activation/5187819949037309123/'],['ttnn/cpp/ttnn/operations/matmul/device/kernels/dataflow/reader_bmm_tile_layout_in1_sender_writer_padding.cpp'; 'ttnn/cpp/ttnn/operations/matmul/device/kernels/dataflow/reader_bmm_tile_layout_in0_receiver.cpp'; 'ttnn/cpp/ttnn/operations/matmul/device/kernels/dataflow/reader_bmm_tile_layout_in0_sender_padding.cpp'],['reader_bmm_tile_layout_in1_sender_writer_padding/1445782521944134521/'; 'reader_bmm_tile_layout_in0_receiver/12823147275347911370/'; 'reader_bmm_tile_layout_in0_sender_padding/15005356539006021298/'],16274167310142060712,False,1576,1136,2032,1952,2884,0,0,0,0,30517,7062,30517,[34.360389709472656; 549.7662353515625],[17.180194854736328],7.391,,,,,,,1012
MatmulDeviceOperation,tt_dnn_device,38915,3,blackhole,{'bcast_batch': 'true'; 'compute_kernel_config': 'ComputeKernelConfig(math_fidelity=HiFi2;math_approx_mode=0;fp32_dest_acc_en=0;packer_l1_acc=1;dst_full_sync_en=0;throttle_level=ThrottleLevel::NO_THROTTLE)'; 'global_cb': 'std::nullopt'; 'output_dtype': 'DataType::BFLOAT16'; 'output_mem_config': 'MemoryConfig(memory_layout=TensorMemoryLayout::INTERLEAVED;buffer_type=BufferType::DRAM;shard_spec=std::nullopt;nd_shard_spec=std::nullopt;created_with_nd_shard_spec=0)'; 'output_tile': 'Tile(tile_shape={32; 32};face_shape={16; 16};num_faces=4)'; 'program_config': 'MatmulMultiCoreReuseMultiCast1DProgramConfig(compute_with_storage_grid_size=11-10;in0_block_w=2;out_subblock_h=4;out_subblock_w=2;out_block_h=4;out_block_w=2;per_core_M=4;per_core_N=2;fuse_batch=0;fused_activation=std::nullopt;mcast_in0=1;gather_in0=0;hop_cores={};num_global_cb_receivers=0;untilize_out=0;allowed_worker_cores={[0-0 - 10-9]})'; 'sub_device_id': 'std::nullopt'; 'transpose_a': 'false'; 'transpose_b': 'false'; 'untilize_out': 'false'; 'user_core_coord': 'std::nullopt'; 'user_fused_activation': 'std::nullopt'; 'user_run_batched': 'false'},HiFi2,96,110,,,4145291631,4145292332,701,14122873206010,14122873431959,549,549,167370,76360,76360,,,,1182,76360,65824,66539,66510,66954,,,,,,1[1],1[1],128[128],2048[2048],TILE,BFLOAT16,DEV_0_DRAM_INTERLEAVED,1[1],1[1],2048[2048],6144[6144],TILE,BFLOAT16,DEV_0_DRAM_INTERLEAVED,,,,,,,,1[1],1[1],128[128],6144[6144],TILE,BFLOAT16,DEV_0_DRAM_INTERLEAVED,,,,,,,,,,,,,,,,,['ttnn/cpp/ttnn/operations/matmul/device/kernels/compute/bmm_large_block_zm_fused_bias_activation.cpp'],['bmm_large_block_zm_fused_bias_activation/13619820825632786441/'],['ttnn/cpp/ttnn/operations/matmul/device/kernels/dataflow/reader_bmm_tile_layout_in1_sender_writer_padding.cpp'; 'ttnn/cpp/ttnn/operations/matmul/device/kernels/dataflow/reader_bmm_tile_layout_in0_receiver.cpp'; 'ttnn/cpp/ttnn/operations/matmul/device/kernels/dataflow/reader_bmm_tile_layout_in0_sender_padding.cpp'],['reader_bmm_tile_layout_in1_sender_writer_padding/3807387344305590838/'; 'reader_bmm_tile_layout_in0_receiver/8006664361917647778/'; 'reader_bmm_tile_layout_in0_sender_padding/10516521948223488451/'],13325188407947720334,False,1688,1144,2080,2204,3508,0,0,0,0,45776,10592,45776,[11.453337669372559; 549.76025390625],[34.360015869140625],13.871,,,,,,,701
SliceDeviceOperation,tt_dnn_device,39939,3,blackhole,{'num_devices': 'std::nullopt'; 'output_mem_config': 'MemoryConfig(memory_layout=TensorMemoryLayout::INTERLEAVED;buffer_type=BufferType::DRAM;shard_spec=std::nullopt;nd_shard_spec=std::nullopt;created_with_nd_shard_spec=0)'; 'slice_dim': 'std::nullopt'; 'slice_end': 'Shape([1; 1; 128; 3072])'; 'slice_start': 'Shape([0; 0; 0; 0])'; 'step': 'Shape([1; 1; 1; 1])'; 'sub_core_grids': 'std::nullopt'; 'use_tensor_args': 'false'},,110,110,,,4145325896,4145327148,1252,14122873329883,14122873439897,561,561,81492,5326,5326,,,,1033,5324,5055,,,,,,,,,1[1],1[1],128[128],6144[6144],TILE,BFLOAT16,DEV_0_DRAM_INTERLEAVED,,,,,,,,,,,,,,,1[1],1[1],128[128],3072[3072],TILE,BFLOAT16,DEV_0_DRAM_INTERLEAVED,,,,,,,,,,,,,,,,,[],[],['ttnn/cpp/ttnn/operations/data_movement/slice/device/kernels/dataflow/writer_unary_interleaved_start_id.cpp'; 'ttnn/cpp/ttnn/operations/data_movement/slice/device/kernels/dataflow/reader_unary_unpad_dims_interleaved_start_id.cpp'],['writer_unary_interleaved_start_id/11396476643056635318/'; 'reader_unary_unpad_dims_interleaved_start_id/15985850001773238796/'],6465939008932021591,False,680,716,0,0,0,0,0,0,0,2861,2763,2861,[549.76025390625],[274.880126953125],51.878,,,,,,,1252
SliceDeviceOperation,tt_dnn_device,40963,3,blackhole,{'num_devices': 'std::nullopt'; 'output_mem_config': 'MemoryConfig(memory_layout=TensorMemoryLayout::INTERLEAVED;buffer_type=BufferType::DRAM;shard_spec=std::nullopt;nd_shard_spec=std::nullopt;created_with_nd_shard_spec=0)'; 'slice_dim': 'std::nullopt'; 'slice_end': 'Shape([1; 1; 128; 6144])'; 'slice_start': 'Shape([0; 0; 0; 3072])'; 'step': 'Shape([1; 1; 1; 1])'; 'sub_core_grids': 'std::nullopt'; 'use_tensor_args': 'false'},,110,110,,,4145351785,4145352357,572,14122873436456,14122873447377,545,545,8090,5000,5000,,,,1050,5000,4723,,,,,,,,,1[1],1[1],128[128],6144[6144],TILE,BFLOAT16,DEV_0_DRAM_INTERLEAVED,,,,,,,,,,,,,,,1[1],1[1],128[128],3072[3072],TILE,BFLOAT16,DEV_0_DRAM_INTERLEAVED,,,,,,,,,,,,,,,,,[],[],['ttnn/cpp/ttnn/operations/data_movement/slice/device/kernels/dataflow/writer_unary_interleaved_start_id.cpp'; 'ttnn/cpp/ttnn/operations/data_movement/slice/device/kernels/dataflow/reader_unary_unpad_dims_interleaved_start_id.cpp'],['writer_unary_interleaved_start_id/11396476643056635318/'; 'reader_unary_unpad_dims_interleaved_start_id/15985850001773238796/'],371952100256401507,False,680,716,0,0,0,0,0,0,0,2861,2763,2861,[549.76025390625],[274.880126953125],55.26,,,,,,,572
BinaryNgDeviceOperation,tt_dnn_device,41987,3,blackhole,{'atol': '0'; 'binary_op_type': 'BinaryOpType::MUL'; 'compute_kernel_config': 'std::nullopt'; 'dtype': 'DataType::BFLOAT16'; 'equal_nan': 'false'; 'input_dtype': 'DataType::BFLOAT16'; 'input_layout_a': 'Layout::TILE'; 'input_layout_b': 'Layout::TILE'; 'is_quant_op': 'false'; 'is_sfpu': 'true'; 'is_where_op': 'false'; 'lhs_activations': '{BasicUnaryWithParam<float; int; unsigned int>(base=BasicUnaryWithParam<float>(op_type=UnaryOpType::SILU;param={}))}'; 'memory_config': 'MemoryConfig(memory_layout=TensorMemoryLayout::INTERLEAVED;buffer_type=BufferType::DRAM;shard_spec=std::nullopt;nd_shard_spec=std::nullopt;created_with_nd_shard_spec=0)'; 'output_layout': 'Layout::TILE'; 'post_activations': '{}'; 'rhs_activations': '{}'; 'rtol': '0'; 'scalar': 'std::nullopt'; 'sub_core_grids': 'std::nullopt'; 'sub_device_id': 'std::nullopt'; 'subtile_broadcast_type': 'SubtileBroadcastType::NONE'; 'worker_grid': '{[0-0 - 10-9]}'},HiFi4,110,110,,,4145418543,4145420526,1983,14122873444395,14122873463254,528,528,13970,11230,11230,,,,1170,11230,7351,10290,10804,10136,,,,,,1[1],1[1],128[128],3072[3072],TILE,BFLOAT16,DEV_0_DRAM_INTERLEAVED,1[1],1[1],128[128],3072[3072],TILE,BFLOAT16,DEV_0_DRAM_INTERLEAVED,,,,,,,,1[1],1[1],128[128],3072[3072],TILE,BFLOAT16,DEV_0_DRAM_INTERLEAVED,,,,,,,,,,,,,,,,,['ttnn/cpp/ttnn/operations/eltwise/binary_ng/device/kernels/compute/eltwise_binary_sfpu_no_bcast.cpp'],['eltwise_binary_sfpu_no_bcast/3780526887682866779/'],['ttnn/cpp/ttnn/operations/eltwise/binary_ng/device/kernels_ng/dataflow/writer_interleaved_no_bcast.cpp'; 'ttnn/cpp/ttnn/operations/eltwise/binary_ng/device/kernels_ng/dataflow/reader_interleaved_no_bcast.cpp'],['writer_interleaved_no_bcast/18136391367178959522/'; 'reader_interleaved_no_bcast/7308495782470126971/'],10172879989616481542,False,1120,1644,1732,1872,1548,0,0,0,0,1,1,1,[],[],0.009,,,,,,,1983
MatmulDeviceOperation,tt_dnn_device,43011,3,blackhole,{'bcast_batch': 'true'; 'compute_kernel_config': 'ComputeKernelConfig(math_fidelity=HiFi2;math_approx_mode=0;fp32_dest_acc_en=0;packer_l1_acc=1;dst_full_sync_en=0;throttle_level=ThrottleLevel::NO_THROTTLE)'; 'global_cb': 'std::nullopt'; 'output_dtype': 'DataType::BFLOAT16'; 'output_mem_config': 'MemoryConfig(memory_layout=TensorMemoryLayout::INTERLEAVED;buffer_type=BufferType::DRAM;shard_spec=std::nullopt;nd_shard_spec=std::nullopt;created_with_nd_shard_spec=0)'; 'output_tile': 'Tile(tile_shape={32; 32};face_shape={16; 16};num_faces=4)'; 'program_config': 'MatmulMultiCoreReuseMultiCast1DProgramConfig(compute_with_storage_grid_size=11-10;in0_block_w=2;out_subblock_h=4;out_subblock_w=1;out_block_h=4;out_block_w=1;per_core_M=4;per_core_N=1;fuse_batch=0;fused_activation=std::nullopt;mcast_in0=1;gather_in0=0;hop_cores={};num_global_cb_receivers=0;untilize_out=0;allowed_worker_cores={[0-0 - 10-9]})'; 'sub_device_id': 'std::nullopt'; 'transpose_a': 'false'; 'transpose_b': 'false'; 'untilize_out': 'false'; 'user_core_coord': 'std::nullopt'; 'user_fused_activation': 'std::nullopt'; 'user_run_batched': 'false'},HiFi2,64,110,,,4145435305,4145436126,821,14122873458463,14122873562409,514,514,76997,72926,72926,,,,1210,72926,68759,69033,68978,69279,,,,,,1[1],1[1],128[128],3072[3072],TILE,BFLOAT16,DEV_0_DRAM_INTERLEAVED,1[1],1[1],3072[3072],2048[2048],TILE,BFLOAT16,DEV_0_DRAM_INTERLEAVED,,,,,,,,1[1],1[1],128[128],2048[2048],TILE,BFLOAT16,DEV_0_DRAM_INTERLEAVED,,,,,,,,,,,,,,,,,['ttnn/cpp/ttnn/operations/matmul/device/kernels/compute/bmm_large_block_zm_fused_bias_activation.cpp'],['bmm_large_block_zm_fused_bias_activation/4952525874028506880/'],['ttnn/cpp/ttnn/operations/matmul/device/kernels/dataflow/reader_bmm_tile_layout_in1_sender_writer_padding.cpp'; 'ttnn/cpp/ttnn/operations/matmul/device/kernels/dataflow/reader_bmm_tile_layout_in0_receiver.cpp'; 'ttnn/cpp/ttnn/operations/matmul/device/kernels/dataflow/reader_bmm_tile_layout_in0_sender_padding.cpp'],['reader_bmm_tile_layout_in1_sender_writer_padding/9007325349241846448/'; 'reader_bmm_tile_layout_in0_receiver/13576620980134525493/'; 'reader_bmm_tile_layout_in0_sender_padding/11136946213047509598/'],15833591955786268690,False,1576,1144,2032,1952,2884,0,0,0,0,22888,5297,22888,[34.360015869140625; 549.76025390625],[22.906675338745117],7.264,,,,,,,821
BinaryNgDeviceOperation,tt_dnn_device,44035,3,blackhole,{'atol': '0'; 'binary_op_type': 'BinaryOpType::ADD'; 'compute_kernel_config': 'std::nullopt'; 'dtype': 'DataType::BFLOAT16'; 'equal_nan': 'false'; 'input_dtype': 'DataType::BFLOAT16'; 'input_layout_a': 'Layout::TILE'; 'input_layout_b': 'Layout::TILE'; 'is_quant_op': 'false'; 'is_sfpu': 'false'; 'is_where_op': 'false'; 'lhs_activations': '{}'; 'memory_config': 'MemoryConfig(memory_layout=TensorMemoryLayout::INTERLEAVED;buffer_type=BufferType::DRAM;shard_spec=std::nullopt;nd_shard_spec=std::nullopt;created_with_nd_shard_spec=0)'; 'output_layout': 'Layout::TILE'; 'post_activations': '{}'; 'rhs_activations': '{}'; 'rtol': '0'; 'scalar': 'std::nullopt'; 'sub_core_grids': 'std::nullopt'; 'sub_device_id': 'std::nullopt'; 'subtile_broadcast_type': 'SubtileBroadcastType::NONE'; 'worker_grid': '{[0-0 - 10-9]}'},HiFi4,110,110,,,4145476533,4145477525,992,14122873465032,14122873570716,553,555,78284,5607,5606,,,,1133,5606,5181,5187,1119,4541,,,,,,1[1],1[1],128[128],2048[2048],TILE,BFLOAT16,DEV_0_DRAM_INTERLEAVED,1[1],1[1],128[128],2048[2048],TILE,BFLOAT16,DEV_0_DRAM_INTERLEAVED,,,,,,,,1[1],1[1],128[128],2048[2048],TILE,BFLOAT16,DEV_0_DRAM_INTERLEAVED,,,,,,,,,,,,,,,,,['ttnn/cpp/ttnn/operations/eltwise/binary_ng/device/kernels/compute/eltwise_binary_no_bcast.cpp'],['eltwise_binary_no_bcast/7702167649156508193/'],['ttnn/cpp/ttnn/operations/eltwise/binary_ng/device/kernels_ng/dataflow/writer_interleaved_no_bcast.cpp'; 'ttnn/cpp/ttnn/operations/eltwise/binary_ng/device/kernels_ng/dataflow/reader_interleaved_no_bcast.cpp'],['writer_interleaved_no_bcast/13786176872452774081/'; 'reader_interleaved_no_bcast/13696495097517312790/'],1295168523863076379,False,1120,1644,1308,768,1292,0,0,0,0,1,1,1,[],[],0.018,,,,,,,992
BinaryNgDeviceOperation,tt_dnn_device,45059,3,blackhole,{'atol': '0'; 'binary_op_type': 'BinaryOpType::ADD'; 'compute_kernel_config': 'std::nullopt'; 'dtype': 'DataType::BFLOAT16'; 'equal_nan': 'false'; 'input_dtype': 'DataType::BFLOAT16'; 'input_layout_a': 'Layout::TILE'; 'input_layout_b': 'Layout::TILE'; 'is_quant_op': 'false'; 'is_sfpu': 'false'; 'is_where_op': 'false'; 'lhs_activations': '{}'; 'memory_config': 'MemoryConfig(memory_layout=TensorMemoryLayout::INTERLEAVED;buffer_type=BufferType::DRAM;shard_spec=std::nullopt;nd_shard_spec=std::nullopt;created_with_nd_shard_spec=0)'; 'output_layout': 'Layout::TILE'; 'post_activations': '{}'; 'rhs_activations': '{}'; 'rtol': '0'; 'scalar': 'std::nullopt'; 'sub_core_grids': 'std::nullopt'; 'sub_device_id': 'std::nullopt'; 'subtile_broadcast_type': 'SubtileBroadcastType::NONE'; 'worker_grid': '{[0-0 - 10-9]}'},HiFi4,110,110,,,4145507803,4145508434,631,14122873567428,14122873578738,499,499,8378,5443,5443,,,,1187,5434,5027,5039,1168,4585,,,,,,1[1],1[1],128[128],2048[2048],TILE,BFLOAT16,DEV_0_DRAM_INTERLEAVED,1[1],1[1],128[128],2048[2048],TILE,BFLOAT16,DEV_0_DRAM_INTERLEAVED,,,,,,,,1[1],1[1],128[128],2048[2048],TILE,BFLOAT16,DEV_0_DRAM_INTERLEAVED,,,,,,,,,,,,,,,,,['ttnn/cpp/ttnn/operations/eltwise/binary_ng/device/kernels/compute/eltwise_binary_no_bcast.cpp'],['eltwise_binary_no_bcast/7702167649156508193/'],['ttnn/cpp/ttnn/operations/eltwise/binary_ng/device/kernels_ng/dataflow/writer_interleaved_no_bcast.cpp'; 'ttnn/cpp/ttnn/operations/eltwise/binary_ng/device/kernels_ng/dataflow/reader_interleaved_no_bcast.cpp'],['writer_interleaved_no_bcast/13786176872452774081/'; 'reader_interleaved_no_bcast/13696495097517312790/'],1295168523863076379,False,1120,1644,1308,768,1292,0,0,0,0,1,1,1,[],[],0.018,,,,,,,631
LayerNormDeviceOperation,tt_dnn_device,46083,3,blackhole,{'compute_kernel_config': 'ComputeKernelConfig(math_fidelity=HiFi4;math_approx_mode=1;fp32_dest_acc_en=0;packer_l1_acc=0;dst_full_sync_en=0;throttle_level=ThrottleLevel::NO_THROTTLE)'; 'distributed_norm_stage': 'DistributedLayerNormStage::NOT_DISTRIBUTED'; 'dtype': 'std::nullopt'; 'eps': '1e-06'; 'fused_activation': 'std::nullopt'; 'norm_type': 'LayerNormType::RMSNORM'; 'output_mem_config': 'MemoryConfig(memory_layout=TensorMemoryLayout::INTERLEAVED;buffer_type=BufferType::DRAM;shard_spec=std::nullopt;nd_shard_spec=std::nullopt;created_with_nd_shard_spec=0)'; 'program_config': 'LayerNormDefaultProgramConfig(legacy_reduction=0;legacy_rsqrt=0;use_welford=0)'},HiFi4,4,110,,,4145628433,4145629645,1212,14122873649053,14122873685031,52603,52729,26650,26130,26005,,,,261,25921,12396,25071,25164,25344,,,,,,1[1],1[1],128[128],2048[2048],TILE,BFLOAT16,DEV_0_DRAM_INTERLEAVED,1[1],1[1],32[1],2048[2048],TILE,BFLOAT16,DEV_0_DRAM_INTERLEAVED,,,,,,,,1[1],1[1],128[128],2048[2048],TILE,BFLOAT16,DEV_0_DRAM_INTERLEAVED,,,,,,,,,,,,,,,,,['ttnn/cpp/ttnn/operations/normalization/layernorm/device/kernels/compute/layernorm.cpp'],['layernorm/2715421386497350779/'],['ttnn/cpp/ttnn/operations/normalization/layernorm/device/kernels/dataflow/writer_unary_interleaved_start_id_blocked.cpp'; 'ttnn/cpp/ttnn/operations/normalization/layernorm/device/kernels/dataflow/reader_unary_interleaved_ln.cpp'],['writer_unary_interleaved_start_id_blocked/7143009526625848983/'; 'reader_unary_interleaved_ln/11410384521337529621/'],8680554653117418128,False,812,1684,3388,2536,3388,0,0,0,0,1,1,1,[],[],0.004,,,,,,,1212
MatmulDeviceOperation,tt_dnn_device,47107,3,blackhole,{'bcast_batch': 'true'; 'compute_kernel_config': 'ComputeKernelConfig(math_fidelity=HiFi2;math_approx_mode=0;fp32_dest_acc_en=0;packer_l1_acc=1;dst_full_sync_en=0;throttle_level=ThrottleLevel::NO_THROTTLE)'; 'global_cb': 'std::nullopt'; 'output_dtype': 'DataType::BFLOAT16'; 'output_mem_config': 'MemoryConfig(memory_layout=TensorMemoryLayout::INTERLEAVED;buffer_type=BufferType::DRAM;shard_spec=std::nullopt;nd_shard_spec=std::nullopt;created_with_nd_shard_spec=0)'; 'output_tile': 'Tile(tile_shape={32; 32};face_shape={16; 16};num_faces=4)'; 'program_config': 'MatmulMultiCoreReuseMultiCast1DProgramConfig(compute_with_storage_grid_size=11-10;in0_block_w=2;out_subblock_h=4;out_subblock_w=2;out_block_h=4;out_block_w=2;per_core_M=4;per_core_N=2;fuse_batch=0;fused_activation=std::nullopt;mcast_in0=1;gather_in0=0;hop_cores={};num_global_cb_receivers=0;untilize_out=0;allowed_worker_cores={[0-0 - 10-9]})'; 'sub_device_id': 'std::nullopt'; 'transpose_a': 'false'; 'transpose_b': 'false'; 'untilize_out': 'false'; 'user_core_coord': 'std::nullopt'; 'user_fused_activation': 'std::nullopt'; 'user_run_batched': 'false'},HiFi2,80,110,,,4145645315,4145646147,832,14122873681625,14122873770196,553,554,65608,62521,62521,,,,1177,62521,53465,54264,54249,54690,,,,,,1[1],1[1],128[128],2048[2048],TILE,BFLOAT16,DEV_0_DRAM_INTERLEAVED,1[1],1[1],2048[2048],5120[5120],TILE,BFLOAT16,DEV_0_DRAM_INTERLEAVED,,,,,,,,1[1],1[1],128[128],5120[5120],TILE,BFLOAT16,DEV_0_DRAM_INTERLEAVED,,,,,,,,,,,,,,,,,['ttnn/cpp/ttnn/operations/matmul/device/kernels/compute/bmm_large_block_zm_fused_bias_activation.cpp'],['bmm_large_block_zm_fused_bias_activation/13619820825632786441/'],['ttnn/cpp/ttnn/operations/matmul/device/kernels/dataflow/reader_bmm_tile_layout_in1_sender_writer_padding.cpp'; 'ttnn/cpp/ttnn/operations/matmul/device/kernels/dataflow/reader_bmm_tile_layout_in0_receiver.cpp'; 'ttnn/cpp/ttnn/operations/matmul/device/kernels/dataflow/reader_bmm_tile_layout_in0_sender_padding.cpp'],['reader_bmm_tile_layout_in1_sender_writer_padding/15516044502111548640/'; 'reader_bmm_tile_layout_in0_receiver/8006664361917647778/'; 'reader_bmm_tile_layout_in0_sender_padding/16160090226343344771/'],7827833380726360489,False,1684,1144,2080,2204,3508,0,0,0,0,38146,8827,38146,[13.744245529174805; 549.7698364257812],[34.36061477661133],14.118,,,,,,,832
NlpCreateHeadsDeviceOperation,tt_dnn_device,48131,3,blackhole,{'head_dim': '128'; 'num_kv_heads': '4'; 'num_q_heads': '32'; 'output_mem_config': 'MemoryConfig(memory_layout=TensorMemoryLayout::INTERLEAVED;buffer_type=BufferType::DRAM;shard_spec=std::nullopt;nd_shard_spec=std::nullopt;created_with_nd_shard_spec=0)'; 'transpose_k_heads': 'false'},,4,110,,,4145667968,4145669110,1142,14122873768490,14122873861413,710,710,68832,66871,66871,,,,793,66870,66537,,,,,,,,,1[1],1[1],128[128],5120[5120],TILE,BFLOAT16,DEV_0_DRAM_INTERLEAVED,,,,,,,,,,,,,,,1[1],32[32],128[128],128[128],TILE,BFLOAT16,DEV_0_DRAM_INTERLEAVED,1[1],4[4],128[128],128[128],TILE,BFLOAT16,DEV_0_DRAM_INTERLEAVED,1[1],4[4],128[128],128[128],TILE,BFLOAT16,DEV_0_DRAM_INTERLEAVED,,,[],[],['ttnn/cpp/ttnn/operations/experimental/transformer/nlp_create_qkv_heads/device/kernels/dataflow/writer_tm_tile_layout_nlp_create_qkv_heads.cpp'; 'ttnn/cpp/ttnn/operations/experimental/transformer/nlp_create_qkv_heads/device/kernels/dataflow/reader_tm_tile_layout_nlp_create_qkv_heads.cpp'],['writer_tm_tile_layout_nlp_create_qkv_heads/4852806476994253817/'; 'reader_tm_tile_layout_nlp_create_qkv_heads/17529215431507550100/'],5822307527167485334,False,1344,1104,0,0,0,0,0,0,0,1,1,1,[],[],0.001,,,,,,,1142
RotaryEmbeddingDeviceOperation,tt_dnn_device,49155,3,blackhole,{'compute_kernel_config': 'ComputeKernelConfig(math_fidelity=HiFi4;math_approx_mode=1;fp32_dest_acc_en=0;packer_l1_acc=0;dst_full_sync_en=0;throttle_level=ThrottleLevel::NO_THROTTLE)'; 'output_mem_config': 'MemoryConfig(memory_layout=TensorMemoryLayout::INTERLEAVED;buffer_type=BufferType::DRAM;shard_spec=std::nullopt;nd_shard_spec=std::nullopt;created_with_nd_shard_spec=0)'; 'seq_len': '128'; 'token_idx': 'std::nullopt'},HiFi4,110,110,,,4145686203,4145687275,1072,14122873771943,14122873901714,470,470,96127,29384,29384,,,,1396,29384,28790,29016,28877,28902,,,,,,1[1],32[32],128[128],128[128],TILE,BFLOAT16,DEV_0_DRAM_INTERLEAVED,1[1],1[1],128[128],128[128],TILE,BFLOAT16,DEV_0_DRAM_INTERLEAVED,1[1],1[1],128[128],128[128],TILE,BFLOAT16,DEV_0_DRAM_INTERLEAVED,1[1],32[32],128[128],128[128],TILE,BFLOAT16,DEV_0_DRAM_INTERLEAVED,,,,,,,,,,,,,,,,,['ttnn/cpp/ttnn/operations/experimental/transformer/rotary_embedding/device/kernels/compute/rotary_embedding.cpp'],['rotary_embedding/1679027051022344736/'],['ttnn/cpp/ttnn/operations/experimental/transformer/rotary_embedding/device/kernels/dataflow/writer_rotary_embedding_interleaved_start_id.cpp'; 'ttnn/cpp/ttnn/operations/experimental/transformer/rotary_embedding/device/kernels/dataflow/reader_rotary_embedding_interleaved_start_id.cpp'],['writer_rotary_embedding_interleaved_start_id/17446569591208785328/'; 'reader_rotary_embedding_interleaved_start_id/2259083254108590300/'],11317054064648459670,False,964,2380,3032,1756,2988,0,0,0,0,1,1,1,[],[],0.003,,,,,,,1072
RotaryEmbeddingDeviceOperation,tt_dnn_device,50179,3,blackhole,{'compute_kernel_config': 'ComputeKernelConfig(math_fidelity=HiFi4;math_approx_mode=1;fp32_dest_acc_en=0;packer_l1_acc=0;dst_full_sync_en=0;throttle_level=ThrottleLevel::NO_THROTTLE)'; 'output_mem_config': 'MemoryConfig(memory_layout=TensorMemoryLayout::INTERLEAVED;buffer_type=BufferType::DRAM;shard_spec=std::nullopt;nd_shard_spec=std::nullopt;created_with_nd_shard_spec=0)'; 'seq_len': '128'; 'token_idx': 'std::nullopt'},HiFi4,16,110,,,4145696212,4145696783,571,14122873892954,14122873913946,464,464,15550,8596,8596,,,,1379,8596,7999,8224,8098,8111,,,,,,1[1],4[4],128[128],128[128],TILE,BFLOAT16,DEV_0_DRAM_INTERLEAVED,1[1],1[1],128[128],128[128],TILE,BFLOAT16,DEV_0_DRAM_INTERLEAVED,1[1],1[1],128[128],128[128],TILE,BFLOAT16,DEV_0_DRAM_INTERLEAVED,1[1],4[4],128[128],128[128],TILE,BFLOAT16,DEV_0_DRAM_INTERLEAVED,,,,,,,,,,,,,,,,,['ttnn/cpp/ttnn/operations/experimental/transformer/rotary_embedding/device/kernels/compute/rotary_embedding.cpp'],['rotary_embedding/1679027051022344736/'],['ttnn/cpp/ttnn/operations/experimental/transformer/rotary_embedding/device/kernels/dataflow/writer_rotary_embedding_interleaved_start_id.cpp'; 'ttnn/cpp/ttnn/operations/experimental/transformer/rotary_embedding/device/kernels/dataflow/reader_rotary_embedding_interleaved_start_id.cpp'],['writer_rotary_embedding_interleaved_start_id/17446569591208785328/'; 'reader_rotary_embedding_interleaved_start_id/2259083254108590300/'],8054866007483348938,False,964,2380,3000,1728,2964,0,0,0,0,1,1,1,[],[],0.012,,,,,,,571
PagedFillCacheDeviceOperation,tt_dnn_device,51203,3,blackhole,{'batch_idx_fallback': '0'; 'block_size_override': 'std::nullopt'; 'cache_position_modulo': 'std::nullopt'; 'mesh_coords': 'std::nullopt'; 'noop': 'false'},,16,110,,,4145711812,4145712894,1082,14122873913483,14122873917285,467,467,2816,2006,2006,,,,1121,2003,1599,,,,,,,,,4[4],4[4],32[32],128[128],TILE,BFLOAT16,DEV_0_DRAM_INTERLEAVED,1[1],4[4],128[128],128[128],TILE,BFLOAT16,DEV_0_DRAM_INTERLEAVED,1[1],1[1],1[1],4[4],ROW_MAJOR,INT32,DEV_0_DRAM_INTERLEAVED,4[4],4[4],32[32],128[128],TILE,BFLOAT16,DEV_0_DRAM_INTERLEAVED,,,,,,,,,,,,,,,,,[],[],['ttnn/cpp/ttnn/operations/experimental/paged_cache/device/kernels/dataflow/writer_fill_cache_interleaved.cpp'; 'ttnn/cpp/ttnn/operations/experimental/paged_cache/device/kernels/dataflow/reader_fill_cache_interleaved.cpp'],['writer_fill_cache_interleaved/18344311534810825388/'; 'reader_fill_cache_interleaved/14127415952242961771/'],15818952878281251638,False,1124,700,0,0,0,0,0,0,0,1,1,1,[],[],0.05,,,,,,,1082
PagedFillCacheDeviceOperation,tt_dnn_device,52227,3,blackhole,{'batch_idx_fallback': '0'; 'block_size_override': 'std::nullopt'; 'cache_position_modulo': 'std::nullopt'; 'mesh_coords': 'std::nullopt'; 'noop': 'false'},,16,110,,,4145718825,4145719316,491,14122873917532,14122873920601,628,628,2273,1833,1833,,,,961,1756,1421,,,,,,,,,4[4],4[4],32[32],128[128],TILE,BFLOAT16,DEV_0_DRAM_INTERLEAVED,1[1],4[4],128[128],128[128],TILE,BFLOAT16,DEV_0_DRAM_INTERLEAVED,1[1],1[1],1[1],4[4],ROW_MAJOR,INT32,DEV_0_DRAM_INTERLEAVED,4[4],4[4],32[32],128[128],TILE,BFLOAT16,DEV_0_DRAM_INTERLEAVED,,,,,,,,,,,,,,,,,[],[],['ttnn/cpp/ttnn/operations/experimental/paged_cache/device/kernels/dataflow/writer_fill_cache_interleaved.cpp'; 'ttnn/cpp/ttnn/operations/experimental/paged_cache/device/kernels/dataflow/reader_fill_cache_interleaved.cpp'],['writer_fill_cache_interleaved/18344311534810825388/'; 'reader_fill_cache_interleaved/14127415952242961771/'],15818952878281251638,False,1124,700,0,0,0,0,0,0,0,1,1,1,[],[],0.055,,,,,,,491
SDPAOperation,tt_dnn_device,53251,3,blackhole,{'chunk_start_idx': 'std::nullopt'; 'chunk_start_idx_tensor': 'std::nullopt'; 'compute_kernel_config': 'ComputeKernelConfig(math_fidelity=HiFi2;math_approx_mode=1;fp32_dest_acc_en=0;packer_l1_acc=0;dst_full_sync_en=0;throttle_level=ThrottleLevel::NO_THROTTLE)'; 'head_dim_v': 'std::nullopt'; 'is_causal': 'true'; 'output_mem_config': 'MemoryConfig(memory_layout=TensorMemoryLayout::INTERLEAVED;buffer_type=BufferType::DRAM;shard_spec=std::nullopt;nd_shard_spec=std::nullopt;created_with_nd_shard_spec=0)'; 'program_config': 'std::nullopt'; 'scale': '0.088388346'; 'sliding_window_size': 'std::nullopt'; 'use_mla': 'false'},HiFi2,110,110,,,4145733964,4145735216,1252,14122873918883,14122873951086,444,444,23854,22126,22126,,,,1605,22126,20307,21740,21543,21630,,,,,,1[1],32[32],128[128],128[128],TILE,BFLOAT16,DEV_0_DRAM_INTERLEAVED,1[1],4[4],128[128],128[128],TILE,BFLOAT16,DEV_0_DRAM_INTERLEAVED,1[1],4[4],128[128],128[128],TILE,BFLOAT16,DEV_0_DRAM_INTERLEAVED,1[1],32[32],128[128],128[128],TILE,BFLOAT16,DEV_0_DRAM_INTERLEAVED,,,,,,,,,,,,,,,,,['ttnn/cpp/ttnn/operations/transformer/sdpa/device/kernels/compute/sdpa.cpp'],['sdpa/3496833249097060699/'],['ttnn/cpp/ttnn/operations/transformer/sdpa/device/kernels/dataflow/writer_interleaved.cpp'; 'ttnn/cpp/ttnn/operations/transformer/sdpa/device/kernels/dataflow/reader_interleaved.cpp'],['writer_interleaved/2494870053913788173/'; 'reader_interleaved/4190627112422103703/'],5860097373966650096,False,1904,1716,7648,6120,6880,0,0,0,0,1907,442,1907,[549.8563232421875; 68.73204040527344; 68.73204040527344],[549.8563232421875],1.998,,,,,,,1252
NLPConcatHeadsDeviceOperation,tt_dnn_device,54275,3,blackhole,{'output_mem_config': 'MemoryConfig(memory_layout=TensorMemoryLayout::INTERLEAVED;buffer_type=BufferType::DRAM;shard_spec=std::nullopt;nd_shard_spec=std::nullopt;created_with_nd_shard_spec=0)'},,4,110,,,4145745095,4145746147,1052,14122873950862,14122874024239,576,576,54353,53619,53619,,,,1056,53618,53330,,,,,,,,,1[1],32[32],128[128],128[128],TILE,BFLOAT16,DEV_0_DRAM_INTERLEAVED,,,,,,,,,,,,,,,1[1],1[1],128[128],4096[4096],TILE,BFLOAT16,DEV_0_DRAM_INTERLEAVED,,,,,,,,,,,,,,,,,[],[],['ttnn/cpp/ttnn/operations/eltwise/unary/device/kernels/dataflow/writer_unary_interleaved_start_id.cpp'; 'ttnn/cpp/ttnn/operations/experimental/transformer/nlp_concat_heads/device/kernels/dataflow/reader_tm_tile_layout_nlp_concat_heads.cpp'],['writer_unary_interleaved_start_id/7768588342143663468/'; 'reader_tm_tile_layout_nlp_concat_heads/4952854910287368570/'],18111044661240681667,False,1000,808,0,0,0,0,0,0,0,1,1,1,[],[],0.002,,,,,,,1052
MatmulDeviceOperation,tt_dnn_device,55299,3,blackhole,{'bcast_batch': 'true'; 'compute_kernel_config': 'ComputeKernelConfig(math_fidelity=HiFi2;math_approx_mode=0;fp32_dest_acc_en=0;packer_l1_acc=1;dst_full_sync_en=0;throttle_level=ThrottleLevel::NO_THROTTLE)'; 'global_cb': 'std::nullopt'; 'output_dtype': 'DataType::BFLOAT16'; 'output_mem_config': 'MemoryConfig(memory_layout=TensorMemoryLayout::INTERLEAVED;buffer_type=BufferType::DRAM;shard_spec=std::nullopt;nd_shard_spec=std::nullopt;created_with_nd_shard_spec=0)'; 'output_tile': 'Tile(tile_shape={32; 32};face_shape={16; 16};num_faces=4)'; 'program_config': 'MatmulMultiCoreReuseMultiCast1DProgramConfig(compute_with_storage_grid_size=11-10;in0_block_w=2;out_subblock_h=4;out_subblock_w=1;out_block_h=4;out_block_w=1;per_core_M=4;per_core_N=1;fuse_batch=0;fused_activation=std::nullopt;mcast_in0=1;gather_in0=0;hop_cores={};num_global_cb_receivers=0;untilize_out=0;allowed_worker_cores={[0-0 - 10-9]})'; 'sub_device_id': 'std::nullopt'; 'transpose_a': 'false'; 'transpose_b': 'false'; 'untilize_out': 'false'; 'user_core_coord': 'std::nullopt'; 'user_fused_activation': 'std::nullopt'; 'user_run_batched': 'false'},HiFi2,64,110,,,4145765484,4145766746,1262,14122873952776,14122874153974,461,461,149036,95637,95637,,,,1259,95637,91481,91760,91706,92021,,,,,,1[1],1[1],128[128],4096[4096],TILE,BFLOAT16,DEV_0_DRAM_INTERLEAVED,1[1],1[1],4096[4096],2048[2048],TILE,BFLOAT16,DEV_0_DRAM_INTERLEAVED,,,,,,,,1[1],1[1],128[128],2048[2048],TILE,BFLOAT16,DEV_0_DRAM_INTERLEAVED,,,,,,,,,,,,,,,,,['ttnn/cpp/ttnn/operations/matmul/device/kernels/compute/bmm_large_block_zm_fused_bias_activation.cpp'],['bmm_large_block_zm_fused_bias_activation/5187819949037309123/'],['ttnn/cpp/ttnn/operations/matmul/device/kernels/dataflow/reader_bmm_tile_layout_in1_sender_writer_padding.cpp'; 'ttnn/cpp/ttnn/operations/matmul/device/kernels/dataflow/reader_bmm_tile_layout_in0_receiver.cpp'; 'ttnn/cpp/ttnn/operations/matmul/device/kernels/dataflow/reader_bmm_tile_layout_in0_sender_padding.cpp'],['reader_bmm_tile_layout_in1_sender_writer_padding/1445782521944134521/'; 'reader_bmm_tile_layout_in0_receiver/12823147275347911370/'; 'reader_bmm_tile_layout_in0_sender_padding/15005356539006021298/'],16274167310142060712,False,1576,1136,2032,1952,2884,0,0,0,0,30517,7062,30517,[34.360389709472656; 549.7662353515625],[17.180194854736328],7.384,,,,,,,1262
MatmulDeviceOperation,tt_dnn_device,56323,3,blackhole,{'bcast_batch': 'true'; 'compute_kernel_config': 'ComputeKernelConfig(math_fidelity=HiFi2;math_approx_mode=0;fp32_dest_acc_en=0;packer_l1_acc=1;dst_full_sync_en=0;throttle_level=ThrottleLevel::NO_THROTTLE)'; 'global_cb': 'std::nullopt'; 'output_dtype': 'DataType::BFLOAT16'; 'output_mem_config': 'MemoryConfig(memory_layout=TensorMemoryLayout::INTERLEAVED;buffer_type=BufferType::DRAM;shard_spec=std::nullopt;nd_shard_spec=std::nullopt;created_with_nd_shard_spec=0)'; 'output_tile': 'Tile(tile_shape={32; 32};face_shape={16; 16};num_faces=4)'; 'program_config': 'MatmulMultiCoreReuseMultiCast1DProgramConfig(compute_with_storage_grid_size=11-10;in0_block_w=2;out_subblock_h=4;out_subblock_w=2;out_block_h=4;out_block_w=2;per_core_M=4;per_core_N=2;fuse_batch=0;fused_activation=std::nullopt;mcast_in0=1;gather_in0=0;hop_cores={};num_global_cb_receivers=0;untilize_out=0;allowed_worker_cores={[0-0 - 10-9]})'; 'sub_device_id': 'std::nullopt'; 'transpose_a': 'false'; 'transpose_b': 'false'; 'untilize_out': 'false'; 'user_core_coord': 'std::nullopt'; 'user_fused_activation': 'std::nullopt'; 'user_run_batched': 'false'},HiFi2,96,110,,,4145786454,4145787025,571,14122874025906,14122874259284,556,556,172873,77450,77450,,,,1173,77447,66937,67390,67369,67810,,,,,,1[1],1[1],128[128],2048[2048],TILE,BFLOAT16,DEV_0_DRAM_INTERLEAVED,1[1],1[1],2048[2048],6144[6144],TILE,BFLOAT16,DEV_0_DRAM_INTERLEAVED,,,,,,,,1[1],1[1],128[128],6144[6144],TILE,BFLOAT16,DEV_0_DRAM_INTERLEAVED,,,,,,,,,,,,,,,,,['ttnn/cpp/ttnn/operations/matmul/device/kernels/compute/bmm_large_block_zm_fused_bias_activation.cpp'],['bmm_large_block_zm_fused_bias_activation/13619820825632786441/'],['ttnn/cpp/ttnn/operations/matmul/device/kernels/dataflow/reader_bmm_tile_layout_in1_sender_writer_padding.cpp'; 'ttnn/cpp/ttnn/operations/matmul/device/kernels/dataflow/reader_bmm_tile_layout_in0_receiver.cpp'; 'ttnn/cpp/ttnn/operations/matmul/device/kernels/dataflow/reader_bmm_tile_layout_in0_sender_padding.cpp'],['reader_bmm_tile_layout_in1_sender_writer_padding/3807387344305590838/'; 'reader_bmm_tile_layout_in0_receiver/8006664361917647778/'; 'reader_bmm_tile_layout_in0_sender_padding/10516521948223488451/'],13325188407947720334,False,1688,1144,2080,2204,3508,0,0,0,0,45776,10592,45776,[11.453337669372559; 549.76025390625],[34.360015869140625],13.676,,,,,,,571
SliceDeviceOperation,tt_dnn_device,57347,3,blackhole,{'num_devices': 'std::nullopt'; 'output_mem_config': 'MemoryConfig(memory_layout=TensorMemoryLayout::INTERLEAVED;buffer_type=BufferType::DRAM;shard_spec=std::nullopt;nd_shard_spec=std::nullopt;created_with_nd_shard_spec=0)'; 'slice_dim': 'std::nullopt'; 'slice_end': 'Shape([1; 1; 128; 3072])'; 'slice_start': 'Shape([0; 0; 0; 0])'; 'step': 'Shape([1; 1; 1; 1])'; 'sub_core_grids': 'std::nullopt'; 'use_tensor_args': 'false'},,110,110,,,4145813135,4145814177,1042,14122874155744,14122874267252,556,556,82599,5345,5345,,,,1021,5344,5061,,,,,,,,,1[1],1[1],128[128],6144[6144],TILE,BFLOAT16,DEV_0_DRAM_INTERLEAVED,,,,,,,,,,,,,,,1[1],1[1],128[128],3072[3072],TILE,BFLOAT16,DEV_0_DRAM_INTERLEAVED,,,,,,,,,,,,,,,,,[],[],['ttnn/cpp/ttnn/operations/data_movement/slice/device/kernels/dataflow/writer_unary_interleaved_start_id.cpp'; 'ttnn/cpp/ttnn/operations/data_movement/slice/device/kernels/dataflow/reader_unary_unpad_dims_interleaved_start_id.cpp'],['writer_unary_interleaved_start_id/11396476643056635318/'; 'reader_unary_unpad_dims_interleaved_start_id/15985850001773238796/'],6465939008932021591,False,680,716,0,0,0,0,0,0,0,2861,2763,2861,[549.76025390625],[274.880126953125],51.693,,,,,,,1042
SliceDeviceOperation,tt_dnn_device,58371,3,blackhole,{'num_devices': 'std::nullopt'; 'output_mem_config': 'MemoryConfig(memory_layout=TensorMemoryLayout::INTERLEAVED;buffer_type=BufferType::DRAM;shard_spec=std::nullopt;nd_shard_spec=std::nullopt;created_with_nd_shard_spec=0)'; 'slice_dim': 'std::nullopt'; 'slice_end': 'Shape([1; 1; 128; 6144])'; 'slice_start': 'Shape([0; 0; 0; 3072])'; 'step': 'Shape([1; 1; 1; 1])'; 'sub_core_grids': 'std::nullopt'; 'use_tensor_args': 'false'},,110,110,,,4145834766,4145835277,511,14122874263830,14122874275228,537,537,8443,5384,5384,,,,1059,5384,5096,,,,,,,,,1[1],1[1],128[128],6144[6144],TILE,BFLOAT16,DEV_0_DRAM_INTERLEAVED,,,,,,,,,,,,,,,1[1],1[1],128[128],3072[3072],TILE,BFLOAT16,DEV_0_DRAM_INTERLEAVED,,,,,,,,,,,,,,,,,[],[],['ttnn/cpp/ttnn/operations/data_movement/slice/device/kernels/dataflow/writer_unary_interleaved_start_id.cpp'; 'ttnn/cpp/ttnn/operations/data_movement/slice/device/kernels/dataflow/reader_unary_unpad_dims_interleaved_start_id.cpp'],['writer_unary_interleaved_start_id/11396476643056635318/'; 'reader_unary_unpad_dims_interleaved_start_id/15985850001773238796/'],371952100256401507,False,680,716,0,0,0,0,0,0,0,2861,2763,2861,[549.76025390625],[274.880126953125],51.319,,,,,,,511
BinaryNgDeviceOperation,tt_dnn_device,59395,3,blackhole,{'atol': '0'; 'binary_op_type': 'BinaryOpType::MUL'; 'compute_kernel_config': 'std::nullopt'; 'dtype': 'DataType::BFLOAT16'; 'equal_nan': 'false'; 'input_dtype': 'DataType::BFLOAT16'; 'input_layout_a': 'Layout::TILE'; 'input_layout_b': 'Layout::TILE'; 'is_quant_op': 'false'; 'is_sfpu': 'true'; 'is_where_op': 'false'; 'lhs_activations': '{BasicUnaryWithParam<float; int; unsigned int>(base=BasicUnaryWithParam<float>(op_type=UnaryOpType::SILU;param={}))}'; 'memory_config': 'MemoryConfig(memory_layout=TensorMemoryLayout::INTERLEAVED;buffer_type=BufferType::DRAM;shard_spec=std::nullopt;nd_shard_spec=std::nullopt;created_with_nd_shard_spec=0)'; 'output_layout': 'Layout::TILE'; 'post_activations': '{}'; 'rhs_activations': '{}'; 'rtol': '0'; 'scalar': 'std::nullopt'; 'sub_core_grids': 'std::nullopt'; 'sub_device_id': 'std::nullopt'; 'subtile_broadcast_type': 'SubtileBroadcastType::NONE'; 'worker_grid': '{[0-0 - 10-9]}'},HiFi4,110,110,,,4145881315,4145882477,1162,14122874271749,14122874291343,530,530,14514,11399,11399,,,,1138,11399,7547,10467,10978,10313,,,,,,1[1],1[1],128[128],3072[3072],TILE,BFLOAT16,DEV_0_DRAM_INTERLEAVED,1[1],1[1],128[128],3072[3072],TILE,BFLOAT16,DEV_0_DRAM_INTERLEAVED,,,,,,,,1[1],1[1],128[128],3072[3072],TILE,BFLOAT16,DEV_0_DRAM_INTERLEAVED,,,,,,,,,,,,,,,,,['ttnn/cpp/ttnn/operations/eltwise/binary_ng/device/kernels/compute/eltwise_binary_sfpu_no_bcast.cpp'],['eltwise_binary_sfpu_no_bcast/3780526887682866779/'],['ttnn/cpp/ttnn/operations/eltwise/binary_ng/device/kernels_ng/dataflow/writer_interleaved_no_bcast.cpp'; 'ttnn/cpp/ttnn/operations/eltwise/binary_ng/device/kernels_ng/dataflow/reader_interleaved_no_bcast.cpp'],['writer_interleaved_no_bcast/18136391367178959522/'; 'reader_interleaved_no_bcast/7308495782470126971/'],10172879989616481542,False,1120,1644,1732,1872,1548,0,0,0,0,1,1,1,[],[],0.009,,,,,,,1162
MatmulDeviceOperation,tt_dnn_device,60419,3,blackhole,{'bcast_batch': 'true'; 'compute_kernel_config': 'ComputeKernelConfig(math_fidelity=HiFi2;math_approx_mode=0;fp32_dest_acc_en=0;packer_l1_acc=1;dst_full_sync_en=0;throttle_level=ThrottleLevel::NO_THROTTLE)'; 'global_cb': 'std::nullopt'; 'output_dtype': 'DataType::BFLOAT16'; 'output_mem_config': 'MemoryConfig(memory_layout=TensorMemoryLayout::INTERLEAVED;buffer_type=BufferType::DRAM;shard_spec=std::nullopt;nd_shard_spec=std::nullopt;created_with_nd_shard_spec=0)'; 'output_tile': 'Tile(tile_shape={32; 32};face_shape={16; 16};num_faces=4)'; 'program_config': 'MatmulMultiCoreReuseMultiCast1DProgramConfig(compute_with_storage_grid_size=11-10;in0_block_w=2;out_subblock_h=4;out_subblock_w=1;out_block_h=4;out_block_w=1;per_core_M=4;per_core_N=1;fuse_batch=0;fused_activation=std::nullopt;mcast_in0=1;gather_in0=0;hop_cores={};num_global_cb_receivers=0;untilize_out=0;allowed_worker_cores={[0-0 - 10-9]})'; 'sub_device_id': 'std::nullopt'; 'transpose_a': 'false'; 'transpose_b': 'false'; 'untilize_out': 'false'; 'user_core_coord': 'std::nullopt'; 'user_fused_activation': 'std::nullopt'; 'user_run_batched': 'false'},HiFi2,64,110,,,4145894540,4145895292,752,14122874286207,14122874390586,552,552,77318,72956,72956,,,,1162,72956,68815,69096,69033,69342,,,,,,1[1],1[1],128[128],3072[3072],TILE,BFLOAT16,DEV_0_DRAM_INTERLEAVED,1[1],1[1],3072[3072],2048[2048],TILE,BFLOAT16,DEV_0_DRAM_INTERLEAVED,,,,,,,,1[1],1[1],128[128],2048[2048],TILE,BFLOAT16,DEV_0_DRAM_INTERLEAVED,,,,,,,,,,,,,,,,,['ttnn/cpp/ttnn/operations/matmul/device/kernels/compute/bmm_large_block_zm_fused_bias_activation.cpp'],['bmm_large_block_zm_fused_bias_activation/4952525874028506880/'],['ttnn/cpp/ttnn/operations/matmul/device/kernels/dataflow/reader_bmm_tile_layout_in1_sender_writer_padding.cpp'; 'ttnn/cpp/ttnn/operations/matmul/device/kernels/dataflow/reader_bmm_tile_layout_in0_receiver.cpp'; 'ttnn/cpp/ttnn/operations/matmul/device/kernels/dataflow/reader_bmm_tile_layout_in0_sender_padding.cpp'],['reader_bmm_tile_layout_in1_sender_writer_padding/9007325349241846448/'; 'reader_bmm_tile_layout_in0_receiver/13576620980134525493/'; 'reader_bmm_tile_layout_in0_sender_padding/11136946213047509598/'],15833591955786268690,False,1576,1144,2032,1952,2884,0,0,0,0,22888,5297,22888,[34.360015869140625; 549.76025390625],[22.906675338745117],7.261,,,,,,,752
BinaryNgDeviceOperation,tt_dnn_device,61443,3,blackhole,{'atol': '0'; 'binary_op_type': 'BinaryOpType::ADD'; 'compute_kernel_config': 'std::nullopt'; 'dtype': 'DataType::BFLOAT16'; 'equal_nan': 'false'; 'input_dtype': 'DataType::BFLOAT16'; 'input_layout_a': 'Layout::TILE'; 'input_layout_b': 'Layout::TILE'; 'is_quant_op': 'false'; 'is_sfpu': 'false'; 'is_where_op': 'false'; 'lhs_activations': '{}'; 'memory_config': 'MemoryConfig(memory_layout=TensorMemoryLayout::INTERLEAVED;buffer_type=BufferType::DRAM;shard_spec=std::nullopt;nd_shard_spec=std::nullopt;created_with_nd_shard_spec=0)'; 'output_layout': 'Layout::TILE'; 'post_activations': '{}'; 'rhs_activations': '{}'; 'rtol': '0'; 'scalar': 'std::nullopt'; 'sub_core_grids': 'std::nullopt'; 'sub_device_id': 'std::nullopt'; 'subtile_broadcast_type': 'SubtileBroadcastType::NONE'; 'worker_grid': '{[0-0 - 10-9]}'},HiFi4,110,110,,,4145935578,4145936280,702,14122874293182,14122874399403,551,553,78682,5987,5984,,,,1118,5984,5563,5559,1100,4664,,,,,,1[1],1[1],128[128],2048[2048],TILE,BFLOAT16,DEV_0_DRAM_INTERLEAVED,1[1],1[1],128[128],2048[2048],TILE,BFLOAT16,DEV_0_DRAM_INTERLEAVED,,,,,,,,1[1],1[1],128[128],2048[2048],TILE,BFLOAT16,DEV_0_DRAM_INTERLEAVED,,,,,,,,,,,,,,,,,['ttnn/cpp/ttnn/operations/eltwise/binary_ng/device/kernels/compute/eltwise_binary_no_bcast.cpp'],['eltwise_binary_no_bcast/7702167649156508193/'],['ttnn/cpp/ttnn/operations/eltwise/binary_ng/device/kernels_ng/dataflow/writer_interleaved_no_bcast.cpp'; 'ttnn/cpp/ttnn/operations/eltwise/binary_ng/device/kernels_ng/dataflow/reader_interleaved_no_bcast.cpp'],['writer_interleaved_no_bcast/13786176872452774081/'; 'reader_interleaved_no_bcast/13696495097517312790/'],1295168523863076379,False,1120,1644,1308,768,1292,0,0,0,0,1,1,1,[],[],0.017,,,,,,,702
BinaryNgDeviceOperation,tt_dnn_device,62467,3,blackhole,{'atol': '0'; 'binary_op_type': 'BinaryOpType::ADD'; 'compute_kernel_config': 'std::nullopt'; 'dtype': 'DataType::BFLOAT16'; 'equal_nan': 'false'; 'input_dtype': 'DataType::BFLOAT16'; 'input_layout_a': 'Layout::TILE'; 'input_layout_b': 'Layout::TILE'; 'is_quant_op': 'false'; 'is_sfpu': 'false'; 'is_where_op': 'false'; 'lhs_activations': '{}'; 'memory_config': 'MemoryConfig(memory_layout=TensorMemoryLayout::INTERLEAVED;buffer_type=BufferType::DRAM;shard_spec=std::nullopt;nd_shard_spec=std::nullopt;created_with_nd_shard_spec=0)'; 'output_layout': 'Layout::TILE'; 'post_activations': '{}'; 'rhs_activations': '{}'; 'rtol': '0'; 'scalar': 'std::nullopt'; 'sub_core_grids': 'std::nullopt'; 'sub_device_id': 'std::nullopt'; 'subtile_broadcast_type': 'SubtileBroadcastType::NONE'; 'worker_grid': '{[0-0 - 10-9]}'},HiFi4,110,110,,,4145967649,4145968251,602,14122874395652,14122874407256,500,501,8596,5316,5315,,,,1171,5315,4880,4919,1162,4350,,,,,,1[1],1[1],128[128],2048[2048],TILE,BFLOAT16,DEV_0_DRAM_INTERLEAVED,1[1],1[1],128[128],2048[2048],TILE,BFLOAT16,DEV_0_DRAM_INTERLEAVED,,,,,,,,1[1],1[1],128[128],2048[2048],TILE,BFLOAT16,DEV_0_DRAM_INTERLEAVED,,,,,,,,,,,,,,,,,['ttnn/cpp/ttnn/operations/eltwise/binary_ng/device/kernels/compute/eltwise_binary_no_bcast.cpp'],['eltwise_binary_no_bcast/7702167649156508193/'],['ttnn/cpp/ttnn/operations/eltwise/binary_ng/device/kernels_ng/dataflow/writer_interleaved_no_bcast.cpp'; 'ttnn/cpp/ttnn/operations/eltwise/binary_ng/device/kernels_ng/dataflow/reader_interleaved_no_bcast.cpp'],['writer_interleaved_no_bcast/13786176872452774081/'; 'reader_interleaved_no_bcast/13696495097517312790/'],1295168523863076379,False,1120,1644,1308,768,1292,0,0,0,0,1,1,1,[],[],0.019,,,,,,,602
PERF_PREFILL,signpost,,,,,,,,,,4146207577,,,,,,,,,,,,,,,,,,,,,,,,,,,,,,,,,,,,,,,,,,,,,,,,,,,,,,,,,,,,,,,,,,,,,,,,,,,,,,,,,,,,,,,,,,,,,,,
LayerNormDeviceOperation,tt_dnn_device,63491,3,blackhole,{'compute_kernel_config': 'ComputeKernelConfig(math_fidelity=HiFi4;math_approx_mode=1;fp32_dest_acc_en=0;packer_l1_acc=0;dst_full_sync_en=0;throttle_level=ThrottleLevel::NO_THROTTLE)'; 'distributed_norm_stage': 'DistributedLayerNormStage::NOT_DISTRIBUTED'; 'dtype': 'std::nullopt'; 'eps': '1e-06'; 'fused_activation': 'std::nullopt'; 'norm_type': 'LayerNormType::RMSNORM'; 'output_mem_config': 'MemoryConfig(memory_layout=TensorMemoryLayout::INTERLEAVED;buffer_type=BufferType::DRAM;shard_spec=std::nullopt;nd_shard_spec=std::nullopt;created_with_nd_shard_spec=0)'; 'program_config': 'LayerNormDefaultProgramConfig(legacy_reduction=0;legacy_rsqrt=0;use_welford=0)'},HiFi4,4,110,,,4146414241,4146415734,1493,14122874701578,14122874737519,218545,218652,26623,26096,25996,,,,244,25896,12420,25051,25140,25327,,,,,,1[1],1[1],128[128],2048[2048],TILE,BFLOAT16,DEV_0_DRAM_INTERLEAVED,1[1],1[1],32[1],2048[2048],TILE,BFLOAT16,DEV_0_DRAM_INTERLEAVED,,,,,,,,1[1],1[1],128[128],2048[2048],TILE,BFLOAT16,DEV_0_DRAM_INTERLEAVED,,,,,,,,,,,,,,,,,['ttnn/cpp/ttnn/operations/normalization/layernorm/device/kernels/compute/layernorm.cpp'],['layernorm/2715421386497350779/'],['ttnn/cpp/ttnn/operations/normalization/layernorm/device/kernels/dataflow/writer_unary_interleaved_start_id_blocked.cpp'; 'ttnn/cpp/ttnn/operations/normalization/layernorm/device/kernels/dataflow/reader_unary_interleaved_ln.cpp'],['writer_unary_interleaved_start_id_blocked/7143009526625848983/'; 'reader_unary_interleaved_ln/11410384521337529621/'],8680554653117418128,False,812,1684,3388,2536,3388,0,0,0,0,1,1,1,[],[],0.004,,,,,,,1493
MatmulDeviceOperation,tt_dnn_device,64515,3,blackhole,{'bcast_batch': 'true'; 'compute_kernel_config': 'ComputeKernelConfig(math_fidelity=HiFi2;math_approx_mode=0;fp32_dest_acc_en=0;packer_l1_acc=1;dst_full_sync_en=0;throttle_level=ThrottleLevel::NO_THROTTLE)'; 'global_cb': 'std::nullopt'; 'output_dtype': 'DataType::BFLOAT16'; 'output_mem_config': 'MemoryConfig(memory_layout=TensorMemoryLayout::INTERLEAVED;buffer_type=BufferType::DRAM;shard_spec=std::nullopt;nd_shard_spec=std::nullopt;created_with_nd_shard_spec=0)'; 'output_tile': 'Tile(tile_shape={32; 32};face_shape={16; 16};num_faces=4)'; 'program_config': 'MatmulMultiCoreReuseMultiCast1DProgramConfig(compute_with_storage_grid_size=11-10;in0_block_w=2;out_subblock_h=4;out_subblock_w=2;out_block_h=4;out_block_w=2;per_core_M=4;per_core_N=2;fuse_batch=0;fused_activation=std::nullopt;mcast_in0=1;gather_in0=0;hop_cores={};num_global_cb_receivers=0;untilize_out=0;allowed_worker_cores={[0-0 - 10-9]})'; 'sub_device_id': 'std::nullopt'; 'transpose_a': 'false'; 'transpose_b': 'false'; 'untilize_out': 'false'; 'user_core_coord': 'std::nullopt'; 'user_fused_activation': 'std::nullopt'; 'user_run_batched': 'false'},HiFi2,80,110,,,4146434429,4146435471,1042,14122874741208,14122874827325,4529,4530,63790,61983,61981,,,,276,61981,53179,54416,54390,54839,,,,,,1[1],1[1],128[128],2048[2048],TILE,BFLOAT16,DEV_0_DRAM_INTERLEAVED,1[1],1[1],2048[2048],5120[5120],TILE,BFLOAT16,DEV_0_DRAM_INTERLEAVED,,,,,,,,1[1],1[1],128[128],5120[5120],TILE,BFLOAT16,DEV_0_DRAM_INTERLEAVED,,,,,,,,,,,,,,,,,['ttnn/cpp/ttnn/operations/matmul/device/kernels/compute/bmm_large_block_zm_fused_bias_activation.cpp'],['bmm_large_block_zm_fused_bias_activation/13619820825632786441/'],['ttnn/cpp/ttnn/operations/matmul/device/kernels/dataflow/reader_bmm_tile_layout_in1_sender_writer_padding.cpp'; 'ttnn/cpp/ttnn/operations/matmul/device/kernels/dataflow/reader_bmm_tile_layout_in0_receiver.cpp'; 'ttnn/cpp/ttnn/operations/matmul/device/kernels/dataflow/reader_bmm_tile_layout_in0_sender_padding.cpp'],['reader_bmm_tile_layout_in1_sender_writer_padding/15516044502111548640/'; 'reader_bmm_tile_layout_in0_receiver/8006664361917647778/'; 'reader_bmm_tile_layout_in0_sender_padding/16160090226343344771/'],7827833380726360489,False,1684,1144,2080,2204,3508,0,0,0,0,38146,8827,38146,[13.744245529174805; 549.7698364257812],[34.36061477661133],14.241,,,,,,,1042
NlpCreateHeadsDeviceOperation,tt_dnn_device,65539,3,blackhole,{'head_dim': '128'; 'num_kv_heads': '4'; 'num_q_heads': '32'; 'output_mem_config': 'MemoryConfig(memory_layout=TensorMemoryLayout::INTERLEAVED;buffer_type=BufferType::DRAM;shard_spec=std::nullopt;nd_shard_spec=std::nullopt;created_with_nd_shard_spec=0)'; 'transpose_k_heads': 'false'},,4,110,,,4146458185,4146459597,1412,14122874826211,14122874917878,699,699,67901,66384,66384,,,,873,66384,66049,,,,,,,,,1[1],1[1],128[128],5120[5120],TILE,BFLOAT16,DEV_0_DRAM_INTERLEAVED,,,,,,,,,,,,,,,1[1],32[32],128[128],128[128],TILE,BFLOAT16,DEV_0_DRAM_INTERLEAVED,1[1],4[4],128[128],128[128],TILE,BFLOAT16,DEV_0_DRAM_INTERLEAVED,1[1],4[4],128[128],128[128],TILE,BFLOAT16,DEV_0_DRAM_INTERLEAVED,,,[],[],['ttnn/cpp/ttnn/operations/experimental/transformer/nlp_create_qkv_heads/device/kernels/dataflow/writer_tm_tile_layout_nlp_create_qkv_heads.cpp'; 'ttnn/cpp/ttnn/operations/experimental/transformer/nlp_create_qkv_heads/device/kernels/dataflow/reader_tm_tile_layout_nlp_create_qkv_heads.cpp'],['writer_tm_tile_layout_nlp_create_qkv_heads/4852806476994253817/'; 'reader_tm_tile_layout_nlp_create_qkv_heads/17529215431507550100/'],5822307527167485334,False,1344,1104,0,0,0,0,0,0,0,1,1,1,[],[],0.002,,,,,,,1412
RotaryEmbeddingDeviceOperation,tt_dnn_device,66563,3,blackhole,{'compute_kernel_config': 'ComputeKernelConfig(math_fidelity=HiFi4;math_approx_mode=1;fp32_dest_acc_en=0;packer_l1_acc=0;dst_full_sync_en=0;throttle_level=ThrottleLevel::NO_THROTTLE)'; 'output_mem_config': 'MemoryConfig(memory_layout=TensorMemoryLayout::INTERLEAVED;buffer_type=BufferType::DRAM;shard_spec=std::nullopt;nd_shard_spec=std::nullopt;created_with_nd_shard_spec=0)'; 'seq_len': '128'; 'token_idx': 'std::nullopt'},HiFi4,110,110,,,4146476019,4146477081,1062,14122874829059,14122874958269,473,473,95711,29444,29444,,,,1376,29444,28855,29081,28949,28979,,,,,,1[1],32[32],128[128],128[128],TILE,BFLOAT16,DEV_0_DRAM_INTERLEAVED,1[1],1[1],128[128],128[128],TILE,BFLOAT16,DEV_0_DRAM_INTERLEAVED,1[1],1[1],128[128],128[128],TILE,BFLOAT16,DEV_0_DRAM_INTERLEAVED,1[1],32[32],128[128],128[128],TILE,BFLOAT16,DEV_0_DRAM_INTERLEAVED,,,,,,,,,,,,,,,,,['ttnn/cpp/ttnn/operations/experimental/transformer/rotary_embedding/device/kernels/compute/rotary_embedding.cpp'],['rotary_embedding/1679027051022344736/'],['ttnn/cpp/ttnn/operations/experimental/transformer/rotary_embedding/device/kernels/dataflow/writer_rotary_embedding_interleaved_start_id.cpp'; 'ttnn/cpp/ttnn/operations/experimental/transformer/rotary_embedding/device/kernels/dataflow/reader_rotary_embedding_interleaved_start_id.cpp'],['writer_rotary_embedding_interleaved_start_id/17446569591208785328/'; 'reader_rotary_embedding_interleaved_start_id/2259083254108590300/'],11317054064648459670,False,964,2380,3032,1756,2988,0,0,0,0,1,1,1,[],[],0.003,,,,,,,1062
RotaryEmbeddingDeviceOperation,tt_dnn_device,67587,3,blackhole,{'compute_kernel_config': 'ComputeKernelConfig(math_fidelity=HiFi4;math_approx_mode=1;fp32_dest_acc_en=0;packer_l1_acc=0;dst_full_sync_en=0;throttle_level=ThrottleLevel::NO_THROTTLE)'; 'output_mem_config': 'MemoryConfig(memory_layout=TensorMemoryLayout::INTERLEAVED;buffer_type=BufferType::DRAM;shard_spec=std::nullopt;nd_shard_spec=std::nullopt;created_with_nd_shard_spec=0)'; 'seq_len': '128'; 'token_idx': 'std::nullopt'},HiFi4,16,110,,,4146486579,4146487150,571,14122874949544,14122874970221,469,469,15316,8392,8392,,,,1394,8392,7799,8021,7895,7916,,,,,,1[1],4[4],128[128],128[128],TILE,BFLOAT16,DEV_0_DRAM_INTERLEAVED,1[1],1[1],128[128],128[128],TILE,BFLOAT16,DEV_0_DRAM_INTERLEAVED,1[1],1[1],128[128],128[128],TILE,BFLOAT16,DEV_0_DRAM_INTERLEAVED,1[1],4[4],128[128],128[128],TILE,BFLOAT16,DEV_0_DRAM_INTERLEAVED,,,,,,,,,,,,,,,,,['ttnn/cpp/ttnn/operations/experimental/transformer/rotary_embedding/device/kernels/compute/rotary_embedding.cpp'],['rotary_embedding/1679027051022344736/'],['ttnn/cpp/ttnn/operations/experimental/transformer/rotary_embedding/device/kernels/dataflow/writer_rotary_embedding_interleaved_start_id.cpp'; 'ttnn/cpp/ttnn/operations/experimental/transformer/rotary_embedding/device/kernels/dataflow/reader_rotary_embedding_interleaved_start_id.cpp'],['writer_rotary_embedding_interleaved_start_id/17446569591208785328/'; 'reader_rotary_embedding_interleaved_start_id/2259083254108590300/'],8054866007483348938,False,964,2380,3000,1728,2964,0,0,0,0,1,1,1,[],[],0.012,,,,,,,571
PagedFillCacheDeviceOperation,tt_dnn_device,68611,3,blackhole,{'batch_idx_fallback': '0'; 'block_size_override': 'std::nullopt'; 'cache_position_modulo': 'std::nullopt'; 'mesh_coords': 'std::nullopt'; 'noop': 'false'},,16,110,,,4146503481,4146504563,1082,14122874969974,14122874973515,450,450,2623,1993,1993,,,,1152,1993,1590,,,,,,,,,4[4],4[4],32[32],128[128],TILE,BFLOAT16,DEV_0_DRAM_INTERLEAVED,1[1],4[4],128[128],128[128],TILE,BFLOAT16,DEV_0_DRAM_INTERLEAVED,1[1],1[1],1[1],4[4],ROW_MAJOR,INT32,DEV_0_DRAM_INTERLEAVED,4[4],4[4],32[32],128[128],TILE,BFLOAT16,DEV_0_DRAM_INTERLEAVED,,,,,,,,,,,,,,,,,[],[],['ttnn/cpp/ttnn/operations/experimental/paged_cache/device/kernels/dataflow/writer_fill_cache_interleaved.cpp'; 'ttnn/cpp/ttnn/operations/experimental/paged_cache/device/kernels/dataflow/reader_fill_cache_interleaved.cpp'],['writer_fill_cache_interleaved/18344311534810825388/'; 'reader_fill_cache_interleaved/14127415952242961771/'],15818952878281251638,False,1124,700,0,0,0,0,0,0,0,1,1,1,[],[],0.05,,,,,,,1082
PagedFillCacheDeviceOperation,tt_dnn_device,69635,3,blackhole,{'batch_idx_fallback': '0'; 'block_size_override': 'std::nullopt'; 'cache_position_modulo': 'std::nullopt'; 'mesh_coords': 'std::nullopt'; 'noop': 'false'},,16,110,,,4146510364,4146510905,541,14122874973606,14122874976835,513,513,2392,1939,1939,,,,1060,1870,1528,,,,,,,,,4[4],4[4],32[32],128[128],TILE,BFLOAT16,DEV_0_DRAM_INTERLEAVED,1[1],4[4],128[128],128[128],TILE,BFLOAT16,DEV_0_DRAM_INTERLEAVED,1[1],1[1],1[1],4[4],ROW_MAJOR,INT32,DEV_0_DRAM_INTERLEAVED,4[4],4[4],32[32],128[128],TILE,BFLOAT16,DEV_0_DRAM_INTERLEAVED,,,,,,,,,,,,,,,,,[],[],['ttnn/cpp/ttnn/operations/experimental/paged_cache/device/kernels/dataflow/writer_fill_cache_interleaved.cpp'; 'ttnn/cpp/ttnn/operations/experimental/paged_cache/device/kernels/dataflow/reader_fill_cache_interleaved.cpp'],['writer_fill_cache_interleaved/18344311534810825388/'; 'reader_fill_cache_interleaved/14127415952242961771/'],15818952878281251638,False,1124,700,0,0,0,0,0,0,0,1,1,1,[],[],0.052,,,,,,,541
SDPAOperation,tt_dnn_device,70659,3,blackhole,{'chunk_start_idx': 'std::nullopt'; 'chunk_start_idx_tensor': 'std::nullopt'; 'compute_kernel_config': 'ComputeKernelConfig(math_fidelity=HiFi2;math_approx_mode=1;fp32_dest_acc_en=0;packer_l1_acc=0;dst_full_sync_en=0;throttle_level=ThrottleLevel::NO_THROTTLE)'; 'head_dim_v': 'std::nullopt'; 'is_causal': 'true'; 'output_mem_config': 'MemoryConfig(memory_layout=TensorMemoryLayout::INTERLEAVED;buffer_type=BufferType::DRAM;shard_spec=std::nullopt;nd_shard_spec=std::nullopt;created_with_nd_shard_spec=0)'; 'program_config': 'std::nullopt'; 'scale': '0.088388346'; 'sliding_window_size': 'std::nullopt'; 'use_mla': 'false'},HiFi2,110,110,,,4146525533,4146526906,1373,14122874975125,14122875008382,468,468,24635,22901,22901,,,,1600,22899,21092,22526,22324,22416,,,,,,1[1],32[32],128[128],128[128],TILE,BFLOAT16,DEV_0_DRAM_INTERLEAVED,1[1],4[4],128[128],128[128],TILE,BFLOAT16,DEV_0_DRAM_INTERLEAVED,1[1],4[4],128[128],128[128],TILE,BFLOAT16,DEV_0_DRAM_INTERLEAVED,1[1],32[32],128[128],128[128],TILE,BFLOAT16,DEV_0_DRAM_INTERLEAVED,,,,,,,,,,,,,,,,,['ttnn/cpp/ttnn/operations/transformer/sdpa/device/kernels/compute/sdpa.cpp'],['sdpa/3496833249097060699/'],['ttnn/cpp/ttnn/operations/transformer/sdpa/device/kernels/dataflow/writer_interleaved.cpp'; 'ttnn/cpp/ttnn/operations/transformer/sdpa/device/kernels/dataflow/reader_interleaved.cpp'],['writer_interleaved/2494870053913788173/'; 'reader_interleaved/4190627112422103703/'],5860097373966650096,False,1904,1716,7648,6120,6880,0,0,0,0,1907,442,1907,[549.8563232421875; 68.73204040527344; 68.73204040527344],[549.8563232421875],1.93,,,,,,,1373
NLPConcatHeadsDeviceOperation,tt_dnn_device,71683,3,blackhole,{'output_mem_config': 'MemoryConfig(memory_layout=TensorMemoryLayout::INTERLEAVED;buffer_type=BufferType::DRAM;shard_spec=std::nullopt;nd_shard_spec=std::nullopt;created_with_nd_shard_spec=0)'},,4,110,,,4146539119,4146540421,1302,14122875008001,14122875081515,576,576,54455,53593,53593,,,,712,53570,53309,,,,,,,,,1[1],32[32],128[128],128[128],TILE,BFLOAT16,DEV_0_DRAM_INTERLEAVED,,,,,,,,,,,,,,,1[1],1[1],128[128],4096[4096],TILE,BFLOAT16,DEV_0_DRAM_INTERLEAVED,,,,,,,,,,,,,,,,,[],[],['ttnn/cpp/ttnn/operations/eltwise/unary/device/kernels/dataflow/writer_unary_interleaved_start_id.cpp'; 'ttnn/cpp/ttnn/operations/experimental/transformer/nlp_concat_heads/device/kernels/dataflow/reader_tm_tile_layout_nlp_concat_heads.cpp'],['writer_unary_interleaved_start_id/7768588342143663468/'; 'reader_tm_tile_layout_nlp_concat_heads/4952854910287368570/'],18111044661240681667,False,1000,808,0,0,0,0,0,0,0,1,1,1,[],[],0.002,,,,,,,1302
MatmulDeviceOperation,tt_dnn_device,72707,3,blackhole,{'bcast_batch': 'true'; 'compute_kernel_config': 'ComputeKernelConfig(math_fidelity=HiFi2;math_approx_mode=0;fp32_dest_acc_en=0;packer_l1_acc=1;dst_full_sync_en=0;throttle_level=ThrottleLevel::NO_THROTTLE)'; 'global_cb': 'std::nullopt'; 'output_dtype': 'DataType::BFLOAT16'; 'output_mem_config': 'MemoryConfig(memory_layout=TensorMemoryLayout::INTERLEAVED;buffer_type=BufferType::DRAM;shard_spec=std::nullopt;nd_shard_spec=std::nullopt;created_with_nd_shard_spec=0)'; 'output_tile': 'Tile(tile_shape={32; 32};face_shape={16; 16};num_faces=4)'; 'program_config': 'MatmulMultiCoreReuseMultiCast1DProgramConfig(compute_with_storage_grid_size=11-10;in0_block_w=2;out_subblock_h=4;out_subblock_w=1;out_block_h=4;out_block_w=1;per_core_M=4;per_core_N=1;fuse_batch=0;fused_activation=std::nullopt;mcast_in0=1;gather_in0=0;hop_cores={};num_global_cb_receivers=0;untilize_out=0;allowed_worker_cores={[0-0 - 10-9]})'; 'sub_device_id': 'std::nullopt'; 'transpose_a': 'false'; 'transpose_b': 'false'; 'untilize_out': 'false'; 'user_core_coord': 'std::nullopt'; 'user_fused_activation': 'std::nullopt'; 'user_run_batched': 'false'},HiFi2,64,110,,,4146559658,4146560590,932,14122875010076,14122875211318,470,470,149068,95679,95679,,,,1246,95677,91425,91697,91644,91964,,,,,,1[1],1[1],128[128],4096[4096],TILE,BFLOAT16,DEV_0_DRAM_INTERLEAVED,1[1],1[1],4096[4096],2048[2048],TILE,BFLOAT16,DEV_0_DRAM_INTERLEAVED,,,,,,,,1[1],1[1],128[128],2048[2048],TILE,BFLOAT16,DEV_0_DRAM_INTERLEAVED,,,,,,,,,,,,,,,,,['ttnn/cpp/ttnn/operations/matmul/device/kernels/compute/bmm_large_block_zm_fused_bias_activation.cpp'],['bmm_large_block_zm_fused_bias_activation/5187819949037309123/'],['ttnn/cpp/ttnn/operations/matmul/device/kernels/dataflow/reader_bmm_tile_layout_in1_sender_writer_padding.cpp'; 'ttnn/cpp/ttnn/operations/matmul/device/kernels/dataflow/reader_bmm_tile_layout_in0_receiver.cpp'; 'ttnn/cpp/ttnn/operations/matmul/device/kernels/dataflow/reader_bmm_tile_layout_in0_sender_padding.cpp'],['reader_bmm_tile_layout_in1_sender_writer_padding/1445782521944134521/'; 'reader_bmm_tile_layout_in0_receiver/12823147275347911370/'; 'reader_bmm_tile_layout_in0_sender_padding/15005356539006021298/'],16274167310142060712,False,1576,1136,2032,1952,2884,0,0,0,0,30517,7062,30517,[34.360389709472656; 549.7662353515625],[17.180194854736328],7.381,,,,,,,932
MatmulDeviceOperation,tt_dnn_device,73731,3,blackhole,{'bcast_batch': 'true'; 'compute_kernel_config': 'ComputeKernelConfig(math_fidelity=HiFi2;math_approx_mode=0;fp32_dest_acc_en=0;packer_l1_acc=1;dst_full_sync_en=0;throttle_level=ThrottleLevel::NO_THROTTLE)'; 'global_cb': 'std::nullopt'; 'output_dtype': 'DataType::BFLOAT16'; 'output_mem_config': 'MemoryConfig(memory_layout=TensorMemoryLayout::INTERLEAVED;buffer_type=BufferType::DRAM;shard_spec=std::nullopt;nd_shard_spec=std::nullopt;created_with_nd_shard_spec=0)'; 'output_tile': 'Tile(tile_shape={32; 32};face_shape={16; 16};num_faces=4)'; 'program_config': 'MatmulMultiCoreReuseMultiCast1DProgramConfig(compute_with_storage_grid_size=11-10;in0_block_w=2;out_subblock_h=4;out_subblock_w=2;out_block_h=4;out_block_w=2;per_core_M=4;per_core_N=2;fuse_batch=0;fused_activation=std::nullopt;mcast_in0=1;gather_in0=0;hop_cores={};num_global_cb_receivers=0;untilize_out=0;allowed_worker_cores={[0-0 - 10-9]})'; 'sub_device_id': 'std::nullopt'; 'transpose_a': 'false'; 'transpose_b': 'false'; 'untilize_out': 'false'; 'user_core_coord': 'std::nullopt'; 'user_fused_activation': 'std::nullopt'; 'user_run_batched': 'false'},HiFi2,96,110,,,4146575027,4146575638,611,14122875083196,14122875317211,544,546,173344,77896,77894,,,,1186,77893,67410,67864,67833,68276,,,,,,1[1],1[1],128[128],2048[2048],TILE,BFLOAT16,DEV_0_DRAM_INTERLEAVED,1[1],1[1],2048[2048],6144[6144],TILE,BFLOAT16,DEV_0_DRAM_INTERLEAVED,,,,,,,,1[1],1[1],128[128],6144[6144],TILE,BFLOAT16,DEV_0_DRAM_INTERLEAVED,,,,,,,,,,,,,,,,,['ttnn/cpp/ttnn/operations/matmul/device/kernels/compute/bmm_large_block_zm_fused_bias_activation.cpp'],['bmm_large_block_zm_fused_bias_activation/13619820825632786441/'],['ttnn/cpp/ttnn/operations/matmul/device/kernels/dataflow/reader_bmm_tile_layout_in1_sender_writer_padding.cpp'; 'ttnn/cpp/ttnn/operations/matmul/device/kernels/dataflow/reader_bmm_tile_layout_in0_receiver.cpp'; 'ttnn/cpp/ttnn/operations/matmul/device/kernels/dataflow/reader_bmm_tile_layout_in0_sender_padding.cpp'],['reader_bmm_tile_layout_in1_sender_writer_padding/3807387344305590838/'; 'reader_bmm_tile_layout_in0_receiver/8006664361917647778/'; 'reader_bmm_tile_layout_in0_sender_padding/10516521948223488451/'],13325188407947720334,False,1688,1144,2080,2204,3508,0,0,0,0,45776,10592,45776,[11.453337669372559; 549.76025390625],[34.360015869140625],13.598,,,,,,,611
SliceDeviceOperation,tt_dnn_device,74755,3,blackhole,{'num_devices': 'std::nullopt'; 'output_mem_config': 'MemoryConfig(memory_layout=TensorMemoryLayout::INTERLEAVED;buffer_type=BufferType::DRAM;shard_spec=std::nullopt;nd_shard_spec=std::nullopt;created_with_nd_shard_spec=0)'; 'slice_dim': 'std::nullopt'; 'slice_end': 'Shape([1; 1; 128; 3072])'; 'slice_start': 'Shape([0; 0; 0; 0])'; 'step': 'Shape([1; 1; 1; 1])'; 'sub_core_grids': 'std::nullopt'; 'use_tensor_args': 'false'},,110,110,,,4146601728,4146602820,1092,14122875213075,14122875325059,543,543,82951,5275,5275,,,,1062,5275,4990,,,,,,,,,1[1],1[1],128[128],6144[6144],TILE,BFLOAT16,DEV_0_DRAM_INTERLEAVED,,,,,,,,,,,,,,,1[1],1[1],128[128],3072[3072],TILE,BFLOAT16,DEV_0_DRAM_INTERLEAVED,,,,,,,,,,,,,,,,,[],[],['ttnn/cpp/ttnn/operations/data_movement/slice/device/kernels/dataflow/writer_unary_interleaved_start_id.cpp'; 'ttnn/cpp/ttnn/operations/data_movement/slice/device/kernels/dataflow/reader_unary_unpad_dims_interleaved_start_id.cpp'],['writer_unary_interleaved_start_id/11396476643056635318/'; 'reader_unary_unpad_dims_interleaved_start_id/15985850001773238796/'],6465939008932021591,False,680,716,0,0,0,0,0,0,0,2861,2763,2861,[549.76025390625],[274.880126953125],52.379,,,,,,,1092
SliceDeviceOperation,tt_dnn_device,75779,3,blackhole,{'num_devices': 'std::nullopt'; 'output_mem_config': 'MemoryConfig(memory_layout=TensorMemoryLayout::INTERLEAVED;buffer_type=BufferType::DRAM;shard_spec=std::nullopt;nd_shard_spec=std::nullopt;created_with_nd_shard_spec=0)'; 'slice_dim': 'std::nullopt'; 'slice_end': 'Shape([1; 1; 128; 6144])'; 'slice_start': 'Shape([0; 0; 0; 3072])'; 'step': 'Shape([1; 1; 1; 1])'; 'sub_core_grids': 'std::nullopt'; 'use_tensor_args': 'false'},,110,110,,,4146623640,4146624151,511,14122875321947,14122875332881,536,536,8099,5264,5264,,,,1046,5264,4967,,,,,,,,,1[1],1[1],128[128],6144[6144],TILE,BFLOAT16,DEV_0_DRAM_INTERLEAVED,,,,,,,,,,,,,,,1[1],1[1],128[128],3072[3072],TILE,BFLOAT16,DEV_0_DRAM_INTERLEAVED,,,,,,,,,,,,,,,,,[],[],['ttnn/cpp/ttnn/operations/data_movement/slice/device/kernels/dataflow/writer_unary_interleaved_start_id.cpp'; 'ttnn/cpp/ttnn/operations/data_movement/slice/device/kernels/dataflow/reader_unary_unpad_dims_interleaved_start_id.cpp'],['writer_unary_interleaved_start_id/11396476643056635318/'; 'reader_unary_unpad_dims_interleaved_start_id/15985850001773238796/'],371952100256401507,False,680,716,0,0,0,0,0,0,0,2861,2763,2861,[549.76025390625],[274.880126953125],52.489,,,,,,,511
BinaryNgDeviceOperation,tt_dnn_device,76803,3,blackhole,{'atol': '0'; 'binary_op_type': 'BinaryOpType::MUL'; 'compute_kernel_config': 'std::nullopt'; 'dtype': 'DataType::BFLOAT16'; 'equal_nan': 'false'; 'input_dtype': 'DataType::BFLOAT16'; 'input_layout_a': 'Layout::TILE'; 'input_layout_b': 'Layout::TILE'; 'is_quant_op': 'false'; 'is_sfpu': 'true'; 'is_where_op': 'false'; 'lhs_activations': '{BasicUnaryWithParam<float; int; unsigned int>(base=BasicUnaryWithParam<float>(op_type=UnaryOpType::SILU;param={}))}'; 'memory_config': 'MemoryConfig(memory_layout=TensorMemoryLayout::INTERLEAVED;buffer_type=BufferType::DRAM;shard_spec=std::nullopt;nd_shard_spec=std::nullopt;created_with_nd_shard_spec=0)'; 'output_layout': 'Layout::TILE'; 'post_activations': '{}'; 'rhs_activations': '{}'; 'rtol': '0'; 'scalar': 'std::nullopt'; 'sub_core_grids': 'std::nullopt'; 'sub_device_id': 'std::nullopt'; 'subtile_broadcast_type': 'SubtileBroadcastType::NONE'; 'worker_grid': '{[0-0 - 10-9]}'},HiFi4,110,110,,,4146670058,4146674126,4068,14122875329508,14122875348775,546,546,14272,11221,11221,,,,1109,11221,7430,10296,10808,10145,,,,,,1[1],1[1],128[128],3072[3072],TILE,BFLOAT16,DEV_0_DRAM_INTERLEAVED,1[1],1[1],128[128],3072[3072],TILE,BFLOAT16,DEV_0_DRAM_INTERLEAVED,,,,,,,,1[1],1[1],128[128],3072[3072],TILE,BFLOAT16,DEV_0_DRAM_INTERLEAVED,,,,,,,,,,,,,,,,,['ttnn/cpp/ttnn/operations/eltwise/binary_ng/device/kernels/compute/eltwise_binary_sfpu_no_bcast.cpp'],['eltwise_binary_sfpu_no_bcast/3780526887682866779/'],['ttnn/cpp/ttnn/operations/eltwise/binary_ng/device/kernels_ng/dataflow/writer_interleaved_no_bcast.cpp'; 'ttnn/cpp/ttnn/operations/eltwise/binary_ng/device/kernels_ng/dataflow/reader_interleaved_no_bcast.cpp'],['writer_interleaved_no_bcast/18136391367178959522/'; 'reader_interleaved_no_bcast/7308495782470126971/'],10172879989616481542,False,1120,1644,1732,1872,1548,0,0,0,0,1,1,1,[],[],0.009,,,,,,,4068
MatmulDeviceOperation,tt_dnn_device,77827,3,blackhole,{'bcast_batch': 'true'; 'compute_kernel_config': 'ComputeKernelConfig(math_fidelity=HiFi2;math_approx_mode=0;fp32_dest_acc_en=0;packer_l1_acc=1;dst_full_sync_en=0;throttle_level=ThrottleLevel::NO_THROTTLE)'; 'global_cb': 'std::nullopt'; 'output_dtype': 'DataType::BFLOAT16'; 'output_mem_config': 'MemoryConfig(memory_layout=TensorMemoryLayout::INTERLEAVED;buffer_type=BufferType::DRAM;shard_spec=std::nullopt;nd_shard_spec=std::nullopt;created_with_nd_shard_spec=0)'; 'output_tile': 'Tile(tile_shape={32; 32};face_shape={16; 16};num_faces=4)'; 'program_config': 'MatmulMultiCoreReuseMultiCast1DProgramConfig(compute_with_storage_grid_size=11-10;in0_block_w=2;out_subblock_h=4;out_subblock_w=1;out_block_h=4;out_block_w=1;per_core_M=4;per_core_N=1;fuse_batch=0;fused_activation=std::nullopt;mcast_in0=1;gather_in0=0;hop_cores={};num_global_cb_receivers=0;untilize_out=0;allowed_worker_cores={[0-0 - 10-9]})'; 'sub_device_id': 'std::nullopt'; 'transpose_a': 'false'; 'transpose_b': 'false'; 'untilize_out': 'false'; 'user_core_coord': 'std::nullopt'; 'user_fused_activation': 'std::nullopt'; 'user_run_batched': 'false'},HiFi2,64,110,,,4146687011,4146687852,841,14122875343872,14122875448289,541,542,77346,73164,73163,,,,1112,73161,69084,69359,69303,69603,,,,,,1[1],1[1],128[128],3072[3072],TILE,BFLOAT16,DEV_0_DRAM_INTERLEAVED,1[1],1[1],3072[3072],2048[2048],TILE,BFLOAT16,DEV_0_DRAM_INTERLEAVED,,,,,,,,1[1],1[1],128[128],2048[2048],TILE,BFLOAT16,DEV_0_DRAM_INTERLEAVED,,,,,,,,,,,,,,,,,['ttnn/cpp/ttnn/operations/matmul/device/kernels/compute/bmm_large_block_zm_fused_bias_activation.cpp'],['bmm_large_block_zm_fused_bias_activation/4952525874028506880/'],['ttnn/cpp/ttnn/operations/matmul/device/kernels/dataflow/reader_bmm_tile_layout_in1_sender_writer_padding.cpp'; 'ttnn/cpp/ttnn/operations/matmul/device/kernels/dataflow/reader_bmm_tile_layout_in0_receiver.cpp'; 'ttnn/cpp/ttnn/operations/matmul/device/kernels/dataflow/reader_bmm_tile_layout_in0_sender_padding.cpp'],['reader_bmm_tile_layout_in1_sender_writer_padding/9007325349241846448/'; 'reader_bmm_tile_layout_in0_receiver/13576620980134525493/'; 'reader_bmm_tile_layout_in0_sender_padding/11136946213047509598/'],15833591955786268690,False,1576,1144,2032,1952,2884,0,0,0,0,22888,5297,22888,[34.360015869140625; 549.76025390625],[22.906675338745117],7.24,,,,,,,841
BinaryNgDeviceOperation,tt_dnn_device,78851,3,blackhole,{'atol': '0'; 'binary_op_type': 'BinaryOpType::ADD'; 'compute_kernel_config': 'std::nullopt'; 'dtype': 'DataType::BFLOAT16'; 'equal_nan': 'false'; 'input_dtype': 'DataType::BFLOAT16'; 'input_layout_a': 'Layout::TILE'; 'input_layout_b': 'Layout::TILE'; 'is_quant_op': 'false'; 'is_sfpu': 'false'; 'is_where_op': 'false'; 'lhs_activations': '{}'; 'memory_config': 'MemoryConfig(memory_layout=TensorMemoryLayout::INTERLEAVED;buffer_type=BufferType::DRAM;shard_spec=std::nullopt;nd_shard_spec=std::nullopt;created_with_nd_shard_spec=0)'; 'output_layout': 'Layout::TILE'; 'post_activations': '{}'; 'rhs_activations': '{}'; 'rtol': '0'; 'scalar': 'std::nullopt'; 'sub_core_grids': 'std::nullopt'; 'sub_device_id': 'std::nullopt'; 'subtile_broadcast_type': 'SubtileBroadcastType::NONE'; 'worker_grid': '{[0-0 - 10-9]}'},HiFi4,110,110,,,4146725214,4146725995,781,14122875350593,14122875456615,553,554,78535,5622,5621,,,,1131,5621,5262,5252,1104,4724,,,,,,1[1],1[1],128[128],2048[2048],TILE,BFLOAT16,DEV_0_DRAM_INTERLEAVED,1[1],1[1],128[128],2048[2048],TILE,BFLOAT16,DEV_0_DRAM_INTERLEAVED,,,,,,,,1[1],1[1],128[128],2048[2048],TILE,BFLOAT16,DEV_0_DRAM_INTERLEAVED,,,,,,,,,,,,,,,,,['ttnn/cpp/ttnn/operations/eltwise/binary_ng/device/kernels/compute/eltwise_binary_no_bcast.cpp'],['eltwise_binary_no_bcast/7702167649156508193/'],['ttnn/cpp/ttnn/operations/eltwise/binary_ng/device/kernels_ng/dataflow/writer_interleaved_no_bcast.cpp'; 'ttnn/cpp/ttnn/operations/eltwise/binary_ng/device/kernels_ng/dataflow/reader_interleaved_no_bcast.cpp'],['writer_interleaved_no_bcast/13786176872452774081/'; 'reader_interleaved_no_bcast/13696495097517312790/'],1295168523863076379,False,1120,1644,1308,768,1292,0,0,0,0,1,1,1,[],[],0.018,,,,,,,781
BinaryNgDeviceOperation,tt_dnn_device,79875,3,blackhole,{'atol': '0'; 'binary_op_type': 'BinaryOpType::ADD'; 'compute_kernel_config': 'std::nullopt'; 'dtype': 'DataType::BFLOAT16'; 'equal_nan': 'false'; 'input_dtype': 'DataType::BFLOAT16'; 'input_layout_a': 'Layout::TILE'; 'input_layout_b': 'Layout::TILE'; 'is_quant_op': 'false'; 'is_sfpu': 'false'; 'is_where_op': 'false'; 'lhs_activations': '{}'; 'memory_config': 'MemoryConfig(memory_layout=TensorMemoryLayout::INTERLEAVED;buffer_type=BufferType::DRAM;shard_spec=std::nullopt;nd_shard_spec=std::nullopt;created_with_nd_shard_spec=0)'; 'output_layout': 'Layout::TILE'; 'post_activations': '{}'; 'rhs_activations': '{}'; 'rtol': '0'; 'scalar': 'std::nullopt'; 'sub_core_grids': 'std::nullopt'; 'sub_device_id': 'std::nullopt'; 'subtile_broadcast_type': 'SubtileBroadcastType::NONE'; 'worker_grid': '{[0-0 - 10-9]}'},HiFi4,110,110,,,4146755391,4146756052,661,14122875453317,14122875464717,491,491,8444,5510,5510,,,,1199,5510,5170,5207,1178,4684,,,,,,1[1],1[1],128[128],2048[2048],TILE,BFLOAT16,DEV_0_DRAM_INTERLEAVED,1[1],1[1],128[128],2048[2048],TILE,BFLOAT16,DEV_0_DRAM_INTERLEAVED,,,,,,,,1[1],1[1],128[128],2048[2048],TILE,BFLOAT16,DEV_0_DRAM_INTERLEAVED,,,,,,,,,,,,,,,,,['ttnn/cpp/ttnn/operations/eltwise/binary_ng/device/kernels/compute/eltwise_binary_no_bcast.cpp'],['eltwise_binary_no_bcast/7702167649156508193/'],['ttnn/cpp/ttnn/operations/eltwise/binary_ng/device/kernels_ng/dataflow/writer_interleaved_no_bcast.cpp'; 'ttnn/cpp/ttnn/operations/eltwise/binary_ng/device/kernels_ng/dataflow/reader_interleaved_no_bcast.cpp'],['writer_interleaved_no_bcast/13786176872452774081/'; 'reader_interleaved_no_bcast/13696495097517312790/'],1295168523863076379,False,1120,1644,1308,768,1292,0,0,0,0,1,1,1,[],[],0.018,,,,,,,661
PERF_PREFILL_END,signpost,,,,,,,,,,4146991121,,,,,,,,,,,,,,,,,,,,,,,,,,,,,,,,,,,,,,,,,,,,,,,,,,,,,,,,,,,,,,,,,,,,,,,,,,,,,,,,,,,,,,,,,,,,,,,
LayerNormDeviceOperation,tt_dnn_device,80899,3,blackhole,{'compute_kernel_config': 'ComputeKernelConfig(math_fidelity=HiFi4;math_approx_mode=1;fp32_dest_acc_en=0;packer_l1_acc=0;dst_full_sync_en=0;throttle_level=ThrottleLevel::NO_THROTTLE)'; 'distributed_norm_stage': 'DistributedLayerNormStage::NOT_DISTRIBUTED'; 'dtype': 'std::nullopt'; 'eps': '1e-06'; 'fused_activation': 'std::nullopt'; 'norm_type': 'LayerNormType::RMSNORM'; 'output_mem_config': 'MemoryConfig(memory_layout=TensorMemoryLayout::INTERLEAVED;buffer_type=BufferType::DRAM;shard_spec=std::nullopt;nd_shard_spec=std::nullopt;created_with_nd_shard_spec=0)'; 'program_config': 'LayerNormDefaultProgramConfig(legacy_reduction=0;legacy_rsqrt=0;use_welford=0)'},HiFi4,4,110,,,4147112582,4147114836,2254,14122875640929,14122875676831,131040,131180,26594,26081,25942,,,,253,25871,12347,25016,25107,25276,,,,,,1[1],1[1],128[128],2048[2048],TILE,BFLOAT16,DEV_0_DRAM_INTERLEAVED,1[1],1[1],32[1],2048[2048],TILE,BFLOAT16,DEV_0_DRAM_INTERLEAVED,,,,,,,,1[1],1[1],128[128],2048[2048],TILE,BFLOAT16,DEV_0_DRAM_INTERLEAVED,,,,,,,,,,,,,,,,,['ttnn/cpp/ttnn/operations/normalization/layernorm/device/kernels/compute/layernorm.cpp'],['layernorm/2715421386497350779/'],['ttnn/cpp/ttnn/operations/normalization/layernorm/device/kernels/dataflow/writer_unary_interleaved_start_id_blocked.cpp'; 'ttnn/cpp/ttnn/operations/normalization/layernorm/device/kernels/dataflow/reader_unary_interleaved_ln.cpp'],['writer_unary_interleaved_start_id_blocked/7143009526625848983/'; 'reader_unary_interleaved_ln/11410384521337529621/'],8680554653117418128,False,812,1684,3388,2536,3388,0,0,0,0,1,1,1,[],[],0.004,,,,,,,2254
MatmulDeviceOperation,tt_dnn_device,81923,3,blackhole,{'bcast_batch': 'true'; 'compute_kernel_config': 'ComputeKernelConfig(math_fidelity=HiFi2;math_approx_mode=0;fp32_dest_acc_en=0;packer_l1_acc=1;dst_full_sync_en=0;throttle_level=ThrottleLevel::NO_THROTTLE)'; 'global_cb': 'std::nullopt'; 'output_dtype': 'DataType::BFLOAT16'; 'output_mem_config': 'MemoryConfig(memory_layout=TensorMemoryLayout::INTERLEAVED;buffer_type=BufferType::DRAM;shard_spec=std::nullopt;nd_shard_spec=std::nullopt;created_with_nd_shard_spec=0)'; 'output_tile': 'Tile(tile_shape={32; 32};face_shape={16; 16};num_faces=4)'; 'program_config': 'MatmulMultiCoreReuseMultiCast1DProgramConfig(compute_with_storage_grid_size=11-10;in0_block_w=2;out_subblock_h=4;out_subblock_w=2;out_block_h=4;out_block_w=2;per_core_M=4;per_core_N=2;fuse_batch=0;fused_activation=std::nullopt;mcast_in0=1;gather_in0=0;hop_cores={};num_global_cb_receivers=0;untilize_out=0;allowed_worker_cores={[0-0 - 10-9]})'; 'sub_device_id': 'std::nullopt'; 'transpose_a': 'false'; 'transpose_b': 'false'; 'untilize_out': 'false'; 'user_core_coord': 'std::nullopt'; 'user_fused_activation': 'std::nullopt'; 'user_run_batched': 'false'},HiFi2,80,110,,,4147137920,4147139383,1463,14122875687826,14122875774070,9940,9941,63884,62076,62076,,,,296,62076,53257,54306,54284,54733,,,,,,1[1],1[1],128[128],2048[2048],TILE,BFLOAT16,DEV_0_DRAM_INTERLEAVED,1[1],1[1],2048[2048],5120[5120],TILE,BFLOAT16,DEV_0_DRAM_INTERLEAVED,,,,,,,,1[1],1[1],128[128],5120[5120],TILE,BFLOAT16,DEV_0_DRAM_INTERLEAVED,,,,,,,,,,,,,,,,,['ttnn/cpp/ttnn/operations/matmul/device/kernels/compute/bmm_large_block_zm_fused_bias_activation.cpp'],['bmm_large_block_zm_fused_bias_activation/13619820825632786441/'],['ttnn/cpp/ttnn/operations/matmul/device/kernels/dataflow/reader_bmm_tile_layout_in1_sender_writer_padding.cpp'; 'ttnn/cpp/ttnn/operations/matmul/device/kernels/dataflow/reader_bmm_tile_layout_in0_receiver.cpp'; 'ttnn/cpp/ttnn/operations/matmul/device/kernels/dataflow/reader_bmm_tile_layout_in0_sender_padding.cpp'],['reader_bmm_tile_layout_in1_sender_writer_padding/15516044502111548640/'; 'reader_bmm_tile_layout_in0_receiver/8006664361917647778/'; 'reader_bmm_tile_layout_in0_sender_padding/16160090226343344771/'],7827833380726360489,False,1684,1144,2080,2204,3508,0,0,0,0,38146,8827,38146,[13.744245529174805; 549.7698364257812],[34.36061477661133],14.22,,,,,,,1463
NlpCreateHeadsDeviceOperation,tt_dnn_device,82947,3,blackhole,{'head_dim': '128'; 'num_kv_heads': '4'; 'num_q_heads': '32'; 'output_mem_config': 'MemoryConfig(memory_layout=TensorMemoryLayout::INTERLEAVED;buffer_type=BufferType::DRAM;shard_spec=std::nullopt;nd_shard_spec=std::nullopt;created_with_nd_shard_spec=0)'; 'transpose_k_heads': 'false'},,4,110,,,4147163850,4147165092,1242,14122875772980,14122875864491,718,718,67786,66270,66270,,,,861,66270,65933,,,,,,,,,1[1],1[1],128[128],5120[5120],TILE,BFLOAT16,DEV_0_DRAM_INTERLEAVED,,,,,,,,,,,,,,,1[1],32[32],128[128],128[128],TILE,BFLOAT16,DEV_0_DRAM_INTERLEAVED,1[1],4[4],128[128],128[128],TILE,BFLOAT16,DEV_0_DRAM_INTERLEAVED,1[1],4[4],128[128],128[128],TILE,BFLOAT16,DEV_0_DRAM_INTERLEAVED,,,[],[],['ttnn/cpp/ttnn/operations/experimental/transformer/nlp_create_qkv_heads/device/kernels/dataflow/writer_tm_tile_layout_nlp_create_qkv_heads.cpp'; 'ttnn/cpp/ttnn/operations/experimental/transformer/nlp_create_qkv_heads/device/kernels/dataflow/reader_tm_tile_layout_nlp_create_qkv_heads.cpp'],['writer_tm_tile_layout_nlp_create_qkv_heads/4852806476994253817/'; 'reader_tm_tile_layout_nlp_create_qkv_heads/17529215431507550100/'],5822307527167485334,False,1344,1104,0,0,0,0,0,0,0,1,1,1,[],[],0.002,,,,,,,1242
RotaryEmbeddingDeviceOperation,tt_dnn_device,83971,3,blackhole,{'compute_kernel_config': 'ComputeKernelConfig(math_fidelity=HiFi4;math_approx_mode=1;fp32_dest_acc_en=0;packer_l1_acc=0;dst_full_sync_en=0;throttle_level=ThrottleLevel::NO_THROTTLE)'; 'output_mem_config': 'MemoryConfig(memory_layout=TensorMemoryLayout::INTERLEAVED;buffer_type=BufferType::DRAM;shard_spec=std::nullopt;nd_shard_spec=std::nullopt;created_with_nd_shard_spec=0)'; 'seq_len': '128'; 'token_idx': 'std::nullopt'},HiFi4,110,110,,,4147182916,4147184138,1222,14122875775836,14122875904532,458,458,95330,29198,29198,,,,1390,29198,28620,28824,28699,28724,,,,,,1[1],32[32],128[128],128[128],TILE,BFLOAT16,DEV_0_DRAM_INTERLEAVED,1[1],1[1],128[128],128[128],TILE,BFLOAT16,DEV_0_DRAM_INTERLEAVED,1[1],1[1],128[128],128[128],TILE,BFLOAT16,DEV_0_DRAM_INTERLEAVED,1[1],32[32],128[128],128[128],TILE,BFLOAT16,DEV_0_DRAM_INTERLEAVED,,,,,,,,,,,,,,,,,['ttnn/cpp/ttnn/operations/experimental/transformer/rotary_embedding/device/kernels/compute/rotary_embedding.cpp'],['rotary_embedding/1679027051022344736/'],['ttnn/cpp/ttnn/operations/experimental/transformer/rotary_embedding/device/kernels/dataflow/writer_rotary_embedding_interleaved_start_id.cpp'; 'ttnn/cpp/ttnn/operations/experimental/transformer/rotary_embedding/device/kernels/dataflow/reader_rotary_embedding_interleaved_start_id.cpp'],['writer_rotary_embedding_interleaved_start_id/17446569591208785328/'; 'reader_rotary_embedding_interleaved_start_id/2259083254108590300/'],11317054064648459670,False,964,2380,3032,1756,2988,0,0,0,0,1,1,1,[],[],0.003,,,,,,,1222
RotaryEmbeddingDeviceOperation,tt_dnn_device,84995,3,blackhole,{'compute_kernel_config': 'ComputeKernelConfig(math_fidelity=HiFi4;math_approx_mode=1;fp32_dest_acc_en=0;packer_l1_acc=0;dst_full_sync_en=0;throttle_level=ThrottleLevel::NO_THROTTLE)'; 'output_mem_config': 'MemoryConfig(memory_layout=TensorMemoryLayout::INTERLEAVED;buffer_type=BufferType::DRAM;shard_spec=std::nullopt;nd_shard_spec=std::nullopt;created_with_nd_shard_spec=0)'; 'seq_len': '128'; 'token_idx': 'std::nullopt'},HiFi4,16,110,,,4147194408,4147195019,611,14122875895441,14122875916605,462,462,15677,8487,8487,,,,1393,8482,7905,8114,7987,8004,,,,,,1[1],4[4],128[128],128[128],TILE,BFLOAT16,DEV_0_DRAM_INTERLEAVED,1[1],1[1],128[128],128[128],TILE,BFLOAT16,DEV_0_DRAM_INTERLEAVED,1[1],1[1],128[128],128[128],TILE,BFLOAT16,DEV_0_DRAM_INTERLEAVED,1[1],4[4],128[128],128[128],TILE,BFLOAT16,DEV_0_DRAM_INTERLEAVED,,,,,,,,,,,,,,,,,['ttnn/cpp/ttnn/operations/experimental/transformer/rotary_embedding/device/kernels/compute/rotary_embedding.cpp'],['rotary_embedding/1679027051022344736/'],['ttnn/cpp/ttnn/operations/experimental/transformer/rotary_embedding/device/kernels/dataflow/writer_rotary_embedding_interleaved_start_id.cpp'; 'ttnn/cpp/ttnn/operations/experimental/transformer/rotary_embedding/device/kernels/dataflow/reader_rotary_embedding_interleaved_start_id.cpp'],['writer_rotary_embedding_interleaved_start_id/17446569591208785328/'; 'reader_rotary_embedding_interleaved_start_id/2259083254108590300/'],8054866007483348938,False,964,2380,3000,1728,2964,0,0,0,0,1,1,1,[],[],0.012,,,,,,,611
PagedFillCacheDeviceOperation,tt_dnn_device,86019,3,blackhole,{'batch_idx_fallback': '0'; 'block_size_override': 'std::nullopt'; 'cache_position_modulo': 'std::nullopt'; 'mesh_coords': 'std::nullopt'; 'noop': 'false'},,16,110,,,4147216019,4147217252,1233,14122875916508,14122875919967,456,456,2562,2036,2036,,,,1155,2036,1630,,,,,,,,,4[4],4[4],32[32],128[128],TILE,BFLOAT16,DEV_0_DRAM_INTERLEAVED,1[1],4[4],128[128],128[128],TILE,BFLOAT16,DEV_0_DRAM_INTERLEAVED,1[1],1[1],1[1],4[4],ROW_MAJOR,INT32,DEV_0_DRAM_INTERLEAVED,4[4],4[4],32[32],128[128],TILE,BFLOAT16,DEV_0_DRAM_INTERLEAVED,,,,,,,,,,,,,,,,,[],[],['ttnn/cpp/ttnn/operations/experimental/paged_cache/device/kernels/dataflow/writer_fill_cache_interleaved.cpp'; 'ttnn/cpp/ttnn/operations/experimental/paged_cache/device/kernels/dataflow/reader_fill_cache_interleaved.cpp'],['writer_fill_cache_interleaved/18344311534810825388/'; 'reader_fill_cache_interleaved/14127415952242961771/'],15818952878281251638,False,1124,700,0,0,0,0,0,0,0,1,1,1,[],[],0.049,,,,,,,1233
PagedFillCacheDeviceOperation,tt_dnn_device,87043,3,blackhole,{'batch_idx_fallback': '0'; 'block_size_override': 'std::nullopt'; 'cache_position_modulo': 'std::nullopt'; 'mesh_coords': 'std::nullopt'; 'noop': 'false'},,16,110,,,4147223393,4147223974,581,14122875920003,14122875923344,459,459,2475,2043,2043,,,,1133,1956,1633,,,,,,,,,4[4],4[4],32[32],128[128],TILE,BFLOAT16,DEV_0_DRAM_INTERLEAVED,1[1],4[4],128[128],128[128],TILE,BFLOAT16,DEV_0_DRAM_INTERLEAVED,1[1],1[1],1[1],4[4],ROW_MAJOR,INT32,DEV_0_DRAM_INTERLEAVED,4[4],4[4],32[32],128[128],TILE,BFLOAT16,DEV_0_DRAM_INTERLEAVED,,,,,,,,,,,,,,,,,[],[],['ttnn/cpp/ttnn/operations/experimental/paged_cache/device/kernels/dataflow/writer_fill_cache_interleaved.cpp'; 'ttnn/cpp/ttnn/operations/experimental/paged_cache/device/kernels/dataflow/reader_fill_cache_interleaved.cpp'],['writer_fill_cache_interleaved/18344311534810825388/'; 'reader_fill_cache_interleaved/14127415952242961771/'],15818952878281251638,False,1124,700,0,0,0,0,0,0,0,1,1,1,[],[],0.049,,,,,,,581
SDPAOperation,tt_dnn_device,88067,3,blackhole,{'chunk_start_idx': 'std::nullopt'; 'chunk_start_idx_tensor': 'std::nullopt'; 'compute_kernel_config': 'ComputeKernelConfig(math_fidelity=HiFi2;math_approx_mode=1;fp32_dest_acc_en=0;packer_l1_acc=0;dst_full_sync_en=0;throttle_level=ThrottleLevel::NO_THROTTLE)'; 'head_dim_v': 'std::nullopt'; 'is_causal': 'true'; 'output_mem_config': 'MemoryConfig(memory_layout=TensorMemoryLayout::INTERLEAVED;buffer_type=BufferType::DRAM;shard_spec=std::nullopt;nd_shard_spec=std::nullopt;created_with_nd_shard_spec=0)'; 'program_config': 'std::nullopt'; 'scale': '0.088388346'; 'sliding_window_size': 'std::nullopt'; 'use_mla': 'false'},HiFi2,110,110,,,4147251206,4147252569,1363,14122875921583,14122875953954,450,450,23979,22215,22215,,,,1584,22214,20396,21816,21627,21719,,,,,,1[1],32[32],128[128],128[128],TILE,BFLOAT16,DEV_0_DRAM_INTERLEAVED,1[1],4[4],128[128],128[128],TILE,BFLOAT16,DEV_0_DRAM_INTERLEAVED,1[1],4[4],128[128],128[128],TILE,BFLOAT16,DEV_0_DRAM_INTERLEAVED,1[1],32[32],128[128],128[128],TILE,BFLOAT16,DEV_0_DRAM_INTERLEAVED,,,,,,,,,,,,,,,,,['ttnn/cpp/ttnn/operations/transformer/sdpa/device/kernels/compute/sdpa.cpp'],['sdpa/3496833249097060699/'],['ttnn/cpp/ttnn/operations/transformer/sdpa/device/kernels/dataflow/writer_interleaved.cpp'; 'ttnn/cpp/ttnn/operations/transformer/sdpa/device/kernels/dataflow/reader_interleaved.cpp'],['writer_interleaved/2494870053913788173/'; 'reader_interleaved/4190627112422103703/'],5860097373966650096,False,1904,1716,7648,6120,6880,0,0,0,0,1907,442,1907,[549.8563232421875; 68.73204040527344; 68.73204040527344],[549.8563232421875],1.99,,,,,,,1363
NLPConcatHeadsDeviceOperation,tt_dnn_device,89091,3,blackhole,{'output_mem_config': 'MemoryConfig(memory_layout=TensorMemoryLayout::INTERLEAVED;buffer_type=BufferType::DRAM;shard_spec=std::nullopt;nd_shard_spec=std::nullopt;created_with_nd_shard_spec=0)'},,4,110,,,4147263239,4147264391,1152,14122875953683,14122876027217,552,552,54470,53722,53722,,,,1040,53722,53434,,,,,,,,,1[1],32[32],128[128],128[128],TILE,BFLOAT16,DEV_0_DRAM_INTERLEAVED,,,,,,,,,,,,,,,1[1],1[1],128[128],4096[4096],TILE,BFLOAT16,DEV_0_DRAM_INTERLEAVED,,,,,,,,,,,,,,,,,[],[],['ttnn/cpp/ttnn/operations/eltwise/unary/device/kernels/dataflow/writer_unary_interleaved_start_id.cpp'; 'ttnn/cpp/ttnn/operations/experimental/transformer/nlp_concat_heads/device/kernels/dataflow/reader_tm_tile_layout_nlp_concat_heads.cpp'],['writer_unary_interleaved_start_id/7768588342143663468/'; 'reader_tm_tile_layout_nlp_concat_heads/4952854910287368570/'],18111044661240681667,False,1000,808,0,0,0,0,0,0,0,1,1,1,[],[],0.002,,,,,,,1152
MatmulDeviceOperation,tt_dnn_device,90115,3,blackhole,{'bcast_batch': 'true'; 'compute_kernel_config': 'ComputeKernelConfig(math_fidelity=HiFi2;math_approx_mode=0;fp32_dest_acc_en=0;packer_l1_acc=1;dst_full_sync_en=0;throttle_level=ThrottleLevel::NO_THROTTLE)'; 'global_cb': 'std::nullopt'; 'output_dtype': 'DataType::BFLOAT16'; 'output_mem_config': 'MemoryConfig(memory_layout=TensorMemoryLayout::INTERLEAVED;buffer_type=BufferType::DRAM;shard_spec=std::nullopt;nd_shard_spec=std::nullopt;created_with_nd_shard_spec=0)'; 'output_tile': 'Tile(tile_shape={32; 32};face_shape={16; 16};num_faces=4)'; 'program_config': 'MatmulMultiCoreReuseMultiCast1DProgramConfig(compute_with_storage_grid_size=11-10;in0_block_w=2;out_subblock_h=4;out_subblock_w=1;out_block_h=4;out_block_w=1;per_core_M=4;per_core_N=1;fuse_batch=0;fused_activation=std::nullopt;mcast_in0=1;gather_in0=0;hop_cores={};num_global_cb_receivers=0;untilize_out=0;allowed_worker_cores={[0-0 - 10-9]})'; 'sub_device_id': 'std::nullopt'; 'transpose_a': 'false'; 'transpose_b': 'false'; 'untilize_out': 'false'; 'user_core_coord': 'std::nullopt'; 'user_fused_activation': 'std::nullopt'; 'user_run_batched': 'false'},HiFi2,64,110,,,4147282736,4147283668,932,14122875955625,14122876156960,473,473,149137,95630,95630,,,,1233,95625,91468,91735,91684,92015,,,,,,1[1],1[1],128[128],4096[4096],TILE,BFLOAT16,DEV_0_DRAM_INTERLEAVED,1[1],1[1],4096[4096],2048[2048],TILE,BFLOAT16,DEV_0_DRAM_INTERLEAVED,,,,,,,,1[1],1[1],128[128],2048[2048],TILE,BFLOAT16,DEV_0_DRAM_INTERLEAVED,,,,,,,,,,,,,,,,,['ttnn/cpp/ttnn/operations/matmul/device/kernels/compute/bmm_large_block_zm_fused_bias_activation.cpp'],['bmm_large_block_zm_fused_bias_activation/5187819949037309123/'],['ttnn/cpp/ttnn/operations/matmul/device/kernels/dataflow/reader_bmm_tile_layout_in1_sender_writer_padding.cpp'; 'ttnn/cpp/ttnn/operations/matmul/device/kernels/dataflow/reader_bmm_tile_layout_in0_receiver.cpp'; 'ttnn/cpp/ttnn/operations/matmul/device/kernels/dataflow/reader_bmm_tile_layout_in0_sender_padding.cpp'],['reader_bmm_tile_layout_in1_sender_writer_padding/1445782521944134521/'; 'reader_bmm_tile_layout_in0_receiver/12823147275347911370/'; 'reader_bmm_tile_layout_in0_sender_padding/15005356539006021298/'],16274167310142060712,False,1576,1136,2032,1952,2884,0,0,0,0,30517,7062,30517,[34.360389709472656; 549.7662353515625],[17.180194854736328],7.385,,,,,,,932
MatmulDeviceOperation,tt_dnn_device,91139,3,blackhole,{'bcast_batch': 'true'; 'compute_kernel_config': 'ComputeKernelConfig(math_fidelity=HiFi2;math_approx_mode=0;fp32_dest_acc_en=0;packer_l1_acc=1;dst_full_sync_en=0;throttle_level=ThrottleLevel::NO_THROTTLE)'; 'global_cb': 'std::nullopt'; 'output_dtype': 'DataType::BFLOAT16'; 'output_mem_config': 'MemoryConfig(memory_layout=TensorMemoryLayout::INTERLEAVED;buffer_type=BufferType::DRAM;shard_spec=std::nullopt;nd_shard_spec=std::nullopt;created_with_nd_shard_spec=0)'; 'output_tile': 'Tile(tile_shape={32; 32};face_shape={16; 16};num_faces=4)'; 'program_config': 'MatmulMultiCoreReuseMultiCast1DProgramConfig(compute_with_storage_grid_size=11-10;in0_block_w=2;out_subblock_h=4;out_subblock_w=2;out_block_h=4;out_block_w=2;per_core_M=4;per_core_N=2;fuse_batch=0;fused_activation=std::nullopt;mcast_in0=1;gather_in0=0;hop_cores={};num_global_cb_receivers=0;untilize_out=0;allowed_worker_cores={[0-0 - 10-9]})'; 'sub_device_id': 'std::nullopt'; 'transpose_a': 'false'; 'transpose_b': 'false'; 'untilize_out': 'false'; 'user_core_coord': 'std::nullopt'; 'user_fused_activation': 'std::nullopt'; 'user_run_batched': 'false'},HiFi2,96,110,,,4147299158,4147299789,631,14122876028899,14122876263359,539,539,173674,78275,78275,,,,1184,78273,67571,68012,67987,68432,,,,,,1[1],1[1],128[128],2048[2048],TILE,BFLOAT16,DEV_0_DRAM_INTERLEAVED,1[1],1[1],2048[2048],6144[6144],TILE,BFLOAT16,DEV_0_DRAM_INTERLEAVED,,,,,,,,1[1],1[1],128[128],6144[6144],TILE,BFLOAT16,DEV_0_DRAM_INTERLEAVED,,,,,,,,,,,,,,,,,['ttnn/cpp/ttnn/operations/matmul/device/kernels/compute/bmm_large_block_zm_fused_bias_activation.cpp'],['bmm_large_block_zm_fused_bias_activation/13619820825632786441/'],['ttnn/cpp/ttnn/operations/matmul/device/kernels/dataflow/reader_bmm_tile_layout_in1_sender_writer_padding.cpp'; 'ttnn/cpp/ttnn/operations/matmul/device/kernels/dataflow/reader_bmm_tile_layout_in0_receiver.cpp'; 'ttnn/cpp/ttnn/operations/matmul/device/kernels/dataflow/reader_bmm_tile_layout_in0_sender_padding.cpp'],['reader_bmm_tile_layout_in1_sender_writer_padding/3807387344305590838/'; 'reader_bmm_tile_layout_in0_receiver/8006664361917647778/'; 'reader_bmm_tile_layout_in0_sender_padding/10516521948223488451/'],13325188407947720334,False,1688,1144,2080,2204,3508,0,0,0,0,45776,10592,45776,[11.453337669372559; 549.76025390625],[34.360015869140625],13.532,,,,,,,631
SliceDeviceOperation,tt_dnn_device,92163,3,blackhole,{'num_devices': 'std::nullopt'; 'output_mem_config': 'MemoryConfig(memory_layout=TensorMemoryLayout::INTERLEAVED;buffer_type=BufferType::DRAM;shard_spec=std::nullopt;nd_shard_spec=std::nullopt;created_with_nd_shard_spec=0)'; 'slice_dim': 'std::nullopt'; 'slice_end': 'Shape([1; 1; 128; 3072])'; 'slice_start': 'Shape([0; 0; 0; 0])'; 'step': 'Shape([1; 1; 1; 1])'; 'sub_core_grids': 'std::nullopt'; 'use_tensor_args': 'false'},,110,110,,,4147326550,4147327672,1122,14122876158709,14122876270834,542,542,83056,5003,5003,,,,1024,5003,4676,,,,,,,,,1[1],1[1],128[128],6144[6144],TILE,BFLOAT16,DEV_0_DRAM_INTERLEAVED,,,,,,,,,,,,,,,1[1],1[1],128[128],3072[3072],TILE,BFLOAT16,DEV_0_DRAM_INTERLEAVED,,,,,,,,,,,,,,,,,[],[],['ttnn/cpp/ttnn/operations/data_movement/slice/device/kernels/dataflow/writer_unary_interleaved_start_id.cpp'; 'ttnn/cpp/ttnn/operations/data_movement/slice/device/kernels/dataflow/reader_unary_unpad_dims_interleaved_start_id.cpp'],['writer_unary_interleaved_start_id/11396476643056635318/'; 'reader_unary_unpad_dims_interleaved_start_id/15985850001773238796/'],6465939008932021591,False,680,716,0,0,0,0,0,0,0,2861,2763,2861,[549.76025390625],[274.880126953125],55.227,,,,,,,1122
SliceDeviceOperation,tt_dnn_device,93187,3,blackhole,{'num_devices': 'std::nullopt'; 'output_mem_config': 'MemoryConfig(memory_layout=TensorMemoryLayout::INTERLEAVED;buffer_type=BufferType::DRAM;shard_spec=std::nullopt;nd_shard_spec=std::nullopt;created_with_nd_shard_spec=0)'; 'slice_dim': 'std::nullopt'; 'slice_end': 'Shape([1; 1; 128; 6144])'; 'slice_start': 'Shape([0; 0; 0; 3072])'; 'step': 'Shape([1; 1; 1; 1])'; 'sub_core_grids': 'std::nullopt'; 'use_tensor_args': 'false'},,110,110,,,4147351758,4147352359,601,14122876267906,14122876278333,536,536,7724,5016,5016,,,,1049,5015,4779,,,,,,,,,1[1],1[1],128[128],6144[6144],TILE,BFLOAT16,DEV_0_DRAM_INTERLEAVED,,,,,,,,,,,,,,,1[1],1[1],128[128],3072[3072],TILE,BFLOAT16,DEV_0_DRAM_INTERLEAVED,,,,,,,,,,,,,,,,,[],[],['ttnn/cpp/ttnn/operations/data_movement/slice/device/kernels/dataflow/writer_unary_interleaved_start_id.cpp'; 'ttnn/cpp/ttnn/operations/data_movement/slice/device/kernels/dataflow/reader_unary_unpad_dims_interleaved_start_id.cpp'],['writer_unary_interleaved_start_id/11396476643056635318/'; 'reader_unary_unpad_dims_interleaved_start_id/15985850001773238796/'],371952100256401507,False,680,716,0,0,0,0,0,0,0,2861,2763,2861,[549.76025390625],[274.880126953125],55.084,,,,,,,601
BinaryNgDeviceOperation,tt_dnn_device,94211,3,blackhole,{'atol': '0'; 'binary_op_type': 'BinaryOpType::MUL'; 'compute_kernel_config': 'std::nullopt'; 'dtype': 'DataType::BFLOAT16'; 'equal_nan': 'false'; 'input_dtype': 'DataType::BFLOAT16'; 'input_layout_a': 'Layout::TILE'; 'input_layout_b': 'Layout::TILE'; 'is_quant_op': 'false'; 'is_sfpu': 'true'; 'is_where_op': 'false'; 'lhs_activations': '{BasicUnaryWithParam<float; int; unsigned int>(base=BasicUnaryWithParam<float>(op_type=UnaryOpType::SILU;param={}))}'; 'memory_config': 'MemoryConfig(memory_layout=TensorMemoryLayout::INTERLEAVED;buffer_type=BufferType::DRAM;shard_spec=std::nullopt;nd_shard_spec=std::nullopt;created_with_nd_shard_spec=0)'; 'output_layout': 'Layout::TILE'; 'post_activations': '{}'; 'rhs_activations': '{}'; 'rtol': '0'; 'scalar': 'std::nullopt'; 'sub_core_grids': 'std::nullopt'; 'sub_device_id': 'std::nullopt'; 'subtile_broadcast_type': 'SubtileBroadcastType::NONE'; 'worker_grid': '{[0-0 - 10-9]}'},HiFi4,110,110,,,4147401894,4147403156,1262,14122876275536,14122876294027,526,526,13697,11096,11096,,,,1156,11095,7244,10170,10680,10021,,,,,,1[1],1[1],128[128],3072[3072],TILE,BFLOAT16,DEV_0_DRAM_INTERLEAVED,1[1],1[1],128[128],3072[3072],TILE,BFLOAT16,DEV_0_DRAM_INTERLEAVED,,,,,,,,1[1],1[1],128[128],3072[3072],TILE,BFLOAT16,DEV_0_DRAM_INTERLEAVED,,,,,,,,,,,,,,,,,['ttnn/cpp/ttnn/operations/eltwise/binary_ng/device/kernels/compute/eltwise_binary_sfpu_no_bcast.cpp'],['eltwise_binary_sfpu_no_bcast/3780526887682866779/'],['ttnn/cpp/ttnn/operations/eltwise/binary_ng/device/kernels_ng/dataflow/writer_interleaved_no_bcast.cpp'; 'ttnn/cpp/ttnn/operations/eltwise/binary_ng/device/kernels_ng/dataflow/reader_interleaved_no_bcast.cpp'],['writer_interleaved_no_bcast/18136391367178959522/'; 'reader_interleaved_no_bcast/7308495782470126971/'],10172879989616481542,False,1120,1644,1732,1872,1548,0,0,0,0,1,1,1,[],[],0.009,,,,,,,1262
MatmulDeviceOperation,tt_dnn_device,95235,3,blackhole,{'bcast_batch': 'true'; 'compute_kernel_config': 'ComputeKernelConfig(math_fidelity=HiFi2;math_approx_mode=0;fp32_dest_acc_en=0;packer_l1_acc=1;dst_full_sync_en=0;throttle_level=ThrottleLevel::NO_THROTTLE)'; 'global_cb': 'std::nullopt'; 'output_dtype': 'DataType::BFLOAT16'; 'output_mem_config': 'MemoryConfig(memory_layout=TensorMemoryLayout::INTERLEAVED;buffer_type=BufferType::DRAM;shard_spec=std::nullopt;nd_shard_spec=std::nullopt;created_with_nd_shard_spec=0)'; 'output_tile': 'Tile(tile_shape={32; 32};face_shape={16; 16};num_faces=4)'; 'program_config': 'MatmulMultiCoreReuseMultiCast1DProgramConfig(compute_with_storage_grid_size=11-10;in0_block_w=2;out_subblock_h=4;out_subblock_w=1;out_block_h=4;out_block_w=1;per_core_M=4;per_core_N=1;fuse_batch=0;fused_activation=std::nullopt;mcast_in0=1;gather_in0=0;hop_cores={};num_global_cb_receivers=0;untilize_out=0;allowed_worker_cores={[0-0 - 10-9]})'; 'sub_device_id': 'std::nullopt'; 'transpose_a': 'false'; 'transpose_b': 'false'; 'untilize_out': 'false'; 'user_core_coord': 'std::nullopt'; 'user_fused_activation': 'std::nullopt'; 'user_run_batched': 'false'},HiFi2,64,110,,,4147415620,4147416431,811,14122876289348,14122876393014,541,543,76790,72772,72770,,,,1130,72769,68650,68919,68860,69164,,,,,,1[1],1[1],128[128],3072[3072],TILE,BFLOAT16,DEV_0_DRAM_INTERLEAVED,1[1],1[1],3072[3072],2048[2048],TILE,BFLOAT16,DEV_0_DRAM_INTERLEAVED,,,,,,,,1[1],1[1],128[128],2048[2048],TILE,BFLOAT16,DEV_0_DRAM_INTERLEAVED,,,,,,,,,,,,,,,,,['ttnn/cpp/ttnn/operations/matmul/device/kernels/compute/bmm_large_block_zm_fused_bias_activation.cpp'],['bmm_large_block_zm_fused_bias_activation/4952525874028506880/'],['ttnn/cpp/ttnn/operations/matmul/device/kernels/dataflow/reader_bmm_tile_layout_in1_sender_writer_padding.cpp'; 'ttnn/cpp/ttnn/operations/matmul/device/kernels/dataflow/reader_bmm_tile_layout_in0_receiver.cpp'; 'ttnn/cpp/ttnn/operations/matmul/device/kernels/dataflow/reader_bmm_tile_layout_in0_sender_padding.cpp'],['reader_bmm_tile_layout_in1_sender_writer_padding/9007325349241846448/'; 'reader_bmm_tile_layout_in0_receiver/13576620980134525493/'; 'reader_bmm_tile_layout_in0_sender_padding/11136946213047509598/'],15833591955786268690,False,1576,1144,2032,1952,2884,0,0,0,0,22888,5297,22888,[34.360015869140625; 549.76025390625],[22.906675338745117],7.279,,,,,,,811
BinaryNgDeviceOperation,tt_dnn_device,96259,3,blackhole,{'atol': '0'; 'binary_op_type': 'BinaryOpType::ADD'; 'compute_kernel_config': 'std::nullopt'; 'dtype': 'DataType::BFLOAT16'; 'equal_nan': 'false'; 'input_dtype': 'DataType::BFLOAT16'; 'input_layout_a': 'Layout::TILE'; 'input_layout_b': 'Layout::TILE'; 'is_quant_op': 'false'; 'is_sfpu': 'false'; 'is_where_op': 'false'; 'lhs_activations': '{}'; 'memory_config': 'MemoryConfig(memory_layout=TensorMemoryLayout::INTERLEAVED;buffer_type=BufferType::DRAM;shard_spec=std::nullopt;nd_shard_spec=std::nullopt;created_with_nd_shard_spec=0)'; 'output_layout': 'Layout::TILE'; 'post_activations': '{}'; 'rhs_activations': '{}'; 'rtol': '0'; 'scalar': 'std::nullopt'; 'sub_core_grids': 'std::nullopt'; 'sub_device_id': 'std::nullopt'; 'subtile_broadcast_type': 'SubtileBroadcastType::NONE'; 'worker_grid': '{[0-0 - 10-9]}'},HiFi4,110,110,,,4147455676,4147456498,822,14122876295831,14122876401278,561,561,78109,5573,5573,,,,1103,5571,5152,5142,1108,4564,,,,,,1[1],1[1],128[128],2048[2048],TILE,BFLOAT16,DEV_0_DRAM_INTERLEAVED,1[1],1[1],128[128],2048[2048],TILE,BFLOAT16,DEV_0_DRAM_INTERLEAVED,,,,,,,,1[1],1[1],128[128],2048[2048],TILE,BFLOAT16,DEV_0_DRAM_INTERLEAVED,,,,,,,,,,,,,,,,,['ttnn/cpp/ttnn/operations/eltwise/binary_ng/device/kernels/compute/eltwise_binary_no_bcast.cpp'],['eltwise_binary_no_bcast/7702167649156508193/'],['ttnn/cpp/ttnn/operations/eltwise/binary_ng/device/kernels_ng/dataflow/writer_interleaved_no_bcast.cpp'; 'ttnn/cpp/ttnn/operations/eltwise/binary_ng/device/kernels_ng/dataflow/reader_interleaved_no_bcast.cpp'],['writer_interleaved_no_bcast/13786176872452774081/'; 'reader_interleaved_no_bcast/13696495097517312790/'],1295168523863076379,False,1120,1644,1308,768,1292,0,0,0,0,1,1,1,[],[],0.018,,,,,,,822
BinaryNgDeviceOperation,tt_dnn_device,97283,3,blackhole,{'atol': '0'; 'binary_op_type': 'BinaryOpType::ADD'; 'compute_kernel_config': 'std::nullopt'; 'dtype': 'DataType::BFLOAT16'; 'equal_nan': 'false'; 'input_dtype': 'DataType::BFLOAT16'; 'input_layout_a': 'Layout::TILE'; 'input_layout_b': 'Layout::TILE'; 'is_quant_op': 'false'; 'is_sfpu': 'false'; 'is_where_op': 'false'; 'lhs_activations': '{}'; 'memory_config': 'MemoryConfig(memory_layout=TensorMemoryLayout::INTERLEAVED;buffer_type=BufferType::DRAM;shard_spec=std::nullopt;nd_shard_spec=std::nullopt;created_with_nd_shard_spec=0)'; 'output_layout': 'Layout::TILE'; 'post_activations': '{}'; 'rhs_activations': '{}'; 'rtol': '0'; 'scalar': 'std::nullopt'; 'sub_core_grids': 'std::nullopt'; 'sub_device_id': 'std::nullopt'; 'subtile_broadcast_type': 'SubtileBroadcastType::NONE'; 'worker_grid': '{[0-0 - 10-9]}'},HiFi4,110,110,,,4147486505,4147487156,651,14122876398124,14122876408916,486,486,7994,5170,5170,,,,1173,5170,4817,4841,1173,4387,,,,,,1[1],1[1],128[128],2048[2048],TILE,BFLOAT16,DEV_0_DRAM_INTERLEAVED,1[1],1[1],128[128],2048[2048],TILE,BFLOAT16,DEV_0_DRAM_INTERLEAVED,,,,,,,,1[1],1[1],128[128],2048[2048],TILE,BFLOAT16,DEV_0_DRAM_INTERLEAVED,,,,,,,,,,,,,,,,,['ttnn/cpp/ttnn/operations/eltwise/binary_ng/device/kernels/compute/eltwise_binary_no_bcast.cpp'],['eltwise_binary_no_bcast/7702167649156508193/'],['ttnn/cpp/ttnn/operations/eltwise/binary_ng/device/kernels_ng/dataflow/writer_interleaved_no_bcast.cpp'; 'ttnn/cpp/ttnn/operations/eltwise/binary_ng/device/kernels_ng/dataflow/reader_interleaved_no_bcast.cpp'],['writer_interleaved_no_bcast/13786176872452774081/'; 'reader_interleaved_no_bcast/13696495097517312790/'],1295168523863076379,False,1120,1644,1308,768,1292,0,0,0,0,1,1,1,[],[],0.019,,,,,,,651
