2026-08-18 05:30:20.067 | DEBUG    | ttnn:<module>:78 - Initial ttnn.CONFIG:
Config{cache_path=/home/raahem/.cache/ttnn,model_cache_path=/home/raahem/.cache/ttnn/models,tmp_dir=/tmp/ttnn,enable_model_cache=false,enable_fast_runtime_mode=true,validate_program_args=false,throw_exception_on_fallback=false,enable_logging=false,enable_graph_report=false,enable_graph_python_stack_traces=false,enable_detailed_buffer_report=false,enable_detailed_tensor_report=false,enable_comparison_mode=false,comparison_mode_should_raise_exception=false,comparison_mode_pcc=0.9999,root_report_path=generated/ttnn/reports,report_name=std::nullopt,std::nullopt}
============================= test session starts ==============================
platform linux -- Python 3.12.13, pytest-9.0.3, pluggy-1.6.0 -- /home/raahem/tt-metal/python_env/bin/python
cachedir: .pytest_cache
benchmark: 5.2.3 (defaults: timer=time.perf_counter disable_gc=False min_rounds=5 min_time=0.000005 max_time=1.0 calibration_precision=10 warmup=False warmup_iterations=100000)
rootdir: /home/raahem/tt-metal
configfile: pytest.ini
plugins: dash-2.15.0, timeout-2.4.0, split-0.11.0, github-actions-annotate-failures-0.3.0, cov-7.0.0, anyio-4.14.2, benchmark-5.2.3
timeout: 300.0s
timeout method: signal
timeout func_only: False
collecting ... collected 174 items / 16 deselected / 158 selected

models/autoports/qwen_qwen3_coder_30b_a3b_instruct/tests/test_attention.py::test_qk_norm_weights_are_non_trivial Warning: You are sending unauthenticated requests to the HF Hub. Please set a HF_TOKEN to enable higher rate limits and faster downloads.
PASSED
models/autoports/qwen_qwen3_coder_30b_a3b_instruct/tests/test_attention.py::test_causality [transformers] You tried to access the `AttentionInterface` with a `config._attn_implementation` set to `None`. This is expected if you use an Attention Module as a standalone Module. If this is not the case, something went wrong with the dispatch of `config._attn_implementation`
PASSED
models/autoports/qwen_qwen3_coder_30b_a3b_instruct/tests/test_attention.py::test_attention_prefill_vs_reference[blackhole-s32-1x1] 2026-08-18 05:30:23.455 | info     |          Device | Opening user mode device driver (tt_cluster.cpp:228)
2026-08-18 05:30:23.455 | info     |             UMD | Cluster constructor started. (cluster.cpp:389)
2026-08-18 05:30:23.455 | info     |             UMD | Creating TopologyDiscovery for architecture: blackhole (topology_discovery.cpp:96)
2026-08-18 05:30:23.455 | info     |             UMD | Starting topology discovery. (topology_discovery.cpp:115)
2026-08-18 05:30:23.467 | info     |             UMD | Established firmware bundle version: 19.8.99 (topology_discovery.cpp:575)
2026-08-18 05:30:23.467 | info     |             UMD | Completed topology discovery. (topology_discovery.cpp:119)
2026-08-18 05:30:23.552 | info     |             UMD | Opening local chip ids/PCIe ids: {0, 1, 2, 3}/[0, 1, 2, 3] and remote chip ids {} (cluster.cpp:173)
2026-08-18 05:30:23.552 | info     |             UMD | IOMMU: enabled (cluster.cpp:147)
2026-08-18 05:30:23.552 | info     |             UMD | KMD version: 2.10.0 (cluster.cpp:150)
2026-08-18 05:30:23.552 | info     |             UMD | Cluster constructor completed. (cluster.cpp:648)
2026-08-18 05:30:23.554 | info     |             UMD | Starting devices in cluster (cluster.cpp:1184)
2026-08-18 05:30:23.556 | info     |             UMD | Starting devices in cluster completed. (cluster.cpp:1192)
2026-08-18 05:30:23.678 | INFO     | conftest:mesh_device:612 - No trace region size for (1, 1)
2026-08-18 05:30:23.678 | info     |     Distributed | Using auto discovery to generate mesh graph. (metal_env.cpp:437)
2026-08-18 05:30:23.678 | info     |     Distributed | Constructing control plane using auto-discovery (no mesh graph descriptor). (metal_env.cpp:499)
2026-08-18 05:30:23.678 | warning  |          Always | Unknown motherboard 'B850M-C' for chip_id=0 (bus_id=0x1) — falling back to bus_id as tray_id. Add this motherboard and its bus IDs to mobo_to_bus_ids in physical_system_discovery.cpp. (physical_system_discovery.cpp:119)
2026-08-18 05:30:23.678 | info     |          Fabric | Logical multi-mesh adjacency: intermesh degree histogram {0:1}; intra-mesh degree histograms mesh0 {2:4} (topology_mapper_utils.cpp:3329)
2026-08-18 05:30:23.678 | info     |          Fabric | Physical multi-mesh adjacency: intermesh degree histogram {0:1}; intra-mesh degree histograms mesh0 {2:4} (topology_mapper_utils.cpp:3337)
2026-08-18 05:30:23.788 | warning  |           Metal | Opening subset of mmio devices slows down UMD read/write to remote chips. If opening more devices, consider using CreateDevices API. (device_manager.cpp:264)
2026-08-18 05:30:23.789 | warning  |           Metal | Failed to create shared memory /tt_device_154095682331104_memory: Permission denied (memory_stats_shm.cpp:60)
2026-08-18 05:30:24.426 | DEBUG    | conftest:mesh_device:630 - multidevice with 1 devices is created
2026-08-18 05:30:24.497 | INFO     | autoports.qwen_qwen3_coder_30b_a3b_instruct.tests.test_attention:test_attention_prefill_vs_reference:115 - (False, 'Max ATOL Delta: 0.005973741412162781, Max RTOL Delta: 3325.8427734375')
2026-08-18 05:30:24.498 | INFO     | autoports.qwen_qwen3_coder_30b_a3b_instruct.tests.test_attention:test_attention_prefill_vs_reference:116 - attention prefill seq=32: 0.9997258703133174
PASSED
models/autoports/qwen_qwen3_coder_30b_a3b_instruct/tests/test_attention_decode.py::test_decode_matches_prefill_at_same_position[blackhole-contiguous-p32-1x1] 2026-08-18 05:30:25.763 | INFO     | conftest:mesh_device:612 - No trace region size for (1, 1)
2026-08-18 05:30:25.808 | warning  |           Metal | Opening subset of mmio devices slows down UMD read/write to remote chips. If opening more devices, consider using CreateDevices API. (device_manager.cpp:264)
2026-08-18 05:30:25.809 | warning  |           Metal | Failed to create shared memory /tt_device_154095682331104_memory: Permission denied (memory_stats_shm.cpp:60)
2026-08-18 05:30:25.852 | DEBUG    | conftest:mesh_device:630 - multidevice with 1 devices is created
2026-08-18 05:30:25.925 | INFO     | autoports.qwen_qwen3_coder_30b_a3b_instruct.tests.test_attention_decode:test_decode_matches_prefill_at_same_position:114 - (False, 'Max ATOL Delta: 0.00241059809923172, Max RTOL Delta: 5.947422027587891')
2026-08-18 05:30:25.925 | INFO     | autoports.qwen_qwen3_coder_30b_a3b_instruct.tests.test_attention_decode:test_decode_matches_prefill_at_same_position:116 - decode at pos 32 [contiguous]: 0.9995325465293994
PASSED
models/autoports/qwen_qwen3_coder_30b_a3b_instruct/tests/test_attention_decode.py::test_decode_q_rows_are_all_live[blackhole-1x1] 2026-08-18 05:30:26.269 | INFO     | conftest:mesh_device:612 - No trace region size for (1, 1)
2026-08-18 05:30:26.314 | warning  |           Metal | Opening subset of mmio devices slows down UMD read/write to remote chips. If opening more devices, consider using CreateDevices API. (device_manager.cpp:264)
2026-08-18 05:30:26.314 | warning  |           Metal | Failed to create shared memory /tt_device_154095682331104_memory: Permission denied (memory_stats_shm.cpp:60)
2026-08-18 05:30:26.358 | DEBUG    | conftest:mesh_device:630 - multidevice with 1 devices is created
2026-08-18 05:30:26.415 | INFO     | autoports.qwen_qwen3_coder_30b_a3b_instruct.tests.test_attention_decode:test_decode_q_rows_are_all_live:135 - decode output zero fraction = 0.0000
PASSED
models/autoports/qwen_qwen3_coder_30b_a3b_instruct/tests/test_decoder_layer.py::test_decoder_layer_vs_reference[blackhole-s32-1x1] 2026-08-18 05:30:28.193 | INFO     | conftest:mesh_device:612 - No trace region size for (1, 1)
2026-08-18 05:30:28.238 | warning  |           Metal | Opening subset of mmio devices slows down UMD read/write to remote chips. If opening more devices, consider using CreateDevices API. (device_manager.cpp:264)
2026-08-18 05:30:28.238 | warning  |           Metal | Failed to create shared memory /tt_device_154095682331104_memory: Permission denied (memory_stats_shm.cpp:60)
2026-08-18 05:30:28.282 | DEBUG    | conftest:mesh_device:630 - multidevice with 1 devices is created
[transformers] You tried to access the `ExpertsInterface` with a `config._experts_implementation` set to `None`. This is expected if you use an Expert Module as a standalone Module. If this is not the case, something went wrong with the dispatch of `config._experts_implementation`
2026-08-18 05:30:30.441 | INFO     | autoports.qwen_qwen3_coder_30b_a3b_instruct.tests.test_decoder_layer:test_decoder_layer_vs_reference:112 - (False, 'Max ATOL Delta: 0.029276803135871887, Max RTOL Delta: inf')
2026-08-18 05:30:30.442 | INFO     | autoports.qwen_qwen3_coder_30b_a3b_instruct.tests.test_decoder_layer:test_decoder_layer_vs_reference:113 - decoder layer seq=32: 0.9991382696236931
PASSED
models/autoports/qwen_qwen3_coder_30b_a3b_instruct/tests/test_decoder_layer.py::test_non_aligned_tail_tokens[blackhole-s33-1x1] 2026-08-18 05:30:30.790 | INFO     | conftest:mesh_device:612 - No trace region size for (1, 1)
2026-08-18 05:30:30.835 | warning  |           Metal | Opening subset of mmio devices slows down UMD read/write to remote chips. If opening more devices, consider using CreateDevices API. (device_manager.cpp:264)
2026-08-18 05:30:30.835 | warning  |           Metal | Failed to create shared memory /tt_device_154095682331104_memory: Permission denied (memory_stats_shm.cpp:60)
2026-08-18 05:30:30.879 | DEBUG    | conftest:mesh_device:630 - multidevice with 1 devices is created
2026-08-18 05:30:33.141 | INFO     | autoports.qwen_qwen3_coder_30b_a3b_instruct.tests.test_decoder_layer:test_non_aligned_tail_tokens:143 - seq=33: tail=[0.9999, 0.99985, 0.99465] body_worst=0.99471 median=0.99981
PASSED
models/autoports/qwen_qwen3_coder_30b_a3b_instruct/tests/test_decoder_layer.py::test_residual_path_is_present[blackhole-1x1] 2026-08-18 05:30:33.490 | INFO     | conftest:mesh_device:612 - No trace region size for (1, 1)
2026-08-18 05:30:33.535 | warning  |           Metal | Opening subset of mmio devices slows down UMD read/write to remote chips. If opening more devices, consider using CreateDevices API. (device_manager.cpp:264)
2026-08-18 05:30:33.535 | warning  |           Metal | Failed to create shared memory /tt_device_154095682331104_memory: Permission denied (memory_stats_shm.cpp:60)
2026-08-18 05:30:33.578 | DEBUG    | conftest:mesh_device:630 - multidevice with 1 devices is created
2026-08-18 05:30:35.589 | INFO     | autoports.qwen_qwen3_coder_30b_a3b_instruct.tests.test_decoder_layer:test_residual_path_is_present:175 - corr(output, input) = 0.8615
PASSED
models/autoports/qwen_qwen3_coder_30b_a3b_instruct/tests/test_decoder_layer_decode.py::test_decode_layer_matches_prefill[blackhole-contiguous-p32-1x1] 2026-08-18 05:30:37.515 | INFO     | conftest:mesh_device:612 - No trace region size for (1, 1)
2026-08-18 05:30:37.560 | warning  |           Metal | Opening subset of mmio devices slows down UMD read/write to remote chips. If opening more devices, consider using CreateDevices API. (device_manager.cpp:264)
2026-08-18 05:30:37.561 | warning  |           Metal | Failed to create shared memory /tt_device_154095682331104_memory: Permission denied (memory_stats_shm.cpp:60)
2026-08-18 05:30:37.605 | DEBUG    | conftest:mesh_device:630 - multidevice with 1 devices is created
2026-08-18 05:30:39.848 | INFO     | autoports.qwen_qwen3_coder_30b_a3b_instruct.tests.test_decoder_layer_decode:test_decode_layer_matches_prefill:118 - (False, 'Max ATOL Delta: 0.018045008182525635, Max RTOL Delta: 77.39993286132812')
2026-08-18 05:30:39.848 | INFO     | autoports.qwen_qwen3_coder_30b_a3b_instruct.tests.test_decoder_layer_decode:test_decode_layer_matches_prefill:120 - decode layer at pos 32 [contiguous]: 0.9946808621713572
PASSED
models/autoports/qwen_qwen3_coder_30b_a3b_instruct/tests/test_decoder_layer_decode.py::test_multi_step_decode[blackhole-1x1] 2026-08-18 05:30:40.191 | INFO     | conftest:mesh_device:612 - No trace region size for (1, 1)
2026-08-18 05:30:40.235 | warning  |           Metal | Opening subset of mmio devices slows down UMD read/write to remote chips. If opening more devices, consider using CreateDevices API. (device_manager.cpp:264)
2026-08-18 05:30:40.236 | warning  |           Metal | Failed to create shared memory /tt_device_154095682331104_memory: Permission denied (memory_stats_shm.cpp:60)
2026-08-18 05:30:40.280 | DEBUG    | conftest:mesh_device:630 - multidevice with 1 devices is created
2026-08-18 05:30:42.448 | INFO     | autoports.qwen_qwen3_coder_30b_a3b_instruct.tests.test_decoder_layer_decode:test_multi_step_decode:154 - decode step 0 (pos 32): 0.9946833573349575
2026-08-18 05:30:42.451 | INFO     | autoports.qwen_qwen3_coder_30b_a3b_instruct.tests.test_decoder_layer_decode:test_multi_step_decode:154 - decode step 1 (pos 33): 0.999580666250684
2026-08-18 05:30:42.453 | INFO     | autoports.qwen_qwen3_coder_30b_a3b_instruct.tests.test_decoder_layer_decode:test_multi_step_decode:154 - decode step 2 (pos 34): 0.9998757356175997
PASSED
models/autoports/qwen_qwen3_coder_30b_a3b_instruct/tests/test_determinism.py::test_prefill_is_deterministic[blackhole-1x1] 2026-08-18 05:30:44.443 | INFO     | conftest:mesh_device:612 - No trace region size for (1, 1)
2026-08-18 05:30:44.489 | warning  |           Metal | Opening subset of mmio devices slows down UMD read/write to remote chips. If opening more devices, consider using CreateDevices API. (device_manager.cpp:264)
2026-08-18 05:30:44.489 | warning  |           Metal | Failed to create shared memory /tt_device_154095682331104_memory: Permission denied (memory_stats_shm.cpp:60)
2026-08-18 05:30:44.533 | DEBUG    | conftest:mesh_device:630 - multidevice with 1 devices is created
2026-08-18 05:30:46.873 | INFO     | autoports.qwen_qwen3_coder_30b_a3b_instruct.tests.test_determinism:test_prefill_is_deterministic:88 - prefill: 3 runs bit-identical
PASSED
models/autoports/qwen_qwen3_coder_30b_a3b_instruct/tests/test_determinism.py::test_decode_is_deterministic[blackhole-1x1] 2026-08-18 05:30:47.206 | INFO     | conftest:mesh_device:612 - No trace region size for (1, 1)
2026-08-18 05:30:47.251 | warning  |           Metal | Opening subset of mmio devices slows down UMD read/write to remote chips. If opening more devices, consider using CreateDevices API. (device_manager.cpp:264)
2026-08-18 05:30:47.251 | warning  |           Metal | Failed to create shared memory /tt_device_154095682331104_memory: Permission denied (memory_stats_shm.cpp:60)
2026-08-18 05:30:47.295 | DEBUG    | conftest:mesh_device:630 - multidevice with 1 devices is created
2026-08-18 05:30:49.447 | INFO     | autoports.qwen_qwen3_coder_30b_a3b_instruct.tests.test_determinism:test_decode_is_deterministic:127 - decode: 2 independent prefill+decode sequences bit-identical
PASSED
models/autoports/qwen_qwen3_coder_30b_a3b_instruct/tests/test_determinism.py::test_repeated_decode_steps_are_stable[blackhole-1x1] 2026-08-18 05:30:49.789 | INFO     | conftest:mesh_device:612 - No trace region size for (1, 1)
2026-08-18 05:30:49.834 | warning  |           Metal | Opening subset of mmio devices slows down UMD read/write to remote chips. If opening more devices, consider using CreateDevices API. (device_manager.cpp:264)
2026-08-18 05:30:49.835 | warning  |           Metal | Failed to create shared memory /tt_device_154095682331104_memory: Permission denied (memory_stats_shm.cpp:60)
2026-08-18 05:30:49.879 | DEBUG    | conftest:mesh_device:630 - multidevice with 1 devices is created
2026-08-18 05:30:52.174 | INFO     | autoports.qwen_qwen3_coder_30b_a3b_instruct.tests.test_determinism:test_repeated_decode_steps_are_stable:165 - 64-step rollout: activation std min=0.02031 max=0.02885 ratio=1.420
PASSED
models/autoports/qwen_qwen3_coder_30b_a3b_instruct/tests/test_moe.py::test_router_dense_weights_vs_reference[blackhole-s32-1x1] 2026-08-18 05:30:53.999 | INFO     | conftest:mesh_device:612 - No trace region size for (1, 1)
2026-08-18 05:30:54.045 | warning  |           Metal | Opening subset of mmio devices slows down UMD read/write to remote chips. If opening more devices, consider using CreateDevices API. (device_manager.cpp:264)
2026-08-18 05:30:54.045 | warning  |           Metal | Failed to create shared memory /tt_device_154095682331104_memory: Permission denied (memory_stats_shm.cpp:60)
2026-08-18 05:30:54.089 | DEBUG    | conftest:mesh_device:630 - multidevice with 1 devices is created
2026-08-18 05:30:54.097 | INFO     | autoports.qwen_qwen3_coder_30b_a3b_instruct.tests.test_moe:test_router_dense_weights_vs_reference:92 - (False, 'Max ATOL Delta: 0.0005505681037902832, Max RTOL Delta: nan')
2026-08-18 05:30:54.097 | INFO     | autoports.qwen_qwen3_coder_30b_a3b_instruct.tests.test_moe:test_router_dense_weights_vs_reference:93 - router dense seq=32: 0.9999986545442966
PASSED
models/autoports/qwen_qwen3_coder_30b_a3b_instruct/tests/test_moe.py::test_router_selection_matches[blackhole-1x1] 2026-08-18 05:30:54.435 | INFO     | conftest:mesh_device:612 - No trace region size for (1, 1)
2026-08-18 05:30:54.480 | warning  |           Metal | Opening subset of mmio devices slows down UMD read/write to remote chips. If opening more devices, consider using CreateDevices API. (device_manager.cpp:264)
2026-08-18 05:30:54.481 | warning  |           Metal | Failed to create shared memory /tt_device_154095682331104_memory: Permission denied (memory_stats_shm.cpp:60)
2026-08-18 05:30:54.525 | DEBUG    | conftest:mesh_device:630 - multidevice with 1 devices is created
2026-08-18 05:30:54.534 | INFO     | autoports.qwen_qwen3_coder_30b_a3b_instruct.tests.test_moe:test_router_selection_matches:132 - router selection: 5/128 tokens differ from the fp32 reference; largest missed routing weight 0.1239
PASSED
models/autoports/qwen_qwen3_coder_30b_a3b_instruct/tests/test_moe.py::test_experts_with_reference_routing[blackhole-s32-1x1] 2026-08-18 05:30:54.876 | INFO     | conftest:mesh_device:612 - No trace region size for (1, 1)
2026-08-18 05:30:54.920 | warning  |           Metal | Opening subset of mmio devices slows down UMD read/write to remote chips. If opening more devices, consider using CreateDevices API. (device_manager.cpp:264)
2026-08-18 05:30:54.921 | warning  |           Metal | Failed to create shared memory /tt_device_154095682331104_memory: Permission denied (memory_stats_shm.cpp:60)
2026-08-18 05:30:54.964 | DEBUG    | conftest:mesh_device:630 - multidevice with 1 devices is created
2026-08-18 05:30:57.104 | INFO     | autoports.qwen_qwen3_coder_30b_a3b_instruct.tests.test_moe:test_experts_with_reference_routing:185 - (False, 'Max ATOL Delta: 0.0001262105070054531, Max RTOL Delta: inf')
2026-08-18 05:30:57.105 | INFO     | autoports.qwen_qwen3_coder_30b_a3b_instruct.tests.test_moe:test_experts_with_reference_routing:186 - experts (reference routing) seq=32: 0.9998085261571744
PASSED
models/autoports/qwen_qwen3_coder_30b_a3b_instruct/tests/test_moe.py::test_moe_block_end_to_end[blackhole-s32-1x1] 2026-08-18 05:30:57.450 | INFO     | conftest:mesh_device:612 - No trace region size for (1, 1)
2026-08-18 05:30:57.496 | warning  |           Metal | Opening subset of mmio devices slows down UMD read/write to remote chips. If opening more devices, consider using CreateDevices API. (device_manager.cpp:264)
2026-08-18 05:30:57.496 | warning  |           Metal | Failed to create shared memory /tt_device_154095682331104_memory: Permission denied (memory_stats_shm.cpp:60)
2026-08-18 05:30:57.541 | DEBUG    | conftest:mesh_device:630 - multidevice with 1 devices is created
2026-08-18 05:30:59.769 | INFO     | autoports.qwen_qwen3_coder_30b_a3b_instruct.tests.test_moe:test_moe_block_end_to_end:217 - (False, 'Max ATOL Delta: 0.00013325829058885574, Max RTOL Delta: inf')
2026-08-18 05:30:59.769 | INFO     | autoports.qwen_qwen3_coder_30b_a3b_instruct.tests.test_moe:test_moe_block_end_to_end:218 - MoE block end-to-end seq=32: 0.9998091753412652
PASSED
models/autoports/qwen_qwen3_coder_30b_a3b_instruct/tests/test_moe.py::test_router_weights_sum_to_one[blackhole-1x1] 2026-08-18 05:31:00.113 | INFO     | conftest:mesh_device:612 - No trace region size for (1, 1)
2026-08-18 05:31:00.158 | warning  |           Metal | Opening subset of mmio devices slows down UMD read/write to remote chips. If opening more devices, consider using CreateDevices API. (device_manager.cpp:264)
2026-08-18 05:31:00.158 | warning  |           Metal | Failed to create shared memory /tt_device_154095682331104_memory: Permission denied (memory_stats_shm.cpp:60)
2026-08-18 05:31:00.202 | DEBUG    | conftest:mesh_device:630 - multidevice with 1 devices is created
PASSED
models/autoports/qwen_qwen3_coder_30b_a3b_instruct/tests/test_multichip_decoder.py::test_baseline_upload_is_actually_replicated[blackhole-1x4-device_params0] 2026-08-18 05:31:02.055 | INFO     | conftest:mesh_device:600 - Keeping trace_region_size=90000000 from device_params (already set)
2026-08-18 05:31:02.055 | info     |           Metal | Fabric config changed from FabricConfig::DISABLED to FabricConfig::FABRIC_1D_RING, reinitializing control plane (metal_env.cpp:337)
2026-08-18 05:31:02.055 | info     |     Distributed | Using auto discovery to generate mesh graph. (metal_env.cpp:437)
2026-08-18 05:31:02.055 | info     |     Distributed | Constructing control plane using auto-discovery (no mesh graph descriptor). (metal_env.cpp:499)
2026-08-18 05:31:02.056 | info     |          Fabric | Logical multi-mesh adjacency: intermesh degree histogram {0:1}; intra-mesh degree histograms mesh0 {2:4} (topology_mapper_utils.cpp:3329)
2026-08-18 05:31:02.056 | info     |          Fabric | Physical multi-mesh adjacency: intermesh degree histogram {0:1}; intra-mesh degree histograms mesh0 {2:4} (topology_mapper_utils.cpp:3337)
2026-08-18 05:31:02.102 | warning  |           Metal | Failed to create shared memory /tt_device_154095682331393_memory: Permission denied (memory_stats_shm.cpp:60)
2026-08-18 05:31:02.103 | warning  |           Metal | Failed to create shared memory /tt_device_154095682331392_memory: Permission denied (memory_stats_shm.cpp:60)
2026-08-18 05:31:02.103 | warning  |           Metal | Failed to create shared memory /tt_device_154095682331105_memory: Permission denied (memory_stats_shm.cpp:60)
2026-08-18 05:31:02.103 | warning  |           Metal | Failed to create shared memory /tt_device_154095682331104_memory: Permission denied (memory_stats_shm.cpp:60)
2026-08-18 05:31:02.106 | info     |           Metal | Initializing Fabric (fabric_firmware_initializer.cpp:296)
2026-08-18 05:31:02.133 | info     |           Metal | Fabric initialized on 4 devices (fabric_firmware_initializer.cpp:444)
2026-08-18 05:31:02.133 | info     |           Metal | Fabric Initialized with config FabricConfig::FABRIC_1D_RING (fabric_firmware_initializer.cpp:313)
2026-08-18 05:31:02.787 | DEBUG    | conftest:mesh_device:630 - multidevice with 4 devices is created
2026-08-18 05:31:07.190 | INFO     | autoports.qwen_qwen3_coder_30b_a3b_instruct.tests.test_multichip_decoder:test_baseline_upload_is_actually_replicated:259 - replicated single-chip baseline: max spread across 4 dies = 0.000e+00
PASSED
models/autoports/qwen_qwen3_coder_30b_a3b_instruct/tests/test_multichip_decoder.py::test_topk_is_identical_across_dies[blackhole-0-1x4-device_params0] 2026-08-18 05:31:07.543 | INFO     | conftest:mesh_device:600 - Keeping trace_region_size=90000000 from device_params (already set)
2026-08-18 05:31:07.543 | info     |           Metal | Fabric config changed from FabricConfig::FABRIC_1D_RING to FabricConfig::FABRIC_1D_RING, reinitializing control plane (metal_env.cpp:337)
2026-08-18 05:31:07.543 | info     |     Distributed | Using auto discovery to generate mesh graph. (metal_env.cpp:437)
2026-08-18 05:31:07.543 | info     |     Distributed | Constructing control plane using auto-discovery (no mesh graph descriptor). (metal_env.cpp:499)
2026-08-18 05:31:07.544 | info     |          Fabric | Logical multi-mesh adjacency: intermesh degree histogram {0:1}; intra-mesh degree histograms mesh0 {2:4} (topology_mapper_utils.cpp:3329)
2026-08-18 05:31:07.544 | info     |          Fabric | Physical multi-mesh adjacency: intermesh degree histogram {0:1}; intra-mesh degree histograms mesh0 {2:4} (topology_mapper_utils.cpp:3337)
2026-08-18 05:31:07.589 | warning  |           Metal | Failed to create shared memory /tt_device_154095682331393_memory: Permission denied (memory_stats_shm.cpp:60)
2026-08-18 05:31:07.590 | warning  |           Metal | Failed to create shared memory /tt_device_154095682331392_memory: Permission denied (memory_stats_shm.cpp:60)
2026-08-18 05:31:07.590 | warning  |           Metal | Failed to create shared memory /tt_device_154095682331105_memory: Permission denied (memory_stats_shm.cpp:60)
2026-08-18 05:31:07.590 | warning  |           Metal | Failed to create shared memory /tt_device_154095682331104_memory: Permission denied (memory_stats_shm.cpp:60)
2026-08-18 05:31:07.591 | info     |           Metal | Initializing Fabric (fabric_firmware_initializer.cpp:296)
2026-08-18 05:31:07.604 | info     |           Metal | Fabric initialized on 4 devices (fabric_firmware_initializer.cpp:444)
2026-08-18 05:31:07.604 | info     |           Metal | Fabric Initialized with config FabricConfig::FABRIC_1D_RING (fabric_firmware_initializer.cpp:313)
2026-08-18 05:31:07.663 | DEBUG    | conftest:mesh_device:630 - multidevice with 4 devices is created
2026-08-18 05:31:12.116 | INFO     | autoports.qwen_qwen3_coder_30b_a3b_instruct.tests.test_multichip_decoder:test_topk_is_identical_across_dies:292 - topk seed=0: 4 dies bit-identical over 1024 selections
PASSED
models/autoports/qwen_qwen3_coder_30b_a3b_instruct/tests/test_multichip_decoder.py::test_router_windows_partition_global_routing[blackhole-decode-1x4-device_params0] 2026-08-18 05:31:12.474 | INFO     | conftest:mesh_device:600 - Keeping trace_region_size=90000000 from device_params (already set)
2026-08-18 05:31:12.474 | info     |           Metal | Fabric config changed from FabricConfig::FABRIC_1D_RING to FabricConfig::FABRIC_1D_RING, reinitializing control plane (metal_env.cpp:337)
2026-08-18 05:31:12.474 | info     |     Distributed | Using auto discovery to generate mesh graph. (metal_env.cpp:437)
2026-08-18 05:31:12.474 | info     |     Distributed | Constructing control plane using auto-discovery (no mesh graph descriptor). (metal_env.cpp:499)
2026-08-18 05:31:12.474 | info     |          Fabric | Logical multi-mesh adjacency: intermesh degree histogram {0:1}; intra-mesh degree histograms mesh0 {2:4} (topology_mapper_utils.cpp:3329)
2026-08-18 05:31:12.474 | info     |          Fabric | Physical multi-mesh adjacency: intermesh degree histogram {0:1}; intra-mesh degree histograms mesh0 {2:4} (topology_mapper_utils.cpp:3337)
2026-08-18 05:31:12.520 | warning  |           Metal | Failed to create shared memory /tt_device_154095682331393_memory: Permission denied (memory_stats_shm.cpp:60)
2026-08-18 05:31:12.520 | warning  |           Metal | Failed to create shared memory /tt_device_154095682331392_memory: Permission denied (memory_stats_shm.cpp:60)
2026-08-18 05:31:12.521 | warning  |           Metal | Failed to create shared memory /tt_device_154095682331105_memory: Permission denied (memory_stats_shm.cpp:60)
2026-08-18 05:31:12.521 | warning  |           Metal | Failed to create shared memory /tt_device_154095682331104_memory: Permission denied (memory_stats_shm.cpp:60)
2026-08-18 05:31:12.523 | info     |           Metal | Initializing Fabric (fabric_firmware_initializer.cpp:296)
2026-08-18 05:31:12.535 | info     |           Metal | Fabric initialized on 4 devices (fabric_firmware_initializer.cpp:444)
2026-08-18 05:31:12.535 | info     |           Metal | Fabric Initialized with config FabricConfig::FABRIC_1D_RING (fabric_firmware_initializer.cpp:313)
2026-08-18 05:31:12.596 | DEBUG    | conftest:mesh_device:630 - multidevice with 4 devices is created
2026-08-18 05:31:16.882 | INFO     | autoports.qwen_qwen3_coder_30b_a3b_instruct.tests.test_multichip_decoder:test_router_windows_partition_global_routing:319 - router windows seq=1: max |stitched - global| = 0.000e+00
PASSED
models/autoports/qwen_qwen3_coder_30b_a3b_instruct/tests/test_multichip_decoder.py::test_multichip_prefill_vs_single_chip[blackhole-s32-1x4-device_params0] 2026-08-18 05:31:17.225 | INFO     | conftest:mesh_device:600 - Keeping trace_region_size=90000000 from device_params (already set)
2026-08-18 05:31:17.226 | info     |           Metal | Fabric config changed from FabricConfig::FABRIC_1D_RING to FabricConfig::FABRIC_1D_RING, reinitializing control plane (metal_env.cpp:337)
2026-08-18 05:31:17.226 | info     |     Distributed | Using auto discovery to generate mesh graph. (metal_env.cpp:437)
2026-08-18 05:31:17.226 | info     |     Distributed | Constructing control plane using auto-discovery (no mesh graph descriptor). (metal_env.cpp:499)
2026-08-18 05:31:17.226 | info     |          Fabric | Logical multi-mesh adjacency: intermesh degree histogram {0:1}; intra-mesh degree histograms mesh0 {2:4} (topology_mapper_utils.cpp:3329)
2026-08-18 05:31:17.226 | info     |          Fabric | Physical multi-mesh adjacency: intermesh degree histogram {0:1}; intra-mesh degree histograms mesh0 {2:4} (topology_mapper_utils.cpp:3337)
2026-08-18 05:31:17.275 | warning  |           Metal | Failed to create shared memory /tt_device_154095682331393_memory: Permission denied (memory_stats_shm.cpp:60)
2026-08-18 05:31:17.276 | warning  |           Metal | Failed to create shared memory /tt_device_154095682331392_memory: Permission denied (memory_stats_shm.cpp:60)
2026-08-18 05:31:17.276 | warning  |           Metal | Failed to create shared memory /tt_device_154095682331105_memory: Permission denied (memory_stats_shm.cpp:60)
2026-08-18 05:31:17.276 | warning  |           Metal | Failed to create shared memory /tt_device_154095682331104_memory: Permission denied (memory_stats_shm.cpp:60)
2026-08-18 05:31:17.277 | info     |           Metal | Initializing Fabric (fabric_firmware_initializer.cpp:296)
2026-08-18 05:31:17.290 | info     |           Metal | Fabric initialized on 4 devices (fabric_firmware_initializer.cpp:444)
2026-08-18 05:31:17.290 | info     |           Metal | Fabric Initialized with config FabricConfig::FABRIC_1D_RING (fabric_firmware_initializer.cpp:313)
2026-08-18 05:31:17.353 | DEBUG    | conftest:mesh_device:630 - multidevice with 4 devices is created
2026-08-18 05:31:21.746 | INFO     | autoports.qwen_qwen3_coder_30b_a3b_instruct.tests.test_multichip_decoder:test_multichip_prefill_vs_single_chip:351 - multichip prefill S=32 vs single-chip TTNN: 0.999726173883768
PASSED
models/autoports/qwen_qwen3_coder_30b_a3b_instruct/tests/test_multichip_decoder.py::test_multichip_prefill_vs_hf[blackhole-s128-1x4-device_params0] 2026-08-18 05:31:22.093 | INFO     | conftest:mesh_device:600 - Keeping trace_region_size=90000000 from device_params (already set)
2026-08-18 05:31:22.094 | info     |           Metal | Fabric config changed from FabricConfig::FABRIC_1D_RING to FabricConfig::FABRIC_1D_RING, reinitializing control plane (metal_env.cpp:337)
2026-08-18 05:31:22.094 | info     |     Distributed | Using auto discovery to generate mesh graph. (metal_env.cpp:437)
2026-08-18 05:31:22.094 | info     |     Distributed | Constructing control plane using auto-discovery (no mesh graph descriptor). (metal_env.cpp:499)
2026-08-18 05:31:22.094 | info     |          Fabric | Logical multi-mesh adjacency: intermesh degree histogram {0:1}; intra-mesh degree histograms mesh0 {2:4} (topology_mapper_utils.cpp:3329)
2026-08-18 05:31:22.094 | info     |          Fabric | Physical multi-mesh adjacency: intermesh degree histogram {0:1}; intra-mesh degree histograms mesh0 {2:4} (topology_mapper_utils.cpp:3337)
2026-08-18 05:31:22.140 | warning  |           Metal | Failed to create shared memory /tt_device_154095682331393_memory: Permission denied (memory_stats_shm.cpp:60)
2026-08-18 05:31:22.140 | warning  |           Metal | Failed to create shared memory /tt_device_154095682331392_memory: Permission denied (memory_stats_shm.cpp:60)
2026-08-18 05:31:22.141 | warning  |           Metal | Failed to create shared memory /tt_device_154095682331105_memory: Permission denied (memory_stats_shm.cpp:60)
2026-08-18 05:31:22.141 | warning  |           Metal | Failed to create shared memory /tt_device_154095682331104_memory: Permission denied (memory_stats_shm.cpp:60)
2026-08-18 05:31:22.142 | info     |           Metal | Initializing Fabric (fabric_firmware_initializer.cpp:296)
2026-08-18 05:31:22.155 | info     |           Metal | Fabric initialized on 4 devices (fabric_firmware_initializer.cpp:444)
2026-08-18 05:31:22.155 | info     |           Metal | Fabric Initialized with config FabricConfig::FABRIC_1D_RING (fabric_firmware_initializer.cpp:313)
2026-08-18 05:31:22.215 | DEBUG    | conftest:mesh_device:630 - multidevice with 4 devices is created
2026-08-18 05:31:26.691 | INFO     | autoports.qwen_qwen3_coder_30b_a3b_instruct.tests.test_multichip_decoder:test_multichip_prefill_vs_hf:365 - multichip prefill S=128 vs HF: 0.9990883578961901
PASSED
models/autoports/qwen_qwen3_coder_30b_a3b_instruct/tests/test_multichip_decoder.py::test_multichip_prefill_is_deterministic[blackhole-1x4-device_params0] 2026-08-18 05:31:27.037 | INFO     | conftest:mesh_device:600 - Keeping trace_region_size=90000000 from device_params (already set)
2026-08-18 05:31:27.038 | info     |           Metal | Fabric config changed from FabricConfig::FABRIC_1D_RING to FabricConfig::FABRIC_1D_RING, reinitializing control plane (metal_env.cpp:337)
2026-08-18 05:31:27.038 | info     |     Distributed | Using auto discovery to generate mesh graph. (metal_env.cpp:437)
2026-08-18 05:31:27.038 | info     |     Distributed | Constructing control plane using auto-discovery (no mesh graph descriptor). (metal_env.cpp:499)
2026-08-18 05:31:27.038 | info     |          Fabric | Logical multi-mesh adjacency: intermesh degree histogram {0:1}; intra-mesh degree histograms mesh0 {2:4} (topology_mapper_utils.cpp:3329)
2026-08-18 05:31:27.038 | info     |          Fabric | Physical multi-mesh adjacency: intermesh degree histogram {0:1}; intra-mesh degree histograms mesh0 {2:4} (topology_mapper_utils.cpp:3337)
2026-08-18 05:31:27.084 | warning  |           Metal | Failed to create shared memory /tt_device_154095682331393_memory: Permission denied (memory_stats_shm.cpp:60)
2026-08-18 05:31:27.084 | warning  |           Metal | Failed to create shared memory /tt_device_154095682331392_memory: Permission denied (memory_stats_shm.cpp:60)
2026-08-18 05:31:27.085 | warning  |           Metal | Failed to create shared memory /tt_device_154095682331105_memory: Permission denied (memory_stats_shm.cpp:60)
2026-08-18 05:31:27.085 | warning  |           Metal | Failed to create shared memory /tt_device_154095682331104_memory: Permission denied (memory_stats_shm.cpp:60)
2026-08-18 05:31:27.086 | info     |           Metal | Initializing Fabric (fabric_firmware_initializer.cpp:296)
2026-08-18 05:31:27.099 | info     |           Metal | Fabric initialized on 4 devices (fabric_firmware_initializer.cpp:444)
2026-08-18 05:31:27.099 | info     |           Metal | Fabric Initialized with config FabricConfig::FABRIC_1D_RING (fabric_firmware_initializer.cpp:313)
2026-08-18 05:31:27.747 | DEBUG    | conftest:mesh_device:630 - multidevice with 4 devices is created
2026-08-18 05:31:32.251 | INFO     | autoports.qwen_qwen3_coder_30b_a3b_instruct.tests.test_multichip_decoder:test_multichip_prefill_is_deterministic:377 - multichip prefill: 3 runs bit-identical on all 4 dies
PASSED
models/autoports/qwen_qwen3_coder_30b_a3b_instruct/tests/test_multichip_decoder.py::test_local_kv_cache_layout[blackhole-1x4-device_params0] 2026-08-18 05:31:32.604 | INFO     | conftest:mesh_device:600 - Keeping trace_region_size=90000000 from device_params (already set)
2026-08-18 05:31:32.605 | info     |           Metal | Fabric config changed from FabricConfig::FABRIC_1D_RING to FabricConfig::FABRIC_1D_RING, reinitializing control plane (metal_env.cpp:337)
2026-08-18 05:31:32.605 | info     |     Distributed | Using auto discovery to generate mesh graph. (metal_env.cpp:437)
2026-08-18 05:31:32.605 | info     |     Distributed | Constructing control plane using auto-discovery (no mesh graph descriptor). (metal_env.cpp:499)
2026-08-18 05:31:32.605 | info     |          Fabric | Logical multi-mesh adjacency: intermesh degree histogram {0:1}; intra-mesh degree histograms mesh0 {2:4} (topology_mapper_utils.cpp:3329)
2026-08-18 05:31:32.605 | info     |          Fabric | Physical multi-mesh adjacency: intermesh degree histogram {0:1}; intra-mesh degree histograms mesh0 {2:4} (topology_mapper_utils.cpp:3337)
2026-08-18 05:31:32.652 | warning  |           Metal | Failed to create shared memory /tt_device_154095682331393_memory: Permission denied (memory_stats_shm.cpp:60)
2026-08-18 05:31:32.652 | warning  |           Metal | Failed to create shared memory /tt_device_154095682331392_memory: Permission denied (memory_stats_shm.cpp:60)
2026-08-18 05:31:32.652 | warning  |           Metal | Failed to create shared memory /tt_device_154095682331105_memory: Permission denied (memory_stats_shm.cpp:60)
2026-08-18 05:31:32.652 | warning  |           Metal | Failed to create shared memory /tt_device_154095682331104_memory: Permission denied (memory_stats_shm.cpp:60)
2026-08-18 05:31:32.654 | info     |           Metal | Initializing Fabric (fabric_firmware_initializer.cpp:296)
2026-08-18 05:31:32.666 | info     |           Metal | Fabric initialized on 4 devices (fabric_firmware_initializer.cpp:444)
2026-08-18 05:31:32.666 | info     |           Metal | Fabric Initialized with config FabricConfig::FABRIC_1D_RING (fabric_firmware_initializer.cpp:313)
2026-08-18 05:31:32.727 | DEBUG    | conftest:mesh_device:630 - multidevice with 4 devices is created
2026-08-18 05:31:37.211 | INFO     | autoports.qwen_qwen3_coder_30b_a3b_instruct.tests.test_multichip_decoder:test_local_kv_cache_layout:417 - local KV head layout: 4x[.,1,.,.] stitched vs single-chip [.,4,.,.]: 1.0
2026-08-18 05:31:37.211 | INFO     | autoports.qwen_qwen3_coder_30b_a3b_instruct.tests.test_multichip_decoder:test_local_kv_cache_layout:421 - per-die KV: 512 B/token/layer (single chip: 2048)
PASSED
models/autoports/qwen_qwen3_coder_30b_a3b_instruct/tests/test_multichip_decoder.py::test_multichip_decode_vs_single_chip[blackhole-contiguous-1x4-device_params0] 2026-08-18 05:31:37.563 | INFO     | conftest:mesh_device:600 - Keeping trace_region_size=90000000 from device_params (already set)
2026-08-18 05:31:37.563 | info     |           Metal | Fabric config changed from FabricConfig::FABRIC_1D_RING to FabricConfig::FABRIC_1D_RING, reinitializing control plane (metal_env.cpp:337)
2026-08-18 05:31:37.563 | info     |     Distributed | Using auto discovery to generate mesh graph. (metal_env.cpp:437)
2026-08-18 05:31:37.563 | info     |     Distributed | Constructing control plane using auto-discovery (no mesh graph descriptor). (metal_env.cpp:499)
2026-08-18 05:31:37.564 | info     |          Fabric | Logical multi-mesh adjacency: intermesh degree histogram {0:1}; intra-mesh degree histograms mesh0 {2:4} (topology_mapper_utils.cpp:3329)
2026-08-18 05:31:37.564 | info     |          Fabric | Physical multi-mesh adjacency: intermesh degree histogram {0:1}; intra-mesh degree histograms mesh0 {2:4} (topology_mapper_utils.cpp:3337)
2026-08-18 05:31:37.611 | warning  |           Metal | Failed to create shared memory /tt_device_154095682331393_memory: Permission denied (memory_stats_shm.cpp:60)
2026-08-18 05:31:37.611 | warning  |           Metal | Failed to create shared memory /tt_device_154095682331392_memory: Permission denied (memory_stats_shm.cpp:60)
2026-08-18 05:31:37.611 | warning  |           Metal | Failed to create shared memory /tt_device_154095682331105_memory: Permission denied (memory_stats_shm.cpp:60)
2026-08-18 05:31:37.612 | warning  |           Metal | Failed to create shared memory /tt_device_154095682331104_memory: Permission denied (memory_stats_shm.cpp:60)
2026-08-18 05:31:37.613 | info     |           Metal | Initializing Fabric (fabric_firmware_initializer.cpp:296)
2026-08-18 05:31:37.626 | info     |           Metal | Fabric initialized on 4 devices (fabric_firmware_initializer.cpp:444)
2026-08-18 05:31:37.626 | info     |           Metal | Fabric Initialized with config FabricConfig::FABRIC_1D_RING (fabric_firmware_initializer.cpp:313)
2026-08-18 05:31:37.687 | DEBUG    | conftest:mesh_device:630 - multidevice with 4 devices is created
2026-08-18 05:31:42.161 | INFO     | autoports.qwen_qwen3_coder_30b_a3b_instruct.tests.test_multichip_decoder:test_multichip_decode_vs_single_chip:474 - multichip decode [contiguous] vs single-chip TTNN: 0.9999345318510067
PASSED
models/autoports/qwen_qwen3_coder_30b_a3b_instruct/tests/test_multichip_decoder.py::test_multichip_decode_contiguous_batch8[blackhole-1x4-device_params0] 2026-08-18 05:31:42.517 | INFO     | conftest:mesh_device:600 - Keeping trace_region_size=90000000 from device_params (already set)
2026-08-18 05:31:42.517 | info     |           Metal | Fabric config changed from FabricConfig::FABRIC_1D_RING to FabricConfig::FABRIC_1D_RING, reinitializing control plane (metal_env.cpp:337)
2026-08-18 05:31:42.517 | info     |     Distributed | Using auto discovery to generate mesh graph. (metal_env.cpp:437)
2026-08-18 05:31:42.517 | info     |     Distributed | Constructing control plane using auto-discovery (no mesh graph descriptor). (metal_env.cpp:499)
2026-08-18 05:31:42.517 | info     |          Fabric | Logical multi-mesh adjacency: intermesh degree histogram {0:1}; intra-mesh degree histograms mesh0 {2:4} (topology_mapper_utils.cpp:3329)
2026-08-18 05:31:42.517 | info     |          Fabric | Physical multi-mesh adjacency: intermesh degree histogram {0:1}; intra-mesh degree histograms mesh0 {2:4} (topology_mapper_utils.cpp:3337)
2026-08-18 05:31:42.564 | warning  |           Metal | Failed to create shared memory /tt_device_154095682331393_memory: Permission denied (memory_stats_shm.cpp:60)
2026-08-18 05:31:42.564 | warning  |           Metal | Failed to create shared memory /tt_device_154095682331392_memory: Permission denied (memory_stats_shm.cpp:60)
2026-08-18 05:31:42.565 | warning  |           Metal | Failed to create shared memory /tt_device_154095682331105_memory: Permission denied (memory_stats_shm.cpp:60)
2026-08-18 05:31:42.565 | warning  |           Metal | Failed to create shared memory /tt_device_154095682331104_memory: Permission denied (memory_stats_shm.cpp:60)
2026-08-18 05:31:42.567 | info     |           Metal | Initializing Fabric (fabric_firmware_initializer.cpp:296)
2026-08-18 05:31:42.580 | info     |           Metal | Fabric initialized on 4 devices (fabric_firmware_initializer.cpp:444)
2026-08-18 05:31:42.580 | info     |           Metal | Fabric Initialized with config FabricConfig::FABRIC_1D_RING (fabric_firmware_initializer.cpp:313)
2026-08-18 05:31:42.644 | DEBUG    | conftest:mesh_device:630 - multidevice with 4 devices is created
2026-08-18 05:31:47.420 | INFO     | autoports.qwen_qwen3_coder_30b_a3b_instruct.tests.test_multichip_decoder:test_multichip_decode_contiguous_batch8:547 - multichip decode [contiguous, batch 8] user 0 vs single-chip TTNN: 0.9999345318510067
2026-08-18 05:31:47.420 | INFO     | autoports.qwen_qwen3_coder_30b_a3b_instruct.tests.test_multichip_decoder:test_multichip_decode_contiguous_batch8:547 - multichip decode [contiguous, batch 8] user 1 vs single-chip TTNN: 0.9999371911164702
2026-08-18 05:31:47.420 | INFO     | autoports.qwen_qwen3_coder_30b_a3b_instruct.tests.test_multichip_decoder:test_multichip_decode_contiguous_batch8:547 - multichip decode [contiguous, batch 8] user 2 vs single-chip TTNN: 0.9998928679638549
2026-08-18 05:31:47.420 | INFO     | autoports.qwen_qwen3_coder_30b_a3b_instruct.tests.test_multichip_decoder:test_multichip_decode_contiguous_batch8:547 - multichip decode [contiguous, batch 8] user 3 vs single-chip TTNN: 0.9999261582329086
2026-08-18 05:31:47.420 | INFO     | autoports.qwen_qwen3_coder_30b_a3b_instruct.tests.test_multichip_decoder:test_multichip_decode_contiguous_batch8:547 - multichip decode [contiguous, batch 8] user 4 vs single-chip TTNN: 0.999960995305192
2026-08-18 05:31:47.421 | INFO     | autoports.qwen_qwen3_coder_30b_a3b_instruct.tests.test_multichip_decoder:test_multichip_decode_contiguous_batch8:547 - multichip decode [contiguous, batch 8] user 5 vs single-chip TTNN: 0.9999652958487225
2026-08-18 05:31:47.421 | INFO     | autoports.qwen_qwen3_coder_30b_a3b_instruct.tests.test_multichip_decoder:test_multichip_decode_contiguous_batch8:547 - multichip decode [contiguous, batch 8] user 6 vs single-chip TTNN: 0.9999615950465374
2026-08-18 05:31:47.421 | INFO     | autoports.qwen_qwen3_coder_30b_a3b_instruct.tests.test_multichip_decoder:test_multichip_decode_contiguous_batch8:547 - multichip decode [contiguous, batch 8] user 7 vs single-chip TTNN: 0.9999511139965788
PASSED
models/autoports/qwen_qwen3_coder_30b_a3b_instruct/tests/test_multichip_decoder.py::test_multichip_multi_step_decode_vs_hf[blackhole-1x4-device_params0] 2026-08-18 05:31:47.776 | INFO     | conftest:mesh_device:600 - Keeping trace_region_size=90000000 from device_params (already set)
2026-08-18 05:31:47.776 | info     |           Metal | Fabric config changed from FabricConfig::FABRIC_1D_RING to FabricConfig::FABRIC_1D_RING, reinitializing control plane (metal_env.cpp:337)
2026-08-18 05:31:47.776 | info     |     Distributed | Using auto discovery to generate mesh graph. (metal_env.cpp:437)
2026-08-18 05:31:47.776 | info     |     Distributed | Constructing control plane using auto-discovery (no mesh graph descriptor). (metal_env.cpp:499)
2026-08-18 05:31:47.776 | info     |          Fabric | Logical multi-mesh adjacency: intermesh degree histogram {0:1}; intra-mesh degree histograms mesh0 {2:4} (topology_mapper_utils.cpp:3329)
2026-08-18 05:31:47.776 | info     |          Fabric | Physical multi-mesh adjacency: intermesh degree histogram {0:1}; intra-mesh degree histograms mesh0 {2:4} (topology_mapper_utils.cpp:3337)
2026-08-18 05:31:47.823 | warning  |           Metal | Failed to create shared memory /tt_device_154095682331393_memory: Permission denied (memory_stats_shm.cpp:60)
2026-08-18 05:31:47.824 | warning  |           Metal | Failed to create shared memory /tt_device_154095682331392_memory: Permission denied (memory_stats_shm.cpp:60)
2026-08-18 05:31:47.824 | warning  |           Metal | Failed to create shared memory /tt_device_154095682331105_memory: Permission denied (memory_stats_shm.cpp:60)
2026-08-18 05:31:47.825 | warning  |           Metal | Failed to create shared memory /tt_device_154095682331104_memory: Permission denied (memory_stats_shm.cpp:60)
2026-08-18 05:31:47.826 | info     |           Metal | Initializing Fabric (fabric_firmware_initializer.cpp:296)
2026-08-18 05:31:47.839 | info     |           Metal | Fabric initialized on 4 devices (fabric_firmware_initializer.cpp:444)
2026-08-18 05:31:47.839 | info     |           Metal | Fabric Initialized with config FabricConfig::FABRIC_1D_RING (fabric_firmware_initializer.cpp:313)
2026-08-18 05:31:47.901 | DEBUG    | conftest:mesh_device:630 - multidevice with 4 devices is created
2026-08-18 05:31:52.500 | INFO     | autoports.qwen_qwen3_coder_30b_a3b_instruct.tests.test_multichip_decoder:test_multichip_multi_step_decode_vs_hf:585 - multichip decode step 0 (pos 32) vs HF: 0.9992421705864233
2026-08-18 05:31:52.504 | INFO     | autoports.qwen_qwen3_coder_30b_a3b_instruct.tests.test_multichip_decoder:test_multichip_multi_step_decode_vs_hf:585 - multichip decode step 1 (pos 33) vs HF: 0.998739167322851
2026-08-18 05:31:52.507 | INFO     | autoports.qwen_qwen3_coder_30b_a3b_instruct.tests.test_multichip_decoder:test_multichip_multi_step_decode_vs_hf:585 - multichip decode step 2 (pos 34) vs HF: 0.9993931987272288
2026-08-18 05:31:52.510 | INFO     | autoports.qwen_qwen3_coder_30b_a3b_instruct.tests.test_multichip_decoder:test_multichip_multi_step_decode_vs_hf:585 - multichip decode step 3 (pos 35) vs HF: 0.9989545502170714
PASSED
models/autoports/qwen_qwen3_coder_30b_a3b_instruct/tests/test_multichip_decoder.py::test_multichip_decode_batch[blackhole-b1-1x4-device_params0] 2026-08-18 05:31:52.863 | INFO     | conftest:mesh_device:600 - Keeping trace_region_size=90000000 from device_params (already set)
2026-08-18 05:31:52.863 | info     |           Metal | Fabric config changed from FabricConfig::FABRIC_1D_RING to FabricConfig::FABRIC_1D_RING, reinitializing control plane (metal_env.cpp:337)
2026-08-18 05:31:52.863 | info     |     Distributed | Using auto discovery to generate mesh graph. (metal_env.cpp:437)
2026-08-18 05:31:52.863 | info     |     Distributed | Constructing control plane using auto-discovery (no mesh graph descriptor). (metal_env.cpp:499)
2026-08-18 05:31:52.863 | info     |          Fabric | Logical multi-mesh adjacency: intermesh degree histogram {0:1}; intra-mesh degree histograms mesh0 {2:4} (topology_mapper_utils.cpp:3329)
2026-08-18 05:31:52.863 | info     |          Fabric | Physical multi-mesh adjacency: intermesh degree histogram {0:1}; intra-mesh degree histograms mesh0 {2:4} (topology_mapper_utils.cpp:3337)
2026-08-18 05:31:52.910 | warning  |           Metal | Failed to create shared memory /tt_device_154095682331393_memory: Permission denied (memory_stats_shm.cpp:60)
2026-08-18 05:31:52.911 | warning  |           Metal | Failed to create shared memory /tt_device_154095682331392_memory: Permission denied (memory_stats_shm.cpp:60)
2026-08-18 05:31:52.911 | warning  |           Metal | Failed to create shared memory /tt_device_154095682331105_memory: Permission denied (memory_stats_shm.cpp:60)
2026-08-18 05:31:52.912 | warning  |           Metal | Failed to create shared memory /tt_device_154095682331104_memory: Permission denied (memory_stats_shm.cpp:60)
2026-08-18 05:31:52.913 | info     |           Metal | Initializing Fabric (fabric_firmware_initializer.cpp:296)
2026-08-18 05:31:52.926 | info     |           Metal | Fabric initialized on 4 devices (fabric_firmware_initializer.cpp:444)
2026-08-18 05:31:52.926 | info     |           Metal | Fabric Initialized with config FabricConfig::FABRIC_1D_RING (fabric_firmware_initializer.cpp:313)
2026-08-18 05:31:52.989 | DEBUG    | conftest:mesh_device:630 - multidevice with 4 devices is created
2026-08-18 05:31:57.567 | INFO     | autoports.qwen_qwen3_coder_30b_a3b_instruct.tests.test_multichip_decoder:test_multichip_decode_batch:627 - multichip decode batch=1 user 0 vs HF: 0.999242171059683
PASSED
models/autoports/qwen_qwen3_coder_30b_a3b_instruct/tests/test_multichip_decoder.py::test_decode_output_layout_matches_input[blackhole-b1-1x4-device_params0] 2026-08-18 05:31:57.938 | INFO     | conftest:mesh_device:600 - Keeping trace_region_size=90000000 from device_params (already set)
2026-08-18 05:31:57.938 | info     |           Metal | Fabric config changed from FabricConfig::FABRIC_1D_RING to FabricConfig::FABRIC_1D_RING, reinitializing control plane (metal_env.cpp:337)
2026-08-18 05:31:57.938 | info     |     Distributed | Using auto discovery to generate mesh graph. (metal_env.cpp:437)
2026-08-18 05:31:57.938 | info     |     Distributed | Constructing control plane using auto-discovery (no mesh graph descriptor). (metal_env.cpp:499)
2026-08-18 05:31:57.938 | info     |          Fabric | Logical multi-mesh adjacency: intermesh degree histogram {0:1}; intra-mesh degree histograms mesh0 {2:4} (topology_mapper_utils.cpp:3329)
2026-08-18 05:31:57.938 | info     |          Fabric | Physical multi-mesh adjacency: intermesh degree histogram {0:1}; intra-mesh degree histograms mesh0 {2:4} (topology_mapper_utils.cpp:3337)
2026-08-18 05:31:57.985 | warning  |           Metal | Failed to create shared memory /tt_device_154095682331393_memory: Permission denied (memory_stats_shm.cpp:60)
2026-08-18 05:31:57.986 | warning  |           Metal | Failed to create shared memory /tt_device_154095682331392_memory: Permission denied (memory_stats_shm.cpp:60)
2026-08-18 05:31:57.986 | warning  |           Metal | Failed to create shared memory /tt_device_154095682331105_memory: Permission denied (memory_stats_shm.cpp:60)
2026-08-18 05:31:57.987 | warning  |           Metal | Failed to create shared memory /tt_device_154095682331104_memory: Permission denied (memory_stats_shm.cpp:60)
2026-08-18 05:31:57.988 | info     |           Metal | Initializing Fabric (fabric_firmware_initializer.cpp:296)
2026-08-18 05:31:58.002 | info     |           Metal | Fabric initialized on 4 devices (fabric_firmware_initializer.cpp:444)
2026-08-18 05:31:58.002 | info     |           Metal | Fabric Initialized with config FabricConfig::FABRIC_1D_RING (fabric_firmware_initializer.cpp:313)
2026-08-18 05:31:58.065 | DEBUG    | conftest:mesh_device:630 - multidevice with 4 devices is created
PASSED
models/autoports/qwen_qwen3_coder_30b_a3b_instruct/tests/test_multichip_decoder.py::test_expert_window_can_be_empty[blackhole-1x4-device_params0] 2026-08-18 05:32:02.946 | INFO     | conftest:mesh_device:600 - Keeping trace_region_size=90000000 from device_params (already set)
2026-08-18 05:32:02.946 | info     |           Metal | Fabric config changed from FabricConfig::FABRIC_1D_RING to FabricConfig::FABRIC_1D_RING, reinitializing control plane (metal_env.cpp:337)
2026-08-18 05:32:02.946 | info     |     Distributed | Using auto discovery to generate mesh graph. (metal_env.cpp:437)
2026-08-18 05:32:02.946 | info     |     Distributed | Constructing control plane using auto-discovery (no mesh graph descriptor). (metal_env.cpp:499)
2026-08-18 05:32:02.947 | info     |          Fabric | Logical multi-mesh adjacency: intermesh degree histogram {0:1}; intra-mesh degree histograms mesh0 {2:4} (topology_mapper_utils.cpp:3329)
2026-08-18 05:32:02.947 | info     |          Fabric | Physical multi-mesh adjacency: intermesh degree histogram {0:1}; intra-mesh degree histograms mesh0 {2:4} (topology_mapper_utils.cpp:3337)
2026-08-18 05:32:02.995 | warning  |           Metal | Failed to create shared memory /tt_device_154095682331393_memory: Permission denied (memory_stats_shm.cpp:60)
2026-08-18 05:32:02.996 | warning  |           Metal | Failed to create shared memory /tt_device_154095682331392_memory: Permission denied (memory_stats_shm.cpp:60)
2026-08-18 05:32:02.996 | warning  |           Metal | Failed to create shared memory /tt_device_154095682331105_memory: Permission denied (memory_stats_shm.cpp:60)
2026-08-18 05:32:02.996 | warning  |           Metal | Failed to create shared memory /tt_device_154095682331104_memory: Permission denied (memory_stats_shm.cpp:60)
2026-08-18 05:32:02.998 | info     |           Metal | Initializing Fabric (fabric_firmware_initializer.cpp:296)
2026-08-18 05:32:03.012 | info     |           Metal | Fabric initialized on 4 devices (fabric_firmware_initializer.cpp:444)
2026-08-18 05:32:03.012 | info     |           Metal | Fabric Initialized with config FabricConfig::FABRIC_1D_RING (fabric_firmware_initializer.cpp:313)
2026-08-18 05:32:03.661 | DEBUG    | conftest:mesh_device:630 - multidevice with 4 devices is created
2026-08-18 05:32:08.199 | INFO     | autoports.qwen_qwen3_coder_30b_a3b_instruct.tests.test_multichip_decoder:test_expert_window_can_be_empty:747 - forced routing: live experts per die = [6, 2, 0, 0] (sum 8)
2026-08-18 05:32:08.208 | INFO     | autoports.qwen_qwen3_coder_30b_a3b_instruct.tests.test_multichip_decoder:test_expert_window_can_be_empty:758 - empty-window partials: max |value| on dies [2, 3] = 0.0
2026-08-18 05:32:08.254 | INFO     | autoports.qwen_qwen3_coder_30b_a3b_instruct.tests.test_multichip_decoder:test_expert_window_can_be_empty:799 - layer under maximally unbalanced routing vs single-chip: 0.9999411824084109
PASSED
models/autoports/qwen_qwen3_coder_30b_a3b_instruct/tests/test_multichip_decoder.py::test_stacked_layer_io_contract[blackhole-1x4-device_params0] 2026-08-18 05:32:08.605 | INFO     | conftest:mesh_device:600 - Keeping trace_region_size=90000000 from device_params (already set)
2026-08-18 05:32:08.605 | info     |           Metal | Fabric config changed from FabricConfig::FABRIC_1D_RING to FabricConfig::FABRIC_1D_RING, reinitializing control plane (metal_env.cpp:337)
2026-08-18 05:32:08.605 | info     |     Distributed | Using auto discovery to generate mesh graph. (metal_env.cpp:437)
2026-08-18 05:32:08.605 | info     |     Distributed | Constructing control plane using auto-discovery (no mesh graph descriptor). (metal_env.cpp:499)
2026-08-18 05:32:08.605 | info     |          Fabric | Logical multi-mesh adjacency: intermesh degree histogram {0:1}; intra-mesh degree histograms mesh0 {2:4} (topology_mapper_utils.cpp:3329)
2026-08-18 05:32:08.605 | info     |          Fabric | Physical multi-mesh adjacency: intermesh degree histogram {0:1}; intra-mesh degree histograms mesh0 {2:4} (topology_mapper_utils.cpp:3337)
2026-08-18 05:32:08.653 | warning  |           Metal | Failed to create shared memory /tt_device_154095682331393_memory: Permission denied (memory_stats_shm.cpp:60)
2026-08-18 05:32:08.653 | warning  |           Metal | Failed to create shared memory /tt_device_154095682331392_memory: Permission denied (memory_stats_shm.cpp:60)
2026-08-18 05:32:08.654 | warning  |           Metal | Failed to create shared memory /tt_device_154095682331105_memory: Permission denied (memory_stats_shm.cpp:60)
2026-08-18 05:32:08.654 | warning  |           Metal | Failed to create shared memory /tt_device_154095682331104_memory: Permission denied (memory_stats_shm.cpp:60)
2026-08-18 05:32:08.656 | info     |           Metal | Initializing Fabric (fabric_firmware_initializer.cpp:296)
2026-08-18 05:32:08.670 | info     |           Metal | Fabric initialized on 4 devices (fabric_firmware_initializer.cpp:444)
2026-08-18 05:32:08.670 | info     |           Metal | Fabric Initialized with config FabricConfig::FABRIC_1D_RING (fabric_firmware_initializer.cpp:313)
2026-08-18 05:32:08.732 | DEBUG    | conftest:mesh_device:630 - multidevice with 4 devices is created
2026-08-18 05:32:13.167 | INFO     | autoports.qwen_qwen3_coder_30b_a3b_instruct.tests.test_multichip_decoder:test_stacked_layer_io_contract:850 - two stacked multichip layers vs two stacked single-chip layers: 0.9994464888290773
PASSED
models/autoports/qwen_qwen3_coder_30b_a3b_instruct/tests/test_multichip_decoder.py::test_multichip_decode_is_traceable[blackhole-1x4-device_params0] 2026-08-18 05:32:13.523 | INFO     | conftest:mesh_device:600 - Keeping trace_region_size=90000000 from device_params (already set)
2026-08-18 05:32:13.523 | info     |           Metal | Fabric config changed from FabricConfig::FABRIC_1D_RING to FabricConfig::FABRIC_1D_RING, reinitializing control plane (metal_env.cpp:337)
2026-08-18 05:32:13.523 | info     |     Distributed | Using auto discovery to generate mesh graph. (metal_env.cpp:437)
2026-08-18 05:32:13.523 | info     |     Distributed | Constructing control plane using auto-discovery (no mesh graph descriptor). (metal_env.cpp:499)
2026-08-18 05:32:13.523 | info     |          Fabric | Logical multi-mesh adjacency: intermesh degree histogram {0:1}; intra-mesh degree histograms mesh0 {2:4} (topology_mapper_utils.cpp:3329)
2026-08-18 05:32:13.523 | info     |          Fabric | Physical multi-mesh adjacency: intermesh degree histogram {0:1}; intra-mesh degree histograms mesh0 {2:4} (topology_mapper_utils.cpp:3337)
2026-08-18 05:32:13.572 | warning  |           Metal | Failed to create shared memory /tt_device_154095682331393_memory: Permission denied (memory_stats_shm.cpp:60)
2026-08-18 05:32:13.572 | warning  |           Metal | Failed to create shared memory /tt_device_154095682331392_memory: Permission denied (memory_stats_shm.cpp:60)
2026-08-18 05:32:13.573 | warning  |           Metal | Failed to create shared memory /tt_device_154095682331105_memory: Permission denied (memory_stats_shm.cpp:60)
2026-08-18 05:32:13.573 | warning  |           Metal | Failed to create shared memory /tt_device_154095682331104_memory: Permission denied (memory_stats_shm.cpp:60)
2026-08-18 05:32:13.575 | info     |           Metal | Initializing Fabric (fabric_firmware_initializer.cpp:296)
2026-08-18 05:32:13.589 | info     |           Metal | Fabric initialized on 4 devices (fabric_firmware_initializer.cpp:444)
2026-08-18 05:32:13.589 | info     |           Metal | Fabric Initialized with config FabricConfig::FABRIC_1D_RING (fabric_firmware_initializer.cpp:313)
2026-08-18 05:32:13.651 | DEBUG    | conftest:mesh_device:630 - multidevice with 4 devices is created
2026-08-18 05:32:18.120 | INFO     | autoports.qwen_qwen3_coder_30b_a3b_instruct.tests.test_multichip_decoder:test_multichip_decode_is_traceable:894 - multichip traced decode vs eager: 1.0
2026-08-18 05:32:18.121 | INFO     | autoports.qwen_qwen3_coder_30b_a3b_instruct.tests.test_multichip_decoder:test_multichip_decode_is_traceable:910 - multichip traced replay delta after input swap = 0.145508
PASSED
models/autoports/qwen_qwen3_coder_30b_a3b_instruct/tests/test_multichip_decoder.py::test_multichip_decode_stress_is_deterministic[blackhole-1x4-device_params0] 2026-08-18 05:32:18.484 | INFO     | conftest:mesh_device:600 - Keeping trace_region_size=90000000 from device_params (already set)
2026-08-18 05:32:18.484 | info     |           Metal | Fabric config changed from FabricConfig::FABRIC_1D_RING to FabricConfig::FABRIC_1D_RING, reinitializing control plane (metal_env.cpp:337)
2026-08-18 05:32:18.484 | info     |     Distributed | Using auto discovery to generate mesh graph. (metal_env.cpp:437)
2026-08-18 05:32:18.484 | info     |     Distributed | Constructing control plane using auto-discovery (no mesh graph descriptor). (metal_env.cpp:499)
2026-08-18 05:32:18.484 | info     |          Fabric | Logical multi-mesh adjacency: intermesh degree histogram {0:1}; intra-mesh degree histograms mesh0 {2:4} (topology_mapper_utils.cpp:3329)
2026-08-18 05:32:18.484 | info     |          Fabric | Physical multi-mesh adjacency: intermesh degree histogram {0:1}; intra-mesh degree histograms mesh0 {2:4} (topology_mapper_utils.cpp:3337)
2026-08-18 05:32:18.533 | warning  |           Metal | Failed to create shared memory /tt_device_154095682331393_memory: Permission denied (memory_stats_shm.cpp:60)
2026-08-18 05:32:18.533 | warning  |           Metal | Failed to create shared memory /tt_device_154095682331392_memory: Permission denied (memory_stats_shm.cpp:60)
2026-08-18 05:32:18.534 | warning  |           Metal | Failed to create shared memory /tt_device_154095682331105_memory: Permission denied (memory_stats_shm.cpp:60)
2026-08-18 05:32:18.534 | warning  |           Metal | Failed to create shared memory /tt_device_154095682331104_memory: Permission denied (memory_stats_shm.cpp:60)
2026-08-18 05:32:18.536 | info     |           Metal | Initializing Fabric (fabric_firmware_initializer.cpp:296)
2026-08-18 05:32:18.550 | info     |           Metal | Fabric initialized on 4 devices (fabric_firmware_initializer.cpp:444)
2026-08-18 05:32:18.550 | info     |           Metal | Fabric Initialized with config FabricConfig::FABRIC_1D_RING (fabric_firmware_initializer.cpp:313)
2026-08-18 05:32:18.614 | DEBUG    | conftest:mesh_device:630 - multidevice with 4 devices is created
2026-08-18 05:32:23.065 | INFO     | autoports.qwen_qwen3_coder_30b_a3b_instruct.tests.test_multichip_decoder:test_multichip_decode_stress_is_deterministic:951 - multichip decode: 20 consecutive steps bit-identical across all 4 dies
PASSED
models/autoports/qwen_qwen3_coder_30b_a3b_instruct/tests/test_multichip_decoder.py::test_no_runtime_fallbacks[blackhole-b1-1x4-device_params0] 2026-08-18 05:32:23.436 | INFO     | conftest:mesh_device:600 - Keeping trace_region_size=90000000 from device_params (already set)
2026-08-18 05:32:23.436 | info     |           Metal | Fabric config changed from FabricConfig::FABRIC_1D_RING to FabricConfig::FABRIC_1D_RING, reinitializing control plane (metal_env.cpp:337)
2026-08-18 05:32:23.436 | info     |     Distributed | Using auto discovery to generate mesh graph. (metal_env.cpp:437)
2026-08-18 05:32:23.436 | info     |     Distributed | Constructing control plane using auto-discovery (no mesh graph descriptor). (metal_env.cpp:499)
2026-08-18 05:32:23.436 | info     |          Fabric | Logical multi-mesh adjacency: intermesh degree histogram {0:1}; intra-mesh degree histograms mesh0 {2:4} (topology_mapper_utils.cpp:3329)
2026-08-18 05:32:23.436 | info     |          Fabric | Physical multi-mesh adjacency: intermesh degree histogram {0:1}; intra-mesh degree histograms mesh0 {2:4} (topology_mapper_utils.cpp:3337)
2026-08-18 05:32:23.485 | warning  |           Metal | Failed to create shared memory /tt_device_154095682331393_memory: Permission denied (memory_stats_shm.cpp:60)
2026-08-18 05:32:23.486 | warning  |           Metal | Failed to create shared memory /tt_device_154095682331392_memory: Permission denied (memory_stats_shm.cpp:60)
2026-08-18 05:32:23.487 | warning  |           Metal | Failed to create shared memory /tt_device_154095682331105_memory: Permission denied (memory_stats_shm.cpp:60)
2026-08-18 05:32:23.487 | warning  |           Metal | Failed to create shared memory /tt_device_154095682331104_memory: Permission denied (memory_stats_shm.cpp:60)
2026-08-18 05:32:23.489 | info     |           Metal | Initializing Fabric (fabric_firmware_initializer.cpp:296)
2026-08-18 05:32:23.504 | info     |           Metal | Fabric initialized on 4 devices (fabric_firmware_initializer.cpp:444)
2026-08-18 05:32:23.504 | info     |           Metal | Fabric Initialized with config FabricConfig::FABRIC_1D_RING (fabric_firmware_initializer.cpp:313)
2026-08-18 05:32:23.568 | DEBUG    | conftest:mesh_device:630 - multidevice with 4 devices is created
2026-08-18 05:32:28.055 | INFO     | autoports.qwen_qwen3_coder_30b_a3b_instruct.tests.test_multichip_decoder:test_no_runtime_fallbacks:971 - multichip fallback audit at batch 1: {'batch': 1, 'dram_sharded_qkv': (2048, 1280), 'dram_sharded_wo': (1024, 2048), 'dram_sharded_taken': True, 'gate_up_in0_block_w': 64, 'down_in0_block_w': 24, 'expert_intermediate_buffer': 'L1', 'local_heads': (8, 1), 'local_experts': 32, 'norm_shard_cores': 8, 'norm_shard_feeds_qkv_directly': True, 'decode_ccl_buffers_persistent': True, 'device_experts_gate_up_dtype': 'DataType.BFLOAT4_B', 'device_experts_down_dtype': 'DataType.BFLOAT4_B', 'device_attention_qkv_dtype': 'DataType.BFLOAT8_B', 'device_attention_wo_dtype': 'DataType.BFLOAT8_B', 'device_attention_qkv_decode_dtype': 'DataType.BFLOAT8_B', 'device_router_dtype': 'DataType.BFLOAT16', 'device_norm_weight_dtype': 'DataType.BFLOAT16', 'device_expert_bytes_per_die': 84934656, 'expert_math_fidelity': 'MathFidelity.LoFi', 'attention_math_fidelity': None, 'router_window_math_fidelity': 'MathFidelity.HiFi4', 'ccl_dtype': 'DataType.BFLOAT16', 'activation_dtype': 'DataType.BFLOAT16'}
PASSED
models/autoports/qwen_qwen3_coder_30b_a3b_instruct/tests/test_optimized_decoder.py::test_optimized_prefill_vs_reference[blackhole-s32-1x1] 2026-08-18 05:32:29.911 | INFO     | conftest:mesh_device:612 - No trace region size for (1, 1)
2026-08-18 05:32:29.959 | warning  |           Metal | Opening subset of mmio devices slows down UMD read/write to remote chips. If opening more devices, consider using CreateDevices API. (device_manager.cpp:264)
2026-08-18 05:32:29.960 | warning  |           Metal | Failed to create shared memory /tt_device_154095682331104_memory: Permission denied (memory_stats_shm.cpp:60)
2026-08-18 05:32:30.594 | DEBUG    | conftest:mesh_device:630 - multidevice with 1 devices is created
2026-08-18 05:32:32.427 | INFO     | autoports.qwen_qwen3_coder_30b_a3b_instruct.tests.test_optimized_decoder:test_optimized_prefill_vs_reference:133 - optimized prefill seq=32: 0.9986983078877577
PASSED
models/autoports/qwen_qwen3_coder_30b_a3b_instruct/tests/test_optimized_decoder.py::test_optimized_vs_functional_precision_delta[blackhole-s128-1x1] 2026-08-18 05:32:32.780 | INFO     | conftest:mesh_device:612 - No trace region size for (1, 1)
2026-08-18 05:32:32.826 | warning  |           Metal | Opening subset of mmio devices slows down UMD read/write to remote chips. If opening more devices, consider using CreateDevices API. (device_manager.cpp:264)
2026-08-18 05:32:32.827 | warning  |           Metal | Failed to create shared memory /tt_device_154095682331104_memory: Permission denied (memory_stats_shm.cpp:60)
2026-08-18 05:32:32.875 | DEBUG    | conftest:mesh_device:630 - multidevice with 1 devices is created
2026-08-18 05:32:36.875 | INFO     | autoports.qwen_qwen3_coder_30b_a3b_instruct.tests.test_optimized_decoder:test_optimized_vs_functional_precision_delta:170 - (False, 'Max ATOL Delta: 0.0302734375, Max RTOL Delta: inf')
2026-08-18 05:32:36.875 | INFO     | autoports.qwen_qwen3_coder_30b_a3b_instruct.tests.test_optimized_decoder:test_optimized_vs_functional_precision_delta:171 - seq=128 optimized vs functional (bf16 vs DataType.BFLOAT4_B): 0.9989845162943563
PASSED
models/autoports/qwen_qwen3_coder_30b_a3b_instruct/tests/test_optimized_decoder.py::test_optimized_router_matches_functional[blackhole-decode-1x1] 2026-08-18 05:32:37.220 | INFO     | conftest:mesh_device:612 - No trace region size for (1, 1)
2026-08-18 05:32:37.266 | warning  |           Metal | Opening subset of mmio devices slows down UMD read/write to remote chips. If opening more devices, consider using CreateDevices API. (device_manager.cpp:264)
2026-08-18 05:32:37.267 | warning  |           Metal | Failed to create shared memory /tt_device_154095682331104_memory: Permission denied (memory_stats_shm.cpp:60)
2026-08-18 05:32:37.315 | DEBUG    | conftest:mesh_device:630 - multidevice with 1 devices is created
2026-08-18 05:32:37.324 | INFO     | autoports.qwen_qwen3_coder_30b_a3b_instruct.tests.test_optimized_decoder:test_optimized_router_matches_functional:204 - router seq=1: max |functional - optimized| = 9.766e-04, weight sums in [1.00488, 1.00488]
PASSED
models/autoports/qwen_qwen3_coder_30b_a3b_instruct/tests/test_optimized_decoder.py::test_optimized_router_padding_is_zero[blackhole-decode-1x1] 2026-08-18 05:32:37.674 | INFO     | conftest:mesh_device:612 - No trace region size for (1, 1)
2026-08-18 05:32:37.720 | warning  |           Metal | Opening subset of mmio devices slows down UMD read/write to remote chips. If opening more devices, consider using CreateDevices API. (device_manager.cpp:264)
2026-08-18 05:32:37.721 | warning  |           Metal | Failed to create shared memory /tt_device_154095682331104_memory: Permission denied (memory_stats_shm.cpp:60)
2026-08-18 05:32:37.768 | DEBUG    | conftest:mesh_device:630 - multidevice with 1 devices is created
2026-08-18 05:32:37.776 | INFO     | autoports.qwen_qwen3_coder_30b_a3b_instruct.tests.test_optimized_decoder:test_optimized_router_padding_is_zero:245 - router seq=1: padded (1, 1, 32, 128), 3968 padding entries, max |pad| = 0.0
PASSED
models/autoports/qwen_qwen3_coder_30b_a3b_instruct/tests/test_optimized_decoder.py::test_optimized_decode_matches_prefill[blackhole-contiguous-1x1] 2026-08-18 05:32:38.127 | INFO     | conftest:mesh_device:612 - No trace region size for (1, 1)
2026-08-18 05:32:38.179 | warning  |           Metal | Opening subset of mmio devices slows down UMD read/write to remote chips. If opening more devices, consider using CreateDevices API. (device_manager.cpp:264)
2026-08-18 05:32:38.180 | warning  |           Metal | Failed to create shared memory /tt_device_154095682331104_memory: Permission denied (memory_stats_shm.cpp:60)
2026-08-18 05:32:38.230 | DEBUG    | conftest:mesh_device:630 - multidevice with 1 devices is created
2026-08-18 05:32:40.067 | INFO     | autoports.qwen_qwen3_coder_30b_a3b_instruct.tests.test_optimized_decoder:test_optimized_decode_matches_prefill:292 - optimized decode [contiguous]: 0.9993006214235667
PASSED
models/autoports/qwen_qwen3_coder_30b_a3b_instruct/tests/test_optimized_decoder.py::test_optimized_multi_step_decode[blackhole-1x1] 2026-08-18 05:32:40.434 | INFO     | conftest:mesh_device:612 - No trace region size for (1, 1)
2026-08-18 05:32:40.481 | warning  |           Metal | Opening subset of mmio devices slows down UMD read/write to remote chips. If opening more devices, consider using CreateDevices API. (device_manager.cpp:264)
2026-08-18 05:32:40.481 | warning  |           Metal | Failed to create shared memory /tt_device_154095682331104_memory: Permission denied (memory_stats_shm.cpp:60)
2026-08-18 05:32:40.531 | DEBUG    | conftest:mesh_device:630 - multidevice with 1 devices is created
2026-08-18 05:32:42.339 | INFO     | autoports.qwen_qwen3_coder_30b_a3b_instruct.tests.test_optimized_decoder:test_optimized_multi_step_decode:332 - optimized decode step 0 (pos 32): 0.9993015592731632
2026-08-18 05:32:42.342 | INFO     | autoports.qwen_qwen3_coder_30b_a3b_instruct.tests.test_optimized_decoder:test_optimized_multi_step_decode:332 - optimized decode step 1 (pos 33): 0.9987682857695582
2026-08-18 05:32:42.346 | INFO     | autoports.qwen_qwen3_coder_30b_a3b_instruct.tests.test_optimized_decoder:test_optimized_multi_step_decode:332 - optimized decode step 2 (pos 34): 0.9994152956546027
2026-08-18 05:32:42.349 | INFO     | autoports.qwen_qwen3_coder_30b_a3b_instruct.tests.test_optimized_decoder:test_optimized_multi_step_decode:332 - optimized decode step 3 (pos 35): 0.9990167171662175
PASSED
models/autoports/qwen_qwen3_coder_30b_a3b_instruct/tests/test_optimized_decoder.py::test_optimized_prefill_is_deterministic[blackhole-1x1] 2026-08-18 05:32:42.700 | INFO     | conftest:mesh_device:612 - No trace region size for (1, 1)
2026-08-18 05:32:42.747 | warning  |           Metal | Opening subset of mmio devices slows down UMD read/write to remote chips. If opening more devices, consider using CreateDevices API. (device_manager.cpp:264)
2026-08-18 05:32:42.748 | warning  |           Metal | Failed to create shared memory /tt_device_154095682331104_memory: Permission denied (memory_stats_shm.cpp:60)
2026-08-18 05:32:42.796 | DEBUG    | conftest:mesh_device:630 - multidevice with 1 devices is created
2026-08-18 05:32:44.506 | INFO     | autoports.qwen_qwen3_coder_30b_a3b_instruct.tests.test_optimized_decoder:test_optimized_prefill_is_deterministic:353 - optimized prefill: 3 runs bit-identical
PASSED
models/autoports/qwen_qwen3_coder_30b_a3b_instruct/tests/test_optimized_decoder.py::test_optimized_decode_is_traceable[blackhole-1x1-device_params0] 2026-08-18 05:32:44.850 | INFO     | conftest:mesh_device:600 - Keeping trace_region_size=50331648 from device_params (already set)
2026-08-18 05:32:44.897 | warning  |           Metal | Opening subset of mmio devices slows down UMD read/write to remote chips. If opening more devices, consider using CreateDevices API. (device_manager.cpp:264)
2026-08-18 05:32:44.897 | warning  |           Metal | Failed to create shared memory /tt_device_154095682331104_memory: Permission denied (memory_stats_shm.cpp:60)
2026-08-18 05:32:44.946 | DEBUG    | conftest:mesh_device:630 - multidevice with 1 devices is created
2026-08-18 05:32:46.659 | INFO     | autoports.qwen_qwen3_coder_30b_a3b_instruct.tests.test_optimized_decoder:test_optimized_decode_is_traceable:393 - optimized traced vs eager: 1.0
2026-08-18 05:32:46.660 | INFO     | autoports.qwen_qwen3_coder_30b_a3b_instruct.tests.test_optimized_decoder:test_optimized_decode_is_traceable:402 - optimized traced replay delta after input swap = 0.387695
PASSED
models/autoports/qwen_qwen3_coder_30b_a3b_instruct/tests/test_optimized_decoder.py::test_optimized_decode_batch[blackhole-b1-1x1] 2026-08-18 05:32:47.006 | INFO     | conftest:mesh_device:612 - No trace region size for (1, 1)
2026-08-18 05:32:47.052 | warning  |           Metal | Opening subset of mmio devices slows down UMD read/write to remote chips. If opening more devices, consider using CreateDevices API. (device_manager.cpp:264)
2026-08-18 05:32:47.053 | warning  |           Metal | Failed to create shared memory /tt_device_154095682331104_memory: Permission denied (memory_stats_shm.cpp:60)
2026-08-18 05:32:47.103 | DEBUG    | conftest:mesh_device:630 - multidevice with 1 devices is created
2026-08-18 05:32:48.996 | INFO     | autoports.qwen_qwen3_coder_30b_a3b_instruct.tests.test_optimized_decoder:test_optimized_decode_batch:498 - optimized decode batch=1 user 0 vs HF: 0.9993015593450881
PASSED
models/autoports/qwen_qwen3_coder_30b_a3b_instruct/tests/test_rmsnorm.py::test_rmsnorm_vs_reference[blackhole-input_s32-1x1] 2026-08-18 05:32:50.151 | INFO     | conftest:mesh_device:612 - No trace region size for (1, 1)
2026-08-18 05:32:50.197 | warning  |           Metal | Opening subset of mmio devices slows down UMD read/write to remote chips. If opening more devices, consider using CreateDevices API. (device_manager.cpp:264)
2026-08-18 05:32:50.198 | warning  |           Metal | Failed to create shared memory /tt_device_154095682331104_memory: Permission denied (memory_stats_shm.cpp:60)
2026-08-18 05:32:50.247 | DEBUG    | conftest:mesh_device:630 - multidevice with 1 devices is created
2026-08-18 05:32:50.248 | INFO     | models.common.modules.lazy_weight:get_device_weight:120 - [32m[cache hit][0m Loading tensor from cache: model_cache/qwen3_coder_30b_a3b/rmsnorm/input_layernorm_L0_srcshape_1_1_64_32_dtype_BFLOAT16_layout_ROW_MAJOR_replicated_device_42.tensorbin
2026-08-18 05:32:50.252 | INFO     | autoports.qwen_qwen3_coder_30b_a3b_instruct.tests.test_rmsnorm:test_rmsnorm_vs_reference:97 - (False, 'Max ATOL Delta: 0.0009765625, Max RTOL Delta: 0.0208740234375')
2026-08-18 05:32:50.252 | INFO     | autoports.qwen_qwen3_coder_30b_a3b_instruct.tests.test_rmsnorm:test_rmsnorm_vs_reference:98 - RMSNorm[input_layernorm] prefill seq=32: 0.9999902539982501
PASSED
models/autoports/qwen_qwen3_coder_30b_a3b_instruct/tests/test_trace.py::test_decode_step_is_traceable[blackhole-1x1-device_params0] 2026-08-18 05:32:52.042 | INFO     | conftest:mesh_device:600 - Keeping trace_region_size=50331648 from device_params (already set)
2026-08-18 05:32:52.087 | warning  |           Metal | Opening subset of mmio devices slows down UMD read/write to remote chips. If opening more devices, consider using CreateDevices API. (device_manager.cpp:264)
2026-08-18 05:32:52.088 | warning  |           Metal | Failed to create shared memory /tt_device_154095682331104_memory: Permission denied (memory_stats_shm.cpp:60)
2026-08-18 05:32:52.137 | DEBUG    | conftest:mesh_device:630 - multidevice with 1 devices is created
2026-08-18 05:32:54.409 | INFO     | autoports.qwen_qwen3_coder_30b_a3b_instruct.tests.test_trace:test_decode_step_is_traceable:129 - (True, 'Max ATOL Delta: 0.0, Max RTOL Delta: 0.0')
2026-08-18 05:32:54.410 | INFO     | autoports.qwen_qwen3_coder_30b_a3b_instruct.tests.test_trace:test_decode_step_is_traceable:130 - traced vs eager: 1.0
2026-08-18 05:32:54.410 | INFO     | autoports.qwen_qwen3_coder_30b_a3b_instruct.tests.test_trace:test_decode_step_is_traceable:134 - traced vs reference: 0.9946808621713572
PASSED
models/autoports/qwen_qwen3_coder_30b_a3b_instruct/tests/test_trace.py::test_traced_replay_follows_new_input[blackhole-1x1-device_params0] 2026-08-18 05:32:54.764 | INFO     | conftest:mesh_device:600 - Keeping trace_region_size=50331648 from device_params (already set)
2026-08-18 05:32:54.810 | warning  |           Metal | Opening subset of mmio devices slows down UMD read/write to remote chips. If opening more devices, consider using CreateDevices API. (device_manager.cpp:264)
2026-08-18 05:32:54.810 | warning  |           Metal | Failed to create shared memory /tt_device_154095682331104_memory: Permission denied (memory_stats_shm.cpp:60)
2026-08-18 05:32:54.859 | DEBUG    | conftest:mesh_device:630 - multidevice with 1 devices is created
2026-08-18 05:32:57.024 | INFO     | autoports.qwen_qwen3_coder_30b_a3b_instruct.tests.test_trace:test_traced_replay_follows_new_input:194 - max|out_a - out_b| after swapping the input token = 0.396484
PASSED
models/autoports/qwen_qwen3_coder_30b_a3b_instruct/tests/test_attention.py::test_attention_prefill_vs_reference[blackhole-s128-1x1] 2026-08-18 05:32:58.335 | INFO     | conftest:mesh_device:612 - No trace region size for (1, 1)
2026-08-18 05:32:58.380 | warning  |           Metal | Opening subset of mmio devices slows down UMD read/write to remote chips. If opening more devices, consider using CreateDevices API. (device_manager.cpp:264)
2026-08-18 05:32:58.381 | warning  |           Metal | Failed to create shared memory /tt_device_154095682331104_memory: Permission denied (memory_stats_shm.cpp:60)
2026-08-18 05:32:58.430 | DEBUG    | conftest:mesh_device:630 - multidevice with 1 devices is created
2026-08-18 05:32:58.494 | INFO     | autoports.qwen_qwen3_coder_30b_a3b_instruct.tests.test_attention:test_attention_prefill_vs_reference:115 - (False, 'Max ATOL Delta: 0.005973741412162781, Max RTOL Delta: 4089.9765625')
2026-08-18 05:32:58.494 | INFO     | autoports.qwen_qwen3_coder_30b_a3b_instruct.tests.test_attention:test_attention_prefill_vs_reference:116 - attention prefill seq=128: 0.999593289421142
PASSED
models/autoports/qwen_qwen3_coder_30b_a3b_instruct/tests/test_attention_decode.py::test_decode_matches_prefill_at_same_position[blackhole-contiguous-p128-1x1] 2026-08-18 05:32:59.799 | INFO     | conftest:mesh_device:612 - No trace region size for (1, 1)
2026-08-18 05:32:59.844 | warning  |           Metal | Opening subset of mmio devices slows down UMD read/write to remote chips. If opening more devices, consider using CreateDevices API. (device_manager.cpp:264)
2026-08-18 05:32:59.844 | warning  |           Metal | Failed to create shared memory /tt_device_154095682331104_memory: Permission denied (memory_stats_shm.cpp:60)
2026-08-18 05:32:59.894 | DEBUG    | conftest:mesh_device:630 - multidevice with 1 devices is created
2026-08-18 05:32:59.966 | INFO     | autoports.qwen_qwen3_coder_30b_a3b_instruct.tests.test_attention_decode:test_decode_matches_prefill_at_same_position:114 - (False, 'Max ATOL Delta: 0.0008259210735559464, Max RTOL Delta: 28.023754119873047')
2026-08-18 05:32:59.966 | INFO     | autoports.qwen_qwen3_coder_30b_a3b_instruct.tests.test_attention_decode:test_decode_matches_prefill_at_same_position:116 - decode at pos 128 [contiguous]: 0.9994144220512609
PASSED
models/autoports/qwen_qwen3_coder_30b_a3b_instruct/tests/test_decoder_layer.py::test_decoder_layer_vs_reference[blackhole-s128-1x1] 2026-08-18 05:33:01.783 | INFO     | conftest:mesh_device:612 - No trace region size for (1, 1)
2026-08-18 05:33:01.829 | warning  |           Metal | Opening subset of mmio devices slows down UMD read/write to remote chips. If opening more devices, consider using CreateDevices API. (device_manager.cpp:264)
2026-08-18 05:33:01.829 | warning  |           Metal | Failed to create shared memory /tt_device_154095682331104_memory: Permission denied (memory_stats_shm.cpp:60)
2026-08-18 05:33:01.878 | DEBUG    | conftest:mesh_device:630 - multidevice with 1 devices is created
2026-08-18 05:33:04.238 | INFO     | autoports.qwen_qwen3_coder_30b_a3b_instruct.tests.test_decoder_layer:test_decoder_layer_vs_reference:112 - (False, 'Max ATOL Delta: 0.029276808723807335, Max RTOL Delta: inf')
2026-08-18 05:33:04.239 | INFO     | autoports.qwen_qwen3_coder_30b_a3b_instruct.tests.test_decoder_layer:test_decoder_layer_vs_reference:113 - decoder layer seq=128: 0.9995151190922138
PASSED
models/autoports/qwen_qwen3_coder_30b_a3b_instruct/tests/test_decoder_layer.py::test_non_aligned_tail_tokens[blackhole-s100-1x1] 2026-08-18 05:33:04.600 | INFO     | conftest:mesh_device:612 - No trace region size for (1, 1)
2026-08-18 05:33:04.646 | warning  |           Metal | Opening subset of mmio devices slows down UMD read/write to remote chips. If opening more devices, consider using CreateDevices API. (device_manager.cpp:264)
2026-08-18 05:33:04.647 | warning  |           Metal | Failed to create shared memory /tt_device_154095682331104_memory: Permission denied (memory_stats_shm.cpp:60)
2026-08-18 05:33:04.696 | DEBUG    | conftest:mesh_device:630 - multidevice with 1 devices is created
2026-08-18 05:33:07.000 | INFO     | autoports.qwen_qwen3_coder_30b_a3b_instruct.tests.test_decoder_layer:test_non_aligned_tail_tokens:143 - seq=100: tail=[0.99979, 0.99982, 0.99986] body_worst=0.99465 median=0.99982
PASSED
models/autoports/qwen_qwen3_coder_30b_a3b_instruct/tests/test_decoder_layer_decode.py::test_decode_layer_matches_prefill[blackhole-contiguous-p128-1x1] 2026-08-18 05:33:08.898 | INFO     | conftest:mesh_device:612 - No trace region size for (1, 1)
2026-08-18 05:33:08.943 | warning  |           Metal | Opening subset of mmio devices slows down UMD read/write to remote chips. If opening more devices, consider using CreateDevices API. (device_manager.cpp:264)
2026-08-18 05:33:08.944 | warning  |           Metal | Failed to create shared memory /tt_device_154095682331104_memory: Permission denied (memory_stats_shm.cpp:60)
2026-08-18 05:33:08.994 | DEBUG    | conftest:mesh_device:630 - multidevice with 1 devices is created
2026-08-18 05:33:11.429 | INFO     | autoports.qwen_qwen3_coder_30b_a3b_instruct.tests.test_decoder_layer_decode:test_decode_layer_matches_prefill:118 - (False, 'Max ATOL Delta: 0.0021971017122268677, Max RTOL Delta: 5.539421081542969')
2026-08-18 05:33:11.429 | INFO     | autoports.qwen_qwen3_coder_30b_a3b_instruct.tests.test_decoder_layer_decode:test_decode_layer_matches_prefill:120 - decode layer at pos 128 [contiguous]: 0.9998858616104674
PASSED
models/autoports/qwen_qwen3_coder_30b_a3b_instruct/tests/test_moe.py::test_router_dense_weights_vs_reference[blackhole-s128-1x1] 2026-08-18 05:33:13.286 | INFO     | conftest:mesh_device:612 - No trace region size for (1, 1)
2026-08-18 05:33:13.332 | warning  |           Metal | Opening subset of mmio devices slows down UMD read/write to remote chips. If opening more devices, consider using CreateDevices API. (device_manager.cpp:264)
2026-08-18 05:33:13.333 | warning  |           Metal | Failed to create shared memory /tt_device_154095682331104_memory: Permission denied (memory_stats_shm.cpp:60)
2026-08-18 05:33:13.382 | DEBUG    | conftest:mesh_device:630 - multidevice with 1 devices is created
2026-08-18 05:33:13.392 | INFO     | autoports.qwen_qwen3_coder_30b_a3b_instruct.tests.test_moe:test_router_dense_weights_vs_reference:92 - (False, 'Max ATOL Delta: 0.1240234375, Max RTOL Delta: nan')
2026-08-18 05:33:13.392 | INFO     | autoports.qwen_qwen3_coder_30b_a3b_instruct.tests.test_moe:test_router_dense_weights_vs_reference:93 - router dense seq=128: 0.9949131274392454
PASSED
models/autoports/qwen_qwen3_coder_30b_a3b_instruct/tests/test_moe.py::test_experts_with_reference_routing[blackhole-s128-1x1] 2026-08-18 05:33:13.743 | INFO     | conftest:mesh_device:612 - No trace region size for (1, 1)
2026-08-18 05:33:13.789 | warning  |           Metal | Opening subset of mmio devices slows down UMD read/write to remote chips. If opening more devices, consider using CreateDevices API. (device_manager.cpp:264)
2026-08-18 05:33:13.790 | warning  |           Metal | Failed to create shared memory /tt_device_154095682331104_memory: Permission denied (memory_stats_shm.cpp:60)
2026-08-18 05:33:13.838 | DEBUG    | conftest:mesh_device:630 - multidevice with 1 devices is created
2026-08-18 05:33:16.079 | INFO     | autoports.qwen_qwen3_coder_30b_a3b_instruct.tests.test_moe:test_experts_with_reference_routing:185 - (False, 'Max ATOL Delta: 0.00013723550364375114, Max RTOL Delta: inf')
2026-08-18 05:33:16.079 | INFO     | autoports.qwen_qwen3_coder_30b_a3b_instruct.tests.test_moe:test_experts_with_reference_routing:186 - experts (reference routing) seq=128: 0.9998037048111582
PASSED
models/autoports/qwen_qwen3_coder_30b_a3b_instruct/tests/test_moe.py::test_moe_block_end_to_end[blackhole-s128-1x1] 2026-08-18 05:33:16.437 | INFO     | conftest:mesh_device:612 - No trace region size for (1, 1)
2026-08-18 05:33:16.489 | warning  |           Metal | Opening subset of mmio devices slows down UMD read/write to remote chips. If opening more devices, consider using CreateDevices API. (device_manager.cpp:264)
2026-08-18 05:33:16.490 | warning  |           Metal | Failed to create shared memory /tt_device_154095682331104_memory: Permission denied (memory_stats_shm.cpp:60)
2026-08-18 05:33:16.540 | DEBUG    | conftest:mesh_device:630 - multidevice with 1 devices is created
2026-08-18 05:33:18.817 | INFO     | autoports.qwen_qwen3_coder_30b_a3b_instruct.tests.test_moe:test_moe_block_end_to_end:217 - (False, 'Max ATOL Delta: 0.00022039783652871847, Max RTOL Delta: inf')
2026-08-18 05:33:18.817 | INFO     | autoports.qwen_qwen3_coder_30b_a3b_instruct.tests.test_moe:test_moe_block_end_to_end:218 - MoE block end-to-end seq=128: 0.9981134841478666
PASSED
models/autoports/qwen_qwen3_coder_30b_a3b_instruct/tests/test_multichip_decoder.py::test_topk_is_identical_across_dies[blackhole-1-1x4-device_params0] 2026-08-18 05:33:20.739 | INFO     | conftest:mesh_device:600 - Keeping trace_region_size=90000000 from device_params (already set)
2026-08-18 05:33:20.740 | info     |           Metal | Fabric config changed from FabricConfig::FABRIC_1D_RING to FabricConfig::FABRIC_1D_RING, reinitializing control plane (metal_env.cpp:337)
2026-08-18 05:33:20.740 | info     |     Distributed | Using auto discovery to generate mesh graph. (metal_env.cpp:437)
2026-08-18 05:33:20.740 | info     |     Distributed | Constructing control plane using auto-discovery (no mesh graph descriptor). (metal_env.cpp:499)
2026-08-18 05:33:20.740 | info     |          Fabric | Logical multi-mesh adjacency: intermesh degree histogram {0:1}; intra-mesh degree histograms mesh0 {2:4} (topology_mapper_utils.cpp:3329)
2026-08-18 05:33:20.740 | info     |          Fabric | Physical multi-mesh adjacency: intermesh degree histogram {0:1}; intra-mesh degree histograms mesh0 {2:4} (topology_mapper_utils.cpp:3337)
2026-08-18 05:33:20.787 | warning  |           Metal | Failed to create shared memory /tt_device_154095682331393_memory: Permission denied (memory_stats_shm.cpp:60)
2026-08-18 05:33:20.787 | warning  |           Metal | Failed to create shared memory /tt_device_154095682331392_memory: Permission denied (memory_stats_shm.cpp:60)
2026-08-18 05:33:20.788 | warning  |           Metal | Failed to create shared memory /tt_device_154095682331105_memory: Permission denied (memory_stats_shm.cpp:60)
2026-08-18 05:33:20.788 | warning  |           Metal | Failed to create shared memory /tt_device_154095682331104_memory: Permission denied (memory_stats_shm.cpp:60)
2026-08-18 05:33:20.791 | info     |           Metal | Initializing Fabric (fabric_firmware_initializer.cpp:296)
2026-08-18 05:33:20.806 | info     |           Metal | Fabric initialized on 4 devices (fabric_firmware_initializer.cpp:444)
2026-08-18 05:33:20.806 | info     |           Metal | Fabric Initialized with config FabricConfig::FABRIC_1D_RING (fabric_firmware_initializer.cpp:313)
2026-08-18 05:33:21.461 | DEBUG    | conftest:mesh_device:630 - multidevice with 4 devices is created
2026-08-18 05:33:25.930 | INFO     | autoports.qwen_qwen3_coder_30b_a3b_instruct.tests.test_multichip_decoder:test_topk_is_identical_across_dies:292 - topk seed=1: 4 dies bit-identical over 1024 selections
PASSED
models/autoports/qwen_qwen3_coder_30b_a3b_instruct/tests/test_multichip_decoder.py::test_router_windows_partition_global_routing[blackhole-s33-1x4-device_params0] 2026-08-18 05:33:26.291 | INFO     | conftest:mesh_device:600 - Keeping trace_region_size=90000000 from device_params (already set)
2026-08-18 05:33:26.292 | info     |           Metal | Fabric config changed from FabricConfig::FABRIC_1D_RING to FabricConfig::FABRIC_1D_RING, reinitializing control plane (metal_env.cpp:337)
2026-08-18 05:33:26.292 | info     |     Distributed | Using auto discovery to generate mesh graph. (metal_env.cpp:437)
2026-08-18 05:33:26.292 | info     |     Distributed | Constructing control plane using auto-discovery (no mesh graph descriptor). (metal_env.cpp:499)
2026-08-18 05:33:26.292 | info     |          Fabric | Logical multi-mesh adjacency: intermesh degree histogram {0:1}; intra-mesh degree histograms mesh0 {2:4} (topology_mapper_utils.cpp:3329)
2026-08-18 05:33:26.292 | info     |          Fabric | Physical multi-mesh adjacency: intermesh degree histogram {0:1}; intra-mesh degree histograms mesh0 {2:4} (topology_mapper_utils.cpp:3337)
2026-08-18 05:33:26.339 | warning  |           Metal | Failed to create shared memory /tt_device_154095682331393_memory: Permission denied (memory_stats_shm.cpp:60)
2026-08-18 05:33:26.340 | warning  |           Metal | Failed to create shared memory /tt_device_154095682331392_memory: Permission denied (memory_stats_shm.cpp:60)
2026-08-18 05:33:26.340 | warning  |           Metal | Failed to create shared memory /tt_device_154095682331105_memory: Permission denied (memory_stats_shm.cpp:60)
2026-08-18 05:33:26.341 | warning  |           Metal | Failed to create shared memory /tt_device_154095682331104_memory: Permission denied (memory_stats_shm.cpp:60)
2026-08-18 05:33:26.343 | info     |           Metal | Initializing Fabric (fabric_firmware_initializer.cpp:296)
2026-08-18 05:33:26.358 | info     |           Metal | Fabric initialized on 4 devices (fabric_firmware_initializer.cpp:444)
2026-08-18 05:33:26.358 | info     |           Metal | Fabric Initialized with config FabricConfig::FABRIC_1D_RING (fabric_firmware_initializer.cpp:313)
2026-08-18 05:33:26.422 | DEBUG    | conftest:mesh_device:630 - multidevice with 4 devices is created
2026-08-18 05:33:30.948 | INFO     | autoports.qwen_qwen3_coder_30b_a3b_instruct.tests.test_multichip_decoder:test_router_windows_partition_global_routing:319 - router windows seq=33: max |stitched - global| = 0.000e+00
PASSED
models/autoports/qwen_qwen3_coder_30b_a3b_instruct/tests/test_multichip_decoder.py::test_multichip_prefill_vs_single_chip[blackhole-s128-1x4-device_params0] 2026-08-18 05:33:31.309 | INFO     | conftest:mesh_device:600 - Keeping trace_region_size=90000000 from device_params (already set)
2026-08-18 05:33:31.309 | info     |           Metal | Fabric config changed from FabricConfig::FABRIC_1D_RING to FabricConfig::FABRIC_1D_RING, reinitializing control plane (metal_env.cpp:337)
2026-08-18 05:33:31.309 | info     |     Distributed | Using auto discovery to generate mesh graph. (metal_env.cpp:437)
2026-08-18 05:33:31.309 | info     |     Distributed | Constructing control plane using auto-discovery (no mesh graph descriptor). (metal_env.cpp:499)
2026-08-18 05:33:31.310 | info     |          Fabric | Logical multi-mesh adjacency: intermesh degree histogram {0:1}; intra-mesh degree histograms mesh0 {2:4} (topology_mapper_utils.cpp:3329)
2026-08-18 05:33:31.310 | info     |          Fabric | Physical multi-mesh adjacency: intermesh degree histogram {0:1}; intra-mesh degree histograms mesh0 {2:4} (topology_mapper_utils.cpp:3337)
2026-08-18 05:33:31.357 | warning  |           Metal | Failed to create shared memory /tt_device_154095682331393_memory: Permission denied (memory_stats_shm.cpp:60)
2026-08-18 05:33:31.358 | warning  |           Metal | Failed to create shared memory /tt_device_154095682331392_memory: Permission denied (memory_stats_shm.cpp:60)
2026-08-18 05:33:31.359 | warning  |           Metal | Failed to create shared memory /tt_device_154095682331105_memory: Permission denied (memory_stats_shm.cpp:60)
2026-08-18 05:33:31.359 | warning  |           Metal | Failed to create shared memory /tt_device_154095682331104_memory: Permission denied (memory_stats_shm.cpp:60)
2026-08-18 05:33:31.361 | info     |           Metal | Initializing Fabric (fabric_firmware_initializer.cpp:296)
2026-08-18 05:33:31.376 | info     |           Metal | Fabric initialized on 4 devices (fabric_firmware_initializer.cpp:444)
2026-08-18 05:33:31.376 | info     |           Metal | Fabric Initialized with config FabricConfig::FABRIC_1D_RING (fabric_firmware_initializer.cpp:313)
2026-08-18 05:33:32.032 | DEBUG    | conftest:mesh_device:630 - multidevice with 4 devices is created
2026-08-18 05:33:36.653 | INFO     | autoports.qwen_qwen3_coder_30b_a3b_instruct.tests.test_multichip_decoder:test_multichip_prefill_vs_single_chip:351 - multichip prefill S=128 vs single-chip TTNN: 0.9998520985932086
PASSED
models/autoports/qwen_qwen3_coder_30b_a3b_instruct/tests/test_multichip_decoder.py::test_multichip_prefill_vs_hf[blackhole-s33-1x4-device_params0] 2026-08-18 05:33:37.005 | INFO     | conftest:mesh_device:600 - Keeping trace_region_size=90000000 from device_params (already set)
2026-08-18 05:33:37.005 | info     |           Metal | Fabric config changed from FabricConfig::FABRIC_1D_RING to FabricConfig::FABRIC_1D_RING, reinitializing control plane (metal_env.cpp:337)
2026-08-18 05:33:37.005 | info     |     Distributed | Using auto discovery to generate mesh graph. (metal_env.cpp:437)
2026-08-18 05:33:37.005 | info     |     Distributed | Constructing control plane using auto-discovery (no mesh graph descriptor). (metal_env.cpp:499)
2026-08-18 05:33:37.005 | info     |          Fabric | Logical multi-mesh adjacency: intermesh degree histogram {0:1}; intra-mesh degree histograms mesh0 {2:4} (topology_mapper_utils.cpp:3329)
2026-08-18 05:33:37.005 | info     |          Fabric | Physical multi-mesh adjacency: intermesh degree histogram {0:1}; intra-mesh degree histograms mesh0 {2:4} (topology_mapper_utils.cpp:3337)
2026-08-18 05:33:37.053 | warning  |           Metal | Failed to create shared memory /tt_device_154095682331393_memory: Permission denied (memory_stats_shm.cpp:60)
2026-08-18 05:33:37.053 | warning  |           Metal | Failed to create shared memory /tt_device_154095682331392_memory: Permission denied (memory_stats_shm.cpp:60)
2026-08-18 05:33:37.054 | warning  |           Metal | Failed to create shared memory /tt_device_154095682331105_memory: Permission denied (memory_stats_shm.cpp:60)
2026-08-18 05:33:37.054 | warning  |           Metal | Failed to create shared memory /tt_device_154095682331104_memory: Permission denied (memory_stats_shm.cpp:60)
2026-08-18 05:33:37.057 | info     |           Metal | Initializing Fabric (fabric_firmware_initializer.cpp:296)
2026-08-18 05:33:37.071 | info     |           Metal | Fabric initialized on 4 devices (fabric_firmware_initializer.cpp:444)
2026-08-18 05:33:37.071 | info     |           Metal | Fabric Initialized with config FabricConfig::FABRIC_1D_RING (fabric_firmware_initializer.cpp:313)
2026-08-18 05:33:37.135 | DEBUG    | conftest:mesh_device:630 - multidevice with 4 devices is created
2026-08-18 05:33:41.801 | INFO     | autoports.qwen_qwen3_coder_30b_a3b_instruct.tests.test_multichip_decoder:test_multichip_prefill_vs_hf:365 - multichip prefill S=33 vs HF: 0.9989603338857946
PASSED
models/autoports/qwen_qwen3_coder_30b_a3b_instruct/tests/test_multichip_decoder.py::test_multichip_decode_vs_single_chip[blackhole-paged32-1x4-device_params0] 2026-08-18 05:33:42.178 | INFO     | conftest:mesh_device:600 - Keeping trace_region_size=90000000 from device_params (already set)
2026-08-18 05:33:42.178 | info     |           Metal | Fabric config changed from FabricConfig::FABRIC_1D_RING to FabricConfig::FABRIC_1D_RING, reinitializing control plane (metal_env.cpp:337)
2026-08-18 05:33:42.178 | info     |     Distributed | Using auto discovery to generate mesh graph. (metal_env.cpp:437)
2026-08-18 05:33:42.178 | info     |     Distributed | Constructing control plane using auto-discovery (no mesh graph descriptor). (metal_env.cpp:499)
2026-08-18 05:33:42.178 | info     |          Fabric | Logical multi-mesh adjacency: intermesh degree histogram {0:1}; intra-mesh degree histograms mesh0 {2:4} (topology_mapper_utils.cpp:3329)
2026-08-18 05:33:42.178 | info     |          Fabric | Physical multi-mesh adjacency: intermesh degree histogram {0:1}; intra-mesh degree histograms mesh0 {2:4} (topology_mapper_utils.cpp:3337)
2026-08-18 05:33:42.225 | warning  |           Metal | Failed to create shared memory /tt_device_154095682331393_memory: Permission denied (memory_stats_shm.cpp:60)
2026-08-18 05:33:42.226 | warning  |           Metal | Failed to create shared memory /tt_device_154095682331392_memory: Permission denied (memory_stats_shm.cpp:60)
2026-08-18 05:33:42.226 | warning  |           Metal | Failed to create shared memory /tt_device_154095682331105_memory: Permission denied (memory_stats_shm.cpp:60)
2026-08-18 05:33:42.227 | warning  |           Metal | Failed to create shared memory /tt_device_154095682331104_memory: Permission denied (memory_stats_shm.cpp:60)
2026-08-18 05:33:42.229 | info     |           Metal | Initializing Fabric (fabric_firmware_initializer.cpp:296)
2026-08-18 05:33:42.243 | info     |           Metal | Fabric initialized on 4 devices (fabric_firmware_initializer.cpp:444)
2026-08-18 05:33:42.243 | info     |           Metal | Fabric Initialized with config FabricConfig::FABRIC_1D_RING (fabric_firmware_initializer.cpp:313)
2026-08-18 05:33:42.308 | DEBUG    | conftest:mesh_device:630 - multidevice with 4 devices is created
2026-08-18 05:33:46.908 | INFO     | autoports.qwen_qwen3_coder_30b_a3b_instruct.tests.test_multichip_decoder:test_multichip_decode_vs_single_chip:474 - multichip decode [paged(32)] vs single-chip TTNN: 0.9999462358865183
PASSED
models/autoports/qwen_qwen3_coder_30b_a3b_instruct/tests/test_multichip_decoder.py::test_multichip_decode_batch[blackhole-b2-1x4-device_params0] 2026-08-18 05:33:47.264 | INFO     | conftest:mesh_device:600 - Keeping trace_region_size=90000000 from device_params (already set)
2026-08-18 05:33:47.264 | info     |           Metal | Fabric config changed from FabricConfig::FABRIC_1D_RING to FabricConfig::FABRIC_1D_RING, reinitializing control plane (metal_env.cpp:337)
2026-08-18 05:33:47.264 | info     |     Distributed | Using auto discovery to generate mesh graph. (metal_env.cpp:437)
2026-08-18 05:33:47.264 | info     |     Distributed | Constructing control plane using auto-discovery (no mesh graph descriptor). (metal_env.cpp:499)
2026-08-18 05:33:47.265 | info     |          Fabric | Logical multi-mesh adjacency: intermesh degree histogram {0:1}; intra-mesh degree histograms mesh0 {2:4} (topology_mapper_utils.cpp:3329)
2026-08-18 05:33:47.265 | info     |          Fabric | Physical multi-mesh adjacency: intermesh degree histogram {0:1}; intra-mesh degree histograms mesh0 {2:4} (topology_mapper_utils.cpp:3337)
2026-08-18 05:33:47.312 | warning  |           Metal | Failed to create shared memory /tt_device_154095682331393_memory: Permission denied (memory_stats_shm.cpp:60)
2026-08-18 05:33:47.313 | warning  |           Metal | Failed to create shared memory /tt_device_154095682331392_memory: Permission denied (memory_stats_shm.cpp:60)
2026-08-18 05:33:47.314 | warning  |           Metal | Failed to create shared memory /tt_device_154095682331105_memory: Permission denied (memory_stats_shm.cpp:60)
2026-08-18 05:33:47.314 | warning  |           Metal | Failed to create shared memory /tt_device_154095682331104_memory: Permission denied (memory_stats_shm.cpp:60)
2026-08-18 05:33:47.316 | info     |           Metal | Initializing Fabric (fabric_firmware_initializer.cpp:296)
2026-08-18 05:33:47.330 | info     |           Metal | Fabric initialized on 4 devices (fabric_firmware_initializer.cpp:444)
2026-08-18 05:33:47.330 | info     |           Metal | Fabric Initialized with config FabricConfig::FABRIC_1D_RING (fabric_firmware_initializer.cpp:313)
2026-08-18 05:33:47.394 | DEBUG    | conftest:mesh_device:630 - multidevice with 4 devices is created
2026-08-18 05:33:52.049 | INFO     | autoports.qwen_qwen3_coder_30b_a3b_instruct.tests.test_multichip_decoder:test_multichip_decode_batch:627 - multichip decode batch=2 user 0 vs HF: 0.999242171059683
2026-08-18 05:33:52.130 | INFO     | autoports.qwen_qwen3_coder_30b_a3b_instruct.tests.test_multichip_decoder:test_multichip_decode_batch:627 - multichip decode batch=2 user 1 vs HF: 0.9994504031835427
PASSED
models/autoports/qwen_qwen3_coder_30b_a3b_instruct/tests/test_multichip_decoder.py::test_decode_output_layout_matches_input[blackhole-b8-1x4-device_params0] 2026-08-18 05:33:52.492 | INFO     | conftest:mesh_device:600 - Keeping trace_region_size=90000000 from device_params (already set)
2026-08-18 05:33:52.493 | info     |           Metal | Fabric config changed from FabricConfig::FABRIC_1D_RING to FabricConfig::FABRIC_1D_RING, reinitializing control plane (metal_env.cpp:337)
2026-08-18 05:33:52.493 | info     |     Distributed | Using auto discovery to generate mesh graph. (metal_env.cpp:437)
2026-08-18 05:33:52.493 | info     |     Distributed | Constructing control plane using auto-discovery (no mesh graph descriptor). (metal_env.cpp:499)
2026-08-18 05:33:52.493 | info     |          Fabric | Logical multi-mesh adjacency: intermesh degree histogram {0:1}; intra-mesh degree histograms mesh0 {2:4} (topology_mapper_utils.cpp:3329)
2026-08-18 05:33:52.493 | info     |          Fabric | Physical multi-mesh adjacency: intermesh degree histogram {0:1}; intra-mesh degree histograms mesh0 {2:4} (topology_mapper_utils.cpp:3337)
2026-08-18 05:33:52.542 | warning  |           Metal | Failed to create shared memory /tt_device_154095682331393_memory: Permission denied (memory_stats_shm.cpp:60)
2026-08-18 05:33:52.542 | warning  |           Metal | Failed to create shared memory /tt_device_154095682331392_memory: Permission denied (memory_stats_shm.cpp:60)
2026-08-18 05:33:52.543 | warning  |           Metal | Failed to create shared memory /tt_device_154095682331105_memory: Permission denied (memory_stats_shm.cpp:60)
2026-08-18 05:33:52.544 | warning  |           Metal | Failed to create shared memory /tt_device_154095682331104_memory: Permission denied (memory_stats_shm.cpp:60)
2026-08-18 05:33:52.545 | info     |           Metal | Initializing Fabric (fabric_firmware_initializer.cpp:296)
2026-08-18 05:33:52.560 | info     |           Metal | Fabric initialized on 4 devices (fabric_firmware_initializer.cpp:444)
2026-08-18 05:33:52.560 | info     |           Metal | Fabric Initialized with config FabricConfig::FABRIC_1D_RING (fabric_firmware_initializer.cpp:313)
2026-08-18 05:33:52.638 | DEBUG    | conftest:mesh_device:630 - multidevice with 4 devices is created
PASSED
models/autoports/qwen_qwen3_coder_30b_a3b_instruct/tests/test_multichip_decoder.py::test_no_runtime_fallbacks[blackhole-b32-1x4-device_params0] 2026-08-18 05:33:57.527 | INFO     | conftest:mesh_device:600 - Keeping trace_region_size=90000000 from device_params (already set)
2026-08-18 05:33:57.528 | info     |           Metal | Fabric config changed from FabricConfig::FABRIC_1D_RING to FabricConfig::FABRIC_1D_RING, reinitializing control plane (metal_env.cpp:337)
2026-08-18 05:33:57.528 | info     |     Distributed | Using auto discovery to generate mesh graph. (metal_env.cpp:437)
2026-08-18 05:33:57.528 | info     |     Distributed | Constructing control plane using auto-discovery (no mesh graph descriptor). (metal_env.cpp:499)
2026-08-18 05:33:57.528 | info     |          Fabric | Logical multi-mesh adjacency: intermesh degree histogram {0:1}; intra-mesh degree histograms mesh0 {2:4} (topology_mapper_utils.cpp:3329)
2026-08-18 05:33:57.528 | info     |          Fabric | Physical multi-mesh adjacency: intermesh degree histogram {0:1}; intra-mesh degree histograms mesh0 {2:4} (topology_mapper_utils.cpp:3337)
2026-08-18 05:33:57.578 | warning  |           Metal | Failed to create shared memory /tt_device_154095682331393_memory: Permission denied (memory_stats_shm.cpp:60)
2026-08-18 05:33:57.578 | warning  |           Metal | Failed to create shared memory /tt_device_154095682331392_memory: Permission denied (memory_stats_shm.cpp:60)
2026-08-18 05:33:57.579 | warning  |           Metal | Failed to create shared memory /tt_device_154095682331105_memory: Permission denied (memory_stats_shm.cpp:60)
2026-08-18 05:33:57.579 | warning  |           Metal | Failed to create shared memory /tt_device_154095682331104_memory: Permission denied (memory_stats_shm.cpp:60)
2026-08-18 05:33:57.581 | info     |           Metal | Initializing Fabric (fabric_firmware_initializer.cpp:296)
2026-08-18 05:33:57.596 | info     |           Metal | Fabric initialized on 4 devices (fabric_firmware_initializer.cpp:444)
2026-08-18 05:33:57.596 | info     |           Metal | Fabric Initialized with config FabricConfig::FABRIC_1D_RING (fabric_firmware_initializer.cpp:313)
2026-08-18 05:33:57.662 | DEBUG    | conftest:mesh_device:630 - multidevice with 4 devices is created
2026-08-18 05:34:02.155 | INFO     | autoports.qwen_qwen3_coder_30b_a3b_instruct.tests.test_multichip_decoder:test_no_runtime_fallbacks:971 - multichip fallback audit at batch 32: {'batch': 32, 'dram_sharded_qkv': (2048, 1280), 'dram_sharded_wo': (1024, 2048), 'dram_sharded_taken': True, 'gate_up_in0_block_w': 64, 'down_in0_block_w': 24, 'expert_intermediate_buffer': 'DRAM', 'local_heads': (8, 1), 'local_experts': 32, 'norm_shard_cores': 8, 'norm_shard_feeds_qkv_directly': True, 'decode_ccl_buffers_persistent': True, 'device_experts_gate_up_dtype': 'DataType.BFLOAT4_B', 'device_experts_down_dtype': 'DataType.BFLOAT4_B', 'device_attention_qkv_dtype': 'DataType.BFLOAT8_B', 'device_attention_wo_dtype': 'DataType.BFLOAT8_B', 'device_attention_qkv_decode_dtype': 'DataType.BFLOAT8_B', 'device_router_dtype': 'DataType.BFLOAT16', 'device_norm_weight_dtype': 'DataType.BFLOAT16', 'device_expert_bytes_per_die': 84934656, 'expert_math_fidelity': 'MathFidelity.LoFi', 'attention_math_fidelity': None, 'router_window_math_fidelity': 'MathFidelity.HiFi4', 'ccl_dtype': 'DataType.BFLOAT16', 'activation_dtype': 'DataType.BFLOAT16'}
PASSED
models/autoports/qwen_qwen3_coder_30b_a3b_instruct/tests/test_optimized_decoder.py::test_optimized_prefill_vs_reference[blackhole-s128-1x1] 2026-08-18 05:34:04.116 | INFO     | conftest:mesh_device:612 - No trace region size for (1, 1)
2026-08-18 05:34:04.163 | warning  |           Metal | Opening subset of mmio devices slows down UMD read/write to remote chips. If opening more devices, consider using CreateDevices API. (device_manager.cpp:264)
2026-08-18 05:34:04.164 | warning  |           Metal | Failed to create shared memory /tt_device_154095682331104_memory: Permission denied (memory_stats_shm.cpp:60)
2026-08-18 05:34:04.214 | DEBUG    | conftest:mesh_device:630 - multidevice with 1 devices is created
2026-08-18 05:34:06.066 | INFO     | autoports.qwen_qwen3_coder_30b_a3b_instruct.tests.test_optimized_decoder:test_optimized_prefill_vs_reference:133 - optimized prefill seq=128: 0.9990056768864599
PASSED
models/autoports/qwen_qwen3_coder_30b_a3b_instruct/tests/test_optimized_decoder.py::test_optimized_vs_functional_precision_delta[blackhole-s33-1x1] 2026-08-18 05:34:06.415 | INFO     | conftest:mesh_device:612 - No trace region size for (1, 1)
2026-08-18 05:34:06.462 | warning  |           Metal | Opening subset of mmio devices slows down UMD read/write to remote chips. If opening more devices, consider using CreateDevices API. (device_manager.cpp:264)
2026-08-18 05:34:06.462 | warning  |           Metal | Failed to create shared memory /tt_device_154095682331104_memory: Permission denied (memory_stats_shm.cpp:60)
2026-08-18 05:34:06.512 | DEBUG    | conftest:mesh_device:630 - multidevice with 1 devices is created
2026-08-18 05:34:10.360 | INFO     | autoports.qwen_qwen3_coder_30b_a3b_instruct.tests.test_optimized_decoder:test_optimized_vs_functional_precision_delta:170 - (False, 'Max ATOL Delta: 0.029296875, Max RTOL Delta: inf')
2026-08-18 05:34:10.361 | INFO     | autoports.qwen_qwen3_coder_30b_a3b_instruct.tests.test_optimized_decoder:test_optimized_vs_functional_precision_delta:171 - seq=33 optimized vs functional (bf16 vs DataType.BFLOAT4_B): 0.9986686780881959
PASSED
models/autoports/qwen_qwen3_coder_30b_a3b_instruct/tests/test_optimized_decoder.py::test_optimized_router_matches_functional[blackhole-s128-1x1] 2026-08-18 05:34:10.719 | INFO     | conftest:mesh_device:612 - No trace region size for (1, 1)
2026-08-18 05:34:10.767 | warning  |           Metal | Opening subset of mmio devices slows down UMD read/write to remote chips. If opening more devices, consider using CreateDevices API. (device_manager.cpp:264)
2026-08-18 05:34:10.767 | warning  |           Metal | Failed to create shared memory /tt_device_154095682331104_memory: Permission denied (memory_stats_shm.cpp:60)
2026-08-18 05:34:10.818 | DEBUG    | conftest:mesh_device:630 - multidevice with 1 devices is created
2026-08-18 05:34:10.829 | INFO     | autoports.qwen_qwen3_coder_30b_a3b_instruct.tests.test_optimized_decoder:test_optimized_router_matches_functional:204 - router seq=128: max |functional - optimized| = 9.766e-04, weight sums in [0.99561, 1.00635]
PASSED
models/autoports/qwen_qwen3_coder_30b_a3b_instruct/tests/test_optimized_decoder.py::test_optimized_router_padding_is_zero[blackhole-s33-1x1] 2026-08-18 05:34:11.183 | INFO     | conftest:mesh_device:612 - No trace region size for (1, 1)
2026-08-18 05:34:11.229 | warning  |           Metal | Opening subset of mmio devices slows down UMD read/write to remote chips. If opening more devices, consider using CreateDevices API. (device_manager.cpp:264)
2026-08-18 05:34:11.230 | warning  |           Metal | Failed to create shared memory /tt_device_154095682331104_memory: Permission denied (memory_stats_shm.cpp:60)
2026-08-18 05:34:11.281 | DEBUG    | conftest:mesh_device:630 - multidevice with 1 devices is created
2026-08-18 05:34:11.289 | INFO     | autoports.qwen_qwen3_coder_30b_a3b_instruct.tests.test_optimized_decoder:test_optimized_router_padding_is_zero:245 - router seq=33: padded (1, 1, 64, 128), 3968 padding entries, max |pad| = 0.0
PASSED
models/autoports/qwen_qwen3_coder_30b_a3b_instruct/tests/test_optimized_decoder.py::test_optimized_decode_matches_prefill[blackhole-paged32-1x1] 2026-08-18 05:34:11.659 | INFO     | conftest:mesh_device:612 - No trace region size for (1, 1)
2026-08-18 05:34:11.704 | warning  |           Metal | Opening subset of mmio devices slows down UMD read/write to remote chips. If opening more devices, consider using CreateDevices API. (device_manager.cpp:264)
2026-08-18 05:34:11.705 | warning  |           Metal | Failed to create shared memory /tt_device_154095682331104_memory: Permission denied (memory_stats_shm.cpp:60)
2026-08-18 05:34:11.756 | DEBUG    | conftest:mesh_device:630 - multidevice with 1 devices is created
2026-08-18 05:34:13.590 | INFO     | autoports.qwen_qwen3_coder_30b_a3b_instruct.tests.test_optimized_decoder:test_optimized_decode_matches_prefill:292 - optimized decode [paged(32)]: 0.9993015593450881
PASSED
models/autoports/qwen_qwen3_coder_30b_a3b_instruct/tests/test_optimized_decoder.py::test_optimized_decode_batch[blackhole-b2-1x1] 2026-08-18 05:34:13.944 | INFO     | conftest:mesh_device:612 - No trace region size for (1, 1)
2026-08-18 05:34:13.990 | warning  |           Metal | Opening subset of mmio devices slows down UMD read/write to remote chips. If opening more devices, consider using CreateDevices API. (device_manager.cpp:264)
2026-08-18 05:34:13.991 | warning  |           Metal | Failed to create shared memory /tt_device_154095682331104_memory: Permission denied (memory_stats_shm.cpp:60)
2026-08-18 05:34:14.041 | DEBUG    | conftest:mesh_device:630 - multidevice with 1 devices is created
2026-08-18 05:34:15.933 | INFO     | autoports.qwen_qwen3_coder_30b_a3b_instruct.tests.test_optimized_decoder:test_optimized_decode_batch:498 - optimized decode batch=2 user 0 vs HF: 0.9993015593450881
2026-08-18 05:34:16.012 | INFO     | autoports.qwen_qwen3_coder_30b_a3b_instruct.tests.test_optimized_decoder:test_optimized_decode_batch:498 - optimized decode batch=2 user 1 vs HF: 0.9994934633239579
PASSED
models/autoports/qwen_qwen3_coder_30b_a3b_instruct/tests/test_rmsnorm.py::test_rmsnorm_vs_reference[blackhole-input_s128-1x1] 2026-08-18 05:34:17.167 | INFO     | conftest:mesh_device:612 - No trace region size for (1, 1)
2026-08-18 05:34:17.214 | warning  |           Metal | Opening subset of mmio devices slows down UMD read/write to remote chips. If opening more devices, consider using CreateDevices API. (device_manager.cpp:264)
2026-08-18 05:34:17.214 | warning  |           Metal | Failed to create shared memory /tt_device_154095682331104_memory: Permission denied (memory_stats_shm.cpp:60)
2026-08-18 05:34:17.265 | DEBUG    | conftest:mesh_device:630 - multidevice with 1 devices is created
2026-08-18 05:34:17.266 | INFO     | models.common.modules.lazy_weight:get_device_weight:120 - [32m[cache hit][0m Loading tensor from cache: model_cache/qwen3_coder_30b_a3b/rmsnorm/input_layernorm_L0_srcshape_1_1_64_32_dtype_BFLOAT16_layout_ROW_MAJOR_replicated_device_67.tensorbin
2026-08-18 05:34:17.269 | INFO     | autoports.qwen_qwen3_coder_30b_a3b_instruct.tests.test_rmsnorm:test_rmsnorm_vs_reference:97 - (False, 'Max ATOL Delta: 0.001953125, Max RTOL Delta: 0.021728515625')
2026-08-18 05:34:17.269 | INFO     | autoports.qwen_qwen3_coder_30b_a3b_instruct.tests.test_rmsnorm:test_rmsnorm_vs_reference:98 - RMSNorm[input_layernorm] prefill seq=128: 0.9999889362763026
PASSED
models/autoports/qwen_qwen3_coder_30b_a3b_instruct/tests/test_attention.py::test_attention_prefill_vs_reference[blackhole-s512-1x1] 2026-08-18 05:34:18.546 | INFO     | conftest:mesh_device:612 - No trace region size for (1, 1)
2026-08-18 05:34:18.592 | warning  |           Metal | Opening subset of mmio devices slows down UMD read/write to remote chips. If opening more devices, consider using CreateDevices API. (device_manager.cpp:264)
2026-08-18 05:34:18.593 | warning  |           Metal | Failed to create shared memory /tt_device_154095682331104_memory: Permission denied (memory_stats_shm.cpp:60)
2026-08-18 05:34:18.643 | DEBUG    | conftest:mesh_device:630 - multidevice with 1 devices is created
2026-08-18 05:34:18.766 | INFO     | autoports.qwen_qwen3_coder_30b_a3b_instruct.tests.test_attention:test_attention_prefill_vs_reference:115 - (False, 'Max ATOL Delta: 0.00987999141216278, Max RTOL Delta: 17080.85546875')
2026-08-18 05:34:18.766 | INFO     | autoports.qwen_qwen3_coder_30b_a3b_instruct.tests.test_attention:test_attention_prefill_vs_reference:116 - attention prefill seq=512: 0.9994361942420286
PASSED
models/autoports/qwen_qwen3_coder_30b_a3b_instruct/tests/test_attention_decode.py::test_decode_matches_prefill_at_same_position[blackhole-paged32-p32-1x1] 2026-08-18 05:34:20.166 | INFO     | conftest:mesh_device:612 - No trace region size for (1, 1)
2026-08-18 05:34:20.212 | warning  |           Metal | Opening subset of mmio devices slows down UMD read/write to remote chips. If opening more devices, consider using CreateDevices API. (device_manager.cpp:264)
2026-08-18 05:34:20.213 | warning  |           Metal | Failed to create shared memory /tt_device_154095682331104_memory: Permission denied (memory_stats_shm.cpp:60)
2026-08-18 05:34:20.264 | DEBUG    | conftest:mesh_device:630 - multidevice with 1 devices is created
2026-08-18 05:34:20.315 | INFO     | autoports.qwen_qwen3_coder_30b_a3b_instruct.tests.test_attention_decode:test_decode_matches_prefill_at_same_position:114 - (False, 'Max ATOL Delta: 0.00241059809923172, Max RTOL Delta: 65.85342407226562')
2026-08-18 05:34:20.315 | INFO     | autoports.qwen_qwen3_coder_30b_a3b_instruct.tests.test_attention_decode:test_decode_matches_prefill_at_same_position:116 - decode at pos 32 [paged(block=32)]: 0.9995292872960986
PASSED
models/autoports/qwen_qwen3_coder_30b_a3b_instruct/tests/test_decoder_layer.py::test_decoder_layer_vs_reference[blackhole-s512-1x1] 2026-08-18 05:34:22.243 | INFO     | conftest:mesh_device:612 - No trace region size for (1, 1)
2026-08-18 05:34:22.290 | warning  |           Metal | Opening subset of mmio devices slows down UMD read/write to remote chips. If opening more devices, consider using CreateDevices API. (device_manager.cpp:264)
2026-08-18 05:34:22.291 | warning  |           Metal | Failed to create shared memory /tt_device_154095682331104_memory: Permission denied (memory_stats_shm.cpp:60)
2026-08-18 05:34:22.342 | DEBUG    | conftest:mesh_device:630 - multidevice with 1 devices is created
2026-08-18 05:34:25.022 | INFO     | autoports.qwen_qwen3_coder_30b_a3b_instruct.tests.test_decoder_layer:test_decoder_layer_vs_reference:112 - (False, 'Max ATOL Delta: 0.08000603318214417, Max RTOL Delta: inf')
2026-08-18 05:34:25.022 | INFO     | autoports.qwen_qwen3_coder_30b_a3b_instruct.tests.test_decoder_layer:test_decoder_layer_vs_reference:113 - decoder layer seq=512: 0.9993923430583141
PASSED
models/autoports/qwen_qwen3_coder_30b_a3b_instruct/tests/test_decoder_layer_decode.py::test_decode_layer_matches_prefill[blackhole-paged32-p32-1x1] 2026-08-18 05:34:27.055 | INFO     | conftest:mesh_device:612 - No trace region size for (1, 1)
2026-08-18 05:34:27.101 | warning  |           Metal | Opening subset of mmio devices slows down UMD read/write to remote chips. If opening more devices, consider using CreateDevices API. (device_manager.cpp:264)
2026-08-18 05:34:27.101 | warning  |           Metal | Failed to create shared memory /tt_device_154095682331104_memory: Permission denied (memory_stats_shm.cpp:60)
2026-08-18 05:34:27.152 | DEBUG    | conftest:mesh_device:630 - multidevice with 1 devices is created
2026-08-18 05:34:29.416 | INFO     | autoports.qwen_qwen3_coder_30b_a3b_instruct.tests.test_decoder_layer_decode:test_decode_layer_matches_prefill:118 - (False, 'Max ATOL Delta: 0.018045008182525635, Max RTOL Delta: inf')
2026-08-18 05:34:29.416 | INFO     | autoports.qwen_qwen3_coder_30b_a3b_instruct.tests.test_decoder_layer_decode:test_decode_layer_matches_prefill:120 - decode layer at pos 32 [paged(block=32)]: 0.9946833573349575
PASSED
models/autoports/qwen_qwen3_coder_30b_a3b_instruct/tests/test_multichip_decoder.py::test_topk_is_identical_across_dies[blackhole-2-1x4-device_params0] 2026-08-18 05:34:31.289 | INFO     | conftest:mesh_device:600 - Keeping trace_region_size=90000000 from device_params (already set)
2026-08-18 05:34:31.289 | info     |           Metal | Fabric config changed from FabricConfig::FABRIC_1D_RING to FabricConfig::FABRIC_1D_RING, reinitializing control plane (metal_env.cpp:337)
2026-08-18 05:34:31.289 | info     |     Distributed | Using auto discovery to generate mesh graph. (metal_env.cpp:437)
2026-08-18 05:34:31.289 | info     |     Distributed | Constructing control plane using auto-discovery (no mesh graph descriptor). (metal_env.cpp:499)
2026-08-18 05:34:31.290 | info     |          Fabric | Logical multi-mesh adjacency: intermesh degree histogram {0:1}; intra-mesh degree histograms mesh0 {2:4} (topology_mapper_utils.cpp:3329)
2026-08-18 05:34:31.290 | info     |          Fabric | Physical multi-mesh adjacency: intermesh degree histogram {0:1}; intra-mesh degree histograms mesh0 {2:4} (topology_mapper_utils.cpp:3337)
2026-08-18 05:34:31.337 | warning  |           Metal | Failed to create shared memory /tt_device_154095682331393_memory: Permission denied (memory_stats_shm.cpp:60)
2026-08-18 05:34:31.338 | warning  |           Metal | Failed to create shared memory /tt_device_154095682331392_memory: Permission denied (memory_stats_shm.cpp:60)
2026-08-18 05:34:31.339 | warning  |           Metal | Failed to create shared memory /tt_device_154095682331105_memory: Permission denied (memory_stats_shm.cpp:60)
2026-08-18 05:34:31.339 | warning  |           Metal | Failed to create shared memory /tt_device_154095682331104_memory: Permission denied (memory_stats_shm.cpp:60)
2026-08-18 05:34:31.341 | info     |           Metal | Initializing Fabric (fabric_firmware_initializer.cpp:296)
2026-08-18 05:34:31.356 | info     |           Metal | Fabric initialized on 4 devices (fabric_firmware_initializer.cpp:444)
2026-08-18 05:34:31.356 | info     |           Metal | Fabric Initialized with config FabricConfig::FABRIC_1D_RING (fabric_firmware_initializer.cpp:313)
2026-08-18 05:34:32.009 | DEBUG    | conftest:mesh_device:630 - multidevice with 4 devices is created
2026-08-18 05:34:36.592 | INFO     | autoports.qwen_qwen3_coder_30b_a3b_instruct.tests.test_multichip_decoder:test_topk_is_identical_across_dies:292 - topk seed=2: 4 dies bit-identical over 1024 selections
PASSED
models/autoports/qwen_qwen3_coder_30b_a3b_instruct/tests/test_multichip_decoder.py::test_router_windows_partition_global_routing[blackhole-s128-1x4-device_params0] 2026-08-18 05:34:36.968 | INFO     | conftest:mesh_device:600 - Keeping trace_region_size=90000000 from device_params (already set)
2026-08-18 05:34:36.968 | info     |           Metal | Fabric config changed from FabricConfig::FABRIC_1D_RING to FabricConfig::FABRIC_1D_RING, reinitializing control plane (metal_env.cpp:337)
2026-08-18 05:34:36.968 | info     |     Distributed | Using auto discovery to generate mesh graph. (metal_env.cpp:437)
2026-08-18 05:34:36.968 | info     |     Distributed | Constructing control plane using auto-discovery (no mesh graph descriptor). (metal_env.cpp:499)
2026-08-18 05:34:36.968 | info     |          Fabric | Logical multi-mesh adjacency: intermesh degree histogram {0:1}; intra-mesh degree histograms mesh0 {2:4} (topology_mapper_utils.cpp:3329)
2026-08-18 05:34:36.968 | info     |          Fabric | Physical multi-mesh adjacency: intermesh degree histogram {0:1}; intra-mesh degree histograms mesh0 {2:4} (topology_mapper_utils.cpp:3337)
2026-08-18 05:34:37.015 | warning  |           Metal | Failed to create shared memory /tt_device_154095682331393_memory: Permission denied (memory_stats_shm.cpp:60)
2026-08-18 05:34:37.016 | warning  |           Metal | Failed to create shared memory /tt_device_154095682331392_memory: Permission denied (memory_stats_shm.cpp:60)
2026-08-18 05:34:37.017 | warning  |           Metal | Failed to create shared memory /tt_device_154095682331105_memory: Permission denied (memory_stats_shm.cpp:60)
2026-08-18 05:34:37.017 | warning  |           Metal | Failed to create shared memory /tt_device_154095682331104_memory: Permission denied (memory_stats_shm.cpp:60)
2026-08-18 05:34:37.019 | info     |           Metal | Initializing Fabric (fabric_firmware_initializer.cpp:296)
2026-08-18 05:34:37.035 | info     |           Metal | Fabric initialized on 4 devices (fabric_firmware_initializer.cpp:444)
2026-08-18 05:34:37.035 | info     |           Metal | Fabric Initialized with config FabricConfig::FABRIC_1D_RING (fabric_firmware_initializer.cpp:313)
2026-08-18 05:34:37.692 | DEBUG    | conftest:mesh_device:630 - multidevice with 4 devices is created
2026-08-18 05:34:42.338 | INFO     | autoports.qwen_qwen3_coder_30b_a3b_instruct.tests.test_multichip_decoder:test_router_windows_partition_global_routing:319 - router windows seq=128: max |stitched - global| = 0.000e+00
PASSED
models/autoports/qwen_qwen3_coder_30b_a3b_instruct/tests/test_multichip_decoder.py::test_multichip_prefill_vs_single_chip[blackhole-s512-1x4-device_params0] 2026-08-18 05:34:42.715 | INFO     | conftest:mesh_device:600 - Keeping trace_region_size=90000000 from device_params (already set)
2026-08-18 05:34:42.715 | info     |           Metal | Fabric config changed from FabricConfig::FABRIC_1D_RING to FabricConfig::FABRIC_1D_RING, reinitializing control plane (metal_env.cpp:337)
2026-08-18 05:34:42.715 | info     |     Distributed | Using auto discovery to generate mesh graph. (metal_env.cpp:437)
2026-08-18 05:34:42.715 | info     |     Distributed | Constructing control plane using auto-discovery (no mesh graph descriptor). (metal_env.cpp:499)
2026-08-18 05:34:42.715 | info     |          Fabric | Logical multi-mesh adjacency: intermesh degree histogram {0:1}; intra-mesh degree histograms mesh0 {2:4} (topology_mapper_utils.cpp:3329)
2026-08-18 05:34:42.715 | info     |          Fabric | Physical multi-mesh adjacency: intermesh degree histogram {0:1}; intra-mesh degree histograms mesh0 {2:4} (topology_mapper_utils.cpp:3337)
2026-08-18 05:34:42.763 | warning  |           Metal | Failed to create shared memory /tt_device_154095682331393_memory: Permission denied (memory_stats_shm.cpp:60)
2026-08-18 05:34:42.764 | warning  |           Metal | Failed to create shared memory /tt_device_154095682331392_memory: Permission denied (memory_stats_shm.cpp:60)
2026-08-18 05:34:42.765 | warning  |           Metal | Failed to create shared memory /tt_device_154095682331105_memory: Permission denied (memory_stats_shm.cpp:60)
2026-08-18 05:34:42.765 | warning  |           Metal | Failed to create shared memory /tt_device_154095682331104_memory: Permission denied (memory_stats_shm.cpp:60)
2026-08-18 05:34:42.771 | info     |           Metal | Initializing Fabric (fabric_firmware_initializer.cpp:296)
2026-08-18 05:34:42.786 | info     |           Metal | Fabric initialized on 4 devices (fabric_firmware_initializer.cpp:444)
2026-08-18 05:34:42.786 | info     |           Metal | Fabric Initialized with config FabricConfig::FABRIC_1D_RING (fabric_firmware_initializer.cpp:313)
2026-08-18 05:34:42.856 | DEBUG    | conftest:mesh_device:630 - multidevice with 4 devices is created
2026-08-18 05:34:47.572 | INFO     | autoports.qwen_qwen3_coder_30b_a3b_instruct.tests.test_multichip_decoder:test_multichip_prefill_vs_single_chip:351 - multichip prefill S=512 vs single-chip TTNN: 0.999620460949962
PASSED
models/autoports/qwen_qwen3_coder_30b_a3b_instruct/tests/test_multichip_decoder.py::test_multichip_decode_batch[blackhole-b8-1x4-device_params0] 2026-08-18 05:34:47.952 | INFO     | conftest:mesh_device:600 - Keeping trace_region_size=90000000 from device_params (already set)
2026-08-18 05:34:47.952 | info     |           Metal | Fabric config changed from FabricConfig::FABRIC_1D_RING to FabricConfig::FABRIC_1D_RING, reinitializing control plane (metal_env.cpp:337)
2026-08-18 05:34:47.952 | info     |     Distributed | Using auto discovery to generate mesh graph. (metal_env.cpp:437)
2026-08-18 05:34:47.952 | info     |     Distributed | Constructing control plane using auto-discovery (no mesh graph descriptor). (metal_env.cpp:499)
2026-08-18 05:34:47.952 | info     |          Fabric | Logical multi-mesh adjacency: intermesh degree histogram {0:1}; intra-mesh degree histograms mesh0 {2:4} (topology_mapper_utils.cpp:3329)
2026-08-18 05:34:47.952 | info     |          Fabric | Physical multi-mesh adjacency: intermesh degree histogram {0:1}; intra-mesh degree histograms mesh0 {2:4} (topology_mapper_utils.cpp:3337)
2026-08-18 05:34:48.005 | warning  |           Metal | Failed to create shared memory /tt_device_154095682331393_memory: Permission denied (memory_stats_shm.cpp:60)
2026-08-18 05:34:48.006 | warning  |           Metal | Failed to create shared memory /tt_device_154095682331392_memory: Permission denied (memory_stats_shm.cpp:60)
2026-08-18 05:34:48.007 | warning  |           Metal | Failed to create shared memory /tt_device_154095682331105_memory: Permission denied (memory_stats_shm.cpp:60)
2026-08-18 05:34:48.007 | warning  |           Metal | Failed to create shared memory /tt_device_154095682331104_memory: Permission denied (memory_stats_shm.cpp:60)
2026-08-18 05:34:48.009 | info     |           Metal | Initializing Fabric (fabric_firmware_initializer.cpp:296)
2026-08-18 05:34:48.025 | info     |           Metal | Fabric initialized on 4 devices (fabric_firmware_initializer.cpp:444)
2026-08-18 05:34:48.025 | info     |           Metal | Fabric Initialized with config FabricConfig::FABRIC_1D_RING (fabric_firmware_initializer.cpp:313)
2026-08-18 05:34:48.092 | DEBUG    | conftest:mesh_device:630 - multidevice with 4 devices is created
2026-08-18 05:34:52.821 | INFO     | autoports.qwen_qwen3_coder_30b_a3b_instruct.tests.test_multichip_decoder:test_multichip_decode_batch:627 - multichip decode batch=8 user 0 vs HF: 0.999242171059683
2026-08-18 05:34:52.903 | INFO     | autoports.qwen_qwen3_coder_30b_a3b_instruct.tests.test_multichip_decoder:test_multichip_decode_batch:627 - multichip decode batch=8 user 1 vs HF: 0.9994504031835427
2026-08-18 05:34:52.979 | INFO     | autoports.qwen_qwen3_coder_30b_a3b_instruct.tests.test_multichip_decoder:test_multichip_decode_batch:627 - multichip decode batch=8 user 2 vs HF: 0.9994829816842784
2026-08-18 05:34:53.054 | INFO     | autoports.qwen_qwen3_coder_30b_a3b_instruct.tests.test_multichip_decoder:test_multichip_decode_batch:627 - multichip decode batch=8 user 3 vs HF: 0.9993547449463029
2026-08-18 05:34:53.131 | INFO     | autoports.qwen_qwen3_coder_30b_a3b_instruct.tests.test_multichip_decoder:test_multichip_decode_batch:627 - multichip decode batch=8 user 4 vs HF: 0.9994334631061678
2026-08-18 05:34:53.208 | INFO     | autoports.qwen_qwen3_coder_30b_a3b_instruct.tests.test_multichip_decoder:test_multichip_decode_batch:627 - multichip decode batch=8 user 5 vs HF: 0.9994898999185229
2026-08-18 05:34:53.277 | INFO     | autoports.qwen_qwen3_coder_30b_a3b_instruct.tests.test_multichip_decoder:test_multichip_decode_batch:627 - multichip decode batch=8 user 6 vs HF: 0.9992613840387828
2026-08-18 05:34:53.356 | INFO     | autoports.qwen_qwen3_coder_30b_a3b_instruct.tests.test_multichip_decoder:test_multichip_decode_batch:627 - multichip decode batch=8 user 7 vs HF: 0.9992751669138046
PASSED
models/autoports/qwen_qwen3_coder_30b_a3b_instruct/tests/test_optimized_decoder.py::test_optimized_prefill_vs_reference[blackhole-s512-1x1] 2026-08-18 05:34:55.280 | INFO     | conftest:mesh_device:612 - No trace region size for (1, 1)
2026-08-18 05:34:55.328 | warning  |           Metal | Opening subset of mmio devices slows down UMD read/write to remote chips. If opening more devices, consider using CreateDevices API. (device_manager.cpp:264)
2026-08-18 05:34:55.329 | warning  |           Metal | Failed to create shared memory /tt_device_154095682331104_memory: Permission denied (memory_stats_shm.cpp:60)
2026-08-18 05:34:55.381 | DEBUG    | conftest:mesh_device:630 - multidevice with 1 devices is created
2026-08-18 05:34:57.329 | INFO     | autoports.qwen_qwen3_coder_30b_a3b_instruct.tests.test_optimized_decoder:test_optimized_prefill_vs_reference:133 - optimized prefill seq=512: 0.9989889286895374
PASSED
models/autoports/qwen_qwen3_coder_30b_a3b_instruct/tests/test_optimized_decoder.py::test_optimized_router_matches_functional[blackhole-s33-1x1] 2026-08-18 05:34:57.685 | INFO     | conftest:mesh_device:612 - No trace region size for (1, 1)
2026-08-18 05:34:57.733 | warning  |           Metal | Opening subset of mmio devices slows down UMD read/write to remote chips. If opening more devices, consider using CreateDevices API. (device_manager.cpp:264)
2026-08-18 05:34:57.734 | warning  |           Metal | Failed to create shared memory /tt_device_154095682331104_memory: Permission denied (memory_stats_shm.cpp:60)
2026-08-18 05:34:57.785 | DEBUG    | conftest:mesh_device:630 - multidevice with 1 devices is created
2026-08-18 05:34:57.795 | INFO     | autoports.qwen_qwen3_coder_30b_a3b_instruct.tests.test_optimized_decoder:test_optimized_router_matches_functional:204 - router seq=33: max |functional - optimized| = 9.766e-04, weight sums in [0.99707, 1.00488]
PASSED
models/autoports/qwen_qwen3_coder_30b_a3b_instruct/tests/test_optimized_decoder.py::test_optimized_router_padding_is_zero[blackhole-s100-1x1] 2026-08-18 05:34:58.165 | INFO     | conftest:mesh_device:612 - No trace region size for (1, 1)
2026-08-18 05:34:58.211 | warning  |           Metal | Opening subset of mmio devices slows down UMD read/write to remote chips. If opening more devices, consider using CreateDevices API. (device_manager.cpp:264)
2026-08-18 05:34:58.212 | warning  |           Metal | Failed to create shared memory /tt_device_154095682331104_memory: Permission denied (memory_stats_shm.cpp:60)
2026-08-18 05:34:58.264 | DEBUG    | conftest:mesh_device:630 - multidevice with 1 devices is created
2026-08-18 05:34:58.273 | INFO     | autoports.qwen_qwen3_coder_30b_a3b_instruct.tests.test_optimized_decoder:test_optimized_router_padding_is_zero:245 - router seq=100: padded (1, 1, 128, 128), 3584 padding entries, max |pad| = 0.0
PASSED
models/autoports/qwen_qwen3_coder_30b_a3b_instruct/tests/test_optimized_decoder.py::test_optimized_decode_batch[blackhole-b8-1x1] 2026-08-18 05:34:58.649 | INFO     | conftest:mesh_device:612 - No trace region size for (1, 1)
2026-08-18 05:34:58.695 | warning  |           Metal | Opening subset of mmio devices slows down UMD read/write to remote chips. If opening more devices, consider using CreateDevices API. (device_manager.cpp:264)
2026-08-18 05:34:58.696 | warning  |           Metal | Failed to create shared memory /tt_device_154095682331104_memory: Permission denied (memory_stats_shm.cpp:60)
2026-08-18 05:34:58.747 | DEBUG    | conftest:mesh_device:630 - multidevice with 1 devices is created
2026-08-18 05:35:00.664 | INFO     | autoports.qwen_qwen3_coder_30b_a3b_instruct.tests.test_optimized_decoder:test_optimized_decode_batch:498 - optimized decode batch=8 user 0 vs HF: 0.9993015593450881
2026-08-18 05:35:00.748 | INFO     | autoports.qwen_qwen3_coder_30b_a3b_instruct.tests.test_optimized_decoder:test_optimized_decode_batch:498 - optimized decode batch=8 user 1 vs HF: 0.9994934633239579
2026-08-18 05:35:00.825 | INFO     | autoports.qwen_qwen3_coder_30b_a3b_instruct.tests.test_optimized_decoder:test_optimized_decode_batch:498 - optimized decode batch=8 user 2 vs HF: 0.9994953954109504
2026-08-18 05:35:00.901 | INFO     | autoports.qwen_qwen3_coder_30b_a3b_instruct.tests.test_optimized_decoder:test_optimized_decode_batch:498 - optimized decode batch=8 user 3 vs HF: 0.9993687384652433
2026-08-18 05:35:00.978 | INFO     | autoports.qwen_qwen3_coder_30b_a3b_instruct.tests.test_optimized_decoder:test_optimized_decode_batch:498 - optimized decode batch=8 user 4 vs HF: 0.9994614571916378
2026-08-18 05:35:01.053 | INFO     | autoports.qwen_qwen3_coder_30b_a3b_instruct.tests.test_optimized_decoder:test_optimized_decode_batch:498 - optimized decode batch=8 user 5 vs HF: 0.9995037156374033
2026-08-18 05:35:01.125 | INFO     | autoports.qwen_qwen3_coder_30b_a3b_instruct.tests.test_optimized_decoder:test_optimized_decode_batch:498 - optimized decode batch=8 user 6 vs HF: 0.999314089603218
2026-08-18 05:35:01.206 | INFO     | autoports.qwen_qwen3_coder_30b_a3b_instruct.tests.test_optimized_decoder:test_optimized_decode_batch:498 - optimized decode batch=8 user 7 vs HF: 0.9993082972687571
PASSED
models/autoports/qwen_qwen3_coder_30b_a3b_instruct/tests/test_rmsnorm.py::test_rmsnorm_vs_reference[blackhole-postattn_s32-1x1] 2026-08-18 05:35:02.583 | INFO     | conftest:mesh_device:612 - No trace region size for (1, 1)
2026-08-18 05:35:02.630 | warning  |           Metal | Opening subset of mmio devices slows down UMD read/write to remote chips. If opening more devices, consider using CreateDevices API. (device_manager.cpp:264)
2026-08-18 05:35:02.631 | warning  |           Metal | Failed to create shared memory /tt_device_154095682331104_memory: Permission denied (memory_stats_shm.cpp:60)
2026-08-18 05:35:02.684 | DEBUG    | conftest:mesh_device:630 - multidevice with 1 devices is created
2026-08-18 05:35:02.685 | INFO     | models.common.modules.lazy_weight:get_device_weight:120 - [32m[cache hit][0m Loading tensor from cache: model_cache/qwen3_coder_30b_a3b/rmsnorm/post_attention_layernorm_L0_srcshape_1_1_64_32_dtype_BFLOAT16_layout_ROW_MAJOR_replicated_device_80.tensorbin
2026-08-18 05:35:02.688 | INFO     | autoports.qwen_qwen3_coder_30b_a3b_instruct.tests.test_rmsnorm:test_rmsnorm_vs_reference:97 - (False, 'Max ATOL Delta: 0.015625, Max RTOL Delta: 0.0198974609375')
2026-08-18 05:35:02.688 | INFO     | autoports.qwen_qwen3_coder_30b_a3b_instruct.tests.test_rmsnorm:test_rmsnorm_vs_reference:98 - RMSNorm[post_attention_layernorm] prefill seq=32: 0.9999899690470638
PASSED
models/autoports/qwen_qwen3_coder_30b_a3b_instruct/tests/test_attention_decode.py::test_decode_matches_prefill_at_same_position[blackhole-paged32-p128-1x1] 2026-08-18 05:35:04.190 | INFO     | conftest:mesh_device:612 - No trace region size for (1, 1)
2026-08-18 05:35:04.236 | warning  |           Metal | Opening subset of mmio devices slows down UMD read/write to remote chips. If opening more devices, consider using CreateDevices API. (device_manager.cpp:264)
2026-08-18 05:35:04.236 | warning  |           Metal | Failed to create shared memory /tt_device_154095682331104_memory: Permission denied (memory_stats_shm.cpp:60)
2026-08-18 05:35:04.289 | DEBUG    | conftest:mesh_device:630 - multidevice with 1 devices is created
2026-08-18 05:35:04.363 | INFO     | autoports.qwen_qwen3_coder_30b_a3b_instruct.tests.test_attention_decode:test_decode_matches_prefill_at_same_position:114 - (False, 'Max ATOL Delta: 0.0011836346238851547, Max RTOL Delta: 96.84754180908203')
2026-08-18 05:35:04.363 | INFO     | autoports.qwen_qwen3_coder_30b_a3b_instruct.tests.test_attention_decode:test_decode_matches_prefill_at_same_position:116 - decode at pos 128 [paged(block=32)]: 0.999446276315806
PASSED
models/autoports/qwen_qwen3_coder_30b_a3b_instruct/tests/test_decoder_layer.py::test_decoder_layer_vs_reference[blackhole-s33-1x1] 2026-08-18 05:35:06.100 | INFO     | conftest:mesh_device:612 - No trace region size for (1, 1)
2026-08-18 05:35:06.146 | warning  |           Metal | Opening subset of mmio devices slows down UMD read/write to remote chips. If opening more devices, consider using CreateDevices API. (device_manager.cpp:264)
2026-08-18 05:35:06.147 | warning  |           Metal | Failed to create shared memory /tt_device_154095682331104_memory: Permission denied (memory_stats_shm.cpp:60)
2026-08-18 05:35:06.199 | DEBUG    | conftest:mesh_device:630 - multidevice with 1 devices is created
2026-08-18 05:35:08.473 | INFO     | autoports.qwen_qwen3_coder_30b_a3b_instruct.tests.test_decoder_layer:test_decoder_layer_vs_reference:112 - (False, 'Max ATOL Delta: 0.029276803135871887, Max RTOL Delta: inf')
2026-08-18 05:35:08.474 | INFO     | autoports.qwen_qwen3_coder_30b_a3b_instruct.tests.test_decoder_layer:test_decoder_layer_vs_reference:113 - decoder layer seq=33: 0.9990094173358364
PASSED
models/autoports/qwen_qwen3_coder_30b_a3b_instruct/tests/test_decoder_layer_decode.py::test_decode_layer_matches_prefill[blackhole-paged32-p128-1x1] 2026-08-18 05:35:10.297 | INFO     | conftest:mesh_device:612 - No trace region size for (1, 1)
2026-08-18 05:35:10.343 | warning  |           Metal | Opening subset of mmio devices slows down UMD read/write to remote chips. If opening more devices, consider using CreateDevices API. (device_manager.cpp:264)
2026-08-18 05:35:10.344 | warning  |           Metal | Failed to create shared memory /tt_device_154095682331104_memory: Permission denied (memory_stats_shm.cpp:60)
2026-08-18 05:35:10.397 | DEBUG    | conftest:mesh_device:630 - multidevice with 1 devices is created
2026-08-18 05:35:12.762 | INFO     | autoports.qwen_qwen3_coder_30b_a3b_instruct.tests.test_decoder_layer_decode:test_decode_layer_matches_prefill:118 - (False, 'Max ATOL Delta: 0.0013753585517406464, Max RTOL Delta: 9.693435668945312')
2026-08-18 05:35:12.762 | INFO     | autoports.qwen_qwen3_coder_30b_a3b_instruct.tests.test_decoder_layer_decode:test_decode_layer_matches_prefill:120 - decode layer at pos 128 [paged(block=32)]: 0.9998892205382237
PASSED
models/autoports/qwen_qwen3_coder_30b_a3b_instruct/tests/test_multichip_decoder.py::test_topk_is_identical_across_dies[blackhole-3-1x4-device_params0] 2026-08-18 05:35:14.858 | INFO     | conftest:mesh_device:600 - Keeping trace_region_size=90000000 from device_params (already set)
2026-08-18 05:35:14.858 | info     |           Metal | Fabric config changed from FabricConfig::FABRIC_1D_RING to FabricConfig::FABRIC_1D_RING, reinitializing control plane (metal_env.cpp:337)
2026-08-18 05:35:14.858 | info     |     Distributed | Using auto discovery to generate mesh graph. (metal_env.cpp:437)
2026-08-18 05:35:14.858 | info     |     Distributed | Constructing control plane using auto-discovery (no mesh graph descriptor). (metal_env.cpp:499)
2026-08-18 05:35:14.858 | info     |          Fabric | Logical multi-mesh adjacency: intermesh degree histogram {0:1}; intra-mesh degree histograms mesh0 {2:4} (topology_mapper_utils.cpp:3329)
2026-08-18 05:35:14.858 | info     |          Fabric | Physical multi-mesh adjacency: intermesh degree histogram {0:1}; intra-mesh degree histograms mesh0 {2:4} (topology_mapper_utils.cpp:3337)
2026-08-18 05:35:14.906 | warning  |           Metal | Failed to create shared memory /tt_device_154095682331393_memory: Permission denied (memory_stats_shm.cpp:60)
2026-08-18 05:35:14.906 | warning  |           Metal | Failed to create shared memory /tt_device_154095682331392_memory: Permission denied (memory_stats_shm.cpp:60)
2026-08-18 05:35:14.907 | warning  |           Metal | Failed to create shared memory /tt_device_154095682331105_memory: Permission denied (memory_stats_shm.cpp:60)
2026-08-18 05:35:14.907 | warning  |           Metal | Failed to create shared memory /tt_device_154095682331104_memory: Permission denied (memory_stats_shm.cpp:60)
2026-08-18 05:35:14.909 | info     |           Metal | Initializing Fabric (fabric_firmware_initializer.cpp:296)
2026-08-18 05:35:14.925 | info     |           Metal | Fabric initialized on 4 devices (fabric_firmware_initializer.cpp:444)
2026-08-18 05:35:14.925 | info     |           Metal | Fabric Initialized with config FabricConfig::FABRIC_1D_RING (fabric_firmware_initializer.cpp:313)
2026-08-18 05:35:14.997 | DEBUG    | conftest:mesh_device:630 - multidevice with 4 devices is created
2026-08-18 05:35:19.369 | INFO     | autoports.qwen_qwen3_coder_30b_a3b_instruct.tests.test_multichip_decoder:test_topk_is_identical_across_dies:292 - topk seed=3: 4 dies bit-identical over 1024 selections
PASSED
models/autoports/qwen_qwen3_coder_30b_a3b_instruct/tests/test_multichip_decoder.py::test_multichip_prefill_vs_single_chip[blackhole-s33-1x4-device_params0] 2026-08-18 05:35:19.737 | INFO     | conftest:mesh_device:600 - Keeping trace_region_size=90000000 from device_params (already set)
2026-08-18 05:35:19.737 | info     |           Metal | Fabric config changed from FabricConfig::FABRIC_1D_RING to FabricConfig::FABRIC_1D_RING, reinitializing control plane (metal_env.cpp:337)
2026-08-18 05:35:19.737 | info     |     Distributed | Using auto discovery to generate mesh graph. (metal_env.cpp:437)
2026-08-18 05:35:19.737 | info     |     Distributed | Constructing control plane using auto-discovery (no mesh graph descriptor). (metal_env.cpp:499)
2026-08-18 05:35:19.737 | info     |          Fabric | Logical multi-mesh adjacency: intermesh degree histogram {0:1}; intra-mesh degree histograms mesh0 {2:4} (topology_mapper_utils.cpp:3329)
2026-08-18 05:35:19.737 | info     |          Fabric | Physical multi-mesh adjacency: intermesh degree histogram {0:1}; intra-mesh degree histograms mesh0 {2:4} (topology_mapper_utils.cpp:3337)
2026-08-18 05:35:19.785 | warning  |           Metal | Failed to create shared memory /tt_device_154095682331393_memory: Permission denied (memory_stats_shm.cpp:60)
2026-08-18 05:35:19.786 | warning  |           Metal | Failed to create shared memory /tt_device_154095682331392_memory: Permission denied (memory_stats_shm.cpp:60)
2026-08-18 05:35:19.787 | warning  |           Metal | Failed to create shared memory /tt_device_154095682331105_memory: Permission denied (memory_stats_shm.cpp:60)
2026-08-18 05:35:19.787 | warning  |           Metal | Failed to create shared memory /tt_device_154095682331104_memory: Permission denied (memory_stats_shm.cpp:60)
2026-08-18 05:35:19.789 | info     |           Metal | Initializing Fabric (fabric_firmware_initializer.cpp:296)
2026-08-18 05:35:19.804 | info     |           Metal | Fabric initialized on 4 devices (fabric_firmware_initializer.cpp:444)
2026-08-18 05:35:19.804 | info     |           Metal | Fabric Initialized with config FabricConfig::FABRIC_1D_RING (fabric_firmware_initializer.cpp:313)
2026-08-18 05:35:19.869 | DEBUG    | conftest:mesh_device:630 - multidevice with 4 devices is created
2026-08-18 05:35:24.418 | INFO     | autoports.qwen_qwen3_coder_30b_a3b_instruct.tests.test_multichip_decoder:test_multichip_prefill_vs_single_chip:351 - multichip prefill S=33 vs single-chip TTNN: 0.9997335206043321
PASSED
models/autoports/qwen_qwen3_coder_30b_a3b_instruct/tests/test_multichip_decoder.py::test_multichip_decode_batch[blackhole-b32-1x4-device_params0] 2026-08-18 05:35:24.781 | INFO     | conftest:mesh_device:600 - Keeping trace_region_size=90000000 from device_params (already set)
2026-08-18 05:35:24.782 | info     |           Metal | Fabric config changed from FabricConfig::FABRIC_1D_RING to FabricConfig::FABRIC_1D_RING, reinitializing control plane (metal_env.cpp:337)
2026-08-18 05:35:24.782 | info     |     Distributed | Using auto discovery to generate mesh graph. (metal_env.cpp:437)
2026-08-18 05:35:24.782 | info     |     Distributed | Constructing control plane using auto-discovery (no mesh graph descriptor). (metal_env.cpp:499)
2026-08-18 05:35:24.782 | info     |          Fabric | Logical multi-mesh adjacency: intermesh degree histogram {0:1}; intra-mesh degree histograms mesh0 {2:4} (topology_mapper_utils.cpp:3329)
2026-08-18 05:35:24.782 | info     |          Fabric | Physical multi-mesh adjacency: intermesh degree histogram {0:1}; intra-mesh degree histograms mesh0 {2:4} (topology_mapper_utils.cpp:3337)
2026-08-18 05:35:24.830 | warning  |           Metal | Failed to create shared memory /tt_device_154095682331393_memory: Permission denied (memory_stats_shm.cpp:60)
2026-08-18 05:35:24.831 | warning  |           Metal | Failed to create shared memory /tt_device_154095682331392_memory: Permission denied (memory_stats_shm.cpp:60)
2026-08-18 05:35:24.831 | warning  |           Metal | Failed to create shared memory /tt_device_154095682331105_memory: Permission denied (memory_stats_shm.cpp:60)
2026-08-18 05:35:24.832 | warning  |           Metal | Failed to create shared memory /tt_device_154095682331104_memory: Permission denied (memory_stats_shm.cpp:60)
2026-08-18 05:35:24.834 | info     |           Metal | Initializing Fabric (fabric_firmware_initializer.cpp:296)
2026-08-18 05:35:24.850 | info     |           Metal | Fabric initialized on 4 devices (fabric_firmware_initializer.cpp:444)
2026-08-18 05:35:24.850 | info     |           Metal | Fabric Initialized with config FabricConfig::FABRIC_1D_RING (fabric_firmware_initializer.cpp:313)
2026-08-18 05:35:24.917 | DEBUG    | conftest:mesh_device:630 - multidevice with 4 devices is created
2026-08-18 05:35:29.713 | INFO     | autoports.qwen_qwen3_coder_30b_a3b_instruct.tests.test_multichip_decoder:test_multichip_decode_batch:627 - multichip decode batch=32 user 0 vs HF: 0.999242171059683
2026-08-18 05:35:29.795 | INFO     | autoports.qwen_qwen3_coder_30b_a3b_instruct.tests.test_multichip_decoder:test_multichip_decode_batch:627 - multichip decode batch=32 user 1 vs HF: 0.9994504031835427
2026-08-18 05:35:29.870 | INFO     | autoports.qwen_qwen3_coder_30b_a3b_instruct.tests.test_multichip_decoder:test_multichip_decode_batch:627 - multichip decode batch=32 user 2 vs HF: 0.9994829816842784
2026-08-18 05:35:29.947 | INFO     | autoports.qwen_qwen3_coder_30b_a3b_instruct.tests.test_multichip_decoder:test_multichip_decode_batch:627 - multichip decode batch=32 user 3 vs HF: 0.9993547449463029
2026-08-18 05:35:30.025 | INFO     | autoports.qwen_qwen3_coder_30b_a3b_instruct.tests.test_multichip_decoder:test_multichip_decode_batch:627 - multichip decode batch=32 user 4 vs HF: 0.9994334631061678
2026-08-18 05:35:30.113 | INFO     | autoports.qwen_qwen3_coder_30b_a3b_instruct.tests.test_multichip_decoder:test_multichip_decode_batch:627 - multichip decode batch=32 user 5 vs HF: 0.9994898999185229
2026-08-18 05:35:30.195 | INFO     | autoports.qwen_qwen3_coder_30b_a3b_instruct.tests.test_multichip_decoder:test_multichip_decode_batch:627 - multichip decode batch=32 user 6 vs HF: 0.9992613840387828
2026-08-18 05:35:30.281 | INFO     | autoports.qwen_qwen3_coder_30b_a3b_instruct.tests.test_multichip_decoder:test_multichip_decode_batch:627 - multichip decode batch=32 user 7 vs HF: 0.9992751669138046
2026-08-18 05:35:30.359 | INFO     | autoports.qwen_qwen3_coder_30b_a3b_instruct.tests.test_multichip_decoder:test_multichip_decode_batch:627 - multichip decode batch=32 user 8 vs HF: 0.99926534092263
2026-08-18 05:35:30.442 | INFO     | autoports.qwen_qwen3_coder_30b_a3b_instruct.tests.test_multichip_decoder:test_multichip_decode_batch:627 - multichip decode batch=32 user 9 vs HF: 0.9992461826557373
2026-08-18 05:35:30.528 | INFO     | autoports.qwen_qwen3_coder_30b_a3b_instruct.tests.test_multichip_decoder:test_multichip_decode_batch:627 - multichip decode batch=32 user 10 vs HF: 0.9951032721566743
2026-08-18 05:35:30.604 | INFO     | autoports.qwen_qwen3_coder_30b_a3b_instruct.tests.test_multichip_decoder:test_multichip_decode_batch:627 - multichip decode batch=32 user 11 vs HF: 0.9995630966919017
2026-08-18 05:35:30.686 | INFO     | autoports.qwen_qwen3_coder_30b_a3b_instruct.tests.test_multichip_decoder:test_multichip_decode_batch:627 - multichip decode batch=32 user 12 vs HF: 0.9989380356819354
2026-08-18 05:35:30.765 | INFO     | autoports.qwen_qwen3_coder_30b_a3b_instruct.tests.test_multichip_decoder:test_multichip_decode_batch:627 - multichip decode batch=32 user 13 vs HF: 0.993928011860513
2026-08-18 05:35:30.838 | INFO     | autoports.qwen_qwen3_coder_30b_a3b_instruct.tests.test_multichip_decoder:test_multichip_decode_batch:627 - multichip decode batch=32 user 14 vs HF: 0.9991706685445572
2026-08-18 05:35:30.919 | INFO     | autoports.qwen_qwen3_coder_30b_a3b_instruct.tests.test_multichip_decoder:test_multichip_decode_batch:627 - multichip decode batch=32 user 15 vs HF: 0.9994726319822305
2026-08-18 05:35:31.000 | INFO     | autoports.qwen_qwen3_coder_30b_a3b_instruct.tests.test_multichip_decoder:test_multichip_decode_batch:627 - multichip decode batch=32 user 16 vs HF: 0.9990740769299973
2026-08-18 05:35:31.080 | INFO     | autoports.qwen_qwen3_coder_30b_a3b_instruct.tests.test_multichip_decoder:test_multichip_decode_batch:627 - multichip decode batch=32 user 17 vs HF: 0.9992054092976891
2026-08-18 05:35:31.160 | INFO     | autoports.qwen_qwen3_coder_30b_a3b_instruct.tests.test_multichip_decoder:test_multichip_decode_batch:627 - multichip decode batch=32 user 18 vs HF: 0.9993387220852077
2026-08-18 05:35:31.241 | INFO     | autoports.qwen_qwen3_coder_30b_a3b_instruct.tests.test_multichip_decoder:test_multichip_decode_batch:627 - multichip decode batch=32 user 19 vs HF: 0.9963024066276638
2026-08-18 05:35:31.318 | INFO     | autoports.qwen_qwen3_coder_30b_a3b_instruct.tests.test_multichip_decoder:test_multichip_decode_batch:627 - multichip decode batch=32 user 20 vs HF: 0.999369608901858
2026-08-18 05:35:31.406 | INFO     | autoports.qwen_qwen3_coder_30b_a3b_instruct.tests.test_multichip_decoder:test_multichip_decode_batch:627 - multichip decode batch=32 user 21 vs HF: 0.9991963085147368
2026-08-18 05:35:31.495 | INFO     | autoports.qwen_qwen3_coder_30b_a3b_instruct.tests.test_multichip_decoder:test_multichip_decode_batch:627 - multichip decode batch=32 user 22 vs HF: 0.9993429478736613
2026-08-18 05:35:31.574 | INFO     | autoports.qwen_qwen3_coder_30b_a3b_instruct.tests.test_multichip_decoder:test_multichip_decode_batch:627 - multichip decode batch=32 user 23 vs HF: 0.9994136945428973
2026-08-18 05:35:31.654 | INFO     | autoports.qwen_qwen3_coder_30b_a3b_instruct.tests.test_multichip_decoder:test_multichip_decode_batch:627 - multichip decode batch=32 user 24 vs HF: 0.9994049303638434
2026-08-18 05:35:31.733 | INFO     | autoports.qwen_qwen3_coder_30b_a3b_instruct.tests.test_multichip_decoder:test_multichip_decode_batch:627 - multichip decode batch=32 user 25 vs HF: 0.9954984905805906
2026-08-18 05:35:31.808 | INFO     | autoports.qwen_qwen3_coder_30b_a3b_instruct.tests.test_multichip_decoder:test_multichip_decode_batch:627 - multichip decode batch=32 user 26 vs HF: 0.999501860672462
2026-08-18 05:35:31.887 | INFO     | autoports.qwen_qwen3_coder_30b_a3b_instruct.tests.test_multichip_decoder:test_multichip_decode_batch:627 - multichip decode batch=32 user 27 vs HF: 0.9994945083156486
2026-08-18 05:35:31.983 | INFO     | autoports.qwen_qwen3_coder_30b_a3b_instruct.tests.test_multichip_decoder:test_multichip_decode_batch:627 - multichip decode batch=32 user 28 vs HF: 0.9992781625685426
2026-08-18 05:35:32.077 | INFO     | autoports.qwen_qwen3_coder_30b_a3b_instruct.tests.test_multichip_decoder:test_multichip_decode_batch:627 - multichip decode batch=32 user 29 vs HF: 0.9931922870063522
2026-08-18 05:35:32.167 | INFO     | autoports.qwen_qwen3_coder_30b_a3b_instruct.tests.test_multichip_decoder:test_multichip_decode_batch:627 - multichip decode batch=32 user 30 vs HF: 0.9993093885290465
2026-08-18 05:35:32.260 | INFO     | autoports.qwen_qwen3_coder_30b_a3b_instruct.tests.test_multichip_decoder:test_multichip_decode_batch:627 - multichip decode batch=32 user 31 vs HF: 0.9994805854633572
PASSED
models/autoports/qwen_qwen3_coder_30b_a3b_instruct/tests/test_optimized_decoder.py::test_optimized_prefill_vs_reference[blackhole-s33-1x1] 2026-08-18 05:35:34.267 | INFO     | conftest:mesh_device:612 - No trace region size for (1, 1)
2026-08-18 05:35:34.317 | warning  |           Metal | Opening subset of mmio devices slows down UMD read/write to remote chips. If opening more devices, consider using CreateDevices API. (device_manager.cpp:264)
2026-08-18 05:35:34.318 | warning  |           Metal | Failed to create shared memory /tt_device_154095682331104_memory: Permission denied (memory_stats_shm.cpp:60)
2026-08-18 05:35:34.373 | DEBUG    | conftest:mesh_device:630 - multidevice with 1 devices is created
2026-08-18 05:35:36.179 | INFO     | autoports.qwen_qwen3_coder_30b_a3b_instruct.tests.test_optimized_decoder:test_optimized_prefill_vs_reference:133 - optimized prefill seq=33: 0.9987153783497918
PASSED
models/autoports/qwen_qwen3_coder_30b_a3b_instruct/tests/test_optimized_decoder.py::test_optimized_router_padding_is_zero[blackhole-s128-1x1] 2026-08-18 05:35:36.552 | INFO     | conftest:mesh_device:612 - No trace region size for (1, 1)
2026-08-18 05:35:36.598 | warning  |           Metal | Opening subset of mmio devices slows down UMD read/write to remote chips. If opening more devices, consider using CreateDevices API. (device_manager.cpp:264)
2026-08-18 05:35:36.598 | warning  |           Metal | Failed to create shared memory /tt_device_154095682331104_memory: Permission denied (memory_stats_shm.cpp:60)
2026-08-18 05:35:36.650 | DEBUG    | conftest:mesh_device:630 - multidevice with 1 devices is created
2026-08-18 05:35:36.660 | INFO     | autoports.qwen_qwen3_coder_30b_a3b_instruct.tests.test_optimized_decoder:test_optimized_router_padding_is_zero:245 - router seq=128: padded (1, 1, 128, 128), 0 padding entries, max |pad| = 0.0
PASSED
models/autoports/qwen_qwen3_coder_30b_a3b_instruct/tests/test_optimized_decoder.py::test_optimized_decode_batch[blackhole-b32-1x1] 2026-08-18 05:35:37.011 | INFO     | conftest:mesh_device:612 - No trace region size for (1, 1)
2026-08-18 05:35:37.056 | warning  |           Metal | Opening subset of mmio devices slows down UMD read/write to remote chips. If opening more devices, consider using CreateDevices API. (device_manager.cpp:264)
2026-08-18 05:35:37.057 | warning  |           Metal | Failed to create shared memory /tt_device_154095682331104_memory: Permission denied (memory_stats_shm.cpp:60)
2026-08-18 05:35:37.109 | DEBUG    | conftest:mesh_device:630 - multidevice with 1 devices is created
2026-08-18 05:35:39.348 | INFO     | autoports.qwen_qwen3_coder_30b_a3b_instruct.tests.test_optimized_decoder:test_optimized_decode_batch:498 - optimized decode batch=32 user 0 vs HF: 0.9993015593450881
2026-08-18 05:35:39.429 | INFO     | autoports.qwen_qwen3_coder_30b_a3b_instruct.tests.test_optimized_decoder:test_optimized_decode_batch:498 - optimized decode batch=32 user 1 vs HF: 0.9994934633239579
2026-08-18 05:35:39.504 | INFO     | autoports.qwen_qwen3_coder_30b_a3b_instruct.tests.test_optimized_decoder:test_optimized_decode_batch:498 - optimized decode batch=32 user 2 vs HF: 0.9994953954109504
2026-08-18 05:35:39.580 | INFO     | autoports.qwen_qwen3_coder_30b_a3b_instruct.tests.test_optimized_decoder:test_optimized_decode_batch:498 - optimized decode batch=32 user 3 vs HF: 0.9993687384652433
2026-08-18 05:35:39.656 | INFO     | autoports.qwen_qwen3_coder_30b_a3b_instruct.tests.test_optimized_decoder:test_optimized_decode_batch:498 - optimized decode batch=32 user 4 vs HF: 0.9994614571916378
2026-08-18 05:35:39.733 | INFO     | autoports.qwen_qwen3_coder_30b_a3b_instruct.tests.test_optimized_decoder:test_optimized_decode_batch:498 - optimized decode batch=32 user 5 vs HF: 0.9995037156374033
2026-08-18 05:35:39.815 | INFO     | autoports.qwen_qwen3_coder_30b_a3b_instruct.tests.test_optimized_decoder:test_optimized_decode_batch:498 - optimized decode batch=32 user 6 vs HF: 0.999314089603218
2026-08-18 05:35:39.896 | INFO     | autoports.qwen_qwen3_coder_30b_a3b_instruct.tests.test_optimized_decoder:test_optimized_decode_batch:498 - optimized decode batch=32 user 7 vs HF: 0.9993082972687571
2026-08-18 05:35:39.972 | INFO     | autoports.qwen_qwen3_coder_30b_a3b_instruct.tests.test_optimized_decoder:test_optimized_decode_batch:498 - optimized decode batch=32 user 8 vs HF: 0.9992729407309596
2026-08-18 05:35:40.051 | INFO     | autoports.qwen_qwen3_coder_30b_a3b_instruct.tests.test_optimized_decoder:test_optimized_decode_batch:498 - optimized decode batch=32 user 9 vs HF: 0.9992345264502666
2026-08-18 05:35:40.133 | INFO     | autoports.qwen_qwen3_coder_30b_a3b_instruct.tests.test_optimized_decoder:test_optimized_decode_batch:498 - optimized decode batch=32 user 10 vs HF: 0.9952653229990375
2026-08-18 05:35:40.207 | INFO     | autoports.qwen_qwen3_coder_30b_a3b_instruct.tests.test_optimized_decoder:test_optimized_decode_batch:498 - optimized decode batch=32 user 11 vs HF: 0.9995927071502643
2026-08-18 05:35:40.287 | INFO     | autoports.qwen_qwen3_coder_30b_a3b_instruct.tests.test_optimized_decoder:test_optimized_decode_batch:498 - optimized decode batch=32 user 12 vs HF: 0.9990876299953922
2026-08-18 05:35:40.365 | INFO     | autoports.qwen_qwen3_coder_30b_a3b_instruct.tests.test_optimized_decoder:test_optimized_decode_batch:498 - optimized decode batch=32 user 13 vs HF: 0.9940779262117728
2026-08-18 05:35:40.439 | INFO     | autoports.qwen_qwen3_coder_30b_a3b_instruct.tests.test_optimized_decoder:test_optimized_decode_batch:498 - optimized decode batch=32 user 14 vs HF: 0.9992491474909109
2026-08-18 05:35:40.524 | INFO     | autoports.qwen_qwen3_coder_30b_a3b_instruct.tests.test_optimized_decoder:test_optimized_decode_batch:498 - optimized decode batch=32 user 15 vs HF: 0.9994929016185573
2026-08-18 05:35:40.612 | INFO     | autoports.qwen_qwen3_coder_30b_a3b_instruct.tests.test_optimized_decoder:test_optimized_decode_batch:498 - optimized decode batch=32 user 16 vs HF: 0.999102293789881
2026-08-18 05:35:40.693 | INFO     | autoports.qwen_qwen3_coder_30b_a3b_instruct.tests.test_optimized_decoder:test_optimized_decode_batch:498 - optimized decode batch=32 user 17 vs HF: 0.999155995556426
2026-08-18 05:35:40.788 | INFO     | autoports.qwen_qwen3_coder_30b_a3b_instruct.tests.test_optimized_decoder:test_optimized_decode_batch:498 - optimized decode batch=32 user 18 vs HF: 0.9993809208861516
2026-08-18 05:35:40.878 | INFO     | autoports.qwen_qwen3_coder_30b_a3b_instruct.tests.test_optimized_decoder:test_optimized_decode_batch:498 - optimized decode batch=32 user 19 vs HF: 0.9996304755385592
2026-08-18 05:35:40.960 | INFO     | autoports.qwen_qwen3_coder_30b_a3b_instruct.tests.test_optimized_decoder:test_optimized_decode_batch:498 - optimized decode batch=32 user 20 vs HF: 0.9992465283501994
2026-08-18 05:35:41.040 | INFO     | autoports.qwen_qwen3_coder_30b_a3b_instruct.tests.test_optimized_decoder:test_optimized_decode_batch:498 - optimized decode batch=32 user 21 vs HF: 0.9991092847067605
2026-08-18 05:35:41.119 | INFO     | autoports.qwen_qwen3_coder_30b_a3b_instruct.tests.test_optimized_decoder:test_optimized_decode_batch:498 - optimized decode batch=32 user 22 vs HF: 0.9993739411447842
2026-08-18 05:35:41.199 | INFO     | autoports.qwen_qwen3_coder_30b_a3b_instruct.tests.test_optimized_decoder:test_optimized_decode_batch:498 - optimized decode batch=32 user 23 vs HF: 0.9994572789294301
2026-08-18 05:35:41.281 | INFO     | autoports.qwen_qwen3_coder_30b_a3b_instruct.tests.test_optimized_decoder:test_optimized_decode_batch:498 - optimized decode batch=32 user 24 vs HF: 0.9994350485302137
2026-08-18 05:35:41.361 | INFO     | autoports.qwen_qwen3_coder_30b_a3b_instruct.tests.test_optimized_decoder:test_optimized_decode_batch:498 - optimized decode batch=32 user 25 vs HF: 0.99902098239808
2026-08-18 05:35:41.440 | INFO     | autoports.qwen_qwen3_coder_30b_a3b_instruct.tests.test_optimized_decoder:test_optimized_decode_batch:498 - optimized decode batch=32 user 26 vs HF: 0.9995139472537292
2026-08-18 05:35:41.528 | INFO     | autoports.qwen_qwen3_coder_30b_a3b_instruct.tests.test_optimized_decoder:test_optimized_decode_batch:498 - optimized decode batch=32 user 27 vs HF: 0.9995086324006477
2026-08-18 05:35:41.617 | INFO     | autoports.qwen_qwen3_coder_30b_a3b_instruct.tests.test_optimized_decoder:test_optimized_decode_batch:498 - optimized decode batch=32 user 28 vs HF: 0.9993417577555798
2026-08-18 05:35:41.701 | INFO     | autoports.qwen_qwen3_coder_30b_a3b_instruct.tests.test_optimized_decoder:test_optimized_decode_batch:498 - optimized decode batch=32 user 29 vs HF: 0.9933105642442985
2026-08-18 05:35:41.775 | INFO     | autoports.qwen_qwen3_coder_30b_a3b_instruct.tests.test_optimized_decoder:test_optimized_decode_batch:498 - optimized decode batch=32 user 30 vs HF: 0.999319029979169
2026-08-18 05:35:41.854 | INFO     | autoports.qwen_qwen3_coder_30b_a3b_instruct.tests.test_optimized_decoder:test_optimized_decode_batch:498 - optimized decode batch=32 user 31 vs HF: 0.9994749254723151
PASSED
models/autoports/qwen_qwen3_coder_30b_a3b_instruct/tests/test_rmsnorm.py::test_rmsnorm_vs_reference[blackhole-input_decode-1x1] 2026-08-18 05:35:43.008 | INFO     | conftest:mesh_device:612 - No trace region size for (1, 1)
2026-08-18 05:35:43.055 | warning  |           Metal | Opening subset of mmio devices slows down UMD read/write to remote chips. If opening more devices, consider using CreateDevices API. (device_manager.cpp:264)
2026-08-18 05:35:43.056 | warning  |           Metal | Failed to create shared memory /tt_device_154095682331104_memory: Permission denied (memory_stats_shm.cpp:60)
2026-08-18 05:35:43.693 | DEBUG    | conftest:mesh_device:630 - multidevice with 1 devices is created
2026-08-18 05:35:43.695 | INFO     | models.common.modules.lazy_weight:get_device_weight:120 - [32m[cache hit][0m Loading tensor from cache: model_cache/qwen3_coder_30b_a3b/rmsnorm/input_layernorm_L0_srcshape_1_1_64_32_dtype_BFLOAT16_layout_ROW_MAJOR_replicated_device_90.tensorbin
2026-08-18 05:35:43.699 | INFO     | autoports.qwen_qwen3_coder_30b_a3b_instruct.tests.test_rmsnorm:test_rmsnorm_vs_reference:97 - (False, 'Max ATOL Delta: 0.000244140625, Max RTOL Delta: 0.01446533203125')
2026-08-18 05:35:43.699 | INFO     | autoports.qwen_qwen3_coder_30b_a3b_instruct.tests.test_rmsnorm:test_rmsnorm_vs_reference:98 - RMSNorm[input_layernorm] decode seq=1: 0.9999944057434491
PASSED
models/autoports/qwen_qwen3_coder_30b_a3b_instruct/tests/test_attention_decode.py::test_decode_matches_prefill_at_same_position[blackhole-paged64-p32-1x1] 2026-08-18 05:35:44.966 | INFO     | conftest:mesh_device:612 - No trace region size for (1, 1)
2026-08-18 05:35:45.016 | warning  |           Metal | Opening subset of mmio devices slows down UMD read/write to remote chips. If opening more devices, consider using CreateDevices API. (device_manager.cpp:264)
2026-08-18 05:35:45.017 | warning  |           Metal | Failed to create shared memory /tt_device_154095682331104_memory: Permission denied (memory_stats_shm.cpp:60)
2026-08-18 05:35:45.069 | DEBUG    | conftest:mesh_device:630 - multidevice with 1 devices is created
2026-08-18 05:35:45.145 | INFO     | autoports.qwen_qwen3_coder_30b_a3b_instruct.tests.test_attention_decode:test_decode_matches_prefill_at_same_position:114 - (False, 'Max ATOL Delta: 0.00241059809923172, Max RTOL Delta: 65.85342407226562')
2026-08-18 05:35:45.145 | INFO     | autoports.qwen_qwen3_coder_30b_a3b_instruct.tests.test_attention_decode:test_decode_matches_prefill_at_same_position:116 - decode at pos 32 [paged(block=64)]: 0.9995292872960986
PASSED
models/autoports/qwen_qwen3_coder_30b_a3b_instruct/tests/test_decoder_layer.py::test_decoder_layer_vs_reference[blackhole-s100-1x1] 2026-08-18 05:35:46.900 | INFO     | conftest:mesh_device:612 - No trace region size for (1, 1)
2026-08-18 05:35:46.947 | warning  |           Metal | Opening subset of mmio devices slows down UMD read/write to remote chips. If opening more devices, consider using CreateDevices API. (device_manager.cpp:264)
2026-08-18 05:35:46.947 | warning  |           Metal | Failed to create shared memory /tt_device_154095682331104_memory: Permission denied (memory_stats_shm.cpp:60)
2026-08-18 05:35:46.999 | DEBUG    | conftest:mesh_device:630 - multidevice with 1 devices is created
2026-08-18 05:35:49.333 | INFO     | autoports.qwen_qwen3_coder_30b_a3b_instruct.tests.test_decoder_layer:test_decoder_layer_vs_reference:112 - (False, 'Max ATOL Delta: 0.029276806861162186, Max RTOL Delta: inf')
2026-08-18 05:35:49.333 | INFO     | autoports.qwen_qwen3_coder_30b_a3b_instruct.tests.test_decoder_layer:test_decoder_layer_vs_reference:113 - decoder layer seq=100: 0.9995053438011939
PASSED
models/autoports/qwen_qwen3_coder_30b_a3b_instruct/tests/test_multichip_decoder.py::test_topk_is_identical_across_dies[blackhole-4-1x4-device_params0] 2026-08-18 05:35:51.182 | INFO     | conftest:mesh_device:600 - Keeping trace_region_size=90000000 from device_params (already set)
2026-08-18 05:35:51.182 | info     |           Metal | Fabric config changed from FabricConfig::FABRIC_1D_RING to FabricConfig::FABRIC_1D_RING, reinitializing control plane (metal_env.cpp:337)
2026-08-18 05:35:51.182 | info     |     Distributed | Using auto discovery to generate mesh graph. (metal_env.cpp:437)
2026-08-18 05:35:51.182 | info     |     Distributed | Constructing control plane using auto-discovery (no mesh graph descriptor). (metal_env.cpp:499)
2026-08-18 05:35:51.182 | info     |          Fabric | Logical multi-mesh adjacency: intermesh degree histogram {0:1}; intra-mesh degree histograms mesh0 {2:4} (topology_mapper_utils.cpp:3329)
2026-08-18 05:35:51.182 | info     |          Fabric | Physical multi-mesh adjacency: intermesh degree histogram {0:1}; intra-mesh degree histograms mesh0 {2:4} (topology_mapper_utils.cpp:3337)
2026-08-18 05:35:51.233 | warning  |           Metal | Failed to create shared memory /tt_device_154095682331393_memory: Permission denied (memory_stats_shm.cpp:60)
2026-08-18 05:35:51.234 | warning  |           Metal | Failed to create shared memory /tt_device_154095682331392_memory: Permission denied (memory_stats_shm.cpp:60)
2026-08-18 05:35:51.234 | warning  |           Metal | Failed to create shared memory /tt_device_154095682331105_memory: Permission denied (memory_stats_shm.cpp:60)
2026-08-18 05:35:51.235 | warning  |           Metal | Failed to create shared memory /tt_device_154095682331104_memory: Permission denied (memory_stats_shm.cpp:60)
2026-08-18 05:35:51.236 | info     |           Metal | Initializing Fabric (fabric_firmware_initializer.cpp:296)
2026-08-18 05:35:51.252 | info     |           Metal | Fabric initialized on 4 devices (fabric_firmware_initializer.cpp:444)
2026-08-18 05:35:51.253 | info     |           Metal | Fabric Initialized with config FabricConfig::FABRIC_1D_RING (fabric_firmware_initializer.cpp:313)
2026-08-18 05:35:51.910 | DEBUG    | conftest:mesh_device:630 - multidevice with 4 devices is created
2026-08-18 05:35:56.352 | INFO     | autoports.qwen_qwen3_coder_30b_a3b_instruct.tests.test_multichip_decoder:test_topk_is_identical_across_dies:292 - topk seed=4: 4 dies bit-identical over 1024 selections
PASSED
models/autoports/qwen_qwen3_coder_30b_a3b_instruct/tests/test_multichip_decoder.py::test_multichip_prefill_vs_single_chip[blackhole-s100-1x4-device_params0] 2026-08-18 05:35:56.727 | INFO     | conftest:mesh_device:600 - Keeping trace_region_size=90000000 from device_params (already set)
2026-08-18 05:35:56.727 | info     |           Metal | Fabric config changed from FabricConfig::FABRIC_1D_RING to FabricConfig::FABRIC_1D_RING, reinitializing control plane (metal_env.cpp:337)
2026-08-18 05:35:56.727 | info     |     Distributed | Using auto discovery to generate mesh graph. (metal_env.cpp:437)
2026-08-18 05:35:56.727 | info     |     Distributed | Constructing control plane using auto-discovery (no mesh graph descriptor). (metal_env.cpp:499)
2026-08-18 05:35:56.728 | info     |          Fabric | Logical multi-mesh adjacency: intermesh degree histogram {0:1}; intra-mesh degree histograms mesh0 {2:4} (topology_mapper_utils.cpp:3329)
2026-08-18 05:35:56.728 | info     |          Fabric | Physical multi-mesh adjacency: intermesh degree histogram {0:1}; intra-mesh degree histograms mesh0 {2:4} (topology_mapper_utils.cpp:3337)
2026-08-18 05:35:56.776 | warning  |           Metal | Failed to create shared memory /tt_device_154095682331393_memory: Permission denied (memory_stats_shm.cpp:60)
2026-08-18 05:35:56.776 | warning  |           Metal | Failed to create shared memory /tt_device_154095682331392_memory: Permission denied (memory_stats_shm.cpp:60)
2026-08-18 05:35:56.777 | warning  |           Metal | Failed to create shared memory /tt_device_154095682331105_memory: Permission denied (memory_stats_shm.cpp:60)
2026-08-18 05:35:56.777 | warning  |           Metal | Failed to create shared memory /tt_device_154095682331104_memory: Permission denied (memory_stats_shm.cpp:60)
2026-08-18 05:35:56.779 | info     |           Metal | Initializing Fabric (fabric_firmware_initializer.cpp:296)
2026-08-18 05:35:56.795 | info     |           Metal | Fabric initialized on 4 devices (fabric_firmware_initializer.cpp:444)
2026-08-18 05:35:56.795 | info     |           Metal | Fabric Initialized with config FabricConfig::FABRIC_1D_RING (fabric_firmware_initializer.cpp:313)
2026-08-18 05:35:56.866 | DEBUG    | conftest:mesh_device:630 - multidevice with 4 devices is created
2026-08-18 05:36:01.454 | INFO     | autoports.qwen_qwen3_coder_30b_a3b_instruct.tests.test_multichip_decoder:test_multichip_prefill_vs_single_chip:351 - multichip prefill S=100 vs single-chip TTNN: 0.9998680715538794
PASSED
models/autoports/qwen_qwen3_coder_30b_a3b_instruct/tests/test_optimized_decoder.py::test_optimized_prefill_vs_reference[blackhole-s100-1x1] 2026-08-18 05:36:03.354 | INFO     | conftest:mesh_device:612 - No trace region size for (1, 1)
2026-08-18 05:36:03.401 | warning  |           Metal | Opening subset of mmio devices slows down UMD read/write to remote chips. If opening more devices, consider using CreateDevices API. (device_manager.cpp:264)
2026-08-18 05:36:03.401 | warning  |           Metal | Failed to create shared memory /tt_device_154095682331104_memory: Permission denied (memory_stats_shm.cpp:60)
2026-08-18 05:36:03.453 | DEBUG    | conftest:mesh_device:630 - multidevice with 1 devices is created
2026-08-18 05:36:05.364 | INFO     | autoports.qwen_qwen3_coder_30b_a3b_instruct.tests.test_optimized_decoder:test_optimized_prefill_vs_reference:133 - optimized prefill seq=100: 0.999098605916036
PASSED
models/autoports/qwen_qwen3_coder_30b_a3b_instruct/tests/test_attention_decode.py::test_decode_matches_prefill_at_same_position[blackhole-paged64-p128-1x1] 2026-08-18 05:36:06.764 | INFO     | conftest:mesh_device:612 - No trace region size for (1, 1)
2026-08-18 05:36:06.810 | warning  |           Metal | Opening subset of mmio devices slows down UMD read/write to remote chips. If opening more devices, consider using CreateDevices API. (device_manager.cpp:264)
2026-08-18 05:36:06.811 | warning  |           Metal | Failed to create shared memory /tt_device_154095682331104_memory: Permission denied (memory_stats_shm.cpp:60)
2026-08-18 05:36:06.861 | DEBUG    | conftest:mesh_device:630 - multidevice with 1 devices is created
2026-08-18 05:36:06.931 | INFO     | autoports.qwen_qwen3_coder_30b_a3b_instruct.tests.test_attention_decode:test_decode_matches_prefill_at_same_position:114 - (False, 'Max ATOL Delta: 0.0011836346238851547, Max RTOL Delta: 96.84754180908203')
2026-08-18 05:36:06.931 | INFO     | autoports.qwen_qwen3_coder_30b_a3b_instruct.tests.test_attention_decode:test_decode_matches_prefill_at_same_position:116 - decode at pos 128 [paged(block=64)]: 0.999446276315806
PASSED
models/autoports/qwen_qwen3_coder_30b_a3b_instruct/tests/test_decoder_layer.py::test_decoder_layer_vs_reference[blackhole-s257-1x1] 2026-08-18 05:36:08.679 | INFO     | conftest:mesh_device:612 - No trace region size for (1, 1)
2026-08-18 05:36:08.726 | warning  |           Metal | Opening subset of mmio devices slows down UMD read/write to remote chips. If opening more devices, consider using CreateDevices API. (device_manager.cpp:264)
2026-08-18 05:36:08.726 | warning  |           Metal | Failed to create shared memory /tt_device_154095682331104_memory: Permission denied (memory_stats_shm.cpp:60)
2026-08-18 05:36:08.777 | DEBUG    | conftest:mesh_device:630 - multidevice with 1 devices is created
2026-08-18 05:36:11.238 | INFO     | autoports.qwen_qwen3_coder_30b_a3b_instruct.tests.test_decoder_layer:test_decoder_layer_vs_reference:112 - (False, 'Max ATOL Delta: 0.08000607788562775, Max RTOL Delta: inf')
2026-08-18 05:36:11.238 | INFO     | autoports.qwen_qwen3_coder_30b_a3b_instruct.tests.test_decoder_layer:test_decoder_layer_vs_reference:113 - decoder layer seq=257: 0.9994165932237048
PASSED
models/autoports/qwen_qwen3_coder_30b_a3b_instruct/tests/test_multichip_decoder.py::test_topk_is_identical_across_dies[blackhole-5-1x4-device_params0] 2026-08-18 05:36:13.184 | INFO     | conftest:mesh_device:600 - Keeping trace_region_size=90000000 from device_params (already set)
2026-08-18 05:36:13.185 | info     |           Metal | Fabric config changed from FabricConfig::FABRIC_1D_RING to FabricConfig::FABRIC_1D_RING, reinitializing control plane (metal_env.cpp:337)
2026-08-18 05:36:13.185 | info     |     Distributed | Using auto discovery to generate mesh graph. (metal_env.cpp:437)
2026-08-18 05:36:13.185 | info     |     Distributed | Constructing control plane using auto-discovery (no mesh graph descriptor). (metal_env.cpp:499)
2026-08-18 05:36:13.185 | info     |          Fabric | Logical multi-mesh adjacency: intermesh degree histogram {0:1}; intra-mesh degree histograms mesh0 {2:4} (topology_mapper_utils.cpp:3329)
2026-08-18 05:36:13.185 | info     |          Fabric | Physical multi-mesh adjacency: intermesh degree histogram {0:1}; intra-mesh degree histograms mesh0 {2:4} (topology_mapper_utils.cpp:3337)
2026-08-18 05:36:13.233 | warning  |           Metal | Failed to create shared memory /tt_device_154095682331393_memory: Permission denied (memory_stats_shm.cpp:60)
2026-08-18 05:36:13.233 | warning  |           Metal | Failed to create shared memory /tt_device_154095682331392_memory: Permission denied (memory_stats_shm.cpp:60)
2026-08-18 05:36:13.234 | warning  |           Metal | Failed to create shared memory /tt_device_154095682331105_memory: Permission denied (memory_stats_shm.cpp:60)
2026-08-18 05:36:13.234 | warning  |           Metal | Failed to create shared memory /tt_device_154095682331104_memory: Permission denied (memory_stats_shm.cpp:60)
2026-08-18 05:36:13.238 | info     |           Metal | Initializing Fabric (fabric_firmware_initializer.cpp:296)
2026-08-18 05:36:13.253 | info     |           Metal | Fabric initialized on 4 devices (fabric_firmware_initializer.cpp:444)
2026-08-18 05:36:13.253 | info     |           Metal | Fabric Initialized with config FabricConfig::FABRIC_1D_RING (fabric_firmware_initializer.cpp:313)
2026-08-18 05:36:13.326 | DEBUG    | conftest:mesh_device:630 - multidevice with 4 devices is created
2026-08-18 05:36:17.822 | INFO     | autoports.qwen_qwen3_coder_30b_a3b_instruct.tests.test_multichip_decoder:test_topk_is_identical_across_dies:292 - topk seed=5: 4 dies bit-identical over 1024 selections
PASSED
models/autoports/qwen_qwen3_coder_30b_a3b_instruct/tests/test_multichip_decoder.py::test_multichip_prefill_vs_single_chip[blackhole-s257-1x4-device_params0] 2026-08-18 05:36:18.196 | INFO     | conftest:mesh_device:600 - Keeping trace_region_size=90000000 from device_params (already set)
2026-08-18 05:36:18.196 | info     |           Metal | Fabric config changed from FabricConfig::FABRIC_1D_RING to FabricConfig::FABRIC_1D_RING, reinitializing control plane (metal_env.cpp:337)
2026-08-18 05:36:18.196 | info     |     Distributed | Using auto discovery to generate mesh graph. (metal_env.cpp:437)
2026-08-18 05:36:18.196 | info     |     Distributed | Constructing control plane using auto-discovery (no mesh graph descriptor). (metal_env.cpp:499)
2026-08-18 05:36:18.197 | info     |          Fabric | Logical multi-mesh adjacency: intermesh degree histogram {0:1}; intra-mesh degree histograms mesh0 {2:4} (topology_mapper_utils.cpp:3329)
2026-08-18 05:36:18.197 | info     |          Fabric | Physical multi-mesh adjacency: intermesh degree histogram {0:1}; intra-mesh degree histograms mesh0 {2:4} (topology_mapper_utils.cpp:3337)
2026-08-18 05:36:18.245 | warning  |           Metal | Failed to create shared memory /tt_device_154095682331393_memory: Permission denied (memory_stats_shm.cpp:60)
2026-08-18 05:36:18.246 | warning  |           Metal | Failed to create shared memory /tt_device_154095682331392_memory: Permission denied (memory_stats_shm.cpp:60)
2026-08-18 05:36:18.246 | warning  |           Metal | Failed to create shared memory /tt_device_154095682331105_memory: Permission denied (memory_stats_shm.cpp:60)
2026-08-18 05:36:18.246 | warning  |           Metal | Failed to create shared memory /tt_device_154095682331104_memory: Permission denied (memory_stats_shm.cpp:60)
2026-08-18 05:36:18.248 | info     |           Metal | Initializing Fabric (fabric_firmware_initializer.cpp:296)
2026-08-18 05:36:18.264 | info     |           Metal | Fabric initialized on 4 devices (fabric_firmware_initializer.cpp:444)
2026-08-18 05:36:18.264 | info     |           Metal | Fabric Initialized with config FabricConfig::FABRIC_1D_RING (fabric_firmware_initializer.cpp:313)
2026-08-18 05:36:18.339 | DEBUG    | conftest:mesh_device:630 - multidevice with 4 devices is created
2026-08-18 05:36:22.958 | INFO     | autoports.qwen_qwen3_coder_30b_a3b_instruct.tests.test_multichip_decoder:test_multichip_prefill_vs_single_chip:351 - multichip prefill S=257 vs single-chip TTNN: 0.9997130463493856
PASSED
models/autoports/qwen_qwen3_coder_30b_a3b_instruct/tests/test_optimized_decoder.py::test_optimized_prefill_vs_reference[blackhole-s257-1x1] 2026-08-18 05:36:24.787 | INFO     | conftest:mesh_device:612 - No trace region size for (1, 1)
2026-08-18 05:36:24.834 | warning  |           Metal | Opening subset of mmio devices slows down UMD read/write to remote chips. If opening more devices, consider using CreateDevices API. (device_manager.cpp:264)
2026-08-18 05:36:24.834 | warning  |           Metal | Failed to create shared memory /tt_device_154095682331104_memory: Permission denied (memory_stats_shm.cpp:60)
2026-08-18 05:36:24.885 | DEBUG    | conftest:mesh_device:630 - multidevice with 1 devices is created
2026-08-18 05:36:26.760 | INFO     | autoports.qwen_qwen3_coder_30b_a3b_instruct.tests.test_optimized_decoder:test_optimized_prefill_vs_reference:133 - optimized prefill seq=257: 0.9989918463825027
PASSED
models/autoports/qwen_qwen3_coder_30b_a3b_instruct/tests/test_full_model.py::test_generator_implements_the_contract 2026-08-18 05:36:27.058 | info     |           Metal | Fabric config changed from FabricConfig::FABRIC_1D_RING to FabricConfig::FABRIC_1D_RING, reinitializing control plane (metal_env.cpp:337)
2026-08-18 05:36:27.058 | info     |     Distributed | Using auto discovery to generate mesh graph. (metal_env.cpp:437)
2026-08-18 05:36:27.058 | info     |     Distributed | Constructing control plane using auto-discovery (no mesh graph descriptor). (metal_env.cpp:499)
2026-08-18 05:36:27.059 | info     |          Fabric | Logical multi-mesh adjacency: intermesh degree histogram {0:1}; intra-mesh degree histograms mesh0 {2:4} (topology_mapper_utils.cpp:3329)
2026-08-18 05:36:27.059 | info     |          Fabric | Physical multi-mesh adjacency: intermesh degree histogram {0:1}; intra-mesh degree histograms mesh0 {2:4} (topology_mapper_utils.cpp:3337)
2026-08-18 05:36:27.107 | warning  |           Metal | Failed to create shared memory /tt_device_154095682331393_memory: Permission denied (memory_stats_shm.cpp:60)
2026-08-18 05:36:27.107 | warning  |           Metal | Failed to create shared memory /tt_device_154095682331392_memory: Permission denied (memory_stats_shm.cpp:60)
2026-08-18 05:36:27.108 | warning  |           Metal | Failed to create shared memory /tt_device_154095682331105_memory: Permission denied (memory_stats_shm.cpp:60)
2026-08-18 05:36:27.108 | warning  |           Metal | Failed to create shared memory /tt_device_154095682331104_memory: Permission denied (memory_stats_shm.cpp:60)
2026-08-18 05:36:27.109 | info     |           Metal | Initializing Fabric (fabric_firmware_initializer.cpp:296)
2026-08-18 05:36:27.125 | info     |           Metal | Fabric initialized on 4 devices (fabric_firmware_initializer.cpp:444)
2026-08-18 05:36:27.125 | info     |           Metal | Fabric Initialized with config FabricConfig::FABRIC_1D_RING (fabric_firmware_initializer.cpp:313)
PASSED
models/autoports/qwen_qwen3_coder_30b_a3b_instruct/tests/test_full_model.py::test_split_sampling_feeds_its_own_token_back_on_device PASSED
models/autoports/qwen_qwen3_coder_30b_a3b_instruct/tests/test_full_model.py::test_steady_state_decode_does_no_host_work PASSED
models/autoports/qwen_qwen3_coder_30b_a3b_instruct/tests/test_full_model.py::test_unchanged_page_table_costs_no_host_copy PASSED
models/autoports/qwen_qwen3_coder_30b_a3b_instruct/tests/test_full_model.py::test_device_split_sampling_matches_host_argmax 2026-08-18 05:36:39.137 | warning  |              Op | The following ttnn.all_gather args are deprecated and will be removed in September-2026: num_links, topology, chunks_per_sync, num_workers_per_link, num_buffers_per_channel, use_l1_small_for_semaphores. (all_gather.cpp:148)
2026-08-18 05:36:39.137 | warning  |              Op | Allocating semaphores in L1, which may fragment L1 and reduce headroom for subsequent op allocations. Configure an L1_SMALL region to mitigate this. (all_gather_unicast_factory.cpp:56)
2026-08-18 05:36:39.137 | warning  |              Op | Fabric packet size 4352 B is suboptimal for transporting 2048 B pages. Configure 8192 B packet size to maximize throughput. (ccl_common.cpp:70)
2026-08-18 05:36:39.138 | warning  |              Op | Fabric packet size 4352 B is suboptimal for transporting 2048 B pages. Configure 8192 B packet size to maximize throughput. (ccl_common.cpp:70)
2026-08-18 05:36:39.138 | warning  |              Op | Fabric packet size 4352 B is suboptimal for transporting 2048 B pages. Configure 8192 B packet size to maximize throughput. (ccl_common.cpp:70)
2026-08-18 05:36:39.138 | warning  |              Op | Fabric packet size 4352 B is suboptimal for transporting 2048 B pages. Configure 8192 B packet size to maximize throughput. (ccl_common.cpp:70)
2026-08-18 05:36:39.150 | warning  |              Op | The following ttnn.all_gather args are deprecated and will be removed in September-2026: num_links, topology, chunks_per_sync, num_workers_per_link, num_buffers_per_channel, use_l1_small_for_semaphores. (all_gather.cpp:148)
2026-08-18 05:36:39.150 | warning  |              Op | Allocating semaphores in L1, which may fragment L1 and reduce headroom for subsequent op allocations. Configure an L1_SMALL region to mitigate this. (all_gather_unicast_factory.cpp:56)
2026-08-18 05:36:39.151 | warning  |              Op | Fabric packet size 4352 B is suboptimal for transporting 2048 B pages. Configure 8192 B packet size to maximize throughput. (ccl_common.cpp:70)
2026-08-18 05:36:39.151 | warning  |              Op | Fabric packet size 4352 B is suboptimal for transporting 2048 B pages. Configure 8192 B packet size to maximize throughput. (ccl_common.cpp:70)
2026-08-18 05:36:39.152 | warning  |              Op | Fabric packet size 4352 B is suboptimal for transporting 2048 B pages. Configure 8192 B packet size to maximize throughput. (ccl_common.cpp:70)
2026-08-18 05:36:39.152 | warning  |              Op | Fabric packet size 4352 B is suboptimal for transporting 2048 B pages. Configure 8192 B packet size to maximize throughput. (ccl_common.cpp:70)
2026-08-18 05:36:39.164 | warning  |              Op | The following ttnn.all_gather args are deprecated and will be removed in September-2026: num_links, topology, chunks_per_sync, num_workers_per_link, num_buffers_per_channel, use_l1_small_for_semaphores. (all_gather.cpp:148)
2026-08-18 05:36:39.175 | warning  |              Op | The following ttnn.all_gather args are deprecated and will be removed in September-2026: num_links, topology, chunks_per_sync, num_workers_per_link, num_buffers_per_channel, use_l1_small_for_semaphores. (all_gather.cpp:148)
2026-08-18 05:36:39.186 | warning  |              Op | The following ttnn.all_gather args are deprecated and will be removed in September-2026: num_links, topology, chunks_per_sync, num_workers_per_link, num_buffers_per_channel, use_l1_small_for_semaphores. (all_gather.cpp:148)
2026-08-18 05:36:39.196 | warning  |              Op | The following ttnn.all_gather args are deprecated and will be removed in September-2026: num_links, topology, chunks_per_sync, num_workers_per_link, num_buffers_per_channel, use_l1_small_for_semaphores. (all_gather.cpp:148)
PASSED
models/autoports/qwen_qwen3_coder_30b_a3b_instruct/tests/test_full_model.py::test_force_argmax_matches_split_sampling 2026-08-18 05:36:39.455 | warning  |              Op | The following ttnn.all_gather args are deprecated and will be removed in September-2026: num_links, topology, chunks_per_sync, num_workers_per_link, num_buffers_per_channel, use_l1_small_for_semaphores. (all_gather.cpp:148)
PASSED
models/autoports/qwen_qwen3_coder_30b_a3b_instruct/tests/test_full_model.py::test_decode_past_the_rope_cache_length_through_the_low_level_api 2026-08-18 05:36:50.447 | INFO     | conftest:expect_error_:922 - [EXPECTED_ERROR BEGIN] RuntimeError message="rotary table"
2026-08-18 05:36:50.549 | INFO     | conftest:expect_error_:927 - [EXPECTED_ERROR END] RuntimeError message="rotary table"
PASSED
models/autoports/qwen_qwen3_coder_30b_a3b_instruct/tests/test_full_model.py::test_eager_decode_grows_the_rope_tables_for_its_position 2026-08-18 05:36:51.014 | warning  |              Op | The following ttnn.all_gather args are deprecated and will be removed in September-2026: num_links, topology, chunks_per_sync, num_workers_per_link, num_buffers_per_channel, use_l1_small_for_semaphores. (all_gather.cpp:148)
2026-08-18 05:36:51.029 | warning  |              Op | The following ttnn.all_gather args are deprecated and will be removed in September-2026: num_links, topology, chunks_per_sync, num_workers_per_link, num_buffers_per_channel, use_l1_small_for_semaphores. (all_gather.cpp:148)
PASSED
models/autoports/qwen_qwen3_coder_30b_a3b_instruct/tests/test_full_model.py::test_decode_beyond_the_advertised_context_is_refused 2026-08-18 05:36:51.276 | INFO     | conftest:expect_error_:922 - [EXPECTED_ERROR BEGIN] ValueError message="exceeds the supported context"
2026-08-18 05:36:51.276 | INFO     | conftest:expect_error_:927 - [EXPECTED_ERROR END] ValueError message="exceeds the supported context"
PASSED
models/autoports/qwen_qwen3_coder_30b_a3b_instruct/tests/test_full_model.py::test_top_k_top_p_sampling_runs_through_a_traced_generate 2026-08-18 05:36:51.553 | warning  |              Op | The following ttnn.all_gather args are deprecated and will be removed in September-2026: num_links, topology, chunks_per_sync, num_workers_per_link, num_buffers_per_channel, use_l1_small_for_semaphores. (all_gather.cpp:148)
2026-08-18 05:36:51.553 | warning  |              Op | Allocating semaphores in L1, which may fragment L1 and reduce headroom for subsequent op allocations. Configure an L1_SMALL region to mitigate this. (all_gather_multicast_factory.cpp:42)
2026-08-18 05:36:51.559 | warning  |              Op | Fabric packet size 4352 B is suboptimal for transporting 2048 B pages. Configure 8192 B packet size to maximize throughput. (ccl_common.cpp:70)
2026-08-18 05:36:51.559 | warning  |              Op | Fabric packet size 4352 B is suboptimal for transporting 2048 B pages. Configure 8192 B packet size to maximize throughput. (ccl_common.cpp:70)
2026-08-18 05:36:51.559 | warning  |              Op | Fabric packet size 4352 B is suboptimal for transporting 2048 B pages. Configure 8192 B packet size to maximize throughput. (ccl_common.cpp:70)
2026-08-18 05:36:51.560 | warning  |              Op | Fabric packet size 4352 B is suboptimal for transporting 2048 B pages. Configure 8192 B packet size to maximize throughput. (ccl_common.cpp:70)
2026-08-18 05:36:51.561 | warning  |              Op | The following ttnn.all_gather args are deprecated and will be removed in September-2026: num_links, topology, chunks_per_sync, num_workers_per_link, num_buffers_per_channel, use_l1_small_for_semaphores. (all_gather.cpp:148)
2026-08-18 05:36:51.561 | warning  |              Op | Allocating semaphores in L1, which may fragment L1 and reduce headroom for subsequent op allocations. Configure an L1_SMALL region to mitigate this. (all_gather_multicast_factory.cpp:42)
2026-08-18 05:36:51.561 | warning  |              Op | Fabric packet size 4352 B is suboptimal for transporting 2048 B pages. Configure 8192 B packet size to maximize throughput. (ccl_common.cpp:70)
2026-08-18 05:36:51.561 | warning  |              Op | Fabric packet size 4352 B is suboptimal for transporting 2048 B pages. Configure 8192 B packet size to maximize throughput. (ccl_common.cpp:70)
2026-08-18 05:36:51.561 | warning  |              Op | Fabric packet size 4352 B is suboptimal for transporting 2048 B pages. Configure 8192 B packet size to maximize throughput. (ccl_common.cpp:70)
2026-08-18 05:36:51.561 | warning  |              Op | Fabric packet size 4352 B is suboptimal for transporting 2048 B pages. Configure 8192 B packet size to maximize throughput. (ccl_common.cpp:70)
2026-08-18 05:36:51.583 | warning  |              Op | The following ttnn.all_gather args are deprecated and will be removed in September-2026: num_links, topology, chunks_per_sync, num_workers_per_link, num_buffers_per_channel, use_l1_small_for_semaphores. (all_gather.cpp:148)
2026-08-18 05:36:51.583 | warning  |              Op | The following ttnn.all_gather args are deprecated and will be removed in September-2026: num_links, topology, chunks_per_sync, num_workers_per_link, num_buffers_per_channel, use_l1_small_for_semaphores. (all_gather.cpp:148)
2026-08-18 05:36:51.597 | warning  |              Op | The following ttnn.all_gather args are deprecated and will be removed in September-2026: num_links, topology, chunks_per_sync, num_workers_per_link, num_buffers_per_channel, use_l1_small_for_semaphores. (all_gather.cpp:148)
2026-08-18 05:36:51.597 | warning  |              Op | The following ttnn.all_gather args are deprecated and will be removed in September-2026: num_links, topology, chunks_per_sync, num_workers_per_link, num_buffers_per_channel, use_l1_small_for_semaphores. (all_gather.cpp:148)
PASSED
models/autoports/qwen_qwen3_coder_30b_a3b_instruct/tests/test_full_model.py::test_alternating_sampling_modes_recapture_the_traces 2026-08-18 05:36:51.907 | warning  |              Op | The following ttnn.all_gather args are deprecated and will be removed in September-2026: num_links, topology, chunks_per_sync, num_workers_per_link, num_buffers_per_channel, use_l1_small_for_semaphores. (all_gather.cpp:148)
2026-08-18 05:36:51.907 | warning  |              Op | The following ttnn.all_gather args are deprecated and will be removed in September-2026: num_links, topology, chunks_per_sync, num_workers_per_link, num_buffers_per_channel, use_l1_small_for_semaphores. (all_gather.cpp:148)
2026-08-18 05:36:51.921 | warning  |              Op | The following ttnn.all_gather args are deprecated and will be removed in September-2026: num_links, topology, chunks_per_sync, num_workers_per_link, num_buffers_per_channel, use_l1_small_for_semaphores. (all_gather.cpp:148)
2026-08-18 05:36:51.921 | warning  |              Op | The following ttnn.all_gather args are deprecated and will be removed in September-2026: num_links, topology, chunks_per_sync, num_workers_per_link, num_buffers_per_channel, use_l1_small_for_semaphores. (all_gather.cpp:148)
PASSED
models/autoports/qwen_qwen3_coder_30b_a3b_instruct/tests/test_full_model.py::test_temperature_zero_is_spelled_as_greedy PASSED
models/autoports/qwen_qwen3_coder_30b_a3b_instruct/tests/test_full_model.py::test_set_sampling_params_releases_traces_only_on_a_mode_flip 2026-08-18 05:36:52.500 | warning  |              Op | The following ttnn.all_gather args are deprecated and will be removed in September-2026: num_links, topology, chunks_per_sync, num_workers_per_link, num_buffers_per_channel, use_l1_small_for_semaphores. (all_gather.cpp:148)
2026-08-18 05:36:52.501 | warning  |              Op | The following ttnn.all_gather args are deprecated and will be removed in September-2026: num_links, topology, chunks_per_sync, num_workers_per_link, num_buffers_per_channel, use_l1_small_for_semaphores. (all_gather.cpp:148)
2026-08-18 05:36:52.515 | warning  |              Op | The following ttnn.all_gather args are deprecated and will be removed in September-2026: num_links, topology, chunks_per_sync, num_workers_per_link, num_buffers_per_channel, use_l1_small_for_semaphores. (all_gather.cpp:148)
2026-08-18 05:36:52.515 | warning  |              Op | The following ttnn.all_gather args are deprecated and will be removed in September-2026: num_links, topology, chunks_per_sync, num_workers_per_link, num_buffers_per_channel, use_l1_small_for_semaphores. (all_gather.cpp:148)
PASSED
models/autoports/qwen_qwen3_coder_30b_a3b_instruct/tests/test_full_model.py::test_non_aligned_prompt_lengths[1] 2026-08-18 05:36:52.776 | warning  |              Op | The following ttnn.all_gather args are deprecated and will be removed in September-2026: num_links, topology, chunks_per_sync, num_workers_per_link, num_buffers_per_channel, use_l1_small_for_semaphores. (all_gather.cpp:148)
PASSED
models/autoports/qwen_qwen3_coder_30b_a3b_instruct/tests/test_full_model.py::test_non_aligned_prompt_lengths[31] 2026-08-18 05:36:53.058 | warning  |              Op | The following ttnn.all_gather args are deprecated and will be removed in September-2026: num_links, topology, chunks_per_sync, num_workers_per_link, num_buffers_per_channel, use_l1_small_for_semaphores. (all_gather.cpp:148)
PASSED
models/autoports/qwen_qwen3_coder_30b_a3b_instruct/tests/test_full_model.py::test_non_aligned_prompt_lengths[33] 2026-08-18 05:36:53.325 | warning  |              Op | The following ttnn.all_gather args are deprecated and will be removed in September-2026: num_links, topology, chunks_per_sync, num_workers_per_link, num_buffers_per_channel, use_l1_small_for_semaphores. (all_gather.cpp:148)
PASSED
models/autoports/qwen_qwen3_coder_30b_a3b_instruct/tests/test_full_model.py::test_non_aligned_prompt_lengths[100] 2026-08-18 05:36:53.606 | warning  |              Op | The following ttnn.all_gather args are deprecated and will be removed in September-2026: num_links, topology, chunks_per_sync, num_workers_per_link, num_buffers_per_channel, use_l1_small_for_semaphores. (all_gather.cpp:148)
PASSED
models/autoports/qwen_qwen3_coder_30b_a3b_instruct/tests/test_full_model.py::test_non_aligned_prompt_lengths[127] 2026-08-18 05:36:53.888 | warning  |              Op | The following ttnn.all_gather args are deprecated and will be removed in September-2026: num_links, topology, chunks_per_sync, num_workers_per_link, num_buffers_per_channel, use_l1_small_for_semaphores. (all_gather.cpp:148)
PASSED
models/autoports/qwen_qwen3_coder_30b_a3b_instruct/tests/test_full_model.py::test_non_aligned_prompt_lengths[128] 2026-08-18 05:36:54.153 | warning  |              Op | The following ttnn.all_gather args are deprecated and will be removed in September-2026: num_links, topology, chunks_per_sync, num_workers_per_link, num_buffers_per_channel, use_l1_small_for_semaphores. (all_gather.cpp:148)
PASSED
models/autoports/qwen_qwen3_coder_30b_a3b_instruct/tests/test_full_model.py::test_non_aligned_prompt_lengths[129] 2026-08-18 05:36:54.450 | warning  |              Op | The following ttnn.all_gather args are deprecated and will be removed in September-2026: num_links, topology, chunks_per_sync, num_workers_per_link, num_buffers_per_channel, use_l1_small_for_semaphores. (all_gather.cpp:148)
PASSED
models/autoports/qwen_qwen3_coder_30b_a3b_instruct/tests/test_full_model.py::test_non_aligned_prompt_lengths[257] 2026-08-18 05:36:54.732 | warning  |              Op | The following ttnn.all_gather args are deprecated and will be removed in September-2026: num_links, topology, chunks_per_sync, num_workers_per_link, num_buffers_per_channel, use_l1_small_for_semaphores. (all_gather.cpp:148)
PASSED
models/autoports/qwen_qwen3_coder_30b_a3b_instruct/tests/test_full_model.py::test_non_aligned_prompt_lengths[1000] 2026-08-18 05:36:55.088 | warning  |              Op | The following ttnn.all_gather args are deprecated and will be removed in September-2026: num_links, topology, chunks_per_sync, num_workers_per_link, num_buffers_per_channel, use_l1_small_for_semaphores. (all_gather.cpp:148)
PASSED
models/autoports/qwen_qwen3_coder_30b_a3b_instruct/tests/test_full_model.py::test_return_all_logits_is_sliced_to_the_logical_length 2026-08-18 05:36:55.374 | warning  |              Op | The following ttnn.all_gather args are deprecated and will be removed in September-2026: num_links, topology, chunks_per_sync, num_workers_per_link, num_buffers_per_channel, use_l1_small_for_semaphores. (all_gather.cpp:148)
2026-08-18 05:36:55.375 | warning  |              Op | Allocating semaphores in L1, which may fragment L1 and reduce headroom for subsequent op allocations. Configure an L1_SMALL region to mitigate this. (all_gather_unicast_factory.cpp:56)
2026-08-18 05:36:55.375 | warning  |              Op | Fabric packet size 4352 B is suboptimal for transporting 2048 B pages. Configure 8192 B packet size to maximize throughput. (ccl_common.cpp:70)
2026-08-18 05:36:55.375 | warning  |              Op | Fabric packet size 4352 B is suboptimal for transporting 2048 B pages. Configure 8192 B packet size to maximize throughput. (ccl_common.cpp:70)
2026-08-18 05:36:55.376 | warning  |              Op | Fabric packet size 4352 B is suboptimal for transporting 2048 B pages. Configure 8192 B packet size to maximize throughput. (ccl_common.cpp:70)
2026-08-18 05:36:55.376 | warning  |              Op | Fabric packet size 4352 B is suboptimal for transporting 2048 B pages. Configure 8192 B packet size to maximize throughput. (ccl_common.cpp:70)
PASSED
models/autoports/qwen_qwen3_coder_30b_a3b_instruct/tests/test_full_model.py::test_mixed_length_batch_prefill_and_decode 2026-08-18 05:37:06.279 | warning  |              Op | The following ttnn.all_gather args are deprecated and will be removed in September-2026: num_links, topology, chunks_per_sync, num_workers_per_link, num_buffers_per_channel, use_l1_small_for_semaphores. (all_gather.cpp:148)
2026-08-18 05:37:06.279 | warning  |              Op | Allocating semaphores in L1, which may fragment L1 and reduce headroom for subsequent op allocations. Configure an L1_SMALL region to mitigate this. (all_gather_unicast_factory.cpp:56)
2026-08-18 05:37:06.280 | warning  |              Op | Fabric packet size 4352 B is suboptimal for transporting 2048 B pages. Configure 8192 B packet size to maximize throughput. (ccl_common.cpp:70)
2026-08-18 05:37:06.280 | warning  |              Op | Fabric packet size 4352 B is suboptimal for transporting 2048 B pages. Configure 8192 B packet size to maximize throughput. (ccl_common.cpp:70)
2026-08-18 05:37:06.280 | warning  |              Op | Fabric packet size 4352 B is suboptimal for transporting 2048 B pages. Configure 8192 B packet size to maximize throughput. (ccl_common.cpp:70)
2026-08-18 05:37:06.281 | warning  |              Op | Fabric packet size 4352 B is suboptimal for transporting 2048 B pages. Configure 8192 B packet size to maximize throughput. (ccl_common.cpp:70)
2026-08-18 05:37:06.337 | warning  |              Op | The following ttnn.all_gather args are deprecated and will be removed in September-2026: num_links, topology, chunks_per_sync, num_workers_per_link, num_buffers_per_channel, use_l1_small_for_semaphores. (all_gather.cpp:148)
PASSED
models/autoports/qwen_qwen3_coder_30b_a3b_instruct/tests/test_full_model.py::test_inactive_rows_are_expressible 2026-08-18 05:37:06.621 | warning  |              Op | The following ttnn.all_gather args are deprecated and will be removed in September-2026: num_links, topology, chunks_per_sync, num_workers_per_link, num_buffers_per_channel, use_l1_small_for_semaphores. (all_gather.cpp:148)
2026-08-18 05:37:06.621 | warning  |              Op | Allocating semaphores in L1, which may fragment L1 and reduce headroom for subsequent op allocations. Configure an L1_SMALL region to mitigate this. (all_gather_unicast_factory.cpp:56)
2026-08-18 05:37:06.622 | warning  |              Op | Fabric packet size 4352 B is suboptimal for transporting 2048 B pages. Configure 8192 B packet size to maximize throughput. (ccl_common.cpp:70)
2026-08-18 05:37:06.622 | warning  |              Op | Fabric packet size 4352 B is suboptimal for transporting 2048 B pages. Configure 8192 B packet size to maximize throughput. (ccl_common.cpp:70)
2026-08-18 05:37:06.623 | warning  |              Op | Fabric packet size 4352 B is suboptimal for transporting 2048 B pages. Configure 8192 B packet size to maximize throughput. (ccl_common.cpp:70)
2026-08-18 05:37:06.623 | warning  |              Op | Fabric packet size 4352 B is suboptimal for transporting 2048 B pages. Configure 8192 B packet size to maximize throughput. (ccl_common.cpp:70)
PASSED
models/autoports/qwen_qwen3_coder_30b_a3b_instruct/tests/test_full_model.py::test_page_table_must_map_disjoint_pages 2026-08-18 05:37:06.861 | INFO     | conftest:expect_error_:922 - [EXPECTED_ERROR BEGIN] ValueError message="must map disjoint physical cache pages"
2026-08-18 05:37:06.862 | INFO     | conftest:expect_error_:927 - [EXPECTED_ERROR END] ValueError message="must map disjoint physical cache pages"
PASSED
models/autoports/qwen_qwen3_coder_30b_a3b_instruct/tests/test_full_model.py::test_sdpa_rounded_page_count_covers_the_read_window PASSED
models/autoports/qwen_qwen3_coder_30b_a3b_instruct/tests/test_full_model.py::test_distributed_argmax_is_exact_at_batch_above_one PASSED
models/autoports/qwen_qwen3_coder_30b_a3b_instruct/tests/test_full_model.py::test_caller_owned_cache_is_used_verbatim 2026-08-18 05:37:07.670 | warning  |              Op | The following ttnn.all_gather args are deprecated and will be removed in September-2026: num_links, topology, chunks_per_sync, num_workers_per_link, num_buffers_per_channel, use_l1_small_for_semaphores. (all_gather.cpp:148)
PASSED
models/autoports/qwen_qwen3_coder_30b_a3b_instruct/tests/test_full_model.py::test_reset_makes_generation_reproducible PASSED
models/autoports/qwen_qwen3_coder_30b_a3b_instruct/tests/test_full_model.py::test_reset_zeroes_the_cache PASSED
models/autoports/qwen_qwen3_coder_30b_a3b_instruct/tests/test_full_model.py::test_prefill_logits_are_deterministic_across_runs 2026-08-18 05:37:08.500 | warning  |              Op | The following ttnn.all_gather args are deprecated and will be removed in September-2026: num_links, topology, chunks_per_sync, num_workers_per_link, num_buffers_per_channel, use_l1_small_for_semaphores. (all_gather.cpp:148)
2026-08-18 05:37:08.512 | warning  |              Op | The following ttnn.all_gather args are deprecated and will be removed in September-2026: num_links, topology, chunks_per_sync, num_workers_per_link, num_buffers_per_channel, use_l1_small_for_semaphores. (all_gather.cpp:148)
PASSED
models/autoports/qwen_qwen3_coder_30b_a3b_instruct/tests/test_full_model.py::test_runtime_fallback_audit_is_clean PASSED
models/autoports/qwen_qwen3_coder_30b_a3b_instruct/tests/test_full_model.py::test_inter_layer_residual_contract_is_preserved PASSED
models/autoports/qwen_qwen3_coder_30b_a3b_instruct/tests/test_multichip_decoder.py::test_wqkv_column_split_is_head_interleaved 2026-08-18 05:37:10.963 | INFO     | autoports.qwen_qwen3_coder_30b_a3b_instruct.tests.test_multichip_decoder:test_wqkv_column_split_is_head_interleaved:229 - wqkv head-interleaved split verified for 4 dies, per-die N = 1280
PASSED
models/autoports/qwen_qwen3_coder_30b_a3b_instruct/tests/test_multichip_decoder.py::test_repo_default_topology_is_wrong_for_this_mesh 2026-08-18 05:37:11.207 | INFO     | autoports.qwen_qwen3_coder_30b_a3b_instruct.tests.test_multichip_decoder:test_repo_default_topology_is_wrong_for_this_mesh:242 - multichip_decoder overrides default_topology (callable: default_topology)
PASSED
models/autoports/qwen_qwen3_coder_30b_a3b_instruct/tests/test_multichip_decoder.py::test_topk_is_identical_across_dies[blackhole-6-1x4-device_params0] 2026-08-18 05:37:11.449 | INFO     | conftest:mesh_device:600 - Keeping trace_region_size=90000000 from device_params (already set)
2026-08-18 05:37:11.449 | info     |           Metal | Fabric config changed from FabricConfig::FABRIC_1D_RING to FabricConfig::FABRIC_1D_RING, reinitializing control plane (metal_env.cpp:337)
2026-08-18 05:37:11.449 | info     |     Distributed | Using auto discovery to generate mesh graph. (metal_env.cpp:437)
2026-08-18 05:37:11.449 | info     |     Distributed | Constructing control plane using auto-discovery (no mesh graph descriptor). (metal_env.cpp:499)
2026-08-18 05:37:11.450 | info     |          Fabric | Logical multi-mesh adjacency: intermesh degree histogram {0:1}; intra-mesh degree histograms mesh0 {2:4} (topology_mapper_utils.cpp:3329)
2026-08-18 05:37:11.450 | info     |          Fabric | Physical multi-mesh adjacency: intermesh degree histogram {0:1}; intra-mesh degree histograms mesh0 {2:4} (topology_mapper_utils.cpp:3337)
2026-08-18 05:37:11.507 | warning  |           Metal | Failed to create shared memory /tt_device_154095682331393_memory: Permission denied (memory_stats_shm.cpp:60)
2026-08-18 05:37:11.508 | warning  |           Metal | Failed to create shared memory /tt_device_154095682331392_memory: Permission denied (memory_stats_shm.cpp:60)
2026-08-18 05:37:11.509 | warning  |           Metal | Failed to create shared memory /tt_device_154095682331105_memory: Permission denied (memory_stats_shm.cpp:60)
2026-08-18 05:37:11.509 | warning  |           Metal | Failed to create shared memory /tt_device_154095682331104_memory: Permission denied (memory_stats_shm.cpp:60)
2026-08-18 05:37:11.511 | info     |           Metal | Initializing Fabric (fabric_firmware_initializer.cpp:296)
2026-08-18 05:37:11.526 | info     |           Metal | Fabric initialized on 4 devices (fabric_firmware_initializer.cpp:444)
2026-08-18 05:37:11.526 | info     |           Metal | Fabric Initialized with config FabricConfig::FABRIC_1D_RING (fabric_firmware_initializer.cpp:313)
2026-08-18 05:37:12.185 | DEBUG    | conftest:mesh_device:630 - multidevice with 4 devices is created
2026-08-18 05:37:16.734 | INFO     | autoports.qwen_qwen3_coder_30b_a3b_instruct.tests.test_multichip_decoder:test_topk_is_identical_across_dies:292 - topk seed=6: 4 dies bit-identical over 1024 selections
PASSED
models/autoports/qwen_qwen3_coder_30b_a3b_instruct/tests/test_multichip_decoder.py::test_topk_is_identical_across_dies[blackhole-7-1x4-device_params0] 2026-08-18 05:37:17.115 | INFO     | conftest:mesh_device:600 - Keeping trace_region_size=90000000 from device_params (already set)
2026-08-18 05:37:17.115 | info     |           Metal | Fabric config changed from FabricConfig::FABRIC_1D_RING to FabricConfig::FABRIC_1D_RING, reinitializing control plane (metal_env.cpp:337)
2026-08-18 05:37:17.115 | info     |     Distributed | Using auto discovery to generate mesh graph. (metal_env.cpp:437)
2026-08-18 05:37:17.115 | info     |     Distributed | Constructing control plane using auto-discovery (no mesh graph descriptor). (metal_env.cpp:499)
2026-08-18 05:37:17.115 | info     |          Fabric | Logical multi-mesh adjacency: intermesh degree histogram {0:1}; intra-mesh degree histograms mesh0 {2:4} (topology_mapper_utils.cpp:3329)
2026-08-18 05:37:17.115 | info     |          Fabric | Physical multi-mesh adjacency: intermesh degree histogram {0:1}; intra-mesh degree histograms mesh0 {2:4} (topology_mapper_utils.cpp:3337)
2026-08-18 05:37:17.165 | warning  |           Metal | Failed to create shared memory /tt_device_154095682331393_memory: Permission denied (memory_stats_shm.cpp:60)
2026-08-18 05:37:17.165 | warning  |           Metal | Failed to create shared memory /tt_device_154095682331392_memory: Permission denied (memory_stats_shm.cpp:60)
2026-08-18 05:37:17.166 | warning  |           Metal | Failed to create shared memory /tt_device_154095682331105_memory: Permission denied (memory_stats_shm.cpp:60)
2026-08-18 05:37:17.166 | warning  |           Metal | Failed to create shared memory /tt_device_154095682331104_memory: Permission denied (memory_stats_shm.cpp:60)
2026-08-18 05:37:17.169 | info     |           Metal | Initializing Fabric (fabric_firmware_initializer.cpp:296)
2026-08-18 05:37:17.184 | info     |           Metal | Fabric initialized on 4 devices (fabric_firmware_initializer.cpp:444)
2026-08-18 05:37:17.184 | info     |           Metal | Fabric Initialized with config FabricConfig::FABRIC_1D_RING (fabric_firmware_initializer.cpp:313)
2026-08-18 05:37:17.256 | DEBUG    | conftest:mesh_device:630 - multidevice with 4 devices is created
2026-08-18 05:37:21.753 | INFO     | autoports.qwen_qwen3_coder_30b_a3b_instruct.tests.test_multichip_decoder:test_topk_is_identical_across_dies:292 - topk seed=7: 4 dies bit-identical over 1024 selections
PASSED
models/autoports/qwen_qwen3_coder_30b_a3b_instruct/tests/test_multichip_decoder.py::test_meta_rope_weights_match_hf PASSED
models/autoports/qwen_qwen3_coder_30b_a3b_instruct/tests/test_precision_config.py::test_default_is_the_shipped_policy PASSED
models/autoports/qwen_qwen3_coder_30b_a3b_instruct/tests/test_precision_config.py::test_module_constants_still_resolve_to_the_default PASSED
models/autoports/qwen_qwen3_coder_30b_a3b_instruct/tests/test_precision_config.py::test_default_construction_paths_all_resolve_to_the_same_object PASSED
models/autoports/qwen_qwen3_coder_30b_a3b_instruct/tests/test_precision_config.py::test_json_round_trip_is_lossless PASSED
models/autoports/qwen_qwen3_coder_30b_a3b_instruct/tests/test_precision_config.py::test_json_carries_every_field_the_goal_lists PASSED
models/autoports/qwen_qwen3_coder_30b_a3b_instruct/tests/test_precision_config.py::test_json_is_plain_names_not_repr PASSED
models/autoports/qwen_qwen3_coder_30b_a3b_instruct/tests/test_precision_config.py::test_write_and_read_json_file PASSED
models/autoports/qwen_qwen3_coder_30b_a3b_instruct/tests/test_precision_config.py::test_unknown_names_are_rejected 2026-08-18 05:37:24.134 | INFO     | conftest:expect_error_:922 - [EXPECTED_ERROR BEGIN] ValueError message="unknown dtype"
2026-08-18 05:37:24.134 | INFO     | conftest:expect_error_:927 - [EXPECTED_ERROR END] ValueError message="unknown dtype"
2026-08-18 05:37:24.134 | INFO     | conftest:expect_error_:922 - [EXPECTED_ERROR BEGIN] ValueError message="unknown math fidelity"
2026-08-18 05:37:24.134 | INFO     | conftest:expect_error_:927 - [EXPECTED_ERROR END] ValueError message="unknown math fidelity"
2026-08-18 05:37:24.134 | INFO     | conftest:expect_error_:922 - [EXPECTED_ERROR BEGIN] ValueError message="unknown precision fields"
2026-08-18 05:37:24.135 | INFO     | conftest:expect_error_:927 - [EXPECTED_ERROR END] ValueError message="unknown precision fields"
2026-08-18 05:37:24.135 | INFO     | conftest:expect_error_:922 - [EXPECTED_ERROR BEGIN] ValueError message="unknown precision fields"
2026-08-18 05:37:24.135 | INFO     | conftest:expect_error_:927 - [EXPECTED_ERROR END] ValueError message="unknown precision fields"
2026-08-18 05:37:24.135 | INFO     | conftest:expect_error_:922 - [EXPECTED_ERROR BEGIN] ValueError message="may not be None"
2026-08-18 05:37:24.135 | INFO     | conftest:expect_error_:927 - [EXPECTED_ERROR END] ValueError message="may not be None"
PASSED
models/autoports/qwen_qwen3_coder_30b_a3b_instruct/tests/test_precision_config.py::test_config_is_frozen 2026-08-18 05:37:24.369 | INFO     | conftest:expect_error_:922 - [EXPECTED_ERROR BEGIN] FrozenInstanceError message="experts_gate_up_dtype"
2026-08-18 05:37:24.369 | INFO     | conftest:expect_error_:927 - [EXPECTED_ERROR END] FrozenInstanceError message="experts_gate_up_dtype"
PASSED
models/autoports/qwen_qwen3_coder_30b_a3b_instruct/tests/test_precision_config.py::test_non_default_precision_reaches_the_device 2026-08-18 05:37:24.369 | info     |           Metal | Fabric config changed from FabricConfig::FABRIC_1D_RING to FabricConfig::FABRIC_1D_RING, reinitializing control plane (metal_env.cpp:337)
2026-08-18 05:37:24.369 | info     |     Distributed | Using auto discovery to generate mesh graph. (metal_env.cpp:437)
2026-08-18 05:37:24.369 | info     |     Distributed | Constructing control plane using auto-discovery (no mesh graph descriptor). (metal_env.cpp:499)
2026-08-18 05:37:24.370 | info     |          Fabric | Logical multi-mesh adjacency: intermesh degree histogram {0:1}; intra-mesh degree histograms mesh0 {2:4} (topology_mapper_utils.cpp:3329)
2026-08-18 05:37:24.370 | info     |          Fabric | Physical multi-mesh adjacency: intermesh degree histogram {0:1}; intra-mesh degree histograms mesh0 {2:4} (topology_mapper_utils.cpp:3337)
2026-08-18 05:37:24.419 | warning  |           Metal | Failed to create shared memory /tt_device_154095682331393_memory: Permission denied (memory_stats_shm.cpp:60)
2026-08-18 05:37:24.420 | warning  |           Metal | Failed to create shared memory /tt_device_154095682331392_memory: Permission denied (memory_stats_shm.cpp:60)
2026-08-18 05:37:24.421 | warning  |           Metal | Failed to create shared memory /tt_device_154095682331105_memory: Permission denied (memory_stats_shm.cpp:60)
2026-08-18 05:37:24.421 | warning  |           Metal | Failed to create shared memory /tt_device_154095682331104_memory: Permission denied (memory_stats_shm.cpp:60)
2026-08-18 05:37:24.424 | info     |           Metal | Initializing Fabric (fabric_firmware_initializer.cpp:296)
2026-08-18 05:37:24.440 | info     |           Metal | Fabric initialized on 4 devices (fabric_firmware_initializer.cpp:444)
2026-08-18 05:37:24.440 | info     |           Metal | Fabric Initialized with config FabricConfig::FABRIC_1D_RING (fabric_firmware_initializer.cpp:313)
PASSED
models/autoports/qwen_qwen3_coder_30b_a3b_instruct/tests/test_precision_config.py::test_default_construction_audit_matches_the_shipped_values PASSED
models/autoports/qwen_qwen3_coder_30b_a3b_instruct/tests/test_precision_config.py::test_fidelity_and_terminal_dtypes_reach_the_device PASSED
models/autoports/qwen_qwen3_coder_30b_a3b_instruct/tests/test_reference.py::test_layer_forward_is_finite_and_non_degenerate PASSED
models/autoports/qwen_qwen3_coder_30b_a3b_instruct/tests/test_reference.py::test_layer_forward_is_deterministic PASSED
models/autoports/qwen_qwen3_coder_30b_a3b_instruct/tests/test_reference.py::test_moe_matches_unfused_reimplementation PASSED
models/autoports/qwen_qwen3_coder_30b_a3b_instruct/tests/test_reference.py::test_router_selects_expected_expert_count PASSED

=============================== warnings summary ===============================
<frozen importlib._bootstrap>:488
  <frozen importlib._bootstrap>:488: DeprecationWarning: builtin type SwigPyPacked has no __module__ attribute

<frozen importlib._bootstrap>:488
  <frozen importlib._bootstrap>:488: DeprecationWarning: builtin type SwigPyObject has no __module__ attribute

-- Docs: https://docs.pytest.org/en/stable/how-to/capture-warnings.html
==================================== PASSES ====================================
_____________________ test_qk_norm_weights_are_non_trivial _____________________
------------------------------ Captured log setup ------------------------------
WARNING  huggingface_hub.utils._http:_http.py:904 Warning: You are sending unauthenticated requests to the HF Hub. Please set a HF_TOKEN to enable higher rate limits and faster downloads.
- generated xml file: /home/raahem/tt-metal/generated/test_reports/most_recent_tests.xml -
============================= slowest 25 durations =============================
21.29s call     models/autoports/qwen_qwen3_coder_30b_a3b_instruct/tests/test_precision_config.py::test_fidelity_and_terminal_dtypes_reach_the_device
21.02s call     models/autoports/qwen_qwen3_coder_30b_a3b_instruct/tests/test_precision_config.py::test_non_default_precision_reaches_the_device
10.98s setup    models/autoports/qwen_qwen3_coder_30b_a3b_instruct/tests/test_full_model.py::test_decode_past_the_rope_cache_length_through_the_low_level_api
10.83s setup    models/autoports/qwen_qwen3_coder_30b_a3b_instruct/tests/test_full_model.py::test_generator_implements_the_contract
10.81s setup    models/autoports/qwen_qwen3_coder_30b_a3b_instruct/tests/test_full_model.py::test_mixed_length_batch_prefill_and_decode
10.59s call     models/autoports/qwen_qwen3_coder_30b_a3b_instruct/tests/test_precision_config.py::test_default_construction_audit_matches_the_shipped_values
6.91s setup    models/autoports/qwen_qwen3_coder_30b_a3b_instruct/tests/test_multichip_decoder.py::test_topk_is_identical_across_dies[blackhole-2-1x4-device_params0]
6.85s setup    models/autoports/qwen_qwen3_coder_30b_a3b_instruct/tests/test_multichip_decoder.py::test_topk_is_identical_across_dies[blackhole-1-1x4-device_params0]
6.72s setup    models/autoports/qwen_qwen3_coder_30b_a3b_instruct/tests/test_multichip_decoder.py::test_topk_is_identical_across_dies[blackhole-4-1x4-device_params0]
6.67s setup    models/autoports/qwen_qwen3_coder_30b_a3b_instruct/tests/test_multichip_decoder.py::test_baseline_upload_is_actually_replicated[blackhole-1x4-device_params0]
6.31s setup    models/autoports/qwen_qwen3_coder_30b_a3b_instruct/tests/test_multichip_decoder.py::test_topk_is_identical_across_dies[blackhole-3-1x4-device_params0]
6.29s setup    models/autoports/qwen_qwen3_coder_30b_a3b_instruct/tests/test_multichip_decoder.py::test_topk_is_identical_across_dies[blackhole-5-1x4-device_params0]
5.60s setup    models/autoports/qwen_qwen3_coder_30b_a3b_instruct/tests/test_multichip_decoder.py::test_router_windows_partition_global_routing[blackhole-s128-1x4-device_params0]
5.53s setup    models/autoports/qwen_qwen3_coder_30b_a3b_instruct/tests/test_multichip_decoder.py::test_multichip_prefill_vs_single_chip[blackhole-s128-1x4-device_params0]
5.52s setup    models/autoports/qwen_qwen3_coder_30b_a3b_instruct/tests/test_multichip_decoder.py::test_topk_is_identical_across_dies[blackhole-6-1x4-device_params0]
5.47s setup    models/autoports/qwen_qwen3_coder_30b_a3b_instruct/tests/test_multichip_decoder.py::test_expert_window_can_be_empty[blackhole-1x4-device_params0]
5.40s setup    models/autoports/qwen_qwen3_coder_30b_a3b_instruct/tests/test_multichip_decoder.py::test_multichip_prefill_is_deterministic[blackhole-1x4-device_params0]
4.99s setup    models/autoports/qwen_qwen3_coder_30b_a3b_instruct/tests/test_multichip_decoder.py::test_multichip_prefill_vs_single_chip[blackhole-s512-1x4-device_params0]
4.94s setup    models/autoports/qwen_qwen3_coder_30b_a3b_instruct/tests/test_multichip_decoder.py::test_multichip_decode_batch[blackhole-b8-1x4-device_params0]
4.92s setup    models/autoports/qwen_qwen3_coder_30b_a3b_instruct/tests/test_multichip_decoder.py::test_multichip_decode_contiguous_batch8[blackhole-1x4-device_params0]
4.90s setup    models/autoports/qwen_qwen3_coder_30b_a3b_instruct/tests/test_multichip_decoder.py::test_multichip_prefill_vs_hf[blackhole-s33-1x4-device_params0]
4.89s setup    models/autoports/qwen_qwen3_coder_30b_a3b_instruct/tests/test_multichip_decoder.py::test_multichip_decode_vs_single_chip[blackhole-paged32-1x4-device_params0]
4.89s setup    models/autoports/qwen_qwen3_coder_30b_a3b_instruct/tests/test_multichip_decoder.py::test_multichip_prefill_vs_single_chip[blackhole-s100-1x4-device_params0]
4.87s setup    models/autoports/qwen_qwen3_coder_30b_a3b_instruct/tests/test_multichip_decoder.py::test_router_windows_partition_global_routing[blackhole-s33-1x4-device_params0]
4.87s setup    models/autoports/qwen_qwen3_coder_30b_a3b_instruct/tests/test_multichip_decoder.py::test_topk_is_identical_across_dies[blackhole-7-1x4-device_params0]
=========================== short test summary info ============================
PASSED models/autoports/qwen_qwen3_coder_30b_a3b_instruct/tests/test_attention.py::test_qk_norm_weights_are_non_trivial
PASSED models/autoports/qwen_qwen3_coder_30b_a3b_instruct/tests/test_attention.py::test_causality
PASSED models/autoports/qwen_qwen3_coder_30b_a3b_instruct/tests/test_attention.py::test_attention_prefill_vs_reference[blackhole-s32-1x1]
PASSED models/autoports/qwen_qwen3_coder_30b_a3b_instruct/tests/test_attention_decode.py::test_decode_matches_prefill_at_same_position[blackhole-contiguous-p32-1x1]
PASSED models/autoports/qwen_qwen3_coder_30b_a3b_instruct/tests/test_attention_decode.py::test_decode_q_rows_are_all_live[blackhole-1x1]
PASSED models/autoports/qwen_qwen3_coder_30b_a3b_instruct/tests/test_decoder_layer.py::test_decoder_layer_vs_reference[blackhole-s32-1x1]
PASSED models/autoports/qwen_qwen3_coder_30b_a3b_instruct/tests/test_decoder_layer.py::test_non_aligned_tail_tokens[blackhole-s33-1x1]
PASSED models/autoports/qwen_qwen3_coder_30b_a3b_instruct/tests/test_decoder_layer.py::test_residual_path_is_present[blackhole-1x1]
PASSED models/autoports/qwen_qwen3_coder_30b_a3b_instruct/tests/test_decoder_layer_decode.py::test_decode_layer_matches_prefill[blackhole-contiguous-p32-1x1]
PASSED models/autoports/qwen_qwen3_coder_30b_a3b_instruct/tests/test_decoder_layer_decode.py::test_multi_step_decode[blackhole-1x1]
PASSED models/autoports/qwen_qwen3_coder_30b_a3b_instruct/tests/test_determinism.py::test_prefill_is_deterministic[blackhole-1x1]
PASSED models/autoports/qwen_qwen3_coder_30b_a3b_instruct/tests/test_determinism.py::test_decode_is_deterministic[blackhole-1x1]
PASSED models/autoports/qwen_qwen3_coder_30b_a3b_instruct/tests/test_determinism.py::test_repeated_decode_steps_are_stable[blackhole-1x1]
PASSED models/autoports/qwen_qwen3_coder_30b_a3b_instruct/tests/test_moe.py::test_router_dense_weights_vs_reference[blackhole-s32-1x1]
PASSED models/autoports/qwen_qwen3_coder_30b_a3b_instruct/tests/test_moe.py::test_router_selection_matches[blackhole-1x1]
PASSED models/autoports/qwen_qwen3_coder_30b_a3b_instruct/tests/test_moe.py::test_experts_with_reference_routing[blackhole-s32-1x1]
PASSED models/autoports/qwen_qwen3_coder_30b_a3b_instruct/tests/test_moe.py::test_moe_block_end_to_end[blackhole-s32-1x1]
PASSED models/autoports/qwen_qwen3_coder_30b_a3b_instruct/tests/test_moe.py::test_router_weights_sum_to_one[blackhole-1x1]
PASSED models/autoports/qwen_qwen3_coder_30b_a3b_instruct/tests/test_multichip_decoder.py::test_baseline_upload_is_actually_replicated[blackhole-1x4-device_params0]
PASSED models/autoports/qwen_qwen3_coder_30b_a3b_instruct/tests/test_multichip_decoder.py::test_topk_is_identical_across_dies[blackhole-0-1x4-device_params0]
PASSED models/autoports/qwen_qwen3_coder_30b_a3b_instruct/tests/test_multichip_decoder.py::test_router_windows_partition_global_routing[blackhole-decode-1x4-device_params0]
PASSED models/autoports/qwen_qwen3_coder_30b_a3b_instruct/tests/test_multichip_decoder.py::test_multichip_prefill_vs_single_chip[blackhole-s32-1x4-device_params0]
PASSED models/autoports/qwen_qwen3_coder_30b_a3b_instruct/tests/test_multichip_decoder.py::test_multichip_prefill_vs_hf[blackhole-s128-1x4-device_params0]
PASSED models/autoports/qwen_qwen3_coder_30b_a3b_instruct/tests/test_multichip_decoder.py::test_multichip_prefill_is_deterministic[blackhole-1x4-device_params0]
PASSED models/autoports/qwen_qwen3_coder_30b_a3b_instruct/tests/test_multichip_decoder.py::test_local_kv_cache_layout[blackhole-1x4-device_params0]
PASSED models/autoports/qwen_qwen3_coder_30b_a3b_instruct/tests/test_multichip_decoder.py::test_multichip_decode_vs_single_chip[blackhole-contiguous-1x4-device_params0]
PASSED models/autoports/qwen_qwen3_coder_30b_a3b_instruct/tests/test_multichip_decoder.py::test_multichip_decode_contiguous_batch8[blackhole-1x4-device_params0]
PASSED models/autoports/qwen_qwen3_coder_30b_a3b_instruct/tests/test_multichip_decoder.py::test_multichip_multi_step_decode_vs_hf[blackhole-1x4-device_params0]
PASSED models/autoports/qwen_qwen3_coder_30b_a3b_instruct/tests/test_multichip_decoder.py::test_multichip_decode_batch[blackhole-b1-1x4-device_params0]
PASSED models/autoports/qwen_qwen3_coder_30b_a3b_instruct/tests/test_multichip_decoder.py::test_decode_output_layout_matches_input[blackhole-b1-1x4-device_params0]
PASSED models/autoports/qwen_qwen3_coder_30b_a3b_instruct/tests/test_multichip_decoder.py::test_expert_window_can_be_empty[blackhole-1x4-device_params0]
PASSED models/autoports/qwen_qwen3_coder_30b_a3b_instruct/tests/test_multichip_decoder.py::test_stacked_layer_io_contract[blackhole-1x4-device_params0]
PASSED models/autoports/qwen_qwen3_coder_30b_a3b_instruct/tests/test_multichip_decoder.py::test_multichip_decode_is_traceable[blackhole-1x4-device_params0]
PASSED models/autoports/qwen_qwen3_coder_30b_a3b_instruct/tests/test_multichip_decoder.py::test_multichip_decode_stress_is_deterministic[blackhole-1x4-device_params0]
PASSED models/autoports/qwen_qwen3_coder_30b_a3b_instruct/tests/test_multichip_decoder.py::test_no_runtime_fallbacks[blackhole-b1-1x4-device_params0]
PASSED models/autoports/qwen_qwen3_coder_30b_a3b_instruct/tests/test_optimized_decoder.py::test_optimized_prefill_vs_reference[blackhole-s32-1x1]
PASSED models/autoports/qwen_qwen3_coder_30b_a3b_instruct/tests/test_optimized_decoder.py::test_optimized_vs_functional_precision_delta[blackhole-s128-1x1]
PASSED models/autoports/qwen_qwen3_coder_30b_a3b_instruct/tests/test_optimized_decoder.py::test_optimized_router_matches_functional[blackhole-decode-1x1]
PASSED models/autoports/qwen_qwen3_coder_30b_a3b_instruct/tests/test_optimized_decoder.py::test_optimized_router_padding_is_zero[blackhole-decode-1x1]
PASSED models/autoports/qwen_qwen3_coder_30b_a3b_instruct/tests/test_optimized_decoder.py::test_optimized_decode_matches_prefill[blackhole-contiguous-1x1]
PASSED models/autoports/qwen_qwen3_coder_30b_a3b_instruct/tests/test_optimized_decoder.py::test_optimized_multi_step_decode[blackhole-1x1]
PASSED models/autoports/qwen_qwen3_coder_30b_a3b_instruct/tests/test_optimized_decoder.py::test_optimized_prefill_is_deterministic[blackhole-1x1]
PASSED models/autoports/qwen_qwen3_coder_30b_a3b_instruct/tests/test_optimized_decoder.py::test_optimized_decode_is_traceable[blackhole-1x1-device_params0]
PASSED models/autoports/qwen_qwen3_coder_30b_a3b_instruct/tests/test_optimized_decoder.py::test_optimized_decode_batch[blackhole-b1-1x1]
PASSED models/autoports/qwen_qwen3_coder_30b_a3b_instruct/tests/test_rmsnorm.py::test_rmsnorm_vs_reference[blackhole-input_s32-1x1]
PASSED models/autoports/qwen_qwen3_coder_30b_a3b_instruct/tests/test_trace.py::test_decode_step_is_traceable[blackhole-1x1-device_params0]
PASSED models/autoports/qwen_qwen3_coder_30b_a3b_instruct/tests/test_trace.py::test_traced_replay_follows_new_input[blackhole-1x1-device_params0]
PASSED models/autoports/qwen_qwen3_coder_30b_a3b_instruct/tests/test_attention.py::test_attention_prefill_vs_reference[blackhole-s128-1x1]
PASSED models/autoports/qwen_qwen3_coder_30b_a3b_instruct/tests/test_attention_decode.py::test_decode_matches_prefill_at_same_position[blackhole-contiguous-p128-1x1]
PASSED models/autoports/qwen_qwen3_coder_30b_a3b_instruct/tests/test_decoder_layer.py::test_decoder_layer_vs_reference[blackhole-s128-1x1]
PASSED models/autoports/qwen_qwen3_coder_30b_a3b_instruct/tests/test_decoder_layer.py::test_non_aligned_tail_tokens[blackhole-s100-1x1]
PASSED models/autoports/qwen_qwen3_coder_30b_a3b_instruct/tests/test_decoder_layer_decode.py::test_decode_layer_matches_prefill[blackhole-contiguous-p128-1x1]
PASSED models/autoports/qwen_qwen3_coder_30b_a3b_instruct/tests/test_moe.py::test_router_dense_weights_vs_reference[blackhole-s128-1x1]
PASSED models/autoports/qwen_qwen3_coder_30b_a3b_instruct/tests/test_moe.py::test_experts_with_reference_routing[blackhole-s128-1x1]
PASSED models/autoports/qwen_qwen3_coder_30b_a3b_instruct/tests/test_moe.py::test_moe_block_end_to_end[blackhole-s128-1x1]
PASSED models/autoports/qwen_qwen3_coder_30b_a3b_instruct/tests/test_multichip_decoder.py::test_topk_is_identical_across_dies[blackhole-1-1x4-device_params0]
PASSED models/autoports/qwen_qwen3_coder_30b_a3b_instruct/tests/test_multichip_decoder.py::test_router_windows_partition_global_routing[blackhole-s33-1x4-device_params0]
PASSED models/autoports/qwen_qwen3_coder_30b_a3b_instruct/tests/test_multichip_decoder.py::test_multichip_prefill_vs_single_chip[blackhole-s128-1x4-device_params0]
PASSED models/autoports/qwen_qwen3_coder_30b_a3b_instruct/tests/test_multichip_decoder.py::test_multichip_prefill_vs_hf[blackhole-s33-1x4-device_params0]
PASSED models/autoports/qwen_qwen3_coder_30b_a3b_instruct/tests/test_multichip_decoder.py::test_multichip_decode_vs_single_chip[blackhole-paged32-1x4-device_params0]
PASSED models/autoports/qwen_qwen3_coder_30b_a3b_instruct/tests/test_multichip_decoder.py::test_multichip_decode_batch[blackhole-b2-1x4-device_params0]
PASSED models/autoports/qwen_qwen3_coder_30b_a3b_instruct/tests/test_multichip_decoder.py::test_decode_output_layout_matches_input[blackhole-b8-1x4-device_params0]
PASSED models/autoports/qwen_qwen3_coder_30b_a3b_instruct/tests/test_multichip_decoder.py::test_no_runtime_fallbacks[blackhole-b32-1x4-device_params0]
PASSED models/autoports/qwen_qwen3_coder_30b_a3b_instruct/tests/test_optimized_decoder.py::test_optimized_prefill_vs_reference[blackhole-s128-1x1]
PASSED models/autoports/qwen_qwen3_coder_30b_a3b_instruct/tests/test_optimized_decoder.py::test_optimized_vs_functional_precision_delta[blackhole-s33-1x1]
PASSED models/autoports/qwen_qwen3_coder_30b_a3b_instruct/tests/test_optimized_decoder.py::test_optimized_router_matches_functional[blackhole-s128-1x1]
PASSED models/autoports/qwen_qwen3_coder_30b_a3b_instruct/tests/test_optimized_decoder.py::test_optimized_router_padding_is_zero[blackhole-s33-1x1]
PASSED models/autoports/qwen_qwen3_coder_30b_a3b_instruct/tests/test_optimized_decoder.py::test_optimized_decode_matches_prefill[blackhole-paged32-1x1]
PASSED models/autoports/qwen_qwen3_coder_30b_a3b_instruct/tests/test_optimized_decoder.py::test_optimized_decode_batch[blackhole-b2-1x1]
PASSED models/autoports/qwen_qwen3_coder_30b_a3b_instruct/tests/test_rmsnorm.py::test_rmsnorm_vs_reference[blackhole-input_s128-1x1]
PASSED models/autoports/qwen_qwen3_coder_30b_a3b_instruct/tests/test_attention.py::test_attention_prefill_vs_reference[blackhole-s512-1x1]
PASSED models/autoports/qwen_qwen3_coder_30b_a3b_instruct/tests/test_attention_decode.py::test_decode_matches_prefill_at_same_position[blackhole-paged32-p32-1x1]
PASSED models/autoports/qwen_qwen3_coder_30b_a3b_instruct/tests/test_decoder_layer.py::test_decoder_layer_vs_reference[blackhole-s512-1x1]
PASSED models/autoports/qwen_qwen3_coder_30b_a3b_instruct/tests/test_decoder_layer_decode.py::test_decode_layer_matches_prefill[blackhole-paged32-p32-1x1]
PASSED models/autoports/qwen_qwen3_coder_30b_a3b_instruct/tests/test_multichip_decoder.py::test_topk_is_identical_across_dies[blackhole-2-1x4-device_params0]
PASSED models/autoports/qwen_qwen3_coder_30b_a3b_instruct/tests/test_multichip_decoder.py::test_router_windows_partition_global_routing[blackhole-s128-1x4-device_params0]
PASSED models/autoports/qwen_qwen3_coder_30b_a3b_instruct/tests/test_multichip_decoder.py::test_multichip_prefill_vs_single_chip[blackhole-s512-1x4-device_params0]
PASSED models/autoports/qwen_qwen3_coder_30b_a3b_instruct/tests/test_multichip_decoder.py::test_multichip_decode_batch[blackhole-b8-1x4-device_params0]
PASSED models/autoports/qwen_qwen3_coder_30b_a3b_instruct/tests/test_optimized_decoder.py::test_optimized_prefill_vs_reference[blackhole-s512-1x1]
PASSED models/autoports/qwen_qwen3_coder_30b_a3b_instruct/tests/test_optimized_decoder.py::test_optimized_router_matches_functional[blackhole-s33-1x1]
PASSED models/autoports/qwen_qwen3_coder_30b_a3b_instruct/tests/test_optimized_decoder.py::test_optimized_router_padding_is_zero[blackhole-s100-1x1]
PASSED models/autoports/qwen_qwen3_coder_30b_a3b_instruct/tests/test_optimized_decoder.py::test_optimized_decode_batch[blackhole-b8-1x1]
PASSED models/autoports/qwen_qwen3_coder_30b_a3b_instruct/tests/test_rmsnorm.py::test_rmsnorm_vs_reference[blackhole-postattn_s32-1x1]
PASSED models/autoports/qwen_qwen3_coder_30b_a3b_instruct/tests/test_attention_decode.py::test_decode_matches_prefill_at_same_position[blackhole-paged32-p128-1x1]
PASSED models/autoports/qwen_qwen3_coder_30b_a3b_instruct/tests/test_decoder_layer.py::test_decoder_layer_vs_reference[blackhole-s33-1x1]
PASSED models/autoports/qwen_qwen3_coder_30b_a3b_instruct/tests/test_decoder_layer_decode.py::test_decode_layer_matches_prefill[blackhole-paged32-p128-1x1]
PASSED models/autoports/qwen_qwen3_coder_30b_a3b_instruct/tests/test_multichip_decoder.py::test_topk_is_identical_across_dies[blackhole-3-1x4-device_params0]
PASSED models/autoports/qwen_qwen3_coder_30b_a3b_instruct/tests/test_multichip_decoder.py::test_multichip_prefill_vs_single_chip[blackhole-s33-1x4-device_params0]
PASSED models/autoports/qwen_qwen3_coder_30b_a3b_instruct/tests/test_multichip_decoder.py::test_multichip_decode_batch[blackhole-b32-1x4-device_params0]
PASSED models/autoports/qwen_qwen3_coder_30b_a3b_instruct/tests/test_optimized_decoder.py::test_optimized_prefill_vs_reference[blackhole-s33-1x1]
PASSED models/autoports/qwen_qwen3_coder_30b_a3b_instruct/tests/test_optimized_decoder.py::test_optimized_router_padding_is_zero[blackhole-s128-1x1]
PASSED models/autoports/qwen_qwen3_coder_30b_a3b_instruct/tests/test_optimized_decoder.py::test_optimized_decode_batch[blackhole-b32-1x1]
PASSED models/autoports/qwen_qwen3_coder_30b_a3b_instruct/tests/test_rmsnorm.py::test_rmsnorm_vs_reference[blackhole-input_decode-1x1]
PASSED models/autoports/qwen_qwen3_coder_30b_a3b_instruct/tests/test_attention_decode.py::test_decode_matches_prefill_at_same_position[blackhole-paged64-p32-1x1]
PASSED models/autoports/qwen_qwen3_coder_30b_a3b_instruct/tests/test_decoder_layer.py::test_decoder_layer_vs_reference[blackhole-s100-1x1]
PASSED models/autoports/qwen_qwen3_coder_30b_a3b_instruct/tests/test_multichip_decoder.py::test_topk_is_identical_across_dies[blackhole-4-1x4-device_params0]
PASSED models/autoports/qwen_qwen3_coder_30b_a3b_instruct/tests/test_multichip_decoder.py::test_multichip_prefill_vs_single_chip[blackhole-s100-1x4-device_params0]
PASSED models/autoports/qwen_qwen3_coder_30b_a3b_instruct/tests/test_optimized_decoder.py::test_optimized_prefill_vs_reference[blackhole-s100-1x1]
PASSED models/autoports/qwen_qwen3_coder_30b_a3b_instruct/tests/test_attention_decode.py::test_decode_matches_prefill_at_same_position[blackhole-paged64-p128-1x1]
PASSED models/autoports/qwen_qwen3_coder_30b_a3b_instruct/tests/test_decoder_layer.py::test_decoder_layer_vs_reference[blackhole-s257-1x1]
PASSED models/autoports/qwen_qwen3_coder_30b_a3b_instruct/tests/test_multichip_decoder.py::test_topk_is_identical_across_dies[blackhole-5-1x4-device_params0]
PASSED models/autoports/qwen_qwen3_coder_30b_a3b_instruct/tests/test_multichip_decoder.py::test_multichip_prefill_vs_single_chip[blackhole-s257-1x4-device_params0]
PASSED models/autoports/qwen_qwen3_coder_30b_a3b_instruct/tests/test_optimized_decoder.py::test_optimized_prefill_vs_reference[blackhole-s257-1x1]
PASSED models/autoports/qwen_qwen3_coder_30b_a3b_instruct/tests/test_full_model.py::test_generator_implements_the_contract
PASSED models/autoports/qwen_qwen3_coder_30b_a3b_instruct/tests/test_full_model.py::test_split_sampling_feeds_its_own_token_back_on_device
PASSED models/autoports/qwen_qwen3_coder_30b_a3b_instruct/tests/test_full_model.py::test_steady_state_decode_does_no_host_work
PASSED models/autoports/qwen_qwen3_coder_30b_a3b_instruct/tests/test_full_model.py::test_unchanged_page_table_costs_no_host_copy
PASSED models/autoports/qwen_qwen3_coder_30b_a3b_instruct/tests/test_full_model.py::test_device_split_sampling_matches_host_argmax
PASSED models/autoports/qwen_qwen3_coder_30b_a3b_instruct/tests/test_full_model.py::test_force_argmax_matches_split_sampling
PASSED models/autoports/qwen_qwen3_coder_30b_a3b_instruct/tests/test_full_model.py::test_decode_past_the_rope_cache_length_through_the_low_level_api
PASSED models/autoports/qwen_qwen3_coder_30b_a3b_instruct/tests/test_full_model.py::test_eager_decode_grows_the_rope_tables_for_its_position
PASSED models/autoports/qwen_qwen3_coder_30b_a3b_instruct/tests/test_full_model.py::test_decode_beyond_the_advertised_context_is_refused
PASSED models/autoports/qwen_qwen3_coder_30b_a3b_instruct/tests/test_full_model.py::test_top_k_top_p_sampling_runs_through_a_traced_generate
PASSED models/autoports/qwen_qwen3_coder_30b_a3b_instruct/tests/test_full_model.py::test_alternating_sampling_modes_recapture_the_traces
PASSED models/autoports/qwen_qwen3_coder_30b_a3b_instruct/tests/test_full_model.py::test_temperature_zero_is_spelled_as_greedy
PASSED models/autoports/qwen_qwen3_coder_30b_a3b_instruct/tests/test_full_model.py::test_set_sampling_params_releases_traces_only_on_a_mode_flip
PASSED models/autoports/qwen_qwen3_coder_30b_a3b_instruct/tests/test_full_model.py::test_non_aligned_prompt_lengths[1]
PASSED models/autoports/qwen_qwen3_coder_30b_a3b_instruct/tests/test_full_model.py::test_non_aligned_prompt_lengths[31]
PASSED models/autoports/qwen_qwen3_coder_30b_a3b_instruct/tests/test_full_model.py::test_non_aligned_prompt_lengths[33]
PASSED models/autoports/qwen_qwen3_coder_30b_a3b_instruct/tests/test_full_model.py::test_non_aligned_prompt_lengths[100]
PASSED models/autoports/qwen_qwen3_coder_30b_a3b_instruct/tests/test_full_model.py::test_non_aligned_prompt_lengths[127]
PASSED models/autoports/qwen_qwen3_coder_30b_a3b_instruct/tests/test_full_model.py::test_non_aligned_prompt_lengths[128]
PASSED models/autoports/qwen_qwen3_coder_30b_a3b_instruct/tests/test_full_model.py::test_non_aligned_prompt_lengths[129]
PASSED models/autoports/qwen_qwen3_coder_30b_a3b_instruct/tests/test_full_model.py::test_non_aligned_prompt_lengths[257]
PASSED models/autoports/qwen_qwen3_coder_30b_a3b_instruct/tests/test_full_model.py::test_non_aligned_prompt_lengths[1000]
PASSED models/autoports/qwen_qwen3_coder_30b_a3b_instruct/tests/test_full_model.py::test_return_all_logits_is_sliced_to_the_logical_length
PASSED models/autoports/qwen_qwen3_coder_30b_a3b_instruct/tests/test_full_model.py::test_mixed_length_batch_prefill_and_decode
PASSED models/autoports/qwen_qwen3_coder_30b_a3b_instruct/tests/test_full_model.py::test_inactive_rows_are_expressible
PASSED models/autoports/qwen_qwen3_coder_30b_a3b_instruct/tests/test_full_model.py::test_page_table_must_map_disjoint_pages
PASSED models/autoports/qwen_qwen3_coder_30b_a3b_instruct/tests/test_full_model.py::test_sdpa_rounded_page_count_covers_the_read_window
PASSED models/autoports/qwen_qwen3_coder_30b_a3b_instruct/tests/test_full_model.py::test_distributed_argmax_is_exact_at_batch_above_one
PASSED models/autoports/qwen_qwen3_coder_30b_a3b_instruct/tests/test_full_model.py::test_caller_owned_cache_is_used_verbatim
PASSED models/autoports/qwen_qwen3_coder_30b_a3b_instruct/tests/test_full_model.py::test_reset_makes_generation_reproducible
PASSED models/autoports/qwen_qwen3_coder_30b_a3b_instruct/tests/test_full_model.py::test_reset_zeroes_the_cache
PASSED models/autoports/qwen_qwen3_coder_30b_a3b_instruct/tests/test_full_model.py::test_prefill_logits_are_deterministic_across_runs
PASSED models/autoports/qwen_qwen3_coder_30b_a3b_instruct/tests/test_full_model.py::test_runtime_fallback_audit_is_clean
PASSED models/autoports/qwen_qwen3_coder_30b_a3b_instruct/tests/test_full_model.py::test_inter_layer_residual_contract_is_preserved
PASSED models/autoports/qwen_qwen3_coder_30b_a3b_instruct/tests/test_multichip_decoder.py::test_wqkv_column_split_is_head_interleaved
PASSED models/autoports/qwen_qwen3_coder_30b_a3b_instruct/tests/test_multichip_decoder.py::test_repo_default_topology_is_wrong_for_this_mesh
PASSED models/autoports/qwen_qwen3_coder_30b_a3b_instruct/tests/test_multichip_decoder.py::test_topk_is_identical_across_dies[blackhole-6-1x4-device_params0]
PASSED models/autoports/qwen_qwen3_coder_30b_a3b_instruct/tests/test_multichip_decoder.py::test_topk_is_identical_across_dies[blackhole-7-1x4-device_params0]
PASSED models/autoports/qwen_qwen3_coder_30b_a3b_instruct/tests/test_multichip_decoder.py::test_meta_rope_weights_match_hf
PASSED models/autoports/qwen_qwen3_coder_30b_a3b_instruct/tests/test_precision_config.py::test_default_is_the_shipped_policy
PASSED models/autoports/qwen_qwen3_coder_30b_a3b_instruct/tests/test_precision_config.py::test_module_constants_still_resolve_to_the_default
PASSED models/autoports/qwen_qwen3_coder_30b_a3b_instruct/tests/test_precision_config.py::test_default_construction_paths_all_resolve_to_the_same_object
PASSED models/autoports/qwen_qwen3_coder_30b_a3b_instruct/tests/test_precision_config.py::test_json_round_trip_is_lossless
PASSED models/autoports/qwen_qwen3_coder_30b_a3b_instruct/tests/test_precision_config.py::test_json_carries_every_field_the_goal_lists
PASSED models/autoports/qwen_qwen3_coder_30b_a3b_instruct/tests/test_precision_config.py::test_json_is_plain_names_not_repr
PASSED models/autoports/qwen_qwen3_coder_30b_a3b_instruct/tests/test_precision_config.py::test_write_and_read_json_file
PASSED models/autoports/qwen_qwen3_coder_30b_a3b_instruct/tests/test_precision_config.py::test_unknown_names_are_rejected
PASSED models/autoports/qwen_qwen3_coder_30b_a3b_instruct/tests/test_precision_config.py::test_config_is_frozen
PASSED models/autoports/qwen_qwen3_coder_30b_a3b_instruct/tests/test_precision_config.py::test_non_default_precision_reaches_the_device
PASSED models/autoports/qwen_qwen3_coder_30b_a3b_instruct/tests/test_precision_config.py::test_default_construction_audit_matches_the_shipped_values
PASSED models/autoports/qwen_qwen3_coder_30b_a3b_instruct/tests/test_precision_config.py::test_fidelity_and_terminal_dtypes_reach_the_device
PASSED models/autoports/qwen_qwen3_coder_30b_a3b_instruct/tests/test_reference.py::test_layer_forward_is_finite_and_non_degenerate
PASSED models/autoports/qwen_qwen3_coder_30b_a3b_instruct/tests/test_reference.py::test_layer_forward_is_deterministic
PASSED models/autoports/qwen_qwen3_coder_30b_a3b_instruct/tests/test_reference.py::test_moe_matches_unfused_reimplementation
PASSED models/autoports/qwen_qwen3_coder_30b_a3b_instruct/tests/test_reference.py::test_router_selects_expected_expert_count
========== 158 passed, 16 deselected, 2 warnings in 480.25s (0:08:00) ==========
sys:1: DeprecationWarning: builtin type swigvarlink has no __module__ attribute
nanobind: leaked 4 instances!
 - leaked instance 0x7c9fe8b07e58 of type "ttnn._ttnn.tensor.CoreRangeSet"
 - leaked instance 0x7ca03ba9ca48 of type "ttnn._ttnn.multi_device.MeshCoordinate"
 - leaked instance 0x7c9fe871bd28 of type "ttnn._ttnn.tensor.MemoryConfig"
 - leaked instance 0x7ca03ba9cc28 of type "ttnn._ttnn.multi_device.MeshCoordinate"
nanobind: leaked 39 types!
 - leaked type "DispatchCoreAxis"
 - leaked type "ttnn._ttnn.device.SubDeviceManagerId"
 - leaked type "MathFidelity"
 - leaked type "ttnn._ttnn.operations.matmul.MatmulMultiCoreReuseMultiCast1DProgramConfig"
 - leaked type "FabricConfig"
 - leaked type "ttnn._ttnn.operations.matmul.MatmulInputs"
 - leaked type "ttnn._ttnn.multi_device.MeshMapperConfig"
 - leaked type "ttnn._ttnn.operations.matmul.MatmulMultiCoreReuseMultiCastBatchedDRAMShardedProgramConfig"
 - leaked type "BufferType"
 - leaked type "UnaryOpType"
 - ... skipped remainder
nanobind: leaked 314 functions!
 - leaked function "is_asynchronous_slow_dispatch_enabled"
 - leaked function "worker_core_from_logical_core"
 - leaked function ""
 - leaked function "get_system_mesh_id"
 - leaked function ""
 - leaked function "GetDefaultDevice"
 - leaked function "RegisterProgramRealtimeProfilerCallback"
 - leaked function "devices"
 - leaked function "empty"
 - leaked function ""
 - ... skipped remainder
nanobind: this is likely caused by a reference counting issue in the binding code.
See https://nanobind.readthedocs.io/en/latest/refleaks.html2026-08-18 05:38:23.525 | info     |    BuildKernels | JIT cache stats: 2323/2323 hits (100.0%) [2323 cached, 24230 build-once dedup, 0 merged artifacts, 0 merged genfiles] (build_cache_telemetry.cpp:207)
2026-08-18 05:38:23.525 | info     |    BuildKernels | JIT telemetry: 3 registered TelemetryTokens (build_cache_telemetry.cpp:230)
2026-08-18 05:38:23.546 | info     |          Device | Closing user mode device drivers (tt_cluster.cpp:513)
2026-08-18 05:38:23.546 | info     |             UMD | Closing devices in cluster (cluster.cpp:1197)
2026-08-18 05:38:23.983 | info     |             UMD | Closing devices in cluster completed. (cluster.cpp:1206)
2026-08-18 05:38:23.983 | info     |             UMD | Cluster destructor started. (cluster.cpp:912)
2026-08-18 05:38:23.983 | info     |             UMD | Cluster destructor completed. (cluster.cpp:915)
