{
    "T3K": {
        "total_run": 22.56952485714286,
        "total_run_threshold": 130.059276,
        "model_load_and_initialization": 16.772718714285713,
        "model_load_and_initialization_threshold": 93.012086,
        "postprocessing_and_transfer": 0.015955999999999998,
        "postprocessing_and_transfer_threshold": 0.019854083618574124,
        "model_forward_compile": 4.578898142857144,
        "model_forward_compile_threshold": 28.635445,
        "model_forward_inference": 0.5988920000000001,
        "model_forward_inference_threshold": 0.875664
    }
}
