{
    "N150": {
        "total_run": 9.239406571428571,
        "total_run_threshold": 40.033213,
        "model_load_and_initialization": 3.876202714285714,
        "model_load_and_initialization_threshold": 7.25225,
        "postprocessing_and_transfer": 0.0021932857142857145,
        "postprocessing_and_transfer_threshold": 0.0022599375655092775,
        "model_forward_compile": 3.763446000000001,
        "model_forward_compile_threshold": 21.604334,
        "model_forward_inference": 0.7977291428571428,
        "model_forward_inference_threshold": 0.7995028675153392
    }
}
