{
  "batch": 32,
  "decode_pccs": [
    0.9965661441881434,
    0.9966099989400689,
    0.9966018412339502,
    0.9965762612913656
  ],
  "decode_positions": [
    31,
    32,
    33,
    34
  ],
  "key_cache_pcc": 0.9997750486641458,
  "prefill_pcc": 0.9964555485787097,
  "sequence_length": 31,
  "source_sha256": {
    "models/autoports/qwen_qwen3_32b/doc/context_contract.json": "66e670ec1925210d00376d6f7c9204731bfed114c30891842e170916ce858713",
    "models/autoports/qwen_qwen3_32b/tests/test_optimized_decoder.py": "5d4a812fcfb94ba7361d2435dc51a0eea514324404a42cc49ce4013f856bac41",
    "models/autoports/qwen_qwen3_32b/tt/optimized_decoder.py": "9a21a33ee5521f98f141e5510bc8427e7c0c4c540e7f0c3e75a3dd406ea88711"
  },
  "value_cache_pcc": 0.999743462506708
}
