{
  "batch": 32,
  "results": {
    "advisor_mlp_bfp4": {
      "decode_ms": 0.7821802515536547,
      "decode_pcc": 0.999999034524936,
      "options": {
        "prefill_grid_x": 11,
        "prefill_in0_block_w": 8
      },
      "precision_policy": "mlp_bfp4_lofi",
      "prefill_ms": 3.328884020447731,
      "prefill_pcc": 0.9999860274584622
    },
    "dram_mlp_bfp4_24c": {
      "decode_ms": 0.8150859968736768,
      "decode_pcc": 0.023212585008116886,
      "options": {
        "decode_matmul_mode": "dram_sharded",
        "dram_mlp_target_cores": 24,
        "prefill_grid_x": 11,
        "prefill_in0_block_w": 8
      },
      "precision_policy": "mlp_bfp4_lofi",
      "prefill_ms": 3.3531212247908115,
      "prefill_pcc": 0.007972811441840418
    },
    "dram_mlp_bfp4_48c": {
      "decode_ms": 0.8123171981424093,
      "decode_pcc": 0.023518326200490196,
      "options": {
        "decode_matmul_mode": "dram_sharded",
        "dram_mlp_target_cores": 48,
        "prefill_grid_x": 11,
        "prefill_in0_block_w": 8
      },
      "precision_policy": "mlp_bfp4_lofi",
      "prefill_ms": 3.259391989558935,
      "prefill_pcc": 0.007972635206946714
    }
  },
  "sequence_length": 17,
  "weights": "real_layer_14"
}
