{
  "ttft_ms": 488.22503816336393,
  "decode_t/s/u": 5.04024971082267,
  "prepare_decode_ms": 1384.0076718479395,
  "steady_decode_t/s/u": 1246.7773813411595,
  "steady_decode_tokens": 6,
  "e2e_t/s/u": 4.2620179601291115,
  "decode_tokens": 7,
  "trace_counters": {
    "trace_replays": 6,
    "token_host_refreshes": 0,
    "position_host_refreshes": 2,
    "page_table_host_refreshes": 0,
    "syncs": 2,
    "readbacks": 0
  }
}
