{
  "ttft_ms": 338.98349571973085,
  "decode_t/s/u": 41.40574692024547,
  "prepare_decode_ms": 1379.7581121325493,
  "steady_decode_t/s/u": 96.91318318966302,
  "steady_decode_tokens": 98,
  "e2e_t/s/u": 36.630627793298004,
  "decode_tokens": 99,
  "trace_counters": {
    "trace_replays": 98,
    "token_host_refreshes": 0,
    "position_host_refreshes": 2,
    "page_table_host_refreshes": 0,
    "syncs": 2,
    "readbacks": 0
  }
}
