{
  "batch": 1,
  "decode_cache_pcc_vs_hf": {
    "31": {
      "key": 0.9967718815967609,
      "value": 0.9955753088574035
    },
    "32": {
      "key": 0.9967802346683475,
      "value": 0.9955573920337433
    }
  },
  "decode_pcc_vs_hf": {
    "31": 0.9991638573515336,
    "32": 0.9990294202556371
  },
  "generated_at_utc": "2026-07-18T06:57:21.947604+00:00",
  "hardware": "4x Blackhole p300c, mesh 1x4, FABRIC_1D_RING",
  "implementation_sha256": "b249847705594bbf49e795eecdc1669a0016929929952d0767c9939cef1dd573",
  "mesh": [
    1,
    4
  ],
  "page_table": [
    2,
    0,
    3,
    1
  ],
  "prefill_key_cache_pcc_vs_hf": 0.9967752804772304,
  "prefill_pcc_vs_hf": 0.9999348221475352,
  "prefill_sequence_length": 31,
  "prefill_value_cache_pcc_vs_hf": 0.9955550684770795,
  "rank_outputs_bitwise_equal": true,
  "repo_head": "b35b3c1cbf7610b87f2813448f6d11f6df502b0c",
  "stacked_decoder_layout": [
    1,
    1,
    1,
    3072
  ],
  "test_sha256": "b6b10e32580ff5e4f9fdb465099272727a147049d5f191e91bd0dcae91ded557",
  "trace_program_cache_entries_stable": true,
  "trace_replay_bitwise_deterministic": true,
  "trace_replays": 8,
  "weights": "real_layer_14"
}
