{
  "batch": 1,
  "ccl_dtype": "bf16",
  "down_target_cores": 8,
  "effective_ccl_topology": "Ring",
  "gate_up_target_cores": 12,
  "generated_at_utc": "2026-07-18T07:12:29.576056+00:00",
  "hardware": "4x Blackhole p300c, mesh 1x4, FABRIC_1D_RING",
  "implementation_sha256": "b249847705594bbf49e795eecdc1669a0016929929952d0767c9939cef1dd573",
  "iterations_per_sample": 100,
  "multichip_prefill_ms": 0.8162590675055981,
  "multichip_trace_ms": 0.36351525224745274,
  "num_links": 2,
  "o_target_cores": 8,
  "parallel_efficiency": 0.44292960536919396,
  "physical_decode_geometry": {
    "down_grid": [
      8,
      1
    ],
    "down_grid_cores": 8,
    "gate_up_grid": [
      6,
      2
    ],
    "gate_up_grid_cores": 12,
    "mlp_local_width": 5760,
    "mlp_padded_width": 6144,
    "mlp_padding": 384,
    "o_grid": [
      8,
      1
    ],
    "o_grid_cores": 8,
    "o_local_input_width": 768,
    "qkv_grid": [
      8,
      1
    ],
    "qkv_grid_cores": 8,
    "qkv_local_width": 1280,
    "qkv_padded_width": 1280,
    "qkv_padding": 0
  },
  "prefill_parallel_efficiency": null,
  "prefill_samples": [
    1.0506361722946167,
    0.8126017637550831,
    0.8067400194704533,
    0.8162590675055981,
    0.8325288072228432
  ],
  "prefill_speedup": null,
  "qkv_target_cores": 8,
  "repo_head": "069f3fc3fc2ac9f6ffcaa7da15059f64efd251d7",
  "samples": [
    0.3635428100824356,
    0.363551820628345,
    0.3634534263983369,
    0.36351525224745274,
    0.36336055025458336
  ],
  "sequence_length": 17,
  "single_chip_baseline_ms": 0.644046668894589,
  "single_chip_prefill_ms": null,
  "single_chip_provenance": "models/autoports/tiiuae_falcon3_7b_base/doc/optimized_decoder/results/final/final_batch1.json",
  "speedup": 1.7717184214767758,
  "test_sha256": "b6b10e32580ff5e4f9fdb465099272727a147049d5f191e91bd0dcae91ded557",
  "weights": "real_layer_14"
}
