{
  "batch": 1,
  "ccl_dtype": "bf16",
  "down_target_cores": 24,
  "effective_ccl_topology": "Ring",
  "gate_up_target_cores": 24,
  "generated_at_utc": "2026-07-18T07:16:06.789524+00:00",
  "hardware": "4x Blackhole p300c, mesh 1x4, FABRIC_1D_RING",
  "implementation_sha256": "b249847705594bbf49e795eecdc1669a0016929929952d0767c9939cef1dd573",
  "iterations_per_sample": 100,
  "multichip_prefill_ms": 0.8652019314467907,
  "multichip_trace_ms": 0.3590327873826027,
  "num_links": 2,
  "o_target_cores": 12,
  "parallel_efficiency": 0.44845950810633184,
  "physical_decode_geometry": {
    "down_grid": [
      8,
      3
    ],
    "down_grid_cores": 24,
    "gate_up_grid": [
      8,
      3
    ],
    "gate_up_grid_cores": 24,
    "mlp_local_width": 5760,
    "mlp_padded_width": 6144,
    "mlp_padding": 384,
    "o_grid": [
      6,
      2
    ],
    "o_grid_cores": 12,
    "o_local_input_width": 768,
    "qkv_grid": [
      8,
      1
    ],
    "qkv_grid_cores": 8,
    "qkv_local_width": 1280,
    "qkv_padded_width": 1280,
    "qkv_padding": 0
  },
  "prefill_parallel_efficiency": null,
  "prefill_samples": [
    1.0616360232234001,
    0.8020810782909393,
    0.8139731362462044,
    0.8652019314467907,
    0.9466269984841347
  ],
  "prefill_speedup": null,
  "qkv_target_cores": 8,
  "repo_head": "069f3fc3fc2ac9f6ffcaa7da15059f64efd251d7",
  "samples": [
    0.3590213693678379,
    0.3590327873826027,
    0.3591202571988106,
    0.3591097379103303,
    0.359026868827641
  ],
  "sequence_length": 17,
  "single_chip_baseline_ms": 0.644046668894589,
  "single_chip_prefill_ms": null,
  "single_chip_provenance": "models/autoports/tiiuae_falcon3_7b_base/doc/optimized_decoder/results/final/final_batch1.json",
  "speedup": 1.7938380324253274,
  "test_sha256": "b6b10e32580ff5e4f9fdb465099272727a147049d5f191e91bd0dcae91ded557",
  "weights": "real_layer_14"
}
