{
  "shape": [
    32,
    2048,
    512
  ],
  "cfg": [
    2,
    4,
    1,
    2,
    1
  ],
  "chain_med_us": 7.407592592592593,
  "tree_med_us": 7.068888888888889,
  "delta_pct": -4.572385690357744,
  "chain_n": 20,
  "tree_n": 20,
  "fails": [],
  "chain_iqr": [
    7.380462962962963,
    7.407592592592593,
    7.4474074074074075
  ],
  "tree_iqr": [
    7.030833333333333,
    7.068888888888889,
    7.098333333333333
  ]
}
