{
  "shape": [
    256,
    2048,
    1024
  ],
  "cfg": [
    1,
    4,
    2,
    2,
    4
  ],
  "n_relaunch": 10,
  "iters": 8,
  "fails": [],
  "variants": {
    "chain": {
      "med_us": 22.459814814814813,
      "n": 20,
      "delta_vs_chain_pct": 0.0,
      "iqr": [
        22.333055555555557,
        22.459814814814813,
        22.545462962962965
      ]
    },
    "tree": {
      "med_us": 22.637592592592593,
      "n": 20,
      "delta_vs_chain_pct": 0.7915371486523387,
      "iqr": [
        22.535555555555558,
        22.637592592592593,
        22.713240740740737
      ]
    },
    "rscatter": {
      "med_us": 20.435555555555556,
      "n": 20,
      "delta_vs_chain_pct": -9.012804762415167,
      "iqr": [
        20.366481481481483,
        20.435555555555556,
        20.568148148148147
      ]
    }
  }
}
