{
  "shape": [
    256,
    2048,
    1024
  ],
  "cfg": [
    1,
    4,
    2,
    2,
    4
  ],
  "n_relaunch": 10,
  "iters": 8,
  "fails": [],
  "variants": {
    "chain": {
      "med_us": 22.35425925925926,
      "n": 20,
      "delta_vs_chain_pct": 0.0,
      "iqr": [
        22.232129629629632,
        22.35425925925926,
        22.440185185185186
      ]
    },
    "tree": {
      "med_us": 22.595925925925926,
      "n": 20,
      "delta_vs_chain_pct": 1.081076603182758,
      "iqr": [
        22.433333333333334,
        22.595925925925926,
        22.705555555555556
      ]
    },
    "rscatter": {
      "med_us": 20.455555555555556,
      "n": 20,
      "delta_vs_chain_pct": -8.49369993289869,
      "iqr": [
        20.409444444444446,
        20.455555555555556,
        20.55351851851852
      ]
    }
  }
}
