{
  "256x2048x1024": {
    "M": 256,
    "K": 2048,
    "N": 1024,
    "cfg": [
      1,
      4,
      2,
      2,
      4
    ],
    "note": "Sm>1 W1 (picker cfg)",
    "variants": {
      "none": {
        "us": 22.467777777777776,
        "gbps": 256.68617773601704,
        "pcc": 0.9999921000530354,
        "cores": 64,
        "per_risc": {
          "BRISC": 22.467777777777776,
          "NCRISC": 20.626666666666665,
          "TRISC": 21.115185185185187
        },
        "spread": 60.28217161935212
      },
      "bias": {
        "us": 23.164074074074076,
        "gbps": 248.97036598820011,
        "pcc": 0.9999920937783914,
        "cores": 64,
        "per_risc": {
          "BRISC": 23.164074074074076,
          "NCRISC": 20.64777777777778,
          "TRISC": 22.08851851851852
        },
        "spread": 64.96401788584512
      },
      "act": {
        "us": 26.21037037037037,
        "gbps": 220.03382319692517,
        "pcc": 0.999988376107363,
        "cores": 64,
        "per_risc": {
          "BRISC": 26.21037037037037,
          "NCRISC": 20.806296296296296,
          "TRISC": 24.912222222222223
        },
        "spread": 91.04634723933705
      },
      "addcmul": {
        "us": 26.12148148148148,
        "gbps": 220.78257713248638,
        "pcc": 0.9999880213880709,
        "cores": 64,
        "per_risc": {
          "BRISC": 26.12148148148148,
          "NCRISC": 20.686296296296298,
          "TRISC": 24.91
        },
        "spread": 84.18464939757379
      },
      "bias_act": {
        "us": 25.516666666666666,
        "gbps": 226.0157282821685,
        "pcc": 0.9999883983083286,
        "cores": 64,
        "per_risc": {
          "BRISC": 25.516666666666666,
          "NCRISC": 20.371111111111112,
          "TRISC": 24.385925925925925
        },
        "spread": 81.96827213050543
      },
      "bias_addcmul": {
        "us": 26.985185185185188,
        "gbps": 213.71608015371945,
        "pcc": 0.9999876817794717,
        "cores": 64,
        "per_risc": {
          "BRISC": 26.985185185185188,
          "NCRISC": 20.554074074074073,
          "TRISC": 25.58851851851852
        },
        "spread": 95.69136379536847
      },
      "chunk2": {
        "us": 22.203333333333333,
        "gbps": 259.7433418405644,
        "pcc": 0.9999921000530354,
        "cores": 64,
        "per_risc": {
          "BRISC": 22.203333333333333,
          "NCRISC": 20.547777777777778,
          "TRISC": 21.092962962962964
        },
        "spread": 58.657993613805694
      },
      "bias_chunk2": {
        "us": 23.18851851851852,
        "gbps": 248.7079110032104,
        "pcc": 0.9999920937783914,
        "cores": 64,
        "per_risc": {
          "BRISC": 23.18851851851852,
          "NCRISC": 20.694814814814816,
          "TRISC": 22.085925925925924
        },
        "spread": 64.68267145476335
      }
    }
  },
  "256x6144x768": {
    "M": 256,
    "K": 6144,
    "N": 768,
    "cfg": [
      1,
      6,
      2,
      4,
      2
    ],
    "note": "Pk>1 Sm>1 W1 (picker cfg)",
    "variants": {
      "none": {
        "us": 45.22333333333333,
        "gbps": 286.93435542124274,
        "pcc": 0.9999906879868511,
        "cores": 96,
        "per_risc": {
          "BRISC": 45.22333333333333,
          "NCRISC": 44.406666666666666,
          "TRISC": 44.6737037037037
        },
        "spread": 47.339140660515
      },
      "bias": {
        "us": 47.464814814814815,
        "gbps": 273.38414888221297,
        "pcc": 0.9999906921523039,
        "cores": 96,
        "per_risc": {
          "BRISC": 47.464814814814815,
          "NCRISC": 45.37555555555556,
          "TRISC": 46.906666666666666
        },
        "spread": 56.48159539271866
      },
      "act": {
        "us": 50.21296296296296,
        "gbps": 258.4218742393509,
        "pcc": 0.9999863807423724,
        "cores": 96,
        "per_risc": {
          "BRISC": 50.21296296296296,
          "NCRISC": 46.04777777777778,
          "TRISC": 49.681851851851846
        },
        "spread": 69.01180745044667
      },
      "addcmul": {
        "us": 51.82592592592592,
        "gbps": 250.37908668620025,
        "pcc": 0.999986154446197,
        "cores": 96,
        "per_risc": {
          "BRISC": 51.82592592592592,
          "NCRISC": 45.00037037037037,
          "TRISC": 51.30222222222222
        },
        "spread": 70.37706143701132
      },
      "bias_act": {
        "us": 49.785555555555554,
        "gbps": 260.64041779186283,
        "pcc": 0.9999863758746469,
        "cores": 96,
        "per_risc": {
          "BRISC": 49.785555555555554,
          "NCRISC": 45.30962962962963,
          "TRISC": 49.22851851851852
        },
        "spread": 63.476644690699956
      },
      "bias_addcmul": {
        "us": 52.321111111111115,
        "gbps": 248.0094119645777,
        "pcc": 0.9999860900516218,
        "cores": 96,
        "per_risc": {
          "BRISC": 52.321111111111115,
          "NCRISC": 44.60444444444445,
          "TRISC": 51.77814814814815
        },
        "spread": 71.00087639631295
      },
      "chunk2": {
        "us": 47.11592592592592,
        "gbps": 275.4085321468718,
        "pcc": 0.9999906879868511,
        "cores": 96,
        "per_risc": {
          "BRISC": 47.11592592592592,
          "NCRISC": 46.19592592592593,
          "TRISC": 46.53296296296296
        },
        "spread": 52.83013422574522
      },
      "bias_chunk2": {
        "us": 48.01555555555555,
        "gbps": 270.2484194936826,
        "pcc": 0.9999906921523039,
        "cores": 96,
        "per_risc": {
          "BRISC": 48.01555555555555,
          "NCRISC": 45.95777777777778,
          "TRISC": 47.44777777777778
        },
        "spread": 59.830725583489155
      }
    }
  },
  "256x15360x768": {
    "M": 256,
    "K": 15360,
    "N": 768,
    "cfg": [
      1,
      6,
      2,
      2,
      3
    ],
    "note": "W>1 deep-K (picker cfg)",
    "variants": {
      "none": {
        "us": 95.16703703703703,
        "gbps": 334.679916404295,
        "pcc": 0.9999906887597927,
        "cores": 96,
        "per_risc": {
          "BRISC": 95.16703703703703,
          "NCRISC": 93.72925925925925,
          "TRISC": 94.1962962962963
        },
        "spread": 51.782099846832374
      },
      "bias": {
        "us": 95.76259259259258,
        "gbps": 332.5985140722234,
        "pcc": 0.9999906882822426,
        "cores": 96,
        "per_risc": {
          "BRISC": 95.76259259259258,
          "NCRISC": 93.64666666666668,
          "TRISC": 94.83111111111111
        },
        "spread": 52.94844896411064
      },
      "act": {
        "us": 98.11222222222221,
        "gbps": 324.6333155909899,
        "pcc": 0.999986363784072,
        "cores": 96,
        "per_risc": {
          "BRISC": 98.11222222222221,
          "NCRISC": 94.09814814814814,
          "TRISC": 97.15851851851852
        },
        "spread": 55.19266194575778
      },
      "addcmul": {
        "us": 99.30481481481482,
        "gbps": 320.7346598389545,
        "pcc": 0.9999858836911001,
        "cores": 96,
        "per_risc": {
          "BRISC": 99.30481481481482,
          "NCRISC": 95.1462962962963,
          "TRISC": 98.3774074074074
        },
        "spread": 59.16972834213242
      },
      "bias_act": {
        "us": 97.59407407407407,
        "gbps": 326.3568644119254,
        "pcc": 0.9999863840370999,
        "cores": 96,
        "per_risc": {
          "BRISC": 97.59407407407407,
          "NCRISC": 93.55259259259259,
          "TRISC": 96.64777777777778
        },
        "spread": 55.88805262797602
      },
      "bias_addcmul": {
        "us": 99.21296296296296,
        "gbps": 321.0315975734951,
        "pcc": 0.9999864824703733,
        "cores": 96,
        "per_risc": {
          "BRISC": 99.21296296296296,
          "NCRISC": 94.26444444444444,
          "TRISC": 98.3162962962963
        },
        "spread": 58.63908116427521
      },