{
  "256x2048x1024": {
    "M": 256,
    "K": 2048,
    "N": 1024,
    "cfg": [
      1,
      4,
      2,
      2,
      4
    ],
    "note": "Sm>1 W1 (picker cfg)",
    "variants": {
      "none": {
        "us": 22.594814814814814,
        "gbps": 255.2429859358096,
        "pcc": 0.9999921000530354,
        "cores": 64,
        "per_risc": {
          "BRISC": 22.594814814814814,
          "NCRISC": 20.865555555555556,
          "TRISC": 21.353703703703705
        },
        "spread": 62.05751628481582
      },
      "bias": {
        "us": 23.002592592592592,
        "gbps": 250.7181734748096,
        "pcc": 0.9999920937783914,
        "cores": 64,
        "per_risc": {
          "BRISC": 23.002592592592592,
          "NCRISC": 20.51185185185185,
          "TRISC": 21.90777777777778
        },
        "spread": 67.15112059580918
      },
      "act": {
        "us": 25.644074074074073,
        "gbps": 224.89281474313609,
        "pcc": 0.999988376107363,
        "cores": 64,
        "per_risc": {
          "BRISC": 25.644074074074073,
          "NCRISC": 20.324814814814815,
          "TRISC": 24.345185185185183
        },
        "spread": 82.56968164336824
      },
      "addcmul": {
        "us": 25.796296296296298,
        "gbps": 223.56573725771716,
        "pcc": 0.9999880213880709,
        "cores": 64,
        "per_risc": {
          "BRISC": 25.796296296296298,
          "NCRISC": 20.442592592592593,
          "TRISC": 24.55148148148148
        },
        "spread": 86.56477202017524
      }
    }
  },
  "256x6144x768": {
    "M": 256,
    "K": 6144,
    "N": 768,
    "cfg": [
      1,
      6,
      2,
      4,
      2
    ],
    "note": "Pk>1 Sm>1 W1 (picker cfg)",
    "variants": {
      "none": {
        "us": 45.477777777777774,
        "gbps": 285.32898118739314,
        "pcc": 0.9999906879868511,
        "cores": 96,
        "per_risc": {
          "BRISC": 45.477777777777774,
          "NCRISC": 44.595925925925926,
          "TRISC": 44.91888888888889
        },
        "spread": 52.315822381540855
      },
      "bias": {
        "us": 46.81444444444445,
        "gbps": 277.18214226378376,
        "pcc": 0.9999906921523039,
        "cores": 96,
        "per_risc": {
          "BRISC": 46.81444444444445,
          "NCRISC": 44.733333333333334,
          "TRISC": 46.26185185185185
        },
        "spread": 52.88761709725057
      },
      "act": {
        "us": 49.709999999999994,
        "gbps": 261.0365721182861,
        "pcc": 0.9999863807423724,
        "cores": 96,
        "per_risc": {
          "BRISC": 49.709999999999994,
          "NCRISC": 45.55444444444445,
          "TRISC": 49.17407407407407
        },
        "spread": 64.08292043654737
      },
      "addcmul": {
        "us": 51.62333333333333,
        "gbps": 251.36168399302642,
        "pcc": 0.999986154446197,
        "cores": 96,
        "per_risc": {
          "BRISC": 51.62333333333333,
          "NCRISC": 44.73777777777778,
          "TRISC": 51.096296296296295
        },
        "spread": 68.9443672397542
      }
    }
  },
  "256x15360x768": {
    "M": 256,
    "K": 15360,
    "N": 768,
    "cfg": [
      1,
      6,
      2,
      2,
      3
    ],
    "note": "W>1 deep-K (picker cfg)",
    "variants": {
      "none": {
        "us": 95.61925925925927,
        "gbps": 333.09707946640225,
        "pcc": 0.9999906887597927,
        "cores": 96,
        "per_risc": {
          "BRISC": 95.61925925925927,
          "NCRISC": 94.1937037037037,
          "TRISC": 94.65074074074074
        },
        "spread": 51.347132400116095
      },
      "bias": {
        "us": 95.95518518518519,
        "gbps": 331.930952335002,
        "pcc": 0.9999906882822426,
        "cores": 96,
        "per_risc": {
          "BRISC": 95.95518518518519,
          "NCRISC": 93.92222222222222,
          "TRISC": 95.03037037037038
        },
        "spread": 51.061562195267825
      },
      "act": {
        "us": 97.96481481481482,
        "gbps": 325.12179051435703,
        "pcc": 0.999986363784072,
        "cores": 96,
        "per_risc": {
          "BRISC": 97.96481481481482,
          "NCRISC": 93.97962962962963,
          "TRISC": 97.07222222222222
        },
        "spread": 55.81316413848526
      },
      "addcmul": {
        "us": 98.87259259259258,
        "gbps": 322.1367536223198,
        "pcc": 0.9999858836911001,
        "cores": 96,
        "per_risc": {
          "BRISC": 98.87259259259258,
          "NCRISC": 94.56,
          "TRISC": 97.86444444444444
        },
        "spread": 55.886107042319395
      }
    }
  },
  "32x2304x6144": {
    "M": 32,
    "K": 2304,
    "N": 6144,
    "cfg": [
      2,
      3,
      1,
      1,
      6
    ],
    "note": "wide-N control",
    "variants": {
      "none": {
        "us": 59.767037037037035,
        "gbps": 482.7447608306325,
        "pcc": 0.999992857554395,
        "cores": 48,
        "per_risc": {
          "BRISC": 59.66740740740741,
          "NCRISC": 59.71037037037037,
          "TRISC": 59.12185185185185
        },
        "spread": 4.823223949200726
      },
      "bias": {
        "us": 60.97481481481481,
        "gbps": 473.18264249963556,
        "pcc": 0.9999927959946517,
        "cores": 48,
        "per_risc": {
          "BRISC": 60.93518518518518,
          "NCRISC": 60.925185185185185,
          "TRISC": 60.377407407407404
        },
        "spread": 6.957842082869324
      },
      "act": {
        "us": 61.10370370370371,
        "gbps": 472.18453630743113,
        "pcc": 0.99998963880891,
        "cores": 48,
        "per_risc": {
          "BRISC": 61.10370370370371,
          "NCRISC": 60.90481481481481,
          "TRISC": 60.47814814814814
        },
        "spread": 7.221460260277537
      },
      "addcmul": {
        "us": 62.51925925925926,
        "gbps": 461.49337567090436,
        "pcc": 0.9999884359182845,
        "cores": 48,
        "per_risc": {
          "BRISC": 62.202962962962964,
          "NCRISC": 62.51925925925926,
          "TRISC": 61.904074074074074
        },
        "spread": 10.370278764430363
      }
    }
  },
  "32x6144x3072_pk1": {
    "M": 32,
    "K": 6144,
    "N": 3072,
    "cfg": [
      1,
      1,
      1,
      4,
      6
    ],
    "note": "Pk=1 (no reduction)",
    "variants": {
      "none": {
        "us": 106.61037037037038,
        "gbps": 359.61379617020094,
        "pcc": 0.9999941992176528,
        "cores": 8,
        "per_risc": {
          "BRISC": 104.83481481481482,
          "NCRISC": 106.61037037037038,
          "TRISC": 105.89592592592592
        },
        "spread": 0.6035928028901032
      },
      "bias": {
        "us": 106.95703703703704,
        "gbps": 358.4482242783534,
        "pcc": 0.9999942208901293,
        "cores": 8,
        "per_risc": {
          "BRISC": 105.24481481481482,
          "NCRISC": 106.95703703703704,
          "TRISC": 106.3474074074074
        },
        "spread": 0.7202279212998417
      },
      "act": {
        "us": 107.6237037037037,
        "gbps": 356.22784461635877,
        "pcc": 0.9999915309810625,
        "cores": 8,
        "per_risc": {
          "BRISC": 104.93111111111111,
          "NCRISC": 107.6237037037037,
          "TRISC": 107.08555555555556
        },
        "spread": 0.5849406987138035
      },
      "addcmul": {
        "us": 108.31518518518519,
        "gbps": 353.95369480699327,
        "pcc": 0.9999900476266648,
        "cores": 8,
        "per_risc": {
          "BRISC": 105.48148148148148,
          "NCRISC": 108.31518518518519,
          "TRISC": 107.68037037037037
        },
        "spread": 0.5589727205030661
      }
    }
  }
}
