{
  "advisor_residual_mode": "legacy_32core",
  "batch": 1,
  "ccl_dtype": "bfp8",
  "ccl_mode": "persistent_async",
  "decode_matmul_mode": "dram_sharded",
  "down_target_cores": 8,
  "effective_ccl_topology": "Ring",
  "gate_up_target_cores": 24,
  "generated_at_utc": "2026-07-18T18:15:28.305946+00:00",
  "hardware": "4x Blackhole p300c, mesh 1x4, FABRIC_1D_RING",
  "implementation_sha256": "9022f580b596d7d1615e0bf041fc9afcef7429c08cafda75a37a6ba20e7b822a",
  "iterations_per_sample": 100,
  "multichip_prefill_ms": 0.9249630384147167,
  "multichip_trace_ms": 0.3029287187382579,
  "num_links": 2,
  "o_target_cores": 8,
  "parallel_efficiency": 0.5315166811990762,
  "physical_decode_geometry": {
    "down_grid": [
      8,
      1
    ],
    "down_grid_cores": 8,
    "gate_up_grid": [
      8,
      3
    ],
    "gate_up_grid_cores": 24,
    "mlp_local_width": 5760,
    "mlp_padded_width": 6144,
    "mlp_padding": 384,
    "o_grid": [
      8,
      1
    ],
    "o_grid_cores": 8,
    "o_local_input_width": 768,
    "qkv_grid": [
      8,
      1
    ],
    "qkv_grid_cores": 8,
    "qkv_local_width": 1280,
    "qkv_padded_width": 1280,
    "qkv_padding": 0
  },
  "precision_policy": "all_bfp4_lofi",
  "prefill_grid_x_limit": 10,
  "prefill_parallel_efficiency": null,
  "prefill_samples": [
    1.2864116579294205,
    0.8843461982905865,
    1.0731760412454605,
    0.9249630384147167,
    0.8380981162190437
  ],
  "prefill_speedup": null,
  "qkv_target_cores": 8,
  "repo_head": "74b73791498c5e838ebcfb6266c71324424a7bbf",
  "return_sharded_decode_output": true,
  "samples": [
    0.302851777523756,
    0.30310204718261957,
    0.3029287187382579,
    0.30292421113699675,
    0.3030186891555786
  ],
  "sequence_length": 17,
  "single_chip_baseline_ms": 0.644046668894589,
  "single_chip_prefill_ms": null,
  "single_chip_provenance": "models/autoports/tiiuae_falcon3_7b_base/doc/optimized_decoder/results/final/final_batch1.json",
  "speedup": 2.126066724796305,
  "test_sha256": "42ea873c3ee68ccb54d6911de0019055ed3a98a78aa618a726b79c4dd10a786d",
  "use_packed_mlp": false,
  "weights": "real_layer_14"
}
