2026-08-15 22:02:30.030 | DEBUG    | ttnn:<module>:76 - Loading ttnn configuration overrides from environment variable TTNN_CONFIG_OVERRIDES
2026-08-15 22:02:30.031 | DEBUG    | ttnn:<module>:79 - Initial ttnn.CONFIG:
Config{cache_path=/home/mvasiljevic/.cache/ttnn,model_cache_path=/home/mvasiljevic/.cache/ttnn/models,tmp_dir=/tmp/ttnn,enable_model_cache=false,enable_fast_runtime_mode=true,throw_exception_on_fallback=true,enable_logging=false,enable_graph_report=false,enable_graph_python_stack_traces=false,enable_detailed_buffer_report=false,enable_detailed_tensor_report=false,enable_comparison_mode=false,comparison_mode_should_raise_exception=false,comparison_mode_pcc=0.9999,root_report_path=generated/ttnn/reports,report_name=std::nullopt,std::nullopt}
2026-08-15 22:02:30.068 | info     |          Device | Opening user mode device driver (tt_cluster.cpp:228)
2026-08-15 22:02:30.068 | info     |             UMD | Cluster constructor started. (cluster.cpp:348)
2026-08-15 22:02:30.068 | info     |             UMD | Creating TopologyDiscovery for architecture: blackhole (topology_discovery.cpp:91)
2026-08-15 22:02:30.068 | info     |             UMD | Starting topology discovery. (topology_discovery.cpp:110)
2026-08-15 22:02:30.071 | info     |             UMD | Established firmware bundle version: 19.8.0 (topology_discovery.cpp:569)
2026-08-15 22:02:30.071 | info     |             UMD | Firmware bundle version 19.8.0 on the system is newer than the latest fully tested version 19.5.0 for blackhole architecture. Newest features may not be supported. (topology_discovery.cpp:601)
2026-08-15 22:02:30.075 | info     |             UMD | Completed topology discovery. (topology_discovery.cpp:114)
2026-08-15 22:02:30.297 | info     |             UMD | Opening local chip ids/PCIe ids: {0, 1, 2, 3}/[0, 1, 2, 3] and remote chip ids {} (cluster.cpp:168)
2026-08-15 22:02:30.297 | info     |             UMD | IOMMU: enabled (cluster.cpp:142)
2026-08-15 22:02:30.298 | info     |             UMD | KMD version: 2.8.0 (cluster.cpp:145)
2026-08-15 22:02:30.298 | info     |             UMD | Cluster constructor completed. (cluster.cpp:520)
2026-08-15 22:02:30.299 | info     |             UMD | Starting devices in cluster (cluster.cpp:1024)
2026-08-15 22:02:30.530 | info     |             UMD | Starting devices in cluster completed. (cluster.cpp:1032)
2026-08-15 22:02:30.662 | info     |     Distributed | Using auto discovery to generate mesh graph. (metal_env.cpp:367)
2026-08-15 22:02:30.662 | info     |     Distributed | Constructing control plane using auto-discovery (no mesh graph descriptor). (metal_env.cpp:429)
2026-08-15 22:02:30.662 | warning  |          Always | Unknown motherboard 'B850M-C' for chip_id=0 (bus_id=0x1) — falling back to bus_id as tray_id. Add this motherboard and its bus IDs to mobo_to_bus_ids in physical_system_discovery.cpp. (physical_system_discovery.cpp:89)
2026-08-15 22:02:30.662 | warning  |          Always | Unknown motherboard 'B850M-C' for chip_id=1 (bus_id=0x2) — falling back to bus_id as tray_id. Add this motherboard and its bus IDs to mobo_to_bus_ids in physical_system_discovery.cpp. (physical_system_discovery.cpp:89)
2026-08-15 22:02:30.662 | warning  |          Always | Unknown motherboard 'B850M-C' for chip_id=2 (bus_id=0x3) — falling back to bus_id as tray_id. Add this motherboard and its bus IDs to mobo_to_bus_ids in physical_system_discovery.cpp. (physical_system_discovery.cpp:89)
2026-08-15 22:02:30.662 | warning  |          Always | Unknown motherboard 'B850M-C' for chip_id=3 (bus_id=0x4) — falling back to bus_id as tray_id. Add this motherboard and its bus IDs to mobo_to_bus_ids in physical_system_discovery.cpp. (physical_system_discovery.cpp:89)
2026-08-15 22:02:30.662 | warning  |          Always | Unknown motherboard 'B850M-C' for chip_id=1 (bus_id=0x2) — falling back to bus_id as tray_id. Add this motherboard and its bus IDs to mobo_to_bus_ids in physical_system_discovery.cpp. (physical_system_discovery.cpp:89)
2026-08-15 22:02:30.662 | warning  |          Always | Unknown motherboard 'B850M-C' for chip_id=0 (bus_id=0x1) — falling back to bus_id as tray_id. Add this motherboard and its bus IDs to mobo_to_bus_ids in physical_system_discovery.cpp. (physical_system_discovery.cpp:89)
2026-08-15 22:02:30.662 | warning  |          Always | Unknown motherboard 'B850M-C' for chip_id=2 (bus_id=0x3) — falling back to bus_id as tray_id. Add this motherboard and its bus IDs to mobo_to_bus_ids in physical_system_discovery.cpp. (physical_system_discovery.cpp:89)
2026-08-15 22:02:30.662 | warning  |          Always | Unknown motherboard 'B850M-C' for chip_id=3 (bus_id=0x4) — falling back to bus_id as tray_id. Add this motherboard and its bus IDs to mobo_to_bus_ids in physical_system_discovery.cpp. (physical_system_discovery.cpp:89)
2026-08-15 22:02:30.663 | info     |          Fabric | Logical multi-mesh adjacency: intermesh degree histogram {0:1}; intra-mesh degree histograms mesh0 {2:4} (topology_mapper_utils.cpp:2342)
2026-08-15 22:02:30.663 | info     |          Fabric | Physical multi-mesh adjacency: intermesh degree histogram {0:1}; intra-mesh degree histograms mesh0 {2:4} (topology_mapper_utils.cpp:2350)
2026-08-15 22:02:30.663 | DEBUG    | ttnn.device:__init__:152 - Using default dispatch core type for this system: DispatchCoreType.WORKER
2026-08-15 22:02:30.663 | DEBUG    | ttnn.device:__init__:154 - Using default dispatch core axis for this system: DispatchCoreAxis.COL
2026-08-15 22:02:30.668 | info     |    BuildKernels | Using pre-compiled firmware from: /home/mvasiljevic/tt-metal/tt_metal/pre-compiled/13793420398762238087/ (build_env_manager.cpp:347)
2026-08-15 22:02:30.668 | info     |    BuildKernels | Using pre-compiled firmware from: /home/mvasiljevic/tt-metal/tt_metal/pre-compiled/13793420398762238087/ (build_env_manager.cpp:347)
2026-08-15 22:02:30.668 | info     |    BuildKernels | Using pre-compiled firmware from: /home/mvasiljevic/tt-metal/tt_metal/pre-compiled/13793420398762238087/ (build_env_manager.cpp:347)
2026-08-15 22:02:30.668 | info     |    BuildKernels | Using pre-compiled firmware from: /home/mvasiljevic/tt-metal/tt_metal/pre-compiled/13793420398762238087/ (build_env_manager.cpp:347)
2026-08-15 22:02:30.701 | info     |           Metal | Initializing Fabric (fabric_firmware_initializer.cpp:288)
2026-08-15 22:02:30.729 | info     |           Metal | Fabric initialized on Device 0 (device.cpp:429)
2026-08-15 22:02:30.730 | info     |           Metal | Fabric initialized on Device 1 (device.cpp:429)
2026-08-15 22:02:30.730 | info     |           Metal | Fabric initialized on Device 2 (device.cpp:429)
2026-08-15 22:02:30.731 | info     |           Metal | Fabric initialized on Device 3 (device.cpp:429)
2026-08-15 22:02:30.731 | info     |           Metal | Fabric initialized on 4 devices (fabric_firmware_initializer.cpp:435)
2026-08-15 22:02:30.731 | info     |           Metal | Fabric Initialized with config FabricConfig::FABRIC_1D_RING (fabric_firmware_initializer.cpp:305)
2026-08-15 22:02:30.772 | info     |           Metal | ShmResourceTracker: removed orphaned shm '/tt_device_154095681929600_memory' (shm_resource_tracker.cpp:282)
2026-08-15 22:02:30.772 | info     |           Metal | ShmResourceTracker: removed orphaned shm '/tt_device_154095681929601_memory' (shm_resource_tracker.cpp:282)
2026-08-15 22:02:30.772 | info     |           Metal | ShmResourceTracker: removed orphaned shm '/tt_device_154095681932032_memory' (shm_resource_tracker.cpp:282)
2026-08-15 22:02:30.772 | info     |           Metal | ShmResourceTracker: removed orphaned shm '/tt_device_154095681932033_memory' (shm_resource_tracker.cpp:282)
2026-08-15 22:02:31.352 | info     |           Metal | [Real-time profiler] Device 2 sync complete: 100 samples, frequency=1.349982 GHz, device_time_at_sync=1026500169949 cycles (realtime_profiler_manager.cpp:1127)
2026-08-15 22:02:31.352 | info     |           Metal | [Real-time profiler] Device 1 sync complete: 100 samples, frequency=1.349983 GHz, device_time_at_sync=1025245681190 cycles (realtime_profiler_manager.cpp:1127)
2026-08-15 22:02:31.352 | info     |           Metal | [Real-time profiler] Device 3 sync complete: 100 samples, frequency=1.349977 GHz, device_time_at_sync=1027911326165 cycles (realtime_profiler_manager.cpp:1127)
2026-08-15 22:02:31.352 | info     |           Metal | [Real-time profiler] Device 0 sync complete: 100 samples, frequency=1.349984 GHz, device_time_at_sync=1024309488306 cycles (realtime_profiler_manager.cpp:1127)
2026-08-15 22:02:32.960 | INFO     | models.demos.gemma4.tt.model_config:load_state_dict:156 - No safetensors found, loading via AutoModelForCausalLM from google/gemma-4-26B-A4B-it
Loading weights:   0%|          | 0/1013 [00:00<?, ?it/s]Loading weights: 100%|██████████| 1013/1013 [00:00<00:00, 35112.85it/s]
2026-08-15 22:02:33.350 | DEBUG    | core:as_tensor:724 - Loaded cache for /tmp/gemma4_full_model_cache/full_model/embedding_dtype_BFLOAT16_layout_ROW_MAJOR.tensorbin of shape Shape([1, 1, 262144, 704])
2026-08-15 22:02:34.049 | DEBUG    | core:as_tensor:724 - Loaded cache for /tmp/gemma4_full_model_cache/full_model/lm_head_dtype_BFLOAT16_layout_TILE.tensorbin of shape Shape([1, 1, 2816, 65536])
2026-08-15 22:02:34.094 | DEBUG    | core:as_tensor:724 - Loaded cache for /tmp/gemma4_full_model_cache/full_model/final_norm_dtype_BFLOAT16_layout_TILE.tensorbin of shape Shape([1, 1, 1, 2816])
2026-08-15 22:02:34.529 | DEBUG    | core:as_tensor:724 - Loaded cache for /tmp/gemma4_full_model_cache/multichip/layer_0/layer_scalar_dtype_BFLOAT16_layout_TILE.tensorbin of shape Shape([1, 1, 1, 1])
2026-08-15 22:02:34.530 | DEBUG    | core:as_tensor:724 - Loaded cache for /tmp/gemma4_full_model_cache/multichip/layer_0/input_ln_dtype_BFLOAT16_layout_TILE.tensorbin of shape Shape([1, 1, 1, 2816])
2026-08-15 22:02:34.530 | DEBUG    | core:as_tensor:724 - Loaded cache for /tmp/gemma4_full_model_cache/multichip/layer_0/post_attn_ln_dtype_BFLOAT16_layout_TILE.tensorbin of shape Shape([1, 1, 1, 2816])
2026-08-15 22:02:34.530 | DEBUG    | core:as_tensor:724 - Loaded cache for /tmp/gemma4_full_model_cache/multichip/layer_0/pre_ff_ln_dtype_BFLOAT16_layout_TILE.tensorbin of shape Shape([1, 1, 1, 2816])
2026-08-15 22:02:34.530 | DEBUG    | core:as_tensor:724 - Loaded cache for /tmp/gemma4_full_model_cache/multichip/layer_0/post_ff_ln_dtype_BFLOAT16_layout_TILE.tensorbin of shape Shape([1, 1, 1, 2816])
2026-08-15 22:02:34.530 | DEBUG    | core:as_tensor:724 - Loaded cache for /tmp/gemma4_full_model_cache/multichip/layer_0/post_ff_ln_1_dtype_BFLOAT16_layout_TILE.tensorbin of shape Shape([1, 1, 1, 2816])
2026-08-15 22:02:34.530 | DEBUG    | core:as_tensor:724 - Loaded cache for /tmp/gemma4_full_model_cache/multichip/layer_0/post_ff_ln_2_dtype_BFLOAT16_layout_TILE.tensorbin of shape Shape([1, 1, 1, 2816])
2026-08-15 22:02:34.530 | DEBUG    | core:as_tensor:724 - Loaded cache for /tmp/gemma4_full_model_cache/multichip/layer_0/pre_ff_ln_2_dtype_BFLOAT16_layout_TILE.tensorbin of shape Shape([1, 1, 1, 2816])
2026-08-15 22:02:34.531 | DEBUG    | core:as_tensor:724 - Loaded cache for /tmp/gemma4_full_model_cache/multichip/layer_0/q_norm_dtype_BFLOAT16_layout_TILE.tensorbin of shape Shape([1, 1, 1, 256])
2026-08-15 22:02:34.531 | DEBUG    | core:as_tensor:724 - Loaded cache for /tmp/gemma4_full_model_cache/multichip/layer_0/k_norm_dtype_BFLOAT16_layout_TILE.tensorbin of shape Shape([1, 1, 1, 256])
2026-08-15 22:02:34.533 | DEBUG    | core:as_tensor:724 - Loaded cache for /tmp/gemma4_full_model_cache/multichip/layer_0/qkv_tp4_dtype_BFLOAT8_B_layout_TILE.tensorbin of shape Shape([1, 1, 2816, 2048])
2026-08-15 22:02:34.543 | DEBUG    | core:as_tensor:724 - Loaded cache for /tmp/gemma4_full_model_cache/multichip/layer_0/o_proj_tp4_dtype_BFLOAT8_B_layout_TILE.tensorbin of shape Shape([1, 1, 1024, 2816])
2026-08-15 22:02:34.544 | DEBUG    | core:as_tensor:724 - Loaded cache for /tmp/gemma4_full_model_cache/multichip/layer_0/mlp_gate_tp4_dtype_BFLOAT8_B_layout_TILE.tensorbin of shape Shape([1, 1, 2816, 544])
2026-08-15 22:02:34.545 | DEBUG    | core:as_tensor:724 - Loaded cache for /tmp/gemma4_full_model_cache/multichip/layer_0/mlp_up_tp4_dtype_BFLOAT8_B_layout_TILE.tensorbin of shape Shape([1, 1, 2816, 544])
2026-08-15 22:02:34.545 | DEBUG    | core:as_tensor:724 - Loaded cache for /tmp/gemma4_full_model_cache/multichip/layer_0/mlp_down_tp4_dtype_BFLOAT8_B_layout_TILE.tensorbin of shape Shape([1, 1, 544, 2816])
2026-08-15 22:02:34.546 | DEBUG    | core:as_tensor:724 - Loaded cache for /tmp/gemma4_full_model_cache/multichip/layer_0/router_scale_dtype_FLOAT32_layout_TILE.tensorbin of shape Shape([1, 1, 1, 2816])
2026-08-15 22:02:34.546 | DEBUG    | core:as_tensor:724 - Loaded cache for /tmp/gemma4_full_model_cache/multichip/layer_0/router_proj_dtype_FLOAT32_layout_TILE.tensorbin of shape Shape([1, 1, 2816, 128])
2026-08-15 22:02:34.546 | DEBUG    | core:as_tensor:724 - Loaded cache for /tmp/gemma4_full_model_cache/multichip/layer_0/router_per_expert_scale_dtype_FLOAT32_layout_TILE.tensorbin of shape Shape([1, 128])
2026-08-15 22:02:34.573 | DEBUG    | core:as_tensor:724 - Loaded cache for /tmp/gemma4_full_model_cache/multichip/layer_0/expert_gate_tp4_dtype_BFLOAT8_B_layout_TILE.tensorbin of shape Shape([1, 128, 2816, 192])
2026-08-15 22:02:34.600 | DEBUG    | core:as_tensor:724 - Loaded cache for /tmp/gemma4_full_model_cache/multichip/layer_0/expert_up_tp4_dtype_BFLOAT8_B_layout_TILE.tensorbin of shape Shape([1, 128, 2816, 192])
2026-08-15 22:02:34.626 | DEBUG    | core:as_tensor:724 - Loaded cache for /tmp/gemma4_full_model_cache/multichip/layer_0/expert_down_tp4_dtype_BFLOAT8_B_layout_TILE.tensorbin of shape Shape([1, 128, 192, 2816])
2026-08-15 22:02:34.627 | DEBUG    | core:as_tensor:724 - Loaded cache for /tmp/gemma4_full_model_cache/multichip/layer_0/expert_prefill_sparsity_dtype_BFLOAT16_layout_ROW_MAJOR.tensorbin of shape Shape([1, 1, 1, 128])
2026-08-15 22:02:34.636 | DEBUG    | core:as_tensor:724 - Loaded cache for /tmp/gemma4_full_model_cache/multichip/layer_0/packed_mlp_gate_up_decode_bfp4_tp4_dtype_BFLOAT4_B_layout_TILE.tensorbin of shape Shape([1, 1, 2816, 1088])
2026-08-15 22:02:35.128 | DEBUG    | core:as_tensor:724 - Loaded cache for /tmp/gemma4_full_model_cache/multichip/layer_1/layer_scalar_dtype_BFLOAT16_layout_TILE.tensorbin of shape Shape([1, 1, 1, 1])
2026-08-15 22:02:35.129 | DEBUG    | core:as_tensor:724 - Loaded cache for /tmp/gemma4_full_model_cache/multichip/layer_1/input_ln_dtype_BFLOAT16_layout_TILE.tensorbin of shape Shape([1, 1, 1, 2816])
2026-08-15 22:02:35.129 | DEBUG    | core:as_tensor:724 - Loaded cache for /tmp/gemma4_full_model_cache/multichip/layer_1/post_attn_ln_dtype_BFLOAT16_layout_TILE.tensorbin of shape Shape([1, 1, 1, 2816])
2026-08-15 22:02:35.129 | DEBUG    | core:as_tensor:724 - Loaded cache for /tmp/gemma4_full_model_cache/multichip/layer_1/pre_ff_ln_dtype_BFLOAT16_layout_TILE.tensorbin of shape Shape([1, 1, 1, 2816])
2026-08-15 22:02:35.129 | DEBUG    | core:as_tensor:724 - Loaded cache for /tmp/gemma4_full_model_cache/multichip/layer_1/post_ff_ln_dtype_BFLOAT16_layout_TILE.tensorbin of shape Shape([1, 1, 1, 2816])
2026-08-15 22:02:35.129 | DEBUG    | core:as_tensor:724 - Loaded cache for /tmp/gemma4_full_model_cache/multichip/layer_1/post_ff_ln_1_dtype_BFLOAT16_layout_TILE.tensorbin of shape Shape([1, 1, 1, 2816])
2026-08-15 22:02:35.130 | DEBUG    | core:as_tensor:724 - Loaded cache for /tmp/gemma4_full_model_cache/multichip/layer_1/post_ff_ln_2_dtype_BFLOAT16_layout_TILE.tensorbin of shape Shape([1, 1, 1, 2816])
2026-08-15 22:02:35.130 | DEBUG    | core:as_tensor:724 - Loaded cache for /tmp/gemma4_full_model_cache/multichip/layer_1/pre_ff_ln_2_dtype_BFLOAT16_layout_TILE.tensorbin of shape Shape([1, 1, 1, 2816])
2026-08-15 22:02:35.130 | DEBUG    | core:as_tensor:724 - Loaded cache for /tmp/gemma4_full_model_cache/multichip/layer_1/q_norm_dtype_BFLOAT16_layout_TILE.tensorbin of shape Shape([1, 1, 1, 256])
2026-08-15 22:02:35.130 | DEBUG    | core:as_tensor:724 - Loaded cache for /tmp/gemma4_full_model_cache/multichip/layer_1/k_norm_dtype_BFLOAT16_layout_TILE.tensorbin of shape Shape([1, 1, 1, 256])
2026-08-15 22:02:35.132 | DEBUG    | core:as_tensor:724 - Loaded cache for /tmp/gemma4_full_model_cache/multichip/layer_1/qkv_tp4_dtype_BFLOAT8_B_layout_TILE.tensorbin of shape Shape([1, 1, 2816, 2048])
2026-08-15 22:02:35.141 | DEBUG    | core:as_tensor:724 - Loaded cache for /tmp/gemma4_full_model_cache/multichip/layer_1/o_proj_tp4_dtype_BFLOAT8_B_layout_TILE.tensorbin of shape Shape([1, 1, 1024, 2816])
2026-08-15 22:02:35.142 | DEBUG    | core:as_tensor:724 - Loaded cache for /tmp/gemma4_full_model_cache/multichip/layer_1/mlp_gate_tp4_dtype_BFLOAT8_B_layout_TILE.tensorbin of shape Shape([1, 1, 2816, 544])
2026-08-15 22:02:35.142 | DEBUG    | core:as_tensor:724 - Loaded cache for /tmp/gemma4_full_model_cache/multichip/layer_1/mlp_up_tp4_dtype_BFLOAT8_B_layout_TILE.tensorbin of shape Shape([1, 1, 2816, 544])
2026-08-15 22:02:35.143 | DEBUG    | core:as_tensor:724 - Loaded cache for /tmp/gemma4_full_model_cache/multichip/layer_1/mlp_down_tp4_dtype_BFLOAT8_B_layout_TILE.tensorbin of shape Shape([1, 1, 544, 2816])
2026-08-15 22:02:35.143 | DEBUG    | core:as_tensor:724 - Loaded cache for /tmp/gemma4_full_model_cache/multichip/layer_1/router_scale_dtype_FLOAT32_layout_TILE.tensorbin of shape Shape([1, 1, 1, 2816])
2026-08-15 22:02:35.144 | DEBUG    | core:as_tensor:724 - Loaded cache for /tmp/gemma4_full_model_cache/multichip/layer_1/router_proj_dtype_FLOAT32_layout_TILE.tensorbin of shape Shape([1, 1, 2816, 128])
2026-08-15 22:02:35.144 | DEBUG    | core:as_tensor:724 - Loaded cache for /tmp/gemma4_full_model_cache/multichip/layer_1/router_per_expert_scale_dtype_FLOAT32_layout_TILE.tensorbin of shape Shape([1, 128])
2026-08-15 22:02:35.170 | DEBUG    | core:as_tensor:724 - Loaded cache for /tmp/gemma4_full_model_cache/multichip/layer_1/expert_gate_tp4_dtype_BFLOAT8_B_layout_TILE.tensorbin of shape Shape([1, 128, 2816, 192])
2026-08-15 22:02:35.196 | DEBUG    | core:as_tensor:724 - Loaded cache for /tmp/gemma4_full_model_cache/multichip/layer_1/expert_up_tp4_dtype_BFLOAT8_B_layout_TILE.tensorbin of shape Shape([1, 128, 2816, 192])
2026-08-15 22:02:35.222 | DEBUG    | core:as_tensor:724 - Loaded cache for /tmp/gemma4_full_model_cache/multichip/layer_1/expert_down_tp4_dtype_BFLOAT8_B_layout_TILE.tensorbin of shape Shape([1, 128, 192, 2816])
2026-08-15 22:02:35.223 | DEBUG    | core:as_tensor:724 - Loaded cache for /tmp/gemma4_full_model_cache/multichip/layer_1/expert_prefill_sparsity_dtype_BFLOAT16_layout_ROW_MAJOR.tensorbin of shape Shape([1, 1, 1, 128])
2026-08-15 22:02:35.228 | DEBUG    | core:as_tensor:724 - Loaded cache for /tmp/gemma4_full_model_cache/multichip/layer_1/packed_mlp_gate_up_decode_bfp4_tp4_dtype_BFLOAT4_B_layout_TILE.tensorbin of shape Shape([1, 1, 2816, 1088])
2026-08-15 22:02:35.747 | DEBUG    | core:as_tensor:724 - Loaded cache for /tmp/gemma4_full_model_cache/multichip/layer_2/layer_scalar_dtype_BFLOAT16_layout_TILE.tensorbin of shape Shape([1, 1, 1, 1])
2026-08-15 22:02:35.747 | DEBUG    | core:as_tensor:724 - Loaded cache for /tmp/gemma4_full_model_cache/multichip/layer_2/input_ln_dtype_BFLOAT16_layout_TILE.tensorbin of shape Shape([1, 1, 1, 2816])
2026-08-15 22:02:35.747 | DEBUG    | core:as_tensor:724 - Loaded cache for /tmp/gemma4_full_model_cache/multichip/layer_2/post_attn_ln_dtype_BFLOAT16_layout_TILE.tensorbin of shape Shape([1, 1, 1, 2816])
2026-08-15 22:02:35.747 | DEBUG    | core:as_tensor:724 - Loaded cache for /tmp/gemma4_full_model_cache/multichip/layer_2/pre_ff_ln_dtype_BFLOAT16_layout_TILE.tensorbin of shape Shape([1, 1, 1, 2816])
2026-08-15 22:02:35.747 | DEBUG    | core:as_tensor:724 - Loaded cache for /tmp/gemma4_full_model_cache/multichip/layer_2/post_ff_ln_dtype_BFLOAT16_layout_TILE.tensorbin of shape Shape([1, 1, 1, 2816])
2026-08-15 22:02:35.748 | DEBUG    | core:as_tensor:724 - Loaded cache for /tmp/gemma4_full_model_cache/multichip/layer_2/post_ff_ln_1_dtype_BFLOAT16_layout_TILE.tensorbin of shape Shape([1, 1, 1, 2816])
2026-08-15 22:02:35.748 | DEBUG    | core:as_tensor:724 - Loaded cache for /tmp/gemma4_full_model_cache/multichip/layer_2/post_ff_ln_2_dtype_BFLOAT16_layout_TILE.tensorbin of shape Shape([1, 1, 1, 2816])
2026-08-15 22:02:35.748 | DEBUG    | core:as_tensor:724 - Loaded cache for /tmp/gemma4_full_model_cache/multichip/layer_2/pre_ff_ln_2_dtype_BFLOAT16_layout_TILE.tensorbin of shape Shape([1, 1, 1, 2816])
2026-08-15 22:02:35.748 | DEBUG    | core:as_tensor:724 - Loaded cache for /tmp/gemma4_full_model_cache/multichip/layer_2/q_norm_dtype_BFLOAT16_layout_TILE.tensorbin of shape Shape([1, 1, 1, 256])
2026-08-15 22:02:35.748 | DEBUG    | core:as_tensor:724 - Loaded cache for /tmp/gemma4_full_model_cache/multichip/layer_2/k_norm_dtype_BFLOAT16_layout_TILE.tensorbin of shape Shape([1, 1, 1, 256])
2026-08-15 22:02:35.750 | DEBUG    | core:as_tensor:724 - Loaded cache for /tmp/gemma4_full_model_cache/multichip/layer_2/qkv_tp4_dtype_BFLOAT8_B_layout_TILE.tensorbin of shape Shape([1, 1, 2816, 2048])
2026-08-15 22:02:35.759 | DEBUG    | core:as_tensor:724 - Loaded cache for /tmp/gemma4_full_model_cache/multichip/layer_2/o_proj_tp4_dtype_BFLOAT8_B_layout_TILE.tensorbin of shape Shape([1, 1, 1024, 2816])
2026-08-15 22:02:35.760 | DEBUG    | core:as_tensor:724 - Loaded cache for /tmp/gemma4_full_model_cache/multichip/layer_2/mlp_gate_tp4_dtype_BFLOAT8_B_layout_TILE.tensorbin of shape Shape([1, 1, 2816, 544])
2026-08-15 22:02:35.761 | DEBUG    | core:as_tensor:724 - Loaded cache for /tmp/gemma4_full_model_cache/multichip/layer_2/mlp_up_tp4_dtype_BFLOAT8_B_layout_TILE.tensorbin of shape Shape([1, 1, 2816, 544])
2026-08-15 22:02:35.761 | DEBUG    | core:as_tensor:724 - Loaded cache for /tmp/gemma4_full_model_cache/multichip/layer_2/mlp_down_tp4_dtype_BFLOAT8_B_layout_TILE.tensorbin of shape Shape([1, 1, 544, 2816])
2026-08-15 22:02:35.761 | DEBUG    | core:as_tensor:724 - Loaded cache for /tmp/gemma4_full_model_cache/multichip/layer_2/router_scale_dtype_FLOAT32_layout_TILE.tensorbin of shape Shape([1, 1, 1, 2816])
2026-08-15 22:02:35.762 | DEBUG    | core:as_tensor:724 - Loaded cache for /tmp/gemma4_full_model_cache/multichip/layer_2/router_proj_dtype_FLOAT32_layout_TILE.tensorbin of shape Shape([1, 1, 2816, 128])
2026-08-15 22:02:35.762 | DEBUG    | core:as_tensor:724 - Loaded cache for /tmp/gemma4_full_model_cache/multichip/layer_2/router_per_expert_scale_dtype_FLOAT32_layout_TILE.tensorbin of shape Shape([1, 128])
2026-08-15 22:02:35.788 | DEBUG    | core:as_tensor:724 - Loaded cache for /tmp/gemma4_full_model_cache/multichip/layer_2/expert_gate_tp4_dtype_BFLOAT8_B_layout_TILE.tensorbin of shape Shape([1, 128, 2816, 192])
2026-08-15 22:02:35.813 | DEBUG    | core:as_tensor:724 - Loaded cache for /tmp/gemma4_full_model_cache/multichip/layer_2/expert_up_tp4_dtype_BFLOAT8_B_layout_TILE.tensorbin of shape Shape([1, 128, 2816, 192])
2026-08-15 22:02:35.839 | DEBUG    | core:as_tensor:724 - Loaded cache for /tmp/gemma4_full_model_cache/multichip/layer_2/expert_down_tp4_dtype_BFLOAT8_B_layout_TILE.tensorbin of shape Shape([1, 128, 192, 2816])
2026-08-15 22:02:35.839 | DEBUG    | core:as_tensor:724 - Loaded cache for /tmp/gemma4_full_model_cache/multichip/layer_2/expert_prefill_sparsity_dtype_BFLOAT16_layout_ROW_MAJOR.tensorbin of shape Shape([1, 1, 1, 128])
2026-08-15 22:02:35.844 | DEBUG    | core:as_tensor:724 - Loaded cache for /tmp/gemma4_full_model_cache/multichip/layer_2/packed_mlp_gate_up_decode_bfp4_tp4_dtype_BFLOAT4_B_layout_TILE.tensorbin of shape Shape([1, 1, 2816, 1088])
2026-08-15 22:02:36.331 | DEBUG    | core:as_tensor:724 - Loaded cache for /tmp/gemma4_full_model_cache/multichip/layer_3/layer_scalar_dtype_BFLOAT16_layout_TILE.tensorbin of shape Shape([1, 1, 1, 1])
2026-08-15 22:02:36.332 | DEBUG    | core:as_tensor:724 - Loaded cache for /tmp/gemma4_full_model_cache/multichip/layer_3/input_ln_dtype_BFLOAT16_layout_TILE.tensorbin of shape Shape([1, 1, 1, 2816])
2026-08-15 22:02:36.332 | DEBUG    | core:as_tensor:724 - Loaded cache for /tmp/gemma4_full_model_cache/multichip/layer_3/post_attn_ln_dtype_BFLOAT16_layout_TILE.tensorbin of shape Shape([1, 1, 1, 2816])
2026-08-15 22:02:36.332 | DEBUG    | core:as_tensor:724 - Loaded cache for /tmp/gemma4_full_model_cache/multichip/layer_3/pre_ff_ln_dtype_BFLOAT16_layout_TILE.tensorbin of shape Shape([1, 1, 1, 2816])
2026-08-15 22:02:36.332 | DEBUG    | core:as_tensor:724 - Loaded cache for /tmp/gemma4_full_model_cache/multichip/layer_3/post_ff_ln_dtype_BFLOAT16_layout_TILE.tensorbin of shape Shape([1, 1, 1, 2816])
2026-08-15 22:02:36.332 | DEBUG    | core:as_tensor:724 - Loaded cache for /tmp/gemma4_full_model_cache/multichip/layer_3/post_ff_ln_1_dtype_BFLOAT16_layout_TILE.tensorbin of shape Shape([1, 1, 1, 2816])
2026-08-15 22:02:36.333 | DEBUG    | core:as_tensor:724 - Loaded cache for /tmp/gemma4_full_model_cache/multichip/layer_3/post_ff_ln_2_dtype_BFLOAT16_layout_TILE.tensorbin of shape Shape([1, 1, 1, 2816])
2026-08-15 22:02:36.333 | DEBUG    | core:as_tensor:724 - Loaded cache for /tmp/gemma4_full_model_cache/multichip/layer_3/pre_ff_ln_2_dtype_BFLOAT16_layout_TILE.tensorbin of shape Shape([1, 1, 1, 2816])
2026-08-15 22:02:36.333 | DEBUG    | core:as_tensor:724 - Loaded cache for /tmp/gemma4_full_model_cache/multichip/layer_3/q_norm_dtype_BFLOAT16_layout_TILE.tensorbin of shape Shape([1, 1, 1, 256])
2026-08-15 22:02:36.333 | DEBUG    | core:as_tensor:724 - Loaded cache for /tmp/gemma4_full_model_cache/multichip/layer_3/k_norm_dtype_BFLOAT16_layout_TILE.tensorbin of shape Shape([1, 1, 1, 256])
2026-08-15 22:02:36.335 | DEBUG    | core:as_tensor:724 - Loaded cache for /tmp/gemma4_full_model_cache/multichip/layer_3/qkv_tp4_dtype_BFLOAT8_B_layout_TILE.tensorbin of shape Shape([1, 1, 2816, 2048])
2026-08-15 22:02:36.344 | DEBUG    | core:as_tensor:724 - Loaded cache for /tmp/gemma4_full_model_cache/multichip/layer_3/o_proj_tp4_dtype_BFLOAT8_B_layout_TILE.tensorbin of shape Shape([1, 1, 1024, 2816])
2026-08-15 22:02:36.344 | DEBUG    | core:as_tensor:724 - Loaded cache for /tmp/gemma4_full_model_cache/multichip/layer_3/mlp_gate_tp4_dtype_BFLOAT8_B_layout_TILE.tensorbin of shape Shape([1, 1, 2816, 544])
2026-08-15 22:02:36.345 | DEBUG    | core:as_tensor:724 - Loaded cache for /tmp/gemma4_full_model_cache/multichip/layer_3/mlp_up_tp4_dtype_BFLOAT8_B_layout_TILE.tensorbin of shape Shape([1, 1, 2816, 544])
2026-08-15 22:02:36.346 | DEBUG    | core:as_tensor:724 - Loaded cache for /tmp/gemma4_full_model_cache/multichip/layer_3/mlp_down_tp4_dtype_BFLOAT8_B_layout_TILE.tensorbin of shape Shape([1, 1, 544, 2816])
2026-08-15 22:02:36.346 | DEBUG    | core:as_tensor:724 - Loaded cache for /tmp/gemma4_full_model_cache/multichip/layer_3/router_scale_dtype_FLOAT32_layout_TILE.tensorbin of shape Shape([1, 1, 1, 2816])
2026-08-15 22:02:36.347 | DEBUG    | core:as_tensor:724 - Loaded cache for /tmp/gemma4_full_model_cache/multichip/layer_3/router_proj_dtype_FLOAT32_layout_TILE.tensorbin of shape Shape([1, 1, 2816, 128])
2026-08-15 22:02:36.347 | DEBUG    | core:as_tensor:724 - Loaded cache for /tmp/gemma4_full_model_cache/multichip/layer_3/router_per_expert_scale_dtype_FLOAT32_layout_TILE.tensorbin of shape Shape([1, 128])
2026-08-15 22:02:36.373 | DEBUG    | core:as_tensor:724 - Loaded cache for /tmp/gemma4_full_model_cache/multichip/layer_3/expert_gate_tp4_dtype_BFLOAT8_B_layout_TILE.tensorbin of shape Shape([1, 128, 2816, 192])
2026-08-15 22:02:36.398 | DEBUG    | core:as_tensor:724 - Loaded cache for /tmp/gemma4_full_model_cache/multichip/layer_3/expert_up_tp4_dtype_BFLOAT8_B_layout_TILE.tensorbin of shape Shape([1, 128, 2816, 192])
2026-08-15 22:02:36.424 | DEBUG    | core:as_tensor:724 - Loaded cache for /tmp/gemma4_full_model_cache/multichip/layer_3/expert_down_tp4_dtype_BFLOAT8_B_layout_TILE.tensorbin of shape Shape([1, 128, 192, 2816])
2026-08-15 22:02:36.425 | DEBUG    | core:as_tensor:724 - Loaded cache for /tmp/gemma4_full_model_cache/multichip/layer_3/expert_prefill_sparsity_dtype_BFLOAT16_layout_ROW_MAJOR.tensorbin of shape Shape([1, 1, 1, 128])
2026-08-15 22:02:36.430 | DEBUG    | core:as_tensor:724 - Loaded cache for /tmp/gemma4_full_model_cache/multichip/layer_3/packed_mlp_gate_up_decode_bfp4_tp4_dtype_BFLOAT4_B_layout_TILE.tensorbin of shape Shape([1, 1, 2816, 1088])
2026-08-15 22:02:36.915 | DEBUG    | core:as_tensor:724 - Loaded cache for /tmp/gemma4_full_model_cache/multichip/layer_4/layer_scalar_dtype_BFLOAT16_layout_TILE.tensorbin of shape Shape([1, 1, 1, 1])
2026-08-15 22:02:36.915 | DEBUG    | core:as_tensor:724 - Loaded cache for /tmp/gemma4_full_model_cache/multichip/layer_4/input_ln_dtype_BFLOAT16_layout_TILE.tensorbin of shape Shape([1, 1, 1, 2816])
2026-08-15 22:02:36.915 | DEBUG    | core:as_tensor:724 - Loaded cache for /tmp/gemma4_full_model_cache/multichip/layer_4/post_attn_ln_dtype_BFLOAT16_layout_TILE.tensorbin of shape Shape([1, 1, 1, 2816])
2026-08-15 22:02:36.915 | DEBUG    | core:as_tensor:724 - Loaded cache for /tmp/gemma4_full_model_cache/multichip/layer_4/pre_ff_ln_dtype_BFLOAT16_layout_TILE.tensorbin of shape Shape([1, 1, 1, 2816])
2026-08-15 22:02:36.916 | DEBUG    | core:as_tensor:724 - Loaded cache for /tmp/gemma4_full_model_cache/multichip/layer_4/post_ff_ln_dtype_BFLOAT16_layout_TILE.tensorbin of shape Shape([1, 1, 1, 2816])
2026-08-15 22:02:36.916 | DEBUG    | core:as_tensor:724 - Loaded cache for /tmp/gemma4_full_model_cache/multichip/layer_4/post_ff_ln_1_dtype_BFLOAT16_layout_TILE.tensorbin of shape Shape([1, 1, 1, 2816])
2026-08-15 22:02:36.916 | DEBUG    | core:as_tensor:724 - Loaded cache for /tmp/gemma4_full_model_cache/multichip/layer_4/post_ff_ln_2_dtype_BFLOAT16_layout_TILE.tensorbin of shape Shape([1, 1, 1, 2816])
2026-08-15 22:02:36.916 | DEBUG    | core:as_tensor:724 - Loaded cache for /tmp/gemma4_full_model_cache/multichip/layer_4/pre_ff_ln_2_dtype_BFLOAT16_layout_TILE.tensorbin of shape Shape([1, 1, 1, 2816])
2026-08-15 22:02:36.916 | DEBUG    | core:as_tensor:724 - Loaded cache for /tmp/gemma4_full_model_cache/multichip/layer_4/q_norm_dtype_BFLOAT16_layout_TILE.tensorbin of shape Shape([1, 1, 1, 256])
2026-08-15 22:02:36.916 | DEBUG    | core:as_tensor:724 - Loaded cache for /tmp/gemma4_full_model_cache/multichip/layer_4/k_norm_dtype_BFLOAT16_layout_TILE.tensorbin of shape Shape([1, 1, 1, 256])
2026-08-15 22:02:36.918 | DEBUG    | core:as_tensor:724 - Loaded cache for /tmp/gemma4_full_model_cache/multichip/layer_4/qkv_tp4_dtype_BFLOAT8_B_layout_TILE.tensorbin of shape Shape([1, 1, 2816, 2048])
2026-08-15 22:02:36.928 | DEBUG    | core:as_tensor:724 - Loaded cache for /tmp/gemma4_full_model_cache/multichip/layer_4/o_proj_tp4_dtype_BFLOAT8_B_layout_TILE.tensorbin of shape Shape([1, 1, 1024, 2816])
2026-08-15 22:02:36.928 | DEBUG    | core:as_tensor:724 - Loaded cache for /tmp/gemma4_full_model_cache/multichip/layer_4/mlp_gate_tp4_dtype_BFLOAT8_B_layout_TILE.tensorbin of shape Shape([1, 1, 2816, 544])
2026-08-15 22:02:36.929 | DEBUG    | core:as_tensor:724 - Loaded cache for /tmp/gemma4_full_model_cache/multichip/layer_4/mlp_up_tp4_dtype_BFLOAT8_B_layout_TILE.tensorbin of shape Shape([1, 1, 2816, 544])
2026-08-15 22:02:36.930 | DEBUG    | core:as_tensor:724 - Loaded cache for /tmp/gemma4_full_model_cache/multichip/layer_4/mlp_down_tp4_dtype_BFLOAT8_B_layout_TILE.tensorbin of shape Shape([1, 1, 544, 2816])
2026-08-15 22:02:36.930 | DEBUG    | core:as_tensor:724 - Loaded cache for /tmp/gemma4_full_model_cache/multichip/layer_4/router_scale_dtype_FLOAT32_layout_TILE.tensorbin of shape Shape([1, 1, 1, 2816])
2026-08-15 22:02:36.931 | DEBUG    | core:as_tensor:724 - Loaded cache for /tmp/gemma4_full_model_cache/multichip/layer_4/router_proj_dtype_FLOAT32_layout_TILE.tensorbin of shape Shape([1, 1, 2816, 128])
2026-08-15 22:02:36.931 | DEBUG    | core:as_tensor:724 - Loaded cache for /tmp/gemma4_full_model_cache/multichip/layer_4/router_per_expert_scale_dtype_FLOAT32_layout_TILE.tensorbin of shape Shape([1, 128])
2026-08-15 22:02:36.957 | DEBUG    | core:as_tensor:724 - Loaded cache for /tmp/gemma4_full_model_cache/multichip/layer_4/expert_gate_tp4_dtype_BFLOAT8_B_layout_TILE.tensorbin of shape Shape([1, 128, 2816, 192])
2026-08-15 22:02:36.983 | DEBUG    | core:as_tensor:724 - Loaded cache for /tmp/gemma4_full_model_cache/multichip/layer_4/expert_up_tp4_dtype_BFLOAT8_B_layout_TILE.tensorbin of shape Shape([1, 128, 2816, 192])
2026-08-15 22:02:37.009 | DEBUG    | core:as_tensor:724 - Loaded cache for /tmp/gemma4_full_model_cache/multichip/layer_4/expert_down_tp4_dtype_BFLOAT8_B_layout_TILE.tensorbin of shape Shape([1, 128, 192, 2816])
2026-08-15 22:02:37.009 | DEBUG    | core:as_tensor:724 - Loaded cache for /tmp/gemma4_full_model_cache/multichip/layer_4/expert_prefill_sparsity_dtype_BFLOAT16_layout_ROW_MAJOR.tensorbin of shape Shape([1, 1, 1, 128])
2026-08-15 22:02:37.014 | DEBUG    | core:as_tensor:724 - Loaded cache for /tmp/gemma4_full_model_cache/multichip/layer_4/packed_mlp_gate_up_decode_bfp4_tp4_dtype_BFLOAT4_B_layout_TILE.tensorbin of shape Shape([1, 1, 2816, 1088])
2026-08-15 22:02:37.482 | DEBUG    | core:as_tensor:724 - Loaded cache for /tmp/gemma4_full_model_cache/multichip/layer_5/layer_scalar_dtype_BFLOAT16_layout_TILE.tensorbin of shape Shape([1, 1, 1, 1])
2026-08-15 22:02:37.482 | DEBUG    | core:as_tensor:724 - Loaded cache for /tmp/gemma4_full_model_cache/multichip/layer_5/input_ln_dtype_BFLOAT16_layout_TILE.tensorbin of shape Shape([1, 1, 1, 2816])
2026-08-15 22:02:37.482 | DEBUG    | core:as_tensor:724 - Loaded cache for /tmp/gemma4_full_model_cache/multichip/layer_5/post_attn_ln_dtype_BFLOAT16_layout_TILE.tensorbin of shape Shape([1, 1, 1, 2816])
2026-08-15 22:02:37.483 | DEBUG    | core:as_tensor:724 - Loaded cache for /tmp/gemma4_full_model_cache/multichip/layer_5/pre_ff_ln_dtype_BFLOAT16_layout_TILE.tensorbin of shape Shape([1, 1, 1, 2816])
2026-08-15 22:02:37.483 | DEBUG    | core:as_tensor:724 - Loaded cache for /tmp/gemma4_full_model_cache/multichip/layer_5/post_ff_ln_dtype_BFLOAT16_layout_TILE.tensorbin of shape Shape([1, 1, 1, 2816])
2026-08-15 22:02:37.483 | DEBUG    | core:as_tensor:724 - Loaded cache for /tmp/gemma4_full_model_cache/multichip/layer_5/post_ff_ln_1_dtype_BFLOAT16_layout_TILE.tensorbin of shape Shape([1, 1, 1, 2816])
2026-08-15 22:02:37.483 | DEBUG    | core:as_tensor:724 - Loaded cache for /tmp/gemma4_full_model_cache/multichip/layer_5/post_ff_ln_2_dtype_BFLOAT16_layout_TILE.tensorbin of shape Shape([1, 1, 1, 2816])
2026-08-15 22:02:37.483 | DEBUG    | core:as_tensor:724 - Loaded cache for /tmp/gemma4_full_model_cache/multichip/layer_5/pre_ff_ln_2_dtype_BFLOAT16_layout_TILE.tensorbin of shape Shape([1, 1, 1, 2816])
2026-08-15 22:02:37.484 | DEBUG    | core:as_tensor:724 - Loaded cache for /tmp/gemma4_full_model_cache/multichip/layer_5/q_norm_dtype_BFLOAT16_layout_TILE.tensorbin of shape Shape([1, 1, 1, 512])
2026-08-15 22:02:37.484 | DEBUG    | core:as_tensor:724 - Loaded cache for /tmp/gemma4_full_model_cache/multichip/layer_5/k_norm_dtype_BFLOAT16_layout_TILE.tensorbin of shape Shape([1, 1, 1, 512])
2026-08-15 22:02:37.490 | DEBUG    | core:as_tensor:724 - Loaded cache for /tmp/gemma4_full_model_cache/multichip/layer_5/qkv_tp4_dtype_BFLOAT8_B_layout_TILE.tensorbin of shape Shape([1, 1, 2816, 3072])
2026-08-15 22:02:37.510 | DEBUG    | core:as_tensor:724 - Loaded cache for /tmp/gemma4_full_model_cache/multichip/layer_5/o_proj_tp4_dtype_BFLOAT8_B_layout_TILE.tensorbin of shape Shape([1, 1, 2048, 2816])
2026-08-15 22:02:37.512 | DEBUG    | core:as_tensor:724 - Loaded cache for /tmp/gemma4_full_model_cache/multichip/layer_5/mlp_gate_tp4_dtype_BFLOAT8_B_layout_TILE.tensorbin of shape Shape([1, 1, 2816, 544])
2026-08-15 22:02:37.513 | DEBUG    | core:as_tensor:724 - Loaded cache for /tmp/gemma4_full_model_cache/multichip/layer_5/mlp_up_tp4_dtype_BFLOAT8_B_layout_TILE.tensorbin of shape Shape([1, 1, 2816, 544])
2026-08-15 22:02:37.514 | DEBUG    | core:as_tensor:724 - Loaded cache for /tmp/gemma4_full_model_cache/multichip/layer_5/mlp_down_tp4_dtype_BFLOAT8_B_layout_TILE.tensorbin of shape Shape([1, 1, 544, 2816])
2026-08-15 22:02:37.514 | DEBUG    | core:as_tensor:724 - Loaded cache for /tmp/gemma4_full_model_cache/multichip/layer_5/router_scale_dtype_FLOAT32_layout_TILE.tensorbin of shape Shape([1, 1, 1, 2816])
2026-08-15 22:02:37.515 | DEBUG    | core:as_tensor:724 - Loaded cache for /tmp/gemma4_full_model_cache/multichip/layer_5/router_proj_dtype_FLOAT32_layout_TILE.tensorbin of shape Shape([1, 1, 2816, 128])
2026-08-15 22:02:37.515 | DEBUG    | core:as_tensor:724 - Loaded cache for /tmp/gemma4_full_model_cache/multichip/layer_5/router_per_expert_scale_dtype_FLOAT32_layout_TILE.tensorbin of shape Shape([1, 128])
2026-08-15 22:02:37.542 | DEBUG    | core:as_tensor:724 - Loaded cache for /tmp/gemma4_full_model_cache/multichip/layer_5/expert_gate_tp4_dtype_BFLOAT8_B_layout_TILE.tensorbin of shape Shape([1, 128, 2816, 192])
2026-08-15 22:02:37.568 | DEBUG    | core:as_tensor:724 - Loaded cache for /tmp/gemma4_full_model_cache/multichip/layer_5/expert_up_tp4_dtype_BFLOAT8_B_layout_TILE.tensorbin of shape Shape([1, 128, 2816, 192])
2026-08-15 22:02:37.595 | DEBUG    | core:as_tensor:724 - Loaded cache for /tmp/gemma4_full_model_cache/multichip/layer_5/expert_down_tp4_dtype_BFLOAT8_B_layout_TILE.tensorbin of shape Shape([1, 128, 192, 2816])
2026-08-15 22:02:37.595 | DEBUG    | core:as_tensor:724 - Loaded cache for /tmp/gemma4_full_model_cache/multichip/layer_5/expert_prefill_sparsity_dtype_BFLOAT16_layout_ROW_MAJOR.tensorbin of shape Shape([1, 1, 1, 128])
2026-08-15 22:02:37.601 | DEBUG    | core:as_tensor:724 - Loaded cache for /tmp/gemma4_full_model_cache/multichip/layer_5/packed_mlp_gate_up_decode_bfp4_tp4_dtype_BFLOAT4_B_layout_TILE.tensorbin of shape Shape([1, 1, 2816, 1088])
2026-08-15 22:02:38.082 | DEBUG    | core:as_tensor:724 - Loaded cache for /tmp/gemma4_full_model_cache/multichip/layer_6/layer_scalar_dtype_BFLOAT16_layout_TILE.tensorbin of shape Shape([1, 1, 1, 1])
2026-08-15 22:02:38.083 | DEBUG    | core:as_tensor:724 - Loaded cache for /tmp/gemma4_full_model_cache/multichip/layer_6/input_ln_dtype_BFLOAT16_layout_TILE.tensorbin of shape Shape([1, 1, 1, 2816])
2026-08-15 22:02:38.083 | DEBUG    | core:as_tensor:724 - Loaded cache for /tmp/gemma4_full_model_cache/multichip/layer_6/post_attn_ln_dtype_BFLOAT16_layout_TILE.tensorbin of shape Shape([1, 1, 1, 2816])
2026-08-15 22:02:38.083 | DEBUG    | core:as_tensor:724 - Loaded cache for /tmp/gemma4_full_model_cache/multichip/layer_6/pre_ff_ln_dtype_BFLOAT16_layout_TILE.tensorbin of shape Shape([1, 1, 1, 2816])
2026-08-15 22:02:38.083 | DEBUG    | core:as_tensor:724 - Loaded cache for /tmp/gemma4_full_model_cache/multichip/layer_6/post_ff_ln_dtype_BFLOAT16_layout_TILE.tensorbin of shape Shape([1, 1, 1, 2816])
2026-08-15 22:02:38.084 | DEBUG    | core:as_tensor:724 - Loaded cache for /tmp/gemma4_full_model_cache/multichip/layer_6/post_ff_ln_1_dtype_BFLOAT16_layout_TILE.tensorbin of shape Shape([1, 1, 1, 2816])
2026-08-15 22:02:38.084 | DEBUG    | core:as_tensor:724 - Loaded cache for /tmp/gemma4_full_model_cache/multichip/layer_6/post_ff_ln_2_dtype_BFLOAT16_layout_TILE.tensorbin of shape Shape([1, 1, 1, 2816])
2026-08-15 22:02:38.084 | DEBUG    | core:as_tensor:724 - Loaded cache for /tmp/gemma4_full_model_cache/multichip/layer_6/pre_ff_ln_2_dtype_BFLOAT16_layout_TILE.tensorbin of shape Shape([1, 1, 1, 2816])
2026-08-15 22:02:38.084 | DEBUG    | core:as_tensor:724 - Loaded cache for /tmp/gemma4_full_model_cache/multichip/layer_6/q_norm_dtype_BFLOAT16_layout_TILE.tensorbin of shape Shape([1, 1, 1, 256])
2026-08-15 22:02:38.084 | DEBUG    | core:as_tensor:724 - Loaded cache for /tmp/gemma4_full_model_cache/multichip/layer_6/k_norm_dtype_BFLOAT16_layout_TILE.tensorbin of shape Shape([1, 1, 1, 256])
2026-08-15 22:02:38.086 | DEBUG    | core:as_tensor:724 - Loaded cache for /tmp/gemma4_full_model_cache/multichip/layer_6/qkv_tp4_dtype_BFLOAT8_B_layout_TILE.tensorbin of shape Shape([1, 1, 2816, 2048])
2026-08-15 22:02:38.095 | DEBUG    | core:as_tensor:724 - Loaded cache for /tmp/gemma4_full_model_cache/multichip/layer_6/o_proj_tp4_dtype_BFLOAT8_B_layout_TILE.tensorbin of shape Shape([1, 1, 1024, 2816])
2026-08-15 22:02:38.096 | DEBUG    | core:as_tensor:724 - Loaded cache for /tmp/gemma4_full_model_cache/multichip/layer_6/mlp_gate_tp4_dtype_BFLOAT8_B_layout_TILE.tensorbin of shape Shape([1, 1, 2816, 544])
2026-08-15 22:02:38.096 | DEBUG    | core:as_tensor:724 - Loaded cache for /tmp/gemma4_full_model_cache/multichip/layer_6/mlp_up_tp4_dtype_BFLOAT8_B_layout_TILE.tensorbin of shape Shape([1, 1, 2816, 544])
2026-08-15 22:02:38.097 | DEBUG    | core:as_tensor:724 - Loaded cache for /tmp/gemma4_full_model_cache/multichip/layer_6/mlp_down_tp4_dtype_BFLOAT8_B_layout_TILE.tensorbin of shape Shape([1, 1, 544, 2816])
2026-08-15 22:02:38.097 | DEBUG    | core:as_tensor:724 - Loaded cache for /tmp/gemma4_full_model_cache/multichip/layer_6/router_scale_dtype_FLOAT32_layout_TILE.tensorbin of shape Shape([1, 1, 1, 2816])
2026-08-15 22:02:38.098 | DEBUG    | core:as_tensor:724 - Loaded cache for /tmp/gemma4_full_model_cache/multichip/layer_6/router_proj_dtype_FLOAT32_layout_TILE.tensorbin of shape Shape([1, 1, 2816, 128])
2026-08-15 22:02:38.098 | DEBUG    | core:as_tensor:724 - Loaded cache for /tmp/gemma4_full_model_cache/multichip/layer_6/router_per_expert_scale_dtype_FLOAT32_layout_TILE.tensorbin of shape Shape([1, 128])
2026-08-15 22:02:38.123 | DEBUG    | core:as_tensor:724 - Loaded cache for /tmp/gemma4_full_model_cache/multichip/layer_6/expert_gate_tp4_dtype_BFLOAT8_B_layout_TILE.tensorbin of shape Shape([1, 128, 2816, 192])
2026-08-15 22:02:38.147 | DEBUG    | core:as_tensor:724 - Loaded cache for /tmp/gemma4_full_model_cache/multichip/layer_6/expert_up_tp4_dtype_BFLOAT8_B_layout_TILE.tensorbin of shape Shape([1, 128, 2816, 192])
2026-08-15 22:02:38.171 | DEBUG    | core:as_tensor:724 - Loaded cache for /tmp/gemma4_full_model_cache/multichip/layer_6/expert_down_tp4_dtype_BFLOAT8_B_layout_TILE.tensorbin of shape Shape([1, 128, 192, 2816])
2026-08-15 22:02:38.172 | DEBUG    | core:as_tensor:724 - Loaded cache for /tmp/gemma4_full_model_cache/multichip/layer_6/expert_prefill_sparsity_dtype_BFLOAT16_layout_ROW_MAJOR.tensorbin of shape Shape([1, 1, 1, 128])
2026-08-15 22:02:38.177 | DEBUG    | core:as_tensor:724 - Loaded cache for /tmp/gemma4_full_model_cache/multichip/layer_6/packed_mlp_gate_up_decode_bfp4_tp4_dtype_BFLOAT4_B_layout_TILE.tensorbin of shape Shape([1, 1, 2816, 1088])
2026-08-15 22:02:38.649 | DEBUG    | core:as_tensor:724 - Loaded cache for /tmp/gemma4_full_model_cache/multichip/layer_7/layer_scalar_dtype_BFLOAT16_layout_TILE.tensorbin of shape Shape([1, 1, 1, 1])
2026-08-15 22:02:38.650 | DEBUG    | core:as_tensor:724 - Loaded cache for /tmp/gemma4_full_model_cache/multichip/layer_7/input_ln_dtype_BFLOAT16_layout_TILE.tensorbin of shape Shape([1, 1, 1, 2816])
2026-08-15 22:02:38.650 | DEBUG    | core:as_tensor:724 - Loaded cache for /tmp/gemma4_full_model_cache/multichip/layer_7/post_attn_ln_dtype_BFLOAT16_layout_TILE.tensorbin of shape Shape([1, 1, 1, 2816])
2026-08-15 22:02:38.650 | DEBUG    | core:as_tensor:724 - Loaded cache for /tmp/gemma4_full_model_cache/multichip/layer_7/pre_ff_ln_dtype_BFLOAT16_layout_TILE.tensorbin of shape Shape([1, 1, 1, 2816])
2026-08-15 22:02:38.650 | DEBUG    | core:as_tensor:724 - Loaded cache for /tmp/gemma4_full_model_cache/multichip/layer_7/post_ff_ln_dtype_BFLOAT16_layout_TILE.tensorbin of shape Shape([1, 1, 1, 2816])
2026-08-15 22:02:38.650 | DEBUG    | core:as_tensor:724 - Loaded cache for /tmp/gemma4_full_model_cache/multichip/layer_7/post_ff_ln_1_dtype_BFLOAT16_layout_TILE.tensorbin of shape Shape([1, 1, 1, 2816])
2026-08-15 22:02:38.650 | DEBUG    | core:as_tensor:724 - Loaded cache for /tmp/gemma4_full_model_cache/multichip/layer_7/post_ff_ln_2_dtype_BFLOAT16_layout_TILE.tensorbin of shape Shape([1, 1, 1, 2816])
2026-08-15 22:02:38.650 | DEBUG    | core:as_tensor:724 - Loaded cache for /tmp/gemma4_full_model_cache/multichip/layer_7/pre_ff_ln_2_dtype_BFLOAT16_layout_TILE.tensorbin of shape Shape([1, 1, 1, 2816])
2026-08-15 22:02:38.651 | DEBUG    | core:as_tensor:724 - Loaded cache for /tmp/gemma4_full_model_cache/multichip/layer_7/q_norm_dtype_BFLOAT16_layout_TILE.tensorbin of shape Shape([1, 1, 1, 256])
2026-08-15 22:02:38.651 | DEBUG    | core:as_tensor:724 - Loaded cache for /tmp/gemma4_full_model_cache/multichip/layer_7/k_norm_dtype_BFLOAT16_layout_TILE.tensorbin of shape Shape([1, 1, 1, 256])
2026-08-15 22:02:38.653 | DEBUG    | core:as_tensor:724 - Loaded cache for /tmp/gemma4_full_model_cache/multichip/layer_7/qkv_tp4_dtype_BFLOAT8_B_layout_TILE.tensorbin of shape Shape([1, 1, 2816, 2048])
2026-08-15 22:02:38.661 | DEBUG    | core:as_tensor:724 - Loaded cache for /tmp/gemma4_full_model_cache/multichip/layer_7/o_proj_tp4_dtype_BFLOAT8_B_layout_TILE.tensorbin of shape Shape([1, 1, 1024, 2816])
2026-08-15 22:02:38.662 | DEBUG    | core:as_tensor:724 - Loaded cache for /tmp/gemma4_full_model_cache/multichip/layer_7/mlp_gate_tp4_dtype_BFLOAT8_B_layout_TILE.tensorbin of shape Shape([1, 1, 2816, 544])
2026-08-15 22:02:38.663 | DEBUG    | core:as_tensor:724 - Loaded cache for /tmp/gemma4_full_model_cache/multichip/layer_7/mlp_up_tp4_dtype_BFLOAT8_B_layout_TILE.tensorbin of shape Shape([1, 1, 2816, 544])
2026-08-15 22:02:38.663 | DEBUG    | core:as_tensor:724 - Loaded cache for /tmp/gemma4_full_model_cache/multichip/layer_7/mlp_down_tp4_dtype_BFLOAT8_B_layout_TILE.tensorbin of shape Shape([1, 1, 544, 2816])
2026-08-15 22:02:38.664 | DEBUG    | core:as_tensor:724 - Loaded cache for /tmp/gemma4_full_model_cache/multichip/layer_7/router_scale_dtype_FLOAT32_layout_TILE.tensorbin of shape Shape([1, 1, 1, 2816])
2026-08-15 22:02:38.664 | DEBUG    | core:as_tensor:724 - Loaded cache for /tmp/gemma4_full_model_cache/multichip/layer_7/router_proj_dtype_FLOAT32_layout_TILE.tensorbin of shape Shape([1, 1, 2816, 128])
2026-08-15 22:02:38.665 | DEBUG    | core:as_tensor:724 - Loaded cache for /tmp/gemma4_full_model_cache/multichip/layer_7/router_per_expert_scale_dtype_FLOAT32_layout_TILE.tensorbin of shape Shape([1, 128])
2026-08-15 22:02:38.689 | DEBUG    | core:as_tensor:724 - Loaded cache for /tmp/gemma4_full_model_cache/multichip/layer_7/expert_gate_tp4_dtype_BFLOAT8_B_layout_TILE.tensorbin of shape Shape([1, 128, 2816, 192])
2026-08-15 22:02:38.714 | DEBUG    | core:as_tensor:724 - Loaded cache for /tmp/gemma4_full_model_cache/multichip/layer_7/expert_up_tp4_dtype_BFLOAT8_B_layout_TILE.tensorbin of shape Shape([1, 128, 2816, 192])
2026-08-15 22:02:38.739 | DEBUG    | core:as_tensor:724 - Loaded cache for /tmp/gemma4_full_model_cache/multichip/layer_7/expert_down_tp4_dtype_BFLOAT8_B_layout_TILE.tensorbin of shape Shape([1, 128, 192, 2816])
2026-08-15 22:02:38.739 | DEBUG    | core:as_tensor:724 - Loaded cache for /tmp/gemma4_full_model_cache/multichip/layer_7/expert_prefill_sparsity_dtype_BFLOAT16_layout_ROW_MAJOR.tensorbin of shape Shape([1, 1, 1, 128])
2026-08-15 22:02:38.745 | DEBUG    | core:as_tensor:724 - Loaded cache for /tmp/gemma4_full_model_cache/multichip/layer_7/packed_mlp_gate_up_decode_bfp4_tp4_dtype_BFLOAT4_B_layout_TILE.tensorbin of shape Shape([1, 1, 2816, 1088])
2026-08-15 22:02:39.205 | DEBUG    | core:as_tensor:724 - Loaded cache for /tmp/gemma4_full_model_cache/multichip/layer_8/layer_scalar_dtype_BFLOAT16_layout_TILE.tensorbin of shape Shape([1, 1, 1, 1])
2026-08-15 22:02:39.205 | DEBUG    | core:as_tensor:724 - Loaded cache for /tmp/gemma4_full_model_cache/multichip/layer_8/input_ln_dtype_BFLOAT16_layout_TILE.tensorbin of shape Shape([1, 1, 1, 2816])
2026-08-15 22:02:39.206 | DEBUG    | core:as_tensor:724 - Loaded cache for /tmp/gemma4_full_model_cache/multichip/layer_8/post_attn_ln_dtype_BFLOAT16_layout_TILE.tensorbin of shape Shape([1, 1, 1, 2816])
2026-08-15 22:02:39.206 | DEBUG    | core:as_tensor:724 - Loaded cache for /tmp/gemma4_full_model_cache/multichip/layer_8/pre_ff_ln_dtype_BFLOAT16_layout_TILE.tensorbin of shape Shape([1, 1, 1, 2816])
2026-08-15 22:02:39.206 | DEBUG    | core:as_tensor:724 - Loaded cache for /tmp/gemma4_full_model_cache/multichip/layer_8/post_ff_ln_dtype_BFLOAT16_layout_TILE.tensorbin of shape Shape([1, 1, 1, 2816])
2026-08-15 22:02:39.206 | DEBUG    | core:as_tensor:724 - Loaded cache for /tmp/gemma4_full_model_cache/multichip/layer_8/post_ff_ln_1_dtype_BFLOAT16_layout_TILE.tensorbin of shape Shape([1, 1, 1, 2816])
2026-08-15 22:02:39.207 | DEBUG    | core:as_tensor:724 - Loaded cache for /tmp/gemma4_full_model_cache/multichip/layer_8/post_ff_ln_2_dtype_BFLOAT16_layout_TILE.tensorbin of shape Shape([1, 1, 1, 2816])
2026-08-15 22:02:39.207 | DEBUG    | core:as_tensor:724 - Loaded cache for /tmp/gemma4_full_model_cache/multichip/layer_8/pre_ff_ln_2_dtype_BFLOAT16_layout_TILE.tensorbin of shape Shape([1, 1, 1, 2816])
2026-08-15 22:02:39.207 | DEBUG    | core:as_tensor:724 - Loaded cache for /tmp/gemma4_full_model_cache/multichip/layer_8/q_norm_dtype_BFLOAT16_layout_TILE.tensorbin of shape Shape([1, 1, 1, 256])
2026-08-15 22:02:39.207 | DEBUG    | core:as_tensor:724 - Loaded cache for /tmp/gemma4_full_model_cache/multichip/layer_8/k_norm_dtype_BFLOAT16_layout_TILE.tensorbin of shape Shape([1, 1, 1, 256])
2026-08-15 22:02:39.209 | DEBUG    | core:as_tensor:724 - Loaded cache for /tmp/gemma4_full_model_cache/multichip/layer_8/qkv_tp4_dtype_BFLOAT8_B_layout_TILE.tensorbin of shape Shape([1, 1, 2816, 2048])
2026-08-15 22:02:39.218 | DEBUG    | core:as_tensor:724 - Loaded cache for /tmp/gemma4_full_model_cache/multichip/layer_8/o_proj_tp4_dtype_BFLOAT8_B_layout_TILE.tensorbin of shape Shape([1, 1, 1024, 2816])
2026-08-15 22:02:39.219 | DEBUG    | core:as_tensor:724 - Loaded cache for /tmp/gemma4_full_model_cache/multichip/layer_8/mlp_gate_tp4_dtype_BFLOAT8_B_layout_TILE.tensorbin of shape Shape([1, 1, 2816, 544])
2026-08-15 22:02:39.220 | DEBUG    | core:as_tensor:724 - Loaded cache for /tmp/gemma4_full_model_cache/multichip/layer_8/mlp_up_tp4_dtype_BFLOAT8_B_layout_TILE.tensorbin of shape Shape([1, 1, 2816, 544])
2026-08-15 22:02:39.221 | DEBUG    | core:as_tensor:724 - Loaded cache for /tmp/gemma4_full_model_cache/multichip/layer_8/mlp_down_tp4_dtype_BFLOAT8_B_layout_TILE.tensorbin of shape Shape([1, 1, 544, 2816])
2026-08-15 22:02:39.221 | DEBUG    | core:as_tensor:724 - Loaded cache for /tmp/gemma4_full_model_cache/multichip/layer_8/router_scale_dtype_FLOAT32_layout_TILE.tensorbin of shape Shape([1, 1, 1, 2816])
2026-08-15 22:02:39.222 | DEBUG    | core:as_tensor:724 - Loaded cache for /tmp/gemma4_full_model_cache/multichip/layer_8/router_proj_dtype_FLOAT32_layout_TILE.tensorbin of shape Shape([1, 1, 2816, 128])
2026-08-15 22:02:39.222 | DEBUG    | core:as_tensor:724 - Loaded cache for /tmp/gemma4_full_model_cache/multichip/layer_8/router_per_expert_scale_dtype_FLOAT32_layout_TILE.tensorbin of shape Shape([1, 128])
2026-08-15 22:02:39.248 | DEBUG    | core:as_tensor:724 - Loaded cache for /tmp/gemma4_full_model_cache/multichip/layer_8/expert_gate_tp4_dtype_BFLOAT8_B_layout_TILE.tensorbin of shape Shape([1, 128, 2816, 192])
2026-08-15 22:02:39.273 | DEBUG    | core:as_tensor:724 - Loaded cache for /tmp/gemma4_full_model_cache/multichip/layer_8/expert_up_tp4_dtype_BFLOAT8_B_layout_TILE.tensorbin of shape Shape([1, 128, 2816, 192])
2026-08-15 22:02:39.298 | DEBUG    | core:as_tensor:724 - Loaded cache for /tmp/gemma4_full_model_cache/multichip/layer_8/expert_down_tp4_dtype_BFLOAT8_B_layout_TILE.tensorbin of shape Shape([1, 128, 192, 2816])
2026-08-15 22:02:39.298 | DEBUG    | core:as_tensor:724 - Loaded cache for /tmp/gemma4_full_model_cache/multichip/layer_8/expert_prefill_sparsity_dtype_BFLOAT16_layout_ROW_MAJOR.tensorbin of shape Shape([1, 1, 1, 128])
2026-08-15 22:02:39.303 | DEBUG    | core:as_tensor:724 - Loaded cache for /tmp/gemma4_full_model_cache/multichip/layer_8/packed_mlp_gate_up_decode_bfp4_tp4_dtype_BFLOAT4_B_layout_TILE.tensorbin of shape Shape([1, 1, 2816, 1088])
2026-08-15 22:02:39.732 | DEBUG    | core:as_tensor:724 - Loaded cache for /tmp/gemma4_full_model_cache/multichip/layer_9/layer_scalar_dtype_BFLOAT16_layout_TILE.tensorbin of shape Shape([1, 1, 1, 1])
2026-08-15 22:02:39.733 | DEBUG    | core:as_tensor:724 - Loaded cache for /tmp/gemma4_full_model_cache/multichip/layer_9/input_ln_dtype_BFLOAT16_layout_TILE.tensorbin of shape Shape([1, 1, 1, 2816])
2026-08-15 22:02:39.733 | DEBUG    | core:as_tensor:724 - Loaded cache for /tmp/gemma4_full_model_cache/multichip/layer_9/post_attn_ln_dtype_BFLOAT16_layout_TILE.tensorbin of shape Shape([1, 1, 1, 2816])
2026-08-15 22:02:39.733 | DEBUG    | core:as_tensor:724 - Loaded cache for /tmp/gemma4_full_model_cache/multichip/layer_9/pre_ff_ln_dtype_BFLOAT16_layout_TILE.tensorbin of shape Shape([1, 1, 1, 2816])
2026-08-15 22:02:39.733 | DEBUG    | core:as_tensor:724 - Loaded cache for /tmp/gemma4_full_model_cache/multichip/layer_9/post_ff_ln_dtype_BFLOAT16_layout_TILE.tensorbin of shape Shape([1, 1, 1, 2816])
2026-08-15 22:02:39.733 | DEBUG    | core:as_tensor:724 - Loaded cache for /tmp/gemma4_full_model_cache/multichip/layer_9/post_ff_ln_1_dtype_BFLOAT16_layout_TILE.tensorbin of shape Shape([1, 1, 1, 2816])
2026-08-15 22:02:39.734 | DEBUG    | core:as_tensor:724 - Loaded cache for /tmp/gemma4_full_model_cache/multichip/layer_9/post_ff_ln_2_dtype_BFLOAT16_layout_TILE.tensorbin of shape Shape([1, 1, 1, 2816])
2026-08-15 22:02:39.734 | DEBUG    | core:as_tensor:724 - Loaded cache for /tmp/gemma4_full_model_cache/multichip/layer_9/pre_ff_ln_2_dtype_BFLOAT16_layout_TILE.tensorbin of shape Shape([1, 1, 1, 2816])
2026-08-15 22:02:39.734 | DEBUG    | core:as_tensor:724 - Loaded cache for /tmp/gemma4_full_model_cache/multichip/layer_9/q_norm_dtype_BFLOAT16_layout_TILE.tensorbin of shape Shape([1, 1, 1, 256])
2026-08-15 22:02:39.734 | DEBUG    | core:as_tensor:724 - Loaded cache for /tmp/gemma4_full_model_cache/multichip/layer_9/k_norm_dtype_BFLOAT16_layout_TILE.tensorbin of shape Shape([1, 1, 1, 256])
2026-08-15 22:02:39.736 | DEBUG    | core:as_tensor:724 - Loaded cache for /tmp/gemma4_full_model_cache/multichip/layer_9/qkv_tp4_dtype_BFLOAT8_B_layout_TILE.tensorbin of shape Shape([1, 1, 2816, 2048])
2026-08-15 22:02:39.745 | DEBUG    | core:as_tensor:724 - Loaded cache for /tmp/gemma4_full_model_cache/multichip/layer_9/o_proj_tp4_dtype_BFLOAT8_B_layout_TILE.tensorbin of shape Shape([1, 1, 1024, 2816])
2026-08-15 22:02:39.746 | DEBUG    | core:as_tensor:724 - Loaded cache for /tmp/gemma4_full_model_cache/multichip/layer_9/mlp_gate_tp4_dtype_BFLOAT8_B_layout_TILE.tensorbin of shape Shape([1, 1, 2816, 544])
2026-08-15 22:02:39.746 | DEBUG    | core:as_tensor:724 - Loaded cache for /tmp/gemma4_full_model_cache/multichip/layer_9/mlp_up_tp4_dtype_BFLOAT8_B_layout_TILE.tensorbin of shape Shape([1, 1, 2816, 544])
2026-08-15 22:02:39.747 | DEBUG    | core:as_tensor:724 - Loaded cache for /tmp/gemma4_full_model_cache/multichip/layer_9/mlp_down_tp4_dtype_BFLOAT8_B_layout_TILE.tensorbin of shape Shape([1, 1, 544, 2816])
2026-08-15 22:02:39.747 | DEBUG    | core:as_tensor:724 - Loaded cache for /tmp/gemma4_full_model_cache/multichip/layer_9/router_scale_dtype_FLOAT32_layout_TILE.tensorbin of shape Shape([1, 1, 1, 2816])
2026-08-15 22:02:39.748 | DEBUG    | core:as_tensor:724 - Loaded cache for /tmp/gemma4_full_model_cache/multichip/layer_9/router_proj_dtype_FLOAT32_layout_TILE.tensorbin of shape Shape([1, 1, 2816, 128])
2026-08-15 22:02:39.748 | DEBUG    | core:as_tensor:724 - Loaded cache for /tmp/gemma4_full_model_cache/multichip/layer_9/router_per_expert_scale_dtype_FLOAT32_layout_TILE.tensorbin of shape Shape([1, 128])
2026-08-15 22:02:39.773 | DEBUG    | core:as_tensor:724 - Loaded cache for /tmp/gemma4_full_model_cache/multichip/layer_9/expert_gate_tp4_dtype_BFLOAT8_B_layout_TILE.tensorbin of shape Shape([1, 128, 2816, 192])
2026-08-15 22:02:39.797 | DEBUG    | core:as_tensor:724 - Loaded cache for /tmp/gemma4_full_model_cache/multichip/layer_9/expert_up_tp4_dtype_BFLOAT8_B_layout_TILE.tensorbin of shape Shape([1, 128, 2816, 192])
2026-08-15 22:02:39.823 | DEBUG    | core:as_tensor:724 - Loaded cache for /tmp/gemma4_full_model_cache/multichip/layer_9/expert_down_tp4_dtype_BFLOAT8_B_layout_TILE.tensorbin of shape Shape([1, 128, 192, 2816])
2026-08-15 22:02:39.823 | DEBUG    | core:as_tensor:724 - Loaded cache for /tmp/gemma4_full_model_cache/multichip/layer_9/expert_prefill_sparsity_dtype_BFLOAT16_layout_ROW_MAJOR.tensorbin of shape Shape([1, 1, 1, 128])
2026-08-15 22:02:39.828 | DEBUG    | core:as_tensor:724 - Loaded cache for /tmp/gemma4_full_model_cache/multichip/layer_9/packed_mlp_gate_up_decode_bfp4_tp4_dtype_BFLOAT4_B_layout_TILE.tensorbin of shape Shape([1, 1, 2816, 1088])
2026-08-15 22:02:40.275 | DEBUG    | core:as_tensor:724 - Loaded cache for /tmp/gemma4_full_model_cache/multichip/layer_10/layer_scalar_dtype_BFLOAT16_layout_TILE.tensorbin of shape Shape([1, 1, 1, 1])
2026-08-15 22:02:40.276 | DEBUG    | core:as_tensor:724 - Loaded cache for /tmp/gemma4_full_model_cache/multichip/layer_10/input_ln_dtype_BFLOAT16_layout_TILE.tensorbin of shape Shape([1, 1, 1, 2816])
2026-08-15 22:02:40.276 | DEBUG    | core:as_tensor:724 - Loaded cache for /tmp/gemma4_full_model_cache/multichip/layer_10/post_attn_ln_dtype_BFLOAT16_layout_TILE.tensorbin of shape Shape([1, 1, 1, 2816])
2026-08-15 22:02:40.276 | DEBUG    | core:as_tensor:724 - Loaded cache for /tmp/gemma4_full_model_cache/multichip/layer_10/pre_ff_ln_dtype_BFLOAT16_layout_TILE.tensorbin of shape Shape([1, 1, 1, 2816])
2026-08-15 22:02:40.276 | DEBUG    | core:as_tensor:724 - Loaded cache for /tmp/gemma4_full_model_cache/multichip/layer_10/post_ff_ln_dtype_BFLOAT16_layout_TILE.tensorbin of shape Shape([1, 1, 1, 2816])
2026-08-15 22:02:40.276 | DEBUG    | core:as_tensor:724 - Loaded cache for /tmp/gemma4_full_model_cache/multichip/layer_10/post_ff_ln_1_dtype_BFLOAT16_layout_TILE.tensorbin of shape Shape([1, 1, 1, 2816])
2026-08-15 22:02:40.276 | DEBUG    | core:as_tensor:724 - Loaded cache for /tmp/gemma4_full_model_cache/multichip/layer_10/post_ff_ln_2_dtype_BFLOAT16_layout_TILE.tensorbin of shape Shape([1, 1, 1, 2816])
2026-08-15 22:02:40.277 | DEBUG    | core:as_tensor:724 - Loaded cache for /tmp/gemma4_full_model_cache/multichip/layer_10/pre_ff_ln_2_dtype_BFLOAT16_layout_TILE.tensorbin of shape Shape([1, 1, 1, 2816])
2026-08-15 22:02:40.277 | DEBUG    | core:as_tensor:724 - Loaded cache for /tmp/gemma4_full_model_cache/multichip/layer_10/q_norm_dtype_BFLOAT16_layout_TILE.tensorbin of shape Shape([1, 1, 1, 256])
2026-08-15 22:02:40.277 | DEBUG    | core:as_tensor:724 - Loaded cache for /tmp/gemma4_full_model_cache/multichip/layer_10/k_norm_dtype_BFLOAT16_layout_TILE.tensorbin of shape Shape([1, 1, 1, 256])
2026-08-15 22:02:40.279 | DEBUG    | core:as_tensor:724 - Loaded cache for /tmp/gemma4_full_model_cache/multichip/layer_10/qkv_tp4_dtype_BFLOAT8_B_layout_TILE.tensorbin of shape Shape([1, 1, 2816, 2048])
2026-08-15 22:02:40.289 | DEBUG    | core:as_tensor:724 - Loaded cache for /tmp/gemma4_full_model_cache/multichip/layer_10/o_proj_tp4_dtype_BFLOAT8_B_layout_TILE.tensorbin of shape Shape([1, 1, 1024, 2816])
2026-08-15 22:02:40.290 | DEBUG    | core:as_tensor:724 - Loaded cache for /tmp/gemma4_full_model_cache/multichip/layer_10/mlp_gate_tp4_dtype_BFLOAT8_B_layout_TILE.tensorbin of shape Shape([1, 1, 2816, 544])
2026-08-15 22:02:40.290 | DEBUG    | core:as_tensor:724 - Loaded cache for /tmp/gemma4_full_model_cache/multichip/layer_10/mlp_up_tp4_dtype_BFLOAT8_B_layout_TILE.tensorbin of shape Shape([1, 1, 2816, 544])
2026-08-15 22:02:40.291 | DEBUG    | core:as_tensor:724 - Loaded cache for /tmp/gemma4_full_model_cache/multichip/layer_10/mlp_down_tp4_dtype_BFLOAT8_B_layout_TILE.tensorbin of shape Shape([1, 1, 544, 2816])
2026-08-15 22:02:40.291 | DEBUG    | core:as_tensor:724 - Loaded cache for /tmp/gemma4_full_model_cache/multichip/layer_10/router_scale_dtype_FLOAT32_layout_TILE.tensorbin of shape Shape([1, 1, 1, 2816])
2026-08-15 22:02:40.292 | DEBUG    | core:as_tensor:724 - Loaded cache for /tmp/gemma4_full_model_cache/multichip/layer_10/router_proj_dtype_FLOAT32_layout_TILE.tensorbin of shape Shape([1, 1, 2816, 128])
2026-08-15 22:02:40.292 | DEBUG    | core:as_tensor:724 - Loaded cache for /tmp/gemma4_full_model_cache/multichip/layer_10/router_per_expert_scale_dtype_FLOAT32_layout_TILE.tensorbin of shape Shape([1, 128])
2026-08-15 22:02:40.317 | DEBUG    | core:as_tensor:724 - Loaded cache for /tmp/gemma4_full_model_cache/multichip/layer_10/expert_gate_tp4_dtype_BFLOAT8_B_layout_TILE.tensorbin of shape Shape([1, 128, 2816, 192])
2026-08-15 22:02:40.342 | DEBUG    | core:as_tensor:724 - Loaded cache for /tmp/gemma4_full_model_cache/multichip/layer_10/expert_up_tp4_dtype_BFLOAT8_B_layout_TILE.tensorbin of shape Shape([1, 128, 2816, 192])
2026-08-15 22:02:40.366 | DEBUG    | core:as_tensor:724 - Loaded cache for /tmp/gemma4_full_model_cache/multichip/layer_10/expert_down_tp4_dtype_BFLOAT8_B_layout_TILE.tensorbin of shape Shape([1, 128, 192, 2816])
2026-08-15 22:02:40.367 | DEBUG    | core:as_tensor:724 - Loaded cache for /tmp/gemma4_full_model_cache/multichip/layer_10/expert_prefill_sparsity_dtype_BFLOAT16_layout_ROW_MAJOR.tensorbin of shape Shape([1, 1, 1, 128])
2026-08-15 22:02:40.372 | DEBUG    | core:as_tensor:724 - Loaded cache for /tmp/gemma4_full_model_cache/multichip/layer_10/packed_mlp_gate_up_decode_bfp4_tp4_dtype_BFLOAT4_B_layout_TILE.tensorbin of shape Shape([1, 1, 2816, 1088])
2026-08-15 22:02:40.849 | DEBUG    | core:as_tensor:724 - Loaded cache for /tmp/gemma4_full_model_cache/multichip/layer_11/layer_scalar_dtype_BFLOAT16_layout_TILE.tensorbin of shape Shape([1, 1, 1, 1])
2026-08-15 22:02:40.850 | DEBUG    | core:as_tensor:724 - Loaded cache for /tmp/gemma4_full_model_cache/multichip/layer_11/input_ln_dtype_BFLOAT16_layout_TILE.tensorbin of shape Shape([1, 1, 1, 2816])
2026-08-15 22:02:40.850 | DEBUG    | core:as_tensor:724 - Loaded cache for /tmp/gemma4_full_model_cache/multichip/layer_11/post_attn_ln_dtype_BFLOAT16_layout_TILE.tensorbin of shape Shape([1, 1, 1, 2816])
2026-08-15 22:02:40.850 | DEBUG    | core:as_tensor:724 - Loaded cache for /tmp/gemma4_full_model_cache/multichip/layer_11/pre_ff_ln_dtype_BFLOAT16_layout_TILE.tensorbin of shape Shape([1, 1, 1, 2816])
2026-08-15 22:02:40.850 | DEBUG    | core:as_tensor:724 - Loaded cache for /tmp/gemma4_full_model_cache/multichip/layer_11/post_ff_ln_dtype_BFLOAT16_layout_TILE.tensorbin of shape Shape([1, 1, 1, 2816])
2026-08-15 22:02:40.850 | DEBUG    | core:as_tensor:724 - Loaded cache for /tmp/gemma4_full_model_cache/multichip/layer_11/post_ff_ln_1_dtype_BFLOAT16_layout_TILE.tensorbin of shape Shape([1, 1, 1, 2816])
2026-08-15 22:02:40.851 | DEBUG    | core:as_tensor:724 - Loaded cache for /tmp/gemma4_full_model_cache/multichip/layer_11/post_ff_ln_2_dtype_BFLOAT16_layout_TILE.tensorbin of shape Shape([1, 1, 1, 2816])
2026-08-15 22:02:40.851 | DEBUG    | core:as_tensor:724 - Loaded cache for /tmp/gemma4_full_model_cache/multichip/layer_11/pre_ff_ln_2_dtype_BFLOAT16_layout_TILE.tensorbin of shape Shape([1, 1, 1, 2816])
2026-08-15 22:02:40.851 | DEBUG    | core:as_tensor:724 - Loaded cache for /tmp/gemma4_full_model_cache/multichip/layer_11/q_norm_dtype_BFLOAT16_layout_TILE.tensorbin of shape Shape([1, 1, 1, 512])
2026-08-15 22:02:40.852 | DEBUG    | core:as_tensor:724 - Loaded cache for /tmp/gemma4_full_model_cache/multichip/layer_11/k_norm_dtype_BFLOAT16_layout_TILE.tensorbin of shape Shape([1, 1, 1, 512])
2026-08-15 22:02:40.858 | DEBUG    | core:as_tensor:724 - Loaded cache for /tmp/gemma4_full_model_cache/multichip/layer_11/qkv_tp4_dtype_BFLOAT8_B_layout_TILE.tensorbin of shape Shape([1, 1, 2816, 3072])
2026-08-15 22:02:40.877 | DEBUG    | core:as_tensor:724 - Loaded cache for /tmp/gemma4_full_model_cache/multichip/layer_11/o_proj_tp4_dtype_BFLOAT8_B_layout_TILE.tensorbin of shape Shape([1, 1, 2048, 2816])
2026-08-15 22:02:40.879 | DEBUG    | core:as_tensor:724 - Loaded cache for /tmp/gemma4_full_model_cache/multichip/layer_11/mlp_gate_tp4_dtype_BFLOAT8_B_layout_TILE.tensorbin of shape Shape([1, 1, 2816, 544])
2026-08-15 22:02:40.880 | DEBUG    | core:as_tensor:724 - Loaded cache for /tmp/gemma4_full_model_cache/multichip/layer_11/mlp_up_tp4_dtype_BFLOAT8_B_layout_TILE.tensorbin of shape Shape([1, 1, 2816, 544])
2026-08-15 22:02:40.881 | DEBUG    | core:as_tensor:724 - Loaded cache for /tmp/gemma4_full_model_cache/multichip/layer_11/mlp_down_tp4_dtype_BFLOAT8_B_layout_TILE.tensorbin of shape Shape([1, 1, 544, 2816])
2026-08-15 22:02:40.881 | DEBUG    | core:as_tensor:724 - Loaded cache for /tmp/gemma4_full_model_cache/multichip/layer_11/router_scale_dtype_FLOAT32_layout_TILE.tensorbin of shape Shape([1, 1, 1, 2816])
2026-08-15 22:02:40.882 | DEBUG    | core:as_tensor:724 - Loaded cache for /tmp/gemma4_full_model_cache/multichip/layer_11/router_proj_dtype_FLOAT32_layout_TILE.tensorbin of shape Shape([1, 1, 2816, 128])
2026-08-15 22:02:40.882 | DEBUG    | core:as_tensor:724 - Loaded cache for /tmp/gemma4_full_model_cache/multichip/layer_11/router_per_expert_scale_dtype_FLOAT32_layout_TILE.tensorbin of shape Shape([1, 128])
2026-08-15 22:02:40.906 | DEBUG    | core:as_tensor:724 - Loaded cache for /tmp/gemma4_full_model_cache/multichip/layer_11/expert_gate_tp4_dtype_BFLOAT8_B_layout_TILE.tensorbin of shape Shape([1, 128, 2816, 192])
2026-08-15 22:02:40.930 | DEBUG    | core:as_tensor:724 - Loaded cache for /tmp/gemma4_full_model_cache/multichip/layer_11/expert_up_tp4_dtype_BFLOAT8_B_layout_TILE.tensorbin of shape Shape([1, 128, 2816, 192])
2026-08-15 22:02:40.954 | DEBUG    | core:as_tensor:724 - Loaded cache for /tmp/gemma4_full_model_cache/multichip/layer_11/expert_down_tp4_dtype_BFLOAT8_B_layout_TILE.tensorbin of shape Shape([1, 128, 192, 2816])
2026-08-15 22:02:40.954 | DEBUG    | core:as_tensor:724 - Loaded cache for /tmp/gemma4_full_model_cache/multichip/layer_11/expert_prefill_sparsity_dtype_BFLOAT16_layout_ROW_MAJOR.tensorbin of shape Shape([1, 1, 1, 128])
2026-08-15 22:02:40.959 | DEBUG    | core:as_tensor:724 - Loaded cache for /tmp/gemma4_full_model_cache/multichip/layer_11/packed_mlp_gate_up_decode_bfp4_tp4_dtype_BFLOAT4_B_layout_TILE.tensorbin of shape Shape([1, 1, 2816, 1088])
2026-08-15 22:02:41.428 | DEBUG    | core:as_tensor:724 - Loaded cache for /tmp/gemma4_full_model_cache/multichip/layer_12/layer_scalar_dtype_BFLOAT16_layout_TILE.tensorbin of shape Shape([1, 1, 1, 1])
2026-08-15 22:02:41.428 | DEBUG    | core:as_tensor:724 - Loaded cache for /tmp/gemma4_full_model_cache/multichip/layer_12/input_ln_dtype_BFLOAT16_layout_TILE.tensorbin of shape Shape([1, 1, 1, 2816])
2026-08-15 22:02:41.428 | DEBUG    | core:as_tensor:724 - Loaded cache for /tmp/gemma4_full_model_cache/multichip/layer_12/post_attn_ln_dtype_BFLOAT16_layout_TILE.tensorbin of shape Shape([1, 1, 1, 2816])
2026-08-15 22:02:41.428 | DEBUG    | core:as_tensor:724 - Loaded cache for /tmp/gemma4_full_model_cache/multichip/layer_12/pre_ff_ln_dtype_BFLOAT16_layout_TILE.tensorbin of shape Shape([1, 1, 1, 2816])
2026-08-15 22:02:41.429 | DEBUG    | core:as_tensor:724 - Loaded cache for /tmp/gemma4_full_model_cache/multichip/layer_12/post_ff_ln_dtype_BFLOAT16_layout_TILE.tensorbin of shape Shape([1, 1, 1, 2816])
2026-08-15 22:02:41.429 | DEBUG    | core:as_tensor:724 - Loaded cache for /tmp/gemma4_full_model_cache/multichip/layer_12/post_ff_ln_1_dtype_BFLOAT16_layout_TILE.tensorbin of shape Shape([1, 1, 1, 2816])
2026-08-15 22:02:41.429 | DEBUG    | core:as_tensor:724 - Loaded cache for /tmp/gemma4_full_model_cache/multichip/layer_12/post_ff_ln_2_dtype_BFLOAT16_layout_TILE.tensorbin of shape Shape([1, 1, 1, 2816])
2026-08-15 22:02:41.429 | DEBUG    | core:as_tensor:724 - Loaded cache for /tmp/gemma4_full_model_cache/multichip/layer_12/pre_ff_ln_2_dtype_BFLOAT16_layout_TILE.tensorbin of shape Shape([1, 1, 1, 2816])
2026-08-15 22:02:41.429 | DEBUG    | core:as_tensor:724 - Loaded cache for /tmp/gemma4_full_model_cache/multichip/layer_12/q_norm_dtype_BFLOAT16_layout_TILE.tensorbin of shape Shape([1, 1, 1, 256])
2026-08-15 22:02:41.429 | DEBUG    | core:as_tensor:724 - Loaded cache for /tmp/gemma4_full_model_cache/multichip/layer_12/k_norm_dtype_BFLOAT16_layout_TILE.tensorbin of shape Shape([1, 1, 1, 256])
2026-08-15 22:02:41.431 | DEBUG    | core:as_tensor:724 - Loaded cache for /tmp/gemma4_full_model_cache/multichip/layer_12/qkv_tp4_dtype_BFLOAT8_B_layout_TILE.tensorbin of shape Shape([1, 1, 2816, 2048])
2026-08-15 22:02:41.440 | DEBUG    | core:as_tensor:724 - Loaded cache for /tmp/gemma4_full_model_cache/multichip/layer_12/o_proj_tp4_dtype_BFLOAT8_B_layout_TILE.tensorbin of shape Shape([1, 1, 1024, 2816])
2026-08-15 22:02:41.441 | DEBUG    | core:as_tensor:724 - Loaded cache for /tmp/gemma4_full_model_cache/multichip/layer_12/mlp_gate_tp4_dtype_BFLOAT8_B_layout_TILE.tensorbin of shape Shape([1, 1, 2816, 544])
2026-08-15 22:02:41.442 | DEBUG    | core:as_tensor:724 - Loaded cache for /tmp/gemma4_full_model_cache/multichip/layer_12/mlp_up_tp4_dtype_BFLOAT8_B_layout_TILE.tensorbin of shape Shape([1, 1, 2816, 544])
2026-08-15 22:02:41.442 | DEBUG    | core:as_tensor:724 - Loaded cache for /tmp/gemma4_full_model_cache/multichip/layer_12/mlp_down_tp4_dtype_BFLOAT8_B_layout_TILE.tensorbin of shape Shape([1, 1, 544, 2816])
2026-08-15 22:02:41.443 | DEBUG    | core:as_tensor:724 - Loaded cache for /tmp/gemma4_full_model_cache/multichip/layer_12/router_scale_dtype_FLOAT32_layout_TILE.tensorbin of shape Shape([1, 1, 1, 2816])
2026-08-15 22:02:41.443 | DEBUG    | core:as_tensor:724 - Loaded cache for /tmp/gemma4_full_model_cache/multichip/layer_12/router_proj_dtype_FLOAT32_layout_TILE.tensorbin of shape Shape([1, 1, 2816, 128])
2026-08-15 22:02:41.444 | DEBUG    | core:as_tensor:724 - Loaded cache for /tmp/gemma4_full_model_cache/multichip/layer_12/router_per_expert_scale_dtype_FLOAT32_layout_TILE.tensorbin of shape Shape([1, 128])
2026-08-15 22:02:41.468 | DEBUG    | core:as_tensor:724 - Loaded cache for /tmp/gemma4_full_model_cache/multichip/layer_12/expert_gate_tp4_dtype_BFLOAT8_B_layout_TILE.tensorbin of shape Shape([1, 128, 2816, 192])
2026-08-15 22:02:41.493 | DEBUG    | core:as_tensor:724 - Loaded cache for /tmp/gemma4_full_model_cache/multichip/layer_12/expert_up_tp4_dtype_BFLOAT8_B_layout_TILE.tensorbin of shape Shape([1, 128, 2816, 192])
2026-08-15 22:02:41.517 | DEBUG    | core:as_tensor:724 - Loaded cache for /tmp/gemma4_full_model_cache/multichip/layer_12/expert_down_tp4_dtype_BFLOAT8_B_layout_TILE.tensorbin of shape Shape([1, 128, 192, 2816])
2026-08-15 22:02:41.518 | DEBUG    | core:as_tensor:724 - Loaded cache for /tmp/gemma4_full_model_cache/multichip/layer_12/expert_prefill_sparsity_dtype_BFLOAT16_layout_ROW_MAJOR.tensorbin of shape Shape([1, 1, 1, 128])
2026-08-15 22:02:41.523 | DEBUG    | core:as_tensor:724 - Loaded cache for /tmp/gemma4_full_model_cache/multichip/layer_12/packed_mlp_gate_up_decode_bfp4_tp4_dtype_BFLOAT4_B_layout_TILE.tensorbin of shape Shape([1, 1, 2816, 1088])
2026-08-15 22:02:42.010 | DEBUG    | core:as_tensor:724 - Loaded cache for /tmp/gemma4_full_model_cache/multichip/layer_13/layer_scalar_dtype_BFLOAT16_layout_TILE.tensorbin of shape Shape([1, 1, 1, 1])
2026-08-15 22:02:42.010 | DEBUG    | core:as_tensor:724 - Loaded cache for /tmp/gemma4_full_model_cache/multichip/layer_13/input_ln_dtype_BFLOAT16_layout_TILE.tensorbin of shape Shape([1, 1, 1, 2816])
2026-08-15 22:02:42.010 | DEBUG    | core:as_tensor:724 - Loaded cache for /tmp/gemma4_full_model_cache/multichip/layer_13/post_attn_ln_dtype_BFLOAT16_layout_TILE.tensorbin of shape Shape([1, 1, 1, 2816])
2026-08-15 22:02:42.010 | DEBUG    | core:as_tensor:724 - Loaded cache for /tmp/gemma4_full_model_cache/multichip/layer_13/pre_ff_ln_dtype_BFLOAT16_layout_TILE.tensorbin of shape Shape([1, 1, 1, 2816])
2026-08-15 22:02:42.010 | DEBUG    | core:as_tensor:724 - Loaded cache for /tmp/gemma4_full_model_cache/multichip/layer_13/post_ff_ln_dtype_BFLOAT16_layout_TILE.tensorbin of shape Shape([1, 1, 1, 2816])
2026-08-15 22:02:42.011 | DEBUG    | core:as_tensor:724 - Loaded cache for /tmp/gemma4_full_model_cache/multichip/layer_13/post_ff_ln_1_dtype_BFLOAT16_layout_TILE.tensorbin of shape Shape([1, 1, 1, 2816])
2026-08-15 22:02:42.011 | DEBUG    | core:as_tensor:724 - Loaded cache for /tmp/gemma4_full_model_cache/multichip/layer_13/post_ff_ln_2_dtype_BFLOAT16_layout_TILE.tensorbin of shape Shape([1, 1, 1, 2816])
2026-08-15 22:02:42.011 | DEBUG    | core:as_tensor:724 - Loaded cache for /tmp/gemma4_full_model_cache/multichip/layer_13/pre_ff_ln_2_dtype_BFLOAT16_layout_TILE.tensorbin of shape Shape([1, 1, 1, 2816])
2026-08-15 22:02:42.011 | DEBUG    | core:as_tensor:724 - Loaded cache for /tmp/gemma4_full_model_cache/multichip/layer_13/q_norm_dtype_BFLOAT16_layout_TILE.tensorbin of shape Shape([1, 1, 1, 256])
2026-08-15 22:02:42.011 | DEBUG    | core:as_tensor:724 - Loaded cache for /tmp/gemma4_full_model_cache/multichip/layer_13/k_norm_dtype_BFLOAT16_layout_TILE.tensorbin of shape Shape([1, 1, 1, 256])
2026-08-15 22:02:42.013 | DEBUG    | core:as_tensor:724 - Loaded cache for /tmp/gemma4_full_model_cache/multichip/layer_13/qkv_tp4_dtype_BFLOAT8_B_layout_TILE.tensorbin of shape Shape([1, 1, 2816, 2048])
2026-08-15 22:02:42.022 | DEBUG    | core:as_tensor:724 - Loaded cache for /tmp/gemma4_full_model_cache/multichip/layer_13/o_proj_tp4_dtype_BFLOAT8_B_layout_TILE.tensorbin of shape Shape([1, 1, 1024, 2816])
2026-08-15 22:02:42.023 | DEBUG    | core:as_tensor:724 - Loaded cache for /tmp/gemma4_full_model_cache/multichip/layer_13/mlp_gate_tp4_dtype_BFLOAT8_B_layout_TILE.tensorbin of shape Shape([1, 1, 2816, 544])
2026-08-15 22:02:42.024 | DEBUG    | core:as_tensor:724 - Loaded cache for /tmp/gemma4_full_model_cache/multichip/layer_13/mlp_up_tp4_dtype_BFLOAT8_B_layout_TILE.tensorbin of shape Shape([1, 1, 2816, 544])
2026-08-15 22:02:42.025 | DEBUG    | core:as_tensor:724 - Loaded cache for /tmp/gemma4_full_model_cache/multichip/layer_13/mlp_down_tp4_dtype_BFLOAT8_B_layout_TILE.tensorbin of shape Shape([1, 1, 544, 2816])
2026-08-15 22:02:42.025 | DEBUG    | core:as_tensor:724 - Loaded cache for /tmp/gemma4_full_model_cache/multichip/layer_13/router_scale_dtype_FLOAT32_layout_TILE.tensorbin of shape Shape([1, 1, 1, 2816])
2026-08-15 22:02:42.026 | DEBUG    | core:as_tensor:724 - Loaded cache for /tmp/gemma4_full_model_cache/multichip/layer_13/router_proj_dtype_FLOAT32_layout_TILE.tensorbin of shape Shape([1, 1, 2816, 128])
2026-08-15 22:02:42.026 | DEBUG    | core:as_tensor:724 - Loaded cache for /tmp/gemma4_full_model_cache/multichip/layer_13/router_per_expert_scale_dtype_FLOAT32_layout_TILE.tensorbin of shape Shape([1, 128])
2026-08-15 22:02:42.050 | DEBUG    | core:as_tensor:724 - Loaded cache for /tmp/gemma4_full_model_cache/multichip/layer_13/expert_gate_tp4_dtype_BFLOAT8_B_layout_TILE.tensorbin of shape Shape([1, 128, 2816, 192])
2026-08-15 22:02:42.075 | DEBUG    | core:as_tensor:724 - Loaded cache for /tmp/gemma4_full_model_cache/multichip/layer_13/expert_up_tp4_dtype_BFLOAT8_B_layout_TILE.tensorbin of shape Shape([1, 128, 2816, 192])
2026-08-15 22:02:42.100 | DEBUG    | core:as_tensor:724 - Loaded cache for /tmp/gemma4_full_model_cache/multichip/layer_13/expert_down_tp4_dtype_BFLOAT8_B_layout_TILE.tensorbin of shape Shape([1, 128, 192, 2816])
2026-08-15 22:02:42.101 | DEBUG    | core:as_tensor:724 - Loaded cache for /tmp/gemma4_full_model_cache/multichip/layer_13/expert_prefill_sparsity_dtype_BFLOAT16_layout_ROW_MAJOR.tensorbin of shape Shape([1, 1, 1, 128])
2026-08-15 22:02:42.106 | DEBUG    | core:as_tensor:724 - Loaded cache for /tmp/gemma4_full_model_cache/multichip/layer_13/packed_mlp_gate_up_decode_bfp4_tp4_dtype_BFLOAT4_B_layout_TILE.tensorbin of shape Shape([1, 1, 2816, 1088])
2026-08-15 22:02:42.597 | DEBUG    | core:as_tensor:724 - Loaded cache for /tmp/gemma4_full_model_cache/multichip/layer_14/layer_scalar_dtype_BFLOAT16_layout_TILE.tensorbin of shape Shape([1, 1, 1, 1])
2026-08-15 22:02:42.597 | DEBUG    | core:as_tensor:724 - Loaded cache for /tmp/gemma4_full_model_cache/multichip/layer_14/input_ln_dtype_BFLOAT16_layout_TILE.tensorbin of shape Shape([1, 1, 1, 2816])
2026-08-15 22:02:42.597 | DEBUG    | core:as_tensor:724 - Loaded cache for /tmp/gemma4_full_model_cache/multichip/layer_14/post_attn_ln_dtype_BFLOAT16_layout_TILE.tensorbin of shape Shape([1, 1, 1, 2816])
2026-08-15 22:02:42.598 | DEBUG    | core:as_tensor:724 - Loaded cache for /tmp/gemma4_full_model_cache/multichip/layer_14/pre_ff_ln_dtype_BFLOAT16_layout_TILE.tensorbin of shape Shape([1, 1, 1, 2816])
2026-08-15 22:02:42.598 | DEBUG    | core:as_tensor:724 - Loaded cache for /tmp/gemma4_full_model_cache/multichip/layer_14/post_ff_ln_dtype_BFLOAT16_layout_TILE.tensorbin of shape Shape([1, 1, 1, 2816])
2026-08-15 22:02:42.598 | DEBUG    | core:as_tensor:724 - Loaded cache for /tmp/gemma4_full_model_cache/multichip/layer_14/post_ff_ln_1_dtype_BFLOAT16_layout_TILE.tensorbin of shape Shape([1, 1, 1, 2816])
2026-08-15 22:02:42.598 | DEBUG    | core:as_tensor:724 - Loaded cache for /tmp/gemma4_full_model_cache/multichip/layer_14/post_ff_ln_2_dtype_BFLOAT16_layout_TILE.tensorbin of shape Shape([1, 1, 1, 2816])
2026-08-15 22:02:42.598 | DEBUG    | core:as_tensor:724 - Loaded cache for /tmp/gemma4_full_model_cache/multichip/layer_14/pre_ff_ln_2_dtype_BFLOAT16_layout_TILE.tensorbin of shape Shape([1, 1, 1, 2816])
2026-08-15 22:02:42.598 | DEBUG    | core:as_tensor:724 - Loaded cache for /tmp/gemma4_full_model_cache/multichip/layer_14/q_norm_dtype_BFLOAT16_layout_TILE.tensorbin of shape Shape([1, 1, 1, 256])
2026-08-15 22:02:42.598 | DEBUG    | core:as_tensor:724 - Loaded cache for /tmp/gemma4_full_model_cache/multichip/layer_14/k_norm_dtype_BFLOAT16_layout_TILE.tensorbin of shape Shape([1, 1, 1, 256])
2026-08-15 22:02:42.600 | DEBUG    | core:as_tensor:724 - Loaded cache for /tmp/gemma4_full_model_cache/multichip/layer_14/qkv_tp4_dtype_BFLOAT8_B_layout_TILE.tensorbin of shape Shape([1, 1, 2816, 2048])
2026-08-15 22:02:42.610 | DEBUG    | core:as_tensor:724 - Loaded cache for /tmp/gemma4_full_model_cache/multichip/layer_14/o_proj_tp4_dtype_BFLOAT8_B_layout_TILE.tensorbin of shape Shape([1, 1, 1024, 2816])
2026-08-15 22:02:42.611 | DEBUG    | core:as_tensor:724 - Loaded cache for /tmp/gemma4_full_model_cache/multichip/layer_14/mlp_gate_tp4_dtype_BFLOAT8_B_layout_TILE.tensorbin of shape Shape([1, 1, 2816, 544])
2026-08-15 22:02:42.611 | DEBUG    | core:as_tensor:724 - Loaded cache for /tmp/gemma4_full_model_cache/multichip/layer_14/mlp_up_tp4_dtype_BFLOAT8_B_layout_TILE.tensorbin of shape Shape([1, 1, 2816, 544])
2026-08-15 22:02:42.612 | DEBUG    | core:as_tensor:724 - Loaded cache for /tmp/gemma4_full_model_cache/multichip/layer_14/mlp_down_tp4_dtype_BFLOAT8_B_layout_TILE.tensorbin of shape Shape([1, 1, 544, 2816])
2026-08-15 22:02:42.612 | DEBUG    | core:as_tensor:724 - Loaded cache for /tmp/gemma4_full_model_cache/multichip/layer_14/router_scale_dtype_FLOAT32_layout_TILE.tensorbin of shape Shape([1, 1, 1, 2816])
2026-08-15 22:02:42.613 | DEBUG    | core:as_tensor:724 - Loaded cache for /tmp/gemma4_full_model_cache/multichip/layer_14/router_proj_dtype_FLOAT32_layout_TILE.tensorbin of shape Shape([1, 1, 2816, 128])
2026-08-15 22:02:42.613 | DEBUG    | core:as_tensor:724 - Loaded cache for /tmp/gemma4_full_model_cache/multichip/layer_14/router_per_expert_scale_dtype_FLOAT32_layout_TILE.tensorbin of shape Shape([1, 128])
2026-08-15 22:02:42.637 | DEBUG    | core:as_tensor:724 - Loaded cache for /tmp/gemma4_full_model_cache/multichip/layer_14/expert_gate_tp4_dtype_BFLOAT8_B_layout_TILE.tensorbin of shape Shape([1, 128, 2816, 192])
2026-08-15 22:02:42.664 | DEBUG    | core:as_tensor:724 - Loaded cache for /tmp/gemma4_full_model_cache/multichip/layer_14/expert_up_tp4_dtype_BFLOAT8_B_layout_TILE.tensorbin of shape Shape([1, 128, 2816, 192])
2026-08-15 22:02:42.691 | DEBUG    | core:as_tensor:724 - Loaded cache for /tmp/gemma4_full_model_cache/multichip/layer_14/expert_down_tp4_dtype_BFLOAT8_B_layout_TILE.tensorbin of shape Shape([1, 128, 192, 2816])
2026-08-15 22:02:42.691 | DEBUG    | core:as_tensor:724 - Loaded cache for /tmp/gemma4_full_model_cache/multichip/layer_14/expert_prefill_sparsity_dtype_BFLOAT16_layout_ROW_MAJOR.tensorbin of shape Shape([1, 1, 1, 128])
2026-08-15 22:02:42.696 | DEBUG    | core:as_tensor:724 - Loaded cache for /tmp/gemma4_full_model_cache/multichip/layer_14/packed_mlp_gate_up_decode_bfp4_tp4_dtype_BFLOAT4_B_layout_TILE.tensorbin of shape Shape([1, 1, 2816, 1088])
2026-08-15 22:02:43.204 | DEBUG    | core:as_tensor:724 - Loaded cache for /tmp/gemma4_full_model_cache/multichip/layer_15/layer_scalar_dtype_BFLOAT16_layout_TILE.tensorbin of shape Shape([1, 1, 1, 1])
2026-08-15 22:02:43.204 | DEBUG    | core:as_tensor:724 - Loaded cache for /tmp/gemma4_full_model_cache/multichip/layer_15/input_ln_dtype_BFLOAT16_layout_TILE.tensorbin of shape Shape([1, 1, 1, 2816])
2026-08-15 22:02:43.204 | DEBUG    | core:as_tensor:724 - Loaded cache for /tmp/gemma4_full_model_cache/multichip/layer_15/post_attn_ln_dtype_BFLOAT16_layout_TILE.tensorbin of shape Shape([1, 1, 1, 2816])
2026-08-15 22:02:43.204 | DEBUG    | core:as_tensor:724 - Loaded cache for /tmp/gemma4_full_model_cache/multichip/layer_15/pre_ff_ln_dtype_BFLOAT16_layout_TILE.tensorbin of shape Shape([1, 1, 1, 2816])
2026-08-15 22:02:43.205 | DEBUG    | core:as_tensor:724 - Loaded cache for /tmp/gemma4_full_model_cache/multichip/layer_15/post_ff_ln_dtype_BFLOAT16_layout_TILE.tensorbin of shape Shape([1, 1, 1, 2816])
2026-08-15 22:02:43.205 | DEBUG    | core:as_tensor:724 - Loaded cache for /tmp/gemma4_full_model_cache/multichip/layer_15/post_ff_ln_1_dtype_BFLOAT16_layout_TILE.tensorbin of shape Shape([1, 1, 1, 2816])
2026-08-15 22:02:43.205 | DEBUG    | core:as_tensor:724 - Loaded cache for /tmp/gemma4_full_model_cache/multichip/layer_15/post_ff_ln_2_dtype_BFLOAT16_layout_TILE.tensorbin of shape Shape([1, 1, 1, 2816])
2026-08-15 22:02:43.205 | DEBUG    | core:as_tensor:724 - Loaded cache for /tmp/gemma4_full_model_cache/multichip/layer_15/pre_ff_ln_2_dtype_BFLOAT16_layout_TILE.tensorbin of shape Shape([1, 1, 1, 2816])
2026-08-15 22:02:43.205 | DEBUG    | core:as_tensor:724 - Loaded cache for /tmp/gemma4_full_model_cache/multichip/layer_15/q_norm_dtype_BFLOAT16_layout_TILE.tensorbin of shape Shape([1, 1, 1, 256])
2026-08-15 22:02:43.205 | DEBUG    | core:as_tensor:724 - Loaded cache for /tmp/gemma4_full_model_cache/multichip/layer_15/k_norm_dtype_BFLOAT16_layout_TILE.tensorbin of shape Shape([1, 1, 1, 256])
2026-08-15 22:02:43.211 | DEBUG    | core:as_tensor:724 - Loaded cache for /tmp/gemma4_full_model_cache/multichip/layer_15/qkv_tp4_dtype_BFLOAT8_B_layout_TILE.tensorbin of shape Shape([1, 1, 2816, 2048])
2026-08-15 22:02:43.220 | DEBUG    | core:as_tensor:724 - Loaded cache for /tmp/gemma4_full_model_cache/multichip/layer_15/o_proj_tp4_dtype_BFLOAT8_B_layout_TILE.tensorbin of shape Shape([1, 1, 1024, 2816])
2026-08-15 22:02:43.221 | DEBUG    | core:as_tensor:724 - Loaded cache for /tmp/gemma4_full_model_cache/multichip/layer_15/mlp_gate_tp4_dtype_BFLOAT8_B_layout_TILE.tensorbin of shape Shape([1, 1, 2816, 544])
2026-08-15 22:02:43.222 | DEBUG    | core:as_tensor:724 - Loaded cache for /tmp/gemma4_full_model_cache/multichip/layer_15/mlp_up_tp4_dtype_BFLOAT8_B_layout_TILE.tensorbin of shape Shape([1, 1, 2816, 544])
2026-08-15 22:02:43.223 | DEBUG    | core:as_tensor:724 - Loaded cache for /tmp/gemma4_full_model_cache/multichip/layer_15/mlp_down_tp4_dtype_BFLOAT8_B_layout_TILE.tensorbin of shape Shape([1, 1, 544, 2816])
2026-08-15 22:02:43.223 | DEBUG    | core:as_tensor:724 - Loaded cache for /tmp/gemma4_full_model_cache/multichip/layer_15/router_scale_dtype_FLOAT32_layout_TILE.tensorbin of shape Shape([1, 1, 1, 2816])
2026-08-15 22:02:43.224 | DEBUG    | core:as_tensor:724 - Loaded cache for /tmp/gemma4_full_model_cache/multichip/layer_15/router_proj_dtype_FLOAT32_layout_TILE.tensorbin of shape Shape([1, 1, 2816, 128])
2026-08-15 22:02:43.224 | DEBUG    | core:as_tensor:724 - Loaded cache for /tmp/gemma4_full_model_cache/multichip/layer_15/router_per_expert_scale_dtype_FLOAT32_layout_TILE.tensorbin of shape Shape([1, 128])
2026-08-15 22:02:43.252 | DEBUG    | core:as_tensor:724 - Loaded cache for /tmp/gemma4_full_model_cache/multichip/layer_15/expert_gate_tp4_dtype_BFLOAT8_B_layout_TILE.tensorbin of shape Shape([1, 128, 2816, 192])
2026-08-15 22:02:43.281 | DEBUG    | core:as_tensor:724 - Loaded cache for /tmp/gemma4_full_model_cache/multichip/layer_15/expert_up_tp4_dtype_BFLOAT8_B_layout_TILE.tensorbin of shape Shape([1, 128, 2816, 192])
2026-08-15 22:02:43.311 | DEBUG    | core:as_tensor:724 - Loaded cache for /tmp/gemma4_full_model_cache/multichip/layer_15/expert_down_tp4_dtype_BFLOAT8_B_layout_TILE.tensorbin of shape Shape([1, 128, 192, 2816])
2026-08-15 22:02:43.311 | DEBUG    | core:as_tensor:724 - Loaded cache for /tmp/gemma4_full_model_cache/multichip/layer_15/expert_prefill_sparsity_dtype_BFLOAT16_layout_ROW_MAJOR.tensorbin of shape Shape([1, 1, 1, 128])
2026-08-15 22:02:43.317 | DEBUG    | core:as_tensor:724 - Loaded cache for /tmp/gemma4_full_model_cache/multichip/layer_15/packed_mlp_gate_up_decode_bfp4_tp4_dtype_BFLOAT4_B_layout_TILE.tensorbin of shape Shape([1, 1, 2816, 1088])
2026-08-15 22:02:43.820 | DEBUG    | core:as_tensor:724 - Loaded cache for /tmp/gemma4_full_model_cache/multichip/layer_16/layer_scalar_dtype_BFLOAT16_layout_TILE.tensorbin of shape Shape([1, 1, 1, 1])
2026-08-15 22:02:43.821 | DEBUG    | core:as_tensor:724 - Loaded cache for /tmp/gemma4_full_model_cache/multichip/layer_16/input_ln_dtype_BFLOAT16_layout_TILE.tensorbin of shape Shape([1, 1, 1, 2816])
2026-08-15 22:02:43.821 | DEBUG    | core:as_tensor:724 - Loaded cache for /tmp/gemma4_full_model_cache/multichip/layer_16/post_attn_ln_dtype_BFLOAT16_layout_TILE.tensorbin of shape Shape([1, 1, 1, 2816])
2026-08-15 22:02:43.821 | DEBUG    | core:as_tensor:724 - Loaded cache for /tmp/gemma4_full_model_cache/multichip/layer_16/pre_ff_ln_dtype_BFLOAT16_layout_TILE.tensorbin of shape Shape([1, 1, 1, 2816])
2026-08-15 22:02:43.821 | DEBUG    | core:as_tensor:724 - Loaded cache for /tmp/gemma4_full_model_cache/multichip/layer_16/post_ff_ln_dtype_BFLOAT16_layout_TILE.tensorbin of shape Shape([1, 1, 1, 2816])
2026-08-15 22:02:43.821 | DEBUG    | core:as_tensor:724 - Loaded cache for /tmp/gemma4_full_model_cache/multichip/layer_16/post_ff_ln_1_dtype_BFLOAT16_layout_TILE.tensorbin of shape Shape([1, 1, 1, 2816])
2026-08-15 22:02:43.822 | DEBUG    | core:as_tensor:724 - Loaded cache for /tmp/gemma4_full_model_cache/multichip/layer_16/post_ff_ln_2_dtype_BFLOAT16_layout_TILE.tensorbin of shape Shape([1, 1, 1, 2816])
2026-08-15 22:02:43.822 | DEBUG    | core:as_tensor:724 - Loaded cache for /tmp/gemma4_full_model_cache/multichip/layer_16/pre_ff_ln_2_dtype_BFLOAT16_layout_TILE.tensorbin of shape Shape([1, 1, 1, 2816])
2026-08-15 22:02:43.822 | DEBUG    | core:as_tensor:724 - Loaded cache for /tmp/gemma4_full_model_cache/multichip/layer_16/q_norm_dtype_BFLOAT16_layout_TILE.tensorbin of shape Shape([1, 1, 1, 256])
2026-08-15 22:02:43.822 | DEBUG    | core:as_tensor:724 - Loaded cache for /tmp/gemma4_full_model_cache/multichip/layer_16/k_norm_dtype_BFLOAT16_layout_TILE.tensorbin of shape Shape([1, 1, 1, 256])
2026-08-15 22:02:43.824 | DEBUG    | core:as_tensor:724 - Loaded cache for /tmp/gemma4_full_model_cache/multichip/layer_16/qkv_tp4_dtype_BFLOAT8_B_layout_TILE.tensorbin of shape Shape([1, 1, 2816, 2048])
2026-08-15 22:02:43.833 | DEBUG    | core:as_tensor:724 - Loaded cache for /tmp/gemma4_full_model_cache/multichip/layer_16/o_proj_tp4_dtype_BFLOAT8_B_layout_TILE.tensorbin of shape Shape([1, 1, 1024, 2816])
2026-08-15 22:02:43.846 | DEBUG    | core:as_tensor:724 - Loaded cache for /tmp/gemma4_full_model_cache/multichip/layer_16/mlp_gate_tp4_dtype_BFLOAT8_B_layout_TILE.tensorbin of shape Shape([1, 1, 2816, 544])
2026-08-15 22:02:43.847 | DEBUG    | core:as_tensor:724 - Loaded cache for /tmp/gemma4_full_model_cache/multichip/layer_16/mlp_up_tp4_dtype_BFLOAT8_B_layout_TILE.tensorbin of shape Shape([1, 1, 2816, 544])
2026-08-15 22:02:43.847 | DEBUG    | core:as_tensor:724 - Loaded cache for /tmp/gemma4_full_model_cache/multichip/layer_16/mlp_down_tp4_dtype_BFLOAT8_B_layout_TILE.tensorbin of shape Shape([1, 1, 544, 2816])
2026-08-15 22:02:43.847 | DEBUG    | core:as_tensor:724 - Loaded cache for /tmp/gemma4_full_model_cache/multichip/layer_16/router_scale_dtype_FLOAT32_layout_TILE.tensorbin of shape Shape([1, 1, 1, 2816])
2026-08-15 22:02:43.848 | DEBUG    | core:as_tensor:724 - Loaded cache for /tmp/gemma4_full_model_cache/multichip/layer_16/router_proj_dtype_FLOAT32_layout_TILE.tensorbin of shape Shape([1, 1, 2816, 128])
2026-08-15 22:02:43.848 | DEBUG    | core:as_tensor:724 - Loaded cache for /tmp/gemma4_full_model_cache/multichip/layer_16/router_per_expert_scale_dtype_FLOAT32_layout_TILE.tensorbin of shape Shape([1, 128])
2026-08-15 22:02:43.876 | DEBUG    | core:as_tensor:724 - Loaded cache for /tmp/gemma4_full_model_cache/multichip/layer_16/expert_gate_tp4_dtype_BFLOAT8_B_layout_TILE.tensorbin of shape Shape([1, 128, 2816, 192])
2026-08-15 22:02:43.907 | DEBUG    | core:as_tensor:724 - Loaded cache for /tmp/gemma4_full_model_cache/multichip/layer_16/expert_up_tp4_dtype_BFLOAT8_B_layout_TILE.tensorbin of shape Shape([1, 128, 2816, 192])
2026-08-15 22:02:43.934 | DEBUG    | core:as_tensor:724 - Loaded cache for /tmp/gemma4_full_model_cache/multichip/layer_16/expert_down_tp4_dtype_BFLOAT8_B_layout_TILE.tensorbin of shape Shape([1, 128, 192, 2816])
2026-08-15 22:02:43.935 | DEBUG    | core:as_tensor:724 - Loaded cache for /tmp/gemma4_full_model_cache/multichip/layer_16/expert_prefill_sparsity_dtype_BFLOAT16_layout_ROW_MAJOR.tensorbin of shape Shape([1, 1, 1, 128])
2026-08-15 22:02:43.940 | DEBUG    | core:as_tensor:724 - Loaded cache for /tmp/gemma4_full_model_cache/multichip/layer_16/packed_mlp_gate_up_decode_bfp4_tp4_dtype_BFLOAT4_B_layout_TILE.tensorbin of shape Shape([1, 1, 2816, 1088])
2026-08-15 22:02:44.429 | DEBUG    | core:as_tensor:724 - Loaded cache for /tmp/gemma4_full_model_cache/multichip/layer_17/layer_scalar_dtype_BFLOAT16_layout_TILE.tensorbin of shape Shape([1, 1, 1, 1])
2026-08-15 22:02:44.429 | DEBUG    | core:as_tensor:724 - Loaded cache for /tmp/gemma4_full_model_cache/multichip/layer_17/input_ln_dtype_BFLOAT16_layout_TILE.tensorbin of shape Shape([1, 1, 1, 2816])
2026-08-15 22:02:44.430 | DEBUG    | core:as_tensor:724 - Loaded cache for /tmp/gemma4_full_model_cache/multichip/layer_17/post_attn_ln_dtype_BFLOAT16_layout_TILE.tensorbin of shape Shape([1, 1, 1, 2816])
2026-08-15 22:02:44.430 | DEBUG    | core:as_tensor:724 - Loaded cache for /tmp/gemma4_full_model_cache/multichip/layer_17/pre_ff_ln_dtype_BFLOAT16_layout_TILE.tensorbin of shape Shape([1, 1, 1, 2816])
2026-08-15 22:02:44.430 | DEBUG    | core:as_tensor:724 - Loaded cache for /tmp/gemma4_full_model_cache/multichip/layer_17/post_ff_ln_dtype_BFLOAT16_layout_TILE.tensorbin of shape Shape([1, 1, 1, 2816])
2026-08-15 22:02:44.430 | DEBUG    | core:as_tensor:724 - Loaded cache for /tmp/gemma4_full_model_cache/multichip/layer_17/post_ff_ln_1_dtype_BFLOAT16_layout_TILE.tensorbin of shape Shape([1, 1, 1, 2816])
2026-08-15 22:02:44.430 | DEBUG    | core:as_tensor:724 - Loaded cache for /tmp/gemma4_full_model_cache/multichip/layer_17/post_ff_ln_2_dtype_BFLOAT16_layout_TILE.tensorbin of shape Shape([1, 1, 1, 2816])
2026-08-15 22:02:44.430 | DEBUG    | core:as_tensor:724 - Loaded cache for /tmp/gemma4_full_model_cache/multichip/layer_17/pre_ff_ln_2_dtype_BFLOAT16_layout_TILE.tensorbin of shape Shape([1, 1, 1, 2816])
2026-08-15 22:02:44.430 | DEBUG    | core:as_tensor:724 - Loaded cache for /tmp/gemma4_full_model_cache/multichip/layer_17/q_norm_dtype_BFLOAT16_layout_TILE.tensorbin of shape Shape([1, 1, 1, 512])
2026-08-15 22:02:44.430 | DEBUG    | core:as_tensor:724 - Loaded cache for /tmp/gemma4_full_model_cache/multichip/layer_17/k_norm_dtype_BFLOAT16_layout_TILE.tensorbin of shape Shape([1, 1, 1, 512])
2026-08-15 22:02:44.436 | DEBUG    | core:as_tensor:724 - Loaded cache for /tmp/gemma4_full_model_cache/multichip/layer_17/qkv_tp4_dtype_BFLOAT8_B_layout_TILE.tensorbin of shape Shape([1, 1, 2816, 3072])
2026-08-15 22:02:44.456 | DEBUG    | core:as_tensor:724 - Loaded cache for /tmp/gemma4_full_model_cache/multichip/layer_17/o_proj_tp4_dtype_BFLOAT8_B_layout_TILE.tensorbin of shape Shape([1, 1, 2048, 2816])
2026-08-15 22:02:44.458 | DEBUG    | core:as_tensor:724 - Loaded cache for /tmp/gemma4_full_model_cache/multichip/layer_17/mlp_gate_tp4_dtype_BFLOAT8_B_layout_TILE.tensorbin of shape Shape([1, 1, 2816, 544])
2026-08-15 22:02:44.459 | DEBUG    | core:as_tensor:724 - Loaded cache for /tmp/gemma4_full_model_cache/multichip/layer_17/mlp_up_tp4_dtype_BFLOAT8_B_layout_TILE.tensorbin of shape Shape([1, 1, 2816, 544])
2026-08-15 22:02:44.460 | DEBUG    | core:as_tensor:724 - Loaded cache for /tmp/gemma4_full_model_cache/multichip/layer_17/mlp_down_tp4_dtype_BFLOAT8_B_layout_TILE.tensorbin of shape Shape([1, 1, 544, 2816])
2026-08-15 22:02:44.460 | DEBUG    | core:as_tensor:724 - Loaded cache for /tmp/gemma4_full_model_cache/multichip/layer_17/router_scale_dtype_FLOAT32_layout_TILE.tensorbin of shape Shape([1, 1, 1, 2816])
2026-08-15 22:02:44.461 | DEBUG    | core:as_tensor:724 - Loaded cache for /tmp/gemma4_full_model_cache/multichip/layer_17/router_proj_dtype_FLOAT32_layout_TILE.tensorbin of shape Shape([1, 1, 2816, 128])
2026-08-15 22:02:44.461 | DEBUG    | core:as_tensor:724 - Loaded cache for /tmp/gemma4_full_model_cache/multichip/layer_17/router_per_expert_scale_dtype_FLOAT32_layout_TILE.tensorbin of shape Shape([1, 128])
2026-08-15 22:02:44.485 | DEBUG    | core:as_tensor:724 - Loaded cache for /tmp/gemma4_full_model_cache/multichip/layer_17/expert_gate_tp4_dtype_BFLOAT8_B_layout_TILE.tensorbin of shape Shape([1, 128, 2816, 192])
2026-08-15 22:02:44.509 | DEBUG    | core:as_tensor:724 - Loaded cache for /tmp/gemma4_full_model_cache/multichip/layer_17/expert_up_tp4_dtype_BFLOAT8_B_layout_TILE.tensorbin of shape Shape([1, 128, 2816, 192])
2026-08-15 22:02:44.534 | DEBUG    | core:as_tensor:724 - Loaded cache for /tmp/gemma4_full_model_cache/multichip/layer_17/expert_down_tp4_dtype_BFLOAT8_B_layout_TILE.tensorbin of shape Shape([1, 128, 192, 2816])
2026-08-15 22:02:44.534 | DEBUG    | core:as_tensor:724 - Loaded cache for /tmp/gemma4_full_model_cache/multichip/layer_17/expert_prefill_sparsity_dtype_BFLOAT16_layout_ROW_MAJOR.tensorbin of shape Shape([1, 1, 1, 128])
2026-08-15 22:02:44.539 | DEBUG    | core:as_tensor:724 - Loaded cache for /tmp/gemma4_full_model_cache/multichip/layer_17/packed_mlp_gate_up_decode_bfp4_tp4_dtype_BFLOAT4_B_layout_TILE.tensorbin of shape Shape([1, 1, 2816, 1088])
2026-08-15 22:02:45.022 | DEBUG    | core:as_tensor:724 - Loaded cache for /tmp/gemma4_full_model_cache/multichip/layer_18/layer_scalar_dtype_BFLOAT16_layout_TILE.tensorbin of shape Shape([1, 1, 1, 1])
2026-08-15 22:02:45.022 | DEBUG    | core:as_tensor:724 - Loaded cache for /tmp/gemma4_full_model_cache/multichip/layer_18/input_ln_dtype_BFLOAT16_layout_TILE.tensorbin of shape Shape([1, 1, 1, 2816])
2026-08-15 22:02:45.023 | DEBUG    | core:as_tensor:724 - Loaded cache for /tmp/gemma4_full_model_cache/multichip/layer_18/post_attn_ln_dtype_BFLOAT16_layout_TILE.tensorbin of shape Shape([1, 1, 1, 2816])
2026-08-15 22:02:45.023 | DEBUG    | core:as_tensor:724 - Loaded cache for /tmp/gemma4_full_model_cache/multichip/layer_18/pre_ff_ln_dtype_BFLOAT16_layout_TILE.tensorbin of shape Shape([1, 1, 1, 2816])
2026-08-15 22:02:45.023 | DEBUG    | core:as_tensor:724 - Loaded cache for /tmp/gemma4_full_model_cache/multichip/layer_18/post_ff_ln_dtype_BFLOAT16_layout_TILE.tensorbin of shape Shape([1, 1, 1, 2816])
2026-08-15 22:02:45.023 | DEBUG    | core:as_tensor:724 - Loaded cache for /tmp/gemma4_full_model_cache/multichip/layer_18/post_ff_ln_1_dtype_BFLOAT16_layout_TILE.tensorbin of shape Shape([1, 1, 1, 2816])
2026-08-15 22:02:45.023 | DEBUG    | core:as_tensor:724 - Loaded cache for /tmp/gemma4_full_model_cache/multichip/layer_18/post_ff_ln_2_dtype_BFLOAT16_layout_TILE.tensorbin of shape Shape([1, 1, 1, 2816])
2026-08-15 22:02:45.024 | DEBUG    | core:as_tensor:724 - Loaded cache for /tmp/gemma4_full_model_cache/multichip/layer_18/pre_ff_ln_2_dtype_BFLOAT16_layout_TILE.tensorbin of shape Shape([1, 1, 1, 2816])
2026-08-15 22:02:45.024 | DEBUG    | core:as_tensor:724 - Loaded cache for /tmp/gemma4_full_model_cache/multichip/layer_18/q_norm_dtype_BFLOAT16_layout_TILE.tensorbin of shape Shape([1, 1, 1, 256])
2026-08-15 22:02:45.024 | DEBUG    | core:as_tensor:724 - Loaded cache for /tmp/gemma4_full_model_cache/multichip/layer_18/k_norm_dtype_BFLOAT16_layout_TILE.tensorbin of shape Shape([1, 1, 1, 256])
2026-08-15 22:02:45.026 | DEBUG    | core:as_tensor:724 - Loaded cache for /tmp/gemma4_full_model_cache/multichip/layer_18/qkv_tp4_dtype_BFLOAT8_B_layout_TILE.tensorbin of shape Shape([1, 1, 2816, 2048])
2026-08-15 22:02:45.035 | DEBUG    | core:as_tensor:724 - Loaded cache for /tmp/gemma4_full_model_cache/multichip/layer_18/o_proj_tp4_dtype_BFLOAT8_B_layout_TILE.tensorbin of shape Shape([1, 1, 1024, 2816])
2026-08-15 22:02:45.036 | DEBUG    | core:as_tensor:724 - Loaded cache for /tmp/gemma4_full_model_cache/multichip/layer_18/mlp_gate_tp4_dtype_BFLOAT8_B_layout_TILE.tensorbin of shape Shape([1, 1, 2816, 544])
2026-08-15 22:02:45.037 | DEBUG    | core:as_tensor:724 - Loaded cache for /tmp/gemma4_full_model_cache/multichip/layer_18/mlp_up_tp4_dtype_BFLOAT8_B_layout_TILE.tensorbin of shape Shape([1, 1, 2816, 544])
2026-08-15 22:02:45.037 | DEBUG    | core:as_tensor:724 - Loaded cache for /tmp/gemma4_full_model_cache/multichip/layer_18/mlp_down_tp4_dtype_BFLOAT8_B_layout_TILE.tensorbin of shape Shape([1, 1, 544, 2816])
2026-08-15 22:02:45.038 | DEBUG    | core:as_tensor:724 - Loaded cache for /tmp/gemma4_full_model_cache/multichip/layer_18/router_scale_dtype_FLOAT32_layout_TILE.tensorbin of shape Shape([1, 1, 1, 2816])
2026-08-15 22:02:45.038 | DEBUG    | core:as_tensor:724 - Loaded cache for /tmp/gemma4_full_model_cache/multichip/layer_18/router_proj_dtype_FLOAT32_layout_TILE.tensorbin of shape Shape([1, 1, 2816, 128])
2026-08-15 22:02:45.039 | DEBUG    | core:as_tensor:724 - Loaded cache for /tmp/gemma4_full_model_cache/multichip/layer_18/router_per_expert_scale_dtype_FLOAT32_layout_TILE.tensorbin of shape Shape([1, 128])
2026-08-15 22:02:45.062 | DEBUG    | core:as_tensor:724 - Loaded cache for /tmp/gemma4_full_model_cache/multichip/layer_18/expert_gate_tp4_dtype_BFLOAT8_B_layout_TILE.tensorbin of shape Shape([1, 128, 2816, 192])
2026-08-15 22:02:45.087 | DEBUG    | core:as_tensor:724 - Loaded cache for /tmp/gemma4_full_model_cache/multichip/layer_18/expert_up_tp4_dtype_BFLOAT8_B_layout_TILE.tensorbin of shape Shape([1, 128, 2816, 192])
2026-08-15 22:02:45.112 | DEBUG    | core:as_tensor:724 - Loaded cache for /tmp/gemma4_full_model_cache/multichip/layer_18/expert_down_tp4_dtype_BFLOAT8_B_layout_TILE.tensorbin of shape Shape([1, 128, 192, 2816])
2026-08-15 22:02:45.113 | DEBUG    | core:as_tensor:724 - Loaded cache for /tmp/gemma4_full_model_cache/multichip/layer_18/expert_prefill_sparsity_dtype_BFLOAT16_layout_ROW_MAJOR.tensorbin of shape Shape([1, 1, 1, 128])
2026-08-15 22:02:45.118 | DEBUG    | core:as_tensor:724 - Loaded cache for /tmp/gemma4_full_model_cache/multichip/layer_18/packed_mlp_gate_up_decode_bfp4_tp4_dtype_BFLOAT4_B_layout_TILE.tensorbin of shape Shape([1, 1, 2816, 1088])
2026-08-15 22:02:45.586 | DEBUG    | core:as_tensor:724 - Loaded cache for /tmp/gemma4_full_model_cache/multichip/layer_19/layer_scalar_dtype_BFLOAT16_layout_TILE.tensorbin of shape Shape([1, 1, 1, 1])
2026-08-15 22:02:45.587 | DEBUG    | core:as_tensor:724 - Loaded cache for /tmp/gemma4_full_model_cache/multichip/layer_19/input_ln_dtype_BFLOAT16_layout_TILE.tensorbin of shape Shape([1, 1, 1, 2816])
2026-08-15 22:02:45.587 | DEBUG    | core:as_tensor:724 - Loaded cache for /tmp/gemma4_full_model_cache/multichip/layer_19/post_attn_ln_dtype_BFLOAT16_layout_TILE.tensorbin of shape Shape([1, 1, 1, 2816])
2026-08-15 22:02:45.587 | DEBUG    | core:as_tensor:724 - Loaded cache for /tmp/gemma4_full_model_cache/multichip/layer_19/pre_ff_ln_dtype_BFLOAT16_layout_TILE.tensorbin of shape Shape([1, 1, 1, 2816])
2026-08-15 22:02:45.587 | DEBUG    | core:as_tensor:724 - Loaded cache for /tmp/gemma4_full_model_cache/multichip/layer_19/post_ff_ln_dtype_BFLOAT16_layout_TILE.tensorbin of shape Shape([1, 1, 1, 2816])
2026-08-15 22:02:45.587 | DEBUG    | core:as_tensor:724 - Loaded cache for /tmp/gemma4_full_model_cache/multichip/layer_19/post_ff_ln_1_dtype_BFLOAT16_layout_TILE.tensorbin of shape Shape([1, 1, 1, 2816])
2026-08-15 22:02:45.587 | DEBUG    | core:as_tensor:724 - Loaded cache for /tmp/gemma4_full_model_cache/multichip/layer_19/post_ff_ln_2_dtype_BFLOAT16_layout_TILE.tensorbin of shape Shape([1, 1, 1, 2816])
2026-08-15 22:02:45.588 | DEBUG    | core:as_tensor:724 - Loaded cache for /tmp/gemma4_full_model_cache/multichip/layer_19/pre_ff_ln_2_dtype_BFLOAT16_layout_TILE.tensorbin of shape Shape([1, 1, 1, 2816])
2026-08-15 22:02:45.588 | DEBUG    | core:as_tensor:724 - Loaded cache for /tmp/gemma4_full_model_cache/multichip/layer_19/q_norm_dtype_BFLOAT16_layout_TILE.tensorbin of shape Shape([1, 1, 1, 256])
2026-08-15 22:02:45.588 | DEBUG    | core:as_tensor:724 - Loaded cache for /tmp/gemma4_full_model_cache/multichip/layer_19/k_norm_dtype_BFLOAT16_layout_TILE.tensorbin of shape Shape([1, 1, 1, 256])
2026-08-15 22:02:45.590 | DEBUG    | core:as_tensor:724 - Loaded cache for /tmp/gemma4_full_model_cache/multichip/layer_19/qkv_tp4_dtype_BFLOAT8_B_layout_TILE.tensorbin of shape Shape([1, 1, 2816, 2048])
2026-08-15 22:02:45.598 | DEBUG    | core:as_tensor:724 - Loaded cache for /tmp/gemma4_full_model_cache/multichip/layer_19/o_proj_tp4_dtype_BFLOAT8_B_layout_TILE.tensorbin of shape Shape([1, 1, 1024, 2816])
2026-08-15 22:02:45.599 | DEBUG    | core:as_tensor:724 - Loaded cache for /tmp/gemma4_full_model_cache/multichip/layer_19/mlp_gate_tp4_dtype_BFLOAT8_B_layout_TILE.tensorbin of shape Shape([1, 1, 2816, 544])
2026-08-15 22:02:45.600 | DEBUG    | core:as_tensor:724 - Loaded cache for /tmp/gemma4_full_model_cache/multichip/layer_19/mlp_up_tp4_dtype_BFLOAT8_B_layout_TILE.tensorbin of shape Shape([1, 1, 2816, 544])
2026-08-15 22:02:45.600 | DEBUG    | core:as_tensor:724 - Loaded cache for /tmp/gemma4_full_model_cache/multichip/layer_19/mlp_down_tp4_dtype_BFLOAT8_B_layout_TILE.tensorbin of shape Shape([1, 1, 544, 2816])
2026-08-15 22:02:45.601 | DEBUG    | core:as_tensor:724 - Loaded cache for /tmp/gemma4_full_model_cache/multichip/layer_19/router_scale_dtype_FLOAT32_layout_TILE.tensorbin of shape Shape([1, 1, 1, 2816])
2026-08-15 22:02:45.601 | DEBUG    | core:as_tensor:724 - Loaded cache for /tmp/gemma4_full_model_cache/multichip/layer_19/router_proj_dtype_FLOAT32_layout_TILE.tensorbin of shape Shape([1, 1, 2816, 128])
2026-08-15 22:02:45.601 | DEBUG    | core:as_tensor:724 - Loaded cache for /tmp/gemma4_full_model_cache/multichip/layer_19/router_per_expert_scale_dtype_FLOAT32_layout_TILE.tensorbin of shape Shape([1, 128])
2026-08-15 22:02:45.626 | DEBUG    | core:as_tensor:724 - Loaded cache for /tmp/gemma4_full_model_cache/multichip/layer_19/expert_gate_tp4_dtype_BFLOAT8_B_layout_TILE.tensorbin of shape Shape([1, 128, 2816, 192])
2026-08-15 22:02:45.651 | DEBUG    | core:as_tensor:724 - Loaded cache for /tmp/gemma4_full_model_cache/multichip/layer_19/expert_up_tp4_dtype_BFLOAT8_B_layout_TILE.tensorbin of shape Shape([1, 128, 2816, 192])
2026-08-15 22:02:45.675 | DEBUG    | core:as_tensor:724 - Loaded cache for /tmp/gemma4_full_model_cache/multichip/layer_19/expert_down_tp4_dtype_BFLOAT8_B_layout_TILE.tensorbin of shape Shape([1, 128, 192, 2816])
2026-08-15 22:02:45.675 | DEBUG    | core:as_tensor:724 - Loaded cache for /tmp/gemma4_full_model_cache/multichip/layer_19/expert_prefill_sparsity_dtype_BFLOAT16_layout_ROW_MAJOR.tensorbin of shape Shape([1, 1, 1, 128])
2026-08-15 22:02:45.680 | DEBUG    | core:as_tensor:724 - Loaded cache for /tmp/gemma4_full_model_cache/multichip/layer_19/packed_mlp_gate_up_decode_bfp4_tp4_dtype_BFLOAT4_B_layout_TILE.tensorbin of shape Shape([1, 1, 2816, 1088])
2026-08-15 22:02:46.140 | DEBUG    | core:as_tensor:724 - Loaded cache for /tmp/gemma4_full_model_cache/multichip/layer_20/layer_scalar_dtype_BFLOAT16_layout_TILE.tensorbin of shape Shape([1, 1, 1, 1])
2026-08-15 22:02:46.141 | DEBUG    | core:as_tensor:724 - Loaded cache for /tmp/gemma4_full_model_cache/multichip/layer_20/input_ln_dtype_BFLOAT16_layout_TILE.tensorbin of shape Shape([1, 1, 1, 2816])
2026-08-15 22:02:46.141 | DEBUG    | core:as_tensor:724 - Loaded cache for /tmp/gemma4_full_model_cache/multichip/layer_20/post_attn_ln_dtype_BFLOAT16_layout_TILE.tensorbin of shape Shape([1, 1, 1, 2816])
2026-08-15 22:02:46.141 | DEBUG    | core:as_tensor:724 - Loaded cache for /tmp/gemma4_full_model_cache/multichip/layer_20/pre_ff_ln_dtype_BFLOAT16_layout_TILE.tensorbin of shape Shape([1, 1, 1, 2816])
2026-08-15 22:02:46.141 | DEBUG    | core:as_tensor:724 - Loaded cache for /tmp/gemma4_full_model_cache/multichip/layer_20/post_ff_ln_dtype_BFLOAT16_layout_TILE.tensorbin of shape Shape([1, 1, 1, 2816])
2026-08-15 22:02:46.141 | DEBUG    | core:as_tensor:724 - Loaded cache for /tmp/gemma4_full_model_cache/multichip/layer_20/post_ff_ln_1_dtype_BFLOAT16_layout_TILE.tensorbin of shape Shape([1, 1, 1, 2816])
2026-08-15 22:02:46.141 | DEBUG    | core:as_tensor:724 - Loaded cache for /tmp/gemma4_full_model_cache/multichip/layer_20/post_ff_ln_2_dtype_BFLOAT16_layout_TILE.tensorbin of shape Shape([1, 1, 1, 2816])
2026-08-15 22:02:46.142 | DEBUG    | core:as_tensor:724 - Loaded cache for /tmp/gemma4_full_model_cache/multichip/layer_20/pre_ff_ln_2_dtype_BFLOAT16_layout_TILE.tensorbin of shape Shape([1, 1, 1, 2816])
2026-08-15 22:02:46.142 | DEBUG    | core:as_tensor:724 - Loaded cache for /tmp/gemma4_full_model_cache/multichip/layer_20/q_norm_dtype_BFLOAT16_layout_TILE.tensorbin of shape Shape([1, 1, 1, 256])
2026-08-15 22:02:46.142 | DEBUG    | core:as_tensor:724 - Loaded cache for /tmp/gemma4_full_model_cache/multichip/layer_20/k_norm_dtype_BFLOAT16_layout_TILE.tensorbin of shape Shape([1, 1, 1, 256])
2026-08-15 22:02:46.144 | DEBUG    | core:as_tensor:724 - Loaded cache for /tmp/gemma4_full_model_cache/multichip/layer_20/qkv_tp4_dtype_BFLOAT8_B_layout_TILE.tensorbin of shape Shape([1, 1, 2816, 2048])
2026-08-15 22:02:46.153 | DEBUG    | core:as_tensor:724 - Loaded cache for /tmp/gemma4_full_model_cache/multichip/layer_20/o_proj_tp4_dtype_BFLOAT8_B_layout_TILE.tensorbin of shape Shape([1, 1, 1024, 2816])
2026-08-15 22:02:46.153 | DEBUG    | core:as_tensor:724 - Loaded cache for /tmp/gemma4_full_model_cache/multichip/layer_20/mlp_gate_tp4_dtype_BFLOAT8_B_layout_TILE.tensorbin of shape Shape([1, 1, 2816, 544])
2026-08-15 22:02:46.154 | DEBUG    | core:as_tensor:724 - Loaded cache for /tmp/gemma4_full_model_cache/multichip/layer_20/mlp_up_tp4_dtype_BFLOAT8_B_layout_TILE.tensorbin of shape Shape([1, 1, 2816, 544])
2026-08-15 22:02:46.155 | DEBUG    | core:as_tensor:724 - Loaded cache for /tmp/gemma4_full_model_cache/multichip/layer_20/mlp_down_tp4_dtype_BFLOAT8_B_layout_TILE.tensorbin of shape Shape([1, 1, 544, 2816])
2026-08-15 22:02:46.155 | DEBUG    | core:as_tensor:724 - Loaded cache for /tmp/gemma4_full_model_cache/multichip/layer_20/router_scale_dtype_FLOAT32_layout_TILE.tensorbin of shape Shape([1, 1, 1, 2816])
2026-08-15 22:02:46.156 | DEBUG    | core:as_tensor:724 - Loaded cache for /tmp/gemma4_full_model_cache/multichip/layer_20/router_proj_dtype_FLOAT32_layout_TILE.tensorbin of shape Shape([1, 1, 2816, 128])
2026-08-15 22:02:46.156 | DEBUG    | core:as_tensor:724 - Loaded cache for /tmp/gemma4_full_model_cache/multichip/layer_20/router_per_expert_scale_dtype_FLOAT32_layout_TILE.tensorbin of shape Shape([1, 128])
2026-08-15 22:02:46.180 | DEBUG    | core:as_tensor:724 - Loaded cache for /tmp/gemma4_full_model_cache/multichip/layer_20/expert_gate_tp4_dtype_BFLOAT8_B_layout_TILE.tensorbin of shape Shape([1, 128, 2816, 192])
2026-08-15 22:02:46.204 | DEBUG    | core:as_tensor:724 - Loaded cache for /tmp/gemma4_full_model_cache/multichip/layer_20/expert_up_tp4_dtype_BFLOAT8_B_layout_TILE.tensorbin of shape Shape([1, 128, 2816, 192])
2026-08-15 22:02:46.227 | DEBUG    | core:as_tensor:724 - Loaded cache for /tmp/gemma4_full_model_cache/multichip/layer_20/expert_down_tp4_dtype_BFLOAT8_B_layout_TILE.tensorbin of shape Shape([1, 128, 192, 2816])
2026-08-15 22:02:46.228 | DEBUG    | core:as_tensor:724 - Loaded cache for /tmp/gemma4_full_model_cache/multichip/layer_20/expert_prefill_sparsity_dtype_BFLOAT16_layout_ROW_MAJOR.tensorbin of shape Shape([1, 1, 1, 128])
2026-08-15 22:02:46.233 | DEBUG    | core:as_tensor:724 - Loaded cache for /tmp/gemma4_full_model_cache/multichip/layer_20/packed_mlp_gate_up_decode_bfp4_tp4_dtype_BFLOAT4_B_layout_TILE.tensorbin of shape Shape([1, 1, 2816, 1088])
2026-08-15 22:02:46.698 | DEBUG    | core:as_tensor:724 - Loaded cache for /tmp/gemma4_full_model_cache/multichip/layer_21/layer_scalar_dtype_BFLOAT16_layout_TILE.tensorbin of shape Shape([1, 1, 1, 1])
2026-08-15 22:02:46.698 | DEBUG    | core:as_tensor:724 - Loaded cache for /tmp/gemma4_full_model_cache/multichip/layer_21/input_ln_dtype_BFLOAT16_layout_TILE.tensorbin of shape Shape([1, 1, 1, 2816])
2026-08-15 22:02:46.698 | DEBUG    | core:as_tensor:724 - Loaded cache for /tmp/gemma4_full_model_cache/multichip/layer_21/post_attn_ln_dtype_BFLOAT16_layout_TILE.tensorbin of shape Shape([1, 1, 1, 2816])
2026-08-15 22:02:46.698 | DEBUG    | core:as_tensor:724 - Loaded cache for /tmp/gemma4_full_model_cache/multichip/layer_21/pre_ff_ln_dtype_BFLOAT16_layout_TILE.tensorbin of shape Shape([1, 1, 1, 2816])
2026-08-15 22:02:46.699 | DEBUG    | core:as_tensor:724 - Loaded cache for /tmp/gemma4_full_model_cache/multichip/layer_21/post_ff_ln_dtype_BFLOAT16_layout_TILE.tensorbin of shape Shape([1, 1, 1, 2816])
2026-08-15 22:02:46.699 | DEBUG    | core:as_tensor:724 - Loaded cache for /tmp/gemma4_full_model_cache/multichip/layer_21/post_ff_ln_1_dtype_BFLOAT16_layout_TILE.tensorbin of shape Shape([1, 1, 1, 2816])
2026-08-15 22:02:46.699 | DEBUG    | core:as_tensor:724 - Loaded cache for /tmp/gemma4_full_model_cache/multichip/layer_21/post_ff_ln_2_dtype_BFLOAT16_layout_TILE.tensorbin of shape Shape([1, 1, 1, 2816])
2026-08-15 22:02:46.699 | DEBUG    | core:as_tensor:724 - Loaded cache for /tmp/gemma4_full_model_cache/multichip/layer_21/pre_ff_ln_2_dtype_BFLOAT16_layout_TILE.tensorbin of shape Shape([1, 1, 1, 2816])
2026-08-15 22:02:46.699 | DEBUG    | core:as_tensor:724 - Loaded cache for /tmp/gemma4_full_model_cache/multichip/layer_21/q_norm_dtype_BFLOAT16_layout_TILE.tensorbin of shape Shape([1, 1, 1, 256])
2026-08-15 22:02:46.699 | DEBUG    | core:as_tensor:724 - Loaded cache for /tmp/gemma4_full_model_cache/multichip/layer_21/k_norm_dtype_BFLOAT16_layout_TILE.tensorbin of shape Shape([1, 1, 1, 256])
2026-08-15 22:02:46.701 | DEBUG    | core:as_tensor:724 - Loaded cache for /tmp/gemma4_full_model_cache/multichip/layer_21/qkv_tp4_dtype_BFLOAT8_B_layout_TILE.tensorbin of shape Shape([1, 1, 2816, 2048])
2026-08-15 22:02:46.708 | DEBUG    | core:as_tensor:724 - Loaded cache for /tmp/gemma4_full_model_cache/multichip/layer_21/o_proj_tp4_dtype_BFLOAT8_B_layout_TILE.tensorbin of shape Shape([1, 1, 1024, 2816])
2026-08-15 22:02:46.709 | DEBUG    | core:as_tensor:724 - Loaded cache for /tmp/gemma4_full_model_cache/multichip/layer_21/mlp_gate_tp4_dtype_BFLOAT8_B_layout_TILE.tensorbin of shape Shape([1, 1, 2816, 544])
2026-08-15 22:02:46.710 | DEBUG    | core:as_tensor:724 - Loaded cache for /tmp/gemma4_full_model_cache/multichip/layer_21/mlp_up_tp4_dtype_BFLOAT8_B_layout_TILE.tensorbin of shape Shape([1, 1, 2816, 544])
2026-08-15 22:02:46.711 | DEBUG    | core:as_tensor:724 - Loaded cache for /tmp/gemma4_full_model_cache/multichip/layer_21/mlp_down_tp4_dtype_BFLOAT8_B_layout_TILE.tensorbin of shape Shape([1, 1, 544, 2816])
2026-08-15 22:02:46.711 | DEBUG    | core:as_tensor:724 - Loaded cache for /tmp/gemma4_full_model_cache/multichip/layer_21/router_scale_dtype_FLOAT32_layout_TILE.tensorbin of shape Shape([1, 1, 1, 2816])
2026-08-15 22:02:46.712 | DEBUG    | core:as_tensor:724 - Loaded cache for /tmp/gemma4_full_model_cache/multichip/layer_21/router_proj_dtype_FLOAT32_layout_TILE.tensorbin of shape Shape([1, 1, 2816, 128])
2026-08-15 22:02:46.712 | DEBUG    | core:as_tensor:724 - Loaded cache for /tmp/gemma4_full_model_cache/multichip/layer_21/router_per_expert_scale_dtype_FLOAT32_layout_TILE.tensorbin of shape Shape([1, 128])
2026-08-15 22:02:46.736 | DEBUG    | core:as_tensor:724 - Loaded cache for /tmp/gemma4_full_model_cache/multichip/layer_21/expert_gate_tp4_dtype_BFLOAT8_B_layout_TILE.tensorbin of shape Shape([1, 128, 2816, 192])
2026-08-15 22:02:46.760 | DEBUG    | core:as_tensor:724 - Loaded cache for /tmp/gemma4_full_model_cache/multichip/layer_21/expert_up_tp4_dtype_BFLOAT8_B_layout_TILE.tensorbin of shape Shape([1, 128, 2816, 192])
2026-08-15 22:02:46.783 | DEBUG    | core:as_tensor:724 - Loaded cache for /tmp/gemma4_full_model_cache/multichip/layer_21/expert_down_tp4_dtype_BFLOAT8_B_layout_TILE.tensorbin of shape Shape([1, 128, 192, 2816])
2026-08-15 22:02:46.784 | DEBUG    | core:as_tensor:724 - Loaded cache for /tmp/gemma4_full_model_cache/multichip/layer_21/expert_prefill_sparsity_dtype_BFLOAT16_layout_ROW_MAJOR.tensorbin of shape Shape([1, 1, 1, 128])
2026-08-15 22:02:46.790 | DEBUG    | core:as_tensor:724 - Loaded cache for /tmp/gemma4_full_model_cache/multichip/layer_21/packed_mlp_gate_up_decode_bfp4_tp4_dtype_BFLOAT4_B_layout_TILE.tensorbin of shape Shape([1, 1, 2816, 1088])
2026-08-15 22:02:47.259 | DEBUG    | core:as_tensor:724 - Loaded cache for /tmp/gemma4_full_model_cache/multichip/layer_22/layer_scalar_dtype_BFLOAT16_layout_TILE.tensorbin of shape Shape([1, 1, 1, 1])
2026-08-15 22:02:47.259 | DEBUG    | core:as_tensor:724 - Loaded cache for /tmp/gemma4_full_model_cache/multichip/layer_22/input_ln_dtype_BFLOAT16_layout_TILE.tensorbin of shape Shape([1, 1, 1, 2816])
2026-08-15 22:02:47.259 | DEBUG    | core:as_tensor:724 - Loaded cache for /tmp/gemma4_full_model_cache/multichip/layer_22/post_attn_ln_dtype_BFLOAT16_layout_TILE.tensorbin of shape Shape([1, 1, 1, 2816])
2026-08-15 22:02:47.259 | DEBUG    | core:as_tensor:724 - Loaded cache for /tmp/gemma4_full_model_cache/multichip/layer_22/pre_ff_ln_dtype_BFLOAT16_layout_TILE.tensorbin of shape Shape([1, 1, 1, 2816])
2026-08-15 22:02:47.260 | DEBUG    | core:as_tensor:724 - Loaded cache for /tmp/gemma4_full_model_cache/multichip/layer_22/post_ff_ln_dtype_BFLOAT16_layout_TILE.tensorbin of shape Shape([1, 1, 1, 2816])
2026-08-15 22:02:47.260 | DEBUG    | core:as_tensor:724 - Loaded cache for /tmp/gemma4_full_model_cache/multichip/layer_22/post_ff_ln_1_dtype_BFLOAT16_layout_TILE.tensorbin of shape Shape([1, 1, 1, 2816])
2026-08-15 22:02:47.260 | DEBUG    | core:as_tensor:724 - Loaded cache for /tmp/gemma4_full_model_cache/multichip/layer_22/post_ff_ln_2_dtype_BFLOAT16_layout_TILE.tensorbin of shape Shape([1, 1, 1, 2816])
2026-08-15 22:02:47.260 | DEBUG    | core:as_tensor:724 - Loaded cache for /tmp/gemma4_full_model_cache/multichip/layer_22/pre_ff_ln_2_dtype_BFLOAT16_layout_TILE.tensorbin of shape Shape([1, 1, 1, 2816])
2026-08-15 22:02:47.260 | DEBUG    | core:as_tensor:724 - Loaded cache for /tmp/gemma4_full_model_cache/multichip/layer_22/q_norm_dtype_BFLOAT16_layout_TILE.tensorbin of shape Shape([1, 1, 1, 256])
2026-08-15 22:02:47.260 | DEBUG    | core:as_tensor:724 - Loaded cache for /tmp/gemma4_full_model_cache/multichip/layer_22/k_norm_dtype_BFLOAT16_layout_TILE.tensorbin of shape Shape([1, 1, 1, 256])
2026-08-15 22:02:47.262 | DEBUG    | core:as_tensor:724 - Loaded cache for /tmp/gemma4_full_model_cache/multichip/layer_22/qkv_tp4_dtype_BFLOAT8_B_layout_TILE.tensorbin of shape Shape([1, 1, 2816, 2048])
2026-08-15 22:02:47.269 | DEBUG    | core:as_tensor:724 - Loaded cache for /tmp/gemma4_full_model_cache/multichip/layer_22/o_proj_tp4_dtype_BFLOAT8_B_layout_TILE.tensorbin of shape Shape([1, 1, 1024, 2816])
2026-08-15 22:02:47.270 | DEBUG    | core:as_tensor:724 - Loaded cache for /tmp/gemma4_full_model_cache/multichip/layer_22/mlp_gate_tp4_dtype_BFLOAT8_B_layout_TILE.tensorbin of shape Shape([1, 1, 2816, 544])
2026-08-15 22:02:47.271 | DEBUG    | core:as_tensor:724 - Loaded cache for /tmp/gemma4_full_model_cache/multichip/layer_22/mlp_up_tp4_dtype_BFLOAT8_B_layout_TILE.tensorbin of shape Shape([1, 1, 2816, 544])
2026-08-15 22:02:47.271 | DEBUG    | core:as_tensor:724 - Loaded cache for /tmp/gemma4_full_model_cache/multichip/layer_22/mlp_down_tp4_dtype_BFLOAT8_B_layout_TILE.tensorbin of shape Shape([1, 1, 544, 2816])
2026-08-15 22:02:47.272 | DEBUG    | core:as_tensor:724 - Loaded cache for /tmp/gemma4_full_model_cache/multichip/layer_22/router_scale_dtype_FLOAT32_layout_TILE.tensorbin of shape Shape([1, 1, 1, 2816])
2026-08-15 22:02:47.272 | DEBUG    | core:as_tensor:724 - Loaded cache for /tmp/gemma4_full_model_cache/multichip/layer_22/router_proj_dtype_FLOAT32_layout_TILE.tensorbin of shape Shape([1, 1, 2816, 128])
2026-08-15 22:02:47.272 | DEBUG    | core:as_tensor:724 - Loaded cache for /tmp/gemma4_full_model_cache/multichip/layer_22/router_per_expert_scale_dtype_FLOAT32_layout_TILE.tensorbin of shape Shape([1, 128])
2026-08-15 22:02:47.296 | DEBUG    | core:as_tensor:724 - Loaded cache for /tmp/gemma4_full_model_cache/multichip/layer_22/expert_gate_tp4_dtype_BFLOAT8_B_layout_TILE.tensorbin of shape Shape([1, 128, 2816, 192])
2026-08-15 22:02:47.321 | DEBUG    | core:as_tensor:724 - Loaded cache for /tmp/gemma4_full_model_cache/multichip/layer_22/expert_up_tp4_dtype_BFLOAT8_B_layout_TILE.tensorbin of shape Shape([1, 128, 2816, 192])
2026-08-15 22:02:47.345 | DEBUG    | core:as_tensor:724 - Loaded cache for /tmp/gemma4_full_model_cache/multichip/layer_22/expert_down_tp4_dtype_BFLOAT8_B_layout_TILE.tensorbin of shape Shape([1, 128, 192, 2816])
2026-08-15 22:02:47.346 | DEBUG    | core:as_tensor:724 - Loaded cache for /tmp/gemma4_full_model_cache/multichip/layer_22/expert_prefill_sparsity_dtype_BFLOAT16_layout_ROW_MAJOR.tensorbin of shape Shape([1, 1, 1, 128])
2026-08-15 22:02:47.350 | DEBUG    | core:as_tensor:724 - Loaded cache for /tmp/gemma4_full_model_cache/multichip/layer_22/packed_mlp_gate_up_decode_bfp4_tp4_dtype_BFLOAT4_B_layout_TILE.tensorbin of shape Shape([1, 1, 2816, 1088])
2026-08-15 22:02:47.820 | DEBUG    | core:as_tensor:724 - Loaded cache for /tmp/gemma4_full_model_cache/multichip/layer_23/layer_scalar_dtype_BFLOAT16_layout_TILE.tensorbin of shape Shape([1, 1, 1, 1])
2026-08-15 22:02:47.820 | DEBUG    | core:as_tensor:724 - Loaded cache for /tmp/gemma4_full_model_cache/multichip/layer_23/input_ln_dtype_BFLOAT16_layout_TILE.tensorbin of shape Shape([1, 1, 1, 2816])
2026-08-15 22:02:47.820 | DEBUG    | core:as_tensor:724 - Loaded cache for /tmp/gemma4_full_model_cache/multichip/layer_23/post_attn_ln_dtype_BFLOAT16_layout_TILE.tensorbin of shape Shape([1, 1, 1, 2816])
2026-08-15 22:02:47.820 | DEBUG    | core:as_tensor:724 - Loaded cache for /tmp/gemma4_full_model_cache/multichip/layer_23/pre_ff_ln_dtype_BFLOAT16_layout_TILE.tensorbin of shape Shape([1, 1, 1, 2816])
2026-08-15 22:02:47.820 | DEBUG    | core:as_tensor:724 - Loaded cache for /tmp/gemma4_full_model_cache/multichip/layer_23/post_ff_ln_dtype_BFLOAT16_layout_TILE.tensorbin of shape Shape([1, 1, 1, 2816])
2026-08-15 22:02:47.821 | DEBUG    | core:as_tensor:724 - Loaded cache for /tmp/gemma4_full_model_cache/multichip/layer_23/post_ff_ln_1_dtype_BFLOAT16_layout_TILE.tensorbin of shape Shape([1, 1, 1, 2816])
2026-08-15 22:02:47.821 | DEBUG    | core:as_tensor:724 - Loaded cache for /tmp/gemma4_full_model_cache/multichip/layer_23/post_ff_ln_2_dtype_BFLOAT16_layout_TILE.tensorbin of shape Shape([1, 1, 1, 2816])
2026-08-15 22:02:47.821 | DEBUG    | core:as_tensor:724 - Loaded cache for /tmp/gemma4_full_model_cache/multichip/layer_23/pre_ff_ln_2_dtype_BFLOAT16_layout_TILE.tensorbin of shape Shape([1, 1, 1, 2816])
2026-08-15 22:02:47.821 | DEBUG    | core:as_tensor:724 - Loaded cache for /tmp/gemma4_full_model_cache/multichip/layer_23/q_norm_dtype_BFLOAT16_layout_TILE.tensorbin of shape Shape([1, 1, 1, 512])
2026-08-15 22:02:47.821 | DEBUG    | core:as_tensor:724 - Loaded cache for /tmp/gemma4_full_model_cache/multichip/layer_23/k_norm_dtype_BFLOAT16_layout_TILE.tensorbin of shape Shape([1, 1, 1, 512])
2026-08-15 22:02:47.827 | DEBUG    | core:as_tensor:724 - Loaded cache for /tmp/gemma4_full_model_cache/multichip/layer_23/qkv_tp4_dtype_BFLOAT8_B_layout_TILE.tensorbin of shape Shape([1, 1, 2816, 3072])
2026-08-15 22:02:47.846 | DEBUG    | core:as_tensor:724 - Loaded cache for /tmp/gemma4_full_model_cache/multichip/layer_23/o_proj_tp4_dtype_BFLOAT8_B_layout_TILE.tensorbin of shape Shape([1, 1, 2048, 2816])
2026-08-15 22:02:47.848 | DEBUG    | core:as_tensor:724 - Loaded cache for /tmp/gemma4_full_model_cache/multichip/layer_23/mlp_gate_tp4_dtype_BFLOAT8_B_layout_TILE.tensorbin of shape Shape([1, 1, 2816, 544])
2026-08-15 22:02:47.849 | DEBUG    | core:as_tensor:724 - Loaded cache for /tmp/gemma4_full_model_cache/multichip/layer_23/mlp_up_tp4_dtype_BFLOAT8_B_layout_TILE.tensorbin of shape Shape([1, 1, 2816, 544])
2026-08-15 22:02:47.850 | DEBUG    | core:as_tensor:724 - Loaded cache for /tmp/gemma4_full_model_cache/multichip/layer_23/mlp_down_tp4_dtype_BFLOAT8_B_layout_TILE.tensorbin of shape Shape([1, 1, 544, 2816])
2026-08-15 22:02:47.850 | DEBUG    | core:as_tensor:724 - Loaded cache for /tmp/gemma4_full_model_cache/multichip/layer_23/router_scale_dtype_FLOAT32_layout_TILE.tensorbin of shape Shape([1, 1, 1, 2816])
2026-08-15 22:02:47.851 | DEBUG    | core:as_tensor:724 - Loaded cache for /tmp/gemma4_full_model_cache/multichip/layer_23/router_proj_dtype_FLOAT32_layout_TILE.tensorbin of shape Shape([1, 1, 2816, 128])
2026-08-15 22:02:47.851 | DEBUG    | core:as_tensor:724 - Loaded cache for /tmp/gemma4_full_model_cache/multichip/layer_23/router_per_expert_scale_dtype_FLOAT32_layout_TILE.tensorbin of shape Shape([1, 128])
2026-08-15 22:02:47.878 | DEBUG    | core:as_tensor:724 - Loaded cache for /tmp/gemma4_full_model_cache/multichip/layer_23/expert_gate_tp4_dtype_BFLOAT8_B_layout_TILE.tensorbin of shape Shape([1, 128, 2816, 192])
2026-08-15 22:02:47.906 | DEBUG    | core:as_tensor:724 - Loaded cache for /tmp/gemma4_full_model_cache/multichip/layer_23/expert_up_tp4_dtype_BFLOAT8_B_layout_TILE.tensorbin of shape Shape([1, 128, 2816, 192])
2026-08-15 22:02:47.931 | DEBUG    | core:as_tensor:724 - Loaded cache for /tmp/gemma4_full_model_cache/multichip/layer_23/expert_down_tp4_dtype_BFLOAT8_B_layout_TILE.tensorbin of shape Shape([1, 128, 192, 2816])
2026-08-15 22:02:47.931 | DEBUG    | core:as_tensor:724 - Loaded cache for /tmp/gemma4_full_model_cache/multichip/layer_23/expert_prefill_sparsity_dtype_BFLOAT16_layout_ROW_MAJOR.tensorbin of shape Shape([1, 1, 1, 128])
2026-08-15 22:02:47.936 | DEBUG    | core:as_tensor:724 - Loaded cache for /tmp/gemma4_full_model_cache/multichip/layer_23/packed_mlp_gate_up_decode_bfp4_tp4_dtype_BFLOAT4_B_layout_TILE.tensorbin of shape Shape([1, 1, 2816, 1088])
2026-08-15 22:02:48.405 | DEBUG    | core:as_tensor:724 - Loaded cache for /tmp/gemma4_full_model_cache/multichip/layer_24/layer_scalar_dtype_BFLOAT16_layout_TILE.tensorbin of shape Shape([1, 1, 1, 1])
2026-08-15 22:02:48.405 | DEBUG    | core:as_tensor:724 - Loaded cache for /tmp/gemma4_full_model_cache/multichip/layer_24/input_ln_dtype_BFLOAT16_layout_TILE.tensorbin of shape Shape([1, 1, 1, 2816])
2026-08-15 22:02:48.406 | DEBUG    | core:as_tensor:724 - Loaded cache for /tmp/gemma4_full_model_cache/multichip/layer_24/post_attn_ln_dtype_BFLOAT16_layout_TILE.tensorbin of shape Shape([1, 1, 1, 2816])
2026-08-15 22:02:48.406 | DEBUG    | core:as_tensor:724 - Loaded cache for /tmp/gemma4_full_model_cache/multichip/layer_24/pre_ff_ln_dtype_BFLOAT16_layout_TILE.tensorbin of shape Shape([1, 1, 1, 2816])
2026-08-15 22:02:48.406 | DEBUG    | core:as_tensor:724 - Loaded cache for /tmp/gemma4_full_model_cache/multichip/layer_24/post_ff_ln_dtype_BFLOAT16_layout_TILE.tensorbin of shape Shape([1, 1, 1, 2816])
2026-08-15 22:02:48.406 | DEBUG    | core:as_tensor:724 - Loaded cache for /tmp/gemma4_full_model_cache/multichip/layer_24/post_ff_ln_1_dtype_BFLOAT16_layout_TILE.tensorbin of shape Shape([1, 1, 1, 2816])
2026-08-15 22:02:48.406 | DEBUG    | core:as_tensor:724 - Loaded cache for /tmp/gemma4_full_model_cache/multichip/layer_24/post_ff_ln_2_dtype_BFLOAT16_layout_TILE.tensorbin of shape Shape([1, 1, 1, 2816])
2026-08-15 22:02:48.407 | DEBUG    | core:as_tensor:724 - Loaded cache for /tmp/gemma4_full_model_cache/multichip/layer_24/pre_ff_ln_2_dtype_BFLOAT16_layout_TILE.tensorbin of shape Shape([1, 1, 1, 2816])
2026-08-15 22:02:48.407 | DEBUG    | core:as_tensor:724 - Loaded cache for /tmp/gemma4_full_model_cache/multichip/layer_24/q_norm_dtype_BFLOAT16_layout_TILE.tensorbin of shape Shape([1, 1, 1, 256])
2026-08-15 22:02:48.407 | DEBUG    | core:as_tensor:724 - Loaded cache for /tmp/gemma4_full_model_cache/multichip/layer_24/k_norm_dtype_BFLOAT16_layout_TILE.tensorbin of shape Shape([1, 1, 1, 256])
2026-08-15 22:02:48.409 | DEBUG    | core:as_tensor:724 - Loaded cache for /tmp/gemma4_full_model_cache/multichip/layer_24/qkv_tp4_dtype_BFLOAT8_B_layout_TILE.tensorbin of shape Shape([1, 1, 2816, 2048])
2026-08-15 22:02:48.420 | DEBUG    | core:as_tensor:724 - Loaded cache for /tmp/gemma4_full_model_cache/multichip/layer_24/o_proj_tp4_dtype_BFLOAT8_B_layout_TILE.tensorbin of shape Shape([1, 1, 1024, 2816])
2026-08-15 22:02:48.421 | DEBUG    | core:as_tensor:724 - Loaded cache for /tmp/gemma4_full_model_cache/multichip/layer_24/mlp_gate_tp4_dtype_BFLOAT8_B_layout_TILE.tensorbin of shape Shape([1, 1, 2816, 544])
2026-08-15 22:02:48.422 | DEBUG    | core:as_tensor:724 - Loaded cache for /tmp/gemma4_full_model_cache/multichip/layer_24/mlp_up_tp4_dtype_BFLOAT8_B_layout_TILE.tensorbin of shape Shape([1, 1, 2816, 544])
2026-08-15 22:02:48.423 | DEBUG    | core:as_tensor:724 - Loaded cache for /tmp/gemma4_full_model_cache/multichip/layer_24/mlp_down_tp4_dtype_BFLOAT8_B_layout_TILE.tensorbin of shape Shape([1, 1, 544, 2816])
2026-08-15 22:02:48.424 | DEBUG    | core:as_tensor:724 - Loaded cache for /tmp/gemma4_full_model_cache/multichip/layer_24/router_scale_dtype_FLOAT32_layout_TILE.tensorbin of shape Shape([1, 1, 1, 2816])
2026-08-15 22:02:48.425 | DEBUG    | core:as_tensor:724 - Loaded cache for /tmp/gemma4_full_model_cache/multichip/layer_24/router_proj_dtype_FLOAT32_layout_TILE.tensorbin of shape Shape([1, 1, 2816, 128])
2026-08-15 22:02:48.425 | DEBUG    | core:as_tensor:724 - Loaded cache for /tmp/gemma4_full_model_cache/multichip/layer_24/router_per_expert_scale_dtype_FLOAT32_layout_TILE.tensorbin of shape Shape([1, 128])
2026-08-15 22:02:48.450 | DEBUG    | core:as_tensor:724 - Loaded cache for /tmp/gemma4_full_model_cache/multichip/layer_24/expert_gate_tp4_dtype_BFLOAT8_B_layout_TILE.tensorbin of shape Shape([1, 128, 2816, 192])
2026-08-15 22:02:48.480 | DEBUG    | core:as_tensor:724 - Loaded cache for /tmp/gemma4_full_model_cache/multichip/layer_24/expert_up_tp4_dtype_BFLOAT8_B_layout_TILE.tensorbin of shape Shape([1, 128, 2816, 192])
2026-08-15 22:02:48.510 | DEBUG    | core:as_tensor:724 - Loaded cache for /tmp/gemma4_full_model_cache/multichip/layer_24/expert_down_tp4_dtype_BFLOAT8_B_layout_TILE.tensorbin of shape Shape([1, 128, 192, 2816])
2026-08-15 22:02:48.511 | DEBUG    | core:as_tensor:724 - Loaded cache for /tmp/gemma4_full_model_cache/multichip/layer_24/expert_prefill_sparsity_dtype_BFLOAT16_layout_ROW_MAJOR.tensorbin of shape Shape([1, 1, 1, 128])
2026-08-15 22:02:48.515 | DEBUG    | core:as_tensor:724 - Loaded cache for /tmp/gemma4_full_model_cache/multichip/layer_24/packed_mlp_gate_up_decode_bfp4_tp4_dtype_BFLOAT4_B_layout_TILE.tensorbin of shape Shape([1, 1, 2816, 1088])
2026-08-15 22:02:48.983 | DEBUG    | core:as_tensor:724 - Loaded cache for /tmp/gemma4_full_model_cache/multichip/layer_25/layer_scalar_dtype_BFLOAT16_layout_TILE.tensorbin of shape Shape([1, 1, 1, 1])
2026-08-15 22:02:48.983 | DEBUG    | core:as_tensor:724 - Loaded cache for /tmp/gemma4_full_model_cache/multichip/layer_25/input_ln_dtype_BFLOAT16_layout_TILE.tensorbin of shape Shape([1, 1, 1, 2816])
2026-08-15 22:02:48.983 | DEBUG    | core:as_tensor:724 - Loaded cache for /tmp/gemma4_full_model_cache/multichip/layer_25/post_attn_ln_dtype_BFLOAT16_layout_TILE.tensorbin of shape Shape([1, 1, 1, 2816])
2026-08-15 22:02:48.984 | DEBUG    | core:as_tensor:724 - Loaded cache for /tmp/gemma4_full_model_cache/multichip/layer_25/pre_ff_ln_dtype_BFLOAT16_layout_TILE.tensorbin of shape Shape([1, 1, 1, 2816])
2026-08-15 22:02:48.984 | DEBUG    | core:as_tensor:724 - Loaded cache for /tmp/gemma4_full_model_cache/multichip/layer_25/post_ff_ln_dtype_BFLOAT16_layout_TILE.tensorbin of shape Shape([1, 1, 1, 2816])
2026-08-15 22:02:48.984 | DEBUG    | core:as_tensor:724 - Loaded cache for /tmp/gemma4_full_model_cache/multichip/layer_25/post_ff_ln_1_dtype_BFLOAT16_layout_TILE.tensorbin of shape Shape([1, 1, 1, 2816])
2026-08-15 22:02:48.984 | DEBUG    | core:as_tensor:724 - Loaded cache for /tmp/gemma4_full_model_cache/multichip/layer_25/post_ff_ln_2_dtype_BFLOAT16_layout_TILE.tensorbin of shape Shape([1, 1, 1, 2816])
2026-08-15 22:02:48.984 | DEBUG    | core:as_tensor:724 - Loaded cache for /tmp/gemma4_full_model_cache/multichip/layer_25/pre_ff_ln_2_dtype_BFLOAT16_layout_TILE.tensorbin of shape Shape([1, 1, 1, 2816])
2026-08-15 22:02:48.985 | DEBUG    | core:as_tensor:724 - Loaded cache for /tmp/gemma4_full_model_cache/multichip/layer_25/q_norm_dtype_BFLOAT16_layout_TILE.tensorbin of shape Shape([1, 1, 1, 256])
2026-08-15 22:02:48.985 | DEBUG    | core:as_tensor:724 - Loaded cache for /tmp/gemma4_full_model_cache/multichip/layer_25/k_norm_dtype_BFLOAT16_layout_TILE.tensorbin of shape Shape([1, 1, 1, 256])
2026-08-15 22:02:48.987 | DEBUG    | core:as_tensor:724 - Loaded cache for /tmp/gemma4_full_model_cache/multichip/layer_25/qkv_tp4_dtype_BFLOAT8_B_layout_TILE.tensorbin of shape Shape([1, 1, 2816, 2048])
2026-08-15 22:02:48.995 | DEBUG    | core:as_tensor:724 - Loaded cache for /tmp/gemma4_full_model_cache/multichip/layer_25/o_proj_tp4_dtype_BFLOAT8_B_layout_TILE.tensorbin of shape Shape([1, 1, 1024, 2816])
2026-08-15 22:02:48.996 | DEBUG    | core:as_tensor:724 - Loaded cache for /tmp/gemma4_full_model_cache/multichip/layer_25/mlp_gate_tp4_dtype_BFLOAT8_B_layout_TILE.tensorbin of shape Shape([1, 1, 2816, 544])
2026-08-15 22:02:48.996 | DEBUG    | core:as_tensor:724 - Loaded cache for /tmp/gemma4_full_model_cache/multichip/layer_25/mlp_up_tp4_dtype_BFLOAT8_B_layout_TILE.tensorbin of shape Shape([1, 1, 2816, 544])
2026-08-15 22:02:48.997 | DEBUG    | core:as_tensor:724 - Loaded cache for /tmp/gemma4_full_model_cache/multichip/layer_25/mlp_down_tp4_dtype_BFLOAT8_B_layout_TILE.tensorbin of shape Shape([1, 1, 544, 2816])
2026-08-15 22:02:48.997 | DEBUG    | core:as_tensor:724 - Loaded cache for /tmp/gemma4_full_model_cache/multichip/layer_25/router_scale_dtype_FLOAT32_layout_TILE.tensorbin of shape Shape([1, 1, 1, 2816])
2026-08-15 22:02:48.998 | DEBUG    | core:as_tensor:724 - Loaded cache for /tmp/gemma4_full_model_cache/multichip/layer_25/router_proj_dtype_FLOAT32_layout_TILE.tensorbin of shape Shape([1, 1, 2816, 128])
2026-08-15 22:02:48.998 | DEBUG    | core:as_tensor:724 - Loaded cache for /tmp/gemma4_full_model_cache/multichip/layer_25/router_per_expert_scale_dtype_FLOAT32_layout_TILE.tensorbin of shape Shape([1, 128])
2026-08-15 22:02:49.027 | DEBUG    | core:as_tensor:724 - Loaded cache for /tmp/gemma4_full_model_cache/multichip/layer_25/expert_gate_tp4_dtype_BFLOAT8_B_layout_TILE.tensorbin of shape Shape([1, 128, 2816, 192])
2026-08-15 22:02:49.055 | DEBUG    | core:as_tensor:724 - Loaded cache for /tmp/gemma4_full_model_cache/multichip/layer_25/expert_up_tp4_dtype_BFLOAT8_B_layout_TILE.tensorbin of shape Shape([1, 128, 2816, 192])
2026-08-15 22:02:49.082 | DEBUG    | core:as_tensor:724 - Loaded cache for /tmp/gemma4_full_model_cache/multichip/layer_25/expert_down_tp4_dtype_BFLOAT8_B_layout_TILE.tensorbin of shape Shape([1, 128, 192, 2816])
2026-08-15 22:02:49.083 | DEBUG    | core:as_tensor:724 - Loaded cache for /tmp/gemma4_full_model_cache/multichip/layer_25/expert_prefill_sparsity_dtype_BFLOAT16_layout_ROW_MAJOR.tensorbin of shape Shape([1, 1, 1, 128])
2026-08-15 22:02:49.088 | DEBUG    | core:as_tensor:724 - Loaded cache for /tmp/gemma4_full_model_cache/multichip/layer_25/packed_mlp_gate_up_decode_bfp4_tp4_dtype_BFLOAT4_B_layout_TILE.tensorbin of shape Shape([1, 1, 2816, 1088])
2026-08-15 22:02:49.541 | DEBUG    | core:as_tensor:724 - Loaded cache for /tmp/gemma4_full_model_cache/multichip/layer_26/layer_scalar_dtype_BFLOAT16_layout_TILE.tensorbin of shape Shape([1, 1, 1, 1])
2026-08-15 22:02:49.541 | DEBUG    | core:as_tensor:724 - Loaded cache for /tmp/gemma4_full_model_cache/multichip/layer_26/input_ln_dtype_BFLOAT16_layout_TILE.tensorbin of shape Shape([1, 1, 1, 2816])
2026-08-15 22:02:49.541 | DEBUG    | core:as_tensor:724 - Loaded cache for /tmp/gemma4_full_model_cache/multichip/layer_26/post_attn_ln_dtype_BFLOAT16_layout_TILE.tensorbin of shape Shape([1, 1, 1, 2816])
2026-08-15 22:02:49.541 | DEBUG    | core:as_tensor:724 - Loaded cache for /tmp/gemma4_full_model_cache/multichip/layer_26/pre_ff_ln_dtype_BFLOAT16_layout_TILE.tensorbin of shape Shape([1, 1, 1, 2816])
2026-08-15 22:02:49.542 | DEBUG    | core:as_tensor:724 - Loaded cache for /tmp/gemma4_full_model_cache/multichip/layer_26/post_ff_ln_dtype_BFLOAT16_layout_TILE.tensorbin of shape Shape([1, 1, 1, 2816])
2026-08-15 22:02:49.542 | DEBUG    | core:as_tensor:724 - Loaded cache for /tmp/gemma4_full_model_cache/multichip/layer_26/post_ff_ln_1_dtype_BFLOAT16_layout_TILE.tensorbin of shape Shape([1, 1, 1, 2816])
2026-08-15 22:02:49.542 | DEBUG    | core:as_tensor:724 - Loaded cache for /tmp/gemma4_full_model_cache/multichip/layer_26/post_ff_ln_2_dtype_BFLOAT16_layout_TILE.tensorbin of shape Shape([1, 1, 1, 2816])
2026-08-15 22:02:49.542 | DEBUG    | core:as_tensor:724 - Loaded cache for /tmp/gemma4_full_model_cache/multichip/layer_26/pre_ff_ln_2_dtype_BFLOAT16_layout_TILE.tensorbin of shape Shape([1, 1, 1, 2816])
2026-08-15 22:02:49.542 | DEBUG    | core:as_tensor:724 - Loaded cache for /tmp/gemma4_full_model_cache/multichip/layer_26/q_norm_dtype_BFLOAT16_layout_TILE.tensorbin of shape Shape([1, 1, 1, 256])
2026-08-15 22:02:49.542 | DEBUG    | core:as_tensor:724 - Loaded cache for /tmp/gemma4_full_model_cache/multichip/layer_26/k_norm_dtype_BFLOAT16_layout_TILE.tensorbin of shape Shape([1, 1, 1, 256])
2026-08-15 22:02:49.544 | DEBUG    | core:as_tensor:724 - Loaded cache for /tmp/gemma4_full_model_cache/multichip/layer_26/qkv_tp4_dtype_BFLOAT8_B_layout_TILE.tensorbin of shape Shape([1, 1, 2816, 2048])
2026-08-15 22:02:49.552 | DEBUG    | core:as_tensor:724 - Loaded cache for /tmp/gemma4_full_model_cache/multichip/layer_26/o_proj_tp4_dtype_BFLOAT8_B_layout_TILE.tensorbin of shape Shape([1, 1, 1024, 2816])
2026-08-15 22:02:49.553 | DEBUG    | core:as_tensor:724 - Loaded cache for /tmp/gemma4_full_model_cache/multichip/layer_26/mlp_gate_tp4_dtype_BFLOAT8_B_layout_TILE.tensorbin of shape Shape([1, 1, 2816, 544])
2026-08-15 22:02:49.554 | DEBUG    | core:as_tensor:724 - Loaded cache for /tmp/gemma4_full_model_cache/multichip/layer_26/mlp_up_tp4_dtype_BFLOAT8_B_layout_TILE.tensorbin of shape Shape([1, 1, 2816, 544])
2026-08-15 22:02:49.554 | DEBUG    | core:as_tensor:724 - Loaded cache for /tmp/gemma4_full_model_cache/multichip/layer_26/mlp_down_tp4_dtype_BFLOAT8_B_layout_TILE.tensorbin of shape Shape([1, 1, 544, 2816])
2026-08-15 22:02:49.555 | DEBUG    | core:as_tensor:724 - Loaded cache for /tmp/gemma4_full_model_cache/multichip/layer_26/router_scale_dtype_FLOAT32_layout_TILE.tensorbin of shape Shape([1, 1, 1, 2816])
2026-08-15 22:02:49.555 | DEBUG    | core:as_tensor:724 - Loaded cache for /tmp/gemma4_full_model_cache/multichip/layer_26/router_proj_dtype_FLOAT32_layout_TILE.tensorbin of shape Shape([1, 1, 2816, 128])
2026-08-15 22:02:49.556 | DEBUG    | core:as_tensor:724 - Loaded cache for /tmp/gemma4_full_model_cache/multichip/layer_26/router_per_expert_scale_dtype_FLOAT32_layout_TILE.tensorbin of shape Shape([1, 128])
2026-08-15 22:02:49.585 | DEBUG    | core:as_tensor:724 - Loaded cache for /tmp/gemma4_full_model_cache/multichip/layer_26/expert_gate_tp4_dtype_BFLOAT8_B_layout_TILE.tensorbin of shape Shape([1, 128, 2816, 192])
2026-08-15 22:02:49.615 | DEBUG    | core:as_tensor:724 - Loaded cache for /tmp/gemma4_full_model_cache/multichip/layer_26/expert_up_tp4_dtype_BFLOAT8_B_layout_TILE.tensorbin of shape Shape([1, 128, 2816, 192])
2026-08-15 22:02:49.645 | DEBUG    | core:as_tensor:724 - Loaded cache for /tmp/gemma4_full_model_cache/multichip/layer_26/expert_down_tp4_dtype_BFLOAT8_B_layout_TILE.tensorbin of shape Shape([1, 128, 192, 2816])
2026-08-15 22:02:49.645 | DEBUG    | core:as_tensor:724 - Loaded cache for /tmp/gemma4_full_model_cache/multichip/layer_26/expert_prefill_sparsity_dtype_BFLOAT16_layout_ROW_MAJOR.tensorbin of shape Shape([1, 1, 1, 128])
2026-08-15 22:02:49.650 | DEBUG    | core:as_tensor:724 - Loaded cache for /tmp/gemma4_full_model_cache/multichip/layer_26/packed_mlp_gate_up_decode_bfp4_tp4_dtype_BFLOAT4_B_layout_TILE.tensorbin of shape Shape([1, 1, 2816, 1088])
2026-08-15 22:02:50.121 | DEBUG    | core:as_tensor:724 - Loaded cache for /tmp/gemma4_full_model_cache/multichip/layer_27/layer_scalar_dtype_BFLOAT16_layout_TILE.tensorbin of shape Shape([1, 1, 1, 1])
2026-08-15 22:02:50.121 | DEBUG    | core:as_tensor:724 - Loaded cache for /tmp/gemma4_full_model_cache/multichip/layer_27/input_ln_dtype_BFLOAT16_layout_TILE.tensorbin of shape Shape([1, 1, 1, 2816])
2026-08-15 22:02:50.121 | DEBUG    | core:as_tensor:724 - Loaded cache for /tmp/gemma4_full_model_cache/multichip/layer_27/post_attn_ln_dtype_BFLOAT16_layout_TILE.tensorbin of shape Shape([1, 1, 1, 2816])
2026-08-15 22:02:50.122 | DEBUG    | core:as_tensor:724 - Loaded cache for /tmp/gemma4_full_model_cache/multichip/layer_27/pre_ff_ln_dtype_BFLOAT16_layout_TILE.tensorbin of shape Shape([1, 1, 1, 2816])
2026-08-15 22:02:50.122 | DEBUG    | core:as_tensor:724 - Loaded cache for /tmp/gemma4_full_model_cache/multichip/layer_27/post_ff_ln_dtype_BFLOAT16_layout_TILE.tensorbin of shape Shape([1, 1, 1, 2816])
2026-08-15 22:02:50.122 | DEBUG    | core:as_tensor:724 - Loaded cache for /tmp/gemma4_full_model_cache/multichip/layer_27/post_ff_ln_1_dtype_BFLOAT16_layout_TILE.tensorbin of shape Shape([1, 1, 1, 2816])
2026-08-15 22:02:50.122 | DEBUG    | core:as_tensor:724 - Loaded cache for /tmp/gemma4_full_model_cache/multichip/layer_27/post_ff_ln_2_dtype_BFLOAT16_layout_TILE.tensorbin of shape Shape([1, 1, 1, 2816])
2026-08-15 22:02:50.122 | DEBUG    | core:as_tensor:724 - Loaded cache for /tmp/gemma4_full_model_cache/multichip/layer_27/pre_ff_ln_2_dtype_BFLOAT16_layout_TILE.tensorbin of shape Shape([1, 1, 1, 2816])
2026-08-15 22:02:50.122 | DEBUG    | core:as_tensor:724 - Loaded cache for /tmp/gemma4_full_model_cache/multichip/layer_27/q_norm_dtype_BFLOAT16_layout_TILE.tensorbin of shape Shape([1, 1, 1, 256])
2026-08-15 22:02:50.123 | DEBUG    | core:as_tensor:724 - Loaded cache for /tmp/gemma4_full_model_cache/multichip/layer_27/k_norm_dtype_BFLOAT16_layout_TILE.tensorbin of shape Shape([1, 1, 1, 256])
2026-08-15 22:02:50.125 | DEBUG    | core:as_tensor:724 - Loaded cache for /tmp/gemma4_full_model_cache/multichip/layer_27/qkv_tp4_dtype_BFLOAT8_B_layout_TILE.tensorbin of shape Shape([1, 1, 2816, 2048])
2026-08-15 22:02:50.132 | DEBUG    | core:as_tensor:724 - Loaded cache for /tmp/gemma4_full_model_cache/multichip/layer_27/o_proj_tp4_dtype_BFLOAT8_B_layout_TILE.tensorbin of shape Shape([1, 1, 1024, 2816])
2026-08-15 22:02:50.133 | DEBUG    | core:as_tensor:724 - Loaded cache for /tmp/gemma4_full_model_cache/multichip/layer_27/mlp_gate_tp4_dtype_BFLOAT8_B_layout_TILE.tensorbin of shape Shape([1, 1, 2816, 544])
2026-08-15 22:02:50.134 | DEBUG    | core:as_tensor:724 - Loaded cache for /tmp/gemma4_full_model_cache/multichip/layer_27/mlp_up_tp4_dtype_BFLOAT8_B_layout_TILE.tensorbin of shape Shape([1, 1, 2816, 544])
2026-08-15 22:02:50.134 | DEBUG    | core:as_tensor:724 - Loaded cache for /tmp/gemma4_full_model_cache/multichip/layer_27/mlp_down_tp4_dtype_BFLOAT8_B_layout_TILE.tensorbin of shape Shape([1, 1, 544, 2816])
2026-08-15 22:02:50.135 | DEBUG    | core:as_tensor:724 - Loaded cache for /tmp/gemma4_full_model_cache/multichip/layer_27/router_scale_dtype_FLOAT32_layout_TILE.tensorbin of shape Shape([1, 1, 1, 2816])
2026-08-15 22:02:50.135 | DEBUG    | core:as_tensor:724 - Loaded cache for /tmp/gemma4_full_model_cache/multichip/layer_27/router_proj_dtype_FLOAT32_layout_TILE.tensorbin of shape Shape([1, 1, 2816, 128])
2026-08-15 22:02:50.135 | DEBUG    | core:as_tensor:724 - Loaded cache for /tmp/gemma4_full_model_cache/multichip/layer_27/router_per_expert_scale_dtype_FLOAT32_layout_TILE.tensorbin of shape Shape([1, 128])
2026-08-15 22:02:50.163 | DEBUG    | core:as_tensor:724 - Loaded cache for /tmp/gemma4_full_model_cache/multichip/layer_27/expert_gate_tp4_dtype_BFLOAT8_B_layout_TILE.tensorbin of shape Shape([1, 128, 2816, 192])
2026-08-15 22:02:50.190 | DEBUG    | core:as_tensor:724 - Loaded cache for /tmp/gemma4_full_model_cache/multichip/layer_27/expert_up_tp4_dtype_BFLOAT8_B_layout_TILE.tensorbin of shape Shape([1, 128, 2816, 192])
2026-08-15 22:02:50.217 | DEBUG    | core:as_tensor:724 - Loaded cache for /tmp/gemma4_full_model_cache/multichip/layer_27/expert_down_tp4_dtype_BFLOAT8_B_layout_TILE.tensorbin of shape Shape([1, 128, 192, 2816])
2026-08-15 22:02:50.218 | DEBUG    | core:as_tensor:724 - Loaded cache for /tmp/gemma4_full_model_cache/multichip/layer_27/expert_prefill_sparsity_dtype_BFLOAT16_layout_ROW_MAJOR.tensorbin of shape Shape([1, 1, 1, 128])
2026-08-15 22:02:50.223 | DEBUG    | core:as_tensor:724 - Loaded cache for /tmp/gemma4_full_model_cache/multichip/layer_27/packed_mlp_gate_up_decode_bfp4_tp4_dtype_BFLOAT4_B_layout_TILE.tensorbin of shape Shape([1, 1, 2816, 1088])
2026-08-15 22:02:50.680 | DEBUG    | core:as_tensor:724 - Loaded cache for /tmp/gemma4_full_model_cache/multichip/layer_28/layer_scalar_dtype_BFLOAT16_layout_TILE.tensorbin of shape Shape([1, 1, 1, 1])
2026-08-15 22:02:50.680 | DEBUG    | core:as_tensor:724 - Loaded cache for /tmp/gemma4_full_model_cache/multichip/layer_28/input_ln_dtype_BFLOAT16_layout_TILE.tensorbin of shape Shape([1, 1, 1, 2816])
2026-08-15 22:02:50.680 | DEBUG    | core:as_tensor:724 - Loaded cache for /tmp/gemma4_full_model_cache/multichip/layer_28/post_attn_ln_dtype_BFLOAT16_layout_TILE.tensorbin of shape Shape([1, 1, 1, 2816])
2026-08-15 22:02:50.680 | DEBUG    | core:as_tensor:724 - Loaded cache for /tmp/gemma4_full_model_cache/multichip/layer_28/pre_ff_ln_dtype_BFLOAT16_layout_TILE.tensorbin of shape Shape([1, 1, 1, 2816])
2026-08-15 22:02:50.681 | DEBUG    | core:as_tensor:724 - Loaded cache for /tmp/gemma4_full_model_cache/multichip/layer_28/post_ff_ln_dtype_BFLOAT16_layout_TILE.tensorbin of shape Shape([1, 1, 1, 2816])
2026-08-15 22:02:50.681 | DEBUG    | core:as_tensor:724 - Loaded cache for /tmp/gemma4_full_model_cache/multichip/layer_28/post_ff_ln_1_dtype_BFLOAT16_layout_TILE.tensorbin of shape Shape([1, 1, 1, 2816])
2026-08-15 22:02:50.681 | DEBUG    | core:as_tensor:724 - Loaded cache for /tmp/gemma4_full_model_cache/multichip/layer_28/post_ff_ln_2_dtype_BFLOAT16_layout_TILE.tensorbin of shape Shape([1, 1, 1, 2816])
2026-08-15 22:02:50.681 | DEBUG    | core:as_tensor:724 - Loaded cache for /tmp/gemma4_full_model_cache/multichip/layer_28/pre_ff_ln_2_dtype_BFLOAT16_layout_TILE.tensorbin of shape Shape([1, 1, 1, 2816])
2026-08-15 22:02:50.681 | DEBUG    | core:as_tensor:724 - Loaded cache for /tmp/gemma4_full_model_cache/multichip/layer_28/q_norm_dtype_BFLOAT16_layout_TILE.tensorbin of shape Shape([1, 1, 1, 256])
2026-08-15 22:02:50.681 | DEBUG    | core:as_tensor:724 - Loaded cache for /tmp/gemma4_full_model_cache/multichip/layer_28/k_norm_dtype_BFLOAT16_layout_TILE.tensorbin of shape Shape([1, 1, 1, 256])
2026-08-15 22:02:50.683 | DEBUG    | core:as_tensor:724 - Loaded cache for /tmp/gemma4_full_model_cache/multichip/layer_28/qkv_tp4_dtype_BFLOAT8_B_layout_TILE.tensorbin of shape Shape([1, 1, 2816, 2048])
2026-08-15 22:02:50.692 | DEBUG    | core:as_tensor:724 - Loaded cache for /tmp/gemma4_full_model_cache/multichip/layer_28/o_proj_tp4_dtype_BFLOAT8_B_layout_TILE.tensorbin of shape Shape([1, 1, 1024, 2816])
2026-08-15 22:02:50.692 | DEBUG    | core:as_tensor:724 - Loaded cache for /tmp/gemma4_full_model_cache/multichip/layer_28/mlp_gate_tp4_dtype_BFLOAT8_B_layout_TILE.tensorbin of shape Shape([1, 1, 2816, 544])
2026-08-15 22:02:50.693 | DEBUG    | core:as_tensor:724 - Loaded cache for /tmp/gemma4_full_model_cache/multichip/layer_28/mlp_up_tp4_dtype_BFLOAT8_B_layout_TILE.tensorbin of shape Shape([1, 1, 2816, 544])
2026-08-15 22:02:50.694 | DEBUG    | core:as_tensor:724 - Loaded cache for /tmp/gemma4_full_model_cache/multichip/layer_28/mlp_down_tp4_dtype_BFLOAT8_B_layout_TILE.tensorbin of shape Shape([1, 1, 544, 2816])
2026-08-15 22:02:50.694 | DEBUG    | core:as_tensor:724 - Loaded cache for /tmp/gemma4_full_model_cache/multichip/layer_28/router_scale_dtype_FLOAT32_layout_TILE.tensorbin of shape Shape([1, 1, 1, 2816])
2026-08-15 22:02:50.694 | DEBUG    | core:as_tensor:724 - Loaded cache for /tmp/gemma4_full_model_cache/multichip/layer_28/router_proj_dtype_FLOAT32_layout_TILE.tensorbin of shape Shape([1, 1, 2816, 128])
2026-08-15 22:02:50.695 | DEBUG    | core:as_tensor:724 - Loaded cache for /tmp/gemma4_full_model_cache/multichip/layer_28/router_per_expert_scale_dtype_FLOAT32_layout_TILE.tensorbin of shape Shape([1, 128])
2026-08-15 22:02:50.723 | DEBUG    | core:as_tensor:724 - Loaded cache for /tmp/gemma4_full_model_cache/multichip/layer_28/expert_gate_tp4_dtype_BFLOAT8_B_layout_TILE.tensorbin of shape Shape([1, 128, 2816, 192])
2026-08-15 22:02:50.754 | DEBUG    | core:as_tensor:724 - Loaded cache for /tmp/gemma4_full_model_cache/multichip/layer_28/expert_up_tp4_dtype_BFLOAT8_B_layout_TILE.tensorbin of shape Shape([1, 128, 2816, 192])
2026-08-15 22:02:50.782 | DEBUG    | core:as_tensor:724 - Loaded cache for /tmp/gemma4_full_model_cache/multichip/layer_28/expert_down_tp4_dtype_BFLOAT8_B_layout_TILE.tensorbin of shape Shape([1, 128, 192, 2816])
2026-08-15 22:02:50.783 | DEBUG    | core:as_tensor:724 - Loaded cache for /tmp/gemma4_full_model_cache/multichip/layer_28/expert_prefill_sparsity_dtype_BFLOAT16_layout_ROW_MAJOR.tensorbin of shape Shape([1, 1, 1, 128])
2026-08-15 22:02:50.788 | DEBUG    | core:as_tensor:724 - Loaded cache for /tmp/gemma4_full_model_cache/multichip/layer_28/packed_mlp_gate_up_decode_bfp4_tp4_dtype_BFLOAT4_B_layout_TILE.tensorbin of shape Shape([1, 1, 2816, 1088])
2026-08-15 22:02:51.262 | DEBUG    | core:as_tensor:724 - Loaded cache for /tmp/gemma4_full_model_cache/multichip/layer_29/layer_scalar_dtype_BFLOAT16_layout_TILE.tensorbin of shape Shape([1, 1, 1, 1])
2026-08-15 22:02:51.263 | DEBUG    | core:as_tensor:724 - Loaded cache for /tmp/gemma4_full_model_cache/multichip/layer_29/input_ln_dtype_BFLOAT16_layout_TILE.tensorbin of shape Shape([1, 1, 1, 2816])
2026-08-15 22:02:51.263 | DEBUG    | core:as_tensor:724 - Loaded cache for /tmp/gemma4_full_model_cache/multichip/layer_29/post_attn_ln_dtype_BFLOAT16_layout_TILE.tensorbin of shape Shape([1, 1, 1, 2816])
2026-08-15 22:02:51.263 | DEBUG    | core:as_tensor:724 - Loaded cache for /tmp/gemma4_full_model_cache/multichip/layer_29/pre_ff_ln_dtype_BFLOAT16_layout_TILE.tensorbin of shape Shape([1, 1, 1, 2816])
2026-08-15 22:02:51.263 | DEBUG    | core:as_tensor:724 - Loaded cache for /tmp/gemma4_full_model_cache/multichip/layer_29/post_ff_ln_dtype_BFLOAT16_layout_TILE.tensorbin of shape Shape([1, 1, 1, 2816])
2026-08-15 22:02:51.263 | DEBUG    | core:as_tensor:724 - Loaded cache for /tmp/gemma4_full_model_cache/multichip/layer_29/post_ff_ln_1_dtype_BFLOAT16_layout_TILE.tensorbin of shape Shape([1, 1, 1, 2816])
2026-08-15 22:02:51.264 | DEBUG    | core:as_tensor:724 - Loaded cache for /tmp/gemma4_full_model_cache/multichip/layer_29/post_ff_ln_2_dtype_BFLOAT16_layout_TILE.tensorbin of shape Shape([1, 1, 1, 2816])
2026-08-15 22:02:51.264 | DEBUG    | core:as_tensor:724 - Loaded cache for /tmp/gemma4_full_model_cache/multichip/layer_29/pre_ff_ln_2_dtype_BFLOAT16_layout_TILE.tensorbin of shape Shape([1, 1, 1, 2816])
2026-08-15 22:02:51.264 | DEBUG    | core:as_tensor:724 - Loaded cache for /tmp/gemma4_full_model_cache/multichip/layer_29/q_norm_dtype_BFLOAT16_layout_TILE.tensorbin of shape Shape([1, 1, 1, 512])
2026-08-15 22:02:51.264 | DEBUG    | core:as_tensor:724 - Loaded cache for /tmp/gemma4_full_model_cache/multichip/layer_29/k_norm_dtype_BFLOAT16_layout_TILE.tensorbin of shape Shape([1, 1, 1, 512])
2026-08-15 22:02:51.270 | DEBUG    | core:as_tensor:724 - Loaded cache for /tmp/gemma4_full_model_cache/multichip/layer_29/qkv_tp4_dtype_BFLOAT8_B_layout_TILE.tensorbin of shape Shape([1, 1, 2816, 3072])
2026-08-15 22:02:51.290 | DEBUG    | core:as_tensor:724 - Loaded cache for /tmp/gemma4_full_model_cache/multichip/layer_29/o_proj_tp4_dtype_BFLOAT8_B_layout_TILE.tensorbin of shape Shape([1, 1, 2048, 2816])
2026-08-15 22:02:51.293 | DEBUG    | core:as_tensor:724 - Loaded cache for /tmp/gemma4_full_model_cache/multichip/layer_29/mlp_gate_tp4_dtype_BFLOAT8_B_layout_TILE.tensorbin of shape Shape([1, 1, 2816, 544])
2026-08-15 22:02:51.293 | DEBUG    | core:as_tensor:724 - Loaded cache for /tmp/gemma4_full_model_cache/multichip/layer_29/mlp_up_tp4_dtype_BFLOAT8_B_layout_TILE.tensorbin of shape Shape([1, 1, 2816, 544])
2026-08-15 22:02:51.294 | DEBUG    | core:as_tensor:724 - Loaded cache for /tmp/gemma4_full_model_cache/multichip/layer_29/mlp_down_tp4_dtype_BFLOAT8_B_layout_TILE.tensorbin of shape Shape([1, 1, 544, 2816])
2026-08-15 22:02:51.294 | DEBUG    | core:as_tensor:724 - Loaded cache for /tmp/gemma4_full_model_cache/multichip/layer_29/router_scale_dtype_FLOAT32_layout_TILE.tensorbin of shape Shape([1, 1, 1, 2816])
2026-08-15 22:02:51.295 | DEBUG    | core:as_tensor:724 - Loaded cache for /tmp/gemma4_full_model_cache/multichip/layer_29/router_proj_dtype_FLOAT32_layout_TILE.tensorbin of shape Shape([1, 1, 2816, 128])
2026-08-15 22:02:51.295 | DEBUG    | core:as_tensor:724 - Loaded cache for /tmp/gemma4_full_model_cache/multichip/layer_29/router_per_expert_scale_dtype_FLOAT32_layout_TILE.tensorbin of shape Shape([1, 128])
2026-08-15 22:02:51.321 | DEBUG    | core:as_tensor:724 - Loaded cache for /tmp/gemma4_full_model_cache/multichip/layer_29/expert_gate_tp4_dtype_BFLOAT8_B_layout_TILE.tensorbin of shape Shape([1, 128, 2816, 192])
2026-08-15 22:02:51.348 | DEBUG    | core:as_tensor:724 - Loaded cache for /tmp/gemma4_full_model_cache/multichip/layer_29/expert_up_tp4_dtype_BFLOAT8_B_layout_TILE.tensorbin of shape Shape([1, 128, 2816, 192])
2026-08-15 22:02:51.374 | DEBUG    | core:as_tensor:724 - Loaded cache for /tmp/gemma4_full_model_cache/multichip/layer_29/expert_down_tp4_dtype_BFLOAT8_B_layout_TILE.tensorbin of shape Shape([1, 128, 192, 2816])
2026-08-15 22:02:51.374 | DEBUG    | core:as_tensor:724 - Loaded cache for /tmp/gemma4_full_model_cache/multichip/layer_29/expert_prefill_sparsity_dtype_BFLOAT16_layout_ROW_MAJOR.tensorbin of shape Shape([1, 1, 1, 128])
2026-08-15 22:02:51.379 | DEBUG    | core:as_tensor:724 - Loaded cache for /tmp/gemma4_full_model_cache/multichip/layer_29/packed_mlp_gate_up_decode_bfp4_tp4_dtype_BFLOAT4_B_layout_TILE.tensorbin of shape Shape([1, 1, 2816, 1088])
entry[0]             top1=0.980 (98/100)  top5=1.000 (100/100)  top100=1.000 (100/100)  TTFT=2854.48ms  decode=18.23 t/s/u  e2e=12.07 t/s/u
AGGREGATE            top1=0.980 (98/100)  top5=1.000 (100/100)  top100=1.000 (100/100)  TTFT=2854.48ms  decode=18.23 t/s/u  e2e=12.07 t/s/u
nanobind: leaked 2 instances!
 - leaked instance 0x7ed0135dece8 of type "ttnn._ttnn.tensor.CoreRangeSet"
 - leaked instance 0x7ed0136f3048 of type "ttnn._ttnn.device.DispatchCoreConfig"
nanobind: leaked 38 types!
 - leaked type "DispatchCoreAxis"
 - leaked type "ttnn._ttnn.device.SubDeviceManagerId"
 - leaked type "MathFidelity"
 - leaked type "ttnn._ttnn.operations.matmul.MatmulMultiCoreReuseMultiCast1DProgramConfig"
 - leaked type "ttnn._ttnn.operations.matmul.MatmulInputs"
 - leaked type "ttnn._ttnn.multi_device.MeshMapperConfig"
 - leaked type "ttnn._ttnn.operations.matmul.MatmulMultiCoreReuseMultiCastBatchedDRAMShardedProgramConfig"
 - leaked type "BufferType"
 - leaked type "UnaryOpType"
 - leaked type "Layout"
 - ... skipped remainder
nanobind: leaked 321 functions!
 - leaked function "experimental_per_core_buffer_address"
 - leaked function ""
 - leaked function "mesh_size"
 - leaked function "to_json"
 - leaked function ""
 - leaked function "__iter__"
 - leaked function ""
 - leaked function "ClearKernelCache"
 - leaked function "create_matmul_attributes"
 - leaked function ""
 - ... skipped remainder
nanobind: this is likely caused by a reference counting issue in the binding code.
See https://nanobind.readthedocs.io/en/latest/refleaks.html2026-08-15 22:03:03.283 | info     |    BuildKernels | JIT cache stats: 609/635 hits (95.9%) [609 cached, 314 build-once dedup, 0 merged artifacts, 0 merged genfiles] (build_cache_telemetry.cpp:207)
2026-08-15 22:03:03.283 | info     |    BuildKernels | JIT telemetry: 3 registered TelemetryTokens (build_cache_telemetry.cpp:230)
2026-08-15 22:03:03.306 | info     |          Device | Closing user mode device drivers (tt_cluster.cpp:512)
2026-08-15 22:03:03.306 | info     |             UMD | Closing devices in cluster (cluster.cpp:1037)
2026-08-15 22:03:03.866 | info     |             UMD | Closing devices in cluster completed. (cluster.cpp:1046)
2026-08-15 22:03:03.866 | info     |             UMD | Cluster destructor started. (cluster.cpp:754)
2026-08-15 22:03:03.866 | info     |             UMD | Cluster destructor completed. (cluster.cpp:757)
