ID,Total %,Bound,OP Code,Device,Device Time,Op-to-Op Gap,Cores,DRAM,DRAM %,FLOPs,FLOPs %,Math Fidelity,Output Datatype,Input 0 Datatype,Input 1 Datatype,DRAM Sharded,Input 0 Memory,Inner Dim Block Size,Output Subblock H,Output Subblock W,Global Call Count,Advice
21105,0.038690730005996925,,AllBroadcastDeviceOperation,3,11.173,,2,,,,,BF16 => BF16,BFLOAT16,BFLOAT16,nan,False,DEV_0_DRAM_INTERLEAVED,,,,1933315.0,
21107,0.13685291773355396,,TilizeDeviceOperation,3,14.119,25.401,88,,,,,BF16 => BF16,BFLOAT16,BFLOAT16,nan,False,DEV_0_DRAM_INTERLEAVED,,,,1935363.0,
21111,0.021151255605175803,,ReshapeViewDeviceOperation,3,5.582,0.526,110,,,,,BF16 => BF16,BFLOAT16,BFLOAT16,nan,False,DEV_0_DRAM_INTERLEAVED,,,,1939459.0,
21112,0.15811152254039323,,LayerNormDeviceOperation,3,44.158,1.501,1,,,,,"BF16, BF16 => BF16",BFLOAT16,BFLOAT16,BFLOAT16,False,DEV_0_DRAM_INTERLEAVED,,,,1940483.0,
21116,0.00862602778528044,,ShardedToInterleavedDeviceOperation,3,1.956,0.535,32,,,,,BF16 => BF16,BFLOAT16,BFLOAT16,nan,False,DEV_0_L1_HEIGHT_SHARDED,,,,1944579.0,
21117,0.00821394536599165,,ShardedToInterleavedDeviceOperation,3,1.856,0.516,32,,,,,BF16 => BF16,BFLOAT16,BFLOAT16,nan,False,DEV_0_L1_HEIGHT_SHARDED,,,,1945603.0,
21121,0.009034647327096213,,InterleavedToShardedDeviceOperation,3,2.105,0.504,32,,,,,BF16 => BF16,BFLOAT16,BFLOAT16,nan,False,DEV_0_DRAM_INTERLEAVED,,,,1949699.0,
21122,0.009114293508975559,,InterleavedToShardedDeviceOperation,3,2.121,0.511,32,,,,,BF16 => BF16,BFLOAT16,BFLOAT16,nan,False,DEV_0_DRAM_INTERLEAVED,,,,1950723.0,
21123,0.009027721572150184,,InterleavedToShardedDeviceOperation,3,2.099,0.508,32,,,,,BF16 => BF16,BFLOAT16,BFLOAT16,nan,False,DEV_0_DRAM_INTERLEAVED,,,,1951747.0,
21124,0.009374009319451685,,InterleavedToShardedDeviceOperation,3,2.206,0.501,32,,,,,BF16 => BF16,BFLOAT16,BFLOAT16,nan,False,DEV_0_DRAM_INTERLEAVED,,,,1952771.0,
21125,0.009419026726600879,,InterleavedToShardedDeviceOperation,3,2.187,0.533,32,,,,,BF16 => BF16,BFLOAT16,BFLOAT16,nan,False,DEV_0_DRAM_INTERLEAVED,,,,1953795.0,
21126,0.015098145782345532,,RotaryEmbeddingHfDeviceOperation,3,3.835,0.525,32,,,,,"BF16, BF16 => BF16",BFLOAT16,BFLOAT16,BFLOAT16,False,DEV_0_L1_HEIGHT_SHARDED,,,,1954819.0,
21127,0.015139700312021708,,RotaryEmbeddingHfDeviceOperation,3,3.862,0.51,32,,,,,"BF16, BF16 => BF16",BFLOAT16,BFLOAT16,BFLOAT16,False,DEV_0_L1_HEIGHT_SHARDED,,,,1955843.0,
21128,0.017324775997494192,,PagedUpdateCacheDeviceOperation,3,4.462,0.541,32,,,,,"BF16, BF16 => BF16",BFLOAT16,BFLOAT16,BFLOAT16,False,DEV_0_DRAM_INTERLEAVED,,,,1956867.0,
21129,0.019101232141150903,,PagedUpdateCacheDeviceOperation,3,4.956,0.56,32,,,,,"BF16, BF16 => BF16",BFLOAT16,BFLOAT16,BFLOAT16,False,DEV_0_DRAM_INTERLEAVED,,,,1957891.0,
21130,0.05339410775641874,,SdpaDecodeDeviceOperation,3,11.261,4.158,32,,,,,"BF16, BF16 => BF16",BFLOAT16,BFLOAT16,BFLOAT16,False,DEV_0_L1_HEIGHT_SHARDED,,,,1958915.0,
21131,0.00918355105843586,,InterleavedToShardedDeviceOperation,3,2.119,0.533,32,,,,,BF16 => BF16,BFLOAT16,BFLOAT16,nan,False,DEV_0_DRAM_INTERLEAVED,,,,1959939.0,
21139,0.1542711914228196,,LayerNormDeviceOperation,3,43.974,0.576,1,,,,,"BF16, BF16 => BF16",BFLOAT16,BFLOAT16,BFLOAT16,False,DEV_0_DRAM_INTERLEAVED,,,,1968131.0,
21141,0.1586759715684947,,LayerNormDeviceOperation,3,44.325,1.497,1,,,,,"BF16, BF16 => BF16",BFLOAT16,BFLOAT16,BFLOAT16,False,DEV_0_DRAM_INTERLEAVED,,,,1970179.0,
21144,0.007739531152188591,,ShardedToInterleavedDeviceOperation,3,1.51,0.725,2,,,,,BF16 => BF16,BFLOAT16,BFLOAT16,nan,False,DEV_0_L1_WIDTH_SHARDED,,,,1973251.0,
21149,0.008677970947375664,,InterleavedToShardedDeviceOperation,3,0.957,1.549,1,,,,,BF16 => BF16,BFLOAT16,BFLOAT16,nan,False,DEV_0_DRAM_INTERLEAVED,,,,1978371.0,
21150,0.03223938927376993,SLOW,MatmulDeviceOperation 32 x 544 x 2816,3,8.759,0.551,12,174.89485101038932,34.159150587966664,11.193270464664916,16.868716339736622,LoFi BF16 x BFP8 => BF16,BFLOAT16,BFLOAT16,BFLOAT8_B,True,DEV_0_L1_WIDTH_SHARDED,17,,,1979395.0,No output subblock size found • Use HiFi2 or HiFi4 with BF16 activations for improved accuracy
21154,0.15942741598013896,,LayerNormDeviceOperation,3,44.513,1.526,1,,,,,"BF16, BF16 => BF16",BFLOAT16,BFLOAT16,BFLOAT16,False,DEV_0_DRAM_INTERLEAVED,,,,1983491.0,
21155,0.12580633859463602,,LayerNormDeviceOperation,3,34.833,1.497,1,,,,,BF16 => BF16,BFLOAT16,BFLOAT16,nan,False,DEV_0_DRAM_INTERLEAVED,,,,1984515.0,
21156,0.04828982636119459,,BinaryNgDeviceOperation,3,13.416,0.529,110,,,,,"BF16, FP32 => BF16",BFLOAT16,BFLOAT16,FLOAT32,False,DEV_0_DRAM_INTERLEAVED,,,,1985539.0,
21166,0.01877918453616051,,UntilizeDeviceOperation,3,3.914,1.509,1,,,,,BF16 => BF16,BFLOAT16,BFLOAT16,nan,False,DEV_0_DRAM_INTERLEAVED,,,,1995779.0,
21168,0.03831673923891131,,UntilizeWithUnpaddingDeviceOperation,3,9.55,1.515,1,,,,,BF16 => BF16,BFLOAT16,BFLOAT16,nan,False,DEV_0_DRAM_INTERLEAVED,,,,1997827.0,
21183,0.01387921291184424,,TransposeDeviceOperation,3,3.464,0.544,110,,,,,BF16 => BF16,BFLOAT16,BFLOAT16,nan,False,DEV_0_L1_INTERLEAVED,,,,2013187.0,
21188,0.06613749685711405,SLOW,SparseMatmulDeviceOperation active=8/128 x 32 x 192 x 2816,3,18.633,0.466,44.0,232.1352439220737,45.33891482853002,14.856655611012716,6.106251155357578,LoFi BF16 x BFP8 => BF16,BFLOAT16,BFLOAT16,BFLOAT8_B,False,DEV_0_L1_INTERLEAVED,6,1,2,2018307.0,in0_block_w=6 and output subblock 1x2 look good 🤷 • Use HiFi2 or HiFi4 with BF16 activations for improved accuracy
21190,0.017058134432072037,,ReshapeViewDeviceOperation,3,4.305,0.621,4,,,,,BF16 => BF16,BFLOAT16,BFLOAT16,nan,False,DEV_0_DRAM_INTERLEAVED,,,,2020355.0,
21195,0.014873058746599553,,TilizeWithValPaddingDeviceOperation,3,3.749,0.546,88,,,,,BF16 => BF16,BFLOAT16,BFLOAT16,nan,False,DEV_0_DRAM_INTERLEAVED,,,,2025475.0,
21196,0.01977995612586185,,UntilizeDeviceOperation,3,4.225,1.487,1,,,,,BF16 => BF16,BFLOAT16,BFLOAT16,nan,False,DEV_0_DRAM_INTERLEAVED,,,,2026499.0,
21199,0.007573313033483869,,CopyDeviceOperation,3,1.654,0.533,88,,,,,BF16 => BF16,BFLOAT16,BFLOAT16,nan,False,DEV_0_DRAM_INTERLEAVED,,,,2029571.0,
21208,0.01056177629269584,,BinaryNgDeviceOperation,3,2.526,0.524,110,,,,,"BF16, BF16 => BF16",BFLOAT16,BFLOAT16,BFLOAT16,False,DEV_0_L1_INTERLEAVED,,,,2038787.0,
21211,0.06759190539578037,SLOW,SparseMatmulDeviceOperation active=8/128 x 32 x 192 x 2816,3,19.007,0.512,44.0,227.5675277529331,44.446782764244745,14.564321776187718,5.986098688787171,LoFi BF16 x BFP8 => BF16,BFLOAT16,BFLOAT16,BFLOAT8_B,False,DEV_0_L1_INTERLEAVED,6,1,2,2041859.0,in0_block_w=6 and output subblock 1x2 look good 🤷 • Use HiFi2 or HiFi4 with BF16 activations for improved accuracy
21212,0.12749622280146736,,TransposeDeviceOperation,3,36.29,0.528,110,,,,,BF16 => BF16,BFLOAT16,BFLOAT16,nan,False,DEV_0_L1_INTERLEAVED,,,,2042883.0,
21214,0.01910469501862392,,BinaryNgDeviceOperation,3,4.99,0.527,110,,,,,"BF16, BF16 => BF16",BFLOAT16,BFLOAT16,BFLOAT16,False,DEV_0_L1_INTERLEAVED,,,,2044931.0,
21217,0.008106596164328185,,SliceDeviceOperation,3,1.01,1.331,1,,,,,BF16 => BF16,BFLOAT16,BFLOAT16,nan,False,DEV_0_DRAM_INTERLEAVED,,,,2048003.0,
21219,0.018869219350458898,,UntilizeDeviceOperation,3,3.935,1.514,1,,,,,BF16 => BF16,BFLOAT16,BFLOAT16,nan,False,DEV_0_DRAM_INTERLEAVED,,,,2050051.0,
21224,0.015385564612605776,,UnaryDeviceOperation,3,3.913,0.53,110,,,,,"BF16, BF16 => BF16",BFLOAT16,BFLOAT16,BFLOAT16,False,DEV_0_L1_INTERLEAVED,,,,2055171.0,
21238,0.012608336879247723,,ReduceDeviceOperation,3,3.118,0.523,88,,,,,BF16 => BF16,BFLOAT16,BFLOAT16,nan,False,DEV_0_L1_INTERLEAVED,,,,2069507.0,
21239,0.03887426251206672,,UntilizeDeviceOperation,3,10.76,0.466,88,,,,,BF16 => BF16,BFLOAT16,BFLOAT16,nan,False,DEV_0_DRAM_INTERLEAVED,,,,2070531.0,
21244,0.024936180683181226,,TilizeWithValPaddingDeviceOperation,3,5.691,1.51,1,,,,,BF16 => BF16,BFLOAT16,BFLOAT16,nan,False,DEV_0_DRAM_INTERLEAVED,,,,2075651.0,
21246,0.013761475077761728,,UntilizeWithUnpaddingDeviceOperation,3,2.476,1.498,1,,,,,BF16 => BF16,BFLOAT16,BFLOAT16,nan,False,DEV_0_DRAM_INTERLEAVED,,,,2077699.0,
21247,0.015344010082929597,,UnaryDeviceOperation,3,3.895,0.536,110,,,,,"BF16, BF16 => BF16",BFLOAT16,BFLOAT16,BFLOAT16,False,DEV_0_L1_INTERLEAVED,,,,2078723.0,
21251,0.265422632551656,SLOW,SparseMatmulDeviceOperation active=8/128 x 32 x 2816 x 192,3,75.701,0.947,3.0,57.1376335847611,11.159694059523652,3.6568085494247105,22.043840117577584,LoFi BF16 x BFP8 => BF16,BFLOAT16,BFLOAT16,BFLOAT8_B,False,DEV_0_L1_INTERLEAVED,44,1,2,2082819.0,in0_block_w=44 and output subblock 1x2 look good 🤷 • Use HiFi2 or HiFi4 with BF16 activations for improved accuracy
21256,0.12663396631068663,,UnaryDeviceOperation,3,36.07,0.499,110,,,,,"BF16, BF16 => BF16",BFLOAT16,BFLOAT16,BFLOAT16,False,DEV_0_L1_INTERLEAVED,,,,2087939.0,
21265,0.01862335504987483,,UntilizeDeviceOperation,3,3.873,1.505,1,,,,,BF16 => BF16,BFLOAT16,BFLOAT16,nan,False,DEV_0_DRAM_INTERLEAVED,,,,2097155.0,
21271,0.26413097925422135,SLOW,SparseMatmulDeviceOperation active=8/128 x 32 x 2816 x 192,3,75.648,0.627,3.0,57.17766497461928,11.167512690355329,3.659370558375634,22.05928432662781,LoFi BF16 x BFP8 => BF16,BFLOAT16,BFLOAT16,BFLOAT8_B,False,DEV_0_L1_INTERLEAVED,44,1,2,2103299.0,in0_block_w=44 and output subblock 1x2 look good 🤷 • Use HiFi2 or HiFi4 with BF16 activations for improved accuracy
21272,0.014100837070117202,,TransposeDeviceOperation,3,3.519,0.553,110,,,,,BF16 => BF16,BFLOAT16,BFLOAT16,nan,False,DEV_0_L1_INTERLEAVED,,,,2104323.0,
21274,0.265879732378094,SLOW,SparseMatmulDeviceOperation active=8/128 x 32 x 2816 x 192,3,75.956,0.824,3.0,56.94581073252936,11.122228658697141,3.644531886881879,21.969834387549906,LoFi BF16 x BFP8 => BF16,BFLOAT16,BFLOAT16,BFLOAT8_B,False,DEV_0_L1_INTERLEAVED,44,1,2,2106371.0,in0_block_w=44 and output subblock 1x2 look good 🤷 • Use HiFi2 or HiFi4 with BF16 activations for improved accuracy
21288,0.01877225878121448,,UntilizeDeviceOperation,3,3.91,1.511,1,,,,,BF16 => BF16,BFLOAT16,BFLOAT16,nan,False,DEV_0_DRAM_INTERLEAVED,,,,2120707.0,
21289,0.00814468781653135,,SliceDeviceOperation,3,0.857,1.495,1,,,,,BF16 => BF16,BFLOAT16,BFLOAT16,nan,False,DEV_0_DRAM_INTERLEAVED,,,,2121731.0,
21294,0.2641171277443293,SLOW,SparseMatmulDeviceOperation active=8/128 x 32 x 2816 x 192,3,75.579,0.692,3.0,57.22986543881237,11.17770809351804,3.662711388083992,22.079423394603538,LoFi BF16 x BFP8 => BF16,BFLOAT16,BFLOAT16,BFLOAT8_B,False,DEV_0_L1_INTERLEAVED,44,1,2,2126851.0,in0_block_w=44 and output subblock 1x2 look good 🤷 • Use HiFi2 or HiFi4 with BF16 activations for improved accuracy
21295,0.014318998350917149,,TransposeDeviceOperation,3,3.579,0.556,110,,,,,BF16 => BF16,BFLOAT16,BFLOAT16,nan,False,DEV_0_L1_INTERLEAVED,,,,2127875.0,
21303,0.06751918496884705,SLOW,SparseMatmulDeviceOperation active=8/128 x 32 x 192 x 2816,3,19.038,0.46,44.0,227.19697447210842,44.374409076583675,14.54060636621494,5.9763513907856805,LoFi BF16 x BFP8 => BF16,BFLOAT16,BFLOAT16,BFLOAT8_B,False,DEV_0_L1_INTERLEAVED,6,1,2,2136067.0,in0_block_w=6 and output subblock 1x2 look good 🤷 • Use HiFi2 or HiFi4 with BF16 activations for improved accuracy
21304,0.1280572089520958,,TransposeDeviceOperation,3,36.436,0.544,110,,,,,BF16 => BF16,BFLOAT16,BFLOAT16,nan,False,DEV_0_L1_INTERLEAVED,,,,2137091.0,
21308,0.03894698293900004,,UntilizeDeviceOperation,3,10.789,0.458,88,,,,,BF16 => BF16,BFLOAT16,BFLOAT16,nan,False,DEV_0_DRAM_INTERLEAVED,,,,2141187.0,
21309,0.008217408243464666,,SliceDeviceOperation,3,1.09,1.283,1,,,,,BF16 => BF16,BFLOAT16,BFLOAT16,nan,False,DEV_0_DRAM_INTERLEAVED,,,,2142211.0,
21311,0.018554097500414528,,UntilizeDeviceOperation,3,3.831,1.527,1,,,,,BF16 => BF16,BFLOAT16,BFLOAT16,nan,False,DEV_0_DRAM_INTERLEAVED,,,,2144259.0,
21319,0.015157014699386786,,UnaryDeviceOperation,3,3.816,0.561,110,,,,,"BF16, BF16 => BF16",BFLOAT16,BFLOAT16,BFLOAT16,False,DEV_0_L1_INTERLEAVED,,,,2152451.0,
21320,0.2640270929300309,SLOW,SparseMatmulDeviceOperation active=8/128 x 32 x 2816 x 192,3,75.439,0.806,3.0,57.336072853563806,11.198451729211682,3.6695086626280835,22.120398477455172,LoFi BF16 x BFP8 => BF16,BFLOAT16,BFLOAT16,BFLOAT8_B,False,DEV_0_L1_INTERLEAVED,44,1,2,2153475.0,in0_block_w=44 and output subblock 1x2 look good 🤷 • Use HiFi2 or HiFi4 with BF16 activations for improved accuracy
21321,0.014069671172860064,,TransposeDeviceOperation,3,3.516,0.547,110,,,,,BF16 => BF16,BFLOAT16,BFLOAT16,nan,False,DEV_0_L1_INTERLEAVED,,,,2154499.0,
21333,0.014755320912517042,,TilizeWithValPaddingDeviceOperation,3,3.722,0.539,88,,,,,BF16 => BF16,BFLOAT16,BFLOAT16,nan,False,DEV_0_DRAM_INTERLEAVED,,,,2166787.0,
21343,0.2641586822740055,SLOW,SparseMatmulDeviceOperation active=8/128 x 32 x 2816 x 192,3,75.355,0.928,3.0,57.39998672948046,11.210934908101652,3.6735991506867496,22.145056608595855,LoFi BF16 x BFP8 => BF16,BFLOAT16,BFLOAT16,BFLOAT8_B,False,DEV_0_L1_INTERLEAVED,44,1,2,2177027.0,in0_block_w=44 and output subblock 1x2 look good 🤷 • Use HiFi2 or HiFi4 with BF16 activations for improved accuracy
21369,0.01100156173176875,,BinaryNgDeviceOperation,3,2.625,0.552,110,,,,,"BF16, BF16 => BF16",BFLOAT16,BFLOAT16,BFLOAT16,False,DEV_0_L1_INTERLEAVED,,,,2203651.0,
21376,0.012871515567196864,,ReduceDeviceOperation,3,3.214,0.503,88,,,,,BF16 => BF16,BFLOAT16,BFLOAT16,nan,False,DEV_0_L1_INTERLEAVED,,,,2210819.0,
21379,0.014803801197139255,,TilizeWithValPaddingDeviceOperation,3,3.742,0.533,88,,,,,BF16 => BF16,BFLOAT16,BFLOAT16,nan,False,DEV_0_DRAM_INTERLEAVED,,,,2213891.0,
21383,0.007555998646118795,,CopyDeviceOperation,3,1.626,0.556,88,,,,,BF16 => BF16,BFLOAT16,BFLOAT16,nan,False,DEV_0_DRAM_INTERLEAVED,,,,2217987.0,
21388,0.015489450936796226,,UnaryDeviceOperation,3,3.979,0.494,110,,,,,"BF16, BF16 => BF16",BFLOAT16,BFLOAT16,BFLOAT16,False,DEV_0_L1_INTERLEAVED,,,,2223107.0,
21396,0.12783904767129586,,TransposeDeviceOperation,3,36.39,0.527,110,,,,,BF16 => BF16,BFLOAT16,BFLOAT16,nan,False,DEV_0_L1_INTERLEAVED,,,,2231299.0,
21398,0.018612966417455783,,BinaryNgDeviceOperation,3,4.852,0.523,110,,,,,"BF16, BF16 => BF16",BFLOAT16,BFLOAT16,BFLOAT16,False,DEV_0_L1_INTERLEAVED,,,,2233347.0,
21400,0.03902316624340637,,UntilizeDeviceOperation,3,10.787,0.482,88,,,,,BF16 => BF16,BFLOAT16,BFLOAT16,nan,False,DEV_0_DRAM_INTERLEAVED,,,,2235395.0,
21401,0.008892669350702594,,SliceDeviceOperation,3,1.025,1.543,1,,,,,BF16 => BF16,BFLOAT16,BFLOAT16,nan,False,DEV_0_DRAM_INTERLEAVED,,,,2236419.0,
21411,0.015406341877443868,,UnaryDeviceOperation,3,3.89,0.559,110,,,,,"BF16, BF16 => BF16",BFLOAT16,BFLOAT16,BFLOAT16,False,DEV_0_L1_INTERLEAVED,,,,2246659.0,
21412,0.264494581388888,SLOW,SparseMatmulDeviceOperation active=8/128 x 32 x 2816 x 192,3,75.581,0.799,3.0,57.22835104060544,11.17741231261825,3.662614466598748,22.07883913603605,LoFi BF16 x BFP8 => BF16,BFLOAT16,BFLOAT16,BFLOAT8_B,False,DEV_0_L1_INTERLEAVED,44,1,2,2247683.0,in0_block_w=44 and output subblock 1x2 look good 🤷 • Use HiFi2 or HiFi4 with BF16 activations for improved accuracy
21416,0.018948865532338245,,TransposeDeviceOperation,3,4.881,0.591,110,,,,,BF16 => BF16,BFLOAT16,BFLOAT16,nan,False,DEV_0_L1_INTERLEAVED,,,,2251779.0,
21432,0.2633587575777391,SLOW,SparseMatmulDeviceOperation active=8/128 x 32 x 2816 x 192,3,75.432,0.62,3.0,57.3413935730194,11.199490932230352,3.6698491886732416,22.12245122415872,LoFi BF16 x BFP8 => BF16,BFLOAT16,BFLOAT16,BFLOAT8_B,False,DEV_0_L1_INTERLEAVED,44,1,2,2268163.0,in0_block_w=44 and output subblock 1x2 look good 🤷 • Use HiFi2 or HiFi4 with BF16 activations for improved accuracy
21435,0.26355960447117394,SLOW,SparseMatmulDeviceOperation active=8/128 x 32 x 2816 x 192,3,75.207,0.903,3.0,57.5129442738043,11.232996928477403,3.680828433523475,22.18863590810351,LoFi BF16 x BFP8 => BF16,BFLOAT16,BFLOAT16,BFLOAT8_B,False,DEV_0_L1_INTERLEAVED,44,1,2,2271235.0,in0_block_w=44 and output subblock 1x2 look good 🤷 • Use HiFi2 or HiFi4 with BF16 activations for improved accuracy
21441,0.06556265919659356,SLOW,SparseMatmulDeviceOperation active=8/128 x 32 x 192 x 2816,3,18.467,0.466,44.0,234.22190935181675,45.74646667027671,14.990202198516272,6.161140292293159,LoFi BF16 x BFP8 => BF16,BFLOAT16,BFLOAT16,BFLOAT8_B,False,DEV_0_L1_INTERLEAVED,6,1,2,2277379.0,in0_block_w=6 and output subblock 1x2 look good 🤷 • Use HiFi2 or HiFi4 with BF16 activations for improved accuracy
21444,0.018076220409138456,,BinaryNgDeviceOperation,3,4.753,0.467,110,,,,,"BF16, BF16 => BF16",BFLOAT16,BFLOAT16,BFLOAT16,False,DEV_0_L1_INTERLEAVED,,,,2280451.0,
21446,0.039016240488460335,,UntilizeDeviceOperation,3,10.786,0.481,88,,,,,BF16 => BF16,BFLOAT16,BFLOAT16,nan,False,DEV_0_DRAM_INTERLEAVED,,,,2282499.0,
21447,0.008324757445128131,,SliceDeviceOperation,3,0.99,1.414,1,,,,,BF16 => BF16,BFLOAT16,BFLOAT16,nan,False,DEV_0_DRAM_INTERLEAVED,,,,2283523.0,
21451,0.024974272335384396,,TilizeWithValPaddingDeviceOperation,3,5.707,1.505,1,,,,,BF16 => BF16,BFLOAT16,BFLOAT16,nan,False,DEV_0_DRAM_INTERLEAVED,,,,2287619.0,
21466,0.017203575285938667,,ReshapeViewDeviceOperation,3,4.351,0.617,4,,,,,BF16 => BF16,BFLOAT16,BFLOAT16,nan,False,DEV_0_DRAM_INTERLEAVED,,,,2302979.0,
21479,0.014405570287742524,,TransposeDeviceOperation,3,3.583,0.577,110,,,,,BF16 => BF16,BFLOAT16,BFLOAT16,nan,False,DEV_0_L1_INTERLEAVED,,,,2316291.0,
21481,0.26647534730345257,SLOW,SparseMatmulDeviceOperation active=8/128 x 32 x 2816 x 192,3,75.976,0.976,3.0,56.93082025902916,11.119300831841633,3.643572496577866,21.964051025860016,LoFi BF16 x BFP8 => BF16,BFLOAT16,BFLOAT16,BFLOAT8_B,False,DEV_0_L1_INTERLEAVED,44,1,2,2318339.0,in0_block_w=44 and output subblock 1x2 look good 🤷 • Use HiFi2 or HiFi4 with BF16 activations for improved accuracy
21482,0.01458217703886629,,TransposeDeviceOperation,3,3.721,0.49,110,,,,,BF16 => BF16,BFLOAT16,BFLOAT16,nan,False,DEV_0_L1_INTERLEAVED,,,,2319363.0,
21486,0.12621842101392483,,UnaryDeviceOperation,3,35.986,0.463,110,,,,,"BF16, BF16 => BF16",BFLOAT16,BFLOAT16,BFLOAT16,False,DEV_0_L1_INTERLEAVED,,,,2323459.0,
21487,0.06699629047042177,SLOW,SparseMatmulDeviceOperation active=8/128 x 32 x 192 x 2816,3,18.871,0.476,44.0,229.20756716655183,44.76710296221715,14.669284298659317,6.029239456190862,LoFi BF16 x BFP8 => BF16,BFLOAT16,BFLOAT16,BFLOAT8_B,False,DEV_0_L1_INTERLEAVED,6,1,2,2324483.0,in0_block_w=6 and output subblock 1x2 look good 🤷 • Use HiFi2 or HiFi4 with BF16 activations for improved accuracy
21500,0.015437507774701003,,UnaryDeviceOperation,3,3.921,0.537,110,,,,,"BF16, BF16 => BF16",BFLOAT16,BFLOAT16,BFLOAT16,False,DEV_0_L1_INTERLEAVED,,,,2337795.0,
21509,0.1264435080496708,,UnaryDeviceOperation,3,36.045,0.469,110,,,,,"BF16, BF16 => BF16",BFLOAT16,BFLOAT16,BFLOAT16,False,DEV_0_L1_INTERLEAVED,,,,2347011.0,
21512,0.015517153956580348,,ReshapeViewDeviceOperation,3,3.897,0.584,4,,,,,BF16 => BF16,BFLOAT16,BFLOAT16,nan,False,DEV_0_DRAM_INTERLEAVED,,,,2350083.0,
21525,0.0139623219711966,,TransposeDeviceOperation,3,3.478,0.554,110,,,,,BF16 => BF16,BFLOAT16,BFLOAT16,nan,False,DEV_0_L1_INTERLEAVED,,,,2363395.0,
21530,0.010880361020213223,,BinaryNgDeviceOperation,3,2.59,0.552,110,,,,,"BF16, BF16 => BF16",BFLOAT16,BFLOAT16,BFLOAT16,False,DEV_0_L1_INTERLEAVED,,,,2368515.0,
21532,0.1268313503266485,,UnaryDeviceOperation,3,36.151,0.475,110,,,,,"BF16, BF16 => BF16",BFLOAT16,BFLOAT16,BFLOAT16,False,DEV_0_L1_INTERLEAVED,,,,2370563.0,
21535,0.015714537972542207,,ReshapeViewDeviceOperation,3,3.954,0.584,4,,,,,BF16 => BF16,BFLOAT16,BFLOAT16,nan,False,DEV_0_DRAM_INTERLEAVED,,,,2373635.0,
21540,0.01469298911800277,,TilizeWithValPaddingDeviceOperation,3,3.708,0.535,88,,,,,BF16 => BF16,BFLOAT16,BFLOAT16,nan,False,DEV_0_DRAM_INTERLEAVED,,,,2378755.0,
21544,0.007663347847782261,,CopyDeviceOperation,3,1.673,0.54,88,,,,,BF16 => BF16,BFLOAT16,BFLOAT16,nan,False,DEV_0_DRAM_INTERLEAVED,,,,2382851.0,
21545,0.013740697812923638,,UntilizeWithUnpaddingDeviceOperation,3,2.452,1.516,1,,,,,BF16 => BF16,BFLOAT16,BFLOAT16,nan,False,DEV_0_DRAM_INTERLEAVED,,,,2383875.0,
21553,0.011309757826867087,,BinaryNgDeviceOperation,3,2.776,0.49,110,,,,,"BF16, BF16 => BF16",BFLOAT16,BFLOAT16,BFLOAT16,False,DEV_0_L1_INTERLEAVED,,,,2392067.0,
21555,0.126031425630382,,UnaryDeviceOperation,3,35.919,0.476,110,,,,,"BF16, BF16 => BF16",BFLOAT16,BFLOAT16,BFLOAT16,False,DEV_0_L1_INTERLEAVED,,,,2394115.0,
21575,0.007968081065407584,,UnaryDeviceOperation,3,1.79,0.511,110,,,,,BF16 => BF16,BFLOAT16,BFLOAT16,nan,False,DEV_0_L1_INTERLEAVED,,,,2414595.0,
21578,0.12683481320412152,,UnaryDeviceOperation,3,36.103,0.524,110,,,,,"BF16, BF16 => BF16",BFLOAT16,BFLOAT16,BFLOAT16,False,DEV_0_L1_INTERLEAVED,,,,2417667.0,
21580,0.127638200777861,,TransposeDeviceOperation,3,36.307,0.552,110,,,,,BF16 => BF16,BFLOAT16,BFLOAT16,nan,False,DEV_0_L1_INTERLEAVED,,,,2419715.0,
21585,0.007988858330245673,,SliceDeviceOperation,3,1.103,1.204,1,,,,,BF16 => BF16,BFLOAT16,BFLOAT16,nan,False,DEV_0_DRAM_INTERLEAVED,,,,2424835.0,
21588,0.008113521919274214,,SliceDeviceOperation,3,0.85,1.493,1,,,,,BF16 => BF16,BFLOAT16,BFLOAT16,nan,False,DEV_0_DRAM_INTERLEAVED,,,,2427907.0,
21590,0.0077568455395536666,,CopyDeviceOperation,3,1.704,0.536,88,,,,,BF16 => BF16,BFLOAT16,BFLOAT16,nan,False,DEV_0_DRAM_INTERLEAVED,,,,2429955.0,
21597,0.013913841686574387,,TransposeDeviceOperation,3,3.481,0.537,110,,,,,BF16 => BF16,BFLOAT16,BFLOAT16,nan,False,DEV_0_L1_INTERLEAVED,,,,2437123.0,
21606,0.012546005084733452,,ReduceDeviceOperation,3,3.102,0.521,88,,,,,BF16 => BF16,BFLOAT16,BFLOAT16,nan,False,DEV_0_L1_INTERLEAVED,,,,2446339.0,
21607,0.038818856472498484,,UntilizeDeviceOperation,3,10.746,0.464,88,,,,,BF16 => BF16,BFLOAT16,BFLOAT16,nan,False,DEV_0_DRAM_INTERLEAVED,,,,2447363.0,
21609,0.014824578461977343,,TilizeWithValPaddingDeviceOperation,3,3.746,0.535,88,,,,,BF16 => BF16,BFLOAT16,BFLOAT16,nan,False,DEV_0_DRAM_INTERLEAVED,,,,2449411.0,
21615,0.015496376691742256,,UnaryDeviceOperation,3,3.929,0.546,110,,,,,"BF16, BF16 => BF16",BFLOAT16,BFLOAT16,BFLOAT16,False,DEV_0_L1_INTERLEAVED,,,,2455555.0,
21617,0.01419779763936162,,TransposeDeviceOperation,3,3.556,0.544,110,,,,,BF16 => BF16,BFLOAT16,BFLOAT16,nan,False,DEV_0_L1_INTERLEAVED,,,,2457603.0,
21620,0.014544085386663125,,TransposeDeviceOperation,3,3.711,0.489,110,,,,,BF16 => BF16,BFLOAT16,BFLOAT16,nan,False,DEV_0_L1_INTERLEAVED,,,,2460675.0,
21621,0.008020024227502809,,UnaryDeviceOperation,3,1.834,0.482,110,,,,,BF16 => BF16,BFLOAT16,BFLOAT16,nan,False,DEV_0_L1_INTERLEAVED,,,,2461699.0,
21622,0.010592942189952976,,BinaryNgDeviceOperation,3,2.547,0.512,110,,,,,"BF16, BF16 => BF16",BFLOAT16,BFLOAT16,BFLOAT16,False,DEV_0_L1_INTERLEAVED,,,,2462723.0,
21623,0.0186164292949288,,TransposeDeviceOperation,3,4.876,0.5,110,,,,,BF16 => BF16,BFLOAT16,BFLOAT16,nan,False,DEV_0_L1_INTERLEAVED,,,,2463747.0,
21640,0.01414239159979338,,TransposeDeviceOperation,3,3.546,0.538,110,,,,,BF16 => BF16,BFLOAT16,BFLOAT16,nan,False,DEV_0_L1_INTERLEAVED,,,,2481155.0,
21642,0.26362886202063424,SLOW,SparseMatmulDeviceOperation active=8/128 x 32 x 2816 x 192,3,75.399,0.731,3.0,57.366490271754266,11.204392631202005,3.671455377392273,22.132133592497787,LoFi BF16 x BFP8 => BF16,BFLOAT16,BFLOAT16,BFLOAT8_B,False,DEV_0_L1_INTERLEAVED,44,1,2,2483203.0,in0_block_w=44 and output subblock 1x2 look good 🤷 • Use HiFi2 or HiFi4 with BF16 activations for improved accuracy
21643,0.013674903140936353,,TransposeDeviceOperation,3,3.413,0.536,110,,,,,BF16 => BF16,BFLOAT16,BFLOAT16,nan,False,DEV_0_L1_INTERLEAVED,,,,2484227.0,
21645,0.010575627802587901,,BinaryNgDeviceOperation,3,2.507,0.547,110,,,,,"BF16, BF16 => BF16",BFLOAT16,BFLOAT16,BFLOAT16,False,DEV_0_L1_INTERLEAVED,,,,2486275.0,
21658,0.025137027576616105,,TilizeWithValPaddingDeviceOperation,3,5.76,1.499,1,,,,,BF16 => BF16,BFLOAT16,BFLOAT16,nan,False,DEV_0_DRAM_INTERLEAVED,,,,2499587.0,
21660,0.013321689638688822,,UntilizeWithUnpaddingDeviceOperation,3,2.361,1.486,1,,,,,BF16 => BF16,BFLOAT16,BFLOAT16,nan,False,DEV_0_DRAM_INTERLEAVED,,,,2501635.0,
21673,0.017009654147449826,,ReshapeViewDeviceOperation,3,4.35,0.562,4,,,,,BF16 => BF16,BFLOAT16,BFLOAT16,nan,False,DEV_0_DRAM_INTERLEAVED,,,,2514947.0,
21675,0.012802258017736564,,ReduceDeviceOperation,3,3.196,0.501,88,,,,,BF16 => BF16,BFLOAT16,BFLOAT16,nan,False,DEV_0_L1_INTERLEAVED,,,,2516995.0,
21679,0.018893459492770003,,UntilizeDeviceOperation,3,3.989,1.467,1,,,,,BF16 => BF16,BFLOAT16,BFLOAT16,nan,False,DEV_0_DRAM_INTERLEAVED,,,,2521091.0,
21680,0.00824164838577577,,SliceDeviceOperation,3,0.872,1.508,1,,,,,BF16 => BF16,BFLOAT16,BFLOAT16,nan,False,DEV_0_DRAM_INTERLEAVED,,,,2522115.0,
21687,0.015579485751094618,,UnaryDeviceOperation,3,4.044,0.455,110,,,,,"BF16, BF16 => BF16",BFLOAT16,BFLOAT16,BFLOAT16,False,DEV_0_L1_INTERLEAVED,,,,2529283.0,
21688,0.26383317179154214,SLOW,SparseMatmulDeviceOperation active=8/128 x 32 x 2816 x 192,3,75.141,1.048,3.0,57.56346069389547,11.242863416776459,3.6840614844093102,22.208125267706585,LoFi BF16 x BFP8 => BF16,BFLOAT16,BFLOAT16,BFLOAT8_B,False,DEV_0_L1_INTERLEAVED,44,1,2,2530307.0,in0_block_w=44 and output subblock 1x2 look good 🤷 • Use HiFi2 or HiFi4 with BF16 activations for improved accuracy
21695,0.12717071231900398,,TransposeDeviceOperation,3,36.161,0.563,110,,,,,BF16 => BF16,BFLOAT16,BFLOAT16,nan,False,DEV_0_L1_INTERLEAVED,,,,2537475.0,
21699,0.03894352006152702,,UntilizeDeviceOperation,3,10.767,0.479,88,,,,,BF16 => BF16,BFLOAT16,BFLOAT16,nan,False,DEV_0_DRAM_INTERLEAVED,,,,2541571.0,
21702,0.018903848125189048,,UntilizeDeviceOperation,3,3.979,1.48,1,,,,,BF16 => BF16,BFLOAT16,BFLOAT16,nan,False,DEV_0_DRAM_INTERLEAVED,,,,2544643.0,
21704,0.025019289742533587,,TilizeWithValPaddingDeviceOperation,3,5.747,1.478,1,,,,,BF16 => BF16,BFLOAT16,BFLOAT16,nan,False,DEV_0_DRAM_INTERLEAVED,,,,2546691.0,
21706,0.013422113085406258,,UntilizeWithUnpaddingDeviceOperation,3,2.383,1.493,1,,,,,BF16 => BF16,BFLOAT16,BFLOAT16,nan,False,DEV_0_DRAM_INTERLEAVED,,,,2548739.0,
21718,0.1267897957969723,,TransposeDeviceOperation,3,36.081,0.533,110,,,,,BF16 => BF16,BFLOAT16,BFLOAT16,nan,False,DEV_0_L1_INTERLEAVED,,,,2561027.0,
21725,0.018460599808643126,,UntilizeDeviceOperation,3,3.858,1.473,1,,,,,BF16 => BF16,BFLOAT16,BFLOAT16,nan,False,DEV_0_DRAM_INTERLEAVED,,,,2568195.0,
21732,0.013948470461304542,,TransposeDeviceOperation,3,3.487,0.541,110,,,,,BF16 => BF16,BFLOAT16,BFLOAT16,nan,False,DEV_0_L1_INTERLEAVED,,,,2575363.0,
21740,0.0664733959719965,SLOW,SparseMatmulDeviceOperation active=8/128 x 32 x 192 x 2816,3,18.587,0.609,44.0,232.70974336902137,45.45112175176199,14.893423575617367,6.121363198890503,LoFi BF16 x BFP8 => BF16,BFLOAT16,BFLOAT16,BFLOAT8_B,False,DEV_0_L1_INTERLEAVED,6,1,2,2583555.0,in0_block_w=6 and output subblock 1x2 look good 🤷 • Use HiFi2 or HiFi4 with BF16 activations for improved accuracy
21744,0.012120071155552603,,ReduceDeviceOperation,3,3.004,0.496,88,,,,,BF16 => BF16,BFLOAT16,BFLOAT16,nan,False,DEV_0_L1_INTERLEAVED,,,,2587651.0,
21748,0.018585263397671664,,UntilizeDeviceOperation,3,3.878,1.489,1,,,,,BF16 => BF16,BFLOAT16,BFLOAT16,nan,False,DEV_0_DRAM_INTERLEAVED,,,,2591747.0,
21750,0.024988123845276457,,TilizeWithValPaddingDeviceOperation,3,5.75,1.466,1,,,,,BF16 => BF16,BFLOAT16,BFLOAT16,nan,False,DEV_0_DRAM_INTERLEAVED,,,,2593795.0,
21754,0.2699174475116295,SLOW,SparseMatmulDeviceOperation active=8/128 x 32 x 2816 x 192,3,77.27,0.676,3.0,55.97742979163969,10.933091756179628,3.5825555066649404,21.596230629490623,LoFi BF16 x BFP8 => BF16,BFLOAT16,BFLOAT16,BFLOAT8_B,False,DEV_0_L1_INTERLEAVED,44,1,2,2597891.0,in0_block_w=44 and output subblock 1x2 look good 🤷 • Use HiFi2 or HiFi4 with BF16 activations for improved accuracy
21758,0.014935390541113822,,TransposeDeviceOperation,3,3.779,0.534,110,,,,,BF16 => BF16,BFLOAT16,BFLOAT16,nan,False,DEV_0_L1_INTERLEAVED,,,,2601987.0,
21761,0.018703001231754175,,TransposeDeviceOperation,3,4.919,0.482,110,,,,,BF16 => BF16,BFLOAT16,BFLOAT16,nan,False,DEV_0_L1_INTERLEAVED,,,,2605059.0,
21763,0.06772349473975493,SLOW,SparseMatmulDeviceOperation active=8/128 x 32 x 192 x 2816,3,19.101,0.456,44.0,226.44762054342704,44.22805088738809,14.49264771477933,5.9566398501532785,LoFi BF16 x BFP8 => BF16,BFLOAT16,BFLOAT16,BFLOAT8_B,False,DEV_0_L1_INTERLEAVED,6,1,2,2607107.0,in0_block_w=6 and output subblock 1x2 look good 🤷 • Use HiFi2 or HiFi4 with BF16 activations for improved accuracy
21771,0.01884844208562081,,UntilizeDeviceOperation,3,3.966,1.477,1,,,,,BF16 => BF16,BFLOAT16,BFLOAT16,nan,False,DEV_0_DRAM_INTERLEAVED,,,,2615299.0,
21777,0.2642902716179801,SLOW,SparseMatmulDeviceOperation active=8/128 x 32 x 2816 x 192,3,75.547,0.774,3.0,57.25410671502509,11.182442717778338,3.6642628297616056,22.088775738821408,LoFi BF16 x BFP8 => BF16,BFLOAT16,BFLOAT16,BFLOAT8_B,False,DEV_0_L1_INTERLEAVED,44,1,2,2621443.0,in0_block_w=44 and output subblock 1x2 look good 🤷 • Use HiFi2 or HiFi4 with BF16 activations for improved accuracy
21789,0.019108157896096933,,BinaryNgDeviceOperation,3,4.984,0.534,110,,,,,"BF16, BF16 => BF16",BFLOAT16,BFLOAT16,BFLOAT16,False,DEV_0_L1_INTERLEAVED,,,,2633731.0,
21797,0.007781085681864772,,CopyDeviceOperation,3,1.708,0.539,88,,,,,BF16 => BF16,BFLOAT16,BFLOAT16,nan,False,DEV_0_DRAM_INTERLEAVED,,,,2641923.0,
21799,0.015357861592821659,,UnaryDeviceOperation,3,3.894,0.541,110,,,,,"BF16, BF16 => BF16",BFLOAT16,BFLOAT16,BFLOAT16,False,DEV_0_L1_INTERLEAVED,,,,2643971.0,
21800,0.2648893494208117,SLOW,SparseMatmulDeviceOperation active=8/128 x 32 x 2816 x 192,3,75.879,0.615,3.0,57.00359783339263,11.133515201834498,3.6482302613371282,21.992128793747156,LoFi BF16 x BFP8 => BF16,BFLOAT16,BFLOAT16,BFLOAT8_B,False,DEV_0_L1_INTERLEAVED,44,1,2,2644995.0,in0_block_w=44 and output subblock 1x2 look good 🤷 • Use HiFi2 or HiFi4 with BF16 activations for improved accuracy
21804,0.014100837070117202,,TransposeDeviceOperation,3,3.531,0.541,110,,,,,BF16 => BF16,BFLOAT16,BFLOAT16,nan,False,DEV_0_L1_INTERLEAVED,,,,2649091.0,
21809,0.06740491001223756,SLOW,SparseMatmulDeviceOperation active=8/128 x 32 x 192 x 2816,3,19.001,0.464,44.0,227.6393874006631,44.46081785169201,14.56892079364244,5.987988936254817,LoFi BF16 x BFP8 => BF16,BFLOAT16,BFLOAT16,BFLOAT8_B,False,DEV_0_L1_INTERLEAVED,6,1,2,2654211.0,in0_block_w=6 and output subblock 1x2 look good 🤷 • Use HiFi2 or HiFi4 with BF16 activations for improved accuracy
21823,0.2631336705419931,SLOW,SparseMatmulDeviceOperation active=8/128 x 32 x 2816 x 192,3,75.346,0.641,3.0,57.406843097178346,11.212274042417645,3.6740379582194143,22.147701812183005,LoFi BF16 x BFP8 => BF16,BFLOAT16,BFLOAT16,BFLOAT8_B,False,DEV_0_L1_INTERLEAVED,44,1,2,2668547.0,in0_block_w=44 and output subblock 1x2 look good 🤷 • Use HiFi2 or HiFi4 with BF16 activations for improved accuracy
21843,0.007680662235147336,,CopyDeviceOperation,3,1.681,0.537,88,,,,,BF16 => BF16,BFLOAT16,BFLOAT16,nan,False,DEV_0_DRAM_INTERLEAVED,,,,2689027.0,
21847,0.014755320912517042,,TransposeDeviceOperation,3,3.716,0.545,110,,,,,BF16 => BF16,BFLOAT16,BFLOAT16,nan,False,DEV_0_L1_INTERLEAVED,,,,2693123.0,
21848,0.015406341877443868,,UnaryDeviceOperation,3,3.979,0.47,110,,,,,"BF16, BF16 => BF16",BFLOAT16,BFLOAT16,BFLOAT16,False,DEV_0_L1_INTERLEAVED,,,,2694147.0,
21849,0.26833144962898864,SLOW,SparseMatmulDeviceOperation active=8/128 x 32 x 2816 x 192,3,76.799,0.689,3.0,56.320733342882065,11.000143231031654,3.6045269339444523,21.72867798722302,LoFi BF16 x BFP8 => BF16,BFLOAT16,BFLOAT16,BFLOAT8_B,False,DEV_0_L1_INTERLEAVED,44,1,2,2695171.0,in0_block_w=44 and output subblock 1x2 look good 🤷 • Use HiFi2 or HiFi4 with BF16 activations for improved accuracy
21856,0.12801565442241963,,TransposeDeviceOperation,3,36.442,0.526,110,,,,,BF16 => BF16,BFLOAT16,BFLOAT16,nan,False,DEV_0_L1_INTERLEAVED,,,,2702339.0,
21867,0.01385150989206012,,UntilizeWithUnpaddingDeviceOperation,3,2.502,1.498,1,,,,,BF16 => BF16,BFLOAT16,BFLOAT16,nan,False,DEV_0_DRAM_INTERLEAVED,,,,2713603.0,
21876,0.01877225878121448,,TransposeDeviceOperation,3,4.9,0.521,110,,,,,BF16 => BF16,BFLOAT16,BFLOAT16,nan,False,DEV_0_L1_INTERLEAVED,,,,2722819.0,
21878,0.06684046098413611,SLOW,SparseMatmulDeviceOperation active=8/128 x 32 x 192 x 2816,3,18.764,0.538,44.0,230.51460243018542,45.02238328714559,14.752934555531867,6.063620644733413,LoFi BF16 x BFP8 => BF16,BFLOAT16,BFLOAT16,BFLOAT8_B,False,DEV_0_L1_INTERLEAVED,6,1,2,2724867.0,in0_block_w=6 and output subblock 1x2 look good 🤷 • Use HiFi2 or HiFi4 with BF16 activations for improved accuracy
21879,0.1277524757344705,,TransposeDeviceOperation,3,36.304,0.588,110,,,,,BF16 => BF16,BFLOAT16,BFLOAT16,nan,False,DEV_0_L1_INTERLEAVED,,,,2725891.0,
21887,0.008210482488518637,,SliceDeviceOperation,3,0.853,1.518,1,,,,,BF16 => BF16,BFLOAT16,BFLOAT16,nan,False,DEV_0_DRAM_INTERLEAVED,,,,2734083.0,
21888,0.024981198090330423,,TilizeWithValPaddingDeviceOperation,3,5.744,1.47,1,,,,,BF16 => BF16,BFLOAT16,BFLOAT16,nan,False,DEV_0_DRAM_INTERLEAVED,,,,2735107.0,
21895,0.2646053934680244,SLOW,SparseMatmulDeviceOperation active=8/128 x 32 x 2816 x 192,3,75.273,1.139,3.0,57.46251644015782,11.223147742218325,3.677601052170101,22.16918072536953,LoFi BF16 x BFP8 => BF16,BFLOAT16,BFLOAT16,BFLOAT8_B,False,DEV_0_L1_INTERLEAVED,44,1,2,2742275.0,in0_block_w=44 and output subblock 1x2 look good 🤷 • Use HiFi2 or HiFi4 with BF16 activations for improved accuracy
21901,0.06564923113341893,SLOW,SparseMatmulDeviceOperation active=8/128 x 32 x 192 x 2816,3,18.351,0.607,44.0,235.70246853032532,46.03563838482916,15.08495798594082,6.20008597775477,LoFi BF16 x BFP8 => BF16,BFLOAT16,BFLOAT16,BFLOAT8_B,False,DEV_0_L1_INTERLEAVED,6,1,2,2748419.0,in0_block_w=6 and output subblock 1x2 look good 🤷 • Use HiFi2 or HiFi4 with BF16 activations for improved accuracy
21902,0.12749622280146738,,TransposeDeviceOperation,3,36.179,0.639,110,,,,,BF16 => BF16,BFLOAT16,BFLOAT16,nan,False,DEV_0_L1_INTERLEAVED,,,,2749443.0,
21905,0.011953853036847883,,ReduceDeviceOperation,3,2.939,0.513,88,,,,,BF16 => BF16,BFLOAT16,BFLOAT16,nan,False,DEV_0_L1_INTERLEAVED,,,,2752515.0,
21908,0.020919242814483797,,UntilizeWithUnpaddingDeviceOperation,3,1.288,4.753,88,,,,,BF16 => BF16,BFLOAT16,BFLOAT16,nan,False,DEV_0_L1_INTERLEAVED,,,,2755587.0,
21911,0.12395023626909996,,UntilizeWithUnpaddingDeviceOperation,3,1.284,34.51,88,,,,,BF16 => BF16,BFLOAT16,BFLOAT16,nan,False,DEV_0_L1_INTERLEAVED,,,,2758659.0,
21912,0.12377362951797619,,UntilizeWithUnpaddingDeviceOperation,3,1.279,34.464,88,,,,,BF16 => BF16,BFLOAT16,BFLOAT16,nan,False,DEV_0_L1_INTERLEAVED,,,,2759683.0,
21918,0.12405412259329043,,UntilizeWithUnpaddingDeviceOperation,3,1.281,34.543,88,,,,,BF16 => BF16,BFLOAT16,BFLOAT16,nan,False,DEV_0_L1_INTERLEAVED,,,,2765827.0,
21920,0.12393984763668094,,UntilizeWithUnpaddingDeviceOperation,3,1.277,34.514,88,,,,,BF16 => BF16,BFLOAT16,BFLOAT16,nan,False,DEV_0_L1_INTERLEAVED,,,,2767875.0,
21922,0.12439694746311891,,UntilizeWithUnpaddingDeviceOperation,3,1.278,34.645,88,,,,,BF16 => BF16,BFLOAT16,BFLOAT16,nan,False,DEV_0_L1_INTERLEAVED,,,,2769923.0,
21924,0.12427920962903638,,UntilizeWithUnpaddingDeviceOperation,3,1.282,34.607,88,,,,,BF16 => BF16,BFLOAT16,BFLOAT16,nan,False,DEV_0_L1_INTERLEAVED,,,,2771971.0,
21926,0.1299236999100509,,UntilizeWithUnpaddingDeviceOperation,3,1.281,36.238,88,,,,,BF16 => BF16,BFLOAT16,BFLOAT16,nan,False,DEV_0_L1_INTERLEAVED,,,,2774019.0,
21927,0.1238428870674365,,UntilizeWithUnpaddingDeviceOperation,3,1.274,34.489,88,,,,,BF16 => BF16,BFLOAT16,BFLOAT16,nan,False,DEV_0_L1_INTERLEAVED,,,,2775043.0,
21935,0.12323688350965889,,UntilizeWithUnpaddingDeviceOperation,3,1.278,34.31,88,,,,,BF16 => BF16,BFLOAT16,BFLOAT16,nan,False,DEV_0_L1_INTERLEAVED,,,,2783235.0,
21936,0.12400564230866823,,UntilizeWithUnpaddingDeviceOperation,3,1.287,34.523,88,,,,,BF16 => BF16,BFLOAT16,BFLOAT16,nan,False,DEV_0_L1_INTERLEAVED,,,,2784259.0,
21943,0.009678742537077008,,BinaryNgDeviceOperation,3,2.269,0.526,110,,,,,"BF16, BF16 => BF16",BFLOAT16,BFLOAT16,BFLOAT16,False,DEV_0_DRAM_INTERLEAVED,,,,2791427.0,
21944,0.15920579182186598,,LayerNormDeviceOperation,3,44.498,1.477,1,,,,,"BF16, BF16 => BF16",BFLOAT16,BFLOAT16,BFLOAT16,False,DEV_0_DRAM_INTERLEAVED,,,,2792451.0,
21946,0.02163259557392489,,BinaryNgDeviceOperation,3,5.704,0.543,110,,,,,"BF16, BF16 => BF16",BFLOAT16,BFLOAT16,BFLOAT16,False,DEV_0_DRAM_INTERLEAVED,,,,2794499.0,
21949,0.15839894137065347,,LayerNormDeviceOperation,3,44.278,1.464,1,,,,,"BF16, BF16 => BF16",BFLOAT16,BFLOAT16,BFLOAT16,False,DEV_0_DRAM_INTERLEAVED,,,,2797571.0,
21953,0.011053504893863975,,ShardedToInterleavedDeviceOperation,3,2.655,0.537,32,,,,,BF16 => BF16,BFLOAT16,BFLOAT16,nan,False,DEV_0_L1_HEIGHT_SHARDED,,,,2801667.0,
21956,0.03958415239403481,,LayerNormDeviceOperation,3,10.875,0.556,32,,,,,"BF16, BF16 => BF16",BFLOAT16,BFLOAT16,BFLOAT16,False,DEV_0_L1_INTERLEAVED,,,,2804739.0,
21959,0.017539474400821122,,TransposeDeviceOperation,3,4.544,0.521,110,,,,,BF16 => BF16,BFLOAT16,BFLOAT16,nan,False,DEV_0_DRAM_INTERLEAVED,,,,2807811.0,
21963,0.01674301258202767,,InterleavedToShardedDeviceOperation,3,4.291,0.544,32,,,,,BF16 => BF16,BFLOAT16,BFLOAT16,nan,False,DEV_0_DRAM_INTERLEAVED,,,,2811907.0,
21964,0.01827706730257333,,TransposeDeviceOperation,3,4.759,0.519,110,,,,,BF16 => BF16,BFLOAT16,BFLOAT16,nan,False,DEV_0_DRAM_INTERLEAVED,,,,2812931.0,
21969,0.03772805006849875,,SdpaDecodeDeviceOperation,3,10.353,0.542,32,,,,,"BF16, BF16 => BF16",BFLOAT16,BFLOAT16,BFLOAT16,False,DEV_0_L1_HEIGHT_SHARDED,,,,2818051.0,
21970,0.015742240992326323,,InterleavedToShardedDeviceOperation,3,4.01,0.536,32,,,,,BF16 => BF16,BFLOAT16,BFLOAT16,nan,False,DEV_0_DRAM_INTERLEAVED,,,,2819075.0,
21972,0.008335146077547177,,ShardedToInterleavedDeviceOperation,3,1.704,0.703,4,,,,,BF16 => BF16,BFLOAT16,BFLOAT16,nan,False,DEV_0_L1_WIDTH_SHARDED,,,,2821123.0,
21975,0.007569850156010854,,ShardedToInterleavedDeviceOperation,3,1.558,0.628,8,,,,,BF16 => BF16,BFLOAT16,BFLOAT16,nan,False,DEV_0_L1_WIDTH_SHARDED,,,,2824195.0,
21979,0.1556182507598224,,LayerNormDeviceOperation,3,44.248,0.691,1,,,,,"BF16, BF16 => BF16",BFLOAT16,BFLOAT16,BFLOAT16,False,DEV_0_DRAM_INTERLEAVED,,,,2828291.0,
21981,0.1584751246750598,,LayerNormDeviceOperation,3,44.293,1.471,1,,,,,"BF16, BF16 => BF16",BFLOAT16,BFLOAT16,BFLOAT16,False,DEV_0_DRAM_INTERLEAVED,,,,2830339.0,
21989,0.008629490662753455,,InterleavedToShardedDeviceOperation,3,0.951,1.541,1,,,,,BF16 => BF16,BFLOAT16,BFLOAT16,nan,False,DEV_0_DRAM_INTERLEAVED,,,,2838531.0,
21990,0.03279344966945233,SLOW,MatmulDeviceOperation 32 x 544 x 2816,3,8.905,0.565,12,172.02740033688937,33.599101628298705,11.00975362156092,16.592148952246273,LoFi BF16 x BFP8 => BF16,BFLOAT16,BFLOAT16,BFLOAT8_B,True,DEV_0_L1_WIDTH_SHARDED,17,,,2839555.0,No output subblock size found • Use HiFi2 or HiFi4 with BF16 activations for improved accuracy
21995,0.15620001417528895,,LayerNormDeviceOperation,3,44.436,0.671,1,,,,,"BF16, BF16 => BF16",BFLOAT16,BFLOAT16,BFLOAT16,False,DEV_0_DRAM_INTERLEAVED,,,,2844675.0,
21998,0.013931156073939462,,BinaryNgDeviceOperation,3,3.521,0.502,110,,,,,BF16 => BF16,BFLOAT16,BFLOAT16,nan,False,DEV_0_DRAM_INTERLEAVED,,,,2847747.0,
21999,0.009869200798092835,,TypecastDeviceOperation,3,2.35,0.5,88,,,,,BF16 => FP32,FLOAT32,BFLOAT16,nan,False,DEV_0_DRAM_INTERLEAVED,,,,2848771.0,
22002,0.09081742460729217,,TopKDeviceOperation,3,24.593,1.633,1,,,,,BF16 => BF16,BFLOAT16,BFLOAT16,nan,False,DEV_0_DRAM_INTERLEAVED,,,,2851843.0,
22006,0.008892669350702598,,UnaryDeviceOperation,3,2.044,0.524,110,,,,,BF16 => BF16,BFLOAT16,BFLOAT16,nan,False,DEV_0_DRAM_INTERLEAVED,,,,2855939.0,
22014,0.1597425378301833,,LayerNormDeviceOperation,3,44.62,1.51,1,,,,,"BF16, BF16 => BF16",BFLOAT16,BFLOAT16,BFLOAT16,False,DEV_0_DRAM_INTERLEAVED,,,,2864131.0,
22015,0.007853806108798086,,SliceDeviceOperation,3,1.726,0.542,88,,,,,BF16 => BF16,BFLOAT16,BFLOAT16,nan,False,DEV_0_DRAM_INTERLEAVED,,,,2865155.0,
22021,0.01456832552897423,,TransposeDeviceOperation,3,3.721,0.486,110,,,,,BF16 => BF16,BFLOAT16,BFLOAT16,nan,False,DEV_0_L1_INTERLEAVED,,,,2871299.0,
22022,0.01554485697636447,,UnaryDeviceOperation,3,4.016,0.473,110,,,,,"BF16, BF16 => BF16",BFLOAT16,BFLOAT16,BFLOAT16,False,DEV_0_L1_INTERLEAVED,,,,2872323.0,
22024,0.014751858035044025,,TransposeDeviceOperation,3,3.779,0.481,110,,,,,BF16 => BF16,BFLOAT16,BFLOAT16,nan,False,DEV_0_L1_INTERLEAVED,,,,2874371.0,
22025,0.008127373429166274,,UnaryDeviceOperation,3,1.871,0.476,110,,,,,BF16 => BF16,BFLOAT16,BFLOAT16,nan,False,DEV_0_L1_INTERLEAVED,,,,2875395.0,
22028,0.12596563095839472,,UnaryDeviceOperation,3,35.898,0.478,110,,,,,"BF16, BF16 => BF16",BFLOAT16,BFLOAT16,BFLOAT16,False,DEV_0_L1_INTERLEAVED,,,,2878467.0,
22032,0.018813813310890656,,BinaryNgDeviceOperation,3,4.934,0.499,110,,,,,"BF16, BF16 => BF16",BFLOAT16,BFLOAT16,BFLOAT16,False,DEV_0_L1_INTERLEAVED,,,,2882563.0,
22033,0.012095831013241501,,ReduceDeviceOperation,3,2.994,0.499,88,,,,,BF16 => BF16,BFLOAT16,BFLOAT16,nan,False,DEV_0_L1_INTERLEAVED,,,,2883587.0,
22034,0.03897814883625717,,UntilizeDeviceOperation,3,10.79,0.466,88,,,,,BF16 => BF16,BFLOAT16,BFLOAT16,nan,False,DEV_0_DRAM_INTERLEAVED,,,,2884611.0,
22039,0.024887700398559018,,TilizeWithValPaddingDeviceOperation,3,5.667,1.52,1,,,,,BF16 => BF16,BFLOAT16,BFLOAT16,nan,False,DEV_0_DRAM_INTERLEAVED,,,,2889731.0,
22041,0.013266283599120582,,UntilizeWithUnpaddingDeviceOperation,3,2.35,1.481,1,,,,,BF16 => BF16,BFLOAT16,BFLOAT16,nan,False,DEV_0_DRAM_INTERLEAVED,,,,2891779.0,
22043,0.2640236300525579,SLOW,SparseMatmulDeviceOperation active=8/128 x 32 x 2816 x 192,3,75.441,0.803,3.0,57.33455282936334,11.198154849485027,3.6694113810792537,22.119812048365485,LoFi BF16 x BFP8 => BF16,BFLOAT16,BFLOAT16,BFLOAT8_B,False,DEV_0_L1_INTERLEAVED,44,1,2,2893827.0,in0_block_w=44 and output subblock 1x2 look good 🤷 • Use HiFi2 or HiFi4 with BF16 activations for improved accuracy
22048,0.008044264369813914,,UnaryDeviceOperation,3,1.859,0.464,110,,,,,BF16 => BF16,BFLOAT16,BFLOAT16,nan,False,DEV_0_L1_INTERLEAVED,,,,2898947.0,
22074,0.1266131890458485,,UnaryDeviceOperation,3,36.059,0.504,110,,,,,"BF16, BF16 => BF16",BFLOAT16,BFLOAT16,BFLOAT16,False,DEV_0_L1_INTERLEAVED,,,,2925571.0,
22075,0.06598166737082838,SLOW,SparseMatmulDeviceOperation active=8/128 x 32 x 192 x 2816,3,18.598,0.456,44.0,232.57210452736854,45.42423916550167,14.884614689751587,6.1177426485524125,LoFi BF16 x BFP8 => BF16,BFLOAT16,BFLOAT16,BFLOAT8_B,False,DEV_0_L1_INTERLEAVED,6,1,2,2926595.0,in0_block_w=6 and output subblock 1x2 look good 🤷 • Use HiFi2 or HiFi4 with BF16 activations for improved accuracy
22077,0.015305918430726432,,ReshapeViewDeviceOperation,3,3.826,0.594,4,,,,,BF16 => BF16,BFLOAT16,BFLOAT16,nan,False,DEV_0_DRAM_INTERLEAVED,,,,2928643.0,
22079,0.012459433147908079,,ReduceDeviceOperation,3,3.087,0.511,88,,,,,BF16 => BF16,BFLOAT16,BFLOAT16,nan,False,DEV_0_L1_INTERLEAVED,,,,2930691.0,
22098,0.06658074517365997,SLOW,SparseMatmulDeviceOperation active=8/128 x 32 x 192 x 2816,3,18.767,0.46,44.0,230.47775350349013,45.015186231150416,14.75057622422337,6.062651344262682,LoFi BF16 x BFP8 => BF16,BFLOAT16,BFLOAT16,BFLOAT8_B,False,DEV_0_L1_INTERLEAVED,6,1,2,2950147.0,in0_block_w=6 and output subblock 1x2 look good 🤷 • Use HiFi2 or HiFi4 with BF16 activations for improved accuracy
22104,0.008092744654436124,,SliceDeviceOperation,3,0.962,1.375,1,,,,,BF16 => BF16,BFLOAT16,BFLOAT16,nan,False,DEV_0_DRAM_INTERLEAVED,,,,2956291.0,
22123,0.01672223531718958,,ReshapeViewDeviceOperation,3,4.263,0.566,4,,,,,BF16 => BF16,BFLOAT16,BFLOAT16,nan,False,DEV_0_DRAM_INTERLEAVED,,,,2975747.0,
22125,0.012580633859463604,,ReduceDeviceOperation,3,3.093,0.54,88,,,,,BF16 => BF16,BFLOAT16,BFLOAT16,nan,False,DEV_0_L1_INTERLEAVED,,,,2977795.0,
22127,0.007936915168150448,,SliceDeviceOperation,3,0.984,1.308,1,,,,,BF16 => BF16,BFLOAT16,BFLOAT16,nan,False,DEV_0_DRAM_INTERLEAVED,,,,2979843.0,
22132,0.007659884970309246,,CopyDeviceOperation,3,1.673,0.539,88,,,,,BF16 => BF16,BFLOAT16,BFLOAT16,nan,False,DEV_0_DRAM_INTERLEAVED,,,,2984963.0,
22135,0.2632444826211296,SLOW,SparseMatmulDeviceOperation active=8/128 x 32 x 2816 x 192,3,75.399,0.62,3.0,57.366490271754266,11.204392631202005,3.671455377392273,22.132133592497787,LoFi BF16 x BFP8 => BF16,BFLOAT16,BFLOAT16,BFLOAT8_B,False,DEV_0_L1_INTERLEAVED,44,1,2,2988035.0,in0_block_w=44 and output subblock 1x2 look good 🤷 • Use HiFi2 or HiFi4 with BF16 activations for improved accuracy
22150,0.008175853713788485,,SliceDeviceOperation,3,0.991,1.37,1,,,,,BF16 => BF16,BFLOAT16,BFLOAT16,nan,False,DEV_0_DRAM_INTERLEAVED,,,,3003395.0,
22153,0.00823472263082974,,SliceDeviceOperation,3,0.864,1.514,1,,,,,BF16 => BF16,BFLOAT16,BFLOAT16,nan,False,DEV_0_DRAM_INTERLEAVED,,,,3006467.0,
22155,0.007732605397242562,,CopyDeviceOperation,3,1.687,0.546,88,,,,,BF16 => BF16,BFLOAT16,BFLOAT16,nan,False,DEV_0_DRAM_INTERLEAVED,,,,3008515.0,
22157,0.017993111349786095,,UnaryDeviceOperation,3,4.652,0.544,110,,,,,"BF16, BF16 => BF16",BFLOAT16,BFLOAT16,BFLOAT16,False,DEV_0_L1_INTERLEAVED,,,,3010563.0,
22159,0.014738006525151967,,TransposeDeviceOperation,3,3.718,0.538,110,,,,,BF16 => BF16,BFLOAT16,BFLOAT16,nan,False,DEV_0_L1_INTERLEAVED,,,,3012611.0,
22160,0.015461747917012108,,UnaryDeviceOperation,3,4.004,0.461,110,,,,,"BF16, BF16 => BF16",BFLOAT16,BFLOAT16,BFLOAT16,False,DEV_0_L1_INTERLEAVED,,,,3013635.0,
22161,0.2630193955853836,SLOW,SparseMatmulDeviceOperation active=8/128 x 32 x 2816 x 192,3,75.311,0.643,3.0,57.433522327415645,11.217484829573369,3.675745428954601,22.157994725083192,LoFi BF16 x BFP8 => BF16,BFLOAT16,BFLOAT16,BFLOAT8_B,False,DEV_0_L1_INTERLEAVED,44,1,2,3014659.0,in0_block_w=44 and output subblock 1x2 look good 🤷 • Use HiFi2 or HiFi4 with BF16 activations for improved accuracy
22164,0.010807640593279908,,BinaryNgDeviceOperation,3,2.604,0.517,110,,,,,"BF16, BF16 => BF16",BFLOAT16,BFLOAT16,BFLOAT16,False,DEV_0_L1_INTERLEAVED,,,,3017731.0,
22167,0.06449955581237794,SLOW,SparseMatmulDeviceOperation active=8/128 x 32 x 192 x 2816,3,18.174,0.452,44.0,237.9980191482337,46.4839881148894,15.231873225486957,6.260469779783083,LoFi BF16 x BFP8 => BF16,BFLOAT16,BFLOAT16,BFLOAT8_B,False,DEV_0_L1_INTERLEAVED,6,1,2,3020803.0,in0_block_w=6 and output subblock 1x2 look good 🤷 • Use HiFi2 or HiFi4 with BF16 activations for improved accuracy
22168,0.1276001091256578,,TransposeDeviceOperation,3,36.35,0.498,110,,,,,BF16 => BF16,BFLOAT16,BFLOAT16,nan,False,DEV_0_L1_INTERLEAVED,,,,3021827.0,
22175,0.01856448613283358,,UntilizeDeviceOperation,3,3.89,1.471,1,,,,,BF16 => BF16,BFLOAT16,BFLOAT16,nan,False,DEV_0_DRAM_INTERLEAVED,,,,3028995.0,
22192,0.01657679446332295,,ReshapeViewDeviceOperation,3,4.115,0.672,4,,,,,BF16 => BF16,BFLOAT16,BFLOAT16,nan,False,DEV_0_DRAM_INTERLEAVED,,,,3046403.0,
22198,0.018789573168579553,,UntilizeDeviceOperation,3,3.936,1.49,1,,,,,BF16 => BF16,BFLOAT16,BFLOAT16,nan,False,DEV_0_DRAM_INTERLEAVED,,,,3052547.0,
22210,0.010495981620708555,,BinaryNgDeviceOperation,3,2.536,0.495,110,,,,,"BF16, BF16 => BF16",BFLOAT16,BFLOAT16,BFLOAT16,False,DEV_0_L1_INTERLEAVED,,,,3064835.0,
22215,0.01650753691386265,,ReshapeViewDeviceOperation,3,4.113,0.654,4,,,,,BF16 => BF16,BFLOAT16,BFLOAT16,nan,False,DEV_0_DRAM_INTERLEAVED,,,,3069955.0,
22221,0.018519468725684378,,UntilizeDeviceOperation,3,3.828,1.52,1,,,,,BF16 => BF16,BFLOAT16,BFLOAT16,nan,False,DEV_0_DRAM_INTERLEAVED,,,,3076099.0,
22227,0.2644807298789959,SLOW,SparseMatmulDeviceOperation active=8/128 x 32 x 2816 x 192,3,75.71,0.666,3.0,57.13084136837934,11.15836745476159,3.656373847576278,22.041219663726597,LoFi BF16 x BFP8 => BF16,BFLOAT16,BFLOAT16,BFLOAT8_B,False,DEV_0_L1_INTERLEAVED,44,1,2,3082243.0,in0_block_w=44 and output subblock 1x2 look good 🤷 • Use HiFi2 or HiFi4 with BF16 activations for improved accuracy
22237,0.1273161531728706,,TransposeDeviceOperation,3,36.211,0.555,110,,,,,BF16 => BF16,BFLOAT16,BFLOAT16,nan,False,DEV_0_L1_INTERLEAVED,,,,3092483.0,
22243,0.014855744359234478,,TilizeWithValPaddingDeviceOperation,3,3.744,0.546,88,,,,,BF16 => BF16,BFLOAT16,BFLOAT16,nan,False,DEV_0_DRAM_INTERLEAVED,,,,3098627.0,
22245,0.00811698479674723,,SliceDeviceOperation,3,0.839,1.505,1,,,,,BF16 => BF16,BFLOAT16,BFLOAT16,nan,False,DEV_0_DRAM_INTERLEAVED,,,,3100675.0,
22251,0.014218574904199713,,TransposeDeviceOperation,3,3.556,0.55,110,,,,,BF16 => BF16,BFLOAT16,BFLOAT16,nan,False,DEV_0_L1_INTERLEAVED,,,,3106819.0,
22254,0.014551011141609156,,TransposeDeviceOperation,3,3.736,0.466,110,,,,,BF16 => BF16,BFLOAT16,BFLOAT16,nan,False,DEV_0_L1_INTERLEAVED,,,,3109891.0,
22255,0.007895360638474267,,UnaryDeviceOperation,3,1.819,0.461,110,,,,,BF16 => BF16,BFLOAT16,BFLOAT16,nan,False,DEV_0_L1_INTERLEAVED,,,,3110915.0,
22258,0.12584096736936617,,UnaryDeviceOperation,3,35.877,0.463,110,,,,,"BF16, BF16 => BF16",BFLOAT16,BFLOAT16,BFLOAT16,False,DEV_0_L1_INTERLEAVED,,,,3113987.0,
22259,0.06643184144232034,SLOW,SparseMatmulDeviceOperation active=8/128 x 32 x 192 x 2816,3,18.68,0.504,44.0,231.5511777301927,45.224839400428266,14.819275374732333,6.09088746133714,LoFi BF16 x BFP8 => BF16,BFLOAT16,BFLOAT16,BFLOAT8_B,False,DEV_0_L1_INTERLEAVED,6,1,2,3115011.0,in0_block_w=6 and output subblock 1x2 look good 🤷 • Use HiFi2 or HiFi4 with BF16 activations for improved accuracy
22266,0.014893836011437643,,TilizeWithValPaddingDeviceOperation,3,3.765,0.536,88,,,,,BF16 => BF16,BFLOAT16,BFLOAT16,nan,False,DEV_0_DRAM_INTERLEAVED,,,,3122179.0,
22268,0.008549844480874109,,SliceDeviceOperation,3,0.967,1.502,1,,,,,BF16 => BF16,BFLOAT16,BFLOAT16,nan,False,DEV_0_DRAM_INTERLEAVED,,,,3124227.0,
22273,0.2645950048356054,SLOW,SparseMatmulDeviceOperation active=8/128 x 32 x 2816 x 192,3,75.553,0.856,3.0,57.249559911585244,11.181554670231494,3.6639718343414556,22.087021570827638,LoFi BF16 x BFP8 => BF16,BFLOAT16,BFLOAT16,BFLOAT8_B,False,DEV_0_L1_INTERLEAVED,44,1,2,3129347.0,in0_block_w=44 and output subblock 1x2 look good 🤷 • Use HiFi2 or HiFi4 with BF16 activations for improved accuracy
22274,0.014187409006942575,,TransposeDeviceOperation,3,3.557,0.54,110,,,,,BF16 => BF16,BFLOAT16,BFLOAT16,nan,False,DEV_0_L1_INTERLEAVED,,,,3130371.0,
22283,0.1270945290145976,,TransposeDeviceOperation,3,36.17,0.532,110,,,,,BF16 => BF16,BFLOAT16,BFLOAT16,nan,False,DEV_0_L1_INTERLEAVED,,,,3139587.0,
22285,0.018096997673976545,,BinaryNgDeviceOperation,3,4.764,0.462,110,,,,,"BF16, BF16 => BF16",BFLOAT16,BFLOAT16,BFLOAT16,False,DEV_0_L1_INTERLEAVED,,,,3141635.0,
22289,0.015250512391158192,,TilizeWithValPaddingDeviceOperation,3,3.858,0.546,88,,,,,BF16 => BF16,BFLOAT16,BFLOAT16,nan,False,DEV_0_DRAM_INTERLEAVED,,,,3145731.0,
22291,0.008110059041801199,,SliceDeviceOperation,3,0.841,1.501,1,,,,,BF16 => BF16,BFLOAT16,BFLOAT16,nan,False,DEV_0_DRAM_INTERLEAVED,,,,3147779.0,
22296,0.26395783538057066,SLOW,SparseMatmulDeviceOperation active=8/128 x 32 x 2816 x 192,3,75.611,0.614,3.0,57.20564468132943,11.172977476822155,3.6611612596050835,22.070078966562278,LoFi BF16 x BFP8 => BF16,BFLOAT16,BFLOAT16,BFLOAT8_B,False,DEV_0_L1_INTERLEAVED,44,1,2,3152899.0,in0_block_w=44 and output subblock 1x2 look good 🤷 • Use HiFi2 or HiFi4 with BF16 activations for improved accuracy
22297,0.014218574904199713,,TransposeDeviceOperation,3,3.57,0.536,110,,,,,BF16 => BF16,BFLOAT16,BFLOAT16,nan,False,DEV_0_L1_INTERLEAVED,,,,3153923.0,
22299,0.2643352890251293,SLOW,SparseMatmulDeviceOperation active=8/128 x 32 x 2816 x 192,3,75.47,0.864,3.0,57.31252153173446,11.193851861666888,3.6680013780310055,22.111312319341998,LoFi BF16 x BFP8 => BF16,BFLOAT16,BFLOAT16,BFLOAT8_B,False,DEV_0_L1_INTERLEAVED,44,1,2,3155971.0,in0_block_w=44 and output subblock 1x2 look good 🤷 • Use HiFi2 or HiFi4 with BF16 activations for improved accuracy
22305,0.06770618035238986,SLOW,SparseMatmulDeviceOperation active=8/128 x 32 x 192 x 2816,3,19.082,0.47,44.0,226.67309506341053,44.272088879572365,14.507078084058273,5.9625708928717,LoFi BF16 x BFP8 => BF16,BFLOAT16,BFLOAT16,BFLOAT8_B,False,DEV_0_L1_INTERLEAVED,6,1,2,3162115.0,in0_block_w=6 and output subblock 1x2 look good 🤷 • Use HiFi2 or HiFi4 with BF16 activations for improved accuracy
22309,0.012452507392962046,,ReduceDeviceOperation,3,3.099,0.497,88,,,,,BF16 => BF16,BFLOAT16,BFLOAT16,nan,False,DEV_0_L1_INTERLEAVED,,,,3166211.0,
22310,0.03881193071755245,,UntilizeDeviceOperation,3,10.738,0.47,88,,,,,BF16 => BF16,BFLOAT16,BFLOAT16,nan,False,DEV_0_DRAM_INTERLEAVED,,,,3167235.0,
22318,0.015437507774701003,,UnaryDeviceOperation,3,3.924,0.534,110,,,,,"BF16, BF16 => BF16",BFLOAT16,BFLOAT16,BFLOAT16,False,DEV_0_L1_INTERLEAVED,,,,3175427.0,
22319,0.2688370297400488,SLOW,SparseMatmulDeviceOperation active=8/128 x 32 x 2816 x 192,3,76.895,0.739,3.0,56.25041940308212,10.986410039664477,3.600026841797256,21.701550695633536,LoFi BF16 x BFP8 => BF16,BFLOAT16,BFLOAT16,BFLOAT8_B,False,DEV_0_L1_INTERLEAVED,44,1,2,3176451.0,in0_block_w=44 and output subblock 1x2 look good 🤷 • Use HiFi2 or HiFi4 with BF16 activations for improved accuracy
22324,0.008068504512125018,,UnaryDeviceOperation,3,1.863,0.467,110,,,,,BF16 => BF16,BFLOAT16,BFLOAT16,nan,False,DEV_0_L1_INTERLEAVED,,,,3181571.0,
22326,0.019135860915881053,,TransposeDeviceOperation,3,5.022,0.504,110,,,,,BF16 => BF16,BFLOAT16,BFLOAT16,nan,False,DEV_0_L1_INTERLEAVED,,,,3183619.0,
22331,0.018962717042230303,,BinaryNgDeviceOperation,3,5.024,0.452,110,,,,,"BF16, BF16 => BF16",BFLOAT16,BFLOAT16,BFLOAT16,False,DEV_0_L1_INTERLEAVED,,,,3188739.0,
22344,0.015569097118675573,,UnaryDeviceOperation,3,3.927,0.569,110,,,,,"BF16, BF16 => BF16",BFLOAT16,BFLOAT16,BFLOAT16,False,DEV_0_L1_INTERLEAVED,,,,3202051.0,
22348,0.010430186948721267,,BinaryNgDeviceOperation,3,2.53,0.482,110,,,,,"BF16, BF16 => BF16",BFLOAT16,BFLOAT16,BFLOAT16,False,DEV_0_L1_INTERLEAVED,,,,3206147.0,
22349,0.018789573168579553,,TransposeDeviceOperation,3,4.925,0.501,110,,,,,BF16 => BF16,BFLOAT16,BFLOAT16,nan,False,DEV_0_L1_INTERLEAVED,,,,3207171.0,
22358,0.014921539031221764,,TilizeWithValPaddingDeviceOperation,3,3.773,0.536,88,,,,,BF16 => BF16,BFLOAT16,BFLOAT16,nan,False,DEV_0_DRAM_INTERLEAVED,,,,3216387.0,
22367,0.015520616834053364,,UnaryDeviceOperation,3,3.924,0.558,110,,,,,"BF16, BF16 => BF16",BFLOAT16,BFLOAT16,BFLOAT16,False,DEV_0_L1_INTERLEAVED,,,,3225603.0,
22368,0.2643699177998594,SLOW,SparseMatmulDeviceOperation active=8/128 x 32 x 2816 x 192,3,75.556,0.788,3.0,57.247286780665995,11.181110699348826,3.6638263539626235,22.086144591306326,LoFi BF16 x BFP8 => BF16,BFLOAT16,BFLOAT16,BFLOAT8_B,False,DEV_0_L1_INTERLEAVED,44,1,2,3226627.0,in0_block_w=44 and output subblock 1x2 look good 🤷 • Use HiFi2 or HiFi4 with BF16 activations for improved accuracy
22374,0.06712095405945032,SLOW,SparseMatmulDeviceOperation active=8/128 x 32 x 192 x 2816,3,18.864,0.519,44.0,229.29262086513992,44.78371501272264,14.674727735368956,6.031476769390254,LoFi BF16 x BFP8 => BF16,BFLOAT16,BFLOAT16,BFLOAT8_B,False,DEV_0_L1_INTERLEAVED,6,1,2,3232771.0,in0_block_w=6 and output subblock 1x2 look good 🤷 • Use HiFi2 or HiFi4 with BF16 activations for improved accuracy
22380,0.00886842920839149,,SliceDeviceOperation,3,0.998,1.563,1,,,,,BF16 => BF16,BFLOAT16,BFLOAT16,nan,False,DEV_0_DRAM_INTERLEAVED,,,,3238915.0,
22383,0.00814468781653135,,SliceDeviceOperation,3,0.859,1.493,1,,,,,BF16 => BF16,BFLOAT16,BFLOAT16,nan,False,DEV_0_DRAM_INTERLEAVED,,,,3241987.0,
22384,0.02475264817711143,,TilizeWithValPaddingDeviceOperation,3,5.678,1.47,1,,,,,BF16 => BF16,BFLOAT16,BFLOAT16,nan,False,DEV_0_DRAM_INTERLEAVED,,,,3243011.0,
22398,0.12771438408226732,,TransposeDeviceOperation,3,36.382,0.499,110,,,,,BF16 => BF16,BFLOAT16,BFLOAT16,nan,False,DEV_0_L1_INTERLEAVED,,,,3257347.0,
22400,0.018585263397671664,,BinaryNgDeviceOperation,3,4.91,0.457,110,,,,,"BF16, BF16 => BF16",BFLOAT16,BFLOAT16,BFLOAT16,False,DEV_0_L1_INTERLEAVED,,,,3259395.0,
22402,0.03886041100217466,,UntilizeDeviceOperation,3,10.774,0.448,88,,,,,BF16 => BF16,BFLOAT16,BFLOAT16,nan,False,DEV_0_DRAM_INTERLEAVED,,,,3261443.0,
22403,0.007898823515947284,,SliceDeviceOperation,3,0.914,1.367,1,,,,,BF16 => BF16,BFLOAT16,BFLOAT16,nan,False,DEV_0_DRAM_INTERLEAVED,,,,3262467.0,
22410,0.015513691079107333,,UnaryDeviceOperation,3,3.948,0.532,110,,,,,"BF16, BF16 => BF16",BFLOAT16,BFLOAT16,BFLOAT16,False,DEV_0_L1_INTERLEAVED,,,,3269635.0,
22412,0.014111225702536246,,TransposeDeviceOperation,3,3.533,0.542,110,,,,,BF16 => BF16,BFLOAT16,BFLOAT16,nan,False,DEV_0_L1_INTERLEAVED,,,,3271683.0,
22414,0.2640201671750849,SLOW,SparseMatmulDeviceOperation active=8/128 x 32 x 2816 x 192,3,75.395,0.848,3.0,57.36953378871278,11.204987068107965,3.6716501624776177,22.133307788855237,LoFi BF16 x BFP8 => BF16,BFLOAT16,BFLOAT16,BFLOAT8_B,False,DEV_0_L1_INTERLEAVED,44,1,2,3273731.0,in0_block_w=44 and output subblock 1x2 look good 🤷 • Use HiFi2 or HiFi4 with BF16 activations for improved accuracy
22430,0.02469031638259716,,TilizeWithValPaddingDeviceOperation,3,5.665,1.465,1,,,,,BF16 => BF16,BFLOAT16,BFLOAT16,nan,False,DEV_0_DRAM_INTERLEAVED,,,,3290115.0,
22439,0.00819316810115356,,UnaryDeviceOperation,3,1.81,0.556,110,,,,,BF16 => BF16,BFLOAT16,BFLOAT16,nan,False,DEV_0_L1_INTERLEAVED,,,,3299331.0,
22440,0.011005024609241765,,BinaryNgDeviceOperation,3,2.707,0.471,110,,,,,"BF16, BF16 => BF16",BFLOAT16,BFLOAT16,BFLOAT16,False,DEV_0_L1_INTERLEAVED,,,,3300355.0,
22444,0.12735078194760074,,TransposeDeviceOperation,3,36.274,0.502,110,,,,,BF16 => BF16,BFLOAT16,BFLOAT16,nan,False,DEV_0_L1_INTERLEAVED,,,,3304451.0,
22447,0.012307066539095416,,ReduceDeviceOperation,3,3.055,0.499,88,,,,,BF16 => BF16,BFLOAT16,BFLOAT16,nan,False,DEV_0_L1_INTERLEAVED,,,,3307523.0,
22449,0.008310905935236071,,SliceDeviceOperation,3,1.074,1.326,1,,,,,BF16 => BF16,BFLOAT16,BFLOAT16,nan,False,DEV_0_DRAM_INTERLEAVED,,,,3309571.0,
22461,0.014592565671285338,,TransposeDeviceOperation,3,3.75,0.464,110,,,,,BF16 => BF16,BFLOAT16,BFLOAT16,nan,False,DEV_0_L1_INTERLEAVED,,,,3321859.0,
22485,0.007850343231325073,,UnaryDeviceOperation,3,1.803,0.464,110,,,,,BF16 => BF16,BFLOAT16,BFLOAT16,nan,False,DEV_0_L1_INTERLEAVED,,,,3346435.0,
22487,0.018969642797176337,,TransposeDeviceOperation,3,4.993,0.485,110,,,,,BF16 => BF16,BFLOAT16,BFLOAT16,nan,False,DEV_0_L1_INTERLEAVED,,,,3348483.0,
22488,0.12585481887925826,,UnaryDeviceOperation,3,35.881,0.463,110,,,,,"BF16, BF16 => BF16",BFLOAT16,BFLOAT16,BFLOAT16,False,DEV_0_L1_INTERLEAVED,,,,3349507.0,
22490,0.13542967509214482,,TransposeDeviceOperation,3,38.59,0.519,110,,,,,BF16 => BF16,BFLOAT16,BFLOAT16,nan,False,DEV_0_L1_INTERLEAVED,,,,3351555.0,
22495,0.00882687467871531,,SliceDeviceOperation,3,0.987,1.562,1,,,,,BF16 => BF16,BFLOAT16,BFLOAT16,nan,False,DEV_0_DRAM_INTERLEAVED,,,,3356675.0,
22499,0.02461413307819083,,TilizeWithValPaddingDeviceOperation,3,5.638,1.47,1,,,,,BF16 => BF16,BFLOAT16,BFLOAT16,nan,False,DEV_0_DRAM_INTERLEAVED,,,,3360771.0,
22505,0.015579485751094621,,UnaryDeviceOperation,3,3.939,0.56,110,,,,,"BF16, BF16 => BF16",BFLOAT16,BFLOAT16,BFLOAT16,False,DEV_0_L1_INTERLEAVED,,,,3366915.0,
22506,0.26436299204491337,SLOW,SparseMatmulDeviceOperation active=8/128 x 32 x 2816 x 192,3,75.572,0.77,3.0,57.23516646376965,11.178743449955011,3.6630506536812577,22.08146854312101,LoFi BF16 x BFP8 => BF16,BFLOAT16,BFLOAT16,BFLOAT8_B,False,DEV_0_L1_INTERLEAVED,44,1,2,3367939.0,in0_block_w=44 and output subblock 1x2 look good 🤷 • Use HiFi2 or HiFi4 with BF16 activations for improved accuracy
22507,0.014499067979513927,,TransposeDeviceOperation,3,3.703,0.484,110,,,,,BF16 => BF16,BFLOAT16,BFLOAT16,nan,False,DEV_0_L1_INTERLEAVED,,,,3368963.0,
22508,0.007798400069229848,,UnaryDeviceOperation,3,1.786,0.466,110,,,,,BF16 => BF16,BFLOAT16,BFLOAT16,nan,False,DEV_0_L1_INTERLEAVED,,,,3369987.0,
22509,0.01035400364431494,,BinaryNgDeviceOperation,3,2.5,0.49,110,,,,,"BF16, BF16 => BF16",BFLOAT16,BFLOAT16,BFLOAT16,False,DEV_0_L1_INTERLEAVED,,,,3371011.0,
22510,0.018886533737823973,,TransposeDeviceOperation,3,4.963,0.491,110,,,,,BF16 => BF16,BFLOAT16,BFLOAT16,nan,False,DEV_0_L1_INTERLEAVED,,,,3372035.0,
22512,0.06544145848503803,SLOW,SparseMatmulDeviceOperation active=8/128 x 32 x 192 x 2816,3,18.435,0.463,44.0,234.62847843775424,45.825874694873875,15.016222620016272,6.171834975740589,LoFi BF16 x BFP8 => BF16,BFLOAT16,BFLOAT16,BFLOAT8_B,False,DEV_0_L1_INTERLEAVED,6,1,2,3374083.0,in0_block_w=6 and output subblock 1x2 look good 🤷 • Use HiFi2 or HiFi4 with BF16 activations for improved accuracy
22513,0.12673438975740406,,TransposeDeviceOperation,3,36.117,0.481,110,,,,,BF16 => BF16,BFLOAT16,BFLOAT16,nan,False,DEV_0_L1_INTERLEAVED,,,,3375107.0,
22515,0.019118546528515978,,BinaryNgDeviceOperation,3,4.983,0.538,110,,,,,"BF16, BF16 => BF16",BFLOAT16,BFLOAT16,BFLOAT16,False,DEV_0_L1_INTERLEAVED,,,,3377155.0,
22517,0.03889503977690481,,UntilizeDeviceOperation,3,10.779,0.453,88,,,,,BF16 => BF16,BFLOAT16,BFLOAT16,nan,False,DEV_0_DRAM_INTERLEAVED,,,,3379203.0,
22519,0.01472069213778689,,TilizeWithValPaddingDeviceOperation,3,3.719,0.532,88,,,,,BF16 => BF16,BFLOAT16,BFLOAT16,nan,False,DEV_0_DRAM_INTERLEAVED,,,,3381251.0,
22520,0.018876145105404928,,UntilizeDeviceOperation,3,3.958,1.493,1,,,,,BF16 => BF16,BFLOAT16,BFLOAT16,nan,False,DEV_0_DRAM_INTERLEAVED,,,,3382275.0,
22523,0.02564607056514931,,UnaryDeviceOperation,3,3.31,4.096,109,,,,,"BF16, BF16 => BF16",BFLOAT16,BFLOAT16,BFLOAT16,False,DEV_0_L1_INTERLEAVED,,,,3387395.0,
22529,0.007815714456594923,,UnaryDeviceOperation,3,1.801,0.456,109,,,,,BF16 => BF16,BFLOAT16,BFLOAT16,nan,False,DEV_0_L1_INTERLEAVED,,,,3393539.0,
22533,0.06541721834272692,SLOW,SparseMatmulDeviceOperation active=8/128 x 32 x 192 x 2816,3,18.423,0.468,43.0,234.78130597622538,45.85572382348152,15.026003582478424,6.31947959668996,LoFi BF16 x BFP8 => BF16,BFLOAT16,BFLOAT16,BFLOAT8_B,False,DEV_0_L1_INTERLEAVED,6,1,2,3397635.0,in0_block_w=6 and output subblock 1x2 look good 🤷 • Use HiFi2 or HiFi4 with BF16 activations for improved accuracy
22534,0.1274546682717912,,TransposeDeviceOperation,3,36.243,0.563,109,,,,,BF16 => BF16,BFLOAT16,BFLOAT16,nan,False,DEV_0_L1_INTERLEAVED,,,,3398659.0,
22536,0.018955791287284272,,BinaryNgDeviceOperation,3,5.013,0.461,109,,,,,"BF16, BF16 => BF16",BFLOAT16,BFLOAT16,BFLOAT16,False,DEV_0_L1_INTERLEAVED,,,,3400707.0,
22538,0.03919977299453013,,UntilizeDeviceOperation,3,10.867,0.453,87,,,,,BF16 => BF16,BFLOAT16,BFLOAT16,nan,False,DEV_0_DRAM_INTERLEAVED,,,,3402755.0,
22539,0.01971069857640155,,TilizeWithValPaddingDeviceOperation,3,3.621,2.071,87,,,,,BF16 => BF16,BFLOAT16,BFLOAT16,nan,False,DEV_0_DRAM_INTERLEAVED,,,,3404803.0,
22540,0.053477216815771104,,CopyDeviceOperation,3,1.246,14.197,87,,,,,BF16 => BF16,BFLOAT16,BFLOAT16,nan,False,DEV_0_DRAM_INTERLEAVED,,,,3408899.0,
22545,0.264743908566945,SLOW,SparseMatmulDeviceOperation active=8/128 x 32 x 2816 x 192,3,75.587,0.865,2.0,57.22380832682868,11.176525063833727,3.6623237329170357,33.1156298187666,LoFi BF16 x BFP8 => BF16,BFLOAT16,BFLOAT16,BFLOAT8_B,False,DEV_0_L1_INTERLEAVED,44,1,2,3415043.0,in0_block_w=44 and output subblock 1x2 look good 🤷 • Use HiFi2 or HiFi4 with BF16 activations for improved accuracy
22547,0.007853806108798088,,UnaryDeviceOperation,3,1.806,0.462,109,,,,,BF16 => BF16,BFLOAT16,BFLOAT16,nan,False,DEV_0_L1_INTERLEAVED,,,,3417091.0,
22551,0.06263652773189586,SLOW,SparseMatmulDeviceOperation active=8/128 x 32 x 192 x 2816,3,17.542,0.546,43.0,246.57256869228135,48.1587048227112,15.780644396306005,6.63685854576554,LoFi BF16 x BFP8 => BF16,BFLOAT16,BFLOAT16,BFLOAT8_B,False,DEV_0_L1_INTERLEAVED,6,1,2,3421187.0,in0_block_w=6 and output subblock 1x2 look good 🤷 • Use HiFi2 or HiFi4 with BF16 activations for improved accuracy
22552,0.1276174235130229,,TransposeDeviceOperation,3,36.281,0.572,109,,,,,BF16 => BF16,BFLOAT16,BFLOAT16,nan,False,DEV_0_L1_INTERLEAVED,,,,3422211.0,
22559,0.025417520651930318,,UnaryDeviceOperation,3,3.317,4.023,109,,,,,"BF16, BF16 => BF16",BFLOAT16,BFLOAT16,BFLOAT16,False,DEV_0_L1_INTERLEAVED,,,,3434499.0,
22560,0.2650347902746783,SLOW,SparseMatmulDeviceOperation active=8/128 x 32 x 2816 x 192,3,75.301,1.235,2.0,57.44114951992669,11.218974515610682,3.676233569275308,33.2414059721798,LoFi BF16 x BFP8 => BF16,BFLOAT16,BFLOAT16,BFLOAT8_B,False,DEV_0_L1_INTERLEAVED,44,1,2,3435523.0,in0_block_w=44 and output subblock 1x2 look good 🤷 • Use HiFi2 or HiFi4 with BF16 activations for improved accuracy
22563,0.26469889115979583,SLOW,SparseMatmulDeviceOperation active=8/128 x 32 x 2816 x 192,3,75.841,0.598,2.0,57.03215938608404,11.13909363009454,3.6500582007093785,33.00472186694678,LoFi BF16 x BFP8 => BF16,BFLOAT16,BFLOAT16,BFLOAT8_B,False,DEV_0_L1_INTERLEAVED,44,1,2,3438595.0,in0_block_w=44 and output subblock 1x2 look good 🤷 • Use HiFi2 or HiFi4 with BF16 activations for improved accuracy
22565,0.007815714456594923,,UnaryDeviceOperation,3,1.801,0.456,109,,,,,BF16 => BF16,BFLOAT16,BFLOAT16,nan,False,DEV_0_L1_INTERLEAVED,,,,3440643.0,
22568,0.12627382705349305,,UnaryDeviceOperation,3,35.991,0.474,109,,,,,"BF16, BF16 => BF16",BFLOAT16,BFLOAT16,BFLOAT16,False,DEV_0_L1_INTERLEAVED,,,,3443715.0,
22578,0.26437684355480545,SLOW,SparseMatmulDeviceOperation active=8/128 x 32 x 2816 x 192,3,75.113,1.233,2.0,57.584918722458156,11.247054437980108,3.685434798237322,33.324605742163286,LoFi BF16 x BFP8 => BF16,BFLOAT16,BFLOAT16,BFLOAT8_B,False,DEV_0_L1_INTERLEAVED,44,1,2,3459075.0,in0_block_w=44 and output subblock 1x2 look good 🤷 • Use HiFi2 or HiFi4 with BF16 activations for improved accuracy
22579,0.014779561054828146,,TransposeDeviceOperation,3,3.787,0.481,109,,,,,BF16 => BF16,BFLOAT16,BFLOAT16,nan,False,DEV_0_L1_INTERLEAVED,,,,3460099.0,
22581,0.26511443645655763,SLOW,SparseMatmulDeviceOperation active=8/128 x 32 x 2816 x 192,3,75.937,0.622,2.0,56.960058996273226,11.125011522709615,3.6454437757614864,32.962997104324785,LoFi BF16 x BFP8 => BF16,BFLOAT16,BFLOAT16,BFLOAT8_B,False,DEV_0_L1_INTERLEAVED,44,1,2,3462147.0,in0_block_w=44 and output subblock 1x2 look good 🤷 • Use HiFi2 or HiFi4 with BF16 activations for improved accuracy
22587,0.06398358706889869,SLOW,SparseMatmulDeviceOperation active=8/128 x 32 x 192 x 2816,3,18.019,0.458,43.0,240.04528553193848,46.88384483045673,15.362898274044063,6.4611672462300405,LoFi BF16 x BFP8 => BF16,BFLOAT16,BFLOAT16,BFLOAT8_B,False,DEV_0_L1_INTERLEAVED,6,1,2,3468291.0,in0_block_w=6 and output subblock 1x2 look good 🤷 • Use HiFi2 or HiFi4 with BF16 activations for improved accuracy
22592,0.038829245104917524,,UntilizeDeviceOperation,3,10.764,0.449,87,,,,,BF16 => BF16,BFLOAT16,BFLOAT16,nan,False,DEV_0_DRAM_INTERLEAVED,,,,3473411.0,
22613,0.025843454581111168,,UnaryDeviceOperation,3,3.378,4.085,109,,,,,"BF16, BF16 => BF16",BFLOAT16,BFLOAT16,BFLOAT16,False,DEV_0_L1_INTERLEAVED,,,,3505155.0,
22617,0.2647577600768371,SLOW,SparseMatmulDeviceOperation active=8/128 x 32 x 2816 x 192,3,75.711,0.745,2.0,57.130086777350705,11.15822007370131,3.6563255537504453,33.061392810966844,LoFi BF16 x BFP8 => BF16,BFLOAT16,BFLOAT16,BFLOAT8_B,False,DEV_0_L1_INTERLEAVED,44,1,2,3509251.0,in0_block_w=44 and output subblock 1x2 look good 🤷 • Use HiFi2 or HiFi4 with BF16 activations for improved accuracy
22622,0.1257509325550678,,UnaryDeviceOperation,3,35.84,0.474,109,,,,,"BF16, BF16 => BF16",BFLOAT16,BFLOAT16,BFLOAT16,False,DEV_0_L1_INTERLEAVED,,,,3514371.0,
22624,0.12770745832732128,,TransposeDeviceOperation,3,36.363,0.516,109,,,,,BF16 => BF16,BFLOAT16,BFLOAT16,nan,False,DEV_0_L1_INTERLEAVED,,,,3516419.0,
22627,0.012023110586308183,,ReduceDeviceOperation,3,2.993,0.479,87,,,,,BF16 => BF16,BFLOAT16,BFLOAT16,nan,False,DEV_0_L1_INTERLEAVED,,,,3519491.0,
22630,0.0539377795196821,,CopyDeviceOperation,3,1.256,14.32,87,,,,,BF16 => BF16,BFLOAT16,BFLOAT16,nan,False,DEV_0_DRAM_INTERLEAVED,,,,3526659.0,
22631,0.025732642501974688,,UnaryDeviceOperation,3,3.334,4.097,109,,,,,"BF16, BF16 => BF16",BFLOAT16,BFLOAT16,BFLOAT16,False,DEV_0_L1_INTERLEAVED,,,,3528707.0,
22634,0.01573877811485331,,UnaryDeviceOperation,3,4.087,0.458,109,,,,,"BF16, BF16 => BF16",BFLOAT16,BFLOAT16,BFLOAT16,False,DEV_0_L1_INTERLEAVED,,,,3531779.0,
22639,0.018928088267500153,,TransposeDeviceOperation,3,4.973,0.493,109,,,,,BF16 => BF16,BFLOAT16,BFLOAT16,nan,False,DEV_0_L1_INTERLEAVED,,,,3536899.0,
22645,0.012272437764365264,,ReduceDeviceOperation,3,3.045,0.499,87,,,,,BF16 => BF16,BFLOAT16,BFLOAT16,nan,False,DEV_0_L1_INTERLEAVED,,,,3543043.0,
22659,0.06297242684677831,SLOW,SparseMatmulDeviceOperation active=8/128 x 32 x 192 x 2816,3,17.587,0.598,43.0,245.94166145448344,48.035480752828796,15.74026633308694,6.619876761802418,LoFi BF16 x BFP8 => BF16,BFLOAT16,BFLOAT16,BFLOAT8_B,False,DEV_0_L1_INTERLEAVED,6,1,2,3562499.0,in0_block_w=6 and output subblock 1x2 look good 🤷 • Use HiFi2 or HiFi4 with BF16 activations for improved accuracy
22660,0.1265647087612263,,TransposeDeviceOperation,3,36.076,0.473,109,,,,,BF16 => BF16,BFLOAT16,BFLOAT16,nan,False,DEV_0_L1_INTERLEAVED,,,,3563523.0,
22662,0.017705692519525848,,BinaryNgDeviceOperation,3,4.654,0.459,109,,,,,"BF16, BF16 => BF16",BFLOAT16,BFLOAT16,BFLOAT16,False,DEV_0_L1_INTERLEAVED,,,,3565571.0,
22666,0.0539377795196821,,CopyDeviceOperation,3,1.271,14.305,87,,,,,BF16 => BF16,BFLOAT16,BFLOAT16,nan,False,DEV_0_DRAM_INTERLEAVED,,,,3573763.0,
22670,0.015936162130815165,,UnaryDeviceOperation,3,4.124,0.478,109,,,,,"BF16, BF16 => BF16",BFLOAT16,BFLOAT16,BFLOAT16,False,DEV_0_L1_INTERLEAVED,,,,3578883.0,
22671,0.2643526034124944,SLOW,SparseMatmulDeviceOperation active=8/128 x 32 x 2816 x 192,3,75.781,0.558,2.0,57.0773148942347,11.147913065280216,3.652948153231021,33.0308535267562,LoFi BF16 x BFP8 => BF16,BFLOAT16,BFLOAT16,BFLOAT8_B,False,DEV_0_L1_INTERLEAVED,44,1,2,3579907.0,in0_block_w=44 and output subblock 1x2 look good 🤷 • Use HiFi2 or HiFi4 with BF16 activations for improved accuracy
22676,0.12652315423155014,,UnaryDeviceOperation,3,36.074,0.463,109,,,,,"BF16, BF16 => BF16",BFLOAT16,BFLOAT16,BFLOAT16,False,DEV_0_L1_INTERLEAVED,,,,3585027.0,
22677,0.06425369151179387,SLOW,SparseMatmulDeviceOperation active=8/128 x 32 x 192 x 2816,3,18.094,0.461,43.0,239.05029291477837,46.68951033491765,15.299218746545817,6.434385575871511,LoFi BF16 x BFP8 => BF16,BFLOAT16,BFLOAT16,BFLOAT8_B,False,DEV_0_L1_INTERLEAVED,6,1,2,3586051.0,in0_block_w=6 and output subblock 1x2 look good 🤷 • Use HiFi2 or HiFi4 with BF16 activations for improved accuracy
22678,0.12720187821626108,,TransposeDeviceOperation,3,36.23,0.503,109,,,,,BF16 => BF16,BFLOAT16,BFLOAT16,nan,False,DEV_0_L1_INTERLEAVED,,,,3587075.0,
22680,0.01908391775378583,,BinaryNgDeviceOperation,3,4.964,0.547,109,,,,,"BF16, BF16 => BF16",BFLOAT16,BFLOAT16,BFLOAT16,False,DEV_0_L1_INTERLEAVED,,,,3589123.0,
22682,0.03875652467798422,,UntilizeDeviceOperation,3,10.742,0.45,87,,,,,BF16 => BF16,BFLOAT16,BFLOAT16,nan,False,DEV_0_DRAM_INTERLEAVED,,,,3591171.0,
22690,0.014783023932301163,,TransposeDeviceOperation,3,3.776,0.493,109,,,,,BF16 => BF16,BFLOAT16,BFLOAT16,nan,False,DEV_0_L1_INTERLEAVED,,,,3604483.0,
22693,0.019184341200503267,,TransposeDeviceOperation,3,5.056,0.484,109,,,,,BF16 => BF16,BFLOAT16,BFLOAT16,nan,False,DEV_0_L1_INTERLEAVED,,,,3607555.0,
22694,0.1264469709271438,,UnaryDeviceOperation,3,36.036,0.479,109,,,,,"BF16, BF16 => BF16",BFLOAT16,BFLOAT16,BFLOAT16,False,DEV_0_L1_INTERLEAVED,,,,3608579.0,
22696,0.1342799997711038,,TransposeDeviceOperation,3,38.247,0.53,109,,,,,BF16 => BF16,BFLOAT16,BFLOAT16,nan,False,DEV_0_L1_INTERLEAVED,,,,3610627.0,
22701,0.00862602778528044,,UntilizeWithUnpaddingDeviceOperation,3,1.901,0.59,87,,,,,BF16 => BF16,BFLOAT16,BFLOAT16,nan,False,DEV_0_L1_INTERLEAVED,,,,3615747.0,
22722,0.12408528849054755,,UntilizeWithUnpaddingDeviceOperation,3,1.251,34.582,87,,,,,BF16 => BF16,BFLOAT16,BFLOAT16,nan,False,DEV_0_L1_INTERLEAVED,,,,3637251.0,
22725,0.12398832792130314,,UntilizeWithUnpaddingDeviceOperation,3,1.261,34.544,87,,,,,BF16 => BF16,BFLOAT16,BFLOAT16,nan,False,DEV_0_L1_INTERLEAVED,,,,3640323.0,
22731,0.12397447641141109,,UntilizeWithUnpaddingDeviceOperation,3,1.264,34.537,87,,,,,BF16 => BF16,BFLOAT16,BFLOAT16,nan,False,DEV_0_L1_INTERLEAVED,,,,3646467.0,
22734,0.007296282835642669,,InterleavedToShardedDeviceOperation,3,1.623,0.484,87,,,,,BF16 => BF16,BFLOAT16,BFLOAT16,nan,False,DEV_0_DRAM_INTERLEAVED,,,,3649539.0,
22739,0.021705316000858205,,BinaryNgDeviceOperation,3,5.734,0.534,109,,,,,"BF16, BF16 => BF16",BFLOAT16,BFLOAT16,BFLOAT16,False,DEV_0_DRAM_INTERLEAVED,,,,3656707.0,
22740,3.488267290647176,DRAM,MatmulDeviceOperation 32 x 2816 x 65536,3,971.212,36.12,107.0,384.5435188197839,75.10615601948905,12.161258369954242,4.110844194153146,HiFi2 BF16 x BF16 => BF16,BFLOAT16,BFLOAT16,BFLOAT16,False,DEV_0_DRAM_INTERLEAVED,2,1,1,3658755.0,Try a DRAM-sharded program config (MatmulMultiCoreReuseMultiCastDRAMShardedProgramConfig) to improve throughput further • If your matmuls are not FLOP-bound use HiFi4 with BF16 activations for full accuracy
22742,0.0910321230106191,,UnaryDeviceOperation,3,25.709,0.579,109,,,,,BF16 => BF16,BFLOAT16,BFLOAT16,nan,False,DEV_0_DRAM_INTERLEAVED,,,,3660803.0,
22744,1.4517282715021989,,EmbeddingsDeviceOperation,2,1.781,417.445,32,,,,,"UINT32, BF16 => BF16",BFLOAT16,UINT32,BFLOAT16,False,DEV_0_DRAM_INTERLEAVED,,,,1931266.0,
22756,0.008802634536404206,,ShardedToInterleavedDeviceOperation,2,1.841,0.701,32,,,,,BF16 => BF16,BFLOAT16,BFLOAT16,nan,False,DEV_0_L1_HEIGHT_SHARDED,,,,1943554.0,
22759,0.027477932748374262,,LayerNormDeviceOperation,2,7.439,0.496,32,,,,,"BF16, BF16 => BF16",BFLOAT16,BFLOAT16,BFLOAT16,False,DEV_0_L1_INTERLEAVED,,,,1946626.0,
22760,0.02731864038461557,,LayerNormDeviceOperation,2,7.413,0.476,32,,,,,"BF16, BF16 => BF16",BFLOAT16,BFLOAT16,BFLOAT16,False,DEV_0_L1_INTERLEAVED,,,,1947650.0,
22775,0.007403632037306132,,InterleavedToShardedDeviceOperation,2,1.577,0.561,8,,,,,BF16 => BF16,BFLOAT16,BFLOAT16,nan,False,DEV_0_DRAM_INTERLEAVED,,,,1963010.0,
22789,0.011538307740086079,,BinaryNgDeviceOperation,2,2.816,0.516,110,,,,,"BF16, BF16 => BF16",BFLOAT16,BFLOAT16,BFLOAT16,False,DEV_0_DRAM_INTERLEAVED,,,,1977346.0,
22792,0.014183946129469563,,ShardedToInterleavedDeviceOperation,2,3.073,1.023,1,,,,,BF16 => BF16,BFLOAT16,BFLOAT16,nan,False,DEV_0_L1_WIDTH_SHARDED,,,,1980418.0,
22805,0.023997740887994154,,SoftmaxDeviceOperation,2,6.401,0.529,110,,,,,BF16 => BF16,BFLOAT16,BFLOAT16,nan,False,DEV_0_DRAM_INTERLEAVED,,,,1993730.0,
22810,0.01623396959349446,,ScatterDeviceOperation,2,4.095,0.593,32,,,,,"BF16, UINT16 => BF16",BFLOAT16,BFLOAT16,UINT16,False,DEV_0_DRAM_INTERLEAVED,,,,1998850.0,
22811,0.012397101353393806,,TilizeDeviceOperation,2,2.078,1.502,1,,,,,BF16 => BF16,BFLOAT16,BFLOAT16,nan,False,DEV_0_DRAM_INTERLEAVED,,,,1999874.0,
22815,0.007857268986271104,,SliceDeviceOperation,2,1.731,0.538,88,,,,,BF16 => BF16,BFLOAT16,BFLOAT16,nan,False,DEV_0_DRAM_INTERLEAVED,,,,2003970.0,
22816,0.007794937191756833,,SliceDeviceOperation,2,1.473,0.778,4,,,,,BF16 => BF16,BFLOAT16,BFLOAT16,nan,False,DEV_0_DRAM_INTERLEAVED,,,,2004994.0,
22818,0.013754549322815697,,UntilizeWithUnpaddingDeviceOperation,2,2.473,1.499,1,,,,,BF16 => BF16,BFLOAT16,BFLOAT16,nan,False,DEV_0_DRAM_INTERLEAVED,,,,2007042.0,
22827,0.018844979208147792,,TransposeDeviceOperation,2,4.884,0.558,110,,,,,BF16 => BF16,BFLOAT16,BFLOAT16,nan,False,DEV_0_L1_INTERLEAVED,,,,2016258.0,
22833,0.012778017875425459,,ReduceDeviceOperation,2,3.174,0.516,88,,,,,BF16 => BF16,BFLOAT16,BFLOAT16,nan,False,DEV_0_L1_INTERLEAVED,,,,2022402.0,
22847,0.014589102793812321,,TransposeDeviceOperation,2,3.724,0.489,110,,,,,BF16 => BF16,BFLOAT16,BFLOAT16,nan,False,DEV_0_L1_INTERLEAVED,,,,2036738.0,
22848,0.00793691516815045,,UnaryDeviceOperation,2,1.836,0.456,110,,,,,BF16 => BF16,BFLOAT16,BFLOAT16,nan,False,DEV_0_L1_INTERLEAVED,,,,2037762.0,
22850,0.01873416712901131,,TransposeDeviceOperation,2,4.915,0.495,110,,,,,BF16 => BF16,BFLOAT16,BFLOAT16,nan,False,DEV_0_L1_INTERLEAVED,,,,2039810.0,
22861,0.00821394536599165,,SliceDeviceOperation,2,0.879,1.493,1,,,,,BF16 => BF16,BFLOAT16,BFLOAT16,nan,False,DEV_0_DRAM_INTERLEAVED,,,,2051074.0,
22866,0.26436299204491337,SLOW,SparseMatmulDeviceOperation active=8/128 x 32 x 2816 x 192,2,75.703,0.639,3.0,57.13612406377554,11.15939923120616,3.656711940081635,22.043257740654145,LoFi BF16 x BFP8 => BF16,BFLOAT16,BFLOAT16,BFLOAT8_B,False,DEV_0_L1_INTERLEAVED,44,1,2,2056194.0,in0_block_w=44 and output subblock 1x2 look good 🤷 • Use HiFi2 or HiFi4 with BF16 activations for improved accuracy
22869,0.2636496392854723,SLOW,SparseMatmulDeviceOperation active=8/128 x 32 x 2816 x 192,2,75.359,0.777,3.0,57.39693998062606,11.210339839966027,3.673404158760068,22.14388116536499,LoFi BF16 x BFP8 => BF16,BFLOAT16,BFLOAT16,BFLOAT8_B,False,DEV_0_L1_INTERLEAVED,44,1,2,2059266.0,in0_block_w=44 and output subblock 1x2 look good 🤷 • Use HiFi2 or HiFi4 with BF16 activations for improved accuracy
22872,0.010509833130600613,,BinaryNgDeviceOperation,2,2.546,0.489,110,,,,,"BF16, BF16 => BF16",BFLOAT16,BFLOAT16,BFLOAT16,False,DEV_0_L1_INTERLEAVED,,,,2062338.0,
22877,0.016074677229735764,,ReshapeViewDeviceOperation,2,4.053,0.589,4,,,,,BF16 => BF16,BFLOAT16,BFLOAT16,nan,False,DEV_0_DRAM_INTERLEAVED,,,,2067458.0,
22883,0.018997345816960453,,UntilizeDeviceOperation,2,3.976,1.51,1,,,,,BF16 => BF16,BFLOAT16,BFLOAT16,nan,False,DEV_0_DRAM_INTERLEAVED,,,,2073602.0,
22889,0.26996246491877873,SLOW,SparseMatmulDeviceOperation active=8/128 x 32 x 2816 x 192,2,77.275,0.684,3.0,55.97380782918149,10.93238434163701,3.582323701067615,21.59483326743113,LoFi BF16 x BFP8 => BF16,BFLOAT16,BFLOAT16,BFLOAT8_B,False,DEV_0_L1_INTERLEAVED,44,1,2,2079746.0,in0_block_w=44 and output subblock 1x2 look good 🤷 • Use HiFi2 or HiFi4 with BF16 activations for improved accuracy
22900,0.016684143664986415,,ReshapeViewDeviceOperation,2,4.267,0.551,4,,,,,BF16 => BF16,BFLOAT16,BFLOAT16,nan,False,DEV_0_DRAM_INTERLEAVED,,,,2091010.0,
22904,0.008262425650613862,,SliceDeviceOperation,2,0.99,1.396,1,,,,,BF16 => BF16,BFLOAT16,BFLOAT16,nan,False,DEV_0_DRAM_INTERLEAVED,,,,2095106.0,
22905,0.014720692137786892,,TilizeWithValPaddingDeviceOperation,2,3.712,0.539,88,,,,,BF16 => BF16,BFLOAT16,BFLOAT16,nan,False,DEV_0_DRAM_INTERLEAVED,,,,2096130.0,
22910,0.013266283599120578,,UntilizeWithUnpaddingDeviceOperation,2,2.351,1.48,1,,,,,BF16 => BF16,BFLOAT16,BFLOAT16,nan,False,DEV_0_DRAM_INTERLEAVED,,,,2101250.0,
22932,0.007691050867566381,,CopyDeviceOperation,2,1.676,0.545,88,,,,,BF16 => BF16,BFLOAT16,BFLOAT16,nan,False,DEV_0_DRAM_INTERLEAVED,,,,2123778.0,
22938,0.26478546309662127,SLOW,SparseMatmulDeviceOperation active=8/128 x 32 x 2816 x 192,2,75.531,0.933,3.0,57.26623505580489,11.184811534336893,3.665039043571513,22.093454882640774,LoFi BF16 x BFP8 => BF16,BFLOAT16,BFLOAT16,BFLOAT8_B,False,DEV_0_L1_INTERLEAVED,44,1,2,2129922.0,in0_block_w=44 and output subblock 1x2 look good 🤷 • Use HiFi2 or HiFi4 with BF16 activations for improved accuracy
22946,0.01539595324502482,,ReshapeViewDeviceOperation,2,3.881,0.565,4,,,,,BF16 => BF16,BFLOAT16,BFLOAT16,nan,False,DEV_0_DRAM_INTERLEAVED,,,,2138114.0,
22953,0.00813776206158532,,SliceDeviceOperation,2,0.844,1.506,1,,,,,BF16 => BF16,BFLOAT16,BFLOAT16,nan,False,DEV_0_DRAM_INTERLEAVED,,,,2145282.0,
22954,0.024970809457911376,,TilizeWithValPaddingDeviceOperation,2,5.701,1.51,1,,,,,BF16 => BF16,BFLOAT16,BFLOAT16,nan,False,DEV_0_DRAM_INTERLEAVED,,,,2146306.0,
22958,0.26959886278411216,SLOW,SparseMatmulDeviceOperation active=8/128 x 32 x 2816 x 192,2,77.139,0.715,3.0,56.072492513514554,10.951658694045811,3.5886395208649318,21.632906062312713,LoFi BF16 x BFP8 => BF16,BFLOAT16,BFLOAT16,BFLOAT8_B,False,DEV_0_L1_INTERLEAVED,44,1,2,2150402.0,in0_block_w=44 and output subblock 1x2 look good 🤷 • Use HiFi2 or HiFi4 with BF16 activations for improved accuracy
22963,0.008030412859921853,,UnaryDeviceOperation,2,1.775,0.544,110,,,,,BF16 => BF16,BFLOAT16,BFLOAT16,nan,False,DEV_0_L1_INTERLEAVED,,,,2155522.0,
22964,0.010648348229521216,,BinaryNgDeviceOperation,2,2.524,0.551,110,,,,,"BF16, BF16 => BF16",BFLOAT16,BFLOAT16,BFLOAT16,False,DEV_0_L1_INTERLEAVED,,,,2156546.0,
22965,0.018689149721862117,,TransposeDeviceOperation,2,4.878,0.519,110,,,,,BF16 => BF16,BFLOAT16,BFLOAT16,nan,False,DEV_0_L1_INTERLEAVED,,,,2157570.0,
22969,0.015032351110358244,,ReshapeViewDeviceOperation,2,3.777,0.564,4,,,,,BF16 => BF16,BFLOAT16,BFLOAT16,nan,False,DEV_0_DRAM_INTERLEAVED,,,,2161666.0,
22973,0.007839954598906029,,SliceDeviceOperation,2,1.006,1.258,1,,,,,BF16 => BF16,BFLOAT16,BFLOAT16,nan,False,DEV_0_DRAM_INTERLEAVED,,,,2165762.0,
22976,0.008058115879705974,,SliceDeviceOperation,2,0.841,1.486,1,,,,,BF16 => BF16,BFLOAT16,BFLOAT16,nan,False,DEV_0_DRAM_INTERLEAVED,,,,2168834.0,
22989,0.12624958691118193,,UnaryDeviceOperation,2,35.925,0.533,110,,,,,"BF16, BF16 => BF16",BFLOAT16,BFLOAT16,BFLOAT16,False,DEV_0_L1_INTERLEAVED,,,,2182146.0,
22990,0.06727332066826298,SLOW,SparseMatmulDeviceOperation active=8/128 x 32 x 192 x 2816,2,18.98,0.447,44.0,227.89125395152791,44.510010537407794,14.585040252897787,5.994614213792296,LoFi BF16 x BFP8 => BF16,BFLOAT16,BFLOAT16,BFLOAT8_B,False,DEV_0_L1_INTERLEAVED,6,1,2,2183170.0,in0_block_w=6 and output subblock 1x2 look good 🤷 • Use HiFi2 or HiFi4 with BF16 activations for improved accuracy
22991,0.13370169923311032,,TransposeDeviceOperation,2,38.093,0.517,110,,,,,BF16 => BF16,BFLOAT16,BFLOAT16,nan,False,DEV_0_L1_INTERLEAVED,,,,2184194.0,
22995,0.03887772538953974,,UntilizeDeviceOperation,2,10.786,0.441,88,,,,,BF16 => BF16,BFLOAT16,BFLOAT16,nan,False,DEV_0_DRAM_INTERLEAVED,,,,2188290.0,
22999,0.008529067216036018,,SliceDeviceOperation,2,0.967,1.496,1,,,,,BF16 => BF16,BFLOAT16,BFLOAT16,nan,False,DEV_0_DRAM_INTERLEAVED,,,,2192386.0,
23007,0.26437684355480545,SLOW,SparseMatmulDeviceOperation active=8/128 x 32 x 2816 x 192,2,75.285,1.061,3.0,57.453357242478575,11.221358836421597,3.677014863518629,22.165647084289574,LoFi BF16 x BFP8 => BF16,BFLOAT16,BFLOAT16,BFLOAT8_B,False,DEV_0_L1_INTERLEAVED,44,1,2,2200578.0,in0_block_w=44 and output subblock 1x2 look good 🤷 • Use HiFi2 or HiFi4 with BF16 activations for improved accuracy
23015,0.01644866799682139,,ReshapeViewDeviceOperation,2,4.189,0.561,4,,,,,BF16 => BF16,BFLOAT16,BFLOAT16,nan,False,DEV_0_DRAM_INTERLEAVED,,,,2208770.0,
23016,0.018391342259182823,,BinaryNgDeviceOperation,2,4.767,0.544,110,,,,,"BF16, BF16 => BF16",BFLOAT16,BFLOAT16,BFLOAT16,False,DEV_0_L1_INTERLEAVED,,,,2209794.0,
23018,0.03893313142910798,,UntilizeDeviceOperation,2,10.75,0.493,88,,,,,BF16 => BF16,BFLOAT16,BFLOAT16,nan,False,DEV_0_DRAM_INTERLEAVED,,,,2211842.0,
23019,0.008459809666575717,,SliceDeviceOperation,2,0.953,1.49,1,,,,,BF16 => BF16,BFLOAT16,BFLOAT16,nan,False,DEV_0_DRAM_INTERLEAVED,,,,2212866.0,
23021,0.018644132314712923,,UntilizeDeviceOperation,2,3.863,1.521,1,,,,,BF16 => BF16,BFLOAT16,BFLOAT16,nan,False,DEV_0_DRAM_INTERLEAVED,,,,2214914.0,
23023,0.024898089030978066,,TilizeWithValPaddingDeviceOperation,2,5.694,1.496,1,,,,,BF16 => BF16,BFLOAT16,BFLOAT16,nan,False,DEV_0_DRAM_INTERLEAVED,,,,2216962.0,
23025,0.013525999409596704,,UntilizeWithUnpaddingDeviceOperation,2,2.417,1.489,1,,,,,BF16 => BF16,BFLOAT16,BFLOAT16,nan,False,DEV_0_DRAM_INTERLEAVED,,,,2219010.0,
23031,0.014641045955907544,,TransposeDeviceOperation,2,3.745,0.483,110,,,,,BF16 => BF16,BFLOAT16,BFLOAT16,nan,False,DEV_0_L1_INTERLEAVED,,,,2225154.0,
23032,0.008006172717610751,,UnaryDeviceOperation,2,1.838,0.474,110,,,,,BF16 => BF16,BFLOAT16,BFLOAT16,nan,False,DEV_0_L1_INTERLEAVED,,,,2226178.0,
23033,0.010509833130600615,,BinaryNgDeviceOperation,2,2.545,0.49,110,,,,,"BF16, BF16 => BF16",BFLOAT16,BFLOAT16,BFLOAT16,False,DEV_0_L1_INTERLEAVED,,,,2227202.0,
23034,0.018716852741646237,,TransposeDeviceOperation,2,4.92,0.485,110,,,,,BF16 => BF16,BFLOAT16,BFLOAT16,nan,False,DEV_0_L1_INTERLEAVED,,,,2228226.0,
23036,0.06662922545828218,SLOW,SparseMatmulDeviceOperation active=8/128 x 32 x 192 x 2816,2,18.778,0.463,44.0,230.34274150601763,44.98881670039407,14.741935456385129,6.059099892308965,LoFi BF16 x BFP8 => BF16,BFLOAT16,BFLOAT16,BFLOAT8_B,False,DEV_0_L1_INTERLEAVED,6,1,2,2230274.0,in0_block_w=6 and output subblock 1x2 look good 🤷 • Use HiFi2 or HiFi4 with BF16 activations for improved accuracy
23038,0.016808807254014957,,ReshapeViewDeviceOperation,2,4.288,0.566,4,,,,,BF16 => BF16,BFLOAT16,BFLOAT16,nan,False,DEV_0_DRAM_INTERLEAVED,,,,2232322.0,
23040,0.012639502776504857,,ReduceDeviceOperation,2,3.106,0.544,88,,,,,BF16 => BF16,BFLOAT16,BFLOAT16,nan,False,DEV_0_L1_INTERLEAVED,,,,2234370.0,
23043,0.015018499600466185,,TilizeWithValPaddingDeviceOperation,2,3.79,0.547,88,,,,,BF16 => BF16,BFLOAT16,BFLOAT16,nan,False,DEV_0_DRAM_INTERLEAVED,,,,2237442.0,
23045,0.008369774852277325,,SliceDeviceOperation,2,0.919,1.498,1,,,,,BF16 => BF16,BFLOAT16,BFLOAT16,nan,False,DEV_0_DRAM_INTERLEAVED,,,,2239490.0,
23046,0.02482190572657173,,TilizeWithValPaddingDeviceOperation,2,5.672,1.496,1,,,,,BF16 => BF16,BFLOAT16,BFLOAT16,nan,False,DEV_0_DRAM_INTERLEAVED,,,,2240514.0,
23047,0.007611404685687035,,CopyDeviceOperation,2,1.664,0.534,88,,,,,BF16 => BF16,BFLOAT16,BFLOAT16,nan,False,DEV_0_DRAM_INTERLEAVED,,,,2241538.0,
23054,0.013823806872275999,,TransposeDeviceOperation,2,3.455,0.537,110,,,,,BF16 => BF16,BFLOAT16,BFLOAT16,nan,False,DEV_0_L1_INTERLEAVED,,,,2248706.0,
23055,0.00805465300223296,,UnaryDeviceOperation,2,1.771,0.555,110,,,,,BF16 => BF16,BFLOAT16,BFLOAT16,nan,False,DEV_0_L1_INTERLEAVED,,,,2249730.0,
23058,0.13129153651189185,,UnaryDeviceOperation,2,37.404,0.51,110,,,,,"BF16, BF16 => BF16",BFLOAT16,BFLOAT16,BFLOAT16,False,DEV_0_L1_INTERLEAVED,,,,2252802.0,
23061,0.016369021814942042,,ReshapeViewDeviceOperation,2,4.116,0.611,4,,,,,BF16 => BF16,BFLOAT16,BFLOAT16,nan,False,DEV_0_DRAM_INTERLEAVED,,,,2255874.0,
23063,0.012684520183654053,,ReduceDeviceOperation,2,3.147,0.516,88,,,,,BF16 => BF16,BFLOAT16,BFLOAT16,nan,False,DEV_0_L1_INTERLEAVED,,,,2257922.0,
23065,0.008144687816531349,,SliceDeviceOperation,2,1.061,1.291,1,,,,,BF16 => BF16,BFLOAT16,BFLOAT16,nan,False,DEV_0_DRAM_INTERLEAVED,,,,2259970.0,
23081,0.12600025973312487,,UnaryDeviceOperation,2,35.924,0.462,110,,,,,"BF16, BF16 => BF16",BFLOAT16,BFLOAT16,BFLOAT16,False,DEV_0_L1_INTERLEAVED,,,,2276354.0,
23093,0.0076945137450393965,,CopyDeviceOperation,2,1.684,0.538,88,,,,,BF16 => BF16,BFLOAT16,BFLOAT16,nan,False,DEV_0_DRAM_INTERLEAVED,,,,2288642.0,
23097,0.014727617892732922,,TransposeDeviceOperation,2,3.721,0.532,110,,,,,BF16 => BF16,BFLOAT16,BFLOAT16,nan,False,DEV_0_L1_INTERLEAVED,,,,2292738.0,
23098,0.015679909197812057,,UnaryDeviceOperation,2,4.059,0.469,110,,,,,"BF16, BF16 => BF16",BFLOAT16,BFLOAT16,BFLOAT16,False,DEV_0_L1_INTERLEAVED,,,,2293762.0,
23100,0.0145613997740282,,TransposeDeviceOperation,2,3.728,0.477,110,,,,,BF16 => BF16,BFLOAT16,BFLOAT16,nan,False,DEV_0_L1_INTERLEAVED,,,,2295810.0,
23106,0.12776286436688955,,TransposeDeviceOperation,2,36.313,0.582,110,,,,,BF16 => BF16,BFLOAT16,BFLOAT16,nan,False,DEV_0_L1_INTERLEAVED,,,,2301954.0,
23113,0.018696075476808145,,UntilizeDeviceOperation,2,3.881,1.518,1,,,,,BF16 => BF16,BFLOAT16,BFLOAT16,nan,False,DEV_0_DRAM_INTERLEAVED,,,,2309122.0,
23115,0.024936180683181233,,TilizeWithValPaddingDeviceOperation,2,5.705,1.496,1,,,,,BF16 => BF16,BFLOAT16,BFLOAT16,nan,False,DEV_0_DRAM_INTERLEAVED,,,,2311170.0,
23130,0.016919619333151434,,ReshapeViewDeviceOperation,2,4.252,0.634,4,,,,,BF16 => BF16,BFLOAT16,BFLOAT16,nan,False,DEV_0_DRAM_INTERLEAVED,,,,2326530.0,
23136,0.018644132314712923,,UntilizeDeviceOperation,2,3.893,1.491,1,,,,,BF16 => BF16,BFLOAT16,BFLOAT16,nan,False,DEV_0_DRAM_INTERLEAVED,,,,2332674.0,
23140,0.013480982002447512,,UntilizeWithUnpaddingDeviceOperation,2,2.389,1.504,1,,,,,BF16 => BF16,BFLOAT16,BFLOAT16,nan,False,DEV_0_DRAM_INTERLEAVED,,,,2336770.0,
23148,0.010845732245483072,,BinaryNgDeviceOperation,2,2.602,0.53,110,,,,,"BF16, BF16 => BF16",BFLOAT16,BFLOAT16,BFLOAT16,False,DEV_0_L1_INTERLEAVED,,,,2344962.0,
23152,0.12668590947278185,,TransposeDeviceOperation,2,36.095,0.489,110,,,,,BF16 => BF16,BFLOAT16,BFLOAT16,nan,False,DEV_0_L1_INTERLEAVED,,,,2349058.0,
23154,0.018502154338319303,,BinaryNgDeviceOperation,2,4.887,0.456,110,,,,,"BF16, BF16 => BF16",BFLOAT16,BFLOAT16,BFLOAT16,False,DEV_0_L1_INTERLEAVED,,,,2351106.0,
23156,0.03878769057524135,,UntilizeDeviceOperation,2,10.751,0.45,88,,,,,BF16 => BF16,BFLOAT16,BFLOAT16,nan,False,DEV_0_DRAM_INTERLEAVED,,,,2353154.0,
23157,0.008224333998410695,,SliceDeviceOperation,2,0.992,1.383,1,,,,,BF16 => BF16,BFLOAT16,BFLOAT16,nan,False,DEV_0_DRAM_INTERLEAVED,,,,2354178.0,
23159,0.018751481516376386,,UntilizeDeviceOperation,2,3.916,1.499,1,,,,,BF16 => BF16,BFLOAT16,BFLOAT16,nan,False,DEV_0_DRAM_INTERLEAVED,,,,2356226.0,
23164,0.015101608659818543,,UnaryDeviceOperation,2,3.843,0.518,110,,,,,"BF16, BF16 => BF16",BFLOAT16,BFLOAT16,BFLOAT16,False,DEV_0_L1_INTERLEAVED,,,,2361346.0,
23165,0.26492744107301486,SLOW,SparseMatmulDeviceOperation active=8/128 x 32 x 2816 x 192,2,75.817,0.688,3.0,57.050213012912664,11.142619729084505,3.6512136328264106,22.010113045105197,LoFi BF16 x BFP8 => BF16,BFLOAT16,BFLOAT16,BFLOAT8_B,False,DEV_0_L1_INTERLEAVED,44,1,2,2362370.0,in0_block_w=44 and output subblock 1x2 look good 🤷 • Use HiFi2 or HiFi4 with BF16 activations for improved accuracy
23167,0.015021962477939198,,UnaryDeviceOperation,2,3.791,0.547,110,,,,,"BF16, BF16 => BF16",BFLOAT16,BFLOAT16,BFLOAT16,False,DEV_0_L1_INTERLEAVED,,,,2364418.0,
23168,0.2636773423052564,SLOW,SparseMatmulDeviceOperation active=8/128 x 32 x 2816 x 192,2,75.121,1.023,3.0,57.57878622489051,11.245856684548928,3.6850423183929926,22.21403789540529,LoFi BF16 x BFP8 => BF16,BFLOAT16,BFLOAT16,BFLOAT8_B,False,DEV_0_L1_INTERLEAVED,44,1,2,2365442.0,in0_block_w=44 and output subblock 1x2 look good 🤷 • Use HiFi2 or HiFi4 with BF16 activations for improved accuracy
23182,0.01854024599052247,,UntilizeDeviceOperation,2,3.882,1.472,1,,,,,BF16 => BF16,BFLOAT16,BFLOAT16,nan,False,DEV_0_DRAM_INTERLEAVED,,,,2379778.0,
23183,0.008037338614867882,,SliceDeviceOperation,2,0.833,1.488,1,,,,,BF16 => BF16,BFLOAT16,BFLOAT16,nan,False,DEV_0_DRAM_INTERLEAVED,,,,2380802.0,
23184,0.02496388370296535,,TilizeWithValPaddingDeviceOperation,2,5.704,1.505,1,,,,,BF16 => BF16,BFLOAT16,BFLOAT16,nan,False,DEV_0_DRAM_INTERLEAVED,,,,2381826.0,
23188,0.2639924641553008,SLOW,SparseMatmulDeviceOperation active=8/128 x 32 x 2816 x 192,2,75.528,0.707,3.0,57.26850969176994,11.185255799173817,3.6651846202732763,22.09433244281248,LoFi BF16 x BFP8 => BF16,BFLOAT16,BFLOAT16,BFLOAT8_B,False,DEV_0_L1_INTERLEAVED,44,1,2,2385922.0,in0_block_w=44 and output subblock 1x2 look good 🤷 • Use HiFi2 or HiFi4 with BF16 activations for improved accuracy
23190,0.015288604043361357,,UnaryDeviceOperation,2,3.864,0.551,110,,,,,"BF16, BF16 => BF16",BFLOAT16,BFLOAT16,BFLOAT16,False,DEV_0_L1_INTERLEAVED,,,,2387970.0,
23193,0.008445958156683657,,UnaryDeviceOperation,2,1.904,0.535,110,,,,,BF16 => BF16,BFLOAT16,BFLOAT16,nan,False,DEV_0_L1_INTERLEAVED,,,,2391042.0,
23198,0.1273473190701277,,TransposeDeviceOperation,2,36.286,0.489,110,,,,,BF16 => BF16,BFLOAT16,BFLOAT16,nan,False,DEV_0_L1_INTERLEAVED,,,,2396162.0,
23205,0.018786110291106536,,UntilizeDeviceOperation,2,3.933,1.492,1,,,,,BF16 => BF16,BFLOAT16,BFLOAT16,nan,False,DEV_0_DRAM_INTERLEAVED,,,,2403330.0,
23209,0.013477519124974498,,UntilizeWithUnpaddingDeviceOperation,2,2.403,1.489,1,,,,,BF16 => BF16,BFLOAT16,BFLOAT16,nan,False,DEV_0_DRAM_INTERLEAVED,,,,2407426.0,
23210,0.01527821541094231,,UnaryDeviceOperation,2,3.882,0.53,110,,,,,"BF16, BF16 => BF16",BFLOAT16,BFLOAT16,BFLOAT16,False,DEV_0_L1_INTERLEAVED,,,,2408450.0,
23214,0.26403748156244994,SLOW,SparseMatmulDeviceOperation active=8/128 x 32 x 2816 x 192,2,75.207,1.041,3.0,57.5129442738043,11.232996928477403,3.680828433523475,22.18863590810351,LoFi BF16 x BFP8 => BF16,BFLOAT16,BFLOAT16,BFLOAT8_B,False,DEV_0_L1_INTERLEAVED,44,1,2,2412546.0,in0_block_w=44 and output subblock 1x2 look good 🤷 • Use HiFi2 or HiFi4 with BF16 activations for improved accuracy
23218,0.01894193977739221,,TransposeDeviceOperation,2,4.915,0.555,110,,,,,BF16 => BF16,BFLOAT16,BFLOAT16,nan,False,DEV_0_L1_INTERLEAVED,,,,2416642.0,
23223,0.01907006624389377,,BinaryNgDeviceOperation,2,5.022,0.485,110,,,,,"BF16, BF16 => BF16",BFLOAT16,BFLOAT16,BFLOAT16,False,DEV_0_L1_INTERLEAVED,,,,2421762.0,
23228,0.018436359666332017,,UntilizeDeviceOperation,2,3.847,1.477,1,,,,,BF16 => BF16,BFLOAT16,BFLOAT16,nan,False,DEV_0_DRAM_INTERLEAVED,,,,2426882.0,
23232,0.013439427472771331,,UntilizeWithUnpaddingDeviceOperation,2,2.327,1.554,1,,,,,BF16 => BF16,BFLOAT16,BFLOAT16,nan,False,DEV_0_DRAM_INTERLEAVED,,,,2430978.0,
23235,0.014080059805279111,,TransposeDeviceOperation,2,3.52,0.546,110,,,,,BF16 => BF16,BFLOAT16,BFLOAT16,nan,False,DEV_0_L1_INTERLEAVED,,,,2434050.0,
23239,0.008078893144544063,,UnaryDeviceOperation,2,1.761,0.572,110,,,,,BF16 => BF16,BFLOAT16,BFLOAT16,nan,False,DEV_0_L1_INTERLEAVED,,,,2438146.0,
23242,0.12582711585947412,,UnaryDeviceOperation,2,35.852,0.484,110,,,,,"BF16, BF16 => BF16",BFLOAT16,BFLOAT16,BFLOAT16,False,DEV_0_L1_INTERLEAVED,,,,2441218.0,
23245,0.017054671554599023,,ReshapeViewDeviceOperation,2,4.304,0.621,4,,,,,BF16 => BF16,BFLOAT16,BFLOAT16,nan,False,DEV_0_DRAM_INTERLEAVED,,,,2444290.0,
23246,0.018578337642725637,,BinaryNgDeviceOperation,2,4.83,0.535,110,,,,,"BF16, BF16 => BF16",BFLOAT16,BFLOAT16,BFLOAT16,False,DEV_0_L1_INTERLEAVED,,,,2445314.0,
23253,0.02491540341834314,,TilizeWithValPaddingDeviceOperation,2,5.693,1.502,1,,,,,BF16 => BF16,BFLOAT16,BFLOAT16,nan,False,DEV_0_DRAM_INTERLEAVED,,,,2452482.0,
23255,0.013501759267285602,,UntilizeWithUnpaddingDeviceOperation,2,2.389,1.51,1,,,,,BF16 => BF16,BFLOAT16,BFLOAT16,nan,False,DEV_0_DRAM_INTERLEAVED,,,,2454530.0,
23267,0.12711876915690873,,TransposeDeviceOperation,2,36.198,0.511,110,,,,,BF16 => BF16,BFLOAT16,BFLOAT16,nan,False,DEV_0_L1_INTERLEAVED,,,,2466818.0,
23269,0.019080454876312814,,BinaryNgDeviceOperation,2,4.98,0.53,110,,,,,"BF16, BF16 => BF16",BFLOAT16,BFLOAT16,BFLOAT16,False,DEV_0_L1_INTERLEAVED,,,,2468866.0,
23271,0.03869419288346994,,UntilizeDeviceOperation,2,10.697,0.477,88,,,,,BF16 => BF16,BFLOAT16,BFLOAT16,nan,False,DEV_0_DRAM_INTERLEAVED,,,,2470914.0,
23275,0.008612176275388378,,SliceDeviceOperation,2,0.97,1.517,1,,,,,BF16 => BF16,BFLOAT16,BFLOAT16,nan,False,DEV_0_DRAM_INTERLEAVED,,,,2475010.0,
23276,0.024794202706787612,,TilizeWithValPaddingDeviceOperation,2,5.67,1.49,1,,,,,BF16 => BF16,BFLOAT16,BFLOAT16,nan,False,DEV_0_DRAM_INTERLEAVED,,,,2476034.0,
23285,0.008044264369813914,,UnaryDeviceOperation,2,1.776,0.547,110,,,,,BF16 => BF16,BFLOAT16,BFLOAT16,nan,False,DEV_0_L1_INTERLEAVED,,,,2485250.0,
23290,0.12766590379764509,,TransposeDeviceOperation,2,36.275,0.592,110,,,,,BF16 => BF16,BFLOAT16,BFLOAT16,nan,False,DEV_0_L1_INTERLEAVED,,,,2490370.0,
23294,0.03878076482029532,,UntilizeDeviceOperation,2,10.74,0.459,88,,,,,BF16 => BF16,BFLOAT16,BFLOAT16,nan,False,DEV_0_DRAM_INTERLEAVED,,,,2494466.0,
23296,0.014589102793812321,,TilizeWithValPaddingDeviceOperation,2,3.681,0.532,88,,,,,BF16 => BF16,BFLOAT16,BFLOAT16,nan,False,DEV_0_DRAM_INTERLEAVED,,,,2496514.0,
23298,0.00826935140555989,,SliceDeviceOperation,2,0.867,1.521,1,,,,,BF16 => BF16,BFLOAT16,BFLOAT16,nan,False,DEV_0_DRAM_INTERLEAVED,,,,2498562.0,
23317,0.03885694812470165,,UntilizeDeviceOperation,2,10.719,0.502,88,,,,,BF16 => BF16,BFLOAT16,BFLOAT16,nan,False,DEV_0_DRAM_INTERLEAVED,,,,2518018.0,
23322,0.025071232904628815,,TilizeWithValPaddingDeviceOperation,2,5.754,1.486,1,,,,,BF16 => BF16,BFLOAT16,BFLOAT16,nan,False,DEV_0_DRAM_INTERLEAVED,,,,2523138.0,
23330,0.014654897465799606,,TransposeDeviceOperation,2,3.767,0.465,110,,,,,BF16 => BF16,BFLOAT16,BFLOAT16,nan,False,DEV_0_L1_INTERLEAVED,,,,2531330.0,
23337,0.01618548930887225,,ReshapeViewDeviceOperation,2,3.939,0.735,4,,,,,BF16 => BF16,BFLOAT16,BFLOAT16,nan,False,DEV_0_DRAM_INTERLEAVED,,,,2538498.0,
23338,0.01830130744488443,,BinaryNgDeviceOperation,2,4.839,0.446,110,,,,,"BF16, BF16 => BF16",BFLOAT16,BFLOAT16,BFLOAT16,False,DEV_0_L1_INTERLEAVED,,,,2539522.0,
23353,0.013861898524479164,,TransposeDeviceOperation,2,3.467,0.536,110,,,,,BF16 => BF16,BFLOAT16,BFLOAT16,nan,False,DEV_0_L1_INTERLEAVED,,,,2554882.0,
23354,0.007808788701648892,,UnaryDeviceOperation,2,1.761,0.494,110,,,,,BF16 => BF16,BFLOAT16,BFLOAT16,nan,False,DEV_0_L1_INTERLEAVED,,,,2555906.0,
23384,0.019066603366420756,,BinaryNgDeviceOperation,2,4.973,0.533,110,,,,,"BF16, BF16 => BF16",BFLOAT16,BFLOAT16,BFLOAT16,False,DEV_0_L1_INTERLEAVED,,,,2586626.0,
23386,0.038784227697768334,,UntilizeDeviceOperation,2,10.756,0.444,88,,,,,BF16 => BF16,BFLOAT16,BFLOAT16,nan,False,DEV_0_DRAM_INTERLEAVED,,,,2588674.0,
23390,0.007905749270893313,,SliceDeviceOperation,2,0.773,1.51,1,,,,,BF16 => BF16,BFLOAT16,BFLOAT16,nan,False,DEV_0_DRAM_INTERLEAVED,,,,2592770.0,
23393,0.01348790775739354,,UntilizeWithUnpaddingDeviceOperation,2,2.399,1.496,1,,,,,BF16 => BF16,BFLOAT16,BFLOAT16,nan,False,DEV_0_DRAM_INTERLEAVED,,,,2595842.0,
23409,0.03864224972137472,,UntilizeDeviceOperation,2,10.721,0.438,88,,,,,BF16 => BF16,BFLOAT16,BFLOAT16,nan,False,DEV_0_DRAM_INTERLEAVED,,,,2612226.0,
23411,0.014519845244352018,,TilizeWithValPaddingDeviceOperation,2,3.649,0.544,88,,,,,BF16 => BF16,BFLOAT16,BFLOAT16,nan,False,DEV_0_DRAM_INTERLEAVED,,,,2614274.0,
23416,0.013598719836530021,,UntilizeWithUnpaddingDeviceOperation,2,2.416,1.511,1,,,,,BF16 => BF16,BFLOAT16,BFLOAT16,nan,False,DEV_0_DRAM_INTERLEAVED,,,,2619394.0,
23422,0.013813418239856955,,TransposeDeviceOperation,2,3.459,0.53,110,,,,,BF16 => BF16,BFLOAT16,BFLOAT16,nan,False,DEV_0_L1_INTERLEAVED,,,,2625538.0,
23423,0.00772567964229653,,UnaryDeviceOperation,2,1.738,0.493,110,,,,,BF16 => BF16,BFLOAT16,BFLOAT16,nan,False,DEV_0_L1_INTERLEAVED,,,,2626562.0,
23424,0.010648348229521216,,BinaryNgDeviceOperation,2,2.556,0.519,110,,,,,"BF16, BF16 => BF16",BFLOAT16,BFLOAT16,BFLOAT16,False,DEV_0_L1_INTERLEAVED,,,,2627586.0,
23425,0.01879649892352558,,TransposeDeviceOperation,2,4.914,0.514,110,,,,,BF16 => BF16,BFLOAT16,BFLOAT16,nan,False,DEV_0_L1_INTERLEAVED,,,,2628610.0,
23426,0.13279096245770736,,UnaryDeviceOperation,2,37.888,0.459,110,,,,,"BF16, BF16 => BF16",BFLOAT16,BFLOAT16,BFLOAT16,False,DEV_0_L1_INTERLEAVED,,,,2629634.0,
23432,0.03887426251206673,,UntilizeDeviceOperation,2,10.71,0.516,88,,,,,BF16 => BF16,BFLOAT16,BFLOAT16,nan,False,DEV_0_DRAM_INTERLEAVED,,,,2635778.0,
23436,0.008189705223680545,,SliceDeviceOperation,2,0.854,1.511,1,,,,,BF16 => BF16,BFLOAT16,BFLOAT16,nan,False,DEV_0_DRAM_INTERLEAVED,,,,2639874.0,
23446,0.008317831690182102,,UnaryDeviceOperation,2,1.872,0.53,110,,,,,BF16 => BF16,BFLOAT16,BFLOAT16,nan,False,DEV_0_L1_INTERLEAVED,,,,2650114.0,
23447,0.011254351787298847,,BinaryNgDeviceOperation,2,2.781,0.469,110,,,,,"BF16, BF16 => BF16",BFLOAT16,BFLOAT16,BFLOAT16,False,DEV_0_L1_INTERLEAVED,,,,2651138.0,
23451,0.1288848366681464,,TransposeDeviceOperation,2,36.653,0.566,110,,,,,BF16 => BF16,BFLOAT16,BFLOAT16,nan,False,DEV_0_L1_INTERLEAVED,,,,2655234.0,
23453,0.018789573168579553,,BinaryNgDeviceOperation,2,4.904,0.522,110,,,,,"BF16, BF16 => BF16",BFLOAT16,BFLOAT16,BFLOAT16,False,DEV_0_L1_INTERLEAVED,,,,2657282.0,
23455,0.03890542840932386,,UntilizeDeviceOperation,2,10.713,0.522,88,,,,,BF16 => BF16,BFLOAT16,BFLOAT16,nan,False,DEV_0_DRAM_INTERLEAVED,,,,2659330.0,
23457,0.014523308121825035,,TilizeWithValPaddingDeviceOperation,2,3.647,0.547,88,,,,,BF16 => BF16,BFLOAT16,BFLOAT16,nan,False,DEV_0_DRAM_INTERLEAVED,,,,2661378.0,
23458,0.01870646410922719,,UntilizeDeviceOperation,2,3.935,1.467,1,,,,,BF16 => BF16,BFLOAT16,BFLOAT16,nan,False,DEV_0_DRAM_INTERLEAVED,,,,2662402.0,
23470,0.01052022176301966,,BinaryNgDeviceOperation,2,2.561,0.477,110,,,,,"BF16, BF16 => BF16",BFLOAT16,BFLOAT16,BFLOAT16,False,DEV_0_L1_INTERLEAVED,,,,2674690.0,
23475,0.015461747917012108,,ReshapeViewDeviceOperation,2,3.846,0.619,4,,,,,BF16 => BF16,BFLOAT16,BFLOAT16,nan,False,DEV_0_DRAM_INTERLEAVED,,,,2679810.0,
23478,0.038971223081311145,,UntilizeDeviceOperation,2,10.747,0.507,88,,,,,BF16 => BF16,BFLOAT16,BFLOAT16,nan,False,DEV_0_DRAM_INTERLEAVED,,,,2682882.0,
23479,0.007510981238969599,,SliceDeviceOperation,2,0.966,1.203,1,,,,,BF16 => BF16,BFLOAT16,BFLOAT16,nan,False,DEV_0_DRAM_INTERLEAVED,,,,2683906.0,
23483,0.02499158672274947,,TilizeWithValPaddingDeviceOperation,2,5.761,1.456,1,,,,,BF16 => BF16,BFLOAT16,BFLOAT16,nan,False,DEV_0_DRAM_INTERLEAVED,,,,2688002.0,
23498,0.015714537972542207,,ReshapeViewDeviceOperation,2,3.959,0.579,4,,,,,BF16 => BF16,BFLOAT16,BFLOAT16,nan,False,DEV_0_DRAM_INTERLEAVED,,,,2703362.0,
23505,0.00808928177696311,,SliceDeviceOperation,2,0.853,1.483,1,,,,,BF16 => BF16,BFLOAT16,BFLOAT16,nan,False,DEV_0_DRAM_INTERLEAVED,,,,2710530.0,
23514,0.01388613866679027,,TransposeDeviceOperation,2,3.473,0.537,110,,,,,BF16 => BF16,BFLOAT16,BFLOAT16,nan,False,DEV_0_L1_INTERLEAVED,,,,2719746.0,
23515,0.007791474314283817,,UnaryDeviceOperation,2,1.758,0.492,110,,,,,BF16 => BF16,BFLOAT16,BFLOAT16,nan,False,DEV_0_L1_INTERLEAVED,,,,2720770.0,
23531,0.013442890350244346,,UntilizeWithUnpaddingDeviceOperation,2,2.399,1.483,1,,,,,BF16 => BF16,BFLOAT16,BFLOAT16,nan,False,DEV_0_DRAM_INTERLEAVED,,,,2737154.0,
23538,0.007784548559337786,,UnaryDeviceOperation,2,1.785,0.463,110,,,,,BF16 => BF16,BFLOAT16,BFLOAT16,nan,False,DEV_0_L1_INTERLEAVED,,,,2744322.0,
23540,0.018793036046052567,,TransposeDeviceOperation,2,4.927,0.5,110,,,,,BF16 => BF16,BFLOAT16,BFLOAT16,nan,False,DEV_0_L1_INTERLEAVED,,,,2746370.0,
23545,0.018467525563589157,,BinaryNgDeviceOperation,2,4.856,0.477,110,,,,,"BF16, BF16 => BF16",BFLOAT16,BFLOAT16,BFLOAT16,False,DEV_0_L1_INTERLEAVED,,,,2751490.0,
23557,0.12369744621356987,,UntilizeWithUnpaddingDeviceOperation,2,1.284,34.437,88,,,,,BF16 => BF16,BFLOAT16,BFLOAT16,nan,False,DEV_0_L1_INTERLEAVED,,,,2763778.0,
23571,0.12403334532845234,,UntilizeWithUnpaddingDeviceOperation,2,1.272,34.546,88,,,,,BF16 => BF16,BFLOAT16,BFLOAT16,nan,False,DEV_0_L1_INTERLEAVED,,,,2778114.0,
23573,0.12359702276685242,,UntilizeWithUnpaddingDeviceOperation,2,1.282,34.41,88,,,,,BF16 => BF16,BFLOAT16,BFLOAT16,nan,False,DEV_0_L1_INTERLEAVED,,,,2780162.0,
23583,0.15771329163099648,,LayerNormDeviceOperation,2,44.04,1.504,1,,,,,"BF16, BF16 => BF16",BFLOAT16,BFLOAT16,BFLOAT16,False,DEV_0_DRAM_INTERLEAVED,,,,2790402.0,
23591,0.22539176896360222,SLOW,MatmulDeviceOperation 32 x 2816 x 3072,2,64.573,0.515,96.0,139.8043144967711,27.305530175150604,8.57398801356604,1.615168821276637,LoFi BF16 x BFP8 => BF16,BFLOAT16,BFLOAT16,BFLOAT8_B,False,DEV_0_DRAM_INTERLEAVED,2,1,1,2798594.0,"If possible place input 0 in L1 (currently in DEV_0_DRAM_INTERLEAVED) • Output subblock 1x1 is small, try out_subblock_h * out_subblock_w >= 2 if possible • Use HiFi2 or HiFi4 with BF16 activations for improved accuracy"
23595,0.010274357462435595,,ShardedToInterleavedDeviceOperation,2,2.456,0.511,32,,,,,BF16 => BF16,BFLOAT16,BFLOAT16,nan,False,DEV_0_L1_HEIGHT_SHARDED,,,,2802690.0,
23598,0.03961878116876496,,LayerNormDeviceOperation,2,10.874,0.567,32,,,,,BF16 => BF16,BFLOAT16,BFLOAT16,nan,False,DEV_0_L1_INTERLEAVED,,,,2805762.0,
23603,0.02336057143295939,,TransposeDeviceOperation,2,6.23,0.516,110,,,,,BF16 => BF16,BFLOAT16,BFLOAT16,nan,False,DEV_0_DRAM_INTERLEAVED,,,,2810882.0,
23606,0.016119694636884962,,InterleavedToShardedDeviceOperation,2,4.036,0.619,32,,,,,BF16 => BF16,BFLOAT16,BFLOAT16,nan,False,DEV_0_DRAM_INTERLEAVED,,,,2813954.0,
23607,0.015361324470294672,,InterleavedToShardedDeviceOperation,2,3.963,0.473,32,,,,,BF16 => BF16,BFLOAT16,BFLOAT16,nan,False,DEV_0_DRAM_INTERLEAVED,,,,2814978.0,
23609,0.019087380631258845,,PagedUpdateCacheDeviceOperation,2,4.964,0.548,32,,,,,"BF16, BF16 => BF16",BFLOAT16,BFLOAT16,BFLOAT16,False,DEV_0_DRAM_INTERLEAVED,,,,2817026.0,
23612,0.05122288358083832,,NLPConcatHeadsDecodeDeviceOperation,2,14.068,0.724,4,,,,,BF16 => BF16,BFLOAT16,BFLOAT16,nan,False,DEV_0_L1_HEIGHT_SHARDED,,,,2820098.0,
23614,0.007794937191756833,,InterleavedToShardedDeviceOperation,2,1.707,0.544,8,,,,,BF16 => BF16,BFLOAT16,BFLOAT16,nan,False,DEV_0_DRAM_INTERLEAVED,,,,2822146.0,
23621,0.009720297066753189,,BinaryNgDeviceOperation,2,2.287,0.52,110,,,,,"BF16, BF16 => BF16",BFLOAT16,BFLOAT16,BFLOAT16,False,DEV_0_DRAM_INTERLEAVED,,,,2829314.0,
23623,0.011250888909825832,,InterleavedToShardedDeviceOperation,2,2.636,0.613,2,,,,,BF16 => BF16,BFLOAT16,BFLOAT16,nan,False,DEV_0_DRAM_INTERLEAVED,,,,2831362.0,
23628,0.00914199652875968,,UnaryDeviceOperation,2,2.119,0.521,110,,,,,BF16 => BF16,BFLOAT16,BFLOAT16,nan,False,DEV_0_DRAM_INTERLEAVED,,,,2836482.0,
23645,0.007860731863744119,,SliceDeviceOperation,2,0.77,1.5,1,,,,,UINT16 => UINT16,UINT16,UINT16,nan,False,DEV_0_DRAM_INTERLEAVED,,,,2853890.0,
23650,0.03829596197407322,,UntilizeWithUnpaddingDeviceOperation,2,9.554,1.505,1,,,,,BF16 => BF16,BFLOAT16,BFLOAT16,nan,False,DEV_0_DRAM_INTERLEAVED,,,,2859010.0,
23652,0.012369398333609687,,TilizeDeviceOperation,2,2.07,1.502,1,,,,,BF16 => BF16,BFLOAT16,BFLOAT16,nan,False,DEV_0_DRAM_INTERLEAVED,,,,2861058.0,
23653,0.047202482834667873,,BinaryNgDeviceOperation,2,13.107,0.524,110,,,,,"BF16, FP32 => BF16",BFLOAT16,BFLOAT16,FLOAT32,False,DEV_0_DRAM_INTERLEAVED,,,,2862082.0,
23657,0.007881509128582206,,SliceDeviceOperation,2,1.464,0.812,4,,,,,BF16 => BF16,BFLOAT16,BFLOAT16,nan,False,DEV_0_DRAM_INTERLEAVED,,,,2866178.0,
23660,0.015274752533469294,,UnaryDeviceOperation,2,3.877,0.534,110,,,,,"BF16, BF16 => BF16",BFLOAT16,BFLOAT16,BFLOAT16,False,DEV_0_L1_INTERLEAVED,,,,2869250.0,
23672,0.016275524123170636,,ReshapeViewDeviceOperation,2,4.153,0.547,4,,,,,BF16 => BF16,BFLOAT16,BFLOAT16,nan,False,DEV_0_DRAM_INTERLEAVED,,,,2881538.0,
23683,0.01513277455707568,,UnaryDeviceOperation,2,3.833,0.537,110,,,,,"BF16, BF16 => BF16",BFLOAT16,BFLOAT16,BFLOAT16,False,DEV_0_L1_INTERLEAVED,,,,2892802.0,
23690,0.010589479312479961,,BinaryNgDeviceOperation,2,2.577,0.481,110,,,,,"BF16, BF16 => BF16",BFLOAT16,BFLOAT16,BFLOAT16,False,DEV_0_L1_INTERLEAVED,,,,2899970.0,
23691,0.018716852741646233,,TransposeDeviceOperation,2,4.925,0.48,110,,,,,BF16 => BF16,BFLOAT16,BFLOAT16,nan,False,DEV_0_L1_INTERLEAVED,,,,2900994.0,
23696,0.018955791287284272,,BinaryNgDeviceOperation,2,4.956,0.518,110,,,,,"BF16, BF16 => BF16",BFLOAT16,BFLOAT16,BFLOAT16,False,DEV_0_L1_INTERLEAVED,,,,2906114.0,
23709,0.015170866209278846,,UnaryDeviceOperation,2,3.827,0.554,110,,,,,"BF16, BF16 => BF16",BFLOAT16,BFLOAT16,BFLOAT16,False,DEV_0_L1_INTERLEAVED,,,,2919426.0,
23710,0.26405825882728806,SLOW,SparseMatmulDeviceOperation active=8/128 x 32 x 2816 x 192,2,75.403,0.851,3.0,57.36344707770247,11.203798257363763,3.671260612972958,22.130959520718545,LoFi BF16 x BFP8 => BF16,BFLOAT16,BFLOAT16,BFLOAT8_B,False,DEV_0_L1_INTERLEAVED,44,1,2,2920450.0,in0_block_w=44 and output subblock 1x2 look good 🤷 • Use HiFi2 or HiFi4 with BF16 activations for improved accuracy
23713,0.010842269368010056,,BinaryNgDeviceOperation,2,2.578,0.553,110,,,,,"BF16, BF16 => BF16",BFLOAT16,BFLOAT16,BFLOAT16,False,DEV_0_L1_INTERLEAVED,,,,2923522.0,
23721,0.03904048063077145,,UntilizeDeviceOperation,2,10.83,0.444,88,,,,,BF16 => BF16,BFLOAT16,BFLOAT16,nan,False,DEV_0_DRAM_INTERLEAVED,,,,2931714.0,
23724,0.01862335504987483,,UntilizeDeviceOperation,2,3.906,1.472,1,,,,,BF16 => BF16,BFLOAT16,BFLOAT16,nan,False,DEV_0_DRAM_INTERLEAVED,,,,2934786.0,
23741,0.01566952056539301,,ReshapeViewDeviceOperation,2,3.962,0.563,4,,,,,BF16 => BF16,BFLOAT16,BFLOAT16,nan,False,DEV_0_DRAM_INTERLEAVED,,,,2952194.0,
23748,0.008394014994588432,,SliceDeviceOperation,2,0.924,1.5,1,,,,,BF16 => BF16,BFLOAT16,BFLOAT16,nan,False,DEV_0_DRAM_INTERLEAVED,,,,2959362.0,
23753,0.26477853734167517,SLOW,SparseMatmulDeviceOperation active=8/128 x 32 x 2816 x 192,2,75.719,0.743,3.0,57.12405076665037,11.1570411653614,3.6559392490656237,22.03859983281264,LoFi BF16 x BFP8 => BF16,BFLOAT16,BFLOAT16,BFLOAT8_B,False,DEV_0_L1_INTERLEAVED,44,1,2,2964482.0,in0_block_w=44 and output subblock 1x2 look good 🤷 • Use HiFi2 or HiFi4 with BF16 activations for improved accuracy
23755,0.015250512391158192,,UnaryDeviceOperation,2,3.856,0.548,110,,,,,"BF16, BF16 => BF16",BFLOAT16,BFLOAT16,BFLOAT16,False,DEV_0_L1_INTERLEAVED,,,,2966530.0,
23761,0.13578288859439233,,UnaryDeviceOperation,2,38.676,0.535,110,,,,,"BF16, BF16 => BF16",BFLOAT16,BFLOAT16,BFLOAT16,False,DEV_0_L1_INTERLEAVED,,,,2972674.0,
23763,0.12788752795591807,,TransposeDeviceOperation,2,36.367,0.564,110,,,,,BF16 => BF16,BFLOAT16,BFLOAT16,nan,False,DEV_0_L1_INTERLEAVED,,,,2974722.0,
23765,0.018616429294928797,,BinaryNgDeviceOperation,2,4.869,0.507,110,,,,,"BF16, BF16 => BF16",BFLOAT16,BFLOAT16,BFLOAT16,False,DEV_0_L1_INTERLEAVED,,,,2976770.0,
23769,0.015087757149926485,,TilizeWithValPaddingDeviceOperation,2,3.824,0.533,88,,,,,BF16 => BF16,BFLOAT16,BFLOAT16,nan,False,DEV_0_DRAM_INTERLEAVED,,,,2980866.0,
23770,0.018619892172401814,,UntilizeDeviceOperation,2,3.904,1.473,1,,,,,BF16 => BF16,BFLOAT16,BFLOAT16,nan,False,DEV_0_DRAM_INTERLEAVED,,,,2981890.0,
23772,0.024686853505124146,,TilizeWithValPaddingDeviceOperation,2,5.659,1.47,1,,,,,BF16 => BF16,BFLOAT16,BFLOAT16,nan,False,DEV_0_DRAM_INTERLEAVED,,,,2983938.0,
23774,0.013352855535945955,,UntilizeWithUnpaddingDeviceOperation,2,2.355,1.501,1,,,,,BF16 => BF16,BFLOAT16,BFLOAT16,nan,False,DEV_0_DRAM_INTERLEAVED,,,,2985986.0,
23777,0.01419779763936162,,TransposeDeviceOperation,2,3.561,0.539,110,,,,,BF16 => BF16,BFLOAT16,BFLOAT16,nan,False,DEV_0_L1_INTERLEAVED,,,,2989058.0,
23781,0.00804772724728693,,UnaryDeviceOperation,2,1.86,0.464,110,,,,,BF16 => BF16,BFLOAT16,BFLOAT16,nan,False,DEV_0_L1_INTERLEAVED,,,,2993154.0,
23783,0.01879649892352558,,TransposeDeviceOperation,2,4.938,0.49,110,,,,,BF16 => BF16,BFLOAT16,BFLOAT16,nan,False,DEV_0_L1_INTERLEAVED,,,,2995202.0,
23788,0.019087380631258845,,BinaryNgDeviceOperation,2,5.021,0.491,110,,,,,"BF16, BF16 => BF16",BFLOAT16,BFLOAT16,BFLOAT16,False,DEV_0_L1_INTERLEAVED,,,,3000322.0,
23790,0.03881885647249848,,UntilizeDeviceOperation,2,10.763,0.447,88,,,,,BF16 => BF16,BFLOAT16,BFLOAT16,nan,False,DEV_0_DRAM_INTERLEAVED,,,,3002370.0,
23797,0.01328706086395867,,UntilizeWithUnpaddingDeviceOperation,2,2.348,1.489,1,,,,,BF16 => BF16,BFLOAT16,BFLOAT16,nan,False,DEV_0_DRAM_INTERLEAVED,,,,3009538.0,
23799,0.26406864745970715,SLOW,SparseMatmulDeviceOperation active=8/128 x 32 x 2816 x 192,2,75.513,0.744,3.0,57.27988558261491,11.187477652854474,3.665912677287354,22.098721289589086,LoFi BF16 x BFP8 => BF16,BFLOAT16,BFLOAT16,BFLOAT8_B,False,DEV_0_L1_INTERLEAVED,44,1,2,3011586.0,in0_block_w=44 and output subblock 1x2 look good 🤷 • Use HiFi2 or HiFi4 with BF16 activations for improved accuracy
23807,0.12798448852516248,,UnaryDeviceOperation,2,36.44,0.519,110,,,,,"BF16, BF16 => BF16",BFLOAT16,BFLOAT16,BFLOAT16,False,DEV_0_L1_INTERLEAVED,,,,3019778.0,
23811,0.018709926986700206,,BinaryNgDeviceOperation,2,4.886,0.517,110,,,,,"BF16, BF16 => BF16",BFLOAT16,BFLOAT16,BFLOAT16,False,DEV_0_L1_INTERLEAVED,,,,3023874.0,
23813,0.03894352006152702,,UntilizeDeviceOperation,2,10.729,0.517,88,,,,,BF16 => BF16,BFLOAT16,BFLOAT16,nan,False,DEV_0_DRAM_INTERLEAVED,,,,3025922.0,
23817,0.008137762061585318,,SliceDeviceOperation,2,0.847,1.503,1,,,,,BF16 => BF16,BFLOAT16,BFLOAT16,nan,False,DEV_0_DRAM_INTERLEAVED,,,,3030018.0,
23818,0.024905014785924093,,TilizeWithValPaddingDeviceOperation,2,5.701,1.491,1,,,,,BF16 => BF16,BFLOAT16,BFLOAT16,nan,False,DEV_0_DRAM_INTERLEAVED,,,,3031042.0,
23820,0.013304375251323747,,UntilizeWithUnpaddingDeviceOperation,2,2.349,1.493,1,,,,,BF16 => BF16,BFLOAT16,BFLOAT16,nan,False,DEV_0_DRAM_INTERLEAVED,,,,3033090.0,
23822,0.26328257427333274,SLOW,SparseMatmulDeviceOperation active=8/128 x 32 x 2816 x 192,2,75.401,0.629,3.0,57.36496863436824,11.204095436400047,3.6713579925995674,22.13154654103713,LoFi BF16 x BFP8 => BF16,BFLOAT16,BFLOAT16,BFLOAT8_B,False,DEV_0_L1_INTERLEAVED,44,1,2,3035138.0,in0_block_w=44 and output subblock 1x2 look good 🤷 • Use HiFi2 or HiFi4 with BF16 activations for improved accuracy
23823,0.013965784848669617,,TransposeDeviceOperation,2,3.492,0.541,110,,,,,BF16 => BF16,BFLOAT16,BFLOAT16,nan,False,DEV_0_L1_INTERLEAVED,,,,3036162.0,
23828,0.010606793699845034,,BinaryNgDeviceOperation,2,2.57,0.493,110,,,,,"BF16, BF16 => BF16",BFLOAT16,BFLOAT16,BFLOAT16,False,DEV_0_L1_INTERLEAVED,,,,3041282.0,
23830,0.1265162284766041,,UnaryDeviceOperation,2,36.064,0.471,110,,,,,"BF16, BF16 => BF16",BFLOAT16,BFLOAT16,BFLOAT16,False,DEV_0_L1_INTERLEAVED,,,,3043330.0,
23837,0.0075213698713886435,,SliceDeviceOperation,2,1.01,1.162,1,,,,,BF16 => BF16,BFLOAT16,BFLOAT16,nan,False,DEV_0_DRAM_INTERLEAVED,,,,3050498.0,
23852,0.018827664820782714,,TransposeDeviceOperation,2,4.951,0.486,110,,,,,BF16 => BF16,BFLOAT16,BFLOAT16,nan,False,DEV_0_L1_INTERLEAVED,,,,3065858.0,
23854,0.06222444531260706,SLOW,SparseMatmulDeviceOperation active=8/128 x 32 x 192 x 2816,2,17.525,0.444,44.0,246.81175463623393,48.20542082738944,15.795952296718971,6.492312569345379,LoFi BF16 x BFP8 => BF16,BFLOAT16,BFLOAT16,BFLOAT8_B,False,DEV_0_L1_INTERLEAVED,6,1,2,3067906.0,in0_block_w=6 and output subblock 1x2 look good 🤷 • Use HiFi2 or HiFi4 with BF16 activations for improved accuracy
23855,0.12816455815375927,,TransposeDeviceOperation,2,36.505,0.506,110,,,,,BF16 => BF16,BFLOAT16,BFLOAT16,nan,False,DEV_0_L1_INTERLEAVED,,,,3068930.0,
23857,0.019038900346636634,,BinaryNgDeviceOperation,2,4.99,0.508,110,,,,,"BF16, BF16 => BF16",BFLOAT16,BFLOAT16,BFLOAT16,False,DEV_0_L1_INTERLEAVED,,,,3070978.0,
23859,0.03879115345271436,,UntilizeDeviceOperation,2,10.745,0.457,88,,,,,BF16 => BF16,BFLOAT16,BFLOAT16,nan,False,DEV_0_DRAM_INTERLEAVED,,,,3073026.0,
23863,0.008314368812709087,,SliceDeviceOperation,2,0.865,1.536,1,,,,,BF16 => BF16,BFLOAT16,BFLOAT16,nan,False,DEV_0_DRAM_INTERLEAVED,,,,3077122.0,
23864,0.024967346580438362,,TilizeWithValPaddingDeviceOperation,2,5.703,1.507,1,,,,,BF16 => BF16,BFLOAT16,BFLOAT16,nan,False,DEV_0_DRAM_INTERLEAVED,,,,3078146.0,
23867,0.015347472960402614,,UnaryDeviceOperation,2,3.916,0.516,110,,,,,"BF16, BF16 => BF16",BFLOAT16,BFLOAT16,BFLOAT16,False,DEV_0_L1_INTERLEAVED,,,,3081218.0,
23877,0.06337065775617504,SLOW,SparseMatmulDeviceOperation active=8/128 x 32 x 192 x 2816,2,17.838,0.462,44.0,242.48099562731247,47.35956945845947,15.518783720147997,6.378393193058514,LoFi BF16 x BFP8 => BF16,BFLOAT16,BFLOAT16,BFLOAT8_B,False,DEV_0_L1_INTERLEAVED,6,1,2,3091458.0,in0_block_w=6 and output subblock 1x2 look good 🤷 • Use HiFi2 or HiFi4 with BF16 activations for improved accuracy
23880,0.01936787370657306,,BinaryNgDeviceOperation,2,5.063,0.53,110,,,,,"BF16, BF16 => BF16",BFLOAT16,BFLOAT16,BFLOAT16,False,DEV_0_L1_INTERLEAVED,,,,3094530.0,
23889,0.013325152516161835,,UntilizeWithUnpaddingDeviceOperation,2,2.358,1.49,1,,,,,BF16 => BF16,BFLOAT16,BFLOAT16,nan,False,DEV_0_DRAM_INTERLEAVED,,,,3103746.0,
23891,0.2659593785599733,SLOW,SparseMatmulDeviceOperation active=8/128 x 32 x 2816 x 192,2,76.073,0.73,3.0,56.858228280730344,11.105122711080146,3.638926609966742,21.93604486139288,LoFi BF16 x BFP8 => BF16,BFLOAT16,BFLOAT16,BFLOAT8_B,False,DEV_0_L1_INTERLEAVED,44,1,2,3105794.0,in0_block_w=44 and output subblock 1x2 look good 🤷 • Use HiFi2 or HiFi4 with BF16 activations for improved accuracy
23893,0.015371713102713718,,UnaryDeviceOperation,2,3.897,0.542,110,,,,,"BF16, BF16 => BF16",BFLOAT16,BFLOAT16,BFLOAT16,False,DEV_0_L1_INTERLEAVED,,,,3107842.0,
23898,0.0186856868443891,,TransposeDeviceOperation,2,4.907,0.489,110,,,,,BF16 => BF16,BFLOAT16,BFLOAT16,nan,False,DEV_0_L1_INTERLEAVED,,,,3112962.0,
23910,0.024911940540870123,,TilizeWithValPaddingDeviceOperation,2,5.656,1.538,1,,,,,BF16 => BF16,BFLOAT16,BFLOAT16,nan,False,DEV_0_DRAM_INTERLEAVED,,,,3125250.0,
23913,0.01505659125266935,,UnaryDeviceOperation,2,3.819,0.529,110,,,,,"BF16, BF16 => BF16",BFLOAT16,BFLOAT16,BFLOAT16,False,DEV_0_L1_INTERLEAVED,,,,3128322.0,
23918,0.01467221185316468,,TransposeDeviceOperation,2,3.767,0.47,110,,,,,BF16 => BF16,BFLOAT16,BFLOAT16,nan,False,DEV_0_L1_INTERLEAVED,,,,3133442.0,
23920,0.010385169541572073,,BinaryNgDeviceOperation,2,2.509,0.49,110,,,,,"BF16, BF16 => BF16",BFLOAT16,BFLOAT16,BFLOAT16,False,DEV_0_L1_INTERLEAVED,,,,3135490.0,
23921,0.018938476899919194,,TransposeDeviceOperation,2,4.986,0.483,110,,,,,BF16 => BF16,BFLOAT16,BFLOAT16,nan,False,DEV_0_L1_INTERLEAVED,,,,3136514.0,
23923,0.0655488076867015,SLOW,SparseMatmulDeviceOperation active=8/128 x 32 x 192 x 2816,2,18.469,0.46,44.0,234.19654556283498,45.74151280524121,14.988578916021439,6.160473105082991,LoFi BF16 x BFP8 => BF16,BFLOAT16,BFLOAT16,BFLOAT8_B,False,DEV_0_L1_INTERLEAVED,6,1,2,3138562.0,in0_block_w=6 and output subblock 1x2 look good 🤷 • Use HiFi2 or HiFi4 with BF16 activations for improved accuracy
23931,0.01844328542127805,,UntilizeDeviceOperation,2,3.85,1.476,1,,,,,BF16 => BF16,BFLOAT16,BFLOAT16,nan,False,DEV_0_DRAM_INTERLEAVED,,,,3146754.0,
23948,0.016614886115526115,,ReshapeViewDeviceOperation,2,4.203,0.595,4,,,,,BF16 => BF16,BFLOAT16,BFLOAT16,nan,False,DEV_0_DRAM_INTERLEAVED,,,,3164162.0,
23952,0.007746456907134621,,SliceDeviceOperation,2,1.028,1.209,1,,,,,BF16 => BF16,BFLOAT16,BFLOAT16,nan,False,DEV_0_DRAM_INTERLEAVED,,,,3168258.0,
23953,0.014762246667463072,,TilizeWithValPaddingDeviceOperation,2,3.722,0.541,88,,,,,BF16 => BF16,BFLOAT16,BFLOAT16,nan,False,DEV_0_DRAM_INTERLEAVED,,,,3169282.0,
23956,0.02487731176613997,,TilizeWithValPaddingDeviceOperation,2,5.667,1.517,1,,,,,BF16 => BF16,BFLOAT16,BFLOAT16,nan,False,DEV_0_DRAM_INTERLEAVED,,,,3172354.0,
23976,0.014776098177355132,,TilizeWithValPaddingDeviceOperation,2,3.729,0.538,88,,,,,BF16 => BF16,BFLOAT16,BFLOAT16,nan,False,DEV_0_DRAM_INTERLEAVED,,,,3192834.0,
23977,0.018969642797176334,,UntilizeDeviceOperation,2,3.896,1.582,1,,,,,BF16 => BF16,BFLOAT16,BFLOAT16,nan,False,DEV_0_DRAM_INTERLEAVED,,,,3193858.0,
23986,0.26355614159370094,SLOW,SparseMatmulDeviceOperation active=8/128 x 32 x 2816 x 192,2,75.379,0.73,3.0,57.381711086642156,11.207365446609796,3.6724295095450983,22.138005820463796,LoFi BF16 x BFP8 => BF16,BFLOAT16,BFLOAT16,BFLOAT8_B,False,DEV_0_L1_INTERLEAVED,44,1,2,3203074.0,in0_block_w=44 and output subblock 1x2 look good 🤷 • Use HiFi2 or HiFi4 with BF16 activations for improved accuracy
23993,0.12678287004202626,,TransposeDeviceOperation,2,36.113,0.499,110,,,,,BF16 => BF16,BFLOAT16,BFLOAT16,nan,False,DEV_0_L1_INTERLEAVED,,,,3210242.0,
23995,0.018329010464668553,,BinaryNgDeviceOperation,2,4.836,0.457,110,,,,,"BF16, BF16 => BF16",BFLOAT16,BFLOAT16,BFLOAT16,False,DEV_0_L1_INTERLEAVED,,,,3212290.0,
24002,0.024704167892489224,,TilizeWithValPaddingDeviceOperation,2,5.65,1.484,1,,,,,BF16 => BF16,BFLOAT16,BFLOAT16,nan,False,DEV_0_DRAM_INTERLEAVED,,,,3219458.0,
24007,0.01388613866679027,,TransposeDeviceOperation,2,3.472,0.538,110,,,,,BF16 => BF16,BFLOAT16,BFLOAT16,nan,False,DEV_0_L1_INTERLEAVED,,,,3224578.0,
24016,0.1277386242245784,,TransposeDeviceOperation,2,36.342,0.546,110,,,,,BF16 => BF16,BFLOAT16,BFLOAT16,nan,False,DEV_0_L1_INTERLEAVED,,,,3233794.0,
24020,0.03872882165820009,,UntilizeDeviceOperation,2,10.741,0.443,88,,,,,BF16 => BF16,BFLOAT16,BFLOAT16,nan,False,DEV_0_DRAM_INTERLEAVED,,,,3237890.0,
24026,0.007715291009877488,,CopyDeviceOperation,2,1.681,0.547,88,,,,,BF16 => BF16,BFLOAT16,BFLOAT16,nan,False,DEV_0_DRAM_INTERLEAVED,,,,3244034.0,
24029,0.2688647327598329,SLOW,SparseMatmulDeviceOperation active=8/128 x 32 x 2816 x 192,2,77.017,0.625,3.0,56.161315034343055,10.969006842645127,3.5943241621979554,21.667174010163215,LoFi BF16 x BFP8 => BF16,BFLOAT16,BFLOAT16,BFLOAT8_B,False,DEV_0_L1_INTERLEAVED,44,1,2,3247106.0,in0_block_w=44 and output subblock 1x2 look good 🤷 • Use HiFi2 or HiFi4 with BF16 activations for improved accuracy
24032,0.2652252485356941,SLOW,SparseMatmulDeviceOperation active=8/128 x 32 x 2816 x 192,2,75.726,0.865,3.0,57.11877030346248,11.156009824895015,3.655601299421599,22.036562617076576,LoFi BF16 x BFP8 => BF16,BFLOAT16,BFLOAT16,BFLOAT8_B,False,DEV_0_L1_INTERLEAVED,44,1,2,3250178.0,in0_block_w=44 and output subblock 1x2 look good 🤷 • Use HiFi2 or HiFi4 with BF16 activations for improved accuracy
24047,0.007964618187934569,,SliceDeviceOperation,2,0.79,1.51,1,,,,,BF16 => BF16,BFLOAT16,BFLOAT16,nan,False,DEV_0_DRAM_INTERLEAVED,,,,3265538.0,
24049,0.0075802387884299,,CopyDeviceOperation,2,1.65,0.539,88,,,,,BF16 => BF16,BFLOAT16,BFLOAT16,nan,False,DEV_0_DRAM_INTERLEAVED,,,,3267586.0,
24050,0.013435964595298316,,UntilizeWithUnpaddingDeviceOperation,2,2.378,1.502,1,,,,,BF16 => BF16,BFLOAT16,BFLOAT16,nan,False,DEV_0_DRAM_INTERLEAVED,,,,3268610.0,
24060,0.12641580502988667,,UnaryDeviceOperation,2,35.979,0.527,110,,,,,"BF16, BF16 => BF16",BFLOAT16,BFLOAT16,BFLOAT16,False,DEV_0_L1_INTERLEAVED,,,,3278850.0,
24070,0.008397477872061446,,SliceDeviceOperation,2,0.92,1.505,1,,,,,BF16 => BF16,BFLOAT16,BFLOAT16,nan,False,DEV_0_DRAM_INTERLEAVED,,,,3289090.0,
24073,0.013425575962879268,,UntilizeWithUnpaddingDeviceOperation,2,2.393,1.484,1,,,,,BF16 => BF16,BFLOAT16,BFLOAT16,nan,False,DEV_0_DRAM_INTERLEAVED,,,,3292162.0,
24077,0.015562171363729544,,UnaryDeviceOperation,2,3.944,0.55,110,,,,,"BF16, BF16 => BF16",BFLOAT16,BFLOAT16,BFLOAT16,False,DEV_0_L1_INTERLEAVED,,,,3296258.0,
24083,0.12631191870569622,,UnaryDeviceOperation,2,35.999,0.477,110,,,,,"BF16, BF16 => BF16",BFLOAT16,BFLOAT16,BFLOAT16,False,DEV_0_L1_INTERLEAVED,,,,3302402.0,
24086,0.016178563553926217,,ReshapeViewDeviceOperation,2,4.056,0.616,4,,,,,BF16 => BF16,BFLOAT16,BFLOAT16,nan,False,DEV_0_DRAM_INTERLEAVED,,,,3305474.0,
24087,0.01830130744488443,,BinaryNgDeviceOperation,2,4.829,0.456,110,,,,,"BF16, BF16 => BF16",BFLOAT16,BFLOAT16,BFLOAT16,False,DEV_0_L1_INTERLEAVED,,,,3306498.0,
24092,0.018626817927347845,,UntilizeDeviceOperation,2,3.906,1.473,1,,,,,BF16 => BF16,BFLOAT16,BFLOAT16,nan,False,DEV_0_DRAM_INTERLEAVED,,,,3311618.0,
24098,0.2705130624369881,SLOW,SparseMatmulDeviceOperation active=8/128 x 32 x 2816 x 192,2,77.402,0.716,3.0,55.88196687424097,10.91444665512519,3.5764458799514225,21.55940080024729,LoFi BF16 x BFP8 => BF16,BFLOAT16,BFLOAT16,BFLOAT8_B,False,DEV_0_L1_INTERLEAVED,44,1,2,3317762.0,in0_block_w=44 and output subblock 1x2 look good 🤷 • Use HiFi2 or HiFi4 with BF16 activations for improved accuracy
24104,0.010461352845978404,,BinaryNgDeviceOperation,2,2.537,0.484,110,,,,,"BF16, BF16 => BF16",BFLOAT16,BFLOAT16,BFLOAT16,False,DEV_0_L1_INTERLEAVED,,,,3323906.0,
24116,0.008272814283032906,,SliceDeviceOperation,2,0.873,1.516,1,,,,,BF16 => BF16,BFLOAT16,BFLOAT16,nan,False,DEV_0_DRAM_INTERLEAVED,,,,3336194.0,
24132,0.015832275806624718,,ReshapeViewDeviceOperation,2,3.97,0.602,4,,,,,BF16 => BF16,BFLOAT16,BFLOAT16,nan,False,DEV_0_DRAM_INTERLEAVED,,,,3352578.0,
24133,0.01862335504987483,,BinaryNgDeviceOperation,2,4.864,0.514,110,,,,,"BF16, BF16 => BF16",BFLOAT16,BFLOAT16,BFLOAT16,False,DEV_0_L1_INTERLEAVED,,,,3353602.0,
24138,0.018644132314712923,,UntilizeDeviceOperation,2,3.902,1.482,1,,,,,BF16 => BF16,BFLOAT16,BFLOAT16,nan,False,DEV_0_DRAM_INTERLEAVED,,,,3358722.0,
24139,0.00828320291545195,,SliceDeviceOperation,2,0.891,1.501,1,,,,,BF16 => BF16,BFLOAT16,BFLOAT16,nan,False,DEV_0_DRAM_INTERLEAVED,,,,3359746.0,
24141,0.007604478930741005,,CopyDeviceOperation,2,1.654,0.542,88,,,,,BF16 => BF16,BFLOAT16,BFLOAT16,nan,False,DEV_0_DRAM_INTERLEAVED,,,,3361794.0,
24143,0.01564181754560889,,UnaryDeviceOperation,2,3.984,0.533,110,,,,,"BF16, BF16 => BF16",BFLOAT16,BFLOAT16,BFLOAT16,False,DEV_0_L1_INTERLEAVED,,,,3363842.0,
24155,0.015811498541786626,,ReshapeViewDeviceOperation,2,4.013,0.553,4,,,,,BF16 => BF16,BFLOAT16,BFLOAT16,nan,False,DEV_0_DRAM_INTERLEAVED,,,,3376130.0,
24157,0.012369398333609687,,ReduceDeviceOperation,2,3.041,0.531,88,,,,,BF16 => BF16,BFLOAT16,BFLOAT16,nan,False,DEV_0_L1_INTERLEAVED,,,,3378178.0,
24171,0.010392095296518106,,BinaryNgDeviceOperation,2,2.519,0.482,109,,,,,"BF16, BF16 => BF16",BFLOAT16,BFLOAT16,BFLOAT16,False,DEV_0_L1_INTERLEAVED,,,,3394562.0,
24173,0.1256193432110932,,UnaryDeviceOperation,2,35.815,0.461,109,,,,,"BF16, BF16 => BF16",BFLOAT16,BFLOAT16,BFLOAT16,False,DEV_0_L1_INTERLEAVED,,,,3396610.0,
24176,0.016767252724338776,,ReshapeViewDeviceOperation,2,4.29,0.552,3,,,,,BF16 => BF16,BFLOAT16,BFLOAT16,nan,False,DEV_0_DRAM_INTERLEAVED,,,,3399682.0,
24178,0.012400564230866822,,ReduceDeviceOperation,2,3.076,0.505,87,,,,,BF16 => BF16,BFLOAT16,BFLOAT16,nan,False,DEV_0_L1_INTERLEAVED,,,,3401730.0,
24182,0.02574649401186675,,UnaryDeviceOperation,2,3.378,4.057,109,,,,,"BF16, BF16 => BF16",BFLOAT16,BFLOAT16,BFLOAT16,False,DEV_0_L1_INTERLEAVED,,,,3410946.0,
24184,0.015350935837875628,,TransposeDeviceOperation,2,3.803,0.63,109,,,,,BF16 => BF16,BFLOAT16,BFLOAT16,nan,False,DEV_0_L1_INTERLEAVED,,,,3412994.0,
24195,0.019177415445557233,,BinaryNgDeviceOperation,2,5.071,0.467,109,,,,,"BF16, BF16 => BF16",BFLOAT16,BFLOAT16,BFLOAT16,False,DEV_0_L1_INTERLEAVED,,,,3424258.0,
24197,0.038773839065349286,,UntilizeDeviceOperation,2,10.744,0.453,87,,,,,BF16 => BF16,BFLOAT16,BFLOAT16,nan,False,DEV_0_DRAM_INTERLEAVED,,,,3426306.0,
24198,0.020005043161607824,,TilizeWithValPaddingDeviceOperation,2,3.618,2.159,87,,,,,BF16 => BF16,BFLOAT16,BFLOAT16,nan,False,DEV_0_DRAM_INTERLEAVED,,,,3428354.0,
24202,0.015136237434548694,,TransposeDeviceOperation,2,3.763,0.608,109,,,,,BF16 => BF16,BFLOAT16,BFLOAT16,nan,False,DEV_0_L1_INTERLEAVED,,,,3436546.0,
24203,0.015555245608783514,,UnaryDeviceOperation,2,4.036,0.456,109,,,,,"BF16, BF16 => BF16",BFLOAT16,BFLOAT16,BFLOAT16,False,DEV_0_L1_INTERLEAVED,,,,3437570.0,
24205,0.014786486809774176,,TransposeDeviceOperation,2,3.799,0.471,109,,,,,BF16 => BF16,BFLOAT16,BFLOAT16,nan,False,DEV_0_L1_INTERLEAVED,,,,3439618.0,
24208,0.019118546528515978,,TransposeDeviceOperation,2,5.039,0.482,109,,,,,BF16 => BF16,BFLOAT16,BFLOAT16,nan,False,DEV_0_L1_INTERLEAVED,,,,3442690.0,
24211,0.12719495246131504,,TransposeDeviceOperation,2,36.198,0.533,109,,,,,BF16 => BF16,BFLOAT16,BFLOAT16,nan,False,DEV_0_L1_INTERLEAVED,,,,3445762.0,
24213,0.019111620773569947,,BinaryNgDeviceOperation,2,5.047,0.472,109,,,,,"BF16, BF16 => BF16",BFLOAT16,BFLOAT16,BFLOAT16,False,DEV_0_L1_INTERLEAVED,,,,3447810.0,
24216,0.019122009405988995,,TilizeWithValPaddingDeviceOperation,2,3.493,2.029,87,,,,,BF16 => BF16,BFLOAT16,BFLOAT16,nan,False,DEV_0_DRAM_INTERLEAVED,,,,3451906.0,
24223,0.01465836034327262,,TransposeDeviceOperation,2,3.766,0.467,109,,,,,BF16 => BF16,BFLOAT16,BFLOAT16,nan,False,DEV_0_L1_INTERLEAVED,,,,3463170.0,
24224,0.007853806108798086,,UnaryDeviceOperation,2,1.807,0.461,109,,,,,BF16 => BF16,BFLOAT16,BFLOAT16,nan,False,DEV_0_L1_INTERLEAVED,,,,3464194.0,
24226,0.018931551144973167,,TransposeDeviceOperation,2,4.984,0.483,109,,,,,BF16 => BF16,BFLOAT16,BFLOAT16,nan,False,DEV_0_L1_INTERLEAVED,,,,3466242.0,
24227,0.12650930272165808,,UnaryDeviceOperation,2,36.066,0.467,109,,,,,"BF16, BF16 => BF16",BFLOAT16,BFLOAT16,BFLOAT16,False,DEV_0_L1_INTERLEAVED,,,,3467266.0,
24231,0.019167026813138192,,BinaryNgDeviceOperation,2,5.073,0.462,109,,,,,"BF16, BF16 => BF16",BFLOAT16,BFLOAT16,BFLOAT16,False,DEV_0_L1_INTERLEAVED,,,,3471362.0,
24234,0.01947868578570954,,TilizeWithValPaddingDeviceOperation,2,3.593,2.032,87,,,,,BF16 => BF16,BFLOAT16,BFLOAT16,nan,False,DEV_0_DRAM_INTERLEAVED,,,,3475458.0,
24236,0.02588500911078735,,UnaryDeviceOperation,2,3.386,4.089,109,,,,,"BF16, BF16 => BF16",BFLOAT16,BFLOAT16,BFLOAT16,False,DEV_0_L1_INTERLEAVED,,,,3481602.0,
24237,0.2629882296881264,SLOW,SparseMatmulDeviceOperation active=8/128 x 32 x 2816 x 192,2,74.878,1.067,2.0,57.76564544993188,11.28235262693982,3.697001308795641,33.42919296871058,LoFi BF16 x BFP8 => BF16,BFLOAT16,BFLOAT16,BFLOAT8_B,False,DEV_0_L1_INTERLEAVED,44,1,2,3482626.0,in0_block_w=44 and output subblock 1x2 look good 🤷 • Use HiFi2 or HiFi4 with BF16 activations for improved accuracy
24239,0.015721463727488238,,UnaryDeviceOperation,2,4.064,0.476,109,,,,,"BF16, BF16 => BF16",BFLOAT16,BFLOAT16,BFLOAT16,False,DEV_0_L1_INTERLEAVED,,,,3484674.0,
24241,0.015312844185672463,,TransposeDeviceOperation,2,3.759,0.663,109,,,,,BF16 => BF16,BFLOAT16,BFLOAT16,nan,False,DEV_0_L1_INTERLEAVED,,,,3486722.0,
24243,0.01063795959710217,,BinaryNgDeviceOperation,2,2.596,0.476,109,,,,,"BF16, BF16 => BF16",BFLOAT16,BFLOAT16,BFLOAT16,False,DEV_0_L1_INTERLEAVED,,,,3488770.0,
24245,0.1260729801600582,,UnaryDeviceOperation,2,35.94,0.467,109,,,,,"BF16, BF16 => BF16",BFLOAT16,BFLOAT16,BFLOAT16,False,DEV_0_L1_INTERLEAVED,,,,3490818.0,
24252,0.0196760698016714,,TilizeWithValPaddingDeviceOperation,2,3.584,2.098,87,,,,,BF16 => BF16,BFLOAT16,BFLOAT16,nan,False,DEV_0_DRAM_INTERLEAVED,,,,3499010.0,
24253,0.05387891060264085,,CopyDeviceOperation,2,1.291,14.268,87,,,,,BF16 => BF16,BFLOAT16,BFLOAT16,nan,False,DEV_0_DRAM_INTERLEAVED,,,,3503106.0,
24260,0.007902286393420298,,UnaryDeviceOperation,2,1.821,0.461,109,,,,,BF16 => BF16,BFLOAT16,BFLOAT16,nan,False,DEV_0_L1_INTERLEAVED,,,,3511298.0,
24267,0.018980031429595378,,BinaryNgDeviceOperation,2,5.037,0.444,109,,,,,"BF16, BF16 => BF16",BFLOAT16,BFLOAT16,BFLOAT16,False,DEV_0_L1_INTERLEAVED,,,,3518466.0,
24269,0.039168607097273,,UntilizeDeviceOperation,2,10.857,0.454,87,,,,,BF16 => BF16,BFLOAT16,BFLOAT16,nan,False,DEV_0_DRAM_INTERLEAVED,,,,3520514.0,
24270,0.019579109232426978,,TilizeWithValPaddingDeviceOperation,2,3.602,2.052,87,,,,,BF16 => BF16,BFLOAT16,BFLOAT16,nan,False,DEV_0_DRAM_INTERLEAVED,,,,3522562.0,
24274,0.014748395157571014,,TransposeDeviceOperation,2,3.781,0.478,109,,,,,BF16 => BF16,BFLOAT16,BFLOAT16,nan,False,DEV_0_L1_INTERLEAVED,,,,3530754.0,
24278,0.007822640211540952,,UnaryDeviceOperation,2,1.812,0.447,109,,,,,BF16 => BF16,BFLOAT16,BFLOAT16,nan,False,DEV_0_L1_INTERLEAVED,,,,3534850.0,
24283,0.12708067750470556,,TransposeDeviceOperation,2,36.194,0.504,109,,,,,BF16 => BF16,BFLOAT16,BFLOAT16,nan,False,DEV_0_L1_INTERLEAVED,,,,3539970.0,
24289,0.05355686299765045,,CopyDeviceOperation,2,1.254,14.212,87,,,,,BF16 => BF16,BFLOAT16,BFLOAT16,nan,False,DEV_0_DRAM_INTERLEAVED,,,,3550210.0,
24292,0.014599491426231365,,TransposeDeviceOperation,2,3.744,0.472,109,,,,,BF16 => BF16,BFLOAT16,BFLOAT16,nan,False,DEV_0_L1_INTERLEAVED,,,,3554306.0,
24293,0.015510228201634318,,UnaryDeviceOperation,2,4.013,0.466,109,,,,,"BF16, BF16 => BF16",BFLOAT16,BFLOAT16,BFLOAT16,False,DEV_0_L1_INTERLEAVED,,,,3555330.0,
24296,0.007891897761001252,,UnaryDeviceOperation,2,1.821,0.458,109,,,,,BF16 => BF16,BFLOAT16,BFLOAT16,nan,False,DEV_0_L1_INTERLEAVED,,,,3558402.0,
24299,0.12682788744917547,,UnaryDeviceOperation,2,36.164,0.461,109,,,,,"BF16, BF16 => BF16",BFLOAT16,BFLOAT16,BFLOAT16,False,DEV_0_L1_INTERLEAVED,,,,3561474.0,
24306,0.0197453273511317,,TilizeWithValPaddingDeviceOperation,2,3.613,2.089,87,,,,,BF16 => BF16,BFLOAT16,BFLOAT16,nan,False,DEV_0_DRAM_INTERLEAVED,,,,3569666.0,
24308,0.02556296150579695,,UnaryDeviceOperation,2,3.343,4.039,109,,,,,"BF16, BF16 => BF16",BFLOAT16,BFLOAT16,BFLOAT16,False,DEV_0_L1_INTERLEAVED,,,,3575810.0,
24324,0.02022320444240777,,TilizeWithValPaddingDeviceOperation,2,3.577,2.263,87,,,,,BF16 => BF16,BFLOAT16,BFLOAT16,nan,False,DEV_0_DRAM_INTERLEAVED,,,,3593218.0,
24327,0.26433182614765627,SLOW,SparseMatmulDeviceOperation active=8/128 x 32 x 2816 x 192,2,75.108,1.225,2.0,57.58875219683656,11.24780316344464,3.6856801405975395,33.326824187984116,LoFi BF16 x BFP8 => BF16,BFLOAT16,BFLOAT16,BFLOAT8_B,False,DEV_0_L1_INTERLEAVED,44,1,2,3600386.0,in0_block_w=44 and output subblock 1x2 look good 🤷 • Use HiFi2 or HiFi4 with BF16 activations for improved accuracy
24328,0.015108534414764577,,TransposeDeviceOperation,2,3.825,0.538,109,,,,,BF16 => BF16,BFLOAT16,BFLOAT16,nan,False,DEV_0_L1_INTERLEAVED,,,,3601410.0,
24330,0.2640132414201389,SLOW,SparseMatmulDeviceOperation active=8/128 x 32 x 2816 x 192,2,75.568,0.673,2.0,57.23819606182511,11.179335168325217,3.6632445479568068,33.12395605429693,LoFi BF16 x BFP8 => BF16,BFLOAT16,BFLOAT16,BFLOAT8_B,False,DEV_0_L1_INTERLEAVED,44,1,2,3603458.0,in0_block_w=44 and output subblock 1x2 look good 🤷 • Use HiFi2 or HiFi4 with BF16 activations for improved accuracy
24339,0.018945402654865228,,BinaryNgDeviceOperation,2,5.026,0.445,109,,,,,"BF16, BF16 => BF16",BFLOAT16,BFLOAT16,BFLOAT16,False,DEV_0_L1_INTERLEAVED,,,,3612674.0,
24350,0.1238186469251254,,UntilizeWithUnpaddingDeviceOperation,2,1.259,34.497,87,,,,,BF16 => BF16,BFLOAT16,BFLOAT16,nan,False,DEV_0_L1_INTERLEAVED,,,,3623938.0,
24362,0.12389483022953174,,UntilizeWithUnpaddingDeviceOperation,2,1.254,34.524,87,,,,,BF16 => BF16,BFLOAT16,BFLOAT16,nan,False,DEV_0_L1_INTERLEAVED,,,,3636226.0,
24368,0.12847968000380364,,UntilizeWithUnpaddingDeviceOperation,2,1.261,35.841,87,,,,,BF16 => BF16,BFLOAT16,BFLOAT16,nan,False,DEV_0_L1_INTERLEAVED,,,,3642370.0,
24374,0.16407806042639814,,TilizeWithValPaddingDeviceOperation,2,14.247,33.135,87,,,,,BF16 => BF16,BFLOAT16,BFLOAT16,nan,False,DEV_0_DRAM_INTERLEAVED,,,,3648514.0,
24377,0.007161230614195081,,ShardedToInterleavedDeviceOperation,2,1.509,0.559,87,,,,,BF16 => BF16,BFLOAT16,BFLOAT16,nan,False,DEV_0_L1_WIDTH_SHARDED,,,,3651586.0,
24378,0.1631430835086841,,BinaryNgDeviceOperation,2,2.073,45.039,109,,,,,"BF16, BF16 => BF16",BFLOAT16,BFLOAT16,BFLOAT16,False,DEV_0_DRAM_INTERLEAVED,,,,3653634.0,
24384,0.08638494144183294,,BinaryNgDeviceOperation,2,24.34,0.606,109,,,,,BF16 => BF16,BFLOAT16,BFLOAT16,nan,False,DEV_0_DRAM_INTERLEAVED,,,,3661826.0,
24386,0.026241685490507892,,BinaryNgDeviceOperation,1,3.204,4.374,110,,,,,BF16 => BF16,BFLOAT16,BFLOAT16,nan,False,DEV_0_DRAM_INTERLEAVED,,,,1932289.0,
24388,0.010454427091032373,,ConcatDeviceOperation,1,2.441,0.578,32,,,,,"BF16, BF16 => BF16",BFLOAT16,BFLOAT16,BFLOAT16,False,DEV_0_DRAM_INTERLEAVED,,,,1934337.0,
24390,0.012397101353393806,,EmbeddingsDeviceOperation,1,2.99,0.59,1,,,,,"UINT32, BF16 => BF16",BFLOAT16,UINT32,BFLOAT16,False,DEV_0_DRAM_INTERLEAVED,,,,1936385.0,
24392,0.015548319853837483,,EmbeddingsDeviceOperation,1,3.016,1.474,1,,,,,"UINT32, BF16 => BF16",BFLOAT16,UINT32,BFLOAT16,False,DEV_0_DRAM_INTERLEAVED,,,,1938433.0,
24395,0.18043323073144815,SLOW,MatmulDeviceOperation 32 x 2816 x 2048,1,51.588,0.517,64.0,117.82709157168334,23.013103822594402,7.154740482282701,4.04343243763264,HiFi2 BF16 x BFP8 => BF16,BFLOAT16,BFLOAT16,BFLOAT8_B,False,DEV_0_DRAM_INTERLEAVED,2,1,1,1941505.0,"If possible place input 0 in L1 (currently in DEV_0_DRAM_INTERLEAVED) • Output subblock 1x1 is small, try out_subblock_h * out_subblock_w >= 2 if possible • If your matmuls are not FLOP-bound use HiFi4 with BF16 activations for full accuracy"
24396,0.03091310720160517,,NLPCreateQKVHeadsDecodeDeviceOperation,1,8.03,0.897,32,,,,,BF16 => BF16,BFLOAT16,BFLOAT16,nan,False,DEV_0_DRAM_INTERLEAVED,,,,1942529.0,
24402,0.025092010169466904,,LayerNormDeviceOperation,1,6.693,0.553,32,,,,,BF16 => BF16,BFLOAT16,BFLOAT16,nan,False,DEV_0_L1_INTERLEAVED,,,,1948673.0,
24414,0.03088194130434804,,NLPConcatHeadsDecodeDeviceOperation,1,7.964,0.954,4,,,,,BF16 => BF16,BFLOAT16,BFLOAT16,nan,False,DEV_0_L1_HEIGHT_SHARDED,,,,1960961.0,
24415,0.007545610013699751,,ShardedToInterleavedDeviceOperation,1,1.256,0.923,4,,,,,BF16 => BF16,BFLOAT16,BFLOAT16,nan,False,DEV_0_L1_WIDTH_SHARDED,,,,1961985.0,
24418,0.007912675025839344,,ShardedToInterleavedDeviceOperation,1,1.736,0.549,8,,,,,BF16 => BF16,BFLOAT16,BFLOAT16,nan,False,DEV_0_L1_WIDTH_SHARDED,,,,1965057.0,
24425,0.03998584618090455,SLOW,MatmulDeviceOperation 32 x 2816 x 1088,1,10.992,0.555,12,139.36535662299855,27.219796215429405,17.838765647743813,26.883749348572252,LoFi BF16 x BFP4 => BF16,BFLOAT16,BFLOAT16,BFLOAT4_B,True,DEV_0_L1_WIDTH_SHARDED,11,,,1972225.0,No output subblock size found • Use HiFi2 or HiFi4 with BF16 activations for improved accuracy
24429,0.009204328323273949,,UnaryDeviceOperation,1,2.137,0.521,110,,,,,BF16 => BF16,BFLOAT16,BFLOAT16,nan,False,DEV_0_DRAM_INTERLEAVED,,,,1976321.0,
24440,0.010018104529432482,,TypecastDeviceOperation,1,2.366,0.527,88,,,,,BF16 => FP32,FLOAT32,BFLOAT16,nan,False,DEV_0_DRAM_INTERLEAVED,,,,1987585.0,
24442,0.00924588285295013,,TypecastDeviceOperation,1,2.048,0.622,4,,,,,FP32 => BF16,BFLOAT16,FLOAT32,nan,False,DEV_0_DRAM_INTERLEAVED,,,,1989633.0,
24443,0.0913541706156095,,TopKDeviceOperation,1,24.702,1.679,1,,,,,BF16 => BF16,BFLOAT16,BFLOAT16,nan,False,DEV_0_DRAM_INTERLEAVED,,,,1990657.0,
24445,0.007999246962664719,,SliceDeviceOperation,1,0.805,1.505,1,,,,,UINT16 => UINT16,UINT16,UINT16,nan,False,DEV_0_DRAM_INTERLEAVED,,,,1992705.0,
24447,0.00901387006225812,,UnaryDeviceOperation,1,2.069,0.534,110,,,,,BF16 => BF16,BFLOAT16,BFLOAT16,nan,False,DEV_0_DRAM_INTERLEAVED,,,,1994753.0,
24449,0.038247481689451,,UntilizeWithUnpaddingDeviceOperation,1,9.544,1.501,1,,,,,UINT16 => UINT16,UINT16,UINT16,nan,False,DEV_0_DRAM_INTERLEAVED,,,,1996801.0,
24453,0.04750029029734716,,BinaryNgDeviceOperation,1,13.204,0.513,110,,,,,"BF16, FP32 => BF16",BFLOAT16,BFLOAT16,FLOAT32,False,DEV_0_DRAM_INTERLEAVED,,,,2000897.0,
24454,0.008878817840810536,,TypecastDeviceOperation,1,1.96,0.604,4,,,,,BF16 => BF16,BFLOAT16,BFLOAT16,nan,False,DEV_0_DRAM_INTERLEAVED,,,,2001921.0,
24458,0.007618330440633067,,CopyDeviceOperation,1,1.678,0.522,88,,,,,BF16 => BF16,BFLOAT16,BFLOAT16,nan,False,DEV_0_DRAM_INTERLEAVED,,,,2006017.0,
24460,0.015347472960402614,,UnaryDeviceOperation,1,3.919,0.513,110,,,,,"BF16, BF16 => BF16",BFLOAT16,BFLOAT16,BFLOAT16,False,DEV_0_L1_INTERLEAVED,,,,2008065.0,
24463,0.015295529798307384,,UnaryDeviceOperation,1,3.861,0.556,110,,,,,"BF16, BF16 => BF16",BFLOAT16,BFLOAT16,BFLOAT16,False,DEV_0_L1_INTERLEAVED,,,,2011137.0,
24466,0.00802694998244884,,UnaryDeviceOperation,1,1.784,0.534,110,,,,,BF16 => BF16,BFLOAT16,BFLOAT16,nan,False,DEV_0_L1_INTERLEAVED,,,,2014209.0,
24469,0.12601411124301692,,UnaryDeviceOperation,1,35.858,0.532,110,,,,,"BF16, BF16 => BF16",BFLOAT16,BFLOAT16,BFLOAT16,False,DEV_0_L1_INTERLEAVED,,,,2017281.0,
24473,0.019319393421950853,,BinaryNgDeviceOperation,1,5.078,0.501,110,,,,,"BF16, BF16 => BF16",BFLOAT16,BFLOAT16,BFLOAT16,False,DEV_0_L1_INTERLEAVED,,,,2021377.0,
24475,0.039116663935177785,,UntilizeDeviceOperation,1,10.845,0.451,88,,,,,BF16 => BF16,BFLOAT16,BFLOAT16,nan,False,DEV_0_DRAM_INTERLEAVED,,,,2023425.0,
24476,0.007323985855426789,,SliceDeviceOperation,1,0.925,1.19,1,,,,,BF16 => BF16,BFLOAT16,BFLOAT16,nan,False,DEV_0_DRAM_INTERLEAVED,,,,2024449.0,
24483,0.01546867367195814,,UnaryDeviceOperation,1,3.939,0.528,110,,,,,"BF16, BF16 => BF16",BFLOAT16,BFLOAT16,BFLOAT16,False,DEV_0_L1_INTERLEAVED,,,,2031617.0,
24485,0.014059282540441023,,TransposeDeviceOperation,1,3.524,0.536,110,,,,,BF16 => BF16,BFLOAT16,BFLOAT16,nan,False,DEV_0_L1_INTERLEAVED,,,,2033665.0,
24486,0.015382101735132762,,UnaryDeviceOperation,1,3.893,0.549,110,,,,,"BF16, BF16 => BF16",BFLOAT16,BFLOAT16,BFLOAT16,False,DEV_0_L1_INTERLEAVED,,,,2034689.0,
24487,0.26470581691474193,SLOW,SparseMatmulDeviceOperation active=8/128 x 32 x 2816 x 192,1,75.215,1.226,3.0,57.50682709565911,11.23180216712092,3.680436934122183,22.186275885670952,LoFi BF16 x BFP8 => BF16,BFLOAT16,BFLOAT16,BFLOAT8_B,False,DEV_0_L1_INTERLEAVED,44,1,2,2035713.0,in0_block_w=44 and output subblock 1x2 look good 🤷 • Use HiFi2 or HiFi4 with BF16 activations for improved accuracy
24497,0.012272437764365264,,ReduceDeviceOperation,1,3.057,0.487,88,,,,,BF16 => BF16,BFLOAT16,BFLOAT16,nan,False,DEV_0_L1_INTERLEAVED,,,,2045953.0,
24498,0.03874613604556517,,UntilizeDeviceOperation,1,10.737,0.452,88,,,,,BF16 => BF16,BFLOAT16,BFLOAT16,nan,False,DEV_0_DRAM_INTERLEAVED,,,,2046977.0,
24503,0.024828831481517762,,TilizeWithValPaddingDeviceOperation,1,5.68,1.49,1,,,,,BF16 => BF16,BFLOAT16,BFLOAT16,nan,False,DEV_0_DRAM_INTERLEAVED,,,,2052097.0,
24504,0.00764257058294417,,CopyDeviceOperation,1,1.681,0.526,88,,,,,BF16 => BF16,BFLOAT16,BFLOAT16,nan,False,DEV_0_DRAM_INTERLEAVED,,,,2053121.0,
24509,0.015042739742777289,,UnaryDeviceOperation,1,3.799,0.545,110,,,,,"BF16, BF16 => BF16",BFLOAT16,BFLOAT16,BFLOAT16,False,DEV_0_L1_INTERLEAVED,,,,2058241.0,
24511,0.014699914872948801,,TransposeDeviceOperation,1,3.717,0.528,110,,,,,BF16 => BF16,BFLOAT16,BFLOAT16,nan,False,DEV_0_L1_INTERLEAVED,,,,2060289.0,
24512,0.007947303800569494,,UnaryDeviceOperation,1,1.832,0.463,110,,,,,BF16 => BF16,BFLOAT16,BFLOAT16,nan,False,DEV_0_L1_INTERLEAVED,,,,2061313.0,
24517,0.12759318337071177,,TransposeDeviceOperation,1,36.339,0.507,110,,,,,BF16 => BF16,BFLOAT16,BFLOAT16,nan,False,DEV_0_L1_INTERLEAVED,,,,2066433.0,
24527,0.007590627420848945,,CopyDeviceOperation,1,1.672,0.52,88,,,,,BF16 => BF16,BFLOAT16,BFLOAT16,nan,False,DEV_0_DRAM_INTERLEAVED,,,,2076673.0,
24531,0.014800338319666238,,TransposeDeviceOperation,1,3.732,0.542,110,,,,,BF16 => BF16,BFLOAT16,BFLOAT16,nan,False,DEV_0_L1_INTERLEAVED,,,,2080769.0,
24532,0.015420193387335926,,UnaryDeviceOperation,1,3.981,0.472,110,,,,,"BF16, BF16 => BF16",BFLOAT16,BFLOAT16,BFLOAT16,False,DEV_0_L1_INTERLEAVED,,,,2081793.0,
24534,0.014478290714675839,,TransposeDeviceOperation,1,3.72,0.461,110,,,,,BF16 => BF16,BFLOAT16,BFLOAT16,nan,False,DEV_0_L1_INTERLEAVED,,,,2083841.0,
24535,0.007954229555515523,,UnaryDeviceOperation,1,1.827,0.47,110,,,,,BF16 => BF16,BFLOAT16,BFLOAT16,nan,False,DEV_0_L1_INTERLEAVED,,,,2084865.0,
24536,0.010402483928937147,,BinaryNgDeviceOperation,1,2.514,0.49,110,,,,,"BF16, BF16 => BF16",BFLOAT16,BFLOAT16,BFLOAT16,False,DEV_0_L1_INTERLEAVED,,,,2085889.0,
24537,0.018751481516376383,,TransposeDeviceOperation,1,4.919,0.496,110,,,,,BF16 => BF16,BFLOAT16,BFLOAT16,nan,False,DEV_0_L1_INTERLEAVED,,,,2086913.0,
24540,0.1268763677337977,,TransposeDeviceOperation,1,36.024,0.615,110,,,,,BF16 => BF16,BFLOAT16,BFLOAT16,nan,False,DEV_0_L1_INTERLEAVED,,,,2089985.0,
24542,0.019274376014801656,,BinaryNgDeviceOperation,1,5.125,0.441,110,,,,,"BF16, BF16 => BF16",BFLOAT16,BFLOAT16,BFLOAT16,False,DEV_0_L1_INTERLEAVED,,,,2092033.0,
24544,0.03889503977690481,,UntilizeDeviceOperation,1,10.782,0.45,88,,,,,BF16 => BF16,BFLOAT16,BFLOAT16,nan,False,DEV_0_DRAM_INTERLEAVED,,,,2094081.0,
24548,0.008002709840137734,,SliceDeviceOperation,1,0.823,1.488,1,,,,,BF16 => BF16,BFLOAT16,BFLOAT16,nan,False,DEV_0_DRAM_INTERLEAVED,,,,2098177.0,
24550,0.00761486756316005,,CopyDeviceOperation,1,1.662,0.537,88,,,,,BF16 => BF16,BFLOAT16,BFLOAT16,nan,False,DEV_0_DRAM_INTERLEAVED,,,,2100225.0,
24552,0.01539595324502482,,UnaryDeviceOperation,1,3.926,0.52,110,,,,,"BF16, BF16 => BF16",BFLOAT16,BFLOAT16,BFLOAT16,False,DEV_0_L1_INTERLEAVED,,,,2102273.0,
24562,0.06645261870715843,SLOW,SparseMatmulDeviceOperation active=8/128 x 32 x 192 x 2816,1,18.731,0.459,44.0,230.92071966259144,45.10170305909989,14.778926058405851,6.074303442303015,LoFi BF16 x BFP8 => BF16,BFLOAT16,BFLOAT16,BFLOAT8_B,False,DEV_0_L1_INTERLEAVED,6,1,2,2112513.0,in0_block_w=6 and output subblock 1x2 look good 🤷 • Use HiFi2 or HiFi4 with BF16 activations for improved accuracy
24563,0.12795332262790532,,TransposeDeviceOperation,1,36.415,0.535,110,,,,,BF16 => BF16,BFLOAT16,BFLOAT16,nan,False,DEV_0_L1_INTERLEAVED,,,,2113537.0,
24565,0.018983494307068395,,BinaryNgDeviceOperation,1,5.035,0.447,110,,,,,"BF16, BF16 => BF16",BFLOAT16,BFLOAT16,BFLOAT16,False,DEV_0_L1_INTERLEAVED,,,,2115585.0,
24567,0.040775382244751975,,UntilizeDeviceOperation,1,11.319,0.456,88,,,,,BF16 => BF16,BFLOAT16,BFLOAT16,nan,False,DEV_0_DRAM_INTERLEAVED,,,,2117633.0,
24569,0.014606417181177396,,TilizeWithValPaddingDeviceOperation,1,3.688,0.53,88,,,,,BF16 => BF16,BFLOAT16,BFLOAT16,nan,False,DEV_0_DRAM_INTERLEAVED,,,,2119681.0,
24572,0.02487731176613997,,TilizeWithValPaddingDeviceOperation,1,5.717,1.467,1,,,,,BF16 => BF16,BFLOAT16,BFLOAT16,nan,False,DEV_0_DRAM_INTERLEAVED,,,,2122753.0,
24574,0.013373632800784045,,UntilizeWithUnpaddingDeviceOperation,1,2.369,1.493,1,,,,,BF16 => BF16,BFLOAT16,BFLOAT16,nan,False,DEV_0_DRAM_INTERLEAVED,,,,2124801.0,
24578,0.015195106351589951,,UnaryDeviceOperation,1,3.837,0.551,110,,,,,"BF16, BF16 => BF16",BFLOAT16,BFLOAT16,BFLOAT16,False,DEV_0_L1_INTERLEAVED,,,,2128897.0,
24588,0.018976568552122364,,BinaryNgDeviceOperation,1,5.038,0.442,110,,,,,"BF16, BF16 => BF16",BFLOAT16,BFLOAT16,BFLOAT16,False,DEV_0_L1_INTERLEAVED,,,,2139137.0,
24592,0.014838429971869403,,TilizeWithValPaddingDeviceOperation,1,3.761,0.524,88,,,,,BF16 => BF16,BFLOAT16,BFLOAT16,nan,False,DEV_0_DRAM_INTERLEAVED,,,,2143233.0,
24596,0.007618330440633067,,CopyDeviceOperation,1,1.668,0.532,88,,,,,BF16 => BF16,BFLOAT16,BFLOAT16,nan,False,DEV_0_DRAM_INTERLEAVED,,,,2147329.0,
24598,0.015326695695564522,,UnaryDeviceOperation,1,3.904,0.522,110,,,,,"BF16, BF16 => BF16",BFLOAT16,BFLOAT16,BFLOAT16,False,DEV_0_L1_INTERLEAVED,,,,2149377.0,
24607,0.12637078762273746,,UnaryDeviceOperation,1,36.013,0.48,110,,,,,"BF16, BF16 => BF16",BFLOAT16,BFLOAT16,BFLOAT16,False,DEV_0_L1_INTERLEAVED,,,,2158593.0,
24608,0.07059075728741139,SLOW,SparseMatmulDeviceOperation active=8/128 x 32 x 192 x 2816,1,19.933,0.452,44.0,216.99573571464404,42.38197963176641,13.887727085737218,5.708010724817026,LoFi BF16 x BFP8 => BF16,BFLOAT16,BFLOAT16,BFLOAT8_B,False,DEV_0_L1_INTERLEAVED,6,1,2,2159617.0,in0_block_w=6 and output subblock 1x2 look good 🤷 • Use HiFi2 or HiFi4 with BF16 activations for improved accuracy
24609,0.12846582849391155,,TransposeDeviceOperation,1,36.539,0.559,110,,,,,BF16 => BF16,BFLOAT16,BFLOAT16,nan,False,DEV_0_L1_INTERLEAVED,,,,2160641.0,
24611,0.019232821485125475,,BinaryNgDeviceOperation,1,5.056,0.498,110,,,,,"BF16, BF16 => BF16",BFLOAT16,BFLOAT16,BFLOAT16,False,DEV_0_L1_INTERLEAVED,,,,2162689.0,
24612,0.012528690697368377,,ReduceDeviceOperation,1,3.139,0.479,88,,,,,BF16 => BF16,BFLOAT16,BFLOAT16,nan,False,DEV_0_L1_INTERLEAVED,,,,2163713.0,
24618,0.025036604129898665,,TilizeWithValPaddingDeviceOperation,1,5.714,1.516,1,,,,,BF16 => BF16,BFLOAT16,BFLOAT16,nan,False,DEV_0_DRAM_INTERLEAVED,,,,2169857.0,
24619,0.007528295626334675,,CopyDeviceOperation,1,1.652,0.522,88,,,,,BF16 => BF16,BFLOAT16,BFLOAT16,nan,False,DEV_0_DRAM_INTERLEAVED,,,,2170881.0,
24620,0.013605645591476052,,UntilizeWithUnpaddingDeviceOperation,1,2.419,1.51,1,,,,,BF16 => BF16,BFLOAT16,BFLOAT16,nan,False,DEV_0_DRAM_INTERLEAVED,,,,2171905.0,
24621,0.015520616834053364,,UnaryDeviceOperation,1,3.953,0.529,110,,,,,"BF16, BF16 => BF16",BFLOAT16,BFLOAT16,BFLOAT16,False,DEV_0_L1_INTERLEAVED,,,,2172929.0,
24622,0.2655334446307925,SLOW,SparseMatmulDeviceOperation active=8/128 x 32 x 2816 x 192,1,76.068,0.612,3.0,56.86196560971762,11.105852658147972,3.639165799021928,21.937486732144144,LoFi BF16 x BFP8 => BF16,BFLOAT16,BFLOAT16,BFLOAT8_B,False,DEV_0_L1_INTERLEAVED,44,1,2,2173953.0,in0_block_w=44 and output subblock 1x2 look good 🤷 • Use HiFi2 or HiFi4 with BF16 activations for improved accuracy
24626,0.014187409006942575,,TransposeDeviceOperation,1,3.57,0.527,110,,,,,BF16 => BF16,BFLOAT16,BFLOAT16,nan,False,DEV_0_L1_INTERLEAVED,,,,2178049.0,
24627,0.00797846969782663,,UnaryDeviceOperation,1,1.768,0.536,110,,,,,BF16 => BF16,BFLOAT16,BFLOAT16,nan,False,DEV_0_L1_INTERLEAVED,,,,2179073.0,
24633,0.016348244550103953,,ReshapeViewDeviceOperation,1,4.147,0.574,4,,,,,BF16 => BF16,BFLOAT16,BFLOAT16,nan,False,DEV_0_DRAM_INTERLEAVED,,,,2185217.0,
24634,0.018869219350458898,,BinaryNgDeviceOperation,1,5.015,0.434,110,,,,,"BF16, BF16 => BF16",BFLOAT16,BFLOAT16,BFLOAT16,False,DEV_0_L1_INTERLEAVED,,,,2186241.0,
24638,0.014751858035044025,,TilizeWithValPaddingDeviceOperation,1,3.74,0.52,88,,,,,BF16 => BF16,BFLOAT16,BFLOAT16,nan,False,DEV_0_DRAM_INTERLEAVED,,,,2190337.0,
24639,0.018696075476808145,,UntilizeDeviceOperation,1,3.9,1.499,1,,,,,BF16 => BF16,BFLOAT16,BFLOAT16,nan,False,DEV_0_DRAM_INTERLEAVED,,,,2191361.0,
24641,0.024960420825492335,,TilizeWithValPaddingDeviceOperation,1,5.709,1.499,1,,,,,BF16 => BF16,BFLOAT16,BFLOAT16,nan,False,DEV_0_DRAM_INTERLEAVED,,,,2193409.0,
24646,0.013917304564047404,,TransposeDeviceOperation,1,3.483,0.536,110,,,,,BF16 => BF16,BFLOAT16,BFLOAT16,nan,False,DEV_0_L1_INTERLEAVED,,,,2198529.0,
24647,0.015551782731310497,,UnaryDeviceOperation,1,3.924,0.567,110,,,,,"BF16, BF16 => BF16",BFLOAT16,BFLOAT16,BFLOAT16,False,DEV_0_L1_INTERLEAVED,,,,2199553.0,
24654,0.07134566457652865,SLOW,SparseMatmulDeviceOperation active=8/128 x 32 x 192 x 2816,1,20.156,0.447,44.0,214.59495931732485,41.91307799166501,13.734077396308791,5.644858988776432,LoFi BF16 x BFP8 => BF16,BFLOAT16,BFLOAT16,BFLOAT8_B,False,DEV_0_L1_INTERLEAVED,6,1,2,2206721.0,in0_block_w=6 and output subblock 1x2 look good 🤷 • Use HiFi2 or HiFi4 with BF16 activations for improved accuracy
24667,0.015316307063145476,,UnaryDeviceOperation,1,3.903,0.52,110,,,,,"BF16, BF16 => BF16",BFLOAT16,BFLOAT16,BFLOAT16,False,DEV_0_L1_INTERLEAVED,,,,2220033.0,
24668,0.26618100271824624,SLOW,SparseMatmulDeviceOperation active=8/128 x 32 x 2816 x 192,1,76.16,0.707,3.0,56.79327731092437,11.092436974789916,3.63476974789916,21.910986616868968,LoFi BF16 x BFP8 => BF16,BFLOAT16,BFLOAT16,BFLOAT8_B,False,DEV_0_L1_INTERLEAVED,44,1,2,2221057.0,in0_block_w=44 and output subblock 1x2 look good 🤷 • Use HiFi2 or HiFi4 with BF16 activations for improved accuracy
24669,0.01392769319646645,,TransposeDeviceOperation,1,3.491,0.531,110,,,,,BF16 => BF16,BFLOAT16,BFLOAT16,nan,False,DEV_0_L1_INTERLEAVED,,,,2222081.0,
24676,0.1274754455366293,,UnaryDeviceOperation,1,36.279,0.533,110,,,,,"BF16, BF16 => BF16",BFLOAT16,BFLOAT16,BFLOAT16,False,DEV_0_L1_INTERLEAVED,,,,2229249.0,
24685,0.01851600584821136,,UntilizeDeviceOperation,1,3.836,1.511,1,,,,,BF16 => BF16,BFLOAT16,BFLOAT16,nan,False,DEV_0_DRAM_INTERLEAVED,,,,2238465.0,
24689,0.013408261575514193,,UntilizeWithUnpaddingDeviceOperation,1,2.368,1.504,1,,,,,BF16 => BF16,BFLOAT16,BFLOAT16,nan,False,DEV_0_DRAM_INTERLEAVED,,,,2242561.0,
24700,0.0680628567321104,SLOW,SparseMatmulDeviceOperation active=8/128 x 32 x 192 x 2816,1,19.149,0.506,44.0,225.87999373335418,44.117186276045736,14.456319598934668,5.94170858936643,LoFi BF16 x BFP8 => BF16,BFLOAT16,BFLOAT16,BFLOAT8_B,False,DEV_0_L1_INTERLEAVED,6,1,2,2253825.0,in0_block_w=6 and output subblock 1x2 look good 🤷 • Use HiFi2 or HiFi4 with BF16 activations for improved accuracy
24701,0.1281299293790291,,TransposeDeviceOperation,1,36.424,0.577,110,,,,,BF16 => BF16,BFLOAT16,BFLOAT16,nan,False,DEV_0_L1_INTERLEAVED,,,,2254849.0,
24703,0.019128935160935025,,BinaryNgDeviceOperation,1,5.0,0.524,110,,,,,"BF16, BF16 => BF16",BFLOAT16,BFLOAT16,BFLOAT16,False,DEV_0_L1_INTERLEAVED,,,,2256897.0,
24705,0.03889850265437783,,UntilizeDeviceOperation,1,10.785,0.448,88,,,,,BF16 => BF16,BFLOAT16,BFLOAT16,nan,False,DEV_0_DRAM_INTERLEAVED,,,,2258945.0,
24707,0.01449906797951393,,TilizeWithValPaddingDeviceOperation,1,3.66,0.527,88,,,,,BF16 => BF16,BFLOAT16,BFLOAT16,nan,False,DEV_0_DRAM_INTERLEAVED,,,,2260993.0,
24709,0.008175853713788485,,SliceDeviceOperation,1,0.864,1.497,1,,,,,BF16 => BF16,BFLOAT16,BFLOAT16,nan,False,DEV_0_DRAM_INTERLEAVED,,,,2263041.0,
24712,0.013408261575514193,,UntilizeWithUnpaddingDeviceOperation,1,2.368,1.504,1,,,,,BF16 => BF16,BFLOAT16,BFLOAT16,nan,False,DEV_0_DRAM_INTERLEAVED,,,,2266113.0,
24713,0.015292066920834374,,UnaryDeviceOperation,1,3.884,0.532,110,,,,,"BF16, BF16 => BF16",BFLOAT16,BFLOAT16,BFLOAT16,False,DEV_0_L1_INTERLEAVED,,,,2267137.0,
24720,0.0104371127036673,,BinaryNgDeviceOperation,1,2.536,0.478,110,,,,,"BF16, BF16 => BF16",BFLOAT16,BFLOAT16,BFLOAT16,False,DEV_0_L1_INTERLEAVED,,,,2274305.0,
24725,0.01688152768094827,,ReshapeViewDeviceOperation,1,4.18,0.695,4,,,,,BF16 => BF16,BFLOAT16,BFLOAT16,nan,False,DEV_0_DRAM_INTERLEAVED,,,,2279425.0,
24727,0.012369398333609687,,ReduceDeviceOperation,1,3.072,0.5,88,,,,,BF16 => BF16,BFLOAT16,BFLOAT16,nan,False,DEV_0_L1_INTERLEAVED,,,,2281473.0,
24730,0.014772635299882117,,TilizeWithValPaddingDeviceOperation,1,3.736,0.53,88,,,,,BF16 => BF16,BFLOAT16,BFLOAT16,nan,False,DEV_0_DRAM_INTERLEAVED,,,,2284545.0,
24735,0.013477519124974495,,UntilizeWithUnpaddingDeviceOperation,1,2.393,1.499,1,,,,,BF16 => BF16,BFLOAT16,BFLOAT16,nan,False,DEV_0_DRAM_INTERLEAVED,,,,2289665.0,
24742,0.007923063658258388,,UnaryDeviceOperation,1,1.818,0.47,110,,,,,BF16 => BF16,BFLOAT16,BFLOAT16,nan,False,DEV_0_L1_INTERLEAVED,,,,2296833.0,
24743,0.01052022176301966,,BinaryNgDeviceOperation,1,2.561,0.477,110,,,,,"BF16, BF16 => BF16",BFLOAT16,BFLOAT16,BFLOAT16,False,DEV_0_L1_INTERLEAVED,,,,2297857.0,
24745,0.12758972049323877,,UnaryDeviceOperation,1,36.39,0.455,110,,,,,"BF16, BF16 => BF16",BFLOAT16,BFLOAT16,BFLOAT16,False,DEV_0_L1_INTERLEAVED,,,,2299905.0,
24753,0.014488679347094885,,TilizeWithValPaddingDeviceOperation,1,3.664,0.52,88,,,,,BF16 => BF16,BFLOAT16,BFLOAT16,nan,False,DEV_0_DRAM_INTERLEAVED,,,,2308097.0,
24755,0.00813776206158532,,SliceDeviceOperation,1,0.859,1.491,1,,,,,BF16 => BF16,BFLOAT16,BFLOAT16,nan,False,DEV_0_DRAM_INTERLEAVED,,,,2310145.0,
24758,0.013539850919488767,,UntilizeWithUnpaddingDeviceOperation,1,2.41,1.5,1,,,,,BF16 => BF16,BFLOAT16,BFLOAT16,nan,False,DEV_0_DRAM_INTERLEAVED,,,,2313217.0,
24759,0.015163940454332813,,UnaryDeviceOperation,1,3.848,0.531,110,,,,,"BF16, BF16 => BF16",BFLOAT16,BFLOAT16,BFLOAT16,False,DEV_0_L1_INTERLEAVED,,,,2314241.0,
24760,0.26371197107998656,SLOW,SparseMatmulDeviceOperation active=8/128 x 32 x 2816 x 192,1,75.547,0.607,3.0,57.25410671502509,11.182442717778338,3.6642628297616056,22.088775738821408,LoFi BF16 x BFP8 => BF16,BFLOAT16,BFLOAT16,BFLOAT8_B,False,DEV_0_L1_INTERLEAVED,44,1,2,2315265.0,in0_block_w=44 and output subblock 1x2 look good 🤷 • Use HiFi2 or HiFi4 with BF16 activations for improved accuracy
24762,0.015208957861482013,,UnaryDeviceOperation,1,3.846,0.546,110,,,,,"BF16, BF16 => BF16",BFLOAT16,BFLOAT16,BFLOAT16,False,DEV_0_L1_INTERLEAVED,,,,2317313.0,
24766,0.011167779850473472,,BinaryNgDeviceOperation,1,2.696,0.529,110,,,,,"BF16, BF16 => BF16",BFLOAT16,BFLOAT16,BFLOAT16,False,DEV_0_L1_INTERLEAVED,,,,2321409.0,
24773,0.012372861211082704,,ReduceDeviceOperation,1,3.079,0.494,88,,,,,BF16 => BF16,BFLOAT16,BFLOAT16,nan,False,DEV_0_L1_INTERLEAVED,,,,2328577.0,
24776,0.01518125484169789,,TilizeWithValPaddingDeviceOperation,1,3.86,0.524,88,,,,,BF16 => BF16,BFLOAT16,BFLOAT16,nan,False,DEV_0_DRAM_INTERLEAVED,,,,2331649.0,
24780,0.007569850156010854,,CopyDeviceOperation,1,1.662,0.524,88,,,,,BF16 => BF16,BFLOAT16,BFLOAT16,nan,False,DEV_0_DRAM_INTERLEAVED,,,,2335745.0,
24783,0.2651767682510719,SLOW,SparseMatmulDeviceOperation active=8/128 x 32 x 2816 x 192,1,75.916,0.661,3.0,56.97581537488802,11.128088940407817,3.6464521839928334,21.981410252657415,LoFi BF16 x BFP8 => BF16,BFLOAT16,BFLOAT16,BFLOAT8_B,False,DEV_0_L1_INTERLEAVED,44,1,2,2338817.0,in0_block_w=44 and output subblock 1x2 look good 🤷 • Use HiFi2 or HiFi4 with BF16 activations for improved accuracy
24784,0.013951933338777553,,TransposeDeviceOperation,1,3.484,0.545,110,,,,,BF16 => BF16,BFLOAT16,BFLOAT16,nan,False,DEV_0_L1_INTERLEAVED,,,,2339841.0,
24792,0.0683364240524786,SLOW,SparseMatmulDeviceOperation active=8/128 x 32 x 192 x 2816,1,19.281,0.453,44.0,224.33359265598259,43.8151548156216,14.357349929982885,5.901030951598868,LoFi BF16 x BFP8 => BF16,BFLOAT16,BFLOAT16,BFLOAT8_B,False,DEV_0_L1_INTERLEAVED,6,1,2,2348033.0,in0_block_w=6 and output subblock 1x2 look good 🤷 • Use HiFi2 or HiFi4 with BF16 activations for improved accuracy
24796,0.012881904199615912,,ReduceDeviceOperation,1,3.197,0.523,88,,,,,BF16 => BF16,BFLOAT16,BFLOAT16,nan,False,DEV_0_L1_INTERLEAVED,,,,2352129.0,
24799,0.014762246667463072,,TilizeWithValPaddingDeviceOperation,1,3.73,0.533,88,,,,,BF16 => BF16,BFLOAT16,BFLOAT16,nan,False,DEV_0_DRAM_INTERLEAVED,,,,2355201.0,
24801,0.00812391055169326,,SliceDeviceOperation,1,0.841,1.505,1,,,,,BF16 => BF16,BFLOAT16,BFLOAT16,nan,False,DEV_0_DRAM_INTERLEAVED,,,,2357249.0,
24802,0.02499158672274947,,TilizeWithValPaddingDeviceOperation,1,5.716,1.501,1,,,,,BF16 => BF16,BFLOAT16,BFLOAT16,nan,False,DEV_0_DRAM_INTERLEAVED,,,,2358273.0,
24803,0.007583701665902915,,CopyDeviceOperation,1,1.651,0.539,88,,,,,BF16 => BF16,BFLOAT16,BFLOAT16,nan,False,DEV_0_DRAM_INTERLEAVED,,,,2359297.0,
24810,0.013806492484910924,,TransposeDeviceOperation,1,3.463,0.524,110,,,,,BF16 => BF16,BFLOAT16,BFLOAT16,nan,False,DEV_0_L1_INTERLEAVED,,,,2366465.0,
24811,0.00805465300223296,,UnaryDeviceOperation,1,1.79,0.536,110,,,,,BF16 => BF16,BFLOAT16,BFLOAT16,nan,False,DEV_0_L1_INTERLEAVED,,,,2367489.0,
24815,0.06770618035238986,SLOW,SparseMatmulDeviceOperation active=8/128 x 32 x 192 x 2816,1,19.095,0.457,44.0,226.51877454831103,44.241948153966995,14.497201571091907,5.958511535887812,LoFi BF16 x BFP8 => BF16,BFLOAT16,BFLOAT16,BFLOAT8_B,False,DEV_0_L1_INTERLEAVED,6,1,2,2371585.0,in0_block_w=6 and output subblock 1x2 look good 🤷 • Use HiFi2 or HiFi4 with BF16 activations for improved accuracy
24819,0.012362472578663656,,ReduceDeviceOperation,1,3.073,0.497,88,,,,,BF16 => BF16,BFLOAT16,BFLOAT16,nan,False,DEV_0_L1_INTERLEAVED,,,,2375681.0,
24821,0.007746456907134621,,SliceDeviceOperation,1,1.0,1.237,1,,,,,BF16 => BF16,BFLOAT16,BFLOAT16,nan,False,DEV_0_DRAM_INTERLEAVED,,,,2377729.0,
24838,0.06593318708620616,SLOW,SparseMatmulDeviceOperation active=8/128 x 32 x 192 x 2816,1,18.578,0.462,44.0,232.82247820002152,45.4731402734417,14.900638604801378,6.124328656355785,LoFi BF16 x BFP8 => BF16,BFLOAT16,BFLOAT16,BFLOAT8_B,False,DEV_0_L1_INTERLEAVED,6,1,2,2395137.0,in0_block_w=6 and output subblock 1x2 look good 🤷 • Use HiFi2 or HiFi4 with BF16 activations for improved accuracy
24841,0.01881035043341764,,BinaryNgDeviceOperation,1,4.983,0.449,110,,,,,"BF16, BF16 => BF16",BFLOAT16,BFLOAT16,BFLOAT16,False,DEV_0_L1_INTERLEAVED,,,,2398209.0,
24843,0.03901970336593335,,UntilizeDeviceOperation,1,10.821,0.447,88,,,,,BF16 => BF16,BFLOAT16,BFLOAT16,nan,False,DEV_0_DRAM_INTERLEAVED,,,,2400257.0,
24852,0.2645499874284562,SLOW,SparseMatmulDeviceOperation active=8/128 x 32 x 2816 x 192,1,75.789,0.607,3.0,57.07129002889601,11.146736333768752,3.652562561849345,22.018244609913584,LoFi BF16 x BFP8 => BF16,BFLOAT16,BFLOAT16,BFLOAT8_B,False,DEV_0_L1_INTERLEAVED,44,1,2,2409473.0,in0_block_w=44 and output subblock 1x2 look good 🤷 • Use HiFi2 or HiFi4 with BF16 activations for improved accuracy
24853,0.014021190888237854,,TransposeDeviceOperation,1,3.522,0.527,110,,,,,BF16 => BF16,BFLOAT16,BFLOAT16,nan,False,DEV_0_L1_INTERLEAVED,,,,2410497.0,
24854,0.015399416122497837,,UnaryDeviceOperation,1,3.896,0.551,110,,,,,"BF16, BF16 => BF16",BFLOAT16,BFLOAT16,BFLOAT16,False,DEV_0_L1_INTERLEAVED,,,,2411521.0,
24861,0.06742568727707562,SLOW,SparseMatmulDeviceOperation active=8/128 x 32 x 192 x 2816,1,19.016,0.455,44.0,227.4598233066891,44.425746739587716,14.557428691628102,5.983265554153228,LoFi BF16 x BFP8 => BF16,BFLOAT16,BFLOAT16,BFLOAT8_B,False,DEV_0_L1_INTERLEAVED,6,1,2,2418689.0,in0_block_w=6 and output subblock 1x2 look good 🤷 • Use HiFi2 or HiFi4 with BF16 activations for improved accuracy
24863,0.014765709544936086,,ReshapeViewDeviceOperation,1,3.643,0.621,4,,,,,BF16 => BF16,BFLOAT16,BFLOAT16,nan,False,DEV_0_DRAM_INTERLEAVED,,,,2420737.0,
24866,0.0409208230986186,,UntilizeDeviceOperation,1,11.29,0.527,88,,,,,BF16 => BF16,BFLOAT16,BFLOAT16,nan,False,DEV_0_DRAM_INTERLEAVED,,,,2423809.0,
24871,0.024946569315600273,,TilizeWithValPaddingDeviceOperation,1,5.693,1.511,1,,,,,BF16 => BF16,BFLOAT16,BFLOAT16,nan,False,DEV_0_DRAM_INTERLEAVED,,,,2428929.0,
24875,0.26440108369711657,SLOW,SparseMatmulDeviceOperation active=8/128 x 32 x 2816 x 192,1,75.702,0.651,3.0,57.136878814298164,11.15954664341761,3.6567602441150826,22.043548925269356,LoFi BF16 x BFP8 => BF16,BFLOAT16,BFLOAT16,BFLOAT8_B,False,DEV_0_L1_INTERLEAVED,44,1,2,2433025.0,in0_block_w=44 and output subblock 1x2 look good 🤷 • Use HiFi2 or HiFi4 with BF16 activations for improved accuracy
24877,0.015624503158243817,,UnaryDeviceOperation,1,3.964,0.548,110,,,,,"BF16, BF16 => BF16",BFLOAT16,BFLOAT16,BFLOAT16,False,DEV_0_L1_INTERLEAVED,,,,2435073.0,
24878,0.26528758033020844,SLOW,SparseMatmulDeviceOperation active=8/128 x 32 x 2816 x 192,1,75.739,0.87,3.0,57.108966318541306,11.154094984090099,3.6549738443866437,22.032780215486614,LoFi BF16 x BFP8 => BF16,BFLOAT16,BFLOAT16,BFLOAT8_B,False,DEV_0_L1_INTERLEAVED,44,1,2,2436097.0,in0_block_w=44 and output subblock 1x2 look good 🤷 • Use HiFi2 or HiFi4 with BF16 activations for improved accuracy
24884,0.0683814414596278,SLOW,SparseMatmulDeviceOperation active=8/128 x 32 x 192 x 2816,1,19.272,0.475,44.0,224.43835616438355,43.83561643835616,14.364054794520547,5.903786725704534,LoFi BF16 x BFP8 => BF16,BFLOAT16,BFLOAT16,BFLOAT8_B,False,DEV_0_L1_INTERLEAVED,6,1,2,2442241.0,in0_block_w=6 and output subblock 1x2 look good 🤷 • Use HiFi2 or HiFi4 with BF16 activations for improved accuracy
24885,0.12723650699099123,,TransposeDeviceOperation,1,36.234,0.509,110,,,,,BF16 => BF16,BFLOAT16,BFLOAT16,nan,False,DEV_0_L1_INTERLEAVED,,,,2443265.0,
24890,0.00769797662251241,,SliceDeviceOperation,1,1.008,1.215,1,,,,,BF16 => BF16,BFLOAT16,BFLOAT16,nan,False,DEV_0_DRAM_INTERLEAVED,,,,2448385.0,
24893,0.00820009385609959,,SliceDeviceOperation,1,0.856,1.512,1,,,,,BF16 => BF16,BFLOAT16,BFLOAT16,nan,False,DEV_0_DRAM_INTERLEAVED,,,,2451457.0,
24895,0.007635644827998141,,CopyDeviceOperation,1,1.659,0.546,88,,,,,BF16 => BF16,BFLOAT16,BFLOAT16,nan,False,DEV_0_DRAM_INTERLEAVED,,,,2453505.0,
24898,0.2637846915069199,SLOW,SparseMatmulDeviceOperation active=8/128 x 32 x 2816 x 192,1,75.56,0.615,3.0,57.24425622022233,11.180518793012174,3.6636323980942294,22.084975393604296,LoFi BF16 x BFP8 => BF16,BFLOAT16,BFLOAT16,BFLOAT8_B,False,DEV_0_L1_INTERLEAVED,44,1,2,2456577.0,in0_block_w=44 and output subblock 1x2 look good 🤷 • Use HiFi2 or HiFi4 with BF16 activations for improved accuracy
24900,0.021965031811334332,,UnaryDeviceOperation,1,5.79,0.553,110,,,,,"BF16, BF16 => BF16",BFLOAT16,BFLOAT16,BFLOAT16,False,DEV_0_L1_INTERLEAVED,,,,2458625.0,
24907,0.06699282759294876,SLOW,SparseMatmulDeviceOperation active=8/128 x 32 x 192 x 2816,1,18.91,0.436,44.0,228.73484928609201,44.67477525118985,14.639030354309888,6.016804747634996,LoFi BF16 x BFP8 => BF16,BFLOAT16,BFLOAT16,BFLOAT8_B,False,DEV_0_L1_INTERLEAVED,6,1,2,2465793.0,in0_block_w=6 and output subblock 1x2 look good 🤷 • Use HiFi2 or HiFi4 with BF16 activations for improved accuracy
24913,0.007968081065407584,,SliceDeviceOperation,1,1.039,1.262,1,,,,,BF16 => BF16,BFLOAT16,BFLOAT16,nan,False,DEV_0_DRAM_INTERLEAVED,,,,2471937.0,
24914,0.014762246667463072,,TilizeWithValPaddingDeviceOperation,1,3.739,0.524,88,,,,,BF16 => BF16,BFLOAT16,BFLOAT16,nan,False,DEV_0_DRAM_INTERLEAVED,,,,2472961.0,
24915,0.01869261259933513,,UntilizeDeviceOperation,1,3.885,1.513,1,,,,,BF16 => BF16,BFLOAT16,BFLOAT16,nan,False,DEV_0_DRAM_INTERLEAVED,,,,2473985.0,
24919,0.013661051631044292,,UntilizeWithUnpaddingDeviceOperation,1,2.436,1.509,1,,,,,BF16 => BF16,BFLOAT16,BFLOAT16,nan,False,DEV_0_DRAM_INTERLEAVED,,,,2478081.0,
24923,0.015219346493901054,,UnaryDeviceOperation,1,3.851,0.544,110,,,,,"BF16, BF16 => BF16",BFLOAT16,BFLOAT16,BFLOAT16,False,DEV_0_L1_INTERLEAVED,,,,2482177.0,
24928,0.01876187014879543,,TransposeDeviceOperation,1,4.848,0.57,110,,,,,BF16 => BF16,BFLOAT16,BFLOAT16,nan,False,DEV_0_L1_INTERLEAVED,,,,2487297.0,
24930,0.06836758994973574,SLOW,SparseMatmulDeviceOperation active=8/128 x 32 x 192 x 2816,1,19.254,0.489,44.0,224.64817700218134,43.87659707073854,14.377483328139606,5.90930600279307,LoFi BF16 x BFP8 => BF16,BFLOAT16,BFLOAT16,BFLOAT8_B,False,DEV_0_L1_INTERLEAVED,6,1,2,2489345.0,in0_block_w=6 and output subblock 1x2 look good 🤷 • Use HiFi2 or HiFi4 with BF16 activations for improved accuracy
24932,0.01620626657371034,,ReshapeViewDeviceOperation,1,4.059,0.621,4,,,,,BF16 => BF16,BFLOAT16,BFLOAT16,nan,False,DEV_0_DRAM_INTERLEAVED,,,,2491393.0,
24933,0.022290542293797747,,BinaryNgDeviceOperation,1,5.993,0.444,110,,,,,"BF16, BF16 => BF16",BFLOAT16,BFLOAT16,BFLOAT16,False,DEV_0_L1_INTERLEAVED,,,,2492417.0,
24941,0.007794937191756833,,CopyDeviceOperation,1,1.719,0.532,88,,,,,BF16 => BF16,BFLOAT16,BFLOAT16,nan,False,DEV_0_DRAM_INTERLEAVED,,,,2500609.0,
24944,0.2635492158387549,SLOW,SparseMatmulDeviceOperation active=8/128 x 32 x 2816 x 192,1,75.5,0.607,3.0,57.28974834437086,11.189403973509933,3.666543894039735,22.10252636742703,LoFi BF16 x BFP8 => BF16,BFLOAT16,BFLOAT16,BFLOAT8_B,False,DEV_0_L1_INTERLEAVED,44,1,2,2503681.0,in0_block_w=44 and output subblock 1x2 look good 🤷 • Use HiFi2 or HiFi4 with BF16 activations for improved accuracy
24946,0.015686834952758084,,UnaryDeviceOperation,1,3.976,0.554,110,,,,,"BF16, BF16 => BF16",BFLOAT16,BFLOAT16,BFLOAT16,False,DEV_0_L1_INTERLEAVED,,,,2505729.0,
24947,0.2648824236658657,SLOW,SparseMatmulDeviceOperation active=8/128 x 32 x 2816 x 192,1,75.562,0.93,3.0,57.24274106032132,11.180222863344008,3.6635354278605643,22.08439084117335,LoFi BF16 x BFP8 => BF16,BFLOAT16,BFLOAT16,BFLOAT8_B,False,DEV_0_L1_INTERLEAVED,44,1,2,2506753.0,in0_block_w=44 and output subblock 1x2 look good 🤷 • Use HiFi2 or HiFi4 with BF16 activations for improved accuracy
24950,0.010876898142740208,,BinaryNgDeviceOperation,1,2.596,0.545,110,,,,,"BF16, BF16 => BF16",BFLOAT16,BFLOAT16,BFLOAT16,False,DEV_0_L1_INTERLEAVED,,,,2509825.0,
24953,0.06891126171299909,SLOW,SparseMatmulDeviceOperation active=8/128 x 32 x 192 x 2816,1,19.441,0.459,44.0,222.48732061107964,43.45455480685149,14.239188519109097,5.8524652938520525,LoFi BF16 x BFP8 => BF16,BFLOAT16,BFLOAT16,BFLOAT8_B,False,DEV_0_L1_INTERLEAVED,6,1,2,2512897.0,in0_block_w=6 and output subblock 1x2 look good 🤷 • Use HiFi2 or HiFi4 with BF16 activations for improved accuracy
24954,0.12718456382889604,,TransposeDeviceOperation,1,36.268,0.46,110,,,,,BF16 => BF16,BFLOAT16,BFLOAT16,nan,False,DEV_0_L1_INTERLEAVED,,,,2513921.0,
24956,0.017622583460173487,,BinaryNgDeviceOperation,1,4.63,0.459,110,,,,,"BF16, BF16 => BF16",BFLOAT16,BFLOAT16,BFLOAT16,False,DEV_0_L1_INTERLEAVED,,,,2515969.0,
24965,0.013598719836530021,,UntilizeWithUnpaddingDeviceOperation,1,2.413,1.514,1,,,,,BF16 => BF16,BFLOAT16,BFLOAT16,nan,False,DEV_0_DRAM_INTERLEAVED,,,,2525185.0,
24966,0.015472136549431153,,UnaryDeviceOperation,1,3.946,0.522,110,,,,,"BF16, BF16 => BF16",BFLOAT16,BFLOAT16,BFLOAT16,False,DEV_0_L1_INTERLEAVED,,,,2526209.0,
24967,0.2650174758873132,SLOW,SparseMatmulDeviceOperation active=8/128 x 32 x 2816 x 192,1,75.91,0.621,3.0,56.98031879857726,11.12896851534712,3.6467404031089443,21.983147684636286,LoFi BF16 x BFP8 => BF16,BFLOAT16,BFLOAT16,BFLOAT8_B,False,DEV_0_L1_INTERLEAVED,44,1,2,2527233.0,in0_block_w=44 and output subblock 1x2 look good 🤷 • Use HiFi2 or HiFi4 with BF16 activations for improved accuracy
24972,0.00799232120771869,,UnaryDeviceOperation,1,1.858,0.45,110,,,,,BF16 => BF16,BFLOAT16,BFLOAT16,nan,False,DEV_0_L1_INTERLEAVED,,,,2532353.0,
24973,0.01056177629269584,,BinaryNgDeviceOperation,1,2.561,0.489,110,,,,,"BF16, BF16 => BF16",BFLOAT16,BFLOAT16,BFLOAT16,False,DEV_0_L1_INTERLEAVED,,,,2533377.0,
24974,0.01887268222793191,,TransposeDeviceOperation,1,4.967,0.483,110,,,,,BF16 => BF16,BFLOAT16,BFLOAT16,nan,False,DEV_0_L1_INTERLEAVED,,,,2534401.0,
24976,0.06748801907158991,SLOW,SparseMatmulDeviceOperation active=8/128 x 32 x 192 x 2816,1,19.039,0.45,44.0,227.18504123115707,44.37207836546037,14.539842638794052,5.976037490297692,LoFi BF16 x BFP8 => BF16,BFLOAT16,BFLOAT16,BFLOAT8_B,False,DEV_0_L1_INTERLEAVED,6,1,2,2536449.0,in0_block_w=6 and output subblock 1x2 look good 🤷 • Use HiFi2 or HiFi4 with BF16 activations for improved accuracy
24980,0.012109682523133559,,ReduceDeviceOperation,1,3.01,0.487,88,,,,,BF16 => BF16,BFLOAT16,BFLOAT16,nan,False,DEV_0_L1_INTERLEAVED,,,,2540545.0,
24982,0.007905749270893313,,SliceDeviceOperation,1,0.965,1.318,1,,,,,BF16 => BF16,BFLOAT16,BFLOAT16,nan,False,DEV_0_DRAM_INTERLEAVED,,,,2542593.0,
24985,0.00854291872592808,,SliceDeviceOperation,1,0.977,1.49,1,,,,,BF16 => BF16,BFLOAT16,BFLOAT16,nan,False,DEV_0_DRAM_INTERLEAVED,,,,2545665.0,
24989,0.015406341877443868,,UnaryDeviceOperation,1,3.916,0.533,110,,,,,"BF16, BF16 => BF16",BFLOAT16,BFLOAT16,BFLOAT16,False,DEV_0_L1_INTERLEAVED,,,,2549761.0,
24990,0.2639439838706785,SLOW,SparseMatmulDeviceOperation active=8/128 x 32 x 2816 x 192,1,75.615,0.606,3.0,57.20261852806983,11.172386431263638,3.660967585796469,22.068911469162742,LoFi BF16 x BFP8 => BF16,BFLOAT16,BFLOAT16,BFLOAT8_B,False,DEV_0_L1_INTERLEAVED,44,1,2,2550785.0,in0_block_w=44 and output subblock 1x2 look good 🤷 • Use HiFi2 or HiFi4 with BF16 activations for improved accuracy
24991,0.014000413623399766,,TransposeDeviceOperation,1,3.504,0.539,110,,,,,BF16 => BF16,BFLOAT16,BFLOAT16,nan,False,DEV_0_L1_INTERLEAVED,,,,2551809.0,
24992,0.015302455553253415,,UnaryDeviceOperation,1,3.855,0.564,110,,,,,"BF16, BF16 => BF16",BFLOAT16,BFLOAT16,BFLOAT16,False,DEV_0_L1_INTERLEAVED,,,,2552833.0,
24999,0.06931988125481486,SLOW,SparseMatmulDeviceOperation active=8/128 x 32 x 192 x 2816,1,19.561,0.457,44.0,221.12243750319513,43.1879760748428,14.151836000204488,5.816562434322262,LoFi BF16 x BFP8 => BF16,BFLOAT16,BFLOAT16,BFLOAT8_B,False,DEV_0_L1_INTERLEAVED,6,1,2,2560001.0,in0_block_w=6 and output subblock 1x2 look good 🤷 • Use HiFi2 or HiFi4 with BF16 activations for improved accuracy
25001,0.015742240992326326,,ReshapeViewDeviceOperation,1,3.984,0.562,4,,,,,BF16 => BF16,BFLOAT16,BFLOAT16,nan,False,DEV_0_DRAM_INTERLEAVED,,,,2562049.0,
25002,0.024354417267714704,,BinaryNgDeviceOperation,1,6.581,0.452,110,,,,,"BF16, BF16 => BF16",BFLOAT16,BFLOAT16,BFLOAT16,False,DEV_0_L1_INTERLEAVED,,,,2563073.0,
25008,0.008231259753356724,,SliceDeviceOperation,1,0.853,1.524,1,,,,,BF16 => BF16,BFLOAT16,BFLOAT16,nan,False,DEV_0_DRAM_INTERLEAVED,,,,2569217.0,
25011,0.013588331204110977,,UntilizeWithUnpaddingDeviceOperation,1,2.436,1.488,1,,,,,BF16 => BF16,BFLOAT16,BFLOAT16,nan,False,DEV_0_DRAM_INTERLEAVED,,,,2572289.0,
25013,0.26462270785538955,SLOW,SparseMatmulDeviceOperation active=8/128 x 32 x 2816 x 192,1,75.81,0.607,3.0,57.055480807281356,11.14364859517214,3.651550771666007,22.012145373179536,LoFi BF16 x BFP8 => BF16,BFLOAT16,BFLOAT16,BFLOAT8_B,False,DEV_0_L1_INTERLEAVED,44,1,2,2574337.0,in0_block_w=44 and output subblock 1x2 look good 🤷 • Use HiFi2 or HiFi4 with BF16 activations for improved accuracy
25015,0.015208957861482013,,UnaryDeviceOperation,1,3.845,0.547,110,,,,,"BF16, BF16 => BF16",BFLOAT16,BFLOAT16,BFLOAT16,False,DEV_0_L1_INTERLEAVED,,,,2576385.0,
25017,0.013858435647006147,,TransposeDeviceOperation,1,3.463,0.539,110,,,,,BF16 => BF16,BFLOAT16,BFLOAT16,nan,False,DEV_0_L1_INTERLEAVED,,,,2578433.0,
25018,0.007805325824175877,,UnaryDeviceOperation,1,1.752,0.502,110,,,,,BF16 => BF16,BFLOAT16,BFLOAT16,nan,False,DEV_0_L1_INTERLEAVED,,,,2579457.0,
25019,0.010686439881724382,,BinaryNgDeviceOperation,1,2.587,0.499,110,,,,,"BF16, BF16 => BF16",BFLOAT16,BFLOAT16,BFLOAT16,False,DEV_0_L1_INTERLEAVED,,,,2580481.0,
25023,0.12739926223222295,,TransposeDeviceOperation,1,36.225,0.565,110,,,,,BF16 => BF16,BFLOAT16,BFLOAT16,nan,False,DEV_0_L1_INTERLEAVED,,,,2584577.0,
25029,0.014578714161393275,,TilizeWithValPaddingDeviceOperation,1,3.673,0.537,88,,,,,BF16 => BF16,BFLOAT16,BFLOAT16,nan,False,DEV_0_DRAM_INTERLEAVED,,,,2590721.0,
25035,0.015212420738955026,,UnaryDeviceOperation,1,3.854,0.539,110,,,,,"BF16, BF16 => BF16",BFLOAT16,BFLOAT16,BFLOAT16,False,DEV_0_L1_INTERLEAVED,,,,2596865.0,
25038,0.015846127316516776,,UnaryDeviceOperation,1,4.029,0.547,110,,,,,"BF16, BF16 => BF16",BFLOAT16,BFLOAT16,BFLOAT16,False,DEV_0_L1_INTERLEAVED,,,,2599937.0,
25044,0.12578556132979793,,UnaryDeviceOperation,1,35.882,0.442,110,,,,,"BF16, BF16 => BF16",BFLOAT16,BFLOAT16,BFLOAT16,False,DEV_0_L1_INTERLEAVED,,,,2606081.0,
25047,0.014900761766383674,,ReshapeViewDeviceOperation,1,3.71,0.593,4,,,,,BF16 => BF16,BFLOAT16,BFLOAT16,nan,False,DEV_0_DRAM_INTERLEAVED,,,,2609153.0,
25054,0.008134299184112306,,SliceDeviceOperation,1,0.851,1.498,1,,,,,BF16 => BF16,BFLOAT16,BFLOAT16,nan,False,DEV_0_DRAM_INTERLEAVED,,,,2616321.0,
25058,0.015326695695564522,,UnaryDeviceOperation,1,3.897,0.529,110,,,,,"BF16, BF16 => BF16",BFLOAT16,BFLOAT16,BFLOAT16,False,DEV_0_L1_INTERLEAVED,,,,2620417.0,
25069,0.12700449420029922,,TransposeDeviceOperation,1,36.138,0.538,110,,,,,BF16 => BF16,BFLOAT16,BFLOAT16,nan,False,DEV_0_L1_INTERLEAVED,,,,2631681.0,
25074,0.007718753887350501,,SliceDeviceOperation,1,0.97,1.259,1,,,,,BF16 => BF16,BFLOAT16,BFLOAT16,nan,False,DEV_0_DRAM_INTERLEAVED,,,,2636801.0,
25076,0.018550634622941514,,UntilizeDeviceOperation,1,3.891,1.466,1,,,,,BF16 => BF16,BFLOAT16,BFLOAT16,nan,False,DEV_0_DRAM_INTERLEAVED,,,,2638849.0,
25078,0.02497773521285741,,TilizeWithValPaddingDeviceOperation,1,5.749,1.464,1,,,,,BF16 => BF16,BFLOAT16,BFLOAT16,nan,False,DEV_0_DRAM_INTERLEAVED,,,,2640897.0,
25080,0.013432501717825302,,UntilizeWithUnpaddingDeviceOperation,1,2.384,1.495,1,,,,,BF16 => BF16,BFLOAT16,BFLOAT16,nan,False,DEV_0_DRAM_INTERLEAVED,,,,2642945.0,
25084,0.01513277455707568,,UnaryDeviceOperation,1,3.819,0.551,110,,,,,"BF16, BF16 => BF16",BFLOAT16,BFLOAT16,BFLOAT16,False,DEV_0_L1_INTERLEAVED,,,,2647041.0,
25085,0.26435260341249434,SLOW,SparseMatmulDeviceOperation active=8/128 x 32 x 2816 x 192,1,75.273,1.066,3.0,57.46251644015782,11.223147742218325,3.677601052170101,22.16918072536953,LoFi BF16 x BFP8 => BF16,BFLOAT16,BFLOAT16,BFLOAT8_B,False,DEV_0_L1_INTERLEAVED,44,1,2,2648065.0,in0_block_w=44 and output subblock 1x2 look good 🤷 • Use HiFi2 or HiFi4 with BF16 activations for improved accuracy
25095,0.012147774175336724,,ReduceDeviceOperation,1,3.024,0.484,88,,,,,BF16 => BF16,BFLOAT16,BFLOAT16,nan,False,DEV_0_L1_INTERLEAVED,,,,2658305.0,
25100,0.008127373429166274,,SliceDeviceOperation,1,0.856,1.491,1,,,,,BF16 => BF16,BFLOAT16,BFLOAT16,nan,False,DEV_0_DRAM_INTERLEAVED,,,,2663425.0,
25101,0.02496388370296535,,TilizeWithValPaddingDeviceOperation,1,5.742,1.467,1,,,,,BF16 => BF16,BFLOAT16,BFLOAT16,nan,False,DEV_0_DRAM_INTERLEAVED,,,,2664449.0,
25103,0.013432501717825299,,UntilizeWithUnpaddingDeviceOperation,1,2.372,1.507,1,,,,,BF16 => BF16,BFLOAT16,BFLOAT16,nan,False,DEV_0_DRAM_INTERLEAVED,,,,2666497.0,
25104,0.020922705691956808,,UnaryDeviceOperation,1,5.507,0.535,110,,,,,"BF16, BF16 => BF16",BFLOAT16,BFLOAT16,BFLOAT16,False,DEV_0_L1_INTERLEAVED,,,,2667521.0,
25106,0.014152780232212425,,TransposeDeviceOperation,1,3.556,0.531,110,,,,,BF16 => BF16,BFLOAT16,BFLOAT16,nan,False,DEV_0_L1_INTERLEAVED,,,,2669569.0,
25109,0.014907687521329701,,TransposeDeviceOperation,1,3.761,0.544,110,,,,,BF16 => BF16,BFLOAT16,BFLOAT16,nan,False,DEV_0_L1_INTERLEAVED,,,,2672641.0,
25113,0.1259690938358677,,UnaryDeviceOperation,1,35.925,0.452,110,,,,,"BF16, BF16 => BF16",BFLOAT16,BFLOAT16,BFLOAT16,False,DEV_0_L1_INTERLEAVED,,,,2676737.0,
25117,0.018737630006484325,,BinaryNgDeviceOperation,1,4.901,0.51,110,,,,,"BF16, BF16 => BF16",BFLOAT16,BFLOAT16,BFLOAT16,False,DEV_0_L1_INTERLEAVED,,,,2680833.0,
25123,0.00857754750065823,,SliceDeviceOperation,1,0.978,1.499,1,,,,,BF16 => BF16,BFLOAT16,BFLOAT16,nan,False,DEV_0_DRAM_INTERLEAVED,,,,2686977.0,
25126,0.013512147899704646,,UntilizeWithUnpaddingDeviceOperation,1,2.409,1.493,1,,,,,BF16 => BF16,BFLOAT16,BFLOAT16,nan,False,DEV_0_DRAM_INTERLEAVED,,,,2690049.0,
25128,0.2652702659428433,SLOW,SparseMatmulDeviceOperation active=8/128 x 32 x 2816 x 192,1,75.965,0.639,3.0,56.93906404265122,11.120910945830316,3.6441000987296777,21.967231497936428,LoFi BF16 x BFP8 => BF16,BFLOAT16,BFLOAT16,BFLOAT8_B,False,DEV_0_L1_INTERLEAVED,44,1,2,2692097.0,in0_block_w=44 and output subblock 1x2 look good 🤷 • Use HiFi2 or HiFi4 with BF16 activations for improved accuracy
25132,0.014897298888910657,,TransposeDeviceOperation,1,3.77,0.532,110,,,,,BF16 => BF16,BFLOAT16,BFLOAT16,nan,False,DEV_0_L1_INTERLEAVED,,,,2696193.0,
25136,0.1273646334574928,,UnaryDeviceOperation,1,36.333,0.447,110,,,,,"BF16, BF16 => BF16",BFLOAT16,BFLOAT16,BFLOAT16,False,DEV_0_L1_INTERLEAVED,,,,2700289.0,
25140,0.019087380631258845,,BinaryNgDeviceOperation,1,4.993,0.519,110,,,,,"BF16, BF16 => BF16",BFLOAT16,BFLOAT16,BFLOAT16,False,DEV_0_L1_INTERLEAVED,,,,2704385.0,
25141,0.011950390159374867,,ReduceDeviceOperation,1,2.976,0.475,88,,,,,BF16 => BF16,BFLOAT16,BFLOAT16,nan,False,DEV_0_L1_INTERLEAVED,,,,2705409.0,
25144,0.014440199062472674,,TilizeWithValPaddingDeviceOperation,1,3.648,0.522,88,,,,,BF16 => BF16,BFLOAT16,BFLOAT16,nan,False,DEV_0_DRAM_INTERLEAVED,,,,2708481.0,
25147,0.025001975355168512,,TilizeWithValPaddingDeviceOperation,1,5.749,1.471,1,,,,,BF16 => BF16,BFLOAT16,BFLOAT16,nan,False,DEV_0_DRAM_INTERLEAVED,,,,2711553.0,
25153,0.015461747917012108,,UnaryDeviceOperation,1,3.917,0.548,110,,,,,"BF16, BF16 => BF16",BFLOAT16,BFLOAT16,BFLOAT16,False,DEV_0_L1_INTERLEAVED,,,,2717697.0,
25164,0.012497524800111242,,ReduceDeviceOperation,1,3.119,0.49,88,,,,,BF16 => BF16,BFLOAT16,BFLOAT16,nan,False,DEV_0_L1_INTERLEAVED,,,,2728961.0,
25165,0.03875652467798422,,UntilizeDeviceOperation,1,10.705,0.487,88,,,,,BF16 => BF16,BFLOAT16,BFLOAT16,nan,False,DEV_0_DRAM_INTERLEAVED,,,,2729985.0,
25166,0.007829565966486983,,SliceDeviceOperation,1,1.073,1.188,1,,,,,BF16 => BF16,BFLOAT16,BFLOAT16,nan,False,DEV_0_DRAM_INTERLEAVED,,,,2731009.0,
25167,0.01442981043005363,,TilizeWithValPaddingDeviceOperation,1,3.639,0.528,88,,,,,BF16 => BF16,BFLOAT16,BFLOAT16,nan,False,DEV_0_DRAM_INTERLEAVED,,,,2732033.0,
25173,0.015347472960402614,,UnaryDeviceOperation,1,3.912,0.52,110,,,,,"BF16, BF16 => BF16",BFLOAT16,BFLOAT16,BFLOAT16,False,DEV_0_L1_INTERLEAVED,,,,2738177.0,
25174,0.2637362112222977,SLOW,SparseMatmulDeviceOperation active=8/128 x 32 x 2816 x 192,1,75.558,0.603,3.0,57.2457714603351,11.1808147383467,3.6637293734614462,22.085559976981134,LoFi BF16 x BFP8 => BF16,BFLOAT16,BFLOAT16,BFLOAT8_B,False,DEV_0_L1_INTERLEAVED,44,1,2,2739201.0,in0_block_w=44 and output subblock 1x2 look good 🤷 • Use HiFi2 or HiFi4 with BF16 activations for improved accuracy
25175,0.01403850527560293,,TransposeDeviceOperation,1,3.513,0.541,110,,,,,BF16 => BF16,BFLOAT16,BFLOAT16,nan,False,DEV_0_L1_INTERLEAVED,,,,2740225.0,
25178,0.01460988005865041,,TransposeDeviceOperation,1,3.715,0.504,110,,,,,BF16 => BF16,BFLOAT16,BFLOAT16,nan,False,DEV_0_L1_INTERLEAVED,,,,2743297.0,
25180,0.01048559298828951,,BinaryNgDeviceOperation,1,2.547,0.481,110,,,,,"BF16, BF16 => BF16",BFLOAT16,BFLOAT16,BFLOAT16,False,DEV_0_L1_INTERLEAVED,,,,2745345.0,
25182,0.12592407642871853,,UnaryDeviceOperation,1,35.909,0.455,110,,,,,"BF16, BF16 => BF16",BFLOAT16,BFLOAT16,BFLOAT16,False,DEV_0_L1_INTERLEAVED,,,,2747393.0,
25185,0.016753401214446715,,ReshapeViewDeviceOperation,1,4.21,0.628,4,,,,,BF16 => BF16,BFLOAT16,BFLOAT16,nan,False,DEV_0_DRAM_INTERLEAVED,,,,2750465.0,
25191,0.13130192514431088,,UntilizeWithUnpaddingDeviceOperation,1,1.267,36.65,88,,,,,BF16 => BF16,BFLOAT16,BFLOAT16,nan,False,DEV_0_L1_INTERLEAVED,,,,2756609.0,
25211,0.13048468606067934,,UntilizeWithUnpaddingDeviceOperation,1,1.28,36.401,88,,,,,BF16 => BF16,BFLOAT16,BFLOAT16,nan,False,DEV_0_L1_INTERLEAVED,,,,2777089.0,
25221,0.1717379453967074,,TilizeWithValPaddingDeviceOperation,1,14.293,35.301,88,,,,,BF16 => BF16,BFLOAT16,BFLOAT16,nan,False,DEV_0_DRAM_INTERLEAVED,,,,2787329.0,
25227,0.00978262886126746,,BinaryNgDeviceOperation,1,2.302,0.523,110,,,,,"BF16, BF16 => BF16",BFLOAT16,BFLOAT16,BFLOAT16,False,DEV_0_DRAM_INTERLEAVED,,,,2793473.0,
25234,0.011784172040670147,,ShardedToInterleavedDeviceOperation,1,2.864,0.539,32,,,,,BF16 => BF16,BFLOAT16,BFLOAT16,nan,False,DEV_0_L1_HEIGHT_SHARDED,,,,2800641.0,
25237,0.03929673356377456,,LayerNormDeviceOperation,1,10.861,0.487,32,,,,,"BF16, BF16 => BF16",BFLOAT16,BFLOAT16,BFLOAT16,False,DEV_0_L1_INTERLEAVED,,,,2803713.0,
25242,0.0967458708410939,,RotaryEmbeddingHfDeviceOperation,1,27.365,0.573,4,,,,,"BF16, BF16 => BF16",BFLOAT16,BFLOAT16,BFLOAT16,False,DEV_0_DRAM_INTERLEAVED,,,,2808833.0,
25243,0.09762544171923973,,RotaryEmbeddingHfDeviceOperation,1,27.028,1.164,1,,,,,"BF16, BF16 => BF16",BFLOAT16,BFLOAT16,BFLOAT16,False,DEV_0_DRAM_INTERLEAVED,,,,2809857.0,
25256,0.06527870324380633,SLOW,MatmulDeviceOperation 32 x 2048 x 2816,1,18.297,0.554,12,315.1974640651473,61.56200470022408,20.172637700169425,30.400989975419296,LoFi BF16 x BFP8 => BF16,BFLOAT16,BFLOAT16,BFLOAT8_B,True,DEV_0_L1_WIDTH_SHARDED,4,,,2823169.0,No output subblock size found • Use HiFi2 or HiFi4 with BF16 activations for improved accuracy
25258,0.00705734429000463,,InterleavedToShardedDeviceOperation,1,1.519,0.519,88,,,,,BF16 => BF16,BFLOAT16,BFLOAT16,nan,False,DEV_0_DRAM_INTERLEAVED,,,,2825217.0,
25260,0.007154304859249051,,ShardedToInterleavedDeviceOperation,1,1.546,0.52,88,,,,,BF16 => BF16,BFLOAT16,BFLOAT16,nan,False,DEV_0_L1_WIDTH_SHARDED,,,,2827265.0,
25267,0.007909212148366328,,SliceDeviceOperation,1,1.69,0.594,17,,,,,BF16 => BF16,BFLOAT16,BFLOAT16,nan,False,DEV_0_DRAM_INTERLEAVED,,,,2834433.0,
25268,0.00753868425875372,,SliceDeviceOperation,1,1.567,0.61,17,,,,,BF16 => BF16,BFLOAT16,BFLOAT16,nan,False,DEV_0_DRAM_INTERLEAVED,,,,2835457.0,
25270,0.011406718396111506,,BinaryNgDeviceOperation,1,2.784,0.51,110,,,,,"BF16, BF16 => BF16",BFLOAT16,BFLOAT16,BFLOAT16,False,DEV_0_DRAM_INTERLEAVED,,,,2837505.0,
25276,0.007033104147693527,,ShardedToInterleavedDeviceOperation,1,1.497,0.534,88,,,,,BF16 => BF16,BFLOAT16,BFLOAT16,nan,False,DEV_0_L1_WIDTH_SHARDED,,,,2843649.0,
25279,0.048030110550718465,,BinaryNgDeviceOperation,1,13.355,0.515,110,,,,,"BF16, FP32 => BF16",BFLOAT16,BFLOAT16,FLOAT32,False,DEV_0_DRAM_INTERLEAVED,,,,2846721.0,
25283,0.009211254078219978,,TypecastDeviceOperation,1,2.05,0.61,4,,,,,FP32 => BF16,BFLOAT16,FLOAT32,nan,False,DEV_0_DRAM_INTERLEAVED,,,,2850817.0,
25285,0.007788011436810802,,SliceDeviceOperation,1,0.735,1.514,1,,,,,BF16 => BF16,BFLOAT16,BFLOAT16,nan,False,DEV_0_DRAM_INTERLEAVED,,,,2852865.0,
25299,0.007718753887350501,,CopyDeviceOperation,1,1.702,0.527,88,,,,,BF16 => BF16,BFLOAT16,BFLOAT16,nan,False,DEV_0_DRAM_INTERLEAVED,,,,2867201.0,
25305,0.26325833413102157,SLOW,SparseMatmulDeviceOperation active=8/128 x 32 x 2816 x 192,1,75.11,0.913,3.0,57.58721874583943,11.247503661296763,3.685581999733724,22.217291182808424,LoFi BF16 x BFP8 => BF16,BFLOAT16,BFLOAT16,BFLOAT8_B,False,DEV_0_L1_INTERLEAVED,44,1,2,2873345.0,in0_block_w=44 and output subblock 1x2 look good 🤷 • Use HiFi2 or HiFi4 with BF16 activations for improved accuracy
25308,0.010551387660276796,,BinaryNgDeviceOperation,1,2.544,0.503,110,,,,,"BF16, BF16 => BF16",BFLOAT16,BFLOAT16,BFLOAT16,False,DEV_0_L1_INTERLEAVED,,,,2876417.0,
25311,0.0641913597172796,SLOW,SparseMatmulDeviceOperation active=8/128 x 32 x 192 x 2816,1,18.081,0.456,44.0,239.2221669155467,46.723079475692714,15.310218682594988,6.29267063645693,LoFi BF16 x BFP8 => BF16,BFLOAT16,BFLOAT16,BFLOAT8_B,False,DEV_0_L1_INTERLEAVED,6,1,2,2879489.0,in0_block_w=6 and output subblock 1x2 look good 🤷 • Use HiFi2 or HiFi4 with BF16 activations for improved accuracy
25312,0.12776979012183556,,TransposeDeviceOperation,1,36.347,0.55,110,,,,,BF16 => BF16,BFLOAT16,BFLOAT16,nan,False,DEV_0_L1_INTERLEAVED,,,,2880513.0,
25318,0.014796875442193224,,TilizeWithValPaddingDeviceOperation,1,3.748,0.525,88,,,,,BF16 => BF16,BFLOAT16,BFLOAT16,nan,False,DEV_0_DRAM_INTERLEAVED,,,,2886657.0,
25320,0.007902286393420298,,SliceDeviceOperation,1,0.782,1.5,1,,,,,BF16 => BF16,BFLOAT16,BFLOAT16,nan,False,DEV_0_DRAM_INTERLEAVED,,,,2888705.0,
25322,0.007611404685687035,,CopyDeviceOperation,1,1.674,0.524,88,,,,,BF16 => BF16,BFLOAT16,BFLOAT16,nan,False,DEV_0_DRAM_INTERLEAVED,,,,2890753.0,
25327,0.01537517598018673,,UnaryDeviceOperation,1,3.9,0.54,110,,,,,"BF16, BF16 => BF16",BFLOAT16,BFLOAT16,BFLOAT16,False,DEV_0_L1_INTERLEAVED,,,,2895873.0,
25329,0.014634120200961515,,TransposeDeviceOperation,1,3.754,0.472,110,,,,,BF16 => BF16,BFLOAT16,BFLOAT16,nan,False,DEV_0_L1_INTERLEAVED,,,,2897921.0,
25334,0.06304168439623863,SLOW,SparseMatmulDeviceOperation active=8/128 x 32 x 192 x 2816,1,17.745,0.46,44.0,243.75181741335587,47.607776838546066,15.600116314454775,6.411821796437181,LoFi BF16 x BFP8 => BF16,BFLOAT16,BFLOAT16,BFLOAT8_B,False,DEV_0_L1_INTERLEAVED,6,1,2,2903041.0,in0_block_w=6 and output subblock 1x2 look good 🤷 • Use HiFi2 or HiFi4 with BF16 activations for improved accuracy
25335,0.13521843956629087,,TransposeDeviceOperation,1,38.513,0.535,110,,,,,BF16 => BF16,BFLOAT16,BFLOAT16,nan,False,DEV_0_L1_INTERLEAVED,,,,2904065.0,
25338,0.012459433147908079,,ReduceDeviceOperation,1,3.095,0.503,88,,,,,BF16 => BF16,BFLOAT16,BFLOAT16,nan,False,DEV_0_L1_INTERLEAVED,,,,2907137.0,
25339,0.0390993495478127,,UntilizeDeviceOperation,1,10.798,0.493,88,,,,,BF16 => BF16,BFLOAT16,BFLOAT16,nan,False,DEV_0_DRAM_INTERLEAVED,,,,2908161.0,
25340,0.007933452290677434,,SliceDeviceOperation,1,1.09,1.201,1,,,,,BF16 => BF16,BFLOAT16,BFLOAT16,nan,False,DEV_0_DRAM_INTERLEAVED,,,,2909185.0,
25341,0.014706840627894832,,TilizeWithValPaddingDeviceOperation,1,3.727,0.52,88,,,,,BF16 => BF16,BFLOAT16,BFLOAT16,nan,False,DEV_0_DRAM_INTERLEAVED,,,,2910209.0,
25342,0.018720315619119254,,UntilizeDeviceOperation,1,3.93,1.476,1,,,,,BF16 => BF16,BFLOAT16,BFLOAT16,nan,False,DEV_0_DRAM_INTERLEAVED,,,,2911233.0,
25344,0.0249292549282352,,TilizeWithValPaddingDeviceOperation,1,5.711,1.488,1,,,,,BF16 => BF16,BFLOAT16,BFLOAT16,nan,False,DEV_0_DRAM_INTERLEAVED,,,,2913281.0,
25345,0.007562924401064825,,CopyDeviceOperation,1,1.657,0.527,88,,,,,BF16 => BF16,BFLOAT16,BFLOAT16,nan,False,DEV_0_DRAM_INTERLEAVED,,,,2914305.0,
25349,0.013834195504695045,,TransposeDeviceOperation,1,3.459,0.536,110,,,,,BF16 => BF16,BFLOAT16,BFLOAT16,nan,False,DEV_0_L1_INTERLEAVED,,,,2918401.0,
25352,0.014464439204783778,,TransposeDeviceOperation,1,3.67,0.507,110,,,,,BF16 => BF16,BFLOAT16,BFLOAT16,nan,False,DEV_0_L1_INTERLEAVED,,,,2921473.0,
25353,0.00807543026707105,,UnaryDeviceOperation,1,1.868,0.464,110,,,,,BF16 => BF16,BFLOAT16,BFLOAT16,nan,False,DEV_0_L1_INTERLEAVED,,,,2922497.0,
25355,0.01872724137406528,,TransposeDeviceOperation,1,4.924,0.484,110,,,,,BF16 => BF16,BFLOAT16,BFLOAT16,nan,False,DEV_0_L1_INTERLEAVED,,,,2924545.0,
25358,0.12724689562341027,,TransposeDeviceOperation,1,36.233,0.513,110,,,,,BF16 => BF16,BFLOAT16,BFLOAT16,nan,False,DEV_0_L1_INTERLEAVED,,,,2927617.0,
25363,0.0081793165912615,,SliceDeviceOperation,1,1.123,1.239,1,,,,,BF16 => BF16,BFLOAT16,BFLOAT16,nan,False,DEV_0_DRAM_INTERLEAVED,,,,2932737.0,
25364,0.014713766382840863,,TilizeWithValPaddingDeviceOperation,1,3.713,0.536,88,,,,,BF16 => BF16,BFLOAT16,BFLOAT16,nan,False,DEV_0_DRAM_INTERLEAVED,,,,2933761.0,
25366,0.0081100590418012,,SliceDeviceOperation,1,0.854,1.488,1,,,,,BF16 => BF16,BFLOAT16,BFLOAT16,nan,False,DEV_0_DRAM_INTERLEAVED,,,,2935809.0,
25367,0.024714556524908268,,TilizeWithValPaddingDeviceOperation,1,5.661,1.476,1,,,,,BF16 => BF16,BFLOAT16,BFLOAT16,nan,False,DEV_0_DRAM_INTERLEAVED,,,,2936833.0,
25368,0.007701439499985427,,CopyDeviceOperation,1,1.688,0.536,88,,,,,BF16 => BF16,BFLOAT16,BFLOAT16,nan,False,DEV_0_DRAM_INTERLEAVED,,,,2937857.0,
25372,0.014758783789990059,,TransposeDeviceOperation,1,3.72,0.542,110,,,,,BF16 => BF16,BFLOAT16,BFLOAT16,nan,False,DEV_0_L1_INTERLEAVED,,,,2941953.0,
25373,0.015461747917012108,,UnaryDeviceOperation,1,3.99,0.475,110,,,,,"BF16, BF16 => BF16",BFLOAT16,BFLOAT16,BFLOAT16,False,DEV_0_L1_INTERLEAVED,,,,2942977.0,
25374,0.2645915419581324,SLOW,SparseMatmulDeviceOperation active=8/128 x 32 x 2816 x 192,1,75.785,0.623,3.0,57.074302302566466,11.147324668470013,3.652755347364254,22.01940675253336,LoFi BF16 x BFP8 => BF16,BFLOAT16,BFLOAT16,BFLOAT8_B,False,DEV_0_L1_INTERLEAVED,44,1,2,2944001.0,in0_block_w=44 and output subblock 1x2 look good 🤷 • Use HiFi2 or HiFi4 with BF16 activations for improved accuracy
25375,0.014627194446015486,,TransposeDeviceOperation,1,3.751,0.473,110,,,,,BF16 => BF16,BFLOAT16,BFLOAT16,nan,False,DEV_0_L1_INTERLEAVED,,,,2945025.0,
25376,0.00815853932642341,,UnaryDeviceOperation,1,1.893,0.463,110,,,,,BF16 => BF16,BFLOAT16,BFLOAT16,nan,False,DEV_0_L1_INTERLEAVED,,,,2946049.0,
25379,0.12610414605731532,,UnaryDeviceOperation,1,35.953,0.463,110,,,,,"BF16, BF16 => BF16",BFLOAT16,BFLOAT16,BFLOAT16,False,DEV_0_L1_INTERLEAVED,,,,2949121.0,
25384,0.012220494602270038,,ReduceDeviceOperation,1,3.025,0.504,88,,,,,BF16 => BF16,BFLOAT16,BFLOAT16,nan,False,DEV_0_L1_INTERLEAVED,,,,2954241.0,
25387,0.014699914872948801,,TilizeWithValPaddingDeviceOperation,1,3.715,0.53,88,,,,,BF16 => BF16,BFLOAT16,BFLOAT16,nan,False,DEV_0_DRAM_INTERLEAVED,,,,2957313.0,
25390,0.024676464872705105,,TilizeWithValPaddingDeviceOperation,1,5.642,1.484,1,,,,,BF16 => BF16,BFLOAT16,BFLOAT16,nan,False,DEV_0_DRAM_INTERLEAVED,,,,2960385.0,
25391,0.007708365254931456,,CopyDeviceOperation,1,1.696,0.53,88,,,,,BF16 => BF16,BFLOAT16,BFLOAT16,nan,False,DEV_0_DRAM_INTERLEAVED,,,,2961409.0,
25392,0.01323858057933646,,UntilizeWithUnpaddingDeviceOperation,1,2.33,1.493,1,,,,,BF16 => BF16,BFLOAT16,BFLOAT16,nan,False,DEV_0_DRAM_INTERLEAVED,,,,2962433.0,
25393,0.015475599426904168,,UnaryDeviceOperation,1,3.938,0.531,110,,,,,"BF16, BF16 => BF16",BFLOAT16,BFLOAT16,BFLOAT16,False,DEV_0_L1_INTERLEAVED,,,,2963457.0,
25395,0.01387228715689821,,TransposeDeviceOperation,1,3.479,0.527,110,,,,,BF16 => BF16,BFLOAT16,BFLOAT16,nan,False,DEV_0_L1_INTERLEAVED,,,,2965505.0,
25398,0.014651434588326588,,TransposeDeviceOperation,1,3.736,0.495,110,,,,,BF16 => BF16,BFLOAT16,BFLOAT16,nan,False,DEV_0_L1_INTERLEAVED,,,,2968577.0,
25399,0.007968081065407584,,UnaryDeviceOperation,1,1.843,0.458,110,,,,,BF16 => BF16,BFLOAT16,BFLOAT16,nan,False,DEV_0_L1_INTERLEAVED,,,,2969601.0,
25401,0.018689149721862117,,TransposeDeviceOperation,1,4.921,0.476,110,,,,,BF16 => BF16,BFLOAT16,BFLOAT16,nan,False,DEV_0_L1_INTERLEAVED,,,,2971649.0,
25412,0.008141224939058335,,SliceDeviceOperation,1,0.85,1.501,1,,,,,BF16 => BF16,BFLOAT16,BFLOAT16,nan,False,DEV_0_DRAM_INTERLEAVED,,,,2982913.0,
25416,0.015465210794485124,,UnaryDeviceOperation,1,3.941,0.525,110,,,,,"BF16, BF16 => BF16",BFLOAT16,BFLOAT16,BFLOAT16,False,DEV_0_L1_INTERLEAVED,,,,2987009.0,
25420,0.26319946521398035,SLOW,SparseMatmulDeviceOperation active=8/128 x 32 x 2816 x 192,1,75.135,0.871,3.0,57.568057496506285,11.243761229786383,3.6843556797764023,22.20989872550397,LoFi BF16 x BFP8 => BF16,BFLOAT16,BFLOAT16,BFLOAT8_B,False,DEV_0_L1_INTERLEAVED,44,1,2,2991105.0,in0_block_w=44 and output subblock 1x2 look good 🤷 • Use HiFi2 or HiFi4 with BF16 activations for improved accuracy
25421,0.014928464786167793,,TransposeDeviceOperation,1,3.764,0.547,110,,,,,BF16 => BF16,BFLOAT16,BFLOAT16,nan,False,DEV_0_L1_INTERLEAVED,,,,2992129.0,
25426,0.06500167304596512,SLOW,SparseMatmulDeviceOperation active=8/128 x 32 x 192 x 2816,1,18.324,0.447,44.0,236.0497707924034,46.10347085789129,15.107185330713817,6.209221664362462,LoFi BF16 x BFP8 => BF16,BFLOAT16,BFLOAT16,BFLOAT8_B,False,DEV_0_L1_INTERLEAVED,6,1,2,2997249.0,in0_block_w=6 and output subblock 1x2 look good 🤷 • Use HiFi2 or HiFi4 with BF16 activations for improved accuracy
25428,0.016459056629240437,,ReshapeViewDeviceOperation,1,4.174,0.579,4,,,,,BF16 => BF16,BFLOAT16,BFLOAT16,nan,False,DEV_0_DRAM_INTERLEAVED,,,,2999297.0,
25430,0.01258755961440963,,ReduceDeviceOperation,1,3.139,0.496,88,,,,,BF16 => BF16,BFLOAT16,BFLOAT16,nan,False,DEV_0_L1_INTERLEAVED,,,,3001345.0,
25433,0.014724155015259909,,TilizeWithValPaddingDeviceOperation,1,3.716,0.536,88,,,,,BF16 => BF16,BFLOAT16,BFLOAT16,nan,False,DEV_0_DRAM_INTERLEAVED,,,,3004417.0,
25434,0.01857487476525262,,UntilizeDeviceOperation,1,3.887,1.477,1,,,,,BF16 => BF16,BFLOAT16,BFLOAT16,nan,False,DEV_0_DRAM_INTERLEAVED,,,,3005441.0,
25436,0.024995049600222485,,TilizeWithValPaddingDeviceOperation,1,5.716,1.502,1,,,,,BF16 => BF16,BFLOAT16,BFLOAT16,nan,False,DEV_0_DRAM_INTERLEAVED,,,,3007489.0,
25445,0.00802694998244884,,UnaryDeviceOperation,1,1.859,0.459,110,,,,,BF16 => BF16,BFLOAT16,BFLOAT16,nan,False,DEV_0_L1_INTERLEAVED,,,,3016705.0,
25453,0.01292345872929209,,ReduceDeviceOperation,1,3.224,0.508,88,,,,,BF16 => BF16,BFLOAT16,BFLOAT16,nan,False,DEV_0_L1_INTERLEAVED,,,,3024897.0,
25455,0.007794937191756831,,SliceDeviceOperation,1,0.989,1.262,1,,,,,BF16 => BF16,BFLOAT16,BFLOAT16,nan,False,DEV_0_DRAM_INTERLEAVED,,,,3026945.0,
25456,0.01469298911800277,,TilizeWithValPaddingDeviceOperation,1,3.723,0.52,88,,,,,BF16 => BF16,BFLOAT16,BFLOAT16,nan,False,DEV_0_DRAM_INTERLEAVED,,,,3027969.0,
25460,0.00758716454337593,,CopyDeviceOperation,1,1.653,0.538,88,,,,,BF16 => BF16,BFLOAT16,BFLOAT16,nan,False,DEV_0_DRAM_INTERLEAVED,,,,3032065.0,
25462,0.015087757149926485,,UnaryDeviceOperation,1,3.841,0.516,110,,,,,"BF16, BF16 => BF16",BFLOAT16,BFLOAT16,BFLOAT16,False,DEV_0_L1_INTERLEAVED,,,,3034113.0,
25465,0.015527542588999394,,UnaryDeviceOperation,1,3.941,0.543,110,,,,,"BF16, BF16 => BF16",BFLOAT16,BFLOAT16,BFLOAT16,False,DEV_0_L1_INTERLEAVED,,,,3037185.0,
25468,0.00808235602201708,,UnaryDeviceOperation,1,1.873,0.461,110,,,,,BF16 => BF16,BFLOAT16,BFLOAT16,nan,False,DEV_0_L1_INTERLEAVED,,,,3040257.0,
25470,0.018786110291106536,,TransposeDeviceOperation,1,4.93,0.495,110,,,,,BF16 => BF16,BFLOAT16,BFLOAT16,nan,False,DEV_0_L1_INTERLEAVED,,,,3042305.0,
25472,0.0635472645072988,SLOW,SparseMatmulDeviceOperation active=8/128 x 32 x 192 x 2816,1,17.897,0.454,44.0,241.68162261831588,47.20344191763982,15.467623847572217,6.357365914833646,LoFi BF16 x BFP8 => BF16,BFLOAT16,BFLOAT16,BFLOAT8_B,False,DEV_0_L1_INTERLEAVED,6,1,2,3044353.0,in0_block_w=6 and output subblock 1x2 look good 🤷 • Use HiFi2 or HiFi4 with BF16 activations for improved accuracy
25473,0.12810568923671803,,TransposeDeviceOperation,1,36.5,0.494,110,,,,,BF16 => BF16,BFLOAT16,BFLOAT16,nan,False,DEV_0_L1_INTERLEAVED,,,,3045377.0,
25475,0.019205118465341356,,BinaryNgDeviceOperation,1,5.067,0.479,110,,,,,"BF16, BF16 => BF16",BFLOAT16,BFLOAT16,BFLOAT16,False,DEV_0_L1_INTERLEAVED,,,,3047425.0,
25479,0.014841892849342416,,TilizeWithValPaddingDeviceOperation,1,3.767,0.519,88,,,,,BF16 => BF16,BFLOAT16,BFLOAT16,nan,False,DEV_0_DRAM_INTERLEAVED,,,,3051521.0,
25483,0.00767027360272829,,CopyDeviceOperation,1,1.678,0.537,88,,,,,BF16 => BF16,BFLOAT16,BFLOAT16,nan,False,DEV_0_DRAM_INTERLEAVED,,,,3055617.0,
25485,0.015274752533469299,,UnaryDeviceOperation,1,3.89,0.521,110,,,,,"BF16, BF16 => BF16",BFLOAT16,BFLOAT16,BFLOAT16,False,DEV_0_L1_INTERLEAVED,,,,3057665.0,
25488,0.015873830336300895,,UnaryDeviceOperation,1,4.036,0.548,110,,,,,"BF16, BF16 => BF16",BFLOAT16,BFLOAT16,BFLOAT16,False,DEV_0_L1_INTERLEAVED,,,,3060737.0,
25490,0.014544085386663125,,TransposeDeviceOperation,1,3.736,0.464,110,,,,,BF16 => BF16,BFLOAT16,BFLOAT16,nan,False,DEV_0_L1_INTERLEAVED,,,,3062785.0,
25491,0.00803387573739487,,UnaryDeviceOperation,1,1.87,0.45,110,,,,,BF16 => BF16,BFLOAT16,BFLOAT16,nan,False,DEV_0_L1_INTERLEAVED,,,,3063809.0,
25494,0.12633962172548036,,UnaryDeviceOperation,1,36.034,0.45,110,,,,,"BF16, BF16 => BF16",BFLOAT16,BFLOAT16,BFLOAT16,False,DEV_0_L1_INTERLEAVED,,,,3066881.0,
25501,0.00835938621985828,,SliceDeviceOperation,1,0.913,1.501,1,,,,,BF16 => BF16,BFLOAT16,BFLOAT16,nan,False,DEV_0_DRAM_INTERLEAVED,,,,3074049.0,
25502,0.014914613276275732,,TilizeWithValPaddingDeviceOperation,1,3.788,0.519,88,,,,,BF16 => BF16,BFLOAT16,BFLOAT16,nan,False,DEV_0_DRAM_INTERLEAVED,,,,3075073.0,
25506,0.007763771294499697,,CopyDeviceOperation,1,1.701,0.541,88,,,,,BF16 => BF16,BFLOAT16,BFLOAT16,nan,False,DEV_0_DRAM_INTERLEAVED,,,,3079169.0,
25507,0.013380558555730076,,UntilizeWithUnpaddingDeviceOperation,1,2.361,1.503,1,,,,,BF16 => BF16,BFLOAT16,BFLOAT16,nan,False,DEV_0_DRAM_INTERLEAVED,,,,3080193.0,
25510,0.014035042398129915,,TransposeDeviceOperation,1,3.513,0.54,110,,,,,BF16 => BF16,BFLOAT16,BFLOAT16,nan,False,DEV_0_L1_INTERLEAVED,,,,3083265.0,
25511,0.01561411452582477,,UnaryDeviceOperation,1,3.956,0.553,110,,,,,"BF16, BF16 => BF16",BFLOAT16,BFLOAT16,BFLOAT16,False,DEV_0_L1_INTERLEAVED,,,,3084289.0,
25512,0.2641205906218024,SLOW,SparseMatmulDeviceOperation active=8/128 x 32 x 2816 x 192,1,75.453,0.819,3.0,57.325434376366736,11.196373901634129,3.6688278000874712,22.1162941266847,LoFi BF16 x BFP8 => BF16,BFLOAT16,BFLOAT16,BFLOAT8_B,False,DEV_0_L1_INTERLEAVED,44,1,2,3085313.0,in0_block_w=44 and output subblock 1x2 look good 🤷 • Use HiFi2 or HiFi4 with BF16 activations for improved accuracy
25513,0.014738006525151967,,TransposeDeviceOperation,1,3.766,0.49,110,,,,,BF16 => BF16,BFLOAT16,BFLOAT16,nan,False,DEV_0_L1_INTERLEAVED,,,,3086337.0,
25514,0.007971543942880598,,UnaryDeviceOperation,1,1.847,0.455,110,,,,,BF16 => BF16,BFLOAT16,BFLOAT16,nan,False,DEV_0_L1_INTERLEAVED,,,,3087361.0,
25516,0.018630280804820862,,TransposeDeviceOperation,1,4.9,0.48,110,,,,,BF16 => BF16,BFLOAT16,BFLOAT16,nan,False,DEV_0_L1_INTERLEAVED,,,,3089409.0,
25520,0.01605736284237069,,ReshapeViewDeviceOperation,1,4.053,0.584,4,,,,,BF16 => BF16,BFLOAT16,BFLOAT16,nan,False,DEV_0_DRAM_INTERLEAVED,,,,3093505.0,
25522,0.01292345872929209,,ReduceDeviceOperation,1,3.239,0.493,88,,,,,BF16 => BF16,BFLOAT16,BFLOAT16,nan,False,DEV_0_L1_INTERLEAVED,,,,3095553.0,
25524,0.007777622804391757,,SliceDeviceOperation,1,1.019,1.227,1,,,,,BF16 => BF16,BFLOAT16,BFLOAT16,nan,False,DEV_0_DRAM_INTERLEAVED,,,,3097601.0,
25529,0.007732605397242562,,CopyDeviceOperation,1,1.708,0.525,88,,,,,BF16 => BF16,BFLOAT16,BFLOAT16,nan,False,DEV_0_DRAM_INTERLEAVED,,,,3102721.0,
25531,0.01533362145051055,,UnaryDeviceOperation,1,3.904,0.524,110,,,,,"BF16, BF16 => BF16",BFLOAT16,BFLOAT16,BFLOAT16,False,DEV_0_L1_INTERLEAVED,,,,3104769.0,
25538,0.010648348229521216,,BinaryNgDeviceOperation,1,2.533,0.542,110,,,,,"BF16, BF16 => BF16",BFLOAT16,BFLOAT16,BFLOAT16,False,DEV_0_L1_INTERLEAVED,,,,3111937.0,
25543,0.015430582019754975,,ReshapeViewDeviceOperation,1,3.829,0.627,4,,,,,BF16 => BF16,BFLOAT16,BFLOAT16,nan,False,DEV_0_DRAM_INTERLEAVED,,,,3117057.0,
25545,0.012393638475920789,,ReduceDeviceOperation,1,3.081,0.498,88,,,,,BF16 => BF16,BFLOAT16,BFLOAT16,nan,False,DEV_0_L1_INTERLEAVED,,,,3119105.0,
25547,0.007389780527414073,,SliceDeviceOperation,1,0.979,1.155,1,,,,,BF16 => BF16,BFLOAT16,BFLOAT16,nan,False,DEV_0_DRAM_INTERLEAVED,,,,3121153.0,
25549,0.01865105806965895,,UntilizeDeviceOperation,1,3.884,1.502,1,,,,,BF16 => BF16,BFLOAT16,BFLOAT16,nan,False,DEV_0_DRAM_INTERLEAVED,,,,3123201.0,
25553,0.013339004026053895,,UntilizeWithUnpaddingDeviceOperation,1,2.346,1.506,1,,,,,BF16 => BF16,BFLOAT16,BFLOAT16,nan,False,DEV_0_DRAM_INTERLEAVED,,,,3127297.0,
25557,0.01571800085001522,,UnaryDeviceOperation,1,3.981,0.558,110,,,,,"BF16, BF16 => BF16",BFLOAT16,BFLOAT16,BFLOAT16,False,DEV_0_L1_INTERLEAVED,,,,3131393.0,
25558,0.2640686474597071,SLOW,SparseMatmulDeviceOperation active=8/128 x 32 x 2816 x 192,1,75.422,0.835,3.0,57.34899631407281,11.200975842592346,3.6703357641006598,22.125384380429324,LoFi BF16 x BFP8 => BF16,BFLOAT16,BFLOAT16,BFLOAT8_B,False,DEV_0_L1_INTERLEAVED,44,1,2,3132417.0,in0_block_w=44 and output subblock 1x2 look good 🤷 • Use HiFi2 or HiFi4 with BF16 activations for improved accuracy
25560,0.008037338614867884,,UnaryDeviceOperation,1,1.854,0.467,110,,,,,BF16 => BF16,BFLOAT16,BFLOAT16,nan,False,DEV_0_L1_INTERLEAVED,,,,3134465.0,
25563,0.12605220289522012,,UnaryDeviceOperation,1,35.95,0.451,110,,,,,"BF16, BF16 => BF16",BFLOAT16,BFLOAT16,BFLOAT16,False,DEV_0_L1_INTERLEAVED,,,,3137537.0,
25566,0.015406341877443868,,ReshapeViewDeviceOperation,1,3.873,0.576,4,,,,,BF16 => BF16,BFLOAT16,BFLOAT16,nan,False,DEV_0_DRAM_INTERLEAVED,,,,3140609.0,
25575,0.007576775910956885,,CopyDeviceOperation,1,1.652,0.536,88,,,,,BF16 => BF16,BFLOAT16,BFLOAT16,nan,False,DEV_0_DRAM_INTERLEAVED,,,,3149825.0,
25577,0.015323232818091507,,UnaryDeviceOperation,1,3.904,0.521,110,,,,,"BF16, BF16 => BF16",BFLOAT16,BFLOAT16,BFLOAT16,False,DEV_0_L1_INTERLEAVED,,,,3151873.0,
25580,0.015274752533469294,,UnaryDeviceOperation,1,3.855,0.556,110,,,,,"BF16, BF16 => BF16",BFLOAT16,BFLOAT16,BFLOAT16,False,DEV_0_L1_INTERLEAVED,,,,3154945.0,
25595,0.018453674053697095,,UntilizeDeviceOperation,1,3.858,1.471,1,,,,,BF16 => BF16,BFLOAT16,BFLOAT16,nan,False,DEV_0_DRAM_INTERLEAVED,,,,3170305.0,
25596,0.00813083630663929,,SliceDeviceOperation,1,0.855,1.493,1,,,,,BF16 => BF16,BFLOAT16,BFLOAT16,nan,False,DEV_0_DRAM_INTERLEAVED,,,,3171329.0,
25598,0.007604478930741005,,CopyDeviceOperation,1,1.66,0.536,88,,,,,BF16 => BF16,BFLOAT16,BFLOAT16,nan,False,DEV_0_DRAM_INTERLEAVED,,,,3173377.0,
25603,0.015309381308199447,,UnaryDeviceOperation,1,3.956,0.465,110,,,,,"BF16, BF16 => BF16",BFLOAT16,BFLOAT16,BFLOAT16,False,DEV_0_L1_INTERLEAVED,,,,3178497.0,
25609,0.12588598477651539,,UnaryDeviceOperation,1,35.896,0.457,110,,,,,"BF16, BF16 => BF16",BFLOAT16,BFLOAT16,BFLOAT16,False,DEV_0_L1_INTERLEAVED,,,,3184641.0,
25610,0.06545530999493007,SLOW,SparseMatmulDeviceOperation active=8/128 x 32 x 192 x 2816,1,18.444,0.458,44.0,234.51398828887443,45.803513337670786,15.008895250487964,6.168823345140847,LoFi BF16 x BFP8 => BF16,BFLOAT16,BFLOAT16,BFLOAT8_B,False,DEV_0_L1_INTERLEAVED,6,1,2,3185665.0,in0_block_w=6 and output subblock 1x2 look good 🤷 • Use HiFi2 or HiFi4 with BF16 activations for improved accuracy
25611,0.12685212759148656,,TransposeDeviceOperation,1,36.079,0.553,110,,,,,BF16 => BF16,BFLOAT16,BFLOAT16,nan,False,DEV_0_L1_INTERLEAVED,,,,3186689.0,
25615,0.03872882165820009,,UntilizeDeviceOperation,1,10.748,0.436,88,,,,,BF16 => BF16,BFLOAT16,BFLOAT16,nan,False,DEV_0_DRAM_INTERLEAVED,,,,3190785.0,
25616,0.007597553175794976,,SliceDeviceOperation,1,1.019,1.175,1,,,,,BF16 => BF16,BFLOAT16,BFLOAT16,nan,False,DEV_0_DRAM_INTERLEAVED,,,,3191809.0,
25619,0.008297054425344012,,SliceDeviceOperation,1,0.894,1.502,1,,,,,BF16 => BF16,BFLOAT16,BFLOAT16,nan,False,DEV_0_DRAM_INTERLEAVED,,,,3194881.0,
25625,0.014035042398129915,,TransposeDeviceOperation,1,3.519,0.534,110,,,,,BF16 => BF16,BFLOAT16,BFLOAT16,nan,False,DEV_0_L1_INTERLEAVED,,,,3201025.0,
25628,0.014485216469621868,,TransposeDeviceOperation,1,3.717,0.466,110,,,,,BF16 => BF16,BFLOAT16,BFLOAT16,nan,False,DEV_0_L1_INTERLEAVED,,,,3204097.0,
25629,0.007968081065407584,,UnaryDeviceOperation,1,1.841,0.46,110,,,,,BF16 => BF16,BFLOAT16,BFLOAT16,nan,False,DEV_0_L1_INTERLEAVED,,,,3205121.0,
25632,0.1262357354012899,,UnaryDeviceOperation,1,36.0,0.454,110,,,,,"BF16, BF16 => BF16",BFLOAT16,BFLOAT16,BFLOAT16,False,DEV_0_L1_INTERLEAVED,,,,3208193.0,
25638,0.038798079207660395,,UntilizeDeviceOperation,1,10.76,0.444,88,,,,,BF16 => BF16,BFLOAT16,BFLOAT16,nan,False,DEV_0_DRAM_INTERLEAVED,,,,3214337.0,
25639,0.008085818899490093,,SliceDeviceOperation,1,1.031,1.304,1,,,,,BF16 => BF16,BFLOAT16,BFLOAT16,nan,False,DEV_0_DRAM_INTERLEAVED,,,,3215361.0,
25642,0.00817239083631547,,SliceDeviceOperation,1,0.864,1.496,1,,,,,BF16 => BF16,BFLOAT16,BFLOAT16,nan,False,DEV_0_DRAM_INTERLEAVED,,,,3218433.0,
25644,0.0076217933181060805,,CopyDeviceOperation,1,1.669,0.532,88,,,,,BF16 => BF16,BFLOAT16,BFLOAT16,nan,False,DEV_0_DRAM_INTERLEAVED,,,,3220481.0,
25645,0.013449816105190375,,UntilizeWithUnpaddingDeviceOperation,1,2.399,1.485,1,,,,,BF16 => BF16,BFLOAT16,BFLOAT16,nan,False,DEV_0_DRAM_INTERLEAVED,,,,3221505.0,
25652,0.007985395452772659,,UnaryDeviceOperation,1,1.847,0.459,110,,,,,BF16 => BF16,BFLOAT16,BFLOAT16,nan,False,DEV_0_L1_INTERLEAVED,,,,3228673.0,
25653,0.010700291391616441,,BinaryNgDeviceOperation,1,2.613,0.477,110,,,,,"BF16, BF16 => BF16",BFLOAT16,BFLOAT16,BFLOAT16,False,DEV_0_L1_INTERLEAVED,,,,3229697.0,
25654,0.018720315619119247,,TransposeDeviceOperation,1,4.933,0.473,110,,,,,BF16 => BF16,BFLOAT16,BFLOAT16,nan,False,DEV_0_L1_INTERLEAVED,,,,3230721.0,
25660,0.012175477195120844,,ReduceDeviceOperation,1,3.027,0.489,88,,,,,BF16 => BF16,BFLOAT16,BFLOAT16,nan,False,DEV_0_L1_INTERLEAVED,,,,3236865.0,
25663,0.014651434588326588,,TilizeWithValPaddingDeviceOperation,1,3.707,0.524,88,,,,,BF16 => BF16,BFLOAT16,BFLOAT16,nan,False,DEV_0_DRAM_INTERLEAVED,,,,3239937.0,
25668,0.013255894966701534,,UntilizeWithUnpaddingDeviceOperation,1,2.339,1.489,1,,,,,BF16 => BF16,BFLOAT16,BFLOAT16,nan,False,DEV_0_DRAM_INTERLEAVED,,,,3245057.0,
25669,0.01561411452582477,,UnaryDeviceOperation,1,3.993,0.516,110,,,,,"BF16, BF16 => BF16",BFLOAT16,BFLOAT16,BFLOAT16,False,DEV_0_L1_INTERLEAVED,,,,3246081.0,
25677,0.018980031429595378,,TransposeDeviceOperation,1,4.992,0.489,110,,,,,BF16 => BF16,BFLOAT16,BFLOAT16,nan,False,DEV_0_L1_INTERLEAVED,,,,3254273.0,
25678,0.12541503344018534,,UnaryDeviceOperation,1,35.756,0.461,110,,,,,"BF16, BF16 => BF16",BFLOAT16,BFLOAT16,BFLOAT16,False,DEV_0_L1_INTERLEAVED,,,,3255297.0,
25679,0.06756766525346926,SLOW,SparseMatmulDeviceOperation active=8/128 x 32 x 192 x 2816,1,19.056,0.456,44.0,226.98236775818637,44.332493702770776,14.526871536523927,5.970706222595391,LoFi BF16 x BFP8 => BF16,BFLOAT16,BFLOAT16,BFLOAT8_B,False,DEV_0_L1_INTERLEAVED,6,1,2,3256321.0,in0_block_w=6 and output subblock 1x2 look good 🤷 • Use HiFi2 or HiFi4 with BF16 activations for improved accuracy
25681,0.016753401214446715,,ReshapeViewDeviceOperation,1,4.288,0.55,4,,,,,BF16 => BF16,BFLOAT16,BFLOAT16,nan,False,DEV_0_DRAM_INTERLEAVED,,,,3258369.0,
25686,0.014641045955907544,,TilizeWithValPaddingDeviceOperation,1,3.693,0.535,88,,,,,BF16 => BF16,BFLOAT16,BFLOAT16,nan,False,DEV_0_DRAM_INTERLEAVED,,,,3263489.0,
25689,0.02469031638259716,,TilizeWithValPaddingDeviceOperation,1,5.653,1.477,1,,,,,BF16 => BF16,BFLOAT16,BFLOAT16,nan,False,DEV_0_DRAM_INTERLEAVED,,,,3266561.0,
25693,0.2649101266856498,SLOW,SparseMatmulDeviceOperation active=8/128 x 32 x 2816 x 192,1,75.89,0.61,3.0,56.99533535380155,11.131901436289365,3.6477014626432993,21.988941108719732,LoFi BF16 x BFP8 => BF16,BFLOAT16,BFLOAT16,BFLOAT8_B,False,DEV_0_L1_INTERLEAVED,44,1,2,3270657.0,in0_block_w=44 and output subblock 1x2 look good 🤷 • Use HiFi2 or HiFi4 with BF16 activations for improved accuracy
25697,0.014381330145431418,,TransposeDeviceOperation,1,3.599,0.554,110,,,,,BF16 => BF16,BFLOAT16,BFLOAT16,nan,False,DEV_0_L1_INTERLEAVED,,,,3274753.0,
25698,0.007781085681864772,,UnaryDeviceOperation,1,1.773,0.474,110,,,,,BF16 => BF16,BFLOAT16,BFLOAT16,nan,False,DEV_0_L1_INTERLEAVED,,,,3275777.0,
25699,0.010492518743235538,,BinaryNgDeviceOperation,1,2.554,0.476,110,,,,,"BF16, BF16 => BF16",BFLOAT16,BFLOAT16,BFLOAT16,False,DEV_0_L1_INTERLEAVED,,,,3276801.0,
25700,0.018810350433417642,,TransposeDeviceOperation,1,4.956,0.476,110,,,,,BF16 => BF16,BFLOAT16,BFLOAT16,nan,False,DEV_0_L1_INTERLEAVED,,,,3277825.0,
25702,0.06697205032811067,SLOW,SparseMatmulDeviceOperation active=8/128 x 32 x 192 x 2816,1,18.808,0.532,44.0,229.97532964695873,44.91705657167163,14.71842109740536,6.049435228507964,LoFi BF16 x BFP8 => BF16,BFLOAT16,BFLOAT16,BFLOAT8_B,False,DEV_0_L1_INTERLEAVED,6,1,2,3279873.0,in0_block_w=6 and output subblock 1x2 look good 🤷 • Use HiFi2 or HiFi4 with BF16 activations for improved accuracy
25703,0.13003797486666038,,TransposeDeviceOperation,1,37.047,0.505,110,,,,,BF16 => BF16,BFLOAT16,BFLOAT16,nan,False,DEV_0_L1_INTERLEAVED,,,,3280897.0,
25707,0.038808467840079436,,UntilizeDeviceOperation,1,10.751,0.456,88,,,,,BF16 => BF16,BFLOAT16,BFLOAT16,nan,False,DEV_0_DRAM_INTERLEAVED,,,,3284993.0,
25708,0.0085013641962519,,SliceDeviceOperation,1,0.98,1.475,1,,,,,BF16 => BF16,BFLOAT16,BFLOAT16,nan,False,DEV_0_DRAM_INTERLEAVED,,,,3286017.0,
25715,0.015250512391158192,,UnaryDeviceOperation,1,3.879,0.525,110,,,,,"BF16, BF16 => BF16",BFLOAT16,BFLOAT16,BFLOAT16,False,DEV_0_L1_INTERLEAVED,,,,3293185.0,
25716,0.2638366346690151,SLOW,SparseMatmulDeviceOperation active=8/128 x 32 x 2816 x 192,1,75.579,0.611,3.0,57.22986543881237,11.17770809351804,3.662711388083992,22.079423394603538,LoFi BF16 x BFP8 => BF16,BFLOAT16,BFLOAT16,BFLOAT8_B,False,DEV_0_L1_INTERLEAVED,44,1,2,3294209.0,in0_block_w=44 and output subblock 1x2 look good 🤷 • Use HiFi2 or HiFi4 with BF16 activations for improved accuracy
25719,0.26387818919869127,SLOW,SparseMatmulDeviceOperation active=8/128 x 32 x 2816 x 192,1,75.343,0.859,3.0,57.40912891708586,11.212720491618331,3.674184250693495,22.148583687147323,LoFi BF16 x BFP8 => BF16,BFLOAT16,BFLOAT16,BFLOAT8_B,False,DEV_0_L1_INTERLEAVED,44,1,2,3297281.0,in0_block_w=44 and output subblock 1x2 look good 🤷 • Use HiFi2 or HiFi4 with BF16 activations for improved accuracy
25723,0.018886533737823973,,TransposeDeviceOperation,1,4.966,0.488,110,,,,,BF16 => BF16,BFLOAT16,BFLOAT16,nan,False,DEV_0_L1_INTERLEAVED,,,,3301377.0,
25725,0.0646276822788795,SLOW,SparseMatmulDeviceOperation active=8/128 x 32 x 192 x 2816,1,18.207,0.456,44.0,237.56665018948755,46.39973636513429,15.204265612127204,6.249122742779028,LoFi BF16 x BFP8 => BF16,BFLOAT16,BFLOAT16,BFLOAT8_B,False,DEV_0_L1_INTERLEAVED,6,1,2,3303425.0,in0_block_w=6 and output subblock 1x2 look good 🤷 • Use HiFi2 or HiFi4 with BF16 activations for improved accuracy
25732,0.014564862651501217,,TilizeWithValPaddingDeviceOperation,1,3.681,0.525,88,,,,,BF16 => BF16,BFLOAT16,BFLOAT16,nan,False,DEV_0_DRAM_INTERLEAVED,,,,3310593.0,
25737,0.013408261575514193,,UntilizeWithUnpaddingDeviceOperation,1,2.386,1.486,1,,,,,BF16 => BF16,BFLOAT16,BFLOAT16,nan,False,DEV_0_DRAM_INTERLEAVED,,,,3315713.0,
25738,0.015454822162066078,,UnaryDeviceOperation,1,3.933,0.53,110,,,,,"BF16, BF16 => BF16",BFLOAT16,BFLOAT16,BFLOAT16,False,DEV_0_L1_INTERLEAVED,,,,3316737.0,
25740,0.014873058746599553,,TransposeDeviceOperation,1,3.748,0.547,110,,,,,BF16 => BF16,BFLOAT16,BFLOAT16,nan,False,DEV_0_L1_INTERLEAVED,,,,3318785.0,
25741,0.01567644632033904,,UnaryDeviceOperation,1,4.054,0.473,110,,,,,"BF16, BF16 => BF16",BFLOAT16,BFLOAT16,BFLOAT16,False,DEV_0_L1_INTERLEAVED,,,,3319809.0,
25742,0.2644772670015229,SLOW,SparseMatmulDeviceOperation active=8/128 x 32 x 2816 x 192,1,75.767,0.608,3.0,57.08786147003312,11.149972943365844,3.6536231340821197,22.02463791282142,LoFi BF16 x BFP8 => BF16,BFLOAT16,BFLOAT16,BFLOAT8_B,False,DEV_0_L1_INTERLEAVED,44,1,2,3320833.0,in0_block_w=44 and output subblock 1x2 look good 🤷 • Use HiFi2 or HiFi4 with BF16 activations for improved accuracy
25748,0.06755035086610418,SLOW,SparseMatmulDeviceOperation active=8/128 x 32 x 192 x 2816,1,19.06,0.447,44.0,226.93473242392443,44.32318992654774,14.523822875131165,5.969453188760639,LoFi BF16 x BFP8 => BF16,BFLOAT16,BFLOAT16,BFLOAT8_B,False,DEV_0_L1_INTERLEAVED,6,1,2,3326977.0,in0_block_w=6 and output subblock 1x2 look good 🤷 • Use HiFi2 or HiFi4 with BF16 activations for improved accuracy
25750,0.016369021814942042,,ReshapeViewDeviceOperation,1,4.137,0.59,4,,,,,BF16 => BF16,BFLOAT16,BFLOAT16,nan,False,DEV_0_DRAM_INTERLEAVED,,,,3329025.0,
25752,0.012068127993457379,,ReduceDeviceOperation,1,2.992,0.493,88,,,,,BF16 => BF16,BFLOAT16,BFLOAT16,nan,False,DEV_0_L1_INTERLEAVED,,,,3331073.0,
25754,0.008099670409382155,,SliceDeviceOperation,1,0.988,1.351,1,,,,,BF16 => BF16,BFLOAT16,BFLOAT16,nan,False,DEV_0_DRAM_INTERLEAVED,,,,3333121.0,
25759,0.007545610013699751,,CopyDeviceOperation,1,1.641,0.538,88,,,,,BF16 => BF16,BFLOAT16,BFLOAT16,nan,False,DEV_0_DRAM_INTERLEAVED,,,,3338241.0,
25763,0.014021190888237858,,TransposeDeviceOperation,1,3.499,0.55,110,,,,,BF16 => BF16,BFLOAT16,BFLOAT16,nan,False,DEV_0_L1_INTERLEAVED,,,,3342337.0,
25766,0.014866132991653524,,TransposeDeviceOperation,1,3.763,0.53,110,,,,,BF16 => BF16,BFLOAT16,BFLOAT16,nan,False,DEV_0_L1_INTERLEAVED,,,,3345409.0,
25768,0.010364392276733985,,BinaryNgDeviceOperation,1,2.519,0.474,110,,,,,"BF16, BF16 => BF16",BFLOAT16,BFLOAT16,BFLOAT16,False,DEV_0_L1_INTERLEAVED,,,,3347457.0,
25775,0.012462896025381092,,ReduceDeviceOperation,1,3.104,0.495,88,,,,,BF16 => BF16,BFLOAT16,BFLOAT16,nan,False,DEV_0_L1_INTERLEAVED,,,,3354625.0,
25778,0.014831504216923372,,TilizeWithValPaddingDeviceOperation,1,3.75,0.533,88,,,,,BF16 => BF16,BFLOAT16,BFLOAT16,nan,False,DEV_0_DRAM_INTERLEAVED,,,,3357697.0,
25783,0.013373632800784045,,UntilizeWithUnpaddingDeviceOperation,1,2.375,1.487,1,,,,,BF16 => BF16,BFLOAT16,BFLOAT16,nan,False,DEV_0_DRAM_INTERLEAVED,,,,3362817.0,
25786,0.014031579520656898,,TransposeDeviceOperation,1,3.513,0.539,110,,,,,BF16 => BF16,BFLOAT16,BFLOAT16,nan,False,DEV_0_L1_INTERLEAVED,,,,3365889.0,
25793,0.12654739437386126,,UnaryDeviceOperation,1,36.088,0.456,110,,,,,"BF16, BF16 => BF16",BFLOAT16,BFLOAT16,BFLOAT16,False,DEV_0_L1_INTERLEAVED,,,,3373057.0,
25800,0.007909212148366328,,SliceDeviceOperation,1,0.979,1.305,1,,,,,BF16 => BF16,BFLOAT16,BFLOAT16,nan,False,DEV_0_DRAM_INTERLEAVED,,,,3380225.0,
25803,0.008238185508302756,,SliceDeviceOperation,1,0.867,1.512,1,,,,,BF16 => BF16,BFLOAT16,BFLOAT16,nan,False,DEV_0_DRAM_INTERLEAVED,,,,3383297.0,
25807,0.014578714161393275,,TransposeDeviceOperation,1,3.739,0.471,109,,,,,BF16 => BF16,BFLOAT16,BFLOAT16,nan,False,DEV_0_L1_INTERLEAVED,,,,3389441.0,
25809,0.264501507143834,SLOW,SparseMatmulDeviceOperation active=8/128 x 32 x 2816 x 192,1,75.485,0.897,2.0,57.30113267536597,11.191627475657416,3.667272491223422,33.1603777056516,LoFi BF16 x BFP8 => BF16,BFLOAT16,BFLOAT16,BFLOAT8_B,False,DEV_0_L1_INTERLEAVED,44,1,2,3391489.0,in0_block_w=44 and output subblock 1x2 look good 🤷 • Use HiFi2 or HiFi4 with BF16 activations for improved accuracy
25810,0.014644508833380561,,TransposeDeviceOperation,1,3.769,0.46,109,,,,,BF16 => BF16,BFLOAT16,BFLOAT16,nan,False,DEV_0_L1_INTERLEAVED,,,,3392513.0,
25813,0.018997345816960453,,TransposeDeviceOperation,1,5.005,0.481,109,,,,,BF16 => BF16,BFLOAT16,BFLOAT16,nan,False,DEV_0_L1_INTERLEAVED,,,,3395585.0,
25826,0.015416730509862912,,UnaryDeviceOperation,1,3.993,0.459,109,,,,,"BF16, BF16 => BF16",BFLOAT16,BFLOAT16,BFLOAT16,False,DEV_0_L1_INTERLEAVED,,,,3414017.0,
25828,0.014675674730637694,,TransposeDeviceOperation,1,3.771,0.467,109,,,,,BF16 => BF16,BFLOAT16,BFLOAT16,nan,False,DEV_0_L1_INTERLEAVED,,,,3416065.0,
25830,0.01035400364431494,,BinaryNgDeviceOperation,1,2.516,0.474,109,,,,,"BF16, BF16 => BF16",BFLOAT16,BFLOAT16,BFLOAT16,False,DEV_0_L1_INTERLEAVED,,,,3418113.0,
25831,0.0190319745916906,,TransposeDeviceOperation,1,5.007,0.489,109,,,,,BF16 => BF16,BFLOAT16,BFLOAT16,nan,False,DEV_0_L1_INTERLEAVED,,,,3419137.0,
25835,0.01615778628908813,,ReshapeViewDeviceOperation,1,4.029,0.637,3,,,,,BF16 => BF16,BFLOAT16,BFLOAT16,nan,False,DEV_0_DRAM_INTERLEAVED,,,,3423233.0,
25837,0.01210275676818753,,ReduceDeviceOperation,1,3.012,0.483,87,,,,,BF16 => BF16,BFLOAT16,BFLOAT16,nan,False,DEV_0_L1_INTERLEAVED,,,,3425281.0,
25851,0.0636165220567591,SLOW,SparseMatmulDeviceOperation active=8/128 x 32 x 192 x 2816,1,17.907,0.464,43.0,241.54665773161335,47.17708158820573,15.458986094823254,6.501578857978394,LoFi BF16 x BFP8 => BF16,BFLOAT16,BFLOAT16,BFLOAT8_B,False,DEV_0_L1_INTERLEAVED,6,1,2,3444737.0,in0_block_w=6 and output subblock 1x2 look good 🤷 • Use HiFi2 or HiFi4 with BF16 activations for improved accuracy
25853,0.015073905640034423,,ReshapeViewDeviceOperation,1,3.716,0.637,3,,,,,BF16 => BF16,BFLOAT16,BFLOAT16,nan,False,DEV_0_DRAM_INTERLEAVED,,,,3446785.0,
25855,0.012185865827539888,,ReduceDeviceOperation,1,3.026,0.493,87,,,,,BF16 => BF16,BFLOAT16,BFLOAT16,nan,False,DEV_0_L1_INTERLEAVED,,,,3448833.0,
25858,0.05391007649989798,,CopyDeviceOperation,1,1.257,14.311,87,,,,,BF16 => BF16,BFLOAT16,BFLOAT16,nan,False,DEV_0_DRAM_INTERLEAVED,,,,3456001.0,
25862,0.015548319853837483,,UnaryDeviceOperation,1,4.041,0.449,109,,,,,"BF16, BF16 => BF16",BFLOAT16,BFLOAT16,BFLOAT16,False,DEV_0_L1_INTERLEAVED,,,,3461121.0,
25866,0.010495981620708554,,BinaryNgDeviceOperation,1,2.561,0.47,109,,,,,"BF16, BF16 => BF16",BFLOAT16,BFLOAT16,BFLOAT16,False,DEV_0_L1_INTERLEAVED,,,,3465217.0,
25870,0.12823381570321957,,TransposeDeviceOperation,1,36.405,0.626,109,,,,,BF16 => BF16,BFLOAT16,BFLOAT16,nan,False,DEV_0_L1_INTERLEAVED,,,,3469313.0,
25871,0.014592565671285333,,ReshapeViewDeviceOperation,1,3.59,0.624,3,,,,,BF16 => BF16,BFLOAT16,BFLOAT16,nan,False,DEV_0_DRAM_INTERLEAVED,,,,3470337.0,
25889,0.015645280423081904,,ReshapeViewDeviceOperation,1,3.851,0.667,3,,,,,BF16 => BF16,BFLOAT16,BFLOAT16,nan,False,DEV_0_DRAM_INTERLEAVED,,,,3493889.0,
25891,0.01215816280775577,,ReduceDeviceOperation,1,3.012,0.499,87,,,,,BF16 => BF16,BFLOAT16,BFLOAT16,nan,False,DEV_0_L1_INTERLEAVED,,,,3495937.0,
25896,0.26416560802895156,SLOW,SparseMatmulDeviceOperation active=8/128 x 32 x 2816 x 192,1,75.172,1.113,2.0,57.53972223700313,11.238226999414675,3.6825422231682006,33.298450368636075,LoFi BF16 x BFP8 => BF16,BFLOAT16,BFLOAT16,BFLOAT8_B,False,DEV_0_L1_INTERLEAVED,44,1,2,3506177.0,in0_block_w=44 and output subblock 1x2 look good 🤷 • Use HiFi2 or HiFi4 with BF16 activations for improved accuracy
25897,0.01471030350536785,,TransposeDeviceOperation,1,3.753,0.495,109,,,,,BF16 => BF16,BFLOAT16,BFLOAT16,nan,False,DEV_0_L1_INTERLEAVED,,,,3507201.0,
25898,0.01560026301593271,,UnaryDeviceOperation,1,4.05,0.455,109,,,,,"BF16, BF16 => BF16",BFLOAT16,BFLOAT16,BFLOAT16,False,DEV_0_L1_INTERLEAVED,,,,3508225.0,
25900,0.01471030350536785,,TransposeDeviceOperation,1,3.79,0.458,109,,,,,BF16 => BF16,BFLOAT16,BFLOAT16,nan,False,DEV_0_L1_INTERLEAVED,,,,3510273.0,
25905,0.0633117888391338,SLOW,SparseMatmulDeviceOperation active=8/128 x 32 x 192 x 2816,1,17.835,0.448,43.0,242.52178301093355,47.36753574432296,15.521394112699745,6.5278257701048,LoFi BF16 x BFP8 => BF16,BFLOAT16,BFLOAT16,BFLOAT8_B,False,DEV_0_L1_INTERLEAVED,6,1,2,3515393.0,in0_block_w=6 and output subblock 1x2 look good 🤷 • Use HiFi2 or HiFi4 with BF16 activations for improved accuracy
25907,0.015901533356085018,,ReshapeViewDeviceOperation,1,4.03,0.562,3,,,,,BF16 => BF16,BFLOAT16,BFLOAT16,nan,False,DEV_0_DRAM_INTERLEAVED,,,,3517441.0,
25918,0.014661823220745636,,TransposeDeviceOperation,1,3.771,0.463,109,,,,,BF16 => BF16,BFLOAT16,BFLOAT16,nan,False,DEV_0_L1_INTERLEAVED,,,,3533825.0,
25920,0.010392095296518104,,BinaryNgDeviceOperation,1,2.536,0.465,109,,,,,"BF16, BF16 => BF16",BFLOAT16,BFLOAT16,BFLOAT16,False,DEV_0_L1_INTERLEAVED,,,,3535873.0,
25922,0.12533538725830598,,UnaryDeviceOperation,1,35.741,0.453,109,,,,,"BF16, BF16 => BF16",BFLOAT16,BFLOAT16,BFLOAT16,False,DEV_0_L1_INTERLEAVED,,,,3537921.0,
25923,0.06339836077595916,SLOW,SparseMatmulDeviceOperation active=8/128 x 32 x 192 x 2816,1,17.849,0.459,43.0,242.33155919099107,47.33038265449044,15.509219788223428,6.52270561991255,LoFi BF16 x BFP8 => BF16,BFLOAT16,BFLOAT16,BFLOAT8_B,False,DEV_0_L1_INTERLEAVED,6,1,2,3538945.0,in0_block_w=6 and output subblock 1x2 look good 🤷 • Use HiFi2 or HiFi4 with BF16 activations for improved accuracy
25925,0.015839201561570745,,ReshapeViewDeviceOperation,1,3.947,0.627,3,,,,,BF16 => BF16,BFLOAT16,BFLOAT16,nan,False,DEV_0_DRAM_INTERLEAVED,,,,3540993.0,
25938,0.010665662616886291,,BinaryNgDeviceOperation,1,2.607,0.473,109,,,,,"BF16, BF16 => BF16",BFLOAT16,BFLOAT16,BFLOAT16,False,DEV_0_L1_INTERLEAVED,,,,3559425.0,
25951,0.015011573845520154,,TransposeDeviceOperation,1,3.729,0.606,109,,,,,BF16 => BF16,BFLOAT16,BFLOAT16,nan,False,DEV_0_L1_INTERLEAVED,,,,3577857.0,
25954,0.014630657323488503,,TransposeDeviceOperation,1,3.761,0.464,109,,,,,BF16 => BF16,BFLOAT16,BFLOAT16,nan,False,DEV_0_L1_INTERLEAVED,,,,3580929.0,
25955,0.007902286393420298,,UnaryDeviceOperation,1,1.821,0.461,109,,,,,BF16 => BF16,BFLOAT16,BFLOAT16,nan,False,DEV_0_L1_INTERLEAVED,,,,3581953.0,
25956,0.010350540766841923,,BinaryNgDeviceOperation,1,2.524,0.465,109,,,,,"BF16, BF16 => BF16",BFLOAT16,BFLOAT16,BFLOAT16,False,DEV_0_L1_INTERLEAVED,,,,3582977.0,
25957,0.018924625390027136,,TransposeDeviceOperation,1,4.977,0.488,109,,,,,BF16 => BF16,BFLOAT16,BFLOAT16,nan,False,DEV_0_L1_INTERLEAVED,,,,3584001.0,
25961,0.01613008326930401,,ReshapeViewDeviceOperation,1,4.059,0.599,3,,,,,BF16 => BF16,BFLOAT16,BFLOAT16,nan,False,DEV_0_DRAM_INTERLEAVED,,,,3588097.0,
25963,0.019167026813138192,,ReduceDeviceOperation,1,5.034,0.501,87,,,,,BF16 => BF16,BFLOAT16,BFLOAT16,nan,False,DEV_0_L1_INTERLEAVED,,,,3590145.0,
25966,0.05407283174112969,,CopyDeviceOperation,1,1.277,14.338,87,,,,,BF16 => BF16,BFLOAT16,BFLOAT16,nan,False,DEV_0_DRAM_INTERLEAVED,,,,3597313.0,
25967,0.025556035750850917,,UnaryDeviceOperation,1,3.341,4.039,109,,,,,"BF16, BF16 => BF16",BFLOAT16,BFLOAT16,BFLOAT16,False,DEV_0_L1_INTERLEAVED,,,,3599361.0,
25970,0.015416730509862912,,UnaryDeviceOperation,1,3.994,0.458,109,,,,,"BF16, BF16 => BF16",BFLOAT16,BFLOAT16,BFLOAT16,False,DEV_0_L1_INTERLEAVED,,,,3602433.0,
25973,0.0080408014923409,,UnaryDeviceOperation,1,1.87,0.452,109,,,,,BF16 => BF16,BFLOAT16,BFLOAT16,nan,False,DEV_0_L1_INTERLEAVED,,,,3605505.0,
25974,0.0104371127036673,,BinaryNgDeviceOperation,1,2.532,0.482,109,,,,,"BF16, BF16 => BF16",BFLOAT16,BFLOAT16,BFLOAT16,False,DEV_0_L1_INTERLEAVED,,,,3606529.0,
25977,0.06562499099110783,SLOW,SparseMatmulDeviceOperation active=8/128 x 32 x 192 x 2816,1,18.485,0.466,43.0,233.99383283743575,45.701920476061666,14.97560530159589,6.298283614272066,LoFi BF16 x BFP8 => BF16,BFLOAT16,BFLOAT16,BFLOAT8_B,False,DEV_0_L1_INTERLEAVED,6,1,2,3609601.0,in0_block_w=6 and output subblock 1x2 look good 🤷 • Use HiFi2 or HiFi4 with BF16 activations for improved accuracy
25981,0.012109682523133559,,ReduceDeviceOperation,1,3.019,0.478,87,,,,,BF16 => BF16,BFLOAT16,BFLOAT16,nan,False,DEV_0_L1_INTERLEAVED,,,,3613697.0,
25990,0.1308448253178729,,UntilizeWithUnpaddingDeviceOperation,1,1.253,36.532,87,,,,,BF16 => BF16,BFLOAT16,BFLOAT16,nan,False,DEV_0_L1_INTERLEAVED,,,,3622913.0,
25992,0.13749008718858874,,UntilizeWithUnpaddingDeviceOperation,1,1.266,38.438,87,,,,,BF16 => BF16,BFLOAT16,BFLOAT16,nan,False,DEV_0_L1_INTERLEAVED,,,,3624961.0,
25993,0.130408502756273,,UntilizeWithUnpaddingDeviceOperation,1,1.256,36.403,87,,,,,BF16 => BF16,BFLOAT16,BFLOAT16,nan,False,DEV_0_L1_INTERLEAVED,,,,3625985.0,
25995,0.13042581714363807,,UntilizeWithUnpaddingDeviceOperation,1,1.248,36.416,87,,,,,BF16 => BF16,BFLOAT16,BFLOAT16,nan,False,DEV_0_L1_INTERLEAVED,,,,3628033.0,
25997,0.13051238908046345,,UntilizeWithUnpaddingDeviceOperation,1,1.252,36.437,87,,,,,BF16 => BF16,BFLOAT16,BFLOAT16,nan,False,DEV_0_L1_INTERLEAVED,,,,3630081.0,
25998,0.1304742974282603,,UntilizeWithUnpaddingDeviceOperation,1,1.258,36.42,87,,,,,BF16 => BF16,BFLOAT16,BFLOAT16,nan,False,DEV_0_L1_INTERLEAVED,,,,3631105.0,
26000,0.13344198342263416,,UntilizeWithUnpaddingDeviceOperation,1,1.994,36.541,87,,,,,BF16 => BF16,BFLOAT16,BFLOAT16,nan,False,DEV_0_L1_INTERLEAVED,,,,3633153.0,
26005,0.1307998079107237,,UntilizeWithUnpaddingDeviceOperation,1,1.255,36.517,87,,,,,BF16 => BF16,BFLOAT16,BFLOAT16,nan,False,DEV_0_L1_INTERLEAVED,,,,3638273.0,
26006,0.13036348534912381,,UntilizeWithUnpaddingDeviceOperation,1,1.258,36.388,87,,,,,BF16 => BF16,BFLOAT16,BFLOAT16,nan,False,DEV_0_L1_INTERLEAVED,,,,3639297.0,
26008,0.1304846860606793,,UntilizeWithUnpaddingDeviceOperation,1,1.256,36.425,87,,,,,BF16 => BF16,BFLOAT16,BFLOAT16,nan,False,DEV_0_L1_INTERLEAVED,,,,3641345.0,
26011,0.13041889138869206,,UntilizeWithUnpaddingDeviceOperation,1,1.248,36.414,87,,,,,BF16 => BF16,BFLOAT16,BFLOAT16,nan,False,DEV_0_L1_INTERLEAVED,,,,3644417.0,
26012,0.130398114123854,,UntilizeWithUnpaddingDeviceOperation,1,1.252,36.404,87,,,,,BF16 => BF16,BFLOAT16,BFLOAT16,nan,False,DEV_0_L1_INTERLEAVED,,,,3645441.0,
26014,0.022841139812007135,,ConcatDeviceOperation,1,3.677,2.919,31,,,,,"BF16, BF16 => BF16",BFLOAT16,BFLOAT16,BFLOAT16,False,DEV_0_L1_INTERLEAVED,,,,3647489.0,
26023,0.08447689595420164,,BinaryNgDeviceOperation,1,23.896,0.499,109,,,,,BF16 => BF16,BFLOAT16,BFLOAT16,nan,False,DEV_0_DRAM_INTERLEAVED,,,,3659777.0,
26032,0.02116510711506786,,ReshapeViewDeviceOperation,0,5.584,0.528,110,,,,,BF16 => BF16,BFLOAT16,BFLOAT16,nan,False,DEV_0_DRAM_INTERLEAVED,,,,1937408.0,
26058,0.05141334184185414,SLOW,MatmulDeviceOperation 32 x 1024 x 2816,0,14.286,0.561,12,201.84684306313872,39.42321153576928,12.91819795604088,38.93650522051287,HiFi2 BF16 x BFP8 => BF16,BFLOAT16,BFLOAT16,BFLOAT8_B,True,DEV_0_L1_WIDTH_SHARDED,4,,,1964032.0,No output subblock size found • If your matmuls are not FLOP-bound use HiFi4 with BF16 activations for full accuracy
26060,0.07974487388732661,,ReduceScatterDeviceOperation,0,22.4875,0.541,12,,,,,BF16 => BF16,BFLOAT16,BFLOAT16,nan,False,DEV_0_DRAM_INTERLEAVED,,,,1966080.0,
26061,0.0507683809125051,,AllGatherDeviceOperation,0,14.14675,0.514,12,,,,,BF16 => BF16,BFLOAT16,BFLOAT16,nan,False,DEV_0_DRAM_INTERLEAVED,,,,1967104.0,
26063,0.009640650884873843,,BinaryNgDeviceOperation,0,2.254,0.53,110,,,,,"BF16, BF16 => BF16",BFLOAT16,BFLOAT16,BFLOAT16,False,DEV_0_DRAM_INTERLEAVED,,,,1969152.0,
26065,0.011250888909825832,,InterleavedToShardedDeviceOperation,0,2.633,0.616,2,,,,,BF16 => BF16,BFLOAT16,BFLOAT16,nan,False,DEV_0_DRAM_INTERLEAVED,,,,1971200.0,
26068,0.007871120496163161,,SliceDeviceOperation,0,1.67,0.603,17,,,,,BF16 => BF16,BFLOAT16,BFLOAT16,nan,False,DEV_0_DRAM_INTERLEAVED,,,,1974272.0,
26069,0.007618330440633067,,SliceDeviceOperation,0,1.553,0.647,17,,,,,BF16 => BF16,BFLOAT16,BFLOAT16,nan,False,DEV_0_DRAM_INTERLEAVED,,,,1975296.0,
26075,0.0808382774494311,,ReduceScatterDeviceOperation,0,22.80625,0.538,12,,,,,BF16 => BF16,BFLOAT16,BFLOAT16,nan,False,DEV_0_DRAM_INTERLEAVED,,,,1981440.0,
26076,0.050559742544755946,,AllGatherDeviceOperation,0,14.0745,0.526,12,,,,,BF16 => BF16,BFLOAT16,BFLOAT16,nan,False,DEV_0_DRAM_INTERLEAVED,,,,1982464.0,
26080,0.013809955362383938,,BinaryNgDeviceOperation,0,3.468,0.52,110,,,,,BF16 => BF16,BFLOAT16,BFLOAT16,nan,False,DEV_0_DRAM_INTERLEAVED,,,,1986560.0,
26082,0.1340445241029388,SLOW,MatmulDeviceOperation 32 x 2816 x 128,0,38.054,0.655,4.0,47.790613338939394,9.3341041677616,0.6062088610921322,10.962978535375655,HiFi4 FP32 x FP32 => FP32,FLOAT32,FLOAT32,FLOAT32,False,DEV_0_DRAM_INTERLEAVED,2,1,1,1988608.0,"If possible place input 0 in L1 (currently in DEV_0_DRAM_INTERLEAVED) • Output subblock 1x1 is small, try out_subblock_h * out_subblock_w >= 2 if possible • HiFi2 is sufficient for BFP8 multiplication and has 2x the throughput of HiFi4"
26085,0.008373237729750342,,SliceDeviceOperation,0,0.856,1.562,1,,,,,BF16 => BF16,BFLOAT16,BFLOAT16,nan,False,DEV_0_DRAM_INTERLEAVED,,,,1991680.0,
26096,0.15813576268270435,,LayerNormDeviceOperation,0,44.175,1.491,1,,,,,"BF16, BF16 => BF16",BFLOAT16,BFLOAT16,BFLOAT16,False,DEV_0_DRAM_INTERLEAVED,,,,2002944.0,
26102,0.26482355474882435,SLOW,SparseMatmulDeviceOperation active=8/128 x 32 x 2816 x 192,0,75.74,0.735,3.0,57.10821230525482,11.153947715870082,3.654925587536308,22.032489315298925,LoFi BF16 x BFP8 => BF16,BFLOAT16,BFLOAT16,BFLOAT8_B,False,DEV_0_L1_INTERLEAVED,44,1,2,2009088.0,in0_block_w=44 and output subblock 1x2 look good 🤷 • Use HiFi2 or HiFi4 with BF16 activations for improved accuracy
26103,0.014287832453660013,,TransposeDeviceOperation,0,3.588,0.538,110,,,,,BF16 => BF16,BFLOAT16,BFLOAT16,nan,False,DEV_0_L1_INTERLEAVED,,,,2010112.0,
26105,0.2677012059288999,SLOW,SparseMatmulDeviceOperation active=8/128 x 32 x 2816 x 192,0,76.596,0.71,3.0,56.469998433338546,11.029296569011434,3.614079899733667,21.786264827676906,LoFi BF16 x BFP8 => BF16,BFLOAT16,BFLOAT16,BFLOAT8_B,False,DEV_0_L1_INTERLEAVED,44,1,2,2012160.0,in0_block_w=44 and output subblock 1x2 look good 🤷 • Use HiFi2 or HiFi4 with BF16 activations for improved accuracy
26108,0.011029264751552869,,BinaryNgDeviceOperation,0,2.67,0.515,110,,,,,"BF16, BF16 => BF16",BFLOAT16,BFLOAT16,BFLOAT16,False,DEV_0_L1_INTERLEAVED,,,,2015232.0,
26112,0.1270218085876643,,TransposeDeviceOperation,0,36.157,0.524,110,,,,,BF16 => BF16,BFLOAT16,BFLOAT16,nan,False,DEV_0_L1_INTERLEAVED,,,,2019328.0,
26120,0.007839954598906029,,SliceDeviceOperation,0,0.779,1.485,1,,,,,BF16 => BF16,BFLOAT16,BFLOAT16,nan,False,DEV_0_DRAM_INTERLEAVED,,,,2027520.0,
26121,0.025001975355168512,,TilizeWithValPaddingDeviceOperation,0,5.718,1.502,1,,,,,BF16 => BF16,BFLOAT16,BFLOAT16,nan,False,DEV_0_DRAM_INTERLEAVED,,,,2028544.0,
26123,0.013193563172187263,,UntilizeWithUnpaddingDeviceOperation,0,2.321,1.489,1,,,,,BF16 => BF16,BFLOAT16,BFLOAT16,nan,False,DEV_0_DRAM_INTERLEAVED,,,,2030592.0,
26125,0.26436299204491337,SLOW,SparseMatmulDeviceOperation active=8/128 x 32 x 2816 x 192,0,75.702,0.64,3.0,57.136878814298164,11.15954664341761,3.6567602441150826,22.043548925269356,LoFi BF16 x BFP8 => BF16,BFLOAT16,BFLOAT16,BFLOAT8_B,False,DEV_0_L1_INTERLEAVED,44,1,2,2032640.0,in0_block_w=44 and output subblock 1x2 look good 🤷 • Use HiFi2 or HiFi4 with BF16 activations for improved accuracy
26133,0.12603488850785502,,UnaryDeviceOperation,0,35.939,0.457,110,,,,,"BF16, BF16 => BF16",BFLOAT16,BFLOAT16,BFLOAT16,False,DEV_0_L1_INTERLEAVED,,,,2040832.0,
26136,0.016760326969392742,,ReshapeViewDeviceOperation,0,4.25,0.59,4,,,,,BF16 => BF16,BFLOAT16,BFLOAT16,nan,False,DEV_0_DRAM_INTERLEAVED,,,,2043904.0,
26141,0.01500811096804714,,TilizeWithValPaddingDeviceOperation,0,3.793,0.541,88,,,,,BF16 => BF16,BFLOAT16,BFLOAT16,nan,False,DEV_0_DRAM_INTERLEAVED,,,,2049024.0,
26146,0.013567553939272886,,UntilizeWithUnpaddingDeviceOperation,0,2.426,1.492,1,,,,,BF16 => BF16,BFLOAT16,BFLOAT16,nan,False,DEV_0_DRAM_INTERLEAVED,,,,2054144.0,
26149,0.014183946129469563,,TransposeDeviceOperation,0,3.556,0.54,110,,,,,BF16 => BF16,BFLOAT16,BFLOAT16,nan,False,DEV_0_L1_INTERLEAVED,,,,2057216.0,
26155,0.01877918453616051,,TransposeDeviceOperation,0,4.922,0.501,110,,,,,BF16 => BF16,BFLOAT16,BFLOAT16,nan,False,DEV_0_L1_INTERLEAVED,,,,2063360.0,
26156,0.12641580502988667,,UnaryDeviceOperation,0,36.02,0.486,110,,,,,"BF16, BF16 => BF16",BFLOAT16,BFLOAT16,BFLOAT16,False,DEV_0_L1_INTERLEAVED,,,,2064384.0,
26157,0.06555573344164752,SLOW,SparseMatmulDeviceOperation active=8/128 x 32 x 192 x 2816,0,18.447,0.484,44.0,234.47584973166366,45.79606440071556,15.006454382826474,6.167820121308493,LoFi BF16 x BFP8 => BF16,BFLOAT16,BFLOAT16,BFLOAT8_B,False,DEV_0_L1_INTERLEAVED,6,1,2,2065408.0,in0_block_w=6 and output subblock 1x2 look good 🤷 • Use HiFi2 or HiFi4 with BF16 activations for improved accuracy
26160,0.018252827160262223,,BinaryNgDeviceOperation,0,4.814,0.457,110,,,,,"BF16, BF16 => BF16",BFLOAT16,BFLOAT16,BFLOAT16,False,DEV_0_L1_INTERLEAVED,,,,2068480.0,
26163,0.007864194741217133,,SliceDeviceOperation,0,1.013,1.258,1,,,,,BF16 => BF16,BFLOAT16,BFLOAT16,nan,False,DEV_0_DRAM_INTERLEAVED,,,,2071552.0,
26164,0.014779561054828146,,TilizeWithValPaddingDeviceOperation,0,3.735,0.533,88,,,,,BF16 => BF16,BFLOAT16,BFLOAT16,nan,False,DEV_0_DRAM_INTERLEAVED,,,,2072576.0,
26166,0.008092744654436124,,SliceDeviceOperation,0,0.836,1.501,1,,,,,BF16 => BF16,BFLOAT16,BFLOAT16,nan,False,DEV_0_DRAM_INTERLEAVED,,,,2074624.0,
26180,0.06559728797132372,SLOW,SparseMatmulDeviceOperation active=8/128 x 32 x 192 x 2816,0,18.484,0.459,44.0,234.00649210127676,45.704392988530614,14.976415494481714,6.155473803169107,LoFi BF16 x BFP8 => BF16,BFLOAT16,BFLOAT16,BFLOAT8_B,False,DEV_0_L1_INTERLEAVED,6,1,2,2088960.0,in0_block_w=6 and output subblock 1x2 look good 🤷 • Use HiFi2 or HiFi4 with BF16 activations for improved accuracy
26184,0.012487136167692198,,ReduceDeviceOperation,0,3.107,0.499,88,,,,,BF16 => BF16,BFLOAT16,BFLOAT16,nan,False,DEV_0_L1_INTERLEAVED,,,,2093056.0,
26190,0.024839220113936807,,TilizeWithValPaddingDeviceOperation,0,5.68,1.493,1,,,,,BF16 => BF16,BFLOAT16,BFLOAT16,nan,False,DEV_0_DRAM_INTERLEAVED,,,,2099200.0,
26196,0.015098145782345532,,UnaryDeviceOperation,0,3.807,0.553,110,,,,,"BF16, BF16 => BF16",BFLOAT16,BFLOAT16,BFLOAT16,False,DEV_0_L1_INTERLEAVED,,,,2105344.0,
26198,0.01472069213778689,,TransposeDeviceOperation,0,3.739,0.512,110,,,,,BF16 => BF16,BFLOAT16,BFLOAT16,nan,False,DEV_0_L1_INTERLEAVED,,,,2107392.0,
26199,0.007898823515947284,,UnaryDeviceOperation,0,1.82,0.461,110,,,,,BF16 => BF16,BFLOAT16,BFLOAT16,nan,False,DEV_0_L1_INTERLEAVED,,,,2108416.0,
26200,0.01031937486958479,,BinaryNgDeviceOperation,0,2.486,0.494,110,,,,,"BF16, BF16 => BF16",BFLOAT16,BFLOAT16,BFLOAT16,False,DEV_0_L1_INTERLEAVED,,,,2109440.0,
26201,0.01865798382460498,,TransposeDeviceOperation,0,4.904,0.484,110,,,,,BF16 => BF16,BFLOAT16,BFLOAT16,nan,False,DEV_0_L1_INTERLEAVED,,,,2110464.0,
26202,0.12632577021558827,,UnaryDeviceOperation,0,36.016,0.464,110,,,,,"BF16, BF16 => BF16",BFLOAT16,BFLOAT16,BFLOAT16,False,DEV_0_L1_INTERLEAVED,,,,2111488.0,
26205,0.01636555893746903,,ReshapeViewDeviceOperation,0,4.13,0.596,4,,,,,BF16 => BF16,BFLOAT16,BFLOAT16,nan,False,DEV_0_DRAM_INTERLEAVED,,,,2114560.0,
26207,0.0126256512666128,,ReduceDeviceOperation,0,3.146,0.5,88,,,,,BF16 => BF16,BFLOAT16,BFLOAT16,nan,False,DEV_0_L1_INTERLEAVED,,,,2116608.0,
26209,0.006364768795401625,,SliceDeviceOperation,0,1.039,0.799,1,,,,,BF16 => BF16,BFLOAT16,BFLOAT16,nan,False,DEV_0_DRAM_INTERLEAVED,,,,2118656.0,
26216,0.014970019315843974,,UnaryDeviceOperation,0,3.799,0.524,110,,,,,"BF16, BF16 => BF16",BFLOAT16,BFLOAT16,BFLOAT16,False,DEV_0_L1_INTERLEAVED,,,,2125824.0,
26221,0.0145613997740282,,TransposeDeviceOperation,0,3.669,0.536,110,,,,,BF16 => BF16,BFLOAT16,BFLOAT16,nan,False,DEV_0_L1_INTERLEAVED,,,,2130944.0,
26222,0.007968081065407584,,UnaryDeviceOperation,0,1.822,0.479,110,,,,,BF16 => BF16,BFLOAT16,BFLOAT16,nan,False,DEV_0_L1_INTERLEAVED,,,,2131968.0,
26223,0.010554850537749811,,BinaryNgDeviceOperation,0,2.561,0.487,110,,,,,"BF16, BF16 => BF16",BFLOAT16,BFLOAT16,BFLOAT16,False,DEV_0_L1_INTERLEAVED,,,,2132992.0,
26224,0.01869261259933513,,TransposeDeviceOperation,0,4.913,0.485,110,,,,,BF16 => BF16,BFLOAT16,BFLOAT16,nan,False,DEV_0_L1_INTERLEAVED,,,,2134016.0,
26225,0.125802875717163,,UnaryDeviceOperation,0,35.868,0.461,110,,,,,"BF16, BF16 => BF16",BFLOAT16,BFLOAT16,BFLOAT16,False,DEV_0_L1_INTERLEAVED,,,,2135040.0,
26230,0.012251660499527176,,ReduceDeviceOperation,0,3.024,0.514,88,,,,,BF16 => BF16,BFLOAT16,BFLOAT16,nan,False,DEV_0_L1_INTERLEAVED,,,,2140160.0,
26238,0.013993487868453735,,UntilizeWithUnpaddingDeviceOperation,0,2.54,1.501,1,,,,,BF16 => BF16,BFLOAT16,BFLOAT16,nan,False,DEV_0_DRAM_INTERLEAVED,,,,2148352.0,
26241,0.013979636358561675,,TransposeDeviceOperation,0,3.495,0.542,110,,,,,BF16 => BF16,BFLOAT16,BFLOAT16,nan,False,DEV_0_L1_INTERLEAVED,,,,2151424.0,
26254,0.039147829832434915,,UntilizeDeviceOperation,0,10.856,0.449,88,,,,,BF16 => BF16,BFLOAT16,BFLOAT16,nan,False,DEV_0_DRAM_INTERLEAVED,,,,2164736.0,
26257,0.01873416712901131,,UntilizeDeviceOperation,0,3.904,1.506,1,,,,,BF16 => BF16,BFLOAT16,BFLOAT16,nan,False,DEV_0_DRAM_INTERLEAVED,,,,2167808.0,
26264,0.014322461228390163,,TransposeDeviceOperation,0,3.597,0.539,110,,,,,BF16 => BF16,BFLOAT16,BFLOAT16,nan,False,DEV_0_L1_INTERLEAVED,,,,2174976.0,
26265,0.014976945070790004,,UnaryDeviceOperation,0,3.796,0.529,110,,,,,"BF16, BF16 => BF16",BFLOAT16,BFLOAT16,BFLOAT16,False,DEV_0_L1_INTERLEAVED,,,,2176000.0,
26269,0.010814566348225939,,BinaryNgDeviceOperation,0,2.563,0.56,110,,,,,"BF16, BF16 => BF16",BFLOAT16,BFLOAT16,BFLOAT16,False,DEV_0_L1_INTERLEAVED,,,,2180096.0,
26270,0.018678761089443073,,TransposeDeviceOperation,0,4.898,0.496,110,,,,,BF16 => BF16,BFLOAT16,BFLOAT16,nan,False,DEV_0_L1_INTERLEAVED,,,,2181120.0,
26276,0.012715686080911188,,ReduceDeviceOperation,0,3.172,0.5,88,,,,,BF16 => BF16,BFLOAT16,BFLOAT16,nan,False,DEV_0_L1_INTERLEAVED,,,,2187264.0,
26278,0.007673736480201307,,SliceDeviceOperation,0,1.086,1.13,1,,,,,BF16 => BF16,BFLOAT16,BFLOAT16,nan,False,DEV_0_DRAM_INTERLEAVED,,,,2189312.0,
26283,0.00764257058294417,,CopyDeviceOperation,0,1.667,0.54,88,,,,,BF16 => BF16,BFLOAT16,BFLOAT16,nan,False,DEV_0_DRAM_INTERLEAVED,,,,2194432.0,
26284,0.013200488927133294,,UntilizeWithUnpaddingDeviceOperation,0,2.32,1.492,1,,,,,BF16 => BF16,BFLOAT16,BFLOAT16,nan,False,DEV_0_DRAM_INTERLEAVED,,,,2195456.0,
26285,0.015236660881266134,,UnaryDeviceOperation,0,3.882,0.518,110,,,,,"BF16, BF16 => BF16",BFLOAT16,BFLOAT16,BFLOAT16,False,DEV_0_L1_INTERLEAVED,,,,2196480.0,
26286,0.2639993899102468,SLOW,SparseMatmulDeviceOperation active=8/128 x 32 x 2816 x 192,0,75.616,0.621,3.0,57.20186203977994,11.172238679644519,3.660919170545916,22.06861961411263,LoFi BF16 x BFP8 => BF16,BFLOAT16,BFLOAT16,BFLOAT8_B,False,DEV_0_L1_INTERLEAVED,44,1,2,2197504.0,in0_block_w=44 and output subblock 1x2 look good 🤷 • Use HiFi2 or HiFi4 with BF16 activations for improved accuracy
26290,0.014724155015259909,,TransposeDeviceOperation,0,3.712,0.54,110,,,,,BF16 => BF16,BFLOAT16,BFLOAT16,nan,False,DEV_0_L1_INTERLEAVED,,,,2201600.0,
26291,0.007975006820353613,,UnaryDeviceOperation,0,1.833,0.47,110,,,,,BF16 => BF16,BFLOAT16,BFLOAT16,nan,False,DEV_0_L1_INTERLEAVED,,,,2202624.0,
26293,0.018723778496592264,,TransposeDeviceOperation,0,4.92,0.487,110,,,,,BF16 => BF16,BFLOAT16,BFLOAT16,nan,False,DEV_0_L1_INTERLEAVED,,,,2204672.0,
26294,0.12691099650852783,,UnaryDeviceOperation,0,36.188,0.461,110,,,,,"BF16, BF16 => BF16",BFLOAT16,BFLOAT16,BFLOAT16,False,DEV_0_L1_INTERLEAVED,,,,2205696.0,
26296,0.12716378656405794,,TransposeDeviceOperation,0,36.241,0.481,110,,,,,BF16 => BF16,BFLOAT16,BFLOAT16,nan,False,DEV_0_L1_INTERLEAVED,,,,2207744.0,
26304,0.007916137903312359,,SliceDeviceOperation,0,0.789,1.497,1,,,,,BF16 => BF16,BFLOAT16,BFLOAT16,nan,False,DEV_0_DRAM_INTERLEAVED,,,,2215936.0,
26312,0.2643837693097515,SLOW,SparseMatmulDeviceOperation active=8/128 x 32 x 2816 x 192,0,75.305,1.043,3.0,57.438098399840655,11.218378593718878,3.676038297589802,22.15976018512371,LoFi BF16 x BFP8 => BF16,BFLOAT16,BFLOAT16,BFLOAT8_B,False,DEV_0_L1_INTERLEAVED,44,1,2,2224128.0,in0_block_w=44 and output subblock 1x2 look good 🤷 • Use HiFi2 or HiFi4 with BF16 activations for improved accuracy
26331,0.015347472960402614,,UnaryDeviceOperation,0,3.899,0.533,110,,,,,"BF16, BF16 => BF16",BFLOAT16,BFLOAT16,BFLOAT16,False,DEV_0_L1_INTERLEAVED,,,,2243584.0,
26332,0.263580381736012,SLOW,SparseMatmulDeviceOperation active=8/128 x 32 x 2816 x 192,0,75.481,0.635,3.0,57.304169261138554,11.192220558816125,3.6674668327128677,22.108089992723208,LoFi BF16 x BFP8 => BF16,BFLOAT16,BFLOAT16,BFLOAT8_B,False,DEV_0_L1_INTERLEAVED,44,1,2,2244608.0,in0_block_w=44 and output subblock 1x2 look good 🤷 • Use HiFi2 or HiFi4 with BF16 activations for improved accuracy
26333,0.014166631742104486,,TransposeDeviceOperation,0,3.559,0.532,110,,,,,BF16 => BF16,BFLOAT16,BFLOAT16,nan,False,DEV_0_L1_INTERLEAVED,,,,2245632.0,
26338,0.010838806490537043,,BinaryNgDeviceOperation,0,2.576,0.554,110,,,,,"BF16, BF16 => BF16",BFLOAT16,BFLOAT16,BFLOAT16,False,DEV_0_L1_INTERLEAVED,,,,2250752.0,
26349,0.01860950353998277,,UntilizeDeviceOperation,0,3.843,1.531,1,,,,,BF16 => BF16,BFLOAT16,BFLOAT16,nan,False,DEV_0_DRAM_INTERLEAVED,,,,2262016.0,
26351,0.025022752620006604,,TilizeWithValPaddingDeviceOperation,0,5.721,1.505,1,,,,,BF16 => BF16,BFLOAT16,BFLOAT16,nan,False,DEV_0_DRAM_INTERLEAVED,,,,2264064.0,
26352,0.007788011436810802,,CopyDeviceOperation,0,1.699,0.55,88,,,,,BF16 => BF16,BFLOAT16,BFLOAT16,nan,False,DEV_0_DRAM_INTERLEAVED,,,,2265088.0,
26356,0.014838429971869403,,TransposeDeviceOperation,0,3.738,0.547,110,,,,,BF16 => BF16,BFLOAT16,BFLOAT16,nan,False,DEV_0_L1_INTERLEAVED,,,,2269184.0,
26357,0.015728389482434265,,UnaryDeviceOperation,0,4.079,0.463,110,,,,,"BF16, BF16 => BF16",BFLOAT16,BFLOAT16,BFLOAT16,False,DEV_0_L1_INTERLEAVED,,,,2270208.0,
26359,0.014661823220745636,,TransposeDeviceOperation,0,3.756,0.478,110,,,,,BF16 => BF16,BFLOAT16,BFLOAT16,nan,False,DEV_0_L1_INTERLEAVED,,,,2272256.0,
26360,0.008020024227502809,,UnaryDeviceOperation,0,1.852,0.464,110,,,,,BF16 => BF16,BFLOAT16,BFLOAT16,nan,False,DEV_0_L1_INTERLEAVED,,,,2273280.0,
26362,0.018751481516376386,,TransposeDeviceOperation,0,4.936,0.479,110,,,,,BF16 => BF16,BFLOAT16,BFLOAT16,nan,False,DEV_0_L1_INTERLEAVED,,,,2275328.0,
26365,0.12763473790038796,,TransposeDeviceOperation,0,36.339,0.519,110,,,,,BF16 => BF16,BFLOAT16,BFLOAT16,nan,False,DEV_0_L1_INTERLEAVED,,,,2278400.0,
26372,0.01885883071803985,,UntilizeDeviceOperation,0,3.987,1.459,1,,,,,BF16 => BF16,BFLOAT16,BFLOAT16,nan,False,DEV_0_DRAM_INTERLEAVED,,,,2285568.0,
26373,0.008155076448950395,,SliceDeviceOperation,0,0.844,1.511,1,,,,,BF16 => BF16,BFLOAT16,BFLOAT16,nan,False,DEV_0_DRAM_INTERLEAVED,,,,2286592.0,
26377,0.020032746181391947,,UnaryDeviceOperation,0,5.256,0.529,110,,,,,"BF16, BF16 => BF16",BFLOAT16,BFLOAT16,BFLOAT16,False,DEV_0_L1_INTERLEAVED,,,,2290688.0,
26378,0.2646885025273768,SLOW,SparseMatmulDeviceOperation active=8/128 x 32 x 2816 x 192,0,75.81,0.626,3.0,57.055480807281356,11.14364859517214,3.651550771666007,22.012145373179536,LoFi BF16 x BFP8 => BF16,BFLOAT16,BFLOAT16,BFLOAT8_B,False,DEV_0_L1_INTERLEAVED,44,1,2,2291712.0,in0_block_w=44 and output subblock 1x2 look good 🤷 • Use HiFi2 or HiFi4 with BF16 activations for improved accuracy
26381,0.26372235971240565,SLOW,SparseMatmulDeviceOperation active=8/128 x 32 x 2816 x 192,0,75.403,0.754,3.0,57.36344707770247,11.203798257363763,3.671260612972958,22.130959520718545,LoFi BF16 x BFP8 => BF16,BFLOAT16,BFLOAT16,BFLOAT8_B,False,DEV_0_L1_INTERLEAVED,44,1,2,2294784.0,in0_block_w=44 and output subblock 1x2 look good 🤷 • Use HiFi2 or HiFi4 with BF16 activations for improved accuracy
26385,0.019004271571906484,,TransposeDeviceOperation,0,4.928,0.56,110,,,,,BF16 => BF16,BFLOAT16,BFLOAT16,nan,False,DEV_0_L1_INTERLEAVED,,,,2298880.0,
26387,0.06694434730832655,SLOW,SparseMatmulDeviceOperation active=8/128 x 32 x 192 x 2816,0,18.839,0.493,44.0,229.59690004777323,44.84314454058071,14.694201603057486,6.039480746206156,LoFi BF16 x BFP8 => BF16,BFLOAT16,BFLOAT16,BFLOAT8_B,False,DEV_0_L1_INTERLEAVED,6,1,2,2300928.0,in0_block_w=6 and output subblock 1x2 look good 🤷 • Use HiFi2 or HiFi4 with BF16 activations for improved accuracy
26390,0.019246672995017533,,BinaryNgDeviceOperation,0,5.084,0.474,110,,,,,"BF16, BF16 => BF16",BFLOAT16,BFLOAT16,BFLOAT16,False,DEV_0_L1_INTERLEAVED,,,,2304000.0,
26391,0.012203180214904966,,ReduceDeviceOperation,0,3.042,0.482,88,,,,,BF16 => BF16,BFLOAT16,BFLOAT16,nan,False,DEV_0_L1_INTERLEAVED,,,,2305024.0,
26392,0.03888465114448578,,UntilizeDeviceOperation,0,10.788,0.441,88,,,,,BF16 => BF16,BFLOAT16,BFLOAT16,nan,False,DEV_0_DRAM_INTERLEAVED,,,,2306048.0,
26393,0.007247802551020458,,SliceDeviceOperation,0,0.973,1.12,1,,,,,BF16 => BF16,BFLOAT16,BFLOAT16,nan,False,DEV_0_DRAM_INTERLEAVED,,,,2307072.0,
26398,0.007559461523591809,,CopyDeviceOperation,0,1.644,0.539,88,,,,,BF16 => BF16,BFLOAT16,BFLOAT16,nan,False,DEV_0_DRAM_INTERLEAVED,,,,2312192.0,
26406,0.008030412859921853,,UnaryDeviceOperation,0,1.846,0.473,110,,,,,BF16 => BF16,BFLOAT16,BFLOAT16,nan,False,DEV_0_L1_INTERLEAVED,,,,2320384.0,
26408,0.01858180052019865,,TransposeDeviceOperation,0,4.893,0.473,110,,,,,BF16 => BF16,BFLOAT16,BFLOAT16,nan,False,DEV_0_L1_INTERLEAVED,,,,2322432.0,
26411,0.12767629243006412,,TransposeDeviceOperation,0,36.354,0.516,110,,,,,BF16 => BF16,BFLOAT16,BFLOAT16,nan,False,DEV_0_L1_INTERLEAVED,,,,2325504.0,
26413,0.019288227524693717,,BinaryNgDeviceOperation,0,5.058,0.512,110,,,,,"BF16, BF16 => BF16",BFLOAT16,BFLOAT16,BFLOAT16,False,DEV_0_L1_INTERLEAVED,,,,2327552.0,
26415,0.03904740638571747,,UntilizeDeviceOperation,0,10.822,0.454,88,,,,,BF16 => BF16,BFLOAT16,BFLOAT16,nan,False,DEV_0_DRAM_INTERLEAVED,,,,2329600.0,
26416,0.008272814283032906,,SliceDeviceOperation,0,1.052,1.337,1,,,,,BF16 => BF16,BFLOAT16,BFLOAT16,nan,False,DEV_0_DRAM_INTERLEAVED,,,,2330624.0,
26419,0.008030412859921853,,SliceDeviceOperation,0,0.813,1.506,1,,,,,BF16 => BF16,BFLOAT16,BFLOAT16,nan,False,DEV_0_DRAM_INTERLEAVED,,,,2333696.0,
26420,0.024943106438127256,,TilizeWithValPaddingDeviceOperation,0,5.696,1.507,1,,,,,BF16 => BF16,BFLOAT16,BFLOAT16,nan,False,DEV_0_DRAM_INTERLEAVED,,,,2334720.0,
26426,0.015312844185672464,,UnaryDeviceOperation,0,3.861,0.561,110,,,,,"BF16, BF16 => BF16",BFLOAT16,BFLOAT16,BFLOAT16,False,DEV_0_L1_INTERLEAVED,,,,2340864.0,
26427,0.2647023540372688,SLOW,SparseMatmulDeviceOperation active=8/128 x 32 x 2816 x 192,0,75.447,0.993,3.0,57.32999324028787,11.197264304743724,3.669119567378424,22.118052947641925,LoFi BF16 x BFP8 => BF16,BFLOAT16,BFLOAT16,BFLOAT8_B,False,DEV_0_L1_INTERLEAVED,44,1,2,2341888.0,in0_block_w=44 and output subblock 1x2 look good 🤷 • Use HiFi2 or HiFi4 with BF16 activations for improved accuracy
26428,0.014544085386663125,,TransposeDeviceOperation,0,3.737,0.463,110,,,,,BF16 => BF16,BFLOAT16,BFLOAT16,nan,False,DEV_0_L1_INTERLEAVED,,,,2342912.0,
26429,0.007988858330245673,,UnaryDeviceOperation,0,1.846,0.461,110,,,,,BF16 => BF16,BFLOAT16,BFLOAT16,nan,False,DEV_0_L1_INTERLEAVED,,,,2343936.0,
26431,0.018703001231754175,,TransposeDeviceOperation,0,4.909,0.492,110,,,,,BF16 => BF16,BFLOAT16,BFLOAT16,nan,False,DEV_0_L1_INTERLEAVED,,,,2345984.0,
26445,0.013813418239856955,,UntilizeWithUnpaddingDeviceOperation,0,2.486,1.503,1,,,,,BF16 => BF16,BFLOAT16,BFLOAT16,nan,False,DEV_0_DRAM_INTERLEAVED,,,,2360320.0,
26454,0.018945402654865228,,TransposeDeviceOperation,0,4.937,0.534,110,,,,,BF16 => BF16,BFLOAT16,BFLOAT16,nan,False,DEV_0_L1_INTERLEAVED,,,,2369536.0,
26457,0.1267897957969723,,TransposeDeviceOperation,0,36.06,0.554,110,,,,,BF16 => BF16,BFLOAT16,BFLOAT16,nan,False,DEV_0_L1_INTERLEAVED,,,,2372608.0,
26459,0.018436359666332017,,BinaryNgDeviceOperation,0,4.874,0.45,110,,,,,"BF16, BF16 => BF16",BFLOAT16,BFLOAT16,BFLOAT16,False,DEV_0_L1_INTERLEAVED,,,,2374656.0,
26461,0.03879807920766039,,UntilizeDeviceOperation,0,10.748,0.456,88,,,,,BF16 => BF16,BFLOAT16,BFLOAT16,nan,False,DEV_0_DRAM_INTERLEAVED,,,,2376704.0,
26469,0.015375175980186732,,UnaryDeviceOperation,0,3.91,0.53,110,,,,,"BF16, BF16 => BF16",BFLOAT16,BFLOAT16,BFLOAT16,False,DEV_0_L1_INTERLEAVED,,,,2384896.0,
26471,0.01393461895141248,,TransposeDeviceOperation,0,3.481,0.543,110,,,,,BF16 => BF16,BFLOAT16,BFLOAT16,nan,False,DEV_0_L1_INTERLEAVED,,,,2386944.0,
26473,0.2665238275880748,SLOW,SparseMatmulDeviceOperation active=8/128 x 32 x 2816 x 192,0,76.17,0.796,3.0,56.785821189444654,11.090980701063408,3.634292556124458,21.90811002679192,LoFi BF16 x BFP8 => BF16,BFLOAT16,BFLOAT16,BFLOAT8_B,False,DEV_0_L1_INTERLEAVED,44,1,2,2388992.0,in0_block_w=44 and output subblock 1x2 look good 🤷 • Use HiFi2 or HiFi4 with BF16 activations for improved accuracy
26474,0.01383073262722203,,TransposeDeviceOperation,0,3.459,0.535,110,,,,,BF16 => BF16,BFLOAT16,BFLOAT16,nan,False,DEV_0_L1_INTERLEAVED,,,,2390016.0,
26477,0.018879607982877942,,TransposeDeviceOperation,0,4.936,0.516,110,,,,,BF16 => BF16,BFLOAT16,BFLOAT16,nan,False,DEV_0_L1_INTERLEAVED,,,,2393088.0,
26481,0.01564181754560889,,ReshapeViewDeviceOperation,0,3.935,0.582,4,,,,,BF16 => BF16,BFLOAT16,BFLOAT16,nan,False,DEV_0_DRAM_INTERLEAVED,,,,2397184.0,
26483,0.012300140784149387,,ReduceDeviceOperation,0,3.04,0.512,88,,,,,BF16 => BF16,BFLOAT16,BFLOAT16,nan,False,DEV_0_L1_INTERLEAVED,,,,2399232.0,
26485,0.007434797934563269,,SliceDeviceOperation,0,0.916,1.231,1,,,,,BF16 => BF16,BFLOAT16,BFLOAT16,nan,False,DEV_0_DRAM_INTERLEAVED,,,,2401280.0,
26486,0.01469298911800277,,TilizeWithValPaddingDeviceOperation,0,3.693,0.55,88,,,,,BF16 => BF16,BFLOAT16,BFLOAT16,nan,False,DEV_0_DRAM_INTERLEAVED,,,,2402304.0,
26488,0.007895360638474269,,SliceDeviceOperation,0,0.764,1.516,1,,,,,BF16 => BF16,BFLOAT16,BFLOAT16,nan,False,DEV_0_DRAM_INTERLEAVED,,,,2404352.0,
26489,0.02488077464361299,,TilizeWithValPaddingDeviceOperation,0,5.696,1.489,1,,,,,BF16 => BF16,BFLOAT16,BFLOAT16,nan,False,DEV_0_DRAM_INTERLEAVED,,,,2405376.0,
26490,0.007576775910956886,,CopyDeviceOperation,0,1.655,0.533,88,,,,,BF16 => BF16,BFLOAT16,BFLOAT16,nan,False,DEV_0_DRAM_INTERLEAVED,,,,2406400.0,
26497,0.013712994793139519,,TransposeDeviceOperation,0,3.431,0.529,110,,,,,BF16 => BF16,BFLOAT16,BFLOAT16,nan,False,DEV_0_L1_INTERLEAVED,,,,2413568.0,
26499,0.010824954980644983,,BinaryNgDeviceOperation,0,2.625,0.501,110,,,,,"BF16, BF16 => BF16",BFLOAT16,BFLOAT16,BFLOAT16,False,DEV_0_L1_INTERLEAVED,,,,2415616.0,
26506,0.015970790905545318,,ReduceDeviceOperation,0,4.055,0.557,88,,,,,BF16 => BF16,BFLOAT16,BFLOAT16,nan,False,DEV_0_L1_INTERLEAVED,,,,2422784.0,
26509,0.01490422464385669,,TilizeWithValPaddingDeviceOperation,0,3.77,0.534,88,,,,,BF16 => BF16,BFLOAT16,BFLOAT16,nan,False,DEV_0_DRAM_INTERLEAVED,,,,2425856.0,
26515,0.015226272248847086,,UnaryDeviceOperation,0,3.875,0.522,110,,,,,"BF16, BF16 => BF16",BFLOAT16,BFLOAT16,BFLOAT16,False,DEV_0_L1_INTERLEAVED,,,,2432000.0,
26522,0.01097385871198463,,BinaryNgDeviceOperation,0,2.607,0.562,110,,,,,"BF16, BF16 => BF16",BFLOAT16,BFLOAT16,BFLOAT16,False,DEV_0_L1_INTERLEAVED,,,,2439168.0,
26523,0.018751481516376383,,TransposeDeviceOperation,0,4.911,0.504,110,,,,,BF16 => BF16,BFLOAT16,BFLOAT16,nan,False,DEV_0_L1_INTERLEAVED,,,,2440192.0,
26533,0.018592189152617695,,UntilizeDeviceOperation,0,3.884,1.485,1,,,,,BF16 => BF16,BFLOAT16,BFLOAT16,nan,False,DEV_0_DRAM_INTERLEAVED,,,,2450432.0,
26542,0.2653949295318719,SLOW,SparseMatmulDeviceOperation active=8/128 x 32 x 2816 x 192,0,75.584,1.056,3.0,57.226079593564776,11.17696867061812,3.6624690939881455,22.07796280615925,LoFi BF16 x BFP8 => BF16,BFLOAT16,BFLOAT16,BFLOAT8_B,False,DEV_0_L1_INTERLEAVED,44,1,2,2459648.0,in0_block_w=44 and output subblock 1x2 look good 🤷 • Use HiFi2 or HiFi4 with BF16 activations for improved accuracy
26547,0.12587559614409632,,UnaryDeviceOperation,0,35.887,0.463,110,,,,,"BF16, BF16 => BF16",BFLOAT16,BFLOAT16,BFLOAT16,False,DEV_0_L1_INTERLEAVED,,,,2464768.0,
26550,0.016649514890256262,,ReshapeViewDeviceOperation,0,4.256,0.552,4,,,,,BF16 => BF16,BFLOAT16,BFLOAT16,nan,False,DEV_0_DRAM_INTERLEAVED,,,,2467840.0,
26552,0.012850738302358774,,ReduceDeviceOperation,0,3.179,0.532,88,,,,,BF16 => BF16,BFLOAT16,BFLOAT16,nan,False,DEV_0_L1_INTERLEAVED,,,,2469888.0,
26559,0.0077568455395536666,,CopyDeviceOperation,0,1.707,0.533,88,,,,,BF16 => BF16,BFLOAT16,BFLOAT16,nan,False,DEV_0_DRAM_INTERLEAVED,,,,2477056.0,
26561,0.015236660881266134,,UnaryDeviceOperation,0,3.88,0.52,110,,,,,"BF16, BF16 => BF16",BFLOAT16,BFLOAT16,BFLOAT16,False,DEV_0_L1_INTERLEAVED,,,,2479104.0,
26562,0.2651386765988688,SLOW,SparseMatmulDeviceOperation active=8/128 x 32 x 2816 x 192,0,75.933,0.633,3.0,56.96305953933072,11.125597566275532,3.6456358105171662,21.97648901980352,LoFi BF16 x BFP8 => BF16,BFLOAT16,BFLOAT16,BFLOAT8_B,False,DEV_0_L1_INTERLEAVED,44,1,2,2480128.0,in0_block_w=44 and output subblock 1x2 look good 🤷 • Use HiFi2 or HiFi4 with BF16 activations for improved accuracy
26570,0.12629114144085812,,UnaryDeviceOperation,0,35.96,0.51,110,,,,,"BF16, BF16 => BF16",BFLOAT16,BFLOAT16,BFLOAT16,False,DEV_0_L1_INTERLEAVED,,,,2488320.0,
26575,0.014000413623399766,,ReduceDeviceOperation,0,3.481,0.562,88,,,,,BF16 => BF16,BFLOAT16,BFLOAT16,nan,False,DEV_0_L1_INTERLEAVED,,,,2493440.0,
26577,0.0065621528113634815,,SliceDeviceOperation,0,1.022,0.873,1,,,,,BF16 => BF16,BFLOAT16,BFLOAT16,nan,False,DEV_0_DRAM_INTERLEAVED,,,,2495488.0,
26579,0.01885536784056684,,UntilizeDeviceOperation,0,3.967,1.478,1,,,,,BF16 => BF16,BFLOAT16,BFLOAT16,nan,False,DEV_0_DRAM_INTERLEAVED,,,,2497536.0,
26584,0.015434044897227986,,UnaryDeviceOperation,0,3.914,0.543,110,,,,,"BF16, BF16 => BF16",BFLOAT16,BFLOAT16,BFLOAT16,False,DEV_0_L1_INTERLEAVED,,,,2502656.0,
26586,0.013854972769533134,,TransposeDeviceOperation,0,3.464,0.537,110,,,,,BF16 => BF16,BFLOAT16,BFLOAT16,nan,False,DEV_0_L1_INTERLEAVED,,,,2504704.0,
26589,0.014848818604288447,,TransposeDeviceOperation,0,3.757,0.531,110,,,,,BF16 => BF16,BFLOAT16,BFLOAT16,nan,False,DEV_0_L1_INTERLEAVED,,,,2507776.0,
26590,0.007999246962664719,,UnaryDeviceOperation,0,1.839,0.471,110,,,,,BF16 => BF16,BFLOAT16,BFLOAT16,nan,False,DEV_0_L1_INTERLEAVED,,,,2508800.0,
26592,0.018889996615296986,,TransposeDeviceOperation,0,4.961,0.494,110,,,,,BF16 => BF16,BFLOAT16,BFLOAT16,nan,False,DEV_0_L1_INTERLEAVED,,,,2510848.0,
26593,0.12596563095839472,,UnaryDeviceOperation,0,35.915,0.461,110,,,,,"BF16, BF16 => BF16",BFLOAT16,BFLOAT16,BFLOAT16,False,DEV_0_L1_INTERLEAVED,,,,2511872.0,
26600,0.0076217933181060805,,SliceDeviceOperation,0,0.98,1.221,1,,,,,BF16 => BF16,BFLOAT16,BFLOAT16,nan,False,DEV_0_DRAM_INTERLEAVED,,,,2519040.0,
26601,0.01471030350536785,,TilizeWithValPaddingDeviceOperation,0,3.713,0.535,88,,,,,BF16 => BF16,BFLOAT16,BFLOAT16,nan,False,DEV_0_DRAM_INTERLEAVED,,,,2520064.0,
26605,0.007767234171972711,,CopyDeviceOperation,0,1.708,0.535,88,,,,,BF16 => BF16,BFLOAT16,BFLOAT16,nan,False,DEV_0_DRAM_INTERLEAVED,,,,2524160.0,
26609,0.01980073339069994,,TransposeDeviceOperation,0,5.178,0.54,110,,,,,BF16 => BF16,BFLOAT16,BFLOAT16,nan,False,DEV_0_L1_INTERLEAVED,,,,2528256.0,
26616,0.12684173895906753,,UnaryDeviceOperation,0,36.113,0.516,110,,,,,"BF16, BF16 => BF16",BFLOAT16,BFLOAT16,BFLOAT16,False,DEV_0_L1_INTERLEAVED,,,,2535424.0,
26624,0.014963093560897941,,TilizeWithValPaddingDeviceOperation,0,3.775,0.546,88,,,,,BF16 => BF16,BFLOAT16,BFLOAT16,nan,False,DEV_0_DRAM_INTERLEAVED,,,,2543616.0,
26628,0.007687587990093365,,CopyDeviceOperation,0,1.68,0.54,88,,,,,BF16 => BF16,BFLOAT16,BFLOAT16,nan,False,DEV_0_DRAM_INTERLEAVED,,,,2547712.0,
26634,0.2646885025273768,SLOW,SparseMatmulDeviceOperation active=8/128 x 32 x 2816 x 192,0,75.28,1.156,3.0,57.457173219978735,11.222104144527096,3.677259086078639,22.167119297831302,LoFi BF16 x BFP8 => BF16,BFLOAT16,BFLOAT16,BFLOAT8_B,False,DEV_0_L1_INTERLEAVED,44,1,2,2553856.0,in0_block_w=44 and output subblock 1x2 look good 🤷 • Use HiFi2 or HiFi4 with BF16 activations for improved accuracy
26637,0.010942692814727494,,BinaryNgDeviceOperation,0,2.614,0.546,110,,,,,"BF16, BF16 => BF16",BFLOAT16,BFLOAT16,BFLOAT16,False,DEV_0_L1_INTERLEAVED,,,,2556928.0,
26638,0.018851904963093823,,TransposeDeviceOperation,0,4.947,0.497,110,,,,,BF16 => BF16,BFLOAT16,BFLOAT16,nan,False,DEV_0_L1_INTERLEAVED,,,,2557952.0,
26639,0.12638117625515655,,UnaryDeviceOperation,0,35.993,0.503,110,,,,,"BF16, BF16 => BF16",BFLOAT16,BFLOAT16,BFLOAT16,False,DEV_0_L1_INTERLEAVED,,,,2558976.0,
26644,0.012653354286396919,,ReduceDeviceOperation,0,3.144,0.51,88,,,,,BF16 => BF16,BFLOAT16,BFLOAT16,nan,False,DEV_0_L1_INTERLEAVED,,,,2564096.0,
26645,0.03818514989493673,,UntilizeDeviceOperation,0,10.521,0.506,88,,,,,BF16 => BF16,BFLOAT16,BFLOAT16,nan,False,DEV_0_DRAM_INTERLEAVED,,,,2565120.0,
26646,0.006451340732227,,SliceDeviceOperation,0,0.973,0.89,1,,,,,BF16 => BF16,BFLOAT16,BFLOAT16,nan,False,DEV_0_DRAM_INTERLEAVED,,,,2566144.0,
26647,0.014495605102040916,,TilizeWithValPaddingDeviceOperation,0,3.646,0.54,88,,,,,BF16 => BF16,BFLOAT16,BFLOAT16,nan,False,DEV_0_DRAM_INTERLEAVED,,,,2567168.0,
26650,0.025001975355168515,,TilizeWithValPaddingDeviceOperation,0,5.743,1.477,1,,,,,BF16 => BF16,BFLOAT16,BFLOAT16,nan,False,DEV_0_DRAM_INTERLEAVED,,,,2570240.0,
26651,0.007704902377458442,,CopyDeviceOperation,0,1.673,0.552,88,,,,,BF16 => BF16,BFLOAT16,BFLOAT16,nan,False,DEV_0_DRAM_INTERLEAVED,,,,2571264.0,
26653,0.015309381308199447,,UnaryDeviceOperation,0,3.89,0.531,110,,,,,"BF16, BF16 => BF16",BFLOAT16,BFLOAT16,BFLOAT16,False,DEV_0_L1_INTERLEAVED,,,,2573312.0,
26657,0.26414483076411344,SLOW,SparseMatmulDeviceOperation active=8/128 x 32 x 2816 x 192,0,75.345,0.934,3.0,57.407605016922155,11.212422854867608,3.674086721083018,22.14799576270145,LoFi BF16 x BFP8 => BF16,BFLOAT16,BFLOAT16,BFLOAT8_B,False,DEV_0_L1_INTERLEAVED,44,1,2,2577408.0,in0_block_w=44 and output subblock 1x2 look good 🤷 • Use HiFi2 or HiFi4 with BF16 activations for improved accuracy
26661,0.018647595192185933,,TransposeDeviceOperation,0,4.896,0.489,110,,,,,BF16 => BF16,BFLOAT16,BFLOAT16,nan,False,DEV_0_L1_INTERLEAVED,,,,2581504.0,
26662,0.1263049929507502,,UnaryDeviceOperation,0,35.993,0.481,110,,,,,"BF16, BF16 => BF16",BFLOAT16,BFLOAT16,BFLOAT16,False,DEV_0_L1_INTERLEAVED,,,,2582528.0,
26665,0.015115460169710606,,ReshapeViewDeviceOperation,0,3.787,0.578,4,,,,,BF16 => BF16,BFLOAT16,BFLOAT16,nan,False,DEV_0_DRAM_INTERLEAVED,,,,2585600.0,
26669,0.007673736480201307,,SliceDeviceOperation,0,0.887,1.329,1,,,,,BF16 => BF16,BFLOAT16,BFLOAT16,nan,False,DEV_0_DRAM_INTERLEAVED,,,,2589696.0,
26674,0.007656422092836231,,CopyDeviceOperation,0,1.676,0.535,88,,,,,BF16 => BF16,BFLOAT16,BFLOAT16,nan,False,DEV_0_DRAM_INTERLEAVED,,,,2594816.0,
26678,0.014609880058650413,,TransposeDeviceOperation,0,3.685,0.534,110,,,,,BF16 => BF16,BFLOAT16,BFLOAT16,nan,False,DEV_0_L1_INTERLEAVED,,,,2598912.0,
26680,0.262662719205663,SLOW,SparseMatmulDeviceOperation active=8/128 x 32 x 2816 x 192,0,74.885,0.966,3.0,57.7602457100888,11.28129799025172,3.6966557254456838,22.284045412842904,LoFi BF16 x BFP8 => BF16,BFLOAT16,BFLOAT16,BFLOAT8_B,False,DEV_0_L1_INTERLEAVED,44,1,2,2600960.0,in0_block_w=44 and output subblock 1x2 look good 🤷 • Use HiFi2 or HiFi4 with BF16 activations for improved accuracy
26682,0.007777622804391757,,UnaryDeviceOperation,0,1.793,0.453,110,,,,,BF16 => BF16,BFLOAT16,BFLOAT16,nan,False,DEV_0_L1_INTERLEAVED,,,,2603008.0,
26683,0.010669125494359307,,BinaryNgDeviceOperation,0,2.604,0.477,110,,,,,"BF16, BF16 => BF16",BFLOAT16,BFLOAT16,BFLOAT16,False,DEV_0_L1_INTERLEAVED,,,,2604032.0,
26687,0.127413113742115,,TransposeDeviceOperation,0,36.295,0.499,110,,,,,BF16 => BF16,BFLOAT16,BFLOAT16,nan,False,DEV_0_L1_INTERLEAVED,,,,2608128.0,
26689,0.018935014022446184,,BinaryNgDeviceOperation,0,5.004,0.464,110,,,,,"BF16, BF16 => BF16",BFLOAT16,BFLOAT16,BFLOAT16,False,DEV_0_L1_INTERLEAVED,,,,2610176.0,
26690,0.011901909874752656,,ReduceDeviceOperation,0,2.977,0.46,88,,,,,BF16 => BF16,BFLOAT16,BFLOAT16,nan,False,DEV_0_L1_INTERLEAVED,,,,2611200.0,
26692,0.00784341747637904,,SliceDeviceOperation,0,0.956,1.309,1,,,,,BF16 => BF16,BFLOAT16,BFLOAT16,nan,False,DEV_0_DRAM_INTERLEAVED,,,,2613248.0,
26696,0.024950032193073287,,TilizeWithValPaddingDeviceOperation,0,5.744,1.461,1,,,,,BF16 => BF16,BFLOAT16,BFLOAT16,nan,False,DEV_0_DRAM_INTERLEAVED,,,,2617344.0,
26697,0.0076217933181060805,,CopyDeviceOperation,0,1.667,0.534,88,,,,,BF16 => BF16,BFLOAT16,BFLOAT16,nan,False,DEV_0_DRAM_INTERLEAVED,,,,2618368.0,
26701,0.013920767441520421,,TransposeDeviceOperation,0,3.49,0.53,110,,,,,BF16 => BF16,BFLOAT16,BFLOAT16,nan,False,DEV_0_L1_INTERLEAVED,,,,2622464.0,
26702,0.015686834952758084,,UnaryDeviceOperation,0,3.97,0.56,110,,,,,"BF16, BF16 => BF16",BFLOAT16,BFLOAT16,BFLOAT16,False,DEV_0_L1_INTERLEAVED,,,,2623488.0,
26703,0.2636531021629453,SLOW,SparseMatmulDeviceOperation active=8/128 x 32 x 2816 x 192,0,75.221,0.916,3.0,57.502240065939034,11.230906262878717,3.6801433642200982,22.184506198278946,LoFi BF16 x BFP8 => BF16,BFLOAT16,BFLOAT16,BFLOAT8_B,False,DEV_0_L1_INTERLEAVED,44,1,2,2624512.0,in0_block_w=44 and output subblock 1x2 look good 🤷 • Use HiFi2 or HiFi4 with BF16 activations for improved accuracy
26709,0.06756420237599624,SLOW,SparseMatmulDeviceOperation active=8/128 x 32 x 192 x 2816,0,19.064,0.447,44.0,226.88711707931176,44.31389005455308,14.520775493075954,5.96820068074789,LoFi BF16 x BFP8 => BF16,BFLOAT16,BFLOAT16,BFLOAT8_B,False,DEV_0_L1_INTERLEAVED,6,1,2,2630656.0,in0_block_w=6 and output subblock 1x2 look good 🤷 • Use HiFi2 or HiFi4 with BF16 activations for improved accuracy
26711,0.01659757172816104,,ReshapeViewDeviceOperation,0,4.244,0.549,4,,,,,BF16 => BF16,BFLOAT16,BFLOAT16,nan,False,DEV_0_DRAM_INTERLEAVED,,,,2632704.0,
26713,0.01231745517151446,,ReduceDeviceOperation,0,3.057,0.5,88,,,,,BF16 => BF16,BFLOAT16,BFLOAT16,nan,False,DEV_0_L1_INTERLEAVED,,,,2634752.0,
26716,0.014495605102040916,,TilizeWithValPaddingDeviceOperation,0,3.64,0.546,88,,,,,BF16 => BF16,BFLOAT16,BFLOAT16,nan,False,DEV_0_DRAM_INTERLEAVED,,,,2637824.0,
26724,0.013737234935450624,,TransposeDeviceOperation,0,3.439,0.528,110,,,,,BF16 => BF16,BFLOAT16,BFLOAT16,nan,False,DEV_0_L1_INTERLEAVED,,,,2646016.0,
26730,0.018723778496592264,,TransposeDeviceOperation,0,4.926,0.481,110,,,,,BF16 => BF16,BFLOAT16,BFLOAT16,nan,False,DEV_0_L1_INTERLEAVED,,,,2652160.0,
26731,0.125574325803944,,UnaryDeviceOperation,0,35.794,0.469,110,,,,,"BF16, BF16 => BF16",BFLOAT16,BFLOAT16,BFLOAT16,False,DEV_0_L1_INTERLEAVED,,,,2653184.0,
26734,0.016580257340795962,,ReshapeViewDeviceOperation,0,4.125,0.663,4,,,,,BF16 => BF16,BFLOAT16,BFLOAT16,nan,False,DEV_0_DRAM_INTERLEAVED,,,,2656256.0,
26738,0.007808788701648892,,SliceDeviceOperation,0,0.958,1.297,1,,,,,BF16 => BF16,BFLOAT16,BFLOAT16,nan,False,DEV_0_DRAM_INTERLEAVED,,,,2660352.0,
26743,0.00769797662251241,,CopyDeviceOperation,0,1.684,0.539,88,,,,,BF16 => BF16,BFLOAT16,BFLOAT16,nan,False,DEV_0_DRAM_INTERLEAVED,,,,2665472.0,
26748,0.015510228201634318,,UnaryDeviceOperation,0,3.949,0.53,110,,,,,"BF16, BF16 => BF16",BFLOAT16,BFLOAT16,BFLOAT16,False,DEV_0_L1_INTERLEAVED,,,,2670592.0,
26749,0.2637673771195548,SLOW,SparseMatmulDeviceOperation active=8/128 x 32 x 2816 x 192,0,75.189,0.981,3.0,57.52671268403623,11.235686071100826,3.6817096117783183,22.193947794767062,LoFi BF16 x BFP8 => BF16,BFLOAT16,BFLOAT16,BFLOAT8_B,False,DEV_0_L1_INTERLEAVED,44,1,2,2671616.0,in0_block_w=44 and output subblock 1x2 look good 🤷 • Use HiFi2 or HiFi4 with BF16 activations for improved accuracy
26751,0.007777622804391757,,UnaryDeviceOperation,0,1.784,0.462,110,,,,,BF16 => BF16,BFLOAT16,BFLOAT16,nan,False,DEV_0_L1_INTERLEAVED,,,,2673664.0,
26753,0.018647595192185933,,TransposeDeviceOperation,0,4.903,0.482,110,,,,,BF16 => BF16,BFLOAT16,BFLOAT16,nan,False,DEV_0_L1_INTERLEAVED,,,,2675712.0,
26755,0.0682914066453294,SLOW,SparseMatmulDeviceOperation active=8/128 x 32 x 192 x 2816,0,19.216,0.505,44.0,225.09242298084928,43.96336386344713,14.405915070774354,5.9209917661208245,LoFi BF16 x BFP8 => BF16,BFLOAT16,BFLOAT16,BFLOAT8_B,False,DEV_0_L1_INTERLEAVED,6,1,2,2677760.0,in0_block_w=6 and output subblock 1x2 look good 🤷 • Use HiFi2 or HiFi4 with BF16 activations for improved accuracy
26756,0.1269040707535818,,TransposeDeviceOperation,0,36.083,0.564,110,,,,,BF16 => BF16,BFLOAT16,BFLOAT16,nan,False,DEV_0_L1_INTERLEAVED,,,,2678784.0,
26759,0.012268974886892249,,ReduceDeviceOperation,0,3.006,0.537,88,,,,,BF16 => BF16,BFLOAT16,BFLOAT16,nan,False,DEV_0_L1_INTERLEAVED,,,,2681856.0,
26762,0.014502530856986946,,TilizeWithValPaddingDeviceOperation,0,3.636,0.552,88,,,,,BF16 => BF16,BFLOAT16,BFLOAT16,nan,False,DEV_0_DRAM_INTERLEAVED,,,,2684928.0,
26763,0.018481377073481214,,UntilizeDeviceOperation,0,3.873,1.464,1,,,,,BF16 => BF16,BFLOAT16,BFLOAT16,nan,False,DEV_0_DRAM_INTERLEAVED,,,,2685952.0,
26768,0.01543058201975497,,UnaryDeviceOperation,0,3.932,0.524,110,,,,,"BF16, BF16 => BF16",BFLOAT16,BFLOAT16,BFLOAT16,False,DEV_0_L1_INTERLEAVED,,,,2691072.0,
26774,0.008220871120937681,,UnaryDeviceOperation,0,1.832,0.542,110,,,,,BF16 => BF16,BFLOAT16,BFLOAT16,nan,False,DEV_0_L1_INTERLEAVED,,,,2697216.0,
26775,0.01102233899660684,,BinaryNgDeviceOperation,0,2.707,0.476,110,,,,,"BF16, BF16 => BF16",BFLOAT16,BFLOAT16,BFLOAT16,False,DEV_0_L1_INTERLEAVED,,,,2698240.0,
26776,0.021365954008502733,,TransposeDeviceOperation,0,5.684,0.486,110,,,,,BF16 => BF16,BFLOAT16,BFLOAT16,nan,False,DEV_0_L1_INTERLEAVED,,,,2699264.0,
26778,0.06890087308058004,SLOW,SparseMatmulDeviceOperation active=8/128 x 32 x 192 x 2816,0,19.359,0.538,44.0,223.42972260963893,43.6386176971951,14.29950224701689,5.8772549087131445,LoFi BF16 x BFP8 => BF16,BFLOAT16,BFLOAT16,BFLOAT8_B,False,DEV_0_L1_INTERLEAVED,6,1,2,2701312.0,in0_block_w=6 and output subblock 1x2 look good 🤷 • Use HiFi2 or HiFi4 with BF16 activations for improved accuracy
26783,0.03873574741314612,,UntilizeDeviceOperation,0,10.747,0.439,88,,,,,BF16 => BF16,BFLOAT16,BFLOAT16,nan,False,DEV_0_DRAM_INTERLEAVED,,,,2706432.0,
26784,0.007988858330245673,,SliceDeviceOperation,0,0.961,1.346,1,,,,,BF16 => BF16,BFLOAT16,BFLOAT16,nan,False,DEV_0_DRAM_INTERLEAVED,,,,2707456.0,
26786,0.019059677611474726,,UntilizeDeviceOperation,0,4.038,1.466,1,,,,,BF16 => BF16,BFLOAT16,BFLOAT16,nan,False,DEV_0_DRAM_INTERLEAVED,,,,2709504.0,
26789,0.007646033460417187,,CopyDeviceOperation,0,1.678,0.53,88,,,,,BF16 => BF16,BFLOAT16,BFLOAT16,nan,False,DEV_0_DRAM_INTERLEAVED,,,,2712576.0,
26791,0.015163940454332815,,UnaryDeviceOperation,0,3.858,0.521,110,,,,,"BF16, BF16 => BF16",BFLOAT16,BFLOAT16,BFLOAT16,False,DEV_0_L1_INTERLEAVED,,,,2714624.0,
26792,0.2639301323607865,SLOW,SparseMatmulDeviceOperation active=8/128 x 32 x 2816 x 192,0,75.601,0.616,3.0,57.213211465456794,11.17445536434703,3.661645533789235,22.072998250562033,LoFi BF16 x BFP8 => BF16,BFLOAT16,BFLOAT16,BFLOAT8_B,False,DEV_0_L1_INTERLEAVED,44,1,2,2715648.0,in0_block_w=44 and output subblock 1x2 look good 🤷 • Use HiFi2 or HiFi4 with BF16 activations for improved accuracy
26793,0.013896527299209312,,TransposeDeviceOperation,0,3.477,0.536,110,,,,,BF16 => BF16,BFLOAT16,BFLOAT16,nan,False,DEV_0_L1_INTERLEAVED,,,,2716672.0,
26795,0.26325487125354863,SLOW,SparseMatmulDeviceOperation active=8/128 x 32 x 2816 x 192,0,75.138,0.884,3.0,57.56575900343367,11.243312305358138,3.684208576219755,22.20901196120126,LoFi BF16 x BFP8 => BF16,BFLOAT16,BFLOAT16,BFLOAT8_B,False,DEV_0_L1_INTERLEAVED,44,1,2,2718720.0,in0_block_w=44 and output subblock 1x2 look good 🤷 • Use HiFi2 or HiFi4 with BF16 activations for improved accuracy
26798,0.010547924782803782,,BinaryNgDeviceOperation,0,2.531,0.515,110,,,,,"BF16, BF16 => BF16",BFLOAT16,BFLOAT16,BFLOAT16,False,DEV_0_L1_INTERLEAVED,,,,2721792.0,
26800,0.12666166933047074,,UnaryDeviceOperation,0,36.076,0.501,110,,,,,"BF16, BF16 => BF16",BFLOAT16,BFLOAT16,BFLOAT16,False,DEV_0_L1_INTERLEAVED,,,,2723840.0,
26803,0.016632200502891187,,ReshapeViewDeviceOperation,0,4.25,0.553,4,,,,,BF16 => BF16,BFLOAT16,BFLOAT16,nan,False,DEV_0_DRAM_INTERLEAVED,,,,2726912.0,
26804,0.01778187582393218,,BinaryNgDeviceOperation,0,4.673,0.462,110,,,,,"BF16, BF16 => BF16",BFLOAT16,BFLOAT16,BFLOAT16,False,DEV_0_L1_INTERLEAVED,,,,2727936.0,
26809,0.019198192710395325,,UntilizeDeviceOperation,0,4.079,1.465,1,,,,,BF16 => BF16,BFLOAT16,BFLOAT16,nan,False,DEV_0_DRAM_INTERLEAVED,,,,2733056.0,
26812,0.00764257058294417,,CopyDeviceOperation,0,1.668,0.539,88,,,,,BF16 => BF16,BFLOAT16,BFLOAT16,nan,False,DEV_0_DRAM_INTERLEAVED,,,,2736128.0,
26817,0.015143163189494725,,UnaryDeviceOperation,0,3.809,0.564,110,,,,,"BF16, BF16 => BF16",BFLOAT16,BFLOAT16,BFLOAT16,False,DEV_0_L1_INTERLEAVED,,,,2741248.0,
26829,0.00921125407821998,,UntilizeWithUnpaddingDeviceOperation,0,2.132,0.528,88,,,,,BF16 => BF16,BFLOAT16,BFLOAT16,nan,False,DEV_0_L1_INTERLEAVED,,,,2753536.0,
26830,0.009110830631502543,,UntilizeWithUnpaddingDeviceOperation,0,2.039,0.592,88,,,,,BF16 => BF16,BFLOAT16,BFLOAT16,nan,False,DEV_0_L1_INTERLEAVED,,,,2754560.0,
26833,0.1273369304377087,,UntilizeWithUnpaddingDeviceOperation,0,1.27,35.502,88,,,,,BF16 => BF16,BFLOAT16,BFLOAT16,nan,False,DEV_0_L1_INTERLEAVED,,,,2757632.0,
26836,0.12748583416904835,,UntilizeWithUnpaddingDeviceOperation,0,1.273,35.542,88,,,,,BF16 => BF16,BFLOAT16,BFLOAT16,nan,False,DEV_0_L1_INTERLEAVED,,,,2760704.0,
26837,0.12719841533878812,,UntilizeWithUnpaddingDeviceOperation,0,1.267,35.465,88,,,,,BF16 => BF16,BFLOAT16,BFLOAT16,nan,False,DEV_0_L1_INTERLEAVED,,,,2761728.0,
26838,0.1272538213783563,,UntilizeWithUnpaddingDeviceOperation,0,1.29,35.458,88,,,,,BF16 => BF16,BFLOAT16,BFLOAT16,nan,False,DEV_0_L1_INTERLEAVED,,,,2762752.0,
26840,0.132718242030774,,UntilizeWithUnpaddingDeviceOperation,0,1.279,37.047,88,,,,,BF16 => BF16,BFLOAT16,BFLOAT16,nan,False,DEV_0_L1_INTERLEAVED,,,,2764800.0,
26842,0.12730230166297854,,UntilizeWithUnpaddingDeviceOperation,0,1.284,35.478,88,,,,,BF16 => BF16,BFLOAT16,BFLOAT16,nan,False,DEV_0_L1_INTERLEAVED,,,,2766848.0,
26844,0.12728845015308649,,UntilizeWithUnpaddingDeviceOperation,0,1.277,35.481,88,,,,,BF16 => BF16,BFLOAT16,BFLOAT16,nan,False,DEV_0_L1_INTERLEAVED,,,,2768896.0,
26846,0.12735424482507374,,UntilizeWithUnpaddingDeviceOperation,0,1.275,35.502,88,,,,,BF16 => BF16,BFLOAT16,BFLOAT16,nan,False,DEV_0_L1_INTERLEAVED,,,,2770944.0,
26848,0.12736117058001975,,UntilizeWithUnpaddingDeviceOperation,0,1.291,35.488,88,,,,,BF16 => BF16,BFLOAT16,BFLOAT16,nan,False,DEV_0_L1_INTERLEAVED,,,,2772992.0,
26851,0.12733693043770866,,UntilizeWithUnpaddingDeviceOperation,0,1.281,35.491,88,,,,,BF16 => BF16,BFLOAT16,BFLOAT16,nan,False,DEV_0_L1_INTERLEAVED,,,,2776064.0,
26854,0.1274546682717912,,UntilizeWithUnpaddingDeviceOperation,0,1.301,35.505,88,,,,,BF16 => BF16,BFLOAT16,BFLOAT16,nan,False,DEV_0_L1_INTERLEAVED,,,,2779136.0,
26856,0.12733000468276262,,UntilizeWithUnpaddingDeviceOperation,0,1.281,35.489,88,,,,,BF16 => BF16,BFLOAT16,BFLOAT16,nan,False,DEV_0_L1_INTERLEAVED,,,,2781184.0,
26857,0.1325277837697582,,UntilizeWithUnpaddingDeviceOperation,0,2.784,35.487,88,,,,,BF16 => BF16,BFLOAT16,BFLOAT16,nan,False,DEV_0_L1_INTERLEAVED,,,,2782208.0,
26860,0.1275308515761975,,UntilizeWithUnpaddingDeviceOperation,0,1.287,35.541,88,,,,,BF16 => BF16,BFLOAT16,BFLOAT16,nan,False,DEV_0_L1_INTERLEAVED,,,,2785280.0,
26861,0.022422131637772316,,ConcatDeviceOperation,0,3.621,2.854,32,,,,,"BF16, BF16 => BF16",BFLOAT16,BFLOAT16,BFLOAT16,False,DEV_0_L1_INTERLEAVED,,,,2786304.0,
26863,0.23608773175837744,,ReduceScatterDeviceOperation,0,65.46875,2.708,12,,,,,BF16 => BF16,BFLOAT16,BFLOAT16,nan,False,DEV_0_DRAM_INTERLEAVED,,,,2788352.0,
26864,0.04835735247191838,,AllGatherDeviceOperation,0,13.4195,0.545,12,,,,,BF16 => BF16,BFLOAT16,BFLOAT16,nan,False,DEV_0_DRAM_INTERLEAVED,,,,2789376.0,
26870,0.01871338986417322,,EmbeddingsDeviceOperation,0,3.953,1.451,1,,,,,"UINT32, BF16 => BF16",BFLOAT16,UINT32,BFLOAT16,False,DEV_0_DRAM_INTERLEAVED,,,,2795520.0,
26871,0.01870646410922719,,EmbeddingsDeviceOperation,0,3.946,1.456,1,,,,,"UINT32, BF16 => BF16",BFLOAT16,UINT32,BFLOAT16,False,DEV_0_DRAM_INTERLEAVED,,,,2796544.0,
26874,0.03468071789224551,,NLPCreateQKVHeadsDecodeDeviceOperation,0,9.405,0.61,32,,,,,BF16 => BF16,BFLOAT16,BFLOAT16,nan,False,DEV_0_DRAM_INTERLEAVED,,,,2799616.0,
26881,0.024776888319422537,,TransposeDeviceOperation,0,6.604,0.551,110,,,,,BF16 => BF16,BFLOAT16,BFLOAT16,nan,False,DEV_0_DRAM_INTERLEAVED,,,,2806784.0,
26890,0.019305541912058792,,PagedUpdateCacheDeviceOperation,0,5.062,0.513,32,,,,,"BF16, BF16 => BF16",BFLOAT16,BFLOAT16,BFLOAT16,False,DEV_0_DRAM_INTERLEAVED,,,,2816000.0,
26900,0.06528909187622538,,AllReduceAsyncDeviceOperation,0,18.299,0.555,90,,,,,"BF16, BF16 => BF16",BFLOAT16,BFLOAT16,BFLOAT16,False,DEV_0_L1_WIDTH_SHARDED,,,,2826240.0,
26906,0.039168607097273,SLOW,MatmulDeviceOperation 32 x 2816 x 1088,0,10.744,0.567,12,142.58227848101262,27.848101265822777,18.250531645569616,27.504297546491635,LoFi BF16 x BFP4 => BF16,BFLOAT16,BFLOAT16,BFLOAT4_B,True,DEV_0_L1_WIDTH_SHARDED,11,,,2832384.0,No output subblock size found • Use HiFi2 or HiFi4 with BF16 activations for improved accuracy
26907,0.007472889586766433,,ShardedToInterleavedDeviceOperation,0,1.464,0.694,2,,,,,BF16 => BF16,BFLOAT16,BFLOAT16,nan,False,DEV_0_L1_WIDTH_SHARDED,,,,2833408.0,
26914,0.013622959978841127,,ShardedToInterleavedDeviceOperation,0,3.047,0.887,1,,,,,BF16 => BF16,BFLOAT16,BFLOAT16,nan,False,DEV_0_L1_WIDTH_SHARDED,,,,2840576.0,
26915,0.007199322266398248,,InterleavedToShardedDeviceOperation,0,1.564,0.515,88,,,,,BF16 => BF16,BFLOAT16,BFLOAT16,nan,False,DEV_0_DRAM_INTERLEAVED,,,,2841600.0,
26916,0.06156909575083898,,AllReduceAsyncDeviceOperation,0,17.25375,0.526,90,,,,,"BF16, BF16 => BF16",BFLOAT16,BFLOAT16,BFLOAT16,False,DEV_0_L1_WIDTH_SHARDED,,,,2842624.0,
26919,0.12583057873694714,,LayerNormDeviceOperation,0,34.838,1.499,1,,,,,BF16 => BF16,BFLOAT16,BFLOAT16,nan,False,DEV_0_DRAM_INTERLEAVED,,,,2845696.0,
26923,0.13431462854583395,SLOW,MatmulDeviceOperation 32 x 2816 x 128,0,38.167,0.62,4.0,47.64912096837582,9.306468939135902,0.6044140749862447,10.930520742662122,HiFi4 FP32 x FP32 => FP32,FLOAT32,FLOAT32,FLOAT32,False,DEV_0_DRAM_INTERLEAVED,2,1,1,2849792.0,"If possible place input 0 in L1 (currently in DEV_0_DRAM_INTERLEAVED) • Output subblock 1x1 is small, try out_subblock_h * out_subblock_w >= 2 if possible • HiFi2 is sufficient for BFP8 multiplication and has 2x the throughput of HiFi4"
26928,0.024118941599549682,,SoftmaxDeviceOperation,0,6.444,0.521,110,,,,,BF16 => BF16,BFLOAT16,BFLOAT16,nan,False,DEV_0_DRAM_INTERLEAVED,,,,2854912.0,
26930,0.018640669437239906,,UntilizeDeviceOperation,0,3.862,1.521,1,,,,,BF16 => BF16,BFLOAT16,BFLOAT16,nan,False,DEV_0_DRAM_INTERLEAVED,,,,2856960.0,
26931,0.038330590748803364,,UntilizeWithUnpaddingDeviceOperation,0,9.568,1.501,1,,,,,UINT16 => UINT16,UINT16,UINT16,nan,False,DEV_0_DRAM_INTERLEAVED,,,,2857984.0,
26933,0.016272061245697623,,ScatterDeviceOperation,0,4.106,0.593,32,,,,,"BF16, UINT16 => BF16",BFLOAT16,BFLOAT16,UINT16,False,DEV_0_DRAM_INTERLEAVED,,,,2860032.0,
26936,0.008916909493013702,,TypecastDeviceOperation,0,1.95,0.625,4,,,,,BF16 => BF16,BFLOAT16,BFLOAT16,nan,False,DEV_0_DRAM_INTERLEAVED,,,,2863104.0,
26941,0.013293986618904699,,UntilizeWithUnpaddingDeviceOperation,0,2.326,1.513,1,,,,,BF16 => BF16,BFLOAT16,BFLOAT16,nan,False,DEV_0_DRAM_INTERLEAVED,,,,2868224.0,
26943,0.27112599174971175,SLOW,SparseMatmulDeviceOperation active=8/128 x 32 x 2816 x 192,0,77.486,0.809,3.0,55.82138708928064,10.902614665875126,3.572568773713961,21.536028969629875,LoFi BF16 x BFP8 => BF16,BFLOAT16,BFLOAT16,BFLOAT8_B,False,DEV_0_L1_INTERLEAVED,44,1,2,2870272.0,in0_block_w=44 and output subblock 1x2 look good 🤷 • Use HiFi2 or HiFi4 with BF16 activations for improved accuracy
26950,0.018893459492770003,,TransposeDeviceOperation,0,4.972,0.484,110,,,,,BF16 => BF16,BFLOAT16,BFLOAT16,nan,False,DEV_0_L1_INTERLEAVED,,,,2877440.0,
26958,0.007680662235147336,,SliceDeviceOperation,0,0.924,1.294,1,,,,,BF16 => BF16,BFLOAT16,BFLOAT16,nan,False,DEV_0_DRAM_INTERLEAVED,,,,2885632.0,
26960,0.018374027871817748,,UntilizeDeviceOperation,0,3.835,1.471,1,,,,,BF16 => BF16,BFLOAT16,BFLOAT16,nan,False,DEV_0_DRAM_INTERLEAVED,,,,2887680.0,
26967,0.013893064421736302,,TransposeDeviceOperation,0,3.471,0.541,110,,,,,BF16 => BF16,BFLOAT16,BFLOAT16,nan,False,DEV_0_L1_INTERLEAVED,,,,2894848.0,
26969,0.2641933110487356,SLOW,SparseMatmulDeviceOperation active=8/128 x 32 x 2816 x 192,0,75.317,0.976,3.0,57.42894698408061,11.216591207828245,3.675452606981159,22.156229546327395,LoFi BF16 x BFP8 => BF16,BFLOAT16,BFLOAT16,BFLOAT8_B,False,DEV_0_L1_INTERLEAVED,44,1,2,2896896.0,in0_block_w=44 and output subblock 1x2 look good 🤷 • Use HiFi2 or HiFi4 with BF16 activations for improved accuracy
26974,0.12649545121176603,,UnaryDeviceOperation,0,36.073,0.456,110,,,,,"BF16, BF16 => BF16",BFLOAT16,BFLOAT16,BFLOAT16,False,DEV_0_L1_INTERLEAVED,,,,2902016.0,
26977,0.01729361010023706,,ReshapeViewDeviceOperation,0,4.381,0.613,4,,,,,BF16 => BF16,BFLOAT16,BFLOAT16,nan,False,DEV_0_DRAM_INTERLEAVED,,,,2905088.0,
26984,0.00813083630663929,,SliceDeviceOperation,0,0.856,1.492,1,,,,,BF16 => BF16,BFLOAT16,BFLOAT16,nan,False,DEV_0_DRAM_INTERLEAVED,,,,2912256.0,
26987,0.013661051631044292,,UntilizeWithUnpaddingDeviceOperation,0,2.427,1.518,1,,,,,BF16 => BF16,BFLOAT16,BFLOAT16,nan,False,DEV_0_DRAM_INTERLEAVED,,,,2915328.0,
26988,0.015305918430726432,,UnaryDeviceOperation,0,3.89,0.53,110,,,,,"BF16, BF16 => BF16",BFLOAT16,BFLOAT16,BFLOAT16,False,DEV_0_L1_INTERLEAVED,,,,2916352.0,
26989,0.26369811957009454,SLOW,SparseMatmulDeviceOperation active=8/128 x 32 x 2816 x 192,0,75.476,0.674,3.0,57.30796544596957,11.192962001165933,3.667709788542053,22.109554570204313,LoFi BF16 x BFP8 => BF16,BFLOAT16,BFLOAT16,BFLOAT8_B,False,DEV_0_L1_INTERLEAVED,44,1,2,2917376.0,in0_block_w=44 and output subblock 1x2 look good 🤷 • Use HiFi2 or HiFi4 with BF16 activations for improved accuracy
27001,0.018446748298751064,,BinaryNgDeviceOperation,0,4.86,0.467,110,,,,,"BF16, BF16 => BF16",BFLOAT16,BFLOAT16,BFLOAT16,False,DEV_0_L1_INTERLEAVED,,,,2929664.0,
27010,0.013688754650828411,,UntilizeWithUnpaddingDeviceOperation,0,2.448,1.505,1,,,,,BF16 => BF16,BFLOAT16,BFLOAT16,nan,False,DEV_0_DRAM_INTERLEAVED,,,,2938880.0,
27011,0.01527821541094231,,UnaryDeviceOperation,0,3.896,0.516,110,,,,,"BF16, BF16 => BF16",BFLOAT16,BFLOAT16,BFLOAT16,False,DEV_0_L1_INTERLEAVED,,,,2939904.0,
27012,0.2715761658212037,SLOW,SparseMatmulDeviceOperation active=8/128 x 32 x 2816 x 192,0,77.689,0.736,3.0,55.675526779852994,10.874126324190039,3.563233713910592,21.479755702103777,LoFi BF16 x BFP8 => BF16,BFLOAT16,BFLOAT16,BFLOAT8_B,False,DEV_0_L1_INTERLEAVED,44,1,2,2940928.0,in0_block_w=44 and output subblock 1x2 look good 🤷 • Use HiFi2 or HiFi4 with BF16 activations for improved accuracy
27018,0.010963470079565584,,BinaryNgDeviceOperation,0,2.601,0.565,110,,,,,"BF16, BF16 => BF16",BFLOAT16,BFLOAT16,BFLOAT16,False,DEV_0_L1_INTERLEAVED,,,,2947072.0,
27019,0.018990420062014422,,TransposeDeviceOperation,0,4.975,0.509,110,,,,,BF16 => BF16,BFLOAT16,BFLOAT16,nan,False,DEV_0_L1_INTERLEAVED,,,,2948096.0,
27022,0.1273854107223309,,TransposeDeviceOperation,0,36.207,0.579,110,,,,,BF16 => BF16,BFLOAT16,BFLOAT16,nan,False,DEV_0_L1_INTERLEAVED,,,,2951168.0,
27024,0.019004271571906484,,BinaryNgDeviceOperation,0,4.964,0.524,110,,,,,"BF16, BF16 => BF16",BFLOAT16,BFLOAT16,BFLOAT16,False,DEV_0_L1_INTERLEAVED,,,,2953216.0,
27026,0.03878076482029532,,UntilizeDeviceOperation,0,10.756,0.443,88,,,,,BF16 => BF16,BFLOAT16,BFLOAT16,nan,False,DEV_0_DRAM_INTERLEAVED,,,,2955264.0,
27029,0.018786110291106536,,UntilizeDeviceOperation,0,3.92,1.505,1,,,,,BF16 => BF16,BFLOAT16,BFLOAT16,nan,False,DEV_0_DRAM_INTERLEAVED,,,,2958336.0,
27038,0.26391974372836746,SLOW,SparseMatmulDeviceOperation active=8/128 x 32 x 2816 x 192,0,75.329,0.885,3.0,57.419798483983584,11.214804391403044,3.6748671029749493,22.152700032401075,LoFi BF16 x BFP8 => BF16,BFLOAT16,BFLOAT16,BFLOAT8_B,False,DEV_0_L1_INTERLEAVED,44,1,2,2967552.0,in0_block_w=44 and output subblock 1x2 look good 🤷 • Use HiFi2 or HiFi4 with BF16 activations for improved accuracy
27041,0.010901138285051314,,BinaryNgDeviceOperation,0,2.592,0.556,110,,,,,"BF16, BF16 => BF16",BFLOAT16,BFLOAT16,BFLOAT16,False,DEV_0_L1_INTERLEAVED,,,,2970624.0,
27044,0.06640760130000922,SLOW,SparseMatmulDeviceOperation active=8/128 x 32 x 192 x 2816,0,18.643,0.534,44.0,232.01072788714262,45.31459529045755,14.848686584777127,6.102975796694618,LoFi BF16 x BFP8 => BF16,BFLOAT16,BFLOAT16,BFLOAT8_B,False,DEV_0_L1_INTERLEAVED,6,1,2,2973696.0,in0_block_w=6 and output subblock 1x2 look good 🤷 • Use HiFi2 or HiFi4 with BF16 activations for improved accuracy
27049,0.038753061800511204,,UntilizeDeviceOperation,0,10.753,0.438,88,,,,,BF16 => BF16,BFLOAT16,BFLOAT16,nan,False,DEV_0_DRAM_INTERLEAVED,,,,2978816.0,
27060,0.015215883616428042,,UnaryDeviceOperation,0,3.85,0.544,110,,,,,"BF16, BF16 => BF16",BFLOAT16,BFLOAT16,BFLOAT16,False,DEV_0_L1_INTERLEAVED,,,,2990080.0,
27064,0.01052022176301966,,BinaryNgDeviceOperation,0,2.542,0.496,110,,,,,"BF16, BF16 => BF16",BFLOAT16,BFLOAT16,BFLOAT16,False,DEV_0_L1_INTERLEAVED,,,,2994176.0,
27066,0.1268174988167564,,UnaryDeviceOperation,0,36.133,0.489,110,,,,,"BF16, BF16 => BF16",BFLOAT16,BFLOAT16,BFLOAT16,False,DEV_0_L1_INTERLEAVED,,,,2996224.0,
27068,0.12826498160047672,,TransposeDeviceOperation,0,36.514,0.526,110,,,,,BF16 => BF16,BFLOAT16,BFLOAT16,nan,False,DEV_0_L1_INTERLEAVED,,,,2998272.0,
27085,0.014585639916339304,,TransposeDeviceOperation,0,3.751,0.461,110,,,,,BF16 => BF16,BFLOAT16,BFLOAT16,nan,False,DEV_0_L1_INTERLEAVED,,,,3015680.0,
27088,0.01869261259933513,,TransposeDeviceOperation,0,4.918,0.48,110,,,,,BF16 => BF16,BFLOAT16,BFLOAT16,nan,False,DEV_0_L1_INTERLEAVED,,,,3018752.0,
27092,0.016556017198484856,,ReshapeViewDeviceOperation,0,4.188,0.593,4,,,,,BF16 => BF16,BFLOAT16,BFLOAT16,nan,False,DEV_0_DRAM_INTERLEAVED,,,,3022848.0,
27107,0.2678362581503475,SLOW,SparseMatmulDeviceOperation active=8/128 x 32 x 2816 x 192,0,76.333,1.012,3.0,56.664561853981894,11.067297237105839,3.6265319586548412,21.86132787576462,LoFi BF16 x BFP8 => BF16,BFLOAT16,BFLOAT16,BFLOAT8_B,False,DEV_0_L1_INTERLEAVED,44,1,2,3038208.0,in0_block_w=44 and output subblock 1x2 look good 🤷 • Use HiFi2 or HiFi4 with BF16 activations for improved accuracy
27108,0.014828041339450357,,TransposeDeviceOperation,0,3.735,0.547,110,,,,,BF16 => BF16,BFLOAT16,BFLOAT16,nan,False,DEV_0_L1_INTERLEAVED,,,,3039232.0,
27117,0.012719148958384205,,ReduceDeviceOperation,0,3.152,0.521,88,,,,,BF16 => BF16,BFLOAT16,BFLOAT16,nan,False,DEV_0_L1_INTERLEAVED,,,,3048448.0,
27118,0.03894352006152702,,UntilizeDeviceOperation,0,10.751,0.495,88,,,,,BF16 => BF16,BFLOAT16,BFLOAT16,nan,False,DEV_0_DRAM_INTERLEAVED,,,,3049472.0,
27122,0.00812391055169326,,SliceDeviceOperation,0,0.848,1.498,1,,,,,BF16 => BF16,BFLOAT16,BFLOAT16,nan,False,DEV_0_DRAM_INTERLEAVED,,,,3053568.0,
27123,0.025119713189251026,,TilizeWithValPaddingDeviceOperation,0,5.753,1.501,1,,,,,BF16 => BF16,BFLOAT16,BFLOAT16,nan,False,DEV_0_DRAM_INTERLEAVED,,,,3054592.0,
27125,0.013328615393634849,,UntilizeWithUnpaddingDeviceOperation,0,2.341,1.508,1,,,,,BF16 => BF16,BFLOAT16,BFLOAT16,nan,False,DEV_0_DRAM_INTERLEAVED,,,,3056640.0,
27127,0.2634972726766596,SLOW,SparseMatmulDeviceOperation active=8/128 x 32 x 2816 x 192,0,75.377,0.715,3.0,57.38323361237512,11.207662814917017,3.672526951192008,22.138593214650896,LoFi BF16 x BFP8 => BF16,BFLOAT16,BFLOAT16,BFLOAT8_B,False,DEV_0_L1_INTERLEAVED,44,1,2,3058688.0,in0_block_w=44 and output subblock 1x2 look good 🤷 • Use HiFi2 or HiFi4 with BF16 activations for improved accuracy
27128,0.013861898524479164,,TransposeDeviceOperation,0,3.456,0.547,110,,,,,BF16 => BF16,BFLOAT16,BFLOAT16,nan,False,DEV_0_L1_INTERLEAVED,,,,3059712.0,
27130,0.2648408691361894,SLOW,SparseMatmulDeviceOperation active=8/128 x 32 x 2816 x 192,0,75.347,1.133,3.0,57.40608119765883,11.21212523391774,3.673989196650165,22.147407869467138,LoFi BF16 x BFP8 => BF16,BFLOAT16,BFLOAT16,BFLOAT8_B,False,DEV_0_L1_INTERLEAVED,44,1,2,3061760.0,in0_block_w=44 and output subblock 1x2 look good 🤷 • Use HiFi2 or HiFi4 with BF16 activations for improved accuracy
27140,0.01270183457101913,,ReduceDeviceOperation,0,3.144,0.524,88,,,,,BF16 => BF16,BFLOAT16,BFLOAT16,nan,False,DEV_0_L1_INTERLEAVED,,,,3072000.0,
27156,0.01036092939926097,,BinaryNgDeviceOperation,0,2.512,0.48,110,,,,,"BF16, BF16 => BF16",BFLOAT16,BFLOAT16,BFLOAT16,False,DEV_0_L1_INTERLEAVED,,,,3088384.0,
27158,0.12576824694243288,,UnaryDeviceOperation,0,35.868,0.451,110,,,,,"BF16, BF16 => BF16",BFLOAT16,BFLOAT16,BFLOAT16,False,DEV_0_L1_INTERLEAVED,,,,3090432.0,
27164,0.03864917547632074,,UntilizeDeviceOperation,0,10.715,0.446,88,,,,,BF16 => BF16,BFLOAT16,BFLOAT16,nan,False,DEV_0_DRAM_INTERLEAVED,,,,3096576.0,
27167,0.018682223966916083,,UntilizeDeviceOperation,0,3.872,1.523,1,,,,,BF16 => BF16,BFLOAT16,BFLOAT16,nan,False,DEV_0_DRAM_INTERLEAVED,,,,3099648.0,
27169,0.024936180683181233,,TilizeWithValPaddingDeviceOperation,0,5.711,1.49,1,,,,,BF16 => BF16,BFLOAT16,BFLOAT16,nan,False,DEV_0_DRAM_INTERLEAVED,,,,3101696.0,
27176,0.26583817784841784,SLOW,SparseMatmulDeviceOperation active=8/128 x 32 x 2816 x 192,0,75.764,1.004,3.0,57.09012195765799,11.150414444855077,3.6537678052901112,22.025510014528546,LoFi BF16 x BFP8 => BF16,BFLOAT16,BFLOAT16,BFLOAT8_B,False,DEV_0_L1_INTERLEAVED,44,1,2,3108864.0,in0_block_w=44 and output subblock 1x2 look good 🤷 • Use HiFi2 or HiFi4 with BF16 activations for improved accuracy
27183,0.12731269029539757,,TransposeDeviceOperation,0,36.246,0.519,110,,,,,BF16 => BF16,BFLOAT16,BFLOAT16,nan,False,DEV_0_L1_INTERLEAVED,,,,3116032.0,
27185,0.018488302828427245,,BinaryNgDeviceOperation,0,4.892,0.447,110,,,,,"BF16, BF16 => BF16",BFLOAT16,BFLOAT16,BFLOAT16,False,DEV_0_L1_INTERLEAVED,,,,3118080.0,
27187,0.03885694812470165,,UntilizeDeviceOperation,0,10.768,0.453,88,,,,,BF16 => BF16,BFLOAT16,BFLOAT16,nan,False,DEV_0_DRAM_INTERLEAVED,,,,3120128.0,
27193,0.007666810725255275,,CopyDeviceOperation,0,1.682,0.532,88,,,,,BF16 => BF16,BFLOAT16,BFLOAT16,nan,False,DEV_0_DRAM_INTERLEAVED,,,,3126272.0,
27209,0.012400564230866822,,ReduceDeviceOperation,0,3.086,0.495,88,,,,,BF16 => BF16,BFLOAT16,BFLOAT16,nan,False,DEV_0_L1_INTERLEAVED,,,,3142656.0,
27210,0.0415406781662883,,UntilizeDeviceOperation,0,11.506,0.49,88,,,,,BF16 => BF16,BFLOAT16,BFLOAT16,nan,False,DEV_0_DRAM_INTERLEAVED,,,,3143680.0,
27211,0.005772616747516055,,SliceDeviceOperation,0,0.995,0.672,1,,,,,BF16 => BF16,BFLOAT16,BFLOAT16,nan,False,DEV_0_DRAM_INTERLEAVED,,,,3144704.0,
27215,0.024925792050762185,,TilizeWithValPaddingDeviceOperation,0,5.698,1.5,1,,,,,BF16 => BF16,BFLOAT16,BFLOAT16,nan,False,DEV_0_DRAM_INTERLEAVED,,,,3148800.0,
27217,0.013913841686574387,,UntilizeWithUnpaddingDeviceOperation,0,2.501,1.517,1,,,,,BF16 => BF16,BFLOAT16,BFLOAT16,nan,False,DEV_0_DRAM_INTERLEAVED,,,,3150848.0,
27223,0.014557936896555183,,TransposeDeviceOperation,0,3.679,0.525,110,,,,,BF16 => BF16,BFLOAT16,BFLOAT16,nan,False,DEV_0_L1_INTERLEAVED,,,,3156992.0,
27224,0.008006172717610751,,UnaryDeviceOperation,0,1.85,0.462,110,,,,,BF16 => BF16,BFLOAT16,BFLOAT16,nan,False,DEV_0_L1_INTERLEAVED,,,,3158016.0,
27225,0.010461352845978404,,BinaryNgDeviceOperation,0,2.533,0.488,110,,,,,"BF16, BF16 => BF16",BFLOAT16,BFLOAT16,BFLOAT16,False,DEV_0_L1_INTERLEAVED,,,,3159040.0,
27226,0.01874109288395734,,TransposeDeviceOperation,0,4.921,0.491,110,,,,,BF16 => BF16,BFLOAT16,BFLOAT16,nan,False,DEV_0_L1_INTERLEAVED,,,,3160064.0,
27227,0.12597255671334073,,UnaryDeviceOperation,0,35.912,0.466,110,,,,,"BF16, BF16 => BF16",BFLOAT16,BFLOAT16,BFLOAT16,False,DEV_0_L1_INTERLEAVED,,,,3161088.0,
27229,0.12753777733114355,,TransposeDeviceOperation,0,36.277,0.553,110,,,,,BF16 => BF16,BFLOAT16,BFLOAT16,nan,False,DEV_0_L1_INTERLEAVED,,,,3163136.0,
27231,0.01867183533449704,,BinaryNgDeviceOperation,0,4.858,0.534,110,,,,,"BF16, BF16 => BF16",BFLOAT16,BFLOAT16,BFLOAT16,False,DEV_0_L1_INTERLEAVED,,,,3165184.0,
27240,0.013574479694218917,,UntilizeWithUnpaddingDeviceOperation,0,2.416,1.504,1,,,,,BF16 => BF16,BFLOAT16,BFLOAT16,nan,False,DEV_0_DRAM_INTERLEAVED,,,,3174400.0,
27243,0.014783023932301163,,TransposeDeviceOperation,0,3.796,0.473,110,,,,,BF16 => BF16,BFLOAT16,BFLOAT16,nan,False,DEV_0_L1_INTERLEAVED,,,,3177472.0,
27245,0.26458115332571336,SLOW,SparseMatmulDeviceOperation active=8/128 x 32 x 2816 x 192,0,75.62,0.785,3.0,57.19883628669663,11.171647712245436,3.6607255223485846,22.067452271102095,LoFi BF16 x BFP8 => BF16,BFLOAT16,BFLOAT16,BFLOAT8_B,False,DEV_0_L1_INTERLEAVED,44,1,2,3179520.0,in0_block_w=44 and output subblock 1x2 look good 🤷 • Use HiFi2 or HiFi4 with BF16 activations for improved accuracy
27246,0.014599491426231365,,TransposeDeviceOperation,0,3.733,0.483,110,,,,,BF16 => BF16,BFLOAT16,BFLOAT16,nan,False,DEV_0_L1_INTERLEAVED,,,,3180544.0,
27248,0.0104371127036673,,BinaryNgDeviceOperation,0,2.535,0.479,110,,,,,"BF16, BF16 => BF16",BFLOAT16,BFLOAT16,BFLOAT16,False,DEV_0_L1_INTERLEAVED,,,,3182592.0,
27253,0.015659131932973965,,ReshapeViewDeviceOperation,0,3.881,0.641,4,,,,,BF16 => BF16,BFLOAT16,BFLOAT16,nan,False,DEV_0_DRAM_INTERLEAVED,,,,3187712.0,
27255,0.012816109527628624,,ReduceDeviceOperation,0,3.179,0.522,88,,,,,BF16 => BF16,BFLOAT16,BFLOAT16,nan,False,DEV_0_L1_INTERLEAVED,,,,3189760.0,
27261,0.02492232917328917,,TilizeWithValPaddingDeviceOperation,0,5.702,1.495,1,,,,,BF16 => BF16,BFLOAT16,BFLOAT16,nan,False,DEV_0_DRAM_INTERLEAVED,,,,3195904.0,
27262,0.007618330440633067,,CopyDeviceOperation,0,1.656,0.544,88,,,,,BF16 => BF16,BFLOAT16,BFLOAT16,nan,False,DEV_0_DRAM_INTERLEAVED,,,,3196928.0,
27263,0.013429038840352285,,UntilizeWithUnpaddingDeviceOperation,0,2.368,1.51,1,,,,,BF16 => BF16,BFLOAT16,BFLOAT16,nan,False,DEV_0_DRAM_INTERLEAVED,,,,3197952.0,
27264,0.015323232818091507,,UnaryDeviceOperation,0,3.898,0.527,110,,,,,"BF16, BF16 => BF16",BFLOAT16,BFLOAT16,BFLOAT16,False,DEV_0_L1_INTERLEAVED,,,,3198976.0,
27265,0.265187156883491,SLOW,SparseMatmulDeviceOperation active=8/128 x 32 x 2816 x 192,0,75.956,0.624,3.0,56.94581073252936,11.122228658697141,3.644531886881879,21.969834387549906,LoFi BF16 x BFP8 => BF16,BFLOAT16,BFLOAT16,BFLOAT8_B,False,DEV_0_L1_INTERLEAVED,44,1,2,3200000.0,in0_block_w=44 and output subblock 1x2 look good 🤷 • Use HiFi2 or HiFi4 with BF16 activations for improved accuracy
27274,0.06598166737082838,SLOW,SparseMatmulDeviceOperation active=8/128 x 32 x 192 x 2816,0,18.584,0.47,44.0,232.74730951356005,45.4584588893672,14.895827808867844,6.12235136557134,LoFi BF16 x BFP8 => BF16,BFLOAT16,BFLOAT16,BFLOAT8_B,False,DEV_0_L1_INTERLEAVED,6,1,2,3209216.0,in0_block_w=6 and output subblock 1x2 look good 🤷 • Use HiFi2 or HiFi4 with BF16 activations for improved accuracy
27276,0.015950013640707226,,ReshapeViewDeviceOperation,0,3.991,0.615,4,,,,,BF16 => BF16,BFLOAT16,BFLOAT16,nan,False,DEV_0_DRAM_INTERLEAVED,,,,3211264.0,
27278,0.012802258017736564,,ReduceDeviceOperation,0,3.176,0.521,88,,,,,BF16 => BF16,BFLOAT16,BFLOAT16,nan,False,DEV_0_L1_INTERLEAVED,,,,3213312.0,
27282,0.01860257778503674,,UntilizeDeviceOperation,0,3.893,1.479,1,,,,,BF16 => BF16,BFLOAT16,BFLOAT16,nan,False,DEV_0_DRAM_INTERLEAVED,,,,3217408.0,
27287,0.015364787347767687,,UnaryDeviceOperation,0,3.912,0.525,110,,,,,"BF16, BF16 => BF16",BFLOAT16,BFLOAT16,BFLOAT16,False,DEV_0_L1_INTERLEAVED,,,,3222528.0,
27288,0.26476122295431015,SLOW,SparseMatmulDeviceOperation active=8/128 x 32 x 2816 x 192,0,75.817,0.64,3.0,57.050213012912664,11.142619729084505,3.6512136328264106,22.010113045105197,LoFi BF16 x BFP8 => BF16,BFLOAT16,BFLOAT16,BFLOAT8_B,False,DEV_0_L1_INTERLEAVED,44,1,2,3223552.0,in0_block_w=44 and output subblock 1x2 look good 🤷 • Use HiFi2 or HiFi4 with BF16 activations for improved accuracy
27292,0.014876521624072568,,TransposeDeviceOperation,0,3.751,0.545,110,,,,,BF16 => BF16,BFLOAT16,BFLOAT16,nan,False,DEV_0_L1_INTERLEAVED,,,,3227648.0,
27296,0.12588252189904237,,UnaryDeviceOperation,0,35.896,0.456,110,,,,,"BF16, BF16 => BF16",BFLOAT16,BFLOAT16,BFLOAT16,False,DEV_0_L1_INTERLEAVED,,,,3231744.0,
27299,0.015752629624745367,,ReshapeViewDeviceOperation,0,3.944,0.605,4,,,,,BF16 => BF16,BFLOAT16,BFLOAT16,nan,False,DEV_0_DRAM_INTERLEAVED,,,,3234816.0,
27300,0.018647595192185933,,BinaryNgDeviceOperation,0,4.87,0.515,110,,,,,"BF16, BF16 => BF16",BFLOAT16,BFLOAT16,BFLOAT16,False,DEV_0_L1_INTERLEAVED,,,,3235840.0,
27305,0.01880342467847161,,UntilizeDeviceOperation,0,3.944,1.486,1,,,,,BF16 => BF16,BFLOAT16,BFLOAT16,nan,False,DEV_0_DRAM_INTERLEAVED,,,,3240960.0,
27312,0.014876521624072568,,TransposeDeviceOperation,0,3.745,0.551,110,,,,,BF16 => BF16,BFLOAT16,BFLOAT16,nan,False,DEV_0_L1_INTERLEAVED,,,,3248128.0,
27313,0.015731852359907282,,UnaryDeviceOperation,0,4.086,0.457,110,,,,,"BF16, BF16 => BF16",BFLOAT16,BFLOAT16,BFLOAT16,False,DEV_0_L1_INTERLEAVED,,,,3249152.0,
27315,0.014641045955907544,,TransposeDeviceOperation,0,3.748,0.48,110,,,,,BF16 => BF16,BFLOAT16,BFLOAT16,nan,False,DEV_0_L1_INTERLEAVED,,,,3251200.0,
27316,0.008016561350029794,,UnaryDeviceOperation,0,1.859,0.456,110,,,,,BF16 => BF16,BFLOAT16,BFLOAT16,nan,False,DEV_0_L1_INTERLEAVED,,,,3252224.0,
27317,0.010412872561356194,,BinaryNgDeviceOperation,0,2.524,0.483,110,,,,,"BF16, BF16 => BF16",BFLOAT16,BFLOAT16,BFLOAT16,False,DEV_0_L1_INTERLEAVED,,,,3253248.0,
27324,0.01226897488689225,,ReduceDeviceOperation,0,3.048,0.495,88,,,,,BF16 => BF16,BFLOAT16,BFLOAT16,nan,False,DEV_0_L1_INTERLEAVED,,,,3260416.0,
27328,0.018571411887779606,,UntilizeDeviceOperation,0,3.886,1.477,1,,,,,BF16 => BF16,BFLOAT16,BFLOAT16,nan,False,DEV_0_DRAM_INTERLEAVED,,,,3264512.0,
27336,0.015309381308199446,,UnaryDeviceOperation,0,3.856,0.565,110,,,,,"BF16, BF16 => BF16",BFLOAT16,BFLOAT16,BFLOAT16,False,DEV_0_L1_INTERLEAVED,,,,3272704.0,
27345,0.015520616834053362,,ReshapeViewDeviceOperation,0,3.901,0.581,4,,,,,BF16 => BF16,BFLOAT16,BFLOAT16,nan,False,DEV_0_DRAM_INTERLEAVED,,,,3281920.0,
27346,0.022976192033454725,,BinaryNgDeviceOperation,0,6.179,0.456,110,,,,,"BF16, BF16 => BF16",BFLOAT16,BFLOAT16,BFLOAT16,False,DEV_0_L1_INTERLEAVED,,,,3282944.0,
27347,0.012698371693546115,,ReduceDeviceOperation,0,3.149,0.518,88,,,,,BF16 => BF16,BFLOAT16,BFLOAT16,nan,False,DEV_0_L1_INTERLEAVED,,,,3283968.0,
27350,0.014862670114180508,,TilizeWithValPaddingDeviceOperation,0,3.764,0.528,88,,,,,BF16 => BF16,BFLOAT16,BFLOAT16,nan,False,DEV_0_DRAM_INTERLEAVED,,,,3287040.0,
27351,0.01866144670207799,,UntilizeDeviceOperation,0,3.88,1.509,1,,,,,BF16 => BF16,BFLOAT16,BFLOAT16,nan,False,DEV_0_DRAM_INTERLEAVED,,,,3288064.0,
27354,0.007576775910956886,,CopyDeviceOperation,0,1.647,0.541,88,,,,,BF16 => BF16,BFLOAT16,BFLOAT16,nan,False,DEV_0_DRAM_INTERLEAVED,,,,3291136.0,
27358,0.014159705987158459,,TransposeDeviceOperation,0,3.536,0.553,110,,,,,BF16 => BF16,BFLOAT16,BFLOAT16,nan,False,DEV_0_L1_INTERLEAVED,,,,3295232.0,
27361,0.01399002499098072,,TransposeDeviceOperation,0,3.505,0.535,110,,,,,BF16 => BF16,BFLOAT16,BFLOAT16,nan,False,DEV_0_L1_INTERLEAVED,,,,3298304.0,
27371,0.0388223193499715,,UntilizeDeviceOperation,0,10.77,0.441,88,,,,,BF16 => BF16,BFLOAT16,BFLOAT16,nan,False,DEV_0_DRAM_INTERLEAVED,,,,3308544.0,
27375,0.008324757445128131,,SliceDeviceOperation,0,0.887,1.517,1,,,,,BF16 => BF16,BFLOAT16,BFLOAT16,nan,False,DEV_0_DRAM_INTERLEAVED,,,,3312640.0,
27376,0.024676464872705098,,TilizeWithValPaddingDeviceOperation,0,5.653,1.473,1,,,,,BF16 => BF16,BFLOAT16,BFLOAT16,nan,False,DEV_0_DRAM_INTERLEAVED,,,,3313664.0,
27377,0.007531758503807689,,CopyDeviceOperation,0,1.638,0.537,88,,,,,BF16 => BF16,BFLOAT16,BFLOAT16,nan,False,DEV_0_DRAM_INTERLEAVED,,,,3314688.0,
27385,0.007933452290677432,,UnaryDeviceOperation,0,1.832,0.459,110,,,,,BF16 => BF16,BFLOAT16,BFLOAT16,nan,False,DEV_0_L1_INTERLEAVED,,,,3322880.0,
27387,0.018931551144973167,,TransposeDeviceOperation,0,4.976,0.491,110,,,,,BF16 => BF16,BFLOAT16,BFLOAT16,nan,False,DEV_0_L1_INTERLEAVED,,,,3324928.0,
27388,0.1270945290145976,,UnaryDeviceOperation,0,36.23,0.472,110,,,,,"BF16, BF16 => BF16",BFLOAT16,BFLOAT16,BFLOAT16,False,DEV_0_L1_INTERLEAVED,,,,3325952.0,
27390,0.12792561960812124,,TransposeDeviceOperation,0,36.368,0.574,110,,,,,BF16 => BF16,BFLOAT16,BFLOAT16,nan,False,DEV_0_L1_INTERLEAVED,,,,3328000.0,
27392,0.018599114907563725,,BinaryNgDeviceOperation,0,4.913,0.458,110,,,,,"BF16, BF16 => BF16",BFLOAT16,BFLOAT16,BFLOAT16,False,DEV_0_L1_INTERLEAVED,,,,3330048.0,
27394,0.03879115345271436,,UntilizeDeviceOperation,0,10.747,0.455,88,,,,,BF16 => BF16,BFLOAT16,BFLOAT16,nan,False,DEV_0_DRAM_INTERLEAVED,,,,3332096.0,
27396,0.014772635299882117,,TilizeWithValPaddingDeviceOperation,0,3.727,0.539,88,,,,,BF16 => BF16,BFLOAT16,BFLOAT16,nan,False,DEV_0_DRAM_INTERLEAVED,,,,3334144.0,
27397,0.01853332023557644,,UntilizeDeviceOperation,0,3.886,1.466,1,,,,,BF16 => BF16,BFLOAT16,BFLOAT16,nan,False,DEV_0_DRAM_INTERLEAVED,,,,3335168.0,
27399,0.024697242137543193,,TilizeWithValPaddingDeviceOperation,0,5.645,1.487,1,,,,,BF16 => BF16,BFLOAT16,BFLOAT16,nan,False,DEV_0_DRAM_INTERLEAVED,,,,3337216.0,
27401,0.013404798698041183,,UntilizeWithUnpaddingDeviceOperation,0,2.369,1.502,1,,,,,BF16 => BF16,BFLOAT16,BFLOAT16,nan,False,DEV_0_DRAM_INTERLEAVED,,,,3339264.0,
27402,0.015427119142281958,,UnaryDeviceOperation,0,3.914,0.541,110,,,,,"BF16, BF16 => BF16",BFLOAT16,BFLOAT16,BFLOAT16,False,DEV_0_L1_INTERLEAVED,,,,3340288.0,
27403,0.26498977286752917,SLOW,SparseMatmulDeviceOperation active=8/128 x 32 x 2816 x 192,0,75.894,0.629,3.0,56.9923314095976,11.131314728437031,3.647509210214246,21.987782179628702,LoFi BF16 x BFP8 => BF16,BFLOAT16,BFLOAT16,BFLOAT8_B,False,DEV_0_L1_INTERLEAVED,44,1,2,3341312.0,in0_block_w=44 and output subblock 1x2 look good 🤷 • Use HiFi2 or HiFi4 with BF16 activations for improved accuracy
27405,0.01582188717420567,,UnaryDeviceOperation,0,4.013,0.556,110,,,,,"BF16, BF16 => BF16",BFLOAT16,BFLOAT16,BFLOAT16,False,DEV_0_L1_INTERLEAVED,,,,3343360.0,
27406,0.2651663796186529,SLOW,SparseMatmulDeviceOperation active=8/128 x 32 x 2816 x 192,0,75.645,0.929,3.0,57.17993257981361,11.167955581994846,3.659515685108071,22.060159174310805,LoFi BF16 x BFP8 => BF16,BFLOAT16,BFLOAT16,BFLOAT8_B,False,DEV_0_L1_INTERLEAVED,44,1,2,3344384.0,in0_block_w=44 and output subblock 1x2 look good 🤷 • Use HiFi2 or HiFi4 with BF16 activations for improved accuracy
27412,0.0643748922233494,SLOW,SparseMatmulDeviceOperation active=8/128 x 32 x 192 x 2816,0,18.145,0.445,44.0,238.37839625241114,46.55828051804905,15.256217360154313,6.270475490646336,LoFi BF16 x BFP8 => BF16,BFLOAT16,BFLOAT16,BFLOAT8_B,False,DEV_0_L1_INTERLEAVED,6,1,2,3350528.0,in0_block_w=6 and output subblock 1x2 look good 🤷 • Use HiFi2 or HiFi4 with BF16 activations for improved accuracy
27417,0.03877037618787628,,UntilizeDeviceOperation,0,10.755,0.441,88,,,,,BF16 => BF16,BFLOAT16,BFLOAT16,nan,False,DEV_0_DRAM_INTERLEAVED,,,,3355648.0,
27426,0.26506941904940845,SLOW,SparseMatmulDeviceOperation active=8/128 x 32 x 2816 x 192,0,75.91,0.636,3.0,56.98031879857726,11.12896851534712,3.6467404031089443,21.983147684636286,LoFi BF16 x BFP8 => BF16,BFLOAT16,BFLOAT16,BFLOAT8_B,False,DEV_0_L1_INTERLEAVED,44,1,2,3364864.0,in0_block_w=44 and output subblock 1x2 look good 🤷 • Use HiFi2 or HiFi4 with BF16 activations for improved accuracy
27445,0.03079536936752266,,CopyDeviceOperation,0,1.257,7.636,87,,,,,BF16 => BF16,BFLOAT16,BFLOAT16,nan,False,DEV_0_DRAM_INTERLEAVED,,,,3385344.0,
27447,0.2672960492645571,SLOW,SparseMatmulDeviceOperation active=8/128 x 32 x 2816 x 192,0,76.076,1.113,2.0,56.855986119144006,11.104684788895314,3.6387831116252163,32.902769744875,LoFi BF16 x BFP8 => BF16,BFLOAT16,BFLOAT16,BFLOAT8_B,False,DEV_0_L1_INTERLEAVED,44,1,2,3388416.0,in0_block_w=44 and output subblock 1x2 look good 🤷 • Use HiFi2 or HiFi4 with BF16 activations for improved accuracy
27449,0.015697223585177132,,UnaryDeviceOperation,0,4.046,0.487,109,,,,,"BF16, BF16 => BF16",BFLOAT16,BFLOAT16,BFLOAT16,False,DEV_0_L1_INTERLEAVED,,,,3390464.0,
27465,0.2635561415937009,SLOW,SparseMatmulDeviceOperation active=8/128 x 32 x 2816 x 192,0,74.853,1.256,2.0,57.78493847941966,11.286120796761653,3.698236062682858,33.44035791633082,LoFi BF16 x BFP8 => BF16,BFLOAT16,BFLOAT16,BFLOAT8_B,False,DEV_0_L1_INTERLEAVED,44,1,2,3411968.0,in0_block_w=44 and output subblock 1x2 look good 🤷 • Use HiFi2 or HiFi4 with BF16 activations for improved accuracy
27473,0.1341622619370213,,UnaryDeviceOperation,0,38.274,0.469,109,,,,,"BF16, BF16 => BF16",BFLOAT16,BFLOAT16,BFLOAT16,False,DEV_0_L1_INTERLEAVED,,,,3420160.0,
27481,0.0538892992350599,,CopyDeviceOperation,0,1.261,14.301,87,,,,,BF16 => BF16,BFLOAT16,BFLOAT16,nan,False,DEV_0_DRAM_INTERLEAVED,,,,3432448.0,
27489,0.01043018694872127,,BinaryNgDeviceOperation,0,2.519,0.493,109,,,,,"BF16, BF16 => BF16",BFLOAT16,BFLOAT16,BFLOAT16,False,DEV_0_L1_INTERLEAVED,,,,3441664.0,
27497,0.03875998755545723,,UntilizeDeviceOperation,0,10.745,0.448,87,,,,,BF16 => BF16,BFLOAT16,BFLOAT16,nan,False,DEV_0_DRAM_INTERLEAVED,,,,3449856.0,
27500,0.025680699339879463,,UnaryDeviceOperation,0,3.361,4.055,109,,,,,"BF16, BF16 => BF16",BFLOAT16,BFLOAT16,BFLOAT16,False,DEV_0_L1_INTERLEAVED,,,,3458048.0,
27514,0.011929612894536777,,ReduceDeviceOperation,0,2.972,0.473,87,,,,,BF16 => BF16,BFLOAT16,BFLOAT16,nan,False,DEV_0_L1_INTERLEAVED,,,,3472384.0,
27517,0.05407283174112969,,CopyDeviceOperation,0,1.351,14.264,87,,,,,BF16 => BF16,BFLOAT16,BFLOAT16,nan,False,DEV_0_DRAM_INTERLEAVED,,,,3479552.0,
27520,0.015409804754916883,,TransposeDeviceOperation,0,3.761,0.689,109,,,,,BF16 => BF16,BFLOAT16,BFLOAT16,nan,False,DEV_0_L1_INTERLEAVED,,,,3483648.0,
27522,0.26468157677243076,SLOW,SparseMatmulDeviceOperation active=8/128 x 32 x 2816 x 192,0,75.861,0.573,2.0,57.01712342310277,11.136156918574759,3.6490958990785773,32.996020499480764,LoFi BF16 x BFP8 => BF16,BFLOAT16,BFLOAT16,BFLOAT8_B,False,DEV_0_L1_INTERLEAVED,44,1,2,3485696.0,in0_block_w=44 and output subblock 1x2 look good 🤷 • Use HiFi2 or HiFi4 with BF16 activations for improved accuracy
27524,0.007839954598906027,,UnaryDeviceOperation,0,1.799,0.465,109,,,,,BF16 => BF16,BFLOAT16,BFLOAT16,nan,False,DEV_0_L1_INTERLEAVED,,,,3487744.0,
27526,0.018914236757608092,,TransposeDeviceOperation,0,4.967,0.495,109,,,,,BF16 => BF16,BFLOAT16,BFLOAT16,nan,False,DEV_0_L1_INTERLEAVED,,,,3489792.0,
27528,0.06549686452460626,SLOW,SparseMatmulDeviceOperation active=8/128 x 32 x 192 x 2816,0,18.467,0.447,43.0,234.22190935181675,45.74646667027671,14.990202198516272,6.304422624672069,LoFi BF16 x BFP8 => BF16,BFLOAT16,BFLOAT16,BFLOAT8_B,False,DEV_0_L1_INTERLEAVED,6,1,2,3491840.0,in0_block_w=6 and output subblock 1x2 look good 🤷 • Use HiFi2 or HiFi4 with BF16 activations for improved accuracy
27529,0.12767629243006412,,TransposeDeviceOperation,0,36.294,0.576,109,,,,,BF16 => BF16,BFLOAT16,BFLOAT16,nan,False,DEV_0_L1_INTERLEAVED,,,,3492864.0,
27531,0.018813813310890656,,BinaryNgDeviceOperation,0,4.958,0.475,109,,,,,"BF16, BF16 => BF16",BFLOAT16,BFLOAT16,BFLOAT16,False,DEV_0_L1_INTERLEAVED,,,,3494912.0,
27533,0.038808467840079436,,UntilizeDeviceOperation,0,10.767,0.44,87,,,,,BF16 => BF16,BFLOAT16,BFLOAT16,nan,False,DEV_0_DRAM_INTERLEAVED,,,,3496960.0,
27543,0.01043018694872127,,BinaryNgDeviceOperation,0,2.523,0.489,109,,,,,"BF16, BF16 => BF16",BFLOAT16,BFLOAT16,BFLOAT16,False,DEV_0_L1_INTERLEAVED,,,,3512320.0,
27544,0.01895232840981126,,TransposeDeviceOperation,0,4.979,0.494,109,,,,,BF16 => BF16,BFLOAT16,BFLOAT16,nan,False,DEV_0_L1_INTERLEAVED,,,,3513344.0,
27555,0.2645673018158213,SLOW,SparseMatmulDeviceOperation active=8/128 x 32 x 2816 x 192,0,75.276,1.125,2.0,57.46022636696955,11.22270046229874,3.677454487486051,33.25244581421849,LoFi BF16 x BFP8 => BF16,BFLOAT16,BFLOAT16,BFLOAT8_B,False,DEV_0_L1_INTERLEAVED,44,1,2,3529728.0,in0_block_w=44 and output subblock 1x2 look good 🤷 • Use HiFi2 or HiFi4 with BF16 activations for improved accuracy
27558,0.26469196540484985,SLOW,SparseMatmulDeviceOperation active=8/128 x 32 x 2816 x 192,0,75.89,0.547,2.0,56.99533535380155,11.131901436289365,3.6477014626432993,32.9834116630796,LoFi BF16 x BFP8 => BF16,BFLOAT16,BFLOAT16,BFLOAT8_B,False,DEV_0_L1_INTERLEAVED,44,1,2,3532800.0,in0_block_w=44 and output subblock 1x2 look good 🤷 • Use HiFi2 or HiFi4 with BF16 activations for improved accuracy
27567,0.018869219350458898,,BinaryNgDeviceOperation,0,4.997,0.452,109,,,,,"BF16, BF16 => BF16",BFLOAT16,BFLOAT16,BFLOAT16,False,DEV_0_L1_INTERLEAVED,,,,3542016.0,
27569,0.03885694812470165,,UntilizeDeviceOperation,0,10.764,0.457,87,,,,,BF16 => BF16,BFLOAT16,BFLOAT16,nan,False,DEV_0_DRAM_INTERLEAVED,,,,3544064.0,
27570,0.019703772821455516,,TilizeWithValPaddingDeviceOperation,0,3.633,2.057,87,,,,,BF16 => BF16,BFLOAT16,BFLOAT16,nan,False,DEV_0_DRAM_INTERLEAVED,,,,3546112.0,
27572,0.02572225386955564,,UnaryDeviceOperation,0,3.356,4.072,109,,,,,"BF16, BF16 => BF16",BFLOAT16,BFLOAT16,BFLOAT16,False,DEV_0_L1_INTERLEAVED,,,,3552256.0,
27573,0.2643283632701832,SLOW,SparseMatmulDeviceOperation active=8/128 x 32 x 2816 x 192,0,75.122,1.21,2.0,57.578019754532626,11.245706983307153,3.684993264290088,33.320613283873044,LoFi BF16 x BFP8 => BF16,BFLOAT16,BFLOAT16,BFLOAT8_B,False,DEV_0_L1_INTERLEAVED,44,1,2,3553280.0,in0_block_w=44 and output subblock 1x2 look good 🤷 • Use HiFi2 or HiFi4 with BF16 activations for improved accuracy
27576,0.2650313273972053,SLOW,SparseMatmulDeviceOperation active=8/128 x 32 x 2816 x 192,0,75.829,0.706,2.0,57.041184770997894,11.140856400585527,3.650635825343865,33.009944890623785,LoFi BF16 x BFP8 => BF16,BFLOAT16,BFLOAT16,BFLOAT8_B,False,DEV_0_L1_INTERLEAVED,44,1,2,3556352.0,in0_block_w=44 and output subblock 1x2 look good 🤷 • Use HiFi2 or HiFi4 with BF16 activations for improved accuracy
27577,0.014810726952085282,,TransposeDeviceOperation,0,3.805,0.472,109,,,,,BF16 => BF16,BFLOAT16,BFLOAT16,nan,False,DEV_0_L1_INTERLEAVED,,,,3557376.0,
27580,0.01898695718454141,,TransposeDeviceOperation,0,4.999,0.484,109,,,,,BF16 => BF16,BFLOAT16,BFLOAT16,nan,False,DEV_0_L1_INTERLEAVED,,,,3560448.0,
27584,0.015790721276948534,,ReshapeViewDeviceOperation,0,3.913,0.647,3,,,,,BF16 => BF16,BFLOAT16,BFLOAT16,nan,False,DEV_0_DRAM_INTERLEAVED,,,,3564544.0,
27586,0.012487136167692198,,ReduceDeviceOperation,0,3.105,0.501,87,,,,,BF16 => BF16,BFLOAT16,BFLOAT16,nan,False,DEV_0_L1_INTERLEAVED,,,,3566592.0,
27587,0.03892274279668893,,UntilizeDeviceOperation,0,10.75,0.49,87,,,,,BF16 => BF16,BFLOAT16,BFLOAT16,nan,False,DEV_0_DRAM_INTERLEAVED,,,,3567616.0,
27591,0.2650555675395164,SLOW,SparseMatmulDeviceOperation active=8/128 x 32 x 2816 x 192,0,75.397,1.145,2.0,57.368011989866964,11.204689841770891,3.671552767351486,33.199081012654496,LoFi BF16 x BFP8 => BF16,BFLOAT16,BFLOAT16,BFLOAT8_B,False,DEV_0_L1_INTERLEAVED,44,1,2,3576832.0,in0_block_w=44 and output subblock 1x2 look good 🤷 • Use HiFi2 or HiFi4 with BF16 activations for improved accuracy
27620,0.015392490367551807,,ReshapeViewDeviceOperation,0,3.784,0.661,3,,,,,BF16 => BF16,BFLOAT16,BFLOAT16,nan,False,DEV_0_DRAM_INTERLEAVED,,,,3611648.0,
27623,0.008733376986943906,,UntilizeWithUnpaddingDeviceOperation,0,2.028,0.494,87,,,,,BF16 => BF16,BFLOAT16,BFLOAT16,nan,False,DEV_0_L1_INTERLEAVED,,,,3614720.0,
27625,0.03446948236639161,,UntilizeWithUnpaddingDeviceOperation,0,1.259,8.695,87,,,,,BF16 => BF16,BFLOAT16,BFLOAT16,nan,False,DEV_0_L1_INTERLEAVED,,,,3616768.0,
27626,0.12703912297502937,,UntilizeWithUnpaddingDeviceOperation,0,1.25,35.436,87,,,,,BF16 => BF16,BFLOAT16,BFLOAT16,nan,False,DEV_0_L1_INTERLEAVED,,,,3617792.0,
27627,0.1273957993547499,,UntilizeWithUnpaddingDeviceOperation,0,1.245,35.544,87,,,,,BF16 => BF16,BFLOAT16,BFLOAT16,nan,False,DEV_0_L1_INTERLEAVED,,,,3618816.0,
27628,0.12724689562341027,,UntilizeWithUnpaddingDeviceOperation,0,1.248,35.498,87,,,,,BF16 => BF16,BFLOAT16,BFLOAT16,nan,False,DEV_0_L1_INTERLEAVED,,,,3619840.0,
27629,0.12717763807395,,UntilizeWithUnpaddingDeviceOperation,0,1.26,35.466,87,,,,,BF16 => BF16,BFLOAT16,BFLOAT16,nan,False,DEV_0_L1_INTERLEAVED,,,,3620864.0,
27630,0.12728152439814044,,UntilizeWithUnpaddingDeviceOperation,0,1.25,35.506,87,,,,,BF16 => BF16,BFLOAT16,BFLOAT16,nan,False,DEV_0_L1_INTERLEAVED,,,,3621888.0,
27635,0.1272330441135182,,UntilizeWithUnpaddingDeviceOperation,0,1.25,35.492,87,,,,,BF16 => BF16,BFLOAT16,BFLOAT16,nan,False,DEV_0_L1_INTERLEAVED,,,,3627008.0,
27637,0.12745813114926421,,UntilizeWithUnpaddingDeviceOperation,0,1.253,35.554,87,,,,,BF16 => BF16,BFLOAT16,BFLOAT16,nan,False,DEV_0_L1_INTERLEAVED,,,,3629056.0,
27640,0.1272953759080325,,UntilizeWithUnpaddingDeviceOperation,0,1.266,35.494,87,,,,,BF16 => BF16,BFLOAT16,BFLOAT16,nan,False,DEV_0_L1_INTERLEAVED,,,,3632128.0,
27642,0.1311668729228633,,UntilizeWithUnpaddingDeviceOperation,0,1.245,36.633,87,,,,,BF16 => BF16,BFLOAT16,BFLOAT16,nan,False,DEV_0_L1_INTERLEAVED,,,,3634176.0,
27643,0.12739926223222295,,UntilizeWithUnpaddingDeviceOperation,0,1.256,35.534,87,,,,,BF16 => BF16,BFLOAT16,BFLOAT16,nan,False,DEV_0_L1_INTERLEAVED,,,,3635200.0,
27651,0.12723650699099123,,UntilizeWithUnpaddingDeviceOperation,0,1.238,35.505,87,,,,,BF16 => BF16,BFLOAT16,BFLOAT16,nan,False,DEV_0_L1_INTERLEAVED,,,,3643392.0,
27658,0.1830710776465173,,AllReduceAsyncDeviceOperation,0,52.35975,0.507,89,,,,,"BF16, BF16 => BF16",BFLOAT16,BFLOAT16,BFLOAT16,False,DEV_0_L1_WIDTH_SHARDED,,,,3650560.0,
27661,0.16558094924968667,,BinaryNgDeviceOperation,0,2.084,45.732,109,,,,,"BF16, BF16 => BF16",BFLOAT16,BFLOAT16,BFLOAT16,False,DEV_0_DRAM_INTERLEAVED,,,,3655680.0,
27670,0.0,,PlusOneDeviceOperation,0,0,,,,,,,INT32 => INT32,INT32,INT32,nan,False,DEV_0_DRAM_INTERLEAVED,,,,3667968.0,
27674,0.0,,PlusOneDeviceOperation,0,0,,,,,,,UINT32 => UINT32,UINT32,UINT32,nan,False,DEV_0_DRAM_INTERLEAVED,,,,3668992.0,
27676,0.367937657262793,,UntilizeDeviceOperation,3,105.68,0.572,107,,,,,BF16 => BF16,BFLOAT16,BFLOAT16,nan,False,DEV_0_DRAM_INTERLEAVED,,,,3663875.0,
27677,5.030099633997226,,ArgMaxDeviceOperation,3,1451.991,0.587,109,,,,,"BF16, UINT32 => UINT32",UINT32,BFLOAT16,UINT32,False,DEV_0_DRAM_INTERLEAVED,,,,3664899.0,
27684,2.778735816497552,,AllGatherAsyncDeviceOperation,0,792.7545,9.681,3,,,,,BF16 => BF16,BFLOAT16,BFLOAT16,nan,False,DEV_0_DRAM_INTERLEAVED,,,,3662848.0,
