ID,Total %,Bound,OP Code,Device,Device Time,Op-to-Op Gap,Cores,DRAM,DRAM %,FLOPs,FLOPs %,Math Fidelity,Output Datatype,Input 0 Datatype,Input 1 Datatype,DRAM Sharded,Input 0 Memory,Inner Dim Block Size,Output Subblock H,Output Subblock W,Global Call Count,Advice
4099,0.09612837211304386,,LayerNormDeviceOperation,0,33.32,,1,,,,,"BF16, BF16 => BF16",BFLOAT16,BFLOAT16,BFLOAT16,False,DEV_1_DRAM_INTERLEAVED,,,,1356800.0,
4100,0.014958751782897128,,UntilizeCodegenDeviceOperation,0,4.672,0.513,110,,,,,BF16 => BF16,BFLOAT16,BFLOAT16,nan,False,DEV_1_DRAM_INTERLEAVED,,,,1357824.0,
4101,0.007287523047945641,,EmbeddingsDeviceOperation,0,1.096,1.43,1,,,,,"UINT32, BF16 => BF16",BFLOAT16,UINT32,BFLOAT16,False,DEV_1_DRAM_INTERLEAVED,,,,1358848.0,
4102,0.013421044029708284,,TilizeWithValPaddingDeviceOperation,0,3.193,1.459,1,,,,,BF16 => BF16,BFLOAT16,BFLOAT16,nan,False,DEV_1_DRAM_INTERLEAVED,,,,1359872.0,
4103,0.01502799190686811,,UntilizeCodegenDeviceOperation,0,4.696,0.513,110,,,,,BF16 => BF16,BFLOAT16,BFLOAT16,nan,False,DEV_1_DRAM_INTERLEAVED,,,,1360896.0,
4104,0.007022102572723551,,EmbeddingsDeviceOperation,0,1.084,1.35,1,,,,,"UINT32, BF16 => BF16",BFLOAT16,UINT32,BFLOAT16,False,DEV_1_DRAM_INTERLEAVED,,,,1361920.0,
4105,0.013051763368529723,,TilizeWithValPaddingDeviceOperation,0,3.091,1.433,1,,,,,BF16 => BF16,BFLOAT16,BFLOAT16,nan,False,DEV_1_DRAM_INTERLEAVED,,,,1362944.0,
4106,0.00572096524310222,,InterleavedToShardedDeviceOperation,0,0.499,1.484,1,,,,,BF16 => BF16,BFLOAT16,BFLOAT16,nan,False,DEV_1_DRAM_INTERLEAVED,,,,1363968.0,
4107,0.0055997950261530045,,InterleavedToShardedDeviceOperation,0,0.484,1.457,1,,,,,BF16 => BF16,BFLOAT16,BFLOAT16,nan,False,DEV_1_DRAM_INTERLEAVED,,,,1364992.0,
4108,0.00573250526376405,,InterleavedToShardedDeviceOperation,0,0.497,1.49,1,,,,,BF16 => BF16,BFLOAT16,BFLOAT16,nan,False,DEV_1_DRAM_INTERLEAVED,,,,1366016.0,
4109,0.09739777438584514,SLOW,MatmulDeviceOperation 32 x 2048 x 1344,0,33.232,0.528,42,172.18680789600384,33.63023591718825,5.300937891189215,9.129977353376487,HiFi4 BF16 x BF16 => BF16,BFLOAT16,BFLOAT16,BFLOAT16,False,DEV_1_DRAM_INTERLEAVED,2,1,1,1367040.0,"If possible place input 0 in L1 (currently in DEV_1_DRAM_INTERLEAVED) • Output subblock 1x1 is small, try out_subblock_h * out_subblock_w >= 2 if possible • HiFi2 may also work, it discards the lowest bit of the activations and has 2x the throughput of HiFi4"
4110,0.006736487061343259,,SliceDeviceOperation,0,1.695,0.64,24,,,,,BF16 => BF16,BFLOAT16,BFLOAT16,nan,False,DEV_1_DRAM_INTERLEAVED,,,,1368064.0,
4111,0.006615316844394044,,SliceDeviceOperation,0,1.69,0.603,16,,,,,BF16 => BF16,BFLOAT16,BFLOAT16,nan,False,DEV_1_DRAM_INTERLEAVED,,,,1369088.0,
4112,0.006165256038582674,,SliceDeviceOperation,0,1.108,1.029,2,,,,,BF16 => BF16,BFLOAT16,BFLOAT16,nan,False,DEV_1_DRAM_INTERLEAVED,,,,1370112.0,
4113,0.03081185516708608,,LayerNormDeviceOperation,0,9.496,1.184,1,,,,,"BF16, BF16 => BF16",BFLOAT16,BFLOAT16,BFLOAT16,False,DEV_1_DRAM_INTERLEAVED,,,,1371136.0,
4114,0.005648840113965782,,InterleavedToShardedDeviceOperation,0,0.492,1.466,1,,,,,BF16 => BF16,BFLOAT16,BFLOAT16,nan,False,DEV_1_DRAM_INTERLEAVED,,,,1372160.0,
4115,0.009650342278455333,,RotaryEmbeddingLlamaDeviceOperation,0,1.867,1.478,1,,,,,"BF16, BF16 => BF16",BFLOAT16,BFLOAT16,BFLOAT16,False,DEV_1_L1_HEIGHT_SHARDED,,,,1373184.0,
4116,0.00587098551170601,,ShardedToInterleavedDeviceOperation,0,0.527,1.508,1,,,,,BF16 => BF16,BFLOAT16,BFLOAT16,nan,False,DEV_1_L1_HEIGHT_SHARDED,,,,1374208.0,
4117,0.006675901952868652,,ConcatDeviceOperation,0,1.715,0.599,18,,,,,"BF16, BF16 => BF16",BFLOAT16,BFLOAT16,BFLOAT16,False,DEV_1_DRAM_INTERLEAVED,,,,1375232.0,
4118,0.04368474821535744,,LayerNormDeviceOperation,0,13.645,1.497,1,,,,,"BF16, BF16 => BF16",BFLOAT16,BFLOAT16,BFLOAT16,False,DEV_1_DRAM_INTERLEAVED,,,,1376256.0,
4119,0.06457795562360065,DRAM,MatmulDeviceOperation 32 x 768 x 5120,0,21.863,0.521,80,376.9451584869414,73.62210126698075,11.510691121986918,10.408249350754954,HiFi4 BF16 x BF16 => BF16,BFLOAT16,BFLOAT16,BFLOAT16,False,DEV_1_DRAM_INTERLEAVED,2,1,2,1377280.0,Try a DRAM-sharded program config (MatmulMultiCoreReuseMultiCastDRAMShardedProgramConfig) to improve throughput further
4120,0.04485317530736773,,UntilizeCodegenDeviceOperation,0,14.914,0.633,1,,,,,BF16 => BF16,BFLOAT16,BFLOAT16,nan,False,DEV_1_DRAM_INTERLEAVED,,,,1378304.0,
4121,0.021628883725434866,,ReshapeViewDeviceOperation,0,6.979,0.518,110,,,,,BF16 => BF16,BFLOAT16,BFLOAT16,nan,False,DEV_1_DRAM_INTERLEAVED,,,,1379328.0,
4122,0.02150482850332019,,TilizeWithValPaddingDeviceOperation,0,5.933,1.521,1,,,,,BF16 => BF16,BFLOAT16,BFLOAT16,nan,False,DEV_1_DRAM_INTERLEAVED,,,,1380352.0,
4123,0.0065172266687684895,,SliceDeviceOperation,0,1.643,0.616,6,,,,,BF16 => BF16,BFLOAT16,BFLOAT16,nan,False,DEV_1_DRAM_INTERLEAVED,,,,1381376.0,
4124,0.006710522014854142,,SliceDeviceOperation,0,1.674,0.652,2,,,,,BF16 => BF16,BFLOAT16,BFLOAT16,nan,False,DEV_1_DRAM_INTERLEAVED,,,,1382400.0,
4125,0.011762166059570221,,TransposeDeviceOperation,0,3.562,0.515,110,,,,,BF16 => BF16,BFLOAT16,BFLOAT16,nan,False,DEV_1_DRAM_INTERLEAVED,,,,1383424.0,
4126,0.1569933260887007,SLOW,MatmulDeviceOperation b={20} x 32 x 192 x 512,0,53.893,0.524,16,89.68289017126529,17.51618948657525,2.334795242424805,10.555895735789228,HiFi4 BF16 x BF16 => BF16,BFLOAT16,BFLOAT16,BFLOAT16,False,DEV_1_DRAM_INTERLEAVED,2,1,1,1384448.0,"If possible place input 0 in L1 (currently in DEV_1_DRAM_INTERLEAVED) • Output subblock 1x1 is small, try out_subblock_h * out_subblock_w >= 2 if possible • HiFi2 may also work, it discards the lowest bit of the activations and has 2x the throughput of HiFi4"
4127,0.01121113007296784,,TransposeDeviceOperation,0,3.364,0.522,110,,,,,BF16 => BF16,BFLOAT16,BFLOAT16,nan,False,DEV_1_DRAM_INTERLEAVED,,,,1385472.0,
4128,0.00553632491251294,,InterleavedToShardedDeviceOperation,0,0.494,1.425,1,,,,,BF16 => BF16,BFLOAT16,BFLOAT16,nan,False,DEV_1_DRAM_INTERLEAVED,,,,1386496.0,
4129,0.009644572268124417,,RotaryEmbeddingLlamaDeviceOperation,0,1.882,1.461,1,,,,,"BF16, BF16 => BF16",BFLOAT16,BFLOAT16,BFLOAT16,False,DEV_1_L1_HEIGHT_SHARDED,,,,1387520.0,
4130,0.0058507904755478075,,ShardedToInterleavedDeviceOperation,0,0.521,1.507,1,,,,,BF16 => BF16,BFLOAT16,BFLOAT16,nan,False,DEV_1_L1_HEIGHT_SHARDED,,,,1388544.0,
4131,0.006681671963199565,,ConcatDeviceOperation,0,1.725,0.591,18,,,,,"BF16, BF16 => BF16",BFLOAT16,BFLOAT16,BFLOAT16,False,DEV_1_DRAM_INTERLEAVED,,,,1389568.0,
4132,0.007140387784507308,,InterleavedToShardedDeviceOperation,0,0.97,1.505,1,,,,,BF16 => BF16,BFLOAT16,BFLOAT16,nan,False,DEV_1_DRAM_INTERLEAVED,,,,1390592.0,
4133,0.017298490972083164,,PagedUpdateCacheDeviceOperation,0,4.496,1.5,1,,,,,"BF16, BF16 => BF16",BFLOAT16,BFLOAT16,BFLOAT16,False,DEV_1_DRAM_INTERLEAVED,,,,1391616.0,
4134,0.12486013855583507,,SdpaDecodeDeviceOperation,0,40.619,2.66,110,,,,,"BF16, BF16 => BF16",BFLOAT16,BFLOAT16,BFLOAT16,False,DEV_1_DRAM_INTERLEAVED,,,,1392640.0,
4135,0.012209341860216135,,TransposeDeviceOperation,0,3.717,0.515,110,,,,,BF16 => BF16,BFLOAT16,BFLOAT16,nan,False,DEV_1_DRAM_INTERLEAVED,,,,1393664.0,
4136,0.3535169929545,SLOW,MatmulDeviceOperation b={20} x 32 x 512 x 256,0,121.997,0.539,8,51.0333860668705,9.967458216185644,1.3752154561177734,12.435035591342714,HiFi4 BF16 x BF16 => BF16,BFLOAT16,BFLOAT16,BFLOAT16,False,DEV_1_DRAM_INTERLEAVED,2,1,1,1394688.0,"If possible place input 0 in L1 (currently in DEV_1_DRAM_INTERLEAVED) • Output subblock 1x1 is small, try out_subblock_h * out_subblock_w >= 2 if possible • HiFi2 may also work, it discards the lowest bit of the activations and has 2x the throughput of HiFi4"
4137,0.008317469892013969,,TransposeDeviceOperation,0,2.367,0.516,110,,,,,BF16 => BF16,BFLOAT16,BFLOAT16,nan,False,DEV_1_DRAM_INTERLEAVED,,,,1395712.0,
4138,0.006387401436322901,,InterleavedToShardedDeviceOperation,0,0.715,1.499,1,,,,,BF16 => BF16,BFLOAT16,BFLOAT16,nan,False,DEV_1_DRAM_INTERLEAVED,,,,1396736.0,
4139,0.0061364059869281,,NLPConcatHeadsDecodeDeviceOperation,0,1.596,0.531,20,,,,,BF16 => BF16,BFLOAT16,BFLOAT16,nan,False,DEV_1_L1_HEIGHT_SHARDED,,,,1397760.0,
4140,0.008640590470545209,,ShardedToInterleavedDeviceOperation,0,1.805,1.19,20,,,,,BF16 => BF16,BFLOAT16,BFLOAT16,nan,False,DEV_1_L1_WIDTH_SHARDED,,,,1398784.0,
4141,0.008349204948834002,,SliceDeviceOperation,0,2.306,0.588,110,,,,,BF16 => BF16,BFLOAT16,BFLOAT16,nan,False,DEV_1_DRAM_INTERLEAVED,,,,1399808.0,
4142,0.2656137705681755,SLOW,MatmulDeviceOperation 32 x 5120 x 2048,0,91.538,0.529,64,234.11339552972535,45.72527256439948,7.3312574012978216,8.286378536984843,HiFi4 BF16 x BF16 => BF16,BFLOAT16,BFLOAT16,BFLOAT16,False,DEV_1_DRAM_INTERLEAVED,2,1,1,1400832.0,"If possible place input 0 in L1 (currently in DEV_1_DRAM_INTERLEAVED) • Output subblock 1x1 is small, try out_subblock_h * out_subblock_w >= 2 if possible • HiFi2 may also work, it discards the lowest bit of the activations and has 2x the throughput of HiFi4"
4143,0.009197396467478506,,BinaryNgDeviceOperation,0,2.629,0.559,110,,,,,"BF16, BF16 => BF16",BFLOAT16,BFLOAT16,BFLOAT16,False,DEV_1_DRAM_INTERLEAVED,,,,1401856.0,
4144,0.09795458038277843,,LayerNormDeviceOperation,0,33.403,0.55,1,,,,,"BF16, BF16 => BF16",BFLOAT16,BFLOAT16,BFLOAT16,False,DEV_1_DRAM_INTERLEAVED,,,,1402880.0,
4145,0.07594199097033773,SLOW,MatmulDeviceOperation 32 x 2048 x 64,0,25.71,0.613,2,25.809101516919483,5.040840140023336,0.32627802411513024,11.801143812034514,HiFi4 BF16 x FP32 => FP32,FLOAT32,BFLOAT16,FLOAT32,False,DEV_1_DRAM_INTERLEAVED,2,1,1,1403904.0,"If possible place input 0 in L1 (currently in DEV_1_DRAM_INTERLEAVED) • Output subblock 1x1 is small, try out_subblock_h * out_subblock_w >= 2 if possible • HiFi2 may also work, it discards the lowest bit of the activations and has 2x the throughput of HiFi4"
4146,0.010862044447947482,,UnaryDeviceOperation,0,3.221,0.544,110,,,,,FP32 => FP32,FLOAT32,FLOAT32,nan,False,DEV_1_DRAM_INTERLEAVED,,,,1404928.0,
4147,0.009309911668931347,,BinaryNgDeviceOperation,0,2.694,0.533,110,,,,,"FP32, FP32 => FP32",FLOAT32,FLOAT32,FLOAT32,False,DEV_1_DRAM_INTERLEAVED,,,,1405952.0,
4148,0.01627142913318029,,FillPadDeviceOperation,0,5.023,0.617,2,,,,,FP32 => FP32,FLOAT32,FLOAT32,nan,False,DEV_1_DRAM_INTERLEAVED,,,,1406976.0,
4149,0.010787034313645586,,ReduceDeviceOperation,0,2.283,1.456,1,,,,,FP32 => FP32,FLOAT32,FLOAT32,nan,False,DEV_1_DRAM_INTERLEAVED,,,,1408000.0,
4150,0.016877280217926366,,BinaryNgDeviceOperation,0,5.331,0.519,110,,,,,"FP32, FP32 => FP32",FLOAT32,FLOAT32,FLOAT32,False,DEV_1_DRAM_INTERLEAVED,,,,1409024.0,
4151,0.008124174545928316,,TypecastDeviceOperation,0,2.204,0.612,2,,,,,FP32 => BF16,BFLOAT16,FLOAT32,nan,False,DEV_1_DRAM_INTERLEAVED,,,,1410048.0,
4152,0.01595984857531088,,FillPadDeviceOperation,0,4.896,0.636,2,,,,,BF16 => BF16,BFLOAT16,BFLOAT16,nan,False,DEV_1_DRAM_INTERLEAVED,,,,1411072.0,
4153,0.04387515855627763,,TopKDeviceOperation,0,13.753,1.455,1,,,,,BF16 => BF16,BFLOAT16,BFLOAT16,nan,False,DEV_1_DRAM_INTERLEAVED,,,,1412096.0,
4154,0.0065576167410848945,,SliceDeviceOperation,0,0.805,1.468,1,,,,,BF16 => BF16,BFLOAT16,BFLOAT16,nan,False,DEV_1_DRAM_INTERLEAVED,,,,1413120.0,
4155,0.006629741870221331,,SliceDeviceOperation,0,0.824,1.474,1,,,,,UINT16 => UINT16,UINT16,UINT16,nan,False,DEV_1_DRAM_INTERLEAVED,,,,1414144.0,
4156,0.03133115609686843,,FillPadDeviceOperation,0,9.391,1.469,1,,,,,UINT16 => UINT16,UINT16,UINT16,nan,False,DEV_1_DRAM_INTERLEAVED,,,,1415168.0,
4157,0.0068201522111415265,,SliceDeviceOperation,0,1.736,0.628,2,,,,,FP32 => FP32,FLOAT32,FLOAT32,nan,False,DEV_1_DRAM_INTERLEAVED,,,,1416192.0,
4158,0.08998619611578483,,GatherDeviceOperation,0,29.701,1.49,1,,,,,"FP32, UINT16 => FP32",FLOAT32,FLOAT32,UINT16,False,DEV_1_DRAM_INTERLEAVED,,,,1417216.0,
4159,0.034706612140453716,,FillPadDeviceOperation,0,10.579,1.451,1,,,,,FP32 => FP32,FLOAT32,FLOAT32,nan,False,DEV_1_DRAM_INTERLEAVED,,,,1418240.0,
4160,0.00894928602324916,,ReduceDeviceOperation,0,1.615,1.487,1,,,,,FP32 => FP32,FLOAT32,FLOAT32,nan,False,DEV_1_DRAM_INTERLEAVED,,,,1419264.0,
4161,0.014021125104123443,,BinaryNgDeviceOperation,0,4.325,0.535,110,,,,,FP32 => FP32,FLOAT32,FLOAT32,nan,False,DEV_1_DRAM_INTERLEAVED,,,,1420288.0,
4162,0.01893717390606302,,BinaryNgDeviceOperation,0,6.056,0.508,110,,,,,"FP32, FP32 => FP32",FLOAT32,FLOAT32,FLOAT32,False,DEV_1_DRAM_INTERLEAVED,,,,1421312.0,
4163,0.007910684163684461,,TypecastDeviceOperation,0,1.276,1.466,1,,,,,FP32 => BF16,BFLOAT16,FLOAT32,nan,False,DEV_1_DRAM_INTERLEAVED,,,,1422336.0,
4164,0.01399804506279978,,PermuteDeviceOperation,0,4.241,0.611,4,,,,,BF16 => BF16,BFLOAT16,BFLOAT16,nan,False,DEV_1_DRAM_INTERLEAVED,,,,1423360.0,
4165,0.0077058487969369795,,UntilizeWithUnpaddingDeviceOperation,0,1.193,1.478,1,,,,,UINT16 => UINT16,UINT16,UINT16,nan,False,DEV_1_DRAM_INTERLEAVED,,,,1424384.0,
4166,0.015610762950290524,,UnaryDeviceOperation,0,4.899,0.512,110,,,,,BF16 => BF16,BFLOAT16,BFLOAT16,nan,False,DEV_1_DRAM_INTERLEAVED,,,,1425408.0,
4167,0.3451245129281842,,SparseMatmulDeviceOperation active=?/64 x 32 x 2048 x 3072,0,119.066,0.561,32,,,,,HiFi2 BF16 x BFP8 => BF16,BFLOAT16,BFLOAT16,BFLOAT8_B,False,DEV_1_DRAM_INTERLEAVED,8,1,1,1426432.0,Sparse matmul utilization is omitted because the CSV row has nnz=std::nullopt; pass --active-experts K to model K active experts per input batch group
4168,0.009298371648269518,,SliceDeviceOperation,0,2.647,0.576,110,,,,,BF16 => BF16,BFLOAT16,BFLOAT16,nan,False,DEV_1_DRAM_INTERLEAVED,,,,1427456.0,
4169,0.01046968374544526,,SliceDeviceOperation,0,3.127,0.502,110,,,,,BF16 => BF16,BFLOAT16,BFLOAT16,nan,False,DEV_1_DRAM_INTERLEAVED,,,,1428480.0,
4170,0.02046045663342458,,BinaryNgDeviceOperation,0,6.596,0.496,110,,,,,"BF16, BF16 => BF16",BFLOAT16,BFLOAT16,BFLOAT16,False,DEV_1_DRAM_INTERLEAVED,,,,1429504.0,
4171,0.014171145372727232,,BinaryNgDeviceOperation,0,4.41,0.502,110,,,,,"BF16, BF16 => BF16",BFLOAT16,BFLOAT16,BFLOAT16,False,DEV_1_DRAM_INTERLEAVED,,,,1430528.0,
4172,0.011133234933500486,,UnaryDeviceOperation,0,3.363,0.496,110,,,,,BF16 => BF16,BFLOAT16,BFLOAT16,nan,False,DEV_1_DRAM_INTERLEAVED,,,,1431552.0,
4173,0.20828583292536954,,SparseMatmulDeviceOperation active=?/64 x 32 x 1536 x 2048,0,71.604,0.592,32,,,,,HiFi2 BF16 x BFP8 => BF16,BFLOAT16,BFLOAT16,BFLOAT8_B,False,DEV_1_DRAM_INTERLEAVED,8,1,1,1432576.0,Sparse matmul utilization is omitted because the CSV row has nnz=std::nullopt; pass --active-experts K to model K active experts per input batch group
4174,0.018054362325433025,,FillPadDeviceOperation,0,5.683,0.575,110,,,,,BF16 => BF16,BFLOAT16,BFLOAT16,nan,False,DEV_1_DRAM_INTERLEAVED,,,,1433600.0,
4175,0.009197396467478506,,FastReduceNCDeviceOperation,0,2.602,0.586,64,,,,,BF16 => BF16,BFLOAT16,BFLOAT16,nan,False,DEV_1_DRAM_INTERLEAVED,,,,1434624.0,
4176,0.0064479865447975085,,SliceDeviceOperation,0,1.648,0.587,64,,,,,BF16 => BF16,BFLOAT16,BFLOAT16,nan,False,DEV_1_DRAM_INTERLEAVED,,,,1435648.0,
4177,0.10008371419488607,SLOW,MatmulDeviceOperation 32 x 2048 x 1536,0,34.135,0.556,48,191.03067233045257,37.31067818954152,5.897952014061812,8.888454882302838,HiFi4 BF16 x BF16 => BF16,BFLOAT16,BFLOAT16,BFLOAT16,False,DEV_1_DRAM_INTERLEAVED,2,1,1,1436672.0,"If possible place input 0 in L1 (currently in DEV_1_DRAM_INTERLEAVED) • Output subblock 1x1 is small, try out_subblock_h * out_subblock_w >= 2 if possible • HiFi2 may also work, it discards the lowest bit of the activations and has 2x the throughput of HiFi4"
4178,0.010186953239230427,,UnaryDeviceOperation,0,2.97,0.561,110,,,,,BF16 => BF16,BFLOAT16,BFLOAT16,nan,False,DEV_1_DRAM_INTERLEAVED,,,,1437696.0,
4179,0.09993080892111683,SLOW,MatmulDeviceOperation 32 x 2048 x 1536,0,33.931,0.707,48,192.17918717397066,37.53499749491615,5.933411688426512,8.941894061696011,HiFi4 BF16 x BF16 => BF16,BFLOAT16,BFLOAT16,BFLOAT16,False,DEV_1_DRAM_INTERLEAVED,2,1,1,1438720.0,"If possible place input 0 in L1 (currently in DEV_1_DRAM_INTERLEAVED) • Output subblock 1x1 is small, try out_subblock_h * out_subblock_w >= 2 if possible • HiFi2 may also work, it discards the lowest bit of the activations and has 2x the throughput of HiFi4"
4180,0.010244653342539578,,BinaryNgDeviceOperation,0,2.987,0.564,110,,,,,"BF16, BF16 => BF16",BFLOAT16,BFLOAT16,BFLOAT16,False,DEV_1_DRAM_INTERLEAVED,,,,1439744.0,
4181,0.08544808299052019,SLOW,MatmulDeviceOperation 32 x 1536 x 2048,0,29.026,0.592,64,224.6548611589609,43.87790257010955,6.9360777234203805,7.839714585390875,HiFi4 BF16 x BF16 => BF16,BFLOAT16,BFLOAT16,BFLOAT16,False,DEV_1_DRAM_INTERLEAVED,2,1,1,1440768.0,"If possible place input 0 in L1 (currently in DEV_1_DRAM_INTERLEAVED) • Output subblock 1x1 is small, try out_subblock_h * out_subblock_w >= 2 if possible • HiFi2 may also work, it discards the lowest bit of the activations and has 2x the throughput of HiFi4"
4182,0.008862735868285435,,BinaryNgDeviceOperation,0,2.511,0.561,110,,,,,"BF16, BF16 => BF16",BFLOAT16,BFLOAT16,BFLOAT16,False,DEV_1_DRAM_INTERLEAVED,,,,1441792.0,
4183,0.00883388581663086,,BinaryNgDeviceOperation,0,2.566,0.496,110,,,,,"BF16, BF16 => BF16",BFLOAT16,BFLOAT16,BFLOAT16,False,DEV_1_DRAM_INTERLEAVED,,,,1442816.0,
4184,0.10676538615808563,,LayerNormDeviceOperation,0,33.317,3.69,1,,,,,"BF16, BF16 => BF16",BFLOAT16,BFLOAT16,BFLOAT16,False,DEV_1_DRAM_INTERLEAVED,,,,1356800.0,
4185,0.015278987356262912,,UntilizeCodegenDeviceOperation,0,4.78,0.516,110,,,,,BF16 => BF16,BFLOAT16,BFLOAT16,nan,False,DEV_1_DRAM_INTERLEAVED,,,,1357824.0,
4186,0.007117307743183649,,EmbeddingsDeviceOperation,0,1.157,1.31,1,,,,,"UINT32, BF16 => BF16",BFLOAT16,UINT32,BFLOAT16,False,DEV_1_DRAM_INTERLEAVED,,,,1358848.0,
4187,0.013464319107190146,,TilizeWithValPaddingDeviceOperation,0,3.199,1.468,1,,,,,BF16 => BF16,BFLOAT16,BFLOAT16,nan,False,DEV_1_DRAM_INTERLEAVED,,,,1359872.0,
4188,0.015512672774664968,,UntilizeCodegenDeviceOperation,0,4.861,0.516,110,,,,,BF16 => BF16,BFLOAT16,BFLOAT16,nan,False,DEV_1_DRAM_INTERLEAVED,,,,1360896.0,
4189,0.0073106030892693,,EmbeddingsDeviceOperation,0,1.081,1.453,1,,,,,"UINT32, BF16 => BF16",BFLOAT16,UINT32,BFLOAT16,False,DEV_1_DRAM_INTERLEAVED,,,,1361920.0,
4190,0.013022913316875146,,TilizeWithValPaddingDeviceOperation,0,3.09,1.424,1,,,,,BF16 => BF16,BFLOAT16,BFLOAT16,nan,False,DEV_1_DRAM_INTERLEAVED,,,,1362944.0,
4191,0.005703655212109474,,InterleavedToShardedDeviceOperation,0,0.499,1.478,1,,,,,BF16 => BF16,BFLOAT16,BFLOAT16,nan,False,DEV_1_DRAM_INTERLEAVED,,,,1363968.0,
4192,0.00570942522244039,,InterleavedToShardedDeviceOperation,0,0.502,1.477,1,,,,,BF16 => BF16,BFLOAT16,BFLOAT16,nan,False,DEV_1_DRAM_INTERLEAVED,,,,1364992.0,
4193,0.005692115191447644,,InterleavedToShardedDeviceOperation,0,0.486,1.487,1,,,,,BF16 => BF16,BFLOAT16,BFLOAT16,nan,False,DEV_1_DRAM_INTERLEAVED,,,,1366016.0,
4194,0.09773243498503821,SLOW,MatmulDeviceOperation 32 x 2048 x 1344,0,33.355,0.521,42,171.55185129665716,33.50622095637835,5.281390136411332,9.096309620968592,HiFi4 BF16 x BF16 => BF16,BFLOAT16,BFLOAT16,BFLOAT16,False,DEV_1_DRAM_INTERLEAVED,2,1,1,1367040.0,"If possible place input 0 in L1 (currently in DEV_1_DRAM_INTERLEAVED) • Output subblock 1x1 is small, try out_subblock_h * out_subblock_w >= 2 if possible • HiFi2 may also work, it discards the lowest bit of the activations and has 2x the throughput of HiFi4"
4195,0.006739372066508716,,SliceDeviceOperation,0,1.704,0.632,24,,,,,BF16 => BF16,BFLOAT16,BFLOAT16,nan,False,DEV_1_DRAM_INTERLEAVED,,,,1368064.0,
4196,0.006895162345443422,,SliceDeviceOperation,0,1.79,0.6,16,,,,,BF16 => BF16,BFLOAT16,BFLOAT16,nan,False,DEV_1_DRAM_INTERLEAVED,,,,1369088.0,
4197,0.005553634943505686,,SliceDeviceOperation,0,1.116,0.809,2,,,,,BF16 => BF16,BFLOAT16,BFLOAT16,nan,False,DEV_1_DRAM_INTERLEAVED,,,,1370112.0,
4198,0.030592594774511317,,LayerNormDeviceOperation,0,9.445,1.159,1,,,,,"BF16, BF16 => BF16",BFLOAT16,BFLOAT16,BFLOAT16,False,DEV_1_DRAM_INTERLEAVED,,,,1371136.0,
4199,0.005669035150123984,,InterleavedToShardedDeviceOperation,0,0.487,1.478,1,,,,,BF16 => BF16,BFLOAT16,BFLOAT16,nan,False,DEV_1_DRAM_INTERLEAVED,,,,1372160.0,
4200,0.009589757169980725,,RotaryEmbeddingLlamaDeviceOperation,0,1.856,1.468,1,,,,,"BF16, BF16 => BF16",BFLOAT16,BFLOAT16,BFLOAT16,False,DEV_1_L1_HEIGHT_SHARDED,,,,1373184.0,
4201,0.0058825255323678395,,ShardedToInterleavedDeviceOperation,0,0.533,1.506,1,,,,,BF16 => BF16,BFLOAT16,BFLOAT16,nan,False,DEV_1_L1_HEIGHT_SHARDED,,,,1374208.0,
4202,0.006698981994192312,,ConcatDeviceOperation,0,1.725,0.597,18,,,,,"BF16, BF16 => BF16",BFLOAT16,BFLOAT16,BFLOAT16,False,DEV_1_DRAM_INTERLEAVED,,,,1375232.0,
4203,0.04335874263166074,,LayerNormDeviceOperation,0,13.551,1.478,1,,,,,"BF16, BF16 => BF16",BFLOAT16,BFLOAT16,BFLOAT16,False,DEV_1_DRAM_INTERLEAVED,,,,1376256.0,
4204,0.06425195003990396,DRAM,MatmulDeviceOperation 32 x 768 x 5120,0,21.759,0.512,80,378.74681740888826,73.97398777517348,11.565707982903625,10.457996946346594,HiFi4 BF16 x BF16 => BF16,BFLOAT16,BFLOAT16,BFLOAT16,False,DEV_1_DRAM_INTERLEAVED,2,1,2,1377280.0,Try a DRAM-sharded program config (MatmulMultiCoreReuseMultiCastDRAMShardedProgramConfig) to improve throughput further
4205,0.045614816671048504,,UntilizeCodegenDeviceOperation,0,15.022,0.789,1,,,,,BF16 => BF16,BFLOAT16,BFLOAT16,nan,False,DEV_1_DRAM_INTERLEAVED,,,,1378304.0,
4206,0.021646193756427613,,ReshapeViewDeviceOperation,0,6.981,0.522,110,,,,,BF16 => BF16,BFLOAT16,BFLOAT16,nan,False,DEV_1_DRAM_INTERLEAVED,,,,1379328.0,
4207,0.021539448565305683,,TilizeWithValPaddingDeviceOperation,0,5.939,1.527,1,,,,,BF16 => BF16,BFLOAT16,BFLOAT16,nan,False,DEV_1_DRAM_INTERLEAVED,,,,1380352.0,
4208,0.006531651694595777,,SliceDeviceOperation,0,1.651,0.613,6,,,,,BF16 => BF16,BFLOAT16,BFLOAT16,nan,False,DEV_1_DRAM_INTERLEAVED,,,,1381376.0,
4209,0.006716292025185057,,SliceDeviceOperation,0,1.657,0.671,2,,,,,BF16 => BF16,BFLOAT16,BFLOAT16,nan,False,DEV_1_DRAM_INTERLEAVED,,,,1382400.0,
4210,0.01173908601824656,,TransposeDeviceOperation,0,3.553,0.516,110,,,,,BF16 => BF16,BFLOAT16,BFLOAT16,nan,False,DEV_1_DRAM_INTERLEAVED,,,,1383424.0,
4211,0.15710295628498808,SLOW,MatmulDeviceOperation b={20} x 32 x 192 x 512,0,53.925,0.53,16,89.62967083912842,17.50579508576727,2.333409735744089,10.549631690104569,HiFi4 BF16 x BF16 => BF16,BFLOAT16,BFLOAT16,BFLOAT16,False,DEV_1_DRAM_INTERLEAVED,2,1,1,1384448.0,"If possible place input 0 in L1 (currently in DEV_1_DRAM_INTERLEAVED) • Output subblock 1x1 is small, try out_subblock_h * out_subblock_w >= 2 if possible • HiFi2 may also work, it discards the lowest bit of the activations and has 2x the throughput of HiFi4"
4212,0.011410195429384408,,TransposeDeviceOperation,0,3.434,0.521,110,,,,,BF16 => BF16,BFLOAT16,BFLOAT16,nan,False,DEV_1_DRAM_INTERLEAVED,,,,1385472.0,
4213,0.004737178481681212,,InterleavedToShardedDeviceOperation,0,0.473,1.169,1,,,,,BF16 => BF16,BFLOAT16,BFLOAT16,nan,False,DEV_1_DRAM_INTERLEAVED,,,,1386496.0,
4214,0.009713812392095397,,RotaryEmbeddingLlamaDeviceOperation,0,1.896,1.471,1,,,,,"BF16, BF16 => BF16",BFLOAT16,BFLOAT16,BFLOAT16,False,DEV_1_L1_HEIGHT_SHARDED,,,,1387520.0,
4215,0.0058507904755478075,,ShardedToInterleavedDeviceOperation,0,0.521,1.507,1,,,,,BF16 => BF16,BFLOAT16,BFLOAT16,nan,False,DEV_1_L1_HEIGHT_SHARDED,,,,1388544.0,
4216,0.006684556968365025,,ConcatDeviceOperation,0,1.721,0.596,18,,,,,"BF16, BF16 => BF16",BFLOAT16,BFLOAT16,BFLOAT16,False,DEV_1_DRAM_INTERLEAVED,,,,1389568.0,
4217,0.0071230777535145635,,InterleavedToShardedDeviceOperation,0,0.969,1.5,1,,,,,BF16 => BF16,BFLOAT16,BFLOAT16,nan,False,DEV_1_DRAM_INTERLEAVED,,,,1390592.0,
4218,0.01731003099274499,,PagedUpdateCacheDeviceOperation,0,4.505,1.495,1,,,,,"BF16, BF16 => BF16",BFLOAT16,BFLOAT16,BFLOAT16,False,DEV_1_DRAM_INTERLEAVED,,,,1391616.0,
4219,0.12451682294114562,,SdpaDecodeDeviceOperation,0,40.491,2.669,110,,,,,"BF16, BF16 => BF16",BFLOAT16,BFLOAT16,BFLOAT16,False,DEV_1_DRAM_INTERLEAVED,,,,1392640.0,
4220,0.01234205209782718,,TransposeDeviceOperation,0,3.762,0.516,110,,,,,BF16 => BF16,BFLOAT16,BFLOAT16,nan,False,DEV_1_DRAM_INTERLEAVED,,,,1393664.0,
4221,0.35298326699889043,SLOW,MatmulDeviceOperation b={20} x 32 x 512 x 256,0,121.805,0.546,8,51.11382948154838,9.983169820614918,1.3773831944501458,12.454636813242782,HiFi4 BF16 x BF16 => BF16,BFLOAT16,BFLOAT16,BFLOAT16,False,DEV_1_DRAM_INTERLEAVED,2,1,1,1394688.0,"If possible place input 0 in L1 (currently in DEV_1_DRAM_INTERLEAVED) • Output subblock 1x1 is small, try out_subblock_h * out_subblock_w >= 2 if possible • HiFi2 may also work, it discards the lowest bit of the activations and has 2x the throughput of HiFi4"
4222,0.008372284990157661,,TransposeDeviceOperation,0,2.384,0.518,110,,,,,BF16 => BF16,BFLOAT16,BFLOAT16,nan,False,DEV_1_DRAM_INTERLEAVED,,,,1395712.0,
4223,0.006364321394999242,,InterleavedToShardedDeviceOperation,0,0.71,1.496,1,,,,,BF16 => BF16,BFLOAT16,BFLOAT16,nan,False,DEV_1_DRAM_INTERLEAVED,,,,1396736.0,
4224,0.006130635976597184,,NLPConcatHeadsDecodeDeviceOperation,0,1.599,0.526,20,,,,,BF16 => BF16,BFLOAT16,BFLOAT16,nan,False,DEV_1_L1_HEIGHT_SHARDED,,,,1397760.0,
4225,0.008672325527365242,,ShardedToInterleavedDeviceOperation,0,1.821,1.185,20,,,,,BF16 => BF16,BFLOAT16,BFLOAT16,nan,False,DEV_1_L1_WIDTH_SHARDED,,,,1398784.0,
4226,0.008346319943668542,,SliceDeviceOperation,0,2.307,0.586,110,,,,,BF16 => BF16,BFLOAT16,BFLOAT16,nan,False,DEV_1_DRAM_INTERLEAVED,,,,1399808.0,
4227,0.26627732175623076,SLOW,MatmulDeviceOperation 32 x 5120 x 2048,0,91.783,0.514,64,233.4884673632372,45.60321628188226,7.31168778531972,8.264259378300103,HiFi4 BF16 x BF16 => BF16,BFLOAT16,BFLOAT16,BFLOAT16,False,DEV_1_DRAM_INTERLEAVED,2,1,1,1400832.0,"If possible place input 0 in L1 (currently in DEV_1_DRAM_INTERLEAVED) • Output subblock 1x1 is small, try out_subblock_h * out_subblock_w >= 2 if possible • HiFi2 may also work, it discards the lowest bit of the activations and has 2x the throughput of HiFi4"
4228,0.008963711049076447,,BinaryNgDeviceOperation,0,2.55,0.557,110,,,,,"BF16, BF16 => BF16",BFLOAT16,BFLOAT16,BFLOAT16,False,DEV_1_DRAM_INTERLEAVED,,,,1401856.0,
4229,0.09813345070303682,,LayerNormDeviceOperation,0,33.256,0.759,1,,,,,"BF16, BF16 => BF16",BFLOAT16,BFLOAT16,BFLOAT16,False,DEV_1_DRAM_INTERLEAVED,,,,1402880.0,
4230,0.07575158062941753,SLOW,MatmulDeviceOperation 32 x 2048 x 64,0,25.639,0.618,2,25.88057256523265,5.054799329147002,0.32718155934318804,11.833823760966004,HiFi4 BF16 x FP32 => FP32,FLOAT32,BFLOAT16,FLOAT32,False,DEV_1_DRAM_INTERLEAVED,2,1,1,1403904.0,"If possible place input 0 in L1 (currently in DEV_1_DRAM_INTERLEAVED) • Output subblock 1x1 is small, try out_subblock_h * out_subblock_w >= 2 if possible • HiFi2 may also work, it discards the lowest bit of the activations and has 2x the throughput of HiFi4"
4231,0.010810114354969246,,UnaryDeviceOperation,0,3.213,0.534,110,,,,,FP32 => FP32,FLOAT32,FLOAT32,nan,False,DEV_1_DRAM_INTERLEAVED,,,,1404928.0,
4232,0.00939934682906053,,BinaryNgDeviceOperation,0,2.726,0.532,110,,,,,"FP32, FP32 => FP32",FLOAT32,FLOAT32,FLOAT32,False,DEV_1_DRAM_INTERLEAVED,,,,1405952.0,
4233,0.016288739164173036,,FillPadDeviceOperation,0,5.036,0.61,2,,,,,FP32 => FP32,FLOAT32,FLOAT32,nan,False,DEV_1_DRAM_INTERLEAVED,,,,1406976.0,
4234,0.010729334210336436,,ReduceDeviceOperation,0,2.26,1.459,1,,,,,FP32 => FP32,FLOAT32,FLOAT32,nan,False,DEV_1_DRAM_INTERLEAVED,,,,1408000.0,
4235,0.016891705243753656,,BinaryNgDeviceOperation,0,5.33,0.525,110,,,,,"FP32, FP32 => FP32",FLOAT32,FLOAT32,FLOAT32,False,DEV_1_DRAM_INTERLEAVED,,,,1409024.0,
4236,0.007977039282489985,,TypecastDeviceOperation,0,2.152,0.613,2,,,,,FP32 => BF16,BFLOAT16,FLOAT32,nan,False,DEV_1_DRAM_INTERLEAVED,,,,1410048.0,
4237,0.015922343508159933,,FillPadDeviceOperation,0,4.873,0.646,2,,,,,BF16 => BF16,BFLOAT16,BFLOAT16,nan,False,DEV_1_DRAM_INTERLEAVED,,,,1411072.0,
4238,0.04388669857693946,,TopKDeviceOperation,0,13.759,1.453,1,,,,,BF16 => BF16,BFLOAT16,BFLOAT16,nan,False,DEV_1_DRAM_INTERLEAVED,,,,1412096.0,
4239,0.0065576167410848945,,SliceDeviceOperation,0,0.811,1.462,1,,,,,BF16 => BF16,BFLOAT16,BFLOAT16,nan,False,DEV_1_DRAM_INTERLEAVED,,,,1413120.0,
4240,0.006603776823732214,,SliceDeviceOperation,0,0.813,1.476,1,,,,,UINT16 => UINT16,UINT16,UINT16,nan,False,DEV_1_DRAM_INTERLEAVED,,,,1414144.0,
4241,0.03137154616918484,,FillPadDeviceOperation,0,9.381,1.493,1,,,,,UINT16 => UINT16,UINT16,UINT16,nan,False,DEV_1_DRAM_INTERLEAVED,,,,1415168.0,
4242,0.006912472376436166,,SliceDeviceOperation,0,1.76,0.636,2,,,,,FP32 => FP32,FLOAT32,FLOAT32,nan,False,DEV_1_DRAM_INTERLEAVED,,,,1416192.0,
4243,0.08980155578519555,,GatherDeviceOperation,0,29.628,1.499,1,,,,,"FP32, UINT16 => FP32",FLOAT32,FLOAT32,UINT16,False,DEV_1_DRAM_INTERLEAVED,,,,1417216.0,
4244,0.03469507211979188,,FillPadDeviceOperation,0,10.558,1.468,1,,,,,FP32 => FP32,FLOAT32,FLOAT32,nan,False,DEV_1_DRAM_INTERLEAVED,,,,1418240.0,
4245,0.00891466596126367,,ReduceDeviceOperation,0,1.604,1.486,1,,,,,FP32 => FP32,FLOAT32,FLOAT32,nan,False,DEV_1_DRAM_INTERLEAVED,,,,1419264.0,
4246,0.014067285186770764,,BinaryNgDeviceOperation,0,4.347,0.529,110,,,,,FP32 => FP32,FLOAT32,FLOAT32,nan,False,DEV_1_DRAM_INTERLEAVED,,,,1420288.0,
4247,0.018991989004206712,,BinaryNgDeviceOperation,0,6.069,0.514,110,,,,,"FP32, FP32 => FP32",FLOAT32,FLOAT32,FLOAT32,False,DEV_1_DRAM_INTERLEAVED,,,,1421312.0,
4248,0.007942419220504494,,TypecastDeviceOperation,0,1.297,1.456,1,,,,,FP32 => BF16,BFLOAT16,FLOAT32,nan,False,DEV_1_DRAM_INTERLEAVED,,,,1422336.0,
4249,0.01405574516610893,,PermuteDeviceOperation,0,4.261,0.611,4,,,,,BF16 => BF16,BFLOAT16,BFLOAT16,nan,False,DEV_1_DRAM_INTERLEAVED,,,,1423360.0,
4250,0.007671228734951487,,UntilizeWithUnpaddingDeviceOperation,0,1.185,1.474,1,,,,,UINT16 => UINT16,UINT16,UINT16,nan,False,DEV_1_DRAM_INTERLEAVED,,,,1424384.0,
4251,0.015838678358361665,,UnaryDeviceOperation,0,4.977,0.513,110,,,,,BF16 => BF16,BFLOAT16,BFLOAT16,nan,False,DEV_1_DRAM_INTERLEAVED,,,,1425408.0,
4252,0.34564092885280107,,SparseMatmulDeviceOperation active=?/64 x 32 x 2048 x 3072,0,119.27,0.536,32,,,,,HiFi2 BF16 x BFP8 => BF16,BFLOAT16,BFLOAT16,BFLOAT8_B,False,DEV_1_DRAM_INTERLEAVED,8,1,1,1426432.0,Sparse matmul utilization is omitted because the CSV row has nnz=std::nullopt; pass --active-experts K to model K active experts per input batch group
4253,0.009405116839391443,,SliceDeviceOperation,0,2.71,0.55,110,,,,,BF16 => BF16,BFLOAT16,BFLOAT16,nan,False,DEV_1_DRAM_INTERLEAVED,,,,1427456.0,
4254,0.009731122423088143,,SliceDeviceOperation,0,2.805,0.568,110,,,,,BF16 => BF16,BFLOAT16,BFLOAT16,nan,False,DEV_1_DRAM_INTERLEAVED,,,,1428480.0,
4255,0.0205066167160719,,BinaryNgDeviceOperation,0,6.575,0.533,110,,,,,"BF16, BF16 => BF16",BFLOAT16,BFLOAT16,BFLOAT16,False,DEV_1_DRAM_INTERLEAVED,,,,1429504.0,
4256,0.01388264485618148,,BinaryNgDeviceOperation,0,4.276,0.536,110,,,,,"BF16, BF16 => BF16",BFLOAT16,BFLOAT16,BFLOAT16,False,DEV_1_DRAM_INTERLEAVED,,,,1430528.0,
4257,0.011340955305413427,,UnaryDeviceOperation,0,3.349,0.582,110,,,,,BF16 => BF16,BFLOAT16,BFLOAT16,nan,False,DEV_1_DRAM_INTERLEAVED,,,,1431552.0,
4258,0.2068491003529717,,SparseMatmulDeviceOperation active=?/64 x 32 x 1536 x 2048,0,71.104,0.594,32,,,,,HiFi2 BF16 x BFP8 => BF16,BFLOAT16,BFLOAT16,BFLOAT8_B,False,DEV_1_DRAM_INTERLEAVED,8,1,1,1432576.0,Sparse matmul utilization is omitted because the CSV row has nnz=std::nullopt; pass --active-experts K to model K active experts per input batch group
4259,0.01772547173657087,,FillPadDeviceOperation,0,5.668,0.476,110,,,,,BF16 => BF16,BFLOAT16,BFLOAT16,nan,False,DEV_1_DRAM_INTERLEAVED,,,,1433600.0,
4260,0.009448391916873307,,FastReduceNCDeviceOperation,0,2.782,0.493,64,,,,,BF16 => BF16,BFLOAT16,BFLOAT16,nan,False,DEV_1_DRAM_INTERLEAVED,,,,1434624.0,
4261,0.006603776823732214,,SliceDeviceOperation,0,1.773,0.516,64,,,,,BF16 => BF16,BFLOAT16,BFLOAT16,nan,False,DEV_1_DRAM_INTERLEAVED,,,,1435648.0,
4262,0.09995100395727503,SLOW,MatmulDeviceOperation 32 x 2048 x 1536,0,34.173,0.472,48,190.81824832470076,37.26918912591812,5.891393556316391,8.878571018271952,HiFi4 BF16 x BF16 => BF16,BFLOAT16,BFLOAT16,BFLOAT16,False,DEV_1_DRAM_INTERLEAVED,2,1,1,1436672.0,"If possible place input 0 in L1 (currently in DEV_1_DRAM_INTERLEAVED) • Output subblock 1x1 is small, try out_subblock_h * out_subblock_w >= 2 if possible • HiFi2 may also work, it discards the lowest bit of the activations and has 2x the throughput of HiFi4"
4263,0.00986094765553373,,UnaryDeviceOperation,0,2.859,0.559,110,,,,,BF16 => BF16,BFLOAT16,BFLOAT16,nan,False,DEV_1_DRAM_INTERLEAVED,,,,1437696.0,
4264,0.09983560375065674,SLOW,MatmulDeviceOperation 32 x 2048 x 1536,0,33.795,0.81,48,192.9525669477733,37.68604823198697,5.957289303151352,8.977878603562875,HiFi4 BF16 x BF16 => BF16,BFLOAT16,BFLOAT16,BFLOAT16,False,DEV_1_DRAM_INTERLEAVED,2,1,1,1438720.0,"If possible place input 0 in L1 (currently in DEV_1_DRAM_INTERLEAVED) • Output subblock 1x1 is small, try out_subblock_h * out_subblock_w >= 2 if possible • HiFi2 may also work, it discards the lowest bit of the activations and has 2x the throughput of HiFi4"
4265,0.01027638839935961,,BinaryNgDeviceOperation,0,3.0,0.562,110,,,,,"BF16, BF16 => BF16",BFLOAT16,BFLOAT16,BFLOAT16,False,DEV_1_DRAM_INTERLEAVED,,,,1439744.0,
4266,0.08536153283555648,SLOW,MatmulDeviceOperation 32 x 1536 x 2048,0,29.012,0.576,64,224.76327037088097,43.89907624431269,6.939424789742175,7.843497709759944,HiFi4 BF16 x BF16 => BF16,BFLOAT16,BFLOAT16,BFLOAT16,False,DEV_1_DRAM_INTERLEAVED,2,1,1,1440768.0,"If possible place input 0 in L1 (currently in DEV_1_DRAM_INTERLEAVED) • Output subblock 1x1 is small, try out_subblock_h * out_subblock_w >= 2 if possible • HiFi2 may also work, it discards the lowest bit of the activations and has 2x the throughput of HiFi4"
4267,0.008952171028414616,,BinaryNgDeviceOperation,0,2.55,0.553,110,,,,,"BF16, BF16 => BF16",BFLOAT16,BFLOAT16,BFLOAT16,False,DEV_1_DRAM_INTERLEAVED,,,,1441792.0,
4268,0.00814148457692106,,BinaryNgDeviceOperation,0,2.271,0.551,110,,,,,"BF16, BF16 => BF16",BFLOAT16,BFLOAT16,BFLOAT16,False,DEV_1_DRAM_INTERLEAVED,,,,1442816.0,
4269,0.10740874230998265,,LayerNormDeviceOperation,0,33.617,3.613,1,,,,,"BF16, BF16 => BF16",BFLOAT16,BFLOAT16,BFLOAT16,False,DEV_1_DRAM_INTERLEAVED,,,,1356800.0,
4270,0.015134737097990038,,UntilizeCodegenDeviceOperation,0,4.73,0.516,110,,,,,BF16 => BF16,BFLOAT16,BFLOAT16,nan,False,DEV_1_DRAM_INTERLEAVED,,,,1357824.0,
4271,0.0070422976088817535,,EmbeddingsDeviceOperation,0,1.099,1.342,1,,,,,"UINT32, BF16 => BF16",BFLOAT16,UINT32,BFLOAT16,False,DEV_1_DRAM_INTERLEAVED,,,,1358848.0,
4272,0.013429699045204656,,TilizeWithValPaddingDeviceOperation,0,3.185,1.47,1,,,,,BF16 => BF16,BFLOAT16,BFLOAT16,nan,False,DEV_1_DRAM_INTERLEAVED,,,,1359872.0,
4273,0.015910803487498106,,UntilizeCodegenDeviceOperation,0,5.003,0.512,110,,,,,BF16 => BF16,BFLOAT16,BFLOAT16,nan,False,DEV_1_DRAM_INTERLEAVED,,,,1360896.0,
4274,0.007348108156420249,,EmbeddingsDeviceOperation,0,1.08,1.467,1,,,,,"UINT32, BF16 => BF16",BFLOAT16,UINT32,BFLOAT16,False,DEV_1_DRAM_INTERLEAVED,,,,1361920.0,
4275,0.013083498425349756,,TilizeWithValPaddingDeviceOperation,0,3.091,1.444,1,,,,,BF16 => BF16,BFLOAT16,BFLOAT16,nan,False,DEV_1_DRAM_INTERLEAVED,,,,1362944.0,
4276,0.005683460175951273,,InterleavedToShardedDeviceOperation,0,0.499,1.471,1,,,,,BF16 => BF16,BFLOAT16,BFLOAT16,nan,False,DEV_1_DRAM_INTERLEAVED,,,,1363968.0,
4277,0.005683460175951273,,InterleavedToShardedDeviceOperation,0,0.507,1.463,1,,,,,BF16 => BF16,BFLOAT16,BFLOAT16,nan,False,DEV_1_DRAM_INTERLEAVED,,,,1364992.0,
4278,0.005735390268929507,,InterleavedToShardedDeviceOperation,0,0.496,1.492,1,,,,,BF16 => BF16,BFLOAT16,BFLOAT16,nan,False,DEV_1_DRAM_INTERLEAVED,,,,1366016.0,
4279,0.09764588483007448,SLOW,MatmulDeviceOperation 32 x 2048 x 1344,0,33.33,0.516,42,171.68052805280527,33.53135313531353,5.285351575157516,9.103132535475769,HiFi4 BF16 x BF16 => BF16,BFLOAT16,BFLOAT16,BFLOAT16,False,DEV_1_DRAM_INTERLEAVED,2,1,1,1367040.0,"If possible place input 0 in L1 (currently in DEV_1_DRAM_INTERLEAVED) • Output subblock 1x1 is small, try out_subblock_h * out_subblock_w >= 2 if possible • HiFi2 may also work, it discards the lowest bit of the activations and has 2x the throughput of HiFi4"
4280,0.006727832045846886,,SliceDeviceOperation,0,1.691,0.641,24,,,,,BF16 => BF16,BFLOAT16,BFLOAT16,nan,False,DEV_1_DRAM_INTERLEAVED,,,,1368064.0,
4281,0.006560501746250352,,SliceDeviceOperation,0,1.67,0.604,16,,,,,BF16 => BF16,BFLOAT16,BFLOAT16,nan,False,DEV_1_DRAM_INTERLEAVED,,,,1369088.0,
4282,0.005954650661504277,,SliceDeviceOperation,0,1.071,0.993,2,,,,,BF16 => BF16,BFLOAT16,BFLOAT16,nan,False,DEV_1_DRAM_INTERLEAVED,,,,1370112.0,
4283,0.03070799498112961,,LayerNormDeviceOperation,0,9.431,1.213,1,,,,,"BF16, BF16 => BF16",BFLOAT16,BFLOAT16,BFLOAT16,False,DEV_1_DRAM_INTERLEAVED,,,,1371136.0,
4284,0.00569788520177856,,InterleavedToShardedDeviceOperation,0,0.497,1.478,1,,,,,BF16 => BF16,BFLOAT16,BFLOAT16,nan,False,DEV_1_DRAM_INTERLEAVED,,,,1372160.0,
4285,0.009627262237131673,,RotaryEmbeddingLlamaDeviceOperation,0,1.858,1.479,1,,,,,"BF16, BF16 => BF16",BFLOAT16,BFLOAT16,BFLOAT16,False,DEV_1_L1_HEIGHT_SHARDED,,,,1373184.0,
4286,0.005827710434224147,,ShardedToInterleavedDeviceOperation,0,0.507,1.513,1,,,,,BF16 => BF16,BFLOAT16,BFLOAT16,nan,False,DEV_1_L1_HEIGHT_SHARDED,,,,1374208.0,
4287,0.0066672469373722796,,ConcatDeviceOperation,0,1.716,0.595,18,,,,,"BF16, BF16 => BF16",BFLOAT16,BFLOAT16,BFLOAT16,False,DEV_1_DRAM_INTERLEAVED,,,,1375232.0,
4288,0.04301254201180584,,LayerNormDeviceOperation,0,13.43,1.479,1,,,,,"BF16, BF16 => BF16",BFLOAT16,BFLOAT16,BFLOAT16,False,DEV_1_DRAM_INTERLEAVED,,,,1376256.0,
4289,0.06430388013288219,DRAM,MatmulDeviceOperation 32 x 768 x 5120,0,21.773,0.516,80,378.5032838837092,73.92642263353694,11.558271253387222,10.451272473042556,HiFi4 BF16 x BF16 => BF16,BFLOAT16,BFLOAT16,BFLOAT16,False,DEV_1_DRAM_INTERLEAVED,2,1,2,1377280.0,Try a DRAM-sharded program config (MatmulMultiCoreReuseMultiCastDRAMShardedProgramConfig) to improve throughput further
4290,0.04538401625781191,,UntilizeCodegenDeviceOperation,0,15.03,0.701,1,,,,,BF16 => BF16,BFLOAT16,BFLOAT16,nan,False,DEV_1_DRAM_INTERLEAVED,,,,1378304.0,
4291,0.021637538740931238,,ReshapeViewDeviceOperation,0,6.982,0.518,110,,,,,BF16 => BF16,BFLOAT16,BFLOAT16,nan,False,DEV_1_DRAM_INTERLEAVED,,,,1379328.0,
4292,0.021548103580802055,,TilizeWithValPaddingDeviceOperation,0,5.939,1.53,1,,,,,BF16 => BF16,BFLOAT16,BFLOAT16,nan,False,DEV_1_DRAM_INTERLEAVED,,,,1380352.0,
4293,0.006762452107832376,,SliceDeviceOperation,0,1.734,0.61,6,,,,,BF16 => BF16,BFLOAT16,BFLOAT16,nan,False,DEV_1_DRAM_INTERLEAVED,,,,1381376.0,
4294,0.006644166896048619,,SliceDeviceOperation,0,1.599,0.704,2,,,,,BF16 => BF16,BFLOAT16,BFLOAT16,nan,False,DEV_1_DRAM_INTERLEAVED,,,,1382400.0,
4295,0.011643880847786463,,TransposeDeviceOperation,0,3.521,0.515,110,,,,,BF16 => BF16,BFLOAT16,BFLOAT16,nan,False,DEV_1_DRAM_INTERLEAVED,,,,1383424.0,
4296,0.15654038027772388,SLOW,MatmulDeviceOperation b={20} x 32 x 192 x 512,0,53.738,0.522,16,89.94156835014329,17.56671256838736,2.341529643827459,10.586342790741913,HiFi4 BF16 x BF16 => BF16,BFLOAT16,BFLOAT16,BFLOAT16,False,DEV_1_DRAM_INTERLEAVED,2,1,1,1384448.0,"If possible place input 0 in L1 (currently in DEV_1_DRAM_INTERLEAVED) • Output subblock 1x1 is small, try out_subblock_h * out_subblock_w >= 2 if possible • HiFi2 may also work, it discards the lowest bit of the activations and has 2x the throughput of HiFi4"
4297,0.011643880847786463,,TransposeDeviceOperation,0,3.509,0.527,110,,,,,BF16 => BF16,BFLOAT16,BFLOAT16,nan,False,DEV_1_DRAM_INTERLEAVED,,,,1385472.0,
4298,0.005115114158356145,,InterleavedToShardedDeviceOperation,0,0.487,1.286,1,,,,,BF16 => BF16,BFLOAT16,BFLOAT16,nan,False,DEV_1_DRAM_INTERLEAVED,,,,1386496.0,
4299,0.00964168726295896,,RotaryEmbeddingLlamaDeviceOperation,0,1.876,1.466,1,,,,,"BF16, BF16 => BF16",BFLOAT16,BFLOAT16,BFLOAT16,False,DEV_1_L1_HEIGHT_SHARDED,,,,1387520.0,
4300,0.005827710434224147,,ShardedToInterleavedDeviceOperation,0,0.519,1.501,1,,,,,BF16 => BF16,BFLOAT16,BFLOAT16,nan,False,DEV_1_L1_HEIGHT_SHARDED,,,,1388544.0,
4301,0.006690326978695939,,ConcatDeviceOperation,0,1.724,0.595,18,,,,,"BF16, BF16 => BF16",BFLOAT16,BFLOAT16,BFLOAT16,False,DEV_1_DRAM_INTERLEAVED,,,,1389568.0,
4302,0.007120192748349106,,InterleavedToShardedDeviceOperation,0,0.97,1.498,1,,,,,BF16 => BF16,BFLOAT16,BFLOAT16,nan,False,DEV_1_DRAM_INTERLEAVED,,,,1390592.0,
4303,0.017108080631162967,,PagedUpdateCacheDeviceOperation,0,4.444,1.486,1,,,,,"BF16, BF16 => BF16",BFLOAT16,BFLOAT16,BFLOAT16,False,DEV_1_DRAM_INTERLEAVED,,,,1391616.0,
4304,0.12455144300313112,,SdpaDecodeDeviceOperation,0,40.495,2.677,110,,,,,"BF16, BF16 => BF16",BFLOAT16,BFLOAT16,BFLOAT16,False,DEV_1_DRAM_INTERLEAVED,,,,1392640.0,
4305,0.012258386948028908,,TransposeDeviceOperation,0,3.735,0.514,110,,,,,BF16 => BF16,BFLOAT16,BFLOAT16,nan,False,DEV_1_DRAM_INTERLEAVED,,,,1393664.0,
4306,0.3527265015391647,SLOW,MatmulDeviceOperation b={20} x 32 x 512 x 256,0,121.711,0.551,8,51.15330578172885,9.990880035493916,1.3784469768550087,12.464255794768237,HiFi4 BF16 x BF16 => BF16,BFLOAT16,BFLOAT16,BFLOAT16,False,DEV_1_DRAM_INTERLEAVED,2,1,1,1394688.0,"If possible place input 0 in L1 (currently in DEV_1_DRAM_INTERLEAVED) • Output subblock 1x1 is small, try out_subblock_h * out_subblock_w >= 2 if possible • HiFi2 may also work, it discards the lowest bit of the activations and has 2x the throughput of HiFi4"
4307,0.008406905052143148,,TransposeDeviceOperation,0,2.404,0.51,110,,,,,BF16 => BF16,BFLOAT16,BFLOAT16,nan,False,DEV_1_DRAM_INTERLEAVED,,,,1395712.0,
4308,0.006384516431157445,,InterleavedToShardedDeviceOperation,0,0.721,1.492,1,,,,,BF16 => BF16,BFLOAT16,BFLOAT16,nan,False,DEV_1_DRAM_INTERLEAVED,,,,1396736.0,
4309,0.006087360899115321,,NLPConcatHeadsDecodeDeviceOperation,0,1.579,0.531,20,,,,,BF16 => BF16,BFLOAT16,BFLOAT16,nan,False,DEV_1_L1_HEIGHT_SHARDED,,,,1397760.0,
4310,0.008634820460214293,,ShardedToInterleavedDeviceOperation,0,1.739,1.254,20,,,,,BF16 => BF16,BFLOAT16,BFLOAT16,nan,False,DEV_1_L1_WIDTH_SHARDED,,,,1398784.0,
4311,0.008095324494273741,,SliceDeviceOperation,0,2.259,0.547,110,,,,,BF16 => BF16,BFLOAT16,BFLOAT16,nan,False,DEV_1_DRAM_INTERLEAVED,,,,1399808.0,
4312,0.26471941896688367,SLOW,MatmulDeviceOperation 32 x 5120 x 2048,0,91.184,0.573,64,235.02228461133532,45.90278996315143,7.359719248991051,8.318548413301878,HiFi4 BF16 x BF16 => BF16,BFLOAT16,BFLOAT16,BFLOAT16,False,DEV_1_DRAM_INTERLEAVED,2,1,1,1400832.0,"If possible place input 0 in L1 (currently in DEV_1_DRAM_INTERLEAVED) • Output subblock 1x1 is small, try out_subblock_h * out_subblock_w >= 2 if possible • HiFi2 may also work, it discards the lowest bit of the activations and has 2x the throughput of HiFi4"
4313,0.008839655826961777,,BinaryNgDeviceOperation,0,2.504,0.56,110,,,,,"BF16, BF16 => BF16",BFLOAT16,BFLOAT16,BFLOAT16,False,DEV_1_DRAM_INTERLEAVED,,,,1401856.0,
4314,0.09776994005218917,,LayerNormDeviceOperation,0,33.247,0.642,1,,,,,"BF16, BF16 => BF16",BFLOAT16,BFLOAT16,BFLOAT16,False,DEV_1_DRAM_INTERLEAVED,,,,1402880.0,
4315,0.07554674526267005,SLOW,MatmulDeviceOperation 32 x 2048 x 64,0,25.576,0.61,2,25.944322802627465,5.067250547388177,0.32798748827025337,11.862973389404418,HiFi4 BF16 x FP32 => FP32,FLOAT32,BFLOAT16,FLOAT32,False,DEV_1_DRAM_INTERLEAVED,2,1,1,1403904.0,"If possible place input 0 in L1 (currently in DEV_1_DRAM_INTERLEAVED) • Output subblock 1x1 is small, try out_subblock_h * out_subblock_w >= 2 if possible • HiFi2 may also work, it discards the lowest bit of the activations and has 2x the throughput of HiFi4"
4316,0.01083030939112745,,UnaryDeviceOperation,0,3.217,0.537,110,,,,,FP32 => FP32,FLOAT32,FLOAT32,nan,False,DEV_1_DRAM_INTERLEAVED,,,,1404928.0,
4317,0.009292601637938602,,BinaryNgDeviceOperation,0,2.691,0.53,110,,,,,"FP32, FP32 => FP32",FLOAT32,FLOAT32,FLOAT32,False,DEV_1_DRAM_INTERLEAVED,,,,1405952.0,
4318,0.016262774117683922,,FillPadDeviceOperation,0,5.024,0.613,2,,,,,FP32 => FP32,FLOAT32,FLOAT32,nan,False,DEV_1_DRAM_INTERLEAVED,,,,1406976.0,
4319,0.010717794189674605,,ReduceDeviceOperation,0,2.255,1.46,1,,,,,FP32 => FP32,FLOAT32,FLOAT32,nan,False,DEV_1_DRAM_INTERLEAVED,,,,1408000.0,
4320,0.01682535012494813,,BinaryNgDeviceOperation,0,5.316,0.516,110,,,,,"FP32, FP32 => FP32",FLOAT32,FLOAT32,FLOAT32,False,DEV_1_DRAM_INTERLEAVED,,,,1409024.0,
4321,0.007951074236000865,,TypecastDeviceOperation,0,2.144,0.612,2,,,,,FP32 => BF16,BFLOAT16,FLOAT32,nan,False,DEV_1_DRAM_INTERLEAVED,,,,1410048.0,
4322,0.015919458502994477,,FillPadDeviceOperation,0,4.877,0.641,2,,,,,BF16 => BF16,BFLOAT16,BFLOAT16,nan,False,DEV_1_DRAM_INTERLEAVED,,,,1411072.0,
4323,0.04382322846329941,,TopKDeviceOperation,0,13.739,1.451,1,,,,,BF16 => BF16,BFLOAT16,BFLOAT16,nan,False,DEV_1_DRAM_INTERLEAVED,,,,1412096.0,
4324,0.0065576167410848945,,SliceDeviceOperation,0,0.808,1.465,1,,,,,BF16 => BF16,BFLOAT16,BFLOAT16,nan,False,DEV_1_DRAM_INTERLEAVED,,,,1413120.0,
4325,0.006701866999357769,,SliceDeviceOperation,0,0.841,1.482,1,,,,,UINT16 => UINT16,UINT16,UINT16,nan,False,DEV_1_DRAM_INTERLEAVED,,,,1414144.0,
4326,0.03131673107104115,,FillPadDeviceOperation,0,9.387,1.468,1,,,,,UINT16 => UINT16,UINT16,UINT16,nan,False,DEV_1_DRAM_INTERLEAVED,,,,1415168.0,
4327,0.006794187164652409,,SliceDeviceOperation,0,1.732,0.623,2,,,,,FP32 => FP32,FLOAT32,FLOAT32,nan,False,DEV_1_DRAM_INTERLEAVED,,,,1416192.0,
4328,0.08975251069738277,,GatherDeviceOperation,0,29.619,1.491,1,,,,,"FP32, UINT16 => FP32",FLOAT32,FLOAT32,UINT16,False,DEV_1_DRAM_INTERLEAVED,,,,1417216.0,
4329,0.034778737269590146,,FillPadDeviceOperation,0,10.579,1.476,1,,,,,FP32 => FP32,FLOAT32,FLOAT32,nan,False,DEV_1_DRAM_INTERLEAVED,,,,1418240.0,
4330,0.008966596054241906,,ReduceDeviceOperation,0,1.613,1.495,1,,,,,FP32 => FP32,FLOAT32,FLOAT32,nan,False,DEV_1_DRAM_INTERLEAVED,,,,1419264.0,
4331,0.01405863017127439,,BinaryNgDeviceOperation,0,4.352,0.521,110,,,,,FP32 => FP32,FLOAT32,FLOAT32,nan,False,DEV_1_DRAM_INTERLEAVED,,,,1420288.0,
4332,0.01906411413334315,,BinaryNgDeviceOperation,0,6.101,0.507,110,,,,,"FP32, FP32 => FP32",FLOAT32,FLOAT32,FLOAT32,False,DEV_1_DRAM_INTERLEAVED,,,,1421312.0,
4333,0.008000119323813644,,TypecastDeviceOperation,0,1.312,1.461,1,,,,,FP32 => BF16,BFLOAT16,FLOAT32,nan,False,DEV_1_DRAM_INTERLEAVED,,,,1422336.0,
4334,0.014052860160943478,,PermuteDeviceOperation,0,4.253,0.618,4,,,,,BF16 => BF16,BFLOAT16,BFLOAT16,nan,False,DEV_1_DRAM_INTERLEAVED,,,,1423360.0,
4335,0.0077375838537570105,,UntilizeWithUnpaddingDeviceOperation,0,1.212,1.47,1,,,,,UINT16 => UINT16,UINT16,UINT16,nan,False,DEV_1_DRAM_INTERLEAVED,,,,1424384.0,
4336,0.016525309587740553,,UnaryDeviceOperation,0,5.213,0.515,110,,,,,BF16 => BF16,BFLOAT16,BFLOAT16,nan,False,DEV_1_DRAM_INTERLEAVED,,,,1425408.0,
4337,0.34524279813996794,,SparseMatmulDeviceOperation active=?/64 x 32 x 2048 x 3072,0,119.135,0.533,32,,,,,HiFi2 BF16 x BFP8 => BF16,BFLOAT16,BFLOAT16,BFLOAT8_B,False,DEV_1_DRAM_INTERLEAVED,8,1,1,1426432.0,Sparse matmul utilization is omitted because the CSV row has nnz=std::nullopt; pass --active-experts K to model K active experts per input batch group
4338,0.009370496777405955,,SliceDeviceOperation,0,2.699,0.549,110,,,,,BF16 => BF16,BFLOAT16,BFLOAT16,nan,False,DEV_1_DRAM_INTERLEAVED,,,,1427456.0,
4339,0.010530268853919871,,SliceDeviceOperation,0,3.115,0.535,110,,,,,BF16 => BF16,BFLOAT16,BFLOAT16,nan,False,DEV_1_DRAM_INTERLEAVED,,,,1428480.0,
4340,0.02057585684004288,,BinaryNgDeviceOperation,0,6.6,0.532,110,,,,,"BF16, BF16 => BF16",BFLOAT16,BFLOAT16,BFLOAT16,False,DEV_1_DRAM_INTERLEAVED,,,,1429504.0,
4341,0.01395476998531792,,BinaryNgDeviceOperation,0,4.33,0.507,110,,,,,"BF16, BF16 => BF16",BFLOAT16,BFLOAT16,BFLOAT16,False,DEV_1_DRAM_INTERLEAVED,,,,1430528.0,
4342,0.011326530279586139,,UnaryDeviceOperation,0,3.388,0.538,110,,,,,BF16 => BF16,BFLOAT16,BFLOAT16,nan,False,DEV_1_DRAM_INTERLEAVED,,,,1431552.0,
4343,0.20892053406177022,,SparseMatmulDeviceOperation active=?/64 x 32 x 1536 x 2048,0,71.781,0.635,32,,,,,HiFi2 BF16 x BFP8 => BF16,BFLOAT16,BFLOAT16,BFLOAT8_B,False,DEV_1_DRAM_INTERLEAVED,8,1,1,1432576.0,Sparse matmul utilization is omitted because the CSV row has nnz=std::nullopt; pass --active-experts K to model K active experts per input batch group
4344,0.017999547227289334,,FillPadDeviceOperation,0,5.686,0.553,110,,,,,BF16 => BF16,BFLOAT16,BFLOAT16,nan,False,DEV_1_DRAM_INTERLEAVED,,,,1433600.0,
4345,0.00907622625052929,,FastReduceNCDeviceOperation,0,2.527,0.619,64,,,,,BF16 => BF16,BFLOAT16,BFLOAT16,nan,False,DEV_1_DRAM_INTERLEAVED,,,,1434624.0,
4346,0.006698981994192312,,SliceDeviceOperation,0,1.726,0.596,64,,,,,BF16 => BF16,BFLOAT16,BFLOAT16,nan,False,DEV_1_DRAM_INTERLEAVED,,,,1435648.0,
4347,0.10003755411223877,SLOW,MatmulDeviceOperation 32 x 2048 x 1536,0,34.121,0.554,48,191.10905307581842,37.32598692887078,5.900371970340846,8.892101855379602,HiFi4 BF16 x BF16 => BF16,BFLOAT16,BFLOAT16,BFLOAT16,False,DEV_1_DRAM_INTERLEAVED,2,1,1,1436672.0,"If possible place input 0 in L1 (currently in DEV_1_DRAM_INTERLEAVED) • Output subblock 1x1 is small, try out_subblock_h * out_subblock_w >= 2 if possible • HiFi2 may also work, it discards the lowest bit of the activations and has 2x the throughput of HiFi4"
4348,0.009863832660699188,,UnaryDeviceOperation,0,2.862,0.557,110,,,,,BF16 => BF16,BFLOAT16,BFLOAT16,nan,False,DEV_1_DRAM_INTERLEAVED,,,,1437696.0,
4349,0.10020199940666984,SLOW,MatmulDeviceOperation 32 x 2048 x 1536,0,33.979,0.753,48,191.90770770181584,37.48197416051091,5.925029930251037,8.929262409353052,HiFi4 BF16 x BF16 => BF16,BFLOAT16,BFLOAT16,BFLOAT16,False,DEV_1_DRAM_INTERLEAVED,2,1,1,1438720.0,"If possible place input 0 in L1 (currently in DEV_1_DRAM_INTERLEAVED) • Output subblock 1x1 is small, try out_subblock_h * out_subblock_w >= 2 if possible • HiFi2 may also work, it discards the lowest bit of the activations and has 2x the throughput of HiFi4"
4350,0.010657209081199999,,BinaryNgDeviceOperation,0,3.132,0.562,110,,,,,"BF16, BF16 => BF16",BFLOAT16,BFLOAT16,BFLOAT16,False,DEV_1_DRAM_INTERLEAVED,,,,1439744.0,
4351,0.08519997254629084,SLOW,MatmulDeviceOperation 32 x 1536 x 2048,0,28.953,0.579,64,225.22128967637204,43.98853313991641,6.953565848098642,7.859481074691933,HiFi4 BF16 x BF16 => BF16,BFLOAT16,BFLOAT16,BFLOAT16,False,DEV_1_DRAM_INTERLEAVED,2,1,1,1440768.0,"If possible place input 0 in L1 (currently in DEV_1_DRAM_INTERLEAVED) • Output subblock 1x1 is small, try out_subblock_h * out_subblock_w >= 2 if possible • HiFi2 may also work, it discards the lowest bit of the activations and has 2x the throughput of HiFi4"
4352,0.00853384527942328,,BinaryNgDeviceOperation,0,2.397,0.561,110,,,,,"BF16, BF16 => BF16",BFLOAT16,BFLOAT16,BFLOAT16,False,DEV_1_DRAM_INTERLEAVED,,,,1441792.0,
4353,0.008354974959164915,,BinaryNgDeviceOperation,0,2.406,0.49,110,,,,,"BF16, BF16 => BF16",BFLOAT16,BFLOAT16,BFLOAT16,False,DEV_1_DRAM_INTERLEAVED,,,,1442816.0,
4354,0.10638168047107979,,LayerNormDeviceOperation,0,33.21,3.664,1,,,,,"BF16, BF16 => BF16",BFLOAT16,BFLOAT16,BFLOAT16,False,DEV_1_DRAM_INTERLEAVED,,,,1356800.0,
4355,0.0147164113489987,,UntilizeCodegenDeviceOperation,0,4.583,0.518,110,,,,,BF16 => BF16,BFLOAT16,BFLOAT16,nan,False,DEV_1_DRAM_INTERLEAVED,,,,1357824.0,
4356,0.00749524341985858,,EmbeddingsDeviceOperation,0,1.099,1.499,1,,,,,"UINT32, BF16 => BF16",BFLOAT16,UINT32,BFLOAT16,False,DEV_1_DRAM_INTERLEAVED,,,,1358848.0,
4357,0.013421044029708284,,TilizeWithValPaddingDeviceOperation,0,3.202,1.45,1,,,,,BF16 => BF16,BFLOAT16,BFLOAT16,nan,False,DEV_1_DRAM_INTERLEAVED,,,,1359872.0,
4358,0.014927016726077097,,UntilizeCodegenDeviceOperation,0,4.655,0.519,110,,,,,BF16 => BF16,BFLOAT16,BFLOAT16,nan,False,DEV_1_DRAM_INTERLEAVED,,,,1360896.0,
4359,0.0073134880944347586,,EmbeddingsDeviceOperation,0,1.087,1.448,1,,,,,"UINT32, BF16 => BF16",BFLOAT16,UINT32,BFLOAT16,False,DEV_1_DRAM_INTERLEAVED,,,,1361920.0,
4360,0.01309215344084613,,TilizeWithValPaddingDeviceOperation,0,3.114,1.424,1,,,,,BF16 => BF16,BFLOAT16,BFLOAT16,nan,False,DEV_1_DRAM_INTERLEAVED,,,,1362944.0,
4361,0.005703655212109475,,InterleavedToShardedDeviceOperation,0,0.496,1.481,1,,,,,BF16 => BF16,BFLOAT16,BFLOAT16,nan,False,DEV_1_DRAM_INTERLEAVED,,,,1363968.0,
4362,0.005669035150123985,,InterleavedToShardedDeviceOperation,0,0.486,1.479,1,,,,,BF16 => BF16,BFLOAT16,BFLOAT16,nan,False,DEV_1_DRAM_INTERLEAVED,,,,1364992.0,
4363,0.00568634518111673,,InterleavedToShardedDeviceOperation,0,0.493,1.478,1,,,,,BF16 => BF16,BFLOAT16,BFLOAT16,nan,False,DEV_1_DRAM_INTERLEAVED,,,,1366016.0,
4364,0.09762857479908174,SLOW,MatmulDeviceOperation 32 x 2048 x 1344,0,33.321,0.519,42,171.72689895261246,33.54040995168212,5.286779148284865,9.105591290999891,HiFi4 BF16 x BF16 => BF16,BFLOAT16,BFLOAT16,BFLOAT16,False,DEV_1_DRAM_INTERLEAVED,2,1,1,1367040.0,"If possible place input 0 in L1 (currently in DEV_1_DRAM_INTERLEAVED) • Output subblock 1x1 is small, try out_subblock_h * out_subblock_w >= 2 if possible • HiFi2 may also work, it discards the lowest bit of the activations and has 2x the throughput of HiFi4"
4365,0.006733602056177802,,SliceDeviceOperation,0,1.696,0.638,24,,,,,BF16 => BF16,BFLOAT16,BFLOAT16,nan,False,DEV_1_DRAM_INTERLEAVED,,,,1368064.0,
4366,0.006534536699761235,,SliceDeviceOperation,0,1.661,0.604,16,,,,,BF16 => BF16,BFLOAT16,BFLOAT16,nan,False,DEV_1_DRAM_INTERLEAVED,,,,1369088.0,
4367,0.005951765656338819,,SliceDeviceOperation,0,1.031,1.032,2,,,,,BF16 => BF16,BFLOAT16,BFLOAT16,nan,False,DEV_1_DRAM_INTERLEAVED,,,,1370112.0,
4368,0.0310080355183372,,LayerNormDeviceOperation,0,9.483,1.265,1,,,,,"BF16, BF16 => BF16",BFLOAT16,BFLOAT16,BFLOAT16,False,DEV_1_DRAM_INTERLEAVED,,,,1371136.0,
4369,0.005648840113965783,,InterleavedToShardedDeviceOperation,0,0.493,1.465,1,,,,,BF16 => BF16,BFLOAT16,BFLOAT16,nan,False,DEV_1_DRAM_INTERLEAVED,,,,1372160.0,
4370,0.009673422319778992,,RotaryEmbeddingLlamaDeviceOperation,0,1.879,1.474,1,,,,,"BF16, BF16 => BF16",BFLOAT16,BFLOAT16,BFLOAT16,False,DEV_1_L1_HEIGHT_SHARDED,,,,1373184.0,
4371,0.00585944549104418,,ShardedToInterleavedDeviceOperation,0,0.523,1.508,1,,,,,BF16 => BF16,BFLOAT16,BFLOAT16,nan,False,DEV_1_L1_HEIGHT_SHARDED,,,,1374208.0,
4372,0.0067191770303505136,,ConcatDeviceOperation,0,1.73,0.599,18,,,,,"BF16, BF16 => BF16",BFLOAT16,BFLOAT16,BFLOAT16,False,DEV_1_DRAM_INTERLEAVED,,,,1375232.0,
4373,0.04334431760583346,,LayerNormDeviceOperation,0,13.564,1.46,1,,,,,"BF16, BF16 => BF16",BFLOAT16,BFLOAT16,BFLOAT16,False,DEV_1_DRAM_INTERLEAVED,,,,1376256.0,
4374,0.06360859388800692,DRAM,MatmulDeviceOperation 32 x 768 x 5120,0,21.529,0.519,80,382.7930698128106,74.76427144781456,11.689267499651633,10.56972249317458,HiFi4 BF16 x BF16 => BF16,BFLOAT16,BFLOAT16,BFLOAT16,False,DEV_1_DRAM_INTERLEAVED,2,1,2,1377280.0,Try a DRAM-sharded program config (MatmulMultiCoreReuseMultiCastDRAMShardedProgramConfig) to improve throughput further
4375,0.04480701522472041,,UntilizeCodegenDeviceOperation,0,14.899,0.632,1,,,,,BF16 => BF16,BFLOAT16,BFLOAT16,nan,False,DEV_1_DRAM_INTERLEAVED,,,,1378304.0,
4376,0.021608688689276664,,ReshapeViewDeviceOperation,0,6.966,0.524,110,,,,,BF16 => BF16,BFLOAT16,BFLOAT16,nan,False,DEV_1_DRAM_INTERLEAVED,,,,1379328.0,
4377,0.02149617348782382,,TilizeWithValPaddingDeviceOperation,0,5.944,1.507,1,,,,,BF16 => BF16,BFLOAT16,BFLOAT16,nan,False,DEV_1_DRAM_INTERLEAVED,,,,1380352.0,
4378,0.006577811777243096,,SliceDeviceOperation,0,1.668,0.612,6,,,,,BF16 => BF16,BFLOAT16,BFLOAT16,nan,False,DEV_1_DRAM_INTERLEAVED,,,,1381376.0,
4379,0.006612431839228586,,SliceDeviceOperation,0,1.642,0.65,2,,,,,BF16 => BF16,BFLOAT16,BFLOAT16,nan,False,DEV_1_DRAM_INTERLEAVED,,,,1382400.0,
4380,0.011776591085397508,,TransposeDeviceOperation,0,3.567,0.515,110,,,,,BF16 => BF16,BFLOAT16,BFLOAT16,nan,False,DEV_1_DRAM_INTERLEAVED,,,,1383424.0,
4381,0.1560960894822434,SLOW,MatmulDeviceOperation b={20} x 32 x 192 x 512,0,53.584,0.522,16,90.2000597193192,17.61719916392953,2.3482591818453273,10.616767857735312,HiFi4 BF16 x BF16 => BF16,BFLOAT16,BFLOAT16,BFLOAT16,False,DEV_1_DRAM_INTERLEAVED,2,1,1,1384448.0,"If possible place input 0 in L1 (currently in DEV_1_DRAM_INTERLEAVED) • Output subblock 1x1 is small, try out_subblock_h * out_subblock_w >= 2 if possible • HiFi2 may also work, it discards the lowest bit of the activations and has 2x the throughput of HiFi4"
4382,0.011216900083298755,,TransposeDeviceOperation,0,3.364,0.524,110,,,,,BF16 => BF16,BFLOAT16,BFLOAT16,nan,False,DEV_1_DRAM_INTERLEAVED,,,,1385472.0,
4383,0.005340144561261829,,InterleavedToShardedDeviceOperation,0,0.493,1.358,1,,,,,BF16 => BF16,BFLOAT16,BFLOAT16,nan,False,DEV_1_DRAM_INTERLEAVED,,,,1386496.0,
4384,0.009728237417922685,,RotaryEmbeddingLlamaDeviceOperation,0,1.906,1.466,1,,,,,"BF16, BF16 => BF16",BFLOAT16,BFLOAT16,BFLOAT16,False,DEV_1_L1_HEIGHT_SHARDED,,,,1387520.0,
4385,0.005833480444555061,,ShardedToInterleavedDeviceOperation,0,0.507,1.515,1,,,,,BF16 => BF16,BFLOAT16,BFLOAT16,nan,False,DEV_1_L1_HEIGHT_SHARDED,,,,1388544.0,
4386,0.006713407020019598,,ConcatDeviceOperation,0,1.731,0.596,18,,,,,"BF16, BF16 => BF16",BFLOAT16,BFLOAT16,BFLOAT16,False,DEV_1_DRAM_INTERLEAVED,,,,1389568.0,
4387,0.007085572686363616,,InterleavedToShardedDeviceOperation,0,0.976,1.48,1,,,,,BF16 => BF16,BFLOAT16,BFLOAT16,nan,False,DEV_1_DRAM_INTERLEAVED,,,,1390592.0,
4388,0.017246560879104925,,PagedUpdateCacheDeviceOperation,0,4.493,1.485,1,,,,,"BF16, BF16 => BF16",BFLOAT16,BFLOAT16,BFLOAT16,False,DEV_1_DRAM_INTERLEAVED,,,,1391616.0,
4389,0.124796668442195,,SdpaDecodeDeviceOperation,0,40.577,2.68,110,,,,,"BF16, BF16 => BF16",BFLOAT16,BFLOAT16,BFLOAT16,False,DEV_1_DRAM_INTERLEAVED,,,,1392640.0,
4390,0.01269690773317845,,TransposeDeviceOperation,0,3.889,0.512,110,,,,,BF16 => BF16,BFLOAT16,BFLOAT16,nan,False,DEV_1_DRAM_INTERLEAVED,,,,1393664.0,
4391,0.35438249450413734,SLOW,MatmulDeviceOperation b={20} x 32 x 512 x 256,0,122.293,0.543,8,50.909864015111246,9.943332815451415,1.3718868618808924,12.404937625514433,HiFi4 BF16 x BF16 => BF16,BFLOAT16,BFLOAT16,BFLOAT16,False,DEV_1_DRAM_INTERLEAVED,2,1,1,1394688.0,"If possible place input 0 in L1 (currently in DEV_1_DRAM_INTERLEAVED) • Output subblock 1x1 is small, try out_subblock_h * out_subblock_w >= 2 if possible • HiFi2 may also work, it discards the lowest bit of the activations and has 2x the throughput of HiFi4"
4392,0.008340549933337629,,TransposeDeviceOperation,0,2.37,0.521,110,,,,,BF16 => BF16,BFLOAT16,BFLOAT16,nan,False,DEV_1_DRAM_INTERLEAVED,,,,1395712.0,
4393,0.006370091405330157,,InterleavedToShardedDeviceOperation,0,0.72,1.488,1,,,,,BF16 => BF16,BFLOAT16,BFLOAT16,nan,False,DEV_1_DRAM_INTERLEAVED,,,,1396736.0,
4394,0.006038315811302544,,NLPConcatHeadsDecodeDeviceOperation,0,1.563,0.53,20,,,,,BF16 => BF16,BFLOAT16,BFLOAT16,nan,False,DEV_1_L1_HEIGHT_SHARDED,,,,1397760.0,
4395,0.008542500294919654,,ShardedToInterleavedDeviceOperation,0,1.711,1.25,20,,,,,BF16 => BF16,BFLOAT16,BFLOAT16,nan,False,DEV_1_L1_WIDTH_SHARDED,,,,1398784.0,
4396,0.0083290099126758,,SliceDeviceOperation,0,2.333,0.554,110,,,,,BF16 => BF16,BFLOAT16,BFLOAT16,nan,False,DEV_1_DRAM_INTERLEAVED,,,,1399808.0,
4397,0.26650812216946734,SLOW,MatmulDeviceOperation 32 x 5120 x 2048,0,91.881,0.496,64,233.2394292617625,45.554576027687986,7.3038891609799625,8.255444743946175,HiFi4 BF16 x BF16 => BF16,BFLOAT16,BFLOAT16,BFLOAT16,False,DEV_1_DRAM_INTERLEAVED,2,1,1,1400832.0,"If possible place input 0 in L1 (currently in DEV_1_DRAM_INTERLEAVED) • Output subblock 1x1 is small, try out_subblock_h * out_subblock_w >= 2 if possible • HiFi2 may also work, it discards the lowest bit of the activations and has 2x the throughput of HiFi4"
4398,0.008992561100731022,,BinaryNgDeviceOperation,0,2.554,0.563,110,,,,,"BF16, BF16 => BF16",BFLOAT16,BFLOAT16,BFLOAT16,False,DEV_1_DRAM_INTERLEAVED,,,,1401856.0,
4399,0.0977410900005346,,LayerNormDeviceOperation,0,33.31,0.569,1,,,,,"BF16, BF16 => BF16",BFLOAT16,BFLOAT16,BFLOAT16,False,DEV_1_DRAM_INTERLEAVED,,,,1402880.0,
4400,0.07599392106331597,SLOW,MatmulDeviceOperation 32 x 2048 x 64,0,25.727,0.614,2,25.79204726551871,5.037509231546624,0.32606242469001434,11.793345800420079,HiFi4 BF16 x FP32 => FP32,FLOAT32,BFLOAT16,FLOAT32,False,DEV_1_DRAM_INTERLEAVED,2,1,1,1403904.0,"If possible place input 0 in L1 (currently in DEV_1_DRAM_INTERLEAVED) • Output subblock 1x1 is small, try out_subblock_h * out_subblock_w >= 2 if possible • HiFi2 may also work, it discards the lowest bit of the activations and has 2x the throughput of HiFi4"
4401,0.010812999360134705,,UnaryDeviceOperation,0,3.204,0.544,110,,,,,FP32 => FP32,FLOAT32,FLOAT32,nan,False,DEV_1_DRAM_INTERLEAVED,,,,1404928.0,
4402,0.009332991710255008,,BinaryNgDeviceOperation,0,2.712,0.523,110,,,,,"FP32, FP32 => FP32",FLOAT32,FLOAT32,FLOAT32,False,DEV_1_DRAM_INTERLEAVED,,,,1405952.0,
4403,0.016254119102187544,,FillPadDeviceOperation,0,5.026,0.608,2,,,,,FP32 => FP32,FLOAT32,FLOAT32,nan,False,DEV_1_DRAM_INTERLEAVED,,,,1406976.0,
4404,0.010810114354969246,,ReduceDeviceOperation,0,2.261,1.486,1,,,,,FP32 => FP32,FLOAT32,FLOAT32,nan,False,DEV_1_DRAM_INTERLEAVED,,,,1408000.0,
4405,0.016854200176602708,,BinaryNgDeviceOperation,0,5.326,0.516,110,,,,,"FP32, FP32 => FP32",FLOAT32,FLOAT32,FLOAT32,False,DEV_1_DRAM_INTERLEAVED,,,,1409024.0,
4406,0.008115519530431943,,TypecastDeviceOperation,0,2.201,0.612,2,,,,,FP32 => BF16,BFLOAT16,FLOAT32,nan,False,DEV_1_DRAM_INTERLEAVED,,,,1410048.0,
4407,0.01594253854431814,,FillPadDeviceOperation,0,4.89,0.636,2,,,,,BF16 => BF16,BFLOAT16,BFLOAT16,nan,False,DEV_1_DRAM_INTERLEAVED,,,,1411072.0,
4408,0.04395593870091045,,TopKDeviceOperation,0,13.759,1.477,1,,,,,BF16 => BF16,BFLOAT16,BFLOAT16,nan,False,DEV_1_DRAM_INTERLEAVED,,,,1412096.0,
4409,0.006540306710092149,,SliceDeviceOperation,0,0.81,1.457,1,,,,,BF16 => BF16,BFLOAT16,BFLOAT16,nan,False,DEV_1_DRAM_INTERLEAVED,,,,1413120.0,
4410,0.006623971859890418,,SliceDeviceOperation,0,0.827,1.469,1,,,,,UINT16 => UINT16,UINT16,UINT16,nan,False,DEV_1_DRAM_INTERLEAVED,,,,1414144.0,
4411,0.03138020118468121,,FillPadDeviceOperation,0,9.387,1.49,1,,,,,UINT16 => UINT16,UINT16,UINT16,nan,False,DEV_1_DRAM_INTERLEAVED,,,,1415168.0,
4412,0.006831692231803356,,SliceDeviceOperation,0,1.735,0.633,2,,,,,FP32 => FP32,FLOAT32,FLOAT32,nan,False,DEV_1_DRAM_INTERLEAVED,,,,1416192.0,
4413,0.08989676095565566,,GatherDeviceOperation,0,29.653,1.507,1,,,,,"FP32, UINT16 => FP32",FLOAT32,FLOAT32,UINT16,False,DEV_1_DRAM_INTERLEAVED,,,,1417216.0,
4414,0.034778737269590146,,FillPadDeviceOperation,0,10.596,1.459,1,,,,,FP32 => FP32,FLOAT32,FLOAT32,nan,False,DEV_1_DRAM_INTERLEAVED,,,,1418240.0,
4415,0.009001216116227397,,ReduceDeviceOperation,0,1.627,1.493,1,,,,,FP32 => FP32,FLOAT32,FLOAT32,nan,False,DEV_1_DRAM_INTERLEAVED,,,,1419264.0,
4416,0.014038435135116186,,BinaryNgDeviceOperation,0,4.337,0.529,110,,,,,FP32 => FP32,FLOAT32,FLOAT32,nan,False,DEV_1_DRAM_INTERLEAVED,,,,1420288.0,
4417,0.01896313895255214,,BinaryNgDeviceOperation,0,6.062,0.511,110,,,,,"FP32, FP32 => FP32",FLOAT32,FLOAT32,FLOAT32,False,DEV_1_DRAM_INTERLEAVED,,,,1421312.0,
4418,0.00787606410169897,,TypecastDeviceOperation,0,1.287,1.443,1,,,,,FP32 => BF16,BFLOAT16,FLOAT32,nan,False,DEV_1_DRAM_INTERLEAVED,,,,1422336.0,
4419,0.013989390047303409,,PermuteDeviceOperation,0,4.233,0.616,4,,,,,BF16 => BF16,BFLOAT16,BFLOAT16,nan,False,DEV_1_DRAM_INTERLEAVED,,,,1423360.0,
4420,0.007627953657469626,,UntilizeWithUnpaddingDeviceOperation,0,1.193,1.451,1,,,,,UINT16 => UINT16,UINT16,UINT16,nan,False,DEV_1_DRAM_INTERLEAVED,,,,1424384.0,
4421,0.01601754867862003,,UnaryDeviceOperation,0,5.039,0.513,110,,,,,BF16 => BF16,BFLOAT16,BFLOAT16,nan,False,DEV_1_DRAM_INTERLEAVED,,,,1425408.0,
4422,0.34318867446216217,,SparseMatmulDeviceOperation active=?/64 x 32 x 2048 x 3072,0,118.377,0.579,32,,,,,HiFi2 BF16 x BFP8 => BF16,BFLOAT16,BFLOAT16,BFLOAT8_B,False,DEV_1_DRAM_INTERLEAVED,8,1,1,1426432.0,Sparse matmul utilization is omitted because the CSV row has nnz=std::nullopt; pass --active-experts K to model K active experts per input batch group
4423,0.009589757169980725,,SliceDeviceOperation,0,2.779,0.545,110,,,,,BF16 => BF16,BFLOAT16,BFLOAT16,nan,False,DEV_1_DRAM_INTERLEAVED,,,,1427456.0,
4424,0.009742662443749972,,SliceDeviceOperation,0,2.819,0.558,110,,,,,BF16 => BF16,BFLOAT16,BFLOAT16,nan,False,DEV_1_DRAM_INTERLEAVED,,,,1428480.0,
4425,0.020714337087984837,,BinaryNgDeviceOperation,0,6.574,0.606,110,,,,,"BF16, BF16 => BF16",BFLOAT16,BFLOAT16,BFLOAT16,False,DEV_1_DRAM_INTERLEAVED,,,,1429504.0,
4426,0.013813404732210505,,BinaryNgDeviceOperation,0,4.261,0.527,110,,,,,"BF16, BF16 => BF16",BFLOAT16,BFLOAT16,BFLOAT16,False,DEV_1_DRAM_INTERLEAVED,,,,1430528.0,
4427,0.010937054582249375,,UnaryDeviceOperation,0,3.264,0.527,110,,,,,BF16 => BF16,BFLOAT16,BFLOAT16,nan,False,DEV_1_DRAM_INTERLEAVED,,,,1431552.0,
4428,0.20783577211955817,,SparseMatmulDeviceOperation active=?/64 x 32 x 1536 x 2048,0,71.431,0.609,32,,,,,HiFi2 BF16 x BFP8 => BF16,BFLOAT16,BFLOAT16,BFLOAT8_B,False,DEV_1_DRAM_INTERLEAVED,8,1,1,1432576.0,Sparse matmul utilization is omitted because the CSV row has nnz=std::nullopt; pass --active-experts K to model K active experts per input batch group
4429,0.017924537092987438,,FillPadDeviceOperation,0,5.66,0.553,110,,,,,BF16 => BF16,BFLOAT16,BFLOAT16,nan,False,DEV_1_DRAM_INTERLEAVED,,,,1433600.0,
4430,0.009341646725751378,,FastReduceNCDeviceOperation,0,2.651,0.587,64,,,,,BF16 => BF16,BFLOAT16,BFLOAT16,nan,False,DEV_1_DRAM_INTERLEAVED,,,,1434624.0,
4431,0.006494146627444829,,SliceDeviceOperation,0,1.647,0.604,64,,,,,BF16 => BF16,BFLOAT16,BFLOAT16,nan,False,DEV_1_DRAM_INTERLEAVED,,,,1435648.0,
4432,0.10003178410190783,SLOW,MatmulDeviceOperation 32 x 2048 x 1536,0,34.074,0.599,48,191.3726595057815,37.37747255972295,5.908510653284029,8.90436718340692,HiFi4 BF16 x BF16 => BF16,BFLOAT16,BFLOAT16,BFLOAT16,False,DEV_1_DRAM_INTERLEAVED,2,1,1,1436672.0,"If possible place input 0 in L1 (currently in DEV_1_DRAM_INTERLEAVED) • Output subblock 1x1 is small, try out_subblock_h * out_subblock_w >= 2 if possible • HiFi2 may also work, it discards the lowest bit of the activations and has 2x the throughput of HiFi4"
4433,0.009956152825993828,,UnaryDeviceOperation,0,2.89,0.561,110,,,,,BF16 => BF16,BFLOAT16,BFLOAT16,nan,False,DEV_1_DRAM_INTERLEAVED,,,,1437696.0,
4434,0.09987022381264224,SLOW,MatmulDeviceOperation 32 x 2048 x 1536,0,33.816,0.801,48,192.83274189732668,37.662644901821615,5.953589779985805,8.972303270860166,HiFi4 BF16 x BF16 => BF16,BFLOAT16,BFLOAT16,BFLOAT16,False,DEV_1_DRAM_INTERLEAVED,2,1,1,1438720.0,"If possible place input 0 in L1 (currently in DEV_1_DRAM_INTERLEAVED) • Output subblock 1x1 is small, try out_subblock_h * out_subblock_w >= 2 if possible • HiFi2 may also work, it discards the lowest bit of the activations and has 2x the throughput of HiFi4"
4435,0.010342743518165132,,BinaryNgDeviceOperation,0,3.03,0.555,110,,,,,"BF16, BF16 => BF16",BFLOAT16,BFLOAT16,BFLOAT16,False,DEV_1_DRAM_INTERLEAVED,,,,1439744.0,
4436,0.08517112249463628,SLOW,MatmulDeviceOperation 32 x 1536 x 2048,0,28.87,0.652,64,225.86879113266363,44.11499826809837,6.973557048839625,7.882076742485471,HiFi4 BF16 x BF16 => BF16,BFLOAT16,BFLOAT16,BFLOAT16,False,DEV_1_DRAM_INTERLEAVED,2,1,1,1440768.0,"If possible place input 0 in L1 (currently in DEV_1_DRAM_INTERLEAVED) • Output subblock 1x1 is small, try out_subblock_h * out_subblock_w >= 2 if possible • HiFi2 may also work, it discards the lowest bit of the activations and has 2x the throughput of HiFi4"
4437,0.00920316647780942,,BinaryNgDeviceOperation,0,2.627,0.563,110,,,,,"BF16, BF16 => BF16",BFLOAT16,BFLOAT16,BFLOAT16,False,DEV_1_DRAM_INTERLEAVED,,,,1441792.0,
4438,0.007927994194677206,,BinaryNgDeviceOperation,0,2.257,0.491,110,,,,,"BF16, BF16 => BF16",BFLOAT16,BFLOAT16,BFLOAT16,False,DEV_1_DRAM_INTERLEAVED,,,,1442816.0,
4439,0.10727026206204071,,LayerNormDeviceOperation,0,33.417,3.765,1,,,,,"BF16, BF16 => BF16",BFLOAT16,BFLOAT16,BFLOAT16,False,DEV_1_DRAM_INTERLEAVED,,,,1356800.0,
4440,0.014935671741573469,,UntilizeCodegenDeviceOperation,0,4.664,0.513,110,,,,,BF16 => BF16,BFLOAT16,BFLOAT16,nan,False,DEV_1_DRAM_INTERLEAVED,,,,1357824.0,
4441,0.007244247970463779,,EmbeddingsDeviceOperation,0,1.106,1.405,1,,,,,"UINT32, BF16 => BF16",BFLOAT16,UINT32,BFLOAT16,False,DEV_1_DRAM_INTERLEAVED,,,,1358848.0,
4442,0.013423929034873744,,TilizeWithValPaddingDeviceOperation,0,3.189,1.464,1,,,,,BF16 => BF16,BFLOAT16,BFLOAT16,nan,False,DEV_1_DRAM_INTERLEAVED,,,,1359872.0,
4443,0.01505972696368814,,UntilizeCodegenDeviceOperation,0,4.704,0.516,110,,,,,BF16 => BF16,BFLOAT16,BFLOAT16,nan,False,DEV_1_DRAM_INTERLEAVED,,,,1360896.0,
4444,0.007325028115096589,,EmbeddingsDeviceOperation,0,1.078,1.461,1,,,,,"UINT32, BF16 => BF16",BFLOAT16,UINT32,BFLOAT16,False,DEV_1_DRAM_INTERLEAVED,,,,1361920.0,
4445,0.01307772841501884,,TilizeWithValPaddingDeviceOperation,0,3.107,1.426,1,,,,,BF16 => BF16,BFLOAT16,BFLOAT16,nan,False,DEV_1_DRAM_INTERLEAVED,,,,1362944.0,
4446,0.005715195232771304,,InterleavedToShardedDeviceOperation,0,0.487,1.494,1,,,,,BF16 => BF16,BFLOAT16,BFLOAT16,nan,False,DEV_1_DRAM_INTERLEAVED,,,,1363968.0,
4447,0.005599795026153004,,InterleavedToShardedDeviceOperation,0,0.487,1.454,1,,,,,BF16 => BF16,BFLOAT16,BFLOAT16,nan,False,DEV_1_DRAM_INTERLEAVED,,,,1364992.0,
4448,0.005723850248267677,,InterleavedToShardedDeviceOperation,0,0.495,1.489,1,,,,,BF16 => BF16,BFLOAT16,BFLOAT16,nan,False,DEV_1_DRAM_INTERLEAVED,,,,1366016.0,
4449,0.09750740458213254,SLOW,MatmulDeviceOperation 32 x 2048 x 1344,0,33.272,0.526,42,171.97980283722046,33.58980524164462,5.294565039672998,9.11900118440152,HiFi4 BF16 x BF16 => BF16,BFLOAT16,BFLOAT16,BFLOAT16,False,DEV_1_DRAM_INTERLEAVED,2,1,1,1367040.0,"If possible place input 0 in L1 (currently in DEV_1_DRAM_INTERLEAVED) • Output subblock 1x1 is small, try out_subblock_h * out_subblock_w >= 2 if possible • HiFi2 may also work, it discards the lowest bit of the activations and has 2x the throughput of HiFi4"
4450,0.006673016947703193,,SliceDeviceOperation,0,1.674,0.639,24,,,,,BF16 => BF16,BFLOAT16,BFLOAT16,nan,False,DEV_1_DRAM_INTERLEAVED,,,,1368064.0,
4451,0.006626856865055873,,SliceDeviceOperation,0,1.69,0.607,16,,,,,BF16 => BF16,BFLOAT16,BFLOAT16,nan,False,DEV_1_DRAM_INTERLEAVED,,,,1369088.0,
4452,0.005937340630511531,,SliceDeviceOperation,0,1.04,1.018,2,,,,,BF16 => BF16,BFLOAT16,BFLOAT16,nan,False,DEV_1_DRAM_INTERLEAVED,,,,1370112.0,
4453,0.031129205735286405,,LayerNormDeviceOperation,0,9.546,1.244,1,,,,,"BF16, BF16 => BF16",BFLOAT16,BFLOAT16,BFLOAT16,False,DEV_1_DRAM_INTERLEAVED,,,,1371136.0,
4454,0.005787320361907742,,InterleavedToShardedDeviceOperation,0,0.537,1.469,1,,,,,BF16 => BF16,BFLOAT16,BFLOAT16,nan,False,DEV_1_DRAM_INTERLEAVED,,,,1372160.0,
4455,0.009658997293951704,,RotaryEmbeddingLlamaDeviceOperation,0,1.873,1.475,1,,,,,"BF16, BF16 => BF16",BFLOAT16,BFLOAT16,BFLOAT16,False,DEV_1_L1_HEIGHT_SHARDED,,,,1373184.0,
4456,0.005865215501375094,,ShardedToInterleavedDeviceOperation,0,0.515,1.518,1,,,,,BF16 => BF16,BFLOAT16,BFLOAT16,nan,False,DEV_1_L1_HEIGHT_SHARDED,,,,1374208.0,
4457,0.0067076370096886846,,ConcatDeviceOperation,0,1.732,0.593,18,,,,,"BF16, BF16 => BF16",BFLOAT16,BFLOAT16,BFLOAT16,False,DEV_1_DRAM_INTERLEAVED,,,,1375232.0,
4458,0.043341432600668,,LayerNormDeviceOperation,0,13.559,1.464,1,,,,,"BF16, BF16 => BF16",BFLOAT16,BFLOAT16,BFLOAT16,False,DEV_1_DRAM_INTERLEAVED,,,,1376256.0,
4459,0.06400095459050914,DRAM,MatmulDeviceOperation 32 x 768 x 5120,0,21.668,0.516,80,380.3374561565442,74.28465940557504,11.614280967325088,10.501917830697598,HiFi4 BF16 x BF16 => BF16,BFLOAT16,BFLOAT16,BFLOAT16,False,DEV_1_DRAM_INTERLEAVED,2,1,2,1377280.0,Try a DRAM-sharded program config (MatmulMultiCoreReuseMultiCastDRAMShardedProgramConfig) to improve throughput further
4460,0.045421521324962855,,UntilizeCodegenDeviceOperation,0,15.007,0.737,1,,,,,BF16 => BF16,BFLOAT16,BFLOAT16,nan,False,DEV_1_DRAM_INTERLEAVED,,,,1378304.0,
4461,0.021634653735765782,,ReshapeViewDeviceOperation,0,6.982,0.517,110,,,,,BF16 => BF16,BFLOAT16,BFLOAT16,nan,False,DEV_1_DRAM_INTERLEAVED,,,,1379328.0,
4462,0.021536563560140227,,TilizeWithValPaddingDeviceOperation,0,5.947,1.518,1,,,,,BF16 => BF16,BFLOAT16,BFLOAT16,nan,False,DEV_1_DRAM_INTERLEAVED,,,,1380352.0,
4463,0.006525881684264862,,SliceDeviceOperation,0,1.649,0.613,6,,,,,BF16 => BF16,BFLOAT16,BFLOAT16,nan,False,DEV_1_DRAM_INTERLEAVED,,,,1381376.0,
4464,0.006626856865055873,,SliceDeviceOperation,0,1.654,0.643,2,,,,,BF16 => BF16,BFLOAT16,BFLOAT16,nan,False,DEV_1_DRAM_INTERLEAVED,,,,1382400.0,
4465,0.011713120971757442,,TransposeDeviceOperation,0,3.541,0.519,110,,,,,BF16 => BF16,BFLOAT16,BFLOAT16,nan,False,DEV_1_DRAM_INTERLEAVED,,,,1383424.0,
4466,0.15640478503494737,SLOW,MatmulDeviceOperation b={20} x 32 x 192 x 512,0,53.685,0.528,16,90.03036229859364,17.58405513644407,2.3438412964515223,10.596794055860832,HiFi4 BF16 x BF16 => BF16,BFLOAT16,BFLOAT16,BFLOAT16,False,DEV_1_DRAM_INTERLEAVED,2,1,1,1384448.0,"If possible place input 0 in L1 (currently in DEV_1_DRAM_INTERLEAVED) • Output subblock 1x1 is small, try out_subblock_h * out_subblock_w >= 2 if possible • HiFi2 may also work, it discards the lowest bit of the activations and has 2x the throughput of HiFi4"
4467,0.011006294706220356,,TransposeDeviceOperation,0,3.29,0.525,110,,,,,BF16 => BF16,BFLOAT16,BFLOAT16,nan,False,DEV_1_DRAM_INTERLEAVED,,,,1385472.0,
4468,0.004604468244070167,,InterleavedToShardedDeviceOperation,0,0.495,1.101,1,,,,,BF16 => BF16,BFLOAT16,BFLOAT16,nan,False,DEV_1_DRAM_INTERLEAVED,,,,1386496.0,
4469,0.009739777438584516,,RotaryEmbeddingLlamaDeviceOperation,0,1.896,1.48,1,,,,,"BF16, BF16 => BF16",BFLOAT16,BFLOAT16,BFLOAT16,False,DEV_1_L1_HEIGHT_SHARDED,,,,1387520.0,
4470,0.00587098551170601,,ShardedToInterleavedDeviceOperation,0,0.526,1.509,1,,,,,BF16 => BF16,BFLOAT16,BFLOAT16,nan,False,DEV_1_L1_HEIGHT_SHARDED,,,,1388544.0,
4471,0.006716292025185057,,ConcatDeviceOperation,0,1.735,0.593,18,,,,,"BF16, BF16 => BF16",BFLOAT16,BFLOAT16,BFLOAT16,False,DEV_1_DRAM_INTERLEAVED,,,,1389568.0,
4472,0.007045182614047212,,InterleavedToShardedDeviceOperation,0,0.961,1.481,1,,,,,BF16 => BF16,BFLOAT16,BFLOAT16,nan,False,DEV_1_DRAM_INTERLEAVED,,,,1390592.0,
4473,0.017119620651824794,,PagedUpdateCacheDeviceOperation,0,4.441,1.493,1,,,,,"BF16, BF16 => BF16",BFLOAT16,BFLOAT16,BFLOAT16,False,DEV_1_DRAM_INTERLEAVED,,,,1391616.0,
4474,0.12588720039473794,,SdpaDecodeDeviceOperation,0,40.847,2.788,110,,,,,"BF16, BF16 => BF16",BFLOAT16,BFLOAT16,BFLOAT16,False,DEV_1_DRAM_INTERLEAVED,,,,1392640.0,
4475,0.012402637206301787,,TransposeDeviceOperation,0,3.786,0.513,110,,,,,BF16 => BF16,BFLOAT16,BFLOAT16,nan,False,DEV_1_DRAM_INTERLEAVED,,,,1393664.0,
4476,0.3522966357695115,SLOW,MatmulDeviceOperation b={20} x 32 x 512 x 256,0,121.56,0.553,8,51.21684764725238,10.00329055610398,1.3801592629154327,12.479738705470854,HiFi4 BF16 x BF16 => BF16,BFLOAT16,BFLOAT16,BFLOAT16,False,DEV_1_DRAM_INTERLEAVED,2,1,1,1394688.0,"If possible place input 0 in L1 (currently in DEV_1_DRAM_INTERLEAVED) • Output subblock 1x1 is small, try out_subblock_h * out_subblock_w >= 2 if possible • HiFi2 may also work, it discards the lowest bit of the activations and has 2x the throughput of HiFi4"
4477,0.009012756136889226,,TransposeDeviceOperation,0,2.615,0.509,110,,,,,BF16 => BF16,BFLOAT16,BFLOAT16,nan,False,DEV_1_DRAM_INTERLEAVED,,,,1395712.0,
4478,0.006018120775144343,,InterleavedToShardedDeviceOperation,0,0.736,1.35,1,,,,,BF16 => BF16,BFLOAT16,BFLOAT16,nan,False,DEV_1_DRAM_INTERLEAVED,,,,1396736.0,
4479,0.006121980961100812,,NLPConcatHeadsDecodeDeviceOperation,0,1.59,0.532,20,,,,,BF16 => BF16,BFLOAT16,BFLOAT16,nan,False,DEV_1_L1_HEIGHT_SHARDED,,,,1397760.0,
4480,0.00845306513479047,,ShardedToInterleavedDeviceOperation,0,1.732,1.198,20,,,,,BF16 => BF16,BFLOAT16,BFLOAT16,nan,False,DEV_1_L1_WIDTH_SHARDED,,,,1398784.0,
4481,0.008216494711222955,,SliceDeviceOperation,0,2.26,0.588,110,,,,,BF16 => BF16,BFLOAT16,BFLOAT16,nan,False,DEV_1_DRAM_INTERLEAVED,,,,1399808.0,
4482,0.26585034099174304,SLOW,MatmulDeviceOperation 32 x 5120 x 2048,0,91.618,0.531,64,233.90896985308564,45.68534567443079,7.324855814359623,8.279142947002974,HiFi4 BF16 x BF16 => BF16,BFLOAT16,BFLOAT16,BFLOAT16,False,DEV_1_DRAM_INTERLEAVED,2,1,1,1400832.0,"If possible place input 0 in L1 (currently in DEV_1_DRAM_INTERLEAVED) • Output subblock 1x1 is small, try out_subblock_h * out_subblock_w >= 2 if possible • HiFi2 may also work, it discards the lowest bit of the activations and has 2x the throughput of HiFi4"
4483,0.008865620873450893,,BinaryNgDeviceOperation,0,2.514,0.559,110,,,,,"BF16, BF16 => BF16",BFLOAT16,BFLOAT16,BFLOAT16,False,DEV_1_DRAM_INTERLEAVED,,,,1401856.0,
4484,0.09793150034145479,,LayerNormDeviceOperation,0,33.314,0.631,1,,,,,"BF16, BF16 => BF16",BFLOAT16,BFLOAT16,BFLOAT16,False,DEV_1_DRAM_INTERLEAVED,,,,1402880.0,
4485,0.07584101578954673,SLOW,MatmulDeviceOperation 32 x 2048 x 64,0,25.687,0.601,2,25.832210845953202,5.045353680850235,0.32657017168217384,11.811710491976774,HiFi4 BF16 x FP32 => FP32,FLOAT32,BFLOAT16,FLOAT32,False,DEV_1_DRAM_INTERLEAVED,2,1,1,1403904.0,"If possible place input 0 in L1 (currently in DEV_1_DRAM_INTERLEAVED) • Output subblock 1x1 is small, try out_subblock_h * out_subblock_w >= 2 if possible • HiFi2 may also work, it discards the lowest bit of the activations and has 2x the throughput of HiFi4"
4486,0.010810114354969248,,UnaryDeviceOperation,0,3.22,0.527,110,,,,,FP32 => FP32,FLOAT32,FLOAT32,nan,False,DEV_1_DRAM_INTERLEAVED,,,,1404928.0,
4487,0.00935318674641321,,BinaryNgDeviceOperation,0,2.728,0.514,110,,,,,"FP32, FP32 => FP32",FLOAT32,FLOAT32,FLOAT32,False,DEV_1_DRAM_INTERLEAVED,,,,1405952.0,
4488,0.016231039060863883,,FillPadDeviceOperation,0,5.013,0.613,2,,,,,FP32 => FP32,FLOAT32,FLOAT32,nan,False,DEV_1_DRAM_INTERLEAVED,,,,1406976.0,
4489,0.010804344344638332,,ReduceDeviceOperation,0,2.273,1.472,1,,,,,FP32 => FP32,FLOAT32,FLOAT32,nan,False,DEV_1_DRAM_INTERLEAVED,,,,1408000.0,
4490,0.016799385078459014,,BinaryNgDeviceOperation,0,5.313,0.51,110,,,,,"FP32, FP32 => FP32",FLOAT32,FLOAT32,FLOAT32,False,DEV_1_DRAM_INTERLEAVED,,,,1409024.0,
4491,0.007933764205008121,,TypecastDeviceOperation,0,2.134,0.616,2,,,,,FP32 => BF16,BFLOAT16,FLOAT32,nan,False,DEV_1_DRAM_INTERLEAVED,,,,1410048.0,
4492,0.01596273358047634,,FillPadDeviceOperation,0,4.892,0.641,2,,,,,BF16 => BF16,BFLOAT16,BFLOAT16,nan,False,DEV_1_DRAM_INTERLEAVED,,,,1411072.0,
4493,0.04397613373706865,,TopKDeviceOperation,0,13.795,1.448,1,,,,,BF16 => BF16,BFLOAT16,BFLOAT16,nan,False,DEV_1_DRAM_INTERLEAVED,,,,1412096.0,
4494,0.006554731735919438,,SliceDeviceOperation,0,0.802,1.47,1,,,,,BF16 => BF16,BFLOAT16,BFLOAT16,nan,False,DEV_1_DRAM_INTERLEAVED,,,,1413120.0,
4495,0.006615316844394044,,SliceDeviceOperation,0,0.813,1.48,1,,,,,UINT16 => UINT16,UINT16,UINT16,nan,False,DEV_1_DRAM_INTERLEAVED,,,,1414144.0,
4496,0.031360006148523016,,FillPadDeviceOperation,0,9.391,1.479,1,,,,,UINT16 => UINT16,UINT16,UINT16,nan,False,DEV_1_DRAM_INTERLEAVED,,,,1415168.0,
4497,0.006823037216306984,,SliceDeviceOperation,0,1.733,0.632,2,,,,,FP32 => FP32,FLOAT32,FLOAT32,nan,False,DEV_1_DRAM_INTERLEAVED,,,,1416192.0,
4498,0.08979001576453371,,GatherDeviceOperation,0,29.624,1.499,1,,,,,"FP32, UINT16 => FP32",FLOAT32,FLOAT32,UINT16,False,DEV_1_DRAM_INTERLEAVED,,,,1417216.0,
4499,0.03475854223343194,,FillPadDeviceOperation,0,10.584,1.464,1,,,,,FP32 => FP32,FLOAT32,FLOAT32,nan,False,DEV_1_DRAM_INTERLEAVED,,,,1418240.0,
4500,0.00897236606457282,,ReduceDeviceOperation,0,1.639,1.471,1,,,,,FP32 => FP32,FLOAT32,FLOAT32,nan,False,DEV_1_DRAM_INTERLEAVED,,,,1419264.0,
4501,0.014064400181605305,,BinaryNgDeviceOperation,0,4.351,0.524,110,,,,,FP32 => FP32,FLOAT32,FLOAT32,nan,False,DEV_1_DRAM_INTERLEAVED,,,,1420288.0,
4502,0.01903237907652312,,BinaryNgDeviceOperation,0,6.089,0.508,110,,,,,"FP32, FP32 => FP32",FLOAT32,FLOAT32,FLOAT32,False,DEV_1_DRAM_INTERLEAVED,,,,1421312.0,
4503,0.007953959241166321,,TypecastDeviceOperation,0,1.295,1.462,1,,,,,FP32 => BF16,BFLOAT16,FLOAT32,nan,False,DEV_1_DRAM_INTERLEAVED,,,,1422336.0,
4504,0.013963425000814293,,PermuteDeviceOperation,0,4.232,0.608,4,,,,,BF16 => BF16,BFLOAT16,BFLOAT16,nan,False,DEV_1_DRAM_INTERLEAVED,,,,1423360.0,
4505,0.0076856537607787765,,UntilizeWithUnpaddingDeviceOperation,0,1.185,1.479,1,,,,,UINT16 => UINT16,UINT16,UINT16,nan,False,DEV_1_DRAM_INTERLEAVED,,,,1424384.0,
4506,0.015466512692017648,,UnaryDeviceOperation,0,4.843,0.518,110,,,,,BF16 => BF16,BFLOAT16,BFLOAT16,nan,False,DEV_1_DRAM_INTERLEAVED,,,,1425408.0,
4507,0.3452716481916225,,SparseMatmulDeviceOperation active=?/64 x 32 x 2048 x 3072,0,119.097,0.581,32,,,,,HiFi2 BF16 x BFP8 => BF16,BFLOAT16,BFLOAT16,BFLOAT8_B,False,DEV_1_DRAM_INTERLEAVED,8,1,1,1426432.0,Sparse matmul utilization is omitted because the CSV row has nnz=std::nullopt; pass --active-experts K to model K active experts per input batch group
4508,0.009566677128657065,,SliceDeviceOperation,0,2.741,0.575,110,,,,,BF16 => BF16,BFLOAT16,BFLOAT16,nan,False,DEV_1_DRAM_INTERLEAVED,,,,1427456.0,
4509,0.009188741451982133,,SliceDeviceOperation,0,2.653,0.532,110,,,,,BF16 => BF16,BFLOAT16,BFLOAT16,nan,False,DEV_1_DRAM_INTERLEAVED,,,,1428480.0,
4510,0.02075184215513579,,BinaryNgDeviceOperation,0,6.594,0.599,110,,,,,"BF16, BF16 => BF16",BFLOAT16,BFLOAT16,BFLOAT16,False,DEV_1_DRAM_INTERLEAVED,,,,1429504.0,
4511,0.013848024794195992,,BinaryNgDeviceOperation,0,4.301,0.499,110,,,,,"BF16, BF16 => BF16",BFLOAT16,BFLOAT16,BFLOAT16,False,DEV_1_DRAM_INTERLEAVED,,,,1430528.0,
4512,0.011260175160780615,,UnaryDeviceOperation,0,3.376,0.527,110,,,,,BF16 => BF16,BFLOAT16,BFLOAT16,nan,False,DEV_1_DRAM_INTERLEAVED,,,,1431552.0,
4513,0.20693276550277,,SparseMatmulDeviceOperation active=?/64 x 32 x 1536 x 2048,0,71.065,0.662,32,,,,,HiFi2 BF16 x BFP8 => BF16,BFLOAT16,BFLOAT16,BFLOAT8_B,False,DEV_1_DRAM_INTERLEAVED,8,1,1,1432576.0,Sparse matmul utilization is omitted because the CSV row has nnz=std::nullopt; pass --active-experts K to model K active experts per input batch group
4514,0.017615841540283485,,FillPadDeviceOperation,0,5.624,0.482,110,,,,,BF16 => BF16,BFLOAT16,BFLOAT16,nan,False,DEV_1_DRAM_INTERLEAVED,,,,1433600.0,
4515,0.00923778653979491,,FastReduceNCDeviceOperation,0,2.676,0.526,64,,,,,BF16 => BF16,BFLOAT16,BFLOAT16,nan,False,DEV_1_DRAM_INTERLEAVED,,,,1434624.0,
4516,0.006722062035515972,,SliceDeviceOperation,0,1.731,0.599,64,,,,,BF16 => BF16,BFLOAT16,BFLOAT16,nan,False,DEV_1_DRAM_INTERLEAVED,,,,1435648.0,
4517,0.10005197913806604,SLOW,MatmulDeviceOperation 32 x 2048 x 1536,0,34.123,0.557,48,191.09785188875537,37.32379919702253,5.900026140726196,8.8915806760076,HiFi4 BF16 x BF16 => BF16,BFLOAT16,BFLOAT16,BFLOAT16,False,DEV_1_DRAM_INTERLEAVED,2,1,1,1436672.0,"If possible place input 0 in L1 (currently in DEV_1_DRAM_INTERLEAVED) • Output subblock 1x1 is small, try out_subblock_h * out_subblock_w >= 2 if possible • HiFi2 may also work, it discards the lowest bit of the activations and has 2x the throughput of HiFi4"
4518,0.009794592536728208,,UnaryDeviceOperation,0,2.833,0.562,110,,,,,BF16 => BF16,BFLOAT16,BFLOAT16,nan,False,DEV_1_DRAM_INTERLEAVED,,,,1437696.0,
4519,0.09990195886946227,SLOW,MatmulDeviceOperation 32 x 2048 x 1536,0,33.838,0.79,48,192.70737041196287,37.6381582835865,5.94971901412613,8.966469868414427,HiFi4 BF16 x BF16 => BF16,BFLOAT16,BFLOAT16,BFLOAT16,False,DEV_1_DRAM_INTERLEAVED,2,1,1,1438720.0,"If possible place input 0 in L1 (currently in DEV_1_DRAM_INTERLEAVED) • Output subblock 1x1 is small, try out_subblock_h * out_subblock_w >= 2 if possible • HiFi2 may also work, it discards the lowest bit of the activations and has 2x the throughput of HiFi4"
4520,0.01038024858531608,,BinaryNgDeviceOperation,0,3.032,0.566,110,,,,,"BF16, BF16 => BF16",BFLOAT16,BFLOAT16,BFLOAT16,False,DEV_1_DRAM_INTERLEAVED,,,,1439744.0,
4521,0.08539903790270742,SLOW,MatmulDeviceOperation 32 x 1536 x 2048,0,29.056,0.545,64,224.4229074889868,43.83259911894273,6.928916299559471,7.831620166421928,HiFi4 BF16 x BF16 => BF16,BFLOAT16,BFLOAT16,BFLOAT16,False,DEV_1_DRAM_INTERLEAVED,2,1,1,1440768.0,"If possible place input 0 in L1 (currently in DEV_1_DRAM_INTERLEAVED) • Output subblock 1x1 is small, try out_subblock_h * out_subblock_w >= 2 if possible • HiFi2 may also work, it discards the lowest bit of the activations and has 2x the throughput of HiFi4"
4522,0.009081996260860203,,BinaryNgDeviceOperation,0,2.59,0.558,110,,,,,"BF16, BF16 => BF16",BFLOAT16,BFLOAT16,BFLOAT16,False,DEV_1_DRAM_INTERLEAVED,,,,1441792.0,
4523,0.008493455207106876,,BinaryNgDeviceOperation,0,2.415,0.529,110,,,,,"BF16, BF16 => BF16",BFLOAT16,BFLOAT16,BFLOAT16,False,DEV_1_DRAM_INTERLEAVED,,,,1442816.0,
4524,0.10682885627172573,,LayerNormDeviceOperation,0,33.267,3.762,1,,,,,"BF16, BF16 => BF16",BFLOAT16,BFLOAT16,BFLOAT16,False,DEV_1_DRAM_INTERLEAVED,,,,1356800.0,
4525,0.014805846509127885,,UntilizeCodegenDeviceOperation,0,4.613,0.519,110,,,,,BF16 => BF16,BFLOAT16,BFLOAT16,nan,False,DEV_1_DRAM_INTERLEAVED,,,,1357824.0,
4526,0.007402923254563941,,EmbeddingsDeviceOperation,0,1.105,1.461,1,,,,,"UINT32, BF16 => BF16",BFLOAT16,UINT32,BFLOAT16,False,DEV_1_DRAM_INTERLEAVED,,,,1358848.0,
4527,0.013392193978053706,,TilizeWithValPaddingDeviceOperation,0,3.183,1.459,1,,,,,BF16 => BF16,BFLOAT16,BFLOAT16,nan,False,DEV_1_DRAM_INTERLEAVED,,,,1359872.0,
4528,0.014941441751904386,,UntilizeCodegenDeviceOperation,0,4.659,0.52,110,,,,,BF16 => BF16,BFLOAT16,BFLOAT16,nan,False,DEV_1_DRAM_INTERLEAVED,,,,1360896.0,
4529,0.007472163378534921,,EmbeddingsDeviceOperation,0,1.127,1.463,1,,,,,"UINT32, BF16 => BF16",BFLOAT16,UINT32,BFLOAT16,False,DEV_1_DRAM_INTERLEAVED,,,,1361920.0,
4530,0.01306907339952247,,TilizeWithValPaddingDeviceOperation,0,3.104,1.426,1,,,,,BF16 => BF16,BFLOAT16,BFLOAT16,nan,False,DEV_1_DRAM_INTERLEAVED,,,,1362944.0,
4531,0.00569788520177856,,InterleavedToShardedDeviceOperation,0,0.496,1.479,1,,,,,BF16 => BF16,BFLOAT16,BFLOAT16,nan,False,DEV_1_DRAM_INTERLEAVED,,,,1363968.0,
4532,0.005669035150123984,,InterleavedToShardedDeviceOperation,0,0.501,1.464,1,,,,,BF16 => BF16,BFLOAT16,BFLOAT16,nan,False,DEV_1_DRAM_INTERLEAVED,,,,1364992.0,
4533,0.00584790547038235,,InterleavedToShardedDeviceOperation,0,0.537,1.49,1,,,,,BF16 => BF16,BFLOAT16,BFLOAT16,nan,False,DEV_1_DRAM_INTERLEAVED,,,,1366016.0,
4534,0.0975766447061035,SLOW,MatmulDeviceOperation 32 x 2048 x 1344,0,33.303,0.519,42,171.81971594150676,33.55853826982554,5.289636609314476,9.110512788860085,HiFi4 BF16 x BF16 => BF16,BFLOAT16,BFLOAT16,BFLOAT16,False,DEV_1_DRAM_INTERLEAVED,2,1,1,1367040.0,"If possible place input 0 in L1 (currently in DEV_1_DRAM_INTERLEAVED) • Output subblock 1x1 is small, try out_subblock_h * out_subblock_w >= 2 if possible • HiFi2 may also work, it discards the lowest bit of the activations and has 2x the throughput of HiFi4"
4535,0.006713407020019598,,SliceDeviceOperation,0,1.69,0.637,24,,,,,BF16 => BF16,BFLOAT16,BFLOAT16,nan,False,DEV_1_DRAM_INTERLEAVED,,,,1368064.0,
4536,0.006586466792739469,,SliceDeviceOperation,0,1.676,0.607,16,,,,,BF16 => BF16,BFLOAT16,BFLOAT16,nan,False,DEV_1_DRAM_INTERLEAVED,,,,1369088.0,
4537,0.006214301126395451,,SliceDeviceOperation,0,1.176,0.978,2,,,,,BF16 => BF16,BFLOAT16,BFLOAT16,nan,False,DEV_1_DRAM_INTERLEAVED,,,,1370112.0,
4538,0.03043391949041115,,LayerNormDeviceOperation,0,9.434,1.115,1,,,,,"BF16, BF16 => BF16",BFLOAT16,BFLOAT16,BFLOAT16,False,DEV_1_DRAM_INTERLEAVED,,,,1371136.0,
4539,0.005643070103634867,,InterleavedToShardedDeviceOperation,0,0.484,1.472,1,,,,,BF16 => BF16,BFLOAT16,BFLOAT16,nan,False,DEV_1_DRAM_INTERLEAVED,,,,1372160.0,
4540,0.009598412185477098,,RotaryEmbeddingLlamaDeviceOperation,0,1.863,1.464,1,,,,,"BF16, BF16 => BF16",BFLOAT16,BFLOAT16,BFLOAT16,False,DEV_1_L1_HEIGHT_SHARDED,,,,1373184.0,
4541,0.0058507904755478075,,ShardedToInterleavedDeviceOperation,0,0.513,1.515,1,,,,,BF16 => BF16,BFLOAT16,BFLOAT16,nan,False,DEV_1_L1_HEIGHT_SHARDED,,,,1374208.0,
4542,0.006722062035515972,,ConcatDeviceOperation,0,1.736,0.594,18,,,,,"BF16, BF16 => BF16",BFLOAT16,BFLOAT16,BFLOAT16,False,DEV_1_DRAM_INTERLEAVED,,,,1375232.0,
4543,0.042611526293807246,,LayerNormDeviceOperation,0,13.307,1.463,1,,,,,"BF16, BF16 => BF16",BFLOAT16,BFLOAT16,BFLOAT16,False,DEV_1_DRAM_INTERLEAVED,,,,1376256.0,
4544,0.06501647640875018,DRAM,MatmulDeviceOperation 32 x 768 x 5120,0,22.017,0.519,80,374.30857973384195,73.10714447926601,11.430178498433028,10.3354478609963,HiFi4 BF16 x BF16 => BF16,BFLOAT16,BFLOAT16,BFLOAT16,False,DEV_1_DRAM_INTERLEAVED,2,1,2,1377280.0,Try a DRAM-sharded program config (MatmulMultiCoreReuseMultiCastDRAMShardedProgramConfig) to improve throughput further
4545,0.04491376041584233,,UntilizeCodegenDeviceOperation,0,14.937,0.631,1,,,,,BF16 => BF16,BFLOAT16,BFLOAT16,nan,False,DEV_1_DRAM_INTERLEAVED,,,,1378304.0,
4546,0.021654848771923984,,ReshapeViewDeviceOperation,0,6.98,0.526,110,,,,,BF16 => BF16,BFLOAT16,BFLOAT16,nan,False,DEV_1_DRAM_INTERLEAVED,,,,1379328.0,
4547,0.021530793549809312,,TilizeWithValPaddingDeviceOperation,0,5.945,1.518,1,,,,,BF16 => BF16,BFLOAT16,BFLOAT16,nan,False,DEV_1_DRAM_INTERLEAVED,,,,1380352.0,
4548,0.006580696782408553,,SliceDeviceOperation,0,1.672,0.609,6,,,,,BF16 => BF16,BFLOAT16,BFLOAT16,nan,False,DEV_1_DRAM_INTERLEAVED,,,,1381376.0,
4549,0.006572041766912181,,SliceDeviceOperation,0,1.645,0.633,2,,,,,BF16 => BF16,BFLOAT16,BFLOAT16,nan,False,DEV_1_DRAM_INTERLEAVED,,,,1382400.0,
4550,0.011733316007915646,,TransposeDeviceOperation,0,3.543,0.524,110,,,,,BF16 => BF16,BFLOAT16,BFLOAT16,nan,False,DEV_1_DRAM_INTERLEAVED,,,,1383424.0,
4551,0.1565576903087166,SLOW,MatmulDeviceOperation b={20} x 32 x 192 x 512,0,53.742,0.524,16,89.93487402776226,17.56540508354732,2.3413553645193703,10.585554852608553,HiFi4 BF16 x BF16 => BF16,BFLOAT16,BFLOAT16,BFLOAT16,False,DEV_1_DRAM_INTERLEAVED,2,1,1,1384448.0,"If possible place input 0 in L1 (currently in DEV_1_DRAM_INTERLEAVED) • Output subblock 1x1 is small, try out_subblock_h * out_subblock_w >= 2 if possible • HiFi2 may also work, it discards the lowest bit of the activations and has 2x the throughput of HiFi4"
4552,0.011909301323008555,,TransposeDeviceOperation,0,3.603,0.525,110,,,,,BF16 => BF16,BFLOAT16,BFLOAT16,nan,False,DEV_1_DRAM_INTERLEAVED,,,,1385472.0,
4553,0.004388092856660855,,InterleavedToShardedDeviceOperation,0,0.485,1.036,1,,,,,BF16 => BF16,BFLOAT16,BFLOAT16,nan,False,DEV_1_DRAM_INTERLEAVED,,,,1386496.0,
4554,0.009716697397260856,,RotaryEmbeddingLlamaDeviceOperation,0,1.895,1.473,1,,,,,"BF16, BF16 => BF16",BFLOAT16,BFLOAT16,BFLOAT16,False,DEV_1_L1_HEIGHT_SHARDED,,,,1387520.0,
4555,0.005827710434224147,,ShardedToInterleavedDeviceOperation,0,0.519,1.501,1,,,,,BF16 => BF16,BFLOAT16,BFLOAT16,nan,False,DEV_1_L1_HEIGHT_SHARDED,,,,1388544.0,
4556,0.006681671963199565,,ConcatDeviceOperation,0,1.724,0.592,18,,,,,"BF16, BF16 => BF16",BFLOAT16,BFLOAT16,BFLOAT16,False,DEV_1_DRAM_INTERLEAVED,,,,1389568.0,
4557,0.007198087887816459,,InterleavedToShardedDeviceOperation,0,0.993,1.502,1,,,,,BF16 => BF16,BFLOAT16,BFLOAT16,nan,False,DEV_1_DRAM_INTERLEAVED,,,,1390592.0,
4558,0.017053265533019273,,PagedUpdateCacheDeviceOperation,0,4.435,1.476,1,,,,,"BF16, BF16 => BF16",BFLOAT16,BFLOAT16,BFLOAT16,False,DEV_1_DRAM_INTERLEAVED,,,,1391616.0,
4559,0.12510824900006443,,SdpaDecodeDeviceOperation,0,40.647,2.718,110,,,,,"BF16, BF16 => BF16",BFLOAT16,BFLOAT16,BFLOAT16,False,DEV_1_DRAM_INTERLEAVED,,,,1392640.0,
4560,0.012278581984187114,,TransposeDeviceOperation,0,3.745,0.511,110,,,,,BF16 => BF16,BFLOAT16,BFLOAT16,nan,False,DEV_1_DRAM_INTERLEAVED,,,,1393664.0,
4561,0.3550258506560343,SLOW,MatmulDeviceOperation b={20} x 32 x 512 x 256,0,122.505,0.554,8,50.82176237704583,9.926125464266763,1.3695127545814454,12.383470364777246,HiFi4 BF16 x BF16 => BF16,BFLOAT16,BFLOAT16,BFLOAT16,False,DEV_1_DRAM_INTERLEAVED,2,1,1,1394688.0,"If possible place input 0 in L1 (currently in DEV_1_DRAM_INTERLEAVED) • Output subblock 1x1 is small, try out_subblock_h * out_subblock_w >= 2 if possible • HiFi2 may also work, it discards the lowest bit of the activations and has 2x the throughput of HiFi4"
4562,0.008695405568688901,,TransposeDeviceOperation,0,2.504,0.51,110,,,,,BF16 => BF16,BFLOAT16,BFLOAT16,nan,False,DEV_1_DRAM_INTERLEAVED,,,,1395712.0,
4563,0.006292196265862804,,InterleavedToShardedDeviceOperation,0,0.738,1.443,1,,,,,BF16 => BF16,BFLOAT16,BFLOAT16,nan,False,DEV_1_DRAM_INTERLEAVED,,,,1396736.0,
4564,0.0060642808577916615,,NLPConcatHeadsDecodeDeviceOperation,0,1.575,0.527,20,,,,,BF16 => BF16,BFLOAT16,BFLOAT16,nan,False,DEV_1_L1_HEIGHT_SHARDED,,,,1397760.0,
4565,0.008825230801134488,,ShardedToInterleavedDeviceOperation,0,1.901,1.158,20,,,,,BF16 => BF16,BFLOAT16,BFLOAT16,nan,False,DEV_1_L1_WIDTH_SHARDED,,,,1398784.0,
4566,0.00826842480420119,,SliceDeviceOperation,0,2.285,0.581,110,,,,,BF16 => BF16,BFLOAT16,BFLOAT16,nan,False,DEV_1_DRAM_INTERLEAVED,,,,1399808.0,
4567,0.2665485122417838,SLOW,MatmulDeviceOperation 32 x 5120 x 2048,0,91.842,0.549,64,233.3384725942379,45.57392042856209,7.306990701422007,8.258950355159062,HiFi4 BF16 x BF16 => BF16,BFLOAT16,BFLOAT16,BFLOAT16,False,DEV_1_DRAM_INTERLEAVED,2,1,1,1400832.0,"If possible place input 0 in L1 (currently in DEV_1_DRAM_INTERLEAVED) • Output subblock 1x1 is small, try out_subblock_h * out_subblock_w >= 2 if possible • HiFi2 may also work, it discards the lowest bit of the activations and has 2x the throughput of HiFi4"
4568,0.008877160894112723,,BinaryNgDeviceOperation,0,2.524,0.553,110,,,,,"BF16, BF16 => BF16",BFLOAT16,BFLOAT16,BFLOAT16,False,DEV_1_DRAM_INTERLEAVED,,,,1401856.0,
4569,0.09796612040344028,,LayerNormDeviceOperation,0,33.259,0.698,1,,,,,"BF16, BF16 => BF16",BFLOAT16,BFLOAT16,BFLOAT16,False,DEV_1_DRAM_INTERLEAVED,,,,1402880.0,
4570,0.07534190989592257,SLOW,MatmulDeviceOperation 32 x 2048 x 64,0,25.493,0.622,2,26.028792217471462,5.083748479974895,0.32905534852704665,11.901596807257183,HiFi4 BF16 x FP32 => FP32,FLOAT32,BFLOAT16,FLOAT32,False,DEV_1_DRAM_INTERLEAVED,2,1,1,1403904.0,"If possible place input 0 in L1 (currently in DEV_1_DRAM_INTERLEAVED) • Output subblock 1x1 is small, try out_subblock_h * out_subblock_w >= 2 if possible • HiFi2 may also work, it discards the lowest bit of the activations and has 2x the throughput of HiFi4"
4571,0.01092262955642209,,UnaryDeviceOperation,0,3.247,0.539,110,,,,,FP32 => FP32,FLOAT32,FLOAT32,nan,False,DEV_1_DRAM_INTERLEAVED,,,,1404928.0,
4572,0.009281061617276772,,BinaryNgDeviceOperation,0,2.687,0.53,110,,,,,"FP32, FP32 => FP32",FLOAT32,FLOAT32,FLOAT32,False,DEV_1_DRAM_INTERLEAVED,,,,1405952.0,
4573,0.016268544128014838,,FillPadDeviceOperation,0,5.025,0.614,2,,,,,FP32 => FP32,FLOAT32,FLOAT32,nan,False,DEV_1_DRAM_INTERLEAVED,,,,1406976.0,
4574,0.010712024179343691,,ReduceDeviceOperation,0,2.264,1.449,1,,,,,FP32 => FP32,FLOAT32,FLOAT32,nan,False,DEV_1_DRAM_INTERLEAVED,,,,1408000.0,
4575,0.016891705243753656,,BinaryNgDeviceOperation,0,5.341,0.514,110,,,,,"FP32, FP32 => FP32",FLOAT32,FLOAT32,FLOAT32,False,DEV_1_DRAM_INTERLEAVED,,,,1409024.0,
4576,0.007985694297986354,,TypecastDeviceOperation,0,2.155,0.613,2,,,,,FP32 => BF16,BFLOAT16,FLOAT32,nan,False,DEV_1_DRAM_INTERLEAVED,,,,1410048.0,
4577,0.01593676853398722,,FillPadDeviceOperation,0,4.895,0.629,2,,,,,BF16 => BF16,BFLOAT16,BFLOAT16,nan,False,DEV_1_DRAM_INTERLEAVED,,,,1411072.0,
4578,0.04397324873190319,,TopKDeviceOperation,0,13.786,1.456,1,,,,,BF16 => BF16,BFLOAT16,BFLOAT16,nan,False,DEV_1_DRAM_INTERLEAVED,,,,1412096.0,
4579,0.006522996679099405,,SliceDeviceOperation,0,0.799,1.462,1,,,,,BF16 => BF16,BFLOAT16,BFLOAT16,nan,False,DEV_1_DRAM_INTERLEAVED,,,,1413120.0,
4580,0.006586466792739469,,SliceDeviceOperation,0,0.822,1.461,1,,,,,UINT16 => UINT16,UINT16,UINT16,nan,False,DEV_1_DRAM_INTERLEAVED,,,,1414144.0,
4581,0.031411936241501244,,FillPadDeviceOperation,0,9.396,1.492,1,,,,,UINT16 => UINT16,UINT16,UINT16,nan,False,DEV_1_DRAM_INTERLEAVED,,,,1415168.0,
4582,0.006840347247299729,,SliceDeviceOperation,0,1.741,0.63,2,,,,,FP32 => FP32,FLOAT32,FLOAT32,nan,False,DEV_1_DRAM_INTERLEAVED,,,,1416192.0,
4583,0.0898592558885047,,GatherDeviceOperation,0,29.644,1.503,1,,,,,"FP32, UINT16 => FP32",FLOAT32,FLOAT32,UINT16,False,DEV_1_DRAM_INTERLEAVED,,,,1417216.0,
4584,0.034793162295417436,,FillPadDeviceOperation,0,10.596,1.464,1,,,,,FP32 => FP32,FLOAT32,FLOAT32,nan,False,DEV_1_DRAM_INTERLEAVED,,,,1418240.0,
4585,0.008897355930270925,,ReduceDeviceOperation,0,1.59,1.494,1,,,,,FP32 => FP32,FLOAT32,FLOAT32,nan,False,DEV_1_DRAM_INTERLEAVED,,,,1419264.0,
4586,0.014084595217763509,,BinaryNgDeviceOperation,0,4.36,0.522,110,,,,,FP32 => FP32,FLOAT32,FLOAT32,nan,False,DEV_1_DRAM_INTERLEAVED,,,,1420288.0,
4587,0.019320879593068867,,BinaryNgDeviceOperation,0,6.181,0.516,110,,,,,"FP32, FP32 => FP32",FLOAT32,FLOAT32,FLOAT32,False,DEV_1_DRAM_INTERLEAVED,,,,1421312.0,
4588,0.007936649210173579,,TypecastDeviceOperation,0,1.285,1.466,1,,,,,FP32 => BF16,BFLOAT16,FLOAT32,nan,False,DEV_1_DRAM_INTERLEAVED,,,,1422336.0,
4589,0.014049975155778016,,PermuteDeviceOperation,0,4.254,0.616,4,,,,,BF16 => BF16,BFLOAT16,BFLOAT16,nan,False,DEV_1_DRAM_INTERLEAVED,,,,1423360.0,
4590,0.007613528631642339,,UntilizeWithUnpaddingDeviceOperation,0,1.176,1.463,1,,,,,UINT16 => UINT16,UINT16,UINT16,nan,False,DEV_1_DRAM_INTERLEAVED,,,,1424384.0,
4591,0.01591945850299448,,UnaryDeviceOperation,0,5.001,0.517,110,,,,,BF16 => BF16,BFLOAT16,BFLOAT16,nan,False,DEV_1_DRAM_INTERLEAVED,,,,1425408.0,
4592,0.34616311478774886,,SparseMatmulDeviceOperation active=?/64 x 32 x 2048 x 3072,0,119.451,0.536,32,,,,,HiFi2 BF16 x BFP8 => BF16,BFLOAT16,BFLOAT16,BFLOAT8_B,False,DEV_1_DRAM_INTERLEAVED,8,1,1,1426432.0,Sparse matmul utilization is omitted because the CSV row has nnz=std::nullopt; pass --active-experts K to model K active experts per input batch group
4593,0.009148351379665727,,SliceDeviceOperation,0,2.618,0.553,110,,,,,BF16 => BF16,BFLOAT16,BFLOAT16,nan,False,DEV_1_DRAM_INTERLEAVED,,,,1427456.0,
4594,0.01029946844068327,,SliceDeviceOperation,0,3.036,0.534,110,,,,,BF16 => BF16,BFLOAT16,BFLOAT16,nan,False,DEV_1_DRAM_INTERLEAVED,,,,1428480.0,
4595,0.020521041741899185,,BinaryNgDeviceOperation,0,6.568,0.545,110,,,,,"BF16, BF16 => BF16",BFLOAT16,BFLOAT16,BFLOAT16,False,DEV_1_DRAM_INTERLEAVED,,,,1429504.0,
4596,0.013732624587577692,,BinaryNgDeviceOperation,0,4.199,0.561,110,,,,,"BF16, BF16 => BF16",BFLOAT16,BFLOAT16,BFLOAT16,False,DEV_1_DRAM_INTERLEAVED,,,,1430528.0,
4597,0.01102648974237856,,UnaryDeviceOperation,0,3.268,0.554,110,,,,,BF16 => BF16,BFLOAT16,BFLOAT16,nan,False,DEV_1_DRAM_INTERLEAVED,,,,1431552.0,
4598,0.20759631669082526,,SparseMatmulDeviceOperation active=?/64 x 32 x 1536 x 2048,0,71.293,0.664,32,,,,,HiFi2 BF16 x BFP8 => BF16,BFLOAT16,BFLOAT16,BFLOAT8_B,False,DEV_1_DRAM_INTERLEAVED,8,1,1,1432576.0,Sparse matmul utilization is omitted because the CSV row has nnz=std::nullopt; pass --active-experts K to model K active experts per input batch group
4599,0.017612956535118032,,FillPadDeviceOperation,0,5.609,0.496,110,,,,,BF16 => BF16,BFLOAT16,BFLOAT16,nan,False,DEV_1_DRAM_INTERLEAVED,,,,1433600.0,
4600,0.00913392635383844,,FastReduceNCDeviceOperation,0,2.673,0.493,64,,,,,BF16 => BF16,BFLOAT16,BFLOAT16,nan,False,DEV_1_DRAM_INTERLEAVED,,,,1434624.0,
4601,0.006742257071674175,,SliceDeviceOperation,0,1.834,0.503,64,,,,,BF16 => BF16,BFLOAT16,BFLOAT16,nan,False,DEV_1_DRAM_INTERLEAVED,,,,1435648.0,
4602,0.1002308494583244,SLOW,MatmulDeviceOperation 32 x 2048 x 1536,0,34.241,0.501,48,190.439297917701,37.19517537455098,5.879693700534447,8.860938857142239,HiFi4 BF16 x BF16 => BF16,BFLOAT16,BFLOAT16,BFLOAT16,False,DEV_1_DRAM_INTERLEAVED,2,1,1,1436672.0,"If possible place input 0 in L1 (currently in DEV_1_DRAM_INTERLEAVED) • Output subblock 1x1 is small, try out_subblock_h * out_subblock_w >= 2 if possible • HiFi2 may also work, it discards the lowest bit of the activations and has 2x the throughput of HiFi4"
4603,0.00981478757288641,,UnaryDeviceOperation,0,2.841,0.561,110,,,,,BF16 => BF16,BFLOAT16,BFLOAT16,nan,False,DEV_1_DRAM_INTERLEAVED,,,,1437696.0,
4604,0.10012698927236792,SLOW,MatmulDeviceOperation 32 x 2048 x 1536,0,33.907,0.799,48,192.31521514731472,37.5615654584599,5.937611466658802,8.948223299242262,HiFi4 BF16 x BF16 => BF16,BFLOAT16,BFLOAT16,BFLOAT16,False,DEV_1_DRAM_INTERLEAVED,2,1,1,1438720.0,"If possible place input 0 in L1 (currently in DEV_1_DRAM_INTERLEAVED) • Output subblock 1x1 is small, try out_subblock_h * out_subblock_w >= 2 if possible • HiFi2 may also work, it discards the lowest bit of the activations and has 2x the throughput of HiFi4"
4605,0.010198493259892256,,BinaryNgDeviceOperation,0,2.971,0.564,110,,,,,"BF16, BF16 => BF16",BFLOAT16,BFLOAT16,BFLOAT16,False,DEV_1_DRAM_INTERLEAVED,,,,1439744.0,
4606,0.08558079322813124,SLOW,MatmulDeviceOperation 32 x 1536 x 2048,0,29.065,0.599,64,224.35341476002063,43.81902632031653,6.9267707552038535,7.829195099107365,HiFi4 BF16 x BF16 => BF16,BFLOAT16,BFLOAT16,BFLOAT16,False,DEV_1_DRAM_INTERLEAVED,2,1,1,1440768.0,"If possible place input 0 in L1 (currently in DEV_1_DRAM_INTERLEAVED) • Output subblock 1x1 is small, try out_subblock_h * out_subblock_w >= 2 if possible • HiFi2 may also work, it discards the lowest bit of the activations and has 2x the throughput of HiFi4"
4607,0.008796380749479913,,BinaryNgDeviceOperation,0,2.487,0.562,110,,,,,"BF16, BF16 => BF16",BFLOAT16,BFLOAT16,BFLOAT16,False,DEV_1_DRAM_INTERLEAVED,,,,1441792.0,
4608,0.008228034731884788,,BinaryNgDeviceOperation,0,2.305,0.547,110,,,,,"BF16, BF16 => BF16",BFLOAT16,BFLOAT16,BFLOAT16,False,DEV_1_DRAM_INTERLEAVED,,,,1442816.0,
4609,0.10703946164880411,,LayerNormDeviceOperation,0,33.473,3.629,1,,,,,"BF16, BF16 => BF16",BFLOAT16,BFLOAT16,BFLOAT16,False,DEV_1_DRAM_INTERLEAVED,,,,1356800.0,
4610,0.015333802454406603,,UntilizeCodegenDeviceOperation,0,4.797,0.518,110,,,,,BF16 => BF16,BFLOAT16,BFLOAT16,nan,False,DEV_1_DRAM_INTERLEAVED,,,,1357824.0,
4611,0.007200972892981917,,EmbeddingsDeviceOperation,0,1.096,1.4,1,,,,,"UINT32, BF16 => BF16",BFLOAT16,UINT32,BFLOAT16,False,DEV_1_DRAM_INTERLEAVED,,,,1358848.0,
4612,0.01336334392639913,,TilizeWithValPaddingDeviceOperation,0,3.18,1.452,1,,,,,BF16 => BF16,BFLOAT16,BFLOAT16,nan,False,DEV_1_DRAM_INTERLEAVED,,,,1359872.0,
4613,0.015365537511226638,,UntilizeCodegenDeviceOperation,0,4.807,0.519,110,,,,,BF16 => BF16,BFLOAT16,BFLOAT16,nan,False,DEV_1_DRAM_INTERLEAVED,,,,1360896.0,
4614,0.007376958208074823,,EmbeddingsDeviceOperation,0,1.085,1.472,1,,,,,"UINT32, BF16 => BF16",BFLOAT16,UINT32,BFLOAT16,False,DEV_1_DRAM_INTERLEAVED,,,,1361920.0,
4615,0.013118118487335245,,TilizeWithValPaddingDeviceOperation,0,3.11,1.437,1,,,,,BF16 => BF16,BFLOAT16,BFLOAT16,nan,False,DEV_1_DRAM_INTERLEAVED,,,,1362944.0,
4616,0.005700770206944017,,InterleavedToShardedDeviceOperation,0,0.498,1.478,1,,,,,BF16 => BF16,BFLOAT16,BFLOAT16,nan,False,DEV_1_DRAM_INTERLEAVED,,,,1363968.0,
4617,0.005657495129462154,,InterleavedToShardedDeviceOperation,0,0.507,1.454,1,,,,,BF16 => BF16,BFLOAT16,BFLOAT16,nan,False,DEV_1_DRAM_INTERLEAVED,,,,1364992.0,
4618,0.005723850248267677,,InterleavedToShardedDeviceOperation,0,0.493,1.491,1,,,,,BF16 => BF16,BFLOAT16,BFLOAT16,nan,False,DEV_1_DRAM_INTERLEAVED,,,,1366016.0,
4619,0.09748143953564342,SLOW,MatmulDeviceOperation 32 x 2048 x 1344,0,33.273,0.516,42,171.9746340876987,33.58879572025365,5.294405914705616,9.118727118306355,HiFi4 BF16 x BF16 => BF16,BFLOAT16,BFLOAT16,BFLOAT16,False,DEV_1_DRAM_INTERLEAVED,2,1,1,1367040.0,"If possible place input 0 in L1 (currently in DEV_1_DRAM_INTERLEAVED) • Output subblock 1x1 is small, try out_subblock_h * out_subblock_w >= 2 if possible • HiFi2 may also work, it discards the lowest bit of the activations and has 2x the throughput of HiFi4"
4620,0.006768222118163291,,SliceDeviceOperation,0,1.71,0.636,24,,,,,BF16 => BF16,BFLOAT16,BFLOAT16,nan,False,DEV_1_DRAM_INTERLEAVED,,,,1368064.0,
4621,0.006548961725588522,,SliceDeviceOperation,0,1.664,0.606,16,,,,,BF16 => BF16,BFLOAT16,BFLOAT16,nan,False,DEV_1_DRAM_INTERLEAVED,,,,1369088.0,
4622,0.006147946007589929,,SliceDeviceOperation,0,1.152,0.979,2,,,,,BF16 => BF16,BFLOAT16,BFLOAT16,nan,False,DEV_1_DRAM_INTERLEAVED,,,,1370112.0,
4623,0.03084936023423703,,LayerNormDeviceOperation,0,9.433,1.26,1,,,,,"BF16, BF16 => BF16",BFLOAT16,BFLOAT16,BFLOAT16,False,DEV_1_DRAM_INTERLEAVED,,,,1371136.0,
4624,0.005666150144958527,,InterleavedToShardedDeviceOperation,0,0.5,1.464,1,,,,,BF16 => BF16,BFLOAT16,BFLOAT16,nan,False,DEV_1_DRAM_INTERLEAVED,,,,1372160.0,
4625,0.009615722216469842,,RotaryEmbeddingLlamaDeviceOperation,0,1.875,1.458,1,,,,,"BF16, BF16 => BF16",BFLOAT16,BFLOAT16,BFLOAT16,False,DEV_1_L1_HEIGHT_SHARDED,,,,1373184.0,
4626,0.005836365449720519,,ShardedToInterleavedDeviceOperation,0,0.52,1.503,1,,,,,BF16 => BF16,BFLOAT16,BFLOAT16,nan,False,DEV_1_L1_HEIGHT_SHARDED,,,,1374208.0,
4627,0.006756682097501461,,ConcatDeviceOperation,0,1.746,0.596,18,,,,,"BF16, BF16 => BF16",BFLOAT16,BFLOAT16,BFLOAT16,False,DEV_1_DRAM_INTERLEAVED,,,,1375232.0,
4628,0.042995231980813106,,LayerNormDeviceOperation,0,13.422,1.481,1,,,,,"BF16, BF16 => BF16",BFLOAT16,BFLOAT16,BFLOAT16,False,DEV_1_DRAM_INTERLEAVED,,,,1376256.0,
4629,0.06253537196645674,DRAM,MatmulDeviceOperation 32 x 768 x 5120,0,21.16,0.516,80,389.46843100189034,76.06805293005671,11.893111531190925,10.754043268220961,HiFi4 BF16 x BF16 => BF16,BFLOAT16,BFLOAT16,BFLOAT16,False,DEV_1_DRAM_INTERLEAVED,2,1,2,1377280.0,Try a DRAM-sharded program config (MatmulMultiCoreReuseMultiCastDRAMShardedProgramConfig) to improve throughput further
4630,0.047360244796150294,,UntilizeCodegenDeviceOperation,0,15.002,1.414,1,,,,,BF16 => BF16,BFLOAT16,BFLOAT16,nan,False,DEV_1_DRAM_INTERLEAVED,,,,1378304.0,
4631,0.021646193756427613,,ReshapeViewDeviceOperation,0,6.984,0.519,110,,,,,BF16 => BF16,BFLOAT16,BFLOAT16,nan,False,DEV_1_DRAM_INTERLEAVED,,,,1379328.0,
4632,0.021582723642787547,,TilizeWithValPaddingDeviceOperation,0,5.936,1.545,1,,,,,BF16 => BF16,BFLOAT16,BFLOAT16,nan,False,DEV_1_DRAM_INTERLEAVED,,,,1380352.0,
4633,0.006499916637775744,,SliceDeviceOperation,0,1.645,0.608,6,,,,,BF16 => BF16,BFLOAT16,BFLOAT16,nan,False,DEV_1_DRAM_INTERLEAVED,,,,1381376.0,
4634,0.006644166896048619,,SliceDeviceOperation,0,1.641,0.662,2,,,,,BF16 => BF16,BFLOAT16,BFLOAT16,nan,False,DEV_1_DRAM_INTERLEAVED,,,,1382400.0,
4635,0.011707350961426529,,TransposeDeviceOperation,0,3.544,0.514,110,,,,,BF16 => BF16,BFLOAT16,BFLOAT16,nan,False,DEV_1_DRAM_INTERLEAVED,,,,1383424.0,
4636,0.15643940509693285,SLOW,MatmulDeviceOperation b={20} x 32 x 192 x 512,0,53.696,0.529,16,90.01191895113229,17.580452920143024,2.3433611442193087,10.594623228711427,HiFi4 BF16 x BF16 => BF16,BFLOAT16,BFLOAT16,BFLOAT16,False,DEV_1_DRAM_INTERLEAVED,2,1,1,1384448.0,"If possible place input 0 in L1 (currently in DEV_1_DRAM_INTERLEAVED) • Output subblock 1x1 is small, try out_subblock_h * out_subblock_w >= 2 if possible • HiFi2 may also work, it discards the lowest bit of the activations and has 2x the throughput of HiFi4"
4637,0.011300565233097021,,TransposeDeviceOperation,0,3.395,0.522,110,,,,,BF16 => BF16,BFLOAT16,BFLOAT16,nan,False,DEV_1_DRAM_INTERLEAVED,,,,1385472.0,
4638,0.005273789442456307,,InterleavedToShardedDeviceOperation,0,0.485,1.343,1,,,,,BF16 => BF16,BFLOAT16,BFLOAT16,nan,False,DEV_1_DRAM_INTERLEAVED,,,,1386496.0,
4639,0.009615722216469842,,RotaryEmbeddingLlamaDeviceOperation,0,1.881,1.452,1,,,,,"BF16, BF16 => BF16",BFLOAT16,BFLOAT16,BFLOAT16,False,DEV_1_L1_HEIGHT_SHARDED,,,,1387520.0,
4640,0.005836365449720519,,ShardedToInterleavedDeviceOperation,0,0.52,1.503,1,,,,,BF16 => BF16,BFLOAT16,BFLOAT16,nan,False,DEV_1_L1_HEIGHT_SHARDED,,,,1388544.0,
4641,0.006629741870221331,,ConcatDeviceOperation,0,1.701,0.597,18,,,,,"BF16, BF16 => BF16",BFLOAT16,BFLOAT16,BFLOAT16,False,DEV_1_DRAM_INTERLEAVED,,,,1389568.0,
4642,0.007189432872320087,,InterleavedToShardedDeviceOperation,0,0.976,1.516,1,,,,,BF16 => BF16,BFLOAT16,BFLOAT16,nan,False,DEV_1_DRAM_INTERLEAVED,,,,1390592.0,
4643,0.01717443574996849,,PagedUpdateCacheDeviceOperation,0,4.46,1.493,1,,,,,"BF16, BF16 => BF16",BFLOAT16,BFLOAT16,BFLOAT16,False,DEV_1_DRAM_INTERLEAVED,,,,1391616.0,
4644,0.12484571353000777,,SdpaDecodeDeviceOperation,0,40.599,2.675,110,,,,,"BF16, BF16 => BF16",BFLOAT16,BFLOAT16,BFLOAT16,False,DEV_1_DRAM_INTERLEAVED,,,,1392640.0,
4645,0.012267041963525283,,TransposeDeviceOperation,0,3.738,0.514,110,,,,,BF16 => BF16,BFLOAT16,BFLOAT16,nan,False,DEV_1_DRAM_INTERLEAVED,,,,1393664.0,
4646,0.3529284519007467,SLOW,MatmulDeviceOperation b={20} x 32 x 512 x 256,0,121.779,0.553,8,51.12474236116243,9.985301242414538,1.37767726783764,12.457295896969402,HiFi4 BF16 x BF16 => BF16,BFLOAT16,BFLOAT16,BFLOAT16,False,DEV_1_DRAM_INTERLEAVED,2,1,1,1394688.0,"If possible place input 0 in L1 (currently in DEV_1_DRAM_INTERLEAVED) • Output subblock 1x1 is small, try out_subblock_h * out_subblock_w >= 2 if possible • HiFi2 may also work, it discards the lowest bit of the activations and has 2x the throughput of HiFi4"
4647,0.008842540832127233,,TransposeDeviceOperation,0,2.547,0.518,110,,,,,BF16 => BF16,BFLOAT16,BFLOAT16,nan,False,DEV_1_DRAM_INTERLEAVED,,,,1395712.0,
4648,0.00599792573898614,,InterleavedToShardedDeviceOperation,0,0.707,1.372,1,,,,,BF16 => BF16,BFLOAT16,BFLOAT16,nan,False,DEV_1_DRAM_INTERLEAVED,,,,1396736.0,
4649,0.006067165862957118,,NLPConcatHeadsDecodeDeviceOperation,0,1.575,0.528,20,,,,,BF16 => BF16,BFLOAT16,BFLOAT16,nan,False,DEV_1_L1_HEIGHT_SHARDED,,,,1397760.0,
4650,0.008539615289754195,,ShardedToInterleavedDeviceOperation,0,1.705,1.255,20,,,,,BF16 => BF16,BFLOAT16,BFLOAT16,nan,False,DEV_1_L1_WIDTH_SHARDED,,,,1398784.0,
4651,0.008300159861021223,,SliceDeviceOperation,0,2.319,0.558,110,,,,,BF16 => BF16,BFLOAT16,BFLOAT16,nan,False,DEV_1_DRAM_INTERLEAVED,,,,1399808.0,
4652,0.2666610274432366,SLOW,MatmulDeviceOperation 32 x 5120 x 2048,0,91.935,0.495,64,233.10243106542663,45.52781856746614,7.29959906455648,8.250595730880713,HiFi4 BF16 x BF16 => BF16,BFLOAT16,BFLOAT16,BFLOAT16,False,DEV_1_DRAM_INTERLEAVED,2,1,1,1400832.0,"If possible place input 0 in L1 (currently in DEV_1_DRAM_INTERLEAVED) • Output subblock 1x1 is small, try out_subblock_h * out_subblock_w >= 2 if possible • HiFi2 may also work, it discards the lowest bit of the activations and has 2x the throughput of HiFi4"
4653,0.008995446105896482,,BinaryNgDeviceOperation,0,2.555,0.563,110,,,,,"BF16, BF16 => BF16",BFLOAT16,BFLOAT16,BFLOAT16,False,DEV_1_DRAM_INTERLEAVED,,,,1401856.0,
4654,0.09808440561522402,,LayerNormDeviceOperation,0,33.299,0.699,1,,,,,"BF16, BF16 => BF16",BFLOAT16,BFLOAT16,BFLOAT16,False,DEV_1_DRAM_INTERLEAVED,,,,1402880.0,
4655,0.07598815105298506,SLOW,MatmulDeviceOperation 32 x 2048 x 64,0,25.733,0.606,2,25.786033497843235,5.036334667547507,0.32598639878754904,11.790596020961699,HiFi4 BF16 x FP32 => FP32,FLOAT32,BFLOAT16,FLOAT32,False,DEV_1_DRAM_INTERLEAVED,2,1,1,1403904.0,"If possible place input 0 in L1 (currently in DEV_1_DRAM_INTERLEAVED) • Output subblock 1x1 is small, try out_subblock_h * out_subblock_w >= 2 if possible • HiFi2 may also work, it discards the lowest bit of the activations and has 2x the throughput of HiFi4"
4656,0.010945709597745748,,UnaryDeviceOperation,0,3.259,0.535,110,,,,,FP32 => FP32,FLOAT32,FLOAT32,nan,False,DEV_1_DRAM_INTERLEAVED,,,,1404928.0,
4657,0.009307026663765889,,BinaryNgDeviceOperation,0,2.691,0.535,110,,,,,"FP32, FP32 => FP32",FLOAT32,FLOAT32,FLOAT32,False,DEV_1_DRAM_INTERLEAVED,,,,1405952.0,
4658,0.0162368090711948,,FillPadDeviceOperation,0,5.018,0.61,2,,,,,FP32 => FP32,FLOAT32,FLOAT32,nan,False,DEV_1_DRAM_INTERLEAVED,,,,1406976.0,
4659,0.010763954272321926,,ReduceDeviceOperation,0,2.267,1.464,1,,,,,FP32 => FP32,FLOAT32,FLOAT32,nan,False,DEV_1_DRAM_INTERLEAVED,,,,1408000.0,
4660,0.016888820238588193,,BinaryNgDeviceOperation,0,5.342,0.512,110,,,,,"FP32, FP32 => FP32",FLOAT32,FLOAT32,FLOAT32,False,DEV_1_DRAM_INTERLEAVED,,,,1409024.0,
4661,0.008034739385799135,,TypecastDeviceOperation,0,2.174,0.611,2,,,,,FP32 => BF16,BFLOAT16,FLOAT32,nan,False,DEV_1_DRAM_INTERLEAVED,,,,1410048.0,
4662,0.015956963570145425,,FillPadDeviceOperation,0,4.863,0.668,2,,,,,BF16 => BF16,BFLOAT16,BFLOAT16,nan,False,DEV_1_DRAM_INTERLEAVED,,,,1411072.0,
4663,0.043915548628594044,,TopKDeviceOperation,0,13.759,1.463,1,,,,,BF16 => BF16,BFLOAT16,BFLOAT16,nan,False,DEV_1_DRAM_INTERLEAVED,,,,1412096.0,
4664,0.0065287666894303185,,SliceDeviceOperation,0,0.803,1.46,1,,,,,BF16 => BF16,BFLOAT16,BFLOAT16,nan,False,DEV_1_DRAM_INTERLEAVED,,,,1413120.0,
4665,0.006592236803070385,,SliceDeviceOperation,0,0.821,1.464,1,,,,,UINT16 => UINT16,UINT16,UINT16,nan,False,DEV_1_DRAM_INTERLEAVED,,,,1414144.0,
4666,0.03131384606587569,,FillPadDeviceOperation,0,9.387,1.467,1,,,,,UINT16 => UINT16,UINT16,UINT16,nan,False,DEV_1_DRAM_INTERLEAVED,,,,1415168.0,
4667,0.0067999571749833235,,SliceDeviceOperation,0,1.726,0.631,2,,,,,FP32 => FP32,FLOAT32,FLOAT32,nan,False,DEV_1_DRAM_INTERLEAVED,,,,1416192.0,
4668,0.0898534858781738,,GatherDeviceOperation,0,29.627,1.518,1,,,,,"FP32, UINT16 => FP32",FLOAT32,FLOAT32,UINT16,False,DEV_1_DRAM_INTERLEAVED,,,,1417216.0,
4669,0.03474700221277011,,FillPadDeviceOperation,0,10.568,1.476,1,,,,,FP32 => FP32,FLOAT32,FLOAT32,nan,False,DEV_1_DRAM_INTERLEAVED,,,,1418240.0,
4670,0.008880045899278181,,ReduceDeviceOperation,0,1.583,1.495,1,,,,,FP32 => FP32,FLOAT32,FLOAT32,nan,False,DEV_1_DRAM_INTERLEAVED,,,,1419264.0,
4671,0.014032665124785274,,BinaryNgDeviceOperation,0,4.331,0.533,110,,,,,FP32 => FP32,FLOAT32,FLOAT32,nan,False,DEV_1_DRAM_INTERLEAVED,,,,1420288.0,
4672,0.01907565415400498,,BinaryNgDeviceOperation,0,6.099,0.513,110,,,,,"FP32, FP32 => FP32",FLOAT32,FLOAT32,FLOAT32,False,DEV_1_DRAM_INTERLEAVED,,,,1421312.0,
4673,0.007974154277324527,,TypecastDeviceOperation,0,1.298,1.466,1,,,,,FP32 => BF16,BFLOAT16,FLOAT32,nan,False,DEV_1_DRAM_INTERLEAVED,,,,1422336.0,
4674,0.01404709015061256,,PermuteDeviceOperation,0,4.257,0.612,4,,,,,BF16 => BF16,BFLOAT16,BFLOAT16,nan,False,DEV_1_DRAM_INTERLEAVED,,,,1423360.0,
4675,0.007691423771109692,,UntilizeWithUnpaddingDeviceOperation,0,1.201,1.465,1,,,,,UINT16 => UINT16,UINT16,UINT16,nan,False,DEV_1_DRAM_INTERLEAVED,,,,1424384.0,
4676,0.01562807298128327,,UnaryDeviceOperation,0,4.905,0.512,110,,,,,BF16 => BF16,BFLOAT16,BFLOAT16,nan,False,DEV_1_DRAM_INTERLEAVED,,,,1425408.0,
4677,0.346258319958209,,SparseMatmulDeviceOperation active=?/64 x 32 x 2048 x 3072,0,119.424,0.596,32,,,,,HiFi2 BF16 x BFP8 => BF16,BFLOAT16,BFLOAT16,BFLOAT8_B,False,DEV_1_DRAM_INTERLEAVED,8,1,1,1426432.0,Sparse matmul utilization is omitted because the CSV row has nnz=std::nullopt; pass --active-experts K to model K active experts per input batch group
4678,0.009658997293951706,,SliceDeviceOperation,0,2.857,0.491,110,,,,,BF16 => BF16,BFLOAT16,BFLOAT16,nan,False,DEV_1_DRAM_INTERLEAVED,,,,1427456.0,
4679,0.01044948870928706,,SliceDeviceOperation,0,3.135,0.487,110,,,,,BF16 => BF16,BFLOAT16,BFLOAT16,nan,False,DEV_1_DRAM_INTERLEAVED,,,,1428480.0,
4680,0.020434491586935465,,BinaryNgDeviceOperation,0,6.553,0.53,110,,,,,"BF16, BF16 => BF16",BFLOAT16,BFLOAT16,BFLOAT16,False,DEV_1_DRAM_INTERLEAVED,,,,1429504.0,
4681,0.013585489324139362,,BinaryNgDeviceOperation,0,4.176,0.533,110,,,,,"BF16, BF16 => BF16",BFLOAT16,BFLOAT16,BFLOAT16,False,DEV_1_DRAM_INTERLEAVED,,,,1430528.0,
4682,0.011300565233097021,,UnaryDeviceOperation,0,3.359,0.558,110,,,,,BF16 => BF16,BFLOAT16,BFLOAT16,nan,False,DEV_1_DRAM_INTERLEAVED,,,,1431552.0,
4683,0.20724434606063943,,SparseMatmulDeviceOperation active=?/64 x 32 x 1536 x 2048,0,71.319,0.516,32,,,,,HiFi2 BF16 x BFP8 => BF16,BFLOAT16,BFLOAT16,BFLOAT8_B,False,DEV_1_DRAM_INTERLEAVED,8,1,1,1432576.0,Sparse matmul utilization is omitted because the CSV row has nnz=std::nullopt; pass --active-experts K to model K active experts per input batch group
4684,0.01765911661776535,,FillPadDeviceOperation,0,5.641,0.48,110,,,,,BF16 => BF16,BFLOAT16,BFLOAT16,nan,False,DEV_1_DRAM_INTERLEAVED,,,,1433600.0,
4685,0.009315681679262264,,FastReduceNCDeviceOperation,0,2.75,0.479,64,,,,,BF16 => BF16,BFLOAT16,BFLOAT16,nan,False,DEV_1_DRAM_INTERLEAVED,,,,1434624.0,
4686,0.006696096989026855,,SliceDeviceOperation,0,1.778,0.543,64,,,,,BF16 => BF16,BFLOAT16,BFLOAT16,nan,False,DEV_1_DRAM_INTERLEAVED,,,,1435648.0,
4687,0.10037509971659729,SLOW,MatmulDeviceOperation 32 x 2048 x 1536,0,34.293,0.499,48,190.15052634648467,37.138774677047785,5.870778059662321,8.847502621742262,HiFi4 BF16 x BF16 => BF16,BFLOAT16,BFLOAT16,BFLOAT16,False,DEV_1_DRAM_INTERLEAVED,2,1,1,1436672.0,"If possible place input 0 in L1 (currently in DEV_1_DRAM_INTERLEAVED) • Output subblock 1x1 is small, try out_subblock_h * out_subblock_w >= 2 if possible • HiFi2 may also work, it discards the lowest bit of the activations and has 2x the throughput of HiFi4"
4688,0.009797477541893664,,UnaryDeviceOperation,0,2.839,0.557,110,,,,,BF16 => BF16,BFLOAT16,BFLOAT16,nan,False,DEV_1_DRAM_INTERLEAVED,,,,1437696.0,
4689,0.10014429930336066,SLOW,MatmulDeviceOperation 32 x 2048 x 1536,0,33.958,0.754,48,192.02638553507273,37.50515342481889,5.928694033806467,8.934784363254828,HiFi4 BF16 x BF16 => BF16,BFLOAT16,BFLOAT16,BFLOAT16,False,DEV_1_DRAM_INTERLEAVED,2,1,1,1438720.0,"If possible place input 0 in L1 (currently in DEV_1_DRAM_INTERLEAVED) • Output subblock 1x1 is small, try out_subblock_h * out_subblock_w >= 2 if possible • HiFi2 may also work, it discards the lowest bit of the activations and has 2x the throughput of HiFi4"
4690,0.010437948688625229,,BinaryNgDeviceOperation,0,3.05,0.568,110,,,,,"BF16, BF16 => BF16",BFLOAT16,BFLOAT16,BFLOAT16,False,DEV_1_DRAM_INTERLEAVED,,,,1439744.0,
4691,0.08551732311449117,SLOW,MatmulDeviceOperation 32 x 1536 x 2048,0,29.101,0.541,64,224.07587368131678,43.76481907838218,6.91820184873372,7.819509829750027,HiFi4 BF16 x BF16 => BF16,BFLOAT16,BFLOAT16,BFLOAT16,False,DEV_1_DRAM_INTERLEAVED,2,1,1,1440768.0,"If possible place input 0 in L1 (currently in DEV_1_DRAM_INTERLEAVED) • Output subblock 1x1 is small, try out_subblock_h * out_subblock_w >= 2 if possible • HiFi2 may also work, it discards the lowest bit of the activations and has 2x the throughput of HiFi4"
4692,0.008877160894112723,,BinaryNgDeviceOperation,0,2.515,0.562,110,,,,,"BF16, BF16 => BF16",BFLOAT16,BFLOAT16,BFLOAT16,False,DEV_1_DRAM_INTERLEAVED,,,,1441792.0,
4693,0.008412675062474067,,BinaryNgDeviceOperation,0,2.43,0.486,110,,,,,"BF16, BF16 => BF16",BFLOAT16,BFLOAT16,BFLOAT16,False,DEV_1_DRAM_INTERLEAVED,,,,1442816.0,
4694,0.10687213134920757,,LayerNormDeviceOperation,0,33.37,3.674,1,,,,,"BF16, BF16 => BF16",BFLOAT16,BFLOAT16,BFLOAT16,False,DEV_1_DRAM_INTERLEAVED,,,,1356800.0,
4695,0.014719296354164156,,UntilizeCodegenDeviceOperation,0,4.587,0.515,110,,,,,BF16 => BF16,BFLOAT16,BFLOAT16,nan,False,DEV_1_DRAM_INTERLEAVED,,,,1357824.0,
4696,0.007645263688462372,,EmbeddingsDeviceOperation,0,1.153,1.497,1,,,,,"UINT32, BF16 => BF16",BFLOAT16,UINT32,BFLOAT16,False,DEV_1_DRAM_INTERLEAVED,,,,1358848.0,
4697,0.01341238901421191,,TilizeWithValPaddingDeviceOperation,0,3.181,1.468,1,,,,,BF16 => BF16,BFLOAT16,BFLOAT16,nan,False,DEV_1_DRAM_INTERLEAVED,,,,1359872.0,
4698,0.015157817139313697,,UntilizeCodegenDeviceOperation,0,4.741,0.513,110,,,,,BF16 => BF16,BFLOAT16,BFLOAT16,nan,False,DEV_1_DRAM_INTERLEAVED,,,,1360896.0,
4699,0.00735676317191662,,EmbeddingsDeviceOperation,0,1.094,1.456,1,,,,,"UINT32, BF16 => BF16",BFLOAT16,UINT32,BFLOAT16,False,DEV_1_DRAM_INTERLEAVED,,,,1361920.0,
4700,0.013054648373695183,,TilizeWithValPaddingDeviceOperation,0,3.092,1.433,1,,,,,BF16 => BF16,BFLOAT16,BFLOAT16,nan,False,DEV_1_DRAM_INTERLEAVED,,,,1362944.0,
4701,0.005758470310253167,,InterleavedToShardedDeviceOperation,0,0.493,1.503,1,,,,,BF16 => BF16,BFLOAT16,BFLOAT16,nan,False,DEV_1_DRAM_INTERLEAVED,,,,1363968.0,
4702,0.005648840113965783,,InterleavedToShardedDeviceOperation,0,0.489,1.469,1,,,,,BF16 => BF16,BFLOAT16,BFLOAT16,nan,False,DEV_1_DRAM_INTERLEAVED,,,,1364992.0,
4703,0.005729620258598592,,InterleavedToShardedDeviceOperation,0,0.496,1.49,1,,,,,BF16 => BF16,BFLOAT16,BFLOAT16,nan,False,DEV_1_DRAM_INTERLEAVED,,,,1366016.0,
4704,0.09805555556356944,SLOW,MatmulDeviceOperation 32 x 2048 x 1344,0,33.474,0.514,42,170.94198482404252,33.387106410945805,5.262614805520702,9.063972259288027,HiFi4 BF16 x BF16 => BF16,BFLOAT16,BFLOAT16,BFLOAT16,False,DEV_1_DRAM_INTERLEAVED,2,1,1,1367040.0,"If possible place input 0 in L1 (currently in DEV_1_DRAM_INTERLEAVED) • Output subblock 1x1 is small, try out_subblock_h * out_subblock_w >= 2 if possible • HiFi2 may also work, it discards the lowest bit of the activations and has 2x the throughput of HiFi4"
4705,0.006681671963199565,,SliceDeviceOperation,0,1.682,0.634,24,,,,,BF16 => BF16,BFLOAT16,BFLOAT16,nan,False,DEV_1_DRAM_INTERLEAVED,,,,1368064.0,
4706,0.006606661828897672,,SliceDeviceOperation,0,1.686,0.604,16,,,,,BF16 => BF16,BFLOAT16,BFLOAT16,nan,False,DEV_1_DRAM_INTERLEAVED,,,,1369088.0,
4707,0.005908490578856957,,SliceDeviceOperation,0,0.973,1.075,2,,,,,BF16 => BF16,BFLOAT16,BFLOAT16,nan,False,DEV_1_DRAM_INTERLEAVED,,,,1370112.0,
4708,0.03125037595223563,,LayerNormDeviceOperation,0,9.483,1.349,1,,,,,"BF16, BF16 => BF16",BFLOAT16,BFLOAT16,BFLOAT16,False,DEV_1_DRAM_INTERLEAVED,,,,1371136.0,
4709,0.00561710505714575,,InterleavedToShardedDeviceOperation,0,0.481,1.466,1,,,,,BF16 => BF16,BFLOAT16,BFLOAT16,nan,False,DEV_1_DRAM_INTERLEAVED,,,,1372160.0,
4710,0.009558022113160692,,RotaryEmbeddingLlamaDeviceOperation,0,1.845,1.468,1,,,,,"BF16, BF16 => BF16",BFLOAT16,BFLOAT16,BFLOAT16,False,DEV_1_L1_HEIGHT_SHARDED,,,,1373184.0,
4711,0.005845020465216893,,ShardedToInterleavedDeviceOperation,0,0.527,1.499,1,,,,,BF16 => BF16,BFLOAT16,BFLOAT16,nan,False,DEV_1_L1_HEIGHT_SHARDED,,,,1374208.0,
4712,0.006756682097501461,,ConcatDeviceOperation,0,1.749,0.593,18,,,,,"BF16, BF16 => BF16",BFLOAT16,BFLOAT16,BFLOAT16,False,DEV_1_DRAM_INTERLEAVED,,,,1375232.0,
4713,0.04330681253868251,,LayerNormDeviceOperation,0,13.541,1.47,1,,,,,"BF16, BF16 => BF16",BFLOAT16,BFLOAT16,BFLOAT16,False,DEV_1_DRAM_INTERLEAVED,,,,1376256.0,
4714,0.06415385986427839,DRAM,MatmulDeviceOperation 32 x 768 x 5120,0,21.723,0.514,80,379.3744878699995,74.09657966210928,11.584875017262808,10.4753282491164,HiFi4 BF16 x BF16 => BF16,BFLOAT16,BFLOAT16,BFLOAT16,False,DEV_1_DRAM_INTERLEAVED,2,1,2,1377280.0,Try a DRAM-sharded program config (MatmulMultiCoreReuseMultiCastDRAMShardedProgramConfig) to improve throughput further
4715,0.0450724356999425,,UntilizeCodegenDeviceOperation,0,14.983,0.64,1,,,,,BF16 => BF16,BFLOAT16,BFLOAT16,nan,False,DEV_1_DRAM_INTERLEAVED,,,,1378304.0,
4716,0.021646193756427613,,ReshapeViewDeviceOperation,0,6.977,0.526,110,,,,,BF16 => BF16,BFLOAT16,BFLOAT16,nan,False,DEV_1_DRAM_INTERLEAVED,,,,1379328.0,
4717,0.021530793549809312,,TilizeWithValPaddingDeviceOperation,0,5.928,1.535,1,,,,,BF16 => BF16,BFLOAT16,BFLOAT16,nan,False,DEV_1_DRAM_INTERLEAVED,,,,1380352.0,
4718,0.006511456658437574,,SliceDeviceOperation,0,1.641,0.616,6,,,,,BF16 => BF16,BFLOAT16,BFLOAT16,nan,False,DEV_1_DRAM_INTERLEAVED,,,,1381376.0,
4719,0.006687441973530482,,SliceDeviceOperation,0,1.644,0.674,2,,,,,BF16 => BF16,BFLOAT16,BFLOAT16,nan,False,DEV_1_DRAM_INTERLEAVED,,,,1382400.0,
4720,0.011710235966591986,,TransposeDeviceOperation,0,3.544,0.515,110,,,,,BF16 => BF16,BFLOAT16,BFLOAT16,nan,False,DEV_1_DRAM_INTERLEAVED,,,,1383424.0,
4721,0.15655480530355115,SLOW,MatmulDeviceOperation b={20} x 32 x 192 x 512,0,53.738,0.527,16,89.94156835014329,17.56671256838736,2.341529643827459,10.586342790741913,HiFi4 BF16 x BF16 => BF16,BFLOAT16,BFLOAT16,BFLOAT16,False,DEV_1_DRAM_INTERLEAVED,2,1,1,1384448.0,"If possible place input 0 in L1 (currently in DEV_1_DRAM_INTERLEAVED) • Output subblock 1x1 is small, try out_subblock_h * out_subblock_w >= 2 if possible • HiFi2 may also work, it discards the lowest bit of the activations and has 2x the throughput of HiFi4"
4722,0.011167854995485976,,TransposeDeviceOperation,0,3.344,0.527,110,,,,,BF16 => BF16,BFLOAT16,BFLOAT16,nan,False,DEV_1_DRAM_INTERLEAVED,,,,1385472.0,
4723,0.0058017453877350295,,InterleavedToShardedDeviceOperation,0,0.501,1.51,1,,,,,BF16 => BF16,BFLOAT16,BFLOAT16,nan,False,DEV_1_DRAM_INTERLEAVED,,,,1386496.0,
4724,0.009633032247462588,,RotaryEmbeddingLlamaDeviceOperation,0,1.868,1.471,1,,,,,"BF16, BF16 => BF16",BFLOAT16,BFLOAT16,BFLOAT16,False,DEV_1_L1_HEIGHT_SHARDED,,,,1387520.0,
4725,0.005845020465216891,,ShardedToInterleavedDeviceOperation,0,0.519,1.507,1,,,,,BF16 => BF16,BFLOAT16,BFLOAT16,nan,False,DEV_1_L1_HEIGHT_SHARDED,,,,1388544.0,
4726,0.0066585919218759065,,ConcatDeviceOperation,0,1.716,0.592,18,,,,,"BF16, BF16 => BF16",BFLOAT16,BFLOAT16,BFLOAT16,False,DEV_1_DRAM_INTERLEAVED,,,,1389568.0,
4727,0.007074032665701786,,InterleavedToShardedDeviceOperation,0,0.976,1.476,1,,,,,BF16 => BF16,BFLOAT16,BFLOAT16,nan,False,DEV_1_DRAM_INTERLEAVED,,,,1390592.0,
4728,0.0172754109307595,,PagedUpdateCacheDeviceOperation,0,4.492,1.496,1,,,,,"BF16, BF16 => BF16",BFLOAT16,BFLOAT16,BFLOAT16,False,DEV_1_DRAM_INTERLEAVED,,,,1391616.0,
4729,0.12471877330272765,,SdpaDecodeDeviceOperation,0,40.564,2.666,110,,,,,"BF16, BF16 => BF16",BFLOAT16,BFLOAT16,BFLOAT16,False,DEV_1_DRAM_INTERLEAVED,,,,1392640.0,
4730,0.012215111870547048,,TransposeDeviceOperation,0,3.724,0.51,110,,,,,BF16 => BF16,BFLOAT16,BFLOAT16,nan,False,DEV_1_DRAM_INTERLEAVED,,,,1393664.0,
4731,0.3534131327685435,SLOW,MatmulDeviceOperation b={20} x 32 x 512 x 256,0,121.956,0.544,8,51.0505428187215,9.970809144281544,1.375677785430811,12.439216086433115,HiFi4 BF16 x BF16 => BF16,BFLOAT16,BFLOAT16,BFLOAT16,False,DEV_1_DRAM_INTERLEAVED,2,1,1,1394688.0,"If possible place input 0 in L1 (currently in DEV_1_DRAM_INTERLEAVED) • Output subblock 1x1 is small, try out_subblock_h * out_subblock_w >= 2 if possible • HiFi2 may also work, it discards the lowest bit of the activations and has 2x the throughput of HiFi4"
4732,0.008865620873450893,,TransposeDeviceOperation,0,2.549,0.524,110,,,,,BF16 => BF16,BFLOAT16,BFLOAT16,nan,False,DEV_1_DRAM_INTERLEAVED,,,,1395712.0,
4733,0.00584790547038235,,InterleavedToShardedDeviceOperation,0,0.72,1.307,1,,,,,BF16 => BF16,BFLOAT16,BFLOAT16,nan,False,DEV_1_DRAM_INTERLEAVED,,,,1396736.0,
4734,0.006119095955935354,,NLPConcatHeadsDecodeDeviceOperation,0,1.593,0.528,20,,,,,BF16 => BF16,BFLOAT16,BFLOAT16,nan,False,DEV_1_L1_HEIGHT_SHARDED,,,,1397760.0,
4735,0.008571350346574228,,ShardedToInterleavedDeviceOperation,0,1.769,1.202,20,,,,,BF16 => BF16,BFLOAT16,BFLOAT16,nan,False,DEV_1_L1_WIDTH_SHARDED,,,,1398784.0,
4736,0.008458835145121385,,SliceDeviceOperation,0,2.34,0.592,110,,,,,BF16 => BF16,BFLOAT16,BFLOAT16,nan,False,DEV_1_DRAM_INTERLEAVED,,,,1399808.0,
4737,0.2649877244472712,SLOW,MatmulDeviceOperation 32 x 5120 x 2048,0,91.326,0.524,64,234.65685565994352,45.831417121082715,7.348275846965814,8.305614157178882,HiFi4 BF16 x BF16 => BF16,BFLOAT16,BFLOAT16,BFLOAT16,False,DEV_1_DRAM_INTERLEAVED,2,1,1,1400832.0,"If possible place input 0 in L1 (currently in DEV_1_DRAM_INTERLEAVED) • Output subblock 1x1 is small, try out_subblock_h * out_subblock_w >= 2 if possible • HiFi2 may also work, it discards the lowest bit of the activations and has 2x the throughput of HiFi4"
4738,0.008934860997421874,,BinaryNgDeviceOperation,0,2.535,0.562,110,,,,,"BF16, BF16 => BF16",BFLOAT16,BFLOAT16,BFLOAT16,False,DEV_1_DRAM_INTERLEAVED,,,,1401856.0,
4739,0.09793438534662023,,LayerNormDeviceOperation,0,33.396,0.55,1,,,,,"BF16, BF16 => BF16",BFLOAT16,BFLOAT16,BFLOAT16,False,DEV_1_DRAM_INTERLEAVED,,,,1402880.0,
4740,0.0759506459858341,SLOW,MatmulDeviceOperation 32 x 2048 x 64,0,25.71,0.616,2,25.809101516919483,5.040840140023336,0.32627802411513024,11.801143812034514,HiFi4 BF16 x FP32 => FP32,FLOAT32,BFLOAT16,FLOAT32,False,DEV_1_DRAM_INTERLEAVED,2,1,1,1403904.0,"If possible place input 0 in L1 (currently in DEV_1_DRAM_INTERLEAVED) • Output subblock 1x1 is small, try out_subblock_h * out_subblock_w >= 2 if possible • HiFi2 may also work, it discards the lowest bit of the activations and has 2x the throughput of HiFi4"
4741,0.010781264303314672,,UnaryDeviceOperation,0,3.202,0.535,110,,,,,FP32 => FP32,FLOAT32,FLOAT32,nan,False,DEV_1_DRAM_INTERLEAVED,,,,1404928.0,
4742,0.0093878068083987,,BinaryNgDeviceOperation,0,2.713,0.541,110,,,,,"FP32, FP32 => FP32",FLOAT32,FLOAT32,FLOAT32,False,DEV_1_DRAM_INTERLEAVED,,,,1405952.0,
4743,0.016257004107353003,,FillPadDeviceOperation,0,5.028,0.607,2,,,,,FP32 => FP32,FLOAT32,FLOAT32,nan,False,DEV_1_DRAM_INTERLEAVED,,,,1406976.0,
4744,0.010807229349803788,,ReduceDeviceOperation,0,2.287,1.459,1,,,,,FP32 => FP32,FLOAT32,FLOAT32,nan,False,DEV_1_DRAM_INTERLEAVED,,,,1408000.0,
4745,0.016831120135279046,,BinaryNgDeviceOperation,0,5.316,0.518,110,,,,,"FP32, FP32 => FP32",FLOAT32,FLOAT32,FLOAT32,False,DEV_1_DRAM_INTERLEAVED,,,,1409024.0,
4746,0.008112634525266485,,TypecastDeviceOperation,0,2.199,0.613,2,,,,,FP32 => BF16,BFLOAT16,FLOAT32,nan,False,DEV_1_DRAM_INTERLEAVED,,,,1410048.0,
4747,0.01599446863729637,,FillPadDeviceOperation,0,4.882,0.662,2,,,,,BF16 => BF16,BFLOAT16,BFLOAT16,nan,False,DEV_1_DRAM_INTERLEAVED,,,,1411072.0,
4748,0.04398767375773048,,TopKDeviceOperation,0,13.766,1.481,1,,,,,BF16 => BF16,BFLOAT16,BFLOAT16,nan,False,DEV_1_DRAM_INTERLEAVED,,,,1412096.0,
4749,0.006560501746250352,,SliceDeviceOperation,0,0.812,1.462,1,,,,,BF16 => BF16,BFLOAT16,BFLOAT16,nan,False,DEV_1_DRAM_INTERLEAVED,,,,1413120.0,
4750,0.006886507329947048,,SliceDeviceOperation,0,0.921,1.466,1,,,,,UINT16 => UINT16,UINT16,UINT16,nan,False,DEV_1_DRAM_INTERLEAVED,,,,1414144.0,
4751,0.0313542361381921,,FillPadDeviceOperation,0,9.381,1.487,1,,,,,UINT16 => UINT16,UINT16,UINT16,nan,False,DEV_1_DRAM_INTERLEAVED,,,,1415168.0,
4752,0.006863427288623389,,SliceDeviceOperation,0,1.747,0.632,2,,,,,FP32 => FP32,FLOAT32,FLOAT32,nan,False,DEV_1_DRAM_INTERLEAVED,,,,1416192.0,
4753,0.08975539570254823,,GatherDeviceOperation,0,29.617,1.494,1,,,,,"FP32, UINT16 => FP32",FLOAT32,FLOAT32,UINT16,False,DEV_1_DRAM_INTERLEAVED,,,,1417216.0,
4754,0.034755657228266484,,FillPadDeviceOperation,0,10.579,1.468,1,,,,,FP32 => FP32,FLOAT32,FLOAT32,nan,False,DEV_1_DRAM_INTERLEAVED,,,,1418240.0,
4755,0.009255096570787656,,ReduceDeviceOperation,0,1.713,1.495,1,,,,,FP32 => FP32,FLOAT32,FLOAT32,nan,False,DEV_1_DRAM_INTERLEAVED,,,,1419264.0,
4756,0.01407305519710168,,BinaryNgDeviceOperation,0,4.355,0.523,110,,,,,FP32 => FP32,FLOAT32,FLOAT32,nan,False,DEV_1_DRAM_INTERLEAVED,,,,1420288.0,
4757,0.018983333988710337,,BinaryNgDeviceOperation,0,6.073,0.507,110,,,,,"FP32, FP32 => FP32",FLOAT32,FLOAT32,FLOAT32,False,DEV_1_DRAM_INTERLEAVED,,,,1421312.0,
4758,0.00792222418434629,,TypecastDeviceOperation,0,1.274,1.472,1,,,,,FP32 => BF16,BFLOAT16,FLOAT32,nan,False,DEV_1_DRAM_INTERLEAVED,,,,1422336.0,
4759,0.014018240098957985,,PermuteDeviceOperation,0,4.247,0.612,4,,,,,BF16 => BF16,BFLOAT16,BFLOAT16,nan,False,DEV_1_DRAM_INTERLEAVED,,,,1423360.0,
4760,0.007619298641973253,,UntilizeWithUnpaddingDeviceOperation,0,1.185,1.456,1,,,,,UINT16 => UINT16,UINT16,UINT16,nan,False,DEV_1_DRAM_INTERLEAVED,,,,1424384.0,
4761,0.01708211558467385,,UnaryDeviceOperation,0,5.407,0.514,110,,,,,BF16 => BF16,BFLOAT16,BFLOAT16,nan,False,DEV_1_DRAM_INTERLEAVED,,,,1425408.0,
4762,0.34547648355836996,,SparseMatmulDeviceOperation active=?/64 x 32 x 2048 x 3072,0,119.216,0.533,32,,,,,HiFi2 BF16 x BFP8 => BF16,BFLOAT16,BFLOAT16,BFLOAT8_B,False,DEV_1_DRAM_INTERLEAVED,8,1,1,1426432.0,Sparse matmul utilization is omitted because the CSV row has nnz=std::nullopt; pass --active-experts K to model K active experts per input batch group
4763,0.009748432454080887,,SliceDeviceOperation,0,2.799,0.58,110,,,,,BF16 => BF16,BFLOAT16,BFLOAT16,nan,False,DEV_1_DRAM_INTERLEAVED,,,,1427456.0,
4764,0.009119501328011153,,SliceDeviceOperation,0,2.642,0.519,110,,,,,BF16 => BF16,BFLOAT16,BFLOAT16,nan,False,DEV_1_DRAM_INTERLEAVED,,,,1428480.0,
4765,0.0205066167160719,,BinaryNgDeviceOperation,0,6.613,0.495,110,,,,,"BF16, BF16 => BF16",BFLOAT16,BFLOAT16,BFLOAT16,False,DEV_1_DRAM_INTERLEAVED,,,,1429504.0,
4766,0.01395476998531792,,BinaryNgDeviceOperation,0,4.245,0.592,110,,,,,"BF16, BF16 => BF16",BFLOAT16,BFLOAT16,BFLOAT16,False,DEV_1_DRAM_INTERLEAVED,,,,1430528.0,
4767,0.011814096152548454,,UnaryDeviceOperation,0,3.499,0.596,110,,,,,BF16 => BF16,BFLOAT16,BFLOAT16,nan,False,DEV_1_DRAM_INTERLEAVED,,,,1431552.0,
4768,0.21284991109712334,,SparseMatmulDeviceOperation active=?/64 x 32 x 1536 x 2048,0,73.159,0.619,32,,,,,HiFi2 BF16 x BFP8 => BF16,BFLOAT16,BFLOAT16,BFLOAT8_B,False,DEV_1_DRAM_INTERLEAVED,8,1,1,1432576.0,Sparse matmul utilization is omitted because the CSV row has nnz=std::nullopt; pass --active-experts K to model K active experts per input batch group
4769,0.018025512273778452,,FillPadDeviceOperation,0,5.69,0.558,110,,,,,BF16 => BF16,BFLOAT16,BFLOAT16,nan,False,DEV_1_DRAM_INTERLEAVED,,,,1433600.0,
4770,0.009180086436485761,,FastReduceNCDeviceOperation,0,2.595,0.587,64,,,,,BF16 => BF16,BFLOAT16,BFLOAT16,nan,False,DEV_1_DRAM_INTERLEAVED,,,,1434624.0,
4771,0.006840347247299729,,SliceDeviceOperation,0,1.778,0.593,64,,,,,BF16 => BF16,BFLOAT16,BFLOAT16,nan,False,DEV_1_DRAM_INTERLEAVED,,,,1435648.0,
4772,0.09986733880747677,SLOW,MatmulDeviceOperation 32 x 2048 x 1536,0,34.057,0.559,48,191.46818568869833,37.39613001732389,5.911459964177701,8.908811915535935,HiFi4 BF16 x BF16 => BF16,BFLOAT16,BFLOAT16,BFLOAT16,False,DEV_1_DRAM_INTERLEAVED,2,1,1,1436672.0,"If possible place input 0 in L1 (currently in DEV_1_DRAM_INTERLEAVED) • Output subblock 1x1 is small, try out_subblock_h * out_subblock_w >= 2 if possible • HiFi2 may also work, it discards the lowest bit of the activations and has 2x the throughput of HiFi4"
4773,0.009892682712353763,,UnaryDeviceOperation,0,2.871,0.558,110,,,,,BF16 => BF16,BFLOAT16,BFLOAT16,nan,False,DEV_1_DRAM_INTERLEAVED,,,,1437696.0,
4774,0.09999716403992236,SLOW,MatmulDeviceOperation 32 x 2048 x 1536,0,33.835,0.826,48,192.72445692330427,37.64149549283287,5.9502465494310615,8.967264885692549,HiFi4 BF16 x BF16 => BF16,BFLOAT16,BFLOAT16,BFLOAT16,False,DEV_1_DRAM_INTERLEAVED,2,1,1,1438720.0,"If possible place input 0 in L1 (currently in DEV_1_DRAM_INTERLEAVED) • Output subblock 1x1 is small, try out_subblock_h * out_subblock_w >= 2 if possible • HiFi2 may also work, it discards the lowest bit of the activations and has 2x the throughput of HiFi4"
4775,0.010175413218568597,,BinaryNgDeviceOperation,0,2.96,0.567,110,,,,,"BF16, BF16 => BF16",BFLOAT16,BFLOAT16,BFLOAT16,False,DEV_1_DRAM_INTERLEAVED,,,,1439744.0,
4776,0.08531537275290914,SLOW,MatmulDeviceOperation 32 x 1536 x 2048,0,28.953,0.619,64,225.22128967637204,43.98853313991641,6.953565848098642,7.859481074691933,HiFi4 BF16 x BF16 => BF16,BFLOAT16,BFLOAT16,BFLOAT16,False,DEV_1_DRAM_INTERLEAVED,2,1,1,1440768.0,"If possible place input 0 in L1 (currently in DEV_1_DRAM_INTERLEAVED) • Output subblock 1x1 is small, try out_subblock_h * out_subblock_w >= 2 if possible • HiFi2 may also work, it discards the lowest bit of the activations and has 2x the throughput of HiFi4"
4777,0.008888700914774554,,BinaryNgDeviceOperation,0,2.519,0.562,110,,,,,"BF16, BF16 => BF16",BFLOAT16,BFLOAT16,BFLOAT16,False,DEV_1_DRAM_INTERLEAVED,,,,1441792.0,
4778,0.00795972925149724,,BinaryNgDeviceOperation,0,2.224,0.535,110,,,,,"BF16, BF16 => BF16",BFLOAT16,BFLOAT16,BFLOAT16,False,DEV_1_DRAM_INTERLEAVED,,,,1442816.0,
4779,0.10666441097729465,,LayerNormDeviceOperation,0,33.296,3.676,1,,,,,"BF16, BF16 => BF16",BFLOAT16,BFLOAT16,BFLOAT16,False,DEV_1_DRAM_INTERLEAVED,,,,1356800.0,
4780,0.014733721379991445,,UntilizeCodegenDeviceOperation,0,4.588,0.519,110,,,,,BF16 => BF16,BFLOAT16,BFLOAT16,nan,False,DEV_1_DRAM_INTERLEAVED,,,,1357824.0,
4781,0.007651033698793286,,EmbeddingsDeviceOperation,0,1.176,1.476,1,,,,,"UINT32, BF16 => BF16",BFLOAT16,UINT32,BFLOAT16,False,DEV_1_DRAM_INTERLEAVED,,,,1358848.0,
4782,0.013409504009046452,,TilizeWithValPaddingDeviceOperation,0,3.196,1.452,1,,,,,BF16 => BF16,BFLOAT16,BFLOAT16,nan,False,DEV_1_DRAM_INTERLEAVED,,,,1359872.0,
4783,0.01584156336352712,,UntilizeCodegenDeviceOperation,0,4.975,0.516,110,,,,,BF16 => BF16,BFLOAT16,BFLOAT16,nan,False,DEV_1_DRAM_INTERLEAVED,,,,1360896.0,
4784,0.007342338146089333,,EmbeddingsDeviceOperation,0,1.078,1.467,1,,,,,"UINT32, BF16 => BF16",BFLOAT16,UINT32,BFLOAT16,False,DEV_1_DRAM_INTERLEAVED,,,,1361920.0,
4785,0.01314696853898982,,TilizeWithValPaddingDeviceOperation,0,3.101,1.456,1,,,,,BF16 => BF16,BFLOAT16,BFLOAT16,nan,False,DEV_1_DRAM_INTERLEAVED,,,,1362944.0,
4786,0.005677690165620357,,InterleavedToShardedDeviceOperation,0,0.486,1.482,1,,,,,BF16 => BF16,BFLOAT16,BFLOAT16,nan,False,DEV_1_DRAM_INTERLEAVED,,,,1363968.0,
4787,0.00564018509846941,,InterleavedToShardedDeviceOperation,0,0.504,1.451,1,,,,,BF16 => BF16,BFLOAT16,BFLOAT16,nan,False,DEV_1_DRAM_INTERLEAVED,,,,1364992.0,
4788,0.005674805160454899,,InterleavedToShardedDeviceOperation,0,0.49,1.477,1,,,,,BF16 => BF16,BFLOAT16,BFLOAT16,nan,False,DEV_1_DRAM_INTERLEAVED,,,,1366016.0,
4789,0.09721890406558678,SLOW,MatmulDeviceOperation 32 x 2048 x 1344,0,33.174,0.524,42,172.48785193223605,33.68903358051485,5.310205823837944,9.145939814535701,HiFi4 BF16 x BF16 => BF16,BFLOAT16,BFLOAT16,BFLOAT16,False,DEV_1_DRAM_INTERLEAVED,2,1,1,1367040.0,"If possible place input 0 in L1 (currently in DEV_1_DRAM_INTERLEAVED) • Output subblock 1x1 is small, try out_subblock_h * out_subblock_w >= 2 if possible • HiFi2 may also work, it discards the lowest bit of the activations and has 2x the throughput of HiFi4"
4790,0.006742257071674173,,SliceDeviceOperation,0,1.706,0.631,24,,,,,BF16 => BF16,BFLOAT16,BFLOAT16,nan,False,DEV_1_DRAM_INTERLEAVED,,,,1368064.0,
4791,0.006615316844394044,,SliceDeviceOperation,0,1.687,0.606,16,,,,,BF16 => BF16,BFLOAT16,BFLOAT16,nan,False,DEV_1_DRAM_INTERLEAVED,,,,1369088.0,
4792,0.00628642625553189,,SliceDeviceOperation,0,1.105,1.074,2,,,,,BF16 => BF16,BFLOAT16,BFLOAT16,nan,False,DEV_1_DRAM_INTERLEAVED,,,,1370112.0,
4793,0.03101380552866811,,LayerNormDeviceOperation,0,9.565,1.185,1,,,,,"BF16, BF16 => BF16",BFLOAT16,BFLOAT16,BFLOAT16,False,DEV_1_DRAM_INTERLEAVED,,,,1371136.0,
4794,0.005657495129462155,,InterleavedToShardedDeviceOperation,0,0.49,1.471,1,,,,,BF16 => BF16,BFLOAT16,BFLOAT16,nan,False,DEV_1_DRAM_INTERLEAVED,,,,1372160.0,
4795,0.009609952206138929,,RotaryEmbeddingLlamaDeviceOperation,0,1.845,1.486,1,,,,,"BF16, BF16 => BF16",BFLOAT16,BFLOAT16,BFLOAT16,False,DEV_1_L1_HEIGHT_SHARDED,,,,1373184.0,
4796,0.0058219404238932316,,ShardedToInterleavedDeviceOperation,0,0.501,1.517,1,,,,,BF16 => BF16,BFLOAT16,BFLOAT16,nan,False,DEV_1_L1_HEIGHT_SHARDED,,,,1374208.0,
4797,0.006713407020019598,,ConcatDeviceOperation,0,1.731,0.596,18,,,,,"BF16, BF16 => BF16",BFLOAT16,BFLOAT16,BFLOAT16,False,DEV_1_DRAM_INTERLEAVED,,,,1375232.0,
4798,0.04326930747153156,,LayerNormDeviceOperation,0,13.524,1.474,1,,,,,"BF16, BF16 => BF16",BFLOAT16,BFLOAT16,BFLOAT16,False,DEV_1_DRAM_INTERLEAVED,,,,1376256.0,
4799,0.06419713494176027,DRAM,MatmulDeviceOperation 32 x 768 x 5120,0,21.736,0.516,80,379.1475892528524,74.05226352594774,11.577946264262055,10.46906310064205,HiFi4 BF16 x BF16 => BF16,BFLOAT16,BFLOAT16,BFLOAT16,False,DEV_1_DRAM_INTERLEAVED,2,1,2,1377280.0,Try a DRAM-sharded program config (MatmulMultiCoreReuseMultiCastDRAMShardedProgramConfig) to improve throughput further
4800,0.04482432525571316,,UntilizeCodegenDeviceOperation,0,14.913,0.624,1,,,,,BF16 => BF16,BFLOAT16,BFLOAT16,nan,False,DEV_1_DRAM_INTERLEAVED,,,,1378304.0,
4801,0.021625998720269407,,ReshapeViewDeviceOperation,0,6.973,0.523,110,,,,,BF16 => BF16,BFLOAT16,BFLOAT16,nan,False,DEV_1_DRAM_INTERLEAVED,,,,1379328.0,
4802,0.02159137865828392,,TilizeWithValPaddingDeviceOperation,0,5.953,1.531,1,,,,,BF16 => BF16,BFLOAT16,BFLOAT16,nan,False,DEV_1_DRAM_INTERLEAVED,,,,1380352.0,
4803,0.006557616741084894,,SliceDeviceOperation,0,1.662,0.611,6,,,,,BF16 => BF16,BFLOAT16,BFLOAT16,nan,False,DEV_1_DRAM_INTERLEAVED,,,,1381376.0,
4804,0.006693211983861397,,SliceDeviceOperation,0,1.659,0.661,2,,,,,BF16 => BF16,BFLOAT16,BFLOAT16,nan,False,DEV_1_DRAM_INTERLEAVED,,,,1382400.0,
4805,0.01178813110605934,,TransposeDeviceOperation,0,3.572,0.514,110,,,,,BF16 => BF16,BFLOAT16,BFLOAT16,nan,False,DEV_1_DRAM_INTERLEAVED,,,,1383424.0,
4806,0.15718085142445543,SLOW,MatmulDeviceOperation b={20} x 32 x 192 x 512,0,53.961,0.521,16,89.56987453901893,17.494116120902135,2.331853004948018,10.542593519187726,HiFi4 BF16 x BF16 => BF16,BFLOAT16,BFLOAT16,BFLOAT16,False,DEV_1_DRAM_INTERLEAVED,2,1,1,1384448.0,"If possible place input 0 in L1 (currently in DEV_1_DRAM_INTERLEAVED) • Output subblock 1x1 is small, try out_subblock_h * out_subblock_w >= 2 if possible • HiFi2 may also work, it discards the lowest bit of the activations and has 2x the throughput of HiFi4"
4807,0.011825636173210287,,TransposeDeviceOperation,0,3.581,0.518,110,,,,,BF16 => BF16,BFLOAT16,BFLOAT16,nan,False,DEV_1_DRAM_INTERLEAVED,,,,1385472.0,
4808,0.004474643011624579,,InterleavedToShardedDeviceOperation,0,0.472,1.079,1,,,,,BF16 => BF16,BFLOAT16,BFLOAT16,nan,False,DEV_1_DRAM_INTERLEAVED,,,,1386496.0,
4809,0.009679192330109908,,RotaryEmbeddingLlamaDeviceOperation,0,1.875,1.48,1,,,,,"BF16, BF16 => BF16",BFLOAT16,BFLOAT16,BFLOAT16,False,DEV_1_L1_HEIGHT_SHARDED,,,,1387520.0,
4810,0.005853675480713264,,ShardedToInterleavedDeviceOperation,0,0.519,1.51,1,,,,,BF16 => BF16,BFLOAT16,BFLOAT16,nan,False,DEV_1_L1_HEIGHT_SHARDED,,,,1388544.0,
4811,0.006621086854724959,,ConcatDeviceOperation,0,1.702,0.593,18,,,,,"BF16, BF16 => BF16",BFLOAT16,BFLOAT16,BFLOAT16,False,DEV_1_DRAM_INTERLEAVED,,,,1389568.0,
4812,0.007094227701859988,,InterleavedToShardedDeviceOperation,0,0.963,1.496,1,,,,,BF16 => BF16,BFLOAT16,BFLOAT16,nan,False,DEV_1_DRAM_INTERLEAVED,,,,1390592.0,
4813,0.01728983595658679,,PagedUpdateCacheDeviceOperation,0,4.486,1.507,1,,,,,"BF16, BF16 => BF16",BFLOAT16,BFLOAT16,BFLOAT16,False,DEV_1_DRAM_INTERLEAVED,,,,1391616.0,
4814,0.12444181280684373,,SdpaDecodeDeviceOperation,0,40.454,2.68,110,,,,,"BF16, BF16 => BF16",BFLOAT16,BFLOAT16,BFLOAT16,False,DEV_1_DRAM_INTERLEAVED,,,,1392640.0,
4815,0.012197801839554302,,TransposeDeviceOperation,0,3.712,0.516,110,,,,,BF16 => BF16,BFLOAT16,BFLOAT16,nan,False,DEV_1_DRAM_INTERLEAVED,,,,1393664.0,
4816,0.35328042253093256,SLOW,MatmulDeviceOperation b={20} x 32 x 512 x 256,0,121.902,0.552,8,51.07315712621613,9.975226001214088,1.376287181506456,12.444726395276835,HiFi4 BF16 x BF16 => BF16,BFLOAT16,BFLOAT16,BFLOAT16,False,DEV_1_DRAM_INTERLEAVED,2,1,1,1394688.0,"If possible place input 0 in L1 (currently in DEV_1_DRAM_INTERLEAVED) • Output subblock 1x1 is small, try out_subblock_h * out_subblock_w >= 2 if possible • HiFi2 may also work, it discards the lowest bit of the activations and has 2x the throughput of HiFi4"
4817,0.008334779923006713,,TransposeDeviceOperation,0,2.374,0.515,110,,,,,BF16 => BF16,BFLOAT16,BFLOAT16,nan,False,DEV_1_DRAM_INTERLEAVED,,,,1395712.0,
4818,0.006352781374337412,,InterleavedToShardedDeviceOperation,0,0.706,1.496,1,,,,,BF16 => BF16,BFLOAT16,BFLOAT16,nan,False,DEV_1_DRAM_INTERLEAVED,,,,1396736.0,
4819,0.006113325945604439,,NLPConcatHeadsDecodeDeviceOperation,0,1.587,0.532,20,,,,,BF16 => BF16,BFLOAT16,BFLOAT16,nan,False,DEV_1_L1_HEIGHT_SHARDED,,,,1397760.0,
4820,0.008957941038745533,,ShardedToInterleavedDeviceOperation,0,1.882,1.223,20,,,,,BF16 => BF16,BFLOAT16,BFLOAT16,nan,False,DEV_1_L1_WIDTH_SHARDED,,,,1398784.0,
4821,0.008329009912675798,,SliceDeviceOperation,0,2.301,0.586,110,,,,,BF16 => BF16,BFLOAT16,BFLOAT16,nan,False,DEV_1_DRAM_INTERLEAVED,,,,1399808.0,
4822,0.2650454245505804,SLOW,MatmulDeviceOperation 32 x 5120 x 2048,0,91.373,0.497,64,234.5361540061068,45.807842579317736,7.3444960765215095,8.301341955703746,HiFi4 BF16 x BF16 => BF16,BFLOAT16,BFLOAT16,BFLOAT16,False,DEV_1_DRAM_INTERLEAVED,2,1,1,1400832.0,"If possible place input 0 in L1 (currently in DEV_1_DRAM_INTERLEAVED) • Output subblock 1x1 is small, try out_subblock_h * out_subblock_w >= 2 if possible • HiFi2 may also work, it discards the lowest bit of the activations and has 2x the throughput of HiFi4"
4823,0.009370496777405956,,BinaryNgDeviceOperation,0,2.68,0.568,110,,,,,"BF16, BF16 => BF16",BFLOAT16,BFLOAT16,BFLOAT16,False,DEV_1_DRAM_INTERLEAVED,,,,1401856.0,
4824,0.09764299982490902,,LayerNormDeviceOperation,0,33.15,0.695,1,,,,,"BF16, BF16 => BF16",BFLOAT16,BFLOAT16,BFLOAT16,False,DEV_1_DRAM_INTERLEAVED,,,,1402880.0,
4825,0.07599103605815051,SLOW,MatmulDeviceOperation 32 x 2048 x 64,0,25.736,0.604,2,25.783027665526888,5.03574759092322,0.32594839912962387,11.789221612037899,HiFi4 BF16 x FP32 => FP32,FLOAT32,BFLOAT16,FLOAT32,False,DEV_1_DRAM_INTERLEAVED,2,1,1,1403904.0,"If possible place input 0 in L1 (currently in DEV_1_DRAM_INTERLEAVED) • Output subblock 1x1 is small, try out_subblock_h * out_subblock_w >= 2 if possible • HiFi2 may also work, it discards the lowest bit of the activations and has 2x the throughput of HiFi4"
4826,0.010847619422120194,,UnaryDeviceOperation,0,3.223,0.537,110,,,,,FP32 => FP32,FLOAT32,FLOAT32,nan,False,DEV_1_DRAM_INTERLEAVED,,,,1404928.0,
4827,0.00931856668442772,,BinaryNgDeviceOperation,0,2.713,0.517,110,,,,,"FP32, FP32 => FP32",FLOAT32,FLOAT32,FLOAT32,False,DEV_1_DRAM_INTERLEAVED,,,,1405952.0,
4828,0.01628873916417304,,FillPadDeviceOperation,0,5.033,0.613,2,,,,,FP32 => FP32,FLOAT32,FLOAT32,nan,False,DEV_1_DRAM_INTERLEAVED,,,,1406976.0,
4829,0.010781264303314672,,ReduceDeviceOperation,0,2.278,1.459,1,,,,,FP32 => FP32,FLOAT32,FLOAT32,nan,False,DEV_1_DRAM_INTERLEAVED,,,,1408000.0,
4830,0.016828235130113587,,BinaryNgDeviceOperation,0,5.31,0.523,110,,,,,"FP32, FP32 => FP32",FLOAT32,FLOAT32,FLOAT32,False,DEV_1_DRAM_INTERLEAVED,,,,1409024.0,
4831,0.008150139592417434,,TypecastDeviceOperation,0,2.209,0.616,2,,,,,FP32 => BF16,BFLOAT16,FLOAT32,nan,False,DEV_1_DRAM_INTERLEAVED,,,,1410048.0,
4832,0.015899263466836275,,FillPadDeviceOperation,0,4.881,0.63,2,,,,,BF16 => BF16,BFLOAT16,BFLOAT16,nan,False,DEV_1_DRAM_INTERLEAVED,,,,1411072.0,
4833,0.04386361853561581,,TopKDeviceOperation,0,13.747,1.457,1,,,,,BF16 => BF16,BFLOAT16,BFLOAT16,nan,False,DEV_1_DRAM_INTERLEAVED,,,,1412096.0,
4834,0.0066182018495595015,,SliceDeviceOperation,0,0.819,1.475,1,,,,,BF16 => BF16,BFLOAT16,BFLOAT16,nan,False,DEV_1_DRAM_INTERLEAVED,,,,1413120.0,
4835,0.006569156761746725,,SliceDeviceOperation,0,0.81,1.467,1,,,,,UINT16 => UINT16,UINT16,UINT16,nan,False,DEV_1_DRAM_INTERLEAVED,,,,1414144.0,
4836,0.03133981111236481,,FillPadDeviceOperation,0,9.407,1.456,1,,,,,UINT16 => UINT16,UINT16,UINT16,nan,False,DEV_1_DRAM_INTERLEAVED,,,,1415168.0,
4837,0.006831692231803356,,SliceDeviceOperation,0,1.744,0.624,2,,,,,FP32 => FP32,FLOAT32,FLOAT32,nan,False,DEV_1_DRAM_INTERLEAVED,,,,1416192.0,
4838,0.0897986707800301,,GatherDeviceOperation,0,29.633,1.493,1,,,,,"FP32, UINT16 => FP32",FLOAT32,FLOAT32,UINT16,False,DEV_1_DRAM_INTERLEAVED,,,,1417216.0,
4839,0.03479027729025198,,FillPadDeviceOperation,0,10.584,1.475,1,,,,,FP32 => FP32,FLOAT32,FLOAT32,nan,False,DEV_1_DRAM_INTERLEAVED,,,,1418240.0,
4840,0.008995446105896482,,ReduceDeviceOperation,0,1.62,1.498,1,,,,,FP32 => FP32,FLOAT32,FLOAT32,nan,False,DEV_1_DRAM_INTERLEAVED,,,,1419264.0,
4841,0.014029780119619818,,BinaryNgDeviceOperation,0,4.336,0.527,110,,,,,FP32 => FP32,FLOAT32,FLOAT32,nan,False,DEV_1_DRAM_INTERLEAVED,,,,1420288.0,
4842,0.019211249396781486,,BinaryNgDeviceOperation,0,6.15,0.509,110,,,,,"FP32, FP32 => FP32",FLOAT32,FLOAT32,FLOAT32,False,DEV_1_DRAM_INTERLEAVED,,,,1421312.0,
4843,0.00792222418434629,,TypecastDeviceOperation,0,1.288,1.458,1,,,,,FP32 => BF16,BFLOAT16,FLOAT32,nan,False,DEV_1_DRAM_INTERLEAVED,,,,1422336.0,
4844,0.01407305519710168,,PermuteDeviceOperation,0,4.263,0.615,4,,,,,BF16 => BF16,BFLOAT16,BFLOAT16,nan,False,DEV_1_DRAM_INTERLEAVED,,,,1423360.0,
4845,0.007653918703958744,,UntilizeWithUnpaddingDeviceOperation,0,1.192,1.461,1,,,,,UINT16 => UINT16,UINT16,UINT16,nan,False,DEV_1_DRAM_INTERLEAVED,,,,1424384.0,
4846,0.016161798936892905,,UnaryDeviceOperation,0,5.091,0.511,110,,,,,BF16 => BF16,BFLOAT16,BFLOAT16,nan,False,DEV_1_DRAM_INTERLEAVED,,,,1425408.0,
4847,0.34663337062971844,,SparseMatmulDeviceOperation active=?/64 x 32 x 2048 x 3072,0,119.615,0.535,32,,,,,HiFi2 BF16 x BFP8 => BF16,BFLOAT16,BFLOAT16,BFLOAT8_B,False,DEV_1_DRAM_INTERLEAVED,8,1,1,1426432.0,Sparse matmul utilization is omitted because the CSV row has nnz=std::nullopt; pass --active-experts K to model K active experts per input batch group
4848,0.010256193363201407,,SliceDeviceOperation,0,3.007,0.548,110,,,,,BF16 => BF16,BFLOAT16,BFLOAT16,nan,False,DEV_1_DRAM_INTERLEAVED,,,,1427456.0,
4849,0.009439736901376934,,SliceDeviceOperation,0,2.739,0.533,110,,,,,BF16 => BF16,BFLOAT16,BFLOAT16,nan,False,DEV_1_DRAM_INTERLEAVED,,,,1428480.0,
4850,0.020535466767726475,,BinaryNgDeviceOperation,0,6.622,0.496,110,,,,,"BF16, BF16 => BF16",BFLOAT16,BFLOAT16,BFLOAT16,False,DEV_1_DRAM_INTERLEAVED,,,,1429504.0,
4851,0.01368934951009583,,BinaryNgDeviceOperation,0,4.221,0.524,110,,,,,"BF16, BF16 => BF16",BFLOAT16,BFLOAT16,BFLOAT16,False,DEV_1_DRAM_INTERLEAVED,,,,1430528.0,
4852,0.011917956338504928,,UnaryDeviceOperation,0,3.57,0.561,110,,,,,BF16 => BF16,BFLOAT16,BFLOAT16,nan,False,DEV_1_DRAM_INTERLEAVED,,,,1431552.0,
4853,0.20971102547710554,,SparseMatmulDeviceOperation active=?/64 x 32 x 1536 x 2048,0,72.113,0.577,32,,,,,HiFi2 BF16 x BFP8 => BF16,BFLOAT16,BFLOAT16,BFLOAT8_B,False,DEV_1_DRAM_INTERLEAVED,8,1,1,1432576.0,Sparse matmul utilization is omitted because the CSV row has nnz=std::nullopt; pass --active-experts K to model K active experts per input batch group
4854,0.017777401829549105,,FillPadDeviceOperation,0,5.669,0.493,110,,,,,BF16 => BF16,BFLOAT16,BFLOAT16,nan,False,DEV_1_DRAM_INTERLEAVED,,,,1433600.0,
4855,0.009367611772240497,,FastReduceNCDeviceOperation,0,2.73,0.517,64,,,,,BF16 => BF16,BFLOAT16,BFLOAT16,nan,False,DEV_1_DRAM_INTERLEAVED,,,,1434624.0,
4856,0.006598006813401299,,SliceDeviceOperation,0,1.771,0.516,64,,,,,BF16 => BF16,BFLOAT16,BFLOAT16,nan,False,DEV_1_DRAM_INTERLEAVED,,,,1435648.0,
4857,0.10002024408124603,SLOW,MatmulDeviceOperation 32 x 2048 x 1536,0,34.201,0.468,48,190.66202742609866,37.23867723165989,5.886570334200754,8.871302225297722,HiFi4 BF16 x BF16 => BF16,BFLOAT16,BFLOAT16,BFLOAT16,False,DEV_1_DRAM_INTERLEAVED,2,1,1,1436672.0,"If possible place input 0 in L1 (currently in DEV_1_DRAM_INTERLEAVED) • Output subblock 1x1 is small, try out_subblock_h * out_subblock_w >= 2 if possible • HiFi2 may also work, it discards the lowest bit of the activations and has 2x the throughput of HiFi4"
4858,0.009846522629706443,,UnaryDeviceOperation,0,2.853,0.56,110,,,,,BF16 => BF16,BFLOAT16,BFLOAT16,nan,False,DEV_1_DRAM_INTERLEAVED,,,,1437696.0,
4859,0.10006640416389333,SLOW,MatmulDeviceOperation 32 x 2048 x 1536,0,33.864,0.821,48,192.55941412709663,37.60926057169856,5.94515095676825,8.959585619165114,HiFi4 BF16 x BF16 => BF16,BFLOAT16,BFLOAT16,BFLOAT16,False,DEV_1_DRAM_INTERLEAVED,2,1,1,1438720.0,"If possible place input 0 in L1 (currently in DEV_1_DRAM_INTERLEAVED) • Output subblock 1x1 is small, try out_subblock_h * out_subblock_w >= 2 if possible • HiFi2 may also work, it discards the lowest bit of the activations and has 2x the throughput of HiFi4"
4860,0.010305238451014184,,BinaryNgDeviceOperation,0,3.015,0.557,110,,,,,"BF16, BF16 => BF16",BFLOAT16,BFLOAT16,BFLOAT16,False,DEV_1_DRAM_INTERLEAVED,,,,1439744.0,
4861,0.08511342239132713,SLOW,MatmulDeviceOperation 32 x 1536 x 2048,0,28.975,0.527,64,225.05028472821397,43.95513373597929,6.94828617773943,7.8535135653341,HiFi4 BF16 x BF16 => BF16,BFLOAT16,BFLOAT16,BFLOAT16,False,DEV_1_DRAM_INTERLEAVED,2,1,1,1440768.0,"If possible place input 0 in L1 (currently in DEV_1_DRAM_INTERLEAVED) • Output subblock 1x1 is small, try out_subblock_h * out_subblock_w >= 2 if possible • HiFi2 may also work, it discards the lowest bit of the activations and has 2x the throughput of HiFi4"
4862,0.008828115806299944,,BinaryNgDeviceOperation,0,2.502,0.558,110,,,,,"BF16, BF16 => BF16",BFLOAT16,BFLOAT16,BFLOAT16,False,DEV_1_DRAM_INTERLEAVED,,,,1441792.0,
4863,0.008548270305250568,,BinaryNgDeviceOperation,0,2.405,0.558,110,,,,,"BF16, BF16 => BF16",BFLOAT16,BFLOAT16,BFLOAT16,False,DEV_1_DRAM_INTERLEAVED,,,,1442816.0,
4864,0.10634994541425978,,LayerNormDeviceOperation,0,33.256,3.607,1,,,,,"BF16, BF16 => BF16",BFLOAT16,BFLOAT16,BFLOAT16,False,DEV_1_DRAM_INTERLEAVED,,,,1356800.0,
4865,0.014880856643429774,,UntilizeCodegenDeviceOperation,0,4.638,0.52,110,,,,,BF16 => BF16,BFLOAT16,BFLOAT16,nan,False,DEV_1_DRAM_INTERLEAVED,,,,1357824.0,
4866,0.007480818394031294,,EmbeddingsDeviceOperation,0,1.099,1.494,1,,,,,"UINT32, BF16 => BF16",BFLOAT16,UINT32,BFLOAT16,False,DEV_1_DRAM_INTERLEAVED,,,,1358848.0,
4867,0.013429699045204656,,TilizeWithValPaddingDeviceOperation,0,3.193,1.462,1,,,,,BF16 => BF16,BFLOAT16,BFLOAT16,nan,False,DEV_1_DRAM_INTERLEAVED,,,,1359872.0,
4868,0.016210844024705684,,UntilizeCodegenDeviceOperation,0,5.095,0.524,110,,,,,BF16 => BF16,BFLOAT16,BFLOAT16,nan,False,DEV_1_DRAM_INTERLEAVED,,,,1360896.0,
4869,0.007319258104765674,,EmbeddingsDeviceOperation,0,1.074,1.463,1,,,,,"UINT32, BF16 => BF16",BFLOAT16,UINT32,BFLOAT16,False,DEV_1_DRAM_INTERLEAVED,,,,1361920.0,
4870,0.013190243616471682,,TilizeWithValPaddingDeviceOperation,0,3.145,1.427,1,,,,,BF16 => BF16,BFLOAT16,BFLOAT16,nan,False,DEV_1_DRAM_INTERLEAVED,,,,1362944.0,
4871,0.00568634518111673,,InterleavedToShardedDeviceOperation,0,0.496,1.475,1,,,,,BF16 => BF16,BFLOAT16,BFLOAT16,nan,False,DEV_1_DRAM_INTERLEAVED,,,,1363968.0,
4872,0.005585370000325717,,InterleavedToShardedDeviceOperation,0,0.484,1.452,1,,,,,BF16 => BF16,BFLOAT16,BFLOAT16,nan,False,DEV_1_DRAM_INTERLEAVED,,,,1364992.0,
4873,0.005749815294756795,,InterleavedToShardedDeviceOperation,0,0.498,1.495,1,,,,,BF16 => BF16,BFLOAT16,BFLOAT16,nan,False,DEV_1_DRAM_INTERLEAVED,,,,1366016.0,
4874,0.09762280478875084,SLOW,MatmulDeviceOperation 32 x 2048 x 1344,0,33.321,0.517,42,171.72689895261246,33.54040995168212,5.286779148284865,9.105591290999891,HiFi4 BF16 x BF16 => BF16,BFLOAT16,BFLOAT16,BFLOAT16,False,DEV_1_DRAM_INTERLEAVED,2,1,1,1367040.0,"If possible place input 0 in L1 (currently in DEV_1_DRAM_INTERLEAVED) • Output subblock 1x1 is small, try out_subblock_h * out_subblock_w >= 2 if possible • HiFi2 may also work, it discards the lowest bit of the activations and has 2x the throughput of HiFi4"
4875,0.006670131942537736,,SliceDeviceOperation,0,1.681,0.631,24,,,,,BF16 => BF16,BFLOAT16,BFLOAT16,nan,False,DEV_1_DRAM_INTERLEAVED,,,,1368064.0,
4876,0.0066095468340631285,,SliceDeviceOperation,0,1.681,0.61,16,,,,,BF16 => BF16,BFLOAT16,BFLOAT16,nan,False,DEV_1_DRAM_INTERLEAVED,,,,1369088.0,
4877,0.00584790547038235,,SliceDeviceOperation,0,1.003,1.024,2,,,,,BF16 => BF16,BFLOAT16,BFLOAT16,nan,False,DEV_1_DRAM_INTERLEAVED,,,,1370112.0,
4878,0.03112632073012095,,LayerNormDeviceOperation,0,9.49,1.299,1,,,,,"BF16, BF16 => BF16",BFLOAT16,BFLOAT16,BFLOAT16,False,DEV_1_DRAM_INTERLEAVED,,,,1371136.0,
4879,0.0056603801346276125,,InterleavedToShardedDeviceOperation,0,0.493,1.469,1,,,,,BF16 => BF16,BFLOAT16,BFLOAT16,nan,False,DEV_1_DRAM_INTERLEAVED,,,,1372160.0,
4880,0.009635917252628044,,RotaryEmbeddingLlamaDeviceOperation,0,1.863,1.477,1,,,,,"BF16, BF16 => BF16",BFLOAT16,BFLOAT16,BFLOAT16,False,DEV_1_L1_HEIGHT_SHARDED,,,,1373184.0,
4881,0.005865215501375094,,ShardedToInterleavedDeviceOperation,0,0.526,1.507,1,,,,,BF16 => BF16,BFLOAT16,BFLOAT16,nan,False,DEV_1_L1_HEIGHT_SHARDED,,,,1374208.0,
4882,0.006649936906379533,,ConcatDeviceOperation,0,1.712,0.593,18,,,,,"BF16, BF16 => BF16",BFLOAT16,BFLOAT16,BFLOAT16,False,DEV_1_DRAM_INTERLEAVED,,,,1375232.0,
4883,0.042594216262814504,,LayerNormDeviceOperation,0,13.29,1.474,1,,,,,"BF16, BF16 => BF16",BFLOAT16,BFLOAT16,BFLOAT16,False,DEV_1_DRAM_INTERLEAVED,,,,1376256.0,
4884,0.06384227930640898,DRAM,MatmulDeviceOperation 32 x 768 x 5120,0,21.607,0.522,80,381.4112093303096,74.49437682232609,11.647069931040866,10.531566416233423,HiFi4 BF16 x BF16 => BF16,BFLOAT16,BFLOAT16,BFLOAT16,False,DEV_1_DRAM_INTERLEAVED,2,1,2,1377280.0,Try a DRAM-sharded program config (MatmulMultiCoreReuseMultiCastDRAMShardedProgramConfig) to improve throughput further
4885,0.04645146816903118,,UntilizeCodegenDeviceOperation,0,15.049,1.052,1,,,,,BF16 => BF16,BFLOAT16,BFLOAT16,nan,False,DEV_1_DRAM_INTERLEAVED,,,,1378304.0,
4886,0.021651963766758528,,ReshapeViewDeviceOperation,0,6.983,0.522,110,,,,,BF16 => BF16,BFLOAT16,BFLOAT16,nan,False,DEV_1_DRAM_INTERLEAVED,,,,1379328.0,
4887,0.021516368523982025,,TilizeWithValPaddingDeviceOperation,0,5.936,1.522,1,,,,,BF16 => BF16,BFLOAT16,BFLOAT16,nan,False,DEV_1_DRAM_INTERLEAVED,,,,1380352.0,
4888,0.006557616741084894,,SliceDeviceOperation,0,1.664,0.609,6,,,,,BF16 => BF16,BFLOAT16,BFLOAT16,nan,False,DEV_1_DRAM_INTERLEAVED,,,,1381376.0,
4889,0.006987482510738062,,SliceDeviceOperation,0,1.764,0.658,2,,,,,BF16 => BF16,BFLOAT16,BFLOAT16,nan,False,DEV_1_DRAM_INTERLEAVED,,,,1382400.0,
4890,0.011765051064735679,,TransposeDeviceOperation,0,3.565,0.513,110,,,,,BF16 => BF16,BFLOAT16,BFLOAT16,nan,False,DEV_1_DRAM_INTERLEAVED,,,,1383424.0,
4891,0.15613647955455984,SLOW,MatmulDeviceOperation b={20} x 32 x 192 x 512,0,53.59,0.53,16,90.18996081358462,17.615226721403246,2.3479962679604403,10.6155791918061,HiFi4 BF16 x BF16 => BF16,BFLOAT16,BFLOAT16,BFLOAT16,False,DEV_1_DRAM_INTERLEAVED,2,1,1,1384448.0,"If possible place input 0 in L1 (currently in DEV_1_DRAM_INTERLEAVED) • Output subblock 1x1 is small, try out_subblock_h * out_subblock_w >= 2 if possible • HiFi2 may also work, it discards the lowest bit of the activations and has 2x the throughput of HiFi4"
4892,0.011456355512031726,,TransposeDeviceOperation,0,3.444,0.527,110,,,,,BF16 => BF16,BFLOAT16,BFLOAT16,nan,False,DEV_1_DRAM_INTERLEAVED,,,,1385472.0,
4893,0.005749815294756794,,InterleavedToShardedDeviceOperation,0,0.543,1.45,1,,,,,BF16 => BF16,BFLOAT16,BFLOAT16,nan,False,DEV_1_DRAM_INTERLEAVED,,,,1386496.0,
4894,0.009679192330109908,,RotaryEmbeddingLlamaDeviceOperation,0,1.887,1.468,1,,,,,"BF16, BF16 => BF16",BFLOAT16,BFLOAT16,BFLOAT16,False,DEV_1_L1_HEIGHT_SHARDED,,,,1387520.0,
4895,0.005836365449720519,,ShardedToInterleavedDeviceOperation,0,0.519,1.504,1,,,,,BF16 => BF16,BFLOAT16,BFLOAT16,nan,False,DEV_1_L1_HEIGHT_SHARDED,,,,1388544.0,
4896,0.006719177030350514,,ConcatDeviceOperation,0,1.733,0.596,18,,,,,"BF16, BF16 => BF16",BFLOAT16,BFLOAT16,BFLOAT16,False,DEV_1_DRAM_INTERLEAVED,,,,1389568.0,
4897,0.0071317327690109365,,InterleavedToShardedDeviceOperation,0,0.969,1.503,1,,,,,BF16 => BF16,BFLOAT16,BFLOAT16,nan,False,DEV_1_DRAM_INTERLEAVED,,,,1390592.0,
4898,0.017134045677652084,,PagedUpdateCacheDeviceOperation,0,4.455,1.484,1,,,,,"BF16, BF16 => BF16",BFLOAT16,BFLOAT16,BFLOAT16,False,DEV_1_DRAM_INTERLEAVED,,,,1391616.0,
4899,0.1247505083595477,,SdpaDecodeDeviceOperation,0,40.496,2.745,110,,,,,"BF16, BF16 => BF16",BFLOAT16,BFLOAT16,BFLOAT16,False,DEV_1_DRAM_INTERLEAVED,,,,1392640.0,
4900,0.012287236999683487,,TransposeDeviceOperation,0,3.74,0.519,110,,,,,BF16 => BF16,BFLOAT16,BFLOAT16,nan,False,DEV_1_DRAM_INTERLEAVED,,,,1393664.0,
4901,0.35439691952996455,SLOW,MatmulDeviceOperation b={20} x 32 x 512 x 256,0,122.288,0.553,8,50.911945571110806,9.94373936935758,1.371942954337302,12.405444827268717,HiFi4 BF16 x BF16 => BF16,BFLOAT16,BFLOAT16,BFLOAT16,False,DEV_1_DRAM_INTERLEAVED,2,1,1,1394688.0,"If possible place input 0 in L1 (currently in DEV_1_DRAM_INTERLEAVED) • Output subblock 1x1 is small, try out_subblock_h * out_subblock_w >= 2 if possible • HiFi2 may also work, it discards the lowest bit of the activations and has 2x the throughput of HiFi4"
4902,0.008441525114128639,,TransposeDeviceOperation,0,2.413,0.513,110,,,,,BF16 => BF16,BFLOAT16,BFLOAT16,nan,False,DEV_1_DRAM_INTERLEAVED,,,,1395712.0,
4903,0.006413366482812019,,InterleavedToShardedDeviceOperation,0,0.717,1.506,1,,,,,BF16 => BF16,BFLOAT16,BFLOAT16,nan,False,DEV_1_DRAM_INTERLEAVED,,,,1396736.0,
4904,0.006104670930108067,,NLPConcatHeadsDecodeDeviceOperation,0,1.584,0.532,20,,,,,BF16 => BF16,BFLOAT16,BFLOAT16,nan,False,DEV_1_L1_HEIGHT_SHARDED,,,,1397760.0,
4905,0.00851365024326508,,ShardedToInterleavedDeviceOperation,0,1.729,1.222,20,,,,,BF16 => BF16,BFLOAT16,BFLOAT16,nan,False,DEV_1_L1_WIDTH_SHARDED,,,,1398784.0,
4906,0.008484800191610502,,SliceDeviceOperation,0,2.379,0.562,110,,,,,BF16 => BF16,BFLOAT16,BFLOAT16,nan,False,DEV_1_DRAM_INTERLEAVED,,,,1399808.0,
4907,0.265175249783026,SLOW,MatmulDeviceOperation 32 x 5120 x 2048,0,91.421,0.494,64,234.41301232758337,45.78379147023113,7.340639896741449,8.296983390233299,HiFi4 BF16 x BF16 => BF16,BFLOAT16,BFLOAT16,BFLOAT16,False,DEV_1_DRAM_INTERLEAVED,2,1,1,1400832.0,"If possible place input 0 in L1 (currently in DEV_1_DRAM_INTERLEAVED) • Output subblock 1x1 is small, try out_subblock_h * out_subblock_w >= 2 if possible • HiFi2 may also work, it discards the lowest bit of the activations and has 2x the throughput of HiFi4"
4908,0.008906010945767297,,BinaryNgDeviceOperation,0,2.526,0.561,110,,,,,"BF16, BF16 => BF16",BFLOAT16,BFLOAT16,BFLOAT16,False,DEV_1_DRAM_INTERLEAVED,,,,1401856.0,
4909,0.09814210571853318,,LayerNormDeviceOperation,0,33.322,0.696,1,,,,,"BF16, BF16 => BF16",BFLOAT16,BFLOAT16,BFLOAT16,False,DEV_1_DRAM_INTERLEAVED,,,,1402880.0,
4910,0.07592756594451044,SLOW,MatmulDeviceOperation 32 x 2048 x 64,0,25.718,0.6,2,25.80107317831869,5.039272105140369,0.3261765300567696,11.797472875317187,HiFi4 BF16 x FP32 => FP32,FLOAT32,BFLOAT16,FLOAT32,False,DEV_1_DRAM_INTERLEAVED,2,1,1,1403904.0,"If possible place input 0 in L1 (currently in DEV_1_DRAM_INTERLEAVED) • Output subblock 1x1 is small, try out_subblock_h * out_subblock_w >= 2 if possible • HiFi2 may also work, it discards the lowest bit of the activations and has 2x the throughput of HiFi4"
4911,0.010902434520263887,,UnaryDeviceOperation,0,3.236,0.543,110,,,,,FP32 => FP32,FLOAT32,FLOAT32,nan,False,DEV_1_DRAM_INTERLEAVED,,,,1404928.0,
4912,0.00931856668442772,,BinaryNgDeviceOperation,0,2.714,0.516,110,,,,,"FP32, FP32 => FP32",FLOAT32,FLOAT32,FLOAT32,False,DEV_1_DRAM_INTERLEAVED,,,,1405952.0,
4913,0.016257004107353003,,FillPadDeviceOperation,0,5.022,0.613,2,,,,,FP32 => FP32,FLOAT32,FLOAT32,nan,False,DEV_1_DRAM_INTERLEAVED,,,,1406976.0,
4914,0.01079568932914196,,ReduceDeviceOperation,0,2.276,1.466,1,,,,,FP32 => FP32,FLOAT32,FLOAT32,nan,False,DEV_1_DRAM_INTERLEAVED,,,,1408000.0,
4915,0.01675033999064623,,BinaryNgDeviceOperation,0,5.294,0.512,110,,,,,"FP32, FP32 => FP32",FLOAT32,FLOAT32,FLOAT32,False,DEV_1_DRAM_INTERLEAVED,,,,1409024.0,
4916,0.008193414669899295,,TypecastDeviceOperation,0,2.227,0.613,2,,,,,FP32 => BF16,BFLOAT16,FLOAT32,nan,False,DEV_1_DRAM_INTERLEAVED,,,,1410048.0,
4917,0.015968503590807252,,FillPadDeviceOperation,0,4.869,0.666,2,,,,,BF16 => BF16,BFLOAT16,BFLOAT16,nan,False,DEV_1_DRAM_INTERLEAVED,,,,1411072.0,
4918,0.043860733530450356,,TopKDeviceOperation,0,13.736,1.467,1,,,,,BF16 => BF16,BFLOAT16,BFLOAT16,nan,False,DEV_1_DRAM_INTERLEAVED,,,,1412096.0,
4919,0.006514341663603032,,SliceDeviceOperation,0,0.811,1.447,1,,,,,BF16 => BF16,BFLOAT16,BFLOAT16,nan,False,DEV_1_DRAM_INTERLEAVED,,,,1413120.0,
4920,0.006612431839228586,,SliceDeviceOperation,0,0.821,1.471,1,,,,,UINT16 => UINT16,UINT16,UINT16,nan,False,DEV_1_DRAM_INTERLEAVED,,,,1414144.0,
4921,0.03134558112269572,,FillPadDeviceOperation,0,9.397,1.468,1,,,,,UINT16 => UINT16,UINT16,UINT16,nan,False,DEV_1_DRAM_INTERLEAVED,,,,1415168.0,
4922,0.006932667412594368,,SliceDeviceOperation,0,1.775,0.628,2,,,,,FP32 => FP32,FLOAT32,FLOAT32,nan,False,DEV_1_DRAM_INTERLEAVED,,,,1416192.0,
4923,0.08996311607446117,,GatherDeviceOperation,0,29.69,1.493,1,,,,,"FP32, UINT16 => FP32",FLOAT32,FLOAT32,UINT16,False,DEV_1_DRAM_INTERLEAVED,,,,1417216.0,
4924,0.03476719724892831,,FillPadDeviceOperation,0,10.575,1.476,1,,,,,FP32 => FP32,FLOAT32,FLOAT32,nan,False,DEV_1_DRAM_INTERLEAVED,,,,1418240.0,
4925,0.00894928602324916,,ReduceDeviceOperation,0,1.616,1.486,1,,,,,FP32 => FP32,FLOAT32,FLOAT32,nan,False,DEV_1_DRAM_INTERLEAVED,,,,1419264.0,
4926,0.014041320140281647,,BinaryNgDeviceOperation,0,4.339,0.528,110,,,,,FP32 => FP32,FLOAT32,FLOAT32,nan,False,DEV_1_DRAM_INTERLEAVED,,,,1420288.0,
4927,0.01901795405069583,,BinaryNgDeviceOperation,0,6.085,0.507,110,,,,,"FP32, FP32 => FP32",FLOAT32,FLOAT32,FLOAT32,False,DEV_1_DRAM_INTERLEAVED,,,,1421312.0,
4928,0.007965499261828154,,TypecastDeviceOperation,0,1.281,1.48,1,,,,,FP32 => BF16,BFLOAT16,FLOAT32,nan,False,DEV_1_DRAM_INTERLEAVED,,,,1422336.0,
4929,0.014113445269418082,,PermuteDeviceOperation,0,4.278,0.614,4,,,,,BF16 => BF16,BFLOAT16,BFLOAT16,nan,False,DEV_1_DRAM_INTERLEAVED,,,,1423360.0,
4930,0.007665458724620574,,UntilizeWithUnpaddingDeviceOperation,0,1.195,1.462,1,,,,,UINT16 => UINT16,UINT16,UINT16,nan,False,DEV_1_DRAM_INTERLEAVED,,,,1424384.0,
4931,0.015971388595972708,,UnaryDeviceOperation,0,5.023,0.513,110,,,,,BF16 => BF16,BFLOAT16,BFLOAT16,nan,False,DEV_1_DRAM_INTERLEAVED,,,,1425408.0,
4932,0.3430934692917021,,SparseMatmulDeviceOperation active=?/64 x 32 x 2048 x 3072,0,118.353,0.57,32,,,,,HiFi2 BF16 x BFP8 => BF16,BFLOAT16,BFLOAT16,BFLOAT8_B,False,DEV_1_DRAM_INTERLEAVED,8,1,1,1426432.0,Sparse matmul utilization is omitted because the CSV row has nnz=std::nullopt; pass --active-experts K to model K active experts per input batch group
4933,0.009719582402426312,,SliceDeviceOperation,0,2.79,0.579,110,,,,,BF16 => BF16,BFLOAT16,BFLOAT16,nan,False,DEV_1_DRAM_INTERLEAVED,,,,1427456.0,
4934,0.009206051482974879,,SliceDeviceOperation,0,2.712,0.479,110,,,,,BF16 => BF16,BFLOAT16,BFLOAT16,nan,False,DEV_1_DRAM_INTERLEAVED,,,,1428480.0,
4935,0.020538351772891934,,BinaryNgDeviceOperation,0,6.602,0.517,110,,,,,"BF16, BF16 => BF16",BFLOAT16,BFLOAT16,BFLOAT16,False,DEV_1_DRAM_INTERLEAVED,,,,1429504.0,
4936,0.014075940202267137,,BinaryNgDeviceOperation,0,4.37,0.509,110,,,,,"BF16, BF16 => BF16",BFLOAT16,BFLOAT16,BFLOAT16,False,DEV_1_DRAM_INTERLEAVED,,,,1430528.0,
4937,0.011110154892176826,,UnaryDeviceOperation,0,3.321,0.53,110,,,,,BF16 => BF16,BFLOAT16,BFLOAT16,nan,False,DEV_1_DRAM_INTERLEAVED,,,,1431552.0,
4938,0.21102370282738872,,SparseMatmulDeviceOperation active=?/64 x 32 x 1536 x 2048,0,72.517,0.628,32,,,,,HiFi2 BF16 x BFP8 => BF16,BFLOAT16,BFLOAT16,BFLOAT8_B,False,DEV_1_DRAM_INTERLEAVED,8,1,1,1432576.0,Sparse matmul utilization is omitted because the CSV row has nnz=std::nullopt; pass --active-experts K to model K active experts per input batch group
4939,0.018019742263447533,,FillPadDeviceOperation,0,5.736,0.51,110,,,,,BF16 => BF16,BFLOAT16,BFLOAT16,nan,False,DEV_1_DRAM_INTERLEAVED,,,,1433600.0,
4940,0.009174316426154846,,FastReduceNCDeviceOperation,0,2.693,0.487,64,,,,,BF16 => BF16,BFLOAT16,BFLOAT16,nan,False,DEV_1_DRAM_INTERLEAVED,,,,1434624.0,
4941,0.006745142076839633,,SliceDeviceOperation,0,1.805,0.533,64,,,,,BF16 => BF16,BFLOAT16,BFLOAT16,nan,False,DEV_1_DRAM_INTERLEAVED,,,,1435648.0,
4942,0.09999139402959144,SLOW,MatmulDeviceOperation 32 x 2048 x 1536,0,34.176,0.483,48,190.8014981273408,37.265917602996254,5.8908764044943815,8.87779164932723,HiFi4 BF16 x BF16 => BF16,BFLOAT16,BFLOAT16,BFLOAT16,False,DEV_1_DRAM_INTERLEAVED,2,1,1,1436672.0,"If possible place input 0 in L1 (currently in DEV_1_DRAM_INTERLEAVED) • Output subblock 1x1 is small, try out_subblock_h * out_subblock_w >= 2 if possible • HiFi2 may also work, it discards the lowest bit of the activations and has 2x the throughput of HiFi4"
4943,0.009765742485073631,,UnaryDeviceOperation,0,2.828,0.557,110,,,,,BF16 => BF16,BFLOAT16,BFLOAT16,nan,False,DEV_1_DRAM_INTERLEAVED,,,,1437696.0,
4944,0.10017314935501526,SLOW,MatmulDeviceOperation 32 x 2048 x 1536,0,33.952,0.77,48,192.06032045240337,37.51178133836003,5.929741753063148,8.936363319021188,HiFi4 BF16 x BF16 => BF16,BFLOAT16,BFLOAT16,BFLOAT16,False,DEV_1_DRAM_INTERLEAVED,2,1,1,1438720.0,"If possible place input 0 in L1 (currently in DEV_1_DRAM_INTERLEAVED) • Output subblock 1x1 is small, try out_subblock_h * out_subblock_w >= 2 if possible • HiFi2 may also work, it discards the lowest bit of the activations and has 2x the throughput of HiFi4"
4945,0.010328318492337844,,BinaryNgDeviceOperation,0,3.019,0.561,110,,,,,"BF16, BF16 => BF16",BFLOAT16,BFLOAT16,BFLOAT16,False,DEV_1_DRAM_INTERLEAVED,,,,1439744.0,
4946,0.08513073242231987,SLOW,MatmulDeviceOperation 32 x 1536 x 2048,0,28.93,0.578,64,225.4003456619426,44.02350501209816,6.95909408918078,7.865729538733341,HiFi4 BF16 x BF16 => BF16,BFLOAT16,BFLOAT16,BFLOAT16,False,DEV_1_DRAM_INTERLEAVED,2,1,1,1440768.0,"If possible place input 0 in L1 (currently in DEV_1_DRAM_INTERLEAVED) • Output subblock 1x1 is small, try out_subblock_h * out_subblock_w >= 2 if possible • HiFi2 may also work, it discards the lowest bit of the activations and has 2x the throughput of HiFi4"
4947,0.008718485610012561,,BinaryNgDeviceOperation,0,2.467,0.555,110,,,,,"BF16, BF16 => BF16",BFLOAT16,BFLOAT16,BFLOAT16,False,DEV_1_DRAM_INTERLEAVED,,,,1441792.0,
4948,0.008092439489108283,,BinaryNgDeviceOperation,0,2.298,0.507,110,,,,,"BF16, BF16 => BF16",BFLOAT16,BFLOAT16,BFLOAT16,False,DEV_1_DRAM_INTERLEAVED,,,,1442816.0,
4949,0.10677692617874748,,LayerNormDeviceOperation,0,33.34,3.671,1,,,,,"BF16, BF16 => BF16",BFLOAT16,BFLOAT16,BFLOAT16,False,DEV_1_DRAM_INTERLEAVED,,,,1356800.0,
4950,0.014932786736408013,,UntilizeCodegenDeviceOperation,0,4.663,0.513,110,,,,,BF16 => BF16,BFLOAT16,BFLOAT16,nan,False,DEV_1_DRAM_INTERLEAVED,,,,1357824.0,
4951,0.007241362965298321,,EmbeddingsDeviceOperation,0,1.098,1.412,1,,,,,"UINT32, BF16 => BF16",BFLOAT16,UINT32,BFLOAT16,False,DEV_1_DRAM_INTERLEAVED,,,,1358848.0,
4952,0.013444124071031944,,TilizeWithValPaddingDeviceOperation,0,3.183,1.477,1,,,,,BF16 => BF16,BFLOAT16,BFLOAT16,nan,False,DEV_1_DRAM_INTERLEAVED,,,,1359872.0,
4953,0.014866431617602491,,UntilizeCodegenDeviceOperation,0,4.641,0.512,110,,,,,BF16 => BF16,BFLOAT16,BFLOAT16,nan,False,DEV_1_DRAM_INTERLEAVED,,,,1360896.0,
4954,0.007238477960132863,,EmbeddingsDeviceOperation,0,1.079,1.43,1,,,,,"UINT32, BF16 => BF16",BFLOAT16,UINT32,BFLOAT16,False,DEV_1_DRAM_INTERLEAVED,,,,1361920.0,
4955,0.013121003492500704,,TilizeWithValPaddingDeviceOperation,0,3.129,1.419,1,,,,,BF16 => BF16,BFLOAT16,BFLOAT16,nan,False,DEV_1_DRAM_INTERLEAVED,,,,1362944.0,
4956,0.005706540217274932,,InterleavedToShardedDeviceOperation,0,0.495,1.483,1,,,,,BF16 => BF16,BFLOAT16,BFLOAT16,nan,False,DEV_1_DRAM_INTERLEAVED,,,,1363968.0,
4957,0.005570944974498429,,InterleavedToShardedDeviceOperation,0,0.482,1.449,1,,,,,BF16 => BF16,BFLOAT16,BFLOAT16,nan,False,DEV_1_DRAM_INTERLEAVED,,,,1364992.0,
4958,0.005775780341245911,,InterleavedToShardedDeviceOperation,0,0.498,1.504,1,,,,,BF16 => BF16,BFLOAT16,BFLOAT16,nan,False,DEV_1_DRAM_INTERLEAVED,,,,1366016.0,
4959,0.09734872929803236,SLOW,MatmulDeviceOperation 32 x 2048 x 1344,0,33.221,0.522,42,172.24382167905844,33.641371421691105,5.302693115800247,9.133000433683737,HiFi4 BF16 x BF16 => BF16,BFLOAT16,BFLOAT16,BFLOAT16,False,DEV_1_DRAM_INTERLEAVED,2,1,1,1367040.0,"If possible place input 0 in L1 (currently in DEV_1_DRAM_INTERLEAVED) • Output subblock 1x1 is small, try out_subblock_h * out_subblock_w >= 2 if possible • HiFi2 may also work, it discards the lowest bit of the activations and has 2x the throughput of HiFi4"
4960,0.006745142076839633,,SliceDeviceOperation,0,1.701,0.637,24,,,,,BF16 => BF16,BFLOAT16,BFLOAT16,nan,False,DEV_1_DRAM_INTERLEAVED,,,,1368064.0,
4961,0.006612431839228586,,SliceDeviceOperation,0,1.688,0.604,16,,,,,BF16 => BF16,BFLOAT16,BFLOAT16,nan,False,DEV_1_DRAM_INTERLEAVED,,,,1369088.0,
4962,0.006220071136726366,,SliceDeviceOperation,0,1.131,1.025,2,,,,,BF16 => BF16,BFLOAT16,BFLOAT16,nan,False,DEV_1_DRAM_INTERLEAVED,,,,1370112.0,
4963,0.03071664999662598,,LayerNormDeviceOperation,0,9.479,1.168,1,,,,,"BF16, BF16 => BF16",BFLOAT16,BFLOAT16,BFLOAT16,False,DEV_1_DRAM_INTERLEAVED,,,,1371136.0,
4964,0.005651725119131239,,InterleavedToShardedDeviceOperation,0,0.49,1.469,1,,,,,BF16 => BF16,BFLOAT16,BFLOAT16,nan,False,DEV_1_DRAM_INTERLEAVED,,,,1372160.0,
4965,0.00956090711832615,,RotaryEmbeddingLlamaDeviceOperation,0,1.839,1.475,1,,,,,"BF16, BF16 => BF16",BFLOAT16,BFLOAT16,BFLOAT16,False,DEV_1_L1_HEIGHT_SHARDED,,,,1373184.0,
4966,0.00587098551170601,,ShardedToInterleavedDeviceOperation,0,0.516,1.519,1,,,,,BF16 => BF16,BFLOAT16,BFLOAT16,nan,False,DEV_1_L1_HEIGHT_SHARDED,,,,1374208.0,
4967,0.006681671963199565,,ConcatDeviceOperation,0,1.724,0.592,18,,,,,"BF16, BF16 => BF16",BFLOAT16,BFLOAT16,BFLOAT16,False,DEV_1_DRAM_INTERLEAVED,,,,1375232.0,
4968,0.04377418337548663,,LayerNormDeviceOperation,0,13.694,1.479,1,,,,,"BF16, BF16 => BF16",BFLOAT16,BFLOAT16,BFLOAT16,False,DEV_1_DRAM_INTERLEAVED,,,,1376256.0,
4969,0.06504532646040476,DRAM,MatmulDeviceOperation 32 x 768 x 5120,0,22.028,0.518,80,374.1216633375704,73.07063737061922,11.424470673688033,10.330286705808769,HiFi4 BF16 x BF16 => BF16,BFLOAT16,BFLOAT16,BFLOAT16,False,DEV_1_DRAM_INTERLEAVED,2,1,2,1377280.0,Try a DRAM-sharded program config (MatmulMultiCoreReuseMultiCastDRAMShardedProgramConfig) to improve throughput further
4970,0.04525996103569724,,UntilizeCodegenDeviceOperation,0,14.981,0.707,1,,,,,BF16 => BF16,BFLOAT16,BFLOAT16,nan,False,DEV_1_DRAM_INTERLEAVED,,,,1378304.0,
4971,0.021643308751262153,,ReshapeViewDeviceOperation,0,6.981,0.521,110,,,,,BF16 => BF16,BFLOAT16,BFLOAT16,nan,False,DEV_1_DRAM_INTERLEAVED,,,,1379328.0,
4972,0.021562528606629345,,TilizeWithValPaddingDeviceOperation,0,5.941,1.533,1,,,,,BF16 => BF16,BFLOAT16,BFLOAT16,nan,False,DEV_1_DRAM_INTERLEAVED,,,,1380352.0,
4973,0.006537421704926692,,SliceDeviceOperation,0,1.65,0.616,6,,,,,BF16 => BF16,BFLOAT16,BFLOAT16,nan,False,DEV_1_DRAM_INTERLEAVED,,,,1381376.0,
4974,0.006580696782408553,,SliceDeviceOperation,0,1.644,0.637,2,,,,,BF16 => BF16,BFLOAT16,BFLOAT16,nan,False,DEV_1_DRAM_INTERLEAVED,,,,1382400.0,
4975,0.011707350961426529,,TransposeDeviceOperation,0,3.544,0.514,110,,,,,BF16 => BF16,BFLOAT16,BFLOAT16,nan,False,DEV_1_DRAM_INTERLEAVED,,,,1383424.0,
4976,0.15581624398119404,SLOW,MatmulDeviceOperation b={20} x 32 x 192 x 512,0,53.479,0.53,16,90.37715738888163,17.651788552515942,2.352869724564782,10.637612687015254,HiFi4 BF16 x BF16 => BF16,BFLOAT16,BFLOAT16,BFLOAT16,False,DEV_1_DRAM_INTERLEAVED,2,1,1,1384448.0,"If possible place input 0 in L1 (currently in DEV_1_DRAM_INTERLEAVED) • Output subblock 1x1 is small, try out_subblock_h * out_subblock_w >= 2 if possible • HiFi2 may also work, it discards the lowest bit of the activations and has 2x the throughput of HiFi4"
4977,0.011635225832290092,,TransposeDeviceOperation,0,3.512,0.521,110,,,,,BF16 => BF16,BFLOAT16,BFLOAT16,nan,False,DEV_1_DRAM_INTERLEAVED,,,,1385472.0,
4978,0.004214992546733405,,InterleavedToShardedDeviceOperation,0,0.481,0.98,1,,,,,BF16 => BF16,BFLOAT16,BFLOAT16,nan,False,DEV_1_DRAM_INTERLEAVED,,,,1386496.0,
4979,0.00969938736626811,,RotaryEmbeddingLlamaDeviceOperation,0,1.879,1.483,1,,,,,"BF16, BF16 => BF16",BFLOAT16,BFLOAT16,BFLOAT16,False,DEV_1_L1_HEIGHT_SHARDED,,,,1387520.0,
4980,0.005865215501375094,,ShardedToInterleavedDeviceOperation,0,0.524,1.509,1,,,,,BF16 => BF16,BFLOAT16,BFLOAT16,nan,False,DEV_1_L1_HEIGHT_SHARDED,,,,1388544.0,
4981,0.006678786958034109,,ConcatDeviceOperation,0,1.716,0.599,18,,,,,"BF16, BF16 => BF16",BFLOAT16,BFLOAT16,BFLOAT16,False,DEV_1_DRAM_INTERLEAVED,,,,1389568.0,
4982,0.007215397918809203,,InterleavedToShardedDeviceOperation,0,0.999,1.502,1,,,,,BF16 => BF16,BFLOAT16,BFLOAT16,nan,False,DEV_1_DRAM_INTERLEAVED,,,,1390592.0,
4983,0.016995565429710122,,PagedUpdateCacheDeviceOperation,0,4.413,1.478,1,,,,,"BF16, BF16 => BF16",BFLOAT16,BFLOAT16,BFLOAT16,False,DEV_1_DRAM_INTERLEAVED,,,,1391616.0,
4984,0.1254631046354157,,SdpaDecodeDeviceOperation,0,40.738,2.75,110,,,,,"BF16, BF16 => BF16",BFLOAT16,BFLOAT16,BFLOAT16,False,DEV_1_DRAM_INTERLEAVED,,,,1392640.0,
4985,0.012368017144316295,,TransposeDeviceOperation,0,3.776,0.511,110,,,,,BF16 => BF16,BFLOAT16,BFLOAT16,nan,False,DEV_1_DRAM_INTERLEAVED,,,,1393664.0,
4986,0.35279574166313565,SLOW,MatmulDeviceOperation b={20} x 32 x 512 x 256,0,121.742,0.544,8,51.14028026482233,9.988335989223112,1.3780959734520544,12.461081935872889,HiFi4 BF16 x BF16 => BF16,BFLOAT16,BFLOAT16,BFLOAT16,False,DEV_1_DRAM_INTERLEAVED,2,1,1,1394688.0,"If possible place input 0 in L1 (currently in DEV_1_DRAM_INTERLEAVED) • Output subblock 1x1 is small, try out_subblock_h * out_subblock_w >= 2 if possible • HiFi2 may also work, it discards the lowest bit of the activations and has 2x the throughput of HiFi4"
4987,0.009087766271191122,,TransposeDeviceOperation,0,2.636,0.514,110,,,,,BF16 => BF16,BFLOAT16,BFLOAT16,nan,False,DEV_1_DRAM_INTERLEAVED,,,,1395712.0,
4988,0.00582482542905869,,InterleavedToShardedDeviceOperation,0,0.753,1.266,1,,,,,BF16 => BF16,BFLOAT16,BFLOAT16,nan,False,DEV_1_DRAM_INTERLEAVED,,,,1396736.0,
4989,0.006130635976597184,,NLPConcatHeadsDecodeDeviceOperation,0,1.593,0.532,20,,,,,BF16 => BF16,BFLOAT16,BFLOAT16,nan,False,DEV_1_L1_HEIGHT_SHARDED,,,,1397760.0,
4990,0.008597315393063345,,ShardedToInterleavedDeviceOperation,0,1.775,1.205,20,,,,,BF16 => BF16,BFLOAT16,BFLOAT16,nan,False,DEV_1_L1_WIDTH_SHARDED,,,,1398784.0,
4991,0.008202069685395668,,SliceDeviceOperation,0,2.258,0.585,110,,,,,BF16 => BF16,BFLOAT16,BFLOAT16,nan,False,DEV_1_DRAM_INTERLEAVED,,,,1399808.0,
4992,0.26585611100207396,SLOW,MatmulDeviceOperation 32 x 5120 x 2048,0,91.592,0.559,64,233.9753690278627,45.69831426325444,7.326935103502489,8.281493127331192,HiFi4 BF16 x BF16 => BF16,BFLOAT16,BFLOAT16,BFLOAT16,False,DEV_1_DRAM_INTERLEAVED,2,1,1,1400832.0,"If possible place input 0 in L1 (currently in DEV_1_DRAM_INTERLEAVED) • Output subblock 1x1 is small, try out_subblock_h * out_subblock_w >= 2 if possible • HiFi2 may also work, it discards the lowest bit of the activations and has 2x the throughput of HiFi4"
4993,0.008415560067639523,,BinaryNgDeviceOperation,0,2.351,0.566,110,,,,,"BF16, BF16 => BF16",BFLOAT16,BFLOAT16,BFLOAT16,False,DEV_1_DRAM_INTERLEAVED,,,,1401856.0,
4994,0.09778148007285101,,LayerNormDeviceOperation,0,33.196,0.697,1,,,,,"BF16, BF16 => BF16",BFLOAT16,BFLOAT16,BFLOAT16,False,DEV_1_DRAM_INTERLEAVED,,,,1402880.0,
4995,0.07613240131125792,SLOW,MatmulDeviceOperation 32 x 2048 x 64,0,25.771,0.618,2,25.748011330565365,5.028908463001048,0.3255057234876411,11.773210484940723,HiFi4 BF16 x FP32 => FP32,FLOAT32,BFLOAT16,FLOAT32,False,DEV_1_DRAM_INTERLEAVED,2,1,1,1403904.0,"If possible place input 0 in L1 (currently in DEV_1_DRAM_INTERLEAVED) • Output subblock 1x1 is small, try out_subblock_h * out_subblock_w >= 2 if possible • HiFi2 may also work, it discards the lowest bit of the activations and has 2x the throughput of HiFi4"
4996,0.010957249618407579,,UnaryDeviceOperation,0,3.26,0.538,110,,,,,FP32 => FP32,FLOAT32,FLOAT32,nan,False,DEV_1_DRAM_INTERLEAVED,,,,1404928.0,
4997,0.009260866581118571,,BinaryNgDeviceOperation,0,2.683,0.527,110,,,,,"FP32, FP32 => FP32",FLOAT32,FLOAT32,FLOAT32,False,DEV_1_DRAM_INTERLEAVED,,,,1405952.0,
4998,0.016271429133180294,,FillPadDeviceOperation,0,5.022,0.618,2,,,,,FP32 => FP32,FLOAT32,FLOAT32,nan,False,DEV_1_DRAM_INTERLEAVED,,,,1406976.0,
4999,0.010683174127689116,,ReduceDeviceOperation,0,2.247,1.456,1,,,,,FP32 => FP32,FLOAT32,FLOAT32,nan,False,DEV_1_DRAM_INTERLEAVED,,,,1408000.0,
5000,0.01687151020759545,,BinaryNgDeviceOperation,0,5.33,0.518,110,,,,,"FP32, FP32 => FP32",FLOAT32,FLOAT32,FLOAT32,False,DEV_1_DRAM_INTERLEAVED,,,,1409024.0,
5001,0.007991464308317271,,TypecastDeviceOperation,0,2.156,0.614,2,,,,,FP32 => BF16,BFLOAT16,FLOAT32,nan,False,DEV_1_DRAM_INTERLEAVED,,,,1410048.0,
5002,0.01595984857531088,,FillPadDeviceOperation,0,4.888,0.644,2,,,,,BF16 => BF16,BFLOAT16,BFLOAT16,nan,False,DEV_1_DRAM_INTERLEAVED,,,,1411072.0,
5003,0.04386938854594672,,TopKDeviceOperation,0,13.756,1.45,1,,,,,BF16 => BF16,BFLOAT16,BFLOAT16,nan,False,DEV_1_DRAM_INTERLEAVED,,,,1412096.0,
5004,0.006551846730753978,,SliceDeviceOperation,0,0.804,1.467,1,,,,,BF16 => BF16,BFLOAT16,BFLOAT16,nan,False,DEV_1_DRAM_INTERLEAVED,,,,1413120.0,
5005,0.006673016947703194,,SliceDeviceOperation,0,0.836,1.477,1,,,,,UINT16 => UINT16,UINT16,UINT16,nan,False,DEV_1_DRAM_INTERLEAVED,,,,1414144.0,
5006,0.03136289115368847,,FillPadDeviceOperation,0,9.39,1.481,1,,,,,UINT16 => UINT16,UINT16,UINT16,nan,False,DEV_1_DRAM_INTERLEAVED,,,,1415168.0,
5007,0.006773992128494206,,SliceDeviceOperation,0,1.712,0.636,2,,,,,FP32 => FP32,FLOAT32,FLOAT32,nan,False,DEV_1_DRAM_INTERLEAVED,,,,1416192.0,
5008,0.08979578577486465,,GatherDeviceOperation,0,29.637,1.488,1,,,,,"FP32, UINT16 => FP32",FLOAT32,FLOAT32,UINT16,False,DEV_1_DRAM_INTERLEAVED,,,,1417216.0,
5009,0.034767197248928315,,FillPadDeviceOperation,0,10.584,1.467,1,,,,,FP32 => FP32,FLOAT32,FLOAT32,nan,False,DEV_1_DRAM_INTERLEAVED,,,,1418240.0,
5010,0.008963711049076449,,ReduceDeviceOperation,0,1.62,1.487,1,,,,,FP32 => FP32,FLOAT32,FLOAT32,nan,False,DEV_1_DRAM_INTERLEAVED,,,,1419264.0,
5011,0.01405863017127439,,BinaryNgDeviceOperation,0,4.349,0.524,110,,,,,FP32 => FP32,FLOAT32,FLOAT32,nan,False,DEV_1_DRAM_INTERLEAVED,,,,1420288.0,
5012,0.01897467897321397,,BinaryNgDeviceOperation,0,6.067,0.51,110,,,,,"FP32, FP32 => FP32",FLOAT32,FLOAT32,FLOAT32,False,DEV_1_DRAM_INTERLEAVED,,,,1421312.0,
5013,0.007948189230835408,,TypecastDeviceOperation,0,1.3,1.455,1,,,,,FP32 => BF16,BFLOAT16,FLOAT32,nan,False,DEV_1_DRAM_INTERLEAVED,,,,1422336.0,
5014,0.014015355093792528,,PermuteDeviceOperation,0,4.245,0.613,4,,,,,BF16 => BF16,BFLOAT16,BFLOAT16,nan,False,DEV_1_DRAM_INTERLEAVED,,,,1423360.0,
5015,0.007708733802102435,,UntilizeWithUnpaddingDeviceOperation,0,1.204,1.468,1,,,,,UINT16 => UINT16,UINT16,UINT16,nan,False,DEV_1_DRAM_INTERLEAVED,,,,1424384.0,
5016,0.01581271331187255,,UnaryDeviceOperation,0,4.968,0.513,110,,,,,BF16 => BF16,BFLOAT16,BFLOAT16,nan,False,DEV_1_DRAM_INTERLEAVED,,,,1425408.0,
5017,0.34395320083100844,,SparseMatmulDeviceOperation active=?/64 x 32 x 2048 x 3072,0,118.64,0.581,32,,,,,HiFi2 BF16 x BFP8 => BF16,BFLOAT16,BFLOAT16,BFLOAT8_B,False,DEV_1_DRAM_INTERLEAVED,8,1,1,1426432.0,Sparse matmul utilization is omitted because the CSV row has nnz=std::nullopt; pass --active-experts K to model K active experts per input batch group
5018,0.009771512495404549,,SliceDeviceOperation,0,2.813,0.574,110,,,,,BF16 => BF16,BFLOAT16,BFLOAT16,nan,False,DEV_1_DRAM_INTERLEAVED,,,,1427456.0,
5019,0.009174316426154846,,SliceDeviceOperation,0,2.704,0.476,110,,,,,BF16 => BF16,BFLOAT16,BFLOAT16,nan,False,DEV_1_DRAM_INTERLEAVED,,,,1428480.0,
5020,0.020552776798719218,,BinaryNgDeviceOperation,0,6.579,0.545,110,,,,,"BF16, BF16 => BF16",BFLOAT16,BFLOAT16,BFLOAT16,False,DEV_1_DRAM_INTERLEAVED,,,,1429504.0,
5021,0.014084595217763507,,BinaryNgDeviceOperation,0,4.298,0.584,110,,,,,"BF16, BF16 => BF16",BFLOAT16,BFLOAT16,BFLOAT16,False,DEV_1_DRAM_INTERLEAVED,,,,1430528.0,
5022,0.011643880847786463,,UnaryDeviceOperation,0,3.436,0.6,110,,,,,BF16 => BF16,BFLOAT16,BFLOAT16,nan,False,DEV_1_DRAM_INTERLEAVED,,,,1431552.0,
5023,0.2115747388139911,,SparseMatmulDeviceOperation active=?/64 x 32 x 1536 x 2048,0,72.717,0.619,32,,,,,HiFi2 BF16 x BFP8 => BF16,BFLOAT16,BFLOAT16,BFLOAT8_B,False,DEV_1_DRAM_INTERLEAVED,8,1,1,1432576.0,Sparse matmul utilization is omitted because the CSV row has nnz=std::nullopt; pass --active-experts K to model K active experts per input batch group
5024,0.01815533750622404,,FillPadDeviceOperation,0,5.731,0.562,110,,,,,BF16 => BF16,BFLOAT16,BFLOAT16,nan,False,DEV_1_DRAM_INTERLEAVED,,,,1433600.0,
5025,0.00921470649847125,,FastReduceNCDeviceOperation,0,2.603,0.591,64,,,,,BF16 => BF16,BFLOAT16,BFLOAT16,nan,False,DEV_1_DRAM_INTERLEAVED,,,,1434624.0,
5026,0.006745142076839633,,SliceDeviceOperation,0,1.733,0.605,64,,,,,BF16 => BF16,BFLOAT16,BFLOAT16,nan,False,DEV_1_DRAM_INTERLEAVED,,,,1435648.0,
5027,0.10019622939633892,SLOW,MatmulDeviceOperation 32 x 2048 x 1536,0,34.163,0.567,48,190.8741035623335,37.28009835201826,5.893118051693351,8.881169903328377,HiFi4 BF16 x BF16 => BF16,BFLOAT16,BFLOAT16,BFLOAT16,False,DEV_1_DRAM_INTERLEAVED,2,1,1,1436672.0,"If possible place input 0 in L1 (currently in DEV_1_DRAM_INTERLEAVED) • Output subblock 1x1 is small, try out_subblock_h * out_subblock_w >= 2 if possible • HiFi2 may also work, it discards the lowest bit of the activations and has 2x the throughput of HiFi4"
5028,0.010005197913806604,,UnaryDeviceOperation,0,2.907,0.561,110,,,,,BF16 => BF16,BFLOAT16,BFLOAT16,nan,False,DEV_1_DRAM_INTERLEAVED,,,,1437696.0,
5029,0.0999856240192605,SLOW,MatmulDeviceOperation 32 x 2048 x 1536,0,33.916,0.741,48,192.26418209694538,37.55159806580964,5.936035853284585,8.945848785452512,HiFi4 BF16 x BF16 => BF16,BFLOAT16,BFLOAT16,BFLOAT16,False,DEV_1_DRAM_INTERLEAVED,2,1,1,1438720.0,"If possible place input 0 in L1 (currently in DEV_1_DRAM_INTERLEAVED) • Output subblock 1x1 is small, try out_subblock_h * out_subblock_w >= 2 if possible • HiFi2 may also work, it discards the lowest bit of the activations and has 2x the throughput of HiFi4"
5030,0.01057642893656719,,BinaryNgDeviceOperation,0,3.106,0.56,110,,,,,"BF16, BF16 => BF16",BFLOAT16,BFLOAT16,BFLOAT16,False,DEV_1_DRAM_INTERLEAVED,,,,1439744.0,
5031,0.08569907843991499,SLOW,MatmulDeviceOperation 32 x 1536 x 2048,0,29.124,0.581,64,223.89891498420545,43.730256832852625,6.912738360115368,7.813334554166857,HiFi4 BF16 x BF16 => BF16,BFLOAT16,BFLOAT16,BFLOAT16,False,DEV_1_DRAM_INTERLEAVED,2,1,1,1440768.0,"If possible place input 0 in L1 (currently in DEV_1_DRAM_INTERLEAVED) • Output subblock 1x1 is small, try out_subblock_h * out_subblock_w >= 2 if possible • HiFi2 may also work, it discards the lowest bit of the activations and has 2x the throughput of HiFi4"
5032,0.008519420253595993,,BinaryNgDeviceOperation,0,2.396,0.557,110,,,,,"BF16, BF16 => BF16",BFLOAT16,BFLOAT16,BFLOAT16,False,DEV_1_DRAM_INTERLEAVED,,,,1441792.0,
5033,0.008819460790803571,,BinaryNgDeviceOperation,0,2.53,0.527,110,,,,,"BF16, BF16 => BF16",BFLOAT16,BFLOAT16,BFLOAT16,False,DEV_1_DRAM_INTERLEAVED,,,,1442816.0,
5034,0.10620281015082142,,LayerNormDeviceOperation,0,33.217,3.595,1,,,,,"BF16, BF16 => BF16",BFLOAT16,BFLOAT16,BFLOAT16,False,DEV_1_DRAM_INTERLEAVED,,,,1356800.0,
5035,0.014929901731242553,,UntilizeCodegenDeviceOperation,0,4.661,0.514,110,,,,,BF16 => BF16,BFLOAT16,BFLOAT16,nan,False,DEV_1_DRAM_INTERLEAVED,,,,1357824.0,
5036,0.007451968342376719,,EmbeddingsDeviceOperation,0,1.177,1.406,1,,,,,"UINT32, BF16 => BF16",BFLOAT16,UINT32,BFLOAT16,False,DEV_1_DRAM_INTERLEAVED,,,,1358848.0,
5037,0.013458549096859231,,TilizeWithValPaddingDeviceOperation,0,3.198,1.467,1,,,,,BF16 => BF16,BFLOAT16,BFLOAT16,nan,False,DEV_1_DRAM_INTERLEAVED,,,,1359872.0,
5038,0.014817386529789712,,UntilizeCodegenDeviceOperation,0,4.62,0.516,110,,,,,BF16 => BF16,BFLOAT16,BFLOAT16,nan,False,DEV_1_DRAM_INTERLEAVED,,,,1360896.0,
5039,0.007198087887816459,,EmbeddingsDeviceOperation,0,1.079,1.416,1,,,,,"UINT32, BF16 => BF16",BFLOAT16,UINT32,BFLOAT16,False,DEV_1_DRAM_INTERLEAVED,,,,1361920.0,
5040,0.013095038446011585,,TilizeWithValPaddingDeviceOperation,0,3.099,1.44,1,,,,,BF16 => BF16,BFLOAT16,BFLOAT16,nan,False,DEV_1_DRAM_INTERLEAVED,,,,1362944.0,
5041,0.0057296202585985926,,InterleavedToShardedDeviceOperation,0,0.499,1.487,1,,,,,BF16 => BF16,BFLOAT16,BFLOAT16,nan,False,DEV_1_DRAM_INTERLEAVED,,,,1363968.0,
5042,0.005614220051980292,,InterleavedToShardedDeviceOperation,0,0.487,1.459,1,,,,,BF16 => BF16,BFLOAT16,BFLOAT16,nan,False,DEV_1_DRAM_INTERLEAVED,,,,1364992.0,
5043,0.005764240320584083,,InterleavedToShardedDeviceOperation,0,0.499,1.499,1,,,,,BF16 => BF16,BFLOAT16,BFLOAT16,nan,False,DEV_1_DRAM_INTERLEAVED,,,,1366016.0,
5044,0.09758529972159988,SLOW,MatmulDeviceOperation 32 x 2048 x 1344,0,33.303,0.522,42,171.81971594150676,33.55853826982554,5.289636609314476,9.110512788860085,HiFi4 BF16 x BF16 => BF16,BFLOAT16,BFLOAT16,BFLOAT16,False,DEV_1_DRAM_INTERLEAVED,2,1,1,1367040.0,"If possible place input 0 in L1 (currently in DEV_1_DRAM_INTERLEAVED) • Output subblock 1x1 is small, try out_subblock_h * out_subblock_w >= 2 if possible • HiFi2 may also work, it discards the lowest bit of the activations and has 2x the throughput of HiFi4"
5045,0.006698981994192312,,SliceDeviceOperation,0,1.68,0.642,24,,,,,BF16 => BF16,BFLOAT16,BFLOAT16,nan,False,DEV_1_DRAM_INTERLEAVED,,,,1368064.0,
5046,0.006629741870221331,,SliceDeviceOperation,0,1.692,0.606,16,,,,,BF16 => BF16,BFLOAT16,BFLOAT16,nan,False,DEV_1_DRAM_INTERLEAVED,,,,1369088.0,
5047,0.006058510847460747,,SliceDeviceOperation,0,1.124,0.976,2,,,,,BF16 => BF16,BFLOAT16,BFLOAT16,nan,False,DEV_1_DRAM_INTERLEAVED,,,,1370112.0,
5048,0.03067048991397867,,LayerNormDeviceOperation,0,9.444,1.187,1,,,,,"BF16, BF16 => BF16",BFLOAT16,BFLOAT16,BFLOAT16,False,DEV_1_DRAM_INTERLEAVED,,,,1371136.0,
5049,0.005596910020987547,,InterleavedToShardedDeviceOperation,0,0.481,1.459,1,,,,,BF16 => BF16,BFLOAT16,BFLOAT16,nan,False,DEV_1_DRAM_INTERLEAVED,,,,1372160.0,
5050,0.009641687262958961,,RotaryEmbeddingLlamaDeviceOperation,0,1.856,1.486,1,,,,,"BF16, BF16 => BF16",BFLOAT16,BFLOAT16,BFLOAT16,False,DEV_1_L1_HEIGHT_SHARDED,,,,1373184.0,
5051,0.005856560485878721,,ShardedToInterleavedDeviceOperation,0,0.525,1.505,1,,,,,BF16 => BF16,BFLOAT16,BFLOAT16,nan,False,DEV_1_L1_HEIGHT_SHARDED,,,,1374208.0,
5052,0.0066701319425377355,,ConcatDeviceOperation,0,1.71,0.602,18,,,,,"BF16, BF16 => BF16",BFLOAT16,BFLOAT16,BFLOAT16,False,DEV_1_DRAM_INTERLEAVED,,,,1375232.0,
5053,0.04350010788476816,,LayerNormDeviceOperation,0,13.602,1.476,1,,,,,"BF16, BF16 => BF16",BFLOAT16,BFLOAT16,BFLOAT16,False,DEV_1_DRAM_INTERLEAVED,,,,1376256.0,
5054,0.064655850763068,DRAM,MatmulDeviceOperation 32 x 768 x 5120,0,21.893,0.518,80,376.4286301557575,73.52121682729639,11.494918010322934,10.393986916162953,HiFi4 BF16 x BF16 => BF16,BFLOAT16,BFLOAT16,BFLOAT16,False,DEV_1_DRAM_INTERLEAVED,2,1,2,1377280.0,Try a DRAM-sharded program config (MatmulMultiCoreReuseMultiCastDRAMShardedProgramConfig) to improve throughput further
5055,0.045548461552242986,,UntilizeCodegenDeviceOperation,0,14.992,0.796,1,,,,,BF16 => BF16,BFLOAT16,BFLOAT16,nan,False,DEV_1_DRAM_INTERLEAVED,,,,1378304.0,
5056,0.02163465373576578,,ReshapeViewDeviceOperation,0,6.983,0.516,110,,,,,BF16 => BF16,BFLOAT16,BFLOAT16,nan,False,DEV_1_DRAM_INTERLEAVED,,,,1379328.0,
5057,0.021527908544643853,,TilizeWithValPaddingDeviceOperation,0,5.95,1.512,1,,,,,BF16 => BF16,BFLOAT16,BFLOAT16,nan,False,DEV_1_DRAM_INTERLEAVED,,,,1380352.0,
5058,0.006488376617113914,,SliceDeviceOperation,0,1.641,0.608,6,,,,,BF16 => BF16,BFLOAT16,BFLOAT16,nan,False,DEV_1_DRAM_INTERLEAVED,,,,1381376.0,
5059,0.006615316844394044,,SliceDeviceOperation,0,1.6,0.693,2,,,,,BF16 => BF16,BFLOAT16,BFLOAT16,nan,False,DEV_1_DRAM_INTERLEAVED,,,,1382400.0,
5060,0.011704465956261073,,TransposeDeviceOperation,0,3.54,0.517,110,,,,,BF16 => BF16,BFLOAT16,BFLOAT16,nan,False,DEV_1_DRAM_INTERLEAVED,,,,1383424.0,
5061,0.15677695070129138,SLOW,MatmulDeviceOperation b={20} x 32 x 192 x 512,0,53.814,0.528,16,89.8145464005649,17.54190359386033,2.338222767309622,10.571391996300013,HiFi4 BF16 x BF16 => BF16,BFLOAT16,BFLOAT16,BFLOAT16,False,DEV_1_DRAM_INTERLEAVED,2,1,1,1384448.0,"If possible place input 0 in L1 (currently in DEV_1_DRAM_INTERLEAVED) • Output subblock 1x1 is small, try out_subblock_h * out_subblock_w >= 2 if possible • HiFi2 may also work, it discards the lowest bit of the activations and has 2x the throughput of HiFi4"
5062,0.011245750134953329,,TransposeDeviceOperation,0,3.376,0.522,110,,,,,BF16 => BF16,BFLOAT16,BFLOAT16,nan,False,DEV_1_DRAM_INTERLEAVED,,,,1385472.0,
5063,0.005123769173852517,,InterleavedToShardedDeviceOperation,0,0.501,1.275,1,,,,,BF16 => BF16,BFLOAT16,BFLOAT16,nan,False,DEV_1_DRAM_INTERLEAVED,,,,1386496.0,
5064,0.009696502361102652,,RotaryEmbeddingLlamaDeviceOperation,0,1.898,1.463,1,,,,,"BF16, BF16 => BF16",BFLOAT16,BFLOAT16,BFLOAT16,False,DEV_1_L1_HEIGHT_SHARDED,,,,1387520.0,
5065,0.005845020465216891,,ShardedToInterleavedDeviceOperation,0,0.521,1.505,1,,,,,BF16 => BF16,BFLOAT16,BFLOAT16,nan,False,DEV_1_L1_HEIGHT_SHARDED,,,,1388544.0,
5066,0.006684556968365025,,ConcatDeviceOperation,0,1.724,0.593,18,,,,,"BF16, BF16 => BF16",BFLOAT16,BFLOAT16,BFLOAT16,False,DEV_1_DRAM_INTERLEAVED,,,,1389568.0,
5067,0.007102882717356361,,InterleavedToShardedDeviceOperation,0,0.961,1.501,1,,,,,BF16 => BF16,BFLOAT16,BFLOAT16,nan,False,DEV_1_DRAM_INTERLEAVED,,,,1390592.0,
5068,0.01705615053818473,,PagedUpdateCacheDeviceOperation,0,4.423,1.489,1,,,,,"BF16, BF16 => BF16",BFLOAT16,BFLOAT16,BFLOAT16,False,DEV_1_DRAM_INTERLEAVED,,,,1391616.0,
5069,0.12462645313743301,,SdpaDecodeDeviceOperation,0,40.534,2.664,110,,,,,"BF16, BF16 => BF16",BFLOAT16,BFLOAT16,BFLOAT16,False,DEV_1_DRAM_INTERLEAVED,,,,1392640.0,
5070,0.012255501942863452,,TransposeDeviceOperation,0,3.736,0.512,110,,,,,BF16 => BF16,BFLOAT16,BFLOAT16,nan,False,DEV_1_DRAM_INTERLEAVED,,,,1393664.0,
5071,0.35274092656499195,SLOW,MatmulDeviceOperation b={20} x 32 x 512 x 256,0,121.728,0.539,8,51.14616193480546,9.989484752891691,1.378254468980021,12.46251509132687,HiFi4 BF16 x BF16 => BF16,BFLOAT16,BFLOAT16,BFLOAT16,False,DEV_1_DRAM_INTERLEAVED,2,1,1,1394688.0,"If possible place input 0 in L1 (currently in DEV_1_DRAM_INTERLEAVED) • Output subblock 1x1 is small, try out_subblock_h * out_subblock_w >= 2 if possible • HiFi2 may also work, it discards the lowest bit of the activations and has 2x the throughput of HiFi4"
5072,0.008559810325912397,,TransposeDeviceOperation,0,2.45,0.517,110,,,,,BF16 => BF16,BFLOAT16,BFLOAT16,nan,False,DEV_1_DRAM_INTERLEAVED,,,,1395712.0,
5073,0.006436446524135679,,InterleavedToShardedDeviceOperation,0,0.739,1.492,1,,,,,BF16 => BF16,BFLOAT16,BFLOAT16,nan,False,DEV_1_DRAM_INTERLEAVED,,,,1396736.0,
5074,0.006081590888784407,,NLPConcatHeadsDecodeDeviceOperation,0,1.579,0.529,20,,,,,BF16 => BF16,BFLOAT16,BFLOAT16,nan,False,DEV_1_L1_HEIGHT_SHARDED,,,,1397760.0,
5075,0.00889158591994001,,ShardedToInterleavedDeviceOperation,0,1.87,1.212,20,,,,,BF16 => BF16,BFLOAT16,BFLOAT16,nan,False,DEV_1_L1_WIDTH_SHARDED,,,,1398784.0,
5076,0.008213609706057496,,SliceDeviceOperation,0,2.268,0.579,110,,,,,BF16 => BF16,BFLOAT16,BFLOAT16,nan,False,DEV_1_DRAM_INTERLEAVED,,,,1399808.0,
5077,0.26617634657543976,SLOW,MatmulDeviceOperation 32 x 5120 x 2048,0,91.763,0.499,64,233.53935682137677,45.613155629175154,7.313281387923237,8.266060596520584,HiFi4 BF16 x BF16 => BF16,BFLOAT16,BFLOAT16,BFLOAT16,False,DEV_1_DRAM_INTERLEAVED,2,1,1,1400832.0,"If possible place input 0 in L1 (currently in DEV_1_DRAM_INTERLEAVED) • Output subblock 1x1 is small, try out_subblock_h * out_subblock_w >= 2 if possible • HiFi2 may also work, it discards the lowest bit of the activations and has 2x the throughput of HiFi4"
5078,0.009289716632773146,,BinaryNgDeviceOperation,0,2.656,0.564,110,,,,,"BF16, BF16 => BF16",BFLOAT16,BFLOAT16,BFLOAT16,False,DEV_1_DRAM_INTERLEAVED,,,,1401856.0,
5079,0.09858351150884817,,LayerNormDeviceOperation,0,33.347,0.824,1,,,,,"BF16, BF16 => BF16",BFLOAT16,BFLOAT16,BFLOAT16,False,DEV_1_DRAM_INTERLEAVED,,,,1402880.0,
5080,0.07582370575855397,SLOW,MatmulDeviceOperation 32 x 2048 x 64,0,25.671,0.611,2,25.84831132406217,5.0484983054808925,0.3267737135288847,11.819072393261166,HiFi4 BF16 x FP32 => FP32,FLOAT32,BFLOAT16,FLOAT32,False,DEV_1_DRAM_INTERLEAVED,2,1,1,1403904.0,"If possible place input 0 in L1 (currently in DEV_1_DRAM_INTERLEAVED) • Output subblock 1x1 is small, try out_subblock_h * out_subblock_w >= 2 if possible • HiFi2 may also work, it discards the lowest bit of the activations and has 2x the throughput of HiFi4"
5081,0.010801459339472875,,UnaryDeviceOperation,0,3.2,0.544,110,,,,,FP32 => FP32,FLOAT32,FLOAT32,nan,False,DEV_1_DRAM_INTERLEAVED,,,,1404928.0,
5082,0.009367611772240497,,BinaryNgDeviceOperation,0,2.737,0.51,110,,,,,"FP32, FP32 => FP32",FLOAT32,FLOAT32,FLOAT32,False,DEV_1_DRAM_INTERLEAVED,,,,1405952.0,
5083,0.016190648988547482,,FillPadDeviceOperation,0,4.999,0.613,2,,,,,FP32 => FP32,FLOAT32,FLOAT32,nan,False,DEV_1_DRAM_INTERLEAVED,,,,1406976.0,
5084,0.010784149308480127,,ReduceDeviceOperation,0,2.264,1.474,1,,,,,FP32 => FP32,FLOAT32,FLOAT32,nan,False,DEV_1_DRAM_INTERLEAVED,,,,1408000.0,
5085,0.01692632530573914,,BinaryNgDeviceOperation,0,5.354,0.513,110,,,,,"FP32, FP32 => FP32",FLOAT32,FLOAT32,FLOAT32,False,DEV_1_DRAM_INTERLEAVED,,,,1409024.0,
5086,0.008017429354806387,,TypecastDeviceOperation,0,2.164,0.615,2,,,,,FP32 => BF16,BFLOAT16,FLOAT32,nan,False,DEV_1_DRAM_INTERLEAVED,,,,1410048.0,
5087,0.01593676853398722,,FillPadDeviceOperation,0,4.903,0.621,2,,,,,BF16 => BF16,BFLOAT16,BFLOAT16,nan,False,DEV_1_DRAM_INTERLEAVED,,,,1411072.0,
5088,0.04409441894885241,,TopKDeviceOperation,0,13.816,1.468,1,,,,,BF16 => BF16,BFLOAT16,BFLOAT16,nan,False,DEV_1_DRAM_INTERLEAVED,,,,1412096.0,
5089,0.006592236803070385,,SliceDeviceOperation,0,0.809,1.476,1,,,,,BF16 => BF16,BFLOAT16,BFLOAT16,nan,False,DEV_1_DRAM_INTERLEAVED,,,,1413120.0,
5090,0.006569156761746725,,SliceDeviceOperation,0,0.812,1.465,1,,,,,UINT16 => UINT16,UINT16,UINT16,nan,False,DEV_1_DRAM_INTERLEAVED,,,,1414144.0,
5091,0.03131384606587569,,FillPadDeviceOperation,0,9.387,1.467,1,,,,,UINT16 => UINT16,UINT16,UINT16,nan,False,DEV_1_DRAM_INTERLEAVED,,,,1415168.0,
5092,0.006906702366105253,,SliceDeviceOperation,0,1.766,0.628,2,,,,,FP32 => FP32,FLOAT32,FLOAT32,nan,False,DEV_1_DRAM_INTERLEAVED,,,,1416192.0,
5093,0.08987656591949744,,GatherDeviceOperation,0,29.647,1.506,1,,,,,"FP32, UINT16 => FP32",FLOAT32,FLOAT32,UINT16,False,DEV_1_DRAM_INTERLEAVED,,,,1417216.0,
5094,0.03480758732124472,,FillPadDeviceOperation,0,10.586,1.479,1,,,,,FP32 => FP32,FLOAT32,FLOAT32,nan,False,DEV_1_DRAM_INTERLEAVED,,,,1418240.0,
5095,0.008975251069738278,,ReduceDeviceOperation,0,1.619,1.492,1,,,,,FP32 => FP32,FLOAT32,FLOAT32,nan,False,DEV_1_DRAM_INTERLEAVED,,,,1419264.0,
5096,0.01403555012995073,,BinaryNgDeviceOperation,0,4.339,0.526,110,,,,,FP32 => FP32,FLOAT32,FLOAT32,nan,False,DEV_1_DRAM_INTERLEAVED,,,,1420288.0,
5097,0.018942943916393933,,BinaryNgDeviceOperation,0,6.056,0.51,110,,,,,"FP32, FP32 => FP32",FLOAT32,FLOAT32,FLOAT32,False,DEV_1_DRAM_INTERLEAVED,,,,1421312.0,
5098,0.007939534215339035,,TypecastDeviceOperation,0,1.304,1.448,1,,,,,FP32 => BF16,BFLOAT16,FLOAT32,nan,False,DEV_1_DRAM_INTERLEAVED,,,,1422336.0,
5099,0.007873179096533515,,PermuteDeviceOperation,0,2.118,0.611,3,,,,,BF16 => BF16,BFLOAT16,BFLOAT16,nan,False,DEV_1_DRAM_INTERLEAVED,,,,1423360.0,
5100,0.02828747564731077,,UnaryDeviceOperation,0,4.828,4.977,109,,,,,BF16 => BF16,BFLOAT16,BFLOAT16,nan,False,DEV_1_DRAM_INTERLEAVED,,,,1425408.0,
5101,0.3468180109603077,,SparseMatmulDeviceOperation active=?/64 x 32 x 2048 x 3072,0,119.238,0.976,31,,,,,HiFi2 BF16 x BFP8 => BF16,BFLOAT16,BFLOAT16,BFLOAT8_B,False,DEV_1_DRAM_INTERLEAVED,8,1,1,1426432.0,Sparse matmul utilization is omitted because the CSV row has nnz=std::nullopt; pass --active-experts K to model K active experts per input batch group
5102,0.009748432454080887,,SliceDeviceOperation,0,2.8,0.579,109,,,,,BF16 => BF16,BFLOAT16,BFLOAT16,nan,False,DEV_1_DRAM_INTERLEAVED,,,,1427456.0,
5103,0.009575332144153438,,SliceDeviceOperation,0,2.839,0.48,109,,,,,BF16 => BF16,BFLOAT16,BFLOAT16,nan,False,DEV_1_DRAM_INTERLEAVED,,,,1428480.0,
5104,0.02046045663342458,,BinaryNgDeviceOperation,0,6.616,0.476,109,,,,,"BF16, BF16 => BF16",BFLOAT16,BFLOAT16,BFLOAT16,False,DEV_1_DRAM_INTERLEAVED,,,,1429504.0,
5105,0.013977850026641581,,BinaryNgDeviceOperation,0,4.32,0.525,109,,,,,"BF16, BF16 => BF16",BFLOAT16,BFLOAT16,BFLOAT16,False,DEV_1_DRAM_INTERLEAVED,,,,1430528.0,
5106,0.011159199979989605,,UnaryDeviceOperation,0,3.341,0.527,109,,,,,BF16 => BF16,BFLOAT16,BFLOAT16,nan,False,DEV_1_DRAM_INTERLEAVED,,,,1431552.0,
5107,0.2091686445059996,,SparseMatmulDeviceOperation active=?/64 x 32 x 1536 x 2048,0,71.98,0.522,31,,,,,HiFi2 BF16 x BFP8 => BF16,BFLOAT16,BFLOAT16,BFLOAT8_B,False,DEV_1_DRAM_INTERLEAVED,8,1,1,1432576.0,Sparse matmul utilization is omitted because the CSV row has nnz=std::nullopt; pass --active-experts K to model K active experts per input batch group
5108,0.01848711310025165,,FillPadDeviceOperation,0,5.847,0.561,109,,,,,BF16 => BF16,BFLOAT16,BFLOAT16,nan,False,DEV_1_DRAM_INTERLEAVED,,,,1433600.0,
5109,0.008981021080069193,,FastReduceNCDeviceOperation,0,2.524,0.589,63,,,,,BF16 => BF16,BFLOAT16,BFLOAT16,nan,False,DEV_1_DRAM_INTERLEAVED,,,,1434624.0,
5110,0.006459526565459339,,SliceDeviceOperation,0,1.657,0.582,63,,,,,BF16 => BF16,BFLOAT16,BFLOAT16,nan,False,DEV_1_DRAM_INTERLEAVED,,,,1435648.0,
5111,0.10021642443249713,SLOW,MatmulDeviceOperation 32 x 2048 x 1536,0,34.225,0.512,47,190.52832724616508,37.212563915266614,5.88244242512783,9.05370004852466,HiFi4 BF16 x BF16 => BF16,BFLOAT16,BFLOAT16,BFLOAT16,False,DEV_1_DRAM_INTERLEAVED,2,1,1,1436672.0,"If possible place input 0 in L1 (currently in DEV_1_DRAM_INTERLEAVED) • Output subblock 1x1 is small, try out_subblock_h * out_subblock_w >= 2 if possible • HiFi2 may also work, it discards the lowest bit of the activations and has 2x the throughput of HiFi4"
5112,0.009806132557390037,,UnaryDeviceOperation,0,2.84,0.559,109,,,,,BF16 => BF16,BFLOAT16,BFLOAT16,nan,False,DEV_1_DRAM_INTERLEAVED,,,,1437696.0,
5113,0.0998529137816495,SLOW,MatmulDeviceOperation 32 x 2048 x 1536,0,33.825,0.786,47,192.78143385070211,37.65262379896526,5.952005676274944,9.160765237568558,HiFi4 BF16 x BF16 => BF16,BFLOAT16,BFLOAT16,BFLOAT16,False,DEV_1_DRAM_INTERLEAVED,2,1,1,1438720.0,"If possible place input 0 in L1 (currently in DEV_1_DRAM_INTERLEAVED) • Output subblock 1x1 is small, try out_subblock_h * out_subblock_w >= 2 if possible • HiFi2 may also work, it discards the lowest bit of the activations and has 2x the throughput of HiFi4"
5114,0.010507188812596211,,BinaryNgDeviceOperation,0,3.087,0.555,109,,,,,"BF16, BF16 => BF16",BFLOAT16,BFLOAT16,BFLOAT16,False,DEV_1_DRAM_INTERLEAVED,,,,1439744.0,
5115,0.08558079322813124,SLOW,MatmulDeviceOperation 32 x 1536 x 2048,0,29.116,0.548,63,223.96043412556668,43.74227229014974,6.91463772496222,7.939536629374977,HiFi4 BF16 x BF16 => BF16,BFLOAT16,BFLOAT16,BFLOAT16,False,DEV_1_DRAM_INTERLEAVED,2,1,1,1440768.0,"If possible place input 0 in L1 (currently in DEV_1_DRAM_INTERLEAVED) • Output subblock 1x1 is small, try out_subblock_h * out_subblock_w >= 2 if possible • HiFi2 may also work, it discards the lowest bit of the activations and has 2x the throughput of HiFi4"
5116,0.008926205981925502,,BinaryNgDeviceOperation,0,2.539,0.555,109,,,,,"BF16, BF16 => BF16",BFLOAT16,BFLOAT16,BFLOAT16,False,DEV_1_DRAM_INTERLEAVED,,,,1441792.0,
5117,0.007910684163684461,,BinaryNgDeviceOperation,0,2.283,0.459,109,,,,,"BF16, BF16 => BF16",BFLOAT16,BFLOAT16,BFLOAT16,False,DEV_1_DRAM_INTERLEAVED,,,,1442816.0,
5118,0.12239634414453439,,UntilizeCodegenDeviceOperation,0,4.615,37.81,109,,,,,BF16 => BF16,BFLOAT16,BFLOAT16,nan,False,DEV_1_DRAM_INTERLEAVED,,,,1357824.0,
5119,0.03366512527572355,,UntilizeCodegenDeviceOperation,0,4.635,7.034,109,,,,,BF16 => BF16,BFLOAT16,BFLOAT16,nan,False,DEV_1_DRAM_INTERLEAVED,,,,1360896.0,
5120,0.12923380638666865,SLOW,MatmulDeviceOperation 32 x 2048 x 1344,0,32.956,11.839,41,173.62883845126834,33.91188251001335,5.3453322005097705,9.430986408419734,HiFi4 BF16 x BF16 => BF16,BFLOAT16,BFLOAT16,BFLOAT16,False,DEV_1_DRAM_INTERLEAVED,2,1,1,1367040.0,"If possible place input 0 in L1 (currently in DEV_1_DRAM_INTERLEAVED) • Output subblock 1x1 is small, try out_subblock_h * out_subblock_w >= 2 if possible • HiFi2 may also work, it discards the lowest bit of the activations and has 2x the throughput of HiFi4"
5121,0.006675901952868652,,SliceDeviceOperation,0,1.684,0.63,23,,,,,BF16 => BF16,BFLOAT16,BFLOAT16,nan,False,DEV_1_DRAM_INTERLEAVED,,,,1368064.0,
5122,0.006644166896048619,,SliceDeviceOperation,0,1.696,0.607,15,,,,,BF16 => BF16,BFLOAT16,BFLOAT16,nan,False,DEV_1_DRAM_INTERLEAVED,,,,1369088.0,
5123,0.005533439907347482,,SliceDeviceOperation,0,0.811,1.107,1,,,,,BF16 => BF16,BFLOAT16,BFLOAT16,nan,False,DEV_1_DRAM_INTERLEAVED,,,,1370112.0,
5124,0.05235418873755723,,ConcatDeviceOperation,0,1.03,17.117,17,,,,,"BF16, BF16 => BF16",BFLOAT16,BFLOAT16,BFLOAT16,False,DEV_1_DRAM_INTERLEAVED,,,,1375232.0,
5125,0.10830020890610903,DRAM,MatmulDeviceOperation 32 x 768 x 5120,0,21.92,15.619,79,375.96496350364964,73.43065693430657,11.480759124087593,10.512591497530979,HiFi4 BF16 x BF16 => BF16,BFLOAT16,BFLOAT16,BFLOAT16,False,DEV_1_DRAM_INTERLEAVED,2,1,2,1377280.0,Try a DRAM-sharded program config (MatmulMultiCoreReuseMultiCastDRAMShardedProgramConfig) to improve throughput further
5126,0.04689575896451163,,ReshapeViewDeviceOperation,0,0.211,16.044,109,,,,,BF16 => BF16,BFLOAT16,BFLOAT16,nan,False,DEV_1_DRAM_INTERLEAVED,,,,1379328.0,
5127,0.043419327740135356,,SliceDeviceOperation,0,0.89,14.16,5,,,,,BF16 => BF16,BFLOAT16,BFLOAT16,nan,False,DEV_1_DRAM_INTERLEAVED,,,,1381376.0,
5128,0.006491261622279372,,SliceDeviceOperation,0,0.822,1.428,1,,,,,BF16 => BF16,BFLOAT16,BFLOAT16,nan,False,DEV_1_DRAM_INTERLEAVED,,,,1382400.0,
5129,0.011756396049239308,,TransposeDeviceOperation,0,3.37,0.705,109,,,,,BF16 => BF16,BFLOAT16,BFLOAT16,nan,False,DEV_1_DRAM_INTERLEAVED,,,,1383424.0,
5130,0.15558544356795742,SLOW,MatmulDeviceOperation b={20} x 32 x 192 x 512,0,53.416,0.513,15,90.48375018720982,17.67260745843942,2.3556447506365132,11.360169515029481,HiFi4 BF16 x BF16 => BF16,BFLOAT16,BFLOAT16,BFLOAT16,False,DEV_1_DRAM_INTERLEAVED,2,1,1,1384448.0,"If possible place input 0 in L1 (currently in DEV_1_DRAM_INTERLEAVED) • Output subblock 1x1 is small, try out_subblock_h * out_subblock_w >= 2 if possible • HiFi2 may also work, it discards the lowest bit of the activations and has 2x the throughput of HiFi4"
5131,0.011519825625671793,,TransposeDeviceOperation,0,3.474,0.519,109,,,,,BF16 => BF16,BFLOAT16,BFLOAT16,nan,False,DEV_1_DRAM_INTERLEAVED,,,,1385472.0,
5132,0.021715433880398594,,ConcatDeviceOperation,0,1.0,6.527,17,,,,,"BF16, BF16 => BF16",BFLOAT16,BFLOAT16,BFLOAT16,False,DEV_1_DRAM_INTERLEAVED,,,,1389568.0,
5133,0.12237614910837616,,SdpaDecodeDeviceOperation,0,31.615,10.803,109,,,,,"BF16, BF16 => BF16",BFLOAT16,BFLOAT16,BFLOAT16,False,DEV_1_DRAM_INTERLEAVED,,,,1392640.0,
5134,0.036051024547556904,,TransposeDeviceOperation,0,3.119,9.377,109,,,,,BF16 => BF16,BFLOAT16,BFLOAT16,nan,False,DEV_1_DRAM_INTERLEAVED,,,,1393664.0,
5135,0.35268899647201374,SLOW,MatmulDeviceOperation b={20} x 32 x 512 x 256,0,121.441,0.808,7,51.267035021121366,10.013092777562766,1.3815116805691652,14.276534397416144,HiFi4 BF16 x BF16 => BF16,BFLOAT16,BFLOAT16,BFLOAT16,False,DEV_1_DRAM_INTERLEAVED,2,1,1,1394688.0,"If possible place input 0 in L1 (currently in DEV_1_DRAM_INTERLEAVED) • Output subblock 1x1 is small, try out_subblock_h * out_subblock_w >= 2 if possible • HiFi2 may also work, it discards the lowest bit of the activations and has 2x the throughput of HiFi4"
5136,0.008202069685395668,,TransposeDeviceOperation,0,2.328,0.515,109,,,,,BF16 => BF16,BFLOAT16,BFLOAT16,nan,False,DEV_1_DRAM_INTERLEAVED,,,,1395712.0,
5137,0.011297680227931565,,NLPConcatHeadsDecodeDeviceOperation,0,1.599,2.317,19,,,,,BF16 => BF16,BFLOAT16,BFLOAT16,nan,False,DEV_1_L1_HEIGHT_SHARDED,,,,1397760.0,
5138,0.008701175579019815,,ShardedToInterleavedDeviceOperation,0,1.784,1.232,19,,,,,BF16 => BF16,BFLOAT16,BFLOAT16,nan,False,DEV_1_L1_WIDTH_SHARDED,,,,1398784.0,
5139,0.008213609706057497,,SliceDeviceOperation,0,2.266,0.581,109,,,,,BF16 => BF16,BFLOAT16,BFLOAT16,nan,False,DEV_1_DRAM_INTERLEAVED,,,,1399808.0,
5140,0.2657407107954556,SLOW,MatmulDeviceOperation 32 x 5120 x 2048,0,91.585,0.526,63,233.99325217011517,45.70180706447562,7.327495113828682,8.413588415165577,HiFi4 BF16 x BF16 => BF16,BFLOAT16,BFLOAT16,BFLOAT16,False,DEV_1_DRAM_INTERLEAVED,2,1,1,1400832.0,"If possible place input 0 in L1 (currently in DEV_1_DRAM_INTERLEAVED) • Output subblock 1x1 is small, try out_subblock_h * out_subblock_w >= 2 if possible • HiFi2 may also work, it discards the lowest bit of the activations and has 2x the throughput of HiFi4"
5141,0.008727140625508932,,BinaryNgDeviceOperation,0,2.469,0.556,109,,,,,"BF16, BF16 => BF16",BFLOAT16,BFLOAT16,BFLOAT16,False,DEV_1_DRAM_INTERLEAVED,,,,1401856.0,
5142,0.1728521994832206,SLOW,MatmulDeviceOperation 32 x 2048 x 64,0,25.388,34.526,1,26.136442413738774,5.104773908933354,0.33041625965022847,23.90163915293898,HiFi4 BF16 x FP32 => FP32,FLOAT32,BFLOAT16,FLOAT32,False,DEV_1_DRAM_INTERLEAVED,2,1,1,1403904.0,"If possible place input 0 in L1 (currently in DEV_1_DRAM_INTERLEAVED) • Output subblock 1x1 is small, try out_subblock_h * out_subblock_w >= 2 if possible • HiFi2 may also work, it discards the lowest bit of the activations and has 2x the throughput of HiFi4"
5143,0.010833194396292907,,UnaryDeviceOperation,0,3.221,0.534,109,,,,,FP32 => FP32,FLOAT32,FLOAT32,nan,False,DEV_1_DRAM_INTERLEAVED,,,,1404928.0,
5144,0.00903006616788197,,BinaryNgDeviceOperation,0,2.593,0.537,109,,,,,"FP32, FP32 => FP32",FLOAT32,FLOAT32,FLOAT32,False,DEV_1_DRAM_INTERLEAVED,,,,1405952.0,
5145,0.013484514143348347,,FillPadDeviceOperation,0,4.047,0.627,1,,,,,FP32 => FP32,FLOAT32,FLOAT32,nan,False,DEV_1_DRAM_INTERLEAVED,,,,1406976.0,
5146,0.024179228291699294,,BinaryNgDeviceOperation,0,4.376,4.005,109,,,,,"FP32, FP32 => FP32",FLOAT32,FLOAT32,FLOAT32,False,DEV_1_DRAM_INTERLEAVED,,,,1409024.0,
5147,0.007238477960132865,,TypecastDeviceOperation,0,1.264,1.245,1,,,,,FP32 => BF16,BFLOAT16,FLOAT32,nan,False,DEV_1_DRAM_INTERLEAVED,,,,1410048.0,
5148,0.01594830855464905,,FillPadDeviceOperation,0,4.01,1.518,1,,,,,BF16 => BF16,BFLOAT16,BFLOAT16,nan,False,DEV_1_DRAM_INTERLEAVED,,,,1411072.0,
5149,0.08970635061473546,,SliceDeviceOperation,0,0.892,30.202,1,,,,,FP32 => FP32,FLOAT32,FLOAT32,nan,False,DEV_1_DRAM_INTERLEAVED,,,,1416192.0,
5150,0.14123542787497184,,BinaryNgDeviceOperation,0,2.586,46.369,109,,,,,FP32 => FP32,FLOAT32,FLOAT32,nan,False,DEV_1_DRAM_INTERLEAVED,,,,1420288.0,
5151,0.006427791508639306,,BinaryNgDeviceOperation,0,0.288,1.94,109,,,,,"FP32, FP32 => FP32",FLOAT32,FLOAT32,FLOAT32,False,DEV_1_DRAM_INTERLEAVED,,,,1421312.0,
5152,0.03099649549767536,,PermuteDeviceOperation,0,2.105,8.639,3,,,,,BF16 => BF16,BFLOAT16,BFLOAT16,nan,False,DEV_1_DRAM_INTERLEAVED,,,,1423360.0,
5153,0.027543144314622743,,UnaryDeviceOperation,0,4.856,4.691,109,,,,,BF16 => BF16,BFLOAT16,BFLOAT16,nan,False,DEV_1_DRAM_INTERLEAVED,,,,1425408.0,
5154,0.3449196775614367,,SparseMatmulDeviceOperation active=?/64 x 32 x 2048 x 3072,0,118.98,0.576,31,,,,,HiFi2 BF16 x BFP8 => BF16,BFLOAT16,BFLOAT16,BFLOAT8_B,False,DEV_1_DRAM_INTERLEAVED,8,1,1,1426432.0,Sparse matmul utilization is omitted because the CSV row has nnz=std::nullopt; pass --active-experts K to model K active experts per input batch group
5155,0.009759972474742718,,SliceDeviceOperation,0,2.807,0.576,109,,,,,BF16 => BF16,BFLOAT16,BFLOAT16,nan,False,DEV_1_DRAM_INTERLEAVED,,,,1427456.0,
5156,0.009644572268124417,,SliceDeviceOperation,0,2.748,0.595,109,,,,,BF16 => BF16,BFLOAT16,BFLOAT16,nan,False,DEV_1_DRAM_INTERLEAVED,,,,1428480.0,
5157,0.020336401411309907,,BinaryNgDeviceOperation,0,6.559,0.49,109,,,,,"BF16, BF16 => BF16",BFLOAT16,BFLOAT16,BFLOAT16,False,DEV_1_DRAM_INTERLEAVED,,,,1429504.0,
5158,0.013824944752872333,,BinaryNgDeviceOperation,0,4.196,0.596,109,,,,,"BF16, BF16 => BF16",BFLOAT16,BFLOAT16,BFLOAT16,False,DEV_1_DRAM_INTERLEAVED,,,,1430528.0,
5159,0.011874681261023062,,UnaryDeviceOperation,0,3.519,0.597,109,,,,,BF16 => BF16,BFLOAT16,BFLOAT16,nan,False,DEV_1_DRAM_INTERLEAVED,,,,1431552.0,
5160,0.2088166738758138,,SparseMatmulDeviceOperation active=?/64 x 32 x 1536 x 2048,0,71.76,0.62,31,,,,,HiFi2 BF16 x BFP8 => BF16,BFLOAT16,BFLOAT16,BFLOAT8_B,False,DEV_1_DRAM_INTERLEAVED,8,1,1,1432576.0,Sparse matmul utilization is omitted because the CSV row has nnz=std::nullopt; pass --active-experts K to model K active experts per input batch group
5161,0.017970697175634757,,FillPadDeviceOperation,0,5.673,0.556,109,,,,,BF16 => BF16,BFLOAT16,BFLOAT16,nan,False,DEV_1_DRAM_INTERLEAVED,,,,1433600.0,
5162,0.00948012697369334,,FastReduceNCDeviceOperation,0,2.699,0.587,63,,,,,BF16 => BF16,BFLOAT16,BFLOAT16,nan,False,DEV_1_DRAM_INTERLEAVED,,,,1434624.0,
5163,0.006462411570624797,,SliceDeviceOperation,0,1.652,0.588,63,,,,,BF16 => BF16,BFLOAT16,BFLOAT16,nan,False,DEV_1_DRAM_INTERLEAVED,,,,1435648.0,
5164,0.10017603436018072,SLOW,MatmulDeviceOperation 32 x 2048 x 1536,0,34.176,0.547,47,190.8014981273408,37.265917602996254,5.8908764044943815,9.066680833355468,HiFi4 BF16 x BF16 => BF16,BFLOAT16,BFLOAT16,BFLOAT16,False,DEV_1_DRAM_INTERLEAVED,2,1,1,1436672.0,"If possible place input 0 in L1 (currently in DEV_1_DRAM_INTERLEAVED) • Output subblock 1x1 is small, try out_subblock_h * out_subblock_w >= 2 if possible • HiFi2 may also work, it discards the lowest bit of the activations and has 2x the throughput of HiFi4"
5165,0.009872487676195559,,UnaryDeviceOperation,0,2.859,0.563,109,,,,,BF16 => BF16,BFLOAT16,BFLOAT16,nan,False,DEV_1_DRAM_INTERLEAVED,,,,1437696.0,
5166,0.09985002877648402,SLOW,MatmulDeviceOperation 32 x 2048 x 1536,0,33.899,0.711,47,192.36060060768753,37.57042980618897,5.939012714239357,9.140767697004527,HiFi4 BF16 x BF16 => BF16,BFLOAT16,BFLOAT16,BFLOAT16,False,DEV_1_DRAM_INTERLEAVED,2,1,1,1438720.0,"If possible place input 0 in L1 (currently in DEV_1_DRAM_INTERLEAVED) • Output subblock 1x1 is small, try out_subblock_h * out_subblock_w >= 2 if possible • HiFi2 may also work, it discards the lowest bit of the activations and has 2x the throughput of HiFi4"
5167,0.01017252821340314,,BinaryNgDeviceOperation,0,2.967,0.559,109,,,,,"BF16, BF16 => BF16",BFLOAT16,BFLOAT16,BFLOAT16,False,DEV_1_DRAM_INTERLEAVED,,,,1439744.0,
5168,0.08522882259794543,SLOW,MatmulDeviceOperation 32 x 1536 x 2048,0,29.001,0.541,63,224.8485224647426,43.91572704389504,6.94205689458984,7.971019913136851,HiFi4 BF16 x BF16 => BF16,BFLOAT16,BFLOAT16,BFLOAT16,False,DEV_1_DRAM_INTERLEAVED,2,1,1,1440768.0,"If possible place input 0 in L1 (currently in DEV_1_DRAM_INTERLEAVED) • Output subblock 1x1 is small, try out_subblock_h * out_subblock_w >= 2 if possible • HiFi2 may also work, it discards the lowest bit of the activations and has 2x the throughput of HiFi4"
5169,0.009263751586284027,,BinaryNgDeviceOperation,0,2.653,0.558,109,,,,,"BF16, BF16 => BF16",BFLOAT16,BFLOAT16,BFLOAT16,False,DEV_1_DRAM_INTERLEAVED,,,,1441792.0,
5170,0.008219379716388414,,BinaryNgDeviceOperation,0,2.33,0.519,109,,,,,"BF16, BF16 => BF16",BFLOAT16,BFLOAT16,BFLOAT16,False,DEV_1_DRAM_INTERLEAVED,,,,1442816.0,
5171,0.121233687062855,,UntilizeCodegenDeviceOperation,0,4.647,37.375,109,,,,,BF16 => BF16,BFLOAT16,BFLOAT16,nan,False,DEV_1_DRAM_INTERLEAVED,,,,1357824.0,
5172,0.033382394769508716,,UntilizeCodegenDeviceOperation,0,4.622,6.949,109,,,,,BF16 => BF16,BFLOAT16,BFLOAT16,nan,False,DEV_1_DRAM_INTERLEAVED,,,,1360896.0,
5173,0.12936651662427967,SLOW,MatmulDeviceOperation 32 x 2048 x 1344,0,33.013,11.828,41,173.3290521915609,33.853330506164234,5.336102989731318,9.414702937505853,HiFi4 BF16 x BF16 => BF16,BFLOAT16,BFLOAT16,BFLOAT16,False,DEV_1_DRAM_INTERLEAVED,2,1,1,1367040.0,"If possible place input 0 in L1 (currently in DEV_1_DRAM_INTERLEAVED) • Output subblock 1x1 is small, try out_subblock_h * out_subblock_w >= 2 if possible • HiFi2 may also work, it discards the lowest bit of the activations and has 2x the throughput of HiFi4"
5174,0.0068201522111415265,,SliceDeviceOperation,0,1.722,0.642,23,,,,,BF16 => BF16,BFLOAT16,BFLOAT16,nan,False,DEV_1_DRAM_INTERLEAVED,,,,1368064.0,
5175,0.006606661828897672,,SliceDeviceOperation,0,1.69,0.6,15,,,,,BF16 => BF16,BFLOAT16,BFLOAT16,nan,False,DEV_1_DRAM_INTERLEAVED,,,,1369088.0,
5176,0.0062460361832154835,,SliceDeviceOperation,0,0.902,1.263,1,,,,,BF16 => BF16,BFLOAT16,BFLOAT16,nan,False,DEV_1_DRAM_INTERLEAVED,,,,1370112.0,
5177,0.05183200280260942,,ConcatDeviceOperation,0,1.039,16.927,17,,,,,"BF16, BF16 => BF16",BFLOAT16,BFLOAT16,BFLOAT16,False,DEV_1_DRAM_INTERLEAVED,,,,1375232.0,
5178,0.10781841304347763,DRAM,MatmulDeviceOperation 32 x 768 x 5120,0,21.768,15.604,79,378.5902241822859,73.94340316060271,11.560926130099226,10.585998053375551,HiFi4 BF16 x BF16 => BF16,BFLOAT16,BFLOAT16,BFLOAT16,False,DEV_1_DRAM_INTERLEAVED,2,1,2,1377280.0,Try a DRAM-sharded program config (MatmulMultiCoreReuseMultiCastDRAMShardedProgramConfig) to improve throughput further
5179,0.04689575896451165,,ReshapeViewDeviceOperation,0,0.21,16.045,109,,,,,BF16 => BF16,BFLOAT16,BFLOAT16,nan,False,DEV_1_DRAM_INTERLEAVED,,,,1379328.0,
5180,0.0435318429415882,,SliceDeviceOperation,0,0.914,14.175,5,,,,,BF16 => BF16,BFLOAT16,BFLOAT16,nan,False,DEV_1_DRAM_INTERLEAVED,,,,1381376.0,
5181,0.006297966276193719,,SliceDeviceOperation,0,0.799,1.384,1,,,,,BF16 => BF16,BFLOAT16,BFLOAT16,nan,False,DEV_1_DRAM_INTERLEAVED,,,,1382400.0,
5182,0.011655420868448294,,TransposeDeviceOperation,0,3.324,0.716,109,,,,,BF16 => BF16,BFLOAT16,BFLOAT16,nan,False,DEV_1_DRAM_INTERLEAVED,,,,1383424.0,
5183,0.1556373736609357,SLOW,MatmulDeviceOperation b={20} x 32 x 192 x 512,0,53.494,0.453,15,90.35181515684002,17.646838897820317,2.3522099674729873,11.343605167211551,HiFi4 BF16 x BF16 => BF16,BFLOAT16,BFLOAT16,BFLOAT16,False,DEV_1_DRAM_INTERLEAVED,2,1,1,1384448.0,"If possible place input 0 in L1 (currently in DEV_1_DRAM_INTERLEAVED) • Output subblock 1x1 is small, try out_subblock_h * out_subblock_w >= 2 if possible • HiFi2 may also work, it discards the lowest bit of the activations and has 2x the throughput of HiFi4"
5184,0.011713120971757446,,TransposeDeviceOperation,0,3.531,0.529,109,,,,,BF16 => BF16,BFLOAT16,BFLOAT16,nan,False,DEV_1_DRAM_INTERLEAVED,,,,1385472.0,
5185,0.021663503787420355,,ConcatDeviceOperation,0,1.023,6.486,17,,,,,"BF16, BF16 => BF16",BFLOAT16,BFLOAT16,BFLOAT16,False,DEV_1_DRAM_INTERLEAVED,,,,1389568.0,
5186,0.12239345913936892,,SdpaDecodeDeviceOperation,0,31.63,10.794,109,,,,,"BF16, BF16 => BF16",BFLOAT16,BFLOAT16,BFLOAT16,False,DEV_1_DRAM_INTERLEAVED,,,,1392640.0,
5187,0.0357654090361766,,TransposeDeviceOperation,0,3.034,9.363,109,,,,,BF16 => BF16,BFLOAT16,BFLOAT16,nan,False,DEV_1_DRAM_INTERLEAVED,,,,1393664.0,
5188,0.35245531105361166,SLOW,MatmulDeviceOperation b={20} x 32 x 512 x 256,0,121.239,0.929,7,51.35245259363736,10.029775897194797,1.3838134593653855,14.300320967317559,HiFi4 BF16 x BF16 => BF16,BFLOAT16,BFLOAT16,BFLOAT16,False,DEV_1_DRAM_INTERLEAVED,2,1,1,1394688.0,"If possible place input 0 in L1 (currently in DEV_1_DRAM_INTERLEAVED) • Output subblock 1x1 is small, try out_subblock_h * out_subblock_w >= 2 if possible • HiFi2 may also work, it discards the lowest bit of the activations and has 2x the throughput of HiFi4"
5189,0.008329009912675798,,TransposeDeviceOperation,0,2.377,0.51,109,,,,,BF16 => BF16,BFLOAT16,BFLOAT16,nan,False,DEV_1_DRAM_INTERLEAVED,,,,1395712.0,
5190,0.010737989225832809,,NLPConcatHeadsDecodeDeviceOperation,0,1.547,2.175,19,,,,,BF16 => BF16,BFLOAT16,BFLOAT16,nan,False,DEV_1_L1_HEIGHT_SHARDED,,,,1397760.0,
5191,0.0086752105325307,,ShardedToInterleavedDeviceOperation,0,1.743,1.264,19,,,,,BF16 => BF16,BFLOAT16,BFLOAT16,nan,False,DEV_1_L1_WIDTH_SHARDED,,,,1398784.0,
5192,0.008320354897179427,,SliceDeviceOperation,0,2.293,0.591,109,,,,,BF16 => BF16,BFLOAT16,BFLOAT16,nan,False,DEV_1_DRAM_INTERLEAVED,,,,1399808.0,
5193,0.26574936581095204,SLOW,MatmulDeviceOperation 32 x 5120 x 2048,0,91.589,0.525,63,233.98303289696358,45.6998111126882,7.327175097446199,8.413220965431869,HiFi4 BF16 x BF16 => BF16,BFLOAT16,BFLOAT16,BFLOAT16,False,DEV_1_DRAM_INTERLEAVED,2,1,1,1400832.0,"If possible place input 0 in L1 (currently in DEV_1_DRAM_INTERLEAVED) • Output subblock 1x1 is small, try out_subblock_h * out_subblock_w >= 2 if possible • HiFi2 may also work, it discards the lowest bit of the activations and has 2x the throughput of HiFi4"
5194,0.008706945589350732,,BinaryNgDeviceOperation,0,2.462,0.556,109,,,,,"BF16, BF16 => BF16",BFLOAT16,BFLOAT16,BFLOAT16,False,DEV_1_DRAM_INTERLEAVED,,,,1401856.0,
5195,0.17303106980347893,SLOW,MatmulDeviceOperation 32 x 2048 x 64,0,25.321,34.655,1,26.205600094782987,5.118281268512302,0.33129054934639235,23.964883488598982,HiFi4 BF16 x FP32 => FP32,FLOAT32,BFLOAT16,FLOAT32,False,DEV_1_DRAM_INTERLEAVED,2,1,1,1403904.0,"If possible place input 0 in L1 (currently in DEV_1_DRAM_INTERLEAVED) • Output subblock 1x1 is small, try out_subblock_h * out_subblock_w >= 2 if possible • HiFi2 may also work, it discards the lowest bit of the activations and has 2x the throughput of HiFi4"
5196,0.010766839277487386,,UnaryDeviceOperation,0,3.196,0.536,109,,,,,FP32 => FP32,FLOAT32,FLOAT32,nan,False,DEV_1_DRAM_INTERLEAVED,,,,1404928.0,
5197,0.009058916219536544,,BinaryNgDeviceOperation,0,2.606,0.534,109,,,,,"FP32, FP32 => FP32",FLOAT32,FLOAT32,FLOAT32,False,DEV_1_DRAM_INTERLEAVED,,,,1405952.0,
5198,0.013571064298312072,,FillPadDeviceOperation,0,4.077,0.627,1,,,,,FP32 => FP32,FLOAT32,FLOAT32,nan,False,DEV_1_DRAM_INTERLEAVED,,,,1406976.0,
5199,0.02389938279064992,,BinaryNgDeviceOperation,0,4.29,3.994,109,,,,,"FP32, FP32 => FP32",FLOAT32,FLOAT32,FLOAT32,False,DEV_1_DRAM_INTERLEAVED,,,,1409024.0,
5200,0.007521208466347699,,TypecastDeviceOperation,0,1.267,1.34,1,,,,,FP32 => BF16,BFLOAT16,FLOAT32,nan,False,DEV_1_DRAM_INTERLEAVED,,,,1410048.0,
5201,0.015962733580476337,,FillPadDeviceOperation,0,4.024,1.509,1,,,,,BF16 => BF16,BFLOAT16,BFLOAT16,nan,False,DEV_1_DRAM_INTERLEAVED,,,,1411072.0,
5202,0.08964576550626085,,SliceDeviceOperation,0,0.907,30.166,1,,,,,FP32 => FP32,FLOAT32,FLOAT32,nan,False,DEV_1_DRAM_INTERLEAVED,,,,1416192.0,
5203,0.14123254286980638,,BinaryNgDeviceOperation,0,2.587,46.367,109,,,,,FP32 => FP32,FLOAT32,FLOAT32,nan,False,DEV_1_DRAM_INTERLEAVED,,,,1420288.0,
5204,0.006471066586121169,,BinaryNgDeviceOperation,0,0.283,1.96,109,,,,,"FP32, FP32 => FP32",FLOAT32,FLOAT32,FLOAT32,False,DEV_1_DRAM_INTERLEAVED,,,,1421312.0,
5205,0.030970530451186248,,PermuteDeviceOperation,0,2.109,8.626,3,,,,,BF16 => BF16,BFLOAT16,BFLOAT16,nan,False,DEV_1_DRAM_INTERLEAVED,,,,1423360.0,
5206,0.027416204087342605,,UnaryDeviceOperation,0,4.798,4.705,109,,,,,BF16 => BF16,BFLOAT16,BFLOAT16,nan,False,DEV_1_DRAM_INTERLEAVED,,,,1425408.0,
5207,0.34713824653367353,,SparseMatmulDeviceOperation active=?/64 x 32 x 2048 x 3072,0,119.138,1.187,31,,,,,HiFi2 BF16 x BFP8 => BF16,BFLOAT16,BFLOAT16,BFLOAT8_B,False,DEV_1_DRAM_INTERLEAVED,8,1,1,1426432.0,Sparse matmul utilization is omitted because the CSV row has nnz=std::nullopt; pass --active-experts K to model K active experts per input batch group
5208,0.009439736901376936,,SliceDeviceOperation,0,2.73,0.542,109,,,,,BF16 => BF16,BFLOAT16,BFLOAT16,nan,False,DEV_1_DRAM_INTERLEAVED,,,,1427456.0,
5209,0.009439736901376936,,SliceDeviceOperation,0,2.801,0.471,109,,,,,BF16 => BF16,BFLOAT16,BFLOAT16,nan,False,DEV_1_DRAM_INTERLEAVED,,,,1428480.0,
5210,0.020555661803884677,,BinaryNgDeviceOperation,0,6.544,0.581,109,,,,,"BF16, BF16 => BF16",BFLOAT16,BFLOAT16,BFLOAT16,False,DEV_1_DRAM_INTERLEAVED,,,,1429504.0,
5211,0.013637419417117597,,BinaryNgDeviceOperation,0,4.203,0.524,109,,,,,"BF16, BF16 => BF16",BFLOAT16,BFLOAT16,BFLOAT16,False,DEV_1_DRAM_INTERLEAVED,,,,1430528.0,
5212,0.011531365646333622,,UnaryDeviceOperation,0,3.429,0.568,109,,,,,BF16 => BF16,BFLOAT16,BFLOAT16,nan,False,DEV_1_DRAM_INTERLEAVED,,,,1431552.0,
5213,0.21278355597831783,,SparseMatmulDeviceOperation active=?/64 x 32 x 1536 x 2048,0,73.194,0.561,31,,,,,HiFi2 BF16 x BFP8 => BF16,BFLOAT16,BFLOAT16,BFLOAT8_B,False,DEV_1_DRAM_INTERLEAVED,8,1,1,1432576.0,Sparse matmul utilization is omitted because the CSV row has nnz=std::nullopt; pass --active-experts K to model K active experts per input batch group
5214,0.01778605684504548,,FillPadDeviceOperation,0,5.604,0.561,109,,,,,BF16 => BF16,BFLOAT16,BFLOAT16,nan,False,DEV_1_DRAM_INTERLEAVED,,,,1433600.0,
5215,0.009373381782571412,,FastReduceNCDeviceOperation,0,2.609,0.64,63,,,,,BF16 => BF16,BFLOAT16,BFLOAT16,nan,False,DEV_1_DRAM_INTERLEAVED,,,,1434624.0,
5216,0.006649936906379534,,SliceDeviceOperation,0,1.713,0.592,63,,,,,BF16 => BF16,BFLOAT16,BFLOAT16,nan,False,DEV_1_DRAM_INTERLEAVED,,,,1435648.0,
5217,0.09997985400892961,SLOW,MatmulDeviceOperation 32 x 2048 x 1536,0,34.107,0.548,47,191.18749816753154,37.34130823584601,5.902793913272935,9.085023137794485,HiFi4 BF16 x BF16 => BF16,BFLOAT16,BFLOAT16,BFLOAT16,False,DEV_1_DRAM_INTERLEAVED,2,1,1,1436672.0,"If possible place input 0 in L1 (currently in DEV_1_DRAM_INTERLEAVED) • Output subblock 1x1 is small, try out_subblock_h * out_subblock_w >= 2 if possible • HiFi2 may also work, it discards the lowest bit of the activations and has 2x the throughput of HiFi4"
5218,0.009759972474742718,,UnaryDeviceOperation,0,2.825,0.558,109,,,,,BF16 => BF16,BFLOAT16,BFLOAT16,nan,False,DEV_1_DRAM_INTERLEAVED,,,,1437696.0,
5219,0.09984137376098765,SLOW,MatmulDeviceOperation 32 x 2048 x 1536,0,33.782,0.825,47,193.02681901604404,37.7005505890711,5.959581789118465,9.172425675234045,HiFi4 BF16 x BF16 => BF16,BFLOAT16,BFLOAT16,BFLOAT16,False,DEV_1_DRAM_INTERLEAVED,2,1,1,1438720.0,"If possible place input 0 in L1 (currently in DEV_1_DRAM_INTERLEAVED) • Output subblock 1x1 is small, try out_subblock_h * out_subblock_w >= 2 if possible • HiFi2 may also work, it discards the lowest bit of the activations and has 2x the throughput of HiFi4"
5220,0.010515843828092581,,BinaryNgDeviceOperation,0,3.076,0.569,109,,,,,"BF16, BF16 => BF16",BFLOAT16,BFLOAT16,BFLOAT16,False,DEV_1_DRAM_INTERLEAVED,,,,1439744.0,
5221,0.08548270305250567,SLOW,MatmulDeviceOperation 32 x 1536 x 2048,0,29.081,0.549,63,224.2299783363708,43.79491764382242,6.922959733159107,7.949092139227737,HiFi4 BF16 x BF16 => BF16,BFLOAT16,BFLOAT16,BFLOAT16,False,DEV_1_DRAM_INTERLEAVED,2,1,1,1440768.0,"If possible place input 0 in L1 (currently in DEV_1_DRAM_INTERLEAVED) • Output subblock 1x1 is small, try out_subblock_h * out_subblock_w >= 2 if possible • HiFi2 may also work, it discards the lowest bit of the activations and has 2x the throughput of HiFi4"
5222,0.008447295124459558,,BinaryNgDeviceOperation,0,2.369,0.559,109,,,,,"BF16, BF16 => BF16",BFLOAT16,BFLOAT16,BFLOAT16,False,DEV_1_DRAM_INTERLEAVED,,,,1441792.0,
5223,0.008219379716388414,,BinaryNgDeviceOperation,0,2.301,0.548,109,,,,,"BF16, BF16 => BF16",BFLOAT16,BFLOAT16,BFLOAT16,False,DEV_1_DRAM_INTERLEAVED,,,,1442816.0,
5224,0.12133754724881146,,UntilizeCodegenDeviceOperation,0,4.756,37.302,109,,,,,BF16 => BF16,BFLOAT16,BFLOAT16,nan,False,DEV_1_DRAM_INTERLEAVED,,,,1357824.0,
5225,0.033474714934803355,,UntilizeCodegenDeviceOperation,0,4.712,6.891,109,,,,,BF16 => BF16,BFLOAT16,BFLOAT16,nan,False,DEV_1_DRAM_INTERLEAVED,,,,1360896.0,
5226,0.1294732618154016,SLOW,MatmulDeviceOperation 32 x 2048 x 1344,0,32.967,11.911,41,173.5709042375709,33.90056723390057,5.343548639548638,9.427839599474648,HiFi4 BF16 x BF16 => BF16,BFLOAT16,BFLOAT16,BFLOAT16,False,DEV_1_DRAM_INTERLEAVED,2,1,1,1367040.0,"If possible place input 0 in L1 (currently in DEV_1_DRAM_INTERLEAVED) • Output subblock 1x1 is small, try out_subblock_h * out_subblock_w >= 2 if possible • HiFi2 may also work, it discards the lowest bit of the activations and has 2x the throughput of HiFi4"
5227,0.006739372066508717,,SliceDeviceOperation,0,1.701,0.635,23,,,,,BF16 => BF16,BFLOAT16,BFLOAT16,nan,False,DEV_1_DRAM_INTERLEAVED,,,,1368064.0,
5228,0.0066095468340631285,,SliceDeviceOperation,0,1.681,0.61,15,,,,,BF16 => BF16,BFLOAT16,BFLOAT16,nan,False,DEV_1_DRAM_INTERLEAVED,,,,1369088.0,
5229,0.006335471343344666,,SliceDeviceOperation,0,0.909,1.287,1,,,,,BF16 => BF16,BFLOAT16,BFLOAT16,nan,False,DEV_1_DRAM_INTERLEAVED,,,,1370112.0,
5230,0.05203106815902599,,ConcatDeviceOperation,0,1.047,16.988,17,,,,,"BF16, BF16 => BF16",BFLOAT16,BFLOAT16,BFLOAT16,False,DEV_1_DRAM_INTERLEAVED,,,,1375232.0,
5231,0.10766839277487385,DRAM,MatmulDeviceOperation 32 x 768 x 5120,0,21.81,15.51,79,377.86116460339287,73.80100871160018,11.538662998624483,10.565612362488721,HiFi4 BF16 x BF16 => BF16,BFLOAT16,BFLOAT16,BFLOAT16,False,DEV_1_DRAM_INTERLEAVED,2,1,2,1377280.0,Try a DRAM-sharded program config (MatmulMultiCoreReuseMultiCastDRAMShardedProgramConfig) to improve throughput further
5232,0.046921724011000754,,ReshapeViewDeviceOperation,0,0.213,16.051,109,,,,,BF16 => BF16,BFLOAT16,BFLOAT16,nan,False,DEV_1_DRAM_INTERLEAVED,,,,1379328.0,
5233,0.04362127810171738,,SliceDeviceOperation,0,0.912,14.208,5,,,,,BF16 => BF16,BFLOAT16,BFLOAT16,nan,False,DEV_1_DRAM_INTERLEAVED,,,,1381376.0,
5234,0.006445101539632052,,SliceDeviceOperation,0,0.807,1.427,1,,,,,BF16 => BF16,BFLOAT16,BFLOAT16,nan,False,DEV_1_DRAM_INTERLEAVED,,,,1382400.0,
5235,0.011692925935599242,,TransposeDeviceOperation,0,3.384,0.669,109,,,,,BF16 => BF16,BFLOAT16,BFLOAT16,nan,False,DEV_1_DRAM_INTERLEAVED,,,,1383424.0,
5236,0.15548158338200097,SLOW,MatmulDeviceOperation b={20} x 32 x 192 x 512,0,53.444,0.449,15,90.43634458498614,17.663348551755107,2.3544105980091308,11.3542177758928,HiFi4 BF16 x BF16 => BF16,BFLOAT16,BFLOAT16,BFLOAT16,False,DEV_1_DRAM_INTERLEAVED,2,1,1,1384448.0,"If possible place input 0 in L1 (currently in DEV_1_DRAM_INTERLEAVED) • Output subblock 1x1 is small, try out_subblock_h * out_subblock_w >= 2 if possible • HiFi2 may also work, it discards the lowest bit of the activations and has 2x the throughput of HiFi4"
5237,0.011170740000651434,,TransposeDeviceOperation,0,3.348,0.524,109,,,,,BF16 => BF16,BFLOAT16,BFLOAT16,nan,False,DEV_1_DRAM_INTERLEAVED,,,,1385472.0,
5238,0.021654848771923984,,ConcatDeviceOperation,0,1.013,6.493,17,,,,,"BF16, BF16 => BF16",BFLOAT16,BFLOAT16,BFLOAT16,False,DEV_1_DRAM_INTERLEAVED,,,,1389568.0,
5239,0.12251751436148357,,SdpaDecodeDeviceOperation,0,31.62,10.847,109,,,,,"BF16, BF16 => BF16",BFLOAT16,BFLOAT16,BFLOAT16,False,DEV_1_DRAM_INTERLEAVED,,,,1392640.0,
5240,0.035704823927702,,TransposeDeviceOperation,0,3.016,9.36,109,,,,,BF16 => BF16,BFLOAT16,BFLOAT16,nan,False,DEV_1_DRAM_INTERLEAVED,,,,1393664.0,
5241,0.35429594434917355,SLOW,MatmulDeviceOperation b={20} x 32 x 512 x 256,0,121.853,0.953,7,51.09369486184172,9.979237277703461,1.3768406194348928,14.22826367636918,HiFi4 BF16 x BF16 => BF16,BFLOAT16,BFLOAT16,BFLOAT16,False,DEV_1_DRAM_INTERLEAVED,2,1,1,1394688.0,"If possible place input 0 in L1 (currently in DEV_1_DRAM_INTERLEAVED) • Output subblock 1x1 is small, try out_subblock_h * out_subblock_w >= 2 if possible • HiFi2 may also work, it discards the lowest bit of the activations and has 2x the throughput of HiFi4"
5242,0.008075129458115539,,TransposeDeviceOperation,0,2.284,0.515,109,,,,,BF16 => BF16,BFLOAT16,BFLOAT16,nan,False,DEV_1_DRAM_INTERLEAVED,,,,1395712.0,
5243,0.011228440103960582,,NLPConcatHeadsDecodeDeviceOperation,0,1.584,2.308,19,,,,,BF16 => BF16,BFLOAT16,BFLOAT16,nan,False,DEV_1_L1_HEIGHT_SHARDED,,,,1397760.0,
5244,0.00840690505214315,,ShardedToInterleavedDeviceOperation,0,1.699,1.215,19,,,,,BF16 => BF16,BFLOAT16,BFLOAT16,nan,False,DEV_1_L1_WIDTH_SHARDED,,,,1398784.0,
5245,0.008346319943668544,,SliceDeviceOperation,0,2.301,0.592,109,,,,,BF16 => BF16,BFLOAT16,BFLOAT16,nan,False,DEV_1_DRAM_INTERLEAVED,,,,1399808.0,
5246,0.2666754524690639,SLOW,MatmulDeviceOperation 32 x 5120 x 2048,0,91.943,0.492,63,233.0821487225781,45.523857172378534,7.298963923300304,8.380828284947624,HiFi4 BF16 x BF16 => BF16,BFLOAT16,BFLOAT16,BFLOAT16,False,DEV_1_DRAM_INTERLEAVED,2,1,1,1400832.0,"If possible place input 0 in L1 (currently in DEV_1_DRAM_INTERLEAVED) • Output subblock 1x1 is small, try out_subblock_h * out_subblock_w >= 2 if possible • HiFi2 may also work, it discards the lowest bit of the activations and has 2x the throughput of HiFi4"
5247,0.008467490160617758,,BinaryNgDeviceOperation,0,2.379,0.556,109,,,,,"BF16, BF16 => BF16",BFLOAT16,BFLOAT16,BFLOAT16,False,DEV_1_DRAM_INTERLEAVED,,,,1401856.0,
5248,0.17232424353794185,SLOW,MatmulDeviceOperation 32 x 2048 x 64,0,25.344,34.387,1,26.18181818181818,5.113636363636363,0.330989898989899,23.943135054246163,HiFi4 BF16 x FP32 => FP32,FLOAT32,BFLOAT16,FLOAT32,False,DEV_1_DRAM_INTERLEAVED,2,1,1,1403904.0,"If possible place input 0 in L1 (currently in DEV_1_DRAM_INTERLEAVED) • Output subblock 1x1 is small, try out_subblock_h * out_subblock_w >= 2 if possible • HiFi2 may also work, it discards the lowest bit of the activations and has 2x the throughput of HiFi4"
5249,0.01074664424132918,,UnaryDeviceOperation,0,3.191,0.534,109,,,,,FP32 => FP32,FLOAT32,FLOAT32,nan,False,DEV_1_DRAM_INTERLEAVED,,,,1404928.0,
5250,0.00905314620920563,,BinaryNgDeviceOperation,0,2.609,0.529,109,,,,,"FP32, FP32 => FP32",FLOAT32,FLOAT32,FLOAT32,False,DEV_1_DRAM_INTERLEAVED,,,,1405952.0,
5251,0.013519134205333837,,FillPadDeviceOperation,0,4.056,0.63,1,,,,,FP32 => FP32,FLOAT32,FLOAT32,nan,False,DEV_1_DRAM_INTERLEAVED,,,,1406976.0,
5252,0.024245583410504815,,BinaryNgDeviceOperation,0,4.278,4.126,109,,,,,"FP32, FP32 => FP32",FLOAT32,FLOAT32,FLOAT32,False,DEV_1_DRAM_INTERLEAVED,,,,1409024.0,
5253,0.007573138559325933,,TypecastDeviceOperation,0,1.262,1.363,1,,,,,FP32 => BF16,BFLOAT16,FLOAT32,nan,False,DEV_1_DRAM_INTERLEAVED,,,,1410048.0,
5254,0.015933883528821764,,FillPadDeviceOperation,0,3.996,1.527,1,,,,,BF16 => BF16,BFLOAT16,BFLOAT16,nan,False,DEV_1_DRAM_INTERLEAVED,,,,1411072.0,
5255,0.08994292103830298,,SliceDeviceOperation,0,0.893,30.283,1,,,,,FP32 => FP32,FLOAT32,FLOAT32,nan,False,DEV_1_DRAM_INTERLEAVED,,,,1416192.0,
5256,0.14143449323138843,,BinaryNgDeviceOperation,0,2.582,46.442,109,,,,,FP32 => FP32,FLOAT32,FLOAT32,nan,False,DEV_1_DRAM_INTERLEAVED,,,,1420288.0,
5257,0.006436446524135679,,BinaryNgDeviceOperation,0,0.284,1.947,109,,,,,"FP32, FP32 => FP32",FLOAT32,FLOAT32,FLOAT32,False,DEV_1_DRAM_INTERLEAVED,,,,1421312.0,
5258,0.030731075022453272,,PermuteDeviceOperation,0,2.112,8.54,3,,,,,BF16 => BF16,BFLOAT16,BFLOAT16,nan,False,DEV_1_DRAM_INTERLEAVED,,,,1423360.0,
5259,0.027574879371442772,,UnaryDeviceOperation,0,4.882,4.676,109,,,,,BF16 => BF16,BFLOAT16,BFLOAT16,nan,False,DEV_1_DRAM_INTERLEAVED,,,,1425408.0,
5260,0.3444869267866181,,SparseMatmulDeviceOperation active=?/64 x 32 x 2048 x 3072,0,118.81,0.596,31,,,,,HiFi2 BF16 x BFP8 => BF16,BFLOAT16,BFLOAT16,BFLOAT8_B,False,DEV_1_DRAM_INTERLEAVED,8,1,1,1426432.0,Sparse matmul utilization is omitted because the CSV row has nnz=std::nullopt; pass --active-experts K to model K active experts per input batch group
5261,0.009679192330109908,,SliceDeviceOperation,0,2.741,0.614,109,,,,,BF16 => BF16,BFLOAT16,BFLOAT16,nan,False,DEV_1_DRAM_INTERLEAVED,,,,1427456.0,
5262,0.0093878068083987,,SliceDeviceOperation,0,2.728,0.526,109,,,,,BF16 => BF16,BFLOAT16,BFLOAT16,nan,False,DEV_1_DRAM_INTERLEAVED,,,,1428480.0,
5263,0.02042295156627363,,BinaryNgDeviceOperation,0,6.51,0.569,109,,,,,"BF16, BF16 => BF16",BFLOAT16,BFLOAT16,BFLOAT16,False,DEV_1_DRAM_INTERLEAVED,,,,1429504.0,
5264,0.013974965021476124,,BinaryNgDeviceOperation,0,4.315,0.529,109,,,,,"BF16, BF16 => BF16",BFLOAT16,BFLOAT16,BFLOAT16,False,DEV_1_DRAM_INTERLEAVED,,,,1430528.0,
5265,0.011617915801297347,,UnaryDeviceOperation,0,3.451,0.576,109,,,,,BF16 => BF16,BFLOAT16,BFLOAT16,nan,False,DEV_1_DRAM_INTERLEAVED,,,,1431552.0,
5266,0.21115641306499977,,SparseMatmulDeviceOperation active=?/64 x 32 x 1536 x 2048,0,72.635,0.556,31,,,,,HiFi2 BF16 x BFP8 => BF16,BFLOAT16,BFLOAT16,BFLOAT8_B,False,DEV_1_DRAM_INTERLEAVED,8,1,1,1432576.0,Sparse matmul utilization is omitted because the CSV row has nnz=std::nullopt; pass --active-experts K to model K active experts per input batch group
5267,0.017719701726239958,,FillPadDeviceOperation,0,5.626,0.516,109,,,,,BF16 => BF16,BFLOAT16,BFLOAT16,nan,False,DEV_1_DRAM_INTERLEAVED,,,,1433600.0,
5268,0.009304141658600431,,FastReduceNCDeviceOperation,0,2.634,0.591,63,,,,,BF16 => BF16,BFLOAT16,BFLOAT16,nan,False,DEV_1_DRAM_INTERLEAVED,,,,1434624.0,
5269,0.006577811777243097,,SliceDeviceOperation,0,1.687,0.593,63,,,,,BF16 => BF16,BFLOAT16,BFLOAT16,nan,False,DEV_1_DRAM_INTERLEAVED,,,,1435648.0,
5270,0.09993080892111683,SLOW,MatmulDeviceOperation 32 x 2048 x 1536,0,34.079,0.559,47,191.3445817072097,37.37198861468939,5.9076437688899315,9.092487577709337,HiFi4 BF16 x BF16 => BF16,BFLOAT16,BFLOAT16,BFLOAT16,False,DEV_1_DRAM_INTERLEAVED,2,1,1,1436672.0,"If possible place input 0 in L1 (currently in DEV_1_DRAM_INTERLEAVED) • Output subblock 1x1 is small, try out_subblock_h * out_subblock_w >= 2 if possible • HiFi2 may also work, it discards the lowest bit of the activations and has 2x the throughput of HiFi4"
5271,0.01012636813075582,,UnaryDeviceOperation,0,2.948,0.562,109,,,,,BF16 => BF16,BFLOAT16,BFLOAT16,nan,False,DEV_1_DRAM_INTERLEAVED,,,,1437696.0,
5272,0.0998038686938367,SLOW,MatmulDeviceOperation 32 x 2048 x 1536,0,33.875,0.719,47,192.49688560885608,37.5970479704797,5.94322042804428,9.14724381286366,HiFi4 BF16 x BF16 => BF16,BFLOAT16,BFLOAT16,BFLOAT16,False,DEV_1_DRAM_INTERLEAVED,2,1,1,1438720.0,"If possible place input 0 in L1 (currently in DEV_1_DRAM_INTERLEAVED) • Output subblock 1x1 is small, try out_subblock_h * out_subblock_w >= 2 if possible • HiFi2 may also work, it discards the lowest bit of the activations and has 2x the throughput of HiFi4"
5273,0.010435063683459773,,BinaryNgDeviceOperation,0,3.079,0.538,109,,,,,"BF16, BF16 => BF16",BFLOAT16,BFLOAT16,BFLOAT16,False,DEV_1_DRAM_INTERLEAVED,,,,1439744.0,
5274,0.08579139860520962,SLOW,MatmulDeviceOperation 32 x 1536 x 2048,0,29.11,0.627,63,224.0065956715905,43.75128821710752,6.916062933699759,7.941173084880861,HiFi4 BF16 x BF16 => BF16,BFLOAT16,BFLOAT16,BFLOAT16,False,DEV_1_DRAM_INTERLEAVED,2,1,1,1440768.0,"If possible place input 0 in L1 (currently in DEV_1_DRAM_INTERLEAVED) • Output subblock 1x1 is small, try out_subblock_h * out_subblock_w >= 2 if possible • HiFi2 may also work, it discards the lowest bit of the activations and has 2x the throughput of HiFi4"
5275,0.00861462542405609,,BinaryNgDeviceOperation,0,2.421,0.565,109,,,,,"BF16, BF16 => BF16",BFLOAT16,BFLOAT16,BFLOAT16,False,DEV_1_DRAM_INTERLEAVED,,,,1441792.0,
5276,0.008331894917841256,,BinaryNgDeviceOperation,0,2.373,0.515,109,,,,,"BF16, BF16 => BF16",BFLOAT16,BFLOAT16,BFLOAT16,False,DEV_1_DRAM_INTERLEAVED,,,,1442816.0,
5277,0.12258386948028911,,UntilizeCodegenDeviceOperation,0,4.667,37.823,109,,,,,BF16 => BF16,BFLOAT16,BFLOAT16,nan,False,DEV_1_DRAM_INTERLEAVED,,,,1357824.0,
5278,0.0337632154513491,,UntilizeCodegenDeviceOperation,0,4.683,7.02,109,,,,,BF16 => BF16,BFLOAT16,BFLOAT16,nan,False,DEV_1_DRAM_INTERLEAVED,,,,1360896.0,
5279,0.12927131145381962,SLOW,MatmulDeviceOperation 32 x 2048 x 1344,0,33.09,11.718,41,172.9257177394983,33.774554245995766,5.323685947416138,9.392795046113047,HiFi4 BF16 x BF16 => BF16,BFLOAT16,BFLOAT16,BFLOAT16,False,DEV_1_DRAM_INTERLEAVED,2,1,1,1367040.0,"If possible place input 0 in L1 (currently in DEV_1_DRAM_INTERLEAVED) • Output subblock 1x1 is small, try out_subblock_h * out_subblock_w >= 2 if possible • HiFi2 may also work, it discards the lowest bit of the activations and has 2x the throughput of HiFi4"
5280,0.006719177030350514,,SliceDeviceOperation,0,1.693,0.636,23,,,,,BF16 => BF16,BFLOAT16,BFLOAT16,nan,False,DEV_1_DRAM_INTERLEAVED,,,,1368064.0,
5281,0.006566271756581266,,SliceDeviceOperation,0,1.672,0.604,15,,,,,BF16 => BF16,BFLOAT16,BFLOAT16,nan,False,DEV_1_DRAM_INTERLEAVED,,,,1369088.0,
5282,0.006052740837129832,,SliceDeviceOperation,0,0.816,1.282,1,,,,,BF16 => BF16,BFLOAT16,BFLOAT16,nan,False,DEV_1_DRAM_INTERLEAVED,,,,1370112.0,
5283,0.05147426216209269,,ConcatDeviceOperation,0,1.059,16.783,17,,,,,"BF16, BF16 => BF16",BFLOAT16,BFLOAT16,BFLOAT16,False,DEV_1_DRAM_INTERLEAVED,,,,1375232.0,
5284,0.1073798922583281,DRAM,MatmulDeviceOperation 32 x 768 x 5120,0,21.701,15.519,79,379.75908944288284,74.17169715681305,11.596619510621629,10.618681426011658,HiFi4 BF16 x BF16 => BF16,BFLOAT16,BFLOAT16,BFLOAT16,False,DEV_1_DRAM_INTERLEAVED,2,1,2,1377280.0,Try a DRAM-sharded program config (MatmulMultiCoreReuseMultiCastDRAMShardedProgramConfig) to improve throughput further
5285,0.04689287395934619,,ReshapeViewDeviceOperation,0,0.207,16.047,109,,,,,BF16 => BF16,BFLOAT16,BFLOAT16,nan,False,DEV_1_DRAM_INTERLEAVED,,,,1379328.0,
5286,0.04354626796741548,,SliceDeviceOperation,0,0.891,14.203,5,,,,,BF16 => BF16,BFLOAT16,BFLOAT16,nan,False,DEV_1_DRAM_INTERLEAVED,,,,1381376.0,
5287,0.006427791508639306,,SliceDeviceOperation,0,0.812,1.416,1,,,,,BF16 => BF16,BFLOAT16,BFLOAT16,nan,False,DEV_1_DRAM_INTERLEAVED,,,,1382400.0,
5288,0.011744856028577475,,TransposeDeviceOperation,0,3.377,0.694,109,,,,,BF16 => BF16,BFLOAT16,BFLOAT16,nan,False,DEV_1_DRAM_INTERLEAVED,,,,1383424.0,
5289,0.1547257120286511,SLOW,MatmulDeviceOperation b={20} x 32 x 192 x 512,0,53.182,0.449,15,90.88187732691512,17.750366665413107,2.3660095521040954,11.410154090008175,HiFi4 BF16 x BF16 => BF16,BFLOAT16,BFLOAT16,BFLOAT16,False,DEV_1_DRAM_INTERLEAVED,2,1,1,1384448.0,"If possible place input 0 in L1 (currently in DEV_1_DRAM_INTERLEAVED) • Output subblock 1x1 is small, try out_subblock_h * out_subblock_w >= 2 if possible • HiFi2 may also work, it discards the lowest bit of the activations and has 2x the throughput of HiFi4"
5290,0.011666960889110125,,TransposeDeviceOperation,0,3.519,0.525,109,,,,,BF16 => BF16,BFLOAT16,BFLOAT16,nan,False,DEV_1_DRAM_INTERLEAVED,,,,1385472.0,
5291,0.021692353839074932,,ConcatDeviceOperation,0,1.027,6.492,17,,,,,"BF16, BF16 => BF16",BFLOAT16,BFLOAT16,BFLOAT16,False,DEV_1_DRAM_INTERLEAVED,,,,1389568.0,
5292,0.12233864404122521,,SdpaDecodeDeviceOperation,0,31.586,10.819,109,,,,,"BF16, BF16 => BF16",BFLOAT16,BFLOAT16,BFLOAT16,False,DEV_1_DRAM_INTERLEAVED,,,,1392640.0,
5293,0.0359154293047804,,TransposeDeviceOperation,0,3.057,9.392,109,,,,,BF16 => BF16,BFLOAT16,BFLOAT16,nan,False,DEV_1_DRAM_INTERLEAVED,,,,1393664.0,
5294,0.3526688014358555,SLOW,MatmulDeviceOperation b={20} x 32 x 512 x 256,0,121.338,0.904,7,51.31055398968171,10.02159257610971,1.3826844022482652,14.288653297043084,HiFi4 BF16 x BF16 => BF16,BFLOAT16,BFLOAT16,BFLOAT16,False,DEV_1_DRAM_INTERLEAVED,2,1,1,1394688.0,"If possible place input 0 in L1 (currently in DEV_1_DRAM_INTERLEAVED) • Output subblock 1x1 is small, try out_subblock_h * out_subblock_w >= 2 if possible • HiFi2 may also work, it discards the lowest bit of the activations and has 2x the throughput of HiFi4"
5295,0.008297274855855767,,TransposeDeviceOperation,0,2.361,0.515,109,,,,,BF16 => BF16,BFLOAT16,BFLOAT16,nan,False,DEV_1_DRAM_INTERLEAVED,,,,1395712.0,
5296,0.011170740000651434,,NLPConcatHeadsDecodeDeviceOperation,0,1.591,2.281,19,,,,,BF16 => BF16,BFLOAT16,BFLOAT16,nan,False,DEV_1_L1_HEIGHT_SHARDED,,,,1397760.0,
5297,0.008666555517034324,,ShardedToInterleavedDeviceOperation,0,1.825,1.179,19,,,,,BF16 => BF16,BFLOAT16,BFLOAT16,nan,False,DEV_1_L1_WIDTH_SHARDED,,,,1398784.0,
5298,0.008395365031481321,,SliceDeviceOperation,0,2.334,0.576,109,,,,,BF16 => BF16,BFLOAT16,BFLOAT16,nan,False,DEV_1_DRAM_INTERLEAVED,,,,1399808.0,
5299,0.2659397761518722,SLOW,MatmulDeviceOperation 32 x 5120 x 2048,0,91.652,0.528,63,233.8221970060664,45.66839785274735,7.3221385239820185,8.407437862817389,HiFi4 BF16 x BF16 => BF16,BFLOAT16,BFLOAT16,BFLOAT16,False,DEV_1_DRAM_INTERLEAVED,2,1,1,1400832.0,"If possible place input 0 in L1 (currently in DEV_1_DRAM_INTERLEAVED) • Output subblock 1x1 is small, try out_subblock_h * out_subblock_w >= 2 if possible • HiFi2 may also work, it discards the lowest bit of the activations and has 2x the throughput of HiFi4"
5300,0.009090651276356576,,BinaryNgDeviceOperation,0,2.594,0.557,109,,,,,"BF16, BF16 => BF16",BFLOAT16,BFLOAT16,BFLOAT16,False,DEV_1_DRAM_INTERLEAVED,,,,1401856.0,
5301,0.17310896494294628,SLOW,MatmulDeviceOperation 32 x 2048 x 64,0,25.384,34.619,1,26.140560983296563,5.10557831705011,0.33046832650488495,23.905405563142722,HiFi4 BF16 x FP32 => FP32,FLOAT32,BFLOAT16,FLOAT32,False,DEV_1_DRAM_INTERLEAVED,2,1,1,1403904.0,"If possible place input 0 in L1 (currently in DEV_1_DRAM_INTERLEAVED) • Output subblock 1x1 is small, try out_subblock_h * out_subblock_w >= 2 if possible • HiFi2 may also work, it discards the lowest bit of the activations and has 2x the throughput of HiFi4"
5302,0.010815884365300161,,UnaryDeviceOperation,0,3.212,0.537,109,,,,,FP32 => FP32,FLOAT32,FLOAT32,nan,False,DEV_1_DRAM_INTERLEAVED,,,,1404928.0,
5303,0.009050261204040172,,BinaryNgDeviceOperation,0,2.604,0.533,109,,,,,"FP32, FP32 => FP32",FLOAT32,FLOAT32,FLOAT32,False,DEV_1_DRAM_INTERLEAVED,,,,1405952.0,
5304,0.013524904215664752,,FillPadDeviceOperation,0,4.056,0.632,1,,,,,FP32 => FP32,FLOAT32,FLOAT32,nan,False,DEV_1_DRAM_INTERLEAVED,,,,1406976.0,
5305,0.023902267795815377,,BinaryNgDeviceOperation,0,4.3,3.985,109,,,,,"FP32, FP32 => FP32",FLOAT32,FLOAT32,FLOAT32,False,DEV_1_DRAM_INTERLEAVED,,,,1409024.0,
5306,0.007472163378534921,,TypecastDeviceOperation,0,1.261,1.329,1,,,,,FP32 => BF16,BFLOAT16,FLOAT32,nan,False,DEV_1_DRAM_INTERLEAVED,,,,1410048.0,
5307,0.015919458502994477,,FillPadDeviceOperation,0,3.997,1.521,1,,,,,BF16 => BF16,BFLOAT16,BFLOAT16,nan,False,DEV_1_DRAM_INTERLEAVED,,,,1411072.0,
5308,0.0903612467872943,,SliceDeviceOperation,0,0.975,30.346,1,,,,,FP32 => FP32,FLOAT32,FLOAT32,nan,False,DEV_1_DRAM_INTERLEAVED,,,,1416192.0,
5309,0.14103924752372074,,BinaryNgDeviceOperation,0,2.589,46.298,109,,,,,FP32 => FP32,FLOAT32,FLOAT32,nan,False,DEV_1_DRAM_INTERLEAVED,,,,1420288.0,
5310,0.006335471343344666,,BinaryNgDeviceOperation,0,0.28,1.916,109,,,,,"FP32, FP32 => FP32",FLOAT32,FLOAT32,FLOAT32,False,DEV_1_DRAM_INTERLEAVED,,,,1421312.0,
5311,0.030797430141258797,,PermuteDeviceOperation,0,2.113,8.562,3,,,,,BF16 => BF16,BFLOAT16,BFLOAT16,nan,False,DEV_1_DRAM_INTERLEAVED,,,,1423360.0,
5312,0.02777105972269388,,UnaryDeviceOperation,0,4.948,4.678,109,,,,,BF16 => BF16,BFLOAT16,BFLOAT16,nan,False,DEV_1_DRAM_INTERLEAVED,,,,1425408.0,
5313,0.34451000682794175,,SparseMatmulDeviceOperation active=?/64 x 32 x 2048 x 3072,0,118.833,0.581,31,,,,,HiFi2 BF16 x BFP8 => BF16,BFLOAT16,BFLOAT16,BFLOAT8_B,False,DEV_1_DRAM_INTERLEAVED,8,1,1,1426432.0,Sparse matmul utilization is omitted because the CSV row has nnz=std::nullopt; pass --active-experts K to model K active experts per input batch group
5314,0.009658997293951704,,SliceDeviceOperation,0,2.808,0.54,109,,,,,BF16 => BF16,BFLOAT16,BFLOAT16,nan,False,DEV_1_DRAM_INTERLEAVED,,,,1427456.0,
5315,0.009901337727850136,,SliceDeviceOperation,0,2.904,0.528,109,,,,,BF16 => BF16,BFLOAT16,BFLOAT16,nan,False,DEV_1_DRAM_INTERLEAVED,,,,1428480.0,
5316,0.020434491586935465,,BinaryNgDeviceOperation,0,6.593,0.49,109,,,,,"BF16, BF16 => BF16",BFLOAT16,BFLOAT16,BFLOAT16,False,DEV_1_DRAM_INTERLEAVED,,,,1429504.0,
5317,0.01395188498015246,,BinaryNgDeviceOperation,0,4.321,0.515,109,,,,,"BF16, BF16 => BF16",BFLOAT16,BFLOAT16,BFLOAT16,False,DEV_1_DRAM_INTERLEAVED,,,,1430528.0,
5318,0.011687155925268327,,UnaryDeviceOperation,0,3.52,0.531,109,,,,,BF16 => BF16,BFLOAT16,BFLOAT16,nan,False,DEV_1_DRAM_INTERLEAVED,,,,1431552.0,
5319,0.20884263892230284,,SparseMatmulDeviceOperation active=?/64 x 32 x 1536 x 2048,0,71.895,0.494,31,,,,,HiFi2 BF16 x BFP8 => BF16,BFLOAT16,BFLOAT16,BFLOAT8_B,False,DEV_1_DRAM_INTERLEAVED,8,1,1,1432576.0,Sparse matmul utilization is omitted because the CSV row has nnz=std::nullopt; pass --active-experts K to model K active experts per input batch group
5320,0.01803705229444028,,FillPadDeviceOperation,0,5.696,0.556,109,,,,,BF16 => BF16,BFLOAT16,BFLOAT16,nan,False,DEV_1_DRAM_INTERLEAVED,,,,1433600.0,
5321,0.009607067200973471,,FastReduceNCDeviceOperation,0,2.732,0.598,63,,,,,BF16 => BF16,BFLOAT16,BFLOAT16,nan,False,DEV_1_DRAM_INTERLEAVED,,,,1434624.0,
5322,0.0064479865447975085,,SliceDeviceOperation,0,1.646,0.589,63,,,,,BF16 => BF16,BFLOAT16,BFLOAT16,nan,False,DEV_1_DRAM_INTERLEAVED,,,,1435648.0,
5323,0.10000293405025328,SLOW,MatmulDeviceOperation 32 x 2048 x 1536,0,34.127,0.536,47,191.07545345327748,37.31942450259326,5.8993346031001845,9.079698894152914,HiFi4 BF16 x BF16 => BF16,BFLOAT16,BFLOAT16,BFLOAT16,False,DEV_1_DRAM_INTERLEAVED,2,1,1,1436672.0,"If possible place input 0 in L1 (currently in DEV_1_DRAM_INTERLEAVED) • Output subblock 1x1 is small, try out_subblock_h * out_subblock_w >= 2 if possible • HiFi2 may also work, it discards the lowest bit of the activations and has 2x the throughput of HiFi4"
5324,0.009783052516066378,,UnaryDeviceOperation,0,2.83,0.561,109,,,,,BF16 => BF16,BFLOAT16,BFLOAT16,nan,False,DEV_1_DRAM_INTERLEAVED,,,,1437696.0,
5325,0.1001500693136916,SLOW,MatmulDeviceOperation 32 x 2048 x 1536,0,33.873,0.841,47,192.50825140967734,37.59926785345261,5.943571340005314,9.147783903426225,HiFi4 BF16 x BF16 => BF16,BFLOAT16,BFLOAT16,BFLOAT16,False,DEV_1_DRAM_INTERLEAVED,2,1,1,1438720.0,"If possible place input 0 in L1 (currently in DEV_1_DRAM_INTERLEAVED) • Output subblock 1x1 is small, try out_subblock_h * out_subblock_w >= 2 if possible • HiFi2 may also work, it discards the lowest bit of the activations and has 2x the throughput of HiFi4"
5326,0.01050718881259621,,BinaryNgDeviceOperation,0,3.076,0.566,109,,,,,"BF16, BF16 => BF16",BFLOAT16,BFLOAT16,BFLOAT16,False,DEV_1_DRAM_INTERLEAVED,,,,1439744.0,
5327,0.08496917213305424,SLOW,MatmulDeviceOperation 32 x 1536 x 2048,0,28.916,0.536,63,225.5094757227832,44.044819477106095,6.9624634112602015,7.99445111705913,HiFi4 BF16 x BF16 => BF16,BFLOAT16,BFLOAT16,BFLOAT16,False,DEV_1_DRAM_INTERLEAVED,2,1,1,1440768.0,"If possible place input 0 in L1 (currently in DEV_1_DRAM_INTERLEAVED) • Output subblock 1x1 is small, try out_subblock_h * out_subblock_w >= 2 if possible • HiFi2 may also work, it discards the lowest bit of the activations and has 2x the throughput of HiFi4"
5328,0.008966596054241905,,BinaryNgDeviceOperation,0,2.55,0.558,109,,,,,"BF16, BF16 => BF16",BFLOAT16,BFLOAT16,BFLOAT16,False,DEV_1_DRAM_INTERLEAVED,,,,1441792.0,
5329,0.008167449623410178,,BinaryNgDeviceOperation,0,2.368,0.463,109,,,,,"BF16, BF16 => BF16",BFLOAT16,BFLOAT16,BFLOAT16,False,DEV_1_DRAM_INTERLEAVED,,,,1442816.0,
5330,0.12139524735212061,,UntilizeCodegenDeviceOperation,0,4.681,37.397,109,,,,,BF16 => BF16,BFLOAT16,BFLOAT16,nan,False,DEV_1_DRAM_INTERLEAVED,,,,1357824.0,
5331,0.03376610045651456,,UntilizeCodegenDeviceOperation,0,4.69,7.014,109,,,,,BF16 => BF16,BFLOAT16,BFLOAT16,nan,False,DEV_1_DRAM_INTERLEAVED,,,,1360896.0,
5332,0.12940402169143064,SLOW,MatmulDeviceOperation 32 x 2048 x 1344,0,33.019,11.835,41,173.2975559526333,33.84717889699869,5.335133347466609,9.412992158329468,HiFi4 BF16 x BF16 => BF16,BFLOAT16,BFLOAT16,BFLOAT16,False,DEV_1_DRAM_INTERLEAVED,2,1,1,1367040.0,"If possible place input 0 in L1 (currently in DEV_1_DRAM_INTERLEAVED) • Output subblock 1x1 is small, try out_subblock_h * out_subblock_w >= 2 if possible • HiFi2 may also work, it discards the lowest bit of the activations and has 2x the throughput of HiFi4"
5333,0.006661476927041364,,SliceDeviceOperation,0,1.674,0.635,23,,,,,BF16 => BF16,BFLOAT16,BFLOAT16,nan,False,DEV_1_DRAM_INTERLEAVED,,,,1368064.0,
5334,0.006603776823732215,,SliceDeviceOperation,0,1.675,0.614,15,,,,,BF16 => BF16,BFLOAT16,BFLOAT16,nan,False,DEV_1_DRAM_INTERLEAVED,,,,1369088.0,
5335,0.006049855831964374,,SliceDeviceOperation,0,0.809,1.288,1,,,,,BF16 => BF16,BFLOAT16,BFLOAT16,nan,False,DEV_1_DRAM_INTERLEAVED,,,,1370112.0,
5336,0.051904127931745855,,ConcatDeviceOperation,0,1.049,16.942,17,,,,,"BF16, BF16 => BF16",BFLOAT16,BFLOAT16,BFLOAT16,False,DEV_1_DRAM_INTERLEAVED,,,,1375232.0,
5337,0.10812133858585067,DRAM,MatmulDeviceOperation 32 x 768 x 5120,0,22.038,15.439,79,373.95190126145746,73.03748071512841,11.41928668663218,10.456303005076641,HiFi4 BF16 x BF16 => BF16,BFLOAT16,BFLOAT16,BFLOAT16,False,DEV_1_DRAM_INTERLEAVED,2,1,2,1377280.0,Try a DRAM-sharded program config (MatmulMultiCoreReuseMultiCastDRAMShardedProgramConfig) to improve throughput further
5338,0.04688710394901526,,ReshapeViewDeviceOperation,0,0.206,16.046,109,,,,,BF16 => BF16,BFLOAT16,BFLOAT16,nan,False,DEV_1_DRAM_INTERLEAVED,,,,1379328.0,
5339,0.04357800302423551,,SliceDeviceOperation,0,0.902,14.203,5,,,,,BF16 => BF16,BFLOAT16,BFLOAT16,nan,False,DEV_1_DRAM_INTERLEAVED,,,,1381376.0,
5340,0.006355666379502868,,SliceDeviceOperation,0,0.816,1.387,1,,,,,BF16 => BF16,BFLOAT16,BFLOAT16,nan,False,DEV_1_DRAM_INTERLEAVED,,,,1382400.0,
5341,0.01164676585295192,,TransposeDeviceOperation,0,3.253,0.784,109,,,,,BF16 => BF16,BFLOAT16,BFLOAT16,nan,False,DEV_1_DRAM_INTERLEAVED,,,,1383424.0,
5342,0.15576719889338128,SLOW,MatmulDeviceOperation b={20} x 32 x 192 x 512,0,53.401,0.591,15,90.50916649500944,17.67757158105653,2.3563064362090596,11.36336051412548,HiFi4 BF16 x BF16 => BF16,BFLOAT16,BFLOAT16,BFLOAT16,False,DEV_1_DRAM_INTERLEAVED,2,1,1,1384448.0,"If possible place input 0 in L1 (currently in DEV_1_DRAM_INTERLEAVED) • Output subblock 1x1 is small, try out_subblock_h * out_subblock_w >= 2 if possible • HiFi2 may also work, it discards the lowest bit of the activations and has 2x the throughput of HiFi4"
5343,0.011364035346737087,,TransposeDeviceOperation,0,3.41,0.529,109,,,,,BF16 => BF16,BFLOAT16,BFLOAT16,nan,False,DEV_1_DRAM_INTERLEAVED,,,,1385472.0,
5344,0.0217760189888732,,ConcatDeviceOperation,0,1.048,6.5,17,,,,,"BF16, BF16 => BF16",BFLOAT16,BFLOAT16,BFLOAT16,False,DEV_1_DRAM_INTERLEAVED,,,,1389568.0,
5345,0.12237903411354163,,SdpaDecodeDeviceOperation,0,31.67,10.749,109,,,,,"BF16, BF16 => BF16",BFLOAT16,BFLOAT16,BFLOAT16,False,DEV_1_DRAM_INTERLEAVED,,,,1392640.0,
5346,0.0360308295113987,,TransposeDeviceOperation,0,3.124,9.365,109,,,,,BF16 => BF16,BFLOAT16,BFLOAT16,nan,False,DEV_1_DRAM_INTERLEAVED,,,,1393664.0,
5347,0.35210334042342584,SLOW,MatmulDeviceOperation b={20} x 32 x 512 x 256,0,121.213,0.833,7,51.363467614859786,10.031927268527301,1.3841102852004321,14.303388363926423,HiFi4 BF16 x BF16 => BF16,BFLOAT16,BFLOAT16,BFLOAT16,False,DEV_1_DRAM_INTERLEAVED,2,1,1,1394688.0,"If possible place input 0 in L1 (currently in DEV_1_DRAM_INTERLEAVED) • Output subblock 1x1 is small, try out_subblock_h * out_subblock_w >= 2 if possible • HiFi2 may also work, it discards the lowest bit of the activations and has 2x the throughput of HiFi4"
5348,0.008248229768042988,,TransposeDeviceOperation,0,2.344,0.515,109,,,,,BF16 => BF16,BFLOAT16,BFLOAT16,nan,False,DEV_1_DRAM_INTERLEAVED,,,,1395712.0,
5349,0.011193820041975094,,NLPConcatHeadsDecodeDeviceOperation,0,1.579,2.301,19,,,,,BF16 => BF16,BFLOAT16,BFLOAT16,nan,False,DEV_1_L1_HEIGHT_SHARDED,,,,1397760.0,
5350,0.008421330077970439,,ShardedToInterleavedDeviceOperation,0,1.695,1.224,19,,,,,BF16 => BF16,BFLOAT16,BFLOAT16,nan,False,DEV_1_L1_WIDTH_SHARDED,,,,1398784.0,
5351,0.008311699881683053,,SliceDeviceOperation,0,2.325,0.556,109,,,,,BF16 => BF16,BFLOAT16,BFLOAT16,nan,False,DEV_1_DRAM_INTERLEAVED,,,,1399808.0,
5352,0.26585034099174304,SLOW,MatmulDeviceOperation 32 x 5120 x 2048,0,91.653,0.496,63,233.81964583810674,45.66789957775522,7.32205863419637,8.407346131637146,HiFi4 BF16 x BF16 => BF16,BFLOAT16,BFLOAT16,BFLOAT16,False,DEV_1_DRAM_INTERLEAVED,2,1,1,1400832.0,"If possible place input 0 in L1 (currently in DEV_1_DRAM_INTERLEAVED) • Output subblock 1x1 is small, try out_subblock_h * out_subblock_w >= 2 if possible • HiFi2 may also work, it discards the lowest bit of the activations and has 2x the throughput of HiFi4"
5353,0.008871390883781808,,BinaryNgDeviceOperation,0,2.514,0.561,109,,,,,"BF16, BF16 => BF16",BFLOAT16,BFLOAT16,BFLOAT16,False,DEV_1_DRAM_INTERLEAVED,,,,1401856.0,
5354,0.17197515791292148,SLOW,MatmulDeviceOperation 32 x 2048 x 64,0,25.343,34.267,1,26.182851280432466,5.113838140709466,0.33100295939707214,23.94407981749654,HiFi4 BF16 x FP32 => FP32,FLOAT32,BFLOAT16,FLOAT32,False,DEV_1_DRAM_INTERLEAVED,2,1,1,1403904.0,"If possible place input 0 in L1 (currently in DEV_1_DRAM_INTERLEAVED) • Output subblock 1x1 is small, try out_subblock_h * out_subblock_w >= 2 if possible • HiFi2 may also work, it discards the lowest bit of the activations and has 2x the throughput of HiFi4"
5355,0.010787034313645586,,UnaryDeviceOperation,0,3.201,0.538,109,,,,,FP32 => FP32,FLOAT32,FLOAT32,nan,False,DEV_1_DRAM_INTERLEAVED,,,,1404928.0,
5356,0.009021411152385599,,BinaryNgDeviceOperation,0,2.596,0.531,109,,,,,"FP32, FP32 => FP32",FLOAT32,FLOAT32,FLOAT32,False,DEV_1_DRAM_INTERLEAVED,,,,1405952.0,
5357,0.013493169158844718,,FillPadDeviceOperation,0,4.048,0.629,1,,,,,FP32 => FP32,FLOAT32,FLOAT32,nan,False,DEV_1_DRAM_INTERLEAVED,,,,1406976.0,
5358,0.02434655859129583,,BinaryNgDeviceOperation,0,4.301,4.138,109,,,,,"FP32, FP32 => FP32",FLOAT32,FLOAT32,FLOAT32,False,DEV_1_DRAM_INTERLEAVED,,,,1409024.0,
5359,0.007601988610980508,,TypecastDeviceOperation,0,1.264,1.371,1,,,,,FP32 => BF16,BFLOAT16,FLOAT32,nan,False,DEV_1_DRAM_INTERLEAVED,,,,1410048.0,
5360,0.015956963570145425,,FillPadDeviceOperation,0,4.021,1.51,1,,,,,BF16 => BF16,BFLOAT16,BFLOAT16,nan,False,DEV_1_DRAM_INTERLEAVED,,,,1411072.0,
5361,0.0898390608523465,,SliceDeviceOperation,0,0.904,30.236,1,,,,,FP32 => FP32,FLOAT32,FLOAT32,nan,False,DEV_1_DRAM_INTERLEAVED,,,,1416192.0,
5362,0.14118349778199363,,BinaryNgDeviceOperation,0,2.581,46.356,109,,,,,FP32 => FP32,FLOAT32,FLOAT32,nan,False,DEV_1_DRAM_INTERLEAVED,,,,1420288.0,
5363,0.006465296575790254,,BinaryNgDeviceOperation,0,0.295,1.946,109,,,,,"FP32, FP32 => FP32",FLOAT32,FLOAT32,FLOAT32,False,DEV_1_DRAM_INTERLEAVED,,,,1421312.0,
5364,0.030872440275560686,,PermuteDeviceOperation,0,2.113,8.588,3,,,,,BF16 => BF16,BFLOAT16,BFLOAT16,nan,False,DEV_1_DRAM_INTERLEAVED,,,,1423360.0,
5365,0.02759507440760097,,UnaryDeviceOperation,0,4.903,4.662,109,,,,,BF16 => BF16,BFLOAT16,BFLOAT16,nan,False,DEV_1_DRAM_INTERLEAVED,,,,1425408.0,
5366,0.34271553361502716,,SparseMatmulDeviceOperation active=?/64 x 32 x 2048 x 3072,0,118.194,0.598,31,,,,,HiFi2 BF16 x BFP8 => BF16,BFLOAT16,BFLOAT16,BFLOAT8_B,False,DEV_1_DRAM_INTERLEAVED,8,1,1,1426432.0,Sparse matmul utilization is omitted because the CSV row has nnz=std::nullopt; pass --active-experts K to model K active experts per input batch group
5367,0.009416656860053276,,SliceDeviceOperation,0,2.713,0.551,109,,,,,BF16 => BF16,BFLOAT16,BFLOAT16,nan,False,DEV_1_DRAM_INTERLEAVED,,,,1427456.0,
5368,0.009485896984024255,,SliceDeviceOperation,0,2.75,0.538,109,,,,,BF16 => BF16,BFLOAT16,BFLOAT16,nan,False,DEV_1_DRAM_INTERLEAVED,,,,1428480.0,
5369,0.020474881659251865,,BinaryNgDeviceOperation,0,6.558,0.539,109,,,,,"BF16, BF16 => BF16",BFLOAT16,BFLOAT16,BFLOAT16,False,DEV_1_DRAM_INTERLEAVED,,,,1429504.0,
5370,0.014185570398554517,,BinaryNgDeviceOperation,0,4.378,0.539,109,,,,,"BF16, BF16 => BF16",BFLOAT16,BFLOAT16,BFLOAT16,False,DEV_1_DRAM_INTERLEAVED,,,,1430528.0,
5371,0.011017834726882187,,UnaryDeviceOperation,0,3.286,0.533,109,,,,,BF16 => BF16,BFLOAT16,BFLOAT16,nan,False,DEV_1_DRAM_INTERLEAVED,,,,1431552.0,
5372,0.20799444740365836,,SparseMatmulDeviceOperation active=?/64 x 32 x 1536 x 2048,0,71.501,0.594,31,,,,,HiFi2 BF16 x BFP8 => BF16,BFLOAT16,BFLOAT16,BFLOAT8_B,False,DEV_1_DRAM_INTERLEAVED,8,1,1,1432576.0,Sparse matmul utilization is omitted because the CSV row has nnz=std::nullopt; pass --active-experts K to model K active experts per input batch group
5373,0.017855296969016457,,FillPadDeviceOperation,0,5.694,0.495,109,,,,,BF16 => BF16,BFLOAT16,BFLOAT16,nan,False,DEV_1_DRAM_INTERLEAVED,,,,1433600.0,
5374,0.00952628705634066,,FastReduceNCDeviceOperation,0,2.747,0.555,63,,,,,BF16 => BF16,BFLOAT16,BFLOAT16,nan,False,DEV_1_DRAM_INTERLEAVED,,,,1434624.0,
5375,0.006698981994192312,,SliceDeviceOperation,0,1.784,0.538,63,,,,,BF16 => BF16,BFLOAT16,BFLOAT16,nan,False,DEV_1_DRAM_INTERLEAVED,,,,1435648.0,
5376,0.10012698927236795,SLOW,MatmulDeviceOperation 32 x 2048 x 1536,0,34.213,0.493,47,190.59515388887266,37.22561599392044,5.884505655744893,9.056875578311066,HiFi4 BF16 x BF16 => BF16,BFLOAT16,BFLOAT16,BFLOAT16,False,DEV_1_DRAM_INTERLEAVED,2,1,1,1436672.0,"If possible place input 0 in L1 (currently in DEV_1_DRAM_INTERLEAVED) • Output subblock 1x1 is small, try out_subblock_h * out_subblock_w >= 2 if possible • HiFi2 may also work, it discards the lowest bit of the activations and has 2x the throughput of HiFi4"
5377,0.010083093053273958,,UnaryDeviceOperation,0,2.936,0.559,109,,,,,BF16 => BF16,BFLOAT16,BFLOAT16,nan,False,DEV_1_DRAM_INTERLEAVED,,,,1437696.0,
5378,0.09986445380231129,SLOW,MatmulDeviceOperation 32 x 2048 x 1536,0,33.943,0.672,47,192.11124532304157,37.52172760215656,5.931314026456117,9.128918603563516,HiFi4 BF16 x BF16 => BF16,BFLOAT16,BFLOAT16,BFLOAT16,False,DEV_1_DRAM_INTERLEAVED,2,1,1,1438720.0,"If possible place input 0 in L1 (currently in DEV_1_DRAM_INTERLEAVED) • Output subblock 1x1 is small, try out_subblock_h * out_subblock_w >= 2 if possible • HiFi2 may also work, it discards the lowest bit of the activations and has 2x the throughput of HiFi4"
5379,0.010198493259892256,,BinaryNgDeviceOperation,0,2.979,0.556,109,,,,,"BF16, BF16 => BF16",BFLOAT16,BFLOAT16,BFLOAT16,False,DEV_1_DRAM_INTERLEAVED,,,,1439744.0,
5380,0.08547693304217477,SLOW,MatmulDeviceOperation 32 x 1536 x 2048,0,29.058,0.57,63,224.40746094018857,43.82958221488058,6.928439397067932,7.955384007876723,HiFi4 BF16 x BF16 => BF16,BFLOAT16,BFLOAT16,BFLOAT16,False,DEV_1_DRAM_INTERLEAVED,2,1,1,1440768.0,"If possible place input 0 in L1 (currently in DEV_1_DRAM_INTERLEAVED) • Output subblock 1x1 is small, try out_subblock_h * out_subblock_w >= 2 if possible • HiFi2 may also work, it discards the lowest bit of the activations and has 2x the throughput of HiFi4"
5381,0.009024296157551055,,BinaryNgDeviceOperation,0,2.566,0.562,109,,,,,"BF16, BF16 => BF16",BFLOAT16,BFLOAT16,BFLOAT16,False,DEV_1_DRAM_INTERLEAVED,,,,1441792.0,
5382,0.008317469892013969,,BinaryNgDeviceOperation,0,2.396,0.487,109,,,,,"BF16, BF16 => BF16",BFLOAT16,BFLOAT16,BFLOAT16,False,DEV_1_DRAM_INTERLEAVED,,,,1442816.0,
5383,0.1209884616237911,,UntilizeCodegenDeviceOperation,0,4.62,37.317,109,,,,,BF16 => BF16,BFLOAT16,BFLOAT16,nan,False,DEV_1_DRAM_INTERLEAVED,,,,1357824.0,
5384,0.03365935526539264,,UntilizeCodegenDeviceOperation,0,4.634,7.033,109,,,,,BF16 => BF16,BFLOAT16,BFLOAT16,nan,False,DEV_1_DRAM_INTERLEAVED,,,,1360896.0,
5385,0.13011084795696773,SLOW,MatmulDeviceOperation 32 x 2048 x 1344,0,33.133,11.966,41,172.70129478163764,33.7307216370386,5.316776868982585,9.38060507880001,HiFi4 BF16 x BF16 => BF16,BFLOAT16,BFLOAT16,BFLOAT16,False,DEV_1_DRAM_INTERLEAVED,2,1,1,1367040.0,"If possible place input 0 in L1 (currently in DEV_1_DRAM_INTERLEAVED) • Output subblock 1x1 is small, try out_subblock_h * out_subblock_w >= 2 if possible • HiFi2 may also work, it discards the lowest bit of the activations and has 2x the throughput of HiFi4"
5386,0.006745142076839633,,SliceDeviceOperation,0,1.705,0.633,23,,,,,BF16 => BF16,BFLOAT16,BFLOAT16,nan,False,DEV_1_DRAM_INTERLEAVED,,,,1368064.0,
5387,0.006612431839228586,,SliceDeviceOperation,0,1.692,0.6,15,,,,,BF16 => BF16,BFLOAT16,BFLOAT16,nan,False,DEV_1_DRAM_INTERLEAVED,,,,1369088.0,
5388,0.006211416121229995,,SliceDeviceOperation,0,0.807,1.346,1,,,,,BF16 => BF16,BFLOAT16,BFLOAT16,nan,False,DEV_1_DRAM_INTERLEAVED,,,,1370112.0,
5389,0.05160120238937283,,ConcatDeviceOperation,0,1.033,16.853,17,,,,,"BF16, BF16 => BF16",BFLOAT16,BFLOAT16,BFLOAT16,False,DEV_1_DRAM_INTERLEAVED,,,,1375232.0,
5390,0.10831751893710179,DRAM,MatmulDeviceOperation 32 x 768 x 5120,0,21.988,15.557,79,374.80225577587777,73.20356558122613,11.445253774786247,10.480080299521513,HiFi4 BF16 x BF16 => BF16,BFLOAT16,BFLOAT16,BFLOAT16,False,DEV_1_DRAM_INTERLEAVED,2,1,2,1377280.0,Try a DRAM-sharded program config (MatmulMultiCoreReuseMultiCastDRAMShardedProgramConfig) to improve throughput further
5391,0.04680343879921701,,ReshapeViewDeviceOperation,0,0.21,16.013,109,,,,,BF16 => BF16,BFLOAT16,BFLOAT16,nan,False,DEV_1_DRAM_INTERLEAVED,,,,1379328.0,
5392,0.0437482183289975,,SliceDeviceOperation,0,0.943,14.221,5,,,,,BF16 => BF16,BFLOAT16,BFLOAT16,nan,False,DEV_1_DRAM_INTERLEAVED,,,,1381376.0,
5393,0.006647051901214077,,SliceDeviceOperation,0,0.816,1.488,1,,,,,BF16 => BF16,BFLOAT16,BFLOAT16,nan,False,DEV_1_DRAM_INTERLEAVED,,,,1382400.0,
5394,0.011678500909771954,,TransposeDeviceOperation,0,3.44,0.608,109,,,,,BF16 => BF16,BFLOAT16,BFLOAT16,nan,False,DEV_1_DRAM_INTERLEAVED,,,,1383424.0,
5395,0.15597780427045965,SLOW,MatmulDeviceOperation b={20} x 32 x 192 x 512,0,53.614,0.451,15,90.14958779423283,17.6073413660611,2.346945200880367,11.318215667825843,HiFi4 BF16 x BF16 => BF16,BFLOAT16,BFLOAT16,BFLOAT16,False,DEV_1_DRAM_INTERLEAVED,2,1,1,1384448.0,"If possible place input 0 in L1 (currently in DEV_1_DRAM_INTERLEAVED) • Output subblock 1x1 is small, try out_subblock_h * out_subblock_w >= 2 if possible • HiFi2 may also work, it discards the lowest bit of the activations and has 2x the throughput of HiFi4"
5396,0.011609260785800973,,TransposeDeviceOperation,0,3.502,0.522,109,,,,,BF16 => BF16,BFLOAT16,BFLOAT16,nan,False,DEV_1_DRAM_INTERLEAVED,,,,1385472.0,
5397,0.02144135838968013,,ConcatDeviceOperation,0,1.041,6.391,17,,,,,"BF16, BF16 => BF16",BFLOAT16,BFLOAT16,BFLOAT16,False,DEV_1_DRAM_INTERLEAVED,,,,1389568.0,
5398,0.12297623018279133,,SdpaDecodeDeviceOperation,0,31.718,10.908,109,,,,,"BF16, BF16 => BF16",BFLOAT16,BFLOAT16,BFLOAT16,False,DEV_1_DRAM_INTERLEAVED,,,,1392640.0,
5399,0.036143344712851536,,TransposeDeviceOperation,0,3.158,9.37,109,,,,,BF16 => BF16,BFLOAT16,BFLOAT16,nan,False,DEV_1_DRAM_INTERLEAVED,,,,1393664.0,
5400,0.35175425479840555,SLOW,MatmulDeviceOperation b={20} x 32 x 512 x 256,0,121.123,0.802,7,51.401633050700525,10.039381455214947,1.3851387432609825,14.314016444082572,HiFi4 BF16 x BF16 => BF16,BFLOAT16,BFLOAT16,BFLOAT16,False,DEV_1_DRAM_INTERLEAVED,2,1,1,1394688.0,"If possible place input 0 in L1 (currently in DEV_1_DRAM_INTERLEAVED) • Output subblock 1x1 is small, try out_subblock_h * out_subblock_w >= 2 if possible • HiFi2 may also work, it discards the lowest bit of the activations and has 2x the throughput of HiFi4"
5401,0.008204954690561126,,TransposeDeviceOperation,0,2.334,0.51,109,,,,,BF16 => BF16,BFLOAT16,BFLOAT16,nan,False,DEV_1_DRAM_INTERLEAVED,,,,1395712.0,
5402,0.011101499876680453,,NLPConcatHeadsDecodeDeviceOperation,0,1.586,2.262,19,,,,,BF16 => BF16,BFLOAT16,BFLOAT16,nan,False,DEV_1_L1_HEIGHT_SHARDED,,,,1397760.0,
5403,0.008473260170948673,,ShardedToInterleavedDeviceOperation,0,1.756,1.181,19,,,,,BF16 => BF16,BFLOAT16,BFLOAT16,nan,False,DEV_1_L1_WIDTH_SHARDED,,,,1398784.0,
5404,0.008153024597582891,,SliceDeviceOperation,0,2.287,0.539,109,,,,,BF16 => BF16,BFLOAT16,BFLOAT16,nan,False,DEV_1_DRAM_INTERLEAVED,,,,1399808.0,
5405,0.2667821976601858,SLOW,MatmulDeviceOperation 32 x 5120 x 2048,0,91.97,0.502,63,233.0137218658258,45.5104925519191,7.29682113732739,8.378367891735778,HiFi4 BF16 x BF16 => BF16,BFLOAT16,BFLOAT16,BFLOAT16,False,DEV_1_DRAM_INTERLEAVED,2,1,1,1400832.0,"If possible place input 0 in L1 (currently in DEV_1_DRAM_INTERLEAVED) • Output subblock 1x1 is small, try out_subblock_h * out_subblock_w >= 2 if possible • HiFi2 may also work, it discards the lowest bit of the activations and has 2x the throughput of HiFi4"
5406,0.008297274855855767,,BinaryNgDeviceOperation,0,2.323,0.553,109,,,,,"BF16, BF16 => BF16",BFLOAT16,BFLOAT16,BFLOAT16,False,DEV_1_DRAM_INTERLEAVED,,,,1401856.0,
5407,0.1724858038272075,SLOW,MatmulDeviceOperation 32 x 2048 x 64,0,25.337,34.45,1,26.189051584639063,5.115049137624817,0.33108134348975804,23.949749963090134,HiFi4 BF16 x FP32 => FP32,FLOAT32,BFLOAT16,FLOAT32,False,DEV_1_DRAM_INTERLEAVED,2,1,1,1403904.0,"If possible place input 0 in L1 (currently in DEV_1_DRAM_INTERLEAVED) • Output subblock 1x1 is small, try out_subblock_h * out_subblock_w >= 2 if possible • HiFi2 may also work, it discards the lowest bit of the activations and has 2x the throughput of HiFi4"
5408,0.010792804323976503,,UnaryDeviceOperation,0,3.2,0.541,109,,,,,FP32 => FP32,FLOAT32,FLOAT32,nan,False,DEV_1_DRAM_INTERLEAVED,,,,1404928.0,
5409,0.008983906085234649,,BinaryNgDeviceOperation,0,2.585,0.529,109,,,,,"FP32, FP32 => FP32",FLOAT32,FLOAT32,FLOAT32,False,DEV_1_DRAM_INTERLEAVED,,,,1405952.0,
5410,0.013507594184672006,,FillPadDeviceOperation,0,4.055,0.627,1,,,,,FP32 => FP32,FLOAT32,FLOAT32,nan,False,DEV_1_DRAM_INTERLEAVED,,,,1406976.0,
5411,0.02430039850864851,,BinaryNgDeviceOperation,0,4.266,4.157,109,,,,,"FP32, FP32 => FP32",FLOAT32,FLOAT32,FLOAT32,False,DEV_1_DRAM_INTERLEAVED,,,,1409024.0,
5412,0.007567368548995019,,TypecastDeviceOperation,0,1.251,1.372,1,,,,,FP32 => BF16,BFLOAT16,FLOAT32,nan,False,DEV_1_DRAM_INTERLEAVED,,,,1410048.0,
5413,0.015910803487498106,,FillPadDeviceOperation,0,3.994,1.521,1,,,,,BF16 => BF16,BFLOAT16,BFLOAT16,nan,False,DEV_1_DRAM_INTERLEAVED,,,,1411072.0,
5414,0.0899890811209503,,SliceDeviceOperation,0,0.883,30.309,1,,,,,FP32 => FP32,FLOAT32,FLOAT32,nan,False,DEV_1_DRAM_INTERLEAVED,,,,1416192.0,
5415,0.14132486303510103,,BinaryNgDeviceOperation,0,2.587,46.399,109,,,,,FP32 => FP32,FLOAT32,FLOAT32,nan,False,DEV_1_DRAM_INTERLEAVED,,,,1420288.0,
5416,0.006393171446653818,,BinaryNgDeviceOperation,0,0.279,1.937,109,,,,,"FP32, FP32 => FP32",FLOAT32,FLOAT32,FLOAT32,False,DEV_1_DRAM_INTERLEAVED,,,,1421312.0,
5417,0.030785890120596966,,PermuteDeviceOperation,0,2.11,8.561,3,,,,,BF16 => BF16,BFLOAT16,BFLOAT16,nan,False,DEV_1_DRAM_INTERLEAVED,,,,1423360.0,
5418,0.027471019185486296,,UnaryDeviceOperation,0,4.869,4.653,109,,,,,BF16 => BF16,BFLOAT16,BFLOAT16,nan,False,DEV_1_DRAM_INTERLEAVED,,,,1425408.0,
5419,0.34329830465844957,,SparseMatmulDeviceOperation active=?/64 x 32 x 2048 x 3072,0,118.423,0.571,31,,,,,HiFi2 BF16 x BFP8 => BF16,BFLOAT16,BFLOAT16,BFLOAT8_B,False,DEV_1_DRAM_INTERLEAVED,8,1,1,1426432.0,Sparse matmul utilization is omitted because the CSV row has nnz=std::nullopt; pass --active-experts K to model K active experts per input batch group
5420,0.00959552718031164,,SliceDeviceOperation,0,2.713,0.613,109,,,,,BF16 => BF16,BFLOAT16,BFLOAT16,nan,False,DEV_1_DRAM_INTERLEAVED,,,,1427456.0,
5421,0.009909992743346507,,SliceDeviceOperation,0,2.833,0.602,109,,,,,BF16 => BF16,BFLOAT16,BFLOAT16,nan,False,DEV_1_DRAM_INTERLEAVED,,,,1428480.0,
5422,0.020665292000172062,,BinaryNgDeviceOperation,0,6.596,0.567,109,,,,,"BF16, BF16 => BF16",BFLOAT16,BFLOAT16,BFLOAT16,False,DEV_1_DRAM_INTERLEAVED,,,,1429504.0,
5423,0.014067285186770764,,BinaryNgDeviceOperation,0,4.282,0.594,109,,,,,"BF16, BF16 => BF16",BFLOAT16,BFLOAT16,BFLOAT16,False,DEV_1_DRAM_INTERLEAVED,,,,1430528.0,
5424,0.011643880847786465,,UnaryDeviceOperation,0,3.43,0.606,109,,,,,BF16 => BF16,BFLOAT16,BFLOAT16,nan,False,DEV_1_DRAM_INTERLEAVED,,,,1431552.0,
5425,0.20383715496023408,,SparseMatmulDeviceOperation active=?/64 x 32 x 1536 x 2048,0,70.038,0.616,31,,,,,HiFi2 BF16 x BFP8 => BF16,BFLOAT16,BFLOAT16,BFLOAT8_B,False,DEV_1_DRAM_INTERLEAVED,8,1,1,1432576.0,Sparse matmul utilization is omitted because the CSV row has nnz=std::nullopt; pass --active-experts K to model K active experts per input batch group
5426,0.0181784175475477,,FillPadDeviceOperation,0,5.75,0.551,109,,,,,BF16 => BF16,BFLOAT16,BFLOAT16,nan,False,DEV_1_DRAM_INTERLEAVED,,,,1433600.0,
5427,0.009439736901376934,,FastReduceNCDeviceOperation,0,2.679,0.593,63,,,,,BF16 => BF16,BFLOAT16,BFLOAT16,nan,False,DEV_1_DRAM_INTERLEAVED,,,,1434624.0,
5428,0.006612431839228586,,SliceDeviceOperation,0,1.688,0.604,63,,,,,BF16 => BF16,BFLOAT16,BFLOAT16,nan,False,DEV_1_DRAM_INTERLEAVED,,,,1435648.0,
5429,0.10009236921038248,SLOW,MatmulDeviceOperation 32 x 2048 x 1536,0,34.139,0.555,47,191.00828963941535,37.30630657019831,5.897260962535516,9.076507342357905,HiFi4 BF16 x BF16 => BF16,BFLOAT16,BFLOAT16,BFLOAT16,False,DEV_1_DRAM_INTERLEAVED,2,1,1,1436672.0,"If possible place input 0 in L1 (currently in DEV_1_DRAM_INTERLEAVED) • Output subblock 1x1 is small, try out_subblock_h * out_subblock_w >= 2 if possible • HiFi2 may also work, it discards the lowest bit of the activations and has 2x the throughput of HiFi4"
5430,0.00988402769685739,,UnaryDeviceOperation,0,2.859,0.567,109,,,,,BF16 => BF16,BFLOAT16,BFLOAT16,nan,False,DEV_1_DRAM_INTERLEAVED,,,,1437696.0,
5431,0.10008659920005154,SLOW,MatmulDeviceOperation 32 x 2048 x 1536,0,33.927,0.765,47,192.20184513809062,37.53942287853332,5.934111238836325,9.133223808788177,HiFi4 BF16 x BF16 => BF16,BFLOAT16,BFLOAT16,BFLOAT16,False,DEV_1_DRAM_INTERLEAVED,2,1,1,1438720.0,"If possible place input 0 in L1 (currently in DEV_1_DRAM_INTERLEAVED) • Output subblock 1x1 is small, try out_subblock_h * out_subblock_w >= 2 if possible • HiFi2 may also work, it discards the lowest bit of the activations and has 2x the throughput of HiFi4"
5432,0.010510073817761667,,BinaryNgDeviceOperation,0,3.081,0.562,109,,,,,"BF16, BF16 => BF16",BFLOAT16,BFLOAT16,BFLOAT16,False,DEV_1_DRAM_INTERLEAVED,,,,1439744.0,
5433,0.08501821722086703,SLOW,MatmulDeviceOperation 32 x 1536 x 2048,0,28.924,0.545,63,225.4471027520398,44.03263725625777,6.9605376849675,7.9922399564680475,HiFi4 BF16 x BF16 => BF16,BFLOAT16,BFLOAT16,BFLOAT16,False,DEV_1_DRAM_INTERLEAVED,2,1,1,1440768.0,"If possible place input 0 in L1 (currently in DEV_1_DRAM_INTERLEAVED) • Output subblock 1x1 is small, try out_subblock_h * out_subblock_w >= 2 if possible • HiFi2 may also work, it discards the lowest bit of the activations and has 2x the throughput of HiFi4"
5434,0.008600200398228803,,BinaryNgDeviceOperation,0,2.421,0.56,109,,,,,"BF16, BF16 => BF16",BFLOAT16,BFLOAT16,BFLOAT16,False,DEV_1_DRAM_INTERLEAVED,,,,1441792.0,
5435,0.008196299675064753,,BinaryNgDeviceOperation,0,2.239,0.602,109,,,,,"BF16, BF16 => BF16",BFLOAT16,BFLOAT16,BFLOAT16,False,DEV_1_DRAM_INTERLEAVED,,,,1442816.0,
5436,0.12127984714550234,,UntilizeCodegenDeviceOperation,0,4.762,37.276,109,,,,,BF16 => BF16,BFLOAT16,BFLOAT16,nan,False,DEV_1_DRAM_INTERLEAVED,,,,1357824.0,
5437,0.03365647026022718,,UntilizeCodegenDeviceOperation,0,4.733,6.933,109,,,,,BF16 => BF16,BFLOAT16,BFLOAT16,nan,False,DEV_1_DRAM_INTERLEAVED,,,,1360896.0,
5438,0.12934343658295602,SLOW,MatmulDeviceOperation 32 x 2048 x 1344,0,32.993,11.84,41,173.43412238959777,33.87385202921831,5.339337677689207,9.420410028669135,HiFi4 BF16 x BF16 => BF16,BFLOAT16,BFLOAT16,BFLOAT16,False,DEV_1_DRAM_INTERLEAVED,2,1,1,1367040.0,"If possible place input 0 in L1 (currently in DEV_1_DRAM_INTERLEAVED) • Output subblock 1x1 is small, try out_subblock_h * out_subblock_w >= 2 if possible • HiFi2 may also work, it discards the lowest bit of the activations and has 2x the throughput of HiFi4"
5439,0.006704752004523226,,SliceDeviceOperation,0,1.69,0.634,23,,,,,BF16 => BF16,BFLOAT16,BFLOAT16,nan,False,DEV_1_DRAM_INTERLEAVED,,,,1368064.0,
5440,0.006655706916710449,,SliceDeviceOperation,0,1.698,0.609,15,,,,,BF16 => BF16,BFLOAT16,BFLOAT16,nan,False,DEV_1_DRAM_INTERLEAVED,,,,1369088.0,
5441,0.006202761105733621,,SliceDeviceOperation,0,0.813,1.337,1,,,,,BF16 => BF16,BFLOAT16,BFLOAT16,nan,False,DEV_1_DRAM_INTERLEAVED,,,,1370112.0,
5442,0.05163870745652376,,ConcatDeviceOperation,0,1.07,16.829,17,,,,,"BF16, BF16 => BF16",BFLOAT16,BFLOAT16,BFLOAT16,False,DEV_1_DRAM_INTERLEAVED,,,,1375232.0,
5443,0.1087300746757622,DRAM,MatmulDeviceOperation 32 x 768 x 5120,0,22.263,15.425,79,370.1725733279432,72.29933072811392,11.303878183533216,10.350626852889505,HiFi4 BF16 x BF16 => BF16,BFLOAT16,BFLOAT16,BFLOAT16,False,DEV_1_DRAM_INTERLEAVED,2,1,2,1377280.0,Try a DRAM-sharded program config (MatmulMultiCoreReuseMultiCastDRAMShardedProgramConfig) to improve throughput further
5444,0.04680055379405154,,ReshapeViewDeviceOperation,0,0.207,16.015,109,,,,,BF16 => BF16,BFLOAT16,BFLOAT16,nan,False,DEV_1_DRAM_INTERLEAVED,,,,1379328.0,
5445,0.043589543044897344,,SliceDeviceOperation,0,0.903,14.206,5,,,,,BF16 => BF16,BFLOAT16,BFLOAT16,nan,False,DEV_1_DRAM_INTERLEAVED,,,,1381376.0,
5446,0.006416251487977476,,SliceDeviceOperation,0,0.82,1.404,1,,,,,BF16 => BF16,BFLOAT16,BFLOAT16,nan,False,DEV_1_DRAM_INTERLEAVED,,,,1382400.0,
5447,0.011845831209368489,,TransposeDeviceOperation,0,3.406,0.7,109,,,,,BF16 => BF16,BFLOAT16,BFLOAT16,nan,False,DEV_1_DRAM_INTERLEAVED,,,,1383424.0,
5448,0.15647114015375288,SLOW,MatmulDeviceOperation b={20} x 32 x 192 x 512,0,53.757,0.479,15,89.90977919154714,17.560503748349053,2.3407020481053626,11.288107870878486,HiFi4 BF16 x BF16 => BF16,BFLOAT16,BFLOAT16,BFLOAT16,False,DEV_1_DRAM_INTERLEAVED,2,1,1,1384448.0,"If possible place input 0 in L1 (currently in DEV_1_DRAM_INTERLEAVED) • Output subblock 1x1 is small, try out_subblock_h * out_subblock_w >= 2 if possible • HiFi2 may also work, it discards the lowest bit of the activations and has 2x the throughput of HiFi4"
5449,0.01166119087877921,,TransposeDeviceOperation,0,3.518,0.524,109,,,,,BF16 => BF16,BFLOAT16,BFLOAT16,nan,False,DEV_1_DRAM_INTERLEAVED,,,,1385472.0,
5450,0.021556758596298426,,ConcatDeviceOperation,0,1.018,6.454,17,,,,,"BF16, BF16 => BF16",BFLOAT16,BFLOAT16,BFLOAT16,False,DEV_1_DRAM_INTERLEAVED,,,,1389568.0,
5451,0.12295892015179857,,SdpaDecodeDeviceOperation,0,31.723,10.897,109,,,,,"BF16, BF16 => BF16",BFLOAT16,BFLOAT16,BFLOAT16,False,DEV_1_DRAM_INTERLEAVED,,,,1392640.0,
5452,0.035710593938032914,,TransposeDeviceOperation,0,3.002,9.376,109,,,,,BF16 => BF16,BFLOAT16,BFLOAT16,nan,False,DEV_1_DRAM_INTERLEAVED,,,,1393664.0,
5453,0.35274381157015744,SLOW,MatmulDeviceOperation b={20} x 32 x 512 x 256,0,121.355,0.913,7,51.303366157142264,10.020188702566848,1.3824907090766758,14.286651672832711,HiFi4 BF16 x BF16 => BF16,BFLOAT16,BFLOAT16,BFLOAT16,False,DEV_1_DRAM_INTERLEAVED,2,1,1,1394688.0,"If possible place input 0 in L1 (currently in DEV_1_DRAM_INTERLEAVED) • Output subblock 1x1 is small, try out_subblock_h * out_subblock_w >= 2 if possible • HiFi2 may also work, it discards the lowest bit of the activations and has 2x the throughput of HiFi4"
5454,0.008441525114128639,,TransposeDeviceOperation,0,2.413,0.513,109,,,,,BF16 => BF16,BFLOAT16,BFLOAT16,nan,False,DEV_1_DRAM_INTERLEAVED,,,,1395712.0,
5455,0.010625474024379968,,NLPConcatHeadsDecodeDeviceOperation,0,1.588,2.095,19,,,,,BF16 => BF16,BFLOAT16,BFLOAT16,nan,False,DEV_1_L1_HEIGHT_SHARDED,,,,1397760.0,
5456,0.008525190263926908,,ShardedToInterleavedDeviceOperation,0,1.761,1.194,19,,,,,BF16 => BF16,BFLOAT16,BFLOAT16,nan,False,DEV_1_L1_WIDTH_SHARDED,,,,1398784.0,
5457,0.00842998509346681,,SliceDeviceOperation,0,2.367,0.555,109,,,,,BF16 => BF16,BFLOAT16,BFLOAT16,nan,False,DEV_1_DRAM_INTERLEAVED,,,,1399808.0,
5458,0.2661936566064325,SLOW,MatmulDeviceOperation 32 x 5120 x 2048,0,91.774,0.494,63,233.5113648745832,45.60768845206703,7.312404820537406,8.396261413940106,HiFi4 BF16 x BF16 => BF16,BFLOAT16,BFLOAT16,BFLOAT16,False,DEV_1_DRAM_INTERLEAVED,2,1,1,1400832.0,"If possible place input 0 in L1 (currently in DEV_1_DRAM_INTERLEAVED) • Output subblock 1x1 is small, try out_subblock_h * out_subblock_w >= 2 if possible • HiFi2 may also work, it discards the lowest bit of the activations and has 2x the throughput of HiFi4"
5459,0.008634820460214292,,BinaryNgDeviceOperation,0,2.441,0.552,109,,,,,"BF16, BF16 => BF16",BFLOAT16,BFLOAT16,BFLOAT16,False,DEV_1_DRAM_INTERLEAVED,,,,1401856.0,
5460,0.17275410930759502,SLOW,MatmulDeviceOperation 32 x 2048 x 64,0,25.36,34.52,1,26.16529968454259,5.110410094637224,0.330781072555205,23.928028975347583,HiFi4 BF16 x FP32 => FP32,FLOAT32,BFLOAT16,FLOAT32,False,DEV_1_DRAM_INTERLEAVED,2,1,1,1403904.0,"If possible place input 0 in L1 (currently in DEV_1_DRAM_INTERLEAVED) • Output subblock 1x1 is small, try out_subblock_h * out_subblock_w >= 2 if possible • HiFi2 may also work, it discards the lowest bit of the activations and has 2x the throughput of HiFi4"
5461,0.010766839277487386,,UnaryDeviceOperation,0,3.2,0.532,109,,,,,FP32 => FP32,FLOAT32,FLOAT32,nan,False,DEV_1_DRAM_INTERLEAVED,,,,1404928.0,
5462,0.009073341245363832,,BinaryNgDeviceOperation,0,2.608,0.537,109,,,,,"FP32, FP32 => FP32",FLOAT32,FLOAT32,FLOAT32,False,DEV_1_DRAM_INTERLEAVED,,,,1405952.0,
5463,0.013519134205333837,,FillPadDeviceOperation,0,4.053,0.633,1,,,,,FP32 => FP32,FLOAT32,FLOAT32,nan,False,DEV_1_DRAM_INTERLEAVED,,,,1406976.0,
5464,0.024040748043757335,,BinaryNgDeviceOperation,0,4.29,4.043,109,,,,,"FP32, FP32 => FP32",FLOAT32,FLOAT32,FLOAT32,False,DEV_1_DRAM_INTERLEAVED,,,,1409024.0,
5465,0.007492358414693124,,TypecastDeviceOperation,0,1.253,1.344,1,,,,,FP32 => BF16,BFLOAT16,FLOAT32,nan,False,DEV_1_DRAM_INTERLEAVED,,,,1410048.0,
5466,0.015910803487498102,,FillPadDeviceOperation,0,4.002,1.513,1,,,,,BF16 => BF16,BFLOAT16,BFLOAT16,nan,False,DEV_1_DRAM_INTERLEAVED,,,,1411072.0,
5467,0.08986214089367016,,SliceDeviceOperation,0,0.907,30.241,1,,,,,FP32 => FP32,FLOAT32,FLOAT32,nan,False,DEV_1_DRAM_INTERLEAVED,,,,1416192.0,
5468,0.14115176272517357,,BinaryNgDeviceOperation,0,2.581,46.345,109,,,,,FP32 => FP32,FLOAT32,FLOAT32,nan,False,DEV_1_DRAM_INTERLEAVED,,,,1420288.0,
5469,0.006471066586121169,,BinaryNgDeviceOperation,0,0.293,1.95,109,,,,,"FP32, FP32 => FP32",FLOAT32,FLOAT32,FLOAT32,False,DEV_1_DRAM_INTERLEAVED,,,,1421312.0,
5470,0.030710879986295077,,PermuteDeviceOperation,0,2.108,8.537,3,,,,,BF16 => BF16,BFLOAT16,BFLOAT16,nan,False,DEV_1_DRAM_INTERLEAVED,,,,1423360.0,
5471,0.027554684335284567,,UnaryDeviceOperation,0,4.863,4.688,109,,,,,BF16 => BF16,BFLOAT16,BFLOAT16,nan,False,DEV_1_DRAM_INTERLEAVED,,,,1425408.0,
5472,0.3463766051699927,,SparseMatmulDeviceOperation active=?/64 x 32 x 2048 x 3072,0,119.023,1.038,31,,,,,HiFi2 BF16 x BFP8 => BF16,BFLOAT16,BFLOAT16,BFLOAT8_B,False,DEV_1_DRAM_INTERLEAVED,8,1,1,1426432.0,Sparse matmul utilization is omitted because the CSV row has nnz=std::nullopt; pass --active-experts K to model K active experts per input batch group
5473,0.008963711049076449,,SliceDeviceOperation,0,2.585,0.522,109,,,,,BF16 => BF16,BFLOAT16,BFLOAT16,nan,False,DEV_1_DRAM_INTERLEAVED,,,,1427456.0,
5474,0.009716697397260856,,SliceDeviceOperation,0,2.841,0.527,109,,,,,BF16 => BF16,BFLOAT16,BFLOAT16,nan,False,DEV_1_DRAM_INTERLEAVED,,,,1428480.0,
5475,0.02076049717063216,,BinaryNgDeviceOperation,0,6.606,0.59,109,,,,,"BF16, BF16 => BF16",BFLOAT16,BFLOAT16,BFLOAT16,False,DEV_1_DRAM_INTERLEAVED,,,,1429504.0,
5476,0.01395188498015246,,BinaryNgDeviceOperation,0,4.305,0.531,109,,,,,"BF16, BF16 => BF16",BFLOAT16,BFLOAT16,BFLOAT16,False,DEV_1_DRAM_INTERLEAVED,,,,1430528.0,
5477,0.011156314974824147,,UnaryDeviceOperation,0,3.339,0.528,109,,,,,BF16 => BF16,BFLOAT16,BFLOAT16,nan,False,DEV_1_DRAM_INTERLEAVED,,,,1431552.0,
5478,0.20957831523949455,,SparseMatmulDeviceOperation active=?/64 x 32 x 1536 x 2048,0,72.078,0.566,31,,,,,HiFi2 BF16 x BFP8 => BF16,BFLOAT16,BFLOAT16,BFLOAT8_B,False,DEV_1_DRAM_INTERLEAVED,8,1,1,1432576.0,Sparse matmul utilization is omitted because the CSV row has nnz=std::nullopt; pass --active-experts K to model K active experts per input batch group
5479,0.017895687041332865,,FillPadDeviceOperation,0,5.633,0.57,109,,,,,BF16 => BF16,BFLOAT16,BFLOAT16,nan,False,DEV_1_DRAM_INTERLEAVED,,,,1433600.0,
5480,0.009367611772240497,,FastReduceNCDeviceOperation,0,2.656,0.591,63,,,,,BF16 => BF16,BFLOAT16,BFLOAT16,nan,False,DEV_1_DRAM_INTERLEAVED,,,,1434624.0,
5481,0.006768222118163291,,SliceDeviceOperation,0,1.748,0.598,63,,,,,BF16 => BF16,BFLOAT16,BFLOAT16,nan,False,DEV_1_DRAM_INTERLEAVED,,,,1435648.0,
5482,0.09991638389528953,SLOW,MatmulDeviceOperation 32 x 2048 x 1536,0,34.132,0.501,47,191.04746279151527,37.31395757646783,5.898470409000351,9.078368808178732,HiFi4 BF16 x BF16 => BF16,BFLOAT16,BFLOAT16,BFLOAT16,False,DEV_1_DRAM_INTERLEAVED,2,1,1,1436672.0,"If possible place input 0 in L1 (currently in DEV_1_DRAM_INTERLEAVED) • Output subblock 1x1 is small, try out_subblock_h * out_subblock_w >= 2 if possible • HiFi2 may also work, it discards the lowest bit of the activations and has 2x the throughput of HiFi4"
5483,0.009892682712353763,,UnaryDeviceOperation,0,2.871,0.558,109,,,,,BF16 => BF16,BFLOAT16,BFLOAT16,nan,False,DEV_1_DRAM_INTERLEAVED,,,,1437696.0,
5484,0.10012987427753339,SLOW,MatmulDeviceOperation 32 x 2048 x 1536,0,33.901,0.806,47,192.34925223444736,37.5682133270405,5.938662340343942,9.140228434581767,HiFi4 BF16 x BF16 => BF16,BFLOAT16,BFLOAT16,BFLOAT16,False,DEV_1_DRAM_INTERLEAVED,2,1,1,1438720.0,"If possible place input 0 in L1 (currently in DEV_1_DRAM_INTERLEAVED) • Output subblock 1x1 is small, try out_subblock_h * out_subblock_w >= 2 if possible • HiFi2 may also work, it discards the lowest bit of the activations and has 2x the throughput of HiFi4"
5485,0.010432178678294313,,BinaryNgDeviceOperation,0,3.053,0.563,109,,,,,"BF16, BF16 => BF16",BFLOAT16,BFLOAT16,BFLOAT16,False,DEV_1_DRAM_INTERLEAVED,,,,1439744.0,
5486,0.08504418226735613,SLOW,MatmulDeviceOperation 32 x 1536 x 2048,0,28.969,0.509,63,225.09689668266074,43.964237633332175,6.949725292554108,7.979824933580096,HiFi4 BF16 x BF16 => BF16,BFLOAT16,BFLOAT16,BFLOAT16,False,DEV_1_DRAM_INTERLEAVED,2,1,1,1440768.0,"If possible place input 0 in L1 (currently in DEV_1_DRAM_INTERLEAVED) • Output subblock 1x1 is small, try out_subblock_h * out_subblock_w >= 2 if possible • HiFi2 may also work, it discards the lowest bit of the activations and has 2x the throughput of HiFi4"
5487,0.009309911668931348,,BinaryNgDeviceOperation,0,2.668,0.559,109,,,,,"BF16, BF16 => BF16",BFLOAT16,BFLOAT16,BFLOAT16,False,DEV_1_DRAM_INTERLEAVED,,,,1441792.0,
5488,0.008109749520101028,,BinaryNgDeviceOperation,0,2.293,0.518,109,,,,,"BF16, BF16 => BF16",BFLOAT16,BFLOAT16,BFLOAT16,False,DEV_1_DRAM_INTERLEAVED,,,,1442816.0,
5489,0.12230979398957066,,UntilizeCodegenDeviceOperation,0,4.713,37.682,109,,,,,BF16 => BF16,BFLOAT16,BFLOAT16,nan,False,DEV_1_DRAM_INTERLEAVED,,,,1357824.0,
5490,0.03382091555465825,,UntilizeCodegenDeviceOperation,0,4.707,7.016,109,,,,,BF16 => BF16,BFLOAT16,BFLOAT16,nan,False,DEV_1_DRAM_INTERLEAVED,,,,1360896.0,
5491,0.1291559112472013,SLOW,MatmulDeviceOperation 32 x 2048 x 1344,0,33.01,11.758,41,173.34480460466523,33.85640714934868,5.336587943047561,9.415558560311442,HiFi4 BF16 x BF16 => BF16,BFLOAT16,BFLOAT16,BFLOAT16,False,DEV_1_DRAM_INTERLEAVED,2,1,1,1367040.0,"If possible place input 0 in L1 (currently in DEV_1_DRAM_INTERLEAVED) • Output subblock 1x1 is small, try out_subblock_h * out_subblock_w >= 2 if possible • HiFi2 may also work, it discards the lowest bit of the activations and has 2x the throughput of HiFi4"
5492,0.006684556968365025,,SliceDeviceOperation,0,1.681,0.636,23,,,,,BF16 => BF16,BFLOAT16,BFLOAT16,nan,False,DEV_1_DRAM_INTERLEAVED,,,,1368064.0,
5493,0.006621086854724959,,SliceDeviceOperation,0,1.687,0.608,15,,,,,BF16 => BF16,BFLOAT16,BFLOAT16,nan,False,DEV_1_DRAM_INTERLEAVED,,,,1369088.0,
5494,0.005896950558195127,,SliceDeviceOperation,0,0.816,1.228,1,,,,,BF16 => BF16,BFLOAT16,BFLOAT16,nan,False,DEV_1_DRAM_INTERLEAVED,,,,1370112.0,
5495,0.05176276267863844,,ConcatDeviceOperation,0,1.014,16.928,17,,,,,"BF16, BF16 => BF16",BFLOAT16,BFLOAT16,BFLOAT16,False,DEV_1_DRAM_INTERLEAVED,,,,1375232.0,
5496,0.10764242772838473,DRAM,MatmulDeviceOperation 32 x 768 x 5120,0,21.712,15.599,79,379.5666912306558,74.13411938098746,11.590744288872513,10.613301659261193,HiFi4 BF16 x BF16 => BF16,BFLOAT16,BFLOAT16,BFLOAT16,False,DEV_1_DRAM_INTERLEAVED,2,1,2,1377280.0,Try a DRAM-sharded program config (MatmulMultiCoreReuseMultiCastDRAMShardedProgramConfig) to improve throughput further
5497,0.04706885927443908,,ReshapeViewDeviceOperation,0,0.211,16.104,109,,,,,BF16 => BF16,BFLOAT16,BFLOAT16,nan,False,DEV_1_DRAM_INTERLEAVED,,,,1379328.0,
5498,0.04361550809138646,,SliceDeviceOperation,0,0.906,14.212,5,,,,,BF16 => BF16,BFLOAT16,BFLOAT16,nan,False,DEV_1_DRAM_INTERLEAVED,,,,1381376.0,
5499,0.006459526565459339,,SliceDeviceOperation,0,0.819,1.42,1,,,,,BF16 => BF16,BFLOAT16,BFLOAT16,nan,False,DEV_1_DRAM_INTERLEAVED,,,,1382400.0,
5500,0.01182275116804483,,TransposeDeviceOperation,0,3.421,0.677,109,,,,,BF16 => BF16,BFLOAT16,BFLOAT16,nan,False,DEV_1_DRAM_INTERLEAVED,,,,1383424.0,
5501,0.15649710520024201,SLOW,MatmulDeviceOperation b={20} x 32 x 192 x 512,0,53.79,0.455,15,89.85461981781,17.549730433166015,2.339266034578918,11.281182651325802,HiFi4 BF16 x BF16 => BF16,BFLOAT16,BFLOAT16,BFLOAT16,False,DEV_1_DRAM_INTERLEAVED,2,1,1,1384448.0,"If possible place input 0 in L1 (currently in DEV_1_DRAM_INTERLEAVED) • Output subblock 1x1 is small, try out_subblock_h * out_subblock_w >= 2 if possible • HiFi2 may also work, it discards the lowest bit of the activations and has 2x the throughput of HiFi4"
5502,0.011343840310578885,,TransposeDeviceOperation,0,3.401,0.531,109,,,,,BF16 => BF16,BFLOAT16,BFLOAT16,nan,False,DEV_1_DRAM_INTERLEAVED,,,,1385472.0,
5503,0.02165484877192398,,ConcatDeviceOperation,0,1.039,6.467,17,,,,,"BF16, BF16 => BF16",BFLOAT16,BFLOAT16,BFLOAT16,False,DEV_1_DRAM_INTERLEAVED,,,,1389568.0,
5504,0.12309451539457508,,SdpaDecodeDeviceOperation,0,31.863,10.804,109,,,,,"BF16, BF16 => BF16",BFLOAT16,BFLOAT16,BFLOAT16,False,DEV_1_DRAM_INTERLEAVED,,,,1392640.0,
5505,0.03618373478516795,,TransposeDeviceOperation,0,3.167,9.375,109,,,,,BF16 => BF16,BFLOAT16,BFLOAT16,nan,False,DEV_1_DRAM_INTERLEAVED,,,,1393664.0,
5506,0.3520167902684621,SLOW,MatmulDeviceOperation b={20} x 32 x 512 x 256,0,121.241,0.775,7,51.35160547999438,10.029610445311404,1.383790631881954,14.300085068224554,HiFi4 BF16 x BF16 => BF16,BFLOAT16,BFLOAT16,BFLOAT16,False,DEV_1_DRAM_INTERLEAVED,2,1,1,1394688.0,"If possible place input 0 in L1 (currently in DEV_1_DRAM_INTERLEAVED) • Output subblock 1x1 is small, try out_subblock_h * out_subblock_w >= 2 if possible • HiFi2 may also work, it discards the lowest bit of the activations and has 2x the throughput of HiFi4"
5507,0.008216494711222957,,TransposeDeviceOperation,0,2.333,0.515,109,,,,,BF16 => BF16,BFLOAT16,BFLOAT16,nan,False,DEV_1_DRAM_INTERLEAVED,,,,1395712.0,
5508,0.010942824592580292,,NLPConcatHeadsDecodeDeviceOperation,0,1.593,2.2,19,,,,,BF16 => BF16,BFLOAT16,BFLOAT16,nan,False,DEV_1_L1_HEIGHT_SHARDED,,,,1397760.0,
5509,0.008473260170948673,,ShardedToInterleavedDeviceOperation,0,1.714,1.223,19,,,,,BF16 => BF16,BFLOAT16,BFLOAT16,nan,False,DEV_1_L1_WIDTH_SHARDED,,,,1398784.0,
5510,0.008340549933337629,,SliceDeviceOperation,0,2.312,0.579,109,,,,,BF16 => BF16,BFLOAT16,BFLOAT16,nan,False,DEV_1_DRAM_INTERLEAVED,,,,1399808.0,
5511,0.2658070659142612,SLOW,MatmulDeviceOperation 32 x 5120 x 2048,0,91.615,0.519,63,233.91662937291926,45.686841674398295,7.325095672106095,8.410833324269381,HiFi4 BF16 x BF16 => BF16,BFLOAT16,BFLOAT16,BFLOAT16,False,DEV_1_DRAM_INTERLEAVED,2,1,1,1400832.0,"If possible place input 0 in L1 (currently in DEV_1_DRAM_INTERLEAVED) • Output subblock 1x1 is small, try out_subblock_h * out_subblock_w >= 2 if possible • HiFi2 may also work, it discards the lowest bit of the activations and has 2x the throughput of HiFi4"
5512,0.008946401018083703,,BinaryNgDeviceOperation,0,2.539,0.562,109,,,,,"BF16, BF16 => BF16",BFLOAT16,BFLOAT16,BFLOAT16,False,DEV_1_DRAM_INTERLEAVED,,,,1401856.0,
5513,0.17331668531485922,SLOW,MatmulDeviceOperation 32 x 2048 x 64,0,25.337,34.738,1,26.189051584639063,5.115049137624817,0.33108134348975804,23.949749963090134,HiFi4 BF16 x FP32 => FP32,FLOAT32,BFLOAT16,FLOAT32,False,DEV_1_DRAM_INTERLEAVED,2,1,1,1403904.0,"If possible place input 0 in L1 (currently in DEV_1_DRAM_INTERLEAVED) • Output subblock 1x1 is small, try out_subblock_h * out_subblock_w >= 2 if possible • HiFi2 may also work, it discards the lowest bit of the activations and has 2x the throughput of HiFi4"
5514,0.010844734416954738,,UnaryDeviceOperation,0,3.22,0.539,109,,,,,FP32 => FP32,FLOAT32,FLOAT32,nan,False,DEV_1_DRAM_INTERLEAVED,,,,1404928.0,
5515,0.009073341245363832,,BinaryNgDeviceOperation,0,2.613,0.532,109,,,,,"FP32, FP32 => FP32",FLOAT32,FLOAT32,FLOAT32,False,DEV_1_DRAM_INTERLEAVED,,,,1405952.0,
5516,0.013522019210499297,,FillPadDeviceOperation,0,4.059,0.628,1,,,,,FP32 => FP32,FLOAT32,FLOAT32,nan,False,DEV_1_DRAM_INTERLEAVED,,,,1406976.0,
5517,0.02393111784746995,,BinaryNgDeviceOperation,0,4.284,4.011,109,,,,,"FP32, FP32 => FP32",FLOAT32,FLOAT32,FLOAT32,False,DEV_1_DRAM_INTERLEAVED,,,,1409024.0,
5518,0.0075471735128368155,,TypecastDeviceOperation,0,1.267,1.349,1,,,,,FP32 => BF16,BFLOAT16,FLOAT32,nan,False,DEV_1_DRAM_INTERLEAVED,,,,1410048.0,
5519,0.015928113518490848,,FillPadDeviceOperation,0,3.997,1.524,1,,,,,BF16 => BF16,BFLOAT16,BFLOAT16,nan,False,DEV_1_DRAM_INTERLEAVED,,,,1411072.0,
5520,0.08987945092466292,,SliceDeviceOperation,0,0.89,30.264,1,,,,,FP32 => FP32,FLOAT32,FLOAT32,nan,False,DEV_1_DRAM_INTERLEAVED,,,,1416192.0,
5521,0.14112002766835355,,BinaryNgDeviceOperation,0,2.581,46.334,109,,,,,FP32 => FP32,FLOAT32,FLOAT32,nan,False,DEV_1_DRAM_INTERLEAVED,,,,1420288.0,
5522,0.006401826462150188,,BinaryNgDeviceOperation,0,0.284,1.935,108,,,,,"FP32, FP32 => FP32",FLOAT32,FLOAT32,FLOAT32,False,DEV_1_DRAM_INTERLEAVED,,,,1421312.0,
5523,0.03071376499146053,,PermuteDeviceOperation,0,2.044,8.602,2,,,,,BF16 => BF16,BFLOAT16,BFLOAT16,nan,False,DEV_1_DRAM_INTERLEAVED,,,,1423360.0,
5524,0.02773932466587385,,UnaryDeviceOperation,0,4.968,4.647,108,,,,,BF16 => BF16,BFLOAT16,BFLOAT16,nan,False,DEV_1_DRAM_INTERLEAVED,,,,1425408.0,
5525,0.34370509038677904,,SparseMatmulDeviceOperation active=?/64 x 32 x 2048 x 3072,0,118.556,0.579,30,,,,,HiFi2 BF16 x BFP8 => BF16,BFLOAT16,BFLOAT16,BFLOAT8_B,False,DEV_1_DRAM_INTERLEAVED,8,1,1,1426432.0,Sparse matmul utilization is omitted because the CSV row has nnz=std::nullopt; pass --active-experts K to model K active experts per input batch group
5526,0.009488781989189713,,SliceDeviceOperation,0,2.764,0.525,108,,,,,BF16 => BF16,BFLOAT16,BFLOAT16,nan,False,DEV_1_DRAM_INTERLEAVED,,,,1427456.0,
5527,0.009390691813564158,,SliceDeviceOperation,0,2.778,0.477,108,,,,,BF16 => BF16,BFLOAT16,BFLOAT16,nan,False,DEV_1_DRAM_INTERLEAVED,,,,1428480.0,
5528,0.020720107098315753,,BinaryNgDeviceOperation,0,6.584,0.598,108,,,,,"BF16, BF16 => BF16",BFLOAT16,BFLOAT16,BFLOAT16,False,DEV_1_DRAM_INTERLEAVED,,,,1429504.0,
5529,0.013992275052468868,,BinaryNgDeviceOperation,0,4.352,0.498,108,,,,,"BF16, BF16 => BF16",BFLOAT16,BFLOAT16,BFLOAT16,False,DEV_1_DRAM_INTERLEAVED,,,,1430528.0,
5530,0.01139288539839166,,UnaryDeviceOperation,0,3.451,0.498,108,,,,,BF16 => BF16,BFLOAT16,BFLOAT16,nan,False,DEV_1_DRAM_INTERLEAVED,,,,1431552.0,
5531,0.20763670676314164,,SparseMatmulDeviceOperation active=?/64 x 32 x 1536 x 2048,0,71.455,0.516,30,,,,,HiFi2 BF16 x BFP8 => BF16,BFLOAT16,BFLOAT16,BFLOAT8_B,False,DEV_1_DRAM_INTERLEAVED,8,1,1,1432576.0,Sparse matmul utilization is omitted because the CSV row has nnz=std::nullopt; pass --active-experts K to model K active experts per input batch group
5532,0.018088982387418517,,FillPadDeviceOperation,0,5.713,0.557,108,,,,,BF16 => BF16,BFLOAT16,BFLOAT16,nan,False,DEV_1_DRAM_INTERLEAVED,,,,1433600.0,
5533,0.009379151792902328,,FastReduceNCDeviceOperation,0,2.662,0.589,62,,,,,BF16 => BF16,BFLOAT16,BFLOAT16,nan,False,DEV_1_DRAM_INTERLEAVED,,,,1434624.0,
5534,0.006419136493142933,,SliceDeviceOperation,0,1.65,0.575,62,,,,,BF16 => BF16,BFLOAT16,BFLOAT16,nan,False,DEV_1_DRAM_INTERLEAVED,,,,1435648.0,
5535,0.09993946393661321,SLOW,MatmulDeviceOperation 32 x 2048 x 1536,0,34.182,0.459,46,190.76800655315665,37.25937627991341,5.889842373178866,9.262156509754407,HiFi4 BF16 x BF16 => BF16,BFLOAT16,BFLOAT16,BFLOAT16,False,DEV_1_DRAM_INTERLEAVED,2,1,1,1436672.0,"If possible place input 0 in L1 (currently in DEV_1_DRAM_INTERLEAVED) • Output subblock 1x1 is small, try out_subblock_h * out_subblock_w >= 2 if possible • HiFi2 may also work, it discards the lowest bit of the activations and has 2x the throughput of HiFi4"
5536,0.009806132557390037,,UnaryDeviceOperation,0,2.841,0.558,108,,,,,BF16 => BF16,BFLOAT16,BFLOAT16,nan,False,DEV_1_DRAM_INTERLEAVED,,,,1437696.0,
5537,0.10016737934468434,SLOW,MatmulDeviceOperation 32 x 2048 x 1536,0,33.939,0.781,46,192.13388726833435,37.526149857096556,5.932013082294705,9.32847266614883,HiFi4 BF16 x BF16 => BF16,BFLOAT16,BFLOAT16,BFLOAT16,False,DEV_1_DRAM_INTERLEAVED,2,1,1,1438720.0,"If possible place input 0 in L1 (currently in DEV_1_DRAM_INTERLEAVED) • Output subblock 1x1 is small, try out_subblock_h * out_subblock_w >= 2 if possible • HiFi2 may also work, it discards the lowest bit of the activations and has 2x the throughput of HiFi4"
5538,0.010556233900408987,,BinaryNgDeviceOperation,0,3.099,0.56,108,,,,,"BF16, BF16 => BF16",BFLOAT16,BFLOAT16,BFLOAT16,False,DEV_1_DRAM_INTERLEAVED,,,,1439744.0,
5539,0.08535576282522556,SLOW,MatmulDeviceOperation 32 x 1536 x 2048,0,29.073,0.513,62,224.29167956523233,43.80696866508444,6.924864719843153,8.079525929476498,HiFi4 BF16 x BF16 => BF16,BFLOAT16,BFLOAT16,BFLOAT16,False,DEV_1_DRAM_INTERLEAVED,2,1,1,1440768.0,"If possible place input 0 in L1 (currently in DEV_1_DRAM_INTERLEAVED) • Output subblock 1x1 is small, try out_subblock_h * out_subblock_w >= 2 if possible • HiFi2 may also work, it discards the lowest bit of the activations and has 2x the throughput of HiFi4"
5540,0.009009871131723768,,BinaryNgDeviceOperation,0,2.567,0.556,108,,,,,"BF16, BF16 => BF16",BFLOAT16,BFLOAT16,BFLOAT16,False,DEV_1_DRAM_INTERLEAVED,,,,1441792.0,
5541,0.00802608437030276,,BinaryNgDeviceOperation,0,2.231,0.551,108,,,,,"BF16, BF16 => BF16",BFLOAT16,BFLOAT16,BFLOAT16,False,DEV_1_DRAM_INTERLEAVED,,,,1442816.0,
5542,0.12231844900506704,,UntilizeCodegenDeviceOperation,0,4.743,37.655,108,,,,,BF16 => BF16,BFLOAT16,BFLOAT16,nan,False,DEV_1_DRAM_INTERLEAVED,,,,1357824.0,
5543,0.03403440593690211,,UntilizeCodegenDeviceOperation,0,4.719,7.078,108,,,,,BF16 => BF16,BFLOAT16,BFLOAT16,nan,False,DEV_1_DRAM_INTERLEAVED,,,,1360896.0,
5544,0.12899435095793568,SLOW,MatmulDeviceOperation 32 x 2048 x 1344,0,33.005,11.707,40,173.371064990153,33.861536130889256,5.337396394485683,9.652409567573935,HiFi4 BF16 x BF16 => BF16,BFLOAT16,BFLOAT16,BFLOAT16,False,DEV_1_DRAM_INTERLEAVED,2,1,1,1367040.0,"If possible place input 0 in L1 (currently in DEV_1_DRAM_INTERLEAVED) • Output subblock 1x1 is small, try out_subblock_h * out_subblock_w >= 2 if possible • HiFi2 may also work, it discards the lowest bit of the activations and has 2x the throughput of HiFi4"
5545,0.006661476927041364,,SliceDeviceOperation,0,1.67,0.639,22,,,,,BF16 => BF16,BFLOAT16,BFLOAT16,nan,False,DEV_1_DRAM_INTERLEAVED,,,,1368064.0,
5546,0.006603776823732215,,SliceDeviceOperation,0,1.681,0.608,14,,,,,BF16 => BF16,BFLOAT16,BFLOAT16,nan,False,DEV_1_DRAM_INTERLEAVED,,,,1369088.0,
5547,0.05784146856225739,,ConcatDeviceOperation,0,1.029,19.02,16,,,,,"BF16, BF16 => BF16",BFLOAT16,BFLOAT16,BFLOAT16,False,DEV_1_DRAM_INTERLEAVED,,,,1375232.0,
5548,0.10820211873048349,DRAM,MatmulDeviceOperation 32 x 768 x 5120,0,22.004,15.501,78,374.5297218687511,73.15033630249044,11.436931467005998,10.60672211372084,HiFi4 BF16 x BF16 => BF16,BFLOAT16,BFLOAT16,BFLOAT16,False,DEV_1_DRAM_INTERLEAVED,2,1,2,1377280.0,Try a DRAM-sharded program config (MatmulMultiCoreReuseMultiCastDRAMShardedProgramConfig) to improve throughput further
5549,0.046823633835375196,,ReshapeViewDeviceOperation,0,0.22,16.01,108,,,,,BF16 => BF16,BFLOAT16,BFLOAT16,nan,False,DEV_1_DRAM_INTERLEAVED,,,,1379328.0,
5550,0.04356646300357368,,SliceDeviceOperation,0,0.892,14.209,4,,,,,BF16 => BF16,BFLOAT16,BFLOAT16,nan,False,DEV_1_DRAM_INTERLEAVED,,,,1381376.0,
5551,0.01631758921582761,,TransposeDeviceOperation,0,2.796,2.86,108,,,,,BF16 => BF16,BFLOAT16,BFLOAT16,nan,False,DEV_1_DRAM_INTERLEAVED,,,,1383424.0,
5552,0.15699044108353521,SLOW,MatmulDeviceOperation b={20} x 32 x 192 x 512,0,53.473,0.943,14,90.38729826267462,17.653769191928635,2.353133731041834,12.158635763071645,HiFi4 BF16 x BF16 => BF16,BFLOAT16,BFLOAT16,BFLOAT16,False,DEV_1_DRAM_INTERLEAVED,2,1,1,1384448.0,"If possible place input 0 in L1 (currently in DEV_1_DRAM_INTERLEAVED) • Output subblock 1x1 is small, try out_subblock_h * out_subblock_w >= 2 if possible • HiFi2 may also work, it discards the lowest bit of the activations and has 2x the throughput of HiFi4"
5553,0.011141889948996859,,TransposeDeviceOperation,0,3.335,0.527,108,,,,,BF16 => BF16,BFLOAT16,BFLOAT16,nan,False,DEV_1_DRAM_INTERLEAVED,,,,1385472.0,
5554,0.021698123849405844,,ConcatDeviceOperation,0,1.032,6.489,16,,,,,"BF16, BF16 => BF16",BFLOAT16,BFLOAT16,BFLOAT16,False,DEV_1_DRAM_INTERLEAVED,,,,1389568.0,
5555,0.12298488519828771,,SdpaDecodeDeviceOperation,0,31.738,10.891,108,,,,,"BF16, BF16 => BF16",BFLOAT16,BFLOAT16,BFLOAT16,False,DEV_1_DRAM_INTERLEAVED,,,,1392640.0,
5556,0.0358952342686222,,TransposeDeviceOperation,0,3.079,9.363,108,,,,,BF16 => BF16,BFLOAT16,BFLOAT16,nan,False,DEV_1_DRAM_INTERLEAVED,,,,1393664.0,
5557,0.35240338096063345,SLOW,MatmulDeviceOperation b={20} x 32 x 512 x 256,0,121.236,0.914,7,51.353723316506645,10.030024085255205,1.3838477020027053,14.300674830550445,HiFi4 BF16 x BF16 => BF16,BFLOAT16,BFLOAT16,BFLOAT16,False,DEV_1_DRAM_INTERLEAVED,2,1,1,1394688.0,"If possible place input 0 in L1 (currently in DEV_1_DRAM_INTERLEAVED) • Output subblock 1x1 is small, try out_subblock_h * out_subblock_w >= 2 if possible • HiFi2 may also work, it discards the lowest bit of the activations and has 2x the throughput of HiFi4"
5558,0.008294389850690309,,TransposeDeviceOperation,0,2.362,0.513,108,,,,,BF16 => BF16,BFLOAT16,BFLOAT16,nan,False,DEV_1_DRAM_INTERLEAVED,,,,1395712.0,
5559,0.010850504427285652,,NLPConcatHeadsDecodeDeviceOperation,0,1.59,2.171,18,,,,,BF16 => BF16,BFLOAT16,BFLOAT16,nan,False,DEV_1_L1_HEIGHT_SHARDED,,,,1397760.0,
5560,0.008375169995323117,,ShardedToInterleavedDeviceOperation,0,1.635,1.268,18,,,,,BF16 => BF16,BFLOAT16,BFLOAT16,nan,False,DEV_1_L1_WIDTH_SHARDED,,,,1398784.0,
5561,0.008380940005654033,,SliceDeviceOperation,0,2.34,0.565,108,,,,,BF16 => BF16,BFLOAT16,BFLOAT16,nan,False,DEV_1_DRAM_INTERLEAVED,,,,1399808.0,
5562,0.2667129575362148,SLOW,MatmulDeviceOperation 32 x 5120 x 2048,0,91.91,0.538,62,233.16583614405394,45.540202371885535,7.301584593624197,8.519060579105293,HiFi4 BF16 x BF16 => BF16,BFLOAT16,BFLOAT16,BFLOAT16,False,DEV_1_DRAM_INTERLEAVED,2,1,1,1400832.0,"If possible place input 0 in L1 (currently in DEV_1_DRAM_INTERLEAVED) • Output subblock 1x1 is small, try out_subblock_h * out_subblock_w >= 2 if possible • HiFi2 may also work, it discards the lowest bit of the activations and has 2x the throughput of HiFi4"
5563,0.009090651276356576,,BinaryNgDeviceOperation,0,2.584,0.567,108,,,,,"BF16, BF16 => BF16",BFLOAT16,BFLOAT16,BFLOAT16,False,DEV_1_DRAM_INTERLEAVED,,,,1401856.0,
5564,0.17238482864641644,SLOW,MatmulDeviceOperation 32 x 2048 x 64,0,25.35,34.402,1,26.175621301775145,5.112426035502958,0.3309115581854043,23.93746804003214,HiFi4 BF16 x FP32 => FP32,FLOAT32,BFLOAT16,FLOAT32,False,DEV_1_DRAM_INTERLEAVED,2,1,1,1403904.0,"If possible place input 0 in L1 (currently in DEV_1_DRAM_INTERLEAVED) • Output subblock 1x1 is small, try out_subblock_h * out_subblock_w >= 2 if possible • HiFi2 may also work, it discards the lowest bit of the activations and has 2x the throughput of HiFi4"
5565,0.01087646947377477,,UnaryDeviceOperation,0,3.239,0.531,108,,,,,FP32 => FP32,FLOAT32,FLOAT32,nan,False,DEV_1_DRAM_INTERLEAVED,,,,1404928.0,
5566,0.009073341245363832,,BinaryNgDeviceOperation,0,2.617,0.528,108,,,,,"FP32, FP32 => FP32",FLOAT32,FLOAT32,FLOAT32,False,DEV_1_DRAM_INTERLEAVED,,,,1405952.0,
5567,0.037383896933998274,,BinaryNgDeviceOperation,0,4.299,8.659,108,,,,,"FP32, FP32 => FP32",FLOAT32,FLOAT32,FLOAT32,False,DEV_1_DRAM_INTERLEAVED,,,,1409024.0,
5568,0.2544430305675241,,BinaryNgDeviceOperation,0,2.581,85.614,108,,,,,FP32 => FP32,FLOAT32,FLOAT32,nan,False,DEV_1_DRAM_INTERLEAVED,,,,1420288.0,
5569,0.006349896369171954,,BinaryNgDeviceOperation,0,0.28,1.921,108,,,,,"FP32, FP32 => FP32",FLOAT32,FLOAT32,FLOAT32,False,DEV_1_DRAM_INTERLEAVED,,,,1421312.0,
5570,0.030774350099935135,,PermuteDeviceOperation,0,2.045,8.622,2,,,,,BF16 => BF16,BFLOAT16,BFLOAT16,nan,False,DEV_1_DRAM_INTERLEAVED,,,,1423360.0,
5571,0.027306573891055223,,UnaryDeviceOperation,0,4.827,4.638,108,,,,,BF16 => BF16,BFLOAT16,BFLOAT16,nan,False,DEV_1_DRAM_INTERLEAVED,,,,1425408.0,
5572,0.34323771954997495,,SparseMatmulDeviceOperation active=?/64 x 32 x 2048 x 3072,0,118.386,0.587,30,,,,,HiFi2 BF16 x BFP8 => BF16,BFLOAT16,BFLOAT16,BFLOAT8_B,False,DEV_1_DRAM_INTERLEAVED,8,1,1,1426432.0,Sparse matmul utilization is omitted because the CSV row has nnz=std::nullopt; pass --active-experts K to model K active experts per input batch group
5573,0.00933010670508955,,SliceDeviceOperation,0,2.692,0.542,108,,,,,BF16 => BF16,BFLOAT16,BFLOAT16,nan,False,DEV_1_DRAM_INTERLEAVED,,,,1427456.0,
5574,0.01029658343551781,,SliceDeviceOperation,0,3.042,0.527,108,,,,,BF16 => BF16,BFLOAT16,BFLOAT16,nan,False,DEV_1_DRAM_INTERLEAVED,,,,1428480.0,
5575,0.02046045663342458,,BinaryNgDeviceOperation,0,6.544,0.548,108,,,,,"BF16, BF16 => BF16",BFLOAT16,BFLOAT16,BFLOAT16,False,DEV_1_DRAM_INTERLEAVED,,,,1429504.0,
5576,0.013908609902670599,,BinaryNgDeviceOperation,0,4.276,0.545,108,,,,,"BF16, BF16 => BF16",BFLOAT16,BFLOAT16,BFLOAT16,False,DEV_1_DRAM_INTERLEAVED,,,,1430528.0,
5577,0.0114852055636863,,UnaryDeviceOperation,0,3.417,0.564,108,,,,,BF16 => BF16,BFLOAT16,BFLOAT16,nan,False,DEV_1_DRAM_INTERLEAVED,,,,1431552.0,
5578,0.20853682837476437,,SparseMatmulDeviceOperation active=?/64 x 32 x 1536 x 2048,0,71.67,0.613,30,,,,,HiFi2 BF16 x BFP8 => BF16,BFLOAT16,BFLOAT16,BFLOAT8_B,False,DEV_1_DRAM_INTERLEAVED,8,1,1,1432576.0,Sparse matmul utilization is omitted because the CSV row has nnz=std::nullopt; pass --active-experts K to model K active experts per input batch group
5579,0.017990892211792963,,FillPadDeviceOperation,0,5.676,0.56,108,,,,,BF16 => BF16,BFLOAT16,BFLOAT16,nan,False,DEV_1_DRAM_INTERLEAVED,,,,1433600.0,
5580,0.009301256653434975,,FastReduceNCDeviceOperation,0,2.637,0.587,62,,,,,BF16 => BF16,BFLOAT16,BFLOAT16,nan,False,DEV_1_DRAM_INTERLEAVED,,,,1434624.0,
5581,0.0066585919218759065,,SliceDeviceOperation,0,1.744,0.564,62,,,,,BF16 => BF16,BFLOAT16,BFLOAT16,nan,False,DEV_1_DRAM_INTERLEAVED,,,,1435648.0,
5582,0.09983560375065673,SLOW,MatmulDeviceOperation 32 x 2048 x 1536,0,34.104,0.501,46,191.20431620924228,37.34459300961763,5.903313159746657,9.283340189315771,HiFi4 BF16 x BF16 => BF16,BFLOAT16,BFLOAT16,BFLOAT16,False,DEV_1_DRAM_INTERLEAVED,2,1,1,1436672.0,"If possible place input 0 in L1 (currently in DEV_1_DRAM_INTERLEAVED) • Output subblock 1x1 is small, try out_subblock_h * out_subblock_w >= 2 if possible • HiFi2 may also work, it discards the lowest bit of the activations and has 2x the throughput of HiFi4"
5583,0.010443718698956146,,UnaryDeviceOperation,0,3.061,0.559,108,,,,,BF16 => BF16,BFLOAT16,BFLOAT16,nan,False,DEV_1_DRAM_INTERLEAVED,,,,1437696.0,
5584,0.10017891936534616,SLOW,MatmulDeviceOperation 32 x 2048 x 1536,0,34.064,0.66,46,191.4288398309065,37.38844527947393,5.910245185533113,9.294241246372271,HiFi4 BF16 x BF16 => BF16,BFLOAT16,BFLOAT16,BFLOAT16,False,DEV_1_DRAM_INTERLEAVED,2,1,1,1438720.0,"If possible place input 0 in L1 (currently in DEV_1_DRAM_INTERLEAVED) • Output subblock 1x1 is small, try out_subblock_h * out_subblock_w >= 2 if possible • HiFi2 may also work, it discards the lowest bit of the activations and has 2x the throughput of HiFi4"
5585,0.010051357996453925,,BinaryNgDeviceOperation,0,2.914,0.57,108,,,,,"BF16, BF16 => BF16",BFLOAT16,BFLOAT16,BFLOAT16,False,DEV_1_DRAM_INTERLEAVED,,,,1439744.0,
5586,0.08538461287688012,SLOW,MatmulDeviceOperation 32 x 1536 x 2048,0,29.049,0.547,62,224.47698715962684,43.84316155461462,6.93058597542084,8.086201154864892,HiFi4 BF16 x BF16 => BF16,BFLOAT16,BFLOAT16,BFLOAT16,False,DEV_1_DRAM_INTERLEAVED,2,1,1,1440768.0,"If possible place input 0 in L1 (currently in DEV_1_DRAM_INTERLEAVED) • Output subblock 1x1 is small, try out_subblock_h * out_subblock_w >= 2 if possible • HiFi2 may also work, it discards the lowest bit of the activations and has 2x the throughput of HiFi4"
5587,0.008536730284588736,,BinaryNgDeviceOperation,0,2.401,0.558,108,,,,,"BF16, BF16 => BF16",BFLOAT16,BFLOAT16,BFLOAT16,False,DEV_1_DRAM_INTERLEAVED,,,,1441792.0,
5588,0.008822345795969029,,BinaryNgDeviceOperation,0,2.517,0.541,108,,,,,"BF16, BF16 => BF16",BFLOAT16,BFLOAT16,BFLOAT16,False,DEV_1_DRAM_INTERLEAVED,,,,1442816.0,
5589,0.12230402397923974,,UntilizeCodegenDeviceOperation,0,4.673,37.72,108,,,,,BF16 => BF16,BFLOAT16,BFLOAT16,nan,False,DEV_1_DRAM_INTERLEAVED,,,,1357824.0,
5590,0.033670895286054464,,UntilizeCodegenDeviceOperation,0,4.681,6.99,108,,,,,BF16 => BF16,BFLOAT16,BFLOAT16,nan,False,DEV_1_DRAM_INTERLEAVED,,,,1360896.0,
5591,0.12927419645898505,SLOW,MatmulDeviceOperation 32 x 2048 x 1344,0,32.981,11.828,40,173.49722567538885,33.88617688972438,5.341280373548407,9.65943354591364,HiFi4 BF16 x BF16 => BF16,BFLOAT16,BFLOAT16,BFLOAT16,False,DEV_1_DRAM_INTERLEAVED,2,1,1,1367040.0,"If possible place input 0 in L1 (currently in DEV_1_DRAM_INTERLEAVED) • Output subblock 1x1 is small, try out_subblock_h * out_subblock_w >= 2 if possible • HiFi2 may also work, it discards the lowest bit of the activations and has 2x the throughput of HiFi4"
5592,0.006675901952868652,,SliceDeviceOperation,0,1.676,0.638,22,,,,,BF16 => BF16,BFLOAT16,BFLOAT16,nan,False,DEV_1_DRAM_INTERLEAVED,,,,1368064.0,
5593,0.006540306710092148,,SliceDeviceOperation,0,1.591,0.676,14,,,,,BF16 => BF16,BFLOAT16,BFLOAT16,nan,False,DEV_1_DRAM_INTERLEAVED,,,,1369088.0,
5594,0.05775491840729367,,ConcatDeviceOperation,0,1.044,18.975,16,,,,,"BF16, BF16 => BF16",BFLOAT16,BFLOAT16,BFLOAT16,False,DEV_1_DRAM_INTERLEAVED,,,,1375232.0,
5595,0.10913974540925717,DRAM,MatmulDeviceOperation 32 x 768 x 5120,0,22.261,15.569,78,370.20583082520994,72.30582633304881,11.30489376038812,10.4842690530665,HiFi4 BF16 x BF16 => BF16,BFLOAT16,BFLOAT16,BFLOAT16,False,DEV_1_DRAM_INTERLEAVED,2,1,2,1377280.0,Try a DRAM-sharded program config (MatmulMultiCoreReuseMultiCastDRAMShardedProgramConfig) to improve throughput further
5596,0.04683228885087156,,ReshapeViewDeviceOperation,0,0.208,16.025,108,,,,,BF16 => BF16,BFLOAT16,BFLOAT16,nan,False,DEV_1_DRAM_INTERLEAVED,,,,1379328.0,
5597,0.04351741791576091,,SliceDeviceOperation,0,0.837,14.247,4,,,,,BF16 => BF16,BFLOAT16,BFLOAT16,nan,False,DEV_1_DRAM_INTERLEAVED,,,,1381376.0,
5598,0.016456069463769575,,TransposeDeviceOperation,0,2.757,2.947,108,,,,,BF16 => BF16,BFLOAT16,BFLOAT16,nan,False,DEV_1_DRAM_INTERLEAVED,,,,1383424.0,
5599,0.1571837364296209,SLOW,MatmulDeviceOperation b={20} x 32 x 192 x 512,0,53.459,1.024,14,90.41096915393105,17.65839241287716,2.353749976617595,12.161819902331322,HiFi4 BF16 x BF16 => BF16,BFLOAT16,BFLOAT16,BFLOAT16,False,DEV_1_DRAM_INTERLEAVED,2,1,1,1384448.0,"If possible place input 0 in L1 (currently in DEV_1_DRAM_INTERLEAVED) • Output subblock 1x1 is small, try out_subblock_h * out_subblock_w >= 2 if possible • HiFi2 may also work, it discards the lowest bit of the activations and has 2x the throughput of HiFi4"
5600,0.011447700496535354,,TransposeDeviceOperation,0,3.441,0.527,108,,,,,BF16 => BF16,BFLOAT16,BFLOAT16,nan,False,DEV_1_DRAM_INTERLEAVED,,,,1385472.0,
5601,0.02149905849298928,,ConcatDeviceOperation,0,1.057,6.395,16,,,,,"BF16, BF16 => BF16",BFLOAT16,BFLOAT16,BFLOAT16,False,DEV_1_DRAM_INTERLEAVED,,,,1389568.0,
5602,0.12299065520861863,,SdpaDecodeDeviceOperation,0,31.781,10.85,108,,,,,"BF16, BF16 => BF16",BFLOAT16,BFLOAT16,BFLOAT16,False,DEV_1_DRAM_INTERLEAVED,,,,1392640.0,
5603,0.03592408432027677,,TransposeDeviceOperation,0,3.079,9.373,108,,,,,BF16 => BF16,BFLOAT16,BFLOAT16,nan,False,DEV_1_DRAM_INTERLEAVED,,,,1393664.0,
5604,0.3521870055732241,SLOW,MatmulDeviceOperation b={20} x 32 x 512 x 256,0,121.207,0.868,7,51.36601021393153,10.032423869908502,1.3841788015543655,14.304096411565451,HiFi4 BF16 x BF16 => BF16,BFLOAT16,BFLOAT16,BFLOAT16,False,DEV_1_DRAM_INTERLEAVED,2,1,1,1394688.0,"If possible place input 0 in L1 (currently in DEV_1_DRAM_INTERLEAVED) • Output subblock 1x1 is small, try out_subblock_h * out_subblock_w >= 2 if possible • HiFi2 may also work, it discards the lowest bit of the activations and has 2x the throughput of HiFi4"
5605,0.008132829561424689,,TransposeDeviceOperation,0,2.312,0.507,108,,,,,BF16 => BF16,BFLOAT16,BFLOAT16,nan,False,DEV_1_DRAM_INTERLEAVED,,,,1395712.0,
5606,0.010954364613242123,,NLPConcatHeadsDecodeDeviceOperation,0,1.581,2.216,18,,,,,BF16 => BF16,BFLOAT16,BFLOAT16,nan,False,DEV_1_L1_HEIGHT_SHARDED,,,,1397760.0,
5607,0.008401135041812235,,ShardedToInterleavedDeviceOperation,0,1.618,1.294,18,,,,,BF16 => BF16,BFLOAT16,BFLOAT16,nan,False,DEV_1_L1_WIDTH_SHARDED,,,,1398784.0,
5608,0.008288619840359394,,SliceDeviceOperation,0,2.329,0.544,108,,,,,BF16 => BF16,BFLOAT16,BFLOAT16,nan,False,DEV_1_DRAM_INTERLEAVED,,,,1399808.0,
5609,0.2655329904235427,SLOW,MatmulDeviceOperation 32 x 5120 x 2048,0,91.49,0.549,62,234.23622253798226,45.74926221444966,7.335103727183298,8.558168737846403,HiFi4 BF16 x BF16 => BF16,BFLOAT16,BFLOAT16,BFLOAT16,False,DEV_1_DRAM_INTERLEAVED,2,1,1,1400832.0,"If possible place input 0 in L1 (currently in DEV_1_DRAM_INTERLEAVED) • Output subblock 1x1 is small, try out_subblock_h * out_subblock_w >= 2 if possible • HiFi2 may also work, it discards the lowest bit of the activations and has 2x the throughput of HiFi4"
5610,0.008704060584185273,,BinaryNgDeviceOperation,0,2.461,0.556,108,,,,,"BF16, BF16 => BF16",BFLOAT16,BFLOAT16,BFLOAT16,False,DEV_1_DRAM_INTERLEAVED,,,,1401856.0,
5611,0.17314647001009725,SLOW,MatmulDeviceOperation 32 x 2048 x 64,0,25.388,34.628,1,26.136442413738774,5.104773908933354,0.33041625965022847,23.90163915293898,HiFi4 BF16 x FP32 => FP32,FLOAT32,BFLOAT16,FLOAT32,False,DEV_1_DRAM_INTERLEAVED,2,1,1,1403904.0,"If possible place input 0 in L1 (currently in DEV_1_DRAM_INTERLEAVED) • Output subblock 1x1 is small, try out_subblock_h * out_subblock_w >= 2 if possible • HiFi2 may also work, it discards the lowest bit of the activations and has 2x the throughput of HiFi4"
5612,0.0108880094944366,,UnaryDeviceOperation,0,3.236,0.538,108,,,,,FP32 => FP32,FLOAT32,FLOAT32,nan,False,DEV_1_DRAM_INTERLEAVED,,,,1404928.0,
5613,0.009073341245363832,,BinaryNgDeviceOperation,0,2.612,0.533,108,,,,,"FP32, FP32 => FP32",FLOAT32,FLOAT32,FLOAT32,False,DEV_1_DRAM_INTERLEAVED,,,,1405952.0,
5614,0.03721656663440173,,BinaryNgDeviceOperation,0,4.292,8.608,108,,,,,"FP32, FP32 => FP32",FLOAT32,FLOAT32,FLOAT32,False,DEV_1_DRAM_INTERLEAVED,,,,1409024.0,
5615,0.2543218603505748,,BinaryNgDeviceOperation,0,2.582,85.571,108,,,,,FP32 => FP32,FLOAT32,FLOAT32,nan,False,DEV_1_DRAM_INTERLEAVED,,,,1420288.0,
5616,0.006459526565459339,,BinaryNgDeviceOperation,0,0.282,1.957,108,,,,,"FP32, FP32 => FP32",FLOAT32,FLOAT32,FLOAT32,False,DEV_1_DRAM_INTERLEAVED,,,,1421312.0,
5617,0.03075992507410785,,PermuteDeviceOperation,0,2.051,8.611,2,,,,,BF16 => BF16,BFLOAT16,BFLOAT16,nan,False,DEV_1_DRAM_INTERLEAVED,,,,1423360.0,
5618,0.028261510600821653,,UnaryDeviceOperation,0,5.062,4.734,108,,,,,BF16 => BF16,BFLOAT16,BFLOAT16,nan,False,DEV_1_DRAM_INTERLEAVED,,,,1425408.0,
5619,0.3439474308206775,,SparseMatmulDeviceOperation active=?/64 x 32 x 2048 x 3072,0,118.638,0.581,30,,,,,HiFi2 BF16 x BFP8 => BF16,BFLOAT16,BFLOAT16,BFLOAT8_B,False,DEV_1_DRAM_INTERLEAVED,8,1,1,1426432.0,Sparse matmul utilization is omitted because the CSV row has nnz=std::nullopt; pass --active-experts K to model K active experts per input batch group
5620,0.009249326560456742,,SliceDeviceOperation,0,2.664,0.542,108,,,,,BF16 => BF16,BFLOAT16,BFLOAT16,nan,False,DEV_1_DRAM_INTERLEAVED,,,,1427456.0,
5621,0.0091570063951621,,SliceDeviceOperation,0,2.649,0.525,108,,,,,BF16 => BF16,BFLOAT16,BFLOAT16,nan,False,DEV_1_DRAM_INTERLEAVED,,,,1428480.0,
5622,0.02054412178322285,,BinaryNgDeviceOperation,0,6.596,0.525,108,,,,,"BF16, BF16 => BF16",BFLOAT16,BFLOAT16,BFLOAT16,False,DEV_1_DRAM_INTERLEAVED,,,,1429504.0,
5623,0.013516249200168381,,BinaryNgDeviceOperation,0,4.142,0.543,108,,,,,"BF16, BF16 => BF16",BFLOAT16,BFLOAT16,BFLOAT16,False,DEV_1_DRAM_INTERLEAVED,,,,1430528.0,
5624,0.01126594517111153,,UnaryDeviceOperation,0,3.328,0.577,108,,,,,BF16 => BF16,BFLOAT16,BFLOAT16,nan,False,DEV_1_DRAM_INTERLEAVED,,,,1431552.0,
5625,0.20676832020833893,,SparseMatmulDeviceOperation active=?/64 x 32 x 1536 x 2048,0,71.089,0.581,30,,,,,HiFi2 BF16 x BFP8 => BF16,BFLOAT16,BFLOAT16,BFLOAT8_B,False,DEV_1_DRAM_INTERLEAVED,8,1,1,1432576.0,Sparse matmul utilization is omitted because the CSV row has nnz=std::nullopt; pass --active-experts K to model K active experts per input batch group
5626,0.017676426648758094,,FillPadDeviceOperation,0,5.644,0.483,108,,,,,BF16 => BF16,BFLOAT16,BFLOAT16,nan,False,DEV_1_DRAM_INTERLEAVED,,,,1433600.0,
5627,0.009431081885880562,,FastReduceNCDeviceOperation,0,2.688,0.581,62,,,,,BF16 => BF16,BFLOAT16,BFLOAT16,nan,False,DEV_1_DRAM_INTERLEAVED,,,,1434624.0,
5628,0.006837462242134272,,SliceDeviceOperation,0,1.825,0.545,62,,,,,BF16 => BF16,BFLOAT16,BFLOAT16,nan,False,DEV_1_DRAM_INTERLEAVED,,,,1435648.0,
5629,0.09981540871449855,SLOW,MatmulDeviceOperation 32 x 2048 x 1536,0,34.093,0.505,46,191.266007684862,37.356642125949605,5.905217845305488,9.286335430042095,HiFi4 BF16 x BF16 => BF16,BFLOAT16,BFLOAT16,BFLOAT16,False,DEV_1_DRAM_INTERLEAVED,2,1,1,1436672.0,"If possible place input 0 in L1 (currently in DEV_1_DRAM_INTERLEAVED) • Output subblock 1x1 is small, try out_subblock_h * out_subblock_w >= 2 if possible • HiFi2 may also work, it discards the lowest bit of the activations and has 2x the throughput of HiFi4"
5630,0.009866717665864645,,UnaryDeviceOperation,0,2.862,0.558,108,,,,,BF16 => BF16,BFLOAT16,BFLOAT16,nan,False,DEV_1_DRAM_INTERLEAVED,,,,1437696.0,
5631,0.09998562401926053,SLOW,MatmulDeviceOperation 32 x 2048 x 1536,0,33.807,0.85,46,192.88407726210548,37.67267134025498,5.955174727127518,9.364895844541813,HiFi4 BF16 x BF16 => BF16,BFLOAT16,BFLOAT16,BFLOAT16,False,DEV_1_DRAM_INTERLEAVED,2,1,1,1438720.0,"If possible place input 0 in L1 (currently in DEV_1_DRAM_INTERLEAVED) • Output subblock 1x1 is small, try out_subblock_h * out_subblock_w >= 2 if possible • HiFi2 may also work, it discards the lowest bit of the activations and has 2x the throughput of HiFi4"
5632,0.01032254848200693,,BinaryNgDeviceOperation,0,3.018,0.56,108,,,,,"BF16, BF16 => BF16",BFLOAT16,BFLOAT16,BFLOAT16,False,DEV_1_DRAM_INTERLEAVED,,,,1439744.0,
5633,0.08545962301118203,SLOW,MatmulDeviceOperation 32 x 1536 x 2048,0,29.004,0.618,62,224.82526548062336,43.91118466418425,6.941338849813818,8.098746977922708,HiFi4 BF16 x BF16 => BF16,BFLOAT16,BFLOAT16,BFLOAT16,False,DEV_1_DRAM_INTERLEAVED,2,1,1,1440768.0,"If possible place input 0 in L1 (currently in DEV_1_DRAM_INTERLEAVED) • Output subblock 1x1 is small, try out_subblock_h * out_subblock_w >= 2 if possible • HiFi2 may also work, it discards the lowest bit of the activations and has 2x the throughput of HiFi4"
5634,0.00851365024326508,,BinaryNgDeviceOperation,0,2.39,0.561,108,,,,,"BF16, BF16 => BF16",BFLOAT16,BFLOAT16,BFLOAT16,False,DEV_1_DRAM_INTERLEAVED,,,,1441792.0,
5635,0.008649245486041582,,BinaryNgDeviceOperation,0,2.443,0.555,108,,,,,"BF16, BF16 => BF16",BFLOAT16,BFLOAT16,BFLOAT16,False,DEV_1_DRAM_INTERLEAVED,,,,1442816.0,
5636,0.12172125293581733,,UntilizeCodegenDeviceOperation,0,4.695,37.496,108,,,,,BF16 => BF16,BFLOAT16,BFLOAT16,nan,False,DEV_1_DRAM_INTERLEAVED,,,,1357824.0,
5637,0.03364493023956534,,UntilizeCodegenDeviceOperation,0,4.677,6.985,108,,,,,BF16 => BF16,BFLOAT16,BFLOAT16,nan,False,DEV_1_DRAM_INTERLEAVED,,,,1360896.0,
5638,0.12930016150547416,SLOW,MatmulDeviceOperation 32 x 2048 x 1344,0,33.054,11.764,40,173.11405578749924,33.811339020995945,5.329484116899619,9.638100616499601,HiFi4 BF16 x BF16 => BF16,BFLOAT16,BFLOAT16,BFLOAT16,False,DEV_1_DRAM_INTERLEAVED,2,1,1,1367040.0,"If possible place input 0 in L1 (currently in DEV_1_DRAM_INTERLEAVED) • Output subblock 1x1 is small, try out_subblock_h * out_subblock_w >= 2 if possible • HiFi2 may also work, it discards the lowest bit of the activations and has 2x the throughput of HiFi4"
5639,0.006724947040681428,,SliceDeviceOperation,0,1.699,0.632,22,,,,,BF16 => BF16,BFLOAT16,BFLOAT16,nan,False,DEV_1_DRAM_INTERLEAVED,,,,1368064.0,
5640,0.006592236803070385,,SliceDeviceOperation,0,1.681,0.604,14,,,,,BF16 => BF16,BFLOAT16,BFLOAT16,nan,False,DEV_1_DRAM_INTERLEAVED,,,,1369088.0,
5641,0.057653943226502656,,ConcatDeviceOperation,0,1.044,18.94,16,,,,,"BF16, BF16 => BF16",BFLOAT16,BFLOAT16,BFLOAT16,False,DEV_1_DRAM_INTERLEAVED,,,,1375232.0,
5642,0.10819057870982167,DRAM,MatmulDeviceOperation 32 x 768 x 5120,0,21.911,15.59,78,376.1193920861667,73.46081876682943,11.485474875633242,10.651741745712808,HiFi4 BF16 x BF16 => BF16,BFLOAT16,BFLOAT16,BFLOAT16,False,DEV_1_DRAM_INTERLEAVED,2,1,2,1377280.0,Try a DRAM-sharded program config (MatmulMultiCoreReuseMultiCastDRAMShardedProgramConfig) to improve throughput further
5643,0.04674285369074238,,ReshapeViewDeviceOperation,0,0.211,15.991,108,,,,,BF16 => BF16,BFLOAT16,BFLOAT16,nan,False,DEV_1_DRAM_INTERLEAVED,,,,1379328.0,
5644,0.04351741791576091,,SliceDeviceOperation,0,0.853,14.231,4,,,,,BF16 => BF16,BFLOAT16,BFLOAT16,nan,False,DEV_1_DRAM_INTERLEAVED,,,,1381376.0,
5645,0.016430104417280454,,TransposeDeviceOperation,0,2.741,2.954,108,,,,,BF16 => BF16,BFLOAT16,BFLOAT16,nan,False,DEV_1_DRAM_INTERLEAVED,,,,1383424.0,
5646,0.15738568679120293,SLOW,MatmulDeviceOperation b={20} x 32 x 192 x 512,0,53.554,0.999,14,90.25058819135825,17.62706800612466,2.3495746349479028,12.140245922969902,HiFi4 BF16 x BF16 => BF16,BFLOAT16,BFLOAT16,BFLOAT16,False,DEV_1_DRAM_INTERLEAVED,2,1,1,1384448.0,"If possible place input 0 in L1 (currently in DEV_1_DRAM_INTERLEAVED) • Output subblock 1x1 is small, try out_subblock_h * out_subblock_w >= 2 if possible • HiFi2 may also work, it discards the lowest bit of the activations and has 2x the throughput of HiFi4"
5647,0.01137269036223346,,TransposeDeviceOperation,0,3.418,0.524,107,,,,,BF16 => BF16,BFLOAT16,BFLOAT16,nan,False,DEV_1_DRAM_INTERLEAVED,,,,1385472.0,
5648,0.02176159396304591,,ConcatDeviceOperation,0,1.03,6.513,15,,,,,"BF16, BF16 => BF16",BFLOAT16,BFLOAT16,BFLOAT16,False,DEV_1_DRAM_INTERLEAVED,,,,1389568.0,
5649,0.12260694952161276,,SdpaDecodeDeviceOperation,0,31.674,10.824,107,,,,,"BF16, BF16 => BF16",BFLOAT16,BFLOAT16,BFLOAT16,False,DEV_1_DRAM_INTERLEAVED,,,,1392640.0,
5650,0.03590388928411857,,TransposeDeviceOperation,0,3.064,9.381,107,,,,,BF16 => BF16,BFLOAT16,BFLOAT16,nan,False,DEV_1_DRAM_INTERLEAVED,,,,1393664.0,
5651,0.3539468587241532,SLOW,MatmulDeviceOperation b={20} x 32 x 512 x 256,0,121.794,0.891,6,51.118445900454866,9.98407146493259,1.3775075947912048,16.60768222886773,HiFi4 BF16 x BF16 => BF16,BFLOAT16,BFLOAT16,BFLOAT16,False,DEV_1_DRAM_INTERLEAVED,2,1,1,1394688.0,"If possible place input 0 in L1 (currently in DEV_1_DRAM_INTERLEAVED) • Output subblock 1x1 is small, try out_subblock_h * out_subblock_w >= 2 if possible • HiFi2 may also work, it discards the lowest bit of the activations and has 2x the throughput of HiFi4"
5652,0.008256884783539361,,TransposeDeviceOperation,0,2.353,0.509,107,,,,,BF16 => BF16,BFLOAT16,BFLOAT16,nan,False,DEV_1_DRAM_INTERLEAVED,,,,1395712.0,
5653,0.010683174127689118,,NLPConcatHeadsDecodeDeviceOperation,0,1.578,2.125,17,,,,,BF16 => BF16,BFLOAT16,BFLOAT16,nan,False,DEV_1_L1_HEIGHT_SHARDED,,,,1397760.0,
5654,0.00836074496949583,,ShardedToInterleavedDeviceOperation,0,1.648,1.25,17,,,,,BF16 => BF16,BFLOAT16,BFLOAT16,nan,False,DEV_1_L1_WIDTH_SHARDED,,,,1398784.0,
5655,0.008308814876517594,,SliceDeviceOperation,0,2.288,0.592,107,,,,,BF16 => BF16,BFLOAT16,BFLOAT16,nan,False,DEV_1_DRAM_INTERLEAVED,,,,1399808.0,
5656,0.2651521697417023,SLOW,MatmulDeviceOperation 32 x 5120 x 2048,0,91.41,0.497,61,234.44122087298982,45.78930095175583,7.341523246909528,8.706079290601197,HiFi4 BF16 x BF16 => BF16,BFLOAT16,BFLOAT16,BFLOAT16,False,DEV_1_DRAM_INTERLEAVED,2,1,1,1400832.0,"If possible place input 0 in L1 (currently in DEV_1_DRAM_INTERLEAVED) • Output subblock 1x1 is small, try out_subblock_h * out_subblock_w >= 2 if possible • HiFi2 may also work, it discards the lowest bit of the activations and has 2x the throughput of HiFi4"
5657,0.008346319943668544,,BinaryNgDeviceOperation,0,2.333,0.56,107,,,,,"BF16, BF16 => BF16",BFLOAT16,BFLOAT16,BFLOAT16,False,DEV_1_DRAM_INTERLEAVED,,,,1401856.0,
5658,0.174790922954408,,UnaryDeviceOperation,0,0.404,60.182,107,,,,,FP32 => FP32,FLOAT32,FLOAT32,nan,False,DEV_1_DRAM_INTERLEAVED,,,,1404928.0,
5659,0.009748432454080887,,BinaryNgDeviceOperation,0,0.376,3.003,107,,,,,"FP32, FP32 => FP32",FLOAT32,FLOAT32,FLOAT32,False,DEV_1_DRAM_INTERLEAVED,,,,1405952.0,
5660,0.03337373975401234,,BinaryNgDeviceOperation,0,0.286,11.282,107,,,,,"FP32, FP32 => FP32",FLOAT32,FLOAT32,FLOAT32,False,DEV_1_DRAM_INTERLEAVED,,,,1409024.0,
5661,0.26617634657543976,,BinaryNgDeviceOperation,0,2.579,89.683,107,,,,,FP32 => FP32,FLOAT32,FLOAT32,nan,False,DEV_1_DRAM_INTERLEAVED,,,,1420288.0,
5662,0.006465296575790254,,BinaryNgDeviceOperation,0,0.285,1.956,107,,,,,"FP32, FP32 => FP32",FLOAT32,FLOAT32,FLOAT32,False,DEV_1_DRAM_INTERLEAVED,,,,1421312.0,
5663,0.03065894989331684,,PermuteDeviceOperation,0,2.041,8.586,2,,,,,BF16 => BF16,BFLOAT16,BFLOAT16,nan,False,DEV_1_DRAM_INTERLEAVED,,,,1423360.0,
5664,0.0275864193921046,,UnaryDeviceOperation,0,4.885,4.677,107,,,,,BF16 => BF16,BFLOAT16,BFLOAT16,nan,False,DEV_1_DRAM_INTERLEAVED,,,,1425408.0,
5665,0.34560630879081555,,SparseMatmulDeviceOperation active=?/64 x 32 x 2048 x 3072,0,119.255,0.539,29,,,,,HiFi2 BF16 x BFP8 => BF16,BFLOAT16,BFLOAT16,BFLOAT8_B,False,DEV_1_DRAM_INTERLEAVED,8,1,1,1426432.0,Sparse matmul utilization is omitted because the CSV row has nnz=std::nullopt; pass --active-experts K to model K active experts per input batch group
5666,0.009973462856986571,,SliceDeviceOperation,0,2.886,0.571,107,,,,,BF16 => BF16,BFLOAT16,BFLOAT16,nan,False,DEV_1_DRAM_INTERLEAVED,,,,1427456.0,
5667,0.00943396689104602,,SliceDeviceOperation,0,2.753,0.517,107,,,,,BF16 => BF16,BFLOAT16,BFLOAT16,nan,False,DEV_1_DRAM_INTERLEAVED,,,,1428480.0,
5668,0.020428721576604546,,BinaryNgDeviceOperation,0,6.545,0.536,107,,,,,"BF16, BF16 => BF16",BFLOAT16,BFLOAT16,BFLOAT16,False,DEV_1_DRAM_INTERLEAVED,,,,1429504.0,
5669,0.013856679809692365,,BinaryNgDeviceOperation,0,4.261,0.542,107,,,,,"BF16, BF16 => BF16",BFLOAT16,BFLOAT16,BFLOAT16,False,DEV_1_DRAM_INTERLEAVED,,,,1430528.0,
5670,0.011531365646333622,,UnaryDeviceOperation,0,3.433,0.564,107,,,,,BF16 => BF16,BFLOAT16,BFLOAT16,nan,False,DEV_1_DRAM_INTERLEAVED,,,,1431552.0,
5671,0.209650440368631,,SparseMatmulDeviceOperation active=?/64 x 32 x 1536 x 2048,0,72.025,0.644,29,,,,,HiFi2 BF16 x BFP8 => BF16,BFLOAT16,BFLOAT16,BFLOAT8_B,False,DEV_1_DRAM_INTERLEAVED,8,1,1,1432576.0,Sparse matmul utilization is omitted because the CSV row has nnz=std::nullopt; pass --active-experts K to model K active experts per input batch group
5672,0.017973582180800213,,FillPadDeviceOperation,0,5.747,0.483,107,,,,,BF16 => BF16,BFLOAT16,BFLOAT16,nan,False,DEV_1_DRAM_INTERLEAVED,,,,1433600.0,
5673,0.008917550966429127,,FastReduceNCDeviceOperation,0,2.601,0.49,61,,,,,BF16 => BF16,BFLOAT16,BFLOAT16,nan,False,DEV_1_DRAM_INTERLEAVED,,,,1434624.0,
5674,0.006696096989026853,,SliceDeviceOperation,0,1.777,0.544,61,,,,,BF16 => BF16,BFLOAT16,BFLOAT16,nan,False,DEV_1_DRAM_INTERLEAVED,,,,1435648.0,
5675,0.09996831398826776,SLOW,MatmulDeviceOperation 32 x 2048 x 1536,0,34.147,0.504,45,190.96353998887162,37.29756640407649,5.895879345184056,9.47768670457828,HiFi4 BF16 x BF16 => BF16,BFLOAT16,BFLOAT16,BFLOAT16,False,DEV_1_DRAM_INTERLEAVED,2,1,1,1436672.0,"If possible place input 0 in L1 (currently in DEV_1_DRAM_INTERLEAVED) • Output subblock 1x1 is small, try out_subblock_h * out_subblock_w >= 2 if possible • HiFi2 may also work, it discards the lowest bit of the activations and has 2x the throughput of HiFi4"
5676,0.010016737934468434,,UnaryDeviceOperation,0,2.913,0.559,107,,,,,BF16 => BF16,BFLOAT16,BFLOAT16,nan,False,DEV_1_DRAM_INTERLEAVED,,,,1437696.0,
5677,0.09987599382297314,SLOW,MatmulDeviceOperation 32 x 2048 x 1536,0,33.856,0.763,45,192.6049149338374,37.618147448015115,5.946555765595463,9.559149571751965,HiFi4 BF16 x BF16 => BF16,BFLOAT16,BFLOAT16,BFLOAT16,False,DEV_1_DRAM_INTERLEAVED,2,1,1,1438720.0,"If possible place input 0 in L1 (currently in DEV_1_DRAM_INTERLEAVED) • Output subblock 1x1 is small, try out_subblock_h * out_subblock_w >= 2 if possible • HiFi2 may also work, it discards the lowest bit of the activations and has 2x the throughput of HiFi4"
5678,0.010478338760941636,,BinaryNgDeviceOperation,0,3.071,0.561,107,,,,,"BF16, BF16 => BF16",BFLOAT16,BFLOAT16,BFLOAT16,False,DEV_1_DRAM_INTERLEAVED,,,,1439744.0,
5679,0.08497494214338516,SLOW,MatmulDeviceOperation 32 x 1536 x 2048,0,28.901,0.553,61,225.62651811356005,44.0676793190547,6.966077021556346,8.260849534139187,HiFi4 BF16 x BF16 => BF16,BFLOAT16,BFLOAT16,BFLOAT16,False,DEV_1_DRAM_INTERLEAVED,2,1,1,1440768.0,"If possible place input 0 in L1 (currently in DEV_1_DRAM_INTERLEAVED) • Output subblock 1x1 is small, try out_subblock_h * out_subblock_w >= 2 if possible • HiFi2 may also work, it discards the lowest bit of the activations and has 2x the throughput of HiFi4"
5680,0.008574235351739685,,BinaryNgDeviceOperation,0,2.416,0.556,107,,,,,"BF16, BF16 => BF16",BFLOAT16,BFLOAT16,BFLOAT16,False,DEV_1_DRAM_INTERLEAVED,,,,1441792.0,
5681,0.008704060584185274,,BinaryNgDeviceOperation,0,2.467,0.55,107,,,,,"BF16, BF16 => BF16",BFLOAT16,BFLOAT16,BFLOAT16,False,DEV_1_DRAM_INTERLEAVED,,,,1442816.0,
5682,0.12152218757940075,,UntilizeCodegenDeviceOperation,0,4.595,37.527,107,,,,,BF16 => BF16,BFLOAT16,BFLOAT16,nan,False,DEV_1_DRAM_INTERLEAVED,,,,1357824.0,
5683,0.033569920105263454,,UntilizeCodegenDeviceOperation,0,4.585,7.051,107,,,,,BF16 => BF16,BFLOAT16,BFLOAT16,nan,False,DEV_1_DRAM_INTERLEAVED,,,,1360896.0,
5684,0.12949922686189072,SLOW,MatmulDeviceOperation 32 x 2048 x 1344,0,32.984,11.903,39,173.48144554935726,33.88309483385884,5.340794567062819,9.906210245768818,HiFi4 BF16 x BF16 => BF16,BFLOAT16,BFLOAT16,BFLOAT16,False,DEV_1_DRAM_INTERLEAVED,2,1,1,1367040.0,"If possible place input 0 in L1 (currently in DEV_1_DRAM_INTERLEAVED) • Output subblock 1x1 is small, try out_subblock_h * out_subblock_w >= 2 if possible • HiFi2 may also work, it discards the lowest bit of the activations and has 2x the throughput of HiFi4"
5685,0.006719177030350514,,SliceDeviceOperation,0,1.693,0.636,21,,,,,BF16 => BF16,BFLOAT16,BFLOAT16,nan,False,DEV_1_DRAM_INTERLEAVED,,,,1368064.0,
5686,0.006580696782408555,,SliceDeviceOperation,0,1.679,0.602,13,,,,,BF16 => BF16,BFLOAT16,BFLOAT16,nan,False,DEV_1_DRAM_INTERLEAVED,,,,1369088.0,
5687,0.057896283660401074,,ConcatDeviceOperation,0,1.034,19.034,15,,,,,"BF16, BF16 => BF16",BFLOAT16,BFLOAT16,BFLOAT16,False,DEV_1_DRAM_INTERLEAVED,,,,1375232.0,
5688,0.10694714148350946,DRAM,MatmulDeviceOperation 32 x 768 x 5120,0,21.646,15.424,77,380.72401367458184,74.36015892081677,11.626085188949459,10.92217298444777,HiFi4 BF16 x BF16 => BF16,BFLOAT16,BFLOAT16,BFLOAT16,False,DEV_1_DRAM_INTERLEAVED,2,1,2,1377280.0,Try a DRAM-sharded program config (MatmulMultiCoreReuseMultiCastDRAMShardedProgramConfig) to improve throughput further
5689,0.04684094386636794,,ReshapeViewDeviceOperation,0,0.214,16.022,107,,,,,BF16 => BF16,BFLOAT16,BFLOAT16,nan,False,DEV_1_DRAM_INTERLEAVED,,,,1379328.0,
5690,0.043583773034566425,,SliceDeviceOperation,0,0.869,14.238,4,,,,,BF16 => BF16,BFLOAT16,BFLOAT16,nan,False,DEV_1_DRAM_INTERLEAVED,,,,1381376.0,
5691,0.01635509428297856,,TransposeDeviceOperation,0,2.793,2.876,107,,,,,BF16 => BF16,BFLOAT16,BFLOAT16,nan,False,DEV_1_DRAM_INTERLEAVED,,,,1383424.0,
5692,0.1572385515277646,SLOW,MatmulDeviceOperation b={20} x 32 x 192 x 512,0,53.533,0.969,13,90.28599181813085,17.633982776978684,2.350496329366932,13.07923972448658,HiFi4 BF16 x BF16 => BF16,BFLOAT16,BFLOAT16,BFLOAT16,False,DEV_1_DRAM_INTERLEAVED,2,1,1,1384448.0,"If possible place input 0 in L1 (currently in DEV_1_DRAM_INTERLEAVED) • Output subblock 1x1 is small, try out_subblock_h * out_subblock_w >= 2 if possible • HiFi2 may also work, it discards the lowest bit of the activations and has 2x the throughput of HiFi4"
5693,0.011516940620506334,,TransposeDeviceOperation,0,3.466,0.526,107,,,,,BF16 => BF16,BFLOAT16,BFLOAT16,nan,False,DEV_1_DRAM_INTERLEAVED,,,,1385472.0,
5694,0.021297108131407252,,ConcatDeviceOperation,0,0.98,6.402,14,,,,,"BF16, BF16 => BF16",BFLOAT16,BFLOAT16,BFLOAT16,False,DEV_1_DRAM_INTERLEAVED,,,,1389568.0,
5695,0.12297046017246041,,SdpaDecodeDeviceOperation,0,31.723,10.901,106,,,,,"BF16, BF16 => BF16",BFLOAT16,BFLOAT16,BFLOAT16,False,DEV_1_DRAM_INTERLEAVED,,,,1392640.0,
5696,0.03591254429961494,,TransposeDeviceOperation,0,3.07,9.378,106,,,,,BF16 => BF16,BFLOAT16,BFLOAT16,nan,False,DEV_1_DRAM_INTERLEAVED,,,,1393664.0,
5697,0.3530986672055087,SLOW,MatmulDeviceOperation b={20} x 32 x 512 x 256,0,121.512,0.879,6,51.23707946540259,10.007242083086442,1.380704457172954,16.646224647629175,HiFi4 BF16 x BF16 => BF16,BFLOAT16,BFLOAT16,BFLOAT16,False,DEV_1_DRAM_INTERLEAVED,2,1,1,1394688.0,"If possible place input 0 in L1 (currently in DEV_1_DRAM_INTERLEAVED) • Output subblock 1x1 is small, try out_subblock_h * out_subblock_w >= 2 if possible • HiFi2 may also work, it discards the lowest bit of the activations and has 2x the throughput of HiFi4"
5698,0.00827996482486302,,TransposeDeviceOperation,0,2.36,0.51,106,,,,,BF16 => BF16,BFLOAT16,BFLOAT16,nan,False,DEV_1_DRAM_INTERLEAVED,,,,1395712.0,
5699,0.010763954272321926,,NLPConcatHeadsDecodeDeviceOperation,0,1.581,2.15,16,,,,,BF16 => BF16,BFLOAT16,BFLOAT16,nan,False,DEV_1_L1_HEIGHT_SHARDED,,,,1397760.0,
5700,0.008207839695726582,,ShardedToInterleavedDeviceOperation,0,1.564,1.281,16,,,,,BF16 => BF16,BFLOAT16,BFLOAT16,nan,False,DEV_1_L1_WIDTH_SHARDED,,,,1398784.0,
5701,0.00804916441162642,,SliceDeviceOperation,0,2.227,0.563,106,,,,,BF16 => BF16,BFLOAT16,BFLOAT16,nan,False,DEV_1_DRAM_INTERLEAVED,,,,1399808.0,
5702,0.2660465213429941,SLOW,MatmulDeviceOperation 32 x 5120 x 2048,0,91.67,0.547,60,233.7762844987455,45.65943056616123,7.32070077451729,8.8260763581661,HiFi4 BF16 x BF16 => BF16,BFLOAT16,BFLOAT16,BFLOAT16,False,DEV_1_DRAM_INTERLEAVED,2,1,1,1400832.0,"If possible place input 0 in L1 (currently in DEV_1_DRAM_INTERLEAVED) • Output subblock 1x1 is small, try out_subblock_h * out_subblock_w >= 2 if possible • HiFi2 may also work, it discards the lowest bit of the activations and has 2x the throughput of HiFi4"
5703,0.00879926575464537,,BinaryNgDeviceOperation,0,2.453,0.597,106,,,,,"BF16, BF16 => BF16",BFLOAT16,BFLOAT16,BFLOAT16,False,DEV_1_DRAM_INTERLEAVED,,,,1401856.0,
5704,0.1753534989616722,,UnaryDeviceOperation,0,0.393,60.388,106,,,,,FP32 => FP32,FLOAT32,FLOAT32,nan,False,DEV_1_DRAM_INTERLEAVED,,,,1404928.0,
5705,0.00986094765553373,,BinaryNgDeviceOperation,0,0.379,3.039,106,,,,,"FP32, FP32 => FP32",FLOAT32,FLOAT32,FLOAT32,False,DEV_1_DRAM_INTERLEAVED,,,,1405952.0,
5706,0.03327564957838679,,BinaryNgDeviceOperation,0,0.279,11.255,106,,,,,"FP32, FP32 => FP32",FLOAT32,FLOAT32,FLOAT32,False,DEV_1_DRAM_INTERLEAVED,,,,1409024.0,
5707,0.2664013769783454,,BinaryNgDeviceOperation,0,2.58,89.76,106,,,,,FP32 => FP32,FLOAT32,FLOAT32,nan,False,DEV_1_DRAM_INTERLEAVED,,,,1420288.0,
5708,0.006439331529301138,,BinaryNgDeviceOperation,0,0.276,1.956,106,,,,,"FP32, FP32 => FP32",FLOAT32,FLOAT32,FLOAT32,False,DEV_1_DRAM_INTERLEAVED,,,,1421312.0,
5709,0.030748385053446018,,PermuteDeviceOperation,0,2.048,8.61,2,,,,,BF16 => BF16,BFLOAT16,BFLOAT16,nan,False,DEV_1_DRAM_INTERLEAVED,,,,1423360.0,
5710,0.02735273397370255,,UnaryDeviceOperation,0,4.807,4.674,106,,,,,BF16 => BF16,BFLOAT16,BFLOAT16,nan,False,DEV_1_DRAM_INTERLEAVED,,,,1425408.0,
5711,0.34539858841890264,,SparseMatmulDeviceOperation active=?/64 x 32 x 2048 x 3072,0,119.129,0.593,28,,,,,HiFi2 BF16 x BFP8 => BF16,BFLOAT16,BFLOAT16,BFLOAT8_B,False,DEV_1_DRAM_INTERLEAVED,8,1,1,1426432.0,Sparse matmul utilization is omitted because the CSV row has nnz=std::nullopt; pass --active-experts K to model K active experts per input batch group
5712,0.009759972474742718,,SliceDeviceOperation,0,2.76,0.623,106,,,,,BF16 => BF16,BFLOAT16,BFLOAT16,nan,False,DEV_1_DRAM_INTERLEAVED,,,,1427456.0,
5713,0.009615722216469842,,SliceDeviceOperation,0,2.799,0.534,106,,,,,BF16 => BF16,BFLOAT16,BFLOAT16,nan,False,DEV_1_DRAM_INTERLEAVED,,,,1428480.0,
5714,0.020417181555942715,,BinaryNgDeviceOperation,0,6.52,0.557,106,,,,,"BF16, BF16 => BF16",BFLOAT16,BFLOAT16,BFLOAT16,False,DEV_1_DRAM_INTERLEAVED,,,,1429504.0,
5715,0.013859564814857821,,BinaryNgDeviceOperation,0,4.27,0.534,106,,,,,"BF16, BF16 => BF16",BFLOAT16,BFLOAT16,BFLOAT16,False,DEV_1_DRAM_INTERLEAVED,,,,1430528.0,
5716,0.011265945171111532,,UnaryDeviceOperation,0,3.341,0.564,106,,,,,BF16 => BF16,BFLOAT16,BFLOAT16,nan,False,DEV_1_DRAM_INTERLEAVED,,,,1431552.0,
5717,0.20750399652553056,,SparseMatmulDeviceOperation active=?/64 x 32 x 1536 x 2048,0,71.321,0.604,28,,,,,HiFi2 BF16 x BFP8 => BF16,BFLOAT16,BFLOAT16,BFLOAT8_B,False,DEV_1_DRAM_INTERLEAVED,8,1,1,1432576.0,Sparse matmul utilization is omitted because the CSV row has nnz=std::nullopt; pass --active-experts K to model K active experts per input batch group
5718,0.01803416728927482,,FillPadDeviceOperation,0,5.672,0.579,106,,,,,BF16 => BF16,BFLOAT16,BFLOAT16,nan,False,DEV_1_DRAM_INTERLEAVED,,,,1433600.0,
5719,0.00908776627119112,,FastReduceNCDeviceOperation,0,2.562,0.588,60,,,,,BF16 => BF16,BFLOAT16,BFLOAT16,nan,False,DEV_1_DRAM_INTERLEAVED,,,,1434624.0,
5720,0.006716292025185056,,SliceDeviceOperation,0,1.726,0.602,58,,,,,BF16 => BF16,BFLOAT16,BFLOAT16,nan,False,DEV_1_DRAM_INTERLEAVED,,,,1435648.0,
5721,0.1000346691070733,SLOW,MatmulDeviceOperation 32 x 2048 x 1536,0,34.19,0.484,42,190.72336940625914,37.25065808715999,5.888464229306814,10.141893031626871,HiFi4 BF16 x BF16 => BF16,BFLOAT16,BFLOAT16,BFLOAT16,False,DEV_1_DRAM_INTERLEAVED,2,1,1,1436672.0,"If possible place input 0 in L1 (currently in DEV_1_DRAM_INTERLEAVED) • Output subblock 1x1 is small, try out_subblock_h * out_subblock_w >= 2 if possible • HiFi2 may also work, it discards the lowest bit of the activations and has 2x the throughput of HiFi4"
5722,0.009846522629706443,,UnaryDeviceOperation,0,2.794,0.619,104,,,,,BF16 => BF16,BFLOAT16,BFLOAT16,nan,False,DEV_1_DRAM_INTERLEAVED,,,,1437696.0,
5723,0.1000346691070733,SLOW,MatmulDeviceOperation 32 x 2048 x 1536,0,33.873,0.801,42,192.50825140967734,37.59926785345261,5.943571340005314,10.236805796691252,HiFi4 BF16 x BF16 => BF16,BFLOAT16,BFLOAT16,BFLOAT16,False,DEV_1_DRAM_INTERLEAVED,2,1,1,1438720.0,"If possible place input 0 in L1 (currently in DEV_1_DRAM_INTERLEAVED) • Output subblock 1x1 is small, try out_subblock_h * out_subblock_w >= 2 if possible • HiFi2 may also work, it discards the lowest bit of the activations and has 2x the throughput of HiFi4"
5724,0.010336973507834218,,BinaryNgDeviceOperation,0,2.986,0.597,104,,,,,"BF16, BF16 => BF16",BFLOAT16,BFLOAT16,BFLOAT16,False,DEV_1_DRAM_INTERLEAVED,,,,1439744.0,
5725,0.0852980627219164,SLOW,MatmulDeviceOperation 32 x 1536 x 2048,0,28.912,0.654,58,225.54067515218594,44.05091311566132,6.963426674045379,8.684829324869018,HiFi4 BF16 x BF16 => BF16,BFLOAT16,BFLOAT16,BFLOAT16,False,DEV_1_DRAM_INTERLEAVED,2,1,1,1440768.0,"If possible place input 0 in L1 (currently in DEV_1_DRAM_INTERLEAVED) • Output subblock 1x1 is small, try out_subblock_h * out_subblock_w >= 2 if possible • HiFi2 may also work, it discards the lowest bit of the activations and has 2x the throughput of HiFi4"
5726,0.00907622625052929,,BinaryNgDeviceOperation,0,2.544,0.602,104,,,,,"BF16, BF16 => BF16",BFLOAT16,BFLOAT16,BFLOAT16,False,DEV_1_DRAM_INTERLEAVED,,,,1441792.0,
5727,0.008003004328979102,,BinaryNgDeviceOperation,0,2.229,0.545,104,,,,,"BF16, BF16 => BF16",BFLOAT16,BFLOAT16,BFLOAT16,False,DEV_1_DRAM_INTERLEAVED,,,,1442816.0,
5728,0.12164912780668088,,UntilizeCodegenDeviceOperation,0,4.588,37.578,104,,,,,BF16 => BF16,BFLOAT16,BFLOAT16,nan,False,DEV_1_DRAM_INTERLEAVED,,,,1357824.0,
5729,0.034420996629073414,,UntilizeCodegenDeviceOperation,0,4.633,7.298,104,,,,,BF16 => BF16,BFLOAT16,BFLOAT16,nan,False,DEV_1_DRAM_INTERLEAVED,,,,1360896.0,
5730,0.1290260860147557,SLOW,MatmulDeviceOperation 32 x 2048 x 1344,0,32.91,11.813,36,173.87152841081738,33.95928289273777,5.352803646308113,10.755858664295815,HiFi4 BF16 x BF16 => BF16,BFLOAT16,BFLOAT16,BFLOAT16,False,DEV_1_DRAM_INTERLEAVED,2,1,1,1367040.0,"If possible place input 0 in L1 (currently in DEV_1_DRAM_INTERLEAVED) • Output subblock 1x1 is small, try out_subblock_h * out_subblock_w >= 2 if possible • HiFi2 may also work, it discards the lowest bit of the activations and has 2x the throughput of HiFi4"
5731,0.006546076720423065,,SliceDeviceOperation,0,1.553,0.716,18,,,,,BF16 => BF16,BFLOAT16,BFLOAT16,nan,False,DEV_1_DRAM_INTERLEAVED,,,,1368064.0,
5732,0.006598006813401299,,SliceDeviceOperation,0,1.584,0.703,10,,,,,BF16 => BF16,BFLOAT16,BFLOAT16,nan,False,DEV_1_DRAM_INTERLEAVED,,,,1369088.0,
5733,0.05788474363973924,,ConcatDeviceOperation,0,0.994,19.07,12,,,,,"BF16, BF16 => BF16",BFLOAT16,BFLOAT16,BFLOAT16,False,DEV_1_DRAM_INTERLEAVED,,,,1375232.0,
5734,0.10771166785235571,DRAM,MatmulDeviceOperation 32 x 768 x 5120,0,21.841,15.494,74,377.3248477633808,73.6962593287853,11.522285609633258,11.263495536193673,HiFi4 BF16 x BF16 => BF16,BFLOAT16,BFLOAT16,BFLOAT16,False,DEV_1_DRAM_INTERLEAVED,2,1,2,1377280.0,Try a DRAM-sharded program config (MatmulMultiCoreReuseMultiCastDRAMShardedProgramConfig) to improve throughput further
5735,0.04670534862359144,,ReshapeViewDeviceOperation,0,0.202,15.987,104,,,,,BF16 => BF16,BFLOAT16,BFLOAT16,nan,False,DEV_1_DRAM_INTERLEAVED,,,,1379328.0,
5736,0.043624163106882836,,SliceDeviceOperation,0,0.898,14.223,2,,,,,BF16 => BF16,BFLOAT16,BFLOAT16,nan,False,DEV_1_DRAM_INTERLEAVED,,,,1381376.0,
5737,0.016303164190000323,,TransposeDeviceOperation,0,2.769,2.882,104,,,,,BF16 => BF16,BFLOAT16,BFLOAT16,nan,False,DEV_1_DRAM_INTERLEAVED,,,,1383424.0,
5738,0.15656057531388204,SLOW,MatmulDeviceOperation b={20} x 32 x 192 x 512,0,53.193,1.074,12,90.86308348842893,17.746695993833775,2.3655202752241835,14.25974317144208,HiFi4 BF16 x BF16 => BF16,BFLOAT16,BFLOAT16,BFLOAT16,False,DEV_1_DRAM_INTERLEAVED,2,1,1,1384448.0,"If possible place input 0 in L1 (currently in DEV_1_DRAM_INTERLEAVED) • Output subblock 1x1 is small, try out_subblock_h * out_subblock_w >= 2 if possible • HiFi2 may also work, it discards the lowest bit of the activations and has 2x the throughput of HiFi4"
5739,0.011271715181442446,,TransposeDeviceOperation,0,3.345,0.562,104,,,,,BF16 => BF16,BFLOAT16,BFLOAT16,nan,False,DEV_1_DRAM_INTERLEAVED,,,,1385472.0,
5740,0.022076059526080778,,ConcatDeviceOperation,0,0.985,6.667,12,,,,,"BF16, BF16 => BF16",BFLOAT16,BFLOAT16,BFLOAT16,False,DEV_1_DRAM_INTERLEAVED,,,,1389568.0,
5741,0.12252039936664905,,SdpaDecodeDeviceOperation,0,31.664,10.804,104,,,,,"BF16, BF16 => BF16",BFLOAT16,BFLOAT16,BFLOAT16,False,DEV_1_DRAM_INTERLEAVED,,,,1392640.0,
5742,0.03585484419630579,,TransposeDeviceOperation,0,3.055,9.373,104,,,,,BF16 => BF16,BFLOAT16,BFLOAT16,nan,False,DEV_1_DRAM_INTERLEAVED,,,,1393664.0,
5743,0.3534592928511909,SLOW,MatmulDeviceOperation b={20} x 32 x 512 x 256,0,121.533,0.983,6,51.22822607851366,10.005512905959698,1.3804658816946835,16.643348303610672,HiFi4 BF16 x BF16 => BF16,BFLOAT16,BFLOAT16,BFLOAT16,False,DEV_1_DRAM_INTERLEAVED,2,1,1,1394688.0,"If possible place input 0 in L1 (currently in DEV_1_DRAM_INTERLEAVED) • Output subblock 1x1 is small, try out_subblock_h * out_subblock_w >= 2 if possible • HiFi2 may also work, it discards the lowest bit of the activations and has 2x the throughput of HiFi4"
5744,0.008288619840359394,,TransposeDeviceOperation,0,2.357,0.516,104,,,,,BF16 => BF16,BFLOAT16,BFLOAT16,nan,False,DEV_1_DRAM_INTERLEAVED,,,,1395712.0,
5745,0.010847619422120194,,NLPConcatHeadsDecodeDeviceOperation,0,1.596,2.164,16,,,,,BF16 => BF16,BFLOAT16,BFLOAT16,nan,False,DEV_1_L1_HEIGHT_SHARDED,,,,1397760.0,
5746,0.008138599571755603,,ShardedToInterleavedDeviceOperation,0,1.543,1.278,16,,,,,BF16 => BF16,BFLOAT16,BFLOAT16,nan,False,DEV_1_L1_WIDTH_SHARDED,,,,1398784.0,
5747,0.00826842480420119,,SliceDeviceOperation,0,2.315,0.551,104,,,,,BF16 => BF16,BFLOAT16,BFLOAT16,nan,False,DEV_1_DRAM_INTERLEAVED,,,,1399808.0,
5748,0.2663552168956981,SLOW,MatmulDeviceOperation 32 x 5120 x 2048,0,91.773,0.551,57,233.51390931973455,45.608185414010656,7.312484499798415,9.280179524801026,HiFi4 BF16 x BF16 => BF16,BFLOAT16,BFLOAT16,BFLOAT16,False,DEV_1_DRAM_INTERLEAVED,2,1,1,1400832.0,"If possible place input 0 in L1 (currently in DEV_1_DRAM_INTERLEAVED) • Output subblock 1x1 is small, try out_subblock_h * out_subblock_w >= 2 if possible • HiFi2 may also work, it discards the lowest bit of the activations and has 2x the throughput of HiFi4"
5749,0.008868505878616352,,BinaryNgDeviceOperation,0,2.454,0.62,103,,,,,"BF16, BF16 => BF16",BFLOAT16,BFLOAT16,BFLOAT16,False,DEV_1_DRAM_INTERLEAVED,,,,1401856.0,
5750,0.1750361483934719,,UnaryDeviceOperation,0,0.401,60.27,103,,,,,FP32 => FP32,FLOAT32,FLOAT32,nan,False,DEV_1_DRAM_INTERLEAVED,,,,1404928.0,
5751,0.009855177645202814,,BinaryNgDeviceOperation,0,0.375,3.041,103,,,,,"FP32, FP32 => FP32",FLOAT32,FLOAT32,FLOAT32,False,DEV_1_DRAM_INTERLEAVED,,,,1405952.0,
5752,0.03311697429428663,,BinaryNgDeviceOperation,0,0.271,11.208,103,,,,,"FP32, FP32 => FP32",FLOAT32,FLOAT32,FLOAT32,False,DEV_1_DRAM_INTERLEAVED,,,,1409024.0,
5753,0.2659715112086923,,BinaryNgDeviceOperation,0,2.572,89.619,103,,,,,FP32 => FP32,FLOAT32,FLOAT32,nan,False,DEV_1_DRAM_INTERLEAVED,,,,1420288.0,
5754,0.006410481477646561,,BinaryNgDeviceOperation,0,0.265,1.957,103,,,,,"FP32, FP32 => FP32",FLOAT32,FLOAT32,FLOAT32,False,DEV_1_DRAM_INTERLEAVED,,,,1421312.0,
5755,0.05846462967799621,,UnaryDeviceOperation,0,4.862,15.403,103,,,,,BF16 => BF16,BFLOAT16,BFLOAT16,nan,False,DEV_1_DRAM_INTERLEAVED,,,,1425408.0,
5756,0.3439416608103466,,SparseMatmulDeviceOperation active=?/64 x 32 x 2048 x 3072,0,118.639,0.578,25,,,,,HiFi2 BF16 x BFP8 => BF16,BFLOAT16,BFLOAT16,BFLOAT8_B,False,DEV_1_DRAM_INTERLEAVED,8,1,1,1426432.0,Sparse matmul utilization is omitted because the CSV row has nnz=std::nullopt; pass --active-experts K to model K active experts per input batch group
5757,0.009751317459246345,,SliceDeviceOperation,0,2.767,0.613,103,,,,,BF16 => BF16,BFLOAT16,BFLOAT16,nan,False,DEV_1_DRAM_INTERLEAVED,,,,1427456.0,
5758,0.009517632040844288,,SliceDeviceOperation,0,2.832,0.467,103,,,,,BF16 => BF16,BFLOAT16,BFLOAT16,nan,False,DEV_1_DRAM_INTERLEAVED,,,,1428480.0,
5759,0.020457571628259123,,BinaryNgDeviceOperation,0,6.541,0.55,103,,,,,"BF16, BF16 => BF16",BFLOAT16,BFLOAT16,BFLOAT16,False,DEV_1_DRAM_INTERLEAVED,,,,1429504.0,
5760,0.013672039479103087,,BinaryNgDeviceOperation,0,4.211,0.528,103,,,,,"BF16, BF16 => BF16",BFLOAT16,BFLOAT16,BFLOAT16,False,DEV_1_DRAM_INTERLEAVED,,,,1430528.0,
5761,0.011482320558520843,,UnaryDeviceOperation,0,3.424,0.556,103,,,,,BF16 => BF16,BFLOAT16,BFLOAT16,nan,False,DEV_1_DRAM_INTERLEAVED,,,,1431552.0,
5762,0.20896957914958303,,SparseMatmulDeviceOperation active=?/64 x 32 x 1536 x 2048,0,71.775,0.658,25,,,,,HiFi2 BF16 x BFP8 => BF16,BFLOAT16,BFLOAT16,BFLOAT8_B,False,DEV_1_DRAM_INTERLEAVED,8,1,1,1432576.0,Sparse matmul utilization is omitted because the CSV row has nnz=std::nullopt; pass --active-experts K to model K active experts per input batch group
5763,0.01810629241841126,,FillPadDeviceOperation,0,5.764,0.512,103,,,,,BF16 => BF16,BFLOAT16,BFLOAT16,nan,False,DEV_1_DRAM_INTERLEAVED,,,,1433600.0,
5764,0.009370496777405955,,FastReduceNCDeviceOperation,0,2.659,0.589,57,,,,,BF16 => BF16,BFLOAT16,BFLOAT16,nan,False,DEV_1_DRAM_INTERLEAVED,,,,1434624.0,
5765,0.006750912087170546,,SliceDeviceOperation,0,1.79,0.55,57,,,,,BF16 => BF16,BFLOAT16,BFLOAT16,nan,False,DEV_1_DRAM_INTERLEAVED,,,,1435648.0,
5766,0.09992215390562047,SLOW,MatmulDeviceOperation 32 x 2048 x 1536,0,34.134,0.501,41,191.03626882287455,37.311771254467686,5.898124802249956,10.406300816977819,HiFi4 BF16 x BF16 => BF16,BFLOAT16,BFLOAT16,BFLOAT16,False,DEV_1_DRAM_INTERLEAVED,2,1,1,1436672.0,"If possible place input 0 in L1 (currently in DEV_1_DRAM_INTERLEAVED) • Output subblock 1x1 is small, try out_subblock_h * out_subblock_w >= 2 if possible • HiFi2 may also work, it discards the lowest bit of the activations and has 2x the throughput of HiFi4"
5767,0.01010328808943216,,UnaryDeviceOperation,0,2.882,0.62,103,,,,,BF16 => BF16,BFLOAT16,BFLOAT16,nan,False,DEV_1_DRAM_INTERLEAVED,,,,1437696.0,
5768,0.09998850902442598,SLOW,MatmulDeviceOperation 32 x 2048 x 1536,0,33.879,0.779,41,192.47415803299975,37.59260899082027,5.942518728415832,10.484626821533126,HiFi4 BF16 x BF16 => BF16,BFLOAT16,BFLOAT16,BFLOAT16,False,DEV_1_DRAM_INTERLEAVED,2,1,1,1438720.0,"If possible place input 0 in L1 (currently in DEV_1_DRAM_INTERLEAVED) • Output subblock 1x1 is small, try out_subblock_h * out_subblock_w >= 2 if possible • HiFi2 may also work, it discards the lowest bit of the activations and has 2x the throughput of HiFi4"
5769,0.01006866802744667,,BinaryNgDeviceOperation,0,2.892,0.598,103,,,,,"BF16, BF16 => BF16",BFLOAT16,BFLOAT16,BFLOAT16,False,DEV_1_DRAM_INTERLEAVED,,,,1439744.0,
5770,0.08536441784072192,SLOW,MatmulDeviceOperation 32 x 1536 x 2048,0,28.929,0.66,57,225.40813716340006,44.025026789726574,6.95933464689412,8.832001612875294,HiFi4 BF16 x BF16 => BF16,BFLOAT16,BFLOAT16,BFLOAT16,False,DEV_1_DRAM_INTERLEAVED,2,1,1,1440768.0,"If possible place input 0 in L1 (currently in DEV_1_DRAM_INTERLEAVED) • Output subblock 1x1 is small, try out_subblock_h * out_subblock_w >= 2 if possible • HiFi2 may also work, it discards the lowest bit of the activations and has 2x the throughput of HiFi4"
5771,0.008952171028414616,,BinaryNgDeviceOperation,0,2.51,0.593,103,,,,,"BF16, BF16 => BF16",BFLOAT16,BFLOAT16,BFLOAT16,False,DEV_1_DRAM_INTERLEAVED,,,,1441792.0,
5772,0.008502110222603249,,BinaryNgDeviceOperation,0,2.407,0.54,103,,,,,"BF16, BF16 => BF16",BFLOAT16,BFLOAT16,BFLOAT16,False,DEV_1_DRAM_INTERLEAVED,,,,1442816.0,
5773,0.12113271188206397,,UntilizeCodegenDeviceOperation,0,4.553,37.434,96,,,,,BF16 => BF16,BFLOAT16,BFLOAT16,nan,False,DEV_1_DRAM_INTERLEAVED,,,,1357824.0,
5774,0.03414115112802404,,UntilizeCodegenDeviceOperation,0,4.568,7.266,96,,,,,BF16 => BF16,BFLOAT16,BFLOAT16,nan,False,DEV_1_DRAM_INTERLEAVED,,,,1360896.0,
5775,0.12962328208400542,SLOW,MatmulDeviceOperation 32 x 2048 x 1344,0,32.943,11.987,28,173.69735603921927,33.92526485141001,5.347441580912485,13.815108250951983,HiFi4 BF16 x BF16 => BF16,BFLOAT16,BFLOAT16,BFLOAT16,False,DEV_1_DRAM_INTERLEAVED,2,1,1,1367040.0,"If possible place input 0 in L1 (currently in DEV_1_DRAM_INTERLEAVED) • Output subblock 1x1 is small, try out_subblock_h * out_subblock_w >= 2 if possible • HiFi2 may also work, it discards the lowest bit of the activations and has 2x the throughput of HiFi4"
5776,0.0060440858216334594,,SliceDeviceOperation,0,1.411,0.684,14,,,,,BF16 => BF16,BFLOAT16,BFLOAT16,nan,False,DEV_1_DRAM_INTERLEAVED,,,,1368064.0,
5777,0.005461314778211045,,SliceDeviceOperation,0,1.044,0.849,8,,,,,BF16 => BF16,BFLOAT16,BFLOAT16,nan,False,DEV_1_DRAM_INTERLEAVED,,,,1369088.0,
5778,0.05788762864490471,,ConcatDeviceOperation,0,0.981,19.084,10,,,,,"BF16, BF16 => BF16",BFLOAT16,BFLOAT16,BFLOAT16,False,DEV_1_DRAM_INTERLEAVED,,,,1375232.0,
5779,0.10750971749077369,DRAM,MatmulDeviceOperation 32 x 768 x 5120,0,21.672,15.593,66,380.26725729051304,74.27094868955334,11.612137320044296,12.727247869366732,HiFi4 BF16 x BF16 => BF16,BFLOAT16,BFLOAT16,BFLOAT16,False,DEV_1_DRAM_INTERLEAVED,2,1,2,1377280.0,Try a DRAM-sharded program config (MatmulMultiCoreReuseMultiCastDRAMShardedProgramConfig) to improve throughput further
5780,0.04737178481681213,,ReshapeViewDeviceOperation,0,0.196,16.224,96,,,,,BF16 => BF16,BFLOAT16,BFLOAT16,nan,False,DEV_1_DRAM_INTERLEAVED,,,,1379328.0,
5781,0.04356646300357368,,SliceDeviceOperation,0,0.846,14.255,2,,,,,BF16 => BF16,BFLOAT16,BFLOAT16,nan,False,DEV_1_DRAM_INTERLEAVED,,,,1381376.0,
5782,0.016510884561913266,,TransposeDeviceOperation,0,2.773,2.95,96,,,,,BF16 => BF16,BFLOAT16,BFLOAT16,nan,False,DEV_1_DRAM_INTERLEAVED,,,,1383424.0,
5783,0.15812136310839456,SLOW,MatmulDeviceOperation b={20} x 32 x 192 x 512,0,53.81,0.998,6,89.82122282103697,17.543207582233784,2.3383965805612337,28.192474206226297,HiFi4 BF16 x BF16 => BF16,BFLOAT16,BFLOAT16,BFLOAT16,False,DEV_1_DRAM_INTERLEAVED,2,1,1,1384448.0,"If possible place input 0 in L1 (currently in DEV_1_DRAM_INTERLEAVED) • Output subblock 1x1 is small, try out_subblock_h * out_subblock_w >= 2 if possible • HiFi2 may also work, it discards the lowest bit of the activations and has 2x the throughput of HiFi4"
5784,0.01066874910186183,,TransposeDeviceOperation,0,3.141,0.557,96,,,,,BF16 => BF16,BFLOAT16,BFLOAT16,nan,False,DEV_1_DRAM_INTERLEAVED,,,,1385472.0,
5785,0.02244245518209388,,ConcatDeviceOperation,0,0.974,6.805,10,,,,,"BF16, BF16 => BF16",BFLOAT16,BFLOAT16,BFLOAT16,False,DEV_1_DRAM_INTERLEAVED,,,,1389568.0,
5786,0.0811984703818013,,SdpaDecodeDeviceOperation,0,17.29,10.855,96,,,,,"BF16, BF16 => BF16",BFLOAT16,BFLOAT16,BFLOAT16,False,DEV_1_DRAM_INTERLEAVED,,,,1392640.0,
5787,0.07743353864087926,,TransposeDeviceOperation,0,3.125,23.715,96,,,,,BF16 => BF16,BFLOAT16,BFLOAT16,nan,False,DEV_1_DRAM_INTERLEAVED,,,,1393664.0,
5788,0.3529140268749194,FLOP,MatmulDeviceOperation b={20} x 32 x 512 x 256,0,121.444,0.883,1,51.26576858469747,10.012845426698725,1.3814775534402686,99.93327209492683,HiFi4 BF16 x BF16 => BF16,BFLOAT16,BFLOAT16,BFLOAT16,False,DEV_1_DRAM_INTERLEAVED,2,1,1,1394688.0,Increase grid size (currently using 1)
5789,0.008170334628575636,,TransposeDeviceOperation,0,2.263,0.569,96,,,,,BF16 => BF16,BFLOAT16,BFLOAT16,nan,False,DEV_1_DRAM_INTERLEAVED,,,,1395712.0,
5790,0.010841849411789279,,NLPConcatHeadsDecodeDeviceOperation,0,1.551,2.207,10,,,,,BF16 => BF16,BFLOAT16,BFLOAT16,nan,False,DEV_1_L1_HEIGHT_SHARDED,,,,1397760.0,
5791,0.00774912387441884,,ShardedToInterleavedDeviceOperation,0,1.306,1.38,10,,,,,BF16 => BF16,BFLOAT16,BFLOAT16,nan,False,DEV_1_L1_WIDTH_SHARDED,,,,1398784.0,
5792,0.008277079819697561,,SliceDeviceOperation,0,2.283,0.586,96,,,,,BF16 => BF16,BFLOAT16,BFLOAT16,nan,False,DEV_1_DRAM_INTERLEAVED,,,,1399808.0,
5793,0.266531202210791,SLOW,MatmulDeviceOperation 32 x 5120 x 2048,0,91.887,0.498,50,233.2241992882562,45.55160142348754,7.303412234592488,10.566279274584039,HiFi4 BF16 x BF16 => BF16,BFLOAT16,BFLOAT16,BFLOAT16,False,DEV_1_DRAM_INTERLEAVED,2,1,1,1400832.0,"If possible place input 0 in L1 (currently in DEV_1_DRAM_INTERLEAVED) • Output subblock 1x1 is small, try out_subblock_h * out_subblock_w >= 2 if possible • HiFi2 may also work, it discards the lowest bit of the activations and has 2x the throughput of HiFi4"
5794,0.008484800191610502,,BinaryNgDeviceOperation,0,2.344,0.597,96,,,,,"BF16, BF16 => BF16",BFLOAT16,BFLOAT16,BFLOAT16,False,DEV_1_DRAM_INTERLEAVED,,,,1401856.0,
5795,0.1755987244007361,,UnaryDeviceOperation,0,0.393,60.473,96,,,,,FP32 => FP32,FLOAT32,FLOAT32,nan,False,DEV_1_DRAM_INTERLEAVED,,,,1404928.0,
5796,0.0097542024644118,,BinaryNgDeviceOperation,0,0.367,3.014,96,,,,,"FP32, FP32 => FP32",FLOAT32,FLOAT32,FLOAT32,False,DEV_1_DRAM_INTERLEAVED,,,,1405952.0,
5797,0.03318621441825761,,BinaryNgDeviceOperation,0,0.274,11.229,96,,,,,"FP32, FP32 => FP32",FLOAT32,FLOAT32,FLOAT32,False,DEV_1_DRAM_INTERLEAVED,,,,1409024.0,
5798,0.26595997118803044,,BinaryNgDeviceOperation,0,2.572,89.615,96,,,,,FP32 => FP32,FLOAT32,FLOAT32,nan,False,DEV_1_DRAM_INTERLEAVED,,,,1420288.0,
5799,0.006424906503473849,,BinaryNgDeviceOperation,0,0.273,1.954,96,,,,,"FP32, FP32 => FP32",FLOAT32,FLOAT32,FLOAT32,False,DEV_1_DRAM_INTERLEAVED,,,,1421312.0,
5800,0.05814439410463042,,UnaryDeviceOperation,0,4.871,15.283,96,,,,,BF16 => BF16,BFLOAT16,BFLOAT16,nan,False,DEV_1_DRAM_INTERLEAVED,,,,1425408.0,
5801,0.3455168736306864,,SparseMatmulDeviceOperation active=?/64 x 32 x 2048 x 3072,0,119.17,0.593,18,,,,,HiFi2 BF16 x BFP8 => BF16,BFLOAT16,BFLOAT16,BFLOAT8_B,False,DEV_1_DRAM_INTERLEAVED,8,1,1,1426432.0,Sparse matmul utilization is omitted because the CSV row has nnz=std::nullopt; pass --active-experts K to model K active experts per input batch group
5802,0.009474356963362426,,SliceDeviceOperation,0,2.729,0.555,96,,,,,BF16 => BF16,BFLOAT16,BFLOAT16,nan,False,DEV_1_DRAM_INTERLEAVED,,,,1427456.0,
5803,0.009638802257793504,,SliceDeviceOperation,0,2.85,0.491,95,,,,,BF16 => BF16,BFLOAT16,BFLOAT16,nan,False,DEV_1_DRAM_INTERLEAVED,,,,1428480.0,
5804,0.02039987152494997,,BinaryNgDeviceOperation,0,6.523,0.548,93,,,,,"BF16, BF16 => BF16",BFLOAT16,BFLOAT16,BFLOAT16,False,DEV_1_DRAM_INTERLEAVED,,,,1429504.0,
5805,0.013611454370628478,,BinaryNgDeviceOperation,0,4.182,0.536,93,,,,,"BF16, BF16 => BF16",BFLOAT16,BFLOAT16,BFLOAT16,False,DEV_1_DRAM_INTERLEAVED,,,,1430528.0,
5806,0.011522710630837247,,UnaryDeviceOperation,0,3.427,0.567,93,,,,,BF16 => BF16,BFLOAT16,BFLOAT16,nan,False,DEV_1_DRAM_INTERLEAVED,,,,1431552.0,
5807,0.2065432898054332,,SparseMatmulDeviceOperation active=?/64 x 32 x 1536 x 2048,0,70.968,0.624,15,,,,,HiFi2 BF16 x BFP8 => BF16,BFLOAT16,BFLOAT16,BFLOAT8_B,False,DEV_1_DRAM_INTERLEAVED,8,1,1,1432576.0,Sparse matmul utilization is omitted because the CSV row has nnz=std::nullopt; pass --active-experts K to model K active experts per input batch group
5808,0.018616938332697237,,FillPadDeviceOperation,0,5.793,0.66,93,,,,,BF16 => BF16,BFLOAT16,BFLOAT16,nan,False,DEV_1_DRAM_INTERLEAVED,,,,1433600.0,
5809,0.008989676095565564,,FastReduceNCDeviceOperation,0,2.521,0.595,47,,,,,BF16 => BF16,BFLOAT16,BFLOAT16,nan,False,DEV_1_DRAM_INTERLEAVED,,,,1434624.0,
5810,0.006015235769978884,,SliceDeviceOperation,0,1.492,0.593,48,,,,,BF16 => BF16,BFLOAT16,BFLOAT16,nan,False,DEV_1_DRAM_INTERLEAVED,,,,1435648.0,
5811,0.09958172329609649,SLOW,MatmulDeviceOperation 32 x 2048 x 1536,0,34.024,0.493,31,191.65389137079706,37.4324006583588,5.917193510463201,13.807668548534577,HiFi4 BF16 x BF16 => BF16,BFLOAT16,BFLOAT16,BFLOAT16,False,DEV_1_DRAM_INTERLEAVED,2,1,1,1436672.0,"If possible place input 0 in L1 (currently in DEV_1_DRAM_INTERLEAVED) • Output subblock 1x1 is small, try out_subblock_h * out_subblock_w >= 2 if possible • HiFi2 may also work, it discards the lowest bit of the activations and has 2x the throughput of HiFi4"
5812,0.009912877748511965,,UnaryDeviceOperation,0,2.692,0.744,93,,,,,BF16 => BF16,BFLOAT16,BFLOAT16,nan,False,DEV_1_DRAM_INTERLEAVED,,,,1437696.0,
5813,0.09989907386429682,SLOW,MatmulDeviceOperation 32 x 2048 x 1536,0,33.68,0.947,31,193.61140142517814,37.81472684085511,5.977630403800474,13.948696992141937,HiFi4 BF16 x BF16 => BF16,BFLOAT16,BFLOAT16,BFLOAT16,False,DEV_1_DRAM_INTERLEAVED,2,1,1,1438720.0,"If possible place input 0 in L1 (currently in DEV_1_DRAM_INTERLEAVED) • Output subblock 1x1 is small, try out_subblock_h * out_subblock_w >= 2 if possible • HiFi2 may also work, it discards the lowest bit of the activations and has 2x the throughput of HiFi4"
5814,0.010218688296050459,,BinaryNgDeviceOperation,0,2.832,0.71,93,,,,,"BF16, BF16 => BF16",BFLOAT16,BFLOAT16,BFLOAT16,False,DEV_1_DRAM_INTERLEAVED,,,,1439744.0,
5815,0.08491724204007602,SLOW,MatmulDeviceOperation 32 x 1536 x 2048,0,28.861,0.573,47,225.93922594504693,44.12875506739198,6.975731679428987,10.736387656725563,HiFi4 BF16 x BF16 => BF16,BFLOAT16,BFLOAT16,BFLOAT16,False,DEV_1_DRAM_INTERLEAVED,2,1,1,1440768.0,"If possible place input 0 in L1 (currently in DEV_1_DRAM_INTERLEAVED) • Output subblock 1x1 is small, try out_subblock_h * out_subblock_w >= 2 if possible • HiFi2 may also work, it discards the lowest bit of the activations and has 2x the throughput of HiFi4"
5816,0.008617510429221549,,BinaryNgDeviceOperation,0,2.313,0.674,93,,,,,"BF16, BF16 => BF16",BFLOAT16,BFLOAT16,BFLOAT16,False,DEV_1_DRAM_INTERLEAVED,,,,1441792.0,
5817,0.008262654793870276,,BinaryNgDeviceOperation,0,2.316,0.548,93,,,,,"BF16, BF16 => BF16",BFLOAT16,BFLOAT16,BFLOAT16,False,DEV_1_DRAM_INTERLEAVED,,,,1442816.0,
5818,0.12165778282217724,,UntilizeCodegenDeviceOperation,0,4.668,37.501,93,,,,,BF16 => BF16,BFLOAT16,BFLOAT16,nan,False,DEV_1_DRAM_INTERLEAVED,,,,1357824.0,
5819,0.03352376002261614,,UntilizeCodegenDeviceOperation,0,4.672,6.948,93,,,,,BF16 => BF16,BFLOAT16,BFLOAT16,nan,False,DEV_1_DRAM_INTERLEAVED,,,,1360896.0,
5820,0.12884144568416642,SLOW,MatmulDeviceOperation 32 x 2048 x 1344,0,32.863,11.796,25,174.1201959650671,34.00785077442717,5.360459118157198,15.5105877261493,HiFi4 BF16 x BF16 => BF16,BFLOAT16,BFLOAT16,BFLOAT16,False,DEV_1_DRAM_INTERLEAVED,2,1,1,1367040.0,"If possible place input 0 in L1 (currently in DEV_1_DRAM_INTERLEAVED) • Output subblock 1x1 is small, try out_subblock_h * out_subblock_w >= 2 if possible • HiFi2 may also work, it discards the lowest bit of the activations and has 2x the throughput of HiFi4"
5821,0.006433561518970221,,SliceDeviceOperation,0,1.468,0.762,14,,,,,BF16 => BF16,BFLOAT16,BFLOAT16,nan,False,DEV_1_DRAM_INTERLEAVED,,,,1368064.0,
5822,0.005389189649074607,,SliceDeviceOperation,0,1.092,0.776,8,,,,,BF16 => BF16,BFLOAT16,BFLOAT16,nan,False,DEV_1_DRAM_INTERLEAVED,,,,1369088.0,
5823,0.0581126590478104,,ConcatDeviceOperation,0,0.992,19.151,10,,,,,"BF16, BF16 => BF16",BFLOAT16,BFLOAT16,BFLOAT16,False,DEV_1_DRAM_INTERLEAVED,,,,1375232.0,
5824,0.1080867185238652,DRAM,MatmulDeviceOperation 32 x 768 x 5120,0,21.994,15.471,63,374.7000090933891,73.18359552605256,11.442131490406474,13.138102920164696,HiFi4 BF16 x BF16 => BF16,BFLOAT16,BFLOAT16,BFLOAT16,False,DEV_1_DRAM_INTERLEAVED,2,1,2,1377280.0,Try a DRAM-sharded program config (MatmulMultiCoreReuseMultiCastDRAMShardedProgramConfig) to improve throughput further
5825,0.047784340555472544,,ReshapeViewDeviceOperation,0,0.198,16.365,93,,,,,BF16 => BF16,BFLOAT16,BFLOAT16,nan,False,DEV_1_DRAM_INTERLEAVED,,,,1379328.0,
5826,0.04344817779178993,,SliceDeviceOperation,0,0.832,14.228,2,,,,,BF16 => BF16,BFLOAT16,BFLOAT16,nan,False,DEV_1_DRAM_INTERLEAVED,,,,1381376.0,
5827,0.01653684960840238,,TransposeDeviceOperation,0,2.767,2.965,93,,,,,BF16 => BF16,BFLOAT16,BFLOAT16,nan,False,DEV_1_DRAM_INTERLEAVED,,,,1383424.0,
5828,0.15602107934794152,SLOW,MatmulDeviceOperation b={20} x 32 x 192 x 512,0,53.081,0.999,3,91.05480303686818,17.784141218138316,2.370511482451348,57.15932394028134,HiFi4 BF16 x BF16 => BF16,BFLOAT16,BFLOAT16,BFLOAT16,False,DEV_1_DRAM_INTERLEAVED,2,1,1,1384448.0,"If possible place input 0 in L1 (currently in DEV_1_DRAM_INTERLEAVED) • Output subblock 1x1 is small, try out_subblock_h * out_subblock_w >= 2 if possible • HiFi2 may also work, it discards the lowest bit of the activations and has 2x the throughput of HiFi4"
5829,0.010986099670062154,,TransposeDeviceOperation,0,3.08,0.728,93,,,,,BF16 => BF16,BFLOAT16,BFLOAT16,nan,False,DEV_1_DRAM_INTERLEAVED,,,,1385472.0,
5830,0.02229531991865555,,ConcatDeviceOperation,0,0.994,6.734,10,,,,,"BF16, BF16 => BF16",BFLOAT16,BFLOAT16,BFLOAT16,False,DEV_1_DRAM_INTERLEAVED,,,,1389568.0,
5831,0.03394785578193838,,SdpaDecodeDeviceOperation,0,0.856,10.911,93,,,,,"BF16, BF16 => BF16",BFLOAT16,BFLOAT16,BFLOAT16,False,DEV_1_DRAM_INTERLEAVED,,,,1392640.0,
5832,0.12476204838020952,,TransposeDeviceOperation,0,3.074,40.171,92,,,,,BF16 => BF16,BFLOAT16,BFLOAT16,nan,False,DEV_1_DRAM_INTERLEAVED,,,,1393664.0,
5833,0.36132958694255896,,TransposeDeviceOperation,0,2.199,123.045,92,,,,,BF16 => BF16,BFLOAT16,BFLOAT16,nan,False,DEV_1_DRAM_INTERLEAVED,,,,1395712.0,
5834,0.011124579918004114,,NLPConcatHeadsDecodeDeviceOperation,0,1.564,2.292,7,,,,,BF16 => BF16,BFLOAT16,BFLOAT16,nan,False,DEV_1_L1_HEIGHT_SHARDED,,,,1397760.0,
5835,0.007662573719455115,,ShardedToInterleavedDeviceOperation,0,1.236,1.42,7,,,,,BF16 => BF16,BFLOAT16,BFLOAT16,nan,False,DEV_1_L1_WIDTH_SHARDED,,,,1398784.0,
5836,0.008011659344475473,,SliceDeviceOperation,0,2.195,0.582,90,,,,,BF16 => BF16,BFLOAT16,BFLOAT16,nan,False,DEV_1_DRAM_INTERLEAVED,,,,1399808.0,
5837,0.2647136489565528,SLOW,MatmulDeviceOperation 32 x 5120 x 2048,0,91.227,0.528,44,234.91150646190275,45.88115360584038,7.356250232935425,12.0940035658266,HiFi4 BF16 x BF16 => BF16,BFLOAT16,BFLOAT16,BFLOAT16,False,DEV_1_DRAM_INTERLEAVED,2,1,1,1400832.0,"If possible place input 0 in L1 (currently in DEV_1_DRAM_INTERLEAVED) • Output subblock 1x1 is small, try out_subblock_h * out_subblock_w >= 2 if possible • HiFi2 may also work, it discards the lowest bit of the activations and has 2x the throughput of HiFi4"
5838,0.009197396467478506,,BinaryNgDeviceOperation,0,2.485,0.703,90,,,,,"BF16, BF16 => BF16",BFLOAT16,BFLOAT16,BFLOAT16,False,DEV_1_DRAM_INTERLEAVED,,,,1401856.0,
5839,0.1745947426031569,,UnaryDeviceOperation,0,0.375,60.143,90,,,,,FP32 => FP32,FLOAT32,FLOAT32,nan,False,DEV_1_DRAM_INTERLEAVED,,,,1404928.0,
5840,0.00983786761421007,,BinaryNgDeviceOperation,0,0.362,3.048,90,,,,,"FP32, FP32 => FP32",FLOAT32,FLOAT32,FLOAT32,False,DEV_1_DRAM_INTERLEAVED,,,,1405952.0,
5841,0.033347774707523224,,BinaryNgDeviceOperation,0,0.27,11.289,90,,,,,"FP32, FP32 => FP32",FLOAT32,FLOAT32,FLOAT32,False,DEV_1_DRAM_INTERLEAVED,,,,1409024.0,
5842,0.26628886177689254,,BinaryNgDeviceOperation,0,2.561,89.74,90,,,,,FP32 => FP32,FLOAT32,FLOAT32,nan,False,DEV_1_DRAM_INTERLEAVED,,,,1420288.0,
5843,0.006473951591286627,,BinaryNgDeviceOperation,0,0.273,1.971,90,,,,,"FP32, FP32 => FP32",FLOAT32,FLOAT32,FLOAT32,False,DEV_1_DRAM_INTERLEAVED,,,,1421312.0,
5844,0.05841269958501797,,UnaryDeviceOperation,0,4.847,15.4,90,,,,,BF16 => BF16,BFLOAT16,BFLOAT16,nan,False,DEV_1_DRAM_INTERLEAVED,,,,1425408.0,
5845,0.3441118761151086,,SparseMatmulDeviceOperation active=?/64 x 32 x 2048 x 3072,0,118.631,0.645,13,,,,,HiFi2 BF16 x BFP8 => BF16,BFLOAT16,BFLOAT16,BFLOAT8_B,False,DEV_1_DRAM_INTERLEAVED,8,1,1,1426432.0,Sparse matmul utilization is omitted because the CSV row has nnz=std::nullopt; pass --active-experts K to model K active experts per input batch group
5846,0.009483011978858797,,SliceDeviceOperation,0,2.645,0.642,90,,,,,BF16 => BF16,BFLOAT16,BFLOAT16,nan,False,DEV_1_DRAM_INTERLEAVED,,,,1427456.0,
5847,0.00921470649847125,,SliceDeviceOperation,0,2.66,0.534,90,,,,,BF16 => BF16,BFLOAT16,BFLOAT16,nan,False,DEV_1_DRAM_INTERLEAVED,,,,1428480.0,
5848,0.020509501721237357,,BinaryNgDeviceOperation,0,6.577,0.532,90,,,,,"BF16, BF16 => BF16",BFLOAT16,BFLOAT16,BFLOAT16,False,DEV_1_DRAM_INTERLEAVED,,,,1429504.0,
5849,0.013790324690886844,,BinaryNgDeviceOperation,0,4.253,0.527,90,,,,,"BF16, BF16 => BF16",BFLOAT16,BFLOAT16,BFLOAT16,False,DEV_1_DRAM_INTERLEAVED,,,,1430528.0,
5850,0.010648554065703626,,UnaryDeviceOperation,0,3.165,0.526,90,,,,,BF16 => BF16,BFLOAT16,BFLOAT16,nan,False,DEV_1_DRAM_INTERLEAVED,,,,1431552.0,
5851,0.20883686891197192,,SparseMatmulDeviceOperation active=?/64 x 32 x 1536 x 2048,0,71.548,0.839,13,,,,,HiFi2 BF16 x BFP8 => BF16,BFLOAT16,BFLOAT16,BFLOAT8_B,False,DEV_1_DRAM_INTERLEAVED,8,1,1,1432576.0,Sparse matmul utilization is omitted because the CSV row has nnz=std::nullopt; pass --active-experts K to model K active experts per input batch group
5852,0.018827543709775636,,FillPadDeviceOperation,0,5.82,0.706,90,,,,,BF16 => BF16,BFLOAT16,BFLOAT16,nan,False,DEV_1_DRAM_INTERLEAVED,,,,1433600.0,
5853,0.008764645692659879,,FastReduceNCDeviceOperation,0,2.456,0.582,44,,,,,BF16 => BF16,BFLOAT16,BFLOAT16,nan,False,DEV_1_DRAM_INTERLEAVED,,,,1434624.0,
5854,0.006101785924942609,,SliceDeviceOperation,0,1.523,0.592,45,,,,,BF16 => BF16,BFLOAT16,BFLOAT16,nan,False,DEV_1_DRAM_INTERLEAVED,,,,1435648.0,
5855,0.09961345835291649,SLOW,MatmulDeviceOperation 32 x 2048 x 1536,0,34.046,0.482,28,191.53004758268224,37.408212418492624,5.913369911296481,15.277183343916587,HiFi4 BF16 x BF16 => BF16,BFLOAT16,BFLOAT16,BFLOAT16,False,DEV_1_DRAM_INTERLEAVED,2,1,1,1436672.0,"If possible place input 0 in L1 (currently in DEV_1_DRAM_INTERLEAVED) • Output subblock 1x1 is small, try out_subblock_h * out_subblock_w >= 2 if possible • HiFi2 may also work, it discards the lowest bit of the activations and has 2x the throughput of HiFi4"
5856,0.01002250794479935,,UnaryDeviceOperation,0,2.779,0.695,90,,,,,BF16 => BF16,BFLOAT16,BFLOAT16,nan,False,DEV_1_DRAM_INTERLEAVED,,,,1437696.0,
5857,0.09966250344072929,SLOW,MatmulDeviceOperation 32 x 2048 x 1536,0,33.697,0.848,28,193.5137252574413,37.795649464344,5.974614713475978,15.435409209335674,HiFi4 BF16 x BF16 => BF16,BFLOAT16,BFLOAT16,BFLOAT16,False,DEV_1_DRAM_INTERLEAVED,2,1,1,1438720.0,"If possible place input 0 in L1 (currently in DEV_1_DRAM_INTERLEAVED) • Output subblock 1x1 is small, try out_subblock_h * out_subblock_w >= 2 if possible • HiFi2 may also work, it discards the lowest bit of the activations and has 2x the throughput of HiFi4"
5858,0.010481223766107092,,BinaryNgDeviceOperation,0,2.913,0.72,90,,,,,"BF16, BF16 => BF16",BFLOAT16,BFLOAT16,BFLOAT16,False,DEV_1_DRAM_INTERLEAVED,,,,1439744.0,
5859,0.08474702673531402,SLOW,MatmulDeviceOperation 32 x 1536 x 2048,0,28.794,0.581,44,226.4649579773564,44.23143710495242,6.991963325692852,11.495099638462838,HiFi4 BF16 x BF16 => BF16,BFLOAT16,BFLOAT16,BFLOAT16,False,DEV_1_DRAM_INTERLEAVED,2,1,1,1440768.0,"If possible place input 0 in L1 (currently in DEV_1_DRAM_INTERLEAVED) • Output subblock 1x1 is small, try out_subblock_h * out_subblock_w >= 2 if possible • HiFi2 may also work, it discards the lowest bit of the activations and has 2x the throughput of HiFi4"
5860,0.008712715599681646,,BinaryNgDeviceOperation,0,2.315,0.705,90,,,,,"BF16, BF16 => BF16",BFLOAT16,BFLOAT16,BFLOAT16,False,DEV_1_DRAM_INTERLEAVED,,,,1441792.0,
5861,0.008239574752546615,,BinaryNgDeviceOperation,0,2.315,0.541,90,,,,,"BF16, BF16 => BF16",BFLOAT16,BFLOAT16,BFLOAT16,False,DEV_1_DRAM_INTERLEAVED,,,,1442816.0,
5862,0.12191743328706843,,UntilizeCodegenDeviceOperation,0,4.592,37.667,90,,,,,BF16 => BF16,BFLOAT16,BFLOAT16,nan,False,DEV_1_DRAM_INTERLEAVED,,,,1357824.0,
5863,0.03359588515175257,,UntilizeCodegenDeviceOperation,0,4.579,7.066,86,,,,,BF16 => BF16,BFLOAT16,BFLOAT16,nan,False,DEV_1_DRAM_INTERLEAVED,,,,1360896.0,
5864,0.12905205106124482,SLOW,MatmulDeviceOperation 32 x 2048 x 1344,0,32.863,11.869,20,174.1201959650671,34.00785077442717,5.360459118157198,19.388234657686628,HiFi4 BF16 x BF16 => BF16,BFLOAT16,BFLOAT16,BFLOAT16,False,DEV_1_DRAM_INTERLEAVED,2,1,1,1367040.0,"If possible place input 0 in L1 (currently in DEV_1_DRAM_INTERLEAVED) • Output subblock 1x1 is small, try out_subblock_h * out_subblock_w >= 2 if possible • HiFi2 may also work, it discards the lowest bit of the activations and has 2x the throughput of HiFi4"
5865,0.0050862641067015695,,SliceDeviceOperation,0,0.959,0.804,10,,,,,BF16 => BF16,BFLOAT16,BFLOAT16,nan,False,DEV_1_DRAM_INTERLEAVED,,,,1368064.0,
5866,0.006814382200810612,,SliceDeviceOperation,0,1.053,1.309,6,,,,,BF16 => BF16,BFLOAT16,BFLOAT16,nan,False,DEV_1_DRAM_INTERLEAVED,,,,1369088.0,
5867,0.057965523784372065,,ConcatDeviceOperation,0,1.024,19.068,8,,,,,"BF16, BF16 => BF16",BFLOAT16,BFLOAT16,BFLOAT16,False,DEV_1_DRAM_INTERLEAVED,,,,1375232.0,
5868,0.10798574334307416,DRAM,MatmulDeviceOperation 32 x 768 x 5120,0,21.976,15.454,56,375.0069166363305,73.2435384055333,11.451503458318165,14.792472018536815,HiFi4 BF16 x BF16 => BF16,BFLOAT16,BFLOAT16,BFLOAT16,False,DEV_1_DRAM_INTERLEAVED,2,1,2,1377280.0,Try a DRAM-sharded program config (MatmulMultiCoreReuseMultiCastDRAMShardedProgramConfig) to improve throughput further
5869,0.04782184562262349,,ReshapeViewDeviceOperation,0,0.208,16.368,86,,,,,BF16 => BF16,BFLOAT16,BFLOAT16,nan,False,DEV_1_DRAM_INTERLEAVED,,,,1379328.0,
5870,0.043341432600668,,SliceDeviceOperation,0,0.804,14.219,1,,,,,BF16 => BF16,BFLOAT16,BFLOAT16,nan,False,DEV_1_DRAM_INTERLEAVED,,,,1381376.0,
5871,0.01620507401437477,,TransposeDeviceOperation,0,2.636,2.981,86,,,,,BF16 => BF16,BFLOAT16,BFLOAT16,nan,False,DEV_1_DRAM_INTERLEAVED,,,,1383424.0,
5872,0.157108726295319,SLOW,MatmulDeviceOperation b={20} x 32 x 192 x 512,0,53.204,1.253,3,90.84429742124652,17.74302684008721,2.3650312006616043,57.027179799903664,HiFi4 BF16 x BF16 => BF16,BFLOAT16,BFLOAT16,BFLOAT16,False,DEV_1_DRAM_INTERLEAVED,2,1,1,1384448.0,"If possible place input 0 in L1 (currently in DEV_1_DRAM_INTERLEAVED) • Output subblock 1x1 is small, try out_subblock_h * out_subblock_w >= 2 if possible • HiFi2 may also work, it discards the lowest bit of the activations and has 2x the throughput of HiFi4"
5873,0.010815884365300161,,TransposeDeviceOperation,0,3.095,0.654,86,,,,,BF16 => BF16,BFLOAT16,BFLOAT16,nan,False,DEV_1_DRAM_INTERLEAVED,,,,1385472.0,
5874,0.0222376198153464,,ConcatDeviceOperation,0,0.964,6.744,8,,,,,"BF16, BF16 => BF16",BFLOAT16,BFLOAT16,BFLOAT16,False,DEV_1_DRAM_INTERLEAVED,,,,1389568.0,
5875,0.03382957057015463,,SdpaDecodeDeviceOperation,0,0.839,10.887,86,,,,,"BF16, BF16 => BF16",BFLOAT16,BFLOAT16,BFLOAT16,False,DEV_1_DRAM_INTERLEAVED,,,,1392640.0,
5876,0.12447643286882923,,TransposeDeviceOperation,0,3.054,40.092,86,,,,,BF16 => BF16,BFLOAT16,BFLOAT16,nan,False,DEV_1_DRAM_INTERLEAVED,,,,1393664.0,
5877,0.36013519480405953,,TransposeDeviceOperation,0,2.247,122.583,86,,,,,BF16 => BF16,BFLOAT16,BFLOAT16,nan,False,DEV_1_DRAM_INTERLEAVED,,,,1395712.0,
5878,0.01115342996965869,,NLPConcatHeadsDecodeDeviceOperation,0,1.521,2.345,4,,,,,BF16 => BF16,BFLOAT16,BFLOAT16,nan,False,DEV_1_L1_HEIGHT_SHARDED,,,,1397760.0,
5879,0.007688538765944234,,ShardedToInterleavedDeviceOperation,0,1.228,1.437,4,,,,,BF16 => BF16,BFLOAT16,BFLOAT16,nan,False,DEV_1_L1_WIDTH_SHARDED,,,,1398784.0,
5880,0.008228034731884786,,SliceDeviceOperation,0,2.268,0.584,86,,,,,BF16 => BF16,BFLOAT16,BFLOAT16,nan,False,DEV_1_DRAM_INTERLEAVED,,,,1399808.0,
5881,0.2655329904235427,SLOW,MatmulDeviceOperation 32 x 5120 x 2048,0,91.51,0.529,40,234.18502895858373,45.73926346847338,7.333500601027209,13.262262371649323,HiFi4 BF16 x BF16 => BF16,BFLOAT16,BFLOAT16,BFLOAT16,False,DEV_1_DRAM_INTERLEAVED,2,1,1,1400832.0,"If possible place input 0 in L1 (currently in DEV_1_DRAM_INTERLEAVED) • Output subblock 1x1 is small, try out_subblock_h * out_subblock_w >= 2 if possible • HiFi2 may also work, it discards the lowest bit of the activations and has 2x the throughput of HiFi4"
5882,0.009229131524298538,,BinaryNgDeviceOperation,0,2.486,0.713,86,,,,,"BF16, BF16 => BF16",BFLOAT16,BFLOAT16,BFLOAT16,False,DEV_1_DRAM_INTERLEAVED,,,,1401856.0,
5883,0.17466975273745877,,UnaryDeviceOperation,0,0.387,60.157,86,,,,,FP32 => FP32,FLOAT32,FLOAT32,nan,False,DEV_1_DRAM_INTERLEAVED,,,,1404928.0,
5884,0.009924417769173795,,BinaryNgDeviceOperation,0,0.368,3.072,86,,,,,"FP32, FP32 => FP32",FLOAT32,FLOAT32,FLOAT32,False,DEV_1_DRAM_INTERLEAVED,,,,1405952.0,
5885,0.033272764573221335,,BinaryNgDeviceOperation,0,0.249,11.284,86,,,,,"FP32, FP32 => FP32",FLOAT32,FLOAT32,FLOAT32,False,DEV_1_DRAM_INTERLEAVED,,,,1409024.0,
5886,0.2663465618802017,,BinaryNgDeviceOperation,0,2.56,89.761,86,,,,,FP32 => FP32,FLOAT32,FLOAT32,nan,False,DEV_1_DRAM_INTERLEAVED,,,,1420288.0,
5887,0.006433561518970221,,BinaryNgDeviceOperation,0,0.263,1.967,86,,,,,"FP32, FP32 => FP32",FLOAT32,FLOAT32,FLOAT32,False,DEV_1_DRAM_INTERLEAVED,,,,1421312.0,
5888,0.058199209202774126,,UnaryDeviceOperation,0,4.785,15.388,86,,,,,BF16 => BF16,BFLOAT16,BFLOAT16,nan,False,DEV_1_DRAM_INTERLEAVED,,,,1425408.0,
5889,0.34360700021115353,,SparseMatmulDeviceOperation active=?/64 x 32 x 2048 x 3072,0,118.461,0.64,10,,,,,HiFi2 BF16 x BFP8 => BF16,BFLOAT16,BFLOAT16,BFLOAT8_B,False,DEV_1_DRAM_INTERLEAVED,8,1,1,1426432.0,Sparse matmul utilization is omitted because the CSV row has nnz=std::nullopt; pass --active-experts K to model K active experts per input batch group
5890,0.00975708746957726,,SliceDeviceOperation,0,2.677,0.705,86,,,,,BF16 => BF16,BFLOAT16,BFLOAT16,nan,False,DEV_1_DRAM_INTERLEAVED,,,,1427456.0,
5891,0.009442621906542393,,SliceDeviceOperation,0,2.748,0.525,86,,,,,BF16 => BF16,BFLOAT16,BFLOAT16,nan,False,DEV_1_DRAM_INTERLEAVED,,,,1428480.0,
5892,0.020454686623093663,,BinaryNgDeviceOperation,0,6.576,0.514,86,,,,,"BF16, BF16 => BF16",BFLOAT16,BFLOAT16,BFLOAT16,False,DEV_1_DRAM_INTERLEAVED,,,,1429504.0,
5893,0.013848024794195992,,BinaryNgDeviceOperation,0,4.301,0.499,86,,,,,"BF16, BF16 => BF16",BFLOAT16,BFLOAT16,BFLOAT16,False,DEV_1_DRAM_INTERLEAVED,,,,1430528.0,
5894,0.01132364527442068,,UnaryDeviceOperation,0,3.348,0.577,86,,,,,BF16 => BF16,BFLOAT16,BFLOAT16,nan,False,DEV_1_DRAM_INTERLEAVED,,,,1431552.0,
5895,0.20684044533747534,,SparseMatmulDeviceOperation active=?/64 x 32 x 1536 x 2048,0,70.942,0.753,10,,,,,HiFi2 BF16 x BFP8 => BF16,BFLOAT16,BFLOAT16,BFLOAT8_B,False,DEV_1_DRAM_INTERLEAVED,8,1,1,1432576.0,Sparse matmul utilization is omitted because the CSV row has nnz=std::nullopt; pass --active-experts K to model K active experts per input batch group
5896,0.018296702759331453,,FillPadDeviceOperation,0,5.712,0.63,85,,,,,BF16 => BF16,BFLOAT16,BFLOAT16,nan,False,DEV_1_DRAM_INTERLEAVED,,,,1433600.0,
5897,0.009185856446816677,,FastReduceNCDeviceOperation,0,2.535,0.649,36,,,,,BF16 => BF16,BFLOAT16,BFLOAT16,nan,False,DEV_1_DRAM_INTERLEAVED,,,,1434624.0,
5898,0.005262249421794476,,SliceDeviceOperation,0,1.236,0.588,33,,,,,BF16 => BF16,BFLOAT16,BFLOAT16,nan,False,DEV_1_DRAM_INTERLEAVED,,,,1435648.0,
5899,0.09967692846655657,SLOW,MatmulDeviceOperation 32 x 2048 x 1536,0,33.793,0.757,13,192.96398662444886,37.68827863758767,5.957641878495547,33.151052119477534,HiFi4 BF16 x BF16 => BF16,BFLOAT16,BFLOAT16,BFLOAT16,False,DEV_1_DRAM_INTERLEAVED,2,1,1,1436672.0,"If possible place input 0 in L1 (currently in DEV_1_DRAM_INTERLEAVED) • Output subblock 1x1 is small, try out_subblock_h * out_subblock_w >= 2 if possible • HiFi2 may also work, it discards the lowest bit of the activations and has 2x the throughput of HiFi4"
5900,0.009849407634871899,,UnaryDeviceOperation,0,2.718,0.696,74,,,,,BF16 => BF16,BFLOAT16,BFLOAT16,nan,False,DEV_1_DRAM_INTERLEAVED,,,,1437696.0,
5901,0.09985002877648402,SLOW,MatmulDeviceOperation 32 x 2048 x 1536,0,33.679,0.931,13,193.61715015291426,37.815849639241065,5.977807892158318,33.263265069435086,HiFi4 BF16 x BF16 => BF16,BFLOAT16,BFLOAT16,BFLOAT16,False,DEV_1_DRAM_INTERLEAVED,2,1,1,1438720.0,"If possible place input 0 in L1 (currently in DEV_1_DRAM_INTERLEAVED) • Output subblock 1x1 is small, try out_subblock_h * out_subblock_w >= 2 if possible • HiFi2 may also work, it discards the lowest bit of the activations and has 2x the throughput of HiFi4"
5902,0.010550463890078072,,BinaryNgDeviceOperation,0,2.964,0.693,74,,,,,"BF16, BF16 => BF16",BFLOAT16,BFLOAT16,BFLOAT16,False,DEV_1_DRAM_INTERLEAVED,,,,1439744.0,
5903,0.08449603128591922,SLOW,MatmulDeviceOperation 32 x 1536 x 2048,0,28.735,0.553,28,226.9299460588133,44.32225508961197,7.006319540629893,18.10081726559889,HiFi4 BF16 x BF16 => BF16,BFLOAT16,BFLOAT16,BFLOAT16,False,DEV_1_DRAM_INTERLEAVED,2,1,1,1440768.0,"If possible place input 0 in L1 (currently in DEV_1_DRAM_INTERLEAVED) • Output subblock 1x1 is small, try out_subblock_h * out_subblock_w >= 2 if possible • HiFi2 may also work, it discards the lowest bit of the activations and has 2x the throughput of HiFi4"
5904,0.009344531730916837,,BinaryNgDeviceOperation,0,2.491,0.748,74,,,,,"BF16, BF16 => BF16",BFLOAT16,BFLOAT16,BFLOAT16,False,DEV_1_DRAM_INTERLEAVED,,,,1441792.0,
5905,0.00802608437030276,,BinaryNgDeviceOperation,0,2.221,0.561,74,,,,,"BF16, BF16 => BF16",BFLOAT16,BFLOAT16,BFLOAT16,False,DEV_1_DRAM_INTERLEAVED,,,,1442816.0,
5906,0.11832271685090841,,UntilizeCodegenDeviceOperation,0,3.712,37.301,74,,,,,BF16 => BF16,BFLOAT16,BFLOAT16,nan,False,DEV_1_DRAM_INTERLEAVED,,,,1357824.0,
5907,0.033789180497838224,,UntilizeCodegenDeviceOperation,0,3.774,7.938,74,,,,,BF16 => BF16,BFLOAT16,BFLOAT16,nan,False,DEV_1_DRAM_INTERLEAVED,,,,1360896.0,
5908,0.13149276543122188,SLOW,MatmulDeviceOperation 32 x 2048 x 1344,0,32.85,12.728,9,174.18910197869104,34.02130898021309,5.3625804566210045,43.10201627299548,HiFi4 BF16 x BF16 => BF16,BFLOAT16,BFLOAT16,BFLOAT16,False,DEV_1_DRAM_INTERLEAVED,2,1,1,1367040.0,"If possible place input 0 in L1 (currently in DEV_1_DRAM_INTERLEAVED) • Output subblock 1x1 is small, try out_subblock_h * out_subblock_w >= 2 if possible • HiFi2 may also work, it discards the lowest bit of the activations and has 2x the throughput of HiFi4"
5909,0.005071839080874282,,SliceDeviceOperation,0,0.939,0.819,9,,,,,BF16 => BF16,BFLOAT16,BFLOAT16,nan,False,DEV_1_DRAM_INTERLEAVED,,,,1368064.0,
5910,0.006598006813401299,,SliceDeviceOperation,0,0.939,1.348,5,,,,,BF16 => BF16,BFLOAT16,BFLOAT16,nan,False,DEV_1_DRAM_INTERLEAVED,,,,1369088.0,
5911,0.05791070868622836,,ConcatDeviceOperation,0,0.99,19.083,7,,,,,"BF16, BF16 => BF16",BFLOAT16,BFLOAT16,BFLOAT16,False,DEV_1_DRAM_INTERLEAVED,,,,1375232.0,
5912,0.1069240614421858,DRAM,MatmulDeviceOperation 32 x 768 x 5120,0,21.541,15.521,44,382.5798245206815,74.7226219766956,11.68275567522399,19.20697153044769,HiFi4 BF16 x BF16 => BF16,BFLOAT16,BFLOAT16,BFLOAT16,False,DEV_1_DRAM_INTERLEAVED,2,1,2,1377280.0,Try a DRAM-sharded program config (MatmulMultiCoreReuseMultiCastDRAMShardedProgramConfig) to improve throughput further
5913,0.04736889981164667,,ReshapeViewDeviceOperation,0,0.181,16.238,74,,,,,BF16 => BF16,BFLOAT16,BFLOAT16,nan,False,DEV_1_DRAM_INTERLEAVED,,,,1379328.0,
5914,0.056318185834895826,,TransposeDeviceOperation,0,1.479,18.042,74,,,,,BF16 => BF16,BFLOAT16,BFLOAT16,nan,False,DEV_1_DRAM_INTERLEAVED,,,,1383424.0,
5915,0.17140681189532636,,TransposeDeviceOperation,0,3.12,56.293,74,,,,,BF16 => BF16,BFLOAT16,BFLOAT16,nan,False,DEV_1_DRAM_INTERLEAVED,,,,1385472.0,
5916,0.022358790032295614,,ConcatDeviceOperation,0,0.984,6.766,7,,,,,"BF16, BF16 => BF16",BFLOAT16,BFLOAT16,BFLOAT16,False,DEV_1_DRAM_INTERLEAVED,,,,1389568.0,
5917,0.03369109032221267,,SdpaDecodeDeviceOperation,0,0.81,10.868,74,,,,,"BF16, BF16 => BF16",BFLOAT16,BFLOAT16,BFLOAT16,False,DEV_1_DRAM_INTERLEAVED,,,,1392640.0,
5918,0.12532462438747372,,TransposeDeviceOperation,0,3.141,40.299,74,,,,,BF16 => BF16,BFLOAT16,BFLOAT16,nan,False,DEV_1_DRAM_INTERLEAVED,,,,1393664.0,
5919,0.36097761631237313,,TransposeDeviceOperation,0,2.214,122.908,74,,,,,BF16 => BF16,BFLOAT16,BFLOAT16,nan,False,DEV_1_DRAM_INTERLEAVED,,,,1395712.0,
5920,0.011540020661829995,,NLPConcatHeadsDecodeDeviceOperation,0,1.572,2.428,1,,,,,BF16 => BF16,BFLOAT16,BFLOAT16,nan,False,DEV_1_L1_HEIGHT_SHARDED,,,,1397760.0,
5921,0.0077375838537570105,,ShardedToInterleavedDeviceOperation,0,1.196,1.486,1,,,,,BF16 => BF16,BFLOAT16,BFLOAT16,nan,False,DEV_1_L1_WIDTH_SHARDED,,,,1398784.0,
5922,0.007878949106864428,,SliceDeviceOperation,0,2.186,0.545,74,,,,,BF16 => BF16,BFLOAT16,BFLOAT16,nan,False,DEV_1_DRAM_INTERLEAVED,,,,1399808.0,
5923,0.26593689114670677,SLOW,MatmulDeviceOperation 32 x 5120 x 2048,0,91.648,0.531,28,233.83240223463687,45.67039106145251,7.322458100558659,18.91756081700216,HiFi4 BF16 x BF16 => BF16,BFLOAT16,BFLOAT16,BFLOAT16,False,DEV_1_DRAM_INTERLEAVED,2,1,1,1400832.0,"If possible place input 0 in L1 (currently in DEV_1_DRAM_INTERLEAVED) • Output subblock 1x1 is small, try out_subblock_h * out_subblock_w >= 2 if possible • HiFi2 may also work, it discards the lowest bit of the activations and has 2x the throughput of HiFi4"
5924,0.00933010670508955,,BinaryNgDeviceOperation,0,2.556,0.678,74,,,,,"BF16, BF16 => BF16",BFLOAT16,BFLOAT16,BFLOAT16,False,DEV_1_DRAM_INTERLEAVED,,,,1401856.0,
5925,0.1756939295711962,,UnaryDeviceOperation,0,0.381,60.518,74,,,,,FP32 => FP32,FLOAT32,FLOAT32,nan,False,DEV_1_DRAM_INTERLEAVED,,,,1404928.0,
5926,0.00968784734560628,,BinaryNgDeviceOperation,0,0.344,3.014,74,,,,,"FP32, FP32 => FP32",FLOAT32,FLOAT32,FLOAT32,False,DEV_1_DRAM_INTERLEAVED,,,,1405952.0,
5927,0.03357280511042891,,BinaryNgDeviceOperation,0,0.257,11.38,74,,,,,"FP32, FP32 => FP32",FLOAT32,FLOAT32,FLOAT32,False,DEV_1_DRAM_INTERLEAVED,,,,1409024.0,
5928,0.2661936566064325,,BinaryNgDeviceOperation,0,2.559,89.709,74,,,,,FP32 => FP32,FLOAT32,FLOAT32,nan,False,DEV_1_DRAM_INTERLEAVED,,,,1420288.0,
5929,0.006436446524135679,,BinaryNgDeviceOperation,0,0.261,1.97,73,,,,,"FP32, FP32 => FP32",FLOAT32,FLOAT32,FLOAT32,False,DEV_1_DRAM_INTERLEAVED,,,,1421312.0,
5930,0.05818478417694683,,UnaryDeviceOperation,0,4.83,15.338,72,,,,,BF16 => BF16,BFLOAT16,BFLOAT16,nan,False,DEV_1_DRAM_INTERLEAVED,,,,1425408.0,
5931,0.344152266187425,,SparseMatmulDeviceOperation active=?/64 x 32 x 2048 x 3072,0,118.165,1.125,2,,,,,HiFi2 BF16 x BFP8 => BF16,BFLOAT16,BFLOAT16,BFLOAT8_B,False,DEV_1_DRAM_INTERLEAVED,8,1,1,1426432.0,Sparse matmul utilization is omitted because the CSV row has nnz=std::nullopt; pass --active-experts K to model K active experts per input batch group
5932,0.009552252102829777,,SliceDeviceOperation,0,2.558,0.753,70,,,,,BF16 => BF16,BFLOAT16,BFLOAT16,nan,False,DEV_1_DRAM_INTERLEAVED,,,,1427456.0,
5933,0.009809017562555495,,SliceDeviceOperation,0,2.81,0.59,70,,,,,BF16 => BF16,BFLOAT16,BFLOAT16,nan,False,DEV_1_DRAM_INTERLEAVED,,,,1428480.0,
5934,0.02063644194851749,,BinaryNgDeviceOperation,0,6.591,0.562,70,,,,,"BF16, BF16 => BF16",BFLOAT16,BFLOAT16,BFLOAT16,False,DEV_1_DRAM_INTERLEAVED,,,,1429504.0,
5935,0.013617224380959395,,BinaryNgDeviceOperation,0,4.224,0.496,70,,,,,"BF16, BF16 => BF16",BFLOAT16,BFLOAT16,BFLOAT16,False,DEV_1_DRAM_INTERLEAVED,,,,1430528.0,
5936,0.010951479608076665,,UnaryDeviceOperation,0,3.234,0.562,70,,,,,BF16 => BF16,BFLOAT16,BFLOAT16,nan,False,DEV_1_DRAM_INTERLEAVED,,,,1431552.0,
5937,0.22786059297299865,,FillPadDeviceOperation,0,5.705,73.276,70,,,,,BF16 => BF16,BFLOAT16,BFLOAT16,nan,False,DEV_1_DRAM_INTERLEAVED,,,,1433600.0,
5938,0.009084881266025663,,FastReduceNCDeviceOperation,0,2.508,0.641,24,,,,,BF16 => BF16,BFLOAT16,BFLOAT16,nan,False,DEV_1_DRAM_INTERLEAVED,,,,1434624.0,
5939,0.00545554476788013,,SliceDeviceOperation,0,1.285,0.606,32,,,,,BF16 => BF16,BFLOAT16,BFLOAT16,nan,False,DEV_1_DRAM_INTERLEAVED,,,,1435648.0,
5940,0.09953556321344915,SLOW,MatmulDeviceOperation 32 x 2048 x 1536,0,33.973,0.528,10,191.94160068289523,37.48859388337797,5.926076354752302,42.868029186576265,HiFi4 BF16 x BF16 => BF16,BFLOAT16,BFLOAT16,BFLOAT16,False,DEV_1_DRAM_INTERLEAVED,2,1,1,1436672.0,"If possible place input 0 in L1 (currently in DEV_1_DRAM_INTERLEAVED) • Output subblock 1x1 is small, try out_subblock_h * out_subblock_w >= 2 if possible • HiFi2 may also work, it discards the lowest bit of the activations and has 2x the throughput of HiFi4"
5941,0.009855177645202814,,UnaryDeviceOperation,0,2.691,0.725,70,,,,,BF16 => BF16,BFLOAT16,BFLOAT16,nan,False,DEV_1_DRAM_INTERLEAVED,,,,1437696.0,
5942,0.09948074811530545,SLOW,MatmulDeviceOperation 32 x 2048 x 1536,0,33.377,1.105,10,195.3690265751865,38.158013002966115,6.031895976271084,43.6335067727943,HiFi4 BF16 x BF16 => BF16,BFLOAT16,BFLOAT16,BFLOAT16,False,DEV_1_DRAM_INTERLEAVED,2,1,1,1438720.0,"If possible place input 0 in L1 (currently in DEV_1_DRAM_INTERLEAVED) • Output subblock 1x1 is small, try out_subblock_h * out_subblock_w >= 2 if possible • HiFi2 may also work, it discards the lowest bit of the activations and has 2x the throughput of HiFi4"
5943,0.010253308358035949,,BinaryNgDeviceOperation,0,2.775,0.779,70,,,,,"BF16, BF16 => BF16",BFLOAT16,BFLOAT16,BFLOAT16,False,DEV_1_DRAM_INTERLEAVED,,,,1439744.0,
5944,0.08505283728285251,SLOW,MatmulDeviceOperation 32 x 1536 x 2048,0,28.884,0.597,24,225.75931311452703,44.09361584268106,6.9701769837972565,21.008683520800954,HiFi4 BF16 x BF16 => BF16,BFLOAT16,BFLOAT16,BFLOAT16,False,DEV_1_DRAM_INTERLEAVED,2,1,1,1440768.0,"If possible place input 0 in L1 (currently in DEV_1_DRAM_INTERLEAVED) • Output subblock 1x1 is small, try out_subblock_h * out_subblock_w >= 2 if possible • HiFi2 may also work, it discards the lowest bit of the activations and has 2x the throughput of HiFi4"
5945,0.009413771854887818,,BinaryNgDeviceOperation,0,2.447,0.816,70,,,,,"BF16, BF16 => BF16",BFLOAT16,BFLOAT16,BFLOAT16,False,DEV_1_DRAM_INTERLEAVED,,,,1441792.0,
5946,0.008101094504604656,,BinaryNgDeviceOperation,0,2.272,0.536,70,,,,,"BF16, BF16 => BF16",BFLOAT16,BFLOAT16,BFLOAT16,False,DEV_1_DRAM_INTERLEAVED,,,,1442816.0,
5947,0.11947094890676048,,UntilizeCodegenDeviceOperation,0,3.712,37.699,70,,,,,BF16 => BF16,BFLOAT16,BFLOAT16,nan,False,DEV_1_DRAM_INTERLEAVED,,,,1357824.0,
5948,0.03331603965070319,,UntilizeCodegenDeviceOperation,0,3.624,7.924,70,,,,,BF16 => BF16,BFLOAT16,BFLOAT16,nan,False,DEV_1_DRAM_INTERLEAVED,,,,1360896.0,
5949,0.13151007546221463,SLOW,MatmulDeviceOperation 32 x 2048 x 1344,0,32.716,12.868,6,174.9025553246118,34.16065533683824,5.384544809878958,64.91783383823974,HiFi4 BF16 x BF16 => BF16,BFLOAT16,BFLOAT16,BFLOAT16,False,DEV_1_DRAM_INTERLEAVED,2,1,1,1367040.0,"If possible place input 0 in L1 (currently in DEV_1_DRAM_INTERLEAVED) • Output subblock 1x1 is small, try out_subblock_h * out_subblock_w >= 2 if possible • HiFi2 may also work, it discards the lowest bit of the activations and has 2x the throughput of HiFi4"
5950,0.005265134426959936,,SliceDeviceOperation,0,0.932,0.893,8,,,,,BF16 => BF16,BFLOAT16,BFLOAT16,nan,False,DEV_1_DRAM_INTERLEAVED,,,,1368064.0,
5951,0.006722062035515972,,SliceDeviceOperation,0,0.992,1.338,4,,,,,BF16 => BF16,BFLOAT16,BFLOAT16,nan,False,DEV_1_DRAM_INTERLEAVED,,,,1369088.0,
5952,0.05816170413562317,,ConcatDeviceOperation,0,0.979,19.181,6,,,,,"BF16, BF16 => BF16",BFLOAT16,BFLOAT16,BFLOAT16,False,DEV_1_DRAM_INTERLEAVED,,,,1375232.0,
5953,0.10560272907640628,DRAM,MatmulDeviceOperation 32 x 768 x 5120,0,21.093,15.511,40,390.7055421229791,76.30967619589435,11.930888920494949,21.576405021149718,HiFi4 BF16 x BF16 => BF16,BFLOAT16,BFLOAT16,BFLOAT16,False,DEV_1_DRAM_INTERLEAVED,2,1,2,1377280.0,Try a DRAM-sharded program config (MatmulMultiCoreReuseMultiCastDRAMShardedProgramConfig) to improve throughput further
5954,0.04985288925910558,,ReshapeViewDeviceOperation,0,0.184,17.096,70,,,,,BF16 => BF16,BFLOAT16,BFLOAT16,nan,False,DEV_1_DRAM_INTERLEAVED,,,,1379328.0,
5955,0.05635280589688131,,TransposeDeviceOperation,0,1.496,18.037,70,,,,,BF16 => BF16,BFLOAT16,BFLOAT16,nan,False,DEV_1_DRAM_INTERLEAVED,,,,1383424.0,
5956,0.17197515791292148,,TransposeDeviceOperation,0,3.055,56.555,70,,,,,BF16 => BF16,BFLOAT16,BFLOAT16,nan,False,DEV_1_DRAM_INTERLEAVED,,,,1385472.0,
5957,0.022355905027130155,,ConcatDeviceOperation,0,0.962,6.787,6,,,,,"BF16, BF16 => BF16",BFLOAT16,BFLOAT16,BFLOAT16,False,DEV_1_DRAM_INTERLEAVED,,,,1389568.0,
5958,0.03366512527572355,,SdpaDecodeDeviceOperation,0,0.813,10.856,70,,,,,"BF16, BF16 => BF16",BFLOAT16,BFLOAT16,BFLOAT16,False,DEV_1_DRAM_INTERLEAVED,,,,1392640.0,
5959,0.12465530318908759,,TransposeDeviceOperation,0,3.064,40.144,70,,,,,BF16 => BF16,BFLOAT16,BFLOAT16,nan,False,DEV_1_DRAM_INTERLEAVED,,,,1393664.0,
5960,0.35985534930301016,,TransposeDeviceOperation,0,2.176,122.557,70,,,,,BF16 => BF16,BFLOAT16,BFLOAT16,nan,False,DEV_1_DRAM_INTERLEAVED,,,,1395712.0,
5961,0.0271248185656314,,SliceDeviceOperation,0,2.25,7.152,70,,,,,BF16 => BF16,BFLOAT16,BFLOAT16,nan,False,DEV_1_DRAM_INTERLEAVED,,,,1399808.0,
5962,0.2650915846332277,SLOW,MatmulDeviceOperation 32 x 5120 x 2048,0,91.369,0.517,24,234.54642165285816,45.80984797907386,7.34481760772253,22.13788100321461,HiFi4 BF16 x BF16 => BF16,BFLOAT16,BFLOAT16,BFLOAT16,False,DEV_1_DRAM_INTERLEAVED,2,1,1,1400832.0,"If possible place input 0 in L1 (currently in DEV_1_DRAM_INTERLEAVED) • Output subblock 1x1 is small, try out_subblock_h * out_subblock_w >= 2 if possible • HiFi2 may also work, it discards the lowest bit of the activations and has 2x the throughput of HiFi4"
5963,0.008585775372401516,,BinaryNgDeviceOperation,0,2.247,0.729,70,,,,,"BF16, BF16 => BF16",BFLOAT16,BFLOAT16,BFLOAT16,False,DEV_1_DRAM_INTERLEAVED,,,,1401856.0,
5964,0.17521213370856478,,UnaryDeviceOperation,0,0.359,60.373,70,,,,,FP32 => FP32,FLOAT32,FLOAT32,nan,False,DEV_1_DRAM_INTERLEAVED,,,,1404928.0,
5965,0.009751317459246345,,BinaryNgDeviceOperation,0,0.347,3.033,70,,,,,"FP32, FP32 => FP32",FLOAT32,FLOAT32,FLOAT32,False,DEV_1_DRAM_INTERLEAVED,,,,1405952.0,
5966,0.03342855485215603,,BinaryNgDeviceOperation,0,0.254,11.333,70,,,,,"FP32, FP32 => FP32",FLOAT32,FLOAT32,FLOAT32,False,DEV_1_DRAM_INTERLEAVED,,,,1409024.0,
5967,0.26673315257237307,,BinaryNgDeviceOperation,0,2.561,89.894,70,,,,,FP32 => FP32,FLOAT32,FLOAT32,nan,False,DEV_1_DRAM_INTERLEAVED,,,,1420288.0,
5968,0.006398941456984731,,BinaryNgDeviceOperation,0,0.247,1.971,70,,,,,"FP32, FP32 => FP32",FLOAT32,FLOAT32,FLOAT32,False,DEV_1_DRAM_INTERLEAVED,,,,1421312.0,
5969,0.05787320361907742,,UnaryDeviceOperation,0,4.73,15.33,70,,,,,BF16 => BF16,BFLOAT16,BFLOAT16,nan,False,DEV_1_DRAM_INTERLEAVED,,,,1425408.0,
5970,0.3542699793026844,,SliceDeviceOperation,0,2.524,120.273,70,,,,,BF16 => BF16,BFLOAT16,BFLOAT16,nan,False,DEV_1_DRAM_INTERLEAVED,,,,1427456.0,
5971,0.009480126973693341,,SliceDeviceOperation,0,2.726,0.56,70,,,,,BF16 => BF16,BFLOAT16,BFLOAT16,nan,False,DEV_1_DRAM_INTERLEAVED,,,,1428480.0,
5972,0.020616246912359283,,BinaryNgDeviceOperation,0,6.604,0.542,70,,,,,"BF16, BF16 => BF16",BFLOAT16,BFLOAT16,BFLOAT16,False,DEV_1_DRAM_INTERLEAVED,,,,1429504.0,
5973,0.013848024794195994,,BinaryNgDeviceOperation,0,4.256,0.544,70,,,,,"BF16, BF16 => BF16",BFLOAT16,BFLOAT16,BFLOAT16,False,DEV_1_DRAM_INTERLEAVED,,,,1430528.0,
5974,0.010804344344638332,,UnaryDeviceOperation,0,3.192,0.553,70,,,,,BF16 => BF16,BFLOAT16,BFLOAT16,nan,False,DEV_1_DRAM_INTERLEAVED,,,,1431552.0,
5975,0.22862800434701036,,FillPadDeviceOperation,0,5.753,73.494,70,,,,,BF16 => BF16,BFLOAT16,BFLOAT16,nan,False,DEV_1_DRAM_INTERLEAVED,,,,1433600.0,
5976,0.009012756136889226,,FastReduceNCDeviceOperation,0,2.494,0.63,24,,,,,BF16 => BF16,BFLOAT16,BFLOAT16,nan,False,DEV_1_DRAM_INTERLEAVED,,,,1434624.0,
5977,0.005204549318485327,,SliceDeviceOperation,0,1.216,0.588,32,,,,,BF16 => BF16,BFLOAT16,BFLOAT16,nan,False,DEV_1_DRAM_INTERLEAVED,,,,1435648.0,
5978,0.09896721719585404,SLOW,MatmulDeviceOperation 32 x 2048 x 1536,0,33.761,0.543,10,193.14688545955389,37.72400106631912,5.963288765143212,43.13721618303828,HiFi4 BF16 x BF16 => BF16,BFLOAT16,BFLOAT16,BFLOAT16,False,DEV_1_DRAM_INTERLEAVED,2,1,1,1436672.0,"If possible place input 0 in L1 (currently in DEV_1_DRAM_INTERLEAVED) • Output subblock 1x1 is small, try out_subblock_h * out_subblock_w >= 2 if possible • HiFi2 may also work, it discards the lowest bit of the activations and has 2x the throughput of HiFi4"
5979,0.00979170753156275,,UnaryDeviceOperation,0,2.499,0.895,70,,,,,BF16 => BF16,BFLOAT16,BFLOAT16,nan,False,DEV_1_DRAM_INTERLEAVED,,,,1437696.0,
5980,0.09908550240763779,SLOW,MatmulDeviceOperation 32 x 2048 x 1536,0,33.136,1.209,10,196.78995654273297,38.435538387252535,6.075766296475132,43.95085573260367,HiFi4 BF16 x BF16 => BF16,BFLOAT16,BFLOAT16,BFLOAT16,False,DEV_1_DRAM_INTERLEAVED,2,1,1,1438720.0,"If possible place input 0 in L1 (currently in DEV_1_DRAM_INTERLEAVED) • Output subblock 1x1 is small, try out_subblock_h * out_subblock_w >= 2 if possible • HiFi2 may also work, it discards the lowest bit of the activations and has 2x the throughput of HiFi4"
5981,0.010590853962394476,,BinaryNgDeviceOperation,0,2.78,0.891,70,,,,,"BF16, BF16 => BF16",BFLOAT16,BFLOAT16,BFLOAT16,False,DEV_1_DRAM_INTERLEAVED,,,,1439744.0,
5982,0.08458258144088295,SLOW,MatmulDeviceOperation 32 x 1536 x 2048,0,28.715,0.603,24,227.08800278600035,44.353125544140696,7.01119944279993,21.132328567466995,HiFi4 BF16 x BF16 => BF16,BFLOAT16,BFLOAT16,BFLOAT16,False,DEV_1_DRAM_INTERLEAVED,2,1,1,1440768.0,"If possible place input 0 in L1 (currently in DEV_1_DRAM_INTERLEAVED) • Output subblock 1x1 is small, try out_subblock_h * out_subblock_w >= 2 if possible • HiFi2 may also work, it discards the lowest bit of the activations and has 2x the throughput of HiFi4"
5983,0.009947497810497453,,BinaryNgDeviceOperation,0,2.601,0.847,70,,,,,"BF16, BF16 => BF16",BFLOAT16,BFLOAT16,BFLOAT16,False,DEV_1_DRAM_INTERLEAVED,,,,1441792.0,
5984,0.007795283957066161,,BinaryNgDeviceOperation,0,2.101,0.601,70,,,,,"BF16, BF16 => BF16",BFLOAT16,BFLOAT16,BFLOAT16,False,DEV_1_DRAM_INTERLEAVED,,,,1442816.0,
5985,0.11866026245526692,,UntilizeCodegenDeviceOperation,0,3.713,37.417,70,,,,,BF16 => BF16,BFLOAT16,BFLOAT16,nan,False,DEV_1_DRAM_INTERLEAVED,,,,1357824.0,
5986,0.033904580704456524,,UntilizeCodegenDeviceOperation,0,3.756,7.996,70,,,,,BF16 => BF16,BFLOAT16,BFLOAT16,nan,False,DEV_1_DRAM_INTERLEAVED,,,,1360896.0,
5987,0.1312735050386471,SLOW,MatmulDeviceOperation 32 x 2048 x 1344,0,32.817,12.685,6,174.36426242496267,34.055520004875525,5.367972940853825,64.71803796361189,HiFi4 BF16 x BF16 => BF16,BFLOAT16,BFLOAT16,BFLOAT16,False,DEV_1_DRAM_INTERLEAVED,2,1,1,1367040.0,"If possible place input 0 in L1 (currently in DEV_1_DRAM_INTERLEAVED) • Output subblock 1x1 is small, try out_subblock_h * out_subblock_w >= 2 if possible • HiFi2 may also work, it discards the lowest bit of the activations and has 2x the throughput of HiFi4"
5988,0.0051266541790179745,,SliceDeviceOperation,0,0.947,0.83,8,,,,,BF16 => BF16,BFLOAT16,BFLOAT16,nan,False,DEV_1_DRAM_INTERLEAVED,,,,1368064.0,
5989,0.006673016947703193,,SliceDeviceOperation,0,1.011,1.302,4,,,,,BF16 => BF16,BFLOAT16,BFLOAT16,nan,False,DEV_1_DRAM_INTERLEAVED,,,,1369088.0,
5990,0.0579626387792066,,ConcatDeviceOperation,0,0.975,19.116,6,,,,,"BF16, BF16 => BF16",BFLOAT16,BFLOAT16,BFLOAT16,False,DEV_1_DRAM_INTERLEAVED,,,,1375232.0,
5991,0.10634706040909432,DRAM,MatmulDeviceOperation 32 x 768 x 5120,0,21.356,15.506,40,385.89398763813443,75.36991946057313,11.783959542985578,21.31069072443862,HiFi4 BF16 x BF16 => BF16,BFLOAT16,BFLOAT16,BFLOAT16,False,DEV_1_DRAM_INTERLEAVED,2,1,2,1377280.0,Try a DRAM-sharded program config (MatmulMultiCoreReuseMultiCastDRAMShardedProgramConfig) to improve throughput further
5992,0.048225746345787544,,ReshapeViewDeviceOperation,0,0.196,16.52,70,,,,,BF16 => BF16,BFLOAT16,BFLOAT16,nan,False,DEV_1_DRAM_INTERLEAVED,,,,1379328.0,
5993,0.05621144064377391,,TransposeDeviceOperation,0,1.48,18.004,70,,,,,BF16 => BF16,BFLOAT16,BFLOAT16,nan,False,DEV_1_DRAM_INTERLEAVED,,,,1383424.0,
5994,0.17155394715876468,,TransposeDeviceOperation,0,3.106,56.358,70,,,,,BF16 => BF16,BFLOAT16,BFLOAT16,nan,False,DEV_1_DRAM_INTERLEAVED,,,,1385472.0,
5995,0.02213087462422447,,ConcatDeviceOperation,0,0.973,6.698,6,,,,,"BF16, BF16 => BF16",BFLOAT16,BFLOAT16,BFLOAT16,False,DEV_1_DRAM_INTERLEAVED,,,,1389568.0,
5996,0.03373148039452907,,SdpaDecodeDeviceOperation,0,0.796,10.896,70,,,,,"BF16, BF16 => BF16",BFLOAT16,BFLOAT16,BFLOAT16,False,DEV_1_DRAM_INTERLEAVED,,,,1392640.0,
5997,0.12476204838020954,,TransposeDeviceOperation,0,3.032,40.213,70,,,,,BF16 => BF16,BFLOAT16,BFLOAT16,nan,False,DEV_1_DRAM_INTERLEAVED,,,,1393664.0,
5998,0.36155461734546457,,TransposeDeviceOperation,0,2.213,123.109,70,,,,,BF16 => BF16,BFLOAT16,BFLOAT16,nan,False,DEV_1_DRAM_INTERLEAVED,,,,1395712.0,
5999,0.02679015796643833,,SliceDeviceOperation,0,2.188,7.098,64,,,,,BF16 => BF16,BFLOAT16,BFLOAT16,nan,False,DEV_1_DRAM_INTERLEAVED,,,,1399808.0,
6000,0.263675047096988,SLOW,MatmulDeviceOperation 32 x 5120 x 2048,0,90.785,0.61,16,236.0552073580437,46.10453268711791,7.3920652090102985,33.42043370682463,HiFi4 BF16 x BF16 => BF16,BFLOAT16,BFLOAT16,BFLOAT16,False,DEV_1_DRAM_INTERLEAVED,2,1,1,1400832.0,"If possible place input 0 in L1 (currently in DEV_1_DRAM_INTERLEAVED) • Output subblock 1x1 is small, try out_subblock_h * out_subblock_w >= 2 if possible • HiFi2 may also work, it discards the lowest bit of the activations and has 2x the throughput of HiFi4"
6001,0.009257981575953114,,BinaryNgDeviceOperation,0,2.246,0.963,62,,,,,"BF16, BF16 => BF16",BFLOAT16,BFLOAT16,BFLOAT16,False,DEV_1_DRAM_INTERLEAVED,,,,1401856.0,
6002,0.1754371641114705,,UnaryDeviceOperation,0,0.335,60.475,62,,,,,FP32 => FP32,FLOAT32,FLOAT32,nan,False,DEV_1_DRAM_INTERLEAVED,,,,1404928.0,
6003,0.009774397500570004,,BinaryNgDeviceOperation,0,0.316,3.072,62,,,,,"FP32, FP32 => FP32",FLOAT32,FLOAT32,FLOAT32,False,DEV_1_DRAM_INTERLEAVED,,,,1405952.0,
6004,0.033673780291219924,,BinaryNgDeviceOperation,0,0.233,11.439,62,,,,,"FP32, FP32 => FP32",FLOAT32,FLOAT32,FLOAT32,False,DEV_1_DRAM_INTERLEAVED,,,,1409024.0,
6005,0.2661042214463033,,BinaryNgDeviceOperation,0,2.525,89.712,62,,,,,FP32 => FP32,FLOAT32,FLOAT32,nan,False,DEV_1_DRAM_INTERLEAVED,,,,1420288.0,
6006,0.006384516431157445,,BinaryNgDeviceOperation,0,0.224,1.989,62,,,,,"FP32, FP32 => FP32",FLOAT32,FLOAT32,FLOAT32,False,DEV_1_DRAM_INTERLEAVED,,,,1421312.0,
6007,0.05877044022553471,,UnaryDeviceOperation,0,5.0,15.371,62,,,,,BF16 => BF16,BFLOAT16,BFLOAT16,nan,False,DEV_1_DRAM_INTERLEAVED,,,,1425408.0,
6008,0.3515926945091399,,SliceDeviceOperation,0,2.564,119.305,62,,,,,BF16 => BF16,BFLOAT16,BFLOAT16,nan,False,DEV_1_DRAM_INTERLEAVED,,,,1427456.0,
6009,0.009229131524298538,,SliceDeviceOperation,0,2.481,0.718,62,,,,,BF16 => BF16,BFLOAT16,BFLOAT16,nan,False,DEV_1_DRAM_INTERLEAVED,,,,1428480.0,
6010,0.020691257046661183,,BinaryNgDeviceOperation,0,6.583,0.589,62,,,,,"BF16, BF16 => BF16",BFLOAT16,BFLOAT16,BFLOAT16,False,DEV_1_DRAM_INTERLEAVED,,,,1429504.0,
6011,0.013758589634066811,,BinaryNgDeviceOperation,0,4.182,0.587,62,,,,,"BF16, BF16 => BF16",BFLOAT16,BFLOAT16,BFLOAT16,False,DEV_1_DRAM_INTERLEAVED,,,,1430528.0,
6012,0.010397558616308823,,UnaryDeviceOperation,0,3.002,0.602,62,,,,,BF16 => BF16,BFLOAT16,BFLOAT16,nan,False,DEV_1_DRAM_INTERLEAVED,,,,1431552.0,
6013,0.22463515719801722,,FillPadDeviceOperation,0,5.691,72.172,62,,,,,BF16 => BF16,BFLOAT16,BFLOAT16,nan,False,DEV_1_DRAM_INTERLEAVED,,,,1433600.0,
6014,0.00890312594060184,,FastReduceNCDeviceOperation,0,2.453,0.633,16,,,,,BF16 => BF16,BFLOAT16,BFLOAT16,nan,False,DEV_1_DRAM_INTERLEAVED,,,,1434624.0,
6015,0.005729620258598591,,SliceDeviceOperation,0,1.396,0.59,30,,,,,BF16 => BF16,BFLOAT16,BFLOAT16,nan,False,DEV_1_DRAM_INTERLEAVED,,,,1435648.0,
6016,0.09788534025880746,FLOP,MatmulDeviceOperation 32 x 2048 x 1536,0,33.362,0.567,2,195.4568670942989,38.175169354355255,6.034607997122474,218.2656248959228,HiFi4 BF16 x BF16 => BF16,BFLOAT16,BFLOAT16,BFLOAT16,False,DEV_1_DRAM_INTERLEAVED,2,1,1,1436672.0,Increase grid size (currently using 2)
6017,0.00999942790347569,,UnaryDeviceOperation,0,2.445,1.021,62,,,,,BF16 => BF16,BFLOAT16,BFLOAT16,nan,False,DEV_1_DRAM_INTERLEAVED,,,,1437696.0,
6018,0.09872487676195559,FLOP,MatmulDeviceOperation 32 x 2048 x 1536,0,32.939,1.281,2,197.96690852788487,38.665411821852516,6.112103949725249,221.06857457050234,HiFi4 BF16 x BF16 => BF16,BFLOAT16,BFLOAT16,BFLOAT16,False,DEV_1_DRAM_INTERLEAVED,2,1,1,1438720.0,Increase grid size (currently using 2)
6019,0.01045814372478343,,BinaryNgDeviceOperation,0,2.576,1.049,62,,,,,"BF16, BF16 => BF16",BFLOAT16,BFLOAT16,BFLOAT16,False,DEV_1_DRAM_INTERLEAVED,,,,1439744.0,
6020,0.08420753076937346,SLOW,MatmulDeviceOperation 32 x 1536 x 2048,0,28.432,0.756,16,229.34833989870566,44.79459763646595,7.080985931344963,32.01400612768086,HiFi4 BF16 x BF16 => BF16,BFLOAT16,BFLOAT16,BFLOAT16,False,DEV_1_DRAM_INTERLEAVED,2,1,1,1440768.0,"If possible place input 0 in L1 (currently in DEV_1_DRAM_INTERLEAVED) • Output subblock 1x1 is small, try out_subblock_h * out_subblock_w >= 2 if possible • HiFi2 may also work, it discards the lowest bit of the activations and has 2x the throughput of HiFi4"
6021,0.008718485610012561,,BinaryNgDeviceOperation,0,1.97,1.052,62,,,,,"BF16, BF16 => BF16",BFLOAT16,BFLOAT16,BFLOAT16,False,DEV_1_DRAM_INTERLEAVED,,,,1441792.0,
6022,0.00868386554802707,,BinaryNgDeviceOperation,0,2.173,0.837,62,,,,,"BF16, BF16 => BF16",BFLOAT16,BFLOAT16,BFLOAT16,False,DEV_1_DRAM_INTERLEAVED,,,,1442816.0,
6023,0.11915071333339468,,UntilizeCodegenDeviceOperation,0,3.51,37.79,62,,,,,BF16 => BF16,BFLOAT16,BFLOAT16,nan,False,DEV_1_DRAM_INTERLEAVED,,,,1357824.0,
6024,0.033670895286054464,,UntilizeCodegenDeviceOperation,0,3.464,8.207,62,,,,,BF16 => BF16,BFLOAT16,BFLOAT16,nan,False,DEV_1_DRAM_INTERLEAVED,,,,1360896.0,
6025,0.13749934618570436,,SliceDeviceOperation,0,0.961,46.699,8,,,,,BF16 => BF16,BFLOAT16,BFLOAT16,nan,False,DEV_1_DRAM_INTERLEAVED,,,,1368064.0,
6026,0.0066182018495595015,,SliceDeviceOperation,0,0.989,1.305,4,,,,,BF16 => BF16,BFLOAT16,BFLOAT16,nan,False,DEV_1_DRAM_INTERLEAVED,,,,1369088.0,
6027,0.05827421933707601,,ConcatDeviceOperation,0,0.99,19.209,6,,,,,"BF16, BF16 => BF16",BFLOAT16,BFLOAT16,BFLOAT16,False,DEV_1_DRAM_INTERLEAVED,,,,1375232.0,
6028,0.105247873441055,DRAM,MatmulDeviceOperation 32 x 768 x 5120,0,20.834,15.647,32,395.5626379955841,77.25832773351252,12.07920898531247,27.30579288129446,HiFi4 BF16 x BF16 => BF16,BFLOAT16,BFLOAT16,BFLOAT16,False,DEV_1_DRAM_INTERLEAVED,2,1,2,1377280.0,Try a DRAM-sharded program config (MatmulMultiCoreReuseMultiCastDRAMShardedProgramConfig) to improve throughput further
6029,0.049838464233278285,,ReshapeViewDeviceOperation,0,0.153,17.122,62,,,,,BF16 => BF16,BFLOAT16,BFLOAT16,nan,False,DEV_1_DRAM_INTERLEAVED,,,,1379328.0,
6030,0.05634992089171586,,TransposeDeviceOperation,0,1.482,18.05,62,,,,,BF16 => BF16,BFLOAT16,BFLOAT16,nan,False,DEV_1_DRAM_INTERLEAVED,,,,1383424.0,
6031,0.17097117611534227,,TransposeDeviceOperation,0,2.896,56.366,60,,,,,BF16 => BF16,BFLOAT16,BFLOAT16,nan,False,DEV_1_DRAM_INTERLEAVED,,,,1385472.0,
6032,0.022728070693474173,,ConcatDeviceOperation,0,0.993,6.885,4,,,,,"BF16, BF16 => BF16",BFLOAT16,BFLOAT16,BFLOAT16,False,DEV_1_DRAM_INTERLEAVED,,,,1389568.0,
6033,0.03354107005360888,,SdpaDecodeDeviceOperation,0,0.81,10.816,60,,,,,"BF16, BF16 => BF16",BFLOAT16,BFLOAT16,BFLOAT16,False,DEV_1_DRAM_INTERLEAVED,,,,1392640.0,
6034,0.12390808685123411,,TransposeDeviceOperation,0,2.993,39.956,60,,,,,BF16 => BF16,BFLOAT16,BFLOAT16,nan,False,DEV_1_DRAM_INTERLEAVED,,,,1393664.0,
6035,0.35965051393626263,,TransposeDeviceOperation,0,1.752,122.91,58,,,,,BF16 => BF16,BFLOAT16,BFLOAT16,nan,False,DEV_1_DRAM_INTERLEAVED,,,,1395712.0,
6036,0.028073985265066916,,SliceDeviceOperation,0,2.24,7.491,58,,,,,BF16 => BF16,BFLOAT16,BFLOAT16,nan,False,DEV_1_DRAM_INTERLEAVED,,,,1399808.0,
6037,0.2636173469936789,SLOW,MatmulDeviceOperation 32 x 5120 x 2048,0,90.778,0.597,14,236.0734098570138,46.10808786269801,7.392635219987222,38.19772662443795,HiFi4 BF16 x BF16 => BF16,BFLOAT16,BFLOAT16,BFLOAT16,False,DEV_1_DRAM_INTERLEAVED,2,1,1,1400832.0,"If possible place input 0 in L1 (currently in DEV_1_DRAM_INTERLEAVED) • Output subblock 1x1 is small, try out_subblock_h * out_subblock_w >= 2 if possible • HiFi2 may also work, it discards the lowest bit of the activations and has 2x the throughput of HiFi4"
6038,0.009451276922038765,,BinaryNgDeviceOperation,0,2.368,0.908,58,,,,,"BF16, BF16 => BF16",BFLOAT16,BFLOAT16,BFLOAT16,False,DEV_1_DRAM_INTERLEAVED,,,,1401856.0,
6039,0.17577759472099447,,UnaryDeviceOperation,0,0.336,60.592,58,,,,,FP32 => FP32,FLOAT32,FLOAT32,nan,False,DEV_1_DRAM_INTERLEAVED,,,,1404928.0,
6040,0.009788822526397291,,BinaryNgDeviceOperation,0,0.304,3.089,58,,,,,"FP32, FP32 => FP32",FLOAT32,FLOAT32,FLOAT32,False,DEV_1_DRAM_INTERLEAVED,,,,1405952.0,
6041,0.03316890438726486,,BinaryNgDeviceOperation,0,0.207,11.29,58,,,,,"FP32, FP32 => FP32",FLOAT32,FLOAT32,FLOAT32,False,DEV_1_DRAM_INTERLEAVED,,,,1409024.0,
6042,0.26627732175623076,,BinaryNgDeviceOperation,0,2.517,89.78,58,,,,,FP32 => FP32,FLOAT32,FLOAT32,nan,False,DEV_1_DRAM_INTERLEAVED,,,,1420288.0,
6043,0.006445101539632052,,BinaryNgDeviceOperation,0,0.217,2.017,58,,,,,"FP32, FP32 => FP32",FLOAT32,FLOAT32,FLOAT32,False,DEV_1_DRAM_INTERLEAVED,,,,1421312.0,
6044,0.05789339865523562,,UnaryDeviceOperation,0,4.707,15.36,58,,,,,BF16 => BF16,BFLOAT16,BFLOAT16,nan,False,DEV_1_DRAM_INTERLEAVED,,,,1425408.0,
6045,0.35248704611043175,,SliceDeviceOperation,0,2.59,119.589,58,,,,,BF16 => BF16,BFLOAT16,BFLOAT16,nan,False,DEV_1_DRAM_INTERLEAVED,,,,1427456.0,
6046,0.009569562133822521,,SliceDeviceOperation,0,2.631,0.686,58,,,,,BF16 => BF16,BFLOAT16,BFLOAT16,nan,False,DEV_1_DRAM_INTERLEAVED,,,,1428480.0,
6047,0.02065375197951023,,BinaryNgDeviceOperation,0,6.57,0.589,58,,,,,"BF16, BF16 => BF16",BFLOAT16,BFLOAT16,BFLOAT16,False,DEV_1_DRAM_INTERLEAVED,,,,1429504.0,
6048,0.013882644856181483,,BinaryNgDeviceOperation,0,4.242,0.57,58,,,,,"BF16, BF16 => BF16",BFLOAT16,BFLOAT16,BFLOAT16,False,DEV_1_DRAM_INTERLEAVED,,,,1430528.0,
6049,0.010694714148350947,,UnaryDeviceOperation,0,3.128,0.579,58,,,,,BF16 => BF16,BFLOAT16,BFLOAT16,nan,False,DEV_1_DRAM_INTERLEAVED,,,,1431552.0,
6050,0.22435531169696785,,FillPadDeviceOperation,0,5.721,72.045,58,,,,,BF16 => BF16,BFLOAT16,BFLOAT16,nan,False,DEV_1_DRAM_INTERLEAVED,,,,1433600.0,
6051,0.008490570201941418,,FastReduceNCDeviceOperation,0,2.307,0.636,14,,,,,BF16 => BF16,BFLOAT16,BFLOAT16,nan,False,DEV_1_DRAM_INTERLEAVED,,,,1434624.0,
6052,0.00584790547038235,,SliceDeviceOperation,0,1.263,0.764,28,,,,,BF16 => BF16,BFLOAT16,BFLOAT16,nan,False,DEV_1_DRAM_INTERLEAVED,,,,1435648.0,
6053,0.10228785814129561,,UnaryDeviceOperation,0,0.317,35.138,58,,,,,BF16 => BF16,BFLOAT16,BFLOAT16,nan,False,DEV_1_DRAM_INTERLEAVED,,,,1437696.0,
6054,0.10782418305380853,,BinaryNgDeviceOperation,0,0.346,37.028,58,,,,,"BF16, BF16 => BF16",BFLOAT16,BFLOAT16,BFLOAT16,False,DEV_1_DRAM_INTERLEAVED,,,,1439744.0,
6055,0.09017949146187049,SLOW,MatmulDeviceOperation 32 x 1536 x 2048,0,28.247,3.011,14,230.85042659397456,45.087973944135655,7.1273619145395966,36.8270601569713,HiFi4 BF16 x BF16 => BF16,BFLOAT16,BFLOAT16,BFLOAT16,False,DEV_1_DRAM_INTERLEAVED,2,1,1,1440768.0,"If possible place input 0 in L1 (currently in DEV_1_DRAM_INTERLEAVED) • Output subblock 1x1 is small, try out_subblock_h * out_subblock_w >= 2 if possible • HiFi2 may also work, it discards the lowest bit of the activations and has 2x the throughput of HiFi4"
6056,0.00975708746957726,,BinaryNgDeviceOperation,0,2.373,1.009,58,,,,,"BF16, BF16 => BF16",BFLOAT16,BFLOAT16,BFLOAT16,False,DEV_1_DRAM_INTERLEAVED,,,,1441792.0,
6057,0.008011659344475473,,BinaryNgDeviceOperation,0,2.081,0.696,58,,,,,"BF16, BF16 => BF16",BFLOAT16,BFLOAT16,BFLOAT16,False,DEV_1_DRAM_INTERLEAVED,,,,1442816.0,
