{
  "ref_label": "chunked",
  "cand_label": "fullcanvas",
  "ref_experts_dtype": "None",
  "cand_experts_dtype": "None",
  "prompt": "Explain what a diffusion language model is in one sentence.",
  "seed": 0,
  "steps": 16,
  "num_layers": 30,
  "mean_argmax_agreement": 0.54443359375,
  "min_argmax_agreement": 0.14453125,
  "mean_accept_iou": 0.5038526877612436,
  "min_accept_iou": 0.0,
  "mean_canvas_agreement": 0.88916015625,
  "min_canvas_agreement": 0.76953125,
  "mean_entropy_pcc": 0.6589855167595088,
  "min_entropy_pcc": 0.2588551893212814,
  "entropy_traj_pcc": null,
  "committed_match": 0.14453125,
  "per_step_argmax_agreement": [
    0.93359375,
    0.88671875,
    0.78125,
    0.87109375,
    0.69140625,
    0.703125,
    0.61328125,
    0.6953125,
    0.61328125,
    0.4765625,
    0.359375,
    0.2578125,
    0.2890625,
    0.22265625,
    0.171875,
    0.14453125
  ],
  "per_step_accept_iou": [
    0.0,
    0.0,
    0.0,
    0.0,
    0.5,
    0.47058823529411764,
    0.45454545454545453,
    0.5641025641025641,
    0.675,
    0.8048780487804879,
    0.8222222222222222,
    0.8125,
    0.7959183673469388,
    0.7884615384615384,
    0.7272727272727273,
    0.6461538461538462
  ],
  "per_step_entropy_pcc": [
    0.8496547469047938,
    0.6333715942398407,
    0.31512774522983544,
    0.2588551893212814,
    0.7691582843497892,
    0.7759784939818353,
    0.8576493351165525,
    0.875945371791632,
    0.8042886624090556,
    0.859721606265019,
    0.7666117645788788,
    0.7221830652095679,
    0.6960687170457086,
    0.6180203798548309,
    0.40294761731703077,
    0.3381856945364879
  ],
  "per_step_entropy_max_abs": [
    2.26171875,
    3.0234375,
    3.171875,
    2.6875,
    3.515625,
    3.65625,
    3.14013671875,
    2.3330078125,
    2.828125,
    2.5206298828125,
    3.962371826171875,
    3.3662109375,
    3.14813232421875,
    3.11767578125,
    3.7552490234375,
    3.0467529296875
  ],
  "ref_text": [
    " diffusion language model is a generative model that produces text by iteratively refining a sequence of random noise or tokens into a coherent structure, rather than generating it word-by-word like traditional autoregressive models.\n\n\n diffusion\u5c3c\u6a21\u578b language model language\uc740\uc740\u968f\u673a\u968f\u673a\u968f\u673a\u968f\u673a\u968f\u673a\u968f\u673a\uc774\ub098\uc774\ub098\uc774\ub098 tokens\uc744\uc744\uc744\uc801\uc73c\ub85c\uc801\uc73c\ub85c\uc801\uc73c\ub85c refinement refinement refining refinement refinement \uacfc\uc815\uc744 \ud1b5\ud574 \uc77c\u6587\u672c coherent \u6587\u672c\uc744 \uc0dd\uc131\ud558\ub294, \ubaa8\ub378,,, traditional traditional autoregressive models models\ucc98\ub7fc\ucc98\ub7fc each\u8bcd\u8bcd\u751f\u6210\u751f\u6210\u751f\u6210\u751f\u6210 model model\u3002..\n\n---\n\n**,,   . \n000\n\n\n\n\n\n\n\n\n\n \n\uff0c\uff0c\n\uff0c\uff0c\uff0c\n\uff0c\n\uff0c\n\uff0c\n\n\n\uff0c  \n\n\n \n\n\n\uff0c\n\n \n\n\u0418\n\n\n\n  \n\n\n\n\n\n\n\n\n\n\n\n\n\n\n\n\n\n\n\n\n\n\n\n\n\n\n\n\n  .\n\n   \n ( ( ( ().\n\n"
  ],
  "cand_text": [
    " diffusion language model is a type of generative model that creates text by iteratively refining a sequence of random noise into coherent language through a gradual process, rather than predicting the next word in a sequence like traditional models.\n\n********************************************************************************************************\n\n**\u5c3c******************************************************************************************************************************************\n\n\n\n\n\n\n\nAA language language model is a model model that generates text by iteratively refining a sequence of of noise noise into coherent language, rather than predicting the word word a model.\n\n**.\n\n\n\n\n\n language model.\n\n.\n"
  ]
}
