{
  "advisor_residual_mode": "legacy_32core",
  "batch": 1,
  "ccl_dtype": "bfp8",
  "ccl_mode": "persistent_async",
  "decode_matmul_mode": "dram_sharded",
  "down_target_cores": 8,
  "effective_ccl_topology": "Ring",
  "gate_up_target_cores": 24,
  "generated_at_utc": "2026-07-18T18:16:19.566237+00:00",
  "hardware": "4x Blackhole p300c, mesh 1x4, FABRIC_1D_RING",
  "implementation_sha256": "d3615d37cdade5b0b796e68a1c01d8ce6964d981b528f4469533f0e2e6e48201",
  "iterations_per_sample": 100,
  "multichip_prefill_ms": 0.9792260825634003,
  "multichip_trace_ms": 0.30301530845463276,
  "num_links": 2,
  "o_target_cores": 8,
  "parallel_efficiency": 0.5313647948837997,
  "physical_decode_geometry": {
    "down_grid": [
      8,
      1
    ],
    "down_grid_cores": 8,
    "gate_up_grid": [
      8,
      3
    ],
    "gate_up_grid_cores": 24,
    "mlp_local_width": 5760,
    "mlp_padded_width": 6144,
    "mlp_padding": 384,
    "o_grid": [
      8,
      1
    ],
    "o_grid_cores": 8,
    "o_local_input_width": 768,
    "qkv_grid": [
      8,
      1
    ],
    "qkv_grid_cores": 8,
    "qkv_local_width": 1280,
    "qkv_padded_width": 1280,
    "qkv_padding": 0
  },
  "precision_policy": "all_bfp4_lofi",
  "prefill_grid_x_limit": 11,
  "prefill_l1_inputs": true,
  "prefill_parallel_efficiency": null,
  "prefill_samples": [
    1.3471678830683231,
    0.9792260825634003,
    0.9935540147125721,
    0.9399913251399994,
    0.9435988031327724
  ],
  "prefill_speedup": null,
  "qkv_target_cores": 8,
  "repo_head": "74b73791498c5e838ebcfb6266c71324424a7bbf",
  "return_sharded_decode_output": true,
  "samples": [
    0.30301530845463276,
    0.3028804389759898,
    0.30309515073895454,
    0.3028502920642495,
    0.3030442586168647
  ],
  "sequence_length": 17,
  "single_chip_baseline_ms": 0.644046668894589,
  "single_chip_prefill_ms": null,
  "single_chip_provenance": "models/autoports/tiiuae_falcon3_7b_base/doc/optimized_decoder/results/final/final_batch1.json",
  "speedup": 2.125459179535199,
  "test_sha256": "8aceffe3a2a385006a7da1c3af4712c3d3757a193703f92916bbae177d33c6a2",
  "use_packed_mlp": false,
  "weights": "real_layer_14"
}
