ID,Total %,Bound,OP Code,Device,Device Time,Op-to-Op Gap,Cores,DRAM,DRAM %,FLOPs,FLOPs %,Math Fidelity,Output Datatype,Input 0 Datatype,Input 1 Datatype,DRAM Sharded,Input 0 Memory,Inner Dim Block Size,Output Subblock H,Output Subblock W,Global Call Count,Advice,Raw OP Code
649,0.10876754488421082,,LayerNormDeviceOperation,0,25.958,,1,,,,,"BF16, BF16 => BF16",BFLOAT16,BFLOAT16,BFLOAT16,False,DEV_1_DRAM_INTERLEAVED,,,,662528.0,,LayerNormDeviceOperation
650,0.5349797773571346,DRAM,MatmulDeviceOperation 32 x 2048 x 12352,0,73.42,54.256,97.0,357.10291473712886,69.74666303459549,22.051230509397985,8.222376782869022,HiFi2 BF16 x BFP8 => BF16,BFLOAT16,BFLOAT16,BFLOAT8_B,False,DEV_1_DRAM_INTERLEAVED,2,1,4,663552.0,Try a DRAM-sharded program config (MatmulMultiCoreReuseMultiCastDRAMShardedProgramConfig) to improve throughput further • If your matmuls are not FLOP-bound use HiFi4 with BF16 activations for full accuracy,MatmulDeviceOperation
651,0.01639600135341386,,SliceDeviceOperation,0,3.372,0.541,110,,,,,BF16 => BF16,BFLOAT16,BFLOAT16,nan,False,DEV_1_DRAM_INTERLEAVED,,,,664576.0,,SliceDeviceOperation
652,0.08688246564350534,,SliceDeviceOperation,0,1.959,18.776,110,,,,,BF16 => BF16,BFLOAT16,BFLOAT16,nan,False,DEV_1_DRAM_INTERLEAVED,,,,665600.0,,SliceDeviceOperation
653,0.06082401115414148,,SliceDeviceOperation,0,0.769,13.747,1,,,,,BF16 => BF16,BFLOAT16,BFLOAT16,nan,False,DEV_1_DRAM_INTERLEAVED,,,,666624.0,,SliceDeviceOperation
654,0.0839703212681865,,SliceDeviceOperation,0,0.668,19.372,1,,,,,BF16 => BF16,BFLOAT16,BFLOAT16,nan,False,DEV_1_DRAM_INTERLEAVED,,,,667648.0,,SliceDeviceOperation
655,0.6264923430506074,,UntilizeWithUnpaddingDeviceOperation,0,2.444,147.072,86,,,,,BF16 => BF16,BFLOAT16,BFLOAT16,nan,False,DEV_1_DRAM_INTERLEAVED,,,,668672.0,,UntilizeWithUnpaddingDeviceOperation
656,0.16876609928736264,,UntilizeWithUnpaddingDeviceOperation,0,2.416,37.861,86,,,,,BF16 => BF16,BFLOAT16,BFLOAT16,nan,False,DEV_1_DRAM_INTERLEAVED,,,,669696.0,,UntilizeWithUnpaddingDeviceOperation
657,0.1615087840959206,,UntilizeWithUnpaddingDeviceOperation,0,2.418,36.127,86,,,,,BF16 => BF16,BFLOAT16,BFLOAT16,nan,False,DEV_1_DRAM_INTERLEAVED,,,,670720.0,,UntilizeWithUnpaddingDeviceOperation
658,0.16805377620275228,,UntilizeWithUnpaddingDeviceOperation,0,3.467,36.64,86,,,,,BF16 => BF16,BFLOAT16,BFLOAT16,nan,False,DEV_1_DRAM_INTERLEAVED,,,,671744.0,,UntilizeWithUnpaddingDeviceOperation
659,0.015997938453190422,,ConcatDeviceOperation,0,2.552,1.266,8,,,,,"BF16, BF16 => BF16",BFLOAT16,BFLOAT16,BFLOAT16,False,DEV_1_DRAM_INTERLEAVED,,,,672768.0,,ConcatDeviceOperation
660,0.29175496504902987,,TilizeWithValPaddingDeviceOperation,0,8.77,60.859,86,,,,,BF16 => BF16,BFLOAT16,BFLOAT16,nan,False,DEV_1_DRAM_INTERLEAVED,,,,673792.0,,TilizeWithValPaddingDeviceOperation
661,0.016362480267079257,,SliceDeviceOperation,0,3.379,0.526,110,,,,,BF16 => BF16,BFLOAT16,BFLOAT16,nan,False,DEV_1_DRAM_INTERLEAVED,,,,674816.0,,SliceDeviceOperation
662,0.3163971536407566,,BinaryNgDeviceOperation,0,6.226,69.284,110,,,,,"BF16, BF16 => BF16",BFLOAT16,BFLOAT16,BFLOAT16,False,DEV_1_DRAM_INTERLEAVED,,,,675840.0,,BinaryNgDeviceOperation
663,0.40129768505472835,,UntilizeWithUnpaddingDeviceOperation,0,4.314,91.458,86,,,,,BF16 => BF16,BFLOAT16,BFLOAT16,nan,False,DEV_1_DRAM_INTERLEAVED,,,,676864.0,,UntilizeWithUnpaddingDeviceOperation
664,0.013852588927775676,,SliceDeviceOperation,0,1.935,1.371,5,,,,,BF16 => BF16,BFLOAT16,BFLOAT16,nan,False,DEV_1_DRAM_INTERLEAVED,,,,677888.0,,SliceDeviceOperation
665,0.2551080374137225,,TilizeWithValPaddingDeviceOperation,0,8.104,52.779,86,,,,,BF16 => BF16,BFLOAT16,BFLOAT16,nan,False,DEV_1_DRAM_INTERLEAVED,,,,678912.0,,TilizeWithValPaddingDeviceOperation
666,0.032314327226559594,,BinaryNgDeviceOperation,0,6.196,1.516,110,,,,,"BF16, BF16 => BF16",BFLOAT16,BFLOAT16,BFLOAT16,False,DEV_1_DRAM_INTERLEAVED,,,,679936.0,,BinaryNgDeviceOperation
667,0.1736559877564232,,BinaryNgDeviceOperation,0,5.625,35.819,110,,,,,"BF16, BF16 => BF16",BFLOAT16,BFLOAT16,BFLOAT16,False,DEV_1_DRAM_INTERLEAVED,,,,680960.0,,BinaryNgDeviceOperation
668,0.30984378126234124,,UntilizeWithUnpaddingDeviceOperation,0,4.344,69.602,86,,,,,BF16 => BF16,BFLOAT16,BFLOAT16,nan,False,DEV_1_DRAM_INTERLEAVED,,,,681984.0,,UntilizeWithUnpaddingDeviceOperation
669,0.013508997792845973,,SliceDeviceOperation,0,1.97,1.254,5,,,,,BF16 => BF16,BFLOAT16,BFLOAT16,nan,False,DEV_1_DRAM_INTERLEAVED,,,,683008.0,,SliceDeviceOperation
670,0.17153996918155126,,TilizeWithValPaddingDeviceOperation,0,8.13,32.809,86,,,,,BF16 => BF16,BFLOAT16,BFLOAT16,nan,False,DEV_1_DRAM_INTERLEAVED,,,,684032.0,,TilizeWithValPaddingDeviceOperation
671,0.0252162371952069,,BinaryNgDeviceOperation,0,5.487,0.531,110,,,,,"BF16, BF16 => BF16",BFLOAT16,BFLOAT16,BFLOAT16,False,DEV_1_DRAM_INTERLEAVED,,,,685056.0,,BinaryNgDeviceOperation
672,0.0936495349473038,,BinaryNgDeviceOperation,0,5.405,16.945,110,,,,,"BF16, BF16 => BF16",BFLOAT16,BFLOAT16,BFLOAT16,False,DEV_1_DRAM_INTERLEAVED,,,,686080.0,,BinaryNgDeviceOperation
673,0.3258459098513235,,UntilizeWithUnpaddingDeviceOperation,0,4.275,73.49,86,,,,,BF16 => BF16,BFLOAT16,BFLOAT16,nan,False,DEV_1_DRAM_INTERLEAVED,,,,687104.0,,UntilizeWithUnpaddingDeviceOperation
674,0.013291110731671036,,SliceDeviceOperation,0,1.973,1.199,5,,,,,BF16 => BF16,BFLOAT16,BFLOAT16,nan,False,DEV_1_DRAM_INTERLEAVED,,,,688128.0,,SliceDeviceOperation
675,0.17304422793081667,,TilizeWithValPaddingDeviceOperation,0,8.198,33.1,86,,,,,BF16 => BF16,BFLOAT16,BFLOAT16,nan,False,DEV_1_DRAM_INTERLEAVED,,,,689152.0,,TilizeWithValPaddingDeviceOperation
676,0.024939688232946407,,BinaryNgDeviceOperation,0,5.39,0.562,110,,,,,"BF16, BF16 => BF16",BFLOAT16,BFLOAT16,BFLOAT16,False,DEV_1_DRAM_INTERLEAVED,,,,690176.0,,BinaryNgDeviceOperation
677,0.13958180349729685,,BinaryNgDeviceOperation,0,5.488,27.824,110,,,,,"BF16, BF16 => BF16",BFLOAT16,BFLOAT16,BFLOAT16,False,DEV_1_DRAM_INTERLEAVED,,,,691200.0,,BinaryNgDeviceOperation
678,0.3103591679647358,,UntilizeWithUnpaddingDeviceOperation,0,2.485,71.584,86,,,,,BF16 => BF16,BFLOAT16,BFLOAT16,nan,False,DEV_1_DRAM_INTERLEAVED,,,,692224.0,,UntilizeWithUnpaddingDeviceOperation
679,0.1613286082568721,,UntilizeWithUnpaddingDeviceOperation,0,2.456,36.046,86,,,,,BF16 => BF16,BFLOAT16,BFLOAT16,nan,False,DEV_1_DRAM_INTERLEAVED,,,,693248.0,,UntilizeWithUnpaddingDeviceOperation
680,0.1609724467145669,,UntilizeWithUnpaddingDeviceOperation,0,2.41,36.007,86,,,,,BF16 => BF16,BFLOAT16,BFLOAT16,nan,False,DEV_1_DRAM_INTERLEAVED,,,,694272.0,,UntilizeWithUnpaddingDeviceOperation
681,0.1616386783054672,,UntilizeWithUnpaddingDeviceOperation,0,2.462,36.114,86,,,,,BF16 => BF16,BFLOAT16,BFLOAT16,nan,False,DEV_1_DRAM_INTERLEAVED,,,,695296.0,,UntilizeWithUnpaddingDeviceOperation
682,0.16583300423308467,,UntilizeWithUnpaddingDeviceOperation,0,3.545,36.032,86,,,,,BF16 => BF16,BFLOAT16,BFLOAT16,nan,False,DEV_1_DRAM_INTERLEAVED,,,,696320.0,,UntilizeWithUnpaddingDeviceOperation
683,0.018931033507468394,,ConcatDeviceOperation,0,3.285,1.233,9,,,,,"BF16, BF16 => BF16",BFLOAT16,BFLOAT16,BFLOAT16,False,DEV_1_DRAM_INTERLEAVED,,,,697344.0,,ConcatDeviceOperation
684,0.17479989482759165,,TilizeWithValPaddingDeviceOperation,0,9.124,32.593,86,,,,,BF16 => BF16,BFLOAT16,BFLOAT16,nan,False,DEV_1_DRAM_INTERLEAVED,,,,698368.0,,TilizeWithValPaddingDeviceOperation
685,0.21756861085475623,,UntilizeWithUnpaddingDeviceOperation,0,4.607,47.317,86,,,,,BF16 => BF16,BFLOAT16,BFLOAT16,nan,False,DEV_1_DRAM_INTERLEAVED,,,,699392.0,,UntilizeWithUnpaddingDeviceOperation
686,0.012344140042718431,,SliceDeviceOperation,0,1.782,1.164,4,,,,,BF16 => BF16,BFLOAT16,BFLOAT16,nan,False,DEV_1_DRAM_INTERLEAVED,,,,700416.0,,SliceDeviceOperation
687,0.23360845066586494,,TilizeWithValPaddingDeviceOperation,0,7.841,47.911,86,,,,,BF16 => BF16,BFLOAT16,BFLOAT16,nan,False,DEV_1_DRAM_INTERLEAVED,,,,701440.0,,TilizeWithValPaddingDeviceOperation
688,0.017870929152136502,,SliceDeviceOperation,0,3.721,0.544,110,,,,,BF16 => BF16,BFLOAT16,BFLOAT16,nan,False,DEV_1_DRAM_INTERLEAVED,,,,702464.0,,SliceDeviceOperation
689,0.3339622028800898,,UntilizeWithUnpaddingDeviceOperation,0,3.219,76.483,86,,,,,BF16 => BF16,BFLOAT16,BFLOAT16,nan,False,DEV_1_DRAM_INTERLEAVED,,,,703488.0,,UntilizeWithUnpaddingDeviceOperation
690,0.010404107171103145,,SliceDeviceOperation,0,1.216,1.267,1,,,,,BF16 => BF16,BFLOAT16,BFLOAT16,nan,False,DEV_1_DRAM_INTERLEAVED,,,,704512.0,,SliceDeviceOperation
691,0.17360989626271314,,TilizeWithValPaddingDeviceOperation,0,6.733,34.7,86,,,,,BF16 => BF16,BFLOAT16,BFLOAT16,nan,False,DEV_1_DRAM_INTERLEAVED,,,,705536.0,,TilizeWithValPaddingDeviceOperation
692,0.14649971768960102,,UntilizeWithUnpaddingDeviceOperation,0,3.242,31.721,86,,,,,BF16 => BF16,BFLOAT16,BFLOAT16,nan,False,DEV_1_DRAM_INTERLEAVED,,,,706560.0,,UntilizeWithUnpaddingDeviceOperation
693,0.010672275861779988,,SliceDeviceOperation,0,1.288,1.259,1,,,,,BF16 => BF16,BFLOAT16,BFLOAT16,nan,False,DEV_1_DRAM_INTERLEAVED,,,,707584.0,,SliceDeviceOperation
694,0.17284729154860085,,TilizeWithValPaddingDeviceOperation,0,6.732,34.519,86,,,,,BF16 => BF16,BFLOAT16,BFLOAT16,nan,False,DEV_1_DRAM_INTERLEAVED,,,,708608.0,,TilizeWithValPaddingDeviceOperation
695,0.14656675986227025,,UntilizeWithUnpaddingDeviceOperation,0,3.195,31.784,86,,,,,BF16 => BF16,BFLOAT16,BFLOAT16,nan,False,DEV_1_DRAM_INTERLEAVED,,,,709632.0,,UntilizeWithUnpaddingDeviceOperation
696,0.010852451700828493,,SliceDeviceOperation,0,1.297,1.293,1,,,,,BF16 => BF16,BFLOAT16,BFLOAT16,nan,False,DEV_1_DRAM_INTERLEAVED,,,,710656.0,,SliceDeviceOperation
697,0.17281377046226626,,TilizeWithValPaddingDeviceOperation,0,6.759,34.484,86,,,,,BF16 => BF16,BFLOAT16,BFLOAT16,nan,False,DEV_1_DRAM_INTERLEAVED,,,,711680.0,,TilizeWithValPaddingDeviceOperation
698,0.022316663227263535,,UnaryDeviceOperation,0,4.77,0.556,110,,,,,BF16 => BF16,BFLOAT16,BFLOAT16,nan,False,DEV_1_DRAM_INTERLEAVED,,,,712704.0,,UnaryDeviceOperation
699,0.17655137158857473,,BinaryNgDeviceOperation,0,1.464,40.671,110,,,,,"BF16, BF16 => BF16",BFLOAT16,BFLOAT16,BFLOAT16,False,DEV_1_DRAM_INTERLEAVED,,,,713728.0,,BinaryNgDeviceOperation
700,0.23431239347889168,,BinaryNgDeviceOperation,0,4.03,51.89,110,,,,,"BF16, BF16 => BF16",BFLOAT16,BFLOAT16,BFLOAT16,False,DEV_1_DRAM_INTERLEAVED,,,,714752.0,,BinaryNgDeviceOperation
701,0.16347814791807866,,SliceDeviceOperation,0,1.239,37.776,64,,,,,BF16 => BF16,BFLOAT16,BFLOAT16,nan,False,DEV_1_DRAM_INTERLEAVED,,,,715776.0,,SliceDeviceOperation
702,0.11891605377201261,,SliceDeviceOperation,0,1.229,27.151,64,,,,,BF16 => BF16,BFLOAT16,BFLOAT16,nan,False,DEV_1_DRAM_INTERLEAVED,,,,716800.0,,SliceDeviceOperation
703,0.13172110875183188,,SliceDeviceOperation,0,1.914,29.522,110,,,,,BF16 => BF16,BFLOAT16,BFLOAT16,nan,False,DEV_1_DRAM_INTERLEAVED,,,,717824.0,,SliceDeviceOperation
704,0.12150136755556906,,ReshapeViewDeviceOperation,0,10.253,18.744,20,,,,,BF16 => BF16,BFLOAT16,BFLOAT16,nan,False,DEV_1_DRAM_INTERLEAVED,,,,718848.0,,ReshapeViewDeviceOperation
705,0.05563662304386129,,ReshapeViewDeviceOperation,0,10.079,3.199,20,,,,,BF16 => BF16,BFLOAT16,BFLOAT16,nan,False,DEV_1_DRAM_INTERLEAVED,,,,719872.0,,ReshapeViewDeviceOperation
706,0.0793863127119292,,UntilizeWithUnpaddingDeviceOperation,0,6.507,12.439,5,,,,,BF16 => BF16,BFLOAT16,BFLOAT16,nan,False,DEV_1_DRAM_INTERLEAVED,,,,720896.0,,UntilizeWithUnpaddingDeviceOperation
707,0.183180166411243,,ConcatDeviceOperation,0,1.45,42.267,110,,,,,"BF16, BF16 => BF16",BFLOAT16,BFLOAT16,BFLOAT16,False,DEV_1_DRAM_INTERLEAVED,,,,721920.0,,ConcatDeviceOperation
708,0.08944263861231082,,TilizeDeviceOperation,0,2.103,19.243,5,,,,,BF16 => BF16,BFLOAT16,BFLOAT16,nan,False,DEV_1_DRAM_INTERLEAVED,,,,722944.0,,TilizeDeviceOperation
709,0.08302335057923389,,UntilizeWithUnpaddingDeviceOperation,0,6.561,13.253,5,,,,,BF16 => BF16,BFLOAT16,BFLOAT16,nan,False,DEV_1_DRAM_INTERLEAVED,,,,723968.0,,UntilizeWithUnpaddingDeviceOperation
710,0.09175140343360677,,ConcatDeviceOperation,0,1.401,20.496,110,,,,,"BF16, BF16 => BF16",BFLOAT16,BFLOAT16,BFLOAT16,False,DEV_1_DRAM_INTERLEAVED,,,,724992.0,,ConcatDeviceOperation
711,0.02822894482952956,,TilizeDeviceOperation,0,2.155,4.582,5,,,,,BF16 => BF16,BFLOAT16,BFLOAT16,nan,False,DEV_1_DRAM_INTERLEAVED,,,,726016.0,,TilizeDeviceOperation
712,0.15472914438474664,,ReshapeViewDeviceOperation,0,19.581,17.346,20,,,,,BF16 => BF16,BFLOAT16,BFLOAT16,nan,False,DEV_1_DRAM_INTERLEAVED,,,,727040.0,,ReshapeViewDeviceOperation
713,0.08747746492594459,,ReshapeViewDeviceOperation,0,20.307,0.57,20,,,,,BF16 => BF16,BFLOAT16,BFLOAT16,nan,False,DEV_1_DRAM_INTERLEAVED,,,,728064.0,,ReshapeViewDeviceOperation
714,0.01857487196516321,,ReshapeViewDeviceOperation,0,3.829,0.604,5,,,,,BF16 => BF16,BFLOAT16,BFLOAT16,nan,False,DEV_1_DRAM_INTERLEAVED,,,,729088.0,,ReshapeViewDeviceOperation
715,0.02033053886193817,,ReshapeViewDeviceOperation,0,3.693,1.159,5,,,,,BF16 => BF16,BFLOAT16,BFLOAT16,nan,False,DEV_1_DRAM_INTERLEAVED,,,,730112.0,,ReshapeViewDeviceOperation
716,0.1615967769475489,,TransposeDeviceOperation,0,3.498,35.068,110,,,,,BF16 => BF16,BFLOAT16,BFLOAT16,nan,False,DEV_1_DRAM_INTERLEAVED,,,,731136.0,,TransposeDeviceOperation
717,0.10607328757006691,,TransposeDeviceOperation,0,3.511,21.804,110,,,,,BF16 => BF16,BFLOAT16,BFLOAT16,nan,False,DEV_1_DRAM_INTERLEAVED,,,,732160.0,,TransposeDeviceOperation
718,0.08603605821355656,,TransposeDeviceOperation,0,3.518,17.015,110,,,,,BF16 => BF16,BFLOAT16,BFLOAT16,nan,False,DEV_1_DRAM_INTERLEAVED,,,,733184.0,,TransposeDeviceOperation
719,0.08192972513756738,,TransposeDeviceOperation,0,3.516,16.037,110,,,,,BF16 => BF16,BFLOAT16,BFLOAT16,nan,False,DEV_1_DRAM_INTERLEAVED,,,,734208.0,,TransposeDeviceOperation
720,0.12018566491693579,,TransposeDeviceOperation,0,3.25,25.433,110,,,,,BF16 => BF16,BFLOAT16,BFLOAT16,nan,False,DEV_1_DRAM_INTERLEAVED,,,,735232.0,,TransposeDeviceOperation
721,0.08356387809637941,,TransposeDeviceOperation,0,3.244,16.699,110,,,,,BF16 => BF16,BFLOAT16,BFLOAT16,nan,False,DEV_1_DRAM_INTERLEAVED,,,,736256.0,,TransposeDeviceOperation
722,0.18076245805935956,,LayerNormDeviceOperation,0,4.723,38.417,32,,,,,BF16 => BF16,BFLOAT16,BFLOAT16,nan,False,DEV_1_DRAM_INTERLEAVED,,,,737280.0,,LayerNormDeviceOperation
723,0.24723058212509022,,BinaryNgDeviceOperation,0,3.647,55.356,110,,,,,BF16 => BF16,BFLOAT16,BFLOAT16,nan,False,DEV_1_DRAM_INTERLEAVED,,,,738304.0,,BinaryNgDeviceOperation
724,0.09389256282322968,,LayerNormDeviceOperation,0,4.694,17.714,32,,,,,BF16 => BF16,BFLOAT16,BFLOAT16,nan,False,DEV_1_DRAM_INTERLEAVED,,,,739328.0,,LayerNormDeviceOperation
725,0.14181933601013175,,BinaryNgDeviceOperation,0,3.53,30.316,110,,,,,BF16 => BF16,BFLOAT16,BFLOAT16,nan,False,DEV_1_DRAM_INTERLEAVED,,,,740352.0,,BinaryNgDeviceOperation
726,0.1476226740818103,,BinaryNgDeviceOperation,0,3.636,31.595,110,,,,,BF16 => BF16,BFLOAT16,BFLOAT16,nan,False,DEV_1_DRAM_INTERLEAVED,,,,741376.0,,BinaryNgDeviceOperation
727,0.14999429093998362,,FillPadDeviceOperation,0,4.746,31.051,110,,,,,BF16 => BF16,BFLOAT16,BFLOAT16,nan,False,DEV_1_DRAM_INTERLEAVED,,,,742400.0,,FillPadDeviceOperation
728,0.14907246106578198,,PadDeviceOperation,0,7.81,27.767,110,,,,,BF16 => BF16,BFLOAT16,BFLOAT16,nan,False,DEV_1_DRAM_INTERLEAVED,,,,743424.0,,PadDeviceOperation
729,0.054186836059889616,,FillPadDeviceOperation,0,4.77,8.162,110,,,,,BF16 => BF16,BFLOAT16,BFLOAT16,nan,False,DEV_1_DRAM_INTERLEAVED,,,,744448.0,,FillPadDeviceOperation
730,0.07467660008191715,,PadDeviceOperation,0,7.903,9.919,110,,,,,BF16 => BF16,BFLOAT16,BFLOAT16,nan,False,DEV_1_DRAM_INTERLEAVED,,,,745472.0,,PadDeviceOperation
731,0.040355197811073065,,FillPadDeviceOperation,0,4.907,4.724,110,,,,,BF16 => BF16,BFLOAT16,BFLOAT16,nan,False,DEV_1_DRAM_INTERLEAVED,,,,746496.0,,FillPadDeviceOperation
732,0.05493268023083458,,PadDeviceOperation,0,7.876,5.234,110,,,,,BF16 => BF16,BFLOAT16,BFLOAT16,nan,False,DEV_1_DRAM_INTERLEAVED,,,,747520.0,,PadDeviceOperation
733,0.03469432435631657,,FillPadDeviceOperation,0,4.707,3.573,110,,,,,BF16 => BF16,BFLOAT16,BFLOAT16,nan,False,DEV_1_DRAM_INTERLEAVED,,,,748544.0,,FillPadDeviceOperation
734,0.05819260587687495,,PadDeviceOperation,0,7.944,5.944,110,,,,,BF16 => BF16,BFLOAT16,BFLOAT16,nan,False,DEV_1_DRAM_INTERLEAVED,,,,749568.0,,PadDeviceOperation
735,0.08399546208293746,,FillPadDeviceOperation,0,13.216,6.83,32,,,,,BF16 => BF16,BFLOAT16,BFLOAT16,nan,False,DEV_1_DRAM_INTERLEAVED,,,,750592.0,,FillPadDeviceOperation
736,0.052523352150534816,,PadDeviceOperation,0,6.332,6.203,64,,,,,BF16 => BF16,BFLOAT16,BFLOAT16,nan,False,DEV_1_DRAM_INTERLEAVED,,,,751616.0,,PadDeviceOperation
737,0.0570570790772902,,FillPadDeviceOperation,0,10.51,3.107,32,,,,,BF16 => BF16,BFLOAT16,BFLOAT16,nan,False,DEV_1_DRAM_INTERLEAVED,,,,752640.0,,FillPadDeviceOperation
738,0.03166066604303479,,PadDeviceOperation,0,7.027,0.529,64,,,,,BF16 => BF16,BFLOAT16,BFLOAT16,nan,False,DEV_1_DRAM_INTERLEAVED,,,,753664.0,,PadDeviceOperation
739,0.48589652669168876,,PermuteDeviceOperation,0,77.703,38.259,110,,,,,BF16 => BF16,BFLOAT16,BFLOAT16,nan,False,DEV_1_DRAM_INTERLEAVED,,,,754688.0,,PermuteDeviceOperation
740,0.14583348609870075,,AccumulationDeviceOperation,0,34.161,0.643,32,,,,,BF16 => BF16,BFLOAT16,BFLOAT16,nan,False,DEV_1_DRAM_INTERLEAVED,,,,755712.0,,AccumulationDeviceOperation
741,0.06171651007780035,,PermuteDeviceOperation,0,14.255,0.474,110,,,,,BF16 => BF16,BFLOAT16,BFLOAT16,nan,False,DEV_1_DRAM_INTERLEAVED,,,,756736.0,,PermuteDeviceOperation
742,0.2134287566924325,SLOW,MatmulDeviceOperation b={32} x 64 x 32 x 64,0,50.396,0.54,4.0,7.883800301611238,1.539804746408445,0.1664538455432971,1.5051165142442229,HiFi2 BF16 x BF16 => BF16,BFLOAT16,BFLOAT16,BFLOAT16,False,DEV_1_DRAM_INTERLEAVED,1,1,1,757760.0,"If possible place input 0 in L1 (currently in DEV_1_DRAM_INTERLEAVED) • in0_block_w=1 is small, try in0_block_w=2 or above • Output subblock 1x1 is small, try out_subblock_h * out_subblock_w >= 2 if possible • If your matmuls are not FLOP-bound use HiFi4 with BF16 activations for full accuracy",MatmulDeviceOperation
743,0.012608118597603454,,TransposeDeviceOperation,0,2.467,0.542,110,,,,,BF16 => BF16,BFLOAT16,BFLOAT16,nan,False,DEV_1_DRAM_INTERLEAVED,,,,758784.0,,TransposeDeviceOperation
744,0.014464348753382225,,BinaryNgDeviceOperation,0,2.927,0.525,110,,,,,"BF16, BF16 => BF16",BFLOAT16,BFLOAT16,BFLOAT16,False,DEV_1_DRAM_INTERLEAVED,,,,759808.0,,BinaryNgDeviceOperation
745,0.1936471256192235,,UnaryDeviceOperation,0,2.396,43.819,110,,,,,BF16 => BF16,BFLOAT16,BFLOAT16,nan,False,DEV_1_DRAM_INTERLEAVED,,,,760832.0,,UnaryDeviceOperation
746,0.24974466360018557,,BinaryNgDeviceOperation,0,3.739,55.864,110,,,,,"BF16, BF16 => BF16",BFLOAT16,BFLOAT16,BFLOAT16,False,DEV_1_DRAM_INTERLEAVED,,,,761856.0,,BinaryNgDeviceOperation
747,0.20477193614652067,,BinaryNgDeviceOperation,0,6.176,42.694,110,,,,,"BF16, BF16 => BF16",BFLOAT16,BFLOAT16,BFLOAT16,False,DEV_1_DRAM_INTERLEAVED,,,,762880.0,,BinaryNgDeviceOperation
748,0.14636982348005442,,BinaryNgDeviceOperation,0,6.098,28.834,110,,,,,"BF16, BF16 => BF16",BFLOAT16,BFLOAT16,BFLOAT16,False,DEV_1_DRAM_INTERLEAVED,,,,763904.0,,BinaryNgDeviceOperation
749,0.06891516336815685,,TransposeDeviceOperation,0,3.784,12.663,110,,,,,BF16 => BF16,BFLOAT16,BFLOAT16,nan,False,DEV_1_DRAM_INTERLEAVED,,,,764928.0,,TransposeDeviceOperation
750,0.45901680558712704,SLOW,MatmulDeviceOperation b={32} x 64 x 128 x 64,0,89.276,20.271,4.0,14.681661364756485,2.867511985304001,0.375850530937766,3.3985327233232603,HiFi2 BF16 x BF16 => BF16,BFLOAT16,BFLOAT16,BFLOAT16,False,DEV_1_DRAM_INTERLEAVED,1,1,1,765952.0,"If possible place input 0 in L1 (currently in DEV_1_DRAM_INTERLEAVED) • in0_block_w=1 is small, try in0_block_w=2 or above • Output subblock 1x1 is small, try out_subblock_h * out_subblock_w >= 2 if possible • If your matmuls are not FLOP-bound use HiFi4 with BF16 activations for full accuracy",MatmulDeviceOperation
751,0.019148920568643327,,BinaryNgDeviceOperation,0,4.031,0.539,110,,,,,BF16 => BF16,BFLOAT16,BFLOAT16,nan,False,DEV_1_DRAM_INTERLEAVED,,,,766976.0,,BinaryNgDeviceOperation
752,0.017477056387704883,,BinaryNgDeviceOperation,0,3.67,0.501,110,,,,,"BF16, BF16 => BF16",BFLOAT16,BFLOAT16,BFLOAT16,False,DEV_1_DRAM_INTERLEAVED,,,,768000.0,,BinaryNgDeviceOperation
753,0.06528650577243582,,BinaryNgDeviceOperation,0,4.0,11.581,110,,,,,"BF16, BF16 => BF16",BFLOAT16,BFLOAT16,BFLOAT16,False,DEV_1_DRAM_INTERLEAVED,,,,769024.0,,BinaryNgDeviceOperation
754,0.15225277413177765,,BinaryNgDeviceOperation,0,3.821,32.515,110,,,,,"BF16, BF16 => BF16",BFLOAT16,BFLOAT16,BFLOAT16,False,DEV_1_DRAM_INTERLEAVED,,,,770048.0,,BinaryNgDeviceOperation
755,0.27987173994341225,SLOW,MatmulDeviceOperation b={32} x 64 x 64 x 64,0,53.792,13.001,4.0,14.619869125520523,2.855443188578227,0.31189054134443783,2.8201908035340515,HiFi2 BF16 x BF16 => BF16,BFLOAT16,BFLOAT16,BFLOAT16,False,DEV_1_DRAM_INTERLEAVED,1,1,1,771072.0,"If possible place input 0 in L1 (currently in DEV_1_DRAM_INTERLEAVED) • in0_block_w=1 is small, try in0_block_w=2 or above • Output subblock 1x1 is small, try out_subblock_h * out_subblock_w >= 2 if possible • If your matmuls are not FLOP-bound use HiFi4 with BF16 activations for full accuracy",MatmulDeviceOperation
756,0.01467385554297351,,BinaryNgDeviceOperation,0,2.966,0.536,110,,,,,"BF16, BF16 => BF16",BFLOAT16,BFLOAT16,BFLOAT16,False,DEV_1_DRAM_INTERLEAVED,,,,772096.0,,BinaryNgDeviceOperation
757,0.06863442427010454,,BinaryNgDeviceOperation,0,3.89,12.49,110,,,,,"BF16, BF16 => BF16",BFLOAT16,BFLOAT16,BFLOAT16,False,DEV_1_DRAM_INTERLEAVED,,,,773120.0,,BinaryNgDeviceOperation
758,0.13648529314713764,,BinaryNgDeviceOperation,0,2.855,29.718,110,,,,,"BF16, BF16 => BF16",BFLOAT16,BFLOAT16,BFLOAT16,False,DEV_1_DRAM_INTERLEAVED,,,,774144.0,,BinaryNgDeviceOperation
759,0.18205721001903372,,BinaryNgDeviceOperation,0,3.856,39.593,110,,,,,"BF16, BF16 => BF16",BFLOAT16,BFLOAT16,BFLOAT16,False,DEV_1_DRAM_INTERLEAVED,,,,775168.0,,BinaryNgDeviceOperation
760,0.2586319416146479,SLOW,MatmulDeviceOperation b={32} x 64 x 64 x 64,0,53.637,8.087,4.0,14.66211756809665,2.8636948375188767,0.31279184145272854,2.8283405802655572,HiFi2 BF16 x BF16 => BF16,BFLOAT16,BFLOAT16,BFLOAT16,False,DEV_1_DRAM_INTERLEAVED,1,1,1,776192.0,"If possible place input 0 in L1 (currently in DEV_1_DRAM_INTERLEAVED) • in0_block_w=1 is small, try in0_block_w=2 or above • Output subblock 1x1 is small, try out_subblock_h * out_subblock_w >= 2 if possible • If your matmuls are not FLOP-bound use HiFi4 with BF16 activations for full accuracy",MatmulDeviceOperation
761,0.01438054603754571,,BinaryNgDeviceOperation,0,2.895,0.537,110,,,,,"BF16, BF16 => BF16",BFLOAT16,BFLOAT16,BFLOAT16,False,DEV_1_DRAM_INTERLEAVED,,,,777216.0,,BinaryNgDeviceOperation
762,0.06890259296078138,,BinaryNgDeviceOperation,0,3.734,12.71,110,,,,,"BF16, BF16 => BF16",BFLOAT16,BFLOAT16,BFLOAT16,False,DEV_1_DRAM_INTERLEAVED,,,,778240.0,,BinaryNgDeviceOperation
763,0.12294696440374892,,BinaryNgDeviceOperation,0,2.644,26.698,110,,,,,"BF16, BF16 => BF16",BFLOAT16,BFLOAT16,BFLOAT16,False,DEV_1_DRAM_INTERLEAVED,,,,779264.0,,BinaryNgDeviceOperation
764,0.14815482132737218,,BinaryNgDeviceOperation,0,3.761,31.597,110,,,,,"BF16, BF16 => BF16",BFLOAT16,BFLOAT16,BFLOAT16,False,DEV_1_DRAM_INTERLEAVED,,,,780288.0,,BinaryNgDeviceOperation
765,0.24741494809993053,SLOW,MatmulDeviceOperation b={32} x 64 x 64 x 64,0,53.882,5.165,4.0,14.595449315170185,2.850673694369177,0.3113695853902973,2.815480191969557,HiFi2 BF16 x BF16 => BF16,BFLOAT16,BFLOAT16,BFLOAT16,False,DEV_1_DRAM_INTERLEAVED,1,1,1,781312.0,"If possible place input 0 in L1 (currently in DEV_1_DRAM_INTERLEAVED) • in0_block_w=1 is small, try in0_block_w=2 or above • Output subblock 1x1 is small, try out_subblock_h * out_subblock_w >= 2 if possible • If your matmuls are not FLOP-bound use HiFi4 with BF16 activations for full accuracy",MatmulDeviceOperation
766,0.015088678986364248,,BinaryNgDeviceOperation,0,3.074,0.527,110,,,,,"BF16, BF16 => BF16",BFLOAT16,BFLOAT16,BFLOAT16,False,DEV_1_DRAM_INTERLEAVED,,,,782336.0,,BinaryNgDeviceOperation
767,0.06514404115551375,,BinaryNgDeviceOperation,0,3.825,11.722,110,,,,,"BF16, BF16 => BF16",BFLOAT16,BFLOAT16,BFLOAT16,False,DEV_1_DRAM_INTERLEAVED,,,,783360.0,,BinaryNgDeviceOperation
768,0.13657747613455784,,BinaryNgDeviceOperation,0,2.763,29.832,110,,,,,"BF16, BF16 => BF16",BFLOAT16,BFLOAT16,BFLOAT16,False,DEV_1_DRAM_INTERLEAVED,,,,784384.0,,BinaryNgDeviceOperation
769,0.15200136598426817,,BinaryNgDeviceOperation,0,3.712,32.564,110,,,,,"BF16, BF16 => BF16",BFLOAT16,BFLOAT16,BFLOAT16,False,DEV_1_DRAM_INTERLEAVED,,,,785408.0,,BinaryNgDeviceOperation
770,0.24637160428776592,SLOW,MatmulDeviceOperation b={32} x 64 x 64 x 64,0,53.736,5.062,4.0,14.635104957570343,2.8584189370254576,0.3122155724281673,2.8231298143461308,HiFi2 BF16 x BF16 => BF16,BFLOAT16,BFLOAT16,BFLOAT16,False,DEV_1_DRAM_INTERLEAVED,1,1,1,786432.0,"If possible place input 0 in L1 (currently in DEV_1_DRAM_INTERLEAVED) • in0_block_w=1 is small, try in0_block_w=2 or above • Output subblock 1x1 is small, try out_subblock_h * out_subblock_w >= 2 if possible • If your matmuls are not FLOP-bound use HiFi4 with BF16 activations for full accuracy",MatmulDeviceOperation
771,0.014791179345144626,,BinaryNgDeviceOperation,0,3.005,0.525,110,,,,,"BF16, BF16 => BF16",BFLOAT16,BFLOAT16,BFLOAT16,False,DEV_1_DRAM_INTERLEAVED,,,,787456.0,,BinaryNgDeviceOperation
772,0.05745933211330546,,BinaryNgDeviceOperation,0,3.668,10.045,110,,,,,"BF16, BF16 => BF16",BFLOAT16,BFLOAT16,BFLOAT16,False,DEV_1_DRAM_INTERLEAVED,,,,788480.0,,BinaryNgDeviceOperation
773,0.13282311446508202,,BinaryNgDeviceOperation,0,2.647,29.052,110,,,,,"BF16, BF16 => BF16",BFLOAT16,BFLOAT16,BFLOAT16,False,DEV_1_DRAM_INTERLEAVED,,,,789504.0,,BinaryNgDeviceOperation
774,0.14506250111300484,,BinaryNgDeviceOperation,0,3.75,30.87,110,,,,,"BF16, BF16 => BF16",BFLOAT16,BFLOAT16,BFLOAT16,False,DEV_1_DRAM_INTERLEAVED,,,,790528.0,,BinaryNgDeviceOperation
775,0.24669843487952836,SLOW,MatmulDeviceOperation b={32} x 64 x 64 x 64,0,53.901,4.975,4.0,14.590304447041797,2.849668837312851,0.31125982820355835,2.814487740555902,HiFi2 BF16 x BF16 => BF16,BFLOAT16,BFLOAT16,BFLOAT16,False,DEV_1_DRAM_INTERLEAVED,1,1,1,791552.0,"If possible place input 0 in L1 (currently in DEV_1_DRAM_INTERLEAVED) • in0_block_w=1 is small, try in0_block_w=2 or above • Output subblock 1x1 is small, try out_subblock_h * out_subblock_w >= 2 if possible • If your matmuls are not FLOP-bound use HiFi4 with BF16 activations for full accuracy",MatmulDeviceOperation
776,0.01446853888917405,,BinaryNgDeviceOperation,0,2.916,0.537,110,,,,,"BF16, BF16 => BF16",BFLOAT16,BFLOAT16,BFLOAT16,False,DEV_1_DRAM_INTERLEAVED,,,,792576.0,,BinaryNgDeviceOperation
777,0.06490520341537967,,BinaryNgDeviceOperation,0,3.755,11.735,110,,,,,"BF16, BF16 => BF16",BFLOAT16,BFLOAT16,BFLOAT16,False,DEV_1_DRAM_INTERLEAVED,,,,793600.0,,BinaryNgDeviceOperation
778,0.1591623080524982,,BinaryNgDeviceOperation,0,2.727,35.258,110,,,,,"BF16, BF16 => BF16",BFLOAT16,BFLOAT16,BFLOAT16,False,DEV_1_DRAM_INTERLEAVED,,,,794624.0,,BinaryNgDeviceOperation
779,0.1478531315503607,,BinaryNgDeviceOperation,0,3.776,31.51,110,,,,,"BF16, BF16 => BF16",BFLOAT16,BFLOAT16,BFLOAT16,False,DEV_1_DRAM_INTERLEAVED,,,,795648.0,,BinaryNgDeviceOperation
780,0.24935917110733763,SLOW,MatmulDeviceOperation b={32} x 64 x 64 x 64,0,53.866,5.645,4.0,14.599784650800133,2.851520439609401,0.3114620725504028,2.8163164835648407,HiFi2 BF16 x BF16 => BF16,BFLOAT16,BFLOAT16,BFLOAT16,False,DEV_1_DRAM_INTERLEAVED,1,1,1,796672.0,"If possible place input 0 in L1 (currently in DEV_1_DRAM_INTERLEAVED) • in0_block_w=1 is small, try in0_block_w=2 or above • Output subblock 1x1 is small, try out_subblock_h * out_subblock_w >= 2 if possible • If your matmuls are not FLOP-bound use HiFi4 with BF16 activations for full accuracy",MatmulDeviceOperation
781,0.01485822151781384,,BinaryNgDeviceOperation,0,2.987,0.559,110,,,,,"BF16, BF16 => BF16",BFLOAT16,BFLOAT16,BFLOAT16,False,DEV_1_DRAM_INTERLEAVED,,,,797696.0,,BinaryNgDeviceOperation
782,0.06104608835110823,,BinaryNgDeviceOperation,0,3.773,10.796,110,,,,,"BF16, BF16 => BF16",BFLOAT16,BFLOAT16,BFLOAT16,False,DEV_1_DRAM_INTERLEAVED,,,,798720.0,,BinaryNgDeviceOperation
783,0.13566402653193985,,BinaryNgDeviceOperation,0,2.729,29.648,110,,,,,"BF16, BF16 => BF16",BFLOAT16,BFLOAT16,BFLOAT16,False,DEV_1_DRAM_INTERLEAVED,,,,799744.0,,BinaryNgDeviceOperation
784,0.1457957748765743,,BinaryNgDeviceOperation,0,4.079,30.716,110,,,,,"BF16, BF16 => BF16",BFLOAT16,BFLOAT16,BFLOAT16,False,DEV_1_DRAM_INTERLEAVED,,,,800768.0,,BinaryNgDeviceOperation
785,0.24521512680922203,SLOW,MatmulDeviceOperation b={32} x 64 x 64 x 64,0,53.806,4.716,4.0,14.61606512284875,2.8547002193063964,0.31180938928744,2.819457006722367,HiFi2 BF16 x BF16 => BF16,BFLOAT16,BFLOAT16,BFLOAT16,False,DEV_1_DRAM_INTERLEAVED,1,1,1,801792.0,"If possible place input 0 in L1 (currently in DEV_1_DRAM_INTERLEAVED) • in0_block_w=1 is small, try in0_block_w=2 or above • Output subblock 1x1 is small, try out_subblock_h * out_subblock_w >= 2 if possible • If your matmuls are not FLOP-bound use HiFi4 with BF16 activations for full accuracy",MatmulDeviceOperation
786,0.01601888913214955,,BinaryNgDeviceOperation,0,3.287,0.536,110,,,,,"BF16, BF16 => BF16",BFLOAT16,BFLOAT16,BFLOAT16,False,DEV_1_DRAM_INTERLEAVED,,,,802816.0,,BinaryNgDeviceOperation
787,0.06721815837246745,,BinaryNgDeviceOperation,0,3.967,12.075,110,,,,,"BF16, BF16 => BF16",BFLOAT16,BFLOAT16,BFLOAT16,False,DEV_1_DRAM_INTERLEAVED,,,,803840.0,,BinaryNgDeviceOperation
788,0.1348762810030766,,BinaryNgDeviceOperation,0,2.828,29.361,110,,,,,"BF16, BF16 => BF16",BFLOAT16,BFLOAT16,BFLOAT16,False,DEV_1_DRAM_INTERLEAVED,,,,804864.0,,BinaryNgDeviceOperation
789,0.14364623521536773,,BinaryNgDeviceOperation,0,3.775,30.507,110,,,,,"BF16, BF16 => BF16",BFLOAT16,BFLOAT16,BFLOAT16,False,DEV_1_DRAM_INTERLEAVED,,,,805888.0,,BinaryNgDeviceOperation
790,0.24828649634463026,SLOW,MatmulDeviceOperation b={32} x 64 x 64 x 64,0,53.885,5.37,4.0,14.594636726361696,2.8505149856175187,0.3113522501623828,2.8153234425852034,HiFi2 BF16 x BF16 => BF16,BFLOAT16,BFLOAT16,BFLOAT16,False,DEV_1_DRAM_INTERLEAVED,1,1,1,806912.0,"If possible place input 0 in L1 (currently in DEV_1_DRAM_INTERLEAVED) • in0_block_w=1 is small, try in0_block_w=2 or above • Output subblock 1x1 is small, try out_subblock_h * out_subblock_w >= 2 if possible • If your matmuls are not FLOP-bound use HiFi4 with BF16 activations for full accuracy",MatmulDeviceOperation
791,0.014820510295687405,,BinaryNgDeviceOperation,0,3.001,0.536,110,,,,,"BF16, BF16 => BF16",BFLOAT16,BFLOAT16,BFLOAT16,False,DEV_1_DRAM_INTERLEAVED,,,,807936.0,,BinaryNgDeviceOperation
792,0.060698307080386704,,BinaryNgDeviceOperation,0,3.665,10.821,110,,,,,"BF16, BF16 => BF16",BFLOAT16,BFLOAT16,BFLOAT16,False,DEV_1_DRAM_INTERLEAVED,,,,808960.0,,BinaryNgDeviceOperation
793,0.13248371346594415,,BinaryNgDeviceOperation,0,2.661,28.957,110,,,,,"BF16, BF16 => BF16",BFLOAT16,BFLOAT16,BFLOAT16,False,DEV_1_DRAM_INTERLEAVED,,,,809984.0,,BinaryNgDeviceOperation
794,0.1394770501025012,,BinaryNgDeviceOperation,0,3.708,29.579,110,,,,,"BF16, BF16 => BF16",BFLOAT16,BFLOAT16,BFLOAT16,False,DEV_1_DRAM_INTERLEAVED,,,,811008.0,,BinaryNgDeviceOperation
795,0.25870736405890077,SLOW,MatmulDeviceOperation b={32} x 64 x 64 x 64,0,53.953,7.789,4.0,14.576242284951716,2.846922321279632,0.31095983541230326,2.811775132128032,HiFi2 BF16 x BF16 => BF16,BFLOAT16,BFLOAT16,BFLOAT16,False,DEV_1_DRAM_INTERLEAVED,1,1,1,812032.0,"If possible place input 0 in L1 (currently in DEV_1_DRAM_INTERLEAVED) • in0_block_w=1 is small, try in0_block_w=2 or above • Output subblock 1x1 is small, try out_subblock_h * out_subblock_w >= 2 if possible • If your matmuls are not FLOP-bound use HiFi4 with BF16 activations for full accuracy",MatmulDeviceOperation
796,0.014590052827136995,,BinaryNgDeviceOperation,0,2.947,0.535,110,,,,,"BF16, BF16 => BF16",BFLOAT16,BFLOAT16,BFLOAT16,False,DEV_1_DRAM_INTERLEAVED,,,,813056.0,,BinaryNgDeviceOperation
797,0.05656683318964659,,BinaryNgDeviceOperation,0,3.67,9.83,110,,,,,"BF16, BF16 => BF16",BFLOAT16,BFLOAT16,BFLOAT16,False,DEV_1_DRAM_INTERLEAVED,,,,814080.0,,BinaryNgDeviceOperation
798,0.1272334733187866,,BinaryNgDeviceOperation,0,2.69,27.675,110,,,,,"BF16, BF16 => BF16",BFLOAT16,BFLOAT16,BFLOAT16,False,DEV_1_DRAM_INTERLEAVED,,,,815104.0,,BinaryNgDeviceOperation
799,0.14848165191913457,,BinaryNgDeviceOperation,0,3.855,31.581,110,,,,,"BF16, BF16 => BF16",BFLOAT16,BFLOAT16,BFLOAT16,False,DEV_1_DRAM_INTERLEAVED,,,,816128.0,,BinaryNgDeviceOperation
800,0.24500142988383894,SLOW,MatmulDeviceOperation b={32} x 64 x 64 x 64,0,53.769,4.702,4.0,14.62612285889639,2.856664620878201,0.3120239543231229,2.8213971564229143,HiFi2 BF16 x BF16 => BF16,BFLOAT16,BFLOAT16,BFLOAT16,False,DEV_1_DRAM_INTERLEAVED,1,1,1,817152.0,"If possible place input 0 in L1 (currently in DEV_1_DRAM_INTERLEAVED) • in0_block_w=1 is small, try in0_block_w=2 or above • Output subblock 1x1 is small, try out_subblock_h * out_subblock_w >= 2 if possible • If your matmuls are not FLOP-bound use HiFi4 with BF16 activations for full accuracy",MatmulDeviceOperation
801,0.014548151469218737,,BinaryNgDeviceOperation,0,2.936,0.536,110,,,,,"BF16, BF16 => BF16",BFLOAT16,BFLOAT16,BFLOAT16,False,DEV_1_DRAM_INTERLEAVED,,,,818176.0,,BinaryNgDeviceOperation
802,0.05248145079261655,,BinaryNgDeviceOperation,0,3.992,8.533,110,,,,,"BF16, BF16 => BF16",BFLOAT16,BFLOAT16,BFLOAT16,False,DEV_1_DRAM_INTERLEAVED,,,,819200.0,,BinaryNgDeviceOperation
803,0.13352705727810874,,BinaryNgDeviceOperation,0,2.696,29.171,110,,,,,"BF16, BF16 => BF16",BFLOAT16,BFLOAT16,BFLOAT16,False,DEV_1_DRAM_INTERLEAVED,,,,820224.0,,BinaryNgDeviceOperation
804,0.14393954472079556,,BinaryNgDeviceOperation,0,3.775,30.577,110,,,,,"BF16, BF16 => BF16",BFLOAT16,BFLOAT16,BFLOAT16,False,DEV_1_DRAM_INTERLEAVED,,,,821248.0,,BinaryNgDeviceOperation
805,0.24427234625606126,SLOW,MatmulDeviceOperation b={32} x 64 x 64 x 64,0,53.73,4.567,4.0,14.636739251814628,2.8587381351200447,0.3122504373720454,2.823445071723501,HiFi2 BF16 x BF16 => BF16,BFLOAT16,BFLOAT16,BFLOAT16,False,DEV_1_DRAM_INTERLEAVED,1,1,1,822272.0,"If possible place input 0 in L1 (currently in DEV_1_DRAM_INTERLEAVED) • in0_block_w=1 is small, try in0_block_w=2 or above • Output subblock 1x1 is small, try out_subblock_h * out_subblock_w >= 2 if possible • If your matmuls are not FLOP-bound use HiFi4 with BF16 activations for full accuracy",MatmulDeviceOperation
806,0.014900122875732094,,BinaryNgDeviceOperation,0,3.028,0.528,110,,,,,"BF16, BF16 => BF16",BFLOAT16,BFLOAT16,BFLOAT16,False,DEV_1_DRAM_INTERLEAVED,,,,823296.0,,BinaryNgDeviceOperation
807,0.057618557273394835,,BinaryNgDeviceOperation,0,3.754,9.997,110,,,,,"BF16, BF16 => BF16",BFLOAT16,BFLOAT16,BFLOAT16,False,DEV_1_DRAM_INTERLEAVED,,,,824320.0,,BinaryNgDeviceOperation
808,0.13524082281696542,,BinaryNgDeviceOperation,0,2.704,29.572,110,,,,,"BF16, BF16 => BF16",BFLOAT16,BFLOAT16,BFLOAT16,False,DEV_1_DRAM_INTERLEAVED,,,,825344.0,,BinaryNgDeviceOperation
809,0.1421210257871432,,BinaryNgDeviceOperation,0,3.683,30.235,110,,,,,"BF16, BF16 => BF16",BFLOAT16,BFLOAT16,BFLOAT16,False,DEV_1_DRAM_INTERLEAVED,,,,826368.0,,BinaryNgDeviceOperation
810,0.24744846918626512,SLOW,MatmulDeviceOperation b={32} x 64 x 64 x 64,0,53.765,5.29,4.0,14.627211010880684,2.8568771505626334,0.3120471682321212,2.8216070622840825,HiFi2 BF16 x BF16 => BF16,BFLOAT16,BFLOAT16,BFLOAT16,False,DEV_1_DRAM_INTERLEAVED,1,1,1,827392.0,"If possible place input 0 in L1 (currently in DEV_1_DRAM_INTERLEAVED) • in0_block_w=1 is small, try in0_block_w=2 or above • Output subblock 1x1 is small, try out_subblock_h * out_subblock_w >= 2 if possible • If your matmuls are not FLOP-bound use HiFi4 with BF16 activations for full accuracy",MatmulDeviceOperation
811,0.014451778346006748,,BinaryNgDeviceOperation,0,2.918,0.531,110,,,,,"BF16, BF16 => BF16",BFLOAT16,BFLOAT16,BFLOAT16,False,DEV_1_DRAM_INTERLEAVED,,,,828416.0,,BinaryNgDeviceOperation
812,0.052611345002163155,,BinaryNgDeviceOperation,0,3.699,8.857,110,,,,,"BF16, BF16 => BF16",BFLOAT16,BFLOAT16,BFLOAT16,False,DEV_1_DRAM_INTERLEAVED,,,,829440.0,,BinaryNgDeviceOperation
813,0.15242875983503434,,BinaryNgDeviceOperation,0,2.693,33.685,110,,,,,"BF16, BF16 => BF16",BFLOAT16,BFLOAT16,BFLOAT16,False,DEV_1_DRAM_INTERLEAVED,,,,830464.0,,BinaryNgDeviceOperation
814,0.14642010510955633,,BinaryNgDeviceOperation,0,3.767,31.177,110,,,,,"BF16, BF16 => BF16",BFLOAT16,BFLOAT16,BFLOAT16,False,DEV_1_DRAM_INTERLEAVED,,,,831488.0,,BinaryNgDeviceOperation
815,0.24646797741097798,SLOW,MatmulDeviceOperation b={32} x 64 x 64 x 64,0,53.776,5.045,4.0,14.624218982445699,2.856292770008926,0.31198333829217495,2.821029896305112,HiFi2 BF16 x BF16 => BF16,BFLOAT16,BFLOAT16,BFLOAT16,False,DEV_1_DRAM_INTERLEAVED,1,1,1,832512.0,"If possible place input 0 in L1 (currently in DEV_1_DRAM_INTERLEAVED) • in0_block_w=1 is small, try in0_block_w=2 or above • Output subblock 1x1 is small, try out_subblock_h * out_subblock_w >= 2 if possible • If your matmuls are not FLOP-bound use HiFi4 with BF16 activations for full accuracy",MatmulDeviceOperation
816,0.015256284418037277,,BinaryNgDeviceOperation,0,3.127,0.514,110,,,,,"BF16, BF16 => BF16",BFLOAT16,BFLOAT16,BFLOAT16,False,DEV_1_DRAM_INTERLEAVED,,,,833536.0,,BinaryNgDeviceOperation
817,0.06507699898284452,,BinaryNgDeviceOperation,0,3.741,11.79,110,,,,,"BF16, BF16 => BF16",BFLOAT16,BFLOAT16,BFLOAT16,False,DEV_1_DRAM_INTERLEAVED,,,,834560.0,,BinaryNgDeviceOperation
818,0.1277237192064302,,BinaryNgDeviceOperation,0,2.63,27.852,110,,,,,"BF16, BF16 => BF16",BFLOAT16,BFLOAT16,BFLOAT16,False,DEV_1_DRAM_INTERLEAVED,,,,835584.0,,BinaryNgDeviceOperation
819,0.14588795786399447,,BinaryNgDeviceOperation,0,3.765,31.052,110,,,,,"BF16, BF16 => BF16",BFLOAT16,BFLOAT16,BFLOAT16,False,DEV_1_DRAM_INTERLEAVED,,,,836608.0,,BinaryNgDeviceOperation
820,0.24615371722659102,SLOW,MatmulDeviceOperation b={32} x 64 x 64 x 64,0,53.936,4.81,4.0,14.580836547018686,2.8478196380895873,0.31105784633639866,2.812661370952679,HiFi2 BF16 x BF16 => BF16,BFLOAT16,BFLOAT16,BFLOAT16,False,DEV_1_DRAM_INTERLEAVED,1,1,1,837632.0,"If possible place input 0 in L1 (currently in DEV_1_DRAM_INTERLEAVED) • in0_block_w=1 is small, try in0_block_w=2 or above • Output subblock 1x1 is small, try out_subblock_h * out_subblock_w >= 2 if possible • If your matmuls are not FLOP-bound use HiFi4 with BF16 activations for full accuracy",MatmulDeviceOperation
821,0.014435017802839447,,BinaryNgDeviceOperation,0,2.907,0.538,110,,,,,"BF16, BF16 => BF16",BFLOAT16,BFLOAT16,BFLOAT16,False,DEV_1_DRAM_INTERLEAVED,,,,838656.0,,BinaryNgDeviceOperation
822,0.053968948998714676,,BinaryNgDeviceOperation,0,3.736,9.144,110,,,,,"BF16, BF16 => BF16",BFLOAT16,BFLOAT16,BFLOAT16,False,DEV_1_DRAM_INTERLEAVED,,,,839680.0,,BinaryNgDeviceOperation
823,0.1296050901769599,,BinaryNgDeviceOperation,0,2.839,28.092,110,,,,,"BF16, BF16 => BF16",BFLOAT16,BFLOAT16,BFLOAT16,False,DEV_1_DRAM_INTERLEAVED,,,,840704.0,,BinaryNgDeviceOperation
824,0.14433760762101897,,BinaryNgDeviceOperation,0,3.735,30.712,110,,,,,"BF16, BF16 => BF16",BFLOAT16,BFLOAT16,BFLOAT16,False,DEV_1_DRAM_INTERLEAVED,,,,841728.0,,BinaryNgDeviceOperation
825,0.2452947393892667,SLOW,MatmulDeviceOperation b={32} x 64 x 64 x 64,0,53.876,4.665,4.0,14.597074764273517,2.850991164897171,0.311404261637835,2.8157937431083173,HiFi2 BF16 x BF16 => BF16,BFLOAT16,BFLOAT16,BFLOAT16,False,DEV_1_DRAM_INTERLEAVED,1,1,1,842752.0,"If possible place input 0 in L1 (currently in DEV_1_DRAM_INTERLEAVED) • in0_block_w=1 is small, try in0_block_w=2 or above • Output subblock 1x1 is small, try out_subblock_h * out_subblock_w >= 2 if possible • If your matmuls are not FLOP-bound use HiFi4 with BF16 activations for full accuracy",MatmulDeviceOperation
826,0.014619383777679774,,BinaryNgDeviceOperation,0,2.954,0.535,110,,,,,"BF16, BF16 => BF16",BFLOAT16,BFLOAT16,BFLOAT16,False,DEV_1_DRAM_INTERLEAVED,,,,843776.0,,BinaryNgDeviceOperation
827,0.05639084748638992,,BinaryNgDeviceOperation,0,3.714,9.744,110,,,,,"BF16, BF16 => BF16",BFLOAT16,BFLOAT16,BFLOAT16,False,DEV_1_DRAM_INTERLEAVED,,,,844800.0,,BinaryNgDeviceOperation
828,0.12960928031275173,,BinaryNgDeviceOperation,0,2.742,28.19,110,,,,,"BF16, BF16 => BF16",BFLOAT16,BFLOAT16,BFLOAT16,False,DEV_1_DRAM_INTERLEAVED,,,,845824.0,,BinaryNgDeviceOperation
829,0.1455695075438157,,BinaryNgDeviceOperation,0,4.264,30.477,110,,,,,"BF16, BF16 => BF16",BFLOAT16,BFLOAT16,BFLOAT16,False,DEV_1_DRAM_INTERLEAVED,,,,846848.0,,BinaryNgDeviceOperation
830,0.24450280372461172,SLOW,MatmulDeviceOperation b={32} x 64 x 64 x 64,0,53.649,4.703,4.0,14.658838002572276,2.863054297377398,0.31272187738820856,2.8277079480270593,HiFi2 BF16 x BF16 => BF16,BFLOAT16,BFLOAT16,BFLOAT16,False,DEV_1_DRAM_INTERLEAVED,1,1,1,847872.0,"If possible place input 0 in L1 (currently in DEV_1_DRAM_INTERLEAVED) • in0_block_w=1 is small, try in0_block_w=2 or above • Output subblock 1x1 is small, try out_subblock_h * out_subblock_w >= 2 if possible • If your matmuls are not FLOP-bound use HiFi4 with BF16 activations for full accuracy",MatmulDeviceOperation
831,0.014665475271389856,,BinaryNgDeviceOperation,0,2.964,0.536,110,,,,,"BF16, BF16 => BF16",BFLOAT16,BFLOAT16,BFLOAT16,False,DEV_1_DRAM_INTERLEAVED,,,,848896.0,,BinaryNgDeviceOperation
832,0.04875222993789171,,BinaryNgDeviceOperation,0,3.899,7.736,110,,,,,"BF16, BF16 => BF16",BFLOAT16,BFLOAT16,BFLOAT16,False,DEV_1_DRAM_INTERLEAVED,,,,849920.0,,BinaryNgDeviceOperation
833,0.13501036534841504,,BinaryNgDeviceOperation,0,2.86,29.361,110,,,,,"BF16, BF16 => BF16",BFLOAT16,BFLOAT16,BFLOAT16,False,DEV_1_DRAM_INTERLEAVED,,,,850944.0,,BinaryNgDeviceOperation
834,0.14122014659190069,,BinaryNgDeviceOperation,0,3.711,29.992,110,,,,,"BF16, BF16 => BF16",BFLOAT16,BFLOAT16,BFLOAT16,False,DEV_1_DRAM_INTERLEAVED,,,,851968.0,,BinaryNgDeviceOperation
835,0.24635484374459865,SLOW,MatmulDeviceOperation b={32} x 64 x 64 x 64,0,53.967,4.827,4.0,14.57246094835733,2.846183778976041,0.31087916689828965,2.811045707630657,HiFi2 BF16 x BF16 => BF16,BFLOAT16,BFLOAT16,BFLOAT16,False,DEV_1_DRAM_INTERLEAVED,1,1,1,852992.0,"If possible place input 0 in L1 (currently in DEV_1_DRAM_INTERLEAVED) • in0_block_w=1 is small, try in0_block_w=2 or above • Output subblock 1x1 is small, try out_subblock_h * out_subblock_w >= 2 if possible • If your matmuls are not FLOP-bound use HiFi4 with BF16 activations for full accuracy",MatmulDeviceOperation
836,0.014745087851434545,,BinaryNgDeviceOperation,0,2.98,0.539,110,,,,,"BF16, BF16 => BF16",BFLOAT16,BFLOAT16,BFLOAT16,False,DEV_1_DRAM_INTERLEAVED,,,,854016.0,,BinaryNgDeviceOperation
837,0.04920476460340889,,BinaryNgDeviceOperation,0,3.701,8.042,110,,,,,"BF16, BF16 => BF16",BFLOAT16,BFLOAT16,BFLOAT16,False,DEV_1_DRAM_INTERLEAVED,,,,855040.0,,BinaryNgDeviceOperation
838,0.13238315020694033,,BinaryNgDeviceOperation,0,2.721,28.873,110,,,,,"BF16, BF16 => BF16",BFLOAT16,BFLOAT16,BFLOAT16,False,DEV_1_DRAM_INTERLEAVED,,,,856064.0,,BinaryNgDeviceOperation
839,0.14282915873596175,,BinaryNgDeviceOperation,0,3.952,30.135,110,,,,,"BF16, BF16 => BF16",BFLOAT16,BFLOAT16,BFLOAT16,False,DEV_1_DRAM_INTERLEAVED,,,,857088.0,,BinaryNgDeviceOperation
840,0.24828649634463026,SLOW,MatmulDeviceOperation b={32} x 64 x 64 x 64,0,53.882,5.373,4.0,14.595449315170185,2.850673694369177,0.3113695853902973,2.815480191969557,HiFi2 BF16 x BF16 => BF16,BFLOAT16,BFLOAT16,BFLOAT16,False,DEV_1_DRAM_INTERLEAVED,1,1,1,858112.0,"If possible place input 0 in L1 (currently in DEV_1_DRAM_INTERLEAVED) • in0_block_w=1 is small, try in0_block_w=2 or above • Output subblock 1x1 is small, try out_subblock_h * out_subblock_w >= 2 if possible • If your matmuls are not FLOP-bound use HiFi4 with BF16 activations for full accuracy",MatmulDeviceOperation
841,0.014950404505234004,,BinaryNgDeviceOperation,0,3.043,0.525,110,,,,,"BF16, BF16 => BF16",BFLOAT16,BFLOAT16,BFLOAT16,False,DEV_1_DRAM_INTERLEAVED,,,,859136.0,,BinaryNgDeviceOperation
842,0.055598911821734855,,BinaryNgDeviceOperation,0,3.956,9.313,110,,,,,"BF16, BF16 => BF16",BFLOAT16,BFLOAT16,BFLOAT16,False,DEV_1_DRAM_INTERLEAVED,,,,860160.0,,BinaryNgDeviceOperation
843,0.12263270421936198,,BinaryNgDeviceOperation,0,2.838,26.429,110,,,,,"BF16, BF16 => BF16",BFLOAT16,BFLOAT16,BFLOAT16,False,DEV_1_DRAM_INTERLEAVED,,,,861184.0,,BinaryNgDeviceOperation
844,0.1546369613973265,,BinaryNgDeviceOperation,0,3.814,33.091,110,,,,,"BF16, BF16 => BF16",BFLOAT16,BFLOAT16,BFLOAT16,False,DEV_1_DRAM_INTERLEAVED,,,,862208.0,,BinaryNgDeviceOperation
845,0.24456146562569725,SLOW,MatmulDeviceOperation b={32} x 64 x 64 x 64,0,53.813,4.553,4.0,14.614163863750395,2.854328879638749,0.31176882909334175,2.819090251495061,HiFi2 BF16 x BF16 => BF16,BFLOAT16,BFLOAT16,BFLOAT16,False,DEV_1_DRAM_INTERLEAVED,1,1,1,863232.0,"If possible place input 0 in L1 (currently in DEV_1_DRAM_INTERLEAVED) • in0_block_w=1 is small, try in0_block_w=2 or above • Output subblock 1x1 is small, try out_subblock_h * out_subblock_w >= 2 if possible • If your matmuls are not FLOP-bound use HiFi4 with BF16 activations for full accuracy",MatmulDeviceOperation
846,0.01561244596034246,,BinaryNgDeviceOperation,0,3.19,0.536,110,,,,,"BF16, BF16 => BF16",BFLOAT16,BFLOAT16,BFLOAT16,False,DEV_1_DRAM_INTERLEAVED,,,,864256.0,,BinaryNgDeviceOperation
847,0.04802314631011405,,BinaryNgDeviceOperation,0,3.722,7.739,110,,,,,"BF16, BF16 => BF16",BFLOAT16,BFLOAT16,BFLOAT16,False,DEV_1_DRAM_INTERLEAVED,,,,865280.0,,BinaryNgDeviceOperation
848,0.14648714728222556,,BinaryNgDeviceOperation,0,3.168,31.792,110,,,,,"BF16, BF16 => BF16",BFLOAT16,BFLOAT16,BFLOAT16,False,DEV_1_DRAM_INTERLEAVED,,,,866304.0,,BinaryNgDeviceOperation
849,0.13992958476801834,,BinaryNgDeviceOperation,0,3.716,29.679,110,,,,,"BF16, BF16 => BF16",BFLOAT16,BFLOAT16,BFLOAT16,False,DEV_1_DRAM_INTERLEAVED,,,,867328.0,,BinaryNgDeviceOperation
850,0.24846248204788693,SLOW,MatmulDeviceOperation b={32} x 64 x 64 x 64,0,53.635,5.662,4.0,14.662664305024702,2.863801622075137,0.31280350517386035,2.828446046493963,HiFi2 BF16 x BF16 => BF16,BFLOAT16,BFLOAT16,BFLOAT16,False,DEV_1_DRAM_INTERLEAVED,1,1,1,868352.0,"If possible place input 0 in L1 (currently in DEV_1_DRAM_INTERLEAVED) • in0_block_w=1 is small, try in0_block_w=2 or above • Output subblock 1x1 is small, try out_subblock_h * out_subblock_w >= 2 if possible • If your matmuls are not FLOP-bound use HiFi4 with BF16 activations for full accuracy",MatmulDeviceOperation
851,0.014690616086140813,,BinaryNgDeviceOperation,0,2.967,0.539,110,,,,,"BF16, BF16 => BF16",BFLOAT16,BFLOAT16,BFLOAT16,False,DEV_1_DRAM_INTERLEAVED,,,,869376.0,,BinaryNgDeviceOperation
852,0.05489496900870814,,BinaryNgDeviceOperation,0,3.665,9.436,110,,,,,"BF16, BF16 => BF16",BFLOAT16,BFLOAT16,BFLOAT16,False,DEV_1_DRAM_INTERLEAVED,,,,870400.0,,BinaryNgDeviceOperation
853,0.13052272991536973,,BinaryNgDeviceOperation,0,2.619,28.531,110,,,,,"BF16, BF16 => BF16",BFLOAT16,BFLOAT16,BFLOAT16,False,DEV_1_DRAM_INTERLEAVED,,,,871424.0,,BinaryNgDeviceOperation
854,0.1465332387759356,,BinaryNgDeviceOperation,0,4.216,30.755,110,,,,,"BF16, BF16 => BF16",BFLOAT16,BFLOAT16,BFLOAT16,False,DEV_1_DRAM_INTERLEAVED,,,,872448.0,,BinaryNgDeviceOperation
855,0.24407540987384546,SLOW,MatmulDeviceOperation b={32} x 64 x 64 x 64,0,53.84,4.41,4.0,14.606835066864782,2.852897473997028,0.3116124814264487,2.817676517527929,HiFi2 BF16 x BF16 => BF16,BFLOAT16,BFLOAT16,BFLOAT16,False,DEV_1_DRAM_INTERLEAVED,1,1,1,873472.0,"If possible place input 0 in L1 (currently in DEV_1_DRAM_INTERLEAVED) • in0_block_w=1 is small, try in0_block_w=2 or above • Output subblock 1x1 is small, try out_subblock_h * out_subblock_w >= 2 if possible • If your matmuls are not FLOP-bound use HiFi4 with BF16 activations for full accuracy",MatmulDeviceOperation
856,0.0144601586175904,,BinaryNgDeviceOperation,0,2.907,0.544,110,,,,,"BF16, BF16 => BF16",BFLOAT16,BFLOAT16,BFLOAT16,False,DEV_1_DRAM_INTERLEAVED,,,,874496.0,,BinaryNgDeviceOperation
857,0.05602211553670925,,BinaryNgDeviceOperation,0,3.911,9.459,110,,,,,"BF16, BF16 => BF16",BFLOAT16,BFLOAT16,BFLOAT16,False,DEV_1_DRAM_INTERLEAVED,,,,875520.0,,BinaryNgDeviceOperation
858,0.1310255462103888,,BinaryNgDeviceOperation,0,2.614,28.656,110,,,,,"BF16, BF16 => BF16",BFLOAT16,BFLOAT16,BFLOAT16,False,DEV_1_DRAM_INTERLEAVED,,,,876544.0,,BinaryNgDeviceOperation
859,0.1406544782600042,,BinaryNgDeviceOperation,0,3.807,29.761,110,,,,,"BF16, BF16 => BF16",BFLOAT16,BFLOAT16,BFLOAT16,False,DEV_1_DRAM_INTERLEAVED,,,,877568.0,,BinaryNgDeviceOperation
860,0.24532407033980952,SLOW,MatmulDeviceOperation b={32} x 64 x 64 x 64,0,53.717,4.831,4.0,14.640281475138224,2.8594299756129344,0.3123260048029488,2.8241283709757377,HiFi2 BF16 x BF16 => BF16,BFLOAT16,BFLOAT16,BFLOAT16,False,DEV_1_DRAM_INTERLEAVED,1,1,1,878592.0,"If possible place input 0 in L1 (currently in DEV_1_DRAM_INTERLEAVED) • in0_block_w=1 is small, try in0_block_w=2 or above • Output subblock 1x1 is small, try out_subblock_h * out_subblock_w >= 2 if possible • If your matmuls are not FLOP-bound use HiFi4 with BF16 activations for full accuracy",MatmulDeviceOperation
861,0.014401496716504838,,BinaryNgDeviceOperation,0,2.9,0.537,110,,,,,"BF16, BF16 => BF16",BFLOAT16,BFLOAT16,BFLOAT16,False,DEV_1_DRAM_INTERLEAVED,,,,879616.0,,BinaryNgDeviceOperation
862,0.05372592112278878,,BinaryNgDeviceOperation,0,3.661,9.161,110,,,,,"BF16, BF16 => BF16",BFLOAT16,BFLOAT16,BFLOAT16,False,DEV_1_DRAM_INTERLEAVED,,,,880640.0,,BinaryNgDeviceOperation
863,0.13235381925639753,,BinaryNgDeviceOperation,0,2.653,28.934,110,,,,,"BF16, BF16 => BF16",BFLOAT16,BFLOAT16,BFLOAT16,False,DEV_1_DRAM_INTERLEAVED,,,,881664.0,,BinaryNgDeviceOperation
864,0.14114472414764784,,BinaryNgDeviceOperation,0,3.814,29.871,110,,,,,"BF16, BF16 => BF16",BFLOAT16,BFLOAT16,BFLOAT16,False,DEV_1_DRAM_INTERLEAVED,,,,882688.0,,BinaryNgDeviceOperation
865,0.24768311679060737,SLOW,MatmulDeviceOperation b={32} x 64 x 64 x 64,0,54.067,5.044,4.0,14.545508350749994,2.8409195997558583,0.3103041781493332,2.8058465182773906,HiFi2 BF16 x BF16 => BF16,BFLOAT16,BFLOAT16,BFLOAT16,False,DEV_1_DRAM_INTERLEAVED,1,1,1,883712.0,"If possible place input 0 in L1 (currently in DEV_1_DRAM_INTERLEAVED) • in0_block_w=1 is small, try in0_block_w=2 or above • Output subblock 1x1 is small, try out_subblock_h * out_subblock_w >= 2 if possible • If your matmuls are not FLOP-bound use HiFi4 with BF16 activations for full accuracy",MatmulDeviceOperation
866,0.014778608937769151,,BinaryNgDeviceOperation,0,2.99,0.537,110,,,,,"BF16, BF16 => BF16",BFLOAT16,BFLOAT16,BFLOAT16,False,DEV_1_DRAM_INTERLEAVED,,,,884736.0,,BinaryNgDeviceOperation
867,0.0518194093375081,,BinaryNgDeviceOperation,0,3.717,8.65,110,,,,,"BF16, BF16 => BF16",BFLOAT16,BFLOAT16,BFLOAT16,False,DEV_1_DRAM_INTERLEAVED,,,,885760.0,,BinaryNgDeviceOperation
868,0.12305590793433639,,BinaryNgDeviceOperation,0,2.649,26.719,110,,,,,"BF16, BF16 => BF16",BFLOAT16,BFLOAT16,BFLOAT16,False,DEV_1_DRAM_INTERLEAVED,,,,886784.0,,BinaryNgDeviceOperation
869,0.15014513582848935,,BinaryNgDeviceOperation,0,3.939,31.894,110,,,,,"BF16, BF16 => BF16",BFLOAT16,BFLOAT16,BFLOAT16,False,DEV_1_DRAM_INTERLEAVED,,,,887808.0,,BinaryNgDeviceOperation
870,0.24308653782697462,SLOW,MatmulDeviceOperation b={32} x 64 x 64 x 64,0,53.787,4.227,4.0,14.621228177812482,2.8557086284790003,0.3119195344599996,2.8204529663990123,HiFi2 BF16 x BF16 => BF16,BFLOAT16,BFLOAT16,BFLOAT16,False,DEV_1_DRAM_INTERLEAVED,1,1,1,888832.0,"If possible place input 0 in L1 (currently in DEV_1_DRAM_INTERLEAVED) • in0_block_w=1 is small, try in0_block_w=2 or above • Output subblock 1x1 is small, try out_subblock_h * out_subblock_w >= 2 if possible • If your matmuls are not FLOP-bound use HiFi4 with BF16 activations for full accuracy",MatmulDeviceOperation
871,0.015528643244505947,,BinaryNgDeviceOperation,0,3.172,0.534,110,,,,,"BF16, BF16 => BF16",BFLOAT16,BFLOAT16,BFLOAT16,False,DEV_1_DRAM_INTERLEAVED,,,,889856.0,,BinaryNgDeviceOperation
872,0.054153314973555,,BinaryNgDeviceOperation,0,3.76,9.164,110,,,,,"BF16, BF16 => BF16",BFLOAT16,BFLOAT16,BFLOAT16,False,DEV_1_DRAM_INTERLEAVED,,,,890880.0,,BinaryNgDeviceOperation
873,0.13504807657054146,,BinaryNgDeviceOperation,0,2.601,29.629,110,,,,,"BF16, BF16 => BF16",BFLOAT16,BFLOAT16,BFLOAT16,False,DEV_1_DRAM_INTERLEAVED,,,,891904.0,,BinaryNgDeviceOperation
874,0.14483623378024624,,BinaryNgDeviceOperation,0,3.718,30.848,110,,,,,"BF16, BF16 => BF16",BFLOAT16,BFLOAT16,BFLOAT16,False,DEV_1_DRAM_INTERLEAVED,,,,892928.0,,BinaryNgDeviceOperation
875,0.24555871794415177,SLOW,MatmulDeviceOperation b={32} x 64 x 64 x 64,0,53.637,4.967,4.0,14.66211756809665,2.8636948375188767,0.31279184145272854,2.8283405802655572,HiFi2 BF16 x BF16 => BF16,BFLOAT16,BFLOAT16,BFLOAT16,False,DEV_1_DRAM_INTERLEAVED,1,1,1,893952.0,"If possible place input 0 in L1 (currently in DEV_1_DRAM_INTERLEAVED) • in0_block_w=1 is small, try in0_block_w=2 or above • Output subblock 1x1 is small, try out_subblock_h * out_subblock_w >= 2 if possible • If your matmuls are not FLOP-bound use HiFi4 with BF16 activations for full accuracy",MatmulDeviceOperation
876,0.014430827667047619,,BinaryNgDeviceOperation,0,2.907,0.537,110,,,,,"BF16, BF16 => BF16",BFLOAT16,BFLOAT16,BFLOAT16,False,DEV_1_DRAM_INTERLEAVED,,,,894976.0,,BinaryNgDeviceOperation
877,0.05328176672885526,,BinaryNgDeviceOperation,0,3.745,8.971,110,,,,,"BF16, BF16 => BF16",BFLOAT16,BFLOAT16,BFLOAT16,False,DEV_1_DRAM_INTERLEAVED,,,,896000.0,,BinaryNgDeviceOperation
878,0.12842347188366507,,BinaryNgDeviceOperation,0,2.805,27.844,110,,,,,"BF16, BF16 => BF16",BFLOAT16,BFLOAT16,BFLOAT16,False,DEV_1_DRAM_INTERLEAVED,,,,897024.0,,BinaryNgDeviceOperation
879,0.14195761049126202,,BinaryNgDeviceOperation,0,3.91,29.969,110,,,,,"BF16, BF16 => BF16",BFLOAT16,BFLOAT16,BFLOAT16,False,DEV_1_DRAM_INTERLEAVED,,,,898048.0,,BinaryNgDeviceOperation
880,0.243342136110276,SLOW,MatmulDeviceOperation b={32} x 64 x 64 x 64,0,53.64,4.435,4.0,14.661297539149887,2.8635346756152122,0.3127743475018643,2.8281823956693453,HiFi2 BF16 x BF16 => BF16,BFLOAT16,BFLOAT16,BFLOAT16,False,DEV_1_DRAM_INTERLEAVED,1,1,1,899072.0,"If possible place input 0 in L1 (currently in DEV_1_DRAM_INTERLEAVED) • in0_block_w=1 is small, try in0_block_w=2 or above • Output subblock 1x1 is small, try out_subblock_h * out_subblock_w >= 2 if possible • If your matmuls are not FLOP-bound use HiFi4 with BF16 activations for full accuracy",MatmulDeviceOperation
881,0.014476919160757702,,BinaryNgDeviceOperation,0,2.939,0.516,110,,,,,"BF16, BF16 => BF16",BFLOAT16,BFLOAT16,BFLOAT16,False,DEV_1_DRAM_INTERLEAVED,,,,900096.0,,BinaryNgDeviceOperation
882,0.05288370382863182,,BinaryNgDeviceOperation,0,3.925,8.696,110,,,,,"BF16, BF16 => BF16",BFLOAT16,BFLOAT16,BFLOAT16,False,DEV_1_DRAM_INTERLEAVED,,,,901120.0,,BinaryNgDeviceOperation
883,0.13318346614317902,,BinaryNgDeviceOperation,0,2.903,28.882,110,,,,,"BF16, BF16 => BF16",BFLOAT16,BFLOAT16,BFLOAT16,False,DEV_1_DRAM_INTERLEAVED,,,,902144.0,,BinaryNgDeviceOperation
884,0.14712404792258307,,BinaryNgDeviceOperation,0,3.784,31.328,110,,,,,"BF16, BF16 => BF16",BFLOAT16,BFLOAT16,BFLOAT16,False,DEV_1_DRAM_INTERLEAVED,,,,903168.0,,BinaryNgDeviceOperation
885,0.24768730692639923,SLOW,MatmulDeviceOperation b={32} x 64 x 64 x 64,0,53.661,5.451,4.0,14.655559903840778,2.862414043718902,0.31265194461526996,2.827075598734718,HiFi2 BF16 x BF16 => BF16,BFLOAT16,BFLOAT16,BFLOAT16,False,DEV_1_DRAM_INTERLEAVED,1,1,1,904192.0,"If possible place input 0 in L1 (currently in DEV_1_DRAM_INTERLEAVED) • in0_block_w=1 is small, try in0_block_w=2 or above • Output subblock 1x1 is small, try out_subblock_h * out_subblock_w >= 2 if possible • If your matmuls are not FLOP-bound use HiFi4 with BF16 activations for full accuracy",MatmulDeviceOperation
886,0.01494202423365035,,BinaryNgDeviceOperation,0,3.045,0.521,110,,,,,"BF16, BF16 => BF16",BFLOAT16,BFLOAT16,BFLOAT16,False,DEV_1_DRAM_INTERLEAVED,,,,905216.0,,BinaryNgDeviceOperation
887,0.05875827420877142,,BinaryNgDeviceOperation,0,3.769,10.254,110,,,,,"BF16, BF16 => BF16",BFLOAT16,BFLOAT16,BFLOAT16,False,DEV_1_DRAM_INTERLEAVED,,,,906240.0,,BinaryNgDeviceOperation
888,0.13295719881042045,,BinaryNgDeviceOperation,0,2.781,28.95,110,,,,,"BF16, BF16 => BF16",BFLOAT16,BFLOAT16,BFLOAT16,False,DEV_1_DRAM_INTERLEAVED,,,,907264.0,,BinaryNgDeviceOperation
889,0.1361626526911671,,BinaryNgDeviceOperation,0,3.77,28.726,110,,,,,"BF16, BF16 => BF16",BFLOAT16,BFLOAT16,BFLOAT16,False,DEV_1_DRAM_INTERLEAVED,,,,908288.0,,BinaryNgDeviceOperation
890,0.24580174582007766,SLOW,MatmulDeviceOperation b={32} x 64 x 64 x 64,0,53.731,4.931,4.0,14.636466844093725,2.8586849304870556,0.3122446260073328,2.823392523937833,HiFi2 BF16 x BF16 => BF16,BFLOAT16,BFLOAT16,BFLOAT16,False,DEV_1_DRAM_INTERLEAVED,1,1,1,909312.0,"If possible place input 0 in L1 (currently in DEV_1_DRAM_INTERLEAVED) • in0_block_w=1 is small, try in0_block_w=2 or above • Output subblock 1x1 is small, try out_subblock_h * out_subblock_w >= 2 if possible • If your matmuls are not FLOP-bound use HiFi4 with BF16 activations for full accuracy",MatmulDeviceOperation
891,0.01461519364188795,,BinaryNgDeviceOperation,0,2.956,0.532,110,,,,,"BF16, BF16 => BF16",BFLOAT16,BFLOAT16,BFLOAT16,False,DEV_1_DRAM_INTERLEAVED,,,,910336.0,,BinaryNgDeviceOperation
892,0.05168532499216969,,BinaryNgDeviceOperation,0,3.676,8.659,110,,,,,"BF16, BF16 => BF16",BFLOAT16,BFLOAT16,BFLOAT16,False,DEV_1_DRAM_INTERLEAVED,,,,911360.0,,BinaryNgDeviceOperation
893,0.12459368776993639,,BinaryNgDeviceOperation,0,2.761,26.974,110,,,,,"BF16, BF16 => BF16",BFLOAT16,BFLOAT16,BFLOAT16,False,DEV_1_DRAM_INTERLEAVED,,,,912384.0,,BinaryNgDeviceOperation
894,0.14407781920192578,,BinaryNgDeviceOperation,0,4.21,30.175,110,,,,,"BF16, BF16 => BF16",BFLOAT16,BFLOAT16,BFLOAT16,False,DEV_1_DRAM_INTERLEAVED,,,,913408.0,,BinaryNgDeviceOperation
895,0.24319129122177024,SLOW,MatmulDeviceOperation b={32} x 64 x 64 x 64,0,53.895,4.144,4.0,14.591928750347897,2.8499860840523237,0.3112944800074218,2.814801070668962,HiFi2 BF16 x BF16 => BF16,BFLOAT16,BFLOAT16,BFLOAT16,False,DEV_1_DRAM_INTERLEAVED,1,1,1,914432.0,"If possible place input 0 in L1 (currently in DEV_1_DRAM_INTERLEAVED) • in0_block_w=1 is small, try in0_block_w=2 or above • Output subblock 1x1 is small, try out_subblock_h * out_subblock_w >= 2 if possible • If your matmuls are not FLOP-bound use HiFi4 with BF16 activations for full accuracy",MatmulDeviceOperation
896,0.015034207221070517,,BinaryNgDeviceOperation,0,3.05,0.538,110,,,,,"BF16, BF16 => BF16",BFLOAT16,BFLOAT16,BFLOAT16,False,DEV_1_DRAM_INTERLEAVED,,,,915456.0,,BinaryNgDeviceOperation
897,0.05042409411883016,,BinaryNgDeviceOperation,0,4.015,8.019,110,,,,,"BF16, BF16 => BF16",BFLOAT16,BFLOAT16,BFLOAT16,False,DEV_1_DRAM_INTERLEAVED,,,,916480.0,,BinaryNgDeviceOperation
898,0.12677674851747758,,BinaryNgDeviceOperation,0,2.603,27.653,110,,,,,"BF16, BF16 => BF16",BFLOAT16,BFLOAT16,BFLOAT16,False,DEV_1_DRAM_INTERLEAVED,,,,917504.0,,BinaryNgDeviceOperation
899,0.13595733603736765,,BinaryNgDeviceOperation,0,3.723,28.724,110,,,,,"BF16, BF16 => BF16",BFLOAT16,BFLOAT16,BFLOAT16,False,DEV_1_DRAM_INTERLEAVED,,,,918528.0,,BinaryNgDeviceOperation
900,0.2459693512517507,SLOW,MatmulDeviceOperation b={32} x 64 x 64 x 64,0,53.79,4.912,4.0,14.620412716118237,2.8555493586168432,0.31190213794385574,2.82029566283145,HiFi2 BF16 x BF16 => BF16,BFLOAT16,BFLOAT16,BFLOAT16,False,DEV_1_DRAM_INTERLEAVED,1,1,1,919552.0,"If possible place input 0 in L1 (currently in DEV_1_DRAM_INTERLEAVED) • in0_block_w=1 is small, try in0_block_w=2 or above • Output subblock 1x1 is small, try out_subblock_h * out_subblock_w >= 2 if possible • If your matmuls are not FLOP-bound use HiFi4 with BF16 activations for full accuracy",MatmulDeviceOperation
901,0.01471994703668359,,BinaryNgDeviceOperation,0,2.975,0.538,110,,,,,"BF16, BF16 => BF16",BFLOAT16,BFLOAT16,BFLOAT16,False,DEV_1_DRAM_INTERLEAVED,,,,920576.0,,BinaryNgDeviceOperation
902,0.060417567982334386,,BinaryNgDeviceOperation,0,3.759,10.66,110,,,,,"BF16, BF16 => BF16",BFLOAT16,BFLOAT16,BFLOAT16,False,DEV_1_DRAM_INTERLEAVED,,,,921600.0,,BinaryNgDeviceOperation
903,0.12906875279560623,,BinaryNgDeviceOperation,0,2.733,28.07,110,,,,,"BF16, BF16 => BF16",BFLOAT16,BFLOAT16,BFLOAT16,False,DEV_1_DRAM_INTERLEAVED,,,,922624.0,,BinaryNgDeviceOperation
904,0.1450750715203803,,BinaryNgDeviceOperation,0,3.758,30.865,110,,,,,"BF16, BF16 => BF16",BFLOAT16,BFLOAT16,BFLOAT16,False,DEV_1_DRAM_INTERLEAVED,,,,923648.0,,BinaryNgDeviceOperation
905,0.24697917397758065,SLOW,MatmulDeviceOperation b={32} x 64 x 64 x 64,0,53.91,5.033,4.0,14.587868670005564,2.8491930996104617,0.3112078649601187,2.8140178761584806,HiFi2 BF16 x BF16 => BF16,BFLOAT16,BFLOAT16,BFLOAT16,False,DEV_1_DRAM_INTERLEAVED,1,1,1,924672.0,"If possible place input 0 in L1 (currently in DEV_1_DRAM_INTERLEAVED) • in0_block_w=1 is small, try in0_block_w=2 or above • Output subblock 1x1 is small, try out_subblock_h * out_subblock_w >= 2 if possible • If your matmuls are not FLOP-bound use HiFi4 with BF16 activations for full accuracy",MatmulDeviceOperation
906,0.014988115727360434,,BinaryNgDeviceOperation,0,3.059,0.518,110,,,,,"BF16, BF16 => BF16",BFLOAT16,BFLOAT16,BFLOAT16,False,DEV_1_DRAM_INTERLEAVED,,,,925696.0,,BinaryNgDeviceOperation
907,0.05019782678607158,,BinaryNgDeviceOperation,0,3.701,8.279,110,,,,,"BF16, BF16 => BF16",BFLOAT16,BFLOAT16,BFLOAT16,False,DEV_1_DRAM_INTERLEAVED,,,,926720.0,,BinaryNgDeviceOperation
908,0.1285282252784607,,BinaryNgDeviceOperation,0,2.813,27.861,110,,,,,"BF16, BF16 => BF16",BFLOAT16,BFLOAT16,BFLOAT16,False,DEV_1_DRAM_INTERLEAVED,,,,927744.0,,BinaryNgDeviceOperation
909,0.1420707441576413,,BinaryNgDeviceOperation,0,4.076,29.83,110,,,,,"BF16, BF16 => BF16",BFLOAT16,BFLOAT16,BFLOAT16,False,DEV_1_DRAM_INTERLEAVED,,,,928768.0,,BinaryNgDeviceOperation
910,0.2448882962174597,SLOW,MatmulDeviceOperation b={32} x 64 x 64 x 64,0,53.856,4.588,4.0,14.602495543672013,2.8520499108734403,0.3115199049316696,2.8168394181466074,HiFi2 BF16 x BF16 => BF16,BFLOAT16,BFLOAT16,BFLOAT16,False,DEV_1_DRAM_INTERLEAVED,1,1,1,929792.0,"If possible place input 0 in L1 (currently in DEV_1_DRAM_INTERLEAVED) • in0_block_w=1 is small, try in0_block_w=2 or above • Output subblock 1x1 is small, try out_subblock_h * out_subblock_w >= 2 if possible • If your matmuls are not FLOP-bound use HiFi4 with BF16 activations for full accuracy",MatmulDeviceOperation
911,0.014724137172475416,,BinaryNgDeviceOperation,0,2.964,0.55,110,,,,,"BF16, BF16 => BF16",BFLOAT16,BFLOAT16,BFLOAT16,False,DEV_1_DRAM_INTERLEAVED,,,,930816.0,,BinaryNgDeviceOperation
912,0.043430757482273104,,BinaryNgDeviceOperation,0,3.811,6.554,110,,,,,"BF16, BF16 => BF16",BFLOAT16,BFLOAT16,BFLOAT16,False,DEV_1_DRAM_INTERLEAVED,,,,931840.0,,BinaryNgDeviceOperation
913,0.13043473706374137,,BinaryNgDeviceOperation,0,2.83,28.299,110,,,,,"BF16, BF16 => BF16",BFLOAT16,BFLOAT16,BFLOAT16,False,DEV_1_DRAM_INTERLEAVED,,,,932864.0,,BinaryNgDeviceOperation
914,0.14010976060706687,,BinaryNgDeviceOperation,0,3.833,29.605,110,,,,,"BF16, BF16 => BF16",BFLOAT16,BFLOAT16,BFLOAT16,False,DEV_1_DRAM_INTERLEAVED,,,,933888.0,,BinaryNgDeviceOperation
915,0.24327090380181493,SLOW,MatmulDeviceOperation b={32} x 64 x 64 x 64,0,53.785,4.273,4.0,14.62177186948034,2.855814818257879,0.3119311332155806,2.8205578451929667,HiFi2 BF16 x BF16 => BF16,BFLOAT16,BFLOAT16,BFLOAT16,False,DEV_1_DRAM_INTERLEAVED,1,1,1,934912.0,"If possible place input 0 in L1 (currently in DEV_1_DRAM_INTERLEAVED) • in0_block_w=1 is small, try in0_block_w=2 or above • Output subblock 1x1 is small, try out_subblock_h * out_subblock_w >= 2 if possible • If your matmuls are not FLOP-bound use HiFi4 with BF16 activations for full accuracy",MatmulDeviceOperation
916,0.014958784776817656,,BinaryNgDeviceOperation,0,3.036,0.534,110,,,,,"BF16, BF16 => BF16",BFLOAT16,BFLOAT16,BFLOAT16,False,DEV_1_DRAM_INTERLEAVED,,,,935936.0,,BinaryNgDeviceOperation
917,0.04850082179038217,,BinaryNgDeviceOperation,0,3.762,7.813,110,,,,,"BF16, BF16 => BF16",BFLOAT16,BFLOAT16,BFLOAT16,False,DEV_1_DRAM_INTERLEAVED,,,,936960.0,,BinaryNgDeviceOperation
918,0.1530069985743063,,BinaryNgDeviceOperation,0,2.759,33.757,110,,,,,"BF16, BF16 => BF16",BFLOAT16,BFLOAT16,BFLOAT16,False,DEV_1_DRAM_INTERLEAVED,,,,937984.0,,BinaryNgDeviceOperation
919,0.16553550459186506,,BinaryNgDeviceOperation,0,3.695,35.811,110,,,,,"BF16, BF16 => BF16",BFLOAT16,BFLOAT16,BFLOAT16,False,DEV_1_DRAM_INTERLEAVED,,,,939008.0,,BinaryNgDeviceOperation
920,0.2553720159686075,SLOW,MatmulDeviceOperation b={32} x 64 x 64 x 64,0,53.827,7.119,4.0,14.61036282906348,2.8535864900514607,0.3116877403533542,2.8183570272113196,HiFi2 BF16 x BF16 => BF16,BFLOAT16,BFLOAT16,BFLOAT16,False,DEV_1_DRAM_INTERLEAVED,1,1,1,940032.0,"If possible place input 0 in L1 (currently in DEV_1_DRAM_INTERLEAVED) • in0_block_w=1 is small, try in0_block_w=2 or above • Output subblock 1x1 is small, try out_subblock_h * out_subblock_w >= 2 if possible • If your matmuls are not FLOP-bound use HiFi4 with BF16 activations for full accuracy",MatmulDeviceOperation
921,0.014623573913471601,,BinaryNgDeviceOperation,0,2.94,0.55,110,,,,,"BF16, BF16 => BF16",BFLOAT16,BFLOAT16,BFLOAT16,False,DEV_1_DRAM_INTERLEAVED,,,,941056.0,,BinaryNgDeviceOperation
922,0.0566506359054831,,BinaryNgDeviceOperation,0,3.772,9.748,110,,,,,"BF16, BF16 => BF16",BFLOAT16,BFLOAT16,BFLOAT16,False,DEV_1_DRAM_INTERLEAVED,,,,942080.0,,BinaryNgDeviceOperation
923,0.12789551477389502,,BinaryNgDeviceOperation,0,2.781,27.742,110,,,,,"BF16, BF16 => BF16",BFLOAT16,BFLOAT16,BFLOAT16,False,DEV_1_DRAM_INTERLEAVED,,,,943104.0,,BinaryNgDeviceOperation
924,0.1387102552525971,,BinaryNgDeviceOperation,0,3.747,29.357,110,,,,,"BF16, BF16 => BF16",BFLOAT16,BFLOAT16,BFLOAT16,False,DEV_1_DRAM_INTERLEAVED,,,,944128.0,,BinaryNgDeviceOperation
925,0.24633808320143136,SLOW,MatmulDeviceOperation b={32} x 64 x 64 x 64,0,53.848,4.942,4.0,14.604664982914871,2.852473629475561,0.3115661863021839,2.8172579056548748,HiFi2 BF16 x BF16 => BF16,BFLOAT16,BFLOAT16,BFLOAT16,False,DEV_1_DRAM_INTERLEAVED,1,1,1,945152.0,"If possible place input 0 in L1 (currently in DEV_1_DRAM_INTERLEAVED) • in0_block_w=1 is small, try in0_block_w=2 or above • Output subblock 1x1 is small, try out_subblock_h * out_subblock_w >= 2 if possible • If your matmuls are not FLOP-bound use HiFi4 with BF16 activations for full accuracy",MatmulDeviceOperation
926,0.014791179345144628,,BinaryNgDeviceOperation,0,2.999,0.531,110,,,,,"BF16, BF16 => BF16",BFLOAT16,BFLOAT16,BFLOAT16,False,DEV_1_DRAM_INTERLEAVED,,,,946176.0,,BinaryNgDeviceOperation
927,0.04556353660031238,,BinaryNgDeviceOperation,0,3.69,7.184,110,,,,,"BF16, BF16 => BF16",BFLOAT16,BFLOAT16,BFLOAT16,False,DEV_1_DRAM_INTERLEAVED,,,,947200.0,,BinaryNgDeviceOperation
928,0.12776562056434843,,BinaryNgDeviceOperation,0,2.819,27.673,110,,,,,"BF16, BF16 => BF16",BFLOAT16,BFLOAT16,BFLOAT16,False,DEV_1_DRAM_INTERLEAVED,,,,948224.0,,BinaryNgDeviceOperation
929,0.1370928628369524,,BinaryNgDeviceOperation,0,3.689,29.029,110,,,,,"BF16, BF16 => BF16",BFLOAT16,BFLOAT16,BFLOAT16,False,DEV_1_DRAM_INTERLEAVED,,,,949248.0,,BinaryNgDeviceOperation
930,0.2532518072579437,SLOW,MatmulDeviceOperation b={32} x 64 x 64 x 64,0,53.846,6.594,4.0,14.605207443449837,2.8525795787987964,0.3115777587935965,2.817362546961774,HiFi2 BF16 x BF16 => BF16,BFLOAT16,BFLOAT16,BFLOAT16,False,DEV_1_DRAM_INTERLEAVED,1,1,1,950272.0,"If possible place input 0 in L1 (currently in DEV_1_DRAM_INTERLEAVED) • in0_block_w=1 is small, try in0_block_w=2 or above • Output subblock 1x1 is small, try out_subblock_h * out_subblock_w >= 2 if possible • If your matmuls are not FLOP-bound use HiFi4 with BF16 activations for full accuracy",MatmulDeviceOperation
931,0.01483727083885471,,BinaryNgDeviceOperation,0,3.014,0.527,110,,,,,"BF16, BF16 => BF16",BFLOAT16,BFLOAT16,BFLOAT16,False,DEV_1_DRAM_INTERLEAVED,,,,951296.0,,BinaryNgDeviceOperation
932,0.05550253869852287,,BinaryNgDeviceOperation,0,3.724,9.522,110,,,,,"BF16, BF16 => BF16",BFLOAT16,BFLOAT16,BFLOAT16,False,DEV_1_DRAM_INTERLEAVED,,,,952320.0,,BinaryNgDeviceOperation
933,0.1272209029114111,,BinaryNgDeviceOperation,0,2.695,27.667,110,,,,,"BF16, BF16 => BF16",BFLOAT16,BFLOAT16,BFLOAT16,False,DEV_1_DRAM_INTERLEAVED,,,,953344.0,,BinaryNgDeviceOperation
934,0.1466966540718168,,BinaryNgDeviceOperation,0,4.214,30.796,110,,,,,"BF16, BF16 => BF16",BFLOAT16,BFLOAT16,BFLOAT16,False,DEV_1_DRAM_INTERLEAVED,,,,954368.0,,BinaryNgDeviceOperation
935,0.2416618916577539,SLOW,MatmulDeviceOperation b={32} x 64 x 64 x 64,0,53.649,4.025,4.0,14.658838002572276,2.863054297377398,0.31272187738820856,2.8277079480270593,HiFi2 BF16 x BF16 => BF16,BFLOAT16,BFLOAT16,BFLOAT16,False,DEV_1_DRAM_INTERLEAVED,1,1,1,955392.0,"If possible place input 0 in L1 (currently in DEV_1_DRAM_INTERLEAVED) • in0_block_w=1 is small, try in0_block_w=2 or above • Output subblock 1x1 is small, try out_subblock_h * out_subblock_w >= 2 if possible • If your matmuls are not FLOP-bound use HiFi4 with BF16 activations for full accuracy",MatmulDeviceOperation
936,0.014774418801977322,,BinaryNgDeviceOperation,0,3.001,0.525,110,,,,,"BF16, BF16 => BF16",BFLOAT16,BFLOAT16,BFLOAT16,False,DEV_1_DRAM_INTERLEAVED,,,,956416.0,,BinaryNgDeviceOperation
937,0.06154890464612732,,BinaryNgDeviceOperation,0,4.073,10.616,110,,,,,"BF16, BF16 => BF16",BFLOAT16,BFLOAT16,BFLOAT16,False,DEV_1_DRAM_INTERLEAVED,,,,957440.0,,BinaryNgDeviceOperation
938,0.12481576496690314,,BinaryNgDeviceOperation,0,2.644,27.144,110,,,,,"BF16, BF16 => BF16",BFLOAT16,BFLOAT16,BFLOAT16,False,DEV_1_DRAM_INTERLEAVED,,,,958464.0,,BinaryNgDeviceOperation
939,0.1381697277354516,,BinaryNgDeviceOperation,0,3.787,29.188,110,,,,,"BF16, BF16 => BF16",BFLOAT16,BFLOAT16,BFLOAT16,False,DEV_1_DRAM_INTERLEAVED,,,,959488.0,,BinaryNgDeviceOperation
940,0.2452444577597649,SLOW,MatmulDeviceOperation b={32} x 64 x 64 x 64,0,53.962,4.567,4.0,14.573811200474408,2.846447500092658,0.31090797227678735,2.8113061729310203,HiFi2 BF16 x BF16 => BF16,BFLOAT16,BFLOAT16,BFLOAT16,False,DEV_1_DRAM_INTERLEAVED,1,1,1,960512.0,"If possible place input 0 in L1 (currently in DEV_1_DRAM_INTERLEAVED) • in0_block_w=1 is small, try in0_block_w=2 or above • Output subblock 1x1 is small, try out_subblock_h * out_subblock_w >= 2 if possible • If your matmuls are not FLOP-bound use HiFi4 with BF16 activations for full accuracy",MatmulDeviceOperation
941,0.014636144320847078,,BinaryNgDeviceOperation,0,2.952,0.541,110,,,,,"BF16, BF16 => BF16",BFLOAT16,BFLOAT16,BFLOAT16,False,DEV_1_DRAM_INTERLEAVED,,,,961536.0,,BinaryNgDeviceOperation
942,0.054291589454685256,,BinaryNgDeviceOperation,0,3.721,9.236,110,,,,,"BF16, BF16 => BF16",BFLOAT16,BFLOAT16,BFLOAT16,False,DEV_1_DRAM_INTERLEAVED,,,,962560.0,,BinaryNgDeviceOperation
943,0.12884667559863947,,BinaryNgDeviceOperation,0,2.649,28.101,110,,,,,"BF16, BF16 => BF16",BFLOAT16,BFLOAT16,BFLOAT16,False,DEV_1_DRAM_INTERLEAVED,,,,963584.0,,BinaryNgDeviceOperation
944,0.13906641679490228,,BinaryNgDeviceOperation,0,3.723,29.466,110,,,,,"BF16, BF16 => BF16",BFLOAT16,BFLOAT16,BFLOAT16,False,DEV_1_DRAM_INTERLEAVED,,,,964608.0,,BinaryNgDeviceOperation
945,0.24586878799274686,SLOW,MatmulDeviceOperation b={32} x 64 x 64 x 64,0,53.877,4.801,4.0,14.59680383094827,2.850938248232084,0.31139848172689644,2.8157414797353915,HiFi2 BF16 x BF16 => BF16,BFLOAT16,BFLOAT16,BFLOAT16,False,DEV_1_DRAM_INTERLEAVED,1,1,1,965632.0,"If possible place input 0 in L1 (currently in DEV_1_DRAM_INTERLEAVED) • in0_block_w=1 is small, try in0_block_w=2 or above • Output subblock 1x1 is small, try out_subblock_h * out_subblock_w >= 2 if possible • If your matmuls are not FLOP-bound use HiFi4 with BF16 activations for full accuracy",MatmulDeviceOperation
946,0.014673855542973508,,BinaryNgDeviceOperation,0,2.973,0.529,110,,,,,"BF16, BF16 => BF16",BFLOAT16,BFLOAT16,BFLOAT16,False,DEV_1_DRAM_INTERLEAVED,,,,966656.0,,BinaryNgDeviceOperation
947,0.04946036288671024,,BinaryNgDeviceOperation,0,3.784,8.02,110,,,,,"BF16, BF16 => BF16",BFLOAT16,BFLOAT16,BFLOAT16,False,DEV_1_DRAM_INTERLEAVED,,,,967680.0,,BinaryNgDeviceOperation
948,0.12813016237823727,,BinaryNgDeviceOperation,0,2.854,27.725,110,,,,,"BF16, BF16 => BF16",BFLOAT16,BFLOAT16,BFLOAT16,False,DEV_1_DRAM_INTERLEAVED,,,,968704.0,,BinaryNgDeviceOperation
949,0.13788479850160743,,BinaryNgDeviceOperation,0,3.817,29.09,110,,,,,"BF16, BF16 => BF16",BFLOAT16,BFLOAT16,BFLOAT16,False,DEV_1_DRAM_INTERLEAVED,,,,969728.0,,BinaryNgDeviceOperation
950,0.2450433312417572,SLOW,MatmulDeviceOperation b={32} x 64 x 64 x 64,0,53.901,4.58,4.0,14.590304447041797,2.849668837312851,0.31125982820355835,2.814487740555902,HiFi2 BF16 x BF16 => BF16,BFLOAT16,BFLOAT16,BFLOAT16,False,DEV_1_DRAM_INTERLEAVED,1,1,1,970752.0,"If possible place input 0 in L1 (currently in DEV_1_DRAM_INTERLEAVED) • in0_block_w=1 is small, try in0_block_w=2 or above • Output subblock 1x1 is small, try out_subblock_h * out_subblock_w >= 2 if possible • If your matmuls are not FLOP-bound use HiFi4 with BF16 activations for full accuracy",MatmulDeviceOperation
951,0.014552341605010562,,BinaryNgDeviceOperation,0,2.931,0.542,110,,,,,"BF16, BF16 => BF16",BFLOAT16,BFLOAT16,BFLOAT16,False,DEV_1_DRAM_INTERLEAVED,,,,971776.0,,BinaryNgDeviceOperation
952,0.05684338215190708,,BinaryNgDeviceOperation,0,3.719,9.847,110,,,,,"BF16, BF16 => BF16",BFLOAT16,BFLOAT16,BFLOAT16,False,DEV_1_DRAM_INTERLEAVED,,,,972800.0,,BinaryNgDeviceOperation
953,0.1278578035517686,,BinaryNgDeviceOperation,0,2.664,27.85,110,,,,,"BF16, BF16 => BF16",BFLOAT16,BFLOAT16,BFLOAT16,False,DEV_1_DRAM_INTERLEAVED,,,,973824.0,,BinaryNgDeviceOperation
954,0.13685821523261016,,BinaryNgDeviceOperation,0,3.701,28.961,110,,,,,"BF16, BF16 => BF16",BFLOAT16,BFLOAT16,BFLOAT16,False,DEV_1_DRAM_INTERLEAVED,,,,974848.0,,BinaryNgDeviceOperation
955,0.2669745019761728,SLOW,MatmulDeviceOperation b={32} x 64 x 64 x 64,0,53.686,10.029,4.0,14.648735238237157,2.8610811012181947,0.31250635174905933,2.825759112314266,HiFi2 BF16 x BF16 => BF16,BFLOAT16,BFLOAT16,BFLOAT16,False,DEV_1_DRAM_INTERLEAVED,1,1,1,975872.0,"If possible place input 0 in L1 (currently in DEV_1_DRAM_INTERLEAVED) • in0_block_w=1 is small, try in0_block_w=2 or above • Output subblock 1x1 is small, try out_subblock_h * out_subblock_w >= 2 if possible • If your matmuls are not FLOP-bound use HiFi4 with BF16 activations for full accuracy",MatmulDeviceOperation
956,0.014891742604148444,,BinaryNgDeviceOperation,0,3.033,0.521,110,,,,,"BF16, BF16 => BF16",BFLOAT16,BFLOAT16,BFLOAT16,False,DEV_1_DRAM_INTERLEAVED,,,,976896.0,,BinaryNgDeviceOperation
957,0.05405275171455119,,BinaryNgDeviceOperation,0,3.738,9.162,110,,,,,"BF16, BF16 => BF16",BFLOAT16,BFLOAT16,BFLOAT16,False,DEV_1_DRAM_INTERLEAVED,,,,977920.0,,BinaryNgDeviceOperation
958,0.12635354480250316,,BinaryNgDeviceOperation,0,2.79,27.365,110,,,,,"BF16, BF16 => BF16",BFLOAT16,BFLOAT16,BFLOAT16,False,DEV_1_DRAM_INTERLEAVED,,,,978944.0,,BinaryNgDeviceOperation
959,0.15255446390878913,,BinaryNgDeviceOperation,0,3.719,32.689,110,,,,,"BF16, BF16 => BF16",BFLOAT16,BFLOAT16,BFLOAT16,False,DEV_1_DRAM_INTERLEAVED,,,,979968.0,,BinaryNgDeviceOperation
960,0.24774177869169295,SLOW,MatmulDeviceOperation b={32} x 64 x 64 x 64,0,53.753,5.372,4.0,14.630476438524362,2.857514929399289,0.31211683068851964,2.8222369673079397,HiFi2 BF16 x BF16 => BF16,BFLOAT16,BFLOAT16,BFLOAT16,False,DEV_1_DRAM_INTERLEAVED,1,1,1,980992.0,"If possible place input 0 in L1 (currently in DEV_1_DRAM_INTERLEAVED) • in0_block_w=1 is small, try in0_block_w=2 or above • Output subblock 1x1 is small, try out_subblock_h * out_subblock_w >= 2 if possible • If your matmuls are not FLOP-bound use HiFi4 with BF16 activations for full accuracy",MatmulDeviceOperation
961,0.014786989209352803,,BinaryNgDeviceOperation,0,2.999,0.53,110,,,,,"BF16, BF16 => BF16",BFLOAT16,BFLOAT16,BFLOAT16,False,DEV_1_DRAM_INTERLEAVED,,,,982016.0,,BinaryNgDeviceOperation
962,0.04479674175040828,,BinaryNgDeviceOperation,0,3.669,7.022,110,,,,,"BF16, BF16 => BF16",BFLOAT16,BFLOAT16,BFLOAT16,False,DEV_1_DRAM_INTERLEAVED,,,,983040.0,,BinaryNgDeviceOperation
963,0.1313356162589839,,BinaryNgDeviceOperation,0,2.647,28.697,110,,,,,"BF16, BF16 => BF16",BFLOAT16,BFLOAT16,BFLOAT16,False,DEV_1_DRAM_INTERLEAVED,,,,984064.0,,BinaryNgDeviceOperation
964,0.14624411940629967,,BinaryNgDeviceOperation,0,3.789,31.113,110,,,,,"BF16, BF16 => BF16",BFLOAT16,BFLOAT16,BFLOAT16,False,DEV_1_DRAM_INTERLEAVED,,,,985088.0,,BinaryNgDeviceOperation
965,0.24248315827295172,SLOW,MatmulDeviceOperation b={32} x 64 x 64 x 64,0,53.601,4.269,4.0,14.671965075278445,2.865618178765321,0.3130019216059402,2.830240176558342,HiFi2 BF16 x BF16 => BF16,BFLOAT16,BFLOAT16,BFLOAT16,False,DEV_1_DRAM_INTERLEAVED,1,1,1,986112.0,"If possible place input 0 in L1 (currently in DEV_1_DRAM_INTERLEAVED) • in0_block_w=1 is small, try in0_block_w=2 or above • Output subblock 1x1 is small, try out_subblock_h * out_subblock_w >= 2 if possible • If your matmuls are not FLOP-bound use HiFi4 with BF16 activations for full accuracy",MatmulDeviceOperation
966,0.014627764049263425,,BinaryNgDeviceOperation,0,2.965,0.526,110,,,,,"BF16, BF16 => BF16",BFLOAT16,BFLOAT16,BFLOAT16,False,DEV_1_DRAM_INTERLEAVED,,,,987136.0,,BinaryNgDeviceOperation
967,0.05120764951190156,,BinaryNgDeviceOperation,0,3.767,8.454,110,,,,,"BF16, BF16 => BF16",BFLOAT16,BFLOAT16,BFLOAT16,False,DEV_1_DRAM_INTERLEAVED,,,,988160.0,,BinaryNgDeviceOperation
968,0.13111353906201717,,BinaryNgDeviceOperation,0,2.616,28.675,110,,,,,"BF16, BF16 => BF16",BFLOAT16,BFLOAT16,BFLOAT16,False,DEV_1_DRAM_INTERLEAVED,,,,989184.0,,BinaryNgDeviceOperation
969,0.1375495876382614,,BinaryNgDeviceOperation,0,3.758,29.069,110,,,,,"BF16, BF16 => BF16",BFLOAT16,BFLOAT16,BFLOAT16,False,DEV_1_DRAM_INTERLEAVED,,,,990208.0,,BinaryNgDeviceOperation
970,0.24692051207649512,SLOW,MatmulDeviceOperation b={32} x 64 x 64 x 64,0,53.901,5.028,4.0,14.590304447041797,2.849668837312851,0.31125982820355835,2.814487740555902,HiFi2 BF16 x BF16 => BF16,BFLOAT16,BFLOAT16,BFLOAT16,False,DEV_1_DRAM_INTERLEAVED,1,1,1,991232.0,"If possible place input 0 in L1 (currently in DEV_1_DRAM_INTERLEAVED) • in0_block_w=1 is small, try in0_block_w=2 or above • Output subblock 1x1 is small, try out_subblock_h * out_subblock_w >= 2 if possible • If your matmuls are not FLOP-bound use HiFi4 with BF16 activations for full accuracy",MatmulDeviceOperation
971,0.014652904864014379,,BinaryNgDeviceOperation,0,2.967,0.53,110,,,,,"BF16, BF16 => BF16",BFLOAT16,BFLOAT16,BFLOAT16,False,DEV_1_DRAM_INTERLEAVED,,,,992256.0,,BinaryNgDeviceOperation
972,0.05535169381001715,,BinaryNgDeviceOperation,0,3.714,9.496,110,,,,,"BF16, BF16 => BF16",BFLOAT16,BFLOAT16,BFLOAT16,False,DEV_1_DRAM_INTERLEAVED,,,,993280.0,,BinaryNgDeviceOperation
973,0.1281678736003637,,BinaryNgDeviceOperation,0,2.783,27.805,110,,,,,"BF16, BF16 => BF16",BFLOAT16,BFLOAT16,BFLOAT16,False,DEV_1_DRAM_INTERLEAVED,,,,994304.0,,BinaryNgDeviceOperation
974,0.13805659406907228,,BinaryNgDeviceOperation,0,3.75,29.198,110,,,,,"BF16, BF16 => BF16",BFLOAT16,BFLOAT16,BFLOAT16,False,DEV_1_DRAM_INTERLEAVED,,,,995328.0,,BinaryNgDeviceOperation
975,0.24517741558709566,SLOW,MatmulDeviceOperation b={32} x 64 x 64 x 64,0,53.911,4.602,4.0,14.587598078314256,2.849140249670753,0.3112020923373708,2.813965678687164,HiFi2 BF16 x BF16 => BF16,BFLOAT16,BFLOAT16,BFLOAT16,False,DEV_1_DRAM_INTERLEAVED,1,1,1,996352.0,"If possible place input 0 in L1 (currently in DEV_1_DRAM_INTERLEAVED) • in0_block_w=1 is small, try in0_block_w=2 or above • Output subblock 1x1 is small, try out_subblock_h * out_subblock_w >= 2 if possible • If your matmuls are not FLOP-bound use HiFi4 with BF16 activations for full accuracy",MatmulDeviceOperation
976,0.014514630382884135,,BinaryNgDeviceOperation,0,2.938,0.526,110,,,,,"BF16, BF16 => BF16",BFLOAT16,BFLOAT16,BFLOAT16,False,DEV_1_DRAM_INTERLEAVED,,,,997376.0,,BinaryNgDeviceOperation
977,0.05269095758220784,,BinaryNgDeviceOperation,0,3.726,8.849,110,,,,,"BF16, BF16 => BF16",BFLOAT16,BFLOAT16,BFLOAT16,False,DEV_1_DRAM_INTERLEAVED,,,,998400.0,,BinaryNgDeviceOperation
978,0.13091660267980132,,BinaryNgDeviceOperation,0,2.712,28.532,110,,,,,"BF16, BF16 => BF16",BFLOAT16,BFLOAT16,BFLOAT16,False,DEV_1_DRAM_INTERLEAVED,,,,999424.0,,BinaryNgDeviceOperation
979,0.17972330438298678,,BinaryNgDeviceOperation,0,4.193,38.699,110,,,,,"BF16, BF16 => BF16",BFLOAT16,BFLOAT16,BFLOAT16,False,DEV_1_DRAM_INTERLEAVED,,,,1000448.0,,BinaryNgDeviceOperation
980,0.25945739836563747,SLOW,MatmulDeviceOperation b={32} x 64 x 64 x 64,0,53.846,8.075,4.0,14.605207443449837,2.8525795787987964,0.3115777587935965,2.817362546961774,HiFi2 BF16 x BF16 => BF16,BFLOAT16,BFLOAT16,BFLOAT16,False,DEV_1_DRAM_INTERLEAVED,1,1,1,1001472.0,"If possible place input 0 in L1 (currently in DEV_1_DRAM_INTERLEAVED) • in0_block_w=1 is small, try in0_block_w=2 or above • Output subblock 1x1 is small, try out_subblock_h * out_subblock_w >= 2 if possible • If your matmuls are not FLOP-bound use HiFi4 with BF16 activations for full accuracy",MatmulDeviceOperation
981,0.014602623234512472,,BinaryNgDeviceOperation,0,2.965,0.52,110,,,,,"BF16, BF16 => BF16",BFLOAT16,BFLOAT16,BFLOAT16,False,DEV_1_DRAM_INTERLEAVED,,,,1002496.0,,BinaryNgDeviceOperation
982,0.05973876598405864,,BinaryNgDeviceOperation,0,4.281,9.976,110,,,,,"BF16, BF16 => BF16",BFLOAT16,BFLOAT16,BFLOAT16,False,DEV_1_DRAM_INTERLEAVED,,,,1003520.0,,BinaryNgDeviceOperation
983,0.12641220670358874,,BinaryNgDeviceOperation,0,2.845,27.324,110,,,,,"BF16, BF16 => BF16",BFLOAT16,BFLOAT16,BFLOAT16,False,DEV_1_DRAM_INTERLEAVED,,,,1004544.0,,BinaryNgDeviceOperation
984,0.14660866122018848,,BinaryNgDeviceOperation,0,3.765,31.224,110,,,,,"BF16, BF16 => BF16",BFLOAT16,BFLOAT16,BFLOAT16,False,DEV_1_DRAM_INTERLEAVED,,,,1005568.0,,BinaryNgDeviceOperation
985,0.2478884334444068,SLOW,MatmulDeviceOperation b={32} x 64 x 64 x 64,0,53.97,5.19,4.0,14.571650917176207,2.846025569760978,0.3108618862330924,2.8108894516157807,HiFi2 BF16 x BF16 => BF16,BFLOAT16,BFLOAT16,BFLOAT16,False,DEV_1_DRAM_INTERLEAVED,1,1,1,1006592.0,"If possible place input 0 in L1 (currently in DEV_1_DRAM_INTERLEAVED) • in0_block_w=1 is small, try in0_block_w=2 or above • Output subblock 1x1 is small, try out_subblock_h * out_subblock_w >= 2 if possible • If your matmuls are not FLOP-bound use HiFi4 with BF16 activations for full accuracy",MatmulDeviceOperation
986,0.015801002070974613,,BinaryNgDeviceOperation,0,3.245,0.526,110,,,,,"BF16, BF16 => BF16",BFLOAT16,BFLOAT16,BFLOAT16,False,DEV_1_DRAM_INTERLEAVED,,,,1007616.0,,BinaryNgDeviceOperation
987,0.052523352150534816,,BinaryNgDeviceOperation,0,3.705,8.83,110,,,,,"BF16, BF16 => BF16",BFLOAT16,BFLOAT16,BFLOAT16,False,DEV_1_DRAM_INTERLEAVED,,,,1008640.0,,BinaryNgDeviceOperation
988,0.13649786355451315,,BinaryNgDeviceOperation,0,2.615,29.961,110,,,,,"BF16, BF16 => BF16",BFLOAT16,BFLOAT16,BFLOAT16,False,DEV_1_DRAM_INTERLEAVED,,,,1009664.0,,BinaryNgDeviceOperation
989,0.14334454543835629,,BinaryNgDeviceOperation,0,3.894,30.316,110,,,,,"BF16, BF16 => BF16",BFLOAT16,BFLOAT16,BFLOAT16,False,DEV_1_DRAM_INTERLEAVED,,,,1010688.0,,BinaryNgDeviceOperation
990,0.2836470522918471,SLOW,MatmulDeviceOperation b={32} x 64 x 64 x 64,0,53.784,13.91,4.0,14.622043730477465,2.85586791610888,0.31193693291685254,2.8206102875149424,HiFi2 BF16 x BF16 => BF16,BFLOAT16,BFLOAT16,BFLOAT16,False,DEV_1_DRAM_INTERLEAVED,1,1,1,1011712.0,"If possible place input 0 in L1 (currently in DEV_1_DRAM_INTERLEAVED) • in0_block_w=1 is small, try in0_block_w=2 or above • Output subblock 1x1 is small, try out_subblock_h * out_subblock_w >= 2 if possible • If your matmuls are not FLOP-bound use HiFi4 with BF16 activations for full accuracy",MatmulDeviceOperation
991,0.014606813370304297,,BinaryNgDeviceOperation,0,2.965,0.521,110,,,,,"BF16, BF16 => BF16",BFLOAT16,BFLOAT16,BFLOAT16,False,DEV_1_DRAM_INTERLEAVED,,,,1012736.0,,BinaryNgDeviceOperation
992,0.0578406344703616,,BinaryNgDeviceOperation,0,3.839,9.965,110,,,,,"BF16, BF16 => BF16",BFLOAT16,BFLOAT16,BFLOAT16,False,DEV_1_DRAM_INTERLEAVED,,,,1013760.0,,BinaryNgDeviceOperation
993,0.13524082281696542,,BinaryNgDeviceOperation,0,2.879,29.397,110,,,,,"BF16, BF16 => BF16",BFLOAT16,BFLOAT16,BFLOAT16,False,DEV_1_DRAM_INTERLEAVED,,,,1014784.0,,BinaryNgDeviceOperation
994,0.1408011330127181,,BinaryNgDeviceOperation,0,3.708,29.895,110,,,,,"BF16, BF16 => BF16",BFLOAT16,BFLOAT16,BFLOAT16,False,DEV_1_DRAM_INTERLEAVED,,,,1015808.0,,BinaryNgDeviceOperation
995,0.24892758712077961,SLOW,MatmulDeviceOperation b={32} x 64 x 64 x 64,0,53.784,5.624,4.0,14.622043730477465,2.85586791610888,0.31193693291685254,2.8206102875149424,HiFi2 BF16 x BF16 => BF16,BFLOAT16,BFLOAT16,BFLOAT16,False,DEV_1_DRAM_INTERLEAVED,1,1,1,1016832.0,"If possible place input 0 in L1 (currently in DEV_1_DRAM_INTERLEAVED) • in0_block_w=1 is small, try in0_block_w=2 or above • Output subblock 1x1 is small, try out_subblock_h * out_subblock_w >= 2 if possible • If your matmuls are not FLOP-bound use HiFi4 with BF16 activations for full accuracy",MatmulDeviceOperation
996,0.014824700431479234,,BinaryNgDeviceOperation,0,3.019,0.519,110,,,,,"BF16, BF16 => BF16",BFLOAT16,BFLOAT16,BFLOAT16,False,DEV_1_DRAM_INTERLEAVED,,,,1017856.0,,BinaryNgDeviceOperation
997,0.04889888469060561,,BinaryNgDeviceOperation,0,3.696,7.974,110,,,,,"BF16, BF16 => BF16",BFLOAT16,BFLOAT16,BFLOAT16,False,DEV_1_DRAM_INTERLEAVED,,,,1018880.0,,BinaryNgDeviceOperation
998,0.1250378421638699,,BinaryNgDeviceOperation,0,2.784,27.057,110,,,,,"BF16, BF16 => BF16",BFLOAT16,BFLOAT16,BFLOAT16,False,DEV_1_DRAM_INTERLEAVED,,,,1019904.0,,BinaryNgDeviceOperation
999,0.14408200933771761,,BinaryNgDeviceOperation,0,3.77,30.616,110,,,,,"BF16, BF16 => BF16",BFLOAT16,BFLOAT16,BFLOAT16,False,DEV_1_DRAM_INTERLEAVED,,,,1020928.0,,BinaryNgDeviceOperation
1000,0.2534738844549105,SLOW,MatmulDeviceOperation b={32} x 64 x 64 x 64,0,53.864,6.629,4.0,14.600326748848952,2.851626318134561,0.31147363730877764,2.8164210549477144,HiFi2 BF16 x BF16 => BF16,BFLOAT16,BFLOAT16,BFLOAT16,False,DEV_1_DRAM_INTERLEAVED,1,1,1,1021952.0,"If possible place input 0 in L1 (currently in DEV_1_DRAM_INTERLEAVED) • in0_block_w=1 is small, try in0_block_w=2 or above • Output subblock 1x1 is small, try out_subblock_h * out_subblock_w >= 2 if possible • If your matmuls are not FLOP-bound use HiFi4 with BF16 activations for full accuracy",MatmulDeviceOperation
1001,0.014455968481798573,,BinaryNgDeviceOperation,0,2.927,0.523,110,,,,,"BF16, BF16 => BF16",BFLOAT16,BFLOAT16,BFLOAT16,False,DEV_1_DRAM_INTERLEAVED,,,,1022976.0,,BinaryNgDeviceOperation
1002,0.0491586731096988,,BinaryNgDeviceOperation,0,3.769,7.963,110,,,,,"BF16, BF16 => BF16",BFLOAT16,BFLOAT16,BFLOAT16,False,DEV_1_DRAM_INTERLEAVED,,,,1024000.0,,BinaryNgDeviceOperation
1003,0.1327183610702864,,BinaryNgDeviceOperation,0,2.664,29.01,110,,,,,"BF16, BF16 => BF16",BFLOAT16,BFLOAT16,BFLOAT16,False,DEV_1_DRAM_INTERLEAVED,,,,1025024.0,,BinaryNgDeviceOperation
1004,0.14374260833857974,,BinaryNgDeviceOperation,0,4.041,30.264,110,,,,,"BF16, BF16 => BF16",BFLOAT16,BFLOAT16,BFLOAT16,False,DEV_1_DRAM_INTERLEAVED,,,,1026048.0,,BinaryNgDeviceOperation
1005,0.24415502245389015,SLOW,MatmulDeviceOperation b={32} x 64 x 64 x 64,0,53.732,4.537,4.0,14.636194446512318,2.858631727834437,0.31223881485892946,2.823339978108086,HiFi2 BF16 x BF16 => BF16,BFLOAT16,BFLOAT16,BFLOAT16,False,DEV_1_DRAM_INTERLEAVED,1,1,1,1027072.0,"If possible place input 0 in L1 (currently in DEV_1_DRAM_INTERLEAVED) • in0_block_w=1 is small, try in0_block_w=2 or above • Output subblock 1x1 is small, try out_subblock_h * out_subblock_w >= 2 if possible • If your matmuls are not FLOP-bound use HiFi4 with BF16 activations for full accuracy",MatmulDeviceOperation
1006,0.014573292283969691,,BinaryNgDeviceOperation,0,2.959,0.519,110,,,,,"BF16, BF16 => BF16",BFLOAT16,BFLOAT16,BFLOAT16,False,DEV_1_DRAM_INTERLEAVED,,,,1028096.0,,BinaryNgDeviceOperation
1007,0.05122441005506886,,BinaryNgDeviceOperation,0,3.946,8.279,110,,,,,"BF16, BF16 => BF16",BFLOAT16,BFLOAT16,BFLOAT16,False,DEV_1_DRAM_INTERLEAVED,,,,1029120.0,,BinaryNgDeviceOperation
1008,0.12527667990400398,,BinaryNgDeviceOperation,0,2.647,27.251,110,,,,,"BF16, BF16 => BF16",BFLOAT16,BFLOAT16,BFLOAT16,False,DEV_1_DRAM_INTERLEAVED,,,,1030144.0,,BinaryNgDeviceOperation
1009,0.1372897992191682,,BinaryNgDeviceOperation,0,3.672,29.093,110,,,,,"BF16, BF16 => BF16",BFLOAT16,BFLOAT16,BFLOAT16,False,DEV_1_DRAM_INTERLEAVED,,,,1031168.0,,BinaryNgDeviceOperation
1010,0.24522769721659754,SLOW,MatmulDeviceOperation b={32} x 64 x 64 x 64,0,53.766,4.759,4.0,14.626938957705612,2.856824015176877,0.312041364431053,2.821554582890743,HiFi2 BF16 x BF16 => BF16,BFLOAT16,BFLOAT16,BFLOAT16,False,DEV_1_DRAM_INTERLEAVED,1,1,1,1032192.0,"If possible place input 0 in L1 (currently in DEV_1_DRAM_INTERLEAVED) • in0_block_w=1 is small, try in0_block_w=2 or above • Output subblock 1x1 is small, try out_subblock_h * out_subblock_w >= 2 if possible • If your matmuls are not FLOP-bound use HiFi4 with BF16 activations for full accuracy",MatmulDeviceOperation
1011,0.014464348753382225,,BinaryNgDeviceOperation,0,2.925,0.527,110,,,,,"BF16, BF16 => BF16",BFLOAT16,BFLOAT16,BFLOAT16,False,DEV_1_DRAM_INTERLEAVED,,,,1033216.0,,BinaryNgDeviceOperation
1012,0.05087243864855549,,BinaryNgDeviceOperation,0,3.771,8.37,110,,,,,"BF16, BF16 => BF16",BFLOAT16,BFLOAT16,BFLOAT16,False,DEV_1_DRAM_INTERLEAVED,,,,1034240.0,,BinaryNgDeviceOperation
1013,0.12872935179646833,,BinaryNgDeviceOperation,0,2.732,27.99,110,,,,,"BF16, BF16 => BF16",BFLOAT16,BFLOAT16,BFLOAT16,False,DEV_1_DRAM_INTERLEAVED,,,,1035264.0,,BinaryNgDeviceOperation
1014,0.13555927313714417,,BinaryNgDeviceOperation,0,3.704,28.648,110,,,,,"BF16, BF16 => BF16",BFLOAT16,BFLOAT16,BFLOAT16,False,DEV_1_DRAM_INTERLEAVED,,,,1036288.0,,BinaryNgDeviceOperation
1015,0.24573889378320027,SLOW,MatmulDeviceOperation b={32} x 64 x 64 x 64,0,53.881,4.766,4.0,14.595720198214584,2.850726601213786,0.31137536422857776,2.815532445643245,HiFi2 BF16 x BF16 => BF16,BFLOAT16,BFLOAT16,BFLOAT16,False,DEV_1_DRAM_INTERLEAVED,1,1,1,1037312.0,"If possible place input 0 in L1 (currently in DEV_1_DRAM_INTERLEAVED) • in0_block_w=1 is small, try in0_block_w=2 or above • Output subblock 1x1 is small, try out_subblock_h * out_subblock_w >= 2 if possible • If your matmuls are not FLOP-bound use HiFi4 with BF16 activations for full accuracy",MatmulDeviceOperation
1016,0.014548151469218737,,BinaryNgDeviceOperation,0,2.941,0.531,110,,,,,"BF16, BF16 => BF16",BFLOAT16,BFLOAT16,BFLOAT16,False,DEV_1_DRAM_INTERLEAVED,,,,1038336.0,,BinaryNgDeviceOperation
1017,0.06790534064232687,,BinaryNgDeviceOperation,0,3.653,12.553,110,,,,,"BF16, BF16 => BF16",BFLOAT16,BFLOAT16,BFLOAT16,False,DEV_1_DRAM_INTERLEAVED,,,,1039360.0,,BinaryNgDeviceOperation
1018,0.12667199512268196,,BinaryNgDeviceOperation,0,2.692,27.539,110,,,,,"BF16, BF16 => BF16",BFLOAT16,BFLOAT16,BFLOAT16,False,DEV_1_DRAM_INTERLEAVED,,,,1040384.0,,BinaryNgDeviceOperation
1019,0.14593404935770457,,BinaryNgDeviceOperation,0,3.872,30.956,110,,,,,"BF16, BF16 => BF16",BFLOAT16,BFLOAT16,BFLOAT16,False,DEV_1_DRAM_INTERLEAVED,,,,1041408.0,,BinaryNgDeviceOperation
1020,0.24631713252247223,SLOW,MatmulDeviceOperation b={32} x 64 x 64 x 64,0,53.859,4.926,4.0,14.601682170110845,2.851891048849774,0.3115025529623647,2.8166825173824934,HiFi2 BF16 x BF16 => BF16,BFLOAT16,BFLOAT16,BFLOAT16,False,DEV_1_DRAM_INTERLEAVED,1,1,1,1042432.0,"If possible place input 0 in L1 (currently in DEV_1_DRAM_INTERLEAVED) • in0_block_w=1 is small, try in0_block_w=2 or above • Output subblock 1x1 is small, try out_subblock_h * out_subblock_w >= 2 if possible • If your matmuls are not FLOP-bound use HiFi4 with BF16 activations for full accuracy",MatmulDeviceOperation
1021,0.014954594641025828,,BinaryNgDeviceOperation,0,3.036,0.533,110,,,,,"BF16, BF16 => BF16",BFLOAT16,BFLOAT16,BFLOAT16,False,DEV_1_DRAM_INTERLEAVED,,,,1043456.0,,BinaryNgDeviceOperation
1022,0.051220219919277034,,BinaryNgDeviceOperation,0,4.097,8.127,110,,,,,"BF16, BF16 => BF16",BFLOAT16,BFLOAT16,BFLOAT16,False,DEV_1_DRAM_INTERLEAVED,,,,1044480.0,,BinaryNgDeviceOperation
1023,0.12383527319161594,,BinaryNgDeviceOperation,0,2.775,26.779,110,,,,,"BF16, BF16 => BF16",BFLOAT16,BFLOAT16,BFLOAT16,False,DEV_1_DRAM_INTERLEAVED,,,,1045504.0,,BinaryNgDeviceOperation
1024,0.14295067267392467,,BinaryNgDeviceOperation,0,3.695,30.421,110,,,,,"BF16, BF16 => BF16",BFLOAT16,BFLOAT16,BFLOAT16,False,DEV_1_DRAM_INTERLEAVED,,,,1046528.0,,BinaryNgDeviceOperation
1025,0.24545396454935614,SLOW,MatmulDeviceOperation b={32} x 64 x 64 x 64,0,53.799,4.78,4.0,14.617966876707744,2.8550716556069813,0.3118499600364319,2.8198238573896113,HiFi2 BF16 x BF16 => BF16,BFLOAT16,BFLOAT16,BFLOAT16,False,DEV_1_DRAM_INTERLEAVED,1,1,1,1047552.0,"If possible place input 0 in L1 (currently in DEV_1_DRAM_INTERLEAVED) • in0_block_w=1 is small, try in0_block_w=2 or above • Output subblock 1x1 is small, try out_subblock_h * out_subblock_w >= 2 if possible • If your matmuls are not FLOP-bound use HiFi4 with BF16 activations for full accuracy",MatmulDeviceOperation
1026,0.01515572115903346,,BinaryNgDeviceOperation,0,3.093,0.524,110,,,,,"BF16, BF16 => BF16",BFLOAT16,BFLOAT16,BFLOAT16,False,DEV_1_DRAM_INTERLEAVED,,,,1048576.0,,BinaryNgDeviceOperation
1027,0.08666038844653857,,BinaryNgDeviceOperation,0,3.759,16.923,110,,,,,"BF16, BF16 => BF16",BFLOAT16,BFLOAT16,BFLOAT16,False,DEV_1_DRAM_INTERLEAVED,,,,1049600.0,,BinaryNgDeviceOperation
1028,0.13038445543423946,,BinaryNgDeviceOperation,0,2.673,28.444,110,,,,,"BF16, BF16 => BF16",BFLOAT16,BFLOAT16,BFLOAT16,False,DEV_1_DRAM_INTERLEAVED,,,,1050624.0,,BinaryNgDeviceOperation
1029,0.14005947897756496,,BinaryNgDeviceOperation,0,3.842,29.584,110,,,,,"BF16, BF16 => BF16",BFLOAT16,BFLOAT16,BFLOAT16,False,DEV_1_DRAM_INTERLEAVED,,,,1051648.0,,BinaryNgDeviceOperation
1030,0.24951420613163522,SLOW,MatmulDeviceOperation b={32} x 64 x 64 x 64,0,54.321,5.227,4.0,14.477494891478434,2.8276357209918817,0.3088532243515399,2.792726638016673,HiFi2 BF16 x BF16 => BF16,BFLOAT16,BFLOAT16,BFLOAT16,False,DEV_1_DRAM_INTERLEAVED,1,1,1,1052672.0,"If possible place input 0 in L1 (currently in DEV_1_DRAM_INTERLEAVED) • in0_block_w=1 is small, try in0_block_w=2 or above • Output subblock 1x1 is small, try out_subblock_h * out_subblock_w >= 2 if possible • If your matmuls are not FLOP-bound use HiFi4 with BF16 activations for full accuracy",MatmulDeviceOperation
1031,0.014736707579850893,,BinaryNgDeviceOperation,0,2.976,0.541,110,,,,,"BF16, BF16 => BF16",BFLOAT16,BFLOAT16,BFLOAT16,False,DEV_1_DRAM_INTERLEAVED,,,,1053696.0,,BinaryNgDeviceOperation
1032,0.0627556637541731,,BinaryNgDeviceOperation,0,3.969,11.008,110,,,,,"BF16, BF16 => BF16",BFLOAT16,BFLOAT16,BFLOAT16,False,DEV_1_DRAM_INTERLEAVED,,,,1054720.0,,BinaryNgDeviceOperation
1033,0.1253814332987996,,BinaryNgDeviceOperation,0,2.682,27.241,110,,,,,"BF16, BF16 => BF16",BFLOAT16,BFLOAT16,BFLOAT16,False,DEV_1_DRAM_INTERLEAVED,,,,1055744.0,,BinaryNgDeviceOperation
1034,0.14225511013248163,,BinaryNgDeviceOperation,0,3.991,29.959,110,,,,,"BF16, BF16 => BF16",BFLOAT16,BFLOAT16,BFLOAT16,False,DEV_1_DRAM_INTERLEAVED,,,,1056768.0,,BinaryNgDeviceOperation
1035,0.24530730979664223,SLOW,MatmulDeviceOperation b={32} x 64 x 64 x 64,0,53.721,4.823,4.0,14.639191377673534,2.859217065951862,0.31230274939036873,2.8239180898289993,HiFi2 BF16 x BF16 => BF16,BFLOAT16,BFLOAT16,BFLOAT16,False,DEV_1_DRAM_INTERLEAVED,1,1,1,1057792.0,"If possible place input 0 in L1 (currently in DEV_1_DRAM_INTERLEAVED) • in0_block_w=1 is small, try in0_block_w=2 or above • Output subblock 1x1 is small, try out_subblock_h * out_subblock_w >= 2 if possible • If your matmuls are not FLOP-bound use HiFi4 with BF16 activations for full accuracy",MatmulDeviceOperation
1036,0.014430827667047619,,BinaryNgDeviceOperation,0,2.925,0.519,110,,,,,"BF16, BF16 => BF16",BFLOAT16,BFLOAT16,BFLOAT16,False,DEV_1_DRAM_INTERLEAVED,,,,1058816.0,,BinaryNgDeviceOperation
1037,0.06056841287084011,,BinaryNgDeviceOperation,0,3.865,10.59,110,,,,,"BF16, BF16 => BF16",BFLOAT16,BFLOAT16,BFLOAT16,False,DEV_1_DRAM_INTERLEAVED,,,,1059840.0,,BinaryNgDeviceOperation
1038,0.12548199655780343,,BinaryNgDeviceOperation,0,2.628,27.319,110,,,,,"BF16, BF16 => BF16",BFLOAT16,BFLOAT16,BFLOAT16,False,DEV_1_DRAM_INTERLEAVED,,,,1060864.0,,BinaryNgDeviceOperation
1039,0.14461834671907128,,BinaryNgDeviceOperation,0,3.726,30.788,110,,,,,"BF16, BF16 => BF16",BFLOAT16,BFLOAT16,BFLOAT16,False,DEV_1_DRAM_INTERLEAVED,,,,1061888.0,,BinaryNgDeviceOperation
1040,0.24724315253246568,SLOW,MatmulDeviceOperation b={32} x 64 x 64 x 64,0,53.81,5.196,4.0,14.61497862850771,2.8544880133804122,0.31178621074149787,2.81924742062263,HiFi2 BF16 x BF16 => BF16,BFLOAT16,BFLOAT16,BFLOAT16,False,DEV_1_DRAM_INTERLEAVED,1,1,1,1062912.0,"If possible place input 0 in L1 (currently in DEV_1_DRAM_INTERLEAVED) • in0_block_w=1 is small, try in0_block_w=2 or above • Output subblock 1x1 is small, try out_subblock_h * out_subblock_w >= 2 if possible • If your matmuls are not FLOP-bound use HiFi4 with BF16 activations for full accuracy",MatmulDeviceOperation
1041,0.014510440247092308,,BinaryNgDeviceOperation,0,2.933,0.53,110,,,,,"BF16, BF16 => BF16",BFLOAT16,BFLOAT16,BFLOAT16,False,DEV_1_DRAM_INTERLEAVED,,,,1063936.0,,BinaryNgDeviceOperation
1042,0.04672001407885625,,BinaryNgDeviceOperation,0,3.715,7.435,110,,,,,"BF16, BF16 => BF16",BFLOAT16,BFLOAT16,BFLOAT16,False,DEV_1_DRAM_INTERLEAVED,,,,1064960.0,,BinaryNgDeviceOperation
1043,0.13307033247679972,,BinaryNgDeviceOperation,0,2.668,29.09,110,,,,,"BF16, BF16 => BF16",BFLOAT16,BFLOAT16,BFLOAT16,False,DEV_1_DRAM_INTERLEAVED,,,,1065984.0,,BinaryNgDeviceOperation
1044,0.1416140193563323,,BinaryNgDeviceOperation,0,3.956,29.841,110,,,,,"BF16, BF16 => BF16",BFLOAT16,BFLOAT16,BFLOAT16,False,DEV_1_DRAM_INTERLEAVED,,,,1067008.0,,BinaryNgDeviceOperation
1045,0.2515925134843807,SLOW,MatmulDeviceOperation b={32} x 64 x 64 x 64,0,53.736,6.308,4.0,14.635104957570343,2.8584189370254576,0.3122155724281673,2.8231298143461308,HiFi2 BF16 x BF16 => BF16,BFLOAT16,BFLOAT16,BFLOAT16,False,DEV_1_DRAM_INTERLEAVED,1,1,1,1068032.0,"If possible place input 0 in L1 (currently in DEV_1_DRAM_INTERLEAVED) • in0_block_w=1 is small, try in0_block_w=2 or above • Output subblock 1x1 is small, try out_subblock_h * out_subblock_w >= 2 if possible • If your matmuls are not FLOP-bound use HiFi4 with BF16 activations for full accuracy",MatmulDeviceOperation
1046,0.014569102148177866,,BinaryNgDeviceOperation,0,2.936,0.541,110,,,,,"BF16, BF16 => BF16",BFLOAT16,BFLOAT16,BFLOAT16,False,DEV_1_DRAM_INTERLEAVED,,,,1069056.0,,BinaryNgDeviceOperation
1047,0.06234922058236602,,BinaryNgDeviceOperation,0,3.941,10.939,110,,,,,"BF16, BF16 => BF16",BFLOAT16,BFLOAT16,BFLOAT16,False,DEV_1_DRAM_INTERLEAVED,,,,1070080.0,,BinaryNgDeviceOperation
1048,0.14184866696067452,,BinaryNgDeviceOperation,0,2.901,30.952,110,,,,,"BF16, BF16 => BF16",BFLOAT16,BFLOAT16,BFLOAT16,False,DEV_1_DRAM_INTERLEAVED,,,,1071104.0,,BinaryNgDeviceOperation
1049,0.1411112030613132,,BinaryNgDeviceOperation,0,3.774,29.903,110,,,,,"BF16, BF16 => BF16",BFLOAT16,BFLOAT16,BFLOAT16,False,DEV_1_DRAM_INTERLEAVED,,,,1072128.0,,BinaryNgDeviceOperation
1050,0.25090533121452135,SLOW,MatmulDeviceOperation b={32} x 64 x 64 x 64,0,53.686,6.194,4.0,14.648735238237157,2.8610811012181947,0.31250635174905933,2.825759112314266,HiFi2 BF16 x BF16 => BF16,BFLOAT16,BFLOAT16,BFLOAT16,False,DEV_1_DRAM_INTERLEAVED,1,1,1,1073152.0,"If possible place input 0 in L1 (currently in DEV_1_DRAM_INTERLEAVED) • in0_block_w=1 is small, try in0_block_w=2 or above • Output subblock 1x1 is small, try out_subblock_h * out_subblock_w >= 2 if possible • If your matmuls are not FLOP-bound use HiFi4 with BF16 activations for full accuracy",MatmulDeviceOperation
1051,0.015616636096134286,,BinaryNgDeviceOperation,0,3.176,0.551,110,,,,,"BF16, BF16 => BF16",BFLOAT16,BFLOAT16,BFLOAT16,False,DEV_1_DRAM_INTERLEAVED,,,,1074176.0,,BinaryNgDeviceOperation
1052,0.057945387865157245,,BinaryNgDeviceOperation,0,3.685,10.144,110,,,,,"BF16, BF16 => BF16",BFLOAT16,BFLOAT16,BFLOAT16,False,DEV_1_DRAM_INTERLEAVED,,,,1075200.0,,BinaryNgDeviceOperation
1053,0.12824329604461657,,BinaryNgDeviceOperation,0,2.753,27.853,110,,,,,"BF16, BF16 => BF16",BFLOAT16,BFLOAT16,BFLOAT16,False,DEV_1_DRAM_INTERLEAVED,,,,1076224.0,,BinaryNgDeviceOperation
1054,0.1379392702669012,,BinaryNgDeviceOperation,0,3.739,29.181,110,,,,,"BF16, BF16 => BF16",BFLOAT16,BFLOAT16,BFLOAT16,False,DEV_1_DRAM_INTERLEAVED,,,,1077248.0,,BinaryNgDeviceOperation
1055,0.2464763576825616,SLOW,MatmulDeviceOperation b={32} x 64 x 64 x 64,0,53.758,5.065,4.0,14.629115666505449,2.8572491536143456,0.3120878008854496,2.8219744727055263,HiFi2 BF16 x BF16 => BF16,BFLOAT16,BFLOAT16,BFLOAT16,False,DEV_1_DRAM_INTERLEAVED,1,1,1,1078272.0,"If possible place input 0 in L1 (currently in DEV_1_DRAM_INTERLEAVED) • in0_block_w=1 is small, try in0_block_w=2 or above • Output subblock 1x1 is small, try out_subblock_h * out_subblock_w >= 2 if possible • If your matmuls are not FLOP-bound use HiFi4 with BF16 activations for full accuracy",MatmulDeviceOperation
1056,0.014636144320847078,,BinaryNgDeviceOperation,0,2.975,0.518,110,,,,,"BF16, BF16 => BF16",BFLOAT16,BFLOAT16,BFLOAT16,False,DEV_1_DRAM_INTERLEAVED,,,,1079296.0,,BinaryNgDeviceOperation
1057,0.052753809619085226,,BinaryNgDeviceOperation,0,3.729,8.861,110,,,,,"BF16, BF16 => BF16",BFLOAT16,BFLOAT16,BFLOAT16,False,DEV_1_DRAM_INTERLEAVED,,,,1080320.0,,BinaryNgDeviceOperation
1058,0.12362576640202468,,BinaryNgDeviceOperation,0,2.776,26.728,110,,,,,"BF16, BF16 => BF16",BFLOAT16,BFLOAT16,BFLOAT16,False,DEV_1_DRAM_INTERLEAVED,,,,1081344.0,,BinaryNgDeviceOperation
1059,0.1423012016261917,,BinaryNgDeviceOperation,0,3.893,30.068,110,,,,,"BF16, BF16 => BF16",BFLOAT16,BFLOAT16,BFLOAT16,False,DEV_1_DRAM_INTERLEAVED,,,,1082368.0,,BinaryNgDeviceOperation
1060,0.24335051638185962,SLOW,MatmulDeviceOperation b={32} x 64 x 64 x 64,0,53.818,4.259,4.0,14.612806124345013,2.8540636961611354,0.311739863986027,2.8188283418875413,HiFi2 BF16 x BF16 => BF16,BFLOAT16,BFLOAT16,BFLOAT16,False,DEV_1_DRAM_INTERLEAVED,1,1,1,1083392.0,"If possible place input 0 in L1 (currently in DEV_1_DRAM_INTERLEAVED) • in0_block_w=1 is small, try in0_block_w=2 or above • Output subblock 1x1 is small, try out_subblock_h * out_subblock_w >= 2 if possible • If your matmuls are not FLOP-bound use HiFi4 with BF16 activations for full accuracy",MatmulDeviceOperation
1061,0.014602623234512472,,BinaryNgDeviceOperation,0,2.959,0.526,110,,,,,"BF16, BF16 => BF16",BFLOAT16,BFLOAT16,BFLOAT16,False,DEV_1_DRAM_INTERLEAVED,,,,1084416.0,,BinaryNgDeviceOperation
1062,0.06401270449172082,,BinaryNgDeviceOperation,0,4.271,11.006,110,,,,,"BF16, BF16 => BF16",BFLOAT16,BFLOAT16,BFLOAT16,False,DEV_1_DRAM_INTERLEAVED,,,,1085440.0,,BinaryNgDeviceOperation
1063,0.12650857982680072,,BinaryNgDeviceOperation,0,2.669,27.523,110,,,,,"BF16, BF16 => BF16",BFLOAT16,BFLOAT16,BFLOAT16,False,DEV_1_DRAM_INTERLEAVED,,,,1086464.0,,BinaryNgDeviceOperation
1064,0.13950219091725216,,BinaryNgDeviceOperation,0,3.74,29.553,110,,,,,"BF16, BF16 => BF16",BFLOAT16,BFLOAT16,BFLOAT16,False,DEV_1_DRAM_INTERLEAVED,,,,1087488.0,,BinaryNgDeviceOperation
1065,0.24756998312422812,SLOW,MatmulDeviceOperation b={32} x 64 x 64 x 64,0,53.704,5.38,4.0,14.643825413377028,2.860122151050201,0.3124016088187099,2.824812001037235,HiFi2 BF16 x BF16 => BF16,BFLOAT16,BFLOAT16,BFLOAT16,False,DEV_1_DRAM_INTERLEAVED,1,1,1,1088512.0,"If possible place input 0 in L1 (currently in DEV_1_DRAM_INTERLEAVED) • in0_block_w=1 is small, try in0_block_w=2 or above • Output subblock 1x1 is small, try out_subblock_h * out_subblock_w >= 2 if possible • If your matmuls are not FLOP-bound use HiFi4 with BF16 activations for full accuracy",MatmulDeviceOperation
1066,0.015109629665323377,,BinaryNgDeviceOperation,0,3.086,0.52,110,,,,,"BF16, BF16 => BF16",BFLOAT16,BFLOAT16,BFLOAT16,False,DEV_1_DRAM_INTERLEAVED,,,,1089536.0,,BinaryNgDeviceOperation
1067,0.051274691684570765,,BinaryNgDeviceOperation,0,3.666,8.571,110,,,,,"BF16, BF16 => BF16",BFLOAT16,BFLOAT16,BFLOAT16,False,DEV_1_DRAM_INTERLEAVED,,,,1090560.0,,BinaryNgDeviceOperation
1068,0.1289849500797697,,BinaryNgDeviceOperation,0,2.819,27.964,110,,,,,"BF16, BF16 => BF16",BFLOAT16,BFLOAT16,BFLOAT16,False,DEV_1_DRAM_INTERLEAVED,,,,1091584.0,,BinaryNgDeviceOperation
1069,0.14041983065566196,,BinaryNgDeviceOperation,0,3.539,29.973,110,,,,,"BF16, BF16 => BF16",BFLOAT16,BFLOAT16,BFLOAT16,False,DEV_1_DRAM_INTERLEAVED,,,,1092608.0,,BinaryNgDeviceOperation
1070,0.2985429850317874,SLOW,MatmulDeviceOperation b={32} x 64 x 64 x 128,0,53.99,17.259,8.0,24.277088349694385,4.741618818299685,0.6214934617521762,2.809848188622035,HiFi2 BF16 x BF16 => BF16,BFLOAT16,BFLOAT16,BFLOAT16,False,DEV_1_DRAM_INTERLEAVED,1,1,1,1093632.0,"If possible place input 0 in L1 (currently in DEV_1_DRAM_INTERLEAVED) • in0_block_w=1 is small, try in0_block_w=2 or above • Output subblock 1x1 is small, try out_subblock_h * out_subblock_w >= 2 if possible • If your matmuls are not FLOP-bound use HiFi4 with BF16 activations for full accuracy",MatmulDeviceOperation
1071,0.012293858413216525,,UnaryDeviceOperation,0,2.393,0.541,110,,,,,BF16 => BF16,BFLOAT16,BFLOAT16,nan,False,DEV_1_DRAM_INTERLEAVED,,,,1094656.0,,UnaryDeviceOperation
1072,0.1619529384898541,,BinaryNgDeviceOperation,0,4.516,34.135,110,,,,,"BF16, BF16 => BF16",BFLOAT16,BFLOAT16,BFLOAT16,False,DEV_1_DRAM_INTERLEAVED,,,,1095680.0,,BinaryNgDeviceOperation
1073,0.2561136700037607,SLOW,MatmulDeviceOperation b={32} x 64 x 64 x 128,0,54.084,7.039,8.0,24.234893868796686,4.7333777087493525,0.620413283041195,2.8049645681477644,HiFi2 BF16 x BF16 => BF16,BFLOAT16,BFLOAT16,BFLOAT16,False,DEV_1_DRAM_INTERLEAVED,1,1,1,1096704.0,"If possible place input 0 in L1 (currently in DEV_1_DRAM_INTERLEAVED) • in0_block_w=1 is small, try in0_block_w=2 or above • Output subblock 1x1 is small, try out_subblock_h * out_subblock_w >= 2 if possible • If your matmuls are not FLOP-bound use HiFi4 with BF16 activations for full accuracy",MatmulDeviceOperation
1074,0.37982323912162175,SLOW,MatmulDeviceOperation b={32} x 64 x 128 x 128,0,90.041,0.606,8.0,23.29107850867938,4.549038771226441,0.7453145122777401,3.369658349056623,HiFi2 BF16 x BF16 => BF16,BFLOAT16,BFLOAT16,BFLOAT16,False,DEV_1_DRAM_INTERLEAVED,1,1,1,1097728.0,"If possible place input 0 in L1 (currently in DEV_1_DRAM_INTERLEAVED) • in0_block_w=1 is small, try in0_block_w=2 or above • Output subblock 1x1 is small, try out_subblock_h * out_subblock_w >= 2 if possible • If your matmuls are not FLOP-bound use HiFi4 with BF16 activations for full accuracy",MatmulDeviceOperation
1075,0.02494806850453006,,BinaryNgDeviceOperation,0,5.461,0.493,110,,,,,"BF16, BF16 => BF16",BFLOAT16,BFLOAT16,BFLOAT16,False,DEV_1_DRAM_INTERLEAVED,,,,1098752.0,,BinaryNgDeviceOperation
1076,0.018134907707021516,,TransposeDeviceOperation,0,3.85,0.478,110,,,,,BF16 => BF16,BFLOAT16,BFLOAT16,nan,False,DEV_1_DRAM_INTERLEAVED,,,,1099776.0,,TransposeDeviceOperation
1077,0.3816291876478987,SLOW,MatmulDeviceOperation b={32} x 64 x 128 x 64,0,90.145,0.933,4.0,14.540129790892449,2.8398690997836815,0.37222732264684666,3.365770784928807,HiFi2 BF16 x BF16 => BF16,BFLOAT16,BFLOAT16,BFLOAT16,False,DEV_1_DRAM_INTERLEAVED,1,1,1,1100800.0,"If possible place input 0 in L1 (currently in DEV_1_DRAM_INTERLEAVED) • in0_block_w=1 is small, try in0_block_w=2 or above • Output subblock 1x1 is small, try out_subblock_h * out_subblock_w >= 2 if possible • If your matmuls are not FLOP-bound use HiFi4 with BF16 activations for full accuracy",MatmulDeviceOperation
1078,0.017590190054084177,,BinaryNgDeviceOperation,0,3.676,0.522,110,,,,,"BF16, BF16 => BF16",BFLOAT16,BFLOAT16,BFLOAT16,False,DEV_1_DRAM_INTERLEAVED,,,,1101824.0,,BinaryNgDeviceOperation
1079,0.022287332276720757,,BinaryNgDeviceOperation,0,4.853,0.466,110,,,,,"BF16, BF16 => BF16",BFLOAT16,BFLOAT16,BFLOAT16,False,DEV_1_DRAM_INTERLEAVED,,,,1102848.0,,BinaryNgDeviceOperation
1080,0.380468520033563,SLOW,MatmulDeviceOperation b={32} x 64 x 128 x 128,0,90.208,0.593,8.0,23.247960269599147,4.540617240156084,0.7439347286271727,3.3634201778933956,HiFi2 BF16 x BF16 => BF16,BFLOAT16,BFLOAT16,BFLOAT16,False,DEV_1_DRAM_INTERLEAVED,1,1,1,1103872.0,"If possible place input 0 in L1 (currently in DEV_1_DRAM_INTERLEAVED) • in0_block_w=1 is small, try in0_block_w=2 or above • Output subblock 1x1 is small, try out_subblock_h * out_subblock_w >= 2 if possible • If your matmuls are not FLOP-bound use HiFi4 with BF16 activations for full accuracy",MatmulDeviceOperation
1081,0.23164327697949866,SLOW,MatmulDeviceOperation b={32} x 64 x 64 x 128,0,54.05,1.233,8.0,24.25013876040703,4.736355226641998,0.6208035522664199,2.806729023195258,HiFi2 BF16 x BF16 => BF16,BFLOAT16,BFLOAT16,BFLOAT16,False,DEV_1_DRAM_INTERLEAVED,1,1,1,1104896.0,"If possible place input 0 in L1 (currently in DEV_1_DRAM_INTERLEAVED) • in0_block_w=1 is small, try in0_block_w=2 or above • Output subblock 1x1 is small, try out_subblock_h * out_subblock_w >= 2 if possible • If your matmuls are not FLOP-bound use HiFi4 with BF16 activations for full accuracy",MatmulDeviceOperation
1082,0.025052821899325704,,BinaryNgDeviceOperation,0,5.45,0.529,110,,,,,"BF16, BF16 => BF16",BFLOAT16,BFLOAT16,BFLOAT16,False,DEV_1_DRAM_INTERLEAVED,,,,1105920.0,,BinaryNgDeviceOperation
1083,0.04607892330270693,,UntilizeWithUnpaddingDeviceOperation,0,10.499,0.498,64,,,,,BF16 => BF16,BFLOAT16,BFLOAT16,nan,False,DEV_1_DRAM_INTERLEAVED,,,,1106944.0,,UntilizeWithUnpaddingDeviceOperation
1084,0.009918051419251369,,SliceDeviceOperation,0,1.783,0.584,32,,,,,BF16 => BF16,BFLOAT16,BFLOAT16,nan,False,DEV_1_DRAM_INTERLEAVED,,,,1107968.0,,SliceDeviceOperation
1085,0.014854031382022011,,TilizeWithValPaddingDeviceOperation,0,2.966,0.579,32,,,,,BF16 => BF16,BFLOAT16,BFLOAT16,nan,False,DEV_1_DRAM_INTERLEAVED,,,,1108992.0,,TilizeWithValPaddingDeviceOperation
1086,0.012063400944666115,,UnaryDeviceOperation,0,2.411,0.468,110,,,,,BF16 => BF16,BFLOAT16,BFLOAT16,nan,False,DEV_1_DRAM_INTERLEAVED,,,,1110016.0,,UnaryDeviceOperation
1087,0.03093577255104895,,BinaryNgDeviceOperation,0,6.904,0.479,110,,,,,"BF16, BF16 => BF16",BFLOAT16,BFLOAT16,BFLOAT16,False,DEV_1_DRAM_INTERLEAVED,,,,1111040.0,,BinaryNgDeviceOperation
1088,0.0667530532995748,,BinaryNgDeviceOperation,0,1.933,13.998,110,,,,,"BF16, BF16 => BF16",BFLOAT16,BFLOAT16,BFLOAT16,False,DEV_1_DRAM_INTERLEAVED,,,,1112064.0,,BinaryNgDeviceOperation
1089,0.12378918169790587,,UnaryDeviceOperation,0,1.761,27.782,110,,,,,BF16 => BF16,BFLOAT16,BFLOAT16,nan,False,DEV_1_DRAM_INTERLEAVED,,,,1113088.0,,UnaryDeviceOperation
1090,0.15164520444196297,,BinaryNgDeviceOperation,0,4.513,31.678,110,,,,,"BF16, BF16 => BF16",BFLOAT16,BFLOAT16,BFLOAT16,False,DEV_1_DRAM_INTERLEAVED,,,,1114112.0,,BinaryNgDeviceOperation
1091,0.04814466024807699,,TransposeDeviceOperation,0,3.411,8.079,110,,,,,BF16 => BF16,BFLOAT16,BFLOAT16,nan,False,DEV_1_DRAM_INTERLEAVED,,,,1115136.0,,TransposeDeviceOperation
1092,0.32834323078325156,SLOW,MatmulDeviceOperation b={32} x 128 x 64 x 128,0,55.559,22.802,16.0,37.74639572346514,7.372342914739286,1.2078846631508846,2.730497375829365,HiFi2 BF16 x BF16 => BF16,BFLOAT16,BFLOAT16,BFLOAT16,False,DEV_1_DRAM_INTERLEAVED,1,1,1,1116160.0,"If possible place input 0 in L1 (currently in DEV_1_DRAM_INTERLEAVED) • in0_block_w=1 is small, try in0_block_w=2 or above • Output subblock 1x1 is small, try out_subblock_h * out_subblock_w >= 2 if possible • If your matmuls are not FLOP-bound use HiFi4 with BF16 activations for full accuracy",MatmulDeviceOperation
1093,0.04080354234079841,,BinaryNgDeviceOperation,0,9.134,0.604,110,,,,,"BF16, BF16 => BF16",BFLOAT16,BFLOAT16,BFLOAT16,False,DEV_1_DRAM_INTERLEAVED,,,,1117184.0,,BinaryNgDeviceOperation
1094,0.11757102018283658,,SliceDeviceOperation,0,2.439,25.62,110,,,,,BF16 => BF16,BFLOAT16,BFLOAT16,nan,False,DEV_1_DRAM_INTERLEAVED,,,,1118208.0,,SliceDeviceOperation
1095,0.1090692346612223,,SliceDeviceOperation,0,2.497,23.533,110,,,,,BF16 => BF16,BFLOAT16,BFLOAT16,nan,False,DEV_1_DRAM_INTERLEAVED,,,,1119232.0,,SliceDeviceOperation
1096,0.18299161030061079,,LayerNormDeviceOperation,0,5.105,38.567,32,,,,,"BF16, BF16 => BF16",BFLOAT16,BFLOAT16,BFLOAT16,False,DEV_1_DRAM_INTERLEAVED,,,,1120256.0,,LayerNormDeviceOperation
1097,0.25311772291260526,,BinaryNgDeviceOperation,0,5.557,54.851,110,,,,,"BF16, BF16 => BF16",BFLOAT16,BFLOAT16,BFLOAT16,False,DEV_1_DRAM_INTERLEAVED,,,,1121280.0,,BinaryNgDeviceOperation
1098,0.14717013941629314,,TransposeDeviceOperation,0,2.624,32.499,110,,,,,BF16 => BF16,BFLOAT16,BFLOAT16,nan,False,DEV_1_DRAM_INTERLEAVED,,,,1122304.0,,TransposeDeviceOperation
1099,0.1383499035745001,,ReshapeViewDeviceOperation,0,9.171,23.847,110,,,,,BF16 => BF16,BFLOAT16,BFLOAT16,nan,False,DEV_1_DRAM_INTERLEAVED,,,,1123328.0,,ReshapeViewDeviceOperation
1100,0.4041008858994598,SLOW,MatmulDeviceOperation 32 x 4096 x 2048,0,73.336,23.105,64.0,119.74779098941856,23.38824042762081,7.32070077451729,4.13722329289036,HiFi2 BF16 x BFP8 => BF16,BFLOAT16,BFLOAT16,BFLOAT8_B,False,DEV_1_DRAM_INTERLEAVED,2,1,1,1124352.0,"If possible place input 0 in L1 (currently in DEV_1_DRAM_INTERLEAVED) • Output subblock 1x1 is small, try out_subblock_h * out_subblock_w >= 2 if possible • If your matmuls are not FLOP-bound use HiFi4 with BF16 activations for full accuracy",MatmulDeviceOperation
1101,0.01300618149782689,,BinaryNgDeviceOperation,0,2.534,0.57,110,,,,,"BF16, BF16 => BF16",BFLOAT16,BFLOAT16,BFLOAT16,False,DEV_1_DRAM_INTERLEAVED,,,,1125376.0,,BinaryNgDeviceOperation
1102,0.132102411108888,,LayerNormDeviceOperation,0,26.172,5.355,1,,,,,"BF16, BF16 => BF16",BFLOAT16,BFLOAT16,BFLOAT16,False,DEV_1_DRAM_INTERLEAVED,,,,1126400.0,,LayerNormDeviceOperation
1103,0.1447021494349078,SLOW,MatmulDeviceOperation 32 x 2048 x 256,0,24.553,9.981,8.0,48.71225512157374,9.514112328432372,1.3666123080682604,6.178621907860697,HiFi2 BF16 x BF16 => BF16,BFLOAT16,BFLOAT16,BFLOAT16,False,DEV_1_DRAM_INTERLEAVED,2,1,1,1127424.0,"If possible place input 0 in L1 (currently in DEV_1_DRAM_INTERLEAVED) • Output subblock 1x1 is small, try out_subblock_h * out_subblock_w >= 2 if possible • If your matmuls are not FLOP-bound use HiFi4 with BF16 activations for full accuracy",MatmulDeviceOperation
1104,0.14415743178197046,,SoftmaxDeviceOperation,0,5.669,28.735,110,,,,,BF16 => BF16,BFLOAT16,BFLOAT16,nan,False,DEV_1_DRAM_INTERLEAVED,,,,1128448.0,,SoftmaxDeviceOperation
1105,0.08995383517891356,,FillPadDeviceOperation,0,4.014,17.454,8,,,,,BF16 => BF16,BFLOAT16,BFLOAT16,nan,False,DEV_1_DRAM_INTERLEAVED,,,,1129472.0,,FillPadDeviceOperation
1106,0.29032193860822547,,TopKDeviceOperation,0,44.931,24.356,1,,,,,BF16 => BF16,BFLOAT16,BFLOAT16,nan,False,DEV_1_DRAM_INTERLEAVED,,,,1130496.0,,TopKDeviceOperation
1107,0.009721115037035565,,SliceDeviceOperation,0,0.744,1.576,1,,,,,BF16 => BF16,BFLOAT16,BFLOAT16,nan,False,DEV_1_DRAM_INTERLEAVED,,,,1131520.0,,SliceDeviceOperation
1108,0.009360763358938555,,SliceDeviceOperation,0,0.744,1.49,1,,,,,UINT16 => UINT16,UINT16,UINT16,nan,False,DEV_1_DRAM_INTERLEAVED,,,,1132544.0,,SliceDeviceOperation
1109,0.08257081591371673,,FillPadDeviceOperation,0,10.207,9.499,1,,,,,BF16 => BF16,BFLOAT16,BFLOAT16,nan,False,DEV_1_DRAM_INTERLEAVED,,,,1133568.0,,FillPadDeviceOperation
1110,0.05478183534232886,,ReduceDeviceOperation,0,1.207,11.867,1,,,,,BF16 => BF16,BFLOAT16,BFLOAT16,nan,False,DEV_1_DRAM_INTERLEAVED,,,,1134592.0,,ReduceDeviceOperation
1111,0.28002258483191794,,BinaryNgDeviceOperation,0,2.541,64.288,110,,,,,"BF16, BF16 => BF16",BFLOAT16,BFLOAT16,BFLOAT16,False,DEV_1_DRAM_INTERLEAVED,,,,1135616.0,,BinaryNgDeviceOperation
1112,0.4442423867851497,,UnaryDeviceOperation,0,1.09,104.931,110,,,,,BF16 => BF16,BFLOAT16,BFLOAT16,nan,False,DEV_1_DRAM_INTERLEAVED,,,,1136640.0,,UnaryDeviceOperation
1113,0.09906319039034257,,UntilizeWithUnpaddingDeviceOperation,0,5.126,18.516,1,,,,,BF16 => BF16,BFLOAT16,BFLOAT16,nan,False,DEV_1_DRAM_INTERLEAVED,,,,1137664.0,,UntilizeWithUnpaddingDeviceOperation
1114,0.050084693119692276,,UntilizeWithUnpaddingDeviceOperation,0,2.189,9.764,1,,,,,UINT16 => UINT16,UINT16,UINT16,nan,False,DEV_1_DRAM_INTERLEAVED,,,,1138688.0,,UntilizeWithUnpaddingDeviceOperation
1115,0.05424130782518335,,UntilizeWithUnpaddingDeviceOperation,0,2.184,10.761,1,,,,,BF16 => BF16,BFLOAT16,BFLOAT16,nan,False,DEV_1_DRAM_INTERLEAVED,,,,1139712.0,,UntilizeWithUnpaddingDeviceOperation
1116,0.0844773276989974,,ScatterDeviceOperation,0,4.096,16.065,5,,,,,"BF16, UINT16 => BF16",BFLOAT16,BFLOAT16,UINT16,False,DEV_1_DRAM_INTERLEAVED,,,,1140736.0,,ScatterDeviceOperation
1117,0.09550576510308258,,TilizeWithValPaddingDeviceOperation,0,9.533,13.26,1,,,,,BF16 => BF16,BFLOAT16,BFLOAT16,nan,False,DEV_1_DRAM_INTERLEAVED,,,,1141760.0,,TilizeWithValPaddingDeviceOperation
1118,0.18389248949585332,,FillPadDeviceOperation,0,4.381,39.506,64,,,,,BF16 => BF16,BFLOAT16,BFLOAT16,nan,False,DEV_1_DRAM_INTERLEAVED,,,,1142784.0,,FillPadDeviceOperation
1119,0.06125978527649135,,FillPadDeviceOperation,0,4.127,10.493,8,,,,,BF16 => BF16,BFLOAT16,BFLOAT16,nan,False,DEV_1_DRAM_INTERLEAVED,,,,1143808.0,,FillPadDeviceOperation
1120,0.6449415109420158,,UnaryDeviceOperation,0,86.895,67.024,110,,,,,BF16 => BF16,BFLOAT16,BFLOAT16,nan,False,DEV_1_DRAM_INTERLEAVED,,,,1144832.0,,UnaryDeviceOperation
1121,29.377712458216486,SLOW,SparseMatmulDeviceOperation active=256/256 x 32 x 2048 x 1024,0,7010.57,0.59,16.0,83.7596029994708,16.359297460834142,4.901133341226177,5.539656283033783,LoFi BF16 x BFP8 => BF16,BFLOAT16,BFLOAT16,BFLOAT8_B,False,DEV_1_DRAM_INTERLEAVED,2,1,2,1145856.0,If possible place input 0 in L1 (currently in DEV_1_DRAM_INTERLEAVED) • in0_block_w=2 and output subblock 1x2 look good 🤷 • Use HiFi2 or HiFi4 with BF16 activations for improved accuracy,SparseMatmulDeviceOperation
1122,0.4275405055189326,,PermuteDeviceOperation,0,101.533,0.502,110,,,,,BF16 => BF16,BFLOAT16,BFLOAT16,nan,False,DEV_1_DRAM_INTERLEAVED,,,,1146880.0,,PermuteDeviceOperation
1123,0.19650479822924863,,SliceDeviceOperation,0,46.321,0.576,110,,,,,BF16 => BF16,BFLOAT16,BFLOAT16,nan,False,DEV_1_DRAM_INTERLEAVED,,,,1147904.0,,SliceDeviceOperation
1124,0.1959014186752257,,SliceDeviceOperation,0,46.179,0.574,110,,,,,BF16 => BF16,BFLOAT16,BFLOAT16,nan,False,DEV_1_DRAM_INTERLEAVED,,,,1148928.0,,SliceDeviceOperation
1125,0.2854404304107485,,BinaryNgDeviceOperation,0,67.543,0.579,110,,,,,"BF16, BF16 => BF16",BFLOAT16,BFLOAT16,BFLOAT16,False,DEV_1_DRAM_INTERLEAVED,,,,1149952.0,,BinaryNgDeviceOperation
1126,0.7463092760178625,,UnaryDeviceOperation,0,177.658,0.453,110,,,,,BF16 => BF16,BFLOAT16,BFLOAT16,nan,False,DEV_1_DRAM_INTERLEAVED,,,,1150976.0,,UnaryDeviceOperation
1127,8.022890711830744,SLOW,SparseMatmulDeviceOperation active=256/256 x 32 x 512 x 2048,0,1914.096,0.613,16.0,162.1540904949386,31.670720799792697,8.975448036044169,10.144775431365026,LoFi BF16 x BFP8 => BF16,BFLOAT16,BFLOAT16,BFLOAT8_B,False,DEV_1_DRAM_INTERLEAVED,2,1,2,1152000.0,If possible place input 0 in L1 (currently in DEV_1_DRAM_INTERLEAVED) • in0_block_w=2 and output subblock 1x2 look good 🤷 • Use HiFi2 or HiFi4 with BF16 activations for improved accuracy,SparseMatmulDeviceOperation
1128,0.055854510105036226,,PermuteDeviceOperation,0,12.8,0.53,110,,,,,BF16 => BF16,BFLOAT16,BFLOAT16,nan,False,DEV_1_DRAM_INTERLEAVED,,,,1153024.0,,PermuteDeviceOperation
1129,0.7837858505399513,,BinaryNgDeviceOperation,0,186.592,0.463,110,,,,,"BF16, BF16 => BF16",BFLOAT16,BFLOAT16,BFLOAT16,False,DEV_1_DRAM_INTERLEAVED,,,,1154048.0,,BinaryNgDeviceOperation
1130,0.3814951033025603,,FastReduceNCDeviceOperation,0,90.477,0.569,64,,,,,BF16 => BF16,BFLOAT16,BFLOAT16,nan,False,DEV_1_DRAM_INTERLEAVED,,,,1155072.0,,FastReduceNCDeviceOperation
1131,0.009545129333778884,,SliceDeviceOperation,0,1.77,0.508,64,,,,,BF16 => BF16,BFLOAT16,BFLOAT16,nan,False,DEV_1_DRAM_INTERLEAVED,,,,1156096.0,,SliceDeviceOperation
1132,0.1308160394207975,SLOW,MatmulDeviceOperation 32 x 2048 x 1024,0,30.738,0.482,32.0,74.62294228642071,14.574793415316545,4.366508165788275,4.9353797808479305,HiFi2 BF16 x BFP8 => BF16,BFLOAT16,BFLOAT16,BFLOAT8_B,False,DEV_1_DRAM_INTERLEAVED,2,1,1,1157120.0,"If possible place input 0 in L1 (currently in DEV_1_DRAM_INTERLEAVED) • Output subblock 1x1 is small, try out_subblock_h * out_subblock_w >= 2 if possible • If your matmuls are not FLOP-bound use HiFi4 with BF16 activations for full accuracy",MatmulDeviceOperation
1133,0.009695974222284609,,SliceDeviceOperation,0,1.668,0.646,16,,,,,BF16 => BF16,BFLOAT16,BFLOAT16,nan,False,DEV_1_DRAM_INTERLEAVED,,,,1158144.0,,SliceDeviceOperation
1134,0.009591220827488965,,SliceDeviceOperation,0,1.696,0.593,16,,,,,BF16 => BF16,BFLOAT16,BFLOAT16,nan,False,DEV_1_DRAM_INTERLEAVED,,,,1159168.0,,SliceDeviceOperation
1135,0.018340224360820973,,BinaryNgDeviceOperation,0,3.918,0.459,110,,,,,"BF16, BF16 => BF16",BFLOAT16,BFLOAT16,BFLOAT16,False,DEV_1_DRAM_INTERLEAVED,,,,1160192.0,,BinaryNgDeviceOperation
1136,0.048463110568255745,SLOW,MatmulDeviceOperation 32 x 512 x 2048,0,11.102,0.464,64.0,109.20698973157988,21.329490181949197,6.044754458656097,3.416134563675547,HiFi2 BF16 x BFP8 => BF16,BFLOAT16,BFLOAT16,BFLOAT8_B,False,DEV_1_DRAM_INTERLEAVED,2,1,1,1161216.0,"If possible place input 0 in L1 (currently in DEV_1_DRAM_INTERLEAVED) • Output subblock 1x1 is small, try out_subblock_h * out_subblock_w >= 2 if possible • If your matmuls are not FLOP-bound use HiFi4 with BF16 activations for full accuracy",MatmulDeviceOperation
1137,0.06723072877984292,SLOW,MatmulDeviceOperation 32 x 2048 x 32,0,15.235,0.81,1.0,17.341122415490645,3.3869379717755166,0.2753071217591073,9.95757818862512,HiFi2 BF16 x BF16 => BF16,BFLOAT16,BFLOAT16,BFLOAT16,False,DEV_1_DRAM_INTERLEAVED,2,1,1,1162240.0,"If possible place input 0 in L1 (currently in DEV_1_DRAM_INTERLEAVED) • Output subblock 1x1 is small, try out_subblock_h * out_subblock_w >= 2 if possible • If your matmuls are not FLOP-bound use HiFi4 with BF16 activations for full accuracy",MatmulDeviceOperation
1138,0.025920180008233613,,BinaryNgDeviceOperation,0,5.636,0.55,110,,,,,"BF16, BF16 => BF16",BFLOAT16,BFLOAT16,BFLOAT16,False,DEV_1_DRAM_INTERLEAVED,,,,1163264.0,,BinaryNgDeviceOperation
1139,0.011409739761141308,,BinaryNgDeviceOperation,0,2.201,0.522,110,,,,,"BF16, BF16 => BF16",BFLOAT16,BFLOAT16,BFLOAT16,False,DEV_1_DRAM_INTERLEAVED,,,,1164288.0,,BinaryNgDeviceOperation
1140,0.012034069994123335,,BinaryNgDeviceOperation,0,2.341,0.531,110,,,,,"BF16, BF16 => BF16",BFLOAT16,BFLOAT16,BFLOAT16,False,DEV_1_DRAM_INTERLEAVED,,,,1165312.0,,BinaryNgDeviceOperation
