=== Thu Aug 27 20:47:54 UTC 2026 ===
node: models/common/tests/models/qwen3_32b_galaxy/test_full_model_wh_galaxy.py::test_qwen3_32b_galaxy_full_model_prefill_and_first_decode_token
commit: ed11b27744ea08ef93be4e9a31c3b2d778a069c8
devices: 32
2026-08-27 20:48:16.874 | DEBUG    | ttnn:<module>:78 - Initial ttnn.CONFIG:
Config{cache_path=/home/ctr-apbernal/.cache/ttnn,model_cache_path=/home/ctr-apbernal/.cache/ttnn/models,tmp_dir=/tmp/ttnn,enable_model_cache=false,enable_fast_runtime_mode=true,throw_exception_on_fallback=false,enable_logging=false,enable_graph_report=false,enable_graph_python_stack_traces=false,enable_detailed_buffer_report=false,enable_detailed_tensor_report=false,enable_comparison_mode=false,comparison_mode_should_raise_exception=false,comparison_mode_pcc=0.9999,root_report_path=generated/ttnn/reports,report_name=std::nullopt,std::nullopt}
============================= test session starts ==============================
platform linux -- Python 3.10.21, pytest-9.0.3, pluggy-1.6.0 -- /proj_sw/user_dev/ctr-apbernal/tt-metal/python_env/bin/python
benchmark: 5.2.3 (defaults: timer=time.perf_counter disable_gc=False min_rounds=5 min_time=0.000005 max_time=1.0 calibration_precision=10 warmup=False warmup_iterations=100000)
rootdir: /proj_sw/user_dev/ctr-apbernal/tt-metal
configfile: pytest.ini
plugins: cov-7.0.0, dash-2.15.0, benchmark-5.2.3, repeat-0.9.4, anyio-4.14.2, timeout-2.4.0, github-actions-annotate-failures-0.3.0, split-0.11.0
timeout: 1100.0s
timeout method: signal
timeout func_only: False
collecting ... collected 1 item

models/common/tests/models/qwen3_32b_galaxy/test_full_model_wh_galaxy.py::test_qwen3_32b_galaxy_full_model_prefill_and_first_decode_token[wormhole_b0-8x4-device_params0] 2026-08-27 20:48:35.760 | info     |          Device | Opening user mode device driver (tt_cluster.cpp:228)
2026-08-27 20:48:35.760 | info     |             UMD | Cluster constructor started. (cluster.cpp:389)
2026-08-27 20:48:35.780 | info     |             UMD | Creating TopologyDiscovery for architecture: wormhole_b0 (topology_discovery.cpp:96)
2026-08-27 20:48:35.780 | info     |             UMD | Starting topology discovery. (topology_discovery.cpp:115)
2026-08-27 20:48:35.833 | info     |             UMD | Established firmware bundle version: 18.12.1 (topology_discovery.cpp:575)
2026-08-27 20:48:35.864 | info     |             UMD | Completed topology discovery. (topology_discovery.cpp:119)
2026-08-27 20:48:37.295 | info     |             UMD | Opening local chip ids/PCIe ids: {0, 1, 2, 3, 4, 5, 6, 7, 8, 9, 10, 11, 12, 13, 14, 15, 16, 17, 18, 19, 20, 21, 22, 23, 24, 25, 26, 27, 28, 29, 30, 31}/[21, 18, 22, 20, 17, 23, 19, 16, 26, 30, 29, 31, 24, 27, 28, 25, 12, 14, 13, 10, 8, 15, 11, 9, 5, 6, 2, 4, 3, 7, 1, 0] and remote chip ids {} (cluster.cpp:173)
2026-08-27 20:48:37.296 | info     |             UMD | IOMMU: enabled (cluster.cpp:147)
2026-08-27 20:48:37.296 | info     |             UMD | KMD version: 2.4.1 (cluster.cpp:150)
2026-08-27 20:48:37.296 | info     |             UMD | Cluster constructor completed. (cluster.cpp:648)
2026-08-27 20:48:37.321 | info     |             UMD | Starting devices in cluster (cluster.cpp:1198)
2026-08-27 20:48:37.382 | info     |             UMD | Starting devices in cluster completed. (cluster.cpp:1206)
2026-08-27 20:48:37.479 | INFO     | conftest:mesh_device:612 - No trace region size for (8, 4)
2026-08-27 20:48:37.480 | info     |     Distributed | Using auto discovery to generate mesh graph. (metal_env.cpp:437)
2026-08-27 20:48:37.480 | info     |     Distributed | Constructing control plane using auto-discovery (no mesh graph descriptor). (metal_env.cpp:499)
2026-08-27 20:48:37.487 | info     |          Fabric | Logical multi-mesh adjacency: intermesh degree histogram {0:1}; intra-mesh degree histograms mesh0 {4:32} (topology_mapper_utils.cpp:2410)
2026-08-27 20:48:37.487 | info     |          Fabric | Physical multi-mesh adjacency: intermesh degree histogram {0:1}; intra-mesh degree histograms mesh0 {4:32} (topology_mapper_utils.cpp:2418)
2026-08-27 20:48:37.986 | info     |    BuildKernels | Using pre-compiled firmware from: /proj_sw/user_dev/ctr-apbernal/tt-metal/tt_metal/pre-compiled/441969805167873259/ (build_env_manager.cpp:347)
2026-08-27 20:48:37.986 | info     |    BuildKernels | Using pre-compiled firmware from: /proj_sw/user_dev/ctr-apbernal/tt-metal/tt_metal/pre-compiled/441969805167873259/ (build_env_manager.cpp:347)
2026-08-27 20:48:37.986 | info     |    BuildKernels | Using pre-compiled firmware from: /proj_sw/user_dev/ctr-apbernal/tt-metal/tt_metal/pre-compiled/441969805167873259/ (build_env_manager.cpp:347)
2026-08-27 20:48:37.986 | info     |    BuildKernels | Using pre-compiled firmware from: /proj_sw/user_dev/ctr-apbernal/tt-metal/tt_metal/pre-compiled/441969805167873259/ (build_env_manager.cpp:347)
2026-08-27 20:48:37.986 | info     |    BuildKernels | Using pre-compiled firmware from: /proj_sw/user_dev/ctr-apbernal/tt-metal/tt_metal/pre-compiled/441969805167873259/ (build_env_manager.cpp:347)
2026-08-27 20:48:37.986 | info     |    BuildKernels | Using pre-compiled firmware from: /proj_sw/user_dev/ctr-apbernal/tt-metal/tt_metal/pre-compiled/441969805167873259/ (build_env_manager.cpp:347)
2026-08-27 20:48:37.986 | info     |    BuildKernels | Using pre-compiled firmware from: /proj_sw/user_dev/ctr-apbernal/tt-metal/tt_metal/pre-compiled/441969805167873259/ (build_env_manager.cpp:347)
2026-08-27 20:48:37.986 | info     |    BuildKernels | Using pre-compiled firmware from: /proj_sw/user_dev/ctr-apbernal/tt-metal/tt_metal/pre-compiled/441969805167873259/ (build_env_manager.cpp:347)
2026-08-27 20:48:37.987 | info     |    BuildKernels | Using pre-compiled firmware from: /proj_sw/user_dev/ctr-apbernal/tt-metal/tt_metal/pre-compiled/441969805167873259/ (build_env_manager.cpp:347)
2026-08-27 20:48:37.987 | info     |    BuildKernels | Using pre-compiled firmware from: /proj_sw/user_dev/ctr-apbernal/tt-metal/tt_metal/pre-compiled/441969805167873259/ (build_env_manager.cpp:347)
2026-08-27 20:48:37.986 | info     |    BuildKernels | Using pre-compiled firmware from: /proj_sw/user_dev/ctr-apbernal/tt-metal/tt_metal/pre-compiled/441969805167873259/ (build_env_manager.cpp:347)
2026-08-27 20:48:37.987 | info     |    BuildKernels | Using pre-compiled firmware from: /proj_sw/user_dev/ctr-apbernal/tt-metal/tt_metal/pre-compiled/441969805167873259/ (build_env_manager.cpp:347)
2026-08-27 20:48:37.987 | info     |    BuildKernels | Using pre-compiled firmware from: /proj_sw/user_dev/ctr-apbernal/tt-metal/tt_metal/pre-compiled/441969805167873259/ (build_env_manager.cpp:347)
2026-08-27 20:48:37.987 | info     |    BuildKernels | Using pre-compiled firmware from: /proj_sw/user_dev/ctr-apbernal/tt-metal/tt_metal/pre-compiled/441969805167873259/ (build_env_manager.cpp:347)
2026-08-27 20:48:37.987 | info     |    BuildKernels | Using pre-compiled firmware from: /proj_sw/user_dev/ctr-apbernal/tt-metal/tt_metal/pre-compiled/441969805167873259/ (build_env_manager.cpp:347)
2026-08-27 20:48:37.987 | info     |    BuildKernels | Using pre-compiled firmware from: /proj_sw/user_dev/ctr-apbernal/tt-metal/tt_metal/pre-compiled/441969805167873259/ (build_env_manager.cpp:347)
2026-08-27 20:48:37.987 | info     |    BuildKernels | Using pre-compiled firmware from: /proj_sw/user_dev/ctr-apbernal/tt-metal/tt_metal/pre-compiled/441969805167873259/ (build_env_manager.cpp:347)
2026-08-27 20:48:37.987 | info     |    BuildKernels | Using pre-compiled firmware from: /proj_sw/user_dev/ctr-apbernal/tt-metal/tt_metal/pre-compiled/441969805167873259/ (build_env_manager.cpp:347)
2026-08-27 20:48:37.987 | info     |    BuildKernels | Using pre-compiled firmware from: /proj_sw/user_dev/ctr-apbernal/tt-metal/tt_metal/pre-compiled/441969805167873259/ (build_env_manager.cpp:347)
2026-08-27 20:48:37.987 | info     |    BuildKernels | Using pre-compiled firmware from: /proj_sw/user_dev/ctr-apbernal/tt-metal/tt_metal/pre-compiled/441969805167873259/ (build_env_manager.cpp:347)
2026-08-27 20:48:37.987 | info     |    BuildKernels | Using pre-compiled firmware from: /proj_sw/user_dev/ctr-apbernal/tt-metal/tt_metal/pre-compiled/441969805167873259/ (build_env_manager.cpp:347)
2026-08-27 20:48:37.987 | info     |    BuildKernels | Using pre-compiled firmware from: /proj_sw/user_dev/ctr-apbernal/tt-metal/tt_metal/pre-compiled/441969805167873259/ (build_env_manager.cpp:347)
2026-08-27 20:48:37.987 | info     |    BuildKernels | Using pre-compiled firmware from: /proj_sw/user_dev/ctr-apbernal/tt-metal/tt_metal/pre-compiled/441969805167873259/ (build_env_manager.cpp:347)
2026-08-27 20:48:37.987 | info     |    BuildKernels | Using pre-compiled firmware from: /proj_sw/user_dev/ctr-apbernal/tt-metal/tt_metal/pre-compiled/441969805167873259/ (build_env_manager.cpp:347)
2026-08-27 20:48:37.987 | info     |    BuildKernels | Using pre-compiled firmware from: /proj_sw/user_dev/ctr-apbernal/tt-metal/tt_metal/pre-compiled/441969805167873259/ (build_env_manager.cpp:347)
2026-08-27 20:48:37.987 | info     |    BuildKernels | Using pre-compiled firmware from: /proj_sw/user_dev/ctr-apbernal/tt-metal/tt_metal/pre-compiled/441969805167873259/ (build_env_manager.cpp:347)
2026-08-27 20:48:37.987 | info     |    BuildKernels | Using pre-compiled firmware from: /proj_sw/user_dev/ctr-apbernal/tt-metal/tt_metal/pre-compiled/441969805167873259/ (build_env_manager.cpp:347)
2026-08-27 20:48:37.987 | info     |    BuildKernels | Using pre-compiled firmware from: /proj_sw/user_dev/ctr-apbernal/tt-metal/tt_metal/pre-compiled/441969805167873259/ (build_env_manager.cpp:347)
2026-08-27 20:48:37.987 | info     |    BuildKernels | Using pre-compiled firmware from: /proj_sw/user_dev/ctr-apbernal/tt-metal/tt_metal/pre-compiled/441969805167873259/ (build_env_manager.cpp:347)
2026-08-27 20:48:37.987 | info     |    BuildKernels | Using pre-compiled firmware from: /proj_sw/user_dev/ctr-apbernal/tt-metal/tt_metal/pre-compiled/441969805167873259/ (build_env_manager.cpp:347)
2026-08-27 20:48:37.987 | info     |    BuildKernels | Using pre-compiled firmware from: /proj_sw/user_dev/ctr-apbernal/tt-metal/tt_metal/pre-compiled/441969805167873259/ (build_env_manager.cpp:347)
2026-08-27 20:48:37.987 | info     |    BuildKernels | Using pre-compiled firmware from: /proj_sw/user_dev/ctr-apbernal/tt-metal/tt_metal/pre-compiled/441969805167873259/ (build_env_manager.cpp:347)
2026-08-27 20:48:38.243 | info     |           Metal | Initializing Fabric (fabric_firmware_initializer.cpp:296)
2026-08-27 20:48:38.689 | info     |           Metal | Fabric initialized on Device 0 (device.cpp:550)
2026-08-27 20:48:38.690 | info     |           Metal | Fabric initialized on Device 1 (device.cpp:550)
2026-08-27 20:48:38.692 | info     |           Metal | Fabric initialized on Device 2 (device.cpp:550)
2026-08-27 20:48:38.693 | info     |           Metal | Fabric initialized on Device 3 (device.cpp:550)
2026-08-27 20:48:38.694 | info     |           Metal | Fabric initialized on Device 4 (device.cpp:550)
2026-08-27 20:48:38.695 | info     |           Metal | Fabric initialized on Device 5 (device.cpp:550)
2026-08-27 20:48:38.696 | info     |           Metal | Fabric initialized on Device 6 (device.cpp:550)
2026-08-27 20:48:38.697 | info     |           Metal | Fabric initialized on Device 7 (device.cpp:550)
2026-08-27 20:48:38.699 | info     |           Metal | Fabric initialized on Device 8 (device.cpp:550)
2026-08-27 20:48:38.700 | info     |           Metal | Fabric initialized on Device 9 (device.cpp:550)
2026-08-27 20:48:38.701 | info     |           Metal | Fabric initialized on Device 10 (device.cpp:550)
2026-08-27 20:48:38.702 | info     |           Metal | Fabric initialized on Device 11 (device.cpp:550)
2026-08-27 20:48:38.758 | info     |           Metal | Fabric initialized on Device 12 (device.cpp:550)
2026-08-27 20:48:38.759 | info     |           Metal | Fabric initialized on Device 13 (device.cpp:550)
2026-08-27 20:48:38.760 | info     |           Metal | Fabric initialized on Device 14 (device.cpp:550)
2026-08-27 20:48:38.761 | info     |           Metal | Fabric initialized on Device 15 (device.cpp:550)
2026-08-27 20:48:38.763 | info     |           Metal | Fabric initialized on Device 16 (device.cpp:550)
2026-08-27 20:48:38.764 | info     |           Metal | Fabric initialized on Device 17 (device.cpp:550)
2026-08-27 20:48:38.765 | info     |           Metal | Fabric initialized on Device 18 (device.cpp:550)
2026-08-27 20:48:38.766 | info     |           Metal | Fabric initialized on Device 19 (device.cpp:550)
2026-08-27 20:48:38.767 | info     |           Metal | Fabric initialized on Device 20 (device.cpp:550)
2026-08-27 20:48:38.768 | info     |           Metal | Fabric initialized on Device 21 (device.cpp:550)
2026-08-27 20:48:38.769 | info     |           Metal | Fabric initialized on Device 22 (device.cpp:550)
2026-08-27 20:48:38.770 | info     |           Metal | Fabric initialized on Device 23 (device.cpp:550)
2026-08-27 20:48:38.771 | info     |           Metal | Fabric initialized on Device 24 (device.cpp:550)
2026-08-27 20:48:38.773 | info     |           Metal | Fabric initialized on Device 25 (device.cpp:550)
2026-08-27 20:48:38.774 | info     |           Metal | Fabric initialized on Device 26 (device.cpp:550)
2026-08-27 20:48:38.775 | info     |           Metal | Fabric initialized on Device 27 (device.cpp:550)
2026-08-27 20:48:38.776 | info     |           Metal | Fabric initialized on Device 28 (device.cpp:550)
2026-08-27 20:48:38.777 | info     |           Metal | Fabric initialized on Device 29 (device.cpp:550)
2026-08-27 20:48:38.778 | info     |           Metal | Fabric initialized on Device 30 (device.cpp:550)
2026-08-27 20:48:38.779 | info     |           Metal | Fabric initialized on Device 31 (device.cpp:550)
2026-08-27 20:48:38.779 | info     |           Metal | Fabric initialized on 32 devices (fabric_firmware_initializer.cpp:444)
2026-08-27 20:48:38.779 | info     |           Metal | Fabric Initialized with config FabricConfig::FABRIC_1D_RING (fabric_firmware_initializer.cpp:313)
2026-08-27 20:48:39.874 | info     |           Metal | [Real-time profiler] Device 29 sync complete: 100 samples, frequency=0.985506 GHz, device_time_at_sync=3160757841265 cycles (realtime_profiler_manager.cpp:1398)
2026-08-27 20:48:39.874 | info     |           Metal | [Real-time profiler] Device 24 sync complete: 100 samples, frequency=0.985505 GHz, device_time_at_sync=3160776472743 cycles (realtime_profiler_manager.cpp:1398)
2026-08-27 20:48:39.874 | info     |           Metal | [Real-time profiler] Device 28 sync complete: 100 samples, frequency=0.985505 GHz, device_time_at_sync=3160647179333 cycles (realtime_profiler_manager.cpp:1398)
2026-08-27 20:48:39.874 | info     |           Metal | [Real-time profiler] Device 16 sync complete: 100 samples, frequency=0.985504 GHz, device_time_at_sync=3160223275117 cycles (realtime_profiler_manager.cpp:1398)
2026-08-27 20:48:39.874 | info     |           Metal | [Real-time profiler] Device 20 sync complete: 100 samples, frequency=0.985504 GHz, device_time_at_sync=3160292685322 cycles (realtime_profiler_manager.cpp:1398)
2026-08-27 20:48:39.874 | info     |           Metal | [Real-time profiler] Device 17 sync complete: 100 samples, frequency=0.985504 GHz, device_time_at_sync=3160472011534 cycles (realtime_profiler_manager.cpp:1398)
2026-08-27 20:48:39.874 | info     |           Metal | [Real-time profiler] Device 21 sync complete: 100 samples, frequency=0.985505 GHz, device_time_at_sync=3160441176028 cycles (realtime_profiler_manager.cpp:1398)
2026-08-27 20:48:39.874 | info     |           Metal | [Real-time profiler] Device 25 sync complete: 100 samples, frequency=0.985504 GHz, device_time_at_sync=3160788651546 cycles (realtime_profiler_manager.cpp:1398)
2026-08-27 20:48:39.875 | info     |           Metal | [Real-time profiler] Device 26 sync complete: 100 samples, frequency=0.985505 GHz, device_time_at_sync=3160592541959 cycles (realtime_profiler_manager.cpp:1398)
2026-08-27 20:48:39.875 | info     |           Metal | [Real-time profiler] Device 22 sync complete: 100 samples, frequency=0.985506 GHz, device_time_at_sync=3160397993952 cycles (realtime_profiler_manager.cpp:1398)
2026-08-27 20:48:39.875 | info     |           Metal | [Real-time profiler] Device 7 sync complete: 100 samples, frequency=0.985505 GHz, device_time_at_sync=3160244924823 cycles (realtime_profiler_manager.cpp:1398)
2026-08-27 20:48:39.875 | info     |           Metal | [Real-time profiler] Device 30 sync complete: 100 samples, frequency=0.985505 GHz, device_time_at_sync=3160714726041 cycles (realtime_profiler_manager.cpp:1398)
2026-08-27 20:48:39.875 | info     |           Metal | [Real-time profiler] Device 3 sync complete: 100 samples, frequency=0.985505 GHz, device_time_at_sync=3160076735969 cycles (realtime_profiler_manager.cpp:1398)
2026-08-27 20:48:39.875 | info     |           Metal | [Real-time profiler] Device 27 sync complete: 100 samples, frequency=0.985503 GHz, device_time_at_sync=3160601984595 cycles (realtime_profiler_manager.cpp:1398)
2026-08-27 20:48:39.875 | info     |           Metal | [Real-time profiler] Device 23 sync complete: 100 samples, frequency=0.985505 GHz, device_time_at_sync=3160379586660 cycles (realtime_profiler_manager.cpp:1398)
2026-08-27 20:48:39.875 | info     |           Metal | [Real-time profiler] Device 31 sync complete: 100 samples, frequency=0.985503 GHz, device_time_at_sync=3160912354240 cycles (realtime_profiler_manager.cpp:1398)
2026-08-27 20:48:39.875 | info     |           Metal | [Real-time profiler] Device 6 sync complete: 100 samples, frequency=0.985504 GHz, device_time_at_sync=3160087853428 cycles (realtime_profiler_manager.cpp:1398)
2026-08-27 20:48:39.875 | info     |           Metal | [Real-time profiler] Device 2 sync complete: 100 samples, frequency=0.985502 GHz, device_time_at_sync=3160020200847 cycles (realtime_profiler_manager.cpp:1398)
2026-08-27 20:48:39.875 | info     |           Metal | [Real-time profiler] Device 18 sync complete: 100 samples, frequency=0.985504 GHz, device_time_at_sync=3160479309779 cycles (realtime_profiler_manager.cpp:1398)
2026-08-27 20:48:39.875 | info     |           Metal | [Real-time profiler] Device 19 sync complete: 100 samples, frequency=0.985505 GHz, device_time_at_sync=3160478569292 cycles (realtime_profiler_manager.cpp:1398)
2026-08-27 20:48:39.875 | info     |           Metal | [Real-time profiler] Device 15 sync complete: 100 samples, frequency=0.985501 GHz, device_time_at_sync=3160262096886 cycles (realtime_profiler_manager.cpp:1398)
2026-08-27 20:48:39.875 | info     |           Metal | [Real-time profiler] Device 10 sync complete: 100 samples, frequency=0.985504 GHz, device_time_at_sync=3160161427225 cycles (realtime_profiler_manager.cpp:1398)
2026-08-27 20:48:39.875 | info     |           Metal | [Real-time profiler] Device 11 sync complete: 100 samples, frequency=0.985505 GHz, device_time_at_sync=3160074443690 cycles (realtime_profiler_manager.cpp:1398)
2026-08-27 20:48:39.875 | info     |           Metal | [Real-time profiler] Device 14 sync complete: 100 samples, frequency=0.985505 GHz, device_time_at_sync=3160257132273 cycles (realtime_profiler_manager.cpp:1398)
2026-08-27 20:48:39.875 | info     |           Metal | [Real-time profiler] Device 1 sync complete: 100 samples, frequency=0.985504 GHz, device_time_at_sync=3159926394463 cycles (realtime_profiler_manager.cpp:1398)
2026-08-27 20:48:39.875 | info     |           Metal | [Real-time profiler] Device 9 sync complete: 100 samples, frequency=0.985504 GHz, device_time_at_sync=3160212935867 cycles (realtime_profiler_manager.cpp:1398)
2026-08-27 20:48:39.875 | info     |           Metal | [Real-time profiler] Device 5 sync complete: 100 samples, frequency=0.985505 GHz, device_time_at_sync=3159918026586 cycles (realtime_profiler_manager.cpp:1398)
2026-08-27 20:48:39.875 | info     |           Metal | [Real-time profiler] Device 0 sync complete: 100 samples, frequency=0.985505 GHz, device_time_at_sync=3159855337872 cycles (realtime_profiler_manager.cpp:1398)
2026-08-27 20:48:39.875 | info     |           Metal | [Real-time profiler] Device 4 sync complete: 100 samples, frequency=0.985505 GHz, device_time_at_sync=3160162113907 cycles (realtime_profiler_manager.cpp:1398)
2026-08-27 20:48:39.876 | info     |           Metal | [Real-time profiler] Device 13 sync complete: 100 samples, frequency=0.985504 GHz, device_time_at_sync=3160252940151 cycles (realtime_profiler_manager.cpp:1398)
2026-08-27 20:48:39.876 | info     |           Metal | [Real-time profiler] Device 8 sync complete: 100 samples, frequency=0.985504 GHz, device_time_at_sync=3160124550065 cycles (realtime_profiler_manager.cpp:1398)
2026-08-27 20:48:39.876 | info     |           Metal | [Real-time profiler] Device 12 sync complete: 100 samples, frequency=0.985505 GHz, device_time_at_sync=3160116031416 cycles (realtime_profiler_manager.cpp:1398)
2026-08-27 20:48:40.215 | DEBUG    | conftest:mesh_device:630 - multidevice with 32 devices is created
[transformers] `torch_dtype` is deprecated! Use `dtype` instead!
Loading weights:   0%|          | 0/707 [00:00<?, ?it/s]Loading weights: 100%|██████████| 707/707 [00:00<00:00, 10110.44it/s]
2026-08-27 20:49:39.301 | INFO     | models.common.modules.lazy_weight:get_device_weight:120 - [32m[cache hit][0m Loading tensor from cache: model_cache/Qwen/Qwen3-32B/galaxy_8x4/mlp/layer0_w1_ring_srcshape_5120_25600_dtype_BFLOAT16_layout_TILE_memcfg_3449088037239643051_mapper_8df08bb751f6_device_0.tensorbin
2026-08-27 20:49:39.358 | INFO     | models.common.modules.lazy_weight:get_device_weight:120 - [32m[cache hit][0m Loading tensor from cache: model_cache/Qwen/Qwen3-32B/galaxy_8x4/mlp/layer0_w3_ring_srcshape_5120_25600_dtype_BFLOAT16_layout_TILE_memcfg_3449088037239643051_mapper_8df08bb751f6_device_0.tensorbin
2026-08-27 20:49:39.413 | INFO     | models.common.modules.lazy_weight:get_device_weight:120 - [32m[cache hit][0m Loading tensor from cache: model_cache/Qwen/Qwen3-32B/galaxy_8x4/mlp/layer0_w2_ring_srcshape_25600_5120_dtype_BFLOAT16_layout_TILE_memcfg_8502438299343861857_mapper_0bf8bf050070_device_0.tensorbin
2026-08-27 20:49:39.468 | INFO     | models.common.modules.lazy_weight:get_device_weight:120 - [32m[cache hit][0m Loading tensor from cache: model_cache/Qwen/Qwen3-32B/galaxy_8x4/mlp/layer1_w1_ring_srcshape_5120_25600_dtype_BFLOAT16_layout_TILE_memcfg_3449088037239643051_mapper_8df08bb751f6_device_0.tensorbin
2026-08-27 20:49:39.523 | INFO     | models.common.modules.lazy_weight:get_device_weight:120 - [32m[cache hit][0m Loading tensor from cache: model_cache/Qwen/Qwen3-32B/galaxy_8x4/mlp/layer1_w3_ring_srcshape_5120_25600_dtype_BFLOAT16_layout_TILE_memcfg_3449088037239643051_mapper_8df08bb751f6_device_0.tensorbin
2026-08-27 20:49:39.579 | INFO     | models.common.modules.lazy_weight:get_device_weight:120 - [32m[cache hit][0m Loading tensor from cache: model_cache/Qwen/Qwen3-32B/galaxy_8x4/mlp/layer1_w2_ring_srcshape_25600_5120_dtype_BFLOAT16_layout_TILE_memcfg_8502438299343861857_mapper_0bf8bf050070_device_0.tensorbin
2026-08-27 20:49:39.634 | INFO     | models.common.modules.lazy_weight:get_device_weight:120 - [32m[cache hit][0m Loading tensor from cache: model_cache/Qwen/Qwen3-32B/galaxy_8x4/mlp/layer2_w1_ring_srcshape_5120_25600_dtype_BFLOAT16_layout_TILE_memcfg_3449088037239643051_mapper_8df08bb751f6_device_0.tensorbin
2026-08-27 20:49:39.691 | INFO     | models.common.modules.lazy_weight:get_device_weight:120 - [32m[cache hit][0m Loading tensor from cache: model_cache/Qwen/Qwen3-32B/galaxy_8x4/mlp/layer2_w3_ring_srcshape_5120_25600_dtype_BFLOAT16_layout_TILE_memcfg_3449088037239643051_mapper_8df08bb751f6_device_0.tensorbin
2026-08-27 20:49:39.746 | INFO     | models.common.modules.lazy_weight:get_device_weight:120 - [32m[cache hit][0m Loading tensor from cache: model_cache/Qwen/Qwen3-32B/galaxy_8x4/mlp/layer2_w2_ring_srcshape_25600_5120_dtype_BFLOAT16_layout_TILE_memcfg_8502438299343861857_mapper_0bf8bf050070_device_0.tensorbin
2026-08-27 20:49:39.798 | INFO     | models.common.modules.lazy_weight:get_device_weight:120 - [32m[cache hit][0m Loading tensor from cache: model_cache/Qwen/Qwen3-32B/galaxy_8x4/mlp/layer3_w1_ring_srcshape_5120_25600_dtype_BFLOAT16_layout_TILE_memcfg_3449088037239643051_mapper_8df08bb751f6_device_0.tensorbin
2026-08-27 20:49:39.854 | INFO     | models.common.modules.lazy_weight:get_device_weight:120 - [32m[cache hit][0m Loading tensor from cache: model_cache/Qwen/Qwen3-32B/galaxy_8x4/mlp/layer3_w3_ring_srcshape_5120_25600_dtype_BFLOAT16_layout_TILE_memcfg_3449088037239643051_mapper_8df08bb751f6_device_0.tensorbin
2026-08-27 20:49:39.908 | INFO     | models.common.modules.lazy_weight:get_device_weight:120 - [32m[cache hit][0m Loading tensor from cache: model_cache/Qwen/Qwen3-32B/galaxy_8x4/mlp/layer3_w2_ring_srcshape_25600_5120_dtype_BFLOAT16_layout_TILE_memcfg_8502438299343861857_mapper_0bf8bf050070_device_0.tensorbin
2026-08-27 20:49:39.961 | INFO     | models.common.modules.lazy_weight:get_device_weight:120 - [32m[cache hit][0m Loading tensor from cache: model_cache/Qwen/Qwen3-32B/galaxy_8x4/mlp/layer4_w1_ring_srcshape_5120_25600_dtype_BFLOAT16_layout_TILE_memcfg_3449088037239643051_mapper_8df08bb751f6_device_0.tensorbin
2026-08-27 20:49:40.013 | INFO     | models.common.modules.lazy_weight:get_device_weight:120 - [32m[cache hit][0m Loading tensor from cache: model_cache/Qwen/Qwen3-32B/galaxy_8x4/mlp/layer4_w3_ring_srcshape_5120_25600_dtype_BFLOAT16_layout_TILE_memcfg_3449088037239643051_mapper_8df08bb751f6_device_0.tensorbin
2026-08-27 20:49:40.064 | INFO     | models.common.modules.lazy_weight:get_device_weight:120 - [32m[cache hit][0m Loading tensor from cache: model_cache/Qwen/Qwen3-32B/galaxy_8x4/mlp/layer4_w2_ring_srcshape_25600_5120_dtype_BFLOAT16_layout_TILE_memcfg_8502438299343861857_mapper_0bf8bf050070_device_0.tensorbin
2026-08-27 20:49:40.120 | INFO     | models.common.modules.lazy_weight:get_device_weight:120 - [32m[cache hit][0m Loading tensor from cache: model_cache/Qwen/Qwen3-32B/galaxy_8x4/mlp/layer5_w1_ring_srcshape_5120_25600_dtype_BFLOAT16_layout_TILE_memcfg_3449088037239643051_mapper_8df08bb751f6_device_0.tensorbin
2026-08-27 20:49:40.173 | INFO     | models.common.modules.lazy_weight:get_device_weight:120 - [32m[cache hit][0m Loading tensor from cache: model_cache/Qwen/Qwen3-32B/galaxy_8x4/mlp/layer5_w3_ring_srcshape_5120_25600_dtype_BFLOAT16_layout_TILE_memcfg_3449088037239643051_mapper_8df08bb751f6_device_0.tensorbin
2026-08-27 20:49:40.225 | INFO     | models.common.modules.lazy_weight:get_device_weight:120 - [32m[cache hit][0m Loading tensor from cache: model_cache/Qwen/Qwen3-32B/galaxy_8x4/mlp/layer5_w2_ring_srcshape_25600_5120_dtype_BFLOAT16_layout_TILE_memcfg_8502438299343861857_mapper_0bf8bf050070_device_0.tensorbin
2026-08-27 20:49:40.276 | INFO     | models.common.modules.lazy_weight:get_device_weight:120 - [32m[cache hit][0m Loading tensor from cache: model_cache/Qwen/Qwen3-32B/galaxy_8x4/mlp/layer6_w1_ring_srcshape_5120_25600_dtype_BFLOAT16_layout_TILE_memcfg_3449088037239643051_mapper_8df08bb751f6_device_0.tensorbin
2026-08-27 20:49:40.330 | INFO     | models.common.modules.lazy_weight:get_device_weight:120 - [32m[cache hit][0m Loading tensor from cache: model_cache/Qwen/Qwen3-32B/galaxy_8x4/mlp/layer6_w3_ring_srcshape_5120_25600_dtype_BFLOAT16_layout_TILE_memcfg_3449088037239643051_mapper_8df08bb751f6_device_0.tensorbin
2026-08-27 20:49:40.384 | INFO     | models.common.modules.lazy_weight:get_device_weight:120 - [32m[cache hit][0m Loading tensor from cache: model_cache/Qwen/Qwen3-32B/galaxy_8x4/mlp/layer6_w2_ring_srcshape_25600_5120_dtype_BFLOAT16_layout_TILE_memcfg_8502438299343861857_mapper_0bf8bf050070_device_0.tensorbin
2026-08-27 20:49:40.436 | INFO     | models.common.modules.lazy_weight:get_device_weight:120 - [32m[cache hit][0m Loading tensor from cache: model_cache/Qwen/Qwen3-32B/galaxy_8x4/mlp/layer7_w1_ring_srcshape_5120_25600_dtype_BFLOAT16_layout_TILE_memcfg_3449088037239643051_mapper_8df08bb751f6_device_0.tensorbin
2026-08-27 20:49:40.487 | INFO     | models.common.modules.lazy_weight:get_device_weight:120 - [32m[cache hit][0m Loading tensor from cache: model_cache/Qwen/Qwen3-32B/galaxy_8x4/mlp/layer7_w3_ring_srcshape_5120_25600_dtype_BFLOAT16_layout_TILE_memcfg_3449088037239643051_mapper_8df08bb751f6_device_0.tensorbin
2026-08-27 20:49:40.537 | INFO     | models.common.modules.lazy_weight:get_device_weight:120 - [32m[cache hit][0m Loading tensor from cache: model_cache/Qwen/Qwen3-32B/galaxy_8x4/mlp/layer7_w2_ring_srcshape_25600_5120_dtype_BFLOAT16_layout_TILE_memcfg_8502438299343861857_mapper_0bf8bf050070_device_0.tensorbin
2026-08-27 20:49:40.588 | INFO     | models.common.modules.lazy_weight:get_device_weight:120 - [32m[cache hit][0m Loading tensor from cache: model_cache/Qwen/Qwen3-32B/galaxy_8x4/mlp/layer8_w1_ring_srcshape_5120_25600_dtype_BFLOAT16_layout_TILE_memcfg_3449088037239643051_mapper_8df08bb751f6_device_0.tensorbin
2026-08-27 20:49:40.644 | INFO     | models.common.modules.lazy_weight:get_device_weight:120 - [32m[cache hit][0m Loading tensor from cache: model_cache/Qwen/Qwen3-32B/galaxy_8x4/mlp/layer8_w3_ring_srcshape_5120_25600_dtype_BFLOAT16_layout_TILE_memcfg_3449088037239643051_mapper_8df08bb751f6_device_0.tensorbin
2026-08-27 20:49:40.701 | INFO     | models.common.modules.lazy_weight:get_device_weight:120 - [32m[cache hit][0m Loading tensor from cache: model_cache/Qwen/Qwen3-32B/galaxy_8x4/mlp/layer8_w2_ring_srcshape_25600_5120_dtype_BFLOAT16_layout_TILE_memcfg_8502438299343861857_mapper_0bf8bf050070_device_0.tensorbin
2026-08-27 20:49:40.755 | INFO     | models.common.modules.lazy_weight:get_device_weight:120 - [32m[cache hit][0m Loading tensor from cache: model_cache/Qwen/Qwen3-32B/galaxy_8x4/mlp/layer9_w1_ring_srcshape_5120_25600_dtype_BFLOAT16_layout_TILE_memcfg_3449088037239643051_mapper_8df08bb751f6_device_0.tensorbin
2026-08-27 20:49:40.808 | INFO     | models.common.modules.lazy_weight:get_device_weight:120 - [32m[cache hit][0m Loading tensor from cache: model_cache/Qwen/Qwen3-32B/galaxy_8x4/mlp/layer9_w3_ring_srcshape_5120_25600_dtype_BFLOAT16_layout_TILE_memcfg_3449088037239643051_mapper_8df08bb751f6_device_0.tensorbin
2026-08-27 20:49:40.857 | INFO     | models.common.modules.lazy_weight:get_device_weight:120 - [32m[cache hit][0m Loading tensor from cache: model_cache/Qwen/Qwen3-32B/galaxy_8x4/mlp/layer9_w2_ring_srcshape_25600_5120_dtype_BFLOAT16_layout_TILE_memcfg_8502438299343861857_mapper_0bf8bf050070_device_0.tensorbin
2026-08-27 20:49:40.913 | INFO     | models.common.modules.lazy_weight:get_device_weight:120 - [32m[cache hit][0m Loading tensor from cache: model_cache/Qwen/Qwen3-32B/galaxy_8x4/mlp/layer10_w1_ring_srcshape_5120_25600_dtype_BFLOAT16_layout_TILE_memcfg_3449088037239643051_mapper_8df08bb751f6_device_0.tensorbin
2026-08-27 20:49:40.968 | INFO     | models.common.modules.lazy_weight:get_device_weight:120 - [32m[cache hit][0m Loading tensor from cache: model_cache/Qwen/Qwen3-32B/galaxy_8x4/mlp/layer10_w3_ring_srcshape_5120_25600_dtype_BFLOAT16_layout_TILE_memcfg_3449088037239643051_mapper_8df08bb751f6_device_0.tensorbin
2026-08-27 20:49:41.020 | INFO     | models.common.modules.lazy_weight:get_device_weight:120 - [32m[cache hit][0m Loading tensor from cache: model_cache/Qwen/Qwen3-32B/galaxy_8x4/mlp/layer10_w2_ring_srcshape_25600_5120_dtype_BFLOAT16_layout_TILE_memcfg_8502438299343861857_mapper_0bf8bf050070_device_0.tensorbin
2026-08-27 20:49:41.071 | INFO     | models.common.modules.lazy_weight:get_device_weight:120 - [32m[cache hit][0m Loading tensor from cache: model_cache/Qwen/Qwen3-32B/galaxy_8x4/mlp/layer11_w1_ring_srcshape_5120_25600_dtype_BFLOAT16_layout_TILE_memcfg_3449088037239643051_mapper_8df08bb751f6_device_0.tensorbin
2026-08-27 20:49:41.122 | INFO     | models.common.modules.lazy_weight:get_device_weight:120 - [32m[cache hit][0m Loading tensor from cache: model_cache/Qwen/Qwen3-32B/galaxy_8x4/mlp/layer11_w3_ring_srcshape_5120_25600_dtype_BFLOAT16_layout_TILE_memcfg_3449088037239643051_mapper_8df08bb751f6_device_0.tensorbin
2026-08-27 20:49:41.178 | INFO     | models.common.modules.lazy_weight:get_device_weight:120 - [32m[cache hit][0m Loading tensor from cache: model_cache/Qwen/Qwen3-32B/galaxy_8x4/mlp/layer11_w2_ring_srcshape_25600_5120_dtype_BFLOAT16_layout_TILE_memcfg_8502438299343861857_mapper_0bf8bf050070_device_0.tensorbin
2026-08-27 20:49:41.232 | INFO     | models.common.modules.lazy_weight:get_device_weight:120 - [32m[cache hit][0m Loading tensor from cache: model_cache/Qwen/Qwen3-32B/galaxy_8x4/mlp/layer12_w1_ring_srcshape_5120_25600_dtype_BFLOAT16_layout_TILE_memcfg_3449088037239643051_mapper_8df08bb751f6_device_0.tensorbin
2026-08-27 20:49:41.286 | INFO     | models.common.modules.lazy_weight:get_device_weight:120 - [32m[cache hit][0m Loading tensor from cache: model_cache/Qwen/Qwen3-32B/galaxy_8x4/mlp/layer12_w3_ring_srcshape_5120_25600_dtype_BFLOAT16_layout_TILE_memcfg_3449088037239643051_mapper_8df08bb751f6_device_0.tensorbin
2026-08-27 20:49:41.341 | INFO     | models.common.modules.lazy_weight:get_device_weight:120 - [32m[cache hit][0m Loading tensor from cache: model_cache/Qwen/Qwen3-32B/galaxy_8x4/mlp/layer12_w2_ring_srcshape_25600_5120_dtype_BFLOAT16_layout_TILE_memcfg_8502438299343861857_mapper_0bf8bf050070_device_0.tensorbin
2026-08-27 20:49:41.393 | INFO     | models.common.modules.lazy_weight:get_device_weight:120 - [32m[cache hit][0m Loading tensor from cache: model_cache/Qwen/Qwen3-32B/galaxy_8x4/mlp/layer13_w1_ring_srcshape_5120_25600_dtype_BFLOAT16_layout_TILE_memcfg_3449088037239643051_mapper_8df08bb751f6_device_0.tensorbin
2026-08-27 20:49:41.447 | INFO     | models.common.modules.lazy_weight:get_device_weight:120 - [32m[cache hit][0m Loading tensor from cache: model_cache/Qwen/Qwen3-32B/galaxy_8x4/mlp/layer13_w3_ring_srcshape_5120_25600_dtype_BFLOAT16_layout_TILE_memcfg_3449088037239643051_mapper_8df08bb751f6_device_0.tensorbin
2026-08-27 20:49:41.502 | INFO     | models.common.modules.lazy_weight:get_device_weight:120 - [32m[cache hit][0m Loading tensor from cache: model_cache/Qwen/Qwen3-32B/galaxy_8x4/mlp/layer13_w2_ring_srcshape_25600_5120_dtype_BFLOAT16_layout_TILE_memcfg_8502438299343861857_mapper_0bf8bf050070_device_0.tensorbin
2026-08-27 20:49:41.554 | INFO     | models.common.modules.lazy_weight:get_device_weight:120 - [32m[cache hit][0m Loading tensor from cache: model_cache/Qwen/Qwen3-32B/galaxy_8x4/mlp/layer14_w1_ring_srcshape_5120_25600_dtype_BFLOAT16_layout_TILE_memcfg_3449088037239643051_mapper_8df08bb751f6_device_0.tensorbin
2026-08-27 20:49:41.607 | INFO     | models.common.modules.lazy_weight:get_device_weight:120 - [32m[cache hit][0m Loading tensor from cache: model_cache/Qwen/Qwen3-32B/galaxy_8x4/mlp/layer14_w3_ring_srcshape_5120_25600_dtype_BFLOAT16_layout_TILE_memcfg_3449088037239643051_mapper_8df08bb751f6_device_0.tensorbin
2026-08-27 20:49:41.662 | INFO     | models.common.modules.lazy_weight:get_device_weight:120 - [32m[cache hit][0m Loading tensor from cache: model_cache/Qwen/Qwen3-32B/galaxy_8x4/mlp/layer14_w2_ring_srcshape_25600_5120_dtype_BFLOAT16_layout_TILE_memcfg_8502438299343861857_mapper_0bf8bf050070_device_0.tensorbin
2026-08-27 20:49:41.717 | INFO     | models.common.modules.lazy_weight:get_device_weight:120 - [32m[cache hit][0m Loading tensor from cache: model_cache/Qwen/Qwen3-32B/galaxy_8x4/mlp/layer15_w1_ring_srcshape_5120_25600_dtype_BFLOAT16_layout_TILE_memcfg_3449088037239643051_mapper_8df08bb751f6_device_0.tensorbin
2026-08-27 20:49:41.772 | INFO     | models.common.modules.lazy_weight:get_device_weight:120 - [32m[cache hit][0m Loading tensor from cache: model_cache/Qwen/Qwen3-32B/galaxy_8x4/mlp/layer15_w3_ring_srcshape_5120_25600_dtype_BFLOAT16_layout_TILE_memcfg_3449088037239643051_mapper_8df08bb751f6_device_0.tensorbin
2026-08-27 20:49:41.825 | INFO     | models.common.modules.lazy_weight:get_device_weight:120 - [32m[cache hit][0m Loading tensor from cache: model_cache/Qwen/Qwen3-32B/galaxy_8x4/mlp/layer15_w2_ring_srcshape_25600_5120_dtype_BFLOAT16_layout_TILE_memcfg_8502438299343861857_mapper_0bf8bf050070_device_0.tensorbin
2026-08-27 20:49:41.876 | INFO     | models.common.modules.lazy_weight:get_device_weight:120 - [32m[cache hit][0m Loading tensor from cache: model_cache/Qwen/Qwen3-32B/galaxy_8x4/mlp/layer16_w1_ring_srcshape_5120_25600_dtype_BFLOAT16_layout_TILE_memcfg_3449088037239643051_mapper_8df08bb751f6_device_0.tensorbin
2026-08-27 20:49:41.930 | INFO     | models.common.modules.lazy_weight:get_device_weight:120 - [32m[cache hit][0m Loading tensor from cache: model_cache/Qwen/Qwen3-32B/galaxy_8x4/mlp/layer16_w3_ring_srcshape_5120_25600_dtype_BFLOAT16_layout_TILE_memcfg_3449088037239643051_mapper_8df08bb751f6_device_0.tensorbin
2026-08-27 20:49:41.986 | INFO     | models.common.modules.lazy_weight:get_device_weight:120 - [32m[cache hit][0m Loading tensor from cache: model_cache/Qwen/Qwen3-32B/galaxy_8x4/mlp/layer16_w2_ring_srcshape_25600_5120_dtype_BFLOAT16_layout_TILE_memcfg_8502438299343861857_mapper_0bf8bf050070_device_0.tensorbin
2026-08-27 20:49:42.042 | INFO     | models.common.modules.lazy_weight:get_device_weight:120 - [32m[cache hit][0m Loading tensor from cache: model_cache/Qwen/Qwen3-32B/galaxy_8x4/mlp/layer17_w1_ring_srcshape_5120_25600_dtype_BFLOAT16_layout_TILE_memcfg_3449088037239643051_mapper_8df08bb751f6_device_0.tensorbin
2026-08-27 20:49:42.097 | INFO     | models.common.modules.lazy_weight:get_device_weight:120 - [32m[cache hit][0m Loading tensor from cache: model_cache/Qwen/Qwen3-32B/galaxy_8x4/mlp/layer17_w3_ring_srcshape_5120_25600_dtype_BFLOAT16_layout_TILE_memcfg_3449088037239643051_mapper_8df08bb751f6_device_0.tensorbin
2026-08-27 20:49:42.147 | INFO     | models.common.modules.lazy_weight:get_device_weight:120 - [32m[cache hit][0m Loading tensor from cache: model_cache/Qwen/Qwen3-32B/galaxy_8x4/mlp/layer17_w2_ring_srcshape_25600_5120_dtype_BFLOAT16_layout_TILE_memcfg_8502438299343861857_mapper_0bf8bf050070_device_0.tensorbin
2026-08-27 20:49:42.200 | INFO     | models.common.modules.lazy_weight:get_device_weight:120 - [32m[cache hit][0m Loading tensor from cache: model_cache/Qwen/Qwen3-32B/galaxy_8x4/mlp/layer18_w1_ring_srcshape_5120_25600_dtype_BFLOAT16_layout_TILE_memcfg_3449088037239643051_mapper_8df08bb751f6_device_0.tensorbin
2026-08-27 20:49:42.256 | INFO     | models.common.modules.lazy_weight:get_device_weight:120 - [32m[cache hit][0m Loading tensor from cache: model_cache/Qwen/Qwen3-32B/galaxy_8x4/mlp/layer18_w3_ring_srcshape_5120_25600_dtype_BFLOAT16_layout_TILE_memcfg_3449088037239643051_mapper_8df08bb751f6_device_0.tensorbin
2026-08-27 20:49:42.311 | INFO     | models.common.modules.lazy_weight:get_device_weight:120 - [32m[cache hit][0m Loading tensor from cache: model_cache/Qwen/Qwen3-32B/galaxy_8x4/mlp/layer18_w2_ring_srcshape_25600_5120_dtype_BFLOAT16_layout_TILE_memcfg_8502438299343861857_mapper_0bf8bf050070_device_0.tensorbin
2026-08-27 20:49:42.369 | INFO     | models.common.modules.lazy_weight:get_device_weight:120 - [32m[cache hit][0m Loading tensor from cache: model_cache/Qwen/Qwen3-32B/galaxy_8x4/mlp/layer19_w1_ring_srcshape_5120_25600_dtype_BFLOAT16_layout_TILE_memcfg_3449088037239643051_mapper_8df08bb751f6_device_0.tensorbin
2026-08-27 20:49:42.420 | INFO     | models.common.modules.lazy_weight:get_device_weight:120 - [32m[cache hit][0m Loading tensor from cache: model_cache/Qwen/Qwen3-32B/galaxy_8x4/mlp/layer19_w3_ring_srcshape_5120_25600_dtype_BFLOAT16_layout_TILE_memcfg_3449088037239643051_mapper_8df08bb751f6_device_0.tensorbin
2026-08-27 20:49:42.472 | INFO     | models.common.modules.lazy_weight:get_device_weight:120 - [32m[cache hit][0m Loading tensor from cache: model_cache/Qwen/Qwen3-32B/galaxy_8x4/mlp/layer19_w2_ring_srcshape_25600_5120_dtype_BFLOAT16_layout_TILE_memcfg_8502438299343861857_mapper_0bf8bf050070_device_0.tensorbin
2026-08-27 20:49:42.526 | INFO     | models.common.modules.lazy_weight:get_device_weight:120 - [32m[cache hit][0m Loading tensor from cache: model_cache/Qwen/Qwen3-32B/galaxy_8x4/mlp/layer20_w1_ring_srcshape_5120_25600_dtype_BFLOAT16_layout_TILE_memcfg_3449088037239643051_mapper_8df08bb751f6_device_0.tensorbin
2026-08-27 20:49:42.580 | INFO     | models.common.modules.lazy_weight:get_device_weight:120 - [32m[cache hit][0m Loading tensor from cache: model_cache/Qwen/Qwen3-32B/galaxy_8x4/mlp/layer20_w3_ring_srcshape_5120_25600_dtype_BFLOAT16_layout_TILE_memcfg_3449088037239643051_mapper_8df08bb751f6_device_0.tensorbin
2026-08-27 20:49:42.632 | INFO     | models.common.modules.lazy_weight:get_device_weight:120 - [32m[cache hit][0m Loading tensor from cache: model_cache/Qwen/Qwen3-32B/galaxy_8x4/mlp/layer20_w2_ring_srcshape_25600_5120_dtype_BFLOAT16_layout_TILE_memcfg_8502438299343861857_mapper_0bf8bf050070_device_0.tensorbin
2026-08-27 20:49:42.683 | INFO     | models.common.modules.lazy_weight:get_device_weight:120 - [32m[cache hit][0m Loading tensor from cache: model_cache/Qwen/Qwen3-32B/galaxy_8x4/mlp/layer21_w1_ring_srcshape_5120_25600_dtype_BFLOAT16_layout_TILE_memcfg_3449088037239643051_mapper_8df08bb751f6_device_0.tensorbin
2026-08-27 20:49:42.737 | INFO     | models.common.modules.lazy_weight:get_device_weight:120 - [32m[cache hit][0m Loading tensor from cache: model_cache/Qwen/Qwen3-32B/galaxy_8x4/mlp/layer21_w3_ring_srcshape_5120_25600_dtype_BFLOAT16_layout_TILE_memcfg_3449088037239643051_mapper_8df08bb751f6_device_0.tensorbin
2026-08-27 20:49:42.794 | INFO     | models.common.modules.lazy_weight:get_device_weight:120 - [32m[cache hit][0m Loading tensor from cache: model_cache/Qwen/Qwen3-32B/galaxy_8x4/mlp/layer21_w2_ring_srcshape_25600_5120_dtype_BFLOAT16_layout_TILE_memcfg_8502438299343861857_mapper_0bf8bf050070_device_0.tensorbin
2026-08-27 20:49:42.846 | INFO     | models.common.modules.lazy_weight:get_device_weight:120 - [32m[cache hit][0m Loading tensor from cache: model_cache/Qwen/Qwen3-32B/galaxy_8x4/mlp/layer22_w1_ring_srcshape_5120_25600_dtype_BFLOAT16_layout_TILE_memcfg_3449088037239643051_mapper_8df08bb751f6_device_0.tensorbin
2026-08-27 20:49:42.897 | INFO     | models.common.modules.lazy_weight:get_device_weight:120 - [32m[cache hit][0m Loading tensor from cache: model_cache/Qwen/Qwen3-32B/galaxy_8x4/mlp/layer22_w3_ring_srcshape_5120_25600_dtype_BFLOAT16_layout_TILE_memcfg_3449088037239643051_mapper_8df08bb751f6_device_0.tensorbin
2026-08-27 20:49:42.949 | INFO     | models.common.modules.lazy_weight:get_device_weight:120 - [32m[cache hit][0m Loading tensor from cache: model_cache/Qwen/Qwen3-32B/galaxy_8x4/mlp/layer22_w2_ring_srcshape_25600_5120_dtype_BFLOAT16_layout_TILE_memcfg_8502438299343861857_mapper_0bf8bf050070_device_0.tensorbin
2026-08-27 20:49:43.004 | INFO     | models.common.modules.lazy_weight:get_device_weight:120 - [32m[cache hit][0m Loading tensor from cache: model_cache/Qwen/Qwen3-32B/galaxy_8x4/mlp/layer23_w1_ring_srcshape_5120_25600_dtype_BFLOAT16_layout_TILE_memcfg_3449088037239643051_mapper_8df08bb751f6_device_0.tensorbin
2026-08-27 20:49:43.060 | INFO     | models.common.modules.lazy_weight:get_device_weight:120 - [32m[cache hit][0m Loading tensor from cache: model_cache/Qwen/Qwen3-32B/galaxy_8x4/mlp/layer23_w3_ring_srcshape_5120_25600_dtype_BFLOAT16_layout_TILE_memcfg_3449088037239643051_mapper_8df08bb751f6_device_0.tensorbin
2026-08-27 20:49:43.114 | INFO     | models.common.modules.lazy_weight:get_device_weight:120 - [32m[cache hit][0m Loading tensor from cache: model_cache/Qwen/Qwen3-32B/galaxy_8x4/mlp/layer23_w2_ring_srcshape_25600_5120_dtype_BFLOAT16_layout_TILE_memcfg_8502438299343861857_mapper_0bf8bf050070_device_0.tensorbin
2026-08-27 20:49:43.166 | INFO     | models.common.modules.lazy_weight:get_device_weight:120 - [32m[cache hit][0m Loading tensor from cache: model_cache/Qwen/Qwen3-32B/galaxy_8x4/mlp/layer24_w1_ring_srcshape_5120_25600_dtype_BFLOAT16_layout_TILE_memcfg_3449088037239643051_mapper_8df08bb751f6_device_0.tensorbin
2026-08-27 20:49:43.217 | INFO     | models.common.modules.lazy_weight:get_device_weight:120 - [32m[cache hit][0m Loading tensor from cache: model_cache/Qwen/Qwen3-32B/galaxy_8x4/mlp/layer24_w3_ring_srcshape_5120_25600_dtype_BFLOAT16_layout_TILE_memcfg_3449088037239643051_mapper_8df08bb751f6_device_0.tensorbin
2026-08-27 20:49:43.267 | INFO     | models.common.modules.lazy_weight:get_device_weight:120 - [32m[cache hit][0m Loading tensor from cache: model_cache/Qwen/Qwen3-32B/galaxy_8x4/mlp/layer24_w2_ring_srcshape_25600_5120_dtype_BFLOAT16_layout_TILE_memcfg_8502438299343861857_mapper_0bf8bf050070_device_0.tensorbin
2026-08-27 20:49:43.323 | INFO     | models.common.modules.lazy_weight:get_device_weight:120 - [32m[cache hit][0m Loading tensor from cache: model_cache/Qwen/Qwen3-32B/galaxy_8x4/mlp/layer25_w1_ring_srcshape_5120_25600_dtype_BFLOAT16_layout_TILE_memcfg_3449088037239643051_mapper_8df08bb751f6_device_0.tensorbin
2026-08-27 20:49:43.379 | INFO     | models.common.modules.lazy_weight:get_device_weight:120 - [32m[cache hit][0m Loading tensor from cache: model_cache/Qwen/Qwen3-32B/galaxy_8x4/mlp/layer25_w3_ring_srcshape_5120_25600_dtype_BFLOAT16_layout_TILE_memcfg_3449088037239643051_mapper_8df08bb751f6_device_0.tensorbin
2026-08-27 20:49:43.431 | INFO     | models.common.modules.lazy_weight:get_device_weight:120 - [32m[cache hit][0m Loading tensor from cache: model_cache/Qwen/Qwen3-32B/galaxy_8x4/mlp/layer25_w2_ring_srcshape_25600_5120_dtype_BFLOAT16_layout_TILE_memcfg_8502438299343861857_mapper_0bf8bf050070_device_0.tensorbin
2026-08-27 20:49:43.484 | INFO     | models.common.modules.lazy_weight:get_device_weight:120 - [32m[cache hit][0m Loading tensor from cache: model_cache/Qwen/Qwen3-32B/galaxy_8x4/mlp/layer26_w1_ring_srcshape_5120_25600_dtype_BFLOAT16_layout_TILE_memcfg_3449088037239643051_mapper_8df08bb751f6_device_0.tensorbin
2026-08-27 20:49:43.536 | INFO     | models.common.modules.lazy_weight:get_device_weight:120 - [32m[cache hit][0m Loading tensor from cache: model_cache/Qwen/Qwen3-32B/galaxy_8x4/mlp/layer26_w3_ring_srcshape_5120_25600_dtype_BFLOAT16_layout_TILE_memcfg_3449088037239643051_mapper_8df08bb751f6_device_0.tensorbin
2026-08-27 20:49:43.592 | INFO     | models.common.modules.lazy_weight:get_device_weight:120 - [32m[cache hit][0m Loading tensor from cache: model_cache/Qwen/Qwen3-32B/galaxy_8x4/mlp/layer26_w2_ring_srcshape_25600_5120_dtype_BFLOAT16_layout_TILE_memcfg_8502438299343861857_mapper_0bf8bf050070_device_0.tensorbin
2026-08-27 20:49:43.649 | INFO     | models.common.modules.lazy_weight:get_device_weight:120 - [32m[cache hit][0m Loading tensor from cache: model_cache/Qwen/Qwen3-32B/galaxy_8x4/mlp/layer27_w1_ring_srcshape_5120_25600_dtype_BFLOAT16_layout_TILE_memcfg_3449088037239643051_mapper_8df08bb751f6_device_0.tensorbin
2026-08-27 20:49:43.704 | INFO     | models.common.modules.lazy_weight:get_device_weight:120 - [32m[cache hit][0m Loading tensor from cache: model_cache/Qwen/Qwen3-32B/galaxy_8x4/mlp/layer27_w3_ring_srcshape_5120_25600_dtype_BFLOAT16_layout_TILE_memcfg_3449088037239643051_mapper_8df08bb751f6_device_0.tensorbin
2026-08-27 20:49:43.757 | INFO     | models.common.modules.lazy_weight:get_device_weight:120 - [32m[cache hit][0m Loading tensor from cache: model_cache/Qwen/Qwen3-32B/galaxy_8x4/mlp/layer27_w2_ring_srcshape_25600_5120_dtype_BFLOAT16_layout_TILE_memcfg_8502438299343861857_mapper_0bf8bf050070_device_0.tensorbin
2026-08-27 20:49:43.814 | INFO     | models.common.modules.lazy_weight:get_device_weight:120 - [32m[cache hit][0m Loading tensor from cache: model_cache/Qwen/Qwen3-32B/galaxy_8x4/mlp/layer28_w1_ring_srcshape_5120_25600_dtype_BFLOAT16_layout_TILE_memcfg_3449088037239643051_mapper_8df08bb751f6_device_0.tensorbin
2026-08-27 20:49:43.865 | INFO     | models.common.modules.lazy_weight:get_device_weight:120 - [32m[cache hit][0m Loading tensor from cache: model_cache/Qwen/Qwen3-32B/galaxy_8x4/mlp/layer28_w3_ring_srcshape_5120_25600_dtype_BFLOAT16_layout_TILE_memcfg_3449088037239643051_mapper_8df08bb751f6_device_0.tensorbin
2026-08-27 20:49:43.917 | INFO     | models.common.modules.lazy_weight:get_device_weight:120 - [32m[cache hit][0m Loading tensor from cache: model_cache/Qwen/Qwen3-32B/galaxy_8x4/mlp/layer28_w2_ring_srcshape_25600_5120_dtype_BFLOAT16_layout_TILE_memcfg_8502438299343861857_mapper_0bf8bf050070_device_0.tensorbin
2026-08-27 20:49:43.966 | INFO     | models.common.modules.lazy_weight:get_device_weight:120 - [32m[cache hit][0m Loading tensor from cache: model_cache/Qwen/Qwen3-32B/galaxy_8x4/mlp/layer29_w1_ring_srcshape_5120_25600_dtype_BFLOAT16_layout_TILE_memcfg_3449088037239643051_mapper_8df08bb751f6_device_0.tensorbin
2026-08-27 20:49:44.017 | INFO     | models.common.modules.lazy_weight:get_device_weight:120 - [32m[cache hit][0m Loading tensor from cache: model_cache/Qwen/Qwen3-32B/galaxy_8x4/mlp/layer29_w3_ring_srcshape_5120_25600_dtype_BFLOAT16_layout_TILE_memcfg_3449088037239643051_mapper_8df08bb751f6_device_0.tensorbin
2026-08-27 20:49:44.070 | INFO     | models.common.modules.lazy_weight:get_device_weight:120 - [32m[cache hit][0m Loading tensor from cache: model_cache/Qwen/Qwen3-32B/galaxy_8x4/mlp/layer29_w2_ring_srcshape_25600_5120_dtype_BFLOAT16_layout_TILE_memcfg_8502438299343861857_mapper_0bf8bf050070_device_0.tensorbin
2026-08-27 20:49:44.121 | INFO     | models.common.modules.lazy_weight:get_device_weight:120 - [32m[cache hit][0m Loading tensor from cache: model_cache/Qwen/Qwen3-32B/galaxy_8x4/mlp/layer30_w1_ring_srcshape_5120_25600_dtype_BFLOAT16_layout_TILE_memcfg_3449088037239643051_mapper_8df08bb751f6_device_0.tensorbin
2026-08-27 20:49:44.172 | INFO     | models.common.modules.lazy_weight:get_device_weight:120 - [32m[cache hit][0m Loading tensor from cache: model_cache/Qwen/Qwen3-32B/galaxy_8x4/mlp/layer30_w3_ring_srcshape_5120_25600_dtype_BFLOAT16_layout_TILE_memcfg_3449088037239643051_mapper_8df08bb751f6_device_0.tensorbin
2026-08-27 20:49:44.223 | INFO     | models.common.modules.lazy_weight:get_device_weight:120 - [32m[cache hit][0m Loading tensor from cache: model_cache/Qwen/Qwen3-32B/galaxy_8x4/mlp/layer30_w2_ring_srcshape_25600_5120_dtype_BFLOAT16_layout_TILE_memcfg_8502438299343861857_mapper_0bf8bf050070_device_0.tensorbin
2026-08-27 20:49:44.274 | INFO     | models.common.modules.lazy_weight:get_device_weight:120 - [32m[cache hit][0m Loading tensor from cache: model_cache/Qwen/Qwen3-32B/galaxy_8x4/mlp/layer31_w1_ring_srcshape_5120_25600_dtype_BFLOAT16_layout_TILE_memcfg_3449088037239643051_mapper_8df08bb751f6_device_0.tensorbin
2026-08-27 20:49:44.329 | INFO     | models.common.modules.lazy_weight:get_device_weight:120 - [32m[cache hit][0m Loading tensor from cache: model_cache/Qwen/Qwen3-32B/galaxy_8x4/mlp/layer31_w3_ring_srcshape_5120_25600_dtype_BFLOAT16_layout_TILE_memcfg_3449088037239643051_mapper_8df08bb751f6_device_0.tensorbin
2026-08-27 20:49:44.384 | INFO     | models.common.modules.lazy_weight:get_device_weight:120 - [32m[cache hit][0m Loading tensor from cache: model_cache/Qwen/Qwen3-32B/galaxy_8x4/mlp/layer31_w2_ring_srcshape_25600_5120_dtype_BFLOAT16_layout_TILE_memcfg_8502438299343861857_mapper_0bf8bf050070_device_0.tensorbin
2026-08-27 20:49:44.435 | INFO     | models.common.modules.lazy_weight:get_device_weight:120 - [32m[cache hit][0m Loading tensor from cache: model_cache/Qwen/Qwen3-32B/galaxy_8x4/mlp/layer32_w1_ring_srcshape_5120_25600_dtype_BFLOAT16_layout_TILE_memcfg_3449088037239643051_mapper_8df08bb751f6_device_0.tensorbin
2026-08-27 20:49:44.485 | INFO     | models.common.modules.lazy_weight:get_device_weight:120 - [32m[cache hit][0m Loading tensor from cache: model_cache/Qwen/Qwen3-32B/galaxy_8x4/mlp/layer32_w3_ring_srcshape_5120_25600_dtype_BFLOAT16_layout_TILE_memcfg_3449088037239643051_mapper_8df08bb751f6_device_0.tensorbin
2026-08-27 20:49:44.536 | INFO     | models.common.modules.lazy_weight:get_device_weight:120 - [32m[cache hit][0m Loading tensor from cache: model_cache/Qwen/Qwen3-32B/galaxy_8x4/mlp/layer32_w2_ring_srcshape_25600_5120_dtype_BFLOAT16_layout_TILE_memcfg_8502438299343861857_mapper_0bf8bf050070_device_0.tensorbin
2026-08-27 20:49:44.591 | INFO     | models.common.modules.lazy_weight:get_device_weight:120 - [32m[cache hit][0m Loading tensor from cache: model_cache/Qwen/Qwen3-32B/galaxy_8x4/mlp/layer33_w1_ring_srcshape_5120_25600_dtype_BFLOAT16_layout_TILE_memcfg_3449088037239643051_mapper_8df08bb751f6_device_0.tensorbin
2026-08-27 20:49:44.645 | INFO     | models.common.modules.lazy_weight:get_device_weight:120 - [32m[cache hit][0m Loading tensor from cache: model_cache/Qwen/Qwen3-32B/galaxy_8x4/mlp/layer33_w3_ring_srcshape_5120_25600_dtype_BFLOAT16_layout_TILE_memcfg_3449088037239643051_mapper_8df08bb751f6_device_0.tensorbin
2026-08-27 20:49:44.698 | INFO     | models.common.modules.lazy_weight:get_device_weight:120 - [32m[cache hit][0m Loading tensor from cache: model_cache/Qwen/Qwen3-32B/galaxy_8x4/mlp/layer33_w2_ring_srcshape_25600_5120_dtype_BFLOAT16_layout_TILE_memcfg_8502438299343861857_mapper_0bf8bf050070_device_0.tensorbin
2026-08-27 20:49:44.750 | INFO     | models.common.modules.lazy_weight:get_device_weight:120 - [32m[cache hit][0m Loading tensor from cache: model_cache/Qwen/Qwen3-32B/galaxy_8x4/mlp/layer34_w1_ring_srcshape_5120_25600_dtype_BFLOAT16_layout_TILE_memcfg_3449088037239643051_mapper_8df08bb751f6_device_0.tensorbin
2026-08-27 20:49:44.805 | INFO     | models.common.modules.lazy_weight:get_device_weight:120 - [32m[cache hit][0m Loading tensor from cache: model_cache/Qwen/Qwen3-32B/galaxy_8x4/mlp/layer34_w3_ring_srcshape_5120_25600_dtype_BFLOAT16_layout_TILE_memcfg_3449088037239643051_mapper_8df08bb751f6_device_0.tensorbin
2026-08-27 20:49:44.860 | INFO     | models.common.modules.lazy_weight:get_device_weight:120 - [32m[cache hit][0m Loading tensor from cache: model_cache/Qwen/Qwen3-32B/galaxy_8x4/mlp/layer34_w2_ring_srcshape_25600_5120_dtype_BFLOAT16_layout_TILE_memcfg_8502438299343861857_mapper_0bf8bf050070_device_0.tensorbin
2026-08-27 20:49:44.911 | INFO     | models.common.modules.lazy_weight:get_device_weight:120 - [32m[cache hit][0m Loading tensor from cache: model_cache/Qwen/Qwen3-32B/galaxy_8x4/mlp/layer35_w1_ring_srcshape_5120_25600_dtype_BFLOAT16_layout_TILE_memcfg_3449088037239643051_mapper_8df08bb751f6_device_0.tensorbin
2026-08-27 20:49:44.966 | INFO     | models.common.modules.lazy_weight:get_device_weight:120 - [32m[cache hit][0m Loading tensor from cache: model_cache/Qwen/Qwen3-32B/galaxy_8x4/mlp/layer35_w3_ring_srcshape_5120_25600_dtype_BFLOAT16_layout_TILE_memcfg_3449088037239643051_mapper_8df08bb751f6_device_0.tensorbin
2026-08-27 20:49:45.016 | INFO     | models.common.modules.lazy_weight:get_device_weight:120 - [32m[cache hit][0m Loading tensor from cache: model_cache/Qwen/Qwen3-32B/galaxy_8x4/mlp/layer35_w2_ring_srcshape_25600_5120_dtype_BFLOAT16_layout_TILE_memcfg_8502438299343861857_mapper_0bf8bf050070_device_0.tensorbin
2026-08-27 20:49:45.069 | INFO     | models.common.modules.lazy_weight:get_device_weight:120 - [32m[cache hit][0m Loading tensor from cache: model_cache/Qwen/Qwen3-32B/galaxy_8x4/mlp/layer36_w1_ring_srcshape_5120_25600_dtype_BFLOAT16_layout_TILE_memcfg_3449088037239643051_mapper_8df08bb751f6_device_0.tensorbin
2026-08-27 20:49:45.123 | INFO     | models.common.modules.lazy_weight:get_device_weight:120 - [32m[cache hit][0m Loading tensor from cache: model_cache/Qwen/Qwen3-32B/galaxy_8x4/mlp/layer36_w3_ring_srcshape_5120_25600_dtype_BFLOAT16_layout_TILE_memcfg_3449088037239643051_mapper_8df08bb751f6_device_0.tensorbin
2026-08-27 20:49:45.176 | INFO     | models.common.modules.lazy_weight:get_device_weight:120 - [32m[cache hit][0m Loading tensor from cache: model_cache/Qwen/Qwen3-32B/galaxy_8x4/mlp/layer36_w2_ring_srcshape_25600_5120_dtype_BFLOAT16_layout_TILE_memcfg_8502438299343861857_mapper_0bf8bf050070_device_0.tensorbin
2026-08-27 20:49:45.228 | INFO     | models.common.modules.lazy_weight:get_device_weight:120 - [32m[cache hit][0m Loading tensor from cache: model_cache/Qwen/Qwen3-32B/galaxy_8x4/mlp/layer37_w1_ring_srcshape_5120_25600_dtype_BFLOAT16_layout_TILE_memcfg_3449088037239643051_mapper_8df08bb751f6_device_0.tensorbin
2026-08-27 20:49:45.278 | INFO     | models.common.modules.lazy_weight:get_device_weight:120 - [32m[cache hit][0m Loading tensor from cache: model_cache/Qwen/Qwen3-32B/galaxy_8x4/mlp/layer37_w3_ring_srcshape_5120_25600_dtype_BFLOAT16_layout_TILE_memcfg_3449088037239643051_mapper_8df08bb751f6_device_0.tensorbin
2026-08-27 20:49:45.329 | INFO     | models.common.modules.lazy_weight:get_device_weight:120 - [32m[cache hit][0m Loading tensor from cache: model_cache/Qwen/Qwen3-32B/galaxy_8x4/mlp/layer37_w2_ring_srcshape_25600_5120_dtype_BFLOAT16_layout_TILE_memcfg_8502438299343861857_mapper_0bf8bf050070_device_0.tensorbin
2026-08-27 20:49:45.388 | INFO     | models.common.modules.lazy_weight:get_device_weight:120 - [32m[cache hit][0m Loading tensor from cache: model_cache/Qwen/Qwen3-32B/galaxy_8x4/mlp/layer38_w1_ring_srcshape_5120_25600_dtype_BFLOAT16_layout_TILE_memcfg_3449088037239643051_mapper_8df08bb751f6_device_0.tensorbin
2026-08-27 20:49:45.443 | INFO     | models.common.modules.lazy_weight:get_device_weight:120 - [32m[cache hit][0m Loading tensor from cache: model_cache/Qwen/Qwen3-32B/galaxy_8x4/mlp/layer38_w3_ring_srcshape_5120_25600_dtype_BFLOAT16_layout_TILE_memcfg_3449088037239643051_mapper_8df08bb751f6_device_0.tensorbin
2026-08-27 20:49:45.499 | INFO     | models.common.modules.lazy_weight:get_device_weight:120 - [32m[cache hit][0m Loading tensor from cache: model_cache/Qwen/Qwen3-32B/galaxy_8x4/mlp/layer38_w2_ring_srcshape_25600_5120_dtype_BFLOAT16_layout_TILE_memcfg_8502438299343861857_mapper_0bf8bf050070_device_0.tensorbin
2026-08-27 20:49:45.550 | INFO     | models.common.modules.lazy_weight:get_device_weight:120 - [32m[cache hit][0m Loading tensor from cache: model_cache/Qwen/Qwen3-32B/galaxy_8x4/mlp/layer39_w1_ring_srcshape_5120_25600_dtype_BFLOAT16_layout_TILE_memcfg_3449088037239643051_mapper_8df08bb751f6_device_0.tensorbin
2026-08-27 20:49:45.602 | INFO     | models.common.modules.lazy_weight:get_device_weight:120 - [32m[cache hit][0m Loading tensor from cache: model_cache/Qwen/Qwen3-32B/galaxy_8x4/mlp/layer39_w3_ring_srcshape_5120_25600_dtype_BFLOAT16_layout_TILE_memcfg_3449088037239643051_mapper_8df08bb751f6_device_0.tensorbin
2026-08-27 20:49:45.654 | INFO     | models.common.modules.lazy_weight:get_device_weight:120 - [32m[cache hit][0m Loading tensor from cache: model_cache/Qwen/Qwen3-32B/galaxy_8x4/mlp/layer39_w2_ring_srcshape_25600_5120_dtype_BFLOAT16_layout_TILE_memcfg_8502438299343861857_mapper_0bf8bf050070_device_0.tensorbin
2026-08-27 20:49:45.705 | INFO     | models.common.modules.lazy_weight:get_device_weight:120 - [32m[cache hit][0m Loading tensor from cache: model_cache/Qwen/Qwen3-32B/galaxy_8x4/mlp/layer40_w1_ring_srcshape_5120_25600_dtype_BFLOAT16_layout_TILE_memcfg_3449088037239643051_mapper_8df08bb751f6_device_0.tensorbin
2026-08-27 20:49:45.757 | INFO     | models.common.modules.lazy_weight:get_device_weight:120 - [32m[cache hit][0m Loading tensor from cache: model_cache/Qwen/Qwen3-32B/galaxy_8x4/mlp/layer40_w3_ring_srcshape_5120_25600_dtype_BFLOAT16_layout_TILE_memcfg_3449088037239643051_mapper_8df08bb751f6_device_0.tensorbin
2026-08-27 20:49:45.808 | INFO     | models.common.modules.lazy_weight:get_device_weight:120 - [32m[cache hit][0m Loading tensor from cache: model_cache/Qwen/Qwen3-32B/galaxy_8x4/mlp/layer40_w2_ring_srcshape_25600_5120_dtype_BFLOAT16_layout_TILE_memcfg_8502438299343861857_mapper_0bf8bf050070_device_0.tensorbin
2026-08-27 20:49:45.861 | INFO     | models.common.modules.lazy_weight:get_device_weight:120 - [32m[cache hit][0m Loading tensor from cache: model_cache/Qwen/Qwen3-32B/galaxy_8x4/mlp/layer41_w1_ring_srcshape_5120_25600_dtype_BFLOAT16_layout_TILE_memcfg_3449088037239643051_mapper_8df08bb751f6_device_0.tensorbin
2026-08-27 20:49:45.916 | INFO     | models.common.modules.lazy_weight:get_device_weight:120 - [32m[cache hit][0m Loading tensor from cache: model_cache/Qwen/Qwen3-32B/galaxy_8x4/mlp/layer41_w3_ring_srcshape_5120_25600_dtype_BFLOAT16_layout_TILE_memcfg_3449088037239643051_mapper_8df08bb751f6_device_0.tensorbin
2026-08-27 20:49:45.971 | INFO     | models.common.modules.lazy_weight:get_device_weight:120 - [32m[cache hit][0m Loading tensor from cache: model_cache/Qwen/Qwen3-32B/galaxy_8x4/mlp/layer41_w2_ring_srcshape_25600_5120_dtype_BFLOAT16_layout_TILE_memcfg_8502438299343861857_mapper_0bf8bf050070_device_0.tensorbin
2026-08-27 20:49:46.023 | INFO     | models.common.modules.lazy_weight:get_device_weight:120 - [32m[cache hit][0m Loading tensor from cache: model_cache/Qwen/Qwen3-32B/galaxy_8x4/mlp/layer42_w1_ring_srcshape_5120_25600_dtype_BFLOAT16_layout_TILE_memcfg_3449088037239643051_mapper_8df08bb751f6_device_0.tensorbin
2026-08-27 20:49:46.075 | INFO     | models.common.modules.lazy_weight:get_device_weight:120 - [32m[cache hit][0m Loading tensor from cache: model_cache/Qwen/Qwen3-32B/galaxy_8x4/mlp/layer42_w3_ring_srcshape_5120_25600_dtype_BFLOAT16_layout_TILE_memcfg_3449088037239643051_mapper_8df08bb751f6_device_0.tensorbin
2026-08-27 20:49:46.129 | INFO     | models.common.modules.lazy_weight:get_device_weight:120 - [32m[cache hit][0m Loading tensor from cache: model_cache/Qwen/Qwen3-32B/galaxy_8x4/mlp/layer42_w2_ring_srcshape_25600_5120_dtype_BFLOAT16_layout_TILE_memcfg_8502438299343861857_mapper_0bf8bf050070_device_0.tensorbin
2026-08-27 20:49:46.180 | INFO     | models.common.modules.lazy_weight:get_device_weight:120 - [32m[cache hit][0m Loading tensor from cache: model_cache/Qwen/Qwen3-32B/galaxy_8x4/mlp/layer43_w1_ring_srcshape_5120_25600_dtype_BFLOAT16_layout_TILE_memcfg_3449088037239643051_mapper_8df08bb751f6_device_0.tensorbin
2026-08-27 20:49:46.231 | INFO     | models.common.modules.lazy_weight:get_device_weight:120 - [32m[cache hit][0m Loading tensor from cache: model_cache/Qwen/Qwen3-32B/galaxy_8x4/mlp/layer43_w3_ring_srcshape_5120_25600_dtype_BFLOAT16_layout_TILE_memcfg_3449088037239643051_mapper_8df08bb751f6_device_0.tensorbin
2026-08-27 20:49:46.282 | INFO     | models.common.modules.lazy_weight:get_device_weight:120 - [32m[cache hit][0m Loading tensor from cache: model_cache/Qwen/Qwen3-32B/galaxy_8x4/mlp/layer43_w2_ring_srcshape_25600_5120_dtype_BFLOAT16_layout_TILE_memcfg_8502438299343861857_mapper_0bf8bf050070_device_0.tensorbin
2026-08-27 20:49:46.331 | INFO     | models.common.modules.lazy_weight:get_device_weight:120 - [32m[cache hit][0m Loading tensor from cache: model_cache/Qwen/Qwen3-32B/galaxy_8x4/mlp/layer44_w1_ring_srcshape_5120_25600_dtype_BFLOAT16_layout_TILE_memcfg_3449088037239643051_mapper_8df08bb751f6_device_0.tensorbin
2026-08-27 20:49:46.384 | INFO     | models.common.modules.lazy_weight:get_device_weight:120 - [32m[cache hit][0m Loading tensor from cache: model_cache/Qwen/Qwen3-32B/galaxy_8x4/mlp/layer44_w3_ring_srcshape_5120_25600_dtype_BFLOAT16_layout_TILE_memcfg_3449088037239643051_mapper_8df08bb751f6_device_0.tensorbin
2026-08-27 20:49:46.439 | INFO     | models.common.modules.lazy_weight:get_device_weight:120 - [32m[cache hit][0m Loading tensor from cache: model_cache/Qwen/Qwen3-32B/galaxy_8x4/mlp/layer44_w2_ring_srcshape_25600_5120_dtype_BFLOAT16_layout_TILE_memcfg_8502438299343861857_mapper_0bf8bf050070_device_0.tensorbin
2026-08-27 20:49:46.493 | INFO     | models.common.modules.lazy_weight:get_device_weight:120 - [32m[cache hit][0m Loading tensor from cache: model_cache/Qwen/Qwen3-32B/galaxy_8x4/mlp/layer45_w1_ring_srcshape_5120_25600_dtype_BFLOAT16_layout_TILE_memcfg_3449088037239643051_mapper_8df08bb751f6_device_0.tensorbin
2026-08-27 20:49:46.545 | INFO     | models.common.modules.lazy_weight:get_device_weight:120 - [32m[cache hit][0m Loading tensor from cache: model_cache/Qwen/Qwen3-32B/galaxy_8x4/mlp/layer45_w3_ring_srcshape_5120_25600_dtype_BFLOAT16_layout_TILE_memcfg_3449088037239643051_mapper_8df08bb751f6_device_0.tensorbin
2026-08-27 20:49:46.599 | INFO     | models.common.modules.lazy_weight:get_device_weight:120 - [32m[cache hit][0m Loading tensor from cache: model_cache/Qwen/Qwen3-32B/galaxy_8x4/mlp/layer45_w2_ring_srcshape_25600_5120_dtype_BFLOAT16_layout_TILE_memcfg_8502438299343861857_mapper_0bf8bf050070_device_0.tensorbin
2026-08-27 20:49:46.651 | INFO     | models.common.modules.lazy_weight:get_device_weight:120 - [32m[cache hit][0m Loading tensor from cache: model_cache/Qwen/Qwen3-32B/galaxy_8x4/mlp/layer46_w1_ring_srcshape_5120_25600_dtype_BFLOAT16_layout_TILE_memcfg_3449088037239643051_mapper_8df08bb751f6_device_0.tensorbin
2026-08-27 20:49:46.706 | INFO     | models.common.modules.lazy_weight:get_device_weight:120 - [32m[cache hit][0m Loading tensor from cache: model_cache/Qwen/Qwen3-32B/galaxy_8x4/mlp/layer46_w3_ring_srcshape_5120_25600_dtype_BFLOAT16_layout_TILE_memcfg_3449088037239643051_mapper_8df08bb751f6_device_0.tensorbin
2026-08-27 20:49:46.761 | INFO     | models.common.modules.lazy_weight:get_device_weight:120 - [32m[cache hit][0m Loading tensor from cache: model_cache/Qwen/Qwen3-32B/galaxy_8x4/mlp/layer46_w2_ring_srcshape_25600_5120_dtype_BFLOAT16_layout_TILE_memcfg_8502438299343861857_mapper_0bf8bf050070_device_0.tensorbin
2026-08-27 20:49:46.814 | INFO     | models.common.modules.lazy_weight:get_device_weight:120 - [32m[cache hit][0m Loading tensor from cache: model_cache/Qwen/Qwen3-32B/galaxy_8x4/mlp/layer47_w1_ring_srcshape_5120_25600_dtype_BFLOAT16_layout_TILE_memcfg_3449088037239643051_mapper_8df08bb751f6_device_0.tensorbin
2026-08-27 20:49:46.866 | INFO     | models.common.modules.lazy_weight:get_device_weight:120 - [32m[cache hit][0m Loading tensor from cache: model_cache/Qwen/Qwen3-32B/galaxy_8x4/mlp/layer47_w3_ring_srcshape_5120_25600_dtype_BFLOAT16_layout_TILE_memcfg_3449088037239643051_mapper_8df08bb751f6_device_0.tensorbin
2026-08-27 20:49:46.921 | INFO     | models.common.modules.lazy_weight:get_device_weight:120 - [32m[cache hit][0m Loading tensor from cache: model_cache/Qwen/Qwen3-32B/galaxy_8x4/mlp/layer47_w2_ring_srcshape_25600_5120_dtype_BFLOAT16_layout_TILE_memcfg_8502438299343861857_mapper_0bf8bf050070_device_0.tensorbin
2026-08-27 20:49:46.976 | INFO     | models.common.modules.lazy_weight:get_device_weight:120 - [32m[cache hit][0m Loading tensor from cache: model_cache/Qwen/Qwen3-32B/galaxy_8x4/mlp/layer48_w1_ring_srcshape_5120_25600_dtype_BFLOAT16_layout_TILE_memcfg_3449088037239643051_mapper_8df08bb751f6_device_0.tensorbin
2026-08-27 20:49:47.032 | INFO     | models.common.modules.lazy_weight:get_device_weight:120 - [32m[cache hit][0m Loading tensor from cache: model_cache/Qwen/Qwen3-32B/galaxy_8x4/mlp/layer48_w3_ring_srcshape_5120_25600_dtype_BFLOAT16_layout_TILE_memcfg_3449088037239643051_mapper_8df08bb751f6_device_0.tensorbin
2026-08-27 20:49:47.086 | INFO     | models.common.modules.lazy_weight:get_device_weight:120 - [32m[cache hit][0m Loading tensor from cache: model_cache/Qwen/Qwen3-32B/galaxy_8x4/mlp/layer48_w2_ring_srcshape_25600_5120_dtype_BFLOAT16_layout_TILE_memcfg_8502438299343861857_mapper_0bf8bf050070_device_0.tensorbin
2026-08-27 20:49:47.138 | INFO     | models.common.modules.lazy_weight:get_device_weight:120 - [32m[cache hit][0m Loading tensor from cache: model_cache/Qwen/Qwen3-32B/galaxy_8x4/mlp/layer49_w1_ring_srcshape_5120_25600_dtype_BFLOAT16_layout_TILE_memcfg_3449088037239643051_mapper_8df08bb751f6_device_0.tensorbin
2026-08-27 20:49:47.194 | INFO     | models.common.modules.lazy_weight:get_device_weight:120 - [32m[cache hit][0m Loading tensor from cache: model_cache/Qwen/Qwen3-32B/galaxy_8x4/mlp/layer49_w3_ring_srcshape_5120_25600_dtype_BFLOAT16_layout_TILE_memcfg_3449088037239643051_mapper_8df08bb751f6_device_0.tensorbin
2026-08-27 20:49:47.251 | INFO     | models.common.modules.lazy_weight:get_device_weight:120 - [32m[cache hit][0m Loading tensor from cache: model_cache/Qwen/Qwen3-32B/galaxy_8x4/mlp/layer49_w2_ring_srcshape_25600_5120_dtype_BFLOAT16_layout_TILE_memcfg_8502438299343861857_mapper_0bf8bf050070_device_0.tensorbin
2026-08-27 20:49:47.306 | INFO     | models.common.modules.lazy_weight:get_device_weight:120 - [32m[cache hit][0m Loading tensor from cache: model_cache/Qwen/Qwen3-32B/galaxy_8x4/mlp/layer50_w1_ring_srcshape_5120_25600_dtype_BFLOAT16_layout_TILE_memcfg_3449088037239643051_mapper_8df08bb751f6_device_0.tensorbin
2026-08-27 20:49:47.362 | INFO     | models.common.modules.lazy_weight:get_device_weight:120 - [32m[cache hit][0m Loading tensor from cache: model_cache/Qwen/Qwen3-32B/galaxy_8x4/mlp/layer50_w3_ring_srcshape_5120_25600_dtype_BFLOAT16_layout_TILE_memcfg_3449088037239643051_mapper_8df08bb751f6_device_0.tensorbin
2026-08-27 20:49:47.420 | INFO     | models.common.modules.lazy_weight:get_device_weight:120 - [32m[cache hit][0m Loading tensor from cache: model_cache/Qwen/Qwen3-32B/galaxy_8x4/mlp/layer50_w2_ring_srcshape_25600_5120_dtype_BFLOAT16_layout_TILE_memcfg_8502438299343861857_mapper_0bf8bf050070_device_0.tensorbin
2026-08-27 20:49:47.473 | INFO     | models.common.modules.lazy_weight:get_device_weight:120 - [32m[cache hit][0m Loading tensor from cache: model_cache/Qwen/Qwen3-32B/galaxy_8x4/mlp/layer51_w1_ring_srcshape_5120_25600_dtype_BFLOAT16_layout_TILE_memcfg_3449088037239643051_mapper_8df08bb751f6_device_0.tensorbin
2026-08-27 20:49:47.528 | INFO     | models.common.modules.lazy_weight:get_device_weight:120 - [32m[cache hit][0m Loading tensor from cache: model_cache/Qwen/Qwen3-32B/galaxy_8x4/mlp/layer51_w3_ring_srcshape_5120_25600_dtype_BFLOAT16_layout_TILE_memcfg_3449088037239643051_mapper_8df08bb751f6_device_0.tensorbin
2026-08-27 20:49:47.583 | INFO     | models.common.modules.lazy_weight:get_device_weight:120 - [32m[cache hit][0m Loading tensor from cache: model_cache/Qwen/Qwen3-32B/galaxy_8x4/mlp/layer51_w2_ring_srcshape_25600_5120_dtype_BFLOAT16_layout_TILE_memcfg_8502438299343861857_mapper_0bf8bf050070_device_0.tensorbin
2026-08-27 20:49:47.638 | INFO     | models.common.modules.lazy_weight:get_device_weight:120 - [32m[cache hit][0m Loading tensor from cache: model_cache/Qwen/Qwen3-32B/galaxy_8x4/mlp/layer52_w1_ring_srcshape_5120_25600_dtype_BFLOAT16_layout_TILE_memcfg_3449088037239643051_mapper_8df08bb751f6_device_0.tensorbin
2026-08-27 20:49:47.694 | INFO     | models.common.modules.lazy_weight:get_device_weight:120 - [32m[cache hit][0m Loading tensor from cache: model_cache/Qwen/Qwen3-32B/galaxy_8x4/mlp/layer52_w3_ring_srcshape_5120_25600_dtype_BFLOAT16_layout_TILE_memcfg_3449088037239643051_mapper_8df08bb751f6_device_0.tensorbin
2026-08-27 20:49:47.745 | INFO     | models.common.modules.lazy_weight:get_device_weight:120 - [32m[cache hit][0m Loading tensor from cache: model_cache/Qwen/Qwen3-32B/galaxy_8x4/mlp/layer52_w2_ring_srcshape_25600_5120_dtype_BFLOAT16_layout_TILE_memcfg_8502438299343861857_mapper_0bf8bf050070_device_0.tensorbin
2026-08-27 20:49:47.798 | INFO     | models.common.modules.lazy_weight:get_device_weight:120 - [32m[cache hit][0m Loading tensor from cache: model_cache/Qwen/Qwen3-32B/galaxy_8x4/mlp/layer53_w1_ring_srcshape_5120_25600_dtype_BFLOAT16_layout_TILE_memcfg_3449088037239643051_mapper_8df08bb751f6_device_0.tensorbin
2026-08-27 20:49:47.849 | INFO     | models.common.modules.lazy_weight:get_device_weight:120 - [32m[cache hit][0m Loading tensor from cache: model_cache/Qwen/Qwen3-32B/galaxy_8x4/mlp/layer53_w3_ring_srcshape_5120_25600_dtype_BFLOAT16_layout_TILE_memcfg_3449088037239643051_mapper_8df08bb751f6_device_0.tensorbin
2026-08-27 20:49:47.899 | INFO     | models.common.modules.lazy_weight:get_device_weight:120 - [32m[cache hit][0m Loading tensor from cache: model_cache/Qwen/Qwen3-32B/galaxy_8x4/mlp/layer53_w2_ring_srcshape_25600_5120_dtype_BFLOAT16_layout_TILE_memcfg_8502438299343861857_mapper_0bf8bf050070_device_0.tensorbin
2026-08-27 20:49:47.948 | INFO     | models.common.modules.lazy_weight:get_device_weight:120 - [32m[cache hit][0m Loading tensor from cache: model_cache/Qwen/Qwen3-32B/galaxy_8x4/mlp/layer54_w1_ring_srcshape_5120_25600_dtype_BFLOAT16_layout_TILE_memcfg_3449088037239643051_mapper_8df08bb751f6_device_0.tensorbin
2026-08-27 20:49:47.999 | INFO     | models.common.modules.lazy_weight:get_device_weight:120 - [32m[cache hit][0m Loading tensor from cache: model_cache/Qwen/Qwen3-32B/galaxy_8x4/mlp/layer54_w3_ring_srcshape_5120_25600_dtype_BFLOAT16_layout_TILE_memcfg_3449088037239643051_mapper_8df08bb751f6_device_0.tensorbin
2026-08-27 20:49:48.052 | INFO     | models.common.modules.lazy_weight:get_device_weight:120 - [32m[cache hit][0m Loading tensor from cache: model_cache/Qwen/Qwen3-32B/galaxy_8x4/mlp/layer54_w2_ring_srcshape_25600_5120_dtype_BFLOAT16_layout_TILE_memcfg_8502438299343861857_mapper_0bf8bf050070_device_0.tensorbin
2026-08-27 20:49:48.104 | INFO     | models.common.modules.lazy_weight:get_device_weight:120 - [32m[cache hit][0m Loading tensor from cache: model_cache/Qwen/Qwen3-32B/galaxy_8x4/mlp/layer55_w1_ring_srcshape_5120_25600_dtype_BFLOAT16_layout_TILE_memcfg_3449088037239643051_mapper_8df08bb751f6_device_0.tensorbin
2026-08-27 20:49:48.153 | INFO     | models.common.modules.lazy_weight:get_device_weight:120 - [32m[cache hit][0m Loading tensor from cache: model_cache/Qwen/Qwen3-32B/galaxy_8x4/mlp/layer55_w3_ring_srcshape_5120_25600_dtype_BFLOAT16_layout_TILE_memcfg_3449088037239643051_mapper_8df08bb751f6_device_0.tensorbin
2026-08-27 20:49:48.204 | INFO     | models.common.modules.lazy_weight:get_device_weight:120 - [32m[cache hit][0m Loading tensor from cache: model_cache/Qwen/Qwen3-32B/galaxy_8x4/mlp/layer55_w2_ring_srcshape_25600_5120_dtype_BFLOAT16_layout_TILE_memcfg_8502438299343861857_mapper_0bf8bf050070_device_0.tensorbin
2026-08-27 20:49:48.257 | INFO     | models.common.modules.lazy_weight:get_device_weight:120 - [32m[cache hit][0m Loading tensor from cache: model_cache/Qwen/Qwen3-32B/galaxy_8x4/mlp/layer56_w1_ring_srcshape_5120_25600_dtype_BFLOAT16_layout_TILE_memcfg_3449088037239643051_mapper_8df08bb751f6_device_0.tensorbin
2026-08-27 20:49:48.308 | INFO     | models.common.modules.lazy_weight:get_device_weight:120 - [32m[cache hit][0m Loading tensor from cache: model_cache/Qwen/Qwen3-32B/galaxy_8x4/mlp/layer56_w3_ring_srcshape_5120_25600_dtype_BFLOAT16_layout_TILE_memcfg_3449088037239643051_mapper_8df08bb751f6_device_0.tensorbin
2026-08-27 20:49:48.359 | INFO     | models.common.modules.lazy_weight:get_device_weight:120 - [32m[cache hit][0m Loading tensor from cache: model_cache/Qwen/Qwen3-32B/galaxy_8x4/mlp/layer56_w2_ring_srcshape_25600_5120_dtype_BFLOAT16_layout_TILE_memcfg_8502438299343861857_mapper_0bf8bf050070_device_0.tensorbin
2026-08-27 20:49:48.409 | INFO     | models.common.modules.lazy_weight:get_device_weight:120 - [32m[cache hit][0m Loading tensor from cache: model_cache/Qwen/Qwen3-32B/galaxy_8x4/mlp/layer57_w1_ring_srcshape_5120_25600_dtype_BFLOAT16_layout_TILE_memcfg_3449088037239643051_mapper_8df08bb751f6_device_0.tensorbin
2026-08-27 20:49:48.462 | INFO     | models.common.modules.lazy_weight:get_device_weight:120 - [32m[cache hit][0m Loading tensor from cache: model_cache/Qwen/Qwen3-32B/galaxy_8x4/mlp/layer57_w3_ring_srcshape_5120_25600_dtype_BFLOAT16_layout_TILE_memcfg_3449088037239643051_mapper_8df08bb751f6_device_0.tensorbin
2026-08-27 20:49:48.513 | INFO     | models.common.modules.lazy_weight:get_device_weight:120 - [32m[cache hit][0m Loading tensor from cache: model_cache/Qwen/Qwen3-32B/galaxy_8x4/mlp/layer57_w2_ring_srcshape_25600_5120_dtype_BFLOAT16_layout_TILE_memcfg_8502438299343861857_mapper_0bf8bf050070_device_0.tensorbin
2026-08-27 20:49:48.567 | INFO     | models.common.modules.lazy_weight:get_device_weight:120 - [32m[cache hit][0m Loading tensor from cache: model_cache/Qwen/Qwen3-32B/galaxy_8x4/mlp/layer58_w1_ring_srcshape_5120_25600_dtype_BFLOAT16_layout_TILE_memcfg_3449088037239643051_mapper_8df08bb751f6_device_0.tensorbin
2026-08-27 20:49:48.617 | INFO     | models.common.modules.lazy_weight:get_device_weight:120 - [32m[cache hit][0m Loading tensor from cache: model_cache/Qwen/Qwen3-32B/galaxy_8x4/mlp/layer58_w3_ring_srcshape_5120_25600_dtype_BFLOAT16_layout_TILE_memcfg_3449088037239643051_mapper_8df08bb751f6_device_0.tensorbin
2026-08-27 20:49:48.668 | INFO     | models.common.modules.lazy_weight:get_device_weight:120 - [32m[cache hit][0m Loading tensor from cache: model_cache/Qwen/Qwen3-32B/galaxy_8x4/mlp/layer58_w2_ring_srcshape_25600_5120_dtype_BFLOAT16_layout_TILE_memcfg_8502438299343861857_mapper_0bf8bf050070_device_0.tensorbin
2026-08-27 20:49:48.718 | INFO     | models.common.modules.lazy_weight:get_device_weight:120 - [32m[cache hit][0m Loading tensor from cache: model_cache/Qwen/Qwen3-32B/galaxy_8x4/mlp/layer59_w1_ring_srcshape_5120_25600_dtype_BFLOAT16_layout_TILE_memcfg_3449088037239643051_mapper_8df08bb751f6_device_0.tensorbin
2026-08-27 20:49:48.770 | INFO     | models.common.modules.lazy_weight:get_device_weight:120 - [32m[cache hit][0m Loading tensor from cache: model_cache/Qwen/Qwen3-32B/galaxy_8x4/mlp/layer59_w3_ring_srcshape_5120_25600_dtype_BFLOAT16_layout_TILE_memcfg_3449088037239643051_mapper_8df08bb751f6_device_0.tensorbin
2026-08-27 20:49:48.819 | INFO     | models.common.modules.lazy_weight:get_device_weight:120 - [32m[cache hit][0m Loading tensor from cache: model_cache/Qwen/Qwen3-32B/galaxy_8x4/mlp/layer59_w2_ring_srcshape_25600_5120_dtype_BFLOAT16_layout_TILE_memcfg_8502438299343861857_mapper_0bf8bf050070_device_0.tensorbin
2026-08-27 20:49:48.869 | INFO     | models.common.modules.lazy_weight:get_device_weight:120 - [32m[cache hit][0m Loading tensor from cache: model_cache/Qwen/Qwen3-32B/galaxy_8x4/mlp/layer60_w1_ring_srcshape_5120_25600_dtype_BFLOAT16_layout_TILE_memcfg_3449088037239643051_mapper_8df08bb751f6_device_0.tensorbin
2026-08-27 20:49:48.919 | INFO     | models.common.modules.lazy_weight:get_device_weight:120 - [32m[cache hit][0m Loading tensor from cache: model_cache/Qwen/Qwen3-32B/galaxy_8x4/mlp/layer60_w3_ring_srcshape_5120_25600_dtype_BFLOAT16_layout_TILE_memcfg_3449088037239643051_mapper_8df08bb751f6_device_0.tensorbin
2026-08-27 20:49:48.969 | INFO     | models.common.modules.lazy_weight:get_device_weight:120 - [32m[cache hit][0m Loading tensor from cache: model_cache/Qwen/Qwen3-32B/galaxy_8x4/mlp/layer60_w2_ring_srcshape_25600_5120_dtype_BFLOAT16_layout_TILE_memcfg_8502438299343861857_mapper_0bf8bf050070_device_0.tensorbin
2026-08-27 20:49:49.021 | INFO     | models.common.modules.lazy_weight:get_device_weight:120 - [32m[cache hit][0m Loading tensor from cache: model_cache/Qwen/Qwen3-32B/galaxy_8x4/mlp/layer61_w1_ring_srcshape_5120_25600_dtype_BFLOAT16_layout_TILE_memcfg_3449088037239643051_mapper_8df08bb751f6_device_0.tensorbin
2026-08-27 20:49:49.073 | INFO     | models.common.modules.lazy_weight:get_device_weight:120 - [32m[cache hit][0m Loading tensor from cache: model_cache/Qwen/Qwen3-32B/galaxy_8x4/mlp/layer61_w3_ring_srcshape_5120_25600_dtype_BFLOAT16_layout_TILE_memcfg_3449088037239643051_mapper_8df08bb751f6_device_0.tensorbin
2026-08-27 20:49:49.123 | INFO     | models.common.modules.lazy_weight:get_device_weight:120 - [32m[cache hit][0m Loading tensor from cache: model_cache/Qwen/Qwen3-32B/galaxy_8x4/mlp/layer61_w2_ring_srcshape_25600_5120_dtype_BFLOAT16_layout_TILE_memcfg_8502438299343861857_mapper_0bf8bf050070_device_0.tensorbin
2026-08-27 20:49:49.173 | INFO     | models.common.modules.lazy_weight:get_device_weight:120 - [32m[cache hit][0m Loading tensor from cache: model_cache/Qwen/Qwen3-32B/galaxy_8x4/mlp/layer62_w1_ring_srcshape_5120_25600_dtype_BFLOAT16_layout_TILE_memcfg_3449088037239643051_mapper_8df08bb751f6_device_0.tensorbin
2026-08-27 20:49:49.224 | INFO     | models.common.modules.lazy_weight:get_device_weight:120 - [32m[cache hit][0m Loading tensor from cache: model_cache/Qwen/Qwen3-32B/galaxy_8x4/mlp/layer62_w3_ring_srcshape_5120_25600_dtype_BFLOAT16_layout_TILE_memcfg_3449088037239643051_mapper_8df08bb751f6_device_0.tensorbin
2026-08-27 20:49:49.277 | INFO     | models.common.modules.lazy_weight:get_device_weight:120 - [32m[cache hit][0m Loading tensor from cache: model_cache/Qwen/Qwen3-32B/galaxy_8x4/mlp/layer62_w2_ring_srcshape_25600_5120_dtype_BFLOAT16_layout_TILE_memcfg_8502438299343861857_mapper_0bf8bf050070_device_0.tensorbin
2026-08-27 20:49:49.327 | INFO     | models.common.modules.lazy_weight:get_device_weight:120 - [32m[cache hit][0m Loading tensor from cache: model_cache/Qwen/Qwen3-32B/galaxy_8x4/mlp/layer63_w1_ring_srcshape_5120_25600_dtype_BFLOAT16_layout_TILE_memcfg_3449088037239643051_mapper_8df08bb751f6_device_0.tensorbin
2026-08-27 20:49:49.379 | INFO     | models.common.modules.lazy_weight:get_device_weight:120 - [32m[cache hit][0m Loading tensor from cache: model_cache/Qwen/Qwen3-32B/galaxy_8x4/mlp/layer63_w3_ring_srcshape_5120_25600_dtype_BFLOAT16_layout_TILE_memcfg_3449088037239643051_mapper_8df08bb751f6_device_0.tensorbin
2026-08-27 20:49:49.430 | INFO     | models.common.modules.lazy_weight:get_device_weight:120 - [32m[cache hit][0m Loading tensor from cache: model_cache/Qwen/Qwen3-32B/galaxy_8x4/mlp/layer63_w2_ring_srcshape_25600_5120_dtype_BFLOAT16_layout_TILE_memcfg_8502438299343861857_mapper_0bf8bf050070_device_0.tensorbin
2026-08-27 20:49:57.279 | INFO     | models.common.modules.lazy_weight:get_device_weight:120 - [32m[cache hit][0m Loading tensor from cache: model_cache/Qwen/Qwen3-32B/galaxy_8x4/rope/cos_srcshape_1_1_8192_128_dtype_BFLOAT16_layout_ROW_MAJOR_replicated_device_0.tensorbin
2026-08-27 20:49:57.282 | INFO     | models.common.modules.lazy_weight:get_device_weight:120 - [32m[cache hit][0m Loading tensor from cache: model_cache/Qwen/Qwen3-32B/galaxy_8x4/rope/sin_srcshape_1_1_8192_128_dtype_BFLOAT16_layout_ROW_MAJOR_replicated_device_0.tensorbin
2026-08-27 20:49:57.468 | info     |           Metal | Finalize dfb: dfb_offset == base_offset: 64, dfb size: 16, return value: 80 (dataflow_buffer.cpp:1656)
2026-08-27 20:49:57.468 | info     |           Metal | Finalize dfb: dfb_offset == base_offset: 0, dfb size: 0, return value: 0 (dataflow_buffer.cpp:1656)
2026-08-27 20:49:57.468 | info     |           Metal | Finalize dfb: dfb_offset == base_offset: 0, dfb size: 0, return value: 0 (dataflow_buffer.cpp:1656)
2026-08-27 20:49:57.471 | INFO     | models.common.modules.lazy_weight:get_device_weight:120 - [32m[cache hit][0m Loading tensor from cache: model_cache/Qwen/Qwen3-32B/galaxy_8x4/embedding/tok_embeddings_srcshape_1_1_151936_5120_dtype_BFLOAT16_layout_ROW_MAJOR_mapper_32d3b7278af4_device_0.tensorbin
2026-08-27 20:49:57.865 | INFO     | models.common.modules.lazy_weight:get_device_weight:120 - [32m[cache hit][0m Loading tensor from cache: model_cache/Qwen/Qwen3-32B/galaxy_8x4/norm/layer0_attention_norm_srcshape_1_1_160_32_dtype_BFLOAT16_layout_ROW_MAJOR_mapper_79f48b01bbfc_device_0.tensorbin
2026-08-27 20:49:57.997 | warning  |              Op | The following ttnn.all_gather args are deprecated and will be removed in September-2026: num_links, topology, chunks_per_sync, num_workers_per_link, num_buffers_per_channel, use_l1_small_for_semaphores. (all_gather.cpp:122)
2026-08-27 20:49:57.997 | warning  |              Op | Allocating semaphores in L1, which may fragment L1 and reduce headroom for subsequent op allocations. Configure an L1_SMALL region to mitigate this. (all_gather_multicast_factory.cpp:42)
2026-08-27 20:49:58.003 | warning  |              Op | Fabric packet size 4352 B is suboptimal for transporting 2048 B pages. Configure 6144 B packet size to maximize throughput. (ccl_common.cpp:70)
2026-08-27 20:49:58.007 | warning  |              Op | Fabric packet size 4352 B is suboptimal for transporting 2048 B pages. Configure 6144 B packet size to maximize throughput. (ccl_common.cpp:70)
2026-08-27 20:49:58.008 | warning  |              Op | Fabric packet size 4352 B is suboptimal for transporting 2048 B pages. Configure 6144 B packet size to maximize throughput. (ccl_common.cpp:70)
2026-08-27 20:49:58.008 | warning  |              Op | Fabric packet size 4352 B is suboptimal for transporting 2048 B pages. Configure 6144 B packet size to maximize throughput. (ccl_common.cpp:70)
2026-08-27 20:49:58.009 | warning  |              Op | Fabric packet size 4352 B is suboptimal for transporting 2048 B pages. Configure 6144 B packet size to maximize throughput. (ccl_common.cpp:70)
2026-08-27 20:49:58.009 | warning  |              Op | Fabric packet size 4352 B is suboptimal for transporting 2048 B pages. Configure 6144 B packet size to maximize throughput. (ccl_common.cpp:70)
2026-08-27 20:49:58.010 | warning  |              Op | Fabric packet size 4352 B is suboptimal for transporting 2048 B pages. Configure 6144 B packet size to maximize throughput. (ccl_common.cpp:70)
2026-08-27 20:49:58.010 | warning  |              Op | Fabric packet size 4352 B is suboptimal for transporting 2048 B pages. Configure 6144 B packet size to maximize throughput. (ccl_common.cpp:70)
2026-08-27 20:49:58.011 | warning  |              Op | Fabric packet size 4352 B is suboptimal for transporting 2048 B pages. Configure 6144 B packet size to maximize throughput. (ccl_common.cpp:70)
2026-08-27 20:49:58.011 | warning  |              Op | Fabric packet size 4352 B is suboptimal for transporting 2048 B pages. Configure 6144 B packet size to maximize throughput. (ccl_common.cpp:70)
2026-08-27 20:49:58.012 | warning  |              Op | Fabric packet size 4352 B is suboptimal for transporting 2048 B pages. Configure 6144 B packet size to maximize throughput. (ccl_common.cpp:70)
2026-08-27 20:49:58.013 | warning  |              Op | Fabric packet size 4352 B is suboptimal for transporting 2048 B pages. Configure 6144 B packet size to maximize throughput. (ccl_common.cpp:70)
2026-08-27 20:49:58.013 | warning  |              Op | Fabric packet size 4352 B is suboptimal for transporting 2048 B pages. Configure 6144 B packet size to maximize throughput. (ccl_common.cpp:70)
2026-08-27 20:49:58.014 | warning  |              Op | Fabric packet size 4352 B is suboptimal for transporting 2048 B pages. Configure 6144 B packet size to maximize throughput. (ccl_common.cpp:70)
2026-08-27 20:49:58.014 | warning  |              Op | Fabric packet size 4352 B is suboptimal for transporting 2048 B pages. Configure 6144 B packet size to maximize throughput. (ccl_common.cpp:70)
2026-08-27 20:49:58.015 | warning  |              Op | Fabric packet size 4352 B is suboptimal for transporting 2048 B pages. Configure 6144 B packet size to maximize throughput. (ccl_common.cpp:70)
2026-08-27 20:49:58.015 | warning  |              Op | Fabric packet size 4352 B is suboptimal for transporting 2048 B pages. Configure 6144 B packet size to maximize throughput. (ccl_common.cpp:70)
2026-08-27 20:49:58.016 | warning  |              Op | Fabric packet size 4352 B is suboptimal for transporting 2048 B pages. Configure 6144 B packet size to maximize throughput. (ccl_common.cpp:70)
2026-08-27 20:49:58.016 | warning  |              Op | Fabric packet size 4352 B is suboptimal for transporting 2048 B pages. Configure 6144 B packet size to maximize throughput. (ccl_common.cpp:70)
2026-08-27 20:49:58.017 | warning  |              Op | Fabric packet size 4352 B is suboptimal for transporting 2048 B pages. Configure 6144 B packet size to maximize throughput. (ccl_common.cpp:70)
2026-08-27 20:49:58.018 | warning  |              Op | Fabric packet size 4352 B is suboptimal for transporting 2048 B pages. Configure 6144 B packet size to maximize throughput. (ccl_common.cpp:70)
2026-08-27 20:49:58.018 | warning  |              Op | Fabric packet size 4352 B is suboptimal for transporting 2048 B pages. Configure 6144 B packet size to maximize throughput. (ccl_common.cpp:70)
2026-08-27 20:49:58.019 | warning  |              Op | Fabric packet size 4352 B is suboptimal for transporting 2048 B pages. Configure 6144 B packet size to maximize throughput. (ccl_common.cpp:70)
2026-08-27 20:49:58.019 | warning  |              Op | Fabric packet size 4352 B is suboptimal for transporting 2048 B pages. Configure 6144 B packet size to maximize throughput. (ccl_common.cpp:70)
2026-08-27 20:49:58.020 | warning  |              Op | Fabric packet size 4352 B is suboptimal for transporting 2048 B pages. Configure 6144 B packet size to maximize throughput. (ccl_common.cpp:70)
2026-08-27 20:49:58.020 | warning  |              Op | Fabric packet size 4352 B is suboptimal for transporting 2048 B pages. Configure 6144 B packet size to maximize throughput. (ccl_common.cpp:70)
2026-08-27 20:49:58.021 | warning  |              Op | Fabric packet size 4352 B is suboptimal for transporting 2048 B pages. Configure 6144 B packet size to maximize throughput. (ccl_common.cpp:70)
2026-08-27 20:49:58.021 | warning  |              Op | Fabric packet size 4352 B is suboptimal for transporting 2048 B pages. Configure 6144 B packet size to maximize throughput. (ccl_common.cpp:70)
2026-08-27 20:49:58.022 | warning  |              Op | Fabric packet size 4352 B is suboptimal for transporting 2048 B pages. Configure 6144 B packet size to maximize throughput. (ccl_common.cpp:70)
2026-08-27 20:49:58.022 | warning  |              Op | Fabric packet size 4352 B is suboptimal for transporting 2048 B pages. Configure 6144 B packet size to maximize throughput. (ccl_common.cpp:70)
2026-08-27 20:49:58.023 | warning  |              Op | Fabric packet size 4352 B is suboptimal for transporting 2048 B pages. Configure 6144 B packet size to maximize throughput. (ccl_common.cpp:70)
2026-08-27 20:49:58.023 | warning  |              Op | Fabric packet size 4352 B is suboptimal for transporting 2048 B pages. Configure 6144 B packet size to maximize throughput. (ccl_common.cpp:70)
2026-08-27 20:49:58.262 | INFO     | models.common.modules.lazy_weight:get_device_weight:120 - [32m[cache hit][0m Loading tensor from cache: model_cache/Qwen/Qwen3-32B/galaxy_8x4/attn/layer0_wqkv_srcshape_5120_10240_dtype_BFLOAT8_B_layout_TILE_mapper_8df08bb751f6_device_0.tensorbin
2026-08-27 20:49:58.304 | INFO     | models.common.modules.lazy_weight:get_device_weight:120 - [32m[cache hit][0m Loading tensor from cache: model_cache/Qwen/Qwen3-32B/galaxy_8x4/attn/layer0_wo_srcshape_8192_5120_dtype_BFLOAT8_B_layout_TILE_mapper_0bf8bf050070_device_0.tensorbin
2026-08-27 20:49:58.693 | warning  |              Op | The following ttnn.all_gather args are deprecated and will be removed in September-2026: num_links, topology, chunks_per_sync, num_workers_per_link, num_buffers_per_channel, use_l1_small_for_semaphores. (all_gather.cpp:122)
2026-08-27 20:49:58.693 | warning  |              Op | Allocating semaphores in L1, which may fragment L1 and reduce headroom for subsequent op allocations. Configure an L1_SMALL region to mitigate this. (all_gather_multicast_factory.cpp:42)
2026-08-27 20:49:58.694 | warning  |              Op | Fabric packet size 4352 B is suboptimal for transporting 2048 B pages. Configure 6144 B packet size to maximize throughput. (ccl_common.cpp:70)
2026-08-27 20:49:58.695 | warning  |              Op | Fabric packet size 4352 B is suboptimal for transporting 2048 B pages. Configure 6144 B packet size to maximize throughput. (ccl_common.cpp:70)
2026-08-27 20:49:58.696 | warning  |              Op | Fabric packet size 4352 B is suboptimal for transporting 2048 B pages. Configure 6144 B packet size to maximize throughput. (ccl_common.cpp:70)
2026-08-27 20:49:58.696 | warning  |              Op | Fabric packet size 4352 B is suboptimal for transporting 2048 B pages. Configure 6144 B packet size to maximize throughput. (ccl_common.cpp:70)
2026-08-27 20:49:58.697 | warning  |              Op | Fabric packet size 4352 B is suboptimal for transporting 2048 B pages. Configure 6144 B packet size to maximize throughput. (ccl_common.cpp:70)
2026-08-27 20:49:58.697 | warning  |              Op | Fabric packet size 4352 B is suboptimal for transporting 2048 B pages. Configure 6144 B packet size to maximize throughput. (ccl_common.cpp:70)
2026-08-27 20:49:58.698 | warning  |              Op | Fabric packet size 4352 B is suboptimal for transporting 2048 B pages. Configure 6144 B packet size to maximize throughput. (ccl_common.cpp:70)
2026-08-27 20:49:58.698 | warning  |              Op | Fabric packet size 4352 B is suboptimal for transporting 2048 B pages. Configure 6144 B packet size to maximize throughput. (ccl_common.cpp:70)
2026-08-27 20:49:58.699 | warning  |              Op | Fabric packet size 4352 B is suboptimal for transporting 2048 B pages. Configure 6144 B packet size to maximize throughput. (ccl_common.cpp:70)
2026-08-27 20:49:58.699 | warning  |              Op | Fabric packet size 4352 B is suboptimal for transporting 2048 B pages. Configure 6144 B packet size to maximize throughput. (ccl_common.cpp:70)
2026-08-27 20:49:58.700 | warning  |              Op | Fabric packet size 4352 B is suboptimal for transporting 2048 B pages. Configure 6144 B packet size to maximize throughput. (ccl_common.cpp:70)
2026-08-27 20:49:58.700 | warning  |              Op | Fabric packet size 4352 B is suboptimal for transporting 2048 B pages. Configure 6144 B packet size to maximize throughput. (ccl_common.cpp:70)
2026-08-27 20:49:58.701 | warning  |              Op | Fabric packet size 4352 B is suboptimal for transporting 2048 B pages. Configure 6144 B packet size to maximize throughput. (ccl_common.cpp:70)
2026-08-27 20:49:58.701 | warning  |              Op | Fabric packet size 4352 B is suboptimal for transporting 2048 B pages. Configure 6144 B packet size to maximize throughput. (ccl_common.cpp:70)
2026-08-27 20:49:58.702 | warning  |              Op | Fabric packet size 4352 B is suboptimal for transporting 2048 B pages. Configure 6144 B packet size to maximize throughput. (ccl_common.cpp:70)
2026-08-27 20:49:58.703 | warning  |              Op | Fabric packet size 4352 B is suboptimal for transporting 2048 B pages. Configure 6144 B packet size to maximize throughput. (ccl_common.cpp:70)
2026-08-27 20:49:58.704 | warning  |              Op | Fabric packet size 4352 B is suboptimal for transporting 2048 B pages. Configure 6144 B packet size to maximize throughput. (ccl_common.cpp:70)
2026-08-27 20:49:58.706 | warning  |              Op | Fabric packet size 4352 B is suboptimal for transporting 2048 B pages. Configure 6144 B packet size to maximize throughput. (ccl_common.cpp:70)
2026-08-27 20:49:58.706 | warning  |              Op | Fabric packet size 4352 B is suboptimal for transporting 2048 B pages. Configure 6144 B packet size to maximize throughput. (ccl_common.cpp:70)
2026-08-27 20:49:58.707 | warning  |              Op | Fabric packet size 4352 B is suboptimal for transporting 2048 B pages. Configure 6144 B packet size to maximize throughput. (ccl_common.cpp:70)
2026-08-27 20:49:58.707 | warning  |              Op | Fabric packet size 4352 B is suboptimal for transporting 2048 B pages. Configure 6144 B packet size to maximize throughput. (ccl_common.cpp:70)
2026-08-27 20:49:58.708 | warning  |              Op | Fabric packet size 4352 B is suboptimal for transporting 2048 B pages. Configure 6144 B packet size to maximize throughput. (ccl_common.cpp:70)
2026-08-27 20:49:58.708 | warning  |              Op | Fabric packet size 4352 B is suboptimal for transporting 2048 B pages. Configure 6144 B packet size to maximize throughput. (ccl_common.cpp:70)
2026-08-27 20:49:58.709 | warning  |              Op | Fabric packet size 4352 B is suboptimal for transporting 2048 B pages. Configure 6144 B packet size to maximize throughput. (ccl_common.cpp:70)
2026-08-27 20:49:58.710 | warning  |              Op | Fabric packet size 4352 B is suboptimal for transporting 2048 B pages. Configure 6144 B packet size to maximize throughput. (ccl_common.cpp:70)
2026-08-27 20:49:58.711 | warning  |              Op | Fabric packet size 4352 B is suboptimal for transporting 2048 B pages. Configure 6144 B packet size to maximize throughput. (ccl_common.cpp:70)
2026-08-27 20:49:58.711 | warning  |              Op | Fabric packet size 4352 B is suboptimal for transporting 2048 B pages. Configure 6144 B packet size to maximize throughput. (ccl_common.cpp:70)
2026-08-27 20:49:58.712 | warning  |              Op | Fabric packet size 4352 B is suboptimal for transporting 2048 B pages. Configure 6144 B packet size to maximize throughput. (ccl_common.cpp:70)
2026-08-27 20:49:58.713 | warning  |              Op | Fabric packet size 4352 B is suboptimal for transporting 2048 B pages. Configure 6144 B packet size to maximize throughput. (ccl_common.cpp:70)
2026-08-27 20:49:58.714 | warning  |              Op | Fabric packet size 4352 B is suboptimal for transporting 2048 B pages. Configure 6144 B packet size to maximize throughput. (ccl_common.cpp:70)
2026-08-27 20:49:58.716 | warning  |              Op | Fabric packet size 4352 B is suboptimal for transporting 2048 B pages. Configure 6144 B packet size to maximize throughput. (ccl_common.cpp:70)
2026-08-27 20:49:58.717 | warning  |              Op | Fabric packet size 4352 B is suboptimal for transporting 2048 B pages. Configure 6144 B packet size to maximize throughput. (ccl_common.cpp:70)
2026-08-27 20:49:58.866 | INFO     | models.common.modules.lazy_weight:get_device_weight:120 - [32m[cache hit][0m Loading tensor from cache: model_cache/Qwen/Qwen3-32B/galaxy_8x4/norm/layer0_q_norm_srcshape_1_1_4_32_dtype_BFLOAT16_layout_ROW_MAJOR_mapper_7daf9f00834c_device_0.tensorbin
2026-08-27 20:49:59.012 | INFO     | models.common.modules.lazy_weight:get_device_weight:120 - [32m[cache hit][0m Loading tensor from cache: model_cache/Qwen/Qwen3-32B/galaxy_8x4/norm/layer0_k_norm_srcshape_1_1_4_32_dtype_BFLOAT16_layout_ROW_MAJOR_mapper_7daf9f00834c_device_0.tensorbin
2026-08-27 20:49:59.094 | info     |           Metal | Finalize dfb: dfb_offset == base_offset: 144, dfb size: 144, return value: 288 (dataflow_buffer.cpp:1656)
2026-08-27 20:49:59.094 | info     |           Metal | Finalize dfb: dfb_offset == base_offset: 0, dfb size: 0, return value: 0 (dataflow_buffer.cpp:1656)
2026-08-27 20:49:59.094 | info     |           Metal | Finalize dfb: dfb_offset == base_offset: 0, dfb size: 0, return value: 0 (dataflow_buffer.cpp:1656)
2026-08-27 20:49:59.170 | info     |           Metal | Finalize dfb: dfb_offset == base_offset: 144, dfb size: 144, return value: 288 (dataflow_buffer.cpp:1656)
2026-08-27 20:49:59.170 | info     |           Metal | Finalize dfb: dfb_offset == base_offset: 0, dfb size: 0, return value: 0 (dataflow_buffer.cpp:1656)
2026-08-27 20:49:59.170 | info     |           Metal | Finalize dfb: dfb_offset == base_offset: 0, dfb size: 0, return value: 0 (dataflow_buffer.cpp:1656)
2026-08-27 20:49:59.257 | info     |           Metal | Finalize dfb: dfb_offset == base_offset: 80, dfb size: 32, return value: 112 (dataflow_buffer.cpp:1656)
2026-08-27 20:49:59.257 | info     |           Metal | Finalize dfb: dfb_offset == base_offset: 0, dfb size: 0, return value: 0 (dataflow_buffer.cpp:1656)
2026-08-27 20:49:59.257 | info     |           Metal | Finalize dfb: dfb_offset == base_offset: 0, dfb size: 0, return value: 0 (dataflow_buffer.cpp:1656)
2026-08-27 20:50:00.033 | warning  |              Op | The following ttnn.all_gather args are deprecated and will be removed in September-2026: num_links, topology, chunks_per_sync, num_workers_per_link, num_buffers_per_channel, use_l1_small_for_semaphores. (all_gather.cpp:122)
2026-08-27 20:50:00.033 | warning  |              Op | Allocating semaphores in L1, which may fragment L1 and reduce headroom for subsequent op allocations. Configure an L1_SMALL region to mitigate this. (all_gather_multicast_factory.cpp:42)
2026-08-27 20:50:00.034 | warning  |              Op | Fabric packet size 4352 B is suboptimal for transporting 2048 B pages. Configure 6144 B packet size to maximize throughput. (ccl_common.cpp:70)
2026-08-27 20:50:00.038 | warning  |              Op | Fabric packet size 4352 B is suboptimal for transporting 2048 B pages. Configure 6144 B packet size to maximize throughput. (ccl_common.cpp:70)
2026-08-27 20:50:00.039 | warning  |              Op | Fabric packet size 4352 B is suboptimal for transporting 2048 B pages. Configure 6144 B packet size to maximize throughput. (ccl_common.cpp:70)
2026-08-27 20:50:00.040 | warning  |              Op | Fabric packet size 4352 B is suboptimal for transporting 2048 B pages. Configure 6144 B packet size to maximize throughput. (ccl_common.cpp:70)
2026-08-27 20:50:00.040 | warning  |              Op | Fabric packet size 4352 B is suboptimal for transporting 2048 B pages. Configure 6144 B packet size to maximize throughput. (ccl_common.cpp:70)
2026-08-27 20:50:00.041 | warning  |              Op | Fabric packet size 4352 B is suboptimal for transporting 2048 B pages. Configure 6144 B packet size to maximize throughput. (ccl_common.cpp:70)
2026-08-27 20:50:00.041 | warning  |              Op | Fabric packet size 4352 B is suboptimal for transporting 2048 B pages. Configure 6144 B packet size to maximize throughput. (ccl_common.cpp:70)
2026-08-27 20:50:00.042 | warning  |              Op | Fabric packet size 4352 B is suboptimal for transporting 2048 B pages. Configure 6144 B packet size to maximize throughput. (ccl_common.cpp:70)
2026-08-27 20:50:00.042 | warning  |              Op | Fabric packet size 4352 B is suboptimal for transporting 2048 B pages. Configure 6144 B packet size to maximize throughput. (ccl_common.cpp:70)
2026-08-27 20:50:00.043 | warning  |              Op | Fabric packet size 4352 B is suboptimal for transporting 2048 B pages. Configure 6144 B packet size to maximize throughput. (ccl_common.cpp:70)
2026-08-27 20:50:00.044 | warning  |              Op | Fabric packet size 4352 B is suboptimal for transporting 2048 B pages. Configure 6144 B packet size to maximize throughput. (ccl_common.cpp:70)
2026-08-27 20:50:00.044 | warning  |              Op | Fabric packet size 4352 B is suboptimal for transporting 2048 B pages. Configure 6144 B packet size to maximize throughput. (ccl_common.cpp:70)
2026-08-27 20:50:00.045 | warning  |              Op | Fabric packet size 4352 B is suboptimal for transporting 2048 B pages. Configure 6144 B packet size to maximize throughput. (ccl_common.cpp:70)
2026-08-27 20:50:00.045 | warning  |              Op | Fabric packet size 4352 B is suboptimal for transporting 2048 B pages. Configure 6144 B packet size to maximize throughput. (ccl_common.cpp:70)
2026-08-27 20:50:00.046 | warning  |              Op | Fabric packet size 4352 B is suboptimal for transporting 2048 B pages. Configure 6144 B packet size to maximize throughput. (ccl_common.cpp:70)
2026-08-27 20:50:00.046 | warning  |              Op | Fabric packet size 4352 B is suboptimal for transporting 2048 B pages. Configure 6144 B packet size to maximize throughput. (ccl_common.cpp:70)
2026-08-27 20:50:00.047 | warning  |              Op | Fabric packet size 4352 B is suboptimal for transporting 2048 B pages. Configure 6144 B packet size to maximize throughput. (ccl_common.cpp:70)
2026-08-27 20:50:00.047 | warning  |              Op | Fabric packet size 4352 B is suboptimal for transporting 2048 B pages. Configure 6144 B packet size to maximize throughput. (ccl_common.cpp:70)
2026-08-27 20:50:00.048 | warning  |              Op | Fabric packet size 4352 B is suboptimal for transporting 2048 B pages. Configure 6144 B packet size to maximize throughput. (ccl_common.cpp:70)
2026-08-27 20:50:00.049 | warning  |              Op | Fabric packet size 4352 B is suboptimal for transporting 2048 B pages. Configure 6144 B packet size to maximize throughput. (ccl_common.cpp:70)
2026-08-27 20:50:00.049 | warning  |              Op | Fabric packet size 4352 B is suboptimal for transporting 2048 B pages. Configure 6144 B packet size to maximize throughput. (ccl_common.cpp:70)
2026-08-27 20:50:00.050 | warning  |              Op | Fabric packet size 4352 B is suboptimal for transporting 2048 B pages. Configure 6144 B packet size to maximize throughput. (ccl_common.cpp:70)
2026-08-27 20:50:00.051 | warning  |              Op | Fabric packet size 4352 B is suboptimal for transporting 2048 B pages. Configure 6144 B packet size to maximize throughput. (ccl_common.cpp:70)
2026-08-27 20:50:00.051 | warning  |              Op | Fabric packet size 4352 B is suboptimal for transporting 2048 B pages. Configure 6144 B packet size to maximize throughput. (ccl_common.cpp:70)
2026-08-27 20:50:00.052 | warning  |              Op | Fabric packet size 4352 B is suboptimal for transporting 2048 B pages. Configure 6144 B packet size to maximize throughput. (ccl_common.cpp:70)
2026-08-27 20:50:00.053 | warning  |              Op | Fabric packet size 4352 B is suboptimal for transporting 2048 B pages. Configure 6144 B packet size to maximize throughput. (ccl_common.cpp:70)
2026-08-27 20:50:00.053 | warning  |              Op | Fabric packet size 4352 B is suboptimal for transporting 2048 B pages. Configure 6144 B packet size to maximize throughput. (ccl_common.cpp:70)
2026-08-27 20:50:00.054 | warning  |              Op | Fabric packet size 4352 B is suboptimal for transporting 2048 B pages. Configure 6144 B packet size to maximize throughput. (ccl_common.cpp:70)
2026-08-27 20:50:00.055 | warning  |              Op | Fabric packet size 4352 B is suboptimal for transporting 2048 B pages. Configure 6144 B packet size to maximize throughput. (ccl_common.cpp:70)
2026-08-27 20:50:00.055 | warning  |              Op | Fabric packet size 4352 B is suboptimal for transporting 2048 B pages. Configure 6144 B packet size to maximize throughput. (ccl_common.cpp:70)
2026-08-27 20:50:00.056 | warning  |              Op | Fabric packet size 4352 B is suboptimal for transporting 2048 B pages. Configure 6144 B packet size to maximize throughput. (ccl_common.cpp:70)
2026-08-27 20:50:00.056 | warning  |              Op | Fabric packet size 4352 B is suboptimal for transporting 2048 B pages. Configure 6144 B packet size to maximize throughput. (ccl_common.cpp:70)
2026-08-27 20:50:00.245 | INFO     | models.common.modules.lazy_weight:get_device_weight:120 - [32m[cache hit][0m Loading tensor from cache: model_cache/Qwen/Qwen3-32B/galaxy_8x4/norm/layer0_ff_norm_srcshape_1_1_160_32_dtype_BFLOAT16_layout_ROW_MAJOR_mapper_79f48b01bbfc_device_0.tensorbin
2026-08-27 20:50:00.246 | warning  |              Op | The following ttnn.all_gather args are deprecated and will be removed in September-2026: num_links, topology, chunks_per_sync, num_workers_per_link, num_buffers_per_channel, use_l1_small_for_semaphores. (all_gather.cpp:122)
2026-08-27 20:50:00.326 | info     |           Metal | Finalize dfb: dfb_offset == base_offset: 80, dfb size: 32, return value: 112 (dataflow_buffer.cpp:1656)
2026-08-27 20:50:00.326 | info     |           Metal | Finalize dfb: dfb_offset == base_offset: 0, dfb size: 0, return value: 0 (dataflow_buffer.cpp:1656)
2026-08-27 20:50:00.326 | info     |           Metal | Finalize dfb: dfb_offset == base_offset: 0, dfb size: 0, return value: 0 (dataflow_buffer.cpp:1656)
2026-08-27 20:50:00.330 | INFO     | models.common.modules.lazy_weight:get_device_weight:120 - [32m[cache hit][0m Loading tensor from cache: model_cache/Qwen/Qwen3-32B/galaxy_8x4/mlp/layer0_w1_srcshape_5120_25600_dtype_BFLOAT16_layout_TILE_mapper_8df08bb751f6_device_0.tensorbin
2026-08-27 20:50:00.383 | INFO     | models.common.modules.lazy_weight:get_device_weight:120 - [32m[cache hit][0m Loading tensor from cache: model_cache/Qwen/Qwen3-32B/galaxy_8x4/mlp/layer0_w2_srcshape_25600_5120_dtype_BFLOAT16_layout_TILE_mapper_0bf8bf050070_device_0.tensorbin
2026-08-27 20:50:00.433 | INFO     | models.common.modules.lazy_weight:get_device_weight:120 - [32m[cache hit][0m Loading tensor from cache: model_cache/Qwen/Qwen3-32B/galaxy_8x4/mlp/layer0_w3_srcshape_5120_25600_dtype_BFLOAT16_layout_TILE_mapper_8df08bb751f6_device_0.tensorbin
2026-08-27 20:50:01.258 | warning  |              Op | The following ttnn.all_gather args are deprecated and will be removed in September-2026: num_links, topology, chunks_per_sync, num_workers_per_link, num_buffers_per_channel, use_l1_small_for_semaphores. (all_gather.cpp:122)
2026-08-27 20:50:01.262 | INFO     | models.common.modules.lazy_weight:get_device_weight:120 - [32m[cache hit][0m Loading tensor from cache: model_cache/Qwen/Qwen3-32B/galaxy_8x4/norm/layer1_attention_norm_srcshape_1_1_160_32_dtype_BFLOAT16_layout_ROW_MAJOR_mapper_79f48b01bbfc_device_0.tensorbin
2026-08-27 20:50:01.264 | warning  |              Op | The following ttnn.all_gather args are deprecated and will be removed in September-2026: num_links, topology, chunks_per_sync, num_workers_per_link, num_buffers_per_channel, use_l1_small_for_semaphores. (all_gather.cpp:122)
2026-08-27 20:50:01.266 | INFO     | models.common.modules.lazy_weight:get_device_weight:120 - [32m[cache hit][0m Loading tensor from cache: model_cache/Qwen/Qwen3-32B/galaxy_8x4/attn/layer1_wqkv_srcshape_5120_10240_dtype_BFLOAT8_B_layout_TILE_mapper_8df08bb751f6_device_0.tensorbin
2026-08-27 20:50:01.305 | INFO     | models.common.modules.lazy_weight:get_device_weight:120 - [32m[cache hit][0m Loading tensor from cache: model_cache/Qwen/Qwen3-32B/galaxy_8x4/attn/layer1_wo_srcshape_8192_5120_dtype_BFLOAT8_B_layout_TILE_mapper_0bf8bf050070_device_0.tensorbin
2026-08-27 20:50:01.344 | warning  |              Op | The following ttnn.all_gather args are deprecated and will be removed in September-2026: num_links, topology, chunks_per_sync, num_workers_per_link, num_buffers_per_channel, use_l1_small_for_semaphores. (all_gather.cpp:122)
2026-08-27 20:50:01.345 | INFO     | models.common.modules.lazy_weight:get_device_weight:120 - [32m[cache hit][0m Loading tensor from cache: model_cache/Qwen/Qwen3-32B/galaxy_8x4/norm/layer1_q_norm_srcshape_1_1_4_32_dtype_BFLOAT16_layout_ROW_MAJOR_mapper_7daf9f00834c_device_0.tensorbin
2026-08-27 20:50:01.348 | INFO     | models.common.modules.lazy_weight:get_device_weight:120 - [32m[cache hit][0m Loading tensor from cache: model_cache/Qwen/Qwen3-32B/galaxy_8x4/norm/layer1_k_norm_srcshape_1_1_4_32_dtype_BFLOAT16_layout_ROW_MAJOR_mapper_7daf9f00834c_device_0.tensorbin
2026-08-27 20:50:01.351 | warning  |              Op | The following ttnn.all_gather args are deprecated and will be removed in September-2026: num_links, topology, chunks_per_sync, num_workers_per_link, num_buffers_per_channel, use_l1_small_for_semaphores. (all_gather.cpp:122)
2026-08-27 20:50:01.353 | INFO     | models.common.modules.lazy_weight:get_device_weight:120 - [32m[cache hit][0m Loading tensor from cache: model_cache/Qwen/Qwen3-32B/galaxy_8x4/norm/layer1_ff_norm_srcshape_1_1_160_32_dtype_BFLOAT16_layout_ROW_MAJOR_mapper_79f48b01bbfc_device_0.tensorbin
2026-08-27 20:50:01.355 | warning  |              Op | The following ttnn.all_gather args are deprecated and will be removed in September-2026: num_links, topology, chunks_per_sync, num_workers_per_link, num_buffers_per_channel, use_l1_small_for_semaphores. (all_gather.cpp:122)
2026-08-27 20:50:01.357 | INFO     | models.common.modules.lazy_weight:get_device_weight:120 - [32m[cache hit][0m Loading tensor from cache: model_cache/Qwen/Qwen3-32B/galaxy_8x4/mlp/layer1_w1_srcshape_5120_25600_dtype_BFLOAT16_layout_TILE_mapper_8df08bb751f6_device_0.tensorbin
2026-08-27 20:50:01.407 | INFO     | models.common.modules.lazy_weight:get_device_weight:120 - [32m[cache hit][0m Loading tensor from cache: model_cache/Qwen/Qwen3-32B/galaxy_8x4/mlp/layer1_w2_srcshape_25600_5120_dtype_BFLOAT16_layout_TILE_mapper_0bf8bf050070_device_0.tensorbin
2026-08-27 20:50:01.455 | INFO     | models.common.modules.lazy_weight:get_device_weight:120 - [32m[cache hit][0m Loading tensor from cache: model_cache/Qwen/Qwen3-32B/galaxy_8x4/mlp/layer1_w3_srcshape_5120_25600_dtype_BFLOAT16_layout_TILE_mapper_8df08bb751f6_device_0.tensorbin
2026-08-27 20:50:01.506 | warning  |              Op | The following ttnn.all_gather args are deprecated and will be removed in September-2026: num_links, topology, chunks_per_sync, num_workers_per_link, num_buffers_per_channel, use_l1_small_for_semaphores. (all_gather.cpp:122)
2026-08-27 20:50:01.507 | INFO     | models.common.modules.lazy_weight:get_device_weight:120 - [32m[cache hit][0m Loading tensor from cache: model_cache/Qwen/Qwen3-32B/galaxy_8x4/norm/layer2_attention_norm_srcshape_1_1_160_32_dtype_BFLOAT16_layout_ROW_MAJOR_mapper_79f48b01bbfc_device_0.tensorbin
2026-08-27 20:50:01.509 | warning  |              Op | The following ttnn.all_gather args are deprecated and will be removed in September-2026: num_links, topology, chunks_per_sync, num_workers_per_link, num_buffers_per_channel, use_l1_small_for_semaphores. (all_gather.cpp:122)
2026-08-27 20:50:01.510 | INFO     | models.common.modules.lazy_weight:get_device_weight:120 - [32m[cache hit][0m Loading tensor from cache: model_cache/Qwen/Qwen3-32B/galaxy_8x4/attn/layer2_wqkv_srcshape_5120_10240_dtype_BFLOAT8_B_layout_TILE_mapper_8df08bb751f6_device_0.tensorbin
2026-08-27 20:50:01.550 | INFO     | models.common.modules.lazy_weight:get_device_weight:120 - [32m[cache hit][0m Loading tensor from cache: model_cache/Qwen/Qwen3-32B/galaxy_8x4/attn/layer2_wo_srcshape_8192_5120_dtype_BFLOAT8_B_layout_TILE_mapper_0bf8bf050070_device_0.tensorbin
2026-08-27 20:50:01.589 | warning  |              Op | The following ttnn.all_gather args are deprecated and will be removed in September-2026: num_links, topology, chunks_per_sync, num_workers_per_link, num_buffers_per_channel, use_l1_small_for_semaphores. (all_gather.cpp:122)
2026-08-27 20:50:01.590 | INFO     | models.common.modules.lazy_weight:get_device_weight:120 - [32m[cache hit][0m Loading tensor from cache: model_cache/Qwen/Qwen3-32B/galaxy_8x4/norm/layer2_q_norm_srcshape_1_1_4_32_dtype_BFLOAT16_layout_ROW_MAJOR_mapper_7daf9f00834c_device_0.tensorbin
2026-08-27 20:50:01.592 | INFO     | models.common.modules.lazy_weight:get_device_weight:120 - [32m[cache hit][0m Loading tensor from cache: model_cache/Qwen/Qwen3-32B/galaxy_8x4/norm/layer2_k_norm_srcshape_1_1_4_32_dtype_BFLOAT16_layout_ROW_MAJOR_mapper_7daf9f00834c_device_0.tensorbin
2026-08-27 20:50:01.596 | warning  |              Op | The following ttnn.all_gather args are deprecated and will be removed in September-2026: num_links, topology, chunks_per_sync, num_workers_per_link, num_buffers_per_channel, use_l1_small_for_semaphores. (all_gather.cpp:122)
2026-08-27 20:50:01.597 | INFO     | models.common.modules.lazy_weight:get_device_weight:120 - [32m[cache hit][0m Loading tensor from cache: model_cache/Qwen/Qwen3-32B/galaxy_8x4/norm/layer2_ff_norm_srcshape_1_1_160_32_dtype_BFLOAT16_layout_ROW_MAJOR_mapper_79f48b01bbfc_device_0.tensorbin
2026-08-27 20:50:01.598 | warning  |              Op | The following ttnn.all_gather args are deprecated and will be removed in September-2026: num_links, topology, chunks_per_sync, num_workers_per_link, num_buffers_per_channel, use_l1_small_for_semaphores. (all_gather.cpp:122)
2026-08-27 20:50:01.600 | INFO     | models.common.modules.lazy_weight:get_device_weight:120 - [32m[cache hit][0m Loading tensor from cache: model_cache/Qwen/Qwen3-32B/galaxy_8x4/mlp/layer2_w1_srcshape_5120_25600_dtype_BFLOAT16_layout_TILE_mapper_8df08bb751f6_device_0.tensorbin
2026-08-27 20:50:01.648 | INFO     | models.common.modules.lazy_weight:get_device_weight:120 - [32m[cache hit][0m Loading tensor from cache: model_cache/Qwen/Qwen3-32B/galaxy_8x4/mlp/layer2_w2_srcshape_25600_5120_dtype_BFLOAT16_layout_TILE_mapper_0bf8bf050070_device_0.tensorbin
2026-08-27 20:50:01.703 | INFO     | models.common.modules.lazy_weight:get_device_weight:120 - [32m[cache hit][0m Loading tensor from cache: model_cache/Qwen/Qwen3-32B/galaxy_8x4/mlp/layer2_w3_srcshape_5120_25600_dtype_BFLOAT16_layout_TILE_mapper_8df08bb751f6_device_0.tensorbin
2026-08-27 20:50:01.756 | warning  |              Op | The following ttnn.all_gather args are deprecated and will be removed in September-2026: num_links, topology, chunks_per_sync, num_workers_per_link, num_buffers_per_channel, use_l1_small_for_semaphores. (all_gather.cpp:122)
2026-08-27 20:50:01.758 | INFO     | models.common.modules.lazy_weight:get_device_weight:120 - [32m[cache hit][0m Loading tensor from cache: model_cache/Qwen/Qwen3-32B/galaxy_8x4/norm/layer3_attention_norm_srcshape_1_1_160_32_dtype_BFLOAT16_layout_ROW_MAJOR_mapper_79f48b01bbfc_device_0.tensorbin
2026-08-27 20:50:01.760 | warning  |              Op | The following ttnn.all_gather args are deprecated and will be removed in September-2026: num_links, topology, chunks_per_sync, num_workers_per_link, num_buffers_per_channel, use_l1_small_for_semaphores. (all_gather.cpp:122)
2026-08-27 20:50:01.762 | INFO     | models.common.modules.lazy_weight:get_device_weight:120 - [32m[cache hit][0m Loading tensor from cache: model_cache/Qwen/Qwen3-32B/galaxy_8x4/attn/layer3_wqkv_srcshape_5120_10240_dtype_BFLOAT8_B_layout_TILE_mapper_8df08bb751f6_device_0.tensorbin
2026-08-27 20:50:01.802 | INFO     | models.common.modules.lazy_weight:get_device_weight:120 - [32m[cache hit][0m Loading tensor from cache: model_cache/Qwen/Qwen3-32B/galaxy_8x4/attn/layer3_wo_srcshape_8192_5120_dtype_BFLOAT8_B_layout_TILE_mapper_0bf8bf050070_device_0.tensorbin
2026-08-27 20:50:01.842 | warning  |              Op | The following ttnn.all_gather args are deprecated and will be removed in September-2026: num_links, topology, chunks_per_sync, num_workers_per_link, num_buffers_per_channel, use_l1_small_for_semaphores. (all_gather.cpp:122)
2026-08-27 20:50:01.843 | INFO     | models.common.modules.lazy_weight:get_device_weight:120 - [32m[cache hit][0m Loading tensor from cache: model_cache/Qwen/Qwen3-32B/galaxy_8x4/norm/layer3_q_norm_srcshape_1_1_4_32_dtype_BFLOAT16_layout_ROW_MAJOR_mapper_7daf9f00834c_device_0.tensorbin
2026-08-27 20:50:01.845 | INFO     | models.common.modules.lazy_weight:get_device_weight:120 - [32m[cache hit][0m Loading tensor from cache: model_cache/Qwen/Qwen3-32B/galaxy_8x4/norm/layer3_k_norm_srcshape_1_1_4_32_dtype_BFLOAT16_layout_ROW_MAJOR_mapper_7daf9f00834c_device_0.tensorbin
2026-08-27 20:50:01.849 | warning  |              Op | The following ttnn.all_gather args are deprecated and will be removed in September-2026: num_links, topology, chunks_per_sync, num_workers_per_link, num_buffers_per_channel, use_l1_small_for_semaphores. (all_gather.cpp:122)
2026-08-27 20:50:01.850 | INFO     | models.common.modules.lazy_weight:get_device_weight:120 - [32m[cache hit][0m Loading tensor from cache: model_cache/Qwen/Qwen3-32B/galaxy_8x4/norm/layer3_ff_norm_srcshape_1_1_160_32_dtype_BFLOAT16_layout_ROW_MAJOR_mapper_79f48b01bbfc_device_0.tensorbin
2026-08-27 20:50:01.852 | warning  |              Op | The following ttnn.all_gather args are deprecated and will be removed in September-2026: num_links, topology, chunks_per_sync, num_workers_per_link, num_buffers_per_channel, use_l1_small_for_semaphores. (all_gather.cpp:122)
2026-08-27 20:50:01.854 | INFO     | models.common.modules.lazy_weight:get_device_weight:120 - [32m[cache hit][0m Loading tensor from cache: model_cache/Qwen/Qwen3-32B/galaxy_8x4/mlp/layer3_w1_srcshape_5120_25600_dtype_BFLOAT16_layout_TILE_mapper_8df08bb751f6_device_0.tensorbin
2026-08-27 20:50:01.904 | INFO     | models.common.modules.lazy_weight:get_device_weight:120 - [32m[cache hit][0m Loading tensor from cache: model_cache/Qwen/Qwen3-32B/galaxy_8x4/mlp/layer3_w2_srcshape_25600_5120_dtype_BFLOAT16_layout_TILE_mapper_0bf8bf050070_device_0.tensorbin
2026-08-27 20:50:01.952 | INFO     | models.common.modules.lazy_weight:get_device_weight:120 - [32m[cache hit][0m Loading tensor from cache: model_cache/Qwen/Qwen3-32B/galaxy_8x4/mlp/layer3_w3_srcshape_5120_25600_dtype_BFLOAT16_layout_TILE_mapper_8df08bb751f6_device_0.tensorbin
2026-08-27 20:50:02.004 | warning  |              Op | The following ttnn.all_gather args are deprecated and will be removed in September-2026: num_links, topology, chunks_per_sync, num_workers_per_link, num_buffers_per_channel, use_l1_small_for_semaphores. (all_gather.cpp:122)
2026-08-27 20:50:02.008 | INFO     | models.common.modules.lazy_weight:get_device_weight:120 - [32m[cache hit][0m Loading tensor from cache: model_cache/Qwen/Qwen3-32B/galaxy_8x4/norm/layer4_attention_norm_srcshape_1_1_160_32_dtype_BFLOAT16_layout_ROW_MAJOR_mapper_79f48b01bbfc_device_0.tensorbin
2026-08-27 20:50:02.009 | warning  |              Op | The following ttnn.all_gather args are deprecated and will be removed in September-2026: num_links, topology, chunks_per_sync, num_workers_per_link, num_buffers_per_channel, use_l1_small_for_semaphores. (all_gather.cpp:122)
2026-08-27 20:50:02.013 | INFO     | models.common.modules.lazy_weight:get_device_weight:120 - [32m[cache hit][0m Loading tensor from cache: model_cache/Qwen/Qwen3-32B/galaxy_8x4/attn/layer4_wqkv_srcshape_5120_10240_dtype_BFLOAT8_B_layout_TILE_mapper_8df08bb751f6_device_0.tensorbin
2026-08-27 20:50:02.052 | INFO     | models.common.modules.lazy_weight:get_device_weight:120 - [32m[cache hit][0m Loading tensor from cache: model_cache/Qwen/Qwen3-32B/galaxy_8x4/attn/layer4_wo_srcshape_8192_5120_dtype_BFLOAT8_B_layout_TILE_mapper_0bf8bf050070_device_0.tensorbin
2026-08-27 20:50:02.091 | warning  |              Op | The following ttnn.all_gather args are deprecated and will be removed in September-2026: num_links, topology, chunks_per_sync, num_workers_per_link, num_buffers_per_channel, use_l1_small_for_semaphores. (all_gather.cpp:122)
2026-08-27 20:50:02.093 | INFO     | models.common.modules.lazy_weight:get_device_weight:120 - [32m[cache hit][0m Loading tensor from cache: model_cache/Qwen/Qwen3-32B/galaxy_8x4/norm/layer4_q_norm_srcshape_1_1_4_32_dtype_BFLOAT16_layout_ROW_MAJOR_mapper_7daf9f00834c_device_0.tensorbin
2026-08-27 20:50:02.096 | INFO     | models.common.modules.lazy_weight:get_device_weight:120 - [32m[cache hit][0m Loading tensor from cache: model_cache/Qwen/Qwen3-32B/galaxy_8x4/norm/layer4_k_norm_srcshape_1_1_4_32_dtype_BFLOAT16_layout_ROW_MAJOR_mapper_7daf9f00834c_device_0.tensorbin
2026-08-27 20:50:02.099 | warning  |              Op | The following ttnn.all_gather args are deprecated and will be removed in September-2026: num_links, topology, chunks_per_sync, num_workers_per_link, num_buffers_per_channel, use_l1_small_for_semaphores. (all_gather.cpp:122)
2026-08-27 20:50:02.101 | INFO     | models.common.modules.lazy_weight:get_device_weight:120 - [32m[cache hit][0m Loading tensor from cache: model_cache/Qwen/Qwen3-32B/galaxy_8x4/norm/layer4_ff_norm_srcshape_1_1_160_32_dtype_BFLOAT16_layout_ROW_MAJOR_mapper_79f48b01bbfc_device_0.tensorbin
2026-08-27 20:50:02.104 | warning  |              Op | The following ttnn.all_gather args are deprecated and will be removed in September-2026: num_links, topology, chunks_per_sync, num_workers_per_link, num_buffers_per_channel, use_l1_small_for_semaphores. (all_gather.cpp:122)
2026-08-27 20:50:02.105 | INFO     | models.common.modules.lazy_weight:get_device_weight:120 - [32m[cache hit][0m Loading tensor from cache: model_cache/Qwen/Qwen3-32B/galaxy_8x4/mlp/layer4_w1_srcshape_5120_25600_dtype_BFLOAT16_layout_TILE_mapper_8df08bb751f6_device_0.tensorbin
2026-08-27 20:50:02.194 | INFO     | models.common.modules.lazy_weight:get_device_weight:120 - [32m[cache hit][0m Loading tensor from cache: model_cache/Qwen/Qwen3-32B/galaxy_8x4/mlp/layer4_w2_srcshape_25600_5120_dtype_BFLOAT16_layout_TILE_mapper_0bf8bf050070_device_0.tensorbin
2026-08-27 20:50:02.313 | INFO     | models.common.modules.lazy_weight:get_device_weight:120 - [32m[cache hit][0m Loading tensor from cache: model_cache/Qwen/Qwen3-32B/galaxy_8x4/mlp/layer4_w3_srcshape_5120_25600_dtype_BFLOAT16_layout_TILE_mapper_8df08bb751f6_device_0.tensorbin
2026-08-27 20:50:02.455 | warning  |              Op | The following ttnn.all_gather args are deprecated and will be removed in September-2026: num_links, topology, chunks_per_sync, num_workers_per_link, num_buffers_per_channel, use_l1_small_for_semaphores. (all_gather.cpp:122)
2026-08-27 20:50:02.457 | INFO     | models.common.modules.lazy_weight:get_device_weight:120 - [32m[cache hit][0m Loading tensor from cache: model_cache/Qwen/Qwen3-32B/galaxy_8x4/norm/layer5_attention_norm_srcshape_1_1_160_32_dtype_BFLOAT16_layout_ROW_MAJOR_mapper_79f48b01bbfc_device_0.tensorbin
2026-08-27 20:50:02.542 | warning  |              Op | The following ttnn.all_gather args are deprecated and will be removed in September-2026: num_links, topology, chunks_per_sync, num_workers_per_link, num_buffers_per_channel, use_l1_small_for_semaphores. (all_gather.cpp:122)
2026-08-27 20:50:02.547 | INFO     | models.common.modules.lazy_weight:get_device_weight:120 - [32m[cache hit][0m Loading tensor from cache: model_cache/Qwen/Qwen3-32B/galaxy_8x4/attn/layer5_wqkv_srcshape_5120_10240_dtype_BFLOAT8_B_layout_TILE_mapper_8df08bb751f6_device_0.tensorbin
2026-08-27 20:50:02.689 | INFO     | models.common.modules.lazy_weight:get_device_weight:120 - [32m[cache hit][0m Loading tensor from cache: model_cache/Qwen/Qwen3-32B/galaxy_8x4/attn/layer5_wo_srcshape_8192_5120_dtype_BFLOAT8_B_layout_TILE_mapper_0bf8bf050070_device_0.tensorbin
2026-08-27 20:50:02.835 | warning  |              Op | The following ttnn.all_gather args are deprecated and will be removed in September-2026: num_links, topology, chunks_per_sync, num_workers_per_link, num_buffers_per_channel, use_l1_small_for_semaphores. (all_gather.cpp:122)
2026-08-27 20:50:02.836 | INFO     | models.common.modules.lazy_weight:get_device_weight:120 - [32m[cache hit][0m Loading tensor from cache: model_cache/Qwen/Qwen3-32B/galaxy_8x4/norm/layer5_q_norm_srcshape_1_1_4_32_dtype_BFLOAT16_layout_ROW_MAJOR_mapper_7daf9f00834c_device_0.tensorbin
2026-08-27 20:50:02.967 | INFO     | models.common.modules.lazy_weight:get_device_weight:120 - [32m[cache hit][0m Loading tensor from cache: model_cache/Qwen/Qwen3-32B/galaxy_8x4/norm/layer5_k_norm_srcshape_1_1_4_32_dtype_BFLOAT16_layout_ROW_MAJOR_mapper_7daf9f00834c_device_0.tensorbin
2026-08-27 20:50:03.043 | warning  |              Op | The following ttnn.all_gather args are deprecated and will be removed in September-2026: num_links, topology, chunks_per_sync, num_workers_per_link, num_buffers_per_channel, use_l1_small_for_semaphores. (all_gather.cpp:122)
2026-08-27 20:50:03.045 | INFO     | models.common.modules.lazy_weight:get_device_weight:120 - [32m[cache hit][0m Loading tensor from cache: model_cache/Qwen/Qwen3-32B/galaxy_8x4/norm/layer5_ff_norm_srcshape_1_1_160_32_dtype_BFLOAT16_layout_ROW_MAJOR_mapper_79f48b01bbfc_device_0.tensorbin
2026-08-27 20:50:03.096 | warning  |              Op | The following ttnn.all_gather args are deprecated and will be removed in September-2026: num_links, topology, chunks_per_sync, num_workers_per_link, num_buffers_per_channel, use_l1_small_for_semaphores. (all_gather.cpp:122)
2026-08-27 20:50:03.098 | INFO     | models.common.modules.lazy_weight:get_device_weight:120 - [32m[cache hit][0m Loading tensor from cache: model_cache/Qwen/Qwen3-32B/galaxy_8x4/mlp/layer5_w1_srcshape_5120_25600_dtype_BFLOAT16_layout_TILE_mapper_8df08bb751f6_device_0.tensorbin
2026-08-27 20:50:03.153 | INFO     | models.common.modules.lazy_weight:get_device_weight:120 - [32m[cache hit][0m Loading tensor from cache: model_cache/Qwen/Qwen3-32B/galaxy_8x4/mlp/layer5_w2_srcshape_25600_5120_dtype_BFLOAT16_layout_TILE_mapper_0bf8bf050070_device_0.tensorbin
2026-08-27 20:50:03.206 | INFO     | models.common.modules.lazy_weight:get_device_weight:120 - [32m[cache hit][0m Loading tensor from cache: model_cache/Qwen/Qwen3-32B/galaxy_8x4/mlp/layer5_w3_srcshape_5120_25600_dtype_BFLOAT16_layout_TILE_mapper_8df08bb751f6_device_0.tensorbin
2026-08-27 20:50:03.264 | warning  |              Op | The following ttnn.all_gather args are deprecated and will be removed in September-2026: num_links, topology, chunks_per_sync, num_workers_per_link, num_buffers_per_channel, use_l1_small_for_semaphores. (all_gather.cpp:122)
2026-08-27 20:50:03.266 | INFO     | models.common.modules.lazy_weight:get_device_weight:120 - [32m[cache hit][0m Loading tensor from cache: model_cache/Qwen/Qwen3-32B/galaxy_8x4/norm/layer6_attention_norm_srcshape_1_1_160_32_dtype_BFLOAT16_layout_ROW_MAJOR_mapper_79f48b01bbfc_device_0.tensorbin
2026-08-27 20:50:03.267 | warning  |              Op | The following ttnn.all_gather args are deprecated and will be removed in September-2026: num_links, topology, chunks_per_sync, num_workers_per_link, num_buffers_per_channel, use_l1_small_for_semaphores. (all_gather.cpp:122)
2026-08-27 20:50:03.270 | INFO     | models.common.modules.lazy_weight:get_device_weight:120 - [32m[cache hit][0m Loading tensor from cache: model_cache/Qwen/Qwen3-32B/galaxy_8x4/attn/layer6_wqkv_srcshape_5120_10240_dtype_BFLOAT8_B_layout_TILE_mapper_8df08bb751f6_device_0.tensorbin
2026-08-27 20:50:03.309 | INFO     | models.common.modules.lazy_weight:get_device_weight:120 - [32m[cache hit][0m Loading tensor from cache: model_cache/Qwen/Qwen3-32B/galaxy_8x4/attn/layer6_wo_srcshape_8192_5120_dtype_BFLOAT8_B_layout_TILE_mapper_0bf8bf050070_device_0.tensorbin
2026-08-27 20:50:03.349 | warning  |              Op | The following ttnn.all_gather args are deprecated and will be removed in September-2026: num_links, topology, chunks_per_sync, num_workers_per_link, num_buffers_per_channel, use_l1_small_for_semaphores. (all_gather.cpp:122)
2026-08-27 20:50:03.356 | INFO     | models.common.modules.lazy_weight:get_device_weight:120 - [32m[cache hit][0m Loading tensor from cache: model_cache/Qwen/Qwen3-32B/galaxy_8x4/norm/layer6_q_norm_srcshape_1_1_4_32_dtype_BFLOAT16_layout_ROW_MAJOR_mapper_7daf9f00834c_device_0.tensorbin
2026-08-27 20:50:03.358 | INFO     | models.common.modules.lazy_weight:get_device_weight:120 - [32m[cache hit][0m Loading tensor from cache: model_cache/Qwen/Qwen3-32B/galaxy_8x4/norm/layer6_k_norm_srcshape_1_1_4_32_dtype_BFLOAT16_layout_ROW_MAJOR_mapper_7daf9f00834c_device_0.tensorbin
2026-08-27 20:50:03.361 | warning  |              Op | The following ttnn.all_gather args are deprecated and will be removed in September-2026: num_links, topology, chunks_per_sync, num_workers_per_link, num_buffers_per_channel, use_l1_small_for_semaphores. (all_gather.cpp:122)
2026-08-27 20:50:03.362 | INFO     | models.common.modules.lazy_weight:get_device_weight:120 - [32m[cache hit][0m Loading tensor from cache: model_cache/Qwen/Qwen3-32B/galaxy_8x4/norm/layer6_ff_norm_srcshape_1_1_160_32_dtype_BFLOAT16_layout_ROW_MAJOR_mapper_79f48b01bbfc_device_0.tensorbin
2026-08-27 20:50:03.364 | warning  |              Op | The following ttnn.all_gather args are deprecated and will be removed in September-2026: num_links, topology, chunks_per_sync, num_workers_per_link, num_buffers_per_channel, use_l1_small_for_semaphores. (all_gather.cpp:122)
2026-08-27 20:50:03.365 | INFO     | models.common.modules.lazy_weight:get_device_weight:120 - [32m[cache hit][0m Loading tensor from cache: model_cache/Qwen/Qwen3-32B/galaxy_8x4/mlp/layer6_w1_srcshape_5120_25600_dtype_BFLOAT16_layout_TILE_mapper_8df08bb751f6_device_0.tensorbin
2026-08-27 20:50:03.417 | INFO     | models.common.modules.lazy_weight:get_device_weight:120 - [32m[cache hit][0m Loading tensor from cache: model_cache/Qwen/Qwen3-32B/galaxy_8x4/mlp/layer6_w2_srcshape_25600_5120_dtype_BFLOAT16_layout_TILE_mapper_0bf8bf050070_device_0.tensorbin
2026-08-27 20:50:03.468 | INFO     | models.common.modules.lazy_weight:get_device_weight:120 - [32m[cache hit][0m Loading tensor from cache: model_cache/Qwen/Qwen3-32B/galaxy_8x4/mlp/layer6_w3_srcshape_5120_25600_dtype_BFLOAT16_layout_TILE_mapper_8df08bb751f6_device_0.tensorbin
2026-08-27 20:50:03.521 | warning  |              Op | The following ttnn.all_gather args are deprecated and will be removed in September-2026: num_links, topology, chunks_per_sync, num_workers_per_link, num_buffers_per_channel, use_l1_small_for_semaphores. (all_gather.cpp:122)
2026-08-27 20:50:03.522 | INFO     | models.common.modules.lazy_weight:get_device_weight:120 - [32m[cache hit][0m Loading tensor from cache: model_cache/Qwen/Qwen3-32B/galaxy_8x4/norm/layer7_attention_norm_srcshape_1_1_160_32_dtype_BFLOAT16_layout_ROW_MAJOR_mapper_79f48b01bbfc_device_0.tensorbin
2026-08-27 20:50:03.524 | warning  |              Op | The following ttnn.all_gather args are deprecated and will be removed in September-2026: num_links, topology, chunks_per_sync, num_workers_per_link, num_buffers_per_channel, use_l1_small_for_semaphores. (all_gather.cpp:122)
2026-08-27 20:50:03.526 | INFO     | models.common.modules.lazy_weight:get_device_weight:120 - [32m[cache hit][0m Loading tensor from cache: model_cache/Qwen/Qwen3-32B/galaxy_8x4/attn/layer7_wqkv_srcshape_5120_10240_dtype_BFLOAT8_B_layout_TILE_mapper_8df08bb751f6_device_0.tensorbin
2026-08-27 20:50:03.566 | INFO     | models.common.modules.lazy_weight:get_device_weight:120 - [32m[cache hit][0m Loading tensor from cache: model_cache/Qwen/Qwen3-32B/galaxy_8x4/attn/layer7_wo_srcshape_8192_5120_dtype_BFLOAT8_B_layout_TILE_mapper_0bf8bf050070_device_0.tensorbin
2026-08-27 20:50:03.605 | warning  |              Op | The following ttnn.all_gather args are deprecated and will be removed in September-2026: num_links, topology, chunks_per_sync, num_workers_per_link, num_buffers_per_channel, use_l1_small_for_semaphores. (all_gather.cpp:122)
2026-08-27 20:50:03.606 | INFO     | models.common.modules.lazy_weight:get_device_weight:120 - [32m[cache hit][0m Loading tensor from cache: model_cache/Qwen/Qwen3-32B/galaxy_8x4/norm/layer7_q_norm_srcshape_1_1_4_32_dtype_BFLOAT16_layout_ROW_MAJOR_mapper_7daf9f00834c_device_0.tensorbin
2026-08-27 20:50:03.608 | INFO     | models.common.modules.lazy_weight:get_device_weight:120 - [32m[cache hit][0m Loading tensor from cache: model_cache/Qwen/Qwen3-32B/galaxy_8x4/norm/layer7_k_norm_srcshape_1_1_4_32_dtype_BFLOAT16_layout_ROW_MAJOR_mapper_7daf9f00834c_device_0.tensorbin
2026-08-27 20:50:03.612 | warning  |              Op | The following ttnn.all_gather args are deprecated and will be removed in September-2026: num_links, topology, chunks_per_sync, num_workers_per_link, num_buffers_per_channel, use_l1_small_for_semaphores. (all_gather.cpp:122)
2026-08-27 20:50:03.614 | INFO     | models.common.modules.lazy_weight:get_device_weight:120 - [32m[cache hit][0m Loading tensor from cache: model_cache/Qwen/Qwen3-32B/galaxy_8x4/norm/layer7_ff_norm_srcshape_1_1_160_32_dtype_BFLOAT16_layout_ROW_MAJOR_mapper_79f48b01bbfc_device_0.tensorbin
2026-08-27 20:50:03.616 | warning  |              Op | The following ttnn.all_gather args are deprecated and will be removed in September-2026: num_links, topology, chunks_per_sync, num_workers_per_link, num_buffers_per_channel, use_l1_small_for_semaphores. (all_gather.cpp:122)
2026-08-27 20:50:03.617 | INFO     | models.common.modules.lazy_weight:get_device_weight:120 - [32m[cache hit][0m Loading tensor from cache: model_cache/Qwen/Qwen3-32B/galaxy_8x4/mlp/layer7_w1_srcshape_5120_25600_dtype_BFLOAT16_layout_TILE_mapper_8df08bb751f6_device_0.tensorbin
2026-08-27 20:50:03.666 | INFO     | models.common.modules.lazy_weight:get_device_weight:120 - [32m[cache hit][0m Loading tensor from cache: model_cache/Qwen/Qwen3-32B/galaxy_8x4/mlp/layer7_w2_srcshape_25600_5120_dtype_BFLOAT16_layout_TILE_mapper_0bf8bf050070_device_0.tensorbin
2026-08-27 20:50:03.714 | INFO     | models.common.modules.lazy_weight:get_device_weight:120 - [32m[cache hit][0m Loading tensor from cache: model_cache/Qwen/Qwen3-32B/galaxy_8x4/mlp/layer7_w3_srcshape_5120_25600_dtype_BFLOAT16_layout_TILE_mapper_8df08bb751f6_device_0.tensorbin
2026-08-27 20:50:03.765 | warning  |              Op | The following ttnn.all_gather args are deprecated and will be removed in September-2026: num_links, topology, chunks_per_sync, num_workers_per_link, num_buffers_per_channel, use_l1_small_for_semaphores. (all_gather.cpp:122)
2026-08-27 20:50:03.767 | INFO     | models.common.modules.lazy_weight:get_device_weight:120 - [32m[cache hit][0m Loading tensor from cache: model_cache/Qwen/Qwen3-32B/galaxy_8x4/norm/layer8_attention_norm_srcshape_1_1_160_32_dtype_BFLOAT16_layout_ROW_MAJOR_mapper_79f48b01bbfc_device_0.tensorbin
2026-08-27 20:50:03.768 | warning  |              Op | The following ttnn.all_gather args are deprecated and will be removed in September-2026: num_links, topology, chunks_per_sync, num_workers_per_link, num_buffers_per_channel, use_l1_small_for_semaphores. (all_gather.cpp:122)
2026-08-27 20:50:03.770 | INFO     | models.common.modules.lazy_weight:get_device_weight:120 - [32m[cache hit][0m Loading tensor from cache: model_cache/Qwen/Qwen3-32B/galaxy_8x4/attn/layer8_wqkv_srcshape_5120_10240_dtype_BFLOAT8_B_layout_TILE_mapper_8df08bb751f6_device_0.tensorbin
2026-08-27 20:50:03.810 | INFO     | models.common.modules.lazy_weight:get_device_weight:120 - [32m[cache hit][0m Loading tensor from cache: model_cache/Qwen/Qwen3-32B/galaxy_8x4/attn/layer8_wo_srcshape_8192_5120_dtype_BFLOAT8_B_layout_TILE_mapper_0bf8bf050070_device_0.tensorbin
2026-08-27 20:50:03.849 | warning  |              Op | The following ttnn.all_gather args are deprecated and will be removed in September-2026: num_links, topology, chunks_per_sync, num_workers_per_link, num_buffers_per_channel, use_l1_small_for_semaphores. (all_gather.cpp:122)
2026-08-27 20:50:03.851 | INFO     | models.common.modules.lazy_weight:get_device_weight:120 - [32m[cache hit][0m Loading tensor from cache: model_cache/Qwen/Qwen3-32B/galaxy_8x4/norm/layer8_q_norm_srcshape_1_1_4_32_dtype_BFLOAT16_layout_ROW_MAJOR_mapper_7daf9f00834c_device_0.tensorbin
2026-08-27 20:50:03.853 | INFO     | models.common.modules.lazy_weight:get_device_weight:120 - [32m[cache hit][0m Loading tensor from cache: model_cache/Qwen/Qwen3-32B/galaxy_8x4/norm/layer8_k_norm_srcshape_1_1_4_32_dtype_BFLOAT16_layout_ROW_MAJOR_mapper_7daf9f00834c_device_0.tensorbin
2026-08-27 20:50:03.856 | warning  |              Op | The following ttnn.all_gather args are deprecated and will be removed in September-2026: num_links, topology, chunks_per_sync, num_workers_per_link, num_buffers_per_channel, use_l1_small_for_semaphores. (all_gather.cpp:122)
2026-08-27 20:50:03.858 | INFO     | models.common.modules.lazy_weight:get_device_weight:120 - [32m[cache hit][0m Loading tensor from cache: model_cache/Qwen/Qwen3-32B/galaxy_8x4/norm/layer8_ff_norm_srcshape_1_1_160_32_dtype_BFLOAT16_layout_ROW_MAJOR_mapper_79f48b01bbfc_device_0.tensorbin
2026-08-27 20:50:03.859 | warning  |              Op | The following ttnn.all_gather args are deprecated and will be removed in September-2026: num_links, topology, chunks_per_sync, num_workers_per_link, num_buffers_per_channel, use_l1_small_for_semaphores. (all_gather.cpp:122)
2026-08-27 20:50:03.861 | INFO     | models.common.modules.lazy_weight:get_device_weight:120 - [32m[cache hit][0m Loading tensor from cache: model_cache/Qwen/Qwen3-32B/galaxy_8x4/mlp/layer8_w1_srcshape_5120_25600_dtype_BFLOAT16_layout_TILE_mapper_8df08bb751f6_device_0.tensorbin
2026-08-27 20:50:03.912 | INFO     | models.common.modules.lazy_weight:get_device_weight:120 - [32m[cache hit][0m Loading tensor from cache: model_cache/Qwen/Qwen3-32B/galaxy_8x4/mlp/layer8_w2_srcshape_25600_5120_dtype_BFLOAT16_layout_TILE_mapper_0bf8bf050070_device_0.tensorbin
2026-08-27 20:50:03.962 | INFO     | models.common.modules.lazy_weight:get_device_weight:120 - [32m[cache hit][0m Loading tensor from cache: model_cache/Qwen/Qwen3-32B/galaxy_8x4/mlp/layer8_w3_srcshape_5120_25600_dtype_BFLOAT16_layout_TILE_mapper_8df08bb751f6_device_0.tensorbin
2026-08-27 20:50:04.014 | warning  |              Op | The following ttnn.all_gather args are deprecated and will be removed in September-2026: num_links, topology, chunks_per_sync, num_workers_per_link, num_buffers_per_channel, use_l1_small_for_semaphores. (all_gather.cpp:122)
2026-08-27 20:50:04.016 | INFO     | models.common.modules.lazy_weight:get_device_weight:120 - [32m[cache hit][0m Loading tensor from cache: model_cache/Qwen/Qwen3-32B/galaxy_8x4/norm/layer9_attention_norm_srcshape_1_1_160_32_dtype_BFLOAT16_layout_ROW_MAJOR_mapper_79f48b01bbfc_device_0.tensorbin
2026-08-27 20:50:04.018 | warning  |              Op | The following ttnn.all_gather args are deprecated and will be removed in September-2026: num_links, topology, chunks_per_sync, num_workers_per_link, num_buffers_per_channel, use_l1_small_for_semaphores. (all_gather.cpp:122)
2026-08-27 20:50:04.019 | INFO     | models.common.modules.lazy_weight:get_device_weight:120 - [32m[cache hit][0m Loading tensor from cache: model_cache/Qwen/Qwen3-32B/galaxy_8x4/attn/layer9_wqkv_srcshape_5120_10240_dtype_BFLOAT8_B_layout_TILE_mapper_8df08bb751f6_device_0.tensorbin
2026-08-27 20:50:04.060 | INFO     | models.common.modules.lazy_weight:get_device_weight:120 - [32m[cache hit][0m Loading tensor from cache: model_cache/Qwen/Qwen3-32B/galaxy_8x4/attn/layer9_wo_srcshape_8192_5120_dtype_BFLOAT8_B_layout_TILE_mapper_0bf8bf050070_device_0.tensorbin
2026-08-27 20:50:04.099 | warning  |              Op | The following ttnn.all_gather args are deprecated and will be removed in September-2026: num_links, topology, chunks_per_sync, num_workers_per_link, num_buffers_per_channel, use_l1_small_for_semaphores. (all_gather.cpp:122)
2026-08-27 20:50:04.101 | INFO     | models.common.modules.lazy_weight:get_device_weight:120 - [32m[cache hit][0m Loading tensor from cache: model_cache/Qwen/Qwen3-32B/galaxy_8x4/norm/layer9_q_norm_srcshape_1_1_4_32_dtype_BFLOAT16_layout_ROW_MAJOR_mapper_7daf9f00834c_device_0.tensorbin
2026-08-27 20:50:04.103 | INFO     | models.common.modules.lazy_weight:get_device_weight:120 - [32m[cache hit][0m Loading tensor from cache: model_cache/Qwen/Qwen3-32B/galaxy_8x4/norm/layer9_k_norm_srcshape_1_1_4_32_dtype_BFLOAT16_layout_ROW_MAJOR_mapper_7daf9f00834c_device_0.tensorbin
2026-08-27 20:50:04.106 | warning  |              Op | The following ttnn.all_gather args are deprecated and will be removed in September-2026: num_links, topology, chunks_per_sync, num_workers_per_link, num_buffers_per_channel, use_l1_small_for_semaphores. (all_gather.cpp:122)
2026-08-27 20:50:04.108 | INFO     | models.common.modules.lazy_weight:get_device_weight:120 - [32m[cache hit][0m Loading tensor from cache: model_cache/Qwen/Qwen3-32B/galaxy_8x4/norm/layer9_ff_norm_srcshape_1_1_160_32_dtype_BFLOAT16_layout_ROW_MAJOR_mapper_79f48b01bbfc_device_0.tensorbin
2026-08-27 20:50:04.109 | warning  |              Op | The following ttnn.all_gather args are deprecated and will be removed in September-2026: num_links, topology, chunks_per_sync, num_workers_per_link, num_buffers_per_channel, use_l1_small_for_semaphores. (all_gather.cpp:122)
2026-08-27 20:50:04.111 | INFO     | models.common.modules.lazy_weight:get_device_weight:120 - [32m[cache hit][0m Loading tensor from cache: model_cache/Qwen/Qwen3-32B/galaxy_8x4/mlp/layer9_w1_srcshape_5120_25600_dtype_BFLOAT16_layout_TILE_mapper_8df08bb751f6_device_0.tensorbin
2026-08-27 20:50:04.160 | INFO     | models.common.modules.lazy_weight:get_device_weight:120 - [32m[cache hit][0m Loading tensor from cache: model_cache/Qwen/Qwen3-32B/galaxy_8x4/mlp/layer9_w2_srcshape_25600_5120_dtype_BFLOAT16_layout_TILE_mapper_0bf8bf050070_device_0.tensorbin
2026-08-27 20:50:04.214 | INFO     | models.common.modules.lazy_weight:get_device_weight:120 - [32m[cache hit][0m Loading tensor from cache: model_cache/Qwen/Qwen3-32B/galaxy_8x4/mlp/layer9_w3_srcshape_5120_25600_dtype_BFLOAT16_layout_TILE_mapper_8df08bb751f6_device_0.tensorbin
2026-08-27 20:50:04.268 | warning  |              Op | The following ttnn.all_gather args are deprecated and will be removed in September-2026: num_links, topology, chunks_per_sync, num_workers_per_link, num_buffers_per_channel, use_l1_small_for_semaphores. (all_gather.cpp:122)
2026-08-27 20:50:04.269 | INFO     | models.common.modules.lazy_weight:get_device_weight:120 - [32m[cache hit][0m Loading tensor from cache: model_cache/Qwen/Qwen3-32B/galaxy_8x4/norm/layer10_attention_norm_srcshape_1_1_160_32_dtype_BFLOAT16_layout_ROW_MAJOR_mapper_79f48b01bbfc_device_0.tensorbin
2026-08-27 20:50:04.271 | warning  |              Op | The following ttnn.all_gather args are deprecated and will be removed in September-2026: num_links, topology, chunks_per_sync, num_workers_per_link, num_buffers_per_channel, use_l1_small_for_semaphores. (all_gather.cpp:122)
2026-08-27 20:50:04.273 | INFO     | models.common.modules.lazy_weight:get_device_weight:120 - [32m[cache hit][0m Loading tensor from cache: model_cache/Qwen/Qwen3-32B/galaxy_8x4/attn/layer10_wqkv_srcshape_5120_10240_dtype_BFLOAT8_B_layout_TILE_mapper_8df08bb751f6_device_0.tensorbin
2026-08-27 20:50:04.312 | INFO     | models.common.modules.lazy_weight:get_device_weight:120 - [32m[cache hit][0m Loading tensor from cache: model_cache/Qwen/Qwen3-32B/galaxy_8x4/attn/layer10_wo_srcshape_8192_5120_dtype_BFLOAT8_B_layout_TILE_mapper_0bf8bf050070_device_0.tensorbin
2026-08-27 20:50:04.351 | warning  |              Op | The following ttnn.all_gather args are deprecated and will be removed in September-2026: num_links, topology, chunks_per_sync, num_workers_per_link, num_buffers_per_channel, use_l1_small_for_semaphores. (all_gather.cpp:122)
2026-08-27 20:50:04.353 | INFO     | models.common.modules.lazy_weight:get_device_weight:120 - [32m[cache hit][0m Loading tensor from cache: model_cache/Qwen/Qwen3-32B/galaxy_8x4/norm/layer10_q_norm_srcshape_1_1_4_32_dtype_BFLOAT16_layout_ROW_MAJOR_mapper_7daf9f00834c_device_0.tensorbin
2026-08-27 20:50:04.357 | INFO     | models.common.modules.lazy_weight:get_device_weight:120 - [32m[cache hit][0m Loading tensor from cache: model_cache/Qwen/Qwen3-32B/galaxy_8x4/norm/layer10_k_norm_srcshape_1_1_4_32_dtype_BFLOAT16_layout_ROW_MAJOR_mapper_7daf9f00834c_device_0.tensorbin
2026-08-27 20:50:04.360 | warning  |              Op | The following ttnn.all_gather args are deprecated and will be removed in September-2026: num_links, topology, chunks_per_sync, num_workers_per_link, num_buffers_per_channel, use_l1_small_for_semaphores. (all_gather.cpp:122)
2026-08-27 20:50:04.362 | INFO     | models.common.modules.lazy_weight:get_device_weight:120 - [32m[cache hit][0m Loading tensor from cache: model_cache/Qwen/Qwen3-32B/galaxy_8x4/norm/layer10_ff_norm_srcshape_1_1_160_32_dtype_BFLOAT16_layout_ROW_MAJOR_mapper_79f48b01bbfc_device_0.tensorbin
2026-08-27 20:50:04.363 | warning  |              Op | The following ttnn.all_gather args are deprecated and will be removed in September-2026: num_links, topology, chunks_per_sync, num_workers_per_link, num_buffers_per_channel, use_l1_small_for_semaphores. (all_gather.cpp:122)
2026-08-27 20:50:04.365 | INFO     | models.common.modules.lazy_weight:get_device_weight:120 - [32m[cache hit][0m Loading tensor from cache: model_cache/Qwen/Qwen3-32B/galaxy_8x4/mlp/layer10_w1_srcshape_5120_25600_dtype_BFLOAT16_layout_TILE_mapper_8df08bb751f6_device_0.tensorbin
2026-08-27 20:50:04.413 | INFO     | models.common.modules.lazy_weight:get_device_weight:120 - [32m[cache hit][0m Loading tensor from cache: model_cache/Qwen/Qwen3-32B/galaxy_8x4/mlp/layer10_w2_srcshape_25600_5120_dtype_BFLOAT16_layout_TILE_mapper_0bf8bf050070_device_0.tensorbin
2026-08-27 20:50:04.464 | INFO     | models.common.modules.lazy_weight:get_device_weight:120 - [32m[cache hit][0m Loading tensor from cache: model_cache/Qwen/Qwen3-32B/galaxy_8x4/mlp/layer10_w3_srcshape_5120_25600_dtype_BFLOAT16_layout_TILE_mapper_8df08bb751f6_device_0.tensorbin
2026-08-27 20:50:04.517 | warning  |              Op | The following ttnn.all_gather args are deprecated and will be removed in September-2026: num_links, topology, chunks_per_sync, num_workers_per_link, num_buffers_per_channel, use_l1_small_for_semaphores. (all_gather.cpp:122)
2026-08-27 20:50:04.518 | INFO     | models.common.modules.lazy_weight:get_device_weight:120 - [32m[cache hit][0m Loading tensor from cache: model_cache/Qwen/Qwen3-32B/galaxy_8x4/norm/layer11_attention_norm_srcshape_1_1_160_32_dtype_BFLOAT16_layout_ROW_MAJOR_mapper_79f48b01bbfc_device_0.tensorbin
2026-08-27 20:50:04.522 | warning  |              Op | The following ttnn.all_gather args are deprecated and will be removed in September-2026: num_links, topology, chunks_per_sync, num_workers_per_link, num_buffers_per_channel, use_l1_small_for_semaphores. (all_gather.cpp:122)
2026-08-27 20:50:04.523 | INFO     | models.common.modules.lazy_weight:get_device_weight:120 - [32m[cache hit][0m Loading tensor from cache: model_cache/Qwen/Qwen3-32B/galaxy_8x4/attn/layer11_wqkv_srcshape_5120_10240_dtype_BFLOAT8_B_layout_TILE_mapper_8df08bb751f6_device_0.tensorbin
2026-08-27 20:50:04.563 | INFO     | models.common.modules.lazy_weight:get_device_weight:120 - [32m[cache hit][0m Loading tensor from cache: model_cache/Qwen/Qwen3-32B/galaxy_8x4/attn/layer11_wo_srcshape_8192_5120_dtype_BFLOAT8_B_layout_TILE_mapper_0bf8bf050070_device_0.tensorbin
2026-08-27 20:50:04.602 | warning  |              Op | The following ttnn.all_gather args are deprecated and will be removed in September-2026: num_links, topology, chunks_per_sync, num_workers_per_link, num_buffers_per_channel, use_l1_small_for_semaphores. (all_gather.cpp:122)
2026-08-27 20:50:04.605 | INFO     | models.common.modules.lazy_weight:get_device_weight:120 - [32m[cache hit][0m Loading tensor from cache: model_cache/Qwen/Qwen3-32B/galaxy_8x4/norm/layer11_q_norm_srcshape_1_1_4_32_dtype_BFLOAT16_layout_ROW_MAJOR_mapper_7daf9f00834c_device_0.tensorbin
2026-08-27 20:50:04.607 | INFO     | models.common.modules.lazy_weight:get_device_weight:120 - [32m[cache hit][0m Loading tensor from cache: model_cache/Qwen/Qwen3-32B/galaxy_8x4/norm/layer11_k_norm_srcshape_1_1_4_32_dtype_BFLOAT16_layout_ROW_MAJOR_mapper_7daf9f00834c_device_0.tensorbin
2026-08-27 20:50:04.611 | warning  |              Op | The following ttnn.all_gather args are deprecated and will be removed in September-2026: num_links, topology, chunks_per_sync, num_workers_per_link, num_buffers_per_channel, use_l1_small_for_semaphores. (all_gather.cpp:122)
2026-08-27 20:50:04.612 | INFO     | models.common.modules.lazy_weight:get_device_weight:120 - [32m[cache hit][0m Loading tensor from cache: model_cache/Qwen/Qwen3-32B/galaxy_8x4/norm/layer11_ff_norm_srcshape_1_1_160_32_dtype_BFLOAT16_layout_ROW_MAJOR_mapper_79f48b01bbfc_device_0.tensorbin
2026-08-27 20:50:04.614 | warning  |              Op | The following ttnn.all_gather args are deprecated and will be removed in September-2026: num_links, topology, chunks_per_sync, num_workers_per_link, num_buffers_per_channel, use_l1_small_for_semaphores. (all_gather.cpp:122)
2026-08-27 20:50:04.615 | INFO     | models.common.modules.lazy_weight:get_device_weight:120 - [32m[cache hit][0m Loading tensor from cache: model_cache/Qwen/Qwen3-32B/galaxy_8x4/mlp/layer11_w1_srcshape_5120_25600_dtype_BFLOAT16_layout_TILE_mapper_8df08bb751f6_device_0.tensorbin
2026-08-27 20:50:04.663 | INFO     | models.common.modules.lazy_weight:get_device_weight:120 - [32m[cache hit][0m Loading tensor from cache: model_cache/Qwen/Qwen3-32B/galaxy_8x4/mlp/layer11_w2_srcshape_25600_5120_dtype_BFLOAT16_layout_TILE_mapper_0bf8bf050070_device_0.tensorbin
2026-08-27 20:50:04.718 | INFO     | models.common.modules.lazy_weight:get_device_weight:120 - [32m[cache hit][0m Loading tensor from cache: model_cache/Qwen/Qwen3-32B/galaxy_8x4/mlp/layer11_w3_srcshape_5120_25600_dtype_BFLOAT16_layout_TILE_mapper_8df08bb751f6_device_0.tensorbin
2026-08-27 20:50:04.771 | warning  |              Op | The following ttnn.all_gather args are deprecated and will be removed in September-2026: num_links, topology, chunks_per_sync, num_workers_per_link, num_buffers_per_channel, use_l1_small_for_semaphores. (all_gather.cpp:122)
2026-08-27 20:50:04.773 | INFO     | models.common.modules.lazy_weight:get_device_weight:120 - [32m[cache hit][0m Loading tensor from cache: model_cache/Qwen/Qwen3-32B/galaxy_8x4/norm/layer12_attention_norm_srcshape_1_1_160_32_dtype_BFLOAT16_layout_ROW_MAJOR_mapper_79f48b01bbfc_device_0.tensorbin
2026-08-27 20:50:04.774 | warning  |              Op | The following ttnn.all_gather args are deprecated and will be removed in September-2026: num_links, topology, chunks_per_sync, num_workers_per_link, num_buffers_per_channel, use_l1_small_for_semaphores. (all_gather.cpp:122)
2026-08-27 20:50:04.777 | INFO     | models.common.modules.lazy_weight:get_device_weight:120 - [32m[cache hit][0m Loading tensor from cache: model_cache/Qwen/Qwen3-32B/galaxy_8x4/attn/layer12_wqkv_srcshape_5120_10240_dtype_BFLOAT8_B_layout_TILE_mapper_8df08bb751f6_device_0.tensorbin
2026-08-27 20:50:04.817 | INFO     | models.common.modules.lazy_weight:get_device_weight:120 - [32m[cache hit][0m Loading tensor from cache: model_cache/Qwen/Qwen3-32B/galaxy_8x4/attn/layer12_wo_srcshape_8192_5120_dtype_BFLOAT8_B_layout_TILE_mapper_0bf8bf050070_device_0.tensorbin
2026-08-27 20:50:04.857 | warning  |              Op | The following ttnn.all_gather args are deprecated and will be removed in September-2026: num_links, topology, chunks_per_sync, num_workers_per_link, num_buffers_per_channel, use_l1_small_for_semaphores. (all_gather.cpp:122)
2026-08-27 20:50:04.858 | INFO     | models.common.modules.lazy_weight:get_device_weight:120 - [32m[cache hit][0m Loading tensor from cache: model_cache/Qwen/Qwen3-32B/galaxy_8x4/norm/layer12_q_norm_srcshape_1_1_4_32_dtype_BFLOAT16_layout_ROW_MAJOR_mapper_7daf9f00834c_device_0.tensorbin
2026-08-27 20:50:04.860 | INFO     | models.common.modules.lazy_weight:get_device_weight:120 - [32m[cache hit][0m Loading tensor from cache: model_cache/Qwen/Qwen3-32B/galaxy_8x4/norm/layer12_k_norm_srcshape_1_1_4_32_dtype_BFLOAT16_layout_ROW_MAJOR_mapper_7daf9f00834c_device_0.tensorbin
2026-08-27 20:50:04.864 | warning  |              Op | The following ttnn.all_gather args are deprecated and will be removed in September-2026: num_links, topology, chunks_per_sync, num_workers_per_link, num_buffers_per_channel, use_l1_small_for_semaphores. (all_gather.cpp:122)
2026-08-27 20:50:04.866 | INFO     | models.common.modules.lazy_weight:get_device_weight:120 - [32m[cache hit][0m Loading tensor from cache: model_cache/Qwen/Qwen3-32B/galaxy_8x4/norm/layer12_ff_norm_srcshape_1_1_160_32_dtype_BFLOAT16_layout_ROW_MAJOR_mapper_79f48b01bbfc_device_0.tensorbin
2026-08-27 20:50:04.867 | warning  |              Op | The following ttnn.all_gather args are deprecated and will be removed in September-2026: num_links, topology, chunks_per_sync, num_workers_per_link, num_buffers_per_channel, use_l1_small_for_semaphores. (all_gather.cpp:122)
2026-08-27 20:50:04.868 | INFO     | models.common.modules.lazy_weight:get_device_weight:120 - [32m[cache hit][0m Loading tensor from cache: model_cache/Qwen/Qwen3-32B/galaxy_8x4/mlp/layer12_w1_srcshape_5120_25600_dtype_BFLOAT16_layout_TILE_mapper_8df08bb751f6_device_0.tensorbin
2026-08-27 20:50:04.917 | INFO     | models.common.modules.lazy_weight:get_device_weight:120 - [32m[cache hit][0m Loading tensor from cache: model_cache/Qwen/Qwen3-32B/galaxy_8x4/mlp/layer12_w2_srcshape_25600_5120_dtype_BFLOAT16_layout_TILE_mapper_0bf8bf050070_device_0.tensorbin
2026-08-27 20:50:04.970 | INFO     | models.common.modules.lazy_weight:get_device_weight:120 - [32m[cache hit][0m Loading tensor from cache: model_cache/Qwen/Qwen3-32B/galaxy_8x4/mlp/layer12_w3_srcshape_5120_25600_dtype_BFLOAT16_layout_TILE_mapper_8df08bb751f6_device_0.tensorbin
2026-08-27 20:50:05.026 | warning  |              Op | The following ttnn.all_gather args are deprecated and will be removed in September-2026: num_links, topology, chunks_per_sync, num_workers_per_link, num_buffers_per_channel, use_l1_small_for_semaphores. (all_gather.cpp:122)
2026-08-27 20:50:05.028 | INFO     | models.common.modules.lazy_weight:get_device_weight:120 - [32m[cache hit][0m Loading tensor from cache: model_cache/Qwen/Qwen3-32B/galaxy_8x4/norm/layer13_attention_norm_srcshape_1_1_160_32_dtype_BFLOAT16_layout_ROW_MAJOR_mapper_79f48b01bbfc_device_0.tensorbin
2026-08-27 20:50:05.030 | warning  |              Op | The following ttnn.all_gather args are deprecated and will be removed in September-2026: num_links, topology, chunks_per_sync, num_workers_per_link, num_buffers_per_channel, use_l1_small_for_semaphores. (all_gather.cpp:122)
2026-08-27 20:50:05.032 | INFO     | models.common.modules.lazy_weight:get_device_weight:120 - [32m[cache hit][0m Loading tensor from cache: model_cache/Qwen/Qwen3-32B/galaxy_8x4/attn/layer13_wqkv_srcshape_5120_10240_dtype_BFLOAT8_B_layout_TILE_mapper_8df08bb751f6_device_0.tensorbin
2026-08-27 20:50:05.071 | INFO     | models.common.modules.lazy_weight:get_device_weight:120 - [32m[cache hit][0m Loading tensor from cache: model_cache/Qwen/Qwen3-32B/galaxy_8x4/attn/layer13_wo_srcshape_8192_5120_dtype_BFLOAT8_B_layout_TILE_mapper_0bf8bf050070_device_0.tensorbin
2026-08-27 20:50:05.110 | warning  |              Op | The following ttnn.all_gather args are deprecated and will be removed in September-2026: num_links, topology, chunks_per_sync, num_workers_per_link, num_buffers_per_channel, use_l1_small_for_semaphores. (all_gather.cpp:122)
2026-08-27 20:50:05.111 | INFO     | models.common.modules.lazy_weight:get_device_weight:120 - [32m[cache hit][0m Loading tensor from cache: model_cache/Qwen/Qwen3-32B/galaxy_8x4/norm/layer13_q_norm_srcshape_1_1_4_32_dtype_BFLOAT16_layout_ROW_MAJOR_mapper_7daf9f00834c_device_0.tensorbin
2026-08-27 20:50:05.113 | INFO     | models.common.modules.lazy_weight:get_device_weight:120 - [32m[cache hit][0m Loading tensor from cache: model_cache/Qwen/Qwen3-32B/galaxy_8x4/norm/layer13_k_norm_srcshape_1_1_4_32_dtype_BFLOAT16_layout_ROW_MAJOR_mapper_7daf9f00834c_device_0.tensorbin
2026-08-27 20:50:05.117 | warning  |              Op | The following ttnn.all_gather args are deprecated and will be removed in September-2026: num_links, topology, chunks_per_sync, num_workers_per_link, num_buffers_per_channel, use_l1_small_for_semaphores. (all_gather.cpp:122)
2026-08-27 20:50:05.118 | INFO     | models.common.modules.lazy_weight:get_device_weight:120 - [32m[cache hit][0m Loading tensor from cache: model_cache/Qwen/Qwen3-32B/galaxy_8x4/norm/layer13_ff_norm_srcshape_1_1_160_32_dtype_BFLOAT16_layout_ROW_MAJOR_mapper_79f48b01bbfc_device_0.tensorbin
2026-08-27 20:50:05.119 | warning  |              Op | The following ttnn.all_gather args are deprecated and will be removed in September-2026: num_links, topology, chunks_per_sync, num_workers_per_link, num_buffers_per_channel, use_l1_small_for_semaphores. (all_gather.cpp:122)
2026-08-27 20:50:05.121 | INFO     | models.common.modules.lazy_weight:get_device_weight:120 - [32m[cache hit][0m Loading tensor from cache: model_cache/Qwen/Qwen3-32B/galaxy_8x4/mlp/layer13_w1_srcshape_5120_25600_dtype_BFLOAT16_layout_TILE_mapper_8df08bb751f6_device_0.tensorbin
2026-08-27 20:50:05.172 | INFO     | models.common.modules.lazy_weight:get_device_weight:120 - [32m[cache hit][0m Loading tensor from cache: model_cache/Qwen/Qwen3-32B/galaxy_8x4/mlp/layer13_w2_srcshape_25600_5120_dtype_BFLOAT16_layout_TILE_mapper_0bf8bf050070_device_0.tensorbin
2026-08-27 20:50:05.222 | INFO     | models.common.modules.lazy_weight:get_device_weight:120 - [32m[cache hit][0m Loading tensor from cache: model_cache/Qwen/Qwen3-32B/galaxy_8x4/mlp/layer13_w3_srcshape_5120_25600_dtype_BFLOAT16_layout_TILE_mapper_8df08bb751f6_device_0.tensorbin
2026-08-27 20:50:05.273 | warning  |              Op | The following ttnn.all_gather args are deprecated and will be removed in September-2026: num_links, topology, chunks_per_sync, num_workers_per_link, num_buffers_per_channel, use_l1_small_for_semaphores. (all_gather.cpp:122)
2026-08-27 20:50:05.275 | INFO     | models.common.modules.lazy_weight:get_device_weight:120 - [32m[cache hit][0m Loading tensor from cache: model_cache/Qwen/Qwen3-32B/galaxy_8x4/norm/layer14_attention_norm_srcshape_1_1_160_32_dtype_BFLOAT16_layout_ROW_MAJOR_mapper_79f48b01bbfc_device_0.tensorbin
2026-08-27 20:50:05.276 | warning  |              Op | The following ttnn.all_gather args are deprecated and will be removed in September-2026: num_links, topology, chunks_per_sync, num_workers_per_link, num_buffers_per_channel, use_l1_small_for_semaphores. (all_gather.cpp:122)
2026-08-27 20:50:05.278 | INFO     | models.common.modules.lazy_weight:get_device_weight:120 - [32m[cache hit][0m Loading tensor from cache: model_cache/Qwen/Qwen3-32B/galaxy_8x4/attn/layer14_wqkv_srcshape_5120_10240_dtype_BFLOAT8_B_layout_TILE_mapper_8df08bb751f6_device_0.tensorbin
2026-08-27 20:50:05.317 | INFO     | models.common.modules.lazy_weight:get_device_weight:120 - [32m[cache hit][0m Loading tensor from cache: model_cache/Qwen/Qwen3-32B/galaxy_8x4/attn/layer14_wo_srcshape_8192_5120_dtype_BFLOAT8_B_layout_TILE_mapper_0bf8bf050070_device_0.tensorbin
2026-08-27 20:50:05.355 | warning  |              Op | The following ttnn.all_gather args are deprecated and will be removed in September-2026: num_links, topology, chunks_per_sync, num_workers_per_link, num_buffers_per_channel, use_l1_small_for_semaphores. (all_gather.cpp:122)
2026-08-27 20:50:05.359 | INFO     | models.common.modules.lazy_weight:get_device_weight:120 - [32m[cache hit][0m Loading tensor from cache: model_cache/Qwen/Qwen3-32B/galaxy_8x4/norm/layer14_q_norm_srcshape_1_1_4_32_dtype_BFLOAT16_layout_ROW_MAJOR_mapper_7daf9f00834c_device_0.tensorbin
2026-08-27 20:50:05.361 | INFO     | models.common.modules.lazy_weight:get_device_weight:120 - [32m[cache hit][0m Loading tensor from cache: model_cache/Qwen/Qwen3-32B/galaxy_8x4/norm/layer14_k_norm_srcshape_1_1_4_32_dtype_BFLOAT16_layout_ROW_MAJOR_mapper_7daf9f00834c_device_0.tensorbin
2026-08-27 20:50:05.364 | warning  |              Op | The following ttnn.all_gather args are deprecated and will be removed in September-2026: num_links, topology, chunks_per_sync, num_workers_per_link, num_buffers_per_channel, use_l1_small_for_semaphores. (all_gather.cpp:122)
2026-08-27 20:50:05.366 | INFO     | models.common.modules.lazy_weight:get_device_weight:120 - [32m[cache hit][0m Loading tensor from cache: model_cache/Qwen/Qwen3-32B/galaxy_8x4/norm/layer14_ff_norm_srcshape_1_1_160_32_dtype_BFLOAT16_layout_ROW_MAJOR_mapper_79f48b01bbfc_device_0.tensorbin
2026-08-27 20:50:05.369 | warning  |              Op | The following ttnn.all_gather args are deprecated and will be removed in September-2026: num_links, topology, chunks_per_sync, num_workers_per_link, num_buffers_per_channel, use_l1_small_for_semaphores. (all_gather.cpp:122)
2026-08-27 20:50:05.370 | INFO     | models.common.modules.lazy_weight:get_device_weight:120 - [32m[cache hit][0m Loading tensor from cache: model_cache/Qwen/Qwen3-32B/galaxy_8x4/mlp/layer14_w1_srcshape_5120_25600_dtype_BFLOAT16_layout_TILE_mapper_8df08bb751f6_device_0.tensorbin
2026-08-27 20:50:05.418 | INFO     | models.common.modules.lazy_weight:get_device_weight:120 - [32m[cache hit][0m Loading tensor from cache: model_cache/Qwen/Qwen3-32B/galaxy_8x4/mlp/layer14_w2_srcshape_25600_5120_dtype_BFLOAT16_layout_TILE_mapper_0bf8bf050070_device_0.tensorbin
2026-08-27 20:50:05.468 | INFO     | models.common.modules.lazy_weight:get_device_weight:120 - [32m[cache hit][0m Loading tensor from cache: model_cache/Qwen/Qwen3-32B/galaxy_8x4/mlp/layer14_w3_srcshape_5120_25600_dtype_BFLOAT16_layout_TILE_mapper_8df08bb751f6_device_0.tensorbin
2026-08-27 20:50:05.524 | warning  |              Op | The following ttnn.all_gather args are deprecated and will be removed in September-2026: num_links, topology, chunks_per_sync, num_workers_per_link, num_buffers_per_channel, use_l1_small_for_semaphores. (all_gather.cpp:122)
2026-08-27 20:50:05.525 | INFO     | models.common.modules.lazy_weight:get_device_weight:120 - [32m[cache hit][0m Loading tensor from cache: model_cache/Qwen/Qwen3-32B/galaxy_8x4/norm/layer15_attention_norm_srcshape_1_1_160_32_dtype_BFLOAT16_layout_ROW_MAJOR_mapper_79f48b01bbfc_device_0.tensorbin
2026-08-27 20:50:05.529 | warning  |              Op | The following ttnn.all_gather args are deprecated and will be removed in September-2026: num_links, topology, chunks_per_sync, num_workers_per_link, num_buffers_per_channel, use_l1_small_for_semaphores. (all_gather.cpp:122)
2026-08-27 20:50:05.530 | INFO     | models.common.modules.lazy_weight:get_device_weight:120 - [32m[cache hit][0m Loading tensor from cache: model_cache/Qwen/Qwen3-32B/galaxy_8x4/attn/layer15_wqkv_srcshape_5120_10240_dtype_BFLOAT8_B_layout_TILE_mapper_8df08bb751f6_device_0.tensorbin
2026-08-27 20:50:05.570 | INFO     | models.common.modules.lazy_weight:get_device_weight:120 - [32m[cache hit][0m Loading tensor from cache: model_cache/Qwen/Qwen3-32B/galaxy_8x4/attn/layer15_wo_srcshape_8192_5120_dtype_BFLOAT8_B_layout_TILE_mapper_0bf8bf050070_device_0.tensorbin
2026-08-27 20:50:05.609 | warning  |              Op | The following ttnn.all_gather args are deprecated and will be removed in September-2026: num_links, topology, chunks_per_sync, num_workers_per_link, num_buffers_per_channel, use_l1_small_for_semaphores. (all_gather.cpp:122)
2026-08-27 20:50:05.611 | INFO     | models.common.modules.lazy_weight:get_device_weight:120 - [32m[cache hit][0m Loading tensor from cache: model_cache/Qwen/Qwen3-32B/galaxy_8x4/norm/layer15_q_norm_srcshape_1_1_4_32_dtype_BFLOAT16_layout_ROW_MAJOR_mapper_7daf9f00834c_device_0.tensorbin
2026-08-27 20:50:05.613 | INFO     | models.common.modules.lazy_weight:get_device_weight:120 - [32m[cache hit][0m Loading tensor from cache: model_cache/Qwen/Qwen3-32B/galaxy_8x4/norm/layer15_k_norm_srcshape_1_1_4_32_dtype_BFLOAT16_layout_ROW_MAJOR_mapper_7daf9f00834c_device_0.tensorbin
2026-08-27 20:50:05.616 | warning  |              Op | The following ttnn.all_gather args are deprecated and will be removed in September-2026: num_links, topology, chunks_per_sync, num_workers_per_link, num_buffers_per_channel, use_l1_small_for_semaphores. (all_gather.cpp:122)
2026-08-27 20:50:05.618 | INFO     | models.common.modules.lazy_weight:get_device_weight:120 - [32m[cache hit][0m Loading tensor from cache: model_cache/Qwen/Qwen3-32B/galaxy_8x4/norm/layer15_ff_norm_srcshape_1_1_160_32_dtype_BFLOAT16_layout_ROW_MAJOR_mapper_79f48b01bbfc_device_0.tensorbin
2026-08-27 20:50:05.619 | warning  |              Op | The following ttnn.all_gather args are deprecated and will be removed in September-2026: num_links, topology, chunks_per_sync, num_workers_per_link, num_buffers_per_channel, use_l1_small_for_semaphores. (all_gather.cpp:122)
2026-08-27 20:50:05.620 | INFO     | models.common.modules.lazy_weight:get_device_weight:120 - [32m[cache hit][0m Loading tensor from cache: model_cache/Qwen/Qwen3-32B/galaxy_8x4/mlp/layer15_w1_srcshape_5120_25600_dtype_BFLOAT16_layout_TILE_mapper_8df08bb751f6_device_0.tensorbin
2026-08-27 20:50:05.671 | INFO     | models.common.modules.lazy_weight:get_device_weight:120 - [32m[cache hit][0m Loading tensor from cache: model_cache/Qwen/Qwen3-32B/galaxy_8x4/mlp/layer15_w2_srcshape_25600_5120_dtype_BFLOAT16_layout_TILE_mapper_0bf8bf050070_device_0.tensorbin
2026-08-27 20:50:05.720 | INFO     | models.common.modules.lazy_weight:get_device_weight:120 - [32m[cache hit][0m Loading tensor from cache: model_cache/Qwen/Qwen3-32B/galaxy_8x4/mlp/layer15_w3_srcshape_5120_25600_dtype_BFLOAT16_layout_TILE_mapper_8df08bb751f6_device_0.tensorbin
2026-08-27 20:50:05.781 | warning  |              Op | The following ttnn.all_gather args are deprecated and will be removed in September-2026: num_links, topology, chunks_per_sync, num_workers_per_link, num_buffers_per_channel, use_l1_small_for_semaphores. (all_gather.cpp:122)
2026-08-27 20:50:05.782 | INFO     | models.common.modules.lazy_weight:get_device_weight:120 - [32m[cache hit][0m Loading tensor from cache: model_cache/Qwen/Qwen3-32B/galaxy_8x4/norm/layer16_attention_norm_srcshape_1_1_160_32_dtype_BFLOAT16_layout_ROW_MAJOR_mapper_79f48b01bbfc_device_0.tensorbin
2026-08-27 20:50:05.784 | warning  |              Op | The following ttnn.all_gather args are deprecated and will be removed in September-2026: num_links, topology, chunks_per_sync, num_workers_per_link, num_buffers_per_channel, use_l1_small_for_semaphores. (all_gather.cpp:122)
2026-08-27 20:50:05.786 | INFO     | models.common.modules.lazy_weight:get_device_weight:120 - [32m[cache hit][0m Loading tensor from cache: model_cache/Qwen/Qwen3-32B/galaxy_8x4/attn/layer16_wqkv_srcshape_5120_10240_dtype_BFLOAT8_B_layout_TILE_mapper_8df08bb751f6_device_0.tensorbin
2026-08-27 20:50:05.825 | INFO     | models.common.modules.lazy_weight:get_device_weight:120 - [32m[cache hit][0m Loading tensor from cache: model_cache/Qwen/Qwen3-32B/galaxy_8x4/attn/layer16_wo_srcshape_8192_5120_dtype_BFLOAT8_B_layout_TILE_mapper_0bf8bf050070_device_0.tensorbin
2026-08-27 20:50:05.865 | warning  |              Op | The following ttnn.all_gather args are deprecated and will be removed in September-2026: num_links, topology, chunks_per_sync, num_workers_per_link, num_buffers_per_channel, use_l1_small_for_semaphores. (all_gather.cpp:122)
2026-08-27 20:50:05.867 | INFO     | models.common.modules.lazy_weight:get_device_weight:120 - [32m[cache hit][0m Loading tensor from cache: model_cache/Qwen/Qwen3-32B/galaxy_8x4/norm/layer16_q_norm_srcshape_1_1_4_32_dtype_BFLOAT16_layout_ROW_MAJOR_mapper_7daf9f00834c_device_0.tensorbin
2026-08-27 20:50:05.873 | INFO     | models.common.modules.lazy_weight:get_device_weight:120 - [32m[cache hit][0m Loading tensor from cache: model_cache/Qwen/Qwen3-32B/galaxy_8x4/norm/layer16_k_norm_srcshape_1_1_4_32_dtype_BFLOAT16_layout_ROW_MAJOR_mapper_7daf9f00834c_device_0.tensorbin
2026-08-27 20:50:05.877 | warning  |              Op | The following ttnn.all_gather args are deprecated and will be removed in September-2026: num_links, topology, chunks_per_sync, num_workers_per_link, num_buffers_per_channel, use_l1_small_for_semaphores. (all_gather.cpp:122)
2026-08-27 20:50:05.880 | INFO     | models.common.modules.lazy_weight:get_device_weight:120 - [32m[cache hit][0m Loading tensor from cache: model_cache/Qwen/Qwen3-32B/galaxy_8x4/norm/layer16_ff_norm_srcshape_1_1_160_32_dtype_BFLOAT16_layout_ROW_MAJOR_mapper_79f48b01bbfc_device_0.tensorbin
2026-08-27 20:50:05.883 | warning  |              Op | The following ttnn.all_gather args are deprecated and will be removed in September-2026: num_links, topology, chunks_per_sync, num_workers_per_link, num_buffers_per_channel, use_l1_small_for_semaphores. (all_gather.cpp:122)
2026-08-27 20:50:05.885 | INFO     | models.common.modules.lazy_weight:get_device_weight:120 - [32m[cache hit][0m Loading tensor from cache: model_cache/Qwen/Qwen3-32B/galaxy_8x4/mlp/layer16_w1_srcshape_5120_25600_dtype_BFLOAT16_layout_TILE_mapper_8df08bb751f6_device_0.tensorbin
2026-08-27 20:50:05.945 | INFO     | models.common.modules.lazy_weight:get_device_weight:120 - [32m[cache hit][0m Loading tensor from cache: model_cache/Qwen/Qwen3-32B/galaxy_8x4/mlp/layer16_w2_srcshape_25600_5120_dtype_BFLOAT16_layout_TILE_mapper_0bf8bf050070_device_0.tensorbin
2026-08-27 20:50:06.000 | INFO     | models.common.modules.lazy_weight:get_device_weight:120 - [32m[cache hit][0m Loading tensor from cache: model_cache/Qwen/Qwen3-32B/galaxy_8x4/mlp/layer16_w3_srcshape_5120_25600_dtype_BFLOAT16_layout_TILE_mapper_8df08bb751f6_device_0.tensorbin
2026-08-27 20:50:06.059 | warning  |              Op | The following ttnn.all_gather args are deprecated and will be removed in September-2026: num_links, topology, chunks_per_sync, num_workers_per_link, num_buffers_per_channel, use_l1_small_for_semaphores. (all_gather.cpp:122)
2026-08-27 20:50:06.060 | INFO     | models.common.modules.lazy_weight:get_device_weight:120 - [32m[cache hit][0m Loading tensor from cache: model_cache/Qwen/Qwen3-32B/galaxy_8x4/norm/layer17_attention_norm_srcshape_1_1_160_32_dtype_BFLOAT16_layout_ROW_MAJOR_mapper_79f48b01bbfc_device_0.tensorbin
2026-08-27 20:50:06.062 | warning  |              Op | The following ttnn.all_gather args are deprecated and will be removed in September-2026: num_links, topology, chunks_per_sync, num_workers_per_link, num_buffers_per_channel, use_l1_small_for_semaphores. (all_gather.cpp:122)
2026-08-27 20:50:06.064 | INFO     | models.common.modules.lazy_weight:get_device_weight:120 - [32m[cache hit][0m Loading tensor from cache: model_cache/Qwen/Qwen3-32B/galaxy_8x4/attn/layer17_wqkv_srcshape_5120_10240_dtype_BFLOAT8_B_layout_TILE_mapper_8df08bb751f6_device_0.tensorbin
2026-08-27 20:50:06.104 | INFO     | models.common.modules.lazy_weight:get_device_weight:120 - [32m[cache hit][0m Loading tensor from cache: model_cache/Qwen/Qwen3-32B/galaxy_8x4/attn/layer17_wo_srcshape_8192_5120_dtype_BFLOAT8_B_layout_TILE_mapper_0bf8bf050070_device_0.tensorbin
2026-08-27 20:50:06.143 | warning  |              Op | The following ttnn.all_gather args are deprecated and will be removed in September-2026: num_links, topology, chunks_per_sync, num_workers_per_link, num_buffers_per_channel, use_l1_small_for_semaphores. (all_gather.cpp:122)
2026-08-27 20:50:06.145 | INFO     | models.common.modules.lazy_weight:get_device_weight:120 - [32m[cache hit][0m Loading tensor from cache: model_cache/Qwen/Qwen3-32B/galaxy_8x4/norm/layer17_q_norm_srcshape_1_1_4_32_dtype_BFLOAT16_layout_ROW_MAJOR_mapper_7daf9f00834c_device_0.tensorbin
2026-08-27 20:50:06.148 | INFO     | models.common.modules.lazy_weight:get_device_weight:120 - [32m[cache hit][0m Loading tensor from cache: model_cache/Qwen/Qwen3-32B/galaxy_8x4/norm/layer17_k_norm_srcshape_1_1_4_32_dtype_BFLOAT16_layout_ROW_MAJOR_mapper_7daf9f00834c_device_0.tensorbin
2026-08-27 20:50:06.152 | warning  |              Op | The following ttnn.all_gather args are deprecated and will be removed in September-2026: num_links, topology, chunks_per_sync, num_workers_per_link, num_buffers_per_channel, use_l1_small_for_semaphores. (all_gather.cpp:122)
2026-08-27 20:50:06.153 | INFO     | models.common.modules.lazy_weight:get_device_weight:120 - [32m[cache hit][0m Loading tensor from cache: model_cache/Qwen/Qwen3-32B/galaxy_8x4/norm/layer17_ff_norm_srcshape_1_1_160_32_dtype_BFLOAT16_layout_ROW_MAJOR_mapper_79f48b01bbfc_device_0.tensorbin
2026-08-27 20:50:06.157 | warning  |              Op | The following ttnn.all_gather args are deprecated and will be removed in September-2026: num_links, topology, chunks_per_sync, num_workers_per_link, num_buffers_per_channel, use_l1_small_for_semaphores. (all_gather.cpp:122)
2026-08-27 20:50:06.159 | INFO     | models.common.modules.lazy_weight:get_device_weight:120 - [32m[cache hit][0m Loading tensor from cache: model_cache/Qwen/Qwen3-32B/galaxy_8x4/mlp/layer17_w1_srcshape_5120_25600_dtype_BFLOAT16_layout_TILE_mapper_8df08bb751f6_device_0.tensorbin
2026-08-27 20:50:06.219 | INFO     | models.common.modules.lazy_weight:get_device_weight:120 - [32m[cache hit][0m Loading tensor from cache: model_cache/Qwen/Qwen3-32B/galaxy_8x4/mlp/layer17_w2_srcshape_25600_5120_dtype_BFLOAT16_layout_TILE_mapper_0bf8bf050070_device_0.tensorbin
2026-08-27 20:50:06.267 | INFO     | models.common.modules.lazy_weight:get_device_weight:120 - [32m[cache hit][0m Loading tensor from cache: model_cache/Qwen/Qwen3-32B/galaxy_8x4/mlp/layer17_w3_srcshape_5120_25600_dtype_BFLOAT16_layout_TILE_mapper_8df08bb751f6_device_0.tensorbin
2026-08-27 20:50:06.321 | warning  |              Op | The following ttnn.all_gather args are deprecated and will be removed in September-2026: num_links, topology, chunks_per_sync, num_workers_per_link, num_buffers_per_channel, use_l1_small_for_semaphores. (all_gather.cpp:122)
2026-08-27 20:50:06.322 | INFO     | models.common.modules.lazy_weight:get_device_weight:120 - [32m[cache hit][0m Loading tensor from cache: model_cache/Qwen/Qwen3-32B/galaxy_8x4/norm/layer18_attention_norm_srcshape_1_1_160_32_dtype_BFLOAT16_layout_ROW_MAJOR_mapper_79f48b01bbfc_device_0.tensorbin
2026-08-27 20:50:06.324 | warning  |              Op | The following ttnn.all_gather args are deprecated and will be removed in September-2026: num_links, topology, chunks_per_sync, num_workers_per_link, num_buffers_per_channel, use_l1_small_for_semaphores. (all_gather.cpp:122)
2026-08-27 20:50:06.326 | INFO     | models.common.modules.lazy_weight:get_device_weight:120 - [32m[cache hit][0m Loading tensor from cache: model_cache/Qwen/Qwen3-32B/galaxy_8x4/attn/layer18_wqkv_srcshape_5120_10240_dtype_BFLOAT8_B_layout_TILE_mapper_8df08bb751f6_device_0.tensorbin
2026-08-27 20:50:06.370 | INFO     | models.common.modules.lazy_weight:get_device_weight:120 - [32m[cache hit][0m Loading tensor from cache: model_cache/Qwen/Qwen3-32B/galaxy_8x4/attn/layer18_wo_srcshape_8192_5120_dtype_BFLOAT8_B_layout_TILE_mapper_0bf8bf050070_device_0.tensorbin
2026-08-27 20:50:06.410 | warning  |              Op | The following ttnn.all_gather args are deprecated and will be removed in September-2026: num_links, topology, chunks_per_sync, num_workers_per_link, num_buffers_per_channel, use_l1_small_for_semaphores. (all_gather.cpp:122)
2026-08-27 20:50:06.411 | INFO     | models.common.modules.lazy_weight:get_device_weight:120 - [32m[cache hit][0m Loading tensor from cache: model_cache/Qwen/Qwen3-32B/galaxy_8x4/norm/layer18_q_norm_srcshape_1_1_4_32_dtype_BFLOAT16_layout_ROW_MAJOR_mapper_7daf9f00834c_device_0.tensorbin
2026-08-27 20:50:06.413 | INFO     | models.common.modules.lazy_weight:get_device_weight:120 - [32m[cache hit][0m Loading tensor from cache: model_cache/Qwen/Qwen3-32B/galaxy_8x4/norm/layer18_k_norm_srcshape_1_1_4_32_dtype_BFLOAT16_layout_ROW_MAJOR_mapper_7daf9f00834c_device_0.tensorbin
2026-08-27 20:50:06.416 | warning  |              Op | The following ttnn.all_gather args are deprecated and will be removed in September-2026: num_links, topology, chunks_per_sync, num_workers_per_link, num_buffers_per_channel, use_l1_small_for_semaphores. (all_gather.cpp:122)
2026-08-27 20:50:06.418 | INFO     | models.common.modules.lazy_weight:get_device_weight:120 - [32m[cache hit][0m Loading tensor from cache: model_cache/Qwen/Qwen3-32B/galaxy_8x4/norm/layer18_ff_norm_srcshape_1_1_160_32_dtype_BFLOAT16_layout_ROW_MAJOR_mapper_79f48b01bbfc_device_0.tensorbin
2026-08-27 20:50:06.419 | warning  |              Op | The following ttnn.all_gather args are deprecated and will be removed in September-2026: num_links, topology, chunks_per_sync, num_workers_per_link, num_buffers_per_channel, use_l1_small_for_semaphores. (all_gather.cpp:122)
2026-08-27 20:50:06.421 | INFO     | models.common.modules.lazy_weight:get_device_weight:120 - [32m[cache hit][0m Loading tensor from cache: model_cache/Qwen/Qwen3-32B/galaxy_8x4/mlp/layer18_w1_srcshape_5120_25600_dtype_BFLOAT16_layout_TILE_mapper_8df08bb751f6_device_0.tensorbin
2026-08-27 20:50:06.473 | INFO     | models.common.modules.lazy_weight:get_device_weight:120 - [32m[cache hit][0m Loading tensor from cache: model_cache/Qwen/Qwen3-32B/galaxy_8x4/mlp/layer18_w2_srcshape_25600_5120_dtype_BFLOAT16_layout_TILE_mapper_0bf8bf050070_device_0.tensorbin
2026-08-27 20:50:06.531 | INFO     | models.common.modules.lazy_weight:get_device_weight:120 - [32m[cache hit][0m Loading tensor from cache: model_cache/Qwen/Qwen3-32B/galaxy_8x4/mlp/layer18_w3_srcshape_5120_25600_dtype_BFLOAT16_layout_TILE_mapper_8df08bb751f6_device_0.tensorbin
2026-08-27 20:50:06.585 | warning  |              Op | The following ttnn.all_gather args are deprecated and will be removed in September-2026: num_links, topology, chunks_per_sync, num_workers_per_link, num_buffers_per_channel, use_l1_small_for_semaphores. (all_gather.cpp:122)
2026-08-27 20:50:06.586 | INFO     | models.common.modules.lazy_weight:get_device_weight:120 - [32m[cache hit][0m Loading tensor from cache: model_cache/Qwen/Qwen3-32B/galaxy_8x4/norm/layer19_attention_norm_srcshape_1_1_160_32_dtype_BFLOAT16_layout_ROW_MAJOR_mapper_79f48b01bbfc_device_0.tensorbin
2026-08-27 20:50:06.588 | warning  |              Op | The following ttnn.all_gather args are deprecated and will be removed in September-2026: num_links, topology, chunks_per_sync, num_workers_per_link, num_buffers_per_channel, use_l1_small_for_semaphores. (all_gather.cpp:122)
2026-08-27 20:50:06.590 | INFO     | models.common.modules.lazy_weight:get_device_weight:120 - [32m[cache hit][0m Loading tensor from cache: model_cache/Qwen/Qwen3-32B/galaxy_8x4/attn/layer19_wqkv_srcshape_5120_10240_dtype_BFLOAT8_B_layout_TILE_mapper_8df08bb751f6_device_0.tensorbin
2026-08-27 20:50:06.630 | INFO     | models.common.modules.lazy_weight:get_device_weight:120 - [32m[cache hit][0m Loading tensor from cache: model_cache/Qwen/Qwen3-32B/galaxy_8x4/attn/layer19_wo_srcshape_8192_5120_dtype_BFLOAT8_B_layout_TILE_mapper_0bf8bf050070_device_0.tensorbin
2026-08-27 20:50:06.669 | warning  |              Op | The following ttnn.all_gather args are deprecated and will be removed in September-2026: num_links, topology, chunks_per_sync, num_workers_per_link, num_buffers_per_channel, use_l1_small_for_semaphores. (all_gather.cpp:122)
2026-08-27 20:50:06.671 | INFO     | models.common.modules.lazy_weight:get_device_weight:120 - [32m[cache hit][0m Loading tensor from cache: model_cache/Qwen/Qwen3-32B/galaxy_8x4/norm/layer19_q_norm_srcshape_1_1_4_32_dtype_BFLOAT16_layout_ROW_MAJOR_mapper_7daf9f00834c_device_0.tensorbin
2026-08-27 20:50:06.673 | INFO     | models.common.modules.lazy_weight:get_device_weight:120 - [32m[cache hit][0m Loading tensor from cache: model_cache/Qwen/Qwen3-32B/galaxy_8x4/norm/layer19_k_norm_srcshape_1_1_4_32_dtype_BFLOAT16_layout_ROW_MAJOR_mapper_7daf9f00834c_device_0.tensorbin
2026-08-27 20:50:06.677 | warning  |              Op | The following ttnn.all_gather args are deprecated and will be removed in September-2026: num_links, topology, chunks_per_sync, num_workers_per_link, num_buffers_per_channel, use_l1_small_for_semaphores. (all_gather.cpp:122)
2026-08-27 20:50:06.678 | INFO     | models.common.modules.lazy_weight:get_device_weight:120 - [32m[cache hit][0m Loading tensor from cache: model_cache/Qwen/Qwen3-32B/galaxy_8x4/norm/layer19_ff_norm_srcshape_1_1_160_32_dtype_BFLOAT16_layout_ROW_MAJOR_mapper_79f48b01bbfc_device_0.tensorbin
2026-08-27 20:50:06.680 | warning  |              Op | The following ttnn.all_gather args are deprecated and will be removed in September-2026: num_links, topology, chunks_per_sync, num_workers_per_link, num_buffers_per_channel, use_l1_small_for_semaphores. (all_gather.cpp:122)
2026-08-27 20:50:06.681 | INFO     | models.common.modules.lazy_weight:get_device_weight:120 - [32m[cache hit][0m Loading tensor from cache: model_cache/Qwen/Qwen3-32B/galaxy_8x4/mlp/layer19_w1_srcshape_5120_25600_dtype_BFLOAT16_layout_TILE_mapper_8df08bb751f6_device_0.tensorbin
2026-08-27 20:50:06.730 | INFO     | models.common.modules.lazy_weight:get_device_weight:120 - [32m[cache hit][0m Loading tensor from cache: model_cache/Qwen/Qwen3-32B/galaxy_8x4/mlp/layer19_w2_srcshape_25600_5120_dtype_BFLOAT16_layout_TILE_mapper_0bf8bf050070_device_0.tensorbin
2026-08-27 20:50:06.784 | INFO     | models.common.modules.lazy_weight:get_device_weight:120 - [32m[cache hit][0m Loading tensor from cache: model_cache/Qwen/Qwen3-32B/galaxy_8x4/mlp/layer19_w3_srcshape_5120_25600_dtype_BFLOAT16_layout_TILE_mapper_8df08bb751f6_device_0.tensorbin
2026-08-27 20:50:06.838 | warning  |              Op | The following ttnn.all_gather args are deprecated and will be removed in September-2026: num_links, topology, chunks_per_sync, num_workers_per_link, num_buffers_per_channel, use_l1_small_for_semaphores. (all_gather.cpp:122)
2026-08-27 20:50:06.839 | INFO     | models.common.modules.lazy_weight:get_device_weight:120 - [32m[cache hit][0m Loading tensor from cache: model_cache/Qwen/Qwen3-32B/galaxy_8x4/norm/layer20_attention_norm_srcshape_1_1_160_32_dtype_BFLOAT16_layout_ROW_MAJOR_mapper_79f48b01bbfc_device_0.tensorbin
2026-08-27 20:50:06.841 | warning  |              Op | The following ttnn.all_gather args are deprecated and will be removed in September-2026: num_links, topology, chunks_per_sync, num_workers_per_link, num_buffers_per_channel, use_l1_small_for_semaphores. (all_gather.cpp:122)
2026-08-27 20:50:06.844 | INFO     | models.common.modules.lazy_weight:get_device_weight:120 - [32m[cache hit][0m Loading tensor from cache: model_cache/Qwen/Qwen3-32B/galaxy_8x4/attn/layer20_wqkv_srcshape_5120_10240_dtype_BFLOAT8_B_layout_TILE_mapper_8df08bb751f6_device_0.tensorbin
2026-08-27 20:50:06.883 | INFO     | models.common.modules.lazy_weight:get_device_weight:120 - [32m[cache hit][0m Loading tensor from cache: model_cache/Qwen/Qwen3-32B/galaxy_8x4/attn/layer20_wo_srcshape_8192_5120_dtype_BFLOAT8_B_layout_TILE_mapper_0bf8bf050070_device_0.tensorbin
2026-08-27 20:50:06.921 | warning  |              Op | The following ttnn.all_gather args are deprecated and will be removed in September-2026: num_links, topology, chunks_per_sync, num_workers_per_link, num_buffers_per_channel, use_l1_small_for_semaphores. (all_gather.cpp:122)
2026-08-27 20:50:06.923 | INFO     | models.common.modules.lazy_weight:get_device_weight:120 - [32m[cache hit][0m Loading tensor from cache: model_cache/Qwen/Qwen3-32B/galaxy_8x4/norm/layer20_q_norm_srcshape_1_1_4_32_dtype_BFLOAT16_layout_ROW_MAJOR_mapper_7daf9f00834c_device_0.tensorbin
2026-08-27 20:50:06.925 | INFO     | models.common.modules.lazy_weight:get_device_weight:120 - [32m[cache hit][0m Loading tensor from cache: model_cache/Qwen/Qwen3-32B/galaxy_8x4/norm/layer20_k_norm_srcshape_1_1_4_32_dtype_BFLOAT16_layout_ROW_MAJOR_mapper_7daf9f00834c_device_0.tensorbin
2026-08-27 20:50:06.929 | warning  |              Op | The following ttnn.all_gather args are deprecated and will be removed in September-2026: num_links, topology, chunks_per_sync, num_workers_per_link, num_buffers_per_channel, use_l1_small_for_semaphores. (all_gather.cpp:122)
2026-08-27 20:50:06.930 | INFO     | models.common.modules.lazy_weight:get_device_weight:120 - [32m[cache hit][0m Loading tensor from cache: model_cache/Qwen/Qwen3-32B/galaxy_8x4/norm/layer20_ff_norm_srcshape_1_1_160_32_dtype_BFLOAT16_layout_ROW_MAJOR_mapper_79f48b01bbfc_device_0.tensorbin
2026-08-27 20:50:06.932 | warning  |              Op | The following ttnn.all_gather args are deprecated and will be removed in September-2026: num_links, topology, chunks_per_sync, num_workers_per_link, num_buffers_per_channel, use_l1_small_for_semaphores. (all_gather.cpp:122)
2026-08-27 20:50:06.933 | INFO     | models.common.modules.lazy_weight:get_device_weight:120 - [32m[cache hit][0m Loading tensor from cache: model_cache/Qwen/Qwen3-32B/galaxy_8x4/mlp/layer20_w1_srcshape_5120_25600_dtype_BFLOAT16_layout_TILE_mapper_8df08bb751f6_device_0.tensorbin
2026-08-27 20:50:06.981 | INFO     | models.common.modules.lazy_weight:get_device_weight:120 - [32m[cache hit][0m Loading tensor from cache: model_cache/Qwen/Qwen3-32B/galaxy_8x4/mlp/layer20_w2_srcshape_25600_5120_dtype_BFLOAT16_layout_TILE_mapper_0bf8bf050070_device_0.tensorbin
2026-08-27 20:50:07.030 | INFO     | models.common.modules.lazy_weight:get_device_weight:120 - [32m[cache hit][0m Loading tensor from cache: model_cache/Qwen/Qwen3-32B/galaxy_8x4/mlp/layer20_w3_srcshape_5120_25600_dtype_BFLOAT16_layout_TILE_mapper_8df08bb751f6_device_0.tensorbin
2026-08-27 20:50:07.084 | warning  |              Op | The following ttnn.all_gather args are deprecated and will be removed in September-2026: num_links, topology, chunks_per_sync, num_workers_per_link, num_buffers_per_channel, use_l1_small_for_semaphores. (all_gather.cpp:122)
2026-08-27 20:50:07.085 | INFO     | models.common.modules.lazy_weight:get_device_weight:120 - [32m[cache hit][0m Loading tensor from cache: model_cache/Qwen/Qwen3-32B/galaxy_8x4/norm/layer21_attention_norm_srcshape_1_1_160_32_dtype_BFLOAT16_layout_ROW_MAJOR_mapper_79f48b01bbfc_device_0.tensorbin
2026-08-27 20:50:07.087 | warning  |              Op | The following ttnn.all_gather args are deprecated and will be removed in September-2026: num_links, topology, chunks_per_sync, num_workers_per_link, num_buffers_per_channel, use_l1_small_for_semaphores. (all_gather.cpp:122)
2026-08-27 20:50:07.089 | INFO     | models.common.modules.lazy_weight:get_device_weight:120 - [32m[cache hit][0m Loading tensor from cache: model_cache/Qwen/Qwen3-32B/galaxy_8x4/attn/layer21_wqkv_srcshape_5120_10240_dtype_BFLOAT8_B_layout_TILE_mapper_8df08bb751f6_device_0.tensorbin
2026-08-27 20:50:07.128 | INFO     | models.common.modules.lazy_weight:get_device_weight:120 - [32m[cache hit][0m Loading tensor from cache: model_cache/Qwen/Qwen3-32B/galaxy_8x4/attn/layer21_wo_srcshape_8192_5120_dtype_BFLOAT8_B_layout_TILE_mapper_0bf8bf050070_device_0.tensorbin
2026-08-27 20:50:07.168 | warning  |              Op | The following ttnn.all_gather args are deprecated and will be removed in September-2026: num_links, topology, chunks_per_sync, num_workers_per_link, num_buffers_per_channel, use_l1_small_for_semaphores. (all_gather.cpp:122)
2026-08-27 20:50:07.169 | INFO     | models.common.modules.lazy_weight:get_device_weight:120 - [32m[cache hit][0m Loading tensor from cache: model_cache/Qwen/Qwen3-32B/galaxy_8x4/norm/layer21_q_norm_srcshape_1_1_4_32_dtype_BFLOAT16_layout_ROW_MAJOR_mapper_7daf9f00834c_device_0.tensorbin
2026-08-27 20:50:07.171 | INFO     | models.common.modules.lazy_weight:get_device_weight:120 - [32m[cache hit][0m Loading tensor from cache: model_cache/Qwen/Qwen3-32B/galaxy_8x4/norm/layer21_k_norm_srcshape_1_1_4_32_dtype_BFLOAT16_layout_ROW_MAJOR_mapper_7daf9f00834c_device_0.tensorbin
2026-08-27 20:50:07.175 | warning  |              Op | The following ttnn.all_gather args are deprecated and will be removed in September-2026: num_links, topology, chunks_per_sync, num_workers_per_link, num_buffers_per_channel, use_l1_small_for_semaphores. (all_gather.cpp:122)
2026-08-27 20:50:07.176 | INFO     | models.common.modules.lazy_weight:get_device_weight:120 - [32m[cache hit][0m Loading tensor from cache: model_cache/Qwen/Qwen3-32B/galaxy_8x4/norm/layer21_ff_norm_srcshape_1_1_160_32_dtype_BFLOAT16_layout_ROW_MAJOR_mapper_79f48b01bbfc_device_0.tensorbin
2026-08-27 20:50:07.178 | warning  |              Op | The following ttnn.all_gather args are deprecated and will be removed in September-2026: num_links, topology, chunks_per_sync, num_workers_per_link, num_buffers_per_channel, use_l1_small_for_semaphores. (all_gather.cpp:122)
2026-08-27 20:50:07.180 | INFO     | models.common.modules.lazy_weight:get_device_weight:120 - [32m[cache hit][0m Loading tensor from cache: model_cache/Qwen/Qwen3-32B/galaxy_8x4/mlp/layer21_w1_srcshape_5120_25600_dtype_BFLOAT16_layout_TILE_mapper_8df08bb751f6_device_0.tensorbin
2026-08-27 20:50:07.230 | INFO     | models.common.modules.lazy_weight:get_device_weight:120 - [32m[cache hit][0m Loading tensor from cache: model_cache/Qwen/Qwen3-32B/galaxy_8x4/mlp/layer21_w2_srcshape_25600_5120_dtype_BFLOAT16_layout_TILE_mapper_0bf8bf050070_device_0.tensorbin
2026-08-27 20:50:07.283 | INFO     | models.common.modules.lazy_weight:get_device_weight:120 - [32m[cache hit][0m Loading tensor from cache: model_cache/Qwen/Qwen3-32B/galaxy_8x4/mlp/layer21_w3_srcshape_5120_25600_dtype_BFLOAT16_layout_TILE_mapper_8df08bb751f6_device_0.tensorbin
2026-08-27 20:50:07.338 | warning  |              Op | The following ttnn.all_gather args are deprecated and will be removed in September-2026: num_links, topology, chunks_per_sync, num_workers_per_link, num_buffers_per_channel, use_l1_small_for_semaphores. (all_gather.cpp:122)
2026-08-27 20:50:07.339 | INFO     | models.common.modules.lazy_weight:get_device_weight:120 - [32m[cache hit][0m Loading tensor from cache: model_cache/Qwen/Qwen3-32B/galaxy_8x4/norm/layer22_attention_norm_srcshape_1_1_160_32_dtype_BFLOAT16_layout_ROW_MAJOR_mapper_79f48b01bbfc_device_0.tensorbin
2026-08-27 20:50:07.340 | warning  |              Op | The following ttnn.all_gather args are deprecated and will be removed in September-2026: num_links, topology, chunks_per_sync, num_workers_per_link, num_buffers_per_channel, use_l1_small_for_semaphores. (all_gather.cpp:122)
2026-08-27 20:50:07.342 | INFO     | models.common.modules.lazy_weight:get_device_weight:120 - [32m[cache hit][0m Loading tensor from cache: model_cache/Qwen/Qwen3-32B/galaxy_8x4/attn/layer22_wqkv_srcshape_5120_10240_dtype_BFLOAT8_B_layout_TILE_mapper_8df08bb751f6_device_0.tensorbin
2026-08-27 20:50:07.383 | INFO     | models.common.modules.lazy_weight:get_device_weight:120 - [32m[cache hit][0m Loading tensor from cache: model_cache/Qwen/Qwen3-32B/galaxy_8x4/attn/layer22_wo_srcshape_8192_5120_dtype_BFLOAT8_B_layout_TILE_mapper_0bf8bf050070_device_0.tensorbin
2026-08-27 20:50:07.423 | warning  |              Op | The following ttnn.all_gather args are deprecated and will be removed in September-2026: num_links, topology, chunks_per_sync, num_workers_per_link, num_buffers_per_channel, use_l1_small_for_semaphores. (all_gather.cpp:122)
2026-08-27 20:50:07.424 | INFO     | models.common.modules.lazy_weight:get_device_weight:120 - [32m[cache hit][0m Loading tensor from cache: model_cache/Qwen/Qwen3-32B/galaxy_8x4/norm/layer22_q_norm_srcshape_1_1_4_32_dtype_BFLOAT16_layout_ROW_MAJOR_mapper_7daf9f00834c_device_0.tensorbin
2026-08-27 20:50:07.426 | INFO     | models.common.modules.lazy_weight:get_device_weight:120 - [32m[cache hit][0m Loading tensor from cache: model_cache/Qwen/Qwen3-32B/galaxy_8x4/norm/layer22_k_norm_srcshape_1_1_4_32_dtype_BFLOAT16_layout_ROW_MAJOR_mapper_7daf9f00834c_device_0.tensorbin
2026-08-27 20:50:07.430 | warning  |              Op | The following ttnn.all_gather args are deprecated and will be removed in September-2026: num_links, topology, chunks_per_sync, num_workers_per_link, num_buffers_per_channel, use_l1_small_for_semaphores. (all_gather.cpp:122)
2026-08-27 20:50:07.432 | INFO     | models.common.modules.lazy_weight:get_device_weight:120 - [32m[cache hit][0m Loading tensor from cache: model_cache/Qwen/Qwen3-32B/galaxy_8x4/norm/layer22_ff_norm_srcshape_1_1_160_32_dtype_BFLOAT16_layout_ROW_MAJOR_mapper_79f48b01bbfc_device_0.tensorbin
2026-08-27 20:50:07.433 | warning  |              Op | The following ttnn.all_gather args are deprecated and will be removed in September-2026: num_links, topology, chunks_per_sync, num_workers_per_link, num_buffers_per_channel, use_l1_small_for_semaphores. (all_gather.cpp:122)
2026-08-27 20:50:07.434 | INFO     | models.common.modules.lazy_weight:get_device_weight:120 - [32m[cache hit][0m Loading tensor from cache: model_cache/Qwen/Qwen3-32B/galaxy_8x4/mlp/layer22_w1_srcshape_5120_25600_dtype_BFLOAT16_layout_TILE_mapper_8df08bb751f6_device_0.tensorbin
2026-08-27 20:50:07.483 | INFO     | models.common.modules.lazy_weight:get_device_weight:120 - [32m[cache hit][0m Loading tensor from cache: model_cache/Qwen/Qwen3-32B/galaxy_8x4/mlp/layer22_w2_srcshape_25600_5120_dtype_BFLOAT16_layout_TILE_mapper_0bf8bf050070_device_0.tensorbin
2026-08-27 20:50:07.538 | INFO     | models.common.modules.lazy_weight:get_device_weight:120 - [32m[cache hit][0m Loading tensor from cache: model_cache/Qwen/Qwen3-32B/galaxy_8x4/mlp/layer22_w3_srcshape_5120_25600_dtype_BFLOAT16_layout_TILE_mapper_8df08bb751f6_device_0.tensorbin
2026-08-27 20:50:07.590 | warning  |              Op | The following ttnn.all_gather args are deprecated and will be removed in September-2026: num_links, topology, chunks_per_sync, num_workers_per_link, num_buffers_per_channel, use_l1_small_for_semaphores. (all_gather.cpp:122)
2026-08-27 20:50:07.592 | INFO     | models.common.modules.lazy_weight:get_device_weight:120 - [32m[cache hit][0m Loading tensor from cache: model_cache/Qwen/Qwen3-32B/galaxy_8x4/norm/layer23_attention_norm_srcshape_1_1_160_32_dtype_BFLOAT16_layout_ROW_MAJOR_mapper_79f48b01bbfc_device_0.tensorbin
2026-08-27 20:50:07.593 | warning  |              Op | The following ttnn.all_gather args are deprecated and will be removed in September-2026: num_links, topology, chunks_per_sync, num_workers_per_link, num_buffers_per_channel, use_l1_small_for_semaphores. (all_gather.cpp:122)
2026-08-27 20:50:07.596 | INFO     | models.common.modules.lazy_weight:get_device_weight:120 - [32m[cache hit][0m Loading tensor from cache: model_cache/Qwen/Qwen3-32B/galaxy_8x4/attn/layer23_wqkv_srcshape_5120_10240_dtype_BFLOAT8_B_layout_TILE_mapper_8df08bb751f6_device_0.tensorbin
2026-08-27 20:50:07.636 | INFO     | models.common.modules.lazy_weight:get_device_weight:120 - [32m[cache hit][0m Loading tensor from cache: model_cache/Qwen/Qwen3-32B/galaxy_8x4/attn/layer23_wo_srcshape_8192_5120_dtype_BFLOAT8_B_layout_TILE_mapper_0bf8bf050070_device_0.tensorbin
2026-08-27 20:50:07.676 | warning  |              Op | The following ttnn.all_gather args are deprecated and will be removed in September-2026: num_links, topology, chunks_per_sync, num_workers_per_link, num_buffers_per_channel, use_l1_small_for_semaphores. (all_gather.cpp:122)
2026-08-27 20:50:07.678 | INFO     | models.common.modules.lazy_weight:get_device_weight:120 - [32m[cache hit][0m Loading tensor from cache: model_cache/Qwen/Qwen3-32B/galaxy_8x4/norm/layer23_q_norm_srcshape_1_1_4_32_dtype_BFLOAT16_layout_ROW_MAJOR_mapper_7daf9f00834c_device_0.tensorbin
2026-08-27 20:50:07.680 | INFO     | models.common.modules.lazy_weight:get_device_weight:120 - [32m[cache hit][0m Loading tensor from cache: model_cache/Qwen/Qwen3-32B/galaxy_8x4/norm/layer23_k_norm_srcshape_1_1_4_32_dtype_BFLOAT16_layout_ROW_MAJOR_mapper_7daf9f00834c_device_0.tensorbin
2026-08-27 20:50:07.685 | warning  |              Op | The following ttnn.all_gather args are deprecated and will be removed in September-2026: num_links, topology, chunks_per_sync, num_workers_per_link, num_buffers_per_channel, use_l1_small_for_semaphores. (all_gather.cpp:122)
2026-08-27 20:50:07.686 | INFO     | models.common.modules.lazy_weight:get_device_weight:120 - [32m[cache hit][0m Loading tensor from cache: model_cache/Qwen/Qwen3-32B/galaxy_8x4/norm/layer23_ff_norm_srcshape_1_1_160_32_dtype_BFLOAT16_layout_ROW_MAJOR_mapper_79f48b01bbfc_device_0.tensorbin
2026-08-27 20:50:07.688 | warning  |              Op | The following ttnn.all_gather args are deprecated and will be removed in September-2026: num_links, topology, chunks_per_sync, num_workers_per_link, num_buffers_per_channel, use_l1_small_for_semaphores. (all_gather.cpp:122)
2026-08-27 20:50:07.689 | INFO     | models.common.modules.lazy_weight:get_device_weight:120 - [32m[cache hit][0m Loading tensor from cache: model_cache/Qwen/Qwen3-32B/galaxy_8x4/mlp/layer23_w1_srcshape_5120_25600_dtype_BFLOAT16_layout_TILE_mapper_8df08bb751f6_device_0.tensorbin
2026-08-27 20:50:07.741 | INFO     | models.common.modules.lazy_weight:get_device_weight:120 - [32m[cache hit][0m Loading tensor from cache: model_cache/Qwen/Qwen3-32B/galaxy_8x4/mlp/layer23_w2_srcshape_25600_5120_dtype_BFLOAT16_layout_TILE_mapper_0bf8bf050070_device_0.tensorbin
2026-08-27 20:50:07.791 | INFO     | models.common.modules.lazy_weight:get_device_weight:120 - [32m[cache hit][0m Loading tensor from cache: model_cache/Qwen/Qwen3-32B/galaxy_8x4/mlp/layer23_w3_srcshape_5120_25600_dtype_BFLOAT16_layout_TILE_mapper_8df08bb751f6_device_0.tensorbin
2026-08-27 20:50:07.843 | warning  |              Op | The following ttnn.all_gather args are deprecated and will be removed in September-2026: num_links, topology, chunks_per_sync, num_workers_per_link, num_buffers_per_channel, use_l1_small_for_semaphores. (all_gather.cpp:122)
2026-08-27 20:50:07.844 | INFO     | models.common.modules.lazy_weight:get_device_weight:120 - [32m[cache hit][0m Loading tensor from cache: model_cache/Qwen/Qwen3-32B/galaxy_8x4/norm/layer24_attention_norm_srcshape_1_1_160_32_dtype_BFLOAT16_layout_ROW_MAJOR_mapper_79f48b01bbfc_device_0.tensorbin
2026-08-27 20:50:07.845 | warning  |              Op | The following ttnn.all_gather args are deprecated and will be removed in September-2026: num_links, topology, chunks_per_sync, num_workers_per_link, num_buffers_per_channel, use_l1_small_for_semaphores. (all_gather.cpp:122)
2026-08-27 20:50:07.848 | INFO     | models.common.modules.lazy_weight:get_device_weight:120 - [32m[cache hit][0m Loading tensor from cache: model_cache/Qwen/Qwen3-32B/galaxy_8x4/attn/layer24_wqkv_srcshape_5120_10240_dtype_BFLOAT8_B_layout_TILE_mapper_8df08bb751f6_device_0.tensorbin
2026-08-27 20:50:07.888 | INFO     | models.common.modules.lazy_weight:get_device_weight:120 - [32m[cache hit][0m Loading tensor from cache: model_cache/Qwen/Qwen3-32B/galaxy_8x4/attn/layer24_wo_srcshape_8192_5120_dtype_BFLOAT8_B_layout_TILE_mapper_0bf8bf050070_device_0.tensorbin
2026-08-27 20:50:07.926 | warning  |              Op | The following ttnn.all_gather args are deprecated and will be removed in September-2026: num_links, topology, chunks_per_sync, num_workers_per_link, num_buffers_per_channel, use_l1_small_for_semaphores. (all_gather.cpp:122)
2026-08-27 20:50:07.928 | INFO     | models.common.modules.lazy_weight:get_device_weight:120 - [32m[cache hit][0m Loading tensor from cache: model_cache/Qwen/Qwen3-32B/galaxy_8x4/norm/layer24_q_norm_srcshape_1_1_4_32_dtype_BFLOAT16_layout_ROW_MAJOR_mapper_7daf9f00834c_device_0.tensorbin
2026-08-27 20:50:07.930 | INFO     | models.common.modules.lazy_weight:get_device_weight:120 - [32m[cache hit][0m Loading tensor from cache: model_cache/Qwen/Qwen3-32B/galaxy_8x4/norm/layer24_k_norm_srcshape_1_1_4_32_dtype_BFLOAT16_layout_ROW_MAJOR_mapper_7daf9f00834c_device_0.tensorbin
2026-08-27 20:50:07.933 | warning  |              Op | The following ttnn.all_gather args are deprecated and will be removed in September-2026: num_links, topology, chunks_per_sync, num_workers_per_link, num_buffers_per_channel, use_l1_small_for_semaphores. (all_gather.cpp:122)
2026-08-27 20:50:07.935 | INFO     | models.common.modules.lazy_weight:get_device_weight:120 - [32m[cache hit][0m Loading tensor from cache: model_cache/Qwen/Qwen3-32B/galaxy_8x4/norm/layer24_ff_norm_srcshape_1_1_160_32_dtype_BFLOAT16_layout_ROW_MAJOR_mapper_79f48b01bbfc_device_0.tensorbin
2026-08-27 20:50:07.936 | warning  |              Op | The following ttnn.all_gather args are deprecated and will be removed in September-2026: num_links, topology, chunks_per_sync, num_workers_per_link, num_buffers_per_channel, use_l1_small_for_semaphores. (all_gather.cpp:122)
2026-08-27 20:50:07.938 | INFO     | models.common.modules.lazy_weight:get_device_weight:120 - [32m[cache hit][0m Loading tensor from cache: model_cache/Qwen/Qwen3-32B/galaxy_8x4/mlp/layer24_w1_srcshape_5120_25600_dtype_BFLOAT16_layout_TILE_mapper_8df08bb751f6_device_0.tensorbin
2026-08-27 20:50:07.987 | INFO     | models.common.modules.lazy_weight:get_device_weight:120 - [32m[cache hit][0m Loading tensor from cache: model_cache/Qwen/Qwen3-32B/galaxy_8x4/mlp/layer24_w2_srcshape_25600_5120_dtype_BFLOAT16_layout_TILE_mapper_0bf8bf050070_device_0.tensorbin
2026-08-27 20:50:08.040 | INFO     | models.common.modules.lazy_weight:get_device_weight:120 - [32m[cache hit][0m Loading tensor from cache: model_cache/Qwen/Qwen3-32B/galaxy_8x4/mlp/layer24_w3_srcshape_5120_25600_dtype_BFLOAT16_layout_TILE_mapper_8df08bb751f6_device_0.tensorbin
2026-08-27 20:50:08.094 | warning  |              Op | The following ttnn.all_gather args are deprecated and will be removed in September-2026: num_links, topology, chunks_per_sync, num_workers_per_link, num_buffers_per_channel, use_l1_small_for_semaphores. (all_gather.cpp:122)
2026-08-27 20:50:08.096 | INFO     | models.common.modules.lazy_weight:get_device_weight:120 - [32m[cache hit][0m Loading tensor from cache: model_cache/Qwen/Qwen3-32B/galaxy_8x4/norm/layer25_attention_norm_srcshape_1_1_160_32_dtype_BFLOAT16_layout_ROW_MAJOR_mapper_79f48b01bbfc_device_0.tensorbin
2026-08-27 20:50:08.098 | warning  |              Op | The following ttnn.all_gather args are deprecated and will be removed in September-2026: num_links, topology, chunks_per_sync, num_workers_per_link, num_buffers_per_channel, use_l1_small_for_semaphores. (all_gather.cpp:122)
2026-08-27 20:50:08.100 | INFO     | models.common.modules.lazy_weight:get_device_weight:120 - [32m[cache hit][0m Loading tensor from cache: model_cache/Qwen/Qwen3-32B/galaxy_8x4/attn/layer25_wqkv_srcshape_5120_10240_dtype_BFLOAT8_B_layout_TILE_mapper_8df08bb751f6_device_0.tensorbin
2026-08-27 20:50:08.138 | INFO     | models.common.modules.lazy_weight:get_device_weight:120 - [32m[cache hit][0m Loading tensor from cache: model_cache/Qwen/Qwen3-32B/galaxy_8x4/attn/layer25_wo_srcshape_8192_5120_dtype_BFLOAT8_B_layout_TILE_mapper_0bf8bf050070_device_0.tensorbin
2026-08-27 20:50:08.177 | warning  |              Op | The following ttnn.all_gather args are deprecated and will be removed in September-2026: num_links, topology, chunks_per_sync, num_workers_per_link, num_buffers_per_channel, use_l1_small_for_semaphores. (all_gather.cpp:122)
2026-08-27 20:50:08.179 | INFO     | models.common.modules.lazy_weight:get_device_weight:120 - [32m[cache hit][0m Loading tensor from cache: model_cache/Qwen/Qwen3-32B/galaxy_8x4/norm/layer25_q_norm_srcshape_1_1_4_32_dtype_BFLOAT16_layout_ROW_MAJOR_mapper_7daf9f00834c_device_0.tensorbin
2026-08-27 20:50:08.182 | INFO     | models.common.modules.lazy_weight:get_device_weight:120 - [32m[cache hit][0m Loading tensor from cache: model_cache/Qwen/Qwen3-32B/galaxy_8x4/norm/layer25_k_norm_srcshape_1_1_4_32_dtype_BFLOAT16_layout_ROW_MAJOR_mapper_7daf9f00834c_device_0.tensorbin
2026-08-27 20:50:08.186 | warning  |              Op | The following ttnn.all_gather args are deprecated and will be removed in September-2026: num_links, topology, chunks_per_sync, num_workers_per_link, num_buffers_per_channel, use_l1_small_for_semaphores. (all_gather.cpp:122)
2026-08-27 20:50:08.187 | INFO     | models.common.modules.lazy_weight:get_device_weight:120 - [32m[cache hit][0m Loading tensor from cache: model_cache/Qwen/Qwen3-32B/galaxy_8x4/norm/layer25_ff_norm_srcshape_1_1_160_32_dtype_BFLOAT16_layout_ROW_MAJOR_mapper_79f48b01bbfc_device_0.tensorbin
2026-08-27 20:50:08.189 | warning  |              Op | The following ttnn.all_gather args are deprecated and will be removed in September-2026: num_links, topology, chunks_per_sync, num_workers_per_link, num_buffers_per_channel, use_l1_small_for_semaphores. (all_gather.cpp:122)
2026-08-27 20:50:08.190 | INFO     | models.common.modules.lazy_weight:get_device_weight:120 - [32m[cache hit][0m Loading tensor from cache: model_cache/Qwen/Qwen3-32B/galaxy_8x4/mlp/layer25_w1_srcshape_5120_25600_dtype_BFLOAT16_layout_TILE_mapper_8df08bb751f6_device_0.tensorbin
2026-08-27 20:50:08.240 | INFO     | models.common.modules.lazy_weight:get_device_weight:120 - [32m[cache hit][0m Loading tensor from cache: model_cache/Qwen/Qwen3-32B/galaxy_8x4/mlp/layer25_w2_srcshape_25600_5120_dtype_BFLOAT16_layout_TILE_mapper_0bf8bf050070_device_0.tensorbin
2026-08-27 20:50:08.287 | INFO     | models.common.modules.lazy_weight:get_device_weight:120 - [32m[cache hit][0m Loading tensor from cache: model_cache/Qwen/Qwen3-32B/galaxy_8x4/mlp/layer25_w3_srcshape_5120_25600_dtype_BFLOAT16_layout_TILE_mapper_8df08bb751f6_device_0.tensorbin
2026-08-27 20:50:08.340 | warning  |              Op | The following ttnn.all_gather args are deprecated and will be removed in September-2026: num_links, topology, chunks_per_sync, num_workers_per_link, num_buffers_per_channel, use_l1_small_for_semaphores. (all_gather.cpp:122)
2026-08-27 20:50:08.341 | INFO     | models.common.modules.lazy_weight:get_device_weight:120 - [32m[cache hit][0m Loading tensor from cache: model_cache/Qwen/Qwen3-32B/galaxy_8x4/norm/layer26_attention_norm_srcshape_1_1_160_32_dtype_BFLOAT16_layout_ROW_MAJOR_mapper_79f48b01bbfc_device_0.tensorbin
2026-08-27 20:50:08.343 | warning  |              Op | The following ttnn.all_gather args are deprecated and will be removed in September-2026: num_links, topology, chunks_per_sync, num_workers_per_link, num_buffers_per_channel, use_l1_small_for_semaphores. (all_gather.cpp:122)
2026-08-27 20:50:08.345 | INFO     | models.common.modules.lazy_weight:get_device_weight:120 - [32m[cache hit][0m Loading tensor from cache: model_cache/Qwen/Qwen3-32B/galaxy_8x4/attn/layer26_wqkv_srcshape_5120_10240_dtype_BFLOAT8_B_layout_TILE_mapper_8df08bb751f6_device_0.tensorbin
2026-08-27 20:50:08.386 | INFO     | models.common.modules.lazy_weight:get_device_weight:120 - [32m[cache hit][0m Loading tensor from cache: model_cache/Qwen/Qwen3-32B/galaxy_8x4/attn/layer26_wo_srcshape_8192_5120_dtype_BFLOAT8_B_layout_TILE_mapper_0bf8bf050070_device_0.tensorbin
2026-08-27 20:50:08.425 | warning  |              Op | The following ttnn.all_gather args are deprecated and will be removed in September-2026: num_links, topology, chunks_per_sync, num_workers_per_link, num_buffers_per_channel, use_l1_small_for_semaphores. (all_gather.cpp:122)
2026-08-27 20:50:08.426 | INFO     | models.common.modules.lazy_weight:get_device_weight:120 - [32m[cache hit][0m Loading tensor from cache: model_cache/Qwen/Qwen3-32B/galaxy_8x4/norm/layer26_q_norm_srcshape_1_1_4_32_dtype_BFLOAT16_layout_ROW_MAJOR_mapper_7daf9f00834c_device_0.tensorbin
2026-08-27 20:50:08.428 | INFO     | models.common.modules.lazy_weight:get_device_weight:120 - [32m[cache hit][0m Loading tensor from cache: model_cache/Qwen/Qwen3-32B/galaxy_8x4/norm/layer26_k_norm_srcshape_1_1_4_32_dtype_BFLOAT16_layout_ROW_MAJOR_mapper_7daf9f00834c_device_0.tensorbin
2026-08-27 20:50:08.434 | warning  |              Op | The following ttnn.all_gather args are deprecated and will be removed in September-2026: num_links, topology, chunks_per_sync, num_workers_per_link, num_buffers_per_channel, use_l1_small_for_semaphores. (all_gather.cpp:122)
2026-08-27 20:50:08.436 | INFO     | models.common.modules.lazy_weight:get_device_weight:120 - [32m[cache hit][0m Loading tensor from cache: model_cache/Qwen/Qwen3-32B/galaxy_8x4/norm/layer26_ff_norm_srcshape_1_1_160_32_dtype_BFLOAT16_layout_ROW_MAJOR_mapper_79f48b01bbfc_device_0.tensorbin
2026-08-27 20:50:08.437 | warning  |              Op | The following ttnn.all_gather args are deprecated and will be removed in September-2026: num_links, topology, chunks_per_sync, num_workers_per_link, num_buffers_per_channel, use_l1_small_for_semaphores. (all_gather.cpp:122)
2026-08-27 20:50:08.438 | INFO     | models.common.modules.lazy_weight:get_device_weight:120 - [32m[cache hit][0m Loading tensor from cache: model_cache/Qwen/Qwen3-32B/galaxy_8x4/mlp/layer26_w1_srcshape_5120_25600_dtype_BFLOAT16_layout_TILE_mapper_8df08bb751f6_device_0.tensorbin
2026-08-27 20:50:08.488 | INFO     | models.common.modules.lazy_weight:get_device_weight:120 - [32m[cache hit][0m Loading tensor from cache: model_cache/Qwen/Qwen3-32B/galaxy_8x4/mlp/layer26_w2_srcshape_25600_5120_dtype_BFLOAT16_layout_TILE_mapper_0bf8bf050070_device_0.tensorbin
2026-08-27 20:50:08.537 | INFO     | models.common.modules.lazy_weight:get_device_weight:120 - [32m[cache hit][0m Loading tensor from cache: model_cache/Qwen/Qwen3-32B/galaxy_8x4/mlp/layer26_w3_srcshape_5120_25600_dtype_BFLOAT16_layout_TILE_mapper_8df08bb751f6_device_0.tensorbin
2026-08-27 20:50:08.588 | warning  |              Op | The following ttnn.all_gather args are deprecated and will be removed in September-2026: num_links, topology, chunks_per_sync, num_workers_per_link, num_buffers_per_channel, use_l1_small_for_semaphores. (all_gather.cpp:122)
2026-08-27 20:50:08.590 | INFO     | models.common.modules.lazy_weight:get_device_weight:120 - [32m[cache hit][0m Loading tensor from cache: model_cache/Qwen/Qwen3-32B/galaxy_8x4/norm/layer27_attention_norm_srcshape_1_1_160_32_dtype_BFLOAT16_layout_ROW_MAJOR_mapper_79f48b01bbfc_device_0.tensorbin
2026-08-27 20:50:08.592 | warning  |              Op | The following ttnn.all_gather args are deprecated and will be removed in September-2026: num_links, topology, chunks_per_sync, num_workers_per_link, num_buffers_per_channel, use_l1_small_for_semaphores. (all_gather.cpp:122)
2026-08-27 20:50:08.594 | INFO     | models.common.modules.lazy_weight:get_device_weight:120 - [32m[cache hit][0m Loading tensor from cache: model_cache/Qwen/Qwen3-32B/galaxy_8x4/attn/layer27_wqkv_srcshape_5120_10240_dtype_BFLOAT8_B_layout_TILE_mapper_8df08bb751f6_device_0.tensorbin
2026-08-27 20:50:08.633 | INFO     | models.common.modules.lazy_weight:get_device_weight:120 - [32m[cache hit][0m Loading tensor from cache: model_cache/Qwen/Qwen3-32B/galaxy_8x4/attn/layer27_wo_srcshape_8192_5120_dtype_BFLOAT8_B_layout_TILE_mapper_0bf8bf050070_device_0.tensorbin
2026-08-27 20:50:08.672 | warning  |              Op | The following ttnn.all_gather args are deprecated and will be removed in September-2026: num_links, topology, chunks_per_sync, num_workers_per_link, num_buffers_per_channel, use_l1_small_for_semaphores. (all_gather.cpp:122)
2026-08-27 20:50:08.674 | INFO     | models.common.modules.lazy_weight:get_device_weight:120 - [32m[cache hit][0m Loading tensor from cache: model_cache/Qwen/Qwen3-32B/galaxy_8x4/norm/layer27_q_norm_srcshape_1_1_4_32_dtype_BFLOAT16_layout_ROW_MAJOR_mapper_7daf9f00834c_device_0.tensorbin
2026-08-27 20:50:08.676 | INFO     | models.common.modules.lazy_weight:get_device_weight:120 - [32m[cache hit][0m Loading tensor from cache: model_cache/Qwen/Qwen3-32B/galaxy_8x4/norm/layer27_k_norm_srcshape_1_1_4_32_dtype_BFLOAT16_layout_ROW_MAJOR_mapper_7daf9f00834c_device_0.tensorbin
2026-08-27 20:50:08.679 | warning  |              Op | The following ttnn.all_gather args are deprecated and will be removed in September-2026: num_links, topology, chunks_per_sync, num_workers_per_link, num_buffers_per_channel, use_l1_small_for_semaphores. (all_gather.cpp:122)
2026-08-27 20:50:08.681 | INFO     | models.common.modules.lazy_weight:get_device_weight:120 - [32m[cache hit][0m Loading tensor from cache: model_cache/Qwen/Qwen3-32B/galaxy_8x4/norm/layer27_ff_norm_srcshape_1_1_160_32_dtype_BFLOAT16_layout_ROW_MAJOR_mapper_79f48b01bbfc_device_0.tensorbin
2026-08-27 20:50:08.683 | warning  |              Op | The following ttnn.all_gather args are deprecated and will be removed in September-2026: num_links, topology, chunks_per_sync, num_workers_per_link, num_buffers_per_channel, use_l1_small_for_semaphores. (all_gather.cpp:122)
2026-08-27 20:50:08.684 | INFO     | models.common.modules.lazy_weight:get_device_weight:120 - [32m[cache hit][0m Loading tensor from cache: model_cache/Qwen/Qwen3-32B/galaxy_8x4/mlp/layer27_w1_srcshape_5120_25600_dtype_BFLOAT16_layout_TILE_mapper_8df08bb751f6_device_0.tensorbin
2026-08-27 20:50:08.731 | INFO     | models.common.modules.lazy_weight:get_device_weight:120 - [32m[cache hit][0m Loading tensor from cache: model_cache/Qwen/Qwen3-32B/galaxy_8x4/mlp/layer27_w2_srcshape_25600_5120_dtype_BFLOAT16_layout_TILE_mapper_0bf8bf050070_device_0.tensorbin
2026-08-27 20:50:08.780 | INFO     | models.common.modules.lazy_weight:get_device_weight:120 - [32m[cache hit][0m Loading tensor from cache: model_cache/Qwen/Qwen3-32B/galaxy_8x4/mlp/layer27_w3_srcshape_5120_25600_dtype_BFLOAT16_layout_TILE_mapper_8df08bb751f6_device_0.tensorbin
2026-08-27 20:50:08.836 | warning  |              Op | The following ttnn.all_gather args are deprecated and will be removed in September-2026: num_links, topology, chunks_per_sync, num_workers_per_link, num_buffers_per_channel, use_l1_small_for_semaphores. (all_gather.cpp:122)
2026-08-27 20:50:08.837 | INFO     | models.common.modules.lazy_weight:get_device_weight:120 - [32m[cache hit][0m Loading tensor from cache: model_cache/Qwen/Qwen3-32B/galaxy_8x4/norm/layer28_attention_norm_srcshape_1_1_160_32_dtype_BFLOAT16_layout_ROW_MAJOR_mapper_79f48b01bbfc_device_0.tensorbin
2026-08-27 20:50:08.839 | warning  |              Op | The following ttnn.all_gather args are deprecated and will be removed in September-2026: num_links, topology, chunks_per_sync, num_workers_per_link, num_buffers_per_channel, use_l1_small_for_semaphores. (all_gather.cpp:122)
2026-08-27 20:50:08.840 | INFO     | models.common.modules.lazy_weight:get_device_weight:120 - [32m[cache hit][0m Loading tensor from cache: model_cache/Qwen/Qwen3-32B/galaxy_8x4/attn/layer28_wqkv_srcshape_5120_10240_dtype_BFLOAT8_B_layout_TILE_mapper_8df08bb751f6_device_0.tensorbin
2026-08-27 20:50:08.880 | INFO     | models.common.modules.lazy_weight:get_device_weight:120 - [32m[cache hit][0m Loading tensor from cache: model_cache/Qwen/Qwen3-32B/galaxy_8x4/attn/layer28_wo_srcshape_8192_5120_dtype_BFLOAT8_B_layout_TILE_mapper_0bf8bf050070_device_0.tensorbin
2026-08-27 20:50:08.919 | warning  |              Op | The following ttnn.all_gather args are deprecated and will be removed in September-2026: num_links, topology, chunks_per_sync, num_workers_per_link, num_buffers_per_channel, use_l1_small_for_semaphores. (all_gather.cpp:122)
2026-08-27 20:50:08.920 | INFO     | models.common.modules.lazy_weight:get_device_weight:120 - [32m[cache hit][0m Loading tensor from cache: model_cache/Qwen/Qwen3-32B/galaxy_8x4/norm/layer28_q_norm_srcshape_1_1_4_32_dtype_BFLOAT16_layout_ROW_MAJOR_mapper_7daf9f00834c_device_0.tensorbin
2026-08-27 20:50:08.922 | INFO     | models.common.modules.lazy_weight:get_device_weight:120 - [32m[cache hit][0m Loading tensor from cache: model_cache/Qwen/Qwen3-32B/galaxy_8x4/norm/layer28_k_norm_srcshape_1_1_4_32_dtype_BFLOAT16_layout_ROW_MAJOR_mapper_7daf9f00834c_device_0.tensorbin
2026-08-27 20:50:08.926 | warning  |              Op | The following ttnn.all_gather args are deprecated and will be removed in September-2026: num_links, topology, chunks_per_sync, num_workers_per_link, num_buffers_per_channel, use_l1_small_for_semaphores. (all_gather.cpp:122)
2026-08-27 20:50:08.927 | INFO     | models.common.modules.lazy_weight:get_device_weight:120 - [32m[cache hit][0m Loading tensor from cache: model_cache/Qwen/Qwen3-32B/galaxy_8x4/norm/layer28_ff_norm_srcshape_1_1_160_32_dtype_BFLOAT16_layout_ROW_MAJOR_mapper_79f48b01bbfc_device_0.tensorbin
2026-08-27 20:50:08.929 | warning  |              Op | The following ttnn.all_gather args are deprecated and will be removed in September-2026: num_links, topology, chunks_per_sync, num_workers_per_link, num_buffers_per_channel, use_l1_small_for_semaphores. (all_gather.cpp:122)
2026-08-27 20:50:08.930 | INFO     | models.common.modules.lazy_weight:get_device_weight:120 - [32m[cache hit][0m Loading tensor from cache: model_cache/Qwen/Qwen3-32B/galaxy_8x4/mlp/layer28_w1_srcshape_5120_25600_dtype_BFLOAT16_layout_TILE_mapper_8df08bb751f6_device_0.tensorbin
2026-08-27 20:50:08.978 | INFO     | models.common.modules.lazy_weight:get_device_weight:120 - [32m[cache hit][0m Loading tensor from cache: model_cache/Qwen/Qwen3-32B/galaxy_8x4/mlp/layer28_w2_srcshape_25600_5120_dtype_BFLOAT16_layout_TILE_mapper_0bf8bf050070_device_0.tensorbin
2026-08-27 20:50:09.027 | INFO     | models.common.modules.lazy_weight:get_device_weight:120 - [32m[cache hit][0m Loading tensor from cache: model_cache/Qwen/Qwen3-32B/galaxy_8x4/mlp/layer28_w3_srcshape_5120_25600_dtype_BFLOAT16_layout_TILE_mapper_8df08bb751f6_device_0.tensorbin
2026-08-27 20:50:09.079 | warning  |              Op | The following ttnn.all_gather args are deprecated and will be removed in September-2026: num_links, topology, chunks_per_sync, num_workers_per_link, num_buffers_per_channel, use_l1_small_for_semaphores. (all_gather.cpp:122)
2026-08-27 20:50:09.081 | INFO     | models.common.modules.lazy_weight:get_device_weight:120 - [32m[cache hit][0m Loading tensor from cache: model_cache/Qwen/Qwen3-32B/galaxy_8x4/norm/layer29_attention_norm_srcshape_1_1_160_32_dtype_BFLOAT16_layout_ROW_MAJOR_mapper_79f48b01bbfc_device_0.tensorbin
2026-08-27 20:50:09.082 | warning  |              Op | The following ttnn.all_gather args are deprecated and will be removed in September-2026: num_links, topology, chunks_per_sync, num_workers_per_link, num_buffers_per_channel, use_l1_small_for_semaphores. (all_gather.cpp:122)
2026-08-27 20:50:09.084 | INFO     | models.common.modules.lazy_weight:get_device_weight:120 - [32m[cache hit][0m Loading tensor from cache: model_cache/Qwen/Qwen3-32B/galaxy_8x4/attn/layer29_wqkv_srcshape_5120_10240_dtype_BFLOAT8_B_layout_TILE_mapper_8df08bb751f6_device_0.tensorbin
2026-08-27 20:50:09.126 | INFO     | models.common.modules.lazy_weight:get_device_weight:120 - [32m[cache hit][0m Loading tensor from cache: model_cache/Qwen/Qwen3-32B/galaxy_8x4/attn/layer29_wo_srcshape_8192_5120_dtype_BFLOAT8_B_layout_TILE_mapper_0bf8bf050070_device_0.tensorbin
2026-08-27 20:50:09.165 | warning  |              Op | The following ttnn.all_gather args are deprecated and will be removed in September-2026: num_links, topology, chunks_per_sync, num_workers_per_link, num_buffers_per_channel, use_l1_small_for_semaphores. (all_gather.cpp:122)
2026-08-27 20:50:09.167 | INFO     | models.common.modules.lazy_weight:get_device_weight:120 - [32m[cache hit][0m Loading tensor from cache: model_cache/Qwen/Qwen3-32B/galaxy_8x4/norm/layer29_q_norm_srcshape_1_1_4_32_dtype_BFLOAT16_layout_ROW_MAJOR_mapper_7daf9f00834c_device_0.tensorbin
2026-08-27 20:50:09.169 | INFO     | models.common.modules.lazy_weight:get_device_weight:120 - [32m[cache hit][0m Loading tensor from cache: model_cache/Qwen/Qwen3-32B/galaxy_8x4/norm/layer29_k_norm_srcshape_1_1_4_32_dtype_BFLOAT16_layout_ROW_MAJOR_mapper_7daf9f00834c_device_0.tensorbin
2026-08-27 20:50:09.173 | warning  |              Op | The following ttnn.all_gather args are deprecated and will be removed in September-2026: num_links, topology, chunks_per_sync, num_workers_per_link, num_buffers_per_channel, use_l1_small_for_semaphores. (all_gather.cpp:122)
2026-08-27 20:50:09.174 | INFO     | models.common.modules.lazy_weight:get_device_weight:120 - [32m[cache hit][0m Loading tensor from cache: model_cache/Qwen/Qwen3-32B/galaxy_8x4/norm/layer29_ff_norm_srcshape_1_1_160_32_dtype_BFLOAT16_layout_ROW_MAJOR_mapper_79f48b01bbfc_device_0.tensorbin
2026-08-27 20:50:09.176 | warning  |              Op | The following ttnn.all_gather args are deprecated and will be removed in September-2026: num_links, topology, chunks_per_sync, num_workers_per_link, num_buffers_per_channel, use_l1_small_for_semaphores. (all_gather.cpp:122)
2026-08-27 20:50:09.177 | INFO     | models.common.modules.lazy_weight:get_device_weight:120 - [32m[cache hit][0m Loading tensor from cache: model_cache/Qwen/Qwen3-32B/galaxy_8x4/mlp/layer29_w1_srcshape_5120_25600_dtype_BFLOAT16_layout_TILE_mapper_8df08bb751f6_device_0.tensorbin
2026-08-27 20:50:09.229 | INFO     | models.common.modules.lazy_weight:get_device_weight:120 - [32m[cache hit][0m Loading tensor from cache: model_cache/Qwen/Qwen3-32B/galaxy_8x4/mlp/layer29_w2_srcshape_25600_5120_dtype_BFLOAT16_layout_TILE_mapper_0bf8bf050070_device_0.tensorbin
2026-08-27 20:50:09.279 | INFO     | models.common.modules.lazy_weight:get_device_weight:120 - [32m[cache hit][0m Loading tensor from cache: model_cache/Qwen/Qwen3-32B/galaxy_8x4/mlp/layer29_w3_srcshape_5120_25600_dtype_BFLOAT16_layout_TILE_mapper_8df08bb751f6_device_0.tensorbin
2026-08-27 20:50:09.332 | warning  |              Op | The following ttnn.all_gather args are deprecated and will be removed in September-2026: num_links, topology, chunks_per_sync, num_workers_per_link, num_buffers_per_channel, use_l1_small_for_semaphores. (all_gather.cpp:122)
2026-08-27 20:50:09.333 | INFO     | models.common.modules.lazy_weight:get_device_weight:120 - [32m[cache hit][0m Loading tensor from cache: model_cache/Qwen/Qwen3-32B/galaxy_8x4/norm/layer30_attention_norm_srcshape_1_1_160_32_dtype_BFLOAT16_layout_ROW_MAJOR_mapper_79f48b01bbfc_device_0.tensorbin
2026-08-27 20:50:09.335 | warning  |              Op | The following ttnn.all_gather args are deprecated and will be removed in September-2026: num_links, topology, chunks_per_sync, num_workers_per_link, num_buffers_per_channel, use_l1_small_for_semaphores. (all_gather.cpp:122)
2026-08-27 20:50:09.337 | INFO     | models.common.modules.lazy_weight:get_device_weight:120 - [32m[cache hit][0m Loading tensor from cache: model_cache/Qwen/Qwen3-32B/galaxy_8x4/attn/layer30_wqkv_srcshape_5120_10240_dtype_BFLOAT8_B_layout_TILE_mapper_8df08bb751f6_device_0.tensorbin
2026-08-27 20:50:09.376 | INFO     | models.common.modules.lazy_weight:get_device_weight:120 - [32m[cache hit][0m Loading tensor from cache: model_cache/Qwen/Qwen3-32B/galaxy_8x4/attn/layer30_wo_srcshape_8192_5120_dtype_BFLOAT8_B_layout_TILE_mapper_0bf8bf050070_device_0.tensorbin
2026-08-27 20:50:09.415 | warning  |              Op | The following ttnn.all_gather args are deprecated and will be removed in September-2026: num_links, topology, chunks_per_sync, num_workers_per_link, num_buffers_per_channel, use_l1_small_for_semaphores. (all_gather.cpp:122)
2026-08-27 20:50:09.418 | INFO     | models.common.modules.lazy_weight:get_device_weight:120 - [32m[cache hit][0m Loading tensor from cache: model_cache/Qwen/Qwen3-32B/galaxy_8x4/norm/layer30_q_norm_srcshape_1_1_4_32_dtype_BFLOAT16_layout_ROW_MAJOR_mapper_7daf9f00834c_device_0.tensorbin
2026-08-27 20:50:09.421 | INFO     | models.common.modules.lazy_weight:get_device_weight:120 - [32m[cache hit][0m Loading tensor from cache: model_cache/Qwen/Qwen3-32B/galaxy_8x4/norm/layer30_k_norm_srcshape_1_1_4_32_dtype_BFLOAT16_layout_ROW_MAJOR_mapper_7daf9f00834c_device_0.tensorbin
2026-08-27 20:50:09.424 | warning  |              Op | The following ttnn.all_gather args are deprecated and will be removed in September-2026: num_links, topology, chunks_per_sync, num_workers_per_link, num_buffers_per_channel, use_l1_small_for_semaphores. (all_gather.cpp:122)
2026-08-27 20:50:09.425 | INFO     | models.common.modules.lazy_weight:get_device_weight:120 - [32m[cache hit][0m Loading tensor from cache: model_cache/Qwen/Qwen3-32B/galaxy_8x4/norm/layer30_ff_norm_srcshape_1_1_160_32_dtype_BFLOAT16_layout_ROW_MAJOR_mapper_79f48b01bbfc_device_0.tensorbin
2026-08-27 20:50:09.427 | warning  |              Op | The following ttnn.all_gather args are deprecated and will be removed in September-2026: num_links, topology, chunks_per_sync, num_workers_per_link, num_buffers_per_channel, use_l1_small_for_semaphores. (all_gather.cpp:122)
2026-08-27 20:50:09.428 | INFO     | models.common.modules.lazy_weight:get_device_weight:120 - [32m[cache hit][0m Loading tensor from cache: model_cache/Qwen/Qwen3-32B/galaxy_8x4/mlp/layer30_w1_srcshape_5120_25600_dtype_BFLOAT16_layout_TILE_mapper_8df08bb751f6_device_0.tensorbin
2026-08-27 20:50:09.477 | INFO     | models.common.modules.lazy_weight:get_device_weight:120 - [32m[cache hit][0m Loading tensor from cache: model_cache/Qwen/Qwen3-32B/galaxy_8x4/mlp/layer30_w2_srcshape_25600_5120_dtype_BFLOAT16_layout_TILE_mapper_0bf8bf050070_device_0.tensorbin
2026-08-27 20:50:09.525 | INFO     | models.common.modules.lazy_weight:get_device_weight:120 - [32m[cache hit][0m Loading tensor from cache: model_cache/Qwen/Qwen3-32B/galaxy_8x4/mlp/layer30_w3_srcshape_5120_25600_dtype_BFLOAT16_layout_TILE_mapper_8df08bb751f6_device_0.tensorbin
2026-08-27 20:50:09.580 | warning  |              Op | The following ttnn.all_gather args are deprecated and will be removed in September-2026: num_links, topology, chunks_per_sync, num_workers_per_link, num_buffers_per_channel, use_l1_small_for_semaphores. (all_gather.cpp:122)
2026-08-27 20:50:09.582 | INFO     | models.common.modules.lazy_weight:get_device_weight:120 - [32m[cache hit][0m Loading tensor from cache: model_cache/Qwen/Qwen3-32B/galaxy_8x4/norm/layer31_attention_norm_srcshape_1_1_160_32_dtype_BFLOAT16_layout_ROW_MAJOR_mapper_79f48b01bbfc_device_0.tensorbin
2026-08-27 20:50:09.584 | warning  |              Op | The following ttnn.all_gather args are deprecated and will be removed in September-2026: num_links, topology, chunks_per_sync, num_workers_per_link, num_buffers_per_channel, use_l1_small_for_semaphores. (all_gather.cpp:122)
2026-08-27 20:50:09.586 | INFO     | models.common.modules.lazy_weight:get_device_weight:120 - [32m[cache hit][0m Loading tensor from cache: model_cache/Qwen/Qwen3-32B/galaxy_8x4/attn/layer31_wqkv_srcshape_5120_10240_dtype_BFLOAT8_B_layout_TILE_mapper_8df08bb751f6_device_0.tensorbin
2026-08-27 20:50:09.625 | INFO     | models.common.modules.lazy_weight:get_device_weight:120 - [32m[cache hit][0m Loading tensor from cache: model_cache/Qwen/Qwen3-32B/galaxy_8x4/attn/layer31_wo_srcshape_8192_5120_dtype_BFLOAT8_B_layout_TILE_mapper_0bf8bf050070_device_0.tensorbin
2026-08-27 20:50:09.663 | warning  |              Op | The following ttnn.all_gather args are deprecated and will be removed in September-2026: num_links, topology, chunks_per_sync, num_workers_per_link, num_buffers_per_channel, use_l1_small_for_semaphores. (all_gather.cpp:122)
2026-08-27 20:50:09.665 | INFO     | models.common.modules.lazy_weight:get_device_weight:120 - [32m[cache hit][0m Loading tensor from cache: model_cache/Qwen/Qwen3-32B/galaxy_8x4/norm/layer31_q_norm_srcshape_1_1_4_32_dtype_BFLOAT16_layout_ROW_MAJOR_mapper_7daf9f00834c_device_0.tensorbin
2026-08-27 20:50:09.667 | INFO     | models.common.modules.lazy_weight:get_device_weight:120 - [32m[cache hit][0m Loading tensor from cache: model_cache/Qwen/Qwen3-32B/galaxy_8x4/norm/layer31_k_norm_srcshape_1_1_4_32_dtype_BFLOAT16_layout_ROW_MAJOR_mapper_7daf9f00834c_device_0.tensorbin
2026-08-27 20:50:09.672 | warning  |              Op | The following ttnn.all_gather args are deprecated and will be removed in September-2026: num_links, topology, chunks_per_sync, num_workers_per_link, num_buffers_per_channel, use_l1_small_for_semaphores. (all_gather.cpp:122)
2026-08-27 20:50:09.674 | INFO     | models.common.modules.lazy_weight:get_device_weight:120 - [32m[cache hit][0m Loading tensor from cache: model_cache/Qwen/Qwen3-32B/galaxy_8x4/norm/layer31_ff_norm_srcshape_1_1_160_32_dtype_BFLOAT16_layout_ROW_MAJOR_mapper_79f48b01bbfc_device_0.tensorbin
2026-08-27 20:50:09.675 | warning  |              Op | The following ttnn.all_gather args are deprecated and will be removed in September-2026: num_links, topology, chunks_per_sync, num_workers_per_link, num_buffers_per_channel, use_l1_small_for_semaphores. (all_gather.cpp:122)
2026-08-27 20:50:09.678 | INFO     | models.common.modules.lazy_weight:get_device_weight:120 - [32m[cache hit][0m Loading tensor from cache: model_cache/Qwen/Qwen3-32B/galaxy_8x4/mlp/layer31_w1_srcshape_5120_25600_dtype_BFLOAT16_layout_TILE_mapper_8df08bb751f6_device_0.tensorbin
2026-08-27 20:50:09.726 | INFO     | models.common.modules.lazy_weight:get_device_weight:120 - [32m[cache hit][0m Loading tensor from cache: model_cache/Qwen/Qwen3-32B/galaxy_8x4/mlp/layer31_w2_srcshape_25600_5120_dtype_BFLOAT16_layout_TILE_mapper_0bf8bf050070_device_0.tensorbin
2026-08-27 20:50:09.776 | INFO     | models.common.modules.lazy_weight:get_device_weight:120 - [32m[cache hit][0m Loading tensor from cache: model_cache/Qwen/Qwen3-32B/galaxy_8x4/mlp/layer31_w3_srcshape_5120_25600_dtype_BFLOAT16_layout_TILE_mapper_8df08bb751f6_device_0.tensorbin
2026-08-27 20:50:09.828 | warning  |              Op | The following ttnn.all_gather args are deprecated and will be removed in September-2026: num_links, topology, chunks_per_sync, num_workers_per_link, num_buffers_per_channel, use_l1_small_for_semaphores. (all_gather.cpp:122)
2026-08-27 20:50:09.831 | INFO     | models.common.modules.lazy_weight:get_device_weight:120 - [32m[cache hit][0m Loading tensor from cache: model_cache/Qwen/Qwen3-32B/galaxy_8x4/norm/layer32_attention_norm_srcshape_1_1_160_32_dtype_BFLOAT16_layout_ROW_MAJOR_mapper_79f48b01bbfc_device_0.tensorbin
2026-08-27 20:50:09.832 | warning  |              Op | The following ttnn.all_gather args are deprecated and will be removed in September-2026: num_links, topology, chunks_per_sync, num_workers_per_link, num_buffers_per_channel, use_l1_small_for_semaphores. (all_gather.cpp:122)
2026-08-27 20:50:09.834 | INFO     | models.common.modules.lazy_weight:get_device_weight:120 - [32m[cache hit][0m Loading tensor from cache: model_cache/Qwen/Qwen3-32B/galaxy_8x4/attn/layer32_wqkv_srcshape_5120_10240_dtype_BFLOAT8_B_layout_TILE_mapper_8df08bb751f6_device_0.tensorbin
2026-08-27 20:50:09.874 | INFO     | models.common.modules.lazy_weight:get_device_weight:120 - [32m[cache hit][0m Loading tensor from cache: model_cache/Qwen/Qwen3-32B/galaxy_8x4/attn/layer32_wo_srcshape_8192_5120_dtype_BFLOAT8_B_layout_TILE_mapper_0bf8bf050070_device_0.tensorbin
2026-08-27 20:50:09.913 | warning  |              Op | The following ttnn.all_gather args are deprecated and will be removed in September-2026: num_links, topology, chunks_per_sync, num_workers_per_link, num_buffers_per_channel, use_l1_small_for_semaphores. (all_gather.cpp:122)
2026-08-27 20:50:09.914 | INFO     | models.common.modules.lazy_weight:get_device_weight:120 - [32m[cache hit][0m Loading tensor from cache: model_cache/Qwen/Qwen3-32B/galaxy_8x4/norm/layer32_q_norm_srcshape_1_1_4_32_dtype_BFLOAT16_layout_ROW_MAJOR_mapper_7daf9f00834c_device_0.tensorbin
2026-08-27 20:50:09.916 | INFO     | models.common.modules.lazy_weight:get_device_weight:120 - [32m[cache hit][0m Loading tensor from cache: model_cache/Qwen/Qwen3-32B/galaxy_8x4/norm/layer32_k_norm_srcshape_1_1_4_32_dtype_BFLOAT16_layout_ROW_MAJOR_mapper_7daf9f00834c_device_0.tensorbin
2026-08-27 20:50:09.920 | warning  |              Op | The following ttnn.all_gather args are deprecated and will be removed in September-2026: num_links, topology, chunks_per_sync, num_workers_per_link, num_buffers_per_channel, use_l1_small_for_semaphores. (all_gather.cpp:122)
2026-08-27 20:50:09.922 | INFO     | models.common.modules.lazy_weight:get_device_weight:120 - [32m[cache hit][0m Loading tensor from cache: model_cache/Qwen/Qwen3-32B/galaxy_8x4/norm/layer32_ff_norm_srcshape_1_1_160_32_dtype_BFLOAT16_layout_ROW_MAJOR_mapper_79f48b01bbfc_device_0.tensorbin
2026-08-27 20:50:09.923 | warning  |              Op | The following ttnn.all_gather args are deprecated and will be removed in September-2026: num_links, topology, chunks_per_sync, num_workers_per_link, num_buffers_per_channel, use_l1_small_for_semaphores. (all_gather.cpp:122)
2026-08-27 20:50:09.924 | INFO     | models.common.modules.lazy_weight:get_device_weight:120 - [32m[cache hit][0m Loading tensor from cache: model_cache/Qwen/Qwen3-32B/galaxy_8x4/mlp/layer32_w1_srcshape_5120_25600_dtype_BFLOAT16_layout_TILE_mapper_8df08bb751f6_device_0.tensorbin
2026-08-27 20:50:09.979 | INFO     | models.common.modules.lazy_weight:get_device_weight:120 - [32m[cache hit][0m Loading tensor from cache: model_cache/Qwen/Qwen3-32B/galaxy_8x4/mlp/layer32_w2_srcshape_25600_5120_dtype_BFLOAT16_layout_TILE_mapper_0bf8bf050070_device_0.tensorbin
2026-08-27 20:50:10.031 | INFO     | models.common.modules.lazy_weight:get_device_weight:120 - [32m[cache hit][0m Loading tensor from cache: model_cache/Qwen/Qwen3-32B/galaxy_8x4/mlp/layer32_w3_srcshape_5120_25600_dtype_BFLOAT16_layout_TILE_mapper_8df08bb751f6_device_0.tensorbin
2026-08-27 20:50:10.085 | warning  |              Op | The following ttnn.all_gather args are deprecated and will be removed in September-2026: num_links, topology, chunks_per_sync, num_workers_per_link, num_buffers_per_channel, use_l1_small_for_semaphores. (all_gather.cpp:122)
2026-08-27 20:50:10.086 | INFO     | models.common.modules.lazy_weight:get_device_weight:120 - [32m[cache hit][0m Loading tensor from cache: model_cache/Qwen/Qwen3-32B/galaxy_8x4/norm/layer33_attention_norm_srcshape_1_1_160_32_dtype_BFLOAT16_layout_ROW_MAJOR_mapper_79f48b01bbfc_device_0.tensorbin
2026-08-27 20:50:10.088 | warning  |              Op | The following ttnn.all_gather args are deprecated and will be removed in September-2026: num_links, topology, chunks_per_sync, num_workers_per_link, num_buffers_per_channel, use_l1_small_for_semaphores. (all_gather.cpp:122)
2026-08-27 20:50:10.090 | INFO     | models.common.modules.lazy_weight:get_device_weight:120 - [32m[cache hit][0m Loading tensor from cache: model_cache/Qwen/Qwen3-32B/galaxy_8x4/attn/layer33_wqkv_srcshape_5120_10240_dtype_BFLOAT8_B_layout_TILE_mapper_8df08bb751f6_device_0.tensorbin
2026-08-27 20:50:10.131 | INFO     | models.common.modules.lazy_weight:get_device_weight:120 - [32m[cache hit][0m Loading tensor from cache: model_cache/Qwen/Qwen3-32B/galaxy_8x4/attn/layer33_wo_srcshape_8192_5120_dtype_BFLOAT8_B_layout_TILE_mapper_0bf8bf050070_device_0.tensorbin
2026-08-27 20:50:10.170 | warning  |              Op | The following ttnn.all_gather args are deprecated and will be removed in September-2026: num_links, topology, chunks_per_sync, num_workers_per_link, num_buffers_per_channel, use_l1_small_for_semaphores. (all_gather.cpp:122)
2026-08-27 20:50:10.172 | INFO     | models.common.modules.lazy_weight:get_device_weight:120 - [32m[cache hit][0m Loading tensor from cache: model_cache/Qwen/Qwen3-32B/galaxy_8x4/norm/layer33_q_norm_srcshape_1_1_4_32_dtype_BFLOAT16_layout_ROW_MAJOR_mapper_7daf9f00834c_device_0.tensorbin
2026-08-27 20:50:10.174 | INFO     | models.common.modules.lazy_weight:get_device_weight:120 - [32m[cache hit][0m Loading tensor from cache: model_cache/Qwen/Qwen3-32B/galaxy_8x4/norm/layer33_k_norm_srcshape_1_1_4_32_dtype_BFLOAT16_layout_ROW_MAJOR_mapper_7daf9f00834c_device_0.tensorbin
2026-08-27 20:50:10.177 | warning  |              Op | The following ttnn.all_gather args are deprecated and will be removed in September-2026: num_links, topology, chunks_per_sync, num_workers_per_link, num_buffers_per_channel, use_l1_small_for_semaphores. (all_gather.cpp:122)
2026-08-27 20:50:10.179 | INFO     | models.common.modules.lazy_weight:get_device_weight:120 - [32m[cache hit][0m Loading tensor from cache: model_cache/Qwen/Qwen3-32B/galaxy_8x4/norm/layer33_ff_norm_srcshape_1_1_160_32_dtype_BFLOAT16_layout_ROW_MAJOR_mapper_79f48b01bbfc_device_0.tensorbin
2026-08-27 20:50:10.182 | warning  |              Op | The following ttnn.all_gather args are deprecated and will be removed in September-2026: num_links, topology, chunks_per_sync, num_workers_per_link, num_buffers_per_channel, use_l1_small_for_semaphores. (all_gather.cpp:122)
2026-08-27 20:50:10.183 | INFO     | models.common.modules.lazy_weight:get_device_weight:120 - [32m[cache hit][0m Loading tensor from cache: model_cache/Qwen/Qwen3-32B/galaxy_8x4/mlp/layer33_w1_srcshape_5120_25600_dtype_BFLOAT16_layout_TILE_mapper_8df08bb751f6_device_0.tensorbin
2026-08-27 20:50:10.232 | INFO     | models.common.modules.lazy_weight:get_device_weight:120 - [32m[cache hit][0m Loading tensor from cache: model_cache/Qwen/Qwen3-32B/galaxy_8x4/mlp/layer33_w2_srcshape_25600_5120_dtype_BFLOAT16_layout_TILE_mapper_0bf8bf050070_device_0.tensorbin
2026-08-27 20:50:10.282 | INFO     | models.common.modules.lazy_weight:get_device_weight:120 - [32m[cache hit][0m Loading tensor from cache: model_cache/Qwen/Qwen3-32B/galaxy_8x4/mlp/layer33_w3_srcshape_5120_25600_dtype_BFLOAT16_layout_TILE_mapper_8df08bb751f6_device_0.tensorbin
2026-08-27 20:50:10.336 | warning  |              Op | The following ttnn.all_gather args are deprecated and will be removed in September-2026: num_links, topology, chunks_per_sync, num_workers_per_link, num_buffers_per_channel, use_l1_small_for_semaphores. (all_gather.cpp:122)
2026-08-27 20:50:10.338 | INFO     | models.common.modules.lazy_weight:get_device_weight:120 - [32m[cache hit][0m Loading tensor from cache: model_cache/Qwen/Qwen3-32B/galaxy_8x4/norm/layer34_attention_norm_srcshape_1_1_160_32_dtype_BFLOAT16_layout_ROW_MAJOR_mapper_79f48b01bbfc_device_0.tensorbin
2026-08-27 20:50:10.339 | warning  |              Op | The following ttnn.all_gather args are deprecated and will be removed in September-2026: num_links, topology, chunks_per_sync, num_workers_per_link, num_buffers_per_channel, use_l1_small_for_semaphores. (all_gather.cpp:122)
2026-08-27 20:50:10.341 | INFO     | models.common.modules.lazy_weight:get_device_weight:120 - [32m[cache hit][0m Loading tensor from cache: model_cache/Qwen/Qwen3-32B/galaxy_8x4/attn/layer34_wqkv_srcshape_5120_10240_dtype_BFLOAT8_B_layout_TILE_mapper_8df08bb751f6_device_0.tensorbin
2026-08-27 20:50:10.381 | INFO     | models.common.modules.lazy_weight:get_device_weight:120 - [32m[cache hit][0m Loading tensor from cache: model_cache/Qwen/Qwen3-32B/galaxy_8x4/attn/layer34_wo_srcshape_8192_5120_dtype_BFLOAT8_B_layout_TILE_mapper_0bf8bf050070_device_0.tensorbin
2026-08-27 20:50:10.420 | warning  |              Op | The following ttnn.all_gather args are deprecated and will be removed in September-2026: num_links, topology, chunks_per_sync, num_workers_per_link, num_buffers_per_channel, use_l1_small_for_semaphores. (all_gather.cpp:122)
2026-08-27 20:50:10.424 | INFO     | models.common.modules.lazy_weight:get_device_weight:120 - [32m[cache hit][0m Loading tensor from cache: model_cache/Qwen/Qwen3-32B/galaxy_8x4/norm/layer34_q_norm_srcshape_1_1_4_32_dtype_BFLOAT16_layout_ROW_MAJOR_mapper_7daf9f00834c_device_0.tensorbin
2026-08-27 20:50:10.426 | INFO     | models.common.modules.lazy_weight:get_device_weight:120 - [32m[cache hit][0m Loading tensor from cache: model_cache/Qwen/Qwen3-32B/galaxy_8x4/norm/layer34_k_norm_srcshape_1_1_4_32_dtype_BFLOAT16_layout_ROW_MAJOR_mapper_7daf9f00834c_device_0.tensorbin
2026-08-27 20:50:10.429 | warning  |              Op | The following ttnn.all_gather args are deprecated and will be removed in September-2026: num_links, topology, chunks_per_sync, num_workers_per_link, num_buffers_per_channel, use_l1_small_for_semaphores. (all_gather.cpp:122)
2026-08-27 20:50:10.431 | INFO     | models.common.modules.lazy_weight:get_device_weight:120 - [32m[cache hit][0m Loading tensor from cache: model_cache/Qwen/Qwen3-32B/galaxy_8x4/norm/layer34_ff_norm_srcshape_1_1_160_32_dtype_BFLOAT16_layout_ROW_MAJOR_mapper_79f48b01bbfc_device_0.tensorbin
2026-08-27 20:50:10.432 | warning  |              Op | The following ttnn.all_gather args are deprecated and will be removed in September-2026: num_links, topology, chunks_per_sync, num_workers_per_link, num_buffers_per_channel, use_l1_small_for_semaphores. (all_gather.cpp:122)
2026-08-27 20:50:10.434 | INFO     | models.common.modules.lazy_weight:get_device_weight:120 - [32m[cache hit][0m Loading tensor from cache: model_cache/Qwen/Qwen3-32B/galaxy_8x4/mlp/layer34_w1_srcshape_5120_25600_dtype_BFLOAT16_layout_TILE_mapper_8df08bb751f6_device_0.tensorbin
2026-08-27 20:50:10.484 | INFO     | models.common.modules.lazy_weight:get_device_weight:120 - [32m[cache hit][0m Loading tensor from cache: model_cache/Qwen/Qwen3-32B/galaxy_8x4/mlp/layer34_w2_srcshape_25600_5120_dtype_BFLOAT16_layout_TILE_mapper_0bf8bf050070_device_0.tensorbin
2026-08-27 20:50:10.533 | INFO     | models.common.modules.lazy_weight:get_device_weight:120 - [32m[cache hit][0m Loading tensor from cache: model_cache/Qwen/Qwen3-32B/galaxy_8x4/mlp/layer34_w3_srcshape_5120_25600_dtype_BFLOAT16_layout_TILE_mapper_8df08bb751f6_device_0.tensorbin
2026-08-27 20:50:10.585 | warning  |              Op | The following ttnn.all_gather args are deprecated and will be removed in September-2026: num_links, topology, chunks_per_sync, num_workers_per_link, num_buffers_per_channel, use_l1_small_for_semaphores. (all_gather.cpp:122)
2026-08-27 20:50:10.586 | INFO     | models.common.modules.lazy_weight:get_device_weight:120 - [32m[cache hit][0m Loading tensor from cache: model_cache/Qwen/Qwen3-32B/galaxy_8x4/norm/layer35_attention_norm_srcshape_1_1_160_32_dtype_BFLOAT16_layout_ROW_MAJOR_mapper_79f48b01bbfc_device_0.tensorbin
2026-08-27 20:50:10.588 | warning  |              Op | The following ttnn.all_gather args are deprecated and will be removed in September-2026: num_links, topology, chunks_per_sync, num_workers_per_link, num_buffers_per_channel, use_l1_small_for_semaphores. (all_gather.cpp:122)
2026-08-27 20:50:10.590 | INFO     | models.common.modules.lazy_weight:get_device_weight:120 - [32m[cache hit][0m Loading tensor from cache: model_cache/Qwen/Qwen3-32B/galaxy_8x4/attn/layer35_wqkv_srcshape_5120_10240_dtype_BFLOAT8_B_layout_TILE_mapper_8df08bb751f6_device_0.tensorbin
2026-08-27 20:50:10.630 | INFO     | models.common.modules.lazy_weight:get_device_weight:120 - [32m[cache hit][0m Loading tensor from cache: model_cache/Qwen/Qwen3-32B/galaxy_8x4/attn/layer35_wo_srcshape_8192_5120_dtype_BFLOAT8_B_layout_TILE_mapper_0bf8bf050070_device_0.tensorbin
2026-08-27 20:50:10.669 | warning  |              Op | The following ttnn.all_gather args are deprecated and will be removed in September-2026: num_links, topology, chunks_per_sync, num_workers_per_link, num_buffers_per_channel, use_l1_small_for_semaphores. (all_gather.cpp:122)
2026-08-27 20:50:10.671 | INFO     | models.common.modules.lazy_weight:get_device_weight:120 - [32m[cache hit][0m Loading tensor from cache: model_cache/Qwen/Qwen3-32B/galaxy_8x4/norm/layer35_q_norm_srcshape_1_1_4_32_dtype_BFLOAT16_layout_ROW_MAJOR_mapper_7daf9f00834c_device_0.tensorbin
2026-08-27 20:50:10.673 | INFO     | models.common.modules.lazy_weight:get_device_weight:120 - [32m[cache hit][0m Loading tensor from cache: model_cache/Qwen/Qwen3-32B/galaxy_8x4/norm/layer35_k_norm_srcshape_1_1_4_32_dtype_BFLOAT16_layout_ROW_MAJOR_mapper_7daf9f00834c_device_0.tensorbin
2026-08-27 20:50:10.676 | warning  |              Op | The following ttnn.all_gather args are deprecated and will be removed in September-2026: num_links, topology, chunks_per_sync, num_workers_per_link, num_buffers_per_channel, use_l1_small_for_semaphores. (all_gather.cpp:122)
2026-08-27 20:50:10.678 | INFO     | models.common.modules.lazy_weight:get_device_weight:120 - [32m[cache hit][0m Loading tensor from cache: model_cache/Qwen/Qwen3-32B/galaxy_8x4/norm/layer35_ff_norm_srcshape_1_1_160_32_dtype_BFLOAT16_layout_ROW_MAJOR_mapper_79f48b01bbfc_device_0.tensorbin
2026-08-27 20:50:10.679 | warning  |              Op | The following ttnn.all_gather args are deprecated and will be removed in September-2026: num_links, topology, chunks_per_sync, num_workers_per_link, num_buffers_per_channel, use_l1_small_for_semaphores. (all_gather.cpp:122)
2026-08-27 20:50:10.681 | INFO     | models.common.modules.lazy_weight:get_device_weight:120 - [32m[cache hit][0m Loading tensor from cache: model_cache/Qwen/Qwen3-32B/galaxy_8x4/mlp/layer35_w1_srcshape_5120_25600_dtype_BFLOAT16_layout_TILE_mapper_8df08bb751f6_device_0.tensorbin
2026-08-27 20:50:10.729 | INFO     | models.common.modules.lazy_weight:get_device_weight:120 - [32m[cache hit][0m Loading tensor from cache: model_cache/Qwen/Qwen3-32B/galaxy_8x4/mlp/layer35_w2_srcshape_25600_5120_dtype_BFLOAT16_layout_TILE_mapper_0bf8bf050070_device_0.tensorbin
2026-08-27 20:50:10.779 | INFO     | models.common.modules.lazy_weight:get_device_weight:120 - [32m[cache hit][0m Loading tensor from cache: model_cache/Qwen/Qwen3-32B/galaxy_8x4/mlp/layer35_w3_srcshape_5120_25600_dtype_BFLOAT16_layout_TILE_mapper_8df08bb751f6_device_0.tensorbin
2026-08-27 20:50:10.832 | warning  |              Op | The following ttnn.all_gather args are deprecated and will be removed in September-2026: num_links, topology, chunks_per_sync, num_workers_per_link, num_buffers_per_channel, use_l1_small_for_semaphores. (all_gather.cpp:122)
2026-08-27 20:50:10.834 | INFO     | models.common.modules.lazy_weight:get_device_weight:120 - [32m[cache hit][0m Loading tensor from cache: model_cache/Qwen/Qwen3-32B/galaxy_8x4/norm/layer36_attention_norm_srcshape_1_1_160_32_dtype_BFLOAT16_layout_ROW_MAJOR_mapper_79f48b01bbfc_device_0.tensorbin
2026-08-27 20:50:10.835 | warning  |              Op | The following ttnn.all_gather args are deprecated and will be removed in September-2026: num_links, topology, chunks_per_sync, num_workers_per_link, num_buffers_per_channel, use_l1_small_for_semaphores. (all_gather.cpp:122)
2026-08-27 20:50:10.837 | INFO     | models.common.modules.lazy_weight:get_device_weight:120 - [32m[cache hit][0m Loading tensor from cache: model_cache/Qwen/Qwen3-32B/galaxy_8x4/attn/layer36_wqkv_srcshape_5120_10240_dtype_BFLOAT8_B_layout_TILE_mapper_8df08bb751f6_device_0.tensorbin
2026-08-27 20:50:10.876 | INFO     | models.common.modules.lazy_weight:get_device_weight:120 - [32m[cache hit][0m Loading tensor from cache: model_cache/Qwen/Qwen3-32B/galaxy_8x4/attn/layer36_wo_srcshape_8192_5120_dtype_BFLOAT8_B_layout_TILE_mapper_0bf8bf050070_device_0.tensorbin
2026-08-27 20:50:10.915 | warning  |              Op | The following ttnn.all_gather args are deprecated and will be removed in September-2026: num_links, topology, chunks_per_sync, num_workers_per_link, num_buffers_per_channel, use_l1_small_for_semaphores. (all_gather.cpp:122)
2026-08-27 20:50:10.917 | INFO     | models.common.modules.lazy_weight:get_device_weight:120 - [32m[cache hit][0m Loading tensor from cache: model_cache/Qwen/Qwen3-32B/galaxy_8x4/norm/layer36_q_norm_srcshape_1_1_4_32_dtype_BFLOAT16_layout_ROW_MAJOR_mapper_7daf9f00834c_device_0.tensorbin
2026-08-27 20:50:10.919 | INFO     | models.common.modules.lazy_weight:get_device_weight:120 - [32m[cache hit][0m Loading tensor from cache: model_cache/Qwen/Qwen3-32B/galaxy_8x4/norm/layer36_k_norm_srcshape_1_1_4_32_dtype_BFLOAT16_layout_ROW_MAJOR_mapper_7daf9f00834c_device_0.tensorbin
2026-08-27 20:50:10.923 | warning  |              Op | The following ttnn.all_gather args are deprecated and will be removed in September-2026: num_links, topology, chunks_per_sync, num_workers_per_link, num_buffers_per_channel, use_l1_small_for_semaphores. (all_gather.cpp:122)
2026-08-27 20:50:10.924 | INFO     | models.common.modules.lazy_weight:get_device_weight:120 - [32m[cache hit][0m Loading tensor from cache: model_cache/Qwen/Qwen3-32B/galaxy_8x4/norm/layer36_ff_norm_srcshape_1_1_160_32_dtype_BFLOAT16_layout_ROW_MAJOR_mapper_79f48b01bbfc_device_0.tensorbin
2026-08-27 20:50:10.926 | warning  |              Op | The following ttnn.all_gather args are deprecated and will be removed in September-2026: num_links, topology, chunks_per_sync, num_workers_per_link, num_buffers_per_channel, use_l1_small_for_semaphores. (all_gather.cpp:122)
2026-08-27 20:50:10.927 | INFO     | models.common.modules.lazy_weight:get_device_weight:120 - [32m[cache hit][0m Loading tensor from cache: model_cache/Qwen/Qwen3-32B/galaxy_8x4/mlp/layer36_w1_srcshape_5120_25600_dtype_BFLOAT16_layout_TILE_mapper_8df08bb751f6_device_0.tensorbin
2026-08-27 20:50:10.975 | INFO     | models.common.modules.lazy_weight:get_device_weight:120 - [32m[cache hit][0m Loading tensor from cache: model_cache/Qwen/Qwen3-32B/galaxy_8x4/mlp/layer36_w2_srcshape_25600_5120_dtype_BFLOAT16_layout_TILE_mapper_0bf8bf050070_device_0.tensorbin
2026-08-27 20:50:11.025 | INFO     | models.common.modules.lazy_weight:get_device_weight:120 - [32m[cache hit][0m Loading tensor from cache: model_cache/Qwen/Qwen3-32B/galaxy_8x4/mlp/layer36_w3_srcshape_5120_25600_dtype_BFLOAT16_layout_TILE_mapper_8df08bb751f6_device_0.tensorbin
2026-08-27 20:50:11.078 | warning  |              Op | The following ttnn.all_gather args are deprecated and will be removed in September-2026: num_links, topology, chunks_per_sync, num_workers_per_link, num_buffers_per_channel, use_l1_small_for_semaphores. (all_gather.cpp:122)
2026-08-27 20:50:11.080 | INFO     | models.common.modules.lazy_weight:get_device_weight:120 - [32m[cache hit][0m Loading tensor from cache: model_cache/Qwen/Qwen3-32B/galaxy_8x4/norm/layer37_attention_norm_srcshape_1_1_160_32_dtype_BFLOAT16_layout_ROW_MAJOR_mapper_79f48b01bbfc_device_0.tensorbin
2026-08-27 20:50:11.082 | warning  |              Op | The following ttnn.all_gather args are deprecated and will be removed in September-2026: num_links, topology, chunks_per_sync, num_workers_per_link, num_buffers_per_channel, use_l1_small_for_semaphores. (all_gather.cpp:122)
2026-08-27 20:50:11.083 | INFO     | models.common.modules.lazy_weight:get_device_weight:120 - [32m[cache hit][0m Loading tensor from cache: model_cache/Qwen/Qwen3-32B/galaxy_8x4/attn/layer37_wqkv_srcshape_5120_10240_dtype_BFLOAT8_B_layout_TILE_mapper_8df08bb751f6_device_0.tensorbin
2026-08-27 20:50:11.123 | INFO     | models.common.modules.lazy_weight:get_device_weight:120 - [32m[cache hit][0m Loading tensor from cache: model_cache/Qwen/Qwen3-32B/galaxy_8x4/attn/layer37_wo_srcshape_8192_5120_dtype_BFLOAT8_B_layout_TILE_mapper_0bf8bf050070_device_0.tensorbin
2026-08-27 20:50:11.162 | warning  |              Op | The following ttnn.all_gather args are deprecated and will be removed in September-2026: num_links, topology, chunks_per_sync, num_workers_per_link, num_buffers_per_channel, use_l1_small_for_semaphores. (all_gather.cpp:122)
2026-08-27 20:50:11.164 | INFO     | models.common.modules.lazy_weight:get_device_weight:120 - [32m[cache hit][0m Loading tensor from cache: model_cache/Qwen/Qwen3-32B/galaxy_8x4/norm/layer37_q_norm_srcshape_1_1_4_32_dtype_BFLOAT16_layout_ROW_MAJOR_mapper_7daf9f00834c_device_0.tensorbin
2026-08-27 20:50:11.166 | INFO     | models.common.modules.lazy_weight:get_device_weight:120 - [32m[cache hit][0m Loading tensor from cache: model_cache/Qwen/Qwen3-32B/galaxy_8x4/norm/layer37_k_norm_srcshape_1_1_4_32_dtype_BFLOAT16_layout_ROW_MAJOR_mapper_7daf9f00834c_device_0.tensorbin
2026-08-27 20:50:11.171 | warning  |              Op | The following ttnn.all_gather args are deprecated and will be removed in September-2026: num_links, topology, chunks_per_sync, num_workers_per_link, num_buffers_per_channel, use_l1_small_for_semaphores. (all_gather.cpp:122)
2026-08-27 20:50:11.173 | INFO     | models.common.modules.lazy_weight:get_device_weight:120 - [32m[cache hit][0m Loading tensor from cache: model_cache/Qwen/Qwen3-32B/galaxy_8x4/norm/layer37_ff_norm_srcshape_1_1_160_32_dtype_BFLOAT16_layout_ROW_MAJOR_mapper_79f48b01bbfc_device_0.tensorbin
2026-08-27 20:50:11.174 | warning  |              Op | The following ttnn.all_gather args are deprecated and will be removed in September-2026: num_links, topology, chunks_per_sync, num_workers_per_link, num_buffers_per_channel, use_l1_small_for_semaphores. (all_gather.cpp:122)
2026-08-27 20:50:11.175 | INFO     | models.common.modules.lazy_weight:get_device_weight:120 - [32m[cache hit][0m Loading tensor from cache: model_cache/Qwen/Qwen3-32B/galaxy_8x4/mlp/layer37_w1_srcshape_5120_25600_dtype_BFLOAT16_layout_TILE_mapper_8df08bb751f6_device_0.tensorbin
2026-08-27 20:50:11.225 | INFO     | models.common.modules.lazy_weight:get_device_weight:120 - [32m[cache hit][0m Loading tensor from cache: model_cache/Qwen/Qwen3-32B/galaxy_8x4/mlp/layer37_w2_srcshape_25600_5120_dtype_BFLOAT16_layout_TILE_mapper_0bf8bf050070_device_0.tensorbin
2026-08-27 20:50:11.275 | INFO     | models.common.modules.lazy_weight:get_device_weight:120 - [32m[cache hit][0m Loading tensor from cache: model_cache/Qwen/Qwen3-32B/galaxy_8x4/mlp/layer37_w3_srcshape_5120_25600_dtype_BFLOAT16_layout_TILE_mapper_8df08bb751f6_device_0.tensorbin
2026-08-27 20:50:11.328 | warning  |              Op | The following ttnn.all_gather args are deprecated and will be removed in September-2026: num_links, topology, chunks_per_sync, num_workers_per_link, num_buffers_per_channel, use_l1_small_for_semaphores. (all_gather.cpp:122)
2026-08-27 20:50:11.330 | INFO     | models.common.modules.lazy_weight:get_device_weight:120 - [32m[cache hit][0m Loading tensor from cache: model_cache/Qwen/Qwen3-32B/galaxy_8x4/norm/layer38_attention_norm_srcshape_1_1_160_32_dtype_BFLOAT16_layout_ROW_MAJOR_mapper_79f48b01bbfc_device_0.tensorbin
2026-08-27 20:50:11.331 | warning  |              Op | The following ttnn.all_gather args are deprecated and will be removed in September-2026: num_links, topology, chunks_per_sync, num_workers_per_link, num_buffers_per_channel, use_l1_small_for_semaphores. (all_gather.cpp:122)
2026-08-27 20:50:11.333 | INFO     | models.common.modules.lazy_weight:get_device_weight:120 - [32m[cache hit][0m Loading tensor from cache: model_cache/Qwen/Qwen3-32B/galaxy_8x4/attn/layer38_wqkv_srcshape_5120_10240_dtype_BFLOAT8_B_layout_TILE_mapper_8df08bb751f6_device_0.tensorbin
2026-08-27 20:50:11.373 | INFO     | models.common.modules.lazy_weight:get_device_weight:120 - [32m[cache hit][0m Loading tensor from cache: model_cache/Qwen/Qwen3-32B/galaxy_8x4/attn/layer38_wo_srcshape_8192_5120_dtype_BFLOAT8_B_layout_TILE_mapper_0bf8bf050070_device_0.tensorbin
2026-08-27 20:50:11.413 | warning  |              Op | The following ttnn.all_gather args are deprecated and will be removed in September-2026: num_links, topology, chunks_per_sync, num_workers_per_link, num_buffers_per_channel, use_l1_small_for_semaphores. (all_gather.cpp:122)
2026-08-27 20:50:11.414 | INFO     | models.common.modules.lazy_weight:get_device_weight:120 - [32m[cache hit][0m Loading tensor from cache: model_cache/Qwen/Qwen3-32B/galaxy_8x4/norm/layer38_q_norm_srcshape_1_1_4_32_dtype_BFLOAT16_layout_ROW_MAJOR_mapper_7daf9f00834c_device_0.tensorbin
2026-08-27 20:50:11.416 | INFO     | models.common.modules.lazy_weight:get_device_weight:120 - [32m[cache hit][0m Loading tensor from cache: model_cache/Qwen/Qwen3-32B/galaxy_8x4/norm/layer38_k_norm_srcshape_1_1_4_32_dtype_BFLOAT16_layout_ROW_MAJOR_mapper_7daf9f00834c_device_0.tensorbin
2026-08-27 20:50:11.420 | warning  |              Op | The following ttnn.all_gather args are deprecated and will be removed in September-2026: num_links, topology, chunks_per_sync, num_workers_per_link, num_buffers_per_channel, use_l1_small_for_semaphores. (all_gather.cpp:122)
2026-08-27 20:50:11.423 | INFO     | models.common.modules.lazy_weight:get_device_weight:120 - [32m[cache hit][0m Loading tensor from cache: model_cache/Qwen/Qwen3-32B/galaxy_8x4/norm/layer38_ff_norm_srcshape_1_1_160_32_dtype_BFLOAT16_layout_ROW_MAJOR_mapper_79f48b01bbfc_device_0.tensorbin
2026-08-27 20:50:11.424 | warning  |              Op | The following ttnn.all_gather args are deprecated and will be removed in September-2026: num_links, topology, chunks_per_sync, num_workers_per_link, num_buffers_per_channel, use_l1_small_for_semaphores. (all_gather.cpp:122)
2026-08-27 20:50:11.426 | INFO     | models.common.modules.lazy_weight:get_device_weight:120 - [32m[cache hit][0m Loading tensor from cache: model_cache/Qwen/Qwen3-32B/galaxy_8x4/mlp/layer38_w1_srcshape_5120_25600_dtype_BFLOAT16_layout_TILE_mapper_8df08bb751f6_device_0.tensorbin
2026-08-27 20:50:11.475 | INFO     | models.common.modules.lazy_weight:get_device_weight:120 - [32m[cache hit][0m Loading tensor from cache: model_cache/Qwen/Qwen3-32B/galaxy_8x4/mlp/layer38_w2_srcshape_25600_5120_dtype_BFLOAT16_layout_TILE_mapper_0bf8bf050070_device_0.tensorbin
2026-08-27 20:50:11.526 | INFO     | models.common.modules.lazy_weight:get_device_weight:120 - [32m[cache hit][0m Loading tensor from cache: model_cache/Qwen/Qwen3-32B/galaxy_8x4/mlp/layer38_w3_srcshape_5120_25600_dtype_BFLOAT16_layout_TILE_mapper_8df08bb751f6_device_0.tensorbin
2026-08-27 20:50:11.580 | warning  |              Op | The following ttnn.all_gather args are deprecated and will be removed in September-2026: num_links, topology, chunks_per_sync, num_workers_per_link, num_buffers_per_channel, use_l1_small_for_semaphores. (all_gather.cpp:122)
2026-08-27 20:50:11.582 | INFO     | models.common.modules.lazy_weight:get_device_weight:120 - [32m[cache hit][0m Loading tensor from cache: model_cache/Qwen/Qwen3-32B/galaxy_8x4/norm/layer39_attention_norm_srcshape_1_1_160_32_dtype_BFLOAT16_layout_ROW_MAJOR_mapper_79f48b01bbfc_device_0.tensorbin
2026-08-27 20:50:11.584 | warning  |              Op | The following ttnn.all_gather args are deprecated and will be removed in September-2026: num_links, topology, chunks_per_sync, num_workers_per_link, num_buffers_per_channel, use_l1_small_for_semaphores. (all_gather.cpp:122)
2026-08-27 20:50:11.585 | INFO     | models.common.modules.lazy_weight:get_device_weight:120 - [32m[cache hit][0m Loading tensor from cache: model_cache/Qwen/Qwen3-32B/galaxy_8x4/attn/layer39_wqkv_srcshape_5120_10240_dtype_BFLOAT8_B_layout_TILE_mapper_8df08bb751f6_device_0.tensorbin
2026-08-27 20:50:11.626 | INFO     | models.common.modules.lazy_weight:get_device_weight:120 - [32m[cache hit][0m Loading tensor from cache: model_cache/Qwen/Qwen3-32B/galaxy_8x4/attn/layer39_wo_srcshape_8192_5120_dtype_BFLOAT8_B_layout_TILE_mapper_0bf8bf050070_device_0.tensorbin
2026-08-27 20:50:11.664 | warning  |              Op | The following ttnn.all_gather args are deprecated and will be removed in September-2026: num_links, topology, chunks_per_sync, num_workers_per_link, num_buffers_per_channel, use_l1_small_for_semaphores. (all_gather.cpp:122)
2026-08-27 20:50:11.666 | INFO     | models.common.modules.lazy_weight:get_device_weight:120 - [32m[cache hit][0m Loading tensor from cache: model_cache/Qwen/Qwen3-32B/galaxy_8x4/norm/layer39_q_norm_srcshape_1_1_4_32_dtype_BFLOAT16_layout_ROW_MAJOR_mapper_7daf9f00834c_device_0.tensorbin
2026-08-27 20:50:11.668 | INFO     | models.common.modules.lazy_weight:get_device_weight:120 - [32m[cache hit][0m Loading tensor from cache: model_cache/Qwen/Qwen3-32B/galaxy_8x4/norm/layer39_k_norm_srcshape_1_1_4_32_dtype_BFLOAT16_layout_ROW_MAJOR_mapper_7daf9f00834c_device_0.tensorbin
2026-08-27 20:50:11.671 | warning  |              Op | The following ttnn.all_gather args are deprecated and will be removed in September-2026: num_links, topology, chunks_per_sync, num_workers_per_link, num_buffers_per_channel, use_l1_small_for_semaphores. (all_gather.cpp:122)
2026-08-27 20:50:11.673 | INFO     | models.common.modules.lazy_weight:get_device_weight:120 - [32m[cache hit][0m Loading tensor from cache: model_cache/Qwen/Qwen3-32B/galaxy_8x4/norm/layer39_ff_norm_srcshape_1_1_160_32_dtype_BFLOAT16_layout_ROW_MAJOR_mapper_79f48b01bbfc_device_0.tensorbin
2026-08-27 20:50:11.674 | warning  |              Op | The following ttnn.all_gather args are deprecated and will be removed in September-2026: num_links, topology, chunks_per_sync, num_workers_per_link, num_buffers_per_channel, use_l1_small_for_semaphores. (all_gather.cpp:122)
2026-08-27 20:50:11.675 | INFO     | models.common.modules.lazy_weight:get_device_weight:120 - [32m[cache hit][0m Loading tensor from cache: model_cache/Qwen/Qwen3-32B/galaxy_8x4/mlp/layer39_w1_srcshape_5120_25600_dtype_BFLOAT16_layout_TILE_mapper_8df08bb751f6_device_0.tensorbin
2026-08-27 20:50:11.723 | INFO     | models.common.modules.lazy_weight:get_device_weight:120 - [32m[cache hit][0m Loading tensor from cache: model_cache/Qwen/Qwen3-32B/galaxy_8x4/mlp/layer39_w2_srcshape_25600_5120_dtype_BFLOAT16_layout_TILE_mapper_0bf8bf050070_device_0.tensorbin
2026-08-27 20:50:11.774 | INFO     | models.common.modules.lazy_weight:get_device_weight:120 - [32m[cache hit][0m Loading tensor from cache: model_cache/Qwen/Qwen3-32B/galaxy_8x4/mlp/layer39_w3_srcshape_5120_25600_dtype_BFLOAT16_layout_TILE_mapper_8df08bb751f6_device_0.tensorbin
2026-08-27 20:50:11.827 | warning  |              Op | The following ttnn.all_gather args are deprecated and will be removed in September-2026: num_links, topology, chunks_per_sync, num_workers_per_link, num_buffers_per_channel, use_l1_small_for_semaphores. (all_gather.cpp:122)
2026-08-27 20:50:11.829 | INFO     | models.common.modules.lazy_weight:get_device_weight:120 - [32m[cache hit][0m Loading tensor from cache: model_cache/Qwen/Qwen3-32B/galaxy_8x4/norm/layer40_attention_norm_srcshape_1_1_160_32_dtype_BFLOAT16_layout_ROW_MAJOR_mapper_79f48b01bbfc_device_0.tensorbin
2026-08-27 20:50:11.830 | warning  |              Op | The following ttnn.all_gather args are deprecated and will be removed in September-2026: num_links, topology, chunks_per_sync, num_workers_per_link, num_buffers_per_channel, use_l1_small_for_semaphores. (all_gather.cpp:122)
2026-08-27 20:50:11.832 | INFO     | models.common.modules.lazy_weight:get_device_weight:120 - [32m[cache hit][0m Loading tensor from cache: model_cache/Qwen/Qwen3-32B/galaxy_8x4/attn/layer40_wqkv_srcshape_5120_10240_dtype_BFLOAT8_B_layout_TILE_mapper_8df08bb751f6_device_0.tensorbin
2026-08-27 20:50:11.872 | INFO     | models.common.modules.lazy_weight:get_device_weight:120 - [32m[cache hit][0m Loading tensor from cache: model_cache/Qwen/Qwen3-32B/galaxy_8x4/attn/layer40_wo_srcshape_8192_5120_dtype_BFLOAT8_B_layout_TILE_mapper_0bf8bf050070_device_0.tensorbin
2026-08-27 20:50:11.911 | warning  |              Op | The following ttnn.all_gather args are deprecated and will be removed in September-2026: num_links, topology, chunks_per_sync, num_workers_per_link, num_buffers_per_channel, use_l1_small_for_semaphores. (all_gather.cpp:122)
2026-08-27 20:50:11.914 | INFO     | models.common.modules.lazy_weight:get_device_weight:120 - [32m[cache hit][0m Loading tensor from cache: model_cache/Qwen/Qwen3-32B/galaxy_8x4/norm/layer40_q_norm_srcshape_1_1_4_32_dtype_BFLOAT16_layout_ROW_MAJOR_mapper_7daf9f00834c_device_0.tensorbin
2026-08-27 20:50:11.915 | INFO     | models.common.modules.lazy_weight:get_device_weight:120 - [32m[cache hit][0m Loading tensor from cache: model_cache/Qwen/Qwen3-32B/galaxy_8x4/norm/layer40_k_norm_srcshape_1_1_4_32_dtype_BFLOAT16_layout_ROW_MAJOR_mapper_7daf9f00834c_device_0.tensorbin
2026-08-27 20:50:11.919 | warning  |              Op | The following ttnn.all_gather args are deprecated and will be removed in September-2026: num_links, topology, chunks_per_sync, num_workers_per_link, num_buffers_per_channel, use_l1_small_for_semaphores. (all_gather.cpp:122)
2026-08-27 20:50:11.921 | INFO     | models.common.modules.lazy_weight:get_device_weight:120 - [32m[cache hit][0m Loading tensor from cache: model_cache/Qwen/Qwen3-32B/galaxy_8x4/norm/layer40_ff_norm_srcshape_1_1_160_32_dtype_BFLOAT16_layout_ROW_MAJOR_mapper_79f48b01bbfc_device_0.tensorbin
2026-08-27 20:50:11.922 | warning  |              Op | The following ttnn.all_gather args are deprecated and will be removed in September-2026: num_links, topology, chunks_per_sync, num_workers_per_link, num_buffers_per_channel, use_l1_small_for_semaphores. (all_gather.cpp:122)
2026-08-27 20:50:11.925 | INFO     | models.common.modules.lazy_weight:get_device_weight:120 - [32m[cache hit][0m Loading tensor from cache: model_cache/Qwen/Qwen3-32B/galaxy_8x4/mlp/layer40_w1_srcshape_5120_25600_dtype_BFLOAT16_layout_TILE_mapper_8df08bb751f6_device_0.tensorbin
2026-08-27 20:50:11.976 | INFO     | models.common.modules.lazy_weight:get_device_weight:120 - [32m[cache hit][0m Loading tensor from cache: model_cache/Qwen/Qwen3-32B/galaxy_8x4/mlp/layer40_w2_srcshape_25600_5120_dtype_BFLOAT16_layout_TILE_mapper_0bf8bf050070_device_0.tensorbin
2026-08-27 20:50:12.026 | INFO     | models.common.modules.lazy_weight:get_device_weight:120 - [32m[cache hit][0m Loading tensor from cache: model_cache/Qwen/Qwen3-32B/galaxy_8x4/mlp/layer40_w3_srcshape_5120_25600_dtype_BFLOAT16_layout_TILE_mapper_8df08bb751f6_device_0.tensorbin
2026-08-27 20:50:12.078 | warning  |              Op | The following ttnn.all_gather args are deprecated and will be removed in September-2026: num_links, topology, chunks_per_sync, num_workers_per_link, num_buffers_per_channel, use_l1_small_for_semaphores. (all_gather.cpp:122)
2026-08-27 20:50:12.080 | INFO     | models.common.modules.lazy_weight:get_device_weight:120 - [32m[cache hit][0m Loading tensor from cache: model_cache/Qwen/Qwen3-32B/galaxy_8x4/norm/layer41_attention_norm_srcshape_1_1_160_32_dtype_BFLOAT16_layout_ROW_MAJOR_mapper_79f48b01bbfc_device_0.tensorbin
2026-08-27 20:50:12.082 | warning  |              Op | The following ttnn.all_gather args are deprecated and will be removed in September-2026: num_links, topology, chunks_per_sync, num_workers_per_link, num_buffers_per_channel, use_l1_small_for_semaphores. (all_gather.cpp:122)
2026-08-27 20:50:12.083 | INFO     | models.common.modules.lazy_weight:get_device_weight:120 - [32m[cache hit][0m Loading tensor from cache: model_cache/Qwen/Qwen3-32B/galaxy_8x4/attn/layer41_wqkv_srcshape_5120_10240_dtype_BFLOAT8_B_layout_TILE_mapper_8df08bb751f6_device_0.tensorbin
2026-08-27 20:50:12.124 | INFO     | models.common.modules.lazy_weight:get_device_weight:120 - [32m[cache hit][0m Loading tensor from cache: model_cache/Qwen/Qwen3-32B/galaxy_8x4/attn/layer41_wo_srcshape_8192_5120_dtype_BFLOAT8_B_layout_TILE_mapper_0bf8bf050070_device_0.tensorbin
2026-08-27 20:50:12.163 | warning  |              Op | The following ttnn.all_gather args are deprecated and will be removed in September-2026: num_links, topology, chunks_per_sync, num_workers_per_link, num_buffers_per_channel, use_l1_small_for_semaphores. (all_gather.cpp:122)
2026-08-27 20:50:12.165 | INFO     | models.common.modules.lazy_weight:get_device_weight:120 - [32m[cache hit][0m Loading tensor from cache: model_cache/Qwen/Qwen3-32B/galaxy_8x4/norm/layer41_q_norm_srcshape_1_1_4_32_dtype_BFLOAT16_layout_ROW_MAJOR_mapper_7daf9f00834c_device_0.tensorbin
2026-08-27 20:50:12.167 | INFO     | models.common.modules.lazy_weight:get_device_weight:120 - [32m[cache hit][0m Loading tensor from cache: model_cache/Qwen/Qwen3-32B/galaxy_8x4/norm/layer41_k_norm_srcshape_1_1_4_32_dtype_BFLOAT16_layout_ROW_MAJOR_mapper_7daf9f00834c_device_0.tensorbin
2026-08-27 20:50:12.171 | warning  |              Op | The following ttnn.all_gather args are deprecated and will be removed in September-2026: num_links, topology, chunks_per_sync, num_workers_per_link, num_buffers_per_channel, use_l1_small_for_semaphores. (all_gather.cpp:122)
2026-08-27 20:50:12.173 | INFO     | models.common.modules.lazy_weight:get_device_weight:120 - [32m[cache hit][0m Loading tensor from cache: model_cache/Qwen/Qwen3-32B/galaxy_8x4/norm/layer41_ff_norm_srcshape_1_1_160_32_dtype_BFLOAT16_layout_ROW_MAJOR_mapper_79f48b01bbfc_device_0.tensorbin
2026-08-27 20:50:12.174 | warning  |              Op | The following ttnn.all_gather args are deprecated and will be removed in September-2026: num_links, topology, chunks_per_sync, num_workers_per_link, num_buffers_per_channel, use_l1_small_for_semaphores. (all_gather.cpp:122)
2026-08-27 20:50:12.175 | INFO     | models.common.modules.lazy_weight:get_device_weight:120 - [32m[cache hit][0m Loading tensor from cache: model_cache/Qwen/Qwen3-32B/galaxy_8x4/mlp/layer41_w1_srcshape_5120_25600_dtype_BFLOAT16_layout_TILE_mapper_8df08bb751f6_device_0.tensorbin
2026-08-27 20:50:12.225 | INFO     | models.common.modules.lazy_weight:get_device_weight:120 - [32m[cache hit][0m Loading tensor from cache: model_cache/Qwen/Qwen3-32B/galaxy_8x4/mlp/layer41_w2_srcshape_25600_5120_dtype_BFLOAT16_layout_TILE_mapper_0bf8bf050070_device_0.tensorbin
2026-08-27 20:50:12.277 | INFO     | models.common.modules.lazy_weight:get_device_weight:120 - [32m[cache hit][0m Loading tensor from cache: model_cache/Qwen/Qwen3-32B/galaxy_8x4/mlp/layer41_w3_srcshape_5120_25600_dtype_BFLOAT16_layout_TILE_mapper_8df08bb751f6_device_0.tensorbin
2026-08-27 20:50:12.331 | warning  |              Op | The following ttnn.all_gather args are deprecated and will be removed in September-2026: num_links, topology, chunks_per_sync, num_workers_per_link, num_buffers_per_channel, use_l1_small_for_semaphores. (all_gather.cpp:122)
2026-08-27 20:50:12.332 | INFO     | models.common.modules.lazy_weight:get_device_weight:120 - [32m[cache hit][0m Loading tensor from cache: model_cache/Qwen/Qwen3-32B/galaxy_8x4/norm/layer42_attention_norm_srcshape_1_1_160_32_dtype_BFLOAT16_layout_ROW_MAJOR_mapper_79f48b01bbfc_device_0.tensorbin
2026-08-27 20:50:12.333 | warning  |              Op | The following ttnn.all_gather args are deprecated and will be removed in September-2026: num_links, topology, chunks_per_sync, num_workers_per_link, num_buffers_per_channel, use_l1_small_for_semaphores. (all_gather.cpp:122)
2026-08-27 20:50:12.335 | INFO     | models.common.modules.lazy_weight:get_device_weight:120 - [32m[cache hit][0m Loading tensor from cache: model_cache/Qwen/Qwen3-32B/galaxy_8x4/attn/layer42_wqkv_srcshape_5120_10240_dtype_BFLOAT8_B_layout_TILE_mapper_8df08bb751f6_device_0.tensorbin
2026-08-27 20:50:12.374 | INFO     | models.common.modules.lazy_weight:get_device_weight:120 - [32m[cache hit][0m Loading tensor from cache: model_cache/Qwen/Qwen3-32B/galaxy_8x4/attn/layer42_wo_srcshape_8192_5120_dtype_BFLOAT8_B_layout_TILE_mapper_0bf8bf050070_device_0.tensorbin
2026-08-27 20:50:12.413 | warning  |              Op | The following ttnn.all_gather args are deprecated and will be removed in September-2026: num_links, topology, chunks_per_sync, num_workers_per_link, num_buffers_per_channel, use_l1_small_for_semaphores. (all_gather.cpp:122)
2026-08-27 20:50:12.414 | INFO     | models.common.modules.lazy_weight:get_device_weight:120 - [32m[cache hit][0m Loading tensor from cache: model_cache/Qwen/Qwen3-32B/galaxy_8x4/norm/layer42_q_norm_srcshape_1_1_4_32_dtype_BFLOAT16_layout_ROW_MAJOR_mapper_7daf9f00834c_device_0.tensorbin
2026-08-27 20:50:12.416 | INFO     | models.common.modules.lazy_weight:get_device_weight:120 - [32m[cache hit][0m Loading tensor from cache: model_cache/Qwen/Qwen3-32B/galaxy_8x4/norm/layer42_k_norm_srcshape_1_1_4_32_dtype_BFLOAT16_layout_ROW_MAJOR_mapper_7daf9f00834c_device_0.tensorbin
2026-08-27 20:50:12.420 | warning  |              Op | The following ttnn.all_gather args are deprecated and will be removed in September-2026: num_links, topology, chunks_per_sync, num_workers_per_link, num_buffers_per_channel, use_l1_small_for_semaphores. (all_gather.cpp:122)
2026-08-27 20:50:12.423 | INFO     | models.common.modules.lazy_weight:get_device_weight:120 - [32m[cache hit][0m Loading tensor from cache: model_cache/Qwen/Qwen3-32B/galaxy_8x4/norm/layer42_ff_norm_srcshape_1_1_160_32_dtype_BFLOAT16_layout_ROW_MAJOR_mapper_79f48b01bbfc_device_0.tensorbin
2026-08-27 20:50:12.425 | warning  |              Op | The following ttnn.all_gather args are deprecated and will be removed in September-2026: num_links, topology, chunks_per_sync, num_workers_per_link, num_buffers_per_channel, use_l1_small_for_semaphores. (all_gather.cpp:122)
2026-08-27 20:50:12.426 | INFO     | models.common.modules.lazy_weight:get_device_weight:120 - [32m[cache hit][0m Loading tensor from cache: model_cache/Qwen/Qwen3-32B/galaxy_8x4/mlp/layer42_w1_srcshape_5120_25600_dtype_BFLOAT16_layout_TILE_mapper_8df08bb751f6_device_0.tensorbin
2026-08-27 20:50:12.477 | INFO     | models.common.modules.lazy_weight:get_device_weight:120 - [32m[cache hit][0m Loading tensor from cache: model_cache/Qwen/Qwen3-32B/galaxy_8x4/mlp/layer42_w2_srcshape_25600_5120_dtype_BFLOAT16_layout_TILE_mapper_0bf8bf050070_device_0.tensorbin
2026-08-27 20:50:12.526 | INFO     | models.common.modules.lazy_weight:get_device_weight:120 - [32m[cache hit][0m Loading tensor from cache: model_cache/Qwen/Qwen3-32B/galaxy_8x4/mlp/layer42_w3_srcshape_5120_25600_dtype_BFLOAT16_layout_TILE_mapper_8df08bb751f6_device_0.tensorbin
2026-08-27 20:50:12.580 | warning  |              Op | The following ttnn.all_gather args are deprecated and will be removed in September-2026: num_links, topology, chunks_per_sync, num_workers_per_link, num_buffers_per_channel, use_l1_small_for_semaphores. (all_gather.cpp:122)
2026-08-27 20:50:12.581 | INFO     | models.common.modules.lazy_weight:get_device_weight:120 - [32m[cache hit][0m Loading tensor from cache: model_cache/Qwen/Qwen3-32B/galaxy_8x4/norm/layer43_attention_norm_srcshape_1_1_160_32_dtype_BFLOAT16_layout_ROW_MAJOR_mapper_79f48b01bbfc_device_0.tensorbin
2026-08-27 20:50:12.583 | warning  |              Op | The following ttnn.all_gather args are deprecated and will be removed in September-2026: num_links, topology, chunks_per_sync, num_workers_per_link, num_buffers_per_channel, use_l1_small_for_semaphores. (all_gather.cpp:122)
2026-08-27 20:50:12.585 | INFO     | models.common.modules.lazy_weight:get_device_weight:120 - [32m[cache hit][0m Loading tensor from cache: model_cache/Qwen/Qwen3-32B/galaxy_8x4/attn/layer43_wqkv_srcshape_5120_10240_dtype_BFLOAT8_B_layout_TILE_mapper_8df08bb751f6_device_0.tensorbin
2026-08-27 20:50:12.624 | INFO     | models.common.modules.lazy_weight:get_device_weight:120 - [32m[cache hit][0m Loading tensor from cache: model_cache/Qwen/Qwen3-32B/galaxy_8x4/attn/layer43_wo_srcshape_8192_5120_dtype_BFLOAT8_B_layout_TILE_mapper_0bf8bf050070_device_0.tensorbin
2026-08-27 20:50:12.663 | warning  |              Op | The following ttnn.all_gather args are deprecated and will be removed in September-2026: num_links, topology, chunks_per_sync, num_workers_per_link, num_buffers_per_channel, use_l1_small_for_semaphores. (all_gather.cpp:122)
2026-08-27 20:50:12.665 | INFO     | models.common.modules.lazy_weight:get_device_weight:120 - [32m[cache hit][0m Loading tensor from cache: model_cache/Qwen/Qwen3-32B/galaxy_8x4/norm/layer43_q_norm_srcshape_1_1_4_32_dtype_BFLOAT16_layout_ROW_MAJOR_mapper_7daf9f00834c_device_0.tensorbin
2026-08-27 20:50:12.667 | INFO     | models.common.modules.lazy_weight:get_device_weight:120 - [32m[cache hit][0m Loading tensor from cache: model_cache/Qwen/Qwen3-32B/galaxy_8x4/norm/layer43_k_norm_srcshape_1_1_4_32_dtype_BFLOAT16_layout_ROW_MAJOR_mapper_7daf9f00834c_device_0.tensorbin
2026-08-27 20:50:12.671 | warning  |              Op | The following ttnn.all_gather args are deprecated and will be removed in September-2026: num_links, topology, chunks_per_sync, num_workers_per_link, num_buffers_per_channel, use_l1_small_for_semaphores. (all_gather.cpp:122)
2026-08-27 20:50:12.672 | INFO     | models.common.modules.lazy_weight:get_device_weight:120 - [32m[cache hit][0m Loading tensor from cache: model_cache/Qwen/Qwen3-32B/galaxy_8x4/norm/layer43_ff_norm_srcshape_1_1_160_32_dtype_BFLOAT16_layout_ROW_MAJOR_mapper_79f48b01bbfc_device_0.tensorbin
2026-08-27 20:50:12.673 | warning  |              Op | The following ttnn.all_gather args are deprecated and will be removed in September-2026: num_links, topology, chunks_per_sync, num_workers_per_link, num_buffers_per_channel, use_l1_small_for_semaphores. (all_gather.cpp:122)
2026-08-27 20:50:12.675 | INFO     | models.common.modules.lazy_weight:get_device_weight:120 - [32m[cache hit][0m Loading tensor from cache: model_cache/Qwen/Qwen3-32B/galaxy_8x4/mlp/layer43_w1_srcshape_5120_25600_dtype_BFLOAT16_layout_TILE_mapper_8df08bb751f6_device_0.tensorbin
2026-08-27 20:50:12.725 | INFO     | models.common.modules.lazy_weight:get_device_weight:120 - [32m[cache hit][0m Loading tensor from cache: model_cache/Qwen/Qwen3-32B/galaxy_8x4/mlp/layer43_w2_srcshape_25600_5120_dtype_BFLOAT16_layout_TILE_mapper_0bf8bf050070_device_0.tensorbin
2026-08-27 20:50:12.776 | INFO     | models.common.modules.lazy_weight:get_device_weight:120 - [32m[cache hit][0m Loading tensor from cache: model_cache/Qwen/Qwen3-32B/galaxy_8x4/mlp/layer43_w3_srcshape_5120_25600_dtype_BFLOAT16_layout_TILE_mapper_8df08bb751f6_device_0.tensorbin
2026-08-27 20:50:12.829 | warning  |              Op | The following ttnn.all_gather args are deprecated and will be removed in September-2026: num_links, topology, chunks_per_sync, num_workers_per_link, num_buffers_per_channel, use_l1_small_for_semaphores. (all_gather.cpp:122)
2026-08-27 20:50:12.830 | INFO     | models.common.modules.lazy_weight:get_device_weight:120 - [32m[cache hit][0m Loading tensor from cache: model_cache/Qwen/Qwen3-32B/galaxy_8x4/norm/layer44_attention_norm_srcshape_1_1_160_32_dtype_BFLOAT16_layout_ROW_MAJOR_mapper_79f48b01bbfc_device_0.tensorbin
2026-08-27 20:50:12.832 | warning  |              Op | The following ttnn.all_gather args are deprecated and will be removed in September-2026: num_links, topology, chunks_per_sync, num_workers_per_link, num_buffers_per_channel, use_l1_small_for_semaphores. (all_gather.cpp:122)
2026-08-27 20:50:12.834 | INFO     | models.common.modules.lazy_weight:get_device_weight:120 - [32m[cache hit][0m Loading tensor from cache: model_cache/Qwen/Qwen3-32B/galaxy_8x4/attn/layer44_wqkv_srcshape_5120_10240_dtype_BFLOAT8_B_layout_TILE_mapper_8df08bb751f6_device_0.tensorbin
2026-08-27 20:50:12.875 | INFO     | models.common.modules.lazy_weight:get_device_weight:120 - [32m[cache hit][0m Loading tensor from cache: model_cache/Qwen/Qwen3-32B/galaxy_8x4/attn/layer44_wo_srcshape_8192_5120_dtype_BFLOAT8_B_layout_TILE_mapper_0bf8bf050070_device_0.tensorbin
2026-08-27 20:50:12.915 | warning  |              Op | The following ttnn.all_gather args are deprecated and will be removed in September-2026: num_links, topology, chunks_per_sync, num_workers_per_link, num_buffers_per_channel, use_l1_small_for_semaphores. (all_gather.cpp:122)
2026-08-27 20:50:12.917 | INFO     | models.common.modules.lazy_weight:get_device_weight:120 - [32m[cache hit][0m Loading tensor from cache: model_cache/Qwen/Qwen3-32B/galaxy_8x4/norm/layer44_q_norm_srcshape_1_1_4_32_dtype_BFLOAT16_layout_ROW_MAJOR_mapper_7daf9f00834c_device_0.tensorbin
2026-08-27 20:50:12.919 | INFO     | models.common.modules.lazy_weight:get_device_weight:120 - [32m[cache hit][0m Loading tensor from cache: model_cache/Qwen/Qwen3-32B/galaxy_8x4/norm/layer44_k_norm_srcshape_1_1_4_32_dtype_BFLOAT16_layout_ROW_MAJOR_mapper_7daf9f00834c_device_0.tensorbin
2026-08-27 20:50:12.922 | warning  |              Op | The following ttnn.all_gather args are deprecated and will be removed in September-2026: num_links, topology, chunks_per_sync, num_workers_per_link, num_buffers_per_channel, use_l1_small_for_semaphores. (all_gather.cpp:122)
2026-08-27 20:50:12.924 | INFO     | models.common.modules.lazy_weight:get_device_weight:120 - [32m[cache hit][0m Loading tensor from cache: model_cache/Qwen/Qwen3-32B/galaxy_8x4/norm/layer44_ff_norm_srcshape_1_1_160_32_dtype_BFLOAT16_layout_ROW_MAJOR_mapper_79f48b01bbfc_device_0.tensorbin
2026-08-27 20:50:12.925 | warning  |              Op | The following ttnn.all_gather args are deprecated and will be removed in September-2026: num_links, topology, chunks_per_sync, num_workers_per_link, num_buffers_per_channel, use_l1_small_for_semaphores. (all_gather.cpp:122)
2026-08-27 20:50:12.926 | INFO     | models.common.modules.lazy_weight:get_device_weight:120 - [32m[cache hit][0m Loading tensor from cache: model_cache/Qwen/Qwen3-32B/galaxy_8x4/mlp/layer44_w1_srcshape_5120_25600_dtype_BFLOAT16_layout_TILE_mapper_8df08bb751f6_device_0.tensorbin
2026-08-27 20:50:12.977 | INFO     | models.common.modules.lazy_weight:get_device_weight:120 - [32m[cache hit][0m Loading tensor from cache: model_cache/Qwen/Qwen3-32B/galaxy_8x4/mlp/layer44_w2_srcshape_25600_5120_dtype_BFLOAT16_layout_TILE_mapper_0bf8bf050070_device_0.tensorbin
2026-08-27 20:50:13.029 | INFO     | models.common.modules.lazy_weight:get_device_weight:120 - [32m[cache hit][0m Loading tensor from cache: model_cache/Qwen/Qwen3-32B/galaxy_8x4/mlp/layer44_w3_srcshape_5120_25600_dtype_BFLOAT16_layout_TILE_mapper_8df08bb751f6_device_0.tensorbin
2026-08-27 20:50:13.082 | warning  |              Op | The following ttnn.all_gather args are deprecated and will be removed in September-2026: num_links, topology, chunks_per_sync, num_workers_per_link, num_buffers_per_channel, use_l1_small_for_semaphores. (all_gather.cpp:122)
2026-08-27 20:50:13.084 | INFO     | models.common.modules.lazy_weight:get_device_weight:120 - [32m[cache hit][0m Loading tensor from cache: model_cache/Qwen/Qwen3-32B/galaxy_8x4/norm/layer45_attention_norm_srcshape_1_1_160_32_dtype_BFLOAT16_layout_ROW_MAJOR_mapper_79f48b01bbfc_device_0.tensorbin
2026-08-27 20:50:13.085 | warning  |              Op | The following ttnn.all_gather args are deprecated and will be removed in September-2026: num_links, topology, chunks_per_sync, num_workers_per_link, num_buffers_per_channel, use_l1_small_for_semaphores. (all_gather.cpp:122)
2026-08-27 20:50:13.087 | INFO     | models.common.modules.lazy_weight:get_device_weight:120 - [32m[cache hit][0m Loading tensor from cache: model_cache/Qwen/Qwen3-32B/galaxy_8x4/attn/layer45_wqkv_srcshape_5120_10240_dtype_BFLOAT8_B_layout_TILE_mapper_8df08bb751f6_device_0.tensorbin
2026-08-27 20:50:13.128 | INFO     | models.common.modules.lazy_weight:get_device_weight:120 - [32m[cache hit][0m Loading tensor from cache: model_cache/Qwen/Qwen3-32B/galaxy_8x4/attn/layer45_wo_srcshape_8192_5120_dtype_BFLOAT8_B_layout_TILE_mapper_0bf8bf050070_device_0.tensorbin
2026-08-27 20:50:13.167 | warning  |              Op | The following ttnn.all_gather args are deprecated and will be removed in September-2026: num_links, topology, chunks_per_sync, num_workers_per_link, num_buffers_per_channel, use_l1_small_for_semaphores. (all_gather.cpp:122)
2026-08-27 20:50:13.169 | INFO     | models.common.modules.lazy_weight:get_device_weight:120 - [32m[cache hit][0m Loading tensor from cache: model_cache/Qwen/Qwen3-32B/galaxy_8x4/norm/layer45_q_norm_srcshape_1_1_4_32_dtype_BFLOAT16_layout_ROW_MAJOR_mapper_7daf9f00834c_device_0.tensorbin
2026-08-27 20:50:13.172 | INFO     | models.common.modules.lazy_weight:get_device_weight:120 - [32m[cache hit][0m Loading tensor from cache: model_cache/Qwen/Qwen3-32B/galaxy_8x4/norm/layer45_k_norm_srcshape_1_1_4_32_dtype_BFLOAT16_layout_ROW_MAJOR_mapper_7daf9f00834c_device_0.tensorbin
2026-08-27 20:50:13.175 | warning  |              Op | The following ttnn.all_gather args are deprecated and will be removed in September-2026: num_links, topology, chunks_per_sync, num_workers_per_link, num_buffers_per_channel, use_l1_small_for_semaphores. (all_gather.cpp:122)
2026-08-27 20:50:13.177 | INFO     | models.common.modules.lazy_weight:get_device_weight:120 - [32m[cache hit][0m Loading tensor from cache: model_cache/Qwen/Qwen3-32B/galaxy_8x4/norm/layer45_ff_norm_srcshape_1_1_160_32_dtype_BFLOAT16_layout_ROW_MAJOR_mapper_79f48b01bbfc_device_0.tensorbin
2026-08-27 20:50:13.178 | warning  |              Op | The following ttnn.all_gather args are deprecated and will be removed in September-2026: num_links, topology, chunks_per_sync, num_workers_per_link, num_buffers_per_channel, use_l1_small_for_semaphores. (all_gather.cpp:122)
2026-08-27 20:50:13.180 | INFO     | models.common.modules.lazy_weight:get_device_weight:120 - [32m[cache hit][0m Loading tensor from cache: model_cache/Qwen/Qwen3-32B/galaxy_8x4/mlp/layer45_w1_srcshape_5120_25600_dtype_BFLOAT16_layout_TILE_mapper_8df08bb751f6_device_0.tensorbin
2026-08-27 20:50:13.228 | INFO     | models.common.modules.lazy_weight:get_device_weight:120 - [32m[cache hit][0m Loading tensor from cache: model_cache/Qwen/Qwen3-32B/galaxy_8x4/mlp/layer45_w2_srcshape_25600_5120_dtype_BFLOAT16_layout_TILE_mapper_0bf8bf050070_device_0.tensorbin
2026-08-27 20:50:13.279 | INFO     | models.common.modules.lazy_weight:get_device_weight:120 - [32m[cache hit][0m Loading tensor from cache: model_cache/Qwen/Qwen3-32B/galaxy_8x4/mlp/layer45_w3_srcshape_5120_25600_dtype_BFLOAT16_layout_TILE_mapper_8df08bb751f6_device_0.tensorbin
2026-08-27 20:50:13.331 | warning  |              Op | The following ttnn.all_gather args are deprecated and will be removed in September-2026: num_links, topology, chunks_per_sync, num_workers_per_link, num_buffers_per_channel, use_l1_small_for_semaphores. (all_gather.cpp:122)
2026-08-27 20:50:13.333 | INFO     | models.common.modules.lazy_weight:get_device_weight:120 - [32m[cache hit][0m Loading tensor from cache: model_cache/Qwen/Qwen3-32B/galaxy_8x4/norm/layer46_attention_norm_srcshape_1_1_160_32_dtype_BFLOAT16_layout_ROW_MAJOR_mapper_79f48b01bbfc_device_0.tensorbin
2026-08-27 20:50:13.334 | warning  |              Op | The following ttnn.all_gather args are deprecated and will be removed in September-2026: num_links, topology, chunks_per_sync, num_workers_per_link, num_buffers_per_channel, use_l1_small_for_semaphores. (all_gather.cpp:122)
2026-08-27 20:50:13.336 | INFO     | models.common.modules.lazy_weight:get_device_weight:120 - [32m[cache hit][0m Loading tensor from cache: model_cache/Qwen/Qwen3-32B/galaxy_8x4/attn/layer46_wqkv_srcshape_5120_10240_dtype_BFLOAT8_B_layout_TILE_mapper_8df08bb751f6_device_0.tensorbin
2026-08-27 20:50:13.375 | INFO     | models.common.modules.lazy_weight:get_device_weight:120 - [32m[cache hit][0m Loading tensor from cache: model_cache/Qwen/Qwen3-32B/galaxy_8x4/attn/layer46_wo_srcshape_8192_5120_dtype_BFLOAT8_B_layout_TILE_mapper_0bf8bf050070_device_0.tensorbin
2026-08-27 20:50:13.414 | warning  |              Op | The following ttnn.all_gather args are deprecated and will be removed in September-2026: num_links, topology, chunks_per_sync, num_workers_per_link, num_buffers_per_channel, use_l1_small_for_semaphores. (all_gather.cpp:122)
2026-08-27 20:50:13.415 | INFO     | models.common.modules.lazy_weight:get_device_weight:120 - [32m[cache hit][0m Loading tensor from cache: model_cache/Qwen/Qwen3-32B/galaxy_8x4/norm/layer46_q_norm_srcshape_1_1_4_32_dtype_BFLOAT16_layout_ROW_MAJOR_mapper_7daf9f00834c_device_0.tensorbin
2026-08-27 20:50:13.417 | INFO     | models.common.modules.lazy_weight:get_device_weight:120 - [32m[cache hit][0m Loading tensor from cache: model_cache/Qwen/Qwen3-32B/galaxy_8x4/norm/layer46_k_norm_srcshape_1_1_4_32_dtype_BFLOAT16_layout_ROW_MAJOR_mapper_7daf9f00834c_device_0.tensorbin
2026-08-27 20:50:13.421 | warning  |              Op | The following ttnn.all_gather args are deprecated and will be removed in September-2026: num_links, topology, chunks_per_sync, num_workers_per_link, num_buffers_per_channel, use_l1_small_for_semaphores. (all_gather.cpp:122)
2026-08-27 20:50:13.424 | INFO     | models.common.modules.lazy_weight:get_device_weight:120 - [32m[cache hit][0m Loading tensor from cache: model_cache/Qwen/Qwen3-32B/galaxy_8x4/norm/layer46_ff_norm_srcshape_1_1_160_32_dtype_BFLOAT16_layout_ROW_MAJOR_mapper_79f48b01bbfc_device_0.tensorbin
2026-08-27 20:50:13.425 | warning  |              Op | The following ttnn.all_gather args are deprecated and will be removed in September-2026: num_links, topology, chunks_per_sync, num_workers_per_link, num_buffers_per_channel, use_l1_small_for_semaphores. (all_gather.cpp:122)
2026-08-27 20:50:13.427 | INFO     | models.common.modules.lazy_weight:get_device_weight:120 - [32m[cache hit][0m Loading tensor from cache: model_cache/Qwen/Qwen3-32B/galaxy_8x4/mlp/layer46_w1_srcshape_5120_25600_dtype_BFLOAT16_layout_TILE_mapper_8df08bb751f6_device_0.tensorbin
2026-08-27 20:50:13.477 | INFO     | models.common.modules.lazy_weight:get_device_weight:120 - [32m[cache hit][0m Loading tensor from cache: model_cache/Qwen/Qwen3-32B/galaxy_8x4/mlp/layer46_w2_srcshape_25600_5120_dtype_BFLOAT16_layout_TILE_mapper_0bf8bf050070_device_0.tensorbin
2026-08-27 20:50:13.526 | INFO     | models.common.modules.lazy_weight:get_device_weight:120 - [32m[cache hit][0m Loading tensor from cache: model_cache/Qwen/Qwen3-32B/galaxy_8x4/mlp/layer46_w3_srcshape_5120_25600_dtype_BFLOAT16_layout_TILE_mapper_8df08bb751f6_device_0.tensorbin
2026-08-27 20:50:13.580 | warning  |              Op | The following ttnn.all_gather args are deprecated and will be removed in September-2026: num_links, topology, chunks_per_sync, num_workers_per_link, num_buffers_per_channel, use_l1_small_for_semaphores. (all_gather.cpp:122)
2026-08-27 20:50:13.581 | INFO     | models.common.modules.lazy_weight:get_device_weight:120 - [32m[cache hit][0m Loading tensor from cache: model_cache/Qwen/Qwen3-32B/galaxy_8x4/norm/layer47_attention_norm_srcshape_1_1_160_32_dtype_BFLOAT16_layout_ROW_MAJOR_mapper_79f48b01bbfc_device_0.tensorbin
2026-08-27 20:50:13.583 | warning  |              Op | The following ttnn.all_gather args are deprecated and will be removed in September-2026: num_links, topology, chunks_per_sync, num_workers_per_link, num_buffers_per_channel, use_l1_small_for_semaphores. (all_gather.cpp:122)
2026-08-27 20:50:13.584 | INFO     | models.common.modules.lazy_weight:get_device_weight:120 - [32m[cache hit][0m Loading tensor from cache: model_cache/Qwen/Qwen3-32B/galaxy_8x4/attn/layer47_wqkv_srcshape_5120_10240_dtype_BFLOAT8_B_layout_TILE_mapper_8df08bb751f6_device_0.tensorbin
2026-08-27 20:50:13.624 | INFO     | models.common.modules.lazy_weight:get_device_weight:120 - [32m[cache hit][0m Loading tensor from cache: model_cache/Qwen/Qwen3-32B/galaxy_8x4/attn/layer47_wo_srcshape_8192_5120_dtype_BFLOAT8_B_layout_TILE_mapper_0bf8bf050070_device_0.tensorbin
2026-08-27 20:50:13.664 | warning  |              Op | The following ttnn.all_gather args are deprecated and will be removed in September-2026: num_links, topology, chunks_per_sync, num_workers_per_link, num_buffers_per_channel, use_l1_small_for_semaphores. (all_gather.cpp:122)
2026-08-27 20:50:13.666 | INFO     | models.common.modules.lazy_weight:get_device_weight:120 - [32m[cache hit][0m Loading tensor from cache: model_cache/Qwen/Qwen3-32B/galaxy_8x4/norm/layer47_q_norm_srcshape_1_1_4_32_dtype_BFLOAT16_layout_ROW_MAJOR_mapper_7daf9f00834c_device_0.tensorbin
2026-08-27 20:50:13.668 | INFO     | models.common.modules.lazy_weight:get_device_weight:120 - [32m[cache hit][0m Loading tensor from cache: model_cache/Qwen/Qwen3-32B/galaxy_8x4/norm/layer47_k_norm_srcshape_1_1_4_32_dtype_BFLOAT16_layout_ROW_MAJOR_mapper_7daf9f00834c_device_0.tensorbin
2026-08-27 20:50:13.673 | warning  |              Op | The following ttnn.all_gather args are deprecated and will be removed in September-2026: num_links, topology, chunks_per_sync, num_workers_per_link, num_buffers_per_channel, use_l1_small_for_semaphores. (all_gather.cpp:122)
2026-08-27 20:50:13.675 | INFO     | models.common.modules.lazy_weight:get_device_weight:120 - [32m[cache hit][0m Loading tensor from cache: model_cache/Qwen/Qwen3-32B/galaxy_8x4/norm/layer47_ff_norm_srcshape_1_1_160_32_dtype_BFLOAT16_layout_ROW_MAJOR_mapper_79f48b01bbfc_device_0.tensorbin
2026-08-27 20:50:13.676 | warning  |              Op | The following ttnn.all_gather args are deprecated and will be removed in September-2026: num_links, topology, chunks_per_sync, num_workers_per_link, num_buffers_per_channel, use_l1_small_for_semaphores. (all_gather.cpp:122)
2026-08-27 20:50:13.678 | INFO     | models.common.modules.lazy_weight:get_device_weight:120 - [32m[cache hit][0m Loading tensor from cache: model_cache/Qwen/Qwen3-32B/galaxy_8x4/mlp/layer47_w1_srcshape_5120_25600_dtype_BFLOAT16_layout_TILE_mapper_8df08bb751f6_device_0.tensorbin
2026-08-27 20:50:13.729 | INFO     | models.common.modules.lazy_weight:get_device_weight:120 - [32m[cache hit][0m Loading tensor from cache: model_cache/Qwen/Qwen3-32B/galaxy_8x4/mlp/layer47_w2_srcshape_25600_5120_dtype_BFLOAT16_layout_TILE_mapper_0bf8bf050070_device_0.tensorbin
2026-08-27 20:50:13.779 | INFO     | models.common.modules.lazy_weight:get_device_weight:120 - [32m[cache hit][0m Loading tensor from cache: model_cache/Qwen/Qwen3-32B/galaxy_8x4/mlp/layer47_w3_srcshape_5120_25600_dtype_BFLOAT16_layout_TILE_mapper_8df08bb751f6_device_0.tensorbin
2026-08-27 20:50:13.832 | warning  |              Op | The following ttnn.all_gather args are deprecated and will be removed in September-2026: num_links, topology, chunks_per_sync, num_workers_per_link, num_buffers_per_channel, use_l1_small_for_semaphores. (all_gather.cpp:122)
2026-08-27 20:50:13.834 | INFO     | models.common.modules.lazy_weight:get_device_weight:120 - [32m[cache hit][0m Loading tensor from cache: model_cache/Qwen/Qwen3-32B/galaxy_8x4/norm/layer48_attention_norm_srcshape_1_1_160_32_dtype_BFLOAT16_layout_ROW_MAJOR_mapper_79f48b01bbfc_device_0.tensorbin
2026-08-27 20:50:13.836 | warning  |              Op | The following ttnn.all_gather args are deprecated and will be removed in September-2026: num_links, topology, chunks_per_sync, num_workers_per_link, num_buffers_per_channel, use_l1_small_for_semaphores. (all_gather.cpp:122)
2026-08-27 20:50:13.838 | INFO     | models.common.modules.lazy_weight:get_device_weight:120 - [32m[cache hit][0m Loading tensor from cache: model_cache/Qwen/Qwen3-32B/galaxy_8x4/attn/layer48_wqkv_srcshape_5120_10240_dtype_BFLOAT8_B_layout_TILE_mapper_8df08bb751f6_device_0.tensorbin
2026-08-27 20:50:13.878 | INFO     | models.common.modules.lazy_weight:get_device_weight:120 - [32m[cache hit][0m Loading tensor from cache: model_cache/Qwen/Qwen3-32B/galaxy_8x4/attn/layer48_wo_srcshape_8192_5120_dtype_BFLOAT8_B_layout_TILE_mapper_0bf8bf050070_device_0.tensorbin
2026-08-27 20:50:13.917 | warning  |              Op | The following ttnn.all_gather args are deprecated and will be removed in September-2026: num_links, topology, chunks_per_sync, num_workers_per_link, num_buffers_per_channel, use_l1_small_for_semaphores. (all_gather.cpp:122)
2026-08-27 20:50:13.919 | INFO     | models.common.modules.lazy_weight:get_device_weight:120 - [32m[cache hit][0m Loading tensor from cache: model_cache/Qwen/Qwen3-32B/galaxy_8x4/norm/layer48_q_norm_srcshape_1_1_4_32_dtype_BFLOAT16_layout_ROW_MAJOR_mapper_7daf9f00834c_device_0.tensorbin
2026-08-27 20:50:13.922 | INFO     | models.common.modules.lazy_weight:get_device_weight:120 - [32m[cache hit][0m Loading tensor from cache: model_cache/Qwen/Qwen3-32B/galaxy_8x4/norm/layer48_k_norm_srcshape_1_1_4_32_dtype_BFLOAT16_layout_ROW_MAJOR_mapper_7daf9f00834c_device_0.tensorbin
2026-08-27 20:50:13.926 | warning  |              Op | The following ttnn.all_gather args are deprecated and will be removed in September-2026: num_links, topology, chunks_per_sync, num_workers_per_link, num_buffers_per_channel, use_l1_small_for_semaphores. (all_gather.cpp:122)
2026-08-27 20:50:13.927 | INFO     | models.common.modules.lazy_weight:get_device_weight:120 - [32m[cache hit][0m Loading tensor from cache: model_cache/Qwen/Qwen3-32B/galaxy_8x4/norm/layer48_ff_norm_srcshape_1_1_160_32_dtype_BFLOAT16_layout_ROW_MAJOR_mapper_79f48b01bbfc_device_0.tensorbin
2026-08-27 20:50:13.929 | warning  |              Op | The following ttnn.all_gather args are deprecated and will be removed in September-2026: num_links, topology, chunks_per_sync, num_workers_per_link, num_buffers_per_channel, use_l1_small_for_semaphores. (all_gather.cpp:122)
2026-08-27 20:50:13.930 | INFO     | models.common.modules.lazy_weight:get_device_weight:120 - [32m[cache hit][0m Loading tensor from cache: model_cache/Qwen/Qwen3-32B/galaxy_8x4/mlp/layer48_w1_srcshape_5120_25600_dtype_BFLOAT16_layout_TILE_mapper_8df08bb751f6_device_0.tensorbin
2026-08-27 20:50:13.978 | INFO     | models.common.modules.lazy_weight:get_device_weight:120 - [32m[cache hit][0m Loading tensor from cache: model_cache/Qwen/Qwen3-32B/galaxy_8x4/mlp/layer48_w2_srcshape_25600_5120_dtype_BFLOAT16_layout_TILE_mapper_0bf8bf050070_device_0.tensorbin
2026-08-27 20:50:14.029 | INFO     | models.common.modules.lazy_weight:get_device_weight:120 - [32m[cache hit][0m Loading tensor from cache: model_cache/Qwen/Qwen3-32B/galaxy_8x4/mlp/layer48_w3_srcshape_5120_25600_dtype_BFLOAT16_layout_TILE_mapper_8df08bb751f6_device_0.tensorbin
2026-08-27 20:50:14.083 | warning  |              Op | The following ttnn.all_gather args are deprecated and will be removed in September-2026: num_links, topology, chunks_per_sync, num_workers_per_link, num_buffers_per_channel, use_l1_small_for_semaphores. (all_gather.cpp:122)
2026-08-27 20:50:14.085 | INFO     | models.common.modules.lazy_weight:get_device_weight:120 - [32m[cache hit][0m Loading tensor from cache: model_cache/Qwen/Qwen3-32B/galaxy_8x4/norm/layer49_attention_norm_srcshape_1_1_160_32_dtype_BFLOAT16_layout_ROW_MAJOR_mapper_79f48b01bbfc_device_0.tensorbin
2026-08-27 20:50:14.087 | warning  |              Op | The following ttnn.all_gather args are deprecated and will be removed in September-2026: num_links, topology, chunks_per_sync, num_workers_per_link, num_buffers_per_channel, use_l1_small_for_semaphores. (all_gather.cpp:122)
2026-08-27 20:50:14.088 | INFO     | models.common.modules.lazy_weight:get_device_weight:120 - [32m[cache hit][0m Loading tensor from cache: model_cache/Qwen/Qwen3-32B/galaxy_8x4/attn/layer49_wqkv_srcshape_5120_10240_dtype_BFLOAT8_B_layout_TILE_mapper_8df08bb751f6_device_0.tensorbin
2026-08-27 20:50:14.129 | INFO     | models.common.modules.lazy_weight:get_device_weight:120 - [32m[cache hit][0m Loading tensor from cache: model_cache/Qwen/Qwen3-32B/galaxy_8x4/attn/layer49_wo_srcshape_8192_5120_dtype_BFLOAT8_B_layout_TILE_mapper_0bf8bf050070_device_0.tensorbin
2026-08-27 20:50:14.167 | warning  |              Op | The following ttnn.all_gather args are deprecated and will be removed in September-2026: num_links, topology, chunks_per_sync, num_workers_per_link, num_buffers_per_channel, use_l1_small_for_semaphores. (all_gather.cpp:122)
2026-08-27 20:50:14.170 | INFO     | models.common.modules.lazy_weight:get_device_weight:120 - [32m[cache hit][0m Loading tensor from cache: model_cache/Qwen/Qwen3-32B/galaxy_8x4/norm/layer49_q_norm_srcshape_1_1_4_32_dtype_BFLOAT16_layout_ROW_MAJOR_mapper_7daf9f00834c_device_0.tensorbin
2026-08-27 20:50:14.172 | INFO     | models.common.modules.lazy_weight:get_device_weight:120 - [32m[cache hit][0m Loading tensor from cache: model_cache/Qwen/Qwen3-32B/galaxy_8x4/norm/layer49_k_norm_srcshape_1_1_4_32_dtype_BFLOAT16_layout_ROW_MAJOR_mapper_7daf9f00834c_device_0.tensorbin
2026-08-27 20:50:14.175 | warning  |              Op | The following ttnn.all_gather args are deprecated and will be removed in September-2026: num_links, topology, chunks_per_sync, num_workers_per_link, num_buffers_per_channel, use_l1_small_for_semaphores. (all_gather.cpp:122)
2026-08-27 20:50:14.177 | INFO     | models.common.modules.lazy_weight:get_device_weight:120 - [32m[cache hit][0m Loading tensor from cache: model_cache/Qwen/Qwen3-32B/galaxy_8x4/norm/layer49_ff_norm_srcshape_1_1_160_32_dtype_BFLOAT16_layout_ROW_MAJOR_mapper_79f48b01bbfc_device_0.tensorbin
2026-08-27 20:50:14.178 | warning  |              Op | The following ttnn.all_gather args are deprecated and will be removed in September-2026: num_links, topology, chunks_per_sync, num_workers_per_link, num_buffers_per_channel, use_l1_small_for_semaphores. (all_gather.cpp:122)
2026-08-27 20:50:14.180 | INFO     | models.common.modules.lazy_weight:get_device_weight:120 - [32m[cache hit][0m Loading tensor from cache: model_cache/Qwen/Qwen3-32B/galaxy_8x4/mlp/layer49_w1_srcshape_5120_25600_dtype_BFLOAT16_layout_TILE_mapper_8df08bb751f6_device_0.tensorbin
2026-08-27 20:50:14.228 | INFO     | models.common.modules.lazy_weight:get_device_weight:120 - [32m[cache hit][0m Loading tensor from cache: model_cache/Qwen/Qwen3-32B/galaxy_8x4/mlp/layer49_w2_srcshape_25600_5120_dtype_BFLOAT16_layout_TILE_mapper_0bf8bf050070_device_0.tensorbin
2026-08-27 20:50:14.277 | INFO     | models.common.modules.lazy_weight:get_device_weight:120 - [32m[cache hit][0m Loading tensor from cache: model_cache/Qwen/Qwen3-32B/galaxy_8x4/mlp/layer49_w3_srcshape_5120_25600_dtype_BFLOAT16_layout_TILE_mapper_8df08bb751f6_device_0.tensorbin
2026-08-27 20:50:14.331 | warning  |              Op | The following ttnn.all_gather args are deprecated and will be removed in September-2026: num_links, topology, chunks_per_sync, num_workers_per_link, num_buffers_per_channel, use_l1_small_for_semaphores. (all_gather.cpp:122)
2026-08-27 20:50:14.332 | INFO     | models.common.modules.lazy_weight:get_device_weight:120 - [32m[cache hit][0m Loading tensor from cache: model_cache/Qwen/Qwen3-32B/galaxy_8x4/norm/layer50_attention_norm_srcshape_1_1_160_32_dtype_BFLOAT16_layout_ROW_MAJOR_mapper_79f48b01bbfc_device_0.tensorbin
2026-08-27 20:50:14.334 | warning  |              Op | The following ttnn.all_gather args are deprecated and will be removed in September-2026: num_links, topology, chunks_per_sync, num_workers_per_link, num_buffers_per_channel, use_l1_small_for_semaphores. (all_gather.cpp:122)
2026-08-27 20:50:14.336 | INFO     | models.common.modules.lazy_weight:get_device_weight:120 - [32m[cache hit][0m Loading tensor from cache: model_cache/Qwen/Qwen3-32B/galaxy_8x4/attn/layer50_wqkv_srcshape_5120_10240_dtype_BFLOAT8_B_layout_TILE_mapper_8df08bb751f6_device_0.tensorbin
2026-08-27 20:50:14.375 | INFO     | models.common.modules.lazy_weight:get_device_weight:120 - [32m[cache hit][0m Loading tensor from cache: model_cache/Qwen/Qwen3-32B/galaxy_8x4/attn/layer50_wo_srcshape_8192_5120_dtype_BFLOAT8_B_layout_TILE_mapper_0bf8bf050070_device_0.tensorbin
2026-08-27 20:50:14.415 | warning  |              Op | The following ttnn.all_gather args are deprecated and will be removed in September-2026: num_links, topology, chunks_per_sync, num_workers_per_link, num_buffers_per_channel, use_l1_small_for_semaphores. (all_gather.cpp:122)
2026-08-27 20:50:14.416 | INFO     | models.common.modules.lazy_weight:get_device_weight:120 - [32m[cache hit][0m Loading tensor from cache: model_cache/Qwen/Qwen3-32B/galaxy_8x4/norm/layer50_q_norm_srcshape_1_1_4_32_dtype_BFLOAT16_layout_ROW_MAJOR_mapper_7daf9f00834c_device_0.tensorbin
2026-08-27 20:50:14.419 | INFO     | models.common.modules.lazy_weight:get_device_weight:120 - [32m[cache hit][0m Loading tensor from cache: model_cache/Qwen/Qwen3-32B/galaxy_8x4/norm/layer50_k_norm_srcshape_1_1_4_32_dtype_BFLOAT16_layout_ROW_MAJOR_mapper_7daf9f00834c_device_0.tensorbin
2026-08-27 20:50:14.422 | warning  |              Op | The following ttnn.all_gather args are deprecated and will be removed in September-2026: num_links, topology, chunks_per_sync, num_workers_per_link, num_buffers_per_channel, use_l1_small_for_semaphores. (all_gather.cpp:122)
2026-08-27 20:50:14.426 | INFO     | models.common.modules.lazy_weight:get_device_weight:120 - [32m[cache hit][0m Loading tensor from cache: model_cache/Qwen/Qwen3-32B/galaxy_8x4/norm/layer50_ff_norm_srcshape_1_1_160_32_dtype_BFLOAT16_layout_ROW_MAJOR_mapper_79f48b01bbfc_device_0.tensorbin
2026-08-27 20:50:14.427 | warning  |              Op | The following ttnn.all_gather args are deprecated and will be removed in September-2026: num_links, topology, chunks_per_sync, num_workers_per_link, num_buffers_per_channel, use_l1_small_for_semaphores. (all_gather.cpp:122)
2026-08-27 20:50:14.428 | INFO     | models.common.modules.lazy_weight:get_device_weight:120 - [32m[cache hit][0m Loading tensor from cache: model_cache/Qwen/Qwen3-32B/galaxy_8x4/mlp/layer50_w1_srcshape_5120_25600_dtype_BFLOAT16_layout_TILE_mapper_8df08bb751f6_device_0.tensorbin
2026-08-27 20:50:14.479 | INFO     | models.common.modules.lazy_weight:get_device_weight:120 - [32m[cache hit][0m Loading tensor from cache: model_cache/Qwen/Qwen3-32B/galaxy_8x4/mlp/layer50_w2_srcshape_25600_5120_dtype_BFLOAT16_layout_TILE_mapper_0bf8bf050070_device_0.tensorbin
2026-08-27 20:50:14.530 | INFO     | models.common.modules.lazy_weight:get_device_weight:120 - [32m[cache hit][0m Loading tensor from cache: model_cache/Qwen/Qwen3-32B/galaxy_8x4/mlp/layer50_w3_srcshape_5120_25600_dtype_BFLOAT16_layout_TILE_mapper_8df08bb751f6_device_0.tensorbin
2026-08-27 20:50:14.587 | warning  |              Op | The following ttnn.all_gather args are deprecated and will be removed in September-2026: num_links, topology, chunks_per_sync, num_workers_per_link, num_buffers_per_channel, use_l1_small_for_semaphores. (all_gather.cpp:122)
2026-08-27 20:50:14.588 | INFO     | models.common.modules.lazy_weight:get_device_weight:120 - [32m[cache hit][0m Loading tensor from cache: model_cache/Qwen/Qwen3-32B/galaxy_8x4/norm/layer51_attention_norm_srcshape_1_1_160_32_dtype_BFLOAT16_layout_ROW_MAJOR_mapper_79f48b01bbfc_device_0.tensorbin
2026-08-27 20:50:14.590 | warning  |              Op | The following ttnn.all_gather args are deprecated and will be removed in September-2026: num_links, topology, chunks_per_sync, num_workers_per_link, num_buffers_per_channel, use_l1_small_for_semaphores. (all_gather.cpp:122)
2026-08-27 20:50:14.592 | INFO     | models.common.modules.lazy_weight:get_device_weight:120 - [32m[cache hit][0m Loading tensor from cache: model_cache/Qwen/Qwen3-32B/galaxy_8x4/attn/layer51_wqkv_srcshape_5120_10240_dtype_BFLOAT8_B_layout_TILE_mapper_8df08bb751f6_device_0.tensorbin
2026-08-27 20:50:14.632 | INFO     | models.common.modules.lazy_weight:get_device_weight:120 - [32m[cache hit][0m Loading tensor from cache: model_cache/Qwen/Qwen3-32B/galaxy_8x4/attn/layer51_wo_srcshape_8192_5120_dtype_BFLOAT8_B_layout_TILE_mapper_0bf8bf050070_device_0.tensorbin
2026-08-27 20:50:14.671 | warning  |              Op | The following ttnn.all_gather args are deprecated and will be removed in September-2026: num_links, topology, chunks_per_sync, num_workers_per_link, num_buffers_per_channel, use_l1_small_for_semaphores. (all_gather.cpp:122)
2026-08-27 20:50:14.673 | INFO     | models.common.modules.lazy_weight:get_device_weight:120 - [32m[cache hit][0m Loading tensor from cache: model_cache/Qwen/Qwen3-32B/galaxy_8x4/norm/layer51_q_norm_srcshape_1_1_4_32_dtype_BFLOAT16_layout_ROW_MAJOR_mapper_7daf9f00834c_device_0.tensorbin
2026-08-27 20:50:14.675 | INFO     | models.common.modules.lazy_weight:get_device_weight:120 - [32m[cache hit][0m Loading tensor from cache: model_cache/Qwen/Qwen3-32B/galaxy_8x4/norm/layer51_k_norm_srcshape_1_1_4_32_dtype_BFLOAT16_layout_ROW_MAJOR_mapper_7daf9f00834c_device_0.tensorbin
2026-08-27 20:50:14.678 | warning  |              Op | The following ttnn.all_gather args are deprecated and will be removed in September-2026: num_links, topology, chunks_per_sync, num_workers_per_link, num_buffers_per_channel, use_l1_small_for_semaphores. (all_gather.cpp:122)
2026-08-27 20:50:14.680 | INFO     | models.common.modules.lazy_weight:get_device_weight:120 - [32m[cache hit][0m Loading tensor from cache: model_cache/Qwen/Qwen3-32B/galaxy_8x4/norm/layer51_ff_norm_srcshape_1_1_160_32_dtype_BFLOAT16_layout_ROW_MAJOR_mapper_79f48b01bbfc_device_0.tensorbin
2026-08-27 20:50:14.682 | warning  |              Op | The following ttnn.all_gather args are deprecated and will be removed in September-2026: num_links, topology, chunks_per_sync, num_workers_per_link, num_buffers_per_channel, use_l1_small_for_semaphores. (all_gather.cpp:122)
2026-08-27 20:50:14.683 | INFO     | models.common.modules.lazy_weight:get_device_weight:120 - [32m[cache hit][0m Loading tensor from cache: model_cache/Qwen/Qwen3-32B/galaxy_8x4/mlp/layer51_w1_srcshape_5120_25600_dtype_BFLOAT16_layout_TILE_mapper_8df08bb751f6_device_0.tensorbin
2026-08-27 20:50:14.731 | INFO     | models.common.modules.lazy_weight:get_device_weight:120 - [32m[cache hit][0m Loading tensor from cache: model_cache/Qwen/Qwen3-32B/galaxy_8x4/mlp/layer51_w2_srcshape_25600_5120_dtype_BFLOAT16_layout_TILE_mapper_0bf8bf050070_device_0.tensorbin
2026-08-27 20:50:14.782 | INFO     | models.common.modules.lazy_weight:get_device_weight:120 - [32m[cache hit][0m Loading tensor from cache: model_cache/Qwen/Qwen3-32B/galaxy_8x4/mlp/layer51_w3_srcshape_5120_25600_dtype_BFLOAT16_layout_TILE_mapper_8df08bb751f6_device_0.tensorbin
2026-08-27 20:50:14.839 | warning  |              Op | The following ttnn.all_gather args are deprecated and will be removed in September-2026: num_links, topology, chunks_per_sync, num_workers_per_link, num_buffers_per_channel, use_l1_small_for_semaphores. (all_gather.cpp:122)
2026-08-27 20:50:14.840 | INFO     | models.common.modules.lazy_weight:get_device_weight:120 - [32m[cache hit][0m Loading tensor from cache: model_cache/Qwen/Qwen3-32B/galaxy_8x4/norm/layer52_attention_norm_srcshape_1_1_160_32_dtype_BFLOAT16_layout_ROW_MAJOR_mapper_79f48b01bbfc_device_0.tensorbin
2026-08-27 20:50:14.842 | warning  |              Op | The following ttnn.all_gather args are deprecated and will be removed in September-2026: num_links, topology, chunks_per_sync, num_workers_per_link, num_buffers_per_channel, use_l1_small_for_semaphores. (all_gather.cpp:122)
2026-08-27 20:50:14.844 | INFO     | models.common.modules.lazy_weight:get_device_weight:120 - [32m[cache hit][0m Loading tensor from cache: model_cache/Qwen/Qwen3-32B/galaxy_8x4/attn/layer52_wqkv_srcshape_5120_10240_dtype_BFLOAT8_B_layout_TILE_mapper_8df08bb751f6_device_0.tensorbin
2026-08-27 20:50:14.883 | INFO     | models.common.modules.lazy_weight:get_device_weight:120 - [32m[cache hit][0m Loading tensor from cache: model_cache/Qwen/Qwen3-32B/galaxy_8x4/attn/layer52_wo_srcshape_8192_5120_dtype_BFLOAT8_B_layout_TILE_mapper_0bf8bf050070_device_0.tensorbin
2026-08-27 20:50:14.923 | warning  |              Op | The following ttnn.all_gather args are deprecated and will be removed in September-2026: num_links, topology, chunks_per_sync, num_workers_per_link, num_buffers_per_channel, use_l1_small_for_semaphores. (all_gather.cpp:122)
2026-08-27 20:50:14.925 | INFO     | models.common.modules.lazy_weight:get_device_weight:120 - [32m[cache hit][0m Loading tensor from cache: model_cache/Qwen/Qwen3-32B/galaxy_8x4/norm/layer52_q_norm_srcshape_1_1_4_32_dtype_BFLOAT16_layout_ROW_MAJOR_mapper_7daf9f00834c_device_0.tensorbin
2026-08-27 20:50:14.927 | INFO     | models.common.modules.lazy_weight:get_device_weight:120 - [32m[cache hit][0m Loading tensor from cache: model_cache/Qwen/Qwen3-32B/galaxy_8x4/norm/layer52_k_norm_srcshape_1_1_4_32_dtype_BFLOAT16_layout_ROW_MAJOR_mapper_7daf9f00834c_device_0.tensorbin
2026-08-27 20:50:14.931 | warning  |              Op | The following ttnn.all_gather args are deprecated and will be removed in September-2026: num_links, topology, chunks_per_sync, num_workers_per_link, num_buffers_per_channel, use_l1_small_for_semaphores. (all_gather.cpp:122)
2026-08-27 20:50:14.932 | INFO     | models.common.modules.lazy_weight:get_device_weight:120 - [32m[cache hit][0m Loading tensor from cache: model_cache/Qwen/Qwen3-32B/galaxy_8x4/norm/layer52_ff_norm_srcshape_1_1_160_32_dtype_BFLOAT16_layout_ROW_MAJOR_mapper_79f48b01bbfc_device_0.tensorbin
2026-08-27 20:50:14.934 | warning  |              Op | The following ttnn.all_gather args are deprecated and will be removed in September-2026: num_links, topology, chunks_per_sync, num_workers_per_link, num_buffers_per_channel, use_l1_small_for_semaphores. (all_gather.cpp:122)
2026-08-27 20:50:14.935 | INFO     | models.common.modules.lazy_weight:get_device_weight:120 - [32m[cache hit][0m Loading tensor from cache: model_cache/Qwen/Qwen3-32B/galaxy_8x4/mlp/layer52_w1_srcshape_5120_25600_dtype_BFLOAT16_layout_TILE_mapper_8df08bb751f6_device_0.tensorbin
2026-08-27 20:50:14.986 | INFO     | models.common.modules.lazy_weight:get_device_weight:120 - [32m[cache hit][0m Loading tensor from cache: model_cache/Qwen/Qwen3-32B/galaxy_8x4/mlp/layer52_w2_srcshape_25600_5120_dtype_BFLOAT16_layout_TILE_mapper_0bf8bf050070_device_0.tensorbin
2026-08-27 20:50:15.037 | INFO     | models.common.modules.lazy_weight:get_device_weight:120 - [32m[cache hit][0m Loading tensor from cache: model_cache/Qwen/Qwen3-32B/galaxy_8x4/mlp/layer52_w3_srcshape_5120_25600_dtype_BFLOAT16_layout_TILE_mapper_8df08bb751f6_device_0.tensorbin
2026-08-27 20:50:15.091 | warning  |              Op | The following ttnn.all_gather args are deprecated and will be removed in September-2026: num_links, topology, chunks_per_sync, num_workers_per_link, num_buffers_per_channel, use_l1_small_for_semaphores. (all_gather.cpp:122)
2026-08-27 20:50:15.093 | INFO     | models.common.modules.lazy_weight:get_device_weight:120 - [32m[cache hit][0m Loading tensor from cache: model_cache/Qwen/Qwen3-32B/galaxy_8x4/norm/layer53_attention_norm_srcshape_1_1_160_32_dtype_BFLOAT16_layout_ROW_MAJOR_mapper_79f48b01bbfc_device_0.tensorbin
2026-08-27 20:50:15.094 | warning  |              Op | The following ttnn.all_gather args are deprecated and will be removed in September-2026: num_links, topology, chunks_per_sync, num_workers_per_link, num_buffers_per_channel, use_l1_small_for_semaphores. (all_gather.cpp:122)
2026-08-27 20:50:15.096 | INFO     | models.common.modules.lazy_weight:get_device_weight:120 - [32m[cache hit][0m Loading tensor from cache: model_cache/Qwen/Qwen3-32B/galaxy_8x4/attn/layer53_wqkv_srcshape_5120_10240_dtype_BFLOAT8_B_layout_TILE_mapper_8df08bb751f6_device_0.tensorbin
2026-08-27 20:50:15.136 | INFO     | models.common.modules.lazy_weight:get_device_weight:120 - [32m[cache hit][0m Loading tensor from cache: model_cache/Qwen/Qwen3-32B/galaxy_8x4/attn/layer53_wo_srcshape_8192_5120_dtype_BFLOAT8_B_layout_TILE_mapper_0bf8bf050070_device_0.tensorbin
2026-08-27 20:50:15.176 | warning  |              Op | The following ttnn.all_gather args are deprecated and will be removed in September-2026: num_links, topology, chunks_per_sync, num_workers_per_link, num_buffers_per_channel, use_l1_small_for_semaphores. (all_gather.cpp:122)
2026-08-27 20:50:15.180 | INFO     | models.common.modules.lazy_weight:get_device_weight:120 - [32m[cache hit][0m Loading tensor from cache: model_cache/Qwen/Qwen3-32B/galaxy_8x4/norm/layer53_q_norm_srcshape_1_1_4_32_dtype_BFLOAT16_layout_ROW_MAJOR_mapper_7daf9f00834c_device_0.tensorbin
2026-08-27 20:50:15.183 | INFO     | models.common.modules.lazy_weight:get_device_weight:120 - [32m[cache hit][0m Loading tensor from cache: model_cache/Qwen/Qwen3-32B/galaxy_8x4/norm/layer53_k_norm_srcshape_1_1_4_32_dtype_BFLOAT16_layout_ROW_MAJOR_mapper_7daf9f00834c_device_0.tensorbin
2026-08-27 20:50:15.187 | warning  |              Op | The following ttnn.all_gather args are deprecated and will be removed in September-2026: num_links, topology, chunks_per_sync, num_workers_per_link, num_buffers_per_channel, use_l1_small_for_semaphores. (all_gather.cpp:122)
2026-08-27 20:50:15.188 | INFO     | models.common.modules.lazy_weight:get_device_weight:120 - [32m[cache hit][0m Loading tensor from cache: model_cache/Qwen/Qwen3-32B/galaxy_8x4/norm/layer53_ff_norm_srcshape_1_1_160_32_dtype_BFLOAT16_layout_ROW_MAJOR_mapper_79f48b01bbfc_device_0.tensorbin
2026-08-27 20:50:15.191 | warning  |              Op | The following ttnn.all_gather args are deprecated and will be removed in September-2026: num_links, topology, chunks_per_sync, num_workers_per_link, num_buffers_per_channel, use_l1_small_for_semaphores. (all_gather.cpp:122)
2026-08-27 20:50:15.192 | INFO     | models.common.modules.lazy_weight:get_device_weight:120 - [32m[cache hit][0m Loading tensor from cache: model_cache/Qwen/Qwen3-32B/galaxy_8x4/mlp/layer53_w1_srcshape_5120_25600_dtype_BFLOAT16_layout_TILE_mapper_8df08bb751f6_device_0.tensorbin
2026-08-27 20:50:15.245 | INFO     | models.common.modules.lazy_weight:get_device_weight:120 - [32m[cache hit][0m Loading tensor from cache: model_cache/Qwen/Qwen3-32B/galaxy_8x4/mlp/layer53_w2_srcshape_25600_5120_dtype_BFLOAT16_layout_TILE_mapper_0bf8bf050070_device_0.tensorbin
2026-08-27 20:50:15.295 | INFO     | models.common.modules.lazy_weight:get_device_weight:120 - [32m[cache hit][0m Loading tensor from cache: model_cache/Qwen/Qwen3-32B/galaxy_8x4/mlp/layer53_w3_srcshape_5120_25600_dtype_BFLOAT16_layout_TILE_mapper_8df08bb751f6_device_0.tensorbin
2026-08-27 20:50:15.349 | warning  |              Op | The following ttnn.all_gather args are deprecated and will be removed in September-2026: num_links, topology, chunks_per_sync, num_workers_per_link, num_buffers_per_channel, use_l1_small_for_semaphores. (all_gather.cpp:122)
2026-08-27 20:50:15.350 | INFO     | models.common.modules.lazy_weight:get_device_weight:120 - [32m[cache hit][0m Loading tensor from cache: model_cache/Qwen/Qwen3-32B/galaxy_8x4/norm/layer54_attention_norm_srcshape_1_1_160_32_dtype_BFLOAT16_layout_ROW_MAJOR_mapper_79f48b01bbfc_device_0.tensorbin
2026-08-27 20:50:15.352 | warning  |              Op | The following ttnn.all_gather args are deprecated and will be removed in September-2026: num_links, topology, chunks_per_sync, num_workers_per_link, num_buffers_per_channel, use_l1_small_for_semaphores. (all_gather.cpp:122)
2026-08-27 20:50:15.354 | INFO     | models.common.modules.lazy_weight:get_device_weight:120 - [32m[cache hit][0m Loading tensor from cache: model_cache/Qwen/Qwen3-32B/galaxy_8x4/attn/layer54_wqkv_srcshape_5120_10240_dtype_BFLOAT8_B_layout_TILE_mapper_8df08bb751f6_device_0.tensorbin
2026-08-27 20:50:15.394 | INFO     | models.common.modules.lazy_weight:get_device_weight:120 - [32m[cache hit][0m Loading tensor from cache: model_cache/Qwen/Qwen3-32B/galaxy_8x4/attn/layer54_wo_srcshape_8192_5120_dtype_BFLOAT8_B_layout_TILE_mapper_0bf8bf050070_device_0.tensorbin
2026-08-27 20:50:15.433 | warning  |              Op | The following ttnn.all_gather args are deprecated and will be removed in September-2026: num_links, topology, chunks_per_sync, num_workers_per_link, num_buffers_per_channel, use_l1_small_for_semaphores. (all_gather.cpp:122)
2026-08-27 20:50:15.437 | INFO     | models.common.modules.lazy_weight:get_device_weight:120 - [32m[cache hit][0m Loading tensor from cache: model_cache/Qwen/Qwen3-32B/galaxy_8x4/norm/layer54_q_norm_srcshape_1_1_4_32_dtype_BFLOAT16_layout_ROW_MAJOR_mapper_7daf9f00834c_device_0.tensorbin
2026-08-27 20:50:15.440 | INFO     | models.common.modules.lazy_weight:get_device_weight:120 - [32m[cache hit][0m Loading tensor from cache: model_cache/Qwen/Qwen3-32B/galaxy_8x4/norm/layer54_k_norm_srcshape_1_1_4_32_dtype_BFLOAT16_layout_ROW_MAJOR_mapper_7daf9f00834c_device_0.tensorbin
2026-08-27 20:50:15.443 | warning  |              Op | The following ttnn.all_gather args are deprecated and will be removed in September-2026: num_links, topology, chunks_per_sync, num_workers_per_link, num_buffers_per_channel, use_l1_small_for_semaphores. (all_gather.cpp:122)
2026-08-27 20:50:15.444 | INFO     | models.common.modules.lazy_weight:get_device_weight:120 - [32m[cache hit][0m Loading tensor from cache: model_cache/Qwen/Qwen3-32B/galaxy_8x4/norm/layer54_ff_norm_srcshape_1_1_160_32_dtype_BFLOAT16_layout_ROW_MAJOR_mapper_79f48b01bbfc_device_0.tensorbin
2026-08-27 20:50:15.446 | warning  |              Op | The following ttnn.all_gather args are deprecated and will be removed in September-2026: num_links, topology, chunks_per_sync, num_workers_per_link, num_buffers_per_channel, use_l1_small_for_semaphores. (all_gather.cpp:122)
2026-08-27 20:50:15.447 | INFO     | models.common.modules.lazy_weight:get_device_weight:120 - [32m[cache hit][0m Loading tensor from cache: model_cache/Qwen/Qwen3-32B/galaxy_8x4/mlp/layer54_w1_srcshape_5120_25600_dtype_BFLOAT16_layout_TILE_mapper_8df08bb751f6_device_0.tensorbin
2026-08-27 20:50:15.496 | INFO     | models.common.modules.lazy_weight:get_device_weight:120 - [32m[cache hit][0m Loading tensor from cache: model_cache/Qwen/Qwen3-32B/galaxy_8x4/mlp/layer54_w2_srcshape_25600_5120_dtype_BFLOAT16_layout_TILE_mapper_0bf8bf050070_device_0.tensorbin
2026-08-27 20:50:15.552 | INFO     | models.common.modules.lazy_weight:get_device_weight:120 - [32m[cache hit][0m Loading tensor from cache: model_cache/Qwen/Qwen3-32B/galaxy_8x4/mlp/layer54_w3_srcshape_5120_25600_dtype_BFLOAT16_layout_TILE_mapper_8df08bb751f6_device_0.tensorbin
2026-08-27 20:50:15.606 | warning  |              Op | The following ttnn.all_gather args are deprecated and will be removed in September-2026: num_links, topology, chunks_per_sync, num_workers_per_link, num_buffers_per_channel, use_l1_small_for_semaphores. (all_gather.cpp:122)
2026-08-27 20:50:15.608 | INFO     | models.common.modules.lazy_weight:get_device_weight:120 - [32m[cache hit][0m Loading tensor from cache: model_cache/Qwen/Qwen3-32B/galaxy_8x4/norm/layer55_attention_norm_srcshape_1_1_160_32_dtype_BFLOAT16_layout_ROW_MAJOR_mapper_79f48b01bbfc_device_0.tensorbin
2026-08-27 20:50:15.609 | warning  |              Op | The following ttnn.all_gather args are deprecated and will be removed in September-2026: num_links, topology, chunks_per_sync, num_workers_per_link, num_buffers_per_channel, use_l1_small_for_semaphores. (all_gather.cpp:122)
2026-08-27 20:50:15.611 | INFO     | models.common.modules.lazy_weight:get_device_weight:120 - [32m[cache hit][0m Loading tensor from cache: model_cache/Qwen/Qwen3-32B/galaxy_8x4/attn/layer55_wqkv_srcshape_5120_10240_dtype_BFLOAT8_B_layout_TILE_mapper_8df08bb751f6_device_0.tensorbin
2026-08-27 20:50:15.651 | INFO     | models.common.modules.lazy_weight:get_device_weight:120 - [32m[cache hit][0m Loading tensor from cache: model_cache/Qwen/Qwen3-32B/galaxy_8x4/attn/layer55_wo_srcshape_8192_5120_dtype_BFLOAT8_B_layout_TILE_mapper_0bf8bf050070_device_0.tensorbin
2026-08-27 20:50:15.690 | warning  |              Op | The following ttnn.all_gather args are deprecated and will be removed in September-2026: num_links, topology, chunks_per_sync, num_workers_per_link, num_buffers_per_channel, use_l1_small_for_semaphores. (all_gather.cpp:122)
2026-08-27 20:50:15.693 | INFO     | models.common.modules.lazy_weight:get_device_weight:120 - [32m[cache hit][0m Loading tensor from cache: model_cache/Qwen/Qwen3-32B/galaxy_8x4/norm/layer55_q_norm_srcshape_1_1_4_32_dtype_BFLOAT16_layout_ROW_MAJOR_mapper_7daf9f00834c_device_0.tensorbin
2026-08-27 20:50:15.695 | INFO     | models.common.modules.lazy_weight:get_device_weight:120 - [32m[cache hit][0m Loading tensor from cache: model_cache/Qwen/Qwen3-32B/galaxy_8x4/norm/layer55_k_norm_srcshape_1_1_4_32_dtype_BFLOAT16_layout_ROW_MAJOR_mapper_7daf9f00834c_device_0.tensorbin
2026-08-27 20:50:15.699 | warning  |              Op | The following ttnn.all_gather args are deprecated and will be removed in September-2026: num_links, topology, chunks_per_sync, num_workers_per_link, num_buffers_per_channel, use_l1_small_for_semaphores. (all_gather.cpp:122)
2026-08-27 20:50:15.700 | INFO     | models.common.modules.lazy_weight:get_device_weight:120 - [32m[cache hit][0m Loading tensor from cache: model_cache/Qwen/Qwen3-32B/galaxy_8x4/norm/layer55_ff_norm_srcshape_1_1_160_32_dtype_BFLOAT16_layout_ROW_MAJOR_mapper_79f48b01bbfc_device_0.tensorbin
2026-08-27 20:50:15.702 | warning  |              Op | The following ttnn.all_gather args are deprecated and will be removed in September-2026: num_links, topology, chunks_per_sync, num_workers_per_link, num_buffers_per_channel, use_l1_small_for_semaphores. (all_gather.cpp:122)
2026-08-27 20:50:15.703 | INFO     | models.common.modules.lazy_weight:get_device_weight:120 - [32m[cache hit][0m Loading tensor from cache: model_cache/Qwen/Qwen3-32B/galaxy_8x4/mlp/layer55_w1_srcshape_5120_25600_dtype_BFLOAT16_layout_TILE_mapper_8df08bb751f6_device_0.tensorbin
2026-08-27 20:50:15.755 | INFO     | models.common.modules.lazy_weight:get_device_weight:120 - [32m[cache hit][0m Loading tensor from cache: model_cache/Qwen/Qwen3-32B/galaxy_8x4/mlp/layer55_w2_srcshape_25600_5120_dtype_BFLOAT16_layout_TILE_mapper_0bf8bf050070_device_0.tensorbin
2026-08-27 20:50:15.809 | INFO     | models.common.modules.lazy_weight:get_device_weight:120 - [32m[cache hit][0m Loading tensor from cache: model_cache/Qwen/Qwen3-32B/galaxy_8x4/mlp/layer55_w3_srcshape_5120_25600_dtype_BFLOAT16_layout_TILE_mapper_8df08bb751f6_device_0.tensorbin
2026-08-27 20:50:15.862 | warning  |              Op | The following ttnn.all_gather args are deprecated and will be removed in September-2026: num_links, topology, chunks_per_sync, num_workers_per_link, num_buffers_per_channel, use_l1_small_for_semaphores. (all_gather.cpp:122)
2026-08-27 20:50:15.864 | INFO     | models.common.modules.lazy_weight:get_device_weight:120 - [32m[cache hit][0m Loading tensor from cache: model_cache/Qwen/Qwen3-32B/galaxy_8x4/norm/layer56_attention_norm_srcshape_1_1_160_32_dtype_BFLOAT16_layout_ROW_MAJOR_mapper_79f48b01bbfc_device_0.tensorbin
2026-08-27 20:50:15.866 | warning  |              Op | The following ttnn.all_gather args are deprecated and will be removed in September-2026: num_links, topology, chunks_per_sync, num_workers_per_link, num_buffers_per_channel, use_l1_small_for_semaphores. (all_gather.cpp:122)
2026-08-27 20:50:15.867 | INFO     | models.common.modules.lazy_weight:get_device_weight:120 - [32m[cache hit][0m Loading tensor from cache: model_cache/Qwen/Qwen3-32B/galaxy_8x4/attn/layer56_wqkv_srcshape_5120_10240_dtype_BFLOAT8_B_layout_TILE_mapper_8df08bb751f6_device_0.tensorbin
2026-08-27 20:50:15.907 | INFO     | models.common.modules.lazy_weight:get_device_weight:120 - [32m[cache hit][0m Loading tensor from cache: model_cache/Qwen/Qwen3-32B/galaxy_8x4/attn/layer56_wo_srcshape_8192_5120_dtype_BFLOAT8_B_layout_TILE_mapper_0bf8bf050070_device_0.tensorbin
2026-08-27 20:50:15.947 | warning  |              Op | The following ttnn.all_gather args are deprecated and will be removed in September-2026: num_links, topology, chunks_per_sync, num_workers_per_link, num_buffers_per_channel, use_l1_small_for_semaphores. (all_gather.cpp:122)
2026-08-27 20:50:15.949 | INFO     | models.common.modules.lazy_weight:get_device_weight:120 - [32m[cache hit][0m Loading tensor from cache: model_cache/Qwen/Qwen3-32B/galaxy_8x4/norm/layer56_q_norm_srcshape_1_1_4_32_dtype_BFLOAT16_layout_ROW_MAJOR_mapper_7daf9f00834c_device_0.tensorbin
2026-08-27 20:50:15.952 | INFO     | models.common.modules.lazy_weight:get_device_weight:120 - [32m[cache hit][0m Loading tensor from cache: model_cache/Qwen/Qwen3-32B/galaxy_8x4/norm/layer56_k_norm_srcshape_1_1_4_32_dtype_BFLOAT16_layout_ROW_MAJOR_mapper_7daf9f00834c_device_0.tensorbin
2026-08-27 20:50:15.955 | warning  |              Op | The following ttnn.all_gather args are deprecated and will be removed in September-2026: num_links, topology, chunks_per_sync, num_workers_per_link, num_buffers_per_channel, use_l1_small_for_semaphores. (all_gather.cpp:122)
2026-08-27 20:50:15.957 | INFO     | models.common.modules.lazy_weight:get_device_weight:120 - [32m[cache hit][0m Loading tensor from cache: model_cache/Qwen/Qwen3-32B/galaxy_8x4/norm/layer56_ff_norm_srcshape_1_1_160_32_dtype_BFLOAT16_layout_ROW_MAJOR_mapper_79f48b01bbfc_device_0.tensorbin
2026-08-27 20:50:15.959 | warning  |              Op | The following ttnn.all_gather args are deprecated and will be removed in September-2026: num_links, topology, chunks_per_sync, num_workers_per_link, num_buffers_per_channel, use_l1_small_for_semaphores. (all_gather.cpp:122)
2026-08-27 20:50:15.960 | INFO     | models.common.modules.lazy_weight:get_device_weight:120 - [32m[cache hit][0m Loading tensor from cache: model_cache/Qwen/Qwen3-32B/galaxy_8x4/mlp/layer56_w1_srcshape_5120_25600_dtype_BFLOAT16_layout_TILE_mapper_8df08bb751f6_device_0.tensorbin
2026-08-27 20:50:16.014 | INFO     | models.common.modules.lazy_weight:get_device_weight:120 - [32m[cache hit][0m Loading tensor from cache: model_cache/Qwen/Qwen3-32B/galaxy_8x4/mlp/layer56_w2_srcshape_25600_5120_dtype_BFLOAT16_layout_TILE_mapper_0bf8bf050070_device_0.tensorbin
2026-08-27 20:50:16.066 | INFO     | models.common.modules.lazy_weight:get_device_weight:120 - [32m[cache hit][0m Loading tensor from cache: model_cache/Qwen/Qwen3-32B/galaxy_8x4/mlp/layer56_w3_srcshape_5120_25600_dtype_BFLOAT16_layout_TILE_mapper_8df08bb751f6_device_0.tensorbin
2026-08-27 20:50:16.121 | warning  |              Op | The following ttnn.all_gather args are deprecated and will be removed in September-2026: num_links, topology, chunks_per_sync, num_workers_per_link, num_buffers_per_channel, use_l1_small_for_semaphores. (all_gather.cpp:122)
2026-08-27 20:50:16.122 | INFO     | models.common.modules.lazy_weight:get_device_weight:120 - [32m[cache hit][0m Loading tensor from cache: model_cache/Qwen/Qwen3-32B/galaxy_8x4/norm/layer57_attention_norm_srcshape_1_1_160_32_dtype_BFLOAT16_layout_ROW_MAJOR_mapper_79f48b01bbfc_device_0.tensorbin
2026-08-27 20:50:16.124 | warning  |              Op | The following ttnn.all_gather args are deprecated and will be removed in September-2026: num_links, topology, chunks_per_sync, num_workers_per_link, num_buffers_per_channel, use_l1_small_for_semaphores. (all_gather.cpp:122)
2026-08-27 20:50:16.127 | INFO     | models.common.modules.lazy_weight:get_device_weight:120 - [32m[cache hit][0m Loading tensor from cache: model_cache/Qwen/Qwen3-32B/galaxy_8x4/attn/layer57_wqkv_srcshape_5120_10240_dtype_BFLOAT8_B_layout_TILE_mapper_8df08bb751f6_device_0.tensorbin
2026-08-27 20:50:16.168 | INFO     | models.common.modules.lazy_weight:get_device_weight:120 - [32m[cache hit][0m Loading tensor from cache: model_cache/Qwen/Qwen3-32B/galaxy_8x4/attn/layer57_wo_srcshape_8192_5120_dtype_BFLOAT8_B_layout_TILE_mapper_0bf8bf050070_device_0.tensorbin
2026-08-27 20:50:16.208 | warning  |              Op | The following ttnn.all_gather args are deprecated and will be removed in September-2026: num_links, topology, chunks_per_sync, num_workers_per_link, num_buffers_per_channel, use_l1_small_for_semaphores. (all_gather.cpp:122)
2026-08-27 20:50:16.210 | INFO     | models.common.modules.lazy_weight:get_device_weight:120 - [32m[cache hit][0m Loading tensor from cache: model_cache/Qwen/Qwen3-32B/galaxy_8x4/norm/layer57_q_norm_srcshape_1_1_4_32_dtype_BFLOAT16_layout_ROW_MAJOR_mapper_7daf9f00834c_device_0.tensorbin
2026-08-27 20:50:16.212 | INFO     | models.common.modules.lazy_weight:get_device_weight:120 - [32m[cache hit][0m Loading tensor from cache: model_cache/Qwen/Qwen3-32B/galaxy_8x4/norm/layer57_k_norm_srcshape_1_1_4_32_dtype_BFLOAT16_layout_ROW_MAJOR_mapper_7daf9f00834c_device_0.tensorbin
2026-08-27 20:50:16.215 | warning  |              Op | The following ttnn.all_gather args are deprecated and will be removed in September-2026: num_links, topology, chunks_per_sync, num_workers_per_link, num_buffers_per_channel, use_l1_small_for_semaphores. (all_gather.cpp:122)
2026-08-27 20:50:16.217 | INFO     | models.common.modules.lazy_weight:get_device_weight:120 - [32m[cache hit][0m Loading tensor from cache: model_cache/Qwen/Qwen3-32B/galaxy_8x4/norm/layer57_ff_norm_srcshape_1_1_160_32_dtype_BFLOAT16_layout_ROW_MAJOR_mapper_79f48b01bbfc_device_0.tensorbin
2026-08-27 20:50:16.218 | warning  |              Op | The following ttnn.all_gather args are deprecated and will be removed in September-2026: num_links, topology, chunks_per_sync, num_workers_per_link, num_buffers_per_channel, use_l1_small_for_semaphores. (all_gather.cpp:122)
2026-08-27 20:50:16.220 | INFO     | models.common.modules.lazy_weight:get_device_weight:120 - [32m[cache hit][0m Loading tensor from cache: model_cache/Qwen/Qwen3-32B/galaxy_8x4/mlp/layer57_w1_srcshape_5120_25600_dtype_BFLOAT16_layout_TILE_mapper_8df08bb751f6_device_0.tensorbin
2026-08-27 20:50:16.270 | INFO     | models.common.modules.lazy_weight:get_device_weight:120 - [32m[cache hit][0m Loading tensor from cache: model_cache/Qwen/Qwen3-32B/galaxy_8x4/mlp/layer57_w2_srcshape_25600_5120_dtype_BFLOAT16_layout_TILE_mapper_0bf8bf050070_device_0.tensorbin
2026-08-27 20:50:16.325 | INFO     | models.common.modules.lazy_weight:get_device_weight:120 - [32m[cache hit][0m Loading tensor from cache: model_cache/Qwen/Qwen3-32B/galaxy_8x4/mlp/layer57_w3_srcshape_5120_25600_dtype_BFLOAT16_layout_TILE_mapper_8df08bb751f6_device_0.tensorbin
2026-08-27 20:50:16.383 | warning  |              Op | The following ttnn.all_gather args are deprecated and will be removed in September-2026: num_links, topology, chunks_per_sync, num_workers_per_link, num_buffers_per_channel, use_l1_small_for_semaphores. (all_gather.cpp:122)
2026-08-27 20:50:16.384 | INFO     | models.common.modules.lazy_weight:get_device_weight:120 - [32m[cache hit][0m Loading tensor from cache: model_cache/Qwen/Qwen3-32B/galaxy_8x4/norm/layer58_attention_norm_srcshape_1_1_160_32_dtype_BFLOAT16_layout_ROW_MAJOR_mapper_79f48b01bbfc_device_0.tensorbin
2026-08-27 20:50:16.386 | warning  |              Op | The following ttnn.all_gather args are deprecated and will be removed in September-2026: num_links, topology, chunks_per_sync, num_workers_per_link, num_buffers_per_channel, use_l1_small_for_semaphores. (all_gather.cpp:122)
2026-08-27 20:50:16.388 | INFO     | models.common.modules.lazy_weight:get_device_weight:120 - [32m[cache hit][0m Loading tensor from cache: model_cache/Qwen/Qwen3-32B/galaxy_8x4/attn/layer58_wqkv_srcshape_5120_10240_dtype_BFLOAT8_B_layout_TILE_mapper_8df08bb751f6_device_0.tensorbin
2026-08-27 20:50:16.428 | INFO     | models.common.modules.lazy_weight:get_device_weight:120 - [32m[cache hit][0m Loading tensor from cache: model_cache/Qwen/Qwen3-32B/galaxy_8x4/attn/layer58_wo_srcshape_8192_5120_dtype_BFLOAT8_B_layout_TILE_mapper_0bf8bf050070_device_0.tensorbin
2026-08-27 20:50:16.468 | warning  |              Op | The following ttnn.all_gather args are deprecated and will be removed in September-2026: num_links, topology, chunks_per_sync, num_workers_per_link, num_buffers_per_channel, use_l1_small_for_semaphores. (all_gather.cpp:122)
2026-08-27 20:50:16.472 | INFO     | models.common.modules.lazy_weight:get_device_weight:120 - [32m[cache hit][0m Loading tensor from cache: model_cache/Qwen/Qwen3-32B/galaxy_8x4/norm/layer58_q_norm_srcshape_1_1_4_32_dtype_BFLOAT16_layout_ROW_MAJOR_mapper_7daf9f00834c_device_0.tensorbin
2026-08-27 20:50:16.474 | INFO     | models.common.modules.lazy_weight:get_device_weight:120 - [32m[cache hit][0m Loading tensor from cache: model_cache/Qwen/Qwen3-32B/galaxy_8x4/norm/layer58_k_norm_srcshape_1_1_4_32_dtype_BFLOAT16_layout_ROW_MAJOR_mapper_7daf9f00834c_device_0.tensorbin
2026-08-27 20:50:16.477 | warning  |              Op | The following ttnn.all_gather args are deprecated and will be removed in September-2026: num_links, topology, chunks_per_sync, num_workers_per_link, num_buffers_per_channel, use_l1_small_for_semaphores. (all_gather.cpp:122)
2026-08-27 20:50:16.479 | INFO     | models.common.modules.lazy_weight:get_device_weight:120 - [32m[cache hit][0m Loading tensor from cache: model_cache/Qwen/Qwen3-32B/galaxy_8x4/norm/layer58_ff_norm_srcshape_1_1_160_32_dtype_BFLOAT16_layout_ROW_MAJOR_mapper_79f48b01bbfc_device_0.tensorbin
2026-08-27 20:50:16.481 | warning  |              Op | The following ttnn.all_gather args are deprecated and will be removed in September-2026: num_links, topology, chunks_per_sync, num_workers_per_link, num_buffers_per_channel, use_l1_small_for_semaphores. (all_gather.cpp:122)
2026-08-27 20:50:16.482 | INFO     | models.common.modules.lazy_weight:get_device_weight:120 - [32m[cache hit][0m Loading tensor from cache: model_cache/Qwen/Qwen3-32B/galaxy_8x4/mlp/layer58_w1_srcshape_5120_25600_dtype_BFLOAT16_layout_TILE_mapper_8df08bb751f6_device_0.tensorbin
2026-08-27 20:50:16.535 | INFO     | models.common.modules.lazy_weight:get_device_weight:120 - [32m[cache hit][0m Loading tensor from cache: model_cache/Qwen/Qwen3-32B/galaxy_8x4/mlp/layer58_w2_srcshape_25600_5120_dtype_BFLOAT16_layout_TILE_mapper_0bf8bf050070_device_0.tensorbin
2026-08-27 20:50:16.587 | INFO     | models.common.modules.lazy_weight:get_device_weight:120 - [32m[cache hit][0m Loading tensor from cache: model_cache/Qwen/Qwen3-32B/galaxy_8x4/mlp/layer58_w3_srcshape_5120_25600_dtype_BFLOAT16_layout_TILE_mapper_8df08bb751f6_device_0.tensorbin
2026-08-27 20:50:16.641 | warning  |              Op | The following ttnn.all_gather args are deprecated and will be removed in September-2026: num_links, topology, chunks_per_sync, num_workers_per_link, num_buffers_per_channel, use_l1_small_for_semaphores. (all_gather.cpp:122)
2026-08-27 20:50:16.642 | INFO     | models.common.modules.lazy_weight:get_device_weight:120 - [32m[cache hit][0m Loading tensor from cache: model_cache/Qwen/Qwen3-32B/galaxy_8x4/norm/layer59_attention_norm_srcshape_1_1_160_32_dtype_BFLOAT16_layout_ROW_MAJOR_mapper_79f48b01bbfc_device_0.tensorbin
2026-08-27 20:50:16.644 | warning  |              Op | The following ttnn.all_gather args are deprecated and will be removed in September-2026: num_links, topology, chunks_per_sync, num_workers_per_link, num_buffers_per_channel, use_l1_small_for_semaphores. (all_gather.cpp:122)
2026-08-27 20:50:16.646 | INFO     | models.common.modules.lazy_weight:get_device_weight:120 - [32m[cache hit][0m Loading tensor from cache: model_cache/Qwen/Qwen3-32B/galaxy_8x4/attn/layer59_wqkv_srcshape_5120_10240_dtype_BFLOAT8_B_layout_TILE_mapper_8df08bb751f6_device_0.tensorbin
2026-08-27 20:50:16.687 | INFO     | models.common.modules.lazy_weight:get_device_weight:120 - [32m[cache hit][0m Loading tensor from cache: model_cache/Qwen/Qwen3-32B/galaxy_8x4/attn/layer59_wo_srcshape_8192_5120_dtype_BFLOAT8_B_layout_TILE_mapper_0bf8bf050070_device_0.tensorbin
2026-08-27 20:50:16.728 | warning  |              Op | The following ttnn.all_gather args are deprecated and will be removed in September-2026: num_links, topology, chunks_per_sync, num_workers_per_link, num_buffers_per_channel, use_l1_small_for_semaphores. (all_gather.cpp:122)
2026-08-27 20:50:16.730 | INFO     | models.common.modules.lazy_weight:get_device_weight:120 - [32m[cache hit][0m Loading tensor from cache: model_cache/Qwen/Qwen3-32B/galaxy_8x4/norm/layer59_q_norm_srcshape_1_1_4_32_dtype_BFLOAT16_layout_ROW_MAJOR_mapper_7daf9f00834c_device_0.tensorbin
2026-08-27 20:50:16.732 | INFO     | models.common.modules.lazy_weight:get_device_weight:120 - [32m[cache hit][0m Loading tensor from cache: model_cache/Qwen/Qwen3-32B/galaxy_8x4/norm/layer59_k_norm_srcshape_1_1_4_32_dtype_BFLOAT16_layout_ROW_MAJOR_mapper_7daf9f00834c_device_0.tensorbin
2026-08-27 20:50:16.735 | warning  |              Op | The following ttnn.all_gather args are deprecated and will be removed in September-2026: num_links, topology, chunks_per_sync, num_workers_per_link, num_buffers_per_channel, use_l1_small_for_semaphores. (all_gather.cpp:122)
2026-08-27 20:50:16.737 | INFO     | models.common.modules.lazy_weight:get_device_weight:120 - [32m[cache hit][0m Loading tensor from cache: model_cache/Qwen/Qwen3-32B/galaxy_8x4/norm/layer59_ff_norm_srcshape_1_1_160_32_dtype_BFLOAT16_layout_ROW_MAJOR_mapper_79f48b01bbfc_device_0.tensorbin
2026-08-27 20:50:16.738 | warning  |              Op | The following ttnn.all_gather args are deprecated and will be removed in September-2026: num_links, topology, chunks_per_sync, num_workers_per_link, num_buffers_per_channel, use_l1_small_for_semaphores. (all_gather.cpp:122)
2026-08-27 20:50:16.740 | INFO     | models.common.modules.lazy_weight:get_device_weight:120 - [32m[cache hit][0m Loading tensor from cache: model_cache/Qwen/Qwen3-32B/galaxy_8x4/mlp/layer59_w1_srcshape_5120_25600_dtype_BFLOAT16_layout_TILE_mapper_8df08bb751f6_device_0.tensorbin
2026-08-27 20:50:16.794 | INFO     | models.common.modules.lazy_weight:get_device_weight:120 - [32m[cache hit][0m Loading tensor from cache: model_cache/Qwen/Qwen3-32B/galaxy_8x4/mlp/layer59_w2_srcshape_25600_5120_dtype_BFLOAT16_layout_TILE_mapper_0bf8bf050070_device_0.tensorbin
2026-08-27 20:50:16.847 | INFO     | models.common.modules.lazy_weight:get_device_weight:120 - [32m[cache hit][0m Loading tensor from cache: model_cache/Qwen/Qwen3-32B/galaxy_8x4/mlp/layer59_w3_srcshape_5120_25600_dtype_BFLOAT16_layout_TILE_mapper_8df08bb751f6_device_0.tensorbin
2026-08-27 20:50:16.902 | warning  |              Op | The following ttnn.all_gather args are deprecated and will be removed in September-2026: num_links, topology, chunks_per_sync, num_workers_per_link, num_buffers_per_channel, use_l1_small_for_semaphores. (all_gather.cpp:122)
2026-08-27 20:50:16.903 | INFO     | models.common.modules.lazy_weight:get_device_weight:120 - [32m[cache hit][0m Loading tensor from cache: model_cache/Qwen/Qwen3-32B/galaxy_8x4/norm/layer60_attention_norm_srcshape_1_1_160_32_dtype_BFLOAT16_layout_ROW_MAJOR_mapper_79f48b01bbfc_device_0.tensorbin
2026-08-27 20:50:16.905 | warning  |              Op | The following ttnn.all_gather args are deprecated and will be removed in September-2026: num_links, topology, chunks_per_sync, num_workers_per_link, num_buffers_per_channel, use_l1_small_for_semaphores. (all_gather.cpp:122)
2026-08-27 20:50:16.907 | INFO     | models.common.modules.lazy_weight:get_device_weight:120 - [32m[cache hit][0m Loading tensor from cache: model_cache/Qwen/Qwen3-32B/galaxy_8x4/attn/layer60_wqkv_srcshape_5120_10240_dtype_BFLOAT8_B_layout_TILE_mapper_8df08bb751f6_device_0.tensorbin
2026-08-27 20:50:16.946 | INFO     | models.common.modules.lazy_weight:get_device_weight:120 - [32m[cache hit][0m Loading tensor from cache: model_cache/Qwen/Qwen3-32B/galaxy_8x4/attn/layer60_wo_srcshape_8192_5120_dtype_BFLOAT8_B_layout_TILE_mapper_0bf8bf050070_device_0.tensorbin
2026-08-27 20:50:16.987 | warning  |              Op | The following ttnn.all_gather args are deprecated and will be removed in September-2026: num_links, topology, chunks_per_sync, num_workers_per_link, num_buffers_per_channel, use_l1_small_for_semaphores. (all_gather.cpp:122)
2026-08-27 20:50:16.989 | INFO     | models.common.modules.lazy_weight:get_device_weight:120 - [32m[cache hit][0m Loading tensor from cache: model_cache/Qwen/Qwen3-32B/galaxy_8x4/norm/layer60_q_norm_srcshape_1_1_4_32_dtype_BFLOAT16_layout_ROW_MAJOR_mapper_7daf9f00834c_device_0.tensorbin
2026-08-27 20:50:16.991 | INFO     | models.common.modules.lazy_weight:get_device_weight:120 - [32m[cache hit][0m Loading tensor from cache: model_cache/Qwen/Qwen3-32B/galaxy_8x4/norm/layer60_k_norm_srcshape_1_1_4_32_dtype_BFLOAT16_layout_ROW_MAJOR_mapper_7daf9f00834c_device_0.tensorbin
2026-08-27 20:50:16.995 | warning  |              Op | The following ttnn.all_gather args are deprecated and will be removed in September-2026: num_links, topology, chunks_per_sync, num_workers_per_link, num_buffers_per_channel, use_l1_small_for_semaphores. (all_gather.cpp:122)
2026-08-27 20:50:16.996 | INFO     | models.common.modules.lazy_weight:get_device_weight:120 - [32m[cache hit][0m Loading tensor from cache: model_cache/Qwen/Qwen3-32B/galaxy_8x4/norm/layer60_ff_norm_srcshape_1_1_160_32_dtype_BFLOAT16_layout_ROW_MAJOR_mapper_79f48b01bbfc_device_0.tensorbin
2026-08-27 20:50:16.998 | warning  |              Op | The following ttnn.all_gather args are deprecated and will be removed in September-2026: num_links, topology, chunks_per_sync, num_workers_per_link, num_buffers_per_channel, use_l1_small_for_semaphores. (all_gather.cpp:122)
2026-08-27 20:50:17.001 | INFO     | models.common.modules.lazy_weight:get_device_weight:120 - [32m[cache hit][0m Loading tensor from cache: model_cache/Qwen/Qwen3-32B/galaxy_8x4/mlp/layer60_w1_srcshape_5120_25600_dtype_BFLOAT16_layout_TILE_mapper_8df08bb751f6_device_0.tensorbin
2026-08-27 20:50:17.054 | INFO     | models.common.modules.lazy_weight:get_device_weight:120 - [32m[cache hit][0m Loading tensor from cache: model_cache/Qwen/Qwen3-32B/galaxy_8x4/mlp/layer60_w2_srcshape_25600_5120_dtype_BFLOAT16_layout_TILE_mapper_0bf8bf050070_device_0.tensorbin
2026-08-27 20:50:17.107 | INFO     | models.common.modules.lazy_weight:get_device_weight:120 - [32m[cache hit][0m Loading tensor from cache: model_cache/Qwen/Qwen3-32B/galaxy_8x4/mlp/layer60_w3_srcshape_5120_25600_dtype_BFLOAT16_layout_TILE_mapper_8df08bb751f6_device_0.tensorbin
2026-08-27 20:50:17.166 | warning  |              Op | The following ttnn.all_gather args are deprecated and will be removed in September-2026: num_links, topology, chunks_per_sync, num_workers_per_link, num_buffers_per_channel, use_l1_small_for_semaphores. (all_gather.cpp:122)
2026-08-27 20:50:17.167 | INFO     | models.common.modules.lazy_weight:get_device_weight:120 - [32m[cache hit][0m Loading tensor from cache: model_cache/Qwen/Qwen3-32B/galaxy_8x4/norm/layer61_attention_norm_srcshape_1_1_160_32_dtype_BFLOAT16_layout_ROW_MAJOR_mapper_79f48b01bbfc_device_0.tensorbin
2026-08-27 20:50:17.169 | warning  |              Op | The following ttnn.all_gather args are deprecated and will be removed in September-2026: num_links, topology, chunks_per_sync, num_workers_per_link, num_buffers_per_channel, use_l1_small_for_semaphores. (all_gather.cpp:122)
2026-08-27 20:50:17.172 | INFO     | models.common.modules.lazy_weight:get_device_weight:120 - [32m[cache hit][0m Loading tensor from cache: model_cache/Qwen/Qwen3-32B/galaxy_8x4/attn/layer61_wqkv_srcshape_5120_10240_dtype_BFLOAT8_B_layout_TILE_mapper_8df08bb751f6_device_0.tensorbin
2026-08-27 20:50:17.211 | INFO     | models.common.modules.lazy_weight:get_device_weight:120 - [32m[cache hit][0m Loading tensor from cache: model_cache/Qwen/Qwen3-32B/galaxy_8x4/attn/layer61_wo_srcshape_8192_5120_dtype_BFLOAT8_B_layout_TILE_mapper_0bf8bf050070_device_0.tensorbin
2026-08-27 20:50:17.252 | warning  |              Op | The following ttnn.all_gather args are deprecated and will be removed in September-2026: num_links, topology, chunks_per_sync, num_workers_per_link, num_buffers_per_channel, use_l1_small_for_semaphores. (all_gather.cpp:122)
2026-08-27 20:50:17.254 | INFO     | models.common.modules.lazy_weight:get_device_weight:120 - [32m[cache hit][0m Loading tensor from cache: model_cache/Qwen/Qwen3-32B/galaxy_8x4/norm/layer61_q_norm_srcshape_1_1_4_32_dtype_BFLOAT16_layout_ROW_MAJOR_mapper_7daf9f00834c_device_0.tensorbin
2026-08-27 20:50:17.256 | INFO     | models.common.modules.lazy_weight:get_device_weight:120 - [32m[cache hit][0m Loading tensor from cache: model_cache/Qwen/Qwen3-32B/galaxy_8x4/norm/layer61_k_norm_srcshape_1_1_4_32_dtype_BFLOAT16_layout_ROW_MAJOR_mapper_7daf9f00834c_device_0.tensorbin
2026-08-27 20:50:17.260 | warning  |              Op | The following ttnn.all_gather args are deprecated and will be removed in September-2026: num_links, topology, chunks_per_sync, num_workers_per_link, num_buffers_per_channel, use_l1_small_for_semaphores. (all_gather.cpp:122)
2026-08-27 20:50:17.261 | INFO     | models.common.modules.lazy_weight:get_device_weight:120 - [32m[cache hit][0m Loading tensor from cache: model_cache/Qwen/Qwen3-32B/galaxy_8x4/norm/layer61_ff_norm_srcshape_1_1_160_32_dtype_BFLOAT16_layout_ROW_MAJOR_mapper_79f48b01bbfc_device_0.tensorbin
2026-08-27 20:50:17.265 | warning  |              Op | The following ttnn.all_gather args are deprecated and will be removed in September-2026: num_links, topology, chunks_per_sync, num_workers_per_link, num_buffers_per_channel, use_l1_small_for_semaphores. (all_gather.cpp:122)
2026-08-27 20:50:17.267 | INFO     | models.common.modules.lazy_weight:get_device_weight:120 - [32m[cache hit][0m Loading tensor from cache: model_cache/Qwen/Qwen3-32B/galaxy_8x4/mlp/layer61_w1_srcshape_5120_25600_dtype_BFLOAT16_layout_TILE_mapper_8df08bb751f6_device_0.tensorbin
2026-08-27 20:50:17.318 | INFO     | models.common.modules.lazy_weight:get_device_weight:120 - [32m[cache hit][0m Loading tensor from cache: model_cache/Qwen/Qwen3-32B/galaxy_8x4/mlp/layer61_w2_srcshape_25600_5120_dtype_BFLOAT16_layout_TILE_mapper_0bf8bf050070_device_0.tensorbin
2026-08-27 20:50:17.371 | INFO     | models.common.modules.lazy_weight:get_device_weight:120 - [32m[cache hit][0m Loading tensor from cache: model_cache/Qwen/Qwen3-32B/galaxy_8x4/mlp/layer61_w3_srcshape_5120_25600_dtype_BFLOAT16_layout_TILE_mapper_8df08bb751f6_device_0.tensorbin
2026-08-27 20:50:17.428 | warning  |              Op | The following ttnn.all_gather args are deprecated and will be removed in September-2026: num_links, topology, chunks_per_sync, num_workers_per_link, num_buffers_per_channel, use_l1_small_for_semaphores. (all_gather.cpp:122)
2026-08-27 20:50:17.429 | INFO     | models.common.modules.lazy_weight:get_device_weight:120 - [32m[cache hit][0m Loading tensor from cache: model_cache/Qwen/Qwen3-32B/galaxy_8x4/norm/layer62_attention_norm_srcshape_1_1_160_32_dtype_BFLOAT16_layout_ROW_MAJOR_mapper_79f48b01bbfc_device_0.tensorbin
2026-08-27 20:50:17.431 | warning  |              Op | The following ttnn.all_gather args are deprecated and will be removed in September-2026: num_links, topology, chunks_per_sync, num_workers_per_link, num_buffers_per_channel, use_l1_small_for_semaphores. (all_gather.cpp:122)
2026-08-27 20:50:17.433 | INFO     | models.common.modules.lazy_weight:get_device_weight:120 - [32m[cache hit][0m Loading tensor from cache: model_cache/Qwen/Qwen3-32B/galaxy_8x4/attn/layer62_wqkv_srcshape_5120_10240_dtype_BFLOAT8_B_layout_TILE_mapper_8df08bb751f6_device_0.tensorbin
2026-08-27 20:50:17.476 | INFO     | models.common.modules.lazy_weight:get_device_weight:120 - [32m[cache hit][0m Loading tensor from cache: model_cache/Qwen/Qwen3-32B/galaxy_8x4/attn/layer62_wo_srcshape_8192_5120_dtype_BFLOAT8_B_layout_TILE_mapper_0bf8bf050070_device_0.tensorbin
2026-08-27 20:50:17.515 | warning  |              Op | The following ttnn.all_gather args are deprecated and will be removed in September-2026: num_links, topology, chunks_per_sync, num_workers_per_link, num_buffers_per_channel, use_l1_small_for_semaphores. (all_gather.cpp:122)
2026-08-27 20:50:17.517 | INFO     | models.common.modules.lazy_weight:get_device_weight:120 - [32m[cache hit][0m Loading tensor from cache: model_cache/Qwen/Qwen3-32B/galaxy_8x4/norm/layer62_q_norm_srcshape_1_1_4_32_dtype_BFLOAT16_layout_ROW_MAJOR_mapper_7daf9f00834c_device_0.tensorbin
2026-08-27 20:50:17.519 | INFO     | models.common.modules.lazy_weight:get_device_weight:120 - [32m[cache hit][0m Loading tensor from cache: model_cache/Qwen/Qwen3-32B/galaxy_8x4/norm/layer62_k_norm_srcshape_1_1_4_32_dtype_BFLOAT16_layout_ROW_MAJOR_mapper_7daf9f00834c_device_0.tensorbin
2026-08-27 20:50:17.523 | warning  |              Op | The following ttnn.all_gather args are deprecated and will be removed in September-2026: num_links, topology, chunks_per_sync, num_workers_per_link, num_buffers_per_channel, use_l1_small_for_semaphores. (all_gather.cpp:122)
2026-08-27 20:50:17.524 | INFO     | models.common.modules.lazy_weight:get_device_weight:120 - [32m[cache hit][0m Loading tensor from cache: model_cache/Qwen/Qwen3-32B/galaxy_8x4/norm/layer62_ff_norm_srcshape_1_1_160_32_dtype_BFLOAT16_layout_ROW_MAJOR_mapper_79f48b01bbfc_device_0.tensorbin
2026-08-27 20:50:17.526 | warning  |              Op | The following ttnn.all_gather args are deprecated and will be removed in September-2026: num_links, topology, chunks_per_sync, num_workers_per_link, num_buffers_per_channel, use_l1_small_for_semaphores. (all_gather.cpp:122)
2026-08-27 20:50:17.527 | INFO     | models.common.modules.lazy_weight:get_device_weight:120 - [32m[cache hit][0m Loading tensor from cache: model_cache/Qwen/Qwen3-32B/galaxy_8x4/mlp/layer62_w1_srcshape_5120_25600_dtype_BFLOAT16_layout_TILE_mapper_8df08bb751f6_device_0.tensorbin
2026-08-27 20:50:17.581 | INFO     | models.common.modules.lazy_weight:get_device_weight:120 - [32m[cache hit][0m Loading tensor from cache: model_cache/Qwen/Qwen3-32B/galaxy_8x4/mlp/layer62_w2_srcshape_25600_5120_dtype_BFLOAT16_layout_TILE_mapper_0bf8bf050070_device_0.tensorbin
2026-08-27 20:50:17.633 | INFO     | models.common.modules.lazy_weight:get_device_weight:120 - [32m[cache hit][0m Loading tensor from cache: model_cache/Qwen/Qwen3-32B/galaxy_8x4/mlp/layer62_w3_srcshape_5120_25600_dtype_BFLOAT16_layout_TILE_mapper_8df08bb751f6_device_0.tensorbin
2026-08-27 20:50:17.688 | warning  |              Op | The following ttnn.all_gather args are deprecated and will be removed in September-2026: num_links, topology, chunks_per_sync, num_workers_per_link, num_buffers_per_channel, use_l1_small_for_semaphores. (all_gather.cpp:122)
2026-08-27 20:50:17.689 | INFO     | models.common.modules.lazy_weight:get_device_weight:120 - [32m[cache hit][0m Loading tensor from cache: model_cache/Qwen/Qwen3-32B/galaxy_8x4/norm/layer63_attention_norm_srcshape_1_1_160_32_dtype_BFLOAT16_layout_ROW_MAJOR_mapper_79f48b01bbfc_device_0.tensorbin
2026-08-27 20:50:17.691 | warning  |              Op | The following ttnn.all_gather args are deprecated and will be removed in September-2026: num_links, topology, chunks_per_sync, num_workers_per_link, num_buffers_per_channel, use_l1_small_for_semaphores. (all_gather.cpp:122)
2026-08-27 20:50:17.692 | INFO     | models.common.modules.lazy_weight:get_device_weight:120 - [32m[cache hit][0m Loading tensor from cache: model_cache/Qwen/Qwen3-32B/galaxy_8x4/attn/layer63_wqkv_srcshape_5120_10240_dtype_BFLOAT8_B_layout_TILE_mapper_8df08bb751f6_device_0.tensorbin
2026-08-27 20:50:17.733 | INFO     | models.common.modules.lazy_weight:get_device_weight:120 - [32m[cache hit][0m Loading tensor from cache: model_cache/Qwen/Qwen3-32B/galaxy_8x4/attn/layer63_wo_srcshape_8192_5120_dtype_BFLOAT8_B_layout_TILE_mapper_0bf8bf050070_device_0.tensorbin
2026-08-27 20:50:17.773 | warning  |              Op | The following ttnn.all_gather args are deprecated and will be removed in September-2026: num_links, topology, chunks_per_sync, num_workers_per_link, num_buffers_per_channel, use_l1_small_for_semaphores. (all_gather.cpp:122)
2026-08-27 20:50:17.775 | INFO     | models.common.modules.lazy_weight:get_device_weight:120 - [32m[cache hit][0m Loading tensor from cache: model_cache/Qwen/Qwen3-32B/galaxy_8x4/norm/layer63_q_norm_srcshape_1_1_4_32_dtype_BFLOAT16_layout_ROW_MAJOR_mapper_7daf9f00834c_device_0.tensorbin
2026-08-27 20:50:17.777 | INFO     | models.common.modules.lazy_weight:get_device_weight:120 - [32m[cache hit][0m Loading tensor from cache: model_cache/Qwen/Qwen3-32B/galaxy_8x4/norm/layer63_k_norm_srcshape_1_1_4_32_dtype_BFLOAT16_layout_ROW_MAJOR_mapper_7daf9f00834c_device_0.tensorbin
2026-08-27 20:50:17.780 | warning  |              Op | The following ttnn.all_gather args are deprecated and will be removed in September-2026: num_links, topology, chunks_per_sync, num_workers_per_link, num_buffers_per_channel, use_l1_small_for_semaphores. (all_gather.cpp:122)
2026-08-27 20:50:17.782 | INFO     | models.common.modules.lazy_weight:get_device_weight:120 - [32m[cache hit][0m Loading tensor from cache: model_cache/Qwen/Qwen3-32B/galaxy_8x4/norm/layer63_ff_norm_srcshape_1_1_160_32_dtype_BFLOAT16_layout_ROW_MAJOR_mapper_79f48b01bbfc_device_0.tensorbin
2026-08-27 20:50:17.783 | warning  |              Op | The following ttnn.all_gather args are deprecated and will be removed in September-2026: num_links, topology, chunks_per_sync, num_workers_per_link, num_buffers_per_channel, use_l1_small_for_semaphores. (all_gather.cpp:122)
2026-08-27 20:50:17.785 | INFO     | models.common.modules.lazy_weight:get_device_weight:120 - [32m[cache hit][0m Loading tensor from cache: model_cache/Qwen/Qwen3-32B/galaxy_8x4/mlp/layer63_w1_srcshape_5120_25600_dtype_BFLOAT16_layout_TILE_mapper_8df08bb751f6_device_0.tensorbin
2026-08-27 20:50:17.839 | INFO     | models.common.modules.lazy_weight:get_device_weight:120 - [32m[cache hit][0m Loading tensor from cache: model_cache/Qwen/Qwen3-32B/galaxy_8x4/mlp/layer63_w2_srcshape_25600_5120_dtype_BFLOAT16_layout_TILE_mapper_0bf8bf050070_device_0.tensorbin
2026-08-27 20:50:17.893 | INFO     | models.common.modules.lazy_weight:get_device_weight:120 - [32m[cache hit][0m Loading tensor from cache: model_cache/Qwen/Qwen3-32B/galaxy_8x4/mlp/layer63_w3_srcshape_5120_25600_dtype_BFLOAT16_layout_TILE_mapper_8df08bb751f6_device_0.tensorbin
2026-08-27 20:50:17.950 | warning  |              Op | The following ttnn.all_gather args are deprecated and will be removed in September-2026: num_links, topology, chunks_per_sync, num_workers_per_link, num_buffers_per_channel, use_l1_small_for_semaphores. (all_gather.cpp:122)
2026-08-27 20:50:17.952 | INFO     | models.common.modules.lazy_weight:get_device_weight:120 - [32m[cache hit][0m Loading tensor from cache: model_cache/Qwen/Qwen3-32B/galaxy_8x4/norm/final_norm_srcshape_1_1_160_32_dtype_BFLOAT16_layout_ROW_MAJOR_mapper_79f48b01bbfc_device_0.tensorbin
2026-08-27 20:50:17.953 | warning  |              Op | The following ttnn.all_gather args are deprecated and will be removed in September-2026: num_links, topology, chunks_per_sync, num_workers_per_link, num_buffers_per_channel, use_l1_small_for_semaphores. (all_gather.cpp:122)
2026-08-27 20:50:18.248 | INFO     | models.common.modules.lazy_weight:get_device_weight:120 - [32m[cache hit][0m Loading tensor from cache: model_cache/Qwen/Qwen3-32B/galaxy_8x4/lm_head/output_srcshape_5120_153600_dtype_BFLOAT8_B_layout_TILE_mapper_8df08bb751f6_device_0.tensorbin
2026-08-27 20:50:18.627 | warning  |              Op | Allocating semaphores in L1, which may fragment L1 and reduce headroom for subsequent op allocations. Configure an L1_SMALL region to mitigate this. (all_gather_unicast_factory.cpp:56)
2026-08-27 20:50:18.629 | warning  |              Op | Fabric packet size 4352 B is suboptimal for transporting 2048 B pages. Configure 6144 B packet size to maximize throughput. (ccl_common.cpp:70)
2026-08-27 20:50:18.632 | warning  |              Op | Fabric packet size 4352 B is suboptimal for transporting 2048 B pages. Configure 6144 B packet size to maximize throughput. (ccl_common.cpp:70)
2026-08-27 20:50:18.634 | warning  |              Op | Fabric packet size 4352 B is suboptimal for transporting 2048 B pages. Configure 6144 B packet size to maximize throughput. (ccl_common.cpp:70)
2026-08-27 20:50:18.635 | warning  |              Op | Fabric packet size 4352 B is suboptimal for transporting 2048 B pages. Configure 6144 B packet size to maximize throughput. (ccl_common.cpp:70)
2026-08-27 20:50:18.636 | warning  |              Op | Fabric packet size 4352 B is suboptimal for transporting 2048 B pages. Configure 6144 B packet size to maximize throughput. (ccl_common.cpp:70)
2026-08-27 20:50:18.638 | warning  |              Op | Fabric packet size 4352 B is suboptimal for transporting 2048 B pages. Configure 6144 B packet size to maximize throughput. (ccl_common.cpp:70)
2026-08-27 20:50:18.639 | warning  |              Op | Fabric packet size 4352 B is suboptimal for transporting 2048 B pages. Configure 6144 B packet size to maximize throughput. (ccl_common.cpp:70)
2026-08-27 20:50:18.640 | warning  |              Op | Fabric packet size 4352 B is suboptimal for transporting 2048 B pages. Configure 6144 B packet size to maximize throughput. (ccl_common.cpp:70)
2026-08-27 20:50:18.641 | warning  |              Op | Fabric packet size 4352 B is suboptimal for transporting 2048 B pages. Configure 6144 B packet size to maximize throughput. (ccl_common.cpp:70)
2026-08-27 20:50:18.643 | warning  |              Op | Fabric packet size 4352 B is suboptimal for transporting 2048 B pages. Configure 6144 B packet size to maximize throughput. (ccl_common.cpp:70)
2026-08-27 20:50:18.644 | warning  |              Op | Fabric packet size 4352 B is suboptimal for transporting 2048 B pages. Configure 6144 B packet size to maximize throughput. (ccl_common.cpp:70)
2026-08-27 20:50:18.645 | warning  |              Op | Fabric packet size 4352 B is suboptimal for transporting 2048 B pages. Configure 6144 B packet size to maximize throughput. (ccl_common.cpp:70)
2026-08-27 20:50:18.647 | warning  |              Op | Fabric packet size 4352 B is suboptimal for transporting 2048 B pages. Configure 6144 B packet size to maximize throughput. (ccl_common.cpp:70)
2026-08-27 20:50:18.648 | warning  |              Op | Fabric packet size 4352 B is suboptimal for transporting 2048 B pages. Configure 6144 B packet size to maximize throughput. (ccl_common.cpp:70)
2026-08-27 20:50:18.650 | warning  |              Op | Fabric packet size 4352 B is suboptimal for transporting 2048 B pages. Configure 6144 B packet size to maximize throughput. (ccl_common.cpp:70)
2026-08-27 20:50:18.652 | warning  |              Op | Fabric packet size 4352 B is suboptimal for transporting 2048 B pages. Configure 6144 B packet size to maximize throughput. (ccl_common.cpp:70)
2026-08-27 20:50:18.653 | warning  |              Op | Fabric packet size 4352 B is suboptimal for transporting 2048 B pages. Configure 6144 B packet size to maximize throughput. (ccl_common.cpp:70)
2026-08-27 20:50:18.655 | warning  |              Op | Fabric packet size 4352 B is suboptimal for transporting 2048 B pages. Configure 6144 B packet size to maximize throughput. (ccl_common.cpp:70)
2026-08-27 20:50:18.656 | warning  |              Op | Fabric packet size 4352 B is suboptimal for transporting 2048 B pages. Configure 6144 B packet size to maximize throughput. (ccl_common.cpp:70)
2026-08-27 20:50:18.657 | warning  |              Op | Fabric packet size 4352 B is suboptimal for transporting 2048 B pages. Configure 6144 B packet size to maximize throughput. (ccl_common.cpp:70)
2026-08-27 20:50:18.659 | warning  |              Op | Fabric packet size 4352 B is suboptimal for transporting 2048 B pages. Configure 6144 B packet size to maximize throughput. (ccl_common.cpp:70)
2026-08-27 20:50:18.660 | warning  |              Op | Fabric packet size 4352 B is suboptimal for transporting 2048 B pages. Configure 6144 B packet size to maximize throughput. (ccl_common.cpp:70)
2026-08-27 20:50:18.661 | warning  |              Op | Fabric packet size 4352 B is suboptimal for transporting 2048 B pages. Configure 6144 B packet size to maximize throughput. (ccl_common.cpp:70)
2026-08-27 20:50:18.663 | warning  |              Op | Fabric packet size 4352 B is suboptimal for transporting 2048 B pages. Configure 6144 B packet size to maximize throughput. (ccl_common.cpp:70)
2026-08-27 20:50:18.664 | warning  |              Op | Fabric packet size 4352 B is suboptimal for transporting 2048 B pages. Configure 6144 B packet size to maximize throughput. (ccl_common.cpp:70)
2026-08-27 20:50:18.666 | warning  |              Op | Fabric packet size 4352 B is suboptimal for transporting 2048 B pages. Configure 6144 B packet size to maximize throughput. (ccl_common.cpp:70)
2026-08-27 20:50:18.667 | warning  |              Op | Fabric packet size 4352 B is suboptimal for transporting 2048 B pages. Configure 6144 B packet size to maximize throughput. (ccl_common.cpp:70)
2026-08-27 20:50:18.668 | warning  |              Op | Fabric packet size 4352 B is suboptimal for transporting 2048 B pages. Configure 6144 B packet size to maximize throughput. (ccl_common.cpp:70)
2026-08-27 20:50:18.669 | warning  |              Op | Fabric packet size 4352 B is suboptimal for transporting 2048 B pages. Configure 6144 B packet size to maximize throughput. (ccl_common.cpp:70)
2026-08-27 20:50:18.671 | warning  |              Op | Fabric packet size 4352 B is suboptimal for transporting 2048 B pages. Configure 6144 B packet size to maximize throughput. (ccl_common.cpp:70)
2026-08-27 20:50:18.672 | warning  |              Op | Fabric packet size 4352 B is suboptimal for transporting 2048 B pages. Configure 6144 B packet size to maximize throughput. (ccl_common.cpp:70)
2026-08-27 20:50:18.673 | warning  |              Op | Fabric packet size 4352 B is suboptimal for transporting 2048 B pages. Configure 6144 B packet size to maximize throughput. (ccl_common.cpp:70)
[full-model] prefill 128 predicted 6049, reference top-5 [6049, 31728, 16073, 65129, 35965], target 6049
2026-08-27 20:50:19.600 | INFO     | models.common.modules.lazy_weight:get_device_weight:120 - [32m[cache hit][0m Loading tensor from cache: model_cache/Qwen/Qwen3-32B/galaxy_8x4/attn/layer0_wqkv_ring_srcshape_5120_10240_dtype_BFLOAT8_B_layout_TILE_memcfg_132592973598257095_mapper_8df08bb751f6_device_0.tensorbin
2026-08-27 20:50:19.641 | INFO     | models.common.modules.lazy_weight:get_device_weight:120 - [32m[cache hit][0m Loading tensor from cache: model_cache/Qwen/Qwen3-32B/galaxy_8x4/attn/layer0_wo_ring_srcshape_8192_5120_dtype_BFLOAT8_B_layout_TILE_memcfg_1036570985684747786_mapper_0bf8bf050070_device_0.tensorbin
2026-08-27 20:50:20.740 | warning  |              Op | The following ttnn.all_gather args are deprecated and will be removed in September-2026: num_links, topology, chunks_per_sync, num_workers_per_link, num_buffers_per_channel, use_l1_small_for_semaphores. (all_gather.cpp:122)
2026-08-27 20:50:20.740 | warning  |              Op | Allocating semaphores in L1, which may fragment L1 and reduce headroom for subsequent op allocations. Configure an L1_SMALL region to mitigate this. (all_gather_multicast_factory.cpp:42)
2026-08-27 20:50:20.743 | warning  |              Op | Fabric packet size 4352 B is suboptimal for transporting 2048 B pages. Configure 6144 B packet size to maximize throughput. (ccl_common.cpp:70)
2026-08-27 20:50:20.747 | warning  |              Op | Fabric packet size 4352 B is suboptimal for transporting 2048 B pages. Configure 6144 B packet size to maximize throughput. (ccl_common.cpp:70)
2026-08-27 20:50:20.748 | warning  |              Op | Fabric packet size 4352 B is suboptimal for transporting 2048 B pages. Configure 6144 B packet size to maximize throughput. (ccl_common.cpp:70)
2026-08-27 20:50:20.749 | warning  |              Op | Fabric packet size 4352 B is suboptimal for transporting 2048 B pages. Configure 6144 B packet size to maximize throughput. (ccl_common.cpp:70)
2026-08-27 20:50:20.749 | warning  |              Op | Fabric packet size 4352 B is suboptimal for transporting 2048 B pages. Configure 6144 B packet size to maximize throughput. (ccl_common.cpp:70)
2026-08-27 20:50:20.750 | warning  |              Op | Fabric packet size 4352 B is suboptimal for transporting 2048 B pages. Configure 6144 B packet size to maximize throughput. (ccl_common.cpp:70)
2026-08-27 20:50:20.751 | warning  |              Op | Fabric packet size 4352 B is suboptimal for transporting 2048 B pages. Configure 6144 B packet size to maximize throughput. (ccl_common.cpp:70)
2026-08-27 20:50:20.751 | warning  |              Op | Fabric packet size 4352 B is suboptimal for transporting 2048 B pages. Configure 6144 B packet size to maximize throughput. (ccl_common.cpp:70)
2026-08-27 20:50:20.752 | warning  |              Op | Fabric packet size 4352 B is suboptimal for transporting 2048 B pages. Configure 6144 B packet size to maximize throughput. (ccl_common.cpp:70)
2026-08-27 20:50:20.752 | warning  |              Op | Fabric packet size 4352 B is suboptimal for transporting 2048 B pages. Configure 6144 B packet size to maximize throughput. (ccl_common.cpp:70)
2026-08-27 20:50:20.753 | warning  |              Op | Fabric packet size 4352 B is suboptimal for transporting 2048 B pages. Configure 6144 B packet size to maximize throughput. (ccl_common.cpp:70)
2026-08-27 20:50:20.754 | warning  |              Op | Fabric packet size 4352 B is suboptimal for transporting 2048 B pages. Configure 6144 B packet size to maximize throughput. (ccl_common.cpp:70)
2026-08-27 20:50:20.754 | warning  |              Op | Fabric packet size 4352 B is suboptimal for transporting 2048 B pages. Configure 6144 B packet size to maximize throughput. (ccl_common.cpp:70)
2026-08-27 20:50:20.755 | warning  |              Op | Fabric packet size 4352 B is suboptimal for transporting 2048 B pages. Configure 6144 B packet size to maximize throughput. (ccl_common.cpp:70)
2026-08-27 20:50:20.755 | warning  |              Op | Fabric packet size 4352 B is suboptimal for transporting 2048 B pages. Configure 6144 B packet size to maximize throughput. (ccl_common.cpp:70)
2026-08-27 20:50:20.756 | warning  |              Op | Fabric packet size 4352 B is suboptimal for transporting 2048 B pages. Configure 6144 B packet size to maximize throughput. (ccl_common.cpp:70)
2026-08-27 20:50:20.757 | warning  |              Op | Fabric packet size 4352 B is suboptimal for transporting 2048 B pages. Configure 6144 B packet size to maximize throughput. (ccl_common.cpp:70)
2026-08-27 20:50:20.757 | warning  |              Op | Fabric packet size 4352 B is suboptimal for transporting 2048 B pages. Configure 6144 B packet size to maximize throughput. (ccl_common.cpp:70)
2026-08-27 20:50:20.758 | warning  |              Op | Fabric packet size 4352 B is suboptimal for transporting 2048 B pages. Configure 6144 B packet size to maximize throughput. (ccl_common.cpp:70)
2026-08-27 20:50:20.759 | warning  |              Op | Fabric packet size 4352 B is suboptimal for transporting 2048 B pages. Configure 6144 B packet size to maximize throughput. (ccl_common.cpp:70)
2026-08-27 20:50:20.759 | warning  |              Op | Fabric packet size 4352 B is suboptimal for transporting 2048 B pages. Configure 6144 B packet size to maximize throughput. (ccl_common.cpp:70)
2026-08-27 20:50:20.760 | warning  |              Op | Fabric packet size 4352 B is suboptimal for transporting 2048 B pages. Configure 6144 B packet size to maximize throughput. (ccl_common.cpp:70)
2026-08-27 20:50:20.760 | warning  |              Op | Fabric packet size 4352 B is suboptimal for transporting 2048 B pages. Configure 6144 B packet size to maximize throughput. (ccl_common.cpp:70)
2026-08-27 20:50:20.761 | warning  |              Op | Fabric packet size 4352 B is suboptimal for transporting 2048 B pages. Configure 6144 B packet size to maximize throughput. (ccl_common.cpp:70)
2026-08-27 20:50:20.761 | warning  |              Op | Fabric packet size 4352 B is suboptimal for transporting 2048 B pages. Configure 6144 B packet size to maximize throughput. (ccl_common.cpp:70)
2026-08-27 20:50:20.762 | warning  |              Op | Fabric packet size 4352 B is suboptimal for transporting 2048 B pages. Configure 6144 B packet size to maximize throughput. (ccl_common.cpp:70)
2026-08-27 20:50:20.762 | warning  |              Op | Fabric packet size 4352 B is suboptimal for transporting 2048 B pages. Configure 6144 B packet size to maximize throughput. (ccl_common.cpp:70)
2026-08-27 20:50:20.763 | warning  |              Op | Fabric packet size 4352 B is suboptimal for transporting 2048 B pages. Configure 6144 B packet size to maximize throughput. (ccl_common.cpp:70)
2026-08-27 20:50:20.764 | warning  |              Op | Fabric packet size 4352 B is suboptimal for transporting 2048 B pages. Configure 6144 B packet size to maximize throughput. (ccl_common.cpp:70)
2026-08-27 20:50:20.764 | warning  |              Op | Fabric packet size 4352 B is suboptimal for transporting 2048 B pages. Configure 6144 B packet size to maximize throughput. (ccl_common.cpp:70)
2026-08-27 20:50:20.765 | warning  |              Op | Fabric packet size 4352 B is suboptimal for transporting 2048 B pages. Configure 6144 B packet size to maximize throughput. (ccl_common.cpp:70)
2026-08-27 20:50:20.765 | warning  |              Op | Fabric packet size 4352 B is suboptimal for transporting 2048 B pages. Configure 6144 B packet size to maximize throughput. (ccl_common.cpp:70)
2026-08-27 20:50:21.889 | warning  |              Op | matmul_multi_core_reuse_mcast_1d_optimized_helper: program_config.allowed_worker_cores not populated; auto-populating from compute_with_storage_grid_size. Callers that bypass ttnn::prim::matmul() (e.g. CCL fused ops) should invoke ttnn::operations::matmul::normalize_program_config() on the program config first. This will become a hard error in a future release. (matmul_multicore_reuse_mcast_1d_program_factory.cpp:5619)
2026-08-27 20:50:21.893 | warning  |              Op | matmul_multi_core_reuse_mcast_1d_optimized_helper: program_config.allowed_worker_cores not populated; auto-populating from compute_with_storage_grid_size. Callers that bypass ttnn::prim::matmul() (e.g. CCL fused ops) should invoke ttnn::operations::matmul::normalize_program_config() on the program config first. This will become a hard error in a future release. (matmul_multicore_reuse_mcast_1d_program_factory.cpp:5619)
2026-08-27 20:50:21.895 | warning  |              Op | matmul_multi_core_reuse_mcast_1d_optimized_helper: program_config.allowed_worker_cores not populated; auto-populating from compute_with_storage_grid_size. Callers that bypass ttnn::prim::matmul() (e.g. CCL fused ops) should invoke ttnn::operations::matmul::normalize_program_config() on the program config first. This will become a hard error in a future release. (matmul_multicore_reuse_mcast_1d_program_factory.cpp:5619)
2026-08-27 20:50:21.897 | warning  |              Op | matmul_multi_core_reuse_mcast_1d_optimized_helper: program_config.allowed_worker_cores not populated; auto-populating from compute_with_storage_grid_size. Callers that bypass ttnn::prim::matmul() (e.g. CCL fused ops) should invoke ttnn::operations::matmul::normalize_program_config() on the program config first. This will become a hard error in a future release. (matmul_multicore_reuse_mcast_1d_program_factory.cpp:5619)
2026-08-27 20:50:21.900 | warning  |              Op | matmul_multi_core_reuse_mcast_1d_optimized_helper: program_config.allowed_worker_cores not populated; auto-populating from compute_with_storage_grid_size. Callers that bypass ttnn::prim::matmul() (e.g. CCL fused ops) should invoke ttnn::operations::matmul::normalize_program_config() on the program config first. This will become a hard error in a future release. (matmul_multicore_reuse_mcast_1d_program_factory.cpp:5619)
2026-08-27 20:50:21.902 | warning  |              Op | matmul_multi_core_reuse_mcast_1d_optimized_helper: program_config.allowed_worker_cores not populated; auto-populating from compute_with_storage_grid_size. Callers that bypass ttnn::prim::matmul() (e.g. CCL fused ops) should invoke ttnn::operations::matmul::normalize_program_config() on the program config first. This will become a hard error in a future release. (matmul_multicore_reuse_mcast_1d_program_factory.cpp:5619)
2026-08-27 20:50:21.905 | warning  |              Op | matmul_multi_core_reuse_mcast_1d_optimized_helper: program_config.allowed_worker_cores not populated; auto-populating from compute_with_storage_grid_size. Callers that bypass ttnn::prim::matmul() (e.g. CCL fused ops) should invoke ttnn::operations::matmul::normalize_program_config() on the program config first. This will become a hard error in a future release. (matmul_multicore_reuse_mcast_1d_program_factory.cpp:5619)
2026-08-27 20:50:21.907 | warning  |              Op | matmul_multi_core_reuse_mcast_1d_optimized_helper: program_config.allowed_worker_cores not populated; auto-populating from compute_with_storage_grid_size. Callers that bypass ttnn::prim::matmul() (e.g. CCL fused ops) should invoke ttnn::operations::matmul::normalize_program_config() on the program config first. This will become a hard error in a future release. (matmul_multicore_reuse_mcast_1d_program_factory.cpp:5619)
2026-08-27 20:50:21.909 | warning  |              Op | matmul_multi_core_reuse_mcast_1d_optimized_helper: program_config.allowed_worker_cores not populated; auto-populating from compute_with_storage_grid_size. Callers that bypass ttnn::prim::matmul() (e.g. CCL fused ops) should invoke ttnn::operations::matmul::normalize_program_config() on the program config first. This will become a hard error in a future release. (matmul_multicore_reuse_mcast_1d_program_factory.cpp:5619)
2026-08-27 20:50:21.912 | warning  |              Op | matmul_multi_core_reuse_mcast_1d_optimized_helper: program_config.allowed_worker_cores not populated; auto-populating from compute_with_storage_grid_size. Callers that bypass ttnn::prim::matmul() (e.g. CCL fused ops) should invoke ttnn::operations::matmul::normalize_program_config() on the program config first. This will become a hard error in a future release. (matmul_multicore_reuse_mcast_1d_program_factory.cpp:5619)
2026-08-27 20:50:21.914 | warning  |              Op | matmul_multi_core_reuse_mcast_1d_optimized_helper: program_config.allowed_worker_cores not populated; auto-populating from compute_with_storage_grid_size. Callers that bypass ttnn::prim::matmul() (e.g. CCL fused ops) should invoke ttnn::operations::matmul::normalize_program_config() on the program config first. This will become a hard error in a future release. (matmul_multicore_reuse_mcast_1d_program_factory.cpp:5619)
2026-08-27 20:50:21.917 | warning  |              Op | matmul_multi_core_reuse_mcast_1d_optimized_helper: program_config.allowed_worker_cores not populated; auto-populating from compute_with_storage_grid_size. Callers that bypass ttnn::prim::matmul() (e.g. CCL fused ops) should invoke ttnn::operations::matmul::normalize_program_config() on the program config first. This will become a hard error in a future release. (matmul_multicore_reuse_mcast_1d_program_factory.cpp:5619)
2026-08-27 20:50:21.919 | warning  |              Op | matmul_multi_core_reuse_mcast_1d_optimized_helper: program_config.allowed_worker_cores not populated; auto-populating from compute_with_storage_grid_size. Callers that bypass ttnn::prim::matmul() (e.g. CCL fused ops) should invoke ttnn::operations::matmul::normalize_program_config() on the program config first. This will become a hard error in a future release. (matmul_multicore_reuse_mcast_1d_program_factory.cpp:5619)
2026-08-27 20:50:21.921 | warning  |              Op | matmul_multi_core_reuse_mcast_1d_optimized_helper: program_config.allowed_worker_cores not populated; auto-populating from compute_with_storage_grid_size. Callers that bypass ttnn::prim::matmul() (e.g. CCL fused ops) should invoke ttnn::operations::matmul::normalize_program_config() on the program config first. This will become a hard error in a future release. (matmul_multicore_reuse_mcast_1d_program_factory.cpp:5619)
2026-08-27 20:50:21.924 | warning  |              Op | matmul_multi_core_reuse_mcast_1d_optimized_helper: program_config.allowed_worker_cores not populated; auto-populating from compute_with_storage_grid_size. Callers that bypass ttnn::prim::matmul() (e.g. CCL fused ops) should invoke ttnn::operations::matmul::normalize_program_config() on the program config first. This will become a hard error in a future release. (matmul_multicore_reuse_mcast_1d_program_factory.cpp:5619)
2026-08-27 20:50:21.926 | warning  |              Op | matmul_multi_core_reuse_mcast_1d_optimized_helper: program_config.allowed_worker_cores not populated; auto-populating from compute_with_storage_grid_size. Callers that bypass ttnn::prim::matmul() (e.g. CCL fused ops) should invoke ttnn::operations::matmul::normalize_program_config() on the program config first. This will become a hard error in a future release. (matmul_multicore_reuse_mcast_1d_program_factory.cpp:5619)
2026-08-27 20:50:21.930 | warning  |              Op | matmul_multi_core_reuse_mcast_1d_optimized_helper: program_config.allowed_worker_cores not populated; auto-populating from compute_with_storage_grid_size. Callers that bypass ttnn::prim::matmul() (e.g. CCL fused ops) should invoke ttnn::operations::matmul::normalize_program_config() on the program config first. This will become a hard error in a future release. (matmul_multicore_reuse_mcast_1d_program_factory.cpp:5619)
2026-08-27 20:50:21.932 | warning  |              Op | matmul_multi_core_reuse_mcast_1d_optimized_helper: program_config.allowed_worker_cores not populated; auto-populating from compute_with_storage_grid_size. Callers that bypass ttnn::prim::matmul() (e.g. CCL fused ops) should invoke ttnn::operations::matmul::normalize_program_config() on the program config first. This will become a hard error in a future release. (matmul_multicore_reuse_mcast_1d_program_factory.cpp:5619)
2026-08-27 20:50:21.935 | warning  |              Op | matmul_multi_core_reuse_mcast_1d_optimized_helper: program_config.allowed_worker_cores not populated; auto-populating from compute_with_storage_grid_size. Callers that bypass ttnn::prim::matmul() (e.g. CCL fused ops) should invoke ttnn::operations::matmul::normalize_program_config() on the program config first. This will become a hard error in a future release. (matmul_multicore_reuse_mcast_1d_program_factory.cpp:5619)
2026-08-27 20:50:21.938 | warning  |              Op | matmul_multi_core_reuse_mcast_1d_optimized_helper: program_config.allowed_worker_cores not populated; auto-populating from compute_with_storage_grid_size. Callers that bypass ttnn::prim::matmul() (e.g. CCL fused ops) should invoke ttnn::operations::matmul::normalize_program_config() on the program config first. This will become a hard error in a future release. (matmul_multicore_reuse_mcast_1d_program_factory.cpp:5619)
2026-08-27 20:50:21.940 | warning  |              Op | matmul_multi_core_reuse_mcast_1d_optimized_helper: program_config.allowed_worker_cores not populated; auto-populating from compute_with_storage_grid_size. Callers that bypass ttnn::prim::matmul() (e.g. CCL fused ops) should invoke ttnn::operations::matmul::normalize_program_config() on the program config first. This will become a hard error in a future release. (matmul_multicore_reuse_mcast_1d_program_factory.cpp:5619)
2026-08-27 20:50:21.942 | warning  |              Op | matmul_multi_core_reuse_mcast_1d_optimized_helper: program_config.allowed_worker_cores not populated; auto-populating from compute_with_storage_grid_size. Callers that bypass ttnn::prim::matmul() (e.g. CCL fused ops) should invoke ttnn::operations::matmul::normalize_program_config() on the program config first. This will become a hard error in a future release. (matmul_multicore_reuse_mcast_1d_program_factory.cpp:5619)
2026-08-27 20:50:21.945 | warning  |              Op | matmul_multi_core_reuse_mcast_1d_optimized_helper: program_config.allowed_worker_cores not populated; auto-populating from compute_with_storage_grid_size. Callers that bypass ttnn::prim::matmul() (e.g. CCL fused ops) should invoke ttnn::operations::matmul::normalize_program_config() on the program config first. This will become a hard error in a future release. (matmul_multicore_reuse_mcast_1d_program_factory.cpp:5619)
2026-08-27 20:50:21.949 | warning  |              Op | matmul_multi_core_reuse_mcast_1d_optimized_helper: program_config.allowed_worker_cores not populated; auto-populating from compute_with_storage_grid_size. Callers that bypass ttnn::prim::matmul() (e.g. CCL fused ops) should invoke ttnn::operations::matmul::normalize_program_config() on the program config first. This will become a hard error in a future release. (matmul_multicore_reuse_mcast_1d_program_factory.cpp:5619)
2026-08-27 20:50:21.952 | warning  |              Op | matmul_multi_core_reuse_mcast_1d_optimized_helper: program_config.allowed_worker_cores not populated; auto-populating from compute_with_storage_grid_size. Callers that bypass ttnn::prim::matmul() (e.g. CCL fused ops) should invoke ttnn::operations::matmul::normalize_program_config() on the program config first. This will become a hard error in a future release. (matmul_multicore_reuse_mcast_1d_program_factory.cpp:5619)
2026-08-27 20:50:21.955 | warning  |              Op | matmul_multi_core_reuse_mcast_1d_optimized_helper: program_config.allowed_worker_cores not populated; auto-populating from compute_with_storage_grid_size. Callers that bypass ttnn::prim::matmul() (e.g. CCL fused ops) should invoke ttnn::operations::matmul::normalize_program_config() on the program config first. This will become a hard error in a future release. (matmul_multicore_reuse_mcast_1d_program_factory.cpp:5619)
2026-08-27 20:50:21.958 | warning  |              Op | matmul_multi_core_reuse_mcast_1d_optimized_helper: program_config.allowed_worker_cores not populated; auto-populating from compute_with_storage_grid_size. Callers that bypass ttnn::prim::matmul() (e.g. CCL fused ops) should invoke ttnn::operations::matmul::normalize_program_config() on the program config first. This will become a hard error in a future release. (matmul_multicore_reuse_mcast_1d_program_factory.cpp:5619)
2026-08-27 20:50:21.962 | warning  |              Op | matmul_multi_core_reuse_mcast_1d_optimized_helper: program_config.allowed_worker_cores not populated; auto-populating from compute_with_storage_grid_size. Callers that bypass ttnn::prim::matmul() (e.g. CCL fused ops) should invoke ttnn::operations::matmul::normalize_program_config() on the program config first. This will become a hard error in a future release. (matmul_multicore_reuse_mcast_1d_program_factory.cpp:5619)
2026-08-27 20:50:21.964 | warning  |              Op | matmul_multi_core_reuse_mcast_1d_optimized_helper: program_config.allowed_worker_cores not populated; auto-populating from compute_with_storage_grid_size. Callers that bypass ttnn::prim::matmul() (e.g. CCL fused ops) should invoke ttnn::operations::matmul::normalize_program_config() on the program config first. This will become a hard error in a future release. (matmul_multicore_reuse_mcast_1d_program_factory.cpp:5619)
2026-08-27 20:50:21.967 | warning  |              Op | matmul_multi_core_reuse_mcast_1d_optimized_helper: program_config.allowed_worker_cores not populated; auto-populating from compute_with_storage_grid_size. Callers that bypass ttnn::prim::matmul() (e.g. CCL fused ops) should invoke ttnn::operations::matmul::normalize_program_config() on the program config first. This will become a hard error in a future release. (matmul_multicore_reuse_mcast_1d_program_factory.cpp:5619)
2026-08-27 20:50:21.971 | warning  |              Op | matmul_multi_core_reuse_mcast_1d_optimized_helper: program_config.allowed_worker_cores not populated; auto-populating from compute_with_storage_grid_size. Callers that bypass ttnn::prim::matmul() (e.g. CCL fused ops) should invoke ttnn::operations::matmul::normalize_program_config() on the program config first. This will become a hard error in a future release. (matmul_multicore_reuse_mcast_1d_program_factory.cpp:5619)
2026-08-27 20:50:21.974 | warning  |              Op | matmul_multi_core_reuse_mcast_1d_optimized_helper: program_config.allowed_worker_cores not populated; auto-populating from compute_with_storage_grid_size. Callers that bypass ttnn::prim::matmul() (e.g. CCL fused ops) should invoke ttnn::operations::matmul::normalize_program_config() on the program config first. This will become a hard error in a future release. (matmul_multicore_reuse_mcast_1d_program_factory.cpp:5619)
2026-08-27 20:50:23.181 | INFO     | models.common.modules.lazy_weight:get_device_weight:120 - [32m[cache hit][0m Loading tensor from cache: model_cache/Qwen/Qwen3-32B/galaxy_8x4/attn/layer1_wqkv_ring_srcshape_5120_10240_dtype_BFLOAT8_B_layout_TILE_memcfg_132592973598257095_mapper_8df08bb751f6_device_0.tensorbin
2026-08-27 20:50:23.221 | INFO     | models.common.modules.lazy_weight:get_device_weight:120 - [32m[cache hit][0m Loading tensor from cache: model_cache/Qwen/Qwen3-32B/galaxy_8x4/attn/layer1_wo_ring_srcshape_8192_5120_dtype_BFLOAT8_B_layout_TILE_memcfg_1036570985684747786_mapper_0bf8bf050070_device_0.tensorbin
2026-08-27 20:50:23.263 | warning  |              Op | The following ttnn.all_gather args are deprecated and will be removed in September-2026: num_links, topology, chunks_per_sync, num_workers_per_link, num_buffers_per_channel, use_l1_small_for_semaphores. (all_gather.cpp:122)
2026-08-27 20:50:23.271 | INFO     | models.common.modules.lazy_weight:get_device_weight:120 - [32m[cache hit][0m Loading tensor from cache: model_cache/Qwen/Qwen3-32B/galaxy_8x4/attn/layer2_wqkv_ring_srcshape_5120_10240_dtype_BFLOAT8_B_layout_TILE_memcfg_132592973598257095_mapper_8df08bb751f6_device_0.tensorbin
2026-08-27 20:50:23.311 | INFO     | models.common.modules.lazy_weight:get_device_weight:120 - [32m[cache hit][0m Loading tensor from cache: model_cache/Qwen/Qwen3-32B/galaxy_8x4/attn/layer2_wo_ring_srcshape_8192_5120_dtype_BFLOAT8_B_layout_TILE_memcfg_1036570985684747786_mapper_0bf8bf050070_device_0.tensorbin
2026-08-27 20:50:23.353 | warning  |              Op | The following ttnn.all_gather args are deprecated and will be removed in September-2026: num_links, topology, chunks_per_sync, num_workers_per_link, num_buffers_per_channel, use_l1_small_for_semaphores. (all_gather.cpp:122)
2026-08-27 20:50:23.361 | INFO     | models.common.modules.lazy_weight:get_device_weight:120 - [32m[cache hit][0m Loading tensor from cache: model_cache/Qwen/Qwen3-32B/galaxy_8x4/attn/layer3_wqkv_ring_srcshape_5120_10240_dtype_BFLOAT8_B_layout_TILE_memcfg_132592973598257095_mapper_8df08bb751f6_device_0.tensorbin
2026-08-27 20:50:23.401 | INFO     | models.common.modules.lazy_weight:get_device_weight:120 - [32m[cache hit][0m Loading tensor from cache: model_cache/Qwen/Qwen3-32B/galaxy_8x4/attn/layer3_wo_ring_srcshape_8192_5120_dtype_BFLOAT8_B_layout_TILE_memcfg_1036570985684747786_mapper_0bf8bf050070_device_0.tensorbin
2026-08-27 20:50:23.443 | warning  |              Op | The following ttnn.all_gather args are deprecated and will be removed in September-2026: num_links, topology, chunks_per_sync, num_workers_per_link, num_buffers_per_channel, use_l1_small_for_semaphores. (all_gather.cpp:122)
2026-08-27 20:50:23.452 | INFO     | models.common.modules.lazy_weight:get_device_weight:120 - [32m[cache hit][0m Loading tensor from cache: model_cache/Qwen/Qwen3-32B/galaxy_8x4/attn/layer4_wqkv_ring_srcshape_5120_10240_dtype_BFLOAT8_B_layout_TILE_memcfg_132592973598257095_mapper_8df08bb751f6_device_0.tensorbin
2026-08-27 20:50:23.492 | INFO     | models.common.modules.lazy_weight:get_device_weight:120 - [32m[cache hit][0m Loading tensor from cache: model_cache/Qwen/Qwen3-32B/galaxy_8x4/attn/layer4_wo_ring_srcshape_8192_5120_dtype_BFLOAT8_B_layout_TILE_memcfg_1036570985684747786_mapper_0bf8bf050070_device_0.tensorbin
2026-08-27 20:50:23.534 | warning  |              Op | The following ttnn.all_gather args are deprecated and will be removed in September-2026: num_links, topology, chunks_per_sync, num_workers_per_link, num_buffers_per_channel, use_l1_small_for_semaphores. (all_gather.cpp:122)
2026-08-27 20:50:23.544 | INFO     | models.common.modules.lazy_weight:get_device_weight:120 - [32m[cache hit][0m Loading tensor from cache: model_cache/Qwen/Qwen3-32B/galaxy_8x4/attn/layer5_wqkv_ring_srcshape_5120_10240_dtype_BFLOAT8_B_layout_TILE_memcfg_132592973598257095_mapper_8df08bb751f6_device_0.tensorbin
2026-08-27 20:50:23.583 | INFO     | models.common.modules.lazy_weight:get_device_weight:120 - [32m[cache hit][0m Loading tensor from cache: model_cache/Qwen/Qwen3-32B/galaxy_8x4/attn/layer5_wo_ring_srcshape_8192_5120_dtype_BFLOAT8_B_layout_TILE_memcfg_1036570985684747786_mapper_0bf8bf050070_device_0.tensorbin
2026-08-27 20:50:23.625 | warning  |              Op | The following ttnn.all_gather args are deprecated and will be removed in September-2026: num_links, topology, chunks_per_sync, num_workers_per_link, num_buffers_per_channel, use_l1_small_for_semaphores. (all_gather.cpp:122)
2026-08-27 20:50:23.633 | INFO     | models.common.modules.lazy_weight:get_device_weight:120 - [32m[cache hit][0m Loading tensor from cache: model_cache/Qwen/Qwen3-32B/galaxy_8x4/attn/layer6_wqkv_ring_srcshape_5120_10240_dtype_BFLOAT8_B_layout_TILE_memcfg_132592973598257095_mapper_8df08bb751f6_device_0.tensorbin
2026-08-27 20:50:23.672 | INFO     | models.common.modules.lazy_weight:get_device_weight:120 - [32m[cache hit][0m Loading tensor from cache: model_cache/Qwen/Qwen3-32B/galaxy_8x4/attn/layer6_wo_ring_srcshape_8192_5120_dtype_BFLOAT8_B_layout_TILE_memcfg_1036570985684747786_mapper_0bf8bf050070_device_0.tensorbin
2026-08-27 20:50:23.714 | warning  |              Op | The following ttnn.all_gather args are deprecated and will be removed in September-2026: num_links, topology, chunks_per_sync, num_workers_per_link, num_buffers_per_channel, use_l1_small_for_semaphores. (all_gather.cpp:122)
2026-08-27 20:50:23.722 | INFO     | models.common.modules.lazy_weight:get_device_weight:120 - [32m[cache hit][0m Loading tensor from cache: model_cache/Qwen/Qwen3-32B/galaxy_8x4/attn/layer7_wqkv_ring_srcshape_5120_10240_dtype_BFLOAT8_B_layout_TILE_memcfg_132592973598257095_mapper_8df08bb751f6_device_0.tensorbin
2026-08-27 20:50:23.761 | INFO     | models.common.modules.lazy_weight:get_device_weight:120 - [32m[cache hit][0m Loading tensor from cache: model_cache/Qwen/Qwen3-32B/galaxy_8x4/attn/layer7_wo_ring_srcshape_8192_5120_dtype_BFLOAT8_B_layout_TILE_memcfg_1036570985684747786_mapper_0bf8bf050070_device_0.tensorbin
2026-08-27 20:50:23.803 | warning  |              Op | The following ttnn.all_gather args are deprecated and will be removed in September-2026: num_links, topology, chunks_per_sync, num_workers_per_link, num_buffers_per_channel, use_l1_small_for_semaphores. (all_gather.cpp:122)
2026-08-27 20:50:23.812 | INFO     | models.common.modules.lazy_weight:get_device_weight:120 - [32m[cache hit][0m Loading tensor from cache: model_cache/Qwen/Qwen3-32B/galaxy_8x4/attn/layer8_wqkv_ring_srcshape_5120_10240_dtype_BFLOAT8_B_layout_TILE_memcfg_132592973598257095_mapper_8df08bb751f6_device_0.tensorbin
2026-08-27 20:50:23.850 | INFO     | models.common.modules.lazy_weight:get_device_weight:120 - [32m[cache hit][0m Loading tensor from cache: model_cache/Qwen/Qwen3-32B/galaxy_8x4/attn/layer8_wo_ring_srcshape_8192_5120_dtype_BFLOAT8_B_layout_TILE_memcfg_1036570985684747786_mapper_0bf8bf050070_device_0.tensorbin
2026-08-27 20:50:23.892 | warning  |              Op | The following ttnn.all_gather args are deprecated and will be removed in September-2026: num_links, topology, chunks_per_sync, num_workers_per_link, num_buffers_per_channel, use_l1_small_for_semaphores. (all_gather.cpp:122)
2026-08-27 20:50:23.901 | INFO     | models.common.modules.lazy_weight:get_device_weight:120 - [32m[cache hit][0m Loading tensor from cache: model_cache/Qwen/Qwen3-32B/galaxy_8x4/attn/layer9_wqkv_ring_srcshape_5120_10240_dtype_BFLOAT8_B_layout_TILE_memcfg_132592973598257095_mapper_8df08bb751f6_device_0.tensorbin
2026-08-27 20:50:23.940 | INFO     | models.common.modules.lazy_weight:get_device_weight:120 - [32m[cache hit][0m Loading tensor from cache: model_cache/Qwen/Qwen3-32B/galaxy_8x4/attn/layer9_wo_ring_srcshape_8192_5120_dtype_BFLOAT8_B_layout_TILE_memcfg_1036570985684747786_mapper_0bf8bf050070_device_0.tensorbin
2026-08-27 20:50:23.983 | warning  |              Op | The following ttnn.all_gather args are deprecated and will be removed in September-2026: num_links, topology, chunks_per_sync, num_workers_per_link, num_buffers_per_channel, use_l1_small_for_semaphores. (all_gather.cpp:122)
2026-08-27 20:50:23.991 | INFO     | models.common.modules.lazy_weight:get_device_weight:120 - [32m[cache hit][0m Loading tensor from cache: model_cache/Qwen/Qwen3-32B/galaxy_8x4/attn/layer10_wqkv_ring_srcshape_5120_10240_dtype_BFLOAT8_B_layout_TILE_memcfg_132592973598257095_mapper_8df08bb751f6_device_0.tensorbin
2026-08-27 20:50:24.031 | INFO     | models.common.modules.lazy_weight:get_device_weight:120 - [32m[cache hit][0m Loading tensor from cache: model_cache/Qwen/Qwen3-32B/galaxy_8x4/attn/layer10_wo_ring_srcshape_8192_5120_dtype_BFLOAT8_B_layout_TILE_memcfg_1036570985684747786_mapper_0bf8bf050070_device_0.tensorbin
2026-08-27 20:50:24.075 | warning  |              Op | The following ttnn.all_gather args are deprecated and will be removed in September-2026: num_links, topology, chunks_per_sync, num_workers_per_link, num_buffers_per_channel, use_l1_small_for_semaphores. (all_gather.cpp:122)
2026-08-27 20:50:24.083 | INFO     | models.common.modules.lazy_weight:get_device_weight:120 - [32m[cache hit][0m Loading tensor from cache: model_cache/Qwen/Qwen3-32B/galaxy_8x4/attn/layer11_wqkv_ring_srcshape_5120_10240_dtype_BFLOAT8_B_layout_TILE_memcfg_132592973598257095_mapper_8df08bb751f6_device_0.tensorbin
2026-08-27 20:50:24.123 | INFO     | models.common.modules.lazy_weight:get_device_weight:120 - [32m[cache hit][0m Loading tensor from cache: model_cache/Qwen/Qwen3-32B/galaxy_8x4/attn/layer11_wo_ring_srcshape_8192_5120_dtype_BFLOAT8_B_layout_TILE_memcfg_1036570985684747786_mapper_0bf8bf050070_device_0.tensorbin
2026-08-27 20:50:24.166 | warning  |              Op | The following ttnn.all_gather args are deprecated and will be removed in September-2026: num_links, topology, chunks_per_sync, num_workers_per_link, num_buffers_per_channel, use_l1_small_for_semaphores. (all_gather.cpp:122)
2026-08-27 20:50:24.174 | INFO     | models.common.modules.lazy_weight:get_device_weight:120 - [32m[cache hit][0m Loading tensor from cache: model_cache/Qwen/Qwen3-32B/galaxy_8x4/attn/layer12_wqkv_ring_srcshape_5120_10240_dtype_BFLOAT8_B_layout_TILE_memcfg_132592973598257095_mapper_8df08bb751f6_device_0.tensorbin
2026-08-27 20:50:24.217 | INFO     | models.common.modules.lazy_weight:get_device_weight:120 - [32m[cache hit][0m Loading tensor from cache: model_cache/Qwen/Qwen3-32B/galaxy_8x4/attn/layer12_wo_ring_srcshape_8192_5120_dtype_BFLOAT8_B_layout_TILE_memcfg_1036570985684747786_mapper_0bf8bf050070_device_0.tensorbin
2026-08-27 20:50:24.259 | warning  |              Op | The following ttnn.all_gather args are deprecated and will be removed in September-2026: num_links, topology, chunks_per_sync, num_workers_per_link, num_buffers_per_channel, use_l1_small_for_semaphores. (all_gather.cpp:122)
2026-08-27 20:50:24.267 | INFO     | models.common.modules.lazy_weight:get_device_weight:120 - [32m[cache hit][0m Loading tensor from cache: model_cache/Qwen/Qwen3-32B/galaxy_8x4/attn/layer13_wqkv_ring_srcshape_5120_10240_dtype_BFLOAT8_B_layout_TILE_memcfg_132592973598257095_mapper_8df08bb751f6_device_0.tensorbin
2026-08-27 20:50:24.306 | INFO     | models.common.modules.lazy_weight:get_device_weight:120 - [32m[cache hit][0m Loading tensor from cache: model_cache/Qwen/Qwen3-32B/galaxy_8x4/attn/layer13_wo_ring_srcshape_8192_5120_dtype_BFLOAT8_B_layout_TILE_memcfg_1036570985684747786_mapper_0bf8bf050070_device_0.tensorbin
2026-08-27 20:50:24.349 | warning  |              Op | The following ttnn.all_gather args are deprecated and will be removed in September-2026: num_links, topology, chunks_per_sync, num_workers_per_link, num_buffers_per_channel, use_l1_small_for_semaphores. (all_gather.cpp:122)
2026-08-27 20:50:24.357 | INFO     | models.common.modules.lazy_weight:get_device_weight:120 - [32m[cache hit][0m Loading tensor from cache: model_cache/Qwen/Qwen3-32B/galaxy_8x4/attn/layer14_wqkv_ring_srcshape_5120_10240_dtype_BFLOAT8_B_layout_TILE_memcfg_132592973598257095_mapper_8df08bb751f6_device_0.tensorbin
2026-08-27 20:50:24.397 | INFO     | models.common.modules.lazy_weight:get_device_weight:120 - [32m[cache hit][0m Loading tensor from cache: model_cache/Qwen/Qwen3-32B/galaxy_8x4/attn/layer14_wo_ring_srcshape_8192_5120_dtype_BFLOAT8_B_layout_TILE_memcfg_1036570985684747786_mapper_0bf8bf050070_device_0.tensorbin
2026-08-27 20:50:24.439 | warning  |              Op | The following ttnn.all_gather args are deprecated and will be removed in September-2026: num_links, topology, chunks_per_sync, num_workers_per_link, num_buffers_per_channel, use_l1_small_for_semaphores. (all_gather.cpp:122)
2026-08-27 20:50:24.447 | INFO     | models.common.modules.lazy_weight:get_device_weight:120 - [32m[cache hit][0m Loading tensor from cache: model_cache/Qwen/Qwen3-32B/galaxy_8x4/attn/layer15_wqkv_ring_srcshape_5120_10240_dtype_BFLOAT8_B_layout_TILE_memcfg_132592973598257095_mapper_8df08bb751f6_device_0.tensorbin
2026-08-27 20:50:24.486 | INFO     | models.common.modules.lazy_weight:get_device_weight:120 - [32m[cache hit][0m Loading tensor from cache: model_cache/Qwen/Qwen3-32B/galaxy_8x4/attn/layer15_wo_ring_srcshape_8192_5120_dtype_BFLOAT8_B_layout_TILE_memcfg_1036570985684747786_mapper_0bf8bf050070_device_0.tensorbin
2026-08-27 20:50:24.528 | warning  |              Op | The following ttnn.all_gather args are deprecated and will be removed in September-2026: num_links, topology, chunks_per_sync, num_workers_per_link, num_buffers_per_channel, use_l1_small_for_semaphores. (all_gather.cpp:122)
2026-08-27 20:50:24.540 | INFO     | models.common.modules.lazy_weight:get_device_weight:120 - [32m[cache hit][0m Loading tensor from cache: model_cache/Qwen/Qwen3-32B/galaxy_8x4/attn/layer16_wqkv_ring_srcshape_5120_10240_dtype_BFLOAT8_B_layout_TILE_memcfg_132592973598257095_mapper_8df08bb751f6_device_0.tensorbin
2026-08-27 20:50:24.580 | INFO     | models.common.modules.lazy_weight:get_device_weight:120 - [32m[cache hit][0m Loading tensor from cache: model_cache/Qwen/Qwen3-32B/galaxy_8x4/attn/layer16_wo_ring_srcshape_8192_5120_dtype_BFLOAT8_B_layout_TILE_memcfg_1036570985684747786_mapper_0bf8bf050070_device_0.tensorbin
2026-08-27 20:50:24.622 | warning  |              Op | The following ttnn.all_gather args are deprecated and will be removed in September-2026: num_links, topology, chunks_per_sync, num_workers_per_link, num_buffers_per_channel, use_l1_small_for_semaphores. (all_gather.cpp:122)
2026-08-27 20:50:24.630 | INFO     | models.common.modules.lazy_weight:get_device_weight:120 - [32m[cache hit][0m Loading tensor from cache: model_cache/Qwen/Qwen3-32B/galaxy_8x4/attn/layer17_wqkv_ring_srcshape_5120_10240_dtype_BFLOAT8_B_layout_TILE_memcfg_132592973598257095_mapper_8df08bb751f6_device_0.tensorbin
2026-08-27 20:50:24.671 | INFO     | models.common.modules.lazy_weight:get_device_weight:120 - [32m[cache hit][0m Loading tensor from cache: model_cache/Qwen/Qwen3-32B/galaxy_8x4/attn/layer17_wo_ring_srcshape_8192_5120_dtype_BFLOAT8_B_layout_TILE_memcfg_1036570985684747786_mapper_0bf8bf050070_device_0.tensorbin
2026-08-27 20:50:24.714 | warning  |              Op | The following ttnn.all_gather args are deprecated and will be removed in September-2026: num_links, topology, chunks_per_sync, num_workers_per_link, num_buffers_per_channel, use_l1_small_for_semaphores. (all_gather.cpp:122)
2026-08-27 20:50:24.722 | INFO     | models.common.modules.lazy_weight:get_device_weight:120 - [32m[cache hit][0m Loading tensor from cache: model_cache/Qwen/Qwen3-32B/galaxy_8x4/attn/layer18_wqkv_ring_srcshape_5120_10240_dtype_BFLOAT8_B_layout_TILE_memcfg_132592973598257095_mapper_8df08bb751f6_device_0.tensorbin
2026-08-27 20:50:24.762 | INFO     | models.common.modules.lazy_weight:get_device_weight:120 - [32m[cache hit][0m Loading tensor from cache: model_cache/Qwen/Qwen3-32B/galaxy_8x4/attn/layer18_wo_ring_srcshape_8192_5120_dtype_BFLOAT8_B_layout_TILE_memcfg_1036570985684747786_mapper_0bf8bf050070_device_0.tensorbin
2026-08-27 20:50:24.804 | warning  |              Op | The following ttnn.all_gather args are deprecated and will be removed in September-2026: num_links, topology, chunks_per_sync, num_workers_per_link, num_buffers_per_channel, use_l1_small_for_semaphores. (all_gather.cpp:122)
2026-08-27 20:50:24.812 | INFO     | models.common.modules.lazy_weight:get_device_weight:120 - [32m[cache hit][0m Loading tensor from cache: model_cache/Qwen/Qwen3-32B/galaxy_8x4/attn/layer19_wqkv_ring_srcshape_5120_10240_dtype_BFLOAT8_B_layout_TILE_memcfg_132592973598257095_mapper_8df08bb751f6_device_0.tensorbin
2026-08-27 20:50:24.851 | INFO     | models.common.modules.lazy_weight:get_device_weight:120 - [32m[cache hit][0m Loading tensor from cache: model_cache/Qwen/Qwen3-32B/galaxy_8x4/attn/layer19_wo_ring_srcshape_8192_5120_dtype_BFLOAT8_B_layout_TILE_memcfg_1036570985684747786_mapper_0bf8bf050070_device_0.tensorbin
2026-08-27 20:50:24.893 | warning  |              Op | The following ttnn.all_gather args are deprecated and will be removed in September-2026: num_links, topology, chunks_per_sync, num_workers_per_link, num_buffers_per_channel, use_l1_small_for_semaphores. (all_gather.cpp:122)
2026-08-27 20:50:24.901 | INFO     | models.common.modules.lazy_weight:get_device_weight:120 - [32m[cache hit][0m Loading tensor from cache: model_cache/Qwen/Qwen3-32B/galaxy_8x4/attn/layer20_wqkv_ring_srcshape_5120_10240_dtype_BFLOAT8_B_layout_TILE_memcfg_132592973598257095_mapper_8df08bb751f6_device_0.tensorbin
2026-08-27 20:50:24.941 | INFO     | models.common.modules.lazy_weight:get_device_weight:120 - [32m[cache hit][0m Loading tensor from cache: model_cache/Qwen/Qwen3-32B/galaxy_8x4/attn/layer20_wo_ring_srcshape_8192_5120_dtype_BFLOAT8_B_layout_TILE_memcfg_1036570985684747786_mapper_0bf8bf050070_device_0.tensorbin
2026-08-27 20:50:24.984 | warning  |              Op | The following ttnn.all_gather args are deprecated and will be removed in September-2026: num_links, topology, chunks_per_sync, num_workers_per_link, num_buffers_per_channel, use_l1_small_for_semaphores. (all_gather.cpp:122)
2026-08-27 20:50:24.994 | INFO     | models.common.modules.lazy_weight:get_device_weight:120 - [32m[cache hit][0m Loading tensor from cache: model_cache/Qwen/Qwen3-32B/galaxy_8x4/attn/layer21_wqkv_ring_srcshape_5120_10240_dtype_BFLOAT8_B_layout_TILE_memcfg_132592973598257095_mapper_8df08bb751f6_device_0.tensorbin
2026-08-27 20:50:25.035 | INFO     | models.common.modules.lazy_weight:get_device_weight:120 - [32m[cache hit][0m Loading tensor from cache: model_cache/Qwen/Qwen3-32B/galaxy_8x4/attn/layer21_wo_ring_srcshape_8192_5120_dtype_BFLOAT8_B_layout_TILE_memcfg_1036570985684747786_mapper_0bf8bf050070_device_0.tensorbin
2026-08-27 20:50:25.077 | warning  |              Op | The following ttnn.all_gather args are deprecated and will be removed in September-2026: num_links, topology, chunks_per_sync, num_workers_per_link, num_buffers_per_channel, use_l1_small_for_semaphores. (all_gather.cpp:122)
2026-08-27 20:50:25.085 | INFO     | models.common.modules.lazy_weight:get_device_weight:120 - [32m[cache hit][0m Loading tensor from cache: model_cache/Qwen/Qwen3-32B/galaxy_8x4/attn/layer22_wqkv_ring_srcshape_5120_10240_dtype_BFLOAT8_B_layout_TILE_memcfg_132592973598257095_mapper_8df08bb751f6_device_0.tensorbin
2026-08-27 20:50:25.124 | INFO     | models.common.modules.lazy_weight:get_device_weight:120 - [32m[cache hit][0m Loading tensor from cache: model_cache/Qwen/Qwen3-32B/galaxy_8x4/attn/layer22_wo_ring_srcshape_8192_5120_dtype_BFLOAT8_B_layout_TILE_memcfg_1036570985684747786_mapper_0bf8bf050070_device_0.tensorbin
2026-08-27 20:50:25.166 | warning  |              Op | The following ttnn.all_gather args are deprecated and will be removed in September-2026: num_links, topology, chunks_per_sync, num_workers_per_link, num_buffers_per_channel, use_l1_small_for_semaphores. (all_gather.cpp:122)
2026-08-27 20:50:25.174 | INFO     | models.common.modules.lazy_weight:get_device_weight:120 - [32m[cache hit][0m Loading tensor from cache: model_cache/Qwen/Qwen3-32B/galaxy_8x4/attn/layer23_wqkv_ring_srcshape_5120_10240_dtype_BFLOAT8_B_layout_TILE_memcfg_132592973598257095_mapper_8df08bb751f6_device_0.tensorbin
2026-08-27 20:50:25.216 | INFO     | models.common.modules.lazy_weight:get_device_weight:120 - [32m[cache hit][0m Loading tensor from cache: model_cache/Qwen/Qwen3-32B/galaxy_8x4/attn/layer23_wo_ring_srcshape_8192_5120_dtype_BFLOAT8_B_layout_TILE_memcfg_1036570985684747786_mapper_0bf8bf050070_device_0.tensorbin
2026-08-27 20:50:25.260 | warning  |              Op | The following ttnn.all_gather args are deprecated and will be removed in September-2026: num_links, topology, chunks_per_sync, num_workers_per_link, num_buffers_per_channel, use_l1_small_for_semaphores. (all_gather.cpp:122)
2026-08-27 20:50:25.268 | INFO     | models.common.modules.lazy_weight:get_device_weight:120 - [32m[cache hit][0m Loading tensor from cache: model_cache/Qwen/Qwen3-32B/galaxy_8x4/attn/layer24_wqkv_ring_srcshape_5120_10240_dtype_BFLOAT8_B_layout_TILE_memcfg_132592973598257095_mapper_8df08bb751f6_device_0.tensorbin
2026-08-27 20:50:25.308 | INFO     | models.common.modules.lazy_weight:get_device_weight:120 - [32m[cache hit][0m Loading tensor from cache: model_cache/Qwen/Qwen3-32B/galaxy_8x4/attn/layer24_wo_ring_srcshape_8192_5120_dtype_BFLOAT8_B_layout_TILE_memcfg_1036570985684747786_mapper_0bf8bf050070_device_0.tensorbin
2026-08-27 20:50:25.351 | warning  |              Op | The following ttnn.all_gather args are deprecated and will be removed in September-2026: num_links, topology, chunks_per_sync, num_workers_per_link, num_buffers_per_channel, use_l1_small_for_semaphores. (all_gather.cpp:122)
2026-08-27 20:50:25.359 | INFO     | models.common.modules.lazy_weight:get_device_weight:120 - [32m[cache hit][0m Loading tensor from cache: model_cache/Qwen/Qwen3-32B/galaxy_8x4/attn/layer25_wqkv_ring_srcshape_5120_10240_dtype_BFLOAT8_B_layout_TILE_memcfg_132592973598257095_mapper_8df08bb751f6_device_0.tensorbin
2026-08-27 20:50:25.399 | INFO     | models.common.modules.lazy_weight:get_device_weight:120 - [32m[cache hit][0m Loading tensor from cache: model_cache/Qwen/Qwen3-32B/galaxy_8x4/attn/layer25_wo_ring_srcshape_8192_5120_dtype_BFLOAT8_B_layout_TILE_memcfg_1036570985684747786_mapper_0bf8bf050070_device_0.tensorbin
2026-08-27 20:50:25.442 | warning  |              Op | The following ttnn.all_gather args are deprecated and will be removed in September-2026: num_links, topology, chunks_per_sync, num_workers_per_link, num_buffers_per_channel, use_l1_small_for_semaphores. (all_gather.cpp:122)
2026-08-27 20:50:25.451 | INFO     | models.common.modules.lazy_weight:get_device_weight:120 - [32m[cache hit][0m Loading tensor from cache: model_cache/Qwen/Qwen3-32B/galaxy_8x4/attn/layer26_wqkv_ring_srcshape_5120_10240_dtype_BFLOAT8_B_layout_TILE_memcfg_132592973598257095_mapper_8df08bb751f6_device_0.tensorbin
2026-08-27 20:50:25.492 | INFO     | models.common.modules.lazy_weight:get_device_weight:120 - [32m[cache hit][0m Loading tensor from cache: model_cache/Qwen/Qwen3-32B/galaxy_8x4/attn/layer26_wo_ring_srcshape_8192_5120_dtype_BFLOAT8_B_layout_TILE_memcfg_1036570985684747786_mapper_0bf8bf050070_device_0.tensorbin
2026-08-27 20:50:25.536 | warning  |              Op | The following ttnn.all_gather args are deprecated and will be removed in September-2026: num_links, topology, chunks_per_sync, num_workers_per_link, num_buffers_per_channel, use_l1_small_for_semaphores. (all_gather.cpp:122)
2026-08-27 20:50:25.544 | INFO     | models.common.modules.lazy_weight:get_device_weight:120 - [32m[cache hit][0m Loading tensor from cache: model_cache/Qwen/Qwen3-32B/galaxy_8x4/attn/layer27_wqkv_ring_srcshape_5120_10240_dtype_BFLOAT8_B_layout_TILE_memcfg_132592973598257095_mapper_8df08bb751f6_device_0.tensorbin
2026-08-27 20:50:25.584 | INFO     | models.common.modules.lazy_weight:get_device_weight:120 - [32m[cache hit][0m Loading tensor from cache: model_cache/Qwen/Qwen3-32B/galaxy_8x4/attn/layer27_wo_ring_srcshape_8192_5120_dtype_BFLOAT8_B_layout_TILE_memcfg_1036570985684747786_mapper_0bf8bf050070_device_0.tensorbin
2026-08-27 20:50:25.627 | warning  |              Op | The following ttnn.all_gather args are deprecated and will be removed in September-2026: num_links, topology, chunks_per_sync, num_workers_per_link, num_buffers_per_channel, use_l1_small_for_semaphores. (all_gather.cpp:122)
2026-08-27 20:50:25.635 | INFO     | models.common.modules.lazy_weight:get_device_weight:120 - [32m[cache hit][0m Loading tensor from cache: model_cache/Qwen/Qwen3-32B/galaxy_8x4/attn/layer28_wqkv_ring_srcshape_5120_10240_dtype_BFLOAT8_B_layout_TILE_memcfg_132592973598257095_mapper_8df08bb751f6_device_0.tensorbin
2026-08-27 20:50:25.675 | INFO     | models.common.modules.lazy_weight:get_device_weight:120 - [32m[cache hit][0m Loading tensor from cache: model_cache/Qwen/Qwen3-32B/galaxy_8x4/attn/layer28_wo_ring_srcshape_8192_5120_dtype_BFLOAT8_B_layout_TILE_memcfg_1036570985684747786_mapper_0bf8bf050070_device_0.tensorbin
2026-08-27 20:50:25.718 | warning  |              Op | The following ttnn.all_gather args are deprecated and will be removed in September-2026: num_links, topology, chunks_per_sync, num_workers_per_link, num_buffers_per_channel, use_l1_small_for_semaphores. (all_gather.cpp:122)
2026-08-27 20:50:25.726 | INFO     | models.common.modules.lazy_weight:get_device_weight:120 - [32m[cache hit][0m Loading tensor from cache: model_cache/Qwen/Qwen3-32B/galaxy_8x4/attn/layer29_wqkv_ring_srcshape_5120_10240_dtype_BFLOAT8_B_layout_TILE_memcfg_132592973598257095_mapper_8df08bb751f6_device_0.tensorbin
2026-08-27 20:50:25.765 | INFO     | models.common.modules.lazy_weight:get_device_weight:120 - [32m[cache hit][0m Loading tensor from cache: model_cache/Qwen/Qwen3-32B/galaxy_8x4/attn/layer29_wo_ring_srcshape_8192_5120_dtype_BFLOAT8_B_layout_TILE_memcfg_1036570985684747786_mapper_0bf8bf050070_device_0.tensorbin
2026-08-27 20:50:25.807 | warning  |              Op | The following ttnn.all_gather args are deprecated and will be removed in September-2026: num_links, topology, chunks_per_sync, num_workers_per_link, num_buffers_per_channel, use_l1_small_for_semaphores. (all_gather.cpp:122)
2026-08-27 20:50:25.815 | INFO     | models.common.modules.lazy_weight:get_device_weight:120 - [32m[cache hit][0m Loading tensor from cache: model_cache/Qwen/Qwen3-32B/galaxy_8x4/attn/layer30_wqkv_ring_srcshape_5120_10240_dtype_BFLOAT8_B_layout_TILE_memcfg_132592973598257095_mapper_8df08bb751f6_device_0.tensorbin
2026-08-27 20:50:25.855 | INFO     | models.common.modules.lazy_weight:get_device_weight:120 - [32m[cache hit][0m Loading tensor from cache: model_cache/Qwen/Qwen3-32B/galaxy_8x4/attn/layer30_wo_ring_srcshape_8192_5120_dtype_BFLOAT8_B_layout_TILE_memcfg_1036570985684747786_mapper_0bf8bf050070_device_0.tensorbin
2026-08-27 20:50:25.897 | warning  |              Op | The following ttnn.all_gather args are deprecated and will be removed in September-2026: num_links, topology, chunks_per_sync, num_workers_per_link, num_buffers_per_channel, use_l1_small_for_semaphores. (all_gather.cpp:122)
2026-08-27 20:50:25.905 | INFO     | models.common.modules.lazy_weight:get_device_weight:120 - [32m[cache hit][0m Loading tensor from cache: model_cache/Qwen/Qwen3-32B/galaxy_8x4/attn/layer31_wqkv_ring_srcshape_5120_10240_dtype_BFLOAT8_B_layout_TILE_memcfg_132592973598257095_mapper_8df08bb751f6_device_0.tensorbin
2026-08-27 20:50:25.944 | INFO     | models.common.modules.lazy_weight:get_device_weight:120 - [32m[cache hit][0m Loading tensor from cache: model_cache/Qwen/Qwen3-32B/galaxy_8x4/attn/layer31_wo_ring_srcshape_8192_5120_dtype_BFLOAT8_B_layout_TILE_memcfg_1036570985684747786_mapper_0bf8bf050070_device_0.tensorbin
2026-08-27 20:50:25.987 | warning  |              Op | The following ttnn.all_gather args are deprecated and will be removed in September-2026: num_links, topology, chunks_per_sync, num_workers_per_link, num_buffers_per_channel, use_l1_small_for_semaphores. (all_gather.cpp:122)
2026-08-27 20:50:25.995 | INFO     | models.common.modules.lazy_weight:get_device_weight:120 - [32m[cache hit][0m Loading tensor from cache: model_cache/Qwen/Qwen3-32B/galaxy_8x4/attn/layer32_wqkv_ring_srcshape_5120_10240_dtype_BFLOAT8_B_layout_TILE_memcfg_132592973598257095_mapper_8df08bb751f6_device_0.tensorbin
2026-08-27 20:50:26.034 | INFO     | models.common.modules.lazy_weight:get_device_weight:120 - [32m[cache hit][0m Loading tensor from cache: model_cache/Qwen/Qwen3-32B/galaxy_8x4/attn/layer32_wo_ring_srcshape_8192_5120_dtype_BFLOAT8_B_layout_TILE_memcfg_1036570985684747786_mapper_0bf8bf050070_device_0.tensorbin
2026-08-27 20:50:26.076 | warning  |              Op | The following ttnn.all_gather args are deprecated and will be removed in September-2026: num_links, topology, chunks_per_sync, num_workers_per_link, num_buffers_per_channel, use_l1_small_for_semaphores. (all_gather.cpp:122)
2026-08-27 20:50:26.084 | INFO     | models.common.modules.lazy_weight:get_device_weight:120 - [32m[cache hit][0m Loading tensor from cache: model_cache/Qwen/Qwen3-32B/galaxy_8x4/attn/layer33_wqkv_ring_srcshape_5120_10240_dtype_BFLOAT8_B_layout_TILE_memcfg_132592973598257095_mapper_8df08bb751f6_device_0.tensorbin
2026-08-27 20:50:26.124 | INFO     | models.common.modules.lazy_weight:get_device_weight:120 - [32m[cache hit][0m Loading tensor from cache: model_cache/Qwen/Qwen3-32B/galaxy_8x4/attn/layer33_wo_ring_srcshape_8192_5120_dtype_BFLOAT8_B_layout_TILE_memcfg_1036570985684747786_mapper_0bf8bf050070_device_0.tensorbin
2026-08-27 20:50:26.166 | warning  |              Op | The following ttnn.all_gather args are deprecated and will be removed in September-2026: num_links, topology, chunks_per_sync, num_workers_per_link, num_buffers_per_channel, use_l1_small_for_semaphores. (all_gather.cpp:122)
2026-08-27 20:50:26.174 | INFO     | models.common.modules.lazy_weight:get_device_weight:120 - [32m[cache hit][0m Loading tensor from cache: model_cache/Qwen/Qwen3-32B/galaxy_8x4/attn/layer34_wqkv_ring_srcshape_5120_10240_dtype_BFLOAT8_B_layout_TILE_memcfg_132592973598257095_mapper_8df08bb751f6_device_0.tensorbin
2026-08-27 20:50:26.213 | INFO     | models.common.modules.lazy_weight:get_device_weight:120 - [32m[cache hit][0m Loading tensor from cache: model_cache/Qwen/Qwen3-32B/galaxy_8x4/attn/layer34_wo_ring_srcshape_8192_5120_dtype_BFLOAT8_B_layout_TILE_memcfg_1036570985684747786_mapper_0bf8bf050070_device_0.tensorbin
2026-08-27 20:50:26.257 | warning  |              Op | The following ttnn.all_gather args are deprecated and will be removed in September-2026: num_links, topology, chunks_per_sync, num_workers_per_link, num_buffers_per_channel, use_l1_small_for_semaphores. (all_gather.cpp:122)
2026-08-27 20:50:26.266 | INFO     | models.common.modules.lazy_weight:get_device_weight:120 - [32m[cache hit][0m Loading tensor from cache: model_cache/Qwen/Qwen3-32B/galaxy_8x4/attn/layer35_wqkv_ring_srcshape_5120_10240_dtype_BFLOAT8_B_layout_TILE_memcfg_132592973598257095_mapper_8df08bb751f6_device_0.tensorbin
2026-08-27 20:50:26.305 | INFO     | models.common.modules.lazy_weight:get_device_weight:120 - [32m[cache hit][0m Loading tensor from cache: model_cache/Qwen/Qwen3-32B/galaxy_8x4/attn/layer35_wo_ring_srcshape_8192_5120_dtype_BFLOAT8_B_layout_TILE_memcfg_1036570985684747786_mapper_0bf8bf050070_device_0.tensorbin
2026-08-27 20:50:26.347 | warning  |              Op | The following ttnn.all_gather args are deprecated and will be removed in September-2026: num_links, topology, chunks_per_sync, num_workers_per_link, num_buffers_per_channel, use_l1_small_for_semaphores. (all_gather.cpp:122)
2026-08-27 20:50:26.355 | INFO     | models.common.modules.lazy_weight:get_device_weight:120 - [32m[cache hit][0m Loading tensor from cache: model_cache/Qwen/Qwen3-32B/galaxy_8x4/attn/layer36_wqkv_ring_srcshape_5120_10240_dtype_BFLOAT8_B_layout_TILE_memcfg_132592973598257095_mapper_8df08bb751f6_device_0.tensorbin
2026-08-27 20:50:26.395 | INFO     | models.common.modules.lazy_weight:get_device_weight:120 - [32m[cache hit][0m Loading tensor from cache: model_cache/Qwen/Qwen3-32B/galaxy_8x4/attn/layer36_wo_ring_srcshape_8192_5120_dtype_BFLOAT8_B_layout_TILE_memcfg_1036570985684747786_mapper_0bf8bf050070_device_0.tensorbin
2026-08-27 20:50:26.438 | warning  |              Op | The following ttnn.all_gather args are deprecated and will be removed in September-2026: num_links, topology, chunks_per_sync, num_workers_per_link, num_buffers_per_channel, use_l1_small_for_semaphores. (all_gather.cpp:122)
2026-08-27 20:50:26.447 | INFO     | models.common.modules.lazy_weight:get_device_weight:120 - [32m[cache hit][0m Loading tensor from cache: model_cache/Qwen/Qwen3-32B/galaxy_8x4/attn/layer37_wqkv_ring_srcshape_5120_10240_dtype_BFLOAT8_B_layout_TILE_memcfg_132592973598257095_mapper_8df08bb751f6_device_0.tensorbin
2026-08-27 20:50:26.489 | INFO     | models.common.modules.lazy_weight:get_device_weight:120 - [32m[cache hit][0m Loading tensor from cache: model_cache/Qwen/Qwen3-32B/galaxy_8x4/attn/layer37_wo_ring_srcshape_8192_5120_dtype_BFLOAT8_B_layout_TILE_memcfg_1036570985684747786_mapper_0bf8bf050070_device_0.tensorbin
2026-08-27 20:50:26.533 | warning  |              Op | The following ttnn.all_gather args are deprecated and will be removed in September-2026: num_links, topology, chunks_per_sync, num_workers_per_link, num_buffers_per_channel, use_l1_small_for_semaphores. (all_gather.cpp:122)
2026-08-27 20:50:26.541 | INFO     | models.common.modules.lazy_weight:get_device_weight:120 - [32m[cache hit][0m Loading tensor from cache: model_cache/Qwen/Qwen3-32B/galaxy_8x4/attn/layer38_wqkv_ring_srcshape_5120_10240_dtype_BFLOAT8_B_layout_TILE_memcfg_132592973598257095_mapper_8df08bb751f6_device_0.tensorbin
2026-08-27 20:50:26.581 | INFO     | models.common.modules.lazy_weight:get_device_weight:120 - [32m[cache hit][0m Loading tensor from cache: model_cache/Qwen/Qwen3-32B/galaxy_8x4/attn/layer38_wo_ring_srcshape_8192_5120_dtype_BFLOAT8_B_layout_TILE_memcfg_1036570985684747786_mapper_0bf8bf050070_device_0.tensorbin
2026-08-27 20:50:26.624 | warning  |              Op | The following ttnn.all_gather args are deprecated and will be removed in September-2026: num_links, topology, chunks_per_sync, num_workers_per_link, num_buffers_per_channel, use_l1_small_for_semaphores. (all_gather.cpp:122)
2026-08-27 20:50:26.632 | INFO     | models.common.modules.lazy_weight:get_device_weight:120 - [32m[cache hit][0m Loading tensor from cache: model_cache/Qwen/Qwen3-32B/galaxy_8x4/attn/layer39_wqkv_ring_srcshape_5120_10240_dtype_BFLOAT8_B_layout_TILE_memcfg_132592973598257095_mapper_8df08bb751f6_device_0.tensorbin
2026-08-27 20:50:26.672 | INFO     | models.common.modules.lazy_weight:get_device_weight:120 - [32m[cache hit][0m Loading tensor from cache: model_cache/Qwen/Qwen3-32B/galaxy_8x4/attn/layer39_wo_ring_srcshape_8192_5120_dtype_BFLOAT8_B_layout_TILE_memcfg_1036570985684747786_mapper_0bf8bf050070_device_0.tensorbin
2026-08-27 20:50:26.716 | warning  |              Op | The following ttnn.all_gather args are deprecated and will be removed in September-2026: num_links, topology, chunks_per_sync, num_workers_per_link, num_buffers_per_channel, use_l1_small_for_semaphores. (all_gather.cpp:122)
2026-08-27 20:50:26.724 | INFO     | models.common.modules.lazy_weight:get_device_weight:120 - [32m[cache hit][0m Loading tensor from cache: model_cache/Qwen/Qwen3-32B/galaxy_8x4/attn/layer40_wqkv_ring_srcshape_5120_10240_dtype_BFLOAT8_B_layout_TILE_memcfg_132592973598257095_mapper_8df08bb751f6_device_0.tensorbin
2026-08-27 20:50:26.763 | INFO     | models.common.modules.lazy_weight:get_device_weight:120 - [32m[cache hit][0m Loading tensor from cache: model_cache/Qwen/Qwen3-32B/galaxy_8x4/attn/layer40_wo_ring_srcshape_8192_5120_dtype_BFLOAT8_B_layout_TILE_memcfg_1036570985684747786_mapper_0bf8bf050070_device_0.tensorbin
2026-08-27 20:50:26.807 | warning  |              Op | The following ttnn.all_gather args are deprecated and will be removed in September-2026: num_links, topology, chunks_per_sync, num_workers_per_link, num_buffers_per_channel, use_l1_small_for_semaphores. (all_gather.cpp:122)
2026-08-27 20:50:26.815 | INFO     | models.common.modules.lazy_weight:get_device_weight:120 - [32m[cache hit][0m Loading tensor from cache: model_cache/Qwen/Qwen3-32B/galaxy_8x4/attn/layer41_wqkv_ring_srcshape_5120_10240_dtype_BFLOAT8_B_layout_TILE_memcfg_132592973598257095_mapper_8df08bb751f6_device_0.tensorbin
2026-08-27 20:50:26.855 | INFO     | models.common.modules.lazy_weight:get_device_weight:120 - [32m[cache hit][0m Loading tensor from cache: model_cache/Qwen/Qwen3-32B/galaxy_8x4/attn/layer41_wo_ring_srcshape_8192_5120_dtype_BFLOAT8_B_layout_TILE_memcfg_1036570985684747786_mapper_0bf8bf050070_device_0.tensorbin
2026-08-27 20:50:26.897 | warning  |              Op | The following ttnn.all_gather args are deprecated and will be removed in September-2026: num_links, topology, chunks_per_sync, num_workers_per_link, num_buffers_per_channel, use_l1_small_for_semaphores. (all_gather.cpp:122)
2026-08-27 20:50:26.907 | INFO     | models.common.modules.lazy_weight:get_device_weight:120 - [32m[cache hit][0m Loading tensor from cache: model_cache/Qwen/Qwen3-32B/galaxy_8x4/attn/layer42_wqkv_ring_srcshape_5120_10240_dtype_BFLOAT8_B_layout_TILE_memcfg_132592973598257095_mapper_8df08bb751f6_device_0.tensorbin
2026-08-27 20:50:26.947 | INFO     | models.common.modules.lazy_weight:get_device_weight:120 - [32m[cache hit][0m Loading tensor from cache: model_cache/Qwen/Qwen3-32B/galaxy_8x4/attn/layer42_wo_ring_srcshape_8192_5120_dtype_BFLOAT8_B_layout_TILE_memcfg_1036570985684747786_mapper_0bf8bf050070_device_0.tensorbin
2026-08-27 20:50:26.989 | warning  |              Op | The following ttnn.all_gather args are deprecated and will be removed in September-2026: num_links, topology, chunks_per_sync, num_workers_per_link, num_buffers_per_channel, use_l1_small_for_semaphores. (all_gather.cpp:122)
2026-08-27 20:50:26.997 | INFO     | models.common.modules.lazy_weight:get_device_weight:120 - [32m[cache hit][0m Loading tensor from cache: model_cache/Qwen/Qwen3-32B/galaxy_8x4/attn/layer43_wqkv_ring_srcshape_5120_10240_dtype_BFLOAT8_B_layout_TILE_memcfg_132592973598257095_mapper_8df08bb751f6_device_0.tensorbin
2026-08-27 20:50:27.037 | INFO     | models.common.modules.lazy_weight:get_device_weight:120 - [32m[cache hit][0m Loading tensor from cache: model_cache/Qwen/Qwen3-32B/galaxy_8x4/attn/layer43_wo_ring_srcshape_8192_5120_dtype_BFLOAT8_B_layout_TILE_memcfg_1036570985684747786_mapper_0bf8bf050070_device_0.tensorbin
2026-08-27 20:50:27.080 | warning  |              Op | The following ttnn.all_gather args are deprecated and will be removed in September-2026: num_links, topology, chunks_per_sync, num_workers_per_link, num_buffers_per_channel, use_l1_small_for_semaphores. (all_gather.cpp:122)
2026-08-27 20:50:27.088 | INFO     | models.common.modules.lazy_weight:get_device_weight:120 - [32m[cache hit][0m Loading tensor from cache: model_cache/Qwen/Qwen3-32B/galaxy_8x4/attn/layer44_wqkv_ring_srcshape_5120_10240_dtype_BFLOAT8_B_layout_TILE_memcfg_132592973598257095_mapper_8df08bb751f6_device_0.tensorbin
2026-08-27 20:50:27.128 | INFO     | models.common.modules.lazy_weight:get_device_weight:120 - [32m[cache hit][0m Loading tensor from cache: model_cache/Qwen/Qwen3-32B/galaxy_8x4/attn/layer44_wo_ring_srcshape_8192_5120_dtype_BFLOAT8_B_layout_TILE_memcfg_1036570985684747786_mapper_0bf8bf050070_device_0.tensorbin
2026-08-27 20:50:27.170 | warning  |              Op | The following ttnn.all_gather args are deprecated and will be removed in September-2026: num_links, topology, chunks_per_sync, num_workers_per_link, num_buffers_per_channel, use_l1_small_for_semaphores. (all_gather.cpp:122)
2026-08-27 20:50:27.179 | INFO     | models.common.modules.lazy_weight:get_device_weight:120 - [32m[cache hit][0m Loading tensor from cache: model_cache/Qwen/Qwen3-32B/galaxy_8x4/attn/layer45_wqkv_ring_srcshape_5120_10240_dtype_BFLOAT8_B_layout_TILE_memcfg_132592973598257095_mapper_8df08bb751f6_device_0.tensorbin
2026-08-27 20:50:27.222 | INFO     | models.common.modules.lazy_weight:get_device_weight:120 - [32m[cache hit][0m Loading tensor from cache: model_cache/Qwen/Qwen3-32B/galaxy_8x4/attn/layer45_wo_ring_srcshape_8192_5120_dtype_BFLOAT8_B_layout_TILE_memcfg_1036570985684747786_mapper_0bf8bf050070_device_0.tensorbin
2026-08-27 20:50:27.265 | warning  |              Op | The following ttnn.all_gather args are deprecated and will be removed in September-2026: num_links, topology, chunks_per_sync, num_workers_per_link, num_buffers_per_channel, use_l1_small_for_semaphores. (all_gather.cpp:122)
2026-08-27 20:50:27.273 | INFO     | models.common.modules.lazy_weight:get_device_weight:120 - [32m[cache hit][0m Loading tensor from cache: model_cache/Qwen/Qwen3-32B/galaxy_8x4/attn/layer46_wqkv_ring_srcshape_5120_10240_dtype_BFLOAT8_B_layout_TILE_memcfg_132592973598257095_mapper_8df08bb751f6_device_0.tensorbin
2026-08-27 20:50:27.312 | INFO     | models.common.modules.lazy_weight:get_device_weight:120 - [32m[cache hit][0m Loading tensor from cache: model_cache/Qwen/Qwen3-32B/galaxy_8x4/attn/layer46_wo_ring_srcshape_8192_5120_dtype_BFLOAT8_B_layout_TILE_memcfg_1036570985684747786_mapper_0bf8bf050070_device_0.tensorbin
2026-08-27 20:50:27.355 | warning  |              Op | The following ttnn.all_gather args are deprecated and will be removed in September-2026: num_links, topology, chunks_per_sync, num_workers_per_link, num_buffers_per_channel, use_l1_small_for_semaphores. (all_gather.cpp:122)
2026-08-27 20:50:27.363 | INFO     | models.common.modules.lazy_weight:get_device_weight:120 - [32m[cache hit][0m Loading tensor from cache: model_cache/Qwen/Qwen3-32B/galaxy_8x4/attn/layer47_wqkv_ring_srcshape_5120_10240_dtype_BFLOAT8_B_layout_TILE_memcfg_132592973598257095_mapper_8df08bb751f6_device_0.tensorbin
2026-08-27 20:50:27.402 | INFO     | models.common.modules.lazy_weight:get_device_weight:120 - [32m[cache hit][0m Loading tensor from cache: model_cache/Qwen/Qwen3-32B/galaxy_8x4/attn/layer47_wo_ring_srcshape_8192_5120_dtype_BFLOAT8_B_layout_TILE_memcfg_1036570985684747786_mapper_0bf8bf050070_device_0.tensorbin
2026-08-27 20:50:27.444 | warning  |              Op | The following ttnn.all_gather args are deprecated and will be removed in September-2026: num_links, topology, chunks_per_sync, num_workers_per_link, num_buffers_per_channel, use_l1_small_for_semaphores. (all_gather.cpp:122)
2026-08-27 20:50:27.454 | INFO     | models.common.modules.lazy_weight:get_device_weight:120 - [32m[cache hit][0m Loading tensor from cache: model_cache/Qwen/Qwen3-32B/galaxy_8x4/attn/layer48_wqkv_ring_srcshape_5120_10240_dtype_BFLOAT8_B_layout_TILE_memcfg_132592973598257095_mapper_8df08bb751f6_device_0.tensorbin
2026-08-27 20:50:27.493 | INFO     | models.common.modules.lazy_weight:get_device_weight:120 - [32m[cache hit][0m Loading tensor from cache: model_cache/Qwen/Qwen3-32B/galaxy_8x4/attn/layer48_wo_ring_srcshape_8192_5120_dtype_BFLOAT8_B_layout_TILE_memcfg_1036570985684747786_mapper_0bf8bf050070_device_0.tensorbin
2026-08-27 20:50:27.537 | warning  |              Op | The following ttnn.all_gather args are deprecated and will be removed in September-2026: num_links, topology, chunks_per_sync, num_workers_per_link, num_buffers_per_channel, use_l1_small_for_semaphores. (all_gather.cpp:122)
2026-08-27 20:50:27.545 | INFO     | models.common.modules.lazy_weight:get_device_weight:120 - [32m[cache hit][0m Loading tensor from cache: model_cache/Qwen/Qwen3-32B/galaxy_8x4/attn/layer49_wqkv_ring_srcshape_5120_10240_dtype_BFLOAT8_B_layout_TILE_memcfg_132592973598257095_mapper_8df08bb751f6_device_0.tensorbin
2026-08-27 20:50:27.585 | INFO     | models.common.modules.lazy_weight:get_device_weight:120 - [32m[cache hit][0m Loading tensor from cache: model_cache/Qwen/Qwen3-32B/galaxy_8x4/attn/layer49_wo_ring_srcshape_8192_5120_dtype_BFLOAT8_B_layout_TILE_memcfg_1036570985684747786_mapper_0bf8bf050070_device_0.tensorbin
2026-08-27 20:50:27.628 | warning  |              Op | The following ttnn.all_gather args are deprecated and will be removed in September-2026: num_links, topology, chunks_per_sync, num_workers_per_link, num_buffers_per_channel, use_l1_small_for_semaphores. (all_gather.cpp:122)
2026-08-27 20:50:27.637 | INFO     | models.common.modules.lazy_weight:get_device_weight:120 - [32m[cache hit][0m Loading tensor from cache: model_cache/Qwen/Qwen3-32B/galaxy_8x4/attn/layer50_wqkv_ring_srcshape_5120_10240_dtype_BFLOAT8_B_layout_TILE_memcfg_132592973598257095_mapper_8df08bb751f6_device_0.tensorbin
2026-08-27 20:50:27.677 | INFO     | models.common.modules.lazy_weight:get_device_weight:120 - [32m[cache hit][0m Loading tensor from cache: model_cache/Qwen/Qwen3-32B/galaxy_8x4/attn/layer50_wo_ring_srcshape_8192_5120_dtype_BFLOAT8_B_layout_TILE_memcfg_1036570985684747786_mapper_0bf8bf050070_device_0.tensorbin
2026-08-27 20:50:27.721 | warning  |              Op | The following ttnn.all_gather args are deprecated and will be removed in September-2026: num_links, topology, chunks_per_sync, num_workers_per_link, num_buffers_per_channel, use_l1_small_for_semaphores. (all_gather.cpp:122)
2026-08-27 20:50:27.732 | INFO     | models.common.modules.lazy_weight:get_device_weight:120 - [32m[cache hit][0m Loading tensor from cache: model_cache/Qwen/Qwen3-32B/galaxy_8x4/attn/layer51_wqkv_ring_srcshape_5120_10240_dtype_BFLOAT8_B_layout_TILE_memcfg_132592973598257095_mapper_8df08bb751f6_device_0.tensorbin
2026-08-27 20:50:27.772 | INFO     | models.common.modules.lazy_weight:get_device_weight:120 - [32m[cache hit][0m Loading tensor from cache: model_cache/Qwen/Qwen3-32B/galaxy_8x4/attn/layer51_wo_ring_srcshape_8192_5120_dtype_BFLOAT8_B_layout_TILE_memcfg_1036570985684747786_mapper_0bf8bf050070_device_0.tensorbin
2026-08-27 20:50:27.814 | warning  |              Op | The following ttnn.all_gather args are deprecated and will be removed in September-2026: num_links, topology, chunks_per_sync, num_workers_per_link, num_buffers_per_channel, use_l1_small_for_semaphores. (all_gather.cpp:122)
2026-08-27 20:50:27.822 | INFO     | models.common.modules.lazy_weight:get_device_weight:120 - [32m[cache hit][0m Loading tensor from cache: model_cache/Qwen/Qwen3-32B/galaxy_8x4/attn/layer52_wqkv_ring_srcshape_5120_10240_dtype_BFLOAT8_B_layout_TILE_memcfg_132592973598257095_mapper_8df08bb751f6_device_0.tensorbin
2026-08-27 20:50:27.862 | INFO     | models.common.modules.lazy_weight:get_device_weight:120 - [32m[cache hit][0m Loading tensor from cache: model_cache/Qwen/Qwen3-32B/galaxy_8x4/attn/layer52_wo_ring_srcshape_8192_5120_dtype_BFLOAT8_B_layout_TILE_memcfg_1036570985684747786_mapper_0bf8bf050070_device_0.tensorbin
2026-08-27 20:50:27.905 | warning  |              Op | The following ttnn.all_gather args are deprecated and will be removed in September-2026: num_links, topology, chunks_per_sync, num_workers_per_link, num_buffers_per_channel, use_l1_small_for_semaphores. (all_gather.cpp:122)
2026-08-27 20:50:27.914 | INFO     | models.common.modules.lazy_weight:get_device_weight:120 - [32m[cache hit][0m Loading tensor from cache: model_cache/Qwen/Qwen3-32B/galaxy_8x4/attn/layer53_wqkv_ring_srcshape_5120_10240_dtype_BFLOAT8_B_layout_TILE_memcfg_132592973598257095_mapper_8df08bb751f6_device_0.tensorbin
2026-08-27 20:50:27.954 | INFO     | models.common.modules.lazy_weight:get_device_weight:120 - [32m[cache hit][0m Loading tensor from cache: model_cache/Qwen/Qwen3-32B/galaxy_8x4/attn/layer53_wo_ring_srcshape_8192_5120_dtype_BFLOAT8_B_layout_TILE_memcfg_1036570985684747786_mapper_0bf8bf050070_device_0.tensorbin
2026-08-27 20:50:27.996 | warning  |              Op | The following ttnn.all_gather args are deprecated and will be removed in September-2026: num_links, topology, chunks_per_sync, num_workers_per_link, num_buffers_per_channel, use_l1_small_for_semaphores. (all_gather.cpp:122)
2026-08-27 20:50:28.005 | INFO     | models.common.modules.lazy_weight:get_device_weight:120 - [32m[cache hit][0m Loading tensor from cache: model_cache/Qwen/Qwen3-32B/galaxy_8x4/attn/layer54_wqkv_ring_srcshape_5120_10240_dtype_BFLOAT8_B_layout_TILE_memcfg_132592973598257095_mapper_8df08bb751f6_device_0.tensorbin
2026-08-27 20:50:28.044 | INFO     | models.common.modules.lazy_weight:get_device_weight:120 - [32m[cache hit][0m Loading tensor from cache: model_cache/Qwen/Qwen3-32B/galaxy_8x4/attn/layer54_wo_ring_srcshape_8192_5120_dtype_BFLOAT8_B_layout_TILE_memcfg_1036570985684747786_mapper_0bf8bf050070_device_0.tensorbin
2026-08-27 20:50:28.087 | warning  |              Op | The following ttnn.all_gather args are deprecated and will be removed in September-2026: num_links, topology, chunks_per_sync, num_workers_per_link, num_buffers_per_channel, use_l1_small_for_semaphores. (all_gather.cpp:122)
2026-08-27 20:50:28.095 | INFO     | models.common.modules.lazy_weight:get_device_weight:120 - [32m[cache hit][0m Loading tensor from cache: model_cache/Qwen/Qwen3-32B/galaxy_8x4/attn/layer55_wqkv_ring_srcshape_5120_10240_dtype_BFLOAT8_B_layout_TILE_memcfg_132592973598257095_mapper_8df08bb751f6_device_0.tensorbin
2026-08-27 20:50:28.135 | INFO     | models.common.modules.lazy_weight:get_device_weight:120 - [32m[cache hit][0m Loading tensor from cache: model_cache/Qwen/Qwen3-32B/galaxy_8x4/attn/layer55_wo_ring_srcshape_8192_5120_dtype_BFLOAT8_B_layout_TILE_memcfg_1036570985684747786_mapper_0bf8bf050070_device_0.tensorbin
2026-08-27 20:50:28.178 | warning  |              Op | The following ttnn.all_gather args are deprecated and will be removed in September-2026: num_links, topology, chunks_per_sync, num_workers_per_link, num_buffers_per_channel, use_l1_small_for_semaphores. (all_gather.cpp:122)
2026-08-27 20:50:28.186 | INFO     | models.common.modules.lazy_weight:get_device_weight:120 - [32m[cache hit][0m Loading tensor from cache: model_cache/Qwen/Qwen3-32B/galaxy_8x4/attn/layer56_wqkv_ring_srcshape_5120_10240_dtype_BFLOAT8_B_layout_TILE_memcfg_132592973598257095_mapper_8df08bb751f6_device_0.tensorbin
2026-08-27 20:50:28.228 | INFO     | models.common.modules.lazy_weight:get_device_weight:120 - [32m[cache hit][0m Loading tensor from cache: model_cache/Qwen/Qwen3-32B/galaxy_8x4/attn/layer56_wo_ring_srcshape_8192_5120_dtype_BFLOAT8_B_layout_TILE_memcfg_1036570985684747786_mapper_0bf8bf050070_device_0.tensorbin
2026-08-27 20:50:28.271 | warning  |              Op | The following ttnn.all_gather args are deprecated and will be removed in September-2026: num_links, topology, chunks_per_sync, num_workers_per_link, num_buffers_per_channel, use_l1_small_for_semaphores. (all_gather.cpp:122)
2026-08-27 20:50:28.280 | INFO     | models.common.modules.lazy_weight:get_device_weight:120 - [32m[cache hit][0m Loading tensor from cache: model_cache/Qwen/Qwen3-32B/galaxy_8x4/attn/layer57_wqkv_ring_srcshape_5120_10240_dtype_BFLOAT8_B_layout_TILE_memcfg_132592973598257095_mapper_8df08bb751f6_device_0.tensorbin
2026-08-27 20:50:28.320 | INFO     | models.common.modules.lazy_weight:get_device_weight:120 - [32m[cache hit][0m Loading tensor from cache: model_cache/Qwen/Qwen3-32B/galaxy_8x4/attn/layer57_wo_ring_srcshape_8192_5120_dtype_BFLOAT8_B_layout_TILE_memcfg_1036570985684747786_mapper_0bf8bf050070_device_0.tensorbin
2026-08-27 20:50:28.362 | warning  |              Op | The following ttnn.all_gather args are deprecated and will be removed in September-2026: num_links, topology, chunks_per_sync, num_workers_per_link, num_buffers_per_channel, use_l1_small_for_semaphores. (all_gather.cpp:122)
2026-08-27 20:50:28.371 | INFO     | models.common.modules.lazy_weight:get_device_weight:120 - [32m[cache hit][0m Loading tensor from cache: model_cache/Qwen/Qwen3-32B/galaxy_8x4/attn/layer58_wqkv_ring_srcshape_5120_10240_dtype_BFLOAT8_B_layout_TILE_memcfg_132592973598257095_mapper_8df08bb751f6_device_0.tensorbin
2026-08-27 20:50:28.410 | INFO     | models.common.modules.lazy_weight:get_device_weight:120 - [32m[cache hit][0m Loading tensor from cache: model_cache/Qwen/Qwen3-32B/galaxy_8x4/attn/layer58_wo_ring_srcshape_8192_5120_dtype_BFLOAT8_B_layout_TILE_memcfg_1036570985684747786_mapper_0bf8bf050070_device_0.tensorbin
2026-08-27 20:50:28.452 | warning  |              Op | The following ttnn.all_gather args are deprecated and will be removed in September-2026: num_links, topology, chunks_per_sync, num_workers_per_link, num_buffers_per_channel, use_l1_small_for_semaphores. (all_gather.cpp:122)
2026-08-27 20:50:28.461 | INFO     | models.common.modules.lazy_weight:get_device_weight:120 - [32m[cache hit][0m Loading tensor from cache: model_cache/Qwen/Qwen3-32B/galaxy_8x4/attn/layer59_wqkv_ring_srcshape_5120_10240_dtype_BFLOAT8_B_layout_TILE_memcfg_132592973598257095_mapper_8df08bb751f6_device_0.tensorbin
2026-08-27 20:50:28.499 | INFO     | models.common.modules.lazy_weight:get_device_weight:120 - [32m[cache hit][0m Loading tensor from cache: model_cache/Qwen/Qwen3-32B/galaxy_8x4/attn/layer59_wo_ring_srcshape_8192_5120_dtype_BFLOAT8_B_layout_TILE_memcfg_1036570985684747786_mapper_0bf8bf050070_device_0.tensorbin
2026-08-27 20:50:28.541 | warning  |              Op | The following ttnn.all_gather args are deprecated and will be removed in September-2026: num_links, topology, chunks_per_sync, num_workers_per_link, num_buffers_per_channel, use_l1_small_for_semaphores. (all_gather.cpp:122)
2026-08-27 20:50:28.550 | INFO     | models.common.modules.lazy_weight:get_device_weight:120 - [32m[cache hit][0m Loading tensor from cache: model_cache/Qwen/Qwen3-32B/galaxy_8x4/attn/layer60_wqkv_ring_srcshape_5120_10240_dtype_BFLOAT8_B_layout_TILE_memcfg_132592973598257095_mapper_8df08bb751f6_device_0.tensorbin
2026-08-27 20:50:28.589 | INFO     | models.common.modules.lazy_weight:get_device_weight:120 - [32m[cache hit][0m Loading tensor from cache: model_cache/Qwen/Qwen3-32B/galaxy_8x4/attn/layer60_wo_ring_srcshape_8192_5120_dtype_BFLOAT8_B_layout_TILE_memcfg_1036570985684747786_mapper_0bf8bf050070_device_0.tensorbin
2026-08-27 20:50:28.631 | warning  |              Op | The following ttnn.all_gather args are deprecated and will be removed in September-2026: num_links, topology, chunks_per_sync, num_workers_per_link, num_buffers_per_channel, use_l1_small_for_semaphores. (all_gather.cpp:122)
2026-08-27 20:50:28.639 | INFO     | models.common.modules.lazy_weight:get_device_weight:120 - [32m[cache hit][0m Loading tensor from cache: model_cache/Qwen/Qwen3-32B/galaxy_8x4/attn/layer61_wqkv_ring_srcshape_5120_10240_dtype_BFLOAT8_B_layout_TILE_memcfg_132592973598257095_mapper_8df08bb751f6_device_0.tensorbin
2026-08-27 20:50:28.678 | INFO     | models.common.modules.lazy_weight:get_device_weight:120 - [32m[cache hit][0m Loading tensor from cache: model_cache/Qwen/Qwen3-32B/galaxy_8x4/attn/layer61_wo_ring_srcshape_8192_5120_dtype_BFLOAT8_B_layout_TILE_memcfg_1036570985684747786_mapper_0bf8bf050070_device_0.tensorbin
2026-08-27 20:50:28.721 | warning  |              Op | The following ttnn.all_gather args are deprecated and will be removed in September-2026: num_links, topology, chunks_per_sync, num_workers_per_link, num_buffers_per_channel, use_l1_small_for_semaphores. (all_gather.cpp:122)
2026-08-27 20:50:28.730 | INFO     | models.common.modules.lazy_weight:get_device_weight:120 - [32m[cache hit][0m Loading tensor from cache: model_cache/Qwen/Qwen3-32B/galaxy_8x4/attn/layer62_wqkv_ring_srcshape_5120_10240_dtype_BFLOAT8_B_layout_TILE_memcfg_132592973598257095_mapper_8df08bb751f6_device_0.tensorbin
2026-08-27 20:50:28.770 | INFO     | models.common.modules.lazy_weight:get_device_weight:120 - [32m[cache hit][0m Loading tensor from cache: model_cache/Qwen/Qwen3-32B/galaxy_8x4/attn/layer62_wo_ring_srcshape_8192_5120_dtype_BFLOAT8_B_layout_TILE_memcfg_1036570985684747786_mapper_0bf8bf050070_device_0.tensorbin
2026-08-27 20:50:28.813 | warning  |              Op | The following ttnn.all_gather args are deprecated and will be removed in September-2026: num_links, topology, chunks_per_sync, num_workers_per_link, num_buffers_per_channel, use_l1_small_for_semaphores. (all_gather.cpp:122)
2026-08-27 20:50:28.821 | INFO     | models.common.modules.lazy_weight:get_device_weight:120 - [32m[cache hit][0m Loading tensor from cache: model_cache/Qwen/Qwen3-32B/galaxy_8x4/attn/layer63_wqkv_ring_srcshape_5120_10240_dtype_BFLOAT8_B_layout_TILE_memcfg_132592973598257095_mapper_8df08bb751f6_device_0.tensorbin
2026-08-27 20:50:28.862 | INFO     | models.common.modules.lazy_weight:get_device_weight:120 - [32m[cache hit][0m Loading tensor from cache: model_cache/Qwen/Qwen3-32B/galaxy_8x4/attn/layer63_wo_ring_srcshape_8192_5120_dtype_BFLOAT8_B_layout_TILE_memcfg_1036570985684747786_mapper_0bf8bf050070_device_0.tensorbin
2026-08-27 20:50:28.905 | warning  |              Op | The following ttnn.all_gather args are deprecated and will be removed in September-2026: num_links, topology, chunks_per_sync, num_workers_per_link, num_buffers_per_channel, use_l1_small_for_semaphores. (all_gather.cpp:122)
[ccl] lm_head stage input from 24 cores
[ccl] lm_head in: logical=(1, 1, 32, 19200) tiles=600 shard=(32, 800) cores=24 spec_tiles=600
[ccl] lm_head staged, shape=(1, 1, 32, 19200)
[ccl] lm_head staged, shape=(1, 1, 32, 19200) -- completed on device
[ccl] lm_head staged: logical=(1, 1, 32, 19200) tiles=600 shard=(32, 480) cores=40 spec_tiles=600
[ccl] lm_head buffer DRAM -> L1
[ccl] lm_head buffer in L1, shape=(1, 1, 32, 76800)
[ccl] lm_head buffer in L1, shape=(1, 1, 32, 76800) -- completed on device
[ccl] lm_head buffer: logical=(1, 1, 32, 76800) tiles=2400 shard=(32, 1920) cores=40 spec_tiles=2400
[ccl] lm_head reduced: logical=(1, 1, 32, 19200) tiles=600 shard=(32, 480) cores=40 spec_tiles=600
[ccl] lm_head all_reduce_async returned, shape=(1, 1, 32, 19200)
[ccl] lm_head all_reduce_async returned, shape=(1, 1, 32, 19200) -- completed on device
[ccl] lm_head reduced placed back
[ccl] lm_head reduced placed back -- completed on device
[ccl] lm_head synchronize
[ccl] lm_head synchronized
[full-model] decode position 128 predicted 389, reference top-5 [389, 220, 6702, 3217, 6527], target 25
PASSED

=============================== warnings summary ===============================
<frozen importlib._bootstrap>:241
  <frozen importlib._bootstrap>:241: DeprecationWarning: builtin type SwigPyPacked has no __module__ attribute

<frozen importlib._bootstrap>:241
  <frozen importlib._bootstrap>:241: DeprecationWarning: builtin type SwigPyObject has no __module__ attribute

-- Docs: https://docs.pytest.org/en/stable/how-to/capture-warnings.html
==================================== PASSES ====================================
- generated xml file: /proj_sw/user_dev/ctr-apbernal/tt-metal/generated/test_reports/most_recent_tests.xml -
============================= slowest 25 durations =============================
110.53s call     models/common/tests/models/qwen3_32b_galaxy/test_full_model_wh_galaxy.py::test_qwen3_32b_galaxy_full_model_prefill_and_first_decode_token[wormhole_b0-8x4-device_params0]
4.64s setup    models/common/tests/models/qwen3_32b_galaxy/test_full_model_wh_galaxy.py::test_qwen3_32b_galaxy_full_model_prefill_and_first_decode_token[wormhole_b0-8x4-device_params0]
0.27s teardown models/common/tests/models/qwen3_32b_galaxy/test_full_model_wh_galaxy.py::test_qwen3_32b_galaxy_full_model_prefill_and_first_decode_token[wormhole_b0-8x4-device_params0]
=========================== short test summary info ============================
PASSED models/common/tests/models/qwen3_32b_galaxy/test_full_model_wh_galaxy.py::test_qwen3_32b_galaxy_full_model_prefill_and_first_decode_token[wormhole_b0-8x4-device_params0]
================== 1 passed, 2 warnings in 122.17s (0:02:02) ===================
NOTE: pytest reported a verdict at 160s; teardown grace 90s
sys:1: DeprecationWarning: builtin type swigvarlink has no __module__ attribute
2026-08-27 20:50:37.632 | info     |    BuildKernels | JIT cache stats: 458/458 hits (100.0%) [458 cached, 3328 build-once dedup, 0 merged artifacts, 0 merged genfiles] (build_cache_telemetry.cpp:207)
2026-08-27 20:50:37.632 | info     |    BuildKernels | JIT telemetry: 3 registered TelemetryTokens (build_cache_telemetry.cpp:230)
2026-08-27 20:50:37.682 | info     |          Device | Closing user mode device drivers (tt_cluster.cpp:513)
2026-08-27 20:50:37.682 | info     |             UMD | Closing devices in cluster (cluster.cpp:1211)
2026-08-27 20:50:37.798 | info     |             UMD | Closing devices in cluster completed. (cluster.cpp:1220)
2026-08-27 20:50:37.799 | info     |             UMD | Cluster destructor started. (cluster.cpp:912)
2026-08-27 20:50:37.799 | info     |             UMD | Cluster destructor completed. (cluster.cpp:915)
exit=0
holders_after: 0
