ID,Total %,Bound,OP Code,Device,Device Time,Op-to-Op Gap,Cores,DRAM,DRAM %,FLOPs,FLOPs %,Math Fidelity,Output Datatype,Input 0 Datatype,Input 1 Datatype,DRAM Sharded,Input 0 Memory,Inner Dim Block Size,Output Subblock H,Output Subblock W,Global Call Count,Advice,Raw OP Code
649,0.13160731244869728,,LayerNormDeviceOperation,0,26.001,,1,,,,,"BF16, BF16 => BF16",BFLOAT16,BFLOAT16,BFLOAT16,False,DEV_1_DRAM_INTERLEAVED,,,,662528.0,,LayerNormDeviceOperation
650,0.6213853353890955,DRAM,MatmulDeviceOperation 32 x 2048 x 12352,0,73.599,49.165,97.0,356.23440535876847,69.57703229663447,21.997599749996606,8.202379154584214,HiFi2 BF16 x BFP8 => BF16,BFLOAT16,BFLOAT16,BFLOAT8_B,False,DEV_1_DRAM_INTERLEAVED,2,1,4,663552.0,Try a DRAM-sharded program config (MatmulMultiCoreReuseMultiCastDRAMShardedProgramConfig) to improve throughput further • If your matmuls are not FLOP-bound use HiFi4 with BF16 activations for full accuracy,MatmulDeviceOperation
651,0.021597954010176196,,SliceDeviceOperation,0,3.724,0.543,110,,,,,BF16 => BF16,BFLOAT16,BFLOAT16,nan,False,DEV_1_DRAM_INTERLEAVED,,,,664576.0,,SliceDeviceOperation
652,0.03022802468918965,,SliceDeviceOperation,0,1.982,3.99,110,,,,,BF16 => BF16,BFLOAT16,BFLOAT16,nan,False,DEV_1_DRAM_INTERLEAVED,,,,665600.0,,SliceDeviceOperation
653,0.06351327089751369,,SliceDeviceOperation,0,0.744,11.804,1,,,,,BF16 => BF16,BFLOAT16,BFLOAT16,nan,False,DEV_1_DRAM_INTERLEAVED,,,,666624.0,,SliceDeviceOperation
654,0.09259736832954378,,SliceDeviceOperation,0,0.784,17.51,1,,,,,BF16 => BF16,BFLOAT16,BFLOAT16,nan,False,DEV_1_DRAM_INTERLEAVED,,,,667648.0,,SliceDeviceOperation
655,0.7604382982593931,,UntilizeWithUnpaddingDeviceOperation,0,2.438,147.798,86,,,,,BF16 => BF16,BFLOAT16,BFLOAT16,nan,False,DEV_1_DRAM_INTERLEAVED,,,,668672.0,,UntilizeWithUnpaddingDeviceOperation
656,0.19569760859982238,,UntilizeWithUnpaddingDeviceOperation,0,2.407,36.256,86,,,,,BF16 => BF16,BFLOAT16,BFLOAT16,nan,False,DEV_1_DRAM_INTERLEAVED,,,,669696.0,,UntilizeWithUnpaddingDeviceOperation
657,0.19474096146883496,,UntilizeWithUnpaddingDeviceOperation,0,2.415,36.059,86,,,,,BF16 => BF16,BFLOAT16,BFLOAT16,nan,False,DEV_1_DRAM_INTERLEAVED,,,,670720.0,,UntilizeWithUnpaddingDeviceOperation
658,0.20086046613213543,,UntilizeWithUnpaddingDeviceOperation,0,3.513,36.17,86,,,,,BF16 => BF16,BFLOAT16,BFLOAT16,nan,False,DEV_1_DRAM_INTERLEAVED,,,,671744.0,,UntilizeWithUnpaddingDeviceOperation
659,0.019234175120381895,,ConcatDeviceOperation,0,2.459,1.341,8,,,,,"BF16, BF16 => BF16",BFLOAT16,BFLOAT16,BFLOAT16,False,DEV_1_DRAM_INTERLEAVED,,,,672768.0,,ConcatDeviceOperation
660,0.348806704183094,,TilizeWithValPaddingDeviceOperation,0,8.849,60.063,86,,,,,BF16 => BF16,BFLOAT16,BFLOAT16,nan,False,DEV_1_DRAM_INTERLEAVED,,,,673792.0,,TilizeWithValPaddingDeviceOperation
661,0.018798875367657463,,SliceDeviceOperation,0,3.181,0.533,110,,,,,BF16 => BF16,BFLOAT16,BFLOAT16,nan,False,DEV_1_DRAM_INTERLEAVED,,,,674816.0,,SliceDeviceOperation
662,0.34932805156135693,,BinaryNgDeviceOperation,0,6.059,62.956,110,,,,,"BF16, BF16 => BF16",BFLOAT16,BFLOAT16,BFLOAT16,False,DEV_1_DRAM_INTERLEAVED,,,,675840.0,,BinaryNgDeviceOperation
663,0.4679016795534796,,UntilizeWithUnpaddingDeviceOperation,0,4.297,88.144,86,,,,,BF16 => BF16,BFLOAT16,BFLOAT16,nan,False,DEV_1_DRAM_INTERLEAVED,,,,676864.0,,UntilizeWithUnpaddingDeviceOperation
664,0.016257939601754378,,SliceDeviceOperation,0,1.825,1.387,5,,,,,BF16 => BF16,BFLOAT16,BFLOAT16,nan,False,DEV_1_DRAM_INTERLEAVED,,,,677888.0,,SliceDeviceOperation
665,0.29443978971782503,,TilizeWithValPaddingDeviceOperation,0,7.983,50.188,86,,,,,BF16 => BF16,BFLOAT16,BFLOAT16,nan,False,DEV_1_DRAM_INTERLEAVED,,,,678912.0,,TilizeWithValPaddingDeviceOperation
666,0.03437855721516679,,BinaryNgDeviceOperation,0,5.783,1.009,110,,,,,"BF16, BF16 => BF16",BFLOAT16,BFLOAT16,BFLOAT16,False,DEV_1_DRAM_INTERLEAVED,,,,679936.0,,BinaryNgDeviceOperation
667,0.219816251875775,,BinaryNgDeviceOperation,0,5.496,37.932,110,,,,,"BF16, BF16 => BF16",BFLOAT16,BFLOAT16,BFLOAT16,False,DEV_1_DRAM_INTERLEAVED,,,,680960.0,,BinaryNgDeviceOperation
668,0.3857768134144806,,UntilizeWithUnpaddingDeviceOperation,0,4.389,71.827,86,,,,,BF16 => BF16,BFLOAT16,BFLOAT16,nan,False,DEV_1_DRAM_INTERLEAVED,,,,681984.0,,UntilizeWithUnpaddingDeviceOperation
669,0.016116214100867356,,SliceDeviceOperation,0,1.97,1.214,5,,,,,BF16 => BF16,BFLOAT16,BFLOAT16,nan,False,DEV_1_DRAM_INTERLEAVED,,,,683008.0,,SliceDeviceOperation
670,0.20782526217572633,,TilizeWithValPaddingDeviceOperation,0,8.205,32.854,86,,,,,BF16 => BF16,BFLOAT16,BFLOAT16,nan,False,DEV_1_DRAM_INTERLEAVED,,,,684032.0,,TilizeWithValPaddingDeviceOperation
671,0.03175663544875684,,BinaryNgDeviceOperation,0,5.735,0.539,110,,,,,"BF16, BF16 => BF16",BFLOAT16,BFLOAT16,BFLOAT16,False,DEV_1_DRAM_INTERLEAVED,,,,685056.0,,BinaryNgDeviceOperation
672,0.08491888315648606,,BinaryNgDeviceOperation,0,5.367,11.41,110,,,,,"BF16, BF16 => BF16",BFLOAT16,BFLOAT16,BFLOAT16,False,DEV_1_DRAM_INTERLEAVED,,,,686080.0,,BinaryNgDeviceOperation
673,0.37980915750213057,,UntilizeWithUnpaddingDeviceOperation,0,4.298,70.739,86,,,,,BF16 => BF16,BFLOAT16,BFLOAT16,nan,False,DEV_1_DRAM_INTERLEAVED,,,,687104.0,,UntilizeWithUnpaddingDeviceOperation
674,0.01667299285435209,,SliceDeviceOperation,0,2.038,1.256,5,,,,,BF16 => BF16,BFLOAT16,BFLOAT16,nan,False,DEV_1_DRAM_INTERLEAVED,,,,688128.0,,SliceDeviceOperation
675,0.20715206604651298,,TilizeWithValPaddingDeviceOperation,0,8.093,32.833,86,,,,,BF16 => BF16,BFLOAT16,BFLOAT16,nan,False,DEV_1_DRAM_INTERLEAVED,,,,689152.0,,TilizeWithValPaddingDeviceOperation
676,0.030228024689189645,,BinaryNgDeviceOperation,0,5.459,0.513,110,,,,,"BF16, BF16 => BF16",BFLOAT16,BFLOAT16,BFLOAT16,False,DEV_1_DRAM_INTERLEAVED,,,,690176.0,,BinaryNgDeviceOperation
677,0.10437576977826184,,BinaryNgDeviceOperation,0,5.223,15.398,110,,,,,"BF16, BF16 => BF16",BFLOAT16,BFLOAT16,BFLOAT16,False,DEV_1_DRAM_INTERLEAVED,,,,691200.0,,BinaryNgDeviceOperation
678,0.38678407679578486,,UntilizeWithUnpaddingDeviceOperation,0,2.489,73.926,86,,,,,BF16 => BF16,BFLOAT16,BFLOAT16,nan,False,DEV_1_DRAM_INTERLEAVED,,,,692224.0,,UntilizeWithUnpaddingDeviceOperation
679,0.19459923596794798,,UntilizeWithUnpaddingDeviceOperation,0,2.487,35.959,86,,,,,BF16 => BF16,BFLOAT16,BFLOAT16,nan,False,DEV_1_DRAM_INTERLEAVED,,,,693248.0,,UntilizeWithUnpaddingDeviceOperation
680,0.19465491384329645,,UntilizeWithUnpaddingDeviceOperation,0,2.441,36.016,86,,,,,BF16 => BF16,BFLOAT16,BFLOAT16,nan,False,DEV_1_DRAM_INTERLEAVED,,,,694272.0,,UntilizeWithUnpaddingDeviceOperation
681,0.1946903452185182,,UntilizeWithUnpaddingDeviceOperation,0,2.426,36.038,86,,,,,BF16 => BF16,BFLOAT16,BFLOAT16,nan,False,DEV_1_DRAM_INTERLEAVED,,,,695296.0,,UntilizeWithUnpaddingDeviceOperation
682,0.20048590587979118,,UntilizeWithUnpaddingDeviceOperation,0,3.525,36.084,86,,,,,BF16 => BF16,BFLOAT16,BFLOAT16,nan,False,DEV_1_DRAM_INTERLEAVED,,,,696320.0,,UntilizeWithUnpaddingDeviceOperation
683,0.02238756751511819,,ConcatDeviceOperation,0,3.139,1.284,9,,,,,"BF16, BF16 => BF16",BFLOAT16,BFLOAT16,BFLOAT16,False,DEV_1_DRAM_INTERLEAVED,,,,697344.0,,ConcatDeviceOperation
684,0.21134815319777522,,TilizeWithValPaddingDeviceOperation,0,9.123,32.632,86,,,,,BF16 => BF16,BFLOAT16,BFLOAT16,nan,False,DEV_1_DRAM_INTERLEAVED,,,,698368.0,,TilizeWithValPaddingDeviceOperation
685,0.2636752327752774,,UntilizeWithUnpaddingDeviceOperation,0,4.594,47.499,86,,,,,BF16 => BF16,BFLOAT16,BFLOAT16,nan,False,DEV_1_DRAM_INTERLEAVED,,,,699392.0,,UntilizeWithUnpaddingDeviceOperation
686,0.015478449346875743,,SliceDeviceOperation,0,1.803,1.255,4,,,,,BF16 => BF16,BFLOAT16,BFLOAT16,nan,False,DEV_1_DRAM_INTERLEAVED,,,,700416.0,,SliceDeviceOperation
687,0.2820944862655589,,TilizeWithValPaddingDeviceOperation,0,7.839,47.893,86,,,,,BF16 => BF16,BFLOAT16,BFLOAT16,nan,False,DEV_1_DRAM_INTERLEAVED,,,,701440.0,,TilizeWithValPaddingDeviceOperation
688,0.021587830760112836,,SliceDeviceOperation,0,3.738,0.527,110,,,,,BF16 => BF16,BFLOAT16,BFLOAT16,nan,False,DEV_1_DRAM_INTERLEAVED,,,,702464.0,,SliceDeviceOperation
689,0.42127905138668026,,UntilizeWithUnpaddingDeviceOperation,0,3.354,79.876,86,,,,,BF16 => BF16,BFLOAT16,BFLOAT16,nan,False,DEV_1_DRAM_INTERLEAVED,,,,703488.0,,UntilizeWithUnpaddingDeviceOperation
690,0.012330118577171131,,SliceDeviceOperation,0,1.27,1.166,1,,,,,BF16 => BF16,BFLOAT16,BFLOAT16,nan,False,DEV_1_DRAM_INTERLEAVED,,,,704512.0,,SliceDeviceOperation
691,0.20861487568066836,,TilizeWithValPaddingDeviceOperation,0,6.621,34.594,86,,,,,BF16 => BF16,BFLOAT16,BFLOAT16,nan,False,DEV_1_DRAM_INTERLEAVED,,,,705536.0,,TilizeWithValPaddingDeviceOperation
692,0.17743526548552296,,UntilizeWithUnpaddingDeviceOperation,0,3.199,31.856,86,,,,,BF16 => BF16,BFLOAT16,BFLOAT16,nan,False,DEV_1_DRAM_INTERLEAVED,,,,706560.0,,UntilizeWithUnpaddingDeviceOperation
693,0.013109608832049762,,SliceDeviceOperation,0,1.293,1.297,1,,,,,BF16 => BF16,BFLOAT16,BFLOAT16,nan,False,DEV_1_DRAM_INTERLEAVED,,,,707584.0,,SliceDeviceOperation
694,0.20925264043465996,,TilizeWithValPaddingDeviceOperation,0,6.854,34.487,86,,,,,BF16 => BF16,BFLOAT16,BFLOAT16,nan,False,DEV_1_DRAM_INTERLEAVED,,,,708608.0,,TilizeWithValPaddingDeviceOperation
695,0.1766912066058661,,UntilizeWithUnpaddingDeviceOperation,0,3.19,31.718,86,,,,,BF16 => BF16,BFLOAT16,BFLOAT16,nan,False,DEV_1_DRAM_INTERLEAVED,,,,709632.0,,UntilizeWithUnpaddingDeviceOperation
696,0.013099485581986406,,SliceDeviceOperation,0,1.301,1.287,1,,,,,BF16 => BF16,BFLOAT16,BFLOAT16,nan,False,DEV_1_DRAM_INTERLEAVED,,,,710656.0,,SliceDeviceOperation
697,0.20853388968016145,,TilizeWithValPaddingDeviceOperation,0,6.663,34.536,86,,,,,BF16 => BF16,BFLOAT16,BFLOAT16,nan,False,DEV_1_DRAM_INTERLEAVED,,,,711680.0,,TilizeWithValPaddingDeviceOperation
698,0.02675068829242587,,UnaryDeviceOperation,0,4.751,0.534,110,,,,,BF16 => BF16,BFLOAT16,BFLOAT16,nan,False,DEV_1_DRAM_INTERLEAVED,,,,712704.0,,UnaryDeviceOperation
699,0.26099257150848726,,BinaryNgDeviceOperation,0,1.462,50.101,110,,,,,"BF16, BF16 => BF16",BFLOAT16,BFLOAT16,BFLOAT16,False,DEV_1_DRAM_INTERLEAVED,,,,713728.0,,BinaryNgDeviceOperation
700,0.32063369925676616,,BinaryNgDeviceOperation,0,4.019,59.327,110,,,,,"BF16, BF16 => BF16",BFLOAT16,BFLOAT16,BFLOAT16,False,DEV_1_DRAM_INTERLEAVED,,,,714752.0,,BinaryNgDeviceOperation
701,0.1890921879334807,,SliceDeviceOperation,0,1.227,36.131,64,,,,,BF16 => BF16,BFLOAT16,BFLOAT16,nan,False,DEV_1_DRAM_INTERLEAVED,,,,715776.0,,SliceDeviceOperation
702,0.1378938507380431,,SliceDeviceOperation,0,1.221,26.022,64,,,,,BF16 => BF16,BFLOAT16,BFLOAT16,nan,False,DEV_1_DRAM_INTERLEAVED,,,,716800.0,,SliceDeviceOperation
703,0.14769821842440622,,SliceDeviceOperation,0,1.87,27.31,110,,,,,BF16 => BF16,BFLOAT16,BFLOAT16,nan,False,DEV_1_DRAM_INTERLEAVED,,,,717824.0,,SliceDeviceOperation
704,0.14114847563341304,,ReshapeViewDeviceOperation,0,10.247,17.639,20,,,,,BF16 => BF16,BFLOAT16,BFLOAT16,nan,False,DEV_1_DRAM_INTERLEAVED,,,,718848.0,,ReshapeViewDeviceOperation
705,0.06270341089244497,,ReshapeViewDeviceOperation,0,10.124,2.264,20,,,,,BF16 => BF16,BFLOAT16,BFLOAT16,nan,False,DEV_1_DRAM_INTERLEAVED,,,,719872.0,,ReshapeViewDeviceOperation
706,0.09291625070653958,,UntilizeWithUnpaddingDeviceOperation,0,6.503,11.854,5,,,,,BF16 => BF16,BFLOAT16,BFLOAT16,nan,False,DEV_1_DRAM_INTERLEAVED,,,,720896.0,,UntilizeWithUnpaddingDeviceOperation
707,0.19495354972016551,,ConcatDeviceOperation,0,1.561,36.955,110,,,,,"BF16, BF16 => BF16",BFLOAT16,BFLOAT16,BFLOAT16,False,DEV_1_DRAM_INTERLEAVED,,,,721920.0,,ConcatDeviceOperation
708,0.11176574232451383,,TilizeDeviceOperation,0,2.152,19.929,5,,,,,BF16 => BF16,BFLOAT16,BFLOAT16,nan,False,DEV_1_DRAM_INTERLEAVED,,,,722944.0,,TilizeDeviceOperation
709,0.09363500146103808,,UntilizeWithUnpaddingDeviceOperation,0,6.433,12.066,5,,,,,BF16 => BF16,BFLOAT16,BFLOAT16,nan,False,DEV_1_DRAM_INTERLEAVED,,,,723968.0,,UntilizeWithUnpaddingDeviceOperation
710,0.10639535816590194,,ConcatDeviceOperation,0,1.48,19.54,110,,,,,"BF16, BF16 => BF16",BFLOAT16,BFLOAT16,BFLOAT16,False,DEV_1_DRAM_INTERLEAVED,,,,724992.0,,ConcatDeviceOperation
711,0.02710500204464343,,TilizeDeviceOperation,0,2.156,3.199,5,,,,,BF16 => BF16,BFLOAT16,BFLOAT16,nan,False,DEV_1_DRAM_INTERLEAVED,,,,726016.0,,TilizeDeviceOperation
712,0.19076252419393497,,ReshapeViewDeviceOperation,0,19.587,18.101,20,,,,,BF16 => BF16,BFLOAT16,BFLOAT16,nan,False,DEV_1_DRAM_INTERLEAVED,,,,727040.0,,ReshapeViewDeviceOperation
713,0.10381392939974544,,ReshapeViewDeviceOperation,0,19.931,0.579,20,,,,,BF16 => BF16,BFLOAT16,BFLOAT16,nan,False,DEV_1_DRAM_INTERLEAVED,,,,728064.0,,ReshapeViewDeviceOperation
714,0.021845973636728487,,ReshapeViewDeviceOperation,0,3.734,0.582,5,,,,,BF16 => BF16,BFLOAT16,BFLOAT16,nan,False,DEV_1_DRAM_INTERLEAVED,,,,729088.0,,ReshapeViewDeviceOperation
715,0.024417279152821648,,ReshapeViewDeviceOperation,0,3.656,1.168,5,,,,,BF16 => BF16,BFLOAT16,BFLOAT16,nan,False,DEV_1_DRAM_INTERLEAVED,,,,730112.0,,ReshapeViewDeviceOperation
716,0.1566623563555105,,TransposeDeviceOperation,0,3.532,27.419,110,,,,,BF16 => BF16,BFLOAT16,BFLOAT16,nan,False,DEV_1_DRAM_INTERLEAVED,,,,731136.0,,TransposeDeviceOperation
717,0.12235466189078723,,TransposeDeviceOperation,0,3.561,20.612,110,,,,,BF16 => BF16,BFLOAT16,BFLOAT16,nan,False,DEV_1_DRAM_INTERLEAVED,,,,732160.0,,TransposeDeviceOperation
718,0.10145015050995111,,TransposeDeviceOperation,0,3.496,16.547,110,,,,,BF16 => BF16,BFLOAT16,BFLOAT16,nan,False,DEV_1_DRAM_INTERLEAVED,,,,733184.0,,TransposeDeviceOperation
719,0.1005694277544389,,TransposeDeviceOperation,0,3.519,16.35,110,,,,,BF16 => BF16,BFLOAT16,BFLOAT16,nan,False,DEV_1_DRAM_INTERLEAVED,,,,734208.0,,TransposeDeviceOperation
720,0.1382987807405775,,TransposeDeviceOperation,0,3.244,24.079,110,,,,,BF16 => BF16,BFLOAT16,BFLOAT16,nan,False,DEV_1_DRAM_INTERLEAVED,,,,735232.0,,TransposeDeviceOperation
721,0.09896489261939652,,TransposeDeviceOperation,0,3.313,16.239,110,,,,,BF16 => BF16,BFLOAT16,BFLOAT16,nan,False,DEV_1_DRAM_INTERLEAVED,,,,736256.0,,TransposeDeviceOperation
722,0.2122896154536676,,LayerNormDeviceOperation,0,4.55,37.391,32,,,,,BF16 => BF16,BFLOAT16,BFLOAT16,nan,False,DEV_1_DRAM_INTERLEAVED,,,,737280.0,,LayerNormDeviceOperation
723,0.29647962460559185,,BinaryNgDeviceOperation,0,3.493,55.081,110,,,,,BF16 => BF16,BFLOAT16,BFLOAT16,nan,False,DEV_1_DRAM_INTERLEAVED,,,,738304.0,,BinaryNgDeviceOperation
724,0.09860551724214729,,LayerNormDeviceOperation,0,4.601,14.88,32,,,,,BF16 => BF16,BFLOAT16,BFLOAT16,nan,False,DEV_1_DRAM_INTERLEAVED,,,,739328.0,,LayerNormDeviceOperation
725,0.161865706888077,,BinaryNgDeviceOperation,0,3.554,28.425,110,,,,,BF16 => BF16,BFLOAT16,BFLOAT16,nan,False,DEV_1_DRAM_INTERLEAVED,,,,740352.0,,BinaryNgDeviceOperation
726,0.1742059487153115,,BinaryNgDeviceOperation,0,3.573,30.844,110,,,,,BF16 => BF16,BFLOAT16,BFLOAT16,nan,False,DEV_1_DRAM_INTERLEAVED,,,,741376.0,,BinaryNgDeviceOperation
727,0.17987496875079245,,FillPadDeviceOperation,0,4.724,30.813,110,,,,,BF16 => BF16,BFLOAT16,BFLOAT16,nan,False,DEV_1_DRAM_INTERLEAVED,,,,742400.0,,FillPadDeviceOperation
728,0.16707918067070682,,PadDeviceOperation,0,7.698,25.311,110,,,,,BF16 => BF16,BFLOAT16,BFLOAT16,nan,False,DEV_1_DRAM_INTERLEAVED,,,,743424.0,,PadDeviceOperation
729,0.06624654841462059,,FillPadDeviceOperation,0,4.665,8.423,110,,,,,BF16 => BF16,BFLOAT16,BFLOAT16,nan,False,DEV_1_DRAM_INTERLEAVED,,,,744448.0,,FillPadDeviceOperation
730,0.08407865340122726,,PadDeviceOperation,0,7.93,8.681,110,,,,,BF16 => BF16,BFLOAT16,BFLOAT16,nan,False,DEV_1_DRAM_INTERLEAVED,,,,745472.0,,PadDeviceOperation
731,0.04291751864361002,,FillPadDeviceOperation,0,4.94,3.539,110,,,,,BF16 => BF16,BFLOAT16,BFLOAT16,nan,False,DEV_1_DRAM_INTERLEAVED,,,,746496.0,,FillPadDeviceOperation
732,0.06404474152584003,,PadDeviceOperation,0,7.724,4.929,110,,,,,BF16 => BF16,BFLOAT16,BFLOAT16,nan,False,DEV_1_DRAM_INTERLEAVED,,,,747520.0,,PadDeviceOperation
733,0.03985017387441228,,FillPadDeviceOperation,0,4.737,3.136,110,,,,,BF16 => BF16,BFLOAT16,BFLOAT16,nan,False,DEV_1_DRAM_INTERLEAVED,,,,748544.0,,FillPadDeviceOperation
734,0.06433831577767744,,PadDeviceOperation,0,7.727,4.984,110,,,,,BF16 => BF16,BFLOAT16,BFLOAT16,nan,False,DEV_1_DRAM_INTERLEAVED,,,,749568.0,,PadDeviceOperation
735,0.10254852314182557,,FillPadDeviceOperation,0,13.226,7.034,32,,,,,BF16 => BF16,BFLOAT16,BFLOAT16,nan,False,DEV_1_DRAM_INTERLEAVED,,,,750592.0,,FillPadDeviceOperation
736,0.060121982126288456,,PadDeviceOperation,0,6.32,5.558,64,,,,,BF16 => BF16,BFLOAT16,BFLOAT16,nan,False,DEV_1_DRAM_INTERLEAVED,,,,751616.0,,PadDeviceOperation
737,0.062273172764752215,,FillPadDeviceOperation,0,10.501,1.802,32,,,,,BF16 => BF16,BFLOAT16,BFLOAT16,nan,False,DEV_1_DRAM_INTERLEAVED,,,,752640.0,,FillPadDeviceOperation
738,0.03863032224177753,,PadDeviceOperation,0,7.106,0.526,64,,,,,BF16 => BF16,BFLOAT16,BFLOAT16,nan,False,DEV_1_DRAM_INTERLEAVED,,,,753664.0,,PadDeviceOperation
739,0.560868546510336,,PermuteDeviceOperation,0,74.474,36.334,110,,,,,BF16 => BF16,BFLOAT16,BFLOAT16,nan,False,DEV_1_DRAM_INTERLEAVED,,,,754688.0,,PermuteDeviceOperation
740,0.17627109172823666,,AccumulationDeviceOperation,0,34.187,0.638,32,,,,,BF16 => BF16,BFLOAT16,BFLOAT16,nan,False,DEV_1_DRAM_INTERLEAVED,,,,755712.0,,AccumulationDeviceOperation
741,0.07378330808679127,,PermuteDeviceOperation,0,14.103,0.474,110,,,,,BF16 => BF16,BFLOAT16,BFLOAT16,nan,False,DEV_1_DRAM_INTERLEAVED,,,,756736.0,,PermuteDeviceOperation
742,0.25951457699923686,SLOW,MatmulDeviceOperation b={32} x 64 x 32 x 64,0,50.612,0.659,4.0,7.850154113648936,1.533233225322058,0.1657434600490002,1.4986930342972387,HiFi2 BF16 x BF16 => BF16,BFLOAT16,BFLOAT16,BFLOAT16,False,DEV_1_DRAM_INTERLEAVED,1,1,1,757760.0,"If possible place input 0 in L1 (currently in DEV_1_DRAM_INTERLEAVED) • in0_block_w=1 is small, try in0_block_w=2 or above • Output subblock 1x1 is small, try out_subblock_h * out_subblock_w >= 2 if possible • If your matmuls are not FLOP-bound use HiFi4 with BF16 activations for full accuracy",MatmulDeviceOperation
743,0.01486599271804253,,TransposeDeviceOperation,0,2.404,0.533,110,,,,,BF16 => BF16,BFLOAT16,BFLOAT16,nan,False,DEV_1_DRAM_INTERLEAVED,,,,758784.0,,TransposeDeviceOperation
744,0.01760939348521279,,BinaryNgDeviceOperation,0,2.946,0.533,110,,,,,"BF16, BF16 => BF16",BFLOAT16,BFLOAT16,BFLOAT16,False,DEV_1_DRAM_INTERLEAVED,,,,759808.0,,BinaryNgDeviceOperation
745,0.23980967075090878,,UnaryDeviceOperation,0,2.361,45.017,110,,,,,BF16 => BF16,BFLOAT16,BFLOAT16,nan,False,DEV_1_DRAM_INTERLEAVED,,,,760832.0,,UnaryDeviceOperation
746,0.26131145388548305,,BinaryNgDeviceOperation,0,3.671,47.955,110,,,,,"BF16, BF16 => BF16",BFLOAT16,BFLOAT16,BFLOAT16,False,DEV_1_DRAM_INTERLEAVED,,,,761856.0,,BinaryNgDeviceOperation
747,0.24462327615603596,,BinaryNgDeviceOperation,0,6.057,42.272,110,,,,,"BF16, BF16 => BF16",BFLOAT16,BFLOAT16,BFLOAT16,False,DEV_1_DRAM_INTERLEAVED,,,,762880.0,,BinaryNgDeviceOperation
748,0.1801584197525665,,BinaryNgDeviceOperation,0,6.094,29.499,110,,,,,"BF16, BF16 => BF16",BFLOAT16,BFLOAT16,BFLOAT16,False,DEV_1_DRAM_INTERLEAVED,,,,763904.0,,BinaryNgDeviceOperation
749,0.07626856597734588,,TransposeDeviceOperation,0,3.765,11.303,110,,,,,BF16 => BF16,BFLOAT16,BFLOAT16,nan,False,DEV_1_DRAM_INTERLEAVED,,,,764928.0,,TransposeDeviceOperation
750,0.5379697548670181,SLOW,MatmulDeviceOperation b={32} x 64 x 128 x 64,0,89.747,16.537,4.0,14.604610739077629,2.8524630349760995,0.3738780349203873,3.3806969303420433,HiFi2 BF16 x BF16 => BF16,BFLOAT16,BFLOAT16,BFLOAT16,False,DEV_1_DRAM_INTERLEAVED,1,1,1,765952.0,"If possible place input 0 in L1 (currently in DEV_1_DRAM_INTERLEAVED) • in0_block_w=1 is small, try in0_block_w=2 or above • Output subblock 1x1 is small, try out_subblock_h * out_subblock_w >= 2 if possible • If your matmuls are not FLOP-bound use HiFi4 with BF16 activations for full accuracy",MatmulDeviceOperation
751,0.023141749644838425,,BinaryNgDeviceOperation,0,4.057,0.515,110,,,,,BF16 => BF16,BFLOAT16,BFLOAT16,nan,False,DEV_1_DRAM_INTERLEAVED,,,,766976.0,,BinaryNgDeviceOperation
752,0.020696984754537254,,BinaryNgDeviceOperation,0,3.616,0.473,110,,,,,"BF16, BF16 => BF16",BFLOAT16,BFLOAT16,BFLOAT16,False,DEV_1_DRAM_INTERLEAVED,,,,768000.0,,BinaryNgDeviceOperation
753,0.06138738838420832,,BinaryNgDeviceOperation,0,4.018,8.11,110,,,,,"BF16, BF16 => BF16",BFLOAT16,BFLOAT16,BFLOAT16,False,DEV_1_DRAM_INTERLEAVED,,,,769024.0,,BinaryNgDeviceOperation
754,0.18451141727981085,,BinaryNgDeviceOperation,0,3.826,32.627,110,,,,,"BF16, BF16 => BF16",BFLOAT16,BFLOAT16,BFLOAT16,False,DEV_1_DRAM_INTERLEAVED,,,,770048.0,,BinaryNgDeviceOperation
755,0.3339457730900831,SLOW,MatmulDeviceOperation b={32} x 64 x 64 x 64,0,53.687,12.289,4.0,14.64846238381731,2.8610278093393187,0.3125005308547693,2.8257064783598205,HiFi2 BF16 x BF16 => BF16,BFLOAT16,BFLOAT16,BFLOAT16,False,DEV_1_DRAM_INTERLEAVED,1,1,1,771072.0,"If possible place input 0 in L1 (currently in DEV_1_DRAM_INTERLEAVED) • in0_block_w=1 is small, try in0_block_w=2 or above • Output subblock 1x1 is small, try out_subblock_h * out_subblock_w >= 2 if possible • If your matmuls are not FLOP-bound use HiFi4 with BF16 activations for full accuracy",MatmulDeviceOperation
756,0.017685317860687985,,BinaryNgDeviceOperation,0,2.967,0.527,110,,,,,"BF16, BF16 => BF16",BFLOAT16,BFLOAT16,BFLOAT16,False,DEV_1_DRAM_INTERLEAVED,,,,772096.0,,BinaryNgDeviceOperation
757,0.06744109192209694,,BinaryNgDeviceOperation,0,3.707,9.617,110,,,,,"BF16, BF16 => BF16",BFLOAT16,BFLOAT16,BFLOAT16,False,DEV_1_DRAM_INTERLEAVED,,,,773120.0,,BinaryNgDeviceOperation
758,0.1617087965120949,,BinaryNgDeviceOperation,0,2.798,29.15,110,,,,,"BF16, BF16 => BF16",BFLOAT16,BFLOAT16,BFLOAT16,False,DEV_1_DRAM_INTERLEAVED,,,,774144.0,,BinaryNgDeviceOperation
759,0.18632347904115207,,BinaryNgDeviceOperation,0,3.915,32.896,110,,,,,"BF16, BF16 => BF16",BFLOAT16,BFLOAT16,BFLOAT16,False,DEV_1_DRAM_INTERLEAVED,,,,775168.0,,BinaryNgDeviceOperation
760,0.30411255515336444,SLOW,MatmulDeviceOperation b={32} x 64 x 64 x 64,0,53.858,6.224,4.0,14.601953284563109,2.8519440008912325,0.3115083367373463,2.8167348156950442,HiFi2 BF16 x BF16 => BF16,BFLOAT16,BFLOAT16,BFLOAT16,False,DEV_1_DRAM_INTERLEAVED,1,1,1,776192.0,"If possible place input 0 in L1 (currently in DEV_1_DRAM_INTERLEAVED) • in0_block_w=1 is small, try in0_block_w=2 or above • Output subblock 1x1 is small, try out_subblock_h * out_subblock_w >= 2 if possible • If your matmuls are not FLOP-bound use HiFi4 with BF16 activations for full accuracy",MatmulDeviceOperation
761,0.017391743608850575,,BinaryNgDeviceOperation,0,2.916,0.52,110,,,,,"BF16, BF16 => BF16",BFLOAT16,BFLOAT16,BFLOAT16,False,DEV_1_DRAM_INTERLEAVED,,,,777216.0,,BinaryNgDeviceOperation
762,0.052367572577755546,,BinaryNgDeviceOperation,0,3.75,6.596,110,,,,,"BF16, BF16 => BF16",BFLOAT16,BFLOAT16,BFLOAT16,False,DEV_1_DRAM_INTERLEAVED,,,,778240.0,,BinaryNgDeviceOperation
763,0.16989850581335225,,BinaryNgDeviceOperation,0,2.89,30.676,110,,,,,"BF16, BF16 => BF16",BFLOAT16,BFLOAT16,BFLOAT16,False,DEV_1_DRAM_INTERLEAVED,,,,779264.0,,BinaryNgDeviceOperation
764,0.15912230612090675,,BinaryNgDeviceOperation,0,3.756,27.681,110,,,,,"BF16, BF16 => BF16",BFLOAT16,BFLOAT16,BFLOAT16,False,DEV_1_DRAM_INTERLEAVED,,,,780288.0,,BinaryNgDeviceOperation
765,0.29124084269780365,SLOW,MatmulDeviceOperation b={32} x 64 x 64 x 64,0,53.653,3.886,4.0,14.657745140066725,2.862840847669282,0.31269856298809007,2.827497133500525,HiFi2 BF16 x BF16 => BF16,BFLOAT16,BFLOAT16,BFLOAT16,False,DEV_1_DRAM_INTERLEAVED,1,1,1,781312.0,"If possible place input 0 in L1 (currently in DEV_1_DRAM_INTERLEAVED) • in0_block_w=1 is small, try in0_block_w=2 or above • Output subblock 1x1 is small, try out_subblock_h * out_subblock_w >= 2 if possible • If your matmuls are not FLOP-bound use HiFi4 with BF16 activations for full accuracy",MatmulDeviceOperation
766,0.017786550361321568,,BinaryNgDeviceOperation,0,2.981,0.533,110,,,,,"BF16, BF16 => BF16",BFLOAT16,BFLOAT16,BFLOAT16,False,DEV_1_DRAM_INTERLEAVED,,,,782336.0,,BinaryNgDeviceOperation
767,0.06736010592159006,,BinaryNgDeviceOperation,0,3.699,9.609,110,,,,,"BF16, BF16 => BF16",BFLOAT16,BFLOAT16,BFLOAT16,False,DEV_1_DRAM_INTERLEAVED,,,,783360.0,,BinaryNgDeviceOperation
768,0.15502238984524638,,BinaryNgDeviceOperation,0,2.802,27.825,110,,,,,"BF16, BF16 => BF16",BFLOAT16,BFLOAT16,BFLOAT16,False,DEV_1_DRAM_INTERLEAVED,,,,784384.0,,BinaryNgDeviceOperation
769,0.16583402091291366,,BinaryNgDeviceOperation,0,3.687,29.076,110,,,,,"BF16, BF16 => BF16",BFLOAT16,BFLOAT16,BFLOAT16,False,DEV_1_DRAM_INTERLEAVED,,,,785408.0,,BinaryNgDeviceOperation
770,0.2918482377016052,SLOW,MatmulDeviceOperation b={32} x 64 x 64 x 64,0,53.688,3.971,4.0,14.648189539561912,2.860974519445686,0.3124947101773208,2.8256538463661096,HiFi2 BF16 x BF16 => BF16,BFLOAT16,BFLOAT16,BFLOAT16,False,DEV_1_DRAM_INTERLEAVED,1,1,1,786432.0,"If possible place input 0 in L1 (currently in DEV_1_DRAM_INTERLEAVED) • in0_block_w=1 is small, try in0_block_w=2 or above • Output subblock 1x1 is small, try out_subblock_h * out_subblock_w >= 2 if possible • If your matmuls are not FLOP-bound use HiFi4 with BF16 activations for full accuracy",MatmulDeviceOperation
771,0.01769037948571966,,BinaryNgDeviceOperation,0,2.972,0.523,110,,,,,"BF16, BF16 => BF16",BFLOAT16,BFLOAT16,BFLOAT16,False,DEV_1_DRAM_INTERLEAVED,,,,787456.0,,BinaryNgDeviceOperation
772,0.10659782316716913,,BinaryNgDeviceOperation,0,3.707,17.353,110,,,,,"BF16, BF16 => BF16",BFLOAT16,BFLOAT16,BFLOAT16,False,DEV_1_DRAM_INTERLEAVED,,,,788480.0,,BinaryNgDeviceOperation
773,0.1557259557246498,,BinaryNgDeviceOperation,0,2.647,28.119,110,,,,,"BF16, BF16 => BF16",BFLOAT16,BFLOAT16,BFLOAT16,False,DEV_1_DRAM_INTERLEAVED,,,,789504.0,,BinaryNgDeviceOperation
774,0.16678054479383775,,BinaryNgDeviceOperation,0,3.709,29.241,110,,,,,"BF16, BF16 => BF16",BFLOAT16,BFLOAT16,BFLOAT16,False,DEV_1_DRAM_INTERLEAVED,,,,790528.0,,BinaryNgDeviceOperation
775,0.2953913752237808,SLOW,MatmulDeviceOperation b={32} x 64 x 64 x 64,0,53.646,4.713,4.0,14.659657756403085,2.8632144055474775,0.3127393654699325,2.8278660795530643,HiFi2 BF16 x BF16 => BF16,BFLOAT16,BFLOAT16,BFLOAT16,False,DEV_1_DRAM_INTERLEAVED,1,1,1,791552.0,"If possible place input 0 in L1 (currently in DEV_1_DRAM_INTERLEAVED) • in0_block_w=1 is small, try in0_block_w=2 or above • Output subblock 1x1 is small, try out_subblock_h * out_subblock_w >= 2 if possible • If your matmuls are not FLOP-bound use HiFi4 with BF16 activations for full accuracy",MatmulDeviceOperation
776,0.017579023735022715,,BinaryNgDeviceOperation,0,2.944,0.529,110,,,,,"BF16, BF16 => BF16",BFLOAT16,BFLOAT16,BFLOAT16,False,DEV_1_DRAM_INTERLEAVED,,,,792576.0,,BinaryNgDeviceOperation
777,0.07345430245973211,,BinaryNgDeviceOperation,0,3.836,10.676,110,,,,,"BF16, BF16 => BF16",BFLOAT16,BFLOAT16,BFLOAT16,False,DEV_1_DRAM_INTERLEAVED,,,,793600.0,,BinaryNgDeviceOperation
778,0.1490041176825795,,BinaryNgDeviceOperation,0,2.702,26.736,110,,,,,"BF16, BF16 => BF16",BFLOAT16,BFLOAT16,BFLOAT16,False,DEV_1_DRAM_INTERLEAVED,,,,794624.0,,BinaryNgDeviceOperation
779,0.17285449483185306,,BinaryNgDeviceOperation,0,3.744,30.406,110,,,,,"BF16, BF16 => BF16",BFLOAT16,BFLOAT16,BFLOAT16,False,DEV_1_DRAM_INTERLEAVED,,,,795648.0,,BinaryNgDeviceOperation
780,0.2914534309491342,SLOW,MatmulDeviceOperation b={32} x 64 x 64 x 64,0,53.688,3.893,4.0,14.648189539561912,2.860974519445686,0.3124947101773208,2.8256538463661096,HiFi2 BF16 x BF16 => BF16,BFLOAT16,BFLOAT16,BFLOAT16,False,DEV_1_DRAM_INTERLEAVED,1,1,1,796672.0,"If possible place input 0 in L1 (currently in DEV_1_DRAM_INTERLEAVED) • in0_block_w=1 is small, try in0_block_w=2 or above • Output subblock 1x1 is small, try out_subblock_h * out_subblock_w >= 2 if possible • If your matmuls are not FLOP-bound use HiFi4 with BF16 activations for full accuracy",MatmulDeviceOperation
781,0.01782704336157501,,BinaryNgDeviceOperation,0,2.982,0.54,110,,,,,"BF16, BF16 => BF16",BFLOAT16,BFLOAT16,BFLOAT16,False,DEV_1_DRAM_INTERLEAVED,,,,797696.0,,BinaryNgDeviceOperation
782,0.058856575868368594,,BinaryNgDeviceOperation,0,3.753,7.875,110,,,,,"BF16, BF16 => BF16",BFLOAT16,BFLOAT16,BFLOAT16,False,DEV_1_DRAM_INTERLEAVED,,,,798720.0,,BinaryNgDeviceOperation
783,0.152233434452791,,BinaryNgDeviceOperation,0,2.826,27.25,110,,,,,"BF16, BF16 => BF16",BFLOAT16,BFLOAT16,BFLOAT16,False,DEV_1_DRAM_INTERLEAVED,,,,799744.0,,BinaryNgDeviceOperation
784,0.1649381132823064,,BinaryNgDeviceOperation,0,4.23,28.356,110,,,,,"BF16, BF16 => BF16",BFLOAT16,BFLOAT16,BFLOAT16,False,DEV_1_DRAM_INTERLEAVED,,,,800768.0,,BinaryNgDeviceOperation
785,0.287697705175628,SLOW,MatmulDeviceOperation b={32} x 64 x 64 x 64,0,53.735,3.104,4.0,14.63537731459942,2.8584721317576993,0.31222138271145433,2.823182352353284,HiFi2 BF16 x BF16 => BF16,BFLOAT16,BFLOAT16,BFLOAT16,False,DEV_1_DRAM_INTERLEAVED,1,1,1,801792.0,"If possible place input 0 in L1 (currently in DEV_1_DRAM_INTERLEAVED) • in0_block_w=1 is small, try in0_block_w=2 or above • Output subblock 1x1 is small, try out_subblock_h * out_subblock_w >= 2 if possible • If your matmuls are not FLOP-bound use HiFi4 with BF16 activations for full accuracy",MatmulDeviceOperation
786,0.017573962109991036,,BinaryNgDeviceOperation,0,2.948,0.524,110,,,,,"BF16, BF16 => BF16",BFLOAT16,BFLOAT16,BFLOAT16,False,DEV_1_DRAM_INTERLEAVED,,,,802816.0,,BinaryNgDeviceOperation
787,0.07606103935104704,,BinaryNgDeviceOperation,0,4.149,10.878,110,,,,,"BF16, BF16 => BF16",BFLOAT16,BFLOAT16,BFLOAT16,False,DEV_1_DRAM_INTERLEAVED,,,,803840.0,,BinaryNgDeviceOperation
788,0.14800697755133868,,BinaryNgDeviceOperation,0,2.654,26.587,110,,,,,"BF16, BF16 => BF16",BFLOAT16,BFLOAT16,BFLOAT16,False,DEV_1_DRAM_INTERLEAVED,,,,804864.0,,BinaryNgDeviceOperation
789,0.16448762865448693,,BinaryNgDeviceOperation,0,3.708,28.789,110,,,,,"BF16, BF16 => BF16",BFLOAT16,BFLOAT16,BFLOAT16,False,DEV_1_DRAM_INTERLEAVED,,,,805888.0,,BinaryNgDeviceOperation
790,0.29077011156985744,SLOW,MatmulDeviceOperation b={32} x 64 x 64 x 64,0,53.769,3.677,4.0,14.62612285889639,2.856664620878201,0.3120239543231229,2.8213971564229143,HiFi2 BF16 x BF16 => BF16,BFLOAT16,BFLOAT16,BFLOAT16,False,DEV_1_DRAM_INTERLEAVED,1,1,1,806912.0,"If possible place input 0 in L1 (currently in DEV_1_DRAM_INTERLEAVED) • in0_block_w=1 is small, try in0_block_w=2 or above • Output subblock 1x1 is small, try out_subblock_h * out_subblock_w >= 2 if possible • If your matmuls are not FLOP-bound use HiFi4 with BF16 activations for full accuracy",MatmulDeviceOperation
791,0.017700502735783025,,BinaryNgDeviceOperation,0,2.966,0.531,110,,,,,"BF16, BF16 => BF16",BFLOAT16,BFLOAT16,BFLOAT16,False,DEV_1_DRAM_INTERLEAVED,,,,807936.0,,BinaryNgDeviceOperation
792,0.05877052824283005,,BinaryNgDeviceOperation,0,3.693,7.918,110,,,,,"BF16, BF16 => BF16",BFLOAT16,BFLOAT16,BFLOAT16,False,DEV_1_DRAM_INTERLEAVED,,,,808960.0,,BinaryNgDeviceOperation
793,0.15564496972414293,,BinaryNgDeviceOperation,0,2.657,28.093,110,,,,,"BF16, BF16 => BF16",BFLOAT16,BFLOAT16,BFLOAT16,False,DEV_1_DRAM_INTERLEAVED,,,,809984.0,,BinaryNgDeviceOperation
794,0.16572266516221673,,BinaryNgDeviceOperation,0,3.732,29.009,110,,,,,"BF16, BF16 => BF16",BFLOAT16,BFLOAT16,BFLOAT16,False,DEV_1_DRAM_INTERLEAVED,,,,811008.0,,BinaryNgDeviceOperation
795,0.29262772795648373,SLOW,MatmulDeviceOperation b={32} x 64 x 64 x 64,0,53.76,4.053,4.0,14.628571428571428,2.857142857142857,0.3120761904761905,2.8218694885361555,HiFi2 BF16 x BF16 => BF16,BFLOAT16,BFLOAT16,BFLOAT16,False,DEV_1_DRAM_INTERLEAVED,1,1,1,812032.0,"If possible place input 0 in L1 (currently in DEV_1_DRAM_INTERLEAVED) • in0_block_w=1 is small, try in0_block_w=2 or above • Output subblock 1x1 is small, try out_subblock_h * out_subblock_w >= 2 if possible • If your matmuls are not FLOP-bound use HiFi4 with BF16 activations for full accuracy",MatmulDeviceOperation
796,0.017579023735022715,,BinaryNgDeviceOperation,0,2.953,0.52,110,,,,,"BF16, BF16 => BF16",BFLOAT16,BFLOAT16,BFLOAT16,False,DEV_1_DRAM_INTERLEAVED,,,,813056.0,,BinaryNgDeviceOperation
797,0.06258699351671634,,BinaryNgDeviceOperation,0,3.733,8.632,110,,,,,"BF16, BF16 => BF16",BFLOAT16,BFLOAT16,BFLOAT16,False,DEV_1_DRAM_INTERLEAVED,,,,814080.0,,BinaryNgDeviceOperation
798,0.1508313643190158,,BinaryNgDeviceOperation,0,2.789,27.01,110,,,,,"BF16, BF16 => BF16",BFLOAT16,BFLOAT16,BFLOAT16,False,DEV_1_DRAM_INTERLEAVED,,,,815104.0,,BinaryNgDeviceOperation
799,0.16184039876291859,,BinaryNgDeviceOperation,0,3.921,28.053,110,,,,,"BF16, BF16 => BF16",BFLOAT16,BFLOAT16,BFLOAT16,False,DEV_1_DRAM_INTERLEAVED,,,,816128.0,,BinaryNgDeviceOperation
800,0.29270871395699066,SLOW,MatmulDeviceOperation b={32} x 64 x 64 x 64,0,53.892,3.937,4.0,14.592741037630816,2.850144733912269,0.3113118088027907,2.8149577618886603,HiFi2 BF16 x BF16 => BF16,BFLOAT16,BFLOAT16,BFLOAT16,False,DEV_1_DRAM_INTERLEAVED,1,1,1,817152.0,"If possible place input 0 in L1 (currently in DEV_1_DRAM_INTERLEAVED) • in0_block_w=1 is small, try in0_block_w=2 or above • Output subblock 1x1 is small, try out_subblock_h * out_subblock_w >= 2 if possible • If your matmuls are not FLOP-bound use HiFi4 with BF16 activations for full accuracy",MatmulDeviceOperation
801,0.017639763235402867,,BinaryNgDeviceOperation,0,2.961,0.524,110,,,,,"BF16, BF16 => BF16",BFLOAT16,BFLOAT16,BFLOAT16,False,DEV_1_DRAM_INTERLEAVED,,,,818176.0,,BinaryNgDeviceOperation
802,0.059048917619572414,,BinaryNgDeviceOperation,0,3.995,7.671,110,,,,,"BF16, BF16 => BF16",BFLOAT16,BFLOAT16,BFLOAT16,False,DEV_1_DRAM_INTERLEAVED,,,,819200.0,,BinaryNgDeviceOperation
803,0.14554702778594247,,BinaryNgDeviceOperation,0,2.702,26.053,110,,,,,"BF16, BF16 => BF16",BFLOAT16,BFLOAT16,BFLOAT16,False,DEV_1_DRAM_INTERLEAVED,,,,820224.0,,BinaryNgDeviceOperation
804,0.17000479993901754,,BinaryNgDeviceOperation,0,3.729,29.858,110,,,,,"BF16, BF16 => BF16",BFLOAT16,BFLOAT16,BFLOAT16,False,DEV_1_DRAM_INTERLEAVED,,,,821248.0,,BinaryNgDeviceOperation
805,0.2898590190641551,SLOW,MatmulDeviceOperation b={32} x 64 x 64 x 64,0,53.662,3.604,4.0,14.655286795125042,2.8623607021728597,0.31264611829600086,2.827022915726281,HiFi2 BF16 x BF16 => BF16,BFLOAT16,BFLOAT16,BFLOAT16,False,DEV_1_DRAM_INTERLEAVED,1,1,1,822272.0,"If possible place input 0 in L1 (currently in DEV_1_DRAM_INTERLEAVED) • in0_block_w=1 is small, try in0_block_w=2 or above • Output subblock 1x1 is small, try out_subblock_h * out_subblock_w >= 2 if possible • If your matmuls are not FLOP-bound use HiFi4 with BF16 activations for full accuracy",MatmulDeviceOperation
806,0.017933337487240276,,BinaryNgDeviceOperation,0,3.007,0.536,110,,,,,"BF16, BF16 => BF16",BFLOAT16,BFLOAT16,BFLOAT16,False,DEV_1_DRAM_INTERLEAVED,,,,823296.0,,BinaryNgDeviceOperation
807,0.06381190677438277,,BinaryNgDeviceOperation,0,3.727,8.88,110,,,,,"BF16, BF16 => BF16",BFLOAT16,BFLOAT16,BFLOAT16,False,DEV_1_DRAM_INTERLEAVED,,,,824320.0,,BinaryNgDeviceOperation
808,0.188282327928412,,BinaryNgDeviceOperation,0,2.632,34.566,110,,,,,"BF16, BF16 => BF16",BFLOAT16,BFLOAT16,BFLOAT16,False,DEV_1_DRAM_INTERLEAVED,,,,825344.0,,BinaryNgDeviceOperation
809,0.16742337117286102,,BinaryNgDeviceOperation,0,3.699,29.378,110,,,,,"BF16, BF16 => BF16",BFLOAT16,BFLOAT16,BFLOAT16,False,DEV_1_DRAM_INTERLEAVED,,,,826368.0,,BinaryNgDeviceOperation
810,0.2968187534827144,SLOW,MatmulDeviceOperation b={32} x 64 x 64 x 64,0,53.862,4.779,4.0,14.600868887156064,2.8517322045226687,0.311485202925996,2.8165256340964633,HiFi2 BF16 x BF16 => BF16,BFLOAT16,BFLOAT16,BFLOAT16,False,DEV_1_DRAM_INTERLEAVED,1,1,1,827392.0,"If possible place input 0 in L1 (currently in DEV_1_DRAM_INTERLEAVED) • in0_block_w=1 is small, try in0_block_w=2 or above • Output subblock 1x1 is small, try out_subblock_h * out_subblock_w >= 2 if possible • If your matmuls are not FLOP-bound use HiFi4 with BF16 activations for full accuracy",MatmulDeviceOperation
811,0.017842228236670046,,BinaryNgDeviceOperation,0,2.984,0.541,110,,,,,"BF16, BF16 => BF16",BFLOAT16,BFLOAT16,BFLOAT16,False,DEV_1_DRAM_INTERLEAVED,,,,828416.0,,BinaryNgDeviceOperation
812,0.04859666192915435,,BinaryNgDeviceOperation,0,3.716,5.885,110,,,,,"BF16, BF16 => BF16",BFLOAT16,BFLOAT16,BFLOAT16,False,DEV_1_DRAM_INTERLEAVED,,,,829440.0,,BinaryNgDeviceOperation
813,0.15456684359239523,,BinaryNgDeviceOperation,0,2.624,27.913,110,,,,,"BF16, BF16 => BF16",BFLOAT16,BFLOAT16,BFLOAT16,False,DEV_1_DRAM_INTERLEAVED,,,,830464.0,,BinaryNgDeviceOperation
814,0.16560118616145642,,BinaryNgDeviceOperation,0,3.673,29.044,110,,,,,"BF16, BF16 => BF16",BFLOAT16,BFLOAT16,BFLOAT16,False,DEV_1_DRAM_INTERLEAVED,,,,831488.0,,BinaryNgDeviceOperation
815,0.29114467182220166,SLOW,MatmulDeviceOperation b={32} x 64 x 64 x 64,0,53.684,3.836,4.0,14.64928097757246,2.861187690932121,0.31251799418821247,2.8258643861057986,HiFi2 BF16 x BF16 => BF16,BFLOAT16,BFLOAT16,BFLOAT16,False,DEV_1_DRAM_INTERLEAVED,1,1,1,832512.0,"If possible place input 0 in L1 (currently in DEV_1_DRAM_INTERLEAVED) • in0_block_w=1 is small, try in0_block_w=2 or above • Output subblock 1x1 is small, try out_subblock_h * out_subblock_w >= 2 if possible • If your matmuls are not FLOP-bound use HiFi4 with BF16 activations for full accuracy",MatmulDeviceOperation
816,0.01743223660910401,,BinaryNgDeviceOperation,0,2.919,0.525,110,,,,,"BF16, BF16 => BF16",BFLOAT16,BFLOAT16,BFLOAT16,False,DEV_1_DRAM_INTERLEAVED,,,,833536.0,,BinaryNgDeviceOperation
817,0.06221243326437206,,BinaryNgDeviceOperation,0,3.702,8.589,110,,,,,"BF16, BF16 => BF16",BFLOAT16,BFLOAT16,BFLOAT16,False,DEV_1_DRAM_INTERLEAVED,,,,834560.0,,BinaryNgDeviceOperation
818,0.152486515704375,,BinaryNgDeviceOperation,0,2.733,27.393,110,,,,,"BF16, BF16 => BF16",BFLOAT16,BFLOAT16,BFLOAT16,False,DEV_1_DRAM_INTERLEAVED,,,,835584.0,,BinaryNgDeviceOperation
819,0.16404220565169914,,BinaryNgDeviceOperation,0,3.71,28.699,110,,,,,"BF16, BF16 => BF16",BFLOAT16,BFLOAT16,BFLOAT16,False,DEV_1_DRAM_INTERLEAVED,,,,836608.0,,BinaryNgDeviceOperation
820,0.29537112872365406,SLOW,MatmulDeviceOperation b={32} x 64 x 64 x 64,0,54.116,4.239,4.0,14.532337940719934,2.838347254046862,0.31002320940202527,2.803305929922827,HiFi2 BF16 x BF16 => BF16,BFLOAT16,BFLOAT16,BFLOAT16,False,DEV_1_DRAM_INTERLEAVED,1,1,1,837632.0,"If possible place input 0 in L1 (currently in DEV_1_DRAM_INTERLEAVED) • in0_block_w=1 is small, try in0_block_w=2 or above • Output subblock 1x1 is small, try out_subblock_h * out_subblock_w >= 2 if possible • If your matmuls are not FLOP-bound use HiFi4 with BF16 activations for full accuracy",MatmulDeviceOperation
821,0.01734618898356546,,BinaryNgDeviceOperation,0,2.904,0.523,110,,,,,"BF16, BF16 => BF16",BFLOAT16,BFLOAT16,BFLOAT16,False,DEV_1_DRAM_INTERLEAVED,,,,838656.0,,BinaryNgDeviceOperation
822,0.05541973247185825,,BinaryNgDeviceOperation,0,3.711,7.238,110,,,,,"BF16, BF16 => BF16",BFLOAT16,BFLOAT16,BFLOAT16,False,DEV_1_DRAM_INTERLEAVED,,,,839680.0,,BinaryNgDeviceOperation
823,0.14786525205045165,,BinaryNgDeviceOperation,0,2.767,26.446,110,,,,,"BF16, BF16 => BF16",BFLOAT16,BFLOAT16,BFLOAT16,False,DEV_1_DRAM_INTERLEAVED,,,,840704.0,,BinaryNgDeviceOperation
824,0.17465643334313097,,BinaryNgDeviceOperation,0,3.798,30.708,110,,,,,"BF16, BF16 => BF16",BFLOAT16,BFLOAT16,BFLOAT16,False,DEV_1_DRAM_INTERLEAVED,,,,841728.0,,BinaryNgDeviceOperation
825,0.29314401370971516,SLOW,MatmulDeviceOperation b={32} x 64 x 64 x 64,0,53.761,4.154,4.0,14.628299324789344,2.8570897118729186,0.31207038559550604,2.821816999380661,HiFi2 BF16 x BF16 => BF16,BFLOAT16,BFLOAT16,BFLOAT16,False,DEV_1_DRAM_INTERLEAVED,1,1,1,842752.0,"If possible place input 0 in L1 (currently in DEV_1_DRAM_INTERLEAVED) • in0_block_w=1 is small, try in0_block_w=2 or above • Output subblock 1x1 is small, try out_subblock_h * out_subblock_w >= 2 if possible • If your matmuls are not FLOP-bound use HiFi4 with BF16 activations for full accuracy",MatmulDeviceOperation
826,0.017918152612145237,,BinaryNgDeviceOperation,0,3.01,0.53,110,,,,,"BF16, BF16 => BF16",BFLOAT16,BFLOAT16,BFLOAT16,False,DEV_1_DRAM_INTERLEAVED,,,,843776.0,,BinaryNgDeviceOperation
827,0.050641558441952846,,BinaryNgDeviceOperation,0,3.859,6.146,110,,,,,"BF16, BF16 => BF16",BFLOAT16,BFLOAT16,BFLOAT16,False,DEV_1_DRAM_INTERLEAVED,,,,844800.0,,BinaryNgDeviceOperation
828,0.15058840631749518,,BinaryNgDeviceOperation,0,2.772,26.979,110,,,,,"BF16, BF16 => BF16",BFLOAT16,BFLOAT16,BFLOAT16,False,DEV_1_DRAM_INTERLEAVED,,,,845824.0,,BinaryNgDeviceOperation
829,0.16969604081208506,,BinaryNgDeviceOperation,0,4.123,29.403,110,,,,,"BF16, BF16 => BF16",BFLOAT16,BFLOAT16,BFLOAT16,False,DEV_1_DRAM_INTERLEAVED,,,,846848.0,,BinaryNgDeviceOperation
830,0.28924656243532193,SLOW,MatmulDeviceOperation b={32} x 64 x 64 x 64,0,54.002,3.143,4.0,14.563016184585756,2.8443390985519055,0.3106776786044961,2.809223801038919,HiFi2 BF16 x BF16 => BF16,BFLOAT16,BFLOAT16,BFLOAT16,False,DEV_1_DRAM_INTERLEAVED,1,1,1,847872.0,"If possible place input 0 in L1 (currently in DEV_1_DRAM_INTERLEAVED) • in0_block_w=1 is small, try in0_block_w=2 or above • Output subblock 1x1 is small, try out_subblock_h * out_subblock_w >= 2 if possible • If your matmuls are not FLOP-bound use HiFi4 with BF16 activations for full accuracy",MatmulDeviceOperation
831,0.017498037734515845,,BinaryNgDeviceOperation,0,2.927,0.53,110,,,,,"BF16, BF16 => BF16",BFLOAT16,BFLOAT16,BFLOAT16,False,DEV_1_DRAM_INTERLEAVED,,,,848896.0,,BinaryNgDeviceOperation
832,0.05129956969607118,,BinaryNgDeviceOperation,0,3.861,6.274,110,,,,,"BF16, BF16 => BF16",BFLOAT16,BFLOAT16,BFLOAT16,False,DEV_1_DRAM_INTERLEAVED,,,,849920.0,,BinaryNgDeviceOperation
833,0.15002656593897878,,BinaryNgDeviceOperation,0,2.787,26.853,110,,,,,"BF16, BF16 => BF16",BFLOAT16,BFLOAT16,BFLOAT16,False,DEV_1_DRAM_INTERLEAVED,,,,850944.0,,BinaryNgDeviceOperation
834,0.16441676590404342,,BinaryNgDeviceOperation,0,3.69,28.793,110,,,,,"BF16, BF16 => BF16",BFLOAT16,BFLOAT16,BFLOAT16,False,DEV_1_DRAM_INTERLEAVED,,,,851968.0,,BinaryNgDeviceOperation
835,0.29094726844596625,SLOW,MatmulDeviceOperation b={32} x 64 x 64 x 64,0,53.689,3.792,4.0,14.647916705470394,2.860921231537186,0.31248888971670175,2.8256012163330233,HiFi2 BF16 x BF16 => BF16,BFLOAT16,BFLOAT16,BFLOAT16,False,DEV_1_DRAM_INTERLEAVED,1,1,1,852992.0,"If possible place input 0 in L1 (currently in DEV_1_DRAM_INTERLEAVED) • in0_block_w=1 is small, try in0_block_w=2 or above • Output subblock 1x1 is small, try out_subblock_h * out_subblock_w >= 2 if possible • If your matmuls are not FLOP-bound use HiFi4 with BF16 activations for full accuracy",MatmulDeviceOperation
836,0.017538530734769277,,BinaryNgDeviceOperation,0,2.933,0.532,110,,,,,"BF16, BF16 => BF16",BFLOAT16,BFLOAT16,BFLOAT16,False,DEV_1_DRAM_INTERLEAVED,,,,854016.0,,BinaryNgDeviceOperation
837,0.05495912459397542,,BinaryNgDeviceOperation,0,3.699,7.159,110,,,,,"BF16, BF16 => BF16",BFLOAT16,BFLOAT16,BFLOAT16,False,DEV_1_DRAM_INTERLEAVED,,,,855040.0,,BinaryNgDeviceOperation
838,0.14822968905273257,,BinaryNgDeviceOperation,0,2.71,26.575,110,,,,,"BF16, BF16 => BF16",BFLOAT16,BFLOAT16,BFLOAT16,False,DEV_1_DRAM_INTERLEAVED,,,,856064.0,,BinaryNgDeviceOperation
839,0.16960999318654654,,BinaryNgDeviceOperation,0,3.93,29.579,110,,,,,"BF16, BF16 => BF16",BFLOAT16,BFLOAT16,BFLOAT16,False,DEV_1_DRAM_INTERLEAVED,,,,857088.0,,BinaryNgDeviceOperation
840,0.29521927997270364,SLOW,MatmulDeviceOperation b={32} x 64 x 64 x 64,0,53.681,4.644,4.0,14.65009966282297,2.8613475903951113,0.31253545947355676,2.826022311501345,HiFi2 BF16 x BF16 => BF16,BFLOAT16,BFLOAT16,BFLOAT16,False,DEV_1_DRAM_INTERLEAVED,1,1,1,858112.0,"If possible place input 0 in L1 (currently in DEV_1_DRAM_INTERLEAVED) • in0_block_w=1 is small, try in0_block_w=2 or above • Output subblock 1x1 is small, try out_subblock_h * out_subblock_w >= 2 if possible • If your matmuls are not FLOP-bound use HiFi4 with BF16 activations for full accuracy",MatmulDeviceOperation
841,0.01746260635929409,,BinaryNgDeviceOperation,0,2.92,0.53,110,,,,,"BF16, BF16 => BF16",BFLOAT16,BFLOAT16,BFLOAT16,False,DEV_1_DRAM_INTERLEAVED,,,,859136.0,,BinaryNgDeviceOperation
842,0.05175005432389065,,BinaryNgDeviceOperation,0,4.017,6.207,110,,,,,"BF16, BF16 => BF16",BFLOAT16,BFLOAT16,BFLOAT16,False,DEV_1_DRAM_INTERLEAVED,,,,860160.0,,BinaryNgDeviceOperation
843,0.1471869942962066,,BinaryNgDeviceOperation,0,2.733,26.346,110,,,,,"BF16, BF16 => BF16",BFLOAT16,BFLOAT16,BFLOAT16,False,DEV_1_DRAM_INTERLEAVED,,,,861184.0,,BinaryNgDeviceOperation
844,0.20521852528441148,,BinaryNgDeviceOperation,0,3.7,36.844,110,,,,,"BF16, BF16 => BF16",BFLOAT16,BFLOAT16,BFLOAT16,False,DEV_1_DRAM_INTERLEAVED,,,,862208.0,,BinaryNgDeviceOperation
845,0.29888895812067123,SLOW,MatmulDeviceOperation b={32} x 64 x 64 x 64,0,53.86,5.19,4.0,14.601411065725957,2.851838098774601,0.3114967694021537,2.816630221011951,HiFi2 BF16 x BF16 => BF16,BFLOAT16,BFLOAT16,BFLOAT16,False,DEV_1_DRAM_INTERLEAVED,1,1,1,863232.0,"If possible place input 0 in L1 (currently in DEV_1_DRAM_INTERLEAVED) • in0_block_w=1 is small, try in0_block_w=2 or above • Output subblock 1x1 is small, try out_subblock_h * out_subblock_w >= 2 if possible • If your matmuls are not FLOP-bound use HiFi4 with BF16 activations for full accuracy",MatmulDeviceOperation
846,0.01763976323540287,,BinaryNgDeviceOperation,0,2.955,0.53,110,,,,,"BF16, BF16 => BF16",BFLOAT16,BFLOAT16,BFLOAT16,False,DEV_1_DRAM_INTERLEAVED,,,,864256.0,,BinaryNgDeviceOperation
847,0.0539771693378296,,BinaryNgDeviceOperation,0,3.719,6.945,110,,,,,"BF16, BF16 => BF16",BFLOAT16,BFLOAT16,BFLOAT16,False,DEV_1_DRAM_INTERLEAVED,,,,865280.0,,BinaryNgDeviceOperation
848,0.15041124944138642,,BinaryNgDeviceOperation,0,2.704,27.012,110,,,,,"BF16, BF16 => BF16",BFLOAT16,BFLOAT16,BFLOAT16,False,DEV_1_DRAM_INTERLEAVED,,,,866304.0,,BinaryNgDeviceOperation
849,0.16669955879333084,,BinaryNgDeviceOperation,0,3.701,29.233,110,,,,,"BF16, BF16 => BF16",BFLOAT16,BFLOAT16,BFLOAT16,False,DEV_1_DRAM_INTERLEAVED,,,,867328.0,,BinaryNgDeviceOperation
850,0.2934628960867109,SLOW,MatmulDeviceOperation b={32} x 64 x 64 x 64,0,53.92,4.058,4.0,14.585163204747772,2.8486646884272995,0.3111501483679525,2.8134959885701725,HiFi2 BF16 x BF16 => BF16,BFLOAT16,BFLOAT16,BFLOAT16,False,DEV_1_DRAM_INTERLEAVED,1,1,1,868352.0,"If possible place input 0 in L1 (currently in DEV_1_DRAM_INTERLEAVED) • in0_block_w=1 is small, try in0_block_w=2 or above • Output subblock 1x1 is small, try out_subblock_h * out_subblock_w >= 2 if possible • If your matmuls are not FLOP-bound use HiFi4 with BF16 activations for full accuracy",MatmulDeviceOperation
851,0.017740995736036456,,BinaryNgDeviceOperation,0,2.97,0.535,110,,,,,"BF16, BF16 => BF16",BFLOAT16,BFLOAT16,BFLOAT16,False,DEV_1_DRAM_INTERLEAVED,,,,869376.0,,BinaryNgDeviceOperation
852,0.05032267606495705,,BinaryNgDeviceOperation,0,3.75,6.192,110,,,,,"BF16, BF16 => BF16",BFLOAT16,BFLOAT16,BFLOAT16,False,DEV_1_DRAM_INTERLEAVED,,,,870400.0,,BinaryNgDeviceOperation
853,0.144828277031444,,BinaryNgDeviceOperation,0,2.626,25.987,110,,,,,"BF16, BF16 => BF16",BFLOAT16,BFLOAT16,BFLOAT16,False,DEV_1_DRAM_INTERLEAVED,,,,871424.0,,BinaryNgDeviceOperation
854,0.17157896532386982,,BinaryNgDeviceOperation,0,4.187,29.711,110,,,,,"BF16, BF16 => BF16",BFLOAT16,BFLOAT16,BFLOAT16,False,DEV_1_DRAM_INTERLEAVED,,,,872448.0,,BinaryNgDeviceOperation
855,0.2917267587008448,SLOW,MatmulDeviceOperation b={32} x 64 x 64 x 64,0,53.839,3.796,4.0,14.6071063727038,2.852950463418711,0.31161826928434777,2.8177288527592212,HiFi2 BF16 x BF16 => BF16,BFLOAT16,BFLOAT16,BFLOAT16,False,DEV_1_DRAM_INTERLEAVED,1,1,1,873472.0,"If possible place input 0 in L1 (currently in DEV_1_DRAM_INTERLEAVED) • in0_block_w=1 is small, try in0_block_w=2 or above • Output subblock 1x1 is small, try out_subblock_h * out_subblock_w >= 2 if possible • If your matmuls are not FLOP-bound use HiFi4 with BF16 activations for full accuracy",MatmulDeviceOperation
856,0.01780173523641661,,BinaryNgDeviceOperation,0,2.993,0.524,110,,,,,"BF16, BF16 => BF16",BFLOAT16,BFLOAT16,BFLOAT16,False,DEV_1_DRAM_INTERLEAVED,,,,874496.0,,BinaryNgDeviceOperation
857,0.07272542845517027,,BinaryNgDeviceOperation,0,3.974,10.394,110,,,,,"BF16, BF16 => BF16",BFLOAT16,BFLOAT16,BFLOAT16,False,DEV_1_DRAM_INTERLEAVED,,,,875520.0,,BinaryNgDeviceOperation
858,0.14296053739475426,,BinaryNgDeviceOperation,0,2.762,25.482,110,,,,,"BF16, BF16 => BF16",BFLOAT16,BFLOAT16,BFLOAT16,False,DEV_1_DRAM_INTERLEAVED,,,,876544.0,,BinaryNgDeviceOperation
859,0.1679194104259656,,BinaryNgDeviceOperation,0,3.751,29.424,110,,,,,"BF16, BF16 => BF16",BFLOAT16,BFLOAT16,BFLOAT16,False,DEV_1_DRAM_INTERLEAVED,,,,877568.0,,BinaryNgDeviceOperation
860,0.291519232074546,SLOW,MatmulDeviceOperation b={32} x 64 x 64 x 64,0,53.944,3.65,4.0,14.578674180631765,2.8473973009046416,0.31101171585347764,2.8122442478070537,HiFi2 BF16 x BF16 => BF16,BFLOAT16,BFLOAT16,BFLOAT16,False,DEV_1_DRAM_INTERLEAVED,1,1,1,878592.0,"If possible place input 0 in L1 (currently in DEV_1_DRAM_INTERLEAVED) • in0_block_w=1 is small, try in0_block_w=2 or above • Output subblock 1x1 is small, try out_subblock_h * out_subblock_w >= 2 if possible • If your matmuls are not FLOP-bound use HiFi4 with BF16 activations for full accuracy",MatmulDeviceOperation
861,0.017371497108723856,,BinaryNgDeviceOperation,0,2.913,0.519,110,,,,,"BF16, BF16 => BF16",BFLOAT16,BFLOAT16,BFLOAT16,False,DEV_1_DRAM_INTERLEAVED,,,,879616.0,,BinaryNgDeviceOperation
862,0.06072937713008998,,BinaryNgDeviceOperation,0,3.702,8.296,110,,,,,"BF16, BF16 => BF16",BFLOAT16,BFLOAT16,BFLOAT16,False,DEV_1_DRAM_INTERLEAVED,,,,880640.0,,BinaryNgDeviceOperation
863,0.15304329445785972,,BinaryNgDeviceOperation,0,2.739,27.497,110,,,,,"BF16, BF16 => BF16",BFLOAT16,BFLOAT16,BFLOAT16,False,DEV_1_DRAM_INTERLEAVED,,,,881664.0,,BinaryNgDeviceOperation
864,0.16502922253287663,,BinaryNgDeviceOperation,0,3.778,28.826,110,,,,,"BF16, BF16 => BF16",BFLOAT16,BFLOAT16,BFLOAT16,False,DEV_1_DRAM_INTERLEAVED,,,,882688.0,,BinaryNgDeviceOperation
865,0.29240501645508993,SLOW,MatmulDeviceOperation b={32} x 64 x 64 x 64,0,53.763,4.006,4.0,14.627755147592211,2.8569834272641037,0.31205877648196717,2.8217120269275098,HiFi2 BF16 x BF16 => BF16,BFLOAT16,BFLOAT16,BFLOAT16,False,DEV_1_DRAM_INTERLEAVED,1,1,1,883712.0,"If possible place input 0 in L1 (currently in DEV_1_DRAM_INTERLEAVED) • in0_block_w=1 is small, try in0_block_w=2 or above • Output subblock 1x1 is small, try out_subblock_h * out_subblock_w >= 2 if possible • If your matmuls are not FLOP-bound use HiFi4 with BF16 activations for full accuracy",MatmulDeviceOperation
866,0.017994076987620428,,BinaryNgDeviceOperation,0,3.025,0.53,110,,,,,"BF16, BF16 => BF16",BFLOAT16,BFLOAT16,BFLOAT16,False,DEV_1_DRAM_INTERLEAVED,,,,884736.0,,BinaryNgDeviceOperation
867,0.047650138048230296,,BinaryNgDeviceOperation,0,3.717,5.697,110,,,,,"BF16, BF16 => BF16",BFLOAT16,BFLOAT16,BFLOAT16,False,DEV_1_DRAM_INTERLEAVED,,,,885760.0,,BinaryNgDeviceOperation
868,0.1501632298148341,,BinaryNgDeviceOperation,0,2.819,26.848,110,,,,,"BF16, BF16 => BF16",BFLOAT16,BFLOAT16,BFLOAT16,False,DEV_1_DRAM_INTERLEAVED,,,,886784.0,,BinaryNgDeviceOperation
869,0.16685646916931293,,BinaryNgDeviceOperation,0,4.296,28.669,110,,,,,"BF16, BF16 => BF16",BFLOAT16,BFLOAT16,BFLOAT16,False,DEV_1_DRAM_INTERLEAVED,,,,887808.0,,BinaryNgDeviceOperation
870,0.2880165875526238,SLOW,MatmulDeviceOperation b={32} x 64 x 64 x 64,0,53.781,3.121,4.0,14.622859374128408,2.856027221509455,0.3119543333147394,2.8207676261821777,HiFi2 BF16 x BF16 => BF16,BFLOAT16,BFLOAT16,BFLOAT16,False,DEV_1_DRAM_INTERLEAVED,1,1,1,888832.0,"If possible place input 0 in L1 (currently in DEV_1_DRAM_INTERLEAVED) • in0_block_w=1 is small, try in0_block_w=2 or above • Output subblock 1x1 is small, try out_subblock_h * out_subblock_w >= 2 if possible • If your matmuls are not FLOP-bound use HiFi4 with BF16 activations for full accuracy",MatmulDeviceOperation
871,0.01797889211252539,,BinaryNgDeviceOperation,0,3.031,0.521,110,,,,,"BF16, BF16 => BF16",BFLOAT16,BFLOAT16,BFLOAT16,False,DEV_1_DRAM_INTERLEAVED,,,,889856.0,,BinaryNgDeviceOperation
872,0.055004679219260534,,BinaryNgDeviceOperation,0,3.759,7.108,110,,,,,"BF16, BF16 => BF16",BFLOAT16,BFLOAT16,BFLOAT16,False,DEV_1_DRAM_INTERLEAVED,,,,890880.0,,BinaryNgDeviceOperation
873,0.15736086060988227,,BinaryNgDeviceOperation,0,2.656,28.433,110,,,,,"BF16, BF16 => BF16",BFLOAT16,BFLOAT16,BFLOAT16,False,DEV_1_DRAM_INTERLEAVED,,,,891904.0,,BinaryNgDeviceOperation
874,0.16099510738262812,,BinaryNgDeviceOperation,0,3.693,28.114,110,,,,,"BF16, BF16 => BF16",BFLOAT16,BFLOAT16,BFLOAT16,False,DEV_1_DRAM_INTERLEAVED,,,,892928.0,,BinaryNgDeviceOperation
875,0.2946878093443773,SLOW,MatmulDeviceOperation b={32} x 64 x 64 x 64,0,53.761,4.459,4.0,14.628299324789344,2.8570897118729186,0.31207038559550604,2.821816999380661,HiFi2 BF16 x BF16 => BF16,BFLOAT16,BFLOAT16,BFLOAT16,False,DEV_1_DRAM_INTERLEAVED,1,1,1,893952.0,"If possible place input 0 in L1 (currently in DEV_1_DRAM_INTERLEAVED) • in0_block_w=1 is small, try in0_block_w=2 or above • Output subblock 1x1 is small, try out_subblock_h * out_subblock_w >= 2 if possible • If your matmuls are not FLOP-bound use HiFi4 with BF16 activations for full accuracy",MatmulDeviceOperation
876,0.01751828423464256,,BinaryNgDeviceOperation,0,2.934,0.527,110,,,,,"BF16, BF16 => BF16",BFLOAT16,BFLOAT16,BFLOAT16,False,DEV_1_DRAM_INTERLEAVED,,,,894976.0,,BinaryNgDeviceOperation
877,0.05441753071558572,,BinaryNgDeviceOperation,0,3.87,6.881,110,,,,,"BF16, BF16 => BF16",BFLOAT16,BFLOAT16,BFLOAT16,False,DEV_1_DRAM_INTERLEAVED,,,,896000.0,,BinaryNgDeviceOperation
878,0.14389693802561496,,BinaryNgDeviceOperation,0,2.81,25.619,110,,,,,"BF16, BF16 => BF16",BFLOAT16,BFLOAT16,BFLOAT16,False,DEV_1_DRAM_INTERLEAVED,,,,897024.0,,BinaryNgDeviceOperation
879,0.17170550594966186,,BinaryNgDeviceOperation,0,3.819,30.104,110,,,,,"BF16, BF16 => BF16",BFLOAT16,BFLOAT16,BFLOAT16,False,DEV_1_DRAM_INTERLEAVED,,,,898048.0,,BinaryNgDeviceOperation
880,0.29209625732815747,SLOW,MatmulDeviceOperation b={32} x 64 x 64 x 64,0,53.797,3.911,4.0,14.6185103258546,2.8551777980184765,0.3118615536182315,2.8199286894009647,HiFi2 BF16 x BF16 => BF16,BFLOAT16,BFLOAT16,BFLOAT16,False,DEV_1_DRAM_INTERLEAVED,1,1,1,899072.0,"If possible place input 0 in L1 (currently in DEV_1_DRAM_INTERLEAVED) • in0_block_w=1 is small, try in0_block_w=2 or above • Output subblock 1x1 is small, try out_subblock_h * out_subblock_w >= 2 if possible • If your matmuls are not FLOP-bound use HiFi4 with BF16 activations for full accuracy",MatmulDeviceOperation
881,0.01759420861011775,,BinaryNgDeviceOperation,0,2.937,0.539,110,,,,,"BF16, BF16 => BF16",BFLOAT16,BFLOAT16,BFLOAT16,False,DEV_1_DRAM_INTERLEAVED,,,,900096.0,,BinaryNgDeviceOperation
882,0.07504365271967946,,BinaryNgDeviceOperation,0,3.925,10.901,110,,,,,"BF16, BF16 => BF16",BFLOAT16,BFLOAT16,BFLOAT16,False,DEV_1_DRAM_INTERLEAVED,,,,901120.0,,BinaryNgDeviceOperation
883,0.1543036390907479,,BinaryNgDeviceOperation,0,2.638,27.847,110,,,,,"BF16, BF16 => BF16",BFLOAT16,BFLOAT16,BFLOAT16,False,DEV_1_DRAM_INTERLEAVED,,,,902144.0,,BinaryNgDeviceOperation
884,0.16613771841481445,,BinaryNgDeviceOperation,0,3.722,29.101,110,,,,,"BF16, BF16 => BF16",BFLOAT16,BFLOAT16,BFLOAT16,False,DEV_1_DRAM_INTERLEAVED,,,,903168.0,,BinaryNgDeviceOperation
885,0.29502693822149983,SLOW,MatmulDeviceOperation b={32} x 64 x 64 x 64,0,53.823,4.464,4.0,14.61144863719971,2.8537985619530684,0.31171090426026044,2.818566480941302,HiFi2 BF16 x BF16 => BF16,BFLOAT16,BFLOAT16,BFLOAT16,False,DEV_1_DRAM_INTERLEAVED,1,1,1,904192.0,"If possible place input 0 in L1 (currently in DEV_1_DRAM_INTERLEAVED) • in0_block_w=1 is small, try in0_block_w=2 or above • Output subblock 1x1 is small, try out_subblock_h * out_subblock_w >= 2 if possible • If your matmuls are not FLOP-bound use HiFi4 with BF16 activations for full accuracy",MatmulDeviceOperation
886,0.01797383048749371,,BinaryNgDeviceOperation,0,3.028,0.523,110,,,,,"BF16, BF16 => BF16",BFLOAT16,BFLOAT16,BFLOAT16,False,DEV_1_DRAM_INTERLEAVED,,,,905216.0,,BinaryNgDeviceOperation
887,0.05682180260563345,,BinaryNgDeviceOperation,0,3.727,7.499,110,,,,,"BF16, BF16 => BF16",BFLOAT16,BFLOAT16,BFLOAT16,False,DEV_1_DRAM_INTERLEAVED,,,,906240.0,,BinaryNgDeviceOperation
888,0.15832763099093305,,BinaryNgDeviceOperation,0,2.741,28.539,110,,,,,"BF16, BF16 => BF16",BFLOAT16,BFLOAT16,BFLOAT16,False,DEV_1_DRAM_INTERLEAVED,,,,907264.0,,BinaryNgDeviceOperation
889,0.16784348605049043,,BinaryNgDeviceOperation,0,3.744,29.416,110,,,,,"BF16, BF16 => BF16",BFLOAT16,BFLOAT16,BFLOAT16,False,DEV_1_DRAM_INTERLEAVED,,,,908288.0,,BinaryNgDeviceOperation
890,0.2919697167023655,SLOW,MatmulDeviceOperation b={32} x 64 x 64 x 64,0,54.127,3.556,4.0,14.529384595488386,2.8377704288063255,0.30996020470375224,2.802736225981556,HiFi2 BF16 x BF16 => BF16,BFLOAT16,BFLOAT16,BFLOAT16,False,DEV_1_DRAM_INTERLEAVED,1,1,1,909312.0,"If possible place input 0 in L1 (currently in DEV_1_DRAM_INTERLEAVED) • in0_block_w=1 is small, try in0_block_w=2 or above • Output subblock 1x1 is small, try out_subblock_h * out_subblock_w >= 2 if possible • If your matmuls are not FLOP-bound use HiFi4 with BF16 activations for full accuracy",MatmulDeviceOperation
891,0.018206665238950964,,BinaryNgDeviceOperation,0,3.07,0.527,110,,,,,"BF16, BF16 => BF16",BFLOAT16,BFLOAT16,BFLOAT16,False,DEV_1_DRAM_INTERLEAVED,,,,910336.0,,BinaryNgDeviceOperation
892,0.05062131194182613,,BinaryNgDeviceOperation,0,3.711,6.29,110,,,,,"BF16, BF16 => BF16",BFLOAT16,BFLOAT16,BFLOAT16,False,DEV_1_DRAM_INTERLEAVED,,,,911360.0,,BinaryNgDeviceOperation
893,0.15110975369575816,,BinaryNgDeviceOperation,0,2.93,26.924,110,,,,,"BF16, BF16 => BF16",BFLOAT16,BFLOAT16,BFLOAT16,False,DEV_1_DRAM_INTERLEAVED,,,,912384.0,,BinaryNgDeviceOperation
894,0.16437627290379,,BinaryNgDeviceOperation,0,4.236,28.239,110,,,,,"BF16, BF16 => BF16",BFLOAT16,BFLOAT16,BFLOAT16,False,DEV_1_DRAM_INTERLEAVED,,,,913408.0,,BinaryNgDeviceOperation
895,0.2890542206841181,SLOW,MatmulDeviceOperation b={32} x 64 x 64 x 64,0,53.881,3.226,4.0,14.595720198214584,2.850726601213786,0.31137536422857776,2.815532445643245,HiFi2 BF16 x BF16 => BF16,BFLOAT16,BFLOAT16,BFLOAT16,False,DEV_1_DRAM_INTERLEAVED,1,1,1,914432.0,"If possible place input 0 in L1 (currently in DEV_1_DRAM_INTERLEAVED) • in0_block_w=1 is small, try in0_block_w=2 or above • Output subblock 1x1 is small, try out_subblock_h * out_subblock_w >= 2 if possible • If your matmuls are not FLOP-bound use HiFi4 with BF16 activations for full accuracy",MatmulDeviceOperation
896,0.018363575614933028,,BinaryNgDeviceOperation,0,3.093,0.535,110,,,,,"BF16, BF16 => BF16",BFLOAT16,BFLOAT16,BFLOAT16,False,DEV_1_DRAM_INTERLEAVED,,,,915456.0,,BinaryNgDeviceOperation
897,0.059150150120206,,BinaryNgDeviceOperation,0,4.013,7.673,110,,,,,"BF16, BF16 => BF16",BFLOAT16,BFLOAT16,BFLOAT16,False,DEV_1_DRAM_INTERLEAVED,,,,916480.0,,BinaryNgDeviceOperation
898,0.14820944255260585,,BinaryNgDeviceOperation,0,2.633,26.648,110,,,,,"BF16, BF16 => BF16",BFLOAT16,BFLOAT16,BFLOAT16,False,DEV_1_DRAM_INTERLEAVED,,,,917504.0,,BinaryNgDeviceOperation
899,0.17067293444319925,,BinaryNgDeviceOperation,0,3.672,30.047,110,,,,,"BF16, BF16 => BF16",BFLOAT16,BFLOAT16,BFLOAT16,False,DEV_1_DRAM_INTERLEAVED,,,,918528.0,,BinaryNgDeviceOperation
900,0.289955189939757,SLOW,MatmulDeviceOperation b={32} x 64 x 64 x 64,0,53.861,3.424,4.0,14.601139971407882,2.851785150665602,0.3114909860567015,2.81657792658331,HiFi2 BF16 x BF16 => BF16,BFLOAT16,BFLOAT16,BFLOAT16,False,DEV_1_DRAM_INTERLEAVED,1,1,1,919552.0,"If possible place input 0 in L1 (currently in DEV_1_DRAM_INTERLEAVED) • in0_block_w=1 is small, try in0_block_w=2 or above • Output subblock 1x1 is small, try out_subblock_h * out_subblock_w >= 2 if possible • If your matmuls are not FLOP-bound use HiFi4 with BF16 activations for full accuracy",MatmulDeviceOperation
901,0.01788778286195516,,BinaryNgDeviceOperation,0,3.001,0.533,110,,,,,"BF16, BF16 => BF16",BFLOAT16,BFLOAT16,BFLOAT16,False,DEV_1_DRAM_INTERLEAVED,,,,920576.0,,BinaryNgDeviceOperation
902,0.05584997059955099,,BinaryNgDeviceOperation,0,3.742,7.292,110,,,,,"BF16, BF16 => BF16",BFLOAT16,BFLOAT16,BFLOAT16,False,DEV_1_DRAM_INTERLEAVED,,,,921600.0,,BinaryNgDeviceOperation
903,0.14994051831344024,,BinaryNgDeviceOperation,0,2.631,26.992,110,,,,,"BF16, BF16 => BF16",BFLOAT16,BFLOAT16,BFLOAT16,False,DEV_1_DRAM_INTERLEAVED,,,,922624.0,,BinaryNgDeviceOperation
904,0.16958468506138813,,BinaryNgDeviceOperation,0,3.711,29.793,110,,,,,"BF16, BF16 => BF16",BFLOAT16,BFLOAT16,BFLOAT16,False,DEV_1_DRAM_INTERLEAVED,,,,923648.0,,BinaryNgDeviceOperation
905,0.291787498201225,SLOW,MatmulDeviceOperation b={32} x 64 x 64 x 64,0,53.715,3.932,4.0,14.640826584752862,2.8595364423345435,0.312337633808061,2.8242335232933757,HiFi2 BF16 x BF16 => BF16,BFLOAT16,BFLOAT16,BFLOAT16,False,DEV_1_DRAM_INTERLEAVED,1,1,1,924672.0,"If possible place input 0 in L1 (currently in DEV_1_DRAM_INTERLEAVED) • in0_block_w=1 is small, try in0_block_w=2 or above • Output subblock 1x1 is small, try out_subblock_h * out_subblock_w >= 2 if possible • If your matmuls are not FLOP-bound use HiFi4 with BF16 activations for full accuracy",MatmulDeviceOperation
906,0.01751322260961088,,BinaryNgDeviceOperation,0,2.934,0.526,110,,,,,"BF16, BF16 => BF16",BFLOAT16,BFLOAT16,BFLOAT16,False,DEV_1_DRAM_INTERLEAVED,,,,925696.0,,BinaryNgDeviceOperation
907,0.04921924180805093,,BinaryNgDeviceOperation,0,3.693,6.031,110,,,,,"BF16, BF16 => BF16",BFLOAT16,BFLOAT16,BFLOAT16,False,DEV_1_DRAM_INTERLEAVED,,,,926720.0,,BinaryNgDeviceOperation
908,0.14975829981229977,,BinaryNgDeviceOperation,0,2.714,26.873,110,,,,,"BF16, BF16 => BF16",BFLOAT16,BFLOAT16,BFLOAT16,False,DEV_1_DRAM_INTERLEAVED,,,,927744.0,,BinaryNgDeviceOperation
909,0.1685369286798305,,BinaryNgDeviceOperation,0,4.035,29.262,110,,,,,"BF16, BF16 => BF16",BFLOAT16,BFLOAT16,BFLOAT16,False,DEV_1_DRAM_INTERLEAVED,,,,928768.0,,BinaryNgDeviceOperation
910,0.29124084269780365,SLOW,MatmulDeviceOperation b={32} x 64 x 64 x 64,0,54.173,3.366,4.0,14.517047237553763,2.8353607885847194,0.3096970077344802,2.8003563344046607,HiFi2 BF16 x BF16 => BF16,BFLOAT16,BFLOAT16,BFLOAT16,False,DEV_1_DRAM_INTERLEAVED,1,1,1,929792.0,"If possible place input 0 in L1 (currently in DEV_1_DRAM_INTERLEAVED) • in0_block_w=1 is small, try in0_block_w=2 or above • Output subblock 1x1 is small, try out_subblock_h * out_subblock_w >= 2 if possible • If your matmuls are not FLOP-bound use HiFi4 with BF16 activations for full accuracy",MatmulDeviceOperation
911,0.01722470998280515,,BinaryNgDeviceOperation,0,2.862,0.541,110,,,,,"BF16, BF16 => BF16",BFLOAT16,BFLOAT16,BFLOAT16,False,DEV_1_DRAM_INTERLEAVED,,,,930816.0,,BinaryNgDeviceOperation
912,0.04187482388708405,,BinaryNgDeviceOperation,0,3.813,4.46,110,,,,,"BF16, BF16 => BF16",BFLOAT16,BFLOAT16,BFLOAT16,False,DEV_1_DRAM_INTERLEAVED,,,,931840.0,,BinaryNgDeviceOperation
913,0.15246626920424824,,BinaryNgDeviceOperation,0,2.669,27.453,110,,,,,"BF16, BF16 => BF16",BFLOAT16,BFLOAT16,BFLOAT16,False,DEV_1_DRAM_INTERLEAVED,,,,932864.0,,BinaryNgDeviceOperation
914,0.1651861329088587,,BinaryNgDeviceOperation,0,3.799,28.836,110,,,,,"BF16, BF16 => BF16",BFLOAT16,BFLOAT16,BFLOAT16,False,DEV_1_DRAM_INTERLEAVED,,,,933888.0,,BinaryNgDeviceOperation
915,0.29099282307125135,SLOW,MatmulDeviceOperation b={32} x 64 x 64 x 64,0,53.767,3.723,4.0,14.626666914650249,2.856770881767627,0.31203556084587203,2.8215021054495084,HiFi2 BF16 x BF16 => BF16,BFLOAT16,BFLOAT16,BFLOAT16,False,DEV_1_DRAM_INTERLEAVED,1,1,1,934912.0,"If possible place input 0 in L1 (currently in DEV_1_DRAM_INTERLEAVED) • in0_block_w=1 is small, try in0_block_w=2 or above • Output subblock 1x1 is small, try out_subblock_h * out_subblock_w >= 2 if possible • If your matmuls are not FLOP-bound use HiFi4 with BF16 activations for full accuracy",MatmulDeviceOperation
916,0.017654948110497906,,BinaryNgDeviceOperation,0,2.953,0.535,110,,,,,"BF16, BF16 => BF16",BFLOAT16,BFLOAT16,BFLOAT16,False,DEV_1_DRAM_INTERLEAVED,,,,935936.0,,BinaryNgDeviceOperation
917,0.047336317296266174,,BinaryNgDeviceOperation,0,3.703,5.649,110,,,,,"BF16, BF16 => BF16",BFLOAT16,BFLOAT16,BFLOAT16,False,DEV_1_DRAM_INTERLEAVED,,,,936960.0,,BinaryNgDeviceOperation
918,0.20813402130265882,,BinaryNgDeviceOperation,0,2.621,38.499,110,,,,,"BF16, BF16 => BF16",BFLOAT16,BFLOAT16,BFLOAT16,False,DEV_1_DRAM_INTERLEAVED,,,,937984.0,,BinaryNgDeviceOperation
919,0.17693416460738673,,BinaryNgDeviceOperation,0,3.709,31.247,110,,,,,"BF16, BF16 => BF16",BFLOAT16,BFLOAT16,BFLOAT16,False,DEV_1_DRAM_INTERLEAVED,,,,939008.0,,BinaryNgDeviceOperation
920,0.30505401740925686,SLOW,MatmulDeviceOperation b={32} x 64 x 64 x 64,0,53.941,6.327,4.0,14.579484992862572,2.847555662668471,0.3110290131810682,2.8124006544873783,HiFi2 BF16 x BF16 => BF16,BFLOAT16,BFLOAT16,BFLOAT16,False,DEV_1_DRAM_INTERLEAVED,1,1,1,940032.0,"If possible place input 0 in L1 (currently in DEV_1_DRAM_INTERLEAVED) • in0_block_w=1 is small, try in0_block_w=2 or above • Output subblock 1x1 is small, try out_subblock_h * out_subblock_w >= 2 if possible • If your matmuls are not FLOP-bound use HiFi4 with BF16 activations for full accuracy",MatmulDeviceOperation
921,0.018206665238950964,,BinaryNgDeviceOperation,0,3.053,0.544,110,,,,,"BF16, BF16 => BF16",BFLOAT16,BFLOAT16,BFLOAT16,False,DEV_1_DRAM_INTERLEAVED,,,,941056.0,,BinaryNgDeviceOperation
922,0.05746969060968842,,BinaryNgDeviceOperation,0,3.73,7.624,110,,,,,"BF16, BF16 => BF16",BFLOAT16,BFLOAT16,BFLOAT16,False,DEV_1_DRAM_INTERLEAVED,,,,942080.0,,BinaryNgDeviceOperation
923,0.14367928814925274,,BinaryNgDeviceOperation,0,2.622,25.764,110,,,,,"BF16, BF16 => BF16",BFLOAT16,BFLOAT16,BFLOAT16,False,DEV_1_DRAM_INTERLEAVED,,,,943104.0,,BinaryNgDeviceOperation
924,0.17188772445080228,,BinaryNgDeviceOperation,0,3.678,30.281,110,,,,,"BF16, BF16 => BF16",BFLOAT16,BFLOAT16,BFLOAT16,False,DEV_1_DRAM_INTERLEAVED,,,,944128.0,,BinaryNgDeviceOperation
925,0.2927340220821491,SLOW,MatmulDeviceOperation b={32} x 64 x 64 x 64,0,53.701,4.133,4.0,14.644643488948063,2.8602819314351686,0.3124190610975587,2.8249698088248576,HiFi2 BF16 x BF16 => BF16,BFLOAT16,BFLOAT16,BFLOAT16,False,DEV_1_DRAM_INTERLEAVED,1,1,1,945152.0,"If possible place input 0 in L1 (currently in DEV_1_DRAM_INTERLEAVED) • in0_block_w=1 is small, try in0_block_w=2 or above • Output subblock 1x1 is small, try out_subblock_h * out_subblock_w >= 2 if possible • If your matmuls are not FLOP-bound use HiFi4 with BF16 activations for full accuracy",MatmulDeviceOperation
926,0.018292712864489517,,BinaryNgDeviceOperation,0,3.087,0.527,110,,,,,"BF16, BF16 => BF16",BFLOAT16,BFLOAT16,BFLOAT16,False,DEV_1_DRAM_INTERLEAVED,,,,946176.0,,BinaryNgDeviceOperation
927,0.04737174867148793,,BinaryNgDeviceOperation,0,3.696,5.663,110,,,,,"BF16, BF16 => BF16",BFLOAT16,BFLOAT16,BFLOAT16,False,DEV_1_DRAM_INTERLEAVED,,,,947200.0,,BinaryNgDeviceOperation
928,0.16025104850297126,,BinaryNgDeviceOperation,0,2.704,28.956,110,,,,,"BF16, BF16 => BF16",BFLOAT16,BFLOAT16,BFLOAT16,False,DEV_1_DRAM_INTERLEAVED,,,,948224.0,,BinaryNgDeviceOperation
929,0.1691038306833786,,BinaryNgDeviceOperation,0,3.8,29.609,110,,,,,"BF16, BF16 => BF16",BFLOAT16,BFLOAT16,BFLOAT16,False,DEV_1_DRAM_INTERLEAVED,,,,949248.0,,BinaryNgDeviceOperation
930,0.3027256698946843,SLOW,MatmulDeviceOperation b={32} x 64 x 64 x 64,0,53.924,5.884,4.0,14.584081299606854,2.848453378829464,0.31112706772494625,2.8132872877328037,HiFi2 BF16 x BF16 => BF16,BFLOAT16,BFLOAT16,BFLOAT16,False,DEV_1_DRAM_INTERLEAVED,1,1,1,950272.0,"If possible place input 0 in L1 (currently in DEV_1_DRAM_INTERLEAVED) • in0_block_w=1 is small, try in0_block_w=2 or above • Output subblock 1x1 is small, try out_subblock_h * out_subblock_w >= 2 if possible • If your matmuls are not FLOP-bound use HiFi4 with BF16 activations for full accuracy",MatmulDeviceOperation
931,0.017973830487493708,,BinaryNgDeviceOperation,0,3.03,0.521,110,,,,,"BF16, BF16 => BF16",BFLOAT16,BFLOAT16,BFLOAT16,False,DEV_1_DRAM_INTERLEAVED,,,,951296.0,,BinaryNgDeviceOperation
932,0.0536835950859922,,BinaryNgDeviceOperation,0,3.75,6.856,110,,,,,"BF16, BF16 => BF16",BFLOAT16,BFLOAT16,BFLOAT16,False,DEV_1_DRAM_INTERLEAVED,,,,952320.0,,BinaryNgDeviceOperation
933,0.14638219591616958,,BinaryNgDeviceOperation,0,2.644,26.276,110,,,,,"BF16, BF16 => BF16",BFLOAT16,BFLOAT16,BFLOAT16,False,DEV_1_DRAM_INTERLEAVED,,,,953344.0,,BinaryNgDeviceOperation
934,0.17029331256582325,,BinaryNgDeviceOperation,0,4.173,29.471,110,,,,,"BF16, BF16 => BF16",BFLOAT16,BFLOAT16,BFLOAT16,False,DEV_1_DRAM_INTERLEAVED,,,,954368.0,,BinaryNgDeviceOperation
935,0.2885581814310135,SLOW,MatmulDeviceOperation b={32} x 64 x 64 x 64,0,53.836,3.173,4.0,14.607920350694702,2.853109443495059,0.31163563414815365,2.8178858701185767,HiFi2 BF16 x BF16 => BF16,BFLOAT16,BFLOAT16,BFLOAT16,False,DEV_1_DRAM_INTERLEAVED,1,1,1,955392.0,"If possible place input 0 in L1 (currently in DEV_1_DRAM_INTERLEAVED) • in0_block_w=1 is small, try in0_block_w=2 or above • Output subblock 1x1 is small, try out_subblock_h * out_subblock_w >= 2 if possible • If your matmuls are not FLOP-bound use HiFi4 with BF16 activations for full accuracy",MatmulDeviceOperation
936,0.01754865398483264,,BinaryNgDeviceOperation,0,2.936,0.531,110,,,,,"BF16, BF16 => BF16",BFLOAT16,BFLOAT16,BFLOAT16,False,DEV_1_DRAM_INTERLEAVED,,,,956416.0,,BinaryNgDeviceOperation
937,0.057181177982882705,,BinaryNgDeviceOperation,0,3.998,7.299,110,,,,,"BF16, BF16 => BF16",BFLOAT16,BFLOAT16,BFLOAT16,False,DEV_1_DRAM_INTERLEAVED,,,,957440.0,,BinaryNgDeviceOperation
938,0.1473337814221253,,BinaryNgDeviceOperation,0,2.662,26.446,110,,,,,"BF16, BF16 => BF16",BFLOAT16,BFLOAT16,BFLOAT16,False,DEV_1_DRAM_INTERLEAVED,,,,958464.0,,BinaryNgDeviceOperation
939,0.1645787379050572,,BinaryNgDeviceOperation,0,3.771,28.744,110,,,,,"BF16, BF16 => BF16",BFLOAT16,BFLOAT16,BFLOAT16,False,DEV_1_DRAM_INTERLEAVED,,,,959488.0,,BinaryNgDeviceOperation
940,0.29261254308138873,SLOW,MatmulDeviceOperation b={32} x 64 x 64 x 64,0,54.038,3.772,4.0,14.553314334357303,2.842444205929161,0.3104707057996225,2.8073523021522577,HiFi2 BF16 x BF16 => BF16,BFLOAT16,BFLOAT16,BFLOAT16,False,DEV_1_DRAM_INTERLEAVED,1,1,1,960512.0,"If possible place input 0 in L1 (currently in DEV_1_DRAM_INTERLEAVED) • in0_block_w=1 is small, try in0_block_w=2 or above • Output subblock 1x1 is small, try out_subblock_h * out_subblock_w >= 2 if possible • If your matmuls are not FLOP-bound use HiFi4 with BF16 activations for full accuracy",MatmulDeviceOperation
941,0.01764988648546623,,BinaryNgDeviceOperation,0,2.948,0.539,110,,,,,"BF16, BF16 => BF16",BFLOAT16,BFLOAT16,BFLOAT16,False,DEV_1_DRAM_INTERLEAVED,,,,961536.0,,BinaryNgDeviceOperation
942,0.04532179053365776,,BinaryNgDeviceOperation,0,3.738,5.216,110,,,,,"BF16, BF16 => BF16",BFLOAT16,BFLOAT16,BFLOAT16,False,DEV_1_DRAM_INTERLEAVED,,,,962560.0,,BinaryNgDeviceOperation
943,0.14832079830330278,,BinaryNgDeviceOperation,0,2.67,26.633,110,,,,,"BF16, BF16 => BF16",BFLOAT16,BFLOAT16,BFLOAT16,False,DEV_1_DRAM_INTERLEAVED,,,,963584.0,,BinaryNgDeviceOperation
944,0.1636119675240064,,BinaryNgDeviceOperation,0,3.786,28.538,110,,,,,"BF16, BF16 => BF16",BFLOAT16,BFLOAT16,BFLOAT16,False,DEV_1_DRAM_INTERLEAVED,,,,964608.0,,BinaryNgDeviceOperation
945,0.29167108082549636,SLOW,MatmulDeviceOperation b={32} x 64 x 64 x 64,0,53.817,3.807,4.0,14.613077652043033,2.854116728914655,0.31174565657691805,2.8188807199157084,HiFi2 BF16 x BF16 => BF16,BFLOAT16,BFLOAT16,BFLOAT16,False,DEV_1_DRAM_INTERLEAVED,1,1,1,965632.0,"If possible place input 0 in L1 (currently in DEV_1_DRAM_INTERLEAVED) • in0_block_w=1 is small, try in0_block_w=2 or above • Output subblock 1x1 is small, try out_subblock_h * out_subblock_w >= 2 if possible • If your matmuls are not FLOP-bound use HiFi4 with BF16 activations for full accuracy",MatmulDeviceOperation
946,0.017568900484959356,,BinaryNgDeviceOperation,0,2.944,0.527,110,,,,,"BF16, BF16 => BF16",BFLOAT16,BFLOAT16,BFLOAT16,False,DEV_1_DRAM_INTERLEAVED,,,,966656.0,,BinaryNgDeviceOperation
947,0.04844987480323565,,BinaryNgDeviceOperation,0,3.739,5.833,110,,,,,"BF16, BF16 => BF16",BFLOAT16,BFLOAT16,BFLOAT16,False,DEV_1_DRAM_INTERLEAVED,,,,967680.0,,BinaryNgDeviceOperation
948,0.14761217079886765,,BinaryNgDeviceOperation,0,2.641,26.522,110,,,,,"BF16, BF16 => BF16",BFLOAT16,BFLOAT16,BFLOAT16,False,DEV_1_DRAM_INTERLEAVED,,,,968704.0,,BinaryNgDeviceOperation
949,0.16412319165220604,,BinaryNgDeviceOperation,0,3.761,28.664,110,,,,,"BF16, BF16 => BF16",BFLOAT16,BFLOAT16,BFLOAT16,False,DEV_1_DRAM_INTERLEAVED,,,,969728.0,,BinaryNgDeviceOperation
950,0.28768758192556465,SLOW,MatmulDeviceOperation b={32} x 64 x 64 x 64,0,53.665,3.172,4.0,14.654467530047516,2.8622006894624055,0.31262864064101364,2.826864878481388,HiFi2 BF16 x BF16 => BF16,BFLOAT16,BFLOAT16,BFLOAT16,False,DEV_1_DRAM_INTERLEAVED,1,1,1,970752.0,"If possible place input 0 in L1 (currently in DEV_1_DRAM_INTERLEAVED) • in0_block_w=1 is small, try in0_block_w=2 or above • Output subblock 1x1 is small, try out_subblock_h * out_subblock_w >= 2 if possible • If your matmuls are not FLOP-bound use HiFi4 with BF16 activations for full accuracy",MatmulDeviceOperation
951,0.017700502735783025,,BinaryNgDeviceOperation,0,2.97,0.527,110,,,,,"BF16, BF16 => BF16",BFLOAT16,BFLOAT16,BFLOAT16,False,DEV_1_DRAM_INTERLEAVED,,,,971776.0,,BinaryNgDeviceOperation
952,0.06182268813693275,,BinaryNgDeviceOperation,0,3.858,8.356,110,,,,,"BF16, BF16 => BF16",BFLOAT16,BFLOAT16,BFLOAT16,False,DEV_1_DRAM_INTERLEAVED,,,,972800.0,,BinaryNgDeviceOperation
953,0.15140332794759556,,BinaryNgDeviceOperation,0,2.805,27.107,110,,,,,"BF16, BF16 => BF16",BFLOAT16,BFLOAT16,BFLOAT16,False,DEV_1_DRAM_INTERLEAVED,,,,973824.0,,BinaryNgDeviceOperation
954,0.17813376973989473,,BinaryNgDeviceOperation,0,3.726,31.467,110,,,,,"BF16, BF16 => BF16",BFLOAT16,BFLOAT16,BFLOAT16,False,DEV_1_DRAM_INTERLEAVED,,,,974848.0,,BinaryNgDeviceOperation
955,0.3026649303943041,SLOW,MatmulDeviceOperation b={32} x 64 x 64 x 64,0,53.852,5.944,4.0,14.603580182723016,2.8522617544380893,0.311543043898091,2.8170486463586064,HiFi2 BF16 x BF16 => BF16,BFLOAT16,BFLOAT16,BFLOAT16,False,DEV_1_DRAM_INTERLEAVED,1,1,1,975872.0,"If possible place input 0 in L1 (currently in DEV_1_DRAM_INTERLEAVED) • in0_block_w=1 is small, try in0_block_w=2 or above • Output subblock 1x1 is small, try out_subblock_h * out_subblock_w >= 2 if possible • If your matmuls are not FLOP-bound use HiFi4 with BF16 activations for full accuracy",MatmulDeviceOperation
956,0.01770050273578302,,BinaryNgDeviceOperation,0,2.963,0.534,110,,,,,"BF16, BF16 => BF16",BFLOAT16,BFLOAT16,BFLOAT16,False,DEV_1_DRAM_INTERLEAVED,,,,976896.0,,BinaryNgDeviceOperation
957,0.05369877996108724,,BinaryNgDeviceOperation,0,3.736,6.873,110,,,,,"BF16, BF16 => BF16",BFLOAT16,BFLOAT16,BFLOAT16,False,DEV_1_DRAM_INTERLEAVED,,,,977920.0,,BinaryNgDeviceOperation
958,0.14821450417763754,,BinaryNgDeviceOperation,0,2.746,26.536,110,,,,,"BF16, BF16 => BF16",BFLOAT16,BFLOAT16,BFLOAT16,False,DEV_1_DRAM_INTERLEAVED,,,,978944.0,,BinaryNgDeviceOperation
959,0.16861791468033738,,BinaryNgDeviceOperation,0,3.704,29.609,110,,,,,"BF16, BF16 => BF16",BFLOAT16,BFLOAT16,BFLOAT16,False,DEV_1_DRAM_INTERLEAVED,,,,979968.0,,BinaryNgDeviceOperation
960,0.29278969995749754,SLOW,MatmulDeviceOperation b={32} x 64 x 64 x 64,0,53.84,4.005,4.0,14.606835066864782,2.852897473997028,0.3116124814264487,2.817676517527929,HiFi2 BF16 x BF16 => BF16,BFLOAT16,BFLOAT16,BFLOAT16,False,DEV_1_DRAM_INTERLEAVED,1,1,1,980992.0,"If possible place input 0 in L1 (currently in DEV_1_DRAM_INTERLEAVED) • in0_block_w=1 is small, try in0_block_w=2 or above • Output subblock 1x1 is small, try out_subblock_h * out_subblock_w >= 2 if possible • If your matmuls are not FLOP-bound use HiFi4 with BF16 activations for full accuracy",MatmulDeviceOperation
961,0.017680256235656305,,BinaryNgDeviceOperation,0,2.958,0.535,110,,,,,"BF16, BF16 => BF16",BFLOAT16,BFLOAT16,BFLOAT16,False,DEV_1_DRAM_INTERLEAVED,,,,982016.0,,BinaryNgDeviceOperation
962,0.052276463327185316,,BinaryNgDeviceOperation,0,3.758,6.57,110,,,,,"BF16, BF16 => BF16",BFLOAT16,BFLOAT16,BFLOAT16,False,DEV_1_DRAM_INTERLEAVED,,,,983040.0,,BinaryNgDeviceOperation
963,0.1505327284421467,,BinaryNgDeviceOperation,0,2.94,26.8,110,,,,,"BF16, BF16 => BF16",BFLOAT16,BFLOAT16,BFLOAT16,False,DEV_1_DRAM_INTERLEAVED,,,,984064.0,,BinaryNgDeviceOperation
964,0.16012450787717925,,BinaryNgDeviceOperation,0,3.68,27.955,110,,,,,"BF16, BF16 => BF16",BFLOAT16,BFLOAT16,BFLOAT16,False,DEV_1_DRAM_INTERLEAVED,,,,985088.0,,BinaryNgDeviceOperation
965,0.29211650382828414,SLOW,MatmulDeviceOperation b={32} x 64 x 64 x 64,0,53.899,3.813,4.0,14.590845841295756,2.8497745783780775,0.3112713779476428,2.8145921761758794,HiFi2 BF16 x BF16 => BF16,BFLOAT16,BFLOAT16,BFLOAT16,False,DEV_1_DRAM_INTERLEAVED,1,1,1,986112.0,"If possible place input 0 in L1 (currently in DEV_1_DRAM_INTERLEAVED) • in0_block_w=1 is small, try in0_block_w=2 or above • Output subblock 1x1 is small, try out_subblock_h * out_subblock_w >= 2 if possible • If your matmuls are not FLOP-bound use HiFi4 with BF16 activations for full accuracy",MatmulDeviceOperation
966,0.01761951673527615,,BinaryNgDeviceOperation,0,2.954,0.527,110,,,,,"BF16, BF16 => BF16",BFLOAT16,BFLOAT16,BFLOAT16,False,DEV_1_DRAM_INTERLEAVED,,,,987136.0,,BinaryNgDeviceOperation
967,0.05174499269885896,,BinaryNgDeviceOperation,0,3.713,6.51,110,,,,,"BF16, BF16 => BF16",BFLOAT16,BFLOAT16,BFLOAT16,False,DEV_1_DRAM_INTERLEAVED,,,,988160.0,,BinaryNgDeviceOperation
968,0.15044668081660817,,BinaryNgDeviceOperation,0,2.784,26.939,110,,,,,"BF16, BF16 => BF16",BFLOAT16,BFLOAT16,BFLOAT16,False,DEV_1_DRAM_INTERLEAVED,,,,989184.0,,BinaryNgDeviceOperation
969,0.16995418368870074,,BinaryNgDeviceOperation,0,3.656,29.921,110,,,,,"BF16, BF16 => BF16",BFLOAT16,BFLOAT16,BFLOAT16,False,DEV_1_DRAM_INTERLEAVED,,,,990208.0,,BinaryNgDeviceOperation
970,0.2923341537046464,SLOW,MatmulDeviceOperation b={32} x 64 x 64 x 64,0,53.823,3.932,4.0,14.61144863719971,2.8537985619530684,0.31171090426026044,2.818566480941302,HiFi2 BF16 x BF16 => BF16,BFLOAT16,BFLOAT16,BFLOAT16,False,DEV_1_DRAM_INTERLEAVED,1,1,1,991232.0,"If possible place input 0 in L1 (currently in DEV_1_DRAM_INTERLEAVED) • in0_block_w=1 is small, try in0_block_w=2 or above • Output subblock 1x1 is small, try out_subblock_h * out_subblock_w >= 2 if possible • If your matmuls are not FLOP-bound use HiFi4 with BF16 activations for full accuracy",MatmulDeviceOperation
971,0.01745248310923073,,BinaryNgDeviceOperation,0,2.919,0.529,110,,,,,"BF16, BF16 => BF16",BFLOAT16,BFLOAT16,BFLOAT16,False,DEV_1_DRAM_INTERLEAVED,,,,992256.0,,BinaryNgDeviceOperation
972,0.046936448918763495,,BinaryNgDeviceOperation,0,3.69,5.583,110,,,,,"BF16, BF16 => BF16",BFLOAT16,BFLOAT16,BFLOAT16,False,DEV_1_DRAM_INTERLEAVED,,,,993280.0,,BinaryNgDeviceOperation
973,0.14926732218422684,,BinaryNgDeviceOperation,0,2.7,26.79,110,,,,,"BF16, BF16 => BF16",BFLOAT16,BFLOAT16,BFLOAT16,False,DEV_1_DRAM_INTERLEAVED,,,,994304.0,,BinaryNgDeviceOperation
974,0.16109633988326172,,BinaryNgDeviceOperation,0,3.771,28.056,110,,,,,"BF16, BF16 => BF16",BFLOAT16,BFLOAT16,BFLOAT16,False,DEV_1_DRAM_INTERLEAVED,,,,995328.0,,BinaryNgDeviceOperation
975,0.29157997157492616,SLOW,MatmulDeviceOperation b={32} x 64 x 64 x 64,0,53.836,3.77,4.0,14.607920350694702,2.853109443495059,0.31163563414815365,2.8178858701185767,HiFi2 BF16 x BF16 => BF16,BFLOAT16,BFLOAT16,BFLOAT16,False,DEV_1_DRAM_INTERLEAVED,1,1,1,996352.0,"If possible place input 0 in L1 (currently in DEV_1_DRAM_INTERLEAVED) • in0_block_w=1 is small, try in0_block_w=2 or above • Output subblock 1x1 is small, try out_subblock_h * out_subblock_w >= 2 if possible • If your matmuls are not FLOP-bound use HiFi4 with BF16 activations for full accuracy",MatmulDeviceOperation
976,0.017477791234389126,,BinaryNgDeviceOperation,0,2.924,0.529,110,,,,,"BF16, BF16 => BF16",BFLOAT16,BFLOAT16,BFLOAT16,False,DEV_1_DRAM_INTERLEAVED,,,,997376.0,,BinaryNgDeviceOperation
977,0.04872320255494635,,BinaryNgDeviceOperation,0,3.66,5.966,110,,,,,"BF16, BF16 => BF16",BFLOAT16,BFLOAT16,BFLOAT16,False,DEV_1_DRAM_INTERLEAVED,,,,998400.0,,BinaryNgDeviceOperation
978,0.14826512042795434,,BinaryNgDeviceOperation,0,2.676,26.616,110,,,,,"BF16, BF16 => BF16",BFLOAT16,BFLOAT16,BFLOAT16,False,DEV_1_DRAM_INTERLEAVED,,,,999424.0,,BinaryNgDeviceOperation
979,0.1658745139131671,,BinaryNgDeviceOperation,0,4.05,28.721,110,,,,,"BF16, BF16 => BF16",BFLOAT16,BFLOAT16,BFLOAT16,False,DEV_1_DRAM_INTERLEAVED,,,,1000448.0,,BinaryNgDeviceOperation
980,0.28845694893037993,SLOW,MatmulDeviceOperation b={32} x 64 x 64 x 64,0,53.596,3.393,4.0,14.6733338308829,2.8658855138443164,0.3130311217255019,2.8305042112042633,HiFi2 BF16 x BF16 => BF16,BFLOAT16,BFLOAT16,BFLOAT16,False,DEV_1_DRAM_INTERLEAVED,1,1,1,1001472.0,"If possible place input 0 in L1 (currently in DEV_1_DRAM_INTERLEAVED) • in0_block_w=1 is small, try in0_block_w=2 or above • Output subblock 1x1 is small, try out_subblock_h * out_subblock_w >= 2 if possible • If your matmuls are not FLOP-bound use HiFi4 with BF16 activations for full accuracy",MatmulDeviceOperation
981,0.01719434023261508,,BinaryNgDeviceOperation,0,2.87,0.527,110,,,,,"BF16, BF16 => BF16",BFLOAT16,BFLOAT16,BFLOAT16,False,DEV_1_DRAM_INTERLEAVED,,,,1002496.0,,BinaryNgDeviceOperation
982,0.05155771257268683,,BinaryNgDeviceOperation,0,4.066,6.12,110,,,,,"BF16, BF16 => BF16",BFLOAT16,BFLOAT16,BFLOAT16,False,DEV_1_DRAM_INTERLEAVED,,,,1003520.0,,BinaryNgDeviceOperation
983,0.14811327167700394,,BinaryNgDeviceOperation,0,2.82,26.442,110,,,,,"BF16, BF16 => BF16",BFLOAT16,BFLOAT16,BFLOAT16,False,DEV_1_DRAM_INTERLEAVED,,,,1004544.0,,BinaryNgDeviceOperation
984,0.16668437391823585,,BinaryNgDeviceOperation,0,3.761,29.17,110,,,,,"BF16, BF16 => BF16",BFLOAT16,BFLOAT16,BFLOAT16,False,DEV_1_DRAM_INTERLEAVED,,,,1005568.0,,BinaryNgDeviceOperation
985,0.2923544002047731,SLOW,MatmulDeviceOperation b={32} x 64 x 64 x 64,0,53.843,3.916,4.0,14.606021209813717,2.8527385175417415,0.3115951191426926,2.8175195234980164,HiFi2 BF16 x BF16 => BF16,BFLOAT16,BFLOAT16,BFLOAT16,False,DEV_1_DRAM_INTERLEAVED,1,1,1,1006592.0,"If possible place input 0 in L1 (currently in DEV_1_DRAM_INTERLEAVED) • in0_block_w=1 is small, try in0_block_w=2 or above • Output subblock 1x1 is small, try out_subblock_h * out_subblock_w >= 2 if possible • If your matmuls are not FLOP-bound use HiFi4 with BF16 activations for full accuracy",MatmulDeviceOperation
986,0.017634701610371187,,BinaryNgDeviceOperation,0,2.953,0.531,110,,,,,"BF16, BF16 => BF16",BFLOAT16,BFLOAT16,BFLOAT16,False,DEV_1_DRAM_INTERLEAVED,,,,1007616.0,,BinaryNgDeviceOperation
987,0.04766026129829366,,BinaryNgDeviceOperation,0,3.697,5.719,110,,,,,"BF16, BF16 => BF16",BFLOAT16,BFLOAT16,BFLOAT16,False,DEV_1_DRAM_INTERLEAVED,,,,1008640.0,,BinaryNgDeviceOperation
988,0.15314452695849332,,BinaryNgDeviceOperation,0,2.613,27.643,110,,,,,"BF16, BF16 => BF16",BFLOAT16,BFLOAT16,BFLOAT16,False,DEV_1_DRAM_INTERLEAVED,,,,1009664.0,,BinaryNgDeviceOperation
989,0.16875457855619272,,BinaryNgDeviceOperation,0,3.84,29.5,110,,,,,"BF16, BF16 => BF16",BFLOAT16,BFLOAT16,BFLOAT16,False,DEV_1_DRAM_INTERLEAVED,,,,1010688.0,,BinaryNgDeviceOperation
990,0.28924656243532193,SLOW,MatmulDeviceOperation b={32} x 64 x 64 x 64,0,53.71,3.435,4.0,14.64218953639918,2.859802643827965,0.3123667101098492,2.8244964383486075,HiFi2 BF16 x BF16 => BF16,BFLOAT16,BFLOAT16,BFLOAT16,False,DEV_1_DRAM_INTERLEAVED,1,1,1,1011712.0,"If possible place input 0 in L1 (currently in DEV_1_DRAM_INTERLEAVED) • in0_block_w=1 is small, try in0_block_w=2 or above • Output subblock 1x1 is small, try out_subblock_h * out_subblock_w >= 2 if possible • If your matmuls are not FLOP-bound use HiFi4 with BF16 activations for full accuracy",MatmulDeviceOperation
991,0.017735934111004777,,BinaryNgDeviceOperation,0,2.983,0.521,110,,,,,"BF16, BF16 => BF16",BFLOAT16,BFLOAT16,BFLOAT16,False,DEV_1_DRAM_INTERLEAVED,,,,1012736.0,,BinaryNgDeviceOperation
992,0.05454913296640939,,BinaryNgDeviceOperation,0,3.936,6.841,110,,,,,"BF16, BF16 => BF16",BFLOAT16,BFLOAT16,BFLOAT16,False,DEV_1_DRAM_INTERLEAVED,,,,1013760.0,,BinaryNgDeviceOperation
993,0.15782146848776513,,BinaryNgDeviceOperation,0,2.733,28.447,110,,,,,"BF16, BF16 => BF16",BFLOAT16,BFLOAT16,BFLOAT16,False,DEV_1_DRAM_INTERLEAVED,,,,1014784.0,,BinaryNgDeviceOperation
994,0.16909876905834692,,BinaryNgDeviceOperation,0,3.753,29.655,110,,,,,"BF16, BF16 => BF16",BFLOAT16,BFLOAT16,BFLOAT16,False,DEV_1_DRAM_INTERLEAVED,,,,1015808.0,,BinaryNgDeviceOperation
995,0.2932249997102219,SLOW,MatmulDeviceOperation b={32} x 64 x 64 x 64,0,53.882,4.049,4.0,14.595449315170185,2.850673694369177,0.3113695853902973,2.815480191969557,HiFi2 BF16 x BF16 => BF16,BFLOAT16,BFLOAT16,BFLOAT16,False,DEV_1_DRAM_INTERLEAVED,1,1,1,1016832.0,"If possible place input 0 in L1 (currently in DEV_1_DRAM_INTERLEAVED) • in0_block_w=1 is small, try in0_block_w=2 or above • Output subblock 1x1 is small, try out_subblock_h * out_subblock_w >= 2 if possible • If your matmuls are not FLOP-bound use HiFi4 with BF16 activations for full accuracy",MatmulDeviceOperation
996,0.017821981736543327,,BinaryNgDeviceOperation,0,2.987,0.534,110,,,,,"BF16, BF16 => BF16",BFLOAT16,BFLOAT16,BFLOAT16,False,DEV_1_DRAM_INTERLEAVED,,,,1017856.0,,BinaryNgDeviceOperation
997,0.05292941295627195,,BinaryNgDeviceOperation,0,3.756,6.701,110,,,,,"BF16, BF16 => BF16",BFLOAT16,BFLOAT16,BFLOAT16,False,DEV_1_DRAM_INTERLEAVED,,,,1018880.0,,BinaryNgDeviceOperation
998,0.14868017368055206,,BinaryNgDeviceOperation,0,2.643,26.731,110,,,,,"BF16, BF16 => BF16",BFLOAT16,BFLOAT16,BFLOAT16,False,DEV_1_DRAM_INTERLEAVED,,,,1019904.0,,BinaryNgDeviceOperation
999,0.16581377441278697,,BinaryNgDeviceOperation,0,3.772,28.987,110,,,,,"BF16, BF16 => BF16",BFLOAT16,BFLOAT16,BFLOAT16,False,DEV_1_DRAM_INTERLEAVED,,,,1020928.0,,BinaryNgDeviceOperation
1000,0.29433349559215977,SLOW,MatmulDeviceOperation b={32} x 64 x 64 x 64,0,53.765,4.385,4.0,14.627211010880684,2.8568771505626334,0.3120471682321212,2.8216070622840825,HiFi2 BF16 x BF16 => BF16,BFLOAT16,BFLOAT16,BFLOAT16,False,DEV_1_DRAM_INTERLEAVED,1,1,1,1021952.0,"If possible place input 0 in L1 (currently in DEV_1_DRAM_INTERLEAVED) • in0_block_w=1 is small, try in0_block_w=2 or above • Output subblock 1x1 is small, try out_subblock_h * out_subblock_w >= 2 if possible • If your matmuls are not FLOP-bound use HiFi4 with BF16 activations for full accuracy",MatmulDeviceOperation
1001,0.01758914698508607,,BinaryNgDeviceOperation,0,2.942,0.533,110,,,,,"BF16, BF16 => BF16",BFLOAT16,BFLOAT16,BFLOAT16,False,DEV_1_DRAM_INTERLEAVED,,,,1022976.0,,BinaryNgDeviceOperation
1002,0.059221012870649514,,BinaryNgDeviceOperation,0,3.756,7.944,110,,,,,"BF16, BF16 => BF16",BFLOAT16,BFLOAT16,BFLOAT16,False,DEV_1_DRAM_INTERLEAVED,,,,1024000.0,,BinaryNgDeviceOperation
1003,0.15182850445025667,,BinaryNgDeviceOperation,0,2.754,27.242,110,,,,,"BF16, BF16 => BF16",BFLOAT16,BFLOAT16,BFLOAT16,False,DEV_1_DRAM_INTERLEAVED,,,,1025024.0,,BinaryNgDeviceOperation
1004,0.1690279063079034,,BinaryNgDeviceOperation,0,4.011,29.383,110,,,,,"BF16, BF16 => BF16",BFLOAT16,BFLOAT16,BFLOAT16,False,DEV_1_DRAM_INTERLEAVED,,,,1026048.0,,BinaryNgDeviceOperation
1005,0.28858348955617186,SLOW,MatmulDeviceOperation b={32} x 64 x 64 x 64,0,53.796,3.218,4.0,14.618782065581083,2.8552308721838053,0.3118673507323964,2.819981108329684,HiFi2 BF16 x BF16 => BF16,BFLOAT16,BFLOAT16,BFLOAT16,False,DEV_1_DRAM_INTERLEAVED,1,1,1,1027072.0,"If possible place input 0 in L1 (currently in DEV_1_DRAM_INTERLEAVED) • in0_block_w=1 is small, try in0_block_w=2 or above • Output subblock 1x1 is small, try out_subblock_h * out_subblock_w >= 2 if possible • If your matmuls are not FLOP-bound use HiFi4 with BF16 activations for full accuracy",MatmulDeviceOperation
1006,0.01780173523641661,,BinaryNgDeviceOperation,0,2.983,0.534,110,,,,,"BF16, BF16 => BF16",BFLOAT16,BFLOAT16,BFLOAT16,False,DEV_1_DRAM_INTERLEAVED,,,,1028096.0,,BinaryNgDeviceOperation
1007,0.050656743317047885,,BinaryNgDeviceOperation,0,3.957,6.051,110,,,,,"BF16, BF16 => BF16",BFLOAT16,BFLOAT16,BFLOAT16,False,DEV_1_DRAM_INTERLEAVED,,,,1029120.0,,BinaryNgDeviceOperation
1008,0.15295724683232118,,BinaryNgDeviceOperation,0,2.753,27.466,110,,,,,"BF16, BF16 => BF16",BFLOAT16,BFLOAT16,BFLOAT16,False,DEV_1_DRAM_INTERLEAVED,,,,1030144.0,,BinaryNgDeviceOperation
1009,0.16446232052932855,,BinaryNgDeviceOperation,0,3.702,28.79,110,,,,,"BF16, BF16 => BF16",BFLOAT16,BFLOAT16,BFLOAT16,False,DEV_1_DRAM_INTERLEAVED,,,,1031168.0,,BinaryNgDeviceOperation
1010,0.2894692739367158,SLOW,MatmulDeviceOperation b={32} x 64 x 64 x 64,0,53.749,3.44,4.0,14.63156523842304,2.8577275856295,0.3121400584196915,2.8224469981525924,HiFi2 BF16 x BF16 => BF16,BFLOAT16,BFLOAT16,BFLOAT16,False,DEV_1_DRAM_INTERLEAVED,1,1,1,1032192.0,"If possible place input 0 in L1 (currently in DEV_1_DRAM_INTERLEAVED) • in0_block_w=1 is small, try in0_block_w=2 or above • Output subblock 1x1 is small, try out_subblock_h * out_subblock_w >= 2 if possible • If your matmuls are not FLOP-bound use HiFi4 with BF16 activations for full accuracy",MatmulDeviceOperation
1011,0.017665071360561266,,BinaryNgDeviceOperation,0,2.954,0.536,110,,,,,"BF16, BF16 => BF16",BFLOAT16,BFLOAT16,BFLOAT16,False,DEV_1_DRAM_INTERLEAVED,,,,1033216.0,,BinaryNgDeviceOperation
1012,0.048662463054566195,,BinaryNgDeviceOperation,0,3.733,5.881,110,,,,,"BF16, BF16 => BF16",BFLOAT16,BFLOAT16,BFLOAT16,False,DEV_1_DRAM_INTERLEAVED,,,,1034240.0,,BinaryNgDeviceOperation
1013,0.14741982904766385,,BinaryNgDeviceOperation,0,2.647,26.478,110,,,,,"BF16, BF16 => BF16",BFLOAT16,BFLOAT16,BFLOAT16,False,DEV_1_DRAM_INTERLEAVED,,,,1035264.0,,BinaryNgDeviceOperation
1014,0.16318172939631365,,BinaryNgDeviceOperation,0,3.733,28.506,110,,,,,"BF16, BF16 => BF16",BFLOAT16,BFLOAT16,BFLOAT16,False,DEV_1_DRAM_INTERLEAVED,,,,1036288.0,,BinaryNgDeviceOperation
1015,0.2885581814310135,SLOW,MatmulDeviceOperation b={32} x 64 x 64 x 64,0,53.625,3.384,4.0,14.665398601398602,2.8643356643356643,0.3128618368298368,2.8289734956401618,HiFi2 BF16 x BF16 => BF16,BFLOAT16,BFLOAT16,BFLOAT16,False,DEV_1_DRAM_INTERLEAVED,1,1,1,1037312.0,"If possible place input 0 in L1 (currently in DEV_1_DRAM_INTERLEAVED) • in0_block_w=1 is small, try in0_block_w=2 or above • Output subblock 1x1 is small, try out_subblock_h * out_subblock_w >= 2 if possible • If your matmuls are not FLOP-bound use HiFi4 with BF16 activations for full accuracy",MatmulDeviceOperation
1016,0.017138662357266604,,BinaryNgDeviceOperation,0,2.856,0.53,110,,,,,"BF16, BF16 => BF16",BFLOAT16,BFLOAT16,BFLOAT16,False,DEV_1_DRAM_INTERLEAVED,,,,1038336.0,,BinaryNgDeviceOperation
1017,0.059231136120712874,,BinaryNgDeviceOperation,0,3.732,7.97,110,,,,,"BF16, BF16 => BF16",BFLOAT16,BFLOAT16,BFLOAT16,False,DEV_1_DRAM_INTERLEAVED,,,,1039360.0,,BinaryNgDeviceOperation
1018,0.15314958858352498,,BinaryNgDeviceOperation,0,2.774,27.483,110,,,,,"BF16, BF16 => BF16",BFLOAT16,BFLOAT16,BFLOAT16,False,DEV_1_DRAM_INTERLEAVED,,,,1040384.0,,BinaryNgDeviceOperation
1019,0.16393591152603387,,BinaryNgDeviceOperation,0,4.027,28.361,110,,,,,"BF16, BF16 => BF16",BFLOAT16,BFLOAT16,BFLOAT16,False,DEV_1_DRAM_INTERLEAVED,,,,1041408.0,,BinaryNgDeviceOperation
1020,0.2901171619407708,SLOW,MatmulDeviceOperation b={32} x 64 x 64 x 64,0,53.627,3.69,4.0,14.664851660544128,2.864228839950025,0.3128501687582747,2.8288679900740985,HiFi2 BF16 x BF16 => BF16,BFLOAT16,BFLOAT16,BFLOAT16,False,DEV_1_DRAM_INTERLEAVED,1,1,1,1042432.0,"If possible place input 0 in L1 (currently in DEV_1_DRAM_INTERLEAVED) • in0_block_w=1 is small, try in0_block_w=2 or above • Output subblock 1x1 is small, try out_subblock_h * out_subblock_w >= 2 if possible • If your matmuls are not FLOP-bound use HiFi4 with BF16 activations for full accuracy",MatmulDeviceOperation
1021,0.01788272123692348,,BinaryNgDeviceOperation,0,3.003,0.53,110,,,,,"BF16, BF16 => BF16",BFLOAT16,BFLOAT16,BFLOAT16,False,DEV_1_DRAM_INTERLEAVED,,,,1043456.0,,BinaryNgDeviceOperation
1022,0.05039860044043224,,BinaryNgDeviceOperation,0,3.981,5.976,110,,,,,"BF16, BF16 => BF16",BFLOAT16,BFLOAT16,BFLOAT16,False,DEV_1_DRAM_INTERLEAVED,,,,1044480.0,,BinaryNgDeviceOperation
1023,0.14607343678923712,,BinaryNgDeviceOperation,0,2.682,26.177,110,,,,,"BF16, BF16 => BF16",BFLOAT16,BFLOAT16,BFLOAT16,False,DEV_1_DRAM_INTERLEAVED,,,,1045504.0,,BinaryNgDeviceOperation
1024,0.1670336260454217,,BinaryNgDeviceOperation,0,3.799,29.201,110,,,,,"BF16, BF16 => BF16",BFLOAT16,BFLOAT16,BFLOAT16,False,DEV_1_DRAM_INTERLEAVED,,,,1046528.0,,BinaryNgDeviceOperation
1025,0.2909573916960295,SLOW,MatmulDeviceOperation b={32} x 64 x 64 x 64,0,53.721,3.762,4.0,14.639191377673534,2.859217065951862,0.31230274939036873,2.8239180898289993,HiFi2 BF16 x BF16 => BF16,BFLOAT16,BFLOAT16,BFLOAT16,False,DEV_1_DRAM_INTERLEAVED,1,1,1,1047552.0,"If possible place input 0 in L1 (currently in DEV_1_DRAM_INTERLEAVED) • in0_block_w=1 is small, try in0_block_w=2 or above • Output subblock 1x1 is small, try out_subblock_h * out_subblock_w >= 2 if possible • If your matmuls are not FLOP-bound use HiFi4 with BF16 activations for full accuracy",MatmulDeviceOperation
1026,0.017806796861448287,,BinaryNgDeviceOperation,0,2.984,0.534,110,,,,,"BF16, BF16 => BF16",BFLOAT16,BFLOAT16,BFLOAT16,False,DEV_1_DRAM_INTERLEAVED,,,,1048576.0,,BinaryNgDeviceOperation
1027,0.04503327790685203,,BinaryNgDeviceOperation,0,3.67,5.227,110,,,,,"BF16, BF16 => BF16",BFLOAT16,BFLOAT16,BFLOAT16,False,DEV_1_DRAM_INTERLEAVED,,,,1049600.0,,BinaryNgDeviceOperation
1028,0.148017100801402,,BinaryNgDeviceOperation,0,2.679,26.564,110,,,,,"BF16, BF16 => BF16",BFLOAT16,BFLOAT16,BFLOAT16,False,DEV_1_DRAM_INTERLEAVED,,,,1050624.0,,BinaryNgDeviceOperation
1029,0.18131247025978942,,BinaryNgDeviceOperation,0,3.779,32.042,110,,,,,"BF16, BF16 => BF16",BFLOAT16,BFLOAT16,BFLOAT16,False,DEV_1_DRAM_INTERLEAVED,,,,1051648.0,,BinaryNgDeviceOperation
1030,0.298119591115856,SLOW,MatmulDeviceOperation b={32} x 64 x 64 x 64,0,53.712,5.186,4.0,14.641644325290438,2.8596961572832886,0.3123550789395293,2.8243912664526305,HiFi2 BF16 x BF16 => BF16,BFLOAT16,BFLOAT16,BFLOAT16,False,DEV_1_DRAM_INTERLEAVED,1,1,1,1052672.0,"If possible place input 0 in L1 (currently in DEV_1_DRAM_INTERLEAVED) • in0_block_w=1 is small, try in0_block_w=2 or above • Output subblock 1x1 is small, try out_subblock_h * out_subblock_w >= 2 if possible • If your matmuls are not FLOP-bound use HiFi4 with BF16 activations for full accuracy",MatmulDeviceOperation
1031,0.017553715609864316,,BinaryNgDeviceOperation,0,2.943,0.525,110,,,,,"BF16, BF16 => BF16",BFLOAT16,BFLOAT16,BFLOAT16,False,DEV_1_DRAM_INTERLEAVED,,,,1053696.0,,BinaryNgDeviceOperation
1032,0.06179738001177435,,BinaryNgDeviceOperation,0,3.799,8.41,110,,,,,"BF16, BF16 => BF16",BFLOAT16,BFLOAT16,BFLOAT16,False,DEV_1_DRAM_INTERLEAVED,,,,1054720.0,,BinaryNgDeviceOperation
1033,0.14449420977935312,,BinaryNgDeviceOperation,0,2.643,25.904,110,,,,,"BF16, BF16 => BF16",BFLOAT16,BFLOAT16,BFLOAT16,False,DEV_1_DRAM_INTERLEAVED,,,,1055744.0,,BinaryNgDeviceOperation
1034,0.16325765377178883,,BinaryNgDeviceOperation,0,3.873,28.381,110,,,,,"BF16, BF16 => BF16",BFLOAT16,BFLOAT16,BFLOAT16,False,DEV_1_DRAM_INTERLEAVED,,,,1056768.0,,BinaryNgDeviceOperation
1035,0.2931440137097151,SLOW,MatmulDeviceOperation b={32} x 64 x 64 x 64,0,53.929,3.986,4.0,14.582729143874351,2.848189285912959,0.3110982217359862,2.8130264552226762,HiFi2 BF16 x BF16 => BF16,BFLOAT16,BFLOAT16,BFLOAT16,False,DEV_1_DRAM_INTERLEAVED,1,1,1,1057792.0,"If possible place input 0 in L1 (currently in DEV_1_DRAM_INTERLEAVED) • in0_block_w=1 is small, try in0_block_w=2 or above • Output subblock 1x1 is small, try out_subblock_h * out_subblock_w >= 2 if possible • If your matmuls are not FLOP-bound use HiFi4 with BF16 activations for full accuracy",MatmulDeviceOperation
1036,0.017811858486479967,,BinaryNgDeviceOperation,0,2.992,0.527,110,,,,,"BF16, BF16 => BF16",BFLOAT16,BFLOAT16,BFLOAT16,False,DEV_1_DRAM_INTERLEAVED,,,,1058816.0,,BinaryNgDeviceOperation
1037,0.053243233708236096,,BinaryNgDeviceOperation,0,3.973,6.546,110,,,,,"BF16, BF16 => BF16",BFLOAT16,BFLOAT16,BFLOAT16,False,DEV_1_DRAM_INTERLEAVED,,,,1059840.0,,BinaryNgDeviceOperation
1038,0.14197858213860845,,BinaryNgDeviceOperation,0,2.605,25.445,110,,,,,"BF16, BF16 => BF16",BFLOAT16,BFLOAT16,BFLOAT16,False,DEV_1_DRAM_INTERLEAVED,,,,1060864.0,,BinaryNgDeviceOperation
1039,0.1606357320053789,,BinaryNgDeviceOperation,0,3.712,28.024,110,,,,,"BF16, BF16 => BF16",BFLOAT16,BFLOAT16,BFLOAT16,False,DEV_1_DRAM_INTERLEAVED,,,,1061888.0,,BinaryNgDeviceOperation
1040,0.2911547950722651,SLOW,MatmulDeviceOperation b={32} x 64 x 64 x 64,0,53.778,3.744,4.0,14.62367510878054,2.856186544683699,0.31197173565398484,2.8209249824036537,HiFi2 BF16 x BF16 => BF16,BFLOAT16,BFLOAT16,BFLOAT16,False,DEV_1_DRAM_INTERLEAVED,1,1,1,1062912.0,"If possible place input 0 in L1 (currently in DEV_1_DRAM_INTERLEAVED) • in0_block_w=1 is small, try in0_block_w=2 or above • Output subblock 1x1 is small, try out_subblock_h * out_subblock_w >= 2 if possible • If your matmuls are not FLOP-bound use HiFi4 with BF16 activations for full accuracy",MatmulDeviceOperation
1041,0.017553715609864316,,BinaryNgDeviceOperation,0,2.947,0.521,110,,,,,"BF16, BF16 => BF16",BFLOAT16,BFLOAT16,BFLOAT16,False,DEV_1_DRAM_INTERLEAVED,,,,1063936.0,,BinaryNgDeviceOperation
1042,0.05120846044550096,,BinaryNgDeviceOperation,0,3.765,6.352,110,,,,,"BF16, BF16 => BF16",BFLOAT16,BFLOAT16,BFLOAT16,False,DEV_1_DRAM_INTERLEAVED,,,,1064960.0,,BinaryNgDeviceOperation
1043,0.1443575459034978,,BinaryNgDeviceOperation,0,2.667,25.853,110,,,,,"BF16, BF16 => BF16",BFLOAT16,BFLOAT16,BFLOAT16,False,DEV_1_DRAM_INTERLEAVED,,,,1065984.0,,BinaryNgDeviceOperation
1044,0.1640776370269209,,BinaryNgDeviceOperation,0,4.01,28.406,110,,,,,"BF16, BF16 => BF16",BFLOAT16,BFLOAT16,BFLOAT16,False,DEV_1_DRAM_INTERLEAVED,,,,1067008.0,,BinaryNgDeviceOperation
1045,0.29755268911230787,SLOW,MatmulDeviceOperation b={32} x 64 x 64 x 64,0,53.721,5.065,4.0,14.639191377673534,2.859217065951862,0.31230274939036873,2.8239180898289993,HiFi2 BF16 x BF16 => BF16,BFLOAT16,BFLOAT16,BFLOAT16,False,DEV_1_DRAM_INTERLEAVED,1,1,1,1068032.0,"If possible place input 0 in L1 (currently in DEV_1_DRAM_INTERLEAVED) • in0_block_w=1 is small, try in0_block_w=2 or above • Output subblock 1x1 is small, try out_subblock_h * out_subblock_w >= 2 if possible • If your matmuls are not FLOP-bound use HiFi4 with BF16 activations for full accuracy",MatmulDeviceOperation
1046,0.01746260635929409,,BinaryNgDeviceOperation,0,2.926,0.524,110,,,,,"BF16, BF16 => BF16",BFLOAT16,BFLOAT16,BFLOAT16,False,DEV_1_DRAM_INTERLEAVED,,,,1069056.0,,BinaryNgDeviceOperation
1047,0.051942396075094474,,BinaryNgDeviceOperation,0,3.932,6.33,110,,,,,"BF16, BF16 => BF16",BFLOAT16,BFLOAT16,BFLOAT16,False,DEV_1_DRAM_INTERLEAVED,,,,1070080.0,,BinaryNgDeviceOperation
1048,0.1482752436780177,,BinaryNgDeviceOperation,0,2.675,26.619,110,,,,,"BF16, BF16 => BF16",BFLOAT16,BFLOAT16,BFLOAT16,False,DEV_1_DRAM_INTERLEAVED,,,,1071104.0,,BinaryNgDeviceOperation
1049,0.16313111314599685,,BinaryNgDeviceOperation,0,3.703,28.526,110,,,,,"BF16, BF16 => BF16",BFLOAT16,BFLOAT16,BFLOAT16,False,DEV_1_DRAM_INTERLEAVED,,,,1072128.0,,BinaryNgDeviceOperation
1050,0.29140281469881735,SLOW,MatmulDeviceOperation b={32} x 64 x 64 x 64,0,53.717,3.854,4.0,14.640281475138224,2.8594299756129344,0.3123260048029488,2.8241283709757377,HiFi2 BF16 x BF16 => BF16,BFLOAT16,BFLOAT16,BFLOAT16,False,DEV_1_DRAM_INTERLEAVED,1,1,1,1073152.0,"If possible place input 0 in L1 (currently in DEV_1_DRAM_INTERLEAVED) • in0_block_w=1 is small, try in0_block_w=2 or above • Output subblock 1x1 is small, try out_subblock_h * out_subblock_w >= 2 if possible • If your matmuls are not FLOP-bound use HiFi4 with BF16 activations for full accuracy",MatmulDeviceOperation
1051,0.01778655036132157,,BinaryNgDeviceOperation,0,2.99,0.524,110,,,,,"BF16, BF16 => BF16",BFLOAT16,BFLOAT16,BFLOAT16,False,DEV_1_DRAM_INTERLEAVED,,,,1074176.0,,BinaryNgDeviceOperation
1052,0.054468146965902506,,BinaryNgDeviceOperation,0,3.76,7.001,110,,,,,"BF16, BF16 => BF16",BFLOAT16,BFLOAT16,BFLOAT16,False,DEV_1_DRAM_INTERLEAVED,,,,1075200.0,,BinaryNgDeviceOperation
1053,0.14297572226984928,,BinaryNgDeviceOperation,0,2.623,25.624,110,,,,,"BF16, BF16 => BF16",BFLOAT16,BFLOAT16,BFLOAT16,False,DEV_1_DRAM_INTERLEAVED,,,,1076224.0,,BinaryNgDeviceOperation
1054,0.1631412363960602,,BinaryNgDeviceOperation,0,3.73,28.501,110,,,,,"BF16, BF16 => BF16",BFLOAT16,BFLOAT16,BFLOAT16,False,DEV_1_DRAM_INTERLEAVED,,,,1077248.0,,BinaryNgDeviceOperation
1055,0.29130664382321547,SLOW,MatmulDeviceOperation b={32} x 64 x 64 x 64,0,53.84,3.712,4.0,14.606835066864782,2.852897473997028,0.3116124814264487,2.817676517527929,HiFi2 BF16 x BF16 => BF16,BFLOAT16,BFLOAT16,BFLOAT16,False,DEV_1_DRAM_INTERLEAVED,1,1,1,1078272.0,"If possible place input 0 in L1 (currently in DEV_1_DRAM_INTERLEAVED) • in0_block_w=1 is small, try in0_block_w=2 or above • Output subblock 1x1 is small, try out_subblock_h * out_subblock_w >= 2 if possible • If your matmuls are not FLOP-bound use HiFi4 with BF16 activations for full accuracy",MatmulDeviceOperation
1056,0.01734618898356546,,BinaryNgDeviceOperation,0,2.9,0.527,110,,,,,"BF16, BF16 => BF16",BFLOAT16,BFLOAT16,BFLOAT16,False,DEV_1_DRAM_INTERLEAVED,,,,1079296.0,,BinaryNgDeviceOperation
1057,0.051248953445754385,,BinaryNgDeviceOperation,0,3.783,6.342,110,,,,,"BF16, BF16 => BF16",BFLOAT16,BFLOAT16,BFLOAT16,False,DEV_1_DRAM_INTERLEAVED,,,,1080320.0,,BinaryNgDeviceOperation
1058,0.14535974765977033,,BinaryNgDeviceOperation,0,2.698,26.02,110,,,,,"BF16, BF16 => BF16",BFLOAT16,BFLOAT16,BFLOAT16,False,DEV_1_DRAM_INTERLEAVED,,,,1081344.0,,BinaryNgDeviceOperation
1059,0.1648216959065778,,BinaryNgDeviceOperation,0,3.976,28.587,110,,,,,"BF16, BF16 => BF16",BFLOAT16,BFLOAT16,BFLOAT16,False,DEV_1_DRAM_INTERLEAVED,,,,1082368.0,,BinaryNgDeviceOperation
1060,0.28992988181459867,SLOW,MatmulDeviceOperation b={32} x 64 x 64 x 64,0,53.699,3.581,4.0,14.645188923443639,2.8603884616100856,0.3124306970334643,2.8250750238124303,HiFi2 BF16 x BF16 => BF16,BFLOAT16,BFLOAT16,BFLOAT16,False,DEV_1_DRAM_INTERLEAVED,1,1,1,1083392.0,"If possible place input 0 in L1 (currently in DEV_1_DRAM_INTERLEAVED) • in0_block_w=1 is small, try in0_block_w=2 or above • Output subblock 1x1 is small, try out_subblock_h * out_subblock_w >= 2 if possible • If your matmuls are not FLOP-bound use HiFi4 with BF16 activations for full accuracy",MatmulDeviceOperation
1061,0.01761445511024447,,BinaryNgDeviceOperation,0,2.944,0.536,110,,,,,"BF16, BF16 => BF16",BFLOAT16,BFLOAT16,BFLOAT16,False,DEV_1_DRAM_INTERLEAVED,,,,1084416.0,,BinaryNgDeviceOperation
1062,0.05468073521723305,,BinaryNgDeviceOperation,0,4.153,6.65,110,,,,,"BF16, BF16 => BF16",BFLOAT16,BFLOAT16,BFLOAT16,False,DEV_1_DRAM_INTERLEAVED,,,,1085440.0,,BinaryNgDeviceOperation
1063,0.14459038065495505,,BinaryNgDeviceOperation,0,2.722,25.844,110,,,,,"BF16, BF16 => BF16",BFLOAT16,BFLOAT16,BFLOAT16,False,DEV_1_DRAM_INTERLEAVED,,,,1086464.0,,BinaryNgDeviceOperation
1064,0.1684863124295137,,BinaryNgDeviceOperation,0,3.788,29.499,110,,,,,"BF16, BF16 => BF16",BFLOAT16,BFLOAT16,BFLOAT16,False,DEV_1_DRAM_INTERLEAVED,,,,1087488.0,,BinaryNgDeviceOperation
1065,0.2923746467048998,SLOW,MatmulDeviceOperation b={32} x 64 x 64 x 64,0,53.933,3.83,4.0,14.581647599799751,2.847978046835889,0.311075148795728,2.812817824035446,HiFi2 BF16 x BF16 => BF16,BFLOAT16,BFLOAT16,BFLOAT16,False,DEV_1_DRAM_INTERLEAVED,1,1,1,1088512.0,"If possible place input 0 in L1 (currently in DEV_1_DRAM_INTERLEAVED) • in0_block_w=1 is small, try in0_block_w=2 or above • Output subblock 1x1 is small, try out_subblock_h * out_subblock_w >= 2 if possible • If your matmuls are not FLOP-bound use HiFi4 with BF16 activations for full accuracy",MatmulDeviceOperation
1066,0.01770050273578302,,BinaryNgDeviceOperation,0,2.973,0.524,110,,,,,"BF16, BF16 => BF16",BFLOAT16,BFLOAT16,BFLOAT16,False,DEV_1_DRAM_INTERLEAVED,,,,1089536.0,,BinaryNgDeviceOperation
1067,0.07620276485193406,,BinaryNgDeviceOperation,0,3.779,11.276,110,,,,,"BF16, BF16 => BF16",BFLOAT16,BFLOAT16,BFLOAT16,False,DEV_1_DRAM_INTERLEAVED,,,,1090560.0,,BinaryNgDeviceOperation
1068,0.16148102338566936,,BinaryNgDeviceOperation,0,2.799,29.104,110,,,,,"BF16, BF16 => BF16",BFLOAT16,BFLOAT16,BFLOAT16,False,DEV_1_DRAM_INTERLEAVED,,,,1091584.0,,BinaryNgDeviceOperation
1069,0.16283753889415944,,BinaryNgDeviceOperation,0,3.664,28.507,110,,,,,"BF16, BF16 => BF16",BFLOAT16,BFLOAT16,BFLOAT16,False,DEV_1_DRAM_INTERLEAVED,,,,1092608.0,,BinaryNgDeviceOperation
1070,0.364533173156522,SLOW,MatmulDeviceOperation b={32} x 64 x 64 x 128,0,53.927,18.092,8.0,24.305449960131288,4.747158195338142,0.622219518979361,2.813130782422603,HiFi2 BF16 x BF16 => BF16,BFLOAT16,BFLOAT16,BFLOAT16,False,DEV_1_DRAM_INTERLEAVED,1,1,1,1093632.0,"If possible place input 0 in L1 (currently in DEV_1_DRAM_INTERLEAVED) • in0_block_w=1 is small, try in0_block_w=2 or above • Output subblock 1x1 is small, try out_subblock_h * out_subblock_w >= 2 if possible • If your matmuls are not FLOP-bound use HiFi4 with BF16 activations for full accuracy",MatmulDeviceOperation
1071,0.015513880722097502,,UnaryDeviceOperation,0,2.583,0.482,110,,,,,BF16 => BF16,BFLOAT16,BFLOAT16,nan,False,DEV_1_DRAM_INTERLEAVED,,,,1094656.0,,UnaryDeviceOperation
1072,0.1772834167345726,,BinaryNgDeviceOperation,0,4.538,30.487,110,,,,,"BF16, BF16 => BF16",BFLOAT16,BFLOAT16,BFLOAT16,False,DEV_1_DRAM_INTERLEAVED,,,,1095680.0,,BinaryNgDeviceOperation
1073,0.3034849136494362,SLOW,MatmulDeviceOperation b={32} x 64 x 64 x 128,0,53.874,6.084,8.0,24.32936110183019,4.751828340201209,0.6228316442068529,2.815898275674791,HiFi2 BF16 x BF16 => BF16,BFLOAT16,BFLOAT16,BFLOAT16,False,DEV_1_DRAM_INTERLEAVED,1,1,1,1096704.0,"If possible place input 0 in L1 (currently in DEV_1_DRAM_INTERLEAVED) • in0_block_w=1 is small, try in0_block_w=2 or above • Output subblock 1x1 is small, try out_subblock_h * out_subblock_w >= 2 if possible • If your matmuls are not FLOP-bound use HiFi4 with BF16 activations for full accuracy",MatmulDeviceOperation
1074,0.45914000662364257,SLOW,MatmulDeviceOperation b={32} x 64 x 128 x 128,0,90.019,0.691,8.0,23.296770681744963,4.5501505237783135,0.7454966618158388,3.3704818694654173,HiFi2 BF16 x BF16 => BF16,BFLOAT16,BFLOAT16,BFLOAT16,False,DEV_1_DRAM_INTERLEAVED,1,1,1,1097728.0,"If possible place input 0 in L1 (currently in DEV_1_DRAM_INTERLEAVED) • in0_block_w=1 is small, try in0_block_w=2 or above • Output subblock 1x1 is small, try out_subblock_h * out_subblock_w >= 2 if possible • If your matmuls are not FLOP-bound use HiFi4 with BF16 activations for full accuracy",MatmulDeviceOperation
1075,0.03113911719489195,,BinaryNgDeviceOperation,0,5.619,0.533,110,,,,,"BF16, BF16 => BF16",BFLOAT16,BFLOAT16,BFLOAT16,False,DEV_1_DRAM_INTERLEAVED,,,,1098752.0,,BinaryNgDeviceOperation
1076,0.021851035261760167,,TransposeDeviceOperation,0,3.798,0.519,110,,,,,BF16 => BF16,BFLOAT16,BFLOAT16,nan,False,DEV_1_DRAM_INTERLEAVED,,,,1099776.0,,TransposeDeviceOperation
1077,0.45743423898796653,SLOW,MatmulDeviceOperation b={32} x 64 x 128 x 64,0,89.474,0.899,4.0,14.649171826452378,2.86116637235398,0.37501879875718086,3.391011996863976,HiFi2 BF16 x BF16 => BF16,BFLOAT16,BFLOAT16,BFLOAT16,False,DEV_1_DRAM_INTERLEAVED,1,1,1,1100800.0,"If possible place input 0 in L1 (currently in DEV_1_DRAM_INTERLEAVED) • in0_block_w=1 is small, try in0_block_w=2 or above • Output subblock 1x1 is small, try out_subblock_h * out_subblock_w >= 2 if possible • If your matmuls are not FLOP-bound use HiFi4 with BF16 activations for full accuracy",MatmulDeviceOperation
1078,0.02110697638210329,,BinaryNgDeviceOperation,0,3.651,0.519,110,,,,,"BF16, BF16 => BF16",BFLOAT16,BFLOAT16,BFLOAT16,False,DEV_1_DRAM_INTERLEAVED,,,,1101824.0,,BinaryNgDeviceOperation
1079,0.027246727545530453,,BinaryNgDeviceOperation,0,4.902,0.481,110,,,,,"BF16, BF16 => BF16",BFLOAT16,BFLOAT16,BFLOAT16,False,DEV_1_DRAM_INTERLEAVED,,,,1102848.0,,BinaryNgDeviceOperation
1080,0.46164044938929216,SLOW,MatmulDeviceOperation b={32} x 64 x 128 x 128,0,90.579,0.625,8.0,23.152739597478444,4.522019452632509,0.7408876671193102,3.349644038987043,HiFi2 BF16 x BF16 => BF16,BFLOAT16,BFLOAT16,BFLOAT16,False,DEV_1_DRAM_INTERLEAVED,1,1,1,1103872.0,"If possible place input 0 in L1 (currently in DEV_1_DRAM_INTERLEAVED) • in0_block_w=1 is small, try in0_block_w=2 or above • Output subblock 1x1 is small, try out_subblock_h * out_subblock_w >= 2 if possible • If your matmuls are not FLOP-bound use HiFi4 with BF16 activations for full accuracy",MatmulDeviceOperation
1081,0.28105179150903287,SLOW,MatmulDeviceOperation b={32} x 64 x 64 x 128,0,54.275,1.251,8.0,24.149608475356974,4.716720405343159,0.6182299769691385,2.7950935735366866,HiFi2 BF16 x BF16 => BF16,BFLOAT16,BFLOAT16,BFLOAT16,False,DEV_1_DRAM_INTERLEAVED,1,1,1,1104896.0,"If possible place input 0 in L1 (currently in DEV_1_DRAM_INTERLEAVED) • in0_block_w=1 is small, try in0_block_w=2 or above • Output subblock 1x1 is small, try out_subblock_h * out_subblock_w >= 2 if possible • If your matmuls are not FLOP-bound use HiFi4 with BF16 activations for full accuracy",MatmulDeviceOperation
1082,0.029610506435324757,,BinaryNgDeviceOperation,0,5.309,0.541,110,,,,,"BF16, BF16 => BF16",BFLOAT16,BFLOAT16,BFLOAT16,False,DEV_1_DRAM_INTERLEAVED,,,,1105920.0,,BinaryNgDeviceOperation
1083,0.05595120310018459,,UntilizeWithUnpaddingDeviceOperation,0,10.533,0.521,64,,,,,BF16 => BF16,BFLOAT16,BFLOAT16,nan,False,DEV_1_DRAM_INTERLEAVED,,,,1106944.0,,UntilizeWithUnpaddingDeviceOperation
1084,0.012026421075270362,,SliceDeviceOperation,0,1.763,0.613,32,,,,,BF16 => BF16,BFLOAT16,BFLOAT16,nan,False,DEV_1_DRAM_INTERLEAVED,,,,1107968.0,,SliceDeviceOperation
1085,0.01798901536258875,,TilizeWithValPaddingDeviceOperation,0,2.944,0.61,32,,,,,BF16 => BF16,BFLOAT16,BFLOAT16,nan,False,DEV_1_DRAM_INTERLEAVED,,,,1108992.0,,TilizeWithValPaddingDeviceOperation
1086,0.014749575342313904,,UnaryDeviceOperation,0,2.374,0.54,110,,,,,BF16 => BF16,BFLOAT16,BFLOAT16,nan,False,DEV_1_DRAM_INTERLEAVED,,,,1110016.0,,UnaryDeviceOperation
1087,0.03779515411155042,,BinaryNgDeviceOperation,0,6.93,0.537,110,,,,,"BF16, BF16 => BF16",BFLOAT16,BFLOAT16,BFLOAT16,False,DEV_1_DRAM_INTERLEAVED,,,,1111040.0,,BinaryNgDeviceOperation
1088,0.016070659475582238,,BinaryNgDeviceOperation,0,2.604,0.571,110,,,,,"BF16, BF16 => BF16",BFLOAT16,BFLOAT16,BFLOAT16,False,DEV_1_DRAM_INTERLEAVED,,,,1112064.0,,BinaryNgDeviceOperation
1089,0.0999063548752889,,UnaryDeviceOperation,0,1.834,17.904,110,,,,,BF16 => BF16,BFLOAT16,BFLOAT16,nan,False,DEV_1_DRAM_INTERLEAVED,,,,1113088.0,,UnaryDeviceOperation
1090,0.17856906949261914,,BinaryNgDeviceOperation,0,4.547,30.732,110,,,,,"BF16, BF16 => BF16",BFLOAT16,BFLOAT16,BFLOAT16,False,DEV_1_DRAM_INTERLEAVED,,,,1114112.0,,BinaryNgDeviceOperation
1091,0.05339508245918647,,TransposeDeviceOperation,0,3.614,6.935,110,,,,,BF16 => BF16,BFLOAT16,BFLOAT16,nan,False,DEV_1_DRAM_INTERLEAVED,,,,1115136.0,,TransposeDeviceOperation
1092,0.38232478514287516,SLOW,MatmulDeviceOperation b={32} x 128 x 64 x 128,0,55.534,20.0,16.0,37.763388194619516,7.375661756761624,1.2084284222278245,2.731726576578379,HiFi2 BF16 x BF16 => BF16,BFLOAT16,BFLOAT16,BFLOAT16,False,DEV_1_DRAM_INTERLEAVED,1,1,1,1116160.0,"If possible place input 0 in L1 (currently in DEV_1_DRAM_INTERLEAVED) • in0_block_w=1 is small, try in0_block_w=2 or above • Output subblock 1x1 is small, try out_subblock_h * out_subblock_w >= 2 if possible • If your matmuls are not FLOP-bound use HiFi4 with BF16 activations for full accuracy",MatmulDeviceOperation
1093,0.05035304581514713,,BinaryNgDeviceOperation,0,9.359,0.589,110,,,,,"BF16, BF16 => BF16",BFLOAT16,BFLOAT16,BFLOAT16,False,DEV_1_DRAM_INTERLEAVED,,,,1117184.0,,BinaryNgDeviceOperation
1094,0.10700781479473516,,SliceDeviceOperation,0,2.519,18.622,110,,,,,BF16 => BF16,BFLOAT16,BFLOAT16,nan,False,DEV_1_DRAM_INTERLEAVED,,,,1118208.0,,SliceDeviceOperation
1095,0.11818388286468338,,SliceDeviceOperation,0,2.628,20.721,110,,,,,BF16 => BF16,BFLOAT16,BFLOAT16,nan,False,DEV_1_DRAM_INTERLEAVED,,,,1119232.0,,SliceDeviceOperation
1096,0.21069014194365693,,LayerNormDeviceOperation,0,5.061,36.564,32,,,,,"BF16, BF16 => BF16",BFLOAT16,BFLOAT16,BFLOAT16,False,DEV_1_DRAM_INTERLEAVED,,,,1120256.0,,LayerNormDeviceOperation
1097,0.289940005064662,,BinaryNgDeviceOperation,0,5.661,51.621,110,,,,,"BF16, BF16 => BF16",BFLOAT16,BFLOAT16,BFLOAT16,False,DEV_1_DRAM_INTERLEAVED,,,,1121280.0,,BinaryNgDeviceOperation
1098,0.15892996436970291,,TransposeDeviceOperation,0,2.62,28.779,110,,,,,BF16 => BF16,BFLOAT16,BFLOAT16,nan,False,DEV_1_DRAM_INTERLEAVED,,,,1122304.0,,TransposeDeviceOperation
1099,0.14629108666559934,,ReshapeViewDeviceOperation,0,9.139,19.763,110,,,,,BF16 => BF16,BFLOAT16,BFLOAT16,nan,False,DEV_1_DRAM_INTERLEAVED,,,,1123328.0,,ReshapeViewDeviceOperation
1100,0.566775462922306,SLOW,MatmulDeviceOperation 32 x 4096 x 2048,0,73.507,38.468,64.0,119.46922061844451,23.333832152039943,7.303670561987294,4.127598832864998,HiFi2 BF16 x BFP8 => BF16,BFLOAT16,BFLOAT16,BFLOAT8_B,False,DEV_1_DRAM_INTERLEAVED,2,1,1,1124352.0,"If possible place input 0 in L1 (currently in DEV_1_DRAM_INTERLEAVED) • Output subblock 1x1 is small, try out_subblock_h * out_subblock_w >= 2 if possible • If your matmuls are not FLOP-bound use HiFi4 with BF16 activations for full accuracy",MatmulDeviceOperation
1101,0.016318679102134533,,BinaryNgDeviceOperation,0,2.668,0.556,110,,,,,"BF16, BF16 => BF16",BFLOAT16,BFLOAT16,BFLOAT16,False,DEV_1_DRAM_INTERLEAVED,,,,1125376.0,,BinaryNgDeviceOperation
1102,0.15822639849029949,,LayerNormDeviceOperation,0,26.056,5.204,1,,,,,"BF16, BF16 => BF16",BFLOAT16,BFLOAT16,BFLOAT16,False,DEV_1_DRAM_INTERLEAVED,,,,1126400.0,,LayerNormDeviceOperation
1103,0.17344164333552786,SLOW,MatmulDeviceOperation 32 x 2048 x 256,0,24.348,9.918,8.0,49.12239198291441,9.59421718416297,1.3781186134384753,6.230643326092644,HiFi2 BF16 x BF16 => BF16,BFLOAT16,BFLOAT16,BFLOAT16,False,DEV_1_DRAM_INTERLEAVED,2,1,1,1127424.0,"If possible place input 0 in L1 (currently in DEV_1_DRAM_INTERLEAVED) • Output subblock 1x1 is small, try out_subblock_h * out_subblock_w >= 2 if possible • If your matmuls are not FLOP-bound use HiFi4 with BF16 activations for full accuracy",MatmulDeviceOperation
1104,0.18904663330819563,,SoftmaxDeviceOperation,0,5.75,31.599,110,,,,,BF16 => BF16,BFLOAT16,BFLOAT16,nan,False,DEV_1_DRAM_INTERLEAVED,,,,1128448.0,,SoftmaxDeviceOperation
1105,0.09497127046940143,,FillPadDeviceOperation,0,4.023,14.74,8,,,,,BF16 => BF16,BFLOAT16,BFLOAT16,nan,False,DEV_1_DRAM_INTERLEAVED,,,,1129472.0,,FillPadDeviceOperation
1106,0.3595221643751593,,TopKDeviceOperation,0,44.899,26.13,1,,,,,BF16 => BF16,BFLOAT16,BFLOAT16,nan,False,DEV_1_DRAM_INTERLEAVED,,,,1130496.0,,TopKDeviceOperation
1107,0.011742970073496313,,SliceDeviceOperation,0,0.741,1.579,1,,,,,BF16 => BF16,BFLOAT16,BFLOAT16,nan,False,DEV_1_DRAM_INTERLEAVED,,,,1131520.0,,SliceDeviceOperation
1108,0.011570874822419213,,SliceDeviceOperation,0,0.784,1.502,1,,,,,UINT16 => UINT16,UINT16,UINT16,nan,False,DEV_1_DRAM_INTERLEAVED,,,,1132544.0,,SliceDeviceOperation
1109,0.082646213517262,,FillPadDeviceOperation,0,10.233,6.095,1,,,,,BF16 => BF16,BFLOAT16,BFLOAT16,nan,False,DEV_1_DRAM_INTERLEAVED,,,,1133568.0,,FillPadDeviceOperation
1110,0.055996757725469706,,ReduceDeviceOperation,0,1.216,9.847,1,,,,,BF16 => BF16,BFLOAT16,BFLOAT16,nan,False,DEV_1_DRAM_INTERLEAVED,,,,1134592.0,,ReduceDeviceOperation
1111,0.3113506789486661,,BinaryNgDeviceOperation,0,2.533,58.979,110,,,,,"BF16, BF16 => BF16",BFLOAT16,BFLOAT16,BFLOAT16,False,DEV_1_DRAM_INTERLEAVED,,,,1135616.0,,BinaryNgDeviceOperation
1112,0.5205172717577875,,UnaryDeviceOperation,0,1.196,101.64,110,,,,,BF16 => BF16,BFLOAT16,BFLOAT16,nan,False,DEV_1_DRAM_INTERLEAVED,,,,1136640.0,,UnaryDeviceOperation
1113,0.10752916217299814,,UntilizeWithUnpaddingDeviceOperation,0,5.22,16.024,1,,,,,BF16 => BF16,BFLOAT16,BFLOAT16,nan,False,DEV_1_DRAM_INTERLEAVED,,,,1137664.0,,UntilizeWithUnpaddingDeviceOperation
1114,0.05264090032946623,,UntilizeWithUnpaddingDeviceOperation,0,2.195,8.205,1,,,,,UINT16 => UINT16,UINT16,UINT16,nan,False,DEV_1_DRAM_INTERLEAVED,,,,1138688.0,,UntilizeWithUnpaddingDeviceOperation
1115,0.06578087891170609,,UntilizeWithUnpaddingDeviceOperation,0,2.163,10.833,1,,,,,BF16 => BF16,BFLOAT16,BFLOAT16,nan,False,DEV_1_DRAM_INTERLEAVED,,,,1139712.0,,UntilizeWithUnpaddingDeviceOperation
1116,0.10660794641723248,,ScatterDeviceOperation,0,4.102,16.96,5,,,,,"BF16, UINT16 => BF16",BFLOAT16,BFLOAT16,UINT16,False,DEV_1_DRAM_INTERLEAVED,,,,1140736.0,,ScatterDeviceOperation
1117,0.11139624369720125,,TilizeWithValPaddingDeviceOperation,0,9.521,12.487,1,,,,,BF16 => BF16,BFLOAT16,BFLOAT16,nan,False,DEV_1_DRAM_INTERLEAVED,,,,1141760.0,,TilizeWithValPaddingDeviceOperation
1118,0.20818463755297562,,FillPadDeviceOperation,0,4.302,36.828,64,,,,,BF16 => BF16,BFLOAT16,BFLOAT16,nan,False,DEV_1_DRAM_INTERLEAVED,,,,1142784.0,,FillPadDeviceOperation
1119,0.05466555034213802,,FillPadDeviceOperation,0,3.996,6.804,8,,,,,BF16 => BF16,BFLOAT16,BFLOAT16,nan,False,DEV_1_DRAM_INTERLEAVED,,,,1143808.0,,FillPadDeviceOperation
1120,0.7793991456280643,,UnaryDeviceOperation,0,87.045,66.937,110,,,,,BF16 => BF16,BFLOAT16,BFLOAT16,nan,False,DEV_1_DRAM_INTERLEAVED,,,,1144832.0,,UnaryDeviceOperation
1121,20.791996518006904,SLOW,SparseMatmulDeviceOperation active=256/256 x 32 x 2048 x 1024,0,4107.173,0.598,32.0,142.97000881141358,27.923829845979213,8.365787944165,4.727844206726639,LoFi BF16 x BFP8 => BF16,BFLOAT16,BFLOAT16,BFLOAT8_B,False,DEV_1_DRAM_INTERLEAVED,4,1,1,1145856.0,"If possible place input 0 in L1 (currently in DEV_1_DRAM_INTERLEAVED) • Output subblock 1x1 is small, try out_subblock_h * out_subblock_w >= 2 if possible • Use HiFi2 or HiFi4 with BF16 activations for improved accuracy",SparseMatmulDeviceOperation
1122,0.4960949309799342,,PermuteDeviceOperation,0,97.519,0.492,110,,,,,BF16 => BF16,BFLOAT16,BFLOAT16,nan,False,DEV_1_DRAM_INTERLEAVED,,,,1146880.0,,PermuteDeviceOperation
1123,0.2347834770944511,,SliceDeviceOperation,0,45.821,0.564,110,,,,,BF16 => BF16,BFLOAT16,BFLOAT16,nan,False,DEV_1_DRAM_INTERLEAVED,,,,1147904.0,,SliceDeviceOperation
1124,0.23546679647372784,,SliceDeviceOperation,0,45.956,0.564,110,,,,,BF16 => BF16,BFLOAT16,BFLOAT16,nan,False,DEV_1_DRAM_INTERLEAVED,,,,1148928.0,,SliceDeviceOperation
1125,0.34499530053423927,,BinaryNgDeviceOperation,0,67.562,0.597,110,,,,,"BF16, BF16 => BF16",BFLOAT16,BFLOAT16,BFLOAT16,False,DEV_1_DRAM_INTERLEAVED,,,,1149952.0,,BinaryNgDeviceOperation
1126,0.9024624350232869,,UnaryDeviceOperation,0,177.828,0.467,110,,,,,BF16 => BF16,BFLOAT16,BFLOAT16,nan,False,DEV_1_DRAM_INTERLEAVED,,,,1150976.0,,UnaryDeviceOperation
1127,6.362822040198311,SLOW,SparseMatmulDeviceOperation active=256/256 x 32 x 512 x 2048,0,1256.434,0.637,64.0,247.03127740892077,48.248296368929836,13.673515030634318,3.8637274369513386,LoFi BF16 x BFP8 => BF16,BFLOAT16,BFLOAT16,BFLOAT8_B,False,DEV_1_DRAM_INTERLEAVED,4,1,1,1152000.0,"If possible place input 0 in L1 (currently in DEV_1_DRAM_INTERLEAVED) • Output subblock 1x1 is small, try out_subblock_h * out_subblock_w >= 2 if possible • Use HiFi2 or HiFi4 with BF16 activations for improved accuracy",SparseMatmulDeviceOperation
1128,0.06400931015061827,,PermuteDeviceOperation,0,12.169,0.477,110,,,,,BF16 => BF16,BFLOAT16,BFLOAT16,nan,False,DEV_1_DRAM_INTERLEAVED,,,,1153024.0,,PermuteDeviceOperation
1129,0.9619365291455202,,BinaryNgDeviceOperation,0,189.576,0.469,110,,,,,"BF16, BF16 => BF16",BFLOAT16,BFLOAT16,BFLOAT16,False,DEV_1_DRAM_INTERLEAVED,,,,1154048.0,,BinaryNgDeviceOperation
1130,0.46548728441336856,,FastReduceNCDeviceOperation,0,91.394,0.57,64,,,,,BF16 => BF16,BFLOAT16,BFLOAT16,nan,False,DEV_1_DRAM_INTERLEAVED,,,,1155072.0,,FastReduceNCDeviceOperation
1131,0.01159112132254593,,SliceDeviceOperation,0,1.774,0.516,64,,,,,BF16 => BF16,BFLOAT16,BFLOAT16,nan,False,DEV_1_DRAM_INTERLEAVED,,,,1156096.0,,SliceDeviceOperation
1132,0.15825676824048954,SLOW,MatmulDeviceOperation 32 x 2048 x 1024,0,30.775,0.491,32.0,74.53322502030869,14.557270511779041,4.3612584240454915,4.929446099226765,HiFi2 BF16 x BFP8 => BF16,BFLOAT16,BFLOAT16,BFLOAT8_B,False,DEV_1_DRAM_INTERLEAVED,2,1,1,1157120.0,"If possible place input 0 in L1 (currently in DEV_1_DRAM_INTERLEAVED) • Output subblock 1x1 is small, try out_subblock_h * out_subblock_w >= 2 if possible • If your matmuls are not FLOP-bound use HiFi4 with BF16 activations for full accuracy",MatmulDeviceOperation
1133,0.011621491072736006,,SliceDeviceOperation,0,1.658,0.638,16,,,,,BF16 => BF16,BFLOAT16,BFLOAT16,nan,False,DEV_1_DRAM_INTERLEAVED,,,,1158144.0,,SliceDeviceOperation
1134,0.011424087696500506,,SliceDeviceOperation,0,1.666,0.591,16,,,,,BF16 => BF16,BFLOAT16,BFLOAT16,nan,False,DEV_1_DRAM_INTERLEAVED,,,,1159168.0,,SliceDeviceOperation
1135,0.022412875640276584,,BinaryNgDeviceOperation,0,3.969,0.459,110,,,,,"BF16, BF16 => BF16",BFLOAT16,BFLOAT16,BFLOAT16,False,DEV_1_DRAM_INTERLEAVED,,,,1160192.0,,BinaryNgDeviceOperation
1136,0.0581681948640602,SLOW,MatmulDeviceOperation 32 x 512 x 2048,0,11.038,0.454,64.0,109.84018843993476,21.453161804674757,6.079802862837471,3.43594183057854,HiFi2 BF16 x BFP8 => BF16,BFLOAT16,BFLOAT16,BFLOAT8_B,False,DEV_1_DRAM_INTERLEAVED,2,1,1,1161216.0,"If possible place input 0 in L1 (currently in DEV_1_DRAM_INTERLEAVED) • Output subblock 1x1 is small, try out_subblock_h * out_subblock_w >= 2 if possible • If your matmuls are not FLOP-bound use HiFi4 with BF16 activations for full accuracy",MatmulDeviceOperation
1137,0.0816591966360845,SLOW,MatmulDeviceOperation 32 x 2048 x 32,0,15.4,0.733,1.0,17.15532467532467,3.3506493506493498,0.27235740259740254,9.85088985088985,HiFi2 BF16 x BF16 => BF16,BFLOAT16,BFLOAT16,BFLOAT16,False,DEV_1_DRAM_INTERLEAVED,2,1,1,1162240.0,"If possible place input 0 in L1 (currently in DEV_1_DRAM_INTERLEAVED) • Output subblock 1x1 is small, try out_subblock_h * out_subblock_w >= 2 if possible • If your matmuls are not FLOP-bound use HiFi4 with BF16 activations for full accuracy",MatmulDeviceOperation
1138,0.03100751494406828,,BinaryNgDeviceOperation,0,5.579,0.547,110,,,,,"BF16, BF16 => BF16",BFLOAT16,BFLOAT16,BFLOAT16,False,DEV_1_DRAM_INTERLEAVED,,,,1163264.0,,BinaryNgDeviceOperation
1139,0.014040947837878782,,BinaryNgDeviceOperation,0,2.261,0.513,110,,,,,"BF16, BF16 => BF16",BFLOAT16,BFLOAT16,BFLOAT16,False,DEV_1_DRAM_INTERLEAVED,,,,1164288.0,,BinaryNgDeviceOperation
1140,0.01443575459034978,,BinaryNgDeviceOperation,0,2.325,0.527,110,,,,,"BF16, BF16 => BF16",BFLOAT16,BFLOAT16,BFLOAT16,False,DEV_1_DRAM_INTERLEAVED,,,,1165312.0,,BinaryNgDeviceOperation
