{
  "decode_efficiency": 0.4074816569983978,
  "decode_speedup": 1.6299266279935911,
  "expert_strategy": "ep",
  "mesh": [
    1,
    4
  ],
  "multichip_prefill_ms": 26.750492583960295,
  "multichip_traced_decode_ms": 0.5988150276243687,
  "prefill_efficiency": 0.12546120855793996,
  "prefill_repeats": 10,
  "prefill_speedup": 0.5018448342317599,
  "qkv_candidate": [
    10,
    9,
    2,
    2
  ],
  "qkv_geometry": [
    10,
    9,
    2,
    2
  ],
  "seq_len": 128,
  "single_chip": {
    "mesh": [
      1,
      1
    ],
    "prefill_ms": 13.424596516415477,
    "prefill_repeats": 10,
    "seq_len": 128,
    "trace_replays": 100,
    "traced_decode_ms": 0.9760245587676764
  },
  "trace_replays": 100
}
