{
  "decode_efficiency": 0.4069247224140104,
  "decode_speedup": 1.6276988896560416,
  "expert_strategy": "ep",
  "mesh": [
    1,
    4
  ],
  "multichip_prefill_ms": 26.711716502904892,
  "multichip_traced_decode_ms": 0.5996345914900303,
  "prefill_efficiency": 0.12564333440491887,
  "prefill_repeats": 10,
  "prefill_speedup": 0.5025733376196755,
  "qkv_candidate": [
    18,
    5,
    2,
    2
  ],
  "qkv_geometry": [
    18,
    5,
    2,
    2
  ],
  "seq_len": 128,
  "single_chip": {
    "mesh": [
      1,
      1
    ],
    "prefill_ms": 13.424596516415477,
    "prefill_repeats": 10,
    "seq_len": 128,
    "trace_replays": 100,
    "traced_decode_ms": 0.9760245587676764
  },
  "trace_replays": 100
}
