{
  "decode_efficiency": 0.40008119446531404,
  "decode_speedup": 1.6003247778612562,
  "expert_strategy": "ep",
  "mesh": [
    1,
    4
  ],
  "multichip_prefill_ms": 26.730292895808816,
  "multichip_traced_decode_ms": 0.6098915496841073,
  "prefill_efficiency": 0.12555601774307895,
  "prefill_repeats": 10,
  "prefill_speedup": 0.5022240709723158,
  "qkv_candidate": [
    30,
    3,
    4,
    4
  ],
  "qkv_geometry": [
    30,
    3,
    4,
    4
  ],
  "seq_len": 128,
  "single_chip": {
    "mesh": [
      1,
      1
    ],
    "prefill_ms": 13.424596516415477,
    "prefill_repeats": 10,
    "seq_len": 128,
    "trace_replays": 100,
    "traced_decode_ms": 0.9760245587676764
  },
  "trace_replays": 100
}
