{
  "decode_efficiency": 0.4000468292178529,
  "decode_speedup": 1.6001873168714116,
  "expert_strategy": "ep",
  "mesh": [
    1,
    4
  ],
  "multichip_prefill_ms": 26.718152593821287,
  "multichip_traced_decode_ms": 0.6099439412355423,
  "prefill_efficiency": 0.12561306839305933,
  "prefill_repeats": 10,
  "prefill_speedup": 0.5024522735722373,
  "qkv_candidate": [
    30,
    3,
    1,
    1
  ],
  "qkv_geometry": [
    30,
    3,
    1,
    1
  ],
  "seq_len": 128,
  "single_chip": {
    "mesh": [
      1,
      1
    ],
    "prefill_ms": 13.424596516415477,
    "prefill_repeats": 10,
    "seq_len": 128,
    "trace_replays": 100,
    "traced_decode_ms": 0.9760245587676764
  },
  "trace_replays": 100
}
