{
  "decode_efficiency": 0.40340965054985667,
  "decode_speedup": 1.6136386021994267,
  "expert_strategy": "ep",
  "mesh": [
    1,
    4
  ],
  "multichip_prefill_ms": 26.71930962242186,
  "multichip_traced_decode_ms": 0.6048594508320093,
  "prefill_efficiency": 0.12560762895937672,
  "prefill_repeats": 10,
  "prefill_speedup": 0.5024305158375069,
  "qkv_candidate": null,
  "qkv_geometry": [
    30,
    3,
    2,
    2
  ],
  "seq_len": 128,
  "single_chip": {
    "mesh": [
      1,
      1
    ],
    "prefill_ms": 13.424596516415477,
    "prefill_repeats": 10,
    "seq_len": 128,
    "trace_replays": 100,
    "traced_decode_ms": 0.9760245587676764
  },
  "trace_replays": 100
}
