{
  "decode_efficiency": 0.3718624133451949,
  "decode_speedup": 1.4874496533807795,
  "expert_strategy": "ep",
  "mesh": [
    1,
    4
  ],
  "multichip_prefill_ms": 27.845448814332485,
  "multichip_traced_decode_ms": 0.6560453524192175,
  "prefill_efficiency": 0.1203811005787753,
  "prefill_repeats": 1,
  "prefill_speedup": 0.4815244023151012,
  "qkv_candidate": null,
  "qkv_geometry": [
    10,
    9,
    2,
    2
  ],
  "seq_len": 128,
  "single_chip": {
    "mesh": [
      1,
      1
    ],
    "prefill_ms": 13.408263097517192,
    "prefill_repeats": 20,
    "seq_len": 128,
    "trace_replays": 500,
    "traced_decode_ms": 0.9758344320580363
  },
  "trace_replays": 3
}
