===== layer_ab decode-context 256 =====
2026-08-15 01:04:55.341 | DEBUG    | ttnn:<module>:78 - Initial ttnn.CONFIG:
Config{cache_path=/home/ttuser/.cache/ttnn,model_cache_path=/home/ttuser/.cache/ttnn/models,tmp_dir=/tmp/ttnn,enable_model_cache=false,enable_fast_runtime_mode=true,validate_program_args=false,throw_exception_on_fallback=false,enable_logging=false,enable_graph_report=false,enable_graph_python_stack_traces=false,enable_detailed_buffer_report=false,enable_detailed_tensor_report=false,enable_comparison_mode=false,comparison_mode_should_raise_exception=false,comparison_mode_pcc=0.9999,root_report_path=generated/ttnn/reports,report_name=std::nullopt,std::nullopt}
2026-08-15 01:04:57.217 | info     |          Device | Opening user mode device driver (tt_cluster.cpp:228)
2026-08-15 01:04:57.217 | info     |             UMD | Cluster constructor started. (cluster.cpp:389)
2026-08-15 01:04:57.217 | info     |             UMD | Creating TopologyDiscovery for architecture: blackhole (topology_discovery.cpp:96)
2026-08-15 01:04:57.217 | info     |             UMD | Starting topology discovery. (topology_discovery.cpp:115)
2026-08-15 01:04:57.229 | info     |             UMD | Established firmware bundle version: 19.11.0 (topology_discovery.cpp:575)
2026-08-15 01:04:57.230 | info     |             UMD | Completed topology discovery. (topology_discovery.cpp:119)
2026-08-15 01:04:57.307 | info     |             UMD | Opening local chip ids/PCIe ids: {0, 1, 2, 3}/[0, 1, 2, 3] and remote chip ids {} (cluster.cpp:173)
2026-08-15 01:04:57.307 | info     |             UMD | IOMMU: enabled (cluster.cpp:147)
2026-08-15 01:04:57.307 | info     |             UMD | KMD version: 2.10.0 (cluster.cpp:150)
2026-08-15 01:04:57.307 | info     |             UMD | Cluster constructor completed. (cluster.cpp:648)
2026-08-15 01:04:57.309 | info     |             UMD | Starting devices in cluster (cluster.cpp:1184)
2026-08-15 01:04:57.448 | warning  |             UMD | AICLK settled at 1343 MHz, within 5% of the requested 1350 MHz but not an exact match. Proceeding. (tt_device.cpp:322)
2026-08-15 01:04:57.502 | info     |             UMD | Starting devices in cluster completed. (cluster.cpp:1192)
2026-08-15 01:04:57.630 | info     |     Distributed | Using auto discovery to generate mesh graph. (metal_env.cpp:437)
2026-08-15 01:04:57.630 | info     |     Distributed | Constructing control plane using auto-discovery (no mesh graph descriptor). (metal_env.cpp:499)
2026-08-15 01:04:57.630 | warning  |          Always | Unknown motherboard 'B850M-C' for chip_id=0 (bus_id=0x1) — falling back to bus_id as tray_id. Add this motherboard and its bus IDs to mobo_to_bus_ids in physical_system_discovery.cpp. (physical_system_discovery.cpp:119)
2026-08-15 01:04:57.630 | info     |          Fabric | Logical multi-mesh adjacency: intermesh degree histogram {0:1}; intra-mesh degree histograms mesh0 {2:4} (topology_mapper_utils.cpp:3329)
2026-08-15 01:04:57.630 | info     |          Fabric | Physical multi-mesh adjacency: intermesh degree histogram {0:1}; intra-mesh degree histograms mesh0 {2:4} (topology_mapper_utils.cpp:3337)
2026-08-15 01:04:57.671 | warning  |           Metal | Unable to set process priority to 0, error code: -1 (thread_pool.cpp:107)
2026-08-15 01:04:57.671 | warning  |           Metal | Unable to set process priority to 0, error code: -1 (thread_pool.cpp:107)
2026-08-15 01:04:57.672 | warning  |           Metal | Unable to set process priority to 0, error code: -1 (thread_pool.cpp:107)
2026-08-15 01:04:57.673 | warning  |           Metal | Unable to set process priority to 0, error code: -1 (thread_pool.cpp:107)
2026-08-15 01:04:57.673 | warning  |           Metal | Unable to set process priority to 0, error code: -1 (thread_pool.cpp:107)
2026-08-15 01:04:57.674 | warning  |           Metal | Unable to set process priority to 0, error code: -1 (thread_pool.cpp:107)
2026-08-15 01:04:57.674 | warning  |           Metal | Unable to set process priority to 0, error code: -1 (thread_pool.cpp:107)
2026-08-15 01:04:57.675 | warning  |           Metal | Unable to set process priority to 0, error code: -1 (thread_pool.cpp:107)
2026-08-15 01:04:57.675 | info     |           Metal | Initializing Fabric (fabric_firmware_initializer.cpp:296)
2026-08-15 01:04:57.695 | info     |           Metal | Fabric initialized on Device 0 (device.cpp:550)
2026-08-15 01:04:57.703 | info     |           Metal | Fabric initialized on Device 1 (device.cpp:550)
2026-08-15 01:04:57.704 | info     |           Metal | Fabric initialized on Device 2 (device.cpp:550)
2026-08-15 01:04:57.704 | info     |           Metal | Fabric initialized on Device 3 (device.cpp:550)
2026-08-15 01:04:57.704 | info     |           Metal | Fabric initialized on 4 devices (fabric_firmware_initializer.cpp:444)
2026-08-15 01:04:57.704 | info     |           Metal | Fabric Initialized with config FabricConfig::FABRIC_1D_RING (fabric_firmware_initializer.cpp:313)
2026-08-15 01:05:03.928 | warning  |              Op | Mismatch between computed MemoryConfig(memory_layout=TensorMemoryLayout::WIDTH_SHARDED,buffer_type=BufferType::L1,shard_spec=ShardSpec{grid=[{"start":{"x":0,"y":0},"end":{"x":10,"y":0}, {"start":{"x":0,"y":1},"end":{"x":2,"y":1}], shape=[32, 96], orientation=ShardOrientation::ROW_MAJOR},nd_shard_spec={"shard_shape":[32, 96],"grid":[{"start":{"x":0,"y":0},"end":{"x":10,"y":0}}, {"start":{"x":0,"y":1},"end":{"x":2,"y":1}}],"orientation":"ShardOrientation::ROW_MAJOR","shard_distribution_strategy":"ShardDistributionStrategy::ROUND_ROBIN_1D"},created_with_nd_shard_spec=0,per_core_allocation=0) and provided MemoryConfig(memory_layout=TensorMemoryLayout::WIDTH_SHARDED,buffer_type=BufferType::L1,shard_spec=ShardSpec{grid=[{"start":{"x":0,"y":0},"end":{"x":10,"y":0}, {"start":{"x":0,"y":1},"end":{"x":4,"y":1}], shape=[32, 96], orientation=ShardOrientation::ROW_MAJOR},nd_shard_spec=std::nullopt,created_with_nd_shard_spec=0,per_core_allocation=0) mem config. Using computed config. (matmul_device_operation.cpp:239)
2026-08-15 01:05:03.999 | warning  |              Op | Mismatch between computed MemoryConfig(memory_layout=TensorMemoryLayout::WIDTH_SHARDED,buffer_type=BufferType::L1,shard_spec=ShardSpec{grid=[{"start":{"x":0,"y":0},"end":{"x":10,"y":0}, {"start":{"x":0,"y":1},"end":{"x":2,"y":1}], shape=[32, 96], orientation=ShardOrientation::ROW_MAJOR},nd_shard_spec={"shard_shape":[32, 96],"grid":[{"start":{"x":0,"y":0},"end":{"x":10,"y":0}}, {"start":{"x":0,"y":1},"end":{"x":2,"y":1}}],"orientation":"ShardOrientation::ROW_MAJOR","shard_distribution_strategy":"ShardDistributionStrategy::ROUND_ROBIN_1D"},created_with_nd_shard_spec=0,per_core_allocation=0) and provided MemoryConfig(memory_layout=TensorMemoryLayout::WIDTH_SHARDED,buffer_type=BufferType::L1,shard_spec=ShardSpec{grid=[{"start":{"x":0,"y":0},"end":{"x":10,"y":0}, {"start":{"x":0,"y":1},"end":{"x":4,"y":1}], shape=[32, 96], orientation=ShardOrientation::ROW_MAJOR},nd_shard_spec=std::nullopt,created_with_nd_shard_spec=0,per_core_allocation=0) mem config. Using computed config. (matmul_device_operation.cpp:239)
2026-08-15 01:05:04.001 | warning  |              Op | Mismatch between computed MemoryConfig(memory_layout=TensorMemoryLayout::WIDTH_SHARDED,buffer_type=BufferType::L1,shard_spec=ShardSpec{grid=[{"start":{"x":0,"y":0},"end":{"x":10,"y":0}, {"start":{"x":0,"y":1},"end":{"x":2,"y":1}], shape=[32, 96], orientation=ShardOrientation::ROW_MAJOR},nd_shard_spec={"shard_shape":[32, 96],"grid":[{"start":{"x":0,"y":0},"end":{"x":10,"y":0}}, {"start":{"x":0,"y":1},"end":{"x":2,"y":1}}],"orientation":"ShardOrientation::ROW_MAJOR","shard_distribution_strategy":"ShardDistributionStrategy::ROUND_ROBIN_1D"},created_with_nd_shard_spec=0,per_core_allocation=0) and provided MemoryConfig(memory_layout=TensorMemoryLayout::WIDTH_SHARDED,buffer_type=BufferType::L1,shard_spec=ShardSpec{grid=[{"start":{"x":0,"y":0},"end":{"x":10,"y":0}, {"start":{"x":0,"y":1},"end":{"x":4,"y":1}], shape=[32, 96], orientation=ShardOrientation::ROW_MAJOR},nd_shard_spec=std::nullopt,created_with_nd_shard_spec=0,per_core_allocation=0) mem config. Using computed config. (matmul_device_operation.cpp:239)
MESH MeshShape([1, 4]) devices=4 grid=11-10
AB       baseline         kind=sliding  mesh=1x4 batch=1 prefill128=    1.11 ms  traced_decode@256= 0.4390 ms/token  prefill_pcc=0.993700 decode_pcc=0.993488  (0.4391/0.4391/0.4390)
2026-08-15 01:05:06.906 | warning  |              Op | Mismatch between computed MemoryConfig(memory_layout=TensorMemoryLayout::WIDTH_SHARDED,buffer_type=BufferType::L1,shard_spec=ShardSpec{grid=[{"start":{"x":0,"y":0},"end":{"x":10,"y":0}, {"start":{"x":0,"y":1},"end":{"x":2,"y":1}], shape=[32, 96], orientation=ShardOrientation::ROW_MAJOR},nd_shard_spec={"shard_shape":[32, 96],"grid":[{"start":{"x":0,"y":0},"end":{"x":10,"y":0}}, {"start":{"x":0,"y":1},"end":{"x":2,"y":1}}],"orientation":"ShardOrientation::ROW_MAJOR","shard_distribution_strategy":"ShardDistributionStrategy::ROUND_ROBIN_1D"},created_with_nd_shard_spec=0,per_core_allocation=0) and provided MemoryConfig(memory_layout=TensorMemoryLayout::WIDTH_SHARDED,buffer_type=BufferType::L1,shard_spec=ShardSpec{grid=[{"start":{"x":0,"y":0},"end":{"x":10,"y":0}, {"start":{"x":0,"y":1},"end":{"x":4,"y":1}], shape=[32, 96], orientation=ShardOrientation::ROW_MAJOR},nd_shard_spec=std::nullopt,created_with_nd_shard_spec=0,per_core_allocation=0) mem config. Using computed config. (matmul_device_operation.cpp:239)
2026-08-15 01:05:06.921 | warning  |              Op | Mismatch between computed MemoryConfig(memory_layout=TensorMemoryLayout::WIDTH_SHARDED,buffer_type=BufferType::L1,shard_spec=ShardSpec{grid=[{"start":{"x":0,"y":0},"end":{"x":10,"y":0}, {"start":{"x":0,"y":1},"end":{"x":2,"y":1}], shape=[32, 96], orientation=ShardOrientation::ROW_MAJOR},nd_shard_spec={"shard_shape":[32, 96],"grid":[{"start":{"x":0,"y":0},"end":{"x":10,"y":0}}, {"start":{"x":0,"y":1},"end":{"x":2,"y":1}}],"orientation":"ShardOrientation::ROW_MAJOR","shard_distribution_strategy":"ShardDistributionStrategy::ROUND_ROBIN_1D"},created_with_nd_shard_spec=0,per_core_allocation=0) and provided MemoryConfig(memory_layout=TensorMemoryLayout::WIDTH_SHARDED,buffer_type=BufferType::L1,shard_spec=ShardSpec{grid=[{"start":{"x":0,"y":0},"end":{"x":10,"y":0}, {"start":{"x":0,"y":1},"end":{"x":4,"y":1}], shape=[32, 96], orientation=ShardOrientation::ROW_MAJOR},nd_shard_spec=std::nullopt,created_with_nd_shard_spec=0,per_core_allocation=0) mem config. Using computed config. (matmul_device_operation.cpp:239)
2026-08-15 01:05:06.923 | warning  |              Op | Mismatch between computed MemoryConfig(memory_layout=TensorMemoryLayout::WIDTH_SHARDED,buffer_type=BufferType::L1,shard_spec=ShardSpec{grid=[{"start":{"x":0,"y":0},"end":{"x":10,"y":0}, {"start":{"x":0,"y":1},"end":{"x":2,"y":1}], shape=[32, 96], orientation=ShardOrientation::ROW_MAJOR},nd_shard_spec={"shard_shape":[32, 96],"grid":[{"start":{"x":0,"y":0},"end":{"x":10,"y":0}}, {"start":{"x":0,"y":1},"end":{"x":2,"y":1}}],"orientation":"ShardOrientation::ROW_MAJOR","shard_distribution_strategy":"ShardDistributionStrategy::ROUND_ROBIN_1D"},created_with_nd_shard_spec=0,per_core_allocation=0) and provided MemoryConfig(memory_layout=TensorMemoryLayout::WIDTH_SHARDED,buffer_type=BufferType::L1,shard_spec=ShardSpec{grid=[{"start":{"x":0,"y":0},"end":{"x":10,"y":0}, {"start":{"x":0,"y":1},"end":{"x":4,"y":1}], shape=[32, 96], orientation=ShardOrientation::ROW_MAJOR},nd_shard_spec=std::nullopt,created_with_nd_shard_spec=0,per_core_allocation=0) mem config. Using computed config. (matmul_device_operation.cpp:239)
AB       baselineb        kind=sliding  mesh=1x4 batch=1 prefill128=    1.14 ms  traced_decode@256= 0.4390 ms/token  prefill_pcc=0.993700 decode_pcc=0.993488  (0.4390/0.4391/0.4391)
2026-08-15 01:05:09.840 | warning  |              Op | Mismatch between computed MemoryConfig(memory_layout=TensorMemoryLayout::WIDTH_SHARDED,buffer_type=BufferType::L1,shard_spec=ShardSpec{grid=[{"start":{"x":0,"y":0},"end":{"x":10,"y":0}, {"start":{"x":0,"y":1},"end":{"x":2,"y":1}], shape=[32, 96], orientation=ShardOrientation::ROW_MAJOR},nd_shard_spec={"shard_shape":[32, 96],"grid":[{"start":{"x":0,"y":0},"end":{"x":10,"y":0}}, {"start":{"x":0,"y":1},"end":{"x":2,"y":1}}],"orientation":"ShardOrientation::ROW_MAJOR","shard_distribution_strategy":"ShardDistributionStrategy::ROUND_ROBIN_1D"},created_with_nd_shard_spec=0,per_core_allocation=0) and provided MemoryConfig(memory_layout=TensorMemoryLayout::WIDTH_SHARDED,buffer_type=BufferType::L1,shard_spec=ShardSpec{grid=[{"start":{"x":0,"y":0},"end":{"x":10,"y":0}, {"start":{"x":0,"y":1},"end":{"x":4,"y":1}], shape=[32, 96], orientation=ShardOrientation::ROW_MAJOR},nd_shard_spec=std::nullopt,created_with_nd_shard_spec=0,per_core_allocation=0) mem config. Using computed config. (matmul_device_operation.cpp:239)
2026-08-15 01:05:09.850 | warning  |              Op | Fabric packet size 8192 B is suboptimal for transporting 1088 B pages. Configure 4352 B packet size to maximize throughput. (ccl_common.cpp:70)
2026-08-15 01:05:09.850 | warning  |              Op | Fabric packet size 8192 B is suboptimal for transporting 1088 B pages. Configure 4352 B packet size to maximize throughput. (ccl_common.cpp:70)
2026-08-15 01:05:09.851 | warning  |              Op | Fabric packet size 8192 B is suboptimal for transporting 1088 B pages. Configure 4352 B packet size to maximize throughput. (ccl_common.cpp:70)
2026-08-15 01:05:09.851 | warning  |              Op | Fabric packet size 8192 B is suboptimal for transporting 1088 B pages. Configure 4352 B packet size to maximize throughput. (ccl_common.cpp:70)
2026-08-15 01:05:09.873 | warning  |              Op | Mismatch between computed MemoryConfig(memory_layout=TensorMemoryLayout::WIDTH_SHARDED,buffer_type=BufferType::L1,shard_spec=ShardSpec{grid=[{"start":{"x":0,"y":0},"end":{"x":10,"y":0}, {"start":{"x":0,"y":1},"end":{"x":2,"y":1}], shape=[32, 96], orientation=ShardOrientation::ROW_MAJOR},nd_shard_spec={"shard_shape":[32, 96],"grid":[{"start":{"x":0,"y":0},"end":{"x":10,"y":0}}, {"start":{"x":0,"y":1},"end":{"x":2,"y":1}}],"orientation":"ShardOrientation::ROW_MAJOR","shard_distribution_strategy":"ShardDistributionStrategy::ROUND_ROBIN_1D"},created_with_nd_shard_spec=0,per_core_allocation=0) and provided MemoryConfig(memory_layout=TensorMemoryLayout::WIDTH_SHARDED,buffer_type=BufferType::L1,shard_spec=ShardSpec{grid=[{"start":{"x":0,"y":0},"end":{"x":10,"y":0}, {"start":{"x":0,"y":1},"end":{"x":4,"y":1}], shape=[32, 96], orientation=ShardOrientation::ROW_MAJOR},nd_shard_spec=std::nullopt,created_with_nd_shard_spec=0,per_core_allocation=0) mem config. Using computed config. (matmul_device_operation.cpp:239)
2026-08-15 01:05:09.875 | warning  |              Op | Mismatch between computed MemoryConfig(memory_layout=TensorMemoryLayout::WIDTH_SHARDED,buffer_type=BufferType::L1,shard_spec=ShardSpec{grid=[{"start":{"x":0,"y":0},"end":{"x":10,"y":0}, {"start":{"x":0,"y":1},"end":{"x":2,"y":1}], shape=[32, 96], orientation=ShardOrientation::ROW_MAJOR},nd_shard_spec={"shard_shape":[32, 96],"grid":[{"start":{"x":0,"y":0},"end":{"x":10,"y":0}}, {"start":{"x":0,"y":1},"end":{"x":2,"y":1}}],"orientation":"ShardOrientation::ROW_MAJOR","shard_distribution_strategy":"ShardDistributionStrategy::ROUND_ROBIN_1D"},created_with_nd_shard_spec=0,per_core_allocation=0) and provided MemoryConfig(memory_layout=TensorMemoryLayout::WIDTH_SHARDED,buffer_type=BufferType::L1,shard_spec=ShardSpec{grid=[{"start":{"x":0,"y":0},"end":{"x":10,"y":0}, {"start":{"x":0,"y":1},"end":{"x":4,"y":1}], shape=[32, 96], orientation=ShardOrientation::ROW_MAJOR},nd_shard_spec=std::nullopt,created_with_nd_shard_spec=0,per_core_allocation=0) mem config. Using computed config. (matmul_device_operation.cpp:239)
AB       selected         kind=sliding  mesh=1x4 batch=1 prefill128=    1.20 ms  traced_decode@256= 0.4345 ms/token  prefill_pcc=0.972994 decode_pcc=0.980950  (0.4346/0.4346/0.4345)
2026-08-15 01:05:12.733 | warning  |              Op | Mismatch between computed MemoryConfig(memory_layout=TensorMemoryLayout::WIDTH_SHARDED,buffer_type=BufferType::L1,shard_spec=ShardSpec{grid=[{"start":{"x":0,"y":0},"end":{"x":10,"y":0}, {"start":{"x":0,"y":1},"end":{"x":2,"y":1}], shape=[32, 96], orientation=ShardOrientation::ROW_MAJOR},nd_shard_spec={"shard_shape":[32, 96],"grid":[{"start":{"x":0,"y":0},"end":{"x":10,"y":0}}, {"start":{"x":0,"y":1},"end":{"x":2,"y":1}}],"orientation":"ShardOrientation::ROW_MAJOR","shard_distribution_strategy":"ShardDistributionStrategy::ROUND_ROBIN_1D"},created_with_nd_shard_spec=0,per_core_allocation=0) and provided MemoryConfig(memory_layout=TensorMemoryLayout::WIDTH_SHARDED,buffer_type=BufferType::L1,shard_spec=ShardSpec{grid=[{"start":{"x":0,"y":0},"end":{"x":10,"y":0}, {"start":{"x":0,"y":1},"end":{"x":4,"y":1}], shape=[32, 96], orientation=ShardOrientation::ROW_MAJOR},nd_shard_spec=std::nullopt,created_with_nd_shard_spec=0,per_core_allocation=0) mem config. Using computed config. (matmul_device_operation.cpp:239)
2026-08-15 01:05:12.749 | warning  |              Op | Mismatch between computed MemoryConfig(memory_layout=TensorMemoryLayout::WIDTH_SHARDED,buffer_type=BufferType::L1,shard_spec=ShardSpec{grid=[{"start":{"x":0,"y":0},"end":{"x":10,"y":0}, {"start":{"x":0,"y":1},"end":{"x":2,"y":1}], shape=[32, 96], orientation=ShardOrientation::ROW_MAJOR},nd_shard_spec={"shard_shape":[32, 96],"grid":[{"start":{"x":0,"y":0},"end":{"x":10,"y":0}}, {"start":{"x":0,"y":1},"end":{"x":2,"y":1}}],"orientation":"ShardOrientation::ROW_MAJOR","shard_distribution_strategy":"ShardDistributionStrategy::ROUND_ROBIN_1D"},created_with_nd_shard_spec=0,per_core_allocation=0) and provided MemoryConfig(memory_layout=TensorMemoryLayout::WIDTH_SHARDED,buffer_type=BufferType::L1,shard_spec=ShardSpec{grid=[{"start":{"x":0,"y":0},"end":{"x":10,"y":0}, {"start":{"x":0,"y":1},"end":{"x":4,"y":1}], shape=[32, 96], orientation=ShardOrientation::ROW_MAJOR},nd_shard_spec=std::nullopt,created_with_nd_shard_spec=0,per_core_allocation=0) mem config. Using computed config. (matmul_device_operation.cpp:239)
2026-08-15 01:05:12.750 | warning  |              Op | Mismatch between computed MemoryConfig(memory_layout=TensorMemoryLayout::WIDTH_SHARDED,buffer_type=BufferType::L1,shard_spec=ShardSpec{grid=[{"start":{"x":0,"y":0},"end":{"x":10,"y":0}, {"start":{"x":0,"y":1},"end":{"x":2,"y":1}], shape=[32, 96], orientation=ShardOrientation::ROW_MAJOR},nd_shard_spec={"shard_shape":[32, 96],"grid":[{"start":{"x":0,"y":0},"end":{"x":10,"y":0}}, {"start":{"x":0,"y":1},"end":{"x":2,"y":1}}],"orientation":"ShardOrientation::ROW_MAJOR","shard_distribution_strategy":"ShardDistributionStrategy::ROUND_ROBIN_1D"},created_with_nd_shard_spec=0,per_core_allocation=0) and provided MemoryConfig(memory_layout=TensorMemoryLayout::WIDTH_SHARDED,buffer_type=BufferType::L1,shard_spec=ShardSpec{grid=[{"start":{"x":0,"y":0},"end":{"x":10,"y":0}, {"start":{"x":0,"y":1},"end":{"x":4,"y":1}], shape=[32, 96], orientation=ShardOrientation::ROW_MAJOR},nd_shard_spec=std::nullopt,created_with_nd_shard_spec=0,per_core_allocation=0) mem config. Using computed config. (matmul_device_operation.cpp:239)
AB       selectedb        kind=sliding  mesh=1x4 batch=1 prefill128=    1.12 ms  traced_decode@256= 0.4346 ms/token  prefill_pcc=0.972994 decode_pcc=0.980950  (0.4346/0.4346/0.4346)
2026-08-15 01:05:18.416 | warning  |              Op | Mismatch between computed MemoryConfig(memory_layout=TensorMemoryLayout::WIDTH_SHARDED,buffer_type=BufferType::L1,shard_spec=ShardSpec{grid=[{"start":{"x":0,"y":0},"end":{"x":10,"y":0}, {"start":{"x":0,"y":1},"end":{"x":2,"y":1}], shape=[32, 96], orientation=ShardOrientation::ROW_MAJOR},nd_shard_spec={"shard_shape":[32, 96],"grid":[{"start":{"x":0,"y":0},"end":{"x":10,"y":0}}, {"start":{"x":0,"y":1},"end":{"x":2,"y":1}}],"orientation":"ShardOrientation::ROW_MAJOR","shard_distribution_strategy":"ShardDistributionStrategy::ROUND_ROBIN_1D"},created_with_nd_shard_spec=0,per_core_allocation=0) and provided MemoryConfig(memory_layout=TensorMemoryLayout::WIDTH_SHARDED,buffer_type=BufferType::L1,shard_spec=ShardSpec{grid=[{"start":{"x":0,"y":0},"end":{"x":10,"y":0}, {"start":{"x":0,"y":1},"end":{"x":4,"y":1}], shape=[32, 96], orientation=ShardOrientation::ROW_MAJOR},nd_shard_spec=std::nullopt,created_with_nd_shard_spec=0,per_core_allocation=0) mem config. Using computed config. (matmul_device_operation.cpp:239)
2026-08-15 01:05:18.441 | warning  |              Op | Mismatch between computed MemoryConfig(memory_layout=TensorMemoryLayout::WIDTH_SHARDED,buffer_type=BufferType::L1,shard_spec=ShardSpec{grid=[{"start":{"x":0,"y":0},"end":{"x":10,"y":0}, {"start":{"x":0,"y":1},"end":{"x":2,"y":1}], shape=[32, 96], orientation=ShardOrientation::ROW_MAJOR},nd_shard_spec={"shard_shape":[32, 96],"grid":[{"start":{"x":0,"y":0},"end":{"x":10,"y":0}}, {"start":{"x":0,"y":1},"end":{"x":2,"y":1}}],"orientation":"ShardOrientation::ROW_MAJOR","shard_distribution_strategy":"ShardDistributionStrategy::ROUND_ROBIN_1D"},created_with_nd_shard_spec=0,per_core_allocation=0) and provided MemoryConfig(memory_layout=TensorMemoryLayout::WIDTH_SHARDED,buffer_type=BufferType::L1,shard_spec=ShardSpec{grid=[{"start":{"x":0,"y":0},"end":{"x":10,"y":0}, {"start":{"x":0,"y":1},"end":{"x":4,"y":1}], shape=[32, 96], orientation=ShardOrientation::ROW_MAJOR},nd_shard_spec=std::nullopt,created_with_nd_shard_spec=0,per_core_allocation=0) mem config. Using computed config. (matmul_device_operation.cpp:239)
2026-08-15 01:05:18.442 | warning  |              Op | Mismatch between computed MemoryConfig(memory_layout=TensorMemoryLayout::WIDTH_SHARDED,buffer_type=BufferType::L1,shard_spec=ShardSpec{grid=[{"start":{"x":0,"y":0},"end":{"x":10,"y":0}, {"start":{"x":0,"y":1},"end":{"x":2,"y":1}], shape=[32, 96], orientation=ShardOrientation::ROW_MAJOR},nd_shard_spec={"shard_shape":[32, 96],"grid":[{"start":{"x":0,"y":0},"end":{"x":10,"y":0}}, {"start":{"x":0,"y":1},"end":{"x":2,"y":1}}],"orientation":"ShardOrientation::ROW_MAJOR","shard_distribution_strategy":"ShardDistributionStrategy::ROUND_ROBIN_1D"},created_with_nd_shard_spec=0,per_core_allocation=0) and provided MemoryConfig(memory_layout=TensorMemoryLayout::WIDTH_SHARDED,buffer_type=BufferType::L1,shard_spec=ShardSpec{grid=[{"start":{"x":0,"y":0},"end":{"x":10,"y":0}, {"start":{"x":0,"y":1},"end":{"x":4,"y":1}], shape=[32, 96], orientation=ShardOrientation::ROW_MAJOR},nd_shard_spec=std::nullopt,created_with_nd_shard_spec=0,per_core_allocation=0) mem config. Using computed config. (matmul_device_operation.cpp:239)
AB       baseline         kind=full     mesh=1x4 batch=1 prefill128=    1.04 ms  traced_decode@256= 0.4077 ms/token  prefill_pcc=0.992220 decode_pcc=0.992188  (0.4078/0.4077/0.4079)
2026-08-15 01:05:21.404 | warning  |              Op | Mismatch between computed MemoryConfig(memory_layout=TensorMemoryLayout::WIDTH_SHARDED,buffer_type=BufferType::L1,shard_spec=ShardSpec{grid=[{"start":{"x":0,"y":0},"end":{"x":10,"y":0}, {"start":{"x":0,"y":1},"end":{"x":2,"y":1}], shape=[32, 96], orientation=ShardOrientation::ROW_MAJOR},nd_shard_spec={"shard_shape":[32, 96],"grid":[{"start":{"x":0,"y":0},"end":{"x":10,"y":0}}, {"start":{"x":0,"y":1},"end":{"x":2,"y":1}}],"orientation":"ShardOrientation::ROW_MAJOR","shard_distribution_strategy":"ShardDistributionStrategy::ROUND_ROBIN_1D"},created_with_nd_shard_spec=0,per_core_allocation=0) and provided MemoryConfig(memory_layout=TensorMemoryLayout::WIDTH_SHARDED,buffer_type=BufferType::L1,shard_spec=ShardSpec{grid=[{"start":{"x":0,"y":0},"end":{"x":10,"y":0}, {"start":{"x":0,"y":1},"end":{"x":4,"y":1}], shape=[32, 96], orientation=ShardOrientation::ROW_MAJOR},nd_shard_spec=std::nullopt,created_with_nd_shard_spec=0,per_core_allocation=0) mem config. Using computed config. (matmul_device_operation.cpp:239)
2026-08-15 01:05:21.419 | warning  |              Op | Mismatch between computed MemoryConfig(memory_layout=TensorMemoryLayout::WIDTH_SHARDED,buffer_type=BufferType::L1,shard_spec=ShardSpec{grid=[{"start":{"x":0,"y":0},"end":{"x":10,"y":0}, {"start":{"x":0,"y":1},"end":{"x":2,"y":1}], shape=[32, 96], orientation=ShardOrientation::ROW_MAJOR},nd_shard_spec={"shard_shape":[32, 96],"grid":[{"start":{"x":0,"y":0},"end":{"x":10,"y":0}}, {"start":{"x":0,"y":1},"end":{"x":2,"y":1}}],"orientation":"ShardOrientation::ROW_MAJOR","shard_distribution_strategy":"ShardDistributionStrategy::ROUND_ROBIN_1D"},created_with_nd_shard_spec=0,per_core_allocation=0) and provided MemoryConfig(memory_layout=TensorMemoryLayout::WIDTH_SHARDED,buffer_type=BufferType::L1,shard_spec=ShardSpec{grid=[{"start":{"x":0,"y":0},"end":{"x":10,"y":0}, {"start":{"x":0,"y":1},"end":{"x":4,"y":1}], shape=[32, 96], orientation=ShardOrientation::ROW_MAJOR},nd_shard_spec=std::nullopt,created_with_nd_shard_spec=0,per_core_allocation=0) mem config. Using computed config. (matmul_device_operation.cpp:239)
2026-08-15 01:05:21.420 | warning  |              Op | Mismatch between computed MemoryConfig(memory_layout=TensorMemoryLayout::WIDTH_SHARDED,buffer_type=BufferType::L1,shard_spec=ShardSpec{grid=[{"start":{"x":0,"y":0},"end":{"x":10,"y":0}, {"start":{"x":0,"y":1},"end":{"x":2,"y":1}], shape=[32, 96], orientation=ShardOrientation::ROW_MAJOR},nd_shard_spec={"shard_shape":[32, 96],"grid":[{"start":{"x":0,"y":0},"end":{"x":10,"y":0}}, {"start":{"x":0,"y":1},"end":{"x":2,"y":1}}],"orientation":"ShardOrientation::ROW_MAJOR","shard_distribution_strategy":"ShardDistributionStrategy::ROUND_ROBIN_1D"},created_with_nd_shard_spec=0,per_core_allocation=0) and provided MemoryConfig(memory_layout=TensorMemoryLayout::WIDTH_SHARDED,buffer_type=BufferType::L1,shard_spec=ShardSpec{grid=[{"start":{"x":0,"y":0},"end":{"x":10,"y":0}, {"start":{"x":0,"y":1},"end":{"x":4,"y":1}], shape=[32, 96], orientation=ShardOrientation::ROW_MAJOR},nd_shard_spec=std::nullopt,created_with_nd_shard_spec=0,per_core_allocation=0) mem config. Using computed config. (matmul_device_operation.cpp:239)
AB       baselineb        kind=full     mesh=1x4 batch=1 prefill128=    1.06 ms  traced_decode@256= 0.4078 ms/token  prefill_pcc=0.992220 decode_pcc=0.992188  (0.4081/0.4079/0.4078)
2026-08-15 01:05:24.369 | warning  |              Op | Mismatch between computed MemoryConfig(memory_layout=TensorMemoryLayout::WIDTH_SHARDED,buffer_type=BufferType::L1,shard_spec=ShardSpec{grid=[{"start":{"x":0,"y":0},"end":{"x":10,"y":0}, {"start":{"x":0,"y":1},"end":{"x":2,"y":1}], shape=[32, 96], orientation=ShardOrientation::ROW_MAJOR},nd_shard_spec={"shard_shape":[32, 96],"grid":[{"start":{"x":0,"y":0},"end":{"x":10,"y":0}}, {"start":{"x":0,"y":1},"end":{"x":2,"y":1}}],"orientation":"ShardOrientation::ROW_MAJOR","shard_distribution_strategy":"ShardDistributionStrategy::ROUND_ROBIN_1D"},created_with_nd_shard_spec=0,per_core_allocation=0) and provided MemoryConfig(memory_layout=TensorMemoryLayout::WIDTH_SHARDED,buffer_type=BufferType::L1,shard_spec=ShardSpec{grid=[{"start":{"x":0,"y":0},"end":{"x":10,"y":0}, {"start":{"x":0,"y":1},"end":{"x":4,"y":1}], shape=[32, 96], orientation=ShardOrientation::ROW_MAJOR},nd_shard_spec=std::nullopt,created_with_nd_shard_spec=0,per_core_allocation=0) mem config. Using computed config. (matmul_device_operation.cpp:239)
2026-08-15 01:05:24.386 | warning  |              Op | Mismatch between computed MemoryConfig(memory_layout=TensorMemoryLayout::WIDTH_SHARDED,buffer_type=BufferType::L1,shard_spec=ShardSpec{grid=[{"start":{"x":0,"y":0},"end":{"x":10,"y":0}, {"start":{"x":0,"y":1},"end":{"x":2,"y":1}], shape=[32, 96], orientation=ShardOrientation::ROW_MAJOR},nd_shard_spec={"shard_shape":[32, 96],"grid":[{"start":{"x":0,"y":0},"end":{"x":10,"y":0}}, {"start":{"x":0,"y":1},"end":{"x":2,"y":1}}],"orientation":"ShardOrientation::ROW_MAJOR","shard_distribution_strategy":"ShardDistributionStrategy::ROUND_ROBIN_1D"},created_with_nd_shard_spec=0,per_core_allocation=0) and provided MemoryConfig(memory_layout=TensorMemoryLayout::WIDTH_SHARDED,buffer_type=BufferType::L1,shard_spec=ShardSpec{grid=[{"start":{"x":0,"y":0},"end":{"x":10,"y":0}, {"start":{"x":0,"y":1},"end":{"x":4,"y":1}], shape=[32, 96], orientation=ShardOrientation::ROW_MAJOR},nd_shard_spec=std::nullopt,created_with_nd_shard_spec=0,per_core_allocation=0) mem config. Using computed config. (matmul_device_operation.cpp:239)
2026-08-15 01:05:24.387 | warning  |              Op | Mismatch between computed MemoryConfig(memory_layout=TensorMemoryLayout::WIDTH_SHARDED,buffer_type=BufferType::L1,shard_spec=ShardSpec{grid=[{"start":{"x":0,"y":0},"end":{"x":10,"y":0}, {"start":{"x":0,"y":1},"end":{"x":2,"y":1}], shape=[32, 96], orientation=ShardOrientation::ROW_MAJOR},nd_shard_spec={"shard_shape":[32, 96],"grid":[{"start":{"x":0,"y":0},"end":{"x":10,"y":0}}, {"start":{"x":0,"y":1},"end":{"x":2,"y":1}}],"orientation":"ShardOrientation::ROW_MAJOR","shard_distribution_strategy":"ShardDistributionStrategy::ROUND_ROBIN_1D"},created_with_nd_shard_spec=0,per_core_allocation=0) and provided MemoryConfig(memory_layout=TensorMemoryLayout::WIDTH_SHARDED,buffer_type=BufferType::L1,shard_spec=ShardSpec{grid=[{"start":{"x":0,"y":0},"end":{"x":10,"y":0}, {"start":{"x":0,"y":1},"end":{"x":4,"y":1}], shape=[32, 96], orientation=ShardOrientation::ROW_MAJOR},nd_shard_spec=std::nullopt,created_with_nd_shard_spec=0,per_core_allocation=0) mem config. Using computed config. (matmul_device_operation.cpp:239)
AB       selected         kind=full     mesh=1x4 batch=1 prefill128=    1.11 ms  traced_decode@256= 0.4032 ms/token  prefill_pcc=0.968090 decode_pcc=0.971882  (0.4032/0.4032/0.4033)
2026-08-15 01:05:27.360 | warning  |              Op | Mismatch between computed MemoryConfig(memory_layout=TensorMemoryLayout::WIDTH_SHARDED,buffer_type=BufferType::L1,shard_spec=ShardSpec{grid=[{"start":{"x":0,"y":0},"end":{"x":10,"y":0}, {"start":{"x":0,"y":1},"end":{"x":2,"y":1}], shape=[32, 96], orientation=ShardOrientation::ROW_MAJOR},nd_shard_spec={"shard_shape":[32, 96],"grid":[{"start":{"x":0,"y":0},"end":{"x":10,"y":0}}, {"start":{"x":0,"y":1},"end":{"x":2,"y":1}}],"orientation":"ShardOrientation::ROW_MAJOR","shard_distribution_strategy":"ShardDistributionStrategy::ROUND_ROBIN_1D"},created_with_nd_shard_spec=0,per_core_allocation=0) and provided MemoryConfig(memory_layout=TensorMemoryLayout::WIDTH_SHARDED,buffer_type=BufferType::L1,shard_spec=ShardSpec{grid=[{"start":{"x":0,"y":0},"end":{"x":10,"y":0}, {"start":{"x":0,"y":1},"end":{"x":4,"y":1}], shape=[32, 96], orientation=ShardOrientation::ROW_MAJOR},nd_shard_spec=std::nullopt,created_with_nd_shard_spec=0,per_core_allocation=0) mem config. Using computed config. (matmul_device_operation.cpp:239)
2026-08-15 01:05:27.375 | warning  |              Op | Mismatch between computed MemoryConfig(memory_layout=TensorMemoryLayout::WIDTH_SHARDED,buffer_type=BufferType::L1,shard_spec=ShardSpec{grid=[{"start":{"x":0,"y":0},"end":{"x":10,"y":0}, {"start":{"x":0,"y":1},"end":{"x":2,"y":1}], shape=[32, 96], orientation=ShardOrientation::ROW_MAJOR},nd_shard_spec={"shard_shape":[32, 96],"grid":[{"start":{"x":0,"y":0},"end":{"x":10,"y":0}}, {"start":{"x":0,"y":1},"end":{"x":2,"y":1}}],"orientation":"ShardOrientation::ROW_MAJOR","shard_distribution_strategy":"ShardDistributionStrategy::ROUND_ROBIN_1D"},created_with_nd_shard_spec=0,per_core_allocation=0) and provided MemoryConfig(memory_layout=TensorMemoryLayout::WIDTH_SHARDED,buffer_type=BufferType::L1,shard_spec=ShardSpec{grid=[{"start":{"x":0,"y":0},"end":{"x":10,"y":0}, {"start":{"x":0,"y":1},"end":{"x":4,"y":1}], shape=[32, 96], orientation=ShardOrientation::ROW_MAJOR},nd_shard_spec=std::nullopt,created_with_nd_shard_spec=0,per_core_allocation=0) mem config. Using computed config. (matmul_device_operation.cpp:239)
2026-08-15 01:05:27.377 | warning  |              Op | Mismatch between computed MemoryConfig(memory_layout=TensorMemoryLayout::WIDTH_SHARDED,buffer_type=BufferType::L1,shard_spec=ShardSpec{grid=[{"start":{"x":0,"y":0},"end":{"x":10,"y":0}, {"start":{"x":0,"y":1},"end":{"x":2,"y":1}], shape=[32, 96], orientation=ShardOrientation::ROW_MAJOR},nd_shard_spec={"shard_shape":[32, 96],"grid":[{"start":{"x":0,"y":0},"end":{"x":10,"y":0}}, {"start":{"x":0,"y":1},"end":{"x":2,"y":1}}],"orientation":"ShardOrientation::ROW_MAJOR","shard_distribution_strategy":"ShardDistributionStrategy::ROUND_ROBIN_1D"},created_with_nd_shard_spec=0,per_core_allocation=0) and provided MemoryConfig(memory_layout=TensorMemoryLayout::WIDTH_SHARDED,buffer_type=BufferType::L1,shard_spec=ShardSpec{grid=[{"start":{"x":0,"y":0},"end":{"x":10,"y":0}, {"start":{"x":0,"y":1},"end":{"x":4,"y":1}], shape=[32, 96], orientation=ShardOrientation::ROW_MAJOR},nd_shard_spec=std::nullopt,created_with_nd_shard_spec=0,per_core_allocation=0) mem config. Using computed config. (matmul_device_operation.cpp:239)
AB       selectedb        kind=full     mesh=1x4 batch=1 prefill128=    1.06 ms  traced_decode@256= 0.4033 ms/token  prefill_pcc=0.968090 decode_pcc=0.971882  (0.4034/0.4033/0.4034)
nanobind: leaked 3 instances!
 - leaked instance 0x7fbf02678bd8 of type "ttnn._ttnn.multi_device.MeshCoordinate"
 - leaked instance 0x7fbe8478d938 of type "ttnn._ttnn.tensor.CoreRangeSet"
 - leaked instance 0x7fbf026789f8 of type "ttnn._ttnn.multi_device.MeshCoordinate"
nanobind: leaked 24 types!
 - leaked type "MathFidelity"
 - leaked type "ttnn._ttnn.operations.matmul.MatmulMultiCoreReuseMultiCast1DProgramConfig"
 - leaked type "ttnn._ttnn.operations.matmul.MatmulInputs"
 - leaked type "ttnn._ttnn.multi_device.MeshMapperConfig"
 - leaked type "ttnn._ttnn.operations.matmul.MatmulMultiCoreReuseMultiCastBatchedDRAMShardedProgramConfig"
 - leaked type "BufferType"
 - leaked type "UnaryOpType"
 - leaked type "ttnn._ttnn.operations.matmul.MatmulMultiCoreReuseOptimizedProgramFactory"
 - leaked type "ttnn._ttnn.operations.matmul.MatmulParams"
 - leaked type "ttnn._ttnn.tensor.CoreRangeSet"
 - ... skipped remainder
nanobind: leaked 282 functions!
 - leaked function "devices"
 - leaked function ""
 - leaked function "clear_program_cache"
 - leaked function ""
 - leaked function ""
 - leaked function ""
 - leaked function "to_json"
 - leaked function "from_json"
 - leaked function ""
 - leaked function ""
 - ... skipped remainder
nanobind: this is likely caused by a reference counting issue in the binding code.
See https://nanobind.readthedocs.io/en/latest/refleaks.html2026-08-15 01:05:28.409 | info     |    BuildKernels | JIT cache stats: 382/382 hits (100.0%) [382 cached, 121 build-once dedup, 0 merged artifacts, 0 merged genfiles] (build_cache_telemetry.cpp:207)
2026-08-15 01:05:28.409 | info     |    BuildKernels | JIT telemetry: 3 registered TelemetryTokens (build_cache_telemetry.cpp:230)
2026-08-15 01:05:28.425 | info     |          Device | Closing user mode device drivers (tt_cluster.cpp:513)
2026-08-15 01:05:28.425 | info     |             UMD | Closing devices in cluster (cluster.cpp:1197)
2026-08-15 01:05:28.952 | info     |             UMD | Closing devices in cluster completed. (cluster.cpp:1206)
2026-08-15 01:05:28.952 | info     |             UMD | Cluster destructor started. (cluster.cpp:912)
2026-08-15 01:05:28.952 | info     |             UMD | Cluster destructor completed. (cluster.cpp:915)
===== exit 0 =====
===== layer_ab decode-context 2048 =====
2026-08-15 01:05:30.007 | DEBUG    | ttnn:<module>:78 - Initial ttnn.CONFIG:
Config{cache_path=/home/ttuser/.cache/ttnn,model_cache_path=/home/ttuser/.cache/ttnn/models,tmp_dir=/tmp/ttnn,enable_model_cache=false,enable_fast_runtime_mode=true,validate_program_args=false,throw_exception_on_fallback=false,enable_logging=false,enable_graph_report=false,enable_graph_python_stack_traces=false,enable_detailed_buffer_report=false,enable_detailed_tensor_report=false,enable_comparison_mode=false,comparison_mode_should_raise_exception=false,comparison_mode_pcc=0.9999,root_report_path=generated/ttnn/reports,report_name=std::nullopt,std::nullopt}
2026-08-15 01:05:31.881 | info     |          Device | Opening user mode device driver (tt_cluster.cpp:228)
2026-08-15 01:05:31.881 | info     |             UMD | Cluster constructor started. (cluster.cpp:389)
2026-08-15 01:05:31.881 | info     |             UMD | Creating TopologyDiscovery for architecture: blackhole (topology_discovery.cpp:96)
2026-08-15 01:05:31.881 | info     |             UMD | Starting topology discovery. (topology_discovery.cpp:115)
2026-08-15 01:05:31.893 | info     |             UMD | Established firmware bundle version: 19.11.0 (topology_discovery.cpp:575)
2026-08-15 01:05:31.893 | info     |             UMD | Completed topology discovery. (topology_discovery.cpp:119)
2026-08-15 01:05:31.971 | info     |             UMD | Opening local chip ids/PCIe ids: {0, 1, 2, 3}/[0, 1, 2, 3] and remote chip ids {} (cluster.cpp:173)
2026-08-15 01:05:31.971 | info     |             UMD | IOMMU: enabled (cluster.cpp:147)
2026-08-15 01:05:31.971 | info     |             UMD | KMD version: 2.10.0 (cluster.cpp:150)
2026-08-15 01:05:31.971 | info     |             UMD | Cluster constructor completed. (cluster.cpp:648)
2026-08-15 01:05:31.972 | info     |             UMD | Starting devices in cluster (cluster.cpp:1184)
2026-08-15 01:05:32.207 | info     |             UMD | Starting devices in cluster completed. (cluster.cpp:1192)
2026-08-15 01:05:32.333 | info     |     Distributed | Using auto discovery to generate mesh graph. (metal_env.cpp:437)
2026-08-15 01:05:32.333 | info     |     Distributed | Constructing control plane using auto-discovery (no mesh graph descriptor). (metal_env.cpp:499)
2026-08-15 01:05:32.333 | warning  |          Always | Unknown motherboard 'B850M-C' for chip_id=0 (bus_id=0x1) — falling back to bus_id as tray_id. Add this motherboard and its bus IDs to mobo_to_bus_ids in physical_system_discovery.cpp. (physical_system_discovery.cpp:119)
2026-08-15 01:05:32.334 | info     |          Fabric | Logical multi-mesh adjacency: intermesh degree histogram {0:1}; intra-mesh degree histograms mesh0 {2:4} (topology_mapper_utils.cpp:3329)
2026-08-15 01:05:32.334 | info     |          Fabric | Physical multi-mesh adjacency: intermesh degree histogram {0:1}; intra-mesh degree histograms mesh0 {2:4} (topology_mapper_utils.cpp:3337)
2026-08-15 01:05:32.374 | warning  |           Metal | Unable to set process priority to 0, error code: -1 (thread_pool.cpp:107)
2026-08-15 01:05:32.374 | warning  |           Metal | Unable to set process priority to 0, error code: -1 (thread_pool.cpp:107)
2026-08-15 01:05:32.375 | warning  |           Metal | Unable to set process priority to 0, error code: -1 (thread_pool.cpp:107)
2026-08-15 01:05:32.375 | warning  |           Metal | Unable to set process priority to 0, error code: -1 (thread_pool.cpp:107)
2026-08-15 01:05:32.376 | warning  |           Metal | Unable to set process priority to 0, error code: -1 (thread_pool.cpp:107)
2026-08-15 01:05:32.377 | warning  |           Metal | Unable to set process priority to 0, error code: -1 (thread_pool.cpp:107)
2026-08-15 01:05:32.377 | warning  |           Metal | Unable to set process priority to 0, error code: -1 (thread_pool.cpp:107)
2026-08-15 01:05:32.378 | warning  |           Metal | Unable to set process priority to 0, error code: -1 (thread_pool.cpp:107)
2026-08-15 01:05:32.378 | info     |           Metal | Initializing Fabric (fabric_firmware_initializer.cpp:296)
2026-08-15 01:05:32.396 | info     |           Metal | Fabric initialized on Device 0 (device.cpp:550)
2026-08-15 01:05:32.403 | info     |           Metal | Fabric initialized on Device 1 (device.cpp:550)
2026-08-15 01:05:32.403 | info     |           Metal | Fabric initialized on Device 2 (device.cpp:550)
2026-08-15 01:05:32.404 | info     |           Metal | Fabric initialized on Device 3 (device.cpp:550)
2026-08-15 01:05:32.404 | info     |           Metal | Fabric initialized on 4 devices (fabric_firmware_initializer.cpp:444)
2026-08-15 01:05:32.404 | info     |           Metal | Fabric Initialized with config FabricConfig::FABRIC_1D_RING (fabric_firmware_initializer.cpp:313)
2026-08-15 01:05:38.630 | warning  |              Op | Mismatch between computed MemoryConfig(memory_layout=TensorMemoryLayout::WIDTH_SHARDED,buffer_type=BufferType::L1,shard_spec=ShardSpec{grid=[{"start":{"x":0,"y":0},"end":{"x":10,"y":0}, {"start":{"x":0,"y":1},"end":{"x":2,"y":1}], shape=[32, 96], orientation=ShardOrientation::ROW_MAJOR},nd_shard_spec={"shard_shape":[32, 96],"grid":[{"start":{"x":0,"y":0},"end":{"x":10,"y":0}}, {"start":{"x":0,"y":1},"end":{"x":2,"y":1}}],"orientation":"ShardOrientation::ROW_MAJOR","shard_distribution_strategy":"ShardDistributionStrategy::ROUND_ROBIN_1D"},created_with_nd_shard_spec=0,per_core_allocation=0) and provided MemoryConfig(memory_layout=TensorMemoryLayout::WIDTH_SHARDED,buffer_type=BufferType::L1,shard_spec=ShardSpec{grid=[{"start":{"x":0,"y":0},"end":{"x":10,"y":0}, {"start":{"x":0,"y":1},"end":{"x":4,"y":1}], shape=[32, 96], orientation=ShardOrientation::ROW_MAJOR},nd_shard_spec=std::nullopt,created_with_nd_shard_spec=0,per_core_allocation=0) mem config. Using computed config. (matmul_device_operation.cpp:239)
2026-08-15 01:05:38.687 | warning  |              Op | Mismatch between computed MemoryConfig(memory_layout=TensorMemoryLayout::WIDTH_SHARDED,buffer_type=BufferType::L1,shard_spec=ShardSpec{grid=[{"start":{"x":0,"y":0},"end":{"x":10,"y":0}, {"start":{"x":0,"y":1},"end":{"x":2,"y":1}], shape=[32, 96], orientation=ShardOrientation::ROW_MAJOR},nd_shard_spec={"shard_shape":[32, 96],"grid":[{"start":{"x":0,"y":0},"end":{"x":10,"y":0}}, {"start":{"x":0,"y":1},"end":{"x":2,"y":1}}],"orientation":"ShardOrientation::ROW_MAJOR","shard_distribution_strategy":"ShardDistributionStrategy::ROUND_ROBIN_1D"},created_with_nd_shard_spec=0,per_core_allocation=0) and provided MemoryConfig(memory_layout=TensorMemoryLayout::WIDTH_SHARDED,buffer_type=BufferType::L1,shard_spec=ShardSpec{grid=[{"start":{"x":0,"y":0},"end":{"x":10,"y":0}, {"start":{"x":0,"y":1},"end":{"x":4,"y":1}], shape=[32, 96], orientation=ShardOrientation::ROW_MAJOR},nd_shard_spec=std::nullopt,created_with_nd_shard_spec=0,per_core_allocation=0) mem config. Using computed config. (matmul_device_operation.cpp:239)
2026-08-15 01:05:38.689 | warning  |              Op | Mismatch between computed MemoryConfig(memory_layout=TensorMemoryLayout::WIDTH_SHARDED,buffer_type=BufferType::L1,shard_spec=ShardSpec{grid=[{"start":{"x":0,"y":0},"end":{"x":10,"y":0}, {"start":{"x":0,"y":1},"end":{"x":2,"y":1}], shape=[32, 96], orientation=ShardOrientation::ROW_MAJOR},nd_shard_spec={"shard_shape":[32, 96],"grid":[{"start":{"x":0,"y":0},"end":{"x":10,"y":0}}, {"start":{"x":0,"y":1},"end":{"x":2,"y":1}}],"orientation":"ShardOrientation::ROW_MAJOR","shard_distribution_strategy":"ShardDistributionStrategy::ROUND_ROBIN_1D"},created_with_nd_shard_spec=0,per_core_allocation=0) and provided MemoryConfig(memory_layout=TensorMemoryLayout::WIDTH_SHARDED,buffer_type=BufferType::L1,shard_spec=ShardSpec{grid=[{"start":{"x":0,"y":0},"end":{"x":10,"y":0}, {"start":{"x":0,"y":1},"end":{"x":4,"y":1}], shape=[32, 96], orientation=ShardOrientation::ROW_MAJOR},nd_shard_spec=std::nullopt,created_with_nd_shard_spec=0,per_core_allocation=0) mem config. Using computed config. (matmul_device_operation.cpp:239)
MESH MeshShape([1, 4]) devices=4 grid=11-10
AB       baseline         kind=sliding  mesh=1x4 batch=1 prefill128=    1.10 ms  traced_decode@2048= 0.4475 ms/token  prefill_pcc=0.993700 decode_pcc=0.993488  (0.4476/0.4475/0.4475)
2026-08-15 01:05:41.617 | warning  |              Op | Mismatch between computed MemoryConfig(memory_layout=TensorMemoryLayout::WIDTH_SHARDED,buffer_type=BufferType::L1,shard_spec=ShardSpec{grid=[{"start":{"x":0,"y":0},"end":{"x":10,"y":0}, {"start":{"x":0,"y":1},"end":{"x":2,"y":1}], shape=[32, 96], orientation=ShardOrientation::ROW_MAJOR},nd_shard_spec={"shard_shape":[32, 96],"grid":[{"start":{"x":0,"y":0},"end":{"x":10,"y":0}}, {"start":{"x":0,"y":1},"end":{"x":2,"y":1}}],"orientation":"ShardOrientation::ROW_MAJOR","shard_distribution_strategy":"ShardDistributionStrategy::ROUND_ROBIN_1D"},created_with_nd_shard_spec=0,per_core_allocation=0) and provided MemoryConfig(memory_layout=TensorMemoryLayout::WIDTH_SHARDED,buffer_type=BufferType::L1,shard_spec=ShardSpec{grid=[{"start":{"x":0,"y":0},"end":{"x":10,"y":0}, {"start":{"x":0,"y":1},"end":{"x":4,"y":1}], shape=[32, 96], orientation=ShardOrientation::ROW_MAJOR},nd_shard_spec=std::nullopt,created_with_nd_shard_spec=0,per_core_allocation=0) mem config. Using computed config. (matmul_device_operation.cpp:239)
2026-08-15 01:05:41.633 | warning  |              Op | Mismatch between computed MemoryConfig(memory_layout=TensorMemoryLayout::WIDTH_SHARDED,buffer_type=BufferType::L1,shard_spec=ShardSpec{grid=[{"start":{"x":0,"y":0},"end":{"x":10,"y":0}, {"start":{"x":0,"y":1},"end":{"x":2,"y":1}], shape=[32, 96], orientation=ShardOrientation::ROW_MAJOR},nd_shard_spec={"shard_shape":[32, 96],"grid":[{"start":{"x":0,"y":0},"end":{"x":10,"y":0}}, {"start":{"x":0,"y":1},"end":{"x":2,"y":1}}],"orientation":"ShardOrientation::ROW_MAJOR","shard_distribution_strategy":"ShardDistributionStrategy::ROUND_ROBIN_1D"},created_with_nd_shard_spec=0,per_core_allocation=0) and provided MemoryConfig(memory_layout=TensorMemoryLayout::WIDTH_SHARDED,buffer_type=BufferType::L1,shard_spec=ShardSpec{grid=[{"start":{"x":0,"y":0},"end":{"x":10,"y":0}, {"start":{"x":0,"y":1},"end":{"x":4,"y":1}], shape=[32, 96], orientation=ShardOrientation::ROW_MAJOR},nd_shard_spec=std::nullopt,created_with_nd_shard_spec=0,per_core_allocation=0) mem config. Using computed config. (matmul_device_operation.cpp:239)
2026-08-15 01:05:41.635 | warning  |              Op | Mismatch between computed MemoryConfig(memory_layout=TensorMemoryLayout::WIDTH_SHARDED,buffer_type=BufferType::L1,shard_spec=ShardSpec{grid=[{"start":{"x":0,"y":0},"end":{"x":10,"y":0}, {"start":{"x":0,"y":1},"end":{"x":2,"y":1}], shape=[32, 96], orientation=ShardOrientation::ROW_MAJOR},nd_shard_spec={"shard_shape":[32, 96],"grid":[{"start":{"x":0,"y":0},"end":{"x":10,"y":0}}, {"start":{"x":0,"y":1},"end":{"x":2,"y":1}}],"orientation":"ShardOrientation::ROW_MAJOR","shard_distribution_strategy":"ShardDistributionStrategy::ROUND_ROBIN_1D"},created_with_nd_shard_spec=0,per_core_allocation=0) and provided MemoryConfig(memory_layout=TensorMemoryLayout::WIDTH_SHARDED,buffer_type=BufferType::L1,shard_spec=ShardSpec{grid=[{"start":{"x":0,"y":0},"end":{"x":10,"y":0}, {"start":{"x":0,"y":1},"end":{"x":4,"y":1}], shape=[32, 96], orientation=ShardOrientation::ROW_MAJOR},nd_shard_spec=std::nullopt,created_with_nd_shard_spec=0,per_core_allocation=0) mem config. Using computed config. (matmul_device_operation.cpp:239)
AB       baselineb        kind=sliding  mesh=1x4 batch=1 prefill128=    1.14 ms  traced_decode@2048= 0.4477 ms/token  prefill_pcc=0.993700 decode_pcc=0.993488  (0.4478/0.4479/0.4477)
2026-08-15 01:05:44.588 | warning  |              Op | Mismatch between computed MemoryConfig(memory_layout=TensorMemoryLayout::WIDTH_SHARDED,buffer_type=BufferType::L1,shard_spec=ShardSpec{grid=[{"start":{"x":0,"y":0},"end":{"x":10,"y":0}, {"start":{"x":0,"y":1},"end":{"x":2,"y":1}], shape=[32, 96], orientation=ShardOrientation::ROW_MAJOR},nd_shard_spec={"shard_shape":[32, 96],"grid":[{"start":{"x":0,"y":0},"end":{"x":10,"y":0}}, {"start":{"x":0,"y":1},"end":{"x":2,"y":1}}],"orientation":"ShardOrientation::ROW_MAJOR","shard_distribution_strategy":"ShardDistributionStrategy::ROUND_ROBIN_1D"},created_with_nd_shard_spec=0,per_core_allocation=0) and provided MemoryConfig(memory_layout=TensorMemoryLayout::WIDTH_SHARDED,buffer_type=BufferType::L1,shard_spec=ShardSpec{grid=[{"start":{"x":0,"y":0},"end":{"x":10,"y":0}, {"start":{"x":0,"y":1},"end":{"x":4,"y":1}], shape=[32, 96], orientation=ShardOrientation::ROW_MAJOR},nd_shard_spec=std::nullopt,created_with_nd_shard_spec=0,per_core_allocation=0) mem config. Using computed config. (matmul_device_operation.cpp:239)
2026-08-15 01:05:44.599 | warning  |              Op | Fabric packet size 8192 B is suboptimal for transporting 1088 B pages. Configure 4352 B packet size to maximize throughput. (ccl_common.cpp:70)
2026-08-15 01:05:44.599 | warning  |              Op | Fabric packet size 8192 B is suboptimal for transporting 1088 B pages. Configure 4352 B packet size to maximize throughput. (ccl_common.cpp:70)
2026-08-15 01:05:44.599 | warning  |              Op | Fabric packet size 8192 B is suboptimal for transporting 1088 B pages. Configure 4352 B packet size to maximize throughput. (ccl_common.cpp:70)
2026-08-15 01:05:44.599 | warning  |              Op | Fabric packet size 8192 B is suboptimal for transporting 1088 B pages. Configure 4352 B packet size to maximize throughput. (ccl_common.cpp:70)
2026-08-15 01:05:44.621 | warning  |              Op | Mismatch between computed MemoryConfig(memory_layout=TensorMemoryLayout::WIDTH_SHARDED,buffer_type=BufferType::L1,shard_spec=ShardSpec{grid=[{"start":{"x":0,"y":0},"end":{"x":10,"y":0}, {"start":{"x":0,"y":1},"end":{"x":2,"y":1}], shape=[32, 96], orientation=ShardOrientation::ROW_MAJOR},nd_shard_spec={"shard_shape":[32, 96],"grid":[{"start":{"x":0,"y":0},"end":{"x":10,"y":0}}, {"start":{"x":0,"y":1},"end":{"x":2,"y":1}}],"orientation":"ShardOrientation::ROW_MAJOR","shard_distribution_strategy":"ShardDistributionStrategy::ROUND_ROBIN_1D"},created_with_nd_shard_spec=0,per_core_allocation=0) and provided MemoryConfig(memory_layout=TensorMemoryLayout::WIDTH_SHARDED,buffer_type=BufferType::L1,shard_spec=ShardSpec{grid=[{"start":{"x":0,"y":0},"end":{"x":10,"y":0}, {"start":{"x":0,"y":1},"end":{"x":4,"y":1}], shape=[32, 96], orientation=ShardOrientation::ROW_MAJOR},nd_shard_spec=std::nullopt,created_with_nd_shard_spec=0,per_core_allocation=0) mem config. Using computed config. (matmul_device_operation.cpp:239)
2026-08-15 01:05:44.623 | warning  |              Op | Mismatch between computed MemoryConfig(memory_layout=TensorMemoryLayout::WIDTH_SHARDED,buffer_type=BufferType::L1,shard_spec=ShardSpec{grid=[{"start":{"x":0,"y":0},"end":{"x":10,"y":0}, {"start":{"x":0,"y":1},"end":{"x":2,"y":1}], shape=[32, 96], orientation=ShardOrientation::ROW_MAJOR},nd_shard_spec={"shard_shape":[32, 96],"grid":[{"start":{"x":0,"y":0},"end":{"x":10,"y":0}}, {"start":{"x":0,"y":1},"end":{"x":2,"y":1}}],"orientation":"ShardOrientation::ROW_MAJOR","shard_distribution_strategy":"ShardDistributionStrategy::ROUND_ROBIN_1D"},created_with_nd_shard_spec=0,per_core_allocation=0) and provided MemoryConfig(memory_layout=TensorMemoryLayout::WIDTH_SHARDED,buffer_type=BufferType::L1,shard_spec=ShardSpec{grid=[{"start":{"x":0,"y":0},"end":{"x":10,"y":0}, {"start":{"x":0,"y":1},"end":{"x":4,"y":1}], shape=[32, 96], orientation=ShardOrientation::ROW_MAJOR},nd_shard_spec=std::nullopt,created_with_nd_shard_spec=0,per_core_allocation=0) mem config. Using computed config. (matmul_device_operation.cpp:239)
AB       selected         kind=sliding  mesh=1x4 batch=1 prefill128=    1.08 ms  traced_decode@2048= 0.4431 ms/token  prefill_pcc=0.972994 decode_pcc=0.980950  (0.4431/0.4432/0.4432)
2026-08-15 01:05:47.552 | warning  |              Op | Mismatch between computed MemoryConfig(memory_layout=TensorMemoryLayout::WIDTH_SHARDED,buffer_type=BufferType::L1,shard_spec=ShardSpec{grid=[{"start":{"x":0,"y":0},"end":{"x":10,"y":0}, {"start":{"x":0,"y":1},"end":{"x":2,"y":1}], shape=[32, 96], orientation=ShardOrientation::ROW_MAJOR},nd_shard_spec={"shard_shape":[32, 96],"grid":[{"start":{"x":0,"y":0},"end":{"x":10,"y":0}}, {"start":{"x":0,"y":1},"end":{"x":2,"y":1}}],"orientation":"ShardOrientation::ROW_MAJOR","shard_distribution_strategy":"ShardDistributionStrategy::ROUND_ROBIN_1D"},created_with_nd_shard_spec=0,per_core_allocation=0) and provided MemoryConfig(memory_layout=TensorMemoryLayout::WIDTH_SHARDED,buffer_type=BufferType::L1,shard_spec=ShardSpec{grid=[{"start":{"x":0,"y":0},"end":{"x":10,"y":0}, {"start":{"x":0,"y":1},"end":{"x":4,"y":1}], shape=[32, 96], orientation=ShardOrientation::ROW_MAJOR},nd_shard_spec=std::nullopt,created_with_nd_shard_spec=0,per_core_allocation=0) mem config. Using computed config. (matmul_device_operation.cpp:239)
2026-08-15 01:05:47.568 | warning  |              Op | Mismatch between computed MemoryConfig(memory_layout=TensorMemoryLayout::WIDTH_SHARDED,buffer_type=BufferType::L1,shard_spec=ShardSpec{grid=[{"start":{"x":0,"y":0},"end":{"x":10,"y":0}, {"start":{"x":0,"y":1},"end":{"x":2,"y":1}], shape=[32, 96], orientation=ShardOrientation::ROW_MAJOR},nd_shard_spec={"shard_shape":[32, 96],"grid":[{"start":{"x":0,"y":0},"end":{"x":10,"y":0}}, {"start":{"x":0,"y":1},"end":{"x":2,"y":1}}],"orientation":"ShardOrientation::ROW_MAJOR","shard_distribution_strategy":"ShardDistributionStrategy::ROUND_ROBIN_1D"},created_with_nd_shard_spec=0,per_core_allocation=0) and provided MemoryConfig(memory_layout=TensorMemoryLayout::WIDTH_SHARDED,buffer_type=BufferType::L1,shard_spec=ShardSpec{grid=[{"start":{"x":0,"y":0},"end":{"x":10,"y":0}, {"start":{"x":0,"y":1},"end":{"x":4,"y":1}], shape=[32, 96], orientation=ShardOrientation::ROW_MAJOR},nd_shard_spec=std::nullopt,created_with_nd_shard_spec=0,per_core_allocation=0) mem config. Using computed config. (matmul_device_operation.cpp:239)
2026-08-15 01:05:47.570 | warning  |              Op | Mismatch between computed MemoryConfig(memory_layout=TensorMemoryLayout::WIDTH_SHARDED,buffer_type=BufferType::L1,shard_spec=ShardSpec{grid=[{"start":{"x":0,"y":0},"end":{"x":10,"y":0}, {"start":{"x":0,"y":1},"end":{"x":2,"y":1}], shape=[32, 96], orientation=ShardOrientation::ROW_MAJOR},nd_shard_spec={"shard_shape":[32, 96],"grid":[{"start":{"x":0,"y":0},"end":{"x":10,"y":0}}, {"start":{"x":0,"y":1},"end":{"x":2,"y":1}}],"orientation":"ShardOrientation::ROW_MAJOR","shard_distribution_strategy":"ShardDistributionStrategy::ROUND_ROBIN_1D"},created_with_nd_shard_spec=0,per_core_allocation=0) and provided MemoryConfig(memory_layout=TensorMemoryLayout::WIDTH_SHARDED,buffer_type=BufferType::L1,shard_spec=ShardSpec{grid=[{"start":{"x":0,"y":0},"end":{"x":10,"y":0}, {"start":{"x":0,"y":1},"end":{"x":4,"y":1}], shape=[32, 96], orientation=ShardOrientation::ROW_MAJOR},nd_shard_spec=std::nullopt,created_with_nd_shard_spec=0,per_core_allocation=0) mem config. Using computed config. (matmul_device_operation.cpp:239)
AB       selectedb        kind=sliding  mesh=1x4 batch=1 prefill128=    1.14 ms  traced_decode@2048= 0.4431 ms/token  prefill_pcc=0.972994 decode_pcc=0.980950  (0.4431/0.4431/0.4432)
2026-08-15 01:05:53.246 | warning  |              Op | Mismatch between computed MemoryConfig(memory_layout=TensorMemoryLayout::WIDTH_SHARDED,buffer_type=BufferType::L1,shard_spec=ShardSpec{grid=[{"start":{"x":0,"y":0},"end":{"x":10,"y":0}, {"start":{"x":0,"y":1},"end":{"x":2,"y":1}], shape=[32, 96], orientation=ShardOrientation::ROW_MAJOR},nd_shard_spec={"shard_shape":[32, 96],"grid":[{"start":{"x":0,"y":0},"end":{"x":10,"y":0}}, {"start":{"x":0,"y":1},"end":{"x":2,"y":1}}],"orientation":"ShardOrientation::ROW_MAJOR","shard_distribution_strategy":"ShardDistributionStrategy::ROUND_ROBIN_1D"},created_with_nd_shard_spec=0,per_core_allocation=0) and provided MemoryConfig(memory_layout=TensorMemoryLayout::WIDTH_SHARDED,buffer_type=BufferType::L1,shard_spec=ShardSpec{grid=[{"start":{"x":0,"y":0},"end":{"x":10,"y":0}, {"start":{"x":0,"y":1},"end":{"x":4,"y":1}], shape=[32, 96], orientation=ShardOrientation::ROW_MAJOR},nd_shard_spec=std::nullopt,created_with_nd_shard_spec=0,per_core_allocation=0) mem config. Using computed config. (matmul_device_operation.cpp:239)
2026-08-15 01:05:53.266 | warning  |              Op | Mismatch between computed MemoryConfig(memory_layout=TensorMemoryLayout::WIDTH_SHARDED,buffer_type=BufferType::L1,shard_spec=ShardSpec{grid=[{"start":{"x":0,"y":0},"end":{"x":10,"y":0}, {"start":{"x":0,"y":1},"end":{"x":2,"y":1}], shape=[32, 96], orientation=ShardOrientation::ROW_MAJOR},nd_shard_spec={"shard_shape":[32, 96],"grid":[{"start":{"x":0,"y":0},"end":{"x":10,"y":0}}, {"start":{"x":0,"y":1},"end":{"x":2,"y":1}}],"orientation":"ShardOrientation::ROW_MAJOR","shard_distribution_strategy":"ShardDistributionStrategy::ROUND_ROBIN_1D"},created_with_nd_shard_spec=0,per_core_allocation=0) and provided MemoryConfig(memory_layout=TensorMemoryLayout::WIDTH_SHARDED,buffer_type=BufferType::L1,shard_spec=ShardSpec{grid=[{"start":{"x":0,"y":0},"end":{"x":10,"y":0}, {"start":{"x":0,"y":1},"end":{"x":4,"y":1}], shape=[32, 96], orientation=ShardOrientation::ROW_MAJOR},nd_shard_spec=std::nullopt,created_with_nd_shard_spec=0,per_core_allocation=0) mem config. Using computed config. (matmul_device_operation.cpp:239)
2026-08-15 01:05:53.267 | warning  |              Op | Mismatch between computed MemoryConfig(memory_layout=TensorMemoryLayout::WIDTH_SHARDED,buffer_type=BufferType::L1,shard_spec=ShardSpec{grid=[{"start":{"x":0,"y":0},"end":{"x":10,"y":0}, {"start":{"x":0,"y":1},"end":{"x":2,"y":1}], shape=[32, 96], orientation=ShardOrientation::ROW_MAJOR},nd_shard_spec={"shard_shape":[32, 96],"grid":[{"start":{"x":0,"y":0},"end":{"x":10,"y":0}}, {"start":{"x":0,"y":1},"end":{"x":2,"y":1}}],"orientation":"ShardOrientation::ROW_MAJOR","shard_distribution_strategy":"ShardDistributionStrategy::ROUND_ROBIN_1D"},created_with_nd_shard_spec=0,per_core_allocation=0) and provided MemoryConfig(memory_layout=TensorMemoryLayout::WIDTH_SHARDED,buffer_type=BufferType::L1,shard_spec=ShardSpec{grid=[{"start":{"x":0,"y":0},"end":{"x":10,"y":0}, {"start":{"x":0,"y":1},"end":{"x":4,"y":1}], shape=[32, 96], orientation=ShardOrientation::ROW_MAJOR},nd_shard_spec=std::nullopt,created_with_nd_shard_spec=0,per_core_allocation=0) mem config. Using computed config. (matmul_device_operation.cpp:239)
AB       baseline         kind=full     mesh=1x4 batch=1 prefill128=    1.08 ms  traced_decode@2048= 0.4164 ms/token  prefill_pcc=0.992220 decode_pcc=0.992188  (0.4165/0.4165/0.4164)
2026-08-15 01:05:56.242 | warning  |              Op | Mismatch between computed MemoryConfig(memory_layout=TensorMemoryLayout::WIDTH_SHARDED,buffer_type=BufferType::L1,shard_spec=ShardSpec{grid=[{"start":{"x":0,"y":0},"end":{"x":10,"y":0}, {"start":{"x":0,"y":1},"end":{"x":2,"y":1}], shape=[32, 96], orientation=ShardOrientation::ROW_MAJOR},nd_shard_spec={"shard_shape":[32, 96],"grid":[{"start":{"x":0,"y":0},"end":{"x":10,"y":0}}, {"start":{"x":0,"y":1},"end":{"x":2,"y":1}}],"orientation":"ShardOrientation::ROW_MAJOR","shard_distribution_strategy":"ShardDistributionStrategy::ROUND_ROBIN_1D"},created_with_nd_shard_spec=0,per_core_allocation=0) and provided MemoryConfig(memory_layout=TensorMemoryLayout::WIDTH_SHARDED,buffer_type=BufferType::L1,shard_spec=ShardSpec{grid=[{"start":{"x":0,"y":0},"end":{"x":10,"y":0}, {"start":{"x":0,"y":1},"end":{"x":4,"y":1}], shape=[32, 96], orientation=ShardOrientation::ROW_MAJOR},nd_shard_spec=std::nullopt,created_with_nd_shard_spec=0,per_core_allocation=0) mem config. Using computed config. (matmul_device_operation.cpp:239)
2026-08-15 01:05:56.258 | warning  |              Op | Mismatch between computed MemoryConfig(memory_layout=TensorMemoryLayout::WIDTH_SHARDED,buffer_type=BufferType::L1,shard_spec=ShardSpec{grid=[{"start":{"x":0,"y":0},"end":{"x":10,"y":0}, {"start":{"x":0,"y":1},"end":{"x":2,"y":1}], shape=[32, 96], orientation=ShardOrientation::ROW_MAJOR},nd_shard_spec={"shard_shape":[32, 96],"grid":[{"start":{"x":0,"y":0},"end":{"x":10,"y":0}}, {"start":{"x":0,"y":1},"end":{"x":2,"y":1}}],"orientation":"ShardOrientation::ROW_MAJOR","shard_distribution_strategy":"ShardDistributionStrategy::ROUND_ROBIN_1D"},created_with_nd_shard_spec=0,per_core_allocation=0) and provided MemoryConfig(memory_layout=TensorMemoryLayout::WIDTH_SHARDED,buffer_type=BufferType::L1,shard_spec=ShardSpec{grid=[{"start":{"x":0,"y":0},"end":{"x":10,"y":0}, {"start":{"x":0,"y":1},"end":{"x":4,"y":1}], shape=[32, 96], orientation=ShardOrientation::ROW_MAJOR},nd_shard_spec=std::nullopt,created_with_nd_shard_spec=0,per_core_allocation=0) mem config. Using computed config. (matmul_device_operation.cpp:239)
2026-08-15 01:05:56.260 | warning  |              Op | Mismatch between computed MemoryConfig(memory_layout=TensorMemoryLayout::WIDTH_SHARDED,buffer_type=BufferType::L1,shard_spec=ShardSpec{grid=[{"start":{"x":0,"y":0},"end":{"x":10,"y":0}, {"start":{"x":0,"y":1},"end":{"x":2,"y":1}], shape=[32, 96], orientation=ShardOrientation::ROW_MAJOR},nd_shard_spec={"shard_shape":[32, 96],"grid":[{"start":{"x":0,"y":0},"end":{"x":10,"y":0}}, {"start":{"x":0,"y":1},"end":{"x":2,"y":1}}],"orientation":"ShardOrientation::ROW_MAJOR","shard_distribution_strategy":"ShardDistributionStrategy::ROUND_ROBIN_1D"},created_with_nd_shard_spec=0,per_core_allocation=0) and provided MemoryConfig(memory_layout=TensorMemoryLayout::WIDTH_SHARDED,buffer_type=BufferType::L1,shard_spec=ShardSpec{grid=[{"start":{"x":0,"y":0},"end":{"x":10,"y":0}, {"start":{"x":0,"y":1},"end":{"x":4,"y":1}], shape=[32, 96], orientation=ShardOrientation::ROW_MAJOR},nd_shard_spec=std::nullopt,created_with_nd_shard_spec=0,per_core_allocation=0) mem config. Using computed config. (matmul_device_operation.cpp:239)
AB       baselineb        kind=full     mesh=1x4 batch=1 prefill128=    1.19 ms  traced_decode@2048= 0.4164 ms/token  prefill_pcc=0.992220 decode_pcc=0.992188  (0.4164/0.4164/0.4165)
2026-08-15 01:05:59.244 | warning  |              Op | Mismatch between computed MemoryConfig(memory_layout=TensorMemoryLayout::WIDTH_SHARDED,buffer_type=BufferType::L1,shard_spec=ShardSpec{grid=[{"start":{"x":0,"y":0},"end":{"x":10,"y":0}, {"start":{"x":0,"y":1},"end":{"x":2,"y":1}], shape=[32, 96], orientation=ShardOrientation::ROW_MAJOR},nd_shard_spec={"shard_shape":[32, 96],"grid":[{"start":{"x":0,"y":0},"end":{"x":10,"y":0}}, {"start":{"x":0,"y":1},"end":{"x":2,"y":1}}],"orientation":"ShardOrientation::ROW_MAJOR","shard_distribution_strategy":"ShardDistributionStrategy::ROUND_ROBIN_1D"},created_with_nd_shard_spec=0,per_core_allocation=0) and provided MemoryConfig(memory_layout=TensorMemoryLayout::WIDTH_SHARDED,buffer_type=BufferType::L1,shard_spec=ShardSpec{grid=[{"start":{"x":0,"y":0},"end":{"x":10,"y":0}, {"start":{"x":0,"y":1},"end":{"x":4,"y":1}], shape=[32, 96], orientation=ShardOrientation::ROW_MAJOR},nd_shard_spec=std::nullopt,created_with_nd_shard_spec=0,per_core_allocation=0) mem config. Using computed config. (matmul_device_operation.cpp:239)
2026-08-15 01:05:59.260 | warning  |              Op | Mismatch between computed MemoryConfig(memory_layout=TensorMemoryLayout::WIDTH_SHARDED,buffer_type=BufferType::L1,shard_spec=ShardSpec{grid=[{"start":{"x":0,"y":0},"end":{"x":10,"y":0}, {"start":{"x":0,"y":1},"end":{"x":2,"y":1}], shape=[32, 96], orientation=ShardOrientation::ROW_MAJOR},nd_shard_spec={"shard_shape":[32, 96],"grid":[{"start":{"x":0,"y":0},"end":{"x":10,"y":0}}, {"start":{"x":0,"y":1},"end":{"x":2,"y":1}}],"orientation":"ShardOrientation::ROW_MAJOR","shard_distribution_strategy":"ShardDistributionStrategy::ROUND_ROBIN_1D"},created_with_nd_shard_spec=0,per_core_allocation=0) and provided MemoryConfig(memory_layout=TensorMemoryLayout::WIDTH_SHARDED,buffer_type=BufferType::L1,shard_spec=ShardSpec{grid=[{"start":{"x":0,"y":0},"end":{"x":10,"y":0}, {"start":{"x":0,"y":1},"end":{"x":4,"y":1}], shape=[32, 96], orientation=ShardOrientation::ROW_MAJOR},nd_shard_spec=std::nullopt,created_with_nd_shard_spec=0,per_core_allocation=0) mem config. Using computed config. (matmul_device_operation.cpp:239)
2026-08-15 01:05:59.262 | warning  |              Op | Mismatch between computed MemoryConfig(memory_layout=TensorMemoryLayout::WIDTH_SHARDED,buffer_type=BufferType::L1,shard_spec=ShardSpec{grid=[{"start":{"x":0,"y":0},"end":{"x":10,"y":0}, {"start":{"x":0,"y":1},"end":{"x":2,"y":1}], shape=[32, 96], orientation=ShardOrientation::ROW_MAJOR},nd_shard_spec={"shard_shape":[32, 96],"grid":[{"start":{"x":0,"y":0},"end":{"x":10,"y":0}}, {"start":{"x":0,"y":1},"end":{"x":2,"y":1}}],"orientation":"ShardOrientation::ROW_MAJOR","shard_distribution_strategy":"ShardDistributionStrategy::ROUND_ROBIN_1D"},created_with_nd_shard_spec=0,per_core_allocation=0) and provided MemoryConfig(memory_layout=TensorMemoryLayout::WIDTH_SHARDED,buffer_type=BufferType::L1,shard_spec=ShardSpec{grid=[{"start":{"x":0,"y":0},"end":{"x":10,"y":0}, {"start":{"x":0,"y":1},"end":{"x":4,"y":1}], shape=[32, 96], orientation=ShardOrientation::ROW_MAJOR},nd_shard_spec=std::nullopt,created_with_nd_shard_spec=0,per_core_allocation=0) mem config. Using computed config. (matmul_device_operation.cpp:239)
AB       selected         kind=full     mesh=1x4 batch=1 prefill128=    1.09 ms  traced_decode@2048= 0.4115 ms/token  prefill_pcc=0.968090 decode_pcc=0.971882  (0.4115/0.4116/0.4115)
2026-08-15 01:06:02.193 | warning  |              Op | Mismatch between computed MemoryConfig(memory_layout=TensorMemoryLayout::WIDTH_SHARDED,buffer_type=BufferType::L1,shard_spec=ShardSpec{grid=[{"start":{"x":0,"y":0},"end":{"x":10,"y":0}, {"start":{"x":0,"y":1},"end":{"x":2,"y":1}], shape=[32, 96], orientation=ShardOrientation::ROW_MAJOR},nd_shard_spec={"shard_shape":[32, 96],"grid":[{"start":{"x":0,"y":0},"end":{"x":10,"y":0}}, {"start":{"x":0,"y":1},"end":{"x":2,"y":1}}],"orientation":"ShardOrientation::ROW_MAJOR","shard_distribution_strategy":"ShardDistributionStrategy::ROUND_ROBIN_1D"},created_with_nd_shard_spec=0,per_core_allocation=0) and provided MemoryConfig(memory_layout=TensorMemoryLayout::WIDTH_SHARDED,buffer_type=BufferType::L1,shard_spec=ShardSpec{grid=[{"start":{"x":0,"y":0},"end":{"x":10,"y":0}, {"start":{"x":0,"y":1},"end":{"x":4,"y":1}], shape=[32, 96], orientation=ShardOrientation::ROW_MAJOR},nd_shard_spec=std::nullopt,created_with_nd_shard_spec=0,per_core_allocation=0) mem config. Using computed config. (matmul_device_operation.cpp:239)
2026-08-15 01:06:02.209 | warning  |              Op | Mismatch between computed MemoryConfig(memory_layout=TensorMemoryLayout::WIDTH_SHARDED,buffer_type=BufferType::L1,shard_spec=ShardSpec{grid=[{"start":{"x":0,"y":0},"end":{"x":10,"y":0}, {"start":{"x":0,"y":1},"end":{"x":2,"y":1}], shape=[32, 96], orientation=ShardOrientation::ROW_MAJOR},nd_shard_spec={"shard_shape":[32, 96],"grid":[{"start":{"x":0,"y":0},"end":{"x":10,"y":0}}, {"start":{"x":0,"y":1},"end":{"x":2,"y":1}}],"orientation":"ShardOrientation::ROW_MAJOR","shard_distribution_strategy":"ShardDistributionStrategy::ROUND_ROBIN_1D"},created_with_nd_shard_spec=0,per_core_allocation=0) and provided MemoryConfig(memory_layout=TensorMemoryLayout::WIDTH_SHARDED,buffer_type=BufferType::L1,shard_spec=ShardSpec{grid=[{"start":{"x":0,"y":0},"end":{"x":10,"y":0}, {"start":{"x":0,"y":1},"end":{"x":4,"y":1}], shape=[32, 96], orientation=ShardOrientation::ROW_MAJOR},nd_shard_spec=std::nullopt,created_with_nd_shard_spec=0,per_core_allocation=0) mem config. Using computed config. (matmul_device_operation.cpp:239)
2026-08-15 01:06:02.210 | warning  |              Op | Mismatch between computed MemoryConfig(memory_layout=TensorMemoryLayout::WIDTH_SHARDED,buffer_type=BufferType::L1,shard_spec=ShardSpec{grid=[{"start":{"x":0,"y":0},"end":{"x":10,"y":0}, {"start":{"x":0,"y":1},"end":{"x":2,"y":1}], shape=[32, 96], orientation=ShardOrientation::ROW_MAJOR},nd_shard_spec={"shard_shape":[32, 96],"grid":[{"start":{"x":0,"y":0},"end":{"x":10,"y":0}}, {"start":{"x":0,"y":1},"end":{"x":2,"y":1}}],"orientation":"ShardOrientation::ROW_MAJOR","shard_distribution_strategy":"ShardDistributionStrategy::ROUND_ROBIN_1D"},created_with_nd_shard_spec=0,per_core_allocation=0) and provided MemoryConfig(memory_layout=TensorMemoryLayout::WIDTH_SHARDED,buffer_type=BufferType::L1,shard_spec=ShardSpec{grid=[{"start":{"x":0,"y":0},"end":{"x":10,"y":0}, {"start":{"x":0,"y":1},"end":{"x":4,"y":1}], shape=[32, 96], orientation=ShardOrientation::ROW_MAJOR},nd_shard_spec=std::nullopt,created_with_nd_shard_spec=0,per_core_allocation=0) mem config. Using computed config. (matmul_device_operation.cpp:239)
AB       selectedb        kind=full     mesh=1x4 batch=1 prefill128=    1.06 ms  traced_decode@2048= 0.4115 ms/token  prefill_pcc=0.968090 decode_pcc=0.971882  (0.4116/0.4116/0.4115)
nanobind: leaked 3 instances!
 - leaked instance 0x7f199d878bd8 of type "ttnn._ttnn.multi_device.MeshCoordinate"
 - leaked instance 0x7f191f979a88 of type "ttnn._ttnn.tensor.CoreRangeSet"
 - leaked instance 0x7f199d8789f8 of type "ttnn._ttnn.multi_device.MeshCoordinate"
nanobind: leaked 24 types!
 - leaked type "MathFidelity"
 - leaked type "ttnn._ttnn.operations.matmul.MatmulMultiCoreReuseMultiCast1DProgramConfig"
 - leaked type "ttnn._ttnn.operations.matmul.MatmulInputs"
 - leaked type "ttnn._ttnn.multi_device.MeshMapperConfig"
 - leaked type "ttnn._ttnn.operations.matmul.MatmulMultiCoreReuseMultiCastBatchedDRAMShardedProgramConfig"
 - leaked type "BufferType"
 - leaked type "UnaryOpType"
 - leaked type "ttnn._ttnn.operations.matmul.MatmulMultiCoreReuseOptimizedProgramFactory"
 - leaked type "ttnn._ttnn.operations.matmul.MatmulParams"
 - leaked type "ttnn._ttnn.tensor.CoreRangeSet"
 - ... skipped remainder
nanobind: leaked 282 functions!
 - leaked function ""
 - leaked function "create_submeshes"
 - leaked function ""
 - leaked function ""
 - leaked function ""
 - leaked function ""
 - leaked function ""
 - leaked function ""
 - leaked function "arch"
 - leaked function "compute_program_hash"
 - ... skipped remainder
nanobind: this is likely caused by a reference counting issue in the binding code.
See https://nanobind.readthedocs.io/en/latest/refleaks.html2026-08-15 01:06:03.239 | info     |    BuildKernels | JIT cache stats: 382/382 hits (100.0%) [382 cached, 121 build-once dedup, 0 merged artifacts, 0 merged genfiles] (build_cache_telemetry.cpp:207)
2026-08-15 01:06:03.239 | info     |    BuildKernels | JIT telemetry: 3 registered TelemetryTokens (build_cache_telemetry.cpp:230)
2026-08-15 01:06:03.256 | info     |          Device | Closing user mode device drivers (tt_cluster.cpp:513)
2026-08-15 01:06:03.256 | info     |             UMD | Closing devices in cluster (cluster.cpp:1197)
2026-08-15 01:06:03.757 | info     |             UMD | Closing devices in cluster completed. (cluster.cpp:1206)
2026-08-15 01:06:03.757 | info     |             UMD | Cluster destructor started. (cluster.cpp:912)
2026-08-15 01:06:03.757 | info     |             UMD | Cluster destructor completed. (cluster.cpp:915)
===== exit 0 =====
===== layer_ab decode-context 131071 (KV dtype at the advertised context) =====
2026-08-15 01:06:04.811 | DEBUG    | ttnn:<module>:78 - Initial ttnn.CONFIG:
Config{cache_path=/home/ttuser/.cache/ttnn,model_cache_path=/home/ttuser/.cache/ttnn/models,tmp_dir=/tmp/ttnn,enable_model_cache=false,enable_fast_runtime_mode=true,validate_program_args=false,throw_exception_on_fallback=false,enable_logging=false,enable_graph_report=false,enable_graph_python_stack_traces=false,enable_detailed_buffer_report=false,enable_detailed_tensor_report=false,enable_comparison_mode=false,comparison_mode_should_raise_exception=false,comparison_mode_pcc=0.9999,root_report_path=generated/ttnn/reports,report_name=std::nullopt,std::nullopt}
2026-08-15 01:06:06.688 | info     |          Device | Opening user mode device driver (tt_cluster.cpp:228)
2026-08-15 01:06:06.688 | info     |             UMD | Cluster constructor started. (cluster.cpp:389)
2026-08-15 01:06:06.689 | info     |             UMD | Creating TopologyDiscovery for architecture: blackhole (topology_discovery.cpp:96)
2026-08-15 01:06:06.689 | info     |             UMD | Starting topology discovery. (topology_discovery.cpp:115)
2026-08-15 01:06:06.700 | info     |             UMD | Established firmware bundle version: 19.11.0 (topology_discovery.cpp:575)
2026-08-15 01:06:06.700 | info     |             UMD | Completed topology discovery. (topology_discovery.cpp:119)
2026-08-15 01:06:06.778 | info     |             UMD | Opening local chip ids/PCIe ids: {0, 1, 2, 3}/[0, 1, 2, 3] and remote chip ids {} (cluster.cpp:173)
2026-08-15 01:06:06.778 | info     |             UMD | IOMMU: enabled (cluster.cpp:147)
2026-08-15 01:06:06.778 | info     |             UMD | KMD version: 2.10.0 (cluster.cpp:150)
2026-08-15 01:06:06.778 | info     |             UMD | Cluster constructor completed. (cluster.cpp:648)
2026-08-15 01:06:06.779 | info     |             UMD | Starting devices in cluster (cluster.cpp:1184)
2026-08-15 01:06:07.011 | info     |             UMD | Starting devices in cluster completed. (cluster.cpp:1192)
2026-08-15 01:06:07.138 | info     |     Distributed | Using auto discovery to generate mesh graph. (metal_env.cpp:437)
2026-08-15 01:06:07.138 | info     |     Distributed | Constructing control plane using auto-discovery (no mesh graph descriptor). (metal_env.cpp:499)
2026-08-15 01:06:07.138 | warning  |          Always | Unknown motherboard 'B850M-C' for chip_id=0 (bus_id=0x1) — falling back to bus_id as tray_id. Add this motherboard and its bus IDs to mobo_to_bus_ids in physical_system_discovery.cpp. (physical_system_discovery.cpp:119)
2026-08-15 01:06:07.138 | info     |          Fabric | Logical multi-mesh adjacency: intermesh degree histogram {0:1}; intra-mesh degree histograms mesh0 {2:4} (topology_mapper_utils.cpp:3329)
2026-08-15 01:06:07.138 | info     |          Fabric | Physical multi-mesh adjacency: intermesh degree histogram {0:1}; intra-mesh degree histograms mesh0 {2:4} (topology_mapper_utils.cpp:3337)
2026-08-15 01:06:07.181 | warning  |           Metal | Unable to set process priority to 0, error code: -1 (thread_pool.cpp:107)
2026-08-15 01:06:07.181 | warning  |           Metal | Unable to set process priority to 0, error code: -1 (thread_pool.cpp:107)
2026-08-15 01:06:07.182 | warning  |           Metal | Unable to set process priority to 0, error code: -1 (thread_pool.cpp:107)
2026-08-15 01:06:07.183 | warning  |           Metal | Unable to set process priority to 0, error code: -1 (thread_pool.cpp:107)
2026-08-15 01:06:07.183 | warning  |           Metal | Unable to set process priority to 0, error code: -1 (thread_pool.cpp:107)
2026-08-15 01:06:07.184 | warning  |           Metal | Unable to set process priority to 0, error code: -1 (thread_pool.cpp:107)
2026-08-15 01:06:07.184 | warning  |           Metal | Unable to set process priority to 0, error code: -1 (thread_pool.cpp:107)
2026-08-15 01:06:07.185 | warning  |           Metal | Unable to set process priority to 0, error code: -1 (thread_pool.cpp:107)
2026-08-15 01:06:07.185 | info     |           Metal | Initializing Fabric (fabric_firmware_initializer.cpp:296)
2026-08-15 01:06:07.210 | info     |           Metal | Fabric initialized on Device 0 (device.cpp:550)
2026-08-15 01:06:07.211 | info     |           Metal | Fabric initialized on Device 1 (device.cpp:550)
2026-08-15 01:06:07.212 | info     |           Metal | Fabric initialized on Device 2 (device.cpp:550)
2026-08-15 01:06:07.213 | info     |           Metal | Fabric initialized on Device 3 (device.cpp:550)
2026-08-15 01:06:07.213 | info     |           Metal | Fabric initialized on 4 devices (fabric_firmware_initializer.cpp:444)
2026-08-15 01:06:07.213 | info     |           Metal | Fabric Initialized with config FabricConfig::FABRIC_1D_RING (fabric_firmware_initializer.cpp:313)
2026-08-15 01:06:13.562 | warning  |              Op | Mismatch between computed MemoryConfig(memory_layout=TensorMemoryLayout::WIDTH_SHARDED,buffer_type=BufferType::L1,shard_spec=ShardSpec{grid=[{"start":{"x":0,"y":0},"end":{"x":10,"y":0}, {"start":{"x":0,"y":1},"end":{"x":2,"y":1}], shape=[32, 96], orientation=ShardOrientation::ROW_MAJOR},nd_shard_spec={"shard_shape":[32, 96],"grid":[{"start":{"x":0,"y":0},"end":{"x":10,"y":0}}, {"start":{"x":0,"y":1},"end":{"x":2,"y":1}}],"orientation":"ShardOrientation::ROW_MAJOR","shard_distribution_strategy":"ShardDistributionStrategy::ROUND_ROBIN_1D"},created_with_nd_shard_spec=0,per_core_allocation=0) and provided MemoryConfig(memory_layout=TensorMemoryLayout::WIDTH_SHARDED,buffer_type=BufferType::L1,shard_spec=ShardSpec{grid=[{"start":{"x":0,"y":0},"end":{"x":10,"y":0}, {"start":{"x":0,"y":1},"end":{"x":4,"y":1}], shape=[32, 96], orientation=ShardOrientation::ROW_MAJOR},nd_shard_spec=std::nullopt,created_with_nd_shard_spec=0,per_core_allocation=0) mem config. Using computed config. (matmul_device_operation.cpp:239)
2026-08-15 01:06:13.628 | warning  |              Op | Mismatch between computed MemoryConfig(memory_layout=TensorMemoryLayout::WIDTH_SHARDED,buffer_type=BufferType::L1,shard_spec=ShardSpec{grid=[{"start":{"x":0,"y":0},"end":{"x":10,"y":0}, {"start":{"x":0,"y":1},"end":{"x":2,"y":1}], shape=[32, 96], orientation=ShardOrientation::ROW_MAJOR},nd_shard_spec={"shard_shape":[32, 96],"grid":[{"start":{"x":0,"y":0},"end":{"x":10,"y":0}}, {"start":{"x":0,"y":1},"end":{"x":2,"y":1}}],"orientation":"ShardOrientation::ROW_MAJOR","shard_distribution_strategy":"ShardDistributionStrategy::ROUND_ROBIN_1D"},created_with_nd_shard_spec=0,per_core_allocation=0) and provided MemoryConfig(memory_layout=TensorMemoryLayout::WIDTH_SHARDED,buffer_type=BufferType::L1,shard_spec=ShardSpec{grid=[{"start":{"x":0,"y":0},"end":{"x":10,"y":0}, {"start":{"x":0,"y":1},"end":{"x":4,"y":1}], shape=[32, 96], orientation=ShardOrientation::ROW_MAJOR},nd_shard_spec=std::nullopt,created_with_nd_shard_spec=0,per_core_allocation=0) mem config. Using computed config. (matmul_device_operation.cpp:239)
2026-08-15 01:06:13.630 | warning  |              Op | Mismatch between computed MemoryConfig(memory_layout=TensorMemoryLayout::WIDTH_SHARDED,buffer_type=BufferType::L1,shard_spec=ShardSpec{grid=[{"start":{"x":0,"y":0},"end":{"x":10,"y":0}, {"start":{"x":0,"y":1},"end":{"x":2,"y":1}], shape=[32, 96], orientation=ShardOrientation::ROW_MAJOR},nd_shard_spec={"shard_shape":[32, 96],"grid":[{"start":{"x":0,"y":0},"end":{"x":10,"y":0}}, {"start":{"x":0,"y":1},"end":{"x":2,"y":1}}],"orientation":"ShardOrientation::ROW_MAJOR","shard_distribution_strategy":"ShardDistributionStrategy::ROUND_ROBIN_1D"},created_with_nd_shard_spec=0,per_core_allocation=0) and provided MemoryConfig(memory_layout=TensorMemoryLayout::WIDTH_SHARDED,buffer_type=BufferType::L1,shard_spec=ShardSpec{grid=[{"start":{"x":0,"y":0},"end":{"x":10,"y":0}, {"start":{"x":0,"y":1},"end":{"x":4,"y":1}], shape=[32, 96], orientation=ShardOrientation::ROW_MAJOR},nd_shard_spec=std::nullopt,created_with_nd_shard_spec=0,per_core_allocation=0) mem config. Using computed config. (matmul_device_operation.cpp:239)
MESH MeshShape([1, 4]) devices=4 grid=11-10
AB       baseline         kind=sliding  mesh=1x4 batch=1 prefill128=    1.09 ms  traced_decode@131071= 0.4460 ms/token  prefill_pcc=0.993700 decode_pcc=0.993488  (0.4460/0.4462/0.4461)
2026-08-15 01:06:16.701 | warning  |              Op | Mismatch between computed MemoryConfig(memory_layout=TensorMemoryLayout::WIDTH_SHARDED,buffer_type=BufferType::L1,shard_spec=ShardSpec{grid=[{"start":{"x":0,"y":0},"end":{"x":10,"y":0}, {"start":{"x":0,"y":1},"end":{"x":2,"y":1}], shape=[32, 96], orientation=ShardOrientation::ROW_MAJOR},nd_shard_spec={"shard_shape":[32, 96],"grid":[{"start":{"x":0,"y":0},"end":{"x":10,"y":0}}, {"start":{"x":0,"y":1},"end":{"x":2,"y":1}}],"orientation":"ShardOrientation::ROW_MAJOR","shard_distribution_strategy":"ShardDistributionStrategy::ROUND_ROBIN_1D"},created_with_nd_shard_spec=0,per_core_allocation=0) and provided MemoryConfig(memory_layout=TensorMemoryLayout::WIDTH_SHARDED,buffer_type=BufferType::L1,shard_spec=ShardSpec{grid=[{"start":{"x":0,"y":0},"end":{"x":10,"y":0}, {"start":{"x":0,"y":1},"end":{"x":4,"y":1}], shape=[32, 96], orientation=ShardOrientation::ROW_MAJOR},nd_shard_spec=std::nullopt,created_with_nd_shard_spec=0,per_core_allocation=0) mem config. Using computed config. (matmul_device_operation.cpp:239)
2026-08-15 01:06:16.713 | warning  |              Op | Fabric packet size 8192 B is suboptimal for transporting 1088 B pages. Configure 4352 B packet size to maximize throughput. (ccl_common.cpp:70)
2026-08-15 01:06:16.713 | warning  |              Op | Fabric packet size 8192 B is suboptimal for transporting 1088 B pages. Configure 4352 B packet size to maximize throughput. (ccl_common.cpp:70)
2026-08-15 01:06:16.713 | warning  |              Op | Fabric packet size 8192 B is suboptimal for transporting 1088 B pages. Configure 4352 B packet size to maximize throughput. (ccl_common.cpp:70)
2026-08-15 01:06:16.713 | warning  |              Op | Fabric packet size 8192 B is suboptimal for transporting 1088 B pages. Configure 4352 B packet size to maximize throughput. (ccl_common.cpp:70)
2026-08-15 01:06:16.739 | warning  |              Op | Mismatch between computed MemoryConfig(memory_layout=TensorMemoryLayout::WIDTH_SHARDED,buffer_type=BufferType::L1,shard_spec=ShardSpec{grid=[{"start":{"x":0,"y":0},"end":{"x":10,"y":0}, {"start":{"x":0,"y":1},"end":{"x":2,"y":1}], shape=[32, 96], orientation=ShardOrientation::ROW_MAJOR},nd_shard_spec={"shard_shape":[32, 96],"grid":[{"start":{"x":0,"y":0},"end":{"x":10,"y":0}}, {"start":{"x":0,"y":1},"end":{"x":2,"y":1}}],"orientation":"ShardOrientation::ROW_MAJOR","shard_distribution_strategy":"ShardDistributionStrategy::ROUND_ROBIN_1D"},created_with_nd_shard_spec=0,per_core_allocation=0) and provided MemoryConfig(memory_layout=TensorMemoryLayout::WIDTH_SHARDED,buffer_type=BufferType::L1,shard_spec=ShardSpec{grid=[{"start":{"x":0,"y":0},"end":{"x":10,"y":0}, {"start":{"x":0,"y":1},"end":{"x":4,"y":1}], shape=[32, 96], orientation=ShardOrientation::ROW_MAJOR},nd_shard_spec=std::nullopt,created_with_nd_shard_spec=0,per_core_allocation=0) mem config. Using computed config. (matmul_device_operation.cpp:239)
2026-08-15 01:06:16.741 | warning  |              Op | Mismatch between computed MemoryConfig(memory_layout=TensorMemoryLayout::WIDTH_SHARDED,buffer_type=BufferType::L1,shard_spec=ShardSpec{grid=[{"start":{"x":0,"y":0},"end":{"x":10,"y":0}, {"start":{"x":0,"y":1},"end":{"x":2,"y":1}], shape=[32, 96], orientation=ShardOrientation::ROW_MAJOR},nd_shard_spec={"shard_shape":[32, 96],"grid":[{"start":{"x":0,"y":0},"end":{"x":10,"y":0}}, {"start":{"x":0,"y":1},"end":{"x":2,"y":1}}],"orientation":"ShardOrientation::ROW_MAJOR","shard_distribution_strategy":"ShardDistributionStrategy::ROUND_ROBIN_1D"},created_with_nd_shard_spec=0,per_core_allocation=0) and provided MemoryConfig(memory_layout=TensorMemoryLayout::WIDTH_SHARDED,buffer_type=BufferType::L1,shard_spec=ShardSpec{grid=[{"start":{"x":0,"y":0},"end":{"x":10,"y":0}, {"start":{"x":0,"y":1},"end":{"x":4,"y":1}], shape=[32, 96], orientation=ShardOrientation::ROW_MAJOR},nd_shard_spec=std::nullopt,created_with_nd_shard_spec=0,per_core_allocation=0) mem config. Using computed config. (matmul_device_operation.cpp:239)
AB       selected         kind=sliding  mesh=1x4 batch=1 prefill128=    1.10 ms  traced_decode@131071= 0.4416 ms/token  prefill_pcc=0.972994 decode_pcc=0.980950  (0.4416/0.4416/0.4418)
2026-08-15 01:06:19.844 | warning  |              Op | Mismatch between computed MemoryConfig(memory_layout=TensorMemoryLayout::WIDTH_SHARDED,buffer_type=BufferType::L1,shard_spec=ShardSpec{grid=[{"start":{"x":0,"y":0},"end":{"x":10,"y":0}, {"start":{"x":0,"y":1},"end":{"x":2,"y":1}], shape=[32, 96], orientation=ShardOrientation::ROW_MAJOR},nd_shard_spec={"shard_shape":[32, 96],"grid":[{"start":{"x":0,"y":0},"end":{"x":10,"y":0}}, {"start":{"x":0,"y":1},"end":{"x":2,"y":1}}],"orientation":"ShardOrientation::ROW_MAJOR","shard_distribution_strategy":"ShardDistributionStrategy::ROUND_ROBIN_1D"},created_with_nd_shard_spec=0,per_core_allocation=0) and provided MemoryConfig(memory_layout=TensorMemoryLayout::WIDTH_SHARDED,buffer_type=BufferType::L1,shard_spec=ShardSpec{grid=[{"start":{"x":0,"y":0},"end":{"x":10,"y":0}, {"start":{"x":0,"y":1},"end":{"x":4,"y":1}], shape=[32, 96], orientation=ShardOrientation::ROW_MAJOR},nd_shard_spec=std::nullopt,created_with_nd_shard_spec=0,per_core_allocation=0) mem config. Using computed config. (matmul_device_operation.cpp:239)
2026-08-15 01:06:21.087 | warning  |              Op | Mismatch between computed MemoryConfig(memory_layout=TensorMemoryLayout::WIDTH_SHARDED,buffer_type=BufferType::L1,shard_spec=ShardSpec{grid=[{"start":{"x":0,"y":0},"end":{"x":10,"y":0}, {"start":{"x":0,"y":1},"end":{"x":2,"y":1}], shape=[32, 96], orientation=ShardOrientation::ROW_MAJOR},nd_shard_spec={"shard_shape":[32, 96],"grid":[{"start":{"x":0,"y":0},"end":{"x":10,"y":0}}, {"start":{"x":0,"y":1},"end":{"x":2,"y":1}}],"orientation":"ShardOrientation::ROW_MAJOR","shard_distribution_strategy":"ShardDistributionStrategy::ROUND_ROBIN_1D"},created_with_nd_shard_spec=0,per_core_allocation=0) and provided MemoryConfig(memory_layout=TensorMemoryLayout::WIDTH_SHARDED,buffer_type=BufferType::L1,shard_spec=ShardSpec{grid=[{"start":{"x":0,"y":0},"end":{"x":10,"y":0}, {"start":{"x":0,"y":1},"end":{"x":4,"y":1}], shape=[32, 96], orientation=ShardOrientation::ROW_MAJOR},nd_shard_spec=std::nullopt,created_with_nd_shard_spec=0,per_core_allocation=0) mem config. Using computed config. (matmul_device_operation.cpp:239)
2026-08-15 01:06:21.089 | warning  |              Op | Mismatch between computed MemoryConfig(memory_layout=TensorMemoryLayout::WIDTH_SHARDED,buffer_type=BufferType::L1,shard_spec=ShardSpec{grid=[{"start":{"x":0,"y":0},"end":{"x":10,"y":0}, {"start":{"x":0,"y":1},"end":{"x":2,"y":1}], shape=[32, 96], orientation=ShardOrientation::ROW_MAJOR},nd_shard_spec={"shard_shape":[32, 96],"grid":[{"start":{"x":0,"y":0},"end":{"x":10,"y":0}}, {"start":{"x":0,"y":1},"end":{"x":2,"y":1}}],"orientation":"ShardOrientation::ROW_MAJOR","shard_distribution_strategy":"ShardDistributionStrategy::ROUND_ROBIN_1D"},created_with_nd_shard_spec=0,per_core_allocation=0) and provided MemoryConfig(memory_layout=TensorMemoryLayout::WIDTH_SHARDED,buffer_type=BufferType::L1,shard_spec=ShardSpec{grid=[{"start":{"x":0,"y":0},"end":{"x":10,"y":0}, {"start":{"x":0,"y":1},"end":{"x":4,"y":1}], shape=[32, 96], orientation=ShardOrientation::ROW_MAJOR},nd_shard_spec=std::nullopt,created_with_nd_shard_spec=0,per_core_allocation=0) mem config. Using computed config. (matmul_device_operation.cpp:239)
AB       selected_kv4     kind=sliding  mesh=1x4 batch=1 prefill128=    1.09 ms  traced_decode@131071= 0.4416 ms/token  prefill_pcc=0.972994 decode_pcc=0.957485  (0.4417/0.4416/0.4417)
2026-08-15 01:06:24.196 | warning  |              Op | Mismatch between computed MemoryConfig(memory_layout=TensorMemoryLayout::WIDTH_SHARDED,buffer_type=BufferType::L1,shard_spec=ShardSpec{grid=[{"start":{"x":0,"y":0},"end":{"x":10,"y":0}, {"start":{"x":0,"y":1},"end":{"x":2,"y":1}], shape=[32, 96], orientation=ShardOrientation::ROW_MAJOR},nd_shard_spec={"shard_shape":[32, 96],"grid":[{"start":{"x":0,"y":0},"end":{"x":10,"y":0}}, {"start":{"x":0,"y":1},"end":{"x":2,"y":1}}],"orientation":"ShardOrientation::ROW_MAJOR","shard_distribution_strategy":"ShardDistributionStrategy::ROUND_ROBIN_1D"},created_with_nd_shard_spec=0,per_core_allocation=0) and provided MemoryConfig(memory_layout=TensorMemoryLayout::WIDTH_SHARDED,buffer_type=BufferType::L1,shard_spec=ShardSpec{grid=[{"start":{"x":0,"y":0},"end":{"x":10,"y":0}, {"start":{"x":0,"y":1},"end":{"x":4,"y":1}], shape=[32, 96], orientation=ShardOrientation::ROW_MAJOR},nd_shard_spec=std::nullopt,created_with_nd_shard_spec=0,per_core_allocation=0) mem config. Using computed config. (matmul_device_operation.cpp:239)
2026-08-15 01:06:24.213 | warning  |              Op | Mismatch between computed MemoryConfig(memory_layout=TensorMemoryLayout::WIDTH_SHARDED,buffer_type=BufferType::L1,shard_spec=ShardSpec{grid=[{"start":{"x":0,"y":0},"end":{"x":10,"y":0}, {"start":{"x":0,"y":1},"end":{"x":2,"y":1}], shape=[32, 96], orientation=ShardOrientation::ROW_MAJOR},nd_shard_spec={"shard_shape":[32, 96],"grid":[{"start":{"x":0,"y":0},"end":{"x":10,"y":0}}, {"start":{"x":0,"y":1},"end":{"x":2,"y":1}}],"orientation":"ShardOrientation::ROW_MAJOR","shard_distribution_strategy":"ShardDistributionStrategy::ROUND_ROBIN_1D"},created_with_nd_shard_spec=0,per_core_allocation=0) and provided MemoryConfig(memory_layout=TensorMemoryLayout::WIDTH_SHARDED,buffer_type=BufferType::L1,shard_spec=ShardSpec{grid=[{"start":{"x":0,"y":0},"end":{"x":10,"y":0}, {"start":{"x":0,"y":1},"end":{"x":4,"y":1}], shape=[32, 96], orientation=ShardOrientation::ROW_MAJOR},nd_shard_spec=std::nullopt,created_with_nd_shard_spec=0,per_core_allocation=0) mem config. Using computed config. (matmul_device_operation.cpp:239)
2026-08-15 01:06:24.215 | warning  |              Op | Mismatch between computed MemoryConfig(memory_layout=TensorMemoryLayout::WIDTH_SHARDED,buffer_type=BufferType::L1,shard_spec=ShardSpec{grid=[{"start":{"x":0,"y":0},"end":{"x":10,"y":0}, {"start":{"x":0,"y":1},"end":{"x":2,"y":1}], shape=[32, 96], orientation=ShardOrientation::ROW_MAJOR},nd_shard_spec={"shard_shape":[32, 96],"grid":[{"start":{"x":0,"y":0},"end":{"x":10,"y":0}}, {"start":{"x":0,"y":1},"end":{"x":2,"y":1}}],"orientation":"ShardOrientation::ROW_MAJOR","shard_distribution_strategy":"ShardDistributionStrategy::ROUND_ROBIN_1D"},created_with_nd_shard_spec=0,per_core_allocation=0) and provided MemoryConfig(memory_layout=TensorMemoryLayout::WIDTH_SHARDED,buffer_type=BufferType::L1,shard_spec=ShardSpec{grid=[{"start":{"x":0,"y":0},"end":{"x":10,"y":0}, {"start":{"x":0,"y":1},"end":{"x":4,"y":1}], shape=[32, 96], orientation=ShardOrientation::ROW_MAJOR},nd_shard_spec=std::nullopt,created_with_nd_shard_spec=0,per_core_allocation=0) mem config. Using computed config. (matmul_device_operation.cpp:239)
AB       baseline_kv4     kind=sliding  mesh=1x4 batch=1 prefill128=    1.14 ms  traced_decode@131071= 0.4460 ms/token  prefill_pcc=0.993700 decode_pcc=0.968687  (0.4462/0.4461/0.4460)
2026-08-15 01:06:29.977 | warning  |              Op | Mismatch between computed MemoryConfig(memory_layout=TensorMemoryLayout::WIDTH_SHARDED,buffer_type=BufferType::L1,shard_spec=ShardSpec{grid=[{"start":{"x":0,"y":0},"end":{"x":10,"y":0}, {"start":{"x":0,"y":1},"end":{"x":2,"y":1}], shape=[32, 96], orientation=ShardOrientation::ROW_MAJOR},nd_shard_spec={"shard_shape":[32, 96],"grid":[{"start":{"x":0,"y":0},"end":{"x":10,"y":0}}, {"start":{"x":0,"y":1},"end":{"x":2,"y":1}}],"orientation":"ShardOrientation::ROW_MAJOR","shard_distribution_strategy":"ShardDistributionStrategy::ROUND_ROBIN_1D"},created_with_nd_shard_spec=0,per_core_allocation=0) and provided MemoryConfig(memory_layout=TensorMemoryLayout::WIDTH_SHARDED,buffer_type=BufferType::L1,shard_spec=ShardSpec{grid=[{"start":{"x":0,"y":0},"end":{"x":10,"y":0}, {"start":{"x":0,"y":1},"end":{"x":4,"y":1}], shape=[32, 96], orientation=ShardOrientation::ROW_MAJOR},nd_shard_spec=std::nullopt,created_with_nd_shard_spec=0,per_core_allocation=0) mem config. Using computed config. (matmul_device_operation.cpp:239)
2026-08-15 01:06:30.001 | warning  |              Op | Mismatch between computed MemoryConfig(memory_layout=TensorMemoryLayout::WIDTH_SHARDED,buffer_type=BufferType::L1,shard_spec=ShardSpec{grid=[{"start":{"x":0,"y":0},"end":{"x":10,"y":0}, {"start":{"x":0,"y":1},"end":{"x":2,"y":1}], shape=[32, 96], orientation=ShardOrientation::ROW_MAJOR},nd_shard_spec={"shard_shape":[32, 96],"grid":[{"start":{"x":0,"y":0},"end":{"x":10,"y":0}}, {"start":{"x":0,"y":1},"end":{"x":2,"y":1}}],"orientation":"ShardOrientation::ROW_MAJOR","shard_distribution_strategy":"ShardDistributionStrategy::ROUND_ROBIN_1D"},created_with_nd_shard_spec=0,per_core_allocation=0) and provided MemoryConfig(memory_layout=TensorMemoryLayout::WIDTH_SHARDED,buffer_type=BufferType::L1,shard_spec=ShardSpec{grid=[{"start":{"x":0,"y":0},"end":{"x":10,"y":0}, {"start":{"x":0,"y":1},"end":{"x":4,"y":1}], shape=[32, 96], orientation=ShardOrientation::ROW_MAJOR},nd_shard_spec=std::nullopt,created_with_nd_shard_spec=0,per_core_allocation=0) mem config. Using computed config. (matmul_device_operation.cpp:239)
2026-08-15 01:06:30.002 | warning  |              Op | Mismatch between computed MemoryConfig(memory_layout=TensorMemoryLayout::WIDTH_SHARDED,buffer_type=BufferType::L1,shard_spec=ShardSpec{grid=[{"start":{"x":0,"y":0},"end":{"x":10,"y":0}, {"start":{"x":0,"y":1},"end":{"x":2,"y":1}], shape=[32, 96], orientation=ShardOrientation::ROW_MAJOR},nd_shard_spec={"shard_shape":[32, 96],"grid":[{"start":{"x":0,"y":0},"end":{"x":10,"y":0}}, {"start":{"x":0,"y":1},"end":{"x":2,"y":1}}],"orientation":"ShardOrientation::ROW_MAJOR","shard_distribution_strategy":"ShardDistributionStrategy::ROUND_ROBIN_1D"},created_with_nd_shard_spec=0,per_core_allocation=0) and provided MemoryConfig(memory_layout=TensorMemoryLayout::WIDTH_SHARDED,buffer_type=BufferType::L1,shard_spec=ShardSpec{grid=[{"start":{"x":0,"y":0},"end":{"x":10,"y":0}, {"start":{"x":0,"y":1},"end":{"x":4,"y":1}], shape=[32, 96], orientation=ShardOrientation::ROW_MAJOR},nd_shard_spec=std::nullopt,created_with_nd_shard_spec=0,per_core_allocation=0) mem config. Using computed config. (matmul_device_operation.cpp:239)
AB       baseline         kind=full     mesh=1x4 batch=1 prefill128=    1.10 ms  traced_decode@131071= 0.5196 ms/token  prefill_pcc=0.992220 decode_pcc=0.992188  (0.5196/0.5196/0.5196)
2026-08-15 01:06:33.023 | warning  |              Op | Mismatch between computed MemoryConfig(memory_layout=TensorMemoryLayout::WIDTH_SHARDED,buffer_type=BufferType::L1,shard_spec=ShardSpec{grid=[{"start":{"x":0,"y":0},"end":{"x":10,"y":0}, {"start":{"x":0,"y":1},"end":{"x":2,"y":1}], shape=[32, 96], orientation=ShardOrientation::ROW_MAJOR},nd_shard_spec={"shard_shape":[32, 96],"grid":[{"start":{"x":0,"y":0},"end":{"x":10,"y":0}}, {"start":{"x":0,"y":1},"end":{"x":2,"y":1}}],"orientation":"ShardOrientation::ROW_MAJOR","shard_distribution_strategy":"ShardDistributionStrategy::ROUND_ROBIN_1D"},created_with_nd_shard_spec=0,per_core_allocation=0) and provided MemoryConfig(memory_layout=TensorMemoryLayout::WIDTH_SHARDED,buffer_type=BufferType::L1,shard_spec=ShardSpec{grid=[{"start":{"x":0,"y":0},"end":{"x":10,"y":0}, {"start":{"x":0,"y":1},"end":{"x":4,"y":1}], shape=[32, 96], orientation=ShardOrientation::ROW_MAJOR},nd_shard_spec=std::nullopt,created_with_nd_shard_spec=0,per_core_allocation=0) mem config. Using computed config. (matmul_device_operation.cpp:239)
2026-08-15 01:06:33.041 | warning  |              Op | Mismatch between computed MemoryConfig(memory_layout=TensorMemoryLayout::WIDTH_SHARDED,buffer_type=BufferType::L1,shard_spec=ShardSpec{grid=[{"start":{"x":0,"y":0},"end":{"x":10,"y":0}, {"start":{"x":0,"y":1},"end":{"x":2,"y":1}], shape=[32, 96], orientation=ShardOrientation::ROW_MAJOR},nd_shard_spec={"shard_shape":[32, 96],"grid":[{"start":{"x":0,"y":0},"end":{"x":10,"y":0}}, {"start":{"x":0,"y":1},"end":{"x":2,"y":1}}],"orientation":"ShardOrientation::ROW_MAJOR","shard_distribution_strategy":"ShardDistributionStrategy::ROUND_ROBIN_1D"},created_with_nd_shard_spec=0,per_core_allocation=0) and provided MemoryConfig(memory_layout=TensorMemoryLayout::WIDTH_SHARDED,buffer_type=BufferType::L1,shard_spec=ShardSpec{grid=[{"start":{"x":0,"y":0},"end":{"x":10,"y":0}, {"start":{"x":0,"y":1},"end":{"x":4,"y":1}], shape=[32, 96], orientation=ShardOrientation::ROW_MAJOR},nd_shard_spec=std::nullopt,created_with_nd_shard_spec=0,per_core_allocation=0) mem config. Using computed config. (matmul_device_operation.cpp:239)
2026-08-15 01:06:33.042 | warning  |              Op | Mismatch between computed MemoryConfig(memory_layout=TensorMemoryLayout::WIDTH_SHARDED,buffer_type=BufferType::L1,shard_spec=ShardSpec{grid=[{"start":{"x":0,"y":0},"end":{"x":10,"y":0}, {"start":{"x":0,"y":1},"end":{"x":2,"y":1}], shape=[32, 96], orientation=ShardOrientation::ROW_MAJOR},nd_shard_spec={"shard_shape":[32, 96],"grid":[{"start":{"x":0,"y":0},"end":{"x":10,"y":0}}, {"start":{"x":0,"y":1},"end":{"x":2,"y":1}}],"orientation":"ShardOrientation::ROW_MAJOR","shard_distribution_strategy":"ShardDistributionStrategy::ROUND_ROBIN_1D"},created_with_nd_shard_spec=0,per_core_allocation=0) and provided MemoryConfig(memory_layout=TensorMemoryLayout::WIDTH_SHARDED,buffer_type=BufferType::L1,shard_spec=ShardSpec{grid=[{"start":{"x":0,"y":0},"end":{"x":10,"y":0}, {"start":{"x":0,"y":1},"end":{"x":4,"y":1}], shape=[32, 96], orientation=ShardOrientation::ROW_MAJOR},nd_shard_spec=std::nullopt,created_with_nd_shard_spec=0,per_core_allocation=0) mem config. Using computed config. (matmul_device_operation.cpp:239)
AB       selected         kind=full     mesh=1x4 batch=1 prefill128=    1.11 ms  traced_decode@131071= 0.5149 ms/token  prefill_pcc=0.968090 decode_pcc=0.971882  (0.5149/0.5149/0.5149)
2026-08-15 01:06:36.068 | warning  |              Op | Mismatch between computed MemoryConfig(memory_layout=TensorMemoryLayout::WIDTH_SHARDED,buffer_type=BufferType::L1,shard_spec=ShardSpec{grid=[{"start":{"x":0,"y":0},"end":{"x":10,"y":0}, {"start":{"x":0,"y":1},"end":{"x":2,"y":1}], shape=[32, 96], orientation=ShardOrientation::ROW_MAJOR},nd_shard_spec={"shard_shape":[32, 96],"grid":[{"start":{"x":0,"y":0},"end":{"x":10,"y":0}}, {"start":{"x":0,"y":1},"end":{"x":2,"y":1}}],"orientation":"ShardOrientation::ROW_MAJOR","shard_distribution_strategy":"ShardDistributionStrategy::ROUND_ROBIN_1D"},created_with_nd_shard_spec=0,per_core_allocation=0) and provided MemoryConfig(memory_layout=TensorMemoryLayout::WIDTH_SHARDED,buffer_type=BufferType::L1,shard_spec=ShardSpec{grid=[{"start":{"x":0,"y":0},"end":{"x":10,"y":0}, {"start":{"x":0,"y":1},"end":{"x":4,"y":1}], shape=[32, 96], orientation=ShardOrientation::ROW_MAJOR},nd_shard_spec=std::nullopt,created_with_nd_shard_spec=0,per_core_allocation=0) mem config. Using computed config. (matmul_device_operation.cpp:239)
2026-08-15 01:06:37.076 | warning  |              Op | Mismatch between computed MemoryConfig(memory_layout=TensorMemoryLayout::WIDTH_SHARDED,buffer_type=BufferType::L1,shard_spec=ShardSpec{grid=[{"start":{"x":0,"y":0},"end":{"x":10,"y":0}, {"start":{"x":0,"y":1},"end":{"x":2,"y":1}], shape=[32, 96], orientation=ShardOrientation::ROW_MAJOR},nd_shard_spec={"shard_shape":[32, 96],"grid":[{"start":{"x":0,"y":0},"end":{"x":10,"y":0}}, {"start":{"x":0,"y":1},"end":{"x":2,"y":1}}],"orientation":"ShardOrientation::ROW_MAJOR","shard_distribution_strategy":"ShardDistributionStrategy::ROUND_ROBIN_1D"},created_with_nd_shard_spec=0,per_core_allocation=0) and provided MemoryConfig(memory_layout=TensorMemoryLayout::WIDTH_SHARDED,buffer_type=BufferType::L1,shard_spec=ShardSpec{grid=[{"start":{"x":0,"y":0},"end":{"x":10,"y":0}, {"start":{"x":0,"y":1},"end":{"x":4,"y":1}], shape=[32, 96], orientation=ShardOrientation::ROW_MAJOR},nd_shard_spec=std::nullopt,created_with_nd_shard_spec=0,per_core_allocation=0) mem config. Using computed config. (matmul_device_operation.cpp:239)
2026-08-15 01:06:37.078 | warning  |              Op | Mismatch between computed MemoryConfig(memory_layout=TensorMemoryLayout::WIDTH_SHARDED,buffer_type=BufferType::L1,shard_spec=ShardSpec{grid=[{"start":{"x":0,"y":0},"end":{"x":10,"y":0}, {"start":{"x":0,"y":1},"end":{"x":2,"y":1}], shape=[32, 96], orientation=ShardOrientation::ROW_MAJOR},nd_shard_spec={"shard_shape":[32, 96],"grid":[{"start":{"x":0,"y":0},"end":{"x":10,"y":0}}, {"start":{"x":0,"y":1},"end":{"x":2,"y":1}}],"orientation":"ShardOrientation::ROW_MAJOR","shard_distribution_strategy":"ShardDistributionStrategy::ROUND_ROBIN_1D"},created_with_nd_shard_spec=0,per_core_allocation=0) and provided MemoryConfig(memory_layout=TensorMemoryLayout::WIDTH_SHARDED,buffer_type=BufferType::L1,shard_spec=ShardSpec{grid=[{"start":{"x":0,"y":0},"end":{"x":10,"y":0}, {"start":{"x":0,"y":1},"end":{"x":4,"y":1}], shape=[32, 96], orientation=ShardOrientation::ROW_MAJOR},nd_shard_spec=std::nullopt,created_with_nd_shard_spec=0,per_core_allocation=0) mem config. Using computed config. (matmul_device_operation.cpp:239)
AB       selected_kv4     kind=full     mesh=1x4 batch=1 prefill128=    1.08 ms  traced_decode@131071= 0.5027 ms/token  prefill_pcc=0.968090 decode_pcc=0.945161  (0.5029/0.5027/0.5027)
2026-08-15 01:06:40.132 | warning  |              Op | Mismatch between computed MemoryConfig(memory_layout=TensorMemoryLayout::WIDTH_SHARDED,buffer_type=BufferType::L1,shard_spec=ShardSpec{grid=[{"start":{"x":0,"y":0},"end":{"x":10,"y":0}, {"start":{"x":0,"y":1},"end":{"x":2,"y":1}], shape=[32, 96], orientation=ShardOrientation::ROW_MAJOR},nd_shard_spec={"shard_shape":[32, 96],"grid":[{"start":{"x":0,"y":0},"end":{"x":10,"y":0}}, {"start":{"x":0,"y":1},"end":{"x":2,"y":1}}],"orientation":"ShardOrientation::ROW_MAJOR","shard_distribution_strategy":"ShardDistributionStrategy::ROUND_ROBIN_1D"},created_with_nd_shard_spec=0,per_core_allocation=0) and provided MemoryConfig(memory_layout=TensorMemoryLayout::WIDTH_SHARDED,buffer_type=BufferType::L1,shard_spec=ShardSpec{grid=[{"start":{"x":0,"y":0},"end":{"x":10,"y":0}, {"start":{"x":0,"y":1},"end":{"x":4,"y":1}], shape=[32, 96], orientation=ShardOrientation::ROW_MAJOR},nd_shard_spec=std::nullopt,created_with_nd_shard_spec=0,per_core_allocation=0) mem config. Using computed config. (matmul_device_operation.cpp:239)
2026-08-15 01:06:40.147 | warning  |              Op | Mismatch between computed MemoryConfig(memory_layout=TensorMemoryLayout::WIDTH_SHARDED,buffer_type=BufferType::L1,shard_spec=ShardSpec{grid=[{"start":{"x":0,"y":0},"end":{"x":10,"y":0}, {"start":{"x":0,"y":1},"end":{"x":2,"y":1}], shape=[32, 96], orientation=ShardOrientation::ROW_MAJOR},nd_shard_spec={"shard_shape":[32, 96],"grid":[{"start":{"x":0,"y":0},"end":{"x":10,"y":0}}, {"start":{"x":0,"y":1},"end":{"x":2,"y":1}}],"orientation":"ShardOrientation::ROW_MAJOR","shard_distribution_strategy":"ShardDistributionStrategy::ROUND_ROBIN_1D"},created_with_nd_shard_spec=0,per_core_allocation=0) and provided MemoryConfig(memory_layout=TensorMemoryLayout::WIDTH_SHARDED,buffer_type=BufferType::L1,shard_spec=ShardSpec{grid=[{"start":{"x":0,"y":0},"end":{"x":10,"y":0}, {"start":{"x":0,"y":1},"end":{"x":4,"y":1}], shape=[32, 96], orientation=ShardOrientation::ROW_MAJOR},nd_shard_spec=std::nullopt,created_with_nd_shard_spec=0,per_core_allocation=0) mem config. Using computed config. (matmul_device_operation.cpp:239)
2026-08-15 01:06:40.149 | warning  |              Op | Mismatch between computed MemoryConfig(memory_layout=TensorMemoryLayout::WIDTH_SHARDED,buffer_type=BufferType::L1,shard_spec=ShardSpec{grid=[{"start":{"x":0,"y":0},"end":{"x":10,"y":0}, {"start":{"x":0,"y":1},"end":{"x":2,"y":1}], shape=[32, 96], orientation=ShardOrientation::ROW_MAJOR},nd_shard_spec={"shard_shape":[32, 96],"grid":[{"start":{"x":0,"y":0},"end":{"x":10,"y":0}}, {"start":{"x":0,"y":1},"end":{"x":2,"y":1}}],"orientation":"ShardOrientation::ROW_MAJOR","shard_distribution_strategy":"ShardDistributionStrategy::ROUND_ROBIN_1D"},created_with_nd_shard_spec=0,per_core_allocation=0) and provided MemoryConfig(memory_layout=TensorMemoryLayout::WIDTH_SHARDED,buffer_type=BufferType::L1,shard_spec=ShardSpec{grid=[{"start":{"x":0,"y":0},"end":{"x":10,"y":0}, {"start":{"x":0,"y":1},"end":{"x":4,"y":1}], shape=[32, 96], orientation=ShardOrientation::ROW_MAJOR},nd_shard_spec=std::nullopt,created_with_nd_shard_spec=0,per_core_allocation=0) mem config. Using computed config. (matmul_device_operation.cpp:239)
AB       baseline_kv4     kind=full     mesh=1x4 batch=1 prefill128=    1.09 ms  traced_decode@131071= 0.5069 ms/token  prefill_pcc=0.992220 decode_pcc=0.959313  (0.5071/0.5070/0.5069)
nanobind: leaked 3 instances!
 - leaked instance 0x77c9f5c78908 of type "ttnn._ttnn.multi_device.MeshCoordinate"
 - leaked instance 0x77c977deda28 of type "ttnn._ttnn.tensor.CoreRangeSet"
 - leaked instance 0x77c9f5c78ae8 of type "ttnn._ttnn.multi_device.MeshCoordinate"
nanobind: leaked 24 types!
 - leaked type "MathFidelity"
 - leaked type "ttnn._ttnn.operations.matmul.MatmulMultiCoreReuseMultiCast1DProgramConfig"
 - leaked type "ttnn._ttnn.operations.matmul.MatmulInputs"
 - leaked type "ttnn._ttnn.multi_device.MeshMapperConfig"
 - leaked type "ttnn._ttnn.operations.matmul.MatmulMultiCoreReuseMultiCastBatchedDRAMShardedProgramConfig"
 - leaked type "BufferType"
 - leaked type "UnaryOpType"
 - leaked type "ttnn._ttnn.operations.matmul.MatmulMultiCoreReuseOptimizedProgramFactory"
 - leaked type "ttnn._ttnn.operations.matmul.MatmulParams"
 - leaked type "ttnn._ttnn.tensor.CoreRangeSet"
 - ... skipped remainder
nanobind: leaked 282 functions!
 - leaked function "compute_output_specs"
 - leaked function ""
 - leaked function "reset_sub_device_stall_group"
 - leaked function ""
 - leaked function "contains"
 - leaked function ""
 - leaked function ""
 - leaked function ""
 - leaked function ""
 - leaked function "__repr__"
 - ... skipped remainder
nanobind: this is likely caused by a reference counting issue in the binding code.
See https://nanobind.readthedocs.io/en/latest/refleaks.html2026-08-15 01:06:41.223 | info     |    BuildKernels | JIT cache stats: 393/404 hits (97.3%) [393 cached, 121 build-once dedup, 0 merged artifacts, 0 merged genfiles] (build_cache_telemetry.cpp:207)
2026-08-15 01:06:41.223 | info     |    BuildKernels | JIT telemetry: 3 registered TelemetryTokens (build_cache_telemetry.cpp:230)
2026-08-15 01:06:41.239 | info     |          Device | Closing user mode device drivers (tt_cluster.cpp:513)
2026-08-15 01:06:41.239 | info     |             UMD | Closing devices in cluster (cluster.cpp:1197)
2026-08-15 01:06:41.761 | info     |             UMD | Closing devices in cluster completed. (cluster.cpp:1206)
2026-08-15 01:06:41.761 | info     |             UMD | Cluster destructor started. (cluster.cpp:912)
2026-08-15 01:06:41.761 | info     |             UMD | Cluster destructor completed. (cluster.cpp:915)
===== exit 0 =====
LAYER_AB_DONE
