2026-07-28 17:05:43.932 | INFO     | __main__:main:395 - Using port 8086
2026-07-28 17:05:43.932 | INFO     | tracy:run_report_setup:91 - Verifying tracy profiling tools
2026-07-28 17:05:43.936 | INFO     | tracy:run_report_setup:112 - Capture command: ('/home/mvasiljevic/tt-metal/build/tools/profiler/bin/tracy-capture -o /home/mvasiljevic/tt-metal/generated/profiler/.logs/tracy_profile_log_host.tracy -f -p 8086',)
Connecting to 127.0.0.1:8086...2026-07-28 17:05:43.943 | INFO     | __main__:main:413 - Test process started
2026-07-28 17:05:44.883 | DEBUG    | ttnn:<module>:79 - Initial ttnn.CONFIG:
Config{cache_path=/home/mvasiljevic/.cache/ttnn,model_cache_path=/home/mvasiljevic/.cache/ttnn/models,tmp_dir=/tmp/ttnn,enable_model_cache=false,enable_fast_runtime_mode=true,throw_exception_on_fallback=false,enable_logging=false,enable_graph_report=false,enable_graph_python_stack_traces=false,enable_detailed_buffer_report=false,enable_detailed_tensor_report=false,enable_comparison_mode=false,comparison_mode_should_raise_exception=false,comparison_mode_pcc=0.9999,root_report_path=generated/ttnn/reports,report_name=std::nullopt,std::nullopt}
2026-07-28 17:05:46.867 | info     |          Device | Opening user mode device driver (tt_cluster.cpp:228)
2026-07-28 17:05:46.867 | info     |             UMD | Cluster constructor started. (cluster.cpp:348)
2026-07-28 17:05:46.867 | info     |             UMD | Creating TopologyDiscovery for architecture: blackhole (topology_discovery.cpp:91)
2026-07-28 17:05:46.867 | info     |             UMD | Starting topology discovery. (topology_discovery.cpp:110)
2026-07-28 17:05:46.868 | info     |             UMD | Established firmware bundle version: 19.9.0 (topology_discovery.cpp:569)
2026-07-28 17:05:46.868 | info     |             UMD | Firmware bundle version 19.9.0 on the system is newer than the latest fully tested version 19.5.0 for blackhole architecture. Newest features may not be supported. (topology_discovery.cpp:601)
2026-07-28 17:05:46.872 | info     |             UMD | Completed topology discovery. (topology_discovery.cpp:114)
2026-07-28 17:05:46.950 | info     |             UMD | Opening local chip ids/PCIe ids: {0, 1, 2, 3}/[0, 1, 2, 3] and remote chip ids {} (cluster.cpp:168)
2026-07-28 17:05:46.950 | info     |             UMD | IOMMU: enabled (cluster.cpp:142)
2026-07-28 17:05:46.950 | info     |             UMD | KMD version: 2.10.0 (cluster.cpp:145)
2026-07-28 17:05:46.950 | info     |             UMD | Cluster constructor completed. (cluster.cpp:520)
2026-07-28 17:05:46.952 | info     |             UMD | Starting devices in cluster (cluster.cpp:1024)
2026-07-28 17:05:47.205 | info     |             UMD | Starting devices in cluster completed. (cluster.cpp:1032)
2026-07-28 17:05:47.321 | DEBUG    | ttnn.device:__init__:152 - Using default dispatch core type for this system: DispatchCoreType.WORKER
2026-07-28 17:05:47.321 | DEBUG    | ttnn.device:__init__:154 - Using default dispatch core axis for this system: DispatchCoreAxis.COL
2026-07-28 17:05:47.321 | info     |     Distributed | Using auto discovery to generate mesh graph. (metal_env.cpp:367)
2026-07-28 17:05:47.321 | info     |     Distributed | Constructing control plane using auto-discovery (no mesh graph descriptor). (metal_env.cpp:429)
2026-07-28 17:05:47.321 | warning  |          Always | Unknown motherboard 'B850M-C' for chip_id=0 (bus_id=0x1) — falling back to bus_id as tray_id. Add this motherboard and its bus IDs to mobo_to_bus_ids in physical_system_discovery.cpp. (physical_system_discovery.cpp:89)
2026-07-28 17:05:47.321 | warning  |          Always | Unknown motherboard 'B850M-C' for chip_id=1 (bus_id=0x2) — falling back to bus_id as tray_id. Add this motherboard and its bus IDs to mobo_to_bus_ids in physical_system_discovery.cpp. (physical_system_discovery.cpp:89)
2026-07-28 17:05:47.321 | warning  |          Always | Unknown motherboard 'B850M-C' for chip_id=2 (bus_id=0x3) — falling back to bus_id as tray_id. Add this motherboard and its bus IDs to mobo_to_bus_ids in physical_system_discovery.cpp. (physical_system_discovery.cpp:89)
2026-07-28 17:05:47.321 | warning  |          Always | Unknown motherboard 'B850M-C' for chip_id=3 (bus_id=0x4) — falling back to bus_id as tray_id. Add this motherboard and its bus IDs to mobo_to_bus_ids in physical_system_discovery.cpp. (physical_system_discovery.cpp:89)
2026-07-28 17:05:47.321 | warning  |          Always | Unknown motherboard 'B850M-C' for chip_id=1 (bus_id=0x2) — falling back to bus_id as tray_id. Add this motherboard and its bus IDs to mobo_to_bus_ids in physical_system_discovery.cpp. (physical_system_discovery.cpp:89)
2026-07-28 17:05:47.321 | warning  |          Always | Unknown motherboard 'B850M-C' for chip_id=0 (bus_id=0x1) — falling back to bus_id as tray_id. Add this motherboard and its bus IDs to mobo_to_bus_ids in physical_system_discovery.cpp. (physical_system_discovery.cpp:89)
2026-07-28 17:05:47.321 | warning  |          Always | Unknown motherboard 'B850M-C' for chip_id=2 (bus_id=0x3) — falling back to bus_id as tray_id. Add this motherboard and its bus IDs to mobo_to_bus_ids in physical_system_discovery.cpp. (physical_system_discovery.cpp:89)
2026-07-28 17:05:47.321 | warning  |          Always | Unknown motherboard 'B850M-C' for chip_id=3 (bus_id=0x4) — falling back to bus_id as tray_id. Add this motherboard and its bus IDs to mobo_to_bus_ids in physical_system_discovery.cpp. (physical_system_discovery.cpp:89)
2026-07-28 17:05:47.321 | info     |          Fabric | Logical multi-mesh adjacency: intermesh degree histogram {0:1}; intra-mesh degree histograms mesh0 {2:4} (topology_mapper_utils.cpp:2342)
2026-07-28 17:05:47.321 | info     |          Fabric | Physical multi-mesh adjacency: intermesh degree histogram {0:1}; intra-mesh degree histograms mesh0 {2:4} (topology_mapper_utils.cpp:2350)
2026-07-28 17:05:47.362 | warning  |           Metal | Opening subset of mmio devices slows down UMD read/write to remote chips. If opening more devices, consider using CreateDevices API. (device_manager.cpp:261)
2026-07-28 17:05:47.368 | info     |           Metal | Profiler started on device 3 (profiler_initializer.cpp:49)
2026-07-28 17:05:47.408 | info     |           Metal | ShmResourceTracker: removed orphaned shm '/tt_device_154095680356416_memory' (shm_resource_tracker.cpp:282)
2026-07-28 17:05:47.988 | info     |           Metal | [Real-time profiler] Device 3 sync complete: 100 samples, frequency=1.349994 GHz, device_time_at_sync=11689195634033 cycles (realtime_profiler_manager.cpp:1127)
Building brisc, compile step:
cd /home/mvasiljevic/.cache/tt-metal-cache/12569132917722018041/kernels/writer_unary_interleaved_start_id_wh/10562345093094060962/brisc/ && /home/mvasiljevic/tt-metal/runtime/sfpi/compiler/bin/riscv-tt-elf-g++ -O2 -std=c++17 -ftt-nttp -ftt-constinit -ftt-consteval -ftt-no-dyninit -flto=auto -ffast-math -fno-exceptions -fno-rtti -fno-use-cxa-atexit -g -MMD -Wall -Werror -Wno-error=deprecated-declarations -Wno-error=multistatement-macros -Wno-error=parentheses -Wno-error=unused-but-set-variable -Wno-unused-variable -Wno-unused-function -mcpu=tt-bh -fno-tree-loop-distribute-patterns -I. -I.. -I/home/mvasiljevic/tt-metal/ -I/home/mvasiljevic/tt-metal/ttnn -I/home/mvasiljevic/tt-metal/ttnn/cpp -I/home/mvasiljevic/tt-metal/tt_metal -I/home/mvasiljevic/tt-metal/tt_metal/hw/inc -I/home/mvasiljevic/tt-metal/tt_metal/tt-llk/common -I/home/mvasiljevic/tt-metal/tt_metal/hostdevcommon/api -I/home/mvasiljevic/tt-metal/tt_metal/api/ -I/home/mvasiljevic/tt-metal/tt_metal/hw/ckernels/blackhole/metal/common -I/home/mvasiljevic/tt-metal/tt_metal/hw/ckernels/blackhole/metal/llk_io -I/home/mvasiljevic/tt-metal/tt_metal/hw/inc/internal/tt-1xx -I/home/mvasiljevic/tt-metal/tt_metal/hw/inc/internal/tt-1xx/blackhole -I/home/mvasiljevic/tt-metal/tt_metal/hw/inc/internal/tt-1xx/blackhole/blackhole_defines -I/home/mvasiljevic/tt-metal/tt_metal/hw/inc/internal/tt-1xx/blackhole/noc -I/home/mvasiljevic/tt-metal/tt_metal/tt-llk/tt_llk_blackhole/common/inc -I/home/mvasiljevic/tt-metal/tt_metal/tt-llk/tt_llk_blackhole/llk_lib -I/home/mvasiljevic/tt-metal/tt_metal/hw/firmware/src/tt-1xx -I/home/mvasiljevic/tt-metal/ttnn/cpp/ttnn/operations/eltwise/unary/device/kernels/dataflow -c -o /home/mvasiljevic/.cache/tt-metal-cache/12569132917722018041/kernels/writer_unary_interleaved_start_id_wh/10562345093094060962/brisc/brisck.5880147012631460308.o /home/mvasiljevic/tt-metal/tt_metal/hw/firmware/src/tt-1xx/brisck.cc -MF /home/mvasiljevic/.cache/tt-metal-cache/12569132917722018041/kernels/writer_unary_interleaved_start_id_wh/10562345093094060962/brisc/brisck.5880147012631460308.d -DIS_NOT_POW2_NUM_L1_BANKS=1 -DLOG_BASE_2_OF_NUM_DRAM_BANKS=3 -DNUM_DRAM_BANKS=8 -DNUM_L1_BANKS=110 -DPCIE_NOC_X=19 -DPCIE_NOC_Y=24 -DTENSIX_FIRMWARE -DLOCAL_MEM_EN=0 -DPROFILE_KERNEL=1 -DPROFILER_FULL_HOST_BUFFER_SIZE_PER_RISC=48000 -DPROCESSOR_INDEX=0 -DCOMPILE_FOR_BRISC -DARCH_BLACKHOLE -DDISPATCH_MESSAGE_ADDR=4290184248 -DKERNEL_BUILD -DFULL_KERNEL_NAME="\"writer_unary_interleaved_start_id_wh/10562345093094060962/\"" -DNOC_INDEX='1' -DNOC_MODE='0' -DKERNEL_COMPILE_TIME_ARGS=16,256,1,64,2,2048
In file included from /home/mvasiljevic/tt-metal/tt_metal/hw/inc/api/dataflow/dataflow_api.h:27,
                 from /home/mvasiljevic/tt-metal/tt_metal/hw/inc/internal/firmware_common.h:24,
                 from /home/mvasiljevic/tt-metal/tt_metal/hw/firmware/src/tt-1xx/brisck.cc:17:
/home/mvasiljevic/tt-metal/tt_metal/tools/profiler/kernel_profiler.hpp: In function 'void kernel_profiler::quick_push()':
/home/mvasiljevic/tt-metal/tt_metal/tools/profiler/kernel_profiler.hpp:25:22: note: '#pragma message: PROFILER-NOC-QUICK-PUSH,/home/mvasiljevic/tt-metal/tt_metal/tools/profiler/kernel_profiler.hpp,395,KERNEL_PROFILER'
   25 | #define DO_PRAGMA(x) _Pragma(#x)
      |                      ^~~~~~~
/home/mvasiljevic/tt-metal/tt_metal/tools/profiler/kernel_profiler.hpp:35:5: note: in expansion of macro 'DO_PRAGMA'
   35 |     DO_PRAGMA(message(PROFILER_MSG_NAME(name))); \
      |     ^~~~~~~~~
/home/mvasiljevic/tt-metal/tt_metal/tools/profiler/kernel_profiler.hpp:395:5: note: in expansion of macro 'SrcLocNameToHash'
  395 |     SrcLocNameToHash("PROFILER-NOC-QUICK-PUSH");
      |     ^~~~~~~~~~~~~~~~
/home/mvasiljevic/tt-metal/tt_metal/hw/firmware/src/tt-1xx/brisck.cc: In function 'uint32_t _start()':
/home/mvasiljevic/tt-metal/tt_metal/tools/profiler/kernel_profiler.hpp:25:22: note: '#pragma message: BRISC-KERNEL,/home/mvasiljevic/tt-metal/tt_metal/hw/firmware/src/tt-1xx/brisck.cc,77,KERNEL_PROFILER'
   25 | #define DO_PRAGMA(x) _Pragma(#x)
      |                      ^~~~~~~
/home/mvasiljevic/tt-metal/tt_metal/tools/profiler/kernel_profiler.hpp:702:5: note: in expansion of macro 'DO_PRAGMA'
  702 |     DO_PRAGMA(message(PROFILER_MSG_NAME(name)));                               \
      |     ^~~~~~~~~
/home/mvasiljevic/tt-metal/tt_metal/hw/firmware/src/tt-1xx/brisck.cc:77:9: note: in expansion of macro 'DeviceZoneScopedMainChildN'
   77 |         DeviceZoneScopedMainChildN("BRISC-KERNEL");
      |         ^~~~~~~~~~~~~~~~~~~~~~~~~~
Building ncrisc, compile step:
cd /home/mvasiljevic/.cache/tt-metal-cache/12569132917722018041/kernels/reader_unary_pad_multicore_both_dims/14053381996748147242/ncrisc/ && /home/mvasiljevic/tt-metal/runtime/sfpi/compiler/bin/riscv-tt-elf-g++ -O2 -std=c++17 -ftt-nttp -ftt-constinit -ftt-consteval -ftt-no-dyninit -flto=auto -ffast-math -fno-exceptions -fno-rtti -fno-use-cxa-atexit -g -MMD -Wall -Werror -Wno-error=deprecated-declarations -Wno-error=multistatement-macros -Wno-error=parentheses -Wno-error=unused-but-set-variable -Wno-unused-variable -Wno-unused-function -mcpu=tt-bh -fno-tree-loop-distribute-patterns -I. -I.. -I/home/mvasiljevic/tt-metal/ -I/home/mvasiljevic/tt-metal/ttnn -I/home/mvasiljevic/tt-metal/ttnn/cpp -I/home/mvasiljevic/tt-metal/tt_metal -I/home/mvasiljevic/tt-metal/tt_metal/hw/inc -I/home/mvasiljevic/tt-metal/tt_metal/tt-llk/common -I/home/mvasiljevic/tt-metal/tt_metal/hostdevcommon/api -I/home/mvasiljevic/tt-metal/tt_metal/api/ -I/home/mvasiljevic/tt-metal/tt_metal/hw/ckernels/blackhole/metal/common -I/home/mvasiljevic/tt-metal/tt_metal/hw/ckernels/blackhole/metal/llk_io -I/home/mvasiljevic/tt-metal/tt_metal/hw/inc/internal/tt-1xx -I/home/mvasiljevic/tt-metal/tt_metal/hw/inc/internal/tt-1xx/blackhole -I/home/mvasiljevic/tt-metal/tt_metal/hw/inc/internal/tt-1xx/blackhole/blackhole_defines -I/home/mvasiljevic/tt-metal/tt_metal/hw/inc/internal/tt-1xx/blackhole/noc -I/home/mvasiljevic/tt-metal/tt_metal/tt-llk/tt_llk_blackhole/common/inc -I/home/mvasiljevic/tt-metal/tt_metal/tt-llk/tt_llk_blackhole/llk_lib -I/home/mvasiljevic/tt-metal/tt_metal/hw/firmware/src/tt-1xx -I/home/mvasiljevic/tt-metal/ttnn/cpp/ttnn/operations/data_movement/tilize_with_val_padding/device/kernels/dataflow -c -o /home/mvasiljevic/.cache/tt-metal-cache/12569132917722018041/kernels/reader_unary_pad_multicore_both_dims/14053381996748147242/ncrisc/ncrisck.5880147012631460308.o /home/mvasiljevic/tt-metal/tt_metal/hw/firmware/src/tt-1xx/ncrisck.cc -MF /home/mvasiljevic/.cache/tt-metal-cache/12569132917722018041/kernels/reader_unary_pad_multicore_both_dims/14053381996748147242/ncrisc/ncrisck.5880147012631460308.d -DIS_NOT_POW2_NUM_L1_BANKS=1 -DLOG_BASE_2_OF_NUM_DRAM_BANKS=3 -DNUM_DRAM_BANKS=8 -DNUM_L1_BANKS=110 -DPCIE_NOC_X=19 -DPCIE_NOC_Y=24 -DTENSIX_FIRMWARE -DLOCAL_MEM_EN=0 -DPROFILE_KERNEL=1 -DPROFILER_FULL_HOST_BUFFER_SIZE_PER_RISC=48000 -DPROCESSOR_INDEX=1 -DCOMPILE_FOR_NCRISC -DARCH_BLACKHOLE -DDISPATCH_MESSAGE_ADDR=4290184248 -DKERNEL_BUILD -DFULL_KERNEL_NAME="\"reader_unary_pad_multicore_both_dims/14053381996748147242/\"" -DNOC_INDEX='0' -DNOC_MODE='0' -DKERNEL_COMPILE_TIME_ARGS=128,1,32,2,4096,64,2,4096
In file included from /home/mvasiljevic/tt-metal/tt_metal/hw/inc/api/dataflow/dataflow_api.h:27,
                 from /home/mvasiljevic/tt-metal/tt_metal/hw/inc/internal/firmware_common.h:24,
                 from /home/mvasiljevic/tt-metal/tt_metal/hw/firmware/src/tt-1xx/ncrisck.cc:17:
/home/mvasiljevic/tt-metal/tt_metal/tools/profiler/kernel_profiler.hpp: In function 'void kernel_profiler::quick_push()':
/home/mvasiljevic/tt-metal/tt_metal/tools/profiler/kernel_profiler.hpp:25:22: note: '#pragma message: PROFILER-NOC-QUICK-PUSH,/home/mvasiljevic/tt-metal/tt_metal/tools/profiler/kernel_profiler.hpp,395,KERNEL_PROFILER'
   25 | #define DO_PRAGMA(x) _Pragma(#x)
      |                      ^~~~~~~
/home/mvasiljevic/tt-metal/tt_metal/tools/profiler/kernel_profiler.hpp:35:5: note: in expansion of macro 'DO_PRAGMA'
   35 |     DO_PRAGMA(message(PROFILER_MSG_NAME(name))); \
      |     ^~~~~~~~~
/home/mvasiljevic/tt-metal/tt_metal/tools/profiler/kernel_profiler.hpp:395:5: note: in expansion of macro 'SrcLocNameToHash'
  395 |     SrcLocNameToHash("PROFILER-NOC-QUICK-PUSH");
      |     ^~~~~~~~~~~~~~~~
/home/mvasiljevic/tt-metal/tt_metal/hw/firmware/src/tt-1xx/ncrisck.cc: In function 'uint32_t _start()':
/home/mvasiljevic/tt-metal/tt_metal/tools/profiler/kernel_profiler.hpp:25:22: note: '#pragma message: NCRISC-KERNEL,/home/mvasiljevic/tt-metal/tt_metal/hw/firmware/src/tt-1xx/ncrisck.cc,69,KERNEL_PROFILER'
   25 | #define DO_PRAGMA(x) _Pragma(#x)
      |                      ^~~~~~~
/home/mvasiljevic/tt-metal/tt_metal/tools/profiler/kernel_profiler.hpp:702:5: note: in expansion of macro 'DO_PRAGMA'
  702 |     DO_PRAGMA(message(PROFILER_MSG_NAME(name)));                               \
      |     ^~~~~~~~~
/home/mvasiljevic/tt-metal/tt_metal/hw/firmware/src/tt-1xx/ncrisck.cc:69:5: note: in expansion of macro 'DeviceZoneScopedMainChildN'
   69 |     DeviceZoneScopedMainChildN("NCRISC-KERNEL");
      |     ^~~~~~~~~~~~~~~~~~~~~~~~~~
Building trisc0, compile step:
cd /home/mvasiljevic/.cache/tt-metal-cache/12569132917722018041/kernels/tilize_wh/4510407878363710737/trisc0/ && /home/mvasiljevic/tt-metal/runtime/sfpi/compiler/bin/riscv-tt-elf-g++ -O3 -std=c++17 -ftt-nttp -ftt-constinit -ftt-consteval -ftt-no-dyninit -flto=auto -ffast-math -fno-exceptions -fno-rtti -fno-use-cxa-atexit -g -MMD -Wall -Werror -Wno-error=deprecated-declarations -Wno-error=multistatement-macros -Wno-error=parentheses -Wno-error=unused-but-set-variable -Wno-unused-variable -Wno-unused-function -mcpu=tt-bh-tensix -I. -I.. -I/home/mvasiljevic/tt-metal/ -I/home/mvasiljevic/tt-metal/ttnn -I/home/mvasiljevic/tt-metal/ttnn/cpp -I/home/mvasiljevic/tt-metal/tt_metal -I/home/mvasiljevic/tt-metal/tt_metal/hw/inc -I/home/mvasiljevic/tt-metal/tt_metal/tt-llk/common -I/home/mvasiljevic/tt-metal/tt_metal/hostdevcommon/api -I/home/mvasiljevic/tt-metal/tt_metal/api/ -I/home/mvasiljevic/tt-metal/runtime/sfpi/include -I/home/mvasiljevic/tt-metal/tt_metal/hw/ckernels/blackhole/metal/common -I/home/mvasiljevic/tt-metal/tt_metal/hw/ckernels/blackhole/metal/llk_io -I/home/mvasiljevic/tt-metal/tt_metal/hw/inc/internal/tt-1xx -I/home/mvasiljevic/tt-metal/tt_metal/hw/inc/internal/tt-1xx/blackhole -I/home/mvasiljevic/tt-metal/tt_metal/hw/inc/internal/tt-1xx/blackhole/blackhole_defines -I/home/mvasiljevic/tt-metal/tt_metal/hw/inc/internal/tt-1xx/blackhole/noc -I/home/mvasiljevic/tt-metal/tt_metal/tt-llk/tt_llk_blackhole/common/inc -I/home/mvasiljevic/tt-metal/tt_metal/tt-llk/tt_llk_blackhole/llk_lib -I/home/mvasiljevic/tt-metal/tt_metal/hw/ckernels/blackhole/metal/llk_api -I/home/mvasiljevic/tt-metal/tt_metal/hw/ckernels/blackhole/metal/llk_api/llk_sfpu -I/home/mvasiljevic/tt-metal/tt_metal/hw/firmware/src/tt-1xx -I/home/mvasiljevic/tt-metal/ttnn/cpp/ttnn/operations/data_movement/tilize/device/kernels/compute -c -o /home/mvasiljevic/.cache/tt-metal-cache/12569132917722018041/kernels/tilize_wh/4510407878363710737/trisc0/trisck.5880147012631460308.o /home/mvasiljevic/tt-metal/tt_metal/hw/firmware/src/tt-1xx/trisck.cc -MF /home/mvasiljevic/.cache/tt-metal-cache/12569132917722018041/kernels/tilize_wh/4510407878363710737/trisc0/trisck.5880147012631460308.d -DIS_NOT_POW2_NUM_L1_BANKS=1 -DLOG_BASE_2_OF_NUM_DRAM_BANKS=3 -DNUM_DRAM_BANKS=8 -DNUM_L1_BANKS=110 -DPCIE_NOC_X=19 -DPCIE_NOC_Y=24 -DTENSIX_FIRMWARE -DLOCAL_MEM_EN=0 -DPROFILE_KERNEL=1 -DPROFILER_FULL_HOST_BUFFER_SIZE_PER_RISC=48000 -DPROCESSOR_INDEX=2 -DUCK_CHLKC_UNPACK -DCOMPILE_FOR_TRISC=0 -DARCH_BLACKHOLE -DDISPATCH_MESSAGE_ADDR=4290184248 -DKERNEL_BUILD -DFULL_KERNEL_NAME="\"tilize_wh/4510407878363710737/\"" -DKERNEL_COMPILE_TIME_ARGS=2,2,1
In file included from /home/mvasiljevic/tt-metal/tt_metal/hw/ckernels/blackhole/metal/llk_io/llk_io_unpack.h:13,
                 from /home/mvasiljevic/tt-metal/tt_metal/hw/inc/api/compute/cb_api.h:15,
                 from /home/mvasiljevic/tt-metal/tt_metal/hw/inc/api/compute/common.h:11,
                 from /home/mvasiljevic/tt-metal/tt_metal/hw/inc/api/compute/tilize.h:7,
                 from /home/mvasiljevic/tt-metal/ttnn/cpp/ttnn/operations/data_movement/tilize/device/kernels/compute/tilize_wh.cpp:7,
                 from ../chlkc_unpack.cpp:3,
                 from /home/mvasiljevic/tt-metal/tt_metal/hw/ckernels/blackhole/metal/common/chlkc_list.h:26,
                 from /home/mvasiljevic/tt-metal/tt_metal/hw/firmware/src/tt-1xx/trisck.cc:13:
/home/mvasiljevic/tt-metal/tt_metal/hw/ckernels/blackhole/metal/llk_io/llk_io_unpack.h: In function 'void llk_wait_tiles(int, int32_t)':
/home/mvasiljevic/tt-metal/tt_metal/tools/profiler/kernel_profiler.hpp:25:22: note: '#pragma message: CB-COMPUTE-WAIT-FRONT,/home/mvasiljevic/tt-metal/tt_metal/hw/ckernels/blackhole/metal/llk_io/llk_io_unpack.h,19,KERNEL_PROFILER'
   25 | #define DO_PRAGMA(x) _Pragma(#x)
      |                      ^~~~~~~
/home/mvasiljevic/tt-metal/tt_metal/tools/profiler/kernel_profiler.hpp:707:5: note: in expansion of macro 'DO_PRAGMA'
  707 |     DO_PRAGMA(message(PROFILER_MSG_NAME(name)));                               \
      |     ^~~~~~~~~
/home/mvasiljevic/tt-metal/tt_metal/hw/ckernels/blackhole/metal/llk_io/llk_io_unpack.h:19:5: note: in expansion of macro 'DeviceZoneScopedSumN1'
   19 |     DeviceZoneScopedSumN1("CB-COMPUTE-WAIT-FRONT");
      |     ^~~~~~~~~~~~~~~~~~~~~
/home/mvasiljevic/tt-metal/tt_metal/hw/firmware/src/tt-1xx/trisck.cc: In function 'uint32_t _start()':
/home/mvasiljevic/tt-metal/tt_metal/tools/profiler/kernel_profiler.hpp:25:22: note: '#pragma message: TRISC-KERNEL,/home/mvasiljevic/tt-metal/tt_metal/hw/firmware/src/tt-1xx/trisck.cc,86,KERNEL_PROFILER'
   25 | #define DO_PRAGMA(x) _Pragma(#x)
      |                      ^~~~~~~
/home/mvasiljevic/tt-metal/tt_metal/tools/profiler/kernel_profiler.hpp:702:5: note: in expansion of macro 'DO_PRAGMA'
  702 |     DO_PRAGMA(message(PROFILER_MSG_NAME(name)));                               \
      |     ^~~~~~~~~
/home/mvasiljevic/tt-metal/tt_metal/hw/firmware/src/tt-1xx/trisck.cc:86:5: note: in expansion of macro 'DeviceZoneScopedMainChildN'
   86 |     DeviceZoneScopedMainChildN("TRISC-KERNEL");
      |     ^~~~~~~~~~~~~~~~~~~~~~~~~~
Building trisc1, compile step:
cd /home/mvasiljevic/.cache/tt-metal-cache/12569132917722018041/kernels/tilize_wh/4510407878363710737/trisc1/ && /home/mvasiljevic/tt-metal/runtime/sfpi/compiler/bin/riscv-tt-elf-g++ -O3 -std=c++17 -ftt-nttp -ftt-constinit -ftt-consteval -ftt-no-dyninit -flto=auto -ffast-math -fno-exceptions -fno-rtti -fno-use-cxa-atexit -g -MMD -Wall -Werror -Wno-error=deprecated-declarations -Wno-error=multistatement-macros -Wno-error=parentheses -Wno-error=unused-but-set-variable -Wno-unused-variable -Wno-unused-function -mcpu=tt-bh-tensix -I. -I.. -I/home/mvasiljevic/tt-metal/ -I/home/mvasiljevic/tt-metal/ttnn -I/home/mvasiljevic/tt-metal/ttnn/cpp -I/home/mvasiljevic/tt-metal/tt_metal -I/home/mvasiljevic/tt-metal/tt_metal/hw/inc -I/home/mvasiljevic/tt-metal/tt_metal/tt-llk/common -I/home/mvasiljevic/tt-metal/tt_metal/hostdevcommon/api -I/home/mvasiljevic/tt-metal/tt_metal/api/ -I/home/mvasiljevic/tt-metal/runtime/sfpi/include -I/home/mvasiljevic/tt-metal/tt_metal/hw/ckernels/blackhole/metal/common -I/home/mvasiljevic/tt-metal/tt_metal/hw/ckernels/blackhole/metal/llk_io -I/home/mvasiljevic/tt-metal/tt_metal/hw/inc/internal/tt-1xx -I/home/mvasiljevic/tt-metal/tt_metal/hw/inc/internal/tt-1xx/blackhole -I/home/mvasiljevic/tt-metal/tt_metal/hw/inc/internal/tt-1xx/blackhole/blackhole_defines -I/home/mvasiljevic/tt-metal/tt_metal/hw/inc/internal/tt-1xx/blackhole/noc -I/home/mvasiljevic/tt-metal/tt_metal/tt-llk/tt_llk_blackhole/common/inc -I/home/mvasiljevic/tt-metal/tt_metal/tt-llk/tt_llk_blackhole/llk_lib -I/home/mvasiljevic/tt-metal/tt_metal/hw/ckernels/blackhole/metal/llk_api -I/home/mvasiljevic/tt-metal/tt_metal/hw/ckernels/blackhole/metal/llk_api/llk_sfpu -I/home/mvasiljevic/tt-metal/tt_metal/hw/firmware/src/tt-1xx -I/home/mvasiljevic/tt-metal/ttnn/cpp/ttnn/operations/data_movement/tilize/device/kernels/compute -c -o /home/mvasiljevic/.cache/tt-metal-cache/12569132917722018041/kernels/tilize_wh/4510407878363710737/trisc1/trisck.5880147012631460308.o /home/mvasiljevic/tt-metal/tt_metal/hw/firmware/src/tt-1xx/trisck.cc -MF /home/mvasiljevic/.cache/tt-metal-cache/12569132917722018041/kernels/tilize_wh/4510407878363710737/trisc1/trisck.5880147012631460308.d -DIS_NOT_POW2_NUM_L1_BANKS=1 -DLOG_BASE_2_OF_NUM_DRAM_BANKS=3 -DNUM_DRAM_BANKS=8 -DNUM_L1_BANKS=110 -DPCIE_NOC_X=19 -DPCIE_NOC_Y=24 -DTENSIX_FIRMWARE -DLOCAL_MEM_EN=0 -DPROFILE_KERNEL=1 -DPROFILER_FULL_HOST_BUFFER_SIZE_PER_RISC=48000 -DPROCESSOR_INDEX=3 -DUCK_CHLKC_MATH -DCOMPILE_FOR_TRISC=1 -DARCH_BLACKHOLE -DDISPATCH_MESSAGE_ADDR=4290184248 -DKERNEL_BUILD -DFULL_KERNEL_NAME="\"tilize_wh/4510407878363710737/\"" -DKERNEL_COMPILE_TIME_ARGS=2,2,1
In file included from /home/mvasiljevic/tt-metal/tt_metal/hw/firmware/src/tt-1xx/trisck.cc:15:
/home/mvasiljevic/tt-metal/tt_metal/hw/firmware/src/tt-1xx/trisck.cc: In function 'uint32_t _start()':
/home/mvasiljevic/tt-metal/tt_metal/tools/profiler/kernel_profiler.hpp:25:22: note: '#pragma message: TRISC-KERNEL,/home/mvasiljevic/tt-metal/tt_metal/hw/firmware/src/tt-1xx/trisck.cc,86,KERNEL_PROFILER'
   25 | #define DO_PRAGMA(x) _Pragma(#x)
      |                      ^~~~~~~
/home/mvasiljevic/tt-metal/tt_metal/tools/profiler/kernel_profiler.hpp:702:5: note: in expansion of macro 'DO_PRAGMA'
  702 |     DO_PRAGMA(message(PROFILER_MSG_NAME(name)));                               \
      |     ^~~~~~~~~
/home/mvasiljevic/tt-metal/tt_metal/hw/firmware/src/tt-1xx/trisck.cc:86:5: note: in expansion of macro 'DeviceZoneScopedMainChildN'
   86 |     DeviceZoneScopedMainChildN("TRISC-KERNEL");
      |     ^~~~~~~~~~~~~~~~~~~~~~~~~~
Building trisc2, compile step:
cd /home/mvasiljevic/.cache/tt-metal-cache/12569132917722018041/kernels/tilize_wh/4510407878363710737/trisc2/ && /home/mvasiljevic/tt-metal/runtime/sfpi/compiler/bin/riscv-tt-elf-g++ -O3 -std=c++17 -ftt-nttp -ftt-constinit -ftt-consteval -ftt-no-dyninit -flto=auto -ffast-math -fno-exceptions -fno-rtti -fno-use-cxa-atexit -g -MMD -Wall -Werror -Wno-error=deprecated-declarations -Wno-error=multistatement-macros -Wno-error=parentheses -Wno-error=unused-but-set-variable -Wno-unused-variable -Wno-unused-function -mcpu=tt-bh-tensix -I. -I.. -I/home/mvasiljevic/tt-metal/ -I/home/mvasiljevic/tt-metal/ttnn -I/home/mvasiljevic/tt-metal/ttnn/cpp -I/home/mvasiljevic/tt-metal/tt_metal -I/home/mvasiljevic/tt-metal/tt_metal/hw/inc -I/home/mvasiljevic/tt-metal/tt_metal/tt-llk/common -I/home/mvasiljevic/tt-metal/tt_metal/hostdevcommon/api -I/home/mvasiljevic/tt-metal/tt_metal/api/ -I/home/mvasiljevic/tt-metal/runtime/sfpi/include -I/home/mvasiljevic/tt-metal/tt_metal/hw/ckernels/blackhole/metal/common -I/home/mvasiljevic/tt-metal/tt_metal/hw/ckernels/blackhole/metal/llk_io -I/home/mvasiljevic/tt-metal/tt_metal/hw/inc/internal/tt-1xx -I/home/mvasiljevic/tt-metal/tt_metal/hw/inc/internal/tt-1xx/blackhole -I/home/mvasiljevic/tt-metal/tt_metal/hw/inc/internal/tt-1xx/blackhole/blackhole_defines -I/home/mvasiljevic/tt-metal/tt_metal/hw/inc/internal/tt-1xx/blackhole/noc -I/home/mvasiljevic/tt-metal/tt_metal/tt-llk/tt_llk_blackhole/common/inc -I/home/mvasiljevic/tt-metal/tt_metal/tt-llk/tt_llk_blackhole/llk_lib -I/home/mvasiljevic/tt-metal/tt_metal/hw/ckernels/blackhole/metal/llk_api -I/home/mvasiljevic/tt-metal/tt_metal/hw/ckernels/blackhole/metal/llk_api/llk_sfpu -I/home/mvasiljevic/tt-metal/tt_metal/hw/firmware/src/tt-1xx -I/home/mvasiljevic/tt-metal/ttnn/cpp/ttnn/operations/data_movement/tilize/device/kernels/compute -c -o /home/mvasiljevic/.cache/tt-metal-cache/12569132917722018041/kernels/tilize_wh/4510407878363710737/trisc2/trisck.5880147012631460308.o /home/mvasiljevic/tt-metal/tt_metal/hw/firmware/src/tt-1xx/trisck.cc -MF /home/mvasiljevic/.cache/tt-metal-cache/12569132917722018041/kernels/tilize_wh/4510407878363710737/trisc2/trisck.5880147012631460308.d -DIS_NOT_POW2_NUM_L1_BANKS=1 -DLOG_BASE_2_OF_NUM_DRAM_BANKS=3 -DNUM_DRAM_BANKS=8 -DNUM_L1_BANKS=110 -DPCIE_NOC_X=19 -DPCIE_NOC_Y=24 -DTENSIX_FIRMWARE -DLOCAL_MEM_EN=0 -DPROFILE_KERNEL=1 -DPROFILER_FULL_HOST_BUFFER_SIZE_PER_RISC=48000 -DPROCESSOR_INDEX=4 -DUCK_CHLKC_PACK -DCOMPILE_FOR_TRISC=2 -DARCH_BLACKHOLE -DDISPATCH_MESSAGE_ADDR=4290184248 -DKERNEL_BUILD -DFULL_KERNEL_NAME="\"tilize_wh/4510407878363710737/\"" -DKERNEL_COMPILE_TIME_ARGS=2,2,1
In file included from /home/mvasiljevic/tt-metal/tt_metal/hw/ckernels/blackhole/metal/llk_io/llk_io_pack.h:14,
                 from /home/mvasiljevic/tt-metal/tt_metal/hw/inc/api/compute/cb_api.h:12,
                 from /home/mvasiljevic/tt-metal/tt_metal/hw/inc/api/compute/common.h:11,
                 from /home/mvasiljevic/tt-metal/tt_metal/hw/inc/api/compute/tilize.h:7,
                 from /home/mvasiljevic/tt-metal/ttnn/cpp/ttnn/operations/data_movement/tilize/device/kernels/compute/tilize_wh.cpp:7,
                 from ../chlkc_pack.cpp:3,
                 from /home/mvasiljevic/tt-metal/tt_metal/hw/ckernels/blackhole/metal/common/chlkc_list.h:21,
                 from /home/mvasiljevic/tt-metal/tt_metal/hw/firmware/src/tt-1xx/trisck.cc:13:
/home/mvasiljevic/tt-metal/tt_metal/hw/ckernels/blackhole/metal/llk_io/llk_io_pack.h: In function 'void llk_wait_for_free_tiles(int32_t, int32_t)':
/home/mvasiljevic/tt-metal/tt_metal/tools/profiler/kernel_profiler.hpp:25:22: note: '#pragma message: CB-COMPUTE-RESERVE-BACK,/home/mvasiljevic/tt-metal/tt_metal/hw/ckernels/blackhole/metal/llk_io/llk_io_pack.h,21,KERNEL_PROFILER'
   25 | #define DO_PRAGMA(x) _Pragma(#x)
      |                      ^~~~~~~
/home/mvasiljevic/tt-metal/tt_metal/tools/profiler/kernel_profiler.hpp:712:5: note: in expansion of macro 'DO_PRAGMA'
  712 |     DO_PRAGMA(message(PROFILER_MSG_NAME(name)));                               \
      |     ^~~~~~~~~
/home/mvasiljevic/tt-metal/tt_metal/hw/ckernels/blackhole/metal/llk_io/llk_io_pack.h:21:5: note: in expansion of macro 'DeviceZoneScopedSumN2'
   21 |     DeviceZoneScopedSumN2("CB-COMPUTE-RESERVE-BACK");
      |     ^~~~~~~~~~~~~~~~~~~~~
/home/mvasiljevic/tt-metal/tt_metal/hw/firmware/src/tt-1xx/trisck.cc: In function 'uint32_t _start()':
/home/mvasiljevic/tt-metal/tt_metal/tools/profiler/kernel_profiler.hpp:25:22: note: '#pragma message: TRISC-KERNEL,/home/mvasiljevic/tt-metal/tt_metal/hw/firmware/src/tt-1xx/trisck.cc,86,KERNEL_PROFILER'
   25 | #define DO_PRAGMA(x) _Pragma(#x)
      |                      ^~~~~~~
/home/mvasiljevic/tt-metal/tt_metal/tools/profiler/kernel_profiler.hpp:702:5: note: in expansion of macro 'DO_PRAGMA'
  702 |     DO_PRAGMA(message(PROFILER_MSG_NAME(name)));                               \
      |     ^~~~~~~~~
/home/mvasiljevic/tt-metal/tt_metal/hw/firmware/src/tt-1xx/trisck.cc:86:5: note: in expansion of macro 'DeviceZoneScopedMainChildN'
   86 |     DeviceZoneScopedMainChildN("TRISC-KERNEL");
      |     ^~~~~~~~~~~~~~~~~~~~~~~~~~
Building ncrisc, compile step:
cd /home/mvasiljevic/.cache/tt-metal-cache/12569132917722018041/kernels/reader_unary_stick_layout_split_rows_multicore/5137991844069086675/ncrisc/ && /home/mvasiljevic/tt-metal/runtime/sfpi/compiler/bin/riscv-tt-elf-g++ -O2 -std=c++17 -ftt-nttp -ftt-constinit -ftt-consteval -ftt-no-dyninit -flto=auto -ffast-math -fno-exceptions -fno-rtti -fno-use-cxa-atexit -g -MMD -Wall -Werror -Wno-error=deprecated-declarations -Wno-error=multistatement-macros -Wno-error=parentheses -Wno-error=unused-but-set-variable -Wno-unused-variable -Wno-unused-function -mcpu=tt-bh -fno-tree-loop-distribute-patterns -I. -I.. -I/home/mvasiljevic/tt-metal/ -I/home/mvasiljevic/tt-metal/ttnn -I/home/mvasiljevic/tt-metal/ttnn/cpp -I/home/mvasiljevic/tt-metal/tt_metal -I/home/mvasiljevic/tt-metal/tt_metal/hw/inc -I/home/mvasiljevic/tt-metal/tt_metal/tt-llk/common -I/home/mvasiljevic/tt-metal/tt_metal/hostdevcommon/api -I/home/mvasiljevic/tt-metal/tt_metal/api/ -I/home/mvasiljevic/tt-metal/tt_metal/hw/ckernels/blackhole/metal/common -I/home/mvasiljevic/tt-metal/tt_metal/hw/ckernels/blackhole/metal/llk_io -I/home/mvasiljevic/tt-metal/tt_metal/hw/inc/internal/tt-1xx -I/home/mvasiljevic/tt-metal/tt_metal/hw/inc/internal/tt-1xx/blackhole -I/home/mvasiljevic/tt-metal/tt_metal/hw/inc/internal/tt-1xx/blackhole/blackhole_defines -I/home/mvasiljevic/tt-metal/tt_metal/hw/inc/internal/tt-1xx/blackhole/noc -I/home/mvasiljevic/tt-metal/tt_metal/tt-llk/tt_llk_blackhole/common/inc -I/home/mvasiljevic/tt-metal/tt_metal/tt-llk/tt_llk_blackhole/llk_lib -I/home/mvasiljevic/tt-metal/tt_metal/hw/firmware/src/tt-1xx -I/home/mvasiljevic/tt-metal/ttnn/cpp/ttnn/operations/data_movement/tilize/device/kernels/dataflow -c -o /home/mvasiljevic/.cache/tt-metal-cache/12569132917722018041/kernels/reader_unary_stick_layout_split_rows_multicore/5137991844069086675/ncrisc/ncrisck.5880147012631460308.o /home/mvasiljevic/tt-metal/tt_metal/hw/firmware/src/tt-1xx/ncrisck.cc -MF /home/mvasiljevic/.cache/tt-metal-cache/12569132917722018041/kernels/reader_unary_stick_layout_split_rows_multicore/5137991844069086675/ncrisc/ncrisck.5880147012631460308.d -DIS_NOT_POW2_NUM_L1_BANKS=1 -DLOG_BASE_2_OF_NUM_DRAM_BANKS=3 -DNUM_DRAM_BANKS=8 -DNUM_L1_BANKS=110 -DPCIE_NOC_X=19 -DPCIE_NOC_Y=24 -DTENSIX_FIRMWARE -DLOCAL_MEM_EN=0 -DPROFILE_KERNEL=1 -DPROFILER_FULL_HOST_BUFFER_SIZE_PER_RISC=48000 -DPROCESSOR_INDEX=1 -DCOMPILE_FOR_NCRISC -DARCH_BLACKHOLE -DDISPATCH_MESSAGE_ADDR=4290184248 -DKERNEL_BUILD -DFULL_KERNEL_NAME="\"reader_unary_stick_layout_split_rows_multicore/5137991844069086675/\"" -DNOC_INDEX='0' -DNOC_MODE='0' -DKERNEL_COMPILE_TIME_ARGS=256,1,256,2,256
In file included from /home/mvasiljevic/tt-metal/tt_metal/hw/inc/api/dataflow/dataflow_api.h:27,
                 from /home/mvasiljevic/tt-metal/tt_metal/hw/inc/internal/firmware_common.h:24,
                 from /home/mvasiljevic/tt-metal/tt_metal/hw/firmware/src/tt-1xx/ncrisck.cc:17:
/home/mvasiljevic/tt-metal/tt_metal/tools/profiler/kernel_profiler.hpp: In function 'void kernel_profiler::quick_push()':
/home/mvasiljevic/tt-metal/tt_metal/tools/profiler/kernel_profiler.hpp:25:22: note: '#pragma message: PROFILER-NOC-QUICK-PUSH,/home/mvasiljevic/tt-metal/tt_metal/tools/profiler/kernel_profiler.hpp,395,KERNEL_PROFILER'
   25 | #define DO_PRAGMA(x) _Pragma(#x)
      |                      ^~~~~~~
/home/mvasiljevic/tt-metal/tt_metal/tools/profiler/kernel_profiler.hpp:35:5: note: in expansion of macro 'DO_PRAGMA'
   35 |     DO_PRAGMA(message(PROFILER_MSG_NAME(name))); \
      |     ^~~~~~~~~
/home/mvasiljevic/tt-metal/tt_metal/tools/profiler/kernel_profiler.hpp:395:5: note: in expansion of macro 'SrcLocNameToHash'
  395 |     SrcLocNameToHash("PROFILER-NOC-QUICK-PUSH");
      |     ^~~~~~~~~~~~~~~~
/home/mvasiljevic/tt-metal/tt_metal/hw/firmware/src/tt-1xx/ncrisck.cc: In function 'uint32_t _start()':
/home/mvasiljevic/tt-metal/tt_metal/tools/profiler/kernel_profiler.hpp:25:22: note: '#pragma message: NCRISC-KERNEL,/home/mvasiljevic/tt-metal/tt_metal/hw/firmware/src/tt-1xx/ncrisck.cc,69,KERNEL_PROFILER'
   25 | #define DO_PRAGMA(x) _Pragma(#x)
      |                      ^~~~~~~
/home/mvasiljevic/tt-metal/tt_metal/tools/profiler/kernel_profiler.hpp:702:5: note: in expansion of macro 'DO_PRAGMA'
  702 |     DO_PRAGMA(message(PROFILER_MSG_NAME(name)));                               \
      |     ^~~~~~~~~
/home/mvasiljevic/tt-metal/tt_metal/hw/firmware/src/tt-1xx/ncrisck.cc:69:5: note: in expansion of macro 'DeviceZoneScopedMainChildN'
   69 |     DeviceZoneScopedMainChildN("NCRISC-KERNEL");
      |     ^~~~~~~~~~~~~~~~~~~~~~~~~~
Building ncrisc, compile step:
cd /home/mvasiljevic/.cache/tt-metal-cache/12569132917722018041/kernels/reader_bmm_tile_layout_in0_receiver/8006664361917647778/ncrisc/ && /home/mvasiljevic/tt-metal/runtime/sfpi/compiler/bin/riscv-tt-elf-g++ -O2 -std=c++17 -ftt-nttp -ftt-constinit -ftt-consteval -ftt-no-dyninit -flto=auto -ffast-math -fno-exceptions -fno-rtti -fno-use-cxa-atexit -g -MMD -Wall -Werror -Wno-error=deprecated-declarations -Wno-error=multistatement-macros -Wno-error=parentheses -Wno-error=unused-but-set-variable -Wno-unused-variable -Wno-unused-function -mcpu=tt-bh -fno-tree-loop-distribute-patterns -I. -I.. -I/home/mvasiljevic/tt-metal/ -I/home/mvasiljevic/tt-metal/ttnn -I/home/mvasiljevic/tt-metal/ttnn/cpp -I/home/mvasiljevic/tt-metal/tt_metal -I/home/mvasiljevic/tt-metal/tt_metal/hw/inc -I/home/mvasiljevic/tt-metal/tt_metal/tt-llk/common -I/home/mvasiljevic/tt-metal/tt_metal/hostdevcommon/api -I/home/mvasiljevic/tt-metal/tt_metal/api/ -I/home/mvasiljevic/tt-metal/tt_metal/hw/ckernels/blackhole/metal/common -I/home/mvasiljevic/tt-metal/tt_metal/hw/ckernels/blackhole/metal/llk_io -I/home/mvasiljevic/tt-metal/tt_metal/hw/inc/internal/tt-1xx -I/home/mvasiljevic/tt-metal/tt_metal/hw/inc/internal/tt-1xx/blackhole -I/home/mvasiljevic/tt-metal/tt_metal/hw/inc/internal/tt-1xx/blackhole/blackhole_defines -I/home/mvasiljevic/tt-metal/tt_metal/hw/inc/internal/tt-1xx/blackhole/noc -I/home/mvasiljevic/tt-metal/tt_metal/tt-llk/tt_llk_blackhole/common/inc -I/home/mvasiljevic/tt-metal/tt_metal/tt-llk/tt_llk_blackhole/llk_lib -I/home/mvasiljevic/tt-metal/tt_metal/hw/firmware/src/tt-1xx -I/home/mvasiljevic/tt-metal/ttnn/cpp/ttnn/operations/matmul/device/kernels/dataflow -c -o /home/mvasiljevic/.cache/tt-metal-cache/12569132917722018041/kernels/reader_bmm_tile_layout_in0_receiver/8006664361917647778/ncrisc/ncrisck.5880147012631460308.o /home/mvasiljevic/tt-metal/tt_metal/hw/firmware/src/tt-1xx/ncrisck.cc -MF /home/mvasiljevic/.cache/tt-metal-cache/12569132917722018041/kernels/reader_bmm_tile_layout_in0_receiver/8006664361917647778/ncrisc/ncrisck.5880147012631460308.d -DIS_NOT_POW2_NUM_L1_BANKS=1 -DLOG_BASE_2_OF_NUM_DRAM_BANKS=3 -DNUM_DRAM_BANKS=8 -DNUM_L1_BANKS=110 -DPCIE_NOC_X=19 -DPCIE_NOC_Y=24 -DTENSIX_FIRMWARE -DLOCAL_MEM_EN=0 -DPROFILE_KERNEL=1 -DPROFILER_FULL_HOST_BUFFER_SIZE_PER_RISC=48000 -DPROCESSOR_INDEX=1 -DCOMPILE_FOR_NCRISC -DARCH_BLACKHOLE -DDISPATCH_MESSAGE_ADDR=4290184248 -DKERNEL_BUILD -DFULL_KERNEL_NAME="\"reader_bmm_tile_layout_in0_receiver/8006664361917647778/\"" -DNOC_INDEX='1' -DNOC_MODE='0' -DKERNEL_COMPILE_TIME_ARGS=8,32,1,1,0,1,1,0 -DKERNEL_COMPILE_TIME_ARG_MAP="{\"cb_in0\",0}, "
In file included from /home/mvasiljevic/tt-metal/tt_metal/hw/inc/api/dataflow/dataflow_api.h:27,
                 from /home/mvasiljevic/tt-metal/tt_metal/hw/inc/internal/firmware_common.h:24,
                 from /home/mvasiljevic/tt-metal/tt_metal/hw/firmware/src/tt-1xx/ncrisck.cc:17:
/home/mvasiljevic/tt-metal/tt_metal/tools/profiler/kernel_profiler.hpp: In function 'void kernel_profiler::quick_push()':
/home/mvasiljevic/tt-metal/tt_metal/tools/profiler/kernel_profiler.hpp:25:22: note: '#pragma message: PROFILER-NOC-QUICK-PUSH,/home/mvasiljevic/tt-metal/tt_metal/tools/profiler/kernel_profiler.hpp,395,KERNEL_PROFILER'
   25 | #define DO_PRAGMA(x) _Pragma(#x)
      |                      ^~~~~~~
/home/mvasiljevic/tt-metal/tt_metal/tools/profiler/kernel_profiler.hpp:35:5: note: in expansion of macro 'DO_PRAGMA'
   35 |     DO_PRAGMA(message(PROFILER_MSG_NAME(name))); \
      |     ^~~~~~~~~
/home/mvasiljevic/tt-metal/tt_metal/tools/profiler/kernel_profiler.hpp:395:5: note: in expansion of macro 'SrcLocNameToHash'
  395 |     SrcLocNameToHash("PROFILER-NOC-QUICK-PUSH");
      |     ^~~~~~~~~~~~~~~~
/home/mvasiljevic/tt-metal/tt_metal/hw/firmware/src/tt-1xx/ncrisck.cc: In function 'uint32_t _start()':
/home/mvasiljevic/tt-metal/tt_metal/tools/profiler/kernel_profiler.hpp:25:22: note: '#pragma message: NCRISC-KERNEL,/home/mvasiljevic/tt-metal/tt_metal/hw/firmware/src/tt-1xx/ncrisck.cc,69,KERNEL_PROFILER'
   25 | #define DO_PRAGMA(x) _Pragma(#x)
      |                      ^~~~~~~
/home/mvasiljevic/tt-metal/tt_metal/tools/profiler/kernel_profiler.hpp:702:5: note: in expansion of macro 'DO_PRAGMA'
  702 |     DO_PRAGMA(message(PROFILER_MSG_NAME(name)));                               \
      |     ^~~~~~~~~
/home/mvasiljevic/tt-metal/tt_metal/hw/firmware/src/tt-1xx/ncrisck.cc:69:5: note: in expansion of macro 'DeviceZoneScopedMainChildN'
   69 |     DeviceZoneScopedMainChildN("NCRISC-KERNEL");
      |     ^~~~~~~~~~~~~~~~~~~~~~~~~~
Building trisc2, compile step:
cd /home/mvasiljevic/.cache/tt-metal-cache/12569132917722018041/kernels/bmm_large_block_zm_fused_bias_activation/13619820825632786441/trisc2/ && /home/mvasiljevic/tt-metal/runtime/sfpi/compiler/bin/riscv-tt-elf-g++ -O3 -std=c++17 -ftt-nttp -ftt-constinit -ftt-consteval -ftt-no-dyninit -flto=auto -ffast-math -fno-exceptions -fno-rtti -fno-use-cxa-atexit -g -MMD -Wall -Werror -Wno-error=deprecated-declarations -Wno-error=multistatement-macros -Wno-error=parentheses -Wno-error=unused-but-set-variable -Wno-unused-variable -Wno-unused-function -mcpu=tt-bh-tensix -I. -I.. -I/home/mvasiljevic/tt-metal/ -I/home/mvasiljevic/tt-metal/ttnn -I/home/mvasiljevic/tt-metal/ttnn/cpp -I/home/mvasiljevic/tt-metal/tt_metal -I/home/mvasiljevic/tt-metal/tt_metal/hw/inc -I/home/mvasiljevic/tt-metal/tt_metal/tt-llk/common -I/home/mvasiljevic/tt-metal/tt_metal/hostdevcommon/api -I/home/mvasiljevic/tt-metal/tt_metal/api/ -I/home/mvasiljevic/tt-metal/runtime/sfpi/include -I/home/mvasiljevic/tt-metal/tt_metal/hw/ckernels/blackhole/metal/common -I/home/mvasiljevic/tt-metal/tt_metal/hw/ckernels/blackhole/metal/llk_io -I/home/mvasiljevic/tt-metal/tt_metal/hw/inc/internal/tt-1xx -I/home/mvasiljevic/tt-metal/tt_metal/hw/inc/internal/tt-1xx/blackhole -I/home/mvasiljevic/tt-metal/tt_metal/hw/inc/internal/tt-1xx/blackhole/blackhole_defines -I/home/mvasiljevic/tt-metal/tt_metal/hw/inc/internal/tt-1xx/blackhole/noc -I/home/mvasiljevic/tt-metal/tt_metal/tt-llk/tt_llk_blackhole/common/inc -I/home/mvasiljevic/tt-metal/tt_metal/tt-llk/tt_llk_blackhole/llk_lib -I/home/mvasiljevic/tt-metal/tt_metal/hw/ckernels/blackhole/metal/llk_api -I/home/mvasiljevic/tt-metal/tt_metal/hw/ckernels/blackhole/metal/llk_api/llk_sfpu -I/home/mvasiljevic/tt-metal/tt_metal/hw/firmware/src/tt-1xx -I/home/mvasiljevic/tt-metal/ttnn/cpp/ttnn/operations/matmul/device/kernels/compute -c -o /home/mvasiljevic/.cache/tt-metal-cache/12569132917722018041/kernels/bmm_large_block_zm_fused_bias_activation/13619820825632786441/trisc2/trisck.5880147012631460308.o /home/mvasiljevic/tt-metal/tt_metal/hw/firmware/src/tt-1xx/trisck.cc -MF /home/mvasiljevic/.cache/tt-metal-cache/12569132917722018041/kernels/bmm_large_block_zm_fused_bias_activation/13619820825632786441/trisc2/trisck.5880147012631460308.d -DIS_NOT_POW2_NUM_L1_BANKS=1 -DLOG_BASE_2_OF_NUM_DRAM_BANKS=3 -DNUM_DRAM_BANKS=8 -DNUM_L1_BANKS=110 -DPCIE_NOC_X=19 -DPCIE_NOC_Y=24 -DTENSIX_FIRMWARE -DLOCAL_MEM_EN=0 -DPROFILE_KERNEL=1 -DPROFILER_FULL_HOST_BUFFER_SIZE_PER_RISC=48000 -DPROCESSOR_INDEX=4 -DUCK_CHLKC_PACK -DCOMPILE_FOR_TRISC=2 -DARCH_BLACKHOLE -DDISPATCH_MESSAGE_ADDR=4290184248 -DKERNEL_BUILD -DFULL_KERNEL_NAME="\"bmm_large_block_zm_fused_bias_activation/13619820825632786441/\"" -DKERNEL_COMPILE_TIME_ARGS=2,1,8,8,1,4,2,32,1,1,4,2,8,1,8,0,0,0 -DKERNEL_COMPILE_TIME_ARG_MAP="{\"bias_ntiles\",2}, {\"cb_intermed0\",5}, {\"cb_out\",4}, {\"cb_in0_transposed\",10}, {\"cb_bias\",3}, {\"cb_in1\",1}, {\"cb_in0\",0}, "
In file included from /home/mvasiljevic/tt-metal/tt_metal/hw/ckernels/blackhole/metal/llk_io/llk_io_pack.h:14,
                 from /home/mvasiljevic/tt-metal/tt_metal/hw/inc/api/compute/cb_api.h:12,
                 from /home/mvasiljevic/tt-metal/tt_metal/hw/inc/api/compute/common.h:11,
                 from /home/mvasiljevic/tt-metal/tt_metal/hw/inc/api/compute/matmul.h:7,
                 from /home/mvasiljevic/tt-metal/ttnn/cpp/ttnn/operations/matmul/device/kernels/compute/bmm_large_block_zm_fused_bias_activation.cpp:7,
                 from ../chlkc_pack.cpp:3,
                 from /home/mvasiljevic/tt-metal/tt_metal/hw/ckernels/blackhole/metal/common/chlkc_list.h:21,
                 from /home/mvasiljevic/tt-metal/tt_metal/hw/firmware/src/tt-1xx/trisck.cc:13:
/home/mvasiljevic/tt-metal/tt_metal/hw/ckernels/blackhole/metal/llk_io/llk_io_pack.h: In function 'void llk_wait_for_free_tiles(int32_t, int32_t)':
/home/mvasiljevic/tt-metal/tt_metal/tools/profiler/kernel_profiler.hpp:25:22: note: '#pragma message: CB-COMPUTE-RESERVE-BACK,/home/mvasiljevic/tt-metal/tt_metal/hw/ckernels/blackhole/metal/llk_io/llk_io_pack.h,21,KERNEL_PROFILER'
   25 | #define DO_PRAGMA(x) _Pragma(#x)
      |                      ^~~~~~~
/home/mvasiljevic/tt-metal/tt_metal/tools/profiler/kernel_profiler.hpp:712:5: note: in expansion of macro 'DO_PRAGMA'
  712 |     DO_PRAGMA(message(PROFILER_MSG_NAME(name)));                               \
      |     ^~~~~~~~~
/home/mvasiljevic/tt-metal/tt_metal/hw/ckernels/blackhole/metal/llk_io/llk_io_pack.h:21:5: note: in expansion of macro 'DeviceZoneScopedSumN2'
   21 |     DeviceZoneScopedSumN2("CB-COMPUTE-RESERVE-BACK");
      |     ^~~~~~~~~~~~~~~~~~~~~
/home/mvasiljevic/tt-metal/tt_metal/hw/firmware/src/tt-1xx/trisck.cc: In function 'uint32_t _start()':
/home/mvasiljevic/tt-metal/tt_metal/tools/profiler/kernel_profiler.hpp:25:22: note: '#pragma message: TRISC-KERNEL,/home/mvasiljevic/tt-metal/tt_metal/hw/firmware/src/tt-1xx/trisck.cc,86,KERNEL_PROFILER'
   25 | #define DO_PRAGMA(x) _Pragma(#x)
      |                      ^~~~~~~
/home/mvasiljevic/tt-metal/tt_metal/tools/profiler/kernel_profiler.hpp:702:5: note: in expansion of macro 'DO_PRAGMA'
  702 |     DO_PRAGMA(message(PROFILER_MSG_NAME(name)));                               \
      |     ^~~~~~~~~
/home/mvasiljevic/tt-metal/tt_metal/hw/firmware/src/tt-1xx/trisck.cc:86:5: note: in expansion of macro 'DeviceZoneScopedMainChildN'
   86 |     DeviceZoneScopedMainChildN("TRISC-KERNEL");
      |     ^~~~~~~~~~~~~~~~~~~~~~~~~~
Building trisc0, compile step:
cd /home/mvasiljevic/.cache/tt-metal-cache/12569132917722018041/kernels/bmm_large_block_zm_fused_bias_activation/13619820825632786441/trisc0/ && /home/mvasiljevic/tt-metal/runtime/sfpi/compiler/bin/riscv-tt-elf-g++ -O3 -std=c++17 -ftt-nttp -ftt-constinit -ftt-consteval -ftt-no-dyninit -flto=auto -ffast-math -fno-exceptions -fno-rtti -fno-use-cxa-atexit -g -MMD -Wall -Werror -Wno-error=deprecated-declarations -Wno-error=multistatement-macros -Wno-error=parentheses -Wno-error=unused-but-set-variable -Wno-unused-variable -Wno-unused-function -mcpu=tt-bh-tensix -I. -I.. -I/home/mvasiljevic/tt-metal/ -I/home/mvasiljevic/tt-metal/ttnn -I/home/mvasiljevic/tt-metal/ttnn/cpp -I/home/mvasiljevic/tt-metal/tt_metal -I/home/mvasiljevic/tt-metal/tt_metal/hw/inc -I/home/mvasiljevic/tt-metal/tt_metal/tt-llk/common -I/home/mvasiljevic/tt-metal/tt_metal/hostdevcommon/api -I/home/mvasiljevic/tt-metal/tt_metal/api/ -I/home/mvasiljevic/tt-metal/runtime/sfpi/include -I/home/mvasiljevic/tt-metal/tt_metal/hw/ckernels/blackhole/metal/common -I/home/mvasiljevic/tt-metal/tt_metal/hw/ckernels/blackhole/metal/llk_io -I/home/mvasiljevic/tt-metal/tt_metal/hw/inc/internal/tt-1xx -I/home/mvasiljevic/tt-metal/tt_metal/hw/inc/internal/tt-1xx/blackhole -I/home/mvasiljevic/tt-metal/tt_metal/hw/inc/internal/tt-1xx/blackhole/blackhole_defines -I/home/mvasiljevic/tt-metal/tt_metal/hw/inc/internal/tt-1xx/blackhole/noc -I/home/mvasiljevic/tt-metal/tt_metal/tt-llk/tt_llk_blackhole/common/inc -I/home/mvasiljevic/tt-metal/tt_metal/tt-llk/tt_llk_blackhole/llk_lib -I/home/mvasiljevic/tt-metal/tt_metal/hw/ckernels/blackhole/metal/llk_api -I/home/mvasiljevic/tt-metal/tt_metal/hw/ckernels/blackhole/metal/llk_api/llk_sfpu -I/home/mvasiljevic/tt-metal/tt_metal/hw/firmware/src/tt-1xx -I/home/mvasiljevic/tt-metal/ttnn/cpp/ttnn/operations/matmul/device/kernels/compute -c -o /home/mvasiljevic/.cache/tt-metal-cache/12569132917722018041/kernels/bmm_large_block_zm_fused_bias_activation/13619820825632786441/trisc0/trisck.5880147012631460308.o /home/mvasiljevic/tt-metal/tt_metal/hw/firmware/src/tt-1xx/trisck.cc -MF /home/mvasiljevic/.cache/tt-metal-cache/12569132917722018041/kernels/bmm_large_block_zm_fused_bias_activation/13619820825632786441/trisc0/trisck.5880147012631460308.d -DIS_NOT_POW2_NUM_L1_BANKS=1 -DLOG_BASE_2_OF_NUM_DRAM_BANKS=3 -DNUM_DRAM_BANKS=8 -DNUM_L1_BANKS=110 -DPCIE_NOC_X=19 -DPCIE_NOC_Y=24 -DTENSIX_FIRMWARE -DLOCAL_MEM_EN=0 -DPROFILE_KERNEL=1 -DPROFILER_FULL_HOST_BUFFER_SIZE_PER_RISC=48000 -DPROCESSOR_INDEX=2 -DUCK_CHLKC_UNPACK -DCOMPILE_FOR_TRISC=0 -DARCH_BLACKHOLE -DDISPATCH_MESSAGE_ADDR=4290184248 -DKERNEL_BUILD -DFULL_KERNEL_NAME="\"bmm_large_block_zm_fused_bias_activation/13619820825632786441/\"" -DKERNEL_COMPILE_TIME_ARGS=2,1,8,8,1,4,2,32,1,1,4,2,8,1,8,0,0,0 -DKERNEL_COMPILE_TIME_ARG_MAP="{\"bias_ntiles\",2}, {\"cb_intermed0\",5}, {\"cb_out\",4}, {\"cb_in0_transposed\",10}, {\"cb_bias\",3}, {\"cb_in1\",1}, {\"cb_in0\",0}, "
In file included from /home/mvasiljevic/tt-metal/tt_metal/hw/ckernels/blackhole/metal/llk_io/llk_io_unpack.h:13,
                 from /home/mvasiljevic/tt-metal/tt_metal/hw/inc/api/compute/cb_api.h:15,
                 from /home/mvasiljevic/tt-metal/tt_metal/hw/inc/api/compute/common.h:11,
                 from /home/mvasiljevic/tt-metal/tt_metal/hw/inc/api/compute/matmul.h:7,
                 from /home/mvasiljevic/tt-metal/ttnn/cpp/ttnn/operations/matmul/device/kernels/compute/bmm_large_block_zm_fused_bias_activation.cpp:7,
                 from ../chlkc_unpack.cpp:3,
                 from /home/mvasiljevic/tt-metal/tt_metal/hw/ckernels/blackhole/metal/common/chlkc_list.h:26,
                 from /home/mvasiljevic/tt-metal/tt_metal/hw/firmware/src/tt-1xx/trisck.cc:13:
/home/mvasiljevic/tt-metal/tt_metal/hw/ckernels/blackhole/metal/llk_io/llk_io_unpack.h: In function 'void llk_wait_tiles(int, int32_t)':
/home/mvasiljevic/tt-metal/tt_metal/tools/profiler/kernel_profiler.hpp:25:22: note: '#pragma message: CB-COMPUTE-WAIT-FRONT,/home/mvasiljevic/tt-metal/tt_metal/hw/ckernels/blackhole/metal/llk_io/llk_io_unpack.h,19,KERNEL_PROFILER'
   25 | #define DO_PRAGMA(x) _Pragma(#x)
      |                      ^~~~~~~
/home/mvasiljevic/tt-metal/tt_metal/tools/profiler/kernel_profiler.hpp:707:5: note: in expansion of macro 'DO_PRAGMA'
  707 |     DO_PRAGMA(message(PROFILER_MSG_NAME(name)));                               \
      |     ^~~~~~~~~
/home/mvasiljevic/tt-metal/tt_metal/hw/ckernels/blackhole/metal/llk_io/llk_io_unpack.h:19:5: note: in expansion of macro 'DeviceZoneScopedSumN1'
   19 |     DeviceZoneScopedSumN1("CB-COMPUTE-WAIT-FRONT");
      |     ^~~~~~~~~~~~~~~~~~~~~
/home/mvasiljevic/tt-metal/tt_metal/hw/firmware/src/tt-1xx/trisck.cc: In function 'uint32_t _start()':
/home/mvasiljevic/tt-metal/tt_metal/tools/profiler/kernel_profiler.hpp:25:22: note: '#pragma message: TRISC-KERNEL,/home/mvasiljevic/tt-metal/tt_metal/hw/firmware/src/tt-1xx/trisck.cc,86,KERNEL_PROFILER'
   25 | #define DO_PRAGMA(x) _Pragma(#x)
      |                      ^~~~~~~
/home/mvasiljevic/tt-metal/tt_metal/tools/profiler/kernel_profiler.hpp:702:5: note: in expansion of macro 'DO_PRAGMA'
  702 |     DO_PRAGMA(message(PROFILER_MSG_NAME(name)));                               \
      |     ^~~~~~~~~
/home/mvasiljevic/tt-metal/tt_metal/hw/firmware/src/tt-1xx/trisck.cc:86:5: note: in expansion of macro 'DeviceZoneScopedMainChildN'
   86 |     DeviceZoneScopedMainChildN("TRISC-KERNEL");
      |     ^~~~~~~~~~~~~~~~~~~~~~~~~~
Building brisc, compile step:
cd /home/mvasiljevic/.cache/tt-metal-cache/12569132917722018041/kernels/reader_bmm_tile_layout_in1_sender_writer_padding/15516044502111548640/brisc/ && /home/mvasiljevic/tt-metal/runtime/sfpi/compiler/bin/riscv-tt-elf-g++ -O2 -std=c++17 -ftt-nttp -ftt-constinit -ftt-consteval -ftt-no-dyninit -flto=auto -ffast-math -fno-exceptions -fno-rtti -fno-use-cxa-atexit -g -MMD -Wall -Werror -Wno-error=deprecated-declarations -Wno-error=multistatement-macros -Wno-error=parentheses -Wno-error=unused-but-set-variable -Wno-unused-variable -Wno-unused-function -mcpu=tt-bh -fno-tree-loop-distribute-patterns -I. -I.. -I/home/mvasiljevic/tt-metal/ -I/home/mvasiljevic/tt-metal/ttnn -I/home/mvasiljevic/tt-metal/ttnn/cpp -I/home/mvasiljevic/tt-metal/tt_metal -I/home/mvasiljevic/tt-metal/tt_metal/hw/inc -I/home/mvasiljevic/tt-metal/tt_metal/tt-llk/common -I/home/mvasiljevic/tt-metal/tt_metal/hostdevcommon/api -I/home/mvasiljevic/tt-metal/tt_metal/api/ -I/home/mvasiljevic/tt-metal/tt_metal/hw/ckernels/blackhole/metal/common -I/home/mvasiljevic/tt-metal/tt_metal/hw/ckernels/blackhole/metal/llk_io -I/home/mvasiljevic/tt-metal/tt_metal/hw/inc/internal/tt-1xx -I/home/mvasiljevic/tt-metal/tt_metal/hw/inc/internal/tt-1xx/blackhole -I/home/mvasiljevic/tt-metal/tt_metal/hw/inc/internal/tt-1xx/blackhole/blackhole_defines -I/home/mvasiljevic/tt-metal/tt_metal/hw/inc/internal/tt-1xx/blackhole/noc -I/home/mvasiljevic/tt-metal/tt_metal/tt-llk/tt_llk_blackhole/common/inc -I/home/mvasiljevic/tt-metal/tt_metal/tt-llk/tt_llk_blackhole/llk_lib -I/home/mvasiljevic/tt-metal/tt_metal/hw/firmware/src/tt-1xx -I/home/mvasiljevic/tt-metal/ttnn/cpp/ttnn/operations/matmul/device/kernels/dataflow -c -o /home/mvasiljevic/.cache/tt-metal-cache/12569132917722018041/kernels/reader_bmm_tile_layout_in1_sender_writer_padding/15516044502111548640/brisc/brisck.5880147012631460308.o /home/mvasiljevic/tt-metal/tt_metal/hw/firmware/src/tt-1xx/brisck.cc -MF /home/mvasiljevic/.cache/tt-metal-cache/12569132917722018041/kernels/reader_bmm_tile_layout_in1_sender_writer_padding/15516044502111548640/brisc/brisck.5880147012631460308.d -DIS_NOT_POW2_NUM_L1_BANKS=1 -DLOG_BASE_2_OF_NUM_DRAM_BANKS=3 -DNUM_DRAM_BANKS=8 -DNUM_L1_BANKS=110 -DPCIE_NOC_X=19 -DPCIE_NOC_Y=24 -DTENSIX_FIRMWARE -DLOCAL_MEM_EN=0 -DPROFILE_KERNEL=1 -DPROFILER_FULL_HOST_BUFFER_SIZE_PER_RISC=48000 -DPROCESSOR_INDEX=0 -DCOMPILE_FOR_BRISC -DARCH_BLACKHOLE -DDISPATCH_MESSAGE_ADDR=4290184248 -DKERNEL_BUILD -DFULL_KERNEL_NAME="\"reader_bmm_tile_layout_in1_sender_writer_padding/15516044502111548640/\"" -DSKIP_MCAST='1' -DNOC_INDEX='0' -DNOC_MODE='0' -DKERNEL_COMPILE_TIME_ARGS=1,160,320,2,2,2,4,32,1,1,0,0,0,0,10240,1,1,0,0,1,160,2,640,2,640,2,4,8,640,0,0,0,2,2048,0,0,2,2048 -DKERNEL_COMPILE_TIME_ARG_MAP="{\"cb_sparsity\",7}, {\"cb_out\",4}, {\"cb_bias\",3}, {\"cb_in1\",1}, "
In file included from /home/mvasiljevic/tt-metal/tt_metal/hw/inc/api/dataflow/dataflow_api.h:27,
                 from /home/mvasiljevic/tt-metal/tt_metal/hw/inc/internal/firmware_common.h:24,
                 from /home/mvasiljevic/tt-metal/tt_metal/hw/firmware/src/tt-1xx/brisck.cc:17:
/home/mvasiljevic/tt-metal/tt_metal/tools/profiler/kernel_profiler.hpp: In function 'void kernel_profiler::quick_push()':
/home/mvasiljevic/tt-metal/tt_metal/tools/profiler/kernel_profiler.hpp:25:22: note: '#pragma message: PROFILER-NOC-QUICK-PUSH,/home/mvasiljevic/tt-metal/tt_metal/tools/profiler/kernel_profiler.hpp,395,KERNEL_PROFILER'
   25 | #define DO_PRAGMA(x) _Pragma(#x)
      |                      ^~~~~~~
/home/mvasiljevic/tt-metal/tt_metal/tools/profiler/kernel_profiler.hpp:35:5: note: in expansion of macro 'DO_PRAGMA'
   35 |     DO_PRAGMA(message(PROFILER_MSG_NAME(name))); \
      |     ^~~~~~~~~
/home/mvasiljevic/tt-metal/tt_metal/tools/profiler/kernel_profiler.hpp:395:5: note: in expansion of macro 'SrcLocNameToHash'
  395 |     SrcLocNameToHash("PROFILER-NOC-QUICK-PUSH");
      |     ^~~~~~~~~~~~~~~~
/home/mvasiljevic/tt-metal/tt_metal/hw/firmware/src/tt-1xx/brisck.cc: In function 'uint32_t _start()':
/home/mvasiljevic/tt-metal/tt_metal/tools/profiler/kernel_profiler.hpp:25:22: note: '#pragma message: BRISC-KERNEL,/home/mvasiljevic/tt-metal/tt_metal/hw/firmware/src/tt-1xx/brisck.cc,77,KERNEL_PROFILER'
   25 | #define DO_PRAGMA(x) _Pragma(#x)
      |                      ^~~~~~~
/home/mvasiljevic/tt-metal/tt_metal/tools/profiler/kernel_profiler.hpp:702:5: note: in expansion of macro 'DO_PRAGMA'
  702 |     DO_PRAGMA(message(PROFILER_MSG_NAME(name)));                               \
      |     ^~~~~~~~~
/home/mvasiljevic/tt-metal/tt_metal/hw/firmware/src/tt-1xx/brisck.cc:77:9: note: in expansion of macro 'DeviceZoneScopedMainChildN'
   77 |         DeviceZoneScopedMainChildN("BRISC-KERNEL");
      |         ^~~~~~~~~~~~~~~~~~~~~~~~~~
Building trisc1, compile step:
cd /home/mvasiljevic/.cache/tt-metal-cache/12569132917722018041/kernels/bmm_large_block_zm_fused_bias_activation/13619820825632786441/trisc1/ && /home/mvasiljevic/tt-metal/runtime/sfpi/compiler/bin/riscv-tt-elf-g++ -O3 -std=c++17 -ftt-nttp -ftt-constinit -ftt-consteval -ftt-no-dyninit -flto=auto -ffast-math -fno-exceptions -fno-rtti -fno-use-cxa-atexit -g -MMD -Wall -Werror -Wno-error=deprecated-declarations -Wno-error=multistatement-macros -Wno-error=parentheses -Wno-error=unused-but-set-variable -Wno-unused-variable -Wno-unused-function -mcpu=tt-bh-tensix -I. -I.. -I/home/mvasiljevic/tt-metal/ -I/home/mvasiljevic/tt-metal/ttnn -I/home/mvasiljevic/tt-metal/ttnn/cpp -I/home/mvasiljevic/tt-metal/tt_metal -I/home/mvasiljevic/tt-metal/tt_metal/hw/inc -I/home/mvasiljevic/tt-metal/tt_metal/tt-llk/common -I/home/mvasiljevic/tt-metal/tt_metal/hostdevcommon/api -I/home/mvasiljevic/tt-metal/tt_metal/api/ -I/home/mvasiljevic/tt-metal/runtime/sfpi/include -I/home/mvasiljevic/tt-metal/tt_metal/hw/ckernels/blackhole/metal/common -I/home/mvasiljevic/tt-metal/tt_metal/hw/ckernels/blackhole/metal/llk_io -I/home/mvasiljevic/tt-metal/tt_metal/hw/inc/internal/tt-1xx -I/home/mvasiljevic/tt-metal/tt_metal/hw/inc/internal/tt-1xx/blackhole -I/home/mvasiljevic/tt-metal/tt_metal/hw/inc/internal/tt-1xx/blackhole/blackhole_defines -I/home/mvasiljevic/tt-metal/tt_metal/hw/inc/internal/tt-1xx/blackhole/noc -I/home/mvasiljevic/tt-metal/tt_metal/tt-llk/tt_llk_blackhole/common/inc -I/home/mvasiljevic/tt-metal/tt_metal/tt-llk/tt_llk_blackhole/llk_lib -I/home/mvasiljevic/tt-metal/tt_metal/hw/ckernels/blackhole/metal/llk_api -I/home/mvasiljevic/tt-metal/tt_metal/hw/ckernels/blackhole/metal/llk_api/llk_sfpu -I/home/mvasiljevic/tt-metal/tt_metal/hw/firmware/src/tt-1xx -I/home/mvasiljevic/tt-metal/ttnn/cpp/ttnn/operations/matmul/device/kernels/compute -c -o /home/mvasiljevic/.cache/tt-metal-cache/12569132917722018041/kernels/bmm_large_block_zm_fused_bias_activation/13619820825632786441/trisc1/trisck.5880147012631460308.o /home/mvasiljevic/tt-metal/tt_metal/hw/firmware/src/tt-1xx/trisck.cc -MF /home/mvasiljevic/.cache/tt-metal-cache/12569132917722018041/kernels/bmm_large_block_zm_fused_bias_activation/13619820825632786441/trisc1/trisck.5880147012631460308.d -DIS_NOT_POW2_NUM_L1_BANKS=1 -DLOG_BASE_2_OF_NUM_DRAM_BANKS=3 -DNUM_DRAM_BANKS=8 -DNUM_L1_BANKS=110 -DPCIE_NOC_X=19 -DPCIE_NOC_Y=24 -DTENSIX_FIRMWARE -DLOCAL_MEM_EN=0 -DPROFILE_KERNEL=1 -DPROFILER_FULL_HOST_BUFFER_SIZE_PER_RISC=48000 -DPROCESSOR_INDEX=3 -DUCK_CHLKC_MATH -DCOMPILE_FOR_TRISC=1 -DARCH_BLACKHOLE -DDISPATCH_MESSAGE_ADDR=4290184248 -DKERNEL_BUILD -DFULL_KERNEL_NAME="\"bmm_large_block_zm_fused_bias_activation/13619820825632786441/\"" -DKERNEL_COMPILE_TIME_ARGS=2,1,8,8,1,4,2,32,1,1,4,2,8,1,8,0,0,0 -DKERNEL_COMPILE_TIME_ARG_MAP="{\"bias_ntiles\",2}, {\"cb_intermed0\",5}, {\"cb_out\",4}, {\"cb_in0_transposed\",10}, {\"cb_bias\",3}, {\"cb_in1\",1}, {\"cb_in0\",0}, "
In file included from /home/mvasiljevic/tt-metal/tt_metal/hw/firmware/src/tt-1xx/trisck.cc:15:
/home/mvasiljevic/tt-metal/tt_metal/hw/firmware/src/tt-1xx/trisck.cc: In function 'uint32_t _start()':
/home/mvasiljevic/tt-metal/tt_metal/tools/profiler/kernel_profiler.hpp:25:22: note: '#pragma message: TRISC-KERNEL,/home/mvasiljevic/tt-metal/tt_metal/hw/firmware/src/tt-1xx/trisck.cc,86,KERNEL_PROFILER'
   25 | #define DO_PRAGMA(x) _Pragma(#x)
      |                      ^~~~~~~
/home/mvasiljevic/tt-metal/tt_metal/tools/profiler/kernel_profiler.hpp:702:5: note: in expansion of macro 'DO_PRAGMA'
  702 |     DO_PRAGMA(message(PROFILER_MSG_NAME(name)));                               \
      |     ^~~~~~~~~
/home/mvasiljevic/tt-metal/tt_metal/hw/firmware/src/tt-1xx/trisck.cc:86:5: note: in expansion of macro 'DeviceZoneScopedMainChildN'
   86 |     DeviceZoneScopedMainChildN("TRISC-KERNEL");
      |     ^~~~~~~~~~~~~~~~~~~~~~~~~~
Building ncrisc, compile step:
cd /home/mvasiljevic/.cache/tt-metal-cache/12569132917722018041/kernels/reader_bmm_tile_layout_in0_sender_padding/16160090226343344771/ncrisc/ && /home/mvasiljevic/tt-metal/runtime/sfpi/compiler/bin/riscv-tt-elf-g++ -O2 -std=c++17 -ftt-nttp -ftt-constinit -ftt-consteval -ftt-no-dyninit -flto=auto -ffast-math -fno-exceptions -fno-rtti -fno-use-cxa-atexit -g -MMD -Wall -Werror -Wno-error=deprecated-declarations -Wno-error=multistatement-macros -Wno-error=parentheses -Wno-error=unused-but-set-variable -Wno-unused-variable -Wno-unused-function -mcpu=tt-bh -fno-tree-loop-distribute-patterns -I. -I.. -I/home/mvasiljevic/tt-metal/ -I/home/mvasiljevic/tt-metal/ttnn -I/home/mvasiljevic/tt-metal/ttnn/cpp -I/home/mvasiljevic/tt-metal/tt_metal -I/home/mvasiljevic/tt-metal/tt_metal/hw/inc -I/home/mvasiljevic/tt-metal/tt_metal/tt-llk/common -I/home/mvasiljevic/tt-metal/tt_metal/hostdevcommon/api -I/home/mvasiljevic/tt-metal/tt_metal/api/ -I/home/mvasiljevic/tt-metal/tt_metal/hw/ckernels/blackhole/metal/common -I/home/mvasiljevic/tt-metal/tt_metal/hw/ckernels/blackhole/metal/llk_io -I/home/mvasiljevic/tt-metal/tt_metal/hw/inc/internal/tt-1xx -I/home/mvasiljevic/tt-metal/tt_metal/hw/inc/internal/tt-1xx/blackhole -I/home/mvasiljevic/tt-metal/tt_metal/hw/inc/internal/tt-1xx/blackhole/blackhole_defines -I/home/mvasiljevic/tt-metal/tt_metal/hw/inc/internal/tt-1xx/blackhole/noc -I/home/mvasiljevic/tt-metal/tt_metal/tt-llk/tt_llk_blackhole/common/inc -I/home/mvasiljevic/tt-metal/tt_metal/tt-llk/tt_llk_blackhole/llk_lib -I/home/mvasiljevic/tt-metal/tt_metal/hw/firmware/src/tt-1xx -I/home/mvasiljevic/tt-metal/ttnn/cpp/ttnn/operations/matmul/device/kernels/dataflow -c -o /home/mvasiljevic/.cache/tt-metal-cache/12569132917722018041/kernels/reader_bmm_tile_layout_in0_sender_padding/16160090226343344771/ncrisc/ncrisck.5880147012631460308.o /home/mvasiljevic/tt-metal/tt_metal/hw/firmware/src/tt-1xx/ncrisck.cc -MF /home/mvasiljevic/.cache/tt-metal-cache/12569132917722018041/kernels/reader_bmm_tile_layout_in0_sender_padding/16160090226343344771/ncrisc/ncrisck.5880147012631460308.d -DIS_NOT_POW2_NUM_L1_BANKS=1 -DLOG_BASE_2_OF_NUM_DRAM_BANKS=3 -DNUM_DRAM_BANKS=8 -DNUM_L1_BANKS=110 -DPCIE_NOC_X=19 -DPCIE_NOC_Y=24 -DTENSIX_FIRMWARE -DLOCAL_MEM_EN=0 -DPROFILE_KERNEL=1 -DPROFILER_FULL_HOST_BUFFER_SIZE_PER_RISC=48000 -DPROCESSOR_INDEX=1 -DCOMPILE_FOR_NCRISC -DARCH_BLACKHOLE -DDISPATCH_MESSAGE_ADDR=4290184248 -DKERNEL_BUILD -DFULL_KERNEL_NAME="\"reader_bmm_tile_layout_in0_sender_padding/16160090226343344771/\"" -DNOC_INDEX='1' -DNOC_MODE='0' -DKERNEL_COMPILE_TIME_ARGS=1,64,2,256,2,4,8,0,0,0,0,0,32,1,1,0,1,79,87,256,1,1,0,0,0,1,0,0,2,2048,0,0,0 -DKERNEL_COMPILE_TIME_ARG_MAP="{\"cb_sparsity\",6}, {\"cb_in0_sharded\",2}, {\"cb_in0\",0}, "
In file included from /home/mvasiljevic/tt-metal/tt_metal/hw/inc/api/dataflow/dataflow_api.h:27,
                 from /home/mvasiljevic/tt-metal/tt_metal/hw/inc/internal/firmware_common.h:24,
                 from /home/mvasiljevic/tt-metal/tt_metal/hw/firmware/src/tt-1xx/ncrisck.cc:17:
/home/mvasiljevic/tt-metal/tt_metal/tools/profiler/kernel_profiler.hpp: In function 'void kernel_profiler::quick_push()':
/home/mvasiljevic/tt-metal/tt_metal/tools/profiler/kernel_profiler.hpp:25:22: note: '#pragma message: PROFILER-NOC-QUICK-PUSH,/home/mvasiljevic/tt-metal/tt_metal/tools/profiler/kernel_profiler.hpp,395,KERNEL_PROFILER'
   25 | #define DO_PRAGMA(x) _Pragma(#x)
      |                      ^~~~~~~
/home/mvasiljevic/tt-metal/tt_metal/tools/profiler/kernel_profiler.hpp:35:5: note: in expansion of macro 'DO_PRAGMA'
   35 |     DO_PRAGMA(message(PROFILER_MSG_NAME(name))); \
      |     ^~~~~~~~~
/home/mvasiljevic/tt-metal/tt_metal/tools/profiler/kernel_profiler.hpp:395:5: note: in expansion of macro 'SrcLocNameToHash'
  395 |     SrcLocNameToHash("PROFILER-NOC-QUICK-PUSH");
      |     ^~~~~~~~~~~~~~~~
/home/mvasiljevic/tt-metal/tt_metal/hw/firmware/src/tt-1xx/ncrisck.cc: In function 'uint32_t _start()':
/home/mvasiljevic/tt-metal/tt_metal/tools/profiler/kernel_profiler.hpp:25:22: note: '#pragma message: NCRISC-KERNEL,/home/mvasiljevic/tt-metal/tt_metal/hw/firmware/src/tt-1xx/ncrisck.cc,69,KERNEL_PROFILER'
   25 | #define DO_PRAGMA(x) _Pragma(#x)
      |                      ^~~~~~~
/home/mvasiljevic/tt-metal/tt_metal/tools/profiler/kernel_profiler.hpp:702:5: note: in expansion of macro 'DO_PRAGMA'
  702 |     DO_PRAGMA(message(PROFILER_MSG_NAME(name)));                               \
      |     ^~~~~~~~~
/home/mvasiljevic/tt-metal/tt_metal/hw/firmware/src/tt-1xx/ncrisck.cc:69:5: note: in expansion of macro 'DeviceZoneScopedMainChildN'
   69 |     DeviceZoneScopedMainChildN("NCRISC-KERNEL");
      |     ^~~~~~~~~~~~~~~~~~~~~~~~~~
Building ncrisc, compile step:
cd /home/mvasiljevic/.cache/tt-metal-cache/12569132917722018041/kernels/reader_tm_tile_layout_nlp_create_qkv_heads/17529215431507550100/ncrisc/ && /home/mvasiljevic/tt-metal/runtime/sfpi/compiler/bin/riscv-tt-elf-g++ -O2 -std=c++17 -ftt-nttp -ftt-constinit -ftt-consteval -ftt-no-dyninit -flto=auto -ffast-math -fno-exceptions -fno-rtti -fno-use-cxa-atexit -g -MMD -Wall -Werror -Wno-error=deprecated-declarations -Wno-error=multistatement-macros -Wno-error=parentheses -Wno-error=unused-but-set-variable -Wno-unused-variable -Wno-unused-function -mcpu=tt-bh -fno-tree-loop-distribute-patterns -I. -I.. -I/home/mvasiljevic/tt-metal/ -I/home/mvasiljevic/tt-metal/ttnn -I/home/mvasiljevic/tt-metal/ttnn/cpp -I/home/mvasiljevic/tt-metal/tt_metal -I/home/mvasiljevic/tt-metal/tt_metal/hw/inc -I/home/mvasiljevic/tt-metal/tt_metal/tt-llk/common -I/home/mvasiljevic/tt-metal/tt_metal/hostdevcommon/api -I/home/mvasiljevic/tt-metal/tt_metal/api/ -I/home/mvasiljevic/tt-metal/tt_metal/hw/ckernels/blackhole/metal/common -I/home/mvasiljevic/tt-metal/tt_metal/hw/ckernels/blackhole/metal/llk_io -I/home/mvasiljevic/tt-metal/tt_metal/hw/inc/internal/tt-1xx -I/home/mvasiljevic/tt-metal/tt_metal/hw/inc/internal/tt-1xx/blackhole -I/home/mvasiljevic/tt-metal/tt_metal/hw/inc/internal/tt-1xx/blackhole/blackhole_defines -I/home/mvasiljevic/tt-metal/tt_metal/hw/inc/internal/tt-1xx/blackhole/noc -I/home/mvasiljevic/tt-metal/tt_metal/tt-llk/tt_llk_blackhole/common/inc -I/home/mvasiljevic/tt-metal/tt_metal/tt-llk/tt_llk_blackhole/llk_lib -I/home/mvasiljevic/tt-metal/tt_metal/hw/firmware/src/tt-1xx -I/home/mvasiljevic/tt-metal/ttnn/cpp/ttnn/operations/experimental/transformer/nlp_create_qkv_heads/device/kernels/dataflow -c -o /home/mvasiljevic/.cache/tt-metal-cache/12569132917722018041/kernels/reader_tm_tile_layout_nlp_create_qkv_heads/17529215431507550100/ncrisc/ncrisck.5880147012631460308.o /home/mvasiljevic/tt-metal/tt_metal/hw/firmware/src/tt-1xx/ncrisck.cc -MF /home/mvasiljevic/.cache/tt-metal-cache/12569132917722018041/kernels/reader_tm_tile_layout_nlp_create_qkv_heads/17529215431507550100/ncrisc/ncrisck.5880147012631460308.d -DIS_NOT_POW2_NUM_L1_BANKS=1 -DLOG_BASE_2_OF_NUM_DRAM_BANKS=3 -DNUM_DRAM_BANKS=8 -DNUM_L1_BANKS=110 -DPCIE_NOC_X=19 -DPCIE_NOC_Y=24 -DTENSIX_FIRMWARE -DLOCAL_MEM_EN=0 -DPROFILE_KERNEL=1 -DPROFILER_FULL_HOST_BUFFER_SIZE_PER_RISC=48000 -DPROCESSOR_INDEX=1 -DCOMPILE_FOR_NCRISC -DARCH_BLACKHOLE -DDISPATCH_MESSAGE_ADDR=4290184248 -DKERNEL_BUILD -DFULL_KERNEL_NAME="\"reader_tm_tile_layout_nlp_create_qkv_heads/17529215431507550100/\"" -DNOC_INDEX='0' -DNOC_MODE='0' -DKERNEL_COMPILE_TIME_ARGS=128,16,2,2048,0,0
In file included from /home/mvasiljevic/tt-metal/tt_metal/hw/inc/api/dataflow/dataflow_api.h:27,
                 from /home/mvasiljevic/tt-metal/tt_metal/hw/inc/internal/firmware_common.h:24,
                 from /home/mvasiljevic/tt-metal/tt_metal/hw/firmware/src/tt-1xx/ncrisck.cc:17:
/home/mvasiljevic/tt-metal/tt_metal/tools/profiler/kernel_profiler.hpp: In function 'void kernel_profiler::quick_push()':
/home/mvasiljevic/tt-metal/tt_metal/tools/profiler/kernel_profiler.hpp:25:22: note: '#pragma message: PROFILER-NOC-QUICK-PUSH,/home/mvasiljevic/tt-metal/tt_metal/tools/profiler/kernel_profiler.hpp,395,KERNEL_PROFILER'
   25 | #define DO_PRAGMA(x) _Pragma(#x)
      |                      ^~~~~~~
/home/mvasiljevic/tt-metal/tt_metal/tools/profiler/kernel_profiler.hpp:35:5: note: in expansion of macro 'DO_PRAGMA'
   35 |     DO_PRAGMA(message(PROFILER_MSG_NAME(name))); \
      |     ^~~~~~~~~
/home/mvasiljevic/tt-metal/tt_metal/tools/profiler/kernel_profiler.hpp:395:5: note: in expansion of macro 'SrcLocNameToHash'
  395 |     SrcLocNameToHash("PROFILER-NOC-QUICK-PUSH");
      |     ^~~~~~~~~~~~~~~~
/home/mvasiljevic/tt-metal/tt_metal/hw/firmware/src/tt-1xx/ncrisck.cc: In function 'uint32_t _start()':
/home/mvasiljevic/tt-metal/tt_metal/tools/profiler/kernel_profiler.hpp:25:22: note: '#pragma message: NCRISC-KERNEL,/home/mvasiljevic/tt-metal/tt_metal/hw/firmware/src/tt-1xx/ncrisck.cc,69,KERNEL_PROFILER'
   25 | #define DO_PRAGMA(x) _Pragma(#x)
      |                      ^~~~~~~
/home/mvasiljevic/tt-metal/tt_metal/tools/profiler/kernel_profiler.hpp:702:5: note: in expansion of macro 'DO_PRAGMA'
  702 |     DO_PRAGMA(message(PROFILER_MSG_NAME(name)));                               \
      |     ^~~~~~~~~
/home/mvasiljevic/tt-metal/tt_metal/hw/firmware/src/tt-1xx/ncrisck.cc:69:5: note: in expansion of macro 'DeviceZoneScopedMainChildN'
   69 |     DeviceZoneScopedMainChildN("NCRISC-KERNEL");
      |     ^~~~~~~~~~~~~~~~~~~~~~~~~~
Building brisc, compile step:
cd /home/mvasiljevic/.cache/tt-metal-cache/12569132917722018041/kernels/writer_tm_tile_layout_nlp_create_qkv_heads/4852806476994253817/brisc/ && /home/mvasiljevic/tt-metal/runtime/sfpi/compiler/bin/riscv-tt-elf-g++ -O2 -std=c++17 -ftt-nttp -ftt-constinit -ftt-consteval -ftt-no-dyninit -flto=auto -ffast-math -fno-exceptions -fno-rtti -fno-use-cxa-atexit -g -MMD -Wall -Werror -Wno-error=deprecated-declarations -Wno-error=multistatement-macros -Wno-error=parentheses -Wno-error=unused-but-set-variable -Wno-unused-variable -Wno-unused-function -mcpu=tt-bh -fno-tree-loop-distribute-patterns -I. -I.. -I/home/mvasiljevic/tt-metal/ -I/home/mvasiljevic/tt-metal/ttnn -I/home/mvasiljevic/tt-metal/ttnn/cpp -I/home/mvasiljevic/tt-metal/tt_metal -I/home/mvasiljevic/tt-metal/tt_metal/hw/inc -I/home/mvasiljevic/tt-metal/tt_metal/tt-llk/common -I/home/mvasiljevic/tt-metal/tt_metal/hostdevcommon/api -I/home/mvasiljevic/tt-metal/tt_metal/api/ -I/home/mvasiljevic/tt-metal/tt_metal/hw/ckernels/blackhole/metal/common -I/home/mvasiljevic/tt-metal/tt_metal/hw/ckernels/blackhole/metal/llk_io -I/home/mvasiljevic/tt-metal/tt_metal/hw/inc/internal/tt-1xx -I/home/mvasiljevic/tt-metal/tt_metal/hw/inc/internal/tt-1xx/blackhole -I/home/mvasiljevic/tt-metal/tt_metal/hw/inc/internal/tt-1xx/blackhole/blackhole_defines -I/home/mvasiljevic/tt-metal/tt_metal/hw/inc/internal/tt-1xx/blackhole/noc -I/home/mvasiljevic/tt-metal/tt_metal/tt-llk/tt_llk_blackhole/common/inc -I/home/mvasiljevic/tt-metal/tt_metal/tt-llk/tt_llk_blackhole/llk_lib -I/home/mvasiljevic/tt-metal/tt_metal/hw/firmware/src/tt-1xx -I/home/mvasiljevic/tt-metal/ttnn/cpp/ttnn/operations/experimental/transformer/nlp_create_qkv_heads/device/kernels/dataflow -c -o /home/mvasiljevic/.cache/tt-metal-cache/12569132917722018041/kernels/writer_tm_tile_layout_nlp_create_qkv_heads/4852806476994253817/brisc/brisck.5880147012631460308.o /home/mvasiljevic/tt-metal/tt_metal/hw/firmware/src/tt-1xx/brisck.cc -MF /home/mvasiljevic/.cache/tt-metal-cache/12569132917722018041/kernels/writer_tm_tile_layout_nlp_create_qkv_heads/4852806476994253817/brisc/brisck.5880147012631460308.d -DIS_NOT_POW2_NUM_L1_BANKS=1 -DLOG_BASE_2_OF_NUM_DRAM_BANKS=3 -DNUM_DRAM_BANKS=8 -DNUM_L1_BANKS=110 -DPCIE_NOC_X=19 -DPCIE_NOC_Y=24 -DTENSIX_FIRMWARE -DLOCAL_MEM_EN=0 -DPROFILE_KERNEL=1 -DPROFILER_FULL_HOST_BUFFER_SIZE_PER_RISC=48000 -DPROCESSOR_INDEX=0 -DCOMPILE_FOR_BRISC -DARCH_BLACKHOLE -DDISPATCH_MESSAGE_ADDR=4290184248 -DKERNEL_BUILD -DFULL_KERNEL_NAME="\"writer_tm_tile_layout_nlp_create_qkv_heads/4852806476994253817/\"" -DNOC_INDEX='1' -DNOC_MODE='0' -DKERNEL_COMPILE_TIME_ARGS=4,4,16,32,4,2,2048,2,2048,2,2048
In file included from /home/mvasiljevic/tt-metal/tt_metal/hw/inc/api/dataflow/dataflow_api.h:27,
                 from /home/mvasiljevic/tt-metal/tt_metal/hw/inc/internal/firmware_common.h:24,
                 from /home/mvasiljevic/tt-metal/tt_metal/hw/firmware/src/tt-1xx/brisck.cc:17:
/home/mvasiljevic/tt-metal/tt_metal/tools/profiler/kernel_profiler.hpp: In function 'void kernel_profiler::quick_push()':
/home/mvasiljevic/tt-metal/tt_metal/tools/profiler/kernel_profiler.hpp:25:22: note: '#pragma message: PROFILER-NOC-QUICK-PUSH,/home/mvasiljevic/tt-metal/tt_metal/tools/profiler/kernel_profiler.hpp,395,KERNEL_PROFILER'
   25 | #define DO_PRAGMA(x) _Pragma(#x)
      |                      ^~~~~~~
/home/mvasiljevic/tt-metal/tt_metal/tools/profiler/kernel_profiler.hpp:35:5: note: in expansion of macro 'DO_PRAGMA'
   35 |     DO_PRAGMA(message(PROFILER_MSG_NAME(name))); \
      |     ^~~~~~~~~
/home/mvasiljevic/tt-metal/tt_metal/tools/profiler/kernel_profiler.hpp:395:5: note: in expansion of macro 'SrcLocNameToHash'
  395 |     SrcLocNameToHash("PROFILER-NOC-QUICK-PUSH");
      |     ^~~~~~~~~~~~~~~~
/home/mvasiljevic/tt-metal/tt_metal/hw/firmware/src/tt-1xx/brisck.cc: In function 'uint32_t _start()':
/home/mvasiljevic/tt-metal/tt_metal/tools/profiler/kernel_profiler.hpp:25:22: note: '#pragma message: BRISC-KERNEL,/home/mvasiljevic/tt-metal/tt_metal/hw/firmware/src/tt-1xx/brisck.cc,77,KERNEL_PROFILER'
   25 | #define DO_PRAGMA(x) _Pragma(#x)
      |                      ^~~~~~~
/home/mvasiljevic/tt-metal/tt_metal/tools/profiler/kernel_profiler.hpp:702:5: note: in expansion of macro 'DO_PRAGMA'
  702 |     DO_PRAGMA(message(PROFILER_MSG_NAME(name)));                               \
      |     ^~~~~~~~~
/home/mvasiljevic/tt-metal/tt_metal/hw/firmware/src/tt-1xx/brisck.cc:77:9: note: in expansion of macro 'DeviceZoneScopedMainChildN'
   77 |         DeviceZoneScopedMainChildN("BRISC-KERNEL");
      |         ^~~~~~~~~~~~~~~~~~~~~~~~~~
Building brisc, compile step:
cd /home/mvasiljevic/.cache/tt-metal-cache/12569132917722018041/kernels/writer_rotary_embedding_interleaved_start_id/17446569591208785328/brisc/ && /home/mvasiljevic/tt-metal/runtime/sfpi/compiler/bin/riscv-tt-elf-g++ -O2 -std=c++17 -ftt-nttp -ftt-constinit -ftt-consteval -ftt-no-dyninit -flto=auto -ffast-math -fno-exceptions -fno-rtti -fno-use-cxa-atexit -g -MMD -Wall -Werror -Wno-error=deprecated-declarations -Wno-error=multistatement-macros -Wno-error=parentheses -Wno-error=unused-but-set-variable -Wno-unused-variable -Wno-unused-function -mcpu=tt-bh -fno-tree-loop-distribute-patterns -I. -I.. -I/home/mvasiljevic/tt-metal/ -I/home/mvasiljevic/tt-metal/ttnn -I/home/mvasiljevic/tt-metal/ttnn/cpp -I/home/mvasiljevic/tt-metal/tt_metal -I/home/mvasiljevic/tt-metal/tt_metal/hw/inc -I/home/mvasiljevic/tt-metal/tt_metal/tt-llk/common -I/home/mvasiljevic/tt-metal/tt_metal/hostdevcommon/api -I/home/mvasiljevic/tt-metal/tt_metal/api/ -I/home/mvasiljevic/tt-metal/tt_metal/hw/ckernels/blackhole/metal/common -I/home/mvasiljevic/tt-metal/tt_metal/hw/ckernels/blackhole/metal/llk_io -I/home/mvasiljevic/tt-metal/tt_metal/hw/inc/internal/tt-1xx -I/home/mvasiljevic/tt-metal/tt_metal/hw/inc/internal/tt-1xx/blackhole -I/home/mvasiljevic/tt-metal/tt_metal/hw/inc/internal/tt-1xx/blackhole/blackhole_defines -I/home/mvasiljevic/tt-metal/tt_metal/hw/inc/internal/tt-1xx/blackhole/noc -I/home/mvasiljevic/tt-metal/tt_metal/tt-llk/tt_llk_blackhole/common/inc -I/home/mvasiljevic/tt-metal/tt_metal/tt-llk/tt_llk_blackhole/llk_lib -I/home/mvasiljevic/tt-metal/tt_metal/hw/firmware/src/tt-1xx -I/home/mvasiljevic/tt-metal/ttnn/cpp/ttnn/operations/experimental/transformer/rotary_embedding/device/kernels/dataflow -c -o /home/mvasiljevic/.cache/tt-metal-cache/12569132917722018041/kernels/writer_rotary_embedding_interleaved_start_id/17446569591208785328/brisc/brisck.5880147012631460308.o /home/mvasiljevic/tt-metal/tt_metal/hw/firmware/src/tt-1xx/brisck.cc -MF /home/mvasiljevic/.cache/tt-metal-cache/12569132917722018041/kernels/writer_rotary_embedding_interleaved_start_id/17446569591208785328/brisc/brisck.5880147012631460308.d -DIS_NOT_POW2_NUM_L1_BANKS=1 -DLOG_BASE_2_OF_NUM_DRAM_BANKS=3 -DNUM_DRAM_BANKS=8 -DNUM_L1_BANKS=110 -DPCIE_NOC_X=19 -DPCIE_NOC_Y=24 -DTENSIX_FIRMWARE -DLOCAL_MEM_EN=0 -DPROFILE_KERNEL=1 -DPROFILER_FULL_HOST_BUFFER_SIZE_PER_RISC=48000 -DPROCESSOR_INDEX=0 -DCOMPILE_FOR_BRISC -DARCH_BLACKHOLE -DDISPATCH_MESSAGE_ADDR=4290184248 -DKERNEL_BUILD -DFULL_KERNEL_NAME="\"writer_rotary_embedding_interleaved_start_id/17446569591208785328/\"" -DNOC_INDEX='1' -DNOC_MODE='0' -DKERNEL_COMPILE_TIME_ARGS=16,2,2048
In file included from /home/mvasiljevic/tt-metal/tt_metal/hw/inc/api/dataflow/dataflow_api.h:27,
                 from /home/mvasiljevic/tt-metal/tt_metal/hw/inc/internal/firmware_common.h:24,
                 from /home/mvasiljevic/tt-metal/tt_metal/hw/firmware/src/tt-1xx/brisck.cc:17:
/home/mvasiljevic/tt-metal/tt_metal/tools/profiler/kernel_profiler.hpp: In function 'void kernel_profiler::quick_push()':
/home/mvasiljevic/tt-metal/tt_metal/tools/profiler/kernel_profiler.hpp:25:22: note: '#pragma message: PROFILER-NOC-QUICK-PUSH,/home/mvasiljevic/tt-metal/tt_metal/tools/profiler/kernel_profiler.hpp,395,KERNEL_PROFILER'
   25 | #define DO_PRAGMA(x) _Pragma(#x)
      |                      ^~~~~~~
/home/mvasiljevic/tt-metal/tt_metal/tools/profiler/kernel_profiler.hpp:35:5: note: in expansion of macro 'DO_PRAGMA'
   35 |     DO_PRAGMA(message(PROFILER_MSG_NAME(name))); \
      |     ^~~~~~~~~
/home/mvasiljevic/tt-metal/tt_metal/tools/profiler/kernel_profiler.hpp:395:5: note: in expansion of macro 'SrcLocNameToHash'
  395 |     SrcLocNameToHash("PROFILER-NOC-QUICK-PUSH");
      |     ^~~~~~~~~~~~~~~~
/home/mvasiljevic/tt-metal/tt_metal/hw/firmware/src/tt-1xx/brisck.cc: In function 'uint32_t _start()':
/home/mvasiljevic/tt-metal/tt_metal/tools/profiler/kernel_profiler.hpp:25:22: note: '#pragma message: BRISC-KERNEL,/home/mvasiljevic/tt-metal/tt_metal/hw/firmware/src/tt-1xx/brisck.cc,77,KERNEL_PROFILER'
   25 | #define DO_PRAGMA(x) _Pragma(#x)
      |                      ^~~~~~~
/home/mvasiljevic/tt-metal/tt_metal/tools/profiler/kernel_profiler.hpp:702:5: note: in expansion of macro 'DO_PRAGMA'
  702 |     DO_PRAGMA(message(PROFILER_MSG_NAME(name)));                               \
      |     ^~~~~~~~~
/home/mvasiljevic/tt-metal/tt_metal/hw/firmware/src/tt-1xx/brisck.cc:77:9: note: in expansion of macro 'DeviceZoneScopedMainChildN'
   77 |         DeviceZoneScopedMainChildN("BRISC-KERNEL");
      |         ^~~~~~~~~~~~~~~~~~~~~~~~~~
Building ncrisc, compile step:
cd /home/mvasiljevic/.cache/tt-metal-cache/12569132917722018041/kernels/reader_rotary_embedding_interleaved_start_id/2259083254108590300/ncrisc/ && /home/mvasiljevic/tt-metal/runtime/sfpi/compiler/bin/riscv-tt-elf-g++ -O2 -std=c++17 -ftt-nttp -ftt-constinit -ftt-consteval -ftt-no-dyninit -flto=auto -ffast-math -fno-exceptions -fno-rtti -fno-use-cxa-atexit -g -MMD -Wall -Werror -Wno-error=deprecated-declarations -Wno-error=multistatement-macros -Wno-error=parentheses -Wno-error=unused-but-set-variable -Wno-unused-variable -Wno-unused-function -mcpu=tt-bh -fno-tree-loop-distribute-patterns -I. -I.. -I/home/mvasiljevic/tt-metal/ -I/home/mvasiljevic/tt-metal/ttnn -I/home/mvasiljevic/tt-metal/ttnn/cpp -I/home/mvasiljevic/tt-metal/tt_metal -I/home/mvasiljevic/tt-metal/tt_metal/hw/inc -I/home/mvasiljevic/tt-metal/tt_metal/tt-llk/common -I/home/mvasiljevic/tt-metal/tt_metal/hostdevcommon/api -I/home/mvasiljevic/tt-metal/tt_metal/api/ -I/home/mvasiljevic/tt-metal/tt_metal/hw/ckernels/blackhole/metal/common -I/home/mvasiljevic/tt-metal/tt_metal/hw/ckernels/blackhole/metal/llk_io -I/home/mvasiljevic/tt-metal/tt_metal/hw/inc/internal/tt-1xx -I/home/mvasiljevic/tt-metal/tt_metal/hw/inc/internal/tt-1xx/blackhole -I/home/mvasiljevic/tt-metal/tt_metal/hw/inc/internal/tt-1xx/blackhole/blackhole_defines -I/home/mvasiljevic/tt-metal/tt_metal/hw/inc/internal/tt-1xx/blackhole/noc -I/home/mvasiljevic/tt-metal/tt_metal/tt-llk/tt_llk_blackhole/common/inc -I/home/mvasiljevic/tt-metal/tt_metal/tt-llk/tt_llk_blackhole/llk_lib -I/home/mvasiljevic/tt-metal/tt_metal/hw/firmware/src/tt-1xx -I/home/mvasiljevic/tt-metal/ttnn/cpp/ttnn/operations/experimental/transformer/rotary_embedding/device/kernels/dataflow -c -o /home/mvasiljevic/.cache/tt-metal-cache/12569132917722018041/kernels/reader_rotary_embedding_interleaved_start_id/2259083254108590300/ncrisc/ncrisck.5880147012631460308.o /home/mvasiljevic/tt-metal/tt_metal/hw/firmware/src/tt-1xx/ncrisck.cc -MF /home/mvasiljevic/.cache/tt-metal-cache/12569132917722018041/kernels/reader_rotary_embedding_interleaved_start_id/2259083254108590300/ncrisc/ncrisck.5880147012631460308.d -DIS_NOT_POW2_NUM_L1_BANKS=1 -DLOG_BASE_2_OF_NUM_DRAM_BANKS=3 -DNUM_DRAM_BANKS=8 -DNUM_L1_BANKS=110 -DPCIE_NOC_X=19 -DPCIE_NOC_Y=24 -DTENSIX_FIRMWARE -DLOCAL_MEM_EN=0 -DPROFILE_KERNEL=1 -DPROFILER_FULL_HOST_BUFFER_SIZE_PER_RISC=48000 -DPROCESSOR_INDEX=1 -DCOMPILE_FOR_NCRISC -DARCH_BLACKHOLE -DDISPATCH_MESSAGE_ADDR=4290184248 -DKERNEL_BUILD -DFULL_KERNEL_NAME="\"reader_rotary_embedding_interleaved_start_id/2259083254108590300/\"" -DNOC_INDEX='0' -DNOC_MODE='0' -DKERNEL_COMPILE_TIME_ARGS=0,1,2,3,4,49024,4,4,16,2,2,2048,2,2048,2,2048
In file included from /home/mvasiljevic/tt-metal/tt_metal/hw/inc/api/dataflow/dataflow_api.h:27,
                 from /home/mvasiljevic/tt-metal/tt_metal/hw/inc/internal/firmware_common.h:24,
                 from /home/mvasiljevic/tt-metal/tt_metal/hw/firmware/src/tt-1xx/ncrisck.cc:17:
/home/mvasiljevic/tt-metal/tt_metal/tools/profiler/kernel_profiler.hpp: In function 'void kernel_profiler::quick_push()':
/home/mvasiljevic/tt-metal/tt_metal/tools/profiler/kernel_profiler.hpp:25:22: note: '#pragma message: PROFILER-NOC-QUICK-PUSH,/home/mvasiljevic/tt-metal/tt_metal/tools/profiler/kernel_profiler.hpp,395,KERNEL_PROFILER'
   25 | #define DO_PRAGMA(x) _Pragma(#x)
      |                      ^~~~~~~
/home/mvasiljevic/tt-metal/tt_metal/tools/profiler/kernel_profiler.hpp:35:5: note: in expansion of macro 'DO_PRAGMA'
   35 |     DO_PRAGMA(message(PROFILER_MSG_NAME(name))); \
      |     ^~~~~~~~~
/home/mvasiljevic/tt-metal/tt_metal/tools/profiler/kernel_profiler.hpp:395:5: note: in expansion of macro 'SrcLocNameToHash'
  395 |     SrcLocNameToHash("PROFILER-NOC-QUICK-PUSH");
      |     ^~~~~~~~~~~~~~~~
/home/mvasiljevic/tt-metal/tt_metal/hw/firmware/src/tt-1xx/ncrisck.cc: In function 'uint32_t _start()':
/home/mvasiljevic/tt-metal/tt_metal/tools/profiler/kernel_profiler.hpp:25:22: note: '#pragma message: NCRISC-KERNEL,/home/mvasiljevic/tt-metal/tt_metal/hw/firmware/src/tt-1xx/ncrisck.cc,69,KERNEL_PROFILER'
   25 | #define DO_PRAGMA(x) _Pragma(#x)
      |                      ^~~~~~~
/home/mvasiljevic/tt-metal/tt_metal/tools/profiler/kernel_profiler.hpp:702:5: note: in expansion of macro 'DO_PRAGMA'
  702 |     DO_PRAGMA(message(PROFILER_MSG_NAME(name)));                               \
      |     ^~~~~~~~~
/home/mvasiljevic/tt-metal/tt_metal/hw/firmware/src/tt-1xx/ncrisck.cc:69:5: note: in expansion of macro 'DeviceZoneScopedMainChildN'
   69 |     DeviceZoneScopedMainChildN("NCRISC-KERNEL");
      |     ^~~~~~~~~~~~~~~~~~~~~~~~~~
Building trisc2, compile step:
cd /home/mvasiljevic/.cache/tt-metal-cache/12569132917722018041/kernels/rotary_embedding/1679027051022344736/trisc2/ && /home/mvasiljevic/tt-metal/runtime/sfpi/compiler/bin/riscv-tt-elf-g++ -O3 -std=c++17 -ftt-nttp -ftt-constinit -ftt-consteval -ftt-no-dyninit -flto=auto -ffast-math -fno-exceptions -fno-rtti -fno-use-cxa-atexit -g -MMD -Wall -Werror -Wno-error=deprecated-declarations -Wno-error=multistatement-macros -Wno-error=parentheses -Wno-error=unused-but-set-variable -Wno-unused-variable -Wno-unused-function -mcpu=tt-bh-tensix -I. -I.. -I/home/mvasiljevic/tt-metal/ -I/home/mvasiljevic/tt-metal/ttnn -I/home/mvasiljevic/tt-metal/ttnn/cpp -I/home/mvasiljevic/tt-metal/tt_metal -I/home/mvasiljevic/tt-metal/tt_metal/hw/inc -I/home/mvasiljevic/tt-metal/tt_metal/tt-llk/common -I/home/mvasiljevic/tt-metal/tt_metal/hostdevcommon/api -I/home/mvasiljevic/tt-metal/tt_metal/api/ -I/home/mvasiljevic/tt-metal/runtime/sfpi/include -I/home/mvasiljevic/tt-metal/tt_metal/hw/ckernels/blackhole/metal/common -I/home/mvasiljevic/tt-metal/tt_metal/hw/ckernels/blackhole/metal/llk_io -I/home/mvasiljevic/tt-metal/tt_metal/hw/inc/internal/tt-1xx -I/home/mvasiljevic/tt-metal/tt_metal/hw/inc/internal/tt-1xx/blackhole -I/home/mvasiljevic/tt-metal/tt_metal/hw/inc/internal/tt-1xx/blackhole/blackhole_defines -I/home/mvasiljevic/tt-metal/tt_metal/hw/inc/internal/tt-1xx/blackhole/noc -I/home/mvasiljevic/tt-metal/tt_metal/tt-llk/tt_llk_blackhole/common/inc -I/home/mvasiljevic/tt-metal/tt_metal/tt-llk/tt_llk_blackhole/llk_lib -I/home/mvasiljevic/tt-metal/tt_metal/hw/ckernels/blackhole/metal/llk_api -I/home/mvasiljevic/tt-metal/tt_metal/hw/ckernels/blackhole/metal/llk_api/llk_sfpu -I/home/mvasiljevic/tt-metal/tt_metal/hw/firmware/src/tt-1xx -I/home/mvasiljevic/tt-metal/ttnn/cpp/ttnn/operations/experimental/transformer/rotary_embedding/device/kernels/compute -c -o /home/mvasiljevic/.cache/tt-metal-cache/12569132917722018041/kernels/rotary_embedding/1679027051022344736/trisc2/trisck.5880147012631460308.o /home/mvasiljevic/tt-metal/tt_metal/hw/firmware/src/tt-1xx/trisck.cc -MF /home/mvasiljevic/.cache/tt-metal-cache/12569132917722018041/kernels/rotary_embedding/1679027051022344736/trisc2/trisck.5880147012631460308.d -DIS_NOT_POW2_NUM_L1_BANKS=1 -DLOG_BASE_2_OF_NUM_DRAM_BANKS=3 -DNUM_DRAM_BANKS=8 -DNUM_L1_BANKS=110 -DPCIE_NOC_X=19 -DPCIE_NOC_Y=24 -DTENSIX_FIRMWARE -DLOCAL_MEM_EN=0 -DPROFILE_KERNEL=1 -DPROFILER_FULL_HOST_BUFFER_SIZE_PER_RISC=48000 -DPROCESSOR_INDEX=4 -DUCK_CHLKC_PACK -DCOMPILE_FOR_TRISC=2 -DARCH_BLACKHOLE -DDISPATCH_MESSAGE_ADDR=4290184248 -DKERNEL_BUILD -DFULL_KERNEL_NAME="\"rotary_embedding/1679027051022344736/\"" -DKERNEL_COMPILE_TIME_ARGS=0,1,2,3,4,24,25,26,16,1,4,2
In file included from /home/mvasiljevic/tt-metal/tt_metal/hw/ckernels/blackhole/metal/llk_io/llk_io_pack.h:14,
                 from /home/mvasiljevic/tt-metal/tt_metal/hw/inc/api/compute/cb_api.h:12,
                 from /home/mvasiljevic/tt-metal/tt_metal/hw/inc/api/compute/common.h:11,
                 from /home/mvasiljevic/tt-metal/ttnn/cpp/ttnn/operations/experimental/transformer/rotary_embedding/device/kernels/compute/rotary_embedding.cpp:7,
                 from ../chlkc_pack.cpp:3,
                 from /home/mvasiljevic/tt-metal/tt_metal/hw/ckernels/blackhole/metal/common/chlkc_list.h:21,
                 from /home/mvasiljevic/tt-metal/tt_metal/hw/firmware/src/tt-1xx/trisck.cc:13:
/home/mvasiljevic/tt-metal/tt_metal/hw/ckernels/blackhole/metal/llk_io/llk_io_pack.h: In function 'void llk_wait_for_free_tiles(int32_t, int32_t)':
/home/mvasiljevic/tt-metal/tt_metal/tools/profiler/kernel_profiler.hpp:25:22: note: '#pragma message: CB-COMPUTE-RESERVE-BACK,/home/mvasiljevic/tt-metal/tt_metal/hw/ckernels/blackhole/metal/llk_io/llk_io_pack.h,21,KERNEL_PROFILER'
   25 | #define DO_PRAGMA(x) _Pragma(#x)
      |                      ^~~~~~~
/home/mvasiljevic/tt-metal/tt_metal/tools/profiler/kernel_profiler.hpp:712:5: note: in expansion of macro 'DO_PRAGMA'
  712 |     DO_PRAGMA(message(PROFILER_MSG_NAME(name)));                               \
      |     ^~~~~~~~~
/home/mvasiljevic/tt-metal/tt_metal/hw/ckernels/blackhole/metal/llk_io/llk_io_pack.h:21:5: note: in expansion of macro 'DeviceZoneScopedSumN2'
   21 |     DeviceZoneScopedSumN2("CB-COMPUTE-RESERVE-BACK");
      |     ^~~~~~~~~~~~~~~~~~~~~
/home/mvasiljevic/tt-metal/tt_metal/hw/firmware/src/tt-1xx/trisck.cc: In function 'uint32_t _start()':
/home/mvasiljevic/tt-metal/tt_metal/tools/profiler/kernel_profiler.hpp:25:22: note: '#pragma message: TRISC-KERNEL,/home/mvasiljevic/tt-metal/tt_metal/hw/firmware/src/tt-1xx/trisck.cc,86,KERNEL_PROFILER'
   25 | #define DO_PRAGMA(x) _Pragma(#x)
      |                      ^~~~~~~
/home/mvasiljevic/tt-metal/tt_metal/tools/profiler/kernel_profiler.hpp:702:5: note: in expansion of macro 'DO_PRAGMA'
  702 |     DO_PRAGMA(message(PROFILER_MSG_NAME(name)));                               \
      |     ^~~~~~~~~
/home/mvasiljevic/tt-metal/tt_metal/hw/firmware/src/tt-1xx/trisck.cc:86:5: note: in expansion of macro 'DeviceZoneScopedMainChildN'
   86 |     DeviceZoneScopedMainChildN("TRISC-KERNEL");
      |     ^~~~~~~~~~~~~~~~~~~~~~~~~~
Building trisc2, compile step:
cd /home/mvasiljevic/.cache/tt-metal-cache/12569132917722018041/kernels/rotary_embedding/1974384404298281028/trisc2/ && /home/mvasiljevic/tt-metal/runtime/sfpi/compiler/bin/riscv-tt-elf-g++ -O3 -std=c++17 -ftt-nttp -ftt-constinit -ftt-consteval -ftt-no-dyninit -flto=auto -ffast-math -fno-exceptions -fno-rtti -fno-use-cxa-atexit -g -MMD -Wall -Werror -Wno-error=deprecated-declarations -Wno-error=multistatement-macros -Wno-error=parentheses -Wno-error=unused-but-set-variable -Wno-unused-variable -Wno-unused-function -mcpu=tt-bh-tensix -I. -I.. -I/home/mvasiljevic/tt-metal/ -I/home/mvasiljevic/tt-metal/ttnn -I/home/mvasiljevic/tt-metal/ttnn/cpp -I/home/mvasiljevic/tt-metal/tt_metal -I/home/mvasiljevic/tt-metal/tt_metal/hw/inc -I/home/mvasiljevic/tt-metal/tt_metal/tt-llk/common -I/home/mvasiljevic/tt-metal/tt_metal/hostdevcommon/api -I/home/mvasiljevic/tt-metal/tt_metal/api/ -I/home/mvasiljevic/tt-metal/runtime/sfpi/include -I/home/mvasiljevic/tt-metal/tt_metal/hw/ckernels/blackhole/metal/common -I/home/mvasiljevic/tt-metal/tt_metal/hw/ckernels/blackhole/metal/llk_io -I/home/mvasiljevic/tt-metal/tt_metal/hw/inc/internal/tt-1xx -I/home/mvasiljevic/tt-metal/tt_metal/hw/inc/internal/tt-1xx/blackhole -I/home/mvasiljevic/tt-metal/tt_metal/hw/inc/internal/tt-1xx/blackhole/blackhole_defines -I/home/mvasiljevic/tt-metal/tt_metal/hw/inc/internal/tt-1xx/blackhole/noc -I/home/mvasiljevic/tt-metal/tt_metal/tt-llk/tt_llk_blackhole/common/inc -I/home/mvasiljevic/tt-metal/tt_metal/tt-llk/tt_llk_blackhole/llk_lib -I/home/mvasiljevic/tt-metal/tt_metal/hw/ckernels/blackhole/metal/llk_api -I/home/mvasiljevic/tt-metal/tt_metal/hw/ckernels/blackhole/metal/llk_api/llk_sfpu -I/home/mvasiljevic/tt-metal/tt_metal/hw/firmware/src/tt-1xx -I/home/mvasiljevic/tt-metal/ttnn/cpp/ttnn/operations/experimental/transformer/rotary_embedding/device/kernels/compute -c -o /home/mvasiljevic/.cache/tt-metal-cache/12569132917722018041/kernels/rotary_embedding/1974384404298281028/trisc2/trisck.5880147012631460308.o /home/mvasiljevic/tt-metal/tt_metal/hw/firmware/src/tt-1xx/trisck.cc -MF /home/mvasiljevic/.cache/tt-metal-cache/12569132917722018041/kernels/rotary_embedding/1974384404298281028/trisc2/trisck.5880147012631460308.d -DIS_NOT_POW2_NUM_L1_BANKS=1 -DLOG_BASE_2_OF_NUM_DRAM_BANKS=3 -DNUM_DRAM_BANKS=8 -DNUM_L1_BANKS=110 -DPCIE_NOC_X=19 -DPCIE_NOC_Y=24 -DTENSIX_FIRMWARE -DLOCAL_MEM_EN=0 -DPROFILE_KERNEL=1 -DPROFILER_FULL_HOST_BUFFER_SIZE_PER_RISC=48000 -DPROCESSOR_INDEX=4 -DUCK_CHLKC_PACK -DCOMPILE_FOR_TRISC=2 -DARCH_BLACKHOLE -DDISPATCH_MESSAGE_ADDR=4290184248 -DKERNEL_BUILD -DFULL_KERNEL_NAME="\"rotary_embedding/1974384404298281028/\"" -DKERNEL_COMPILE_TIME_ARGS=0,1,2,3,4,24,25,26,16,2,4,2
In file included from /home/mvasiljevic/tt-metal/tt_metal/hw/ckernels/blackhole/metal/llk_io/llk_io_pack.h:14,
                 from /home/mvasiljevic/tt-metal/tt_metal/hw/inc/api/compute/cb_api.h:12,
                 from /home/mvasiljevic/tt-metal/tt_metal/hw/inc/api/compute/common.h:11,
                 from /home/mvasiljevic/tt-metal/ttnn/cpp/ttnn/operations/experimental/transformer/rotary_embedding/device/kernels/compute/rotary_embedding.cpp:7,
                 from ../chlkc_pack.cpp:3,
                 from /home/mvasiljevic/tt-metal/tt_metal/hw/ckernels/blackhole/metal/common/chlkc_list.h:21,
                 from /home/mvasiljevic/tt-metal/tt_metal/hw/firmware/src/tt-1xx/trisck.cc:13:
/home/mvasiljevic/tt-metal/tt_metal/hw/ckernels/blackhole/metal/llk_io/llk_io_pack.h: In function 'void llk_wait_for_free_tiles(int32_t, int32_t)':
/home/mvasiljevic/tt-metal/tt_metal/tools/profiler/kernel_profiler.hpp:25:22: note: '#pragma message: CB-COMPUTE-RESERVE-BACK,/home/mvasiljevic/tt-metal/tt_metal/hw/ckernels/blackhole/metal/llk_io/llk_io_pack.h,21,KERNEL_PROFILER'
   25 | #define DO_PRAGMA(x) _Pragma(#x)
      |                      ^~~~~~~
/home/mvasiljevic/tt-metal/tt_metal/tools/profiler/kernel_profiler.hpp:712:5: note: in expansion of macro 'DO_PRAGMA'
  712 |     DO_PRAGMA(message(PROFILER_MSG_NAME(name)));                               \
      |     ^~~~~~~~~
/home/mvasiljevic/tt-metal/tt_metal/hw/ckernels/blackhole/metal/llk_io/llk_io_pack.h:21:5: note: in expansion of macro 'DeviceZoneScopedSumN2'
   21 |     DeviceZoneScopedSumN2("CB-COMPUTE-RESERVE-BACK");
      |     ^~~~~~~~~~~~~~~~~~~~~
/home/mvasiljevic/tt-metal/tt_metal/hw/firmware/src/tt-1xx/trisck.cc: In function 'uint32_t _start()':
/home/mvasiljevic/tt-metal/tt_metal/tools/profiler/kernel_profiler.hpp:25:22: note: '#pragma message: TRISC-KERNEL,/home/mvasiljevic/tt-metal/tt_metal/hw/firmware/src/tt-1xx/trisck.cc,86,KERNEL_PROFILER'
   25 | #define DO_PRAGMA(x) _Pragma(#x)
      |                      ^~~~~~~
/home/mvasiljevic/tt-metal/tt_metal/tools/profiler/kernel_profiler.hpp:702:5: note: in expansion of macro 'DO_PRAGMA'
  702 |     DO_PRAGMA(message(PROFILER_MSG_NAME(name)));                               \
      |     ^~~~~~~~~
/home/mvasiljevic/tt-metal/tt_metal/hw/firmware/src/tt-1xx/trisck.cc:86:5: note: in expansion of macro 'DeviceZoneScopedMainChildN'
   86 |     DeviceZoneScopedMainChildN("TRISC-KERNEL");
      |     ^~~~~~~~~~~~~~~~~~~~~~~~~~
Building trisc0, compile step:
cd /home/mvasiljevic/.cache/tt-metal-cache/12569132917722018041/kernels/rotary_embedding/1974384404298281028/trisc0/ && /home/mvasiljevic/tt-metal/runtime/sfpi/compiler/bin/riscv-tt-elf-g++ -O3 -std=c++17 -ftt-nttp -ftt-constinit -ftt-consteval -ftt-no-dyninit -flto=auto -ffast-math -fno-exceptions -fno-rtti -fno-use-cxa-atexit -g -MMD -Wall -Werror -Wno-error=deprecated-declarations -Wno-error=multistatement-macros -Wno-error=parentheses -Wno-error=unused-but-set-variable -Wno-unused-variable -Wno-unused-function -mcpu=tt-bh-tensix -I. -I.. -I/home/mvasiljevic/tt-metal/ -I/home/mvasiljevic/tt-metal/ttnn -I/home/mvasiljevic/tt-metal/ttnn/cpp -I/home/mvasiljevic/tt-metal/tt_metal -I/home/mvasiljevic/tt-metal/tt_metal/hw/inc -I/home/mvasiljevic/tt-metal/tt_metal/tt-llk/common -I/home/mvasiljevic/tt-metal/tt_metal/hostdevcommon/api -I/home/mvasiljevic/tt-metal/tt_metal/api/ -I/home/mvasiljevic/tt-metal/runtime/sfpi/include -I/home/mvasiljevic/tt-metal/tt_metal/hw/ckernels/blackhole/metal/common -I/home/mvasiljevic/tt-metal/tt_metal/hw/ckernels/blackhole/metal/llk_io -I/home/mvasiljevic/tt-metal/tt_metal/hw/inc/internal/tt-1xx -I/home/mvasiljevic/tt-metal/tt_metal/hw/inc/internal/tt-1xx/blackhole -I/home/mvasiljevic/tt-metal/tt_metal/hw/inc/internal/tt-1xx/blackhole/blackhole_defines -I/home/mvasiljevic/tt-metal/tt_metal/hw/inc/internal/tt-1xx/blackhole/noc -I/home/mvasiljevic/tt-metal/tt_metal/tt-llk/tt_llk_blackhole/common/inc -I/home/mvasiljevic/tt-metal/tt_metal/tt-llk/tt_llk_blackhole/llk_lib -I/home/mvasiljevic/tt-metal/tt_metal/hw/ckernels/blackhole/metal/llk_api -I/home/mvasiljevic/tt-metal/tt_metal/hw/ckernels/blackhole/metal/llk_api/llk_sfpu -I/home/mvasiljevic/tt-metal/tt_metal/hw/firmware/src/tt-1xx -I/home/mvasiljevic/tt-metal/ttnn/cpp/ttnn/operations/experimental/transformer/rotary_embedding/device/kernels/compute -c -o /home/mvasiljevic/.cache/tt-metal-cache/12569132917722018041/kernels/rotary_embedding/1974384404298281028/trisc0/trisck.5880147012631460308.o /home/mvasiljevic/tt-metal/tt_metal/hw/firmware/src/tt-1xx/trisck.cc -MF /home/mvasiljevic/.cache/tt-metal-cache/12569132917722018041/kernels/rotary_embedding/1974384404298281028/trisc0/trisck.5880147012631460308.d -DIS_NOT_POW2_NUM_L1_BANKS=1 -DLOG_BASE_2_OF_NUM_DRAM_BANKS=3 -DNUM_DRAM_BANKS=8 -DNUM_L1_BANKS=110 -DPCIE_NOC_X=19 -DPCIE_NOC_Y=24 -DTENSIX_FIRMWARE -DLOCAL_MEM_EN=0 -DPROFILE_KERNEL=1 -DPROFILER_FULL_HOST_BUFFER_SIZE_PER_RISC=48000 -DPROCESSOR_INDEX=2 -DUCK_CHLKC_UNPACK -DCOMPILE_FOR_TRISC=0 -DARCH_BLACKHOLE -DDISPATCH_MESSAGE_ADDR=4290184248 -DKERNEL_BUILD -DFULL_KERNEL_NAME="\"rotary_embedding/1974384404298281028/\"" -DKERNEL_COMPILE_TIME_ARGS=0,1,2,3,4,24,25,26,16,2,4,2
In file included from /home/mvasiljevic/tt-metal/tt_metal/hw/ckernels/blackhole/metal/llk_io/llk_io_unpack.h:13,
                 from /home/mvasiljevic/tt-metal/tt_metal/hw/inc/api/compute/cb_api.h:15,
                 from /home/mvasiljevic/tt-metal/tt_metal/hw/inc/api/compute/common.h:11,
                 from /home/mvasiljevic/tt-metal/ttnn/cpp/ttnn/operations/experimental/transformer/rotary_embedding/device/kernels/compute/rotary_embedding.cpp:7,
                 from ../chlkc_unpack.cpp:3,
                 from /home/mvasiljevic/tt-metal/tt_metal/hw/ckernels/blackhole/metal/common/chlkc_list.h:26,
                 from /home/mvasiljevic/tt-metal/tt_metal/hw/firmware/src/tt-1xx/trisck.cc:13:
/home/mvasiljevic/tt-metal/tt_metal/hw/ckernels/blackhole/metal/llk_io/llk_io_unpack.h: In function 'void llk_wait_tiles(int, int32_t)':
/home/mvasiljevic/tt-metal/tt_metal/tools/profiler/kernel_profiler.hpp:25:22: note: '#pragma message: CB-COMPUTE-WAIT-FRONT,/home/mvasiljevic/tt-metal/tt_metal/hw/ckernels/blackhole/metal/llk_io/llk_io_unpack.h,19,KERNEL_PROFILER'
   25 | #define DO_PRAGMA(x) _Pragma(#x)
      |                      ^~~~~~~
/home/mvasiljevic/tt-metal/tt_metal/tools/profiler/kernel_profiler.hpp:707:5: note: in expansion of macro 'DO_PRAGMA'
  707 |     DO_PRAGMA(message(PROFILER_MSG_NAME(name)));                               \
      |     ^~~~~~~~~
/home/mvasiljevic/tt-metal/tt_metal/hw/ckernels/blackhole/metal/llk_io/llk_io_unpack.h:19:5: note: in expansion of macro 'DeviceZoneScopedSumN1'
   19 |     DeviceZoneScopedSumN1("CB-COMPUTE-WAIT-FRONT");
      |     ^~~~~~~~~~~~~~~~~~~~~
/home/mvasiljevic/tt-metal/tt_metal/hw/firmware/src/tt-1xx/trisck.cc: In function 'uint32_t _start()':
/home/mvasiljevic/tt-metal/tt_metal/tools/profiler/kernel_profiler.hpp:25:22: note: '#pragma message: TRISC-KERNEL,/home/mvasiljevic/tt-metal/tt_metal/hw/firmware/src/tt-1xx/trisck.cc,86,KERNEL_PROFILER'
   25 | #define DO_PRAGMA(x) _Pragma(#x)
      |                      ^~~~~~~
/home/mvasiljevic/tt-metal/tt_metal/tools/profiler/kernel_profiler.hpp:702:5: note: in expansion of macro 'DO_PRAGMA'
  702 |     DO_PRAGMA(message(PROFILER_MSG_NAME(name)));                               \
      |     ^~~~~~~~~
/home/mvasiljevic/tt-metal/tt_metal/hw/firmware/src/tt-1xx/trisck.cc:86:5: note: in expansion of macro 'DeviceZoneScopedMainChildN'
   86 |     DeviceZoneScopedMainChildN("TRISC-KERNEL");
      |     ^~~~~~~~~~~~~~~~~~~~~~~~~~
Building trisc0, compile step:
cd /home/mvasiljevic/.cache/tt-metal-cache/12569132917722018041/kernels/rotary_embedding/1679027051022344736/trisc0/ && /home/mvasiljevic/tt-metal/runtime/sfpi/compiler/bin/riscv-tt-elf-g++ -O3 -std=c++17 -ftt-nttp -ftt-constinit -ftt-consteval -ftt-no-dyninit -flto=auto -ffast-math -fno-exceptions -fno-rtti -fno-use-cxa-atexit -g -MMD -Wall -Werror -Wno-error=deprecated-declarations -Wno-error=multistatement-macros -Wno-error=parentheses -Wno-error=unused-but-set-variable -Wno-unused-variable -Wno-unused-function -mcpu=tt-bh-tensix -I. -I.. -I/home/mvasiljevic/tt-metal/ -I/home/mvasiljevic/tt-metal/ttnn -I/home/mvasiljevic/tt-metal/ttnn/cpp -I/home/mvasiljevic/tt-metal/tt_metal -I/home/mvasiljevic/tt-metal/tt_metal/hw/inc -I/home/mvasiljevic/tt-metal/tt_metal/tt-llk/common -I/home/mvasiljevic/tt-metal/tt_metal/hostdevcommon/api -I/home/mvasiljevic/tt-metal/tt_metal/api/ -I/home/mvasiljevic/tt-metal/runtime/sfpi/include -I/home/mvasiljevic/tt-metal/tt_metal/hw/ckernels/blackhole/metal/common -I/home/mvasiljevic/tt-metal/tt_metal/hw/ckernels/blackhole/metal/llk_io -I/home/mvasiljevic/tt-metal/tt_metal/hw/inc/internal/tt-1xx -I/home/mvasiljevic/tt-metal/tt_metal/hw/inc/internal/tt-1xx/blackhole -I/home/mvasiljevic/tt-metal/tt_metal/hw/inc/internal/tt-1xx/blackhole/blackhole_defines -I/home/mvasiljevic/tt-metal/tt_metal/hw/inc/internal/tt-1xx/blackhole/noc -I/home/mvasiljevic/tt-metal/tt_metal/tt-llk/tt_llk_blackhole/common/inc -I/home/mvasiljevic/tt-metal/tt_metal/tt-llk/tt_llk_blackhole/llk_lib -I/home/mvasiljevic/tt-metal/tt_metal/hw/ckernels/blackhole/metal/llk_api -I/home/mvasiljevic/tt-metal/tt_metal/hw/ckernels/blackhole/metal/llk_api/llk_sfpu -I/home/mvasiljevic/tt-metal/tt_metal/hw/firmware/src/tt-1xx -I/home/mvasiljevic/tt-metal/ttnn/cpp/ttnn/operations/experimental/transformer/rotary_embedding/device/kernels/compute -c -o /home/mvasiljevic/.cache/tt-metal-cache/12569132917722018041/kernels/rotary_embedding/1679027051022344736/trisc0/trisck.5880147012631460308.o /home/mvasiljevic/tt-metal/tt_metal/hw/firmware/src/tt-1xx/trisck.cc -MF /home/mvasiljevic/.cache/tt-metal-cache/12569132917722018041/kernels/rotary_embedding/1679027051022344736/trisc0/trisck.5880147012631460308.d -DIS_NOT_POW2_NUM_L1_BANKS=1 -DLOG_BASE_2_OF_NUM_DRAM_BANKS=3 -DNUM_DRAM_BANKS=8 -DNUM_L1_BANKS=110 -DPCIE_NOC_X=19 -DPCIE_NOC_Y=24 -DTENSIX_FIRMWARE -DLOCAL_MEM_EN=0 -DPROFILE_KERNEL=1 -DPROFILER_FULL_HOST_BUFFER_SIZE_PER_RISC=48000 -DPROCESSOR_INDEX=2 -DUCK_CHLKC_UNPACK -DCOMPILE_FOR_TRISC=0 -DARCH_BLACKHOLE -DDISPATCH_MESSAGE_ADDR=4290184248 -DKERNEL_BUILD -DFULL_KERNEL_NAME="\"rotary_embedding/1679027051022344736/\"" -DKERNEL_COMPILE_TIME_ARGS=0,1,2,3,4,24,25,26,16,1,4,2
In file included from /home/mvasiljevic/tt-metal/tt_metal/hw/ckernels/blackhole/metal/llk_io/llk_io_unpack.h:13,
                 from /home/mvasiljevic/tt-metal/tt_metal/hw/inc/api/compute/cb_api.h:15,
                 from /home/mvasiljevic/tt-metal/tt_metal/hw/inc/api/compute/common.h:11,
                 from /home/mvasiljevic/tt-metal/ttnn/cpp/ttnn/operations/experimental/transformer/rotary_embedding/device/kernels/compute/rotary_embedding.cpp:7,
                 from ../chlkc_unpack.cpp:3,
                 from /home/mvasiljevic/tt-metal/tt_metal/hw/ckernels/blackhole/metal/common/chlkc_list.h:26,
                 from /home/mvasiljevic/tt-metal/tt_metal/hw/firmware/src/tt-1xx/trisck.cc:13:
/home/mvasiljevic/tt-metal/tt_metal/hw/ckernels/blackhole/metal/llk_io/llk_io_unpack.h: In function 'void llk_wait_tiles(int, int32_t)':
/home/mvasiljevic/tt-metal/tt_metal/tools/profiler/kernel_profiler.hpp:25:22: note: '#pragma message: CB-COMPUTE-WAIT-FRONT,/home/mvasiljevic/tt-metal/tt_metal/hw/ckernels/blackhole/metal/llk_io/llk_io_unpack.h,19,KERNEL_PROFILER'
   25 | #define DO_PRAGMA(x) _Pragma(#x)
      |                      ^~~~~~~
/home/mvasiljevic/tt-metal/tt_metal/tools/profiler/kernel_profiler.hpp:707:5: note: in expansion of macro 'DO_PRAGMA'
  707 |     DO_PRAGMA(message(PROFILER_MSG_NAME(name)));                               \
      |     ^~~~~~~~~
/home/mvasiljevic/tt-metal/tt_metal/hw/ckernels/blackhole/metal/llk_io/llk_io_unpack.h:19:5: note: in expansion of macro 'DeviceZoneScopedSumN1'
   19 |     DeviceZoneScopedSumN1("CB-COMPUTE-WAIT-FRONT");
      |     ^~~~~~~~~~~~~~~~~~~~~
/home/mvasiljevic/tt-metal/tt_metal/hw/firmware/src/tt-1xx/trisck.cc: In function 'uint32_t _start()':
/home/mvasiljevic/tt-metal/tt_metal/tools/profiler/kernel_profiler.hpp:25:22: note: '#pragma message: TRISC-KERNEL,/home/mvasiljevic/tt-metal/tt_metal/hw/firmware/src/tt-1xx/trisck.cc,86,KERNEL_PROFILER'
   25 | #define DO_PRAGMA(x) _Pragma(#x)
      |                      ^~~~~~~
/home/mvasiljevic/tt-metal/tt_metal/tools/profiler/kernel_profiler.hpp:702:5: note: in expansion of macro 'DO_PRAGMA'
  702 |     DO_PRAGMA(message(PROFILER_MSG_NAME(name)));                               \
      |     ^~~~~~~~~
/home/mvasiljevic/tt-metal/tt_metal/hw/firmware/src/tt-1xx/trisck.cc:86:5: note: in expansion of macro 'DeviceZoneScopedMainChildN'
   86 |     DeviceZoneScopedMainChildN("TRISC-KERNEL");
      |     ^~~~~~~~~~~~~~~~~~~~~~~~~~
Building trisc1, compile step:
cd /home/mvasiljevic/.cache/tt-metal-cache/12569132917722018041/kernels/rotary_embedding/1679027051022344736/trisc1/ && /home/mvasiljevic/tt-metal/runtime/sfpi/compiler/bin/riscv-tt-elf-g++ -O3 -std=c++17 -ftt-nttp -ftt-constinit -ftt-consteval -ftt-no-dyninit -flto=auto -ffast-math -fno-exceptions -fno-rtti -fno-use-cxa-atexit -g -MMD -Wall -Werror -Wno-error=deprecated-declarations -Wno-error=multistatement-macros -Wno-error=parentheses -Wno-error=unused-but-set-variable -Wno-unused-variable -Wno-unused-function -mcpu=tt-bh-tensix -I. -I.. -I/home/mvasiljevic/tt-metal/ -I/home/mvasiljevic/tt-metal/ttnn -I/home/mvasiljevic/tt-metal/ttnn/cpp -I/home/mvasiljevic/tt-metal/tt_metal -I/home/mvasiljevic/tt-metal/tt_metal/hw/inc -I/home/mvasiljevic/tt-metal/tt_metal/tt-llk/common -I/home/mvasiljevic/tt-metal/tt_metal/hostdevcommon/api -I/home/mvasiljevic/tt-metal/tt_metal/api/ -I/home/mvasiljevic/tt-metal/runtime/sfpi/include -I/home/mvasiljevic/tt-metal/tt_metal/hw/ckernels/blackhole/metal/common -I/home/mvasiljevic/tt-metal/tt_metal/hw/ckernels/blackhole/metal/llk_io -I/home/mvasiljevic/tt-metal/tt_metal/hw/inc/internal/tt-1xx -I/home/mvasiljevic/tt-metal/tt_metal/hw/inc/internal/tt-1xx/blackhole -I/home/mvasiljevic/tt-metal/tt_metal/hw/inc/internal/tt-1xx/blackhole/blackhole_defines -I/home/mvasiljevic/tt-metal/tt_metal/hw/inc/internal/tt-1xx/blackhole/noc -I/home/mvasiljevic/tt-metal/tt_metal/tt-llk/tt_llk_blackhole/common/inc -I/home/mvasiljevic/tt-metal/tt_metal/tt-llk/tt_llk_blackhole/llk_lib -I/home/mvasiljevic/tt-metal/tt_metal/hw/ckernels/blackhole/metal/llk_api -I/home/mvasiljevic/tt-metal/tt_metal/hw/ckernels/blackhole/metal/llk_api/llk_sfpu -I/home/mvasiljevic/tt-metal/tt_metal/hw/firmware/src/tt-1xx -I/home/mvasiljevic/tt-metal/ttnn/cpp/ttnn/operations/experimental/transformer/rotary_embedding/device/kernels/compute -c -o /home/mvasiljevic/.cache/tt-metal-cache/12569132917722018041/kernels/rotary_embedding/1679027051022344736/trisc1/trisck.5880147012631460308.o /home/mvasiljevic/tt-metal/tt_metal/hw/firmware/src/tt-1xx/trisck.cc -MF /home/mvasiljevic/.cache/tt-metal-cache/12569132917722018041/kernels/rotary_embedding/1679027051022344736/trisc1/trisck.5880147012631460308.d -DIS_NOT_POW2_NUM_L1_BANKS=1 -DLOG_BASE_2_OF_NUM_DRAM_BANKS=3 -DNUM_DRAM_BANKS=8 -DNUM_L1_BANKS=110 -DPCIE_NOC_X=19 -DPCIE_NOC_Y=24 -DTENSIX_FIRMWARE -DLOCAL_MEM_EN=0 -DPROFILE_KERNEL=1 -DPROFILER_FULL_HOST_BUFFER_SIZE_PER_RISC=48000 -DPROCESSOR_INDEX=3 -DUCK_CHLKC_MATH -DCOMPILE_FOR_TRISC=1 -DARCH_BLACKHOLE -DDISPATCH_MESSAGE_ADDR=4290184248 -DKERNEL_BUILD -DFULL_KERNEL_NAME="\"rotary_embedding/1679027051022344736/\"" -DKERNEL_COMPILE_TIME_ARGS=0,1,2,3,4,24,25,26,16,1,4,2
In file included from /home/mvasiljevic/tt-metal/tt_metal/hw/firmware/src/tt-1xx/trisck.cc:15:
/home/mvasiljevic/tt-metal/tt_metal/hw/firmware/src/tt-1xx/trisck.cc: In function 'uint32_t _start()':
/home/mvasiljevic/tt-metal/tt_metal/tools/profiler/kernel_profiler.hpp:25:22: note: '#pragma message: TRISC-KERNEL,/home/mvasiljevic/tt-metal/tt_metal/hw/firmware/src/tt-1xx/trisck.cc,86,KERNEL_PROFILER'
   25 | #define DO_PRAGMA(x) _Pragma(#x)
      |                      ^~~~~~~
/home/mvasiljevic/tt-metal/tt_metal/tools/profiler/kernel_profiler.hpp:702:5: note: in expansion of macro 'DO_PRAGMA'
  702 |     DO_PRAGMA(message(PROFILER_MSG_NAME(name)));                               \
      |     ^~~~~~~~~
/home/mvasiljevic/tt-metal/tt_metal/hw/firmware/src/tt-1xx/trisck.cc:86:5: note: in expansion of macro 'DeviceZoneScopedMainChildN'
   86 |     DeviceZoneScopedMainChildN("TRISC-KERNEL");
      |     ^~~~~~~~~~~~~~~~~~~~~~~~~~
Building trisc1, compile step:
cd /home/mvasiljevic/.cache/tt-metal-cache/12569132917722018041/kernels/rotary_embedding/1974384404298281028/trisc1/ && /home/mvasiljevic/tt-metal/runtime/sfpi/compiler/bin/riscv-tt-elf-g++ -O3 -std=c++17 -ftt-nttp -ftt-constinit -ftt-consteval -ftt-no-dyninit -flto=auto -ffast-math -fno-exceptions -fno-rtti -fno-use-cxa-atexit -g -MMD -Wall -Werror -Wno-error=deprecated-declarations -Wno-error=multistatement-macros -Wno-error=parentheses -Wno-error=unused-but-set-variable -Wno-unused-variable -Wno-unused-function -mcpu=tt-bh-tensix -I. -I.. -I/home/mvasiljevic/tt-metal/ -I/home/mvasiljevic/tt-metal/ttnn -I/home/mvasiljevic/tt-metal/ttnn/cpp -I/home/mvasiljevic/tt-metal/tt_metal -I/home/mvasiljevic/tt-metal/tt_metal/hw/inc -I/home/mvasiljevic/tt-metal/tt_metal/tt-llk/common -I/home/mvasiljevic/tt-metal/tt_metal/hostdevcommon/api -I/home/mvasiljevic/tt-metal/tt_metal/api/ -I/home/mvasiljevic/tt-metal/runtime/sfpi/include -I/home/mvasiljevic/tt-metal/tt_metal/hw/ckernels/blackhole/metal/common -I/home/mvasiljevic/tt-metal/tt_metal/hw/ckernels/blackhole/metal/llk_io -I/home/mvasiljevic/tt-metal/tt_metal/hw/inc/internal/tt-1xx -I/home/mvasiljevic/tt-metal/tt_metal/hw/inc/internal/tt-1xx/blackhole -I/home/mvasiljevic/tt-metal/tt_metal/hw/inc/internal/tt-1xx/blackhole/blackhole_defines -I/home/mvasiljevic/tt-metal/tt_metal/hw/inc/internal/tt-1xx/blackhole/noc -I/home/mvasiljevic/tt-metal/tt_metal/tt-llk/tt_llk_blackhole/common/inc -I/home/mvasiljevic/tt-metal/tt_metal/tt-llk/tt_llk_blackhole/llk_lib -I/home/mvasiljevic/tt-metal/tt_metal/hw/ckernels/blackhole/metal/llk_api -I/home/mvasiljevic/tt-metal/tt_metal/hw/ckernels/blackhole/metal/llk_api/llk_sfpu -I/home/mvasiljevic/tt-metal/tt_metal/hw/firmware/src/tt-1xx -I/home/mvasiljevic/tt-metal/ttnn/cpp/ttnn/operations/experimental/transformer/rotary_embedding/device/kernels/compute -c -o /home/mvasiljevic/.cache/tt-metal-cache/12569132917722018041/kernels/rotary_embedding/1974384404298281028/trisc1/trisck.5880147012631460308.o /home/mvasiljevic/tt-metal/tt_metal/hw/firmware/src/tt-1xx/trisck.cc -MF /home/mvasiljevic/.cache/tt-metal-cache/12569132917722018041/kernels/rotary_embedding/1974384404298281028/trisc1/trisck.5880147012631460308.d -DIS_NOT_POW2_NUM_L1_BANKS=1 -DLOG_BASE_2_OF_NUM_DRAM_BANKS=3 -DNUM_DRAM_BANKS=8 -DNUM_L1_BANKS=110 -DPCIE_NOC_X=19 -DPCIE_NOC_Y=24 -DTENSIX_FIRMWARE -DLOCAL_MEM_EN=0 -DPROFILE_KERNEL=1 -DPROFILER_FULL_HOST_BUFFER_SIZE_PER_RISC=48000 -DPROCESSOR_INDEX=3 -DUCK_CHLKC_MATH -DCOMPILE_FOR_TRISC=1 -DARCH_BLACKHOLE -DDISPATCH_MESSAGE_ADDR=4290184248 -DKERNEL_BUILD -DFULL_KERNEL_NAME="\"rotary_embedding/1974384404298281028/\"" -DKERNEL_COMPILE_TIME_ARGS=0,1,2,3,4,24,25,26,16,2,4,2
In file included from /home/mvasiljevic/tt-metal/tt_metal/hw/firmware/src/tt-1xx/trisck.cc:15:
/home/mvasiljevic/tt-metal/tt_metal/hw/firmware/src/tt-1xx/trisck.cc: In function 'uint32_t _start()':
/home/mvasiljevic/tt-metal/tt_metal/tools/profiler/kernel_profiler.hpp:25:22: note: '#pragma message: TRISC-KERNEL,/home/mvasiljevic/tt-metal/tt_metal/hw/firmware/src/tt-1xx/trisck.cc,86,KERNEL_PROFILER'
   25 | #define DO_PRAGMA(x) _Pragma(#x)
      |                      ^~~~~~~
/home/mvasiljevic/tt-metal/tt_metal/tools/profiler/kernel_profiler.hpp:702:5: note: in expansion of macro 'DO_PRAGMA'
  702 |     DO_PRAGMA(message(PROFILER_MSG_NAME(name)));                               \
      |     ^~~~~~~~~
/home/mvasiljevic/tt-metal/tt_metal/hw/firmware/src/tt-1xx/trisck.cc:86:5: note: in expansion of macro 'DeviceZoneScopedMainChildN'
   86 |     DeviceZoneScopedMainChildN("TRISC-KERNEL");
      |     ^~~~~~~~~~~~~~~~~~~~~~~~~~
Building ncrisc, compile step:
cd /home/mvasiljevic/.cache/tt-metal-cache/12569132917722018041/kernels/reader_fill_cache_interleaved/14127415952242961771/ncrisc/ && /home/mvasiljevic/tt-metal/runtime/sfpi/compiler/bin/riscv-tt-elf-g++ -O2 -std=c++17 -ftt-nttp -ftt-constinit -ftt-consteval -ftt-no-dyninit -flto=auto -ffast-math -fno-exceptions -fno-rtti -fno-use-cxa-atexit -g -MMD -Wall -Werror -Wno-error=deprecated-declarations -Wno-error=multistatement-macros -Wno-error=parentheses -Wno-error=unused-but-set-variable -Wno-unused-variable -Wno-unused-function -mcpu=tt-bh -fno-tree-loop-distribute-patterns -I. -I.. -I/home/mvasiljevic/tt-metal/ -I/home/mvasiljevic/tt-metal/ttnn -I/home/mvasiljevic/tt-metal/ttnn/cpp -I/home/mvasiljevic/tt-metal/tt_metal -I/home/mvasiljevic/tt-metal/tt_metal/hw/inc -I/home/mvasiljevic/tt-metal/tt_metal/tt-llk/common -I/home/mvasiljevic/tt-metal/tt_metal/hostdevcommon/api -I/home/mvasiljevic/tt-metal/tt_metal/api/ -I/home/mvasiljevic/tt-metal/tt_metal/hw/ckernels/blackhole/metal/common -I/home/mvasiljevic/tt-metal/tt_metal/hw/ckernels/blackhole/metal/llk_io -I/home/mvasiljevic/tt-metal/tt_metal/hw/inc/internal/tt-1xx -I/home/mvasiljevic/tt-metal/tt_metal/hw/inc/internal/tt-1xx/blackhole -I/home/mvasiljevic/tt-metal/tt_metal/hw/inc/internal/tt-1xx/blackhole/blackhole_defines -I/home/mvasiljevic/tt-metal/tt_metal/hw/inc/internal/tt-1xx/blackhole/noc -I/home/mvasiljevic/tt-metal/tt_metal/tt-llk/tt_llk_blackhole/common/inc -I/home/mvasiljevic/tt-metal/tt_metal/tt-llk/tt_llk_blackhole/llk_lib -I/home/mvasiljevic/tt-metal/tt_metal/hw/firmware/src/tt-1xx -I/home/mvasiljevic/tt-metal/ttnn/cpp/ttnn/operations/experimental/paged_cache/device/kernels/dataflow -c -o /home/mvasiljevic/.cache/tt-metal-cache/12569132917722018041/kernels/reader_fill_cache_interleaved/14127415952242961771/ncrisc/ncrisck.5880147012631460308.o /home/mvasiljevic/tt-metal/tt_metal/hw/firmware/src/tt-1xx/ncrisck.cc -MF /home/mvasiljevic/.cache/tt-metal-cache/12569132917722018041/kernels/reader_fill_cache_interleaved/14127415952242961771/ncrisc/ncrisck.5880147012631460308.d -DIS_NOT_POW2_NUM_L1_BANKS=1 -DLOG_BASE_2_OF_NUM_DRAM_BANKS=3 -DNUM_DRAM_BANKS=8 -DNUM_L1_BANKS=110 -DPCIE_NOC_X=19 -DPCIE_NOC_Y=24 -DTENSIX_FIRMWARE -DLOCAL_MEM_EN=0 -DPROFILE_KERNEL=1 -DPROFILER_FULL_HOST_BUFFER_SIZE_PER_RISC=48000 -DPROCESSOR_INDEX=1 -DCOMPILE_FOR_NCRISC -DARCH_BLACKHOLE -DDISPATCH_MESSAGE_ADDR=4290184248 -DKERNEL_BUILD -DFULL_KERNEL_NAME="\"reader_fill_cache_interleaved/14127415952242961771/\"" -DNOC_INDEX='0' -DNOC_MODE='0' -DKERNEL_COMPILE_TIME_ARGS=0,4,2,2048
In file included from /home/mvasiljevic/tt-metal/tt_metal/hw/inc/api/dataflow/dataflow_api.h:27,
                 from /home/mvasiljevic/tt-metal/tt_metal/hw/inc/internal/firmware_common.h:24,
                 from /home/mvasiljevic/tt-metal/tt_metal/hw/firmware/src/tt-1xx/ncrisck.cc:17:
/home/mvasiljevic/tt-metal/tt_metal/tools/profiler/kernel_profiler.hpp: In function 'void kernel_profiler::quick_push()':
/home/mvasiljevic/tt-metal/tt_metal/tools/profiler/kernel_profiler.hpp:25:22: note: '#pragma message: PROFILER-NOC-QUICK-PUSH,/home/mvasiljevic/tt-metal/tt_metal/tools/profiler/kernel_profiler.hpp,395,KERNEL_PROFILER'
   25 | #define DO_PRAGMA(x) _Pragma(#x)
      |                      ^~~~~~~
/home/mvasiljevic/tt-metal/tt_metal/tools/profiler/kernel_profiler.hpp:35:5: note: in expansion of macro 'DO_PRAGMA'
   35 |     DO_PRAGMA(message(PROFILER_MSG_NAME(name))); \
      |     ^~~~~~~~~
/home/mvasiljevic/tt-metal/tt_metal/tools/profiler/kernel_profiler.hpp:395:5: note: in expansion of macro 'SrcLocNameToHash'
  395 |     SrcLocNameToHash("PROFILER-NOC-QUICK-PUSH");
      |     ^~~~~~~~~~~~~~~~
/home/mvasiljevic/tt-metal/tt_metal/hw/firmware/src/tt-1xx/ncrisck.cc: In function 'uint32_t _start()':
/home/mvasiljevic/tt-metal/tt_metal/tools/profiler/kernel_profiler.hpp:25:22: note: '#pragma message: NCRISC-KERNEL,/home/mvasiljevic/tt-metal/tt_metal/hw/firmware/src/tt-1xx/ncrisck.cc,69,KERNEL_PROFILER'
   25 | #define DO_PRAGMA(x) _Pragma(#x)
      |                      ^~~~~~~
/home/mvasiljevic/tt-metal/tt_metal/tools/profiler/kernel_profiler.hpp:702:5: note: in expansion of macro 'DO_PRAGMA'
  702 |     DO_PRAGMA(message(PROFILER_MSG_NAME(name)));                               \
      |     ^~~~~~~~~
/home/mvasiljevic/tt-metal/tt_metal/hw/firmware/src/tt-1xx/ncrisck.cc:69:5: note: in expansion of macro 'DeviceZoneScopedMainChildN'
   69 |     DeviceZoneScopedMainChildN("NCRISC-KERNEL");
      |     ^~~~~~~~~~~~~~~~~~~~~~~~~~
Building brisc, compile step:
cd /home/mvasiljevic/.cache/tt-metal-cache/12569132917722018041/kernels/writer_fill_cache_interleaved/18344311534810825388/brisc/ && /home/mvasiljevic/tt-metal/runtime/sfpi/compiler/bin/riscv-tt-elf-g++ -O2 -std=c++17 -ftt-nttp -ftt-constinit -ftt-consteval -ftt-no-dyninit -flto=auto -ffast-math -fno-exceptions -fno-rtti -fno-use-cxa-atexit -g -MMD -Wall -Werror -Wno-error=deprecated-declarations -Wno-error=multistatement-macros -Wno-error=parentheses -Wno-error=unused-but-set-variable -Wno-unused-variable -Wno-unused-function -mcpu=tt-bh -fno-tree-loop-distribute-patterns -I. -I.. -I/home/mvasiljevic/tt-metal/ -I/home/mvasiljevic/tt-metal/ttnn -I/home/mvasiljevic/tt-metal/ttnn/cpp -I/home/mvasiljevic/tt-metal/tt_metal -I/home/mvasiljevic/tt-metal/tt_metal/hw/inc -I/home/mvasiljevic/tt-metal/tt_metal/tt-llk/common -I/home/mvasiljevic/tt-metal/tt_metal/hostdevcommon/api -I/home/mvasiljevic/tt-metal/tt_metal/api/ -I/home/mvasiljevic/tt-metal/tt_metal/hw/ckernels/blackhole/metal/common -I/home/mvasiljevic/tt-metal/tt_metal/hw/ckernels/blackhole/metal/llk_io -I/home/mvasiljevic/tt-metal/tt_metal/hw/inc/internal/tt-1xx -I/home/mvasiljevic/tt-metal/tt_metal/hw/inc/internal/tt-1xx/blackhole -I/home/mvasiljevic/tt-metal/tt_metal/hw/inc/internal/tt-1xx/blackhole/blackhole_defines -I/home/mvasiljevic/tt-metal/tt_metal/hw/inc/internal/tt-1xx/blackhole/noc -I/home/mvasiljevic/tt-metal/tt_metal/tt-llk/tt_llk_blackhole/common/inc -I/home/mvasiljevic/tt-metal/tt_metal/tt-llk/tt_llk_blackhole/llk_lib -I/home/mvasiljevic/tt-metal/tt_metal/hw/firmware/src/tt-1xx -I/home/mvasiljevic/tt-metal/ttnn/cpp/ttnn/operations/experimental/paged_cache/device/kernels/dataflow -c -o /home/mvasiljevic/.cache/tt-metal-cache/12569132917722018041/kernels/writer_fill_cache_interleaved/18344311534810825388/brisc/brisck.5880147012631460308.o /home/mvasiljevic/tt-metal/tt_metal/hw/firmware/src/tt-1xx/brisck.cc -MF /home/mvasiljevic/.cache/tt-metal-cache/12569132917722018041/kernels/writer_fill_cache_interleaved/18344311534810825388/brisc/brisck.5880147012631460308.d -DIS_NOT_POW2_NUM_L1_BANKS=1 -DLOG_BASE_2_OF_NUM_DRAM_BANKS=3 -DNUM_DRAM_BANKS=8 -DNUM_L1_BANKS=110 -DPCIE_NOC_X=19 -DPCIE_NOC_Y=24 -DTENSIX_FIRMWARE -DLOCAL_MEM_EN=0 -DPROFILE_KERNEL=1 -DPROFILER_FULL_HOST_BUFFER_SIZE_PER_RISC=48000 -DPROCESSOR_INDEX=0 -DCOMPILE_FOR_BRISC -DARCH_BLACKHOLE -DDISPATCH_MESSAGE_ADDR=4290184248 -DKERNEL_BUILD -DFULL_KERNEL_NAME="\"writer_fill_cache_interleaved/18344311534810825388/\"" -DNOC_INDEX='1' -DNOC_MODE='0' -DKERNEL_COMPILE_TIME_ARGS=0,1,4,4,1,4,6,64,0,2,4,1,16,0,2,2048,2,64,0,0
In file included from /home/mvasiljevic/tt-metal/tt_metal/hw/inc/api/dataflow/dataflow_api.h:27,
                 from /home/mvasiljevic/tt-metal/tt_metal/hw/inc/internal/firmware_common.h:24,
                 from /home/mvasiljevic/tt-metal/tt_metal/hw/firmware/src/tt-1xx/brisck.cc:17:
/home/mvasiljevic/tt-metal/tt_metal/tools/profiler/kernel_profiler.hpp: In function 'void kernel_profiler::quick_push()':
/home/mvasiljevic/tt-metal/tt_metal/tools/profiler/kernel_profiler.hpp:25:22: note: '#pragma message: PROFILER-NOC-QUICK-PUSH,/home/mvasiljevic/tt-metal/tt_metal/tools/profiler/kernel_profiler.hpp,395,KERNEL_PROFILER'
   25 | #define DO_PRAGMA(x) _Pragma(#x)
      |                      ^~~~~~~
/home/mvasiljevic/tt-metal/tt_metal/tools/profiler/kernel_profiler.hpp:35:5: note: in expansion of macro 'DO_PRAGMA'
   35 |     DO_PRAGMA(message(PROFILER_MSG_NAME(name))); \
      |     ^~~~~~~~~
/home/mvasiljevic/tt-metal/tt_metal/tools/profiler/kernel_profiler.hpp:395:5: note: in expansion of macro 'SrcLocNameToHash'
  395 |     SrcLocNameToHash("PROFILER-NOC-QUICK-PUSH");
      |     ^~~~~~~~~~~~~~~~
/home/mvasiljevic/tt-metal/tt_metal/hw/firmware/src/tt-1xx/brisck.cc: In function 'uint32_t _start()':
/home/mvasiljevic/tt-metal/tt_metal/tools/profiler/kernel_profiler.hpp:25:22: note: '#pragma message: BRISC-KERNEL,/home/mvasiljevic/tt-metal/tt_metal/hw/firmware/src/tt-1xx/brisck.cc,77,KERNEL_PROFILER'
   25 | #define DO_PRAGMA(x) _Pragma(#x)
      |                      ^~~~~~~
/home/mvasiljevic/tt-metal/tt_metal/tools/profiler/kernel_profiler.hpp:702:5: note: in expansion of macro 'DO_PRAGMA'
  702 |     DO_PRAGMA(message(PROFILER_MSG_NAME(name)));                               \
      |     ^~~~~~~~~
/home/mvasiljevic/tt-metal/tt_metal/hw/firmware/src/tt-1xx/brisck.cc:77:9: note: in expansion of macro 'DeviceZoneScopedMainChildN'
   77 |         DeviceZoneScopedMainChildN("BRISC-KERNEL");
      |         ^~~~~~~~~~~~~~~~~~~~~~~~~~
Building ncrisc, compile step:
cd /home/mvasiljevic/.cache/tt-metal-cache/12569132917722018041/kernels/reader_interleaved/4190627112422103703/ncrisc/ && /home/mvasiljevic/tt-metal/runtime/sfpi/compiler/bin/riscv-tt-elf-g++ -O2 -std=c++17 -ftt-nttp -ftt-constinit -ftt-consteval -ftt-no-dyninit -flto=auto -ffast-math -fno-exceptions -fno-rtti -fno-use-cxa-atexit -g -MMD -Wall -Werror -Wno-error=deprecated-declarations -Wno-error=multistatement-macros -Wno-error=parentheses -Wno-error=unused-but-set-variable -Wno-unused-variable -Wno-unused-function -mcpu=tt-bh -fno-tree-loop-distribute-patterns -I. -I.. -I/home/mvasiljevic/tt-metal/ -I/home/mvasiljevic/tt-metal/ttnn -I/home/mvasiljevic/tt-metal/ttnn/cpp -I/home/mvasiljevic/tt-metal/tt_metal -I/home/mvasiljevic/tt-metal/tt_metal/hw/inc -I/home/mvasiljevic/tt-metal/tt_metal/tt-llk/common -I/home/mvasiljevic/tt-metal/tt_metal/hostdevcommon/api -I/home/mvasiljevic/tt-metal/tt_metal/api/ -I/home/mvasiljevic/tt-metal/tt_metal/hw/ckernels/blackhole/metal/common -I/home/mvasiljevic/tt-metal/tt_metal/hw/ckernels/blackhole/metal/llk_io -I/home/mvasiljevic/tt-metal/tt_metal/hw/inc/internal/tt-1xx -I/home/mvasiljevic/tt-metal/tt_metal/hw/inc/internal/tt-1xx/blackhole -I/home/mvasiljevic/tt-metal/tt_metal/hw/inc/internal/tt-1xx/blackhole/blackhole_defines -I/home/mvasiljevic/tt-metal/tt_metal/hw/inc/internal/tt-1xx/blackhole/noc -I/home/mvasiljevic/tt-metal/tt_metal/tt-llk/tt_llk_blackhole/common/inc -I/home/mvasiljevic/tt-metal/tt_metal/tt-llk/tt_llk_blackhole/llk_lib -I/home/mvasiljevic/tt-metal/tt_metal/hw/firmware/src/tt-1xx -I/home/mvasiljevic/tt-metal/ttnn/cpp/ttnn/operations/transformer/sdpa/device/kernels/dataflow -c -o /home/mvasiljevic/.cache/tt-metal-cache/12569132917722018041/kernels/reader_interleaved/4190627112422103703/ncrisc/ncrisck.5880147012631460308.o /home/mvasiljevic/tt-metal/tt_metal/hw/firmware/src/tt-1xx/ncrisck.cc -MF /home/mvasiljevic/.cache/tt-metal-cache/12569132917722018041/kernels/reader_interleaved/4190627112422103703/ncrisc/ncrisck.5880147012631460308.d -DIS_NOT_POW2_NUM_L1_BANKS=1 -DLOG_BASE_2_OF_NUM_DRAM_BANKS=3 -DNUM_DRAM_BANKS=8 -DNUM_L1_BANKS=110 -DPCIE_NOC_X=19 -DPCIE_NOC_Y=24 -DTENSIX_FIRMWARE -DLOCAL_MEM_EN=0 -DPROFILE_KERNEL=1 -DPROFILER_FULL_HOST_BUFFER_SIZE_PER_RISC=48000 -DPROCESSOR_INDEX=1 -DCOMPILE_FOR_NCRISC -DARCH_BLACKHOLE -DDISPATCH_MESSAGE_ADDR=4290184248 -DKERNEL_BUILD -DFULL_KERNEL_NAME="\"reader_interleaved/4190627112422103703/\"" -DDHT_GRANULARITY='4' -DEXP_APPROX_MODE='1' -DMUL_BCAST_GRANULARITY='1' -DREDUCE_GRANULARITY='1' -DSTATS_GRANULARITY='1' -DSUB_EXP_GRANULARITY='1' -DNOC_INDEX='0' -DNOC_MODE='0' -DKERNEL_COMPILE_TIME_ARGS=1,32,4,4,4,4,4,4,4,4,1,4,1,4,110,1,0,0,0,0,0,0,0,0,0,0,1,0,1,0,0,0,0,1,2,2048,2,2048,2,2048,0,0,0,0,0,0,0,0,0,1,2,3,4294967295,4294967295,4294967295,4294967295
In file included from /home/mvasiljevic/tt-metal/tt_metal/hw/inc/api/dataflow/dataflow_api.h:27,
                 from /home/mvasiljevic/tt-metal/tt_metal/hw/inc/internal/firmware_common.h:24,
                 from /home/mvasiljevic/tt-metal/tt_metal/hw/firmware/src/tt-1xx/ncrisck.cc:17:
/home/mvasiljevic/tt-metal/tt_metal/tools/profiler/kernel_profiler.hpp: In function 'void kernel_profiler::quick_push()':
/home/mvasiljevic/tt-metal/tt_metal/tools/profiler/kernel_profiler.hpp:25:22: note: '#pragma message: PROFILER-NOC-QUICK-PUSH,/home/mvasiljevic/tt-metal/tt_metal/tools/profiler/kernel_profiler.hpp,395,KERNEL_PROFILER'
   25 | #define DO_PRAGMA(x) _Pragma(#x)
      |                      ^~~~~~~
/home/mvasiljevic/tt-metal/tt_metal/tools/profiler/kernel_profiler.hpp:35:5: note: in expansion of macro 'DO_PRAGMA'
   35 |     DO_PRAGMA(message(PROFILER_MSG_NAME(name))); \
      |     ^~~~~~~~~
/home/mvasiljevic/tt-metal/tt_metal/tools/profiler/kernel_profiler.hpp:395:5: note: in expansion of macro 'SrcLocNameToHash'
  395 |     SrcLocNameToHash("PROFILER-NOC-QUICK-PUSH");
      |     ^~~~~~~~~~~~~~~~
/home/mvasiljevic/tt-metal/tt_metal/hw/firmware/src/tt-1xx/ncrisck.cc: In function 'uint32_t _start()':
/home/mvasiljevic/tt-metal/tt_metal/tools/profiler/kernel_profiler.hpp:25:22: note: '#pragma message: NCRISC-KERNEL,/home/mvasiljevic/tt-metal/tt_metal/hw/firmware/src/tt-1xx/ncrisck.cc,69,KERNEL_PROFILER'
   25 | #define DO_PRAGMA(x) _Pragma(#x)
      |                      ^~~~~~~
/home/mvasiljevic/tt-metal/tt_metal/tools/profiler/kernel_profiler.hpp:702:5: note: in expansion of macro 'DO_PRAGMA'
  702 |     DO_PRAGMA(message(PROFILER_MSG_NAME(name)));                               \
      |     ^~~~~~~~~
/home/mvasiljevic/tt-metal/tt_metal/hw/firmware/src/tt-1xx/ncrisck.cc:69:5: note: in expansion of macro 'DeviceZoneScopedMainChildN'
   69 |     DeviceZoneScopedMainChildN("NCRISC-KERNEL");
      |     ^~~~~~~~~~~~~~~~~~~~~~~~~~
Building brisc, compile step:
cd /home/mvasiljevic/.cache/tt-metal-cache/12569132917722018041/kernels/writer_interleaved/2494870053913788173/brisc/ && /home/mvasiljevic/tt-metal/runtime/sfpi/compiler/bin/riscv-tt-elf-g++ -O2 -std=c++17 -ftt-nttp -ftt-constinit -ftt-consteval -ftt-no-dyninit -flto=auto -ffast-math -fno-exceptions -fno-rtti -fno-use-cxa-atexit -g -MMD -Wall -Werror -Wno-error=deprecated-declarations -Wno-error=multistatement-macros -Wno-error=parentheses -Wno-error=unused-but-set-variable -Wno-unused-variable -Wno-unused-function -mcpu=tt-bh -fno-tree-loop-distribute-patterns -I. -I.. -I/home/mvasiljevic/tt-metal/ -I/home/mvasiljevic/tt-metal/ttnn -I/home/mvasiljevic/tt-metal/ttnn/cpp -I/home/mvasiljevic/tt-metal/tt_metal -I/home/mvasiljevic/tt-metal/tt_metal/hw/inc -I/home/mvasiljevic/tt-metal/tt_metal/tt-llk/common -I/home/mvasiljevic/tt-metal/tt_metal/hostdevcommon/api -I/home/mvasiljevic/tt-metal/tt_metal/api/ -I/home/mvasiljevic/tt-metal/tt_metal/hw/ckernels/blackhole/metal/common -I/home/mvasiljevic/tt-metal/tt_metal/hw/ckernels/blackhole/metal/llk_io -I/home/mvasiljevic/tt-metal/tt_metal/hw/inc/internal/tt-1xx -I/home/mvasiljevic/tt-metal/tt_metal/hw/inc/internal/tt-1xx/blackhole -I/home/mvasiljevic/tt-metal/tt_metal/hw/inc/internal/tt-1xx/blackhole/blackhole_defines -I/home/mvasiljevic/tt-metal/tt_metal/hw/inc/internal/tt-1xx/blackhole/noc -I/home/mvasiljevic/tt-metal/tt_metal/tt-llk/tt_llk_blackhole/common/inc -I/home/mvasiljevic/tt-metal/tt_metal/tt-llk/tt_llk_blackhole/llk_lib -I/home/mvasiljevic/tt-metal/tt_metal/hw/firmware/src/tt-1xx -I/home/mvasiljevic/tt-metal/ttnn/cpp/ttnn/operations/transformer/sdpa/device/kernels/dataflow -c -o /home/mvasiljevic/.cache/tt-metal-cache/12569132917722018041/kernels/writer_interleaved/2494870053913788173/brisc/brisck.5880147012631460308.o /home/mvasiljevic/tt-metal/tt_metal/hw/firmware/src/tt-1xx/brisck.cc -MF /home/mvasiljevic/.cache/tt-metal-cache/12569132917722018041/kernels/writer_interleaved/2494870053913788173/brisc/brisck.5880147012631460308.d -DIS_NOT_POW2_NUM_L1_BANKS=1 -DLOG_BASE_2_OF_NUM_DRAM_BANKS=3 -DNUM_DRAM_BANKS=8 -DNUM_L1_BANKS=110 -DPCIE_NOC_X=19 -DPCIE_NOC_Y=24 -DTENSIX_FIRMWARE -DLOCAL_MEM_EN=0 -DPROFILE_KERNEL=1 -DPROFILER_FULL_HOST_BUFFER_SIZE_PER_RISC=48000 -DPROCESSOR_INDEX=0 -DCOMPILE_FOR_BRISC -DARCH_BLACKHOLE -DDISPATCH_MESSAGE_ADDR=4290184248 -DKERNEL_BUILD -DFULL_KERNEL_NAME="\"writer_interleaved/2494870053913788173/\"" -DDHT_GRANULARITY='4' -DEXP_APPROX_MODE='1' -DMUL_BCAST_GRANULARITY='1' -DREDUCE_GRANULARITY='1' -DSTATS_GRANULARITY='1' -DSUB_EXP_GRANULARITY='1' -DNOC_INDEX='1' -DNOC_MODE='0' -DKERNEL_COMPILE_TIME_ARGS=1,32,4,4,4,128,4,4,1,4,1,4,1065369472,1035273459,110,1,0,0,0,0,1,1,1,0,1,2,2048,3,4,5,4294967295,15
In file included from /home/mvasiljevic/tt-metal/tt_metal/hw/inc/api/dataflow/dataflow_api.h:27,
                 from /home/mvasiljevic/tt-metal/tt_metal/hw/inc/internal/firmware_common.h:24,
                 from /home/mvasiljevic/tt-metal/tt_metal/hw/firmware/src/tt-1xx/brisck.cc:17:
/home/mvasiljevic/tt-metal/tt_metal/tools/profiler/kernel_profiler.hpp: In function 'void kernel_profiler::quick_push()':
/home/mvasiljevic/tt-metal/tt_metal/tools/profiler/kernel_profiler.hpp:25:22: note: '#pragma message: PROFILER-NOC-QUICK-PUSH,/home/mvasiljevic/tt-metal/tt_metal/tools/profiler/kernel_profiler.hpp,395,KERNEL_PROFILER'
   25 | #define DO_PRAGMA(x) _Pragma(#x)
      |                      ^~~~~~~
/home/mvasiljevic/tt-metal/tt_metal/tools/profiler/kernel_profiler.hpp:35:5: note: in expansion of macro 'DO_PRAGMA'
   35 |     DO_PRAGMA(message(PROFILER_MSG_NAME(name))); \
      |     ^~~~~~~~~
/home/mvasiljevic/tt-metal/tt_metal/tools/profiler/kernel_profiler.hpp:395:5: note: in expansion of macro 'SrcLocNameToHash'
  395 |     SrcLocNameToHash("PROFILER-NOC-QUICK-PUSH");
      |     ^~~~~~~~~~~~~~~~
/home/mvasiljevic/tt-metal/tt_metal/hw/firmware/src/tt-1xx/brisck.cc: In function 'uint32_t _start()':
/home/mvasiljevic/tt-metal/tt_metal/tools/profiler/kernel_profiler.hpp:25:22: note: '#pragma message: BRISC-KERNEL,/home/mvasiljevic/tt-metal/tt_metal/hw/firmware/src/tt-1xx/brisck.cc,77,KERNEL_PROFILER'
   25 | #define DO_PRAGMA(x) _Pragma(#x)
      |                      ^~~~~~~
/home/mvasiljevic/tt-metal/tt_metal/tools/profiler/kernel_profiler.hpp:702:5: note: in expansion of macro 'DO_PRAGMA'
  702 |     DO_PRAGMA(message(PROFILER_MSG_NAME(name)));                               \
      |     ^~~~~~~~~
/home/mvasiljevic/tt-metal/tt_metal/hw/firmware/src/tt-1xx/brisck.cc:77:9: note: in expansion of macro 'DeviceZoneScopedMainChildN'
   77 |         DeviceZoneScopedMainChildN("BRISC-KERNEL");
      |         ^~~~~~~~~~~~~~~~~~~~~~~~~~
Building trisc0, compile step:
cd /home/mvasiljevic/.cache/tt-metal-cache/12569132917722018041/kernels/sdpa/3496833249097060699/trisc0/ && /home/mvasiljevic/tt-metal/runtime/sfpi/compiler/bin/riscv-tt-elf-g++ -O3 -std=c++17 -ftt-nttp -ftt-constinit -ftt-consteval -ftt-no-dyninit -flto=auto -ffast-math -fno-exceptions -fno-rtti -fno-use-cxa-atexit -g -MMD -Wall -Werror -Wno-error=deprecated-declarations -Wno-error=multistatement-macros -Wno-error=parentheses -Wno-error=unused-but-set-variable -Wno-unused-variable -Wno-unused-function -mcpu=tt-bh-tensix -I. -I.. -I/home/mvasiljevic/tt-metal/ -I/home/mvasiljevic/tt-metal/ttnn -I/home/mvasiljevic/tt-metal/ttnn/cpp -I/home/mvasiljevic/tt-metal/tt_metal -I/home/mvasiljevic/tt-metal/tt_metal/hw/inc -I/home/mvasiljevic/tt-metal/tt_metal/tt-llk/common -I/home/mvasiljevic/tt-metal/tt_metal/hostdevcommon/api -I/home/mvasiljevic/tt-metal/tt_metal/api/ -I/home/mvasiljevic/tt-metal/runtime/sfpi/include -I/home/mvasiljevic/tt-metal/tt_metal/hw/ckernels/blackhole/metal/common -I/home/mvasiljevic/tt-metal/tt_metal/hw/ckernels/blackhole/metal/llk_io -I/home/mvasiljevic/tt-metal/tt_metal/hw/inc/internal/tt-1xx -I/home/mvasiljevic/tt-metal/tt_metal/hw/inc/internal/tt-1xx/blackhole -I/home/mvasiljevic/tt-metal/tt_metal/hw/inc/internal/tt-1xx/blackhole/blackhole_defines -I/home/mvasiljevic/tt-metal/tt_metal/hw/inc/internal/tt-1xx/blackhole/noc -I/home/mvasiljevic/tt-metal/tt_metal/tt-llk/tt_llk_blackhole/common/inc -I/home/mvasiljevic/tt-metal/tt_metal/tt-llk/tt_llk_blackhole/llk_lib -I/home/mvasiljevic/tt-metal/tt_metal/hw/ckernels/blackhole/metal/llk_api -I/home/mvasiljevic/tt-metal/tt_metal/hw/ckernels/blackhole/metal/llk_api/llk_sfpu -I/home/mvasiljevic/tt-metal/tt_metal/hw/firmware/src/tt-1xx -I/home/mvasiljevic/tt-metal/ttnn/cpp/ttnn/operations/transformer/sdpa/device/kernels/compute -c -o /home/mvasiljevic/.cache/tt-metal-cache/12569132917722018041/kernels/sdpa/3496833249097060699/trisc0/trisck.5880147012631460308.o /home/mvasiljevic/tt-metal/tt_metal/hw/firmware/src/tt-1xx/trisck.cc -MF /home/mvasiljevic/.cache/tt-metal-cache/12569132917722018041/kernels/sdpa/3496833249097060699/trisc0/trisck.5880147012631460308.d -DIS_NOT_POW2_NUM_L1_BANKS=1 -DLOG_BASE_2_OF_NUM_DRAM_BANKS=3 -DNUM_DRAM_BANKS=8 -DNUM_L1_BANKS=110 -DPCIE_NOC_X=19 -DPCIE_NOC_Y=24 -DTENSIX_FIRMWARE -DLOCAL_MEM_EN=0 -DPROFILE_KERNEL=1 -DPROFILER_FULL_HOST_BUFFER_SIZE_PER_RISC=48000 -DPROCESSOR_INDEX=2 -DUCK_CHLKC_UNPACK -DCOMPILE_FOR_TRISC=0 -DARCH_BLACKHOLE -DDISPATCH_MESSAGE_ADDR=4290184248 -DKERNEL_BUILD -DFULL_KERNEL_NAME="\"sdpa/3496833249097060699/\"" -DKERNEL_COMPILE_TIME_ARGS=1,32,4,4,4,4,1,4,1,4,4,1,1,1,1,1,1,4,1,1,1,1,110,1,0,0,0,1035273459,0,0,1,4,0,1,0,1,2,3,4294967295,4,5,4294967295,6,15,7,8,9,10,11,12,13,14,2,2048
In file included from /home/mvasiljevic/tt-metal/tt_metal/hw/ckernels/blackhole/metal/llk_io/llk_io_unpack.h:13,
                 from /home/mvasiljevic/tt-metal/tt_metal/hw/inc/api/compute/compute_kernel_api.h:94,
                 from /home/mvasiljevic/tt-metal/ttnn/cpp/ttnn/operations/transformer/sdpa/device/kernels/compute/sdpa.cpp:10,
                 from ../chlkc_unpack.cpp:3,
                 from /home/mvasiljevic/tt-metal/tt_metal/hw/ckernels/blackhole/metal/common/chlkc_list.h:26,
                 from /home/mvasiljevic/tt-metal/tt_metal/hw/firmware/src/tt-1xx/trisck.cc:13:
/home/mvasiljevic/tt-metal/tt_metal/hw/ckernels/blackhole/metal/llk_io/llk_io_unpack.h: In function 'void llk_wait_tiles(int, int32_t)':
/home/mvasiljevic/tt-metal/tt_metal/tools/profiler/kernel_profiler.hpp:25:22: note: '#pragma message: CB-COMPUTE-WAIT-FRONT,/home/mvasiljevic/tt-metal/tt_metal/hw/ckernels/blackhole/metal/llk_io/llk_io_unpack.h,19,KERNEL_PROFILER'
   25 | #define DO_PRAGMA(x) _Pragma(#x)
      |                      ^~~~~~~
/home/mvasiljevic/tt-metal/tt_metal/tools/profiler/kernel_profiler.hpp:707:5: note: in expansion of macro 'DO_PRAGMA'
  707 |     DO_PRAGMA(message(PROFILER_MSG_NAME(name)));                               \
      |     ^~~~~~~~~
/home/mvasiljevic/tt-metal/tt_metal/hw/ckernels/blackhole/metal/llk_io/llk_io_unpack.h:19:5: note: in expansion of macro 'DeviceZoneScopedSumN1'
   19 |     DeviceZoneScopedSumN1("CB-COMPUTE-WAIT-FRONT");
      |     ^~~~~~~~~~~~~~~~~~~~~
/home/mvasiljevic/tt-metal/ttnn/cpp/ttnn/operations/transformer/sdpa/device/kernels/compute/compute_streaming.hpp: In function 'void sub_exp_block_bcast_cols(uint32_t, uint32_t, uint32_t, uint32_t, uint32_t, uint32_t, uint32_t, uint32_t, bool)':
/home/mvasiljevic/tt-metal/tt_metal/tools/profiler/kernel_profiler.hpp:25:22: note: '#pragma message: SUB_EXP_BLOCK_INIT,/home/mvasiljevic/tt-metal/ttnn/cpp/ttnn/operations/transformer/sdpa/device/kernels/compute/compute_streaming.hpp,485,KERNEL_PROFILER'
   25 | #define DO_PRAGMA(x) _Pragma(#x)
      |                      ^~~~~~~
/home/mvasiljevic/tt-metal/ttnn/cpp/ttnn/operations/transformer/sdpa/device/kernels/compute/compute_streaming.hpp:38:5: note: in expansion of macro 'DO_PRAGMA'
   38 |     DO_PRAGMA(message(PROFILER_MSG_NAME(name)));                               \
      |     ^~~~~~~~~
/home/mvasiljevic/tt-metal/ttnn/cpp/ttnn/operations/transformer/sdpa/device/kernels/compute/compute_streaming.hpp:485:9: note: in expansion of macro 'MaybeDeviceZoneScopedN'
  485 |         MaybeDeviceZoneScopedN(profiling_enabled, "SUB_EXP_BLOCK_INIT");
      |         ^~~~~~~~~~~~~~~~~~~~~~
/home/mvasiljevic/tt-metal/tt_metal/tools/profiler/kernel_profiler.hpp:25:22: note: '#pragma message: SUB,/home/mvasiljevic/tt-metal/ttnn/cpp/ttnn/operations/transformer/sdpa/device/kernels/compute/compute_streaming.hpp,494,KERNEL_PROFILER'
   25 | #define DO_PRAGMA(x) _Pragma(#x)
      |                      ^~~~~~~
/home/mvasiljevic/tt-metal/ttnn/cpp/ttnn/operations/transformer/sdpa/device/kernels/compute/compute_streaming.hpp:38:5: note: in expansion of macro 'DO_PRAGMA'
   38 |     DO_PRAGMA(message(PROFILER_MSG_NAME(name)));                               \
      |     ^~~~~~~~~
/home/mvasiljevic/tt-metal/ttnn/cpp/ttnn/operations/transformer/sdpa/device/kernels/compute/compute_streaming.hpp:494:9: note: in expansion of macro 'MaybeDeviceZoneScopedN'
  494 |         MaybeDeviceZoneScopedN(profiling_enabled, "SUB");
      |         ^~~~~~~~~~~~~~~~~~~~~~
/home/mvasiljevic/tt-metal/tt_metal/tools/profiler/kernel_profiler.hpp:25:22: note: '#pragma message: EXP,/home/mvasiljevic/tt-metal/ttnn/cpp/ttnn/operations/transformer/sdpa/device/kernels/compute/compute_streaming.hpp,508,KERNEL_PROFILER'
   25 | #define DO_PRAGMA(x) _Pragma(#x)
      |                      ^~~~~~~
/home/mvasiljevic/tt-metal/ttnn/cpp/ttnn/operations/transformer/sdpa/device/kernels/compute/compute_streaming.hpp:38:5: note: in expansion of macro 'DO_PRAGMA'
   38 |     DO_PRAGMA(message(PROFILER_MSG_NAME(name)));                               \
      |     ^~~~~~~~~
/home/mvasiljevic/tt-metal/ttnn/cpp/ttnn/operations/transformer/sdpa/device/kernels/compute/compute_streaming.hpp:508:9: note: in expansion of macro 'MaybeDeviceZoneScopedN'
  508 |         MaybeDeviceZoneScopedN(profiling_enabled, "EXP");
      |         ^~~~~~~~~~~~~~~~~~~~~~
/home/mvasiljevic/tt-metal/tt_metal/tools/profiler/kernel_profiler.hpp:25:22: note: '#pragma message: PACK SUB_EXP,/home/mvasiljevic/tt-metal/ttnn/cpp/ttnn/operations/transformer/sdpa/device/kernels/compute/compute_streaming.hpp,521,KERNEL_PROFILER'
   25 | #define DO_PRAGMA(x) _Pragma(#x)
      |                      ^~~~~~~
/home/mvasiljevic/tt-metal/ttnn/cpp/ttnn/operations/transformer/sdpa/device/kernels/compute/compute_streaming.hpp:38:5: note: in expansion of macro 'DO_PRAGMA'
   38 |     DO_PRAGMA(message(PROFILER_MSG_NAME(name)));                               \
      |     ^~~~~~~~~
/home/mvasiljevic/tt-metal/ttnn/cpp/ttnn/operations/transformer/sdpa/device/kernels/compute/compute_streaming.hpp:521:9: note: in expansion of macro 'MaybeDeviceZoneScopedN'
  521 |         MaybeDeviceZoneScopedN(profiling_enabled, "PACK SUB_EXP");
      |         ^~~~~~~~~~~~~~~~~~~~~~
/home/mvasiljevic/tt-metal/ttnn/cpp/ttnn/operations/transformer/sdpa/device/kernels/compute/compute_streaming.hpp: In function 'void normalize_row_streaming(uint32_t, uint32_t, uint32_t, uint32_t, uint32_t)':
/home/mvasiljevic/tt-metal/tt_metal/tools/profiler/kernel_profiler.hpp:25:22: note: '#pragma message: NORM_MATMUL_RECIP,/home/mvasiljevic/tt-metal/ttnn/cpp/ttnn/operations/transformer/sdpa/device/kernels/compute/compute_streaming.hpp,718,KERNEL_PROFILER'
   25 | #define DO_PRAGMA(x) _Pragma(#x)
      |                      ^~~~~~~
/home/mvasiljevic/tt-metal/ttnn/cpp/ttnn/operations/transformer/sdpa/device/kernels/compute/compute_streaming.hpp:38:5: note: in expansion of macro 'DO_PRAGMA'
   38 |     DO_PRAGMA(message(PROFILER_MSG_NAME(name)));                               \
      |     ^~~~~~~~~
/home/mvasiljevic/tt-metal/ttnn/cpp/ttnn/operations/transformer/sdpa/device/kernels/compute/compute_streaming.hpp:718:13: note: in expansion of macro 'MaybeDeviceZoneScopedN'
  718 |             MaybeDeviceZoneScopedN(profiling_enabled, "NORM_MATMUL_RECIP");
      |             ^~~~~~~~~~~~~~~~~~~~~~
/home/mvasiljevic/tt-metal/tt_metal/tools/profiler/kernel_profiler.hpp:25:22: note: '#pragma message: NORM_MUL_BCAST,/home/mvasiljevic/tt-metal/ttnn/cpp/ttnn/operations/transformer/sdpa/device/kernels/compute/compute_streaming.hpp,764,KERNEL_PROFILER'
   25 | #define DO_PRAGMA(x) _Pragma(#x)
      |                      ^~~~~~~
/home/mvasiljevic/tt-metal/ttnn/cpp/ttnn/operations/transformer/sdpa/device/kernels/compute/compute_streaming.hpp:38:5: note: in expansion of macro 'DO_PRAGMA'
   38 |     DO_PRAGMA(message(PROFILER_MSG_NAME(name)));                               \
      |     ^~~~~~~~~
/home/mvasiljevic/tt-metal/ttnn/cpp/ttnn/operations/transformer/sdpa/device/kernels/compute/compute_streaming.hpp:764:13: note: in expansion of macro 'MaybeDeviceZoneScopedN'
  764 |             MaybeDeviceZoneScopedN(profiling_enabled, "NORM_MUL_BCAST");
      |             ^~~~~~~~~~~~~~~~~~~~~~
/home/mvasiljevic/tt-metal/ttnn/cpp/ttnn/operations/transformer/sdpa/device/kernels/compute/compute_streaming.hpp: In function 'void sdpa_inner_loop_step(AccumulatorHalf&, AccumulatorHalf&, bool, bool, bool, uint32_t, uint32_t, bool, uint32_t, uint32_t, uint32_t, bool, uint32_t, uint32_t, uint32_t, uint32_t, uint32_t, uint32_t, uint32_t, bool, uint32_t, uint32_t, const KVPadRotationContext&)':
/home/mvasiljevic/tt-metal/tt_metal/tools/profiler/kernel_profiler.hpp:25:22: note: '#pragma message: Softmax(Q@KT),/home/mvasiljevic/tt-metal/ttnn/cpp/ttnn/operations/transformer/sdpa/device/kernels/compute/compute_streaming.hpp,1250,KERNEL_PROFILER'
   25 | #define DO_PRAGMA(x) _Pragma(#x)
      |                      ^~~~~~~
/home/mvasiljevic/tt-metal/ttnn/cpp/ttnn/operations/transformer/sdpa/device/kernels/compute/compute_streaming.hpp:38:5: note: in expansion of macro 'DO_PRAGMA'
   38 |     DO_PRAGMA(message(PROFILER_MSG_NAME(name)));                               \
      |     ^~~~~~~~~
/home/mvasiljevic/tt-metal/ttnn/cpp/ttnn/operations/transformer/sdpa/device/kernels/compute/compute_streaming.hpp:1250:9: note: in expansion of macro 'MaybeDeviceZoneScopedN'
 1250 |         MaybeDeviceZoneScopedN(profiling_enabled, "Softmax(Q@KT)");
      |         ^~~~~~~~~~~~~~~~~~~~~~
/home/mvasiljevic/tt-metal/tt_metal/tools/profiler/kernel_profiler.hpp:25:22: note: '#pragma message: Q@KT MM+Pack,/home/mvasiljevic/tt-metal/ttnn/cpp/ttnn/operations/transformer/sdpa/device/kernels/compute/compute_streaming.hpp,1282,KERNEL_PROFILER'
   25 | #define DO_PRAGMA(x) _Pragma(#x)
      |                      ^~~~~~~
/home/mvasiljevic/tt-metal/ttnn/cpp/ttnn/operations/transformer/sdpa/device/kernels/compute/compute_streaming.hpp:38:5: note: in expansion of macro 'DO_PRAGMA'
   38 |     DO_PRAGMA(message(PROFILER_MSG_NAME(name)));                               \
      |     ^~~~~~~~~
/home/mvasiljevic/tt-metal/ttnn/cpp/ttnn/operations/transformer/sdpa/device/kernels/compute/compute_streaming.hpp:1282:17: note: in expansion of macro 'MaybeDeviceZoneScopedN'
 1282 |                 MaybeDeviceZoneScopedN(profiling_enabled, "Q@KT MM+Pack");
      |                 ^~~~~~~~~~~~~~~~~~~~~~
/home/mvasiljevic/tt-metal/tt_metal/tools/profiler/kernel_profiler.hpp:25:22: note: '#pragma message: Reduce max,/home/mvasiljevic/tt-metal/ttnn/cpp/ttnn/operations/transformer/sdpa/device/kernels/compute/compute_streaming.hpp,1375,KERNEL_PROFILER'
   25 | #define DO_PRAGMA(x) _Pragma(#x)
      |                      ^~~~~~~
/home/mvasiljevic/tt-metal/ttnn/cpp/ttnn/operations/transformer/sdpa/device/kernels/compute/compute_streaming.hpp:38:5: note: in expansion of macro 'DO_PRAGMA'
   38 |     DO_PRAGMA(message(PROFILER_MSG_NAME(name)));                               \
      |     ^~~~~~~~~
/home/mvasiljevic/tt-metal/ttnn/cpp/ttnn/operations/transformer/sdpa/device/kernels/compute/compute_streaming.hpp:1375:13: note: in expansion of macro 'MaybeDeviceZoneScopedN'
 1375 |             MaybeDeviceZoneScopedN(profiling_enabled, "Reduce max");
      |             ^~~~~~~~~~~~~~~~~~~~~~
/home/mvasiljevic/tt-metal/tt_metal/tools/profiler/kernel_profiler.hpp:25:22: note: '#pragma message: Softmax(Q@KT)@V,/home/mvasiljevic/tt-metal/ttnn/cpp/ttnn/operations/transformer/sdpa/device/kernels/compute/compute_streaming.hpp,1447,KERNEL_PROFILER'
   25 | #define DO_PRAGMA(x) _Pragma(#x)
      |                      ^~~~~~~
/home/mvasiljevic/tt-metal/ttnn/cpp/ttnn/operations/transformer/sdpa/device/kernels/compute/compute_streaming.hpp:38:5: note: in expansion of macro 'DO_PRAGMA'
   38 |     DO_PRAGMA(message(PROFILER_MSG_NAME(name)));                               \
      |     ^~~~~~~~~
/home/mvasiljevic/tt-metal/ttnn/cpp/ttnn/operations/transformer/sdpa/device/kernels/compute/compute_streaming.hpp:1447:13: note: in expansion of macro 'MaybeDeviceZoneScopedN'
 1447 |             MaybeDeviceZoneScopedN(profiling_enabled, "Softmax(Q@KT)@V");
      |             ^~~~~~~~~~~~~~~~~~~~~~
/home/mvasiljevic/tt-metal/tt_metal/tools/profiler/kernel_profiler.hpp:25:22: note: '#pragma message: QKT@V MM+Pack,/home/mvasiljevic/tt-metal/ttnn/cpp/ttnn/operations/transformer/sdpa/device/kernels/compute/compute_streaming.hpp,1482,KERNEL_PROFILER'
   25 | #define DO_PRAGMA(x) _Pragma(#x)
      |                      ^~~~~~~
/home/mvasiljevic/tt-metal/ttnn/cpp/ttnn/operations/transformer/sdpa/device/kernels/compute/compute_streaming.hpp:38:5: note: in expansion of macro 'DO_PRAGMA'
   38 |     DO_PRAGMA(message(PROFILER_MSG_NAME(name)));                               \
      |     ^~~~~~~~~
/home/mvasiljevic/tt-metal/ttnn/cpp/ttnn/operations/transformer/sdpa/device/kernels/compute/compute_streaming.hpp:1482:25: note: in expansion of macro 'MaybeDeviceZoneScopedN'
 1482 |                         MaybeDeviceZoneScopedN(profiling_enabled, "QKT@V MM+Pack");
      |                         ^~~~~~~~~~~~~~~~~~~~~~
/home/mvasiljevic/tt-metal/tt_metal/tools/profiler/kernel_profiler.hpp:25:22: note: '#pragma message: QKT@V MM+Pack,/home/mvasiljevic/tt-metal/ttnn/cpp/ttnn/operations/transformer/sdpa/device/kernels/compute/compute_streaming.hpp,1539,KERNEL_PROFILER'
   25 | #define DO_PRAGMA(x) _Pragma(#x)
      |                      ^~~~~~~
/home/mvasiljevic/tt-metal/ttnn/cpp/ttnn/operations/transformer/sdpa/device/kernels/compute/compute_streaming.hpp:38:5: note: in expansion of macro 'DO_PRAGMA'
   38 |     DO_PRAGMA(message(PROFILER_MSG_NAME(name)));                               \
      |     ^~~~~~~~~
/home/mvasiljevic/tt-metal/ttnn/cpp/ttnn/operations/transformer/sdpa/device/kernels/compute/compute_streaming.hpp:1539:21: note: in expansion of macro 'MaybeDeviceZoneScopedN'
 1539 |                     MaybeDeviceZoneScopedN(profiling_enabled, "QKT@V MM+Pack");
      |                     ^~~~~~~~~~~~~~~~~~~~~~
/home/mvasiljevic/tt-metal/ttnn/cpp/ttnn/operations/transformer/sdpa/device/kernels/compute/compute_streaming.hpp: In lambda function:
/home/mvasiljevic/tt-metal/tt_metal/tools/profiler/kernel_profiler.hpp:25:22: note: '#pragma message: ROW_NORM,/home/mvasiljevic/tt-metal/ttnn/cpp/ttnn/operations/transformer/sdpa/device/kernels/compute/compute_streaming.hpp,1570,KERNEL_PROFILER'
   25 | #define DO_PRAGMA(x) _Pragma(#x)
      |                      ^~~~~~~
/home/mvasiljevic/tt-metal/ttnn/cpp/ttnn/operations/transformer/sdpa/device/kernels/compute/compute_streaming.hpp:38:5: note: in expansion of macro 'DO_PRAGMA'
   38 |     DO_PRAGMA(message(PROFILER_MSG_NAME(name)));                               \
      |     ^~~~~~~~~
/home/mvasiljevic/tt-metal/ttnn/cpp/ttnn/operations/transformer/sdpa/device/kernels/compute/compute_streaming.hpp:1570:13: note: in expansion of macro 'MaybeDeviceZoneScopedN'
 1570 |             MaybeDeviceZoneScopedN(profiling_enabled, "ROW_NORM");
      |             ^~~~~~~~~~~~~~~~~~~~~~
/home/mvasiljevic/tt-metal/ttnn/cpp/ttnn/operations/transformer/sdpa/device/kernels/compute/compute_streaming.hpp: In lambda function:
/home/mvasiljevic/tt-metal/tt_metal/tools/profiler/kernel_profiler.hpp:25:22: note: '#pragma message: S_CORR_FUSED,/home/mvasiljevic/tt-metal/ttnn/cpp/ttnn/operations/transformer/sdpa/device/kernels/compute/compute_streaming.hpp,1595,KERNEL_PROFILER'
   25 | #define DO_PRAGMA(x) _Pragma(#x)
      |                      ^~~~~~~
/home/mvasiljevic/tt-metal/ttnn/cpp/ttnn/operations/transformer/sdpa/device/kernels/compute/compute_streaming.hpp:38:5: note: in expansion of macro 'DO_PRAGMA'
   38 |     DO_PRAGMA(message(PROFILER_MSG_NAME(name)));                               \
      |     ^~~~~~~~~
/home/mvasiljevic/tt-metal/ttnn/cpp/ttnn/operations/transformer/sdpa/device/kernels/compute/compute_streaming.hpp:1595:17: note: in expansion of macro 'MaybeDeviceZoneScopedN'
 1595 |                 MaybeDeviceZoneScopedN(profiling_enabled, "S_CORR_FUSED");
      |                 ^~~~~~~~~~~~~~~~~~~~~~
/home/mvasiljevic/tt-metal/ttnn/cpp/ttnn/operations/transformer/sdpa/device/kernels/compute/compute_streaming.hpp: In function 'void sdpa_inner_loop_step(AccumulatorHalf&, AccumulatorHalf&, bool, bool, bool, uint32_t, uint32_t, bool, uint32_t, uint32_t, uint32_t, bool, uint32_t, uint32_t, uint32_t, uint32_t, uint32_t, uint32_t, uint32_t, bool, uint32_t, uint32_t, const KVPadRotationContext&)':
/home/mvasiljevic/tt-metal/tt_metal/tools/profiler/kernel_profiler.hpp:25:22: note: '#pragma message: Softmax(Q@KT)@V,/home/mvasiljevic/tt-metal/ttnn/cpp/ttnn/operations/transformer/sdpa/device/kernels/compute/compute_streaming.hpp,1622,KERNEL_PROFILER'
   25 | #define DO_PRAGMA(x) _Pragma(#x)
      |                      ^~~~~~~
/home/mvasiljevic/tt-metal/ttnn/cpp/ttnn/operations/transformer/sdpa/device/kernels/compute/compute_streaming.hpp:38:5: note: in expansion of macro 'DO_PRAGMA'
   38 |     DO_PRAGMA(message(PROFILER_MSG_NAME(name)));                               \
      |     ^~~~~~~~~
/home/mvasiljevic/tt-metal/ttnn/cpp/ttnn/operations/transformer/sdpa/device/kernels/compute/compute_streaming.hpp:1622:13: note: in expansion of macro 'MaybeDeviceZoneScopedN'
 1622 |             MaybeDeviceZoneScopedN(profiling_enabled, "Softmax(Q@KT)@V");
      |             ^~~~~~~~~~~~~~~~~~~~~~
/home/mvasiljevic/tt-metal/tt_metal/tools/profiler/kernel_profiler.hpp:25:22: note: '#pragma message: QKT@V MM+Pack,/home/mvasiljevic/tt-metal/ttnn/cpp/ttnn/operations/transformer/sdpa/device/kernels/compute/compute_streaming.hpp,1648,KERNEL_PROFILER'
   25 | #define DO_PRAGMA(x) _Pragma(#x)
      |                      ^~~~~~~
/home/mvasiljevic/tt-metal/ttnn/cpp/ttnn/operations/transformer/sdpa/device/kernels/compute/compute_streaming.hpp:38:5: note: in expansion of macro 'DO_PRAGMA'
   38 |     DO_PRAGMA(message(PROFILER_MSG_NAME(name)));                               \
      |     ^~~~~~~~~
/home/mvasiljevic/tt-metal/ttnn/cpp/ttnn/operations/transformer/sdpa/device/kernels/compute/compute_streaming.hpp:1648:17: note: in expansion of macro 'MaybeDeviceZoneScopedN'
 1648 |                 MaybeDeviceZoneScopedN(profiling_enabled, "QKT@V MM+Pack");
      |                 ^~~~~~~~~~~~~~~~~~~~~~
/home/mvasiljevic/tt-metal/tt_metal/hw/firmware/src/tt-1xx/trisck.cc: In function 'uint32_t _start()':
/home/mvasiljevic/tt-metal/tt_metal/tools/profiler/kernel_profiler.hpp:25:22: note: '#pragma message: TRISC-KERNEL,/home/mvasiljevic/tt-metal/tt_metal/hw/firmware/src/tt-1xx/trisck.cc,86,KERNEL_PROFILER'
   25 | #define DO_PRAGMA(x) _Pragma(#x)
      |                      ^~~~~~~
/home/mvasiljevic/tt-metal/tt_metal/tools/profiler/kernel_profiler.hpp:702:5: note: in expansion of macro 'DO_PRAGMA'
  702 |     DO_PRAGMA(message(PROFILER_MSG_NAME(name)));                               \
      |     ^~~~~~~~~
/home/mvasiljevic/tt-metal/tt_metal/hw/firmware/src/tt-1xx/trisck.cc:86:5: note: in expansion of macro 'DeviceZoneScopedMainChildN'
   86 |     DeviceZoneScopedMainChildN("TRISC-KERNEL");
      |     ^~~~~~~~~~~~~~~~~~~~~~~~~~
Building trisc2, compile step:
cd /home/mvasiljevic/.cache/tt-metal-cache/12569132917722018041/kernels/sdpa/3496833249097060699/trisc2/ && /home/mvasiljevic/tt-metal/runtime/sfpi/compiler/bin/riscv-tt-elf-g++ -O3 -std=c++17 -ftt-nttp -ftt-constinit -ftt-consteval -ftt-no-dyninit -flto=auto -ffast-math -fno-exceptions -fno-rtti -fno-use-cxa-atexit -g -MMD -Wall -Werror -Wno-error=deprecated-declarations -Wno-error=multistatement-macros -Wno-error=parentheses -Wno-error=unused-but-set-variable -Wno-unused-variable -Wno-unused-function -mcpu=tt-bh-tensix -I. -I.. -I/home/mvasiljevic/tt-metal/ -I/home/mvasiljevic/tt-metal/ttnn -I/home/mvasiljevic/tt-metal/ttnn/cpp -I/home/mvasiljevic/tt-metal/tt_metal -I/home/mvasiljevic/tt-metal/tt_metal/hw/inc -I/home/mvasiljevic/tt-metal/tt_metal/tt-llk/common -I/home/mvasiljevic/tt-metal/tt_metal/hostdevcommon/api -I/home/mvasiljevic/tt-metal/tt_metal/api/ -I/home/mvasiljevic/tt-metal/runtime/sfpi/include -I/home/mvasiljevic/tt-metal/tt_metal/hw/ckernels/blackhole/metal/common -I/home/mvasiljevic/tt-metal/tt_metal/hw/ckernels/blackhole/metal/llk_io -I/home/mvasiljevic/tt-metal/tt_metal/hw/inc/internal/tt-1xx -I/home/mvasiljevic/tt-metal/tt_metal/hw/inc/internal/tt-1xx/blackhole -I/home/mvasiljevic/tt-metal/tt_metal/hw/inc/internal/tt-1xx/blackhole/blackhole_defines -I/home/mvasiljevic/tt-metal/tt_metal/hw/inc/internal/tt-1xx/blackhole/noc -I/home/mvasiljevic/tt-metal/tt_metal/tt-llk/tt_llk_blackhole/common/inc -I/home/mvasiljevic/tt-metal/tt_metal/tt-llk/tt_llk_blackhole/llk_lib -I/home/mvasiljevic/tt-metal/tt_metal/hw/ckernels/blackhole/metal/llk_api -I/home/mvasiljevic/tt-metal/tt_metal/hw/ckernels/blackhole/metal/llk_api/llk_sfpu -I/home/mvasiljevic/tt-metal/tt_metal/hw/firmware/src/tt-1xx -I/home/mvasiljevic/tt-metal/ttnn/cpp/ttnn/operations/transformer/sdpa/device/kernels/compute -c -o /home/mvasiljevic/.cache/tt-metal-cache/12569132917722018041/kernels/sdpa/3496833249097060699/trisc2/trisck.5880147012631460308.o /home/mvasiljevic/tt-metal/tt_metal/hw/firmware/src/tt-1xx/trisck.cc -MF /home/mvasiljevic/.cache/tt-metal-cache/12569132917722018041/kernels/sdpa/3496833249097060699/trisc2/trisck.5880147012631460308.d -DIS_NOT_POW2_NUM_L1_BANKS=1 -DLOG_BASE_2_OF_NUM_DRAM_BANKS=3 -DNUM_DRAM_BANKS=8 -DNUM_L1_BANKS=110 -DPCIE_NOC_X=19 -DPCIE_NOC_Y=24 -DTENSIX_FIRMWARE -DLOCAL_MEM_EN=0 -DPROFILE_KERNEL=1 -DPROFILER_FULL_HOST_BUFFER_SIZE_PER_RISC=48000 -DPROCESSOR_INDEX=4 -DUCK_CHLKC_PACK -DCOMPILE_FOR_TRISC=2 -DARCH_BLACKHOLE -DDISPATCH_MESSAGE_ADDR=4290184248 -DKERNEL_BUILD -DFULL_KERNEL_NAME="\"sdpa/3496833249097060699/\"" -DKERNEL_COMPILE_TIME_ARGS=1,32,4,4,4,4,1,4,1,4,4,1,1,1,1,1,1,4,1,1,1,1,110,1,0,0,0,1035273459,0,0,1,4,0,1,0,1,2,3,4294967295,4,5,4294967295,6,15,7,8,9,10,11,12,13,14,2,2048
In file included from /home/mvasiljevic/tt-metal/tt_metal/hw/ckernels/blackhole/metal/llk_io/llk_io_pack.h:14,
                 from /home/mvasiljevic/tt-metal/tt_metal/hw/inc/api/compute/compute_kernel_api.h:69,
                 from /home/mvasiljevic/tt-metal/ttnn/cpp/ttnn/operations/transformer/sdpa/device/kernels/compute/sdpa.cpp:10,
                 from ../chlkc_pack.cpp:3,
                 from /home/mvasiljevic/tt-metal/tt_metal/hw/ckernels/blackhole/metal/common/chlkc_list.h:21,
                 from /home/mvasiljevic/tt-metal/tt_metal/hw/firmware/src/tt-1xx/trisck.cc:13:
/home/mvasiljevic/tt-metal/tt_metal/hw/ckernels/blackhole/metal/llk_io/llk_io_pack.h: In function 'void llk_wait_for_free_tiles(int32_t, int32_t)':
/home/mvasiljevic/tt-metal/tt_metal/tools/profiler/kernel_profiler.hpp:25:22: note: '#pragma message: CB-COMPUTE-RESERVE-BACK,/home/mvasiljevic/tt-metal/tt_metal/hw/ckernels/blackhole/metal/llk_io/llk_io_pack.h,21,KERNEL_PROFILER'
   25 | #define DO_PRAGMA(x) _Pragma(#x)
      |                      ^~~~~~~
/home/mvasiljevic/tt-metal/tt_metal/tools/profiler/kernel_profiler.hpp:712:5: note: in expansion of macro 'DO_PRAGMA'
  712 |     DO_PRAGMA(message(PROFILER_MSG_NAME(name)));                               \
      |     ^~~~~~~~~
/home/mvasiljevic/tt-metal/tt_metal/hw/ckernels/blackhole/metal/llk_io/llk_io_pack.h:21:5: note: in expansion of macro 'DeviceZoneScopedSumN2'
   21 |     DeviceZoneScopedSumN2("CB-COMPUTE-RESERVE-BACK");
      |     ^~~~~~~~~~~~~~~~~~~~~
/home/mvasiljevic/tt-metal/ttnn/cpp/ttnn/operations/transformer/sdpa/device/kernels/compute/compute_streaming.hpp: In function 'void sub_exp_block_bcast_cols(uint32_t, uint32_t, uint32_t, uint32_t, uint32_t, uint32_t, uint32_t, uint32_t, bool)':
/home/mvasiljevic/tt-metal/tt_metal/tools/profiler/kernel_profiler.hpp:25:22: note: '#pragma message: SUB_EXP_BLOCK_INIT,/home/mvasiljevic/tt-metal/ttnn/cpp/ttnn/operations/transformer/sdpa/device/kernels/compute/compute_streaming.hpp,485,KERNEL_PROFILER'
   25 | #define DO_PRAGMA(x) _Pragma(#x)
      |                      ^~~~~~~
/home/mvasiljevic/tt-metal/ttnn/cpp/ttnn/operations/transformer/sdpa/device/kernels/compute/compute_streaming.hpp:38:5: note: in expansion of macro 'DO_PRAGMA'
   38 |     DO_PRAGMA(message(PROFILER_MSG_NAME(name)));                               \
      |     ^~~~~~~~~
/home/mvasiljevic/tt-metal/ttnn/cpp/ttnn/operations/transformer/sdpa/device/kernels/compute/compute_streaming.hpp:485:9: note: in expansion of macro 'MaybeDeviceZoneScopedN'
  485 |         MaybeDeviceZoneScopedN(profiling_enabled, "SUB_EXP_BLOCK_INIT");
      |         ^~~~~~~~~~~~~~~~~~~~~~
/home/mvasiljevic/tt-metal/tt_metal/tools/profiler/kernel_profiler.hpp:25:22: note: '#pragma message: SUB,/home/mvasiljevic/tt-metal/ttnn/cpp/ttnn/operations/transformer/sdpa/device/kernels/compute/compute_streaming.hpp,494,KERNEL_PROFILER'
   25 | #define DO_PRAGMA(x) _Pragma(#x)
      |                      ^~~~~~~
/home/mvasiljevic/tt-metal/ttnn/cpp/ttnn/operations/transformer/sdpa/device/kernels/compute/compute_streaming.hpp:38:5: note: in expansion of macro 'DO_PRAGMA'
   38 |     DO_PRAGMA(message(PROFILER_MSG_NAME(name)));                               \
      |     ^~~~~~~~~
/home/mvasiljevic/tt-metal/ttnn/cpp/ttnn/operations/transformer/sdpa/device/kernels/compute/compute_streaming.hpp:494:9: note: in expansion of macro 'MaybeDeviceZoneScopedN'
  494 |         MaybeDeviceZoneScopedN(profiling_enabled, "SUB");
      |         ^~~~~~~~~~~~~~~~~~~~~~
/home/mvasiljevic/tt-metal/tt_metal/tools/profiler/kernel_profiler.hpp:25:22: note: '#pragma message: EXP,/home/mvasiljevic/tt-metal/ttnn/cpp/ttnn/operations/transformer/sdpa/device/kernels/compute/compute_streaming.hpp,508,KERNEL_PROFILER'
   25 | #define DO_PRAGMA(x) _Pragma(#x)
      |                      ^~~~~~~
/home/mvasiljevic/tt-metal/ttnn/cpp/ttnn/operations/transformer/sdpa/device/kernels/compute/compute_streaming.hpp:38:5: note: in expansion of macro 'DO_PRAGMA'
   38 |     DO_PRAGMA(message(PROFILER_MSG_NAME(name)));                               \
      |     ^~~~~~~~~
/home/mvasiljevic/tt-metal/ttnn/cpp/ttnn/operations/transformer/sdpa/device/kernels/compute/compute_streaming.hpp:508:9: note: in expansion of macro 'MaybeDeviceZoneScopedN'
  508 |         MaybeDeviceZoneScopedN(profiling_enabled, "EXP");
      |         ^~~~~~~~~~~~~~~~~~~~~~
/home/mvasiljevic/tt-metal/tt_metal/tools/profiler/kernel_profiler.hpp:25:22: note: '#pragma message: PACK SUB_EXP,/home/mvasiljevic/tt-metal/ttnn/cpp/ttnn/operations/transformer/sdpa/device/kernels/compute/compute_streaming.hpp,521,KERNEL_PROFILER'
   25 | #define DO_PRAGMA(x) _Pragma(#x)
      |                      ^~~~~~~
/home/mvasiljevic/tt-metal/ttnn/cpp/ttnn/operations/transformer/sdpa/device/kernels/compute/compute_streaming.hpp:38:5: note: in expansion of macro 'DO_PRAGMA'
   38 |     DO_PRAGMA(message(PROFILER_MSG_NAME(name)));                               \
      |     ^~~~~~~~~
/home/mvasiljevic/tt-metal/ttnn/cpp/ttnn/operations/transformer/sdpa/device/kernels/compute/compute_streaming.hpp:521:9: note: in expansion of macro 'MaybeDeviceZoneScopedN'
  521 |         MaybeDeviceZoneScopedN(profiling_enabled, "PACK SUB_EXP");
      |         ^~~~~~~~~~~~~~~~~~~~~~
/home/mvasiljevic/tt-metal/ttnn/cpp/ttnn/operations/transformer/sdpa/device/kernels/compute/compute_streaming.hpp: In function 'void normalize_row_streaming(uint32_t, uint32_t, uint32_t, uint32_t, uint32_t)':
/home/mvasiljevic/tt-metal/tt_metal/tools/profiler/kernel_profiler.hpp:25:22: note: '#pragma message: NORM_MATMUL_RECIP,/home/mvasiljevic/tt-metal/ttnn/cpp/ttnn/operations/transformer/sdpa/device/kernels/compute/compute_streaming.hpp,718,KERNEL_PROFILER'
   25 | #define DO_PRAGMA(x) _Pragma(#x)
      |                      ^~~~~~~
/home/mvasiljevic/tt-metal/ttnn/cpp/ttnn/operations/transformer/sdpa/device/kernels/compute/compute_streaming.hpp:38:5: note: in expansion of macro 'DO_PRAGMA'
   38 |     DO_PRAGMA(message(PROFILER_MSG_NAME(name)));                               \
      |     ^~~~~~~~~
/home/mvasiljevic/tt-metal/ttnn/cpp/ttnn/operations/transformer/sdpa/device/kernels/compute/compute_streaming.hpp:718:13: note: in expansion of macro 'MaybeDeviceZoneScopedN'
  718 |             MaybeDeviceZoneScopedN(profiling_enabled, "NORM_MATMUL_RECIP");
      |             ^~~~~~~~~~~~~~~~~~~~~~
/home/mvasiljevic/tt-metal/tt_metal/tools/profiler/kernel_profiler.hpp:25:22: note: '#pragma message: NORM_MUL_BCAST,/home/mvasiljevic/tt-metal/ttnn/cpp/ttnn/operations/transformer/sdpa/device/kernels/compute/compute_streaming.hpp,764,KERNEL_PROFILER'
   25 | #define DO_PRAGMA(x) _Pragma(#x)
      |                      ^~~~~~~
/home/mvasiljevic/tt-metal/ttnn/cpp/ttnn/operations/transformer/sdpa/device/kernels/compute/compute_streaming.hpp:38:5: note: in expansion of macro 'DO_PRAGMA'
   38 |     DO_PRAGMA(message(PROFILER_MSG_NAME(name)));                               \
      |     ^~~~~~~~~
/home/mvasiljevic/tt-metal/ttnn/cpp/ttnn/operations/transformer/sdpa/device/kernels/compute/compute_streaming.hpp:764:13: note: in expansion of macro 'MaybeDeviceZoneScopedN'
  764 |             MaybeDeviceZoneScopedN(profiling_enabled, "NORM_MUL_BCAST");
      |             ^~~~~~~~~~~~~~~~~~~~~~
/home/mvasiljevic/tt-metal/ttnn/cpp/ttnn/operations/transformer/sdpa/device/kernels/compute/compute_streaming.hpp: In function 'void sdpa_inner_loop_step(AccumulatorHalf&, AccumulatorHalf&, bool, bool, bool, uint32_t, uint32_t, bool, uint32_t, uint32_t, uint32_t, bool, uint32_t, uint32_t, uint32_t, uint32_t, uint32_t, uint32_t, uint32_t, bool, uint32_t, uint32_t, const KVPadRotationContext&)':
/home/mvasiljevic/tt-metal/tt_metal/tools/profiler/kernel_profiler.hpp:25:22: note: '#pragma message: Softmax(Q@KT),/home/mvasiljevic/tt-metal/ttnn/cpp/ttnn/operations/transformer/sdpa/device/kernels/compute/compute_streaming.hpp,1250,KERNEL_PROFILER'
   25 | #define DO_PRAGMA(x) _Pragma(#x)
      |                      ^~~~~~~
/home/mvasiljevic/tt-metal/ttnn/cpp/ttnn/operations/transformer/sdpa/device/kernels/compute/compute_streaming.hpp:38:5: note: in expansion of macro 'DO_PRAGMA'
   38 |     DO_PRAGMA(message(PROFILER_MSG_NAME(name)));                               \
      |     ^~~~~~~~~
/home/mvasiljevic/tt-metal/ttnn/cpp/ttnn/operations/transformer/sdpa/device/kernels/compute/compute_streaming.hpp:1250:9: note: in expansion of macro 'MaybeDeviceZoneScopedN'
 1250 |         MaybeDeviceZoneScopedN(profiling_enabled, "Softmax(Q@KT)");
      |         ^~~~~~~~~~~~~~~~~~~~~~
/home/mvasiljevic/tt-metal/tt_metal/tools/profiler/kernel_profiler.hpp:25:22: note: '#pragma message: Q@KT MM+Pack,/home/mvasiljevic/tt-metal/ttnn/cpp/ttnn/operations/transformer/sdpa/device/kernels/compute/compute_streaming.hpp,1282,KERNEL_PROFILER'
   25 | #define DO_PRAGMA(x) _Pragma(#x)
      |                      ^~~~~~~
/home/mvasiljevic/tt-metal/ttnn/cpp/ttnn/operations/transformer/sdpa/device/kernels/compute/compute_streaming.hpp:38:5: note: in expansion of macro 'DO_PRAGMA'
   38 |     DO_PRAGMA(message(PROFILER_MSG_NAME(name)));                               \
      |     ^~~~~~~~~
/home/mvasiljevic/tt-metal/ttnn/cpp/ttnn/operations/transformer/sdpa/device/kernels/compute/compute_streaming.hpp:1282:17: note: in expansion of macro 'MaybeDeviceZoneScopedN'
 1282 |                 MaybeDeviceZoneScopedN(profiling_enabled, "Q@KT MM+Pack");
      |                 ^~~~~~~~~~~~~~~~~~~~~~
/home/mvasiljevic/tt-metal/tt_metal/tools/profiler/kernel_profiler.hpp:25:22: note: '#pragma message: Reduce max,/home/mvasiljevic/tt-metal/ttnn/cpp/ttnn/operations/transformer/sdpa/device/kernels/compute/compute_streaming.hpp,1375,KERNEL_PROFILER'
   25 | #define DO_PRAGMA(x) _Pragma(#x)
      |                      ^~~~~~~
/home/mvasiljevic/tt-metal/ttnn/cpp/ttnn/operations/transformer/sdpa/device/kernels/compute/compute_streaming.hpp:38:5: note: in expansion of macro 'DO_PRAGMA'
   38 |     DO_PRAGMA(message(PROFILER_MSG_NAME(name)));                               \
      |     ^~~~~~~~~
/home/mvasiljevic/tt-metal/ttnn/cpp/ttnn/operations/transformer/sdpa/device/kernels/compute/compute_streaming.hpp:1375:13: note: in expansion of macro 'MaybeDeviceZoneScopedN'
 1375 |             MaybeDeviceZoneScopedN(profiling_enabled, "Reduce max");
      |             ^~~~~~~~~~~~~~~~~~~~~~
/home/mvasiljevic/tt-metal/tt_metal/tools/profiler/kernel_profiler.hpp:25:22: note: '#pragma message: Softmax(Q@KT)@V,/home/mvasiljevic/tt-metal/ttnn/cpp/ttnn/operations/transformer/sdpa/device/kernels/compute/compute_streaming.hpp,1447,KERNEL_PROFILER'
   25 | #define DO_PRAGMA(x) _Pragma(#x)
      |                      ^~~~~~~
/home/mvasiljevic/tt-metal/ttnn/cpp/ttnn/operations/transformer/sdpa/device/kernels/compute/compute_streaming.hpp:38:5: note: in expansion of macro 'DO_PRAGMA'
   38 |     DO_PRAGMA(message(PROFILER_MSG_NAME(name)));                               \
      |     ^~~~~~~~~
/home/mvasiljevic/tt-metal/ttnn/cpp/ttnn/operations/transformer/sdpa/device/kernels/compute/compute_streaming.hpp:1447:13: note: in expansion of macro 'MaybeDeviceZoneScopedN'
 1447 |             MaybeDeviceZoneScopedN(profiling_enabled, "Softmax(Q@KT)@V");
      |             ^~~~~~~~~~~~~~~~~~~~~~
/home/mvasiljevic/tt-metal/tt_metal/tools/profiler/kernel_profiler.hpp:25:22: note: '#pragma message: QKT@V MM+Pack,/home/mvasiljevic/tt-metal/ttnn/cpp/ttnn/operations/transformer/sdpa/device/kernels/compute/compute_streaming.hpp,1482,KERNEL_PROFILER'
   25 | #define DO_PRAGMA(x) _Pragma(#x)
      |                      ^~~~~~~
/home/mvasiljevic/tt-metal/ttnn/cpp/ttnn/operations/transformer/sdpa/device/kernels/compute/compute_streaming.hpp:38:5: note: in expansion of macro 'DO_PRAGMA'
   38 |     DO_PRAGMA(message(PROFILER_MSG_NAME(name)));                               \
      |     ^~~~~~~~~
/home/mvasiljevic/tt-metal/ttnn/cpp/ttnn/operations/transformer/sdpa/device/kernels/compute/compute_streaming.hpp:1482:25: note: in expansion of macro 'MaybeDeviceZoneScopedN'
 1482 |                         MaybeDeviceZoneScopedN(profiling_enabled, "QKT@V MM+Pack");
      |                         ^~~~~~~~~~~~~~~~~~~~~~
/home/mvasiljevic/tt-metal/tt_metal/tools/profiler/kernel_profiler.hpp:25:22: note: '#pragma message: QKT@V MM+Pack,/home/mvasiljevic/tt-metal/ttnn/cpp/ttnn/operations/transformer/sdpa/device/kernels/compute/compute_streaming.hpp,1539,KERNEL_PROFILER'
   25 | #define DO_PRAGMA(x) _Pragma(#x)
      |                      ^~~~~~~
/home/mvasiljevic/tt-metal/ttnn/cpp/ttnn/operations/transformer/sdpa/device/kernels/compute/compute_streaming.hpp:38:5: note: in expansion of macro 'DO_PRAGMA'
   38 |     DO_PRAGMA(message(PROFILER_MSG_NAME(name)));                               \
      |     ^~~~~~~~~
/home/mvasiljevic/tt-metal/ttnn/cpp/ttnn/operations/transformer/sdpa/device/kernels/compute/compute_streaming.hpp:1539:21: note: in expansion of macro 'MaybeDeviceZoneScopedN'
 1539 |                     MaybeDeviceZoneScopedN(profiling_enabled, "QKT@V MM+Pack");
      |                     ^~~~~~~~~~~~~~~~~~~~~~
/home/mvasiljevic/tt-metal/ttnn/cpp/ttnn/operations/transformer/sdpa/device/kernels/compute/compute_streaming.hpp: In lambda function:
/home/mvasiljevic/tt-metal/tt_metal/tools/profiler/kernel_profiler.hpp:25:22: note: '#pragma message: ROW_NORM,/home/mvasiljevic/tt-metal/ttnn/cpp/ttnn/operations/transformer/sdpa/device/kernels/compute/compute_streaming.hpp,1570,KERNEL_PROFILER'
   25 | #define DO_PRAGMA(x) _Pragma(#x)
      |                      ^~~~~~~
/home/mvasiljevic/tt-metal/ttnn/cpp/ttnn/operations/transformer/sdpa/device/kernels/compute/compute_streaming.hpp:38:5: note: in expansion of macro 'DO_PRAGMA'
   38 |     DO_PRAGMA(message(PROFILER_MSG_NAME(name)));                               \
      |     ^~~~~~~~~
/home/mvasiljevic/tt-metal/ttnn/cpp/ttnn/operations/transformer/sdpa/device/kernels/compute/compute_streaming.hpp:1570:13: note: in expansion of macro 'MaybeDeviceZoneScopedN'
 1570 |             MaybeDeviceZoneScopedN(profiling_enabled, "ROW_NORM");
      |             ^~~~~~~~~~~~~~~~~~~~~~
/home/mvasiljevic/tt-metal/ttnn/cpp/ttnn/operations/transformer/sdpa/device/kernels/compute/compute_streaming.hpp: In lambda function:
/home/mvasiljevic/tt-metal/tt_metal/tools/profiler/kernel_profiler.hpp:25:22: note: '#pragma message: S_CORR_FUSED,/home/mvasiljevic/tt-metal/ttnn/cpp/ttnn/operations/transformer/sdpa/device/kernels/compute/compute_streaming.hpp,1595,KERNEL_PROFILER'
   25 | #define DO_PRAGMA(x) _Pragma(#x)
      |                      ^~~~~~~
/home/mvasiljevic/tt-metal/ttnn/cpp/ttnn/operations/transformer/sdpa/device/kernels/compute/compute_streaming.hpp:38:5: note: in expansion of macro 'DO_PRAGMA'
   38 |     DO_PRAGMA(message(PROFILER_MSG_NAME(name)));                               \
      |     ^~~~~~~~~
/home/mvasiljevic/tt-metal/ttnn/cpp/ttnn/operations/transformer/sdpa/device/kernels/compute/compute_streaming.hpp:1595:17: note: in expansion of macro 'MaybeDeviceZoneScopedN'
 1595 |                 MaybeDeviceZoneScopedN(profiling_enabled, "S_CORR_FUSED");
      |                 ^~~~~~~~~~~~~~~~~~~~~~
/home/mvasiljevic/tt-metal/ttnn/cpp/ttnn/operations/transformer/sdpa/device/kernels/compute/compute_streaming.hpp: In function 'void sdpa_inner_loop_step(AccumulatorHalf&, AccumulatorHalf&, bool, bool, bool, uint32_t, uint32_t, bool, uint32_t, uint32_t, uint32_t, bool, uint32_t, uint32_t, uint32_t, uint32_t, uint32_t, uint32_t, uint32_t, bool, uint32_t, uint32_t, const KVPadRotationContext&)':
/home/mvasiljevic/tt-metal/tt_metal/tools/profiler/kernel_profiler.hpp:25:22: note: '#pragma message: Softmax(Q@KT)@V,/home/mvasiljevic/tt-metal/ttnn/cpp/ttnn/operations/transformer/sdpa/device/kernels/compute/compute_streaming.hpp,1622,KERNEL_PROFILER'
   25 | #define DO_PRAGMA(x) _Pragma(#x)
      |                      ^~~~~~~
/home/mvasiljevic/tt-metal/ttnn/cpp/ttnn/operations/transformer/sdpa/device/kernels/compute/compute_streaming.hpp:38:5: note: in expansion of macro 'DO_PRAGMA'
   38 |     DO_PRAGMA(message(PROFILER_MSG_NAME(name)));                               \
      |     ^~~~~~~~~
/home/mvasiljevic/tt-metal/ttnn/cpp/ttnn/operations/transformer/sdpa/device/kernels/compute/compute_streaming.hpp:1622:13: note: in expansion of macro 'MaybeDeviceZoneScopedN'
 1622 |             MaybeDeviceZoneScopedN(profiling_enabled, "Softmax(Q@KT)@V");
      |             ^~~~~~~~~~~~~~~~~~~~~~
/home/mvasiljevic/tt-metal/tt_metal/tools/profiler/kernel_profiler.hpp:25:22: note: '#pragma message: QKT@V MM+Pack,/home/mvasiljevic/tt-metal/ttnn/cpp/ttnn/operations/transformer/sdpa/device/kernels/compute/compute_streaming.hpp,1648,KERNEL_PROFILER'
   25 | #define DO_PRAGMA(x) _Pragma(#x)
      |                      ^~~~~~~
/home/mvasiljevic/tt-metal/ttnn/cpp/ttnn/operations/transformer/sdpa/device/kernels/compute/compute_streaming.hpp:38:5: note: in expansion of macro 'DO_PRAGMA'
   38 |     DO_PRAGMA(message(PROFILER_MSG_NAME(name)));                               \
      |     ^~~~~~~~~
/home/mvasiljevic/tt-metal/ttnn/cpp/ttnn/operations/transformer/sdpa/device/kernels/compute/compute_streaming.hpp:1648:17: note: in expansion of macro 'MaybeDeviceZoneScopedN'
 1648 |                 MaybeDeviceZoneScopedN(profiling_enabled, "QKT@V MM+Pack");
      |                 ^~~~~~~~~~~~~~~~~~~~~~
/home/mvasiljevic/tt-metal/tt_metal/hw/firmware/src/tt-1xx/trisck.cc: In function 'uint32_t _start()':
/home/mvasiljevic/tt-metal/tt_metal/tools/profiler/kernel_profiler.hpp:25:22: note: '#pragma message: TRISC-KERNEL,/home/mvasiljevic/tt-metal/tt_metal/hw/firmware/src/tt-1xx/trisck.cc,86,KERNEL_PROFILER'
   25 | #define DO_PRAGMA(x) _Pragma(#x)
      |                      ^~~~~~~
/home/mvasiljevic/tt-metal/tt_metal/tools/profiler/kernel_profiler.hpp:702:5: note: in expansion of macro 'DO_PRAGMA'
  702 |     DO_PRAGMA(message(PROFILER_MSG_NAME(name)));                               \
      |     ^~~~~~~~~
/home/mvasiljevic/tt-metal/tt_metal/hw/firmware/src/tt-1xx/trisck.cc:86:5: note: in expansion of macro 'DeviceZoneScopedMainChildN'
   86 |     DeviceZoneScopedMainChildN("TRISC-KERNEL");
      |     ^~~~~~~~~~~~~~~~~~~~~~~~~~
Building trisc1, compile step:
cd /home/mvasiljevic/.cache/tt-metal-cache/12569132917722018041/kernels/sdpa/3496833249097060699/trisc1/ && /home/mvasiljevic/tt-metal/runtime/sfpi/compiler/bin/riscv-tt-elf-g++ -O3 -std=c++17 -ftt-nttp -ftt-constinit -ftt-consteval -ftt-no-dyninit -flto=auto -ffast-math -fno-exceptions -fno-rtti -fno-use-cxa-atexit -g -MMD -Wall -Werror -Wno-error=deprecated-declarations -Wno-error=multistatement-macros -Wno-error=parentheses -Wno-error=unused-but-set-variable -Wno-unused-variable -Wno-unused-function -mcpu=tt-bh-tensix -I. -I.. -I/home/mvasiljevic/tt-metal/ -I/home/mvasiljevic/tt-metal/ttnn -I/home/mvasiljevic/tt-metal/ttnn/cpp -I/home/mvasiljevic/tt-metal/tt_metal -I/home/mvasiljevic/tt-metal/tt_metal/hw/inc -I/home/mvasiljevic/tt-metal/tt_metal/tt-llk/common -I/home/mvasiljevic/tt-metal/tt_metal/hostdevcommon/api -I/home/mvasiljevic/tt-metal/tt_metal/api/ -I/home/mvasiljevic/tt-metal/runtime/sfpi/include -I/home/mvasiljevic/tt-metal/tt_metal/hw/ckernels/blackhole/metal/common -I/home/mvasiljevic/tt-metal/tt_metal/hw/ckernels/blackhole/metal/llk_io -I/home/mvasiljevic/tt-metal/tt_metal/hw/inc/internal/tt-1xx -I/home/mvasiljevic/tt-metal/tt_metal/hw/inc/internal/tt-1xx/blackhole -I/home/mvasiljevic/tt-metal/tt_metal/hw/inc/internal/tt-1xx/blackhole/blackhole_defines -I/home/mvasiljevic/tt-metal/tt_metal/hw/inc/internal/tt-1xx/blackhole/noc -I/home/mvasiljevic/tt-metal/tt_metal/tt-llk/tt_llk_blackhole/common/inc -I/home/mvasiljevic/tt-metal/tt_metal/tt-llk/tt_llk_blackhole/llk_lib -I/home/mvasiljevic/tt-metal/tt_metal/hw/ckernels/blackhole/metal/llk_api -I/home/mvasiljevic/tt-metal/tt_metal/hw/ckernels/blackhole/metal/llk_api/llk_sfpu -I/home/mvasiljevic/tt-metal/tt_metal/hw/firmware/src/tt-1xx -I/home/mvasiljevic/tt-metal/ttnn/cpp/ttnn/operations/transformer/sdpa/device/kernels/compute -c -o /home/mvasiljevic/.cache/tt-metal-cache/12569132917722018041/kernels/sdpa/3496833249097060699/trisc1/trisck.5880147012631460308.o /home/mvasiljevic/tt-metal/tt_metal/hw/firmware/src/tt-1xx/trisck.cc -MF /home/mvasiljevic/.cache/tt-metal-cache/12569132917722018041/kernels/sdpa/3496833249097060699/trisc1/trisck.5880147012631460308.d -DIS_NOT_POW2_NUM_L1_BANKS=1 -DLOG_BASE_2_OF_NUM_DRAM_BANKS=3 -DNUM_DRAM_BANKS=8 -DNUM_L1_BANKS=110 -DPCIE_NOC_X=19 -DPCIE_NOC_Y=24 -DTENSIX_FIRMWARE -DLOCAL_MEM_EN=0 -DPROFILE_KERNEL=1 -DPROFILER_FULL_HOST_BUFFER_SIZE_PER_RISC=48000 -DPROCESSOR_INDEX=3 -DUCK_CHLKC_MATH -DCOMPILE_FOR_TRISC=1 -DARCH_BLACKHOLE -DDISPATCH_MESSAGE_ADDR=4290184248 -DKERNEL_BUILD -DFULL_KERNEL_NAME="\"sdpa/3496833249097060699/\"" -DKERNEL_COMPILE_TIME_ARGS=1,32,4,4,4,4,1,4,1,4,4,1,1,1,1,1,1,4,1,1,1,1,110,1,0,0,0,1035273459,0,0,1,4,0,1,0,1,2,3,4294967295,4,5,4294967295,6,15,7,8,9,10,11,12,13,14,2,2048
In file included from /home/mvasiljevic/tt-metal/ttnn/cpp/ttnn/operations/transformer/sdpa/device/kernels/compute/compute_streaming.hpp:23,
                 from /home/mvasiljevic/tt-metal/ttnn/cpp/ttnn/operations/transformer/sdpa/device/kernels/compute/sdpa.cpp:13,
                 from ../chlkc_math.cpp:3,
                 from /home/mvasiljevic/tt-metal/tt_metal/hw/ckernels/blackhole/metal/common/chlkc_list.h:16,
                 from /home/mvasiljevic/tt-metal/tt_metal/hw/firmware/src/tt-1xx/trisck.cc:13:
/home/mvasiljevic/tt-metal/ttnn/cpp/ttnn/operations/transformer/sdpa/device/kernels/compute/compute_streaming.hpp: In function 'void sub_exp_block_bcast_cols(uint32_t, uint32_t, uint32_t, uint32_t, uint32_t, uint32_t, uint32_t, uint32_t, bool)':
/home/mvasiljevic/tt-metal/tt_metal/tools/profiler/kernel_profiler.hpp:25:22: note: '#pragma message: SUB_EXP_BLOCK_INIT,/home/mvasiljevic/tt-metal/ttnn/cpp/ttnn/operations/transformer/sdpa/device/kernels/compute/compute_streaming.hpp,485,KERNEL_PROFILER'
   25 | #define DO_PRAGMA(x) _Pragma(#x)
      |                      ^~~~~~~
/home/mvasiljevic/tt-metal/ttnn/cpp/ttnn/operations/transformer/sdpa/device/kernels/compute/compute_streaming.hpp:38:5: note: in expansion of macro 'DO_PRAGMA'
   38 |     DO_PRAGMA(message(PROFILER_MSG_NAME(name)));                               \
      |     ^~~~~~~~~
/home/mvasiljevic/tt-metal/ttnn/cpp/ttnn/operations/transformer/sdpa/device/kernels/compute/compute_streaming.hpp:485:9: note: in expansion of macro 'MaybeDeviceZoneScopedN'
  485 |         MaybeDeviceZoneScopedN(profiling_enabled, "SUB_EXP_BLOCK_INIT");
      |         ^~~~~~~~~~~~~~~~~~~~~~
/home/mvasiljevic/tt-metal/tt_metal/tools/profiler/kernel_profiler.hpp:25:22: note: '#pragma message: SUB,/home/mvasiljevic/tt-metal/ttnn/cpp/ttnn/operations/transformer/sdpa/device/kernels/compute/compute_streaming.hpp,494,KERNEL_PROFILER'
   25 | #define DO_PRAGMA(x) _Pragma(#x)
      |                      ^~~~~~~
/home/mvasiljevic/tt-metal/ttnn/cpp/ttnn/operations/transformer/sdpa/device/kernels/compute/compute_streaming.hpp:38:5: note: in expansion of macro 'DO_PRAGMA'
   38 |     DO_PRAGMA(message(PROFILER_MSG_NAME(name)));                               \
      |     ^~~~~~~~~
/home/mvasiljevic/tt-metal/ttnn/cpp/ttnn/operations/transformer/sdpa/device/kernels/compute/compute_streaming.hpp:494:9: note: in expansion of macro 'MaybeDeviceZoneScopedN'
  494 |         MaybeDeviceZoneScopedN(profiling_enabled, "SUB");
      |         ^~~~~~~~~~~~~~~~~~~~~~
/home/mvasiljevic/tt-metal/tt_metal/tools/profiler/kernel_profiler.hpp:25:22: note: '#pragma message: EXP,/home/mvasiljevic/tt-metal/ttnn/cpp/ttnn/operations/transformer/sdpa/device/kernels/compute/compute_streaming.hpp,508,KERNEL_PROFILER'
   25 | #define DO_PRAGMA(x) _Pragma(#x)
      |                      ^~~~~~~
/home/mvasiljevic/tt-metal/ttnn/cpp/ttnn/operations/transformer/sdpa/device/kernels/compute/compute_streaming.hpp:38:5: note: in expansion of macro 'DO_PRAGMA'
   38 |     DO_PRAGMA(message(PROFILER_MSG_NAME(name)));                               \
      |     ^~~~~~~~~
/home/mvasiljevic/tt-metal/ttnn/cpp/ttnn/operations/transformer/sdpa/device/kernels/compute/compute_streaming.hpp:508:9: note: in expansion of macro 'MaybeDeviceZoneScopedN'
  508 |         MaybeDeviceZoneScopedN(profiling_enabled, "EXP");
      |         ^~~~~~~~~~~~~~~~~~~~~~
/home/mvasiljevic/tt-metal/tt_metal/tools/profiler/kernel_profiler.hpp:25:22: note: '#pragma message: PACK SUB_EXP,/home/mvasiljevic/tt-metal/ttnn/cpp/ttnn/operations/transformer/sdpa/device/kernels/compute/compute_streaming.hpp,521,KERNEL_PROFILER'
   25 | #define DO_PRAGMA(x) _Pragma(#x)
      |                      ^~~~~~~
/home/mvasiljevic/tt-metal/ttnn/cpp/ttnn/operations/transformer/sdpa/device/kernels/compute/compute_streaming.hpp:38:5: note: in expansion of macro 'DO_PRAGMA'
   38 |     DO_PRAGMA(message(PROFILER_MSG_NAME(name)));                               \
      |     ^~~~~~~~~
/home/mvasiljevic/tt-metal/ttnn/cpp/ttnn/operations/transformer/sdpa/device/kernels/compute/compute_streaming.hpp:521:9: note: in expansion of macro 'MaybeDeviceZoneScopedN'
  521 |         MaybeDeviceZoneScopedN(profiling_enabled, "PACK SUB_EXP");
      |         ^~~~~~~~~~~~~~~~~~~~~~
/home/mvasiljevic/tt-metal/ttnn/cpp/ttnn/operations/transformer/sdpa/device/kernels/compute/compute_streaming.hpp: In function 'void normalize_row_streaming(uint32_t, uint32_t, uint32_t, uint32_t, uint32_t)':
/home/mvasiljevic/tt-metal/tt_metal/tools/profiler/kernel_profiler.hpp:25:22: note: '#pragma message: NORM_MATMUL_RECIP,/home/mvasiljevic/tt-metal/ttnn/cpp/ttnn/operations/transformer/sdpa/device/kernels/compute/compute_streaming.hpp,718,KERNEL_PROFILER'
   25 | #define DO_PRAGMA(x) _Pragma(#x)
      |                      ^~~~~~~
/home/mvasiljevic/tt-metal/ttnn/cpp/ttnn/operations/transformer/sdpa/device/kernels/compute/compute_streaming.hpp:38:5: note: in expansion of macro 'DO_PRAGMA'
   38 |     DO_PRAGMA(message(PROFILER_MSG_NAME(name)));                               \
      |     ^~~~~~~~~
/home/mvasiljevic/tt-metal/ttnn/cpp/ttnn/operations/transformer/sdpa/device/kernels/compute/compute_streaming.hpp:718:13: note: in expansion of macro 'MaybeDeviceZoneScopedN'
  718 |             MaybeDeviceZoneScopedN(profiling_enabled, "NORM_MATMUL_RECIP");
      |             ^~~~~~~~~~~~~~~~~~~~~~
/home/mvasiljevic/tt-metal/tt_metal/tools/profiler/kernel_profiler.hpp:25:22: note: '#pragma message: NORM_MUL_BCAST,/home/mvasiljevic/tt-metal/ttnn/cpp/ttnn/operations/transformer/sdpa/device/kernels/compute/compute_streaming.hpp,764,KERNEL_PROFILER'
   25 | #define DO_PRAGMA(x) _Pragma(#x)
      |                      ^~~~~~~
/home/mvasiljevic/tt-metal/ttnn/cpp/ttnn/operations/transformer/sdpa/device/kernels/compute/compute_streaming.hpp:38:5: note: in expansion of macro 'DO_PRAGMA'
   38 |     DO_PRAGMA(message(PROFILER_MSG_NAME(name)));                               \
      |     ^~~~~~~~~
/home/mvasiljevic/tt-metal/ttnn/cpp/ttnn/operations/transformer/sdpa/device/kernels/compute/compute_streaming.hpp:764:13: note: in expansion of macro 'MaybeDeviceZoneScopedN'
  764 |             MaybeDeviceZoneScopedN(profiling_enabled, "NORM_MUL_BCAST");
      |             ^~~~~~~~~~~~~~~~~~~~~~
/home/mvasiljevic/tt-metal/ttnn/cpp/ttnn/operations/transformer/sdpa/device/kernels/compute/compute_streaming.hpp: In function 'void sdpa_inner_loop_step(AccumulatorHalf&, AccumulatorHalf&, bool, bool, bool, uint32_t, uint32_t, bool, uint32_t, uint32_t, uint32_t, bool, uint32_t, uint32_t, uint32_t, uint32_t, uint32_t, uint32_t, uint32_t, bool, uint32_t, uint32_t, const KVPadRotationContext&)':
/home/mvasiljevic/tt-metal/tt_metal/tools/profiler/kernel_profiler.hpp:25:22: note: '#pragma message: Softmax(Q@KT),/home/mvasiljevic/tt-metal/ttnn/cpp/ttnn/operations/transformer/sdpa/device/kernels/compute/compute_streaming.hpp,1250,KERNEL_PROFILER'
   25 | #define DO_PRAGMA(x) _Pragma(#x)
      |                      ^~~~~~~
/home/mvasiljevic/tt-metal/ttnn/cpp/ttnn/operations/transformer/sdpa/device/kernels/compute/compute_streaming.hpp:38:5: note: in expansion of macro 'DO_PRAGMA'
   38 |     DO_PRAGMA(message(PROFILER_MSG_NAME(name)));                               \
      |     ^~~~~~~~~
/home/mvasiljevic/tt-metal/ttnn/cpp/ttnn/operations/transformer/sdpa/device/kernels/compute/compute_streaming.hpp:1250:9: note: in expansion of macro 'MaybeDeviceZoneScopedN'
 1250 |         MaybeDeviceZoneScopedN(profiling_enabled, "Softmax(Q@KT)");
      |         ^~~~~~~~~~~~~~~~~~~~~~
/home/mvasiljevic/tt-metal/tt_metal/tools/profiler/kernel_profiler.hpp:25:22: note: '#pragma message: Q@KT MM+Pack,/home/mvasiljevic/tt-metal/ttnn/cpp/ttnn/operations/transformer/sdpa/device/kernels/compute/compute_streaming.hpp,1282,KERNEL_PROFILER'
   25 | #define DO_PRAGMA(x) _Pragma(#x)
      |                      ^~~~~~~
/home/mvasiljevic/tt-metal/ttnn/cpp/ttnn/operations/transformer/sdpa/device/kernels/compute/compute_streaming.hpp:38:5: note: in expansion of macro 'DO_PRAGMA'
   38 |     DO_PRAGMA(message(PROFILER_MSG_NAME(name)));                               \
      |     ^~~~~~~~~
/home/mvasiljevic/tt-metal/ttnn/cpp/ttnn/operations/transformer/sdpa/device/kernels/compute/compute_streaming.hpp:1282:17: note: in expansion of macro 'MaybeDeviceZoneScopedN'
 1282 |                 MaybeDeviceZoneScopedN(profiling_enabled, "Q@KT MM+Pack");
      |                 ^~~~~~~~~~~~~~~~~~~~~~
/home/mvasiljevic/tt-metal/tt_metal/tools/profiler/kernel_profiler.hpp:25:22: note: '#pragma message: Reduce max,/home/mvasiljevic/tt-metal/ttnn/cpp/ttnn/operations/transformer/sdpa/device/kernels/compute/compute_streaming.hpp,1375,KERNEL_PROFILER'
   25 | #define DO_PRAGMA(x) _Pragma(#x)
      |                      ^~~~~~~
/home/mvasiljevic/tt-metal/ttnn/cpp/ttnn/operations/transformer/sdpa/device/kernels/compute/compute_streaming.hpp:38:5: note: in expansion of macro 'DO_PRAGMA'
   38 |     DO_PRAGMA(message(PROFILER_MSG_NAME(name)));                               \
      |     ^~~~~~~~~
/home/mvasiljevic/tt-metal/ttnn/cpp/ttnn/operations/transformer/sdpa/device/kernels/compute/compute_streaming.hpp:1375:13: note: in expansion of macro 'MaybeDeviceZoneScopedN'
 1375 |             MaybeDeviceZoneScopedN(profiling_enabled, "Reduce max");
      |             ^~~~~~~~~~~~~~~~~~~~~~
/home/mvasiljevic/tt-metal/tt_metal/tools/profiler/kernel_profiler.hpp:25:22: note: '#pragma message: Softmax(Q@KT)@V,/home/mvasiljevic/tt-metal/ttnn/cpp/ttnn/operations/transformer/sdpa/device/kernels/compute/compute_streaming.hpp,1447,KERNEL_PROFILER'
   25 | #define DO_PRAGMA(x) _Pragma(#x)
      |                      ^~~~~~~
/home/mvasiljevic/tt-metal/ttnn/cpp/ttnn/operations/transformer/sdpa/device/kernels/compute/compute_streaming.hpp:38:5: note: in expansion of macro 'DO_PRAGMA'
   38 |     DO_PRAGMA(message(PROFILER_MSG_NAME(name)));                               \
      |     ^~~~~~~~~
/home/mvasiljevic/tt-metal/ttnn/cpp/ttnn/operations/transformer/sdpa/device/kernels/compute/compute_streaming.hpp:1447:13: note: in expansion of macro 'MaybeDeviceZoneScopedN'
 1447 |             MaybeDeviceZoneScopedN(profiling_enabled, "Softmax(Q@KT)@V");
      |             ^~~~~~~~~~~~~~~~~~~~~~
/home/mvasiljevic/tt-metal/tt_metal/tools/profiler/kernel_profiler.hpp:25:22: note: '#pragma message: QKT@V MM+Pack,/home/mvasiljevic/tt-metal/ttnn/cpp/ttnn/operations/transformer/sdpa/device/kernels/compute/compute_streaming.hpp,1482,KERNEL_PROFILER'
   25 | #define DO_PRAGMA(x) _Pragma(#x)
      |                      ^~~~~~~
/home/mvasiljevic/tt-metal/ttnn/cpp/ttnn/operations/transformer/sdpa/device/kernels/compute/compute_streaming.hpp:38:5: note: in expansion of macro 'DO_PRAGMA'
   38 |     DO_PRAGMA(message(PROFILER_MSG_NAME(name)));                               \
      |     ^~~~~~~~~
/home/mvasiljevic/tt-metal/ttnn/cpp/ttnn/operations/transformer/sdpa/device/kernels/compute/compute_streaming.hpp:1482:25: note: in expansion of macro 'MaybeDeviceZoneScopedN'
 1482 |                         MaybeDeviceZoneScopedN(profiling_enabled, "QKT@V MM+Pack");
      |                         ^~~~~~~~~~~~~~~~~~~~~~
/home/mvasiljevic/tt-metal/tt_metal/tools/profiler/kernel_profiler.hpp:25:22: note: '#pragma message: QKT@V MM+Pack,/home/mvasiljevic/tt-metal/ttnn/cpp/ttnn/operations/transformer/sdpa/device/kernels/compute/compute_streaming.hpp,1539,KERNEL_PROFILER'
   25 | #define DO_PRAGMA(x) _Pragma(#x)
      |                      ^~~~~~~
/home/mvasiljevic/tt-metal/ttnn/cpp/ttnn/operations/transformer/sdpa/device/kernels/compute/compute_streaming.hpp:38:5: note: in expansion of macro 'DO_PRAGMA'
   38 |     DO_PRAGMA(message(PROFILER_MSG_NAME(name)));                               \
      |     ^~~~~~~~~
/home/mvasiljevic/tt-metal/ttnn/cpp/ttnn/operations/transformer/sdpa/device/kernels/compute/compute_streaming.hpp:1539:21: note: in expansion of macro 'MaybeDeviceZoneScopedN'
 1539 |                     MaybeDeviceZoneScopedN(profiling_enabled, "QKT@V MM+Pack");
      |                     ^~~~~~~~~~~~~~~~~~~~~~
/home/mvasiljevic/tt-metal/ttnn/cpp/ttnn/operations/transformer/sdpa/device/kernels/compute/compute_streaming.hpp: In lambda function:
/home/mvasiljevic/tt-metal/tt_metal/tools/profiler/kernel_profiler.hpp:25:22: note: '#pragma message: ROW_NORM,/home/mvasiljevic/tt-metal/ttnn/cpp/ttnn/operations/transformer/sdpa/device/kernels/compute/compute_streaming.hpp,1570,KERNEL_PROFILER'
   25 | #define DO_PRAGMA(x) _Pragma(#x)
      |                      ^~~~~~~
/home/mvasiljevic/tt-metal/ttnn/cpp/ttnn/operations/transformer/sdpa/device/kernels/compute/compute_streaming.hpp:38:5: note: in expansion of macro 'DO_PRAGMA'
   38 |     DO_PRAGMA(message(PROFILER_MSG_NAME(name)));                               \
      |     ^~~~~~~~~
/home/mvasiljevic/tt-metal/ttnn/cpp/ttnn/operations/transformer/sdpa/device/kernels/compute/compute_streaming.hpp:1570:13: note: in expansion of macro 'MaybeDeviceZoneScopedN'
 1570 |             MaybeDeviceZoneScopedN(profiling_enabled, "ROW_NORM");
      |             ^~~~~~~~~~~~~~~~~~~~~~
/home/mvasiljevic/tt-metal/ttnn/cpp/ttnn/operations/transformer/sdpa/device/kernels/compute/compute_streaming.hpp: In lambda function:
/home/mvasiljevic/tt-metal/tt_metal/tools/profiler/kernel_profiler.hpp:25:22: note: '#pragma message: S_CORR_FUSED,/home/mvasiljevic/tt-metal/ttnn/cpp/ttnn/operations/transformer/sdpa/device/kernels/compute/compute_streaming.hpp,1595,KERNEL_PROFILER'
   25 | #define DO_PRAGMA(x) _Pragma(#x)
      |                      ^~~~~~~
/home/mvasiljevic/tt-metal/ttnn/cpp/ttnn/operations/transformer/sdpa/device/kernels/compute/compute_streaming.hpp:38:5: note: in expansion of macro 'DO_PRAGMA'
   38 |     DO_PRAGMA(message(PROFILER_MSG_NAME(name)));                               \
      |     ^~~~~~~~~
/home/mvasiljevic/tt-metal/ttnn/cpp/ttnn/operations/transformer/sdpa/device/kernels/compute/compute_streaming.hpp:1595:17: note: in expansion of macro 'MaybeDeviceZoneScopedN'
 1595 |                 MaybeDeviceZoneScopedN(profiling_enabled, "S_CORR_FUSED");
      |                 ^~~~~~~~~~~~~~~~~~~~~~
/home/mvasiljevic/tt-metal/ttnn/cpp/ttnn/operations/transformer/sdpa/device/kernels/compute/compute_streaming.hpp: In function 'void sdpa_inner_loop_step(AccumulatorHalf&, AccumulatorHalf&, bool, bool, bool, uint32_t, uint32_t, bool, uint32_t, uint32_t, uint32_t, bool, uint32_t, uint32_t, uint32_t, uint32_t, uint32_t, uint32_t, uint32_t, bool, uint32_t, uint32_t, const KVPadRotationContext&)':
/home/mvasiljevic/tt-metal/tt_metal/tools/profiler/kernel_profiler.hpp:25:22: note: '#pragma message: Softmax(Q@KT)@V,/home/mvasiljevic/tt-metal/ttnn/cpp/ttnn/operations/transformer/sdpa/device/kernels/compute/compute_streaming.hpp,1622,KERNEL_PROFILER'
   25 | #define DO_PRAGMA(x) _Pragma(#x)
      |                      ^~~~~~~
/home/mvasiljevic/tt-metal/ttnn/cpp/ttnn/operations/transformer/sdpa/device/kernels/compute/compute_streaming.hpp:38:5: note: in expansion of macro 'DO_PRAGMA'
   38 |     DO_PRAGMA(message(PROFILER_MSG_NAME(name)));                               \
      |     ^~~~~~~~~
/home/mvasiljevic/tt-metal/ttnn/cpp/ttnn/operations/transformer/sdpa/device/kernels/compute/compute_streaming.hpp:1622:13: note: in expansion of macro 'MaybeDeviceZoneScopedN'
 1622 |             MaybeDeviceZoneScopedN(profiling_enabled, "Softmax(Q@KT)@V");
      |             ^~~~~~~~~~~~~~~~~~~~~~
/home/mvasiljevic/tt-metal/tt_metal/tools/profiler/kernel_profiler.hpp:25:22: note: '#pragma message: QKT@V MM+Pack,/home/mvasiljevic/tt-metal/ttnn/cpp/ttnn/operations/transformer/sdpa/device/kernels/compute/compute_streaming.hpp,1648,KERNEL_PROFILER'
   25 | #define DO_PRAGMA(x) _Pragma(#x)
      |                      ^~~~~~~
/home/mvasiljevic/tt-metal/ttnn/cpp/ttnn/operations/transformer/sdpa/device/kernels/compute/compute_streaming.hpp:38:5: note: in expansion of macro 'DO_PRAGMA'
   38 |     DO_PRAGMA(message(PROFILER_MSG_NAME(name)));                               \
      |     ^~~~~~~~~
/home/mvasiljevic/tt-metal/ttnn/cpp/ttnn/operations/transformer/sdpa/device/kernels/compute/compute_streaming.hpp:1648:17: note: in expansion of macro 'MaybeDeviceZoneScopedN'
 1648 |                 MaybeDeviceZoneScopedN(profiling_enabled, "QKT@V MM+Pack");
      |                 ^~~~~~~~~~~~~~~~~~~~~~
/home/mvasiljevic/tt-metal/tt_metal/hw/firmware/src/tt-1xx/trisck.cc: In function 'uint32_t _start()':
/home/mvasiljevic/tt-metal/tt_metal/tools/profiler/kernel_profiler.hpp:25:22: note: '#pragma message: TRISC-KERNEL,/home/mvasiljevic/tt-metal/tt_metal/hw/firmware/src/tt-1xx/trisck.cc,86,KERNEL_PROFILER'
   25 | #define DO_PRAGMA(x) _Pragma(#x)
      |                      ^~~~~~~
/home/mvasiljevic/tt-metal/tt_metal/tools/profiler/kernel_profiler.hpp:702:5: note: in expansion of macro 'DO_PRAGMA'
  702 |     DO_PRAGMA(message(PROFILER_MSG_NAME(name)));                               \
      |     ^~~~~~~~~
/home/mvasiljevic/tt-metal/tt_metal/hw/firmware/src/tt-1xx/trisck.cc:86:5: note: in expansion of macro 'DeviceZoneScopedMainChildN'
   86 |     DeviceZoneScopedMainChildN("TRISC-KERNEL");
      |     ^~~~~~~~~~~~~~~~~~~~~~~~~~
Building ncrisc, compile step:
cd /home/mvasiljevic/.cache/tt-metal-cache/12569132917722018041/kernels/reader_tm_tile_layout_nlp_concat_heads/4952854910287368570/ncrisc/ && /home/mvasiljevic/tt-metal/runtime/sfpi/compiler/bin/riscv-tt-elf-g++ -O2 -std=c++17 -ftt-nttp -ftt-constinit -ftt-consteval -ftt-no-dyninit -flto=auto -ffast-math -fno-exceptions -fno-rtti -fno-use-cxa-atexit -g -MMD -Wall -Werror -Wno-error=deprecated-declarations -Wno-error=multistatement-macros -Wno-error=parentheses -Wno-error=unused-but-set-variable -Wno-unused-variable -Wno-unused-function -mcpu=tt-bh -fno-tree-loop-distribute-patterns -I. -I.. -I/home/mvasiljevic/tt-metal/ -I/home/mvasiljevic/tt-metal/ttnn -I/home/mvasiljevic/tt-metal/ttnn/cpp -I/home/mvasiljevic/tt-metal/tt_metal -I/home/mvasiljevic/tt-metal/tt_metal/hw/inc -I/home/mvasiljevic/tt-metal/tt_metal/tt-llk/common -I/home/mvasiljevic/tt-metal/tt_metal/hostdevcommon/api -I/home/mvasiljevic/tt-metal/tt_metal/api/ -I/home/mvasiljevic/tt-metal/tt_metal/hw/ckernels/blackhole/metal/common -I/home/mvasiljevic/tt-metal/tt_metal/hw/ckernels/blackhole/metal/llk_io -I/home/mvasiljevic/tt-metal/tt_metal/hw/inc/internal/tt-1xx -I/home/mvasiljevic/tt-metal/tt_metal/hw/inc/internal/tt-1xx/blackhole -I/home/mvasiljevic/tt-metal/tt_metal/hw/inc/internal/tt-1xx/blackhole/blackhole_defines -I/home/mvasiljevic/tt-metal/tt_metal/hw/inc/internal/tt-1xx/blackhole/noc -I/home/mvasiljevic/tt-metal/tt_metal/tt-llk/tt_llk_blackhole/common/inc -I/home/mvasiljevic/tt-metal/tt_metal/tt-llk/tt_llk_blackhole/llk_lib -I/home/mvasiljevic/tt-metal/tt_metal/hw/firmware/src/tt-1xx -I/home/mvasiljevic/tt-metal/ttnn/cpp/ttnn/operations/experimental/transformer/nlp_concat_heads/device/kernels/dataflow -c -o /home/mvasiljevic/.cache/tt-metal-cache/12569132917722018041/kernels/reader_tm_tile_layout_nlp_concat_heads/4952854910287368570/ncrisc/ncrisck.5880147012631460308.o /home/mvasiljevic/tt-metal/tt_metal/hw/firmware/src/tt-1xx/ncrisck.cc -MF /home/mvasiljevic/.cache/tt-metal-cache/12569132917722018041/kernels/reader_tm_tile_layout_nlp_concat_heads/4952854910287368570/ncrisc/ncrisck.5880147012631460308.d -DIS_NOT_POW2_NUM_L1_BANKS=1 -DLOG_BASE_2_OF_NUM_DRAM_BANKS=3 -DNUM_DRAM_BANKS=8 -DNUM_L1_BANKS=110 -DPCIE_NOC_X=19 -DPCIE_NOC_Y=24 -DTENSIX_FIRMWARE -DLOCAL_MEM_EN=0 -DPROFILE_KERNEL=1 -DPROFILER_FULL_HOST_BUFFER_SIZE_PER_RISC=48000 -DPROCESSOR_INDEX=1 -DCOMPILE_FOR_NCRISC -DARCH_BLACKHOLE -DDISPATCH_MESSAGE_ADDR=4290184248 -DKERNEL_BUILD -DFULL_KERNEL_NAME="\"reader_tm_tile_layout_nlp_concat_heads/4952854910287368570/\"" -DNOC_INDEX='0' -DNOC_MODE='0' -DKERNEL_COMPILE_TIME_ARGS=4,4,32,16,2,2048
In file included from /home/mvasiljevic/tt-metal/tt_metal/hw/inc/api/dataflow/dataflow_api.h:27,
                 from /home/mvasiljevic/tt-metal/tt_metal/hw/inc/internal/firmware_common.h:24,
                 from /home/mvasiljevic/tt-metal/tt_metal/hw/firmware/src/tt-1xx/ncrisck.cc:17:
/home/mvasiljevic/tt-metal/tt_metal/tools/profiler/kernel_profiler.hpp: In function 'void kernel_profiler::quick_push()':
/home/mvasiljevic/tt-metal/tt_metal/tools/profiler/kernel_profiler.hpp:25:22: note: '#pragma message: PROFILER-NOC-QUICK-PUSH,/home/mvasiljevic/tt-metal/tt_metal/tools/profiler/kernel_profiler.hpp,395,KERNEL_PROFILER'
   25 | #define DO_PRAGMA(x) _Pragma(#x)
      |                      ^~~~~~~
/home/mvasiljevic/tt-metal/tt_metal/tools/profiler/kernel_profiler.hpp:35:5: note: in expansion of macro 'DO_PRAGMA'
   35 |     DO_PRAGMA(message(PROFILER_MSG_NAME(name))); \
      |     ^~~~~~~~~
/home/mvasiljevic/tt-metal/tt_metal/tools/profiler/kernel_profiler.hpp:395:5: note: in expansion of macro 'SrcLocNameToHash'
  395 |     SrcLocNameToHash("PROFILER-NOC-QUICK-PUSH");
      |     ^~~~~~~~~~~~~~~~
/home/mvasiljevic/tt-metal/tt_metal/hw/firmware/src/tt-1xx/ncrisck.cc: In function 'uint32_t _start()':
/home/mvasiljevic/tt-metal/tt_metal/tools/profiler/kernel_profiler.hpp:25:22: note: '#pragma message: NCRISC-KERNEL,/home/mvasiljevic/tt-metal/tt_metal/hw/firmware/src/tt-1xx/ncrisck.cc,69,KERNEL_PROFILER'
   25 | #define DO_PRAGMA(x) _Pragma(#x)
      |                      ^~~~~~~
/home/mvasiljevic/tt-metal/tt_metal/tools/profiler/kernel_profiler.hpp:702:5: note: in expansion of macro 'DO_PRAGMA'
  702 |     DO_PRAGMA(message(PROFILER_MSG_NAME(name)));                               \
      |     ^~~~~~~~~
/home/mvasiljevic/tt-metal/tt_metal/hw/firmware/src/tt-1xx/ncrisck.cc:69:5: note: in expansion of macro 'DeviceZoneScopedMainChildN'
   69 |     DeviceZoneScopedMainChildN("NCRISC-KERNEL");
      |     ^~~~~~~~~~~~~~~~~~~~~~~~~~
Building brisc, compile step:
cd /home/mvasiljevic/.cache/tt-metal-cache/12569132917722018041/kernels/writer_unary_interleaved_start_id/7768588342143663468/brisc/ && /home/mvasiljevic/tt-metal/runtime/sfpi/compiler/bin/riscv-tt-elf-g++ -O2 -std=c++17 -ftt-nttp -ftt-constinit -ftt-consteval -ftt-no-dyninit -flto=auto -ffast-math -fno-exceptions -fno-rtti -fno-use-cxa-atexit -g -MMD -Wall -Werror -Wno-error=deprecated-declarations -Wno-error=multistatement-macros -Wno-error=parentheses -Wno-error=unused-but-set-variable -Wno-unused-variable -Wno-unused-function -mcpu=tt-bh -fno-tree-loop-distribute-patterns -I. -I.. -I/home/mvasiljevic/tt-metal/ -I/home/mvasiljevic/tt-metal/ttnn -I/home/mvasiljevic/tt-metal/ttnn/cpp -I/home/mvasiljevic/tt-metal/tt_metal -I/home/mvasiljevic/tt-metal/tt_metal/hw/inc -I/home/mvasiljevic/tt-metal/tt_metal/tt-llk/common -I/home/mvasiljevic/tt-metal/tt_metal/hostdevcommon/api -I/home/mvasiljevic/tt-metal/tt_metal/api/ -I/home/mvasiljevic/tt-metal/tt_metal/hw/ckernels/blackhole/metal/common -I/home/mvasiljevic/tt-metal/tt_metal/hw/ckernels/blackhole/metal/llk_io -I/home/mvasiljevic/tt-metal/tt_metal/hw/inc/internal/tt-1xx -I/home/mvasiljevic/tt-metal/tt_metal/hw/inc/internal/tt-1xx/blackhole -I/home/mvasiljevic/tt-metal/tt_metal/hw/inc/internal/tt-1xx/blackhole/blackhole_defines -I/home/mvasiljevic/tt-metal/tt_metal/hw/inc/internal/tt-1xx/blackhole/noc -I/home/mvasiljevic/tt-metal/tt_metal/tt-llk/tt_llk_blackhole/common/inc -I/home/mvasiljevic/tt-metal/tt_metal/tt-llk/tt_llk_blackhole/llk_lib -I/home/mvasiljevic/tt-metal/tt_metal/hw/firmware/src/tt-1xx -I/home/mvasiljevic/tt-metal/ttnn/cpp/ttnn/operations/eltwise/unary/device/kernels/dataflow -c -o /home/mvasiljevic/.cache/tt-metal-cache/12569132917722018041/kernels/writer_unary_interleaved_start_id/7768588342143663468/brisc/brisck.5880147012631460308.o /home/mvasiljevic/tt-metal/tt_metal/hw/firmware/src/tt-1xx/brisck.cc -MF /home/mvasiljevic/.cache/tt-metal-cache/12569132917722018041/kernels/writer_unary_interleaved_start_id/7768588342143663468/brisc/brisck.5880147012631460308.d -DIS_NOT_POW2_NUM_L1_BANKS=1 -DLOG_BASE_2_OF_NUM_DRAM_BANKS=3 -DNUM_DRAM_BANKS=8 -DNUM_L1_BANKS=110 -DPCIE_NOC_X=19 -DPCIE_NOC_Y=24 -DTENSIX_FIRMWARE -DLOCAL_MEM_EN=0 -DPROFILE_KERNEL=1 -DPROFILER_FULL_HOST_BUFFER_SIZE_PER_RISC=48000 -DPROCESSOR_INDEX=0 -DCOMPILE_FOR_BRISC -DARCH_BLACKHOLE -DDISPATCH_MESSAGE_ADDR=4290184248 -DKERNEL_BUILD -DFULL_KERNEL_NAME="\"writer_unary_interleaved_start_id/7768588342143663468/\"" -DNOC_INDEX='1' -DNOC_MODE='0' -DKERNEL_COMPILE_TIME_ARGS=0,2,2048
In file included from /home/mvasiljevic/tt-metal/tt_metal/hw/inc/api/dataflow/dataflow_api.h:27,
                 from /home/mvasiljevic/tt-metal/tt_metal/hw/inc/internal/firmware_common.h:24,
                 from /home/mvasiljevic/tt-metal/tt_metal/hw/firmware/src/tt-1xx/brisck.cc:17:
/home/mvasiljevic/tt-metal/tt_metal/tools/profiler/kernel_profiler.hpp: In function 'void kernel_profiler::quick_push()':
/home/mvasiljevic/tt-metal/tt_metal/tools/profiler/kernel_profiler.hpp:25:22: note: '#pragma message: PROFILER-NOC-QUICK-PUSH,/home/mvasiljevic/tt-metal/tt_metal/tools/profiler/kernel_profiler.hpp,395,KERNEL_PROFILER'
   25 | #define DO_PRAGMA(x) _Pragma(#x)
      |                      ^~~~~~~
/home/mvasiljevic/tt-metal/tt_metal/tools/profiler/kernel_profiler.hpp:35:5: note: in expansion of macro 'DO_PRAGMA'
   35 |     DO_PRAGMA(message(PROFILER_MSG_NAME(name))); \
      |     ^~~~~~~~~
/home/mvasiljevic/tt-metal/tt_metal/tools/profiler/kernel_profiler.hpp:395:5: note: in expansion of macro 'SrcLocNameToHash'
  395 |     SrcLocNameToHash("PROFILER-NOC-QUICK-PUSH");
      |     ^~~~~~~~~~~~~~~~
/home/mvasiljevic/tt-metal/tt_metal/hw/firmware/src/tt-1xx/brisck.cc: In function 'uint32_t _start()':
/home/mvasiljevic/tt-metal/tt_metal/tools/profiler/kernel_profiler.hpp:25:22: note: '#pragma message: BRISC-KERNEL,/home/mvasiljevic/tt-metal/tt_metal/hw/firmware/src/tt-1xx/brisck.cc,77,KERNEL_PROFILER'
   25 | #define DO_PRAGMA(x) _Pragma(#x)
      |                      ^~~~~~~
/home/mvasiljevic/tt-metal/tt_metal/tools/profiler/kernel_profiler.hpp:702:5: note: in expansion of macro 'DO_PRAGMA'
  702 |     DO_PRAGMA(message(PROFILER_MSG_NAME(name)));                               \
      |     ^~~~~~~~~
/home/mvasiljevic/tt-metal/tt_metal/hw/firmware/src/tt-1xx/brisck.cc:77:9: note: in expansion of macro 'DeviceZoneScopedMainChildN'
   77 |         DeviceZoneScopedMainChildN("BRISC-KERNEL");
      |         ^~~~~~~~~~~~~~~~~~~~~~~~~~
Building ncrisc, compile step:
cd /home/mvasiljevic/.cache/tt-metal-cache/12569132917722018041/kernels/reader_bmm_tile_layout_in0_receiver/12823147275347911370/ncrisc/ && /home/mvasiljevic/tt-metal/runtime/sfpi/compiler/bin/riscv-tt-elf-g++ -O2 -std=c++17 -ftt-nttp -ftt-constinit -ftt-consteval -ftt-no-dyninit -flto=auto -ffast-math -fno-exceptions -fno-rtti -fno-use-cxa-atexit -g -MMD -Wall -Werror -Wno-error=deprecated-declarations -Wno-error=multistatement-macros -Wno-error=parentheses -Wno-error=unused-but-set-variable -Wno-unused-variable -Wno-unused-function -mcpu=tt-bh -fno-tree-loop-distribute-patterns -I. -I.. -I/home/mvasiljevic/tt-metal/ -I/home/mvasiljevic/tt-metal/ttnn -I/home/mvasiljevic/tt-metal/ttnn/cpp -I/home/mvasiljevic/tt-metal/tt_metal -I/home/mvasiljevic/tt-metal/tt_metal/hw/inc -I/home/mvasiljevic/tt-metal/tt_metal/tt-llk/common -I/home/mvasiljevic/tt-metal/tt_metal/hostdevcommon/api -I/home/mvasiljevic/tt-metal/tt_metal/api/ -I/home/mvasiljevic/tt-metal/tt_metal/hw/ckernels/blackhole/metal/common -I/home/mvasiljevic/tt-metal/tt_metal/hw/ckernels/blackhole/metal/llk_io -I/home/mvasiljevic/tt-metal/tt_metal/hw/inc/internal/tt-1xx -I/home/mvasiljevic/tt-metal/tt_metal/hw/inc/internal/tt-1xx/blackhole -I/home/mvasiljevic/tt-metal/tt_metal/hw/inc/internal/tt-1xx/blackhole/blackhole_defines -I/home/mvasiljevic/tt-metal/tt_metal/hw/inc/internal/tt-1xx/blackhole/noc -I/home/mvasiljevic/tt-metal/tt_metal/tt-llk/tt_llk_blackhole/common/inc -I/home/mvasiljevic/tt-metal/tt_metal/tt-llk/tt_llk_blackhole/llk_lib -I/home/mvasiljevic/tt-metal/tt_metal/hw/firmware/src/tt-1xx -I/home/mvasiljevic/tt-metal/ttnn/cpp/ttnn/operations/matmul/device/kernels/dataflow -c -o /home/mvasiljevic/.cache/tt-metal-cache/12569132917722018041/kernels/reader_bmm_tile_layout_in0_receiver/12823147275347911370/ncrisc/ncrisck.5880147012631460308.o /home/mvasiljevic/tt-metal/tt_metal/hw/firmware/src/tt-1xx/ncrisck.cc -MF /home/mvasiljevic/.cache/tt-metal-cache/12569132917722018041/kernels/reader_bmm_tile_layout_in0_receiver/12823147275347911370/ncrisc/ncrisck.5880147012631460308.d -DIS_NOT_POW2_NUM_L1_BANKS=1 -DLOG_BASE_2_OF_NUM_DRAM_BANKS=3 -DNUM_DRAM_BANKS=8 -DNUM_L1_BANKS=110 -DPCIE_NOC_X=19 -DPCIE_NOC_Y=24 -DTENSIX_FIRMWARE -DLOCAL_MEM_EN=0 -DPROFILE_KERNEL=1 -DPROFILER_FULL_HOST_BUFFER_SIZE_PER_RISC=48000 -DPROCESSOR_INDEX=1 -DCOMPILE_FOR_NCRISC -DARCH_BLACKHOLE -DDISPATCH_MESSAGE_ADDR=4290184248 -DKERNEL_BUILD -DFULL_KERNEL_NAME="\"reader_bmm_tile_layout_in0_receiver/12823147275347911370/\"" -DNOC_INDEX='1' -DNOC_MODE='0' -DKERNEL_COMPILE_TIME_ARGS=8,64,1,1,0,1,1,0 -DKERNEL_COMPILE_TIME_ARG_MAP="{\"cb_in0\",0}, "
In file included from /home/mvasiljevic/tt-metal/tt_metal/hw/inc/api/dataflow/dataflow_api.h:27,
                 from /home/mvasiljevic/tt-metal/tt_metal/hw/inc/internal/firmware_common.h:24,
                 from /home/mvasiljevic/tt-metal/tt_metal/hw/firmware/src/tt-1xx/ncrisck.cc:17:
/home/mvasiljevic/tt-metal/tt_metal/tools/profiler/kernel_profiler.hpp: In function 'void kernel_profiler::quick_push()':
/home/mvasiljevic/tt-metal/tt_metal/tools/profiler/kernel_profiler.hpp:25:22: note: '#pragma message: PROFILER-NOC-QUICK-PUSH,/home/mvasiljevic/tt-metal/tt_metal/tools/profiler/kernel_profiler.hpp,395,KERNEL_PROFILER'
   25 | #define DO_PRAGMA(x) _Pragma(#x)
      |                      ^~~~~~~
/home/mvasiljevic/tt-metal/tt_metal/tools/profiler/kernel_profiler.hpp:35:5: note: in expansion of macro 'DO_PRAGMA'
   35 |     DO_PRAGMA(message(PROFILER_MSG_NAME(name))); \
      |     ^~~~~~~~~
/home/mvasiljevic/tt-metal/tt_metal/tools/profiler/kernel_profiler.hpp:395:5: note: in expansion of macro 'SrcLocNameToHash'
  395 |     SrcLocNameToHash("PROFILER-NOC-QUICK-PUSH");
      |     ^~~~~~~~~~~~~~~~
/home/mvasiljevic/tt-metal/tt_metal/hw/firmware/src/tt-1xx/ncrisck.cc: In function 'uint32_t _start()':
/home/mvasiljevic/tt-metal/tt_metal/tools/profiler/kernel_profiler.hpp:25:22: note: '#pragma message: NCRISC-KERNEL,/home/mvasiljevic/tt-metal/tt_metal/hw/firmware/src/tt-1xx/ncrisck.cc,69,KERNEL_PROFILER'
   25 | #define DO_PRAGMA(x) _Pragma(#x)
      |                      ^~~~~~~
/home/mvasiljevic/tt-metal/tt_metal/tools/profiler/kernel_profiler.hpp:702:5: note: in expansion of macro 'DO_PRAGMA'
  702 |     DO_PRAGMA(message(PROFILER_MSG_NAME(name)));                               \
      |     ^~~~~~~~~
/home/mvasiljevic/tt-metal/tt_metal/hw/firmware/src/tt-1xx/ncrisck.cc:69:5: note: in expansion of macro 'DeviceZoneScopedMainChildN'
   69 |     DeviceZoneScopedMainChildN("NCRISC-KERNEL");
      |     ^~~~~~~~~~~~~~~~~~~~~~~~~~
Building trisc2, compile step:
cd /home/mvasiljevic/.cache/tt-metal-cache/12569132917722018041/kernels/bmm_large_block_zm_fused_bias_activation/5187819949037309123/trisc2/ && /home/mvasiljevic/tt-metal/runtime/sfpi/compiler/bin/riscv-tt-elf-g++ -O3 -std=c++17 -ftt-nttp -ftt-constinit -ftt-consteval -ftt-no-dyninit -flto=auto -ffast-math -fno-exceptions -fno-rtti -fno-use-cxa-atexit -g -MMD -Wall -Werror -Wno-error=deprecated-declarations -Wno-error=multistatement-macros -Wno-error=parentheses -Wno-error=unused-but-set-variable -Wno-unused-variable -Wno-unused-function -mcpu=tt-bh-tensix -I. -I.. -I/home/mvasiljevic/tt-metal/ -I/home/mvasiljevic/tt-metal/ttnn -I/home/mvasiljevic/tt-metal/ttnn/cpp -I/home/mvasiljevic/tt-metal/tt_metal -I/home/mvasiljevic/tt-metal/tt_metal/hw/inc -I/home/mvasiljevic/tt-metal/tt_metal/tt-llk/common -I/home/mvasiljevic/tt-metal/tt_metal/hostdevcommon/api -I/home/mvasiljevic/tt-metal/tt_metal/api/ -I/home/mvasiljevic/tt-metal/runtime/sfpi/include -I/home/mvasiljevic/tt-metal/tt_metal/hw/ckernels/blackhole/metal/common -I/home/mvasiljevic/tt-metal/tt_metal/hw/ckernels/blackhole/metal/llk_io -I/home/mvasiljevic/tt-metal/tt_metal/hw/inc/internal/tt-1xx -I/home/mvasiljevic/tt-metal/tt_metal/hw/inc/internal/tt-1xx/blackhole -I/home/mvasiljevic/tt-metal/tt_metal/hw/inc/internal/tt-1xx/blackhole/blackhole_defines -I/home/mvasiljevic/tt-metal/tt_metal/hw/inc/internal/tt-1xx/blackhole/noc -I/home/mvasiljevic/tt-metal/tt_metal/tt-llk/tt_llk_blackhole/common/inc -I/home/mvasiljevic/tt-metal/tt_metal/tt-llk/tt_llk_blackhole/llk_lib -I/home/mvasiljevic/tt-metal/tt_metal/hw/ckernels/blackhole/metal/llk_api -I/home/mvasiljevic/tt-metal/tt_metal/hw/ckernels/blackhole/metal/llk_api/llk_sfpu -I/home/mvasiljevic/tt-metal/tt_metal/hw/firmware/src/tt-1xx -I/home/mvasiljevic/tt-metal/ttnn/cpp/ttnn/operations/matmul/device/kernels/compute -c -o /home/mvasiljevic/.cache/tt-metal-cache/12569132917722018041/kernels/bmm_large_block_zm_fused_bias_activation/5187819949037309123/trisc2/trisck.5880147012631460308.o /home/mvasiljevic/tt-metal/tt_metal/hw/firmware/src/tt-1xx/trisck.cc -MF /home/mvasiljevic/.cache/tt-metal-cache/12569132917722018041/kernels/bmm_large_block_zm_fused_bias_activation/5187819949037309123/trisc2/trisck.5880147012631460308.d -DIS_NOT_POW2_NUM_L1_BANKS=1 -DLOG_BASE_2_OF_NUM_DRAM_BANKS=3 -DNUM_DRAM_BANKS=8 -DNUM_L1_BANKS=110 -DPCIE_NOC_X=19 -DPCIE_NOC_Y=24 -DTENSIX_FIRMWARE -DLOCAL_MEM_EN=0 -DPROFILE_KERNEL=1 -DPROFILER_FULL_HOST_BUFFER_SIZE_PER_RISC=48000 -DPROCESSOR_INDEX=4 -DUCK_CHLKC_PACK -DCOMPILE_FOR_TRISC=2 -DARCH_BLACKHOLE -DDISPATCH_MESSAGE_ADDR=4290184248 -DKERNEL_BUILD -DFULL_KERNEL_NAME="\"bmm_large_block_zm_fused_bias_activation/5187819949037309123/\"" -DKERNEL_COMPILE_TIME_ARGS=2,1,8,8,1,2,1,64,1,1,4,1,4,1,4,0,0,0 -DKERNEL_COMPILE_TIME_ARG_MAP="{\"bias_ntiles\",1}, {\"cb_intermed0\",5}, {\"cb_out\",4}, {\"cb_in0_transposed\",10}, {\"cb_bias\",3}, {\"cb_in1\",1}, {\"cb_in0\",0}, "
In file included from /home/mvasiljevic/tt-metal/tt_metal/hw/ckernels/blackhole/metal/llk_io/llk_io_pack.h:14,
                 from /home/mvasiljevic/tt-metal/tt_metal/hw/inc/api/compute/cb_api.h:12,
                 from /home/mvasiljevic/tt-metal/tt_metal/hw/inc/api/compute/common.h:11,
                 from /home/mvasiljevic/tt-metal/tt_metal/hw/inc/api/compute/matmul.h:7,
                 from /home/mvasiljevic/tt-metal/ttnn/cpp/ttnn/operations/matmul/device/kernels/compute/bmm_large_block_zm_fused_bias_activation.cpp:7,
                 from ../chlkc_pack.cpp:3,
                 from /home/mvasiljevic/tt-metal/tt_metal/hw/ckernels/blackhole/metal/common/chlkc_list.h:21,
                 from /home/mvasiljevic/tt-metal/tt_metal/hw/firmware/src/tt-1xx/trisck.cc:13:
/home/mvasiljevic/tt-metal/tt_metal/hw/ckernels/blackhole/metal/llk_io/llk_io_pack.h: In function 'void llk_wait_for_free_tiles(int32_t, int32_t)':
/home/mvasiljevic/tt-metal/tt_metal/tools/profiler/kernel_profiler.hpp:25:22: note: '#pragma message: CB-COMPUTE-RESERVE-BACK,/home/mvasiljevic/tt-metal/tt_metal/hw/ckernels/blackhole/metal/llk_io/llk_io_pack.h,21,KERNEL_PROFILER'
   25 | #define DO_PRAGMA(x) _Pragma(#x)
      |                      ^~~~~~~
/home/mvasiljevic/tt-metal/tt_metal/tools/profiler/kernel_profiler.hpp:712:5: note: in expansion of macro 'DO_PRAGMA'
  712 |     DO_PRAGMA(message(PROFILER_MSG_NAME(name)));                               \
      |     ^~~~~~~~~
/home/mvasiljevic/tt-metal/tt_metal/hw/ckernels/blackhole/metal/llk_io/llk_io_pack.h:21:5: note: in expansion of macro 'DeviceZoneScopedSumN2'
   21 |     DeviceZoneScopedSumN2("CB-COMPUTE-RESERVE-BACK");
      |     ^~~~~~~~~~~~~~~~~~~~~
/home/mvasiljevic/tt-metal/tt_metal/hw/firmware/src/tt-1xx/trisck.cc: In function 'uint32_t _start()':
/home/mvasiljevic/tt-metal/tt_metal/tools/profiler/kernel_profiler.hpp:25:22: note: '#pragma message: TRISC-KERNEL,/home/mvasiljevic/tt-metal/tt_metal/hw/firmware/src/tt-1xx/trisck.cc,86,KERNEL_PROFILER'
   25 | #define DO_PRAGMA(x) _Pragma(#x)
      |                      ^~~~~~~
/home/mvasiljevic/tt-metal/tt_metal/tools/profiler/kernel_profiler.hpp:702:5: note: in expansion of macro 'DO_PRAGMA'
  702 |     DO_PRAGMA(message(PROFILER_MSG_NAME(name)));                               \
      |     ^~~~~~~~~
/home/mvasiljevic/tt-metal/tt_metal/hw/firmware/src/tt-1xx/trisck.cc:86:5: note: in expansion of macro 'DeviceZoneScopedMainChildN'
   86 |     DeviceZoneScopedMainChildN("TRISC-KERNEL");
      |     ^~~~~~~~~~~~~~~~~~~~~~~~~~
Building trisc0, compile step:
cd /home/mvasiljevic/.cache/tt-metal-cache/12569132917722018041/kernels/bmm_large_block_zm_fused_bias_activation/5187819949037309123/trisc0/ && /home/mvasiljevic/tt-metal/runtime/sfpi/compiler/bin/riscv-tt-elf-g++ -O3 -std=c++17 -ftt-nttp -ftt-constinit -ftt-consteval -ftt-no-dyninit -flto=auto -ffast-math -fno-exceptions -fno-rtti -fno-use-cxa-atexit -g -MMD -Wall -Werror -Wno-error=deprecated-declarations -Wno-error=multistatement-macros -Wno-error=parentheses -Wno-error=unused-but-set-variable -Wno-unused-variable -Wno-unused-function -mcpu=tt-bh-tensix -I. -I.. -I/home/mvasiljevic/tt-metal/ -I/home/mvasiljevic/tt-metal/ttnn -I/home/mvasiljevic/tt-metal/ttnn/cpp -I/home/mvasiljevic/tt-metal/tt_metal -I/home/mvasiljevic/tt-metal/tt_metal/hw/inc -I/home/mvasiljevic/tt-metal/tt_metal/tt-llk/common -I/home/mvasiljevic/tt-metal/tt_metal/hostdevcommon/api -I/home/mvasiljevic/tt-metal/tt_metal/api/ -I/home/mvasiljevic/tt-metal/runtime/sfpi/include -I/home/mvasiljevic/tt-metal/tt_metal/hw/ckernels/blackhole/metal/common -I/home/mvasiljevic/tt-metal/tt_metal/hw/ckernels/blackhole/metal/llk_io -I/home/mvasiljevic/tt-metal/tt_metal/hw/inc/internal/tt-1xx -I/home/mvasiljevic/tt-metal/tt_metal/hw/inc/internal/tt-1xx/blackhole -I/home/mvasiljevic/tt-metal/tt_metal/hw/inc/internal/tt-1xx/blackhole/blackhole_defines -I/home/mvasiljevic/tt-metal/tt_metal/hw/inc/internal/tt-1xx/blackhole/noc -I/home/mvasiljevic/tt-metal/tt_metal/tt-llk/tt_llk_blackhole/common/inc -I/home/mvasiljevic/tt-metal/tt_metal/tt-llk/tt_llk_blackhole/llk_lib -I/home/mvasiljevic/tt-metal/tt_metal/hw/ckernels/blackhole/metal/llk_api -I/home/mvasiljevic/tt-metal/tt_metal/hw/ckernels/blackhole/metal/llk_api/llk_sfpu -I/home/mvasiljevic/tt-metal/tt_metal/hw/firmware/src/tt-1xx -I/home/mvasiljevic/tt-metal/ttnn/cpp/ttnn/operations/matmul/device/kernels/compute -c -o /home/mvasiljevic/.cache/tt-metal-cache/12569132917722018041/kernels/bmm_large_block_zm_fused_bias_activation/5187819949037309123/trisc0/trisck.5880147012631460308.o /home/mvasiljevic/tt-metal/tt_metal/hw/firmware/src/tt-1xx/trisck.cc -MF /home/mvasiljevic/.cache/tt-metal-cache/12569132917722018041/kernels/bmm_large_block_zm_fused_bias_activation/5187819949037309123/trisc0/trisck.5880147012631460308.d -DIS_NOT_POW2_NUM_L1_BANKS=1 -DLOG_BASE_2_OF_NUM_DRAM_BANKS=3 -DNUM_DRAM_BANKS=8 -DNUM_L1_BANKS=110 -DPCIE_NOC_X=19 -DPCIE_NOC_Y=24 -DTENSIX_FIRMWARE -DLOCAL_MEM_EN=0 -DPROFILE_KERNEL=1 -DPROFILER_FULL_HOST_BUFFER_SIZE_PER_RISC=48000 -DPROCESSOR_INDEX=2 -DUCK_CHLKC_UNPACK -DCOMPILE_FOR_TRISC=0 -DARCH_BLACKHOLE -DDISPATCH_MESSAGE_ADDR=4290184248 -DKERNEL_BUILD -DFULL_KERNEL_NAME="\"bmm_large_block_zm_fused_bias_activation/5187819949037309123/\"" -DKERNEL_COMPILE_TIME_ARGS=2,1,8,8,1,2,1,64,1,1,4,1,4,1,4,0,0,0 -DKERNEL_COMPILE_TIME_ARG_MAP="{\"bias_ntiles\",1}, {\"cb_intermed0\",5}, {\"cb_out\",4}, {\"cb_in0_transposed\",10}, {\"cb_bias\",3}, {\"cb_in1\",1}, {\"cb_in0\",0}, "
In file included from /home/mvasiljevic/tt-metal/tt_metal/hw/ckernels/blackhole/metal/llk_io/llk_io_unpack.h:13,
                 from /home/mvasiljevic/tt-metal/tt_metal/hw/inc/api/compute/cb_api.h:15,
                 from /home/mvasiljevic/tt-metal/tt_metal/hw/inc/api/compute/common.h:11,
                 from /home/mvasiljevic/tt-metal/tt_metal/hw/inc/api/compute/matmul.h:7,
                 from /home/mvasiljevic/tt-metal/ttnn/cpp/ttnn/operations/matmul/device/kernels/compute/bmm_large_block_zm_fused_bias_activation.cpp:7,
                 from ../chlkc_unpack.cpp:3,
                 from /home/mvasiljevic/tt-metal/tt_metal/hw/ckernels/blackhole/metal/common/chlkc_list.h:26,
                 from /home/mvasiljevic/tt-metal/tt_metal/hw/firmware/src/tt-1xx/trisck.cc:13:
/home/mvasiljevic/tt-metal/tt_metal/hw/ckernels/blackhole/metal/llk_io/llk_io_unpack.h: In function 'void llk_wait_tiles(int, int32_t)':
/home/mvasiljevic/tt-metal/tt_metal/tools/profiler/kernel_profiler.hpp:25:22: note: '#pragma message: CB-COMPUTE-WAIT-FRONT,/home/mvasiljevic/tt-metal/tt_metal/hw/ckernels/blackhole/metal/llk_io/llk_io_unpack.h,19,KERNEL_PROFILER'
   25 | #define DO_PRAGMA(x) _Pragma(#x)
      |                      ^~~~~~~
/home/mvasiljevic/tt-metal/tt_metal/tools/profiler/kernel_profiler.hpp:707:5: note: in expansion of macro 'DO_PRAGMA'
  707 |     DO_PRAGMA(message(PROFILER_MSG_NAME(name)));                               \
      |     ^~~~~~~~~
/home/mvasiljevic/tt-metal/tt_metal/hw/ckernels/blackhole/metal/llk_io/llk_io_unpack.h:19:5: note: in expansion of macro 'DeviceZoneScopedSumN1'
   19 |     DeviceZoneScopedSumN1("CB-COMPUTE-WAIT-FRONT");
      |     ^~~~~~~~~~~~~~~~~~~~~
/home/mvasiljevic/tt-metal/tt_metal/hw/firmware/src/tt-1xx/trisck.cc: In function 'uint32_t _start()':
/home/mvasiljevic/tt-metal/tt_metal/tools/profiler/kernel_profiler.hpp:25:22: note: '#pragma message: TRISC-KERNEL,/home/mvasiljevic/tt-metal/tt_metal/hw/firmware/src/tt-1xx/trisck.cc,86,KERNEL_PROFILER'
   25 | #define DO_PRAGMA(x) _Pragma(#x)
      |                      ^~~~~~~
/home/mvasiljevic/tt-metal/tt_metal/tools/profiler/kernel_profiler.hpp:702:5: note: in expansion of macro 'DO_PRAGMA'
  702 |     DO_PRAGMA(message(PROFILER_MSG_NAME(name)));                               \
      |     ^~~~~~~~~
/home/mvasiljevic/tt-metal/tt_metal/hw/firmware/src/tt-1xx/trisck.cc:86:5: note: in expansion of macro 'DeviceZoneScopedMainChildN'
   86 |     DeviceZoneScopedMainChildN("TRISC-KERNEL");
      |     ^~~~~~~~~~~~~~~~~~~~~~~~~~
Building trisc1, compile step:
cd /home/mvasiljevic/.cache/tt-metal-cache/12569132917722018041/kernels/bmm_large_block_zm_fused_bias_activation/5187819949037309123/trisc1/ && /home/mvasiljevic/tt-metal/runtime/sfpi/compiler/bin/riscv-tt-elf-g++ -O3 -std=c++17 -ftt-nttp -ftt-constinit -ftt-consteval -ftt-no-dyninit -flto=auto -ffast-math -fno-exceptions -fno-rtti -fno-use-cxa-atexit -g -MMD -Wall -Werror -Wno-error=deprecated-declarations -Wno-error=multistatement-macros -Wno-error=parentheses -Wno-error=unused-but-set-variable -Wno-unused-variable -Wno-unused-function -mcpu=tt-bh-tensix -I. -I.. -I/home/mvasiljevic/tt-metal/ -I/home/mvasiljevic/tt-metal/ttnn -I/home/mvasiljevic/tt-metal/ttnn/cpp -I/home/mvasiljevic/tt-metal/tt_metal -I/home/mvasiljevic/tt-metal/tt_metal/hw/inc -I/home/mvasiljevic/tt-metal/tt_metal/tt-llk/common -I/home/mvasiljevic/tt-metal/tt_metal/hostdevcommon/api -I/home/mvasiljevic/tt-metal/tt_metal/api/ -I/home/mvasiljevic/tt-metal/runtime/sfpi/include -I/home/mvasiljevic/tt-metal/tt_metal/hw/ckernels/blackhole/metal/common -I/home/mvasiljevic/tt-metal/tt_metal/hw/ckernels/blackhole/metal/llk_io -I/home/mvasiljevic/tt-metal/tt_metal/hw/inc/internal/tt-1xx -I/home/mvasiljevic/tt-metal/tt_metal/hw/inc/internal/tt-1xx/blackhole -I/home/mvasiljevic/tt-metal/tt_metal/hw/inc/internal/tt-1xx/blackhole/blackhole_defines -I/home/mvasiljevic/tt-metal/tt_metal/hw/inc/internal/tt-1xx/blackhole/noc -I/home/mvasiljevic/tt-metal/tt_metal/tt-llk/tt_llk_blackhole/common/inc -I/home/mvasiljevic/tt-metal/tt_metal/tt-llk/tt_llk_blackhole/llk_lib -I/home/mvasiljevic/tt-metal/tt_metal/hw/ckernels/blackhole/metal/llk_api -I/home/mvasiljevic/tt-metal/tt_metal/hw/ckernels/blackhole/metal/llk_api/llk_sfpu -I/home/mvasiljevic/tt-metal/tt_metal/hw/firmware/src/tt-1xx -I/home/mvasiljevic/tt-metal/ttnn/cpp/ttnn/operations/matmul/device/kernels/compute -c -o /home/mvasiljevic/.cache/tt-metal-cache/12569132917722018041/kernels/bmm_large_block_zm_fused_bias_activation/5187819949037309123/trisc1/trisck.5880147012631460308.o /home/mvasiljevic/tt-metal/tt_metal/hw/firmware/src/tt-1xx/trisck.cc -MF /home/mvasiljevic/.cache/tt-metal-cache/12569132917722018041/kernels/bmm_large_block_zm_fused_bias_activation/5187819949037309123/trisc1/trisck.5880147012631460308.d -DIS_NOT_POW2_NUM_L1_BANKS=1 -DLOG_BASE_2_OF_NUM_DRAM_BANKS=3 -DNUM_DRAM_BANKS=8 -DNUM_L1_BANKS=110 -DPCIE_NOC_X=19 -DPCIE_NOC_Y=24 -DTENSIX_FIRMWARE -DLOCAL_MEM_EN=0 -DPROFILE_KERNEL=1 -DPROFILER_FULL_HOST_BUFFER_SIZE_PER_RISC=48000 -DPROCESSOR_INDEX=3 -DUCK_CHLKC_MATH -DCOMPILE_FOR_TRISC=1 -DARCH_BLACKHOLE -DDISPATCH_MESSAGE_ADDR=4290184248 -DKERNEL_BUILD -DFULL_KERNEL_NAME="\"bmm_large_block_zm_fused_bias_activation/5187819949037309123/\"" -DKERNEL_COMPILE_TIME_ARGS=2,1,8,8,1,2,1,64,1,1,4,1,4,1,4,0,0,0 -DKERNEL_COMPILE_TIME_ARG_MAP="{\"bias_ntiles\",1}, {\"cb_intermed0\",5}, {\"cb_out\",4}, {\"cb_in0_transposed\",10}, {\"cb_bias\",3}, {\"cb_in1\",1}, {\"cb_in0\",0}, "
In file included from /home/mvasiljevic/tt-metal/tt_metal/hw/firmware/src/tt-1xx/trisck.cc:15:
/home/mvasiljevic/tt-metal/tt_metal/hw/firmware/src/tt-1xx/trisck.cc: In function 'uint32_t _start()':
/home/mvasiljevic/tt-metal/tt_metal/tools/profiler/kernel_profiler.hpp:25:22: note: '#pragma message: TRISC-KERNEL,/home/mvasiljevic/tt-metal/tt_metal/hw/firmware/src/tt-1xx/trisck.cc,86,KERNEL_PROFILER'
   25 | #define DO_PRAGMA(x) _Pragma(#x)
      |                      ^~~~~~~
/home/mvasiljevic/tt-metal/tt_metal/tools/profiler/kernel_profiler.hpp:702:5: note: in expansion of macro 'DO_PRAGMA'
  702 |     DO_PRAGMA(message(PROFILER_MSG_NAME(name)));                               \
      |     ^~~~~~~~~
/home/mvasiljevic/tt-metal/tt_metal/hw/firmware/src/tt-1xx/trisck.cc:86:5: note: in expansion of macro 'DeviceZoneScopedMainChildN'
   86 |     DeviceZoneScopedMainChildN("TRISC-KERNEL");
      |     ^~~~~~~~~~~~~~~~~~~~~~~~~~
Building brisc, compile step:
cd /home/mvasiljevic/.cache/tt-metal-cache/12569132917722018041/kernels/reader_bmm_tile_layout_in1_sender_writer_padding/1445782521944134521/brisc/ && /home/mvasiljevic/tt-metal/runtime/sfpi/compiler/bin/riscv-tt-elf-g++ -O2 -std=c++17 -ftt-nttp -ftt-constinit -ftt-consteval -ftt-no-dyninit -flto=auto -ffast-math -fno-exceptions -fno-rtti -fno-use-cxa-atexit -g -MMD -Wall -Werror -Wno-error=deprecated-declarations -Wno-error=multistatement-macros -Wno-error=parentheses -Wno-error=unused-but-set-variable -Wno-unused-variable -Wno-unused-function -mcpu=tt-bh -fno-tree-loop-distribute-patterns -I. -I.. -I/home/mvasiljevic/tt-metal/ -I/home/mvasiljevic/tt-metal/ttnn -I/home/mvasiljevic/tt-metal/ttnn/cpp -I/home/mvasiljevic/tt-metal/tt_metal -I/home/mvasiljevic/tt-metal/tt_metal/hw/inc -I/home/mvasiljevic/tt-metal/tt_metal/tt-llk/common -I/home/mvasiljevic/tt-metal/tt_metal/hostdevcommon/api -I/home/mvasiljevic/tt-metal/tt_metal/api/ -I/home/mvasiljevic/tt-metal/tt_metal/hw/ckernels/blackhole/metal/common -I/home/mvasiljevic/tt-metal/tt_metal/hw/ckernels/blackhole/metal/llk_io -I/home/mvasiljevic/tt-metal/tt_metal/hw/inc/internal/tt-1xx -I/home/mvasiljevic/tt-metal/tt_metal/hw/inc/internal/tt-1xx/blackhole -I/home/mvasiljevic/tt-metal/tt_metal/hw/inc/internal/tt-1xx/blackhole/blackhole_defines -I/home/mvasiljevic/tt-metal/tt_metal/hw/inc/internal/tt-1xx/blackhole/noc -I/home/mvasiljevic/tt-metal/tt_metal/tt-llk/tt_llk_blackhole/common/inc -I/home/mvasiljevic/tt-metal/tt_metal/tt-llk/tt_llk_blackhole/llk_lib -I/home/mvasiljevic/tt-metal/tt_metal/hw/firmware/src/tt-1xx -I/home/mvasiljevic/tt-metal/ttnn/cpp/ttnn/operations/matmul/device/kernels/dataflow -c -o /home/mvasiljevic/.cache/tt-metal-cache/12569132917722018041/kernels/reader_bmm_tile_layout_in1_sender_writer_padding/1445782521944134521/brisc/brisck.5880147012631460308.o /home/mvasiljevic/tt-metal/tt_metal/hw/firmware/src/tt-1xx/brisck.cc -MF /home/mvasiljevic/.cache/tt-metal-cache/12569132917722018041/kernels/reader_bmm_tile_layout_in1_sender_writer_padding/1445782521944134521/brisc/brisck.5880147012631460308.d -DIS_NOT_POW2_NUM_L1_BANKS=1 -DLOG_BASE_2_OF_NUM_DRAM_BANKS=3 -DNUM_DRAM_BANKS=8 -DNUM_L1_BANKS=110 -DPCIE_NOC_X=19 -DPCIE_NOC_Y=24 -DTENSIX_FIRMWARE -DLOCAL_MEM_EN=0 -DPROFILE_KERNEL=1 -DPROFILER_FULL_HOST_BUFFER_SIZE_PER_RISC=48000 -DPROCESSOR_INDEX=0 -DCOMPILE_FOR_BRISC -DARCH_BLACKHOLE -DDISPATCH_MESSAGE_ADDR=4290184248 -DKERNEL_BUILD -DFULL_KERNEL_NAME="\"reader_bmm_tile_layout_in1_sender_writer_padding/1445782521944134521/\"" -DSKIP_MCAST='1' -DNOC_INDEX='0' -DNOC_MODE='0' -DKERNEL_COMPILE_TIME_ARGS=1,64,128,1,1,2,2,64,1,1,0,0,0,0,8192,1,1,0,0,1,64,1,256,1,256,1,4,4,256,0,0,0,2,2048,0,0,2,2048 -DKERNEL_COMPILE_TIME_ARG_MAP="{\"cb_sparsity\",7}, {\"cb_out\",4}, {\"cb_bias\",3}, {\"cb_in1\",1}, "
In file included from /home/mvasiljevic/tt-metal/tt_metal/hw/inc/api/dataflow/dataflow_api.h:27,
                 from /home/mvasiljevic/tt-metal/tt_metal/hw/inc/internal/firmware_common.h:24,
                 from /home/mvasiljevic/tt-metal/tt_metal/hw/firmware/src/tt-1xx/brisck.cc:17:
/home/mvasiljevic/tt-metal/tt_metal/tools/profiler/kernel_profiler.hpp: In function 'void kernel_profiler::quick_push()':
/home/mvasiljevic/tt-metal/tt_metal/tools/profiler/kernel_profiler.hpp:25:22: note: '#pragma message: PROFILER-NOC-QUICK-PUSH,/home/mvasiljevic/tt-metal/tt_metal/tools/profiler/kernel_profiler.hpp,395,KERNEL_PROFILER'
   25 | #define DO_PRAGMA(x) _Pragma(#x)
      |                      ^~~~~~~
/home/mvasiljevic/tt-metal/tt_metal/tools/profiler/kernel_profiler.hpp:35:5: note: in expansion of macro 'DO_PRAGMA'
   35 |     DO_PRAGMA(message(PROFILER_MSG_NAME(name))); \
      |     ^~~~~~~~~
/home/mvasiljevic/tt-metal/tt_metal/tools/profiler/kernel_profiler.hpp:395:5: note: in expansion of macro 'SrcLocNameToHash'
  395 |     SrcLocNameToHash("PROFILER-NOC-QUICK-PUSH");
      |     ^~~~~~~~~~~~~~~~
/home/mvasiljevic/tt-metal/tt_metal/hw/firmware/src/tt-1xx/brisck.cc: In function 'uint32_t _start()':
/home/mvasiljevic/tt-metal/tt_metal/tools/profiler/kernel_profiler.hpp:25:22: note: '#pragma message: BRISC-KERNEL,/home/mvasiljevic/tt-metal/tt_metal/hw/firmware/src/tt-1xx/brisck.cc,77,KERNEL_PROFILER'
   25 | #define DO_PRAGMA(x) _Pragma(#x)
      |                      ^~~~~~~
/home/mvasiljevic/tt-metal/tt_metal/tools/profiler/kernel_profiler.hpp:702:5: note: in expansion of macro 'DO_PRAGMA'
  702 |     DO_PRAGMA(message(PROFILER_MSG_NAME(name)));                               \
      |     ^~~~~~~~~
/home/mvasiljevic/tt-metal/tt_metal/hw/firmware/src/tt-1xx/brisck.cc:77:9: note: in expansion of macro 'DeviceZoneScopedMainChildN'
   77 |         DeviceZoneScopedMainChildN("BRISC-KERNEL");
      |         ^~~~~~~~~~~~~~~~~~~~~~~~~~
Building ncrisc, compile step:
cd /home/mvasiljevic/.cache/tt-metal-cache/12569132917722018041/kernels/reader_bmm_tile_layout_in0_sender_padding/15005356539006021298/ncrisc/ && /home/mvasiljevic/tt-metal/runtime/sfpi/compiler/bin/riscv-tt-elf-g++ -O2 -std=c++17 -ftt-nttp -ftt-constinit -ftt-consteval -ftt-no-dyninit -flto=auto -ffast-math -fno-exceptions -fno-rtti -fno-use-cxa-atexit -g -MMD -Wall -Werror -Wno-error=deprecated-declarations -Wno-error=multistatement-macros -Wno-error=parentheses -Wno-error=unused-but-set-variable -Wno-unused-variable -Wno-unused-function -mcpu=tt-bh -fno-tree-loop-distribute-patterns -I. -I.. -I/home/mvasiljevic/tt-metal/ -I/home/mvasiljevic/tt-metal/ttnn -I/home/mvasiljevic/tt-metal/ttnn/cpp -I/home/mvasiljevic/tt-metal/tt_metal -I/home/mvasiljevic/tt-metal/tt_metal/hw/inc -I/home/mvasiljevic/tt-metal/tt_metal/tt-llk/common -I/home/mvasiljevic/tt-metal/tt_metal/hostdevcommon/api -I/home/mvasiljevic/tt-metal/tt_metal/api/ -I/home/mvasiljevic/tt-metal/tt_metal/hw/ckernels/blackhole/metal/common -I/home/mvasiljevic/tt-metal/tt_metal/hw/ckernels/blackhole/metal/llk_io -I/home/mvasiljevic/tt-metal/tt_metal/hw/inc/internal/tt-1xx -I/home/mvasiljevic/tt-metal/tt_metal/hw/inc/internal/tt-1xx/blackhole -I/home/mvasiljevic/tt-metal/tt_metal/hw/inc/internal/tt-1xx/blackhole/blackhole_defines -I/home/mvasiljevic/tt-metal/tt_metal/hw/inc/internal/tt-1xx/blackhole/noc -I/home/mvasiljevic/tt-metal/tt_metal/tt-llk/tt_llk_blackhole/common/inc -I/home/mvasiljevic/tt-metal/tt_metal/tt-llk/tt_llk_blackhole/llk_lib -I/home/mvasiljevic/tt-metal/tt_metal/hw/firmware/src/tt-1xx -I/home/mvasiljevic/tt-metal/ttnn/cpp/ttnn/operations/matmul/device/kernels/dataflow -c -o /home/mvasiljevic/.cache/tt-metal-cache/12569132917722018041/kernels/reader_bmm_tile_layout_in0_sender_padding/15005356539006021298/ncrisc/ncrisck.5880147012631460308.o /home/mvasiljevic/tt-metal/tt_metal/hw/firmware/src/tt-1xx/ncrisck.cc -MF /home/mvasiljevic/.cache/tt-metal-cache/12569132917722018041/kernels/reader_bmm_tile_layout_in0_sender_padding/15005356539006021298/ncrisc/ncrisck.5880147012631460308.d -DIS_NOT_POW2_NUM_L1_BANKS=1 -DLOG_BASE_2_OF_NUM_DRAM_BANKS=3 -DNUM_DRAM_BANKS=8 -DNUM_L1_BANKS=110 -DPCIE_NOC_X=19 -DPCIE_NOC_Y=24 -DTENSIX_FIRMWARE -DLOCAL_MEM_EN=0 -DPROFILE_KERNEL=1 -DPROFILER_FULL_HOST_BUFFER_SIZE_PER_RISC=48000 -DPROCESSOR_INDEX=1 -DCOMPILE_FOR_NCRISC -DARCH_BLACKHOLE -DDISPATCH_MESSAGE_ADDR=4290184248 -DKERNEL_BUILD -DFULL_KERNEL_NAME="\"reader_bmm_tile_layout_in0_sender_padding/15005356539006021298/\"" -DNOC_INDEX='1' -DNOC_MODE='0' -DKERNEL_COMPILE_TIME_ARGS=1,128,2,512,2,4,8,0,0,0,0,0,64,1,1,0,1,63,65,512,1,1,0,0,0,1,0,0,2,2048,0,0,0 -DKERNEL_COMPILE_TIME_ARG_MAP="{\"cb_sparsity\",6}, {\"cb_in0_sharded\",2}, {\"cb_in0\",0}, "
In file included from /home/mvasiljevic/tt-metal/tt_metal/hw/inc/api/dataflow/dataflow_api.h:27,
                 from /home/mvasiljevic/tt-metal/tt_metal/hw/inc/internal/firmware_common.h:24,
                 from /home/mvasiljevic/tt-metal/tt_metal/hw/firmware/src/tt-1xx/ncrisck.cc:17:
/home/mvasiljevic/tt-metal/tt_metal/tools/profiler/kernel_profiler.hpp: In function 'void kernel_profiler::quick_push()':
/home/mvasiljevic/tt-metal/tt_metal/tools/profiler/kernel_profiler.hpp:25:22: note: '#pragma message: PROFILER-NOC-QUICK-PUSH,/home/mvasiljevic/tt-metal/tt_metal/tools/profiler/kernel_profiler.hpp,395,KERNEL_PROFILER'
   25 | #define DO_PRAGMA(x) _Pragma(#x)
      |                      ^~~~~~~
/home/mvasiljevic/tt-metal/tt_metal/tools/profiler/kernel_profiler.hpp:35:5: note: in expansion of macro 'DO_PRAGMA'
   35 |     DO_PRAGMA(message(PROFILER_MSG_NAME(name))); \
      |     ^~~~~~~~~
/home/mvasiljevic/tt-metal/tt_metal/tools/profiler/kernel_profiler.hpp:395:5: note: in expansion of macro 'SrcLocNameToHash'
  395 |     SrcLocNameToHash("PROFILER-NOC-QUICK-PUSH");
      |     ^~~~~~~~~~~~~~~~
/home/mvasiljevic/tt-metal/tt_metal/hw/firmware/src/tt-1xx/ncrisck.cc: In function 'uint32_t _start()':
/home/mvasiljevic/tt-metal/tt_metal/tools/profiler/kernel_profiler.hpp:25:22: note: '#pragma message: NCRISC-KERNEL,/home/mvasiljevic/tt-metal/tt_metal/hw/firmware/src/tt-1xx/ncrisck.cc,69,KERNEL_PROFILER'
   25 | #define DO_PRAGMA(x) _Pragma(#x)
      |                      ^~~~~~~
/home/mvasiljevic/tt-metal/tt_metal/tools/profiler/kernel_profiler.hpp:702:5: note: in expansion of macro 'DO_PRAGMA'
  702 |     DO_PRAGMA(message(PROFILER_MSG_NAME(name)));                               \
      |     ^~~~~~~~~
/home/mvasiljevic/tt-metal/tt_metal/hw/firmware/src/tt-1xx/ncrisck.cc:69:5: note: in expansion of macro 'DeviceZoneScopedMainChildN'
   69 |     DeviceZoneScopedMainChildN("NCRISC-KERNEL");
      |     ^~~~~~~~~~~~~~~~~~~~~~~~~~
Building trisc2, compile step:
cd /home/mvasiljevic/.cache/tt-metal-cache/12569132917722018041/kernels/bmm_large_block_zm_fused_bias_activation/12012785288619484927/trisc2/ && /home/mvasiljevic/tt-metal/runtime/sfpi/compiler/bin/riscv-tt-elf-g++ -O3 -std=c++17 -ftt-nttp -ftt-constinit -ftt-consteval -ftt-no-dyninit -flto=auto -ffast-math -fno-exceptions -fno-rtti -fno-use-cxa-atexit -g -MMD -Wall -Werror -Wno-error=deprecated-declarations -Wno-error=multistatement-macros -Wno-error=parentheses -Wno-error=unused-but-set-variable -Wno-unused-variable -Wno-unused-function -mcpu=tt-bh-tensix -I. -I.. -I/home/mvasiljevic/tt-metal/ -I/home/mvasiljevic/tt-metal/ttnn -I/home/mvasiljevic/tt-metal/ttnn/cpp -I/home/mvasiljevic/tt-metal/tt_metal -I/home/mvasiljevic/tt-metal/tt_metal/hw/inc -I/home/mvasiljevic/tt-metal/tt_metal/tt-llk/common -I/home/mvasiljevic/tt-metal/tt_metal/hostdevcommon/api -I/home/mvasiljevic/tt-metal/tt_metal/api/ -I/home/mvasiljevic/tt-metal/runtime/sfpi/include -I/home/mvasiljevic/tt-metal/tt_metal/hw/ckernels/blackhole/metal/common -I/home/mvasiljevic/tt-metal/tt_metal/hw/ckernels/blackhole/metal/llk_io -I/home/mvasiljevic/tt-metal/tt_metal/hw/inc/internal/tt-1xx -I/home/mvasiljevic/tt-metal/tt_metal/hw/inc/internal/tt-1xx/blackhole -I/home/mvasiljevic/tt-metal/tt_metal/hw/inc/internal/tt-1xx/blackhole/blackhole_defines -I/home/mvasiljevic/tt-metal/tt_metal/hw/inc/internal/tt-1xx/blackhole/noc -I/home/mvasiljevic/tt-metal/tt_metal/tt-llk/tt_llk_blackhole/common/inc -I/home/mvasiljevic/tt-metal/tt_metal/tt-llk/tt_llk_blackhole/llk_lib -I/home/mvasiljevic/tt-metal/tt_metal/hw/ckernels/blackhole/metal/llk_api -I/home/mvasiljevic/tt-metal/tt_metal/hw/ckernels/blackhole/metal/llk_api/llk_sfpu -I/home/mvasiljevic/tt-metal/tt_metal/hw/firmware/src/tt-1xx -I/home/mvasiljevic/tt-metal/ttnn/cpp/ttnn/operations/matmul/device/kernels/compute -c -o /home/mvasiljevic/.cache/tt-metal-cache/12569132917722018041/kernels/bmm_large_block_zm_fused_bias_activation/12012785288619484927/trisc2/trisck.5880147012631460308.o /home/mvasiljevic/tt-metal/tt_metal/hw/firmware/src/tt-1xx/trisck.cc -MF /home/mvasiljevic/.cache/tt-metal-cache/12569132917722018041/kernels/bmm_large_block_zm_fused_bias_activation/12012785288619484927/trisc2/trisck.5880147012631460308.d -DIS_NOT_POW2_NUM_L1_BANKS=1 -DLOG_BASE_2_OF_NUM_DRAM_BANKS=3 -DNUM_DRAM_BANKS=8 -DNUM_L1_BANKS=110 -DPCIE_NOC_X=19 -DPCIE_NOC_Y=24 -DTENSIX_FIRMWARE -DLOCAL_MEM_EN=0 -DPROFILE_KERNEL=1 -DPROFILER_FULL_HOST_BUFFER_SIZE_PER_RISC=48000 -DPROCESSOR_INDEX=4 -DUCK_CHLKC_PACK -DCOMPILE_FOR_TRISC=2 -DARCH_BLACKHOLE -DDISPATCH_MESSAGE_ADDR=4290184248 -DKERNEL_BUILD -DFULL_KERNEL_NAME="\"bmm_large_block_zm_fused_bias_activation/12012785288619484927/\"" -DKERNEL_COMPILE_TIME_ARGS=2,1,8,8,1,2,1,32,1,1,4,1,4,1,4,0,0,0 -DKERNEL_COMPILE_TIME_ARG_MAP="{\"bias_ntiles\",1}, {\"cb_intermed0\",5}, {\"cb_out\",4}, {\"cb_in0_transposed\",10}, {\"cb_bias\",3}, {\"cb_in1\",1}, {\"cb_in0\",0}, "
In file included from /home/mvasiljevic/tt-metal/tt_metal/hw/ckernels/blackhole/metal/llk_io/llk_io_pack.h:14,
                 from /home/mvasiljevic/tt-metal/tt_metal/hw/inc/api/compute/cb_api.h:12,
                 from /home/mvasiljevic/tt-metal/tt_metal/hw/inc/api/compute/common.h:11,
                 from /home/mvasiljevic/tt-metal/tt_metal/hw/inc/api/compute/matmul.h:7,
                 from /home/mvasiljevic/tt-metal/ttnn/cpp/ttnn/operations/matmul/device/kernels/compute/bmm_large_block_zm_fused_bias_activation.cpp:7,
                 from ../chlkc_pack.cpp:3,
                 from /home/mvasiljevic/tt-metal/tt_metal/hw/ckernels/blackhole/metal/common/chlkc_list.h:21,
                 from /home/mvasiljevic/tt-metal/tt_metal/hw/firmware/src/tt-1xx/trisck.cc:13:
/home/mvasiljevic/tt-metal/tt_metal/hw/ckernels/blackhole/metal/llk_io/llk_io_pack.h: In function 'void llk_wait_for_free_tiles(int32_t, int32_t)':
/home/mvasiljevic/tt-metal/tt_metal/tools/profiler/kernel_profiler.hpp:25:22: note: '#pragma message: CB-COMPUTE-RESERVE-BACK,/home/mvasiljevic/tt-metal/tt_metal/hw/ckernels/blackhole/metal/llk_io/llk_io_pack.h,21,KERNEL_PROFILER'
   25 | #define DO_PRAGMA(x) _Pragma(#x)
      |                      ^~~~~~~
/home/mvasiljevic/tt-metal/tt_metal/tools/profiler/kernel_profiler.hpp:712:5: note: in expansion of macro 'DO_PRAGMA'
  712 |     DO_PRAGMA(message(PROFILER_MSG_NAME(name)));                               \
      |     ^~~~~~~~~
/home/mvasiljevic/tt-metal/tt_metal/hw/ckernels/blackhole/metal/llk_io/llk_io_pack.h:21:5: note: in expansion of macro 'DeviceZoneScopedSumN2'
   21 |     DeviceZoneScopedSumN2("CB-COMPUTE-RESERVE-BACK");
      |     ^~~~~~~~~~~~~~~~~~~~~
/home/mvasiljevic/tt-metal/tt_metal/hw/firmware/src/tt-1xx/trisck.cc: In function 'uint32_t _start()':
/home/mvasiljevic/tt-metal/tt_metal/tools/profiler/kernel_profiler.hpp:25:22: note: '#pragma message: TRISC-KERNEL,/home/mvasiljevic/tt-metal/tt_metal/hw/firmware/src/tt-1xx/trisck.cc,86,KERNEL_PROFILER'
   25 | #define DO_PRAGMA(x) _Pragma(#x)
      |                      ^~~~~~~
/home/mvasiljevic/tt-metal/tt_metal/tools/profiler/kernel_profiler.hpp:702:5: note: in expansion of macro 'DO_PRAGMA'
  702 |     DO_PRAGMA(message(PROFILER_MSG_NAME(name)));                               \
      |     ^~~~~~~~~
/home/mvasiljevic/tt-metal/tt_metal/hw/firmware/src/tt-1xx/trisck.cc:86:5: note: in expansion of macro 'DeviceZoneScopedMainChildN'
   86 |     DeviceZoneScopedMainChildN("TRISC-KERNEL");
      |     ^~~~~~~~~~~~~~~~~~~~~~~~~~
Building trisc0, compile step:
cd /home/mvasiljevic/.cache/tt-metal-cache/12569132917722018041/kernels/bmm_large_block_zm_fused_bias_activation/12012785288619484927/trisc0/ && /home/mvasiljevic/tt-metal/runtime/sfpi/compiler/bin/riscv-tt-elf-g++ -O3 -std=c++17 -ftt-nttp -ftt-constinit -ftt-consteval -ftt-no-dyninit -flto=auto -ffast-math -fno-exceptions -fno-rtti -fno-use-cxa-atexit -g -MMD -Wall -Werror -Wno-error=deprecated-declarations -Wno-error=multistatement-macros -Wno-error=parentheses -Wno-error=unused-but-set-variable -Wno-unused-variable -Wno-unused-function -mcpu=tt-bh-tensix -I. -I.. -I/home/mvasiljevic/tt-metal/ -I/home/mvasiljevic/tt-metal/ttnn -I/home/mvasiljevic/tt-metal/ttnn/cpp -I/home/mvasiljevic/tt-metal/tt_metal -I/home/mvasiljevic/tt-metal/tt_metal/hw/inc -I/home/mvasiljevic/tt-metal/tt_metal/tt-llk/common -I/home/mvasiljevic/tt-metal/tt_metal/hostdevcommon/api -I/home/mvasiljevic/tt-metal/tt_metal/api/ -I/home/mvasiljevic/tt-metal/runtime/sfpi/include -I/home/mvasiljevic/tt-metal/tt_metal/hw/ckernels/blackhole/metal/common -I/home/mvasiljevic/tt-metal/tt_metal/hw/ckernels/blackhole/metal/llk_io -I/home/mvasiljevic/tt-metal/tt_metal/hw/inc/internal/tt-1xx -I/home/mvasiljevic/tt-metal/tt_metal/hw/inc/internal/tt-1xx/blackhole -I/home/mvasiljevic/tt-metal/tt_metal/hw/inc/internal/tt-1xx/blackhole/blackhole_defines -I/home/mvasiljevic/tt-metal/tt_metal/hw/inc/internal/tt-1xx/blackhole/noc -I/home/mvasiljevic/tt-metal/tt_metal/tt-llk/tt_llk_blackhole/common/inc -I/home/mvasiljevic/tt-metal/tt_metal/tt-llk/tt_llk_blackhole/llk_lib -I/home/mvasiljevic/tt-metal/tt_metal/hw/ckernels/blackhole/metal/llk_api -I/home/mvasiljevic/tt-metal/tt_metal/hw/ckernels/blackhole/metal/llk_api/llk_sfpu -I/home/mvasiljevic/tt-metal/tt_metal/hw/firmware/src/tt-1xx -I/home/mvasiljevic/tt-metal/ttnn/cpp/ttnn/operations/matmul/device/kernels/compute -c -o /home/mvasiljevic/.cache/tt-metal-cache/12569132917722018041/kernels/bmm_large_block_zm_fused_bias_activation/12012785288619484927/trisc0/trisck.5880147012631460308.o /home/mvasiljevic/tt-metal/tt_metal/hw/firmware/src/tt-1xx/trisck.cc -MF /home/mvasiljevic/.cache/tt-metal-cache/12569132917722018041/kernels/bmm_large_block_zm_fused_bias_activation/12012785288619484927/trisc0/trisck.5880147012631460308.d -DIS_NOT_POW2_NUM_L1_BANKS=1 -DLOG_BASE_2_OF_NUM_DRAM_BANKS=3 -DNUM_DRAM_BANKS=8 -DNUM_L1_BANKS=110 -DPCIE_NOC_X=19 -DPCIE_NOC_Y=24 -DTENSIX_FIRMWARE -DLOCAL_MEM_EN=0 -DPROFILE_KERNEL=1 -DPROFILER_FULL_HOST_BUFFER_SIZE_PER_RISC=48000 -DPROCESSOR_INDEX=2 -DUCK_CHLKC_UNPACK -DCOMPILE_FOR_TRISC=0 -DARCH_BLACKHOLE -DDISPATCH_MESSAGE_ADDR=4290184248 -DKERNEL_BUILD -DFULL_KERNEL_NAME="\"bmm_large_block_zm_fused_bias_activation/12012785288619484927/\"" -DKERNEL_COMPILE_TIME_ARGS=2,1,8,8,1,2,1,32,1,1,4,1,4,1,4,0,0,0 -DKERNEL_COMPILE_TIME_ARG_MAP="{\"bias_ntiles\",1}, {\"cb_intermed0\",5}, {\"cb_out\",4}, {\"cb_in0_transposed\",10}, {\"cb_bias\",3}, {\"cb_in1\",1}, {\"cb_in0\",0}, "
In file included from /home/mvasiljevic/tt-metal/tt_metal/hw/ckernels/blackhole/metal/llk_io/llk_io_unpack.h:13,
                 from /home/mvasiljevic/tt-metal/tt_metal/hw/inc/api/compute/cb_api.h:15,
                 from /home/mvasiljevic/tt-metal/tt_metal/hw/inc/api/compute/common.h:11,
                 from /home/mvasiljevic/tt-metal/tt_metal/hw/inc/api/compute/matmul.h:7,
                 from /home/mvasiljevic/tt-metal/ttnn/cpp/ttnn/operations/matmul/device/kernels/compute/bmm_large_block_zm_fused_bias_activation.cpp:7,
                 from ../chlkc_unpack.cpp:3,
                 from /home/mvasiljevic/tt-metal/tt_metal/hw/ckernels/blackhole/metal/common/chlkc_list.h:26,
                 from /home/mvasiljevic/tt-metal/tt_metal/hw/firmware/src/tt-1xx/trisck.cc:13:
/home/mvasiljevic/tt-metal/tt_metal/hw/ckernels/blackhole/metal/llk_io/llk_io_unpack.h: In function 'void llk_wait_tiles(int, int32_t)':
/home/mvasiljevic/tt-metal/tt_metal/tools/profiler/kernel_profiler.hpp:25:22: note: '#pragma message: CB-COMPUTE-WAIT-FRONT,/home/mvasiljevic/tt-metal/tt_metal/hw/ckernels/blackhole/metal/llk_io/llk_io_unpack.h,19,KERNEL_PROFILER'
   25 | #define DO_PRAGMA(x) _Pragma(#x)
      |                      ^~~~~~~
/home/mvasiljevic/tt-metal/tt_metal/tools/profiler/kernel_profiler.hpp:707:5: note: in expansion of macro 'DO_PRAGMA'
  707 |     DO_PRAGMA(message(PROFILER_MSG_NAME(name)));                               \
      |     ^~~~~~~~~
/home/mvasiljevic/tt-metal/tt_metal/hw/ckernels/blackhole/metal/llk_io/llk_io_unpack.h:19:5: note: in expansion of macro 'DeviceZoneScopedSumN1'
   19 |     DeviceZoneScopedSumN1("CB-COMPUTE-WAIT-FRONT");
      |     ^~~~~~~~~~~~~~~~~~~~~
/home/mvasiljevic/tt-metal/tt_metal/hw/firmware/src/tt-1xx/trisck.cc: In function 'uint32_t _start()':
/home/mvasiljevic/tt-metal/tt_metal/tools/profiler/kernel_profiler.hpp:25:22: note: '#pragma message: TRISC-KERNEL,/home/mvasiljevic/tt-metal/tt_metal/hw/firmware/src/tt-1xx/trisck.cc,86,KERNEL_PROFILER'
   25 | #define DO_PRAGMA(x) _Pragma(#x)
      |                      ^~~~~~~
/home/mvasiljevic/tt-metal/tt_metal/tools/profiler/kernel_profiler.hpp:702:5: note: in expansion of macro 'DO_PRAGMA'
  702 |     DO_PRAGMA(message(PROFILER_MSG_NAME(name)));                               \
      |     ^~~~~~~~~
/home/mvasiljevic/tt-metal/tt_metal/hw/firmware/src/tt-1xx/trisck.cc:86:5: note: in expansion of macro 'DeviceZoneScopedMainChildN'
   86 |     DeviceZoneScopedMainChildN("TRISC-KERNEL");
      |     ^~~~~~~~~~~~~~~~~~~~~~~~~~
Building ncrisc, compile step:
cd /home/mvasiljevic/.cache/tt-metal-cache/12569132917722018041/kernels/reader_bmm_tile_layout_in0_sender_padding/10516521948223488451/ncrisc/ && /home/mvasiljevic/tt-metal/runtime/sfpi/compiler/bin/riscv-tt-elf-g++ -O2 -std=c++17 -ftt-nttp -ftt-constinit -ftt-consteval -ftt-no-dyninit -flto=auto -ffast-math -fno-exceptions -fno-rtti -fno-use-cxa-atexit -g -MMD -Wall -Werror -Wno-error=deprecated-declarations -Wno-error=multistatement-macros -Wno-error=parentheses -Wno-error=unused-but-set-variable -Wno-unused-variable -Wno-unused-function -mcpu=tt-bh -fno-tree-loop-distribute-patterns -I. -I.. -I/home/mvasiljevic/tt-metal/ -I/home/mvasiljevic/tt-metal/ttnn -I/home/mvasiljevic/tt-metal/ttnn/cpp -I/home/mvasiljevic/tt-metal/tt_metal -I/home/mvasiljevic/tt-metal/tt_metal/hw/inc -I/home/mvasiljevic/tt-metal/tt_metal/tt-llk/common -I/home/mvasiljevic/tt-metal/tt_metal/hostdevcommon/api -I/home/mvasiljevic/tt-metal/tt_metal/api/ -I/home/mvasiljevic/tt-metal/tt_metal/hw/ckernels/blackhole/metal/common -I/home/mvasiljevic/tt-metal/tt_metal/hw/ckernels/blackhole/metal/llk_io -I/home/mvasiljevic/tt-metal/tt_metal/hw/inc/internal/tt-1xx -I/home/mvasiljevic/tt-metal/tt_metal/hw/inc/internal/tt-1xx/blackhole -I/home/mvasiljevic/tt-metal/tt_metal/hw/inc/internal/tt-1xx/blackhole/blackhole_defines -I/home/mvasiljevic/tt-metal/tt_metal/hw/inc/internal/tt-1xx/blackhole/noc -I/home/mvasiljevic/tt-metal/tt_metal/tt-llk/tt_llk_blackhole/common/inc -I/home/mvasiljevic/tt-metal/tt_metal/tt-llk/tt_llk_blackhole/llk_lib -I/home/mvasiljevic/tt-metal/tt_metal/hw/firmware/src/tt-1xx -I/home/mvasiljevic/tt-metal/ttnn/cpp/ttnn/operations/matmul/device/kernels/dataflow -c -o /home/mvasiljevic/.cache/tt-metal-cache/12569132917722018041/kernels/reader_bmm_tile_layout_in0_sender_padding/10516521948223488451/ncrisc/ncrisck.5880147012631460308.o /home/mvasiljevic/tt-metal/tt_metal/hw/firmware/src/tt-1xx/ncrisck.cc -MF /home/mvasiljevic/.cache/tt-metal-cache/12569132917722018041/kernels/reader_bmm_tile_layout_in0_sender_padding/10516521948223488451/ncrisc/ncrisck.5880147012631460308.d -DIS_NOT_POW2_NUM_L1_BANKS=1 -DLOG_BASE_2_OF_NUM_DRAM_BANKS=3 -DNUM_DRAM_BANKS=8 -DNUM_L1_BANKS=110 -DPCIE_NOC_X=19 -DPCIE_NOC_Y=24 -DTENSIX_FIRMWARE -DLOCAL_MEM_EN=0 -DPROFILE_KERNEL=1 -DPROFILER_FULL_HOST_BUFFER_SIZE_PER_RISC=48000 -DPROCESSOR_INDEX=1 -DCOMPILE_FOR_NCRISC -DARCH_BLACKHOLE -DDISPATCH_MESSAGE_ADDR=4290184248 -DKERNEL_BUILD -DFULL_KERNEL_NAME="\"reader_bmm_tile_layout_in0_sender_padding/10516521948223488451/\"" -DNOC_INDEX='1' -DNOC_MODE='0' -DKERNEL_COMPILE_TIME_ARGS=1,64,2,256,2,4,8,0,0,0,0,0,32,1,1,0,1,95,98,256,1,1,0,0,0,1,0,0,2,2048,0,0,0 -DKERNEL_COMPILE_TIME_ARG_MAP="{\"cb_sparsity\",6}, {\"cb_in0_sharded\",2}, {\"cb_in0\",0}, "
In file included from /home/mvasiljevic/tt-metal/tt_metal/hw/inc/api/dataflow/dataflow_api.h:27,
                 from /home/mvasiljevic/tt-metal/tt_metal/hw/inc/internal/firmware_common.h:24,
                 from /home/mvasiljevic/tt-metal/tt_metal/hw/firmware/src/tt-1xx/ncrisck.cc:17:
/home/mvasiljevic/tt-metal/tt_metal/tools/profiler/kernel_profiler.hpp: In function 'void kernel_profiler::quick_push()':
/home/mvasiljevic/tt-metal/tt_metal/tools/profiler/kernel_profiler.hpp:25:22: note: '#pragma message: PROFILER-NOC-QUICK-PUSH,/home/mvasiljevic/tt-metal/tt_metal/tools/profiler/kernel_profiler.hpp,395,KERNEL_PROFILER'
   25 | #define DO_PRAGMA(x) _Pragma(#x)
      |                      ^~~~~~~
/home/mvasiljevic/tt-metal/tt_metal/tools/profiler/kernel_profiler.hpp:35:5: note: in expansion of macro 'DO_PRAGMA'
   35 |     DO_PRAGMA(message(PROFILER_MSG_NAME(name))); \
      |     ^~~~~~~~~
/home/mvasiljevic/tt-metal/tt_metal/tools/profiler/kernel_profiler.hpp:395:5: note: in expansion of macro 'SrcLocNameToHash'
  395 |     SrcLocNameToHash("PROFILER-NOC-QUICK-PUSH");
      |     ^~~~~~~~~~~~~~~~
/home/mvasiljevic/tt-metal/tt_metal/hw/firmware/src/tt-1xx/ncrisck.cc: In function 'uint32_t _start()':
/home/mvasiljevic/tt-metal/tt_metal/tools/profiler/kernel_profiler.hpp:25:22: note: '#pragma message: NCRISC-KERNEL,/home/mvasiljevic/tt-metal/tt_metal/hw/firmware/src/tt-1xx/ncrisck.cc,69,KERNEL_PROFILER'
   25 | #define DO_PRAGMA(x) _Pragma(#x)
      |                      ^~~~~~~
/home/mvasiljevic/tt-metal/tt_metal/tools/profiler/kernel_profiler.hpp:702:5: note: in expansion of macro 'DO_PRAGMA'
  702 |     DO_PRAGMA(message(PROFILER_MSG_NAME(name)));                               \
      |     ^~~~~~~~~
/home/mvasiljevic/tt-metal/tt_metal/hw/firmware/src/tt-1xx/ncrisck.cc:69:5: note: in expansion of macro 'DeviceZoneScopedMainChildN'
   69 |     DeviceZoneScopedMainChildN("NCRISC-KERNEL");
      |     ^~~~~~~~~~~~~~~~~~~~~~~~~~
Building trisc1, compile step:
cd /home/mvasiljevic/.cache/tt-metal-cache/12569132917722018041/kernels/bmm_large_block_zm_fused_bias_activation/12012785288619484927/trisc1/ && /home/mvasiljevic/tt-metal/runtime/sfpi/compiler/bin/riscv-tt-elf-g++ -O3 -std=c++17 -ftt-nttp -ftt-constinit -ftt-consteval -ftt-no-dyninit -flto=auto -ffast-math -fno-exceptions -fno-rtti -fno-use-cxa-atexit -g -MMD -Wall -Werror -Wno-error=deprecated-declarations -Wno-error=multistatement-macros -Wno-error=parentheses -Wno-error=unused-but-set-variable -Wno-unused-variable -Wno-unused-function -mcpu=tt-bh-tensix -I. -I.. -I/home/mvasiljevic/tt-metal/ -I/home/mvasiljevic/tt-metal/ttnn -I/home/mvasiljevic/tt-metal/ttnn/cpp -I/home/mvasiljevic/tt-metal/tt_metal -I/home/mvasiljevic/tt-metal/tt_metal/hw/inc -I/home/mvasiljevic/tt-metal/tt_metal/tt-llk/common -I/home/mvasiljevic/tt-metal/tt_metal/hostdevcommon/api -I/home/mvasiljevic/tt-metal/tt_metal/api/ -I/home/mvasiljevic/tt-metal/runtime/sfpi/include -I/home/mvasiljevic/tt-metal/tt_metal/hw/ckernels/blackhole/metal/common -I/home/mvasiljevic/tt-metal/tt_metal/hw/ckernels/blackhole/metal/llk_io -I/home/mvasiljevic/tt-metal/tt_metal/hw/inc/internal/tt-1xx -I/home/mvasiljevic/tt-metal/tt_metal/hw/inc/internal/tt-1xx/blackhole -I/home/mvasiljevic/tt-metal/tt_metal/hw/inc/internal/tt-1xx/blackhole/blackhole_defines -I/home/mvasiljevic/tt-metal/tt_metal/hw/inc/internal/tt-1xx/blackhole/noc -I/home/mvasiljevic/tt-metal/tt_metal/tt-llk/tt_llk_blackhole/common/inc -I/home/mvasiljevic/tt-metal/tt_metal/tt-llk/tt_llk_blackhole/llk_lib -I/home/mvasiljevic/tt-metal/tt_metal/hw/ckernels/blackhole/metal/llk_api -I/home/mvasiljevic/tt-metal/tt_metal/hw/ckernels/blackhole/metal/llk_api/llk_sfpu -I/home/mvasiljevic/tt-metal/tt_metal/hw/firmware/src/tt-1xx -I/home/mvasiljevic/tt-metal/ttnn/cpp/ttnn/operations/matmul/device/kernels/compute -c -o /home/mvasiljevic/.cache/tt-metal-cache/12569132917722018041/kernels/bmm_large_block_zm_fused_bias_activation/12012785288619484927/trisc1/trisck.5880147012631460308.o /home/mvasiljevic/tt-metal/tt_metal/hw/firmware/src/tt-1xx/trisck.cc -MF /home/mvasiljevic/.cache/tt-metal-cache/12569132917722018041/kernels/bmm_large_block_zm_fused_bias_activation/12012785288619484927/trisc1/trisck.5880147012631460308.d -DIS_NOT_POW2_NUM_L1_BANKS=1 -DLOG_BASE_2_OF_NUM_DRAM_BANKS=3 -DNUM_DRAM_BANKS=8 -DNUM_L1_BANKS=110 -DPCIE_NOC_X=19 -DPCIE_NOC_Y=24 -DTENSIX_FIRMWARE -DLOCAL_MEM_EN=0 -DPROFILE_KERNEL=1 -DPROFILER_FULL_HOST_BUFFER_SIZE_PER_RISC=48000 -DPROCESSOR_INDEX=3 -DUCK_CHLKC_MATH -DCOMPILE_FOR_TRISC=1 -DARCH_BLACKHOLE -DDISPATCH_MESSAGE_ADDR=4290184248 -DKERNEL_BUILD -DFULL_KERNEL_NAME="\"bmm_large_block_zm_fused_bias_activation/12012785288619484927/\"" -DKERNEL_COMPILE_TIME_ARGS=2,1,8,8,1,2,1,32,1,1,4,1,4,1,4,0,0,0 -DKERNEL_COMPILE_TIME_ARG_MAP="{\"bias_ntiles\",1}, {\"cb_intermed0\",5}, {\"cb_out\",4}, {\"cb_in0_transposed\",10}, {\"cb_bias\",3}, {\"cb_in1\",1}, {\"cb_in0\",0}, "
In file included from /home/mvasiljevic/tt-metal/tt_metal/hw/firmware/src/tt-1xx/trisck.cc:15:
/home/mvasiljevic/tt-metal/tt_metal/hw/firmware/src/tt-1xx/trisck.cc: In function 'uint32_t _start()':
/home/mvasiljevic/tt-metal/tt_metal/tools/profiler/kernel_profiler.hpp:25:22: note: '#pragma message: TRISC-KERNEL,/home/mvasiljevic/tt-metal/tt_metal/hw/firmware/src/tt-1xx/trisck.cc,86,KERNEL_PROFILER'
   25 | #define DO_PRAGMA(x) _Pragma(#x)
      |                      ^~~~~~~
/home/mvasiljevic/tt-metal/tt_metal/tools/profiler/kernel_profiler.hpp:702:5: note: in expansion of macro 'DO_PRAGMA'
  702 |     DO_PRAGMA(message(PROFILER_MSG_NAME(name)));                               \
      |     ^~~~~~~~~
/home/mvasiljevic/tt-metal/tt_metal/hw/firmware/src/tt-1xx/trisck.cc:86:5: note: in expansion of macro 'DeviceZoneScopedMainChildN'
   86 |     DeviceZoneScopedMainChildN("TRISC-KERNEL");
      |     ^~~~~~~~~~~~~~~~~~~~~~~~~~
Building brisc, compile step:
cd /home/mvasiljevic/.cache/tt-metal-cache/12569132917722018041/kernels/reader_bmm_tile_layout_in1_sender_writer_padding/5789977149036283615/brisc/ && /home/mvasiljevic/tt-metal/runtime/sfpi/compiler/bin/riscv-tt-elf-g++ -O2 -std=c++17 -ftt-nttp -ftt-constinit -ftt-consteval -ftt-no-dyninit -flto=auto -ffast-math -fno-exceptions -fno-rtti -fno-use-cxa-atexit -g -MMD -Wall -Werror -Wno-error=deprecated-declarations -Wno-error=multistatement-macros -Wno-error=parentheses -Wno-error=unused-but-set-variable -Wno-unused-variable -Wno-unused-function -mcpu=tt-bh -fno-tree-loop-distribute-patterns -I. -I.. -I/home/mvasiljevic/tt-metal/ -I/home/mvasiljevic/tt-metal/ttnn -I/home/mvasiljevic/tt-metal/ttnn/cpp -I/home/mvasiljevic/tt-metal/tt_metal -I/home/mvasiljevic/tt-metal/tt_metal/hw/inc -I/home/mvasiljevic/tt-metal/tt_metal/tt-llk/common -I/home/mvasiljevic/tt-metal/tt_metal/hostdevcommon/api -I/home/mvasiljevic/tt-metal/tt_metal/api/ -I/home/mvasiljevic/tt-metal/tt_metal/hw/ckernels/blackhole/metal/common -I/home/mvasiljevic/tt-metal/tt_metal/hw/ckernels/blackhole/metal/llk_io -I/home/mvasiljevic/tt-metal/tt_metal/hw/inc/internal/tt-1xx -I/home/mvasiljevic/tt-metal/tt_metal/hw/inc/internal/tt-1xx/blackhole -I/home/mvasiljevic/tt-metal/tt_metal/hw/inc/internal/tt-1xx/blackhole/blackhole_defines -I/home/mvasiljevic/tt-metal/tt_metal/hw/inc/internal/tt-1xx/blackhole/noc -I/home/mvasiljevic/tt-metal/tt_metal/tt-llk/tt_llk_blackhole/common/inc -I/home/mvasiljevic/tt-metal/tt_metal/tt-llk/tt_llk_blackhole/llk_lib -I/home/mvasiljevic/tt-metal/tt_metal/hw/firmware/src/tt-1xx -I/home/mvasiljevic/tt-metal/ttnn/cpp/ttnn/operations/matmul/device/kernels/dataflow -c -o /home/mvasiljevic/.cache/tt-metal-cache/12569132917722018041/kernels/reader_bmm_tile_layout_in1_sender_writer_padding/5789977149036283615/brisc/brisck.5880147012631460308.o /home/mvasiljevic/tt-metal/tt_metal/hw/firmware/src/tt-1xx/brisck.cc -MF /home/mvasiljevic/.cache/tt-metal-cache/12569132917722018041/kernels/reader_bmm_tile_layout_in1_sender_writer_padding/5789977149036283615/brisc/brisck.5880147012631460308.d -DIS_NOT_POW2_NUM_L1_BANKS=1 -DLOG_BASE_2_OF_NUM_DRAM_BANKS=3 -DNUM_DRAM_BANKS=8 -DNUM_L1_BANKS=110 -DPCIE_NOC_X=19 -DPCIE_NOC_Y=24 -DTENSIX_FIRMWARE -DLOCAL_MEM_EN=0 -DPROFILE_KERNEL=1 -DPROFILER_FULL_HOST_BUFFER_SIZE_PER_RISC=48000 -DPROCESSOR_INDEX=0 -DCOMPILE_FOR_BRISC -DARCH_BLACKHOLE -DDISPATCH_MESSAGE_ADDR=4290184248 -DKERNEL_BUILD -DFULL_KERNEL_NAME="\"reader_bmm_tile_layout_in1_sender_writer_padding/5789977149036283615/\"" -DSKIP_MCAST='1' -DNOC_INDEX='0' -DNOC_MODE='0' -DKERNEL_COMPILE_TIME_ARGS=1,96,192,1,1,2,2,32,1,1,0,0,0,0,6144,1,1,0,0,1,96,1,384,1,384,1,4,4,384,0,0,0,2,2048,0,0,2,2048 -DKERNEL_COMPILE_TIME_ARG_MAP="{\"cb_sparsity\",7}, {\"cb_out\",4}, {\"cb_bias\",3}, {\"cb_in1\",1}, "
In file included from /home/mvasiljevic/tt-metal/tt_metal/hw/inc/api/dataflow/dataflow_api.h:27,
                 from /home/mvasiljevic/tt-metal/tt_metal/hw/inc/internal/firmware_common.h:24,
                 from /home/mvasiljevic/tt-metal/tt_metal/hw/firmware/src/tt-1xx/brisck.cc:17:
/home/mvasiljevic/tt-metal/tt_metal/tools/profiler/kernel_profiler.hpp: In function 'void kernel_profiler::quick_push()':
/home/mvasiljevic/tt-metal/tt_metal/tools/profiler/kernel_profiler.hpp:25:22: note: '#pragma message: PROFILER-NOC-QUICK-PUSH,/home/mvasiljevic/tt-metal/tt_metal/tools/profiler/kernel_profiler.hpp,395,KERNEL_PROFILER'
   25 | #define DO_PRAGMA(x) _Pragma(#x)
      |                      ^~~~~~~
/home/mvasiljevic/tt-metal/tt_metal/tools/profiler/kernel_profiler.hpp:35:5: note: in expansion of macro 'DO_PRAGMA'
   35 |     DO_PRAGMA(message(PROFILER_MSG_NAME(name))); \
      |     ^~~~~~~~~
/home/mvasiljevic/tt-metal/tt_metal/tools/profiler/kernel_profiler.hpp:395:5: note: in expansion of macro 'SrcLocNameToHash'
  395 |     SrcLocNameToHash("PROFILER-NOC-QUICK-PUSH");
      |     ^~~~~~~~~~~~~~~~
/home/mvasiljevic/tt-metal/tt_metal/hw/firmware/src/tt-1xx/brisck.cc: In function 'uint32_t _start()':
/home/mvasiljevic/tt-metal/tt_metal/tools/profiler/kernel_profiler.hpp:25:22: note: '#pragma message: BRISC-KERNEL,/home/mvasiljevic/tt-metal/tt_metal/hw/firmware/src/tt-1xx/brisck.cc,77,KERNEL_PROFILER'
   25 | #define DO_PRAGMA(x) _Pragma(#x)
      |                      ^~~~~~~
/home/mvasiljevic/tt-metal/tt_metal/tools/profiler/kernel_profiler.hpp:702:5: note: in expansion of macro 'DO_PRAGMA'
  702 |     DO_PRAGMA(message(PROFILER_MSG_NAME(name)));                               \
      |     ^~~~~~~~~
/home/mvasiljevic/tt-metal/tt_metal/hw/firmware/src/tt-1xx/brisck.cc:77:9: note: in expansion of macro 'DeviceZoneScopedMainChildN'
   77 |         DeviceZoneScopedMainChildN("BRISC-KERNEL");
      |         ^~~~~~~~~~~~~~~~~~~~~~~~~~
Building ncrisc, compile step:
cd /home/mvasiljevic/.cache/tt-metal-cache/12569132917722018041/kernels/reader_bmm_tile_layout_in0_receiver/13576620980134525493/ncrisc/ && /home/mvasiljevic/tt-metal/runtime/sfpi/compiler/bin/riscv-tt-elf-g++ -O2 -std=c++17 -ftt-nttp -ftt-constinit -ftt-consteval -ftt-no-dyninit -flto=auto -ffast-math -fno-exceptions -fno-rtti -fno-use-cxa-atexit -g -MMD -Wall -Werror -Wno-error=deprecated-declarations -Wno-error=multistatement-macros -Wno-error=parentheses -Wno-error=unused-but-set-variable -Wno-unused-variable -Wno-unused-function -mcpu=tt-bh -fno-tree-loop-distribute-patterns -I. -I.. -I/home/mvasiljevic/tt-metal/ -I/home/mvasiljevic/tt-metal/ttnn -I/home/mvasiljevic/tt-metal/ttnn/cpp -I/home/mvasiljevic/tt-metal/tt_metal -I/home/mvasiljevic/tt-metal/tt_metal/hw/inc -I/home/mvasiljevic/tt-metal/tt_metal/tt-llk/common -I/home/mvasiljevic/tt-metal/tt_metal/hostdevcommon/api -I/home/mvasiljevic/tt-metal/tt_metal/api/ -I/home/mvasiljevic/tt-metal/tt_metal/hw/ckernels/blackhole/metal/common -I/home/mvasiljevic/tt-metal/tt_metal/hw/ckernels/blackhole/metal/llk_io -I/home/mvasiljevic/tt-metal/tt_metal/hw/inc/internal/tt-1xx -I/home/mvasiljevic/tt-metal/tt_metal/hw/inc/internal/tt-1xx/blackhole -I/home/mvasiljevic/tt-metal/tt_metal/hw/inc/internal/tt-1xx/blackhole/blackhole_defines -I/home/mvasiljevic/tt-metal/tt_metal/hw/inc/internal/tt-1xx/blackhole/noc -I/home/mvasiljevic/tt-metal/tt_metal/tt-llk/tt_llk_blackhole/common/inc -I/home/mvasiljevic/tt-metal/tt_metal/tt-llk/tt_llk_blackhole/llk_lib -I/home/mvasiljevic/tt-metal/tt_metal/hw/firmware/src/tt-1xx -I/home/mvasiljevic/tt-metal/ttnn/cpp/ttnn/operations/matmul/device/kernels/dataflow -c -o /home/mvasiljevic/.cache/tt-metal-cache/12569132917722018041/kernels/reader_bmm_tile_layout_in0_receiver/13576620980134525493/ncrisc/ncrisck.5880147012631460308.o /home/mvasiljevic/tt-metal/tt_metal/hw/firmware/src/tt-1xx/ncrisck.cc -MF /home/mvasiljevic/.cache/tt-metal-cache/12569132917722018041/kernels/reader_bmm_tile_layout_in0_receiver/13576620980134525493/ncrisc/ncrisck.5880147012631460308.d -DIS_NOT_POW2_NUM_L1_BANKS=1 -DLOG_BASE_2_OF_NUM_DRAM_BANKS=3 -DNUM_DRAM_BANKS=8 -DNUM_L1_BANKS=110 -DPCIE_NOC_X=19 -DPCIE_NOC_Y=24 -DTENSIX_FIRMWARE -DLOCAL_MEM_EN=0 -DPROFILE_KERNEL=1 -DPROFILER_FULL_HOST_BUFFER_SIZE_PER_RISC=48000 -DPROCESSOR_INDEX=1 -DCOMPILE_FOR_NCRISC -DARCH_BLACKHOLE -DDISPATCH_MESSAGE_ADDR=4290184248 -DKERNEL_BUILD -DFULL_KERNEL_NAME="\"reader_bmm_tile_layout_in0_receiver/13576620980134525493/\"" -DNOC_INDEX='1' -DNOC_MODE='0' -DKERNEL_COMPILE_TIME_ARGS=8,48,1,1,0,1,1,0 -DKERNEL_COMPILE_TIME_ARG_MAP="{\"cb_in0\",0}, "
In file included from /home/mvasiljevic/tt-metal/tt_metal/hw/inc/api/dataflow/dataflow_api.h:27,
                 from /home/mvasiljevic/tt-metal/tt_metal/hw/inc/internal/firmware_common.h:24,
                 from /home/mvasiljevic/tt-metal/tt_metal/hw/firmware/src/tt-1xx/ncrisck.cc:17:
/home/mvasiljevic/tt-metal/tt_metal/tools/profiler/kernel_profiler.hpp: In function 'void kernel_profiler::quick_push()':
/home/mvasiljevic/tt-metal/tt_metal/tools/profiler/kernel_profiler.hpp:25:22: note: '#pragma message: PROFILER-NOC-QUICK-PUSH,/home/mvasiljevic/tt-metal/tt_metal/tools/profiler/kernel_profiler.hpp,395,KERNEL_PROFILER'
   25 | #define DO_PRAGMA(x) _Pragma(#x)
      |                      ^~~~~~~
/home/mvasiljevic/tt-metal/tt_metal/tools/profiler/kernel_profiler.hpp:35:5: note: in expansion of macro 'DO_PRAGMA'
   35 |     DO_PRAGMA(message(PROFILER_MSG_NAME(name))); \
      |     ^~~~~~~~~
/home/mvasiljevic/tt-metal/tt_metal/tools/profiler/kernel_profiler.hpp:395:5: note: in expansion of macro 'SrcLocNameToHash'
  395 |     SrcLocNameToHash("PROFILER-NOC-QUICK-PUSH");
      |     ^~~~~~~~~~~~~~~~
/home/mvasiljevic/tt-metal/tt_metal/hw/firmware/src/tt-1xx/ncrisck.cc: In function 'uint32_t _start()':
/home/mvasiljevic/tt-metal/tt_metal/tools/profiler/kernel_profiler.hpp:25:22: note: '#pragma message: NCRISC-KERNEL,/home/mvasiljevic/tt-metal/tt_metal/hw/firmware/src/tt-1xx/ncrisck.cc,69,KERNEL_PROFILER'
   25 | #define DO_PRAGMA(x) _Pragma(#x)
      |                      ^~~~~~~
/home/mvasiljevic/tt-metal/tt_metal/tools/profiler/kernel_profiler.hpp:702:5: note: in expansion of macro 'DO_PRAGMA'
  702 |     DO_PRAGMA(message(PROFILER_MSG_NAME(name)));                               \
      |     ^~~~~~~~~
/home/mvasiljevic/tt-metal/tt_metal/hw/firmware/src/tt-1xx/ncrisck.cc:69:5: note: in expansion of macro 'DeviceZoneScopedMainChildN'
   69 |     DeviceZoneScopedMainChildN("NCRISC-KERNEL");
      |     ^~~~~~~~~~~~~~~~~~~~~~~~~~
Building trisc2, compile step:
cd /home/mvasiljevic/.cache/tt-metal-cache/12569132917722018041/kernels/bmm_large_block_zm_fused_bias_activation/4952525874028506880/trisc2/ && /home/mvasiljevic/tt-metal/runtime/sfpi/compiler/bin/riscv-tt-elf-g++ -O3 -std=c++17 -ftt-nttp -ftt-constinit -ftt-consteval -ftt-no-dyninit -flto=auto -ffast-math -fno-exceptions -fno-rtti -fno-use-cxa-atexit -g -MMD -Wall -Werror -Wno-error=deprecated-declarations -Wno-error=multistatement-macros -Wno-error=parentheses -Wno-error=unused-but-set-variable -Wno-unused-variable -Wno-unused-function -mcpu=tt-bh-tensix -I. -I.. -I/home/mvasiljevic/tt-metal/ -I/home/mvasiljevic/tt-metal/ttnn -I/home/mvasiljevic/tt-metal/ttnn/cpp -I/home/mvasiljevic/tt-metal/tt_metal -I/home/mvasiljevic/tt-metal/tt_metal/hw/inc -I/home/mvasiljevic/tt-metal/tt_metal/tt-llk/common -I/home/mvasiljevic/tt-metal/tt_metal/hostdevcommon/api -I/home/mvasiljevic/tt-metal/tt_metal/api/ -I/home/mvasiljevic/tt-metal/runtime/sfpi/include -I/home/mvasiljevic/tt-metal/tt_metal/hw/ckernels/blackhole/metal/common -I/home/mvasiljevic/tt-metal/tt_metal/hw/ckernels/blackhole/metal/llk_io -I/home/mvasiljevic/tt-metal/tt_metal/hw/inc/internal/tt-1xx -I/home/mvasiljevic/tt-metal/tt_metal/hw/inc/internal/tt-1xx/blackhole -I/home/mvasiljevic/tt-metal/tt_metal/hw/inc/internal/tt-1xx/blackhole/blackhole_defines -I/home/mvasiljevic/tt-metal/tt_metal/hw/inc/internal/tt-1xx/blackhole/noc -I/home/mvasiljevic/tt-metal/tt_metal/tt-llk/tt_llk_blackhole/common/inc -I/home/mvasiljevic/tt-metal/tt_metal/tt-llk/tt_llk_blackhole/llk_lib -I/home/mvasiljevic/tt-metal/tt_metal/hw/ckernels/blackhole/metal/llk_api -I/home/mvasiljevic/tt-metal/tt_metal/hw/ckernels/blackhole/metal/llk_api/llk_sfpu -I/home/mvasiljevic/tt-metal/tt_metal/hw/firmware/src/tt-1xx -I/home/mvasiljevic/tt-metal/ttnn/cpp/ttnn/operations/matmul/device/kernels/compute -c -o /home/mvasiljevic/.cache/tt-metal-cache/12569132917722018041/kernels/bmm_large_block_zm_fused_bias_activation/4952525874028506880/trisc2/trisck.5880147012631460308.o /home/mvasiljevic/tt-metal/tt_metal/hw/firmware/src/tt-1xx/trisck.cc -MF /home/mvasiljevic/.cache/tt-metal-cache/12569132917722018041/kernels/bmm_large_block_zm_fused_bias_activation/4952525874028506880/trisc2/trisck.5880147012631460308.d -DIS_NOT_POW2_NUM_L1_BANKS=1 -DLOG_BASE_2_OF_NUM_DRAM_BANKS=3 -DNUM_DRAM_BANKS=8 -DNUM_L1_BANKS=110 -DPCIE_NOC_X=19 -DPCIE_NOC_Y=24 -DTENSIX_FIRMWARE -DLOCAL_MEM_EN=0 -DPROFILE_KERNEL=1 -DPROFILER_FULL_HOST_BUFFER_SIZE_PER_RISC=48000 -DPROCESSOR_INDEX=4 -DUCK_CHLKC_PACK -DCOMPILE_FOR_TRISC=2 -DARCH_BLACKHOLE -DDISPATCH_MESSAGE_ADDR=4290184248 -DKERNEL_BUILD -DFULL_KERNEL_NAME="\"bmm_large_block_zm_fused_bias_activation/4952525874028506880/\"" -DKERNEL_COMPILE_TIME_ARGS=2,1,8,8,1,2,1,48,1,1,4,1,4,1,4,0,0,0 -DKERNEL_COMPILE_TIME_ARG_MAP="{\"bias_ntiles\",1}, {\"cb_intermed0\",5}, {\"cb_out\",4}, {\"cb_in0_transposed\",10}, {\"cb_bias\",3}, {\"cb_in1\",1}, {\"cb_in0\",0}, "
In file included from /home/mvasiljevic/tt-metal/tt_metal/hw/ckernels/blackhole/metal/llk_io/llk_io_pack.h:14,
                 from /home/mvasiljevic/tt-metal/tt_metal/hw/inc/api/compute/cb_api.h:12,
                 from /home/mvasiljevic/tt-metal/tt_metal/hw/inc/api/compute/common.h:11,
                 from /home/mvasiljevic/tt-metal/tt_metal/hw/inc/api/compute/matmul.h:7,
                 from /home/mvasiljevic/tt-metal/ttnn/cpp/ttnn/operations/matmul/device/kernels/compute/bmm_large_block_zm_fused_bias_activation.cpp:7,
                 from ../chlkc_pack.cpp:3,
                 from /home/mvasiljevic/tt-metal/tt_metal/hw/ckernels/blackhole/metal/common/chlkc_list.h:21,
                 from /home/mvasiljevic/tt-metal/tt_metal/hw/firmware/src/tt-1xx/trisck.cc:13:
/home/mvasiljevic/tt-metal/tt_metal/hw/ckernels/blackhole/metal/llk_io/llk_io_pack.h: In function 'void llk_wait_for_free_tiles(int32_t, int32_t)':
/home/mvasiljevic/tt-metal/tt_metal/tools/profiler/kernel_profiler.hpp:25:22: note: '#pragma message: CB-COMPUTE-RESERVE-BACK,/home/mvasiljevic/tt-metal/tt_metal/hw/ckernels/blackhole/metal/llk_io/llk_io_pack.h,21,KERNEL_PROFILER'
   25 | #define DO_PRAGMA(x) _Pragma(#x)
      |                      ^~~~~~~
/home/mvasiljevic/tt-metal/tt_metal/tools/profiler/kernel_profiler.hpp:712:5: note: in expansion of macro 'DO_PRAGMA'
  712 |     DO_PRAGMA(message(PROFILER_MSG_NAME(name)));                               \
      |     ^~~~~~~~~
/home/mvasiljevic/tt-metal/tt_metal/hw/ckernels/blackhole/metal/llk_io/llk_io_pack.h:21:5: note: in expansion of macro 'DeviceZoneScopedSumN2'
   21 |     DeviceZoneScopedSumN2("CB-COMPUTE-RESERVE-BACK");
      |     ^~~~~~~~~~~~~~~~~~~~~
/home/mvasiljevic/tt-metal/tt_metal/hw/firmware/src/tt-1xx/trisck.cc: In function 'uint32_t _start()':
/home/mvasiljevic/tt-metal/tt_metal/tools/profiler/kernel_profiler.hpp:25:22: note: '#pragma message: TRISC-KERNEL,/home/mvasiljevic/tt-metal/tt_metal/hw/firmware/src/tt-1xx/trisck.cc,86,KERNEL_PROFILER'
   25 | #define DO_PRAGMA(x) _Pragma(#x)
      |                      ^~~~~~~
/home/mvasiljevic/tt-metal/tt_metal/tools/profiler/kernel_profiler.hpp:702:5: note: in expansion of macro 'DO_PRAGMA'
  702 |     DO_PRAGMA(message(PROFILER_MSG_NAME(name)));                               \
      |     ^~~~~~~~~
/home/mvasiljevic/tt-metal/tt_metal/hw/firmware/src/tt-1xx/trisck.cc:86:5: note: in expansion of macro 'DeviceZoneScopedMainChildN'
   86 |     DeviceZoneScopedMainChildN("TRISC-KERNEL");
      |     ^~~~~~~~~~~~~~~~~~~~~~~~~~
Building trisc0, compile step:
cd /home/mvasiljevic/.cache/tt-metal-cache/12569132917722018041/kernels/bmm_large_block_zm_fused_bias_activation/4952525874028506880/trisc0/ && /home/mvasiljevic/tt-metal/runtime/sfpi/compiler/bin/riscv-tt-elf-g++ -O3 -std=c++17 -ftt-nttp -ftt-constinit -ftt-consteval -ftt-no-dyninit -flto=auto -ffast-math -fno-exceptions -fno-rtti -fno-use-cxa-atexit -g -MMD -Wall -Werror -Wno-error=deprecated-declarations -Wno-error=multistatement-macros -Wno-error=parentheses -Wno-error=unused-but-set-variable -Wno-unused-variable -Wno-unused-function -mcpu=tt-bh-tensix -I. -I.. -I/home/mvasiljevic/tt-metal/ -I/home/mvasiljevic/tt-metal/ttnn -I/home/mvasiljevic/tt-metal/ttnn/cpp -I/home/mvasiljevic/tt-metal/tt_metal -I/home/mvasiljevic/tt-metal/tt_metal/hw/inc -I/home/mvasiljevic/tt-metal/tt_metal/tt-llk/common -I/home/mvasiljevic/tt-metal/tt_metal/hostdevcommon/api -I/home/mvasiljevic/tt-metal/tt_metal/api/ -I/home/mvasiljevic/tt-metal/runtime/sfpi/include -I/home/mvasiljevic/tt-metal/tt_metal/hw/ckernels/blackhole/metal/common -I/home/mvasiljevic/tt-metal/tt_metal/hw/ckernels/blackhole/metal/llk_io -I/home/mvasiljevic/tt-metal/tt_metal/hw/inc/internal/tt-1xx -I/home/mvasiljevic/tt-metal/tt_metal/hw/inc/internal/tt-1xx/blackhole -I/home/mvasiljevic/tt-metal/tt_metal/hw/inc/internal/tt-1xx/blackhole/blackhole_defines -I/home/mvasiljevic/tt-metal/tt_metal/hw/inc/internal/tt-1xx/blackhole/noc -I/home/mvasiljevic/tt-metal/tt_metal/tt-llk/tt_llk_blackhole/common/inc -I/home/mvasiljevic/tt-metal/tt_metal/tt-llk/tt_llk_blackhole/llk_lib -I/home/mvasiljevic/tt-metal/tt_metal/hw/ckernels/blackhole/metal/llk_api -I/home/mvasiljevic/tt-metal/tt_metal/hw/ckernels/blackhole/metal/llk_api/llk_sfpu -I/home/mvasiljevic/tt-metal/tt_metal/hw/firmware/src/tt-1xx -I/home/mvasiljevic/tt-metal/ttnn/cpp/ttnn/operations/matmul/device/kernels/compute -c -o /home/mvasiljevic/.cache/tt-metal-cache/12569132917722018041/kernels/bmm_large_block_zm_fused_bias_activation/4952525874028506880/trisc0/trisck.5880147012631460308.o /home/mvasiljevic/tt-metal/tt_metal/hw/firmware/src/tt-1xx/trisck.cc -MF /home/mvasiljevic/.cache/tt-metal-cache/12569132917722018041/kernels/bmm_large_block_zm_fused_bias_activation/4952525874028506880/trisc0/trisck.5880147012631460308.d -DIS_NOT_POW2_NUM_L1_BANKS=1 -DLOG_BASE_2_OF_NUM_DRAM_BANKS=3 -DNUM_DRAM_BANKS=8 -DNUM_L1_BANKS=110 -DPCIE_NOC_X=19 -DPCIE_NOC_Y=24 -DTENSIX_FIRMWARE -DLOCAL_MEM_EN=0 -DPROFILE_KERNEL=1 -DPROFILER_FULL_HOST_BUFFER_SIZE_PER_RISC=48000 -DPROCESSOR_INDEX=2 -DUCK_CHLKC_UNPACK -DCOMPILE_FOR_TRISC=0 -DARCH_BLACKHOLE -DDISPATCH_MESSAGE_ADDR=4290184248 -DKERNEL_BUILD -DFULL_KERNEL_NAME="\"bmm_large_block_zm_fused_bias_activation/4952525874028506880/\"" -DKERNEL_COMPILE_TIME_ARGS=2,1,8,8,1,2,1,48,1,1,4,1,4,1,4,0,0,0 -DKERNEL_COMPILE_TIME_ARG_MAP="{\"bias_ntiles\",1}, {\"cb_intermed0\",5}, {\"cb_out\",4}, {\"cb_in0_transposed\",10}, {\"cb_bias\",3}, {\"cb_in1\",1}, {\"cb_in0\",0}, "
In file included from /home/mvasiljevic/tt-metal/tt_metal/hw/ckernels/blackhole/metal/llk_io/llk_io_unpack.h:13,
                 from /home/mvasiljevic/tt-metal/tt_metal/hw/inc/api/compute/cb_api.h:15,
                 from /home/mvasiljevic/tt-metal/tt_metal/hw/inc/api/compute/common.h:11,
                 from /home/mvasiljevic/tt-metal/tt_metal/hw/inc/api/compute/matmul.h:7,
                 from /home/mvasiljevic/tt-metal/ttnn/cpp/ttnn/operations/matmul/device/kernels/compute/bmm_large_block_zm_fused_bias_activation.cpp:7,
                 from ../chlkc_unpack.cpp:3,
                 from /home/mvasiljevic/tt-metal/tt_metal/hw/ckernels/blackhole/metal/common/chlkc_list.h:26,
                 from /home/mvasiljevic/tt-metal/tt_metal/hw/firmware/src/tt-1xx/trisck.cc:13:
/home/mvasiljevic/tt-metal/tt_metal/hw/ckernels/blackhole/metal/llk_io/llk_io_unpack.h: In function 'void llk_wait_tiles(int, int32_t)':
/home/mvasiljevic/tt-metal/tt_metal/tools/profiler/kernel_profiler.hpp:25:22: note: '#pragma message: CB-COMPUTE-WAIT-FRONT,/home/mvasiljevic/tt-metal/tt_metal/hw/ckernels/blackhole/metal/llk_io/llk_io_unpack.h,19,KERNEL_PROFILER'
   25 | #define DO_PRAGMA(x) _Pragma(#x)
      |                      ^~~~~~~
/home/mvasiljevic/tt-metal/tt_metal/tools/profiler/kernel_profiler.hpp:707:5: note: in expansion of macro 'DO_PRAGMA'
  707 |     DO_PRAGMA(message(PROFILER_MSG_NAME(name)));                               \
      |     ^~~~~~~~~
/home/mvasiljevic/tt-metal/tt_metal/hw/ckernels/blackhole/metal/llk_io/llk_io_unpack.h:19:5: note: in expansion of macro 'DeviceZoneScopedSumN1'
   19 |     DeviceZoneScopedSumN1("CB-COMPUTE-WAIT-FRONT");
      |     ^~~~~~~~~~~~~~~~~~~~~
/home/mvasiljevic/tt-metal/tt_metal/hw/firmware/src/tt-1xx/trisck.cc: In function 'uint32_t _start()':
/home/mvasiljevic/tt-metal/tt_metal/tools/profiler/kernel_profiler.hpp:25:22: note: '#pragma message: TRISC-KERNEL,/home/mvasiljevic/tt-metal/tt_metal/hw/firmware/src/tt-1xx/trisck.cc,86,KERNEL_PROFILER'
   25 | #define DO_PRAGMA(x) _Pragma(#x)
      |                      ^~~~~~~
/home/mvasiljevic/tt-metal/tt_metal/tools/profiler/kernel_profiler.hpp:702:5: note: in expansion of macro 'DO_PRAGMA'
  702 |     DO_PRAGMA(message(PROFILER_MSG_NAME(name)));                               \
      |     ^~~~~~~~~
/home/mvasiljevic/tt-metal/tt_metal/hw/firmware/src/tt-1xx/trisck.cc:86:5: note: in expansion of macro 'DeviceZoneScopedMainChildN'
   86 |     DeviceZoneScopedMainChildN("TRISC-KERNEL");
      |     ^~~~~~~~~~~~~~~~~~~~~~~~~~
Building brisc, compile step:
cd /home/mvasiljevic/.cache/tt-metal-cache/12569132917722018041/kernels/reader_bmm_tile_layout_in1_sender_writer_padding/9007325349241846448/brisc/ && /home/mvasiljevic/tt-metal/runtime/sfpi/compiler/bin/riscv-tt-elf-g++ -O2 -std=c++17 -ftt-nttp -ftt-constinit -ftt-consteval -ftt-no-dyninit -flto=auto -ffast-math -fno-exceptions -fno-rtti -fno-use-cxa-atexit -g -MMD -Wall -Werror -Wno-error=deprecated-declarations -Wno-error=multistatement-macros -Wno-error=parentheses -Wno-error=unused-but-set-variable -Wno-unused-variable -Wno-unused-function -mcpu=tt-bh -fno-tree-loop-distribute-patterns -I. -I.. -I/home/mvasiljevic/tt-metal/ -I/home/mvasiljevic/tt-metal/ttnn -I/home/mvasiljevic/tt-metal/ttnn/cpp -I/home/mvasiljevic/tt-metal/tt_metal -I/home/mvasiljevic/tt-metal/tt_metal/hw/inc -I/home/mvasiljevic/tt-metal/tt_metal/tt-llk/common -I/home/mvasiljevic/tt-metal/tt_metal/hostdevcommon/api -I/home/mvasiljevic/tt-metal/tt_metal/api/ -I/home/mvasiljevic/tt-metal/tt_metal/hw/ckernels/blackhole/metal/common -I/home/mvasiljevic/tt-metal/tt_metal/hw/ckernels/blackhole/metal/llk_io -I/home/mvasiljevic/tt-metal/tt_metal/hw/inc/internal/tt-1xx -I/home/mvasiljevic/tt-metal/tt_metal/hw/inc/internal/tt-1xx/blackhole -I/home/mvasiljevic/tt-metal/tt_metal/hw/inc/internal/tt-1xx/blackhole/blackhole_defines -I/home/mvasiljevic/tt-metal/tt_metal/hw/inc/internal/tt-1xx/blackhole/noc -I/home/mvasiljevic/tt-metal/tt_metal/tt-llk/tt_llk_blackhole/common/inc -I/home/mvasiljevic/tt-metal/tt_metal/tt-llk/tt_llk_blackhole/llk_lib -I/home/mvasiljevic/tt-metal/tt_metal/hw/firmware/src/tt-1xx -I/home/mvasiljevic/tt-metal/ttnn/cpp/ttnn/operations/matmul/device/kernels/dataflow -c -o /home/mvasiljevic/.cache/tt-metal-cache/12569132917722018041/kernels/reader_bmm_tile_layout_in1_sender_writer_padding/9007325349241846448/brisc/brisck.5880147012631460308.o /home/mvasiljevic/tt-metal/tt_metal/hw/firmware/src/tt-1xx/brisck.cc -MF /home/mvasiljevic/.cache/tt-metal-cache/12569132917722018041/kernels/reader_bmm_tile_layout_in1_sender_writer_padding/9007325349241846448/brisc/brisck.5880147012631460308.d -DIS_NOT_POW2_NUM_L1_BANKS=1 -DLOG_BASE_2_OF_NUM_DRAM_BANKS=3 -DNUM_DRAM_BANKS=8 -DNUM_L1_BANKS=110 -DPCIE_NOC_X=19 -DPCIE_NOC_Y=24 -DTENSIX_FIRMWARE -DLOCAL_MEM_EN=0 -DPROFILE_KERNEL=1 -DPROFILER_FULL_HOST_BUFFER_SIZE_PER_RISC=48000 -DPROCESSOR_INDEX=0 -DCOMPILE_FOR_BRISC -DARCH_BLACKHOLE -DDISPATCH_MESSAGE_ADDR=4290184248 -DKERNEL_BUILD -DFULL_KERNEL_NAME="\"reader_bmm_tile_layout_in1_sender_writer_padding/9007325349241846448/\"" -DSKIP_MCAST='1' -DNOC_INDEX='0' -DNOC_MODE='0' -DKERNEL_COMPILE_TIME_ARGS=1,64,128,1,1,2,2,48,1,1,0,0,0,0,6144,1,1,0,0,1,64,1,256,1,256,1,4,4,256,0,0,0,2,2048,0,0,2,2048 -DKERNEL_COMPILE_TIME_ARG_MAP="{\"cb_sparsity\",7}, {\"cb_out\",4}, {\"cb_bias\",3}, {\"cb_in1\",1}, "
In file included from /home/mvasiljevic/tt-metal/tt_metal/hw/inc/api/dataflow/dataflow_api.h:27,
                 from /home/mvasiljevic/tt-metal/tt_metal/hw/inc/internal/firmware_common.h:24,
                 from /home/mvasiljevic/tt-metal/tt_metal/hw/firmware/src/tt-1xx/brisck.cc:17:
/home/mvasiljevic/tt-metal/tt_metal/tools/profiler/kernel_profiler.hpp: In function 'void kernel_profiler::quick_push()':
/home/mvasiljevic/tt-metal/tt_metal/tools/profiler/kernel_profiler.hpp:25:22: note: '#pragma message: PROFILER-NOC-QUICK-PUSH,/home/mvasiljevic/tt-metal/tt_metal/tools/profiler/kernel_profiler.hpp,395,KERNEL_PROFILER'
   25 | #define DO_PRAGMA(x) _Pragma(#x)
      |                      ^~~~~~~
/home/mvasiljevic/tt-metal/tt_metal/tools/profiler/kernel_profiler.hpp:35:5: note: in expansion of macro 'DO_PRAGMA'
   35 |     DO_PRAGMA(message(PROFILER_MSG_NAME(name))); \
      |     ^~~~~~~~~
/home/mvasiljevic/tt-metal/tt_metal/tools/profiler/kernel_profiler.hpp:395:5: note: in expansion of macro 'SrcLocNameToHash'
  395 |     SrcLocNameToHash("PROFILER-NOC-QUICK-PUSH");
      |     ^~~~~~~~~~~~~~~~
/home/mvasiljevic/tt-metal/tt_metal/hw/firmware/src/tt-1xx/brisck.cc: In function 'uint32_t _start()':
/home/mvasiljevic/tt-metal/tt_metal/tools/profiler/kernel_profiler.hpp:25:22: note: '#pragma message: BRISC-KERNEL,/home/mvasiljevic/tt-metal/tt_metal/hw/firmware/src/tt-1xx/brisck.cc,77,KERNEL_PROFILER'
   25 | #define DO_PRAGMA(x) _Pragma(#x)
      |                      ^~~~~~~
/home/mvasiljevic/tt-metal/tt_metal/tools/profiler/kernel_profiler.hpp:702:5: note: in expansion of macro 'DO_PRAGMA'
  702 |     DO_PRAGMA(message(PROFILER_MSG_NAME(name)));                               \
      |     ^~~~~~~~~
/home/mvasiljevic/tt-metal/tt_metal/hw/firmware/src/tt-1xx/brisck.cc:77:9: note: in expansion of macro 'DeviceZoneScopedMainChildN'
   77 |         DeviceZoneScopedMainChildN("BRISC-KERNEL");
      |         ^~~~~~~~~~~~~~~~~~~~~~~~~~
Building trisc1, compile step:
cd /home/mvasiljevic/.cache/tt-metal-cache/12569132917722018041/kernels/bmm_large_block_zm_fused_bias_activation/4952525874028506880/trisc1/ && /home/mvasiljevic/tt-metal/runtime/sfpi/compiler/bin/riscv-tt-elf-g++ -O3 -std=c++17 -ftt-nttp -ftt-constinit -ftt-consteval -ftt-no-dyninit -flto=auto -ffast-math -fno-exceptions -fno-rtti -fno-use-cxa-atexit -g -MMD -Wall -Werror -Wno-error=deprecated-declarations -Wno-error=multistatement-macros -Wno-error=parentheses -Wno-error=unused-but-set-variable -Wno-unused-variable -Wno-unused-function -mcpu=tt-bh-tensix -I. -I.. -I/home/mvasiljevic/tt-metal/ -I/home/mvasiljevic/tt-metal/ttnn -I/home/mvasiljevic/tt-metal/ttnn/cpp -I/home/mvasiljevic/tt-metal/tt_metal -I/home/mvasiljevic/tt-metal/tt_metal/hw/inc -I/home/mvasiljevic/tt-metal/tt_metal/tt-llk/common -I/home/mvasiljevic/tt-metal/tt_metal/hostdevcommon/api -I/home/mvasiljevic/tt-metal/tt_metal/api/ -I/home/mvasiljevic/tt-metal/runtime/sfpi/include -I/home/mvasiljevic/tt-metal/tt_metal/hw/ckernels/blackhole/metal/common -I/home/mvasiljevic/tt-metal/tt_metal/hw/ckernels/blackhole/metal/llk_io -I/home/mvasiljevic/tt-metal/tt_metal/hw/inc/internal/tt-1xx -I/home/mvasiljevic/tt-metal/tt_metal/hw/inc/internal/tt-1xx/blackhole -I/home/mvasiljevic/tt-metal/tt_metal/hw/inc/internal/tt-1xx/blackhole/blackhole_defines -I/home/mvasiljevic/tt-metal/tt_metal/hw/inc/internal/tt-1xx/blackhole/noc -I/home/mvasiljevic/tt-metal/tt_metal/tt-llk/tt_llk_blackhole/common/inc -I/home/mvasiljevic/tt-metal/tt_metal/tt-llk/tt_llk_blackhole/llk_lib -I/home/mvasiljevic/tt-metal/tt_metal/hw/ckernels/blackhole/metal/llk_api -I/home/mvasiljevic/tt-metal/tt_metal/hw/ckernels/blackhole/metal/llk_api/llk_sfpu -I/home/mvasiljevic/tt-metal/tt_metal/hw/firmware/src/tt-1xx -I/home/mvasiljevic/tt-metal/ttnn/cpp/ttnn/operations/matmul/device/kernels/compute -c -o /home/mvasiljevic/.cache/tt-metal-cache/12569132917722018041/kernels/bmm_large_block_zm_fused_bias_activation/4952525874028506880/trisc1/trisck.5880147012631460308.o /home/mvasiljevic/tt-metal/tt_metal/hw/firmware/src/tt-1xx/trisck.cc -MF /home/mvasiljevic/.cache/tt-metal-cache/12569132917722018041/kernels/bmm_large_block_zm_fused_bias_activation/4952525874028506880/trisc1/trisck.5880147012631460308.d -DIS_NOT_POW2_NUM_L1_BANKS=1 -DLOG_BASE_2_OF_NUM_DRAM_BANKS=3 -DNUM_DRAM_BANKS=8 -DNUM_L1_BANKS=110 -DPCIE_NOC_X=19 -DPCIE_NOC_Y=24 -DTENSIX_FIRMWARE -DLOCAL_MEM_EN=0 -DPROFILE_KERNEL=1 -DPROFILER_FULL_HOST_BUFFER_SIZE_PER_RISC=48000 -DPROCESSOR_INDEX=3 -DUCK_CHLKC_MATH -DCOMPILE_FOR_TRISC=1 -DARCH_BLACKHOLE -DDISPATCH_MESSAGE_ADDR=4290184248 -DKERNEL_BUILD -DFULL_KERNEL_NAME="\"bmm_large_block_zm_fused_bias_activation/4952525874028506880/\"" -DKERNEL_COMPILE_TIME_ARGS=2,1,8,8,1,2,1,48,1,1,4,1,4,1,4,0,0,0 -DKERNEL_COMPILE_TIME_ARG_MAP="{\"bias_ntiles\",1}, {\"cb_intermed0\",5}, {\"cb_out\",4}, {\"cb_in0_transposed\",10}, {\"cb_bias\",3}, {\"cb_in1\",1}, {\"cb_in0\",0}, "
In file included from /home/mvasiljevic/tt-metal/tt_metal/hw/firmware/src/tt-1xx/trisck.cc:15:
/home/mvasiljevic/tt-metal/tt_metal/hw/firmware/src/tt-1xx/trisck.cc: In function 'uint32_t _start()':
/home/mvasiljevic/tt-metal/tt_metal/tools/profiler/kernel_profiler.hpp:25:22: note: '#pragma message: TRISC-KERNEL,/home/mvasiljevic/tt-metal/tt_metal/hw/firmware/src/tt-1xx/trisck.cc,86,KERNEL_PROFILER'
   25 | #define DO_PRAGMA(x) _Pragma(#x)
      |                      ^~~~~~~
/home/mvasiljevic/tt-metal/tt_metal/tools/profiler/kernel_profiler.hpp:702:5: note: in expansion of macro 'DO_PRAGMA'
  702 |     DO_PRAGMA(message(PROFILER_MSG_NAME(name)));                               \
      |     ^~~~~~~~~
/home/mvasiljevic/tt-metal/tt_metal/hw/firmware/src/tt-1xx/trisck.cc:86:5: note: in expansion of macro 'DeviceZoneScopedMainChildN'
   86 |     DeviceZoneScopedMainChildN("TRISC-KERNEL");
      |     ^~~~~~~~~~~~~~~~~~~~~~~~~~
Building ncrisc, compile step:
cd /home/mvasiljevic/.cache/tt-metal-cache/12569132917722018041/kernels/reader_bmm_tile_layout_in0_sender_padding/11136946213047509598/ncrisc/ && /home/mvasiljevic/tt-metal/runtime/sfpi/compiler/bin/riscv-tt-elf-g++ -O2 -std=c++17 -ftt-nttp -ftt-constinit -ftt-consteval -ftt-no-dyninit -flto=auto -ffast-math -fno-exceptions -fno-rtti -fno-use-cxa-atexit -g -MMD -Wall -Werror -Wno-error=deprecated-declarations -Wno-error=multistatement-macros -Wno-error=parentheses -Wno-error=unused-but-set-variable -Wno-unused-variable -Wno-unused-function -mcpu=tt-bh -fno-tree-loop-distribute-patterns -I. -I.. -I/home/mvasiljevic/tt-metal/ -I/home/mvasiljevic/tt-metal/ttnn -I/home/mvasiljevic/tt-metal/ttnn/cpp -I/home/mvasiljevic/tt-metal/tt_metal -I/home/mvasiljevic/tt-metal/tt_metal/hw/inc -I/home/mvasiljevic/tt-metal/tt_metal/tt-llk/common -I/home/mvasiljevic/tt-metal/tt_metal/hostdevcommon/api -I/home/mvasiljevic/tt-metal/tt_metal/api/ -I/home/mvasiljevic/tt-metal/tt_metal/hw/ckernels/blackhole/metal/common -I/home/mvasiljevic/tt-metal/tt_metal/hw/ckernels/blackhole/metal/llk_io -I/home/mvasiljevic/tt-metal/tt_metal/hw/inc/internal/tt-1xx -I/home/mvasiljevic/tt-metal/tt_metal/hw/inc/internal/tt-1xx/blackhole -I/home/mvasiljevic/tt-metal/tt_metal/hw/inc/internal/tt-1xx/blackhole/blackhole_defines -I/home/mvasiljevic/tt-metal/tt_metal/hw/inc/internal/tt-1xx/blackhole/noc -I/home/mvasiljevic/tt-metal/tt_metal/tt-llk/tt_llk_blackhole/common/inc -I/home/mvasiljevic/tt-metal/tt_metal/tt-llk/tt_llk_blackhole/llk_lib -I/home/mvasiljevic/tt-metal/tt_metal/hw/firmware/src/tt-1xx -I/home/mvasiljevic/tt-metal/ttnn/cpp/ttnn/operations/matmul/device/kernels/dataflow -c -o /home/mvasiljevic/.cache/tt-metal-cache/12569132917722018041/kernels/reader_bmm_tile_layout_in0_sender_padding/11136946213047509598/ncrisc/ncrisck.5880147012631460308.o /home/mvasiljevic/tt-metal/tt_metal/hw/firmware/src/tt-1xx/ncrisck.cc -MF /home/mvasiljevic/.cache/tt-metal-cache/12569132917722018041/kernels/reader_bmm_tile_layout_in0_sender_padding/11136946213047509598/ncrisc/ncrisck.5880147012631460308.d -DIS_NOT_POW2_NUM_L1_BANKS=1 -DLOG_BASE_2_OF_NUM_DRAM_BANKS=3 -DNUM_DRAM_BANKS=8 -DNUM_L1_BANKS=110 -DPCIE_NOC_X=19 -DPCIE_NOC_Y=24 -DTENSIX_FIRMWARE -DLOCAL_MEM_EN=0 -DPROFILE_KERNEL=1 -DPROFILER_FULL_HOST_BUFFER_SIZE_PER_RISC=48000 -DPROCESSOR_INDEX=1 -DCOMPILE_FOR_NCRISC -DARCH_BLACKHOLE -DDISPATCH_MESSAGE_ADDR=4290184248 -DKERNEL_BUILD -DFULL_KERNEL_NAME="\"reader_bmm_tile_layout_in0_sender_padding/11136946213047509598/\"" -DNOC_INDEX='1' -DNOC_MODE='0' -DKERNEL_COMPILE_TIME_ARGS=1,96,2,384,2,4,8,0,0,0,0,0,48,1,1,0,1,63,65,384,1,1,0,0,0,1,0,0,2,2048,0,0,0 -DKERNEL_COMPILE_TIME_ARG_MAP="{\"cb_sparsity\",6}, {\"cb_in0_sharded\",2}, {\"cb_in0\",0}, "
In file included from /home/mvasiljevic/tt-metal/tt_metal/hw/inc/api/dataflow/dataflow_api.h:27,
                 from /home/mvasiljevic/tt-metal/tt_metal/hw/inc/internal/firmware_common.h:24,
                 from /home/mvasiljevic/tt-metal/tt_metal/hw/firmware/src/tt-1xx/ncrisck.cc:17:
/home/mvasiljevic/tt-metal/tt_metal/tools/profiler/kernel_profiler.hpp: In function 'void kernel_profiler::quick_push()':
/home/mvasiljevic/tt-metal/tt_metal/tools/profiler/kernel_profiler.hpp:25:22: note: '#pragma message: PROFILER-NOC-QUICK-PUSH,/home/mvasiljevic/tt-metal/tt_metal/tools/profiler/kernel_profiler.hpp,395,KERNEL_PROFILER'
   25 | #define DO_PRAGMA(x) _Pragma(#x)
      |                      ^~~~~~~
/home/mvasiljevic/tt-metal/tt_metal/tools/profiler/kernel_profiler.hpp:35:5: note: in expansion of macro 'DO_PRAGMA'
   35 |     DO_PRAGMA(message(PROFILER_MSG_NAME(name))); \
      |     ^~~~~~~~~
/home/mvasiljevic/tt-metal/tt_metal/tools/profiler/kernel_profiler.hpp:395:5: note: in expansion of macro 'SrcLocNameToHash'
  395 |     SrcLocNameToHash("PROFILER-NOC-QUICK-PUSH");
      |     ^~~~~~~~~~~~~~~~
/home/mvasiljevic/tt-metal/tt_metal/hw/firmware/src/tt-1xx/ncrisck.cc: In function 'uint32_t _start()':
/home/mvasiljevic/tt-metal/tt_metal/tools/profiler/kernel_profiler.hpp:25:22: note: '#pragma message: NCRISC-KERNEL,/home/mvasiljevic/tt-metal/tt_metal/hw/firmware/src/tt-1xx/ncrisck.cc,69,KERNEL_PROFILER'
   25 | #define DO_PRAGMA(x) _Pragma(#x)
      |                      ^~~~~~~
/home/mvasiljevic/tt-metal/tt_metal/tools/profiler/kernel_profiler.hpp:702:5: note: in expansion of macro 'DO_PRAGMA'
  702 |     DO_PRAGMA(message(PROFILER_MSG_NAME(name)));                               \
      |     ^~~~~~~~~
/home/mvasiljevic/tt-metal/tt_metal/hw/firmware/src/tt-1xx/ncrisck.cc:69:5: note: in expansion of macro 'DeviceZoneScopedMainChildN'
   69 |     DeviceZoneScopedMainChildN("NCRISC-KERNEL");
      |     ^~~~~~~~~~~~~~~~~~~~~~~~~~
2026-07-28 17:05:51.619 | INFO     | tracy:signpost:49 - PERF_PREFILL
2026-07-28 17:05:51.620 | INFO     | tracy:signpost:49 - PERF_PREFILL_END
2026-07-28 17:05:51.919 | info     |           Metal | Device kernel duration perf summary (device=3): count=77, min=1464ns, avg=38932.1ns, max=162983ns (profiler_analysis.cpp:675)
2026-07-28 17:05:51.919 | info     |           Metal | Device kernel duration perf histogram (device=3): (buckets=10, bucket_size=16200ns, range=[0..162000), underflow(<0ns)=0, overflow(>=162000ns)=1) (profiler_analysis.cpp:718)
2026-07-28 17:05:51.919 | info     |           Metal |   [           0 ..        16200) |########################################|       31 (profiler_analysis.cpp:723)
2026-07-28 17:05:51.919 | info     |           Metal |   [       16200 ..        32400) |#################                       |       13 (profiler_analysis.cpp:723)
2026-07-28 17:05:51.919 | info     |           Metal |   [       32400 ..        48600) |                                        |        0 (profiler_analysis.cpp:723)
2026-07-28 17:05:51.919 | info     |           Metal |   [       48600 ..        64800) |######################                  |       17 (profiler_analysis.cpp:723)
2026-07-28 17:05:51.919 | info     |           Metal |   [       64800 ..        81000) |##########                              |        8 (profiler_analysis.cpp:723)
2026-07-28 17:05:51.919 | info     |           Metal |   [       81000 ..        97200) |#####                                   |        4 (profiler_analysis.cpp:723)
2026-07-28 17:05:51.919 | info     |           Metal |   [       97200 ..       113400) |                                        |        0 (profiler_analysis.cpp:723)
2026-07-28 17:05:51.919 | info     |           Metal |   [      113400 ..       129600) |###                                     |        2 (profiler_analysis.cpp:723)
2026-07-28 17:05:51.919 | info     |           Metal |   [      129600 ..       145800) |                                        |        0 (profiler_analysis.cpp:723)
2026-07-28 17:05:51.919 | info     |           Metal |   [      145800 ..       162000) |#                                       |        1 (profiler_analysis.cpp:723)
{
  "mean_ms": 0.6519609960378148,
  "min_ms": 0.6454389949794859,
  "samples_ms": [
    0.6584829970961437,
    0.6454389949794859
  ],
  "mode": "prefill",
  "batch": 1,
  "sequence": 128
}
nanobind: leaked 1 instances!
 - leaked instance 0x7452e4b0e0e8 of type "ttnn._ttnn.tensor.CoreRangeSet"
nanobind: leaked 13 types!
 - leaked type "ttnn._ttnn.operations.matmul.MatmulMultiCoreReuseMultiCast1DProgramConfig"
 - leaked type "ttnn._ttnn.operations.matmul.MatmulInputs"
 - leaked type "ttnn._ttnn.operations.matmul.MatmulMultiCoreReuseMultiCastBatchedDRAMShardedProgramConfig"
 - leaked type "UnaryOpType"
 - leaked type "ttnn._ttnn.operations.matmul.MatmulMultiCoreReuseOptimizedProgramFactory"
 - leaked type "ttnn._ttnn.operations.matmul.MatmulParams"
 - leaked type "ttnn._ttnn.tensor.CoreRangeSet"
 - leaked type "ttnn._ttnn.operations.matmul.MatmulMultiCoreReuseProgramConfig"
 - leaked type "ttnn._ttnn.operations.matmul.MatmulDeviceOperation"
 - leaked type "ttnn._ttnn.tensor.Tensor"
 - ... skipped remainder
nanobind: leaked 199 functions!
 - leaked function "create_output_tensors"
 - leaked function ""
 - leaked function "__repr__"
 - leaked function ""
 - leaked function ""
 - leaked function ""
 - leaked function "from_json"
 - leaked function ""
 - leaked function "from_json"
 - leaked function "unpad_from_tile"
 - ... skipped remainder
nanobind: this is likely caused by a reference counting issue in the binding code.
See https://nanobind.readthedocs.io/en/latest/refleaks.html2026-07-28 17:05:52.743 | info     |    BuildKernels | JIT cache stats: 82/130 hits (63.1%) [82 cached, 10 build-once dedup, 0 merged artifacts, 0 merged genfiles] (build_cache_telemetry.cpp:207)
2026-07-28 17:05:52.743 | info     |    BuildKernels | JIT telemetry: 3 registered TelemetryTokens (build_cache_telemetry.cpp:230)
2026-07-28 17:05:52.755 | info     |          Device | Closing user mode device drivers (tt_cluster.cpp:512)
2026-07-28 17:05:52.755 | info     |             UMD | Closing devices in cluster (cluster.cpp:1037)
2026-07-28 17:05:53.271 | info     |             UMD | Closing devices in cluster completed. (cluster.cpp:1046)
2026-07-28 17:05:53.271 | info     |             UMD | Cluster destructor started. (cluster.cpp:754)
2026-07-28 17:05:53.271 | info     |             UMD | Cluster destructor completed. (cluster.cpp:757)

Timer resolution: 0 ns

Frames: 2
Time span: 10.85 s
Zones: 101,602
Elapsed time: 8.41 s
Saving trace... done!
Trace size 1113.1 KB (18.51% ratio)
2026-07-28 17:05:53.405 | INFO     | __main__:main:452 - Copying /home/mvasiljevic/tt-metal/generated/profiler/.logs/tracy_profile_log_host.tracy to /home/mvasiljevic/tt-metal/build/profiler/build_wasm/traces/functional_decoder_perf_2026_07_28_17_05_53.tracy
2026-07-28 17:05:53.405 | INFO     | __main__:main:455 - Copied /home/mvasiljevic/tt-metal/generated/profiler/.logs/tracy_profile_log_host.tracy to /home/mvasiljevic/tt-metal/build/profiler/build_wasm/traces/functional_decoder_perf_2026_07_28_17_05_53.tracy
2026-07-28 17:05:53.405 | INFO     | __main__:main:464 - embed.tracy -> traces/functional_decoder_perf_2026_07_28_17_05_53.tracy
2026-07-28 17:05:53.405 | INFO     | tracy.serve_wasm:launch_server_subprocess:284 - Launching tracy web app GUI server subprocess...
2026-07-28 17:05:53.405 | INFO     | tracy.serve_wasm:launch_server_subprocess:287 - Tracy WASM web UI (open in browser): http://localhost:8080/ (WebSocket for live reload: ws://localhost:8081/)
2026-07-28 17:05:53.405 | INFO     | tracy.serve_wasm:launch_server_subprocess:294 - Tracy WASM server already serving port 8080; reusing it (live-reload refreshes the browser).
2026-07-28 17:05:53.454 | INFO     | tracy:generate_report:162 - Host side ops time report generated at /home/mvasiljevic/tt-metal/generated/profiler/.logs/tracy_ops_times.csv
2026-07-28 17:05:53.458 | INFO     | tracy:generate_report:173 - Host side ops data report generated at /home/mvasiljevic/tt-metal/generated/profiler/.logs/tracy_ops_data.csv
2026-07-28 17:05:53.458 | INFO     | tracy.process_ops_logs:import_tracy_op_logs:345 - Importing ops logs
/home/mvasiljevic/tt-metal/tools/tracy/process_ops_logs.py:450: DtypeWarning: Columns (3,4,8) have mixed types. Specify dtype option on import or set low_memory=False.
  df = pd.read_csv(tracyOpTimesLog)
2026-07-28 17:05:53.558 | INFO     | tracy.perf_counter_analysis:get_device_op_data:2140 - Getting device ops
2026-07-28 17:05:53.558 | INFO     | tracy.process_ops_logs:append_device_data:1009 - Appending device data
2026-07-28 17:05:53.663 | INFO     | tracy.process_ops_logs:generate_reports:1342 - OPs' perf analysis is finished! Generating reports ...
2026-07-28 17:05:53.663 | INFO     | tracy.process_ops_logs:generate_reports:1360 - Copying runtime artifacts
2026-07-28 17:05:53.668 | INFO     | tracy.process_ops_logs:generate_reports:1369 - Generating OPs CSV
2026-07-28 17:05:53.690 | INFO     | tracy.process_ops_logs:generate_reports:1765 - OPs csv generated at: /home/mvasiljevic/tt-metal/generated/profiler/reports/2026_07_28_17_05_53/ops_perf_results_2026_07_28_17_05_53.csv
