{
  "batch": 32,
  "ccl_dtype": "bf16",
  "down_target_cores": 8,
  "effective_ccl_topology": "Ring",
  "gate_up_target_cores": 24,
  "generated_at_utc": "2026-07-18T17:33:03.404282+00:00",
  "hardware": "4x Blackhole p300c, mesh 1x4, FABRIC_1D_RING",
  "implementation_sha256": "b249847705594bbf49e795eecdc1669a0016929929952d0767c9939cef1dd573",
  "iterations_per_sample": 100,
  "multichip_prefill_ms": 3.1257648952305317,
  "multichip_trace_ms": 0.5787902697920799,
  "num_links": 2,
  "o_target_cores": 8,
  "parallel_efficiency": 0.3319348308784386,
  "physical_decode_geometry": {
    "down_grid": [
      8,
      1
    ],
    "down_grid_cores": 8,
    "gate_up_grid": [
      8,
      3
    ],
    "gate_up_grid_cores": 24,
    "mlp_local_width": 5760,
    "mlp_padded_width": 6144,
    "mlp_padding": 384,
    "o_grid": [
      8,
      1
    ],
    "o_grid_cores": 8,
    "o_local_input_width": 768,
    "qkv_grid": [
      8,
      1
    ],
    "qkv_grid_cores": 8,
    "qkv_local_width": 1280,
    "qkv_padded_width": 1280,
    "qkv_padding": 0
  },
  "prefill_parallel_efficiency": 0.260955073713648,
  "prefill_samples": [
    3.838024102151394,
    3.2725236378610134,
    3.1257648952305317,
    3.044139128178358,
    3.070579841732979
  ],
  "prefill_speedup": 1.043820294854592,
  "qkv_target_cores": 8,
  "repo_head": "74b73791498c5e838ebcfb6266c71324424a7bbf",
  "samples": [
    0.5787902697920799,
    0.5788004910573363,
    0.5785678420215845,
    0.5788862518966198,
    0.5785968014970422
  ],
  "sequence_length": 17,
  "single_chip_baseline_ms": 0.7684826012700796,
  "single_chip_prefill_ms": 3.2627368345856667,
  "single_chip_provenance": "models/autoports/tiiuae_falcon3_7b_base/doc/optimized_decoder/results/final/final_batch32.json",
  "speedup": 1.3277393235137545,
  "test_sha256": "b6b10e32580ff5e4f9fdb465099272727a147049d5f191e91bd0dcae91ded557",
  "weights": "real_layer_14"
}
