OP CODE,OP TYPE,GLOBAL CALL COUNT,DEVICE ID,DEVICE ARCH,ATTRIBUTES,MATH FIDELITY,CORE COUNT,AVAILABLE WORKER CORE COUNT,SUB DEVICE ID,PARALLELIZATION STRATEGY,HOST START TS,HOST END TS,HOST DURATION [ns],DEVICE FW START CYCLE,DEVICE FW END CYCLE,OP TO OP LATENCY [ns],OP TO OP LATENCY BR/NRISC START [ns],DEVICE FW DURATION [ns],DEVICE KERNEL DURATION [ns],DEVICE KERNEL DURATION DM START [ns],DEVICE KERNEL DURATION PER CORE MIN [ns],DEVICE KERNEL DURATION PER CORE MAX [ns],DEVICE KERNEL DURATION PER CORE AVG [ns],DEVICE KERNEL FIRST TO LAST START [ns],DEVICE BRISC KERNEL DURATION [ns],DEVICE NCRISC KERNEL DURATION [ns],DEVICE TRISC0 KERNEL DURATION [ns],DEVICE TRISC1 KERNEL DURATION [ns],DEVICE TRISC2 KERNEL DURATION [ns],DEVICE ERISC KERNEL DURATION [ns],DEVICE COMPUTE CB WAIT FRONT [ns],DEVICE COMPUTE CB RESERVE BACK [ns],DISPATCH TOTAL CQ CMD OP TIME [ns],DISPATCH GO SEND WAIT TIME [ns],INPUT_0_W_PAD[LOGICAL],INPUT_0_Z_PAD[LOGICAL],INPUT_0_Y_PAD[LOGICAL],INPUT_0_X_PAD[LOGICAL],INPUT_0_LAYOUT,INPUT_0_DATATYPE,INPUT_0_MEMORY,INPUT_1_W_PAD[LOGICAL],INPUT_1_Z_PAD[LOGICAL],INPUT_1_Y_PAD[LOGICAL],INPUT_1_X_PAD[LOGICAL],INPUT_1_LAYOUT,INPUT_1_DATATYPE,INPUT_1_MEMORY,OUTPUT_0_W_PAD[LOGICAL],OUTPUT_0_Z_PAD[LOGICAL],OUTPUT_0_Y_PAD[LOGICAL],OUTPUT_0_X_PAD[LOGICAL],OUTPUT_0_LAYOUT,OUTPUT_0_DATATYPE,OUTPUT_0_MEMORY,METAL TRACE ID,METAL TRACE REPLAY SESSION ID,COMPUTE KERNEL SOURCE,COMPUTE KERNEL HASH,DATA MOVEMENT KERNEL SOURCE,DATA MOVEMENT KERNEL HASH,PROGRAM HASH,PROGRAM CACHE HIT,TENSIX DM 0 MAX KERNEL SIZE [B],TENSIX DM 1 MAX KERNEL SIZE [B],TENSIX COMPUTE 0 MAX KERNEL SIZE [B],TENSIX COMPUTE 1 MAX KERNEL SIZE [B],TENSIX COMPUTE 2 MAX KERNEL SIZE [B],ACTIVE ETH DM 0 MAX KERNEL SIZE [B],ACTIVE ETH DM 1 MAX KERNEL SIZE [B],IDLE ETH DM 0 MAX KERNEL SIZE [B],IDLE ETH DM 1 MAX KERNEL SIZE [B],PM IDEAL [ns],PM COMPUTE [ns],PM BANDWIDTH [ns],PM REQ I BW,PM REQ O BW,PM FPU UTIL (%),NOC UTIL (%),MULTICAST NOC UTIL (%),DRAM BW UTIL (%),DRAM BW UTIL PER CTRL (%),ETH BW UTIL (%),NPE CONG IMPACT (%),TT_DNN_DEVICE_OP_TT_HOST_FUNC [ns]
EmbeddingsDeviceOperation,tt_dnn_device,1027,3,blackhole,{'embeddings_type': 'EmbeddingsType::GENERIC'; 'output_mem_config': 'MemoryConfig(memory_layout=TensorMemoryLayout::INTERLEAVED;buffer_type=BufferType::DRAM;shard_spec=std::nullopt;nd_shard_spec=std::nullopt;created_with_nd_shard_spec=0;per_core_allocation=0)'; 'pad_token': 'std::nullopt'; 'tilized': 'true'},HiFi4,1,110,,,2281135006,2281232282,97276,8934635351630,8934635355751,0,0,3053,2600,2533,,,,175,2447,1724,1742,110,1774,,,,,,1[1],1[1],1[1],32[32],ROW_MAJOR,UINT32,DEV_0_DRAM_INTERLEAVED,1[1],1[1],131072[131072],128[128],ROW_MAJOR,BFLOAT16,DEV_0_DRAM_INTERLEAVED,1[1],1[1],32[32],128[128],TILE,BFLOAT16,DEV_0_DRAM_INTERLEAVED,,,['ttnn/cpp/ttnn/operations/data_movement/tilize/device/kernels/compute/tilize.cpp'],['tilize/4075551047992850222/'],['ttnn/cpp/ttnn/operations/eltwise/unary/device/kernels/dataflow/writer_unary_interleaved_start_id.cpp'; 'ttnn/cpp/ttnn/operations/embedding/device/kernels/dataflow/embeddings_tilize.cpp'],['writer_unary_interleaved_start_id/17379425957123616916/'; 'embeddings_tilize/14134729056215501798/'],295500034972764725,False,1000,948,1180,784,2020,0,0,0,0,1,1,1,[],[],0.038,,,,,,,97276
TransposeDeviceOperation,tt_dnn_device,2051,3,blackhole,{'dim': 'TransposeOpDim::HC'; 'output_mem_config': 'MemoryConfig(memory_layout=TensorMemoryLayout::INTERLEAVED;buffer_type=BufferType::DRAM;shard_spec=std::nullopt;nd_shard_spec=std::nullopt;created_with_nd_shard_spec=0;per_core_allocation=0)'; 'pad_value': '0'},,110,110,,,2530755911,2530867123,111212,8934972342718,8934972348027,249612280,249612280,3933,3351,3351,,,,207,3327,979,,,,,,,,,1[1],1[1],32[32],128[128],TILE,BFLOAT16,DEV_0_DRAM_INTERLEAVED,,,,,,,,1[1],32[32],32[1],128[128],TILE,BFLOAT16,DEV_0_DRAM_INTERLEAVED,,,[],[],['ttnn/cpp/ttnn/operations/data_movement/transpose/device/kernels/dataflow/writer_unary_transpose_hc_interleaved_tiled_padding_aware.cpp'; 'ttnn/cpp/ttnn/operations/data_movement/transpose/device/kernels/dataflow/reader_unary_transpose_hc_interleaved_tiled_padding_aware.cpp'],['writer_unary_transpose_hc_interleaved_tiled_padding_aware/3403485737563375483/'; 'reader_unary_transpose_hc_interleaved_tiled_padding_aware/3278640446294112578/'],14763886275959663257,False,1216,1040,0,0,0,0,0,0,0,1244,1244,476,[6.585208892822266],[210.7266845703125],37.123,,,,,,,111212
InterleavedToShardedDeviceOperation,tt_dnn_device,3075,3,blackhole,"{'keep_l1_aligned': 'false'; 'output_dtype': 'DataType::BFLOAT16'; 'output_mem_config': 'MemoryConfig(memory_layout=TensorMemoryLayout::HEIGHT_SHARDED;buffer_type=BufferType::L1;shard_spec=ShardSpec{grid=[{""start"":{""x"":0;""y"":0};""end"":{""x"":0;""y"":0}; {""start"":{""x"":0;""y"":1};""end"":{""x"":0;""y"":1}; {""start"":{""x"":0;""y"":2};""end"":{""x"":0;""y"":2}; {""start"":{""x"":1;""y"":0};""end"":{""x"":1;""y"":0}; {""start"":{""x"":1;""y"":1};""end"":{""x"":1;""y"":1}; {""start"":{""x"":1;""y"":2};""end"":{""x"":1;""y"":2}; {""start"":{""x"":2;""y"":0};""end"":{""x"":2;""y"":0}; {""start"":{""x"":2;""y"":1};""end"":{""x"":2;""y"":1}; {""start"":{""x"":2;""y"":2};""end"":{""x"":2;""y"":2}; {""start"":{""x"":3;""y"":0};""end"":{""x"":3;""y"":0}; {""start"":{""x"":3;""y"":1};""end"":{""x"":3;""y"":1}; {""start"":{""x"":3;""y"":2};""end"":{""x"":3;""y"":2}; {""start"":{""x"":4;""y"":0};""end"":{""x"":4;""y"":0}; {""start"":{""x"":4;""y"":1};""end"":{""x"":4;""y"":1}; {""start"":{""x"":4;""y"":2};""end"":{""x"":4;""y"":2}; {""start"":{""x"":5;""y"":0};""end"":{""x"":5;""y"":0}; {""start"":{""x"":5;""y"":1};""end"":{""x"":5;""y"":1}; {""start"":{""x"":5;""y"":2};""end"":{""x"":5;""y"":2}; {""start"":{""x"":6;""y"":0};""end"":{""x"":6;""y"":0}; {""start"":{""x"":6;""y"":1};""end"":{""x"":6;""y"":1}; {""start"":{""x"":6;""y"":2};""end"":{""x"":6;""y"":2}; {""start"":{""x"":7;""y"":0};""end"":{""x"":7;""y"":0}; {""start"":{""x"":7;""y"":1};""end"":{""x"":7;""y"":1}; {""start"":{""x"":7;""y"":2};""end"":{""x"":7;""y"":2}; {""start"":{""x"":8;""y"":0};""end"":{""x"":8;""y"":0}; {""start"":{""x"":8;""y"":1};""end"":{""x"":8;""y"":1}; {""start"":{""x"":8;""y"":2};""end"":{""x"":8;""y"":2}; {""start"":{""x"":9;""y"":0};""end"":{""x"":9;""y"":0}; {""start"":{""x"":9;""y"":1};""end"":{""x"":9;""y"":1}; {""start"":{""x"":9;""y"":2};""end"":{""x"":9;""y"":2}; {""start"":{""x"":10;""y"":0};""end"":{""x"":10;""y"":0}; {""start"":{""x"":10;""y"":1};""end"":{""x"":10;""y"":1}]; shape=[32; 128]; orientation=ShardOrientation::ROW_MAJOR};nd_shard_spec=std::nullopt;created_with_nd_shard_spec=0;per_core_allocation=0)'}",,32,110,,,2742853550,2742952569,99019,8935258667736,8935258670458,211996878,211996878,2016,1101,1101,,,,163,1101,1059,,,,,,,,,1[1],32[32],32[1],128[128],TILE,BFLOAT16,DEV_0_DRAM_INTERLEAVED,,,,,,,,1[1],32[32],32[1],128[128],TILE,BFLOAT16,DEV_0_L1_HEIGHT_SHARDED,,,[],[],['ttnn/cpp/ttnn/operations/data_movement/sharded/device/kernels/dataflow/writer_unary_sharded.cpp'; 'ttnn/cpp/ttnn/operations/data_movement/sharded/device/kernels/dataflow/reader_unary_sharded_blocks_interleaved_start_id.cpp'],['writer_unary_sharded/2816079715866797849/'; 'reader_unary_sharded_blocks_interleaved_start_id/13575281725531493021/'],3818893462322974683,False,444,876,0,0,0,0,0,0,0,1,1,1,[],[],0.091,,,,,,,99019
EmbeddingsDeviceOperation,tt_dnn_device,4099,3,blackhole,{'embeddings_type': 'EmbeddingsType::GENERIC'; 'output_mem_config': 'MemoryConfig(memory_layout=TensorMemoryLayout::INTERLEAVED;buffer_type=BufferType::DRAM;shard_spec=std::nullopt;nd_shard_spec=std::nullopt;created_with_nd_shard_spec=0;per_core_allocation=0)'; 'pad_token': 'std::nullopt'; 'tilized': 'true'},HiFi4,1,110,,,2743079471,2743083148,3677,8935258975369,8935258979557,226423,226400,3102,2546,2542,,,,30,2520,1733,1796,115,1864,,,,,,1[1],1[1],1[1],32[32],ROW_MAJOR,UINT32,DEV_0_DRAM_INTERLEAVED,1[1],1[1],131072[131072],128[128],ROW_MAJOR,BFLOAT16,DEV_0_DRAM_INTERLEAVED,1[1],1[1],32[32],128[128],TILE,BFLOAT16,DEV_0_DRAM_INTERLEAVED,,,['ttnn/cpp/ttnn/operations/data_movement/tilize/device/kernels/compute/tilize.cpp'],['tilize/4075551047992850222/'],['ttnn/cpp/ttnn/operations/eltwise/unary/device/kernels/dataflow/writer_unary_interleaved_start_id.cpp'; 'ttnn/cpp/ttnn/operations/embedding/device/kernels/dataflow/embeddings_tilize.cpp'],['writer_unary_interleaved_start_id/17379425957123616916/'; 'embeddings_tilize/14134729056215501798/'],295500034972764725,False,1000,948,1180,784,2020,0,0,0,0,1,1,1,[],[],0.039,,,,,,,3677
TransposeDeviceOperation,tt_dnn_device,5123,3,blackhole,{'dim': 'TransposeOpDim::HC'; 'output_mem_config': 'MemoryConfig(memory_layout=TensorMemoryLayout::INTERLEAVED;buffer_type=BufferType::DRAM;shard_spec=std::nullopt;nd_shard_spec=std::nullopt;created_with_nd_shard_spec=0;per_core_allocation=0)'; 'pad_value': '0'},,110,110,,,2743124758,2743126321,1563,8935259044003,8935259049277,48354,48354,3907,3299,3299,,,,162,3295,998,,,,,,,,,1[1],1[1],32[32],128[128],TILE,BFLOAT16,DEV_0_DRAM_INTERLEAVED,,,,,,,,1[1],32[32],32[1],128[128],TILE,BFLOAT16,DEV_0_DRAM_INTERLEAVED,,,[],[],['ttnn/cpp/ttnn/operations/data_movement/transpose/device/kernels/dataflow/writer_unary_transpose_hc_interleaved_tiled_padding_aware.cpp'; 'ttnn/cpp/ttnn/operations/data_movement/transpose/device/kernels/dataflow/reader_unary_transpose_hc_interleaved_tiled_padding_aware.cpp'],['writer_unary_transpose_hc_interleaved_tiled_padding_aware/3403485737563375483/'; 'reader_unary_transpose_hc_interleaved_tiled_padding_aware/3278640446294112578/'],14763886275959663257,False,1216,1040,0,0,0,0,0,0,0,1244,1244,476,[6.585208892822266],[210.7266845703125],37.708,,,,,,,1563
InterleavedToShardedDeviceOperation,tt_dnn_device,6147,3,blackhole,"{'keep_l1_aligned': 'false'; 'output_dtype': 'DataType::BFLOAT16'; 'output_mem_config': 'MemoryConfig(memory_layout=TensorMemoryLayout::HEIGHT_SHARDED;buffer_type=BufferType::L1;shard_spec=ShardSpec{grid=[{""start"":{""x"":0;""y"":0};""end"":{""x"":0;""y"":0}; {""start"":{""x"":0;""y"":1};""end"":{""x"":0;""y"":1}; {""start"":{""x"":0;""y"":2};""end"":{""x"":0;""y"":2}; {""start"":{""x"":1;""y"":0};""end"":{""x"":1;""y"":0}; {""start"":{""x"":1;""y"":1};""end"":{""x"":1;""y"":1}; {""start"":{""x"":1;""y"":2};""end"":{""x"":1;""y"":2}; {""start"":{""x"":2;""y"":0};""end"":{""x"":2;""y"":0}; {""start"":{""x"":2;""y"":1};""end"":{""x"":2;""y"":1}; {""start"":{""x"":2;""y"":2};""end"":{""x"":2;""y"":2}; {""start"":{""x"":3;""y"":0};""end"":{""x"":3;""y"":0}; {""start"":{""x"":3;""y"":1};""end"":{""x"":3;""y"":1}; {""start"":{""x"":3;""y"":2};""end"":{""x"":3;""y"":2}; {""start"":{""x"":4;""y"":0};""end"":{""x"":4;""y"":0}; {""start"":{""x"":4;""y"":1};""end"":{""x"":4;""y"":1}; {""start"":{""x"":4;""y"":2};""end"":{""x"":4;""y"":2}; {""start"":{""x"":5;""y"":0};""end"":{""x"":5;""y"":0}; {""start"":{""x"":5;""y"":1};""end"":{""x"":5;""y"":1}; {""start"":{""x"":5;""y"":2};""end"":{""x"":5;""y"":2}; {""start"":{""x"":6;""y"":0};""end"":{""x"":6;""y"":0}; {""start"":{""x"":6;""y"":1};""end"":{""x"":6;""y"":1}; {""start"":{""x"":6;""y"":2};""end"":{""x"":6;""y"":2}; {""start"":{""x"":7;""y"":0};""end"":{""x"":7;""y"":0}; {""start"":{""x"":7;""y"":1};""end"":{""x"":7;""y"":1}; {""start"":{""x"":7;""y"":2};""end"":{""x"":7;""y"":2}; {""start"":{""x"":8;""y"":0};""end"":{""x"":8;""y"":0}; {""start"":{""x"":8;""y"":1};""end"":{""x"":8;""y"":1}; {""start"":{""x"":8;""y"":2};""end"":{""x"":8;""y"":2}; {""start"":{""x"":9;""y"":0};""end"":{""x"":9;""y"":0}; {""start"":{""x"":9;""y"":1};""end"":{""x"":9;""y"":1}; {""start"":{""x"":9;""y"":2};""end"":{""x"":9;""y"":2}; {""start"":{""x"":10;""y"":0};""end"":{""x"":10;""y"":0}; {""start"":{""x"":10;""y"":1};""end"":{""x"":10;""y"":1}]; shape=[32; 128]; orientation=ShardOrientation::ROW_MAJOR};nd_shard_spec=std::nullopt;created_with_nd_shard_spec=0;per_core_allocation=0)'}",,32,110,,,2743167399,2743168491,1092,8935259099592,8935259102358,38212,38212,2049,1124,1124,,,,164,1122,1091,,,,,,,,,1[1],32[32],32[1],128[128],TILE,BFLOAT16,DEV_0_DRAM_INTERLEAVED,,,,,,,,1[1],32[32],32[1],128[128],TILE,BFLOAT16,DEV_0_L1_HEIGHT_SHARDED,,,[],[],['ttnn/cpp/ttnn/operations/data_movement/sharded/device/kernels/dataflow/writer_unary_sharded.cpp'; 'ttnn/cpp/ttnn/operations/data_movement/sharded/device/kernels/dataflow/reader_unary_sharded_blocks_interleaved_start_id.cpp'],['writer_unary_sharded/2816079715866797849/'; 'reader_unary_sharded_blocks_interleaved_start_id/13575281725531493021/'],3818893462322974683,False,444,876,0,0,0,0,0,0,0,1,1,1,[],[],0.089,,,,,,,1092
EmbeddingsDeviceOperation,tt_dnn_device,7171,3,blackhole,{'embeddings_type': 'EmbeddingsType::GENERIC'; 'output_mem_config': 'MemoryConfig(memory_layout=TensorMemoryLayout::INTERLEAVED;buffer_type=BufferType::DRAM;shard_spec=std::nullopt;nd_shard_spec=std::nullopt;created_with_nd_shard_spec=0;per_core_allocation=0)'; 'pad_token': 'std::nullopt'; 'tilized': 'true'},HiFi4,1,110,,,3004392121,3004468526,76405,8935611743329,8935611748223,261191204,261191204,3625,3116,3116,,,,84,3047,1839,1901,122,1996,,,,,,1[1],1[1],1[1],32[32],ROW_MAJOR,UINT32,DEV_0_DRAM_INTERLEAVED,1[1],1[1],131072[131072],256[256],ROW_MAJOR,BFLOAT16,DEV_0_DRAM_INTERLEAVED,1[1],1[1],32[32],256[256],TILE,BFLOAT16,DEV_0_DRAM_INTERLEAVED,,,['ttnn/cpp/ttnn/operations/data_movement/tilize/device/kernels/compute/tilize.cpp'],['tilize/1883113549092967117/'],['ttnn/cpp/ttnn/operations/eltwise/unary/device/kernels/dataflow/writer_unary_interleaved_start_id.cpp'; 'ttnn/cpp/ttnn/operations/embedding/device/kernels/dataflow/embeddings_tilize.cpp'],['writer_unary_interleaved_start_id/17379425957123616916/'; 'embeddings_tilize/16389043569753230323/'],2884466655117215699,False,1000,948,1220,804,2084,0,0,0,0,1,1,1,[],[],0.032,,,,,,,76405
TransposeDeviceOperation,tt_dnn_device,8195,3,blackhole,{'dim': 'TransposeOpDim::HC'; 'output_mem_config': 'MemoryConfig(memory_layout=TensorMemoryLayout::INTERLEAVED;buffer_type=BufferType::DRAM;shard_spec=std::nullopt;nd_shard_spec=std::nullopt;created_with_nd_shard_spec=0;per_core_allocation=0)'; 'pad_value': '0'},,110,110,,,3252457317,3252554653,97336,8935946632574,8935946638157,248081238,248081238,4136,3541,3541,,,,167,3523,1024,,,,,,,,,1[1],1[1],32[32],256[256],TILE,BFLOAT16,DEV_0_DRAM_INTERLEAVED,,,,,,,,1[1],32[32],32[1],256[256],TILE,BFLOAT16,DEV_0_DRAM_INTERLEAVED,,,[],[],['ttnn/cpp/ttnn/operations/data_movement/transpose/device/kernels/dataflow/writer_unary_transpose_hc_interleaved_tiled_padding_aware.cpp'; 'ttnn/cpp/ttnn/operations/data_movement/transpose/device/kernels/dataflow/reader_unary_transpose_hc_interleaved_tiled_padding_aware.cpp'],['writer_unary_transpose_hc_interleaved_tiled_padding_aware/3592149805530130016/'; 'reader_unary_transpose_hc_interleaved_tiled_padding_aware/3278640446294112578/'],11093648575313324181,False,1216,1040,0,0,0,0,0,0,0,2059,2059,953,[7.957260608673096],[254.63233947753906],58.147,,,,,,,97336
SliceDeviceOperation,tt_dnn_device,9219,3,blackhole,{'num_devices': 'std::nullopt'; 'output_mem_config': 'MemoryConfig(memory_layout=TensorMemoryLayout::INTERLEAVED;buffer_type=BufferType::DRAM;shard_spec=std::nullopt;nd_shard_spec=std::nullopt;created_with_nd_shard_spec=0;per_core_allocation=0)'; 'slice_dim': 'std::nullopt'; 'slice_end': 'Shape([1; 32; 32; 128])'; 'slice_start': 'Shape([0; 0; 0; 0])'; 'step': 'Shape([1; 1; 1; 1])'; 'sub_core_grids': 'std::nullopt'; 'use_tensor_args': 'false'},,110,110,,,3254760241,3254840143,79902,8935949747072,8935949751359,2303588,2303588,3176,2589,2589,,,,161,2582,2322,,,,,,,,,1[1],32[32],32[1],256[256],TILE,BFLOAT16,DEV_0_DRAM_INTERLEAVED,,,,,,,,1[1],32[32],32[32],128[128],TILE,BFLOAT16,DEV_0_DRAM_INTERLEAVED,,,[],[],['ttnn/cpp/ttnn/operations/data_movement/slice/device/kernels/dataflow/writer_unary_interleaved_start_id.cpp'; 'ttnn/cpp/ttnn/operations/data_movement/slice/device/kernels/dataflow/reader_unary_unpad_dims_interleaved_start_id.cpp'],['writer_unary_interleaved_start_id/17872786682307166113/'; 'reader_unary_unpad_dims_interleaved_start_id/5783004548399313417/'],13405722893863627506,False,1000,1028,0,0,0,0,0,0,0,1207,1207,953,[434.3728332519531],[217.18641662597656],46.62,,,,,,,79902
InterleavedToShardedDeviceOperation,tt_dnn_device,10243,3,blackhole,"{'keep_l1_aligned': 'false'; 'output_dtype': 'DataType::BFLOAT16'; 'output_mem_config': 'MemoryConfig(memory_layout=TensorMemoryLayout::HEIGHT_SHARDED;buffer_type=BufferType::L1;shard_spec=ShardSpec{grid=[{""start"":{""x"":0;""y"":0};""end"":{""x"":0;""y"":0}; {""start"":{""x"":0;""y"":1};""end"":{""x"":0;""y"":1}; {""start"":{""x"":0;""y"":2};""end"":{""x"":0;""y"":2}; {""start"":{""x"":1;""y"":0};""end"":{""x"":1;""y"":0}; {""start"":{""x"":1;""y"":1};""end"":{""x"":1;""y"":1}; {""start"":{""x"":1;""y"":2};""end"":{""x"":1;""y"":2}; {""start"":{""x"":2;""y"":0};""end"":{""x"":2;""y"":0}; {""start"":{""x"":2;""y"":1};""end"":{""x"":2;""y"":1}; {""start"":{""x"":2;""y"":2};""end"":{""x"":2;""y"":2}; {""start"":{""x"":3;""y"":0};""end"":{""x"":3;""y"":0}; {""start"":{""x"":3;""y"":1};""end"":{""x"":3;""y"":1}; {""start"":{""x"":3;""y"":2};""end"":{""x"":3;""y"":2}; {""start"":{""x"":4;""y"":0};""end"":{""x"":4;""y"":0}; {""start"":{""x"":4;""y"":1};""end"":{""x"":4;""y"":1}; {""start"":{""x"":4;""y"":2};""end"":{""x"":4;""y"":2}; {""start"":{""x"":5;""y"":0};""end"":{""x"":5;""y"":0}; {""start"":{""x"":5;""y"":1};""end"":{""x"":5;""y"":1}; {""start"":{""x"":5;""y"":2};""end"":{""x"":5;""y"":2}; {""start"":{""x"":6;""y"":0};""end"":{""x"":6;""y"":0}; {""start"":{""x"":6;""y"":1};""end"":{""x"":6;""y"":1}; {""start"":{""x"":6;""y"":2};""end"":{""x"":6;""y"":2}; {""start"":{""x"":7;""y"":0};""end"":{""x"":7;""y"":0}; {""start"":{""x"":7;""y"":1};""end"":{""x"":7;""y"":1}; {""start"":{""x"":7;""y"":2};""end"":{""x"":7;""y"":2}; {""start"":{""x"":8;""y"":0};""end"":{""x"":8;""y"":0}; {""start"":{""x"":8;""y"":1};""end"":{""x"":8;""y"":1}; {""start"":{""x"":8;""y"":2};""end"":{""x"":8;""y"":2}; {""start"":{""x"":9;""y"":0};""end"":{""x"":9;""y"":0}; {""start"":{""x"":9;""y"":1};""end"":{""x"":9;""y"":1}; {""start"":{""x"":9;""y"":2};""end"":{""x"":9;""y"":2}; {""start"":{""x"":10;""y"":0};""end"":{""x"":10;""y"":0}; {""start"":{""x"":10;""y"":1};""end"":{""x"":10;""y"":1}]; shape=[32; 128]; orientation=ShardOrientation::ROW_MAJOR};nd_shard_spec=std::nullopt;created_with_nd_shard_spec=0;per_core_allocation=0)'}",,32,110,,,3254924093,3254926037,1944,8935949965174,8935949967988,159326,159326,2084,1152,1152,,,,163,1151,1120,,,,,,,,,1[1],32[32],32[1],128[128],TILE,BFLOAT16,DEV_0_DRAM_INTERLEAVED,,,,,,,,1[1],32[32],32[1],128[128],TILE,BFLOAT16,DEV_0_L1_HEIGHT_SHARDED,,,[],[],['ttnn/cpp/ttnn/operations/data_movement/sharded/device/kernels/dataflow/writer_unary_sharded.cpp'; 'ttnn/cpp/ttnn/operations/data_movement/sharded/device/kernels/dataflow/reader_unary_sharded_blocks_interleaved_start_id.cpp'],['writer_unary_sharded/2816079715866797849/'; 'reader_unary_sharded_blocks_interleaved_start_id/13575281725531493021/'],3818893462322974683,False,444,876,0,0,0,0,0,0,0,1,1,1,[],[],0.087,,,,,,,1944
SliceDeviceOperation,tt_dnn_device,11267,3,blackhole,{'num_devices': 'std::nullopt'; 'output_mem_config': 'MemoryConfig(memory_layout=TensorMemoryLayout::INTERLEAVED;buffer_type=BufferType::DRAM;shard_spec=std::nullopt;nd_shard_spec=std::nullopt;created_with_nd_shard_spec=0;per_core_allocation=0)'; 'slice_dim': 'std::nullopt'; 'slice_end': 'Shape([1; 32; 32; 256])'; 'slice_start': 'Shape([0; 0; 0; 128])'; 'step': 'Shape([1; 1; 1; 1])'; 'sub_core_grids': 'std::nullopt'; 'use_tensor_args': 'false'},,110,110,,,3255245456,3255292466,47010,8935950398326,8935950402666,319342,319342,3215,2619,2619,,,,166,2619,2410,,,,,,,,,1[1],32[32],32[1],256[256],TILE,BFLOAT16,DEV_0_DRAM_INTERLEAVED,,,,,,,,1[1],32[32],32[32],128[128],TILE,BFLOAT16,DEV_0_DRAM_INTERLEAVED,,,[],[],['ttnn/cpp/ttnn/operations/data_movement/slice/device/kernels/dataflow/writer_unary_interleaved_start_id.cpp'; 'ttnn/cpp/ttnn/operations/data_movement/slice/device/kernels/dataflow/reader_unary_unpad_dims_interleaved_start_id.cpp'],['writer_unary_interleaved_start_id/17872786682307166113/'; 'reader_unary_unpad_dims_interleaved_start_id/5783004548399313417/'],12843380687060980844,False,1000,1028,0,0,0,0,0,0,0,1207,1207,953,[434.3728332519531],[217.18641662597656],46.086,,,,,,,47010
InterleavedToShardedDeviceOperation,tt_dnn_device,12291,3,blackhole,"{'keep_l1_aligned': 'false'; 'output_dtype': 'DataType::BFLOAT16'; 'output_mem_config': 'MemoryConfig(memory_layout=TensorMemoryLayout::HEIGHT_SHARDED;buffer_type=BufferType::L1;shard_spec=ShardSpec{grid=[{""start"":{""x"":0;""y"":0};""end"":{""x"":0;""y"":0}; {""start"":{""x"":0;""y"":1};""end"":{""x"":0;""y"":1}; {""start"":{""x"":0;""y"":2};""end"":{""x"":0;""y"":2}; {""start"":{""x"":1;""y"":0};""end"":{""x"":1;""y"":0}; {""start"":{""x"":1;""y"":1};""end"":{""x"":1;""y"":1}; {""start"":{""x"":1;""y"":2};""end"":{""x"":1;""y"":2}; {""start"":{""x"":2;""y"":0};""end"":{""x"":2;""y"":0}; {""start"":{""x"":2;""y"":1};""end"":{""x"":2;""y"":1}; {""start"":{""x"":2;""y"":2};""end"":{""x"":2;""y"":2}; {""start"":{""x"":3;""y"":0};""end"":{""x"":3;""y"":0}; {""start"":{""x"":3;""y"":1};""end"":{""x"":3;""y"":1}; {""start"":{""x"":3;""y"":2};""end"":{""x"":3;""y"":2}; {""start"":{""x"":4;""y"":0};""end"":{""x"":4;""y"":0}; {""start"":{""x"":4;""y"":1};""end"":{""x"":4;""y"":1}; {""start"":{""x"":4;""y"":2};""end"":{""x"":4;""y"":2}; {""start"":{""x"":5;""y"":0};""end"":{""x"":5;""y"":0}; {""start"":{""x"":5;""y"":1};""end"":{""x"":5;""y"":1}; {""start"":{""x"":5;""y"":2};""end"":{""x"":5;""y"":2}; {""start"":{""x"":6;""y"":0};""end"":{""x"":6;""y"":0}; {""start"":{""x"":6;""y"":1};""end"":{""x"":6;""y"":1}; {""start"":{""x"":6;""y"":2};""end"":{""x"":6;""y"":2}; {""start"":{""x"":7;""y"":0};""end"":{""x"":7;""y"":0}; {""start"":{""x"":7;""y"":1};""end"":{""x"":7;""y"":1}; {""start"":{""x"":7;""y"":2};""end"":{""x"":7;""y"":2}; {""start"":{""x"":8;""y"":0};""end"":{""x"":8;""y"":0}; {""start"":{""x"":8;""y"":1};""end"":{""x"":8;""y"":1}; {""start"":{""x"":8;""y"":2};""end"":{""x"":8;""y"":2}; {""start"":{""x"":9;""y"":0};""end"":{""x"":9;""y"":0}; {""start"":{""x"":9;""y"":1};""end"":{""x"":9;""y"":1}; {""start"":{""x"":9;""y"":2};""end"":{""x"":9;""y"":2}; {""start"":{""x"":10;""y"":0};""end"":{""x"":10;""y"":0}; {""start"":{""x"":10;""y"":1};""end"":{""x"":10;""y"":1}]; shape=[32; 128]; orientation=ShardOrientation::ROW_MAJOR};nd_shard_spec=std::nullopt;created_with_nd_shard_spec=0;per_core_allocation=0)'}",,32,110,,,3255334777,3255336079,1302,8935950520613,8935950523356,88269,88269,2032,1096,1096,,,,162,1096,1062,,,,,,,,,1[1],32[32],32[1],128[128],TILE,BFLOAT16,DEV_0_DRAM_INTERLEAVED,,,,,,,,1[1],32[32],32[1],128[128],TILE,BFLOAT16,DEV_0_L1_HEIGHT_SHARDED,,,[],[],['ttnn/cpp/ttnn/operations/data_movement/sharded/device/kernels/dataflow/writer_unary_sharded.cpp'; 'ttnn/cpp/ttnn/operations/data_movement/sharded/device/kernels/dataflow/reader_unary_sharded_blocks_interleaved_start_id.cpp'],['writer_unary_sharded/2816079715866797849/'; 'reader_unary_sharded_blocks_interleaved_start_id/13575281725531493021/'],3818893462322974683,False,444,876,0,0,0,0,0,0,0,1,1,1,[],[],0.091,,,,,,,1302
EmbeddingsDeviceOperation,tt_dnn_device,13315,3,blackhole,{'embeddings_type': 'EmbeddingsType::GENERIC'; 'output_mem_config': 'MemoryConfig(memory_layout=TensorMemoryLayout::INTERLEAVED;buffer_type=BufferType::DRAM;shard_spec=std::nullopt;nd_shard_spec=std::nullopt;created_with_nd_shard_spec=0;per_core_allocation=0)'; 'pad_token': 'std::nullopt'; 'tilized': 'true'},HiFi4,1,110,,,3256231998,3256235014,3016,8935951728054,8935951732244,892916,892916,3104,2583,2583,,,,57,2526,1777,1827,117,1879,,,,,,1[1],1[1],1[1],32[32],ROW_MAJOR,UINT32,DEV_0_DRAM_INTERLEAVED,1[1],1[1],131072[131072],128[128],ROW_MAJOR,BFLOAT16,DEV_0_DRAM_INTERLEAVED,1[1],1[1],32[32],128[128],TILE,BFLOAT16,DEV_0_DRAM_INTERLEAVED,,,['ttnn/cpp/ttnn/operations/data_movement/tilize/device/kernels/compute/tilize.cpp'],['tilize/4075551047992850222/'],['ttnn/cpp/ttnn/operations/eltwise/unary/device/kernels/dataflow/writer_unary_interleaved_start_id.cpp'; 'ttnn/cpp/ttnn/operations/embedding/device/kernels/dataflow/embeddings_tilize.cpp'],['writer_unary_interleaved_start_id/17379425957123616916/'; 'embeddings_tilize/14134729056215501798/'],295500034972764725,False,1000,948,1180,784,2020,0,0,0,0,1,1,1,[],[],0.039,,,,,,,3016
TransposeDeviceOperation,tt_dnn_device,14339,3,blackhole,{'dim': 'TransposeOpDim::HC'; 'output_mem_config': 'MemoryConfig(memory_layout=TensorMemoryLayout::INTERLEAVED;buffer_type=BufferType::DRAM;shard_spec=std::nullopt;nd_shard_spec=std::nullopt;created_with_nd_shard_spec=0;per_core_allocation=0)'; 'pad_value': '0'},,110,110,,,3256266083,3256267566,1483,8935951781627,8935951786974,37171,37171,3961,3358,3358,,,,164,3348,1002,,,,,,,,,1[1],1[1],32[32],128[128],TILE,BFLOAT16,DEV_0_DRAM_INTERLEAVED,,,,,,,,1[1],32[32],32[1],128[128],TILE,BFLOAT16,DEV_0_DRAM_INTERLEAVED,,,[],[],['ttnn/cpp/ttnn/operations/data_movement/transpose/device/kernels/dataflow/writer_unary_transpose_hc_interleaved_tiled_padding_aware.cpp'; 'ttnn/cpp/ttnn/operations/data_movement/transpose/device/kernels/dataflow/reader_unary_transpose_hc_interleaved_tiled_padding_aware.cpp'],['writer_unary_transpose_hc_interleaved_tiled_padding_aware/3403485737563375483/'; 'reader_unary_transpose_hc_interleaved_tiled_padding_aware/3278640446294112578/'],14763886275959663257,False,1216,1040,0,0,0,0,0,0,0,1244,1244,476,[6.585208892822266],[210.7266845703125],37.046,,,,,,,1483
InterleavedToShardedDeviceOperation,tt_dnn_device,15363,3,blackhole,"{'keep_l1_aligned': 'false'; 'output_dtype': 'DataType::BFLOAT16'; 'output_mem_config': 'MemoryConfig(memory_layout=TensorMemoryLayout::HEIGHT_SHARDED;buffer_type=BufferType::L1;shard_spec=ShardSpec{grid=[{""start"":{""x"":0;""y"":0};""end"":{""x"":0;""y"":0}; {""start"":{""x"":0;""y"":1};""end"":{""x"":0;""y"":1}; {""start"":{""x"":0;""y"":2};""end"":{""x"":0;""y"":2}; {""start"":{""x"":1;""y"":0};""end"":{""x"":1;""y"":0}; {""start"":{""x"":1;""y"":1};""end"":{""x"":1;""y"":1}; {""start"":{""x"":1;""y"":2};""end"":{""x"":1;""y"":2}; {""start"":{""x"":2;""y"":0};""end"":{""x"":2;""y"":0}; {""start"":{""x"":2;""y"":1};""end"":{""x"":2;""y"":1}; {""start"":{""x"":2;""y"":2};""end"":{""x"":2;""y"":2}; {""start"":{""x"":3;""y"":0};""end"":{""x"":3;""y"":0}; {""start"":{""x"":3;""y"":1};""end"":{""x"":3;""y"":1}; {""start"":{""x"":3;""y"":2};""end"":{""x"":3;""y"":2}; {""start"":{""x"":4;""y"":0};""end"":{""x"":4;""y"":0}; {""start"":{""x"":4;""y"":1};""end"":{""x"":4;""y"":1}; {""start"":{""x"":4;""y"":2};""end"":{""x"":4;""y"":2}; {""start"":{""x"":5;""y"":0};""end"":{""x"":5;""y"":0}; {""start"":{""x"":5;""y"":1};""end"":{""x"":5;""y"":1}; {""start"":{""x"":5;""y"":2};""end"":{""x"":5;""y"":2}; {""start"":{""x"":6;""y"":0};""end"":{""x"":6;""y"":0}; {""start"":{""x"":6;""y"":1};""end"":{""x"":6;""y"":1}; {""start"":{""x"":6;""y"":2};""end"":{""x"":6;""y"":2}; {""start"":{""x"":7;""y"":0};""end"":{""x"":7;""y"":0}; {""start"":{""x"":7;""y"":1};""end"":{""x"":7;""y"":1}; {""start"":{""x"":7;""y"":2};""end"":{""x"":7;""y"":2}; {""start"":{""x"":8;""y"":0};""end"":{""x"":8;""y"":0}; {""start"":{""x"":8;""y"":1};""end"":{""x"":8;""y"":1}; {""start"":{""x"":8;""y"":2};""end"":{""x"":8;""y"":2}; {""start"":{""x"":9;""y"":0};""end"":{""x"":9;""y"":0}; {""start"":{""x"":9;""y"":1};""end"":{""x"":9;""y"":1}; {""start"":{""x"":9;""y"":2};""end"":{""x"":9;""y"":2}; {""start"":{""x"":10;""y"":0};""end"":{""x"":10;""y"":0}; {""start"":{""x"":10;""y"":1};""end"":{""x"":10;""y"":1}]; shape=[32; 128]; orientation=ShardOrientation::ROW_MAJOR};nd_shard_spec=std::nullopt;created_with_nd_shard_spec=0;per_core_allocation=0)'}",,32,110,,,3256292153,3256293275,1122,8935951814167,8935951816926,21071,21071,2044,1122,1122,,,,166,1120,1099,,,,,,,,,1[1],32[32],32[1],128[128],TILE,BFLOAT16,DEV_0_DRAM_INTERLEAVED,,,,,,,,1[1],32[32],32[1],128[128],TILE,BFLOAT16,DEV_0_L1_HEIGHT_SHARDED,,,[],[],['ttnn/cpp/ttnn/operations/data_movement/sharded/device/kernels/dataflow/writer_unary_sharded.cpp'; 'ttnn/cpp/ttnn/operations/data_movement/sharded/device/kernels/dataflow/reader_unary_sharded_blocks_interleaved_start_id.cpp'],['writer_unary_sharded/2816079715866797849/'; 'reader_unary_sharded_blocks_interleaved_start_id/13575281725531493021/'],3818893462322974683,False,444,876,0,0,0,0,0,0,0,1,1,1,[],[],0.089,,,,,,,1122
EmbeddingsDeviceOperation,tt_dnn_device,16387,3,blackhole,{'embeddings_type': 'EmbeddingsType::GENERIC'; 'output_mem_config': 'MemoryConfig(memory_layout=TensorMemoryLayout::INTERLEAVED;buffer_type=BufferType::DRAM;shard_spec=std::nullopt;nd_shard_spec=std::nullopt;created_with_nd_shard_spec=0;per_core_allocation=0)'; 'pad_token': 'std::nullopt'; 'tilized': 'true'},HiFi4,1,110,,,3256305749,3256306480,731,8935951830746,8935951834901,10762,10775,3078,2547,2539,,,,68,2479,1730,1798,111,1840,,,,,,1[1],1[1],1[1],32[32],ROW_MAJOR,UINT32,DEV_0_DRAM_INTERLEAVED,1[1],1[1],131072[131072],128[128],ROW_MAJOR,BFLOAT16,DEV_0_DRAM_INTERLEAVED,1[1],1[1],32[32],128[128],TILE,BFLOAT16,DEV_0_DRAM_INTERLEAVED,,,['ttnn/cpp/ttnn/operations/data_movement/tilize/device/kernels/compute/tilize.cpp'],['tilize/4075551047992850222/'],['ttnn/cpp/ttnn/operations/eltwise/unary/device/kernels/dataflow/writer_unary_interleaved_start_id.cpp'; 'ttnn/cpp/ttnn/operations/embedding/device/kernels/dataflow/embeddings_tilize.cpp'],['writer_unary_interleaved_start_id/17379425957123616916/'; 'embeddings_tilize/14134729056215501798/'],295500034972764725,False,1000,948,1180,784,2020,0,0,0,0,1,1,1,[],[],0.039,,,,,,,731
TransposeDeviceOperation,tt_dnn_device,17411,3,blackhole,{'dim': 'TransposeOpDim::HC'; 'output_mem_config': 'MemoryConfig(memory_layout=TensorMemoryLayout::INTERLEAVED;buffer_type=BufferType::DRAM;shard_spec=std::nullopt;nd_shard_spec=std::nullopt;created_with_nd_shard_spec=0;per_core_allocation=0)'; 'pad_value': '0'},,110,110,,,3256319585,3256320126,541,8935951854471,8935951859760,15111,15111,3918,3304,3304,,,,162,3291,999,,,,,,,,,1[1],1[1],32[32],128[128],TILE,BFLOAT16,DEV_0_DRAM_INTERLEAVED,,,,,,,,1[1],32[32],32[1],128[128],TILE,BFLOAT16,DEV_0_DRAM_INTERLEAVED,,,[],[],['ttnn/cpp/ttnn/operations/data_movement/transpose/device/kernels/dataflow/writer_unary_transpose_hc_interleaved_tiled_padding_aware.cpp'; 'ttnn/cpp/ttnn/operations/data_movement/transpose/device/kernels/dataflow/reader_unary_transpose_hc_interleaved_tiled_padding_aware.cpp'],['writer_unary_transpose_hc_interleaved_tiled_padding_aware/3403485737563375483/'; 'reader_unary_transpose_hc_interleaved_tiled_padding_aware/3278640446294112578/'],14763886275959663257,False,1216,1040,0,0,0,0,0,0,0,1244,1244,476,[6.585208892822266],[210.7266845703125],37.651,,,,,,,541
InterleavedToShardedDeviceOperation,tt_dnn_device,18435,3,blackhole,"{'keep_l1_aligned': 'false'; 'output_dtype': 'DataType::BFLOAT16'; 'output_mem_config': 'MemoryConfig(memory_layout=TensorMemoryLayout::HEIGHT_SHARDED;buffer_type=BufferType::L1;shard_spec=ShardSpec{grid=[{""start"":{""x"":0;""y"":0};""end"":{""x"":0;""y"":0}; {""start"":{""x"":0;""y"":1};""end"":{""x"":0;""y"":1}; {""start"":{""x"":0;""y"":2};""end"":{""x"":0;""y"":2}; {""start"":{""x"":1;""y"":0};""end"":{""x"":1;""y"":0}; {""start"":{""x"":1;""y"":1};""end"":{""x"":1;""y"":1}; {""start"":{""x"":1;""y"":2};""end"":{""x"":1;""y"":2}; {""start"":{""x"":2;""y"":0};""end"":{""x"":2;""y"":0}; {""start"":{""x"":2;""y"":1};""end"":{""x"":2;""y"":1}; {""start"":{""x"":2;""y"":2};""end"":{""x"":2;""y"":2}; {""start"":{""x"":3;""y"":0};""end"":{""x"":3;""y"":0}; {""start"":{""x"":3;""y"":1};""end"":{""x"":3;""y"":1}; {""start"":{""x"":3;""y"":2};""end"":{""x"":3;""y"":2}; {""start"":{""x"":4;""y"":0};""end"":{""x"":4;""y"":0}; {""start"":{""x"":4;""y"":1};""end"":{""x"":4;""y"":1}; {""start"":{""x"":4;""y"":2};""end"":{""x"":4;""y"":2}; {""start"":{""x"":5;""y"":0};""end"":{""x"":5;""y"":0}; {""start"":{""x"":5;""y"":1};""end"":{""x"":5;""y"":1}; {""start"":{""x"":5;""y"":2};""end"":{""x"":5;""y"":2}; {""start"":{""x"":6;""y"":0};""end"":{""x"":6;""y"":0}; {""start"":{""x"":6;""y"":1};""end"":{""x"":6;""y"":1}; {""start"":{""x"":6;""y"":2};""end"":{""x"":6;""y"":2}; {""start"":{""x"":7;""y"":0};""end"":{""x"":7;""y"":0}; {""start"":{""x"":7;""y"":1};""end"":{""x"":7;""y"":1}; {""start"":{""x"":7;""y"":2};""end"":{""x"":7;""y"":2}; {""start"":{""x"":8;""y"":0};""end"":{""x"":8;""y"":0}; {""start"":{""x"":8;""y"":1};""end"":{""x"":8;""y"":1}; {""start"":{""x"":8;""y"":2};""end"":{""x"":8;""y"":2}; {""start"":{""x"":9;""y"":0};""end"":{""x"":9;""y"":0}; {""start"":{""x"":9;""y"":1};""end"":{""x"":9;""y"":1}; {""start"":{""x"":9;""y"":2};""end"":{""x"":9;""y"":2}; {""start"":{""x"":10;""y"":0};""end"":{""x"":10;""y"":0}; {""start"":{""x"":10;""y"":1};""end"":{""x"":10;""y"":1}]; shape=[32; 128]; orientation=ShardOrientation::ROW_MAJOR};nd_shard_spec=std::nullopt;created_with_nd_shard_spec=0;per_core_allocation=0)'}",,32,110,,,3256335335,3256335906,571,8935951873564,8935951876280,11140,11140,2012,1102,1102,,,,170,1102,1075,,,,,,,,,1[1],32[32],32[1],128[128],TILE,BFLOAT16,DEV_0_DRAM_INTERLEAVED,,,,,,,,1[1],32[32],32[1],128[128],TILE,BFLOAT16,DEV_0_L1_HEIGHT_SHARDED,,,[],[],['ttnn/cpp/ttnn/operations/data_movement/sharded/device/kernels/dataflow/writer_unary_sharded.cpp'; 'ttnn/cpp/ttnn/operations/data_movement/sharded/device/kernels/dataflow/reader_unary_sharded_blocks_interleaved_start_id.cpp'],['writer_unary_sharded/2816079715866797849/'; 'reader_unary_sharded_blocks_interleaved_start_id/13575281725531493021/'],3818893462322974683,False,444,876,0,0,0,0,0,0,0,1,1,1,[],[],0.091,,,,,,,571
EmbeddingsDeviceOperation,tt_dnn_device,19459,3,blackhole,{'embeddings_type': 'EmbeddingsType::GENERIC'; 'output_mem_config': 'MemoryConfig(memory_layout=TensorMemoryLayout::INTERLEAVED;buffer_type=BufferType::DRAM;shard_spec=std::nullopt;nd_shard_spec=std::nullopt;created_with_nd_shard_spec=0;per_core_allocation=0)'; 'pad_token': 'std::nullopt'; 'tilized': 'true'},HiFi4,1,110,,,3256348861,3256349292,431,8935951889342,8935951893508,10217,10222,3086,2544,2537,,,,37,2507,1727,1793,113,1861,,,,,,1[1],1[1],1[1],32[32],ROW_MAJOR,UINT32,DEV_0_DRAM_INTERLEAVED,1[1],1[1],131072[131072],128[128],ROW_MAJOR,BFLOAT16,DEV_0_DRAM_INTERLEAVED,1[1],1[1],32[32],128[128],TILE,BFLOAT16,DEV_0_DRAM_INTERLEAVED,,,['ttnn/cpp/ttnn/operations/data_movement/tilize/device/kernels/compute/tilize.cpp'],['tilize/4075551047992850222/'],['ttnn/cpp/ttnn/operations/eltwise/unary/device/kernels/dataflow/writer_unary_interleaved_start_id.cpp'; 'ttnn/cpp/ttnn/operations/embedding/device/kernels/dataflow/embeddings_tilize.cpp'],['writer_unary_interleaved_start_id/17379425957123616916/'; 'embeddings_tilize/14134729056215501798/'],295500034972764725,False,1000,948,1180,784,2020,0,0,0,0,1,1,1,[],[],0.039,,,,,,,431
TransposeDeviceOperation,tt_dnn_device,20483,3,blackhole,{'dim': 'TransposeOpDim::HC'; 'output_mem_config': 'MemoryConfig(memory_layout=TensorMemoryLayout::INTERLEAVED;buffer_type=BufferType::DRAM;shard_spec=std::nullopt;nd_shard_spec=std::nullopt;created_with_nd_shard_spec=0;per_core_allocation=0)'; 'pad_value': '0'},,110,110,,,3256362617,3256363008,391,8935951912043,8935951917315,14330,14330,3905,3301,3301,,,,159,3299,1001,,,,,,,,,1[1],1[1],32[32],128[128],TILE,BFLOAT16,DEV_0_DRAM_INTERLEAVED,,,,,,,,1[1],32[32],32[1],128[128],TILE,BFLOAT16,DEV_0_DRAM_INTERLEAVED,,,[],[],['ttnn/cpp/ttnn/operations/data_movement/transpose/device/kernels/dataflow/writer_unary_transpose_hc_interleaved_tiled_padding_aware.cpp'; 'ttnn/cpp/ttnn/operations/data_movement/transpose/device/kernels/dataflow/reader_unary_transpose_hc_interleaved_tiled_padding_aware.cpp'],['writer_unary_transpose_hc_interleaved_tiled_padding_aware/3403485737563375483/'; 'reader_unary_transpose_hc_interleaved_tiled_padding_aware/3278640446294112578/'],14763886275959663257,False,1216,1040,0,0,0,0,0,0,0,1244,1244,476,[6.585208892822266],[210.7266845703125],37.686,,,,,,,391
InterleavedToShardedDeviceOperation,tt_dnn_device,21507,3,blackhole,"{'keep_l1_aligned': 'false'; 'output_dtype': 'DataType::BFLOAT16'; 'output_mem_config': 'MemoryConfig(memory_layout=TensorMemoryLayout::HEIGHT_SHARDED;buffer_type=BufferType::L1;shard_spec=ShardSpec{grid=[{""start"":{""x"":0;""y"":0};""end"":{""x"":0;""y"":0}; {""start"":{""x"":0;""y"":1};""end"":{""x"":0;""y"":1}; {""start"":{""x"":0;""y"":2};""end"":{""x"":0;""y"":2}; {""start"":{""x"":1;""y"":0};""end"":{""x"":1;""y"":0}; {""start"":{""x"":1;""y"":1};""end"":{""x"":1;""y"":1}; {""start"":{""x"":1;""y"":2};""end"":{""x"":1;""y"":2}; {""start"":{""x"":2;""y"":0};""end"":{""x"":2;""y"":0}; {""start"":{""x"":2;""y"":1};""end"":{""x"":2;""y"":1}; {""start"":{""x"":2;""y"":2};""end"":{""x"":2;""y"":2}; {""start"":{""x"":3;""y"":0};""end"":{""x"":3;""y"":0}; {""start"":{""x"":3;""y"":1};""end"":{""x"":3;""y"":1}; {""start"":{""x"":3;""y"":2};""end"":{""x"":3;""y"":2}; {""start"":{""x"":4;""y"":0};""end"":{""x"":4;""y"":0}; {""start"":{""x"":4;""y"":1};""end"":{""x"":4;""y"":1}; {""start"":{""x"":4;""y"":2};""end"":{""x"":4;""y"":2}; {""start"":{""x"":5;""y"":0};""end"":{""x"":5;""y"":0}; {""start"":{""x"":5;""y"":1};""end"":{""x"":5;""y"":1}; {""start"":{""x"":5;""y"":2};""end"":{""x"":5;""y"":2}; {""start"":{""x"":6;""y"":0};""end"":{""x"":6;""y"":0}; {""start"":{""x"":6;""y"":1};""end"":{""x"":6;""y"":1}; {""start"":{""x"":6;""y"":2};""end"":{""x"":6;""y"":2}; {""start"":{""x"":7;""y"":0};""end"":{""x"":7;""y"":0}; {""start"":{""x"":7;""y"":1};""end"":{""x"":7;""y"":1}; {""start"":{""x"":7;""y"":2};""end"":{""x"":7;""y"":2}; {""start"":{""x"":8;""y"":0};""end"":{""x"":8;""y"":0}; {""start"":{""x"":8;""y"":1};""end"":{""x"":8;""y"":1}; {""start"":{""x"":8;""y"":2};""end"":{""x"":8;""y"":2}; {""start"":{""x"":9;""y"":0};""end"":{""x"":9;""y"":0}; {""start"":{""x"":9;""y"":1};""end"":{""x"":9;""y"":1}; {""start"":{""x"":9;""y"":2};""end"":{""x"":9;""y"":2}; {""start"":{""x"":10;""y"":0};""end"":{""x"":10;""y"":0}; {""start"":{""x"":10;""y"":1};""end"":{""x"":10;""y"":1}]; shape=[32; 128]; orientation=ShardOrientation::ROW_MAJOR};nd_shard_spec=std::nullopt;created_with_nd_shard_spec=0;per_core_allocation=0)'}",,32,110,,,3256378418,3256378828,410,8935951931492,8935951934213,11414,11414,2016,1093,1093,,,,165,1093,1059,,,,,,,,,1[1],32[32],32[1],128[128],TILE,BFLOAT16,DEV_0_DRAM_INTERLEAVED,,,,,,,,1[1],32[32],32[1],128[128],TILE,BFLOAT16,DEV_0_L1_HEIGHT_SHARDED,,,[],[],['ttnn/cpp/ttnn/operations/data_movement/sharded/device/kernels/dataflow/writer_unary_sharded.cpp'; 'ttnn/cpp/ttnn/operations/data_movement/sharded/device/kernels/dataflow/reader_unary_sharded_blocks_interleaved_start_id.cpp'],['writer_unary_sharded/2816079715866797849/'; 'reader_unary_sharded_blocks_interleaved_start_id/13575281725531493021/'],3818893462322974683,False,444,876,0,0,0,0,0,0,0,1,1,1,[],[],0.091,,,,,,,410
EmbeddingsDeviceOperation,tt_dnn_device,22531,3,blackhole,{'embeddings_type': 'EmbeddingsType::GENERIC'; 'output_mem_config': 'MemoryConfig(memory_layout=TensorMemoryLayout::INTERLEAVED;buffer_type=BufferType::DRAM;shard_spec=std::nullopt;nd_shard_spec=std::nullopt;created_with_nd_shard_spec=0;per_core_allocation=0)'; 'pad_token': 'std::nullopt'; 'tilized': 'true'},HiFi4,1,110,,,3256387936,3256388367,431,8935951942061,8935951946190,6348,6349,3059,2533,2532,,,,53,2479,1730,1772,118,1831,,,,,,1[1],1[1],1[1],32[32],ROW_MAJOR,UINT32,DEV_0_DRAM_INTERLEAVED,1[1],1[1],131072[131072],128[128],ROW_MAJOR,BFLOAT16,DEV_0_DRAM_INTERLEAVED,1[1],1[1],32[32],128[128],TILE,BFLOAT16,DEV_0_DRAM_INTERLEAVED,,,['ttnn/cpp/ttnn/operations/data_movement/tilize/device/kernels/compute/tilize.cpp'],['tilize/4075551047992850222/'],['ttnn/cpp/ttnn/operations/eltwise/unary/device/kernels/dataflow/writer_unary_interleaved_start_id.cpp'; 'ttnn/cpp/ttnn/operations/embedding/device/kernels/dataflow/embeddings_tilize.cpp'],['writer_unary_interleaved_start_id/17379425957123616916/'; 'embeddings_tilize/14134729056215501798/'],295500034972764725,False,1000,948,1180,784,2020,0,0,0,0,1,1,1,[],[],0.039,,,,,,,431
TransposeDeviceOperation,tt_dnn_device,23555,3,blackhole,{'dim': 'TransposeOpDim::HC'; 'output_mem_config': 'MemoryConfig(memory_layout=TensorMemoryLayout::INTERLEAVED;buffer_type=BufferType::DRAM;shard_spec=std::nullopt;nd_shard_spec=std::nullopt;created_with_nd_shard_spec=0;per_core_allocation=0)'; 'pad_value': '0'},,110,110,,,3256399848,3256400199,351,8935951963234,8935951968492,13226,13226,3895,3290,3290,,,,165,3287,975,,,,,,,,,1[1],1[1],32[32],128[128],TILE,BFLOAT16,DEV_0_DRAM_INTERLEAVED,,,,,,,,1[1],32[32],32[1],128[128],TILE,BFLOAT16,DEV_0_DRAM_INTERLEAVED,,,[],[],['ttnn/cpp/ttnn/operations/data_movement/transpose/device/kernels/dataflow/writer_unary_transpose_hc_interleaved_tiled_padding_aware.cpp'; 'ttnn/cpp/ttnn/operations/data_movement/transpose/device/kernels/dataflow/reader_unary_transpose_hc_interleaved_tiled_padding_aware.cpp'],['writer_unary_transpose_hc_interleaved_tiled_padding_aware/3403485737563375483/'; 'reader_unary_transpose_hc_interleaved_tiled_padding_aware/3278640446294112578/'],14763886275959663257,False,1216,1040,0,0,0,0,0,0,0,1244,1244,476,[6.585208892822266],[210.7266845703125],37.812,,,,,,,351
InterleavedToShardedDeviceOperation,tt_dnn_device,24579,3,blackhole,"{'keep_l1_aligned': 'false'; 'output_dtype': 'DataType::BFLOAT16'; 'output_mem_config': 'MemoryConfig(memory_layout=TensorMemoryLayout::HEIGHT_SHARDED;buffer_type=BufferType::L1;shard_spec=ShardSpec{grid=[{""start"":{""x"":0;""y"":0};""end"":{""x"":0;""y"":0}; {""start"":{""x"":0;""y"":1};""end"":{""x"":0;""y"":1}; {""start"":{""x"":0;""y"":2};""end"":{""x"":0;""y"":2}; {""start"":{""x"":1;""y"":0};""end"":{""x"":1;""y"":0}; {""start"":{""x"":1;""y"":1};""end"":{""x"":1;""y"":1}; {""start"":{""x"":1;""y"":2};""end"":{""x"":1;""y"":2}; {""start"":{""x"":2;""y"":0};""end"":{""x"":2;""y"":0}; {""start"":{""x"":2;""y"":1};""end"":{""x"":2;""y"":1}; {""start"":{""x"":2;""y"":2};""end"":{""x"":2;""y"":2}; {""start"":{""x"":3;""y"":0};""end"":{""x"":3;""y"":0}; {""start"":{""x"":3;""y"":1};""end"":{""x"":3;""y"":1}; {""start"":{""x"":3;""y"":2};""end"":{""x"":3;""y"":2}; {""start"":{""x"":4;""y"":0};""end"":{""x"":4;""y"":0}; {""start"":{""x"":4;""y"":1};""end"":{""x"":4;""y"":1}; {""start"":{""x"":4;""y"":2};""end"":{""x"":4;""y"":2}; {""start"":{""x"":5;""y"":0};""end"":{""x"":5;""y"":0}; {""start"":{""x"":5;""y"":1};""end"":{""x"":5;""y"":1}; {""start"":{""x"":5;""y"":2};""end"":{""x"":5;""y"":2}; {""start"":{""x"":6;""y"":0};""end"":{""x"":6;""y"":0}; {""start"":{""x"":6;""y"":1};""end"":{""x"":6;""y"":1}; {""start"":{""x"":6;""y"":2};""end"":{""x"":6;""y"":2}; {""start"":{""x"":7;""y"":0};""end"":{""x"":7;""y"":0}; {""start"":{""x"":7;""y"":1};""end"":{""x"":7;""y"":1}; {""start"":{""x"":7;""y"":2};""end"":{""x"":7;""y"":2}; {""start"":{""x"":8;""y"":0};""end"":{""x"":8;""y"":0}; {""start"":{""x"":8;""y"":1};""end"":{""x"":8;""y"":1}; {""start"":{""x"":8;""y"":2};""end"":{""x"":8;""y"":2}; {""start"":{""x"":9;""y"":0};""end"":{""x"":9;""y"":0}; {""start"":{""x"":9;""y"":1};""end"":{""x"":9;""y"":1}; {""start"":{""x"":9;""y"":2};""end"":{""x"":9;""y"":2}; {""start"":{""x"":10;""y"":0};""end"":{""x"":10;""y"":0}; {""start"":{""x"":10;""y"":1};""end"":{""x"":10;""y"":1}]; shape=[32; 128]; orientation=ShardOrientation::ROW_MAJOR};nd_shard_spec=std::nullopt;created_with_nd_shard_spec=0;per_core_allocation=0)'}",,32,110,,,3256413044,3256413444,400,8935951978222,8935951981029,8145,8145,2079,1144,1144,,,,161,1144,1114,,,,,,,,,1[1],32[32],32[1],128[128],TILE,BFLOAT16,DEV_0_DRAM_INTERLEAVED,,,,,,,,1[1],32[32],32[1],128[128],TILE,BFLOAT16,DEV_0_L1_HEIGHT_SHARDED,,,[],[],['ttnn/cpp/ttnn/operations/data_movement/sharded/device/kernels/dataflow/writer_unary_sharded.cpp'; 'ttnn/cpp/ttnn/operations/data_movement/sharded/device/kernels/dataflow/reader_unary_sharded_blocks_interleaved_start_id.cpp'],['writer_unary_sharded/2816079715866797849/'; 'reader_unary_sharded_blocks_interleaved_start_id/13575281725531493021/'],3818893462322974683,False,444,876,0,0,0,0,0,0,0,1,1,1,[],[],0.087,,,,,,,400
EmbeddingsDeviceOperation,tt_dnn_device,25603,3,blackhole,{'embeddings_type': 'EmbeddingsType::GENERIC'; 'output_mem_config': 'MemoryConfig(memory_layout=TensorMemoryLayout::INTERLEAVED;buffer_type=BufferType::DRAM;shard_spec=std::nullopt;nd_shard_spec=std::nullopt;created_with_nd_shard_spec=0;per_core_allocation=0)'; 'pad_token': 'std::nullopt'; 'tilized': 'true'},HiFi4,1,110,,,3256424786,3256425167,381,8935951991834,8935951996009,8562,8562,3093,2541,2541,,,,13,2535,1748,1772,116,1882,,,,,,1[1],1[1],1[1],32[32],ROW_MAJOR,UINT32,DEV_0_DRAM_INTERLEAVED,1[1],1[1],131072[131072],128[128],ROW_MAJOR,BFLOAT16,DEV_0_DRAM_INTERLEAVED,1[1],1[1],32[32],128[128],TILE,BFLOAT16,DEV_0_DRAM_INTERLEAVED,,,['ttnn/cpp/ttnn/operations/data_movement/tilize/device/kernels/compute/tilize.cpp'],['tilize/4075551047992850222/'],['ttnn/cpp/ttnn/operations/eltwise/unary/device/kernels/dataflow/writer_unary_interleaved_start_id.cpp'; 'ttnn/cpp/ttnn/operations/embedding/device/kernels/dataflow/embeddings_tilize.cpp'],['writer_unary_interleaved_start_id/17379425957123616916/'; 'embeddings_tilize/14134729056215501798/'],295500034972764725,False,1000,948,1180,784,2020,0,0,0,0,1,1,1,[],[],0.039,,,,,,,381
TransposeDeviceOperation,tt_dnn_device,26627,3,blackhole,{'dim': 'TransposeOpDim::HC'; 'output_mem_config': 'MemoryConfig(memory_layout=TensorMemoryLayout::INTERLEAVED;buffer_type=BufferType::DRAM;shard_spec=std::nullopt;nd_shard_spec=std::nullopt;created_with_nd_shard_spec=0;per_core_allocation=0)'; 'pad_value': '0'},,110,110,,,3256435967,3256436438,471,8935952012036,8935952017382,12468,12468,3960,3356,3356,,,,166,3345,981,,,,,,,,,1[1],1[1],32[32],128[128],TILE,BFLOAT16,DEV_0_DRAM_INTERLEAVED,,,,,,,,1[1],32[32],32[1],128[128],TILE,BFLOAT16,DEV_0_DRAM_INTERLEAVED,,,[],[],['ttnn/cpp/ttnn/operations/data_movement/transpose/device/kernels/dataflow/writer_unary_transpose_hc_interleaved_tiled_padding_aware.cpp'; 'ttnn/cpp/ttnn/operations/data_movement/transpose/device/kernels/dataflow/reader_unary_transpose_hc_interleaved_tiled_padding_aware.cpp'],['writer_unary_transpose_hc_interleaved_tiled_padding_aware/3403485737563375483/'; 'reader_unary_transpose_hc_interleaved_tiled_padding_aware/3278640446294112578/'],14763886275959663257,False,1216,1040,0,0,0,0,0,0,0,1244,1244,476,[6.585208892822266],[210.7266845703125],37.068,,,,,,,471
InterleavedToShardedDeviceOperation,tt_dnn_device,27651,3,blackhole,"{'keep_l1_aligned': 'false'; 'output_dtype': 'DataType::BFLOAT16'; 'output_mem_config': 'MemoryConfig(memory_layout=TensorMemoryLayout::HEIGHT_SHARDED;buffer_type=BufferType::L1;shard_spec=ShardSpec{grid=[{""start"":{""x"":0;""y"":0};""end"":{""x"":0;""y"":0}; {""start"":{""x"":0;""y"":1};""end"":{""x"":0;""y"":1}; {""start"":{""x"":0;""y"":2};""end"":{""x"":0;""y"":2}; {""start"":{""x"":1;""y"":0};""end"":{""x"":1;""y"":0}; {""start"":{""x"":1;""y"":1};""end"":{""x"":1;""y"":1}; {""start"":{""x"":1;""y"":2};""end"":{""x"":1;""y"":2}; {""start"":{""x"":2;""y"":0};""end"":{""x"":2;""y"":0}; {""start"":{""x"":2;""y"":1};""end"":{""x"":2;""y"":1}; {""start"":{""x"":2;""y"":2};""end"":{""x"":2;""y"":2}; {""start"":{""x"":3;""y"":0};""end"":{""x"":3;""y"":0}; {""start"":{""x"":3;""y"":1};""end"":{""x"":3;""y"":1}; {""start"":{""x"":3;""y"":2};""end"":{""x"":3;""y"":2}; {""start"":{""x"":4;""y"":0};""end"":{""x"":4;""y"":0}; {""start"":{""x"":4;""y"":1};""end"":{""x"":4;""y"":1}; {""start"":{""x"":4;""y"":2};""end"":{""x"":4;""y"":2}; {""start"":{""x"":5;""y"":0};""end"":{""x"":5;""y"":0}; {""start"":{""x"":5;""y"":1};""end"":{""x"":5;""y"":1}; {""start"":{""x"":5;""y"":2};""end"":{""x"":5;""y"":2}; {""start"":{""x"":6;""y"":0};""end"":{""x"":6;""y"":0}; {""start"":{""x"":6;""y"":1};""end"":{""x"":6;""y"":1}; {""start"":{""x"":6;""y"":2};""end"":{""x"":6;""y"":2}; {""start"":{""x"":7;""y"":0};""end"":{""x"":7;""y"":0}; {""start"":{""x"":7;""y"":1};""end"":{""x"":7;""y"":1}; {""start"":{""x"":7;""y"":2};""end"":{""x"":7;""y"":2}; {""start"":{""x"":8;""y"":0};""end"":{""x"":8;""y"":0}; {""start"":{""x"":8;""y"":1};""end"":{""x"":8;""y"":1}; {""start"":{""x"":8;""y"":2};""end"":{""x"":8;""y"":2}; {""start"":{""x"":9;""y"":0};""end"":{""x"":9;""y"":0}; {""start"":{""x"":9;""y"":1};""end"":{""x"":9;""y"":1}; {""start"":{""x"":9;""y"":2};""end"":{""x"":9;""y"":2}; {""start"":{""x"":10;""y"":0};""end"":{""x"":10;""y"":0}; {""start"":{""x"":10;""y"":1};""end"":{""x"":10;""y"":1}]; shape=[32; 128]; orientation=ShardOrientation::ROW_MAJOR};nd_shard_spec=std::nullopt;created_with_nd_shard_spec=0;per_core_allocation=0)'}",,32,110,,,3256448371,3256448732,361,8935952026252,8935952029012,7508,7508,2044,1106,1106,,,,163,1106,1075,,,,,,,,,1[1],32[32],32[1],128[128],TILE,BFLOAT16,DEV_0_DRAM_INTERLEAVED,,,,,,,,1[1],32[32],32[1],128[128],TILE,BFLOAT16,DEV_0_L1_HEIGHT_SHARDED,,,[],[],['ttnn/cpp/ttnn/operations/data_movement/sharded/device/kernels/dataflow/writer_unary_sharded.cpp'; 'ttnn/cpp/ttnn/operations/data_movement/sharded/device/kernels/dataflow/reader_unary_sharded_blocks_interleaved_start_id.cpp'],['writer_unary_sharded/2816079715866797849/'; 'reader_unary_sharded_blocks_interleaved_start_id/13575281725531493021/'],3818893462322974683,False,444,876,0,0,0,0,0,0,0,1,1,1,[],[],0.09,,,,,,,361
EmbeddingsDeviceOperation,tt_dnn_device,28675,3,blackhole,{'embeddings_type': 'EmbeddingsType::GENERIC'; 'output_mem_config': 'MemoryConfig(memory_layout=TensorMemoryLayout::INTERLEAVED;buffer_type=BufferType::DRAM;shard_spec=std::nullopt;nd_shard_spec=std::nullopt;created_with_nd_shard_spec=0;per_core_allocation=0)'; 'pad_token': 'std::nullopt'; 'tilized': 'true'},HiFi4,1,110,,,3256457358,3256457749,391,8935952035819,8935952039953,5585,5590,3062,2530,2523,,,,56,2494,1724,1809,117,1833,,,,,,1[1],1[1],1[1],32[32],ROW_MAJOR,UINT32,DEV_0_DRAM_INTERLEAVED,1[1],1[1],131072[131072],128[128],ROW_MAJOR,BFLOAT16,DEV_0_DRAM_INTERLEAVED,1[1],1[1],32[32],128[128],TILE,BFLOAT16,DEV_0_DRAM_INTERLEAVED,,,['ttnn/cpp/ttnn/operations/data_movement/tilize/device/kernels/compute/tilize.cpp'],['tilize/4075551047992850222/'],['ttnn/cpp/ttnn/operations/eltwise/unary/device/kernels/dataflow/writer_unary_interleaved_start_id.cpp'; 'ttnn/cpp/ttnn/operations/embedding/device/kernels/dataflow/embeddings_tilize.cpp'],['writer_unary_interleaved_start_id/17379425957123616916/'; 'embeddings_tilize/14134729056215501798/'],295500034972764725,False,1000,948,1180,784,2020,0,0,0,0,1,1,1,[],[],0.04,,,,,,,391
TransposeDeviceOperation,tt_dnn_device,29699,3,blackhole,{'dim': 'TransposeOpDim::HC'; 'output_mem_config': 'MemoryConfig(memory_layout=TensorMemoryLayout::INTERLEAVED;buffer_type=BufferType::DRAM;shard_spec=std::nullopt;nd_shard_spec=std::nullopt;created_with_nd_shard_spec=0;per_core_allocation=0)'; 'pad_value': '0'},,110,110,,,3256468910,3256470774,1864,8935952056553,8935952061948,12883,12883,3996,3401,3401,,,,163,3393,1012,,,,,,,,,1[1],1[1],32[32],128[128],TILE,BFLOAT16,DEV_0_DRAM_INTERLEAVED,,,,,,,,1[1],32[32],32[1],128[128],TILE,BFLOAT16,DEV_0_DRAM_INTERLEAVED,,,[],[],['ttnn/cpp/ttnn/operations/data_movement/transpose/device/kernels/dataflow/writer_unary_transpose_hc_interleaved_tiled_padding_aware.cpp'; 'ttnn/cpp/ttnn/operations/data_movement/transpose/device/kernels/dataflow/reader_unary_transpose_hc_interleaved_tiled_padding_aware.cpp'],['writer_unary_transpose_hc_interleaved_tiled_padding_aware/3403485737563375483/'; 'reader_unary_transpose_hc_interleaved_tiled_padding_aware/3278640446294112578/'],14763886275959663257,False,1216,1040,0,0,0,0,0,0,0,1244,1244,476,[6.585208892822266],[210.7266845703125],36.577,,,,,,,1864
InterleavedToShardedDeviceOperation,tt_dnn_device,30723,3,blackhole,"{'keep_l1_aligned': 'false'; 'output_dtype': 'DataType::BFLOAT16'; 'output_mem_config': 'MemoryConfig(memory_layout=TensorMemoryLayout::HEIGHT_SHARDED;buffer_type=BufferType::L1;shard_spec=ShardSpec{grid=[{""start"":{""x"":0;""y"":0};""end"":{""x"":0;""y"":0}; {""start"":{""x"":0;""y"":1};""end"":{""x"":0;""y"":1}; {""start"":{""x"":0;""y"":2};""end"":{""x"":0;""y"":2}; {""start"":{""x"":1;""y"":0};""end"":{""x"":1;""y"":0}; {""start"":{""x"":1;""y"":1};""end"":{""x"":1;""y"":1}; {""start"":{""x"":1;""y"":2};""end"":{""x"":1;""y"":2}; {""start"":{""x"":2;""y"":0};""end"":{""x"":2;""y"":0}; {""start"":{""x"":2;""y"":1};""end"":{""x"":2;""y"":1}; {""start"":{""x"":2;""y"":2};""end"":{""x"":2;""y"":2}; {""start"":{""x"":3;""y"":0};""end"":{""x"":3;""y"":0}; {""start"":{""x"":3;""y"":1};""end"":{""x"":3;""y"":1}; {""start"":{""x"":3;""y"":2};""end"":{""x"":3;""y"":2}; {""start"":{""x"":4;""y"":0};""end"":{""x"":4;""y"":0}; {""start"":{""x"":4;""y"":1};""end"":{""x"":4;""y"":1}; {""start"":{""x"":4;""y"":2};""end"":{""x"":4;""y"":2}; {""start"":{""x"":5;""y"":0};""end"":{""x"":5;""y"":0}; {""start"":{""x"":5;""y"":1};""end"":{""x"":5;""y"":1}; {""start"":{""x"":5;""y"":2};""end"":{""x"":5;""y"":2}; {""start"":{""x"":6;""y"":0};""end"":{""x"":6;""y"":0}; {""start"":{""x"":6;""y"":1};""end"":{""x"":6;""y"":1}; {""start"":{""x"":6;""y"":2};""end"":{""x"":6;""y"":2}; {""start"":{""x"":7;""y"":0};""end"":{""x"":7;""y"":0}; {""start"":{""x"":7;""y"":1};""end"":{""x"":7;""y"":1}; {""start"":{""x"":7;""y"":2};""end"":{""x"":7;""y"":2}; {""start"":{""x"":8;""y"":0};""end"":{""x"":8;""y"":0}; {""start"":{""x"":8;""y"":1};""end"":{""x"":8;""y"":1}; {""start"":{""x"":8;""y"":2};""end"":{""x"":8;""y"":2}; {""start"":{""x"":9;""y"":0};""end"":{""x"":9;""y"":0}; {""start"":{""x"":9;""y"":1};""end"":{""x"":9;""y"":1}; {""start"":{""x"":9;""y"":2};""end"":{""x"":9;""y"":2}; {""start"":{""x"":10;""y"":0};""end"":{""x"":10;""y"":0}; {""start"":{""x"":10;""y"":1};""end"":{""x"":10;""y"":1}]; shape=[32; 128]; orientation=ShardOrientation::ROW_MAJOR};nd_shard_spec=std::nullopt;created_with_nd_shard_spec=0;per_core_allocation=0)'}",,32,110,,,3256483017,3256483588,571,8935952072608,8935952075365,8824,8824,2042,1102,1102,,,,165,1101,1079,,,,,,,,,1[1],32[32],32[1],128[128],TILE,BFLOAT16,DEV_0_DRAM_INTERLEAVED,,,,,,,,1[1],32[32],32[1],128[128],TILE,BFLOAT16,DEV_0_L1_HEIGHT_SHARDED,,,[],[],['ttnn/cpp/ttnn/operations/data_movement/sharded/device/kernels/dataflow/writer_unary_sharded.cpp'; 'ttnn/cpp/ttnn/operations/data_movement/sharded/device/kernels/dataflow/reader_unary_sharded_blocks_interleaved_start_id.cpp'],['writer_unary_sharded/2816079715866797849/'; 'reader_unary_sharded_blocks_interleaved_start_id/13575281725531493021/'],3818893462322974683,False,444,876,0,0,0,0,0,0,0,1,1,1,[],[],0.091,,,,,,,571
EmbeddingsDeviceOperation,tt_dnn_device,31747,3,blackhole,{'embeddings_type': 'EmbeddingsType::GENERIC'; 'output_mem_config': 'MemoryConfig(memory_layout=TensorMemoryLayout::INTERLEAVED;buffer_type=BufferType::DRAM;shard_spec=std::nullopt;nd_shard_spec=std::nullopt;created_with_nd_shard_spec=0;per_core_allocation=0)'; 'pad_token': 'std::nullopt'; 'tilized': 'true'},HiFi4,1,110,,,3256494950,3256495431,481,8935952086530,8935952090695,8803,8803,3085,2561,2561,,,,64,2496,1747,1802,113,1853,,,,,,1[1],1[1],1[1],32[32],ROW_MAJOR,UINT32,DEV_0_DRAM_INTERLEAVED,1[1],1[1],131072[131072],128[128],ROW_MAJOR,BFLOAT16,DEV_0_DRAM_INTERLEAVED,1[1],1[1],32[32],128[128],TILE,BFLOAT16,DEV_0_DRAM_INTERLEAVED,,,['ttnn/cpp/ttnn/operations/data_movement/tilize/device/kernels/compute/tilize.cpp'],['tilize/4075551047992850222/'],['ttnn/cpp/ttnn/operations/eltwise/unary/device/kernels/dataflow/writer_unary_interleaved_start_id.cpp'; 'ttnn/cpp/ttnn/operations/embedding/device/kernels/dataflow/embeddings_tilize.cpp'],['writer_unary_interleaved_start_id/17379425957123616916/'; 'embeddings_tilize/14134729056215501798/'],295500034972764725,False,1000,948,1180,784,2020,0,0,0,0,1,1,1,[],[],0.039,,,,,,,481
TransposeDeviceOperation,tt_dnn_device,32771,3,blackhole,{'dim': 'TransposeOpDim::HC'; 'output_mem_config': 'MemoryConfig(memory_layout=TensorMemoryLayout::INTERLEAVED;buffer_type=BufferType::DRAM;shard_spec=std::nullopt;nd_shard_spec=std::nullopt;created_with_nd_shard_spec=0;per_core_allocation=0)'; 'pad_value': '0'},,110,110,,,3256506562,3256506953,391,8935952107332,8935952112617,12919,12919,3915,3320,3320,,,,161,3314,997,,,,,,,,,1[1],1[1],32[32],128[128],TILE,BFLOAT16,DEV_0_DRAM_INTERLEAVED,,,,,,,,1[1],32[32],32[1],128[128],TILE,BFLOAT16,DEV_0_DRAM_INTERLEAVED,,,[],[],['ttnn/cpp/ttnn/operations/data_movement/transpose/device/kernels/dataflow/writer_unary_transpose_hc_interleaved_tiled_padding_aware.cpp'; 'ttnn/cpp/ttnn/operations/data_movement/transpose/device/kernels/dataflow/reader_unary_transpose_hc_interleaved_tiled_padding_aware.cpp'],['writer_unary_transpose_hc_interleaved_tiled_padding_aware/3403485737563375483/'; 'reader_unary_transpose_hc_interleaved_tiled_padding_aware/3278640446294112578/'],14763886275959663257,False,1216,1040,0,0,0,0,0,0,0,1244,1244,476,[6.585208892822266],[210.7266845703125],37.47,,,,,,,391
InterleavedToShardedDeviceOperation,tt_dnn_device,33795,3,blackhole,"{'keep_l1_aligned': 'false'; 'output_dtype': 'DataType::BFLOAT16'; 'output_mem_config': 'MemoryConfig(memory_layout=TensorMemoryLayout::HEIGHT_SHARDED;buffer_type=BufferType::L1;shard_spec=ShardSpec{grid=[{""start"":{""x"":0;""y"":0};""end"":{""x"":0;""y"":0}; {""start"":{""x"":0;""y"":1};""end"":{""x"":0;""y"":1}; {""start"":{""x"":0;""y"":2};""end"":{""x"":0;""y"":2}; {""start"":{""x"":1;""y"":0};""end"":{""x"":1;""y"":0}; {""start"":{""x"":1;""y"":1};""end"":{""x"":1;""y"":1}; {""start"":{""x"":1;""y"":2};""end"":{""x"":1;""y"":2}; {""start"":{""x"":2;""y"":0};""end"":{""x"":2;""y"":0}; {""start"":{""x"":2;""y"":1};""end"":{""x"":2;""y"":1}; {""start"":{""x"":2;""y"":2};""end"":{""x"":2;""y"":2}; {""start"":{""x"":3;""y"":0};""end"":{""x"":3;""y"":0}; {""start"":{""x"":3;""y"":1};""end"":{""x"":3;""y"":1}; {""start"":{""x"":3;""y"":2};""end"":{""x"":3;""y"":2}; {""start"":{""x"":4;""y"":0};""end"":{""x"":4;""y"":0}; {""start"":{""x"":4;""y"":1};""end"":{""x"":4;""y"":1}; {""start"":{""x"":4;""y"":2};""end"":{""x"":4;""y"":2}; {""start"":{""x"":5;""y"":0};""end"":{""x"":5;""y"":0}; {""start"":{""x"":5;""y"":1};""end"":{""x"":5;""y"":1}; {""start"":{""x"":5;""y"":2};""end"":{""x"":5;""y"":2}; {""start"":{""x"":6;""y"":0};""end"":{""x"":6;""y"":0}; {""start"":{""x"":6;""y"":1};""end"":{""x"":6;""y"":1}; {""start"":{""x"":6;""y"":2};""end"":{""x"":6;""y"":2}; {""start"":{""x"":7;""y"":0};""end"":{""x"":7;""y"":0}; {""start"":{""x"":7;""y"":1};""end"":{""x"":7;""y"":1}; {""start"":{""x"":7;""y"":2};""end"":{""x"":7;""y"":2}; {""start"":{""x"":8;""y"":0};""end"":{""x"":8;""y"":0}; {""start"":{""x"":8;""y"":1};""end"":{""x"":8;""y"":1}; {""start"":{""x"":8;""y"":2};""end"":{""x"":8;""y"":2}; {""start"":{""x"":9;""y"":0};""end"":{""x"":9;""y"":0}; {""start"":{""x"":9;""y"":1};""end"":{""x"":9;""y"":1}; {""start"":{""x"":9;""y"":2};""end"":{""x"":9;""y"":2}; {""start"":{""x"":10;""y"":0};""end"":{""x"":10;""y"":0}; {""start"":{""x"":10;""y"":1};""end"":{""x"":10;""y"":1}]; shape=[32; 128]; orientation=ShardOrientation::ROW_MAJOR};nd_shard_spec=std::nullopt;created_with_nd_shard_spec=0;per_core_allocation=0)'}",,32,110,,,3256519206,3256519627,421,8935952121351,8935952124083,7411,7411,2024,1079,1079,,,,164,1078,1056,,,,,,,,,1[1],32[32],32[1],128[128],TILE,BFLOAT16,DEV_0_DRAM_INTERLEAVED,,,,,,,,1[1],32[32],32[1],128[128],TILE,BFLOAT16,DEV_0_L1_HEIGHT_SHARDED,,,[],[],['ttnn/cpp/ttnn/operations/data_movement/sharded/device/kernels/dataflow/writer_unary_sharded.cpp'; 'ttnn/cpp/ttnn/operations/data_movement/sharded/device/kernels/dataflow/reader_unary_sharded_blocks_interleaved_start_id.cpp'],['writer_unary_sharded/2816079715866797849/'; 'reader_unary_sharded_blocks_interleaved_start_id/13575281725531493021/'],3818893462322974683,False,444,876,0,0,0,0,0,0,0,1,1,1,[],[],0.093,,,,,,,421
EmbeddingsDeviceOperation,tt_dnn_device,34819,3,blackhole,{'embeddings_type': 'EmbeddingsType::GENERIC'; 'output_mem_config': 'MemoryConfig(memory_layout=TensorMemoryLayout::INTERLEAVED;buffer_type=BufferType::DRAM;shard_spec=std::nullopt;nd_shard_spec=std::nullopt;created_with_nd_shard_spec=0;per_core_allocation=0)'; 'pad_token': 'std::nullopt'; 'tilized': 'true'},HiFi4,1,110,,,3256528143,3256528674,531,8935952131363,8935952135600,5953,5958,3139,2579,2576,,,,23,2563,1767,1827,116,1905,,,,,,1[1],1[1],1[1],32[32],ROW_MAJOR,UINT32,DEV_0_DRAM_INTERLEAVED,1[1],1[1],131072[131072],128[128],ROW_MAJOR,BFLOAT16,DEV_0_DRAM_INTERLEAVED,1[1],1[1],32[32],128[128],TILE,BFLOAT16,DEV_0_DRAM_INTERLEAVED,,,['ttnn/cpp/ttnn/operations/data_movement/tilize/device/kernels/compute/tilize.cpp'],['tilize/4075551047992850222/'],['ttnn/cpp/ttnn/operations/eltwise/unary/device/kernels/dataflow/writer_unary_interleaved_start_id.cpp'; 'ttnn/cpp/ttnn/operations/embedding/device/kernels/dataflow/embeddings_tilize.cpp'],['writer_unary_interleaved_start_id/17379425957123616916/'; 'embeddings_tilize/14134729056215501798/'],295500034972764725,False,1000,948,1180,784,2020,0,0,0,0,1,1,1,[],[],0.039,,,,,,,531
TransposeDeviceOperation,tt_dnn_device,35843,3,blackhole,{'dim': 'TransposeOpDim::HC'; 'output_mem_config': 'MemoryConfig(memory_layout=TensorMemoryLayout::INTERLEAVED;buffer_type=BufferType::DRAM;shard_spec=std::nullopt;nd_shard_spec=std::nullopt;created_with_nd_shard_spec=0;per_core_allocation=0)'; 'pad_value': '0'},,110,110,,,3256539695,3256540026,331,8935952152146,8935952157430,12864,12864,3914,3310,3310,,,,164,3293,992,,,,,,,,,1[1],1[1],32[32],128[128],TILE,BFLOAT16,DEV_0_DRAM_INTERLEAVED,,,,,,,,1[1],32[32],32[1],128[128],TILE,BFLOAT16,DEV_0_DRAM_INTERLEAVED,,,[],[],['ttnn/cpp/ttnn/operations/data_movement/transpose/device/kernels/dataflow/writer_unary_transpose_hc_interleaved_tiled_padding_aware.cpp'; 'ttnn/cpp/ttnn/operations/data_movement/transpose/device/kernels/dataflow/reader_unary_transpose_hc_interleaved_tiled_padding_aware.cpp'],['writer_unary_transpose_hc_interleaved_tiled_padding_aware/3403485737563375483/'; 'reader_unary_transpose_hc_interleaved_tiled_padding_aware/3278640446294112578/'],14763886275959663257,False,1216,1040,0,0,0,0,0,0,0,1244,1244,476,[6.585208892822266],[210.7266845703125],37.583,,,,,,,331
InterleavedToShardedDeviceOperation,tt_dnn_device,36867,3,blackhole,"{'keep_l1_aligned': 'false'; 'output_dtype': 'DataType::BFLOAT16'; 'output_mem_config': 'MemoryConfig(memory_layout=TensorMemoryLayout::HEIGHT_SHARDED;buffer_type=BufferType::L1;shard_spec=ShardSpec{grid=[{""start"":{""x"":0;""y"":0};""end"":{""x"":0;""y"":0}; {""start"":{""x"":0;""y"":1};""end"":{""x"":0;""y"":1}; {""start"":{""x"":0;""y"":2};""end"":{""x"":0;""y"":2}; {""start"":{""x"":1;""y"":0};""end"":{""x"":1;""y"":0}; {""start"":{""x"":1;""y"":1};""end"":{""x"":1;""y"":1}; {""start"":{""x"":1;""y"":2};""end"":{""x"":1;""y"":2}; {""start"":{""x"":2;""y"":0};""end"":{""x"":2;""y"":0}; {""start"":{""x"":2;""y"":1};""end"":{""x"":2;""y"":1}; {""start"":{""x"":2;""y"":2};""end"":{""x"":2;""y"":2}; {""start"":{""x"":3;""y"":0};""end"":{""x"":3;""y"":0}; {""start"":{""x"":3;""y"":1};""end"":{""x"":3;""y"":1}; {""start"":{""x"":3;""y"":2};""end"":{""x"":3;""y"":2}; {""start"":{""x"":4;""y"":0};""end"":{""x"":4;""y"":0}; {""start"":{""x"":4;""y"":1};""end"":{""x"":4;""y"":1}; {""start"":{""x"":4;""y"":2};""end"":{""x"":4;""y"":2}; {""start"":{""x"":5;""y"":0};""end"":{""x"":5;""y"":0}; {""start"":{""x"":5;""y"":1};""end"":{""x"":5;""y"":1}; {""start"":{""x"":5;""y"":2};""end"":{""x"":5;""y"":2}; {""start"":{""x"":6;""y"":0};""end"":{""x"":6;""y"":0}; {""start"":{""x"":6;""y"":1};""end"":{""x"":6;""y"":1}; {""start"":{""x"":6;""y"":2};""end"":{""x"":6;""y"":2}; {""start"":{""x"":7;""y"":0};""end"":{""x"":7;""y"":0}; {""start"":{""x"":7;""y"":1};""end"":{""x"":7;""y"":1}; {""start"":{""x"":7;""y"":2};""end"":{""x"":7;""y"":2}; {""start"":{""x"":8;""y"":0};""end"":{""x"":8;""y"":0}; {""start"":{""x"":8;""y"":1};""end"":{""x"":8;""y"":1}; {""start"":{""x"":8;""y"":2};""end"":{""x"":8;""y"":2}; {""start"":{""x"":9;""y"":0};""end"":{""x"":9;""y"":0}; {""start"":{""x"":9;""y"":1};""end"":{""x"":9;""y"":1}; {""start"":{""x"":9;""y"":2};""end"":{""x"":9;""y"":2}; {""start"":{""x"":10;""y"":0};""end"":{""x"":10;""y"":0}; {""start"":{""x"":10;""y"":1};""end"":{""x"":10;""y"":1}]; shape=[32; 128]; orientation=ShardOrientation::ROW_MAJOR};nd_shard_spec=std::nullopt;created_with_nd_shard_spec=0;per_core_allocation=0)'}",,32,110,,,3256552129,3256552530,401,8935952165931,8935952168807,7229,7229,2130,1177,1177,,,,163,1177,1153,,,,,,,,,1[1],32[32],32[1],128[128],TILE,BFLOAT16,DEV_0_DRAM_INTERLEAVED,,,,,,,,1[1],32[32],32[1],128[128],TILE,BFLOAT16,DEV_0_L1_HEIGHT_SHARDED,,,[],[],['ttnn/cpp/ttnn/operations/data_movement/sharded/device/kernels/dataflow/writer_unary_sharded.cpp'; 'ttnn/cpp/ttnn/operations/data_movement/sharded/device/kernels/dataflow/reader_unary_sharded_blocks_interleaved_start_id.cpp'],['writer_unary_sharded/2816079715866797849/'; 'reader_unary_sharded_blocks_interleaved_start_id/13575281725531493021/'],3818893462322974683,False,444,876,0,0,0,0,0,0,0,1,1,1,[],[],0.085,,,,,,,401
EmbeddingsDeviceOperation,tt_dnn_device,37891,3,blackhole,{'embeddings_type': 'EmbeddingsType::GENERIC'; 'output_mem_config': 'MemoryConfig(memory_layout=TensorMemoryLayout::INTERLEAVED;buffer_type=BufferType::DRAM;shard_spec=std::nullopt;nd_shard_spec=std::nullopt;created_with_nd_shard_spec=0;per_core_allocation=0)'; 'pad_token': 'std::nullopt'; 'tilized': 'true'},HiFi4,1,110,,,3256563270,3256563671,401,8935952178809,8935952183071,7974,8005,3157,2616,2587,,,,58,2559,1761,1864,114,1915,,,,,,1[1],1[1],1[1],32[32],ROW_MAJOR,UINT32,DEV_0_DRAM_INTERLEAVED,1[1],1[1],131072[131072],128[128],ROW_MAJOR,BFLOAT16,DEV_0_DRAM_INTERLEAVED,1[1],1[1],32[32],128[128],TILE,BFLOAT16,DEV_0_DRAM_INTERLEAVED,,,['ttnn/cpp/ttnn/operations/data_movement/tilize/device/kernels/compute/tilize.cpp'],['tilize/4075551047992850222/'],['ttnn/cpp/ttnn/operations/eltwise/unary/device/kernels/dataflow/writer_unary_interleaved_start_id.cpp'; 'ttnn/cpp/ttnn/operations/embedding/device/kernels/dataflow/embeddings_tilize.cpp'],['writer_unary_interleaved_start_id/17379425957123616916/'; 'embeddings_tilize/14134729056215501798/'],295500034972764725,False,1000,948,1180,784,2020,0,0,0,0,1,1,1,[],[],0.038,,,,,,,401
TransposeDeviceOperation,tt_dnn_device,38915,3,blackhole,{'dim': 'TransposeOpDim::HC'; 'output_mem_config': 'MemoryConfig(memory_layout=TensorMemoryLayout::INTERLEAVED;buffer_type=BufferType::DRAM;shard_spec=std::nullopt;nd_shard_spec=std::nullopt;created_with_nd_shard_spec=0;per_core_allocation=0)'; 'pad_value': '0'},,110,110,,,3256574391,3256574872,481,8935952198997,8935952204282,12383,12383,3915,3325,3325,,,,167,3310,1002,,,,,,,,,1[1],1[1],32[32],128[128],TILE,BFLOAT16,DEV_0_DRAM_INTERLEAVED,,,,,,,,1[1],32[32],32[1],128[128],TILE,BFLOAT16,DEV_0_DRAM_INTERLEAVED,,,[],[],['ttnn/cpp/ttnn/operations/data_movement/transpose/device/kernels/dataflow/writer_unary_transpose_hc_interleaved_tiled_padding_aware.cpp'; 'ttnn/cpp/ttnn/operations/data_movement/transpose/device/kernels/dataflow/reader_unary_transpose_hc_interleaved_tiled_padding_aware.cpp'],['writer_unary_transpose_hc_interleaved_tiled_padding_aware/3403485737563375483/'; 'reader_unary_transpose_hc_interleaved_tiled_padding_aware/3278640446294112578/'],14763886275959663257,False,1216,1040,0,0,0,0,0,0,0,1244,1244,476,[6.585208892822266],[210.7266845703125],37.414,,,,,,,481
InterleavedToShardedDeviceOperation,tt_dnn_device,39939,3,blackhole,"{'keep_l1_aligned': 'false'; 'output_dtype': 'DataType::BFLOAT16'; 'output_mem_config': 'MemoryConfig(memory_layout=TensorMemoryLayout::HEIGHT_SHARDED;buffer_type=BufferType::L1;shard_spec=ShardSpec{grid=[{""start"":{""x"":0;""y"":0};""end"":{""x"":0;""y"":0}; {""start"":{""x"":0;""y"":1};""end"":{""x"":0;""y"":1}; {""start"":{""x"":0;""y"":2};""end"":{""x"":0;""y"":2}; {""start"":{""x"":1;""y"":0};""end"":{""x"":1;""y"":0}; {""start"":{""x"":1;""y"":1};""end"":{""x"":1;""y"":1}; {""start"":{""x"":1;""y"":2};""end"":{""x"":1;""y"":2}; {""start"":{""x"":2;""y"":0};""end"":{""x"":2;""y"":0}; {""start"":{""x"":2;""y"":1};""end"":{""x"":2;""y"":1}; {""start"":{""x"":2;""y"":2};""end"":{""x"":2;""y"":2}; {""start"":{""x"":3;""y"":0};""end"":{""x"":3;""y"":0}; {""start"":{""x"":3;""y"":1};""end"":{""x"":3;""y"":1}; {""start"":{""x"":3;""y"":2};""end"":{""x"":3;""y"":2}; {""start"":{""x"":4;""y"":0};""end"":{""x"":4;""y"":0}; {""start"":{""x"":4;""y"":1};""end"":{""x"":4;""y"":1}; {""start"":{""x"":4;""y"":2};""end"":{""x"":4;""y"":2}; {""start"":{""x"":5;""y"":0};""end"":{""x"":5;""y"":0}; {""start"":{""x"":5;""y"":1};""end"":{""x"":5;""y"":1}; {""start"":{""x"":5;""y"":2};""end"":{""x"":5;""y"":2}; {""start"":{""x"":6;""y"":0};""end"":{""x"":6;""y"":0}; {""start"":{""x"":6;""y"":1};""end"":{""x"":6;""y"":1}; {""start"":{""x"":6;""y"":2};""end"":{""x"":6;""y"":2}; {""start"":{""x"":7;""y"":0};""end"":{""x"":7;""y"":0}; {""start"":{""x"":7;""y"":1};""end"":{""x"":7;""y"":1}; {""start"":{""x"":7;""y"":2};""end"":{""x"":7;""y"":2}; {""start"":{""x"":8;""y"":0};""end"":{""x"":8;""y"":0}; {""start"":{""x"":8;""y"":1};""end"":{""x"":8;""y"":1}; {""start"":{""x"":8;""y"":2};""end"":{""x"":8;""y"":2}; {""start"":{""x"":9;""y"":0};""end"":{""x"":9;""y"":0}; {""start"":{""x"":9;""y"":1};""end"":{""x"":9;""y"":1}; {""start"":{""x"":9;""y"":2};""end"":{""x"":9;""y"":2}; {""start"":{""x"":10;""y"":0};""end"":{""x"":10;""y"":0}; {""start"":{""x"":10;""y"":1};""end"":{""x"":10;""y"":1}]; shape=[32; 128]; orientation=ShardOrientation::ROW_MAJOR};nd_shard_spec=std::nullopt;created_with_nd_shard_spec=0;per_core_allocation=0)'}",,32,110,,,3256586795,3256587176,381,8935952212797,8935952215537,7240,7240,2030,1089,1089,,,,167,1087,1059,,,,,,,,,1[1],32[32],32[1],128[128],TILE,BFLOAT16,DEV_0_DRAM_INTERLEAVED,,,,,,,,1[1],32[32],32[1],128[128],TILE,BFLOAT16,DEV_0_L1_HEIGHT_SHARDED,,,[],[],['ttnn/cpp/ttnn/operations/data_movement/sharded/device/kernels/dataflow/writer_unary_sharded.cpp'; 'ttnn/cpp/ttnn/operations/data_movement/sharded/device/kernels/dataflow/reader_unary_sharded_blocks_interleaved_start_id.cpp'],['writer_unary_sharded/2816079715866797849/'; 'reader_unary_sharded_blocks_interleaved_start_id/13575281725531493021/'],3818893462322974683,False,444,876,0,0,0,0,0,0,0,1,1,1,[],[],0.092,,,,,,,381
EmbeddingsDeviceOperation,tt_dnn_device,40963,3,blackhole,{'embeddings_type': 'EmbeddingsType::GENERIC'; 'output_mem_config': 'MemoryConfig(memory_layout=TensorMemoryLayout::INTERLEAVED;buffer_type=BufferType::DRAM;shard_spec=std::nullopt;nd_shard_spec=std::nullopt;created_with_nd_shard_spec=0;per_core_allocation=0)'; 'pad_token': 'std::nullopt'; 'tilized': 'true'},HiFi4,1,110,,,3256598638,3256599089,451,8935952222873,8935952226991,5963,5963,3050,2536,2536,,,,80,2456,1728,1742,117,1820,,,,,,1[1],1[1],1[1],32[32],ROW_MAJOR,UINT32,DEV_0_DRAM_INTERLEAVED,1[1],1[1],131072[131072],128[128],ROW_MAJOR,BFLOAT16,DEV_0_DRAM_INTERLEAVED,1[1],1[1],32[32],128[128],TILE,BFLOAT16,DEV_0_DRAM_INTERLEAVED,,,['ttnn/cpp/ttnn/operations/data_movement/tilize/device/kernels/compute/tilize.cpp'],['tilize/4075551047992850222/'],['ttnn/cpp/ttnn/operations/eltwise/unary/device/kernels/dataflow/writer_unary_interleaved_start_id.cpp'; 'ttnn/cpp/ttnn/operations/embedding/device/kernels/dataflow/embeddings_tilize.cpp'],['writer_unary_interleaved_start_id/17379425957123616916/'; 'embeddings_tilize/14134729056215501798/'],295500034972764725,False,1000,948,1180,784,2020,0,0,0,0,1,1,1,[],[],0.039,,,,,,,451
TransposeDeviceOperation,tt_dnn_device,41987,3,blackhole,{'dim': 'TransposeOpDim::HC'; 'output_mem_config': 'MemoryConfig(memory_layout=TensorMemoryLayout::INTERLEAVED;buffer_type=BufferType::DRAM;shard_spec=std::nullopt;nd_shard_spec=std::nullopt;created_with_nd_shard_spec=0;per_core_allocation=0)'; 'pad_value': '0'},,110,110,,,3256610711,3256611081,370,8935952247971,8935952253240,16133,16133,3903,3301,3301,,,,163,3292,994,,,,,,,,,1[1],1[1],32[32],128[128],TILE,BFLOAT16,DEV_0_DRAM_INTERLEAVED,,,,,,,,1[1],32[32],32[1],128[128],TILE,BFLOAT16,DEV_0_DRAM_INTERLEAVED,,,[],[],['ttnn/cpp/ttnn/operations/data_movement/transpose/device/kernels/dataflow/writer_unary_transpose_hc_interleaved_tiled_padding_aware.cpp'; 'ttnn/cpp/ttnn/operations/data_movement/transpose/device/kernels/dataflow/reader_unary_transpose_hc_interleaved_tiled_padding_aware.cpp'],['writer_unary_transpose_hc_interleaved_tiled_padding_aware/3403485737563375483/'; 'reader_unary_transpose_hc_interleaved_tiled_padding_aware/3278640446294112578/'],14763886275959663257,False,1216,1040,0,0,0,0,0,0,0,1244,1244,476,[6.585208892822266],[210.7266845703125],37.686,,,,,,,370
InterleavedToShardedDeviceOperation,tt_dnn_device,43011,3,blackhole,"{'keep_l1_aligned': 'false'; 'output_dtype': 'DataType::BFLOAT16'; 'output_mem_config': 'MemoryConfig(memory_layout=TensorMemoryLayout::HEIGHT_SHARDED;buffer_type=BufferType::L1;shard_spec=ShardSpec{grid=[{""start"":{""x"":0;""y"":0};""end"":{""x"":0;""y"":0}; {""start"":{""x"":0;""y"":1};""end"":{""x"":0;""y"":1}; {""start"":{""x"":0;""y"":2};""end"":{""x"":0;""y"":2}; {""start"":{""x"":1;""y"":0};""end"":{""x"":1;""y"":0}; {""start"":{""x"":1;""y"":1};""end"":{""x"":1;""y"":1}; {""start"":{""x"":1;""y"":2};""end"":{""x"":1;""y"":2}; {""start"":{""x"":2;""y"":0};""end"":{""x"":2;""y"":0}; {""start"":{""x"":2;""y"":1};""end"":{""x"":2;""y"":1}; {""start"":{""x"":2;""y"":2};""end"":{""x"":2;""y"":2}; {""start"":{""x"":3;""y"":0};""end"":{""x"":3;""y"":0}; {""start"":{""x"":3;""y"":1};""end"":{""x"":3;""y"":1}; {""start"":{""x"":3;""y"":2};""end"":{""x"":3;""y"":2}; {""start"":{""x"":4;""y"":0};""end"":{""x"":4;""y"":0}; {""start"":{""x"":4;""y"":1};""end"":{""x"":4;""y"":1}; {""start"":{""x"":4;""y"":2};""end"":{""x"":4;""y"":2}; {""start"":{""x"":5;""y"":0};""end"":{""x"":5;""y"":0}; {""start"":{""x"":5;""y"":1};""end"":{""x"":5;""y"":1}; {""start"":{""x"":5;""y"":2};""end"":{""x"":5;""y"":2}; {""start"":{""x"":6;""y"":0};""end"":{""x"":6;""y"":0}; {""start"":{""x"":6;""y"":1};""end"":{""x"":6;""y"":1}; {""start"":{""x"":6;""y"":2};""end"":{""x"":6;""y"":2}; {""start"":{""x"":7;""y"":0};""end"":{""x"":7;""y"":0}; {""start"":{""x"":7;""y"":1};""end"":{""x"":7;""y"":1}; {""start"":{""x"":7;""y"":2};""end"":{""x"":7;""y"":2}; {""start"":{""x"":8;""y"":0};""end"":{""x"":8;""y"":0}; {""start"":{""x"":8;""y"":1};""end"":{""x"":8;""y"":1}; {""start"":{""x"":8;""y"":2};""end"":{""x"":8;""y"":2}; {""start"":{""x"":9;""y"":0};""end"":{""x"":9;""y"":0}; {""start"":{""x"":9;""y"":1};""end"":{""x"":9;""y"":1}; {""start"":{""x"":9;""y"":2};""end"":{""x"":9;""y"":2}; {""start"":{""x"":10;""y"":0};""end"":{""x"":10;""y"":0}; {""start"":{""x"":10;""y"":1};""end"":{""x"":10;""y"":1}]; shape=[32; 128]; orientation=ShardOrientation::ROW_MAJOR};nd_shard_spec=std::nullopt;created_with_nd_shard_spec=0;per_core_allocation=0)'}",,32,110,,,3256623485,3256623966,481,8935952262329,8935952265097,7656,7656,2050,1127,1127,,,,162,1119,1094,,,,,,,,,1[1],32[32],32[1],128[128],TILE,BFLOAT16,DEV_0_DRAM_INTERLEAVED,,,,,,,,1[1],32[32],32[1],128[128],TILE,BFLOAT16,DEV_0_L1_HEIGHT_SHARDED,,,[],[],['ttnn/cpp/ttnn/operations/data_movement/sharded/device/kernels/dataflow/writer_unary_sharded.cpp'; 'ttnn/cpp/ttnn/operations/data_movement/sharded/device/kernels/dataflow/reader_unary_sharded_blocks_interleaved_start_id.cpp'],['writer_unary_sharded/2816079715866797849/'; 'reader_unary_sharded_blocks_interleaved_start_id/13575281725531493021/'],3818893462322974683,False,444,876,0,0,0,0,0,0,0,1,1,1,[],[],0.089,,,,,,,481
EmbeddingsDeviceOperation,tt_dnn_device,44035,3,blackhole,{'embeddings_type': 'EmbeddingsType::GENERIC'; 'output_mem_config': 'MemoryConfig(memory_layout=TensorMemoryLayout::INTERLEAVED;buffer_type=BufferType::DRAM;shard_spec=std::nullopt;nd_shard_spec=std::nullopt;created_with_nd_shard_spec=0;per_core_allocation=0)'; 'pad_token': 'std::nullopt'; 'tilized': 'true'},HiFi4,1,110,,,3256634857,3256635258,401,8935952275461,8935952279577,8209,8214,3049,2520,2513,,,,56,2464,1733,1777,116,1852,,,,,,1[1],1[1],1[1],32[32],ROW_MAJOR,UINT32,DEV_0_DRAM_INTERLEAVED,1[1],1[1],131072[131072],128[128],ROW_MAJOR,BFLOAT16,DEV_0_DRAM_INTERLEAVED,1[1],1[1],32[32],128[128],TILE,BFLOAT16,DEV_0_DRAM_INTERLEAVED,,,['ttnn/cpp/ttnn/operations/data_movement/tilize/device/kernels/compute/tilize.cpp'],['tilize/4075551047992850222/'],['ttnn/cpp/ttnn/operations/eltwise/unary/device/kernels/dataflow/writer_unary_interleaved_start_id.cpp'; 'ttnn/cpp/ttnn/operations/embedding/device/kernels/dataflow/embeddings_tilize.cpp'],['writer_unary_interleaved_start_id/17379425957123616916/'; 'embeddings_tilize/14134729056215501798/'],295500034972764725,False,1000,948,1180,784,2020,0,0,0,0,1,1,1,[],[],0.04,,,,,,,401
TransposeDeviceOperation,tt_dnn_device,45059,3,blackhole,{'dim': 'TransposeOpDim::HC'; 'output_mem_config': 'MemoryConfig(memory_layout=TensorMemoryLayout::INTERLEAVED;buffer_type=BufferType::DRAM;shard_spec=std::nullopt;nd_shard_spec=std::nullopt;created_with_nd_shard_spec=0;per_core_allocation=0)'; 'pad_value': '0'},,110,110,,,3256646038,3256646379,341,8935952295707,8935952300939,12535,12535,3876,3287,3287,,,,164,3284,986,,,,,,,,,1[1],1[1],32[32],128[128],TILE,BFLOAT16,DEV_0_DRAM_INTERLEAVED,,,,,,,,1[1],32[32],32[1],128[128],TILE,BFLOAT16,DEV_0_DRAM_INTERLEAVED,,,[],[],['ttnn/cpp/ttnn/operations/data_movement/transpose/device/kernels/dataflow/writer_unary_transpose_hc_interleaved_tiled_padding_aware.cpp'; 'ttnn/cpp/ttnn/operations/data_movement/transpose/device/kernels/dataflow/reader_unary_transpose_hc_interleaved_tiled_padding_aware.cpp'],['writer_unary_transpose_hc_interleaved_tiled_padding_aware/3403485737563375483/'; 'reader_unary_transpose_hc_interleaved_tiled_padding_aware/3278640446294112578/'],14763886275959663257,False,1216,1040,0,0,0,0,0,0,0,1244,1244,476,[6.585208892822266],[210.7266845703125],37.846,,,,,,,341
InterleavedToShardedDeviceOperation,tt_dnn_device,46083,3,blackhole,"{'keep_l1_aligned': 'false'; 'output_dtype': 'DataType::BFLOAT16'; 'output_mem_config': 'MemoryConfig(memory_layout=TensorMemoryLayout::HEIGHT_SHARDED;buffer_type=BufferType::L1;shard_spec=ShardSpec{grid=[{""start"":{""x"":0;""y"":0};""end"":{""x"":0;""y"":0}; {""start"":{""x"":0;""y"":1};""end"":{""x"":0;""y"":1}; {""start"":{""x"":0;""y"":2};""end"":{""x"":0;""y"":2}; {""start"":{""x"":1;""y"":0};""end"":{""x"":1;""y"":0}; {""start"":{""x"":1;""y"":1};""end"":{""x"":1;""y"":1}; {""start"":{""x"":1;""y"":2};""end"":{""x"":1;""y"":2}; {""start"":{""x"":2;""y"":0};""end"":{""x"":2;""y"":0}; {""start"":{""x"":2;""y"":1};""end"":{""x"":2;""y"":1}; {""start"":{""x"":2;""y"":2};""end"":{""x"":2;""y"":2}; {""start"":{""x"":3;""y"":0};""end"":{""x"":3;""y"":0}; {""start"":{""x"":3;""y"":1};""end"":{""x"":3;""y"":1}; {""start"":{""x"":3;""y"":2};""end"":{""x"":3;""y"":2}; {""start"":{""x"":4;""y"":0};""end"":{""x"":4;""y"":0}; {""start"":{""x"":4;""y"":1};""end"":{""x"":4;""y"":1}; {""start"":{""x"":4;""y"":2};""end"":{""x"":4;""y"":2}; {""start"":{""x"":5;""y"":0};""end"":{""x"":5;""y"":0}; {""start"":{""x"":5;""y"":1};""end"":{""x"":5;""y"":1}; {""start"":{""x"":5;""y"":2};""end"":{""x"":5;""y"":2}; {""start"":{""x"":6;""y"":0};""end"":{""x"":6;""y"":0}; {""start"":{""x"":6;""y"":1};""end"":{""x"":6;""y"":1}; {""start"":{""x"":6;""y"":2};""end"":{""x"":6;""y"":2}; {""start"":{""x"":7;""y"":0};""end"":{""x"":7;""y"":0}; {""start"":{""x"":7;""y"":1};""end"":{""x"":7;""y"":1}; {""start"":{""x"":7;""y"":2};""end"":{""x"":7;""y"":2}; {""start"":{""x"":8;""y"":0};""end"":{""x"":8;""y"":0}; {""start"":{""x"":8;""y"":1};""end"":{""x"":8;""y"":1}; {""start"":{""x"":8;""y"":2};""end"":{""x"":8;""y"":2}; {""start"":{""x"":9;""y"":0};""end"":{""x"":9;""y"":0}; {""start"":{""x"":9;""y"":1};""end"":{""x"":9;""y"":1}; {""start"":{""x"":9;""y"":2};""end"":{""x"":9;""y"":2}; {""start"":{""x"":10;""y"":0};""end"":{""x"":10;""y"":0}; {""start"":{""x"":10;""y"":1};""end"":{""x"":10;""y"":1}]; shape=[32; 128]; orientation=ShardOrientation::ROW_MAJOR};nd_shard_spec=std::nullopt;created_with_nd_shard_spec=0;per_core_allocation=0)'}",,32,110,,,3256658231,3256659524,1293,8935952309260,8935952312027,7079,7079,2050,1138,1138,,,,167,1138,1101,,,,,,,,,1[1],32[32],32[1],128[128],TILE,BFLOAT16,DEV_0_DRAM_INTERLEAVED,,,,,,,,1[1],32[32],32[1],128[128],TILE,BFLOAT16,DEV_0_L1_HEIGHT_SHARDED,,,[],[],['ttnn/cpp/ttnn/operations/data_movement/sharded/device/kernels/dataflow/writer_unary_sharded.cpp'; 'ttnn/cpp/ttnn/operations/data_movement/sharded/device/kernels/dataflow/reader_unary_sharded_blocks_interleaved_start_id.cpp'],['writer_unary_sharded/2816079715866797849/'; 'reader_unary_sharded_blocks_interleaved_start_id/13575281725531493021/'],3818893462322974683,False,444,876,0,0,0,0,0,0,0,1,1,1,[],[],0.088,,,,,,,1293
EmbeddingsDeviceOperation,tt_dnn_device,47107,3,blackhole,{'embeddings_type': 'EmbeddingsType::GENERIC'; 'output_mem_config': 'MemoryConfig(memory_layout=TensorMemoryLayout::INTERLEAVED;buffer_type=BufferType::DRAM;shard_spec=std::nullopt;nd_shard_spec=std::nullopt;created_with_nd_shard_spec=0;per_core_allocation=0)'; 'pad_token': 'std::nullopt'; 'tilized': 'true'},HiFi4,1,110,,,3256668060,3256668561,501,8935952320322,8935952324442,6665,6665,3052,2534,2533,,,,55,2479,1741,1767,116,1840,,,,,,1[1],1[1],1[1],32[32],ROW_MAJOR,UINT32,DEV_0_DRAM_INTERLEAVED,1[1],1[1],131072[131072],128[128],ROW_MAJOR,BFLOAT16,DEV_0_DRAM_INTERLEAVED,1[1],1[1],32[32],128[128],TILE,BFLOAT16,DEV_0_DRAM_INTERLEAVED,,,['ttnn/cpp/ttnn/operations/data_movement/tilize/device/kernels/compute/tilize.cpp'],['tilize/4075551047992850222/'],['ttnn/cpp/ttnn/operations/eltwise/unary/device/kernels/dataflow/writer_unary_interleaved_start_id.cpp'; 'ttnn/cpp/ttnn/operations/embedding/device/kernels/dataflow/embeddings_tilize.cpp'],['writer_unary_interleaved_start_id/17379425957123616916/'; 'embeddings_tilize/14134729056215501798/'],295500034972764725,False,1000,948,1180,784,2020,0,0,0,0,1,1,1,[],[],0.039,,,,,,,501
TransposeDeviceOperation,tt_dnn_device,48131,3,blackhole,{'dim': 'TransposeOpDim::HC'; 'output_mem_config': 'MemoryConfig(memory_layout=TensorMemoryLayout::INTERLEAVED;buffer_type=BufferType::DRAM;shard_spec=std::nullopt;nd_shard_spec=std::nullopt;created_with_nd_shard_spec=0;per_core_allocation=0)'; 'pad_value': '0'},,110,110,,,3256679582,3256679923,341,8935952341035,8935952346293,12875,12875,3895,3304,3304,,,,162,3304,1011,,,,,,,,,1[1],1[1],32[32],128[128],TILE,BFLOAT16,DEV_0_DRAM_INTERLEAVED,,,,,,,,1[1],32[32],32[1],128[128],TILE,BFLOAT16,DEV_0_DRAM_INTERLEAVED,,,[],[],['ttnn/cpp/ttnn/operations/data_movement/transpose/device/kernels/dataflow/writer_unary_transpose_hc_interleaved_tiled_padding_aware.cpp'; 'ttnn/cpp/ttnn/operations/data_movement/transpose/device/kernels/dataflow/reader_unary_transpose_hc_interleaved_tiled_padding_aware.cpp'],['writer_unary_transpose_hc_interleaved_tiled_padding_aware/3403485737563375483/'; 'reader_unary_transpose_hc_interleaved_tiled_padding_aware/3278640446294112578/'],14763886275959663257,False,1216,1040,0,0,0,0,0,0,0,1244,1244,476,[6.585208892822266],[210.7266845703125],37.651,,,,,,,341
InterleavedToShardedDeviceOperation,tt_dnn_device,49155,3,blackhole,"{'keep_l1_aligned': 'false'; 'output_dtype': 'DataType::BFLOAT16'; 'output_mem_config': 'MemoryConfig(memory_layout=TensorMemoryLayout::HEIGHT_SHARDED;buffer_type=BufferType::L1;shard_spec=ShardSpec{grid=[{""start"":{""x"":0;""y"":0};""end"":{""x"":0;""y"":0}; {""start"":{""x"":0;""y"":1};""end"":{""x"":0;""y"":1}; {""start"":{""x"":0;""y"":2};""end"":{""x"":0;""y"":2}; {""start"":{""x"":1;""y"":0};""end"":{""x"":1;""y"":0}; {""start"":{""x"":1;""y"":1};""end"":{""x"":1;""y"":1}; {""start"":{""x"":1;""y"":2};""end"":{""x"":1;""y"":2}; {""start"":{""x"":2;""y"":0};""end"":{""x"":2;""y"":0}; {""start"":{""x"":2;""y"":1};""end"":{""x"":2;""y"":1}; {""start"":{""x"":2;""y"":2};""end"":{""x"":2;""y"":2}; {""start"":{""x"":3;""y"":0};""end"":{""x"":3;""y"":0}; {""start"":{""x"":3;""y"":1};""end"":{""x"":3;""y"":1}; {""start"":{""x"":3;""y"":2};""end"":{""x"":3;""y"":2}; {""start"":{""x"":4;""y"":0};""end"":{""x"":4;""y"":0}; {""start"":{""x"":4;""y"":1};""end"":{""x"":4;""y"":1}; {""start"":{""x"":4;""y"":2};""end"":{""x"":4;""y"":2}; {""start"":{""x"":5;""y"":0};""end"":{""x"":5;""y"":0}; {""start"":{""x"":5;""y"":1};""end"":{""x"":5;""y"":1}; {""start"":{""x"":5;""y"":2};""end"":{""x"":5;""y"":2}; {""start"":{""x"":6;""y"":0};""end"":{""x"":6;""y"":0}; {""start"":{""x"":6;""y"":1};""end"":{""x"":6;""y"":1}; {""start"":{""x"":6;""y"":2};""end"":{""x"":6;""y"":2}; {""start"":{""x"":7;""y"":0};""end"":{""x"":7;""y"":0}; {""start"":{""x"":7;""y"":1};""end"":{""x"":7;""y"":1}; {""start"":{""x"":7;""y"":2};""end"":{""x"":7;""y"":2}; {""start"":{""x"":8;""y"":0};""end"":{""x"":8;""y"":0}; {""start"":{""x"":8;""y"":1};""end"":{""x"":8;""y"":1}; {""start"":{""x"":8;""y"":2};""end"":{""x"":8;""y"":2}; {""start"":{""x"":9;""y"":0};""end"":{""x"":9;""y"":0}; {""start"":{""x"":9;""y"":1};""end"":{""x"":9;""y"":1}; {""start"":{""x"":9;""y"":2};""end"":{""x"":9;""y"":2}; {""start"":{""x"":10;""y"":0};""end"":{""x"":10;""y"":0}; {""start"":{""x"":10;""y"":1};""end"":{""x"":10;""y"":1}]; shape=[32; 128]; orientation=ShardOrientation::ROW_MAJOR};nd_shard_spec=std::nullopt;created_with_nd_shard_spec=0;per_core_allocation=0)'}",,32,110,,,3256691906,3256692296,390,8935952354694,8935952357464,7157,7157,2052,1116,1116,,,,163,1116,1088,,,,,,,,,1[1],32[32],32[1],128[128],TILE,BFLOAT16,DEV_0_DRAM_INTERLEAVED,,,,,,,,1[1],32[32],32[1],128[128],TILE,BFLOAT16,DEV_0_L1_HEIGHT_SHARDED,,,[],[],['ttnn/cpp/ttnn/operations/data_movement/sharded/device/kernels/dataflow/writer_unary_sharded.cpp'; 'ttnn/cpp/ttnn/operations/data_movement/sharded/device/kernels/dataflow/reader_unary_sharded_blocks_interleaved_start_id.cpp'],['writer_unary_sharded/2816079715866797849/'; 'reader_unary_sharded_blocks_interleaved_start_id/13575281725531493021/'],3818893462322974683,False,444,876,0,0,0,0,0,0,0,1,1,1,[],[],0.09,,,,,,,390
EmbeddingsDeviceOperation,tt_dnn_device,50179,3,blackhole,{'embeddings_type': 'EmbeddingsType::GENERIC'; 'output_mem_config': 'MemoryConfig(memory_layout=TensorMemoryLayout::INTERLEAVED;buffer_type=BufferType::DRAM;shard_spec=std::nullopt;nd_shard_spec=std::nullopt;created_with_nd_shard_spec=0;per_core_allocation=0)'; 'pad_token': 'std::nullopt'; 'tilized': 'true'},HiFi4,1,110,,,3256703177,3256704389,1212,8935952367715,8935952371907,8142,8142,3105,2556,2556,,,,44,2512,1760,1804,114,1893,,,,,,1[1],1[1],1[1],32[32],ROW_MAJOR,UINT32,DEV_0_DRAM_INTERLEAVED,1[1],1[1],131072[131072],128[128],ROW_MAJOR,BFLOAT16,DEV_0_DRAM_INTERLEAVED,1[1],1[1],32[32],128[128],TILE,BFLOAT16,DEV_0_DRAM_INTERLEAVED,,,['ttnn/cpp/ttnn/operations/data_movement/tilize/device/kernels/compute/tilize.cpp'],['tilize/4075551047992850222/'],['ttnn/cpp/ttnn/operations/eltwise/unary/device/kernels/dataflow/writer_unary_interleaved_start_id.cpp'; 'ttnn/cpp/ttnn/operations/embedding/device/kernels/dataflow/embeddings_tilize.cpp'],['writer_unary_interleaved_start_id/17379425957123616916/'; 'embeddings_tilize/14134729056215501798/'],295500034972764725,False,1000,948,1180,784,2020,0,0,0,0,1,1,1,[],[],0.039,,,,,,,1212
TransposeDeviceOperation,tt_dnn_device,51203,3,blackhole,{'dim': 'TransposeOpDim::HC'; 'output_mem_config': 'MemoryConfig(memory_layout=TensorMemoryLayout::INTERLEAVED;buffer_type=BufferType::DRAM;shard_spec=std::nullopt;nd_shard_spec=std::nullopt;created_with_nd_shard_spec=0;per_core_allocation=0)'; 'pad_value': '0'},,110,110,,,3256715060,3256715911,851,8935952388839,8935952394095,13148,13148,3893,3285,3285,,,,162,3276,968,,,,,,,,,1[1],1[1],32[32],128[128],TILE,BFLOAT16,DEV_0_DRAM_INTERLEAVED,,,,,,,,1[1],32[32],32[1],128[128],TILE,BFLOAT16,DEV_0_DRAM_INTERLEAVED,,,[],[],['ttnn/cpp/ttnn/operations/data_movement/transpose/device/kernels/dataflow/writer_unary_transpose_hc_interleaved_tiled_padding_aware.cpp'; 'ttnn/cpp/ttnn/operations/data_movement/transpose/device/kernels/dataflow/reader_unary_transpose_hc_interleaved_tiled_padding_aware.cpp'],['writer_unary_transpose_hc_interleaved_tiled_padding_aware/3403485737563375483/'; 'reader_unary_transpose_hc_interleaved_tiled_padding_aware/3278640446294112578/'],14763886275959663257,False,1216,1040,0,0,0,0,0,0,0,1244,1244,476,[6.585208892822266],[210.7266845703125],37.869,,,,,,,851
InterleavedToShardedDeviceOperation,tt_dnn_device,52227,3,blackhole,"{'keep_l1_aligned': 'false'; 'output_dtype': 'DataType::BFLOAT16'; 'output_mem_config': 'MemoryConfig(memory_layout=TensorMemoryLayout::HEIGHT_SHARDED;buffer_type=BufferType::L1;shard_spec=ShardSpec{grid=[{""start"":{""x"":0;""y"":0};""end"":{""x"":0;""y"":0}; {""start"":{""x"":0;""y"":1};""end"":{""x"":0;""y"":1}; {""start"":{""x"":0;""y"":2};""end"":{""x"":0;""y"":2}; {""start"":{""x"":1;""y"":0};""end"":{""x"":1;""y"":0}; {""start"":{""x"":1;""y"":1};""end"":{""x"":1;""y"":1}; {""start"":{""x"":1;""y"":2};""end"":{""x"":1;""y"":2}; {""start"":{""x"":2;""y"":0};""end"":{""x"":2;""y"":0}; {""start"":{""x"":2;""y"":1};""end"":{""x"":2;""y"":1}; {""start"":{""x"":2;""y"":2};""end"":{""x"":2;""y"":2}; {""start"":{""x"":3;""y"":0};""end"":{""x"":3;""y"":0}; {""start"":{""x"":3;""y"":1};""end"":{""x"":3;""y"":1}; {""start"":{""x"":3;""y"":2};""end"":{""x"":3;""y"":2}; {""start"":{""x"":4;""y"":0};""end"":{""x"":4;""y"":0}; {""start"":{""x"":4;""y"":1};""end"":{""x"":4;""y"":1}; {""start"":{""x"":4;""y"":2};""end"":{""x"":4;""y"":2}; {""start"":{""x"":5;""y"":0};""end"":{""x"":5;""y"":0}; {""start"":{""x"":5;""y"":1};""end"":{""x"":5;""y"":1}; {""start"":{""x"":5;""y"":2};""end"":{""x"":5;""y"":2}; {""start"":{""x"":6;""y"":0};""end"":{""x"":6;""y"":0}; {""start"":{""x"":6;""y"":1};""end"":{""x"":6;""y"":1}; {""start"":{""x"":6;""y"":2};""end"":{""x"":6;""y"":2}; {""start"":{""x"":7;""y"":0};""end"":{""x"":7;""y"":0}; {""start"":{""x"":7;""y"":1};""end"":{""x"":7;""y"":1}; {""start"":{""x"":7;""y"":2};""end"":{""x"":7;""y"":2}; {""start"":{""x"":8;""y"":0};""end"":{""x"":8;""y"":0}; {""start"":{""x"":8;""y"":1};""end"":{""x"":8;""y"":1}; {""start"":{""x"":8;""y"":2};""end"":{""x"":8;""y"":2}; {""start"":{""x"":9;""y"":0};""end"":{""x"":9;""y"":0}; {""start"":{""x"":9;""y"":1};""end"":{""x"":9;""y"":1}; {""start"":{""x"":9;""y"":2};""end"":{""x"":9;""y"":2}; {""start"":{""x"":10;""y"":0};""end"":{""x"":10;""y"":0}; {""start"":{""x"":10;""y"":1};""end"":{""x"":10;""y"":1}]; shape=[32; 128]; orientation=ShardOrientation::ROW_MAJOR};nd_shard_spec=std::nullopt;created_with_nd_shard_spec=0;per_core_allocation=0)'}",,32,110,,,3256727644,3256727995,351,8935952402921,8935952405712,7478,7478,2067,1128,1128,,,,166,1119,1096,,,,,,,,,1[1],32[32],32[1],128[128],TILE,BFLOAT16,DEV_0_DRAM_INTERLEAVED,,,,,,,,1[1],32[32],32[1],128[128],TILE,BFLOAT16,DEV_0_L1_HEIGHT_SHARDED,,,[],[],['ttnn/cpp/ttnn/operations/data_movement/sharded/device/kernels/dataflow/writer_unary_sharded.cpp'; 'ttnn/cpp/ttnn/operations/data_movement/sharded/device/kernels/dataflow/reader_unary_sharded_blocks_interleaved_start_id.cpp'],['writer_unary_sharded/2816079715866797849/'; 'reader_unary_sharded_blocks_interleaved_start_id/13575281725531493021/'],3818893462322974683,False,444,876,0,0,0,0,0,0,0,1,1,1,[],[],0.089,,,,,,,351
EmbeddingsDeviceOperation,tt_dnn_device,53251,3,blackhole,{'embeddings_type': 'EmbeddingsType::GENERIC'; 'output_mem_config': 'MemoryConfig(memory_layout=TensorMemoryLayout::INTERLEAVED;buffer_type=BufferType::DRAM;shard_spec=std::nullopt;nd_shard_spec=std::nullopt;created_with_nd_shard_spec=0;per_core_allocation=0)'; 'pad_token': 'std::nullopt'; 'tilized': 'true'},HiFi4,1,110,,,3256736391,3256736821,430,8935952412559,8935952416705,5618,5618,3071,2527,2526,,,,29,2516,1739,1776,114,1857,,,,,,1[1],1[1],1[1],32[32],ROW_MAJOR,UINT32,DEV_0_DRAM_INTERLEAVED,1[1],1[1],131072[131072],128[128],ROW_MAJOR,BFLOAT16,DEV_0_DRAM_INTERLEAVED,1[1],1[1],32[32],128[128],TILE,BFLOAT16,DEV_0_DRAM_INTERLEAVED,,,['ttnn/cpp/ttnn/operations/data_movement/tilize/device/kernels/compute/tilize.cpp'],['tilize/4075551047992850222/'],['ttnn/cpp/ttnn/operations/eltwise/unary/device/kernels/dataflow/writer_unary_interleaved_start_id.cpp'; 'ttnn/cpp/ttnn/operations/embedding/device/kernels/dataflow/embeddings_tilize.cpp'],['writer_unary_interleaved_start_id/17379425957123616916/'; 'embeddings_tilize/14134729056215501798/'],295500034972764725,False,1000,948,1180,784,2020,0,0,0,0,1,1,1,[],[],0.04,,,,,,,430
TransposeDeviceOperation,tt_dnn_device,54275,3,blackhole,{'dim': 'TransposeOpDim::HC'; 'output_mem_config': 'MemoryConfig(memory_layout=TensorMemoryLayout::INTERLEAVED;buffer_type=BufferType::DRAM;shard_spec=std::nullopt;nd_shard_spec=std::nullopt;created_with_nd_shard_spec=0;per_core_allocation=0)'; 'pad_value': '0'},,110,110,,,3256747812,3256748143,331,8935952433304,8935952438530,12891,12891,3871,3281,3281,,,,162,3280,969,,,,,,,,,1[1],1[1],32[32],128[128],TILE,BFLOAT16,DEV_0_DRAM_INTERLEAVED,,,,,,,,1[1],32[32],32[1],128[128],TILE,BFLOAT16,DEV_0_DRAM_INTERLEAVED,,,[],[],['ttnn/cpp/ttnn/operations/data_movement/transpose/device/kernels/dataflow/writer_unary_transpose_hc_interleaved_tiled_padding_aware.cpp'; 'ttnn/cpp/ttnn/operations/data_movement/transpose/device/kernels/dataflow/reader_unary_transpose_hc_interleaved_tiled_padding_aware.cpp'],['writer_unary_transpose_hc_interleaved_tiled_padding_aware/3403485737563375483/'; 'reader_unary_transpose_hc_interleaved_tiled_padding_aware/3278640446294112578/'],14763886275959663257,False,1216,1040,0,0,0,0,0,0,0,1244,1244,476,[6.585208892822266],[210.7266845703125],37.915,,,,,,,331
InterleavedToShardedDeviceOperation,tt_dnn_device,55299,3,blackhole,"{'keep_l1_aligned': 'false'; 'output_dtype': 'DataType::BFLOAT16'; 'output_mem_config': 'MemoryConfig(memory_layout=TensorMemoryLayout::HEIGHT_SHARDED;buffer_type=BufferType::L1;shard_spec=ShardSpec{grid=[{""start"":{""x"":0;""y"":0};""end"":{""x"":0;""y"":0}; {""start"":{""x"":0;""y"":1};""end"":{""x"":0;""y"":1}; {""start"":{""x"":0;""y"":2};""end"":{""x"":0;""y"":2}; {""start"":{""x"":1;""y"":0};""end"":{""x"":1;""y"":0}; {""start"":{""x"":1;""y"":1};""end"":{""x"":1;""y"":1}; {""start"":{""x"":1;""y"":2};""end"":{""x"":1;""y"":2}; {""start"":{""x"":2;""y"":0};""end"":{""x"":2;""y"":0}; {""start"":{""x"":2;""y"":1};""end"":{""x"":2;""y"":1}; {""start"":{""x"":2;""y"":2};""end"":{""x"":2;""y"":2}; {""start"":{""x"":3;""y"":0};""end"":{""x"":3;""y"":0}; {""start"":{""x"":3;""y"":1};""end"":{""x"":3;""y"":1}; {""start"":{""x"":3;""y"":2};""end"":{""x"":3;""y"":2}; {""start"":{""x"":4;""y"":0};""end"":{""x"":4;""y"":0}; {""start"":{""x"":4;""y"":1};""end"":{""x"":4;""y"":1}; {""start"":{""x"":4;""y"":2};""end"":{""x"":4;""y"":2}; {""start"":{""x"":5;""y"":0};""end"":{""x"":5;""y"":0}; {""start"":{""x"":5;""y"":1};""end"":{""x"":5;""y"":1}; {""start"":{""x"":5;""y"":2};""end"":{""x"":5;""y"":2}; {""start"":{""x"":6;""y"":0};""end"":{""x"":6;""y"":0}; {""start"":{""x"":6;""y"":1};""end"":{""x"":6;""y"":1}; {""start"":{""x"":6;""y"":2};""end"":{""x"":6;""y"":2}; {""start"":{""x"":7;""y"":0};""end"":{""x"":7;""y"":0}; {""start"":{""x"":7;""y"":1};""end"":{""x"":7;""y"":1}; {""start"":{""x"":7;""y"":2};""end"":{""x"":7;""y"":2}; {""start"":{""x"":8;""y"":0};""end"":{""x"":8;""y"":0}; {""start"":{""x"":8;""y"":1};""end"":{""x"":8;""y"":1}; {""start"":{""x"":8;""y"":2};""end"":{""x"":8;""y"":2}; {""start"":{""x"":9;""y"":0};""end"":{""x"":9;""y"":0}; {""start"":{""x"":9;""y"":1};""end"":{""x"":9;""y"":1}; {""start"":{""x"":9;""y"":2};""end"":{""x"":9;""y"":2}; {""start"":{""x"":10;""y"":0};""end"":{""x"":10;""y"":0}; {""start"":{""x"":10;""y"":1};""end"":{""x"":10;""y"":1}]; shape=[32; 128]; orientation=ShardOrientation::ROW_MAJOR};nd_shard_spec=std::nullopt;created_with_nd_shard_spec=0;per_core_allocation=0)'}",,32,110,,,3256759835,3256760266,431,8935952446400,8935952449164,6742,6742,2047,1127,1127,,,,173,1124,1104,,,,,,,,,1[1],32[32],32[1],128[128],TILE,BFLOAT16,DEV_0_DRAM_INTERLEAVED,,,,,,,,1[1],32[32],32[1],128[128],TILE,BFLOAT16,DEV_0_L1_HEIGHT_SHARDED,,,[],[],['ttnn/cpp/ttnn/operations/data_movement/sharded/device/kernels/dataflow/writer_unary_sharded.cpp'; 'ttnn/cpp/ttnn/operations/data_movement/sharded/device/kernels/dataflow/reader_unary_sharded_blocks_interleaved_start_id.cpp'],['writer_unary_sharded/2816079715866797849/'; 'reader_unary_sharded_blocks_interleaved_start_id/13575281725531493021/'],3818893462322974683,False,444,876,0,0,0,0,0,0,0,1,1,1,[],[],0.089,,,,,,,431
EmbeddingsDeviceOperation,tt_dnn_device,56323,3,blackhole,{'embeddings_type': 'EmbeddingsType::GENERIC'; 'output_mem_config': 'MemoryConfig(memory_layout=TensorMemoryLayout::INTERLEAVED;buffer_type=BufferType::DRAM;shard_spec=std::nullopt;nd_shard_spec=std::nullopt;created_with_nd_shard_spec=0;per_core_allocation=0)'; 'pad_token': 'std::nullopt'; 'tilized': 'true'},HiFi4,1,110,,,3256770926,3256771347,421,8935952459201,8935952463309,7950,7956,3043,2530,2521,,,,68,2461,1724,1785,114,1825,,,,,,1[1],1[1],1[1],32[32],ROW_MAJOR,UINT32,DEV_0_DRAM_INTERLEAVED,1[1],1[1],131072[131072],128[128],ROW_MAJOR,BFLOAT16,DEV_0_DRAM_INTERLEAVED,1[1],1[1],32[32],128[128],TILE,BFLOAT16,DEV_0_DRAM_INTERLEAVED,,,['ttnn/cpp/ttnn/operations/data_movement/tilize/device/kernels/compute/tilize.cpp'],['tilize/4075551047992850222/'],['ttnn/cpp/ttnn/operations/eltwise/unary/device/kernels/dataflow/writer_unary_interleaved_start_id.cpp'; 'ttnn/cpp/ttnn/operations/embedding/device/kernels/dataflow/embeddings_tilize.cpp'],['writer_unary_interleaved_start_id/17379425957123616916/'; 'embeddings_tilize/14134729056215501798/'],295500034972764725,False,1000,948,1180,784,2020,0,0,0,0,1,1,1,[],[],0.04,,,,,,,421
TransposeDeviceOperation,tt_dnn_device,57347,3,blackhole,{'dim': 'TransposeOpDim::HC'; 'output_mem_config': 'MemoryConfig(memory_layout=TensorMemoryLayout::INTERLEAVED;buffer_type=BufferType::DRAM;shard_spec=std::nullopt;nd_shard_spec=std::nullopt;created_with_nd_shard_spec=0;per_core_allocation=0)'; 'pad_value': '0'},,110,110,,,3256782038,3256782388,350,8935952479270,8935952484555,12409,12409,3915,3324,3324,,,,164,3313,969,,,,,,,,,1[1],1[1],32[32],128[128],TILE,BFLOAT16,DEV_0_DRAM_INTERLEAVED,,,,,,,,1[1],32[32],32[1],128[128],TILE,BFLOAT16,DEV_0_DRAM_INTERLEAVED,,,[],[],['ttnn/cpp/ttnn/operations/data_movement/transpose/device/kernels/dataflow/writer_unary_transpose_hc_interleaved_tiled_padding_aware.cpp'; 'ttnn/cpp/ttnn/operations/data_movement/transpose/device/kernels/dataflow/reader_unary_transpose_hc_interleaved_tiled_padding_aware.cpp'],['writer_unary_transpose_hc_interleaved_tiled_padding_aware/3403485737563375483/'; 'reader_unary_transpose_hc_interleaved_tiled_padding_aware/3278640446294112578/'],14763886275959663257,False,1216,1040,0,0,0,0,0,0,0,1244,1244,476,[6.585208892822266],[210.7266845703125],37.425,,,,,,,350
InterleavedToShardedDeviceOperation,tt_dnn_device,58371,3,blackhole,"{'keep_l1_aligned': 'false'; 'output_dtype': 'DataType::BFLOAT16'; 'output_mem_config': 'MemoryConfig(memory_layout=TensorMemoryLayout::HEIGHT_SHARDED;buffer_type=BufferType::L1;shard_spec=ShardSpec{grid=[{""start"":{""x"":0;""y"":0};""end"":{""x"":0;""y"":0}; {""start"":{""x"":0;""y"":1};""end"":{""x"":0;""y"":1}; {""start"":{""x"":0;""y"":2};""end"":{""x"":0;""y"":2}; {""start"":{""x"":1;""y"":0};""end"":{""x"":1;""y"":0}; {""start"":{""x"":1;""y"":1};""end"":{""x"":1;""y"":1}; {""start"":{""x"":1;""y"":2};""end"":{""x"":1;""y"":2}; {""start"":{""x"":2;""y"":0};""end"":{""x"":2;""y"":0}; {""start"":{""x"":2;""y"":1};""end"":{""x"":2;""y"":1}; {""start"":{""x"":2;""y"":2};""end"":{""x"":2;""y"":2}; {""start"":{""x"":3;""y"":0};""end"":{""x"":3;""y"":0}; {""start"":{""x"":3;""y"":1};""end"":{""x"":3;""y"":1}; {""start"":{""x"":3;""y"":2};""end"":{""x"":3;""y"":2}; {""start"":{""x"":4;""y"":0};""end"":{""x"":4;""y"":0}; {""start"":{""x"":4;""y"":1};""end"":{""x"":4;""y"":1}; {""start"":{""x"":4;""y"":2};""end"":{""x"":4;""y"":2}; {""start"":{""x"":5;""y"":0};""end"":{""x"":5;""y"":0}; {""start"":{""x"":5;""y"":1};""end"":{""x"":5;""y"":1}; {""start"":{""x"":5;""y"":2};""end"":{""x"":5;""y"":2}; {""start"":{""x"":6;""y"":0};""end"":{""x"":6;""y"":0}; {""start"":{""x"":6;""y"":1};""end"":{""x"":6;""y"":1}; {""start"":{""x"":6;""y"":2};""end"":{""x"":6;""y"":2}; {""start"":{""x"":7;""y"":0};""end"":{""x"":7;""y"":0}; {""start"":{""x"":7;""y"":1};""end"":{""x"":7;""y"":1}; {""start"":{""x"":7;""y"":2};""end"":{""x"":7;""y"":2}; {""start"":{""x"":8;""y"":0};""end"":{""x"":8;""y"":0}; {""start"":{""x"":8;""y"":1};""end"":{""x"":8;""y"":1}; {""start"":{""x"":8;""y"":2};""end"":{""x"":8;""y"":2}; {""start"":{""x"":9;""y"":0};""end"":{""x"":9;""y"":0}; {""start"":{""x"":9;""y"":1};""end"":{""x"":9;""y"":1}; {""start"":{""x"":9;""y"":2};""end"":{""x"":9;""y"":2}; {""start"":{""x"":10;""y"":0};""end"":{""x"":10;""y"":0}; {""start"":{""x"":10;""y"":1};""end"":{""x"":10;""y"":1}]; shape=[32; 128]; orientation=ShardOrientation::ROW_MAJOR};nd_shard_spec=std::nullopt;created_with_nd_shard_spec=0;per_core_allocation=0)'}",,32,110,,,3256793800,3256794201,401,8935952492245,8935952494996,6604,6604,2038,1114,1114,,,,161,1114,1093,,,,,,,,,1[1],32[32],32[1],128[128],TILE,BFLOAT16,DEV_0_DRAM_INTERLEAVED,,,,,,,,1[1],32[32],32[1],128[128],TILE,BFLOAT16,DEV_0_L1_HEIGHT_SHARDED,,,[],[],['ttnn/cpp/ttnn/operations/data_movement/sharded/device/kernels/dataflow/writer_unary_sharded.cpp'; 'ttnn/cpp/ttnn/operations/data_movement/sharded/device/kernels/dataflow/reader_unary_sharded_blocks_interleaved_start_id.cpp'],['writer_unary_sharded/2816079715866797849/'; 'reader_unary_sharded_blocks_interleaved_start_id/13575281725531493021/'],3818893462322974683,False,444,876,0,0,0,0,0,0,0,1,1,1,[],[],0.09,,,,,,,401
EmbeddingsDeviceOperation,tt_dnn_device,59395,3,blackhole,{'embeddings_type': 'EmbeddingsType::GENERIC'; 'output_mem_config': 'MemoryConfig(memory_layout=TensorMemoryLayout::INTERLEAVED;buffer_type=BufferType::DRAM;shard_spec=std::nullopt;nd_shard_spec=std::nullopt;created_with_nd_shard_spec=0;per_core_allocation=0)'; 'pad_token': 'std::nullopt'; 'tilized': 'true'},HiFi4,1,110,,,3256802617,3256803018,401,8935952501875,8935952506072,5667,5667,3109,2557,2557,,,,13,2544,1741,1793,113,1901,,,,,,1[1],1[1],1[1],32[32],ROW_MAJOR,UINT32,DEV_0_DRAM_INTERLEAVED,1[1],1[1],131072[131072],128[128],ROW_MAJOR,BFLOAT16,DEV_0_DRAM_INTERLEAVED,1[1],1[1],32[32],128[128],TILE,BFLOAT16,DEV_0_DRAM_INTERLEAVED,,,['ttnn/cpp/ttnn/operations/data_movement/tilize/device/kernels/compute/tilize.cpp'],['tilize/4075551047992850222/'],['ttnn/cpp/ttnn/operations/eltwise/unary/device/kernels/dataflow/writer_unary_interleaved_start_id.cpp'; 'ttnn/cpp/ttnn/operations/embedding/device/kernels/dataflow/embeddings_tilize.cpp'],['writer_unary_interleaved_start_id/17379425957123616916/'; 'embeddings_tilize/14134729056215501798/'],295500034972764725,False,1000,948,1180,784,2020,0,0,0,0,1,1,1,[],[],0.039,,,,,,,401
TransposeDeviceOperation,tt_dnn_device,60419,3,blackhole,{'dim': 'TransposeOpDim::HC'; 'output_mem_config': 'MemoryConfig(memory_layout=TensorMemoryLayout::INTERLEAVED;buffer_type=BufferType::DRAM;shard_spec=std::nullopt;nd_shard_spec=std::nullopt;created_with_nd_shard_spec=0;per_core_allocation=0)'; 'pad_value': '0'},,110,110,,,3256813999,3256814339,340,8935952522785,8935952528027,12972,12972,3883,3296,3296,,,,161,3293,971,,,,,,,,,1[1],1[1],32[32],128[128],TILE,BFLOAT16,DEV_0_DRAM_INTERLEAVED,,,,,,,,1[1],32[32],32[1],128[128],TILE,BFLOAT16,DEV_0_DRAM_INTERLEAVED,,,[],[],['ttnn/cpp/ttnn/operations/data_movement/transpose/device/kernels/dataflow/writer_unary_transpose_hc_interleaved_tiled_padding_aware.cpp'; 'ttnn/cpp/ttnn/operations/data_movement/transpose/device/kernels/dataflow/reader_unary_transpose_hc_interleaved_tiled_padding_aware.cpp'],['writer_unary_transpose_hc_interleaved_tiled_padding_aware/3403485737563375483/'; 'reader_unary_transpose_hc_interleaved_tiled_padding_aware/3278640446294112578/'],14763886275959663257,False,1216,1040,0,0,0,0,0,0,0,1244,1244,476,[6.585208892822266],[210.7266845703125],37.743,,,,,,,340
InterleavedToShardedDeviceOperation,tt_dnn_device,61443,3,blackhole,"{'keep_l1_aligned': 'false'; 'output_dtype': 'DataType::BFLOAT16'; 'output_mem_config': 'MemoryConfig(memory_layout=TensorMemoryLayout::HEIGHT_SHARDED;buffer_type=BufferType::L1;shard_spec=ShardSpec{grid=[{""start"":{""x"":0;""y"":0};""end"":{""x"":0;""y"":0}; {""start"":{""x"":0;""y"":1};""end"":{""x"":0;""y"":1}; {""start"":{""x"":0;""y"":2};""end"":{""x"":0;""y"":2}; {""start"":{""x"":1;""y"":0};""end"":{""x"":1;""y"":0}; {""start"":{""x"":1;""y"":1};""end"":{""x"":1;""y"":1}; {""start"":{""x"":1;""y"":2};""end"":{""x"":1;""y"":2}; {""start"":{""x"":2;""y"":0};""end"":{""x"":2;""y"":0}; {""start"":{""x"":2;""y"":1};""end"":{""x"":2;""y"":1}; {""start"":{""x"":2;""y"":2};""end"":{""x"":2;""y"":2}; {""start"":{""x"":3;""y"":0};""end"":{""x"":3;""y"":0}; {""start"":{""x"":3;""y"":1};""end"":{""x"":3;""y"":1}; {""start"":{""x"":3;""y"":2};""end"":{""x"":3;""y"":2}; {""start"":{""x"":4;""y"":0};""end"":{""x"":4;""y"":0}; {""start"":{""x"":4;""y"":1};""end"":{""x"":4;""y"":1}; {""start"":{""x"":4;""y"":2};""end"":{""x"":4;""y"":2}; {""start"":{""x"":5;""y"":0};""end"":{""x"":5;""y"":0}; {""start"":{""x"":5;""y"":1};""end"":{""x"":5;""y"":1}; {""start"":{""x"":5;""y"":2};""end"":{""x"":5;""y"":2}; {""start"":{""x"":6;""y"":0};""end"":{""x"":6;""y"":0}; {""start"":{""x"":6;""y"":1};""end"":{""x"":6;""y"":1}; {""start"":{""x"":6;""y"":2};""end"":{""x"":6;""y"":2}; {""start"":{""x"":7;""y"":0};""end"":{""x"":7;""y"":0}; {""start"":{""x"":7;""y"":1};""end"":{""x"":7;""y"":1}; {""start"":{""x"":7;""y"":2};""end"":{""x"":7;""y"":2}; {""start"":{""x"":8;""y"":0};""end"":{""x"":8;""y"":0}; {""start"":{""x"":8;""y"":1};""end"":{""x"":8;""y"":1}; {""start"":{""x"":8;""y"":2};""end"":{""x"":8;""y"":2}; {""start"":{""x"":9;""y"":0};""end"":{""x"":9;""y"":0}; {""start"":{""x"":9;""y"":1};""end"":{""x"":9;""y"":1}; {""start"":{""x"":9;""y"":2};""end"":{""x"":9;""y"":2}; {""start"":{""x"":10;""y"":0};""end"":{""x"":10;""y"":0}; {""start"":{""x"":10;""y"":1};""end"":{""x"":10;""y"":1}]; shape=[32; 128]; orientation=ShardOrientation::ROW_MAJOR};nd_shard_spec=std::nullopt;created_with_nd_shard_spec=0;per_core_allocation=0)'}",,32,110,,,3256826152,3256826522,370,8935952535905,8935952538676,6760,6760,2053,1119,1119,,,,161,1119,1084,,,,,,,,,1[1],32[32],32[1],128[128],TILE,BFLOAT16,DEV_0_DRAM_INTERLEAVED,,,,,,,,1[1],32[32],32[1],128[128],TILE,BFLOAT16,DEV_0_L1_HEIGHT_SHARDED,,,[],[],['ttnn/cpp/ttnn/operations/data_movement/sharded/device/kernels/dataflow/writer_unary_sharded.cpp'; 'ttnn/cpp/ttnn/operations/data_movement/sharded/device/kernels/dataflow/reader_unary_sharded_blocks_interleaved_start_id.cpp'],['writer_unary_sharded/2816079715866797849/'; 'reader_unary_sharded_blocks_interleaved_start_id/13575281725531493021/'],3818893462322974683,False,444,876,0,0,0,0,0,0,0,1,1,1,[],[],0.089,,,,,,,370
EmbeddingsDeviceOperation,tt_dnn_device,62467,3,blackhole,{'embeddings_type': 'EmbeddingsType::GENERIC'; 'output_mem_config': 'MemoryConfig(memory_layout=TensorMemoryLayout::INTERLEAVED;buffer_type=BufferType::DRAM;shard_spec=std::nullopt;nd_shard_spec=std::nullopt;created_with_nd_shard_spec=0;per_core_allocation=0)'; 'pad_token': 'std::nullopt'; 'tilized': 'true'},HiFi4,1,110,,,3256837143,3256838145,1002,8935952548559,8935952552706,7858,7858,3072,2538,2536,,,,47,2490,1736,1799,115,1861,,,,,,1[1],1[1],1[1],32[32],ROW_MAJOR,UINT32,DEV_0_DRAM_INTERLEAVED,1[1],1[1],131072[131072],128[128],ROW_MAJOR,BFLOAT16,DEV_0_DRAM_INTERLEAVED,1[1],1[1],32[32],128[128],TILE,BFLOAT16,DEV_0_DRAM_INTERLEAVED,,,['ttnn/cpp/ttnn/operations/data_movement/tilize/device/kernels/compute/tilize.cpp'],['tilize/4075551047992850222/'],['ttnn/cpp/ttnn/operations/eltwise/unary/device/kernels/dataflow/writer_unary_interleaved_start_id.cpp'; 'ttnn/cpp/ttnn/operations/embedding/device/kernels/dataflow/embeddings_tilize.cpp'],['writer_unary_interleaved_start_id/17379425957123616916/'; 'embeddings_tilize/14134729056215501798/'],295500034972764725,False,1000,948,1180,784,2020,0,0,0,0,1,1,1,[],[],0.039,,,,,,,1002
TransposeDeviceOperation,tt_dnn_device,63491,3,blackhole,{'dim': 'TransposeOpDim::HC'; 'output_mem_config': 'MemoryConfig(memory_layout=TensorMemoryLayout::INTERLEAVED;buffer_type=BufferType::DRAM;shard_spec=std::nullopt;nd_shard_spec=std::nullopt;created_with_nd_shard_spec=0;per_core_allocation=0)'; 'pad_value': '0'},,110,110,,,3256848855,3256849316,461,8935952569490,8935952574723,13016,13016,3876,3287,3287,,,,161,3285,968,,,,,,,,,1[1],1[1],32[32],128[128],TILE,BFLOAT16,DEV_0_DRAM_INTERLEAVED,,,,,,,,1[1],32[32],32[1],128[128],TILE,BFLOAT16,DEV_0_DRAM_INTERLEAVED,,,[],[],['ttnn/cpp/ttnn/operations/data_movement/transpose/device/kernels/dataflow/writer_unary_transpose_hc_interleaved_tiled_padding_aware.cpp'; 'ttnn/cpp/ttnn/operations/data_movement/transpose/device/kernels/dataflow/reader_unary_transpose_hc_interleaved_tiled_padding_aware.cpp'],['writer_unary_transpose_hc_interleaved_tiled_padding_aware/3403485737563375483/'; 'reader_unary_transpose_hc_interleaved_tiled_padding_aware/3278640446294112578/'],14763886275959663257,False,1216,1040,0,0,0,0,0,0,0,1244,1244,476,[6.585208892822266],[210.7266845703125],37.846,,,,,,,461
InterleavedToShardedDeviceOperation,tt_dnn_device,64515,3,blackhole,"{'keep_l1_aligned': 'false'; 'output_dtype': 'DataType::BFLOAT16'; 'output_mem_config': 'MemoryConfig(memory_layout=TensorMemoryLayout::HEIGHT_SHARDED;buffer_type=BufferType::L1;shard_spec=ShardSpec{grid=[{""start"":{""x"":0;""y"":0};""end"":{""x"":0;""y"":0}; {""start"":{""x"":0;""y"":1};""end"":{""x"":0;""y"":1}; {""start"":{""x"":0;""y"":2};""end"":{""x"":0;""y"":2}; {""start"":{""x"":1;""y"":0};""end"":{""x"":1;""y"":0}; {""start"":{""x"":1;""y"":1};""end"":{""x"":1;""y"":1}; {""start"":{""x"":1;""y"":2};""end"":{""x"":1;""y"":2}; {""start"":{""x"":2;""y"":0};""end"":{""x"":2;""y"":0}; {""start"":{""x"":2;""y"":1};""end"":{""x"":2;""y"":1}; {""start"":{""x"":2;""y"":2};""end"":{""x"":2;""y"":2}; {""start"":{""x"":3;""y"":0};""end"":{""x"":3;""y"":0}; {""start"":{""x"":3;""y"":1};""end"":{""x"":3;""y"":1}; {""start"":{""x"":3;""y"":2};""end"":{""x"":3;""y"":2}; {""start"":{""x"":4;""y"":0};""end"":{""x"":4;""y"":0}; {""start"":{""x"":4;""y"":1};""end"":{""x"":4;""y"":1}; {""start"":{""x"":4;""y"":2};""end"":{""x"":4;""y"":2}; {""start"":{""x"":5;""y"":0};""end"":{""x"":5;""y"":0}; {""start"":{""x"":5;""y"":1};""end"":{""x"":5;""y"":1}; {""start"":{""x"":5;""y"":2};""end"":{""x"":5;""y"":2}; {""start"":{""x"":6;""y"":0};""end"":{""x"":6;""y"":0}; {""start"":{""x"":6;""y"":1};""end"":{""x"":6;""y"":1}; {""start"":{""x"":6;""y"":2};""end"":{""x"":6;""y"":2}; {""start"":{""x"":7;""y"":0};""end"":{""x"":7;""y"":0}; {""start"":{""x"":7;""y"":1};""end"":{""x"":7;""y"":1}; {""start"":{""x"":7;""y"":2};""end"":{""x"":7;""y"":2}; {""start"":{""x"":8;""y"":0};""end"":{""x"":8;""y"":0}; {""start"":{""x"":8;""y"":1};""end"":{""x"":8;""y"":1}; {""start"":{""x"":8;""y"":2};""end"":{""x"":8;""y"":2}; {""start"":{""x"":9;""y"":0};""end"":{""x"":9;""y"":0}; {""start"":{""x"":9;""y"":1};""end"":{""x"":9;""y"":1}; {""start"":{""x"":9;""y"":2};""end"":{""x"":9;""y"":2}; {""start"":{""x"":10;""y"":0};""end"":{""x"":10;""y"":0}; {""start"":{""x"":10;""y"":1};""end"":{""x"":10;""y"":1}]; shape=[32; 128]; orientation=ShardOrientation::ROW_MAJOR};nd_shard_spec=std::nullopt;created_with_nd_shard_spec=0;per_core_allocation=0)'}",,32,110,,,3256860858,3256861289,431,8935952583070,8935952585786,7096,7096,2012,1100,1100,,,,163,1100,1064,,,,,,,,,1[1],32[32],32[1],128[128],TILE,BFLOAT16,DEV_0_DRAM_INTERLEAVED,,,,,,,,1[1],32[32],32[1],128[128],TILE,BFLOAT16,DEV_0_L1_HEIGHT_SHARDED,,,[],[],['ttnn/cpp/ttnn/operations/data_movement/sharded/device/kernels/dataflow/writer_unary_sharded.cpp'; 'ttnn/cpp/ttnn/operations/data_movement/sharded/device/kernels/dataflow/reader_unary_sharded_blocks_interleaved_start_id.cpp'],['writer_unary_sharded/2816079715866797849/'; 'reader_unary_sharded_blocks_interleaved_start_id/13575281725531493021/'],3818893462322974683,False,444,876,0,0,0,0,0,0,0,1,1,1,[],[],0.091,,,,,,,431
EmbeddingsDeviceOperation,tt_dnn_device,65539,3,blackhole,{'embeddings_type': 'EmbeddingsType::GENERIC'; 'output_mem_config': 'MemoryConfig(memory_layout=TensorMemoryLayout::INTERLEAVED;buffer_type=BufferType::DRAM;shard_spec=std::nullopt;nd_shard_spec=std::nullopt;created_with_nd_shard_spec=0;per_core_allocation=0)'; 'pad_token': 'std::nullopt'; 'tilized': 'true'},HiFi4,1,110,,,3256869795,3256870216,421,8935952592691,8935952596793,5643,5643,3039,2516,2516,,,,59,2457,1742,1759,119,1831,,,,,,1[1],1[1],1[1],32[32],ROW_MAJOR,UINT32,DEV_0_DRAM_INTERLEAVED,1[1],1[1],131072[131072],128[128],ROW_MAJOR,BFLOAT16,DEV_0_DRAM_INTERLEAVED,1[1],1[1],32[32],128[128],TILE,BFLOAT16,DEV_0_DRAM_INTERLEAVED,,,['ttnn/cpp/ttnn/operations/data_movement/tilize/device/kernels/compute/tilize.cpp'],['tilize/4075551047992850222/'],['ttnn/cpp/ttnn/operations/eltwise/unary/device/kernels/dataflow/writer_unary_interleaved_start_id.cpp'; 'ttnn/cpp/ttnn/operations/embedding/device/kernels/dataflow/embeddings_tilize.cpp'],['writer_unary_interleaved_start_id/17379425957123616916/'; 'embeddings_tilize/14134729056215501798/'],295500034972764725,False,1000,948,1180,784,2020,0,0,0,0,1,1,1,[],[],0.04,,,,,,,421
TransposeDeviceOperation,tt_dnn_device,66563,3,blackhole,{'dim': 'TransposeOpDim::HC'; 'output_mem_config': 'MemoryConfig(memory_layout=TensorMemoryLayout::INTERLEAVED;buffer_type=BufferType::DRAM;shard_spec=std::nullopt;nd_shard_spec=std::nullopt;created_with_nd_shard_spec=0;per_core_allocation=0)'; 'pad_value': '0'},,110,110,,,3256881217,3256881578,361,8935952613640,8935952618874,13069,13069,3877,3286,3286,,,,163,3282,970,,,,,,,,,1[1],1[1],32[32],128[128],TILE,BFLOAT16,DEV_0_DRAM_INTERLEAVED,,,,,,,,1[1],32[32],32[1],128[128],TILE,BFLOAT16,DEV_0_DRAM_INTERLEAVED,,,[],[],['ttnn/cpp/ttnn/operations/data_movement/transpose/device/kernels/dataflow/writer_unary_transpose_hc_interleaved_tiled_padding_aware.cpp'; 'ttnn/cpp/ttnn/operations/data_movement/transpose/device/kernels/dataflow/reader_unary_transpose_hc_interleaved_tiled_padding_aware.cpp'],['writer_unary_transpose_hc_interleaved_tiled_padding_aware/3403485737563375483/'; 'reader_unary_transpose_hc_interleaved_tiled_padding_aware/3278640446294112578/'],14763886275959663257,False,1216,1040,0,0,0,0,0,0,0,1244,1244,476,[6.585208892822266],[210.7266845703125],37.858,,,,,,,361
InterleavedToShardedDeviceOperation,tt_dnn_device,67587,3,blackhole,"{'keep_l1_aligned': 'false'; 'output_dtype': 'DataType::BFLOAT16'; 'output_mem_config': 'MemoryConfig(memory_layout=TensorMemoryLayout::HEIGHT_SHARDED;buffer_type=BufferType::L1;shard_spec=ShardSpec{grid=[{""start"":{""x"":0;""y"":0};""end"":{""x"":0;""y"":0}; {""start"":{""x"":0;""y"":1};""end"":{""x"":0;""y"":1}; {""start"":{""x"":0;""y"":2};""end"":{""x"":0;""y"":2}; {""start"":{""x"":1;""y"":0};""end"":{""x"":1;""y"":0}; {""start"":{""x"":1;""y"":1};""end"":{""x"":1;""y"":1}; {""start"":{""x"":1;""y"":2};""end"":{""x"":1;""y"":2}; {""start"":{""x"":2;""y"":0};""end"":{""x"":2;""y"":0}; {""start"":{""x"":2;""y"":1};""end"":{""x"":2;""y"":1}; {""start"":{""x"":2;""y"":2};""end"":{""x"":2;""y"":2}; {""start"":{""x"":3;""y"":0};""end"":{""x"":3;""y"":0}; {""start"":{""x"":3;""y"":1};""end"":{""x"":3;""y"":1}; {""start"":{""x"":3;""y"":2};""end"":{""x"":3;""y"":2}; {""start"":{""x"":4;""y"":0};""end"":{""x"":4;""y"":0}; {""start"":{""x"":4;""y"":1};""end"":{""x"":4;""y"":1}; {""start"":{""x"":4;""y"":2};""end"":{""x"":4;""y"":2}; {""start"":{""x"":5;""y"":0};""end"":{""x"":5;""y"":0}; {""start"":{""x"":5;""y"":1};""end"":{""x"":5;""y"":1}; {""start"":{""x"":5;""y"":2};""end"":{""x"":5;""y"":2}; {""start"":{""x"":6;""y"":0};""end"":{""x"":6;""y"":0}; {""start"":{""x"":6;""y"":1};""end"":{""x"":6;""y"":1}; {""start"":{""x"":6;""y"":2};""end"":{""x"":6;""y"":2}; {""start"":{""x"":7;""y"":0};""end"":{""x"":7;""y"":0}; {""start"":{""x"":7;""y"":1};""end"":{""x"":7;""y"":1}; {""start"":{""x"":7;""y"":2};""end"":{""x"":7;""y"":2}; {""start"":{""x"":8;""y"":0};""end"":{""x"":8;""y"":0}; {""start"":{""x"":8;""y"":1};""end"":{""x"":8;""y"":1}; {""start"":{""x"":8;""y"":2};""end"":{""x"":8;""y"":2}; {""start"":{""x"":9;""y"":0};""end"":{""x"":9;""y"":0}; {""start"":{""x"":9;""y"":1};""end"":{""x"":9;""y"":1}; {""start"":{""x"":9;""y"":2};""end"":{""x"":9;""y"":2}; {""start"":{""x"":10;""y"":0};""end"":{""x"":10;""y"":0}; {""start"":{""x"":10;""y"":1};""end"":{""x"":10;""y"":1}]; shape=[32; 128]; orientation=ShardOrientation::ROW_MAJOR};nd_shard_spec=std::nullopt;created_with_nd_shard_spec=0;per_core_allocation=0)'}",,32,110,,,3256893330,3256893801,471,8935952626618,8935952629361,6660,6660,2032,1101,1101,,,,159,1101,1073,,,,,,,,,1[1],32[32],32[1],128[128],TILE,BFLOAT16,DEV_0_DRAM_INTERLEAVED,,,,,,,,1[1],32[32],32[1],128[128],TILE,BFLOAT16,DEV_0_L1_HEIGHT_SHARDED,,,[],[],['ttnn/cpp/ttnn/operations/data_movement/sharded/device/kernels/dataflow/writer_unary_sharded.cpp'; 'ttnn/cpp/ttnn/operations/data_movement/sharded/device/kernels/dataflow/reader_unary_sharded_blocks_interleaved_start_id.cpp'],['writer_unary_sharded/2816079715866797849/'; 'reader_unary_sharded_blocks_interleaved_start_id/13575281725531493021/'],3818893462322974683,False,444,876,0,0,0,0,0,0,0,1,1,1,[],[],0.091,,,,,,,471
EmbeddingsDeviceOperation,tt_dnn_device,68611,3,blackhole,{'embeddings_type': 'EmbeddingsType::GENERIC'; 'output_mem_config': 'MemoryConfig(memory_layout=TensorMemoryLayout::INTERLEAVED;buffer_type=BufferType::DRAM;shard_spec=std::nullopt;nd_shard_spec=std::nullopt;created_with_nd_shard_spec=0;per_core_allocation=0)'; 'pad_token': 'std::nullopt'; 'tilized': 'true'},HiFi4,1,110,,,3256904491,3256904892,401,8935952639462,8935952643610,8033,8033,3073,2526,2526,,,,32,2494,1740,1769,118,1857,,,,,,1[1],1[1],1[1],32[32],ROW_MAJOR,UINT32,DEV_0_DRAM_INTERLEAVED,1[1],1[1],131072[131072],128[128],ROW_MAJOR,BFLOAT16,DEV_0_DRAM_INTERLEAVED,1[1],1[1],32[32],128[128],TILE,BFLOAT16,DEV_0_DRAM_INTERLEAVED,,,['ttnn/cpp/ttnn/operations/data_movement/tilize/device/kernels/compute/tilize.cpp'],['tilize/4075551047992850222/'],['ttnn/cpp/ttnn/operations/eltwise/unary/device/kernels/dataflow/writer_unary_interleaved_start_id.cpp'; 'ttnn/cpp/ttnn/operations/embedding/device/kernels/dataflow/embeddings_tilize.cpp'],['writer_unary_interleaved_start_id/17379425957123616916/'; 'embeddings_tilize/14134729056215501798/'],295500034972764725,False,1000,948,1180,784,2020,0,0,0,0,1,1,1,[],[],0.04,,,,,,,401
TransposeDeviceOperation,tt_dnn_device,69635,3,blackhole,{'dim': 'TransposeOpDim::HC'; 'output_mem_config': 'MemoryConfig(memory_layout=TensorMemoryLayout::INTERLEAVED;buffer_type=BufferType::DRAM;shard_spec=std::nullopt;nd_shard_spec=std::nullopt;created_with_nd_shard_spec=0;per_core_allocation=0)'; 'pad_value': '0'},,110,110,,,3256915582,3256915923,341,8935952659718,8935952664938,12522,12522,3867,3278,3278,,,,165,3270,973,,,,,,,,,1[1],1[1],32[32],128[128],TILE,BFLOAT16,DEV_0_DRAM_INTERLEAVED,,,,,,,,1[1],32[32],32[1],128[128],TILE,BFLOAT16,DEV_0_DRAM_INTERLEAVED,,,[],[],['ttnn/cpp/ttnn/operations/data_movement/transpose/device/kernels/dataflow/writer_unary_transpose_hc_interleaved_tiled_padding_aware.cpp'; 'ttnn/cpp/ttnn/operations/data_movement/transpose/device/kernels/dataflow/reader_unary_transpose_hc_interleaved_tiled_padding_aware.cpp'],['writer_unary_transpose_hc_interleaved_tiled_padding_aware/3403485737563375483/'; 'reader_unary_transpose_hc_interleaved_tiled_padding_aware/3278640446294112578/'],14763886275959663257,False,1216,1040,0,0,0,0,0,0,0,1244,1244,476,[6.585208892822266],[210.7266845703125],37.95,,,,,,,341
InterleavedToShardedDeviceOperation,tt_dnn_device,70659,3,blackhole,"{'keep_l1_aligned': 'false'; 'output_dtype': 'DataType::BFLOAT16'; 'output_mem_config': 'MemoryConfig(memory_layout=TensorMemoryLayout::HEIGHT_SHARDED;buffer_type=BufferType::L1;shard_spec=ShardSpec{grid=[{""start"":{""x"":0;""y"":0};""end"":{""x"":0;""y"":0}; {""start"":{""x"":0;""y"":1};""end"":{""x"":0;""y"":1}; {""start"":{""x"":0;""y"":2};""end"":{""x"":0;""y"":2}; {""start"":{""x"":1;""y"":0};""end"":{""x"":1;""y"":0}; {""start"":{""x"":1;""y"":1};""end"":{""x"":1;""y"":1}; {""start"":{""x"":1;""y"":2};""end"":{""x"":1;""y"":2}; {""start"":{""x"":2;""y"":0};""end"":{""x"":2;""y"":0}; {""start"":{""x"":2;""y"":1};""end"":{""x"":2;""y"":1}; {""start"":{""x"":2;""y"":2};""end"":{""x"":2;""y"":2}; {""start"":{""x"":3;""y"":0};""end"":{""x"":3;""y"":0}; {""start"":{""x"":3;""y"":1};""end"":{""x"":3;""y"":1}; {""start"":{""x"":3;""y"":2};""end"":{""x"":3;""y"":2}; {""start"":{""x"":4;""y"":0};""end"":{""x"":4;""y"":0}; {""start"":{""x"":4;""y"":1};""end"":{""x"":4;""y"":1}; {""start"":{""x"":4;""y"":2};""end"":{""x"":4;""y"":2}; {""start"":{""x"":5;""y"":0};""end"":{""x"":5;""y"":0}; {""start"":{""x"":5;""y"":1};""end"":{""x"":5;""y"":1}; {""start"":{""x"":5;""y"":2};""end"":{""x"":5;""y"":2}; {""start"":{""x"":6;""y"":0};""end"":{""x"":6;""y"":0}; {""start"":{""x"":6;""y"":1};""end"":{""x"":6;""y"":1}; {""start"":{""x"":6;""y"":2};""end"":{""x"":6;""y"":2}; {""start"":{""x"":7;""y"":0};""end"":{""x"":7;""y"":0}; {""start"":{""x"":7;""y"":1};""end"":{""x"":7;""y"":1}; {""start"":{""x"":7;""y"":2};""end"":{""x"":7;""y"":2}; {""start"":{""x"":8;""y"":0};""end"":{""x"":8;""y"":0}; {""start"":{""x"":8;""y"":1};""end"":{""x"":8;""y"":1}; {""start"":{""x"":8;""y"":2};""end"":{""x"":8;""y"":2}; {""start"":{""x"":9;""y"":0};""end"":{""x"":9;""y"":0}; {""start"":{""x"":9;""y"":1};""end"":{""x"":9;""y"":1}; {""start"":{""x"":9;""y"":2};""end"":{""x"":9;""y"":2}; {""start"":{""x"":10;""y"":0};""end"":{""x"":10;""y"":0}; {""start"":{""x"":10;""y"":1};""end"":{""x"":10;""y"":1}]; shape=[32; 128]; orientation=ShardOrientation::ROW_MAJOR};nd_shard_spec=std::nullopt;created_with_nd_shard_spec=0;per_core_allocation=0)'}",,32,110,,,3256930230,3256930651,421,8935952672597,8935952675389,6599,6599,2068,1142,1142,,,,163,1141,1104,,,,,,,,,1[1],32[32],32[1],128[128],TILE,BFLOAT16,DEV_0_DRAM_INTERLEAVED,,,,,,,,1[1],32[32],32[1],128[128],TILE,BFLOAT16,DEV_0_L1_HEIGHT_SHARDED,,,[],[],['ttnn/cpp/ttnn/operations/data_movement/sharded/device/kernels/dataflow/writer_unary_sharded.cpp'; 'ttnn/cpp/ttnn/operations/data_movement/sharded/device/kernels/dataflow/reader_unary_sharded_blocks_interleaved_start_id.cpp'],['writer_unary_sharded/2816079715866797849/'; 'reader_unary_sharded_blocks_interleaved_start_id/13575281725531493021/'],3818893462322974683,False,444,876,0,0,0,0,0,0,0,1,1,1,[],[],0.088,,,,,,,421
EmbeddingsDeviceOperation,tt_dnn_device,71683,3,blackhole,{'embeddings_type': 'EmbeddingsType::GENERIC'; 'output_mem_config': 'MemoryConfig(memory_layout=TensorMemoryLayout::INTERLEAVED;buffer_type=BufferType::DRAM;shard_spec=std::nullopt;nd_shard_spec=std::nullopt;created_with_nd_shard_spec=0;per_core_allocation=0)'; 'pad_token': 'std::nullopt'; 'tilized': 'true'},HiFi4,1,110,,,3256939548,3256940069,521,8935952686733,8935952690866,8940,8945,3061,2524,2517,,,,39,2484,1733,1786,115,1852,,,,,,1[1],1[1],1[1],32[32],ROW_MAJOR,UINT32,DEV_0_DRAM_INTERLEAVED,1[1],1[1],131072[131072],128[128],ROW_MAJOR,BFLOAT16,DEV_0_DRAM_INTERLEAVED,1[1],1[1],32[32],128[128],TILE,BFLOAT16,DEV_0_DRAM_INTERLEAVED,,,['ttnn/cpp/ttnn/operations/data_movement/tilize/device/kernels/compute/tilize.cpp'],['tilize/4075551047992850222/'],['ttnn/cpp/ttnn/operations/eltwise/unary/device/kernels/dataflow/writer_unary_interleaved_start_id.cpp'; 'ttnn/cpp/ttnn/operations/embedding/device/kernels/dataflow/embeddings_tilize.cpp'],['writer_unary_interleaved_start_id/17379425957123616916/'; 'embeddings_tilize/14134729056215501798/'],295500034972764725,False,1000,948,1180,784,2020,0,0,0,0,1,1,1,[],[],0.04,,,,,,,521
TransposeDeviceOperation,tt_dnn_device,72707,3,blackhole,{'dim': 'TransposeOpDim::HC'; 'output_mem_config': 'MemoryConfig(memory_layout=TensorMemoryLayout::INTERLEAVED;buffer_type=BufferType::DRAM;shard_spec=std::nullopt;nd_shard_spec=std::nullopt;created_with_nd_shard_spec=0;per_core_allocation=0)'; 'pad_value': '0'},,110,110,,,3256951301,3256951631,330,8935952707769,8935952712993,13121,13121,3870,3272,3272,,,,170,3272,970,,,,,,,,,1[1],1[1],32[32],128[128],TILE,BFLOAT16,DEV_0_DRAM_INTERLEAVED,,,,,,,,1[1],32[32],32[1],128[128],TILE,BFLOAT16,DEV_0_DRAM_INTERLEAVED,,,[],[],['ttnn/cpp/ttnn/operations/data_movement/transpose/device/kernels/dataflow/writer_unary_transpose_hc_interleaved_tiled_padding_aware.cpp'; 'ttnn/cpp/ttnn/operations/data_movement/transpose/device/kernels/dataflow/reader_unary_transpose_hc_interleaved_tiled_padding_aware.cpp'],['writer_unary_transpose_hc_interleaved_tiled_padding_aware/3403485737563375483/'; 'reader_unary_transpose_hc_interleaved_tiled_padding_aware/3278640446294112578/'],14763886275959663257,False,1216,1040,0,0,0,0,0,0,0,1244,1244,476,[6.585208892822266],[210.7266845703125],38.02,,,,,,,330
InterleavedToShardedDeviceOperation,tt_dnn_device,73731,3,blackhole,"{'keep_l1_aligned': 'false'; 'output_dtype': 'DataType::BFLOAT16'; 'output_mem_config': 'MemoryConfig(memory_layout=TensorMemoryLayout::HEIGHT_SHARDED;buffer_type=BufferType::L1;shard_spec=ShardSpec{grid=[{""start"":{""x"":0;""y"":0};""end"":{""x"":0;""y"":0}; {""start"":{""x"":0;""y"":1};""end"":{""x"":0;""y"":1}; {""start"":{""x"":0;""y"":2};""end"":{""x"":0;""y"":2}; {""start"":{""x"":1;""y"":0};""end"":{""x"":1;""y"":0}; {""start"":{""x"":1;""y"":1};""end"":{""x"":1;""y"":1}; {""start"":{""x"":1;""y"":2};""end"":{""x"":1;""y"":2}; {""start"":{""x"":2;""y"":0};""end"":{""x"":2;""y"":0}; {""start"":{""x"":2;""y"":1};""end"":{""x"":2;""y"":1}; {""start"":{""x"":2;""y"":2};""end"":{""x"":2;""y"":2}; {""start"":{""x"":3;""y"":0};""end"":{""x"":3;""y"":0}; {""start"":{""x"":3;""y"":1};""end"":{""x"":3;""y"":1}; {""start"":{""x"":3;""y"":2};""end"":{""x"":3;""y"":2}; {""start"":{""x"":4;""y"":0};""end"":{""x"":4;""y"":0}; {""start"":{""x"":4;""y"":1};""end"":{""x"":4;""y"":1}; {""start"":{""x"":4;""y"":2};""end"":{""x"":4;""y"":2}; {""start"":{""x"":5;""y"":0};""end"":{""x"":5;""y"":0}; {""start"":{""x"":5;""y"":1};""end"":{""x"":5;""y"":1}; {""start"":{""x"":5;""y"":2};""end"":{""x"":5;""y"":2}; {""start"":{""x"":6;""y"":0};""end"":{""x"":6;""y"":0}; {""start"":{""x"":6;""y"":1};""end"":{""x"":6;""y"":1}; {""start"":{""x"":6;""y"":2};""end"":{""x"":6;""y"":2}; {""start"":{""x"":7;""y"":0};""end"":{""x"":7;""y"":0}; {""start"":{""x"":7;""y"":1};""end"":{""x"":7;""y"":1}; {""start"":{""x"":7;""y"":2};""end"":{""x"":7;""y"":2}; {""start"":{""x"":8;""y"":0};""end"":{""x"":8;""y"":0}; {""start"":{""x"":8;""y"":1};""end"":{""x"":8;""y"":1}; {""start"":{""x"":8;""y"":2};""end"":{""x"":8;""y"":2}; {""start"":{""x"":9;""y"":0};""end"":{""x"":9;""y"":0}; {""start"":{""x"":9;""y"":1};""end"":{""x"":9;""y"":1}; {""start"":{""x"":9;""y"":2};""end"":{""x"":9;""y"":2}; {""start"":{""x"":10;""y"":0};""end"":{""x"":10;""y"":0}; {""start"":{""x"":10;""y"":1};""end"":{""x"":10;""y"":1}]; shape=[32; 128]; orientation=ShardOrientation::ROW_MAJOR};nd_shard_spec=std::nullopt;created_with_nd_shard_spec=0;per_core_allocation=0)'}",,32,110,,,3256963514,3256963895,381,8935952721331,8935952724087,7120,7120,2041,1095,1095,,,,164,1093,1069,,,,,,,,,1[1],32[32],32[1],128[128],TILE,BFLOAT16,DEV_0_DRAM_INTERLEAVED,,,,,,,,1[1],32[32],32[1],128[128],TILE,BFLOAT16,DEV_0_L1_HEIGHT_SHARDED,,,[],[],['ttnn/cpp/ttnn/operations/data_movement/sharded/device/kernels/dataflow/writer_unary_sharded.cpp'; 'ttnn/cpp/ttnn/operations/data_movement/sharded/device/kernels/dataflow/reader_unary_sharded_blocks_interleaved_start_id.cpp'],['writer_unary_sharded/2816079715866797849/'; 'reader_unary_sharded_blocks_interleaved_start_id/13575281725531493021/'],3818893462322974683,False,444,876,0,0,0,0,0,0,0,1,1,1,[],[],0.091,,,,,,,381
EmbeddingsDeviceOperation,tt_dnn_device,74755,3,blackhole,{'embeddings_type': 'EmbeddingsType::GENERIC'; 'output_mem_config': 'MemoryConfig(memory_layout=TensorMemoryLayout::INTERLEAVED;buffer_type=BufferType::DRAM;shard_spec=std::nullopt;nd_shard_spec=std::nullopt;created_with_nd_shard_spec=0;per_core_allocation=0)'; 'pad_token': 'std::nullopt'; 'tilized': 'true'},HiFi4,1,110,,,3256974465,3256974865,400,8935952733921,8935952738034,7810,7813,3047,2524,2524,,,,47,2478,1741,1780,115,1843,,,,,,1[1],1[1],1[1],32[32],ROW_MAJOR,UINT32,DEV_0_DRAM_INTERLEAVED,1[1],1[1],131072[131072],128[128],ROW_MAJOR,BFLOAT16,DEV_0_DRAM_INTERLEAVED,1[1],1[1],32[32],128[128],TILE,BFLOAT16,DEV_0_DRAM_INTERLEAVED,,,['ttnn/cpp/ttnn/operations/data_movement/tilize/device/kernels/compute/tilize.cpp'],['tilize/4075551047992850222/'],['ttnn/cpp/ttnn/operations/eltwise/unary/device/kernels/dataflow/writer_unary_interleaved_start_id.cpp'; 'ttnn/cpp/ttnn/operations/embedding/device/kernels/dataflow/embeddings_tilize.cpp'],['writer_unary_interleaved_start_id/17379425957123616916/'; 'embeddings_tilize/14134729056215501798/'],295500034972764725,False,1000,948,1180,784,2020,0,0,0,0,1,1,1,[],[],0.04,,,,,,,400
TransposeDeviceOperation,tt_dnn_device,75779,3,blackhole,{'dim': 'TransposeOpDim::HC'; 'output_mem_config': 'MemoryConfig(memory_layout=TensorMemoryLayout::INTERLEAVED;buffer_type=BufferType::DRAM;shard_spec=std::nullopt;nd_shard_spec=std::nullopt;created_with_nd_shard_spec=0;per_core_allocation=0)'; 'pad_value': '0'},,110,110,,,3256985536,3256985886,350,8935952754511,8935952759734,12797,12797,3869,3271,3271,,,,160,3260,969,,,,,,,,,1[1],1[1],32[32],128[128],TILE,BFLOAT16,DEV_0_DRAM_INTERLEAVED,,,,,,,,1[1],32[32],32[1],128[128],TILE,BFLOAT16,DEV_0_DRAM_INTERLEAVED,,,[],[],['ttnn/cpp/ttnn/operations/data_movement/transpose/device/kernels/dataflow/writer_unary_transpose_hc_interleaved_tiled_padding_aware.cpp'; 'ttnn/cpp/ttnn/operations/data_movement/transpose/device/kernels/dataflow/reader_unary_transpose_hc_interleaved_tiled_padding_aware.cpp'],['writer_unary_transpose_hc_interleaved_tiled_padding_aware/3403485737563375483/'; 'reader_unary_transpose_hc_interleaved_tiled_padding_aware/3278640446294112578/'],14763886275959663257,False,1216,1040,0,0,0,0,0,0,0,1244,1244,476,[6.585208892822266],[210.7266845703125],38.031,,,,,,,350
InterleavedToShardedDeviceOperation,tt_dnn_device,76803,3,blackhole,"{'keep_l1_aligned': 'false'; 'output_dtype': 'DataType::BFLOAT16'; 'output_mem_config': 'MemoryConfig(memory_layout=TensorMemoryLayout::HEIGHT_SHARDED;buffer_type=BufferType::L1;shard_spec=ShardSpec{grid=[{""start"":{""x"":0;""y"":0};""end"":{""x"":0;""y"":0}; {""start"":{""x"":0;""y"":1};""end"":{""x"":0;""y"":1}; {""start"":{""x"":0;""y"":2};""end"":{""x"":0;""y"":2}; {""start"":{""x"":1;""y"":0};""end"":{""x"":1;""y"":0}; {""start"":{""x"":1;""y"":1};""end"":{""x"":1;""y"":1}; {""start"":{""x"":1;""y"":2};""end"":{""x"":1;""y"":2}; {""start"":{""x"":2;""y"":0};""end"":{""x"":2;""y"":0}; {""start"":{""x"":2;""y"":1};""end"":{""x"":2;""y"":1}; {""start"":{""x"":2;""y"":2};""end"":{""x"":2;""y"":2}; {""start"":{""x"":3;""y"":0};""end"":{""x"":3;""y"":0}; {""start"":{""x"":3;""y"":1};""end"":{""x"":3;""y"":1}; {""start"":{""x"":3;""y"":2};""end"":{""x"":3;""y"":2}; {""start"":{""x"":4;""y"":0};""end"":{""x"":4;""y"":0}; {""start"":{""x"":4;""y"":1};""end"":{""x"":4;""y"":1}; {""start"":{""x"":4;""y"":2};""end"":{""x"":4;""y"":2}; {""start"":{""x"":5;""y"":0};""end"":{""x"":5;""y"":0}; {""start"":{""x"":5;""y"":1};""end"":{""x"":5;""y"":1}; {""start"":{""x"":5;""y"":2};""end"":{""x"":5;""y"":2}; {""start"":{""x"":6;""y"":0};""end"":{""x"":6;""y"":0}; {""start"":{""x"":6;""y"":1};""end"":{""x"":6;""y"":1}; {""start"":{""x"":6;""y"":2};""end"":{""x"":6;""y"":2}; {""start"":{""x"":7;""y"":0};""end"":{""x"":7;""y"":0}; {""start"":{""x"":7;""y"":1};""end"":{""x"":7;""y"":1}; {""start"":{""x"":7;""y"":2};""end"":{""x"":7;""y"":2}; {""start"":{""x"":8;""y"":0};""end"":{""x"":8;""y"":0}; {""start"":{""x"":8;""y"":1};""end"":{""x"":8;""y"":1}; {""start"":{""x"":8;""y"":2};""end"":{""x"":8;""y"":2}; {""start"":{""x"":9;""y"":0};""end"":{""x"":9;""y"":0}; {""start"":{""x"":9;""y"":1};""end"":{""x"":9;""y"":1}; {""start"":{""x"":9;""y"":2};""end"":{""x"":9;""y"":2}; {""start"":{""x"":10;""y"":0};""end"":{""x"":10;""y"":0}; {""start"":{""x"":10;""y"":1};""end"":{""x"":10;""y"":1}]; shape=[32; 128]; orientation=ShardOrientation::ROW_MAJOR};nd_shard_spec=std::nullopt;created_with_nd_shard_spec=0;per_core_allocation=0)'}",,32,110,,,3256997338,3256997709,371,8935952767301,8935952770066,6544,6544,2048,1112,1112,,,,165,1112,1081,,,,,,,,,1[1],32[32],32[1],128[128],TILE,BFLOAT16,DEV_0_DRAM_INTERLEAVED,,,,,,,,1[1],32[32],32[1],128[128],TILE,BFLOAT16,DEV_0_L1_HEIGHT_SHARDED,,,[],[],['ttnn/cpp/ttnn/operations/data_movement/sharded/device/kernels/dataflow/writer_unary_sharded.cpp'; 'ttnn/cpp/ttnn/operations/data_movement/sharded/device/kernels/dataflow/reader_unary_sharded_blocks_interleaved_start_id.cpp'],['writer_unary_sharded/2816079715866797849/'; 'reader_unary_sharded_blocks_interleaved_start_id/13575281725531493021/'],3818893462322974683,False,444,876,0,0,0,0,0,0,0,1,1,1,[],[],0.09,,,,,,,371
EmbeddingsDeviceOperation,tt_dnn_device,77827,3,blackhole,{'embeddings_type': 'EmbeddingsType::GENERIC'; 'output_mem_config': 'MemoryConfig(memory_layout=TensorMemoryLayout::INTERLEAVED;buffer_type=BufferType::DRAM;shard_spec=std::nullopt;nd_shard_spec=std::nullopt;created_with_nd_shard_spec=0;per_core_allocation=0)'; 'pad_token': 'std::nullopt'; 'tilized': 'true'},HiFi4,1,110,,,3257006135,3257006546,411,8935952776981,8935952781159,5649,5663,3095,2570,2558,,,,61,2510,1780,1828,116,1898,,,,,,1[1],1[1],1[1],32[32],ROW_MAJOR,UINT32,DEV_0_DRAM_INTERLEAVED,1[1],1[1],131072[131072],128[128],ROW_MAJOR,BFLOAT16,DEV_0_DRAM_INTERLEAVED,1[1],1[1],32[32],128[128],TILE,BFLOAT16,DEV_0_DRAM_INTERLEAVED,,,['ttnn/cpp/ttnn/operations/data_movement/tilize/device/kernels/compute/tilize.cpp'],['tilize/4075551047992850222/'],['ttnn/cpp/ttnn/operations/eltwise/unary/device/kernels/dataflow/writer_unary_interleaved_start_id.cpp'; 'ttnn/cpp/ttnn/operations/embedding/device/kernels/dataflow/embeddings_tilize.cpp'],['writer_unary_interleaved_start_id/17379425957123616916/'; 'embeddings_tilize/14134729056215501798/'],295500034972764725,False,1000,948,1180,784,2020,0,0,0,0,1,1,1,[],[],0.039,,,,,,,411
TransposeDeviceOperation,tt_dnn_device,78851,3,blackhole,{'dim': 'TransposeOpDim::HC'; 'output_mem_config': 'MemoryConfig(memory_layout=TensorMemoryLayout::INTERLEAVED;buffer_type=BufferType::DRAM;shard_spec=std::nullopt;nd_shard_spec=std::nullopt;created_with_nd_shard_spec=0;per_core_allocation=0)'; 'pad_value': '0'},,110,110,,,3257017417,3257018449,1032,8935952797079,8935952802314,12372,12372,3878,3294,3294,,,,161,3290,975,,,,,,,,,1[1],1[1],32[32],128[128],TILE,BFLOAT16,DEV_0_DRAM_INTERLEAVED,,,,,,,,1[1],32[32],32[1],128[128],TILE,BFLOAT16,DEV_0_DRAM_INTERLEAVED,,,[],[],['ttnn/cpp/ttnn/operations/data_movement/transpose/device/kernels/dataflow/writer_unary_transpose_hc_interleaved_tiled_padding_aware.cpp'; 'ttnn/cpp/ttnn/operations/data_movement/transpose/device/kernels/dataflow/reader_unary_transpose_hc_interleaved_tiled_padding_aware.cpp'],['writer_unary_transpose_hc_interleaved_tiled_padding_aware/3403485737563375483/'; 'reader_unary_transpose_hc_interleaved_tiled_padding_aware/3278640446294112578/'],14763886275959663257,False,1216,1040,0,0,0,0,0,0,0,1244,1244,476,[6.585208892822266],[210.7266845703125],37.766,,,,,,,1032
InterleavedToShardedDeviceOperation,tt_dnn_device,79875,3,blackhole,"{'keep_l1_aligned': 'false'; 'output_dtype': 'DataType::BFLOAT16'; 'output_mem_config': 'MemoryConfig(memory_layout=TensorMemoryLayout::HEIGHT_SHARDED;buffer_type=BufferType::L1;shard_spec=ShardSpec{grid=[{""start"":{""x"":0;""y"":0};""end"":{""x"":0;""y"":0}; {""start"":{""x"":0;""y"":1};""end"":{""x"":0;""y"":1}; {""start"":{""x"":0;""y"":2};""end"":{""x"":0;""y"":2}; {""start"":{""x"":1;""y"":0};""end"":{""x"":1;""y"":0}; {""start"":{""x"":1;""y"":1};""end"":{""x"":1;""y"":1}; {""start"":{""x"":1;""y"":2};""end"":{""x"":1;""y"":2}; {""start"":{""x"":2;""y"":0};""end"":{""x"":2;""y"":0}; {""start"":{""x"":2;""y"":1};""end"":{""x"":2;""y"":1}; {""start"":{""x"":2;""y"":2};""end"":{""x"":2;""y"":2}; {""start"":{""x"":3;""y"":0};""end"":{""x"":3;""y"":0}; {""start"":{""x"":3;""y"":1};""end"":{""x"":3;""y"":1}; {""start"":{""x"":3;""y"":2};""end"":{""x"":3;""y"":2}; {""start"":{""x"":4;""y"":0};""end"":{""x"":4;""y"":0}; {""start"":{""x"":4;""y"":1};""end"":{""x"":4;""y"":1}; {""start"":{""x"":4;""y"":2};""end"":{""x"":4;""y"":2}; {""start"":{""x"":5;""y"":0};""end"":{""x"":5;""y"":0}; {""start"":{""x"":5;""y"":1};""end"":{""x"":5;""y"":1}; {""start"":{""x"":5;""y"":2};""end"":{""x"":5;""y"":2}; {""start"":{""x"":6;""y"":0};""end"":{""x"":6;""y"":0}; {""start"":{""x"":6;""y"":1};""end"":{""x"":6;""y"":1}; {""start"":{""x"":6;""y"":2};""end"":{""x"":6;""y"":2}; {""start"":{""x"":7;""y"":0};""end"":{""x"":7;""y"":0}; {""start"":{""x"":7;""y"":1};""end"":{""x"":7;""y"":1}; {""start"":{""x"":7;""y"":2};""end"":{""x"":7;""y"":2}; {""start"":{""x"":8;""y"":0};""end"":{""x"":8;""y"":0}; {""start"":{""x"":8;""y"":1};""end"":{""x"":8;""y"":1}; {""start"":{""x"":8;""y"":2};""end"":{""x"":8;""y"":2}; {""start"":{""x"":9;""y"":0};""end"":{""x"":9;""y"":0}; {""start"":{""x"":9;""y"":1};""end"":{""x"":9;""y"":1}; {""start"":{""x"":9;""y"":2};""end"":{""x"":9;""y"":2}; {""start"":{""x"":10;""y"":0};""end"":{""x"":10;""y"":0}; {""start"":{""x"":10;""y"":1};""end"":{""x"":10;""y"":1}]; shape=[32; 128]; orientation=ShardOrientation::ROW_MAJOR};nd_shard_spec=std::nullopt;created_with_nd_shard_spec=0;per_core_allocation=0)'}",,32,110,,,3257030291,3257030832,541,8935952811485,8935952814261,7725,7725,2056,1112,1112,,,,167,1105,1093,,,,,,,,,1[1],32[32],32[1],128[128],TILE,BFLOAT16,DEV_0_DRAM_INTERLEAVED,,,,,,,,1[1],32[32],32[1],128[128],TILE,BFLOAT16,DEV_0_L1_HEIGHT_SHARDED,,,[],[],['ttnn/cpp/ttnn/operations/data_movement/sharded/device/kernels/dataflow/writer_unary_sharded.cpp'; 'ttnn/cpp/ttnn/operations/data_movement/sharded/device/kernels/dataflow/reader_unary_sharded_blocks_interleaved_start_id.cpp'],['writer_unary_sharded/2816079715866797849/'; 'reader_unary_sharded_blocks_interleaved_start_id/13575281725531493021/'],3818893462322974683,False,444,876,0,0,0,0,0,0,0,1,1,1,[],[],0.09,,,,,,,541
EmbeddingsDeviceOperation,tt_dnn_device,80899,3,blackhole,{'embeddings_type': 'EmbeddingsType::GENERIC'; 'output_mem_config': 'MemoryConfig(memory_layout=TensorMemoryLayout::INTERLEAVED;buffer_type=BufferType::DRAM;shard_spec=std::nullopt;nd_shard_spec=std::nullopt;created_with_nd_shard_spec=0;per_core_allocation=0)'; 'pad_token': 'std::nullopt'; 'tilized': 'true'},HiFi4,1,110,,,3257041533,3257041923,390,8935952824459,8935952828668,8109,8117,3118,2577,2568,,,,40,2537,1744,1829,115,1905,,,,,,1[1],1[1],1[1],32[32],ROW_MAJOR,UINT32,DEV_0_DRAM_INTERLEAVED,1[1],1[1],131072[131072],128[128],ROW_MAJOR,BFLOAT16,DEV_0_DRAM_INTERLEAVED,1[1],1[1],32[32],128[128],TILE,BFLOAT16,DEV_0_DRAM_INTERLEAVED,,,['ttnn/cpp/ttnn/operations/data_movement/tilize/device/kernels/compute/tilize.cpp'],['tilize/4075551047992850222/'],['ttnn/cpp/ttnn/operations/eltwise/unary/device/kernels/dataflow/writer_unary_interleaved_start_id.cpp'; 'ttnn/cpp/ttnn/operations/embedding/device/kernels/dataflow/embeddings_tilize.cpp'],['writer_unary_interleaved_start_id/17379425957123616916/'; 'embeddings_tilize/14134729056215501798/'],295500034972764725,False,1000,948,1180,784,2020,0,0,0,0,1,1,1,[],[],0.039,,,,,,,390
TransposeDeviceOperation,tt_dnn_device,81923,3,blackhole,{'dim': 'TransposeOpDim::HC'; 'output_mem_config': 'MemoryConfig(memory_layout=TensorMemoryLayout::INTERLEAVED;buffer_type=BufferType::DRAM;shard_spec=std::nullopt;nd_shard_spec=std::nullopt;created_with_nd_shard_spec=0;per_core_allocation=0)'; 'pad_value': '0'},,110,110,,,3257052654,3257053005,351,8935952844669,8935952849889,12439,12439,3867,3281,3281,,,,159,3275,970,,,,,,,,,1[1],1[1],32[32],128[128],TILE,BFLOAT16,DEV_0_DRAM_INTERLEAVED,,,,,,,,1[1],32[32],32[1],128[128],TILE,BFLOAT16,DEV_0_DRAM_INTERLEAVED,,,[],[],['ttnn/cpp/ttnn/operations/data_movement/transpose/device/kernels/dataflow/writer_unary_transpose_hc_interleaved_tiled_padding_aware.cpp'; 'ttnn/cpp/ttnn/operations/data_movement/transpose/device/kernels/dataflow/reader_unary_transpose_hc_interleaved_tiled_padding_aware.cpp'],['writer_unary_transpose_hc_interleaved_tiled_padding_aware/3403485737563375483/'; 'reader_unary_transpose_hc_interleaved_tiled_padding_aware/3278640446294112578/'],14763886275959663257,False,1216,1040,0,0,0,0,0,0,0,1244,1244,476,[6.585208892822266],[210.7266845703125],37.915,,,,,,,351
InterleavedToShardedDeviceOperation,tt_dnn_device,82947,3,blackhole,"{'keep_l1_aligned': 'false'; 'output_dtype': 'DataType::BFLOAT16'; 'output_mem_config': 'MemoryConfig(memory_layout=TensorMemoryLayout::HEIGHT_SHARDED;buffer_type=BufferType::L1;shard_spec=ShardSpec{grid=[{""start"":{""x"":0;""y"":0};""end"":{""x"":0;""y"":0}; {""start"":{""x"":0;""y"":1};""end"":{""x"":0;""y"":1}; {""start"":{""x"":0;""y"":2};""end"":{""x"":0;""y"":2}; {""start"":{""x"":1;""y"":0};""end"":{""x"":1;""y"":0}; {""start"":{""x"":1;""y"":1};""end"":{""x"":1;""y"":1}; {""start"":{""x"":1;""y"":2};""end"":{""x"":1;""y"":2}; {""start"":{""x"":2;""y"":0};""end"":{""x"":2;""y"":0}; {""start"":{""x"":2;""y"":1};""end"":{""x"":2;""y"":1}; {""start"":{""x"":2;""y"":2};""end"":{""x"":2;""y"":2}; {""start"":{""x"":3;""y"":0};""end"":{""x"":3;""y"":0}; {""start"":{""x"":3;""y"":1};""end"":{""x"":3;""y"":1}; {""start"":{""x"":3;""y"":2};""end"":{""x"":3;""y"":2}; {""start"":{""x"":4;""y"":0};""end"":{""x"":4;""y"":0}; {""start"":{""x"":4;""y"":1};""end"":{""x"":4;""y"":1}; {""start"":{""x"":4;""y"":2};""end"":{""x"":4;""y"":2}; {""start"":{""x"":5;""y"":0};""end"":{""x"":5;""y"":0}; {""start"":{""x"":5;""y"":1};""end"":{""x"":5;""y"":1}; {""start"":{""x"":5;""y"":2};""end"":{""x"":5;""y"":2}; {""start"":{""x"":6;""y"":0};""end"":{""x"":6;""y"":0}; {""start"":{""x"":6;""y"":1};""end"":{""x"":6;""y"":1}; {""start"":{""x"":6;""y"":2};""end"":{""x"":6;""y"":2}; {""start"":{""x"":7;""y"":0};""end"":{""x"":7;""y"":0}; {""start"":{""x"":7;""y"":1};""end"":{""x"":7;""y"":1}; {""start"":{""x"":7;""y"":2};""end"":{""x"":7;""y"":2}; {""start"":{""x"":8;""y"":0};""end"":{""x"":8;""y"":0}; {""start"":{""x"":8;""y"":1};""end"":{""x"":8;""y"":1}; {""start"":{""x"":8;""y"":2};""end"":{""x"":8;""y"":2}; {""start"":{""x"":9;""y"":0};""end"":{""x"":9;""y"":0}; {""start"":{""x"":9;""y"":1};""end"":{""x"":9;""y"":1}; {""start"":{""x"":9;""y"":2};""end"":{""x"":9;""y"":2}; {""start"":{""x"":10;""y"":0};""end"":{""x"":10;""y"":0}; {""start"":{""x"":10;""y"":1};""end"":{""x"":10;""y"":1}]; shape=[32; 128]; orientation=ShardOrientation::ROW_MAJOR};nd_shard_spec=std::nullopt;created_with_nd_shard_spec=0;per_core_allocation=0)'}",,32,110,,,3257064496,3257064897,401,8935952858173,8935952860889,7052,7052,2012,1101,1101,,,,170,1097,1071,,,,,,,,,1[1],32[32],32[1],128[128],TILE,BFLOAT16,DEV_0_DRAM_INTERLEAVED,,,,,,,,1[1],32[32],32[1],128[128],TILE,BFLOAT16,DEV_0_L1_HEIGHT_SHARDED,,,[],[],['ttnn/cpp/ttnn/operations/data_movement/sharded/device/kernels/dataflow/writer_unary_sharded.cpp'; 'ttnn/cpp/ttnn/operations/data_movement/sharded/device/kernels/dataflow/reader_unary_sharded_blocks_interleaved_start_id.cpp'],['writer_unary_sharded/2816079715866797849/'; 'reader_unary_sharded_blocks_interleaved_start_id/13575281725531493021/'],3818893462322974683,False,444,876,0,0,0,0,0,0,0,1,1,1,[],[],0.091,,,,,,,401
EmbeddingsDeviceOperation,tt_dnn_device,83971,3,blackhole,{'embeddings_type': 'EmbeddingsType::GENERIC'; 'output_mem_config': 'MemoryConfig(memory_layout=TensorMemoryLayout::INTERLEAVED;buffer_type=BufferType::DRAM;shard_spec=std::nullopt;nd_shard_spec=std::nullopt;created_with_nd_shard_spec=0;per_core_allocation=0)'; 'pad_token': 'std::nullopt'; 'tilized': 'true'},HiFi4,1,110,,,3257073223,3257073644,421,8935952867246,8935952871377,5235,5238,3060,2535,2532,,,,57,2482,1754,1793,116,1840,,,,,,1[1],1[1],1[1],32[32],ROW_MAJOR,UINT32,DEV_0_DRAM_INTERLEAVED,1[1],1[1],131072[131072],128[128],ROW_MAJOR,BFLOAT16,DEV_0_DRAM_INTERLEAVED,1[1],1[1],32[32],128[128],TILE,BFLOAT16,DEV_0_DRAM_INTERLEAVED,,,['ttnn/cpp/ttnn/operations/data_movement/tilize/device/kernels/compute/tilize.cpp'],['tilize/4075551047992850222/'],['ttnn/cpp/ttnn/operations/eltwise/unary/device/kernels/dataflow/writer_unary_interleaved_start_id.cpp'; 'ttnn/cpp/ttnn/operations/embedding/device/kernels/dataflow/embeddings_tilize.cpp'],['writer_unary_interleaved_start_id/17379425957123616916/'; 'embeddings_tilize/14134729056215501798/'],295500034972764725,False,1000,948,1180,784,2020,0,0,0,0,1,1,1,[],[],0.039,,,,,,,421
TransposeDeviceOperation,tt_dnn_device,84995,3,blackhole,{'dim': 'TransposeOpDim::HC'; 'output_mem_config': 'MemoryConfig(memory_layout=TensorMemoryLayout::INTERLEAVED;buffer_type=BufferType::DRAM;shard_spec=std::nullopt;nd_shard_spec=std::nullopt;created_with_nd_shard_spec=0;per_core_allocation=0)'; 'pad_value': '0'},,110,110,,,3257084465,3257084795,330,8935952887583,8935952892838,12581,12581,3893,3307,3307,,,,167,3307,971,,,,,,,,,1[1],1[1],32[32],128[128],TILE,BFLOAT16,DEV_0_DRAM_INTERLEAVED,,,,,,,,1[1],32[32],32[1],128[128],TILE,BFLOAT16,DEV_0_DRAM_INTERLEAVED,,,[],[],['ttnn/cpp/ttnn/operations/data_movement/transpose/device/kernels/dataflow/writer_unary_transpose_hc_interleaved_tiled_padding_aware.cpp'; 'ttnn/cpp/ttnn/operations/data_movement/transpose/device/kernels/dataflow/reader_unary_transpose_hc_interleaved_tiled_padding_aware.cpp'],['writer_unary_transpose_hc_interleaved_tiled_padding_aware/3403485737563375483/'; 'reader_unary_transpose_hc_interleaved_tiled_padding_aware/3278640446294112578/'],14763886275959663257,False,1216,1040,0,0,0,0,0,0,0,1244,1244,476,[6.585208892822266],[210.7266845703125],37.617,,,,,,,330
InterleavedToShardedDeviceOperation,tt_dnn_device,86019,3,blackhole,"{'keep_l1_aligned': 'false'; 'output_dtype': 'DataType::BFLOAT16'; 'output_mem_config': 'MemoryConfig(memory_layout=TensorMemoryLayout::HEIGHT_SHARDED;buffer_type=BufferType::L1;shard_spec=ShardSpec{grid=[{""start"":{""x"":0;""y"":0};""end"":{""x"":0;""y"":0}; {""start"":{""x"":0;""y"":1};""end"":{""x"":0;""y"":1}; {""start"":{""x"":0;""y"":2};""end"":{""x"":0;""y"":2}; {""start"":{""x"":1;""y"":0};""end"":{""x"":1;""y"":0}; {""start"":{""x"":1;""y"":1};""end"":{""x"":1;""y"":1}; {""start"":{""x"":1;""y"":2};""end"":{""x"":1;""y"":2}; {""start"":{""x"":2;""y"":0};""end"":{""x"":2;""y"":0}; {""start"":{""x"":2;""y"":1};""end"":{""x"":2;""y"":1}; {""start"":{""x"":2;""y"":2};""end"":{""x"":2;""y"":2}; {""start"":{""x"":3;""y"":0};""end"":{""x"":3;""y"":0}; {""start"":{""x"":3;""y"":1};""end"":{""x"":3;""y"":1}; {""start"":{""x"":3;""y"":2};""end"":{""x"":3;""y"":2}; {""start"":{""x"":4;""y"":0};""end"":{""x"":4;""y"":0}; {""start"":{""x"":4;""y"":1};""end"":{""x"":4;""y"":1}; {""start"":{""x"":4;""y"":2};""end"":{""x"":4;""y"":2}; {""start"":{""x"":5;""y"":0};""end"":{""x"":5;""y"":0}; {""start"":{""x"":5;""y"":1};""end"":{""x"":5;""y"":1}; {""start"":{""x"":5;""y"":2};""end"":{""x"":5;""y"":2}; {""start"":{""x"":6;""y"":0};""end"":{""x"":6;""y"":0}; {""start"":{""x"":6;""y"":1};""end"":{""x"":6;""y"":1}; {""start"":{""x"":6;""y"":2};""end"":{""x"":6;""y"":2}; {""start"":{""x"":7;""y"":0};""end"":{""x"":7;""y"":0}; {""start"":{""x"":7;""y"":1};""end"":{""x"":7;""y"":1}; {""start"":{""x"":7;""y"":2};""end"":{""x"":7;""y"":2}; {""start"":{""x"":8;""y"":0};""end"":{""x"":8;""y"":0}; {""start"":{""x"":8;""y"":1};""end"":{""x"":8;""y"":1}; {""start"":{""x"":8;""y"":2};""end"":{""x"":8;""y"":2}; {""start"":{""x"":9;""y"":0};""end"":{""x"":9;""y"":0}; {""start"":{""x"":9;""y"":1};""end"":{""x"":9;""y"":1}; {""start"":{""x"":9;""y"":2};""end"":{""x"":9;""y"":2}; {""start"":{""x"":10;""y"":0};""end"":{""x"":10;""y"":0}; {""start"":{""x"":10;""y"":1};""end"":{""x"":10;""y"":1}]; shape=[32; 128]; orientation=ShardOrientation::ROW_MAJOR};nd_shard_spec=std::nullopt;created_with_nd_shard_spec=0;per_core_allocation=0)'}",,32,110,,,3257096467,3257096848,381,8935952900851,8935952903609,6851,6851,2043,1124,1124,,,,165,1123,1101,,,,,,,,,1[1],32[32],32[1],128[128],TILE,BFLOAT16,DEV_0_DRAM_INTERLEAVED,,,,,,,,1[1],32[32],32[1],128[128],TILE,BFLOAT16,DEV_0_L1_HEIGHT_SHARDED,,,[],[],['ttnn/cpp/ttnn/operations/data_movement/sharded/device/kernels/dataflow/writer_unary_sharded.cpp'; 'ttnn/cpp/ttnn/operations/data_movement/sharded/device/kernels/dataflow/reader_unary_sharded_blocks_interleaved_start_id.cpp'],['writer_unary_sharded/2816079715866797849/'; 'reader_unary_sharded_blocks_interleaved_start_id/13575281725531493021/'],3818893462322974683,False,444,876,0,0,0,0,0,0,0,1,1,1,[],[],0.089,,,,,,,381
EmbeddingsDeviceOperation,tt_dnn_device,87043,3,blackhole,{'embeddings_type': 'EmbeddingsType::GENERIC'; 'output_mem_config': 'MemoryConfig(memory_layout=TensorMemoryLayout::INTERLEAVED;buffer_type=BufferType::DRAM;shard_spec=std::nullopt;nd_shard_spec=std::nullopt;created_with_nd_shard_spec=0;per_core_allocation=0)'; 'pad_token': 'std::nullopt'; 'tilized': 'true'},HiFi4,1,110,,,3257107218,3257107599,381,8935952913123,8935952917276,7601,7601,3076,2532,2532,,,,25,2507,1749,1784,114,1869,,,,,,1[1],1[1],1[1],32[32],ROW_MAJOR,UINT32,DEV_0_DRAM_INTERLEAVED,1[1],1[1],131072[131072],128[128],ROW_MAJOR,BFLOAT16,DEV_0_DRAM_INTERLEAVED,1[1],1[1],32[32],128[128],TILE,BFLOAT16,DEV_0_DRAM_INTERLEAVED,,,['ttnn/cpp/ttnn/operations/data_movement/tilize/device/kernels/compute/tilize.cpp'],['tilize/4075551047992850222/'],['ttnn/cpp/ttnn/operations/eltwise/unary/device/kernels/dataflow/writer_unary_interleaved_start_id.cpp'; 'ttnn/cpp/ttnn/operations/embedding/device/kernels/dataflow/embeddings_tilize.cpp'],['writer_unary_interleaved_start_id/17379425957123616916/'; 'embeddings_tilize/14134729056215501798/'],295500034972764725,False,1000,948,1180,784,2020,0,0,0,0,1,1,1,[],[],0.039,,,,,,,381
TransposeDeviceOperation,tt_dnn_device,88067,3,blackhole,{'dim': 'TransposeOpDim::HC'; 'output_mem_config': 'MemoryConfig(memory_layout=TensorMemoryLayout::INTERLEAVED;buffer_type=BufferType::DRAM;shard_spec=std::nullopt;nd_shard_spec=std::nullopt;created_with_nd_shard_spec=0;per_core_allocation=0)'; 'pad_value': '0'},,110,110,,,3257118309,3257118670,361,8935952933536,8935952938774,12625,12625,3880,3294,3294,,,,162,3289,977,,,,,,,,,1[1],1[1],32[32],128[128],TILE,BFLOAT16,DEV_0_DRAM_INTERLEAVED,,,,,,,,1[1],32[32],32[1],128[128],TILE,BFLOAT16,DEV_0_DRAM_INTERLEAVED,,,[],[],['ttnn/cpp/ttnn/operations/data_movement/transpose/device/kernels/dataflow/writer_unary_transpose_hc_interleaved_tiled_padding_aware.cpp'; 'ttnn/cpp/ttnn/operations/data_movement/transpose/device/kernels/dataflow/reader_unary_transpose_hc_interleaved_tiled_padding_aware.cpp'],['writer_unary_transpose_hc_interleaved_tiled_padding_aware/3403485737563375483/'; 'reader_unary_transpose_hc_interleaved_tiled_padding_aware/3278640446294112578/'],14763886275959663257,False,1216,1040,0,0,0,0,0,0,0,1244,1244,476,[6.585208892822266],[210.7266845703125],37.766,,,,,,,361
InterleavedToShardedDeviceOperation,tt_dnn_device,89091,3,blackhole,"{'keep_l1_aligned': 'false'; 'output_dtype': 'DataType::BFLOAT16'; 'output_mem_config': 'MemoryConfig(memory_layout=TensorMemoryLayout::HEIGHT_SHARDED;buffer_type=BufferType::L1;shard_spec=ShardSpec{grid=[{""start"":{""x"":0;""y"":0};""end"":{""x"":0;""y"":0}; {""start"":{""x"":0;""y"":1};""end"":{""x"":0;""y"":1}; {""start"":{""x"":0;""y"":2};""end"":{""x"":0;""y"":2}; {""start"":{""x"":1;""y"":0};""end"":{""x"":1;""y"":0}; {""start"":{""x"":1;""y"":1};""end"":{""x"":1;""y"":1}; {""start"":{""x"":1;""y"":2};""end"":{""x"":1;""y"":2}; {""start"":{""x"":2;""y"":0};""end"":{""x"":2;""y"":0}; {""start"":{""x"":2;""y"":1};""end"":{""x"":2;""y"":1}; {""start"":{""x"":2;""y"":2};""end"":{""x"":2;""y"":2}; {""start"":{""x"":3;""y"":0};""end"":{""x"":3;""y"":0}; {""start"":{""x"":3;""y"":1};""end"":{""x"":3;""y"":1}; {""start"":{""x"":3;""y"":2};""end"":{""x"":3;""y"":2}; {""start"":{""x"":4;""y"":0};""end"":{""x"":4;""y"":0}; {""start"":{""x"":4;""y"":1};""end"":{""x"":4;""y"":1}; {""start"":{""x"":4;""y"":2};""end"":{""x"":4;""y"":2}; {""start"":{""x"":5;""y"":0};""end"":{""x"":5;""y"":0}; {""start"":{""x"":5;""y"":1};""end"":{""x"":5;""y"":1}; {""start"":{""x"":5;""y"":2};""end"":{""x"":5;""y"":2}; {""start"":{""x"":6;""y"":0};""end"":{""x"":6;""y"":0}; {""start"":{""x"":6;""y"":1};""end"":{""x"":6;""y"":1}; {""start"":{""x"":6;""y"":2};""end"":{""x"":6;""y"":2}; {""start"":{""x"":7;""y"":0};""end"":{""x"":7;""y"":0}; {""start"":{""x"":7;""y"":1};""end"":{""x"":7;""y"":1}; {""start"":{""x"":7;""y"":2};""end"":{""x"":7;""y"":2}; {""start"":{""x"":8;""y"":0};""end"":{""x"":8;""y"":0}; {""start"":{""x"":8;""y"":1};""end"":{""x"":8;""y"":1}; {""start"":{""x"":8;""y"":2};""end"":{""x"":8;""y"":2}; {""start"":{""x"":9;""y"":0};""end"":{""x"":9;""y"":0}; {""start"":{""x"":9;""y"":1};""end"":{""x"":9;""y"":1}; {""start"":{""x"":9;""y"":2};""end"":{""x"":9;""y"":2}; {""start"":{""x"":10;""y"":0};""end"":{""x"":10;""y"":0}; {""start"":{""x"":10;""y"":1};""end"":{""x"":10;""y"":1}]; shape=[32; 128]; orientation=ShardOrientation::ROW_MAJOR};nd_shard_spec=std::nullopt;created_with_nd_shard_spec=0;per_core_allocation=0)'}",,32,110,,,3257129991,3257130392,401,8935952946396,8935952949150,6571,6571,2040,1111,1111,,,,163,1111,1082,,,,,,,,,1[1],32[32],32[1],128[128],TILE,BFLOAT16,DEV_0_DRAM_INTERLEAVED,,,,,,,,1[1],32[32],32[1],128[128],TILE,BFLOAT16,DEV_0_L1_HEIGHT_SHARDED,,,[],[],['ttnn/cpp/ttnn/operations/data_movement/sharded/device/kernels/dataflow/writer_unary_sharded.cpp'; 'ttnn/cpp/ttnn/operations/data_movement/sharded/device/kernels/dataflow/reader_unary_sharded_blocks_interleaved_start_id.cpp'],['writer_unary_sharded/2816079715866797849/'; 'reader_unary_sharded_blocks_interleaved_start_id/13575281725531493021/'],3818893462322974683,False,444,876,0,0,0,0,0,0,0,1,1,1,[],[],0.09,,,,,,,401
EmbeddingsDeviceOperation,tt_dnn_device,90115,3,blackhole,{'embeddings_type': 'EmbeddingsType::GENERIC'; 'output_mem_config': 'MemoryConfig(memory_layout=TensorMemoryLayout::INTERLEAVED;buffer_type=BufferType::DRAM;shard_spec=std::nullopt;nd_shard_spec=std::nullopt;created_with_nd_shard_spec=0;per_core_allocation=0)'; 'pad_token': 'std::nullopt'; 'tilized': 'true'},HiFi4,1,110,,,3257138848,3257139259,411,8935952956011,8935952960119,5607,5607,3043,2526,2526,,,,56,2477,1743,1769,117,1833,,,,,,1[1],1[1],1[1],32[32],ROW_MAJOR,UINT32,DEV_0_DRAM_INTERLEAVED,1[1],1[1],131072[131072],128[128],ROW_MAJOR,BFLOAT16,DEV_0_DRAM_INTERLEAVED,1[1],1[1],32[32],128[128],TILE,BFLOAT16,DEV_0_DRAM_INTERLEAVED,,,['ttnn/cpp/ttnn/operations/data_movement/tilize/device/kernels/compute/tilize.cpp'],['tilize/4075551047992850222/'],['ttnn/cpp/ttnn/operations/eltwise/unary/device/kernels/dataflow/writer_unary_interleaved_start_id.cpp'; 'ttnn/cpp/ttnn/operations/embedding/device/kernels/dataflow/embeddings_tilize.cpp'],['writer_unary_interleaved_start_id/17379425957123616916/'; 'embeddings_tilize/14134729056215501798/'],295500034972764725,False,1000,948,1180,784,2020,0,0,0,0,1,1,1,[],[],0.04,,,,,,,411
TransposeDeviceOperation,tt_dnn_device,91139,3,blackhole,{'dim': 'TransposeOpDim::HC'; 'output_mem_config': 'MemoryConfig(memory_layout=TensorMemoryLayout::INTERLEAVED;buffer_type=BufferType::DRAM;shard_spec=std::nullopt;nd_shard_spec=std::nullopt;created_with_nd_shard_spec=0;per_core_allocation=0)'; 'pad_value': '0'},,110,110,,,3257150010,3257150350,340,8935952976093,8935952981406,12441,12441,3936,3331,3331,,,,158,3325,980,,,,,,,,,1[1],1[1],32[32],128[128],TILE,BFLOAT16,DEV_0_DRAM_INTERLEAVED,,,,,,,,1[1],32[32],32[1],128[128],TILE,BFLOAT16,DEV_0_DRAM_INTERLEAVED,,,[],[],['ttnn/cpp/ttnn/operations/data_movement/transpose/device/kernels/dataflow/writer_unary_transpose_hc_interleaved_tiled_padding_aware.cpp'; 'ttnn/cpp/ttnn/operations/data_movement/transpose/device/kernels/dataflow/reader_unary_transpose_hc_interleaved_tiled_padding_aware.cpp'],['writer_unary_transpose_hc_interleaved_tiled_padding_aware/3403485737563375483/'; 'reader_unary_transpose_hc_interleaved_tiled_padding_aware/3278640446294112578/'],14763886275959663257,False,1216,1040,0,0,0,0,0,0,0,1244,1244,476,[6.585208892822266],[210.7266845703125],37.346,,,,,,,340
InterleavedToShardedDeviceOperation,tt_dnn_device,92163,3,blackhole,"{'keep_l1_aligned': 'false'; 'output_dtype': 'DataType::BFLOAT16'; 'output_mem_config': 'MemoryConfig(memory_layout=TensorMemoryLayout::HEIGHT_SHARDED;buffer_type=BufferType::L1;shard_spec=ShardSpec{grid=[{""start"":{""x"":0;""y"":0};""end"":{""x"":0;""y"":0}; {""start"":{""x"":0;""y"":1};""end"":{""x"":0;""y"":1}; {""start"":{""x"":0;""y"":2};""end"":{""x"":0;""y"":2}; {""start"":{""x"":1;""y"":0};""end"":{""x"":1;""y"":0}; {""start"":{""x"":1;""y"":1};""end"":{""x"":1;""y"":1}; {""start"":{""x"":1;""y"":2};""end"":{""x"":1;""y"":2}; {""start"":{""x"":2;""y"":0};""end"":{""x"":2;""y"":0}; {""start"":{""x"":2;""y"":1};""end"":{""x"":2;""y"":1}; {""start"":{""x"":2;""y"":2};""end"":{""x"":2;""y"":2}; {""start"":{""x"":3;""y"":0};""end"":{""x"":3;""y"":0}; {""start"":{""x"":3;""y"":1};""end"":{""x"":3;""y"":1}; {""start"":{""x"":3;""y"":2};""end"":{""x"":3;""y"":2}; {""start"":{""x"":4;""y"":0};""end"":{""x"":4;""y"":0}; {""start"":{""x"":4;""y"":1};""end"":{""x"":4;""y"":1}; {""start"":{""x"":4;""y"":2};""end"":{""x"":4;""y"":2}; {""start"":{""x"":5;""y"":0};""end"":{""x"":5;""y"":0}; {""start"":{""x"":5;""y"":1};""end"":{""x"":5;""y"":1}; {""start"":{""x"":5;""y"":2};""end"":{""x"":5;""y"":2}; {""start"":{""x"":6;""y"":0};""end"":{""x"":6;""y"":0}; {""start"":{""x"":6;""y"":1};""end"":{""x"":6;""y"":1}; {""start"":{""x"":6;""y"":2};""end"":{""x"":6;""y"":2}; {""start"":{""x"":7;""y"":0};""end"":{""x"":7;""y"":0}; {""start"":{""x"":7;""y"":1};""end"":{""x"":7;""y"":1}; {""start"":{""x"":7;""y"":2};""end"":{""x"":7;""y"":2}; {""start"":{""x"":8;""y"":0};""end"":{""x"":8;""y"":0}; {""start"":{""x"":8;""y"":1};""end"":{""x"":8;""y"":1}; {""start"":{""x"":8;""y"":2};""end"":{""x"":8;""y"":2}; {""start"":{""x"":9;""y"":0};""end"":{""x"":9;""y"":0}; {""start"":{""x"":9;""y"":1};""end"":{""x"":9;""y"":1}; {""start"":{""x"":9;""y"":2};""end"":{""x"":9;""y"":2}; {""start"":{""x"":10;""y"":0};""end"":{""x"":10;""y"":0}; {""start"":{""x"":10;""y"":1};""end"":{""x"":10;""y"":1}]; shape=[32; 128]; orientation=ShardOrientation::ROW_MAJOR};nd_shard_spec=std::nullopt;created_with_nd_shard_spec=0;per_core_allocation=0)'}",,32,110,,,3257162053,3257162443,390,8935952990118,8935952992845,7381,7381,2020,1086,1086,,,,165,1079,1058,,,,,,,,,1[1],32[32],32[1],128[128],TILE,BFLOAT16,DEV_0_DRAM_INTERLEAVED,,,,,,,,1[1],32[32],32[1],128[128],TILE,BFLOAT16,DEV_0_L1_HEIGHT_SHARDED,,,[],[],['ttnn/cpp/ttnn/operations/data_movement/sharded/device/kernels/dataflow/writer_unary_sharded.cpp'; 'ttnn/cpp/ttnn/operations/data_movement/sharded/device/kernels/dataflow/reader_unary_sharded_blocks_interleaved_start_id.cpp'],['writer_unary_sharded/2816079715866797849/'; 'reader_unary_sharded_blocks_interleaved_start_id/13575281725531493021/'],3818893462322974683,False,444,876,0,0,0,0,0,0,0,1,1,1,[],[],0.092,,,,,,,390
EmbeddingsDeviceOperation,tt_dnn_device,93187,3,blackhole,{'embeddings_type': 'EmbeddingsType::GENERIC'; 'output_mem_config': 'MemoryConfig(memory_layout=TensorMemoryLayout::INTERLEAVED;buffer_type=BufferType::DRAM;shard_spec=std::nullopt;nd_shard_spec=std::nullopt;created_with_nd_shard_spec=0;per_core_allocation=0)'; 'pad_token': 'std::nullopt'; 'tilized': 'true'},HiFi4,1,110,,,3257172813,3257173214,401,8935953002065,8935953006165,7352,7352,3037,2515,2515,,,,53,2464,1731,1767,113,1824,,,,,,1[1],1[1],1[1],32[32],ROW_MAJOR,UINT32,DEV_0_DRAM_INTERLEAVED,1[1],1[1],131072[131072],128[128],ROW_MAJOR,BFLOAT16,DEV_0_DRAM_INTERLEAVED,1[1],1[1],32[32],128[128],TILE,BFLOAT16,DEV_0_DRAM_INTERLEAVED,,,['ttnn/cpp/ttnn/operations/data_movement/tilize/device/kernels/compute/tilize.cpp'],['tilize/4075551047992850222/'],['ttnn/cpp/ttnn/operations/eltwise/unary/device/kernels/dataflow/writer_unary_interleaved_start_id.cpp'; 'ttnn/cpp/ttnn/operations/embedding/device/kernels/dataflow/embeddings_tilize.cpp'],['writer_unary_interleaved_start_id/17379425957123616916/'; 'embeddings_tilize/14134729056215501798/'],295500034972764725,False,1000,948,1180,784,2020,0,0,0,0,1,1,1,[],[],0.04,,,,,,,401
TransposeDeviceOperation,tt_dnn_device,94211,3,blackhole,{'dim': 'TransposeOpDim::HC'; 'output_mem_config': 'MemoryConfig(memory_layout=TensorMemoryLayout::INTERLEAVED;buffer_type=BufferType::DRAM;shard_spec=std::nullopt;nd_shard_spec=std::nullopt;created_with_nd_shard_spec=0;per_core_allocation=0)'; 'pad_value': '0'},,110,110,,,3257184105,3257184556,451,8935953022059,8935953027274,12367,12367,3863,3267,3267,,,,164,3265,970,,,,,,,,,1[1],1[1],32[32],128[128],TILE,BFLOAT16,DEV_0_DRAM_INTERLEAVED,,,,,,,,1[1],32[32],32[1],128[128],TILE,BFLOAT16,DEV_0_DRAM_INTERLEAVED,,,[],[],['ttnn/cpp/ttnn/operations/data_movement/transpose/device/kernels/dataflow/writer_unary_transpose_hc_interleaved_tiled_padding_aware.cpp'; 'ttnn/cpp/ttnn/operations/data_movement/transpose/device/kernels/dataflow/reader_unary_transpose_hc_interleaved_tiled_padding_aware.cpp'],['writer_unary_transpose_hc_interleaved_tiled_padding_aware/3403485737563375483/'; 'reader_unary_transpose_hc_interleaved_tiled_padding_aware/3278640446294112578/'],14763886275959663257,False,1216,1040,0,0,0,0,0,0,0,1244,1244,476,[6.585208892822266],[210.7266845703125],38.078,,,,,,,451
InterleavedToShardedDeviceOperation,tt_dnn_device,95235,3,blackhole,"{'keep_l1_aligned': 'false'; 'output_dtype': 'DataType::BFLOAT16'; 'output_mem_config': 'MemoryConfig(memory_layout=TensorMemoryLayout::HEIGHT_SHARDED;buffer_type=BufferType::L1;shard_spec=ShardSpec{grid=[{""start"":{""x"":0;""y"":0};""end"":{""x"":0;""y"":0}; {""start"":{""x"":0;""y"":1};""end"":{""x"":0;""y"":1}; {""start"":{""x"":0;""y"":2};""end"":{""x"":0;""y"":2}; {""start"":{""x"":1;""y"":0};""end"":{""x"":1;""y"":0}; {""start"":{""x"":1;""y"":1};""end"":{""x"":1;""y"":1}; {""start"":{""x"":1;""y"":2};""end"":{""x"":1;""y"":2}; {""start"":{""x"":2;""y"":0};""end"":{""x"":2;""y"":0}; {""start"":{""x"":2;""y"":1};""end"":{""x"":2;""y"":1}; {""start"":{""x"":2;""y"":2};""end"":{""x"":2;""y"":2}; {""start"":{""x"":3;""y"":0};""end"":{""x"":3;""y"":0}; {""start"":{""x"":3;""y"":1};""end"":{""x"":3;""y"":1}; {""start"":{""x"":3;""y"":2};""end"":{""x"":3;""y"":2}; {""start"":{""x"":4;""y"":0};""end"":{""x"":4;""y"":0}; {""start"":{""x"":4;""y"":1};""end"":{""x"":4;""y"":1}; {""start"":{""x"":4;""y"":2};""end"":{""x"":4;""y"":2}; {""start"":{""x"":5;""y"":0};""end"":{""x"":5;""y"":0}; {""start"":{""x"":5;""y"":1};""end"":{""x"":5;""y"":1}; {""start"":{""x"":5;""y"":2};""end"":{""x"":5;""y"":2}; {""start"":{""x"":6;""y"":0};""end"":{""x"":6;""y"":0}; {""start"":{""x"":6;""y"":1};""end"":{""x"":6;""y"":1}; {""start"":{""x"":6;""y"":2};""end"":{""x"":6;""y"":2}; {""start"":{""x"":7;""y"":0};""end"":{""x"":7;""y"":0}; {""start"":{""x"":7;""y"":1};""end"":{""x"":7;""y"":1}; {""start"":{""x"":7;""y"":2};""end"":{""x"":7;""y"":2}; {""start"":{""x"":8;""y"":0};""end"":{""x"":8;""y"":0}; {""start"":{""x"":8;""y"":1};""end"":{""x"":8;""y"":1}; {""start"":{""x"":8;""y"":2};""end"":{""x"":8;""y"":2}; {""start"":{""x"":9;""y"":0};""end"":{""x"":9;""y"":0}; {""start"":{""x"":9;""y"":1};""end"":{""x"":9;""y"":1}; {""start"":{""x"":9;""y"":2};""end"":{""x"":9;""y"":2}; {""start"":{""x"":10;""y"":0};""end"":{""x"":10;""y"":0}; {""start"":{""x"":10;""y"":1};""end"":{""x"":10;""y"":1}]; shape=[32; 128]; orientation=ShardOrientation::ROW_MAJOR};nd_shard_spec=std::nullopt;created_with_nd_shard_spec=0;per_core_allocation=0)'}",,32,110,,,3257195967,3257197069,1102,8935953035175,8935953037925,6788,6788,2037,1107,1107,,,,162,1101,1077,,,,,,,,,1[1],32[32],32[1],128[128],TILE,BFLOAT16,DEV_0_DRAM_INTERLEAVED,,,,,,,,1[1],32[32],32[1],128[128],TILE,BFLOAT16,DEV_0_L1_HEIGHT_SHARDED,,,[],[],['ttnn/cpp/ttnn/operations/data_movement/sharded/device/kernels/dataflow/writer_unary_sharded.cpp'; 'ttnn/cpp/ttnn/operations/data_movement/sharded/device/kernels/dataflow/reader_unary_sharded_blocks_interleaved_start_id.cpp'],['writer_unary_sharded/2816079715866797849/'; 'reader_unary_sharded_blocks_interleaved_start_id/13575281725531493021/'],3818893462322974683,False,444,876,0,0,0,0,0,0,0,1,1,1,[],[],0.09,,,,,,,1102
EmbeddingsDeviceOperation,tt_dnn_device,96259,3,blackhole,{'embeddings_type': 'EmbeddingsType::GENERIC'; 'output_mem_config': 'MemoryConfig(memory_layout=TensorMemoryLayout::INTERLEAVED;buffer_type=BufferType::DRAM;shard_spec=std::nullopt;nd_shard_spec=std::nullopt;created_with_nd_shard_spec=0;per_core_allocation=0)'; 'pad_token': 'std::nullopt'; 'tilized': 'true'},HiFi4,1,110,,,3257205896,3257206437,541,8935953046371,8935953050471,6776,6778,3037,2519,2518,,,,50,2469,1732,1779,119,1841,,,,,,1[1],1[1],1[1],32[32],ROW_MAJOR,UINT32,DEV_0_DRAM_INTERLEAVED,1[1],1[1],131072[131072],128[128],ROW_MAJOR,BFLOAT16,DEV_0_DRAM_INTERLEAVED,1[1],1[1],32[32],128[128],TILE,BFLOAT16,DEV_0_DRAM_INTERLEAVED,,,['ttnn/cpp/ttnn/operations/data_movement/tilize/device/kernels/compute/tilize.cpp'],['tilize/4075551047992850222/'],['ttnn/cpp/ttnn/operations/eltwise/unary/device/kernels/dataflow/writer_unary_interleaved_start_id.cpp'; 'ttnn/cpp/ttnn/operations/embedding/device/kernels/dataflow/embeddings_tilize.cpp'],['writer_unary_interleaved_start_id/17379425957123616916/'; 'embeddings_tilize/14134729056215501798/'],295500034972764725,False,1000,948,1180,784,2020,0,0,0,0,1,1,1,[],[],0.04,,,,,,,541
TransposeDeviceOperation,tt_dnn_device,97283,3,blackhole,{'dim': 'TransposeOpDim::HC'; 'output_mem_config': 'MemoryConfig(memory_layout=TensorMemoryLayout::INTERLEAVED;buffer_type=BufferType::DRAM;shard_spec=std::nullopt;nd_shard_spec=std::nullopt;created_with_nd_shard_spec=0;per_core_allocation=0)'; 'pad_value': '0'},,110,110,,,3257217288,3257218220,932,8935953066884,8935953072099,12749,12749,3863,3279,3279,,,,166,3268,969,,,,,,,,,1[1],1[1],32[32],128[128],TILE,BFLOAT16,DEV_0_DRAM_INTERLEAVED,,,,,,,,1[1],32[32],32[1],128[128],TILE,BFLOAT16,DEV_0_DRAM_INTERLEAVED,,,[],[],['ttnn/cpp/ttnn/operations/data_movement/transpose/device/kernels/dataflow/writer_unary_transpose_hc_interleaved_tiled_padding_aware.cpp'; 'ttnn/cpp/ttnn/operations/data_movement/transpose/device/kernels/dataflow/reader_unary_transpose_hc_interleaved_tiled_padding_aware.cpp'],['writer_unary_transpose_hc_interleaved_tiled_padding_aware/3403485737563375483/'; 'reader_unary_transpose_hc_interleaved_tiled_padding_aware/3278640446294112578/'],14763886275959663257,False,1216,1040,0,0,0,0,0,0,0,1244,1244,476,[6.585208892822266],[210.7266845703125],37.938,,,,,,,932
InterleavedToShardedDeviceOperation,tt_dnn_device,98307,3,blackhole,"{'keep_l1_aligned': 'false'; 'output_dtype': 'DataType::BFLOAT16'; 'output_mem_config': 'MemoryConfig(memory_layout=TensorMemoryLayout::HEIGHT_SHARDED;buffer_type=BufferType::L1;shard_spec=ShardSpec{grid=[{""start"":{""x"":0;""y"":0};""end"":{""x"":0;""y"":0}; {""start"":{""x"":0;""y"":1};""end"":{""x"":0;""y"":1}; {""start"":{""x"":0;""y"":2};""end"":{""x"":0;""y"":2}; {""start"":{""x"":1;""y"":0};""end"":{""x"":1;""y"":0}; {""start"":{""x"":1;""y"":1};""end"":{""x"":1;""y"":1}; {""start"":{""x"":1;""y"":2};""end"":{""x"":1;""y"":2}; {""start"":{""x"":2;""y"":0};""end"":{""x"":2;""y"":0}; {""start"":{""x"":2;""y"":1};""end"":{""x"":2;""y"":1}; {""start"":{""x"":2;""y"":2};""end"":{""x"":2;""y"":2}; {""start"":{""x"":3;""y"":0};""end"":{""x"":3;""y"":0}; {""start"":{""x"":3;""y"":1};""end"":{""x"":3;""y"":1}; {""start"":{""x"":3;""y"":2};""end"":{""x"":3;""y"":2}; {""start"":{""x"":4;""y"":0};""end"":{""x"":4;""y"":0}; {""start"":{""x"":4;""y"":1};""end"":{""x"":4;""y"":1}; {""start"":{""x"":4;""y"":2};""end"":{""x"":4;""y"":2}; {""start"":{""x"":5;""y"":0};""end"":{""x"":5;""y"":0}; {""start"":{""x"":5;""y"":1};""end"":{""x"":5;""y"":1}; {""start"":{""x"":5;""y"":2};""end"":{""x"":5;""y"":2}; {""start"":{""x"":6;""y"":0};""end"":{""x"":6;""y"":0}; {""start"":{""x"":6;""y"":1};""end"":{""x"":6;""y"":1}; {""start"":{""x"":6;""y"":2};""end"":{""x"":6;""y"":2}; {""start"":{""x"":7;""y"":0};""end"":{""x"":7;""y"":0}; {""start"":{""x"":7;""y"":1};""end"":{""x"":7;""y"":1}; {""start"":{""x"":7;""y"":2};""end"":{""x"":7;""y"":2}; {""start"":{""x"":8;""y"":0};""end"":{""x"":8;""y"":0}; {""start"":{""x"":8;""y"":1};""end"":{""x"":8;""y"":1}; {""start"":{""x"":8;""y"":2};""end"":{""x"":8;""y"":2}; {""start"":{""x"":9;""y"":0};""end"":{""x"":9;""y"":0}; {""start"":{""x"":9;""y"":1};""end"":{""x"":9;""y"":1}; {""start"":{""x"":9;""y"":2};""end"":{""x"":9;""y"":2}; {""start"":{""x"":10;""y"":0};""end"":{""x"":10;""y"":0}; {""start"":{""x"":10;""y"":1};""end"":{""x"":10;""y"":1}]; shape=[32; 128]; orientation=ShardOrientation::ROW_MAJOR};nd_shard_spec=std::nullopt;created_with_nd_shard_spec=0;per_core_allocation=0)'}",,32,110,,,3257230082,3257230503,421,8935953081197,8935953083979,7673,7673,2061,1120,1120,,,,170,1120,1086,,,,,,,,,1[1],32[32],32[1],128[128],TILE,BFLOAT16,DEV_0_DRAM_INTERLEAVED,,,,,,,,1[1],32[32],32[1],128[128],TILE,BFLOAT16,DEV_0_L1_HEIGHT_SHARDED,,,[],[],['ttnn/cpp/ttnn/operations/data_movement/sharded/device/kernels/dataflow/writer_unary_sharded.cpp'; 'ttnn/cpp/ttnn/operations/data_movement/sharded/device/kernels/dataflow/reader_unary_sharded_blocks_interleaved_start_id.cpp'],['writer_unary_sharded/2816079715866797849/'; 'reader_unary_sharded_blocks_interleaved_start_id/13575281725531493021/'],3818893462322974683,False,444,876,0,0,0,0,0,0,0,1,1,1,[],[],0.089,,,,,,,421
EmbeddingsDeviceOperation,tt_dnn_device,99331,3,blackhole,{'embeddings_type': 'EmbeddingsType::GENERIC'; 'output_mem_config': 'MemoryConfig(memory_layout=TensorMemoryLayout::INTERLEAVED;buffer_type=BufferType::DRAM;shard_spec=std::nullopt;nd_shard_spec=std::nullopt;created_with_nd_shard_spec=0;per_core_allocation=0)'; 'pad_token': 'std::nullopt'; 'tilized': 'true'},HiFi4,1,110,,,3257241103,3257241514,411,8935953093908,8935953098050,7902,7902,3068,2524,2522,,,,33,2512,1730,1784,117,1850,,,,,,1[1],1[1],1[1],32[32],ROW_MAJOR,UINT32,DEV_0_DRAM_INTERLEAVED,1[1],1[1],131072[131072],128[128],ROW_MAJOR,BFLOAT16,DEV_0_DRAM_INTERLEAVED,1[1],1[1],32[32],128[128],TILE,BFLOAT16,DEV_0_DRAM_INTERLEAVED,,,['ttnn/cpp/ttnn/operations/data_movement/tilize/device/kernels/compute/tilize.cpp'],['tilize/4075551047992850222/'],['ttnn/cpp/ttnn/operations/eltwise/unary/device/kernels/dataflow/writer_unary_interleaved_start_id.cpp'; 'ttnn/cpp/ttnn/operations/embedding/device/kernels/dataflow/embeddings_tilize.cpp'],['writer_unary_interleaved_start_id/17379425957123616916/'; 'embeddings_tilize/14134729056215501798/'],295500034972764725,False,1000,948,1180,784,2020,0,0,0,0,1,1,1,[],[],0.04,,,,,,,411
TransposeDeviceOperation,tt_dnn_device,100355,3,blackhole,{'dim': 'TransposeOpDim::HC'; 'output_mem_config': 'MemoryConfig(memory_layout=TensorMemoryLayout::INTERLEAVED;buffer_type=BufferType::DRAM;shard_spec=std::nullopt;nd_shard_spec=std::nullopt;created_with_nd_shard_spec=0;per_core_allocation=0)'; 'pad_value': '0'},,110,110,,,3257253227,3257254118,891,8935953114025,8935953119278,12431,12431,3891,3293,3293,,,,161,3281,968,,,,,,,,,1[1],1[1],32[32],128[128],TILE,BFLOAT16,DEV_0_DRAM_INTERLEAVED,,,,,,,,1[1],32[32],32[1],128[128],TILE,BFLOAT16,DEV_0_DRAM_INTERLEAVED,,,[],[],['ttnn/cpp/ttnn/operations/data_movement/transpose/device/kernels/dataflow/writer_unary_transpose_hc_interleaved_tiled_padding_aware.cpp'; 'ttnn/cpp/ttnn/operations/data_movement/transpose/device/kernels/dataflow/reader_unary_transpose_hc_interleaved_tiled_padding_aware.cpp'],['writer_unary_transpose_hc_interleaved_tiled_padding_aware/3403485737563375483/'; 'reader_unary_transpose_hc_interleaved_tiled_padding_aware/3278640446294112578/'],14763886275959663257,False,1216,1040,0,0,0,0,0,0,0,1244,1244,476,[6.585208892822266],[210.7266845703125],37.777,,,,,,,891
InterleavedToShardedDeviceOperation,tt_dnn_device,101379,3,blackhole,"{'keep_l1_aligned': 'false'; 'output_dtype': 'DataType::BFLOAT16'; 'output_mem_config': 'MemoryConfig(memory_layout=TensorMemoryLayout::HEIGHT_SHARDED;buffer_type=BufferType::L1;shard_spec=ShardSpec{grid=[{""start"":{""x"":0;""y"":0};""end"":{""x"":0;""y"":0}; {""start"":{""x"":0;""y"":1};""end"":{""x"":0;""y"":1}; {""start"":{""x"":0;""y"":2};""end"":{""x"":0;""y"":2}; {""start"":{""x"":1;""y"":0};""end"":{""x"":1;""y"":0}; {""start"":{""x"":1;""y"":1};""end"":{""x"":1;""y"":1}; {""start"":{""x"":1;""y"":2};""end"":{""x"":1;""y"":2}; {""start"":{""x"":2;""y"":0};""end"":{""x"":2;""y"":0}; {""start"":{""x"":2;""y"":1};""end"":{""x"":2;""y"":1}; {""start"":{""x"":2;""y"":2};""end"":{""x"":2;""y"":2}; {""start"":{""x"":3;""y"":0};""end"":{""x"":3;""y"":0}; {""start"":{""x"":3;""y"":1};""end"":{""x"":3;""y"":1}; {""start"":{""x"":3;""y"":2};""end"":{""x"":3;""y"":2}; {""start"":{""x"":4;""y"":0};""end"":{""x"":4;""y"":0}; {""start"":{""x"":4;""y"":1};""end"":{""x"":4;""y"":1}; {""start"":{""x"":4;""y"":2};""end"":{""x"":4;""y"":2}; {""start"":{""x"":5;""y"":0};""end"":{""x"":5;""y"":0}; {""start"":{""x"":5;""y"":1};""end"":{""x"":5;""y"":1}; {""start"":{""x"":5;""y"":2};""end"":{""x"":5;""y"":2}; {""start"":{""x"":6;""y"":0};""end"":{""x"":6;""y"":0}; {""start"":{""x"":6;""y"":1};""end"":{""x"":6;""y"":1}; {""start"":{""x"":6;""y"":2};""end"":{""x"":6;""y"":2}; {""start"":{""x"":7;""y"":0};""end"":{""x"":7;""y"":0}; {""start"":{""x"":7;""y"":1};""end"":{""x"":7;""y"":1}; {""start"":{""x"":7;""y"":2};""end"":{""x"":7;""y"":2}; {""start"":{""x"":8;""y"":0};""end"":{""x"":8;""y"":0}; {""start"":{""x"":8;""y"":1};""end"":{""x"":8;""y"":1}; {""start"":{""x"":8;""y"":2};""end"":{""x"":8;""y"":2}; {""start"":{""x"":9;""y"":0};""end"":{""x"":9;""y"":0}; {""start"":{""x"":9;""y"":1};""end"":{""x"":9;""y"":1}; {""start"":{""x"":9;""y"":2};""end"":{""x"":9;""y"":2}; {""start"":{""x"":10;""y"":0};""end"":{""x"":10;""y"":0}; {""start"":{""x"":10;""y"":1};""end"":{""x"":10;""y"":1}]; shape=[32; 128]; orientation=ShardOrientation::ROW_MAJOR};nd_shard_spec=std::nullopt;created_with_nd_shard_spec=0;per_core_allocation=0)'}",,32,110,,,3257266151,3257266562,411,8935953129874,8935953132627,8782,8782,2039,1096,1096,,,,165,1096,1076,,,,,,,,,1[1],32[32],32[1],128[128],TILE,BFLOAT16,DEV_0_DRAM_INTERLEAVED,,,,,,,,1[1],32[32],32[1],128[128],TILE,BFLOAT16,DEV_0_L1_HEIGHT_SHARDED,,,[],[],['ttnn/cpp/ttnn/operations/data_movement/sharded/device/kernels/dataflow/writer_unary_sharded.cpp'; 'ttnn/cpp/ttnn/operations/data_movement/sharded/device/kernels/dataflow/reader_unary_sharded_blocks_interleaved_start_id.cpp'],['writer_unary_sharded/2816079715866797849/'; 'reader_unary_sharded_blocks_interleaved_start_id/13575281725531493021/'],3818893462322974683,False,444,876,0,0,0,0,0,0,0,1,1,1,[],[],0.091,,,,,,,411
EmbeddingsDeviceOperation,tt_dnn_device,102403,3,blackhole,{'embeddings_type': 'EmbeddingsType::GENERIC'; 'output_mem_config': 'MemoryConfig(memory_layout=TensorMemoryLayout::INTERLEAVED;buffer_type=BufferType::DRAM;shard_spec=std::nullopt;nd_shard_spec=std::nullopt;created_with_nd_shard_spec=0;per_core_allocation=0)'; 'pad_token': 'std::nullopt'; 'tilized': 'true'},HiFi4,1,110,,,3257275008,3257275419,411,8935953139683,8935953143844,5785,5793,3082,2542,2536,,,,35,2507,1721,1792,113,1884,,,,,,1[1],1[1],1[1],32[32],ROW_MAJOR,UINT32,DEV_0_DRAM_INTERLEAVED,1[1],1[1],131072[131072],128[128],ROW_MAJOR,BFLOAT16,DEV_0_DRAM_INTERLEAVED,1[1],1[1],32[32],128[128],TILE,BFLOAT16,DEV_0_DRAM_INTERLEAVED,,,['ttnn/cpp/ttnn/operations/data_movement/tilize/device/kernels/compute/tilize.cpp'],['tilize/4075551047992850222/'],['ttnn/cpp/ttnn/operations/eltwise/unary/device/kernels/dataflow/writer_unary_interleaved_start_id.cpp'; 'ttnn/cpp/ttnn/operations/embedding/device/kernels/dataflow/embeddings_tilize.cpp'],['writer_unary_interleaved_start_id/17379425957123616916/'; 'embeddings_tilize/14134729056215501798/'],295500034972764725,False,1000,948,1180,784,2020,0,0,0,0,1,1,1,[],[],0.039,,,,,,,411
TransposeDeviceOperation,tt_dnn_device,103427,3,blackhole,{'dim': 'TransposeOpDim::HC'; 'output_mem_config': 'MemoryConfig(memory_layout=TensorMemoryLayout::INTERLEAVED;buffer_type=BufferType::DRAM;shard_spec=std::nullopt;nd_shard_spec=std::nullopt;created_with_nd_shard_spec=0;per_core_allocation=0)'; 'pad_value': '0'},,110,110,,,3257286500,3257286841,341,8935953160320,8935953165539,12794,12794,3866,3276,3276,,,,170,3276,971,,,,,,,,,1[1],1[1],32[32],128[128],TILE,BFLOAT16,DEV_0_DRAM_INTERLEAVED,,,,,,,,1[1],32[32],32[1],128[128],TILE,BFLOAT16,DEV_0_DRAM_INTERLEAVED,,,[],[],['ttnn/cpp/ttnn/operations/data_movement/transpose/device/kernels/dataflow/writer_unary_transpose_hc_interleaved_tiled_padding_aware.cpp'; 'ttnn/cpp/ttnn/operations/data_movement/transpose/device/kernels/dataflow/reader_unary_transpose_hc_interleaved_tiled_padding_aware.cpp'],['writer_unary_transpose_hc_interleaved_tiled_padding_aware/3403485737563375483/'; 'reader_unary_transpose_hc_interleaved_tiled_padding_aware/3278640446294112578/'],14763886275959663257,False,1216,1040,0,0,0,0,0,0,0,1244,1244,476,[6.585208892822266],[210.7266845703125],37.973,,,,,,,341
InterleavedToShardedDeviceOperation,tt_dnn_device,104451,3,blackhole,"{'keep_l1_aligned': 'false'; 'output_dtype': 'DataType::BFLOAT16'; 'output_mem_config': 'MemoryConfig(memory_layout=TensorMemoryLayout::HEIGHT_SHARDED;buffer_type=BufferType::L1;shard_spec=ShardSpec{grid=[{""start"":{""x"":0;""y"":0};""end"":{""x"":0;""y"":0}; {""start"":{""x"":0;""y"":1};""end"":{""x"":0;""y"":1}; {""start"":{""x"":0;""y"":2};""end"":{""x"":0;""y"":2}; {""start"":{""x"":1;""y"":0};""end"":{""x"":1;""y"":0}; {""start"":{""x"":1;""y"":1};""end"":{""x"":1;""y"":1}; {""start"":{""x"":1;""y"":2};""end"":{""x"":1;""y"":2}; {""start"":{""x"":2;""y"":0};""end"":{""x"":2;""y"":0}; {""start"":{""x"":2;""y"":1};""end"":{""x"":2;""y"":1}; {""start"":{""x"":2;""y"":2};""end"":{""x"":2;""y"":2}; {""start"":{""x"":3;""y"":0};""end"":{""x"":3;""y"":0}; {""start"":{""x"":3;""y"":1};""end"":{""x"":3;""y"":1}; {""start"":{""x"":3;""y"":2};""end"":{""x"":3;""y"":2}; {""start"":{""x"":4;""y"":0};""end"":{""x"":4;""y"":0}; {""start"":{""x"":4;""y"":1};""end"":{""x"":4;""y"":1}; {""start"":{""x"":4;""y"":2};""end"":{""x"":4;""y"":2}; {""start"":{""x"":5;""y"":0};""end"":{""x"":5;""y"":0}; {""start"":{""x"":5;""y"":1};""end"":{""x"":5;""y"":1}; {""start"":{""x"":5;""y"":2};""end"":{""x"":5;""y"":2}; {""start"":{""x"":6;""y"":0};""end"":{""x"":6;""y"":0}; {""start"":{""x"":6;""y"":1};""end"":{""x"":6;""y"":1}; {""start"":{""x"":6;""y"":2};""end"":{""x"":6;""y"":2}; {""start"":{""x"":7;""y"":0};""end"":{""x"":7;""y"":0}; {""start"":{""x"":7;""y"":1};""end"":{""x"":7;""y"":1}; {""start"":{""x"":7;""y"":2};""end"":{""x"":7;""y"":2}; {""start"":{""x"":8;""y"":0};""end"":{""x"":8;""y"":0}; {""start"":{""x"":8;""y"":1};""end"":{""x"":8;""y"":1}; {""start"":{""x"":8;""y"":2};""end"":{""x"":8;""y"":2}; {""start"":{""x"":9;""y"":0};""end"":{""x"":9;""y"":0}; {""start"":{""x"":9;""y"":1};""end"":{""x"":9;""y"":1}; {""start"":{""x"":9;""y"":2};""end"":{""x"":9;""y"":2}; {""start"":{""x"":10;""y"":0};""end"":{""x"":10;""y"":0}; {""start"":{""x"":10;""y"":1};""end"":{""x"":10;""y"":1}]; shape=[32; 128]; orientation=ShardOrientation::ROW_MAJOR};nd_shard_spec=std::nullopt;created_with_nd_shard_spec=0;per_core_allocation=0)'}",,32,110,,,3257298603,3257299004,401,8935953174038,8935953176763,7226,7226,2019,1082,1082,,,,170,1081,1059,,,,,,,,,1[1],32[32],32[1],128[128],TILE,BFLOAT16,DEV_0_DRAM_INTERLEAVED,,,,,,,,1[1],32[32],32[1],128[128],TILE,BFLOAT16,DEV_0_L1_HEIGHT_SHARDED,,,[],[],['ttnn/cpp/ttnn/operations/data_movement/sharded/device/kernels/dataflow/writer_unary_sharded.cpp'; 'ttnn/cpp/ttnn/operations/data_movement/sharded/device/kernels/dataflow/reader_unary_sharded_blocks_interleaved_start_id.cpp'],['writer_unary_sharded/2816079715866797849/'; 'reader_unary_sharded_blocks_interleaved_start_id/13575281725531493021/'],3818893462322974683,False,444,876,0,0,0,0,0,0,0,1,1,1,[],[],0.092,,,,,,,401
EmbeddingsDeviceOperation,tt_dnn_device,105475,3,blackhole,{'embeddings_type': 'EmbeddingsType::GENERIC'; 'output_mem_config': 'MemoryConfig(memory_layout=TensorMemoryLayout::INTERLEAVED;buffer_type=BufferType::DRAM;shard_spec=std::nullopt;nd_shard_spec=std::nullopt;created_with_nd_shard_spec=0;per_core_allocation=0)'; 'pad_token': 'std::nullopt'; 'tilized': 'true'},HiFi4,1,110,,,3257309875,3257310275,400,8935953186712,8935953190850,7911,7919,3065,2528,2519,,,,34,2505,1737,1793,113,1856,,,,,,1[1],1[1],1[1],32[32],ROW_MAJOR,UINT32,DEV_0_DRAM_INTERLEAVED,1[1],1[1],131072[131072],128[128],ROW_MAJOR,BFLOAT16,DEV_0_DRAM_INTERLEAVED,1[1],1[1],32[32],128[128],TILE,BFLOAT16,DEV_0_DRAM_INTERLEAVED,,,['ttnn/cpp/ttnn/operations/data_movement/tilize/device/kernels/compute/tilize.cpp'],['tilize/4075551047992850222/'],['ttnn/cpp/ttnn/operations/eltwise/unary/device/kernels/dataflow/writer_unary_interleaved_start_id.cpp'; 'ttnn/cpp/ttnn/operations/embedding/device/kernels/dataflow/embeddings_tilize.cpp'],['writer_unary_interleaved_start_id/17379425957123616916/'; 'embeddings_tilize/14134729056215501798/'],295500034972764725,False,1000,948,1180,784,2020,0,0,0,0,1,1,1,[],[],0.04,,,,,,,400
TransposeDeviceOperation,tt_dnn_device,106499,3,blackhole,{'dim': 'TransposeOpDim::HC'; 'output_mem_config': 'MemoryConfig(memory_layout=TensorMemoryLayout::INTERLEAVED;buffer_type=BufferType::DRAM;shard_spec=std::nullopt;nd_shard_spec=std::nullopt;created_with_nd_shard_spec=0;per_core_allocation=0)'; 'pad_value': '0'},,110,110,,,3257320976,3257321326,350,8935953207282,8935953212537,12772,12772,3893,3293,3293,,,,164,3289,971,,,,,,,,,1[1],1[1],32[32],128[128],TILE,BFLOAT16,DEV_0_DRAM_INTERLEAVED,,,,,,,,1[1],32[32],32[1],128[128],TILE,BFLOAT16,DEV_0_DRAM_INTERLEAVED,,,[],[],['ttnn/cpp/ttnn/operations/data_movement/transpose/device/kernels/dataflow/writer_unary_transpose_hc_interleaved_tiled_padding_aware.cpp'; 'ttnn/cpp/ttnn/operations/data_movement/transpose/device/kernels/dataflow/reader_unary_transpose_hc_interleaved_tiled_padding_aware.cpp'],['writer_unary_transpose_hc_interleaved_tiled_padding_aware/3403485737563375483/'; 'reader_unary_transpose_hc_interleaved_tiled_padding_aware/3278640446294112578/'],14763886275959663257,False,1216,1040,0,0,0,0,0,0,0,1244,1244,476,[6.585208892822266],[210.7266845703125],37.777,,,,,,,350
InterleavedToShardedDeviceOperation,tt_dnn_device,107523,3,blackhole,"{'keep_l1_aligned': 'false'; 'output_dtype': 'DataType::BFLOAT16'; 'output_mem_config': 'MemoryConfig(memory_layout=TensorMemoryLayout::HEIGHT_SHARDED;buffer_type=BufferType::L1;shard_spec=ShardSpec{grid=[{""start"":{""x"":0;""y"":0};""end"":{""x"":0;""y"":0}; {""start"":{""x"":0;""y"":1};""end"":{""x"":0;""y"":1}; {""start"":{""x"":0;""y"":2};""end"":{""x"":0;""y"":2}; {""start"":{""x"":1;""y"":0};""end"":{""x"":1;""y"":0}; {""start"":{""x"":1;""y"":1};""end"":{""x"":1;""y"":1}; {""start"":{""x"":1;""y"":2};""end"":{""x"":1;""y"":2}; {""start"":{""x"":2;""y"":0};""end"":{""x"":2;""y"":0}; {""start"":{""x"":2;""y"":1};""end"":{""x"":2;""y"":1}; {""start"":{""x"":2;""y"":2};""end"":{""x"":2;""y"":2}; {""start"":{""x"":3;""y"":0};""end"":{""x"":3;""y"":0}; {""start"":{""x"":3;""y"":1};""end"":{""x"":3;""y"":1}; {""start"":{""x"":3;""y"":2};""end"":{""x"":3;""y"":2}; {""start"":{""x"":4;""y"":0};""end"":{""x"":4;""y"":0}; {""start"":{""x"":4;""y"":1};""end"":{""x"":4;""y"":1}; {""start"":{""x"":4;""y"":2};""end"":{""x"":4;""y"":2}; {""start"":{""x"":5;""y"":0};""end"":{""x"":5;""y"":0}; {""start"":{""x"":5;""y"":1};""end"":{""x"":5;""y"":1}; {""start"":{""x"":5;""y"":2};""end"":{""x"":5;""y"":2}; {""start"":{""x"":6;""y"":0};""end"":{""x"":6;""y"":0}; {""start"":{""x"":6;""y"":1};""end"":{""x"":6;""y"":1}; {""start"":{""x"":6;""y"":2};""end"":{""x"":6;""y"":2}; {""start"":{""x"":7;""y"":0};""end"":{""x"":7;""y"":0}; {""start"":{""x"":7;""y"":1};""end"":{""x"":7;""y"":1}; {""start"":{""x"":7;""y"":2};""end"":{""x"":7;""y"":2}; {""start"":{""x"":8;""y"":0};""end"":{""x"":8;""y"":0}; {""start"":{""x"":8;""y"":1};""end"":{""x"":8;""y"":1}; {""start"":{""x"":8;""y"":2};""end"":{""x"":8;""y"":2}; {""start"":{""x"":9;""y"":0};""end"":{""x"":9;""y"":0}; {""start"":{""x"":9;""y"":1};""end"":{""x"":9;""y"":1}; {""start"":{""x"":9;""y"":2};""end"":{""x"":9;""y"":2}; {""start"":{""x"":10;""y"":0};""end"":{""x"":10;""y"":0}; {""start"":{""x"":10;""y"":1};""end"":{""x"":10;""y"":1}]; shape=[32; 128]; orientation=ShardOrientation::ROW_MAJOR};nd_shard_spec=std::nullopt;created_with_nd_shard_spec=0;per_core_allocation=0)'}",,32,110,,,3257332748,3257333129,381,8935953220140,8935953222882,6549,6549,2031,1114,1114,,,,162,1113,1085,,,,,,,,,1[1],32[32],32[1],128[128],TILE,BFLOAT16,DEV_0_DRAM_INTERLEAVED,,,,,,,,1[1],32[32],32[1],128[128],TILE,BFLOAT16,DEV_0_L1_HEIGHT_SHARDED,,,[],[],['ttnn/cpp/ttnn/operations/data_movement/sharded/device/kernels/dataflow/writer_unary_sharded.cpp'; 'ttnn/cpp/ttnn/operations/data_movement/sharded/device/kernels/dataflow/reader_unary_sharded_blocks_interleaved_start_id.cpp'],['writer_unary_sharded/2816079715866797849/'; 'reader_unary_sharded_blocks_interleaved_start_id/13575281725531493021/'],3818893462322974683,False,444,876,0,0,0,0,0,0,0,1,1,1,[],[],0.09,,,,,,,381
EmbeddingsDeviceOperation,tt_dnn_device,108547,3,blackhole,{'embeddings_type': 'EmbeddingsType::GENERIC'; 'output_mem_config': 'MemoryConfig(memory_layout=TensorMemoryLayout::INTERLEAVED;buffer_type=BufferType::DRAM;shard_spec=std::nullopt;nd_shard_spec=std::nullopt;created_with_nd_shard_spec=0;per_core_allocation=0)'; 'pad_token': 'std::nullopt'; 'tilized': 'true'},HiFi4,1,110,,,3257341625,3257342136,511,8935953229775,8935953233912,5644,5644,3064,2533,2531,,,,47,2486,1751,1797,118,1864,,,,,,1[1],1[1],1[1],32[32],ROW_MAJOR,UINT32,DEV_0_DRAM_INTERLEAVED,1[1],1[1],131072[131072],128[128],ROW_MAJOR,BFLOAT16,DEV_0_DRAM_INTERLEAVED,1[1],1[1],32[32],128[128],TILE,BFLOAT16,DEV_0_DRAM_INTERLEAVED,,,['ttnn/cpp/ttnn/operations/data_movement/tilize/device/kernels/compute/tilize.cpp'],['tilize/4075551047992850222/'],['ttnn/cpp/ttnn/operations/eltwise/unary/device/kernels/dataflow/writer_unary_interleaved_start_id.cpp'; 'ttnn/cpp/ttnn/operations/embedding/device/kernels/dataflow/embeddings_tilize.cpp'],['writer_unary_interleaved_start_id/17379425957123616916/'; 'embeddings_tilize/14134729056215501798/'],295500034972764725,False,1000,948,1180,784,2020,0,0,0,0,1,1,1,[],[],0.039,,,,,,,511
TransposeDeviceOperation,tt_dnn_device,109571,3,blackhole,{'dim': 'TransposeOpDim::HC'; 'output_mem_config': 'MemoryConfig(memory_layout=TensorMemoryLayout::INTERLEAVED;buffer_type=BufferType::DRAM;shard_spec=std::nullopt;nd_shard_spec=std::nullopt;created_with_nd_shard_spec=0;per_core_allocation=0)'; 'pad_value': '0'},,110,110,,,3257352987,3257353327,340,8935953250050,8935953255388,12549,12549,3954,3351,3351,,,,161,3344,1059,,,,,,,,,1[1],1[1],32[32],128[128],TILE,BFLOAT16,DEV_0_DRAM_INTERLEAVED,,,,,,,,1[1],32[32],32[1],128[128],TILE,BFLOAT16,DEV_0_DRAM_INTERLEAVED,,,[],[],['ttnn/cpp/ttnn/operations/data_movement/transpose/device/kernels/dataflow/writer_unary_transpose_hc_interleaved_tiled_padding_aware.cpp'; 'ttnn/cpp/ttnn/operations/data_movement/transpose/device/kernels/dataflow/reader_unary_transpose_hc_interleaved_tiled_padding_aware.cpp'],['writer_unary_transpose_hc_interleaved_tiled_padding_aware/3403485737563375483/'; 'reader_unary_transpose_hc_interleaved_tiled_padding_aware/3278640446294112578/'],14763886275959663257,False,1216,1040,0,0,0,0,0,0,0,1244,1244,476,[6.585208892822266],[210.7266845703125],37.123,,,,,,,340
InterleavedToShardedDeviceOperation,tt_dnn_device,110595,3,blackhole,"{'keep_l1_aligned': 'false'; 'output_dtype': 'DataType::BFLOAT16'; 'output_mem_config': 'MemoryConfig(memory_layout=TensorMemoryLayout::HEIGHT_SHARDED;buffer_type=BufferType::L1;shard_spec=ShardSpec{grid=[{""start"":{""x"":0;""y"":0};""end"":{""x"":0;""y"":0}; {""start"":{""x"":0;""y"":1};""end"":{""x"":0;""y"":1}; {""start"":{""x"":0;""y"":2};""end"":{""x"":0;""y"":2}; {""start"":{""x"":1;""y"":0};""end"":{""x"":1;""y"":0}; {""start"":{""x"":1;""y"":1};""end"":{""x"":1;""y"":1}; {""start"":{""x"":1;""y"":2};""end"":{""x"":1;""y"":2}; {""start"":{""x"":2;""y"":0};""end"":{""x"":2;""y"":0}; {""start"":{""x"":2;""y"":1};""end"":{""x"":2;""y"":1}; {""start"":{""x"":2;""y"":2};""end"":{""x"":2;""y"":2}; {""start"":{""x"":3;""y"":0};""end"":{""x"":3;""y"":0}; {""start"":{""x"":3;""y"":1};""end"":{""x"":3;""y"":1}; {""start"":{""x"":3;""y"":2};""end"":{""x"":3;""y"":2}; {""start"":{""x"":4;""y"":0};""end"":{""x"":4;""y"":0}; {""start"":{""x"":4;""y"":1};""end"":{""x"":4;""y"":1}; {""start"":{""x"":4;""y"":2};""end"":{""x"":4;""y"":2}; {""start"":{""x"":5;""y"":0};""end"":{""x"":5;""y"":0}; {""start"":{""x"":5;""y"":1};""end"":{""x"":5;""y"":1}; {""start"":{""x"":5;""y"":2};""end"":{""x"":5;""y"":2}; {""start"":{""x"":6;""y"":0};""end"":{""x"":6;""y"":0}; {""start"":{""x"":6;""y"":1};""end"":{""x"":6;""y"":1}; {""start"":{""x"":6;""y"":2};""end"":{""x"":6;""y"":2}; {""start"":{""x"":7;""y"":0};""end"":{""x"":7;""y"":0}; {""start"":{""x"":7;""y"":1};""end"":{""x"":7;""y"":1}; {""start"":{""x"":7;""y"":2};""end"":{""x"":7;""y"":2}; {""start"":{""x"":8;""y"":0};""end"":{""x"":8;""y"":0}; {""start"":{""x"":8;""y"":1};""end"":{""x"":8;""y"":1}; {""start"":{""x"":8;""y"":2};""end"":{""x"":8;""y"":2}; {""start"":{""x"":9;""y"":0};""end"":{""x"":9;""y"":0}; {""start"":{""x"":9;""y"":1};""end"":{""x"":9;""y"":1}; {""start"":{""x"":9;""y"":2};""end"":{""x"":9;""y"":2}; {""start"":{""x"":10;""y"":0};""end"":{""x"":10;""y"":0}; {""start"":{""x"":10;""y"":1};""end"":{""x"":10;""y"":1}]; shape=[32; 128]; orientation=ShardOrientation::ROW_MAJOR};nd_shard_spec=std::nullopt;created_with_nd_shard_spec=0;per_core_allocation=0)'}",,32,110,,,3257366503,3257366923,420,8935953264284,8935953267074,7525,7525,2067,1132,1132,,,,162,1130,1106,,,,,,,,,1[1],32[32],32[1],128[128],TILE,BFLOAT16,DEV_0_DRAM_INTERLEAVED,,,,,,,,1[1],32[32],32[1],128[128],TILE,BFLOAT16,DEV_0_L1_HEIGHT_SHARDED,,,[],[],['ttnn/cpp/ttnn/operations/data_movement/sharded/device/kernels/dataflow/writer_unary_sharded.cpp'; 'ttnn/cpp/ttnn/operations/data_movement/sharded/device/kernels/dataflow/reader_unary_sharded_blocks_interleaved_start_id.cpp'],['writer_unary_sharded/2816079715866797849/'; 'reader_unary_sharded_blocks_interleaved_start_id/13575281725531493021/'],3818893462322974683,False,444,876,0,0,0,0,0,0,0,1,1,1,[],[],0.088,,,,,,,420
EmbeddingsDeviceOperation,tt_dnn_device,111619,3,blackhole,{'embeddings_type': 'EmbeddingsType::GENERIC'; 'output_mem_config': 'MemoryConfig(memory_layout=TensorMemoryLayout::INTERLEAVED;buffer_type=BufferType::DRAM;shard_spec=std::nullopt;nd_shard_spec=std::nullopt;created_with_nd_shard_spec=0;per_core_allocation=0)'; 'pad_token': 'std::nullopt'; 'tilized': 'true'},HiFi4,1,110,,,3262603293,3262604385,1092,8935960330160,8935960334959,5231638,5233320,3555,3001,2999,,,,27,2975,1735,1832,133,1961,,,,,,1[1],1[1],1[1],32[32],ROW_MAJOR,UINT32,DEV_0_DRAM_INTERLEAVED,1[1],1[1],131072[131072],256[256],ROW_MAJOR,BFLOAT16,DEV_0_DRAM_INTERLEAVED,1[1],1[1],32[32],256[256],TILE,BFLOAT16,DEV_0_DRAM_INTERLEAVED,,,['ttnn/cpp/ttnn/operations/data_movement/tilize/device/kernels/compute/tilize.cpp'],['tilize/1883113549092967117/'],['ttnn/cpp/ttnn/operations/eltwise/unary/device/kernels/dataflow/writer_unary_interleaved_start_id.cpp'; 'ttnn/cpp/ttnn/operations/embedding/device/kernels/dataflow/embeddings_tilize.cpp'],['writer_unary_interleaved_start_id/17379425957123616916/'; 'embeddings_tilize/16389043569753230323/'],2884466655117215699,False,1000,948,1220,804,2084,0,0,0,0,1,1,1,[],[],0.033,,,,,,,1092
TransposeDeviceOperation,tt_dnn_device,112643,3,blackhole,{'dim': 'TransposeOpDim::HC'; 'output_mem_config': 'MemoryConfig(memory_layout=TensorMemoryLayout::INTERLEAVED;buffer_type=BufferType::DRAM;shard_spec=std::nullopt;nd_shard_spec=std::nullopt;created_with_nd_shard_spec=0;per_core_allocation=0)'; 'pad_value': '0'},,110,110,,,3262624664,3262625916,1252,8935960366566,8935960372289,23999,23999,4239,3650,3650,,,,163,3638,1089,,,,,,,,,1[1],1[1],32[32],256[256],TILE,BFLOAT16,DEV_0_DRAM_INTERLEAVED,,,,,,,,1[1],32[32],32[1],256[256],TILE,BFLOAT16,DEV_0_DRAM_INTERLEAVED,,,[],[],['ttnn/cpp/ttnn/operations/data_movement/transpose/device/kernels/dataflow/writer_unary_transpose_hc_interleaved_tiled_padding_aware.cpp'; 'ttnn/cpp/ttnn/operations/data_movement/transpose/device/kernels/dataflow/reader_unary_transpose_hc_interleaved_tiled_padding_aware.cpp'],['writer_unary_transpose_hc_interleaved_tiled_padding_aware/3592149805530130016/'; 'reader_unary_transpose_hc_interleaved_tiled_padding_aware/3278640446294112578/'],11093648575313324181,False,1216,1040,0,0,0,0,0,0,0,2059,2059,953,[7.957260608673096],[254.63233947753906],56.411,,,,,,,1252
SliceDeviceOperation,tt_dnn_device,113667,3,blackhole,{'num_devices': 'std::nullopt'; 'output_mem_config': 'MemoryConfig(memory_layout=TensorMemoryLayout::INTERLEAVED;buffer_type=BufferType::DRAM;shard_spec=std::nullopt;nd_shard_spec=std::nullopt;created_with_nd_shard_spec=0;per_core_allocation=0)'; 'slice_dim': 'std::nullopt'; 'slice_end': 'Shape([1; 32; 32; 128])'; 'slice_start': 'Shape([0; 0; 0; 0])'; 'step': 'Shape([1; 1; 1; 1])'; 'sub_core_grids': 'std::nullopt'; 'use_tensor_args': 'false'},,110,110,,,3262643951,3262645303,1352,8935960392800,8935960397040,15797,15797,3141,2544,2544,,,,167,2541,2358,,,,,,,,,1[1],32[32],32[1],256[256],TILE,BFLOAT16,DEV_0_DRAM_INTERLEAVED,,,,,,,,1[1],32[32],32[32],128[128],TILE,BFLOAT16,DEV_0_DRAM_INTERLEAVED,,,[],[],['ttnn/cpp/ttnn/operations/data_movement/slice/device/kernels/dataflow/writer_unary_interleaved_start_id.cpp'; 'ttnn/cpp/ttnn/operations/data_movement/slice/device/kernels/dataflow/reader_unary_unpad_dims_interleaved_start_id.cpp'],['writer_unary_interleaved_start_id/17872786682307166113/'; 'reader_unary_unpad_dims_interleaved_start_id/5783004548399313417/'],13405722893863627506,False,1000,1028,0,0,0,0,0,0,0,1207,1207,953,[434.3728332519531],[217.18641662597656],47.445,,,,,,,1352
InterleavedToShardedDeviceOperation,tt_dnn_device,114691,3,blackhole,"{'keep_l1_aligned': 'false'; 'output_dtype': 'DataType::BFLOAT16'; 'output_mem_config': 'MemoryConfig(memory_layout=TensorMemoryLayout::HEIGHT_SHARDED;buffer_type=BufferType::L1;shard_spec=ShardSpec{grid=[{""start"":{""x"":0;""y"":0};""end"":{""x"":0;""y"":0}; {""start"":{""x"":0;""y"":1};""end"":{""x"":0;""y"":1}; {""start"":{""x"":0;""y"":2};""end"":{""x"":0;""y"":2}; {""start"":{""x"":1;""y"":0};""end"":{""x"":1;""y"":0}; {""start"":{""x"":1;""y"":1};""end"":{""x"":1;""y"":1}; {""start"":{""x"":1;""y"":2};""end"":{""x"":1;""y"":2}; {""start"":{""x"":2;""y"":0};""end"":{""x"":2;""y"":0}; {""start"":{""x"":2;""y"":1};""end"":{""x"":2;""y"":1}; {""start"":{""x"":2;""y"":2};""end"":{""x"":2;""y"":2}; {""start"":{""x"":3;""y"":0};""end"":{""x"":3;""y"":0}; {""start"":{""x"":3;""y"":1};""end"":{""x"":3;""y"":1}; {""start"":{""x"":3;""y"":2};""end"":{""x"":3;""y"":2}; {""start"":{""x"":4;""y"":0};""end"":{""x"":4;""y"":0}; {""start"":{""x"":4;""y"":1};""end"":{""x"":4;""y"":1}; {""start"":{""x"":4;""y"":2};""end"":{""x"":4;""y"":2}; {""start"":{""x"":5;""y"":0};""end"":{""x"":5;""y"":0}; {""start"":{""x"":5;""y"":1};""end"":{""x"":5;""y"":1}; {""start"":{""x"":5;""y"":2};""end"":{""x"":5;""y"":2}; {""start"":{""x"":6;""y"":0};""end"":{""x"":6;""y"":0}; {""start"":{""x"":6;""y"":1};""end"":{""x"":6;""y"":1}; {""start"":{""x"":6;""y"":2};""end"":{""x"":6;""y"":2}; {""start"":{""x"":7;""y"":0};""end"":{""x"":7;""y"":0}; {""start"":{""x"":7;""y"":1};""end"":{""x"":7;""y"":1}; {""start"":{""x"":7;""y"":2};""end"":{""x"":7;""y"":2}; {""start"":{""x"":8;""y"":0};""end"":{""x"":8;""y"":0}; {""start"":{""x"":8;""y"":1};""end"":{""x"":8;""y"":1}; {""start"":{""x"":8;""y"":2};""end"":{""x"":8;""y"":2}; {""start"":{""x"":9;""y"":0};""end"":{""x"":9;""y"":0}; {""start"":{""x"":9;""y"":1};""end"":{""x"":9;""y"":1}; {""start"":{""x"":9;""y"":2};""end"":{""x"":9;""y"":2}; {""start"":{""x"":10;""y"":0};""end"":{""x"":10;""y"":0}; {""start"":{""x"":10;""y"":1};""end"":{""x"":10;""y"":1}]; shape=[32; 128]; orientation=ShardOrientation::ROW_MAJOR};nd_shard_spec=std::nullopt;created_with_nd_shard_spec=0;per_core_allocation=0)'}",,32,110,,,3262665762,3262666604,842,8935960419107,8935960421868,17265,17265,2045,1117,1117,,,,162,1116,1093,,,,,,,,,1[1],32[32],32[1],128[128],TILE,BFLOAT16,DEV_0_DRAM_INTERLEAVED,,,,,,,,1[1],32[32],32[1],128[128],TILE,BFLOAT16,DEV_0_L1_HEIGHT_SHARDED,,,[],[],['ttnn/cpp/ttnn/operations/data_movement/sharded/device/kernels/dataflow/writer_unary_sharded.cpp'; 'ttnn/cpp/ttnn/operations/data_movement/sharded/device/kernels/dataflow/reader_unary_sharded_blocks_interleaved_start_id.cpp'],['writer_unary_sharded/2816079715866797849/'; 'reader_unary_sharded_blocks_interleaved_start_id/13575281725531493021/'],3818893462322974683,False,444,876,0,0,0,0,0,0,0,1,1,1,[],[],0.09,,,,,,,842
SliceDeviceOperation,tt_dnn_device,115715,3,blackhole,{'num_devices': 'std::nullopt'; 'output_mem_config': 'MemoryConfig(memory_layout=TensorMemoryLayout::INTERLEAVED;buffer_type=BufferType::DRAM;shard_spec=std::nullopt;nd_shard_spec=std::nullopt;created_with_nd_shard_spec=0;per_core_allocation=0)'; 'slice_dim': 'std::nullopt'; 'slice_end': 'Shape([1; 32; 32; 256])'; 'slice_start': 'Shape([0; 0; 0; 128])'; 'step': 'Shape([1; 1; 1; 1])'; 'sub_core_grids': 'std::nullopt'; 'use_tensor_args': 'false'},,110,110,,,3262675381,3262676092,711,8935960435622,8935960440032,10789,10789,3267,2670,2670,,,,159,2663,2383,,,,,,,,,1[1],32[32],32[1],256[256],TILE,BFLOAT16,DEV_0_DRAM_INTERLEAVED,,,,,,,,1[1],32[32],32[32],128[128],TILE,BFLOAT16,DEV_0_DRAM_INTERLEAVED,,,[],[],['ttnn/cpp/ttnn/operations/data_movement/slice/device/kernels/dataflow/writer_unary_interleaved_start_id.cpp'; 'ttnn/cpp/ttnn/operations/data_movement/slice/device/kernels/dataflow/reader_unary_unpad_dims_interleaved_start_id.cpp'],['writer_unary_interleaved_start_id/17872786682307166113/'; 'reader_unary_unpad_dims_interleaved_start_id/5783004548399313417/'],12843380687060980844,False,1000,1028,0,0,0,0,0,0,0,1207,1207,953,[434.3728332519531],[217.18641662597656],45.206,,,,,,,711
InterleavedToShardedDeviceOperation,tt_dnn_device,116739,3,blackhole,"{'keep_l1_aligned': 'false'; 'output_dtype': 'DataType::BFLOAT16'; 'output_mem_config': 'MemoryConfig(memory_layout=TensorMemoryLayout::HEIGHT_SHARDED;buffer_type=BufferType::L1;shard_spec=ShardSpec{grid=[{""start"":{""x"":0;""y"":0};""end"":{""x"":0;""y"":0}; {""start"":{""x"":0;""y"":1};""end"":{""x"":0;""y"":1}; {""start"":{""x"":0;""y"":2};""end"":{""x"":0;""y"":2}; {""start"":{""x"":1;""y"":0};""end"":{""x"":1;""y"":0}; {""start"":{""x"":1;""y"":1};""end"":{""x"":1;""y"":1}; {""start"":{""x"":1;""y"":2};""end"":{""x"":1;""y"":2}; {""start"":{""x"":2;""y"":0};""end"":{""x"":2;""y"":0}; {""start"":{""x"":2;""y"":1};""end"":{""x"":2;""y"":1}; {""start"":{""x"":2;""y"":2};""end"":{""x"":2;""y"":2}; {""start"":{""x"":3;""y"":0};""end"":{""x"":3;""y"":0}; {""start"":{""x"":3;""y"":1};""end"":{""x"":3;""y"":1}; {""start"":{""x"":3;""y"":2};""end"":{""x"":3;""y"":2}; {""start"":{""x"":4;""y"":0};""end"":{""x"":4;""y"":0}; {""start"":{""x"":4;""y"":1};""end"":{""x"":4;""y"":1}; {""start"":{""x"":4;""y"":2};""end"":{""x"":4;""y"":2}; {""start"":{""x"":5;""y"":0};""end"":{""x"":5;""y"":0}; {""start"":{""x"":5;""y"":1};""end"":{""x"":5;""y"":1}; {""start"":{""x"":5;""y"":2};""end"":{""x"":5;""y"":2}; {""start"":{""x"":6;""y"":0};""end"":{""x"":6;""y"":0}; {""start"":{""x"":6;""y"":1};""end"":{""x"":6;""y"":1}; {""start"":{""x"":6;""y"":2};""end"":{""x"":6;""y"":2}; {""start"":{""x"":7;""y"":0};""end"":{""x"":7;""y"":0}; {""start"":{""x"":7;""y"":1};""end"":{""x"":7;""y"":1}; {""start"":{""x"":7;""y"":2};""end"":{""x"":7;""y"":2}; {""start"":{""x"":8;""y"":0};""end"":{""x"":8;""y"":0}; {""start"":{""x"":8;""y"":1};""end"":{""x"":8;""y"":1}; {""start"":{""x"":8;""y"":2};""end"":{""x"":8;""y"":2}; {""start"":{""x"":9;""y"":0};""end"":{""x"":9;""y"":0}; {""start"":{""x"":9;""y"":1};""end"":{""x"":9;""y"":1}; {""start"":{""x"":9;""y"":2};""end"":{""x"":9;""y"":2}; {""start"":{""x"":10;""y"":0};""end"":{""x"":10;""y"":0}; {""start"":{""x"":10;""y"":1};""end"":{""x"":10;""y"":1}]; shape=[32; 128]; orientation=ShardOrientation::ROW_MAJOR};nd_shard_spec=std::nullopt;created_with_nd_shard_spec=0;per_core_allocation=0)'}",,32,110,,,3262689698,3262690179,481,8935960451926,8935960454691,9740,9740,2048,1117,1117,,,,167,1117,1082,,,,,,,,,1[1],32[32],32[1],128[128],TILE,BFLOAT16,DEV_0_DRAM_INTERLEAVED,,,,,,,,1[1],32[32],32[1],128[128],TILE,BFLOAT16,DEV_0_L1_HEIGHT_SHARDED,,,[],[],['ttnn/cpp/ttnn/operations/data_movement/sharded/device/kernels/dataflow/writer_unary_sharded.cpp'; 'ttnn/cpp/ttnn/operations/data_movement/sharded/device/kernels/dataflow/reader_unary_sharded_blocks_interleaved_start_id.cpp'],['writer_unary_sharded/2816079715866797849/'; 'reader_unary_sharded_blocks_interleaved_start_id/13575281725531493021/'],3818893462322974683,False,444,876,0,0,0,0,0,0,0,1,1,1,[],[],0.09,,,,,,,481
EmbeddingsDeviceOperation,tt_dnn_device,117763,3,blackhole,{'embeddings_type': 'EmbeddingsType::GENERIC'; 'output_mem_config': 'MemoryConfig(memory_layout=TensorMemoryLayout::INTERLEAVED;buffer_type=BufferType::DRAM;shard_spec=std::nullopt;nd_shard_spec=std::nullopt;created_with_nd_shard_spec=0;per_core_allocation=0)'; 'pad_token': 'std::nullopt'; 'tilized': 'true'},HiFi4,1,110,,,3262704967,3262705498,531,8935960469666,8935960474483,11617,11617,3568,3041,3041,,,,56,2985,1770,1835,123,1961,,,,,,1[1],1[1],1[1],32[32],ROW_MAJOR,UINT32,DEV_0_DRAM_INTERLEAVED,1[1],1[1],131072[131072],256[256],ROW_MAJOR,BFLOAT16,DEV_0_DRAM_INTERLEAVED,1[1],1[1],32[32],256[256],TILE,BFLOAT16,DEV_0_DRAM_INTERLEAVED,,,['ttnn/cpp/ttnn/operations/data_movement/tilize/device/kernels/compute/tilize.cpp'],['tilize/1883113549092967117/'],['ttnn/cpp/ttnn/operations/eltwise/unary/device/kernels/dataflow/writer_unary_interleaved_start_id.cpp'; 'ttnn/cpp/ttnn/operations/embedding/device/kernels/dataflow/embeddings_tilize.cpp'],['writer_unary_interleaved_start_id/17379425957123616916/'; 'embeddings_tilize/16389043569753230323/'],2884466655117215699,False,1000,948,1220,804,2084,0,0,0,0,1,1,1,[],[],0.033,,,,,,,531
TransposeDeviceOperation,tt_dnn_device,118787,3,blackhole,{'dim': 'TransposeOpDim::HC'; 'output_mem_config': 'MemoryConfig(memory_layout=TensorMemoryLayout::INTERLEAVED;buffer_type=BufferType::DRAM;shard_spec=std::nullopt;nd_shard_spec=std::nullopt;created_with_nd_shard_spec=0;per_core_allocation=0)'; 'pad_value': '0'},,110,110,,,3262717210,3262717761,551,8935960491674,8935960497295,13336,13336,4164,3560,3560,,,,158,3546,1018,,,,,,,,,1[1],1[1],32[32],256[256],TILE,BFLOAT16,DEV_0_DRAM_INTERLEAVED,,,,,,,,1[1],32[32],32[1],256[256],TILE,BFLOAT16,DEV_0_DRAM_INTERLEAVED,,,[],[],['ttnn/cpp/ttnn/operations/data_movement/transpose/device/kernels/dataflow/writer_unary_transpose_hc_interleaved_tiled_padding_aware.cpp'; 'ttnn/cpp/ttnn/operations/data_movement/transpose/device/kernels/dataflow/reader_unary_transpose_hc_interleaved_tiled_padding_aware.cpp'],['writer_unary_transpose_hc_interleaved_tiled_padding_aware/3592149805530130016/'; 'reader_unary_transpose_hc_interleaved_tiled_padding_aware/3278640446294112578/'],11093648575313324181,False,1216,1040,0,0,0,0,0,0,0,2059,2059,953,[7.957260608673096],[254.63233947753906],57.837,,,,,,,551
SliceDeviceOperation,tt_dnn_device,119811,3,blackhole,{'num_devices': 'std::nullopt'; 'output_mem_config': 'MemoryConfig(memory_layout=TensorMemoryLayout::INTERLEAVED;buffer_type=BufferType::DRAM;shard_spec=std::nullopt;nd_shard_spec=std::nullopt;created_with_nd_shard_spec=0;per_core_allocation=0)'; 'slice_dim': 'std::nullopt'; 'slice_end': 'Shape([1; 32; 32; 128])'; 'slice_start': 'Shape([0; 0; 0; 0])'; 'step': 'Shape([1; 1; 1; 1])'; 'sub_core_grids': 'std::nullopt'; 'use_tensor_args': 'false'},,110,110,,,3262725516,3262726137,621,8935960503466,8935960507725,5155,5155,3155,2574,2574,,,,167,2574,2333,,,,,,,,,1[1],32[32],32[1],256[256],TILE,BFLOAT16,DEV_0_DRAM_INTERLEAVED,,,,,,,,1[1],32[32],32[32],128[128],TILE,BFLOAT16,DEV_0_DRAM_INTERLEAVED,,,[],[],['ttnn/cpp/ttnn/operations/data_movement/slice/device/kernels/dataflow/writer_unary_interleaved_start_id.cpp'; 'ttnn/cpp/ttnn/operations/data_movement/slice/device/kernels/dataflow/reader_unary_unpad_dims_interleaved_start_id.cpp'],['writer_unary_interleaved_start_id/17872786682307166113/'; 'reader_unary_unpad_dims_interleaved_start_id/5783004548399313417/'],13405722893863627506,False,1000,1028,0,0,0,0,0,0,0,1207,1207,953,[434.3728332519531],[217.18641662597656],46.892,,,,,,,621
InterleavedToShardedDeviceOperation,tt_dnn_device,120835,3,blackhole,"{'keep_l1_aligned': 'false'; 'output_dtype': 'DataType::BFLOAT16'; 'output_mem_config': 'MemoryConfig(memory_layout=TensorMemoryLayout::HEIGHT_SHARDED;buffer_type=BufferType::L1;shard_spec=ShardSpec{grid=[{""start"":{""x"":0;""y"":0};""end"":{""x"":0;""y"":0}; {""start"":{""x"":0;""y"":1};""end"":{""x"":0;""y"":1}; {""start"":{""x"":0;""y"":2};""end"":{""x"":0;""y"":2}; {""start"":{""x"":1;""y"":0};""end"":{""x"":1;""y"":0}; {""start"":{""x"":1;""y"":1};""end"":{""x"":1;""y"":1}; {""start"":{""x"":1;""y"":2};""end"":{""x"":1;""y"":2}; {""start"":{""x"":2;""y"":0};""end"":{""x"":2;""y"":0}; {""start"":{""x"":2;""y"":1};""end"":{""x"":2;""y"":1}; {""start"":{""x"":2;""y"":2};""end"":{""x"":2;""y"":2}; {""start"":{""x"":3;""y"":0};""end"":{""x"":3;""y"":0}; {""start"":{""x"":3;""y"":1};""end"":{""x"":3;""y"":1}; {""start"":{""x"":3;""y"":2};""end"":{""x"":3;""y"":2}; {""start"":{""x"":4;""y"":0};""end"":{""x"":4;""y"":0}; {""start"":{""x"":4;""y"":1};""end"":{""x"":4;""y"":1}; {""start"":{""x"":4;""y"":2};""end"":{""x"":4;""y"":2}; {""start"":{""x"":5;""y"":0};""end"":{""x"":5;""y"":0}; {""start"":{""x"":5;""y"":1};""end"":{""x"":5;""y"":1}; {""start"":{""x"":5;""y"":2};""end"":{""x"":5;""y"":2}; {""start"":{""x"":6;""y"":0};""end"":{""x"":6;""y"":0}; {""start"":{""x"":6;""y"":1};""end"":{""x"":6;""y"":1}; {""start"":{""x"":6;""y"":2};""end"":{""x"":6;""y"":2}; {""start"":{""x"":7;""y"":0};""end"":{""x"":7;""y"":0}; {""start"":{""x"":7;""y"":1};""end"":{""x"":7;""y"":1}; {""start"":{""x"":7;""y"":2};""end"":{""x"":7;""y"":2}; {""start"":{""x"":8;""y"":0};""end"":{""x"":8;""y"":0}; {""start"":{""x"":8;""y"":1};""end"":{""x"":8;""y"":1}; {""start"":{""x"":8;""y"":2};""end"":{""x"":8;""y"":2}; {""start"":{""x"":9;""y"":0};""end"":{""x"":9;""y"":0}; {""start"":{""x"":9;""y"":1};""end"":{""x"":9;""y"":1}; {""start"":{""x"":9;""y"":2};""end"":{""x"":9;""y"":2}; {""start"":{""x"":10;""y"":0};""end"":{""x"":10;""y"":0}; {""start"":{""x"":10;""y"":1};""end"":{""x"":10;""y"":1}]; shape=[32; 128]; orientation=ShardOrientation::ROW_MAJOR};nd_shard_spec=std::nullopt;created_with_nd_shard_spec=0;per_core_allocation=0)'}",,32,110,,,3262739212,3262739703,491,8935960518490,8935960521245,8892,8892,2041,1119,1119,,,,166,1119,1096,,,,,,,,,1[1],32[32],32[1],128[128],TILE,BFLOAT16,DEV_0_DRAM_INTERLEAVED,,,,,,,,1[1],32[32],32[1],128[128],TILE,BFLOAT16,DEV_0_L1_HEIGHT_SHARDED,,,[],[],['ttnn/cpp/ttnn/operations/data_movement/sharded/device/kernels/dataflow/writer_unary_sharded.cpp'; 'ttnn/cpp/ttnn/operations/data_movement/sharded/device/kernels/dataflow/reader_unary_sharded_blocks_interleaved_start_id.cpp'],['writer_unary_sharded/2816079715866797849/'; 'reader_unary_sharded_blocks_interleaved_start_id/13575281725531493021/'],3818893462322974683,False,444,876,0,0,0,0,0,0,0,1,1,1,[],[],0.089,,,,,,,491
SliceDeviceOperation,tt_dnn_device,121859,3,blackhole,{'num_devices': 'std::nullopt'; 'output_mem_config': 'MemoryConfig(memory_layout=TensorMemoryLayout::INTERLEAVED;buffer_type=BufferType::DRAM;shard_spec=std::nullopt;nd_shard_spec=std::nullopt;created_with_nd_shard_spec=0;per_core_allocation=0)'; 'slice_dim': 'std::nullopt'; 'slice_end': 'Shape([1; 32; 32; 256])'; 'slice_start': 'Shape([0; 0; 0; 128])'; 'step': 'Shape([1; 1; 1; 1])'; 'sub_core_grids': 'std::nullopt'; 'use_tensor_args': 'false'},,110,110,,,3262747168,3262747759,591,8935960533037,8935960537393,9328,9328,3227,2635,2635,,,,169,2628,2427,,,,,,,,,1[1],32[32],32[1],256[256],TILE,BFLOAT16,DEV_0_DRAM_INTERLEAVED,,,,,,,,1[1],32[32],32[32],128[128],TILE,BFLOAT16,DEV_0_DRAM_INTERLEAVED,,,[],[],['ttnn/cpp/ttnn/operations/data_movement/slice/device/kernels/dataflow/writer_unary_interleaved_start_id.cpp'; 'ttnn/cpp/ttnn/operations/data_movement/slice/device/kernels/dataflow/reader_unary_unpad_dims_interleaved_start_id.cpp'],['writer_unary_interleaved_start_id/17872786682307166113/'; 'reader_unary_unpad_dims_interleaved_start_id/5783004548399313417/'],12843380687060980844,False,1000,1028,0,0,0,0,0,0,0,1207,1207,953,[434.3728332519531],[217.18641662597656],45.806,,,,,,,591
InterleavedToShardedDeviceOperation,tt_dnn_device,122883,3,blackhole,"{'keep_l1_aligned': 'false'; 'output_dtype': 'DataType::BFLOAT16'; 'output_mem_config': 'MemoryConfig(memory_layout=TensorMemoryLayout::HEIGHT_SHARDED;buffer_type=BufferType::L1;shard_spec=ShardSpec{grid=[{""start"":{""x"":0;""y"":0};""end"":{""x"":0;""y"":0}; {""start"":{""x"":0;""y"":1};""end"":{""x"":0;""y"":1}; {""start"":{""x"":0;""y"":2};""end"":{""x"":0;""y"":2}; {""start"":{""x"":1;""y"":0};""end"":{""x"":1;""y"":0}; {""start"":{""x"":1;""y"":1};""end"":{""x"":1;""y"":1}; {""start"":{""x"":1;""y"":2};""end"":{""x"":1;""y"":2}; {""start"":{""x"":2;""y"":0};""end"":{""x"":2;""y"":0}; {""start"":{""x"":2;""y"":1};""end"":{""x"":2;""y"":1}; {""start"":{""x"":2;""y"":2};""end"":{""x"":2;""y"":2}; {""start"":{""x"":3;""y"":0};""end"":{""x"":3;""y"":0}; {""start"":{""x"":3;""y"":1};""end"":{""x"":3;""y"":1}; {""start"":{""x"":3;""y"":2};""end"":{""x"":3;""y"":2}; {""start"":{""x"":4;""y"":0};""end"":{""x"":4;""y"":0}; {""start"":{""x"":4;""y"":1};""end"":{""x"":4;""y"":1}; {""start"":{""x"":4;""y"":2};""end"":{""x"":4;""y"":2}; {""start"":{""x"":5;""y"":0};""end"":{""x"":5;""y"":0}; {""start"":{""x"":5;""y"":1};""end"":{""x"":5;""y"":1}; {""start"":{""x"":5;""y"":2};""end"":{""x"":5;""y"":2}; {""start"":{""x"":6;""y"":0};""end"":{""x"":6;""y"":0}; {""start"":{""x"":6;""y"":1};""end"":{""x"":6;""y"":1}; {""start"":{""x"":6;""y"":2};""end"":{""x"":6;""y"":2}; {""start"":{""x"":7;""y"":0};""end"":{""x"":7;""y"":0}; {""start"":{""x"":7;""y"":1};""end"":{""x"":7;""y"":1}; {""start"":{""x"":7;""y"":2};""end"":{""x"":7;""y"":2}; {""start"":{""x"":8;""y"":0};""end"":{""x"":8;""y"":0}; {""start"":{""x"":8;""y"":1};""end"":{""x"":8;""y"":1}; {""start"":{""x"":8;""y"":2};""end"":{""x"":8;""y"":2}; {""start"":{""x"":9;""y"":0};""end"":{""x"":9;""y"":0}; {""start"":{""x"":9;""y"":1};""end"":{""x"":9;""y"":1}; {""start"":{""x"":9;""y"":2};""end"":{""x"":9;""y"":2}; {""start"":{""x"":10;""y"":0};""end"":{""x"":10;""y"":0}; {""start"":{""x"":10;""y"":1};""end"":{""x"":10;""y"":1}]; shape=[32; 128]; orientation=ShardOrientation::ROW_MAJOR};nd_shard_spec=std::nullopt;created_with_nd_shard_spec=0;per_core_allocation=0)'}",,32,110,,,3262760363,3262760733,370,8935960546965,8935960549747,8005,8005,2061,1145,1145,,,,165,1144,1112,,,,,,,,,1[1],32[32],32[1],128[128],TILE,BFLOAT16,DEV_0_DRAM_INTERLEAVED,,,,,,,,1[1],32[32],32[1],128[128],TILE,BFLOAT16,DEV_0_L1_HEIGHT_SHARDED,,,[],[],['ttnn/cpp/ttnn/operations/data_movement/sharded/device/kernels/dataflow/writer_unary_sharded.cpp'; 'ttnn/cpp/ttnn/operations/data_movement/sharded/device/kernels/dataflow/reader_unary_sharded_blocks_interleaved_start_id.cpp'],['writer_unary_sharded/2816079715866797849/'; 'reader_unary_sharded_blocks_interleaved_start_id/13575281725531493021/'],3818893462322974683,False,444,876,0,0,0,0,0,0,0,1,1,1,[],[],0.087,,,,,,,370
EmbeddingsDeviceOperation,tt_dnn_device,123907,3,blackhole,{'embeddings_type': 'EmbeddingsType::GENERIC'; 'output_mem_config': 'MemoryConfig(memory_layout=TensorMemoryLayout::INTERLEAVED;buffer_type=BufferType::DRAM;shard_spec=std::nullopt;nd_shard_spec=std::nullopt;created_with_nd_shard_spec=0;per_core_allocation=0)'; 'pad_token': 'std::nullopt'; 'tilized': 'true'},HiFi4,1,110,,,3262773338,3262773758,420,8935960562511,8935960567340,9987,9990,3577,3019,3018,,,,57,2962,1741,1816,121,1940,,,,,,1[1],1[1],1[1],32[32],ROW_MAJOR,UINT32,DEV_0_DRAM_INTERLEAVED,1[1],1[1],131072[131072],256[256],ROW_MAJOR,BFLOAT16,DEV_0_DRAM_INTERLEAVED,1[1],1[1],32[32],256[256],TILE,BFLOAT16,DEV_0_DRAM_INTERLEAVED,,,['ttnn/cpp/ttnn/operations/data_movement/tilize/device/kernels/compute/tilize.cpp'],['tilize/1883113549092967117/'],['ttnn/cpp/ttnn/operations/eltwise/unary/device/kernels/dataflow/writer_unary_interleaved_start_id.cpp'; 'ttnn/cpp/ttnn/operations/embedding/device/kernels/dataflow/embeddings_tilize.cpp'],['writer_unary_interleaved_start_id/17379425957123616916/'; 'embeddings_tilize/16389043569753230323/'],2884466655117215699,False,1000,948,1220,804,2084,0,0,0,0,1,1,1,[],[],0.033,,,,,,,420
TransposeDeviceOperation,tt_dnn_device,124931,3,blackhole,{'dim': 'TransposeOpDim::HC'; 'output_mem_config': 'MemoryConfig(memory_layout=TensorMemoryLayout::INTERLEAVED;buffer_type=BufferType::DRAM;shard_spec=std::nullopt;nd_shard_spec=std::nullopt;created_with_nd_shard_spec=0;per_core_allocation=0)'; 'pad_value': '0'},,110,110,,,3262784849,3262785310,461,8935960582894,8935960588547,12146,12146,4187,3584,3584,,,,170,3581,1068,,,,,,,,,1[1],1[1],32[32],256[256],TILE,BFLOAT16,DEV_0_DRAM_INTERLEAVED,,,,,,,,1[1],32[32],32[1],256[256],TILE,BFLOAT16,DEV_0_DRAM_INTERLEAVED,,,[],[],['ttnn/cpp/ttnn/operations/data_movement/transpose/device/kernels/dataflow/writer_unary_transpose_hc_interleaved_tiled_padding_aware.cpp'; 'ttnn/cpp/ttnn/operations/data_movement/transpose/device/kernels/dataflow/reader_unary_transpose_hc_interleaved_tiled_padding_aware.cpp'],['writer_unary_transpose_hc_interleaved_tiled_padding_aware/3592149805530130016/'; 'reader_unary_transpose_hc_interleaved_tiled_padding_aware/3278640446294112578/'],11093648575313324181,False,1216,1040,0,0,0,0,0,0,0,2059,2059,953,[7.957260608673096],[254.63233947753906],57.45,,,,,,,461
SliceDeviceOperation,tt_dnn_device,125955,3,blackhole,{'num_devices': 'std::nullopt'; 'output_mem_config': 'MemoryConfig(memory_layout=TensorMemoryLayout::INTERLEAVED;buffer_type=BufferType::DRAM;shard_spec=std::nullopt;nd_shard_spec=std::nullopt;created_with_nd_shard_spec=0;per_core_allocation=0)'; 'slice_dim': 'std::nullopt'; 'slice_end': 'Shape([1; 32; 32; 128])'; 'slice_start': 'Shape([0; 0; 0; 0])'; 'step': 'Shape([1; 1; 1; 1])'; 'sub_core_grids': 'std::nullopt'; 'use_tensor_args': 'false'},,110,110,,,3262792594,3262793256,662,8935960593784,8935960597996,4477,4477,3120,2525,2525,,,,163,2525,2299,,,,,,,,,1[1],32[32],32[1],256[256],TILE,BFLOAT16,DEV_0_DRAM_INTERLEAVED,,,,,,,,1[1],32[32],32[32],128[128],TILE,BFLOAT16,DEV_0_DRAM_INTERLEAVED,,,[],[],['ttnn/cpp/ttnn/operations/data_movement/slice/device/kernels/dataflow/writer_unary_interleaved_start_id.cpp'; 'ttnn/cpp/ttnn/operations/data_movement/slice/device/kernels/dataflow/reader_unary_unpad_dims_interleaved_start_id.cpp'],['writer_unary_interleaved_start_id/17872786682307166113/'; 'reader_unary_unpad_dims_interleaved_start_id/5783004548399313417/'],13405722893863627506,False,1000,1028,0,0,0,0,0,0,0,1207,1207,953,[434.3728332519531],[217.18641662597656],47.802,,,,,,,662
InterleavedToShardedDeviceOperation,tt_dnn_device,126979,3,blackhole,"{'keep_l1_aligned': 'false'; 'output_dtype': 'DataType::BFLOAT16'; 'output_mem_config': 'MemoryConfig(memory_layout=TensorMemoryLayout::HEIGHT_SHARDED;buffer_type=BufferType::L1;shard_spec=ShardSpec{grid=[{""start"":{""x"":0;""y"":0};""end"":{""x"":0;""y"":0}; {""start"":{""x"":0;""y"":1};""end"":{""x"":0;""y"":1}; {""start"":{""x"":0;""y"":2};""end"":{""x"":0;""y"":2}; {""start"":{""x"":1;""y"":0};""end"":{""x"":1;""y"":0}; {""start"":{""x"":1;""y"":1};""end"":{""x"":1;""y"":1}; {""start"":{""x"":1;""y"":2};""end"":{""x"":1;""y"":2}; {""start"":{""x"":2;""y"":0};""end"":{""x"":2;""y"":0}; {""start"":{""x"":2;""y"":1};""end"":{""x"":2;""y"":1}; {""start"":{""x"":2;""y"":2};""end"":{""x"":2;""y"":2}; {""start"":{""x"":3;""y"":0};""end"":{""x"":3;""y"":0}; {""start"":{""x"":3;""y"":1};""end"":{""x"":3;""y"":1}; {""start"":{""x"":3;""y"":2};""end"":{""x"":3;""y"":2}; {""start"":{""x"":4;""y"":0};""end"":{""x"":4;""y"":0}; {""start"":{""x"":4;""y"":1};""end"":{""x"":4;""y"":1}; {""start"":{""x"":4;""y"":2};""end"":{""x"":4;""y"":2}; {""start"":{""x"":5;""y"":0};""end"":{""x"":5;""y"":0}; {""start"":{""x"":5;""y"":1};""end"":{""x"":5;""y"":1}; {""start"":{""x"":5;""y"":2};""end"":{""x"":5;""y"":2}; {""start"":{""x"":6;""y"":0};""end"":{""x"":6;""y"":0}; {""start"":{""x"":6;""y"":1};""end"":{""x"":6;""y"":1}; {""start"":{""x"":6;""y"":2};""end"":{""x"":6;""y"":2}; {""start"":{""x"":7;""y"":0};""end"":{""x"":7;""y"":0}; {""start"":{""x"":7;""y"":1};""end"":{""x"":7;""y"":1}; {""start"":{""x"":7;""y"":2};""end"":{""x"":7;""y"":2}; {""start"":{""x"":8;""y"":0};""end"":{""x"":8;""y"":0}; {""start"":{""x"":8;""y"":1};""end"":{""x"":8;""y"":1}; {""start"":{""x"":8;""y"":2};""end"":{""x"":8;""y"":2}; {""start"":{""x"":9;""y"":0};""end"":{""x"":9;""y"":0}; {""start"":{""x"":9;""y"":1};""end"":{""x"":9;""y"":1}; {""start"":{""x"":9;""y"":2};""end"":{""x"":9;""y"":2}; {""start"":{""x"":10;""y"":0};""end"":{""x"":10;""y"":0}; {""start"":{""x"":10;""y"":1};""end"":{""x"":10;""y"":1}]; shape=[32; 128]; orientation=ShardOrientation::ROW_MAJOR};nd_shard_spec=std::nullopt;created_with_nd_shard_spec=0;per_core_allocation=0)'}",,32,110,,,3262805649,3262806100,451,8935960608645,8935960611430,8821,8821,2063,1120,1120,,,,170,1120,1092,,,,,,,,,1[1],32[32],32[1],128[128],TILE,BFLOAT16,DEV_0_DRAM_INTERLEAVED,,,,,,,,1[1],32[32],32[1],128[128],TILE,BFLOAT16,DEV_0_L1_HEIGHT_SHARDED,,,[],[],['ttnn/cpp/ttnn/operations/data_movement/sharded/device/kernels/dataflow/writer_unary_sharded.cpp'; 'ttnn/cpp/ttnn/operations/data_movement/sharded/device/kernels/dataflow/reader_unary_sharded_blocks_interleaved_start_id.cpp'],['writer_unary_sharded/2816079715866797849/'; 'reader_unary_sharded_blocks_interleaved_start_id/13575281725531493021/'],3818893462322974683,False,444,876,0,0,0,0,0,0,0,1,1,1,[],[],0.089,,,,,,,451
SliceDeviceOperation,tt_dnn_device,128003,3,blackhole,{'num_devices': 'std::nullopt'; 'output_mem_config': 'MemoryConfig(memory_layout=TensorMemoryLayout::INTERLEAVED;buffer_type=BufferType::DRAM;shard_spec=std::nullopt;nd_shard_spec=std::nullopt;created_with_nd_shard_spec=0;per_core_allocation=0)'; 'slice_dim': 'std::nullopt'; 'slice_end': 'Shape([1; 32; 32; 256])'; 'slice_start': 'Shape([0; 0; 0; 128])'; 'step': 'Shape([1; 1; 1; 1])'; 'sub_core_grids': 'std::nullopt'; 'use_tensor_args': 'false'},,110,110,,,3262814586,3262815197,611,8935960621677,8935960626083,8199,8199,3264,2667,2667,,,,159,2664,2373,,,,,,,,,1[1],32[32],32[1],256[256],TILE,BFLOAT16,DEV_0_DRAM_INTERLEAVED,,,,,,,,1[1],32[32],32[32],128[128],TILE,BFLOAT16,DEV_0_DRAM_INTERLEAVED,,,[],[],['ttnn/cpp/ttnn/operations/data_movement/slice/device/kernels/dataflow/writer_unary_interleaved_start_id.cpp'; 'ttnn/cpp/ttnn/operations/data_movement/slice/device/kernels/dataflow/reader_unary_unpad_dims_interleaved_start_id.cpp'],['writer_unary_interleaved_start_id/17872786682307166113/'; 'reader_unary_unpad_dims_interleaved_start_id/5783004548399313417/'],12843380687060980844,False,1000,1028,0,0,0,0,0,0,0,1207,1207,953,[434.3728332519531],[217.18641662597656],45.257,,,,,,,611
InterleavedToShardedDeviceOperation,tt_dnn_device,129027,3,blackhole,"{'keep_l1_aligned': 'false'; 'output_dtype': 'DataType::BFLOAT16'; 'output_mem_config': 'MemoryConfig(memory_layout=TensorMemoryLayout::HEIGHT_SHARDED;buffer_type=BufferType::L1;shard_spec=ShardSpec{grid=[{""start"":{""x"":0;""y"":0};""end"":{""x"":0;""y"":0}; {""start"":{""x"":0;""y"":1};""end"":{""x"":0;""y"":1}; {""start"":{""x"":0;""y"":2};""end"":{""x"":0;""y"":2}; {""start"":{""x"":1;""y"":0};""end"":{""x"":1;""y"":0}; {""start"":{""x"":1;""y"":1};""end"":{""x"":1;""y"":1}; {""start"":{""x"":1;""y"":2};""end"":{""x"":1;""y"":2}; {""start"":{""x"":2;""y"":0};""end"":{""x"":2;""y"":0}; {""start"":{""x"":2;""y"":1};""end"":{""x"":2;""y"":1}; {""start"":{""x"":2;""y"":2};""end"":{""x"":2;""y"":2}; {""start"":{""x"":3;""y"":0};""end"":{""x"":3;""y"":0}; {""start"":{""x"":3;""y"":1};""end"":{""x"":3;""y"":1}; {""start"":{""x"":3;""y"":2};""end"":{""x"":3;""y"":2}; {""start"":{""x"":4;""y"":0};""end"":{""x"":4;""y"":0}; {""start"":{""x"":4;""y"":1};""end"":{""x"":4;""y"":1}; {""start"":{""x"":4;""y"":2};""end"":{""x"":4;""y"":2}; {""start"":{""x"":5;""y"":0};""end"":{""x"":5;""y"":0}; {""start"":{""x"":5;""y"":1};""end"":{""x"":5;""y"":1}; {""start"":{""x"":5;""y"":2};""end"":{""x"":5;""y"":2}; {""start"":{""x"":6;""y"":0};""end"":{""x"":6;""y"":0}; {""start"":{""x"":6;""y"":1};""end"":{""x"":6;""y"":1}; {""start"":{""x"":6;""y"":2};""end"":{""x"":6;""y"":2}; {""start"":{""x"":7;""y"":0};""end"":{""x"":7;""y"":0}; {""start"":{""x"":7;""y"":1};""end"":{""x"":7;""y"":1}; {""start"":{""x"":7;""y"":2};""end"":{""x"":7;""y"":2}; {""start"":{""x"":8;""y"":0};""end"":{""x"":8;""y"":0}; {""start"":{""x"":8;""y"":1};""end"":{""x"":8;""y"":1}; {""start"":{""x"":8;""y"":2};""end"":{""x"":8;""y"":2}; {""start"":{""x"":9;""y"":0};""end"":{""x"":9;""y"":0}; {""start"":{""x"":9;""y"":1};""end"":{""x"":9;""y"":1}; {""start"":{""x"":9;""y"":2};""end"":{""x"":9;""y"":2}; {""start"":{""x"":10;""y"":0};""end"":{""x"":10;""y"":0}; {""start"":{""x"":10;""y"":1};""end"":{""x"":10;""y"":1}]; shape=[32; 128]; orientation=ShardOrientation::ROW_MAJOR};nd_shard_spec=std::nullopt;created_with_nd_shard_spec=0;per_core_allocation=0)'}",,32,110,,,3262827701,3262828112,411,8935960637981,8935960640762,9728,9728,2060,1140,1140,,,,173,1139,1116,,,,,,,,,1[1],32[32],32[1],128[128],TILE,BFLOAT16,DEV_0_DRAM_INTERLEAVED,,,,,,,,1[1],32[32],32[1],128[128],TILE,BFLOAT16,DEV_0_L1_HEIGHT_SHARDED,,,[],[],['ttnn/cpp/ttnn/operations/data_movement/sharded/device/kernels/dataflow/writer_unary_sharded.cpp'; 'ttnn/cpp/ttnn/operations/data_movement/sharded/device/kernels/dataflow/reader_unary_sharded_blocks_interleaved_start_id.cpp'],['writer_unary_sharded/2816079715866797849/'; 'reader_unary_sharded_blocks_interleaved_start_id/13575281725531493021/'],3818893462322974683,False,444,876,0,0,0,0,0,0,0,1,1,1,[],[],0.088,,,,,,,411
EmbeddingsDeviceOperation,tt_dnn_device,130051,3,blackhole,{'embeddings_type': 'EmbeddingsType::GENERIC'; 'output_mem_config': 'MemoryConfig(memory_layout=TensorMemoryLayout::INTERLEAVED;buffer_type=BufferType::DRAM;shard_spec=std::nullopt;nd_shard_spec=std::nullopt;created_with_nd_shard_spec=0;per_core_allocation=0)'; 'pad_token': 'std::nullopt'; 'tilized': 'true'},HiFi4,1,110,,,3262842770,3262843231,461,8935960652991,8935960657777,9596,9596,3545,3016,3016,,,,56,2960,1747,1816,119,1930,,,,,,1[1],1[1],1[1],32[32],ROW_MAJOR,UINT32,DEV_0_DRAM_INTERLEAVED,1[1],1[1],131072[131072],256[256],ROW_MAJOR,BFLOAT16,DEV_0_DRAM_INTERLEAVED,1[1],1[1],32[32],256[256],TILE,BFLOAT16,DEV_0_DRAM_INTERLEAVED,,,['ttnn/cpp/ttnn/operations/data_movement/tilize/device/kernels/compute/tilize.cpp'],['tilize/1883113549092967117/'],['ttnn/cpp/ttnn/operations/eltwise/unary/device/kernels/dataflow/writer_unary_interleaved_start_id.cpp'; 'ttnn/cpp/ttnn/operations/embedding/device/kernels/dataflow/embeddings_tilize.cpp'],['writer_unary_interleaved_start_id/17379425957123616916/'; 'embeddings_tilize/16389043569753230323/'],2884466655117215699,False,1000,948,1220,804,2084,0,0,0,0,1,1,1,[],[],0.033,,,,,,,461
TransposeDeviceOperation,tt_dnn_device,131075,3,blackhole,{'dim': 'TransposeOpDim::HC'; 'output_mem_config': 'MemoryConfig(memory_layout=TensorMemoryLayout::INTERLEAVED;buffer_type=BufferType::DRAM;shard_spec=std::nullopt;nd_shard_spec=std::nullopt;created_with_nd_shard_spec=0;per_core_allocation=0)'; 'pad_value': '0'},,110,110,,,3262854713,3262855204,491,8935960677244,8935960682847,15016,15016,4150,3547,3547,,,,167,3533,1009,,,,,,,,,1[1],1[1],32[32],256[256],TILE,BFLOAT16,DEV_0_DRAM_INTERLEAVED,,,,,,,,1[1],32[32],32[1],256[256],TILE,BFLOAT16,DEV_0_DRAM_INTERLEAVED,,,[],[],['ttnn/cpp/ttnn/operations/data_movement/transpose/device/kernels/dataflow/writer_unary_transpose_hc_interleaved_tiled_padding_aware.cpp'; 'ttnn/cpp/ttnn/operations/data_movement/transpose/device/kernels/dataflow/reader_unary_transpose_hc_interleaved_tiled_padding_aware.cpp'],['writer_unary_transpose_hc_interleaved_tiled_padding_aware/3592149805530130016/'; 'reader_unary_transpose_hc_interleaved_tiled_padding_aware/3278640446294112578/'],11093648575313324181,False,1216,1040,0,0,0,0,0,0,0,2059,2059,953,[7.957260608673096],[254.63233947753906],58.049,,,,,,,491
SliceDeviceOperation,tt_dnn_device,132099,3,blackhole,{'num_devices': 'std::nullopt'; 'output_mem_config': 'MemoryConfig(memory_layout=TensorMemoryLayout::INTERLEAVED;buffer_type=BufferType::DRAM;shard_spec=std::nullopt;nd_shard_spec=std::nullopt;created_with_nd_shard_spec=0;per_core_allocation=0)'; 'slice_dim': 'std::nullopt'; 'slice_end': 'Shape([1; 32; 32; 128])'; 'slice_start': 'Shape([0; 0; 0; 0])'; 'step': 'Shape([1; 1; 1; 1])'; 'sub_core_grids': 'std::nullopt'; 'use_tensor_args': 'false'},,110,110,,,3262862708,3262863359,651,8935960688489,8935960692769,4780,4780,3170,2573,2573,,,,165,2572,2304,,,,,,,,,1[1],32[32],32[1],256[256],TILE,BFLOAT16,DEV_0_DRAM_INTERLEAVED,,,,,,,,1[1],32[32],32[32],128[128],TILE,BFLOAT16,DEV_0_DRAM_INTERLEAVED,,,[],[],['ttnn/cpp/ttnn/operations/data_movement/slice/device/kernels/dataflow/writer_unary_interleaved_start_id.cpp'; 'ttnn/cpp/ttnn/operations/data_movement/slice/device/kernels/dataflow/reader_unary_unpad_dims_interleaved_start_id.cpp'],['writer_unary_interleaved_start_id/17872786682307166113/'; 'reader_unary_unpad_dims_interleaved_start_id/5783004548399313417/'],13405722893863627506,False,1000,1028,0,0,0,0,0,0,0,1207,1207,953,[434.3728332519531],[217.18641662597656],46.91,,,,,,,651
InterleavedToShardedDeviceOperation,tt_dnn_device,133123,3,blackhole,"{'keep_l1_aligned': 'false'; 'output_dtype': 'DataType::BFLOAT16'; 'output_mem_config': 'MemoryConfig(memory_layout=TensorMemoryLayout::HEIGHT_SHARDED;buffer_type=BufferType::L1;shard_spec=ShardSpec{grid=[{""start"":{""x"":0;""y"":0};""end"":{""x"":0;""y"":0}; {""start"":{""x"":0;""y"":1};""end"":{""x"":0;""y"":1}; {""start"":{""x"":0;""y"":2};""end"":{""x"":0;""y"":2}; {""start"":{""x"":1;""y"":0};""end"":{""x"":1;""y"":0}; {""start"":{""x"":1;""y"":1};""end"":{""x"":1;""y"":1}; {""start"":{""x"":1;""y"":2};""end"":{""x"":1;""y"":2}; {""start"":{""x"":2;""y"":0};""end"":{""x"":2;""y"":0}; {""start"":{""x"":2;""y"":1};""end"":{""x"":2;""y"":1}; {""start"":{""x"":2;""y"":2};""end"":{""x"":2;""y"":2}; {""start"":{""x"":3;""y"":0};""end"":{""x"":3;""y"":0}; {""start"":{""x"":3;""y"":1};""end"":{""x"":3;""y"":1}; {""start"":{""x"":3;""y"":2};""end"":{""x"":3;""y"":2}; {""start"":{""x"":4;""y"":0};""end"":{""x"":4;""y"":0}; {""start"":{""x"":4;""y"":1};""end"":{""x"":4;""y"":1}; {""start"":{""x"":4;""y"":2};""end"":{""x"":4;""y"":2}; {""start"":{""x"":5;""y"":0};""end"":{""x"":5;""y"":0}; {""start"":{""x"":5;""y"":1};""end"":{""x"":5;""y"":1}; {""start"":{""x"":5;""y"":2};""end"":{""x"":5;""y"":2}; {""start"":{""x"":6;""y"":0};""end"":{""x"":6;""y"":0}; {""start"":{""x"":6;""y"":1};""end"":{""x"":6;""y"":1}; {""start"":{""x"":6;""y"":2};""end"":{""x"":6;""y"":2}; {""start"":{""x"":7;""y"":0};""end"":{""x"":7;""y"":0}; {""start"":{""x"":7;""y"":1};""end"":{""x"":7;""y"":1}; {""start"":{""x"":7;""y"":2};""end"":{""x"":7;""y"":2}; {""start"":{""x"":8;""y"":0};""end"":{""x"":8;""y"":0}; {""start"":{""x"":8;""y"":1};""end"":{""x"":8;""y"":1}; {""start"":{""x"":8;""y"":2};""end"":{""x"":8;""y"":2}; {""start"":{""x"":9;""y"":0};""end"":{""x"":9;""y"":0}; {""start"":{""x"":9;""y"":1};""end"":{""x"":9;""y"":1}; {""start"":{""x"":9;""y"":2};""end"":{""x"":9;""y"":2}; {""start"":{""x"":10;""y"":0};""end"":{""x"":10;""y"":0}; {""start"":{""x"":10;""y"":1};""end"":{""x"":10;""y"":1}]; shape=[32; 128]; orientation=ShardOrientation::ROW_MAJOR};nd_shard_spec=std::nullopt;created_with_nd_shard_spec=0;per_core_allocation=0)'}",,32,110,,,3262876214,3262876755,541,8935960703471,8935960706273,8853,8853,2076,1141,1141,,,,166,1139,1118,,,,,,,,,1[1],32[32],32[1],128[128],TILE,BFLOAT16,DEV_0_DRAM_INTERLEAVED,,,,,,,,1[1],32[32],32[1],128[128],TILE,BFLOAT16,DEV_0_L1_HEIGHT_SHARDED,,,[],[],['ttnn/cpp/ttnn/operations/data_movement/sharded/device/kernels/dataflow/writer_unary_sharded.cpp'; 'ttnn/cpp/ttnn/operations/data_movement/sharded/device/kernels/dataflow/reader_unary_sharded_blocks_interleaved_start_id.cpp'],['writer_unary_sharded/2816079715866797849/'; 'reader_unary_sharded_blocks_interleaved_start_id/13575281725531493021/'],3818893462322974683,False,444,876,0,0,0,0,0,0,0,1,1,1,[],[],0.088,,,,,,,541
SliceDeviceOperation,tt_dnn_device,134147,3,blackhole,{'num_devices': 'std::nullopt'; 'output_mem_config': 'MemoryConfig(memory_layout=TensorMemoryLayout::INTERLEAVED;buffer_type=BufferType::DRAM;shard_spec=std::nullopt;nd_shard_spec=std::nullopt;created_with_nd_shard_spec=0;per_core_allocation=0)'; 'slice_dim': 'std::nullopt'; 'slice_end': 'Shape([1; 32; 32; 256])'; 'slice_start': 'Shape([0; 0; 0; 128])'; 'step': 'Shape([1; 1; 1; 1])'; 'sub_core_grids': 'std::nullopt'; 'use_tensor_args': 'false'},,110,110,,,3262883939,3262884530,591,8935960717281,8935960721587,8754,8754,3190,2592,2592,,,,155,2589,2380,,,,,,,,,1[1],32[32],32[1],256[256],TILE,BFLOAT16,DEV_0_DRAM_INTERLEAVED,,,,,,,,1[1],32[32],32[32],128[128],TILE,BFLOAT16,DEV_0_DRAM_INTERLEAVED,,,[],[],['ttnn/cpp/ttnn/operations/data_movement/slice/device/kernels/dataflow/writer_unary_interleaved_start_id.cpp'; 'ttnn/cpp/ttnn/operations/data_movement/slice/device/kernels/dataflow/reader_unary_unpad_dims_interleaved_start_id.cpp'],['writer_unary_interleaved_start_id/17872786682307166113/'; 'reader_unary_unpad_dims_interleaved_start_id/5783004548399313417/'],12843380687060980844,False,1000,1028,0,0,0,0,0,0,0,1207,1207,953,[434.3728332519531],[217.18641662597656],46.566,,,,,,,591
InterleavedToShardedDeviceOperation,tt_dnn_device,135171,3,blackhole,"{'keep_l1_aligned': 'false'; 'output_dtype': 'DataType::BFLOAT16'; 'output_mem_config': 'MemoryConfig(memory_layout=TensorMemoryLayout::HEIGHT_SHARDED;buffer_type=BufferType::L1;shard_spec=ShardSpec{grid=[{""start"":{""x"":0;""y"":0};""end"":{""x"":0;""y"":0}; {""start"":{""x"":0;""y"":1};""end"":{""x"":0;""y"":1}; {""start"":{""x"":0;""y"":2};""end"":{""x"":0;""y"":2}; {""start"":{""x"":1;""y"":0};""end"":{""x"":1;""y"":0}; {""start"":{""x"":1;""y"":1};""end"":{""x"":1;""y"":1}; {""start"":{""x"":1;""y"":2};""end"":{""x"":1;""y"":2}; {""start"":{""x"":2;""y"":0};""end"":{""x"":2;""y"":0}; {""start"":{""x"":2;""y"":1};""end"":{""x"":2;""y"":1}; {""start"":{""x"":2;""y"":2};""end"":{""x"":2;""y"":2}; {""start"":{""x"":3;""y"":0};""end"":{""x"":3;""y"":0}; {""start"":{""x"":3;""y"":1};""end"":{""x"":3;""y"":1}; {""start"":{""x"":3;""y"":2};""end"":{""x"":3;""y"":2}; {""start"":{""x"":4;""y"":0};""end"":{""x"":4;""y"":0}; {""start"":{""x"":4;""y"":1};""end"":{""x"":4;""y"":1}; {""start"":{""x"":4;""y"":2};""end"":{""x"":4;""y"":2}; {""start"":{""x"":5;""y"":0};""end"":{""x"":5;""y"":0}; {""start"":{""x"":5;""y"":1};""end"":{""x"":5;""y"":1}; {""start"":{""x"":5;""y"":2};""end"":{""x"":5;""y"":2}; {""start"":{""x"":6;""y"":0};""end"":{""x"":6;""y"":0}; {""start"":{""x"":6;""y"":1};""end"":{""x"":6;""y"":1}; {""start"":{""x"":6;""y"":2};""end"":{""x"":6;""y"":2}; {""start"":{""x"":7;""y"":0};""end"":{""x"":7;""y"":0}; {""start"":{""x"":7;""y"":1};""end"":{""x"":7;""y"":1}; {""start"":{""x"":7;""y"":2};""end"":{""x"":7;""y"":2}; {""start"":{""x"":8;""y"":0};""end"":{""x"":8;""y"":0}; {""start"":{""x"":8;""y"":1};""end"":{""x"":8;""y"":1}; {""start"":{""x"":8;""y"":2};""end"":{""x"":8;""y"":2}; {""start"":{""x"":9;""y"":0};""end"":{""x"":9;""y"":0}; {""start"":{""x"":9;""y"":1};""end"":{""x"":9;""y"":1}; {""start"":{""x"":9;""y"":2};""end"":{""x"":9;""y"":2}; {""start"":{""x"":10;""y"":0};""end"":{""x"":10;""y"":0}; {""start"":{""x"":10;""y"":1};""end"":{""x"":10;""y"":1}]; shape=[32; 128]; orientation=ShardOrientation::ROW_MAJOR};nd_shard_spec=std::nullopt;created_with_nd_shard_spec=0;per_core_allocation=0)'}",,32,110,,,3262896763,3262897264,501,8935960731233,8935960734037,8072,8072,2077,1144,1144,,,,164,1144,1113,,,,,,,,,1[1],32[32],32[1],128[128],TILE,BFLOAT16,DEV_0_DRAM_INTERLEAVED,,,,,,,,1[1],32[32],32[1],128[128],TILE,BFLOAT16,DEV_0_L1_HEIGHT_SHARDED,,,[],[],['ttnn/cpp/ttnn/operations/data_movement/sharded/device/kernels/dataflow/writer_unary_sharded.cpp'; 'ttnn/cpp/ttnn/operations/data_movement/sharded/device/kernels/dataflow/reader_unary_sharded_blocks_interleaved_start_id.cpp'],['writer_unary_sharded/2816079715866797849/'; 'reader_unary_sharded_blocks_interleaved_start_id/13575281725531493021/'],3818893462322974683,False,444,876,0,0,0,0,0,0,0,1,1,1,[],[],0.087,,,,,,,501
EmbeddingsDeviceOperation,tt_dnn_device,136195,3,blackhole,{'embeddings_type': 'EmbeddingsType::GENERIC'; 'output_mem_config': 'MemoryConfig(memory_layout=TensorMemoryLayout::INTERLEAVED;buffer_type=BufferType::DRAM;shard_spec=std::nullopt;nd_shard_spec=std::nullopt;created_with_nd_shard_spec=0;per_core_allocation=0)'; 'pad_token': 'std::nullopt'; 'tilized': 'true'},HiFi4,1,110,,,3262909527,3262909978,451,8935960746304,8935960751094,9614,9617,3548,3025,3024,,,,70,2956,1744,1821,119,1920,,,,,,1[1],1[1],1[1],32[32],ROW_MAJOR,UINT32,DEV_0_DRAM_INTERLEAVED,1[1],1[1],131072[131072],256[256],ROW_MAJOR,BFLOAT16,DEV_0_DRAM_INTERLEAVED,1[1],1[1],32[32],256[256],TILE,BFLOAT16,DEV_0_DRAM_INTERLEAVED,,,['ttnn/cpp/ttnn/operations/data_movement/tilize/device/kernels/compute/tilize.cpp'],['tilize/1883113549092967117/'],['ttnn/cpp/ttnn/operations/eltwise/unary/device/kernels/dataflow/writer_unary_interleaved_start_id.cpp'; 'ttnn/cpp/ttnn/operations/embedding/device/kernels/dataflow/embeddings_tilize.cpp'],['writer_unary_interleaved_start_id/17379425957123616916/'; 'embeddings_tilize/16389043569753230323/'],2884466655117215699,False,1000,948,1220,804,2084,0,0,0,0,1,1,1,[],[],0.033,,,,,,,451
TransposeDeviceOperation,tt_dnn_device,137219,3,blackhole,{'dim': 'TransposeOpDim::HC'; 'output_mem_config': 'MemoryConfig(memory_layout=TensorMemoryLayout::INTERLEAVED;buffer_type=BufferType::DRAM;shard_spec=std::nullopt;nd_shard_spec=std::nullopt;created_with_nd_shard_spec=0;per_core_allocation=0)'; 'pad_value': '0'},,110,110,,,3262920999,3262921500,501,8935960766882,8935960772472,12288,12288,4141,3544,3544,,,,161,3540,1004,,,,,,,,,1[1],1[1],32[32],256[256],TILE,BFLOAT16,DEV_0_DRAM_INTERLEAVED,,,,,,,,1[1],32[32],32[1],256[256],TILE,BFLOAT16,DEV_0_DRAM_INTERLEAVED,,,[],[],['ttnn/cpp/ttnn/operations/data_movement/transpose/device/kernels/dataflow/writer_unary_transpose_hc_interleaved_tiled_padding_aware.cpp'; 'ttnn/cpp/ttnn/operations/data_movement/transpose/device/kernels/dataflow/reader_unary_transpose_hc_interleaved_tiled_padding_aware.cpp'],['writer_unary_transpose_hc_interleaved_tiled_padding_aware/3592149805530130016/'; 'reader_unary_transpose_hc_interleaved_tiled_padding_aware/3278640446294112578/'],11093648575313324181,False,1216,1040,0,0,0,0,0,0,0,2059,2059,953,[7.957260608673096],[254.63233947753906],58.098,,,,,,,501
SliceDeviceOperation,tt_dnn_device,138243,3,blackhole,{'num_devices': 'std::nullopt'; 'output_mem_config': 'MemoryConfig(memory_layout=TensorMemoryLayout::INTERLEAVED;buffer_type=BufferType::DRAM;shard_spec=std::nullopt;nd_shard_spec=std::nullopt;created_with_nd_shard_spec=0;per_core_allocation=0)'; 'slice_dim': 'std::nullopt'; 'slice_end': 'Shape([1; 32; 32; 128])'; 'slice_start': 'Shape([0; 0; 0; 0])'; 'step': 'Shape([1; 1; 1; 1])'; 'sub_core_grids': 'std::nullopt'; 'use_tensor_args': 'false'},,110,110,,,3262928664,3262929305,641,8935960777613,8935960781913,4406,4406,3185,2593,2593,,,,162,2592,2330,,,,,,,,,1[1],32[32],32[1],256[256],TILE,BFLOAT16,DEV_0_DRAM_INTERLEAVED,,,,,,,,1[1],32[32],32[32],128[128],TILE,BFLOAT16,DEV_0_DRAM_INTERLEAVED,,,[],[],['ttnn/cpp/ttnn/operations/data_movement/slice/device/kernels/dataflow/writer_unary_interleaved_start_id.cpp'; 'ttnn/cpp/ttnn/operations/data_movement/slice/device/kernels/dataflow/reader_unary_unpad_dims_interleaved_start_id.cpp'],['writer_unary_interleaved_start_id/17872786682307166113/'; 'reader_unary_unpad_dims_interleaved_start_id/5783004548399313417/'],13405722893863627506,False,1000,1028,0,0,0,0,0,0,0,1207,1207,953,[434.3728332519531],[217.18641662597656],46.548,,,,,,,641
InterleavedToShardedDeviceOperation,tt_dnn_device,139267,3,blackhole,"{'keep_l1_aligned': 'false'; 'output_dtype': 'DataType::BFLOAT16'; 'output_mem_config': 'MemoryConfig(memory_layout=TensorMemoryLayout::HEIGHT_SHARDED;buffer_type=BufferType::L1;shard_spec=ShardSpec{grid=[{""start"":{""x"":0;""y"":0};""end"":{""x"":0;""y"":0}; {""start"":{""x"":0;""y"":1};""end"":{""x"":0;""y"":1}; {""start"":{""x"":0;""y"":2};""end"":{""x"":0;""y"":2}; {""start"":{""x"":1;""y"":0};""end"":{""x"":1;""y"":0}; {""start"":{""x"":1;""y"":1};""end"":{""x"":1;""y"":1}; {""start"":{""x"":1;""y"":2};""end"":{""x"":1;""y"":2}; {""start"":{""x"":2;""y"":0};""end"":{""x"":2;""y"":0}; {""start"":{""x"":2;""y"":1};""end"":{""x"":2;""y"":1}; {""start"":{""x"":2;""y"":2};""end"":{""x"":2;""y"":2}; {""start"":{""x"":3;""y"":0};""end"":{""x"":3;""y"":0}; {""start"":{""x"":3;""y"":1};""end"":{""x"":3;""y"":1}; {""start"":{""x"":3;""y"":2};""end"":{""x"":3;""y"":2}; {""start"":{""x"":4;""y"":0};""end"":{""x"":4;""y"":0}; {""start"":{""x"":4;""y"":1};""end"":{""x"":4;""y"":1}; {""start"":{""x"":4;""y"":2};""end"":{""x"":4;""y"":2}; {""start"":{""x"":5;""y"":0};""end"":{""x"":5;""y"":0}; {""start"":{""x"":5;""y"":1};""end"":{""x"":5;""y"":1}; {""start"":{""x"":5;""y"":2};""end"":{""x"":5;""y"":2}; {""start"":{""x"":6;""y"":0};""end"":{""x"":6;""y"":0}; {""start"":{""x"":6;""y"":1};""end"":{""x"":6;""y"":1}; {""start"":{""x"":6;""y"":2};""end"":{""x"":6;""y"":2}; {""start"":{""x"":7;""y"":0};""end"":{""x"":7;""y"":0}; {""start"":{""x"":7;""y"":1};""end"":{""x"":7;""y"":1}; {""start"":{""x"":7;""y"":2};""end"":{""x"":7;""y"":2}; {""start"":{""x"":8;""y"":0};""end"":{""x"":8;""y"":0}; {""start"":{""x"":8;""y"":1};""end"":{""x"":8;""y"":1}; {""start"":{""x"":8;""y"":2};""end"":{""x"":8;""y"":2}; {""start"":{""x"":9;""y"":0};""end"":{""x"":9;""y"":0}; {""start"":{""x"":9;""y"":1};""end"":{""x"":9;""y"":1}; {""start"":{""x"":9;""y"":2};""end"":{""x"":9;""y"":2}; {""start"":{""x"":10;""y"":0};""end"":{""x"":10;""y"":0}; {""start"":{""x"":10;""y"":1};""end"":{""x"":10;""y"":1}]; shape=[32; 128]; orientation=ShardOrientation::ROW_MAJOR};nd_shard_spec=std::nullopt;created_with_nd_shard_spec=0;per_core_allocation=0)'}",,32,110,,,3262941508,3262941939,431,8935960791623,8935960794316,8095,8095,1995,1088,1088,,,,164,1088,1060,,,,,,,,,1[1],32[32],32[1],128[128],TILE,BFLOAT16,DEV_0_DRAM_INTERLEAVED,,,,,,,,1[1],32[32],32[1],128[128],TILE,BFLOAT16,DEV_0_L1_HEIGHT_SHARDED,,,[],[],['ttnn/cpp/ttnn/operations/data_movement/sharded/device/kernels/dataflow/writer_unary_sharded.cpp'; 'ttnn/cpp/ttnn/operations/data_movement/sharded/device/kernels/dataflow/reader_unary_sharded_blocks_interleaved_start_id.cpp'],['writer_unary_sharded/2816079715866797849/'; 'reader_unary_sharded_blocks_interleaved_start_id/13575281725531493021/'],3818893462322974683,False,444,876,0,0,0,0,0,0,0,1,1,1,[],[],0.092,,,,,,,431
SliceDeviceOperation,tt_dnn_device,140291,3,blackhole,{'num_devices': 'std::nullopt'; 'output_mem_config': 'MemoryConfig(memory_layout=TensorMemoryLayout::INTERLEAVED;buffer_type=BufferType::DRAM;shard_spec=std::nullopt;nd_shard_spec=std::nullopt;created_with_nd_shard_spec=0;per_core_allocation=0)'; 'slice_dim': 'std::nullopt'; 'slice_end': 'Shape([1; 32; 32; 256])'; 'slice_start': 'Shape([0; 0; 0; 128])'; 'step': 'Shape([1; 1; 1; 1])'; 'sub_core_grids': 'std::nullopt'; 'use_tensor_args': 'false'},,110,110,,,3262949003,3262950736,1733,8935960805044,8935960809455,8536,8536,3267,2679,2679,,,,164,2679,2467,,,,,,,,,1[1],32[32],32[1],256[256],TILE,BFLOAT16,DEV_0_DRAM_INTERLEAVED,,,,,,,,1[1],32[32],32[32],128[128],TILE,BFLOAT16,DEV_0_DRAM_INTERLEAVED,,,[],[],['ttnn/cpp/ttnn/operations/data_movement/slice/device/kernels/dataflow/writer_unary_interleaved_start_id.cpp'; 'ttnn/cpp/ttnn/operations/data_movement/slice/device/kernels/dataflow/reader_unary_unpad_dims_interleaved_start_id.cpp'],['writer_unary_interleaved_start_id/17872786682307166113/'; 'reader_unary_unpad_dims_interleaved_start_id/5783004548399313417/'],12843380687060980844,False,1000,1028,0,0,0,0,0,0,0,1207,1207,953,[434.3728332519531],[217.18641662597656],45.054,,,,,,,1733
InterleavedToShardedDeviceOperation,tt_dnn_device,141315,3,blackhole,"{'keep_l1_aligned': 'false'; 'output_dtype': 'DataType::BFLOAT16'; 'output_mem_config': 'MemoryConfig(memory_layout=TensorMemoryLayout::HEIGHT_SHARDED;buffer_type=BufferType::L1;shard_spec=ShardSpec{grid=[{""start"":{""x"":0;""y"":0};""end"":{""x"":0;""y"":0}; {""start"":{""x"":0;""y"":1};""end"":{""x"":0;""y"":1}; {""start"":{""x"":0;""y"":2};""end"":{""x"":0;""y"":2}; {""start"":{""x"":1;""y"":0};""end"":{""x"":1;""y"":0}; {""start"":{""x"":1;""y"":1};""end"":{""x"":1;""y"":1}; {""start"":{""x"":1;""y"":2};""end"":{""x"":1;""y"":2}; {""start"":{""x"":2;""y"":0};""end"":{""x"":2;""y"":0}; {""start"":{""x"":2;""y"":1};""end"":{""x"":2;""y"":1}; {""start"":{""x"":2;""y"":2};""end"":{""x"":2;""y"":2}; {""start"":{""x"":3;""y"":0};""end"":{""x"":3;""y"":0}; {""start"":{""x"":3;""y"":1};""end"":{""x"":3;""y"":1}; {""start"":{""x"":3;""y"":2};""end"":{""x"":3;""y"":2}; {""start"":{""x"":4;""y"":0};""end"":{""x"":4;""y"":0}; {""start"":{""x"":4;""y"":1};""end"":{""x"":4;""y"":1}; {""start"":{""x"":4;""y"":2};""end"":{""x"":4;""y"":2}; {""start"":{""x"":5;""y"":0};""end"":{""x"":5;""y"":0}; {""start"":{""x"":5;""y"":1};""end"":{""x"":5;""y"":1}; {""start"":{""x"":5;""y"":2};""end"":{""x"":5;""y"":2}; {""start"":{""x"":6;""y"":0};""end"":{""x"":6;""y"":0}; {""start"":{""x"":6;""y"":1};""end"":{""x"":6;""y"":1}; {""start"":{""x"":6;""y"":2};""end"":{""x"":6;""y"":2}; {""start"":{""x"":7;""y"":0};""end"":{""x"":7;""y"":0}; {""start"":{""x"":7;""y"":1};""end"":{""x"":7;""y"":1}; {""start"":{""x"":7;""y"":2};""end"":{""x"":7;""y"":2}; {""start"":{""x"":8;""y"":0};""end"":{""x"":8;""y"":0}; {""start"":{""x"":8;""y"":1};""end"":{""x"":8;""y"":1}; {""start"":{""x"":8;""y"":2};""end"":{""x"":8;""y"":2}; {""start"":{""x"":9;""y"":0};""end"":{""x"":9;""y"":0}; {""start"":{""x"":9;""y"":1};""end"":{""x"":9;""y"":1}; {""start"":{""x"":9;""y"":2};""end"":{""x"":9;""y"":2}; {""start"":{""x"":10;""y"":0};""end"":{""x"":10;""y"":0}; {""start"":{""x"":10;""y"":1};""end"":{""x"":10;""y"":1}]; shape=[32; 128]; orientation=ShardOrientation::ROW_MAJOR};nd_shard_spec=std::nullopt;created_with_nd_shard_spec=0;per_core_allocation=0)'}",,32,110,,,3262963009,3262963490,481,8935960820636,8935960823427,9203,9203,2067,1143,1143,,,,166,1142,1104,,,,,,,,,1[1],32[32],32[1],128[128],TILE,BFLOAT16,DEV_0_DRAM_INTERLEAVED,,,,,,,,1[1],32[32],32[1],128[128],TILE,BFLOAT16,DEV_0_L1_HEIGHT_SHARDED,,,[],[],['ttnn/cpp/ttnn/operations/data_movement/sharded/device/kernels/dataflow/writer_unary_sharded.cpp'; 'ttnn/cpp/ttnn/operations/data_movement/sharded/device/kernels/dataflow/reader_unary_sharded_blocks_interleaved_start_id.cpp'],['writer_unary_sharded/2816079715866797849/'; 'reader_unary_sharded_blocks_interleaved_start_id/13575281725531493021/'],3818893462322974683,False,444,876,0,0,0,0,0,0,0,1,1,1,[],[],0.087,,,,,,,481
EmbeddingsDeviceOperation,tt_dnn_device,142339,3,blackhole,{'embeddings_type': 'EmbeddingsType::GENERIC'; 'output_mem_config': 'MemoryConfig(memory_layout=TensorMemoryLayout::INTERLEAVED;buffer_type=BufferType::DRAM;shard_spec=std::nullopt;nd_shard_spec=std::nullopt;created_with_nd_shard_spec=0;per_core_allocation=0)'; 'pad_token': 'std::nullopt'; 'tilized': 'true'},HiFi4,1,110,,,3262975423,3262975834,411,8935960835220,8935960840006,9262,9271,3545,3024,3015,,,,57,2967,1753,1830,133,1941,,,,,,1[1],1[1],1[1],32[32],ROW_MAJOR,UINT32,DEV_0_DRAM_INTERLEAVED,1[1],1[1],131072[131072],256[256],ROW_MAJOR,BFLOAT16,DEV_0_DRAM_INTERLEAVED,1[1],1[1],32[32],256[256],TILE,BFLOAT16,DEV_0_DRAM_INTERLEAVED,,,['ttnn/cpp/ttnn/operations/data_movement/tilize/device/kernels/compute/tilize.cpp'],['tilize/1883113549092967117/'],['ttnn/cpp/ttnn/operations/eltwise/unary/device/kernels/dataflow/writer_unary_interleaved_start_id.cpp'; 'ttnn/cpp/ttnn/operations/embedding/device/kernels/dataflow/embeddings_tilize.cpp'],['writer_unary_interleaved_start_id/17379425957123616916/'; 'embeddings_tilize/16389043569753230323/'],2884466655117215699,False,1000,948,1220,804,2084,0,0,0,0,1,1,1,[],[],0.033,,,,,,,411
TransposeDeviceOperation,tt_dnn_device,143363,3,blackhole,{'dim': 'TransposeOpDim::HC'; 'output_mem_config': 'MemoryConfig(memory_layout=TensorMemoryLayout::INTERLEAVED;buffer_type=BufferType::DRAM;shard_spec=std::nullopt;nd_shard_spec=std::nullopt;created_with_nd_shard_spec=0;per_core_allocation=0)'; 'pad_value': '0'},,110,110,,,3262987085,3262987466,381,8935960855987,8935960861641,12441,12441,4188,3575,3575,,,,159,3560,1019,,,,,,,,,1[1],1[1],32[32],256[256],TILE,BFLOAT16,DEV_0_DRAM_INTERLEAVED,,,,,,,,1[1],32[32],32[1],256[256],TILE,BFLOAT16,DEV_0_DRAM_INTERLEAVED,,,[],[],['ttnn/cpp/ttnn/operations/data_movement/transpose/device/kernels/dataflow/writer_unary_transpose_hc_interleaved_tiled_padding_aware.cpp'; 'ttnn/cpp/ttnn/operations/data_movement/transpose/device/kernels/dataflow/reader_unary_transpose_hc_interleaved_tiled_padding_aware.cpp'],['writer_unary_transpose_hc_interleaved_tiled_padding_aware/3592149805530130016/'; 'reader_unary_transpose_hc_interleaved_tiled_padding_aware/3278640446294112578/'],11093648575313324181,False,1216,1040,0,0,0,0,0,0,0,2059,2059,953,[7.957260608673096],[254.63233947753906],57.594,,,,,,,381
SliceDeviceOperation,tt_dnn_device,144387,3,blackhole,{'num_devices': 'std::nullopt'; 'output_mem_config': 'MemoryConfig(memory_layout=TensorMemoryLayout::INTERLEAVED;buffer_type=BufferType::DRAM;shard_spec=std::nullopt;nd_shard_spec=std::nullopt;created_with_nd_shard_spec=0;per_core_allocation=0)'; 'slice_dim': 'std::nullopt'; 'slice_end': 'Shape([1; 32; 32; 128])'; 'slice_start': 'Shape([0; 0; 0; 0])'; 'step': 'Shape([1; 1; 1; 1])'; 'sub_core_grids': 'std::nullopt'; 'use_tensor_args': 'false'},,110,110,,,3262995231,3262995902,671,8935960866389,8935960870630,4123,4123,3141,2547,2547,,,,161,2547,2357,,,,,,,,,1[1],32[32],32[1],256[256],TILE,BFLOAT16,DEV_0_DRAM_INTERLEAVED,,,,,,,,1[1],32[32],32[32],128[128],TILE,BFLOAT16,DEV_0_DRAM_INTERLEAVED,,,[],[],['ttnn/cpp/ttnn/operations/data_movement/slice/device/kernels/dataflow/writer_unary_interleaved_start_id.cpp'; 'ttnn/cpp/ttnn/operations/data_movement/slice/device/kernels/dataflow/reader_unary_unpad_dims_interleaved_start_id.cpp'],['writer_unary_interleaved_start_id/17872786682307166113/'; 'reader_unary_unpad_dims_interleaved_start_id/5783004548399313417/'],13405722893863627506,False,1000,1028,0,0,0,0,0,0,0,1207,1207,953,[434.3728332519531],[217.18641662597656],47.389,,,,,,,671
InterleavedToShardedDeviceOperation,tt_dnn_device,145411,3,blackhole,"{'keep_l1_aligned': 'false'; 'output_dtype': 'DataType::BFLOAT16'; 'output_mem_config': 'MemoryConfig(memory_layout=TensorMemoryLayout::HEIGHT_SHARDED;buffer_type=BufferType::L1;shard_spec=ShardSpec{grid=[{""start"":{""x"":0;""y"":0};""end"":{""x"":0;""y"":0}; {""start"":{""x"":0;""y"":1};""end"":{""x"":0;""y"":1}; {""start"":{""x"":0;""y"":2};""end"":{""x"":0;""y"":2}; {""start"":{""x"":1;""y"":0};""end"":{""x"":1;""y"":0}; {""start"":{""x"":1;""y"":1};""end"":{""x"":1;""y"":1}; {""start"":{""x"":1;""y"":2};""end"":{""x"":1;""y"":2}; {""start"":{""x"":2;""y"":0};""end"":{""x"":2;""y"":0}; {""start"":{""x"":2;""y"":1};""end"":{""x"":2;""y"":1}; {""start"":{""x"":2;""y"":2};""end"":{""x"":2;""y"":2}; {""start"":{""x"":3;""y"":0};""end"":{""x"":3;""y"":0}; {""start"":{""x"":3;""y"":1};""end"":{""x"":3;""y"":1}; {""start"":{""x"":3;""y"":2};""end"":{""x"":3;""y"":2}; {""start"":{""x"":4;""y"":0};""end"":{""x"":4;""y"":0}; {""start"":{""x"":4;""y"":1};""end"":{""x"":4;""y"":1}; {""start"":{""x"":4;""y"":2};""end"":{""x"":4;""y"":2}; {""start"":{""x"":5;""y"":0};""end"":{""x"":5;""y"":0}; {""start"":{""x"":5;""y"":1};""end"":{""x"":5;""y"":1}; {""start"":{""x"":5;""y"":2};""end"":{""x"":5;""y"":2}; {""start"":{""x"":6;""y"":0};""end"":{""x"":6;""y"":0}; {""start"":{""x"":6;""y"":1};""end"":{""x"":6;""y"":1}; {""start"":{""x"":6;""y"":2};""end"":{""x"":6;""y"":2}; {""start"":{""x"":7;""y"":0};""end"":{""x"":7;""y"":0}; {""start"":{""x"":7;""y"":1};""end"":{""x"":7;""y"":1}; {""start"":{""x"":7;""y"":2};""end"":{""x"":7;""y"":2}; {""start"":{""x"":8;""y"":0};""end"":{""x"":8;""y"":0}; {""start"":{""x"":8;""y"":1};""end"":{""x"":8;""y"":1}; {""start"":{""x"":8;""y"":2};""end"":{""x"":8;""y"":2}; {""start"":{""x"":9;""y"":0};""end"":{""x"":9;""y"":0}; {""start"":{""x"":9;""y"":1};""end"":{""x"":9;""y"":1}; {""start"":{""x"":9;""y"":2};""end"":{""x"":9;""y"":2}; {""start"":{""x"":10;""y"":0};""end"":{""x"":10;""y"":0}; {""start"":{""x"":10;""y"":1};""end"":{""x"":10;""y"":1}]; shape=[32; 128]; orientation=ShardOrientation::ROW_MAJOR};nd_shard_spec=std::nullopt;created_with_nd_shard_spec=0;per_core_allocation=0)'}",,32,110,,,3263008386,3263008947,561,8935960882741,8935960885561,9887,9887,2089,1161,1161,,,,166,1161,1133,,,,,,,,,1[1],32[32],32[1],128[128],TILE,BFLOAT16,DEV_0_DRAM_INTERLEAVED,,,,,,,,1[1],32[32],32[1],128[128],TILE,BFLOAT16,DEV_0_L1_HEIGHT_SHARDED,,,[],[],['ttnn/cpp/ttnn/operations/data_movement/sharded/device/kernels/dataflow/writer_unary_sharded.cpp'; 'ttnn/cpp/ttnn/operations/data_movement/sharded/device/kernels/dataflow/reader_unary_sharded_blocks_interleaved_start_id.cpp'],['writer_unary_sharded/2816079715866797849/'; 'reader_unary_sharded_blocks_interleaved_start_id/13575281725531493021/'],3818893462322974683,False,444,876,0,0,0,0,0,0,0,1,1,1,[],[],0.086,,,,,,,561
SliceDeviceOperation,tt_dnn_device,146435,3,blackhole,{'num_devices': 'std::nullopt'; 'output_mem_config': 'MemoryConfig(memory_layout=TensorMemoryLayout::INTERLEAVED;buffer_type=BufferType::DRAM;shard_spec=std::nullopt;nd_shard_spec=std::nullopt;created_with_nd_shard_spec=0;per_core_allocation=0)'; 'slice_dim': 'std::nullopt'; 'slice_end': 'Shape([1; 32; 32; 256])'; 'slice_start': 'Shape([0; 0; 0; 128])'; 'step': 'Shape([1; 1; 1; 1])'; 'sub_core_grids': 'std::nullopt'; 'use_tensor_args': 'false'},,110,110,,,3263016201,3263016882,681,8935960896284,8935960900772,8552,8552,3324,2730,2730,,,,161,2727,2518,,,,,,,,,1[1],32[32],32[1],256[256],TILE,BFLOAT16,DEV_0_DRAM_INTERLEAVED,,,,,,,,1[1],32[32],32[32],128[128],TILE,BFLOAT16,DEV_0_DRAM_INTERLEAVED,,,[],[],['ttnn/cpp/ttnn/operations/data_movement/slice/device/kernels/dataflow/writer_unary_interleaved_start_id.cpp'; 'ttnn/cpp/ttnn/operations/data_movement/slice/device/kernels/dataflow/reader_unary_unpad_dims_interleaved_start_id.cpp'],['writer_unary_interleaved_start_id/17872786682307166113/'; 'reader_unary_unpad_dims_interleaved_start_id/5783004548399313417/'],12843380687060980844,False,1000,1028,0,0,0,0,0,0,0,1207,1207,953,[434.3728332519531],[217.18641662597656],44.212,,,,,,,681
InterleavedToShardedDeviceOperation,tt_dnn_device,147459,3,blackhole,"{'keep_l1_aligned': 'false'; 'output_dtype': 'DataType::BFLOAT16'; 'output_mem_config': 'MemoryConfig(memory_layout=TensorMemoryLayout::HEIGHT_SHARDED;buffer_type=BufferType::L1;shard_spec=ShardSpec{grid=[{""start"":{""x"":0;""y"":0};""end"":{""x"":0;""y"":0}; {""start"":{""x"":0;""y"":1};""end"":{""x"":0;""y"":1}; {""start"":{""x"":0;""y"":2};""end"":{""x"":0;""y"":2}; {""start"":{""x"":1;""y"":0};""end"":{""x"":1;""y"":0}; {""start"":{""x"":1;""y"":1};""end"":{""x"":1;""y"":1}; {""start"":{""x"":1;""y"":2};""end"":{""x"":1;""y"":2}; {""start"":{""x"":2;""y"":0};""end"":{""x"":2;""y"":0}; {""start"":{""x"":2;""y"":1};""end"":{""x"":2;""y"":1}; {""start"":{""x"":2;""y"":2};""end"":{""x"":2;""y"":2}; {""start"":{""x"":3;""y"":0};""end"":{""x"":3;""y"":0}; {""start"":{""x"":3;""y"":1};""end"":{""x"":3;""y"":1}; {""start"":{""x"":3;""y"":2};""end"":{""x"":3;""y"":2}; {""start"":{""x"":4;""y"":0};""end"":{""x"":4;""y"":0}; {""start"":{""x"":4;""y"":1};""end"":{""x"":4;""y"":1}; {""start"":{""x"":4;""y"":2};""end"":{""x"":4;""y"":2}; {""start"":{""x"":5;""y"":0};""end"":{""x"":5;""y"":0}; {""start"":{""x"":5;""y"":1};""end"":{""x"":5;""y"":1}; {""start"":{""x"":5;""y"":2};""end"":{""x"":5;""y"":2}; {""start"":{""x"":6;""y"":0};""end"":{""x"":6;""y"":0}; {""start"":{""x"":6;""y"":1};""end"":{""x"":6;""y"":1}; {""start"":{""x"":6;""y"":2};""end"":{""x"":6;""y"":2}; {""start"":{""x"":7;""y"":0};""end"":{""x"":7;""y"":0}; {""start"":{""x"":7;""y"":1};""end"":{""x"":7;""y"":1}; {""start"":{""x"":7;""y"":2};""end"":{""x"":7;""y"":2}; {""start"":{""x"":8;""y"":0};""end"":{""x"":8;""y"":0}; {""start"":{""x"":8;""y"":1};""end"":{""x"":8;""y"":1}; {""start"":{""x"":8;""y"":2};""end"":{""x"":8;""y"":2}; {""start"":{""x"":9;""y"":0};""end"":{""x"":9;""y"":0}; {""start"":{""x"":9;""y"":1};""end"":{""x"":9;""y"":1}; {""start"":{""x"":9;""y"":2};""end"":{""x"":9;""y"":2}; {""start"":{""x"":10;""y"":0};""end"":{""x"":10;""y"":0}; {""start"":{""x"":10;""y"":1};""end"":{""x"":10;""y"":1}]; shape=[32; 128]; orientation=ShardOrientation::ROW_MAJOR};nd_shard_spec=std::nullopt;created_with_nd_shard_spec=0;per_core_allocation=0)'}",,32,110,,,3263029075,3263029456,381,8935960910058,8935960912802,7814,7814,2033,1096,1096,,,,164,1096,1068,,,,,,,,,1[1],32[32],32[1],128[128],TILE,BFLOAT16,DEV_0_DRAM_INTERLEAVED,,,,,,,,1[1],32[32],32[1],128[128],TILE,BFLOAT16,DEV_0_L1_HEIGHT_SHARDED,,,[],[],['ttnn/cpp/ttnn/operations/data_movement/sharded/device/kernels/dataflow/writer_unary_sharded.cpp'; 'ttnn/cpp/ttnn/operations/data_movement/sharded/device/kernels/dataflow/reader_unary_sharded_blocks_interleaved_start_id.cpp'],['writer_unary_sharded/2816079715866797849/'; 'reader_unary_sharded_blocks_interleaved_start_id/13575281725531493021/'],3818893462322974683,False,444,876,0,0,0,0,0,0,0,1,1,1,[],[],0.091,,,,,,,381
EmbeddingsDeviceOperation,tt_dnn_device,148483,3,blackhole,{'embeddings_type': 'EmbeddingsType::GENERIC'; 'output_mem_config': 'MemoryConfig(memory_layout=TensorMemoryLayout::INTERLEAVED;buffer_type=BufferType::DRAM;shard_spec=std::nullopt;nd_shard_spec=std::nullopt;created_with_nd_shard_spec=0;per_core_allocation=0)'; 'pad_token': 'std::nullopt'; 'tilized': 'true'},HiFi4,1,110,,,3263041419,3263041850,431,8935960924290,8935960929099,9061,9070,3562,3017,3008,,,,47,2994,1742,1821,132,1939,,,,,,1[1],1[1],1[1],32[32],ROW_MAJOR,UINT32,DEV_0_DRAM_INTERLEAVED,1[1],1[1],131072[131072],256[256],ROW_MAJOR,BFLOAT16,DEV_0_DRAM_INTERLEAVED,1[1],1[1],32[32],256[256],TILE,BFLOAT16,DEV_0_DRAM_INTERLEAVED,,,['ttnn/cpp/ttnn/operations/data_movement/tilize/device/kernels/compute/tilize.cpp'],['tilize/1883113549092967117/'],['ttnn/cpp/ttnn/operations/eltwise/unary/device/kernels/dataflow/writer_unary_interleaved_start_id.cpp'; 'ttnn/cpp/ttnn/operations/embedding/device/kernels/dataflow/embeddings_tilize.cpp'],['writer_unary_interleaved_start_id/17379425957123616916/'; 'embeddings_tilize/16389043569753230323/'],2884466655117215699,False,1000,948,1220,804,2084,0,0,0,0,1,1,1,[],[],0.033,,,,,,,431
TransposeDeviceOperation,tt_dnn_device,149507,3,blackhole,{'dim': 'TransposeOpDim::HC'; 'output_mem_config': 'MemoryConfig(memory_layout=TensorMemoryLayout::INTERLEAVED;buffer_type=BufferType::DRAM;shard_spec=std::nullopt;nd_shard_spec=std::nullopt;created_with_nd_shard_spec=0;per_core_allocation=0)'; 'pad_value': '0'},,110,110,,,3263052710,3263053101,391,8935960944624,8935960950311,12096,12096,4213,3581,3581,,,,168,3564,1023,,,,,,,,,1[1],1[1],32[32],256[256],TILE,BFLOAT16,DEV_0_DRAM_INTERLEAVED,,,,,,,,1[1],32[32],32[1],256[256],TILE,BFLOAT16,DEV_0_DRAM_INTERLEAVED,,,[],[],['ttnn/cpp/ttnn/operations/data_movement/transpose/device/kernels/dataflow/writer_unary_transpose_hc_interleaved_tiled_padding_aware.cpp'; 'ttnn/cpp/ttnn/operations/data_movement/transpose/device/kernels/dataflow/reader_unary_transpose_hc_interleaved_tiled_padding_aware.cpp'],['writer_unary_transpose_hc_interleaved_tiled_padding_aware/3592149805530130016/'; 'reader_unary_transpose_hc_interleaved_tiled_padding_aware/3278640446294112578/'],11093648575313324181,False,1216,1040,0,0,0,0,0,0,0,2059,2059,953,[7.957260608673096],[254.63233947753906],57.498,,,,,,,391
SliceDeviceOperation,tt_dnn_device,150531,3,blackhole,{'num_devices': 'std::nullopt'; 'output_mem_config': 'MemoryConfig(memory_layout=TensorMemoryLayout::INTERLEAVED;buffer_type=BufferType::DRAM;shard_spec=std::nullopt;nd_shard_spec=std::nullopt;created_with_nd_shard_spec=0;per_core_allocation=0)'; 'slice_dim': 'std::nullopt'; 'slice_end': 'Shape([1; 32; 32; 128])'; 'slice_start': 'Shape([0; 0; 0; 0])'; 'step': 'Shape([1; 1; 1; 1])'; 'sub_core_grids': 'std::nullopt'; 'use_tensor_args': 'false'},,110,110,,,3263060155,3263060786,631,8935960955479,8935960959725,4451,4451,3145,2544,2544,,,,158,2525,2336,,,,,,,,,1[1],32[32],32[1],256[256],TILE,BFLOAT16,DEV_0_DRAM_INTERLEAVED,,,,,,,,1[1],32[32],32[32],128[128],TILE,BFLOAT16,DEV_0_DRAM_INTERLEAVED,,,[],[],['ttnn/cpp/ttnn/operations/data_movement/slice/device/kernels/dataflow/writer_unary_interleaved_start_id.cpp'; 'ttnn/cpp/ttnn/operations/data_movement/slice/device/kernels/dataflow/reader_unary_unpad_dims_interleaved_start_id.cpp'],['writer_unary_interleaved_start_id/17872786682307166113/'; 'reader_unary_unpad_dims_interleaved_start_id/5783004548399313417/'],13405722893863627506,False,1000,1028,0,0,0,0,0,0,0,1207,1207,953,[434.3728332519531],[217.18641662597656],47.445,,,,,,,631
InterleavedToShardedDeviceOperation,tt_dnn_device,151555,3,blackhole,"{'keep_l1_aligned': 'false'; 'output_dtype': 'DataType::BFLOAT16'; 'output_mem_config': 'MemoryConfig(memory_layout=TensorMemoryLayout::HEIGHT_SHARDED;buffer_type=BufferType::L1;shard_spec=ShardSpec{grid=[{""start"":{""x"":0;""y"":0};""end"":{""x"":0;""y"":0}; {""start"":{""x"":0;""y"":1};""end"":{""x"":0;""y"":1}; {""start"":{""x"":0;""y"":2};""end"":{""x"":0;""y"":2}; {""start"":{""x"":1;""y"":0};""end"":{""x"":1;""y"":0}; {""start"":{""x"":1;""y"":1};""end"":{""x"":1;""y"":1}; {""start"":{""x"":1;""y"":2};""end"":{""x"":1;""y"":2}; {""start"":{""x"":2;""y"":0};""end"":{""x"":2;""y"":0}; {""start"":{""x"":2;""y"":1};""end"":{""x"":2;""y"":1}; {""start"":{""x"":2;""y"":2};""end"":{""x"":2;""y"":2}; {""start"":{""x"":3;""y"":0};""end"":{""x"":3;""y"":0}; {""start"":{""x"":3;""y"":1};""end"":{""x"":3;""y"":1}; {""start"":{""x"":3;""y"":2};""end"":{""x"":3;""y"":2}; {""start"":{""x"":4;""y"":0};""end"":{""x"":4;""y"":0}; {""start"":{""x"":4;""y"":1};""end"":{""x"":4;""y"":1}; {""start"":{""x"":4;""y"":2};""end"":{""x"":4;""y"":2}; {""start"":{""x"":5;""y"":0};""end"":{""x"":5;""y"":0}; {""start"":{""x"":5;""y"":1};""end"":{""x"":5;""y"":1}; {""start"":{""x"":5;""y"":2};""end"":{""x"":5;""y"":2}; {""start"":{""x"":6;""y"":0};""end"":{""x"":6;""y"":0}; {""start"":{""x"":6;""y"":1};""end"":{""x"":6;""y"":1}; {""start"":{""x"":6;""y"":2};""end"":{""x"":6;""y"":2}; {""start"":{""x"":7;""y"":0};""end"":{""x"":7;""y"":0}; {""start"":{""x"":7;""y"":1};""end"":{""x"":7;""y"":1}; {""start"":{""x"":7;""y"":2};""end"":{""x"":7;""y"":2}; {""start"":{""x"":8;""y"":0};""end"":{""x"":8;""y"":0}; {""start"":{""x"":8;""y"":1};""end"":{""x"":8;""y"":1}; {""start"":{""x"":8;""y"":2};""end"":{""x"":8;""y"":2}; {""start"":{""x"":9;""y"":0};""end"":{""x"":9;""y"":0}; {""start"":{""x"":9;""y"":1};""end"":{""x"":9;""y"":1}; {""start"":{""x"":9;""y"":2};""end"":{""x"":9;""y"":2}; {""start"":{""x"":10;""y"":0};""end"":{""x"":10;""y"":0}; {""start"":{""x"":10;""y"":1};""end"":{""x"":10;""y"":1}]; shape=[32; 128]; orientation=ShardOrientation::ROW_MAJOR};nd_shard_spec=std::nullopt;created_with_nd_shard_spec=0;per_core_allocation=0)'}",,32,110,,,3263073079,3263073500,421,8935960969207,8935960971939,7951,7951,2024,1110,1110,,,,167,1110,1082,,,,,,,,,1[1],32[32],32[1],128[128],TILE,BFLOAT16,DEV_0_DRAM_INTERLEAVED,,,,,,,,1[1],32[32],32[1],128[128],TILE,BFLOAT16,DEV_0_L1_HEIGHT_SHARDED,,,[],[],['ttnn/cpp/ttnn/operations/data_movement/sharded/device/kernels/dataflow/writer_unary_sharded.cpp'; 'ttnn/cpp/ttnn/operations/data_movement/sharded/device/kernels/dataflow/reader_unary_sharded_blocks_interleaved_start_id.cpp'],['writer_unary_sharded/2816079715866797849/'; 'reader_unary_sharded_blocks_interleaved_start_id/13575281725531493021/'],3818893462322974683,False,444,876,0,0,0,0,0,0,0,1,1,1,[],[],0.09,,,,,,,421
SliceDeviceOperation,tt_dnn_device,152579,3,blackhole,{'num_devices': 'std::nullopt'; 'output_mem_config': 'MemoryConfig(memory_layout=TensorMemoryLayout::INTERLEAVED;buffer_type=BufferType::DRAM;shard_spec=std::nullopt;nd_shard_spec=std::nullopt;created_with_nd_shard_spec=0;per_core_allocation=0)'; 'slice_dim': 'std::nullopt'; 'slice_end': 'Shape([1; 32; 32; 256])'; 'slice_start': 'Shape([0; 0; 0; 128])'; 'step': 'Shape([1; 1; 1; 1])'; 'sub_core_grids': 'std::nullopt'; 'use_tensor_args': 'false'},,110,110,,,3263080443,3263081075,632,8935960982444,8935960986885,8373,8373,3290,2702,2702,,,,167,2702,2411,,,,,,,,,1[1],32[32],32[1],256[256],TILE,BFLOAT16,DEV_0_DRAM_INTERLEAVED,,,,,,,,1[1],32[32],32[32],128[128],TILE,BFLOAT16,DEV_0_DRAM_INTERLEAVED,,,[],[],['ttnn/cpp/ttnn/operations/data_movement/slice/device/kernels/dataflow/writer_unary_interleaved_start_id.cpp'; 'ttnn/cpp/ttnn/operations/data_movement/slice/device/kernels/dataflow/reader_unary_unpad_dims_interleaved_start_id.cpp'],['writer_unary_interleaved_start_id/17872786682307166113/'; 'reader_unary_unpad_dims_interleaved_start_id/5783004548399313417/'],12843380687060980844,False,1000,1028,0,0,0,0,0,0,0,1207,1207,953,[434.3728332519531],[217.18641662597656],44.671,,,,,,,632
InterleavedToShardedDeviceOperation,tt_dnn_device,153603,3,blackhole,"{'keep_l1_aligned': 'false'; 'output_dtype': 'DataType::BFLOAT16'; 'output_mem_config': 'MemoryConfig(memory_layout=TensorMemoryLayout::HEIGHT_SHARDED;buffer_type=BufferType::L1;shard_spec=ShardSpec{grid=[{""start"":{""x"":0;""y"":0};""end"":{""x"":0;""y"":0}; {""start"":{""x"":0;""y"":1};""end"":{""x"":0;""y"":1}; {""start"":{""x"":0;""y"":2};""end"":{""x"":0;""y"":2}; {""start"":{""x"":1;""y"":0};""end"":{""x"":1;""y"":0}; {""start"":{""x"":1;""y"":1};""end"":{""x"":1;""y"":1}; {""start"":{""x"":1;""y"":2};""end"":{""x"":1;""y"":2}; {""start"":{""x"":2;""y"":0};""end"":{""x"":2;""y"":0}; {""start"":{""x"":2;""y"":1};""end"":{""x"":2;""y"":1}; {""start"":{""x"":2;""y"":2};""end"":{""x"":2;""y"":2}; {""start"":{""x"":3;""y"":0};""end"":{""x"":3;""y"":0}; {""start"":{""x"":3;""y"":1};""end"":{""x"":3;""y"":1}; {""start"":{""x"":3;""y"":2};""end"":{""x"":3;""y"":2}; {""start"":{""x"":4;""y"":0};""end"":{""x"":4;""y"":0}; {""start"":{""x"":4;""y"":1};""end"":{""x"":4;""y"":1}; {""start"":{""x"":4;""y"":2};""end"":{""x"":4;""y"":2}; {""start"":{""x"":5;""y"":0};""end"":{""x"":5;""y"":0}; {""start"":{""x"":5;""y"":1};""end"":{""x"":5;""y"":1}; {""start"":{""x"":5;""y"":2};""end"":{""x"":5;""y"":2}; {""start"":{""x"":6;""y"":0};""end"":{""x"":6;""y"":0}; {""start"":{""x"":6;""y"":1};""end"":{""x"":6;""y"":1}; {""start"":{""x"":6;""y"":2};""end"":{""x"":6;""y"":2}; {""start"":{""x"":7;""y"":0};""end"":{""x"":7;""y"":0}; {""start"":{""x"":7;""y"":1};""end"":{""x"":7;""y"":1}; {""start"":{""x"":7;""y"":2};""end"":{""x"":7;""y"":2}; {""start"":{""x"":8;""y"":0};""end"":{""x"":8;""y"":0}; {""start"":{""x"":8;""y"":1};""end"":{""x"":8;""y"":1}; {""start"":{""x"":8;""y"":2};""end"":{""x"":8;""y"":2}; {""start"":{""x"":9;""y"":0};""end"":{""x"":9;""y"":0}; {""start"":{""x"":9;""y"":1};""end"":{""x"":9;""y"":1}; {""start"":{""x"":9;""y"":2};""end"":{""x"":9;""y"":2}; {""start"":{""x"":10;""y"":0};""end"":{""x"":10;""y"":0}; {""start"":{""x"":10;""y"":1};""end"":{""x"":10;""y"":1}]; shape=[32; 128]; orientation=ShardOrientation::ROW_MAJOR};nd_shard_spec=std::nullopt;created_with_nd_shard_spec=0;per_core_allocation=0)'}",,32,110,,,3263093067,3263093578,511,8935960996240,8935960998987,7836,7836,2035,1122,1122,,,,165,1115,1092,,,,,,,,,1[1],32[32],32[1],128[128],TILE,BFLOAT16,DEV_0_DRAM_INTERLEAVED,,,,,,,,1[1],32[32],32[1],128[128],TILE,BFLOAT16,DEV_0_L1_HEIGHT_SHARDED,,,[],[],['ttnn/cpp/ttnn/operations/data_movement/sharded/device/kernels/dataflow/writer_unary_sharded.cpp'; 'ttnn/cpp/ttnn/operations/data_movement/sharded/device/kernels/dataflow/reader_unary_sharded_blocks_interleaved_start_id.cpp'],['writer_unary_sharded/2816079715866797849/'; 'reader_unary_sharded_blocks_interleaved_start_id/13575281725531493021/'],3818893462322974683,False,444,876,0,0,0,0,0,0,0,1,1,1,[],[],0.089,,,,,,,511
EmbeddingsDeviceOperation,tt_dnn_device,154627,3,blackhole,{'embeddings_type': 'EmbeddingsType::GENERIC'; 'output_mem_config': 'MemoryConfig(memory_layout=TensorMemoryLayout::INTERLEAVED;buffer_type=BufferType::DRAM;shard_spec=std::nullopt;nd_shard_spec=std::nullopt;created_with_nd_shard_spec=0;per_core_allocation=0)'; 'pad_token': 'std::nullopt'; 'tilized': 'true'},HiFi4,1,110,,,3263105611,3263106032,421,8935961010976,8935961015774,9421,9427,3554,3018,3012,,,,50,2979,1741,1822,165,1944,,,,,,1[1],1[1],1[1],32[32],ROW_MAJOR,UINT32,DEV_0_DRAM_INTERLEAVED,1[1],1[1],131072[131072],256[256],ROW_MAJOR,BFLOAT16,DEV_0_DRAM_INTERLEAVED,1[1],1[1],32[32],256[256],TILE,BFLOAT16,DEV_0_DRAM_INTERLEAVED,,,['ttnn/cpp/ttnn/operations/data_movement/tilize/device/kernels/compute/tilize.cpp'],['tilize/1883113549092967117/'],['ttnn/cpp/ttnn/operations/eltwise/unary/device/kernels/dataflow/writer_unary_interleaved_start_id.cpp'; 'ttnn/cpp/ttnn/operations/embedding/device/kernels/dataflow/embeddings_tilize.cpp'],['writer_unary_interleaved_start_id/17379425957123616916/'; 'embeddings_tilize/16389043569753230323/'],2884466655117215699,False,1000,948,1220,804,2084,0,0,0,0,1,1,1,[],[],0.033,,,,,,,421
TransposeDeviceOperation,tt_dnn_device,155651,3,blackhole,{'dim': 'TransposeOpDim::HC'; 'output_mem_config': 'MemoryConfig(memory_layout=TensorMemoryLayout::INTERLEAVED;buffer_type=BufferType::DRAM;shard_spec=std::nullopt;nd_shard_spec=std::nullopt;created_with_nd_shard_spec=0;per_core_allocation=0)'; 'pad_value': '0'},,110,110,,,3263116723,3263117103,380,8935961031106,8935961036683,11947,11947,4131,3539,3539,,,,164,3524,1000,,,,,,,,,1[1],1[1],32[32],256[256],TILE,BFLOAT16,DEV_0_DRAM_INTERLEAVED,,,,,,,,1[1],32[32],32[1],256[256],TILE,BFLOAT16,DEV_0_DRAM_INTERLEAVED,,,[],[],['ttnn/cpp/ttnn/operations/data_movement/transpose/device/kernels/dataflow/writer_unary_transpose_hc_interleaved_tiled_padding_aware.cpp'; 'ttnn/cpp/ttnn/operations/data_movement/transpose/device/kernels/dataflow/reader_unary_transpose_hc_interleaved_tiled_padding_aware.cpp'],['writer_unary_transpose_hc_interleaved_tiled_padding_aware/3592149805530130016/'; 'reader_unary_transpose_hc_interleaved_tiled_padding_aware/3278640446294112578/'],11093648575313324181,False,1216,1040,0,0,0,0,0,0,0,2059,2059,953,[7.957260608673096],[254.63233947753906],58.18,,,,,,,380
SliceDeviceOperation,tt_dnn_device,156675,3,blackhole,{'num_devices': 'std::nullopt'; 'output_mem_config': 'MemoryConfig(memory_layout=TensorMemoryLayout::INTERLEAVED;buffer_type=BufferType::DRAM;shard_spec=std::nullopt;nd_shard_spec=std::nullopt;created_with_nd_shard_spec=0;per_core_allocation=0)'; 'slice_dim': 'std::nullopt'; 'slice_end': 'Shape([1; 32; 32; 128])'; 'slice_start': 'Shape([0; 0; 0; 0])'; 'step': 'Shape([1; 1; 1; 1])'; 'sub_core_grids': 'std::nullopt'; 'use_tensor_args': 'false'},,110,110,,,3263124057,3263124688,631,8935961041313,8935961045629,4036,4036,3197,2596,2596,,,,164,2593,2332,,,,,,,,,1[1],32[32],32[1],256[256],TILE,BFLOAT16,DEV_0_DRAM_INTERLEAVED,,,,,,,,1[1],32[32],32[32],128[128],TILE,BFLOAT16,DEV_0_DRAM_INTERLEAVED,,,[],[],['ttnn/cpp/ttnn/operations/data_movement/slice/device/kernels/dataflow/writer_unary_interleaved_start_id.cpp'; 'ttnn/cpp/ttnn/operations/data_movement/slice/device/kernels/dataflow/reader_unary_unpad_dims_interleaved_start_id.cpp'],['writer_unary_interleaved_start_id/17872786682307166113/'; 'reader_unary_unpad_dims_interleaved_start_id/5783004548399313417/'],13405722893863627506,False,1000,1028,0,0,0,0,0,0,0,1207,1207,953,[434.3728332519531],[217.18641662597656],46.495,,,,,,,631
InterleavedToShardedDeviceOperation,tt_dnn_device,157699,3,blackhole,"{'keep_l1_aligned': 'false'; 'output_dtype': 'DataType::BFLOAT16'; 'output_mem_config': 'MemoryConfig(memory_layout=TensorMemoryLayout::HEIGHT_SHARDED;buffer_type=BufferType::L1;shard_spec=ShardSpec{grid=[{""start"":{""x"":0;""y"":0};""end"":{""x"":0;""y"":0}; {""start"":{""x"":0;""y"":1};""end"":{""x"":0;""y"":1}; {""start"":{""x"":0;""y"":2};""end"":{""x"":0;""y"":2}; {""start"":{""x"":1;""y"":0};""end"":{""x"":1;""y"":0}; {""start"":{""x"":1;""y"":1};""end"":{""x"":1;""y"":1}; {""start"":{""x"":1;""y"":2};""end"":{""x"":1;""y"":2}; {""start"":{""x"":2;""y"":0};""end"":{""x"":2;""y"":0}; {""start"":{""x"":2;""y"":1};""end"":{""x"":2;""y"":1}; {""start"":{""x"":2;""y"":2};""end"":{""x"":2;""y"":2}; {""start"":{""x"":3;""y"":0};""end"":{""x"":3;""y"":0}; {""start"":{""x"":3;""y"":1};""end"":{""x"":3;""y"":1}; {""start"":{""x"":3;""y"":2};""end"":{""x"":3;""y"":2}; {""start"":{""x"":4;""y"":0};""end"":{""x"":4;""y"":0}; {""start"":{""x"":4;""y"":1};""end"":{""x"":4;""y"":1}; {""start"":{""x"":4;""y"":2};""end"":{""x"":4;""y"":2}; {""start"":{""x"":5;""y"":0};""end"":{""x"":5;""y"":0}; {""start"":{""x"":5;""y"":1};""end"":{""x"":5;""y"":1}; {""start"":{""x"":5;""y"":2};""end"":{""x"":5;""y"":2}; {""start"":{""x"":6;""y"":0};""end"":{""x"":6;""y"":0}; {""start"":{""x"":6;""y"":1};""end"":{""x"":6;""y"":1}; {""start"":{""x"":6;""y"":2};""end"":{""x"":6;""y"":2}; {""start"":{""x"":7;""y"":0};""end"":{""x"":7;""y"":0}; {""start"":{""x"":7;""y"":1};""end"":{""x"":7;""y"":1}; {""start"":{""x"":7;""y"":2};""end"":{""x"":7;""y"":2}; {""start"":{""x"":8;""y"":0};""end"":{""x"":8;""y"":0}; {""start"":{""x"":8;""y"":1};""end"":{""x"":8;""y"":1}; {""start"":{""x"":8;""y"":2};""end"":{""x"":8;""y"":2}; {""start"":{""x"":9;""y"":0};""end"":{""x"":9;""y"":0}; {""start"":{""x"":9;""y"":1};""end"":{""x"":9;""y"":1}; {""start"":{""x"":9;""y"":2};""end"":{""x"":9;""y"":2}; {""start"":{""x"":10;""y"":0};""end"":{""x"":10;""y"":0}; {""start"":{""x"":10;""y"":1};""end"":{""x"":10;""y"":1}]; shape=[32; 128]; orientation=ShardOrientation::ROW_MAJOR};nd_shard_spec=std::nullopt;created_with_nd_shard_spec=0;per_core_allocation=0)'}",,32,110,,,3263136731,3263137192,461,8935961055208,8935961058067,8018,8018,2118,1195,1195,,,,161,1192,1171,,,,,,,,,1[1],32[32],32[1],128[128],TILE,BFLOAT16,DEV_0_DRAM_INTERLEAVED,,,,,,,,1[1],32[32],32[1],128[128],TILE,BFLOAT16,DEV_0_L1_HEIGHT_SHARDED,,,[],[],['ttnn/cpp/ttnn/operations/data_movement/sharded/device/kernels/dataflow/writer_unary_sharded.cpp'; 'ttnn/cpp/ttnn/operations/data_movement/sharded/device/kernels/dataflow/reader_unary_sharded_blocks_interleaved_start_id.cpp'],['writer_unary_sharded/2816079715866797849/'; 'reader_unary_sharded_blocks_interleaved_start_id/13575281725531493021/'],3818893462322974683,False,444,876,0,0,0,0,0,0,0,1,1,1,[],[],0.084,,,,,,,461
SliceDeviceOperation,tt_dnn_device,158723,3,blackhole,{'num_devices': 'std::nullopt'; 'output_mem_config': 'MemoryConfig(memory_layout=TensorMemoryLayout::INTERLEAVED;buffer_type=BufferType::DRAM;shard_spec=std::nullopt;nd_shard_spec=std::nullopt;created_with_nd_shard_spec=0;per_core_allocation=0)'; 'slice_dim': 'std::nullopt'; 'slice_end': 'Shape([1; 32; 32; 256])'; 'slice_start': 'Shape([0; 0; 0; 128])'; 'step': 'Shape([1; 1; 1; 1])'; 'sub_core_grids': 'std::nullopt'; 'use_tensor_args': 'false'},,110,110,,,3263145768,3263146379,611,8935961068834,8935961073197,8570,8570,3232,2641,2641,,,,167,2641,2409,,,,,,,,,1[1],32[32],32[1],256[256],TILE,BFLOAT16,DEV_0_DRAM_INTERLEAVED,,,,,,,,1[1],32[32],32[32],128[128],TILE,BFLOAT16,DEV_0_DRAM_INTERLEAVED,,,[],[],['ttnn/cpp/ttnn/operations/data_movement/slice/device/kernels/dataflow/writer_unary_interleaved_start_id.cpp'; 'ttnn/cpp/ttnn/operations/data_movement/slice/device/kernels/dataflow/reader_unary_unpad_dims_interleaved_start_id.cpp'],['writer_unary_interleaved_start_id/17872786682307166113/'; 'reader_unary_unpad_dims_interleaved_start_id/5783004548399313417/'],12843380687060980844,False,1000,1028,0,0,0,0,0,0,0,1207,1207,953,[434.3728332519531],[217.18641662597656],45.702,,,,,,,611
InterleavedToShardedDeviceOperation,tt_dnn_device,159747,3,blackhole,"{'keep_l1_aligned': 'false'; 'output_dtype': 'DataType::BFLOAT16'; 'output_mem_config': 'MemoryConfig(memory_layout=TensorMemoryLayout::HEIGHT_SHARDED;buffer_type=BufferType::L1;shard_spec=ShardSpec{grid=[{""start"":{""x"":0;""y"":0};""end"":{""x"":0;""y"":0}; {""start"":{""x"":0;""y"":1};""end"":{""x"":0;""y"":1}; {""start"":{""x"":0;""y"":2};""end"":{""x"":0;""y"":2}; {""start"":{""x"":1;""y"":0};""end"":{""x"":1;""y"":0}; {""start"":{""x"":1;""y"":1};""end"":{""x"":1;""y"":1}; {""start"":{""x"":1;""y"":2};""end"":{""x"":1;""y"":2}; {""start"":{""x"":2;""y"":0};""end"":{""x"":2;""y"":0}; {""start"":{""x"":2;""y"":1};""end"":{""x"":2;""y"":1}; {""start"":{""x"":2;""y"":2};""end"":{""x"":2;""y"":2}; {""start"":{""x"":3;""y"":0};""end"":{""x"":3;""y"":0}; {""start"":{""x"":3;""y"":1};""end"":{""x"":3;""y"":1}; {""start"":{""x"":3;""y"":2};""end"":{""x"":3;""y"":2}; {""start"":{""x"":4;""y"":0};""end"":{""x"":4;""y"":0}; {""start"":{""x"":4;""y"":1};""end"":{""x"":4;""y"":1}; {""start"":{""x"":4;""y"":2};""end"":{""x"":4;""y"":2}; {""start"":{""x"":5;""y"":0};""end"":{""x"":5;""y"":0}; {""start"":{""x"":5;""y"":1};""end"":{""x"":5;""y"":1}; {""start"":{""x"":5;""y"":2};""end"":{""x"":5;""y"":2}; {""start"":{""x"":6;""y"":0};""end"":{""x"":6;""y"":0}; {""start"":{""x"":6;""y"":1};""end"":{""x"":6;""y"":1}; {""start"":{""x"":6;""y"":2};""end"":{""x"":6;""y"":2}; {""start"":{""x"":7;""y"":0};""end"":{""x"":7;""y"":0}; {""start"":{""x"":7;""y"":1};""end"":{""x"":7;""y"":1}; {""start"":{""x"":7;""y"":2};""end"":{""x"":7;""y"":2}; {""start"":{""x"":8;""y"":0};""end"":{""x"":8;""y"":0}; {""start"":{""x"":8;""y"":1};""end"":{""x"":8;""y"":1}; {""start"":{""x"":8;""y"":2};""end"":{""x"":8;""y"":2}; {""start"":{""x"":9;""y"":0};""end"":{""x"":9;""y"":0}; {""start"":{""x"":9;""y"":1};""end"":{""x"":9;""y"":1}; {""start"":{""x"":9;""y"":2};""end"":{""x"":9;""y"":2}; {""start"":{""x"":10;""y"":0};""end"":{""x"":10;""y"":0}; {""start"":{""x"":10;""y"":1};""end"":{""x"":10;""y"":1}]; shape=[32; 128]; orientation=ShardOrientation::ROW_MAJOR};nd_shard_spec=std::nullopt;created_with_nd_shard_spec=0;per_core_allocation=0)'}",,32,110,,,3263158482,3263158863,381,8935961084544,8935961087293,9324,9324,2036,1110,1110,,,,161,1110,1082,,,,,,,,,1[1],32[32],32[1],128[128],TILE,BFLOAT16,DEV_0_DRAM_INTERLEAVED,,,,,,,,1[1],32[32],32[1],128[128],TILE,BFLOAT16,DEV_0_L1_HEIGHT_SHARDED,,,[],[],['ttnn/cpp/ttnn/operations/data_movement/sharded/device/kernels/dataflow/writer_unary_sharded.cpp'; 'ttnn/cpp/ttnn/operations/data_movement/sharded/device/kernels/dataflow/reader_unary_sharded_blocks_interleaved_start_id.cpp'],['writer_unary_sharded/2816079715866797849/'; 'reader_unary_sharded_blocks_interleaved_start_id/13575281725531493021/'],3818893462322974683,False,444,876,0,0,0,0,0,0,0,1,1,1,[],[],0.09,,,,,,,381
EmbeddingsDeviceOperation,tt_dnn_device,160771,3,blackhole,{'embeddings_type': 'EmbeddingsType::GENERIC'; 'output_mem_config': 'MemoryConfig(memory_layout=TensorMemoryLayout::INTERLEAVED;buffer_type=BufferType::DRAM;shard_spec=std::nullopt;nd_shard_spec=std::nullopt;created_with_nd_shard_spec=0;per_core_allocation=0)'; 'pad_token': 'std::nullopt'; 'tilized': 'true'},HiFi4,1,110,,,3263171888,3263172319,431,8935961099261,8935961104077,9395,9395,3567,3037,3036,,,,82,2976,1756,1830,129,1915,,,,,,1[1],1[1],1[1],32[32],ROW_MAJOR,UINT32,DEV_0_DRAM_INTERLEAVED,1[1],1[1],131072[131072],256[256],ROW_MAJOR,BFLOAT16,DEV_0_DRAM_INTERLEAVED,1[1],1[1],32[32],256[256],TILE,BFLOAT16,DEV_0_DRAM_INTERLEAVED,,,['ttnn/cpp/ttnn/operations/data_movement/tilize/device/kernels/compute/tilize.cpp'],['tilize/1883113549092967117/'],['ttnn/cpp/ttnn/operations/eltwise/unary/device/kernels/dataflow/writer_unary_interleaved_start_id.cpp'; 'ttnn/cpp/ttnn/operations/embedding/device/kernels/dataflow/embeddings_tilize.cpp'],['writer_unary_interleaved_start_id/17379425957123616916/'; 'embeddings_tilize/16389043569753230323/'],2884466655117215699,False,1000,948,1220,804,2084,0,0,0,0,1,1,1,[],[],0.033,,,,,,,431
TransposeDeviceOperation,tt_dnn_device,161795,3,blackhole,{'dim': 'TransposeOpDim::HC'; 'output_mem_config': 'MemoryConfig(memory_layout=TensorMemoryLayout::INTERLEAVED;buffer_type=BufferType::DRAM;shard_spec=std::nullopt;nd_shard_spec=std::nullopt;created_with_nd_shard_spec=0;per_core_allocation=0)'; 'pad_value': '0'},,110,110,,,3263183229,3263183670,441,8935961120854,8935961126503,13030,13030,4184,3582,3582,,,,161,3569,1040,,,,,,,,,1[1],1[1],32[32],256[256],TILE,BFLOAT16,DEV_0_DRAM_INTERLEAVED,,,,,,,,1[1],32[32],32[1],256[256],TILE,BFLOAT16,DEV_0_DRAM_INTERLEAVED,,,[],[],['ttnn/cpp/ttnn/operations/data_movement/transpose/device/kernels/dataflow/writer_unary_transpose_hc_interleaved_tiled_padding_aware.cpp'; 'ttnn/cpp/ttnn/operations/data_movement/transpose/device/kernels/dataflow/reader_unary_transpose_hc_interleaved_tiled_padding_aware.cpp'],['writer_unary_transpose_hc_interleaved_tiled_padding_aware/3592149805530130016/'; 'reader_unary_transpose_hc_interleaved_tiled_padding_aware/3278640446294112578/'],11093648575313324181,False,1216,1040,0,0,0,0,0,0,0,2059,2059,953,[7.957260608673096],[254.63233947753906],57.482,,,,,,,441
SliceDeviceOperation,tt_dnn_device,162819,3,blackhole,{'num_devices': 'std::nullopt'; 'output_mem_config': 'MemoryConfig(memory_layout=TensorMemoryLayout::INTERLEAVED;buffer_type=BufferType::DRAM;shard_spec=std::nullopt;nd_shard_spec=std::nullopt;created_with_nd_shard_spec=0;per_core_allocation=0)'; 'slice_dim': 'std::nullopt'; 'slice_end': 'Shape([1; 32; 32; 128])'; 'slice_start': 'Shape([0; 0; 0; 0])'; 'step': 'Shape([1; 1; 1; 1])'; 'sub_core_grids': 'std::nullopt'; 'use_tensor_args': 'false'},,110,110,,,3263190884,3263191525,641,8935961131553,8935961135794,4330,4330,3141,2559,2559,,,,167,2559,2334,,,,,,,,,1[1],32[32],32[1],256[256],TILE,BFLOAT16,DEV_0_DRAM_INTERLEAVED,,,,,,,,1[1],32[32],32[32],128[128],TILE,BFLOAT16,DEV_0_DRAM_INTERLEAVED,,,[],[],['ttnn/cpp/ttnn/operations/data_movement/slice/device/kernels/dataflow/writer_unary_interleaved_start_id.cpp'; 'ttnn/cpp/ttnn/operations/data_movement/slice/device/kernels/dataflow/reader_unary_unpad_dims_interleaved_start_id.cpp'],['writer_unary_interleaved_start_id/17872786682307166113/'; 'reader_unary_unpad_dims_interleaved_start_id/5783004548399313417/'],13405722893863627506,False,1000,1028,0,0,0,0,0,0,0,1207,1207,953,[434.3728332519531],[217.18641662597656],47.167,,,,,,,641
InterleavedToShardedDeviceOperation,tt_dnn_device,163843,3,blackhole,"{'keep_l1_aligned': 'false'; 'output_dtype': 'DataType::BFLOAT16'; 'output_mem_config': 'MemoryConfig(memory_layout=TensorMemoryLayout::HEIGHT_SHARDED;buffer_type=BufferType::L1;shard_spec=ShardSpec{grid=[{""start"":{""x"":0;""y"":0};""end"":{""x"":0;""y"":0}; {""start"":{""x"":0;""y"":1};""end"":{""x"":0;""y"":1}; {""start"":{""x"":0;""y"":2};""end"":{""x"":0;""y"":2}; {""start"":{""x"":1;""y"":0};""end"":{""x"":1;""y"":0}; {""start"":{""x"":1;""y"":1};""end"":{""x"":1;""y"":1}; {""start"":{""x"":1;""y"":2};""end"":{""x"":1;""y"":2}; {""start"":{""x"":2;""y"":0};""end"":{""x"":2;""y"":0}; {""start"":{""x"":2;""y"":1};""end"":{""x"":2;""y"":1}; {""start"":{""x"":2;""y"":2};""end"":{""x"":2;""y"":2}; {""start"":{""x"":3;""y"":0};""end"":{""x"":3;""y"":0}; {""start"":{""x"":3;""y"":1};""end"":{""x"":3;""y"":1}; {""start"":{""x"":3;""y"":2};""end"":{""x"":3;""y"":2}; {""start"":{""x"":4;""y"":0};""end"":{""x"":4;""y"":0}; {""start"":{""x"":4;""y"":1};""end"":{""x"":4;""y"":1}; {""start"":{""x"":4;""y"":2};""end"":{""x"":4;""y"":2}; {""start"":{""x"":5;""y"":0};""end"":{""x"":5;""y"":0}; {""start"":{""x"":5;""y"":1};""end"":{""x"":5;""y"":1}; {""start"":{""x"":5;""y"":2};""end"":{""x"":5;""y"":2}; {""start"":{""x"":6;""y"":0};""end"":{""x"":6;""y"":0}; {""start"":{""x"":6;""y"":1};""end"":{""x"":6;""y"":1}; {""start"":{""x"":6;""y"":2};""end"":{""x"":6;""y"":2}; {""start"":{""x"":7;""y"":0};""end"":{""x"":7;""y"":0}; {""start"":{""x"":7;""y"":1};""end"":{""x"":7;""y"":1}; {""start"":{""x"":7;""y"":2};""end"":{""x"":7;""y"":2}; {""start"":{""x"":8;""y"":0};""end"":{""x"":8;""y"":0}; {""start"":{""x"":8;""y"":1};""end"":{""x"":8;""y"":1}; {""start"":{""x"":8;""y"":2};""end"":{""x"":8;""y"":2}; {""start"":{""x"":9;""y"":0};""end"":{""x"":9;""y"":0}; {""start"":{""x"":9;""y"":1};""end"":{""x"":9;""y"":1}; {""start"":{""x"":9;""y"":2};""end"":{""x"":9;""y"":2}; {""start"":{""x"":10;""y"":0};""end"":{""x"":10;""y"":0}; {""start"":{""x"":10;""y"":1};""end"":{""x"":10;""y"":1}]; shape=[32; 128]; orientation=ShardOrientation::ROW_MAJOR};nd_shard_spec=std::nullopt;created_with_nd_shard_spec=0;per_core_allocation=0)'}",,32,110,,,3263203548,3263204019,471,8935961145761,8935961148549,8313,8313,2065,1136,1136,,,,162,1127,1105,,,,,,,,,1[1],32[32],32[1],128[128],TILE,BFLOAT16,DEV_0_DRAM_INTERLEAVED,,,,,,,,1[1],32[32],32[1],128[128],TILE,BFLOAT16,DEV_0_L1_HEIGHT_SHARDED,,,[],[],['ttnn/cpp/ttnn/operations/data_movement/sharded/device/kernels/dataflow/writer_unary_sharded.cpp'; 'ttnn/cpp/ttnn/operations/data_movement/sharded/device/kernels/dataflow/reader_unary_sharded_blocks_interleaved_start_id.cpp'],['writer_unary_sharded/2816079715866797849/'; 'reader_unary_sharded_blocks_interleaved_start_id/13575281725531493021/'],3818893462322974683,False,444,876,0,0,0,0,0,0,0,1,1,1,[],[],0.088,,,,,,,471
SliceDeviceOperation,tt_dnn_device,164867,3,blackhole,{'num_devices': 'std::nullopt'; 'output_mem_config': 'MemoryConfig(memory_layout=TensorMemoryLayout::INTERLEAVED;buffer_type=BufferType::DRAM;shard_spec=std::nullopt;nd_shard_spec=std::nullopt;created_with_nd_shard_spec=0;per_core_allocation=0)'; 'slice_dim': 'std::nullopt'; 'slice_end': 'Shape([1; 32; 32; 256])'; 'slice_start': 'Shape([0; 0; 0; 128])'; 'step': 'Shape([1; 1; 1; 1])'; 'sub_core_grids': 'std::nullopt'; 'use_tensor_args': 'false'},,110,110,,,3263211463,3263212054,591,8935961159540,8935961163956,8746,8746,3271,2673,2673,,,,166,2673,2384,,,,,,,,,1[1],32[32],32[1],256[256],TILE,BFLOAT16,DEV_0_DRAM_INTERLEAVED,,,,,,,,1[1],32[32],32[32],128[128],TILE,BFLOAT16,DEV_0_DRAM_INTERLEAVED,,,[],[],['ttnn/cpp/ttnn/operations/data_movement/slice/device/kernels/dataflow/writer_unary_interleaved_start_id.cpp'; 'ttnn/cpp/ttnn/operations/data_movement/slice/device/kernels/dataflow/reader_unary_unpad_dims_interleaved_start_id.cpp'],['writer_unary_interleaved_start_id/17872786682307166113/'; 'reader_unary_unpad_dims_interleaved_start_id/5783004548399313417/'],12843380687060980844,False,1000,1028,0,0,0,0,0,0,0,1207,1207,953,[434.3728332519531],[217.18641662597656],45.155,,,,,,,591
InterleavedToShardedDeviceOperation,tt_dnn_device,165891,3,blackhole,"{'keep_l1_aligned': 'false'; 'output_dtype': 'DataType::BFLOAT16'; 'output_mem_config': 'MemoryConfig(memory_layout=TensorMemoryLayout::HEIGHT_SHARDED;buffer_type=BufferType::L1;shard_spec=ShardSpec{grid=[{""start"":{""x"":0;""y"":0};""end"":{""x"":0;""y"":0}; {""start"":{""x"":0;""y"":1};""end"":{""x"":0;""y"":1}; {""start"":{""x"":0;""y"":2};""end"":{""x"":0;""y"":2}; {""start"":{""x"":1;""y"":0};""end"":{""x"":1;""y"":0}; {""start"":{""x"":1;""y"":1};""end"":{""x"":1;""y"":1}; {""start"":{""x"":1;""y"":2};""end"":{""x"":1;""y"":2}; {""start"":{""x"":2;""y"":0};""end"":{""x"":2;""y"":0}; {""start"":{""x"":2;""y"":1};""end"":{""x"":2;""y"":1}; {""start"":{""x"":2;""y"":2};""end"":{""x"":2;""y"":2}; {""start"":{""x"":3;""y"":0};""end"":{""x"":3;""y"":0}; {""start"":{""x"":3;""y"":1};""end"":{""x"":3;""y"":1}; {""start"":{""x"":3;""y"":2};""end"":{""x"":3;""y"":2}; {""start"":{""x"":4;""y"":0};""end"":{""x"":4;""y"":0}; {""start"":{""x"":4;""y"":1};""end"":{""x"":4;""y"":1}; {""start"":{""x"":4;""y"":2};""end"":{""x"":4;""y"":2}; {""start"":{""x"":5;""y"":0};""end"":{""x"":5;""y"":0}; {""start"":{""x"":5;""y"":1};""end"":{""x"":5;""y"":1}; {""start"":{""x"":5;""y"":2};""end"":{""x"":5;""y"":2}; {""start"":{""x"":6;""y"":0};""end"":{""x"":6;""y"":0}; {""start"":{""x"":6;""y"":1};""end"":{""x"":6;""y"":1}; {""start"":{""x"":6;""y"":2};""end"":{""x"":6;""y"":2}; {""start"":{""x"":7;""y"":0};""end"":{""x"":7;""y"":0}; {""start"":{""x"":7;""y"":1};""end"":{""x"":7;""y"":1}; {""start"":{""x"":7;""y"":2};""end"":{""x"":7;""y"":2}; {""start"":{""x"":8;""y"":0};""end"":{""x"":8;""y"":0}; {""start"":{""x"":8;""y"":1};""end"":{""x"":8;""y"":1}; {""start"":{""x"":8;""y"":2};""end"":{""x"":8;""y"":2}; {""start"":{""x"":9;""y"":0};""end"":{""x"":9;""y"":0}; {""start"":{""x"":9;""y"":1};""end"":{""x"":9;""y"":1}; {""start"":{""x"":9;""y"":2};""end"":{""x"":9;""y"":2}; {""start"":{""x"":10;""y"":0};""end"":{""x"":10;""y"":0}; {""start"":{""x"":10;""y"":1};""end"":{""x"":10;""y"":1}]; shape=[32; 128]; orientation=ShardOrientation::ROW_MAJOR};nd_shard_spec=std::nullopt;created_with_nd_shard_spec=0;per_core_allocation=0)'}",,32,110,,,3263224428,3263224799,371,8935961173584,8935961176345,8058,8058,2045,1119,1119,,,,164,1118,1095,,,,,,,,,1[1],32[32],32[1],128[128],TILE,BFLOAT16,DEV_0_DRAM_INTERLEAVED,,,,,,,,1[1],32[32],32[1],128[128],TILE,BFLOAT16,DEV_0_L1_HEIGHT_SHARDED,,,[],[],['ttnn/cpp/ttnn/operations/data_movement/sharded/device/kernels/dataflow/writer_unary_sharded.cpp'; 'ttnn/cpp/ttnn/operations/data_movement/sharded/device/kernels/dataflow/reader_unary_sharded_blocks_interleaved_start_id.cpp'],['writer_unary_sharded/2816079715866797849/'; 'reader_unary_sharded_blocks_interleaved_start_id/13575281725531493021/'],3818893462322974683,False,444,876,0,0,0,0,0,0,0,1,1,1,[],[],0.089,,,,,,,371
EmbeddingsDeviceOperation,tt_dnn_device,166915,3,blackhole,{'embeddings_type': 'EmbeddingsType::GENERIC'; 'output_mem_config': 'MemoryConfig(memory_layout=TensorMemoryLayout::INTERLEAVED;buffer_type=BufferType::DRAM;shard_spec=std::nullopt;nd_shard_spec=std::nullopt;created_with_nd_shard_spec=0;per_core_allocation=0)'; 'pad_token': 'std::nullopt'; 'tilized': 'true'},HiFi4,1,110,,,3263236822,3263237233,411,8935961188149,8935961193000,9271,9271,3593,3068,3068,,,,61,3010,1805,1865,125,1976,,,,,,1[1],1[1],1[1],32[32],ROW_MAJOR,UINT32,DEV_0_DRAM_INTERLEAVED,1[1],1[1],131072[131072],256[256],ROW_MAJOR,BFLOAT16,DEV_0_DRAM_INTERLEAVED,1[1],1[1],32[32],256[256],TILE,BFLOAT16,DEV_0_DRAM_INTERLEAVED,,,['ttnn/cpp/ttnn/operations/data_movement/tilize/device/kernels/compute/tilize.cpp'],['tilize/1883113549092967117/'],['ttnn/cpp/ttnn/operations/eltwise/unary/device/kernels/dataflow/writer_unary_interleaved_start_id.cpp'; 'ttnn/cpp/ttnn/operations/embedding/device/kernels/dataflow/embeddings_tilize.cpp'],['writer_unary_interleaved_start_id/17379425957123616916/'; 'embeddings_tilize/16389043569753230323/'],2884466655117215699,False,1000,948,1220,804,2084,0,0,0,0,1,1,1,[],[],0.033,,,,,,,411
TransposeDeviceOperation,tt_dnn_device,167939,3,blackhole,{'dim': 'TransposeOpDim::HC'; 'output_mem_config': 'MemoryConfig(memory_layout=TensorMemoryLayout::INTERLEAVED;buffer_type=BufferType::DRAM;shard_spec=std::nullopt;nd_shard_spec=std::nullopt;created_with_nd_shard_spec=0;per_core_allocation=0)'; 'pad_value': '0'},,110,110,,,3263248123,3263248504,381,8935961208475,8935961214071,12048,12048,4145,3558,3558,,,,166,3550,1005,,,,,,,,,1[1],1[1],32[32],256[256],TILE,BFLOAT16,DEV_0_DRAM_INTERLEAVED,,,,,,,,1[1],32[32],32[1],256[256],TILE,BFLOAT16,DEV_0_DRAM_INTERLEAVED,,,[],[],['ttnn/cpp/ttnn/operations/data_movement/transpose/device/kernels/dataflow/writer_unary_transpose_hc_interleaved_tiled_padding_aware.cpp'; 'ttnn/cpp/ttnn/operations/data_movement/transpose/device/kernels/dataflow/reader_unary_transpose_hc_interleaved_tiled_padding_aware.cpp'],['writer_unary_transpose_hc_interleaved_tiled_padding_aware/3592149805530130016/'; 'reader_unary_transpose_hc_interleaved_tiled_padding_aware/3278640446294112578/'],11093648575313324181,False,1216,1040,0,0,0,0,0,0,0,2059,2059,953,[7.957260608673096],[254.63233947753906],57.87,,,,,,,381
SliceDeviceOperation,tt_dnn_device,168963,3,blackhole,{'num_devices': 'std::nullopt'; 'output_mem_config': 'MemoryConfig(memory_layout=TensorMemoryLayout::INTERLEAVED;buffer_type=BufferType::DRAM;shard_spec=std::nullopt;nd_shard_spec=std::nullopt;created_with_nd_shard_spec=0;per_core_allocation=0)'; 'slice_dim': 'std::nullopt'; 'slice_end': 'Shape([1; 32; 32; 128])'; 'slice_start': 'Shape([0; 0; 0; 0])'; 'step': 'Shape([1; 1; 1; 1])'; 'sub_core_grids': 'std::nullopt'; 'use_tensor_args': 'false'},,110,110,,,3263255858,3263256489,631,8935961219266,8935961223486,4445,4445,3126,2532,2532,,,,163,2532,2347,,,,,,,,,1[1],32[32],32[1],256[256],TILE,BFLOAT16,DEV_0_DRAM_INTERLEAVED,,,,,,,,1[1],32[32],32[32],128[128],TILE,BFLOAT16,DEV_0_DRAM_INTERLEAVED,,,[],[],['ttnn/cpp/ttnn/operations/data_movement/slice/device/kernels/dataflow/writer_unary_interleaved_start_id.cpp'; 'ttnn/cpp/ttnn/operations/data_movement/slice/device/kernels/dataflow/reader_unary_unpad_dims_interleaved_start_id.cpp'],['writer_unary_interleaved_start_id/17872786682307166113/'; 'reader_unary_unpad_dims_interleaved_start_id/5783004548399313417/'],13405722893863627506,False,1000,1028,0,0,0,0,0,0,0,1207,1207,953,[434.3728332519531],[217.18641662597656],47.67,,,,,,,631
InterleavedToShardedDeviceOperation,tt_dnn_device,169987,3,blackhole,"{'keep_l1_aligned': 'false'; 'output_dtype': 'DataType::BFLOAT16'; 'output_mem_config': 'MemoryConfig(memory_layout=TensorMemoryLayout::HEIGHT_SHARDED;buffer_type=BufferType::L1;shard_spec=ShardSpec{grid=[{""start"":{""x"":0;""y"":0};""end"":{""x"":0;""y"":0}; {""start"":{""x"":0;""y"":1};""end"":{""x"":0;""y"":1}; {""start"":{""x"":0;""y"":2};""end"":{""x"":0;""y"":2}; {""start"":{""x"":1;""y"":0};""end"":{""x"":1;""y"":0}; {""start"":{""x"":1;""y"":1};""end"":{""x"":1;""y"":1}; {""start"":{""x"":1;""y"":2};""end"":{""x"":1;""y"":2}; {""start"":{""x"":2;""y"":0};""end"":{""x"":2;""y"":0}; {""start"":{""x"":2;""y"":1};""end"":{""x"":2;""y"":1}; {""start"":{""x"":2;""y"":2};""end"":{""x"":2;""y"":2}; {""start"":{""x"":3;""y"":0};""end"":{""x"":3;""y"":0}; {""start"":{""x"":3;""y"":1};""end"":{""x"":3;""y"":1}; {""start"":{""x"":3;""y"":2};""end"":{""x"":3;""y"":2}; {""start"":{""x"":4;""y"":0};""end"":{""x"":4;""y"":0}; {""start"":{""x"":4;""y"":1};""end"":{""x"":4;""y"":1}; {""start"":{""x"":4;""y"":2};""end"":{""x"":4;""y"":2}; {""start"":{""x"":5;""y"":0};""end"":{""x"":5;""y"":0}; {""start"":{""x"":5;""y"":1};""end"":{""x"":5;""y"":1}; {""start"":{""x"":5;""y"":2};""end"":{""x"":5;""y"":2}; {""start"":{""x"":6;""y"":0};""end"":{""x"":6;""y"":0}; {""start"":{""x"":6;""y"":1};""end"":{""x"":6;""y"":1}; {""start"":{""x"":6;""y"":2};""end"":{""x"":6;""y"":2}; {""start"":{""x"":7;""y"":0};""end"":{""x"":7;""y"":0}; {""start"":{""x"":7;""y"":1};""end"":{""x"":7;""y"":1}; {""start"":{""x"":7;""y"":2};""end"":{""x"":7;""y"":2}; {""start"":{""x"":8;""y"":0};""end"":{""x"":8;""y"":0}; {""start"":{""x"":8;""y"":1};""end"":{""x"":8;""y"":1}; {""start"":{""x"":8;""y"":2};""end"":{""x"":8;""y"":2}; {""start"":{""x"":9;""y"":0};""end"":{""x"":9;""y"":0}; {""start"":{""x"":9;""y"":1};""end"":{""x"":9;""y"":1}; {""start"":{""x"":9;""y"":2};""end"":{""x"":9;""y"":2}; {""start"":{""x"":10;""y"":0};""end"":{""x"":10;""y"":0}; {""start"":{""x"":10;""y"":1};""end"":{""x"":10;""y"":1}]; shape=[32; 128]; orientation=ShardOrientation::ROW_MAJOR};nd_shard_spec=std::nullopt;created_with_nd_shard_spec=0;per_core_allocation=0)'}",,32,110,,,3263268622,3263269063,441,8935961233185,8935961235921,8112,8112,2027,1097,1097,,,,161,1097,1065,,,,,,,,,1[1],32[32],32[1],128[128],TILE,BFLOAT16,DEV_0_DRAM_INTERLEAVED,,,,,,,,1[1],32[32],32[1],128[128],TILE,BFLOAT16,DEV_0_L1_HEIGHT_SHARDED,,,[],[],['ttnn/cpp/ttnn/operations/data_movement/sharded/device/kernels/dataflow/writer_unary_sharded.cpp'; 'ttnn/cpp/ttnn/operations/data_movement/sharded/device/kernels/dataflow/reader_unary_sharded_blocks_interleaved_start_id.cpp'],['writer_unary_sharded/2816079715866797849/'; 'reader_unary_sharded_blocks_interleaved_start_id/13575281725531493021/'],3818893462322974683,False,444,876,0,0,0,0,0,0,0,1,1,1,[],[],0.091,,,,,,,441
SliceDeviceOperation,tt_dnn_device,171011,3,blackhole,{'num_devices': 'std::nullopt'; 'output_mem_config': 'MemoryConfig(memory_layout=TensorMemoryLayout::INTERLEAVED;buffer_type=BufferType::DRAM;shard_spec=std::nullopt;nd_shard_spec=std::nullopt;created_with_nd_shard_spec=0;per_core_allocation=0)'; 'slice_dim': 'std::nullopt'; 'slice_end': 'Shape([1; 32; 32; 256])'; 'slice_start': 'Shape([0; 0; 0; 128])'; 'step': 'Shape([1; 1; 1; 1])'; 'sub_core_grids': 'std::nullopt'; 'use_tensor_args': 'false'},,110,110,,,3263276067,3263276628,561,8935961246578,8935961251160,8498,8498,3394,2796,2796,,,,163,2796,2524,,,,,,,,,1[1],32[32],32[1],256[256],TILE,BFLOAT16,DEV_0_DRAM_INTERLEAVED,,,,,,,,1[1],32[32],32[32],128[128],TILE,BFLOAT16,DEV_0_DRAM_INTERLEAVED,,,[],[],['ttnn/cpp/ttnn/operations/data_movement/slice/device/kernels/dataflow/writer_unary_interleaved_start_id.cpp'; 'ttnn/cpp/ttnn/operations/data_movement/slice/device/kernels/dataflow/reader_unary_unpad_dims_interleaved_start_id.cpp'],['writer_unary_interleaved_start_id/17872786682307166113/'; 'reader_unary_unpad_dims_interleaved_start_id/5783004548399313417/'],12843380687060980844,False,1000,1028,0,0,0,0,0,0,0,1207,1207,953,[434.3728332519531],[217.18641662597656],43.169,,,,,,,561
InterleavedToShardedDeviceOperation,tt_dnn_device,172035,3,blackhole,"{'keep_l1_aligned': 'false'; 'output_dtype': 'DataType::BFLOAT16'; 'output_mem_config': 'MemoryConfig(memory_layout=TensorMemoryLayout::HEIGHT_SHARDED;buffer_type=BufferType::L1;shard_spec=ShardSpec{grid=[{""start"":{""x"":0;""y"":0};""end"":{""x"":0;""y"":0}; {""start"":{""x"":0;""y"":1};""end"":{""x"":0;""y"":1}; {""start"":{""x"":0;""y"":2};""end"":{""x"":0;""y"":2}; {""start"":{""x"":1;""y"":0};""end"":{""x"":1;""y"":0}; {""start"":{""x"":1;""y"":1};""end"":{""x"":1;""y"":1}; {""start"":{""x"":1;""y"":2};""end"":{""x"":1;""y"":2}; {""start"":{""x"":2;""y"":0};""end"":{""x"":2;""y"":0}; {""start"":{""x"":2;""y"":1};""end"":{""x"":2;""y"":1}; {""start"":{""x"":2;""y"":2};""end"":{""x"":2;""y"":2}; {""start"":{""x"":3;""y"":0};""end"":{""x"":3;""y"":0}; {""start"":{""x"":3;""y"":1};""end"":{""x"":3;""y"":1}; {""start"":{""x"":3;""y"":2};""end"":{""x"":3;""y"":2}; {""start"":{""x"":4;""y"":0};""end"":{""x"":4;""y"":0}; {""start"":{""x"":4;""y"":1};""end"":{""x"":4;""y"":1}; {""start"":{""x"":4;""y"":2};""end"":{""x"":4;""y"":2}; {""start"":{""x"":5;""y"":0};""end"":{""x"":5;""y"":0}; {""start"":{""x"":5;""y"":1};""end"":{""x"":5;""y"":1}; {""start"":{""x"":5;""y"":2};""end"":{""x"":5;""y"":2}; {""start"":{""x"":6;""y"":0};""end"":{""x"":6;""y"":0}; {""start"":{""x"":6;""y"":1};""end"":{""x"":6;""y"":1}; {""start"":{""x"":6;""y"":2};""end"":{""x"":6;""y"":2}; {""start"":{""x"":7;""y"":0};""end"":{""x"":7;""y"":0}; {""start"":{""x"":7;""y"":1};""end"":{""x"":7;""y"":1}; {""start"":{""x"":7;""y"":2};""end"":{""x"":7;""y"":2}; {""start"":{""x"":8;""y"":0};""end"":{""x"":8;""y"":0}; {""start"":{""x"":8;""y"":1};""end"":{""x"":8;""y"":1}; {""start"":{""x"":8;""y"":2};""end"":{""x"":8;""y"":2}; {""start"":{""x"":9;""y"":0};""end"":{""x"":9;""y"":0}; {""start"":{""x"":9;""y"":1};""end"":{""x"":9;""y"":1}; {""start"":{""x"":9;""y"":2};""end"":{""x"":9;""y"":2}; {""start"":{""x"":10;""y"":0};""end"":{""x"":10;""y"":0}; {""start"":{""x"":10;""y"":1};""end"":{""x"":10;""y"":1}]; shape=[32; 128]; orientation=ShardOrientation::ROW_MAJOR};nd_shard_spec=std::nullopt;created_with_nd_shard_spec=0;per_core_allocation=0)'}",,32,110,,,3263288821,3263289222,401,8935961260508,8935961263276,7848,7848,2050,1123,1123,,,,162,1119,1099,,,,,,,,,1[1],32[32],32[1],128[128],TILE,BFLOAT16,DEV_0_DRAM_INTERLEAVED,,,,,,,,1[1],32[32],32[1],128[128],TILE,BFLOAT16,DEV_0_L1_HEIGHT_SHARDED,,,[],[],['ttnn/cpp/ttnn/operations/data_movement/sharded/device/kernels/dataflow/writer_unary_sharded.cpp'; 'ttnn/cpp/ttnn/operations/data_movement/sharded/device/kernels/dataflow/reader_unary_sharded_blocks_interleaved_start_id.cpp'],['writer_unary_sharded/2816079715866797849/'; 'reader_unary_sharded_blocks_interleaved_start_id/13575281725531493021/'],3818893462322974683,False,444,876,0,0,0,0,0,0,0,1,1,1,[],[],0.089,,,,,,,401
EmbeddingsDeviceOperation,tt_dnn_device,173059,3,blackhole,{'embeddings_type': 'EmbeddingsType::GENERIC'; 'output_mem_config': 'MemoryConfig(memory_layout=TensorMemoryLayout::INTERLEAVED;buffer_type=BufferType::DRAM;shard_spec=std::nullopt;nd_shard_spec=std::nullopt;created_with_nd_shard_spec=0;per_core_allocation=0)'; 'pad_token': 'std::nullopt'; 'tilized': 'true'},HiFi4,1,110,,,3263301966,3263302377,411,8935961276512,8935961281305,10331,10331,3550,3024,3024,,,,85,2951,1747,1801,119,1902,,,,,,1[1],1[1],1[1],32[32],ROW_MAJOR,UINT32,DEV_0_DRAM_INTERLEAVED,1[1],1[1],131072[131072],256[256],ROW_MAJOR,BFLOAT16,DEV_0_DRAM_INTERLEAVED,1[1],1[1],32[32],256[256],TILE,BFLOAT16,DEV_0_DRAM_INTERLEAVED,,,['ttnn/cpp/ttnn/operations/data_movement/tilize/device/kernels/compute/tilize.cpp'],['tilize/1883113549092967117/'],['ttnn/cpp/ttnn/operations/eltwise/unary/device/kernels/dataflow/writer_unary_interleaved_start_id.cpp'; 'ttnn/cpp/ttnn/operations/embedding/device/kernels/dataflow/embeddings_tilize.cpp'],['writer_unary_interleaved_start_id/17379425957123616916/'; 'embeddings_tilize/16389043569753230323/'],2884466655117215699,False,1000,948,1220,804,2084,0,0,0,0,1,1,1,[],[],0.033,,,,,,,411
TransposeDeviceOperation,tt_dnn_device,174083,3,blackhole,{'dim': 'TransposeOpDim::HC'; 'output_mem_config': 'MemoryConfig(memory_layout=TensorMemoryLayout::INTERLEAVED;buffer_type=BufferType::DRAM;shard_spec=std::nullopt;nd_shard_spec=std::nullopt;created_with_nd_shard_spec=0;per_core_allocation=0)'; 'pad_value': '0'},,110,110,,,3263313278,3263313668,390,8935961296406,8935961302002,11774,11774,4145,3553,3553,,,,159,3547,1007,,,,,,,,,1[1],1[1],32[32],256[256],TILE,BFLOAT16,DEV_0_DRAM_INTERLEAVED,,,,,,,,1[1],32[32],32[1],256[256],TILE,BFLOAT16,DEV_0_DRAM_INTERLEAVED,,,[],[],['ttnn/cpp/ttnn/operations/data_movement/transpose/device/kernels/dataflow/writer_unary_transpose_hc_interleaved_tiled_padding_aware.cpp'; 'ttnn/cpp/ttnn/operations/data_movement/transpose/device/kernels/dataflow/reader_unary_transpose_hc_interleaved_tiled_padding_aware.cpp'],['writer_unary_transpose_hc_interleaved_tiled_padding_aware/3592149805530130016/'; 'reader_unary_transpose_hc_interleaved_tiled_padding_aware/3278640446294112578/'],11093648575313324181,False,1216,1040,0,0,0,0,0,0,0,2059,2059,953,[7.957260608673096],[254.63233947753906],57.951,,,,,,,390
SliceDeviceOperation,tt_dnn_device,175107,3,blackhole,{'num_devices': 'std::nullopt'; 'output_mem_config': 'MemoryConfig(memory_layout=TensorMemoryLayout::INTERLEAVED;buffer_type=BufferType::DRAM;shard_spec=std::nullopt;nd_shard_spec=std::nullopt;created_with_nd_shard_spec=0;per_core_allocation=0)'; 'slice_dim': 'std::nullopt'; 'slice_end': 'Shape([1; 32; 32; 128])'; 'slice_start': 'Shape([0; 0; 0; 0])'; 'step': 'Shape([1; 1; 1; 1])'; 'sub_core_grids': 'std::nullopt'; 'use_tensor_args': 'false'},,110,110,,,3263320642,3263321283,641,8935961306965,8935961311147,4270,4270,3098,2506,2506,,,,166,2506,2287,,,,,,,,,1[1],32[32],32[1],256[256],TILE,BFLOAT16,DEV_0_DRAM_INTERLEAVED,,,,,,,,1[1],32[32],32[32],128[128],TILE,BFLOAT16,DEV_0_DRAM_INTERLEAVED,,,[],[],['ttnn/cpp/ttnn/operations/data_movement/slice/device/kernels/dataflow/writer_unary_interleaved_start_id.cpp'; 'ttnn/cpp/ttnn/operations/data_movement/slice/device/kernels/dataflow/reader_unary_unpad_dims_interleaved_start_id.cpp'],['writer_unary_interleaved_start_id/17872786682307166113/'; 'reader_unary_unpad_dims_interleaved_start_id/5783004548399313417/'],13405722893863627506,False,1000,1028,0,0,0,0,0,0,0,1207,1207,953,[434.3728332519531],[217.18641662597656],48.164,,,,,,,641
InterleavedToShardedDeviceOperation,tt_dnn_device,176131,3,blackhole,"{'keep_l1_aligned': 'false'; 'output_dtype': 'DataType::BFLOAT16'; 'output_mem_config': 'MemoryConfig(memory_layout=TensorMemoryLayout::HEIGHT_SHARDED;buffer_type=BufferType::L1;shard_spec=ShardSpec{grid=[{""start"":{""x"":0;""y"":0};""end"":{""x"":0;""y"":0}; {""start"":{""x"":0;""y"":1};""end"":{""x"":0;""y"":1}; {""start"":{""x"":0;""y"":2};""end"":{""x"":0;""y"":2}; {""start"":{""x"":1;""y"":0};""end"":{""x"":1;""y"":0}; {""start"":{""x"":1;""y"":1};""end"":{""x"":1;""y"":1}; {""start"":{""x"":1;""y"":2};""end"":{""x"":1;""y"":2}; {""start"":{""x"":2;""y"":0};""end"":{""x"":2;""y"":0}; {""start"":{""x"":2;""y"":1};""end"":{""x"":2;""y"":1}; {""start"":{""x"":2;""y"":2};""end"":{""x"":2;""y"":2}; {""start"":{""x"":3;""y"":0};""end"":{""x"":3;""y"":0}; {""start"":{""x"":3;""y"":1};""end"":{""x"":3;""y"":1}; {""start"":{""x"":3;""y"":2};""end"":{""x"":3;""y"":2}; {""start"":{""x"":4;""y"":0};""end"":{""x"":4;""y"":0}; {""start"":{""x"":4;""y"":1};""end"":{""x"":4;""y"":1}; {""start"":{""x"":4;""y"":2};""end"":{""x"":4;""y"":2}; {""start"":{""x"":5;""y"":0};""end"":{""x"":5;""y"":0}; {""start"":{""x"":5;""y"":1};""end"":{""x"":5;""y"":1}; {""start"":{""x"":5;""y"":2};""end"":{""x"":5;""y"":2}; {""start"":{""x"":6;""y"":0};""end"":{""x"":6;""y"":0}; {""start"":{""x"":6;""y"":1};""end"":{""x"":6;""y"":1}; {""start"":{""x"":6;""y"":2};""end"":{""x"":6;""y"":2}; {""start"":{""x"":7;""y"":0};""end"":{""x"":7;""y"":0}; {""start"":{""x"":7;""y"":1};""end"":{""x"":7;""y"":1}; {""start"":{""x"":7;""y"":2};""end"":{""x"":7;""y"":2}; {""start"":{""x"":8;""y"":0};""end"":{""x"":8;""y"":0}; {""start"":{""x"":8;""y"":1};""end"":{""x"":8;""y"":1}; {""start"":{""x"":8;""y"":2};""end"":{""x"":8;""y"":2}; {""start"":{""x"":9;""y"":0};""end"":{""x"":9;""y"":0}; {""start"":{""x"":9;""y"":1};""end"":{""x"":9;""y"":1}; {""start"":{""x"":9;""y"":2};""end"":{""x"":9;""y"":2}; {""start"":{""x"":10;""y"":0};""end"":{""x"":10;""y"":0}; {""start"":{""x"":10;""y"":1};""end"":{""x"":10;""y"":1}]; shape=[32; 128]; orientation=ShardOrientation::ROW_MAJOR};nd_shard_spec=std::nullopt;created_with_nd_shard_spec=0;per_core_allocation=0)'}",,32,110,,,3263333476,3263333887,411,8935961320755,8935961323518,8048,8048,2047,1116,1116,,,,166,1116,1060,,,,,,,,,1[1],32[32],32[1],128[128],TILE,BFLOAT16,DEV_0_DRAM_INTERLEAVED,,,,,,,,1[1],32[32],32[1],128[128],TILE,BFLOAT16,DEV_0_L1_HEIGHT_SHARDED,,,[],[],['ttnn/cpp/ttnn/operations/data_movement/sharded/device/kernels/dataflow/writer_unary_sharded.cpp'; 'ttnn/cpp/ttnn/operations/data_movement/sharded/device/kernels/dataflow/reader_unary_sharded_blocks_interleaved_start_id.cpp'],['writer_unary_sharded/2816079715866797849/'; 'reader_unary_sharded_blocks_interleaved_start_id/13575281725531493021/'],3818893462322974683,False,444,876,0,0,0,0,0,0,0,1,1,1,[],[],0.09,,,,,,,411
SliceDeviceOperation,tt_dnn_device,177155,3,blackhole,{'num_devices': 'std::nullopt'; 'output_mem_config': 'MemoryConfig(memory_layout=TensorMemoryLayout::INTERLEAVED;buffer_type=BufferType::DRAM;shard_spec=std::nullopt;nd_shard_spec=std::nullopt;created_with_nd_shard_spec=0;per_core_allocation=0)'; 'slice_dim': 'std::nullopt'; 'slice_end': 'Shape([1; 32; 32; 256])'; 'slice_start': 'Shape([0; 0; 0; 128])'; 'step': 'Shape([1; 1; 1; 1])'; 'sub_core_grids': 'std::nullopt'; 'use_tensor_args': 'false'},,110,110,,,3263341832,3263342443,611,8935961334623,8935961339051,8825,8825,3280,2690,2690,,,,163,2689,2464,,,,,,,,,1[1],32[32],32[1],256[256],TILE,BFLOAT16,DEV_0_DRAM_INTERLEAVED,,,,,,,,1[1],32[32],32[32],128[128],TILE,BFLOAT16,DEV_0_DRAM_INTERLEAVED,,,[],[],['ttnn/cpp/ttnn/operations/data_movement/slice/device/kernels/dataflow/writer_unary_interleaved_start_id.cpp'; 'ttnn/cpp/ttnn/operations/data_movement/slice/device/kernels/dataflow/reader_unary_unpad_dims_interleaved_start_id.cpp'],['writer_unary_interleaved_start_id/17872786682307166113/'; 'reader_unary_unpad_dims_interleaved_start_id/5783004548399313417/'],12843380687060980844,False,1000,1028,0,0,0,0,0,0,0,1207,1207,953,[434.3728332519531],[217.18641662597656],44.87,,,,,,,611
InterleavedToShardedDeviceOperation,tt_dnn_device,178179,3,blackhole,"{'keep_l1_aligned': 'false'; 'output_dtype': 'DataType::BFLOAT16'; 'output_mem_config': 'MemoryConfig(memory_layout=TensorMemoryLayout::HEIGHT_SHARDED;buffer_type=BufferType::L1;shard_spec=ShardSpec{grid=[{""start"":{""x"":0;""y"":0};""end"":{""x"":0;""y"":0}; {""start"":{""x"":0;""y"":1};""end"":{""x"":0;""y"":1}; {""start"":{""x"":0;""y"":2};""end"":{""x"":0;""y"":2}; {""start"":{""x"":1;""y"":0};""end"":{""x"":1;""y"":0}; {""start"":{""x"":1;""y"":1};""end"":{""x"":1;""y"":1}; {""start"":{""x"":1;""y"":2};""end"":{""x"":1;""y"":2}; {""start"":{""x"":2;""y"":0};""end"":{""x"":2;""y"":0}; {""start"":{""x"":2;""y"":1};""end"":{""x"":2;""y"":1}; {""start"":{""x"":2;""y"":2};""end"":{""x"":2;""y"":2}; {""start"":{""x"":3;""y"":0};""end"":{""x"":3;""y"":0}; {""start"":{""x"":3;""y"":1};""end"":{""x"":3;""y"":1}; {""start"":{""x"":3;""y"":2};""end"":{""x"":3;""y"":2}; {""start"":{""x"":4;""y"":0};""end"":{""x"":4;""y"":0}; {""start"":{""x"":4;""y"":1};""end"":{""x"":4;""y"":1}; {""start"":{""x"":4;""y"":2};""end"":{""x"":4;""y"":2}; {""start"":{""x"":5;""y"":0};""end"":{""x"":5;""y"":0}; {""start"":{""x"":5;""y"":1};""end"":{""x"":5;""y"":1}; {""start"":{""x"":5;""y"":2};""end"":{""x"":5;""y"":2}; {""start"":{""x"":6;""y"":0};""end"":{""x"":6;""y"":0}; {""start"":{""x"":6;""y"":1};""end"":{""x"":6;""y"":1}; {""start"":{""x"":6;""y"":2};""end"":{""x"":6;""y"":2}; {""start"":{""x"":7;""y"":0};""end"":{""x"":7;""y"":0}; {""start"":{""x"":7;""y"":1};""end"":{""x"":7;""y"":1}; {""start"":{""x"":7;""y"":2};""end"":{""x"":7;""y"":2}; {""start"":{""x"":8;""y"":0};""end"":{""x"":8;""y"":0}; {""start"":{""x"":8;""y"":1};""end"":{""x"":8;""y"":1}; {""start"":{""x"":8;""y"":2};""end"":{""x"":8;""y"":2}; {""start"":{""x"":9;""y"":0};""end"":{""x"":9;""y"":0}; {""start"":{""x"":9;""y"":1};""end"":{""x"":9;""y"":1}; {""start"":{""x"":9;""y"":2};""end"":{""x"":9;""y"":2}; {""start"":{""x"":10;""y"":0};""end"":{""x"":10;""y"":0}; {""start"":{""x"":10;""y"":1};""end"":{""x"":10;""y"":1}]; shape=[32; 128]; orientation=ShardOrientation::ROW_MAJOR};nd_shard_spec=std::nullopt;created_with_nd_shard_spec=0;per_core_allocation=0)'}",,32,110,,,3263354927,3263355428,501,8935961349763,8935961352484,8854,8854,2016,1095,1095,,,,161,1091,1069,,,,,,,,,1[1],32[32],32[1],128[128],TILE,BFLOAT16,DEV_0_DRAM_INTERLEAVED,,,,,,,,1[1],32[32],32[1],128[128],TILE,BFLOAT16,DEV_0_L1_HEIGHT_SHARDED,,,[],[],['ttnn/cpp/ttnn/operations/data_movement/sharded/device/kernels/dataflow/writer_unary_sharded.cpp'; 'ttnn/cpp/ttnn/operations/data_movement/sharded/device/kernels/dataflow/reader_unary_sharded_blocks_interleaved_start_id.cpp'],['writer_unary_sharded/2816079715866797849/'; 'reader_unary_sharded_blocks_interleaved_start_id/13575281725531493021/'],3818893462322974683,False,444,876,0,0,0,0,0,0,0,1,1,1,[],[],0.091,,,,,,,501
EmbeddingsDeviceOperation,tt_dnn_device,179203,3,blackhole,{'embeddings_type': 'EmbeddingsType::GENERIC'; 'output_mem_config': 'MemoryConfig(memory_layout=TensorMemoryLayout::INTERLEAVED;buffer_type=BufferType::DRAM;shard_spec=std::nullopt;nd_shard_spec=std::nullopt;created_with_nd_shard_spec=0;per_core_allocation=0)'; 'pad_token': 'std::nullopt'; 'tilized': 'true'},HiFi4,1,110,,,3263373462,3263373973,511,8935961371257,8935961376083,14456,14461,3575,3026,3020,,,,33,3019,1766,1838,118,1961,,,,,,1[1],1[1],1[1],32[32],ROW_MAJOR,UINT32,DEV_0_DRAM_INTERLEAVED,1[1],1[1],131072[131072],256[256],ROW_MAJOR,BFLOAT16,DEV_0_DRAM_INTERLEAVED,1[1],1[1],32[32],256[256],TILE,BFLOAT16,DEV_0_DRAM_INTERLEAVED,,,['ttnn/cpp/ttnn/operations/data_movement/tilize/device/kernels/compute/tilize.cpp'],['tilize/1883113549092967117/'],['ttnn/cpp/ttnn/operations/eltwise/unary/device/kernels/dataflow/writer_unary_interleaved_start_id.cpp'; 'ttnn/cpp/ttnn/operations/embedding/device/kernels/dataflow/embeddings_tilize.cpp'],['writer_unary_interleaved_start_id/17379425957123616916/'; 'embeddings_tilize/16389043569753230323/'],2884466655117215699,False,1000,948,1220,804,2084,0,0,0,0,1,1,1,[],[],0.033,,,,,,,511
TransposeDeviceOperation,tt_dnn_device,180227,3,blackhole,{'dim': 'TransposeOpDim::HC'; 'output_mem_config': 'MemoryConfig(memory_layout=TensorMemoryLayout::INTERLEAVED;buffer_type=BufferType::DRAM;shard_spec=std::nullopt;nd_shard_spec=std::nullopt;created_with_nd_shard_spec=0;per_core_allocation=0)'; 'pad_value': '0'},,110,110,,,3263385385,3263385876,491,8935961393708,8935961399311,13651,13651,4150,3544,3544,,,,157,3543,1002,,,,,,,,,1[1],1[1],32[32],256[256],TILE,BFLOAT16,DEV_0_DRAM_INTERLEAVED,,,,,,,,1[1],32[32],32[1],256[256],TILE,BFLOAT16,DEV_0_DRAM_INTERLEAVED,,,[],[],['ttnn/cpp/ttnn/operations/data_movement/transpose/device/kernels/dataflow/writer_unary_transpose_hc_interleaved_tiled_padding_aware.cpp'; 'ttnn/cpp/ttnn/operations/data_movement/transpose/device/kernels/dataflow/reader_unary_transpose_hc_interleaved_tiled_padding_aware.cpp'],['writer_unary_transpose_hc_interleaved_tiled_padding_aware/3592149805530130016/'; 'reader_unary_transpose_hc_interleaved_tiled_padding_aware/3278640446294112578/'],11093648575313324181,False,1216,1040,0,0,0,0,0,0,0,2059,2059,953,[7.957260608673096],[254.63233947753906],58.098,,,,,,,491
SliceDeviceOperation,tt_dnn_device,181251,3,blackhole,{'num_devices': 'std::nullopt'; 'output_mem_config': 'MemoryConfig(memory_layout=TensorMemoryLayout::INTERLEAVED;buffer_type=BufferType::DRAM;shard_spec=std::nullopt;nd_shard_spec=std::nullopt;created_with_nd_shard_spec=0;per_core_allocation=0)'; 'slice_dim': 'std::nullopt'; 'slice_end': 'Shape([1; 32; 32; 128])'; 'slice_start': 'Shape([0; 0; 0; 0])'; 'step': 'Shape([1; 1; 1; 1])'; 'sub_core_grids': 'std::nullopt'; 'use_tensor_args': 'false'},,110,110,,,3263393390,3263394062,672,8935961404923,8935961409186,4755,4755,3158,2570,2570,,,,161,2563,2324,,,,,,,,,1[1],32[32],32[1],256[256],TILE,BFLOAT16,DEV_0_DRAM_INTERLEAVED,,,,,,,,1[1],32[32],32[32],128[128],TILE,BFLOAT16,DEV_0_DRAM_INTERLEAVED,,,[],[],['ttnn/cpp/ttnn/operations/data_movement/slice/device/kernels/dataflow/writer_unary_interleaved_start_id.cpp'; 'ttnn/cpp/ttnn/operations/data_movement/slice/device/kernels/dataflow/reader_unary_unpad_dims_interleaved_start_id.cpp'],['writer_unary_interleaved_start_id/17872786682307166113/'; 'reader_unary_unpad_dims_interleaved_start_id/5783004548399313417/'],13405722893863627506,False,1000,1028,0,0,0,0,0,0,0,1207,1207,953,[434.3728332519531],[217.18641662597656],46.965,,,,,,,672
InterleavedToShardedDeviceOperation,tt_dnn_device,182275,3,blackhole,"{'keep_l1_aligned': 'false'; 'output_dtype': 'DataType::BFLOAT16'; 'output_mem_config': 'MemoryConfig(memory_layout=TensorMemoryLayout::HEIGHT_SHARDED;buffer_type=BufferType::L1;shard_spec=ShardSpec{grid=[{""start"":{""x"":0;""y"":0};""end"":{""x"":0;""y"":0}; {""start"":{""x"":0;""y"":1};""end"":{""x"":0;""y"":1}; {""start"":{""x"":0;""y"":2};""end"":{""x"":0;""y"":2}; {""start"":{""x"":1;""y"":0};""end"":{""x"":1;""y"":0}; {""start"":{""x"":1;""y"":1};""end"":{""x"":1;""y"":1}; {""start"":{""x"":1;""y"":2};""end"":{""x"":1;""y"":2}; {""start"":{""x"":2;""y"":0};""end"":{""x"":2;""y"":0}; {""start"":{""x"":2;""y"":1};""end"":{""x"":2;""y"":1}; {""start"":{""x"":2;""y"":2};""end"":{""x"":2;""y"":2}; {""start"":{""x"":3;""y"":0};""end"":{""x"":3;""y"":0}; {""start"":{""x"":3;""y"":1};""end"":{""x"":3;""y"":1}; {""start"":{""x"":3;""y"":2};""end"":{""x"":3;""y"":2}; {""start"":{""x"":4;""y"":0};""end"":{""x"":4;""y"":0}; {""start"":{""x"":4;""y"":1};""end"":{""x"":4;""y"":1}; {""start"":{""x"":4;""y"":2};""end"":{""x"":4;""y"":2}; {""start"":{""x"":5;""y"":0};""end"":{""x"":5;""y"":0}; {""start"":{""x"":5;""y"":1};""end"":{""x"":5;""y"":1}; {""start"":{""x"":5;""y"":2};""end"":{""x"":5;""y"":2}; {""start"":{""x"":6;""y"":0};""end"":{""x"":6;""y"":0}; {""start"":{""x"":6;""y"":1};""end"":{""x"":6;""y"":1}; {""start"":{""x"":6;""y"":2};""end"":{""x"":6;""y"":2}; {""start"":{""x"":7;""y"":0};""end"":{""x"":7;""y"":0}; {""start"":{""x"":7;""y"":1};""end"":{""x"":7;""y"":1}; {""start"":{""x"":7;""y"":2};""end"":{""x"":7;""y"":2}; {""start"":{""x"":8;""y"":0};""end"":{""x"":8;""y"":0}; {""start"":{""x"":8;""y"":1};""end"":{""x"":8;""y"":1}; {""start"":{""x"":8;""y"":2};""end"":{""x"":8;""y"":2}; {""start"":{""x"":9;""y"":0};""end"":{""x"":9;""y"":0}; {""start"":{""x"":9;""y"":1};""end"":{""x"":9;""y"":1}; {""start"":{""x"":9;""y"":2};""end"":{""x"":9;""y"":2}; {""start"":{""x"":10;""y"":0};""end"":{""x"":10;""y"":0}; {""start"":{""x"":10;""y"":1};""end"":{""x"":10;""y"":1}]; shape=[32; 128]; orientation=ShardOrientation::ROW_MAJOR};nd_shard_spec=std::nullopt;created_with_nd_shard_spec=0;per_core_allocation=0)'}",,32,110,,,3263407006,3263407537,531,8935961420019,8935961422862,8960,8960,2106,1163,1163,,,,173,1163,1136,,,,,,,,,1[1],32[32],32[1],128[128],TILE,BFLOAT16,DEV_0_DRAM_INTERLEAVED,,,,,,,,1[1],32[32],32[1],128[128],TILE,BFLOAT16,DEV_0_L1_HEIGHT_SHARDED,,,[],[],['ttnn/cpp/ttnn/operations/data_movement/sharded/device/kernels/dataflow/writer_unary_sharded.cpp'; 'ttnn/cpp/ttnn/operations/data_movement/sharded/device/kernels/dataflow/reader_unary_sharded_blocks_interleaved_start_id.cpp'],['writer_unary_sharded/2816079715866797849/'; 'reader_unary_sharded_blocks_interleaved_start_id/13575281725531493021/'],3818893462322974683,False,444,876,0,0,0,0,0,0,0,1,1,1,[],[],0.086,,,,,,,531
SliceDeviceOperation,tt_dnn_device,183299,3,blackhole,{'num_devices': 'std::nullopt'; 'output_mem_config': 'MemoryConfig(memory_layout=TensorMemoryLayout::INTERLEAVED;buffer_type=BufferType::DRAM;shard_spec=std::nullopt;nd_shard_spec=std::nullopt;created_with_nd_shard_spec=0;per_core_allocation=0)'; 'slice_dim': 'std::nullopt'; 'slice_end': 'Shape([1; 32; 32; 256])'; 'slice_start': 'Shape([0; 0; 0; 128])'; 'step': 'Shape([1; 1; 1; 1])'; 'sub_core_grids': 'std::nullopt'; 'use_tensor_args': 'false'},,110,110,,,3263414581,3263415172,591,8935961433569,8935961437886,8528,8528,3198,2607,2607,,,,169,2607,2384,,,,,,,,,1[1],32[32],32[1],256[256],TILE,BFLOAT16,DEV_0_DRAM_INTERLEAVED,,,,,,,,1[1],32[32],32[32],128[128],TILE,BFLOAT16,DEV_0_DRAM_INTERLEAVED,,,[],[],['ttnn/cpp/ttnn/operations/data_movement/slice/device/kernels/dataflow/writer_unary_interleaved_start_id.cpp'; 'ttnn/cpp/ttnn/operations/data_movement/slice/device/kernels/dataflow/reader_unary_unpad_dims_interleaved_start_id.cpp'],['writer_unary_interleaved_start_id/17872786682307166113/'; 'reader_unary_unpad_dims_interleaved_start_id/5783004548399313417/'],12843380687060980844,False,1000,1028,0,0,0,0,0,0,0,1207,1207,953,[434.3728332519531],[217.18641662597656],46.298,,,,,,,591
InterleavedToShardedDeviceOperation,tt_dnn_device,184323,3,blackhole,"{'keep_l1_aligned': 'false'; 'output_dtype': 'DataType::BFLOAT16'; 'output_mem_config': 'MemoryConfig(memory_layout=TensorMemoryLayout::HEIGHT_SHARDED;buffer_type=BufferType::L1;shard_spec=ShardSpec{grid=[{""start"":{""x"":0;""y"":0};""end"":{""x"":0;""y"":0}; {""start"":{""x"":0;""y"":1};""end"":{""x"":0;""y"":1}; {""start"":{""x"":0;""y"":2};""end"":{""x"":0;""y"":2}; {""start"":{""x"":1;""y"":0};""end"":{""x"":1;""y"":0}; {""start"":{""x"":1;""y"":1};""end"":{""x"":1;""y"":1}; {""start"":{""x"":1;""y"":2};""end"":{""x"":1;""y"":2}; {""start"":{""x"":2;""y"":0};""end"":{""x"":2;""y"":0}; {""start"":{""x"":2;""y"":1};""end"":{""x"":2;""y"":1}; {""start"":{""x"":2;""y"":2};""end"":{""x"":2;""y"":2}; {""start"":{""x"":3;""y"":0};""end"":{""x"":3;""y"":0}; {""start"":{""x"":3;""y"":1};""end"":{""x"":3;""y"":1}; {""start"":{""x"":3;""y"":2};""end"":{""x"":3;""y"":2}; {""start"":{""x"":4;""y"":0};""end"":{""x"":4;""y"":0}; {""start"":{""x"":4;""y"":1};""end"":{""x"":4;""y"":1}; {""start"":{""x"":4;""y"":2};""end"":{""x"":4;""y"":2}; {""start"":{""x"":5;""y"":0};""end"":{""x"":5;""y"":0}; {""start"":{""x"":5;""y"":1};""end"":{""x"":5;""y"":1}; {""start"":{""x"":5;""y"":2};""end"":{""x"":5;""y"":2}; {""start"":{""x"":6;""y"":0};""end"":{""x"":6;""y"":0}; {""start"":{""x"":6;""y"":1};""end"":{""x"":6;""y"":1}; {""start"":{""x"":6;""y"":2};""end"":{""x"":6;""y"":2}; {""start"":{""x"":7;""y"":0};""end"":{""x"":7;""y"":0}; {""start"":{""x"":7;""y"":1};""end"":{""x"":7;""y"":1}; {""start"":{""x"":7;""y"":2};""end"":{""x"":7;""y"":2}; {""start"":{""x"":8;""y"":0};""end"":{""x"":8;""y"":0}; {""start"":{""x"":8;""y"":1};""end"":{""x"":8;""y"":1}; {""start"":{""x"":8;""y"":2};""end"":{""x"":8;""y"":2}; {""start"":{""x"":9;""y"":0};""end"":{""x"":9;""y"":0}; {""start"":{""x"":9;""y"":1};""end"":{""x"":9;""y"":1}; {""start"":{""x"":9;""y"":2};""end"":{""x"":9;""y"":2}; {""start"":{""x"":10;""y"":0};""end"":{""x"":10;""y"":0}; {""start"":{""x"":10;""y"":1};""end"":{""x"":10;""y"":1}]; shape=[32; 128]; orientation=ShardOrientation::ROW_MAJOR};nd_shard_spec=std::nullopt;created_with_nd_shard_spec=0;per_core_allocation=0)'}",,32,110,,,3263427295,3263428588,1293,8935961447477,8935961450285,8028,8028,2080,1145,1145,,,,170,1136,1110,,,,,,,,,1[1],32[32],32[1],128[128],TILE,BFLOAT16,DEV_0_DRAM_INTERLEAVED,,,,,,,,1[1],32[32],32[1],128[128],TILE,BFLOAT16,DEV_0_L1_HEIGHT_SHARDED,,,[],[],['ttnn/cpp/ttnn/operations/data_movement/sharded/device/kernels/dataflow/writer_unary_sharded.cpp'; 'ttnn/cpp/ttnn/operations/data_movement/sharded/device/kernels/dataflow/reader_unary_sharded_blocks_interleaved_start_id.cpp'],['writer_unary_sharded/2816079715866797849/'; 'reader_unary_sharded_blocks_interleaved_start_id/13575281725531493021/'],3818893462322974683,False,444,876,0,0,0,0,0,0,0,1,1,1,[],[],0.087,,,,,,,1293
EmbeddingsDeviceOperation,tt_dnn_device,185347,3,blackhole,{'embeddings_type': 'EmbeddingsType::GENERIC'; 'output_mem_config': 'MemoryConfig(memory_layout=TensorMemoryLayout::INTERLEAVED;buffer_type=BufferType::DRAM;shard_spec=std::nullopt;nd_shard_spec=std::nullopt;created_with_nd_shard_spec=0;per_core_allocation=0)'; 'pad_token': 'std::nullopt'; 'tilized': 'true'},HiFi4,1,110,,,3263440701,3263441192,491,8935961463318,8935961468156,10182,10182,3584,3065,3065,,,,81,3007,1787,1840,117,1944,,,,,,1[1],1[1],1[1],32[32],ROW_MAJOR,UINT32,DEV_0_DRAM_INTERLEAVED,1[1],1[1],131072[131072],256[256],ROW_MAJOR,BFLOAT16,DEV_0_DRAM_INTERLEAVED,1[1],1[1],32[32],256[256],TILE,BFLOAT16,DEV_0_DRAM_INTERLEAVED,,,['ttnn/cpp/ttnn/operations/data_movement/tilize/device/kernels/compute/tilize.cpp'],['tilize/1883113549092967117/'],['ttnn/cpp/ttnn/operations/eltwise/unary/device/kernels/dataflow/writer_unary_interleaved_start_id.cpp'; 'ttnn/cpp/ttnn/operations/embedding/device/kernels/dataflow/embeddings_tilize.cpp'],['writer_unary_interleaved_start_id/17379425957123616916/'; 'embeddings_tilize/16389043569753230323/'],2884466655117215699,False,1000,948,1220,804,2084,0,0,0,0,1,1,1,[],[],0.033,,,,,,,491
TransposeDeviceOperation,tt_dnn_device,186371,3,blackhole,{'dim': 'TransposeOpDim::HC'; 'output_mem_config': 'MemoryConfig(memory_layout=TensorMemoryLayout::INTERLEAVED;buffer_type=BufferType::DRAM;shard_spec=std::nullopt;nd_shard_spec=std::nullopt;created_with_nd_shard_spec=0;per_core_allocation=0)'; 'pad_value': '0'},,110,110,,,3263452273,3263452694,421,8935961484000,8935961489620,12332,12332,4163,3555,3555,,,,163,3544,1013,,,,,,,,,1[1],1[1],32[32],256[256],TILE,BFLOAT16,DEV_0_DRAM_INTERLEAVED,,,,,,,,1[1],32[32],32[1],256[256],TILE,BFLOAT16,DEV_0_DRAM_INTERLEAVED,,,[],[],['ttnn/cpp/ttnn/operations/data_movement/transpose/device/kernels/dataflow/writer_unary_transpose_hc_interleaved_tiled_padding_aware.cpp'; 'ttnn/cpp/ttnn/operations/data_movement/transpose/device/kernels/dataflow/reader_unary_transpose_hc_interleaved_tiled_padding_aware.cpp'],['writer_unary_transpose_hc_interleaved_tiled_padding_aware/3592149805530130016/'; 'reader_unary_transpose_hc_interleaved_tiled_padding_aware/3278640446294112578/'],11093648575313324181,False,1216,1040,0,0,0,0,0,0,0,2059,2059,953,[7.957260608673096],[254.63233947753906],57.918,,,,,,,421
SliceDeviceOperation,tt_dnn_device,187395,3,blackhole,{'num_devices': 'std::nullopt'; 'output_mem_config': 'MemoryConfig(memory_layout=TensorMemoryLayout::INTERLEAVED;buffer_type=BufferType::DRAM;shard_spec=std::nullopt;nd_shard_spec=std::nullopt;created_with_nd_shard_spec=0;per_core_allocation=0)'; 'slice_dim': 'std::nullopt'; 'slice_end': 'Shape([1; 32; 32; 128])'; 'slice_start': 'Shape([0; 0; 0; 0])'; 'step': 'Shape([1; 1; 1; 1])'; 'sub_core_grids': 'std::nullopt'; 'use_tensor_args': 'false'},,110,110,,,3263459707,3263460368,661,8935961494461,8935961498714,4193,4193,3150,2553,2553,,,,159,2546,2336,,,,,,,,,1[1],32[32],32[1],256[256],TILE,BFLOAT16,DEV_0_DRAM_INTERLEAVED,,,,,,,,1[1],32[32],32[32],128[128],TILE,BFLOAT16,DEV_0_DRAM_INTERLEAVED,,,[],[],['ttnn/cpp/ttnn/operations/data_movement/slice/device/kernels/dataflow/writer_unary_interleaved_start_id.cpp'; 'ttnn/cpp/ttnn/operations/data_movement/slice/device/kernels/dataflow/reader_unary_unpad_dims_interleaved_start_id.cpp'],['writer_unary_interleaved_start_id/17872786682307166113/'; 'reader_unary_unpad_dims_interleaved_start_id/5783004548399313417/'],13405722893863627506,False,1000,1028,0,0,0,0,0,0,0,1207,1207,953,[434.3728332519531],[217.18641662597656],47.278,,,,,,,661
InterleavedToShardedDeviceOperation,tt_dnn_device,188419,3,blackhole,"{'keep_l1_aligned': 'false'; 'output_dtype': 'DataType::BFLOAT16'; 'output_mem_config': 'MemoryConfig(memory_layout=TensorMemoryLayout::HEIGHT_SHARDED;buffer_type=BufferType::L1;shard_spec=ShardSpec{grid=[{""start"":{""x"":0;""y"":0};""end"":{""x"":0;""y"":0}; {""start"":{""x"":0;""y"":1};""end"":{""x"":0;""y"":1}; {""start"":{""x"":0;""y"":2};""end"":{""x"":0;""y"":2}; {""start"":{""x"":1;""y"":0};""end"":{""x"":1;""y"":0}; {""start"":{""x"":1;""y"":1};""end"":{""x"":1;""y"":1}; {""start"":{""x"":1;""y"":2};""end"":{""x"":1;""y"":2}; {""start"":{""x"":2;""y"":0};""end"":{""x"":2;""y"":0}; {""start"":{""x"":2;""y"":1};""end"":{""x"":2;""y"":1}; {""start"":{""x"":2;""y"":2};""end"":{""x"":2;""y"":2}; {""start"":{""x"":3;""y"":0};""end"":{""x"":3;""y"":0}; {""start"":{""x"":3;""y"":1};""end"":{""x"":3;""y"":1}; {""start"":{""x"":3;""y"":2};""end"":{""x"":3;""y"":2}; {""start"":{""x"":4;""y"":0};""end"":{""x"":4;""y"":0}; {""start"":{""x"":4;""y"":1};""end"":{""x"":4;""y"":1}; {""start"":{""x"":4;""y"":2};""end"":{""x"":4;""y"":2}; {""start"":{""x"":5;""y"":0};""end"":{""x"":5;""y"":0}; {""start"":{""x"":5;""y"":1};""end"":{""x"":5;""y"":1}; {""start"":{""x"":5;""y"":2};""end"":{""x"":5;""y"":2}; {""start"":{""x"":6;""y"":0};""end"":{""x"":6;""y"":0}; {""start"":{""x"":6;""y"":1};""end"":{""x"":6;""y"":1}; {""start"":{""x"":6;""y"":2};""end"":{""x"":6;""y"":2}; {""start"":{""x"":7;""y"":0};""end"":{""x"":7;""y"":0}; {""start"":{""x"":7;""y"":1};""end"":{""x"":7;""y"":1}; {""start"":{""x"":7;""y"":2};""end"":{""x"":7;""y"":2}; {""start"":{""x"":8;""y"":0};""end"":{""x"":8;""y"":0}; {""start"":{""x"":8;""y"":1};""end"":{""x"":8;""y"":1}; {""start"":{""x"":8;""y"":2};""end"":{""x"":8;""y"":2}; {""start"":{""x"":9;""y"":0};""end"":{""x"":9;""y"":0}; {""start"":{""x"":9;""y"":1};""end"":{""x"":9;""y"":1}; {""start"":{""x"":9;""y"":2};""end"":{""x"":9;""y"":2}; {""start"":{""x"":10;""y"":0};""end"":{""x"":10;""y"":0}; {""start"":{""x"":10;""y"":1};""end"":{""x"":10;""y"":1}]; shape=[32; 128]; orientation=ShardOrientation::ROW_MAJOR};nd_shard_spec=std::nullopt;created_with_nd_shard_spec=0;per_core_allocation=0)'}",,32,110,,,3263474565,3263475026,461,8935961509285,8935961512024,8747,8747,2029,1109,1109,,,,161,1109,1080,,,,,,,,,1[1],32[32],32[1],128[128],TILE,BFLOAT16,DEV_0_DRAM_INTERLEAVED,,,,,,,,1[1],32[32],32[1],128[128],TILE,BFLOAT16,DEV_0_L1_HEIGHT_SHARDED,,,[],[],['ttnn/cpp/ttnn/operations/data_movement/sharded/device/kernels/dataflow/writer_unary_sharded.cpp'; 'ttnn/cpp/ttnn/operations/data_movement/sharded/device/kernels/dataflow/reader_unary_sharded_blocks_interleaved_start_id.cpp'],['writer_unary_sharded/2816079715866797849/'; 'reader_unary_sharded_blocks_interleaved_start_id/13575281725531493021/'],3818893462322974683,False,444,876,0,0,0,0,0,0,0,1,1,1,[],[],0.09,,,,,,,461
SliceDeviceOperation,tt_dnn_device,189443,3,blackhole,{'num_devices': 'std::nullopt'; 'output_mem_config': 'MemoryConfig(memory_layout=TensorMemoryLayout::INTERLEAVED;buffer_type=BufferType::DRAM;shard_spec=std::nullopt;nd_shard_spec=std::nullopt;created_with_nd_shard_spec=0;per_core_allocation=0)'; 'slice_dim': 'std::nullopt'; 'slice_end': 'Shape([1; 32; 32; 256])'; 'slice_start': 'Shape([0; 0; 0; 128])'; 'step': 'Shape([1; 1; 1; 1])'; 'sub_core_grids': 'std::nullopt'; 'use_tensor_args': 'false'},,110,110,,,3263482110,3263482711,601,8935961524733,8935961529183,10004,10004,3296,2715,2715,,,,164,2715,2501,,,,,,,,,1[1],32[32],32[1],256[256],TILE,BFLOAT16,DEV_0_DRAM_INTERLEAVED,,,,,,,,1[1],32[32],32[32],128[128],TILE,BFLOAT16,DEV_0_DRAM_INTERLEAVED,,,[],[],['ttnn/cpp/ttnn/operations/data_movement/slice/device/kernels/dataflow/writer_unary_interleaved_start_id.cpp'; 'ttnn/cpp/ttnn/operations/data_movement/slice/device/kernels/dataflow/reader_unary_unpad_dims_interleaved_start_id.cpp'],['writer_unary_interleaved_start_id/17872786682307166113/'; 'reader_unary_unpad_dims_interleaved_start_id/5783004548399313417/'],12843380687060980844,False,1000,1028,0,0,0,0,0,0,0,1207,1207,953,[434.3728332519531],[217.18641662597656],44.457,,,,,,,601
InterleavedToShardedDeviceOperation,tt_dnn_device,190467,3,blackhole,"{'keep_l1_aligned': 'false'; 'output_dtype': 'DataType::BFLOAT16'; 'output_mem_config': 'MemoryConfig(memory_layout=TensorMemoryLayout::HEIGHT_SHARDED;buffer_type=BufferType::L1;shard_spec=ShardSpec{grid=[{""start"":{""x"":0;""y"":0};""end"":{""x"":0;""y"":0}; {""start"":{""x"":0;""y"":1};""end"":{""x"":0;""y"":1}; {""start"":{""x"":0;""y"":2};""end"":{""x"":0;""y"":2}; {""start"":{""x"":1;""y"":0};""end"":{""x"":1;""y"":0}; {""start"":{""x"":1;""y"":1};""end"":{""x"":1;""y"":1}; {""start"":{""x"":1;""y"":2};""end"":{""x"":1;""y"":2}; {""start"":{""x"":2;""y"":0};""end"":{""x"":2;""y"":0}; {""start"":{""x"":2;""y"":1};""end"":{""x"":2;""y"":1}; {""start"":{""x"":2;""y"":2};""end"":{""x"":2;""y"":2}; {""start"":{""x"":3;""y"":0};""end"":{""x"":3;""y"":0}; {""start"":{""x"":3;""y"":1};""end"":{""x"":3;""y"":1}; {""start"":{""x"":3;""y"":2};""end"":{""x"":3;""y"":2}; {""start"":{""x"":4;""y"":0};""end"":{""x"":4;""y"":0}; {""start"":{""x"":4;""y"":1};""end"":{""x"":4;""y"":1}; {""start"":{""x"":4;""y"":2};""end"":{""x"":4;""y"":2}; {""start"":{""x"":5;""y"":0};""end"":{""x"":5;""y"":0}; {""start"":{""x"":5;""y"":1};""end"":{""x"":5;""y"":1}; {""start"":{""x"":5;""y"":2};""end"":{""x"":5;""y"":2}; {""start"":{""x"":6;""y"":0};""end"":{""x"":6;""y"":0}; {""start"":{""x"":6;""y"":1};""end"":{""x"":6;""y"":1}; {""start"":{""x"":6;""y"":2};""end"":{""x"":6;""y"":2}; {""start"":{""x"":7;""y"":0};""end"":{""x"":7;""y"":0}; {""start"":{""x"":7;""y"":1};""end"":{""x"":7;""y"":1}; {""start"":{""x"":7;""y"":2};""end"":{""x"":7;""y"":2}; {""start"":{""x"":8;""y"":0};""end"":{""x"":8;""y"":0}; {""start"":{""x"":8;""y"":1};""end"":{""x"":8;""y"":1}; {""start"":{""x"":8;""y"":2};""end"":{""x"":8;""y"":2}; {""start"":{""x"":9;""y"":0};""end"":{""x"":9;""y"":0}; {""start"":{""x"":9;""y"":1};""end"":{""x"":9;""y"":1}; {""start"":{""x"":9;""y"":2};""end"":{""x"":9;""y"":2}; {""start"":{""x"":10;""y"":0};""end"":{""x"":10;""y"":0}; {""start"":{""x"":10;""y"":1};""end"":{""x"":10;""y"":1}]; shape=[32; 128]; orientation=ShardOrientation::ROW_MAJOR};nd_shard_spec=std::nullopt;created_with_nd_shard_spec=0;per_core_allocation=0)'}",,32,110,,,3263494794,3263495255,461,8935961538550,8935961541280,7850,7850,2022,1099,1099,,,,172,1096,1076,,,,,,,,,1[1],32[32],32[1],128[128],TILE,BFLOAT16,DEV_0_DRAM_INTERLEAVED,,,,,,,,1[1],32[32],32[1],128[128],TILE,BFLOAT16,DEV_0_L1_HEIGHT_SHARDED,,,[],[],['ttnn/cpp/ttnn/operations/data_movement/sharded/device/kernels/dataflow/writer_unary_sharded.cpp'; 'ttnn/cpp/ttnn/operations/data_movement/sharded/device/kernels/dataflow/reader_unary_sharded_blocks_interleaved_start_id.cpp'],['writer_unary_sharded/2816079715866797849/'; 'reader_unary_sharded_blocks_interleaved_start_id/13575281725531493021/'],3818893462322974683,False,444,876,0,0,0,0,0,0,0,1,1,1,[],[],0.091,,,,,,,461
EmbeddingsDeviceOperation,tt_dnn_device,191491,3,blackhole,{'embeddings_type': 'EmbeddingsType::GENERIC'; 'output_mem_config': 'MemoryConfig(memory_layout=TensorMemoryLayout::INTERLEAVED;buffer_type=BufferType::DRAM;shard_spec=std::nullopt;nd_shard_spec=std::nullopt;created_with_nd_shard_spec=0;per_core_allocation=0)'; 'pad_token': 'std::nullopt'; 'tilized': 'true'},HiFi4,1,110,,,3263507348,3263507769,421,8935961553306,8935961558076,9429,9432,3533,3021,3021,,,,65,2956,1751,1821,154,1923,,,,,,1[1],1[1],1[1],32[32],ROW_MAJOR,UINT32,DEV_0_DRAM_INTERLEAVED,1[1],1[1],131072[131072],256[256],ROW_MAJOR,BFLOAT16,DEV_0_DRAM_INTERLEAVED,1[1],1[1],32[32],256[256],TILE,BFLOAT16,DEV_0_DRAM_INTERLEAVED,,,['ttnn/cpp/ttnn/operations/data_movement/tilize/device/kernels/compute/tilize.cpp'],['tilize/1883113549092967117/'],['ttnn/cpp/ttnn/operations/eltwise/unary/device/kernels/dataflow/writer_unary_interleaved_start_id.cpp'; 'ttnn/cpp/ttnn/operations/embedding/device/kernels/dataflow/embeddings_tilize.cpp'],['writer_unary_interleaved_start_id/17379425957123616916/'; 'embeddings_tilize/16389043569753230323/'],2884466655117215699,False,1000,948,1220,804,2084,0,0,0,0,1,1,1,[],[],0.033,,,,,,,421
TransposeDeviceOperation,tt_dnn_device,192515,3,blackhole,{'dim': 'TransposeOpDim::HC'; 'output_mem_config': 'MemoryConfig(memory_layout=TensorMemoryLayout::INTERLEAVED;buffer_type=BufferType::DRAM;shard_spec=std::nullopt;nd_shard_spec=std::nullopt;created_with_nd_shard_spec=0;per_core_allocation=0)'; 'pad_value': '0'},,110,110,,,3263519050,3263519431,381,8935961574178,8935961579766,12504,12504,4139,3557,3557,,,,162,3545,1114,,,,,,,,,1[1],1[1],32[32],256[256],TILE,BFLOAT16,DEV_0_DRAM_INTERLEAVED,,,,,,,,1[1],32[32],32[1],256[256],TILE,BFLOAT16,DEV_0_DRAM_INTERLEAVED,,,[],[],['ttnn/cpp/ttnn/operations/data_movement/transpose/device/kernels/dataflow/writer_unary_transpose_hc_interleaved_tiled_padding_aware.cpp'; 'ttnn/cpp/ttnn/operations/data_movement/transpose/device/kernels/dataflow/reader_unary_transpose_hc_interleaved_tiled_padding_aware.cpp'],['writer_unary_transpose_hc_interleaved_tiled_padding_aware/3592149805530130016/'; 'reader_unary_transpose_hc_interleaved_tiled_padding_aware/3278640446294112578/'],11093648575313324181,False,1216,1040,0,0,0,0,0,0,0,2059,2059,953,[7.957260608673096],[254.63233947753906],57.886,,,,,,,381
SliceDeviceOperation,tt_dnn_device,193539,3,blackhole,{'num_devices': 'std::nullopt'; 'output_mem_config': 'MemoryConfig(memory_layout=TensorMemoryLayout::INTERLEAVED;buffer_type=BufferType::DRAM;shard_spec=std::nullopt;nd_shard_spec=std::nullopt;created_with_nd_shard_spec=0;per_core_allocation=0)'; 'slice_dim': 'std::nullopt'; 'slice_end': 'Shape([1; 32; 32; 128])'; 'slice_start': 'Shape([0; 0; 0; 0])'; 'step': 'Shape([1; 1; 1; 1])'; 'sub_core_grids': 'std::nullopt'; 'use_tensor_args': 'false'},,110,110,,,3263527446,3263528087,641,8935961584712,8935961588922,4256,4256,3119,2532,2532,,,,164,2532,2276,,,,,,,,,1[1],32[32],32[1],256[256],TILE,BFLOAT16,DEV_0_DRAM_INTERLEAVED,,,,,,,,1[1],32[32],32[32],128[128],TILE,BFLOAT16,DEV_0_DRAM_INTERLEAVED,,,[],[],['ttnn/cpp/ttnn/operations/data_movement/slice/device/kernels/dataflow/writer_unary_interleaved_start_id.cpp'; 'ttnn/cpp/ttnn/operations/data_movement/slice/device/kernels/dataflow/reader_unary_unpad_dims_interleaved_start_id.cpp'],['writer_unary_interleaved_start_id/17872786682307166113/'; 'reader_unary_unpad_dims_interleaved_start_id/5783004548399313417/'],13405722893863627506,False,1000,1028,0,0,0,0,0,0,0,1207,1207,953,[434.3728332519531],[217.18641662597656],47.67,,,,,,,641
InterleavedToShardedDeviceOperation,tt_dnn_device,194563,3,blackhole,"{'keep_l1_aligned': 'false'; 'output_dtype': 'DataType::BFLOAT16'; 'output_mem_config': 'MemoryConfig(memory_layout=TensorMemoryLayout::HEIGHT_SHARDED;buffer_type=BufferType::L1;shard_spec=ShardSpec{grid=[{""start"":{""x"":0;""y"":0};""end"":{""x"":0;""y"":0}; {""start"":{""x"":0;""y"":1};""end"":{""x"":0;""y"":1}; {""start"":{""x"":0;""y"":2};""end"":{""x"":0;""y"":2}; {""start"":{""x"":1;""y"":0};""end"":{""x"":1;""y"":0}; {""start"":{""x"":1;""y"":1};""end"":{""x"":1;""y"":1}; {""start"":{""x"":1;""y"":2};""end"":{""x"":1;""y"":2}; {""start"":{""x"":2;""y"":0};""end"":{""x"":2;""y"":0}; {""start"":{""x"":2;""y"":1};""end"":{""x"":2;""y"":1}; {""start"":{""x"":2;""y"":2};""end"":{""x"":2;""y"":2}; {""start"":{""x"":3;""y"":0};""end"":{""x"":3;""y"":0}; {""start"":{""x"":3;""y"":1};""end"":{""x"":3;""y"":1}; {""start"":{""x"":3;""y"":2};""end"":{""x"":3;""y"":2}; {""start"":{""x"":4;""y"":0};""end"":{""x"":4;""y"":0}; {""start"":{""x"":4;""y"":1};""end"":{""x"":4;""y"":1}; {""start"":{""x"":4;""y"":2};""end"":{""x"":4;""y"":2}; {""start"":{""x"":5;""y"":0};""end"":{""x"":5;""y"":0}; {""start"":{""x"":5;""y"":1};""end"":{""x"":5;""y"":1}; {""start"":{""x"":5;""y"":2};""end"":{""x"":5;""y"":2}; {""start"":{""x"":6;""y"":0};""end"":{""x"":6;""y"":0}; {""start"":{""x"":6;""y"":1};""end"":{""x"":6;""y"":1}; {""start"":{""x"":6;""y"":2};""end"":{""x"":6;""y"":2}; {""start"":{""x"":7;""y"":0};""end"":{""x"":7;""y"":0}; {""start"":{""x"":7;""y"":1};""end"":{""x"":7;""y"":1}; {""start"":{""x"":7;""y"":2};""end"":{""x"":7;""y"":2}; {""start"":{""x"":8;""y"":0};""end"":{""x"":8;""y"":0}; {""start"":{""x"":8;""y"":1};""end"":{""x"":8;""y"":1}; {""start"":{""x"":8;""y"":2};""end"":{""x"":8;""y"":2}; {""start"":{""x"":9;""y"":0};""end"":{""x"":9;""y"":0}; {""start"":{""x"":9;""y"":1};""end"":{""x"":9;""y"":1}; {""start"":{""x"":9;""y"":2};""end"":{""x"":9;""y"":2}; {""start"":{""x"":10;""y"":0};""end"":{""x"":10;""y"":0}; {""start"":{""x"":10;""y"":1};""end"":{""x"":10;""y"":1}]; shape=[32; 128]; orientation=ShardOrientation::ROW_MAJOR};nd_shard_spec=std::nullopt;created_with_nd_shard_spec=0;per_core_allocation=0)'}",,32,110,,,3263540431,3263540922,491,8935961600141,8935961602898,9234,9234,2042,1116,1116,,,,161,1110,1092,,,,,,,,,1[1],32[32],32[1],128[128],TILE,BFLOAT16,DEV_0_DRAM_INTERLEAVED,,,,,,,,1[1],32[32],32[1],128[128],TILE,BFLOAT16,DEV_0_L1_HEIGHT_SHARDED,,,[],[],['ttnn/cpp/ttnn/operations/data_movement/sharded/device/kernels/dataflow/writer_unary_sharded.cpp'; 'ttnn/cpp/ttnn/operations/data_movement/sharded/device/kernels/dataflow/reader_unary_sharded_blocks_interleaved_start_id.cpp'],['writer_unary_sharded/2816079715866797849/'; 'reader_unary_sharded_blocks_interleaved_start_id/13575281725531493021/'],3818893462322974683,False,444,876,0,0,0,0,0,0,0,1,1,1,[],[],0.09,,,,,,,491
SliceDeviceOperation,tt_dnn_device,195587,3,blackhole,{'num_devices': 'std::nullopt'; 'output_mem_config': 'MemoryConfig(memory_layout=TensorMemoryLayout::INTERLEAVED;buffer_type=BufferType::DRAM;shard_spec=std::nullopt;nd_shard_spec=std::nullopt;created_with_nd_shard_spec=0;per_core_allocation=0)'; 'slice_dim': 'std::nullopt'; 'slice_end': 'Shape([1; 32; 32; 256])'; 'slice_start': 'Shape([0; 0; 0; 128])'; 'step': 'Shape([1; 1; 1; 1])'; 'sub_core_grids': 'std::nullopt'; 'use_tensor_args': 'false'},,110,110,,,3263548076,3263548667,591,8935961613800,8935961618197,8675,8675,3257,2657,2657,,,,157,2656,2373,,,,,,,,,1[1],32[32],32[1],256[256],TILE,BFLOAT16,DEV_0_DRAM_INTERLEAVED,,,,,,,,1[1],32[32],32[32],128[128],TILE,BFLOAT16,DEV_0_DRAM_INTERLEAVED,,,[],[],['ttnn/cpp/ttnn/operations/data_movement/slice/device/kernels/dataflow/writer_unary_interleaved_start_id.cpp'; 'ttnn/cpp/ttnn/operations/data_movement/slice/device/kernels/dataflow/reader_unary_unpad_dims_interleaved_start_id.cpp'],['writer_unary_interleaved_start_id/17872786682307166113/'; 'reader_unary_unpad_dims_interleaved_start_id/5783004548399313417/'],12843380687060980844,False,1000,1028,0,0,0,0,0,0,0,1207,1207,953,[434.3728332519531],[217.18641662597656],45.427,,,,,,,591
InterleavedToShardedDeviceOperation,tt_dnn_device,196611,3,blackhole,"{'keep_l1_aligned': 'false'; 'output_dtype': 'DataType::BFLOAT16'; 'output_mem_config': 'MemoryConfig(memory_layout=TensorMemoryLayout::HEIGHT_SHARDED;buffer_type=BufferType::L1;shard_spec=ShardSpec{grid=[{""start"":{""x"":0;""y"":0};""end"":{""x"":0;""y"":0}; {""start"":{""x"":0;""y"":1};""end"":{""x"":0;""y"":1}; {""start"":{""x"":0;""y"":2};""end"":{""x"":0;""y"":2}; {""start"":{""x"":1;""y"":0};""end"":{""x"":1;""y"":0}; {""start"":{""x"":1;""y"":1};""end"":{""x"":1;""y"":1}; {""start"":{""x"":1;""y"":2};""end"":{""x"":1;""y"":2}; {""start"":{""x"":2;""y"":0};""end"":{""x"":2;""y"":0}; {""start"":{""x"":2;""y"":1};""end"":{""x"":2;""y"":1}; {""start"":{""x"":2;""y"":2};""end"":{""x"":2;""y"":2}; {""start"":{""x"":3;""y"":0};""end"":{""x"":3;""y"":0}; {""start"":{""x"":3;""y"":1};""end"":{""x"":3;""y"":1}; {""start"":{""x"":3;""y"":2};""end"":{""x"":3;""y"":2}; {""start"":{""x"":4;""y"":0};""end"":{""x"":4;""y"":0}; {""start"":{""x"":4;""y"":1};""end"":{""x"":4;""y"":1}; {""start"":{""x"":4;""y"":2};""end"":{""x"":4;""y"":2}; {""start"":{""x"":5;""y"":0};""end"":{""x"":5;""y"":0}; {""start"":{""x"":5;""y"":1};""end"":{""x"":5;""y"":1}; {""start"":{""x"":5;""y"":2};""end"":{""x"":5;""y"":2}; {""start"":{""x"":6;""y"":0};""end"":{""x"":6;""y"":0}; {""start"":{""x"":6;""y"":1};""end"":{""x"":6;""y"":1}; {""start"":{""x"":6;""y"":2};""end"":{""x"":6;""y"":2}; {""start"":{""x"":7;""y"":0};""end"":{""x"":7;""y"":0}; {""start"":{""x"":7;""y"":1};""end"":{""x"":7;""y"":1}; {""start"":{""x"":7;""y"":2};""end"":{""x"":7;""y"":2}; {""start"":{""x"":8;""y"":0};""end"":{""x"":8;""y"":0}; {""start"":{""x"":8;""y"":1};""end"":{""x"":8;""y"":1}; {""start"":{""x"":8;""y"":2};""end"":{""x"":8;""y"":2}; {""start"":{""x"":9;""y"":0};""end"":{""x"":9;""y"":0}; {""start"":{""x"":9;""y"":1};""end"":{""x"":9;""y"":1}; {""start"":{""x"":9;""y"":2};""end"":{""x"":9;""y"":2}; {""start"":{""x"":10;""y"":0};""end"":{""x"":10;""y"":0}; {""start"":{""x"":10;""y"":1};""end"":{""x"":10;""y"":1}]; shape=[32; 128]; orientation=ShardOrientation::ROW_MAJOR};nd_shard_spec=std::nullopt;created_with_nd_shard_spec=0;per_core_allocation=0)'}",,32,110,,,3263561010,3263561411,401,8935961627967,8935961630689,8166,8166,2016,1099,1099,,,,163,1099,1062,,,,,,,,,1[1],32[32],32[1],128[128],TILE,BFLOAT16,DEV_0_DRAM_INTERLEAVED,,,,,,,,1[1],32[32],32[1],128[128],TILE,BFLOAT16,DEV_0_L1_HEIGHT_SHARDED,,,[],[],['ttnn/cpp/ttnn/operations/data_movement/sharded/device/kernels/dataflow/writer_unary_sharded.cpp'; 'ttnn/cpp/ttnn/operations/data_movement/sharded/device/kernels/dataflow/reader_unary_sharded_blocks_interleaved_start_id.cpp'],['writer_unary_sharded/2816079715866797849/'; 'reader_unary_sharded_blocks_interleaved_start_id/13575281725531493021/'],3818893462322974683,False,444,876,0,0,0,0,0,0,0,1,1,1,[],[],0.091,,,,,,,401
EmbeddingsDeviceOperation,tt_dnn_device,197635,3,blackhole,{'embeddings_type': 'EmbeddingsType::GENERIC'; 'output_mem_config': 'MemoryConfig(memory_layout=TensorMemoryLayout::INTERLEAVED;buffer_type=BufferType::DRAM;shard_spec=std::nullopt;nd_shard_spec=std::nullopt;created_with_nd_shard_spec=0;per_core_allocation=0)'; 'pad_token': 'std::nullopt'; 'tilized': 'true'},HiFi4,1,110,,,3263573434,3263573885,451,8935961642521,8935961647332,9294,9294,3564,3030,3030,,,,58,2973,1756,1819,134,1951,,,,,,1[1],1[1],1[1],32[32],ROW_MAJOR,UINT32,DEV_0_DRAM_INTERLEAVED,1[1],1[1],131072[131072],256[256],ROW_MAJOR,BFLOAT16,DEV_0_DRAM_INTERLEAVED,1[1],1[1],32[32],256[256],TILE,BFLOAT16,DEV_0_DRAM_INTERLEAVED,,,['ttnn/cpp/ttnn/operations/data_movement/tilize/device/kernels/compute/tilize.cpp'],['tilize/1883113549092967117/'],['ttnn/cpp/ttnn/operations/eltwise/unary/device/kernels/dataflow/writer_unary_interleaved_start_id.cpp'; 'ttnn/cpp/ttnn/operations/embedding/device/kernels/dataflow/embeddings_tilize.cpp'],['writer_unary_interleaved_start_id/17379425957123616916/'; 'embeddings_tilize/16389043569753230323/'],2884466655117215699,False,1000,948,1220,804,2084,0,0,0,0,1,1,1,[],[],0.033,,,,,,,451
TransposeDeviceOperation,tt_dnn_device,198659,3,blackhole,{'dim': 'TransposeOpDim::HC'; 'output_mem_config': 'MemoryConfig(memory_layout=TensorMemoryLayout::INTERLEAVED;buffer_type=BufferType::DRAM;shard_spec=std::nullopt;nd_shard_spec=std::nullopt;created_with_nd_shard_spec=0;per_core_allocation=0)'; 'pad_value': '0'},,110,110,,,3263584876,3263585287,411,8935961663086,8935961668787,12271,12271,4223,3621,3621,,,,164,3604,1084,,,,,,,,,1[1],1[1],32[32],256[256],TILE,BFLOAT16,DEV_0_DRAM_INTERLEAVED,,,,,,,,1[1],32[32],32[1],256[256],TILE,BFLOAT16,DEV_0_DRAM_INTERLEAVED,,,[],[],['ttnn/cpp/ttnn/operations/data_movement/transpose/device/kernels/dataflow/writer_unary_transpose_hc_interleaved_tiled_padding_aware.cpp'; 'ttnn/cpp/ttnn/operations/data_movement/transpose/device/kernels/dataflow/reader_unary_transpose_hc_interleaved_tiled_padding_aware.cpp'],['writer_unary_transpose_hc_interleaved_tiled_padding_aware/3592149805530130016/'; 'reader_unary_transpose_hc_interleaved_tiled_padding_aware/3278640446294112578/'],11093648575313324181,False,1216,1040,0,0,0,0,0,0,0,2059,2059,953,[7.957260608673096],[254.63233947753906],56.863,,,,,,,411
SliceDeviceOperation,tt_dnn_device,199683,3,blackhole,{'num_devices': 'std::nullopt'; 'output_mem_config': 'MemoryConfig(memory_layout=TensorMemoryLayout::INTERLEAVED;buffer_type=BufferType::DRAM;shard_spec=std::nullopt;nd_shard_spec=std::nullopt;created_with_nd_shard_spec=0;per_core_allocation=0)'; 'slice_dim': 'std::nullopt'; 'slice_end': 'Shape([1; 32; 32; 128])'; 'slice_start': 'Shape([0; 0; 0; 0])'; 'step': 'Shape([1; 1; 1; 1])'; 'sub_core_grids': 'std::nullopt'; 'use_tensor_args': 'false'},,110,110,,,3263592220,3263592861,641,8935961673332,8935961677638,3962,3962,3190,2593,2593,,,,165,2590,2362,,,,,,,,,1[1],32[32],32[1],256[256],TILE,BFLOAT16,DEV_0_DRAM_INTERLEAVED,,,,,,,,1[1],32[32],32[32],128[128],TILE,BFLOAT16,DEV_0_DRAM_INTERLEAVED,,,[],[],['ttnn/cpp/ttnn/operations/data_movement/slice/device/kernels/dataflow/writer_unary_interleaved_start_id.cpp'; 'ttnn/cpp/ttnn/operations/data_movement/slice/device/kernels/dataflow/reader_unary_unpad_dims_interleaved_start_id.cpp'],['writer_unary_interleaved_start_id/17872786682307166113/'; 'reader_unary_unpad_dims_interleaved_start_id/5783004548399313417/'],13405722893863627506,False,1000,1028,0,0,0,0,0,0,0,1207,1207,953,[434.3728332519531],[217.18641662597656],46.548,,,,,,,641
InterleavedToShardedDeviceOperation,tt_dnn_device,200707,3,blackhole,"{'keep_l1_aligned': 'false'; 'output_dtype': 'DataType::BFLOAT16'; 'output_mem_config': 'MemoryConfig(memory_layout=TensorMemoryLayout::HEIGHT_SHARDED;buffer_type=BufferType::L1;shard_spec=ShardSpec{grid=[{""start"":{""x"":0;""y"":0};""end"":{""x"":0;""y"":0}; {""start"":{""x"":0;""y"":1};""end"":{""x"":0;""y"":1}; {""start"":{""x"":0;""y"":2};""end"":{""x"":0;""y"":2}; {""start"":{""x"":1;""y"":0};""end"":{""x"":1;""y"":0}; {""start"":{""x"":1;""y"":1};""end"":{""x"":1;""y"":1}; {""start"":{""x"":1;""y"":2};""end"":{""x"":1;""y"":2}; {""start"":{""x"":2;""y"":0};""end"":{""x"":2;""y"":0}; {""start"":{""x"":2;""y"":1};""end"":{""x"":2;""y"":1}; {""start"":{""x"":2;""y"":2};""end"":{""x"":2;""y"":2}; {""start"":{""x"":3;""y"":0};""end"":{""x"":3;""y"":0}; {""start"":{""x"":3;""y"":1};""end"":{""x"":3;""y"":1}; {""start"":{""x"":3;""y"":2};""end"":{""x"":3;""y"":2}; {""start"":{""x"":4;""y"":0};""end"":{""x"":4;""y"":0}; {""start"":{""x"":4;""y"":1};""end"":{""x"":4;""y"":1}; {""start"":{""x"":4;""y"":2};""end"":{""x"":4;""y"":2}; {""start"":{""x"":5;""y"":0};""end"":{""x"":5;""y"":0}; {""start"":{""x"":5;""y"":1};""end"":{""x"":5;""y"":1}; {""start"":{""x"":5;""y"":2};""end"":{""x"":5;""y"":2}; {""start"":{""x"":6;""y"":0};""end"":{""x"":6;""y"":0}; {""start"":{""x"":6;""y"":1};""end"":{""x"":6;""y"":1}; {""start"":{""x"":6;""y"":2};""end"":{""x"":6;""y"":2}; {""start"":{""x"":7;""y"":0};""end"":{""x"":7;""y"":0}; {""start"":{""x"":7;""y"":1};""end"":{""x"":7;""y"":1}; {""start"":{""x"":7;""y"":2};""end"":{""x"":7;""y"":2}; {""start"":{""x"":8;""y"":0};""end"":{""x"":8;""y"":0}; {""start"":{""x"":8;""y"":1};""end"":{""x"":8;""y"":1}; {""start"":{""x"":8;""y"":2};""end"":{""x"":8;""y"":2}; {""start"":{""x"":9;""y"":0};""end"":{""x"":9;""y"":0}; {""start"":{""x"":9;""y"":1};""end"":{""x"":9;""y"":1}; {""start"":{""x"":9;""y"":2};""end"":{""x"":9;""y"":2}; {""start"":{""x"":10;""y"":0};""end"":{""x"":10;""y"":0}; {""start"":{""x"":10;""y"":1};""end"":{""x"":10;""y"":1}]; shape=[32; 128]; orientation=ShardOrientation::ROW_MAJOR};nd_shard_spec=std::nullopt;created_with_nd_shard_spec=0;per_core_allocation=0)'}",,32,110,,,3263605385,3263605806,421,8935961688026,8935961690822,8621,8621,2071,1139,1139,,,,164,1137,1109,,,,,,,,,1[1],32[32],32[1],128[128],TILE,BFLOAT16,DEV_0_DRAM_INTERLEAVED,,,,,,,,1[1],32[32],32[1],128[128],TILE,BFLOAT16,DEV_0_L1_HEIGHT_SHARDED,,,[],[],['ttnn/cpp/ttnn/operations/data_movement/sharded/device/kernels/dataflow/writer_unary_sharded.cpp'; 'ttnn/cpp/ttnn/operations/data_movement/sharded/device/kernels/dataflow/reader_unary_sharded_blocks_interleaved_start_id.cpp'],['writer_unary_sharded/2816079715866797849/'; 'reader_unary_sharded_blocks_interleaved_start_id/13575281725531493021/'],3818893462322974683,False,444,876,0,0,0,0,0,0,0,1,1,1,[],[],0.088,,,,,,,421
SliceDeviceOperation,tt_dnn_device,201731,3,blackhole,{'num_devices': 'std::nullopt'; 'output_mem_config': 'MemoryConfig(memory_layout=TensorMemoryLayout::INTERLEAVED;buffer_type=BufferType::DRAM;shard_spec=std::nullopt;nd_shard_spec=std::nullopt;created_with_nd_shard_spec=0;per_core_allocation=0)'; 'slice_dim': 'std::nullopt'; 'slice_end': 'Shape([1; 32; 32; 256])'; 'slice_start': 'Shape([0; 0; 0; 128])'; 'step': 'Shape([1; 1; 1; 1])'; 'sub_core_grids': 'std::nullopt'; 'use_tensor_args': 'false'},,110,110,,,3263612789,3263613390,601,8935961701086,8935961705469,8205,8205,3247,2657,2657,,,,167,2654,2413,,,,,,,,,1[1],32[32],32[1],256[256],TILE,BFLOAT16,DEV_0_DRAM_INTERLEAVED,,,,,,,,1[1],32[32],32[32],128[128],TILE,BFLOAT16,DEV_0_DRAM_INTERLEAVED,,,[],[],['ttnn/cpp/ttnn/operations/data_movement/slice/device/kernels/dataflow/writer_unary_interleaved_start_id.cpp'; 'ttnn/cpp/ttnn/operations/data_movement/slice/device/kernels/dataflow/reader_unary_unpad_dims_interleaved_start_id.cpp'],['writer_unary_interleaved_start_id/17872786682307166113/'; 'reader_unary_unpad_dims_interleaved_start_id/5783004548399313417/'],12843380687060980844,False,1000,1028,0,0,0,0,0,0,0,1207,1207,953,[434.3728332519531],[217.18641662597656],45.427,,,,,,,601
InterleavedToShardedDeviceOperation,tt_dnn_device,202755,3,blackhole,"{'keep_l1_aligned': 'false'; 'output_dtype': 'DataType::BFLOAT16'; 'output_mem_config': 'MemoryConfig(memory_layout=TensorMemoryLayout::HEIGHT_SHARDED;buffer_type=BufferType::L1;shard_spec=ShardSpec{grid=[{""start"":{""x"":0;""y"":0};""end"":{""x"":0;""y"":0}; {""start"":{""x"":0;""y"":1};""end"":{""x"":0;""y"":1}; {""start"":{""x"":0;""y"":2};""end"":{""x"":0;""y"":2}; {""start"":{""x"":1;""y"":0};""end"":{""x"":1;""y"":0}; {""start"":{""x"":1;""y"":1};""end"":{""x"":1;""y"":1}; {""start"":{""x"":1;""y"":2};""end"":{""x"":1;""y"":2}; {""start"":{""x"":2;""y"":0};""end"":{""x"":2;""y"":0}; {""start"":{""x"":2;""y"":1};""end"":{""x"":2;""y"":1}; {""start"":{""x"":2;""y"":2};""end"":{""x"":2;""y"":2}; {""start"":{""x"":3;""y"":0};""end"":{""x"":3;""y"":0}; {""start"":{""x"":3;""y"":1};""end"":{""x"":3;""y"":1}; {""start"":{""x"":3;""y"":2};""end"":{""x"":3;""y"":2}; {""start"":{""x"":4;""y"":0};""end"":{""x"":4;""y"":0}; {""start"":{""x"":4;""y"":1};""end"":{""x"":4;""y"":1}; {""start"":{""x"":4;""y"":2};""end"":{""x"":4;""y"":2}; {""start"":{""x"":5;""y"":0};""end"":{""x"":5;""y"":0}; {""start"":{""x"":5;""y"":1};""end"":{""x"":5;""y"":1}; {""start"":{""x"":5;""y"":2};""end"":{""x"":5;""y"":2}; {""start"":{""x"":6;""y"":0};""end"":{""x"":6;""y"":0}; {""start"":{""x"":6;""y"":1};""end"":{""x"":6;""y"":1}; {""start"":{""x"":6;""y"":2};""end"":{""x"":6;""y"":2}; {""start"":{""x"":7;""y"":0};""end"":{""x"":7;""y"":0}; {""start"":{""x"":7;""y"":1};""end"":{""x"":7;""y"":1}; {""start"":{""x"":7;""y"":2};""end"":{""x"":7;""y"":2}; {""start"":{""x"":8;""y"":0};""end"":{""x"":8;""y"":0}; {""start"":{""x"":8;""y"":1};""end"":{""x"":8;""y"":1}; {""start"":{""x"":8;""y"":2};""end"":{""x"":8;""y"":2}; {""start"":{""x"":9;""y"":0};""end"":{""x"":9;""y"":0}; {""start"":{""x"":9;""y"":1};""end"":{""x"":9;""y"":1}; {""start"":{""x"":9;""y"":2};""end"":{""x"":9;""y"":2}; {""start"":{""x"":10;""y"":0};""end"":{""x"":10;""y"":0}; {""start"":{""x"":10;""y"":1};""end"":{""x"":10;""y"":1}]; shape=[32; 128]; orientation=ShardOrientation::ROW_MAJOR};nd_shard_spec=std::nullopt;created_with_nd_shard_spec=0;per_core_allocation=0)'}",,32,110,,,3263625523,3263626094,571,8935961715062,8935961717801,8032,8032,2029,1099,1099,,,,170,1096,1065,,,,,,,,,1[1],32[32],32[1],128[128],TILE,BFLOAT16,DEV_0_DRAM_INTERLEAVED,,,,,,,,1[1],32[32],32[1],128[128],TILE,BFLOAT16,DEV_0_L1_HEIGHT_SHARDED,,,[],[],['ttnn/cpp/ttnn/operations/data_movement/sharded/device/kernels/dataflow/writer_unary_sharded.cpp'; 'ttnn/cpp/ttnn/operations/data_movement/sharded/device/kernels/dataflow/reader_unary_sharded_blocks_interleaved_start_id.cpp'],['writer_unary_sharded/2816079715866797849/'; 'reader_unary_sharded_blocks_interleaved_start_id/13575281725531493021/'],3818893462322974683,False,444,876,0,0,0,0,0,0,0,1,1,1,[],[],0.091,,,,,,,571
EmbeddingsDeviceOperation,tt_dnn_device,203779,3,blackhole,{'embeddings_type': 'EmbeddingsType::GENERIC'; 'output_mem_config': 'MemoryConfig(memory_layout=TensorMemoryLayout::INTERLEAVED;buffer_type=BufferType::DRAM;shard_spec=std::nullopt;nd_shard_spec=std::nullopt;created_with_nd_shard_spec=0;per_core_allocation=0)'; 'pad_token': 'std::nullopt'; 'tilized': 'true'},HiFi4,1,110,,,3263637947,3263638378,431,8935961729663,8935961734495,9319,9328,3579,3037,3029,,,,68,2983,1756,1835,133,1932,,,,,,1[1],1[1],1[1],32[32],ROW_MAJOR,UINT32,DEV_0_DRAM_INTERLEAVED,1[1],1[1],131072[131072],256[256],ROW_MAJOR,BFLOAT16,DEV_0_DRAM_INTERLEAVED,1[1],1[1],32[32],256[256],TILE,BFLOAT16,DEV_0_DRAM_INTERLEAVED,,,['ttnn/cpp/ttnn/operations/data_movement/tilize/device/kernels/compute/tilize.cpp'],['tilize/1883113549092967117/'],['ttnn/cpp/ttnn/operations/eltwise/unary/device/kernels/dataflow/writer_unary_interleaved_start_id.cpp'; 'ttnn/cpp/ttnn/operations/embedding/device/kernels/dataflow/embeddings_tilize.cpp'],['writer_unary_interleaved_start_id/17379425957123616916/'; 'embeddings_tilize/16389043569753230323/'],2884466655117215699,False,1000,948,1220,804,2084,0,0,0,0,1,1,1,[],[],0.033,,,,,,,431
TransposeDeviceOperation,tt_dnn_device,204803,3,blackhole,{'dim': 'TransposeOpDim::HC'; 'output_mem_config': 'MemoryConfig(memory_layout=TensorMemoryLayout::INTERLEAVED;buffer_type=BufferType::DRAM;shard_spec=std::nullopt;nd_shard_spec=std::nullopt;created_with_nd_shard_spec=0;per_core_allocation=0)'; 'pad_value': '0'},,110,110,,,3263649228,3263649609,381,8935961750173,8935961755883,12230,12230,4230,3624,3624,,,,163,3616,1087,,,,,,,,,1[1],1[1],32[32],256[256],TILE,BFLOAT16,DEV_0_DRAM_INTERLEAVED,,,,,,,,1[1],32[32],32[1],256[256],TILE,BFLOAT16,DEV_0_DRAM_INTERLEAVED,,,[],[],['ttnn/cpp/ttnn/operations/data_movement/transpose/device/kernels/dataflow/writer_unary_transpose_hc_interleaved_tiled_padding_aware.cpp'; 'ttnn/cpp/ttnn/operations/data_movement/transpose/device/kernels/dataflow/reader_unary_transpose_hc_interleaved_tiled_padding_aware.cpp'],['writer_unary_transpose_hc_interleaved_tiled_padding_aware/3592149805530130016/'; 'reader_unary_transpose_hc_interleaved_tiled_padding_aware/3278640446294112578/'],11093648575313324181,False,1216,1040,0,0,0,0,0,0,0,2059,2059,953,[7.957260608673096],[254.63233947753906],56.816,,,,,,,381
SliceDeviceOperation,tt_dnn_device,205827,3,blackhole,{'num_devices': 'std::nullopt'; 'output_mem_config': 'MemoryConfig(memory_layout=TensorMemoryLayout::INTERLEAVED;buffer_type=BufferType::DRAM;shard_spec=std::nullopt;nd_shard_spec=std::nullopt;created_with_nd_shard_spec=0;per_core_allocation=0)'; 'slice_dim': 'std::nullopt'; 'slice_end': 'Shape([1; 32; 32; 128])'; 'slice_start': 'Shape([0; 0; 0; 0])'; 'step': 'Shape([1; 1; 1; 1])'; 'sub_core_grids': 'std::nullopt'; 'use_tensor_args': 'false'},,110,110,,,3263656462,3263657114,652,8935961760098,8935961764363,3719,3719,3159,2567,2567,,,,168,2567,2269,,,,,,,,,1[1],32[32],32[1],256[256],TILE,BFLOAT16,DEV_0_DRAM_INTERLEAVED,,,,,,,,1[1],32[32],32[32],128[128],TILE,BFLOAT16,DEV_0_DRAM_INTERLEAVED,,,[],[],['ttnn/cpp/ttnn/operations/data_movement/slice/device/kernels/dataflow/writer_unary_interleaved_start_id.cpp'; 'ttnn/cpp/ttnn/operations/data_movement/slice/device/kernels/dataflow/reader_unary_unpad_dims_interleaved_start_id.cpp'],['writer_unary_interleaved_start_id/17872786682307166113/'; 'reader_unary_unpad_dims_interleaved_start_id/5783004548399313417/'],13405722893863627506,False,1000,1028,0,0,0,0,0,0,0,1207,1207,953,[434.3728332519531],[217.18641662597656],47.02,,,,,,,652
InterleavedToShardedDeviceOperation,tt_dnn_device,206851,3,blackhole,"{'keep_l1_aligned': 'false'; 'output_dtype': 'DataType::BFLOAT16'; 'output_mem_config': 'MemoryConfig(memory_layout=TensorMemoryLayout::HEIGHT_SHARDED;buffer_type=BufferType::L1;shard_spec=ShardSpec{grid=[{""start"":{""x"":0;""y"":0};""end"":{""x"":0;""y"":0}; {""start"":{""x"":0;""y"":1};""end"":{""x"":0;""y"":1}; {""start"":{""x"":0;""y"":2};""end"":{""x"":0;""y"":2}; {""start"":{""x"":1;""y"":0};""end"":{""x"":1;""y"":0}; {""start"":{""x"":1;""y"":1};""end"":{""x"":1;""y"":1}; {""start"":{""x"":1;""y"":2};""end"":{""x"":1;""y"":2}; {""start"":{""x"":2;""y"":0};""end"":{""x"":2;""y"":0}; {""start"":{""x"":2;""y"":1};""end"":{""x"":2;""y"":1}; {""start"":{""x"":2;""y"":2};""end"":{""x"":2;""y"":2}; {""start"":{""x"":3;""y"":0};""end"":{""x"":3;""y"":0}; {""start"":{""x"":3;""y"":1};""end"":{""x"":3;""y"":1}; {""start"":{""x"":3;""y"":2};""end"":{""x"":3;""y"":2}; {""start"":{""x"":4;""y"":0};""end"":{""x"":4;""y"":0}; {""start"":{""x"":4;""y"":1};""end"":{""x"":4;""y"":1}; {""start"":{""x"":4;""y"":2};""end"":{""x"":4;""y"":2}; {""start"":{""x"":5;""y"":0};""end"":{""x"":5;""y"":0}; {""start"":{""x"":5;""y"":1};""end"":{""x"":5;""y"":1}; {""start"":{""x"":5;""y"":2};""end"":{""x"":5;""y"":2}; {""start"":{""x"":6;""y"":0};""end"":{""x"":6;""y"":0}; {""start"":{""x"":6;""y"":1};""end"":{""x"":6;""y"":1}; {""start"":{""x"":6;""y"":2};""end"":{""x"":6;""y"":2}; {""start"":{""x"":7;""y"":0};""end"":{""x"":7;""y"":0}; {""start"":{""x"":7;""y"":1};""end"":{""x"":7;""y"":1}; {""start"":{""x"":7;""y"":2};""end"":{""x"":7;""y"":2}; {""start"":{""x"":8;""y"":0};""end"":{""x"":8;""y"":0}; {""start"":{""x"":8;""y"":1};""end"":{""x"":8;""y"":1}; {""start"":{""x"":8;""y"":2};""end"":{""x"":8;""y"":2}; {""start"":{""x"":9;""y"":0};""end"":{""x"":9;""y"":0}; {""start"":{""x"":9;""y"":1};""end"":{""x"":9;""y"":1}; {""start"":{""x"":9;""y"":2};""end"":{""x"":9;""y"":2}; {""start"":{""x"":10;""y"":0};""end"":{""x"":10;""y"":0}; {""start"":{""x"":10;""y"":1};""end"":{""x"":10;""y"":1}]; shape=[32; 128]; orientation=ShardOrientation::ROW_MAJOR};nd_shard_spec=std::nullopt;created_with_nd_shard_spec=0;per_core_allocation=0)'}",,32,110,,,3263669026,3263669437,411,8935961773778,8935961776527,7899,7899,2036,1109,1109,,,,164,1107,1085,,,,,,,,,1[1],32[32],32[1],128[128],TILE,BFLOAT16,DEV_0_DRAM_INTERLEAVED,,,,,,,,1[1],32[32],32[1],128[128],TILE,BFLOAT16,DEV_0_L1_HEIGHT_SHARDED,,,[],[],['ttnn/cpp/ttnn/operations/data_movement/sharded/device/kernels/dataflow/writer_unary_sharded.cpp'; 'ttnn/cpp/ttnn/operations/data_movement/sharded/device/kernels/dataflow/reader_unary_sharded_blocks_interleaved_start_id.cpp'],['writer_unary_sharded/2816079715866797849/'; 'reader_unary_sharded_blocks_interleaved_start_id/13575281725531493021/'],3818893462322974683,False,444,876,0,0,0,0,0,0,0,1,1,1,[],[],0.09,,,,,,,411
SliceDeviceOperation,tt_dnn_device,207875,3,blackhole,{'num_devices': 'std::nullopt'; 'output_mem_config': 'MemoryConfig(memory_layout=TensorMemoryLayout::INTERLEAVED;buffer_type=BufferType::DRAM;shard_spec=std::nullopt;nd_shard_spec=std::nullopt;created_with_nd_shard_spec=0;per_core_allocation=0)'; 'slice_dim': 'std::nullopt'; 'slice_end': 'Shape([1; 32; 32; 256])'; 'slice_start': 'Shape([0; 0; 0; 128])'; 'step': 'Shape([1; 1; 1; 1])'; 'sub_core_grids': 'std::nullopt'; 'use_tensor_args': 'false'},,110,110,,,3263676170,3263676751,581,8935961786727,8935961791143,8155,8155,3271,2675,2675,,,,162,2672,2387,,,,,,,,,1[1],32[32],32[1],256[256],TILE,BFLOAT16,DEV_0_DRAM_INTERLEAVED,,,,,,,,1[1],32[32],32[32],128[128],TILE,BFLOAT16,DEV_0_DRAM_INTERLEAVED,,,[],[],['ttnn/cpp/ttnn/operations/data_movement/slice/device/kernels/dataflow/writer_unary_interleaved_start_id.cpp'; 'ttnn/cpp/ttnn/operations/data_movement/slice/device/kernels/dataflow/reader_unary_unpad_dims_interleaved_start_id.cpp'],['writer_unary_interleaved_start_id/17872786682307166113/'; 'reader_unary_unpad_dims_interleaved_start_id/5783004548399313417/'],12843380687060980844,False,1000,1028,0,0,0,0,0,0,0,1207,1207,953,[434.3728332519531],[217.18641662597656],45.121,,,,,,,581
InterleavedToShardedDeviceOperation,tt_dnn_device,208899,3,blackhole,"{'keep_l1_aligned': 'false'; 'output_dtype': 'DataType::BFLOAT16'; 'output_mem_config': 'MemoryConfig(memory_layout=TensorMemoryLayout::HEIGHT_SHARDED;buffer_type=BufferType::L1;shard_spec=ShardSpec{grid=[{""start"":{""x"":0;""y"":0};""end"":{""x"":0;""y"":0}; {""start"":{""x"":0;""y"":1};""end"":{""x"":0;""y"":1}; {""start"":{""x"":0;""y"":2};""end"":{""x"":0;""y"":2}; {""start"":{""x"":1;""y"":0};""end"":{""x"":1;""y"":0}; {""start"":{""x"":1;""y"":1};""end"":{""x"":1;""y"":1}; {""start"":{""x"":1;""y"":2};""end"":{""x"":1;""y"":2}; {""start"":{""x"":2;""y"":0};""end"":{""x"":2;""y"":0}; {""start"":{""x"":2;""y"":1};""end"":{""x"":2;""y"":1}; {""start"":{""x"":2;""y"":2};""end"":{""x"":2;""y"":2}; {""start"":{""x"":3;""y"":0};""end"":{""x"":3;""y"":0}; {""start"":{""x"":3;""y"":1};""end"":{""x"":3;""y"":1}; {""start"":{""x"":3;""y"":2};""end"":{""x"":3;""y"":2}; {""start"":{""x"":4;""y"":0};""end"":{""x"":4;""y"":0}; {""start"":{""x"":4;""y"":1};""end"":{""x"":4;""y"":1}; {""start"":{""x"":4;""y"":2};""end"":{""x"":4;""y"":2}; {""start"":{""x"":5;""y"":0};""end"":{""x"":5;""y"":0}; {""start"":{""x"":5;""y"":1};""end"":{""x"":5;""y"":1}; {""start"":{""x"":5;""y"":2};""end"":{""x"":5;""y"":2}; {""start"":{""x"":6;""y"":0};""end"":{""x"":6;""y"":0}; {""start"":{""x"":6;""y"":1};""end"":{""x"":6;""y"":1}; {""start"":{""x"":6;""y"":2};""end"":{""x"":6;""y"":2}; {""start"":{""x"":7;""y"":0};""end"":{""x"":7;""y"":0}; {""start"":{""x"":7;""y"":1};""end"":{""x"":7;""y"":1}; {""start"":{""x"":7;""y"":2};""end"":{""x"":7;""y"":2}; {""start"":{""x"":8;""y"":0};""end"":{""x"":8;""y"":0}; {""start"":{""x"":8;""y"":1};""end"":{""x"":8;""y"":1}; {""start"":{""x"":8;""y"":2};""end"":{""x"":8;""y"":2}; {""start"":{""x"":9;""y"":0};""end"":{""x"":9;""y"":0}; {""start"":{""x"":9;""y"":1};""end"":{""x"":9;""y"":1}; {""start"":{""x"":9;""y"":2};""end"":{""x"":9;""y"":2}; {""start"":{""x"":10;""y"":0};""end"":{""x"":10;""y"":0}; {""start"":{""x"":10;""y"":1};""end"":{""x"":10;""y"":1}]; shape=[32; 128]; orientation=ShardOrientation::ROW_MAJOR};nd_shard_spec=std::nullopt;created_with_nd_shard_spec=0;per_core_allocation=0)'}",,32,110,,,3263689245,3263689666,421,8935961801084,8935961803835,8289,8289,2038,1101,1101,,,,164,1101,1067,,,,,,,,,1[1],32[32],32[1],128[128],TILE,BFLOAT16,DEV_0_DRAM_INTERLEAVED,,,,,,,,1[1],32[32],32[1],128[128],TILE,BFLOAT16,DEV_0_L1_HEIGHT_SHARDED,,,[],[],['ttnn/cpp/ttnn/operations/data_movement/sharded/device/kernels/dataflow/writer_unary_sharded.cpp'; 'ttnn/cpp/ttnn/operations/data_movement/sharded/device/kernels/dataflow/reader_unary_sharded_blocks_interleaved_start_id.cpp'],['writer_unary_sharded/2816079715866797849/'; 'reader_unary_sharded_blocks_interleaved_start_id/13575281725531493021/'],3818893462322974683,False,444,876,0,0,0,0,0,0,0,1,1,1,[],[],0.091,,,,,,,421
