2026-07-15 06:32:14.632 | DEBUG    | ttnn:<module>:79 - Initial ttnn.CONFIG:
Config{cache_path=/home/odjuricic/.cache/ttnn,model_cache_path=/home/odjuricic/.cache/ttnn/models,tmp_dir=/tmp/ttnn,enable_model_cache=false,enable_fast_runtime_mode=true,throw_exception_on_fallback=false,enable_logging=false,enable_graph_report=false,enable_graph_python_stack_traces=false,enable_detailed_buffer_report=false,enable_detailed_tensor_report=false,enable_comparison_mode=false,comparison_mode_should_raise_exception=false,comparison_mode_pcc=0.9999,root_report_path=generated/ttnn/reports,report_name=std::nullopt,std::nullopt}
2026-07-15 06:32:18.638 | info     |          Device | Opening user mode device driver (tt_cluster.cpp:228)
2026-07-15 06:32:18.638 | info     |             UMD | Cluster constructor started. (cluster.cpp:348)
2026-07-15 06:32:18.638 | info     |             UMD | Creating TopologyDiscovery for architecture: blackhole (topology_discovery.cpp:91)
2026-07-15 06:32:18.638 | info     |             UMD | Starting topology discovery. (topology_discovery.cpp:110)
2026-07-15 06:32:18.639 | info     |             UMD | Established firmware bundle version: 19.9.0 (topology_discovery.cpp:569)
2026-07-15 06:32:18.639 | info     |             UMD | Firmware bundle version 19.9.0 on the system is newer than the latest fully tested version 19.5.0 for blackhole architecture. Newest features may not be supported. (topology_discovery.cpp:601)
2026-07-15 06:32:18.643 | info     |             UMD | Completed topology discovery. (topology_discovery.cpp:114)
2026-07-15 06:32:18.810 | info     |             UMD | Opening local chip ids/PCIe ids: {0, 1, 2, 3}/[1, 2, 3, 0] and remote chip ids {} (cluster.cpp:168)
2026-07-15 06:32:18.810 | info     |             UMD | IOMMU: enabled (cluster.cpp:142)
2026-07-15 06:32:18.810 | info     |             UMD | KMD version: 2.4.1 (cluster.cpp:145)
2026-07-15 06:32:18.810 | info     |             UMD | Cluster constructor completed. (cluster.cpp:520)
2026-07-15 06:32:18.813 | info     |             UMD | Starting devices in cluster (cluster.cpp:1024)
2026-07-15 06:32:19.103 | info     |             UMD | Starting devices in cluster completed. (cluster.cpp:1032)
2026-07-15 06:32:19.714 | info     |     Distributed | Using auto discovery to generate mesh graph. (metal_env.cpp:367)
2026-07-15 06:32:19.714 | info     |     Distributed | Constructing control plane using auto-discovery (no mesh graph descriptor). (metal_env.cpp:429)
2026-07-15 06:32:19.714 | info     |          Fabric | Logical multi-mesh adjacency: intermesh degree histogram {0:1}; intra-mesh degree histograms mesh0 {2:4} (topology_mapper_utils.cpp:2342)
2026-07-15 06:32:19.714 | info     |          Fabric | Physical multi-mesh adjacency: intermesh degree histogram {0:1}; intra-mesh degree histograms mesh0 {2:4} (topology_mapper_utils.cpp:2350)
2026-07-15 06:32:19.715 | DEBUG    | ttnn.device:__init__:152 - Using default dispatch core type for this system: DispatchCoreType.WORKER
2026-07-15 06:32:19.715 | DEBUG    | ttnn.device:__init__:154 - Using default dispatch core axis for this system: DispatchCoreAxis.COL
2026-07-15 06:32:19.733 | info     |    BuildKernels | Using pre-compiled firmware from: /localdev/odjuricic/tt-metal/tt_metal/pre-compiled/13793420398762238087/ (build_env_manager.cpp:347)
2026-07-15 06:32:19.733 | info     |    BuildKernels | Using pre-compiled firmware from: /localdev/odjuricic/tt-metal/tt_metal/pre-compiled/13793420398762238087/ (build_env_manager.cpp:347)
2026-07-15 06:32:19.733 | info     |    BuildKernels | Using pre-compiled firmware from: /localdev/odjuricic/tt-metal/tt_metal/pre-compiled/13793420398762238087/ (build_env_manager.cpp:347)
2026-07-15 06:32:19.733 | info     |    BuildKernels | Using pre-compiled firmware from: /localdev/odjuricic/tt-metal/tt_metal/pre-compiled/13793420398762238087/ (build_env_manager.cpp:347)
2026-07-15 06:32:19.791 | info     |           Metal | Initializing Fabric (fabric_firmware_initializer.cpp:288)
2026-07-15 06:32:19.877 | info     |           Metal | Fabric initialized on Device 0 (device.cpp:429)
2026-07-15 06:32:19.879 | info     |           Metal | Fabric initialized on Device 1 (device.cpp:429)
2026-07-15 06:32:19.880 | info     |           Metal | Fabric initialized on Device 2 (device.cpp:429)
2026-07-15 06:32:19.881 | info     |           Metal | Fabric initialized on Device 3 (device.cpp:429)
2026-07-15 06:32:19.881 | info     |           Metal | Fabric initialized on 4 devices (fabric_firmware_initializer.cpp:435)
2026-07-15 06:32:19.881 | info     |           Metal | Fabric Initialized with config FabricConfig::FABRIC_1D (fabric_firmware_initializer.cpp:305)
2026-07-15 06:32:19.933 | info     |           Metal | ShmResourceTracker: removed orphaned shm '/tt_device_143238002115104_memory' (shm_resource_tracker.cpp:282)
2026-07-15 06:32:19.933 | info     |           Metal | ShmResourceTracker: removed orphaned shm '/tt_device_143238002118688_memory' (shm_resource_tracker.cpp:282)
2026-07-15 06:32:19.933 | info     |           Metal | ShmResourceTracker: removed orphaned shm '/tt_device_143238002114624_memory' (shm_resource_tracker.cpp:282)
2026-07-15 06:32:19.933 | info     |           Metal | ShmResourceTracker: removed orphaned shm '/tt_device_143238002115584_memory' (shm_resource_tracker.cpp:282)
2026-07-15 06:32:20.506 | info     |           Metal | [Real-time profiler] Device 0 sync complete: 100 samples, frequency=1.349984 GHz, device_time_at_sync=56543652909588 cycles (realtime_profiler_manager.cpp:1127)
2026-07-15 06:32:20.517 | info     |           Metal | [Real-time profiler] Device 1 sync complete: 100 samples, frequency=1.349981 GHz, device_time_at_sync=56553473048823 cycles (realtime_profiler_manager.cpp:1127)
2026-07-15 06:32:20.517 | info     |           Metal | [Real-time profiler] Device 2 sync complete: 100 samples, frequency=1.349985 GHz, device_time_at_sync=56554480954067 cycles (realtime_profiler_manager.cpp:1127)
2026-07-15 06:32:20.517 | info     |           Metal | [Real-time profiler] Device 3 sync complete: 100 samples, frequency=1.349979 GHz, device_time_at_sync=56564290378424 cycles (realtime_profiler_manager.cpp:1127)
2026-07-15 06:32:57.177 | DEBUG    | core:as_tensor:724 - Loaded cache for /tmp/gemma4_31b_full_model_tensor_cache/final_norm/weight_dtype_BFLOAT16_layout_ROW_MAJOR.tensorbin of shape Shape([1, 1, 168, 32])
2026-07-15 06:32:58.240 | DEBUG    | core:as_tensor:724 - Loaded cache for /tmp/gemma4_31b_full_model_tensor_cache/layer_0/layer_0/input_layernorm/weight_dtype_BFLOAT16_layout_ROW_MAJOR.tensorbin of shape Shape([1, 1, 168, 32])
2026-07-15 06:32:58.240 | DEBUG    | core:as_tensor:724 - Loaded cache for /tmp/gemma4_31b_full_model_tensor_cache/layer_0/layer_0/post_attention_layernorm/weight_dtype_BFLOAT16_layout_ROW_MAJOR.tensorbin of shape Shape([1, 1, 168, 32])
2026-07-15 06:32:58.240 | DEBUG    | core:as_tensor:724 - Loaded cache for /tmp/gemma4_31b_full_model_tensor_cache/layer_0/layer_0/pre_feedforward_layernorm/weight_dtype_BFLOAT16_layout_ROW_MAJOR.tensorbin of shape Shape([1, 1, 168, 32])
2026-07-15 06:32:58.241 | DEBUG    | core:as_tensor:724 - Loaded cache for /tmp/gemma4_31b_full_model_tensor_cache/layer_0/layer_0/post_feedforward_layernorm/weight_dtype_BFLOAT16_layout_ROW_MAJOR.tensorbin of shape Shape([1, 1, 168, 32])
2026-07-15 06:32:58.355 | DEBUG    | core:as_tensor:724 - Loaded cache for /tmp/gemma4_31b_full_model_tensor_cache/layer_0/layer_0/self_attn/wqkv_tp4_bfp8_dtype_BFLOAT8_B_layout_TILE.tensorbin of shape Shape([1, 1, 5376, 4096])
2026-07-15 06:32:58.366 | DEBUG    | core:as_tensor:724 - Loaded cache for /tmp/gemma4_31b_full_model_tensor_cache/layer_0/layer_0/self_attn/o_proj_tp4_bfp8_dtype_BFLOAT8_B_layout_TILE.tensorbin of shape Shape([1, 1, 2048, 5376])
2026-07-15 06:32:58.367 | DEBUG    | core:as_tensor:724 - Loaded cache for /tmp/gemma4_31b_full_model_tensor_cache/layer_0/layer_0/self_attn/q_norm.weight_tp4_dtype_BFLOAT16_layout_ROW_MAJOR.tensorbin of shape Shape([1, 1, 8, 32])
2026-07-15 06:32:58.367 | DEBUG    | core:as_tensor:724 - Loaded cache for /tmp/gemma4_31b_full_model_tensor_cache/layer_0/layer_0/self_attn/k_norm.weight_tp4_dtype_BFLOAT16_layout_ROW_MAJOR.tensorbin of shape Shape([1, 1, 8, 32])
2026-07-15 06:32:58.415 | DEBUG    | core:as_tensor:724 - Loaded cache for /tmp/gemma4_31b_full_model_tensor_cache/layer_0/layer_0/mlp/gate_proj.weight_tp4_bfp8_dtype_BFLOAT8_B_layout_TILE.tensorbin of shape Shape([1, 1, 5376, 5376])
2026-07-15 06:32:58.434 | DEBUG    | core:as_tensor:724 - Loaded cache for /tmp/gemma4_31b_full_model_tensor_cache/layer_0/layer_0/mlp/up_proj.weight_tp4_bfp8_dtype_BFLOAT8_B_layout_TILE.tensorbin of shape Shape([1, 1, 5376, 5376])
2026-07-15 06:32:58.454 | DEBUG    | core:as_tensor:724 - Loaded cache for /tmp/gemma4_31b_full_model_tensor_cache/layer_0/layer_0/mlp/down_proj.weight_tp4_bfp8_dtype_BFLOAT8_B_layout_TILE.tensorbin of shape Shape([1, 1, 5376, 5376])
2026-07-15 06:33:18.548 | DEBUG    | core:as_tensor:724 - Loaded cache for /tmp/gemma4_31b_full_model_tensor_cache/layer_1/layer_1/input_layernorm/weight_dtype_BFLOAT16_layout_ROW_MAJOR.tensorbin of shape Shape([1, 1, 168, 32])
2026-07-15 06:33:18.548 | DEBUG    | core:as_tensor:724 - Loaded cache for /tmp/gemma4_31b_full_model_tensor_cache/layer_1/layer_1/post_attention_layernorm/weight_dtype_BFLOAT16_layout_ROW_MAJOR.tensorbin of shape Shape([1, 1, 168, 32])
2026-07-15 06:33:18.548 | DEBUG    | core:as_tensor:724 - Loaded cache for /tmp/gemma4_31b_full_model_tensor_cache/layer_1/layer_1/pre_feedforward_layernorm/weight_dtype_BFLOAT16_layout_ROW_MAJOR.tensorbin of shape Shape([1, 1, 168, 32])
2026-07-15 06:33:18.548 | DEBUG    | core:as_tensor:724 - Loaded cache for /tmp/gemma4_31b_full_model_tensor_cache/layer_1/layer_1/post_feedforward_layernorm/weight_dtype_BFLOAT16_layout_ROW_MAJOR.tensorbin of shape Shape([1, 1, 168, 32])
2026-07-15 06:33:18.651 | DEBUG    | core:as_tensor:724 - Loaded cache for /tmp/gemma4_31b_full_model_tensor_cache/layer_1/layer_1/self_attn/wqkv_tp4_bfp8_dtype_BFLOAT8_B_layout_TILE.tensorbin of shape Shape([1, 1, 5376, 4096])
2026-07-15 06:33:18.661 | DEBUG    | core:as_tensor:724 - Loaded cache for /tmp/gemma4_31b_full_model_tensor_cache/layer_1/layer_1/self_attn/o_proj_tp4_bfp8_dtype_BFLOAT8_B_layout_TILE.tensorbin of shape Shape([1, 1, 2048, 5376])
2026-07-15 06:33:18.661 | DEBUG    | core:as_tensor:724 - Loaded cache for /tmp/gemma4_31b_full_model_tensor_cache/layer_1/layer_1/self_attn/q_norm.weight_tp4_dtype_BFLOAT16_layout_ROW_MAJOR.tensorbin of shape Shape([1, 1, 8, 32])
2026-07-15 06:33:18.662 | DEBUG    | core:as_tensor:724 - Loaded cache for /tmp/gemma4_31b_full_model_tensor_cache/layer_1/layer_1/self_attn/k_norm.weight_tp4_dtype_BFLOAT16_layout_ROW_MAJOR.tensorbin of shape Shape([1, 1, 8, 32])
2026-07-15 06:33:18.706 | DEBUG    | core:as_tensor:724 - Loaded cache for /tmp/gemma4_31b_full_model_tensor_cache/layer_1/layer_1/mlp/gate_proj.weight_tp4_bfp8_dtype_BFLOAT8_B_layout_TILE.tensorbin of shape Shape([1, 1, 5376, 5376])
2026-07-15 06:33:18.725 | DEBUG    | core:as_tensor:724 - Loaded cache for /tmp/gemma4_31b_full_model_tensor_cache/layer_1/layer_1/mlp/up_proj.weight_tp4_bfp8_dtype_BFLOAT8_B_layout_TILE.tensorbin of shape Shape([1, 1, 5376, 5376])
2026-07-15 06:33:18.742 | DEBUG    | core:as_tensor:724 - Loaded cache for /tmp/gemma4_31b_full_model_tensor_cache/layer_1/layer_1/mlp/down_proj.weight_tp4_bfp8_dtype_BFLOAT8_B_layout_TILE.tensorbin of shape Shape([1, 1, 5376, 5376])
2026-07-15 06:33:38.833 | DEBUG    | core:as_tensor:724 - Loaded cache for /tmp/gemma4_31b_full_model_tensor_cache/layer_2/layer_2/input_layernorm/weight_dtype_BFLOAT16_layout_ROW_MAJOR.tensorbin of shape Shape([1, 1, 168, 32])
2026-07-15 06:33:38.834 | DEBUG    | core:as_tensor:724 - Loaded cache for /tmp/gemma4_31b_full_model_tensor_cache/layer_2/layer_2/post_attention_layernorm/weight_dtype_BFLOAT16_layout_ROW_MAJOR.tensorbin of shape Shape([1, 1, 168, 32])
2026-07-15 06:33:38.834 | DEBUG    | core:as_tensor:724 - Loaded cache for /tmp/gemma4_31b_full_model_tensor_cache/layer_2/layer_2/pre_feedforward_layernorm/weight_dtype_BFLOAT16_layout_ROW_MAJOR.tensorbin of shape Shape([1, 1, 168, 32])
2026-07-15 06:33:38.834 | DEBUG    | core:as_tensor:724 - Loaded cache for /tmp/gemma4_31b_full_model_tensor_cache/layer_2/layer_2/post_feedforward_layernorm/weight_dtype_BFLOAT16_layout_ROW_MAJOR.tensorbin of shape Shape([1, 1, 168, 32])
2026-07-15 06:33:38.927 | DEBUG    | core:as_tensor:724 - Loaded cache for /tmp/gemma4_31b_full_model_tensor_cache/layer_2/layer_2/self_attn/wqkv_tp4_bfp8_dtype_BFLOAT8_B_layout_TILE.tensorbin of shape Shape([1, 1, 5376, 4096])
2026-07-15 06:33:38.936 | DEBUG    | core:as_tensor:724 - Loaded cache for /tmp/gemma4_31b_full_model_tensor_cache/layer_2/layer_2/self_attn/o_proj_tp4_bfp8_dtype_BFLOAT8_B_layout_TILE.tensorbin of shape Shape([1, 1, 2048, 5376])
2026-07-15 06:33:38.937 | DEBUG    | core:as_tensor:724 - Loaded cache for /tmp/gemma4_31b_full_model_tensor_cache/layer_2/layer_2/self_attn/q_norm.weight_tp4_dtype_BFLOAT16_layout_ROW_MAJOR.tensorbin of shape Shape([1, 1, 8, 32])
2026-07-15 06:33:38.937 | DEBUG    | core:as_tensor:724 - Loaded cache for /tmp/gemma4_31b_full_model_tensor_cache/layer_2/layer_2/self_attn/k_norm.weight_tp4_dtype_BFLOAT16_layout_ROW_MAJOR.tensorbin of shape Shape([1, 1, 8, 32])
2026-07-15 06:33:38.981 | DEBUG    | core:as_tensor:724 - Loaded cache for /tmp/gemma4_31b_full_model_tensor_cache/layer_2/layer_2/mlp/gate_proj.weight_tp4_bfp8_dtype_BFLOAT8_B_layout_TILE.tensorbin of shape Shape([1, 1, 5376, 5376])
2026-07-15 06:33:38.997 | DEBUG    | core:as_tensor:724 - Loaded cache for /tmp/gemma4_31b_full_model_tensor_cache/layer_2/layer_2/mlp/up_proj.weight_tp4_bfp8_dtype_BFLOAT8_B_layout_TILE.tensorbin of shape Shape([1, 1, 5376, 5376])
2026-07-15 06:33:39.012 | DEBUG    | core:as_tensor:724 - Loaded cache for /tmp/gemma4_31b_full_model_tensor_cache/layer_2/layer_2/mlp/down_proj.weight_tp4_bfp8_dtype_BFLOAT8_B_layout_TILE.tensorbin of shape Shape([1, 1, 5376, 5376])
2026-07-15 06:33:59.164 | DEBUG    | core:as_tensor:724 - Loaded cache for /tmp/gemma4_31b_full_model_tensor_cache/layer_3/layer_3/input_layernorm/weight_dtype_BFLOAT16_layout_ROW_MAJOR.tensorbin of shape Shape([1, 1, 168, 32])
2026-07-15 06:33:59.164 | DEBUG    | core:as_tensor:724 - Loaded cache for /tmp/gemma4_31b_full_model_tensor_cache/layer_3/layer_3/post_attention_layernorm/weight_dtype_BFLOAT16_layout_ROW_MAJOR.tensorbin of shape Shape([1, 1, 168, 32])
2026-07-15 06:33:59.165 | DEBUG    | core:as_tensor:724 - Loaded cache for /tmp/gemma4_31b_full_model_tensor_cache/layer_3/layer_3/pre_feedforward_layernorm/weight_dtype_BFLOAT16_layout_ROW_MAJOR.tensorbin of shape Shape([1, 1, 168, 32])
2026-07-15 06:33:59.165 | DEBUG    | core:as_tensor:724 - Loaded cache for /tmp/gemma4_31b_full_model_tensor_cache/layer_3/layer_3/post_feedforward_layernorm/weight_dtype_BFLOAT16_layout_ROW_MAJOR.tensorbin of shape Shape([1, 1, 168, 32])
2026-07-15 06:33:59.257 | DEBUG    | core:as_tensor:724 - Loaded cache for /tmp/gemma4_31b_full_model_tensor_cache/layer_3/layer_3/self_attn/wqkv_tp4_bfp8_dtype_BFLOAT8_B_layout_TILE.tensorbin of shape Shape([1, 1, 5376, 4096])
2026-07-15 06:33:59.266 | DEBUG    | core:as_tensor:724 - Loaded cache for /tmp/gemma4_31b_full_model_tensor_cache/layer_3/layer_3/self_attn/o_proj_tp4_bfp8_dtype_BFLOAT8_B_layout_TILE.tensorbin of shape Shape([1, 1, 2048, 5376])
2026-07-15 06:33:59.267 | DEBUG    | core:as_tensor:724 - Loaded cache for /tmp/gemma4_31b_full_model_tensor_cache/layer_3/layer_3/self_attn/q_norm.weight_tp4_dtype_BFLOAT16_layout_ROW_MAJOR.tensorbin of shape Shape([1, 1, 8, 32])
2026-07-15 06:33:59.267 | DEBUG    | core:as_tensor:724 - Loaded cache for /tmp/gemma4_31b_full_model_tensor_cache/layer_3/layer_3/self_attn/k_norm.weight_tp4_dtype_BFLOAT16_layout_ROW_MAJOR.tensorbin of shape Shape([1, 1, 8, 32])
2026-07-15 06:33:59.308 | DEBUG    | core:as_tensor:724 - Loaded cache for /tmp/gemma4_31b_full_model_tensor_cache/layer_3/layer_3/mlp/gate_proj.weight_tp4_bfp8_dtype_BFLOAT8_B_layout_TILE.tensorbin of shape Shape([1, 1, 5376, 5376])
2026-07-15 06:33:59.324 | DEBUG    | core:as_tensor:724 - Loaded cache for /tmp/gemma4_31b_full_model_tensor_cache/layer_3/layer_3/mlp/up_proj.weight_tp4_bfp8_dtype_BFLOAT8_B_layout_TILE.tensorbin of shape Shape([1, 1, 5376, 5376])
2026-07-15 06:33:59.339 | DEBUG    | core:as_tensor:724 - Loaded cache for /tmp/gemma4_31b_full_model_tensor_cache/layer_3/layer_3/mlp/down_proj.weight_tp4_bfp8_dtype_BFLOAT8_B_layout_TILE.tensorbin of shape Shape([1, 1, 5376, 5376])
2026-07-15 06:34:19.295 | DEBUG    | core:as_tensor:724 - Loaded cache for /tmp/gemma4_31b_full_model_tensor_cache/layer_4/layer_4/input_layernorm/weight_dtype_BFLOAT16_layout_ROW_MAJOR.tensorbin of shape Shape([1, 1, 168, 32])
2026-07-15 06:34:19.296 | DEBUG    | core:as_tensor:724 - Loaded cache for /tmp/gemma4_31b_full_model_tensor_cache/layer_4/layer_4/post_attention_layernorm/weight_dtype_BFLOAT16_layout_ROW_MAJOR.tensorbin of shape Shape([1, 1, 168, 32])
2026-07-15 06:34:19.296 | DEBUG    | core:as_tensor:724 - Loaded cache for /tmp/gemma4_31b_full_model_tensor_cache/layer_4/layer_4/pre_feedforward_layernorm/weight_dtype_BFLOAT16_layout_ROW_MAJOR.tensorbin of shape Shape([1, 1, 168, 32])
2026-07-15 06:34:19.296 | DEBUG    | core:as_tensor:724 - Loaded cache for /tmp/gemma4_31b_full_model_tensor_cache/layer_4/layer_4/post_feedforward_layernorm/weight_dtype_BFLOAT16_layout_ROW_MAJOR.tensorbin of shape Shape([1, 1, 168, 32])
2026-07-15 06:34:19.390 | DEBUG    | core:as_tensor:724 - Loaded cache for /tmp/gemma4_31b_full_model_tensor_cache/layer_4/layer_4/self_attn/wqkv_tp4_bfp8_dtype_BFLOAT8_B_layout_TILE.tensorbin of shape Shape([1, 1, 5376, 4096])
2026-07-15 06:34:19.399 | DEBUG    | core:as_tensor:724 - Loaded cache for /tmp/gemma4_31b_full_model_tensor_cache/layer_4/layer_4/self_attn/o_proj_tp4_bfp8_dtype_BFLOAT8_B_layout_TILE.tensorbin of shape Shape([1, 1, 2048, 5376])
2026-07-15 06:34:19.399 | DEBUG    | core:as_tensor:724 - Loaded cache for /tmp/gemma4_31b_full_model_tensor_cache/layer_4/layer_4/self_attn/q_norm.weight_tp4_dtype_BFLOAT16_layout_ROW_MAJOR.tensorbin of shape Shape([1, 1, 8, 32])
2026-07-15 06:34:19.400 | DEBUG    | core:as_tensor:724 - Loaded cache for /tmp/gemma4_31b_full_model_tensor_cache/layer_4/layer_4/self_attn/k_norm.weight_tp4_dtype_BFLOAT16_layout_ROW_MAJOR.tensorbin of shape Shape([1, 1, 8, 32])
2026-07-15 06:34:19.444 | DEBUG    | core:as_tensor:724 - Loaded cache for /tmp/gemma4_31b_full_model_tensor_cache/layer_4/layer_4/mlp/gate_proj.weight_tp4_bfp8_dtype_BFLOAT8_B_layout_TILE.tensorbin of shape Shape([1, 1, 5376, 5376])
2026-07-15 06:34:19.459 | DEBUG    | core:as_tensor:724 - Loaded cache for /tmp/gemma4_31b_full_model_tensor_cache/layer_4/layer_4/mlp/up_proj.weight_tp4_bfp8_dtype_BFLOAT8_B_layout_TILE.tensorbin of shape Shape([1, 1, 5376, 5376])
2026-07-15 06:34:19.475 | DEBUG    | core:as_tensor:724 - Loaded cache for /tmp/gemma4_31b_full_model_tensor_cache/layer_4/layer_4/mlp/down_proj.weight_tp4_bfp8_dtype_BFLOAT8_B_layout_TILE.tensorbin of shape Shape([1, 1, 5376, 5376])
2026-07-15 06:34:39.491 | DEBUG    | core:as_tensor:724 - Loaded cache for /tmp/gemma4_31b_full_model_tensor_cache/layer_5/layer_5/input_layernorm/weight_dtype_BFLOAT16_layout_ROW_MAJOR.tensorbin of shape Shape([1, 1, 168, 32])
2026-07-15 06:34:39.491 | DEBUG    | core:as_tensor:724 - Loaded cache for /tmp/gemma4_31b_full_model_tensor_cache/layer_5/layer_5/post_attention_layernorm/weight_dtype_BFLOAT16_layout_ROW_MAJOR.tensorbin of shape Shape([1, 1, 168, 32])
2026-07-15 06:34:39.492 | DEBUG    | core:as_tensor:724 - Loaded cache for /tmp/gemma4_31b_full_model_tensor_cache/layer_5/layer_5/pre_feedforward_layernorm/weight_dtype_BFLOAT16_layout_ROW_MAJOR.tensorbin of shape Shape([1, 1, 168, 32])
2026-07-15 06:34:39.492 | DEBUG    | core:as_tensor:724 - Loaded cache for /tmp/gemma4_31b_full_model_tensor_cache/layer_5/layer_5/post_feedforward_layernorm/weight_dtype_BFLOAT16_layout_ROW_MAJOR.tensorbin of shape Shape([1, 1, 168, 32])
2026-07-15 06:34:39.609 | DEBUG    | core:as_tensor:724 - Loaded cache for /tmp/gemma4_31b_full_model_tensor_cache/layer_5/layer_5/self_attn/wqkv_tp4_bfp8_dtype_BFLOAT8_B_layout_TILE.tensorbin of shape Shape([1, 1, 5376, 5120])
2026-07-15 06:34:39.625 | DEBUG    | core:as_tensor:724 - Loaded cache for /tmp/gemma4_31b_full_model_tensor_cache/layer_5/layer_5/self_attn/o_proj_tp4_bfp8_dtype_BFLOAT8_B_layout_TILE.tensorbin of shape Shape([1, 1, 4096, 5376])
2026-07-15 06:34:39.626 | DEBUG    | core:as_tensor:724 - Loaded cache for /tmp/gemma4_31b_full_model_tensor_cache/layer_5/layer_5/self_attn/q_norm.weight_tp4_dtype_BFLOAT16_layout_ROW_MAJOR.tensorbin of shape Shape([1, 1, 16, 32])
2026-07-15 06:34:39.626 | DEBUG    | core:as_tensor:724 - Loaded cache for /tmp/gemma4_31b_full_model_tensor_cache/layer_5/layer_5/self_attn/k_norm.weight_tp4_dtype_BFLOAT16_layout_ROW_MAJOR.tensorbin of shape Shape([1, 1, 16, 32])
2026-07-15 06:34:39.680 | DEBUG    | core:as_tensor:724 - Loaded cache for /tmp/gemma4_31b_full_model_tensor_cache/layer_5/layer_5/mlp/gate_proj.weight_tp4_bfp8_dtype_BFLOAT8_B_layout_TILE.tensorbin of shape Shape([1, 1, 5376, 5376])
2026-07-15 06:34:39.699 | DEBUG    | core:as_tensor:724 - Loaded cache for /tmp/gemma4_31b_full_model_tensor_cache/layer_5/layer_5/mlp/up_proj.weight_tp4_bfp8_dtype_BFLOAT8_B_layout_TILE.tensorbin of shape Shape([1, 1, 5376, 5376])
2026-07-15 06:34:39.719 | DEBUG    | core:as_tensor:724 - Loaded cache for /tmp/gemma4_31b_full_model_tensor_cache/layer_5/layer_5/mlp/down_proj.weight_tp4_bfp8_dtype_BFLOAT8_B_layout_TILE.tensorbin of shape Shape([1, 1, 5376, 5376])
2026-07-15 06:35:01.209 | DEBUG    | core:as_tensor:724 - Loaded cache for /tmp/gemma4_31b_full_model_tensor_cache/layer_6/layer_6/input_layernorm/weight_dtype_BFLOAT16_layout_ROW_MAJOR.tensorbin of shape Shape([1, 1, 168, 32])
2026-07-15 06:35:01.210 | DEBUG    | core:as_tensor:724 - Loaded cache for /tmp/gemma4_31b_full_model_tensor_cache/layer_6/layer_6/post_attention_layernorm/weight_dtype_BFLOAT16_layout_ROW_MAJOR.tensorbin of shape Shape([1, 1, 168, 32])
2026-07-15 06:35:01.210 | DEBUG    | core:as_tensor:724 - Loaded cache for /tmp/gemma4_31b_full_model_tensor_cache/layer_6/layer_6/pre_feedforward_layernorm/weight_dtype_BFLOAT16_layout_ROW_MAJOR.tensorbin of shape Shape([1, 1, 168, 32])
2026-07-15 06:35:01.210 | DEBUG    | core:as_tensor:724 - Loaded cache for /tmp/gemma4_31b_full_model_tensor_cache/layer_6/layer_6/post_feedforward_layernorm/weight_dtype_BFLOAT16_layout_ROW_MAJOR.tensorbin of shape Shape([1, 1, 168, 32])
2026-07-15 06:35:01.312 | DEBUG    | core:as_tensor:724 - Loaded cache for /tmp/gemma4_31b_full_model_tensor_cache/layer_6/layer_6/self_attn/wqkv_tp4_bfp8_dtype_BFLOAT8_B_layout_TILE.tensorbin of shape Shape([1, 1, 5376, 4096])
2026-07-15 06:35:01.321 | DEBUG    | core:as_tensor:724 - Loaded cache for /tmp/gemma4_31b_full_model_tensor_cache/layer_6/layer_6/self_attn/o_proj_tp4_bfp8_dtype_BFLOAT8_B_layout_TILE.tensorbin of shape Shape([1, 1, 2048, 5376])
2026-07-15 06:35:01.322 | DEBUG    | core:as_tensor:724 - Loaded cache for /tmp/gemma4_31b_full_model_tensor_cache/layer_6/layer_6/self_attn/q_norm.weight_tp4_dtype_BFLOAT16_layout_ROW_MAJOR.tensorbin of shape Shape([1, 1, 8, 32])
2026-07-15 06:35:01.322 | DEBUG    | core:as_tensor:724 - Loaded cache for /tmp/gemma4_31b_full_model_tensor_cache/layer_6/layer_6/self_attn/k_norm.weight_tp4_dtype_BFLOAT16_layout_ROW_MAJOR.tensorbin of shape Shape([1, 1, 8, 32])
2026-07-15 06:35:01.365 | DEBUG    | core:as_tensor:724 - Loaded cache for /tmp/gemma4_31b_full_model_tensor_cache/layer_6/layer_6/mlp/gate_proj.weight_tp4_bfp8_dtype_BFLOAT8_B_layout_TILE.tensorbin of shape Shape([1, 1, 5376, 5376])
2026-07-15 06:35:01.381 | DEBUG    | core:as_tensor:724 - Loaded cache for /tmp/gemma4_31b_full_model_tensor_cache/layer_6/layer_6/mlp/up_proj.weight_tp4_bfp8_dtype_BFLOAT8_B_layout_TILE.tensorbin of shape Shape([1, 1, 5376, 5376])
2026-07-15 06:35:01.397 | DEBUG    | core:as_tensor:724 - Loaded cache for /tmp/gemma4_31b_full_model_tensor_cache/layer_6/layer_6/mlp/down_proj.weight_tp4_bfp8_dtype_BFLOAT8_B_layout_TILE.tensorbin of shape Shape([1, 1, 5376, 5376])
2026-07-15 06:35:21.349 | DEBUG    | core:as_tensor:724 - Loaded cache for /tmp/gemma4_31b_full_model_tensor_cache/layer_7/layer_7/input_layernorm/weight_dtype_BFLOAT16_layout_ROW_MAJOR.tensorbin of shape Shape([1, 1, 168, 32])
2026-07-15 06:35:21.349 | DEBUG    | core:as_tensor:724 - Loaded cache for /tmp/gemma4_31b_full_model_tensor_cache/layer_7/layer_7/post_attention_layernorm/weight_dtype_BFLOAT16_layout_ROW_MAJOR.tensorbin of shape Shape([1, 1, 168, 32])
2026-07-15 06:35:21.350 | DEBUG    | core:as_tensor:724 - Loaded cache for /tmp/gemma4_31b_full_model_tensor_cache/layer_7/layer_7/pre_feedforward_layernorm/weight_dtype_BFLOAT16_layout_ROW_MAJOR.tensorbin of shape Shape([1, 1, 168, 32])
2026-07-15 06:35:21.350 | DEBUG    | core:as_tensor:724 - Loaded cache for /tmp/gemma4_31b_full_model_tensor_cache/layer_7/layer_7/post_feedforward_layernorm/weight_dtype_BFLOAT16_layout_ROW_MAJOR.tensorbin of shape Shape([1, 1, 168, 32])
2026-07-15 06:35:21.443 | DEBUG    | core:as_tensor:724 - Loaded cache for /tmp/gemma4_31b_full_model_tensor_cache/layer_7/layer_7/self_attn/wqkv_tp4_bfp8_dtype_BFLOAT8_B_layout_TILE.tensorbin of shape Shape([1, 1, 5376, 4096])
2026-07-15 06:35:21.452 | DEBUG    | core:as_tensor:724 - Loaded cache for /tmp/gemma4_31b_full_model_tensor_cache/layer_7/layer_7/self_attn/o_proj_tp4_bfp8_dtype_BFLOAT8_B_layout_TILE.tensorbin of shape Shape([1, 1, 2048, 5376])
2026-07-15 06:35:21.453 | DEBUG    | core:as_tensor:724 - Loaded cache for /tmp/gemma4_31b_full_model_tensor_cache/layer_7/layer_7/self_attn/q_norm.weight_tp4_dtype_BFLOAT16_layout_ROW_MAJOR.tensorbin of shape Shape([1, 1, 8, 32])
2026-07-15 06:35:21.453 | DEBUG    | core:as_tensor:724 - Loaded cache for /tmp/gemma4_31b_full_model_tensor_cache/layer_7/layer_7/self_attn/k_norm.weight_tp4_dtype_BFLOAT16_layout_ROW_MAJOR.tensorbin of shape Shape([1, 1, 8, 32])
2026-07-15 06:35:21.497 | DEBUG    | core:as_tensor:724 - Loaded cache for /tmp/gemma4_31b_full_model_tensor_cache/layer_7/layer_7/mlp/gate_proj.weight_tp4_bfp8_dtype_BFLOAT8_B_layout_TILE.tensorbin of shape Shape([1, 1, 5376, 5376])
2026-07-15 06:35:21.513 | DEBUG    | core:as_tensor:724 - Loaded cache for /tmp/gemma4_31b_full_model_tensor_cache/layer_7/layer_7/mlp/up_proj.weight_tp4_bfp8_dtype_BFLOAT8_B_layout_TILE.tensorbin of shape Shape([1, 1, 5376, 5376])
2026-07-15 06:35:21.528 | DEBUG    | core:as_tensor:724 - Loaded cache for /tmp/gemma4_31b_full_model_tensor_cache/layer_7/layer_7/mlp/down_proj.weight_tp4_bfp8_dtype_BFLOAT8_B_layout_TILE.tensorbin of shape Shape([1, 1, 5376, 5376])
2026-07-15 06:35:41.561 | DEBUG    | core:as_tensor:724 - Loaded cache for /tmp/gemma4_31b_full_model_tensor_cache/layer_8/layer_8/input_layernorm/weight_dtype_BFLOAT16_layout_ROW_MAJOR.tensorbin of shape Shape([1, 1, 168, 32])
2026-07-15 06:35:41.561 | DEBUG    | core:as_tensor:724 - Loaded cache for /tmp/gemma4_31b_full_model_tensor_cache/layer_8/layer_8/post_attention_layernorm/weight_dtype_BFLOAT16_layout_ROW_MAJOR.tensorbin of shape Shape([1, 1, 168, 32])
2026-07-15 06:35:41.561 | DEBUG    | core:as_tensor:724 - Loaded cache for /tmp/gemma4_31b_full_model_tensor_cache/layer_8/layer_8/pre_feedforward_layernorm/weight_dtype_BFLOAT16_layout_ROW_MAJOR.tensorbin of shape Shape([1, 1, 168, 32])
2026-07-15 06:35:41.562 | DEBUG    | core:as_tensor:724 - Loaded cache for /tmp/gemma4_31b_full_model_tensor_cache/layer_8/layer_8/post_feedforward_layernorm/weight_dtype_BFLOAT16_layout_ROW_MAJOR.tensorbin of shape Shape([1, 1, 168, 32])
2026-07-15 06:35:41.654 | DEBUG    | core:as_tensor:724 - Loaded cache for /tmp/gemma4_31b_full_model_tensor_cache/layer_8/layer_8/self_attn/wqkv_tp4_bfp8_dtype_BFLOAT8_B_layout_TILE.tensorbin of shape Shape([1, 1, 5376, 4096])
2026-07-15 06:35:41.663 | DEBUG    | core:as_tensor:724 - Loaded cache for /tmp/gemma4_31b_full_model_tensor_cache/layer_8/layer_8/self_attn/o_proj_tp4_bfp8_dtype_BFLOAT8_B_layout_TILE.tensorbin of shape Shape([1, 1, 2048, 5376])
2026-07-15 06:35:41.663 | DEBUG    | core:as_tensor:724 - Loaded cache for /tmp/gemma4_31b_full_model_tensor_cache/layer_8/layer_8/self_attn/q_norm.weight_tp4_dtype_BFLOAT16_layout_ROW_MAJOR.tensorbin of shape Shape([1, 1, 8, 32])
2026-07-15 06:35:41.664 | DEBUG    | core:as_tensor:724 - Loaded cache for /tmp/gemma4_31b_full_model_tensor_cache/layer_8/layer_8/self_attn/k_norm.weight_tp4_dtype_BFLOAT16_layout_ROW_MAJOR.tensorbin of shape Shape([1, 1, 8, 32])
2026-07-15 06:35:41.705 | DEBUG    | core:as_tensor:724 - Loaded cache for /tmp/gemma4_31b_full_model_tensor_cache/layer_8/layer_8/mlp/gate_proj.weight_tp4_bfp8_dtype_BFLOAT8_B_layout_TILE.tensorbin of shape Shape([1, 1, 5376, 5376])
2026-07-15 06:35:41.720 | DEBUG    | core:as_tensor:724 - Loaded cache for /tmp/gemma4_31b_full_model_tensor_cache/layer_8/layer_8/mlp/up_proj.weight_tp4_bfp8_dtype_BFLOAT8_B_layout_TILE.tensorbin of shape Shape([1, 1, 5376, 5376])
2026-07-15 06:35:41.736 | DEBUG    | core:as_tensor:724 - Loaded cache for /tmp/gemma4_31b_full_model_tensor_cache/layer_8/layer_8/mlp/down_proj.weight_tp4_bfp8_dtype_BFLOAT8_B_layout_TILE.tensorbin of shape Shape([1, 1, 5376, 5376])
2026-07-15 06:36:01.723 | DEBUG    | core:as_tensor:724 - Loaded cache for /tmp/gemma4_31b_full_model_tensor_cache/layer_9/layer_9/input_layernorm/weight_dtype_BFLOAT16_layout_ROW_MAJOR.tensorbin of shape Shape([1, 1, 168, 32])
2026-07-15 06:36:01.723 | DEBUG    | core:as_tensor:724 - Loaded cache for /tmp/gemma4_31b_full_model_tensor_cache/layer_9/layer_9/post_attention_layernorm/weight_dtype_BFLOAT16_layout_ROW_MAJOR.tensorbin of shape Shape([1, 1, 168, 32])
2026-07-15 06:36:01.724 | DEBUG    | core:as_tensor:724 - Loaded cache for /tmp/gemma4_31b_full_model_tensor_cache/layer_9/layer_9/pre_feedforward_layernorm/weight_dtype_BFLOAT16_layout_ROW_MAJOR.tensorbin of shape Shape([1, 1, 168, 32])
2026-07-15 06:36:01.724 | DEBUG    | core:as_tensor:724 - Loaded cache for /tmp/gemma4_31b_full_model_tensor_cache/layer_9/layer_9/post_feedforward_layernorm/weight_dtype_BFLOAT16_layout_ROW_MAJOR.tensorbin of shape Shape([1, 1, 168, 32])
2026-07-15 06:36:01.820 | DEBUG    | core:as_tensor:724 - Loaded cache for /tmp/gemma4_31b_full_model_tensor_cache/layer_9/layer_9/self_attn/wqkv_tp4_bfp8_dtype_BFLOAT8_B_layout_TILE.tensorbin of shape Shape([1, 1, 5376, 4096])
2026-07-15 06:36:01.829 | DEBUG    | core:as_tensor:724 - Loaded cache for /tmp/gemma4_31b_full_model_tensor_cache/layer_9/layer_9/self_attn/o_proj_tp4_bfp8_dtype_BFLOAT8_B_layout_TILE.tensorbin of shape Shape([1, 1, 2048, 5376])
2026-07-15 06:36:01.829 | DEBUG    | core:as_tensor:724 - Loaded cache for /tmp/gemma4_31b_full_model_tensor_cache/layer_9/layer_9/self_attn/q_norm.weight_tp4_dtype_BFLOAT16_layout_ROW_MAJOR.tensorbin of shape Shape([1, 1, 8, 32])
2026-07-15 06:36:01.830 | DEBUG    | core:as_tensor:724 - Loaded cache for /tmp/gemma4_31b_full_model_tensor_cache/layer_9/layer_9/self_attn/k_norm.weight_tp4_dtype_BFLOAT16_layout_ROW_MAJOR.tensorbin of shape Shape([1, 1, 8, 32])
2026-07-15 06:36:01.874 | DEBUG    | core:as_tensor:724 - Loaded cache for /tmp/gemma4_31b_full_model_tensor_cache/layer_9/layer_9/mlp/gate_proj.weight_tp4_bfp8_dtype_BFLOAT8_B_layout_TILE.tensorbin of shape Shape([1, 1, 5376, 5376])
2026-07-15 06:36:01.889 | DEBUG    | core:as_tensor:724 - Loaded cache for /tmp/gemma4_31b_full_model_tensor_cache/layer_9/layer_9/mlp/up_proj.weight_tp4_bfp8_dtype_BFLOAT8_B_layout_TILE.tensorbin of shape Shape([1, 1, 5376, 5376])
2026-07-15 06:36:01.905 | DEBUG    | core:as_tensor:724 - Loaded cache for /tmp/gemma4_31b_full_model_tensor_cache/layer_9/layer_9/mlp/down_proj.weight_tp4_bfp8_dtype_BFLOAT8_B_layout_TILE.tensorbin of shape Shape([1, 1, 5376, 5376])
2026-07-15 06:36:22.071 | DEBUG    | core:as_tensor:724 - Loaded cache for /tmp/gemma4_31b_full_model_tensor_cache/layer_10/layer_10/input_layernorm/weight_dtype_BFLOAT16_layout_ROW_MAJOR.tensorbin of shape Shape([1, 1, 168, 32])
2026-07-15 06:36:22.071 | DEBUG    | core:as_tensor:724 - Loaded cache for /tmp/gemma4_31b_full_model_tensor_cache/layer_10/layer_10/post_attention_layernorm/weight_dtype_BFLOAT16_layout_ROW_MAJOR.tensorbin of shape Shape([1, 1, 168, 32])
2026-07-15 06:36:22.071 | DEBUG    | core:as_tensor:724 - Loaded cache for /tmp/gemma4_31b_full_model_tensor_cache/layer_10/layer_10/pre_feedforward_layernorm/weight_dtype_BFLOAT16_layout_ROW_MAJOR.tensorbin of shape Shape([1, 1, 168, 32])
2026-07-15 06:36:22.072 | DEBUG    | core:as_tensor:724 - Loaded cache for /tmp/gemma4_31b_full_model_tensor_cache/layer_10/layer_10/post_feedforward_layernorm/weight_dtype_BFLOAT16_layout_ROW_MAJOR.tensorbin of shape Shape([1, 1, 168, 32])
2026-07-15 06:36:22.171 | DEBUG    | core:as_tensor:724 - Loaded cache for /tmp/gemma4_31b_full_model_tensor_cache/layer_10/layer_10/self_attn/wqkv_tp4_bfp8_dtype_BFLOAT8_B_layout_TILE.tensorbin of shape Shape([1, 1, 5376, 4096])
2026-07-15 06:36:22.180 | DEBUG    | core:as_tensor:724 - Loaded cache for /tmp/gemma4_31b_full_model_tensor_cache/layer_10/layer_10/self_attn/o_proj_tp4_bfp8_dtype_BFLOAT8_B_layout_TILE.tensorbin of shape Shape([1, 1, 2048, 5376])
2026-07-15 06:36:22.180 | DEBUG    | core:as_tensor:724 - Loaded cache for /tmp/gemma4_31b_full_model_tensor_cache/layer_10/layer_10/self_attn/q_norm.weight_tp4_dtype_BFLOAT16_layout_ROW_MAJOR.tensorbin of shape Shape([1, 1, 8, 32])
2026-07-15 06:36:22.181 | DEBUG    | core:as_tensor:724 - Loaded cache for /tmp/gemma4_31b_full_model_tensor_cache/layer_10/layer_10/self_attn/k_norm.weight_tp4_dtype_BFLOAT16_layout_ROW_MAJOR.tensorbin of shape Shape([1, 1, 8, 32])
2026-07-15 06:36:22.222 | DEBUG    | core:as_tensor:724 - Loaded cache for /tmp/gemma4_31b_full_model_tensor_cache/layer_10/layer_10/mlp/gate_proj.weight_tp4_bfp8_dtype_BFLOAT8_B_layout_TILE.tensorbin of shape Shape([1, 1, 5376, 5376])
2026-07-15 06:36:22.238 | DEBUG    | core:as_tensor:724 - Loaded cache for /tmp/gemma4_31b_full_model_tensor_cache/layer_10/layer_10/mlp/up_proj.weight_tp4_bfp8_dtype_BFLOAT8_B_layout_TILE.tensorbin of shape Shape([1, 1, 5376, 5376])
2026-07-15 06:36:22.253 | DEBUG    | core:as_tensor:724 - Loaded cache for /tmp/gemma4_31b_full_model_tensor_cache/layer_10/layer_10/mlp/down_proj.weight_tp4_bfp8_dtype_BFLOAT8_B_layout_TILE.tensorbin of shape Shape([1, 1, 5376, 5376])
2026-07-15 06:36:42.278 | DEBUG    | core:as_tensor:724 - Loaded cache for /tmp/gemma4_31b_full_model_tensor_cache/layer_11/layer_11/input_layernorm/weight_dtype_BFLOAT16_layout_ROW_MAJOR.tensorbin of shape Shape([1, 1, 168, 32])
2026-07-15 06:36:42.278 | DEBUG    | core:as_tensor:724 - Loaded cache for /tmp/gemma4_31b_full_model_tensor_cache/layer_11/layer_11/post_attention_layernorm/weight_dtype_BFLOAT16_layout_ROW_MAJOR.tensorbin of shape Shape([1, 1, 168, 32])
2026-07-15 06:36:42.279 | DEBUG    | core:as_tensor:724 - Loaded cache for /tmp/gemma4_31b_full_model_tensor_cache/layer_11/layer_11/pre_feedforward_layernorm/weight_dtype_BFLOAT16_layout_ROW_MAJOR.tensorbin of shape Shape([1, 1, 168, 32])
2026-07-15 06:36:42.279 | DEBUG    | core:as_tensor:724 - Loaded cache for /tmp/gemma4_31b_full_model_tensor_cache/layer_11/layer_11/post_feedforward_layernorm/weight_dtype_BFLOAT16_layout_ROW_MAJOR.tensorbin of shape Shape([1, 1, 168, 32])
2026-07-15 06:36:42.406 | DEBUG    | core:as_tensor:724 - Loaded cache for /tmp/gemma4_31b_full_model_tensor_cache/layer_11/layer_11/self_attn/wqkv_tp4_bfp8_dtype_BFLOAT8_B_layout_TILE.tensorbin of shape Shape([1, 1, 5376, 5120])
2026-07-15 06:36:42.419 | DEBUG    | core:as_tensor:724 - Loaded cache for /tmp/gemma4_31b_full_model_tensor_cache/layer_11/layer_11/self_attn/o_proj_tp4_bfp8_dtype_BFLOAT8_B_layout_TILE.tensorbin of shape Shape([1, 1, 4096, 5376])
2026-07-15 06:36:42.419 | DEBUG    | core:as_tensor:724 - Loaded cache for /tmp/gemma4_31b_full_model_tensor_cache/layer_11/layer_11/self_attn/q_norm.weight_tp4_dtype_BFLOAT16_layout_ROW_MAJOR.tensorbin of shape Shape([1, 1, 16, 32])
2026-07-15 06:36:42.419 | DEBUG    | core:as_tensor:724 - Loaded cache for /tmp/gemma4_31b_full_model_tensor_cache/layer_11/layer_11/self_attn/k_norm.weight_tp4_dtype_BFLOAT16_layout_ROW_MAJOR.tensorbin of shape Shape([1, 1, 16, 32])
2026-07-15 06:36:42.473 | DEBUG    | core:as_tensor:724 - Loaded cache for /tmp/gemma4_31b_full_model_tensor_cache/layer_11/layer_11/mlp/gate_proj.weight_tp4_bfp8_dtype_BFLOAT8_B_layout_TILE.tensorbin of shape Shape([1, 1, 5376, 5376])
2026-07-15 06:36:42.489 | DEBUG    | core:as_tensor:724 - Loaded cache for /tmp/gemma4_31b_full_model_tensor_cache/layer_11/layer_11/mlp/up_proj.weight_tp4_bfp8_dtype_BFLOAT8_B_layout_TILE.tensorbin of shape Shape([1, 1, 5376, 5376])
2026-07-15 06:36:42.506 | DEBUG    | core:as_tensor:724 - Loaded cache for /tmp/gemma4_31b_full_model_tensor_cache/layer_11/layer_11/mlp/down_proj.weight_tp4_bfp8_dtype_BFLOAT8_B_layout_TILE.tensorbin of shape Shape([1, 1, 5376, 5376])
2026-07-15 06:37:03.922 | DEBUG    | core:as_tensor:724 - Loaded cache for /tmp/gemma4_31b_full_model_tensor_cache/layer_12/layer_12/input_layernorm/weight_dtype_BFLOAT16_layout_ROW_MAJOR.tensorbin of shape Shape([1, 1, 168, 32])
2026-07-15 06:37:03.923 | DEBUG    | core:as_tensor:724 - Loaded cache for /tmp/gemma4_31b_full_model_tensor_cache/layer_12/layer_12/post_attention_layernorm/weight_dtype_BFLOAT16_layout_ROW_MAJOR.tensorbin of shape Shape([1, 1, 168, 32])
2026-07-15 06:37:03.923 | DEBUG    | core:as_tensor:724 - Loaded cache for /tmp/gemma4_31b_full_model_tensor_cache/layer_12/layer_12/pre_feedforward_layernorm/weight_dtype_BFLOAT16_layout_ROW_MAJOR.tensorbin of shape Shape([1, 1, 168, 32])
2026-07-15 06:37:03.923 | DEBUG    | core:as_tensor:724 - Loaded cache for /tmp/gemma4_31b_full_model_tensor_cache/layer_12/layer_12/post_feedforward_layernorm/weight_dtype_BFLOAT16_layout_ROW_MAJOR.tensorbin of shape Shape([1, 1, 168, 32])
2026-07-15 06:37:04.022 | DEBUG    | core:as_tensor:724 - Loaded cache for /tmp/gemma4_31b_full_model_tensor_cache/layer_12/layer_12/self_attn/wqkv_tp4_bfp8_dtype_BFLOAT8_B_layout_TILE.tensorbin of shape Shape([1, 1, 5376, 4096])
2026-07-15 06:37:04.032 | DEBUG    | core:as_tensor:724 - Loaded cache for /tmp/gemma4_31b_full_model_tensor_cache/layer_12/layer_12/self_attn/o_proj_tp4_bfp8_dtype_BFLOAT8_B_layout_TILE.tensorbin of shape Shape([1, 1, 2048, 5376])
2026-07-15 06:37:04.032 | DEBUG    | core:as_tensor:724 - Loaded cache for /tmp/gemma4_31b_full_model_tensor_cache/layer_12/layer_12/self_attn/q_norm.weight_tp4_dtype_BFLOAT16_layout_ROW_MAJOR.tensorbin of shape Shape([1, 1, 8, 32])
2026-07-15 06:37:04.033 | DEBUG    | core:as_tensor:724 - Loaded cache for /tmp/gemma4_31b_full_model_tensor_cache/layer_12/layer_12/self_attn/k_norm.weight_tp4_dtype_BFLOAT16_layout_ROW_MAJOR.tensorbin of shape Shape([1, 1, 8, 32])
2026-07-15 06:37:04.075 | DEBUG    | core:as_tensor:724 - Loaded cache for /tmp/gemma4_31b_full_model_tensor_cache/layer_12/layer_12/mlp/gate_proj.weight_tp4_bfp8_dtype_BFLOAT8_B_layout_TILE.tensorbin of shape Shape([1, 1, 5376, 5376])
2026-07-15 06:37:04.090 | DEBUG    | core:as_tensor:724 - Loaded cache for /tmp/gemma4_31b_full_model_tensor_cache/layer_12/layer_12/mlp/up_proj.weight_tp4_bfp8_dtype_BFLOAT8_B_layout_TILE.tensorbin of shape Shape([1, 1, 5376, 5376])
2026-07-15 06:37:04.105 | DEBUG    | core:as_tensor:724 - Loaded cache for /tmp/gemma4_31b_full_model_tensor_cache/layer_12/layer_12/mlp/down_proj.weight_tp4_bfp8_dtype_BFLOAT8_B_layout_TILE.tensorbin of shape Shape([1, 1, 5376, 5376])
2026-07-15 06:37:24.124 | DEBUG    | core:as_tensor:724 - Loaded cache for /tmp/gemma4_31b_full_model_tensor_cache/layer_13/layer_13/input_layernorm/weight_dtype_BFLOAT16_layout_ROW_MAJOR.tensorbin of shape Shape([1, 1, 168, 32])
2026-07-15 06:37:24.131 | DEBUG    | core:as_tensor:724 - Loaded cache for /tmp/gemma4_31b_full_model_tensor_cache/layer_13/layer_13/post_attention_layernorm/weight_dtype_BFLOAT16_layout_ROW_MAJOR.tensorbin of shape Shape([1, 1, 168, 32])
2026-07-15 06:37:24.131 | DEBUG    | core:as_tensor:724 - Loaded cache for /tmp/gemma4_31b_full_model_tensor_cache/layer_13/layer_13/pre_feedforward_layernorm/weight_dtype_BFLOAT16_layout_ROW_MAJOR.tensorbin of shape Shape([1, 1, 168, 32])
2026-07-15 06:37:24.131 | DEBUG    | core:as_tensor:724 - Loaded cache for /tmp/gemma4_31b_full_model_tensor_cache/layer_13/layer_13/post_feedforward_layernorm/weight_dtype_BFLOAT16_layout_ROW_MAJOR.tensorbin of shape Shape([1, 1, 168, 32])
2026-07-15 06:37:24.232 | DEBUG    | core:as_tensor:724 - Loaded cache for /tmp/gemma4_31b_full_model_tensor_cache/layer_13/layer_13/self_attn/wqkv_tp4_bfp8_dtype_BFLOAT8_B_layout_TILE.tensorbin of shape Shape([1, 1, 5376, 4096])
2026-07-15 06:37:24.241 | DEBUG    | core:as_tensor:724 - Loaded cache for /tmp/gemma4_31b_full_model_tensor_cache/layer_13/layer_13/self_attn/o_proj_tp4_bfp8_dtype_BFLOAT8_B_layout_TILE.tensorbin of shape Shape([1, 1, 2048, 5376])
2026-07-15 06:37:24.242 | DEBUG    | core:as_tensor:724 - Loaded cache for /tmp/gemma4_31b_full_model_tensor_cache/layer_13/layer_13/self_attn/q_norm.weight_tp4_dtype_BFLOAT16_layout_ROW_MAJOR.tensorbin of shape Shape([1, 1, 8, 32])
2026-07-15 06:37:24.242 | DEBUG    | core:as_tensor:724 - Loaded cache for /tmp/gemma4_31b_full_model_tensor_cache/layer_13/layer_13/self_attn/k_norm.weight_tp4_dtype_BFLOAT16_layout_ROW_MAJOR.tensorbin of shape Shape([1, 1, 8, 32])
2026-07-15 06:37:24.289 | DEBUG    | core:as_tensor:724 - Loaded cache for /tmp/gemma4_31b_full_model_tensor_cache/layer_13/layer_13/mlp/gate_proj.weight_tp4_bfp8_dtype_BFLOAT8_B_layout_TILE.tensorbin of shape Shape([1, 1, 5376, 5376])
2026-07-15 06:37:24.305 | DEBUG    | core:as_tensor:724 - Loaded cache for /tmp/gemma4_31b_full_model_tensor_cache/layer_13/layer_13/mlp/up_proj.weight_tp4_bfp8_dtype_BFLOAT8_B_layout_TILE.tensorbin of shape Shape([1, 1, 5376, 5376])
2026-07-15 06:37:24.320 | DEBUG    | core:as_tensor:724 - Loaded cache for /tmp/gemma4_31b_full_model_tensor_cache/layer_13/layer_13/mlp/down_proj.weight_tp4_bfp8_dtype_BFLOAT8_B_layout_TILE.tensorbin of shape Shape([1, 1, 5376, 5376])
2026-07-15 06:37:44.393 | DEBUG    | core:as_tensor:724 - Loaded cache for /tmp/gemma4_31b_full_model_tensor_cache/layer_14/layer_14/input_layernorm/weight_dtype_BFLOAT16_layout_ROW_MAJOR.tensorbin of shape Shape([1, 1, 168, 32])
2026-07-15 06:37:44.393 | DEBUG    | core:as_tensor:724 - Loaded cache for /tmp/gemma4_31b_full_model_tensor_cache/layer_14/layer_14/post_attention_layernorm/weight_dtype_BFLOAT16_layout_ROW_MAJOR.tensorbin of shape Shape([1, 1, 168, 32])
2026-07-15 06:37:44.394 | DEBUG    | core:as_tensor:724 - Loaded cache for /tmp/gemma4_31b_full_model_tensor_cache/layer_14/layer_14/pre_feedforward_layernorm/weight_dtype_BFLOAT16_layout_ROW_MAJOR.tensorbin of shape Shape([1, 1, 168, 32])
2026-07-15 06:37:44.394 | DEBUG    | core:as_tensor:724 - Loaded cache for /tmp/gemma4_31b_full_model_tensor_cache/layer_14/layer_14/post_feedforward_layernorm/weight_dtype_BFLOAT16_layout_ROW_MAJOR.tensorbin of shape Shape([1, 1, 168, 32])
2026-07-15 06:37:44.489 | DEBUG    | core:as_tensor:724 - Loaded cache for /tmp/gemma4_31b_full_model_tensor_cache/layer_14/layer_14/self_attn/wqkv_tp4_bfp8_dtype_BFLOAT8_B_layout_TILE.tensorbin of shape Shape([1, 1, 5376, 4096])
2026-07-15 06:37:44.498 | DEBUG    | core:as_tensor:724 - Loaded cache for /tmp/gemma4_31b_full_model_tensor_cache/layer_14/layer_14/self_attn/o_proj_tp4_bfp8_dtype_BFLOAT8_B_layout_TILE.tensorbin of shape Shape([1, 1, 2048, 5376])
2026-07-15 06:37:44.498 | DEBUG    | core:as_tensor:724 - Loaded cache for /tmp/gemma4_31b_full_model_tensor_cache/layer_14/layer_14/self_attn/q_norm.weight_tp4_dtype_BFLOAT16_layout_ROW_MAJOR.tensorbin of shape Shape([1, 1, 8, 32])
2026-07-15 06:37:44.498 | DEBUG    | core:as_tensor:724 - Loaded cache for /tmp/gemma4_31b_full_model_tensor_cache/layer_14/layer_14/self_attn/k_norm.weight_tp4_dtype_BFLOAT16_layout_ROW_MAJOR.tensorbin of shape Shape([1, 1, 8, 32])
2026-07-15 06:37:44.540 | DEBUG    | core:as_tensor:724 - Loaded cache for /tmp/gemma4_31b_full_model_tensor_cache/layer_14/layer_14/mlp/gate_proj.weight_tp4_bfp8_dtype_BFLOAT8_B_layout_TILE.tensorbin of shape Shape([1, 1, 5376, 5376])
2026-07-15 06:37:44.556 | DEBUG    | core:as_tensor:724 - Loaded cache for /tmp/gemma4_31b_full_model_tensor_cache/layer_14/layer_14/mlp/up_proj.weight_tp4_bfp8_dtype_BFLOAT8_B_layout_TILE.tensorbin of shape Shape([1, 1, 5376, 5376])
2026-07-15 06:37:44.571 | DEBUG    | core:as_tensor:724 - Loaded cache for /tmp/gemma4_31b_full_model_tensor_cache/layer_14/layer_14/mlp/down_proj.weight_tp4_bfp8_dtype_BFLOAT8_B_layout_TILE.tensorbin of shape Shape([1, 1, 5376, 5376])
2026-07-15 06:38:04.595 | DEBUG    | core:as_tensor:724 - Loaded cache for /tmp/gemma4_31b_full_model_tensor_cache/layer_15/layer_15/input_layernorm/weight_dtype_BFLOAT16_layout_ROW_MAJOR.tensorbin of shape Shape([1, 1, 168, 32])
2026-07-15 06:38:04.595 | DEBUG    | core:as_tensor:724 - Loaded cache for /tmp/gemma4_31b_full_model_tensor_cache/layer_15/layer_15/post_attention_layernorm/weight_dtype_BFLOAT16_layout_ROW_MAJOR.tensorbin of shape Shape([1, 1, 168, 32])
2026-07-15 06:38:04.596 | DEBUG    | core:as_tensor:724 - Loaded cache for /tmp/gemma4_31b_full_model_tensor_cache/layer_15/layer_15/pre_feedforward_layernorm/weight_dtype_BFLOAT16_layout_ROW_MAJOR.tensorbin of shape Shape([1, 1, 168, 32])
2026-07-15 06:38:04.596 | DEBUG    | core:as_tensor:724 - Loaded cache for /tmp/gemma4_31b_full_model_tensor_cache/layer_15/layer_15/post_feedforward_layernorm/weight_dtype_BFLOAT16_layout_ROW_MAJOR.tensorbin of shape Shape([1, 1, 168, 32])
2026-07-15 06:38:04.696 | DEBUG    | core:as_tensor:724 - Loaded cache for /tmp/gemma4_31b_full_model_tensor_cache/layer_15/layer_15/self_attn/wqkv_tp4_bfp8_dtype_BFLOAT8_B_layout_TILE.tensorbin of shape Shape([1, 1, 5376, 4096])
2026-07-15 06:38:04.705 | DEBUG    | core:as_tensor:724 - Loaded cache for /tmp/gemma4_31b_full_model_tensor_cache/layer_15/layer_15/self_attn/o_proj_tp4_bfp8_dtype_BFLOAT8_B_layout_TILE.tensorbin of shape Shape([1, 1, 2048, 5376])
2026-07-15 06:38:04.706 | DEBUG    | core:as_tensor:724 - Loaded cache for /tmp/gemma4_31b_full_model_tensor_cache/layer_15/layer_15/self_attn/q_norm.weight_tp4_dtype_BFLOAT16_layout_ROW_MAJOR.tensorbin of shape Shape([1, 1, 8, 32])
2026-07-15 06:38:04.706 | DEBUG    | core:as_tensor:724 - Loaded cache for /tmp/gemma4_31b_full_model_tensor_cache/layer_15/layer_15/self_attn/k_norm.weight_tp4_dtype_BFLOAT16_layout_ROW_MAJOR.tensorbin of shape Shape([1, 1, 8, 32])
2026-07-15 06:38:04.750 | DEBUG    | core:as_tensor:724 - Loaded cache for /tmp/gemma4_31b_full_model_tensor_cache/layer_15/layer_15/mlp/gate_proj.weight_tp4_bfp8_dtype_BFLOAT8_B_layout_TILE.tensorbin of shape Shape([1, 1, 5376, 5376])
2026-07-15 06:38:04.765 | DEBUG    | core:as_tensor:724 - Loaded cache for /tmp/gemma4_31b_full_model_tensor_cache/layer_15/layer_15/mlp/up_proj.weight_tp4_bfp8_dtype_BFLOAT8_B_layout_TILE.tensorbin of shape Shape([1, 1, 5376, 5376])
2026-07-15 06:38:04.781 | DEBUG    | core:as_tensor:724 - Loaded cache for /tmp/gemma4_31b_full_model_tensor_cache/layer_15/layer_15/mlp/down_proj.weight_tp4_bfp8_dtype_BFLOAT8_B_layout_TILE.tensorbin of shape Shape([1, 1, 5376, 5376])
2026-07-15 06:38:24.928 | DEBUG    | core:as_tensor:724 - Loaded cache for /tmp/gemma4_31b_full_model_tensor_cache/layer_16/layer_16/input_layernorm/weight_dtype_BFLOAT16_layout_ROW_MAJOR.tensorbin of shape Shape([1, 1, 168, 32])
2026-07-15 06:38:24.928 | DEBUG    | core:as_tensor:724 - Loaded cache for /tmp/gemma4_31b_full_model_tensor_cache/layer_16/layer_16/post_attention_layernorm/weight_dtype_BFLOAT16_layout_ROW_MAJOR.tensorbin of shape Shape([1, 1, 168, 32])
2026-07-15 06:38:24.929 | DEBUG    | core:as_tensor:724 - Loaded cache for /tmp/gemma4_31b_full_model_tensor_cache/layer_16/layer_16/pre_feedforward_layernorm/weight_dtype_BFLOAT16_layout_ROW_MAJOR.tensorbin of shape Shape([1, 1, 168, 32])
2026-07-15 06:38:24.929 | DEBUG    | core:as_tensor:724 - Loaded cache for /tmp/gemma4_31b_full_model_tensor_cache/layer_16/layer_16/post_feedforward_layernorm/weight_dtype_BFLOAT16_layout_ROW_MAJOR.tensorbin of shape Shape([1, 1, 168, 32])
2026-07-15 06:38:25.030 | DEBUG    | core:as_tensor:724 - Loaded cache for /tmp/gemma4_31b_full_model_tensor_cache/layer_16/layer_16/self_attn/wqkv_tp4_bfp8_dtype_BFLOAT8_B_layout_TILE.tensorbin of shape Shape([1, 1, 5376, 4096])
2026-07-15 06:38:25.039 | DEBUG    | core:as_tensor:724 - Loaded cache for /tmp/gemma4_31b_full_model_tensor_cache/layer_16/layer_16/self_attn/o_proj_tp4_bfp8_dtype_BFLOAT8_B_layout_TILE.tensorbin of shape Shape([1, 1, 2048, 5376])
2026-07-15 06:38:25.039 | DEBUG    | core:as_tensor:724 - Loaded cache for /tmp/gemma4_31b_full_model_tensor_cache/layer_16/layer_16/self_attn/q_norm.weight_tp4_dtype_BFLOAT16_layout_ROW_MAJOR.tensorbin of shape Shape([1, 1, 8, 32])
2026-07-15 06:38:25.040 | DEBUG    | core:as_tensor:724 - Loaded cache for /tmp/gemma4_31b_full_model_tensor_cache/layer_16/layer_16/self_attn/k_norm.weight_tp4_dtype_BFLOAT16_layout_ROW_MAJOR.tensorbin of shape Shape([1, 1, 8, 32])
2026-07-15 06:38:25.080 | DEBUG    | core:as_tensor:724 - Loaded cache for /tmp/gemma4_31b_full_model_tensor_cache/layer_16/layer_16/mlp/gate_proj.weight_tp4_bfp8_dtype_BFLOAT8_B_layout_TILE.tensorbin of shape Shape([1, 1, 5376, 5376])
2026-07-15 06:38:25.096 | DEBUG    | core:as_tensor:724 - Loaded cache for /tmp/gemma4_31b_full_model_tensor_cache/layer_16/layer_16/mlp/up_proj.weight_tp4_bfp8_dtype_BFLOAT8_B_layout_TILE.tensorbin of shape Shape([1, 1, 5376, 5376])
2026-07-15 06:38:25.111 | DEBUG    | core:as_tensor:724 - Loaded cache for /tmp/gemma4_31b_full_model_tensor_cache/layer_16/layer_16/mlp/down_proj.weight_tp4_bfp8_dtype_BFLOAT8_B_layout_TILE.tensorbin of shape Shape([1, 1, 5376, 5376])
2026-07-15 06:38:45.151 | DEBUG    | core:as_tensor:724 - Loaded cache for /tmp/gemma4_31b_full_model_tensor_cache/layer_17/layer_17/input_layernorm/weight_dtype_BFLOAT16_layout_ROW_MAJOR.tensorbin of shape Shape([1, 1, 168, 32])
2026-07-15 06:38:45.158 | DEBUG    | core:as_tensor:724 - Loaded cache for /tmp/gemma4_31b_full_model_tensor_cache/layer_17/layer_17/post_attention_layernorm/weight_dtype_BFLOAT16_layout_ROW_MAJOR.tensorbin of shape Shape([1, 1, 168, 32])
2026-07-15 06:38:45.158 | DEBUG    | core:as_tensor:724 - Loaded cache for /tmp/gemma4_31b_full_model_tensor_cache/layer_17/layer_17/pre_feedforward_layernorm/weight_dtype_BFLOAT16_layout_ROW_MAJOR.tensorbin of shape Shape([1, 1, 168, 32])
2026-07-15 06:38:45.159 | DEBUG    | core:as_tensor:724 - Loaded cache for /tmp/gemma4_31b_full_model_tensor_cache/layer_17/layer_17/post_feedforward_layernorm/weight_dtype_BFLOAT16_layout_ROW_MAJOR.tensorbin of shape Shape([1, 1, 168, 32])
2026-07-15 06:38:45.284 | DEBUG    | core:as_tensor:724 - Loaded cache for /tmp/gemma4_31b_full_model_tensor_cache/layer_17/layer_17/self_attn/wqkv_tp4_bfp8_dtype_BFLOAT8_B_layout_TILE.tensorbin of shape Shape([1, 1, 5376, 5120])
2026-07-15 06:38:45.297 | DEBUG    | core:as_tensor:724 - Loaded cache for /tmp/gemma4_31b_full_model_tensor_cache/layer_17/layer_17/self_attn/o_proj_tp4_bfp8_dtype_BFLOAT8_B_layout_TILE.tensorbin of shape Shape([1, 1, 4096, 5376])
2026-07-15 06:38:45.297 | DEBUG    | core:as_tensor:724 - Loaded cache for /tmp/gemma4_31b_full_model_tensor_cache/layer_17/layer_17/self_attn/q_norm.weight_tp4_dtype_BFLOAT16_layout_ROW_MAJOR.tensorbin of shape Shape([1, 1, 16, 32])
2026-07-15 06:38:45.298 | DEBUG    | core:as_tensor:724 - Loaded cache for /tmp/gemma4_31b_full_model_tensor_cache/layer_17/layer_17/self_attn/k_norm.weight_tp4_dtype_BFLOAT16_layout_ROW_MAJOR.tensorbin of shape Shape([1, 1, 16, 32])
2026-07-15 06:38:45.348 | DEBUG    | core:as_tensor:724 - Loaded cache for /tmp/gemma4_31b_full_model_tensor_cache/layer_17/layer_17/mlp/gate_proj.weight_tp4_bfp8_dtype_BFLOAT8_B_layout_TILE.tensorbin of shape Shape([1, 1, 5376, 5376])
2026-07-15 06:38:45.363 | DEBUG    | core:as_tensor:724 - Loaded cache for /tmp/gemma4_31b_full_model_tensor_cache/layer_17/layer_17/mlp/up_proj.weight_tp4_bfp8_dtype_BFLOAT8_B_layout_TILE.tensorbin of shape Shape([1, 1, 5376, 5376])
2026-07-15 06:38:45.378 | DEBUG    | core:as_tensor:724 - Loaded cache for /tmp/gemma4_31b_full_model_tensor_cache/layer_17/layer_17/mlp/down_proj.weight_tp4_bfp8_dtype_BFLOAT8_B_layout_TILE.tensorbin of shape Shape([1, 1, 5376, 5376])
2026-07-15 06:39:06.874 | DEBUG    | core:as_tensor:724 - Loaded cache for /tmp/gemma4_31b_full_model_tensor_cache/layer_18/layer_18/input_layernorm/weight_dtype_BFLOAT16_layout_ROW_MAJOR.tensorbin of shape Shape([1, 1, 168, 32])
2026-07-15 06:39:06.874 | DEBUG    | core:as_tensor:724 - Loaded cache for /tmp/gemma4_31b_full_model_tensor_cache/layer_18/layer_18/post_attention_layernorm/weight_dtype_BFLOAT16_layout_ROW_MAJOR.tensorbin of shape Shape([1, 1, 168, 32])
2026-07-15 06:39:06.874 | DEBUG    | core:as_tensor:724 - Loaded cache for /tmp/gemma4_31b_full_model_tensor_cache/layer_18/layer_18/pre_feedforward_layernorm/weight_dtype_BFLOAT16_layout_ROW_MAJOR.tensorbin of shape Shape([1, 1, 168, 32])
2026-07-15 06:39:06.875 | DEBUG    | core:as_tensor:724 - Loaded cache for /tmp/gemma4_31b_full_model_tensor_cache/layer_18/layer_18/post_feedforward_layernorm/weight_dtype_BFLOAT16_layout_ROW_MAJOR.tensorbin of shape Shape([1, 1, 168, 32])
2026-07-15 06:39:06.974 | DEBUG    | core:as_tensor:724 - Loaded cache for /tmp/gemma4_31b_full_model_tensor_cache/layer_18/layer_18/self_attn/wqkv_tp4_bfp8_dtype_BFLOAT8_B_layout_TILE.tensorbin of shape Shape([1, 1, 5376, 4096])
2026-07-15 06:39:06.983 | DEBUG    | core:as_tensor:724 - Loaded cache for /tmp/gemma4_31b_full_model_tensor_cache/layer_18/layer_18/self_attn/o_proj_tp4_bfp8_dtype_BFLOAT8_B_layout_TILE.tensorbin of shape Shape([1, 1, 2048, 5376])
2026-07-15 06:39:06.984 | DEBUG    | core:as_tensor:724 - Loaded cache for /tmp/gemma4_31b_full_model_tensor_cache/layer_18/layer_18/self_attn/q_norm.weight_tp4_dtype_BFLOAT16_layout_ROW_MAJOR.tensorbin of shape Shape([1, 1, 8, 32])
2026-07-15 06:39:06.984 | DEBUG    | core:as_tensor:724 - Loaded cache for /tmp/gemma4_31b_full_model_tensor_cache/layer_18/layer_18/self_attn/k_norm.weight_tp4_dtype_BFLOAT16_layout_ROW_MAJOR.tensorbin of shape Shape([1, 1, 8, 32])
2026-07-15 06:39:07.026 | DEBUG    | core:as_tensor:724 - Loaded cache for /tmp/gemma4_31b_full_model_tensor_cache/layer_18/layer_18/mlp/gate_proj.weight_tp4_bfp8_dtype_BFLOAT8_B_layout_TILE.tensorbin of shape Shape([1, 1, 5376, 5376])
2026-07-15 06:39:07.041 | DEBUG    | core:as_tensor:724 - Loaded cache for /tmp/gemma4_31b_full_model_tensor_cache/layer_18/layer_18/mlp/up_proj.weight_tp4_bfp8_dtype_BFLOAT8_B_layout_TILE.tensorbin of shape Shape([1, 1, 5376, 5376])
2026-07-15 06:39:07.057 | DEBUG    | core:as_tensor:724 - Loaded cache for /tmp/gemma4_31b_full_model_tensor_cache/layer_18/layer_18/mlp/down_proj.weight_tp4_bfp8_dtype_BFLOAT8_B_layout_TILE.tensorbin of shape Shape([1, 1, 5376, 5376])
2026-07-15 06:39:27.096 | DEBUG    | core:as_tensor:724 - Loaded cache for /tmp/gemma4_31b_full_model_tensor_cache/layer_19/layer_19/input_layernorm/weight_dtype_BFLOAT16_layout_ROW_MAJOR.tensorbin of shape Shape([1, 1, 168, 32])
2026-07-15 06:39:27.103 | DEBUG    | core:as_tensor:724 - Loaded cache for /tmp/gemma4_31b_full_model_tensor_cache/layer_19/layer_19/post_attention_layernorm/weight_dtype_BFLOAT16_layout_ROW_MAJOR.tensorbin of shape Shape([1, 1, 168, 32])
2026-07-15 06:39:27.103 | DEBUG    | core:as_tensor:724 - Loaded cache for /tmp/gemma4_31b_full_model_tensor_cache/layer_19/layer_19/pre_feedforward_layernorm/weight_dtype_BFLOAT16_layout_ROW_MAJOR.tensorbin of shape Shape([1, 1, 168, 32])
2026-07-15 06:39:27.104 | DEBUG    | core:as_tensor:724 - Loaded cache for /tmp/gemma4_31b_full_model_tensor_cache/layer_19/layer_19/post_feedforward_layernorm/weight_dtype_BFLOAT16_layout_ROW_MAJOR.tensorbin of shape Shape([1, 1, 168, 32])
2026-07-15 06:39:27.205 | DEBUG    | core:as_tensor:724 - Loaded cache for /tmp/gemma4_31b_full_model_tensor_cache/layer_19/layer_19/self_attn/wqkv_tp4_bfp8_dtype_BFLOAT8_B_layout_TILE.tensorbin of shape Shape([1, 1, 5376, 4096])
2026-07-15 06:39:27.214 | DEBUG    | core:as_tensor:724 - Loaded cache for /tmp/gemma4_31b_full_model_tensor_cache/layer_19/layer_19/self_attn/o_proj_tp4_bfp8_dtype_BFLOAT8_B_layout_TILE.tensorbin of shape Shape([1, 1, 2048, 5376])
2026-07-15 06:39:27.215 | DEBUG    | core:as_tensor:724 - Loaded cache for /tmp/gemma4_31b_full_model_tensor_cache/layer_19/layer_19/self_attn/q_norm.weight_tp4_dtype_BFLOAT16_layout_ROW_MAJOR.tensorbin of shape Shape([1, 1, 8, 32])
2026-07-15 06:39:27.215 | DEBUG    | core:as_tensor:724 - Loaded cache for /tmp/gemma4_31b_full_model_tensor_cache/layer_19/layer_19/self_attn/k_norm.weight_tp4_dtype_BFLOAT16_layout_ROW_MAJOR.tensorbin of shape Shape([1, 1, 8, 32])
2026-07-15 06:39:27.261 | DEBUG    | core:as_tensor:724 - Loaded cache for /tmp/gemma4_31b_full_model_tensor_cache/layer_19/layer_19/mlp/gate_proj.weight_tp4_bfp8_dtype_BFLOAT8_B_layout_TILE.tensorbin of shape Shape([1, 1, 5376, 5376])
2026-07-15 06:39:27.277 | DEBUG    | core:as_tensor:724 - Loaded cache for /tmp/gemma4_31b_full_model_tensor_cache/layer_19/layer_19/mlp/up_proj.weight_tp4_bfp8_dtype_BFLOAT8_B_layout_TILE.tensorbin of shape Shape([1, 1, 5376, 5376])
2026-07-15 06:39:27.293 | DEBUG    | core:as_tensor:724 - Loaded cache for /tmp/gemma4_31b_full_model_tensor_cache/layer_19/layer_19/mlp/down_proj.weight_tp4_bfp8_dtype_BFLOAT8_B_layout_TILE.tensorbin of shape Shape([1, 1, 5376, 5376])
2026-07-15 06:39:47.469 | DEBUG    | core:as_tensor:724 - Loaded cache for /tmp/gemma4_31b_full_model_tensor_cache/layer_20/layer_20/input_layernorm/weight_dtype_BFLOAT16_layout_ROW_MAJOR.tensorbin of shape Shape([1, 1, 168, 32])
2026-07-15 06:39:47.469 | DEBUG    | core:as_tensor:724 - Loaded cache for /tmp/gemma4_31b_full_model_tensor_cache/layer_20/layer_20/post_attention_layernorm/weight_dtype_BFLOAT16_layout_ROW_MAJOR.tensorbin of shape Shape([1, 1, 168, 32])
2026-07-15 06:39:47.470 | DEBUG    | core:as_tensor:724 - Loaded cache for /tmp/gemma4_31b_full_model_tensor_cache/layer_20/layer_20/pre_feedforward_layernorm/weight_dtype_BFLOAT16_layout_ROW_MAJOR.tensorbin of shape Shape([1, 1, 168, 32])
2026-07-15 06:39:47.470 | DEBUG    | core:as_tensor:724 - Loaded cache for /tmp/gemma4_31b_full_model_tensor_cache/layer_20/layer_20/post_feedforward_layernorm/weight_dtype_BFLOAT16_layout_ROW_MAJOR.tensorbin of shape Shape([1, 1, 168, 32])
2026-07-15 06:39:47.568 | DEBUG    | core:as_tensor:724 - Loaded cache for /tmp/gemma4_31b_full_model_tensor_cache/layer_20/layer_20/self_attn/wqkv_tp4_bfp8_dtype_BFLOAT8_B_layout_TILE.tensorbin of shape Shape([1, 1, 5376, 4096])
2026-07-15 06:39:47.577 | DEBUG    | core:as_tensor:724 - Loaded cache for /tmp/gemma4_31b_full_model_tensor_cache/layer_20/layer_20/self_attn/o_proj_tp4_bfp8_dtype_BFLOAT8_B_layout_TILE.tensorbin of shape Shape([1, 1, 2048, 5376])
2026-07-15 06:39:47.578 | DEBUG    | core:as_tensor:724 - Loaded cache for /tmp/gemma4_31b_full_model_tensor_cache/layer_20/layer_20/self_attn/q_norm.weight_tp4_dtype_BFLOAT16_layout_ROW_MAJOR.tensorbin of shape Shape([1, 1, 8, 32])
2026-07-15 06:39:47.578 | DEBUG    | core:as_tensor:724 - Loaded cache for /tmp/gemma4_31b_full_model_tensor_cache/layer_20/layer_20/self_attn/k_norm.weight_tp4_dtype_BFLOAT16_layout_ROW_MAJOR.tensorbin of shape Shape([1, 1, 8, 32])
2026-07-15 06:39:47.620 | DEBUG    | core:as_tensor:724 - Loaded cache for /tmp/gemma4_31b_full_model_tensor_cache/layer_20/layer_20/mlp/gate_proj.weight_tp4_bfp8_dtype_BFLOAT8_B_layout_TILE.tensorbin of shape Shape([1, 1, 5376, 5376])
2026-07-15 06:39:47.636 | DEBUG    | core:as_tensor:724 - Loaded cache for /tmp/gemma4_31b_full_model_tensor_cache/layer_20/layer_20/mlp/up_proj.weight_tp4_bfp8_dtype_BFLOAT8_B_layout_TILE.tensorbin of shape Shape([1, 1, 5376, 5376])
2026-07-15 06:39:47.651 | DEBUG    | core:as_tensor:724 - Loaded cache for /tmp/gemma4_31b_full_model_tensor_cache/layer_20/layer_20/mlp/down_proj.weight_tp4_bfp8_dtype_BFLOAT8_B_layout_TILE.tensorbin of shape Shape([1, 1, 5376, 5376])
2026-07-15 06:40:07.821 | DEBUG    | core:as_tensor:724 - Loaded cache for /tmp/gemma4_31b_full_model_tensor_cache/layer_21/layer_21/input_layernorm/weight_dtype_BFLOAT16_layout_ROW_MAJOR.tensorbin of shape Shape([1, 1, 168, 32])
2026-07-15 06:40:07.821 | DEBUG    | core:as_tensor:724 - Loaded cache for /tmp/gemma4_31b_full_model_tensor_cache/layer_21/layer_21/post_attention_layernorm/weight_dtype_BFLOAT16_layout_ROW_MAJOR.tensorbin of shape Shape([1, 1, 168, 32])
2026-07-15 06:40:07.821 | DEBUG    | core:as_tensor:724 - Loaded cache for /tmp/gemma4_31b_full_model_tensor_cache/layer_21/layer_21/pre_feedforward_layernorm/weight_dtype_BFLOAT16_layout_ROW_MAJOR.tensorbin of shape Shape([1, 1, 168, 32])
2026-07-15 06:40:07.822 | DEBUG    | core:as_tensor:724 - Loaded cache for /tmp/gemma4_31b_full_model_tensor_cache/layer_21/layer_21/post_feedforward_layernorm/weight_dtype_BFLOAT16_layout_ROW_MAJOR.tensorbin of shape Shape([1, 1, 168, 32])
2026-07-15 06:40:07.913 | DEBUG    | core:as_tensor:724 - Loaded cache for /tmp/gemma4_31b_full_model_tensor_cache/layer_21/layer_21/self_attn/wqkv_tp4_bfp8_dtype_BFLOAT8_B_layout_TILE.tensorbin of shape Shape([1, 1, 5376, 4096])
2026-07-15 06:40:07.922 | DEBUG    | core:as_tensor:724 - Loaded cache for /tmp/gemma4_31b_full_model_tensor_cache/layer_21/layer_21/self_attn/o_proj_tp4_bfp8_dtype_BFLOAT8_B_layout_TILE.tensorbin of shape Shape([1, 1, 2048, 5376])
2026-07-15 06:40:07.923 | DEBUG    | core:as_tensor:724 - Loaded cache for /tmp/gemma4_31b_full_model_tensor_cache/layer_21/layer_21/self_attn/q_norm.weight_tp4_dtype_BFLOAT16_layout_ROW_MAJOR.tensorbin of shape Shape([1, 1, 8, 32])
2026-07-15 06:40:07.923 | DEBUG    | core:as_tensor:724 - Loaded cache for /tmp/gemma4_31b_full_model_tensor_cache/layer_21/layer_21/self_attn/k_norm.weight_tp4_dtype_BFLOAT16_layout_ROW_MAJOR.tensorbin of shape Shape([1, 1, 8, 32])
2026-07-15 06:40:07.967 | DEBUG    | core:as_tensor:724 - Loaded cache for /tmp/gemma4_31b_full_model_tensor_cache/layer_21/layer_21/mlp/gate_proj.weight_tp4_bfp8_dtype_BFLOAT8_B_layout_TILE.tensorbin of shape Shape([1, 1, 5376, 5376])
2026-07-15 06:40:07.982 | DEBUG    | core:as_tensor:724 - Loaded cache for /tmp/gemma4_31b_full_model_tensor_cache/layer_21/layer_21/mlp/up_proj.weight_tp4_bfp8_dtype_BFLOAT8_B_layout_TILE.tensorbin of shape Shape([1, 1, 5376, 5376])
2026-07-15 06:40:07.997 | DEBUG    | core:as_tensor:724 - Loaded cache for /tmp/gemma4_31b_full_model_tensor_cache/layer_21/layer_21/mlp/down_proj.weight_tp4_bfp8_dtype_BFLOAT8_B_layout_TILE.tensorbin of shape Shape([1, 1, 5376, 5376])
2026-07-15 06:40:28.042 | DEBUG    | core:as_tensor:724 - Loaded cache for /tmp/gemma4_31b_full_model_tensor_cache/layer_22/layer_22/input_layernorm/weight_dtype_BFLOAT16_layout_ROW_MAJOR.tensorbin of shape Shape([1, 1, 168, 32])
2026-07-15 06:40:28.043 | DEBUG    | core:as_tensor:724 - Loaded cache for /tmp/gemma4_31b_full_model_tensor_cache/layer_22/layer_22/post_attention_layernorm/weight_dtype_BFLOAT16_layout_ROW_MAJOR.tensorbin of shape Shape([1, 1, 168, 32])
2026-07-15 06:40:28.043 | DEBUG    | core:as_tensor:724 - Loaded cache for /tmp/gemma4_31b_full_model_tensor_cache/layer_22/layer_22/pre_feedforward_layernorm/weight_dtype_BFLOAT16_layout_ROW_MAJOR.tensorbin of shape Shape([1, 1, 168, 32])
2026-07-15 06:40:28.043 | DEBUG    | core:as_tensor:724 - Loaded cache for /tmp/gemma4_31b_full_model_tensor_cache/layer_22/layer_22/post_feedforward_layernorm/weight_dtype_BFLOAT16_layout_ROW_MAJOR.tensorbin of shape Shape([1, 1, 168, 32])
2026-07-15 06:40:28.141 | DEBUG    | core:as_tensor:724 - Loaded cache for /tmp/gemma4_31b_full_model_tensor_cache/layer_22/layer_22/self_attn/wqkv_tp4_bfp8_dtype_BFLOAT8_B_layout_TILE.tensorbin of shape Shape([1, 1, 5376, 4096])
2026-07-15 06:40:28.150 | DEBUG    | core:as_tensor:724 - Loaded cache for /tmp/gemma4_31b_full_model_tensor_cache/layer_22/layer_22/self_attn/o_proj_tp4_bfp8_dtype_BFLOAT8_B_layout_TILE.tensorbin of shape Shape([1, 1, 2048, 5376])
2026-07-15 06:40:28.150 | DEBUG    | core:as_tensor:724 - Loaded cache for /tmp/gemma4_31b_full_model_tensor_cache/layer_22/layer_22/self_attn/q_norm.weight_tp4_dtype_BFLOAT16_layout_ROW_MAJOR.tensorbin of shape Shape([1, 1, 8, 32])
2026-07-15 06:40:28.151 | DEBUG    | core:as_tensor:724 - Loaded cache for /tmp/gemma4_31b_full_model_tensor_cache/layer_22/layer_22/self_attn/k_norm.weight_tp4_dtype_BFLOAT16_layout_ROW_MAJOR.tensorbin of shape Shape([1, 1, 8, 32])
2026-07-15 06:40:28.193 | DEBUG    | core:as_tensor:724 - Loaded cache for /tmp/gemma4_31b_full_model_tensor_cache/layer_22/layer_22/mlp/gate_proj.weight_tp4_bfp8_dtype_BFLOAT8_B_layout_TILE.tensorbin of shape Shape([1, 1, 5376, 5376])
2026-07-15 06:40:28.208 | DEBUG    | core:as_tensor:724 - Loaded cache for /tmp/gemma4_31b_full_model_tensor_cache/layer_22/layer_22/mlp/up_proj.weight_tp4_bfp8_dtype_BFLOAT8_B_layout_TILE.tensorbin of shape Shape([1, 1, 5376, 5376])
2026-07-15 06:40:28.223 | DEBUG    | core:as_tensor:724 - Loaded cache for /tmp/gemma4_31b_full_model_tensor_cache/layer_22/layer_22/mlp/down_proj.weight_tp4_bfp8_dtype_BFLOAT8_B_layout_TILE.tensorbin of shape Shape([1, 1, 5376, 5376])
2026-07-15 06:40:48.217 | DEBUG    | core:as_tensor:724 - Loaded cache for /tmp/gemma4_31b_full_model_tensor_cache/layer_23/layer_23/input_layernorm/weight_dtype_BFLOAT16_layout_ROW_MAJOR.tensorbin of shape Shape([1, 1, 168, 32])
2026-07-15 06:40:48.217 | DEBUG    | core:as_tensor:724 - Loaded cache for /tmp/gemma4_31b_full_model_tensor_cache/layer_23/layer_23/post_attention_layernorm/weight_dtype_BFLOAT16_layout_ROW_MAJOR.tensorbin of shape Shape([1, 1, 168, 32])
2026-07-15 06:40:48.218 | DEBUG    | core:as_tensor:724 - Loaded cache for /tmp/gemma4_31b_full_model_tensor_cache/layer_23/layer_23/pre_feedforward_layernorm/weight_dtype_BFLOAT16_layout_ROW_MAJOR.tensorbin of shape Shape([1, 1, 168, 32])
2026-07-15 06:40:48.218 | DEBUG    | core:as_tensor:724 - Loaded cache for /tmp/gemma4_31b_full_model_tensor_cache/layer_23/layer_23/post_feedforward_layernorm/weight_dtype_BFLOAT16_layout_ROW_MAJOR.tensorbin of shape Shape([1, 1, 168, 32])
2026-07-15 06:40:48.344 | DEBUG    | core:as_tensor:724 - Loaded cache for /tmp/gemma4_31b_full_model_tensor_cache/layer_23/layer_23/self_attn/wqkv_tp4_bfp8_dtype_BFLOAT8_B_layout_TILE.tensorbin of shape Shape([1, 1, 5376, 5120])
2026-07-15 06:40:48.357 | DEBUG    | core:as_tensor:724 - Loaded cache for /tmp/gemma4_31b_full_model_tensor_cache/layer_23/layer_23/self_attn/o_proj_tp4_bfp8_dtype_BFLOAT8_B_layout_TILE.tensorbin of shape Shape([1, 1, 4096, 5376])
2026-07-15 06:40:48.358 | DEBUG    | core:as_tensor:724 - Loaded cache for /tmp/gemma4_31b_full_model_tensor_cache/layer_23/layer_23/self_attn/q_norm.weight_tp4_dtype_BFLOAT16_layout_ROW_MAJOR.tensorbin of shape Shape([1, 1, 16, 32])
2026-07-15 06:40:48.358 | DEBUG    | core:as_tensor:724 - Loaded cache for /tmp/gemma4_31b_full_model_tensor_cache/layer_23/layer_23/self_attn/k_norm.weight_tp4_dtype_BFLOAT16_layout_ROW_MAJOR.tensorbin of shape Shape([1, 1, 16, 32])
2026-07-15 06:40:48.409 | DEBUG    | core:as_tensor:724 - Loaded cache for /tmp/gemma4_31b_full_model_tensor_cache/layer_23/layer_23/mlp/gate_proj.weight_tp4_bfp8_dtype_BFLOAT8_B_layout_TILE.tensorbin of shape Shape([1, 1, 5376, 5376])
2026-07-15 06:40:48.424 | DEBUG    | core:as_tensor:724 - Loaded cache for /tmp/gemma4_31b_full_model_tensor_cache/layer_23/layer_23/mlp/up_proj.weight_tp4_bfp8_dtype_BFLOAT8_B_layout_TILE.tensorbin of shape Shape([1, 1, 5376, 5376])
2026-07-15 06:40:48.439 | DEBUG    | core:as_tensor:724 - Loaded cache for /tmp/gemma4_31b_full_model_tensor_cache/layer_23/layer_23/mlp/down_proj.weight_tp4_bfp8_dtype_BFLOAT8_B_layout_TILE.tensorbin of shape Shape([1, 1, 5376, 5376])
2026-07-15 06:41:09.855 | DEBUG    | core:as_tensor:724 - Loaded cache for /tmp/gemma4_31b_full_model_tensor_cache/layer_24/layer_24/input_layernorm/weight_dtype_BFLOAT16_layout_ROW_MAJOR.tensorbin of shape Shape([1, 1, 168, 32])
2026-07-15 06:41:09.855 | DEBUG    | core:as_tensor:724 - Loaded cache for /tmp/gemma4_31b_full_model_tensor_cache/layer_24/layer_24/post_attention_layernorm/weight_dtype_BFLOAT16_layout_ROW_MAJOR.tensorbin of shape Shape([1, 1, 168, 32])
2026-07-15 06:41:09.855 | DEBUG    | core:as_tensor:724 - Loaded cache for /tmp/gemma4_31b_full_model_tensor_cache/layer_24/layer_24/pre_feedforward_layernorm/weight_dtype_BFLOAT16_layout_ROW_MAJOR.tensorbin of shape Shape([1, 1, 168, 32])
2026-07-15 06:41:09.856 | DEBUG    | core:as_tensor:724 - Loaded cache for /tmp/gemma4_31b_full_model_tensor_cache/layer_24/layer_24/post_feedforward_layernorm/weight_dtype_BFLOAT16_layout_ROW_MAJOR.tensorbin of shape Shape([1, 1, 168, 32])
2026-07-15 06:41:09.955 | DEBUG    | core:as_tensor:724 - Loaded cache for /tmp/gemma4_31b_full_model_tensor_cache/layer_24/layer_24/self_attn/wqkv_tp4_bfp8_dtype_BFLOAT8_B_layout_TILE.tensorbin of shape Shape([1, 1, 5376, 4096])
2026-07-15 06:41:09.964 | DEBUG    | core:as_tensor:724 - Loaded cache for /tmp/gemma4_31b_full_model_tensor_cache/layer_24/layer_24/self_attn/o_proj_tp4_bfp8_dtype_BFLOAT8_B_layout_TILE.tensorbin of shape Shape([1, 1, 2048, 5376])
2026-07-15 06:41:09.965 | DEBUG    | core:as_tensor:724 - Loaded cache for /tmp/gemma4_31b_full_model_tensor_cache/layer_24/layer_24/self_attn/q_norm.weight_tp4_dtype_BFLOAT16_layout_ROW_MAJOR.tensorbin of shape Shape([1, 1, 8, 32])
2026-07-15 06:41:09.965 | DEBUG    | core:as_tensor:724 - Loaded cache for /tmp/gemma4_31b_full_model_tensor_cache/layer_24/layer_24/self_attn/k_norm.weight_tp4_dtype_BFLOAT16_layout_ROW_MAJOR.tensorbin of shape Shape([1, 1, 8, 32])
2026-07-15 06:41:10.008 | DEBUG    | core:as_tensor:724 - Loaded cache for /tmp/gemma4_31b_full_model_tensor_cache/layer_24/layer_24/mlp/gate_proj.weight_tp4_bfp8_dtype_BFLOAT8_B_layout_TILE.tensorbin of shape Shape([1, 1, 5376, 5376])
2026-07-15 06:41:10.023 | DEBUG    | core:as_tensor:724 - Loaded cache for /tmp/gemma4_31b_full_model_tensor_cache/layer_24/layer_24/mlp/up_proj.weight_tp4_bfp8_dtype_BFLOAT8_B_layout_TILE.tensorbin of shape Shape([1, 1, 5376, 5376])
2026-07-15 06:41:10.038 | DEBUG    | core:as_tensor:724 - Loaded cache for /tmp/gemma4_31b_full_model_tensor_cache/layer_24/layer_24/mlp/down_proj.weight_tp4_bfp8_dtype_BFLOAT8_B_layout_TILE.tensorbin of shape Shape([1, 1, 5376, 5376])
2026-07-15 06:41:29.952 | DEBUG    | core:as_tensor:724 - Loaded cache for /tmp/gemma4_31b_full_model_tensor_cache/layer_25/layer_25/input_layernorm/weight_dtype_BFLOAT16_layout_ROW_MAJOR.tensorbin of shape Shape([1, 1, 168, 32])
2026-07-15 06:41:29.952 | DEBUG    | core:as_tensor:724 - Loaded cache for /tmp/gemma4_31b_full_model_tensor_cache/layer_25/layer_25/post_attention_layernorm/weight_dtype_BFLOAT16_layout_ROW_MAJOR.tensorbin of shape Shape([1, 1, 168, 32])
2026-07-15 06:41:29.952 | DEBUG    | core:as_tensor:724 - Loaded cache for /tmp/gemma4_31b_full_model_tensor_cache/layer_25/layer_25/pre_feedforward_layernorm/weight_dtype_BFLOAT16_layout_ROW_MAJOR.tensorbin of shape Shape([1, 1, 168, 32])
2026-07-15 06:41:29.953 | DEBUG    | core:as_tensor:724 - Loaded cache for /tmp/gemma4_31b_full_model_tensor_cache/layer_25/layer_25/post_feedforward_layernorm/weight_dtype_BFLOAT16_layout_ROW_MAJOR.tensorbin of shape Shape([1, 1, 168, 32])
2026-07-15 06:41:30.045 | DEBUG    | core:as_tensor:724 - Loaded cache for /tmp/gemma4_31b_full_model_tensor_cache/layer_25/layer_25/self_attn/wqkv_tp4_bfp8_dtype_BFLOAT8_B_layout_TILE.tensorbin of shape Shape([1, 1, 5376, 4096])
2026-07-15 06:41:30.054 | DEBUG    | core:as_tensor:724 - Loaded cache for /tmp/gemma4_31b_full_model_tensor_cache/layer_25/layer_25/self_attn/o_proj_tp4_bfp8_dtype_BFLOAT8_B_layout_TILE.tensorbin of shape Shape([1, 1, 2048, 5376])
2026-07-15 06:41:30.054 | DEBUG    | core:as_tensor:724 - Loaded cache for /tmp/gemma4_31b_full_model_tensor_cache/layer_25/layer_25/self_attn/q_norm.weight_tp4_dtype_BFLOAT16_layout_ROW_MAJOR.tensorbin of shape Shape([1, 1, 8, 32])
2026-07-15 06:41:30.054 | DEBUG    | core:as_tensor:724 - Loaded cache for /tmp/gemma4_31b_full_model_tensor_cache/layer_25/layer_25/self_attn/k_norm.weight_tp4_dtype_BFLOAT16_layout_ROW_MAJOR.tensorbin of shape Shape([1, 1, 8, 32])
2026-07-15 06:41:30.099 | DEBUG    | core:as_tensor:724 - Loaded cache for /tmp/gemma4_31b_full_model_tensor_cache/layer_25/layer_25/mlp/gate_proj.weight_tp4_bfp8_dtype_BFLOAT8_B_layout_TILE.tensorbin of shape Shape([1, 1, 5376, 5376])
2026-07-15 06:41:30.114 | DEBUG    | core:as_tensor:724 - Loaded cache for /tmp/gemma4_31b_full_model_tensor_cache/layer_25/layer_25/mlp/up_proj.weight_tp4_bfp8_dtype_BFLOAT8_B_layout_TILE.tensorbin of shape Shape([1, 1, 5376, 5376])
2026-07-15 06:41:30.129 | DEBUG    | core:as_tensor:724 - Loaded cache for /tmp/gemma4_31b_full_model_tensor_cache/layer_25/layer_25/mlp/down_proj.weight_tp4_bfp8_dtype_BFLOAT8_B_layout_TILE.tensorbin of shape Shape([1, 1, 5376, 5376])
2026-07-15 06:41:50.229 | DEBUG    | core:as_tensor:724 - Loaded cache for /tmp/gemma4_31b_full_model_tensor_cache/layer_26/layer_26/input_layernorm/weight_dtype_BFLOAT16_layout_ROW_MAJOR.tensorbin of shape Shape([1, 1, 168, 32])
2026-07-15 06:41:50.230 | DEBUG    | core:as_tensor:724 - Loaded cache for /tmp/gemma4_31b_full_model_tensor_cache/layer_26/layer_26/post_attention_layernorm/weight_dtype_BFLOAT16_layout_ROW_MAJOR.tensorbin of shape Shape([1, 1, 168, 32])
2026-07-15 06:41:50.230 | DEBUG    | core:as_tensor:724 - Loaded cache for /tmp/gemma4_31b_full_model_tensor_cache/layer_26/layer_26/pre_feedforward_layernorm/weight_dtype_BFLOAT16_layout_ROW_MAJOR.tensorbin of shape Shape([1, 1, 168, 32])
2026-07-15 06:41:50.231 | DEBUG    | core:as_tensor:724 - Loaded cache for /tmp/gemma4_31b_full_model_tensor_cache/layer_26/layer_26/post_feedforward_layernorm/weight_dtype_BFLOAT16_layout_ROW_MAJOR.tensorbin of shape Shape([1, 1, 168, 32])
2026-07-15 06:41:50.330 | DEBUG    | core:as_tensor:724 - Loaded cache for /tmp/gemma4_31b_full_model_tensor_cache/layer_26/layer_26/self_attn/wqkv_tp4_bfp8_dtype_BFLOAT8_B_layout_TILE.tensorbin of shape Shape([1, 1, 5376, 4096])
2026-07-15 06:41:50.339 | DEBUG    | core:as_tensor:724 - Loaded cache for /tmp/gemma4_31b_full_model_tensor_cache/layer_26/layer_26/self_attn/o_proj_tp4_bfp8_dtype_BFLOAT8_B_layout_TILE.tensorbin of shape Shape([1, 1, 2048, 5376])
2026-07-15 06:41:50.339 | DEBUG    | core:as_tensor:724 - Loaded cache for /tmp/gemma4_31b_full_model_tensor_cache/layer_26/layer_26/self_attn/q_norm.weight_tp4_dtype_BFLOAT16_layout_ROW_MAJOR.tensorbin of shape Shape([1, 1, 8, 32])
2026-07-15 06:41:50.340 | DEBUG    | core:as_tensor:724 - Loaded cache for /tmp/gemma4_31b_full_model_tensor_cache/layer_26/layer_26/self_attn/k_norm.weight_tp4_dtype_BFLOAT16_layout_ROW_MAJOR.tensorbin of shape Shape([1, 1, 8, 32])
2026-07-15 06:41:50.382 | DEBUG    | core:as_tensor:724 - Loaded cache for /tmp/gemma4_31b_full_model_tensor_cache/layer_26/layer_26/mlp/gate_proj.weight_tp4_bfp8_dtype_BFLOAT8_B_layout_TILE.tensorbin of shape Shape([1, 1, 5376, 5376])
2026-07-15 06:41:50.397 | DEBUG    | core:as_tensor:724 - Loaded cache for /tmp/gemma4_31b_full_model_tensor_cache/layer_26/layer_26/mlp/up_proj.weight_tp4_bfp8_dtype_BFLOAT8_B_layout_TILE.tensorbin of shape Shape([1, 1, 5376, 5376])
2026-07-15 06:41:50.412 | DEBUG    | core:as_tensor:724 - Loaded cache for /tmp/gemma4_31b_full_model_tensor_cache/layer_26/layer_26/mlp/down_proj.weight_tp4_bfp8_dtype_BFLOAT8_B_layout_TILE.tensorbin of shape Shape([1, 1, 5376, 5376])
2026-07-15 06:42:10.417 | DEBUG    | core:as_tensor:724 - Loaded cache for /tmp/gemma4_31b_full_model_tensor_cache/layer_27/layer_27/input_layernorm/weight_dtype_BFLOAT16_layout_ROW_MAJOR.tensorbin of shape Shape([1, 1, 168, 32])
2026-07-15 06:42:10.417 | DEBUG    | core:as_tensor:724 - Loaded cache for /tmp/gemma4_31b_full_model_tensor_cache/layer_27/layer_27/post_attention_layernorm/weight_dtype_BFLOAT16_layout_ROW_MAJOR.tensorbin of shape Shape([1, 1, 168, 32])
2026-07-15 06:42:10.418 | DEBUG    | core:as_tensor:724 - Loaded cache for /tmp/gemma4_31b_full_model_tensor_cache/layer_27/layer_27/pre_feedforward_layernorm/weight_dtype_BFLOAT16_layout_ROW_MAJOR.tensorbin of shape Shape([1, 1, 168, 32])
2026-07-15 06:42:10.418 | DEBUG    | core:as_tensor:724 - Loaded cache for /tmp/gemma4_31b_full_model_tensor_cache/layer_27/layer_27/post_feedforward_layernorm/weight_dtype_BFLOAT16_layout_ROW_MAJOR.tensorbin of shape Shape([1, 1, 168, 32])
2026-07-15 06:42:10.522 | DEBUG    | core:as_tensor:724 - Loaded cache for /tmp/gemma4_31b_full_model_tensor_cache/layer_27/layer_27/self_attn/wqkv_tp4_bfp8_dtype_BFLOAT8_B_layout_TILE.tensorbin of shape Shape([1, 1, 5376, 4096])
2026-07-15 06:42:10.531 | DEBUG    | core:as_tensor:724 - Loaded cache for /tmp/gemma4_31b_full_model_tensor_cache/layer_27/layer_27/self_attn/o_proj_tp4_bfp8_dtype_BFLOAT8_B_layout_TILE.tensorbin of shape Shape([1, 1, 2048, 5376])
2026-07-15 06:42:10.531 | DEBUG    | core:as_tensor:724 - Loaded cache for /tmp/gemma4_31b_full_model_tensor_cache/layer_27/layer_27/self_attn/q_norm.weight_tp4_dtype_BFLOAT16_layout_ROW_MAJOR.tensorbin of shape Shape([1, 1, 8, 32])
2026-07-15 06:42:10.532 | DEBUG    | core:as_tensor:724 - Loaded cache for /tmp/gemma4_31b_full_model_tensor_cache/layer_27/layer_27/self_attn/k_norm.weight_tp4_dtype_BFLOAT16_layout_ROW_MAJOR.tensorbin of shape Shape([1, 1, 8, 32])
2026-07-15 06:42:10.580 | DEBUG    | core:as_tensor:724 - Loaded cache for /tmp/gemma4_31b_full_model_tensor_cache/layer_27/layer_27/mlp/gate_proj.weight_tp4_bfp8_dtype_BFLOAT8_B_layout_TILE.tensorbin of shape Shape([1, 1, 5376, 5376])
2026-07-15 06:42:10.596 | DEBUG    | core:as_tensor:724 - Loaded cache for /tmp/gemma4_31b_full_model_tensor_cache/layer_27/layer_27/mlp/up_proj.weight_tp4_bfp8_dtype_BFLOAT8_B_layout_TILE.tensorbin of shape Shape([1, 1, 5376, 5376])
2026-07-15 06:42:10.612 | DEBUG    | core:as_tensor:724 - Loaded cache for /tmp/gemma4_31b_full_model_tensor_cache/layer_27/layer_27/mlp/down_proj.weight_tp4_bfp8_dtype_BFLOAT8_B_layout_TILE.tensorbin of shape Shape([1, 1, 5376, 5376])
2026-07-15 06:42:30.755 | DEBUG    | core:as_tensor:724 - Loaded cache for /tmp/gemma4_31b_full_model_tensor_cache/layer_28/layer_28/input_layernorm/weight_dtype_BFLOAT16_layout_ROW_MAJOR.tensorbin of shape Shape([1, 1, 168, 32])
2026-07-15 06:42:30.755 | DEBUG    | core:as_tensor:724 - Loaded cache for /tmp/gemma4_31b_full_model_tensor_cache/layer_28/layer_28/post_attention_layernorm/weight_dtype_BFLOAT16_layout_ROW_MAJOR.tensorbin of shape Shape([1, 1, 168, 32])
2026-07-15 06:42:30.755 | DEBUG    | core:as_tensor:724 - Loaded cache for /tmp/gemma4_31b_full_model_tensor_cache/layer_28/layer_28/pre_feedforward_layernorm/weight_dtype_BFLOAT16_layout_ROW_MAJOR.tensorbin of shape Shape([1, 1, 168, 32])
2026-07-15 06:42:30.756 | DEBUG    | core:as_tensor:724 - Loaded cache for /tmp/gemma4_31b_full_model_tensor_cache/layer_28/layer_28/post_feedforward_layernorm/weight_dtype_BFLOAT16_layout_ROW_MAJOR.tensorbin of shape Shape([1, 1, 168, 32])
2026-07-15 06:42:30.856 | DEBUG    | core:as_tensor:724 - Loaded cache for /tmp/gemma4_31b_full_model_tensor_cache/layer_28/layer_28/self_attn/wqkv_tp4_bfp8_dtype_BFLOAT8_B_layout_TILE.tensorbin of shape Shape([1, 1, 5376, 4096])
2026-07-15 06:42:30.865 | DEBUG    | core:as_tensor:724 - Loaded cache for /tmp/gemma4_31b_full_model_tensor_cache/layer_28/layer_28/self_attn/o_proj_tp4_bfp8_dtype_BFLOAT8_B_layout_TILE.tensorbin of shape Shape([1, 1, 2048, 5376])
2026-07-15 06:42:30.865 | DEBUG    | core:as_tensor:724 - Loaded cache for /tmp/gemma4_31b_full_model_tensor_cache/layer_28/layer_28/self_attn/q_norm.weight_tp4_dtype_BFLOAT16_layout_ROW_MAJOR.tensorbin of shape Shape([1, 1, 8, 32])
2026-07-15 06:42:30.866 | DEBUG    | core:as_tensor:724 - Loaded cache for /tmp/gemma4_31b_full_model_tensor_cache/layer_28/layer_28/self_attn/k_norm.weight_tp4_dtype_BFLOAT16_layout_ROW_MAJOR.tensorbin of shape Shape([1, 1, 8, 32])
2026-07-15 06:42:30.908 | DEBUG    | core:as_tensor:724 - Loaded cache for /tmp/gemma4_31b_full_model_tensor_cache/layer_28/layer_28/mlp/gate_proj.weight_tp4_bfp8_dtype_BFLOAT8_B_layout_TILE.tensorbin of shape Shape([1, 1, 5376, 5376])
2026-07-15 06:42:30.923 | DEBUG    | core:as_tensor:724 - Loaded cache for /tmp/gemma4_31b_full_model_tensor_cache/layer_28/layer_28/mlp/up_proj.weight_tp4_bfp8_dtype_BFLOAT8_B_layout_TILE.tensorbin of shape Shape([1, 1, 5376, 5376])
2026-07-15 06:42:30.938 | DEBUG    | core:as_tensor:724 - Loaded cache for /tmp/gemma4_31b_full_model_tensor_cache/layer_28/layer_28/mlp/down_proj.weight_tp4_bfp8_dtype_BFLOAT8_B_layout_TILE.tensorbin of shape Shape([1, 1, 5376, 5376])
2026-07-15 06:42:51.032 | DEBUG    | core:as_tensor:724 - Loaded cache for /tmp/gemma4_31b_full_model_tensor_cache/layer_29/layer_29/input_layernorm/weight_dtype_BFLOAT16_layout_ROW_MAJOR.tensorbin of shape Shape([1, 1, 168, 32])
2026-07-15 06:42:51.032 | DEBUG    | core:as_tensor:724 - Loaded cache for /tmp/gemma4_31b_full_model_tensor_cache/layer_29/layer_29/post_attention_layernorm/weight_dtype_BFLOAT16_layout_ROW_MAJOR.tensorbin of shape Shape([1, 1, 168, 32])
2026-07-15 06:42:51.033 | DEBUG    | core:as_tensor:724 - Loaded cache for /tmp/gemma4_31b_full_model_tensor_cache/layer_29/layer_29/pre_feedforward_layernorm/weight_dtype_BFLOAT16_layout_ROW_MAJOR.tensorbin of shape Shape([1, 1, 168, 32])
2026-07-15 06:42:51.033 | DEBUG    | core:as_tensor:724 - Loaded cache for /tmp/gemma4_31b_full_model_tensor_cache/layer_29/layer_29/post_feedforward_layernorm/weight_dtype_BFLOAT16_layout_ROW_MAJOR.tensorbin of shape Shape([1, 1, 168, 32])
2026-07-15 06:42:51.155 | DEBUG    | core:as_tensor:724 - Loaded cache for /tmp/gemma4_31b_full_model_tensor_cache/layer_29/layer_29/self_attn/wqkv_tp4_bfp8_dtype_BFLOAT8_B_layout_TILE.tensorbin of shape Shape([1, 1, 5376, 5120])
2026-07-15 06:42:51.168 | DEBUG    | core:as_tensor:724 - Loaded cache for /tmp/gemma4_31b_full_model_tensor_cache/layer_29/layer_29/self_attn/o_proj_tp4_bfp8_dtype_BFLOAT8_B_layout_TILE.tensorbin of shape Shape([1, 1, 4096, 5376])
2026-07-15 06:42:51.169 | DEBUG    | core:as_tensor:724 - Loaded cache for /tmp/gemma4_31b_full_model_tensor_cache/layer_29/layer_29/self_attn/q_norm.weight_tp4_dtype_BFLOAT16_layout_ROW_MAJOR.tensorbin of shape Shape([1, 1, 16, 32])
2026-07-15 06:42:51.169 | DEBUG    | core:as_tensor:724 - Loaded cache for /tmp/gemma4_31b_full_model_tensor_cache/layer_29/layer_29/self_attn/k_norm.weight_tp4_dtype_BFLOAT16_layout_ROW_MAJOR.tensorbin of shape Shape([1, 1, 16, 32])
2026-07-15 06:42:51.222 | DEBUG    | core:as_tensor:724 - Loaded cache for /tmp/gemma4_31b_full_model_tensor_cache/layer_29/layer_29/mlp/gate_proj.weight_tp4_bfp8_dtype_BFLOAT8_B_layout_TILE.tensorbin of shape Shape([1, 1, 5376, 5376])
2026-07-15 06:42:51.237 | DEBUG    | core:as_tensor:724 - Loaded cache for /tmp/gemma4_31b_full_model_tensor_cache/layer_29/layer_29/mlp/up_proj.weight_tp4_bfp8_dtype_BFLOAT8_B_layout_TILE.tensorbin of shape Shape([1, 1, 5376, 5376])
2026-07-15 06:42:51.253 | DEBUG    | core:as_tensor:724 - Loaded cache for /tmp/gemma4_31b_full_model_tensor_cache/layer_29/layer_29/mlp/down_proj.weight_tp4_bfp8_dtype_BFLOAT8_B_layout_TILE.tensorbin of shape Shape([1, 1, 5376, 5376])
2026-07-15 06:43:12.644 | DEBUG    | core:as_tensor:724 - Loaded cache for /tmp/gemma4_31b_full_model_tensor_cache/layer_30/layer_30/input_layernorm/weight_dtype_BFLOAT16_layout_ROW_MAJOR.tensorbin of shape Shape([1, 1, 168, 32])
2026-07-15 06:43:12.645 | DEBUG    | core:as_tensor:724 - Loaded cache for /tmp/gemma4_31b_full_model_tensor_cache/layer_30/layer_30/post_attention_layernorm/weight_dtype_BFLOAT16_layout_ROW_MAJOR.tensorbin of shape Shape([1, 1, 168, 32])
2026-07-15 06:43:12.645 | DEBUG    | core:as_tensor:724 - Loaded cache for /tmp/gemma4_31b_full_model_tensor_cache/layer_30/layer_30/pre_feedforward_layernorm/weight_dtype_BFLOAT16_layout_ROW_MAJOR.tensorbin of shape Shape([1, 1, 168, 32])
2026-07-15 06:43:12.645 | DEBUG    | core:as_tensor:724 - Loaded cache for /tmp/gemma4_31b_full_model_tensor_cache/layer_30/layer_30/post_feedforward_layernorm/weight_dtype_BFLOAT16_layout_ROW_MAJOR.tensorbin of shape Shape([1, 1, 168, 32])
2026-07-15 06:43:12.743 | DEBUG    | core:as_tensor:724 - Loaded cache for /tmp/gemma4_31b_full_model_tensor_cache/layer_30/layer_30/self_attn/wqkv_tp4_bfp8_dtype_BFLOAT8_B_layout_TILE.tensorbin of shape Shape([1, 1, 5376, 4096])
2026-07-15 06:43:12.752 | DEBUG    | core:as_tensor:724 - Loaded cache for /tmp/gemma4_31b_full_model_tensor_cache/layer_30/layer_30/self_attn/o_proj_tp4_bfp8_dtype_BFLOAT8_B_layout_TILE.tensorbin of shape Shape([1, 1, 2048, 5376])
2026-07-15 06:43:12.753 | DEBUG    | core:as_tensor:724 - Loaded cache for /tmp/gemma4_31b_full_model_tensor_cache/layer_30/layer_30/self_attn/q_norm.weight_tp4_dtype_BFLOAT16_layout_ROW_MAJOR.tensorbin of shape Shape([1, 1, 8, 32])
2026-07-15 06:43:12.753 | DEBUG    | core:as_tensor:724 - Loaded cache for /tmp/gemma4_31b_full_model_tensor_cache/layer_30/layer_30/self_attn/k_norm.weight_tp4_dtype_BFLOAT16_layout_ROW_MAJOR.tensorbin of shape Shape([1, 1, 8, 32])
2026-07-15 06:43:12.797 | DEBUG    | core:as_tensor:724 - Loaded cache for /tmp/gemma4_31b_full_model_tensor_cache/layer_30/layer_30/mlp/gate_proj.weight_tp4_bfp8_dtype_BFLOAT8_B_layout_TILE.tensorbin of shape Shape([1, 1, 5376, 5376])
2026-07-15 06:43:12.813 | DEBUG    | core:as_tensor:724 - Loaded cache for /tmp/gemma4_31b_full_model_tensor_cache/layer_30/layer_30/mlp/up_proj.weight_tp4_bfp8_dtype_BFLOAT8_B_layout_TILE.tensorbin of shape Shape([1, 1, 5376, 5376])
2026-07-15 06:43:12.830 | DEBUG    | core:as_tensor:724 - Loaded cache for /tmp/gemma4_31b_full_model_tensor_cache/layer_30/layer_30/mlp/down_proj.weight_tp4_bfp8_dtype_BFLOAT8_B_layout_TILE.tensorbin of shape Shape([1, 1, 5376, 5376])
2026-07-15 06:43:33.043 | DEBUG    | core:as_tensor:724 - Loaded cache for /tmp/gemma4_31b_full_model_tensor_cache/layer_31/layer_31/input_layernorm/weight_dtype_BFLOAT16_layout_ROW_MAJOR.tensorbin of shape Shape([1, 1, 168, 32])
2026-07-15 06:43:33.043 | DEBUG    | core:as_tensor:724 - Loaded cache for /tmp/gemma4_31b_full_model_tensor_cache/layer_31/layer_31/post_attention_layernorm/weight_dtype_BFLOAT16_layout_ROW_MAJOR.tensorbin of shape Shape([1, 1, 168, 32])
2026-07-15 06:43:33.043 | DEBUG    | core:as_tensor:724 - Loaded cache for /tmp/gemma4_31b_full_model_tensor_cache/layer_31/layer_31/pre_feedforward_layernorm/weight_dtype_BFLOAT16_layout_ROW_MAJOR.tensorbin of shape Shape([1, 1, 168, 32])
2026-07-15 06:43:33.044 | DEBUG    | core:as_tensor:724 - Loaded cache for /tmp/gemma4_31b_full_model_tensor_cache/layer_31/layer_31/post_feedforward_layernorm/weight_dtype_BFLOAT16_layout_ROW_MAJOR.tensorbin of shape Shape([1, 1, 168, 32])
2026-07-15 06:43:33.143 | DEBUG    | core:as_tensor:724 - Loaded cache for /tmp/gemma4_31b_full_model_tensor_cache/layer_31/layer_31/self_attn/wqkv_tp4_bfp8_dtype_BFLOAT8_B_layout_TILE.tensorbin of shape Shape([1, 1, 5376, 4096])
2026-07-15 06:43:33.152 | DEBUG    | core:as_tensor:724 - Loaded cache for /tmp/gemma4_31b_full_model_tensor_cache/layer_31/layer_31/self_attn/o_proj_tp4_bfp8_dtype_BFLOAT8_B_layout_TILE.tensorbin of shape Shape([1, 1, 2048, 5376])
2026-07-15 06:43:33.152 | DEBUG    | core:as_tensor:724 - Loaded cache for /tmp/gemma4_31b_full_model_tensor_cache/layer_31/layer_31/self_attn/q_norm.weight_tp4_dtype_BFLOAT16_layout_ROW_MAJOR.tensorbin of shape Shape([1, 1, 8, 32])
2026-07-15 06:43:33.153 | DEBUG    | core:as_tensor:724 - Loaded cache for /tmp/gemma4_31b_full_model_tensor_cache/layer_31/layer_31/self_attn/k_norm.weight_tp4_dtype_BFLOAT16_layout_ROW_MAJOR.tensorbin of shape Shape([1, 1, 8, 32])
2026-07-15 06:43:33.199 | DEBUG    | core:as_tensor:724 - Loaded cache for /tmp/gemma4_31b_full_model_tensor_cache/layer_31/layer_31/mlp/gate_proj.weight_tp4_bfp8_dtype_BFLOAT8_B_layout_TILE.tensorbin of shape Shape([1, 1, 5376, 5376])
2026-07-15 06:43:33.214 | DEBUG    | core:as_tensor:724 - Loaded cache for /tmp/gemma4_31b_full_model_tensor_cache/layer_31/layer_31/mlp/up_proj.weight_tp4_bfp8_dtype_BFLOAT8_B_layout_TILE.tensorbin of shape Shape([1, 1, 5376, 5376])
2026-07-15 06:43:33.229 | DEBUG    | core:as_tensor:724 - Loaded cache for /tmp/gemma4_31b_full_model_tensor_cache/layer_31/layer_31/mlp/down_proj.weight_tp4_bfp8_dtype_BFLOAT8_B_layout_TILE.tensorbin of shape Shape([1, 1, 5376, 5376])
2026-07-15 06:43:53.649 | DEBUG    | core:as_tensor:724 - Loaded cache for /tmp/gemma4_31b_full_model_tensor_cache/layer_32/layer_32/input_layernorm/weight_dtype_BFLOAT16_layout_ROW_MAJOR.tensorbin of shape Shape([1, 1, 168, 32])
2026-07-15 06:43:53.649 | DEBUG    | core:as_tensor:724 - Loaded cache for /tmp/gemma4_31b_full_model_tensor_cache/layer_32/layer_32/post_attention_layernorm/weight_dtype_BFLOAT16_layout_ROW_MAJOR.tensorbin of shape Shape([1, 1, 168, 32])
2026-07-15 06:43:53.650 | DEBUG    | core:as_tensor:724 - Loaded cache for /tmp/gemma4_31b_full_model_tensor_cache/layer_32/layer_32/pre_feedforward_layernorm/weight_dtype_BFLOAT16_layout_ROW_MAJOR.tensorbin of shape Shape([1, 1, 168, 32])
2026-07-15 06:43:53.650 | DEBUG    | core:as_tensor:724 - Loaded cache for /tmp/gemma4_31b_full_model_tensor_cache/layer_32/layer_32/post_feedforward_layernorm/weight_dtype_BFLOAT16_layout_ROW_MAJOR.tensorbin of shape Shape([1, 1, 168, 32])
2026-07-15 06:43:53.747 | DEBUG    | core:as_tensor:724 - Loaded cache for /tmp/gemma4_31b_full_model_tensor_cache/layer_32/layer_32/self_attn/wqkv_tp4_bfp8_dtype_BFLOAT8_B_layout_TILE.tensorbin of shape Shape([1, 1, 5376, 4096])
2026-07-15 06:43:53.756 | DEBUG    | core:as_tensor:724 - Loaded cache for /tmp/gemma4_31b_full_model_tensor_cache/layer_32/layer_32/self_attn/o_proj_tp4_bfp8_dtype_BFLOAT8_B_layout_TILE.tensorbin of shape Shape([1, 1, 2048, 5376])
2026-07-15 06:43:53.757 | DEBUG    | core:as_tensor:724 - Loaded cache for /tmp/gemma4_31b_full_model_tensor_cache/layer_32/layer_32/self_attn/q_norm.weight_tp4_dtype_BFLOAT16_layout_ROW_MAJOR.tensorbin of shape Shape([1, 1, 8, 32])
2026-07-15 06:43:53.757 | DEBUG    | core:as_tensor:724 - Loaded cache for /tmp/gemma4_31b_full_model_tensor_cache/layer_32/layer_32/self_attn/k_norm.weight_tp4_dtype_BFLOAT16_layout_ROW_MAJOR.tensorbin of shape Shape([1, 1, 8, 32])
2026-07-15 06:43:53.800 | DEBUG    | core:as_tensor:724 - Loaded cache for /tmp/gemma4_31b_full_model_tensor_cache/layer_32/layer_32/mlp/gate_proj.weight_tp4_bfp8_dtype_BFLOAT8_B_layout_TILE.tensorbin of shape Shape([1, 1, 5376, 5376])
2026-07-15 06:43:53.815 | DEBUG    | core:as_tensor:724 - Loaded cache for /tmp/gemma4_31b_full_model_tensor_cache/layer_32/layer_32/mlp/up_proj.weight_tp4_bfp8_dtype_BFLOAT8_B_layout_TILE.tensorbin of shape Shape([1, 1, 5376, 5376])
2026-07-15 06:43:53.830 | DEBUG    | core:as_tensor:724 - Loaded cache for /tmp/gemma4_31b_full_model_tensor_cache/layer_32/layer_32/mlp/down_proj.weight_tp4_bfp8_dtype_BFLOAT8_B_layout_TILE.tensorbin of shape Shape([1, 1, 5376, 5376])
2026-07-15 06:44:13.870 | DEBUG    | core:as_tensor:724 - Loaded cache for /tmp/gemma4_31b_full_model_tensor_cache/layer_33/layer_33/input_layernorm/weight_dtype_BFLOAT16_layout_ROW_MAJOR.tensorbin of shape Shape([1, 1, 168, 32])
2026-07-15 06:44:13.871 | DEBUG    | core:as_tensor:724 - Loaded cache for /tmp/gemma4_31b_full_model_tensor_cache/layer_33/layer_33/post_attention_layernorm/weight_dtype_BFLOAT16_layout_ROW_MAJOR.tensorbin of shape Shape([1, 1, 168, 32])
2026-07-15 06:44:13.871 | DEBUG    | core:as_tensor:724 - Loaded cache for /tmp/gemma4_31b_full_model_tensor_cache/layer_33/layer_33/pre_feedforward_layernorm/weight_dtype_BFLOAT16_layout_ROW_MAJOR.tensorbin of shape Shape([1, 1, 168, 32])
2026-07-15 06:44:13.871 | DEBUG    | core:as_tensor:724 - Loaded cache for /tmp/gemma4_31b_full_model_tensor_cache/layer_33/layer_33/post_feedforward_layernorm/weight_dtype_BFLOAT16_layout_ROW_MAJOR.tensorbin of shape Shape([1, 1, 168, 32])
2026-07-15 06:44:13.970 | DEBUG    | core:as_tensor:724 - Loaded cache for /tmp/gemma4_31b_full_model_tensor_cache/layer_33/layer_33/self_attn/wqkv_tp4_bfp8_dtype_BFLOAT8_B_layout_TILE.tensorbin of shape Shape([1, 1, 5376, 4096])
2026-07-15 06:44:13.979 | DEBUG    | core:as_tensor:724 - Loaded cache for /tmp/gemma4_31b_full_model_tensor_cache/layer_33/layer_33/self_attn/o_proj_tp4_bfp8_dtype_BFLOAT8_B_layout_TILE.tensorbin of shape Shape([1, 1, 2048, 5376])
2026-07-15 06:44:13.979 | DEBUG    | core:as_tensor:724 - Loaded cache for /tmp/gemma4_31b_full_model_tensor_cache/layer_33/layer_33/self_attn/q_norm.weight_tp4_dtype_BFLOAT16_layout_ROW_MAJOR.tensorbin of shape Shape([1, 1, 8, 32])
2026-07-15 06:44:13.979 | DEBUG    | core:as_tensor:724 - Loaded cache for /tmp/gemma4_31b_full_model_tensor_cache/layer_33/layer_33/self_attn/k_norm.weight_tp4_dtype_BFLOAT16_layout_ROW_MAJOR.tensorbin of shape Shape([1, 1, 8, 32])
2026-07-15 06:44:14.026 | DEBUG    | core:as_tensor:724 - Loaded cache for /tmp/gemma4_31b_full_model_tensor_cache/layer_33/layer_33/mlp/gate_proj.weight_tp4_bfp8_dtype_BFLOAT8_B_layout_TILE.tensorbin of shape Shape([1, 1, 5376, 5376])
2026-07-15 06:44:14.041 | DEBUG    | core:as_tensor:724 - Loaded cache for /tmp/gemma4_31b_full_model_tensor_cache/layer_33/layer_33/mlp/up_proj.weight_tp4_bfp8_dtype_BFLOAT8_B_layout_TILE.tensorbin of shape Shape([1, 1, 5376, 5376])
2026-07-15 06:44:14.056 | DEBUG    | core:as_tensor:724 - Loaded cache for /tmp/gemma4_31b_full_model_tensor_cache/layer_33/layer_33/mlp/down_proj.weight_tp4_bfp8_dtype_BFLOAT8_B_layout_TILE.tensorbin of shape Shape([1, 1, 5376, 5376])
2026-07-15 06:44:34.125 | DEBUG    | core:as_tensor:724 - Loaded cache for /tmp/gemma4_31b_full_model_tensor_cache/layer_34/layer_34/input_layernorm/weight_dtype_BFLOAT16_layout_ROW_MAJOR.tensorbin of shape Shape([1, 1, 168, 32])
2026-07-15 06:44:34.125 | DEBUG    | core:as_tensor:724 - Loaded cache for /tmp/gemma4_31b_full_model_tensor_cache/layer_34/layer_34/post_attention_layernorm/weight_dtype_BFLOAT16_layout_ROW_MAJOR.tensorbin of shape Shape([1, 1, 168, 32])
2026-07-15 06:44:34.126 | DEBUG    | core:as_tensor:724 - Loaded cache for /tmp/gemma4_31b_full_model_tensor_cache/layer_34/layer_34/pre_feedforward_layernorm/weight_dtype_BFLOAT16_layout_ROW_MAJOR.tensorbin of shape Shape([1, 1, 168, 32])
2026-07-15 06:44:34.126 | DEBUG    | core:as_tensor:724 - Loaded cache for /tmp/gemma4_31b_full_model_tensor_cache/layer_34/layer_34/post_feedforward_layernorm/weight_dtype_BFLOAT16_layout_ROW_MAJOR.tensorbin of shape Shape([1, 1, 168, 32])
2026-07-15 06:44:34.224 | DEBUG    | core:as_tensor:724 - Loaded cache for /tmp/gemma4_31b_full_model_tensor_cache/layer_34/layer_34/self_attn/wqkv_tp4_bfp8_dtype_BFLOAT8_B_layout_TILE.tensorbin of shape Shape([1, 1, 5376, 4096])
2026-07-15 06:44:34.233 | DEBUG    | core:as_tensor:724 - Loaded cache for /tmp/gemma4_31b_full_model_tensor_cache/layer_34/layer_34/self_attn/o_proj_tp4_bfp8_dtype_BFLOAT8_B_layout_TILE.tensorbin of shape Shape([1, 1, 2048, 5376])
2026-07-15 06:44:34.233 | DEBUG    | core:as_tensor:724 - Loaded cache for /tmp/gemma4_31b_full_model_tensor_cache/layer_34/layer_34/self_attn/q_norm.weight_tp4_dtype_BFLOAT16_layout_ROW_MAJOR.tensorbin of shape Shape([1, 1, 8, 32])
2026-07-15 06:44:34.234 | DEBUG    | core:as_tensor:724 - Loaded cache for /tmp/gemma4_31b_full_model_tensor_cache/layer_34/layer_34/self_attn/k_norm.weight_tp4_dtype_BFLOAT16_layout_ROW_MAJOR.tensorbin of shape Shape([1, 1, 8, 32])
2026-07-15 06:44:34.276 | DEBUG    | core:as_tensor:724 - Loaded cache for /tmp/gemma4_31b_full_model_tensor_cache/layer_34/layer_34/mlp/gate_proj.weight_tp4_bfp8_dtype_BFLOAT8_B_layout_TILE.tensorbin of shape Shape([1, 1, 5376, 5376])
2026-07-15 06:44:34.291 | DEBUG    | core:as_tensor:724 - Loaded cache for /tmp/gemma4_31b_full_model_tensor_cache/layer_34/layer_34/mlp/up_proj.weight_tp4_bfp8_dtype_BFLOAT8_B_layout_TILE.tensorbin of shape Shape([1, 1, 5376, 5376])
2026-07-15 06:44:34.307 | DEBUG    | core:as_tensor:724 - Loaded cache for /tmp/gemma4_31b_full_model_tensor_cache/layer_34/layer_34/mlp/down_proj.weight_tp4_bfp8_dtype_BFLOAT8_B_layout_TILE.tensorbin of shape Shape([1, 1, 5376, 5376])
2026-07-15 06:44:54.226 | DEBUG    | core:as_tensor:724 - Loaded cache for /tmp/gemma4_31b_full_model_tensor_cache/layer_35/layer_35/input_layernorm/weight_dtype_BFLOAT16_layout_ROW_MAJOR.tensorbin of shape Shape([1, 1, 168, 32])
2026-07-15 06:44:54.233 | DEBUG    | core:as_tensor:724 - Loaded cache for /tmp/gemma4_31b_full_model_tensor_cache/layer_35/layer_35/post_attention_layernorm/weight_dtype_BFLOAT16_layout_ROW_MAJOR.tensorbin of shape Shape([1, 1, 168, 32])
2026-07-15 06:44:54.234 | DEBUG    | core:as_tensor:724 - Loaded cache for /tmp/gemma4_31b_full_model_tensor_cache/layer_35/layer_35/pre_feedforward_layernorm/weight_dtype_BFLOAT16_layout_ROW_MAJOR.tensorbin of shape Shape([1, 1, 168, 32])
2026-07-15 06:44:54.234 | DEBUG    | core:as_tensor:724 - Loaded cache for /tmp/gemma4_31b_full_model_tensor_cache/layer_35/layer_35/post_feedforward_layernorm/weight_dtype_BFLOAT16_layout_ROW_MAJOR.tensorbin of shape Shape([1, 1, 168, 32])
2026-07-15 06:44:54.359 | DEBUG    | core:as_tensor:724 - Loaded cache for /tmp/gemma4_31b_full_model_tensor_cache/layer_35/layer_35/self_attn/wqkv_tp4_bfp8_dtype_BFLOAT8_B_layout_TILE.tensorbin of shape Shape([1, 1, 5376, 5120])
2026-07-15 06:44:54.372 | DEBUG    | core:as_tensor:724 - Loaded cache for /tmp/gemma4_31b_full_model_tensor_cache/layer_35/layer_35/self_attn/o_proj_tp4_bfp8_dtype_BFLOAT8_B_layout_TILE.tensorbin of shape Shape([1, 1, 4096, 5376])
2026-07-15 06:44:54.372 | DEBUG    | core:as_tensor:724 - Loaded cache for /tmp/gemma4_31b_full_model_tensor_cache/layer_35/layer_35/self_attn/q_norm.weight_tp4_dtype_BFLOAT16_layout_ROW_MAJOR.tensorbin of shape Shape([1, 1, 16, 32])
2026-07-15 06:44:54.372 | DEBUG    | core:as_tensor:724 - Loaded cache for /tmp/gemma4_31b_full_model_tensor_cache/layer_35/layer_35/self_attn/k_norm.weight_tp4_dtype_BFLOAT16_layout_ROW_MAJOR.tensorbin of shape Shape([1, 1, 16, 32])
2026-07-15 06:44:54.424 | DEBUG    | core:as_tensor:724 - Loaded cache for /tmp/gemma4_31b_full_model_tensor_cache/layer_35/layer_35/mlp/gate_proj.weight_tp4_bfp8_dtype_BFLOAT8_B_layout_TILE.tensorbin of shape Shape([1, 1, 5376, 5376])
2026-07-15 06:44:54.439 | DEBUG    | core:as_tensor:724 - Loaded cache for /tmp/gemma4_31b_full_model_tensor_cache/layer_35/layer_35/mlp/up_proj.weight_tp4_bfp8_dtype_BFLOAT8_B_layout_TILE.tensorbin of shape Shape([1, 1, 5376, 5376])
2026-07-15 06:44:54.455 | DEBUG    | core:as_tensor:724 - Loaded cache for /tmp/gemma4_31b_full_model_tensor_cache/layer_35/layer_35/mlp/down_proj.weight_tp4_bfp8_dtype_BFLOAT8_B_layout_TILE.tensorbin of shape Shape([1, 1, 5376, 5376])
2026-07-15 06:45:16.179 | DEBUG    | core:as_tensor:724 - Loaded cache for /tmp/gemma4_31b_full_model_tensor_cache/layer_36/layer_36/input_layernorm/weight_dtype_BFLOAT16_layout_ROW_MAJOR.tensorbin of shape Shape([1, 1, 168, 32])
2026-07-15 06:45:16.179 | DEBUG    | core:as_tensor:724 - Loaded cache for /tmp/gemma4_31b_full_model_tensor_cache/layer_36/layer_36/post_attention_layernorm/weight_dtype_BFLOAT16_layout_ROW_MAJOR.tensorbin of shape Shape([1, 1, 168, 32])
2026-07-15 06:45:16.180 | DEBUG    | core:as_tensor:724 - Loaded cache for /tmp/gemma4_31b_full_model_tensor_cache/layer_36/layer_36/pre_feedforward_layernorm/weight_dtype_BFLOAT16_layout_ROW_MAJOR.tensorbin of shape Shape([1, 1, 168, 32])
2026-07-15 06:45:16.180 | DEBUG    | core:as_tensor:724 - Loaded cache for /tmp/gemma4_31b_full_model_tensor_cache/layer_36/layer_36/post_feedforward_layernorm/weight_dtype_BFLOAT16_layout_ROW_MAJOR.tensorbin of shape Shape([1, 1, 168, 32])
2026-07-15 06:45:16.278 | DEBUG    | core:as_tensor:724 - Loaded cache for /tmp/gemma4_31b_full_model_tensor_cache/layer_36/layer_36/self_attn/wqkv_tp4_bfp8_dtype_BFLOAT8_B_layout_TILE.tensorbin of shape Shape([1, 1, 5376, 4096])
2026-07-15 06:45:16.288 | DEBUG    | core:as_tensor:724 - Loaded cache for /tmp/gemma4_31b_full_model_tensor_cache/layer_36/layer_36/self_attn/o_proj_tp4_bfp8_dtype_BFLOAT8_B_layout_TILE.tensorbin of shape Shape([1, 1, 2048, 5376])
2026-07-15 06:45:16.288 | DEBUG    | core:as_tensor:724 - Loaded cache for /tmp/gemma4_31b_full_model_tensor_cache/layer_36/layer_36/self_attn/q_norm.weight_tp4_dtype_BFLOAT16_layout_ROW_MAJOR.tensorbin of shape Shape([1, 1, 8, 32])
2026-07-15 06:45:16.288 | DEBUG    | core:as_tensor:724 - Loaded cache for /tmp/gemma4_31b_full_model_tensor_cache/layer_36/layer_36/self_attn/k_norm.weight_tp4_dtype_BFLOAT16_layout_ROW_MAJOR.tensorbin of shape Shape([1, 1, 8, 32])
2026-07-15 06:45:16.336 | DEBUG    | core:as_tensor:724 - Loaded cache for /tmp/gemma4_31b_full_model_tensor_cache/layer_36/layer_36/mlp/gate_proj.weight_tp4_bfp8_dtype_BFLOAT8_B_layout_TILE.tensorbin of shape Shape([1, 1, 5376, 5376])
2026-07-15 06:45:16.352 | DEBUG    | core:as_tensor:724 - Loaded cache for /tmp/gemma4_31b_full_model_tensor_cache/layer_36/layer_36/mlp/up_proj.weight_tp4_bfp8_dtype_BFLOAT8_B_layout_TILE.tensorbin of shape Shape([1, 1, 5376, 5376])
2026-07-15 06:45:16.367 | DEBUG    | core:as_tensor:724 - Loaded cache for /tmp/gemma4_31b_full_model_tensor_cache/layer_36/layer_36/mlp/down_proj.weight_tp4_bfp8_dtype_BFLOAT8_B_layout_TILE.tensorbin of shape Shape([1, 1, 5376, 5376])
2026-07-15 06:45:36.710 | DEBUG    | core:as_tensor:724 - Loaded cache for /tmp/gemma4_31b_full_model_tensor_cache/layer_37/layer_37/input_layernorm/weight_dtype_BFLOAT16_layout_ROW_MAJOR.tensorbin of shape Shape([1, 1, 168, 32])
2026-07-15 06:45:36.710 | DEBUG    | core:as_tensor:724 - Loaded cache for /tmp/gemma4_31b_full_model_tensor_cache/layer_37/layer_37/post_attention_layernorm/weight_dtype_BFLOAT16_layout_ROW_MAJOR.tensorbin of shape Shape([1, 1, 168, 32])
2026-07-15 06:45:36.712 | DEBUG    | core:as_tensor:724 - Loaded cache for /tmp/gemma4_31b_full_model_tensor_cache/layer_37/layer_37/pre_feedforward_layernorm/weight_dtype_BFLOAT16_layout_ROW_MAJOR.tensorbin of shape Shape([1, 1, 168, 32])
2026-07-15 06:45:36.712 | DEBUG    | core:as_tensor:724 - Loaded cache for /tmp/gemma4_31b_full_model_tensor_cache/layer_37/layer_37/post_feedforward_layernorm/weight_dtype_BFLOAT16_layout_ROW_MAJOR.tensorbin of shape Shape([1, 1, 168, 32])
2026-07-15 06:45:36.812 | DEBUG    | core:as_tensor:724 - Loaded cache for /tmp/gemma4_31b_full_model_tensor_cache/layer_37/layer_37/self_attn/wqkv_tp4_bfp8_dtype_BFLOAT8_B_layout_TILE.tensorbin of shape Shape([1, 1, 5376, 4096])
2026-07-15 06:45:36.821 | DEBUG    | core:as_tensor:724 - Loaded cache for /tmp/gemma4_31b_full_model_tensor_cache/layer_37/layer_37/self_attn/o_proj_tp4_bfp8_dtype_BFLOAT8_B_layout_TILE.tensorbin of shape Shape([1, 1, 2048, 5376])
2026-07-15 06:45:36.822 | DEBUG    | core:as_tensor:724 - Loaded cache for /tmp/gemma4_31b_full_model_tensor_cache/layer_37/layer_37/self_attn/q_norm.weight_tp4_dtype_BFLOAT16_layout_ROW_MAJOR.tensorbin of shape Shape([1, 1, 8, 32])
2026-07-15 06:45:36.822 | DEBUG    | core:as_tensor:724 - Loaded cache for /tmp/gemma4_31b_full_model_tensor_cache/layer_37/layer_37/self_attn/k_norm.weight_tp4_dtype_BFLOAT16_layout_ROW_MAJOR.tensorbin of shape Shape([1, 1, 8, 32])
2026-07-15 06:45:36.869 | DEBUG    | core:as_tensor:724 - Loaded cache for /tmp/gemma4_31b_full_model_tensor_cache/layer_37/layer_37/mlp/gate_proj.weight_tp4_bfp8_dtype_BFLOAT8_B_layout_TILE.tensorbin of shape Shape([1, 1, 5376, 5376])
2026-07-15 06:45:36.884 | DEBUG    | core:as_tensor:724 - Loaded cache for /tmp/gemma4_31b_full_model_tensor_cache/layer_37/layer_37/mlp/up_proj.weight_tp4_bfp8_dtype_BFLOAT8_B_layout_TILE.tensorbin of shape Shape([1, 1, 5376, 5376])
2026-07-15 06:45:36.900 | DEBUG    | core:as_tensor:724 - Loaded cache for /tmp/gemma4_31b_full_model_tensor_cache/layer_37/layer_37/mlp/down_proj.weight_tp4_bfp8_dtype_BFLOAT8_B_layout_TILE.tensorbin of shape Shape([1, 1, 5376, 5376])
2026-07-15 06:45:57.231 | DEBUG    | core:as_tensor:724 - Loaded cache for /tmp/gemma4_31b_full_model_tensor_cache/layer_38/layer_38/input_layernorm/weight_dtype_BFLOAT16_layout_ROW_MAJOR.tensorbin of shape Shape([1, 1, 168, 32])
2026-07-15 06:45:57.231 | DEBUG    | core:as_tensor:724 - Loaded cache for /tmp/gemma4_31b_full_model_tensor_cache/layer_38/layer_38/post_attention_layernorm/weight_dtype_BFLOAT16_layout_ROW_MAJOR.tensorbin of shape Shape([1, 1, 168, 32])
2026-07-15 06:45:57.232 | DEBUG    | core:as_tensor:724 - Loaded cache for /tmp/gemma4_31b_full_model_tensor_cache/layer_38/layer_38/pre_feedforward_layernorm/weight_dtype_BFLOAT16_layout_ROW_MAJOR.tensorbin of shape Shape([1, 1, 168, 32])
2026-07-15 06:45:57.232 | DEBUG    | core:as_tensor:724 - Loaded cache for /tmp/gemma4_31b_full_model_tensor_cache/layer_38/layer_38/post_feedforward_layernorm/weight_dtype_BFLOAT16_layout_ROW_MAJOR.tensorbin of shape Shape([1, 1, 168, 32])
2026-07-15 06:45:57.330 | DEBUG    | core:as_tensor:724 - Loaded cache for /tmp/gemma4_31b_full_model_tensor_cache/layer_38/layer_38/self_attn/wqkv_tp4_bfp8_dtype_BFLOAT8_B_layout_TILE.tensorbin of shape Shape([1, 1, 5376, 4096])
2026-07-15 06:45:57.340 | DEBUG    | core:as_tensor:724 - Loaded cache for /tmp/gemma4_31b_full_model_tensor_cache/layer_38/layer_38/self_attn/o_proj_tp4_bfp8_dtype_BFLOAT8_B_layout_TILE.tensorbin of shape Shape([1, 1, 2048, 5376])
2026-07-15 06:45:57.340 | DEBUG    | core:as_tensor:724 - Loaded cache for /tmp/gemma4_31b_full_model_tensor_cache/layer_38/layer_38/self_attn/q_norm.weight_tp4_dtype_BFLOAT16_layout_ROW_MAJOR.tensorbin of shape Shape([1, 1, 8, 32])
2026-07-15 06:45:57.341 | DEBUG    | core:as_tensor:724 - Loaded cache for /tmp/gemma4_31b_full_model_tensor_cache/layer_38/layer_38/self_attn/k_norm.weight_tp4_dtype_BFLOAT16_layout_ROW_MAJOR.tensorbin of shape Shape([1, 1, 8, 32])
2026-07-15 06:45:57.388 | DEBUG    | core:as_tensor:724 - Loaded cache for /tmp/gemma4_31b_full_model_tensor_cache/layer_38/layer_38/mlp/gate_proj.weight_tp4_bfp8_dtype_BFLOAT8_B_layout_TILE.tensorbin of shape Shape([1, 1, 5376, 5376])
2026-07-15 06:45:57.403 | DEBUG    | core:as_tensor:724 - Loaded cache for /tmp/gemma4_31b_full_model_tensor_cache/layer_38/layer_38/mlp/up_proj.weight_tp4_bfp8_dtype_BFLOAT8_B_layout_TILE.tensorbin of shape Shape([1, 1, 5376, 5376])
2026-07-15 06:45:57.419 | DEBUG    | core:as_tensor:724 - Loaded cache for /tmp/gemma4_31b_full_model_tensor_cache/layer_38/layer_38/mlp/down_proj.weight_tp4_bfp8_dtype_BFLOAT8_B_layout_TILE.tensorbin of shape Shape([1, 1, 5376, 5376])
2026-07-15 06:46:17.792 | DEBUG    | core:as_tensor:724 - Loaded cache for /tmp/gemma4_31b_full_model_tensor_cache/layer_39/layer_39/input_layernorm/weight_dtype_BFLOAT16_layout_ROW_MAJOR.tensorbin of shape Shape([1, 1, 168, 32])
2026-07-15 06:46:17.793 | DEBUG    | core:as_tensor:724 - Loaded cache for /tmp/gemma4_31b_full_model_tensor_cache/layer_39/layer_39/post_attention_layernorm/weight_dtype_BFLOAT16_layout_ROW_MAJOR.tensorbin of shape Shape([1, 1, 168, 32])
2026-07-15 06:46:17.793 | DEBUG    | core:as_tensor:724 - Loaded cache for /tmp/gemma4_31b_full_model_tensor_cache/layer_39/layer_39/pre_feedforward_layernorm/weight_dtype_BFLOAT16_layout_ROW_MAJOR.tensorbin of shape Shape([1, 1, 168, 32])
2026-07-15 06:46:17.793 | DEBUG    | core:as_tensor:724 - Loaded cache for /tmp/gemma4_31b_full_model_tensor_cache/layer_39/layer_39/post_feedforward_layernorm/weight_dtype_BFLOAT16_layout_ROW_MAJOR.tensorbin of shape Shape([1, 1, 168, 32])
2026-07-15 06:46:17.892 | DEBUG    | core:as_tensor:724 - Loaded cache for /tmp/gemma4_31b_full_model_tensor_cache/layer_39/layer_39/self_attn/wqkv_tp4_bfp8_dtype_BFLOAT8_B_layout_TILE.tensorbin of shape Shape([1, 1, 5376, 4096])
2026-07-15 06:46:17.902 | DEBUG    | core:as_tensor:724 - Loaded cache for /tmp/gemma4_31b_full_model_tensor_cache/layer_39/layer_39/self_attn/o_proj_tp4_bfp8_dtype_BFLOAT8_B_layout_TILE.tensorbin of shape Shape([1, 1, 2048, 5376])
2026-07-15 06:46:17.902 | DEBUG    | core:as_tensor:724 - Loaded cache for /tmp/gemma4_31b_full_model_tensor_cache/layer_39/layer_39/self_attn/q_norm.weight_tp4_dtype_BFLOAT16_layout_ROW_MAJOR.tensorbin of shape Shape([1, 1, 8, 32])
2026-07-15 06:46:17.903 | DEBUG    | core:as_tensor:724 - Loaded cache for /tmp/gemma4_31b_full_model_tensor_cache/layer_39/layer_39/self_attn/k_norm.weight_tp4_dtype_BFLOAT16_layout_ROW_MAJOR.tensorbin of shape Shape([1, 1, 8, 32])
2026-07-15 06:46:17.950 | DEBUG    | core:as_tensor:724 - Loaded cache for /tmp/gemma4_31b_full_model_tensor_cache/layer_39/layer_39/mlp/gate_proj.weight_tp4_bfp8_dtype_BFLOAT8_B_layout_TILE.tensorbin of shape Shape([1, 1, 5376, 5376])
2026-07-15 06:46:17.966 | DEBUG    | core:as_tensor:724 - Loaded cache for /tmp/gemma4_31b_full_model_tensor_cache/layer_39/layer_39/mlp/up_proj.weight_tp4_bfp8_dtype_BFLOAT8_B_layout_TILE.tensorbin of shape Shape([1, 1, 5376, 5376])
2026-07-15 06:46:17.981 | DEBUG    | core:as_tensor:724 - Loaded cache for /tmp/gemma4_31b_full_model_tensor_cache/layer_39/layer_39/mlp/down_proj.weight_tp4_bfp8_dtype_BFLOAT8_B_layout_TILE.tensorbin of shape Shape([1, 1, 5376, 5376])
2026-07-15 06:46:38.308 | DEBUG    | core:as_tensor:724 - Loaded cache for /tmp/gemma4_31b_full_model_tensor_cache/layer_40/layer_40/input_layernorm/weight_dtype_BFLOAT16_layout_ROW_MAJOR.tensorbin of shape Shape([1, 1, 168, 32])
2026-07-15 06:46:38.308 | DEBUG    | core:as_tensor:724 - Loaded cache for /tmp/gemma4_31b_full_model_tensor_cache/layer_40/layer_40/post_attention_layernorm/weight_dtype_BFLOAT16_layout_ROW_MAJOR.tensorbin of shape Shape([1, 1, 168, 32])
2026-07-15 06:46:38.308 | DEBUG    | core:as_tensor:724 - Loaded cache for /tmp/gemma4_31b_full_model_tensor_cache/layer_40/layer_40/pre_feedforward_layernorm/weight_dtype_BFLOAT16_layout_ROW_MAJOR.tensorbin of shape Shape([1, 1, 168, 32])
2026-07-15 06:46:38.309 | DEBUG    | core:as_tensor:724 - Loaded cache for /tmp/gemma4_31b_full_model_tensor_cache/layer_40/layer_40/post_feedforward_layernorm/weight_dtype_BFLOAT16_layout_ROW_MAJOR.tensorbin of shape Shape([1, 1, 168, 32])
2026-07-15 06:46:38.408 | DEBUG    | core:as_tensor:724 - Loaded cache for /tmp/gemma4_31b_full_model_tensor_cache/layer_40/layer_40/self_attn/wqkv_tp4_bfp8_dtype_BFLOAT8_B_layout_TILE.tensorbin of shape Shape([1, 1, 5376, 4096])
2026-07-15 06:46:38.417 | DEBUG    | core:as_tensor:724 - Loaded cache for /tmp/gemma4_31b_full_model_tensor_cache/layer_40/layer_40/self_attn/o_proj_tp4_bfp8_dtype_BFLOAT8_B_layout_TILE.tensorbin of shape Shape([1, 1, 2048, 5376])
2026-07-15 06:46:38.418 | DEBUG    | core:as_tensor:724 - Loaded cache for /tmp/gemma4_31b_full_model_tensor_cache/layer_40/layer_40/self_attn/q_norm.weight_tp4_dtype_BFLOAT16_layout_ROW_MAJOR.tensorbin of shape Shape([1, 1, 8, 32])
2026-07-15 06:46:38.418 | DEBUG    | core:as_tensor:724 - Loaded cache for /tmp/gemma4_31b_full_model_tensor_cache/layer_40/layer_40/self_attn/k_norm.weight_tp4_dtype_BFLOAT16_layout_ROW_MAJOR.tensorbin of shape Shape([1, 1, 8, 32])
2026-07-15 06:46:38.465 | DEBUG    | core:as_tensor:724 - Loaded cache for /tmp/gemma4_31b_full_model_tensor_cache/layer_40/layer_40/mlp/gate_proj.weight_tp4_bfp8_dtype_BFLOAT8_B_layout_TILE.tensorbin of shape Shape([1, 1, 5376, 5376])
2026-07-15 06:46:38.480 | DEBUG    | core:as_tensor:724 - Loaded cache for /tmp/gemma4_31b_full_model_tensor_cache/layer_40/layer_40/mlp/up_proj.weight_tp4_bfp8_dtype_BFLOAT8_B_layout_TILE.tensorbin of shape Shape([1, 1, 5376, 5376])
2026-07-15 06:46:38.496 | DEBUG    | core:as_tensor:724 - Loaded cache for /tmp/gemma4_31b_full_model_tensor_cache/layer_40/layer_40/mlp/down_proj.weight_tp4_bfp8_dtype_BFLOAT8_B_layout_TILE.tensorbin of shape Shape([1, 1, 5376, 5376])
2026-07-15 06:46:58.861 | DEBUG    | core:as_tensor:724 - Loaded cache for /tmp/gemma4_31b_full_model_tensor_cache/layer_41/layer_41/input_layernorm/weight_dtype_BFLOAT16_layout_ROW_MAJOR.tensorbin of shape Shape([1, 1, 168, 32])
2026-07-15 06:46:58.861 | DEBUG    | core:as_tensor:724 - Loaded cache for /tmp/gemma4_31b_full_model_tensor_cache/layer_41/layer_41/post_attention_layernorm/weight_dtype_BFLOAT16_layout_ROW_MAJOR.tensorbin of shape Shape([1, 1, 168, 32])
2026-07-15 06:46:58.862 | DEBUG    | core:as_tensor:724 - Loaded cache for /tmp/gemma4_31b_full_model_tensor_cache/layer_41/layer_41/pre_feedforward_layernorm/weight_dtype_BFLOAT16_layout_ROW_MAJOR.tensorbin of shape Shape([1, 1, 168, 32])
2026-07-15 06:46:58.862 | DEBUG    | core:as_tensor:724 - Loaded cache for /tmp/gemma4_31b_full_model_tensor_cache/layer_41/layer_41/post_feedforward_layernorm/weight_dtype_BFLOAT16_layout_ROW_MAJOR.tensorbin of shape Shape([1, 1, 168, 32])
2026-07-15 06:46:58.970 | DEBUG    | core:as_tensor:724 - Loaded cache for /tmp/gemma4_31b_full_model_tensor_cache/layer_41/layer_41/self_attn/wqkv_tp4_bfp8_dtype_BFLOAT8_B_layout_TILE.tensorbin of shape Shape([1, 1, 5376, 5120])
2026-07-15 06:46:58.983 | DEBUG    | core:as_tensor:724 - Loaded cache for /tmp/gemma4_31b_full_model_tensor_cache/layer_41/layer_41/self_attn/o_proj_tp4_bfp8_dtype_BFLOAT8_B_layout_TILE.tensorbin of shape Shape([1, 1, 4096, 5376])
2026-07-15 06:46:58.984 | DEBUG    | core:as_tensor:724 - Loaded cache for /tmp/gemma4_31b_full_model_tensor_cache/layer_41/layer_41/self_attn/q_norm.weight_tp4_dtype_BFLOAT16_layout_ROW_MAJOR.tensorbin of shape Shape([1, 1, 16, 32])
2026-07-15 06:46:58.984 | DEBUG    | core:as_tensor:724 - Loaded cache for /tmp/gemma4_31b_full_model_tensor_cache/layer_41/layer_41/self_attn/k_norm.weight_tp4_dtype_BFLOAT16_layout_ROW_MAJOR.tensorbin of shape Shape([1, 1, 16, 32])
2026-07-15 06:46:59.037 | DEBUG    | core:as_tensor:724 - Loaded cache for /tmp/gemma4_31b_full_model_tensor_cache/layer_41/layer_41/mlp/gate_proj.weight_tp4_bfp8_dtype_BFLOAT8_B_layout_TILE.tensorbin of shape Shape([1, 1, 5376, 5376])
2026-07-15 06:46:59.053 | DEBUG    | core:as_tensor:724 - Loaded cache for /tmp/gemma4_31b_full_model_tensor_cache/layer_41/layer_41/mlp/up_proj.weight_tp4_bfp8_dtype_BFLOAT8_B_layout_TILE.tensorbin of shape Shape([1, 1, 5376, 5376])
2026-07-15 06:46:59.068 | DEBUG    | core:as_tensor:724 - Loaded cache for /tmp/gemma4_31b_full_model_tensor_cache/layer_41/layer_41/mlp/down_proj.weight_tp4_bfp8_dtype_BFLOAT8_B_layout_TILE.tensorbin of shape Shape([1, 1, 5376, 5376])
2026-07-15 06:47:20.781 | DEBUG    | core:as_tensor:724 - Loaded cache for /tmp/gemma4_31b_full_model_tensor_cache/layer_42/layer_42/input_layernorm/weight_dtype_BFLOAT16_layout_ROW_MAJOR.tensorbin of shape Shape([1, 1, 168, 32])
2026-07-15 06:47:20.781 | DEBUG    | core:as_tensor:724 - Loaded cache for /tmp/gemma4_31b_full_model_tensor_cache/layer_42/layer_42/post_attention_layernorm/weight_dtype_BFLOAT16_layout_ROW_MAJOR.tensorbin of shape Shape([1, 1, 168, 32])
2026-07-15 06:47:20.782 | DEBUG    | core:as_tensor:724 - Loaded cache for /tmp/gemma4_31b_full_model_tensor_cache/layer_42/layer_42/pre_feedforward_layernorm/weight_dtype_BFLOAT16_layout_ROW_MAJOR.tensorbin of shape Shape([1, 1, 168, 32])
2026-07-15 06:47:20.782 | DEBUG    | core:as_tensor:724 - Loaded cache for /tmp/gemma4_31b_full_model_tensor_cache/layer_42/layer_42/post_feedforward_layernorm/weight_dtype_BFLOAT16_layout_ROW_MAJOR.tensorbin of shape Shape([1, 1, 168, 32])
2026-07-15 06:47:20.880 | DEBUG    | core:as_tensor:724 - Loaded cache for /tmp/gemma4_31b_full_model_tensor_cache/layer_42/layer_42/self_attn/wqkv_tp4_bfp8_dtype_BFLOAT8_B_layout_TILE.tensorbin of shape Shape([1, 1, 5376, 4096])
2026-07-15 06:47:20.890 | DEBUG    | core:as_tensor:724 - Loaded cache for /tmp/gemma4_31b_full_model_tensor_cache/layer_42/layer_42/self_attn/o_proj_tp4_bfp8_dtype_BFLOAT8_B_layout_TILE.tensorbin of shape Shape([1, 1, 2048, 5376])
2026-07-15 06:47:20.890 | DEBUG    | core:as_tensor:724 - Loaded cache for /tmp/gemma4_31b_full_model_tensor_cache/layer_42/layer_42/self_attn/q_norm.weight_tp4_dtype_BFLOAT16_layout_ROW_MAJOR.tensorbin of shape Shape([1, 1, 8, 32])
2026-07-15 06:47:20.891 | DEBUG    | core:as_tensor:724 - Loaded cache for /tmp/gemma4_31b_full_model_tensor_cache/layer_42/layer_42/self_attn/k_norm.weight_tp4_dtype_BFLOAT16_layout_ROW_MAJOR.tensorbin of shape Shape([1, 1, 8, 32])
2026-07-15 06:47:20.938 | DEBUG    | core:as_tensor:724 - Loaded cache for /tmp/gemma4_31b_full_model_tensor_cache/layer_42/layer_42/mlp/gate_proj.weight_tp4_bfp8_dtype_BFLOAT8_B_layout_TILE.tensorbin of shape Shape([1, 1, 5376, 5376])
2026-07-15 06:47:20.953 | DEBUG    | core:as_tensor:724 - Loaded cache for /tmp/gemma4_31b_full_model_tensor_cache/layer_42/layer_42/mlp/up_proj.weight_tp4_bfp8_dtype_BFLOAT8_B_layout_TILE.tensorbin of shape Shape([1, 1, 5376, 5376])
2026-07-15 06:47:20.969 | DEBUG    | core:as_tensor:724 - Loaded cache for /tmp/gemma4_31b_full_model_tensor_cache/layer_42/layer_42/mlp/down_proj.weight_tp4_bfp8_dtype_BFLOAT8_B_layout_TILE.tensorbin of shape Shape([1, 1, 5376, 5376])
2026-07-15 06:47:41.367 | DEBUG    | core:as_tensor:724 - Loaded cache for /tmp/gemma4_31b_full_model_tensor_cache/layer_43/layer_43/input_layernorm/weight_dtype_BFLOAT16_layout_ROW_MAJOR.tensorbin of shape Shape([1, 1, 168, 32])
2026-07-15 06:47:41.368 | DEBUG    | core:as_tensor:724 - Loaded cache for /tmp/gemma4_31b_full_model_tensor_cache/layer_43/layer_43/post_attention_layernorm/weight_dtype_BFLOAT16_layout_ROW_MAJOR.tensorbin of shape Shape([1, 1, 168, 32])
2026-07-15 06:47:41.368 | DEBUG    | core:as_tensor:724 - Loaded cache for /tmp/gemma4_31b_full_model_tensor_cache/layer_43/layer_43/pre_feedforward_layernorm/weight_dtype_BFLOAT16_layout_ROW_MAJOR.tensorbin of shape Shape([1, 1, 168, 32])
2026-07-15 06:47:41.368 | DEBUG    | core:as_tensor:724 - Loaded cache for /tmp/gemma4_31b_full_model_tensor_cache/layer_43/layer_43/post_feedforward_layernorm/weight_dtype_BFLOAT16_layout_ROW_MAJOR.tensorbin of shape Shape([1, 1, 168, 32])
2026-07-15 06:47:41.467 | DEBUG    | core:as_tensor:724 - Loaded cache for /tmp/gemma4_31b_full_model_tensor_cache/layer_43/layer_43/self_attn/wqkv_tp4_bfp8_dtype_BFLOAT8_B_layout_TILE.tensorbin of shape Shape([1, 1, 5376, 4096])
2026-07-15 06:47:41.476 | DEBUG    | core:as_tensor:724 - Loaded cache for /tmp/gemma4_31b_full_model_tensor_cache/layer_43/layer_43/self_attn/o_proj_tp4_bfp8_dtype_BFLOAT8_B_layout_TILE.tensorbin of shape Shape([1, 1, 2048, 5376])
2026-07-15 06:47:41.477 | DEBUG    | core:as_tensor:724 - Loaded cache for /tmp/gemma4_31b_full_model_tensor_cache/layer_43/layer_43/self_attn/q_norm.weight_tp4_dtype_BFLOAT16_layout_ROW_MAJOR.tensorbin of shape Shape([1, 1, 8, 32])
2026-07-15 06:47:41.477 | DEBUG    | core:as_tensor:724 - Loaded cache for /tmp/gemma4_31b_full_model_tensor_cache/layer_43/layer_43/self_attn/k_norm.weight_tp4_dtype_BFLOAT16_layout_ROW_MAJOR.tensorbin of shape Shape([1, 1, 8, 32])
2026-07-15 06:47:41.523 | DEBUG    | core:as_tensor:724 - Loaded cache for /tmp/gemma4_31b_full_model_tensor_cache/layer_43/layer_43/mlp/gate_proj.weight_tp4_bfp8_dtype_BFLOAT8_B_layout_TILE.tensorbin of shape Shape([1, 1, 5376, 5376])
2026-07-15 06:47:41.538 | DEBUG    | core:as_tensor:724 - Loaded cache for /tmp/gemma4_31b_full_model_tensor_cache/layer_43/layer_43/mlp/up_proj.weight_tp4_bfp8_dtype_BFLOAT8_B_layout_TILE.tensorbin of shape Shape([1, 1, 5376, 5376])
2026-07-15 06:47:41.553 | DEBUG    | core:as_tensor:724 - Loaded cache for /tmp/gemma4_31b_full_model_tensor_cache/layer_43/layer_43/mlp/down_proj.weight_tp4_bfp8_dtype_BFLOAT8_B_layout_TILE.tensorbin of shape Shape([1, 1, 5376, 5376])
2026-07-15 06:48:01.932 | DEBUG    | core:as_tensor:724 - Loaded cache for /tmp/gemma4_31b_full_model_tensor_cache/layer_44/layer_44/input_layernorm/weight_dtype_BFLOAT16_layout_ROW_MAJOR.tensorbin of shape Shape([1, 1, 168, 32])
2026-07-15 06:48:01.933 | DEBUG    | core:as_tensor:724 - Loaded cache for /tmp/gemma4_31b_full_model_tensor_cache/layer_44/layer_44/post_attention_layernorm/weight_dtype_BFLOAT16_layout_ROW_MAJOR.tensorbin of shape Shape([1, 1, 168, 32])
2026-07-15 06:48:01.933 | DEBUG    | core:as_tensor:724 - Loaded cache for /tmp/gemma4_31b_full_model_tensor_cache/layer_44/layer_44/pre_feedforward_layernorm/weight_dtype_BFLOAT16_layout_ROW_MAJOR.tensorbin of shape Shape([1, 1, 168, 32])
2026-07-15 06:48:01.933 | DEBUG    | core:as_tensor:724 - Loaded cache for /tmp/gemma4_31b_full_model_tensor_cache/layer_44/layer_44/post_feedforward_layernorm/weight_dtype_BFLOAT16_layout_ROW_MAJOR.tensorbin of shape Shape([1, 1, 168, 32])
2026-07-15 06:48:02.031 | DEBUG    | core:as_tensor:724 - Loaded cache for /tmp/gemma4_31b_full_model_tensor_cache/layer_44/layer_44/self_attn/wqkv_tp4_bfp8_dtype_BFLOAT8_B_layout_TILE.tensorbin of shape Shape([1, 1, 5376, 4096])
2026-07-15 06:48:02.040 | DEBUG    | core:as_tensor:724 - Loaded cache for /tmp/gemma4_31b_full_model_tensor_cache/layer_44/layer_44/self_attn/o_proj_tp4_bfp8_dtype_BFLOAT8_B_layout_TILE.tensorbin of shape Shape([1, 1, 2048, 5376])
2026-07-15 06:48:02.040 | DEBUG    | core:as_tensor:724 - Loaded cache for /tmp/gemma4_31b_full_model_tensor_cache/layer_44/layer_44/self_attn/q_norm.weight_tp4_dtype_BFLOAT16_layout_ROW_MAJOR.tensorbin of shape Shape([1, 1, 8, 32])
2026-07-15 06:48:02.041 | DEBUG    | core:as_tensor:724 - Loaded cache for /tmp/gemma4_31b_full_model_tensor_cache/layer_44/layer_44/self_attn/k_norm.weight_tp4_dtype_BFLOAT16_layout_ROW_MAJOR.tensorbin of shape Shape([1, 1, 8, 32])
2026-07-15 06:48:02.088 | DEBUG    | core:as_tensor:724 - Loaded cache for /tmp/gemma4_31b_full_model_tensor_cache/layer_44/layer_44/mlp/gate_proj.weight_tp4_bfp8_dtype_BFLOAT8_B_layout_TILE.tensorbin of shape Shape([1, 1, 5376, 5376])
2026-07-15 06:48:02.103 | DEBUG    | core:as_tensor:724 - Loaded cache for /tmp/gemma4_31b_full_model_tensor_cache/layer_44/layer_44/mlp/up_proj.weight_tp4_bfp8_dtype_BFLOAT8_B_layout_TILE.tensorbin of shape Shape([1, 1, 5376, 5376])
2026-07-15 06:48:02.118 | DEBUG    | core:as_tensor:724 - Loaded cache for /tmp/gemma4_31b_full_model_tensor_cache/layer_44/layer_44/mlp/down_proj.weight_tp4_bfp8_dtype_BFLOAT8_B_layout_TILE.tensorbin of shape Shape([1, 1, 5376, 5376])
2026-07-15 06:48:22.335 | DEBUG    | core:as_tensor:724 - Loaded cache for /tmp/gemma4_31b_full_model_tensor_cache/layer_45/layer_45/input_layernorm/weight_dtype_BFLOAT16_layout_ROW_MAJOR.tensorbin of shape Shape([1, 1, 168, 32])
2026-07-15 06:48:22.335 | DEBUG    | core:as_tensor:724 - Loaded cache for /tmp/gemma4_31b_full_model_tensor_cache/layer_45/layer_45/post_attention_layernorm/weight_dtype_BFLOAT16_layout_ROW_MAJOR.tensorbin of shape Shape([1, 1, 168, 32])
2026-07-15 06:48:22.336 | DEBUG    | core:as_tensor:724 - Loaded cache for /tmp/gemma4_31b_full_model_tensor_cache/layer_45/layer_45/pre_feedforward_layernorm/weight_dtype_BFLOAT16_layout_ROW_MAJOR.tensorbin of shape Shape([1, 1, 168, 32])
2026-07-15 06:48:22.336 | DEBUG    | core:as_tensor:724 - Loaded cache for /tmp/gemma4_31b_full_model_tensor_cache/layer_45/layer_45/post_feedforward_layernorm/weight_dtype_BFLOAT16_layout_ROW_MAJOR.tensorbin of shape Shape([1, 1, 168, 32])
2026-07-15 06:48:22.433 | DEBUG    | core:as_tensor:724 - Loaded cache for /tmp/gemma4_31b_full_model_tensor_cache/layer_45/layer_45/self_attn/wqkv_tp4_bfp8_dtype_BFLOAT8_B_layout_TILE.tensorbin of shape Shape([1, 1, 5376, 4096])
2026-07-15 06:48:22.443 | DEBUG    | core:as_tensor:724 - Loaded cache for /tmp/gemma4_31b_full_model_tensor_cache/layer_45/layer_45/self_attn/o_proj_tp4_bfp8_dtype_BFLOAT8_B_layout_TILE.tensorbin of shape Shape([1, 1, 2048, 5376])
2026-07-15 06:48:22.443 | DEBUG    | core:as_tensor:724 - Loaded cache for /tmp/gemma4_31b_full_model_tensor_cache/layer_45/layer_45/self_attn/q_norm.weight_tp4_dtype_BFLOAT16_layout_ROW_MAJOR.tensorbin of shape Shape([1, 1, 8, 32])
2026-07-15 06:48:22.443 | DEBUG    | core:as_tensor:724 - Loaded cache for /tmp/gemma4_31b_full_model_tensor_cache/layer_45/layer_45/self_attn/k_norm.weight_tp4_dtype_BFLOAT16_layout_ROW_MAJOR.tensorbin of shape Shape([1, 1, 8, 32])
2026-07-15 06:48:22.490 | DEBUG    | core:as_tensor:724 - Loaded cache for /tmp/gemma4_31b_full_model_tensor_cache/layer_45/layer_45/mlp/gate_proj.weight_tp4_bfp8_dtype_BFLOAT8_B_layout_TILE.tensorbin of shape Shape([1, 1, 5376, 5376])
2026-07-15 06:48:22.505 | DEBUG    | core:as_tensor:724 - Loaded cache for /tmp/gemma4_31b_full_model_tensor_cache/layer_45/layer_45/mlp/up_proj.weight_tp4_bfp8_dtype_BFLOAT8_B_layout_TILE.tensorbin of shape Shape([1, 1, 5376, 5376])
2026-07-15 06:48:22.520 | DEBUG    | core:as_tensor:724 - Loaded cache for /tmp/gemma4_31b_full_model_tensor_cache/layer_45/layer_45/mlp/down_proj.weight_tp4_bfp8_dtype_BFLOAT8_B_layout_TILE.tensorbin of shape Shape([1, 1, 5376, 5376])
2026-07-15 06:48:43.007 | DEBUG    | core:as_tensor:724 - Loaded cache for /tmp/gemma4_31b_full_model_tensor_cache/layer_46/layer_46/input_layernorm/weight_dtype_BFLOAT16_layout_ROW_MAJOR.tensorbin of shape Shape([1, 1, 168, 32])
2026-07-15 06:48:43.007 | DEBUG    | core:as_tensor:724 - Loaded cache for /tmp/gemma4_31b_full_model_tensor_cache/layer_46/layer_46/post_attention_layernorm/weight_dtype_BFLOAT16_layout_ROW_MAJOR.tensorbin of shape Shape([1, 1, 168, 32])
2026-07-15 06:48:43.008 | DEBUG    | core:as_tensor:724 - Loaded cache for /tmp/gemma4_31b_full_model_tensor_cache/layer_46/layer_46/pre_feedforward_layernorm/weight_dtype_BFLOAT16_layout_ROW_MAJOR.tensorbin of shape Shape([1, 1, 168, 32])
2026-07-15 06:48:43.008 | DEBUG    | core:as_tensor:724 - Loaded cache for /tmp/gemma4_31b_full_model_tensor_cache/layer_46/layer_46/post_feedforward_layernorm/weight_dtype_BFLOAT16_layout_ROW_MAJOR.tensorbin of shape Shape([1, 1, 168, 32])
2026-07-15 06:48:43.105 | DEBUG    | core:as_tensor:724 - Loaded cache for /tmp/gemma4_31b_full_model_tensor_cache/layer_46/layer_46/self_attn/wqkv_tp4_bfp8_dtype_BFLOAT8_B_layout_TILE.tensorbin of shape Shape([1, 1, 5376, 4096])
2026-07-15 06:48:43.114 | DEBUG    | core:as_tensor:724 - Loaded cache for /tmp/gemma4_31b_full_model_tensor_cache/layer_46/layer_46/self_attn/o_proj_tp4_bfp8_dtype_BFLOAT8_B_layout_TILE.tensorbin of shape Shape([1, 1, 2048, 5376])
2026-07-15 06:48:43.114 | DEBUG    | core:as_tensor:724 - Loaded cache for /tmp/gemma4_31b_full_model_tensor_cache/layer_46/layer_46/self_attn/q_norm.weight_tp4_dtype_BFLOAT16_layout_ROW_MAJOR.tensorbin of shape Shape([1, 1, 8, 32])
2026-07-15 06:48:43.115 | DEBUG    | core:as_tensor:724 - Loaded cache for /tmp/gemma4_31b_full_model_tensor_cache/layer_46/layer_46/self_attn/k_norm.weight_tp4_dtype_BFLOAT16_layout_ROW_MAJOR.tensorbin of shape Shape([1, 1, 8, 32])
2026-07-15 06:48:43.161 | DEBUG    | core:as_tensor:724 - Loaded cache for /tmp/gemma4_31b_full_model_tensor_cache/layer_46/layer_46/mlp/gate_proj.weight_tp4_bfp8_dtype_BFLOAT8_B_layout_TILE.tensorbin of shape Shape([1, 1, 5376, 5376])
2026-07-15 06:48:43.176 | DEBUG    | core:as_tensor:724 - Loaded cache for /tmp/gemma4_31b_full_model_tensor_cache/layer_46/layer_46/mlp/up_proj.weight_tp4_bfp8_dtype_BFLOAT8_B_layout_TILE.tensorbin of shape Shape([1, 1, 5376, 5376])
2026-07-15 06:48:43.191 | DEBUG    | core:as_tensor:724 - Loaded cache for /tmp/gemma4_31b_full_model_tensor_cache/layer_46/layer_46/mlp/down_proj.weight_tp4_bfp8_dtype_BFLOAT8_B_layout_TILE.tensorbin of shape Shape([1, 1, 5376, 5376])
2026-07-15 06:49:03.491 | DEBUG    | core:as_tensor:724 - Loaded cache for /tmp/gemma4_31b_full_model_tensor_cache/layer_47/layer_47/input_layernorm/weight_dtype_BFLOAT16_layout_ROW_MAJOR.tensorbin of shape Shape([1, 1, 168, 32])
2026-07-15 06:49:03.492 | DEBUG    | core:as_tensor:724 - Loaded cache for /tmp/gemma4_31b_full_model_tensor_cache/layer_47/layer_47/post_attention_layernorm/weight_dtype_BFLOAT16_layout_ROW_MAJOR.tensorbin of shape Shape([1, 1, 168, 32])
2026-07-15 06:49:03.492 | DEBUG    | core:as_tensor:724 - Loaded cache for /tmp/gemma4_31b_full_model_tensor_cache/layer_47/layer_47/pre_feedforward_layernorm/weight_dtype_BFLOAT16_layout_ROW_MAJOR.tensorbin of shape Shape([1, 1, 168, 32])
2026-07-15 06:49:03.493 | DEBUG    | core:as_tensor:724 - Loaded cache for /tmp/gemma4_31b_full_model_tensor_cache/layer_47/layer_47/post_feedforward_layernorm/weight_dtype_BFLOAT16_layout_ROW_MAJOR.tensorbin of shape Shape([1, 1, 168, 32])
2026-07-15 06:49:03.614 | DEBUG    | core:as_tensor:724 - Loaded cache for /tmp/gemma4_31b_full_model_tensor_cache/layer_47/layer_47/self_attn/wqkv_tp4_bfp8_dtype_BFLOAT8_B_layout_TILE.tensorbin of shape Shape([1, 1, 5376, 5120])
2026-07-15 06:49:03.627 | DEBUG    | core:as_tensor:724 - Loaded cache for /tmp/gemma4_31b_full_model_tensor_cache/layer_47/layer_47/self_attn/o_proj_tp4_bfp8_dtype_BFLOAT8_B_layout_TILE.tensorbin of shape Shape([1, 1, 4096, 5376])
2026-07-15 06:49:03.627 | DEBUG    | core:as_tensor:724 - Loaded cache for /tmp/gemma4_31b_full_model_tensor_cache/layer_47/layer_47/self_attn/q_norm.weight_tp4_dtype_BFLOAT16_layout_ROW_MAJOR.tensorbin of shape Shape([1, 1, 16, 32])
2026-07-15 06:49:03.627 | DEBUG    | core:as_tensor:724 - Loaded cache for /tmp/gemma4_31b_full_model_tensor_cache/layer_47/layer_47/self_attn/k_norm.weight_tp4_dtype_BFLOAT16_layout_ROW_MAJOR.tensorbin of shape Shape([1, 1, 16, 32])
2026-07-15 06:49:03.679 | DEBUG    | core:as_tensor:724 - Loaded cache for /tmp/gemma4_31b_full_model_tensor_cache/layer_47/layer_47/mlp/gate_proj.weight_tp4_bfp8_dtype_BFLOAT8_B_layout_TILE.tensorbin of shape Shape([1, 1, 5376, 5376])
2026-07-15 06:49:03.694 | DEBUG    | core:as_tensor:724 - Loaded cache for /tmp/gemma4_31b_full_model_tensor_cache/layer_47/layer_47/mlp/up_proj.weight_tp4_bfp8_dtype_BFLOAT8_B_layout_TILE.tensorbin of shape Shape([1, 1, 5376, 5376])
2026-07-15 06:49:03.709 | DEBUG    | core:as_tensor:724 - Loaded cache for /tmp/gemma4_31b_full_model_tensor_cache/layer_47/layer_47/mlp/down_proj.weight_tp4_bfp8_dtype_BFLOAT8_B_layout_TILE.tensorbin of shape Shape([1, 1, 5376, 5376])
2026-07-15 06:49:25.348 | DEBUG    | core:as_tensor:724 - Loaded cache for /tmp/gemma4_31b_full_model_tensor_cache/layer_48/layer_48/input_layernorm/weight_dtype_BFLOAT16_layout_ROW_MAJOR.tensorbin of shape Shape([1, 1, 168, 32])
2026-07-15 06:49:25.349 | DEBUG    | core:as_tensor:724 - Loaded cache for /tmp/gemma4_31b_full_model_tensor_cache/layer_48/layer_48/post_attention_layernorm/weight_dtype_BFLOAT16_layout_ROW_MAJOR.tensorbin of shape Shape([1, 1, 168, 32])
2026-07-15 06:49:25.349 | DEBUG    | core:as_tensor:724 - Loaded cache for /tmp/gemma4_31b_full_model_tensor_cache/layer_48/layer_48/pre_feedforward_layernorm/weight_dtype_BFLOAT16_layout_ROW_MAJOR.tensorbin of shape Shape([1, 1, 168, 32])
2026-07-15 06:49:25.349 | DEBUG    | core:as_tensor:724 - Loaded cache for /tmp/gemma4_31b_full_model_tensor_cache/layer_48/layer_48/post_feedforward_layernorm/weight_dtype_BFLOAT16_layout_ROW_MAJOR.tensorbin of shape Shape([1, 1, 168, 32])
2026-07-15 06:49:25.445 | DEBUG    | core:as_tensor:724 - Loaded cache for /tmp/gemma4_31b_full_model_tensor_cache/layer_48/layer_48/self_attn/wqkv_tp4_bfp8_dtype_BFLOAT8_B_layout_TILE.tensorbin of shape Shape([1, 1, 5376, 4096])
2026-07-15 06:49:25.454 | DEBUG    | core:as_tensor:724 - Loaded cache for /tmp/gemma4_31b_full_model_tensor_cache/layer_48/layer_48/self_attn/o_proj_tp4_bfp8_dtype_BFLOAT8_B_layout_TILE.tensorbin of shape Shape([1, 1, 2048, 5376])
2026-07-15 06:49:25.454 | DEBUG    | core:as_tensor:724 - Loaded cache for /tmp/gemma4_31b_full_model_tensor_cache/layer_48/layer_48/self_attn/q_norm.weight_tp4_dtype_BFLOAT16_layout_ROW_MAJOR.tensorbin of shape Shape([1, 1, 8, 32])
2026-07-15 06:49:25.455 | DEBUG    | core:as_tensor:724 - Loaded cache for /tmp/gemma4_31b_full_model_tensor_cache/layer_48/layer_48/self_attn/k_norm.weight_tp4_dtype_BFLOAT16_layout_ROW_MAJOR.tensorbin of shape Shape([1, 1, 8, 32])
2026-07-15 06:49:25.501 | DEBUG    | core:as_tensor:724 - Loaded cache for /tmp/gemma4_31b_full_model_tensor_cache/layer_48/layer_48/mlp/gate_proj.weight_tp4_bfp8_dtype_BFLOAT8_B_layout_TILE.tensorbin of shape Shape([1, 1, 5376, 5376])
2026-07-15 06:49:25.516 | DEBUG    | core:as_tensor:724 - Loaded cache for /tmp/gemma4_31b_full_model_tensor_cache/layer_48/layer_48/mlp/up_proj.weight_tp4_bfp8_dtype_BFLOAT8_B_layout_TILE.tensorbin of shape Shape([1, 1, 5376, 5376])
2026-07-15 06:49:25.531 | DEBUG    | core:as_tensor:724 - Loaded cache for /tmp/gemma4_31b_full_model_tensor_cache/layer_48/layer_48/mlp/down_proj.weight_tp4_bfp8_dtype_BFLOAT8_B_layout_TILE.tensorbin of shape Shape([1, 1, 5376, 5376])
2026-07-15 06:49:45.808 | DEBUG    | core:as_tensor:724 - Loaded cache for /tmp/gemma4_31b_full_model_tensor_cache/layer_49/layer_49/input_layernorm/weight_dtype_BFLOAT16_layout_ROW_MAJOR.tensorbin of shape Shape([1, 1, 168, 32])
2026-07-15 06:49:45.809 | DEBUG    | core:as_tensor:724 - Loaded cache for /tmp/gemma4_31b_full_model_tensor_cache/layer_49/layer_49/post_attention_layernorm/weight_dtype_BFLOAT16_layout_ROW_MAJOR.tensorbin of shape Shape([1, 1, 168, 32])
2026-07-15 06:49:45.809 | DEBUG    | core:as_tensor:724 - Loaded cache for /tmp/gemma4_31b_full_model_tensor_cache/layer_49/layer_49/pre_feedforward_layernorm/weight_dtype_BFLOAT16_layout_ROW_MAJOR.tensorbin of shape Shape([1, 1, 168, 32])
2026-07-15 06:49:45.809 | DEBUG    | core:as_tensor:724 - Loaded cache for /tmp/gemma4_31b_full_model_tensor_cache/layer_49/layer_49/post_feedforward_layernorm/weight_dtype_BFLOAT16_layout_ROW_MAJOR.tensorbin of shape Shape([1, 1, 168, 32])
2026-07-15 06:49:45.906 | DEBUG    | core:as_tensor:724 - Loaded cache for /tmp/gemma4_31b_full_model_tensor_cache/layer_49/layer_49/self_attn/wqkv_tp4_bfp8_dtype_BFLOAT8_B_layout_TILE.tensorbin of shape Shape([1, 1, 5376, 4096])
2026-07-15 06:49:45.916 | DEBUG    | core:as_tensor:724 - Loaded cache for /tmp/gemma4_31b_full_model_tensor_cache/layer_49/layer_49/self_attn/o_proj_tp4_bfp8_dtype_BFLOAT8_B_layout_TILE.tensorbin of shape Shape([1, 1, 2048, 5376])
2026-07-15 06:49:45.916 | DEBUG    | core:as_tensor:724 - Loaded cache for /tmp/gemma4_31b_full_model_tensor_cache/layer_49/layer_49/self_attn/q_norm.weight_tp4_dtype_BFLOAT16_layout_ROW_MAJOR.tensorbin of shape Shape([1, 1, 8, 32])
2026-07-15 06:49:45.916 | DEBUG    | core:as_tensor:724 - Loaded cache for /tmp/gemma4_31b_full_model_tensor_cache/layer_49/layer_49/self_attn/k_norm.weight_tp4_dtype_BFLOAT16_layout_ROW_MAJOR.tensorbin of shape Shape([1, 1, 8, 32])
2026-07-15 06:49:45.963 | DEBUG    | core:as_tensor:724 - Loaded cache for /tmp/gemma4_31b_full_model_tensor_cache/layer_49/layer_49/mlp/gate_proj.weight_tp4_bfp8_dtype_BFLOAT8_B_layout_TILE.tensorbin of shape Shape([1, 1, 5376, 5376])
2026-07-15 06:49:45.978 | DEBUG    | core:as_tensor:724 - Loaded cache for /tmp/gemma4_31b_full_model_tensor_cache/layer_49/layer_49/mlp/up_proj.weight_tp4_bfp8_dtype_BFLOAT8_B_layout_TILE.tensorbin of shape Shape([1, 1, 5376, 5376])
2026-07-15 06:49:45.993 | DEBUG    | core:as_tensor:724 - Loaded cache for /tmp/gemma4_31b_full_model_tensor_cache/layer_49/layer_49/mlp/down_proj.weight_tp4_bfp8_dtype_BFLOAT8_B_layout_TILE.tensorbin of shape Shape([1, 1, 5376, 5376])
2026-07-15 06:50:07.154 | DEBUG    | core:as_tensor:724 - Loaded cache for /tmp/gemma4_31b_full_model_tensor_cache/layer_50/layer_50/input_layernorm/weight_dtype_BFLOAT16_layout_ROW_MAJOR.tensorbin of shape Shape([1, 1, 168, 32])
2026-07-15 06:50:07.155 | DEBUG    | core:as_tensor:724 - Loaded cache for /tmp/gemma4_31b_full_model_tensor_cache/layer_50/layer_50/post_attention_layernorm/weight_dtype_BFLOAT16_layout_ROW_MAJOR.tensorbin of shape Shape([1, 1, 168, 32])
2026-07-15 06:50:07.155 | DEBUG    | core:as_tensor:724 - Loaded cache for /tmp/gemma4_31b_full_model_tensor_cache/layer_50/layer_50/pre_feedforward_layernorm/weight_dtype_BFLOAT16_layout_ROW_MAJOR.tensorbin of shape Shape([1, 1, 168, 32])
2026-07-15 06:50:07.155 | DEBUG    | core:as_tensor:724 - Loaded cache for /tmp/gemma4_31b_full_model_tensor_cache/layer_50/layer_50/post_feedforward_layernorm/weight_dtype_BFLOAT16_layout_ROW_MAJOR.tensorbin of shape Shape([1, 1, 168, 32])
2026-07-15 06:50:07.244 | DEBUG    | core:as_tensor:724 - Loaded cache for /tmp/gemma4_31b_full_model_tensor_cache/layer_50/layer_50/self_attn/wqkv_tp4_bfp8_dtype_BFLOAT8_B_layout_TILE.tensorbin of shape Shape([1, 1, 5376, 4096])
2026-07-15 06:50:07.253 | DEBUG    | core:as_tensor:724 - Loaded cache for /tmp/gemma4_31b_full_model_tensor_cache/layer_50/layer_50/self_attn/o_proj_tp4_bfp8_dtype_BFLOAT8_B_layout_TILE.tensorbin of shape Shape([1, 1, 2048, 5376])
2026-07-15 06:50:07.253 | DEBUG    | core:as_tensor:724 - Loaded cache for /tmp/gemma4_31b_full_model_tensor_cache/layer_50/layer_50/self_attn/q_norm.weight_tp4_dtype_BFLOAT16_layout_ROW_MAJOR.tensorbin of shape Shape([1, 1, 8, 32])
2026-07-15 06:50:07.253 | DEBUG    | core:as_tensor:724 - Loaded cache for /tmp/gemma4_31b_full_model_tensor_cache/layer_50/layer_50/self_attn/k_norm.weight_tp4_dtype_BFLOAT16_layout_ROW_MAJOR.tensorbin of shape Shape([1, 1, 8, 32])
2026-07-15 06:50:07.300 | DEBUG    | core:as_tensor:724 - Loaded cache for /tmp/gemma4_31b_full_model_tensor_cache/layer_50/layer_50/mlp/gate_proj.weight_tp4_bfp8_dtype_BFLOAT8_B_layout_TILE.tensorbin of shape Shape([1, 1, 5376, 5376])
2026-07-15 06:50:07.315 | DEBUG    | core:as_tensor:724 - Loaded cache for /tmp/gemma4_31b_full_model_tensor_cache/layer_50/layer_50/mlp/up_proj.weight_tp4_bfp8_dtype_BFLOAT8_B_layout_TILE.tensorbin of shape Shape([1, 1, 5376, 5376])
2026-07-15 06:50:07.330 | DEBUG    | core:as_tensor:724 - Loaded cache for /tmp/gemma4_31b_full_model_tensor_cache/layer_50/layer_50/mlp/down_proj.weight_tp4_bfp8_dtype_BFLOAT8_B_layout_TILE.tensorbin of shape Shape([1, 1, 5376, 5376])
2026-07-15 06:50:27.651 | DEBUG    | core:as_tensor:724 - Loaded cache for /tmp/gemma4_31b_full_model_tensor_cache/layer_51/layer_51/input_layernorm/weight_dtype_BFLOAT16_layout_ROW_MAJOR.tensorbin of shape Shape([1, 1, 168, 32])
2026-07-15 06:50:27.651 | DEBUG    | core:as_tensor:724 - Loaded cache for /tmp/gemma4_31b_full_model_tensor_cache/layer_51/layer_51/post_attention_layernorm/weight_dtype_BFLOAT16_layout_ROW_MAJOR.tensorbin of shape Shape([1, 1, 168, 32])
2026-07-15 06:50:27.652 | DEBUG    | core:as_tensor:724 - Loaded cache for /tmp/gemma4_31b_full_model_tensor_cache/layer_51/layer_51/pre_feedforward_layernorm/weight_dtype_BFLOAT16_layout_ROW_MAJOR.tensorbin of shape Shape([1, 1, 168, 32])
2026-07-15 06:50:27.652 | DEBUG    | core:as_tensor:724 - Loaded cache for /tmp/gemma4_31b_full_model_tensor_cache/layer_51/layer_51/post_feedforward_layernorm/weight_dtype_BFLOAT16_layout_ROW_MAJOR.tensorbin of shape Shape([1, 1, 168, 32])
2026-07-15 06:50:27.749 | DEBUG    | core:as_tensor:724 - Loaded cache for /tmp/gemma4_31b_full_model_tensor_cache/layer_51/layer_51/self_attn/wqkv_tp4_bfp8_dtype_BFLOAT8_B_layout_TILE.tensorbin of shape Shape([1, 1, 5376, 4096])
2026-07-15 06:50:27.758 | DEBUG    | core:as_tensor:724 - Loaded cache for /tmp/gemma4_31b_full_model_tensor_cache/layer_51/layer_51/self_attn/o_proj_tp4_bfp8_dtype_BFLOAT8_B_layout_TILE.tensorbin of shape Shape([1, 1, 2048, 5376])
2026-07-15 06:50:27.758 | DEBUG    | core:as_tensor:724 - Loaded cache for /tmp/gemma4_31b_full_model_tensor_cache/layer_51/layer_51/self_attn/q_norm.weight_tp4_dtype_BFLOAT16_layout_ROW_MAJOR.tensorbin of shape Shape([1, 1, 8, 32])
2026-07-15 06:50:27.759 | DEBUG    | core:as_tensor:724 - Loaded cache for /tmp/gemma4_31b_full_model_tensor_cache/layer_51/layer_51/self_attn/k_norm.weight_tp4_dtype_BFLOAT16_layout_ROW_MAJOR.tensorbin of shape Shape([1, 1, 8, 32])
2026-07-15 06:50:27.804 | DEBUG    | core:as_tensor:724 - Loaded cache for /tmp/gemma4_31b_full_model_tensor_cache/layer_51/layer_51/mlp/gate_proj.weight_tp4_bfp8_dtype_BFLOAT8_B_layout_TILE.tensorbin of shape Shape([1, 1, 5376, 5376])
2026-07-15 06:50:27.819 | DEBUG    | core:as_tensor:724 - Loaded cache for /tmp/gemma4_31b_full_model_tensor_cache/layer_51/layer_51/mlp/up_proj.weight_tp4_bfp8_dtype_BFLOAT8_B_layout_TILE.tensorbin of shape Shape([1, 1, 5376, 5376])
2026-07-15 06:50:27.834 | DEBUG    | core:as_tensor:724 - Loaded cache for /tmp/gemma4_31b_full_model_tensor_cache/layer_51/layer_51/mlp/down_proj.weight_tp4_bfp8_dtype_BFLOAT8_B_layout_TILE.tensorbin of shape Shape([1, 1, 5376, 5376])
2026-07-15 06:50:48.144 | DEBUG    | core:as_tensor:724 - Loaded cache for /tmp/gemma4_31b_full_model_tensor_cache/layer_52/layer_52/input_layernorm/weight_dtype_BFLOAT16_layout_ROW_MAJOR.tensorbin of shape Shape([1, 1, 168, 32])
2026-07-15 06:50:48.144 | DEBUG    | core:as_tensor:724 - Loaded cache for /tmp/gemma4_31b_full_model_tensor_cache/layer_52/layer_52/post_attention_layernorm/weight_dtype_BFLOAT16_layout_ROW_MAJOR.tensorbin of shape Shape([1, 1, 168, 32])
2026-07-15 06:50:48.145 | DEBUG    | core:as_tensor:724 - Loaded cache for /tmp/gemma4_31b_full_model_tensor_cache/layer_52/layer_52/pre_feedforward_layernorm/weight_dtype_BFLOAT16_layout_ROW_MAJOR.tensorbin of shape Shape([1, 1, 168, 32])
2026-07-15 06:50:48.145 | DEBUG    | core:as_tensor:724 - Loaded cache for /tmp/gemma4_31b_full_model_tensor_cache/layer_52/layer_52/post_feedforward_layernorm/weight_dtype_BFLOAT16_layout_ROW_MAJOR.tensorbin of shape Shape([1, 1, 168, 32])
2026-07-15 06:50:48.242 | DEBUG    | core:as_tensor:724 - Loaded cache for /tmp/gemma4_31b_full_model_tensor_cache/layer_52/layer_52/self_attn/wqkv_tp4_bfp8_dtype_BFLOAT8_B_layout_TILE.tensorbin of shape Shape([1, 1, 5376, 4096])
2026-07-15 06:50:48.251 | DEBUG    | core:as_tensor:724 - Loaded cache for /tmp/gemma4_31b_full_model_tensor_cache/layer_52/layer_52/self_attn/o_proj_tp4_bfp8_dtype_BFLOAT8_B_layout_TILE.tensorbin of shape Shape([1, 1, 2048, 5376])
2026-07-15 06:50:48.251 | DEBUG    | core:as_tensor:724 - Loaded cache for /tmp/gemma4_31b_full_model_tensor_cache/layer_52/layer_52/self_attn/q_norm.weight_tp4_dtype_BFLOAT16_layout_ROW_MAJOR.tensorbin of shape Shape([1, 1, 8, 32])
2026-07-15 06:50:48.252 | DEBUG    | core:as_tensor:724 - Loaded cache for /tmp/gemma4_31b_full_model_tensor_cache/layer_52/layer_52/self_attn/k_norm.weight_tp4_dtype_BFLOAT16_layout_ROW_MAJOR.tensorbin of shape Shape([1, 1, 8, 32])
2026-07-15 06:50:48.299 | DEBUG    | core:as_tensor:724 - Loaded cache for /tmp/gemma4_31b_full_model_tensor_cache/layer_52/layer_52/mlp/gate_proj.weight_tp4_bfp8_dtype_BFLOAT8_B_layout_TILE.tensorbin of shape Shape([1, 1, 5376, 5376])
2026-07-15 06:50:48.314 | DEBUG    | core:as_tensor:724 - Loaded cache for /tmp/gemma4_31b_full_model_tensor_cache/layer_52/layer_52/mlp/up_proj.weight_tp4_bfp8_dtype_BFLOAT8_B_layout_TILE.tensorbin of shape Shape([1, 1, 5376, 5376])
2026-07-15 06:50:48.329 | DEBUG    | core:as_tensor:724 - Loaded cache for /tmp/gemma4_31b_full_model_tensor_cache/layer_52/layer_52/mlp/down_proj.weight_tp4_bfp8_dtype_BFLOAT8_B_layout_TILE.tensorbin of shape Shape([1, 1, 5376, 5376])
2026-07-15 06:51:08.584 | DEBUG    | core:as_tensor:724 - Loaded cache for /tmp/gemma4_31b_full_model_tensor_cache/layer_53/layer_53/input_layernorm/weight_dtype_BFLOAT16_layout_ROW_MAJOR.tensorbin of shape Shape([1, 1, 168, 32])
2026-07-15 06:51:08.584 | DEBUG    | core:as_tensor:724 - Loaded cache for /tmp/gemma4_31b_full_model_tensor_cache/layer_53/layer_53/post_attention_layernorm/weight_dtype_BFLOAT16_layout_ROW_MAJOR.tensorbin of shape Shape([1, 1, 168, 32])
2026-07-15 06:51:08.584 | DEBUG    | core:as_tensor:724 - Loaded cache for /tmp/gemma4_31b_full_model_tensor_cache/layer_53/layer_53/pre_feedforward_layernorm/weight_dtype_BFLOAT16_layout_ROW_MAJOR.tensorbin of shape Shape([1, 1, 168, 32])
2026-07-15 06:51:08.585 | DEBUG    | core:as_tensor:724 - Loaded cache for /tmp/gemma4_31b_full_model_tensor_cache/layer_53/layer_53/post_feedforward_layernorm/weight_dtype_BFLOAT16_layout_ROW_MAJOR.tensorbin of shape Shape([1, 1, 168, 32])
2026-07-15 06:51:08.706 | DEBUG    | core:as_tensor:724 - Loaded cache for /tmp/gemma4_31b_full_model_tensor_cache/layer_53/layer_53/self_attn/wqkv_tp4_bfp8_dtype_BFLOAT8_B_layout_TILE.tensorbin of shape Shape([1, 1, 5376, 5120])
2026-07-15 06:51:08.719 | DEBUG    | core:as_tensor:724 - Loaded cache for /tmp/gemma4_31b_full_model_tensor_cache/layer_53/layer_53/self_attn/o_proj_tp4_bfp8_dtype_BFLOAT8_B_layout_TILE.tensorbin of shape Shape([1, 1, 4096, 5376])
2026-07-15 06:51:08.719 | DEBUG    | core:as_tensor:724 - Loaded cache for /tmp/gemma4_31b_full_model_tensor_cache/layer_53/layer_53/self_attn/q_norm.weight_tp4_dtype_BFLOAT16_layout_ROW_MAJOR.tensorbin of shape Shape([1, 1, 16, 32])
2026-07-15 06:51:08.719 | DEBUG    | core:as_tensor:724 - Loaded cache for /tmp/gemma4_31b_full_model_tensor_cache/layer_53/layer_53/self_attn/k_norm.weight_tp4_dtype_BFLOAT16_layout_ROW_MAJOR.tensorbin of shape Shape([1, 1, 16, 32])
2026-07-15 06:51:08.772 | DEBUG    | core:as_tensor:724 - Loaded cache for /tmp/gemma4_31b_full_model_tensor_cache/layer_53/layer_53/mlp/gate_proj.weight_tp4_bfp8_dtype_BFLOAT8_B_layout_TILE.tensorbin of shape Shape([1, 1, 5376, 5376])
2026-07-15 06:51:08.787 | DEBUG    | core:as_tensor:724 - Loaded cache for /tmp/gemma4_31b_full_model_tensor_cache/layer_53/layer_53/mlp/up_proj.weight_tp4_bfp8_dtype_BFLOAT8_B_layout_TILE.tensorbin of shape Shape([1, 1, 5376, 5376])
2026-07-15 06:51:08.802 | DEBUG    | core:as_tensor:724 - Loaded cache for /tmp/gemma4_31b_full_model_tensor_cache/layer_53/layer_53/mlp/down_proj.weight_tp4_bfp8_dtype_BFLOAT8_B_layout_TILE.tensorbin of shape Shape([1, 1, 5376, 5376])
2026-07-15 06:51:30.417 | DEBUG    | core:as_tensor:724 - Loaded cache for /tmp/gemma4_31b_full_model_tensor_cache/layer_54/layer_54/input_layernorm/weight_dtype_BFLOAT16_layout_ROW_MAJOR.tensorbin of shape Shape([1, 1, 168, 32])
2026-07-15 06:51:30.418 | DEBUG    | core:as_tensor:724 - Loaded cache for /tmp/gemma4_31b_full_model_tensor_cache/layer_54/layer_54/post_attention_layernorm/weight_dtype_BFLOAT16_layout_ROW_MAJOR.tensorbin of shape Shape([1, 1, 168, 32])
2026-07-15 06:51:30.418 | DEBUG    | core:as_tensor:724 - Loaded cache for /tmp/gemma4_31b_full_model_tensor_cache/layer_54/layer_54/pre_feedforward_layernorm/weight_dtype_BFLOAT16_layout_ROW_MAJOR.tensorbin of shape Shape([1, 1, 168, 32])
2026-07-15 06:51:30.418 | DEBUG    | core:as_tensor:724 - Loaded cache for /tmp/gemma4_31b_full_model_tensor_cache/layer_54/layer_54/post_feedforward_layernorm/weight_dtype_BFLOAT16_layout_ROW_MAJOR.tensorbin of shape Shape([1, 1, 168, 32])
2026-07-15 06:51:30.517 | DEBUG    | core:as_tensor:724 - Loaded cache for /tmp/gemma4_31b_full_model_tensor_cache/layer_54/layer_54/self_attn/wqkv_tp4_bfp8_dtype_BFLOAT8_B_layout_TILE.tensorbin of shape Shape([1, 1, 5376, 4096])
2026-07-15 06:51:30.526 | DEBUG    | core:as_tensor:724 - Loaded cache for /tmp/gemma4_31b_full_model_tensor_cache/layer_54/layer_54/self_attn/o_proj_tp4_bfp8_dtype_BFLOAT8_B_layout_TILE.tensorbin of shape Shape([1, 1, 2048, 5376])
2026-07-15 06:51:30.527 | DEBUG    | core:as_tensor:724 - Loaded cache for /tmp/gemma4_31b_full_model_tensor_cache/layer_54/layer_54/self_attn/q_norm.weight_tp4_dtype_BFLOAT16_layout_ROW_MAJOR.tensorbin of shape Shape([1, 1, 8, 32])
2026-07-15 06:51:30.527 | DEBUG    | core:as_tensor:724 - Loaded cache for /tmp/gemma4_31b_full_model_tensor_cache/layer_54/layer_54/self_attn/k_norm.weight_tp4_dtype_BFLOAT16_layout_ROW_MAJOR.tensorbin of shape Shape([1, 1, 8, 32])
2026-07-15 06:51:30.574 | DEBUG    | core:as_tensor:724 - Loaded cache for /tmp/gemma4_31b_full_model_tensor_cache/layer_54/layer_54/mlp/gate_proj.weight_tp4_bfp8_dtype_BFLOAT8_B_layout_TILE.tensorbin of shape Shape([1, 1, 5376, 5376])
2026-07-15 06:51:30.589 | DEBUG    | core:as_tensor:724 - Loaded cache for /tmp/gemma4_31b_full_model_tensor_cache/layer_54/layer_54/mlp/up_proj.weight_tp4_bfp8_dtype_BFLOAT8_B_layout_TILE.tensorbin of shape Shape([1, 1, 5376, 5376])
2026-07-15 06:51:30.604 | DEBUG    | core:as_tensor:724 - Loaded cache for /tmp/gemma4_31b_full_model_tensor_cache/layer_54/layer_54/mlp/down_proj.weight_tp4_bfp8_dtype_BFLOAT8_B_layout_TILE.tensorbin of shape Shape([1, 1, 5376, 5376])
2026-07-15 06:51:50.873 | DEBUG    | core:as_tensor:724 - Loaded cache for /tmp/gemma4_31b_full_model_tensor_cache/layer_55/layer_55/input_layernorm/weight_dtype_BFLOAT16_layout_ROW_MAJOR.tensorbin of shape Shape([1, 1, 168, 32])
2026-07-15 06:51:50.874 | DEBUG    | core:as_tensor:724 - Loaded cache for /tmp/gemma4_31b_full_model_tensor_cache/layer_55/layer_55/post_attention_layernorm/weight_dtype_BFLOAT16_layout_ROW_MAJOR.tensorbin of shape Shape([1, 1, 168, 32])
2026-07-15 06:51:50.874 | DEBUG    | core:as_tensor:724 - Loaded cache for /tmp/gemma4_31b_full_model_tensor_cache/layer_55/layer_55/pre_feedforward_layernorm/weight_dtype_BFLOAT16_layout_ROW_MAJOR.tensorbin of shape Shape([1, 1, 168, 32])
2026-07-15 06:51:50.874 | DEBUG    | core:as_tensor:724 - Loaded cache for /tmp/gemma4_31b_full_model_tensor_cache/layer_55/layer_55/post_feedforward_layernorm/weight_dtype_BFLOAT16_layout_ROW_MAJOR.tensorbin of shape Shape([1, 1, 168, 32])
2026-07-15 06:51:50.971 | DEBUG    | core:as_tensor:724 - Loaded cache for /tmp/gemma4_31b_full_model_tensor_cache/layer_55/layer_55/self_attn/wqkv_tp4_bfp8_dtype_BFLOAT8_B_layout_TILE.tensorbin of shape Shape([1, 1, 5376, 4096])
2026-07-15 06:51:50.981 | DEBUG    | core:as_tensor:724 - Loaded cache for /tmp/gemma4_31b_full_model_tensor_cache/layer_55/layer_55/self_attn/o_proj_tp4_bfp8_dtype_BFLOAT8_B_layout_TILE.tensorbin of shape Shape([1, 1, 2048, 5376])
2026-07-15 06:51:50.981 | DEBUG    | core:as_tensor:724 - Loaded cache for /tmp/gemma4_31b_full_model_tensor_cache/layer_55/layer_55/self_attn/q_norm.weight_tp4_dtype_BFLOAT16_layout_ROW_MAJOR.tensorbin of shape Shape([1, 1, 8, 32])
2026-07-15 06:51:50.981 | DEBUG    | core:as_tensor:724 - Loaded cache for /tmp/gemma4_31b_full_model_tensor_cache/layer_55/layer_55/self_attn/k_norm.weight_tp4_dtype_BFLOAT16_layout_ROW_MAJOR.tensorbin of shape Shape([1, 1, 8, 32])
2026-07-15 06:51:51.028 | DEBUG    | core:as_tensor:724 - Loaded cache for /tmp/gemma4_31b_full_model_tensor_cache/layer_55/layer_55/mlp/gate_proj.weight_tp4_bfp8_dtype_BFLOAT8_B_layout_TILE.tensorbin of shape Shape([1, 1, 5376, 5376])
2026-07-15 06:51:51.044 | DEBUG    | core:as_tensor:724 - Loaded cache for /tmp/gemma4_31b_full_model_tensor_cache/layer_55/layer_55/mlp/up_proj.weight_tp4_bfp8_dtype_BFLOAT8_B_layout_TILE.tensorbin of shape Shape([1, 1, 5376, 5376])
2026-07-15 06:51:51.059 | DEBUG    | core:as_tensor:724 - Loaded cache for /tmp/gemma4_31b_full_model_tensor_cache/layer_55/layer_55/mlp/down_proj.weight_tp4_bfp8_dtype_BFLOAT8_B_layout_TILE.tensorbin of shape Shape([1, 1, 5376, 5376])
2026-07-15 06:52:11.337 | DEBUG    | core:as_tensor:724 - Loaded cache for /tmp/gemma4_31b_full_model_tensor_cache/layer_56/layer_56/input_layernorm/weight_dtype_BFLOAT16_layout_ROW_MAJOR.tensorbin of shape Shape([1, 1, 168, 32])
2026-07-15 06:52:11.338 | DEBUG    | core:as_tensor:724 - Loaded cache for /tmp/gemma4_31b_full_model_tensor_cache/layer_56/layer_56/post_attention_layernorm/weight_dtype_BFLOAT16_layout_ROW_MAJOR.tensorbin of shape Shape([1, 1, 168, 32])
2026-07-15 06:52:11.338 | DEBUG    | core:as_tensor:724 - Loaded cache for /tmp/gemma4_31b_full_model_tensor_cache/layer_56/layer_56/pre_feedforward_layernorm/weight_dtype_BFLOAT16_layout_ROW_MAJOR.tensorbin of shape Shape([1, 1, 168, 32])
2026-07-15 06:52:11.338 | DEBUG    | core:as_tensor:724 - Loaded cache for /tmp/gemma4_31b_full_model_tensor_cache/layer_56/layer_56/post_feedforward_layernorm/weight_dtype_BFLOAT16_layout_ROW_MAJOR.tensorbin of shape Shape([1, 1, 168, 32])
2026-07-15 06:52:11.436 | DEBUG    | core:as_tensor:724 - Loaded cache for /tmp/gemma4_31b_full_model_tensor_cache/layer_56/layer_56/self_attn/wqkv_tp4_bfp8_dtype_BFLOAT8_B_layout_TILE.tensorbin of shape Shape([1, 1, 5376, 4096])
2026-07-15 06:52:11.445 | DEBUG    | core:as_tensor:724 - Loaded cache for /tmp/gemma4_31b_full_model_tensor_cache/layer_56/layer_56/self_attn/o_proj_tp4_bfp8_dtype_BFLOAT8_B_layout_TILE.tensorbin of shape Shape([1, 1, 2048, 5376])
2026-07-15 06:52:11.445 | DEBUG    | core:as_tensor:724 - Loaded cache for /tmp/gemma4_31b_full_model_tensor_cache/layer_56/layer_56/self_attn/q_norm.weight_tp4_dtype_BFLOAT16_layout_ROW_MAJOR.tensorbin of shape Shape([1, 1, 8, 32])
2026-07-15 06:52:11.445 | DEBUG    | core:as_tensor:724 - Loaded cache for /tmp/gemma4_31b_full_model_tensor_cache/layer_56/layer_56/self_attn/k_norm.weight_tp4_dtype_BFLOAT16_layout_ROW_MAJOR.tensorbin of shape Shape([1, 1, 8, 32])
2026-07-15 06:52:11.492 | DEBUG    | core:as_tensor:724 - Loaded cache for /tmp/gemma4_31b_full_model_tensor_cache/layer_56/layer_56/mlp/gate_proj.weight_tp4_bfp8_dtype_BFLOAT8_B_layout_TILE.tensorbin of shape Shape([1, 1, 5376, 5376])
2026-07-15 06:52:11.508 | DEBUG    | core:as_tensor:724 - Loaded cache for /tmp/gemma4_31b_full_model_tensor_cache/layer_56/layer_56/mlp/up_proj.weight_tp4_bfp8_dtype_BFLOAT8_B_layout_TILE.tensorbin of shape Shape([1, 1, 5376, 5376])
2026-07-15 06:52:11.523 | DEBUG    | core:as_tensor:724 - Loaded cache for /tmp/gemma4_31b_full_model_tensor_cache/layer_56/layer_56/mlp/down_proj.weight_tp4_bfp8_dtype_BFLOAT8_B_layout_TILE.tensorbin of shape Shape([1, 1, 5376, 5376])
2026-07-15 06:52:31.695 | DEBUG    | core:as_tensor:724 - Loaded cache for /tmp/gemma4_31b_full_model_tensor_cache/layer_57/layer_57/input_layernorm/weight_dtype_BFLOAT16_layout_ROW_MAJOR.tensorbin of shape Shape([1, 1, 168, 32])
2026-07-15 06:52:31.696 | DEBUG    | core:as_tensor:724 - Loaded cache for /tmp/gemma4_31b_full_model_tensor_cache/layer_57/layer_57/post_attention_layernorm/weight_dtype_BFLOAT16_layout_ROW_MAJOR.tensorbin of shape Shape([1, 1, 168, 32])
2026-07-15 06:52:31.696 | DEBUG    | core:as_tensor:724 - Loaded cache for /tmp/gemma4_31b_full_model_tensor_cache/layer_57/layer_57/pre_feedforward_layernorm/weight_dtype_BFLOAT16_layout_ROW_MAJOR.tensorbin of shape Shape([1, 1, 168, 32])
2026-07-15 06:52:31.697 | DEBUG    | core:as_tensor:724 - Loaded cache for /tmp/gemma4_31b_full_model_tensor_cache/layer_57/layer_57/post_feedforward_layernorm/weight_dtype_BFLOAT16_layout_ROW_MAJOR.tensorbin of shape Shape([1, 1, 168, 32])
2026-07-15 06:52:31.795 | DEBUG    | core:as_tensor:724 - Loaded cache for /tmp/gemma4_31b_full_model_tensor_cache/layer_57/layer_57/self_attn/wqkv_tp4_bfp8_dtype_BFLOAT8_B_layout_TILE.tensorbin of shape Shape([1, 1, 5376, 4096])
2026-07-15 06:52:31.804 | DEBUG    | core:as_tensor:724 - Loaded cache for /tmp/gemma4_31b_full_model_tensor_cache/layer_57/layer_57/self_attn/o_proj_tp4_bfp8_dtype_BFLOAT8_B_layout_TILE.tensorbin of shape Shape([1, 1, 2048, 5376])
2026-07-15 06:52:31.805 | DEBUG    | core:as_tensor:724 - Loaded cache for /tmp/gemma4_31b_full_model_tensor_cache/layer_57/layer_57/self_attn/q_norm.weight_tp4_dtype_BFLOAT16_layout_ROW_MAJOR.tensorbin of shape Shape([1, 1, 8, 32])
2026-07-15 06:52:31.805 | DEBUG    | core:as_tensor:724 - Loaded cache for /tmp/gemma4_31b_full_model_tensor_cache/layer_57/layer_57/self_attn/k_norm.weight_tp4_dtype_BFLOAT16_layout_ROW_MAJOR.tensorbin of shape Shape([1, 1, 8, 32])
2026-07-15 06:52:31.851 | DEBUG    | core:as_tensor:724 - Loaded cache for /tmp/gemma4_31b_full_model_tensor_cache/layer_57/layer_57/mlp/gate_proj.weight_tp4_bfp8_dtype_BFLOAT8_B_layout_TILE.tensorbin of shape Shape([1, 1, 5376, 5376])
2026-07-15 06:52:31.866 | DEBUG    | core:as_tensor:724 - Loaded cache for /tmp/gemma4_31b_full_model_tensor_cache/layer_57/layer_57/mlp/up_proj.weight_tp4_bfp8_dtype_BFLOAT8_B_layout_TILE.tensorbin of shape Shape([1, 1, 5376, 5376])
2026-07-15 06:52:31.881 | DEBUG    | core:as_tensor:724 - Loaded cache for /tmp/gemma4_31b_full_model_tensor_cache/layer_57/layer_57/mlp/down_proj.weight_tp4_bfp8_dtype_BFLOAT8_B_layout_TILE.tensorbin of shape Shape([1, 1, 5376, 5376])
2026-07-15 06:52:52.123 | DEBUG    | core:as_tensor:724 - Loaded cache for /tmp/gemma4_31b_full_model_tensor_cache/layer_58/layer_58/input_layernorm/weight_dtype_BFLOAT16_layout_ROW_MAJOR.tensorbin of shape Shape([1, 1, 168, 32])
2026-07-15 06:52:52.123 | DEBUG    | core:as_tensor:724 - Loaded cache for /tmp/gemma4_31b_full_model_tensor_cache/layer_58/layer_58/post_attention_layernorm/weight_dtype_BFLOAT16_layout_ROW_MAJOR.tensorbin of shape Shape([1, 1, 168, 32])
2026-07-15 06:52:52.123 | DEBUG    | core:as_tensor:724 - Loaded cache for /tmp/gemma4_31b_full_model_tensor_cache/layer_58/layer_58/pre_feedforward_layernorm/weight_dtype_BFLOAT16_layout_ROW_MAJOR.tensorbin of shape Shape([1, 1, 168, 32])
2026-07-15 06:52:52.124 | DEBUG    | core:as_tensor:724 - Loaded cache for /tmp/gemma4_31b_full_model_tensor_cache/layer_58/layer_58/post_feedforward_layernorm/weight_dtype_BFLOAT16_layout_ROW_MAJOR.tensorbin of shape Shape([1, 1, 168, 32])
2026-07-15 06:52:52.221 | DEBUG    | core:as_tensor:724 - Loaded cache for /tmp/gemma4_31b_full_model_tensor_cache/layer_58/layer_58/self_attn/wqkv_tp4_bfp8_dtype_BFLOAT8_B_layout_TILE.tensorbin of shape Shape([1, 1, 5376, 4096])
2026-07-15 06:52:52.230 | DEBUG    | core:as_tensor:724 - Loaded cache for /tmp/gemma4_31b_full_model_tensor_cache/layer_58/layer_58/self_attn/o_proj_tp4_bfp8_dtype_BFLOAT8_B_layout_TILE.tensorbin of shape Shape([1, 1, 2048, 5376])
2026-07-15 06:52:52.230 | DEBUG    | core:as_tensor:724 - Loaded cache for /tmp/gemma4_31b_full_model_tensor_cache/layer_58/layer_58/self_attn/q_norm.weight_tp4_dtype_BFLOAT16_layout_ROW_MAJOR.tensorbin of shape Shape([1, 1, 8, 32])
2026-07-15 06:52:52.231 | DEBUG    | core:as_tensor:724 - Loaded cache for /tmp/gemma4_31b_full_model_tensor_cache/layer_58/layer_58/self_attn/k_norm.weight_tp4_dtype_BFLOAT16_layout_ROW_MAJOR.tensorbin of shape Shape([1, 1, 8, 32])
2026-07-15 06:52:52.277 | DEBUG    | core:as_tensor:724 - Loaded cache for /tmp/gemma4_31b_full_model_tensor_cache/layer_58/layer_58/mlp/gate_proj.weight_tp4_bfp8_dtype_BFLOAT8_B_layout_TILE.tensorbin of shape Shape([1, 1, 5376, 5376])
2026-07-15 06:52:52.292 | DEBUG    | core:as_tensor:724 - Loaded cache for /tmp/gemma4_31b_full_model_tensor_cache/layer_58/layer_58/mlp/up_proj.weight_tp4_bfp8_dtype_BFLOAT8_B_layout_TILE.tensorbin of shape Shape([1, 1, 5376, 5376])
2026-07-15 06:52:52.307 | DEBUG    | core:as_tensor:724 - Loaded cache for /tmp/gemma4_31b_full_model_tensor_cache/layer_58/layer_58/mlp/down_proj.weight_tp4_bfp8_dtype_BFLOAT8_B_layout_TILE.tensorbin of shape Shape([1, 1, 5376, 5376])
2026-07-15 06:53:12.605 | DEBUG    | core:as_tensor:724 - Loaded cache for /tmp/gemma4_31b_full_model_tensor_cache/layer_59/layer_59/input_layernorm/weight_dtype_BFLOAT16_layout_ROW_MAJOR.tensorbin of shape Shape([1, 1, 168, 32])
2026-07-15 06:53:12.606 | DEBUG    | core:as_tensor:724 - Loaded cache for /tmp/gemma4_31b_full_model_tensor_cache/layer_59/layer_59/post_attention_layernorm/weight_dtype_BFLOAT16_layout_ROW_MAJOR.tensorbin of shape Shape([1, 1, 168, 32])
2026-07-15 06:53:12.606 | DEBUG    | core:as_tensor:724 - Loaded cache for /tmp/gemma4_31b_full_model_tensor_cache/layer_59/layer_59/pre_feedforward_layernorm/weight_dtype_BFLOAT16_layout_ROW_MAJOR.tensorbin of shape Shape([1, 1, 168, 32])
2026-07-15 06:53:12.606 | DEBUG    | core:as_tensor:724 - Loaded cache for /tmp/gemma4_31b_full_model_tensor_cache/layer_59/layer_59/post_feedforward_layernorm/weight_dtype_BFLOAT16_layout_ROW_MAJOR.tensorbin of shape Shape([1, 1, 168, 32])
2026-07-15 06:53:12.727 | DEBUG    | core:as_tensor:724 - Loaded cache for /tmp/gemma4_31b_full_model_tensor_cache/layer_59/layer_59/self_attn/wqkv_tp4_bfp8_dtype_BFLOAT8_B_layout_TILE.tensorbin of shape Shape([1, 1, 5376, 5120])
2026-07-15 06:53:12.748 | DEBUG    | core:as_tensor:724 - Loaded cache for /tmp/gemma4_31b_full_model_tensor_cache/layer_59/layer_59/self_attn/o_proj_tp4_bfp8_dtype_BFLOAT8_B_layout_TILE.tensorbin of shape Shape([1, 1, 4096, 5376])
2026-07-15 06:53:12.749 | DEBUG    | core:as_tensor:724 - Loaded cache for /tmp/gemma4_31b_full_model_tensor_cache/layer_59/layer_59/self_attn/q_norm.weight_tp4_dtype_BFLOAT16_layout_ROW_MAJOR.tensorbin of shape Shape([1, 1, 16, 32])
2026-07-15 06:53:12.749 | DEBUG    | core:as_tensor:724 - Loaded cache for /tmp/gemma4_31b_full_model_tensor_cache/layer_59/layer_59/self_attn/k_norm.weight_tp4_dtype_BFLOAT16_layout_ROW_MAJOR.tensorbin of shape Shape([1, 1, 16, 32])
2026-07-15 06:53:12.802 | DEBUG    | core:as_tensor:724 - Loaded cache for /tmp/gemma4_31b_full_model_tensor_cache/layer_59/layer_59/mlp/gate_proj.weight_tp4_bfp8_dtype_BFLOAT8_B_layout_TILE.tensorbin of shape Shape([1, 1, 5376, 5376])
2026-07-15 06:53:12.817 | DEBUG    | core:as_tensor:724 - Loaded cache for /tmp/gemma4_31b_full_model_tensor_cache/layer_59/layer_59/mlp/up_proj.weight_tp4_bfp8_dtype_BFLOAT8_B_layout_TILE.tensorbin of shape Shape([1, 1, 5376, 5376])
2026-07-15 06:53:12.833 | DEBUG    | core:as_tensor:724 - Loaded cache for /tmp/gemma4_31b_full_model_tensor_cache/layer_59/layer_59/mlp/down_proj.weight_tp4_bfp8_dtype_BFLOAT8_B_layout_TILE.tensorbin of shape Shape([1, 1, 5376, 5376])
2026-07-15 06:54:17.334 | warning  |           Metal | Allocating device buffers is unsafe due to the existence of an active trace. These buffers may be corrupted once a trace is executed. (allocator.cpp:110)
{"config_id": "lm_head_bfp8_lofi", "top1": 0.91, "top5": 1.0, "top100": 1.0, "decode_t/s/u": 23.471301971373187, "status": "pass"}
{"config_id": "lm_head_bfp8_hifi2", "top1": 0.92, "top5": 1.0, "top100": 1.0, "decode_t/s/u": 24.561083170322924, "status": "pass"}
2026-07-15 06:54:26.053 | info     |    BuildKernels | JIT cache stats: 450/450 hits (100.0%) [450 cached, 324 build-once dedup, 0 merged artifacts, 0 merged genfiles] (build_cache_telemetry.cpp:207)
2026-07-15 06:54:26.053 | info     |    BuildKernels | JIT telemetry: 3 registered TelemetryTokens (build_cache_telemetry.cpp:230)
2026-07-15 06:54:26.082 | info     |          Device | Closing user mode device drivers (tt_cluster.cpp:512)
2026-07-15 06:54:26.082 | info     |             UMD | Closing devices in cluster (cluster.cpp:1037)
2026-07-15 06:54:26.788 | info     |             UMD | Closing devices in cluster completed. (cluster.cpp:1046)
2026-07-15 06:54:26.788 | info     |             UMD | Cluster destructor started. (cluster.cpp:754)
2026-07-15 06:54:26.788 | info     |             UMD | Cluster destructor completed. (cluster.cpp:757)
