{
  "ref_label": "bf16",
  "cand_label": "bfp8",
  "ref_experts_dtype": "None",
  "cand_experts_dtype": "DataType.BFLOAT8_B",
  "prompt": "Explain what a diffusion language model is in one sentence.",
  "seed": 0,
  "steps": 16,
  "num_layers": null,
  "mean_argmax_agreement": 0.60400390625,
  "min_argmax_agreement": 0.2265625,
  "mean_accept_iou": 0.5006534101916726,
  "min_accept_iou": 0.0,
  "mean_canvas_agreement": 0.906494140625,
  "min_canvas_agreement": 0.72265625,
  "mean_entropy_pcc": 0.6310257214230492,
  "min_entropy_pcc": 0.036135586496755134,
  "entropy_traj_pcc": null,
  "committed_match": 0.2265625,
  "per_step_argmax_agreement": [
    0.94921875,
    0.92578125,
    0.8828125,
    0.87109375,
    0.703125,
    0.80078125,
    0.55859375,
    0.69921875,
    0.71875,
    0.5234375,
    0.44921875,
    0.37109375,
    0.33203125,
    0.375,
    0.27734375,
    0.2265625
  ],
  "per_step_accept_iou": [
    0.0,
    0.0,
    0.0,
    0.0,
    0.5454545454545454,
    0.42105263157894735,
    0.5294117647058824,
    0.717948717948718,
    0.75,
    0.8780487804878049,
    0.8863636363636364,
    0.8444444444444444,
    0.8666666666666667,
    0.6557377049180327,
    0.45977011494252873,
    0.45555555555555555
  ],
  "per_step_entropy_pcc": [
    0.8883310479803017,
    0.380196138788418,
    0.20547971277567487,
    0.036135586496755134,
    0.7590187994356904,
    0.7833017710754037,
    0.8813741263594205,
    0.8261510155901567,
    0.8706495231480502,
    0.8234781413065522,
    0.7778223562420252,
    0.7879256527703602,
    0.7586242607670206,
    0.41951016413728626,
    0.4171299645801197,
    0.48128328131555226
  ],
  "per_step_entropy_max_abs": [
    1.2890625,
    3.1171875,
    3.41796875,
    3.96484375,
    2.5546875,
    3.078125,
    2.03125,
    2.7109375,
    2.90625,
    3.15673828125,
    3.376953125,
    3.562744140625,
    3.181640625,
    3.246337890625,
    3.52313232421875,
    3.0607833862304688
  ],
  "ref_text": [
    " diffusion language model is a generative model that produces text by iteratively refining a sequence of random noise or tokens into a coherent structure, rather than generating it word-by-word like traditional autoregressive models.\n\n\n diffusion\u5c3c\u6a21\u578b language model language\uc740\uc740\u968f\u673a\u968f\u673a\u968f\u673a\u968f\u673a\u968f\u673a\u968f\u673a\uc774\ub098\uc774\ub098\uc774\ub098 tokens\uc744\uc744\uc744\uc801\uc73c\ub85c\uc801\uc73c\ub85c\uc801\uc73c\ub85c refinement refinement refining refinement refinement \uacfc\uc815\uc744 \ud1b5\ud574 \uc77c\u6587\u672c coherent \u6587\u672c\uc744 \uc0dd\uc131\ud558\ub294, \ubaa8\ub378,,, traditional traditional autoregressive models models\ucc98\ub7fc\ucc98\ub7fc each\u8bcd\u8bcd\u751f\u6210\u751f\u6210\u751f\u6210\u751f\u6210 model model\u3002..\n\n---\n\n**,,   . \n000\n\n\n\n\n\n\n\n\n\n \n\uff0c\uff0c\n\uff0c\uff0c\uff0c\n\uff0c\n\uff0c\n\uff0c\n\n\n\uff0c  \n\n\n \n\n\n\uff0c\n\n \n\n\u0418\n\n\n\n  \n\n\n\n\n\n\n\n\n\n\n\n\n\n\n\n\n\n\n\n\n\n\n\n\n\n\n\n\n  .\n\n   \n ( ( ( ().\n\n"
  ],
  "cand_text": [
    " diffusion language model is a generative model that produces text by iteratively refining a sequence of random noise into a coherent sentence through a learned reverse diffusion process, rather than predicting the next word in a linear sequence.\u8eab\n\n\uff1aA diffusion language model is a generative model that produces text by iteratively refining a sequence of random noise into a coherent sentence through a learned reverse diffusion process, rather than predicting the next word in a linear sequence.\u8eab\n\n\uff1a\n\n model model model model model model model model\u6a21\u578b\u6a21\u578b\u6a21\u578b\u6587\u672c\u751f\u6210\u6587\u672c\u6587\u672c\uff0c\uff0c\uff0c\uff0c\uff0c\u751f\u6210\uff0c\uff0c\u3002\uff0c..\uff0c\n\n\uff0c..\uff0c..\uff0c\uff0c\uff0c\u3002\u3002\u3002\u3002\n\n\n\n\n\n **\u306f\u306f is\u3001\u3001\u3001\u3001\u3002\u3001\u3001\u3001\u3001\u3001\uff0c\u3001..\u3001\u3001\u3001.\u3001.\u3001\u3001....\n\n\u6587\u672c\n\n.\n\n\n\n... \u751f\u6210..........\n\n1.\n1.  **1.."
  ]
}
