2026-08-15 21:59:55.233 | DEBUG    | ttnn:<module>:76 - Loading ttnn configuration overrides from environment variable TTNN_CONFIG_OVERRIDES
2026-08-15 21:59:55.233 | DEBUG    | ttnn:<module>:79 - Initial ttnn.CONFIG:
Config{cache_path=/home/mvasiljevic/.cache/ttnn,model_cache_path=/home/mvasiljevic/.cache/ttnn/models,tmp_dir=/tmp/ttnn,enable_model_cache=false,enable_fast_runtime_mode=true,throw_exception_on_fallback=true,enable_logging=false,enable_graph_report=false,enable_graph_python_stack_traces=false,enable_detailed_buffer_report=false,enable_detailed_tensor_report=false,enable_comparison_mode=false,comparison_mode_should_raise_exception=false,comparison_mode_pcc=0.9999,root_report_path=generated/ttnn/reports,report_name=std::nullopt,std::nullopt}
2026-08-15 21:59:55.269 | info     |          Device | Opening user mode device driver (tt_cluster.cpp:228)
2026-08-15 21:59:55.269 | info     |             UMD | Cluster constructor started. (cluster.cpp:348)
2026-08-15 21:59:55.269 | info     |             UMD | Creating TopologyDiscovery for architecture: blackhole (topology_discovery.cpp:91)
2026-08-15 21:59:55.269 | info     |             UMD | Starting topology discovery. (topology_discovery.cpp:110)
2026-08-15 21:59:55.270 | info     |             UMD | Established firmware bundle version: 19.8.0 (topology_discovery.cpp:569)
2026-08-15 21:59:55.270 | info     |             UMD | Firmware bundle version 19.8.0 on the system is newer than the latest fully tested version 19.5.0 for blackhole architecture. Newest features may not be supported. (topology_discovery.cpp:601)
2026-08-15 21:59:55.274 | info     |             UMD | Completed topology discovery. (topology_discovery.cpp:114)
2026-08-15 21:59:55.496 | info     |             UMD | Opening local chip ids/PCIe ids: {0, 1, 2, 3}/[0, 1, 2, 3] and remote chip ids {} (cluster.cpp:168)
2026-08-15 21:59:55.496 | info     |             UMD | IOMMU: enabled (cluster.cpp:142)
2026-08-15 21:59:55.496 | info     |             UMD | KMD version: 2.8.0 (cluster.cpp:145)
2026-08-15 21:59:55.496 | info     |             UMD | Cluster constructor completed. (cluster.cpp:520)
2026-08-15 21:59:55.497 | info     |             UMD | Starting devices in cluster (cluster.cpp:1024)
2026-08-15 21:59:55.712 | info     |             UMD | Starting devices in cluster completed. (cluster.cpp:1032)
2026-08-15 21:59:55.841 | info     |     Distributed | Using auto discovery to generate mesh graph. (metal_env.cpp:367)
2026-08-15 21:59:55.841 | info     |     Distributed | Constructing control plane using auto-discovery (no mesh graph descriptor). (metal_env.cpp:429)
2026-08-15 21:59:55.841 | warning  |          Always | Unknown motherboard 'B850M-C' for chip_id=0 (bus_id=0x1) — falling back to bus_id as tray_id. Add this motherboard and its bus IDs to mobo_to_bus_ids in physical_system_discovery.cpp. (physical_system_discovery.cpp:89)
2026-08-15 21:59:55.841 | warning  |          Always | Unknown motherboard 'B850M-C' for chip_id=1 (bus_id=0x2) — falling back to bus_id as tray_id. Add this motherboard and its bus IDs to mobo_to_bus_ids in physical_system_discovery.cpp. (physical_system_discovery.cpp:89)
2026-08-15 21:59:55.841 | warning  |          Always | Unknown motherboard 'B850M-C' for chip_id=2 (bus_id=0x3) — falling back to bus_id as tray_id. Add this motherboard and its bus IDs to mobo_to_bus_ids in physical_system_discovery.cpp. (physical_system_discovery.cpp:89)
2026-08-15 21:59:55.841 | warning  |          Always | Unknown motherboard 'B850M-C' for chip_id=3 (bus_id=0x4) — falling back to bus_id as tray_id. Add this motherboard and its bus IDs to mobo_to_bus_ids in physical_system_discovery.cpp. (physical_system_discovery.cpp:89)
2026-08-15 21:59:55.841 | warning  |          Always | Unknown motherboard 'B850M-C' for chip_id=1 (bus_id=0x2) — falling back to bus_id as tray_id. Add this motherboard and its bus IDs to mobo_to_bus_ids in physical_system_discovery.cpp. (physical_system_discovery.cpp:89)
2026-08-15 21:59:55.841 | warning  |          Always | Unknown motherboard 'B850M-C' for chip_id=0 (bus_id=0x1) — falling back to bus_id as tray_id. Add this motherboard and its bus IDs to mobo_to_bus_ids in physical_system_discovery.cpp. (physical_system_discovery.cpp:89)
2026-08-15 21:59:55.841 | warning  |          Always | Unknown motherboard 'B850M-C' for chip_id=2 (bus_id=0x3) — falling back to bus_id as tray_id. Add this motherboard and its bus IDs to mobo_to_bus_ids in physical_system_discovery.cpp. (physical_system_discovery.cpp:89)
2026-08-15 21:59:55.841 | warning  |          Always | Unknown motherboard 'B850M-C' for chip_id=3 (bus_id=0x4) — falling back to bus_id as tray_id. Add this motherboard and its bus IDs to mobo_to_bus_ids in physical_system_discovery.cpp. (physical_system_discovery.cpp:89)
2026-08-15 21:59:55.841 | info     |          Fabric | Logical multi-mesh adjacency: intermesh degree histogram {0:1}; intra-mesh degree histograms mesh0 {2:4} (topology_mapper_utils.cpp:2342)
2026-08-15 21:59:55.841 | info     |          Fabric | Physical multi-mesh adjacency: intermesh degree histogram {0:1}; intra-mesh degree histograms mesh0 {2:4} (topology_mapper_utils.cpp:2350)
2026-08-15 21:59:55.842 | DEBUG    | ttnn.device:__init__:152 - Using default dispatch core type for this system: DispatchCoreType.WORKER
2026-08-15 21:59:55.842 | DEBUG    | ttnn.device:__init__:154 - Using default dispatch core axis for this system: DispatchCoreAxis.COL
2026-08-15 21:59:55.847 | info     |    BuildKernels | Using pre-compiled firmware from: /home/mvasiljevic/tt-metal/tt_metal/pre-compiled/13793420398762238087/ (build_env_manager.cpp:347)
2026-08-15 21:59:55.847 | info     |    BuildKernels | Using pre-compiled firmware from: /home/mvasiljevic/tt-metal/tt_metal/pre-compiled/13793420398762238087/ (build_env_manager.cpp:347)
2026-08-15 21:59:55.847 | info     |    BuildKernels | Using pre-compiled firmware from: /home/mvasiljevic/tt-metal/tt_metal/pre-compiled/13793420398762238087/ (build_env_manager.cpp:347)
2026-08-15 21:59:55.847 | info     |    BuildKernels | Using pre-compiled firmware from: /home/mvasiljevic/tt-metal/tt_metal/pre-compiled/13793420398762238087/ (build_env_manager.cpp:347)
2026-08-15 21:59:55.881 | info     |           Metal | Initializing Fabric (fabric_firmware_initializer.cpp:288)
2026-08-15 21:59:55.901 | info     |           Metal | Fabric initialized on Device 0 (device.cpp:429)
2026-08-15 21:59:55.907 | info     |           Metal | Fabric initialized on Device 1 (device.cpp:429)
2026-08-15 21:59:55.907 | info     |           Metal | Fabric initialized on Device 2 (device.cpp:429)
2026-08-15 21:59:55.908 | info     |           Metal | Fabric initialized on Device 3 (device.cpp:429)
2026-08-15 21:59:55.908 | info     |           Metal | Fabric initialized on 4 devices (fabric_firmware_initializer.cpp:435)
2026-08-15 21:59:55.908 | info     |           Metal | Fabric Initialized with config FabricConfig::FABRIC_1D_RING (fabric_firmware_initializer.cpp:305)
2026-08-15 21:59:55.948 | info     |           Metal | ShmResourceTracker: removed orphaned shm '/tt_device_154095681929600_memory' (shm_resource_tracker.cpp:282)
2026-08-15 21:59:55.948 | info     |           Metal | ShmResourceTracker: removed orphaned shm '/tt_device_154095681929601_memory' (shm_resource_tracker.cpp:282)
2026-08-15 21:59:55.948 | info     |           Metal | ShmResourceTracker: removed orphaned shm '/tt_device_154095681932032_memory' (shm_resource_tracker.cpp:282)
2026-08-15 21:59:55.948 | info     |           Metal | ShmResourceTracker: removed orphaned shm '/tt_device_154095681932033_memory' (shm_resource_tracker.cpp:282)
2026-08-15 21:59:56.527 | info     |           Metal | [Real-time profiler] Device 2 sync complete: 100 samples, frequency=1.349983 GHz, device_time_at_sync=848474611876 cycles (realtime_profiler_manager.cpp:1127)
2026-08-15 21:59:56.527 | info     |           Metal | [Real-time profiler] Device 1 sync complete: 100 samples, frequency=1.349981 GHz, device_time_at_sync=847547078086 cycles (realtime_profiler_manager.cpp:1127)
2026-08-15 21:59:56.528 | info     |           Metal | [Real-time profiler] Device 0 sync complete: 100 samples, frequency=1.349982 GHz, device_time_at_sync=846890162518 cycles (realtime_profiler_manager.cpp:1127)
2026-08-15 21:59:56.529 | info     |           Metal | [Real-time profiler] Device 3 sync complete: 100 samples, frequency=1.349980 GHz, device_time_at_sync=849486070939 cycles (realtime_profiler_manager.cpp:1127)
2026-08-15 21:59:58.207 | INFO     | models.demos.gemma4.tt.model_config:load_state_dict:156 - No safetensors found, loading via AutoModelForCausalLM from google/gemma-4-26B-A4B-it
Loading weights:   0%|          | 0/1013 [00:00<?, ?it/s]Loading weights: 100%|██████████| 1013/1013 [00:00<00:00, 36042.16it/s]
2026-08-15 21:59:58.598 | DEBUG    | core:as_tensor:724 - Loaded cache for /tmp/gemma4_full_model_cache/full_model/embedding_dtype_BFLOAT16_layout_ROW_MAJOR.tensorbin of shape Shape([1, 1, 262144, 704])
2026-08-15 21:59:59.301 | DEBUG    | core:as_tensor:724 - Loaded cache for /tmp/gemma4_full_model_cache/full_model/lm_head_dtype_BFLOAT16_layout_TILE.tensorbin of shape Shape([1, 1, 2816, 65536])
2026-08-15 21:59:59.341 | DEBUG    | core:as_tensor:724 - Loaded cache for /tmp/gemma4_full_model_cache/full_model/final_norm_dtype_BFLOAT16_layout_TILE.tensorbin of shape Shape([1, 1, 1, 2816])
2026-08-15 21:59:59.770 | DEBUG    | core:as_tensor:724 - Loaded cache for /tmp/gemma4_full_model_cache/multichip/layer_0/layer_scalar_dtype_BFLOAT16_layout_TILE.tensorbin of shape Shape([1, 1, 1, 1])
2026-08-15 21:59:59.771 | DEBUG    | core:as_tensor:724 - Loaded cache for /tmp/gemma4_full_model_cache/multichip/layer_0/input_ln_dtype_BFLOAT16_layout_TILE.tensorbin of shape Shape([1, 1, 1, 2816])
2026-08-15 21:59:59.771 | DEBUG    | core:as_tensor:724 - Loaded cache for /tmp/gemma4_full_model_cache/multichip/layer_0/post_attn_ln_dtype_BFLOAT16_layout_TILE.tensorbin of shape Shape([1, 1, 1, 2816])
2026-08-15 21:59:59.771 | DEBUG    | core:as_tensor:724 - Loaded cache for /tmp/gemma4_full_model_cache/multichip/layer_0/pre_ff_ln_dtype_BFLOAT16_layout_TILE.tensorbin of shape Shape([1, 1, 1, 2816])
2026-08-15 21:59:59.772 | DEBUG    | core:as_tensor:724 - Loaded cache for /tmp/gemma4_full_model_cache/multichip/layer_0/post_ff_ln_dtype_BFLOAT16_layout_TILE.tensorbin of shape Shape([1, 1, 1, 2816])
2026-08-15 21:59:59.772 | DEBUG    | core:as_tensor:724 - Loaded cache for /tmp/gemma4_full_model_cache/multichip/layer_0/post_ff_ln_1_dtype_BFLOAT16_layout_TILE.tensorbin of shape Shape([1, 1, 1, 2816])
2026-08-15 21:59:59.772 | DEBUG    | core:as_tensor:724 - Loaded cache for /tmp/gemma4_full_model_cache/multichip/layer_0/post_ff_ln_2_dtype_BFLOAT16_layout_TILE.tensorbin of shape Shape([1, 1, 1, 2816])
2026-08-15 21:59:59.772 | DEBUG    | core:as_tensor:724 - Loaded cache for /tmp/gemma4_full_model_cache/multichip/layer_0/pre_ff_ln_2_dtype_BFLOAT16_layout_TILE.tensorbin of shape Shape([1, 1, 1, 2816])
2026-08-15 21:59:59.772 | DEBUG    | core:as_tensor:724 - Loaded cache for /tmp/gemma4_full_model_cache/multichip/layer_0/q_norm_dtype_BFLOAT16_layout_TILE.tensorbin of shape Shape([1, 1, 1, 256])
2026-08-15 21:59:59.772 | DEBUG    | core:as_tensor:724 - Loaded cache for /tmp/gemma4_full_model_cache/multichip/layer_0/k_norm_dtype_BFLOAT16_layout_TILE.tensorbin of shape Shape([1, 1, 1, 256])
2026-08-15 21:59:59.775 | DEBUG    | core:as_tensor:724 - Loaded cache for /tmp/gemma4_full_model_cache/multichip/layer_0/qkv_tp4_dtype_BFLOAT8_B_layout_TILE.tensorbin of shape Shape([1, 1, 2816, 2048])
2026-08-15 21:59:59.787 | DEBUG    | core:as_tensor:724 - Loaded cache for /tmp/gemma4_full_model_cache/multichip/layer_0/o_proj_tp4_dtype_BFLOAT8_B_layout_TILE.tensorbin of shape Shape([1, 1, 1024, 2816])
2026-08-15 21:59:59.788 | DEBUG    | core:as_tensor:724 - Loaded cache for /tmp/gemma4_full_model_cache/multichip/layer_0/mlp_gate_tp4_dtype_BFLOAT8_B_layout_TILE.tensorbin of shape Shape([1, 1, 2816, 544])
2026-08-15 21:59:59.789 | DEBUG    | core:as_tensor:724 - Loaded cache for /tmp/gemma4_full_model_cache/multichip/layer_0/mlp_up_tp4_dtype_BFLOAT8_B_layout_TILE.tensorbin of shape Shape([1, 1, 2816, 544])
2026-08-15 21:59:59.790 | DEBUG    | core:as_tensor:724 - Loaded cache for /tmp/gemma4_full_model_cache/multichip/layer_0/mlp_down_tp4_dtype_BFLOAT8_B_layout_TILE.tensorbin of shape Shape([1, 1, 544, 2816])
2026-08-15 21:59:59.790 | DEBUG    | core:as_tensor:724 - Loaded cache for /tmp/gemma4_full_model_cache/multichip/layer_0/router_scale_dtype_FLOAT32_layout_TILE.tensorbin of shape Shape([1, 1, 1, 2816])
2026-08-15 21:59:59.791 | DEBUG    | core:as_tensor:724 - Loaded cache for /tmp/gemma4_full_model_cache/multichip/layer_0/router_proj_dtype_FLOAT32_layout_TILE.tensorbin of shape Shape([1, 1, 2816, 128])
2026-08-15 21:59:59.791 | DEBUG    | core:as_tensor:724 - Loaded cache for /tmp/gemma4_full_model_cache/multichip/layer_0/router_per_expert_scale_dtype_FLOAT32_layout_TILE.tensorbin of shape Shape([1, 128])
2026-08-15 21:59:59.822 | DEBUG    | core:as_tensor:724 - Loaded cache for /tmp/gemma4_full_model_cache/multichip/layer_0/expert_gate_tp4_dtype_BFLOAT8_B_layout_TILE.tensorbin of shape Shape([1, 128, 2816, 192])
2026-08-15 21:59:59.853 | DEBUG    | core:as_tensor:724 - Loaded cache for /tmp/gemma4_full_model_cache/multichip/layer_0/expert_up_tp4_dtype_BFLOAT8_B_layout_TILE.tensorbin of shape Shape([1, 128, 2816, 192])
2026-08-15 21:59:59.883 | DEBUG    | core:as_tensor:724 - Loaded cache for /tmp/gemma4_full_model_cache/multichip/layer_0/expert_down_tp4_dtype_BFLOAT8_B_layout_TILE.tensorbin of shape Shape([1, 128, 192, 2816])
2026-08-15 21:59:59.884 | DEBUG    | core:as_tensor:724 - Loaded cache for /tmp/gemma4_full_model_cache/multichip/layer_0/expert_prefill_sparsity_dtype_BFLOAT16_layout_ROW_MAJOR.tensorbin of shape Shape([1, 1, 1, 128])
2026-08-15 21:59:59.896 | DEBUG    | core:as_tensor:724 - Loaded cache for /tmp/gemma4_full_model_cache/multichip/layer_0/packed_mlp_gate_up_decode_bfp4_tp4_dtype_BFLOAT4_B_layout_TILE.tensorbin of shape Shape([1, 1, 2816, 1088])
2026-08-15 22:00:00.386 | DEBUG    | core:as_tensor:724 - Loaded cache for /tmp/gemma4_full_model_cache/multichip/layer_1/layer_scalar_dtype_BFLOAT16_layout_TILE.tensorbin of shape Shape([1, 1, 1, 1])
2026-08-15 22:00:00.387 | DEBUG    | core:as_tensor:724 - Loaded cache for /tmp/gemma4_full_model_cache/multichip/layer_1/input_ln_dtype_BFLOAT16_layout_TILE.tensorbin of shape Shape([1, 1, 1, 2816])
2026-08-15 22:00:00.387 | DEBUG    | core:as_tensor:724 - Loaded cache for /tmp/gemma4_full_model_cache/multichip/layer_1/post_attn_ln_dtype_BFLOAT16_layout_TILE.tensorbin of shape Shape([1, 1, 1, 2816])
2026-08-15 22:00:00.387 | DEBUG    | core:as_tensor:724 - Loaded cache for /tmp/gemma4_full_model_cache/multichip/layer_1/pre_ff_ln_dtype_BFLOAT16_layout_TILE.tensorbin of shape Shape([1, 1, 1, 2816])
2026-08-15 22:00:00.387 | DEBUG    | core:as_tensor:724 - Loaded cache for /tmp/gemma4_full_model_cache/multichip/layer_1/post_ff_ln_dtype_BFLOAT16_layout_TILE.tensorbin of shape Shape([1, 1, 1, 2816])
2026-08-15 22:00:00.388 | DEBUG    | core:as_tensor:724 - Loaded cache for /tmp/gemma4_full_model_cache/multichip/layer_1/post_ff_ln_1_dtype_BFLOAT16_layout_TILE.tensorbin of shape Shape([1, 1, 1, 2816])
2026-08-15 22:00:00.388 | DEBUG    | core:as_tensor:724 - Loaded cache for /tmp/gemma4_full_model_cache/multichip/layer_1/post_ff_ln_2_dtype_BFLOAT16_layout_TILE.tensorbin of shape Shape([1, 1, 1, 2816])
2026-08-15 22:00:00.388 | DEBUG    | core:as_tensor:724 - Loaded cache for /tmp/gemma4_full_model_cache/multichip/layer_1/pre_ff_ln_2_dtype_BFLOAT16_layout_TILE.tensorbin of shape Shape([1, 1, 1, 2816])
2026-08-15 22:00:00.388 | DEBUG    | core:as_tensor:724 - Loaded cache for /tmp/gemma4_full_model_cache/multichip/layer_1/q_norm_dtype_BFLOAT16_layout_TILE.tensorbin of shape Shape([1, 1, 1, 256])
2026-08-15 22:00:00.388 | DEBUG    | core:as_tensor:724 - Loaded cache for /tmp/gemma4_full_model_cache/multichip/layer_1/k_norm_dtype_BFLOAT16_layout_TILE.tensorbin of shape Shape([1, 1, 1, 256])
2026-08-15 22:00:00.390 | DEBUG    | core:as_tensor:724 - Loaded cache for /tmp/gemma4_full_model_cache/multichip/layer_1/qkv_tp4_dtype_BFLOAT8_B_layout_TILE.tensorbin of shape Shape([1, 1, 2816, 2048])
2026-08-15 22:00:00.399 | DEBUG    | core:as_tensor:724 - Loaded cache for /tmp/gemma4_full_model_cache/multichip/layer_1/o_proj_tp4_dtype_BFLOAT8_B_layout_TILE.tensorbin of shape Shape([1, 1, 1024, 2816])
2026-08-15 22:00:00.400 | DEBUG    | core:as_tensor:724 - Loaded cache for /tmp/gemma4_full_model_cache/multichip/layer_1/mlp_gate_tp4_dtype_BFLOAT8_B_layout_TILE.tensorbin of shape Shape([1, 1, 2816, 544])
2026-08-15 22:00:00.401 | DEBUG    | core:as_tensor:724 - Loaded cache for /tmp/gemma4_full_model_cache/multichip/layer_1/mlp_up_tp4_dtype_BFLOAT8_B_layout_TILE.tensorbin of shape Shape([1, 1, 2816, 544])
2026-08-15 22:00:00.402 | DEBUG    | core:as_tensor:724 - Loaded cache for /tmp/gemma4_full_model_cache/multichip/layer_1/mlp_down_tp4_dtype_BFLOAT8_B_layout_TILE.tensorbin of shape Shape([1, 1, 544, 2816])
2026-08-15 22:00:00.402 | DEBUG    | core:as_tensor:724 - Loaded cache for /tmp/gemma4_full_model_cache/multichip/layer_1/router_scale_dtype_FLOAT32_layout_TILE.tensorbin of shape Shape([1, 1, 1, 2816])
2026-08-15 22:00:00.402 | DEBUG    | core:as_tensor:724 - Loaded cache for /tmp/gemma4_full_model_cache/multichip/layer_1/router_proj_dtype_FLOAT32_layout_TILE.tensorbin of shape Shape([1, 1, 2816, 128])
2026-08-15 22:00:00.403 | DEBUG    | core:as_tensor:724 - Loaded cache for /tmp/gemma4_full_model_cache/multichip/layer_1/router_per_expert_scale_dtype_FLOAT32_layout_TILE.tensorbin of shape Shape([1, 128])
2026-08-15 22:00:00.429 | DEBUG    | core:as_tensor:724 - Loaded cache for /tmp/gemma4_full_model_cache/multichip/layer_1/expert_gate_tp4_dtype_BFLOAT8_B_layout_TILE.tensorbin of shape Shape([1, 128, 2816, 192])
2026-08-15 22:00:00.455 | DEBUG    | core:as_tensor:724 - Loaded cache for /tmp/gemma4_full_model_cache/multichip/layer_1/expert_up_tp4_dtype_BFLOAT8_B_layout_TILE.tensorbin of shape Shape([1, 128, 2816, 192])
2026-08-15 22:00:00.481 | DEBUG    | core:as_tensor:724 - Loaded cache for /tmp/gemma4_full_model_cache/multichip/layer_1/expert_down_tp4_dtype_BFLOAT8_B_layout_TILE.tensorbin of shape Shape([1, 128, 192, 2816])
2026-08-15 22:00:00.481 | DEBUG    | core:as_tensor:724 - Loaded cache for /tmp/gemma4_full_model_cache/multichip/layer_1/expert_prefill_sparsity_dtype_BFLOAT16_layout_ROW_MAJOR.tensorbin of shape Shape([1, 1, 1, 128])
2026-08-15 22:00:00.486 | DEBUG    | core:as_tensor:724 - Loaded cache for /tmp/gemma4_full_model_cache/multichip/layer_1/packed_mlp_gate_up_decode_bfp4_tp4_dtype_BFLOAT4_B_layout_TILE.tensorbin of shape Shape([1, 1, 2816, 1088])
2026-08-15 22:00:00.929 | DEBUG    | core:as_tensor:724 - Loaded cache for /tmp/gemma4_full_model_cache/multichip/layer_2/layer_scalar_dtype_BFLOAT16_layout_TILE.tensorbin of shape Shape([1, 1, 1, 1])
2026-08-15 22:00:00.929 | DEBUG    | core:as_tensor:724 - Loaded cache for /tmp/gemma4_full_model_cache/multichip/layer_2/input_ln_dtype_BFLOAT16_layout_TILE.tensorbin of shape Shape([1, 1, 1, 2816])
2026-08-15 22:00:00.929 | DEBUG    | core:as_tensor:724 - Loaded cache for /tmp/gemma4_full_model_cache/multichip/layer_2/post_attn_ln_dtype_BFLOAT16_layout_TILE.tensorbin of shape Shape([1, 1, 1, 2816])
2026-08-15 22:00:00.930 | DEBUG    | core:as_tensor:724 - Loaded cache for /tmp/gemma4_full_model_cache/multichip/layer_2/pre_ff_ln_dtype_BFLOAT16_layout_TILE.tensorbin of shape Shape([1, 1, 1, 2816])
2026-08-15 22:00:00.930 | DEBUG    | core:as_tensor:724 - Loaded cache for /tmp/gemma4_full_model_cache/multichip/layer_2/post_ff_ln_dtype_BFLOAT16_layout_TILE.tensorbin of shape Shape([1, 1, 1, 2816])
2026-08-15 22:00:00.930 | DEBUG    | core:as_tensor:724 - Loaded cache for /tmp/gemma4_full_model_cache/multichip/layer_2/post_ff_ln_1_dtype_BFLOAT16_layout_TILE.tensorbin of shape Shape([1, 1, 1, 2816])
2026-08-15 22:00:00.930 | DEBUG    | core:as_tensor:724 - Loaded cache for /tmp/gemma4_full_model_cache/multichip/layer_2/post_ff_ln_2_dtype_BFLOAT16_layout_TILE.tensorbin of shape Shape([1, 1, 1, 2816])
2026-08-15 22:00:00.930 | DEBUG    | core:as_tensor:724 - Loaded cache for /tmp/gemma4_full_model_cache/multichip/layer_2/pre_ff_ln_2_dtype_BFLOAT16_layout_TILE.tensorbin of shape Shape([1, 1, 1, 2816])
2026-08-15 22:00:00.930 | DEBUG    | core:as_tensor:724 - Loaded cache for /tmp/gemma4_full_model_cache/multichip/layer_2/q_norm_dtype_BFLOAT16_layout_TILE.tensorbin of shape Shape([1, 1, 1, 256])
2026-08-15 22:00:00.930 | DEBUG    | core:as_tensor:724 - Loaded cache for /tmp/gemma4_full_model_cache/multichip/layer_2/k_norm_dtype_BFLOAT16_layout_TILE.tensorbin of shape Shape([1, 1, 1, 256])
2026-08-15 22:00:00.932 | DEBUG    | core:as_tensor:724 - Loaded cache for /tmp/gemma4_full_model_cache/multichip/layer_2/qkv_tp4_dtype_BFLOAT8_B_layout_TILE.tensorbin of shape Shape([1, 1, 2816, 2048])
2026-08-15 22:00:00.941 | DEBUG    | core:as_tensor:724 - Loaded cache for /tmp/gemma4_full_model_cache/multichip/layer_2/o_proj_tp4_dtype_BFLOAT8_B_layout_TILE.tensorbin of shape Shape([1, 1, 1024, 2816])
2026-08-15 22:00:00.942 | DEBUG    | core:as_tensor:724 - Loaded cache for /tmp/gemma4_full_model_cache/multichip/layer_2/mlp_gate_tp4_dtype_BFLOAT8_B_layout_TILE.tensorbin of shape Shape([1, 1, 2816, 544])
2026-08-15 22:00:00.943 | DEBUG    | core:as_tensor:724 - Loaded cache for /tmp/gemma4_full_model_cache/multichip/layer_2/mlp_up_tp4_dtype_BFLOAT8_B_layout_TILE.tensorbin of shape Shape([1, 1, 2816, 544])
2026-08-15 22:00:00.944 | DEBUG    | core:as_tensor:724 - Loaded cache for /tmp/gemma4_full_model_cache/multichip/layer_2/mlp_down_tp4_dtype_BFLOAT8_B_layout_TILE.tensorbin of shape Shape([1, 1, 544, 2816])
2026-08-15 22:00:00.944 | DEBUG    | core:as_tensor:724 - Loaded cache for /tmp/gemma4_full_model_cache/multichip/layer_2/router_scale_dtype_FLOAT32_layout_TILE.tensorbin of shape Shape([1, 1, 1, 2816])
2026-08-15 22:00:00.945 | DEBUG    | core:as_tensor:724 - Loaded cache for /tmp/gemma4_full_model_cache/multichip/layer_2/router_proj_dtype_FLOAT32_layout_TILE.tensorbin of shape Shape([1, 1, 2816, 128])
2026-08-15 22:00:00.945 | DEBUG    | core:as_tensor:724 - Loaded cache for /tmp/gemma4_full_model_cache/multichip/layer_2/router_per_expert_scale_dtype_FLOAT32_layout_TILE.tensorbin of shape Shape([1, 128])
2026-08-15 22:00:00.970 | DEBUG    | core:as_tensor:724 - Loaded cache for /tmp/gemma4_full_model_cache/multichip/layer_2/expert_gate_tp4_dtype_BFLOAT8_B_layout_TILE.tensorbin of shape Shape([1, 128, 2816, 192])
2026-08-15 22:00:00.996 | DEBUG    | core:as_tensor:724 - Loaded cache for /tmp/gemma4_full_model_cache/multichip/layer_2/expert_up_tp4_dtype_BFLOAT8_B_layout_TILE.tensorbin of shape Shape([1, 128, 2816, 192])
2026-08-15 22:00:01.022 | DEBUG    | core:as_tensor:724 - Loaded cache for /tmp/gemma4_full_model_cache/multichip/layer_2/expert_down_tp4_dtype_BFLOAT8_B_layout_TILE.tensorbin of shape Shape([1, 128, 192, 2816])
2026-08-15 22:00:01.023 | DEBUG    | core:as_tensor:724 - Loaded cache for /tmp/gemma4_full_model_cache/multichip/layer_2/expert_prefill_sparsity_dtype_BFLOAT16_layout_ROW_MAJOR.tensorbin of shape Shape([1, 1, 1, 128])
2026-08-15 22:00:01.027 | DEBUG    | core:as_tensor:724 - Loaded cache for /tmp/gemma4_full_model_cache/multichip/layer_2/packed_mlp_gate_up_decode_bfp4_tp4_dtype_BFLOAT4_B_layout_TILE.tensorbin of shape Shape([1, 1, 2816, 1088])
2026-08-15 22:00:01.470 | DEBUG    | core:as_tensor:724 - Loaded cache for /tmp/gemma4_full_model_cache/multichip/layer_3/layer_scalar_dtype_BFLOAT16_layout_TILE.tensorbin of shape Shape([1, 1, 1, 1])
2026-08-15 22:00:01.470 | DEBUG    | core:as_tensor:724 - Loaded cache for /tmp/gemma4_full_model_cache/multichip/layer_3/input_ln_dtype_BFLOAT16_layout_TILE.tensorbin of shape Shape([1, 1, 1, 2816])
2026-08-15 22:00:01.471 | DEBUG    | core:as_tensor:724 - Loaded cache for /tmp/gemma4_full_model_cache/multichip/layer_3/post_attn_ln_dtype_BFLOAT16_layout_TILE.tensorbin of shape Shape([1, 1, 1, 2816])
2026-08-15 22:00:01.471 | DEBUG    | core:as_tensor:724 - Loaded cache for /tmp/gemma4_full_model_cache/multichip/layer_3/pre_ff_ln_dtype_BFLOAT16_layout_TILE.tensorbin of shape Shape([1, 1, 1, 2816])
2026-08-15 22:00:01.471 | DEBUG    | core:as_tensor:724 - Loaded cache for /tmp/gemma4_full_model_cache/multichip/layer_3/post_ff_ln_dtype_BFLOAT16_layout_TILE.tensorbin of shape Shape([1, 1, 1, 2816])
2026-08-15 22:00:01.471 | DEBUG    | core:as_tensor:724 - Loaded cache for /tmp/gemma4_full_model_cache/multichip/layer_3/post_ff_ln_1_dtype_BFLOAT16_layout_TILE.tensorbin of shape Shape([1, 1, 1, 2816])
2026-08-15 22:00:01.471 | DEBUG    | core:as_tensor:724 - Loaded cache for /tmp/gemma4_full_model_cache/multichip/layer_3/post_ff_ln_2_dtype_BFLOAT16_layout_TILE.tensorbin of shape Shape([1, 1, 1, 2816])
2026-08-15 22:00:01.471 | DEBUG    | core:as_tensor:724 - Loaded cache for /tmp/gemma4_full_model_cache/multichip/layer_3/pre_ff_ln_2_dtype_BFLOAT16_layout_TILE.tensorbin of shape Shape([1, 1, 1, 2816])
2026-08-15 22:00:01.471 | DEBUG    | core:as_tensor:724 - Loaded cache for /tmp/gemma4_full_model_cache/multichip/layer_3/q_norm_dtype_BFLOAT16_layout_TILE.tensorbin of shape Shape([1, 1, 1, 256])
2026-08-15 22:00:01.472 | DEBUG    | core:as_tensor:724 - Loaded cache for /tmp/gemma4_full_model_cache/multichip/layer_3/k_norm_dtype_BFLOAT16_layout_TILE.tensorbin of shape Shape([1, 1, 1, 256])
2026-08-15 22:00:01.474 | DEBUG    | core:as_tensor:724 - Loaded cache for /tmp/gemma4_full_model_cache/multichip/layer_3/qkv_tp4_dtype_BFLOAT8_B_layout_TILE.tensorbin of shape Shape([1, 1, 2816, 2048])
2026-08-15 22:00:01.482 | DEBUG    | core:as_tensor:724 - Loaded cache for /tmp/gemma4_full_model_cache/multichip/layer_3/o_proj_tp4_dtype_BFLOAT8_B_layout_TILE.tensorbin of shape Shape([1, 1, 1024, 2816])
2026-08-15 22:00:01.483 | DEBUG    | core:as_tensor:724 - Loaded cache for /tmp/gemma4_full_model_cache/multichip/layer_3/mlp_gate_tp4_dtype_BFLOAT8_B_layout_TILE.tensorbin of shape Shape([1, 1, 2816, 544])
2026-08-15 22:00:01.484 | DEBUG    | core:as_tensor:724 - Loaded cache for /tmp/gemma4_full_model_cache/multichip/layer_3/mlp_up_tp4_dtype_BFLOAT8_B_layout_TILE.tensorbin of shape Shape([1, 1, 2816, 544])
2026-08-15 22:00:01.485 | DEBUG    | core:as_tensor:724 - Loaded cache for /tmp/gemma4_full_model_cache/multichip/layer_3/mlp_down_tp4_dtype_BFLOAT8_B_layout_TILE.tensorbin of shape Shape([1, 1, 544, 2816])
2026-08-15 22:00:01.485 | DEBUG    | core:as_tensor:724 - Loaded cache for /tmp/gemma4_full_model_cache/multichip/layer_3/router_scale_dtype_FLOAT32_layout_TILE.tensorbin of shape Shape([1, 1, 1, 2816])
2026-08-15 22:00:01.485 | DEBUG    | core:as_tensor:724 - Loaded cache for /tmp/gemma4_full_model_cache/multichip/layer_3/router_proj_dtype_FLOAT32_layout_TILE.tensorbin of shape Shape([1, 1, 2816, 128])
2026-08-15 22:00:01.486 | DEBUG    | core:as_tensor:724 - Loaded cache for /tmp/gemma4_full_model_cache/multichip/layer_3/router_per_expert_scale_dtype_FLOAT32_layout_TILE.tensorbin of shape Shape([1, 128])
2026-08-15 22:00:01.511 | DEBUG    | core:as_tensor:724 - Loaded cache for /tmp/gemma4_full_model_cache/multichip/layer_3/expert_gate_tp4_dtype_BFLOAT8_B_layout_TILE.tensorbin of shape Shape([1, 128, 2816, 192])
2026-08-15 22:00:01.537 | DEBUG    | core:as_tensor:724 - Loaded cache for /tmp/gemma4_full_model_cache/multichip/layer_3/expert_up_tp4_dtype_BFLOAT8_B_layout_TILE.tensorbin of shape Shape([1, 128, 2816, 192])
2026-08-15 22:00:01.563 | DEBUG    | core:as_tensor:724 - Loaded cache for /tmp/gemma4_full_model_cache/multichip/layer_3/expert_down_tp4_dtype_BFLOAT8_B_layout_TILE.tensorbin of shape Shape([1, 128, 192, 2816])
2026-08-15 22:00:01.564 | DEBUG    | core:as_tensor:724 - Loaded cache for /tmp/gemma4_full_model_cache/multichip/layer_3/expert_prefill_sparsity_dtype_BFLOAT16_layout_ROW_MAJOR.tensorbin of shape Shape([1, 1, 1, 128])
2026-08-15 22:00:01.569 | DEBUG    | core:as_tensor:724 - Loaded cache for /tmp/gemma4_full_model_cache/multichip/layer_3/packed_mlp_gate_up_decode_bfp4_tp4_dtype_BFLOAT4_B_layout_TILE.tensorbin of shape Shape([1, 1, 2816, 1088])
2026-08-15 22:00:02.019 | DEBUG    | core:as_tensor:724 - Loaded cache for /tmp/gemma4_full_model_cache/multichip/layer_4/layer_scalar_dtype_BFLOAT16_layout_TILE.tensorbin of shape Shape([1, 1, 1, 1])
2026-08-15 22:00:02.020 | DEBUG    | core:as_tensor:724 - Loaded cache for /tmp/gemma4_full_model_cache/multichip/layer_4/input_ln_dtype_BFLOAT16_layout_TILE.tensorbin of shape Shape([1, 1, 1, 2816])
2026-08-15 22:00:02.020 | DEBUG    | core:as_tensor:724 - Loaded cache for /tmp/gemma4_full_model_cache/multichip/layer_4/post_attn_ln_dtype_BFLOAT16_layout_TILE.tensorbin of shape Shape([1, 1, 1, 2816])
2026-08-15 22:00:02.020 | DEBUG    | core:as_tensor:724 - Loaded cache for /tmp/gemma4_full_model_cache/multichip/layer_4/pre_ff_ln_dtype_BFLOAT16_layout_TILE.tensorbin of shape Shape([1, 1, 1, 2816])
2026-08-15 22:00:02.020 | DEBUG    | core:as_tensor:724 - Loaded cache for /tmp/gemma4_full_model_cache/multichip/layer_4/post_ff_ln_dtype_BFLOAT16_layout_TILE.tensorbin of shape Shape([1, 1, 1, 2816])
2026-08-15 22:00:02.021 | DEBUG    | core:as_tensor:724 - Loaded cache for /tmp/gemma4_full_model_cache/multichip/layer_4/post_ff_ln_1_dtype_BFLOAT16_layout_TILE.tensorbin of shape Shape([1, 1, 1, 2816])
2026-08-15 22:00:02.021 | DEBUG    | core:as_tensor:724 - Loaded cache for /tmp/gemma4_full_model_cache/multichip/layer_4/post_ff_ln_2_dtype_BFLOAT16_layout_TILE.tensorbin of shape Shape([1, 1, 1, 2816])
2026-08-15 22:00:02.021 | DEBUG    | core:as_tensor:724 - Loaded cache for /tmp/gemma4_full_model_cache/multichip/layer_4/pre_ff_ln_2_dtype_BFLOAT16_layout_TILE.tensorbin of shape Shape([1, 1, 1, 2816])
2026-08-15 22:00:02.021 | DEBUG    | core:as_tensor:724 - Loaded cache for /tmp/gemma4_full_model_cache/multichip/layer_4/q_norm_dtype_BFLOAT16_layout_TILE.tensorbin of shape Shape([1, 1, 1, 256])
2026-08-15 22:00:02.021 | DEBUG    | core:as_tensor:724 - Loaded cache for /tmp/gemma4_full_model_cache/multichip/layer_4/k_norm_dtype_BFLOAT16_layout_TILE.tensorbin of shape Shape([1, 1, 1, 256])
2026-08-15 22:00:02.023 | DEBUG    | core:as_tensor:724 - Loaded cache for /tmp/gemma4_full_model_cache/multichip/layer_4/qkv_tp4_dtype_BFLOAT8_B_layout_TILE.tensorbin of shape Shape([1, 1, 2816, 2048])
2026-08-15 22:00:02.033 | DEBUG    | core:as_tensor:724 - Loaded cache for /tmp/gemma4_full_model_cache/multichip/layer_4/o_proj_tp4_dtype_BFLOAT8_B_layout_TILE.tensorbin of shape Shape([1, 1, 1024, 2816])
2026-08-15 22:00:02.033 | DEBUG    | core:as_tensor:724 - Loaded cache for /tmp/gemma4_full_model_cache/multichip/layer_4/mlp_gate_tp4_dtype_BFLOAT8_B_layout_TILE.tensorbin of shape Shape([1, 1, 2816, 544])
2026-08-15 22:00:02.034 | DEBUG    | core:as_tensor:724 - Loaded cache for /tmp/gemma4_full_model_cache/multichip/layer_4/mlp_up_tp4_dtype_BFLOAT8_B_layout_TILE.tensorbin of shape Shape([1, 1, 2816, 544])
2026-08-15 22:00:02.035 | DEBUG    | core:as_tensor:724 - Loaded cache for /tmp/gemma4_full_model_cache/multichip/layer_4/mlp_down_tp4_dtype_BFLOAT8_B_layout_TILE.tensorbin of shape Shape([1, 1, 544, 2816])
2026-08-15 22:00:02.035 | DEBUG    | core:as_tensor:724 - Loaded cache for /tmp/gemma4_full_model_cache/multichip/layer_4/router_scale_dtype_FLOAT32_layout_TILE.tensorbin of shape Shape([1, 1, 1, 2816])
2026-08-15 22:00:02.036 | DEBUG    | core:as_tensor:724 - Loaded cache for /tmp/gemma4_full_model_cache/multichip/layer_4/router_proj_dtype_FLOAT32_layout_TILE.tensorbin of shape Shape([1, 1, 2816, 128])
2026-08-15 22:00:02.036 | DEBUG    | core:as_tensor:724 - Loaded cache for /tmp/gemma4_full_model_cache/multichip/layer_4/router_per_expert_scale_dtype_FLOAT32_layout_TILE.tensorbin of shape Shape([1, 128])
2026-08-15 22:00:02.062 | DEBUG    | core:as_tensor:724 - Loaded cache for /tmp/gemma4_full_model_cache/multichip/layer_4/expert_gate_tp4_dtype_BFLOAT8_B_layout_TILE.tensorbin of shape Shape([1, 128, 2816, 192])
2026-08-15 22:00:02.089 | DEBUG    | core:as_tensor:724 - Loaded cache for /tmp/gemma4_full_model_cache/multichip/layer_4/expert_up_tp4_dtype_BFLOAT8_B_layout_TILE.tensorbin of shape Shape([1, 128, 2816, 192])
2026-08-15 22:00:02.114 | DEBUG    | core:as_tensor:724 - Loaded cache for /tmp/gemma4_full_model_cache/multichip/layer_4/expert_down_tp4_dtype_BFLOAT8_B_layout_TILE.tensorbin of shape Shape([1, 128, 192, 2816])
2026-08-15 22:00:02.115 | DEBUG    | core:as_tensor:724 - Loaded cache for /tmp/gemma4_full_model_cache/multichip/layer_4/expert_prefill_sparsity_dtype_BFLOAT16_layout_ROW_MAJOR.tensorbin of shape Shape([1, 1, 1, 128])
2026-08-15 22:00:02.120 | DEBUG    | core:as_tensor:724 - Loaded cache for /tmp/gemma4_full_model_cache/multichip/layer_4/packed_mlp_gate_up_decode_bfp4_tp4_dtype_BFLOAT4_B_layout_TILE.tensorbin of shape Shape([1, 1, 2816, 1088])
2026-08-15 22:00:02.579 | DEBUG    | core:as_tensor:724 - Loaded cache for /tmp/gemma4_full_model_cache/multichip/layer_5/layer_scalar_dtype_BFLOAT16_layout_TILE.tensorbin of shape Shape([1, 1, 1, 1])
2026-08-15 22:00:02.580 | DEBUG    | core:as_tensor:724 - Loaded cache for /tmp/gemma4_full_model_cache/multichip/layer_5/input_ln_dtype_BFLOAT16_layout_TILE.tensorbin of shape Shape([1, 1, 1, 2816])
2026-08-15 22:00:02.580 | DEBUG    | core:as_tensor:724 - Loaded cache for /tmp/gemma4_full_model_cache/multichip/layer_5/post_attn_ln_dtype_BFLOAT16_layout_TILE.tensorbin of shape Shape([1, 1, 1, 2816])
2026-08-15 22:00:02.580 | DEBUG    | core:as_tensor:724 - Loaded cache for /tmp/gemma4_full_model_cache/multichip/layer_5/pre_ff_ln_dtype_BFLOAT16_layout_TILE.tensorbin of shape Shape([1, 1, 1, 2816])
2026-08-15 22:00:02.580 | DEBUG    | core:as_tensor:724 - Loaded cache for /tmp/gemma4_full_model_cache/multichip/layer_5/post_ff_ln_dtype_BFLOAT16_layout_TILE.tensorbin of shape Shape([1, 1, 1, 2816])
2026-08-15 22:00:02.580 | DEBUG    | core:as_tensor:724 - Loaded cache for /tmp/gemma4_full_model_cache/multichip/layer_5/post_ff_ln_1_dtype_BFLOAT16_layout_TILE.tensorbin of shape Shape([1, 1, 1, 2816])
2026-08-15 22:00:02.580 | DEBUG    | core:as_tensor:724 - Loaded cache for /tmp/gemma4_full_model_cache/multichip/layer_5/post_ff_ln_2_dtype_BFLOAT16_layout_TILE.tensorbin of shape Shape([1, 1, 1, 2816])
2026-08-15 22:00:02.581 | DEBUG    | core:as_tensor:724 - Loaded cache for /tmp/gemma4_full_model_cache/multichip/layer_5/pre_ff_ln_2_dtype_BFLOAT16_layout_TILE.tensorbin of shape Shape([1, 1, 1, 2816])
2026-08-15 22:00:02.581 | DEBUG    | core:as_tensor:724 - Loaded cache for /tmp/gemma4_full_model_cache/multichip/layer_5/q_norm_dtype_BFLOAT16_layout_TILE.tensorbin of shape Shape([1, 1, 1, 512])
2026-08-15 22:00:02.581 | DEBUG    | core:as_tensor:724 - Loaded cache for /tmp/gemma4_full_model_cache/multichip/layer_5/k_norm_dtype_BFLOAT16_layout_TILE.tensorbin of shape Shape([1, 1, 1, 512])
2026-08-15 22:00:02.587 | DEBUG    | core:as_tensor:724 - Loaded cache for /tmp/gemma4_full_model_cache/multichip/layer_5/qkv_tp4_dtype_BFLOAT8_B_layout_TILE.tensorbin of shape Shape([1, 1, 2816, 3072])
2026-08-15 22:00:02.607 | DEBUG    | core:as_tensor:724 - Loaded cache for /tmp/gemma4_full_model_cache/multichip/layer_5/o_proj_tp4_dtype_BFLOAT8_B_layout_TILE.tensorbin of shape Shape([1, 1, 2048, 2816])
2026-08-15 22:00:02.609 | DEBUG    | core:as_tensor:724 - Loaded cache for /tmp/gemma4_full_model_cache/multichip/layer_5/mlp_gate_tp4_dtype_BFLOAT8_B_layout_TILE.tensorbin of shape Shape([1, 1, 2816, 544])
2026-08-15 22:00:02.610 | DEBUG    | core:as_tensor:724 - Loaded cache for /tmp/gemma4_full_model_cache/multichip/layer_5/mlp_up_tp4_dtype_BFLOAT8_B_layout_TILE.tensorbin of shape Shape([1, 1, 2816, 544])
2026-08-15 22:00:02.611 | DEBUG    | core:as_tensor:724 - Loaded cache for /tmp/gemma4_full_model_cache/multichip/layer_5/mlp_down_tp4_dtype_BFLOAT8_B_layout_TILE.tensorbin of shape Shape([1, 1, 544, 2816])
2026-08-15 22:00:02.611 | DEBUG    | core:as_tensor:724 - Loaded cache for /tmp/gemma4_full_model_cache/multichip/layer_5/router_scale_dtype_FLOAT32_layout_TILE.tensorbin of shape Shape([1, 1, 1, 2816])
2026-08-15 22:00:02.612 | DEBUG    | core:as_tensor:724 - Loaded cache for /tmp/gemma4_full_model_cache/multichip/layer_5/router_proj_dtype_FLOAT32_layout_TILE.tensorbin of shape Shape([1, 1, 2816, 128])
2026-08-15 22:00:02.612 | DEBUG    | core:as_tensor:724 - Loaded cache for /tmp/gemma4_full_model_cache/multichip/layer_5/router_per_expert_scale_dtype_FLOAT32_layout_TILE.tensorbin of shape Shape([1, 128])
2026-08-15 22:00:02.639 | DEBUG    | core:as_tensor:724 - Loaded cache for /tmp/gemma4_full_model_cache/multichip/layer_5/expert_gate_tp4_dtype_BFLOAT8_B_layout_TILE.tensorbin of shape Shape([1, 128, 2816, 192])
2026-08-15 22:00:02.672 | DEBUG    | core:as_tensor:724 - Loaded cache for /tmp/gemma4_full_model_cache/multichip/layer_5/expert_up_tp4_dtype_BFLOAT8_B_layout_TILE.tensorbin of shape Shape([1, 128, 2816, 192])
2026-08-15 22:00:02.699 | DEBUG    | core:as_tensor:724 - Loaded cache for /tmp/gemma4_full_model_cache/multichip/layer_5/expert_down_tp4_dtype_BFLOAT8_B_layout_TILE.tensorbin of shape Shape([1, 128, 192, 2816])
2026-08-15 22:00:02.699 | DEBUG    | core:as_tensor:724 - Loaded cache for /tmp/gemma4_full_model_cache/multichip/layer_5/expert_prefill_sparsity_dtype_BFLOAT16_layout_ROW_MAJOR.tensorbin of shape Shape([1, 1, 1, 128])
2026-08-15 22:00:02.706 | DEBUG    | core:as_tensor:724 - Loaded cache for /tmp/gemma4_full_model_cache/multichip/layer_5/packed_mlp_gate_up_decode_bfp4_tp4_dtype_BFLOAT4_B_layout_TILE.tensorbin of shape Shape([1, 1, 2816, 1088])
2026-08-15 22:00:02.706 | warning  |              Op | ttnn::tilize: Using input shard spec for output tensor because the legacy sharded optimized program factory is being used (tilize_device_operation.cpp:151)
2026-08-15 22:00:02.709 | warning  |              Op | ttnn::tilize: Using input shard spec for output tensor because the legacy sharded optimized program factory is being used (tilize_device_operation.cpp:151)
2026-08-15 22:00:02.710 | warning  |              Op | ttnn::tilize: Using input shard spec for output tensor because the legacy sharded optimized program factory is being used (tilize_device_operation.cpp:151)
2026-08-15 22:00:03.148 | DEBUG    | core:as_tensor:724 - Loaded cache for /tmp/gemma4_full_model_cache/multichip/layer_6/layer_scalar_dtype_BFLOAT16_layout_TILE.tensorbin of shape Shape([1, 1, 1, 1])
2026-08-15 22:00:03.149 | DEBUG    | core:as_tensor:724 - Loaded cache for /tmp/gemma4_full_model_cache/multichip/layer_6/input_ln_dtype_BFLOAT16_layout_TILE.tensorbin of shape Shape([1, 1, 1, 2816])
2026-08-15 22:00:03.149 | DEBUG    | core:as_tensor:724 - Loaded cache for /tmp/gemma4_full_model_cache/multichip/layer_6/post_attn_ln_dtype_BFLOAT16_layout_TILE.tensorbin of shape Shape([1, 1, 1, 2816])
2026-08-15 22:00:03.149 | DEBUG    | core:as_tensor:724 - Loaded cache for /tmp/gemma4_full_model_cache/multichip/layer_6/pre_ff_ln_dtype_BFLOAT16_layout_TILE.tensorbin of shape Shape([1, 1, 1, 2816])
2026-08-15 22:00:03.149 | DEBUG    | core:as_tensor:724 - Loaded cache for /tmp/gemma4_full_model_cache/multichip/layer_6/post_ff_ln_dtype_BFLOAT16_layout_TILE.tensorbin of shape Shape([1, 1, 1, 2816])
2026-08-15 22:00:03.149 | DEBUG    | core:as_tensor:724 - Loaded cache for /tmp/gemma4_full_model_cache/multichip/layer_6/post_ff_ln_1_dtype_BFLOAT16_layout_TILE.tensorbin of shape Shape([1, 1, 1, 2816])
2026-08-15 22:00:03.149 | DEBUG    | core:as_tensor:724 - Loaded cache for /tmp/gemma4_full_model_cache/multichip/layer_6/post_ff_ln_2_dtype_BFLOAT16_layout_TILE.tensorbin of shape Shape([1, 1, 1, 2816])
2026-08-15 22:00:03.150 | DEBUG    | core:as_tensor:724 - Loaded cache for /tmp/gemma4_full_model_cache/multichip/layer_6/pre_ff_ln_2_dtype_BFLOAT16_layout_TILE.tensorbin of shape Shape([1, 1, 1, 2816])
2026-08-15 22:00:03.150 | DEBUG    | core:as_tensor:724 - Loaded cache for /tmp/gemma4_full_model_cache/multichip/layer_6/q_norm_dtype_BFLOAT16_layout_TILE.tensorbin of shape Shape([1, 1, 1, 256])
2026-08-15 22:00:03.150 | DEBUG    | core:as_tensor:724 - Loaded cache for /tmp/gemma4_full_model_cache/multichip/layer_6/k_norm_dtype_BFLOAT16_layout_TILE.tensorbin of shape Shape([1, 1, 1, 256])
2026-08-15 22:00:03.152 | DEBUG    | core:as_tensor:724 - Loaded cache for /tmp/gemma4_full_model_cache/multichip/layer_6/qkv_tp4_dtype_BFLOAT8_B_layout_TILE.tensorbin of shape Shape([1, 1, 2816, 2048])
2026-08-15 22:00:03.160 | DEBUG    | core:as_tensor:724 - Loaded cache for /tmp/gemma4_full_model_cache/multichip/layer_6/o_proj_tp4_dtype_BFLOAT8_B_layout_TILE.tensorbin of shape Shape([1, 1, 1024, 2816])
2026-08-15 22:00:03.161 | DEBUG    | core:as_tensor:724 - Loaded cache for /tmp/gemma4_full_model_cache/multichip/layer_6/mlp_gate_tp4_dtype_BFLOAT8_B_layout_TILE.tensorbin of shape Shape([1, 1, 2816, 544])
2026-08-15 22:00:03.162 | DEBUG    | core:as_tensor:724 - Loaded cache for /tmp/gemma4_full_model_cache/multichip/layer_6/mlp_up_tp4_dtype_BFLOAT8_B_layout_TILE.tensorbin of shape Shape([1, 1, 2816, 544])
2026-08-15 22:00:03.163 | DEBUG    | core:as_tensor:724 - Loaded cache for /tmp/gemma4_full_model_cache/multichip/layer_6/mlp_down_tp4_dtype_BFLOAT8_B_layout_TILE.tensorbin of shape Shape([1, 1, 544, 2816])
2026-08-15 22:00:03.163 | DEBUG    | core:as_tensor:724 - Loaded cache for /tmp/gemma4_full_model_cache/multichip/layer_6/router_scale_dtype_FLOAT32_layout_TILE.tensorbin of shape Shape([1, 1, 1, 2816])
2026-08-15 22:00:03.164 | DEBUG    | core:as_tensor:724 - Loaded cache for /tmp/gemma4_full_model_cache/multichip/layer_6/router_proj_dtype_FLOAT32_layout_TILE.tensorbin of shape Shape([1, 1, 2816, 128])
2026-08-15 22:00:03.164 | DEBUG    | core:as_tensor:724 - Loaded cache for /tmp/gemma4_full_model_cache/multichip/layer_6/router_per_expert_scale_dtype_FLOAT32_layout_TILE.tensorbin of shape Shape([1, 128])
2026-08-15 22:00:03.189 | DEBUG    | core:as_tensor:724 - Loaded cache for /tmp/gemma4_full_model_cache/multichip/layer_6/expert_gate_tp4_dtype_BFLOAT8_B_layout_TILE.tensorbin of shape Shape([1, 128, 2816, 192])
2026-08-15 22:00:03.213 | DEBUG    | core:as_tensor:724 - Loaded cache for /tmp/gemma4_full_model_cache/multichip/layer_6/expert_up_tp4_dtype_BFLOAT8_B_layout_TILE.tensorbin of shape Shape([1, 128, 2816, 192])
2026-08-15 22:00:03.237 | DEBUG    | core:as_tensor:724 - Loaded cache for /tmp/gemma4_full_model_cache/multichip/layer_6/expert_down_tp4_dtype_BFLOAT8_B_layout_TILE.tensorbin of shape Shape([1, 128, 192, 2816])
2026-08-15 22:00:03.238 | DEBUG    | core:as_tensor:724 - Loaded cache for /tmp/gemma4_full_model_cache/multichip/layer_6/expert_prefill_sparsity_dtype_BFLOAT16_layout_ROW_MAJOR.tensorbin of shape Shape([1, 1, 1, 128])
2026-08-15 22:00:03.242 | DEBUG    | core:as_tensor:724 - Loaded cache for /tmp/gemma4_full_model_cache/multichip/layer_6/packed_mlp_gate_up_decode_bfp4_tp4_dtype_BFLOAT4_B_layout_TILE.tensorbin of shape Shape([1, 1, 2816, 1088])
2026-08-15 22:00:03.680 | DEBUG    | core:as_tensor:724 - Loaded cache for /tmp/gemma4_full_model_cache/multichip/layer_7/layer_scalar_dtype_BFLOAT16_layout_TILE.tensorbin of shape Shape([1, 1, 1, 1])
2026-08-15 22:00:03.680 | DEBUG    | core:as_tensor:724 - Loaded cache for /tmp/gemma4_full_model_cache/multichip/layer_7/input_ln_dtype_BFLOAT16_layout_TILE.tensorbin of shape Shape([1, 1, 1, 2816])
2026-08-15 22:00:03.680 | DEBUG    | core:as_tensor:724 - Loaded cache for /tmp/gemma4_full_model_cache/multichip/layer_7/post_attn_ln_dtype_BFLOAT16_layout_TILE.tensorbin of shape Shape([1, 1, 1, 2816])
2026-08-15 22:00:03.681 | DEBUG    | core:as_tensor:724 - Loaded cache for /tmp/gemma4_full_model_cache/multichip/layer_7/pre_ff_ln_dtype_BFLOAT16_layout_TILE.tensorbin of shape Shape([1, 1, 1, 2816])
2026-08-15 22:00:03.681 | DEBUG    | core:as_tensor:724 - Loaded cache for /tmp/gemma4_full_model_cache/multichip/layer_7/post_ff_ln_dtype_BFLOAT16_layout_TILE.tensorbin of shape Shape([1, 1, 1, 2816])
2026-08-15 22:00:03.681 | DEBUG    | core:as_tensor:724 - Loaded cache for /tmp/gemma4_full_model_cache/multichip/layer_7/post_ff_ln_1_dtype_BFLOAT16_layout_TILE.tensorbin of shape Shape([1, 1, 1, 2816])
2026-08-15 22:00:03.681 | DEBUG    | core:as_tensor:724 - Loaded cache for /tmp/gemma4_full_model_cache/multichip/layer_7/post_ff_ln_2_dtype_BFLOAT16_layout_TILE.tensorbin of shape Shape([1, 1, 1, 2816])
2026-08-15 22:00:03.681 | DEBUG    | core:as_tensor:724 - Loaded cache for /tmp/gemma4_full_model_cache/multichip/layer_7/pre_ff_ln_2_dtype_BFLOAT16_layout_TILE.tensorbin of shape Shape([1, 1, 1, 2816])
2026-08-15 22:00:03.681 | DEBUG    | core:as_tensor:724 - Loaded cache for /tmp/gemma4_full_model_cache/multichip/layer_7/q_norm_dtype_BFLOAT16_layout_TILE.tensorbin of shape Shape([1, 1, 1, 256])
2026-08-15 22:00:03.681 | DEBUG    | core:as_tensor:724 - Loaded cache for /tmp/gemma4_full_model_cache/multichip/layer_7/k_norm_dtype_BFLOAT16_layout_TILE.tensorbin of shape Shape([1, 1, 1, 256])
2026-08-15 22:00:03.683 | DEBUG    | core:as_tensor:724 - Loaded cache for /tmp/gemma4_full_model_cache/multichip/layer_7/qkv_tp4_dtype_BFLOAT8_B_layout_TILE.tensorbin of shape Shape([1, 1, 2816, 2048])
2026-08-15 22:00:03.692 | DEBUG    | core:as_tensor:724 - Loaded cache for /tmp/gemma4_full_model_cache/multichip/layer_7/o_proj_tp4_dtype_BFLOAT8_B_layout_TILE.tensorbin of shape Shape([1, 1, 1024, 2816])
2026-08-15 22:00:03.693 | DEBUG    | core:as_tensor:724 - Loaded cache for /tmp/gemma4_full_model_cache/multichip/layer_7/mlp_gate_tp4_dtype_BFLOAT8_B_layout_TILE.tensorbin of shape Shape([1, 1, 2816, 544])
2026-08-15 22:00:03.694 | DEBUG    | core:as_tensor:724 - Loaded cache for /tmp/gemma4_full_model_cache/multichip/layer_7/mlp_up_tp4_dtype_BFLOAT8_B_layout_TILE.tensorbin of shape Shape([1, 1, 2816, 544])
2026-08-15 22:00:03.694 | DEBUG    | core:as_tensor:724 - Loaded cache for /tmp/gemma4_full_model_cache/multichip/layer_7/mlp_down_tp4_dtype_BFLOAT8_B_layout_TILE.tensorbin of shape Shape([1, 1, 544, 2816])
2026-08-15 22:00:03.695 | DEBUG    | core:as_tensor:724 - Loaded cache for /tmp/gemma4_full_model_cache/multichip/layer_7/router_scale_dtype_FLOAT32_layout_TILE.tensorbin of shape Shape([1, 1, 1, 2816])
2026-08-15 22:00:03.695 | DEBUG    | core:as_tensor:724 - Loaded cache for /tmp/gemma4_full_model_cache/multichip/layer_7/router_proj_dtype_FLOAT32_layout_TILE.tensorbin of shape Shape([1, 1, 2816, 128])
2026-08-15 22:00:03.695 | DEBUG    | core:as_tensor:724 - Loaded cache for /tmp/gemma4_full_model_cache/multichip/layer_7/router_per_expert_scale_dtype_FLOAT32_layout_TILE.tensorbin of shape Shape([1, 128])
2026-08-15 22:00:03.719 | DEBUG    | core:as_tensor:724 - Loaded cache for /tmp/gemma4_full_model_cache/multichip/layer_7/expert_gate_tp4_dtype_BFLOAT8_B_layout_TILE.tensorbin of shape Shape([1, 128, 2816, 192])
2026-08-15 22:00:03.745 | DEBUG    | core:as_tensor:724 - Loaded cache for /tmp/gemma4_full_model_cache/multichip/layer_7/expert_up_tp4_dtype_BFLOAT8_B_layout_TILE.tensorbin of shape Shape([1, 128, 2816, 192])
2026-08-15 22:00:03.771 | DEBUG    | core:as_tensor:724 - Loaded cache for /tmp/gemma4_full_model_cache/multichip/layer_7/expert_down_tp4_dtype_BFLOAT8_B_layout_TILE.tensorbin of shape Shape([1, 128, 192, 2816])
2026-08-15 22:00:03.772 | DEBUG    | core:as_tensor:724 - Loaded cache for /tmp/gemma4_full_model_cache/multichip/layer_7/expert_prefill_sparsity_dtype_BFLOAT16_layout_ROW_MAJOR.tensorbin of shape Shape([1, 1, 1, 128])
2026-08-15 22:00:03.777 | DEBUG    | core:as_tensor:724 - Loaded cache for /tmp/gemma4_full_model_cache/multichip/layer_7/packed_mlp_gate_up_decode_bfp4_tp4_dtype_BFLOAT4_B_layout_TILE.tensorbin of shape Shape([1, 1, 2816, 1088])
2026-08-15 22:00:04.214 | DEBUG    | core:as_tensor:724 - Loaded cache for /tmp/gemma4_full_model_cache/multichip/layer_8/layer_scalar_dtype_BFLOAT16_layout_TILE.tensorbin of shape Shape([1, 1, 1, 1])
2026-08-15 22:00:04.215 | DEBUG    | core:as_tensor:724 - Loaded cache for /tmp/gemma4_full_model_cache/multichip/layer_8/input_ln_dtype_BFLOAT16_layout_TILE.tensorbin of shape Shape([1, 1, 1, 2816])
2026-08-15 22:00:04.215 | DEBUG    | core:as_tensor:724 - Loaded cache for /tmp/gemma4_full_model_cache/multichip/layer_8/post_attn_ln_dtype_BFLOAT16_layout_TILE.tensorbin of shape Shape([1, 1, 1, 2816])
2026-08-15 22:00:04.215 | DEBUG    | core:as_tensor:724 - Loaded cache for /tmp/gemma4_full_model_cache/multichip/layer_8/pre_ff_ln_dtype_BFLOAT16_layout_TILE.tensorbin of shape Shape([1, 1, 1, 2816])
2026-08-15 22:00:04.215 | DEBUG    | core:as_tensor:724 - Loaded cache for /tmp/gemma4_full_model_cache/multichip/layer_8/post_ff_ln_dtype_BFLOAT16_layout_TILE.tensorbin of shape Shape([1, 1, 1, 2816])
2026-08-15 22:00:04.215 | DEBUG    | core:as_tensor:724 - Loaded cache for /tmp/gemma4_full_model_cache/multichip/layer_8/post_ff_ln_1_dtype_BFLOAT16_layout_TILE.tensorbin of shape Shape([1, 1, 1, 2816])
2026-08-15 22:00:04.216 | DEBUG    | core:as_tensor:724 - Loaded cache for /tmp/gemma4_full_model_cache/multichip/layer_8/post_ff_ln_2_dtype_BFLOAT16_layout_TILE.tensorbin of shape Shape([1, 1, 1, 2816])
2026-08-15 22:00:04.216 | DEBUG    | core:as_tensor:724 - Loaded cache for /tmp/gemma4_full_model_cache/multichip/layer_8/pre_ff_ln_2_dtype_BFLOAT16_layout_TILE.tensorbin of shape Shape([1, 1, 1, 2816])
2026-08-15 22:00:04.216 | DEBUG    | core:as_tensor:724 - Loaded cache for /tmp/gemma4_full_model_cache/multichip/layer_8/q_norm_dtype_BFLOAT16_layout_TILE.tensorbin of shape Shape([1, 1, 1, 256])
2026-08-15 22:00:04.216 | DEBUG    | core:as_tensor:724 - Loaded cache for /tmp/gemma4_full_model_cache/multichip/layer_8/k_norm_dtype_BFLOAT16_layout_TILE.tensorbin of shape Shape([1, 1, 1, 256])
2026-08-15 22:00:04.220 | DEBUG    | core:as_tensor:724 - Loaded cache for /tmp/gemma4_full_model_cache/multichip/layer_8/qkv_tp4_dtype_BFLOAT8_B_layout_TILE.tensorbin of shape Shape([1, 1, 2816, 2048])
2026-08-15 22:00:04.231 | DEBUG    | core:as_tensor:724 - Loaded cache for /tmp/gemma4_full_model_cache/multichip/layer_8/o_proj_tp4_dtype_BFLOAT8_B_layout_TILE.tensorbin of shape Shape([1, 1, 1024, 2816])
2026-08-15 22:00:04.232 | DEBUG    | core:as_tensor:724 - Loaded cache for /tmp/gemma4_full_model_cache/multichip/layer_8/mlp_gate_tp4_dtype_BFLOAT8_B_layout_TILE.tensorbin of shape Shape([1, 1, 2816, 544])
2026-08-15 22:00:04.232 | DEBUG    | core:as_tensor:724 - Loaded cache for /tmp/gemma4_full_model_cache/multichip/layer_8/mlp_up_tp4_dtype_BFLOAT8_B_layout_TILE.tensorbin of shape Shape([1, 1, 2816, 544])
2026-08-15 22:00:04.233 | DEBUG    | core:as_tensor:724 - Loaded cache for /tmp/gemma4_full_model_cache/multichip/layer_8/mlp_down_tp4_dtype_BFLOAT8_B_layout_TILE.tensorbin of shape Shape([1, 1, 544, 2816])
2026-08-15 22:00:04.233 | DEBUG    | core:as_tensor:724 - Loaded cache for /tmp/gemma4_full_model_cache/multichip/layer_8/router_scale_dtype_FLOAT32_layout_TILE.tensorbin of shape Shape([1, 1, 1, 2816])
2026-08-15 22:00:04.234 | DEBUG    | core:as_tensor:724 - Loaded cache for /tmp/gemma4_full_model_cache/multichip/layer_8/router_proj_dtype_FLOAT32_layout_TILE.tensorbin of shape Shape([1, 1, 2816, 128])
2026-08-15 22:00:04.234 | DEBUG    | core:as_tensor:724 - Loaded cache for /tmp/gemma4_full_model_cache/multichip/layer_8/router_per_expert_scale_dtype_FLOAT32_layout_TILE.tensorbin of shape Shape([1, 128])
2026-08-15 22:00:04.259 | DEBUG    | core:as_tensor:724 - Loaded cache for /tmp/gemma4_full_model_cache/multichip/layer_8/expert_gate_tp4_dtype_BFLOAT8_B_layout_TILE.tensorbin of shape Shape([1, 128, 2816, 192])
2026-08-15 22:00:04.284 | DEBUG    | core:as_tensor:724 - Loaded cache for /tmp/gemma4_full_model_cache/multichip/layer_8/expert_up_tp4_dtype_BFLOAT8_B_layout_TILE.tensorbin of shape Shape([1, 128, 2816, 192])
2026-08-15 22:00:04.309 | DEBUG    | core:as_tensor:724 - Loaded cache for /tmp/gemma4_full_model_cache/multichip/layer_8/expert_down_tp4_dtype_BFLOAT8_B_layout_TILE.tensorbin of shape Shape([1, 128, 192, 2816])
2026-08-15 22:00:04.309 | DEBUG    | core:as_tensor:724 - Loaded cache for /tmp/gemma4_full_model_cache/multichip/layer_8/expert_prefill_sparsity_dtype_BFLOAT16_layout_ROW_MAJOR.tensorbin of shape Shape([1, 1, 1, 128])
2026-08-15 22:00:04.314 | DEBUG    | core:as_tensor:724 - Loaded cache for /tmp/gemma4_full_model_cache/multichip/layer_8/packed_mlp_gate_up_decode_bfp4_tp4_dtype_BFLOAT4_B_layout_TILE.tensorbin of shape Shape([1, 1, 2816, 1088])
2026-08-15 22:00:04.758 | DEBUG    | core:as_tensor:724 - Loaded cache for /tmp/gemma4_full_model_cache/multichip/layer_9/layer_scalar_dtype_BFLOAT16_layout_TILE.tensorbin of shape Shape([1, 1, 1, 1])
2026-08-15 22:00:04.758 | DEBUG    | core:as_tensor:724 - Loaded cache for /tmp/gemma4_full_model_cache/multichip/layer_9/input_ln_dtype_BFLOAT16_layout_TILE.tensorbin of shape Shape([1, 1, 1, 2816])
2026-08-15 22:00:04.758 | DEBUG    | core:as_tensor:724 - Loaded cache for /tmp/gemma4_full_model_cache/multichip/layer_9/post_attn_ln_dtype_BFLOAT16_layout_TILE.tensorbin of shape Shape([1, 1, 1, 2816])
2026-08-15 22:00:04.758 | DEBUG    | core:as_tensor:724 - Loaded cache for /tmp/gemma4_full_model_cache/multichip/layer_9/pre_ff_ln_dtype_BFLOAT16_layout_TILE.tensorbin of shape Shape([1, 1, 1, 2816])
2026-08-15 22:00:04.759 | DEBUG    | core:as_tensor:724 - Loaded cache for /tmp/gemma4_full_model_cache/multichip/layer_9/post_ff_ln_dtype_BFLOAT16_layout_TILE.tensorbin of shape Shape([1, 1, 1, 2816])
2026-08-15 22:00:04.759 | DEBUG    | core:as_tensor:724 - Loaded cache for /tmp/gemma4_full_model_cache/multichip/layer_9/post_ff_ln_1_dtype_BFLOAT16_layout_TILE.tensorbin of shape Shape([1, 1, 1, 2816])
2026-08-15 22:00:04.759 | DEBUG    | core:as_tensor:724 - Loaded cache for /tmp/gemma4_full_model_cache/multichip/layer_9/post_ff_ln_2_dtype_BFLOAT16_layout_TILE.tensorbin of shape Shape([1, 1, 1, 2816])
2026-08-15 22:00:04.759 | DEBUG    | core:as_tensor:724 - Loaded cache for /tmp/gemma4_full_model_cache/multichip/layer_9/pre_ff_ln_2_dtype_BFLOAT16_layout_TILE.tensorbin of shape Shape([1, 1, 1, 2816])
2026-08-15 22:00:04.759 | DEBUG    | core:as_tensor:724 - Loaded cache for /tmp/gemma4_full_model_cache/multichip/layer_9/q_norm_dtype_BFLOAT16_layout_TILE.tensorbin of shape Shape([1, 1, 1, 256])
2026-08-15 22:00:04.759 | DEBUG    | core:as_tensor:724 - Loaded cache for /tmp/gemma4_full_model_cache/multichip/layer_9/k_norm_dtype_BFLOAT16_layout_TILE.tensorbin of shape Shape([1, 1, 1, 256])
2026-08-15 22:00:04.762 | DEBUG    | core:as_tensor:724 - Loaded cache for /tmp/gemma4_full_model_cache/multichip/layer_9/qkv_tp4_dtype_BFLOAT8_B_layout_TILE.tensorbin of shape Shape([1, 1, 2816, 2048])
2026-08-15 22:00:04.770 | DEBUG    | core:as_tensor:724 - Loaded cache for /tmp/gemma4_full_model_cache/multichip/layer_9/o_proj_tp4_dtype_BFLOAT8_B_layout_TILE.tensorbin of shape Shape([1, 1, 1024, 2816])
2026-08-15 22:00:04.771 | DEBUG    | core:as_tensor:724 - Loaded cache for /tmp/gemma4_full_model_cache/multichip/layer_9/mlp_gate_tp4_dtype_BFLOAT8_B_layout_TILE.tensorbin of shape Shape([1, 1, 2816, 544])
2026-08-15 22:00:04.772 | DEBUG    | core:as_tensor:724 - Loaded cache for /tmp/gemma4_full_model_cache/multichip/layer_9/mlp_up_tp4_dtype_BFLOAT8_B_layout_TILE.tensorbin of shape Shape([1, 1, 2816, 544])
2026-08-15 22:00:04.772 | DEBUG    | core:as_tensor:724 - Loaded cache for /tmp/gemma4_full_model_cache/multichip/layer_9/mlp_down_tp4_dtype_BFLOAT8_B_layout_TILE.tensorbin of shape Shape([1, 1, 544, 2816])
2026-08-15 22:00:04.772 | DEBUG    | core:as_tensor:724 - Loaded cache for /tmp/gemma4_full_model_cache/multichip/layer_9/router_scale_dtype_FLOAT32_layout_TILE.tensorbin of shape Shape([1, 1, 1, 2816])
2026-08-15 22:00:04.773 | DEBUG    | core:as_tensor:724 - Loaded cache for /tmp/gemma4_full_model_cache/multichip/layer_9/router_proj_dtype_FLOAT32_layout_TILE.tensorbin of shape Shape([1, 1, 2816, 128])
2026-08-15 22:00:04.773 | DEBUG    | core:as_tensor:724 - Loaded cache for /tmp/gemma4_full_model_cache/multichip/layer_9/router_per_expert_scale_dtype_FLOAT32_layout_TILE.tensorbin of shape Shape([1, 128])
2026-08-15 22:00:04.798 | DEBUG    | core:as_tensor:724 - Loaded cache for /tmp/gemma4_full_model_cache/multichip/layer_9/expert_gate_tp4_dtype_BFLOAT8_B_layout_TILE.tensorbin of shape Shape([1, 128, 2816, 192])
2026-08-15 22:00:04.822 | DEBUG    | core:as_tensor:724 - Loaded cache for /tmp/gemma4_full_model_cache/multichip/layer_9/expert_up_tp4_dtype_BFLOAT8_B_layout_TILE.tensorbin of shape Shape([1, 128, 2816, 192])
2026-08-15 22:00:04.847 | DEBUG    | core:as_tensor:724 - Loaded cache for /tmp/gemma4_full_model_cache/multichip/layer_9/expert_down_tp4_dtype_BFLOAT8_B_layout_TILE.tensorbin of shape Shape([1, 128, 192, 2816])
2026-08-15 22:00:04.848 | DEBUG    | core:as_tensor:724 - Loaded cache for /tmp/gemma4_full_model_cache/multichip/layer_9/expert_prefill_sparsity_dtype_BFLOAT16_layout_ROW_MAJOR.tensorbin of shape Shape([1, 1, 1, 128])
2026-08-15 22:00:04.853 | DEBUG    | core:as_tensor:724 - Loaded cache for /tmp/gemma4_full_model_cache/multichip/layer_9/packed_mlp_gate_up_decode_bfp4_tp4_dtype_BFLOAT4_B_layout_TILE.tensorbin of shape Shape([1, 1, 2816, 1088])
2026-08-15 22:00:05.288 | DEBUG    | core:as_tensor:724 - Loaded cache for /tmp/gemma4_full_model_cache/multichip/layer_10/layer_scalar_dtype_BFLOAT16_layout_TILE.tensorbin of shape Shape([1, 1, 1, 1])
2026-08-15 22:00:05.288 | DEBUG    | core:as_tensor:724 - Loaded cache for /tmp/gemma4_full_model_cache/multichip/layer_10/input_ln_dtype_BFLOAT16_layout_TILE.tensorbin of shape Shape([1, 1, 1, 2816])
2026-08-15 22:00:05.288 | DEBUG    | core:as_tensor:724 - Loaded cache for /tmp/gemma4_full_model_cache/multichip/layer_10/post_attn_ln_dtype_BFLOAT16_layout_TILE.tensorbin of shape Shape([1, 1, 1, 2816])
2026-08-15 22:00:05.288 | DEBUG    | core:as_tensor:724 - Loaded cache for /tmp/gemma4_full_model_cache/multichip/layer_10/pre_ff_ln_dtype_BFLOAT16_layout_TILE.tensorbin of shape Shape([1, 1, 1, 2816])
2026-08-15 22:00:05.289 | DEBUG    | core:as_tensor:724 - Loaded cache for /tmp/gemma4_full_model_cache/multichip/layer_10/post_ff_ln_dtype_BFLOAT16_layout_TILE.tensorbin of shape Shape([1, 1, 1, 2816])
2026-08-15 22:00:05.289 | DEBUG    | core:as_tensor:724 - Loaded cache for /tmp/gemma4_full_model_cache/multichip/layer_10/post_ff_ln_1_dtype_BFLOAT16_layout_TILE.tensorbin of shape Shape([1, 1, 1, 2816])
2026-08-15 22:00:05.289 | DEBUG    | core:as_tensor:724 - Loaded cache for /tmp/gemma4_full_model_cache/multichip/layer_10/post_ff_ln_2_dtype_BFLOAT16_layout_TILE.tensorbin of shape Shape([1, 1, 1, 2816])
2026-08-15 22:00:05.289 | DEBUG    | core:as_tensor:724 - Loaded cache for /tmp/gemma4_full_model_cache/multichip/layer_10/pre_ff_ln_2_dtype_BFLOAT16_layout_TILE.tensorbin of shape Shape([1, 1, 1, 2816])
2026-08-15 22:00:05.289 | DEBUG    | core:as_tensor:724 - Loaded cache for /tmp/gemma4_full_model_cache/multichip/layer_10/q_norm_dtype_BFLOAT16_layout_TILE.tensorbin of shape Shape([1, 1, 1, 256])
2026-08-15 22:00:05.289 | DEBUG    | core:as_tensor:724 - Loaded cache for /tmp/gemma4_full_model_cache/multichip/layer_10/k_norm_dtype_BFLOAT16_layout_TILE.tensorbin of shape Shape([1, 1, 1, 256])
2026-08-15 22:00:05.291 | DEBUG    | core:as_tensor:724 - Loaded cache for /tmp/gemma4_full_model_cache/multichip/layer_10/qkv_tp4_dtype_BFLOAT8_B_layout_TILE.tensorbin of shape Shape([1, 1, 2816, 2048])
2026-08-15 22:00:05.302 | DEBUG    | core:as_tensor:724 - Loaded cache for /tmp/gemma4_full_model_cache/multichip/layer_10/o_proj_tp4_dtype_BFLOAT8_B_layout_TILE.tensorbin of shape Shape([1, 1, 1024, 2816])
2026-08-15 22:00:05.303 | DEBUG    | core:as_tensor:724 - Loaded cache for /tmp/gemma4_full_model_cache/multichip/layer_10/mlp_gate_tp4_dtype_BFLOAT8_B_layout_TILE.tensorbin of shape Shape([1, 1, 2816, 544])
2026-08-15 22:00:05.303 | DEBUG    | core:as_tensor:724 - Loaded cache for /tmp/gemma4_full_model_cache/multichip/layer_10/mlp_up_tp4_dtype_BFLOAT8_B_layout_TILE.tensorbin of shape Shape([1, 1, 2816, 544])
2026-08-15 22:00:05.304 | DEBUG    | core:as_tensor:724 - Loaded cache for /tmp/gemma4_full_model_cache/multichip/layer_10/mlp_down_tp4_dtype_BFLOAT8_B_layout_TILE.tensorbin of shape Shape([1, 1, 544, 2816])
2026-08-15 22:00:05.304 | DEBUG    | core:as_tensor:724 - Loaded cache for /tmp/gemma4_full_model_cache/multichip/layer_10/router_scale_dtype_FLOAT32_layout_TILE.tensorbin of shape Shape([1, 1, 1, 2816])
2026-08-15 22:00:05.305 | DEBUG    | core:as_tensor:724 - Loaded cache for /tmp/gemma4_full_model_cache/multichip/layer_10/router_proj_dtype_FLOAT32_layout_TILE.tensorbin of shape Shape([1, 1, 2816, 128])
2026-08-15 22:00:05.305 | DEBUG    | core:as_tensor:724 - Loaded cache for /tmp/gemma4_full_model_cache/multichip/layer_10/router_per_expert_scale_dtype_FLOAT32_layout_TILE.tensorbin of shape Shape([1, 128])
2026-08-15 22:00:05.330 | DEBUG    | core:as_tensor:724 - Loaded cache for /tmp/gemma4_full_model_cache/multichip/layer_10/expert_gate_tp4_dtype_BFLOAT8_B_layout_TILE.tensorbin of shape Shape([1, 128, 2816, 192])
2026-08-15 22:00:05.354 | DEBUG    | core:as_tensor:724 - Loaded cache for /tmp/gemma4_full_model_cache/multichip/layer_10/expert_up_tp4_dtype_BFLOAT8_B_layout_TILE.tensorbin of shape Shape([1, 128, 2816, 192])
2026-08-15 22:00:05.378 | DEBUG    | core:as_tensor:724 - Loaded cache for /tmp/gemma4_full_model_cache/multichip/layer_10/expert_down_tp4_dtype_BFLOAT8_B_layout_TILE.tensorbin of shape Shape([1, 128, 192, 2816])
2026-08-15 22:00:05.379 | DEBUG    | core:as_tensor:724 - Loaded cache for /tmp/gemma4_full_model_cache/multichip/layer_10/expert_prefill_sparsity_dtype_BFLOAT16_layout_ROW_MAJOR.tensorbin of shape Shape([1, 1, 1, 128])
2026-08-15 22:00:05.384 | DEBUG    | core:as_tensor:724 - Loaded cache for /tmp/gemma4_full_model_cache/multichip/layer_10/packed_mlp_gate_up_decode_bfp4_tp4_dtype_BFLOAT4_B_layout_TILE.tensorbin of shape Shape([1, 1, 2816, 1088])
2026-08-15 22:00:05.828 | DEBUG    | core:as_tensor:724 - Loaded cache for /tmp/gemma4_full_model_cache/multichip/layer_11/layer_scalar_dtype_BFLOAT16_layout_TILE.tensorbin of shape Shape([1, 1, 1, 1])
2026-08-15 22:00:05.828 | DEBUG    | core:as_tensor:724 - Loaded cache for /tmp/gemma4_full_model_cache/multichip/layer_11/input_ln_dtype_BFLOAT16_layout_TILE.tensorbin of shape Shape([1, 1, 1, 2816])
2026-08-15 22:00:05.828 | DEBUG    | core:as_tensor:724 - Loaded cache for /tmp/gemma4_full_model_cache/multichip/layer_11/post_attn_ln_dtype_BFLOAT16_layout_TILE.tensorbin of shape Shape([1, 1, 1, 2816])
2026-08-15 22:00:05.828 | DEBUG    | core:as_tensor:724 - Loaded cache for /tmp/gemma4_full_model_cache/multichip/layer_11/pre_ff_ln_dtype_BFLOAT16_layout_TILE.tensorbin of shape Shape([1, 1, 1, 2816])
2026-08-15 22:00:05.829 | DEBUG    | core:as_tensor:724 - Loaded cache for /tmp/gemma4_full_model_cache/multichip/layer_11/post_ff_ln_dtype_BFLOAT16_layout_TILE.tensorbin of shape Shape([1, 1, 1, 2816])
2026-08-15 22:00:05.829 | DEBUG    | core:as_tensor:724 - Loaded cache for /tmp/gemma4_full_model_cache/multichip/layer_11/post_ff_ln_1_dtype_BFLOAT16_layout_TILE.tensorbin of shape Shape([1, 1, 1, 2816])
2026-08-15 22:00:05.829 | DEBUG    | core:as_tensor:724 - Loaded cache for /tmp/gemma4_full_model_cache/multichip/layer_11/post_ff_ln_2_dtype_BFLOAT16_layout_TILE.tensorbin of shape Shape([1, 1, 1, 2816])
2026-08-15 22:00:05.829 | DEBUG    | core:as_tensor:724 - Loaded cache for /tmp/gemma4_full_model_cache/multichip/layer_11/pre_ff_ln_2_dtype_BFLOAT16_layout_TILE.tensorbin of shape Shape([1, 1, 1, 2816])
2026-08-15 22:00:05.829 | DEBUG    | core:as_tensor:724 - Loaded cache for /tmp/gemma4_full_model_cache/multichip/layer_11/q_norm_dtype_BFLOAT16_layout_TILE.tensorbin of shape Shape([1, 1, 1, 512])
2026-08-15 22:00:05.829 | DEBUG    | core:as_tensor:724 - Loaded cache for /tmp/gemma4_full_model_cache/multichip/layer_11/k_norm_dtype_BFLOAT16_layout_TILE.tensorbin of shape Shape([1, 1, 1, 512])
2026-08-15 22:00:05.835 | DEBUG    | core:as_tensor:724 - Loaded cache for /tmp/gemma4_full_model_cache/multichip/layer_11/qkv_tp4_dtype_BFLOAT8_B_layout_TILE.tensorbin of shape Shape([1, 1, 2816, 3072])
2026-08-15 22:00:05.854 | DEBUG    | core:as_tensor:724 - Loaded cache for /tmp/gemma4_full_model_cache/multichip/layer_11/o_proj_tp4_dtype_BFLOAT8_B_layout_TILE.tensorbin of shape Shape([1, 1, 2048, 2816])
2026-08-15 22:00:05.855 | DEBUG    | core:as_tensor:724 - Loaded cache for /tmp/gemma4_full_model_cache/multichip/layer_11/mlp_gate_tp4_dtype_BFLOAT8_B_layout_TILE.tensorbin of shape Shape([1, 1, 2816, 544])
2026-08-15 22:00:05.856 | DEBUG    | core:as_tensor:724 - Loaded cache for /tmp/gemma4_full_model_cache/multichip/layer_11/mlp_up_tp4_dtype_BFLOAT8_B_layout_TILE.tensorbin of shape Shape([1, 1, 2816, 544])
2026-08-15 22:00:05.857 | DEBUG    | core:as_tensor:724 - Loaded cache for /tmp/gemma4_full_model_cache/multichip/layer_11/mlp_down_tp4_dtype_BFLOAT8_B_layout_TILE.tensorbin of shape Shape([1, 1, 544, 2816])
2026-08-15 22:00:05.857 | DEBUG    | core:as_tensor:724 - Loaded cache for /tmp/gemma4_full_model_cache/multichip/layer_11/router_scale_dtype_FLOAT32_layout_TILE.tensorbin of shape Shape([1, 1, 1, 2816])
2026-08-15 22:00:05.858 | DEBUG    | core:as_tensor:724 - Loaded cache for /tmp/gemma4_full_model_cache/multichip/layer_11/router_proj_dtype_FLOAT32_layout_TILE.tensorbin of shape Shape([1, 1, 2816, 128])
2026-08-15 22:00:05.858 | DEBUG    | core:as_tensor:724 - Loaded cache for /tmp/gemma4_full_model_cache/multichip/layer_11/router_per_expert_scale_dtype_FLOAT32_layout_TILE.tensorbin of shape Shape([1, 128])
2026-08-15 22:00:05.881 | DEBUG    | core:as_tensor:724 - Loaded cache for /tmp/gemma4_full_model_cache/multichip/layer_11/expert_gate_tp4_dtype_BFLOAT8_B_layout_TILE.tensorbin of shape Shape([1, 128, 2816, 192])
2026-08-15 22:00:05.905 | DEBUG    | core:as_tensor:724 - Loaded cache for /tmp/gemma4_full_model_cache/multichip/layer_11/expert_up_tp4_dtype_BFLOAT8_B_layout_TILE.tensorbin of shape Shape([1, 128, 2816, 192])
2026-08-15 22:00:05.929 | DEBUG    | core:as_tensor:724 - Loaded cache for /tmp/gemma4_full_model_cache/multichip/layer_11/expert_down_tp4_dtype_BFLOAT8_B_layout_TILE.tensorbin of shape Shape([1, 128, 192, 2816])
2026-08-15 22:00:05.930 | DEBUG    | core:as_tensor:724 - Loaded cache for /tmp/gemma4_full_model_cache/multichip/layer_11/expert_prefill_sparsity_dtype_BFLOAT16_layout_ROW_MAJOR.tensorbin of shape Shape([1, 1, 1, 128])
2026-08-15 22:00:05.934 | DEBUG    | core:as_tensor:724 - Loaded cache for /tmp/gemma4_full_model_cache/multichip/layer_11/packed_mlp_gate_up_decode_bfp4_tp4_dtype_BFLOAT4_B_layout_TILE.tensorbin of shape Shape([1, 1, 2816, 1088])
2026-08-15 22:00:06.405 | DEBUG    | core:as_tensor:724 - Loaded cache for /tmp/gemma4_full_model_cache/multichip/layer_12/layer_scalar_dtype_BFLOAT16_layout_TILE.tensorbin of shape Shape([1, 1, 1, 1])
2026-08-15 22:00:06.405 | DEBUG    | core:as_tensor:724 - Loaded cache for /tmp/gemma4_full_model_cache/multichip/layer_12/input_ln_dtype_BFLOAT16_layout_TILE.tensorbin of shape Shape([1, 1, 1, 2816])
2026-08-15 22:00:06.405 | DEBUG    | core:as_tensor:724 - Loaded cache for /tmp/gemma4_full_model_cache/multichip/layer_12/post_attn_ln_dtype_BFLOAT16_layout_TILE.tensorbin of shape Shape([1, 1, 1, 2816])
2026-08-15 22:00:06.405 | DEBUG    | core:as_tensor:724 - Loaded cache for /tmp/gemma4_full_model_cache/multichip/layer_12/pre_ff_ln_dtype_BFLOAT16_layout_TILE.tensorbin of shape Shape([1, 1, 1, 2816])
2026-08-15 22:00:06.405 | DEBUG    | core:as_tensor:724 - Loaded cache for /tmp/gemma4_full_model_cache/multichip/layer_12/post_ff_ln_dtype_BFLOAT16_layout_TILE.tensorbin of shape Shape([1, 1, 1, 2816])
2026-08-15 22:00:06.406 | DEBUG    | core:as_tensor:724 - Loaded cache for /tmp/gemma4_full_model_cache/multichip/layer_12/post_ff_ln_1_dtype_BFLOAT16_layout_TILE.tensorbin of shape Shape([1, 1, 1, 2816])
2026-08-15 22:00:06.406 | DEBUG    | core:as_tensor:724 - Loaded cache for /tmp/gemma4_full_model_cache/multichip/layer_12/post_ff_ln_2_dtype_BFLOAT16_layout_TILE.tensorbin of shape Shape([1, 1, 1, 2816])
2026-08-15 22:00:06.406 | DEBUG    | core:as_tensor:724 - Loaded cache for /tmp/gemma4_full_model_cache/multichip/layer_12/pre_ff_ln_2_dtype_BFLOAT16_layout_TILE.tensorbin of shape Shape([1, 1, 1, 2816])
2026-08-15 22:00:06.406 | DEBUG    | core:as_tensor:724 - Loaded cache for /tmp/gemma4_full_model_cache/multichip/layer_12/q_norm_dtype_BFLOAT16_layout_TILE.tensorbin of shape Shape([1, 1, 1, 256])
2026-08-15 22:00:06.406 | DEBUG    | core:as_tensor:724 - Loaded cache for /tmp/gemma4_full_model_cache/multichip/layer_12/k_norm_dtype_BFLOAT16_layout_TILE.tensorbin of shape Shape([1, 1, 1, 256])
2026-08-15 22:00:06.408 | DEBUG    | core:as_tensor:724 - Loaded cache for /tmp/gemma4_full_model_cache/multichip/layer_12/qkv_tp4_dtype_BFLOAT8_B_layout_TILE.tensorbin of shape Shape([1, 1, 2816, 2048])
2026-08-15 22:00:06.418 | DEBUG    | core:as_tensor:724 - Loaded cache for /tmp/gemma4_full_model_cache/multichip/layer_12/o_proj_tp4_dtype_BFLOAT8_B_layout_TILE.tensorbin of shape Shape([1, 1, 1024, 2816])
2026-08-15 22:00:06.418 | DEBUG    | core:as_tensor:724 - Loaded cache for /tmp/gemma4_full_model_cache/multichip/layer_12/mlp_gate_tp4_dtype_BFLOAT8_B_layout_TILE.tensorbin of shape Shape([1, 1, 2816, 544])
2026-08-15 22:00:06.419 | DEBUG    | core:as_tensor:724 - Loaded cache for /tmp/gemma4_full_model_cache/multichip/layer_12/mlp_up_tp4_dtype_BFLOAT8_B_layout_TILE.tensorbin of shape Shape([1, 1, 2816, 544])
2026-08-15 22:00:06.420 | DEBUG    | core:as_tensor:724 - Loaded cache for /tmp/gemma4_full_model_cache/multichip/layer_12/mlp_down_tp4_dtype_BFLOAT8_B_layout_TILE.tensorbin of shape Shape([1, 1, 544, 2816])
2026-08-15 22:00:06.420 | DEBUG    | core:as_tensor:724 - Loaded cache for /tmp/gemma4_full_model_cache/multichip/layer_12/router_scale_dtype_FLOAT32_layout_TILE.tensorbin of shape Shape([1, 1, 1, 2816])
2026-08-15 22:00:06.421 | DEBUG    | core:as_tensor:724 - Loaded cache for /tmp/gemma4_full_model_cache/multichip/layer_12/router_proj_dtype_FLOAT32_layout_TILE.tensorbin of shape Shape([1, 1, 2816, 128])
2026-08-15 22:00:06.421 | DEBUG    | core:as_tensor:724 - Loaded cache for /tmp/gemma4_full_model_cache/multichip/layer_12/router_per_expert_scale_dtype_FLOAT32_layout_TILE.tensorbin of shape Shape([1, 128])
2026-08-15 22:00:06.445 | DEBUG    | core:as_tensor:724 - Loaded cache for /tmp/gemma4_full_model_cache/multichip/layer_12/expert_gate_tp4_dtype_BFLOAT8_B_layout_TILE.tensorbin of shape Shape([1, 128, 2816, 192])
2026-08-15 22:00:06.469 | DEBUG    | core:as_tensor:724 - Loaded cache for /tmp/gemma4_full_model_cache/multichip/layer_12/expert_up_tp4_dtype_BFLOAT8_B_layout_TILE.tensorbin of shape Shape([1, 128, 2816, 192])
2026-08-15 22:00:06.492 | DEBUG    | core:as_tensor:724 - Loaded cache for /tmp/gemma4_full_model_cache/multichip/layer_12/expert_down_tp4_dtype_BFLOAT8_B_layout_TILE.tensorbin of shape Shape([1, 128, 192, 2816])
2026-08-15 22:00:06.493 | DEBUG    | core:as_tensor:724 - Loaded cache for /tmp/gemma4_full_model_cache/multichip/layer_12/expert_prefill_sparsity_dtype_BFLOAT16_layout_ROW_MAJOR.tensorbin of shape Shape([1, 1, 1, 128])
2026-08-15 22:00:06.498 | DEBUG    | core:as_tensor:724 - Loaded cache for /tmp/gemma4_full_model_cache/multichip/layer_12/packed_mlp_gate_up_decode_bfp4_tp4_dtype_BFLOAT4_B_layout_TILE.tensorbin of shape Shape([1, 1, 2816, 1088])
2026-08-15 22:00:06.956 | DEBUG    | core:as_tensor:724 - Loaded cache for /tmp/gemma4_full_model_cache/multichip/layer_13/layer_scalar_dtype_BFLOAT16_layout_TILE.tensorbin of shape Shape([1, 1, 1, 1])
2026-08-15 22:00:06.956 | DEBUG    | core:as_tensor:724 - Loaded cache for /tmp/gemma4_full_model_cache/multichip/layer_13/input_ln_dtype_BFLOAT16_layout_TILE.tensorbin of shape Shape([1, 1, 1, 2816])
2026-08-15 22:00:06.956 | DEBUG    | core:as_tensor:724 - Loaded cache for /tmp/gemma4_full_model_cache/multichip/layer_13/post_attn_ln_dtype_BFLOAT16_layout_TILE.tensorbin of shape Shape([1, 1, 1, 2816])
2026-08-15 22:00:06.956 | DEBUG    | core:as_tensor:724 - Loaded cache for /tmp/gemma4_full_model_cache/multichip/layer_13/pre_ff_ln_dtype_BFLOAT16_layout_TILE.tensorbin of shape Shape([1, 1, 1, 2816])
2026-08-15 22:00:06.957 | DEBUG    | core:as_tensor:724 - Loaded cache for /tmp/gemma4_full_model_cache/multichip/layer_13/post_ff_ln_dtype_BFLOAT16_layout_TILE.tensorbin of shape Shape([1, 1, 1, 2816])
2026-08-15 22:00:06.957 | DEBUG    | core:as_tensor:724 - Loaded cache for /tmp/gemma4_full_model_cache/multichip/layer_13/post_ff_ln_1_dtype_BFLOAT16_layout_TILE.tensorbin of shape Shape([1, 1, 1, 2816])
2026-08-15 22:00:06.958 | DEBUG    | core:as_tensor:724 - Loaded cache for /tmp/gemma4_full_model_cache/multichip/layer_13/post_ff_ln_2_dtype_BFLOAT16_layout_TILE.tensorbin of shape Shape([1, 1, 1, 2816])
2026-08-15 22:00:06.959 | DEBUG    | core:as_tensor:724 - Loaded cache for /tmp/gemma4_full_model_cache/multichip/layer_13/pre_ff_ln_2_dtype_BFLOAT16_layout_TILE.tensorbin of shape Shape([1, 1, 1, 2816])
2026-08-15 22:00:06.959 | DEBUG    | core:as_tensor:724 - Loaded cache for /tmp/gemma4_full_model_cache/multichip/layer_13/q_norm_dtype_BFLOAT16_layout_TILE.tensorbin of shape Shape([1, 1, 1, 256])
2026-08-15 22:00:06.959 | DEBUG    | core:as_tensor:724 - Loaded cache for /tmp/gemma4_full_model_cache/multichip/layer_13/k_norm_dtype_BFLOAT16_layout_TILE.tensorbin of shape Shape([1, 1, 1, 256])
2026-08-15 22:00:06.961 | DEBUG    | core:as_tensor:724 - Loaded cache for /tmp/gemma4_full_model_cache/multichip/layer_13/qkv_tp4_dtype_BFLOAT8_B_layout_TILE.tensorbin of shape Shape([1, 1, 2816, 2048])
2026-08-15 22:00:06.970 | DEBUG    | core:as_tensor:724 - Loaded cache for /tmp/gemma4_full_model_cache/multichip/layer_13/o_proj_tp4_dtype_BFLOAT8_B_layout_TILE.tensorbin of shape Shape([1, 1, 1024, 2816])
2026-08-15 22:00:06.971 | DEBUG    | core:as_tensor:724 - Loaded cache for /tmp/gemma4_full_model_cache/multichip/layer_13/mlp_gate_tp4_dtype_BFLOAT8_B_layout_TILE.tensorbin of shape Shape([1, 1, 2816, 544])
2026-08-15 22:00:06.972 | DEBUG    | core:as_tensor:724 - Loaded cache for /tmp/gemma4_full_model_cache/multichip/layer_13/mlp_up_tp4_dtype_BFLOAT8_B_layout_TILE.tensorbin of shape Shape([1, 1, 2816, 544])
2026-08-15 22:00:06.972 | DEBUG    | core:as_tensor:724 - Loaded cache for /tmp/gemma4_full_model_cache/multichip/layer_13/mlp_down_tp4_dtype_BFLOAT8_B_layout_TILE.tensorbin of shape Shape([1, 1, 544, 2816])
2026-08-15 22:00:06.973 | DEBUG    | core:as_tensor:724 - Loaded cache for /tmp/gemma4_full_model_cache/multichip/layer_13/router_scale_dtype_FLOAT32_layout_TILE.tensorbin of shape Shape([1, 1, 1, 2816])
2026-08-15 22:00:06.973 | DEBUG    | core:as_tensor:724 - Loaded cache for /tmp/gemma4_full_model_cache/multichip/layer_13/router_proj_dtype_FLOAT32_layout_TILE.tensorbin of shape Shape([1, 1, 2816, 128])
2026-08-15 22:00:06.974 | DEBUG    | core:as_tensor:724 - Loaded cache for /tmp/gemma4_full_model_cache/multichip/layer_13/router_per_expert_scale_dtype_FLOAT32_layout_TILE.tensorbin of shape Shape([1, 128])
2026-08-15 22:00:06.999 | DEBUG    | core:as_tensor:724 - Loaded cache for /tmp/gemma4_full_model_cache/multichip/layer_13/expert_gate_tp4_dtype_BFLOAT8_B_layout_TILE.tensorbin of shape Shape([1, 128, 2816, 192])
2026-08-15 22:00:07.024 | DEBUG    | core:as_tensor:724 - Loaded cache for /tmp/gemma4_full_model_cache/multichip/layer_13/expert_up_tp4_dtype_BFLOAT8_B_layout_TILE.tensorbin of shape Shape([1, 128, 2816, 192])
2026-08-15 22:00:07.049 | DEBUG    | core:as_tensor:724 - Loaded cache for /tmp/gemma4_full_model_cache/multichip/layer_13/expert_down_tp4_dtype_BFLOAT8_B_layout_TILE.tensorbin of shape Shape([1, 128, 192, 2816])
2026-08-15 22:00:07.049 | DEBUG    | core:as_tensor:724 - Loaded cache for /tmp/gemma4_full_model_cache/multichip/layer_13/expert_prefill_sparsity_dtype_BFLOAT16_layout_ROW_MAJOR.tensorbin of shape Shape([1, 1, 1, 128])
2026-08-15 22:00:07.054 | DEBUG    | core:as_tensor:724 - Loaded cache for /tmp/gemma4_full_model_cache/multichip/layer_13/packed_mlp_gate_up_decode_bfp4_tp4_dtype_BFLOAT4_B_layout_TILE.tensorbin of shape Shape([1, 1, 2816, 1088])
2026-08-15 22:00:07.501 | DEBUG    | core:as_tensor:724 - Loaded cache for /tmp/gemma4_full_model_cache/multichip/layer_14/layer_scalar_dtype_BFLOAT16_layout_TILE.tensorbin of shape Shape([1, 1, 1, 1])
2026-08-15 22:00:07.501 | DEBUG    | core:as_tensor:724 - Loaded cache for /tmp/gemma4_full_model_cache/multichip/layer_14/input_ln_dtype_BFLOAT16_layout_TILE.tensorbin of shape Shape([1, 1, 1, 2816])
2026-08-15 22:00:07.501 | DEBUG    | core:as_tensor:724 - Loaded cache for /tmp/gemma4_full_model_cache/multichip/layer_14/post_attn_ln_dtype_BFLOAT16_layout_TILE.tensorbin of shape Shape([1, 1, 1, 2816])
2026-08-15 22:00:07.502 | DEBUG    | core:as_tensor:724 - Loaded cache for /tmp/gemma4_full_model_cache/multichip/layer_14/pre_ff_ln_dtype_BFLOAT16_layout_TILE.tensorbin of shape Shape([1, 1, 1, 2816])
2026-08-15 22:00:07.502 | DEBUG    | core:as_tensor:724 - Loaded cache for /tmp/gemma4_full_model_cache/multichip/layer_14/post_ff_ln_dtype_BFLOAT16_layout_TILE.tensorbin of shape Shape([1, 1, 1, 2816])
2026-08-15 22:00:07.502 | DEBUG    | core:as_tensor:724 - Loaded cache for /tmp/gemma4_full_model_cache/multichip/layer_14/post_ff_ln_1_dtype_BFLOAT16_layout_TILE.tensorbin of shape Shape([1, 1, 1, 2816])
2026-08-15 22:00:07.502 | DEBUG    | core:as_tensor:724 - Loaded cache for /tmp/gemma4_full_model_cache/multichip/layer_14/post_ff_ln_2_dtype_BFLOAT16_layout_TILE.tensorbin of shape Shape([1, 1, 1, 2816])
2026-08-15 22:00:07.502 | DEBUG    | core:as_tensor:724 - Loaded cache for /tmp/gemma4_full_model_cache/multichip/layer_14/pre_ff_ln_2_dtype_BFLOAT16_layout_TILE.tensorbin of shape Shape([1, 1, 1, 2816])
2026-08-15 22:00:07.502 | DEBUG    | core:as_tensor:724 - Loaded cache for /tmp/gemma4_full_model_cache/multichip/layer_14/q_norm_dtype_BFLOAT16_layout_TILE.tensorbin of shape Shape([1, 1, 1, 256])
2026-08-15 22:00:07.502 | DEBUG    | core:as_tensor:724 - Loaded cache for /tmp/gemma4_full_model_cache/multichip/layer_14/k_norm_dtype_BFLOAT16_layout_TILE.tensorbin of shape Shape([1, 1, 1, 256])
2026-08-15 22:00:07.504 | DEBUG    | core:as_tensor:724 - Loaded cache for /tmp/gemma4_full_model_cache/multichip/layer_14/qkv_tp4_dtype_BFLOAT8_B_layout_TILE.tensorbin of shape Shape([1, 1, 2816, 2048])
2026-08-15 22:00:07.514 | DEBUG    | core:as_tensor:724 - Loaded cache for /tmp/gemma4_full_model_cache/multichip/layer_14/o_proj_tp4_dtype_BFLOAT8_B_layout_TILE.tensorbin of shape Shape([1, 1, 1024, 2816])
2026-08-15 22:00:07.515 | DEBUG    | core:as_tensor:724 - Loaded cache for /tmp/gemma4_full_model_cache/multichip/layer_14/mlp_gate_tp4_dtype_BFLOAT8_B_layout_TILE.tensorbin of shape Shape([1, 1, 2816, 544])
2026-08-15 22:00:07.515 | DEBUG    | core:as_tensor:724 - Loaded cache for /tmp/gemma4_full_model_cache/multichip/layer_14/mlp_up_tp4_dtype_BFLOAT8_B_layout_TILE.tensorbin of shape Shape([1, 1, 2816, 544])
2026-08-15 22:00:07.516 | DEBUG    | core:as_tensor:724 - Loaded cache for /tmp/gemma4_full_model_cache/multichip/layer_14/mlp_down_tp4_dtype_BFLOAT8_B_layout_TILE.tensorbin of shape Shape([1, 1, 544, 2816])
2026-08-15 22:00:07.516 | DEBUG    | core:as_tensor:724 - Loaded cache for /tmp/gemma4_full_model_cache/multichip/layer_14/router_scale_dtype_FLOAT32_layout_TILE.tensorbin of shape Shape([1, 1, 1, 2816])
2026-08-15 22:00:07.517 | DEBUG    | core:as_tensor:724 - Loaded cache for /tmp/gemma4_full_model_cache/multichip/layer_14/router_proj_dtype_FLOAT32_layout_TILE.tensorbin of shape Shape([1, 1, 2816, 128])
2026-08-15 22:00:07.517 | DEBUG    | core:as_tensor:724 - Loaded cache for /tmp/gemma4_full_model_cache/multichip/layer_14/router_per_expert_scale_dtype_FLOAT32_layout_TILE.tensorbin of shape Shape([1, 128])
2026-08-15 22:00:07.541 | DEBUG    | core:as_tensor:724 - Loaded cache for /tmp/gemma4_full_model_cache/multichip/layer_14/expert_gate_tp4_dtype_BFLOAT8_B_layout_TILE.tensorbin of shape Shape([1, 128, 2816, 192])
2026-08-15 22:00:07.566 | DEBUG    | core:as_tensor:724 - Loaded cache for /tmp/gemma4_full_model_cache/multichip/layer_14/expert_up_tp4_dtype_BFLOAT8_B_layout_TILE.tensorbin of shape Shape([1, 128, 2816, 192])
2026-08-15 22:00:07.593 | DEBUG    | core:as_tensor:724 - Loaded cache for /tmp/gemma4_full_model_cache/multichip/layer_14/expert_down_tp4_dtype_BFLOAT8_B_layout_TILE.tensorbin of shape Shape([1, 128, 192, 2816])
2026-08-15 22:00:07.594 | DEBUG    | core:as_tensor:724 - Loaded cache for /tmp/gemma4_full_model_cache/multichip/layer_14/expert_prefill_sparsity_dtype_BFLOAT16_layout_ROW_MAJOR.tensorbin of shape Shape([1, 1, 1, 128])
2026-08-15 22:00:07.599 | DEBUG    | core:as_tensor:724 - Loaded cache for /tmp/gemma4_full_model_cache/multichip/layer_14/packed_mlp_gate_up_decode_bfp4_tp4_dtype_BFLOAT4_B_layout_TILE.tensorbin of shape Shape([1, 1, 2816, 1088])
2026-08-15 22:00:08.055 | DEBUG    | core:as_tensor:724 - Loaded cache for /tmp/gemma4_full_model_cache/multichip/layer_15/layer_scalar_dtype_BFLOAT16_layout_TILE.tensorbin of shape Shape([1, 1, 1, 1])
2026-08-15 22:00:08.056 | DEBUG    | core:as_tensor:724 - Loaded cache for /tmp/gemma4_full_model_cache/multichip/layer_15/input_ln_dtype_BFLOAT16_layout_TILE.tensorbin of shape Shape([1, 1, 1, 2816])
2026-08-15 22:00:08.056 | DEBUG    | core:as_tensor:724 - Loaded cache for /tmp/gemma4_full_model_cache/multichip/layer_15/post_attn_ln_dtype_BFLOAT16_layout_TILE.tensorbin of shape Shape([1, 1, 1, 2816])
2026-08-15 22:00:08.056 | DEBUG    | core:as_tensor:724 - Loaded cache for /tmp/gemma4_full_model_cache/multichip/layer_15/pre_ff_ln_dtype_BFLOAT16_layout_TILE.tensorbin of shape Shape([1, 1, 1, 2816])
2026-08-15 22:00:08.056 | DEBUG    | core:as_tensor:724 - Loaded cache for /tmp/gemma4_full_model_cache/multichip/layer_15/post_ff_ln_dtype_BFLOAT16_layout_TILE.tensorbin of shape Shape([1, 1, 1, 2816])
2026-08-15 22:00:08.057 | DEBUG    | core:as_tensor:724 - Loaded cache for /tmp/gemma4_full_model_cache/multichip/layer_15/post_ff_ln_1_dtype_BFLOAT16_layout_TILE.tensorbin of shape Shape([1, 1, 1, 2816])
2026-08-15 22:00:08.057 | DEBUG    | core:as_tensor:724 - Loaded cache for /tmp/gemma4_full_model_cache/multichip/layer_15/post_ff_ln_2_dtype_BFLOAT16_layout_TILE.tensorbin of shape Shape([1, 1, 1, 2816])
2026-08-15 22:00:08.057 | DEBUG    | core:as_tensor:724 - Loaded cache for /tmp/gemma4_full_model_cache/multichip/layer_15/pre_ff_ln_2_dtype_BFLOAT16_layout_TILE.tensorbin of shape Shape([1, 1, 1, 2816])
2026-08-15 22:00:08.058 | DEBUG    | core:as_tensor:724 - Loaded cache for /tmp/gemma4_full_model_cache/multichip/layer_15/q_norm_dtype_BFLOAT16_layout_TILE.tensorbin of shape Shape([1, 1, 1, 256])
2026-08-15 22:00:08.058 | DEBUG    | core:as_tensor:724 - Loaded cache for /tmp/gemma4_full_model_cache/multichip/layer_15/k_norm_dtype_BFLOAT16_layout_TILE.tensorbin of shape Shape([1, 1, 1, 256])
2026-08-15 22:00:08.061 | DEBUG    | core:as_tensor:724 - Loaded cache for /tmp/gemma4_full_model_cache/multichip/layer_15/qkv_tp4_dtype_BFLOAT8_B_layout_TILE.tensorbin of shape Shape([1, 1, 2816, 2048])
2026-08-15 22:00:08.072 | DEBUG    | core:as_tensor:724 - Loaded cache for /tmp/gemma4_full_model_cache/multichip/layer_15/o_proj_tp4_dtype_BFLOAT8_B_layout_TILE.tensorbin of shape Shape([1, 1, 1024, 2816])
2026-08-15 22:00:08.073 | DEBUG    | core:as_tensor:724 - Loaded cache for /tmp/gemma4_full_model_cache/multichip/layer_15/mlp_gate_tp4_dtype_BFLOAT8_B_layout_TILE.tensorbin of shape Shape([1, 1, 2816, 544])
2026-08-15 22:00:08.074 | DEBUG    | core:as_tensor:724 - Loaded cache for /tmp/gemma4_full_model_cache/multichip/layer_15/mlp_up_tp4_dtype_BFLOAT8_B_layout_TILE.tensorbin of shape Shape([1, 1, 2816, 544])
2026-08-15 22:00:08.075 | DEBUG    | core:as_tensor:724 - Loaded cache for /tmp/gemma4_full_model_cache/multichip/layer_15/mlp_down_tp4_dtype_BFLOAT8_B_layout_TILE.tensorbin of shape Shape([1, 1, 544, 2816])
2026-08-15 22:00:08.076 | DEBUG    | core:as_tensor:724 - Loaded cache for /tmp/gemma4_full_model_cache/multichip/layer_15/router_scale_dtype_FLOAT32_layout_TILE.tensorbin of shape Shape([1, 1, 1, 2816])
2026-08-15 22:00:08.077 | DEBUG    | core:as_tensor:724 - Loaded cache for /tmp/gemma4_full_model_cache/multichip/layer_15/router_proj_dtype_FLOAT32_layout_TILE.tensorbin of shape Shape([1, 1, 2816, 128])
2026-08-15 22:00:08.077 | DEBUG    | core:as_tensor:724 - Loaded cache for /tmp/gemma4_full_model_cache/multichip/layer_15/router_per_expert_scale_dtype_FLOAT32_layout_TILE.tensorbin of shape Shape([1, 128])
2026-08-15 22:00:08.116 | DEBUG    | core:as_tensor:724 - Loaded cache for /tmp/gemma4_full_model_cache/multichip/layer_15/expert_gate_tp4_dtype_BFLOAT8_B_layout_TILE.tensorbin of shape Shape([1, 128, 2816, 192])
2026-08-15 22:00:08.145 | DEBUG    | core:as_tensor:724 - Loaded cache for /tmp/gemma4_full_model_cache/multichip/layer_15/expert_up_tp4_dtype_BFLOAT8_B_layout_TILE.tensorbin of shape Shape([1, 128, 2816, 192])
2026-08-15 22:00:08.175 | DEBUG    | core:as_tensor:724 - Loaded cache for /tmp/gemma4_full_model_cache/multichip/layer_15/expert_down_tp4_dtype_BFLOAT8_B_layout_TILE.tensorbin of shape Shape([1, 128, 192, 2816])
2026-08-15 22:00:08.176 | DEBUG    | core:as_tensor:724 - Loaded cache for /tmp/gemma4_full_model_cache/multichip/layer_15/expert_prefill_sparsity_dtype_BFLOAT16_layout_ROW_MAJOR.tensorbin of shape Shape([1, 1, 1, 128])
2026-08-15 22:00:08.181 | DEBUG    | core:as_tensor:724 - Loaded cache for /tmp/gemma4_full_model_cache/multichip/layer_15/packed_mlp_gate_up_decode_bfp4_tp4_dtype_BFLOAT4_B_layout_TILE.tensorbin of shape Shape([1, 1, 2816, 1088])
2026-08-15 22:00:08.645 | DEBUG    | core:as_tensor:724 - Loaded cache for /tmp/gemma4_full_model_cache/multichip/layer_16/layer_scalar_dtype_BFLOAT16_layout_TILE.tensorbin of shape Shape([1, 1, 1, 1])
2026-08-15 22:00:08.646 | DEBUG    | core:as_tensor:724 - Loaded cache for /tmp/gemma4_full_model_cache/multichip/layer_16/input_ln_dtype_BFLOAT16_layout_TILE.tensorbin of shape Shape([1, 1, 1, 2816])
2026-08-15 22:00:08.646 | DEBUG    | core:as_tensor:724 - Loaded cache for /tmp/gemma4_full_model_cache/multichip/layer_16/post_attn_ln_dtype_BFLOAT16_layout_TILE.tensorbin of shape Shape([1, 1, 1, 2816])
2026-08-15 22:00:08.646 | DEBUG    | core:as_tensor:724 - Loaded cache for /tmp/gemma4_full_model_cache/multichip/layer_16/pre_ff_ln_dtype_BFLOAT16_layout_TILE.tensorbin of shape Shape([1, 1, 1, 2816])
2026-08-15 22:00:08.647 | DEBUG    | core:as_tensor:724 - Loaded cache for /tmp/gemma4_full_model_cache/multichip/layer_16/post_ff_ln_dtype_BFLOAT16_layout_TILE.tensorbin of shape Shape([1, 1, 1, 2816])
2026-08-15 22:00:08.647 | DEBUG    | core:as_tensor:724 - Loaded cache for /tmp/gemma4_full_model_cache/multichip/layer_16/post_ff_ln_1_dtype_BFLOAT16_layout_TILE.tensorbin of shape Shape([1, 1, 1, 2816])
2026-08-15 22:00:08.647 | DEBUG    | core:as_tensor:724 - Loaded cache for /tmp/gemma4_full_model_cache/multichip/layer_16/post_ff_ln_2_dtype_BFLOAT16_layout_TILE.tensorbin of shape Shape([1, 1, 1, 2816])
2026-08-15 22:00:08.648 | DEBUG    | core:as_tensor:724 - Loaded cache for /tmp/gemma4_full_model_cache/multichip/layer_16/pre_ff_ln_2_dtype_BFLOAT16_layout_TILE.tensorbin of shape Shape([1, 1, 1, 2816])
2026-08-15 22:00:08.648 | DEBUG    | core:as_tensor:724 - Loaded cache for /tmp/gemma4_full_model_cache/multichip/layer_16/q_norm_dtype_BFLOAT16_layout_TILE.tensorbin of shape Shape([1, 1, 1, 256])
2026-08-15 22:00:08.648 | DEBUG    | core:as_tensor:724 - Loaded cache for /tmp/gemma4_full_model_cache/multichip/layer_16/k_norm_dtype_BFLOAT16_layout_TILE.tensorbin of shape Shape([1, 1, 1, 256])
2026-08-15 22:00:08.655 | DEBUG    | core:as_tensor:724 - Loaded cache for /tmp/gemma4_full_model_cache/multichip/layer_16/qkv_tp4_dtype_BFLOAT8_B_layout_TILE.tensorbin of shape Shape([1, 1, 2816, 2048])
2026-08-15 22:00:08.666 | DEBUG    | core:as_tensor:724 - Loaded cache for /tmp/gemma4_full_model_cache/multichip/layer_16/o_proj_tp4_dtype_BFLOAT8_B_layout_TILE.tensorbin of shape Shape([1, 1, 1024, 2816])
2026-08-15 22:00:08.668 | DEBUG    | core:as_tensor:724 - Loaded cache for /tmp/gemma4_full_model_cache/multichip/layer_16/mlp_gate_tp4_dtype_BFLOAT8_B_layout_TILE.tensorbin of shape Shape([1, 1, 2816, 544])
2026-08-15 22:00:08.669 | DEBUG    | core:as_tensor:724 - Loaded cache for /tmp/gemma4_full_model_cache/multichip/layer_16/mlp_up_tp4_dtype_BFLOAT8_B_layout_TILE.tensorbin of shape Shape([1, 1, 2816, 544])
2026-08-15 22:00:08.669 | DEBUG    | core:as_tensor:724 - Loaded cache for /tmp/gemma4_full_model_cache/multichip/layer_16/mlp_down_tp4_dtype_BFLOAT8_B_layout_TILE.tensorbin of shape Shape([1, 1, 544, 2816])
2026-08-15 22:00:08.670 | DEBUG    | core:as_tensor:724 - Loaded cache for /tmp/gemma4_full_model_cache/multichip/layer_16/router_scale_dtype_FLOAT32_layout_TILE.tensorbin of shape Shape([1, 1, 1, 2816])
2026-08-15 22:00:08.670 | DEBUG    | core:as_tensor:724 - Loaded cache for /tmp/gemma4_full_model_cache/multichip/layer_16/router_proj_dtype_FLOAT32_layout_TILE.tensorbin of shape Shape([1, 1, 2816, 128])
2026-08-15 22:00:08.670 | DEBUG    | core:as_tensor:724 - Loaded cache for /tmp/gemma4_full_model_cache/multichip/layer_16/router_per_expert_scale_dtype_FLOAT32_layout_TILE.tensorbin of shape Shape([1, 128])
2026-08-15 22:00:08.702 | DEBUG    | core:as_tensor:724 - Loaded cache for /tmp/gemma4_full_model_cache/multichip/layer_16/expert_gate_tp4_dtype_BFLOAT8_B_layout_TILE.tensorbin of shape Shape([1, 128, 2816, 192])
2026-08-15 22:00:08.738 | DEBUG    | core:as_tensor:724 - Loaded cache for /tmp/gemma4_full_model_cache/multichip/layer_16/expert_up_tp4_dtype_BFLOAT8_B_layout_TILE.tensorbin of shape Shape([1, 128, 2816, 192])
2026-08-15 22:00:08.770 | DEBUG    | core:as_tensor:724 - Loaded cache for /tmp/gemma4_full_model_cache/multichip/layer_16/expert_down_tp4_dtype_BFLOAT8_B_layout_TILE.tensorbin of shape Shape([1, 128, 192, 2816])
2026-08-15 22:00:08.771 | DEBUG    | core:as_tensor:724 - Loaded cache for /tmp/gemma4_full_model_cache/multichip/layer_16/expert_prefill_sparsity_dtype_BFLOAT16_layout_ROW_MAJOR.tensorbin of shape Shape([1, 1, 1, 128])
2026-08-15 22:00:08.777 | DEBUG    | core:as_tensor:724 - Loaded cache for /tmp/gemma4_full_model_cache/multichip/layer_16/packed_mlp_gate_up_decode_bfp4_tp4_dtype_BFLOAT4_B_layout_TILE.tensorbin of shape Shape([1, 1, 2816, 1088])
2026-08-15 22:00:09.245 | DEBUG    | core:as_tensor:724 - Loaded cache for /tmp/gemma4_full_model_cache/multichip/layer_17/layer_scalar_dtype_BFLOAT16_layout_TILE.tensorbin of shape Shape([1, 1, 1, 1])
2026-08-15 22:00:09.245 | DEBUG    | core:as_tensor:724 - Loaded cache for /tmp/gemma4_full_model_cache/multichip/layer_17/input_ln_dtype_BFLOAT16_layout_TILE.tensorbin of shape Shape([1, 1, 1, 2816])
2026-08-15 22:00:09.246 | DEBUG    | core:as_tensor:724 - Loaded cache for /tmp/gemma4_full_model_cache/multichip/layer_17/post_attn_ln_dtype_BFLOAT16_layout_TILE.tensorbin of shape Shape([1, 1, 1, 2816])
2026-08-15 22:00:09.246 | DEBUG    | core:as_tensor:724 - Loaded cache for /tmp/gemma4_full_model_cache/multichip/layer_17/pre_ff_ln_dtype_BFLOAT16_layout_TILE.tensorbin of shape Shape([1, 1, 1, 2816])
2026-08-15 22:00:09.246 | DEBUG    | core:as_tensor:724 - Loaded cache for /tmp/gemma4_full_model_cache/multichip/layer_17/post_ff_ln_dtype_BFLOAT16_layout_TILE.tensorbin of shape Shape([1, 1, 1, 2816])
2026-08-15 22:00:09.246 | DEBUG    | core:as_tensor:724 - Loaded cache for /tmp/gemma4_full_model_cache/multichip/layer_17/post_ff_ln_1_dtype_BFLOAT16_layout_TILE.tensorbin of shape Shape([1, 1, 1, 2816])
2026-08-15 22:00:09.246 | DEBUG    | core:as_tensor:724 - Loaded cache for /tmp/gemma4_full_model_cache/multichip/layer_17/post_ff_ln_2_dtype_BFLOAT16_layout_TILE.tensorbin of shape Shape([1, 1, 1, 2816])
2026-08-15 22:00:09.246 | DEBUG    | core:as_tensor:724 - Loaded cache for /tmp/gemma4_full_model_cache/multichip/layer_17/pre_ff_ln_2_dtype_BFLOAT16_layout_TILE.tensorbin of shape Shape([1, 1, 1, 2816])
2026-08-15 22:00:09.246 | DEBUG    | core:as_tensor:724 - Loaded cache for /tmp/gemma4_full_model_cache/multichip/layer_17/q_norm_dtype_BFLOAT16_layout_TILE.tensorbin of shape Shape([1, 1, 1, 512])
2026-08-15 22:00:09.247 | DEBUG    | core:as_tensor:724 - Loaded cache for /tmp/gemma4_full_model_cache/multichip/layer_17/k_norm_dtype_BFLOAT16_layout_TILE.tensorbin of shape Shape([1, 1, 1, 512])
2026-08-15 22:00:09.253 | DEBUG    | core:as_tensor:724 - Loaded cache for /tmp/gemma4_full_model_cache/multichip/layer_17/qkv_tp4_dtype_BFLOAT8_B_layout_TILE.tensorbin of shape Shape([1, 1, 2816, 3072])
2026-08-15 22:00:09.272 | DEBUG    | core:as_tensor:724 - Loaded cache for /tmp/gemma4_full_model_cache/multichip/layer_17/o_proj_tp4_dtype_BFLOAT8_B_layout_TILE.tensorbin of shape Shape([1, 1, 2048, 2816])
2026-08-15 22:00:09.274 | DEBUG    | core:as_tensor:724 - Loaded cache for /tmp/gemma4_full_model_cache/multichip/layer_17/mlp_gate_tp4_dtype_BFLOAT8_B_layout_TILE.tensorbin of shape Shape([1, 1, 2816, 544])
2026-08-15 22:00:09.275 | DEBUG    | core:as_tensor:724 - Loaded cache for /tmp/gemma4_full_model_cache/multichip/layer_17/mlp_up_tp4_dtype_BFLOAT8_B_layout_TILE.tensorbin of shape Shape([1, 1, 2816, 544])
2026-08-15 22:00:09.275 | DEBUG    | core:as_tensor:724 - Loaded cache for /tmp/gemma4_full_model_cache/multichip/layer_17/mlp_down_tp4_dtype_BFLOAT8_B_layout_TILE.tensorbin of shape Shape([1, 1, 544, 2816])
2026-08-15 22:00:09.276 | DEBUG    | core:as_tensor:724 - Loaded cache for /tmp/gemma4_full_model_cache/multichip/layer_17/router_scale_dtype_FLOAT32_layout_TILE.tensorbin of shape Shape([1, 1, 1, 2816])
2026-08-15 22:00:09.276 | DEBUG    | core:as_tensor:724 - Loaded cache for /tmp/gemma4_full_model_cache/multichip/layer_17/router_proj_dtype_FLOAT32_layout_TILE.tensorbin of shape Shape([1, 1, 2816, 128])
2026-08-15 22:00:09.276 | DEBUG    | core:as_tensor:724 - Loaded cache for /tmp/gemma4_full_model_cache/multichip/layer_17/router_per_expert_scale_dtype_FLOAT32_layout_TILE.tensorbin of shape Shape([1, 128])
2026-08-15 22:00:09.300 | DEBUG    | core:as_tensor:724 - Loaded cache for /tmp/gemma4_full_model_cache/multichip/layer_17/expert_gate_tp4_dtype_BFLOAT8_B_layout_TILE.tensorbin of shape Shape([1, 128, 2816, 192])
2026-08-15 22:00:09.324 | DEBUG    | core:as_tensor:724 - Loaded cache for /tmp/gemma4_full_model_cache/multichip/layer_17/expert_up_tp4_dtype_BFLOAT8_B_layout_TILE.tensorbin of shape Shape([1, 128, 2816, 192])
2026-08-15 22:00:09.349 | DEBUG    | core:as_tensor:724 - Loaded cache for /tmp/gemma4_full_model_cache/multichip/layer_17/expert_down_tp4_dtype_BFLOAT8_B_layout_TILE.tensorbin of shape Shape([1, 128, 192, 2816])
2026-08-15 22:00:09.349 | DEBUG    | core:as_tensor:724 - Loaded cache for /tmp/gemma4_full_model_cache/multichip/layer_17/expert_prefill_sparsity_dtype_BFLOAT16_layout_ROW_MAJOR.tensorbin of shape Shape([1, 1, 1, 128])
2026-08-15 22:00:09.354 | DEBUG    | core:as_tensor:724 - Loaded cache for /tmp/gemma4_full_model_cache/multichip/layer_17/packed_mlp_gate_up_decode_bfp4_tp4_dtype_BFLOAT4_B_layout_TILE.tensorbin of shape Shape([1, 1, 2816, 1088])
2026-08-15 22:00:09.799 | DEBUG    | core:as_tensor:724 - Loaded cache for /tmp/gemma4_full_model_cache/multichip/layer_18/layer_scalar_dtype_BFLOAT16_layout_TILE.tensorbin of shape Shape([1, 1, 1, 1])
2026-08-15 22:00:09.800 | DEBUG    | core:as_tensor:724 - Loaded cache for /tmp/gemma4_full_model_cache/multichip/layer_18/input_ln_dtype_BFLOAT16_layout_TILE.tensorbin of shape Shape([1, 1, 1, 2816])
2026-08-15 22:00:09.800 | DEBUG    | core:as_tensor:724 - Loaded cache for /tmp/gemma4_full_model_cache/multichip/layer_18/post_attn_ln_dtype_BFLOAT16_layout_TILE.tensorbin of shape Shape([1, 1, 1, 2816])
2026-08-15 22:00:09.800 | DEBUG    | core:as_tensor:724 - Loaded cache for /tmp/gemma4_full_model_cache/multichip/layer_18/pre_ff_ln_dtype_BFLOAT16_layout_TILE.tensorbin of shape Shape([1, 1, 1, 2816])
2026-08-15 22:00:09.800 | DEBUG    | core:as_tensor:724 - Loaded cache for /tmp/gemma4_full_model_cache/multichip/layer_18/post_ff_ln_dtype_BFLOAT16_layout_TILE.tensorbin of shape Shape([1, 1, 1, 2816])
2026-08-15 22:00:09.801 | DEBUG    | core:as_tensor:724 - Loaded cache for /tmp/gemma4_full_model_cache/multichip/layer_18/post_ff_ln_1_dtype_BFLOAT16_layout_TILE.tensorbin of shape Shape([1, 1, 1, 2816])
2026-08-15 22:00:09.801 | DEBUG    | core:as_tensor:724 - Loaded cache for /tmp/gemma4_full_model_cache/multichip/layer_18/post_ff_ln_2_dtype_BFLOAT16_layout_TILE.tensorbin of shape Shape([1, 1, 1, 2816])
2026-08-15 22:00:09.801 | DEBUG    | core:as_tensor:724 - Loaded cache for /tmp/gemma4_full_model_cache/multichip/layer_18/pre_ff_ln_2_dtype_BFLOAT16_layout_TILE.tensorbin of shape Shape([1, 1, 1, 2816])
2026-08-15 22:00:09.801 | DEBUG    | core:as_tensor:724 - Loaded cache for /tmp/gemma4_full_model_cache/multichip/layer_18/q_norm_dtype_BFLOAT16_layout_TILE.tensorbin of shape Shape([1, 1, 1, 256])
2026-08-15 22:00:09.801 | DEBUG    | core:as_tensor:724 - Loaded cache for /tmp/gemma4_full_model_cache/multichip/layer_18/k_norm_dtype_BFLOAT16_layout_TILE.tensorbin of shape Shape([1, 1, 1, 256])
2026-08-15 22:00:09.803 | DEBUG    | core:as_tensor:724 - Loaded cache for /tmp/gemma4_full_model_cache/multichip/layer_18/qkv_tp4_dtype_BFLOAT8_B_layout_TILE.tensorbin of shape Shape([1, 1, 2816, 2048])
2026-08-15 22:00:09.813 | DEBUG    | core:as_tensor:724 - Loaded cache for /tmp/gemma4_full_model_cache/multichip/layer_18/o_proj_tp4_dtype_BFLOAT8_B_layout_TILE.tensorbin of shape Shape([1, 1, 1024, 2816])
2026-08-15 22:00:09.813 | DEBUG    | core:as_tensor:724 - Loaded cache for /tmp/gemma4_full_model_cache/multichip/layer_18/mlp_gate_tp4_dtype_BFLOAT8_B_layout_TILE.tensorbin of shape Shape([1, 1, 2816, 544])
2026-08-15 22:00:09.814 | DEBUG    | core:as_tensor:724 - Loaded cache for /tmp/gemma4_full_model_cache/multichip/layer_18/mlp_up_tp4_dtype_BFLOAT8_B_layout_TILE.tensorbin of shape Shape([1, 1, 2816, 544])
2026-08-15 22:00:09.815 | DEBUG    | core:as_tensor:724 - Loaded cache for /tmp/gemma4_full_model_cache/multichip/layer_18/mlp_down_tp4_dtype_BFLOAT8_B_layout_TILE.tensorbin of shape Shape([1, 1, 544, 2816])
2026-08-15 22:00:09.815 | DEBUG    | core:as_tensor:724 - Loaded cache for /tmp/gemma4_full_model_cache/multichip/layer_18/router_scale_dtype_FLOAT32_layout_TILE.tensorbin of shape Shape([1, 1, 1, 2816])
2026-08-15 22:00:09.816 | DEBUG    | core:as_tensor:724 - Loaded cache for /tmp/gemma4_full_model_cache/multichip/layer_18/router_proj_dtype_FLOAT32_layout_TILE.tensorbin of shape Shape([1, 1, 2816, 128])
2026-08-15 22:00:09.816 | DEBUG    | core:as_tensor:724 - Loaded cache for /tmp/gemma4_full_model_cache/multichip/layer_18/router_per_expert_scale_dtype_FLOAT32_layout_TILE.tensorbin of shape Shape([1, 128])
2026-08-15 22:00:09.840 | DEBUG    | core:as_tensor:724 - Loaded cache for /tmp/gemma4_full_model_cache/multichip/layer_18/expert_gate_tp4_dtype_BFLOAT8_B_layout_TILE.tensorbin of shape Shape([1, 128, 2816, 192])
2026-08-15 22:00:09.864 | DEBUG    | core:as_tensor:724 - Loaded cache for /tmp/gemma4_full_model_cache/multichip/layer_18/expert_up_tp4_dtype_BFLOAT8_B_layout_TILE.tensorbin of shape Shape([1, 128, 2816, 192])
2026-08-15 22:00:09.888 | DEBUG    | core:as_tensor:724 - Loaded cache for /tmp/gemma4_full_model_cache/multichip/layer_18/expert_down_tp4_dtype_BFLOAT8_B_layout_TILE.tensorbin of shape Shape([1, 128, 192, 2816])
2026-08-15 22:00:09.889 | DEBUG    | core:as_tensor:724 - Loaded cache for /tmp/gemma4_full_model_cache/multichip/layer_18/expert_prefill_sparsity_dtype_BFLOAT16_layout_ROW_MAJOR.tensorbin of shape Shape([1, 1, 1, 128])
2026-08-15 22:00:09.894 | DEBUG    | core:as_tensor:724 - Loaded cache for /tmp/gemma4_full_model_cache/multichip/layer_18/packed_mlp_gate_up_decode_bfp4_tp4_dtype_BFLOAT4_B_layout_TILE.tensorbin of shape Shape([1, 1, 2816, 1088])
2026-08-15 22:00:10.347 | DEBUG    | core:as_tensor:724 - Loaded cache for /tmp/gemma4_full_model_cache/multichip/layer_19/layer_scalar_dtype_BFLOAT16_layout_TILE.tensorbin of shape Shape([1, 1, 1, 1])
2026-08-15 22:00:10.348 | DEBUG    | core:as_tensor:724 - Loaded cache for /tmp/gemma4_full_model_cache/multichip/layer_19/input_ln_dtype_BFLOAT16_layout_TILE.tensorbin of shape Shape([1, 1, 1, 2816])
2026-08-15 22:00:10.348 | DEBUG    | core:as_tensor:724 - Loaded cache for /tmp/gemma4_full_model_cache/multichip/layer_19/post_attn_ln_dtype_BFLOAT16_layout_TILE.tensorbin of shape Shape([1, 1, 1, 2816])
2026-08-15 22:00:10.348 | DEBUG    | core:as_tensor:724 - Loaded cache for /tmp/gemma4_full_model_cache/multichip/layer_19/pre_ff_ln_dtype_BFLOAT16_layout_TILE.tensorbin of shape Shape([1, 1, 1, 2816])
2026-08-15 22:00:10.348 | DEBUG    | core:as_tensor:724 - Loaded cache for /tmp/gemma4_full_model_cache/multichip/layer_19/post_ff_ln_dtype_BFLOAT16_layout_TILE.tensorbin of shape Shape([1, 1, 1, 2816])
2026-08-15 22:00:10.348 | DEBUG    | core:as_tensor:724 - Loaded cache for /tmp/gemma4_full_model_cache/multichip/layer_19/post_ff_ln_1_dtype_BFLOAT16_layout_TILE.tensorbin of shape Shape([1, 1, 1, 2816])
2026-08-15 22:00:10.348 | DEBUG    | core:as_tensor:724 - Loaded cache for /tmp/gemma4_full_model_cache/multichip/layer_19/post_ff_ln_2_dtype_BFLOAT16_layout_TILE.tensorbin of shape Shape([1, 1, 1, 2816])
2026-08-15 22:00:10.349 | DEBUG    | core:as_tensor:724 - Loaded cache for /tmp/gemma4_full_model_cache/multichip/layer_19/pre_ff_ln_2_dtype_BFLOAT16_layout_TILE.tensorbin of shape Shape([1, 1, 1, 2816])
2026-08-15 22:00:10.349 | DEBUG    | core:as_tensor:724 - Loaded cache for /tmp/gemma4_full_model_cache/multichip/layer_19/q_norm_dtype_BFLOAT16_layout_TILE.tensorbin of shape Shape([1, 1, 1, 256])
2026-08-15 22:00:10.349 | DEBUG    | core:as_tensor:724 - Loaded cache for /tmp/gemma4_full_model_cache/multichip/layer_19/k_norm_dtype_BFLOAT16_layout_TILE.tensorbin of shape Shape([1, 1, 1, 256])
2026-08-15 22:00:10.351 | DEBUG    | core:as_tensor:724 - Loaded cache for /tmp/gemma4_full_model_cache/multichip/layer_19/qkv_tp4_dtype_BFLOAT8_B_layout_TILE.tensorbin of shape Shape([1, 1, 2816, 2048])
2026-08-15 22:00:10.357 | DEBUG    | core:as_tensor:724 - Loaded cache for /tmp/gemma4_full_model_cache/multichip/layer_19/o_proj_tp4_dtype_BFLOAT8_B_layout_TILE.tensorbin of shape Shape([1, 1, 1024, 2816])
2026-08-15 22:00:10.358 | DEBUG    | core:as_tensor:724 - Loaded cache for /tmp/gemma4_full_model_cache/multichip/layer_19/mlp_gate_tp4_dtype_BFLOAT8_B_layout_TILE.tensorbin of shape Shape([1, 1, 2816, 544])
2026-08-15 22:00:10.359 | DEBUG    | core:as_tensor:724 - Loaded cache for /tmp/gemma4_full_model_cache/multichip/layer_19/mlp_up_tp4_dtype_BFLOAT8_B_layout_TILE.tensorbin of shape Shape([1, 1, 2816, 544])
2026-08-15 22:00:10.359 | DEBUG    | core:as_tensor:724 - Loaded cache for /tmp/gemma4_full_model_cache/multichip/layer_19/mlp_down_tp4_dtype_BFLOAT8_B_layout_TILE.tensorbin of shape Shape([1, 1, 544, 2816])
2026-08-15 22:00:10.360 | DEBUG    | core:as_tensor:724 - Loaded cache for /tmp/gemma4_full_model_cache/multichip/layer_19/router_scale_dtype_FLOAT32_layout_TILE.tensorbin of shape Shape([1, 1, 1, 2816])
2026-08-15 22:00:10.360 | DEBUG    | core:as_tensor:724 - Loaded cache for /tmp/gemma4_full_model_cache/multichip/layer_19/router_proj_dtype_FLOAT32_layout_TILE.tensorbin of shape Shape([1, 1, 2816, 128])
2026-08-15 22:00:10.361 | DEBUG    | core:as_tensor:724 - Loaded cache for /tmp/gemma4_full_model_cache/multichip/layer_19/router_per_expert_scale_dtype_FLOAT32_layout_TILE.tensorbin of shape Shape([1, 128])
2026-08-15 22:00:10.385 | DEBUG    | core:as_tensor:724 - Loaded cache for /tmp/gemma4_full_model_cache/multichip/layer_19/expert_gate_tp4_dtype_BFLOAT8_B_layout_TILE.tensorbin of shape Shape([1, 128, 2816, 192])
2026-08-15 22:00:10.410 | DEBUG    | core:as_tensor:724 - Loaded cache for /tmp/gemma4_full_model_cache/multichip/layer_19/expert_up_tp4_dtype_BFLOAT8_B_layout_TILE.tensorbin of shape Shape([1, 128, 2816, 192])
2026-08-15 22:00:10.435 | DEBUG    | core:as_tensor:724 - Loaded cache for /tmp/gemma4_full_model_cache/multichip/layer_19/expert_down_tp4_dtype_BFLOAT8_B_layout_TILE.tensorbin of shape Shape([1, 128, 192, 2816])
2026-08-15 22:00:10.435 | DEBUG    | core:as_tensor:724 - Loaded cache for /tmp/gemma4_full_model_cache/multichip/layer_19/expert_prefill_sparsity_dtype_BFLOAT16_layout_ROW_MAJOR.tensorbin of shape Shape([1, 1, 1, 128])
2026-08-15 22:00:10.441 | DEBUG    | core:as_tensor:724 - Loaded cache for /tmp/gemma4_full_model_cache/multichip/layer_19/packed_mlp_gate_up_decode_bfp4_tp4_dtype_BFLOAT4_B_layout_TILE.tensorbin of shape Shape([1, 1, 2816, 1088])
2026-08-15 22:00:10.914 | DEBUG    | core:as_tensor:724 - Loaded cache for /tmp/gemma4_full_model_cache/multichip/layer_20/layer_scalar_dtype_BFLOAT16_layout_TILE.tensorbin of shape Shape([1, 1, 1, 1])
2026-08-15 22:00:10.914 | DEBUG    | core:as_tensor:724 - Loaded cache for /tmp/gemma4_full_model_cache/multichip/layer_20/input_ln_dtype_BFLOAT16_layout_TILE.tensorbin of shape Shape([1, 1, 1, 2816])
2026-08-15 22:00:10.914 | DEBUG    | core:as_tensor:724 - Loaded cache for /tmp/gemma4_full_model_cache/multichip/layer_20/post_attn_ln_dtype_BFLOAT16_layout_TILE.tensorbin of shape Shape([1, 1, 1, 2816])
2026-08-15 22:00:10.915 | DEBUG    | core:as_tensor:724 - Loaded cache for /tmp/gemma4_full_model_cache/multichip/layer_20/pre_ff_ln_dtype_BFLOAT16_layout_TILE.tensorbin of shape Shape([1, 1, 1, 2816])
2026-08-15 22:00:10.915 | DEBUG    | core:as_tensor:724 - Loaded cache for /tmp/gemma4_full_model_cache/multichip/layer_20/post_ff_ln_dtype_BFLOAT16_layout_TILE.tensorbin of shape Shape([1, 1, 1, 2816])
2026-08-15 22:00:10.915 | DEBUG    | core:as_tensor:724 - Loaded cache for /tmp/gemma4_full_model_cache/multichip/layer_20/post_ff_ln_1_dtype_BFLOAT16_layout_TILE.tensorbin of shape Shape([1, 1, 1, 2816])
2026-08-15 22:00:10.915 | DEBUG    | core:as_tensor:724 - Loaded cache for /tmp/gemma4_full_model_cache/multichip/layer_20/post_ff_ln_2_dtype_BFLOAT16_layout_TILE.tensorbin of shape Shape([1, 1, 1, 2816])
2026-08-15 22:00:10.915 | DEBUG    | core:as_tensor:724 - Loaded cache for /tmp/gemma4_full_model_cache/multichip/layer_20/pre_ff_ln_2_dtype_BFLOAT16_layout_TILE.tensorbin of shape Shape([1, 1, 1, 2816])
2026-08-15 22:00:10.915 | DEBUG    | core:as_tensor:724 - Loaded cache for /tmp/gemma4_full_model_cache/multichip/layer_20/q_norm_dtype_BFLOAT16_layout_TILE.tensorbin of shape Shape([1, 1, 1, 256])
2026-08-15 22:00:10.916 | DEBUG    | core:as_tensor:724 - Loaded cache for /tmp/gemma4_full_model_cache/multichip/layer_20/k_norm_dtype_BFLOAT16_layout_TILE.tensorbin of shape Shape([1, 1, 1, 256])
2026-08-15 22:00:10.918 | DEBUG    | core:as_tensor:724 - Loaded cache for /tmp/gemma4_full_model_cache/multichip/layer_20/qkv_tp4_dtype_BFLOAT8_B_layout_TILE.tensorbin of shape Shape([1, 1, 2816, 2048])
2026-08-15 22:00:10.926 | DEBUG    | core:as_tensor:724 - Loaded cache for /tmp/gemma4_full_model_cache/multichip/layer_20/o_proj_tp4_dtype_BFLOAT8_B_layout_TILE.tensorbin of shape Shape([1, 1, 1024, 2816])
2026-08-15 22:00:10.927 | DEBUG    | core:as_tensor:724 - Loaded cache for /tmp/gemma4_full_model_cache/multichip/layer_20/mlp_gate_tp4_dtype_BFLOAT8_B_layout_TILE.tensorbin of shape Shape([1, 1, 2816, 544])
2026-08-15 22:00:10.928 | DEBUG    | core:as_tensor:724 - Loaded cache for /tmp/gemma4_full_model_cache/multichip/layer_20/mlp_up_tp4_dtype_BFLOAT8_B_layout_TILE.tensorbin of shape Shape([1, 1, 2816, 544])
2026-08-15 22:00:10.929 | DEBUG    | core:as_tensor:724 - Loaded cache for /tmp/gemma4_full_model_cache/multichip/layer_20/mlp_down_tp4_dtype_BFLOAT8_B_layout_TILE.tensorbin of shape Shape([1, 1, 544, 2816])
2026-08-15 22:00:10.929 | DEBUG    | core:as_tensor:724 - Loaded cache for /tmp/gemma4_full_model_cache/multichip/layer_20/router_scale_dtype_FLOAT32_layout_TILE.tensorbin of shape Shape([1, 1, 1, 2816])
2026-08-15 22:00:10.930 | DEBUG    | core:as_tensor:724 - Loaded cache for /tmp/gemma4_full_model_cache/multichip/layer_20/router_proj_dtype_FLOAT32_layout_TILE.tensorbin of shape Shape([1, 1, 2816, 128])
2026-08-15 22:00:10.930 | DEBUG    | core:as_tensor:724 - Loaded cache for /tmp/gemma4_full_model_cache/multichip/layer_20/router_per_expert_scale_dtype_FLOAT32_layout_TILE.tensorbin of shape Shape([1, 128])
2026-08-15 22:00:10.957 | DEBUG    | core:as_tensor:724 - Loaded cache for /tmp/gemma4_full_model_cache/multichip/layer_20/expert_gate_tp4_dtype_BFLOAT8_B_layout_TILE.tensorbin of shape Shape([1, 128, 2816, 192])
2026-08-15 22:00:10.985 | DEBUG    | core:as_tensor:724 - Loaded cache for /tmp/gemma4_full_model_cache/multichip/layer_20/expert_up_tp4_dtype_BFLOAT8_B_layout_TILE.tensorbin of shape Shape([1, 128, 2816, 192])
2026-08-15 22:00:11.013 | DEBUG    | core:as_tensor:724 - Loaded cache for /tmp/gemma4_full_model_cache/multichip/layer_20/expert_down_tp4_dtype_BFLOAT8_B_layout_TILE.tensorbin of shape Shape([1, 128, 192, 2816])
2026-08-15 22:00:11.014 | DEBUG    | core:as_tensor:724 - Loaded cache for /tmp/gemma4_full_model_cache/multichip/layer_20/expert_prefill_sparsity_dtype_BFLOAT16_layout_ROW_MAJOR.tensorbin of shape Shape([1, 1, 1, 128])
2026-08-15 22:00:11.019 | DEBUG    | core:as_tensor:724 - Loaded cache for /tmp/gemma4_full_model_cache/multichip/layer_20/packed_mlp_gate_up_decode_bfp4_tp4_dtype_BFLOAT4_B_layout_TILE.tensorbin of shape Shape([1, 1, 2816, 1088])
2026-08-15 22:00:11.485 | DEBUG    | core:as_tensor:724 - Loaded cache for /tmp/gemma4_full_model_cache/multichip/layer_21/layer_scalar_dtype_BFLOAT16_layout_TILE.tensorbin of shape Shape([1, 1, 1, 1])
2026-08-15 22:00:11.486 | DEBUG    | core:as_tensor:724 - Loaded cache for /tmp/gemma4_full_model_cache/multichip/layer_21/input_ln_dtype_BFLOAT16_layout_TILE.tensorbin of shape Shape([1, 1, 1, 2816])
2026-08-15 22:00:11.486 | DEBUG    | core:as_tensor:724 - Loaded cache for /tmp/gemma4_full_model_cache/multichip/layer_21/post_attn_ln_dtype_BFLOAT16_layout_TILE.tensorbin of shape Shape([1, 1, 1, 2816])
2026-08-15 22:00:11.486 | DEBUG    | core:as_tensor:724 - Loaded cache for /tmp/gemma4_full_model_cache/multichip/layer_21/pre_ff_ln_dtype_BFLOAT16_layout_TILE.tensorbin of shape Shape([1, 1, 1, 2816])
2026-08-15 22:00:11.486 | DEBUG    | core:as_tensor:724 - Loaded cache for /tmp/gemma4_full_model_cache/multichip/layer_21/post_ff_ln_dtype_BFLOAT16_layout_TILE.tensorbin of shape Shape([1, 1, 1, 2816])
2026-08-15 22:00:11.487 | DEBUG    | core:as_tensor:724 - Loaded cache for /tmp/gemma4_full_model_cache/multichip/layer_21/post_ff_ln_1_dtype_BFLOAT16_layout_TILE.tensorbin of shape Shape([1, 1, 1, 2816])
2026-08-15 22:00:11.487 | DEBUG    | core:as_tensor:724 - Loaded cache for /tmp/gemma4_full_model_cache/multichip/layer_21/post_ff_ln_2_dtype_BFLOAT16_layout_TILE.tensorbin of shape Shape([1, 1, 1, 2816])
2026-08-15 22:00:11.487 | DEBUG    | core:as_tensor:724 - Loaded cache for /tmp/gemma4_full_model_cache/multichip/layer_21/pre_ff_ln_2_dtype_BFLOAT16_layout_TILE.tensorbin of shape Shape([1, 1, 1, 2816])
2026-08-15 22:00:11.487 | DEBUG    | core:as_tensor:724 - Loaded cache for /tmp/gemma4_full_model_cache/multichip/layer_21/q_norm_dtype_BFLOAT16_layout_TILE.tensorbin of shape Shape([1, 1, 1, 256])
2026-08-15 22:00:11.487 | DEBUG    | core:as_tensor:724 - Loaded cache for /tmp/gemma4_full_model_cache/multichip/layer_21/k_norm_dtype_BFLOAT16_layout_TILE.tensorbin of shape Shape([1, 1, 1, 256])
2026-08-15 22:00:11.489 | DEBUG    | core:as_tensor:724 - Loaded cache for /tmp/gemma4_full_model_cache/multichip/layer_21/qkv_tp4_dtype_BFLOAT8_B_layout_TILE.tensorbin of shape Shape([1, 1, 2816, 2048])
2026-08-15 22:00:11.496 | DEBUG    | core:as_tensor:724 - Loaded cache for /tmp/gemma4_full_model_cache/multichip/layer_21/o_proj_tp4_dtype_BFLOAT8_B_layout_TILE.tensorbin of shape Shape([1, 1, 1024, 2816])
2026-08-15 22:00:11.497 | DEBUG    | core:as_tensor:724 - Loaded cache for /tmp/gemma4_full_model_cache/multichip/layer_21/mlp_gate_tp4_dtype_BFLOAT8_B_layout_TILE.tensorbin of shape Shape([1, 1, 2816, 544])
2026-08-15 22:00:11.497 | DEBUG    | core:as_tensor:724 - Loaded cache for /tmp/gemma4_full_model_cache/multichip/layer_21/mlp_up_tp4_dtype_BFLOAT8_B_layout_TILE.tensorbin of shape Shape([1, 1, 2816, 544])
2026-08-15 22:00:11.498 | DEBUG    | core:as_tensor:724 - Loaded cache for /tmp/gemma4_full_model_cache/multichip/layer_21/mlp_down_tp4_dtype_BFLOAT8_B_layout_TILE.tensorbin of shape Shape([1, 1, 544, 2816])
2026-08-15 22:00:11.498 | DEBUG    | core:as_tensor:724 - Loaded cache for /tmp/gemma4_full_model_cache/multichip/layer_21/router_scale_dtype_FLOAT32_layout_TILE.tensorbin of shape Shape([1, 1, 1, 2816])
2026-08-15 22:00:11.499 | DEBUG    | core:as_tensor:724 - Loaded cache for /tmp/gemma4_full_model_cache/multichip/layer_21/router_proj_dtype_FLOAT32_layout_TILE.tensorbin of shape Shape([1, 1, 2816, 128])
2026-08-15 22:00:11.499 | DEBUG    | core:as_tensor:724 - Loaded cache for /tmp/gemma4_full_model_cache/multichip/layer_21/router_per_expert_scale_dtype_FLOAT32_layout_TILE.tensorbin of shape Shape([1, 128])
2026-08-15 22:00:11.523 | DEBUG    | core:as_tensor:724 - Loaded cache for /tmp/gemma4_full_model_cache/multichip/layer_21/expert_gate_tp4_dtype_BFLOAT8_B_layout_TILE.tensorbin of shape Shape([1, 128, 2816, 192])
2026-08-15 22:00:11.547 | DEBUG    | core:as_tensor:724 - Loaded cache for /tmp/gemma4_full_model_cache/multichip/layer_21/expert_up_tp4_dtype_BFLOAT8_B_layout_TILE.tensorbin of shape Shape([1, 128, 2816, 192])
2026-08-15 22:00:11.570 | DEBUG    | core:as_tensor:724 - Loaded cache for /tmp/gemma4_full_model_cache/multichip/layer_21/expert_down_tp4_dtype_BFLOAT8_B_layout_TILE.tensorbin of shape Shape([1, 128, 192, 2816])
2026-08-15 22:00:11.571 | DEBUG    | core:as_tensor:724 - Loaded cache for /tmp/gemma4_full_model_cache/multichip/layer_21/expert_prefill_sparsity_dtype_BFLOAT16_layout_ROW_MAJOR.tensorbin of shape Shape([1, 1, 1, 128])
2026-08-15 22:00:11.575 | DEBUG    | core:as_tensor:724 - Loaded cache for /tmp/gemma4_full_model_cache/multichip/layer_21/packed_mlp_gate_up_decode_bfp4_tp4_dtype_BFLOAT4_B_layout_TILE.tensorbin of shape Shape([1, 1, 2816, 1088])
2026-08-15 22:00:12.019 | DEBUG    | core:as_tensor:724 - Loaded cache for /tmp/gemma4_full_model_cache/multichip/layer_22/layer_scalar_dtype_BFLOAT16_layout_TILE.tensorbin of shape Shape([1, 1, 1, 1])
2026-08-15 22:00:12.020 | DEBUG    | core:as_tensor:724 - Loaded cache for /tmp/gemma4_full_model_cache/multichip/layer_22/input_ln_dtype_BFLOAT16_layout_TILE.tensorbin of shape Shape([1, 1, 1, 2816])
2026-08-15 22:00:12.020 | DEBUG    | core:as_tensor:724 - Loaded cache for /tmp/gemma4_full_model_cache/multichip/layer_22/post_attn_ln_dtype_BFLOAT16_layout_TILE.tensorbin of shape Shape([1, 1, 1, 2816])
2026-08-15 22:00:12.021 | DEBUG    | core:as_tensor:724 - Loaded cache for /tmp/gemma4_full_model_cache/multichip/layer_22/pre_ff_ln_dtype_BFLOAT16_layout_TILE.tensorbin of shape Shape([1, 1, 1, 2816])
2026-08-15 22:00:12.021 | DEBUG    | core:as_tensor:724 - Loaded cache for /tmp/gemma4_full_model_cache/multichip/layer_22/post_ff_ln_dtype_BFLOAT16_layout_TILE.tensorbin of shape Shape([1, 1, 1, 2816])
2026-08-15 22:00:12.021 | DEBUG    | core:as_tensor:724 - Loaded cache for /tmp/gemma4_full_model_cache/multichip/layer_22/post_ff_ln_1_dtype_BFLOAT16_layout_TILE.tensorbin of shape Shape([1, 1, 1, 2816])
2026-08-15 22:00:12.022 | DEBUG    | core:as_tensor:724 - Loaded cache for /tmp/gemma4_full_model_cache/multichip/layer_22/post_ff_ln_2_dtype_BFLOAT16_layout_TILE.tensorbin of shape Shape([1, 1, 1, 2816])
2026-08-15 22:00:12.022 | DEBUG    | core:as_tensor:724 - Loaded cache for /tmp/gemma4_full_model_cache/multichip/layer_22/pre_ff_ln_2_dtype_BFLOAT16_layout_TILE.tensorbin of shape Shape([1, 1, 1, 2816])
2026-08-15 22:00:12.022 | DEBUG    | core:as_tensor:724 - Loaded cache for /tmp/gemma4_full_model_cache/multichip/layer_22/q_norm_dtype_BFLOAT16_layout_TILE.tensorbin of shape Shape([1, 1, 1, 256])
2026-08-15 22:00:12.023 | DEBUG    | core:as_tensor:724 - Loaded cache for /tmp/gemma4_full_model_cache/multichip/layer_22/k_norm_dtype_BFLOAT16_layout_TILE.tensorbin of shape Shape([1, 1, 1, 256])
2026-08-15 22:00:12.025 | DEBUG    | core:as_tensor:724 - Loaded cache for /tmp/gemma4_full_model_cache/multichip/layer_22/qkv_tp4_dtype_BFLOAT8_B_layout_TILE.tensorbin of shape Shape([1, 1, 2816, 2048])
2026-08-15 22:00:12.033 | DEBUG    | core:as_tensor:724 - Loaded cache for /tmp/gemma4_full_model_cache/multichip/layer_22/o_proj_tp4_dtype_BFLOAT8_B_layout_TILE.tensorbin of shape Shape([1, 1, 1024, 2816])
2026-08-15 22:00:12.034 | DEBUG    | core:as_tensor:724 - Loaded cache for /tmp/gemma4_full_model_cache/multichip/layer_22/mlp_gate_tp4_dtype_BFLOAT8_B_layout_TILE.tensorbin of shape Shape([1, 1, 2816, 544])
2026-08-15 22:00:12.035 | DEBUG    | core:as_tensor:724 - Loaded cache for /tmp/gemma4_full_model_cache/multichip/layer_22/mlp_up_tp4_dtype_BFLOAT8_B_layout_TILE.tensorbin of shape Shape([1, 1, 2816, 544])
2026-08-15 22:00:12.036 | DEBUG    | core:as_tensor:724 - Loaded cache for /tmp/gemma4_full_model_cache/multichip/layer_22/mlp_down_tp4_dtype_BFLOAT8_B_layout_TILE.tensorbin of shape Shape([1, 1, 544, 2816])
2026-08-15 22:00:12.036 | DEBUG    | core:as_tensor:724 - Loaded cache for /tmp/gemma4_full_model_cache/multichip/layer_22/router_scale_dtype_FLOAT32_layout_TILE.tensorbin of shape Shape([1, 1, 1, 2816])
2026-08-15 22:00:12.037 | DEBUG    | core:as_tensor:724 - Loaded cache for /tmp/gemma4_full_model_cache/multichip/layer_22/router_proj_dtype_FLOAT32_layout_TILE.tensorbin of shape Shape([1, 1, 2816, 128])
2026-08-15 22:00:12.037 | DEBUG    | core:as_tensor:724 - Loaded cache for /tmp/gemma4_full_model_cache/multichip/layer_22/router_per_expert_scale_dtype_FLOAT32_layout_TILE.tensorbin of shape Shape([1, 128])
2026-08-15 22:00:12.063 | DEBUG    | core:as_tensor:724 - Loaded cache for /tmp/gemma4_full_model_cache/multichip/layer_22/expert_gate_tp4_dtype_BFLOAT8_B_layout_TILE.tensorbin of shape Shape([1, 128, 2816, 192])
2026-08-15 22:00:12.090 | DEBUG    | core:as_tensor:724 - Loaded cache for /tmp/gemma4_full_model_cache/multichip/layer_22/expert_up_tp4_dtype_BFLOAT8_B_layout_TILE.tensorbin of shape Shape([1, 128, 2816, 192])
2026-08-15 22:00:12.118 | DEBUG    | core:as_tensor:724 - Loaded cache for /tmp/gemma4_full_model_cache/multichip/layer_22/expert_down_tp4_dtype_BFLOAT8_B_layout_TILE.tensorbin of shape Shape([1, 128, 192, 2816])
2026-08-15 22:00:12.119 | DEBUG    | core:as_tensor:724 - Loaded cache for /tmp/gemma4_full_model_cache/multichip/layer_22/expert_prefill_sparsity_dtype_BFLOAT16_layout_ROW_MAJOR.tensorbin of shape Shape([1, 1, 1, 128])
2026-08-15 22:00:12.125 | DEBUG    | core:as_tensor:724 - Loaded cache for /tmp/gemma4_full_model_cache/multichip/layer_22/packed_mlp_gate_up_decode_bfp4_tp4_dtype_BFLOAT4_B_layout_TILE.tensorbin of shape Shape([1, 1, 2816, 1088])
2026-08-15 22:00:12.586 | DEBUG    | core:as_tensor:724 - Loaded cache for /tmp/gemma4_full_model_cache/multichip/layer_23/layer_scalar_dtype_BFLOAT16_layout_TILE.tensorbin of shape Shape([1, 1, 1, 1])
2026-08-15 22:00:12.587 | DEBUG    | core:as_tensor:724 - Loaded cache for /tmp/gemma4_full_model_cache/multichip/layer_23/input_ln_dtype_BFLOAT16_layout_TILE.tensorbin of shape Shape([1, 1, 1, 2816])
2026-08-15 22:00:12.587 | DEBUG    | core:as_tensor:724 - Loaded cache for /tmp/gemma4_full_model_cache/multichip/layer_23/post_attn_ln_dtype_BFLOAT16_layout_TILE.tensorbin of shape Shape([1, 1, 1, 2816])
2026-08-15 22:00:12.588 | DEBUG    | core:as_tensor:724 - Loaded cache for /tmp/gemma4_full_model_cache/multichip/layer_23/pre_ff_ln_dtype_BFLOAT16_layout_TILE.tensorbin of shape Shape([1, 1, 1, 2816])
2026-08-15 22:00:12.588 | DEBUG    | core:as_tensor:724 - Loaded cache for /tmp/gemma4_full_model_cache/multichip/layer_23/post_ff_ln_dtype_BFLOAT16_layout_TILE.tensorbin of shape Shape([1, 1, 1, 2816])
2026-08-15 22:00:12.588 | DEBUG    | core:as_tensor:724 - Loaded cache for /tmp/gemma4_full_model_cache/multichip/layer_23/post_ff_ln_1_dtype_BFLOAT16_layout_TILE.tensorbin of shape Shape([1, 1, 1, 2816])
2026-08-15 22:00:12.588 | DEBUG    | core:as_tensor:724 - Loaded cache for /tmp/gemma4_full_model_cache/multichip/layer_23/post_ff_ln_2_dtype_BFLOAT16_layout_TILE.tensorbin of shape Shape([1, 1, 1, 2816])
2026-08-15 22:00:12.588 | DEBUG    | core:as_tensor:724 - Loaded cache for /tmp/gemma4_full_model_cache/multichip/layer_23/pre_ff_ln_2_dtype_BFLOAT16_layout_TILE.tensorbin of shape Shape([1, 1, 1, 2816])
2026-08-15 22:00:12.588 | DEBUG    | core:as_tensor:724 - Loaded cache for /tmp/gemma4_full_model_cache/multichip/layer_23/q_norm_dtype_BFLOAT16_layout_TILE.tensorbin of shape Shape([1, 1, 1, 512])
2026-08-15 22:00:12.589 | DEBUG    | core:as_tensor:724 - Loaded cache for /tmp/gemma4_full_model_cache/multichip/layer_23/k_norm_dtype_BFLOAT16_layout_TILE.tensorbin of shape Shape([1, 1, 1, 512])
2026-08-15 22:00:12.595 | DEBUG    | core:as_tensor:724 - Loaded cache for /tmp/gemma4_full_model_cache/multichip/layer_23/qkv_tp4_dtype_BFLOAT8_B_layout_TILE.tensorbin of shape Shape([1, 1, 2816, 3072])
2026-08-15 22:00:12.614 | DEBUG    | core:as_tensor:724 - Loaded cache for /tmp/gemma4_full_model_cache/multichip/layer_23/o_proj_tp4_dtype_BFLOAT8_B_layout_TILE.tensorbin of shape Shape([1, 1, 2048, 2816])
2026-08-15 22:00:12.617 | DEBUG    | core:as_tensor:724 - Loaded cache for /tmp/gemma4_full_model_cache/multichip/layer_23/mlp_gate_tp4_dtype_BFLOAT8_B_layout_TILE.tensorbin of shape Shape([1, 1, 2816, 544])
2026-08-15 22:00:12.617 | DEBUG    | core:as_tensor:724 - Loaded cache for /tmp/gemma4_full_model_cache/multichip/layer_23/mlp_up_tp4_dtype_BFLOAT8_B_layout_TILE.tensorbin of shape Shape([1, 1, 2816, 544])
2026-08-15 22:00:12.618 | DEBUG    | core:as_tensor:724 - Loaded cache for /tmp/gemma4_full_model_cache/multichip/layer_23/mlp_down_tp4_dtype_BFLOAT8_B_layout_TILE.tensorbin of shape Shape([1, 1, 544, 2816])
2026-08-15 22:00:12.618 | DEBUG    | core:as_tensor:724 - Loaded cache for /tmp/gemma4_full_model_cache/multichip/layer_23/router_scale_dtype_FLOAT32_layout_TILE.tensorbin of shape Shape([1, 1, 1, 2816])
2026-08-15 22:00:12.619 | DEBUG    | core:as_tensor:724 - Loaded cache for /tmp/gemma4_full_model_cache/multichip/layer_23/router_proj_dtype_FLOAT32_layout_TILE.tensorbin of shape Shape([1, 1, 2816, 128])
2026-08-15 22:00:12.619 | DEBUG    | core:as_tensor:724 - Loaded cache for /tmp/gemma4_full_model_cache/multichip/layer_23/router_per_expert_scale_dtype_FLOAT32_layout_TILE.tensorbin of shape Shape([1, 128])
2026-08-15 22:00:12.646 | DEBUG    | core:as_tensor:724 - Loaded cache for /tmp/gemma4_full_model_cache/multichip/layer_23/expert_gate_tp4_dtype_BFLOAT8_B_layout_TILE.tensorbin of shape Shape([1, 128, 2816, 192])
2026-08-15 22:00:12.674 | DEBUG    | core:as_tensor:724 - Loaded cache for /tmp/gemma4_full_model_cache/multichip/layer_23/expert_up_tp4_dtype_BFLOAT8_B_layout_TILE.tensorbin of shape Shape([1, 128, 2816, 192])
2026-08-15 22:00:12.698 | DEBUG    | core:as_tensor:724 - Loaded cache for /tmp/gemma4_full_model_cache/multichip/layer_23/expert_down_tp4_dtype_BFLOAT8_B_layout_TILE.tensorbin of shape Shape([1, 128, 192, 2816])
2026-08-15 22:00:12.698 | DEBUG    | core:as_tensor:724 - Loaded cache for /tmp/gemma4_full_model_cache/multichip/layer_23/expert_prefill_sparsity_dtype_BFLOAT16_layout_ROW_MAJOR.tensorbin of shape Shape([1, 1, 1, 128])
2026-08-15 22:00:12.703 | DEBUG    | core:as_tensor:724 - Loaded cache for /tmp/gemma4_full_model_cache/multichip/layer_23/packed_mlp_gate_up_decode_bfp4_tp4_dtype_BFLOAT4_B_layout_TILE.tensorbin of shape Shape([1, 1, 2816, 1088])
2026-08-15 22:00:13.153 | DEBUG    | core:as_tensor:724 - Loaded cache for /tmp/gemma4_full_model_cache/multichip/layer_24/layer_scalar_dtype_BFLOAT16_layout_TILE.tensorbin of shape Shape([1, 1, 1, 1])
2026-08-15 22:00:13.154 | DEBUG    | core:as_tensor:724 - Loaded cache for /tmp/gemma4_full_model_cache/multichip/layer_24/input_ln_dtype_BFLOAT16_layout_TILE.tensorbin of shape Shape([1, 1, 1, 2816])
2026-08-15 22:00:13.154 | DEBUG    | core:as_tensor:724 - Loaded cache for /tmp/gemma4_full_model_cache/multichip/layer_24/post_attn_ln_dtype_BFLOAT16_layout_TILE.tensorbin of shape Shape([1, 1, 1, 2816])
2026-08-15 22:00:13.154 | DEBUG    | core:as_tensor:724 - Loaded cache for /tmp/gemma4_full_model_cache/multichip/layer_24/pre_ff_ln_dtype_BFLOAT16_layout_TILE.tensorbin of shape Shape([1, 1, 1, 2816])
2026-08-15 22:00:13.155 | DEBUG    | core:as_tensor:724 - Loaded cache for /tmp/gemma4_full_model_cache/multichip/layer_24/post_ff_ln_dtype_BFLOAT16_layout_TILE.tensorbin of shape Shape([1, 1, 1, 2816])
2026-08-15 22:00:13.155 | DEBUG    | core:as_tensor:724 - Loaded cache for /tmp/gemma4_full_model_cache/multichip/layer_24/post_ff_ln_1_dtype_BFLOAT16_layout_TILE.tensorbin of shape Shape([1, 1, 1, 2816])
2026-08-15 22:00:13.155 | DEBUG    | core:as_tensor:724 - Loaded cache for /tmp/gemma4_full_model_cache/multichip/layer_24/post_ff_ln_2_dtype_BFLOAT16_layout_TILE.tensorbin of shape Shape([1, 1, 1, 2816])
2026-08-15 22:00:13.155 | DEBUG    | core:as_tensor:724 - Loaded cache for /tmp/gemma4_full_model_cache/multichip/layer_24/pre_ff_ln_2_dtype_BFLOAT16_layout_TILE.tensorbin of shape Shape([1, 1, 1, 2816])
2026-08-15 22:00:13.156 | DEBUG    | core:as_tensor:724 - Loaded cache for /tmp/gemma4_full_model_cache/multichip/layer_24/q_norm_dtype_BFLOAT16_layout_TILE.tensorbin of shape Shape([1, 1, 1, 256])
2026-08-15 22:00:13.156 | DEBUG    | core:as_tensor:724 - Loaded cache for /tmp/gemma4_full_model_cache/multichip/layer_24/k_norm_dtype_BFLOAT16_layout_TILE.tensorbin of shape Shape([1, 1, 1, 256])
2026-08-15 22:00:13.163 | DEBUG    | core:as_tensor:724 - Loaded cache for /tmp/gemma4_full_model_cache/multichip/layer_24/qkv_tp4_dtype_BFLOAT8_B_layout_TILE.tensorbin of shape Shape([1, 1, 2816, 2048])
2026-08-15 22:00:13.172 | DEBUG    | core:as_tensor:724 - Loaded cache for /tmp/gemma4_full_model_cache/multichip/layer_24/o_proj_tp4_dtype_BFLOAT8_B_layout_TILE.tensorbin of shape Shape([1, 1, 1024, 2816])
2026-08-15 22:00:13.173 | DEBUG    | core:as_tensor:724 - Loaded cache for /tmp/gemma4_full_model_cache/multichip/layer_24/mlp_gate_tp4_dtype_BFLOAT8_B_layout_TILE.tensorbin of shape Shape([1, 1, 2816, 544])
2026-08-15 22:00:13.174 | DEBUG    | core:as_tensor:724 - Loaded cache for /tmp/gemma4_full_model_cache/multichip/layer_24/mlp_up_tp4_dtype_BFLOAT8_B_layout_TILE.tensorbin of shape Shape([1, 1, 2816, 544])
2026-08-15 22:00:13.174 | DEBUG    | core:as_tensor:724 - Loaded cache for /tmp/gemma4_full_model_cache/multichip/layer_24/mlp_down_tp4_dtype_BFLOAT8_B_layout_TILE.tensorbin of shape Shape([1, 1, 544, 2816])
2026-08-15 22:00:13.175 | DEBUG    | core:as_tensor:724 - Loaded cache for /tmp/gemma4_full_model_cache/multichip/layer_24/router_scale_dtype_FLOAT32_layout_TILE.tensorbin of shape Shape([1, 1, 1, 2816])
2026-08-15 22:00:13.176 | DEBUG    | core:as_tensor:724 - Loaded cache for /tmp/gemma4_full_model_cache/multichip/layer_24/router_proj_dtype_FLOAT32_layout_TILE.tensorbin of shape Shape([1, 1, 2816, 128])
2026-08-15 22:00:13.176 | DEBUG    | core:as_tensor:724 - Loaded cache for /tmp/gemma4_full_model_cache/multichip/layer_24/router_per_expert_scale_dtype_FLOAT32_layout_TILE.tensorbin of shape Shape([1, 128])
2026-08-15 22:00:13.204 | DEBUG    | core:as_tensor:724 - Loaded cache for /tmp/gemma4_full_model_cache/multichip/layer_24/expert_gate_tp4_dtype_BFLOAT8_B_layout_TILE.tensorbin of shape Shape([1, 128, 2816, 192])
2026-08-15 22:00:13.239 | DEBUG    | core:as_tensor:724 - Loaded cache for /tmp/gemma4_full_model_cache/multichip/layer_24/expert_up_tp4_dtype_BFLOAT8_B_layout_TILE.tensorbin of shape Shape([1, 128, 2816, 192])
2026-08-15 22:00:13.275 | DEBUG    | core:as_tensor:724 - Loaded cache for /tmp/gemma4_full_model_cache/multichip/layer_24/expert_down_tp4_dtype_BFLOAT8_B_layout_TILE.tensorbin of shape Shape([1, 128, 192, 2816])
2026-08-15 22:00:13.276 | DEBUG    | core:as_tensor:724 - Loaded cache for /tmp/gemma4_full_model_cache/multichip/layer_24/expert_prefill_sparsity_dtype_BFLOAT16_layout_ROW_MAJOR.tensorbin of shape Shape([1, 1, 1, 128])
2026-08-15 22:00:13.281 | DEBUG    | core:as_tensor:724 - Loaded cache for /tmp/gemma4_full_model_cache/multichip/layer_24/packed_mlp_gate_up_decode_bfp4_tp4_dtype_BFLOAT4_B_layout_TILE.tensorbin of shape Shape([1, 1, 2816, 1088])
2026-08-15 22:00:13.740 | DEBUG    | core:as_tensor:724 - Loaded cache for /tmp/gemma4_full_model_cache/multichip/layer_25/layer_scalar_dtype_BFLOAT16_layout_TILE.tensorbin of shape Shape([1, 1, 1, 1])
2026-08-15 22:00:13.741 | DEBUG    | core:as_tensor:724 - Loaded cache for /tmp/gemma4_full_model_cache/multichip/layer_25/input_ln_dtype_BFLOAT16_layout_TILE.tensorbin of shape Shape([1, 1, 1, 2816])
2026-08-15 22:00:13.741 | DEBUG    | core:as_tensor:724 - Loaded cache for /tmp/gemma4_full_model_cache/multichip/layer_25/post_attn_ln_dtype_BFLOAT16_layout_TILE.tensorbin of shape Shape([1, 1, 1, 2816])
2026-08-15 22:00:13.741 | DEBUG    | core:as_tensor:724 - Loaded cache for /tmp/gemma4_full_model_cache/multichip/layer_25/pre_ff_ln_dtype_BFLOAT16_layout_TILE.tensorbin of shape Shape([1, 1, 1, 2816])
2026-08-15 22:00:13.741 | DEBUG    | core:as_tensor:724 - Loaded cache for /tmp/gemma4_full_model_cache/multichip/layer_25/post_ff_ln_dtype_BFLOAT16_layout_TILE.tensorbin of shape Shape([1, 1, 1, 2816])
2026-08-15 22:00:13.741 | DEBUG    | core:as_tensor:724 - Loaded cache for /tmp/gemma4_full_model_cache/multichip/layer_25/post_ff_ln_1_dtype_BFLOAT16_layout_TILE.tensorbin of shape Shape([1, 1, 1, 2816])
2026-08-15 22:00:13.742 | DEBUG    | core:as_tensor:724 - Loaded cache for /tmp/gemma4_full_model_cache/multichip/layer_25/post_ff_ln_2_dtype_BFLOAT16_layout_TILE.tensorbin of shape Shape([1, 1, 1, 2816])
2026-08-15 22:00:13.742 | DEBUG    | core:as_tensor:724 - Loaded cache for /tmp/gemma4_full_model_cache/multichip/layer_25/pre_ff_ln_2_dtype_BFLOAT16_layout_TILE.tensorbin of shape Shape([1, 1, 1, 2816])
2026-08-15 22:00:13.742 | DEBUG    | core:as_tensor:724 - Loaded cache for /tmp/gemma4_full_model_cache/multichip/layer_25/q_norm_dtype_BFLOAT16_layout_TILE.tensorbin of shape Shape([1, 1, 1, 256])
2026-08-15 22:00:13.744 | DEBUG    | core:as_tensor:724 - Loaded cache for /tmp/gemma4_full_model_cache/multichip/layer_25/k_norm_dtype_BFLOAT16_layout_TILE.tensorbin of shape Shape([1, 1, 1, 256])
2026-08-15 22:00:13.746 | DEBUG    | core:as_tensor:724 - Loaded cache for /tmp/gemma4_full_model_cache/multichip/layer_25/qkv_tp4_dtype_BFLOAT8_B_layout_TILE.tensorbin of shape Shape([1, 1, 2816, 2048])
2026-08-15 22:00:13.754 | DEBUG    | core:as_tensor:724 - Loaded cache for /tmp/gemma4_full_model_cache/multichip/layer_25/o_proj_tp4_dtype_BFLOAT8_B_layout_TILE.tensorbin of shape Shape([1, 1, 1024, 2816])
2026-08-15 22:00:13.755 | DEBUG    | core:as_tensor:724 - Loaded cache for /tmp/gemma4_full_model_cache/multichip/layer_25/mlp_gate_tp4_dtype_BFLOAT8_B_layout_TILE.tensorbin of shape Shape([1, 1, 2816, 544])
2026-08-15 22:00:13.756 | DEBUG    | core:as_tensor:724 - Loaded cache for /tmp/gemma4_full_model_cache/multichip/layer_25/mlp_up_tp4_dtype_BFLOAT8_B_layout_TILE.tensorbin of shape Shape([1, 1, 2816, 544])
2026-08-15 22:00:13.757 | DEBUG    | core:as_tensor:724 - Loaded cache for /tmp/gemma4_full_model_cache/multichip/layer_25/mlp_down_tp4_dtype_BFLOAT8_B_layout_TILE.tensorbin of shape Shape([1, 1, 544, 2816])
2026-08-15 22:00:13.757 | DEBUG    | core:as_tensor:724 - Loaded cache for /tmp/gemma4_full_model_cache/multichip/layer_25/router_scale_dtype_FLOAT32_layout_TILE.tensorbin of shape Shape([1, 1, 1, 2816])
2026-08-15 22:00:13.758 | DEBUG    | core:as_tensor:724 - Loaded cache for /tmp/gemma4_full_model_cache/multichip/layer_25/router_proj_dtype_FLOAT32_layout_TILE.tensorbin of shape Shape([1, 1, 2816, 128])
2026-08-15 22:00:13.758 | DEBUG    | core:as_tensor:724 - Loaded cache for /tmp/gemma4_full_model_cache/multichip/layer_25/router_per_expert_scale_dtype_FLOAT32_layout_TILE.tensorbin of shape Shape([1, 128])
2026-08-15 22:00:13.786 | DEBUG    | core:as_tensor:724 - Loaded cache for /tmp/gemma4_full_model_cache/multichip/layer_25/expert_gate_tp4_dtype_BFLOAT8_B_layout_TILE.tensorbin of shape Shape([1, 128, 2816, 192])
2026-08-15 22:00:13.814 | DEBUG    | core:as_tensor:724 - Loaded cache for /tmp/gemma4_full_model_cache/multichip/layer_25/expert_up_tp4_dtype_BFLOAT8_B_layout_TILE.tensorbin of shape Shape([1, 128, 2816, 192])
2026-08-15 22:00:13.841 | DEBUG    | core:as_tensor:724 - Loaded cache for /tmp/gemma4_full_model_cache/multichip/layer_25/expert_down_tp4_dtype_BFLOAT8_B_layout_TILE.tensorbin of shape Shape([1, 128, 192, 2816])
2026-08-15 22:00:13.842 | DEBUG    | core:as_tensor:724 - Loaded cache for /tmp/gemma4_full_model_cache/multichip/layer_25/expert_prefill_sparsity_dtype_BFLOAT16_layout_ROW_MAJOR.tensorbin of shape Shape([1, 1, 1, 128])
2026-08-15 22:00:13.847 | DEBUG    | core:as_tensor:724 - Loaded cache for /tmp/gemma4_full_model_cache/multichip/layer_25/packed_mlp_gate_up_decode_bfp4_tp4_dtype_BFLOAT4_B_layout_TILE.tensorbin of shape Shape([1, 1, 2816, 1088])
2026-08-15 22:00:14.284 | DEBUG    | core:as_tensor:724 - Loaded cache for /tmp/gemma4_full_model_cache/multichip/layer_26/layer_scalar_dtype_BFLOAT16_layout_TILE.tensorbin of shape Shape([1, 1, 1, 1])
2026-08-15 22:00:14.285 | DEBUG    | core:as_tensor:724 - Loaded cache for /tmp/gemma4_full_model_cache/multichip/layer_26/input_ln_dtype_BFLOAT16_layout_TILE.tensorbin of shape Shape([1, 1, 1, 2816])
2026-08-15 22:00:14.285 | DEBUG    | core:as_tensor:724 - Loaded cache for /tmp/gemma4_full_model_cache/multichip/layer_26/post_attn_ln_dtype_BFLOAT16_layout_TILE.tensorbin of shape Shape([1, 1, 1, 2816])
2026-08-15 22:00:14.285 | DEBUG    | core:as_tensor:724 - Loaded cache for /tmp/gemma4_full_model_cache/multichip/layer_26/pre_ff_ln_dtype_BFLOAT16_layout_TILE.tensorbin of shape Shape([1, 1, 1, 2816])
2026-08-15 22:00:14.285 | DEBUG    | core:as_tensor:724 - Loaded cache for /tmp/gemma4_full_model_cache/multichip/layer_26/post_ff_ln_dtype_BFLOAT16_layout_TILE.tensorbin of shape Shape([1, 1, 1, 2816])
2026-08-15 22:00:14.285 | DEBUG    | core:as_tensor:724 - Loaded cache for /tmp/gemma4_full_model_cache/multichip/layer_26/post_ff_ln_1_dtype_BFLOAT16_layout_TILE.tensorbin of shape Shape([1, 1, 1, 2816])
2026-08-15 22:00:14.285 | DEBUG    | core:as_tensor:724 - Loaded cache for /tmp/gemma4_full_model_cache/multichip/layer_26/post_ff_ln_2_dtype_BFLOAT16_layout_TILE.tensorbin of shape Shape([1, 1, 1, 2816])
2026-08-15 22:00:14.286 | DEBUG    | core:as_tensor:724 - Loaded cache for /tmp/gemma4_full_model_cache/multichip/layer_26/pre_ff_ln_2_dtype_BFLOAT16_layout_TILE.tensorbin of shape Shape([1, 1, 1, 2816])
2026-08-15 22:00:14.286 | DEBUG    | core:as_tensor:724 - Loaded cache for /tmp/gemma4_full_model_cache/multichip/layer_26/q_norm_dtype_BFLOAT16_layout_TILE.tensorbin of shape Shape([1, 1, 1, 256])
2026-08-15 22:00:14.286 | DEBUG    | core:as_tensor:724 - Loaded cache for /tmp/gemma4_full_model_cache/multichip/layer_26/k_norm_dtype_BFLOAT16_layout_TILE.tensorbin of shape Shape([1, 1, 1, 256])
2026-08-15 22:00:14.288 | DEBUG    | core:as_tensor:724 - Loaded cache for /tmp/gemma4_full_model_cache/multichip/layer_26/qkv_tp4_dtype_BFLOAT8_B_layout_TILE.tensorbin of shape Shape([1, 1, 2816, 2048])
2026-08-15 22:00:14.295 | DEBUG    | core:as_tensor:724 - Loaded cache for /tmp/gemma4_full_model_cache/multichip/layer_26/o_proj_tp4_dtype_BFLOAT8_B_layout_TILE.tensorbin of shape Shape([1, 1, 1024, 2816])
2026-08-15 22:00:14.296 | DEBUG    | core:as_tensor:724 - Loaded cache for /tmp/gemma4_full_model_cache/multichip/layer_26/mlp_gate_tp4_dtype_BFLOAT8_B_layout_TILE.tensorbin of shape Shape([1, 1, 2816, 544])
2026-08-15 22:00:14.297 | DEBUG    | core:as_tensor:724 - Loaded cache for /tmp/gemma4_full_model_cache/multichip/layer_26/mlp_up_tp4_dtype_BFLOAT8_B_layout_TILE.tensorbin of shape Shape([1, 1, 2816, 544])
2026-08-15 22:00:14.298 | DEBUG    | core:as_tensor:724 - Loaded cache for /tmp/gemma4_full_model_cache/multichip/layer_26/mlp_down_tp4_dtype_BFLOAT8_B_layout_TILE.tensorbin of shape Shape([1, 1, 544, 2816])
2026-08-15 22:00:14.298 | DEBUG    | core:as_tensor:724 - Loaded cache for /tmp/gemma4_full_model_cache/multichip/layer_26/router_scale_dtype_FLOAT32_layout_TILE.tensorbin of shape Shape([1, 1, 1, 2816])
2026-08-15 22:00:14.299 | DEBUG    | core:as_tensor:724 - Loaded cache for /tmp/gemma4_full_model_cache/multichip/layer_26/router_proj_dtype_FLOAT32_layout_TILE.tensorbin of shape Shape([1, 1, 2816, 128])
2026-08-15 22:00:14.299 | DEBUG    | core:as_tensor:724 - Loaded cache for /tmp/gemma4_full_model_cache/multichip/layer_26/router_per_expert_scale_dtype_FLOAT32_layout_TILE.tensorbin of shape Shape([1, 128])
2026-08-15 22:00:14.329 | DEBUG    | core:as_tensor:724 - Loaded cache for /tmp/gemma4_full_model_cache/multichip/layer_26/expert_gate_tp4_dtype_BFLOAT8_B_layout_TILE.tensorbin of shape Shape([1, 128, 2816, 192])
2026-08-15 22:00:14.358 | DEBUG    | core:as_tensor:724 - Loaded cache for /tmp/gemma4_full_model_cache/multichip/layer_26/expert_up_tp4_dtype_BFLOAT8_B_layout_TILE.tensorbin of shape Shape([1, 128, 2816, 192])
2026-08-15 22:00:14.388 | DEBUG    | core:as_tensor:724 - Loaded cache for /tmp/gemma4_full_model_cache/multichip/layer_26/expert_down_tp4_dtype_BFLOAT8_B_layout_TILE.tensorbin of shape Shape([1, 128, 192, 2816])
2026-08-15 22:00:14.389 | DEBUG    | core:as_tensor:724 - Loaded cache for /tmp/gemma4_full_model_cache/multichip/layer_26/expert_prefill_sparsity_dtype_BFLOAT16_layout_ROW_MAJOR.tensorbin of shape Shape([1, 1, 1, 128])
2026-08-15 22:00:14.393 | DEBUG    | core:as_tensor:724 - Loaded cache for /tmp/gemma4_full_model_cache/multichip/layer_26/packed_mlp_gate_up_decode_bfp4_tp4_dtype_BFLOAT4_B_layout_TILE.tensorbin of shape Shape([1, 1, 2816, 1088])
2026-08-15 22:00:14.838 | DEBUG    | core:as_tensor:724 - Loaded cache for /tmp/gemma4_full_model_cache/multichip/layer_27/layer_scalar_dtype_BFLOAT16_layout_TILE.tensorbin of shape Shape([1, 1, 1, 1])
2026-08-15 22:00:14.839 | DEBUG    | core:as_tensor:724 - Loaded cache for /tmp/gemma4_full_model_cache/multichip/layer_27/input_ln_dtype_BFLOAT16_layout_TILE.tensorbin of shape Shape([1, 1, 1, 2816])
2026-08-15 22:00:14.839 | DEBUG    | core:as_tensor:724 - Loaded cache for /tmp/gemma4_full_model_cache/multichip/layer_27/post_attn_ln_dtype_BFLOAT16_layout_TILE.tensorbin of shape Shape([1, 1, 1, 2816])
2026-08-15 22:00:14.839 | DEBUG    | core:as_tensor:724 - Loaded cache for /tmp/gemma4_full_model_cache/multichip/layer_27/pre_ff_ln_dtype_BFLOAT16_layout_TILE.tensorbin of shape Shape([1, 1, 1, 2816])
2026-08-15 22:00:14.839 | DEBUG    | core:as_tensor:724 - Loaded cache for /tmp/gemma4_full_model_cache/multichip/layer_27/post_ff_ln_dtype_BFLOAT16_layout_TILE.tensorbin of shape Shape([1, 1, 1, 2816])
2026-08-15 22:00:14.839 | DEBUG    | core:as_tensor:724 - Loaded cache for /tmp/gemma4_full_model_cache/multichip/layer_27/post_ff_ln_1_dtype_BFLOAT16_layout_TILE.tensorbin of shape Shape([1, 1, 1, 2816])
2026-08-15 22:00:14.840 | DEBUG    | core:as_tensor:724 - Loaded cache for /tmp/gemma4_full_model_cache/multichip/layer_27/post_ff_ln_2_dtype_BFLOAT16_layout_TILE.tensorbin of shape Shape([1, 1, 1, 2816])
2026-08-15 22:00:14.840 | DEBUG    | core:as_tensor:724 - Loaded cache for /tmp/gemma4_full_model_cache/multichip/layer_27/pre_ff_ln_2_dtype_BFLOAT16_layout_TILE.tensorbin of shape Shape([1, 1, 1, 2816])
2026-08-15 22:00:14.840 | DEBUG    | core:as_tensor:724 - Loaded cache for /tmp/gemma4_full_model_cache/multichip/layer_27/q_norm_dtype_BFLOAT16_layout_TILE.tensorbin of shape Shape([1, 1, 1, 256])
2026-08-15 22:00:14.840 | DEBUG    | core:as_tensor:724 - Loaded cache for /tmp/gemma4_full_model_cache/multichip/layer_27/k_norm_dtype_BFLOAT16_layout_TILE.tensorbin of shape Shape([1, 1, 1, 256])
2026-08-15 22:00:14.842 | DEBUG    | core:as_tensor:724 - Loaded cache for /tmp/gemma4_full_model_cache/multichip/layer_27/qkv_tp4_dtype_BFLOAT8_B_layout_TILE.tensorbin of shape Shape([1, 1, 2816, 2048])
2026-08-15 22:00:14.850 | DEBUG    | core:as_tensor:724 - Loaded cache for /tmp/gemma4_full_model_cache/multichip/layer_27/o_proj_tp4_dtype_BFLOAT8_B_layout_TILE.tensorbin of shape Shape([1, 1, 1024, 2816])
2026-08-15 22:00:14.851 | DEBUG    | core:as_tensor:724 - Loaded cache for /tmp/gemma4_full_model_cache/multichip/layer_27/mlp_gate_tp4_dtype_BFLOAT8_B_layout_TILE.tensorbin of shape Shape([1, 1, 2816, 544])
2026-08-15 22:00:14.851 | DEBUG    | core:as_tensor:724 - Loaded cache for /tmp/gemma4_full_model_cache/multichip/layer_27/mlp_up_tp4_dtype_BFLOAT8_B_layout_TILE.tensorbin of shape Shape([1, 1, 2816, 544])
2026-08-15 22:00:14.852 | DEBUG    | core:as_tensor:724 - Loaded cache for /tmp/gemma4_full_model_cache/multichip/layer_27/mlp_down_tp4_dtype_BFLOAT8_B_layout_TILE.tensorbin of shape Shape([1, 1, 544, 2816])
2026-08-15 22:00:14.852 | DEBUG    | core:as_tensor:724 - Loaded cache for /tmp/gemma4_full_model_cache/multichip/layer_27/router_scale_dtype_FLOAT32_layout_TILE.tensorbin of shape Shape([1, 1, 1, 2816])
2026-08-15 22:00:14.853 | DEBUG    | core:as_tensor:724 - Loaded cache for /tmp/gemma4_full_model_cache/multichip/layer_27/router_proj_dtype_FLOAT32_layout_TILE.tensorbin of shape Shape([1, 1, 2816, 128])
2026-08-15 22:00:14.853 | DEBUG    | core:as_tensor:724 - Loaded cache for /tmp/gemma4_full_model_cache/multichip/layer_27/router_per_expert_scale_dtype_FLOAT32_layout_TILE.tensorbin of shape Shape([1, 128])
2026-08-15 22:00:14.880 | DEBUG    | core:as_tensor:724 - Loaded cache for /tmp/gemma4_full_model_cache/multichip/layer_27/expert_gate_tp4_dtype_BFLOAT8_B_layout_TILE.tensorbin of shape Shape([1, 128, 2816, 192])
2026-08-15 22:00:14.907 | DEBUG    | core:as_tensor:724 - Loaded cache for /tmp/gemma4_full_model_cache/multichip/layer_27/expert_up_tp4_dtype_BFLOAT8_B_layout_TILE.tensorbin of shape Shape([1, 128, 2816, 192])
2026-08-15 22:00:14.935 | DEBUG    | core:as_tensor:724 - Loaded cache for /tmp/gemma4_full_model_cache/multichip/layer_27/expert_down_tp4_dtype_BFLOAT8_B_layout_TILE.tensorbin of shape Shape([1, 128, 192, 2816])
2026-08-15 22:00:14.935 | DEBUG    | core:as_tensor:724 - Loaded cache for /tmp/gemma4_full_model_cache/multichip/layer_27/expert_prefill_sparsity_dtype_BFLOAT16_layout_ROW_MAJOR.tensorbin of shape Shape([1, 1, 1, 128])
2026-08-15 22:00:14.940 | DEBUG    | core:as_tensor:724 - Loaded cache for /tmp/gemma4_full_model_cache/multichip/layer_27/packed_mlp_gate_up_decode_bfp4_tp4_dtype_BFLOAT4_B_layout_TILE.tensorbin of shape Shape([1, 1, 2816, 1088])
2026-08-15 22:00:15.392 | DEBUG    | core:as_tensor:724 - Loaded cache for /tmp/gemma4_full_model_cache/multichip/layer_28/layer_scalar_dtype_BFLOAT16_layout_TILE.tensorbin of shape Shape([1, 1, 1, 1])
2026-08-15 22:00:15.393 | DEBUG    | core:as_tensor:724 - Loaded cache for /tmp/gemma4_full_model_cache/multichip/layer_28/input_ln_dtype_BFLOAT16_layout_TILE.tensorbin of shape Shape([1, 1, 1, 2816])
2026-08-15 22:00:15.393 | DEBUG    | core:as_tensor:724 - Loaded cache for /tmp/gemma4_full_model_cache/multichip/layer_28/post_attn_ln_dtype_BFLOAT16_layout_TILE.tensorbin of shape Shape([1, 1, 1, 2816])
2026-08-15 22:00:15.393 | DEBUG    | core:as_tensor:724 - Loaded cache for /tmp/gemma4_full_model_cache/multichip/layer_28/pre_ff_ln_dtype_BFLOAT16_layout_TILE.tensorbin of shape Shape([1, 1, 1, 2816])
2026-08-15 22:00:15.393 | DEBUG    | core:as_tensor:724 - Loaded cache for /tmp/gemma4_full_model_cache/multichip/layer_28/post_ff_ln_dtype_BFLOAT16_layout_TILE.tensorbin of shape Shape([1, 1, 1, 2816])
2026-08-15 22:00:15.393 | DEBUG    | core:as_tensor:724 - Loaded cache for /tmp/gemma4_full_model_cache/multichip/layer_28/post_ff_ln_1_dtype_BFLOAT16_layout_TILE.tensorbin of shape Shape([1, 1, 1, 2816])
2026-08-15 22:00:15.394 | DEBUG    | core:as_tensor:724 - Loaded cache for /tmp/gemma4_full_model_cache/multichip/layer_28/post_ff_ln_2_dtype_BFLOAT16_layout_TILE.tensorbin of shape Shape([1, 1, 1, 2816])
2026-08-15 22:00:15.394 | DEBUG    | core:as_tensor:724 - Loaded cache for /tmp/gemma4_full_model_cache/multichip/layer_28/pre_ff_ln_2_dtype_BFLOAT16_layout_TILE.tensorbin of shape Shape([1, 1, 1, 2816])
2026-08-15 22:00:15.394 | DEBUG    | core:as_tensor:724 - Loaded cache for /tmp/gemma4_full_model_cache/multichip/layer_28/q_norm_dtype_BFLOAT16_layout_TILE.tensorbin of shape Shape([1, 1, 1, 256])
2026-08-15 22:00:15.394 | DEBUG    | core:as_tensor:724 - Loaded cache for /tmp/gemma4_full_model_cache/multichip/layer_28/k_norm_dtype_BFLOAT16_layout_TILE.tensorbin of shape Shape([1, 1, 1, 256])
2026-08-15 22:00:15.396 | DEBUG    | core:as_tensor:724 - Loaded cache for /tmp/gemma4_full_model_cache/multichip/layer_28/qkv_tp4_dtype_BFLOAT8_B_layout_TILE.tensorbin of shape Shape([1, 1, 2816, 2048])
2026-08-15 22:00:15.404 | DEBUG    | core:as_tensor:724 - Loaded cache for /tmp/gemma4_full_model_cache/multichip/layer_28/o_proj_tp4_dtype_BFLOAT8_B_layout_TILE.tensorbin of shape Shape([1, 1, 1024, 2816])
2026-08-15 22:00:15.404 | DEBUG    | core:as_tensor:724 - Loaded cache for /tmp/gemma4_full_model_cache/multichip/layer_28/mlp_gate_tp4_dtype_BFLOAT8_B_layout_TILE.tensorbin of shape Shape([1, 1, 2816, 544])
2026-08-15 22:00:15.405 | DEBUG    | core:as_tensor:724 - Loaded cache for /tmp/gemma4_full_model_cache/multichip/layer_28/mlp_up_tp4_dtype_BFLOAT8_B_layout_TILE.tensorbin of shape Shape([1, 1, 2816, 544])
2026-08-15 22:00:15.406 | DEBUG    | core:as_tensor:724 - Loaded cache for /tmp/gemma4_full_model_cache/multichip/layer_28/mlp_down_tp4_dtype_BFLOAT8_B_layout_TILE.tensorbin of shape Shape([1, 1, 544, 2816])
2026-08-15 22:00:15.406 | DEBUG    | core:as_tensor:724 - Loaded cache for /tmp/gemma4_full_model_cache/multichip/layer_28/router_scale_dtype_FLOAT32_layout_TILE.tensorbin of shape Shape([1, 1, 1, 2816])
2026-08-15 22:00:15.407 | DEBUG    | core:as_tensor:724 - Loaded cache for /tmp/gemma4_full_model_cache/multichip/layer_28/router_proj_dtype_FLOAT32_layout_TILE.tensorbin of shape Shape([1, 1, 2816, 128])
2026-08-15 22:00:15.407 | DEBUG    | core:as_tensor:724 - Loaded cache for /tmp/gemma4_full_model_cache/multichip/layer_28/router_per_expert_scale_dtype_FLOAT32_layout_TILE.tensorbin of shape Shape([1, 128])
2026-08-15 22:00:15.435 | DEBUG    | core:as_tensor:724 - Loaded cache for /tmp/gemma4_full_model_cache/multichip/layer_28/expert_gate_tp4_dtype_BFLOAT8_B_layout_TILE.tensorbin of shape Shape([1, 128, 2816, 192])
2026-08-15 22:00:15.465 | DEBUG    | core:as_tensor:724 - Loaded cache for /tmp/gemma4_full_model_cache/multichip/layer_28/expert_up_tp4_dtype_BFLOAT8_B_layout_TILE.tensorbin of shape Shape([1, 128, 2816, 192])
2026-08-15 22:00:15.493 | DEBUG    | core:as_tensor:724 - Loaded cache for /tmp/gemma4_full_model_cache/multichip/layer_28/expert_down_tp4_dtype_BFLOAT8_B_layout_TILE.tensorbin of shape Shape([1, 128, 192, 2816])
2026-08-15 22:00:15.493 | DEBUG    | core:as_tensor:724 - Loaded cache for /tmp/gemma4_full_model_cache/multichip/layer_28/expert_prefill_sparsity_dtype_BFLOAT16_layout_ROW_MAJOR.tensorbin of shape Shape([1, 1, 1, 128])
2026-08-15 22:00:15.498 | DEBUG    | core:as_tensor:724 - Loaded cache for /tmp/gemma4_full_model_cache/multichip/layer_28/packed_mlp_gate_up_decode_bfp4_tp4_dtype_BFLOAT4_B_layout_TILE.tensorbin of shape Shape([1, 1, 2816, 1088])
2026-08-15 22:00:15.951 | DEBUG    | core:as_tensor:724 - Loaded cache for /tmp/gemma4_full_model_cache/multichip/layer_29/layer_scalar_dtype_BFLOAT16_layout_TILE.tensorbin of shape Shape([1, 1, 1, 1])
2026-08-15 22:00:15.951 | DEBUG    | core:as_tensor:724 - Loaded cache for /tmp/gemma4_full_model_cache/multichip/layer_29/input_ln_dtype_BFLOAT16_layout_TILE.tensorbin of shape Shape([1, 1, 1, 2816])
2026-08-15 22:00:15.951 | DEBUG    | core:as_tensor:724 - Loaded cache for /tmp/gemma4_full_model_cache/multichip/layer_29/post_attn_ln_dtype_BFLOAT16_layout_TILE.tensorbin of shape Shape([1, 1, 1, 2816])
2026-08-15 22:00:15.951 | DEBUG    | core:as_tensor:724 - Loaded cache for /tmp/gemma4_full_model_cache/multichip/layer_29/pre_ff_ln_dtype_BFLOAT16_layout_TILE.tensorbin of shape Shape([1, 1, 1, 2816])
2026-08-15 22:00:15.952 | DEBUG    | core:as_tensor:724 - Loaded cache for /tmp/gemma4_full_model_cache/multichip/layer_29/post_ff_ln_dtype_BFLOAT16_layout_TILE.tensorbin of shape Shape([1, 1, 1, 2816])
2026-08-15 22:00:15.952 | DEBUG    | core:as_tensor:724 - Loaded cache for /tmp/gemma4_full_model_cache/multichip/layer_29/post_ff_ln_1_dtype_BFLOAT16_layout_TILE.tensorbin of shape Shape([1, 1, 1, 2816])
2026-08-15 22:00:15.952 | DEBUG    | core:as_tensor:724 - Loaded cache for /tmp/gemma4_full_model_cache/multichip/layer_29/post_ff_ln_2_dtype_BFLOAT16_layout_TILE.tensorbin of shape Shape([1, 1, 1, 2816])
2026-08-15 22:00:15.952 | DEBUG    | core:as_tensor:724 - Loaded cache for /tmp/gemma4_full_model_cache/multichip/layer_29/pre_ff_ln_2_dtype_BFLOAT16_layout_TILE.tensorbin of shape Shape([1, 1, 1, 2816])
2026-08-15 22:00:15.952 | DEBUG    | core:as_tensor:724 - Loaded cache for /tmp/gemma4_full_model_cache/multichip/layer_29/q_norm_dtype_BFLOAT16_layout_TILE.tensorbin of shape Shape([1, 1, 1, 512])
2026-08-15 22:00:15.952 | DEBUG    | core:as_tensor:724 - Loaded cache for /tmp/gemma4_full_model_cache/multichip/layer_29/k_norm_dtype_BFLOAT16_layout_TILE.tensorbin of shape Shape([1, 1, 1, 512])
2026-08-15 22:00:15.958 | DEBUG    | core:as_tensor:724 - Loaded cache for /tmp/gemma4_full_model_cache/multichip/layer_29/qkv_tp4_dtype_BFLOAT8_B_layout_TILE.tensorbin of shape Shape([1, 1, 2816, 3072])
2026-08-15 22:00:15.978 | DEBUG    | core:as_tensor:724 - Loaded cache for /tmp/gemma4_full_model_cache/multichip/layer_29/o_proj_tp4_dtype_BFLOAT8_B_layout_TILE.tensorbin of shape Shape([1, 1, 2048, 2816])
2026-08-15 22:00:15.980 | DEBUG    | core:as_tensor:724 - Loaded cache for /tmp/gemma4_full_model_cache/multichip/layer_29/mlp_gate_tp4_dtype_BFLOAT8_B_layout_TILE.tensorbin of shape Shape([1, 1, 2816, 544])
2026-08-15 22:00:15.981 | DEBUG    | core:as_tensor:724 - Loaded cache for /tmp/gemma4_full_model_cache/multichip/layer_29/mlp_up_tp4_dtype_BFLOAT8_B_layout_TILE.tensorbin of shape Shape([1, 1, 2816, 544])
2026-08-15 22:00:15.981 | DEBUG    | core:as_tensor:724 - Loaded cache for /tmp/gemma4_full_model_cache/multichip/layer_29/mlp_down_tp4_dtype_BFLOAT8_B_layout_TILE.tensorbin of shape Shape([1, 1, 544, 2816])
2026-08-15 22:00:15.982 | DEBUG    | core:as_tensor:724 - Loaded cache for /tmp/gemma4_full_model_cache/multichip/layer_29/router_scale_dtype_FLOAT32_layout_TILE.tensorbin of shape Shape([1, 1, 1, 2816])
2026-08-15 22:00:15.982 | DEBUG    | core:as_tensor:724 - Loaded cache for /tmp/gemma4_full_model_cache/multichip/layer_29/router_proj_dtype_FLOAT32_layout_TILE.tensorbin of shape Shape([1, 1, 2816, 128])
2026-08-15 22:00:15.983 | DEBUG    | core:as_tensor:724 - Loaded cache for /tmp/gemma4_full_model_cache/multichip/layer_29/router_per_expert_scale_dtype_FLOAT32_layout_TILE.tensorbin of shape Shape([1, 128])
2026-08-15 22:00:16.008 | DEBUG    | core:as_tensor:724 - Loaded cache for /tmp/gemma4_full_model_cache/multichip/layer_29/expert_gate_tp4_dtype_BFLOAT8_B_layout_TILE.tensorbin of shape Shape([1, 128, 2816, 192])
2026-08-15 22:00:16.034 | DEBUG    | core:as_tensor:724 - Loaded cache for /tmp/gemma4_full_model_cache/multichip/layer_29/expert_up_tp4_dtype_BFLOAT8_B_layout_TILE.tensorbin of shape Shape([1, 128, 2816, 192])
2026-08-15 22:00:16.060 | DEBUG    | core:as_tensor:724 - Loaded cache for /tmp/gemma4_full_model_cache/multichip/layer_29/expert_down_tp4_dtype_BFLOAT8_B_layout_TILE.tensorbin of shape Shape([1, 128, 192, 2816])
2026-08-15 22:00:16.061 | DEBUG    | core:as_tensor:724 - Loaded cache for /tmp/gemma4_full_model_cache/multichip/layer_29/expert_prefill_sparsity_dtype_BFLOAT16_layout_ROW_MAJOR.tensorbin of shape Shape([1, 1, 1, 128])
2026-08-15 22:00:16.065 | DEBUG    | core:as_tensor:724 - Loaded cache for /tmp/gemma4_full_model_cache/multichip/layer_29/packed_mlp_gate_up_decode_bfp4_tp4_dtype_BFLOAT4_B_layout_TILE.tensorbin of shape Shape([1, 1, 2816, 1088])
entry[0]             top1=0.980 (98/100)  top5=1.000 (100/100)  top100=1.000 (100/100)  TTFT=382.99ms  decode=25.51 t/s/u  e2e=23.45 t/s/u
AGGREGATE            top1=0.980 (98/100)  top5=1.000 (100/100)  top100=1.000 (100/100)  TTFT=382.99ms  decode=25.51 t/s/u  e2e=23.45 t/s/u
nanobind: leaked 2 instances!
 - leaked instance 0x748719ebee98 of type "ttnn._ttnn.tensor.CoreRangeSet"
 - leaked instance 0x748719fcf1f8 of type "ttnn._ttnn.device.DispatchCoreConfig"
nanobind: leaked 38 types!
 - leaked type "DispatchCoreAxis"
 - leaked type "ttnn._ttnn.device.SubDeviceManagerId"
 - leaked type "MathFidelity"
 - leaked type "ttnn._ttnn.operations.matmul.MatmulMultiCoreReuseMultiCast1DProgramConfig"
 - leaked type "ttnn._ttnn.operations.matmul.MatmulInputs"
 - leaked type "ttnn._ttnn.multi_device.MeshMapperConfig"
 - leaked type "ttnn._ttnn.operations.matmul.MatmulMultiCoreReuseMultiCastBatchedDRAMShardedProgramConfig"
 - leaked type "BufferType"
 - leaked type "UnaryOpType"
 - leaked type "Layout"
 - ... skipped remainder
nanobind: leaked 321 functions!
 - leaked function "create_descriptor"
 - leaked function ""
 - leaked function ""
 - leaked function ""
 - leaked function "GetNumPCIeDevices"
 - leaked function "arch"
 - leaked function "devices"
 - leaked function "to_json"
 - leaked function ""
 - leaked function ""
 - ... skipped remainder
nanobind: this is likely caused by a reference counting issue in the binding code.
See https://nanobind.readthedocs.io/en/latest/refleaks.html2026-08-15 22:00:23.946 | info     |    BuildKernels | JIT cache stats: 610/610 hits (100.0%) [610 cached, 316 build-once dedup, 0 merged artifacts, 0 merged genfiles] (build_cache_telemetry.cpp:207)
2026-08-15 22:00:23.946 | info     |    BuildKernels | JIT telemetry: 3 registered TelemetryTokens (build_cache_telemetry.cpp:230)
2026-08-15 22:00:23.962 | info     |          Device | Closing user mode device drivers (tt_cluster.cpp:512)
2026-08-15 22:00:23.962 | info     |             UMD | Closing devices in cluster (cluster.cpp:1037)
2026-08-15 22:00:24.544 | info     |             UMD | Closing devices in cluster completed. (cluster.cpp:1046)
2026-08-15 22:00:24.545 | info     |             UMD | Cluster destructor started. (cluster.cpp:754)
2026-08-15 22:00:24.545 | info     |             UMD | Cluster destructor completed. (cluster.cpp:757)
