2026-08-15 21:31:08.296 | DEBUG    | ttnn:<module>:79 - Initial ttnn.CONFIG:
Config{cache_path=/home/mvasiljevic/.cache/ttnn,model_cache_path=/home/mvasiljevic/.cache/ttnn/models,tmp_dir=/tmp/ttnn,enable_model_cache=false,enable_fast_runtime_mode=true,throw_exception_on_fallback=false,enable_logging=false,enable_graph_report=false,enable_graph_python_stack_traces=false,enable_detailed_buffer_report=false,enable_detailed_tensor_report=false,enable_comparison_mode=false,comparison_mode_should_raise_exception=false,comparison_mode_pcc=0.9999,root_report_path=generated/ttnn/reports,report_name=std::nullopt,std::nullopt}
2026-08-15 21:31:08.332 | info     |          Device | Opening user mode device driver (tt_cluster.cpp:228)
2026-08-15 21:31:08.333 | info     |             UMD | Cluster constructor started. (cluster.cpp:348)
2026-08-15 21:31:08.333 | info     |             UMD | Creating TopologyDiscovery for architecture: blackhole (topology_discovery.cpp:91)
2026-08-15 21:31:08.333 | info     |             UMD | Starting topology discovery. (topology_discovery.cpp:110)
2026-08-15 21:31:08.334 | info     |             UMD | Established firmware bundle version: 19.8.0 (topology_discovery.cpp:569)
2026-08-15 21:31:08.334 | info     |             UMD | Firmware bundle version 19.8.0 on the system is newer than the latest fully tested version 19.5.0 for blackhole architecture. Newest features may not be supported. (topology_discovery.cpp:601)
2026-08-15 21:31:08.338 | info     |             UMD | Completed topology discovery. (topology_discovery.cpp:114)
2026-08-15 21:31:08.559 | info     |             UMD | Opening local chip ids/PCIe ids: {0, 1, 2, 3}/[0, 1, 2, 3] and remote chip ids {} (cluster.cpp:168)
2026-08-15 21:31:08.559 | info     |             UMD | IOMMU: enabled (cluster.cpp:142)
2026-08-15 21:31:08.559 | info     |             UMD | KMD version: 2.8.0 (cluster.cpp:145)
2026-08-15 21:31:08.559 | info     |             UMD | Cluster constructor completed. (cluster.cpp:520)
2026-08-15 21:31:08.560 | info     |             UMD | Starting devices in cluster (cluster.cpp:1024)
2026-08-15 21:31:08.750 | info     |             UMD | Starting devices in cluster completed. (cluster.cpp:1032)
2026-08-15 21:31:08.887 | info     |     Distributed | Using auto discovery to generate mesh graph. (metal_env.cpp:367)
2026-08-15 21:31:08.887 | info     |     Distributed | Constructing control plane using auto-discovery (no mesh graph descriptor). (metal_env.cpp:429)
2026-08-15 21:31:08.887 | warning  |          Always | Unknown motherboard 'B850M-C' for chip_id=0 (bus_id=0x1) — falling back to bus_id as tray_id. Add this motherboard and its bus IDs to mobo_to_bus_ids in physical_system_discovery.cpp. (physical_system_discovery.cpp:89)
2026-08-15 21:31:08.887 | warning  |          Always | Unknown motherboard 'B850M-C' for chip_id=1 (bus_id=0x2) — falling back to bus_id as tray_id. Add this motherboard and its bus IDs to mobo_to_bus_ids in physical_system_discovery.cpp. (physical_system_discovery.cpp:89)
2026-08-15 21:31:08.887 | warning  |          Always | Unknown motherboard 'B850M-C' for chip_id=2 (bus_id=0x3) — falling back to bus_id as tray_id. Add this motherboard and its bus IDs to mobo_to_bus_ids in physical_system_discovery.cpp. (physical_system_discovery.cpp:89)
2026-08-15 21:31:08.887 | warning  |          Always | Unknown motherboard 'B850M-C' for chip_id=3 (bus_id=0x4) — falling back to bus_id as tray_id. Add this motherboard and its bus IDs to mobo_to_bus_ids in physical_system_discovery.cpp. (physical_system_discovery.cpp:89)
2026-08-15 21:31:08.887 | warning  |          Always | Unknown motherboard 'B850M-C' for chip_id=1 (bus_id=0x2) — falling back to bus_id as tray_id. Add this motherboard and its bus IDs to mobo_to_bus_ids in physical_system_discovery.cpp. (physical_system_discovery.cpp:89)
2026-08-15 21:31:08.887 | warning  |          Always | Unknown motherboard 'B850M-C' for chip_id=0 (bus_id=0x1) — falling back to bus_id as tray_id. Add this motherboard and its bus IDs to mobo_to_bus_ids in physical_system_discovery.cpp. (physical_system_discovery.cpp:89)
2026-08-15 21:31:08.887 | warning  |          Always | Unknown motherboard 'B850M-C' for chip_id=2 (bus_id=0x3) — falling back to bus_id as tray_id. Add this motherboard and its bus IDs to mobo_to_bus_ids in physical_system_discovery.cpp. (physical_system_discovery.cpp:89)
2026-08-15 21:31:08.887 | warning  |          Always | Unknown motherboard 'B850M-C' for chip_id=3 (bus_id=0x4) — falling back to bus_id as tray_id. Add this motherboard and its bus IDs to mobo_to_bus_ids in physical_system_discovery.cpp. (physical_system_discovery.cpp:89)
2026-08-15 21:31:08.887 | info     |          Fabric | Logical multi-mesh adjacency: intermesh degree histogram {0:1}; intra-mesh degree histograms mesh0 {2:4} (topology_mapper_utils.cpp:2342)
2026-08-15 21:31:08.887 | info     |          Fabric | Physical multi-mesh adjacency: intermesh degree histogram {0:1}; intra-mesh degree histograms mesh0 {2:4} (topology_mapper_utils.cpp:2350)
2026-08-15 21:31:08.887 | DEBUG    | ttnn.device:__init__:152 - Using default dispatch core type for this system: DispatchCoreType.WORKER
2026-08-15 21:31:08.888 | DEBUG    | ttnn.device:__init__:154 - Using default dispatch core axis for this system: DispatchCoreAxis.COL
2026-08-15 21:31:08.893 | info     |    BuildKernels | Using pre-compiled firmware from: /home/mvasiljevic/tt-metal/tt_metal/pre-compiled/13793420398762238087/ (build_env_manager.cpp:347)
2026-08-15 21:31:08.893 | info     |    BuildKernels | Using pre-compiled firmware from: /home/mvasiljevic/tt-metal/tt_metal/pre-compiled/13793420398762238087/ (build_env_manager.cpp:347)
2026-08-15 21:31:08.893 | info     |    BuildKernels | Using pre-compiled firmware from: /home/mvasiljevic/tt-metal/tt_metal/pre-compiled/13793420398762238087/ (build_env_manager.cpp:347)
2026-08-15 21:31:08.893 | info     |    BuildKernels | Using pre-compiled firmware from: /home/mvasiljevic/tt-metal/tt_metal/pre-compiled/13793420398762238087/ (build_env_manager.cpp:347)
2026-08-15 21:31:08.926 | info     |           Metal | Initializing Fabric (fabric_firmware_initializer.cpp:288)
2026-08-15 21:31:08.950 | info     |           Metal | Fabric initialized on Device 0 (device.cpp:429)
2026-08-15 21:31:08.951 | info     |           Metal | Fabric initialized on Device 1 (device.cpp:429)
2026-08-15 21:31:08.952 | info     |           Metal | Fabric initialized on Device 2 (device.cpp:429)
2026-08-15 21:31:08.952 | info     |           Metal | Fabric initialized on Device 3 (device.cpp:429)
2026-08-15 21:31:08.952 | info     |           Metal | Fabric initialized on 4 devices (fabric_firmware_initializer.cpp:435)
2026-08-15 21:31:08.952 | info     |           Metal | Fabric Initialized with config FabricConfig::FABRIC_1D_RING (fabric_firmware_initializer.cpp:305)
2026-08-15 21:31:08.992 | info     |           Metal | ShmResourceTracker: removed orphaned shm '/tt_device_154095681929600_memory' (shm_resource_tracker.cpp:282)
2026-08-15 21:31:08.992 | info     |           Metal | ShmResourceTracker: removed orphaned shm '/tt_device_154095681929601_memory' (shm_resource_tracker.cpp:282)
2026-08-15 21:31:08.992 | info     |           Metal | ShmResourceTracker: removed orphaned shm '/tt_device_154095681932032_memory' (shm_resource_tracker.cpp:282)
2026-08-15 21:31:08.992 | info     |           Metal | ShmResourceTracker: removed orphaned shm '/tt_device_154095681932033_memory' (shm_resource_tracker.cpp:282)
2026-08-15 21:31:09.572 | info     |           Metal | [Real-time profiler] Device 1 sync complete: 100 samples, frequency=1.349980 GHz, device_time_at_sync=802122732573 cycles (realtime_profiler_manager.cpp:1127)
2026-08-15 21:31:09.573 | info     |           Metal | [Real-time profiler] Device 2 sync complete: 100 samples, frequency=1.349988 GHz, device_time_at_sync=802663493832 cycles (realtime_profiler_manager.cpp:1127)
2026-08-15 21:31:09.573 | info     |           Metal | [Real-time profiler] Device 0 sync complete: 100 samples, frequency=1.349985 GHz, device_time_at_sync=801817708400 cycles (realtime_profiler_manager.cpp:1127)
2026-08-15 21:31:09.573 | info     |           Metal | [Real-time profiler] Device 3 sync complete: 100 samples, frequency=1.349984 GHz, device_time_at_sync=803185309722 cycles (realtime_profiler_manager.cpp:1127)
Prompt (35 tokens):
Complete this story: Once upon a time, in a faraway kingdom, there lived a curious young inventor who discovered

Running HF reference on cpu...
Loading weights:   0%|          | 0/1013 [00:00<?, ?it/s]Loading weights: 100%|██████████| 1013/1013 [00:00<00:00, 35759.14it/s]
2026-08-15 21:31:31.066 | INFO     | models.demos.gemma4.tt.model_config:load_state_dict:156 - No safetensors found, loading via AutoModelForCausalLM from google/gemma-4-26B-A4B-it
HF produced 64 tokens.
Building TT generator...
Loading weights:   0%|          | 0/1013 [00:00<?, ?it/s]Loading weights: 100%|██████████| 1013/1013 [00:00<00:00, 34779.44it/s]
2026-08-15 21:31:31.436 | DEBUG    | core:as_tensor:724 - Loaded cache for /tmp/gemma4_full_model_cache/full_model/embedding_dtype_BFLOAT16_layout_ROW_MAJOR.tensorbin of shape Shape([1, 1, 262144, 704])
2026-08-15 21:31:32.115 | DEBUG    | core:as_tensor:724 - Loaded cache for /tmp/gemma4_full_model_cache/full_model/lm_head_dtype_BFLOAT16_layout_TILE.tensorbin of shape Shape([1, 1, 2816, 65536])
2026-08-15 21:31:32.155 | DEBUG    | core:as_tensor:724 - Loaded cache for /tmp/gemma4_full_model_cache/full_model/final_norm_dtype_BFLOAT16_layout_TILE.tensorbin of shape Shape([1, 1, 1, 2816])
2026-08-15 21:31:32.592 | DEBUG    | core:as_tensor:724 - Loaded cache for /tmp/gemma4_full_model_cache/multichip/layer_0/layer_scalar_dtype_BFLOAT16_layout_TILE.tensorbin of shape Shape([1, 1, 1, 1])
2026-08-15 21:31:32.592 | DEBUG    | core:as_tensor:724 - Loaded cache for /tmp/gemma4_full_model_cache/multichip/layer_0/input_ln_dtype_BFLOAT16_layout_TILE.tensorbin of shape Shape([1, 1, 1, 2816])
2026-08-15 21:31:32.593 | DEBUG    | core:as_tensor:724 - Loaded cache for /tmp/gemma4_full_model_cache/multichip/layer_0/post_attn_ln_dtype_BFLOAT16_layout_TILE.tensorbin of shape Shape([1, 1, 1, 2816])
2026-08-15 21:31:32.593 | DEBUG    | core:as_tensor:724 - Loaded cache for /tmp/gemma4_full_model_cache/multichip/layer_0/pre_ff_ln_dtype_BFLOAT16_layout_TILE.tensorbin of shape Shape([1, 1, 1, 2816])
2026-08-15 21:31:32.593 | DEBUG    | core:as_tensor:724 - Loaded cache for /tmp/gemma4_full_model_cache/multichip/layer_0/post_ff_ln_dtype_BFLOAT16_layout_TILE.tensorbin of shape Shape([1, 1, 1, 2816])
2026-08-15 21:31:32.593 | DEBUG    | core:as_tensor:724 - Loaded cache for /tmp/gemma4_full_model_cache/multichip/layer_0/post_ff_ln_1_dtype_BFLOAT16_layout_TILE.tensorbin of shape Shape([1, 1, 1, 2816])
2026-08-15 21:31:32.593 | DEBUG    | core:as_tensor:724 - Loaded cache for /tmp/gemma4_full_model_cache/multichip/layer_0/post_ff_ln_2_dtype_BFLOAT16_layout_TILE.tensorbin of shape Shape([1, 1, 1, 2816])
2026-08-15 21:31:32.594 | DEBUG    | core:as_tensor:724 - Loaded cache for /tmp/gemma4_full_model_cache/multichip/layer_0/pre_ff_ln_2_dtype_BFLOAT16_layout_TILE.tensorbin of shape Shape([1, 1, 1, 2816])
2026-08-15 21:31:32.594 | DEBUG    | core:as_tensor:724 - Loaded cache for /tmp/gemma4_full_model_cache/multichip/layer_0/q_norm_dtype_BFLOAT16_layout_TILE.tensorbin of shape Shape([1, 1, 1, 256])
2026-08-15 21:31:32.594 | DEBUG    | core:as_tensor:724 - Loaded cache for /tmp/gemma4_full_model_cache/multichip/layer_0/k_norm_dtype_BFLOAT16_layout_TILE.tensorbin of shape Shape([1, 1, 1, 256])
2026-08-15 21:31:32.596 | DEBUG    | core:as_tensor:724 - Loaded cache for /tmp/gemma4_full_model_cache/multichip/layer_0/qkv_tp4_dtype_BFLOAT8_B_layout_TILE.tensorbin of shape Shape([1, 1, 2816, 2048])
2026-08-15 21:31:32.606 | DEBUG    | core:as_tensor:724 - Loaded cache for /tmp/gemma4_full_model_cache/multichip/layer_0/o_proj_tp4_dtype_BFLOAT8_B_layout_TILE.tensorbin of shape Shape([1, 1, 1024, 2816])
2026-08-15 21:31:32.607 | DEBUG    | core:as_tensor:724 - Loaded cache for /tmp/gemma4_full_model_cache/multichip/layer_0/mlp_gate_tp4_dtype_BFLOAT8_B_layout_TILE.tensorbin of shape Shape([1, 1, 2816, 544])
2026-08-15 21:31:32.607 | DEBUG    | core:as_tensor:724 - Loaded cache for /tmp/gemma4_full_model_cache/multichip/layer_0/mlp_up_tp4_dtype_BFLOAT8_B_layout_TILE.tensorbin of shape Shape([1, 1, 2816, 544])
2026-08-15 21:31:32.608 | DEBUG    | core:as_tensor:724 - Loaded cache for /tmp/gemma4_full_model_cache/multichip/layer_0/mlp_down_tp4_dtype_BFLOAT8_B_layout_TILE.tensorbin of shape Shape([1, 1, 544, 2816])
2026-08-15 21:31:32.608 | DEBUG    | core:as_tensor:724 - Loaded cache for /tmp/gemma4_full_model_cache/multichip/layer_0/router_scale_dtype_FLOAT32_layout_TILE.tensorbin of shape Shape([1, 1, 1, 2816])
2026-08-15 21:31:32.609 | DEBUG    | core:as_tensor:724 - Loaded cache for /tmp/gemma4_full_model_cache/multichip/layer_0/router_proj_dtype_FLOAT32_layout_TILE.tensorbin of shape Shape([1, 1, 2816, 128])
2026-08-15 21:31:32.609 | DEBUG    | core:as_tensor:724 - Loaded cache for /tmp/gemma4_full_model_cache/multichip/layer_0/router_per_expert_scale_dtype_FLOAT32_layout_TILE.tensorbin of shape Shape([1, 128])
2026-08-15 21:31:32.636 | DEBUG    | core:as_tensor:724 - Loaded cache for /tmp/gemma4_full_model_cache/multichip/layer_0/expert_gate_tp4_dtype_BFLOAT8_B_layout_TILE.tensorbin of shape Shape([1, 128, 2816, 192])
2026-08-15 21:31:32.662 | DEBUG    | core:as_tensor:724 - Loaded cache for /tmp/gemma4_full_model_cache/multichip/layer_0/expert_up_tp4_dtype_BFLOAT8_B_layout_TILE.tensorbin of shape Shape([1, 128, 2816, 192])
2026-08-15 21:31:32.689 | DEBUG    | core:as_tensor:724 - Loaded cache for /tmp/gemma4_full_model_cache/multichip/layer_0/expert_down_tp4_dtype_BFLOAT8_B_layout_TILE.tensorbin of shape Shape([1, 128, 192, 2816])
2026-08-15 21:31:32.689 | DEBUG    | core:as_tensor:724 - Loaded cache for /tmp/gemma4_full_model_cache/multichip/layer_0/expert_prefill_sparsity_dtype_BFLOAT16_layout_ROW_MAJOR.tensorbin of shape Shape([1, 1, 1, 128])
2026-08-15 21:31:32.699 | DEBUG    | core:as_tensor:724 - Loaded cache for /tmp/gemma4_full_model_cache/multichip/layer_0/packed_mlp_gate_up_decode_bfp4_tp4_dtype_BFLOAT4_B_layout_TILE.tensorbin of shape Shape([1, 1, 2816, 1088])
2026-08-15 21:31:33.149 | DEBUG    | core:as_tensor:724 - Loaded cache for /tmp/gemma4_full_model_cache/multichip/layer_1/layer_scalar_dtype_BFLOAT16_layout_TILE.tensorbin of shape Shape([1, 1, 1, 1])
2026-08-15 21:31:33.149 | DEBUG    | core:as_tensor:724 - Loaded cache for /tmp/gemma4_full_model_cache/multichip/layer_1/input_ln_dtype_BFLOAT16_layout_TILE.tensorbin of shape Shape([1, 1, 1, 2816])
2026-08-15 21:31:33.149 | DEBUG    | core:as_tensor:724 - Loaded cache for /tmp/gemma4_full_model_cache/multichip/layer_1/post_attn_ln_dtype_BFLOAT16_layout_TILE.tensorbin of shape Shape([1, 1, 1, 2816])
2026-08-15 21:31:33.152 | DEBUG    | core:as_tensor:724 - Loaded cache for /tmp/gemma4_full_model_cache/multichip/layer_1/pre_ff_ln_dtype_BFLOAT16_layout_TILE.tensorbin of shape Shape([1, 1, 1, 2816])
2026-08-15 21:31:33.153 | DEBUG    | core:as_tensor:724 - Loaded cache for /tmp/gemma4_full_model_cache/multichip/layer_1/post_ff_ln_dtype_BFLOAT16_layout_TILE.tensorbin of shape Shape([1, 1, 1, 2816])
2026-08-15 21:31:33.153 | DEBUG    | core:as_tensor:724 - Loaded cache for /tmp/gemma4_full_model_cache/multichip/layer_1/post_ff_ln_1_dtype_BFLOAT16_layout_TILE.tensorbin of shape Shape([1, 1, 1, 2816])
2026-08-15 21:31:33.153 | DEBUG    | core:as_tensor:724 - Loaded cache for /tmp/gemma4_full_model_cache/multichip/layer_1/post_ff_ln_2_dtype_BFLOAT16_layout_TILE.tensorbin of shape Shape([1, 1, 1, 2816])
2026-08-15 21:31:33.153 | DEBUG    | core:as_tensor:724 - Loaded cache for /tmp/gemma4_full_model_cache/multichip/layer_1/pre_ff_ln_2_dtype_BFLOAT16_layout_TILE.tensorbin of shape Shape([1, 1, 1, 2816])
2026-08-15 21:31:33.153 | DEBUG    | core:as_tensor:724 - Loaded cache for /tmp/gemma4_full_model_cache/multichip/layer_1/q_norm_dtype_BFLOAT16_layout_TILE.tensorbin of shape Shape([1, 1, 1, 256])
2026-08-15 21:31:33.154 | DEBUG    | core:as_tensor:724 - Loaded cache for /tmp/gemma4_full_model_cache/multichip/layer_1/k_norm_dtype_BFLOAT16_layout_TILE.tensorbin of shape Shape([1, 1, 1, 256])
2026-08-15 21:31:33.158 | DEBUG    | core:as_tensor:724 - Loaded cache for /tmp/gemma4_full_model_cache/multichip/layer_1/qkv_tp4_dtype_BFLOAT8_B_layout_TILE.tensorbin of shape Shape([1, 1, 2816, 2048])
2026-08-15 21:31:33.168 | DEBUG    | core:as_tensor:724 - Loaded cache for /tmp/gemma4_full_model_cache/multichip/layer_1/o_proj_tp4_dtype_BFLOAT8_B_layout_TILE.tensorbin of shape Shape([1, 1, 1024, 2816])
2026-08-15 21:31:33.169 | DEBUG    | core:as_tensor:724 - Loaded cache for /tmp/gemma4_full_model_cache/multichip/layer_1/mlp_gate_tp4_dtype_BFLOAT8_B_layout_TILE.tensorbin of shape Shape([1, 1, 2816, 544])
2026-08-15 21:31:33.170 | DEBUG    | core:as_tensor:724 - Loaded cache for /tmp/gemma4_full_model_cache/multichip/layer_1/mlp_up_tp4_dtype_BFLOAT8_B_layout_TILE.tensorbin of shape Shape([1, 1, 2816, 544])
2026-08-15 21:31:33.171 | DEBUG    | core:as_tensor:724 - Loaded cache for /tmp/gemma4_full_model_cache/multichip/layer_1/mlp_down_tp4_dtype_BFLOAT8_B_layout_TILE.tensorbin of shape Shape([1, 1, 544, 2816])
2026-08-15 21:31:33.171 | DEBUG    | core:as_tensor:724 - Loaded cache for /tmp/gemma4_full_model_cache/multichip/layer_1/router_scale_dtype_FLOAT32_layout_TILE.tensorbin of shape Shape([1, 1, 1, 2816])
2026-08-15 21:31:33.172 | DEBUG    | core:as_tensor:724 - Loaded cache for /tmp/gemma4_full_model_cache/multichip/layer_1/router_proj_dtype_FLOAT32_layout_TILE.tensorbin of shape Shape([1, 1, 2816, 128])
2026-08-15 21:31:33.172 | DEBUG    | core:as_tensor:724 - Loaded cache for /tmp/gemma4_full_model_cache/multichip/layer_1/router_per_expert_scale_dtype_FLOAT32_layout_TILE.tensorbin of shape Shape([1, 128])
2026-08-15 21:31:33.201 | DEBUG    | core:as_tensor:724 - Loaded cache for /tmp/gemma4_full_model_cache/multichip/layer_1/expert_gate_tp4_dtype_BFLOAT8_B_layout_TILE.tensorbin of shape Shape([1, 128, 2816, 192])
2026-08-15 21:31:33.230 | DEBUG    | core:as_tensor:724 - Loaded cache for /tmp/gemma4_full_model_cache/multichip/layer_1/expert_up_tp4_dtype_BFLOAT8_B_layout_TILE.tensorbin of shape Shape([1, 128, 2816, 192])
2026-08-15 21:31:33.258 | DEBUG    | core:as_tensor:724 - Loaded cache for /tmp/gemma4_full_model_cache/multichip/layer_1/expert_down_tp4_dtype_BFLOAT8_B_layout_TILE.tensorbin of shape Shape([1, 128, 192, 2816])
2026-08-15 21:31:33.259 | DEBUG    | core:as_tensor:724 - Loaded cache for /tmp/gemma4_full_model_cache/multichip/layer_1/expert_prefill_sparsity_dtype_BFLOAT16_layout_ROW_MAJOR.tensorbin of shape Shape([1, 1, 1, 128])
2026-08-15 21:31:33.265 | DEBUG    | core:as_tensor:724 - Loaded cache for /tmp/gemma4_full_model_cache/multichip/layer_1/packed_mlp_gate_up_decode_bfp4_tp4_dtype_BFLOAT4_B_layout_TILE.tensorbin of shape Shape([1, 1, 2816, 1088])
2026-08-15 21:31:33.764 | DEBUG    | core:as_tensor:724 - Loaded cache for /tmp/gemma4_full_model_cache/multichip/layer_2/layer_scalar_dtype_BFLOAT16_layout_TILE.tensorbin of shape Shape([1, 1, 1, 1])
2026-08-15 21:31:33.764 | DEBUG    | core:as_tensor:724 - Loaded cache for /tmp/gemma4_full_model_cache/multichip/layer_2/input_ln_dtype_BFLOAT16_layout_TILE.tensorbin of shape Shape([1, 1, 1, 2816])
2026-08-15 21:31:33.765 | DEBUG    | core:as_tensor:724 - Loaded cache for /tmp/gemma4_full_model_cache/multichip/layer_2/post_attn_ln_dtype_BFLOAT16_layout_TILE.tensorbin of shape Shape([1, 1, 1, 2816])
2026-08-15 21:31:33.765 | DEBUG    | core:as_tensor:724 - Loaded cache for /tmp/gemma4_full_model_cache/multichip/layer_2/pre_ff_ln_dtype_BFLOAT16_layout_TILE.tensorbin of shape Shape([1, 1, 1, 2816])
2026-08-15 21:31:33.765 | DEBUG    | core:as_tensor:724 - Loaded cache for /tmp/gemma4_full_model_cache/multichip/layer_2/post_ff_ln_dtype_BFLOAT16_layout_TILE.tensorbin of shape Shape([1, 1, 1, 2816])
2026-08-15 21:31:33.765 | DEBUG    | core:as_tensor:724 - Loaded cache for /tmp/gemma4_full_model_cache/multichip/layer_2/post_ff_ln_1_dtype_BFLOAT16_layout_TILE.tensorbin of shape Shape([1, 1, 1, 2816])
2026-08-15 21:31:33.765 | DEBUG    | core:as_tensor:724 - Loaded cache for /tmp/gemma4_full_model_cache/multichip/layer_2/post_ff_ln_2_dtype_BFLOAT16_layout_TILE.tensorbin of shape Shape([1, 1, 1, 2816])
2026-08-15 21:31:33.766 | DEBUG    | core:as_tensor:724 - Loaded cache for /tmp/gemma4_full_model_cache/multichip/layer_2/pre_ff_ln_2_dtype_BFLOAT16_layout_TILE.tensorbin of shape Shape([1, 1, 1, 2816])
2026-08-15 21:31:33.766 | DEBUG    | core:as_tensor:724 - Loaded cache for /tmp/gemma4_full_model_cache/multichip/layer_2/q_norm_dtype_BFLOAT16_layout_TILE.tensorbin of shape Shape([1, 1, 1, 256])
2026-08-15 21:31:33.766 | DEBUG    | core:as_tensor:724 - Loaded cache for /tmp/gemma4_full_model_cache/multichip/layer_2/k_norm_dtype_BFLOAT16_layout_TILE.tensorbin of shape Shape([1, 1, 1, 256])
2026-08-15 21:31:33.768 | DEBUG    | core:as_tensor:724 - Loaded cache for /tmp/gemma4_full_model_cache/multichip/layer_2/qkv_tp4_dtype_BFLOAT8_B_layout_TILE.tensorbin of shape Shape([1, 1, 2816, 2048])
2026-08-15 21:31:33.778 | DEBUG    | core:as_tensor:724 - Loaded cache for /tmp/gemma4_full_model_cache/multichip/layer_2/o_proj_tp4_dtype_BFLOAT8_B_layout_TILE.tensorbin of shape Shape([1, 1, 1024, 2816])
2026-08-15 21:31:33.779 | DEBUG    | core:as_tensor:724 - Loaded cache for /tmp/gemma4_full_model_cache/multichip/layer_2/mlp_gate_tp4_dtype_BFLOAT8_B_layout_TILE.tensorbin of shape Shape([1, 1, 2816, 544])
2026-08-15 21:31:33.779 | DEBUG    | core:as_tensor:724 - Loaded cache for /tmp/gemma4_full_model_cache/multichip/layer_2/mlp_up_tp4_dtype_BFLOAT8_B_layout_TILE.tensorbin of shape Shape([1, 1, 2816, 544])
2026-08-15 21:31:33.780 | DEBUG    | core:as_tensor:724 - Loaded cache for /tmp/gemma4_full_model_cache/multichip/layer_2/mlp_down_tp4_dtype_BFLOAT8_B_layout_TILE.tensorbin of shape Shape([1, 1, 544, 2816])
2026-08-15 21:31:33.780 | DEBUG    | core:as_tensor:724 - Loaded cache for /tmp/gemma4_full_model_cache/multichip/layer_2/router_scale_dtype_FLOAT32_layout_TILE.tensorbin of shape Shape([1, 1, 1, 2816])
2026-08-15 21:31:33.781 | DEBUG    | core:as_tensor:724 - Loaded cache for /tmp/gemma4_full_model_cache/multichip/layer_2/router_proj_dtype_FLOAT32_layout_TILE.tensorbin of shape Shape([1, 1, 2816, 128])
2026-08-15 21:31:33.781 | DEBUG    | core:as_tensor:724 - Loaded cache for /tmp/gemma4_full_model_cache/multichip/layer_2/router_per_expert_scale_dtype_FLOAT32_layout_TILE.tensorbin of shape Shape([1, 128])
2026-08-15 21:31:33.809 | DEBUG    | core:as_tensor:724 - Loaded cache for /tmp/gemma4_full_model_cache/multichip/layer_2/expert_gate_tp4_dtype_BFLOAT8_B_layout_TILE.tensorbin of shape Shape([1, 128, 2816, 192])
2026-08-15 21:31:33.837 | DEBUG    | core:as_tensor:724 - Loaded cache for /tmp/gemma4_full_model_cache/multichip/layer_2/expert_up_tp4_dtype_BFLOAT8_B_layout_TILE.tensorbin of shape Shape([1, 128, 2816, 192])
2026-08-15 21:31:33.864 | DEBUG    | core:as_tensor:724 - Loaded cache for /tmp/gemma4_full_model_cache/multichip/layer_2/expert_down_tp4_dtype_BFLOAT8_B_layout_TILE.tensorbin of shape Shape([1, 128, 192, 2816])
2026-08-15 21:31:33.864 | DEBUG    | core:as_tensor:724 - Loaded cache for /tmp/gemma4_full_model_cache/multichip/layer_2/expert_prefill_sparsity_dtype_BFLOAT16_layout_ROW_MAJOR.tensorbin of shape Shape([1, 1, 1, 128])
2026-08-15 21:31:33.869 | DEBUG    | core:as_tensor:724 - Loaded cache for /tmp/gemma4_full_model_cache/multichip/layer_2/packed_mlp_gate_up_decode_bfp4_tp4_dtype_BFLOAT4_B_layout_TILE.tensorbin of shape Shape([1, 1, 2816, 1088])
2026-08-15 21:31:34.345 | DEBUG    | core:as_tensor:724 - Loaded cache for /tmp/gemma4_full_model_cache/multichip/layer_3/layer_scalar_dtype_BFLOAT16_layout_TILE.tensorbin of shape Shape([1, 1, 1, 1])
2026-08-15 21:31:34.345 | DEBUG    | core:as_tensor:724 - Loaded cache for /tmp/gemma4_full_model_cache/multichip/layer_3/input_ln_dtype_BFLOAT16_layout_TILE.tensorbin of shape Shape([1, 1, 1, 2816])
2026-08-15 21:31:34.346 | DEBUG    | core:as_tensor:724 - Loaded cache for /tmp/gemma4_full_model_cache/multichip/layer_3/post_attn_ln_dtype_BFLOAT16_layout_TILE.tensorbin of shape Shape([1, 1, 1, 2816])
2026-08-15 21:31:34.346 | DEBUG    | core:as_tensor:724 - Loaded cache for /tmp/gemma4_full_model_cache/multichip/layer_3/pre_ff_ln_dtype_BFLOAT16_layout_TILE.tensorbin of shape Shape([1, 1, 1, 2816])
2026-08-15 21:31:34.346 | DEBUG    | core:as_tensor:724 - Loaded cache for /tmp/gemma4_full_model_cache/multichip/layer_3/post_ff_ln_dtype_BFLOAT16_layout_TILE.tensorbin of shape Shape([1, 1, 1, 2816])
2026-08-15 21:31:34.346 | DEBUG    | core:as_tensor:724 - Loaded cache for /tmp/gemma4_full_model_cache/multichip/layer_3/post_ff_ln_1_dtype_BFLOAT16_layout_TILE.tensorbin of shape Shape([1, 1, 1, 2816])
2026-08-15 21:31:34.346 | DEBUG    | core:as_tensor:724 - Loaded cache for /tmp/gemma4_full_model_cache/multichip/layer_3/post_ff_ln_2_dtype_BFLOAT16_layout_TILE.tensorbin of shape Shape([1, 1, 1, 2816])
2026-08-15 21:31:34.346 | DEBUG    | core:as_tensor:724 - Loaded cache for /tmp/gemma4_full_model_cache/multichip/layer_3/pre_ff_ln_2_dtype_BFLOAT16_layout_TILE.tensorbin of shape Shape([1, 1, 1, 2816])
2026-08-15 21:31:34.346 | DEBUG    | core:as_tensor:724 - Loaded cache for /tmp/gemma4_full_model_cache/multichip/layer_3/q_norm_dtype_BFLOAT16_layout_TILE.tensorbin of shape Shape([1, 1, 1, 256])
2026-08-15 21:31:34.347 | DEBUG    | core:as_tensor:724 - Loaded cache for /tmp/gemma4_full_model_cache/multichip/layer_3/k_norm_dtype_BFLOAT16_layout_TILE.tensorbin of shape Shape([1, 1, 1, 256])
2026-08-15 21:31:34.349 | DEBUG    | core:as_tensor:724 - Loaded cache for /tmp/gemma4_full_model_cache/multichip/layer_3/qkv_tp4_dtype_BFLOAT8_B_layout_TILE.tensorbin of shape Shape([1, 1, 2816, 2048])
2026-08-15 21:31:34.357 | DEBUG    | core:as_tensor:724 - Loaded cache for /tmp/gemma4_full_model_cache/multichip/layer_3/o_proj_tp4_dtype_BFLOAT8_B_layout_TILE.tensorbin of shape Shape([1, 1, 1024, 2816])
2026-08-15 21:31:34.358 | DEBUG    | core:as_tensor:724 - Loaded cache for /tmp/gemma4_full_model_cache/multichip/layer_3/mlp_gate_tp4_dtype_BFLOAT8_B_layout_TILE.tensorbin of shape Shape([1, 1, 2816, 544])
2026-08-15 21:31:34.359 | DEBUG    | core:as_tensor:724 - Loaded cache for /tmp/gemma4_full_model_cache/multichip/layer_3/mlp_up_tp4_dtype_BFLOAT8_B_layout_TILE.tensorbin of shape Shape([1, 1, 2816, 544])
2026-08-15 21:31:34.359 | DEBUG    | core:as_tensor:724 - Loaded cache for /tmp/gemma4_full_model_cache/multichip/layer_3/mlp_down_tp4_dtype_BFLOAT8_B_layout_TILE.tensorbin of shape Shape([1, 1, 544, 2816])
2026-08-15 21:31:34.360 | DEBUG    | core:as_tensor:724 - Loaded cache for /tmp/gemma4_full_model_cache/multichip/layer_3/router_scale_dtype_FLOAT32_layout_TILE.tensorbin of shape Shape([1, 1, 1, 2816])
2026-08-15 21:31:34.361 | DEBUG    | core:as_tensor:724 - Loaded cache for /tmp/gemma4_full_model_cache/multichip/layer_3/router_proj_dtype_FLOAT32_layout_TILE.tensorbin of shape Shape([1, 1, 2816, 128])
2026-08-15 21:31:34.361 | DEBUG    | core:as_tensor:724 - Loaded cache for /tmp/gemma4_full_model_cache/multichip/layer_3/router_per_expert_scale_dtype_FLOAT32_layout_TILE.tensorbin of shape Shape([1, 128])
2026-08-15 21:31:34.386 | DEBUG    | core:as_tensor:724 - Loaded cache for /tmp/gemma4_full_model_cache/multichip/layer_3/expert_gate_tp4_dtype_BFLOAT8_B_layout_TILE.tensorbin of shape Shape([1, 128, 2816, 192])
2026-08-15 21:31:34.412 | DEBUG    | core:as_tensor:724 - Loaded cache for /tmp/gemma4_full_model_cache/multichip/layer_3/expert_up_tp4_dtype_BFLOAT8_B_layout_TILE.tensorbin of shape Shape([1, 128, 2816, 192])
2026-08-15 21:31:34.438 | DEBUG    | core:as_tensor:724 - Loaded cache for /tmp/gemma4_full_model_cache/multichip/layer_3/expert_down_tp4_dtype_BFLOAT8_B_layout_TILE.tensorbin of shape Shape([1, 128, 192, 2816])
2026-08-15 21:31:34.439 | DEBUG    | core:as_tensor:724 - Loaded cache for /tmp/gemma4_full_model_cache/multichip/layer_3/expert_prefill_sparsity_dtype_BFLOAT16_layout_ROW_MAJOR.tensorbin of shape Shape([1, 1, 1, 128])
2026-08-15 21:31:34.444 | DEBUG    | core:as_tensor:724 - Loaded cache for /tmp/gemma4_full_model_cache/multichip/layer_3/packed_mlp_gate_up_decode_bfp4_tp4_dtype_BFLOAT4_B_layout_TILE.tensorbin of shape Shape([1, 1, 2816, 1088])
2026-08-15 21:31:34.909 | DEBUG    | core:as_tensor:724 - Loaded cache for /tmp/gemma4_full_model_cache/multichip/layer_4/layer_scalar_dtype_BFLOAT16_layout_TILE.tensorbin of shape Shape([1, 1, 1, 1])
2026-08-15 21:31:34.909 | DEBUG    | core:as_tensor:724 - Loaded cache for /tmp/gemma4_full_model_cache/multichip/layer_4/input_ln_dtype_BFLOAT16_layout_TILE.tensorbin of shape Shape([1, 1, 1, 2816])
2026-08-15 21:31:34.909 | DEBUG    | core:as_tensor:724 - Loaded cache for /tmp/gemma4_full_model_cache/multichip/layer_4/post_attn_ln_dtype_BFLOAT16_layout_TILE.tensorbin of shape Shape([1, 1, 1, 2816])
2026-08-15 21:31:34.909 | DEBUG    | core:as_tensor:724 - Loaded cache for /tmp/gemma4_full_model_cache/multichip/layer_4/pre_ff_ln_dtype_BFLOAT16_layout_TILE.tensorbin of shape Shape([1, 1, 1, 2816])
2026-08-15 21:31:34.910 | DEBUG    | core:as_tensor:724 - Loaded cache for /tmp/gemma4_full_model_cache/multichip/layer_4/post_ff_ln_dtype_BFLOAT16_layout_TILE.tensorbin of shape Shape([1, 1, 1, 2816])
2026-08-15 21:31:34.910 | DEBUG    | core:as_tensor:724 - Loaded cache for /tmp/gemma4_full_model_cache/multichip/layer_4/post_ff_ln_1_dtype_BFLOAT16_layout_TILE.tensorbin of shape Shape([1, 1, 1, 2816])
2026-08-15 21:31:34.910 | DEBUG    | core:as_tensor:724 - Loaded cache for /tmp/gemma4_full_model_cache/multichip/layer_4/post_ff_ln_2_dtype_BFLOAT16_layout_TILE.tensorbin of shape Shape([1, 1, 1, 2816])
2026-08-15 21:31:34.910 | DEBUG    | core:as_tensor:724 - Loaded cache for /tmp/gemma4_full_model_cache/multichip/layer_4/pre_ff_ln_2_dtype_BFLOAT16_layout_TILE.tensorbin of shape Shape([1, 1, 1, 2816])
2026-08-15 21:31:34.910 | DEBUG    | core:as_tensor:724 - Loaded cache for /tmp/gemma4_full_model_cache/multichip/layer_4/q_norm_dtype_BFLOAT16_layout_TILE.tensorbin of shape Shape([1, 1, 1, 256])
2026-08-15 21:31:34.910 | DEBUG    | core:as_tensor:724 - Loaded cache for /tmp/gemma4_full_model_cache/multichip/layer_4/k_norm_dtype_BFLOAT16_layout_TILE.tensorbin of shape Shape([1, 1, 1, 256])
2026-08-15 21:31:34.912 | DEBUG    | core:as_tensor:724 - Loaded cache for /tmp/gemma4_full_model_cache/multichip/layer_4/qkv_tp4_dtype_BFLOAT8_B_layout_TILE.tensorbin of shape Shape([1, 1, 2816, 2048])
2026-08-15 21:31:34.922 | DEBUG    | core:as_tensor:724 - Loaded cache for /tmp/gemma4_full_model_cache/multichip/layer_4/o_proj_tp4_dtype_BFLOAT8_B_layout_TILE.tensorbin of shape Shape([1, 1, 1024, 2816])
2026-08-15 21:31:34.923 | DEBUG    | core:as_tensor:724 - Loaded cache for /tmp/gemma4_full_model_cache/multichip/layer_4/mlp_gate_tp4_dtype_BFLOAT8_B_layout_TILE.tensorbin of shape Shape([1, 1, 2816, 544])
2026-08-15 21:31:34.923 | DEBUG    | core:as_tensor:724 - Loaded cache for /tmp/gemma4_full_model_cache/multichip/layer_4/mlp_up_tp4_dtype_BFLOAT8_B_layout_TILE.tensorbin of shape Shape([1, 1, 2816, 544])
2026-08-15 21:31:34.924 | DEBUG    | core:as_tensor:724 - Loaded cache for /tmp/gemma4_full_model_cache/multichip/layer_4/mlp_down_tp4_dtype_BFLOAT8_B_layout_TILE.tensorbin of shape Shape([1, 1, 544, 2816])
2026-08-15 21:31:34.924 | DEBUG    | core:as_tensor:724 - Loaded cache for /tmp/gemma4_full_model_cache/multichip/layer_4/router_scale_dtype_FLOAT32_layout_TILE.tensorbin of shape Shape([1, 1, 1, 2816])
2026-08-15 21:31:34.925 | DEBUG    | core:as_tensor:724 - Loaded cache for /tmp/gemma4_full_model_cache/multichip/layer_4/router_proj_dtype_FLOAT32_layout_TILE.tensorbin of shape Shape([1, 1, 2816, 128])
2026-08-15 21:31:34.925 | DEBUG    | core:as_tensor:724 - Loaded cache for /tmp/gemma4_full_model_cache/multichip/layer_4/router_per_expert_scale_dtype_FLOAT32_layout_TILE.tensorbin of shape Shape([1, 128])
2026-08-15 21:31:34.952 | DEBUG    | core:as_tensor:724 - Loaded cache for /tmp/gemma4_full_model_cache/multichip/layer_4/expert_gate_tp4_dtype_BFLOAT8_B_layout_TILE.tensorbin of shape Shape([1, 128, 2816, 192])
2026-08-15 21:31:34.989 | DEBUG    | core:as_tensor:724 - Loaded cache for /tmp/gemma4_full_model_cache/multichip/layer_4/expert_up_tp4_dtype_BFLOAT8_B_layout_TILE.tensorbin of shape Shape([1, 128, 2816, 192])
2026-08-15 21:31:35.030 | DEBUG    | core:as_tensor:724 - Loaded cache for /tmp/gemma4_full_model_cache/multichip/layer_4/expert_down_tp4_dtype_BFLOAT8_B_layout_TILE.tensorbin of shape Shape([1, 128, 192, 2816])
2026-08-15 21:31:35.031 | DEBUG    | core:as_tensor:724 - Loaded cache for /tmp/gemma4_full_model_cache/multichip/layer_4/expert_prefill_sparsity_dtype_BFLOAT16_layout_ROW_MAJOR.tensorbin of shape Shape([1, 1, 1, 128])
2026-08-15 21:31:35.038 | DEBUG    | core:as_tensor:724 - Loaded cache for /tmp/gemma4_full_model_cache/multichip/layer_4/packed_mlp_gate_up_decode_bfp4_tp4_dtype_BFLOAT4_B_layout_TILE.tensorbin of shape Shape([1, 1, 2816, 1088])
2026-08-15 21:31:35.490 | DEBUG    | core:as_tensor:724 - Loaded cache for /tmp/gemma4_full_model_cache/multichip/layer_5/layer_scalar_dtype_BFLOAT16_layout_TILE.tensorbin of shape Shape([1, 1, 1, 1])
2026-08-15 21:31:35.490 | DEBUG    | core:as_tensor:724 - Loaded cache for /tmp/gemma4_full_model_cache/multichip/layer_5/input_ln_dtype_BFLOAT16_layout_TILE.tensorbin of shape Shape([1, 1, 1, 2816])
2026-08-15 21:31:35.491 | DEBUG    | core:as_tensor:724 - Loaded cache for /tmp/gemma4_full_model_cache/multichip/layer_5/post_attn_ln_dtype_BFLOAT16_layout_TILE.tensorbin of shape Shape([1, 1, 1, 2816])
2026-08-15 21:31:35.491 | DEBUG    | core:as_tensor:724 - Loaded cache for /tmp/gemma4_full_model_cache/multichip/layer_5/pre_ff_ln_dtype_BFLOAT16_layout_TILE.tensorbin of shape Shape([1, 1, 1, 2816])
2026-08-15 21:31:35.492 | DEBUG    | core:as_tensor:724 - Loaded cache for /tmp/gemma4_full_model_cache/multichip/layer_5/post_ff_ln_dtype_BFLOAT16_layout_TILE.tensorbin of shape Shape([1, 1, 1, 2816])
2026-08-15 21:31:35.492 | DEBUG    | core:as_tensor:724 - Loaded cache for /tmp/gemma4_full_model_cache/multichip/layer_5/post_ff_ln_1_dtype_BFLOAT16_layout_TILE.tensorbin of shape Shape([1, 1, 1, 2816])
2026-08-15 21:31:35.492 | DEBUG    | core:as_tensor:724 - Loaded cache for /tmp/gemma4_full_model_cache/multichip/layer_5/post_ff_ln_2_dtype_BFLOAT16_layout_TILE.tensorbin of shape Shape([1, 1, 1, 2816])
2026-08-15 21:31:35.493 | DEBUG    | core:as_tensor:724 - Loaded cache for /tmp/gemma4_full_model_cache/multichip/layer_5/pre_ff_ln_2_dtype_BFLOAT16_layout_TILE.tensorbin of shape Shape([1, 1, 1, 2816])
2026-08-15 21:31:35.493 | DEBUG    | core:as_tensor:724 - Loaded cache for /tmp/gemma4_full_model_cache/multichip/layer_5/q_norm_dtype_BFLOAT16_layout_TILE.tensorbin of shape Shape([1, 1, 1, 512])
2026-08-15 21:31:35.493 | DEBUG    | core:as_tensor:724 - Loaded cache for /tmp/gemma4_full_model_cache/multichip/layer_5/k_norm_dtype_BFLOAT16_layout_TILE.tensorbin of shape Shape([1, 1, 1, 512])
2026-08-15 21:31:35.503 | DEBUG    | core:as_tensor:724 - Loaded cache for /tmp/gemma4_full_model_cache/multichip/layer_5/qkv_tp4_dtype_BFLOAT8_B_layout_TILE.tensorbin of shape Shape([1, 1, 2816, 3072])
2026-08-15 21:31:35.521 | DEBUG    | core:as_tensor:724 - Loaded cache for /tmp/gemma4_full_model_cache/multichip/layer_5/o_proj_tp4_dtype_BFLOAT8_B_layout_TILE.tensorbin of shape Shape([1, 1, 2048, 2816])
2026-08-15 21:31:35.523 | DEBUG    | core:as_tensor:724 - Loaded cache for /tmp/gemma4_full_model_cache/multichip/layer_5/mlp_gate_tp4_dtype_BFLOAT8_B_layout_TILE.tensorbin of shape Shape([1, 1, 2816, 544])
2026-08-15 21:31:35.525 | DEBUG    | core:as_tensor:724 - Loaded cache for /tmp/gemma4_full_model_cache/multichip/layer_5/mlp_up_tp4_dtype_BFLOAT8_B_layout_TILE.tensorbin of shape Shape([1, 1, 2816, 544])
2026-08-15 21:31:35.527 | DEBUG    | core:as_tensor:724 - Loaded cache for /tmp/gemma4_full_model_cache/multichip/layer_5/mlp_down_tp4_dtype_BFLOAT8_B_layout_TILE.tensorbin of shape Shape([1, 1, 544, 2816])
2026-08-15 21:31:35.527 | DEBUG    | core:as_tensor:724 - Loaded cache for /tmp/gemma4_full_model_cache/multichip/layer_5/router_scale_dtype_FLOAT32_layout_TILE.tensorbin of shape Shape([1, 1, 1, 2816])
2026-08-15 21:31:35.528 | DEBUG    | core:as_tensor:724 - Loaded cache for /tmp/gemma4_full_model_cache/multichip/layer_5/router_proj_dtype_FLOAT32_layout_TILE.tensorbin of shape Shape([1, 1, 2816, 128])
2026-08-15 21:31:35.529 | DEBUG    | core:as_tensor:724 - Loaded cache for /tmp/gemma4_full_model_cache/multichip/layer_5/router_per_expert_scale_dtype_FLOAT32_layout_TILE.tensorbin of shape Shape([1, 128])
2026-08-15 21:31:35.570 | DEBUG    | core:as_tensor:724 - Loaded cache for /tmp/gemma4_full_model_cache/multichip/layer_5/expert_gate_tp4_dtype_BFLOAT8_B_layout_TILE.tensorbin of shape Shape([1, 128, 2816, 192])
2026-08-15 21:31:35.612 | DEBUG    | core:as_tensor:724 - Loaded cache for /tmp/gemma4_full_model_cache/multichip/layer_5/expert_up_tp4_dtype_BFLOAT8_B_layout_TILE.tensorbin of shape Shape([1, 128, 2816, 192])
2026-08-15 21:31:35.655 | DEBUG    | core:as_tensor:724 - Loaded cache for /tmp/gemma4_full_model_cache/multichip/layer_5/expert_down_tp4_dtype_BFLOAT8_B_layout_TILE.tensorbin of shape Shape([1, 128, 192, 2816])
2026-08-15 21:31:35.655 | DEBUG    | core:as_tensor:724 - Loaded cache for /tmp/gemma4_full_model_cache/multichip/layer_5/expert_prefill_sparsity_dtype_BFLOAT16_layout_ROW_MAJOR.tensorbin of shape Shape([1, 1, 1, 128])
2026-08-15 21:31:35.663 | DEBUG    | core:as_tensor:724 - Loaded cache for /tmp/gemma4_full_model_cache/multichip/layer_5/packed_mlp_gate_up_decode_bfp4_tp4_dtype_BFLOAT4_B_layout_TILE.tensorbin of shape Shape([1, 1, 2816, 1088])
2026-08-15 21:31:35.664 | warning  |              Op | ttnn::tilize: Using input shard spec for output tensor because the legacy sharded optimized program factory is being used (tilize_device_operation.cpp:151)
2026-08-15 21:31:35.667 | warning  |              Op | ttnn::tilize: Using input shard spec for output tensor because the legacy sharded optimized program factory is being used (tilize_device_operation.cpp:151)
2026-08-15 21:31:35.668 | warning  |              Op | ttnn::tilize: Using input shard spec for output tensor because the legacy sharded optimized program factory is being used (tilize_device_operation.cpp:151)
2026-08-15 21:31:36.112 | DEBUG    | core:as_tensor:724 - Loaded cache for /tmp/gemma4_full_model_cache/multichip/layer_6/layer_scalar_dtype_BFLOAT16_layout_TILE.tensorbin of shape Shape([1, 1, 1, 1])
2026-08-15 21:31:36.113 | DEBUG    | core:as_tensor:724 - Loaded cache for /tmp/gemma4_full_model_cache/multichip/layer_6/input_ln_dtype_BFLOAT16_layout_TILE.tensorbin of shape Shape([1, 1, 1, 2816])
2026-08-15 21:31:36.113 | DEBUG    | core:as_tensor:724 - Loaded cache for /tmp/gemma4_full_model_cache/multichip/layer_6/post_attn_ln_dtype_BFLOAT16_layout_TILE.tensorbin of shape Shape([1, 1, 1, 2816])
2026-08-15 21:31:36.114 | DEBUG    | core:as_tensor:724 - Loaded cache for /tmp/gemma4_full_model_cache/multichip/layer_6/pre_ff_ln_dtype_BFLOAT16_layout_TILE.tensorbin of shape Shape([1, 1, 1, 2816])
2026-08-15 21:31:36.114 | DEBUG    | core:as_tensor:724 - Loaded cache for /tmp/gemma4_full_model_cache/multichip/layer_6/post_ff_ln_dtype_BFLOAT16_layout_TILE.tensorbin of shape Shape([1, 1, 1, 2816])
2026-08-15 21:31:36.114 | DEBUG    | core:as_tensor:724 - Loaded cache for /tmp/gemma4_full_model_cache/multichip/layer_6/post_ff_ln_1_dtype_BFLOAT16_layout_TILE.tensorbin of shape Shape([1, 1, 1, 2816])
2026-08-15 21:31:36.115 | DEBUG    | core:as_tensor:724 - Loaded cache for /tmp/gemma4_full_model_cache/multichip/layer_6/post_ff_ln_2_dtype_BFLOAT16_layout_TILE.tensorbin of shape Shape([1, 1, 1, 2816])
2026-08-15 21:31:36.115 | DEBUG    | core:as_tensor:724 - Loaded cache for /tmp/gemma4_full_model_cache/multichip/layer_6/pre_ff_ln_2_dtype_BFLOAT16_layout_TILE.tensorbin of shape Shape([1, 1, 1, 2816])
2026-08-15 21:31:36.116 | DEBUG    | core:as_tensor:724 - Loaded cache for /tmp/gemma4_full_model_cache/multichip/layer_6/q_norm_dtype_BFLOAT16_layout_TILE.tensorbin of shape Shape([1, 1, 1, 256])
2026-08-15 21:31:36.116 | DEBUG    | core:as_tensor:724 - Loaded cache for /tmp/gemma4_full_model_cache/multichip/layer_6/k_norm_dtype_BFLOAT16_layout_TILE.tensorbin of shape Shape([1, 1, 1, 256])
2026-08-15 21:31:36.119 | DEBUG    | core:as_tensor:724 - Loaded cache for /tmp/gemma4_full_model_cache/multichip/layer_6/qkv_tp4_dtype_BFLOAT8_B_layout_TILE.tensorbin of shape Shape([1, 1, 2816, 2048])
2026-08-15 21:31:36.129 | DEBUG    | core:as_tensor:724 - Loaded cache for /tmp/gemma4_full_model_cache/multichip/layer_6/o_proj_tp4_dtype_BFLOAT8_B_layout_TILE.tensorbin of shape Shape([1, 1, 1024, 2816])
2026-08-15 21:31:36.131 | DEBUG    | core:as_tensor:724 - Loaded cache for /tmp/gemma4_full_model_cache/multichip/layer_6/mlp_gate_tp4_dtype_BFLOAT8_B_layout_TILE.tensorbin of shape Shape([1, 1, 2816, 544])
2026-08-15 21:31:36.133 | DEBUG    | core:as_tensor:724 - Loaded cache for /tmp/gemma4_full_model_cache/multichip/layer_6/mlp_up_tp4_dtype_BFLOAT8_B_layout_TILE.tensorbin of shape Shape([1, 1, 2816, 544])
2026-08-15 21:31:36.135 | DEBUG    | core:as_tensor:724 - Loaded cache for /tmp/gemma4_full_model_cache/multichip/layer_6/mlp_down_tp4_dtype_BFLOAT8_B_layout_TILE.tensorbin of shape Shape([1, 1, 544, 2816])
2026-08-15 21:31:36.136 | DEBUG    | core:as_tensor:724 - Loaded cache for /tmp/gemma4_full_model_cache/multichip/layer_6/router_scale_dtype_FLOAT32_layout_TILE.tensorbin of shape Shape([1, 1, 1, 2816])
2026-08-15 21:31:36.137 | DEBUG    | core:as_tensor:724 - Loaded cache for /tmp/gemma4_full_model_cache/multichip/layer_6/router_proj_dtype_FLOAT32_layout_TILE.tensorbin of shape Shape([1, 1, 2816, 128])
2026-08-15 21:31:36.137 | DEBUG    | core:as_tensor:724 - Loaded cache for /tmp/gemma4_full_model_cache/multichip/layer_6/router_per_expert_scale_dtype_FLOAT32_layout_TILE.tensorbin of shape Shape([1, 128])
2026-08-15 21:31:36.170 | DEBUG    | core:as_tensor:724 - Loaded cache for /tmp/gemma4_full_model_cache/multichip/layer_6/expert_gate_tp4_dtype_BFLOAT8_B_layout_TILE.tensorbin of shape Shape([1, 128, 2816, 192])
2026-08-15 21:31:36.194 | DEBUG    | core:as_tensor:724 - Loaded cache for /tmp/gemma4_full_model_cache/multichip/layer_6/expert_up_tp4_dtype_BFLOAT8_B_layout_TILE.tensorbin of shape Shape([1, 128, 2816, 192])
2026-08-15 21:31:36.219 | DEBUG    | core:as_tensor:724 - Loaded cache for /tmp/gemma4_full_model_cache/multichip/layer_6/expert_down_tp4_dtype_BFLOAT8_B_layout_TILE.tensorbin of shape Shape([1, 128, 192, 2816])
2026-08-15 21:31:36.219 | DEBUG    | core:as_tensor:724 - Loaded cache for /tmp/gemma4_full_model_cache/multichip/layer_6/expert_prefill_sparsity_dtype_BFLOAT16_layout_ROW_MAJOR.tensorbin of shape Shape([1, 1, 1, 128])
2026-08-15 21:31:36.224 | DEBUG    | core:as_tensor:724 - Loaded cache for /tmp/gemma4_full_model_cache/multichip/layer_6/packed_mlp_gate_up_decode_bfp4_tp4_dtype_BFLOAT4_B_layout_TILE.tensorbin of shape Shape([1, 1, 2816, 1088])
2026-08-15 21:31:36.688 | DEBUG    | core:as_tensor:724 - Loaded cache for /tmp/gemma4_full_model_cache/multichip/layer_7/layer_scalar_dtype_BFLOAT16_layout_TILE.tensorbin of shape Shape([1, 1, 1, 1])
2026-08-15 21:31:36.688 | DEBUG    | core:as_tensor:724 - Loaded cache for /tmp/gemma4_full_model_cache/multichip/layer_7/input_ln_dtype_BFLOAT16_layout_TILE.tensorbin of shape Shape([1, 1, 1, 2816])
2026-08-15 21:31:36.688 | DEBUG    | core:as_tensor:724 - Loaded cache for /tmp/gemma4_full_model_cache/multichip/layer_7/post_attn_ln_dtype_BFLOAT16_layout_TILE.tensorbin of shape Shape([1, 1, 1, 2816])
2026-08-15 21:31:36.688 | DEBUG    | core:as_tensor:724 - Loaded cache for /tmp/gemma4_full_model_cache/multichip/layer_7/pre_ff_ln_dtype_BFLOAT16_layout_TILE.tensorbin of shape Shape([1, 1, 1, 2816])
2026-08-15 21:31:36.688 | DEBUG    | core:as_tensor:724 - Loaded cache for /tmp/gemma4_full_model_cache/multichip/layer_7/post_ff_ln_dtype_BFLOAT16_layout_TILE.tensorbin of shape Shape([1, 1, 1, 2816])
2026-08-15 21:31:36.689 | DEBUG    | core:as_tensor:724 - Loaded cache for /tmp/gemma4_full_model_cache/multichip/layer_7/post_ff_ln_1_dtype_BFLOAT16_layout_TILE.tensorbin of shape Shape([1, 1, 1, 2816])
2026-08-15 21:31:36.689 | DEBUG    | core:as_tensor:724 - Loaded cache for /tmp/gemma4_full_model_cache/multichip/layer_7/post_ff_ln_2_dtype_BFLOAT16_layout_TILE.tensorbin of shape Shape([1, 1, 1, 2816])
2026-08-15 21:31:36.689 | DEBUG    | core:as_tensor:724 - Loaded cache for /tmp/gemma4_full_model_cache/multichip/layer_7/pre_ff_ln_2_dtype_BFLOAT16_layout_TILE.tensorbin of shape Shape([1, 1, 1, 2816])
2026-08-15 21:31:36.689 | DEBUG    | core:as_tensor:724 - Loaded cache for /tmp/gemma4_full_model_cache/multichip/layer_7/q_norm_dtype_BFLOAT16_layout_TILE.tensorbin of shape Shape([1, 1, 1, 256])
2026-08-15 21:31:36.689 | DEBUG    | core:as_tensor:724 - Loaded cache for /tmp/gemma4_full_model_cache/multichip/layer_7/k_norm_dtype_BFLOAT16_layout_TILE.tensorbin of shape Shape([1, 1, 1, 256])
2026-08-15 21:31:36.691 | DEBUG    | core:as_tensor:724 - Loaded cache for /tmp/gemma4_full_model_cache/multichip/layer_7/qkv_tp4_dtype_BFLOAT8_B_layout_TILE.tensorbin of shape Shape([1, 1, 2816, 2048])
2026-08-15 21:31:36.700 | DEBUG    | core:as_tensor:724 - Loaded cache for /tmp/gemma4_full_model_cache/multichip/layer_7/o_proj_tp4_dtype_BFLOAT8_B_layout_TILE.tensorbin of shape Shape([1, 1, 1024, 2816])
2026-08-15 21:31:36.700 | DEBUG    | core:as_tensor:724 - Loaded cache for /tmp/gemma4_full_model_cache/multichip/layer_7/mlp_gate_tp4_dtype_BFLOAT8_B_layout_TILE.tensorbin of shape Shape([1, 1, 2816, 544])
2026-08-15 21:31:36.701 | DEBUG    | core:as_tensor:724 - Loaded cache for /tmp/gemma4_full_model_cache/multichip/layer_7/mlp_up_tp4_dtype_BFLOAT8_B_layout_TILE.tensorbin of shape Shape([1, 1, 2816, 544])
2026-08-15 21:31:36.702 | DEBUG    | core:as_tensor:724 - Loaded cache for /tmp/gemma4_full_model_cache/multichip/layer_7/mlp_down_tp4_dtype_BFLOAT8_B_layout_TILE.tensorbin of shape Shape([1, 1, 544, 2816])
2026-08-15 21:31:36.702 | DEBUG    | core:as_tensor:724 - Loaded cache for /tmp/gemma4_full_model_cache/multichip/layer_7/router_scale_dtype_FLOAT32_layout_TILE.tensorbin of shape Shape([1, 1, 1, 2816])
2026-08-15 21:31:36.703 | DEBUG    | core:as_tensor:724 - Loaded cache for /tmp/gemma4_full_model_cache/multichip/layer_7/router_proj_dtype_FLOAT32_layout_TILE.tensorbin of shape Shape([1, 1, 2816, 128])
2026-08-15 21:31:36.703 | DEBUG    | core:as_tensor:724 - Loaded cache for /tmp/gemma4_full_model_cache/multichip/layer_7/router_per_expert_scale_dtype_FLOAT32_layout_TILE.tensorbin of shape Shape([1, 128])
2026-08-15 21:31:36.727 | DEBUG    | core:as_tensor:724 - Loaded cache for /tmp/gemma4_full_model_cache/multichip/layer_7/expert_gate_tp4_dtype_BFLOAT8_B_layout_TILE.tensorbin of shape Shape([1, 128, 2816, 192])
2026-08-15 21:31:36.752 | DEBUG    | core:as_tensor:724 - Loaded cache for /tmp/gemma4_full_model_cache/multichip/layer_7/expert_up_tp4_dtype_BFLOAT8_B_layout_TILE.tensorbin of shape Shape([1, 128, 2816, 192])
2026-08-15 21:31:36.777 | DEBUG    | core:as_tensor:724 - Loaded cache for /tmp/gemma4_full_model_cache/multichip/layer_7/expert_down_tp4_dtype_BFLOAT8_B_layout_TILE.tensorbin of shape Shape([1, 128, 192, 2816])
2026-08-15 21:31:36.778 | DEBUG    | core:as_tensor:724 - Loaded cache for /tmp/gemma4_full_model_cache/multichip/layer_7/expert_prefill_sparsity_dtype_BFLOAT16_layout_ROW_MAJOR.tensorbin of shape Shape([1, 1, 1, 128])
2026-08-15 21:31:36.783 | DEBUG    | core:as_tensor:724 - Loaded cache for /tmp/gemma4_full_model_cache/multichip/layer_7/packed_mlp_gate_up_decode_bfp4_tp4_dtype_BFLOAT4_B_layout_TILE.tensorbin of shape Shape([1, 1, 2816, 1088])
2026-08-15 21:31:37.233 | DEBUG    | core:as_tensor:724 - Loaded cache for /tmp/gemma4_full_model_cache/multichip/layer_8/layer_scalar_dtype_BFLOAT16_layout_TILE.tensorbin of shape Shape([1, 1, 1, 1])
2026-08-15 21:31:37.233 | DEBUG    | core:as_tensor:724 - Loaded cache for /tmp/gemma4_full_model_cache/multichip/layer_8/input_ln_dtype_BFLOAT16_layout_TILE.tensorbin of shape Shape([1, 1, 1, 2816])
2026-08-15 21:31:37.233 | DEBUG    | core:as_tensor:724 - Loaded cache for /tmp/gemma4_full_model_cache/multichip/layer_8/post_attn_ln_dtype_BFLOAT16_layout_TILE.tensorbin of shape Shape([1, 1, 1, 2816])
2026-08-15 21:31:37.234 | DEBUG    | core:as_tensor:724 - Loaded cache for /tmp/gemma4_full_model_cache/multichip/layer_8/pre_ff_ln_dtype_BFLOAT16_layout_TILE.tensorbin of shape Shape([1, 1, 1, 2816])
2026-08-15 21:31:37.234 | DEBUG    | core:as_tensor:724 - Loaded cache for /tmp/gemma4_full_model_cache/multichip/layer_8/post_ff_ln_dtype_BFLOAT16_layout_TILE.tensorbin of shape Shape([1, 1, 1, 2816])
2026-08-15 21:31:37.234 | DEBUG    | core:as_tensor:724 - Loaded cache for /tmp/gemma4_full_model_cache/multichip/layer_8/post_ff_ln_1_dtype_BFLOAT16_layout_TILE.tensorbin of shape Shape([1, 1, 1, 2816])
2026-08-15 21:31:37.234 | DEBUG    | core:as_tensor:724 - Loaded cache for /tmp/gemma4_full_model_cache/multichip/layer_8/post_ff_ln_2_dtype_BFLOAT16_layout_TILE.tensorbin of shape Shape([1, 1, 1, 2816])
2026-08-15 21:31:37.234 | DEBUG    | core:as_tensor:724 - Loaded cache for /tmp/gemma4_full_model_cache/multichip/layer_8/pre_ff_ln_2_dtype_BFLOAT16_layout_TILE.tensorbin of shape Shape([1, 1, 1, 2816])
2026-08-15 21:31:37.234 | DEBUG    | core:as_tensor:724 - Loaded cache for /tmp/gemma4_full_model_cache/multichip/layer_8/q_norm_dtype_BFLOAT16_layout_TILE.tensorbin of shape Shape([1, 1, 1, 256])
2026-08-15 21:31:37.234 | DEBUG    | core:as_tensor:724 - Loaded cache for /tmp/gemma4_full_model_cache/multichip/layer_8/k_norm_dtype_BFLOAT16_layout_TILE.tensorbin of shape Shape([1, 1, 1, 256])
2026-08-15 21:31:37.236 | DEBUG    | core:as_tensor:724 - Loaded cache for /tmp/gemma4_full_model_cache/multichip/layer_8/qkv_tp4_dtype_BFLOAT8_B_layout_TILE.tensorbin of shape Shape([1, 1, 2816, 2048])
2026-08-15 21:31:37.245 | DEBUG    | core:as_tensor:724 - Loaded cache for /tmp/gemma4_full_model_cache/multichip/layer_8/o_proj_tp4_dtype_BFLOAT8_B_layout_TILE.tensorbin of shape Shape([1, 1, 1024, 2816])
2026-08-15 21:31:37.246 | DEBUG    | core:as_tensor:724 - Loaded cache for /tmp/gemma4_full_model_cache/multichip/layer_8/mlp_gate_tp4_dtype_BFLOAT8_B_layout_TILE.tensorbin of shape Shape([1, 1, 2816, 544])
2026-08-15 21:31:37.247 | DEBUG    | core:as_tensor:724 - Loaded cache for /tmp/gemma4_full_model_cache/multichip/layer_8/mlp_up_tp4_dtype_BFLOAT8_B_layout_TILE.tensorbin of shape Shape([1, 1, 2816, 544])
2026-08-15 21:31:37.247 | DEBUG    | core:as_tensor:724 - Loaded cache for /tmp/gemma4_full_model_cache/multichip/layer_8/mlp_down_tp4_dtype_BFLOAT8_B_layout_TILE.tensorbin of shape Shape([1, 1, 544, 2816])
2026-08-15 21:31:37.248 | DEBUG    | core:as_tensor:724 - Loaded cache for /tmp/gemma4_full_model_cache/multichip/layer_8/router_scale_dtype_FLOAT32_layout_TILE.tensorbin of shape Shape([1, 1, 1, 2816])
2026-08-15 21:31:37.248 | DEBUG    | core:as_tensor:724 - Loaded cache for /tmp/gemma4_full_model_cache/multichip/layer_8/router_proj_dtype_FLOAT32_layout_TILE.tensorbin of shape Shape([1, 1, 2816, 128])
2026-08-15 21:31:37.249 | DEBUG    | core:as_tensor:724 - Loaded cache for /tmp/gemma4_full_model_cache/multichip/layer_8/router_per_expert_scale_dtype_FLOAT32_layout_TILE.tensorbin of shape Shape([1, 128])
2026-08-15 21:31:37.274 | DEBUG    | core:as_tensor:724 - Loaded cache for /tmp/gemma4_full_model_cache/multichip/layer_8/expert_gate_tp4_dtype_BFLOAT8_B_layout_TILE.tensorbin of shape Shape([1, 128, 2816, 192])
2026-08-15 21:31:37.299 | DEBUG    | core:as_tensor:724 - Loaded cache for /tmp/gemma4_full_model_cache/multichip/layer_8/expert_up_tp4_dtype_BFLOAT8_B_layout_TILE.tensorbin of shape Shape([1, 128, 2816, 192])
2026-08-15 21:31:37.324 | DEBUG    | core:as_tensor:724 - Loaded cache for /tmp/gemma4_full_model_cache/multichip/layer_8/expert_down_tp4_dtype_BFLOAT8_B_layout_TILE.tensorbin of shape Shape([1, 128, 192, 2816])
2026-08-15 21:31:37.324 | DEBUG    | core:as_tensor:724 - Loaded cache for /tmp/gemma4_full_model_cache/multichip/layer_8/expert_prefill_sparsity_dtype_BFLOAT16_layout_ROW_MAJOR.tensorbin of shape Shape([1, 1, 1, 128])
2026-08-15 21:31:37.329 | DEBUG    | core:as_tensor:724 - Loaded cache for /tmp/gemma4_full_model_cache/multichip/layer_8/packed_mlp_gate_up_decode_bfp4_tp4_dtype_BFLOAT4_B_layout_TILE.tensorbin of shape Shape([1, 1, 2816, 1088])
2026-08-15 21:31:37.780 | DEBUG    | core:as_tensor:724 - Loaded cache for /tmp/gemma4_full_model_cache/multichip/layer_9/layer_scalar_dtype_BFLOAT16_layout_TILE.tensorbin of shape Shape([1, 1, 1, 1])
2026-08-15 21:31:37.780 | DEBUG    | core:as_tensor:724 - Loaded cache for /tmp/gemma4_full_model_cache/multichip/layer_9/input_ln_dtype_BFLOAT16_layout_TILE.tensorbin of shape Shape([1, 1, 1, 2816])
2026-08-15 21:31:37.780 | DEBUG    | core:as_tensor:724 - Loaded cache for /tmp/gemma4_full_model_cache/multichip/layer_9/post_attn_ln_dtype_BFLOAT16_layout_TILE.tensorbin of shape Shape([1, 1, 1, 2816])
2026-08-15 21:31:37.781 | DEBUG    | core:as_tensor:724 - Loaded cache for /tmp/gemma4_full_model_cache/multichip/layer_9/pre_ff_ln_dtype_BFLOAT16_layout_TILE.tensorbin of shape Shape([1, 1, 1, 2816])
2026-08-15 21:31:37.781 | DEBUG    | core:as_tensor:724 - Loaded cache for /tmp/gemma4_full_model_cache/multichip/layer_9/post_ff_ln_dtype_BFLOAT16_layout_TILE.tensorbin of shape Shape([1, 1, 1, 2816])
2026-08-15 21:31:37.781 | DEBUG    | core:as_tensor:724 - Loaded cache for /tmp/gemma4_full_model_cache/multichip/layer_9/post_ff_ln_1_dtype_BFLOAT16_layout_TILE.tensorbin of shape Shape([1, 1, 1, 2816])
2026-08-15 21:31:37.781 | DEBUG    | core:as_tensor:724 - Loaded cache for /tmp/gemma4_full_model_cache/multichip/layer_9/post_ff_ln_2_dtype_BFLOAT16_layout_TILE.tensorbin of shape Shape([1, 1, 1, 2816])
2026-08-15 21:31:37.781 | DEBUG    | core:as_tensor:724 - Loaded cache for /tmp/gemma4_full_model_cache/multichip/layer_9/pre_ff_ln_2_dtype_BFLOAT16_layout_TILE.tensorbin of shape Shape([1, 1, 1, 2816])
2026-08-15 21:31:37.781 | DEBUG    | core:as_tensor:724 - Loaded cache for /tmp/gemma4_full_model_cache/multichip/layer_9/q_norm_dtype_BFLOAT16_layout_TILE.tensorbin of shape Shape([1, 1, 1, 256])
2026-08-15 21:31:37.781 | DEBUG    | core:as_tensor:724 - Loaded cache for /tmp/gemma4_full_model_cache/multichip/layer_9/k_norm_dtype_BFLOAT16_layout_TILE.tensorbin of shape Shape([1, 1, 1, 256])
2026-08-15 21:31:37.784 | DEBUG    | core:as_tensor:724 - Loaded cache for /tmp/gemma4_full_model_cache/multichip/layer_9/qkv_tp4_dtype_BFLOAT8_B_layout_TILE.tensorbin of shape Shape([1, 1, 2816, 2048])
2026-08-15 21:31:37.792 | DEBUG    | core:as_tensor:724 - Loaded cache for /tmp/gemma4_full_model_cache/multichip/layer_9/o_proj_tp4_dtype_BFLOAT8_B_layout_TILE.tensorbin of shape Shape([1, 1, 1024, 2816])
2026-08-15 21:31:37.793 | DEBUG    | core:as_tensor:724 - Loaded cache for /tmp/gemma4_full_model_cache/multichip/layer_9/mlp_gate_tp4_dtype_BFLOAT8_B_layout_TILE.tensorbin of shape Shape([1, 1, 2816, 544])
2026-08-15 21:31:37.793 | DEBUG    | core:as_tensor:724 - Loaded cache for /tmp/gemma4_full_model_cache/multichip/layer_9/mlp_up_tp4_dtype_BFLOAT8_B_layout_TILE.tensorbin of shape Shape([1, 1, 2816, 544])
2026-08-15 21:31:37.794 | DEBUG    | core:as_tensor:724 - Loaded cache for /tmp/gemma4_full_model_cache/multichip/layer_9/mlp_down_tp4_dtype_BFLOAT8_B_layout_TILE.tensorbin of shape Shape([1, 1, 544, 2816])
2026-08-15 21:31:37.794 | DEBUG    | core:as_tensor:724 - Loaded cache for /tmp/gemma4_full_model_cache/multichip/layer_9/router_scale_dtype_FLOAT32_layout_TILE.tensorbin of shape Shape([1, 1, 1, 2816])
2026-08-15 21:31:37.795 | DEBUG    | core:as_tensor:724 - Loaded cache for /tmp/gemma4_full_model_cache/multichip/layer_9/router_proj_dtype_FLOAT32_layout_TILE.tensorbin of shape Shape([1, 1, 2816, 128])
2026-08-15 21:31:37.795 | DEBUG    | core:as_tensor:724 - Loaded cache for /tmp/gemma4_full_model_cache/multichip/layer_9/router_per_expert_scale_dtype_FLOAT32_layout_TILE.tensorbin of shape Shape([1, 128])
2026-08-15 21:31:37.820 | DEBUG    | core:as_tensor:724 - Loaded cache for /tmp/gemma4_full_model_cache/multichip/layer_9/expert_gate_tp4_dtype_BFLOAT8_B_layout_TILE.tensorbin of shape Shape([1, 128, 2816, 192])
2026-08-15 21:31:37.845 | DEBUG    | core:as_tensor:724 - Loaded cache for /tmp/gemma4_full_model_cache/multichip/layer_9/expert_up_tp4_dtype_BFLOAT8_B_layout_TILE.tensorbin of shape Shape([1, 128, 2816, 192])
2026-08-15 21:31:37.870 | DEBUG    | core:as_tensor:724 - Loaded cache for /tmp/gemma4_full_model_cache/multichip/layer_9/expert_down_tp4_dtype_BFLOAT8_B_layout_TILE.tensorbin of shape Shape([1, 128, 192, 2816])
2026-08-15 21:31:37.870 | DEBUG    | core:as_tensor:724 - Loaded cache for /tmp/gemma4_full_model_cache/multichip/layer_9/expert_prefill_sparsity_dtype_BFLOAT16_layout_ROW_MAJOR.tensorbin of shape Shape([1, 1, 1, 128])
2026-08-15 21:31:37.875 | DEBUG    | core:as_tensor:724 - Loaded cache for /tmp/gemma4_full_model_cache/multichip/layer_9/packed_mlp_gate_up_decode_bfp4_tp4_dtype_BFLOAT4_B_layout_TILE.tensorbin of shape Shape([1, 1, 2816, 1088])
2026-08-15 21:31:38.321 | DEBUG    | core:as_tensor:724 - Loaded cache for /tmp/gemma4_full_model_cache/multichip/layer_10/layer_scalar_dtype_BFLOAT16_layout_TILE.tensorbin of shape Shape([1, 1, 1, 1])
2026-08-15 21:31:38.321 | DEBUG    | core:as_tensor:724 - Loaded cache for /tmp/gemma4_full_model_cache/multichip/layer_10/input_ln_dtype_BFLOAT16_layout_TILE.tensorbin of shape Shape([1, 1, 1, 2816])
2026-08-15 21:31:38.321 | DEBUG    | core:as_tensor:724 - Loaded cache for /tmp/gemma4_full_model_cache/multichip/layer_10/post_attn_ln_dtype_BFLOAT16_layout_TILE.tensorbin of shape Shape([1, 1, 1, 2816])
2026-08-15 21:31:38.321 | DEBUG    | core:as_tensor:724 - Loaded cache for /tmp/gemma4_full_model_cache/multichip/layer_10/pre_ff_ln_dtype_BFLOAT16_layout_TILE.tensorbin of shape Shape([1, 1, 1, 2816])
2026-08-15 21:31:38.321 | DEBUG    | core:as_tensor:724 - Loaded cache for /tmp/gemma4_full_model_cache/multichip/layer_10/post_ff_ln_dtype_BFLOAT16_layout_TILE.tensorbin of shape Shape([1, 1, 1, 2816])
2026-08-15 21:31:38.322 | DEBUG    | core:as_tensor:724 - Loaded cache for /tmp/gemma4_full_model_cache/multichip/layer_10/post_ff_ln_1_dtype_BFLOAT16_layout_TILE.tensorbin of shape Shape([1, 1, 1, 2816])
2026-08-15 21:31:38.322 | DEBUG    | core:as_tensor:724 - Loaded cache for /tmp/gemma4_full_model_cache/multichip/layer_10/post_ff_ln_2_dtype_BFLOAT16_layout_TILE.tensorbin of shape Shape([1, 1, 1, 2816])
2026-08-15 21:31:38.322 | DEBUG    | core:as_tensor:724 - Loaded cache for /tmp/gemma4_full_model_cache/multichip/layer_10/pre_ff_ln_2_dtype_BFLOAT16_layout_TILE.tensorbin of shape Shape([1, 1, 1, 2816])
2026-08-15 21:31:38.322 | DEBUG    | core:as_tensor:724 - Loaded cache for /tmp/gemma4_full_model_cache/multichip/layer_10/q_norm_dtype_BFLOAT16_layout_TILE.tensorbin of shape Shape([1, 1, 1, 256])
2026-08-15 21:31:38.322 | DEBUG    | core:as_tensor:724 - Loaded cache for /tmp/gemma4_full_model_cache/multichip/layer_10/k_norm_dtype_BFLOAT16_layout_TILE.tensorbin of shape Shape([1, 1, 1, 256])
2026-08-15 21:31:38.324 | DEBUG    | core:as_tensor:724 - Loaded cache for /tmp/gemma4_full_model_cache/multichip/layer_10/qkv_tp4_dtype_BFLOAT8_B_layout_TILE.tensorbin of shape Shape([1, 1, 2816, 2048])
2026-08-15 21:31:38.332 | DEBUG    | core:as_tensor:724 - Loaded cache for /tmp/gemma4_full_model_cache/multichip/layer_10/o_proj_tp4_dtype_BFLOAT8_B_layout_TILE.tensorbin of shape Shape([1, 1, 1024, 2816])
2026-08-15 21:31:38.333 | DEBUG    | core:as_tensor:724 - Loaded cache for /tmp/gemma4_full_model_cache/multichip/layer_10/mlp_gate_tp4_dtype_BFLOAT8_B_layout_TILE.tensorbin of shape Shape([1, 1, 2816, 544])
2026-08-15 21:31:38.334 | DEBUG    | core:as_tensor:724 - Loaded cache for /tmp/gemma4_full_model_cache/multichip/layer_10/mlp_up_tp4_dtype_BFLOAT8_B_layout_TILE.tensorbin of shape Shape([1, 1, 2816, 544])
2026-08-15 21:31:38.334 | DEBUG    | core:as_tensor:724 - Loaded cache for /tmp/gemma4_full_model_cache/multichip/layer_10/mlp_down_tp4_dtype_BFLOAT8_B_layout_TILE.tensorbin of shape Shape([1, 1, 544, 2816])
2026-08-15 21:31:38.335 | DEBUG    | core:as_tensor:724 - Loaded cache for /tmp/gemma4_full_model_cache/multichip/layer_10/router_scale_dtype_FLOAT32_layout_TILE.tensorbin of shape Shape([1, 1, 1, 2816])
2026-08-15 21:31:38.335 | DEBUG    | core:as_tensor:724 - Loaded cache for /tmp/gemma4_full_model_cache/multichip/layer_10/router_proj_dtype_FLOAT32_layout_TILE.tensorbin of shape Shape([1, 1, 2816, 128])
2026-08-15 21:31:38.335 | DEBUG    | core:as_tensor:724 - Loaded cache for /tmp/gemma4_full_model_cache/multichip/layer_10/router_per_expert_scale_dtype_FLOAT32_layout_TILE.tensorbin of shape Shape([1, 128])
2026-08-15 21:31:38.361 | DEBUG    | core:as_tensor:724 - Loaded cache for /tmp/gemma4_full_model_cache/multichip/layer_10/expert_gate_tp4_dtype_BFLOAT8_B_layout_TILE.tensorbin of shape Shape([1, 128, 2816, 192])
2026-08-15 21:31:38.386 | DEBUG    | core:as_tensor:724 - Loaded cache for /tmp/gemma4_full_model_cache/multichip/layer_10/expert_up_tp4_dtype_BFLOAT8_B_layout_TILE.tensorbin of shape Shape([1, 128, 2816, 192])
2026-08-15 21:31:38.411 | DEBUG    | core:as_tensor:724 - Loaded cache for /tmp/gemma4_full_model_cache/multichip/layer_10/expert_down_tp4_dtype_BFLOAT8_B_layout_TILE.tensorbin of shape Shape([1, 128, 192, 2816])
2026-08-15 21:31:38.411 | DEBUG    | core:as_tensor:724 - Loaded cache for /tmp/gemma4_full_model_cache/multichip/layer_10/expert_prefill_sparsity_dtype_BFLOAT16_layout_ROW_MAJOR.tensorbin of shape Shape([1, 1, 1, 128])
2026-08-15 21:31:38.416 | DEBUG    | core:as_tensor:724 - Loaded cache for /tmp/gemma4_full_model_cache/multichip/layer_10/packed_mlp_gate_up_decode_bfp4_tp4_dtype_BFLOAT4_B_layout_TILE.tensorbin of shape Shape([1, 1, 2816, 1088])
2026-08-15 21:31:38.870 | DEBUG    | core:as_tensor:724 - Loaded cache for /tmp/gemma4_full_model_cache/multichip/layer_11/layer_scalar_dtype_BFLOAT16_layout_TILE.tensorbin of shape Shape([1, 1, 1, 1])
2026-08-15 21:31:38.870 | DEBUG    | core:as_tensor:724 - Loaded cache for /tmp/gemma4_full_model_cache/multichip/layer_11/input_ln_dtype_BFLOAT16_layout_TILE.tensorbin of shape Shape([1, 1, 1, 2816])
2026-08-15 21:31:38.871 | DEBUG    | core:as_tensor:724 - Loaded cache for /tmp/gemma4_full_model_cache/multichip/layer_11/post_attn_ln_dtype_BFLOAT16_layout_TILE.tensorbin of shape Shape([1, 1, 1, 2816])
2026-08-15 21:31:38.871 | DEBUG    | core:as_tensor:724 - Loaded cache for /tmp/gemma4_full_model_cache/multichip/layer_11/pre_ff_ln_dtype_BFLOAT16_layout_TILE.tensorbin of shape Shape([1, 1, 1, 2816])
2026-08-15 21:31:38.871 | DEBUG    | core:as_tensor:724 - Loaded cache for /tmp/gemma4_full_model_cache/multichip/layer_11/post_ff_ln_dtype_BFLOAT16_layout_TILE.tensorbin of shape Shape([1, 1, 1, 2816])
2026-08-15 21:31:38.871 | DEBUG    | core:as_tensor:724 - Loaded cache for /tmp/gemma4_full_model_cache/multichip/layer_11/post_ff_ln_1_dtype_BFLOAT16_layout_TILE.tensorbin of shape Shape([1, 1, 1, 2816])
2026-08-15 21:31:38.871 | DEBUG    | core:as_tensor:724 - Loaded cache for /tmp/gemma4_full_model_cache/multichip/layer_11/post_ff_ln_2_dtype_BFLOAT16_layout_TILE.tensorbin of shape Shape([1, 1, 1, 2816])
2026-08-15 21:31:38.871 | DEBUG    | core:as_tensor:724 - Loaded cache for /tmp/gemma4_full_model_cache/multichip/layer_11/pre_ff_ln_2_dtype_BFLOAT16_layout_TILE.tensorbin of shape Shape([1, 1, 1, 2816])
2026-08-15 21:31:38.872 | DEBUG    | core:as_tensor:724 - Loaded cache for /tmp/gemma4_full_model_cache/multichip/layer_11/q_norm_dtype_BFLOAT16_layout_TILE.tensorbin of shape Shape([1, 1, 1, 512])
2026-08-15 21:31:38.872 | DEBUG    | core:as_tensor:724 - Loaded cache for /tmp/gemma4_full_model_cache/multichip/layer_11/k_norm_dtype_BFLOAT16_layout_TILE.tensorbin of shape Shape([1, 1, 1, 512])
2026-08-15 21:31:38.878 | DEBUG    | core:as_tensor:724 - Loaded cache for /tmp/gemma4_full_model_cache/multichip/layer_11/qkv_tp4_dtype_BFLOAT8_B_layout_TILE.tensorbin of shape Shape([1, 1, 2816, 3072])
2026-08-15 21:31:38.896 | DEBUG    | core:as_tensor:724 - Loaded cache for /tmp/gemma4_full_model_cache/multichip/layer_11/o_proj_tp4_dtype_BFLOAT8_B_layout_TILE.tensorbin of shape Shape([1, 1, 2048, 2816])
2026-08-15 21:31:38.898 | DEBUG    | core:as_tensor:724 - Loaded cache for /tmp/gemma4_full_model_cache/multichip/layer_11/mlp_gate_tp4_dtype_BFLOAT8_B_layout_TILE.tensorbin of shape Shape([1, 1, 2816, 544])
2026-08-15 21:31:38.899 | DEBUG    | core:as_tensor:724 - Loaded cache for /tmp/gemma4_full_model_cache/multichip/layer_11/mlp_up_tp4_dtype_BFLOAT8_B_layout_TILE.tensorbin of shape Shape([1, 1, 2816, 544])
2026-08-15 21:31:38.900 | DEBUG    | core:as_tensor:724 - Loaded cache for /tmp/gemma4_full_model_cache/multichip/layer_11/mlp_down_tp4_dtype_BFLOAT8_B_layout_TILE.tensorbin of shape Shape([1, 1, 544, 2816])
2026-08-15 21:31:38.900 | DEBUG    | core:as_tensor:724 - Loaded cache for /tmp/gemma4_full_model_cache/multichip/layer_11/router_scale_dtype_FLOAT32_layout_TILE.tensorbin of shape Shape([1, 1, 1, 2816])
2026-08-15 21:31:38.901 | DEBUG    | core:as_tensor:724 - Loaded cache for /tmp/gemma4_full_model_cache/multichip/layer_11/router_proj_dtype_FLOAT32_layout_TILE.tensorbin of shape Shape([1, 1, 2816, 128])
2026-08-15 21:31:38.901 | DEBUG    | core:as_tensor:724 - Loaded cache for /tmp/gemma4_full_model_cache/multichip/layer_11/router_per_expert_scale_dtype_FLOAT32_layout_TILE.tensorbin of shape Shape([1, 128])
2026-08-15 21:31:38.925 | DEBUG    | core:as_tensor:724 - Loaded cache for /tmp/gemma4_full_model_cache/multichip/layer_11/expert_gate_tp4_dtype_BFLOAT8_B_layout_TILE.tensorbin of shape Shape([1, 128, 2816, 192])
2026-08-15 21:31:38.949 | DEBUG    | core:as_tensor:724 - Loaded cache for /tmp/gemma4_full_model_cache/multichip/layer_11/expert_up_tp4_dtype_BFLOAT8_B_layout_TILE.tensorbin of shape Shape([1, 128, 2816, 192])
2026-08-15 21:31:38.974 | DEBUG    | core:as_tensor:724 - Loaded cache for /tmp/gemma4_full_model_cache/multichip/layer_11/expert_down_tp4_dtype_BFLOAT8_B_layout_TILE.tensorbin of shape Shape([1, 128, 192, 2816])
2026-08-15 21:31:38.974 | DEBUG    | core:as_tensor:724 - Loaded cache for /tmp/gemma4_full_model_cache/multichip/layer_11/expert_prefill_sparsity_dtype_BFLOAT16_layout_ROW_MAJOR.tensorbin of shape Shape([1, 1, 1, 128])
2026-08-15 21:31:38.979 | DEBUG    | core:as_tensor:724 - Loaded cache for /tmp/gemma4_full_model_cache/multichip/layer_11/packed_mlp_gate_up_decode_bfp4_tp4_dtype_BFLOAT4_B_layout_TILE.tensorbin of shape Shape([1, 1, 2816, 1088])
2026-08-15 21:31:39.429 | DEBUG    | core:as_tensor:724 - Loaded cache for /tmp/gemma4_full_model_cache/multichip/layer_12/layer_scalar_dtype_BFLOAT16_layout_TILE.tensorbin of shape Shape([1, 1, 1, 1])
2026-08-15 21:31:39.430 | DEBUG    | core:as_tensor:724 - Loaded cache for /tmp/gemma4_full_model_cache/multichip/layer_12/input_ln_dtype_BFLOAT16_layout_TILE.tensorbin of shape Shape([1, 1, 1, 2816])
2026-08-15 21:31:39.430 | DEBUG    | core:as_tensor:724 - Loaded cache for /tmp/gemma4_full_model_cache/multichip/layer_12/post_attn_ln_dtype_BFLOAT16_layout_TILE.tensorbin of shape Shape([1, 1, 1, 2816])
2026-08-15 21:31:39.430 | DEBUG    | core:as_tensor:724 - Loaded cache for /tmp/gemma4_full_model_cache/multichip/layer_12/pre_ff_ln_dtype_BFLOAT16_layout_TILE.tensorbin of shape Shape([1, 1, 1, 2816])
2026-08-15 21:31:39.431 | DEBUG    | core:as_tensor:724 - Loaded cache for /tmp/gemma4_full_model_cache/multichip/layer_12/post_ff_ln_dtype_BFLOAT16_layout_TILE.tensorbin of shape Shape([1, 1, 1, 2816])
2026-08-15 21:31:39.431 | DEBUG    | core:as_tensor:724 - Loaded cache for /tmp/gemma4_full_model_cache/multichip/layer_12/post_ff_ln_1_dtype_BFLOAT16_layout_TILE.tensorbin of shape Shape([1, 1, 1, 2816])
2026-08-15 21:31:39.431 | DEBUG    | core:as_tensor:724 - Loaded cache for /tmp/gemma4_full_model_cache/multichip/layer_12/post_ff_ln_2_dtype_BFLOAT16_layout_TILE.tensorbin of shape Shape([1, 1, 1, 2816])
2026-08-15 21:31:39.432 | DEBUG    | core:as_tensor:724 - Loaded cache for /tmp/gemma4_full_model_cache/multichip/layer_12/pre_ff_ln_2_dtype_BFLOAT16_layout_TILE.tensorbin of shape Shape([1, 1, 1, 2816])
2026-08-15 21:31:39.432 | DEBUG    | core:as_tensor:724 - Loaded cache for /tmp/gemma4_full_model_cache/multichip/layer_12/q_norm_dtype_BFLOAT16_layout_TILE.tensorbin of shape Shape([1, 1, 1, 256])
2026-08-15 21:31:39.432 | DEBUG    | core:as_tensor:724 - Loaded cache for /tmp/gemma4_full_model_cache/multichip/layer_12/k_norm_dtype_BFLOAT16_layout_TILE.tensorbin of shape Shape([1, 1, 1, 256])
2026-08-15 21:31:39.434 | DEBUG    | core:as_tensor:724 - Loaded cache for /tmp/gemma4_full_model_cache/multichip/layer_12/qkv_tp4_dtype_BFLOAT8_B_layout_TILE.tensorbin of shape Shape([1, 1, 2816, 2048])
2026-08-15 21:31:39.440 | DEBUG    | core:as_tensor:724 - Loaded cache for /tmp/gemma4_full_model_cache/multichip/layer_12/o_proj_tp4_dtype_BFLOAT8_B_layout_TILE.tensorbin of shape Shape([1, 1, 1024, 2816])
2026-08-15 21:31:39.441 | DEBUG    | core:as_tensor:724 - Loaded cache for /tmp/gemma4_full_model_cache/multichip/layer_12/mlp_gate_tp4_dtype_BFLOAT8_B_layout_TILE.tensorbin of shape Shape([1, 1, 2816, 544])
2026-08-15 21:31:39.442 | DEBUG    | core:as_tensor:724 - Loaded cache for /tmp/gemma4_full_model_cache/multichip/layer_12/mlp_up_tp4_dtype_BFLOAT8_B_layout_TILE.tensorbin of shape Shape([1, 1, 2816, 544])
2026-08-15 21:31:39.442 | DEBUG    | core:as_tensor:724 - Loaded cache for /tmp/gemma4_full_model_cache/multichip/layer_12/mlp_down_tp4_dtype_BFLOAT8_B_layout_TILE.tensorbin of shape Shape([1, 1, 544, 2816])
2026-08-15 21:31:39.443 | DEBUG    | core:as_tensor:724 - Loaded cache for /tmp/gemma4_full_model_cache/multichip/layer_12/router_scale_dtype_FLOAT32_layout_TILE.tensorbin of shape Shape([1, 1, 1, 2816])
2026-08-15 21:31:39.443 | DEBUG    | core:as_tensor:724 - Loaded cache for /tmp/gemma4_full_model_cache/multichip/layer_12/router_proj_dtype_FLOAT32_layout_TILE.tensorbin of shape Shape([1, 1, 2816, 128])
2026-08-15 21:31:39.443 | DEBUG    | core:as_tensor:724 - Loaded cache for /tmp/gemma4_full_model_cache/multichip/layer_12/router_per_expert_scale_dtype_FLOAT32_layout_TILE.tensorbin of shape Shape([1, 128])
2026-08-15 21:31:39.468 | DEBUG    | core:as_tensor:724 - Loaded cache for /tmp/gemma4_full_model_cache/multichip/layer_12/expert_gate_tp4_dtype_BFLOAT8_B_layout_TILE.tensorbin of shape Shape([1, 128, 2816, 192])
2026-08-15 21:31:39.492 | DEBUG    | core:as_tensor:724 - Loaded cache for /tmp/gemma4_full_model_cache/multichip/layer_12/expert_up_tp4_dtype_BFLOAT8_B_layout_TILE.tensorbin of shape Shape([1, 128, 2816, 192])
2026-08-15 21:31:39.516 | DEBUG    | core:as_tensor:724 - Loaded cache for /tmp/gemma4_full_model_cache/multichip/layer_12/expert_down_tp4_dtype_BFLOAT8_B_layout_TILE.tensorbin of shape Shape([1, 128, 192, 2816])
2026-08-15 21:31:39.517 | DEBUG    | core:as_tensor:724 - Loaded cache for /tmp/gemma4_full_model_cache/multichip/layer_12/expert_prefill_sparsity_dtype_BFLOAT16_layout_ROW_MAJOR.tensorbin of shape Shape([1, 1, 1, 128])
2026-08-15 21:31:39.521 | DEBUG    | core:as_tensor:724 - Loaded cache for /tmp/gemma4_full_model_cache/multichip/layer_12/packed_mlp_gate_up_decode_bfp4_tp4_dtype_BFLOAT4_B_layout_TILE.tensorbin of shape Shape([1, 1, 2816, 1088])
2026-08-15 21:31:39.967 | DEBUG    | core:as_tensor:724 - Loaded cache for /tmp/gemma4_full_model_cache/multichip/layer_13/layer_scalar_dtype_BFLOAT16_layout_TILE.tensorbin of shape Shape([1, 1, 1, 1])
2026-08-15 21:31:39.967 | DEBUG    | core:as_tensor:724 - Loaded cache for /tmp/gemma4_full_model_cache/multichip/layer_13/input_ln_dtype_BFLOAT16_layout_TILE.tensorbin of shape Shape([1, 1, 1, 2816])
2026-08-15 21:31:39.967 | DEBUG    | core:as_tensor:724 - Loaded cache for /tmp/gemma4_full_model_cache/multichip/layer_13/post_attn_ln_dtype_BFLOAT16_layout_TILE.tensorbin of shape Shape([1, 1, 1, 2816])
2026-08-15 21:31:39.968 | DEBUG    | core:as_tensor:724 - Loaded cache for /tmp/gemma4_full_model_cache/multichip/layer_13/pre_ff_ln_dtype_BFLOAT16_layout_TILE.tensorbin of shape Shape([1, 1, 1, 2816])
2026-08-15 21:31:39.968 | DEBUG    | core:as_tensor:724 - Loaded cache for /tmp/gemma4_full_model_cache/multichip/layer_13/post_ff_ln_dtype_BFLOAT16_layout_TILE.tensorbin of shape Shape([1, 1, 1, 2816])
2026-08-15 21:31:39.968 | DEBUG    | core:as_tensor:724 - Loaded cache for /tmp/gemma4_full_model_cache/multichip/layer_13/post_ff_ln_1_dtype_BFLOAT16_layout_TILE.tensorbin of shape Shape([1, 1, 1, 2816])
2026-08-15 21:31:39.968 | DEBUG    | core:as_tensor:724 - Loaded cache for /tmp/gemma4_full_model_cache/multichip/layer_13/post_ff_ln_2_dtype_BFLOAT16_layout_TILE.tensorbin of shape Shape([1, 1, 1, 2816])
2026-08-15 21:31:39.968 | DEBUG    | core:as_tensor:724 - Loaded cache for /tmp/gemma4_full_model_cache/multichip/layer_13/pre_ff_ln_2_dtype_BFLOAT16_layout_TILE.tensorbin of shape Shape([1, 1, 1, 2816])
2026-08-15 21:31:39.968 | DEBUG    | core:as_tensor:724 - Loaded cache for /tmp/gemma4_full_model_cache/multichip/layer_13/q_norm_dtype_BFLOAT16_layout_TILE.tensorbin of shape Shape([1, 1, 1, 256])
2026-08-15 21:31:39.969 | DEBUG    | core:as_tensor:724 - Loaded cache for /tmp/gemma4_full_model_cache/multichip/layer_13/k_norm_dtype_BFLOAT16_layout_TILE.tensorbin of shape Shape([1, 1, 1, 256])
2026-08-15 21:31:39.971 | DEBUG    | core:as_tensor:724 - Loaded cache for /tmp/gemma4_full_model_cache/multichip/layer_13/qkv_tp4_dtype_BFLOAT8_B_layout_TILE.tensorbin of shape Shape([1, 1, 2816, 2048])
2026-08-15 21:31:39.977 | DEBUG    | core:as_tensor:724 - Loaded cache for /tmp/gemma4_full_model_cache/multichip/layer_13/o_proj_tp4_dtype_BFLOAT8_B_layout_TILE.tensorbin of shape Shape([1, 1, 1024, 2816])
2026-08-15 21:31:39.978 | DEBUG    | core:as_tensor:724 - Loaded cache for /tmp/gemma4_full_model_cache/multichip/layer_13/mlp_gate_tp4_dtype_BFLOAT8_B_layout_TILE.tensorbin of shape Shape([1, 1, 2816, 544])
2026-08-15 21:31:39.979 | DEBUG    | core:as_tensor:724 - Loaded cache for /tmp/gemma4_full_model_cache/multichip/layer_13/mlp_up_tp4_dtype_BFLOAT8_B_layout_TILE.tensorbin of shape Shape([1, 1, 2816, 544])
2026-08-15 21:31:39.980 | DEBUG    | core:as_tensor:724 - Loaded cache for /tmp/gemma4_full_model_cache/multichip/layer_13/mlp_down_tp4_dtype_BFLOAT8_B_layout_TILE.tensorbin of shape Shape([1, 1, 544, 2816])
2026-08-15 21:31:39.980 | DEBUG    | core:as_tensor:724 - Loaded cache for /tmp/gemma4_full_model_cache/multichip/layer_13/router_scale_dtype_FLOAT32_layout_TILE.tensorbin of shape Shape([1, 1, 1, 2816])
2026-08-15 21:31:39.981 | DEBUG    | core:as_tensor:724 - Loaded cache for /tmp/gemma4_full_model_cache/multichip/layer_13/router_proj_dtype_FLOAT32_layout_TILE.tensorbin of shape Shape([1, 1, 2816, 128])
2026-08-15 21:31:39.981 | DEBUG    | core:as_tensor:724 - Loaded cache for /tmp/gemma4_full_model_cache/multichip/layer_13/router_per_expert_scale_dtype_FLOAT32_layout_TILE.tensorbin of shape Shape([1, 128])
2026-08-15 21:31:40.005 | DEBUG    | core:as_tensor:724 - Loaded cache for /tmp/gemma4_full_model_cache/multichip/layer_13/expert_gate_tp4_dtype_BFLOAT8_B_layout_TILE.tensorbin of shape Shape([1, 128, 2816, 192])
2026-08-15 21:31:40.029 | DEBUG    | core:as_tensor:724 - Loaded cache for /tmp/gemma4_full_model_cache/multichip/layer_13/expert_up_tp4_dtype_BFLOAT8_B_layout_TILE.tensorbin of shape Shape([1, 128, 2816, 192])
2026-08-15 21:31:40.053 | DEBUG    | core:as_tensor:724 - Loaded cache for /tmp/gemma4_full_model_cache/multichip/layer_13/expert_down_tp4_dtype_BFLOAT8_B_layout_TILE.tensorbin of shape Shape([1, 128, 192, 2816])
2026-08-15 21:31:40.054 | DEBUG    | core:as_tensor:724 - Loaded cache for /tmp/gemma4_full_model_cache/multichip/layer_13/expert_prefill_sparsity_dtype_BFLOAT16_layout_ROW_MAJOR.tensorbin of shape Shape([1, 1, 1, 128])
2026-08-15 21:31:40.059 | DEBUG    | core:as_tensor:724 - Loaded cache for /tmp/gemma4_full_model_cache/multichip/layer_13/packed_mlp_gate_up_decode_bfp4_tp4_dtype_BFLOAT4_B_layout_TILE.tensorbin of shape Shape([1, 1, 2816, 1088])
2026-08-15 21:31:40.510 | DEBUG    | core:as_tensor:724 - Loaded cache for /tmp/gemma4_full_model_cache/multichip/layer_14/layer_scalar_dtype_BFLOAT16_layout_TILE.tensorbin of shape Shape([1, 1, 1, 1])
2026-08-15 21:31:40.510 | DEBUG    | core:as_tensor:724 - Loaded cache for /tmp/gemma4_full_model_cache/multichip/layer_14/input_ln_dtype_BFLOAT16_layout_TILE.tensorbin of shape Shape([1, 1, 1, 2816])
2026-08-15 21:31:40.510 | DEBUG    | core:as_tensor:724 - Loaded cache for /tmp/gemma4_full_model_cache/multichip/layer_14/post_attn_ln_dtype_BFLOAT16_layout_TILE.tensorbin of shape Shape([1, 1, 1, 2816])
2026-08-15 21:31:40.511 | DEBUG    | core:as_tensor:724 - Loaded cache for /tmp/gemma4_full_model_cache/multichip/layer_14/pre_ff_ln_dtype_BFLOAT16_layout_TILE.tensorbin of shape Shape([1, 1, 1, 2816])
2026-08-15 21:31:40.511 | DEBUG    | core:as_tensor:724 - Loaded cache for /tmp/gemma4_full_model_cache/multichip/layer_14/post_ff_ln_dtype_BFLOAT16_layout_TILE.tensorbin of shape Shape([1, 1, 1, 2816])
2026-08-15 21:31:40.511 | DEBUG    | core:as_tensor:724 - Loaded cache for /tmp/gemma4_full_model_cache/multichip/layer_14/post_ff_ln_1_dtype_BFLOAT16_layout_TILE.tensorbin of shape Shape([1, 1, 1, 2816])
2026-08-15 21:31:40.511 | DEBUG    | core:as_tensor:724 - Loaded cache for /tmp/gemma4_full_model_cache/multichip/layer_14/post_ff_ln_2_dtype_BFLOAT16_layout_TILE.tensorbin of shape Shape([1, 1, 1, 2816])
2026-08-15 21:31:40.511 | DEBUG    | core:as_tensor:724 - Loaded cache for /tmp/gemma4_full_model_cache/multichip/layer_14/pre_ff_ln_2_dtype_BFLOAT16_layout_TILE.tensorbin of shape Shape([1, 1, 1, 2816])
2026-08-15 21:31:40.511 | DEBUG    | core:as_tensor:724 - Loaded cache for /tmp/gemma4_full_model_cache/multichip/layer_14/q_norm_dtype_BFLOAT16_layout_TILE.tensorbin of shape Shape([1, 1, 1, 256])
2026-08-15 21:31:40.511 | DEBUG    | core:as_tensor:724 - Loaded cache for /tmp/gemma4_full_model_cache/multichip/layer_14/k_norm_dtype_BFLOAT16_layout_TILE.tensorbin of shape Shape([1, 1, 1, 256])
2026-08-15 21:31:40.513 | DEBUG    | core:as_tensor:724 - Loaded cache for /tmp/gemma4_full_model_cache/multichip/layer_14/qkv_tp4_dtype_BFLOAT8_B_layout_TILE.tensorbin of shape Shape([1, 1, 2816, 2048])
2026-08-15 21:31:40.522 | DEBUG    | core:as_tensor:724 - Loaded cache for /tmp/gemma4_full_model_cache/multichip/layer_14/o_proj_tp4_dtype_BFLOAT8_B_layout_TILE.tensorbin of shape Shape([1, 1, 1024, 2816])
2026-08-15 21:31:40.523 | DEBUG    | core:as_tensor:724 - Loaded cache for /tmp/gemma4_full_model_cache/multichip/layer_14/mlp_gate_tp4_dtype_BFLOAT8_B_layout_TILE.tensorbin of shape Shape([1, 1, 2816, 544])
2026-08-15 21:31:40.524 | DEBUG    | core:as_tensor:724 - Loaded cache for /tmp/gemma4_full_model_cache/multichip/layer_14/mlp_up_tp4_dtype_BFLOAT8_B_layout_TILE.tensorbin of shape Shape([1, 1, 2816, 544])
2026-08-15 21:31:40.524 | DEBUG    | core:as_tensor:724 - Loaded cache for /tmp/gemma4_full_model_cache/multichip/layer_14/mlp_down_tp4_dtype_BFLOAT8_B_layout_TILE.tensorbin of shape Shape([1, 1, 544, 2816])
2026-08-15 21:31:40.524 | DEBUG    | core:as_tensor:724 - Loaded cache for /tmp/gemma4_full_model_cache/multichip/layer_14/router_scale_dtype_FLOAT32_layout_TILE.tensorbin of shape Shape([1, 1, 1, 2816])
2026-08-15 21:31:40.525 | DEBUG    | core:as_tensor:724 - Loaded cache for /tmp/gemma4_full_model_cache/multichip/layer_14/router_proj_dtype_FLOAT32_layout_TILE.tensorbin of shape Shape([1, 1, 2816, 128])
2026-08-15 21:31:40.525 | DEBUG    | core:as_tensor:724 - Loaded cache for /tmp/gemma4_full_model_cache/multichip/layer_14/router_per_expert_scale_dtype_FLOAT32_layout_TILE.tensorbin of shape Shape([1, 128])
2026-08-15 21:31:40.550 | DEBUG    | core:as_tensor:724 - Loaded cache for /tmp/gemma4_full_model_cache/multichip/layer_14/expert_gate_tp4_dtype_BFLOAT8_B_layout_TILE.tensorbin of shape Shape([1, 128, 2816, 192])
2026-08-15 21:31:40.575 | DEBUG    | core:as_tensor:724 - Loaded cache for /tmp/gemma4_full_model_cache/multichip/layer_14/expert_up_tp4_dtype_BFLOAT8_B_layout_TILE.tensorbin of shape Shape([1, 128, 2816, 192])
2026-08-15 21:31:40.602 | DEBUG    | core:as_tensor:724 - Loaded cache for /tmp/gemma4_full_model_cache/multichip/layer_14/expert_down_tp4_dtype_BFLOAT8_B_layout_TILE.tensorbin of shape Shape([1, 128, 192, 2816])
2026-08-15 21:31:40.602 | DEBUG    | core:as_tensor:724 - Loaded cache for /tmp/gemma4_full_model_cache/multichip/layer_14/expert_prefill_sparsity_dtype_BFLOAT16_layout_ROW_MAJOR.tensorbin of shape Shape([1, 1, 1, 128])
2026-08-15 21:31:40.607 | DEBUG    | core:as_tensor:724 - Loaded cache for /tmp/gemma4_full_model_cache/multichip/layer_14/packed_mlp_gate_up_decode_bfp4_tp4_dtype_BFLOAT4_B_layout_TILE.tensorbin of shape Shape([1, 1, 2816, 1088])
2026-08-15 21:31:41.052 | DEBUG    | core:as_tensor:724 - Loaded cache for /tmp/gemma4_full_model_cache/multichip/layer_15/layer_scalar_dtype_BFLOAT16_layout_TILE.tensorbin of shape Shape([1, 1, 1, 1])
2026-08-15 21:31:41.053 | DEBUG    | core:as_tensor:724 - Loaded cache for /tmp/gemma4_full_model_cache/multichip/layer_15/input_ln_dtype_BFLOAT16_layout_TILE.tensorbin of shape Shape([1, 1, 1, 2816])
2026-08-15 21:31:41.053 | DEBUG    | core:as_tensor:724 - Loaded cache for /tmp/gemma4_full_model_cache/multichip/layer_15/post_attn_ln_dtype_BFLOAT16_layout_TILE.tensorbin of shape Shape([1, 1, 1, 2816])
2026-08-15 21:31:41.053 | DEBUG    | core:as_tensor:724 - Loaded cache for /tmp/gemma4_full_model_cache/multichip/layer_15/pre_ff_ln_dtype_BFLOAT16_layout_TILE.tensorbin of shape Shape([1, 1, 1, 2816])
2026-08-15 21:31:41.053 | DEBUG    | core:as_tensor:724 - Loaded cache for /tmp/gemma4_full_model_cache/multichip/layer_15/post_ff_ln_dtype_BFLOAT16_layout_TILE.tensorbin of shape Shape([1, 1, 1, 2816])
2026-08-15 21:31:41.053 | DEBUG    | core:as_tensor:724 - Loaded cache for /tmp/gemma4_full_model_cache/multichip/layer_15/post_ff_ln_1_dtype_BFLOAT16_layout_TILE.tensorbin of shape Shape([1, 1, 1, 2816])
2026-08-15 21:31:41.053 | DEBUG    | core:as_tensor:724 - Loaded cache for /tmp/gemma4_full_model_cache/multichip/layer_15/post_ff_ln_2_dtype_BFLOAT16_layout_TILE.tensorbin of shape Shape([1, 1, 1, 2816])
2026-08-15 21:31:41.054 | DEBUG    | core:as_tensor:724 - Loaded cache for /tmp/gemma4_full_model_cache/multichip/layer_15/pre_ff_ln_2_dtype_BFLOAT16_layout_TILE.tensorbin of shape Shape([1, 1, 1, 2816])
2026-08-15 21:31:41.054 | DEBUG    | core:as_tensor:724 - Loaded cache for /tmp/gemma4_full_model_cache/multichip/layer_15/q_norm_dtype_BFLOAT16_layout_TILE.tensorbin of shape Shape([1, 1, 1, 256])
2026-08-15 21:31:41.054 | DEBUG    | core:as_tensor:724 - Loaded cache for /tmp/gemma4_full_model_cache/multichip/layer_15/k_norm_dtype_BFLOAT16_layout_TILE.tensorbin of shape Shape([1, 1, 1, 256])
2026-08-15 21:31:41.056 | DEBUG    | core:as_tensor:724 - Loaded cache for /tmp/gemma4_full_model_cache/multichip/layer_15/qkv_tp4_dtype_BFLOAT8_B_layout_TILE.tensorbin of shape Shape([1, 1, 2816, 2048])
2026-08-15 21:31:41.063 | DEBUG    | core:as_tensor:724 - Loaded cache for /tmp/gemma4_full_model_cache/multichip/layer_15/o_proj_tp4_dtype_BFLOAT8_B_layout_TILE.tensorbin of shape Shape([1, 1, 1024, 2816])
2026-08-15 21:31:41.064 | DEBUG    | core:as_tensor:724 - Loaded cache for /tmp/gemma4_full_model_cache/multichip/layer_15/mlp_gate_tp4_dtype_BFLOAT8_B_layout_TILE.tensorbin of shape Shape([1, 1, 2816, 544])
2026-08-15 21:31:41.064 | DEBUG    | core:as_tensor:724 - Loaded cache for /tmp/gemma4_full_model_cache/multichip/layer_15/mlp_up_tp4_dtype_BFLOAT8_B_layout_TILE.tensorbin of shape Shape([1, 1, 2816, 544])
2026-08-15 21:31:41.065 | DEBUG    | core:as_tensor:724 - Loaded cache for /tmp/gemma4_full_model_cache/multichip/layer_15/mlp_down_tp4_dtype_BFLOAT8_B_layout_TILE.tensorbin of shape Shape([1, 1, 544, 2816])
2026-08-15 21:31:41.065 | DEBUG    | core:as_tensor:724 - Loaded cache for /tmp/gemma4_full_model_cache/multichip/layer_15/router_scale_dtype_FLOAT32_layout_TILE.tensorbin of shape Shape([1, 1, 1, 2816])
2026-08-15 21:31:41.066 | DEBUG    | core:as_tensor:724 - Loaded cache for /tmp/gemma4_full_model_cache/multichip/layer_15/router_proj_dtype_FLOAT32_layout_TILE.tensorbin of shape Shape([1, 1, 2816, 128])
2026-08-15 21:31:41.066 | DEBUG    | core:as_tensor:724 - Loaded cache for /tmp/gemma4_full_model_cache/multichip/layer_15/router_per_expert_scale_dtype_FLOAT32_layout_TILE.tensorbin of shape Shape([1, 128])
2026-08-15 21:31:41.094 | DEBUG    | core:as_tensor:724 - Loaded cache for /tmp/gemma4_full_model_cache/multichip/layer_15/expert_gate_tp4_dtype_BFLOAT8_B_layout_TILE.tensorbin of shape Shape([1, 128, 2816, 192])
2026-08-15 21:31:41.121 | DEBUG    | core:as_tensor:724 - Loaded cache for /tmp/gemma4_full_model_cache/multichip/layer_15/expert_up_tp4_dtype_BFLOAT8_B_layout_TILE.tensorbin of shape Shape([1, 128, 2816, 192])
2026-08-15 21:31:41.148 | DEBUG    | core:as_tensor:724 - Loaded cache for /tmp/gemma4_full_model_cache/multichip/layer_15/expert_down_tp4_dtype_BFLOAT8_B_layout_TILE.tensorbin of shape Shape([1, 128, 192, 2816])
2026-08-15 21:31:41.149 | DEBUG    | core:as_tensor:724 - Loaded cache for /tmp/gemma4_full_model_cache/multichip/layer_15/expert_prefill_sparsity_dtype_BFLOAT16_layout_ROW_MAJOR.tensorbin of shape Shape([1, 1, 1, 128])
2026-08-15 21:31:41.154 | DEBUG    | core:as_tensor:724 - Loaded cache for /tmp/gemma4_full_model_cache/multichip/layer_15/packed_mlp_gate_up_decode_bfp4_tp4_dtype_BFLOAT4_B_layout_TILE.tensorbin of shape Shape([1, 1, 2816, 1088])
2026-08-15 21:31:41.603 | DEBUG    | core:as_tensor:724 - Loaded cache for /tmp/gemma4_full_model_cache/multichip/layer_16/layer_scalar_dtype_BFLOAT16_layout_TILE.tensorbin of shape Shape([1, 1, 1, 1])
2026-08-15 21:31:41.603 | DEBUG    | core:as_tensor:724 - Loaded cache for /tmp/gemma4_full_model_cache/multichip/layer_16/input_ln_dtype_BFLOAT16_layout_TILE.tensorbin of shape Shape([1, 1, 1, 2816])
2026-08-15 21:31:41.603 | DEBUG    | core:as_tensor:724 - Loaded cache for /tmp/gemma4_full_model_cache/multichip/layer_16/post_attn_ln_dtype_BFLOAT16_layout_TILE.tensorbin of shape Shape([1, 1, 1, 2816])
2026-08-15 21:31:41.603 | DEBUG    | core:as_tensor:724 - Loaded cache for /tmp/gemma4_full_model_cache/multichip/layer_16/pre_ff_ln_dtype_BFLOAT16_layout_TILE.tensorbin of shape Shape([1, 1, 1, 2816])
2026-08-15 21:31:41.604 | DEBUG    | core:as_tensor:724 - Loaded cache for /tmp/gemma4_full_model_cache/multichip/layer_16/post_ff_ln_dtype_BFLOAT16_layout_TILE.tensorbin of shape Shape([1, 1, 1, 2816])
2026-08-15 21:31:41.604 | DEBUG    | core:as_tensor:724 - Loaded cache for /tmp/gemma4_full_model_cache/multichip/layer_16/post_ff_ln_1_dtype_BFLOAT16_layout_TILE.tensorbin of shape Shape([1, 1, 1, 2816])
2026-08-15 21:31:41.604 | DEBUG    | core:as_tensor:724 - Loaded cache for /tmp/gemma4_full_model_cache/multichip/layer_16/post_ff_ln_2_dtype_BFLOAT16_layout_TILE.tensorbin of shape Shape([1, 1, 1, 2816])
2026-08-15 21:31:41.604 | DEBUG    | core:as_tensor:724 - Loaded cache for /tmp/gemma4_full_model_cache/multichip/layer_16/pre_ff_ln_2_dtype_BFLOAT16_layout_TILE.tensorbin of shape Shape([1, 1, 1, 2816])
2026-08-15 21:31:41.604 | DEBUG    | core:as_tensor:724 - Loaded cache for /tmp/gemma4_full_model_cache/multichip/layer_16/q_norm_dtype_BFLOAT16_layout_TILE.tensorbin of shape Shape([1, 1, 1, 256])
2026-08-15 21:31:41.604 | DEBUG    | core:as_tensor:724 - Loaded cache for /tmp/gemma4_full_model_cache/multichip/layer_16/k_norm_dtype_BFLOAT16_layout_TILE.tensorbin of shape Shape([1, 1, 1, 256])
2026-08-15 21:31:41.606 | DEBUG    | core:as_tensor:724 - Loaded cache for /tmp/gemma4_full_model_cache/multichip/layer_16/qkv_tp4_dtype_BFLOAT8_B_layout_TILE.tensorbin of shape Shape([1, 1, 2816, 2048])
2026-08-15 21:31:41.613 | DEBUG    | core:as_tensor:724 - Loaded cache for /tmp/gemma4_full_model_cache/multichip/layer_16/o_proj_tp4_dtype_BFLOAT8_B_layout_TILE.tensorbin of shape Shape([1, 1, 1024, 2816])
2026-08-15 21:31:41.614 | DEBUG    | core:as_tensor:724 - Loaded cache for /tmp/gemma4_full_model_cache/multichip/layer_16/mlp_gate_tp4_dtype_BFLOAT8_B_layout_TILE.tensorbin of shape Shape([1, 1, 2816, 544])
2026-08-15 21:31:41.615 | DEBUG    | core:as_tensor:724 - Loaded cache for /tmp/gemma4_full_model_cache/multichip/layer_16/mlp_up_tp4_dtype_BFLOAT8_B_layout_TILE.tensorbin of shape Shape([1, 1, 2816, 544])
2026-08-15 21:31:41.615 | DEBUG    | core:as_tensor:724 - Loaded cache for /tmp/gemma4_full_model_cache/multichip/layer_16/mlp_down_tp4_dtype_BFLOAT8_B_layout_TILE.tensorbin of shape Shape([1, 1, 544, 2816])
2026-08-15 21:31:41.616 | DEBUG    | core:as_tensor:724 - Loaded cache for /tmp/gemma4_full_model_cache/multichip/layer_16/router_scale_dtype_FLOAT32_layout_TILE.tensorbin of shape Shape([1, 1, 1, 2816])
2026-08-15 21:31:41.616 | DEBUG    | core:as_tensor:724 - Loaded cache for /tmp/gemma4_full_model_cache/multichip/layer_16/router_proj_dtype_FLOAT32_layout_TILE.tensorbin of shape Shape([1, 1, 2816, 128])
2026-08-15 21:31:41.617 | DEBUG    | core:as_tensor:724 - Loaded cache for /tmp/gemma4_full_model_cache/multichip/layer_16/router_per_expert_scale_dtype_FLOAT32_layout_TILE.tensorbin of shape Shape([1, 128])
2026-08-15 21:31:41.644 | DEBUG    | core:as_tensor:724 - Loaded cache for /tmp/gemma4_full_model_cache/multichip/layer_16/expert_gate_tp4_dtype_BFLOAT8_B_layout_TILE.tensorbin of shape Shape([1, 128, 2816, 192])
2026-08-15 21:31:41.675 | DEBUG    | core:as_tensor:724 - Loaded cache for /tmp/gemma4_full_model_cache/multichip/layer_16/expert_up_tp4_dtype_BFLOAT8_B_layout_TILE.tensorbin of shape Shape([1, 128, 2816, 192])
2026-08-15 21:31:41.701 | DEBUG    | core:as_tensor:724 - Loaded cache for /tmp/gemma4_full_model_cache/multichip/layer_16/expert_down_tp4_dtype_BFLOAT8_B_layout_TILE.tensorbin of shape Shape([1, 128, 192, 2816])
2026-08-15 21:31:41.702 | DEBUG    | core:as_tensor:724 - Loaded cache for /tmp/gemma4_full_model_cache/multichip/layer_16/expert_prefill_sparsity_dtype_BFLOAT16_layout_ROW_MAJOR.tensorbin of shape Shape([1, 1, 1, 128])
2026-08-15 21:31:41.706 | DEBUG    | core:as_tensor:724 - Loaded cache for /tmp/gemma4_full_model_cache/multichip/layer_16/packed_mlp_gate_up_decode_bfp4_tp4_dtype_BFLOAT4_B_layout_TILE.tensorbin of shape Shape([1, 1, 2816, 1088])
2026-08-15 21:31:42.157 | DEBUG    | core:as_tensor:724 - Loaded cache for /tmp/gemma4_full_model_cache/multichip/layer_17/layer_scalar_dtype_BFLOAT16_layout_TILE.tensorbin of shape Shape([1, 1, 1, 1])
2026-08-15 21:31:42.158 | DEBUG    | core:as_tensor:724 - Loaded cache for /tmp/gemma4_full_model_cache/multichip/layer_17/input_ln_dtype_BFLOAT16_layout_TILE.tensorbin of shape Shape([1, 1, 1, 2816])
2026-08-15 21:31:42.158 | DEBUG    | core:as_tensor:724 - Loaded cache for /tmp/gemma4_full_model_cache/multichip/layer_17/post_attn_ln_dtype_BFLOAT16_layout_TILE.tensorbin of shape Shape([1, 1, 1, 2816])
2026-08-15 21:31:42.158 | DEBUG    | core:as_tensor:724 - Loaded cache for /tmp/gemma4_full_model_cache/multichip/layer_17/pre_ff_ln_dtype_BFLOAT16_layout_TILE.tensorbin of shape Shape([1, 1, 1, 2816])
2026-08-15 21:31:42.158 | DEBUG    | core:as_tensor:724 - Loaded cache for /tmp/gemma4_full_model_cache/multichip/layer_17/post_ff_ln_dtype_BFLOAT16_layout_TILE.tensorbin of shape Shape([1, 1, 1, 2816])
2026-08-15 21:31:42.158 | DEBUG    | core:as_tensor:724 - Loaded cache for /tmp/gemma4_full_model_cache/multichip/layer_17/post_ff_ln_1_dtype_BFLOAT16_layout_TILE.tensorbin of shape Shape([1, 1, 1, 2816])
2026-08-15 21:31:42.158 | DEBUG    | core:as_tensor:724 - Loaded cache for /tmp/gemma4_full_model_cache/multichip/layer_17/post_ff_ln_2_dtype_BFLOAT16_layout_TILE.tensorbin of shape Shape([1, 1, 1, 2816])
2026-08-15 21:31:42.158 | DEBUG    | core:as_tensor:724 - Loaded cache for /tmp/gemma4_full_model_cache/multichip/layer_17/pre_ff_ln_2_dtype_BFLOAT16_layout_TILE.tensorbin of shape Shape([1, 1, 1, 2816])
2026-08-15 21:31:42.159 | DEBUG    | core:as_tensor:724 - Loaded cache for /tmp/gemma4_full_model_cache/multichip/layer_17/q_norm_dtype_BFLOAT16_layout_TILE.tensorbin of shape Shape([1, 1, 1, 512])
2026-08-15 21:31:42.159 | DEBUG    | core:as_tensor:724 - Loaded cache for /tmp/gemma4_full_model_cache/multichip/layer_17/k_norm_dtype_BFLOAT16_layout_TILE.tensorbin of shape Shape([1, 1, 1, 512])
2026-08-15 21:31:42.165 | DEBUG    | core:as_tensor:724 - Loaded cache for /tmp/gemma4_full_model_cache/multichip/layer_17/qkv_tp4_dtype_BFLOAT8_B_layout_TILE.tensorbin of shape Shape([1, 1, 2816, 3072])
2026-08-15 21:31:42.185 | DEBUG    | core:as_tensor:724 - Loaded cache for /tmp/gemma4_full_model_cache/multichip/layer_17/o_proj_tp4_dtype_BFLOAT8_B_layout_TILE.tensorbin of shape Shape([1, 1, 2048, 2816])
2026-08-15 21:31:42.187 | DEBUG    | core:as_tensor:724 - Loaded cache for /tmp/gemma4_full_model_cache/multichip/layer_17/mlp_gate_tp4_dtype_BFLOAT8_B_layout_TILE.tensorbin of shape Shape([1, 1, 2816, 544])
2026-08-15 21:31:42.188 | DEBUG    | core:as_tensor:724 - Loaded cache for /tmp/gemma4_full_model_cache/multichip/layer_17/mlp_up_tp4_dtype_BFLOAT8_B_layout_TILE.tensorbin of shape Shape([1, 1, 2816, 544])
2026-08-15 21:31:42.188 | DEBUG    | core:as_tensor:724 - Loaded cache for /tmp/gemma4_full_model_cache/multichip/layer_17/mlp_down_tp4_dtype_BFLOAT8_B_layout_TILE.tensorbin of shape Shape([1, 1, 544, 2816])
2026-08-15 21:31:42.189 | DEBUG    | core:as_tensor:724 - Loaded cache for /tmp/gemma4_full_model_cache/multichip/layer_17/router_scale_dtype_FLOAT32_layout_TILE.tensorbin of shape Shape([1, 1, 1, 2816])
2026-08-15 21:31:42.189 | DEBUG    | core:as_tensor:724 - Loaded cache for /tmp/gemma4_full_model_cache/multichip/layer_17/router_proj_dtype_FLOAT32_layout_TILE.tensorbin of shape Shape([1, 1, 2816, 128])
2026-08-15 21:31:42.189 | DEBUG    | core:as_tensor:724 - Loaded cache for /tmp/gemma4_full_model_cache/multichip/layer_17/router_per_expert_scale_dtype_FLOAT32_layout_TILE.tensorbin of shape Shape([1, 128])
2026-08-15 21:31:42.213 | DEBUG    | core:as_tensor:724 - Loaded cache for /tmp/gemma4_full_model_cache/multichip/layer_17/expert_gate_tp4_dtype_BFLOAT8_B_layout_TILE.tensorbin of shape Shape([1, 128, 2816, 192])
2026-08-15 21:31:42.237 | DEBUG    | core:as_tensor:724 - Loaded cache for /tmp/gemma4_full_model_cache/multichip/layer_17/expert_up_tp4_dtype_BFLOAT8_B_layout_TILE.tensorbin of shape Shape([1, 128, 2816, 192])
2026-08-15 21:31:42.262 | DEBUG    | core:as_tensor:724 - Loaded cache for /tmp/gemma4_full_model_cache/multichip/layer_17/expert_down_tp4_dtype_BFLOAT8_B_layout_TILE.tensorbin of shape Shape([1, 128, 192, 2816])
2026-08-15 21:31:42.262 | DEBUG    | core:as_tensor:724 - Loaded cache for /tmp/gemma4_full_model_cache/multichip/layer_17/expert_prefill_sparsity_dtype_BFLOAT16_layout_ROW_MAJOR.tensorbin of shape Shape([1, 1, 1, 128])
2026-08-15 21:31:42.267 | DEBUG    | core:as_tensor:724 - Loaded cache for /tmp/gemma4_full_model_cache/multichip/layer_17/packed_mlp_gate_up_decode_bfp4_tp4_dtype_BFLOAT4_B_layout_TILE.tensorbin of shape Shape([1, 1, 2816, 1088])
2026-08-15 21:31:42.728 | DEBUG    | core:as_tensor:724 - Loaded cache for /tmp/gemma4_full_model_cache/multichip/layer_18/layer_scalar_dtype_BFLOAT16_layout_TILE.tensorbin of shape Shape([1, 1, 1, 1])
2026-08-15 21:31:42.729 | DEBUG    | core:as_tensor:724 - Loaded cache for /tmp/gemma4_full_model_cache/multichip/layer_18/input_ln_dtype_BFLOAT16_layout_TILE.tensorbin of shape Shape([1, 1, 1, 2816])
2026-08-15 21:31:42.729 | DEBUG    | core:as_tensor:724 - Loaded cache for /tmp/gemma4_full_model_cache/multichip/layer_18/post_attn_ln_dtype_BFLOAT16_layout_TILE.tensorbin of shape Shape([1, 1, 1, 2816])
2026-08-15 21:31:42.729 | DEBUG    | core:as_tensor:724 - Loaded cache for /tmp/gemma4_full_model_cache/multichip/layer_18/pre_ff_ln_dtype_BFLOAT16_layout_TILE.tensorbin of shape Shape([1, 1, 1, 2816])
2026-08-15 21:31:42.729 | DEBUG    | core:as_tensor:724 - Loaded cache for /tmp/gemma4_full_model_cache/multichip/layer_18/post_ff_ln_dtype_BFLOAT16_layout_TILE.tensorbin of shape Shape([1, 1, 1, 2816])
2026-08-15 21:31:42.729 | DEBUG    | core:as_tensor:724 - Loaded cache for /tmp/gemma4_full_model_cache/multichip/layer_18/post_ff_ln_1_dtype_BFLOAT16_layout_TILE.tensorbin of shape Shape([1, 1, 1, 2816])
2026-08-15 21:31:42.729 | DEBUG    | core:as_tensor:724 - Loaded cache for /tmp/gemma4_full_model_cache/multichip/layer_18/post_ff_ln_2_dtype_BFLOAT16_layout_TILE.tensorbin of shape Shape([1, 1, 1, 2816])
2026-08-15 21:31:42.730 | DEBUG    | core:as_tensor:724 - Loaded cache for /tmp/gemma4_full_model_cache/multichip/layer_18/pre_ff_ln_2_dtype_BFLOAT16_layout_TILE.tensorbin of shape Shape([1, 1, 1, 2816])
2026-08-15 21:31:42.730 | DEBUG    | core:as_tensor:724 - Loaded cache for /tmp/gemma4_full_model_cache/multichip/layer_18/q_norm_dtype_BFLOAT16_layout_TILE.tensorbin of shape Shape([1, 1, 1, 256])
2026-08-15 21:31:42.730 | DEBUG    | core:as_tensor:724 - Loaded cache for /tmp/gemma4_full_model_cache/multichip/layer_18/k_norm_dtype_BFLOAT16_layout_TILE.tensorbin of shape Shape([1, 1, 1, 256])
2026-08-15 21:31:42.732 | DEBUG    | core:as_tensor:724 - Loaded cache for /tmp/gemma4_full_model_cache/multichip/layer_18/qkv_tp4_dtype_BFLOAT8_B_layout_TILE.tensorbin of shape Shape([1, 1, 2816, 2048])
2026-08-15 21:31:42.740 | DEBUG    | core:as_tensor:724 - Loaded cache for /tmp/gemma4_full_model_cache/multichip/layer_18/o_proj_tp4_dtype_BFLOAT8_B_layout_TILE.tensorbin of shape Shape([1, 1, 1024, 2816])
2026-08-15 21:31:42.747 | DEBUG    | core:as_tensor:724 - Loaded cache for /tmp/gemma4_full_model_cache/multichip/layer_18/mlp_gate_tp4_dtype_BFLOAT8_B_layout_TILE.tensorbin of shape Shape([1, 1, 2816, 544])
2026-08-15 21:31:42.747 | DEBUG    | core:as_tensor:724 - Loaded cache for /tmp/gemma4_full_model_cache/multichip/layer_18/mlp_up_tp4_dtype_BFLOAT8_B_layout_TILE.tensorbin of shape Shape([1, 1, 2816, 544])
2026-08-15 21:31:42.751 | DEBUG    | core:as_tensor:724 - Loaded cache for /tmp/gemma4_full_model_cache/multichip/layer_18/mlp_down_tp4_dtype_BFLOAT8_B_layout_TILE.tensorbin of shape Shape([1, 1, 544, 2816])
2026-08-15 21:31:42.751 | DEBUG    | core:as_tensor:724 - Loaded cache for /tmp/gemma4_full_model_cache/multichip/layer_18/router_scale_dtype_FLOAT32_layout_TILE.tensorbin of shape Shape([1, 1, 1, 2816])
2026-08-15 21:31:42.752 | DEBUG    | core:as_tensor:724 - Loaded cache for /tmp/gemma4_full_model_cache/multichip/layer_18/router_proj_dtype_FLOAT32_layout_TILE.tensorbin of shape Shape([1, 1, 2816, 128])
2026-08-15 21:31:42.752 | DEBUG    | core:as_tensor:724 - Loaded cache for /tmp/gemma4_full_model_cache/multichip/layer_18/router_per_expert_scale_dtype_FLOAT32_layout_TILE.tensorbin of shape Shape([1, 128])
2026-08-15 21:31:42.776 | DEBUG    | core:as_tensor:724 - Loaded cache for /tmp/gemma4_full_model_cache/multichip/layer_18/expert_gate_tp4_dtype_BFLOAT8_B_layout_TILE.tensorbin of shape Shape([1, 128, 2816, 192])
2026-08-15 21:31:42.801 | DEBUG    | core:as_tensor:724 - Loaded cache for /tmp/gemma4_full_model_cache/multichip/layer_18/expert_up_tp4_dtype_BFLOAT8_B_layout_TILE.tensorbin of shape Shape([1, 128, 2816, 192])
2026-08-15 21:31:42.825 | DEBUG    | core:as_tensor:724 - Loaded cache for /tmp/gemma4_full_model_cache/multichip/layer_18/expert_down_tp4_dtype_BFLOAT8_B_layout_TILE.tensorbin of shape Shape([1, 128, 192, 2816])
2026-08-15 21:31:42.826 | DEBUG    | core:as_tensor:724 - Loaded cache for /tmp/gemma4_full_model_cache/multichip/layer_18/expert_prefill_sparsity_dtype_BFLOAT16_layout_ROW_MAJOR.tensorbin of shape Shape([1, 1, 1, 128])
2026-08-15 21:31:42.831 | DEBUG    | core:as_tensor:724 - Loaded cache for /tmp/gemma4_full_model_cache/multichip/layer_18/packed_mlp_gate_up_decode_bfp4_tp4_dtype_BFLOAT4_B_layout_TILE.tensorbin of shape Shape([1, 1, 2816, 1088])
2026-08-15 21:31:43.288 | DEBUG    | core:as_tensor:724 - Loaded cache for /tmp/gemma4_full_model_cache/multichip/layer_19/layer_scalar_dtype_BFLOAT16_layout_TILE.tensorbin of shape Shape([1, 1, 1, 1])
2026-08-15 21:31:43.288 | DEBUG    | core:as_tensor:724 - Loaded cache for /tmp/gemma4_full_model_cache/multichip/layer_19/input_ln_dtype_BFLOAT16_layout_TILE.tensorbin of shape Shape([1, 1, 1, 2816])
2026-08-15 21:31:43.288 | DEBUG    | core:as_tensor:724 - Loaded cache for /tmp/gemma4_full_model_cache/multichip/layer_19/post_attn_ln_dtype_BFLOAT16_layout_TILE.tensorbin of shape Shape([1, 1, 1, 2816])
2026-08-15 21:31:43.288 | DEBUG    | core:as_tensor:724 - Loaded cache for /tmp/gemma4_full_model_cache/multichip/layer_19/pre_ff_ln_dtype_BFLOAT16_layout_TILE.tensorbin of shape Shape([1, 1, 1, 2816])
2026-08-15 21:31:43.289 | DEBUG    | core:as_tensor:724 - Loaded cache for /tmp/gemma4_full_model_cache/multichip/layer_19/post_ff_ln_dtype_BFLOAT16_layout_TILE.tensorbin of shape Shape([1, 1, 1, 2816])
2026-08-15 21:31:43.289 | DEBUG    | core:as_tensor:724 - Loaded cache for /tmp/gemma4_full_model_cache/multichip/layer_19/post_ff_ln_1_dtype_BFLOAT16_layout_TILE.tensorbin of shape Shape([1, 1, 1, 2816])
2026-08-15 21:31:43.289 | DEBUG    | core:as_tensor:724 - Loaded cache for /tmp/gemma4_full_model_cache/multichip/layer_19/post_ff_ln_2_dtype_BFLOAT16_layout_TILE.tensorbin of shape Shape([1, 1, 1, 2816])
2026-08-15 21:31:43.289 | DEBUG    | core:as_tensor:724 - Loaded cache for /tmp/gemma4_full_model_cache/multichip/layer_19/pre_ff_ln_2_dtype_BFLOAT16_layout_TILE.tensorbin of shape Shape([1, 1, 1, 2816])
2026-08-15 21:31:43.289 | DEBUG    | core:as_tensor:724 - Loaded cache for /tmp/gemma4_full_model_cache/multichip/layer_19/q_norm_dtype_BFLOAT16_layout_TILE.tensorbin of shape Shape([1, 1, 1, 256])
2026-08-15 21:31:43.290 | DEBUG    | core:as_tensor:724 - Loaded cache for /tmp/gemma4_full_model_cache/multichip/layer_19/k_norm_dtype_BFLOAT16_layout_TILE.tensorbin of shape Shape([1, 1, 1, 256])
2026-08-15 21:31:43.296 | DEBUG    | core:as_tensor:724 - Loaded cache for /tmp/gemma4_full_model_cache/multichip/layer_19/qkv_tp4_dtype_BFLOAT8_B_layout_TILE.tensorbin of shape Shape([1, 1, 2816, 2048])
2026-08-15 21:31:43.303 | DEBUG    | core:as_tensor:724 - Loaded cache for /tmp/gemma4_full_model_cache/multichip/layer_19/o_proj_tp4_dtype_BFLOAT8_B_layout_TILE.tensorbin of shape Shape([1, 1, 1024, 2816])
2026-08-15 21:31:43.304 | DEBUG    | core:as_tensor:724 - Loaded cache for /tmp/gemma4_full_model_cache/multichip/layer_19/mlp_gate_tp4_dtype_BFLOAT8_B_layout_TILE.tensorbin of shape Shape([1, 1, 2816, 544])
2026-08-15 21:31:43.305 | DEBUG    | core:as_tensor:724 - Loaded cache for /tmp/gemma4_full_model_cache/multichip/layer_19/mlp_up_tp4_dtype_BFLOAT8_B_layout_TILE.tensorbin of shape Shape([1, 1, 2816, 544])
2026-08-15 21:31:43.305 | DEBUG    | core:as_tensor:724 - Loaded cache for /tmp/gemma4_full_model_cache/multichip/layer_19/mlp_down_tp4_dtype_BFLOAT8_B_layout_TILE.tensorbin of shape Shape([1, 1, 544, 2816])
2026-08-15 21:31:43.306 | DEBUG    | core:as_tensor:724 - Loaded cache for /tmp/gemma4_full_model_cache/multichip/layer_19/router_scale_dtype_FLOAT32_layout_TILE.tensorbin of shape Shape([1, 1, 1, 2816])
2026-08-15 21:31:43.306 | DEBUG    | core:as_tensor:724 - Loaded cache for /tmp/gemma4_full_model_cache/multichip/layer_19/router_proj_dtype_FLOAT32_layout_TILE.tensorbin of shape Shape([1, 1, 2816, 128])
2026-08-15 21:31:43.307 | DEBUG    | core:as_tensor:724 - Loaded cache for /tmp/gemma4_full_model_cache/multichip/layer_19/router_per_expert_scale_dtype_FLOAT32_layout_TILE.tensorbin of shape Shape([1, 128])
2026-08-15 21:31:43.331 | DEBUG    | core:as_tensor:724 - Loaded cache for /tmp/gemma4_full_model_cache/multichip/layer_19/expert_gate_tp4_dtype_BFLOAT8_B_layout_TILE.tensorbin of shape Shape([1, 128, 2816, 192])
2026-08-15 21:31:43.356 | DEBUG    | core:as_tensor:724 - Loaded cache for /tmp/gemma4_full_model_cache/multichip/layer_19/expert_up_tp4_dtype_BFLOAT8_B_layout_TILE.tensorbin of shape Shape([1, 128, 2816, 192])
2026-08-15 21:31:43.382 | DEBUG    | core:as_tensor:724 - Loaded cache for /tmp/gemma4_full_model_cache/multichip/layer_19/expert_down_tp4_dtype_BFLOAT8_B_layout_TILE.tensorbin of shape Shape([1, 128, 192, 2816])
2026-08-15 21:31:43.383 | DEBUG    | core:as_tensor:724 - Loaded cache for /tmp/gemma4_full_model_cache/multichip/layer_19/expert_prefill_sparsity_dtype_BFLOAT16_layout_ROW_MAJOR.tensorbin of shape Shape([1, 1, 1, 128])
2026-08-15 21:31:43.388 | DEBUG    | core:as_tensor:724 - Loaded cache for /tmp/gemma4_full_model_cache/multichip/layer_19/packed_mlp_gate_up_decode_bfp4_tp4_dtype_BFLOAT4_B_layout_TILE.tensorbin of shape Shape([1, 1, 2816, 1088])
2026-08-15 21:31:43.851 | DEBUG    | core:as_tensor:724 - Loaded cache for /tmp/gemma4_full_model_cache/multichip/layer_20/layer_scalar_dtype_BFLOAT16_layout_TILE.tensorbin of shape Shape([1, 1, 1, 1])
2026-08-15 21:31:43.852 | DEBUG    | core:as_tensor:724 - Loaded cache for /tmp/gemma4_full_model_cache/multichip/layer_20/input_ln_dtype_BFLOAT16_layout_TILE.tensorbin of shape Shape([1, 1, 1, 2816])
2026-08-15 21:31:43.852 | DEBUG    | core:as_tensor:724 - Loaded cache for /tmp/gemma4_full_model_cache/multichip/layer_20/post_attn_ln_dtype_BFLOAT16_layout_TILE.tensorbin of shape Shape([1, 1, 1, 2816])
2026-08-15 21:31:43.852 | DEBUG    | core:as_tensor:724 - Loaded cache for /tmp/gemma4_full_model_cache/multichip/layer_20/pre_ff_ln_dtype_BFLOAT16_layout_TILE.tensorbin of shape Shape([1, 1, 1, 2816])
2026-08-15 21:31:43.852 | DEBUG    | core:as_tensor:724 - Loaded cache for /tmp/gemma4_full_model_cache/multichip/layer_20/post_ff_ln_dtype_BFLOAT16_layout_TILE.tensorbin of shape Shape([1, 1, 1, 2816])
2026-08-15 21:31:43.852 | DEBUG    | core:as_tensor:724 - Loaded cache for /tmp/gemma4_full_model_cache/multichip/layer_20/post_ff_ln_1_dtype_BFLOAT16_layout_TILE.tensorbin of shape Shape([1, 1, 1, 2816])
2026-08-15 21:31:43.852 | DEBUG    | core:as_tensor:724 - Loaded cache for /tmp/gemma4_full_model_cache/multichip/layer_20/post_ff_ln_2_dtype_BFLOAT16_layout_TILE.tensorbin of shape Shape([1, 1, 1, 2816])
2026-08-15 21:31:43.853 | DEBUG    | core:as_tensor:724 - Loaded cache for /tmp/gemma4_full_model_cache/multichip/layer_20/pre_ff_ln_2_dtype_BFLOAT16_layout_TILE.tensorbin of shape Shape([1, 1, 1, 2816])
2026-08-15 21:31:43.853 | DEBUG    | core:as_tensor:724 - Loaded cache for /tmp/gemma4_full_model_cache/multichip/layer_20/q_norm_dtype_BFLOAT16_layout_TILE.tensorbin of shape Shape([1, 1, 1, 256])
2026-08-15 21:31:43.853 | DEBUG    | core:as_tensor:724 - Loaded cache for /tmp/gemma4_full_model_cache/multichip/layer_20/k_norm_dtype_BFLOAT16_layout_TILE.tensorbin of shape Shape([1, 1, 1, 256])
2026-08-15 21:31:43.855 | DEBUG    | core:as_tensor:724 - Loaded cache for /tmp/gemma4_full_model_cache/multichip/layer_20/qkv_tp4_dtype_BFLOAT8_B_layout_TILE.tensorbin of shape Shape([1, 1, 2816, 2048])
2026-08-15 21:31:43.862 | DEBUG    | core:as_tensor:724 - Loaded cache for /tmp/gemma4_full_model_cache/multichip/layer_20/o_proj_tp4_dtype_BFLOAT8_B_layout_TILE.tensorbin of shape Shape([1, 1, 1024, 2816])
2026-08-15 21:31:43.863 | DEBUG    | core:as_tensor:724 - Loaded cache for /tmp/gemma4_full_model_cache/multichip/layer_20/mlp_gate_tp4_dtype_BFLOAT8_B_layout_TILE.tensorbin of shape Shape([1, 1, 2816, 544])
2026-08-15 21:31:43.864 | DEBUG    | core:as_tensor:724 - Loaded cache for /tmp/gemma4_full_model_cache/multichip/layer_20/mlp_up_tp4_dtype_BFLOAT8_B_layout_TILE.tensorbin of shape Shape([1, 1, 2816, 544])
2026-08-15 21:31:43.865 | DEBUG    | core:as_tensor:724 - Loaded cache for /tmp/gemma4_full_model_cache/multichip/layer_20/mlp_down_tp4_dtype_BFLOAT8_B_layout_TILE.tensorbin of shape Shape([1, 1, 544, 2816])
2026-08-15 21:31:43.866 | DEBUG    | core:as_tensor:724 - Loaded cache for /tmp/gemma4_full_model_cache/multichip/layer_20/router_scale_dtype_FLOAT32_layout_TILE.tensorbin of shape Shape([1, 1, 1, 2816])
2026-08-15 21:31:43.867 | DEBUG    | core:as_tensor:724 - Loaded cache for /tmp/gemma4_full_model_cache/multichip/layer_20/router_proj_dtype_FLOAT32_layout_TILE.tensorbin of shape Shape([1, 1, 2816, 128])
2026-08-15 21:31:43.869 | DEBUG    | core:as_tensor:724 - Loaded cache for /tmp/gemma4_full_model_cache/multichip/layer_20/router_per_expert_scale_dtype_FLOAT32_layout_TILE.tensorbin of shape Shape([1, 128])
2026-08-15 21:31:43.894 | DEBUG    | core:as_tensor:724 - Loaded cache for /tmp/gemma4_full_model_cache/multichip/layer_20/expert_gate_tp4_dtype_BFLOAT8_B_layout_TILE.tensorbin of shape Shape([1, 128, 2816, 192])
2026-08-15 21:31:43.917 | DEBUG    | core:as_tensor:724 - Loaded cache for /tmp/gemma4_full_model_cache/multichip/layer_20/expert_up_tp4_dtype_BFLOAT8_B_layout_TILE.tensorbin of shape Shape([1, 128, 2816, 192])
2026-08-15 21:31:43.941 | DEBUG    | core:as_tensor:724 - Loaded cache for /tmp/gemma4_full_model_cache/multichip/layer_20/expert_down_tp4_dtype_BFLOAT8_B_layout_TILE.tensorbin of shape Shape([1, 128, 192, 2816])
2026-08-15 21:31:43.942 | DEBUG    | core:as_tensor:724 - Loaded cache for /tmp/gemma4_full_model_cache/multichip/layer_20/expert_prefill_sparsity_dtype_BFLOAT16_layout_ROW_MAJOR.tensorbin of shape Shape([1, 1, 1, 128])
2026-08-15 21:31:43.946 | DEBUG    | core:as_tensor:724 - Loaded cache for /tmp/gemma4_full_model_cache/multichip/layer_20/packed_mlp_gate_up_decode_bfp4_tp4_dtype_BFLOAT4_B_layout_TILE.tensorbin of shape Shape([1, 1, 2816, 1088])
2026-08-15 21:31:44.419 | DEBUG    | core:as_tensor:724 - Loaded cache for /tmp/gemma4_full_model_cache/multichip/layer_21/layer_scalar_dtype_BFLOAT16_layout_TILE.tensorbin of shape Shape([1, 1, 1, 1])
2026-08-15 21:31:44.420 | DEBUG    | core:as_tensor:724 - Loaded cache for /tmp/gemma4_full_model_cache/multichip/layer_21/input_ln_dtype_BFLOAT16_layout_TILE.tensorbin of shape Shape([1, 1, 1, 2816])
2026-08-15 21:31:44.421 | DEBUG    | core:as_tensor:724 - Loaded cache for /tmp/gemma4_full_model_cache/multichip/layer_21/post_attn_ln_dtype_BFLOAT16_layout_TILE.tensorbin of shape Shape([1, 1, 1, 2816])
2026-08-15 21:31:44.421 | DEBUG    | core:as_tensor:724 - Loaded cache for /tmp/gemma4_full_model_cache/multichip/layer_21/pre_ff_ln_dtype_BFLOAT16_layout_TILE.tensorbin of shape Shape([1, 1, 1, 2816])
2026-08-15 21:31:44.421 | DEBUG    | core:as_tensor:724 - Loaded cache for /tmp/gemma4_full_model_cache/multichip/layer_21/post_ff_ln_dtype_BFLOAT16_layout_TILE.tensorbin of shape Shape([1, 1, 1, 2816])
2026-08-15 21:31:44.422 | DEBUG    | core:as_tensor:724 - Loaded cache for /tmp/gemma4_full_model_cache/multichip/layer_21/post_ff_ln_1_dtype_BFLOAT16_layout_TILE.tensorbin of shape Shape([1, 1, 1, 2816])
2026-08-15 21:31:44.423 | DEBUG    | core:as_tensor:724 - Loaded cache for /tmp/gemma4_full_model_cache/multichip/layer_21/post_ff_ln_2_dtype_BFLOAT16_layout_TILE.tensorbin of shape Shape([1, 1, 1, 2816])
2026-08-15 21:31:44.424 | DEBUG    | core:as_tensor:724 - Loaded cache for /tmp/gemma4_full_model_cache/multichip/layer_21/pre_ff_ln_2_dtype_BFLOAT16_layout_TILE.tensorbin of shape Shape([1, 1, 1, 2816])
2026-08-15 21:31:44.424 | DEBUG    | core:as_tensor:724 - Loaded cache for /tmp/gemma4_full_model_cache/multichip/layer_21/q_norm_dtype_BFLOAT16_layout_TILE.tensorbin of shape Shape([1, 1, 1, 256])
2026-08-15 21:31:44.424 | DEBUG    | core:as_tensor:724 - Loaded cache for /tmp/gemma4_full_model_cache/multichip/layer_21/k_norm_dtype_BFLOAT16_layout_TILE.tensorbin of shape Shape([1, 1, 1, 256])
2026-08-15 21:31:44.450 | DEBUG    | core:as_tensor:724 - Loaded cache for /tmp/gemma4_full_model_cache/multichip/layer_21/qkv_tp4_dtype_BFLOAT8_B_layout_TILE.tensorbin of shape Shape([1, 1, 2816, 2048])
2026-08-15 21:31:44.457 | DEBUG    | core:as_tensor:724 - Loaded cache for /tmp/gemma4_full_model_cache/multichip/layer_21/o_proj_tp4_dtype_BFLOAT8_B_layout_TILE.tensorbin of shape Shape([1, 1, 1024, 2816])
2026-08-15 21:31:44.463 | DEBUG    | core:as_tensor:724 - Loaded cache for /tmp/gemma4_full_model_cache/multichip/layer_21/mlp_gate_tp4_dtype_BFLOAT8_B_layout_TILE.tensorbin of shape Shape([1, 1, 2816, 544])
2026-08-15 21:31:44.466 | DEBUG    | core:as_tensor:724 - Loaded cache for /tmp/gemma4_full_model_cache/multichip/layer_21/mlp_up_tp4_dtype_BFLOAT8_B_layout_TILE.tensorbin of shape Shape([1, 1, 2816, 544])
2026-08-15 21:31:44.468 | DEBUG    | core:as_tensor:724 - Loaded cache for /tmp/gemma4_full_model_cache/multichip/layer_21/mlp_down_tp4_dtype_BFLOAT8_B_layout_TILE.tensorbin of shape Shape([1, 1, 544, 2816])
2026-08-15 21:31:44.469 | DEBUG    | core:as_tensor:724 - Loaded cache for /tmp/gemma4_full_model_cache/multichip/layer_21/router_scale_dtype_FLOAT32_layout_TILE.tensorbin of shape Shape([1, 1, 1, 2816])
2026-08-15 21:31:44.473 | DEBUG    | core:as_tensor:724 - Loaded cache for /tmp/gemma4_full_model_cache/multichip/layer_21/router_proj_dtype_FLOAT32_layout_TILE.tensorbin of shape Shape([1, 1, 2816, 128])
2026-08-15 21:31:44.474 | DEBUG    | core:as_tensor:724 - Loaded cache for /tmp/gemma4_full_model_cache/multichip/layer_21/router_per_expert_scale_dtype_FLOAT32_layout_TILE.tensorbin of shape Shape([1, 128])
2026-08-15 21:31:44.498 | DEBUG    | core:as_tensor:724 - Loaded cache for /tmp/gemma4_full_model_cache/multichip/layer_21/expert_gate_tp4_dtype_BFLOAT8_B_layout_TILE.tensorbin of shape Shape([1, 128, 2816, 192])
2026-08-15 21:31:44.523 | DEBUG    | core:as_tensor:724 - Loaded cache for /tmp/gemma4_full_model_cache/multichip/layer_21/expert_up_tp4_dtype_BFLOAT8_B_layout_TILE.tensorbin of shape Shape([1, 128, 2816, 192])
2026-08-15 21:31:44.547 | DEBUG    | core:as_tensor:724 - Loaded cache for /tmp/gemma4_full_model_cache/multichip/layer_21/expert_down_tp4_dtype_BFLOAT8_B_layout_TILE.tensorbin of shape Shape([1, 128, 192, 2816])
2026-08-15 21:31:44.548 | DEBUG    | core:as_tensor:724 - Loaded cache for /tmp/gemma4_full_model_cache/multichip/layer_21/expert_prefill_sparsity_dtype_BFLOAT16_layout_ROW_MAJOR.tensorbin of shape Shape([1, 1, 1, 128])
2026-08-15 21:31:44.553 | DEBUG    | core:as_tensor:724 - Loaded cache for /tmp/gemma4_full_model_cache/multichip/layer_21/packed_mlp_gate_up_decode_bfp4_tp4_dtype_BFLOAT4_B_layout_TILE.tensorbin of shape Shape([1, 1, 2816, 1088])
2026-08-15 21:31:45.059 | DEBUG    | core:as_tensor:724 - Loaded cache for /tmp/gemma4_full_model_cache/multichip/layer_22/layer_scalar_dtype_BFLOAT16_layout_TILE.tensorbin of shape Shape([1, 1, 1, 1])
2026-08-15 21:31:45.060 | DEBUG    | core:as_tensor:724 - Loaded cache for /tmp/gemma4_full_model_cache/multichip/layer_22/input_ln_dtype_BFLOAT16_layout_TILE.tensorbin of shape Shape([1, 1, 1, 2816])
2026-08-15 21:31:45.060 | DEBUG    | core:as_tensor:724 - Loaded cache for /tmp/gemma4_full_model_cache/multichip/layer_22/post_attn_ln_dtype_BFLOAT16_layout_TILE.tensorbin of shape Shape([1, 1, 1, 2816])
2026-08-15 21:31:45.060 | DEBUG    | core:as_tensor:724 - Loaded cache for /tmp/gemma4_full_model_cache/multichip/layer_22/pre_ff_ln_dtype_BFLOAT16_layout_TILE.tensorbin of shape Shape([1, 1, 1, 2816])
2026-08-15 21:31:45.060 | DEBUG    | core:as_tensor:724 - Loaded cache for /tmp/gemma4_full_model_cache/multichip/layer_22/post_ff_ln_dtype_BFLOAT16_layout_TILE.tensorbin of shape Shape([1, 1, 1, 2816])
2026-08-15 21:31:45.060 | DEBUG    | core:as_tensor:724 - Loaded cache for /tmp/gemma4_full_model_cache/multichip/layer_22/post_ff_ln_1_dtype_BFLOAT16_layout_TILE.tensorbin of shape Shape([1, 1, 1, 2816])
2026-08-15 21:31:45.061 | DEBUG    | core:as_tensor:724 - Loaded cache for /tmp/gemma4_full_model_cache/multichip/layer_22/post_ff_ln_2_dtype_BFLOAT16_layout_TILE.tensorbin of shape Shape([1, 1, 1, 2816])
2026-08-15 21:31:45.061 | DEBUG    | core:as_tensor:724 - Loaded cache for /tmp/gemma4_full_model_cache/multichip/layer_22/pre_ff_ln_2_dtype_BFLOAT16_layout_TILE.tensorbin of shape Shape([1, 1, 1, 2816])
2026-08-15 21:31:45.061 | DEBUG    | core:as_tensor:724 - Loaded cache for /tmp/gemma4_full_model_cache/multichip/layer_22/q_norm_dtype_BFLOAT16_layout_TILE.tensorbin of shape Shape([1, 1, 1, 256])
2026-08-15 21:31:45.061 | DEBUG    | core:as_tensor:724 - Loaded cache for /tmp/gemma4_full_model_cache/multichip/layer_22/k_norm_dtype_BFLOAT16_layout_TILE.tensorbin of shape Shape([1, 1, 1, 256])
2026-08-15 21:31:45.063 | DEBUG    | core:as_tensor:724 - Loaded cache for /tmp/gemma4_full_model_cache/multichip/layer_22/qkv_tp4_dtype_BFLOAT8_B_layout_TILE.tensorbin of shape Shape([1, 1, 2816, 2048])
2026-08-15 21:31:45.072 | DEBUG    | core:as_tensor:724 - Loaded cache for /tmp/gemma4_full_model_cache/multichip/layer_22/o_proj_tp4_dtype_BFLOAT8_B_layout_TILE.tensorbin of shape Shape([1, 1, 1024, 2816])
2026-08-15 21:31:45.074 | DEBUG    | core:as_tensor:724 - Loaded cache for /tmp/gemma4_full_model_cache/multichip/layer_22/mlp_gate_tp4_dtype_BFLOAT8_B_layout_TILE.tensorbin of shape Shape([1, 1, 2816, 544])
2026-08-15 21:31:45.075 | DEBUG    | core:as_tensor:724 - Loaded cache for /tmp/gemma4_full_model_cache/multichip/layer_22/mlp_up_tp4_dtype_BFLOAT8_B_layout_TILE.tensorbin of shape Shape([1, 1, 2816, 544])
2026-08-15 21:31:45.076 | DEBUG    | core:as_tensor:724 - Loaded cache for /tmp/gemma4_full_model_cache/multichip/layer_22/mlp_down_tp4_dtype_BFLOAT8_B_layout_TILE.tensorbin of shape Shape([1, 1, 544, 2816])
2026-08-15 21:31:45.076 | DEBUG    | core:as_tensor:724 - Loaded cache for /tmp/gemma4_full_model_cache/multichip/layer_22/router_scale_dtype_FLOAT32_layout_TILE.tensorbin of shape Shape([1, 1, 1, 2816])
2026-08-15 21:31:45.077 | DEBUG    | core:as_tensor:724 - Loaded cache for /tmp/gemma4_full_model_cache/multichip/layer_22/router_proj_dtype_FLOAT32_layout_TILE.tensorbin of shape Shape([1, 1, 2816, 128])
2026-08-15 21:31:45.078 | DEBUG    | core:as_tensor:724 - Loaded cache for /tmp/gemma4_full_model_cache/multichip/layer_22/router_per_expert_scale_dtype_FLOAT32_layout_TILE.tensorbin of shape Shape([1, 128])
2026-08-15 21:31:45.103 | DEBUG    | core:as_tensor:724 - Loaded cache for /tmp/gemma4_full_model_cache/multichip/layer_22/expert_gate_tp4_dtype_BFLOAT8_B_layout_TILE.tensorbin of shape Shape([1, 128, 2816, 192])
2026-08-15 21:31:45.128 | DEBUG    | core:as_tensor:724 - Loaded cache for /tmp/gemma4_full_model_cache/multichip/layer_22/expert_up_tp4_dtype_BFLOAT8_B_layout_TILE.tensorbin of shape Shape([1, 128, 2816, 192])
2026-08-15 21:31:45.153 | DEBUG    | core:as_tensor:724 - Loaded cache for /tmp/gemma4_full_model_cache/multichip/layer_22/expert_down_tp4_dtype_BFLOAT8_B_layout_TILE.tensorbin of shape Shape([1, 128, 192, 2816])
2026-08-15 21:31:45.153 | DEBUG    | core:as_tensor:724 - Loaded cache for /tmp/gemma4_full_model_cache/multichip/layer_22/expert_prefill_sparsity_dtype_BFLOAT16_layout_ROW_MAJOR.tensorbin of shape Shape([1, 1, 1, 128])
2026-08-15 21:31:45.158 | DEBUG    | core:as_tensor:724 - Loaded cache for /tmp/gemma4_full_model_cache/multichip/layer_22/packed_mlp_gate_up_decode_bfp4_tp4_dtype_BFLOAT4_B_layout_TILE.tensorbin of shape Shape([1, 1, 2816, 1088])
2026-08-15 21:31:45.653 | DEBUG    | core:as_tensor:724 - Loaded cache for /tmp/gemma4_full_model_cache/multichip/layer_23/layer_scalar_dtype_BFLOAT16_layout_TILE.tensorbin of shape Shape([1, 1, 1, 1])
2026-08-15 21:31:45.654 | DEBUG    | core:as_tensor:724 - Loaded cache for /tmp/gemma4_full_model_cache/multichip/layer_23/input_ln_dtype_BFLOAT16_layout_TILE.tensorbin of shape Shape([1, 1, 1, 2816])
2026-08-15 21:31:45.654 | DEBUG    | core:as_tensor:724 - Loaded cache for /tmp/gemma4_full_model_cache/multichip/layer_23/post_attn_ln_dtype_BFLOAT16_layout_TILE.tensorbin of shape Shape([1, 1, 1, 2816])
2026-08-15 21:31:45.654 | DEBUG    | core:as_tensor:724 - Loaded cache for /tmp/gemma4_full_model_cache/multichip/layer_23/pre_ff_ln_dtype_BFLOAT16_layout_TILE.tensorbin of shape Shape([1, 1, 1, 2816])
2026-08-15 21:31:45.655 | DEBUG    | core:as_tensor:724 - Loaded cache for /tmp/gemma4_full_model_cache/multichip/layer_23/post_ff_ln_dtype_BFLOAT16_layout_TILE.tensorbin of shape Shape([1, 1, 1, 2816])
2026-08-15 21:31:45.655 | DEBUG    | core:as_tensor:724 - Loaded cache for /tmp/gemma4_full_model_cache/multichip/layer_23/post_ff_ln_1_dtype_BFLOAT16_layout_TILE.tensorbin of shape Shape([1, 1, 1, 2816])
2026-08-15 21:31:45.655 | DEBUG    | core:as_tensor:724 - Loaded cache for /tmp/gemma4_full_model_cache/multichip/layer_23/post_ff_ln_2_dtype_BFLOAT16_layout_TILE.tensorbin of shape Shape([1, 1, 1, 2816])
2026-08-15 21:31:45.655 | DEBUG    | core:as_tensor:724 - Loaded cache for /tmp/gemma4_full_model_cache/multichip/layer_23/pre_ff_ln_2_dtype_BFLOAT16_layout_TILE.tensorbin of shape Shape([1, 1, 1, 2816])
2026-08-15 21:31:45.655 | DEBUG    | core:as_tensor:724 - Loaded cache for /tmp/gemma4_full_model_cache/multichip/layer_23/q_norm_dtype_BFLOAT16_layout_TILE.tensorbin of shape Shape([1, 1, 1, 512])
2026-08-15 21:31:45.655 | DEBUG    | core:as_tensor:724 - Loaded cache for /tmp/gemma4_full_model_cache/multichip/layer_23/k_norm_dtype_BFLOAT16_layout_TILE.tensorbin of shape Shape([1, 1, 1, 512])
2026-08-15 21:31:45.662 | DEBUG    | core:as_tensor:724 - Loaded cache for /tmp/gemma4_full_model_cache/multichip/layer_23/qkv_tp4_dtype_BFLOAT8_B_layout_TILE.tensorbin of shape Shape([1, 1, 2816, 3072])
2026-08-15 21:31:45.681 | DEBUG    | core:as_tensor:724 - Loaded cache for /tmp/gemma4_full_model_cache/multichip/layer_23/o_proj_tp4_dtype_BFLOAT8_B_layout_TILE.tensorbin of shape Shape([1, 1, 2048, 2816])
2026-08-15 21:31:45.684 | DEBUG    | core:as_tensor:724 - Loaded cache for /tmp/gemma4_full_model_cache/multichip/layer_23/mlp_gate_tp4_dtype_BFLOAT8_B_layout_TILE.tensorbin of shape Shape([1, 1, 2816, 544])
2026-08-15 21:31:45.685 | DEBUG    | core:as_tensor:724 - Loaded cache for /tmp/gemma4_full_model_cache/multichip/layer_23/mlp_up_tp4_dtype_BFLOAT8_B_layout_TILE.tensorbin of shape Shape([1, 1, 2816, 544])
2026-08-15 21:31:45.685 | DEBUG    | core:as_tensor:724 - Loaded cache for /tmp/gemma4_full_model_cache/multichip/layer_23/mlp_down_tp4_dtype_BFLOAT8_B_layout_TILE.tensorbin of shape Shape([1, 1, 544, 2816])
2026-08-15 21:31:45.686 | DEBUG    | core:as_tensor:724 - Loaded cache for /tmp/gemma4_full_model_cache/multichip/layer_23/router_scale_dtype_FLOAT32_layout_TILE.tensorbin of shape Shape([1, 1, 1, 2816])
2026-08-15 21:31:45.686 | DEBUG    | core:as_tensor:724 - Loaded cache for /tmp/gemma4_full_model_cache/multichip/layer_23/router_proj_dtype_FLOAT32_layout_TILE.tensorbin of shape Shape([1, 1, 2816, 128])
2026-08-15 21:31:45.686 | DEBUG    | core:as_tensor:724 - Loaded cache for /tmp/gemma4_full_model_cache/multichip/layer_23/router_per_expert_scale_dtype_FLOAT32_layout_TILE.tensorbin of shape Shape([1, 128])
2026-08-15 21:31:45.715 | DEBUG    | core:as_tensor:724 - Loaded cache for /tmp/gemma4_full_model_cache/multichip/layer_23/expert_gate_tp4_dtype_BFLOAT8_B_layout_TILE.tensorbin of shape Shape([1, 128, 2816, 192])
2026-08-15 21:31:45.744 | DEBUG    | core:as_tensor:724 - Loaded cache for /tmp/gemma4_full_model_cache/multichip/layer_23/expert_up_tp4_dtype_BFLOAT8_B_layout_TILE.tensorbin of shape Shape([1, 128, 2816, 192])
2026-08-15 21:31:45.769 | DEBUG    | core:as_tensor:724 - Loaded cache for /tmp/gemma4_full_model_cache/multichip/layer_23/expert_down_tp4_dtype_BFLOAT8_B_layout_TILE.tensorbin of shape Shape([1, 128, 192, 2816])
2026-08-15 21:31:45.769 | DEBUG    | core:as_tensor:724 - Loaded cache for /tmp/gemma4_full_model_cache/multichip/layer_23/expert_prefill_sparsity_dtype_BFLOAT16_layout_ROW_MAJOR.tensorbin of shape Shape([1, 1, 1, 128])
2026-08-15 21:31:45.774 | DEBUG    | core:as_tensor:724 - Loaded cache for /tmp/gemma4_full_model_cache/multichip/layer_23/packed_mlp_gate_up_decode_bfp4_tp4_dtype_BFLOAT4_B_layout_TILE.tensorbin of shape Shape([1, 1, 2816, 1088])
2026-08-15 21:31:46.251 | DEBUG    | core:as_tensor:724 - Loaded cache for /tmp/gemma4_full_model_cache/multichip/layer_24/layer_scalar_dtype_BFLOAT16_layout_TILE.tensorbin of shape Shape([1, 1, 1, 1])
2026-08-15 21:31:46.251 | DEBUG    | core:as_tensor:724 - Loaded cache for /tmp/gemma4_full_model_cache/multichip/layer_24/input_ln_dtype_BFLOAT16_layout_TILE.tensorbin of shape Shape([1, 1, 1, 2816])
2026-08-15 21:31:46.251 | DEBUG    | core:as_tensor:724 - Loaded cache for /tmp/gemma4_full_model_cache/multichip/layer_24/post_attn_ln_dtype_BFLOAT16_layout_TILE.tensorbin of shape Shape([1, 1, 1, 2816])
2026-08-15 21:31:46.251 | DEBUG    | core:as_tensor:724 - Loaded cache for /tmp/gemma4_full_model_cache/multichip/layer_24/pre_ff_ln_dtype_BFLOAT16_layout_TILE.tensorbin of shape Shape([1, 1, 1, 2816])
2026-08-15 21:31:46.252 | DEBUG    | core:as_tensor:724 - Loaded cache for /tmp/gemma4_full_model_cache/multichip/layer_24/post_ff_ln_dtype_BFLOAT16_layout_TILE.tensorbin of shape Shape([1, 1, 1, 2816])
2026-08-15 21:31:46.252 | DEBUG    | core:as_tensor:724 - Loaded cache for /tmp/gemma4_full_model_cache/multichip/layer_24/post_ff_ln_1_dtype_BFLOAT16_layout_TILE.tensorbin of shape Shape([1, 1, 1, 2816])
2026-08-15 21:31:46.252 | DEBUG    | core:as_tensor:724 - Loaded cache for /tmp/gemma4_full_model_cache/multichip/layer_24/post_ff_ln_2_dtype_BFLOAT16_layout_TILE.tensorbin of shape Shape([1, 1, 1, 2816])
2026-08-15 21:31:46.252 | DEBUG    | core:as_tensor:724 - Loaded cache for /tmp/gemma4_full_model_cache/multichip/layer_24/pre_ff_ln_2_dtype_BFLOAT16_layout_TILE.tensorbin of shape Shape([1, 1, 1, 2816])
2026-08-15 21:31:46.252 | DEBUG    | core:as_tensor:724 - Loaded cache for /tmp/gemma4_full_model_cache/multichip/layer_24/q_norm_dtype_BFLOAT16_layout_TILE.tensorbin of shape Shape([1, 1, 1, 256])
2026-08-15 21:31:46.252 | DEBUG    | core:as_tensor:724 - Loaded cache for /tmp/gemma4_full_model_cache/multichip/layer_24/k_norm_dtype_BFLOAT16_layout_TILE.tensorbin of shape Shape([1, 1, 1, 256])
2026-08-15 21:31:46.254 | DEBUG    | core:as_tensor:724 - Loaded cache for /tmp/gemma4_full_model_cache/multichip/layer_24/qkv_tp4_dtype_BFLOAT8_B_layout_TILE.tensorbin of shape Shape([1, 1, 2816, 2048])
2026-08-15 21:31:46.261 | DEBUG    | core:as_tensor:724 - Loaded cache for /tmp/gemma4_full_model_cache/multichip/layer_24/o_proj_tp4_dtype_BFLOAT8_B_layout_TILE.tensorbin of shape Shape([1, 1, 1024, 2816])
2026-08-15 21:31:46.262 | DEBUG    | core:as_tensor:724 - Loaded cache for /tmp/gemma4_full_model_cache/multichip/layer_24/mlp_gate_tp4_dtype_BFLOAT8_B_layout_TILE.tensorbin of shape Shape([1, 1, 2816, 544])
2026-08-15 21:31:46.263 | DEBUG    | core:as_tensor:724 - Loaded cache for /tmp/gemma4_full_model_cache/multichip/layer_24/mlp_up_tp4_dtype_BFLOAT8_B_layout_TILE.tensorbin of shape Shape([1, 1, 2816, 544])
2026-08-15 21:31:46.263 | DEBUG    | core:as_tensor:724 - Loaded cache for /tmp/gemma4_full_model_cache/multichip/layer_24/mlp_down_tp4_dtype_BFLOAT8_B_layout_TILE.tensorbin of shape Shape([1, 1, 544, 2816])
2026-08-15 21:31:46.264 | DEBUG    | core:as_tensor:724 - Loaded cache for /tmp/gemma4_full_model_cache/multichip/layer_24/router_scale_dtype_FLOAT32_layout_TILE.tensorbin of shape Shape([1, 1, 1, 2816])
2026-08-15 21:31:46.264 | DEBUG    | core:as_tensor:724 - Loaded cache for /tmp/gemma4_full_model_cache/multichip/layer_24/router_proj_dtype_FLOAT32_layout_TILE.tensorbin of shape Shape([1, 1, 2816, 128])
2026-08-15 21:31:46.265 | DEBUG    | core:as_tensor:724 - Loaded cache for /tmp/gemma4_full_model_cache/multichip/layer_24/router_per_expert_scale_dtype_FLOAT32_layout_TILE.tensorbin of shape Shape([1, 128])
2026-08-15 21:31:46.290 | DEBUG    | core:as_tensor:724 - Loaded cache for /tmp/gemma4_full_model_cache/multichip/layer_24/expert_gate_tp4_dtype_BFLOAT8_B_layout_TILE.tensorbin of shape Shape([1, 128, 2816, 192])
2026-08-15 21:31:46.318 | DEBUG    | core:as_tensor:724 - Loaded cache for /tmp/gemma4_full_model_cache/multichip/layer_24/expert_up_tp4_dtype_BFLOAT8_B_layout_TILE.tensorbin of shape Shape([1, 128, 2816, 192])
2026-08-15 21:31:46.347 | DEBUG    | core:as_tensor:724 - Loaded cache for /tmp/gemma4_full_model_cache/multichip/layer_24/expert_down_tp4_dtype_BFLOAT8_B_layout_TILE.tensorbin of shape Shape([1, 128, 192, 2816])
2026-08-15 21:31:46.348 | DEBUG    | core:as_tensor:724 - Loaded cache for /tmp/gemma4_full_model_cache/multichip/layer_24/expert_prefill_sparsity_dtype_BFLOAT16_layout_ROW_MAJOR.tensorbin of shape Shape([1, 1, 1, 128])
2026-08-15 21:31:46.353 | DEBUG    | core:as_tensor:724 - Loaded cache for /tmp/gemma4_full_model_cache/multichip/layer_24/packed_mlp_gate_up_decode_bfp4_tp4_dtype_BFLOAT4_B_layout_TILE.tensorbin of shape Shape([1, 1, 2816, 1088])
2026-08-15 21:31:46.804 | DEBUG    | core:as_tensor:724 - Loaded cache for /tmp/gemma4_full_model_cache/multichip/layer_25/layer_scalar_dtype_BFLOAT16_layout_TILE.tensorbin of shape Shape([1, 1, 1, 1])
2026-08-15 21:31:46.804 | DEBUG    | core:as_tensor:724 - Loaded cache for /tmp/gemma4_full_model_cache/multichip/layer_25/input_ln_dtype_BFLOAT16_layout_TILE.tensorbin of shape Shape([1, 1, 1, 2816])
2026-08-15 21:31:46.804 | DEBUG    | core:as_tensor:724 - Loaded cache for /tmp/gemma4_full_model_cache/multichip/layer_25/post_attn_ln_dtype_BFLOAT16_layout_TILE.tensorbin of shape Shape([1, 1, 1, 2816])
2026-08-15 21:31:46.804 | DEBUG    | core:as_tensor:724 - Loaded cache for /tmp/gemma4_full_model_cache/multichip/layer_25/pre_ff_ln_dtype_BFLOAT16_layout_TILE.tensorbin of shape Shape([1, 1, 1, 2816])
2026-08-15 21:31:46.805 | DEBUG    | core:as_tensor:724 - Loaded cache for /tmp/gemma4_full_model_cache/multichip/layer_25/post_ff_ln_dtype_BFLOAT16_layout_TILE.tensorbin of shape Shape([1, 1, 1, 2816])
2026-08-15 21:31:46.805 | DEBUG    | core:as_tensor:724 - Loaded cache for /tmp/gemma4_full_model_cache/multichip/layer_25/post_ff_ln_1_dtype_BFLOAT16_layout_TILE.tensorbin of shape Shape([1, 1, 1, 2816])
2026-08-15 21:31:46.805 | DEBUG    | core:as_tensor:724 - Loaded cache for /tmp/gemma4_full_model_cache/multichip/layer_25/post_ff_ln_2_dtype_BFLOAT16_layout_TILE.tensorbin of shape Shape([1, 1, 1, 2816])
2026-08-15 21:31:46.805 | DEBUG    | core:as_tensor:724 - Loaded cache for /tmp/gemma4_full_model_cache/multichip/layer_25/pre_ff_ln_2_dtype_BFLOAT16_layout_TILE.tensorbin of shape Shape([1, 1, 1, 2816])
2026-08-15 21:31:46.805 | DEBUG    | core:as_tensor:724 - Loaded cache for /tmp/gemma4_full_model_cache/multichip/layer_25/q_norm_dtype_BFLOAT16_layout_TILE.tensorbin of shape Shape([1, 1, 1, 256])
2026-08-15 21:31:46.805 | DEBUG    | core:as_tensor:724 - Loaded cache for /tmp/gemma4_full_model_cache/multichip/layer_25/k_norm_dtype_BFLOAT16_layout_TILE.tensorbin of shape Shape([1, 1, 1, 256])
2026-08-15 21:31:46.807 | DEBUG    | core:as_tensor:724 - Loaded cache for /tmp/gemma4_full_model_cache/multichip/layer_25/qkv_tp4_dtype_BFLOAT8_B_layout_TILE.tensorbin of shape Shape([1, 1, 2816, 2048])
2026-08-15 21:31:46.815 | DEBUG    | core:as_tensor:724 - Loaded cache for /tmp/gemma4_full_model_cache/multichip/layer_25/o_proj_tp4_dtype_BFLOAT8_B_layout_TILE.tensorbin of shape Shape([1, 1, 1024, 2816])
2026-08-15 21:31:46.816 | DEBUG    | core:as_tensor:724 - Loaded cache for /tmp/gemma4_full_model_cache/multichip/layer_25/mlp_gate_tp4_dtype_BFLOAT8_B_layout_TILE.tensorbin of shape Shape([1, 1, 2816, 544])
2026-08-15 21:31:46.817 | DEBUG    | core:as_tensor:724 - Loaded cache for /tmp/gemma4_full_model_cache/multichip/layer_25/mlp_up_tp4_dtype_BFLOAT8_B_layout_TILE.tensorbin of shape Shape([1, 1, 2816, 544])
2026-08-15 21:31:46.818 | DEBUG    | core:as_tensor:724 - Loaded cache for /tmp/gemma4_full_model_cache/multichip/layer_25/mlp_down_tp4_dtype_BFLOAT8_B_layout_TILE.tensorbin of shape Shape([1, 1, 544, 2816])
2026-08-15 21:31:46.818 | DEBUG    | core:as_tensor:724 - Loaded cache for /tmp/gemma4_full_model_cache/multichip/layer_25/router_scale_dtype_FLOAT32_layout_TILE.tensorbin of shape Shape([1, 1, 1, 2816])
2026-08-15 21:31:46.819 | DEBUG    | core:as_tensor:724 - Loaded cache for /tmp/gemma4_full_model_cache/multichip/layer_25/router_proj_dtype_FLOAT32_layout_TILE.tensorbin of shape Shape([1, 1, 2816, 128])
2026-08-15 21:31:46.819 | DEBUG    | core:as_tensor:724 - Loaded cache for /tmp/gemma4_full_model_cache/multichip/layer_25/router_per_expert_scale_dtype_FLOAT32_layout_TILE.tensorbin of shape Shape([1, 128])
2026-08-15 21:31:46.848 | DEBUG    | core:as_tensor:724 - Loaded cache for /tmp/gemma4_full_model_cache/multichip/layer_25/expert_gate_tp4_dtype_BFLOAT8_B_layout_TILE.tensorbin of shape Shape([1, 128, 2816, 192])
2026-08-15 21:31:46.875 | DEBUG    | core:as_tensor:724 - Loaded cache for /tmp/gemma4_full_model_cache/multichip/layer_25/expert_up_tp4_dtype_BFLOAT8_B_layout_TILE.tensorbin of shape Shape([1, 128, 2816, 192])
2026-08-15 21:31:46.903 | DEBUG    | core:as_tensor:724 - Loaded cache for /tmp/gemma4_full_model_cache/multichip/layer_25/expert_down_tp4_dtype_BFLOAT8_B_layout_TILE.tensorbin of shape Shape([1, 128, 192, 2816])
2026-08-15 21:31:46.904 | DEBUG    | core:as_tensor:724 - Loaded cache for /tmp/gemma4_full_model_cache/multichip/layer_25/expert_prefill_sparsity_dtype_BFLOAT16_layout_ROW_MAJOR.tensorbin of shape Shape([1, 1, 1, 128])
2026-08-15 21:31:46.909 | DEBUG    | core:as_tensor:724 - Loaded cache for /tmp/gemma4_full_model_cache/multichip/layer_25/packed_mlp_gate_up_decode_bfp4_tp4_dtype_BFLOAT4_B_layout_TILE.tensorbin of shape Shape([1, 1, 2816, 1088])
2026-08-15 21:31:47.356 | DEBUG    | core:as_tensor:724 - Loaded cache for /tmp/gemma4_full_model_cache/multichip/layer_26/layer_scalar_dtype_BFLOAT16_layout_TILE.tensorbin of shape Shape([1, 1, 1, 1])
2026-08-15 21:31:47.357 | DEBUG    | core:as_tensor:724 - Loaded cache for /tmp/gemma4_full_model_cache/multichip/layer_26/input_ln_dtype_BFLOAT16_layout_TILE.tensorbin of shape Shape([1, 1, 1, 2816])
2026-08-15 21:31:47.357 | DEBUG    | core:as_tensor:724 - Loaded cache for /tmp/gemma4_full_model_cache/multichip/layer_26/post_attn_ln_dtype_BFLOAT16_layout_TILE.tensorbin of shape Shape([1, 1, 1, 2816])
2026-08-15 21:31:47.357 | DEBUG    | core:as_tensor:724 - Loaded cache for /tmp/gemma4_full_model_cache/multichip/layer_26/pre_ff_ln_dtype_BFLOAT16_layout_TILE.tensorbin of shape Shape([1, 1, 1, 2816])
2026-08-15 21:31:47.357 | DEBUG    | core:as_tensor:724 - Loaded cache for /tmp/gemma4_full_model_cache/multichip/layer_26/post_ff_ln_dtype_BFLOAT16_layout_TILE.tensorbin of shape Shape([1, 1, 1, 2816])
2026-08-15 21:31:47.357 | DEBUG    | core:as_tensor:724 - Loaded cache for /tmp/gemma4_full_model_cache/multichip/layer_26/post_ff_ln_1_dtype_BFLOAT16_layout_TILE.tensorbin of shape Shape([1, 1, 1, 2816])
2026-08-15 21:31:47.357 | DEBUG    | core:as_tensor:724 - Loaded cache for /tmp/gemma4_full_model_cache/multichip/layer_26/post_ff_ln_2_dtype_BFLOAT16_layout_TILE.tensorbin of shape Shape([1, 1, 1, 2816])
2026-08-15 21:31:47.357 | DEBUG    | core:as_tensor:724 - Loaded cache for /tmp/gemma4_full_model_cache/multichip/layer_26/pre_ff_ln_2_dtype_BFLOAT16_layout_TILE.tensorbin of shape Shape([1, 1, 1, 2816])
2026-08-15 21:31:47.358 | DEBUG    | core:as_tensor:724 - Loaded cache for /tmp/gemma4_full_model_cache/multichip/layer_26/q_norm_dtype_BFLOAT16_layout_TILE.tensorbin of shape Shape([1, 1, 1, 256])
2026-08-15 21:31:47.358 | DEBUG    | core:as_tensor:724 - Loaded cache for /tmp/gemma4_full_model_cache/multichip/layer_26/k_norm_dtype_BFLOAT16_layout_TILE.tensorbin of shape Shape([1, 1, 1, 256])
2026-08-15 21:31:47.360 | DEBUG    | core:as_tensor:724 - Loaded cache for /tmp/gemma4_full_model_cache/multichip/layer_26/qkv_tp4_dtype_BFLOAT8_B_layout_TILE.tensorbin of shape Shape([1, 1, 2816, 2048])
2026-08-15 21:31:47.368 | DEBUG    | core:as_tensor:724 - Loaded cache for /tmp/gemma4_full_model_cache/multichip/layer_26/o_proj_tp4_dtype_BFLOAT8_B_layout_TILE.tensorbin of shape Shape([1, 1, 1024, 2816])
2026-08-15 21:31:47.368 | DEBUG    | core:as_tensor:724 - Loaded cache for /tmp/gemma4_full_model_cache/multichip/layer_26/mlp_gate_tp4_dtype_BFLOAT8_B_layout_TILE.tensorbin of shape Shape([1, 1, 2816, 544])
2026-08-15 21:31:47.369 | DEBUG    | core:as_tensor:724 - Loaded cache for /tmp/gemma4_full_model_cache/multichip/layer_26/mlp_up_tp4_dtype_BFLOAT8_B_layout_TILE.tensorbin of shape Shape([1, 1, 2816, 544])
2026-08-15 21:31:47.370 | DEBUG    | core:as_tensor:724 - Loaded cache for /tmp/gemma4_full_model_cache/multichip/layer_26/mlp_down_tp4_dtype_BFLOAT8_B_layout_TILE.tensorbin of shape Shape([1, 1, 544, 2816])
2026-08-15 21:31:47.370 | DEBUG    | core:as_tensor:724 - Loaded cache for /tmp/gemma4_full_model_cache/multichip/layer_26/router_scale_dtype_FLOAT32_layout_TILE.tensorbin of shape Shape([1, 1, 1, 2816])
2026-08-15 21:31:47.371 | DEBUG    | core:as_tensor:724 - Loaded cache for /tmp/gemma4_full_model_cache/multichip/layer_26/router_proj_dtype_FLOAT32_layout_TILE.tensorbin of shape Shape([1, 1, 2816, 128])
2026-08-15 21:31:47.371 | DEBUG    | core:as_tensor:724 - Loaded cache for /tmp/gemma4_full_model_cache/multichip/layer_26/router_per_expert_scale_dtype_FLOAT32_layout_TILE.tensorbin of shape Shape([1, 128])
2026-08-15 21:31:47.401 | DEBUG    | core:as_tensor:724 - Loaded cache for /tmp/gemma4_full_model_cache/multichip/layer_26/expert_gate_tp4_dtype_BFLOAT8_B_layout_TILE.tensorbin of shape Shape([1, 128, 2816, 192])
2026-08-15 21:31:47.431 | DEBUG    | core:as_tensor:724 - Loaded cache for /tmp/gemma4_full_model_cache/multichip/layer_26/expert_up_tp4_dtype_BFLOAT8_B_layout_TILE.tensorbin of shape Shape([1, 128, 2816, 192])
2026-08-15 21:31:47.461 | DEBUG    | core:as_tensor:724 - Loaded cache for /tmp/gemma4_full_model_cache/multichip/layer_26/expert_down_tp4_dtype_BFLOAT8_B_layout_TILE.tensorbin of shape Shape([1, 128, 192, 2816])
2026-08-15 21:31:47.462 | DEBUG    | core:as_tensor:724 - Loaded cache for /tmp/gemma4_full_model_cache/multichip/layer_26/expert_prefill_sparsity_dtype_BFLOAT16_layout_ROW_MAJOR.tensorbin of shape Shape([1, 1, 1, 128])
2026-08-15 21:31:47.466 | DEBUG    | core:as_tensor:724 - Loaded cache for /tmp/gemma4_full_model_cache/multichip/layer_26/packed_mlp_gate_up_decode_bfp4_tp4_dtype_BFLOAT4_B_layout_TILE.tensorbin of shape Shape([1, 1, 2816, 1088])
2026-08-15 21:31:47.916 | DEBUG    | core:as_tensor:724 - Loaded cache for /tmp/gemma4_full_model_cache/multichip/layer_27/layer_scalar_dtype_BFLOAT16_layout_TILE.tensorbin of shape Shape([1, 1, 1, 1])
2026-08-15 21:31:47.916 | DEBUG    | core:as_tensor:724 - Loaded cache for /tmp/gemma4_full_model_cache/multichip/layer_27/input_ln_dtype_BFLOAT16_layout_TILE.tensorbin of shape Shape([1, 1, 1, 2816])
2026-08-15 21:31:47.916 | DEBUG    | core:as_tensor:724 - Loaded cache for /tmp/gemma4_full_model_cache/multichip/layer_27/post_attn_ln_dtype_BFLOAT16_layout_TILE.tensorbin of shape Shape([1, 1, 1, 2816])
2026-08-15 21:31:47.916 | DEBUG    | core:as_tensor:724 - Loaded cache for /tmp/gemma4_full_model_cache/multichip/layer_27/pre_ff_ln_dtype_BFLOAT16_layout_TILE.tensorbin of shape Shape([1, 1, 1, 2816])
2026-08-15 21:31:47.916 | DEBUG    | core:as_tensor:724 - Loaded cache for /tmp/gemma4_full_model_cache/multichip/layer_27/post_ff_ln_dtype_BFLOAT16_layout_TILE.tensorbin of shape Shape([1, 1, 1, 2816])
2026-08-15 21:31:47.917 | DEBUG    | core:as_tensor:724 - Loaded cache for /tmp/gemma4_full_model_cache/multichip/layer_27/post_ff_ln_1_dtype_BFLOAT16_layout_TILE.tensorbin of shape Shape([1, 1, 1, 2816])
2026-08-15 21:31:47.917 | DEBUG    | core:as_tensor:724 - Loaded cache for /tmp/gemma4_full_model_cache/multichip/layer_27/post_ff_ln_2_dtype_BFLOAT16_layout_TILE.tensorbin of shape Shape([1, 1, 1, 2816])
2026-08-15 21:31:47.917 | DEBUG    | core:as_tensor:724 - Loaded cache for /tmp/gemma4_full_model_cache/multichip/layer_27/pre_ff_ln_2_dtype_BFLOAT16_layout_TILE.tensorbin of shape Shape([1, 1, 1, 2816])
2026-08-15 21:31:47.917 | DEBUG    | core:as_tensor:724 - Loaded cache for /tmp/gemma4_full_model_cache/multichip/layer_27/q_norm_dtype_BFLOAT16_layout_TILE.tensorbin of shape Shape([1, 1, 1, 256])
2026-08-15 21:31:47.917 | DEBUG    | core:as_tensor:724 - Loaded cache for /tmp/gemma4_full_model_cache/multichip/layer_27/k_norm_dtype_BFLOAT16_layout_TILE.tensorbin of shape Shape([1, 1, 1, 256])
2026-08-15 21:31:47.919 | DEBUG    | core:as_tensor:724 - Loaded cache for /tmp/gemma4_full_model_cache/multichip/layer_27/qkv_tp4_dtype_BFLOAT8_B_layout_TILE.tensorbin of shape Shape([1, 1, 2816, 2048])
2026-08-15 21:31:47.928 | DEBUG    | core:as_tensor:724 - Loaded cache for /tmp/gemma4_full_model_cache/multichip/layer_27/o_proj_tp4_dtype_BFLOAT8_B_layout_TILE.tensorbin of shape Shape([1, 1, 1024, 2816])
2026-08-15 21:31:47.929 | DEBUG    | core:as_tensor:724 - Loaded cache for /tmp/gemma4_full_model_cache/multichip/layer_27/mlp_gate_tp4_dtype_BFLOAT8_B_layout_TILE.tensorbin of shape Shape([1, 1, 2816, 544])
2026-08-15 21:31:47.929 | DEBUG    | core:as_tensor:724 - Loaded cache for /tmp/gemma4_full_model_cache/multichip/layer_27/mlp_up_tp4_dtype_BFLOAT8_B_layout_TILE.tensorbin of shape Shape([1, 1, 2816, 544])
2026-08-15 21:31:47.930 | DEBUG    | core:as_tensor:724 - Loaded cache for /tmp/gemma4_full_model_cache/multichip/layer_27/mlp_down_tp4_dtype_BFLOAT8_B_layout_TILE.tensorbin of shape Shape([1, 1, 544, 2816])
2026-08-15 21:31:47.930 | DEBUG    | core:as_tensor:724 - Loaded cache for /tmp/gemma4_full_model_cache/multichip/layer_27/router_scale_dtype_FLOAT32_layout_TILE.tensorbin of shape Shape([1, 1, 1, 2816])
2026-08-15 21:31:47.931 | DEBUG    | core:as_tensor:724 - Loaded cache for /tmp/gemma4_full_model_cache/multichip/layer_27/router_proj_dtype_FLOAT32_layout_TILE.tensorbin of shape Shape([1, 1, 2816, 128])
2026-08-15 21:31:47.931 | DEBUG    | core:as_tensor:724 - Loaded cache for /tmp/gemma4_full_model_cache/multichip/layer_27/router_per_expert_scale_dtype_FLOAT32_layout_TILE.tensorbin of shape Shape([1, 128])
2026-08-15 21:31:47.958 | DEBUG    | core:as_tensor:724 - Loaded cache for /tmp/gemma4_full_model_cache/multichip/layer_27/expert_gate_tp4_dtype_BFLOAT8_B_layout_TILE.tensorbin of shape Shape([1, 128, 2816, 192])
2026-08-15 21:31:47.985 | DEBUG    | core:as_tensor:724 - Loaded cache for /tmp/gemma4_full_model_cache/multichip/layer_27/expert_up_tp4_dtype_BFLOAT8_B_layout_TILE.tensorbin of shape Shape([1, 128, 2816, 192])
2026-08-15 21:31:48.012 | DEBUG    | core:as_tensor:724 - Loaded cache for /tmp/gemma4_full_model_cache/multichip/layer_27/expert_down_tp4_dtype_BFLOAT8_B_layout_TILE.tensorbin of shape Shape([1, 128, 192, 2816])
2026-08-15 21:31:48.013 | DEBUG    | core:as_tensor:724 - Loaded cache for /tmp/gemma4_full_model_cache/multichip/layer_27/expert_prefill_sparsity_dtype_BFLOAT16_layout_ROW_MAJOR.tensorbin of shape Shape([1, 1, 1, 128])
2026-08-15 21:31:48.021 | DEBUG    | core:as_tensor:724 - Loaded cache for /tmp/gemma4_full_model_cache/multichip/layer_27/packed_mlp_gate_up_decode_bfp4_tp4_dtype_BFLOAT4_B_layout_TILE.tensorbin of shape Shape([1, 1, 2816, 1088])
2026-08-15 21:31:48.482 | DEBUG    | core:as_tensor:724 - Loaded cache for /tmp/gemma4_full_model_cache/multichip/layer_28/layer_scalar_dtype_BFLOAT16_layout_TILE.tensorbin of shape Shape([1, 1, 1, 1])
2026-08-15 21:31:48.482 | DEBUG    | core:as_tensor:724 - Loaded cache for /tmp/gemma4_full_model_cache/multichip/layer_28/input_ln_dtype_BFLOAT16_layout_TILE.tensorbin of shape Shape([1, 1, 1, 2816])
2026-08-15 21:31:48.482 | DEBUG    | core:as_tensor:724 - Loaded cache for /tmp/gemma4_full_model_cache/multichip/layer_28/post_attn_ln_dtype_BFLOAT16_layout_TILE.tensorbin of shape Shape([1, 1, 1, 2816])
2026-08-15 21:31:48.483 | DEBUG    | core:as_tensor:724 - Loaded cache for /tmp/gemma4_full_model_cache/multichip/layer_28/pre_ff_ln_dtype_BFLOAT16_layout_TILE.tensorbin of shape Shape([1, 1, 1, 2816])
2026-08-15 21:31:48.483 | DEBUG    | core:as_tensor:724 - Loaded cache for /tmp/gemma4_full_model_cache/multichip/layer_28/post_ff_ln_dtype_BFLOAT16_layout_TILE.tensorbin of shape Shape([1, 1, 1, 2816])
2026-08-15 21:31:48.483 | DEBUG    | core:as_tensor:724 - Loaded cache for /tmp/gemma4_full_model_cache/multichip/layer_28/post_ff_ln_1_dtype_BFLOAT16_layout_TILE.tensorbin of shape Shape([1, 1, 1, 2816])
2026-08-15 21:31:48.483 | DEBUG    | core:as_tensor:724 - Loaded cache for /tmp/gemma4_full_model_cache/multichip/layer_28/post_ff_ln_2_dtype_BFLOAT16_layout_TILE.tensorbin of shape Shape([1, 1, 1, 2816])
2026-08-15 21:31:48.483 | DEBUG    | core:as_tensor:724 - Loaded cache for /tmp/gemma4_full_model_cache/multichip/layer_28/pre_ff_ln_2_dtype_BFLOAT16_layout_TILE.tensorbin of shape Shape([1, 1, 1, 2816])
2026-08-15 21:31:48.483 | DEBUG    | core:as_tensor:724 - Loaded cache for /tmp/gemma4_full_model_cache/multichip/layer_28/q_norm_dtype_BFLOAT16_layout_TILE.tensorbin of shape Shape([1, 1, 1, 256])
2026-08-15 21:31:48.483 | DEBUG    | core:as_tensor:724 - Loaded cache for /tmp/gemma4_full_model_cache/multichip/layer_28/k_norm_dtype_BFLOAT16_layout_TILE.tensorbin of shape Shape([1, 1, 1, 256])
2026-08-15 21:31:48.486 | DEBUG    | core:as_tensor:724 - Loaded cache for /tmp/gemma4_full_model_cache/multichip/layer_28/qkv_tp4_dtype_BFLOAT8_B_layout_TILE.tensorbin of shape Shape([1, 1, 2816, 2048])
2026-08-15 21:31:48.493 | DEBUG    | core:as_tensor:724 - Loaded cache for /tmp/gemma4_full_model_cache/multichip/layer_28/o_proj_tp4_dtype_BFLOAT8_B_layout_TILE.tensorbin of shape Shape([1, 1, 1024, 2816])
2026-08-15 21:31:48.494 | DEBUG    | core:as_tensor:724 - Loaded cache for /tmp/gemma4_full_model_cache/multichip/layer_28/mlp_gate_tp4_dtype_BFLOAT8_B_layout_TILE.tensorbin of shape Shape([1, 1, 2816, 544])
2026-08-15 21:31:48.495 | DEBUG    | core:as_tensor:724 - Loaded cache for /tmp/gemma4_full_model_cache/multichip/layer_28/mlp_up_tp4_dtype_BFLOAT8_B_layout_TILE.tensorbin of shape Shape([1, 1, 2816, 544])
2026-08-15 21:31:48.496 | DEBUG    | core:as_tensor:724 - Loaded cache for /tmp/gemma4_full_model_cache/multichip/layer_28/mlp_down_tp4_dtype_BFLOAT8_B_layout_TILE.tensorbin of shape Shape([1, 1, 544, 2816])
2026-08-15 21:31:48.496 | DEBUG    | core:as_tensor:724 - Loaded cache for /tmp/gemma4_full_model_cache/multichip/layer_28/router_scale_dtype_FLOAT32_layout_TILE.tensorbin of shape Shape([1, 1, 1, 2816])
2026-08-15 21:31:48.497 | DEBUG    | core:as_tensor:724 - Loaded cache for /tmp/gemma4_full_model_cache/multichip/layer_28/router_proj_dtype_FLOAT32_layout_TILE.tensorbin of shape Shape([1, 1, 2816, 128])
2026-08-15 21:31:48.497 | DEBUG    | core:as_tensor:724 - Loaded cache for /tmp/gemma4_full_model_cache/multichip/layer_28/router_per_expert_scale_dtype_FLOAT32_layout_TILE.tensorbin of shape Shape([1, 128])
2026-08-15 21:31:48.526 | DEBUG    | core:as_tensor:724 - Loaded cache for /tmp/gemma4_full_model_cache/multichip/layer_28/expert_gate_tp4_dtype_BFLOAT8_B_layout_TILE.tensorbin of shape Shape([1, 128, 2816, 192])
2026-08-15 21:31:48.557 | DEBUG    | core:as_tensor:724 - Loaded cache for /tmp/gemma4_full_model_cache/multichip/layer_28/expert_up_tp4_dtype_BFLOAT8_B_layout_TILE.tensorbin of shape Shape([1, 128, 2816, 192])
2026-08-15 21:31:48.586 | DEBUG    | core:as_tensor:724 - Loaded cache for /tmp/gemma4_full_model_cache/multichip/layer_28/expert_down_tp4_dtype_BFLOAT8_B_layout_TILE.tensorbin of shape Shape([1, 128, 192, 2816])
2026-08-15 21:31:48.587 | DEBUG    | core:as_tensor:724 - Loaded cache for /tmp/gemma4_full_model_cache/multichip/layer_28/expert_prefill_sparsity_dtype_BFLOAT16_layout_ROW_MAJOR.tensorbin of shape Shape([1, 1, 1, 128])
2026-08-15 21:31:48.592 | DEBUG    | core:as_tensor:724 - Loaded cache for /tmp/gemma4_full_model_cache/multichip/layer_28/packed_mlp_gate_up_decode_bfp4_tp4_dtype_BFLOAT4_B_layout_TILE.tensorbin of shape Shape([1, 1, 2816, 1088])
2026-08-15 21:31:49.048 | DEBUG    | core:as_tensor:724 - Loaded cache for /tmp/gemma4_full_model_cache/multichip/layer_29/layer_scalar_dtype_BFLOAT16_layout_TILE.tensorbin of shape Shape([1, 1, 1, 1])
2026-08-15 21:31:49.048 | DEBUG    | core:as_tensor:724 - Loaded cache for /tmp/gemma4_full_model_cache/multichip/layer_29/input_ln_dtype_BFLOAT16_layout_TILE.tensorbin of shape Shape([1, 1, 1, 2816])
2026-08-15 21:31:49.048 | DEBUG    | core:as_tensor:724 - Loaded cache for /tmp/gemma4_full_model_cache/multichip/layer_29/post_attn_ln_dtype_BFLOAT16_layout_TILE.tensorbin of shape Shape([1, 1, 1, 2816])
2026-08-15 21:31:49.048 | DEBUG    | core:as_tensor:724 - Loaded cache for /tmp/gemma4_full_model_cache/multichip/layer_29/pre_ff_ln_dtype_BFLOAT16_layout_TILE.tensorbin of shape Shape([1, 1, 1, 2816])
2026-08-15 21:31:49.049 | DEBUG    | core:as_tensor:724 - Loaded cache for /tmp/gemma4_full_model_cache/multichip/layer_29/post_ff_ln_dtype_BFLOAT16_layout_TILE.tensorbin of shape Shape([1, 1, 1, 2816])
2026-08-15 21:31:49.049 | DEBUG    | core:as_tensor:724 - Loaded cache for /tmp/gemma4_full_model_cache/multichip/layer_29/post_ff_ln_1_dtype_BFLOAT16_layout_TILE.tensorbin of shape Shape([1, 1, 1, 2816])
2026-08-15 21:31:49.049 | DEBUG    | core:as_tensor:724 - Loaded cache for /tmp/gemma4_full_model_cache/multichip/layer_29/post_ff_ln_2_dtype_BFLOAT16_layout_TILE.tensorbin of shape Shape([1, 1, 1, 2816])
2026-08-15 21:31:49.049 | DEBUG    | core:as_tensor:724 - Loaded cache for /tmp/gemma4_full_model_cache/multichip/layer_29/pre_ff_ln_2_dtype_BFLOAT16_layout_TILE.tensorbin of shape Shape([1, 1, 1, 2816])
2026-08-15 21:31:49.049 | DEBUG    | core:as_tensor:724 - Loaded cache for /tmp/gemma4_full_model_cache/multichip/layer_29/q_norm_dtype_BFLOAT16_layout_TILE.tensorbin of shape Shape([1, 1, 1, 512])
2026-08-15 21:31:49.049 | DEBUG    | core:as_tensor:724 - Loaded cache for /tmp/gemma4_full_model_cache/multichip/layer_29/k_norm_dtype_BFLOAT16_layout_TILE.tensorbin of shape Shape([1, 1, 1, 512])
2026-08-15 21:31:49.055 | DEBUG    | core:as_tensor:724 - Loaded cache for /tmp/gemma4_full_model_cache/multichip/layer_29/qkv_tp4_dtype_BFLOAT8_B_layout_TILE.tensorbin of shape Shape([1, 1, 2816, 3072])
2026-08-15 21:31:49.075 | DEBUG    | core:as_tensor:724 - Loaded cache for /tmp/gemma4_full_model_cache/multichip/layer_29/o_proj_tp4_dtype_BFLOAT8_B_layout_TILE.tensorbin of shape Shape([1, 1, 2048, 2816])
2026-08-15 21:31:49.077 | DEBUG    | core:as_tensor:724 - Loaded cache for /tmp/gemma4_full_model_cache/multichip/layer_29/mlp_gate_tp4_dtype_BFLOAT8_B_layout_TILE.tensorbin of shape Shape([1, 1, 2816, 544])
2026-08-15 21:31:49.078 | DEBUG    | core:as_tensor:724 - Loaded cache for /tmp/gemma4_full_model_cache/multichip/layer_29/mlp_up_tp4_dtype_BFLOAT8_B_layout_TILE.tensorbin of shape Shape([1, 1, 2816, 544])
2026-08-15 21:31:49.079 | DEBUG    | core:as_tensor:724 - Loaded cache for /tmp/gemma4_full_model_cache/multichip/layer_29/mlp_down_tp4_dtype_BFLOAT8_B_layout_TILE.tensorbin of shape Shape([1, 1, 544, 2816])
2026-08-15 21:31:49.079 | DEBUG    | core:as_tensor:724 - Loaded cache for /tmp/gemma4_full_model_cache/multichip/layer_29/router_scale_dtype_FLOAT32_layout_TILE.tensorbin of shape Shape([1, 1, 1, 2816])
2026-08-15 21:31:49.080 | DEBUG    | core:as_tensor:724 - Loaded cache for /tmp/gemma4_full_model_cache/multichip/layer_29/router_proj_dtype_FLOAT32_layout_TILE.tensorbin of shape Shape([1, 1, 2816, 128])
2026-08-15 21:31:49.080 | DEBUG    | core:as_tensor:724 - Loaded cache for /tmp/gemma4_full_model_cache/multichip/layer_29/router_per_expert_scale_dtype_FLOAT32_layout_TILE.tensorbin of shape Shape([1, 128])
2026-08-15 21:31:49.106 | DEBUG    | core:as_tensor:724 - Loaded cache for /tmp/gemma4_full_model_cache/multichip/layer_29/expert_gate_tp4_dtype_BFLOAT8_B_layout_TILE.tensorbin of shape Shape([1, 128, 2816, 192])
2026-08-15 21:31:49.132 | DEBUG    | core:as_tensor:724 - Loaded cache for /tmp/gemma4_full_model_cache/multichip/layer_29/expert_up_tp4_dtype_BFLOAT8_B_layout_TILE.tensorbin of shape Shape([1, 128, 2816, 192])
2026-08-15 21:31:49.158 | DEBUG    | core:as_tensor:724 - Loaded cache for /tmp/gemma4_full_model_cache/multichip/layer_29/expert_down_tp4_dtype_BFLOAT8_B_layout_TILE.tensorbin of shape Shape([1, 128, 192, 2816])
2026-08-15 21:31:49.159 | DEBUG    | core:as_tensor:724 - Loaded cache for /tmp/gemma4_full_model_cache/multichip/layer_29/expert_prefill_sparsity_dtype_BFLOAT16_layout_ROW_MAJOR.tensorbin of shape Shape([1, 1, 1, 128])
2026-08-15 21:31:49.164 | DEBUG    | core:as_tensor:724 - Loaded cache for /tmp/gemma4_full_model_cache/multichip/layer_29/packed_mlp_gate_up_decode_bfp4_tp4_dtype_BFLOAT4_B_layout_TILE.tensorbin of shape Shape([1, 1, 2816, 1088])
Running TT autoregressive generation...
TT produced 64 tokens.

Saved HF completion → /home/mvasiljevic/tt-metal/models/autoports/google_gemma_4_26b_a4b_it/doc/optimized_full_model/shared_qualitative/02_story/hf_completion.txt
Saved TT completion → /home/mvasiljevic/tt-metal/models/autoports/google_gemma_4_26b_a4b_it/doc/optimized_full_model/shared_qualitative/02_story/tt_completion.txt
Saved metadata     → /home/mvasiljevic/tt-metal/models/autoports/google_gemma_4_26b_a4b_it/doc/optimized_full_model/shared_qualitative/02_story/autoregressive_meta.json
nanobind: leaked 2 instances!
 - leaked instance 0x736f9e086a48 of type "ttnn._ttnn.tensor.CoreRangeSet"
 - leaked instance 0x736f9e19ee08 of type "ttnn._ttnn.device.DispatchCoreConfig"
nanobind: leaked 38 types!
 - leaked type "DispatchCoreAxis"
 - leaked type "ttnn._ttnn.device.SubDeviceManagerId"
 - leaked type "MathFidelity"
 - leaked type "ttnn._ttnn.operations.matmul.MatmulMultiCoreReuseMultiCast1DProgramConfig"
 - leaked type "ttnn._ttnn.operations.matmul.MatmulInputs"
 - leaked type "ttnn._ttnn.multi_device.MeshMapperConfig"
 - leaked type "ttnn._ttnn.operations.matmul.MatmulMultiCoreReuseMultiCastBatchedDRAMShardedProgramConfig"
 - leaked type "BufferType"
 - leaked type "UnaryOpType"
 - leaked type "Layout"
 - ... skipped remainder
nanobind: leaked 321 functions!
 - leaked function ""
 - leaked function ""
 - leaked function ""
 - leaked function "get_view"
 - leaked function "__init__"
 - leaked function "EnableMemoryReports"
 - leaked function "load_sub_device_manager"
 - leaked function ""
 - leaked function ""
 - leaked function "__iter__"
 - ... skipped remainder
nanobind: this is likely caused by a reference counting issue in the binding code.
See https://nanobind.readthedocs.io/en/latest/refleaks.html2026-08-15 21:31:58.480 | info     |    BuildKernels | JIT cache stats: 597/614 hits (97.2%) [597 cached, 309 build-once dedup, 0 merged artifacts, 0 merged genfiles] (build_cache_telemetry.cpp:207)
2026-08-15 21:31:58.480 | info     |    BuildKernels | JIT telemetry: 3 registered TelemetryTokens (build_cache_telemetry.cpp:230)
2026-08-15 21:31:58.496 | info     |          Device | Closing user mode device drivers (tt_cluster.cpp:512)
2026-08-15 21:31:58.496 | info     |             UMD | Closing devices in cluster (cluster.cpp:1037)
2026-08-15 21:31:59.020 | info     |             UMD | Closing devices in cluster completed. (cluster.cpp:1046)
2026-08-15 21:31:59.020 | info     |             UMD | Cluster destructor started. (cluster.cpp:754)
2026-08-15 21:31:59.020 | info     |             UMD | Cluster destructor completed. (cluster.cpp:757)
