{
  "batch_instance": {
    "batch": 32,
    "cache_blocks": 64,
    "context": 256,
    "prefill_chunk": 128
  },
  "configured_layers": 1,
  "exact_real_contract": {
    "batch_32": {
      "decode_tokens": [
        25081,
        88923,
        78212,
        47738,
        640,
        77227,
        31697,
        92978,
        92180,
        22585,
        114808,
        68559,
        25129,
        15258,
        125024,
        117835,
        58810,
        25081,
        54647,
        106311,
        27094,
        22375,
        91311,
        78463,
        92978,
        92180,
        102096,
        21585,
        43140,
        87141,
        15258,
        25081
      ],
      "distant_duplicate_slots": [
        0,
        31
      ],
      "duplicate_slot_decode_token_exact": true,
      "duplicate_slot_logits_bit_exact": true,
      "duplicate_slot_prefill_token_exact": true,
      "first_host_prefill_seconds": 0.1434571510180831,
      "host_argmax_matches_device_prefill_greedy": true,
      "host_terminal_logits_elements": 4104192,
      "host_terminal_logits_only": true,
      "mixed_prompt_lengths": [
        128,
        2,
        3,
        5,
        7,
        8,
        9,
        15,
        16,
        17,
        31,
        32,
        33,
        47,
        48,
        49,
        63,
        64,
        65,
        66,
        79,
        80,
        81,
        95,
        96,
        97,
        111,
        112,
        113,
        127,
        23,
        128
      ],
      "non_aligned_prompt_count": 30,
      "prefill_tokens": [
        93120,
        6684,
        41881,
        1900,
        93120,
        61952,
        25121,
        115348,
        92829,
        6858,
        91136,
        70974,
        26140,
        73463,
        101694,
        87425,
        9813,
        93120,
        71364,
        87906,
        93120,
        93120,
        52707,
        759,
        115348,
        92829,
        125665,
        91136,
        38966,
        26140,
        73463,
        93120
      ],
      "repeat_decode_tokens_exact": true,
      "repeat_host_prefill_seconds": 0.07473140303045511,
      "repeat_logits_bit_exact": true,
      "repeat_prefill_tokens_exact": true,
      "repeat_terminal_logits_sha256": "2bf679ca1a9982dd20cc4579c77333dd865e428b84a2056d773642851d15597e",
      "same_native_logits_force_argmax_matches_host": true,
      "same_native_logits_split_greedy_matches_host": true,
      "sampler_local_vocab_width": 32768,
      "sampler_pad_to_power_of_2": true,
      "split_greedy_strategy": "local argmax + one packed FP32 rank-candidate gather + device global argmax",
      "split_local_argmax_matches_full_force_argmax": true,
      "steady_public_replay_tokens": [
        2534,
        2976,
        42281,
        10088,
        60203,
        91181,
        2375,
        31695,
        96274,
        81082,
        80928,
        62800,
        67035,
        24041,
        47162,
        52707,
        55148,
        2534,
        91090,
        46394,
        72570,
        116655,
        122,
        109463,
        55720,
        69296,
        22492,
        103734,
        73463,
        53398,
        24041,
        2534
      ],
      "stochastic_topk_padded_width": 32768,
      "terminal_logits_sha256": "2bf679ca1a9982dd20cc4579c77333dd865e428b84a2056d773642851d15597e",
      "terminal_logits_shape": [
        32,
        1,
        128256
      ]
    },
    "coverage_label": "exact weights, exact real one-layer decoder/cache/terminal/sampler",
    "inactive_row": {
      "active_batch": 31,
      "fixed_sampling_slot_count": 32,
      "inactive_decode_token": 49026,
      "inactive_page_table_all_negative": true,
      "inactive_prefill_token": 0,
      "inactive_slot": 31,
      "repeat_decode_tokens_exact": true,
      "repeat_prefill_tokens_exact": true
    },
    "kv_cache_identity_reused": true,
    "real_decoder_layers": 1,
    "status": "pass",
    "trace_reuse": {
      "active_batch_change_recaptured_once": true,
      "captures_after_active_batch_change": 3,
      "captures_after_first_decode": 2,
      "captures_after_first_incompatible_active_batch": 3,
      "captures_after_repeat_reset_request": 2,
      "captures_before_first_decode": 1,
      "inactive_repeat_reused_compatible_trace": true,
      "public_none_none_steady_replay_executed": true,
      "reset_reused_compatible_trace": true
    },
    "trace_stats": {
      "caller_token_readbacks": 23,
      "captures": 3,
      "decode_warmups": 3,
      "explicit_synchronizations": 41,
      "page_table_host_copies": 12,
      "position_host_copies": 30,
      "prefill_captures": 3,
      "prefill_releases": 2,
      "prefill_replays": 6,
      "releases": 2,
      "replays": 8,
      "sampling_param_host_copies": 0,
      "sampling_seed_host_copies": 0,
      "token_host_copies": 15
    }
  },
  "exact_weight_snapshot": "/home/mvasiljevic/hf-cache/models--meta-llama--Llama-3.1-8B-Instruct/snapshots/0e9e39f249a16976918f6564b8830bc894c89659",
  "limitations": [
    "Near-context decoder/cache coverage uses one exact decoder layer; the all-32-layer gates remain the full-stack numerical and performance evidence.",
    "The exact 131072-token maximum-prompt boundary uses the labeled identity decoder because the real non-divisible 131071-token run already fills and inspects the final physical cache page.",
    "Host logits are read only for 32 selected terminal rows in the explicit compatibility comparison; the near-context path reads no logits and the measured serving path remains device sampled."
  ],
  "long_instance": {
    "batch": 1,
    "cache_blocks": 2048,
    "context": 131072,
    "prefill_chunk": 2048
  },
  "long_public_path_planning": {
    "active_sample": 39702,
    "advertised_context_length": 131072,
    "allocated_physical_pages": 2048,
    "caller_visible_active_tokens": 1,
    "chunk_count": 64,
    "chunk_page_table_shape": [
      1,
      32
    ],
    "chunk_page_tables_exact_and_contiguous": true,
    "chunk_size": 2048,
    "chunk_starts_first": [
      0,
      2048,
      4096,
      6144
    ],
    "chunk_starts_last": [
      122880,
      124928,
      126976,
      129024
    ],
    "coverage_label": "recording identity decoder; exact embedding/final norm/LM head/device sampler",
    "decoder_math_executed": false,
    "elapsed_seconds": 0.08974353782832623,
    "exact_chunk_start_sequence": true,
    "fixed_sampling_slot_count": 32,
    "full_chunk_vocab_host_logits_materialized": false,
    "full_page_table_shape": [
      1,
      2048
    ],
    "host_logit_conversions": 0,
    "kv_cache_filled": false,
    "limitation": "The 131071-token run proves public generator chunk/page/position planning and the selected-token terminal boundary, but deliberately bypasses decoder math and cache fill to keep runtime bounded.",
    "logical_prompt_length": 131071,
    "non_divisible_by_chunk": true,
    "padded_prompt_lens_exact": true,
    "physical_sampling_tensor_shape": [
      1,
      1,
      1,
      32
    ],
    "status": "pass"
  },
  "long_real_decoder_cache": {
    "allocated_physical_pages": 2048,
    "chunk_count": 64,
    "coverage_label": "exact weights, real one-layer decoder, real full paged-cache fill, public generate",
    "elapsed_seconds": 1.1237534419633448,
    "generated_token": 64830,
    "key_cache_last_page": {
      "last_valid_position_nonzero": true,
      "nonzero_elements_first_tp_rank": 16341,
      "padding_position_nonzero": true,
      "sha256_first_tp_rank": "df75ab95cae72ffda6a6e8027e172c9d0a13453a72dbc0d3f656ff4a5a3a95d9",
      "shape_first_tp_rank": [
        1,
        2,
        64,
        128
      ]
    },
    "last_physical_page": 2047,
    "logical_prompt_length": 131071,
    "non_divisible_by_chunk": true,