{
  "api_topology": "ring",
  "batch": 32,
  "ccl_dtype": "bf16",
  "decode_samples_ms": [
    0.5766031797975302,
    0.5767412483692169,
    0.5765973730012774,
    0.5766160087659955,
    0.5764422798529267
  ],
  "down_target_cores": 8,
  "gate_up_target_cores": 24,
  "generated_at_utc": "2026-07-18T20:11:32.038051+00:00",
  "hardware": "4x Blackhole p300c, mesh 1x4, FABRIC_1D_RING",
  "implementation_sha256": "25d9b50dd182a626f5195db56e194d897ab495e53b16c7f107465ac62fdd41e9",
  "iterations_per_decode_sample": 100,
  "multichip_prefill_ms": 3.0034794472157955,
  "multichip_trace_ms": 0.5766031797975302,
  "num_links": 2,
  "o_target_cores": 2,
  "parallel_efficiency": 0.3440390373995989,
  "prefill_grid_x": 11,
  "prefill_in0_block_w": 8,
  "prefill_parallel_efficiency": 0.2728519394727658,
  "prefill_samples_ms": [
    3.482943866401911,
    3.055357839912176,
    2.988551277667284,
    3.0034794472157955,
    2.923456020653248
  ],
  "prefill_speedup": 1.0914077578910633,
  "qkv_target_cores": 4,
  "repo_head": "3c69719127e668656ec77396bb042b024ff37659",
  "sequence_length": 17,
  "single_chip_baseline_key": "optimized_selected_dram_all_bfp4_auto",
  "single_chip_baseline_ms": 0.7934960117563605,
  "single_chip_prefill_ms": 3.2780207693576813,
  "single_chip_provenance": "models/autoports/tiiuae_falcon3_10b_base/doc/optimized_decoder/results/final/final_batch32.json",
  "speedup": 1.3761561495983956,
  "test_sha256": "09f8eec582af3ac057ca0b3d5194fb5bdfb2ab0e8f56b57a99d63ca92a277075",
  "weights": "real_layer_20"
}
