2026-08-15 20:55:55.582 | DEBUG    | ttnn:<module>:79 - Initial ttnn.CONFIG:
Config{cache_path=/home/mvasiljevic/.cache/ttnn,model_cache_path=/home/mvasiljevic/.cache/ttnn/models,tmp_dir=/tmp/ttnn,enable_model_cache=false,enable_fast_runtime_mode=true,throw_exception_on_fallback=false,enable_logging=false,enable_graph_report=false,enable_graph_python_stack_traces=false,enable_detailed_buffer_report=false,enable_detailed_tensor_report=false,enable_comparison_mode=false,comparison_mode_should_raise_exception=false,comparison_mode_pcc=0.9999,root_report_path=generated/ttnn/reports,report_name=std::nullopt,std::nullopt}
2026-08-15 20:55:55.618 | info     |          Device | Opening user mode device driver (tt_cluster.cpp:228)
2026-08-15 20:55:55.618 | info     |             UMD | Cluster constructor started. (cluster.cpp:348)
2026-08-15 20:55:55.618 | info     |             UMD | Creating TopologyDiscovery for architecture: blackhole (topology_discovery.cpp:91)
2026-08-15 20:55:55.618 | info     |             UMD | Starting topology discovery. (topology_discovery.cpp:110)
2026-08-15 20:55:55.620 | info     |             UMD | Established firmware bundle version: 19.8.0 (topology_discovery.cpp:569)
2026-08-15 20:55:55.620 | info     |             UMD | Firmware bundle version 19.8.0 on the system is newer than the latest fully tested version 19.5.0 for blackhole architecture. Newest features may not be supported. (topology_discovery.cpp:601)
2026-08-15 20:55:55.624 | info     |             UMD | Completed topology discovery. (topology_discovery.cpp:114)
2026-08-15 20:55:55.845 | info     |             UMD | Opening local chip ids/PCIe ids: {0, 1, 2, 3}/[0, 1, 2, 3] and remote chip ids {} (cluster.cpp:168)
2026-08-15 20:55:55.846 | info     |             UMD | IOMMU: enabled (cluster.cpp:142)
2026-08-15 20:55:55.846 | info     |             UMD | KMD version: 2.8.0 (cluster.cpp:145)
2026-08-15 20:55:55.846 | info     |             UMD | Cluster constructor completed. (cluster.cpp:520)
2026-08-15 20:55:55.847 | info     |             UMD | Starting devices in cluster (cluster.cpp:1024)
2026-08-15 20:55:56.101 | info     |             UMD | Starting devices in cluster completed. (cluster.cpp:1032)
2026-08-15 20:55:56.237 | info     |     Distributed | Using auto discovery to generate mesh graph. (metal_env.cpp:367)
2026-08-15 20:55:56.237 | info     |     Distributed | Constructing control plane using auto-discovery (no mesh graph descriptor). (metal_env.cpp:429)
2026-08-15 20:55:56.237 | warning  |          Always | Unknown motherboard 'B850M-C' for chip_id=0 (bus_id=0x1) — falling back to bus_id as tray_id. Add this motherboard and its bus IDs to mobo_to_bus_ids in physical_system_discovery.cpp. (physical_system_discovery.cpp:89)
2026-08-15 20:55:56.237 | warning  |          Always | Unknown motherboard 'B850M-C' for chip_id=1 (bus_id=0x2) — falling back to bus_id as tray_id. Add this motherboard and its bus IDs to mobo_to_bus_ids in physical_system_discovery.cpp. (physical_system_discovery.cpp:89)
2026-08-15 20:55:56.237 | warning  |          Always | Unknown motherboard 'B850M-C' for chip_id=2 (bus_id=0x3) — falling back to bus_id as tray_id. Add this motherboard and its bus IDs to mobo_to_bus_ids in physical_system_discovery.cpp. (physical_system_discovery.cpp:89)
2026-08-15 20:55:56.237 | warning  |          Always | Unknown motherboard 'B850M-C' for chip_id=3 (bus_id=0x4) — falling back to bus_id as tray_id. Add this motherboard and its bus IDs to mobo_to_bus_ids in physical_system_discovery.cpp. (physical_system_discovery.cpp:89)
2026-08-15 20:55:56.237 | warning  |          Always | Unknown motherboard 'B850M-C' for chip_id=1 (bus_id=0x2) — falling back to bus_id as tray_id. Add this motherboard and its bus IDs to mobo_to_bus_ids in physical_system_discovery.cpp. (physical_system_discovery.cpp:89)
2026-08-15 20:55:56.237 | warning  |          Always | Unknown motherboard 'B850M-C' for chip_id=0 (bus_id=0x1) — falling back to bus_id as tray_id. Add this motherboard and its bus IDs to mobo_to_bus_ids in physical_system_discovery.cpp. (physical_system_discovery.cpp:89)
2026-08-15 20:55:56.237 | warning  |          Always | Unknown motherboard 'B850M-C' for chip_id=2 (bus_id=0x3) — falling back to bus_id as tray_id. Add this motherboard and its bus IDs to mobo_to_bus_ids in physical_system_discovery.cpp. (physical_system_discovery.cpp:89)
2026-08-15 20:55:56.237 | warning  |          Always | Unknown motherboard 'B850M-C' for chip_id=3 (bus_id=0x4) — falling back to bus_id as tray_id. Add this motherboard and its bus IDs to mobo_to_bus_ids in physical_system_discovery.cpp. (physical_system_discovery.cpp:89)
2026-08-15 20:55:56.237 | info     |          Fabric | Logical multi-mesh adjacency: intermesh degree histogram {0:1}; intra-mesh degree histograms mesh0 {2:4} (topology_mapper_utils.cpp:2342)
2026-08-15 20:55:56.237 | info     |          Fabric | Physical multi-mesh adjacency: intermesh degree histogram {0:1}; intra-mesh degree histograms mesh0 {2:4} (topology_mapper_utils.cpp:2350)
2026-08-15 20:55:56.237 | DEBUG    | ttnn.device:__init__:152 - Using default dispatch core type for this system: DispatchCoreType.WORKER
2026-08-15 20:55:56.237 | DEBUG    | ttnn.device:__init__:154 - Using default dispatch core axis for this system: DispatchCoreAxis.COL
2026-08-15 20:55:56.242 | info     |    BuildKernels | Using pre-compiled firmware from: /home/mvasiljevic/tt-metal/tt_metal/pre-compiled/13793420398762238087/ (build_env_manager.cpp:347)
2026-08-15 20:55:56.242 | info     |    BuildKernels | Using pre-compiled firmware from: /home/mvasiljevic/tt-metal/tt_metal/pre-compiled/13793420398762238087/ (build_env_manager.cpp:347)
2026-08-15 20:55:56.242 | info     |    BuildKernels | Using pre-compiled firmware from: /home/mvasiljevic/tt-metal/tt_metal/pre-compiled/13793420398762238087/ (build_env_manager.cpp:347)
2026-08-15 20:55:56.242 | info     |    BuildKernels | Using pre-compiled firmware from: /home/mvasiljevic/tt-metal/tt_metal/pre-compiled/13793420398762238087/ (build_env_manager.cpp:347)
2026-08-15 20:55:56.276 | info     |           Metal | Initializing Fabric (fabric_firmware_initializer.cpp:288)
2026-08-15 20:55:56.295 | info     |           Metal | Fabric initialized on Device 0 (device.cpp:429)
2026-08-15 20:55:56.299 | info     |           Metal | Fabric initialized on Device 1 (device.cpp:429)
2026-08-15 20:55:56.299 | info     |           Metal | Fabric initialized on Device 2 (device.cpp:429)
2026-08-15 20:55:56.300 | info     |           Metal | Fabric initialized on Device 3 (device.cpp:429)
2026-08-15 20:55:56.300 | info     |           Metal | Fabric initialized on 4 devices (fabric_firmware_initializer.cpp:435)
2026-08-15 20:55:56.300 | info     |           Metal | Fabric Initialized with config FabricConfig::FABRIC_1D_RING (fabric_firmware_initializer.cpp:305)
2026-08-15 20:55:56.342 | info     |           Metal | ShmResourceTracker: removed orphaned shm '/tt_device_154095681929600_memory' (shm_resource_tracker.cpp:282)
2026-08-15 20:55:56.342 | info     |           Metal | ShmResourceTracker: removed orphaned shm '/tt_device_154095681929601_memory' (shm_resource_tracker.cpp:282)
2026-08-15 20:55:56.342 | info     |           Metal | ShmResourceTracker: removed orphaned shm '/tt_device_154095681932032_memory' (shm_resource_tracker.cpp:282)
2026-08-15 20:55:56.342 | info     |           Metal | ShmResourceTracker: removed orphaned shm '/tt_device_154095681932033_memory' (shm_resource_tracker.cpp:282)
2026-08-15 20:55:56.922 | info     |           Metal | [Real-time profiler] Device 0 sync complete: 100 samples, frequency=1.349985 GHz, device_time_at_sync=200814097362 cycles (realtime_profiler_manager.cpp:1127)
2026-08-15 20:55:56.922 | info     |           Metal | [Real-time profiler] Device 1 sync complete: 100 samples, frequency=1.349984 GHz, device_time_at_sync=200967398387 cycles (realtime_profiler_manager.cpp:1127)
2026-08-15 20:55:56.922 | info     |           Metal | [Real-time profiler] Device 2 sync complete: 100 samples, frequency=1.349980 GHz, device_time_at_sync=201251174174 cycles (realtime_profiler_manager.cpp:1127)
2026-08-15 20:55:56.922 | info     |           Metal | [Real-time profiler] Device 3 sync complete: 100 samples, frequency=1.349975 GHz, device_time_at_sync=201513672568 cycles (realtime_profiler_manager.cpp:1127)
2026-08-15 20:55:58.531 | INFO     | models.demos.gemma4.tt.model_config:load_state_dict:156 - No safetensors found, loading via AutoModelForCausalLM from google/gemma-4-26B-A4B-it
Loading weights:   0%|          | 0/1013 [00:00<?, ?it/s]Loading weights: 100%|██████████| 1013/1013 [00:00<00:00, 32186.89it/s]
2026-08-15 20:55:58.928 | DEBUG    | core:as_tensor:724 - Loaded cache for /tmp/gemma4_full_model_cache/full_model/embedding_dtype_BFLOAT16_layout_ROW_MAJOR.tensorbin of shape Shape([1, 1, 262144, 704])
2026-08-15 20:55:59.628 | DEBUG    | core:as_tensor:724 - Loaded cache for /tmp/gemma4_full_model_cache/full_model/lm_head_dtype_BFLOAT16_layout_TILE.tensorbin of shape Shape([1, 1, 2816, 65536])
2026-08-15 20:55:59.667 | DEBUG    | core:as_tensor:724 - Loaded cache for /tmp/gemma4_full_model_cache/full_model/final_norm_dtype_BFLOAT16_layout_TILE.tensorbin of shape Shape([1, 1, 1, 2816])
2026-08-15 20:56:00.082 | DEBUG    | core:as_tensor:724 - Loaded cache for /tmp/gemma4_full_model_cache/multichip/layer_0/layer_scalar_dtype_BFLOAT16_layout_TILE.tensorbin of shape Shape([1, 1, 1, 1])
2026-08-15 20:56:00.082 | DEBUG    | core:as_tensor:724 - Loaded cache for /tmp/gemma4_full_model_cache/multichip/layer_0/input_ln_dtype_BFLOAT16_layout_TILE.tensorbin of shape Shape([1, 1, 1, 2816])
2026-08-15 20:56:00.083 | DEBUG    | core:as_tensor:724 - Loaded cache for /tmp/gemma4_full_model_cache/multichip/layer_0/post_attn_ln_dtype_BFLOAT16_layout_TILE.tensorbin of shape Shape([1, 1, 1, 2816])
2026-08-15 20:56:00.083 | DEBUG    | core:as_tensor:724 - Loaded cache for /tmp/gemma4_full_model_cache/multichip/layer_0/pre_ff_ln_dtype_BFLOAT16_layout_TILE.tensorbin of shape Shape([1, 1, 1, 2816])
2026-08-15 20:56:00.083 | DEBUG    | core:as_tensor:724 - Loaded cache for /tmp/gemma4_full_model_cache/multichip/layer_0/post_ff_ln_dtype_BFLOAT16_layout_TILE.tensorbin of shape Shape([1, 1, 1, 2816])
2026-08-15 20:56:00.083 | DEBUG    | core:as_tensor:724 - Loaded cache for /tmp/gemma4_full_model_cache/multichip/layer_0/post_ff_ln_1_dtype_BFLOAT16_layout_TILE.tensorbin of shape Shape([1, 1, 1, 2816])
2026-08-15 20:56:00.083 | DEBUG    | core:as_tensor:724 - Loaded cache for /tmp/gemma4_full_model_cache/multichip/layer_0/post_ff_ln_2_dtype_BFLOAT16_layout_TILE.tensorbin of shape Shape([1, 1, 1, 2816])
2026-08-15 20:56:00.083 | DEBUG    | core:as_tensor:724 - Loaded cache for /tmp/gemma4_full_model_cache/multichip/layer_0/pre_ff_ln_2_dtype_BFLOAT16_layout_TILE.tensorbin of shape Shape([1, 1, 1, 2816])
2026-08-15 20:56:00.083 | DEBUG    | core:as_tensor:724 - Loaded cache for /tmp/gemma4_full_model_cache/multichip/layer_0/q_norm_dtype_BFLOAT16_layout_TILE.tensorbin of shape Shape([1, 1, 1, 256])
2026-08-15 20:56:00.084 | DEBUG    | core:as_tensor:724 - Loaded cache for /tmp/gemma4_full_model_cache/multichip/layer_0/k_norm_dtype_BFLOAT16_layout_TILE.tensorbin of shape Shape([1, 1, 1, 256])
2026-08-15 20:56:00.086 | DEBUG    | core:as_tensor:724 - Loaded cache for /tmp/gemma4_full_model_cache/multichip/layer_0/qkv_tp4_dtype_BFLOAT8_B_layout_TILE.tensorbin of shape Shape([1, 1, 2816, 2048])
2026-08-15 20:56:00.096 | DEBUG    | core:as_tensor:724 - Loaded cache for /tmp/gemma4_full_model_cache/multichip/layer_0/o_proj_tp4_dtype_BFLOAT8_B_layout_TILE.tensorbin of shape Shape([1, 1, 1024, 2816])
2026-08-15 20:56:00.097 | DEBUG    | core:as_tensor:724 - Loaded cache for /tmp/gemma4_full_model_cache/multichip/layer_0/mlp_gate_tp4_dtype_BFLOAT8_B_layout_TILE.tensorbin of shape Shape([1, 1, 2816, 544])
2026-08-15 20:56:00.098 | DEBUG    | core:as_tensor:724 - Loaded cache for /tmp/gemma4_full_model_cache/multichip/layer_0/mlp_up_tp4_dtype_BFLOAT8_B_layout_TILE.tensorbin of shape Shape([1, 1, 2816, 544])
2026-08-15 20:56:00.099 | DEBUG    | core:as_tensor:724 - Loaded cache for /tmp/gemma4_full_model_cache/multichip/layer_0/mlp_down_tp4_dtype_BFLOAT8_B_layout_TILE.tensorbin of shape Shape([1, 1, 544, 2816])
2026-08-15 20:56:00.099 | DEBUG    | core:as_tensor:724 - Loaded cache for /tmp/gemma4_full_model_cache/multichip/layer_0/router_scale_dtype_FLOAT32_layout_TILE.tensorbin of shape Shape([1, 1, 1, 2816])
2026-08-15 20:56:00.100 | DEBUG    | core:as_tensor:724 - Loaded cache for /tmp/gemma4_full_model_cache/multichip/layer_0/router_proj_dtype_FLOAT32_layout_TILE.tensorbin of shape Shape([1, 1, 2816, 128])
2026-08-15 20:56:00.100 | DEBUG    | core:as_tensor:724 - Loaded cache for /tmp/gemma4_full_model_cache/multichip/layer_0/router_per_expert_scale_dtype_FLOAT32_layout_TILE.tensorbin of shape Shape([1, 128])
2026-08-15 20:56:00.125 | DEBUG    | core:as_tensor:724 - Loaded cache for /tmp/gemma4_full_model_cache/multichip/layer_0/expert_gate_tp4_dtype_BFLOAT8_B_layout_TILE.tensorbin of shape Shape([1, 128, 2816, 192])
2026-08-15 20:56:00.151 | DEBUG    | core:as_tensor:724 - Loaded cache for /tmp/gemma4_full_model_cache/multichip/layer_0/expert_up_tp4_dtype_BFLOAT8_B_layout_TILE.tensorbin of shape Shape([1, 128, 2816, 192])
2026-08-15 20:56:00.176 | DEBUG    | core:as_tensor:724 - Loaded cache for /tmp/gemma4_full_model_cache/multichip/layer_0/expert_down_tp4_dtype_BFLOAT8_B_layout_TILE.tensorbin of shape Shape([1, 128, 192, 2816])
2026-08-15 20:56:00.177 | DEBUG    | core:as_tensor:724 - Loaded cache for /tmp/gemma4_full_model_cache/multichip/layer_0/expert_prefill_sparsity_dtype_BFLOAT16_layout_ROW_MAJOR.tensorbin of shape Shape([1, 1, 1, 128])
2026-08-15 20:56:00.187 | DEBUG    | core:as_tensor:724 - Loaded cache for /tmp/gemma4_full_model_cache/multichip/layer_0/packed_mlp_gate_up_decode_bfp4_tp4_dtype_BFLOAT4_B_layout_TILE.tensorbin of shape Shape([1, 1, 2816, 1088])
2026-08-15 20:56:00.624 | DEBUG    | core:as_tensor:724 - Loaded cache for /tmp/gemma4_full_model_cache/multichip/layer_1/layer_scalar_dtype_BFLOAT16_layout_TILE.tensorbin of shape Shape([1, 1, 1, 1])
2026-08-15 20:56:00.624 | DEBUG    | core:as_tensor:724 - Loaded cache for /tmp/gemma4_full_model_cache/multichip/layer_1/input_ln_dtype_BFLOAT16_layout_TILE.tensorbin of shape Shape([1, 1, 1, 2816])
2026-08-15 20:56:00.625 | DEBUG    | core:as_tensor:724 - Loaded cache for /tmp/gemma4_full_model_cache/multichip/layer_1/post_attn_ln_dtype_BFLOAT16_layout_TILE.tensorbin of shape Shape([1, 1, 1, 2816])
2026-08-15 20:56:00.625 | DEBUG    | core:as_tensor:724 - Loaded cache for /tmp/gemma4_full_model_cache/multichip/layer_1/pre_ff_ln_dtype_BFLOAT16_layout_TILE.tensorbin of shape Shape([1, 1, 1, 2816])
2026-08-15 20:56:00.625 | DEBUG    | core:as_tensor:724 - Loaded cache for /tmp/gemma4_full_model_cache/multichip/layer_1/post_ff_ln_dtype_BFLOAT16_layout_TILE.tensorbin of shape Shape([1, 1, 1, 2816])
2026-08-15 20:56:00.625 | DEBUG    | core:as_tensor:724 - Loaded cache for /tmp/gemma4_full_model_cache/multichip/layer_1/post_ff_ln_1_dtype_BFLOAT16_layout_TILE.tensorbin of shape Shape([1, 1, 1, 2816])
2026-08-15 20:56:00.625 | DEBUG    | core:as_tensor:724 - Loaded cache for /tmp/gemma4_full_model_cache/multichip/layer_1/post_ff_ln_2_dtype_BFLOAT16_layout_TILE.tensorbin of shape Shape([1, 1, 1, 2816])
2026-08-15 20:56:00.625 | DEBUG    | core:as_tensor:724 - Loaded cache for /tmp/gemma4_full_model_cache/multichip/layer_1/pre_ff_ln_2_dtype_BFLOAT16_layout_TILE.tensorbin of shape Shape([1, 1, 1, 2816])
2026-08-15 20:56:00.625 | DEBUG    | core:as_tensor:724 - Loaded cache for /tmp/gemma4_full_model_cache/multichip/layer_1/q_norm_dtype_BFLOAT16_layout_TILE.tensorbin of shape Shape([1, 1, 1, 256])
2026-08-15 20:56:00.626 | DEBUG    | core:as_tensor:724 - Loaded cache for /tmp/gemma4_full_model_cache/multichip/layer_1/k_norm_dtype_BFLOAT16_layout_TILE.tensorbin of shape Shape([1, 1, 1, 256])
2026-08-15 20:56:00.628 | DEBUG    | core:as_tensor:724 - Loaded cache for /tmp/gemma4_full_model_cache/multichip/layer_1/qkv_tp4_dtype_BFLOAT8_B_layout_TILE.tensorbin of shape Shape([1, 1, 2816, 2048])
2026-08-15 20:56:00.636 | DEBUG    | core:as_tensor:724 - Loaded cache for /tmp/gemma4_full_model_cache/multichip/layer_1/o_proj_tp4_dtype_BFLOAT8_B_layout_TILE.tensorbin of shape Shape([1, 1, 1024, 2816])
2026-08-15 20:56:00.637 | DEBUG    | core:as_tensor:724 - Loaded cache for /tmp/gemma4_full_model_cache/multichip/layer_1/mlp_gate_tp4_dtype_BFLOAT8_B_layout_TILE.tensorbin of shape Shape([1, 1, 2816, 544])
2026-08-15 20:56:00.638 | DEBUG    | core:as_tensor:724 - Loaded cache for /tmp/gemma4_full_model_cache/multichip/layer_1/mlp_up_tp4_dtype_BFLOAT8_B_layout_TILE.tensorbin of shape Shape([1, 1, 2816, 544])
2026-08-15 20:56:00.639 | DEBUG    | core:as_tensor:724 - Loaded cache for /tmp/gemma4_full_model_cache/multichip/layer_1/mlp_down_tp4_dtype_BFLOAT8_B_layout_TILE.tensorbin of shape Shape([1, 1, 544, 2816])
2026-08-15 20:56:00.639 | DEBUG    | core:as_tensor:724 - Loaded cache for /tmp/gemma4_full_model_cache/multichip/layer_1/router_scale_dtype_FLOAT32_layout_TILE.tensorbin of shape Shape([1, 1, 1, 2816])
2026-08-15 20:56:00.639 | DEBUG    | core:as_tensor:724 - Loaded cache for /tmp/gemma4_full_model_cache/multichip/layer_1/router_proj_dtype_FLOAT32_layout_TILE.tensorbin of shape Shape([1, 1, 2816, 128])
2026-08-15 20:56:00.640 | DEBUG    | core:as_tensor:724 - Loaded cache for /tmp/gemma4_full_model_cache/multichip/layer_1/router_per_expert_scale_dtype_FLOAT32_layout_TILE.tensorbin of shape Shape([1, 128])
2026-08-15 20:56:00.664 | DEBUG    | core:as_tensor:724 - Loaded cache for /tmp/gemma4_full_model_cache/multichip/layer_1/expert_gate_tp4_dtype_BFLOAT8_B_layout_TILE.tensorbin of shape Shape([1, 128, 2816, 192])
2026-08-15 20:56:00.690 | DEBUG    | core:as_tensor:724 - Loaded cache for /tmp/gemma4_full_model_cache/multichip/layer_1/expert_up_tp4_dtype_BFLOAT8_B_layout_TILE.tensorbin of shape Shape([1, 128, 2816, 192])
2026-08-15 20:56:00.715 | DEBUG    | core:as_tensor:724 - Loaded cache for /tmp/gemma4_full_model_cache/multichip/layer_1/expert_down_tp4_dtype_BFLOAT8_B_layout_TILE.tensorbin of shape Shape([1, 128, 192, 2816])
2026-08-15 20:56:00.715 | DEBUG    | core:as_tensor:724 - Loaded cache for /tmp/gemma4_full_model_cache/multichip/layer_1/expert_prefill_sparsity_dtype_BFLOAT16_layout_ROW_MAJOR.tensorbin of shape Shape([1, 1, 1, 128])
2026-08-15 20:56:00.720 | DEBUG    | core:as_tensor:724 - Loaded cache for /tmp/gemma4_full_model_cache/multichip/layer_1/packed_mlp_gate_up_decode_bfp4_tp4_dtype_BFLOAT4_B_layout_TILE.tensorbin of shape Shape([1, 1, 2816, 1088])
2026-08-15 20:56:01.162 | DEBUG    | core:as_tensor:724 - Loaded cache for /tmp/gemma4_full_model_cache/multichip/layer_2/layer_scalar_dtype_BFLOAT16_layout_TILE.tensorbin of shape Shape([1, 1, 1, 1])
2026-08-15 20:56:01.163 | DEBUG    | core:as_tensor:724 - Loaded cache for /tmp/gemma4_full_model_cache/multichip/layer_2/input_ln_dtype_BFLOAT16_layout_TILE.tensorbin of shape Shape([1, 1, 1, 2816])
2026-08-15 20:56:01.163 | DEBUG    | core:as_tensor:724 - Loaded cache for /tmp/gemma4_full_model_cache/multichip/layer_2/post_attn_ln_dtype_BFLOAT16_layout_TILE.tensorbin of shape Shape([1, 1, 1, 2816])
2026-08-15 20:56:01.163 | DEBUG    | core:as_tensor:724 - Loaded cache for /tmp/gemma4_full_model_cache/multichip/layer_2/pre_ff_ln_dtype_BFLOAT16_layout_TILE.tensorbin of shape Shape([1, 1, 1, 2816])
2026-08-15 20:56:01.163 | DEBUG    | core:as_tensor:724 - Loaded cache for /tmp/gemma4_full_model_cache/multichip/layer_2/post_ff_ln_dtype_BFLOAT16_layout_TILE.tensorbin of shape Shape([1, 1, 1, 2816])
2026-08-15 20:56:01.163 | DEBUG    | core:as_tensor:724 - Loaded cache for /tmp/gemma4_full_model_cache/multichip/layer_2/post_ff_ln_1_dtype_BFLOAT16_layout_TILE.tensorbin of shape Shape([1, 1, 1, 2816])
2026-08-15 20:56:01.163 | DEBUG    | core:as_tensor:724 - Loaded cache for /tmp/gemma4_full_model_cache/multichip/layer_2/post_ff_ln_2_dtype_BFLOAT16_layout_TILE.tensorbin of shape Shape([1, 1, 1, 2816])
2026-08-15 20:56:01.164 | DEBUG    | core:as_tensor:724 - Loaded cache for /tmp/gemma4_full_model_cache/multichip/layer_2/pre_ff_ln_2_dtype_BFLOAT16_layout_TILE.tensorbin of shape Shape([1, 1, 1, 2816])
2026-08-15 20:56:01.164 | DEBUG    | core:as_tensor:724 - Loaded cache for /tmp/gemma4_full_model_cache/multichip/layer_2/q_norm_dtype_BFLOAT16_layout_TILE.tensorbin of shape Shape([1, 1, 1, 256])
2026-08-15 20:56:01.164 | DEBUG    | core:as_tensor:724 - Loaded cache for /tmp/gemma4_full_model_cache/multichip/layer_2/k_norm_dtype_BFLOAT16_layout_TILE.tensorbin of shape Shape([1, 1, 1, 256])
2026-08-15 20:56:01.166 | DEBUG    | core:as_tensor:724 - Loaded cache for /tmp/gemma4_full_model_cache/multichip/layer_2/qkv_tp4_dtype_BFLOAT8_B_layout_TILE.tensorbin of shape Shape([1, 1, 2816, 2048])
2026-08-15 20:56:01.174 | DEBUG    | core:as_tensor:724 - Loaded cache for /tmp/gemma4_full_model_cache/multichip/layer_2/o_proj_tp4_dtype_BFLOAT8_B_layout_TILE.tensorbin of shape Shape([1, 1, 1024, 2816])
2026-08-15 20:56:01.175 | DEBUG    | core:as_tensor:724 - Loaded cache for /tmp/gemma4_full_model_cache/multichip/layer_2/mlp_gate_tp4_dtype_BFLOAT8_B_layout_TILE.tensorbin of shape Shape([1, 1, 2816, 544])
2026-08-15 20:56:01.176 | DEBUG    | core:as_tensor:724 - Loaded cache for /tmp/gemma4_full_model_cache/multichip/layer_2/mlp_up_tp4_dtype_BFLOAT8_B_layout_TILE.tensorbin of shape Shape([1, 1, 2816, 544])
2026-08-15 20:56:01.177 | DEBUG    | core:as_tensor:724 - Loaded cache for /tmp/gemma4_full_model_cache/multichip/layer_2/mlp_down_tp4_dtype_BFLOAT8_B_layout_TILE.tensorbin of shape Shape([1, 1, 544, 2816])
2026-08-15 20:56:01.177 | DEBUG    | core:as_tensor:724 - Loaded cache for /tmp/gemma4_full_model_cache/multichip/layer_2/router_scale_dtype_FLOAT32_layout_TILE.tensorbin of shape Shape([1, 1, 1, 2816])
2026-08-15 20:56:01.177 | DEBUG    | core:as_tensor:724 - Loaded cache for /tmp/gemma4_full_model_cache/multichip/layer_2/router_proj_dtype_FLOAT32_layout_TILE.tensorbin of shape Shape([1, 1, 2816, 128])
2026-08-15 20:56:01.178 | DEBUG    | core:as_tensor:724 - Loaded cache for /tmp/gemma4_full_model_cache/multichip/layer_2/router_per_expert_scale_dtype_FLOAT32_layout_TILE.tensorbin of shape Shape([1, 128])
2026-08-15 20:56:01.202 | DEBUG    | core:as_tensor:724 - Loaded cache for /tmp/gemma4_full_model_cache/multichip/layer_2/expert_gate_tp4_dtype_BFLOAT8_B_layout_TILE.tensorbin of shape Shape([1, 128, 2816, 192])
2026-08-15 20:56:01.226 | DEBUG    | core:as_tensor:724 - Loaded cache for /tmp/gemma4_full_model_cache/multichip/layer_2/expert_up_tp4_dtype_BFLOAT8_B_layout_TILE.tensorbin of shape Shape([1, 128, 2816, 192])
2026-08-15 20:56:01.249 | DEBUG    | core:as_tensor:724 - Loaded cache for /tmp/gemma4_full_model_cache/multichip/layer_2/expert_down_tp4_dtype_BFLOAT8_B_layout_TILE.tensorbin of shape Shape([1, 128, 192, 2816])
2026-08-15 20:56:01.250 | DEBUG    | core:as_tensor:724 - Loaded cache for /tmp/gemma4_full_model_cache/multichip/layer_2/expert_prefill_sparsity_dtype_BFLOAT16_layout_ROW_MAJOR.tensorbin of shape Shape([1, 1, 1, 128])
2026-08-15 20:56:01.255 | DEBUG    | core:as_tensor:724 - Loaded cache for /tmp/gemma4_full_model_cache/multichip/layer_2/packed_mlp_gate_up_decode_bfp4_tp4_dtype_BFLOAT4_B_layout_TILE.tensorbin of shape Shape([1, 1, 2816, 1088])
2026-08-15 20:56:01.697 | DEBUG    | core:as_tensor:724 - Loaded cache for /tmp/gemma4_full_model_cache/multichip/layer_3/layer_scalar_dtype_BFLOAT16_layout_TILE.tensorbin of shape Shape([1, 1, 1, 1])
2026-08-15 20:56:01.698 | DEBUG    | core:as_tensor:724 - Loaded cache for /tmp/gemma4_full_model_cache/multichip/layer_3/input_ln_dtype_BFLOAT16_layout_TILE.tensorbin of shape Shape([1, 1, 1, 2816])
2026-08-15 20:56:01.698 | DEBUG    | core:as_tensor:724 - Loaded cache for /tmp/gemma4_full_model_cache/multichip/layer_3/post_attn_ln_dtype_BFLOAT16_layout_TILE.tensorbin of shape Shape([1, 1, 1, 2816])
2026-08-15 20:56:01.698 | DEBUG    | core:as_tensor:724 - Loaded cache for /tmp/gemma4_full_model_cache/multichip/layer_3/pre_ff_ln_dtype_BFLOAT16_layout_TILE.tensorbin of shape Shape([1, 1, 1, 2816])
2026-08-15 20:56:01.698 | DEBUG    | core:as_tensor:724 - Loaded cache for /tmp/gemma4_full_model_cache/multichip/layer_3/post_ff_ln_dtype_BFLOAT16_layout_TILE.tensorbin of shape Shape([1, 1, 1, 2816])
2026-08-15 20:56:01.698 | DEBUG    | core:as_tensor:724 - Loaded cache for /tmp/gemma4_full_model_cache/multichip/layer_3/post_ff_ln_1_dtype_BFLOAT16_layout_TILE.tensorbin of shape Shape([1, 1, 1, 2816])
2026-08-15 20:56:01.699 | DEBUG    | core:as_tensor:724 - Loaded cache for /tmp/gemma4_full_model_cache/multichip/layer_3/post_ff_ln_2_dtype_BFLOAT16_layout_TILE.tensorbin of shape Shape([1, 1, 1, 2816])
2026-08-15 20:56:01.699 | DEBUG    | core:as_tensor:724 - Loaded cache for /tmp/gemma4_full_model_cache/multichip/layer_3/pre_ff_ln_2_dtype_BFLOAT16_layout_TILE.tensorbin of shape Shape([1, 1, 1, 2816])
2026-08-15 20:56:01.699 | DEBUG    | core:as_tensor:724 - Loaded cache for /tmp/gemma4_full_model_cache/multichip/layer_3/q_norm_dtype_BFLOAT16_layout_TILE.tensorbin of shape Shape([1, 1, 1, 256])
2026-08-15 20:56:01.699 | DEBUG    | core:as_tensor:724 - Loaded cache for /tmp/gemma4_full_model_cache/multichip/layer_3/k_norm_dtype_BFLOAT16_layout_TILE.tensorbin of shape Shape([1, 1, 1, 256])
2026-08-15 20:56:01.701 | DEBUG    | core:as_tensor:724 - Loaded cache for /tmp/gemma4_full_model_cache/multichip/layer_3/qkv_tp4_dtype_BFLOAT8_B_layout_TILE.tensorbin of shape Shape([1, 1, 2816, 2048])
2026-08-15 20:56:01.711 | DEBUG    | core:as_tensor:724 - Loaded cache for /tmp/gemma4_full_model_cache/multichip/layer_3/o_proj_tp4_dtype_BFLOAT8_B_layout_TILE.tensorbin of shape Shape([1, 1, 1024, 2816])
2026-08-15 20:56:01.711 | DEBUG    | core:as_tensor:724 - Loaded cache for /tmp/gemma4_full_model_cache/multichip/layer_3/mlp_gate_tp4_dtype_BFLOAT8_B_layout_TILE.tensorbin of shape Shape([1, 1, 2816, 544])
2026-08-15 20:56:01.712 | DEBUG    | core:as_tensor:724 - Loaded cache for /tmp/gemma4_full_model_cache/multichip/layer_3/mlp_up_tp4_dtype_BFLOAT8_B_layout_TILE.tensorbin of shape Shape([1, 1, 2816, 544])
2026-08-15 20:56:01.713 | DEBUG    | core:as_tensor:724 - Loaded cache for /tmp/gemma4_full_model_cache/multichip/layer_3/mlp_down_tp4_dtype_BFLOAT8_B_layout_TILE.tensorbin of shape Shape([1, 1, 544, 2816])
2026-08-15 20:56:01.713 | DEBUG    | core:as_tensor:724 - Loaded cache for /tmp/gemma4_full_model_cache/multichip/layer_3/router_scale_dtype_FLOAT32_layout_TILE.tensorbin of shape Shape([1, 1, 1, 2816])
2026-08-15 20:56:01.714 | DEBUG    | core:as_tensor:724 - Loaded cache for /tmp/gemma4_full_model_cache/multichip/layer_3/router_proj_dtype_FLOAT32_layout_TILE.tensorbin of shape Shape([1, 1, 2816, 128])
2026-08-15 20:56:01.714 | DEBUG    | core:as_tensor:724 - Loaded cache for /tmp/gemma4_full_model_cache/multichip/layer_3/router_per_expert_scale_dtype_FLOAT32_layout_TILE.tensorbin of shape Shape([1, 128])
2026-08-15 20:56:01.739 | DEBUG    | core:as_tensor:724 - Loaded cache for /tmp/gemma4_full_model_cache/multichip/layer_3/expert_gate_tp4_dtype_BFLOAT8_B_layout_TILE.tensorbin of shape Shape([1, 128, 2816, 192])
2026-08-15 20:56:01.763 | DEBUG    | core:as_tensor:724 - Loaded cache for /tmp/gemma4_full_model_cache/multichip/layer_3/expert_up_tp4_dtype_BFLOAT8_B_layout_TILE.tensorbin of shape Shape([1, 128, 2816, 192])
2026-08-15 20:56:01.788 | DEBUG    | core:as_tensor:724 - Loaded cache for /tmp/gemma4_full_model_cache/multichip/layer_3/expert_down_tp4_dtype_BFLOAT8_B_layout_TILE.tensorbin of shape Shape([1, 128, 192, 2816])
2026-08-15 20:56:01.788 | DEBUG    | core:as_tensor:724 - Loaded cache for /tmp/gemma4_full_model_cache/multichip/layer_3/expert_prefill_sparsity_dtype_BFLOAT16_layout_ROW_MAJOR.tensorbin of shape Shape([1, 1, 1, 128])
2026-08-15 20:56:01.793 | DEBUG    | core:as_tensor:724 - Loaded cache for /tmp/gemma4_full_model_cache/multichip/layer_3/packed_mlp_gate_up_decode_bfp4_tp4_dtype_BFLOAT4_B_layout_TILE.tensorbin of shape Shape([1, 1, 2816, 1088])
2026-08-15 20:56:02.247 | DEBUG    | core:as_tensor:724 - Loaded cache for /tmp/gemma4_full_model_cache/multichip/layer_4/layer_scalar_dtype_BFLOAT16_layout_TILE.tensorbin of shape Shape([1, 1, 1, 1])
2026-08-15 20:56:02.248 | DEBUG    | core:as_tensor:724 - Loaded cache for /tmp/gemma4_full_model_cache/multichip/layer_4/input_ln_dtype_BFLOAT16_layout_TILE.tensorbin of shape Shape([1, 1, 1, 2816])
2026-08-15 20:56:02.248 | DEBUG    | core:as_tensor:724 - Loaded cache for /tmp/gemma4_full_model_cache/multichip/layer_4/post_attn_ln_dtype_BFLOAT16_layout_TILE.tensorbin of shape Shape([1, 1, 1, 2816])
2026-08-15 20:56:02.248 | DEBUG    | core:as_tensor:724 - Loaded cache for /tmp/gemma4_full_model_cache/multichip/layer_4/pre_ff_ln_dtype_BFLOAT16_layout_TILE.tensorbin of shape Shape([1, 1, 1, 2816])
2026-08-15 20:56:02.248 | DEBUG    | core:as_tensor:724 - Loaded cache for /tmp/gemma4_full_model_cache/multichip/layer_4/post_ff_ln_dtype_BFLOAT16_layout_TILE.tensorbin of shape Shape([1, 1, 1, 2816])
2026-08-15 20:56:02.248 | DEBUG    | core:as_tensor:724 - Loaded cache for /tmp/gemma4_full_model_cache/multichip/layer_4/post_ff_ln_1_dtype_BFLOAT16_layout_TILE.tensorbin of shape Shape([1, 1, 1, 2816])
2026-08-15 20:56:02.248 | DEBUG    | core:as_tensor:724 - Loaded cache for /tmp/gemma4_full_model_cache/multichip/layer_4/post_ff_ln_2_dtype_BFLOAT16_layout_TILE.tensorbin of shape Shape([1, 1, 1, 2816])
2026-08-15 20:56:02.248 | DEBUG    | core:as_tensor:724 - Loaded cache for /tmp/gemma4_full_model_cache/multichip/layer_4/pre_ff_ln_2_dtype_BFLOAT16_layout_TILE.tensorbin of shape Shape([1, 1, 1, 2816])
2026-08-15 20:56:02.249 | DEBUG    | core:as_tensor:724 - Loaded cache for /tmp/gemma4_full_model_cache/multichip/layer_4/q_norm_dtype_BFLOAT16_layout_TILE.tensorbin of shape Shape([1, 1, 1, 256])
2026-08-15 20:56:02.249 | DEBUG    | core:as_tensor:724 - Loaded cache for /tmp/gemma4_full_model_cache/multichip/layer_4/k_norm_dtype_BFLOAT16_layout_TILE.tensorbin of shape Shape([1, 1, 1, 256])
2026-08-15 20:56:02.251 | DEBUG    | core:as_tensor:724 - Loaded cache for /tmp/gemma4_full_model_cache/multichip/layer_4/qkv_tp4_dtype_BFLOAT8_B_layout_TILE.tensorbin of shape Shape([1, 1, 2816, 2048])
2026-08-15 20:56:02.260 | DEBUG    | core:as_tensor:724 - Loaded cache for /tmp/gemma4_full_model_cache/multichip/layer_4/o_proj_tp4_dtype_BFLOAT8_B_layout_TILE.tensorbin of shape Shape([1, 1, 1024, 2816])
2026-08-15 20:56:02.262 | DEBUG    | core:as_tensor:724 - Loaded cache for /tmp/gemma4_full_model_cache/multichip/layer_4/mlp_gate_tp4_dtype_BFLOAT8_B_layout_TILE.tensorbin of shape Shape([1, 1, 2816, 544])
2026-08-15 20:56:02.263 | DEBUG    | core:as_tensor:724 - Loaded cache for /tmp/gemma4_full_model_cache/multichip/layer_4/mlp_up_tp4_dtype_BFLOAT8_B_layout_TILE.tensorbin of shape Shape([1, 1, 2816, 544])
2026-08-15 20:56:02.264 | DEBUG    | core:as_tensor:724 - Loaded cache for /tmp/gemma4_full_model_cache/multichip/layer_4/mlp_down_tp4_dtype_BFLOAT8_B_layout_TILE.tensorbin of shape Shape([1, 1, 544, 2816])
2026-08-15 20:56:02.264 | DEBUG    | core:as_tensor:724 - Loaded cache for /tmp/gemma4_full_model_cache/multichip/layer_4/router_scale_dtype_FLOAT32_layout_TILE.tensorbin of shape Shape([1, 1, 1, 2816])
2026-08-15 20:56:02.265 | DEBUG    | core:as_tensor:724 - Loaded cache for /tmp/gemma4_full_model_cache/multichip/layer_4/router_proj_dtype_FLOAT32_layout_TILE.tensorbin of shape Shape([1, 1, 2816, 128])
2026-08-15 20:56:02.265 | DEBUG    | core:as_tensor:724 - Loaded cache for /tmp/gemma4_full_model_cache/multichip/layer_4/router_per_expert_scale_dtype_FLOAT32_layout_TILE.tensorbin of shape Shape([1, 128])
2026-08-15 20:56:02.291 | DEBUG    | core:as_tensor:724 - Loaded cache for /tmp/gemma4_full_model_cache/multichip/layer_4/expert_gate_tp4_dtype_BFLOAT8_B_layout_TILE.tensorbin of shape Shape([1, 128, 2816, 192])
2026-08-15 20:56:02.317 | DEBUG    | core:as_tensor:724 - Loaded cache for /tmp/gemma4_full_model_cache/multichip/layer_4/expert_up_tp4_dtype_BFLOAT8_B_layout_TILE.tensorbin of shape Shape([1, 128, 2816, 192])
2026-08-15 20:56:02.343 | DEBUG    | core:as_tensor:724 - Loaded cache for /tmp/gemma4_full_model_cache/multichip/layer_4/expert_down_tp4_dtype_BFLOAT8_B_layout_TILE.tensorbin of shape Shape([1, 128, 192, 2816])
2026-08-15 20:56:02.344 | DEBUG    | core:as_tensor:724 - Loaded cache for /tmp/gemma4_full_model_cache/multichip/layer_4/expert_prefill_sparsity_dtype_BFLOAT16_layout_ROW_MAJOR.tensorbin of shape Shape([1, 1, 1, 128])
2026-08-15 20:56:02.349 | DEBUG    | core:as_tensor:724 - Loaded cache for /tmp/gemma4_full_model_cache/multichip/layer_4/packed_mlp_gate_up_decode_bfp4_tp4_dtype_BFLOAT4_B_layout_TILE.tensorbin of shape Shape([1, 1, 2816, 1088])
2026-08-15 20:56:02.809 | DEBUG    | core:as_tensor:724 - Loaded cache for /tmp/gemma4_full_model_cache/multichip/layer_5/layer_scalar_dtype_BFLOAT16_layout_TILE.tensorbin of shape Shape([1, 1, 1, 1])
2026-08-15 20:56:02.809 | DEBUG    | core:as_tensor:724 - Loaded cache for /tmp/gemma4_full_model_cache/multichip/layer_5/input_ln_dtype_BFLOAT16_layout_TILE.tensorbin of shape Shape([1, 1, 1, 2816])
2026-08-15 20:56:02.809 | DEBUG    | core:as_tensor:724 - Loaded cache for /tmp/gemma4_full_model_cache/multichip/layer_5/post_attn_ln_dtype_BFLOAT16_layout_TILE.tensorbin of shape Shape([1, 1, 1, 2816])
2026-08-15 20:56:02.809 | DEBUG    | core:as_tensor:724 - Loaded cache for /tmp/gemma4_full_model_cache/multichip/layer_5/pre_ff_ln_dtype_BFLOAT16_layout_TILE.tensorbin of shape Shape([1, 1, 1, 2816])
2026-08-15 20:56:02.809 | DEBUG    | core:as_tensor:724 - Loaded cache for /tmp/gemma4_full_model_cache/multichip/layer_5/post_ff_ln_dtype_BFLOAT16_layout_TILE.tensorbin of shape Shape([1, 1, 1, 2816])
2026-08-15 20:56:02.810 | DEBUG    | core:as_tensor:724 - Loaded cache for /tmp/gemma4_full_model_cache/multichip/layer_5/post_ff_ln_1_dtype_BFLOAT16_layout_TILE.tensorbin of shape Shape([1, 1, 1, 2816])
2026-08-15 20:56:02.810 | DEBUG    | core:as_tensor:724 - Loaded cache for /tmp/gemma4_full_model_cache/multichip/layer_5/post_ff_ln_2_dtype_BFLOAT16_layout_TILE.tensorbin of shape Shape([1, 1, 1, 2816])
2026-08-15 20:56:02.810 | DEBUG    | core:as_tensor:724 - Loaded cache for /tmp/gemma4_full_model_cache/multichip/layer_5/pre_ff_ln_2_dtype_BFLOAT16_layout_TILE.tensorbin of shape Shape([1, 1, 1, 2816])
2026-08-15 20:56:02.810 | DEBUG    | core:as_tensor:724 - Loaded cache for /tmp/gemma4_full_model_cache/multichip/layer_5/q_norm_dtype_BFLOAT16_layout_TILE.tensorbin of shape Shape([1, 1, 1, 512])
2026-08-15 20:56:02.810 | DEBUG    | core:as_tensor:724 - Loaded cache for /tmp/gemma4_full_model_cache/multichip/layer_5/k_norm_dtype_BFLOAT16_layout_TILE.tensorbin of shape Shape([1, 1, 1, 512])
2026-08-15 20:56:02.816 | DEBUG    | core:as_tensor:724 - Loaded cache for /tmp/gemma4_full_model_cache/multichip/layer_5/qkv_tp4_dtype_BFLOAT8_B_layout_TILE.tensorbin of shape Shape([1, 1, 2816, 3072])
2026-08-15 20:56:02.836 | DEBUG    | core:as_tensor:724 - Loaded cache for /tmp/gemma4_full_model_cache/multichip/layer_5/o_proj_tp4_dtype_BFLOAT8_B_layout_TILE.tensorbin of shape Shape([1, 1, 2048, 2816])
2026-08-15 20:56:02.838 | DEBUG    | core:as_tensor:724 - Loaded cache for /tmp/gemma4_full_model_cache/multichip/layer_5/mlp_gate_tp4_dtype_BFLOAT8_B_layout_TILE.tensorbin of shape Shape([1, 1, 2816, 544])
2026-08-15 20:56:02.840 | DEBUG    | core:as_tensor:724 - Loaded cache for /tmp/gemma4_full_model_cache/multichip/layer_5/mlp_up_tp4_dtype_BFLOAT8_B_layout_TILE.tensorbin of shape Shape([1, 1, 2816, 544])
2026-08-15 20:56:02.840 | DEBUG    | core:as_tensor:724 - Loaded cache for /tmp/gemma4_full_model_cache/multichip/layer_5/mlp_down_tp4_dtype_BFLOAT8_B_layout_TILE.tensorbin of shape Shape([1, 1, 544, 2816])
2026-08-15 20:56:02.842 | DEBUG    | core:as_tensor:724 - Loaded cache for /tmp/gemma4_full_model_cache/multichip/layer_5/router_scale_dtype_FLOAT32_layout_TILE.tensorbin of shape Shape([1, 1, 1, 2816])
2026-08-15 20:56:02.843 | DEBUG    | core:as_tensor:724 - Loaded cache for /tmp/gemma4_full_model_cache/multichip/layer_5/router_proj_dtype_FLOAT32_layout_TILE.tensorbin of shape Shape([1, 1, 2816, 128])
2026-08-15 20:56:02.844 | DEBUG    | core:as_tensor:724 - Loaded cache for /tmp/gemma4_full_model_cache/multichip/layer_5/router_per_expert_scale_dtype_FLOAT32_layout_TILE.tensorbin of shape Shape([1, 128])
2026-08-15 20:56:02.869 | DEBUG    | core:as_tensor:724 - Loaded cache for /tmp/gemma4_full_model_cache/multichip/layer_5/expert_gate_tp4_dtype_BFLOAT8_B_layout_TILE.tensorbin of shape Shape([1, 128, 2816, 192])
2026-08-15 20:56:02.894 | DEBUG    | core:as_tensor:724 - Loaded cache for /tmp/gemma4_full_model_cache/multichip/layer_5/expert_up_tp4_dtype_BFLOAT8_B_layout_TILE.tensorbin of shape Shape([1, 128, 2816, 192])
2026-08-15 20:56:02.919 | DEBUG    | core:as_tensor:724 - Loaded cache for /tmp/gemma4_full_model_cache/multichip/layer_5/expert_down_tp4_dtype_BFLOAT8_B_layout_TILE.tensorbin of shape Shape([1, 128, 192, 2816])
2026-08-15 20:56:02.919 | DEBUG    | core:as_tensor:724 - Loaded cache for /tmp/gemma4_full_model_cache/multichip/layer_5/expert_prefill_sparsity_dtype_BFLOAT16_layout_ROW_MAJOR.tensorbin of shape Shape([1, 1, 1, 128])
2026-08-15 20:56:02.926 | DEBUG    | core:as_tensor:724 - Loaded cache for /tmp/gemma4_full_model_cache/multichip/layer_5/packed_mlp_gate_up_decode_bfp4_tp4_dtype_BFLOAT4_B_layout_TILE.tensorbin of shape Shape([1, 1, 2816, 1088])
2026-08-15 20:56:02.927 | warning  |              Op | ttnn::tilize: Using input shard spec for output tensor because the legacy sharded optimized program factory is being used (tilize_device_operation.cpp:151)
2026-08-15 20:56:02.930 | warning  |              Op | ttnn::tilize: Using input shard spec for output tensor because the legacy sharded optimized program factory is being used (tilize_device_operation.cpp:151)
2026-08-15 20:56:02.931 | warning  |              Op | ttnn::tilize: Using input shard spec for output tensor because the legacy sharded optimized program factory is being used (tilize_device_operation.cpp:151)
2026-08-15 20:56:03.380 | DEBUG    | core:as_tensor:724 - Loaded cache for /tmp/gemma4_full_model_cache/multichip/layer_6/layer_scalar_dtype_BFLOAT16_layout_TILE.tensorbin of shape Shape([1, 1, 1, 1])
2026-08-15 20:56:03.381 | DEBUG    | core:as_tensor:724 - Loaded cache for /tmp/gemma4_full_model_cache/multichip/layer_6/input_ln_dtype_BFLOAT16_layout_TILE.tensorbin of shape Shape([1, 1, 1, 2816])
2026-08-15 20:56:03.381 | DEBUG    | core:as_tensor:724 - Loaded cache for /tmp/gemma4_full_model_cache/multichip/layer_6/post_attn_ln_dtype_BFLOAT16_layout_TILE.tensorbin of shape Shape([1, 1, 1, 2816])
2026-08-15 20:56:03.381 | DEBUG    | core:as_tensor:724 - Loaded cache for /tmp/gemma4_full_model_cache/multichip/layer_6/pre_ff_ln_dtype_BFLOAT16_layout_TILE.tensorbin of shape Shape([1, 1, 1, 2816])
2026-08-15 20:56:03.381 | DEBUG    | core:as_tensor:724 - Loaded cache for /tmp/gemma4_full_model_cache/multichip/layer_6/post_ff_ln_dtype_BFLOAT16_layout_TILE.tensorbin of shape Shape([1, 1, 1, 2816])
2026-08-15 20:56:03.381 | DEBUG    | core:as_tensor:724 - Loaded cache for /tmp/gemma4_full_model_cache/multichip/layer_6/post_ff_ln_1_dtype_BFLOAT16_layout_TILE.tensorbin of shape Shape([1, 1, 1, 2816])
2026-08-15 20:56:03.382 | DEBUG    | core:as_tensor:724 - Loaded cache for /tmp/gemma4_full_model_cache/multichip/layer_6/post_ff_ln_2_dtype_BFLOAT16_layout_TILE.tensorbin of shape Shape([1, 1, 1, 2816])
2026-08-15 20:56:03.382 | DEBUG    | core:as_tensor:724 - Loaded cache for /tmp/gemma4_full_model_cache/multichip/layer_6/pre_ff_ln_2_dtype_BFLOAT16_layout_TILE.tensorbin of shape Shape([1, 1, 1, 2816])
2026-08-15 20:56:03.382 | DEBUG    | core:as_tensor:724 - Loaded cache for /tmp/gemma4_full_model_cache/multichip/layer_6/q_norm_dtype_BFLOAT16_layout_TILE.tensorbin of shape Shape([1, 1, 1, 256])
2026-08-15 20:56:03.382 | DEBUG    | core:as_tensor:724 - Loaded cache for /tmp/gemma4_full_model_cache/multichip/layer_6/k_norm_dtype_BFLOAT16_layout_TILE.tensorbin of shape Shape([1, 1, 1, 256])
2026-08-15 20:56:03.384 | DEBUG    | core:as_tensor:724 - Loaded cache for /tmp/gemma4_full_model_cache/multichip/layer_6/qkv_tp4_dtype_BFLOAT8_B_layout_TILE.tensorbin of shape Shape([1, 1, 2816, 2048])
2026-08-15 20:56:03.392 | DEBUG    | core:as_tensor:724 - Loaded cache for /tmp/gemma4_full_model_cache/multichip/layer_6/o_proj_tp4_dtype_BFLOAT8_B_layout_TILE.tensorbin of shape Shape([1, 1, 1024, 2816])
2026-08-15 20:56:03.393 | DEBUG    | core:as_tensor:724 - Loaded cache for /tmp/gemma4_full_model_cache/multichip/layer_6/mlp_gate_tp4_dtype_BFLOAT8_B_layout_TILE.tensorbin of shape Shape([1, 1, 2816, 544])
2026-08-15 20:56:03.394 | DEBUG    | core:as_tensor:724 - Loaded cache for /tmp/gemma4_full_model_cache/multichip/layer_6/mlp_up_tp4_dtype_BFLOAT8_B_layout_TILE.tensorbin of shape Shape([1, 1, 2816, 544])
2026-08-15 20:56:03.395 | DEBUG    | core:as_tensor:724 - Loaded cache for /tmp/gemma4_full_model_cache/multichip/layer_6/mlp_down_tp4_dtype_BFLOAT8_B_layout_TILE.tensorbin of shape Shape([1, 1, 544, 2816])
2026-08-15 20:56:03.395 | DEBUG    | core:as_tensor:724 - Loaded cache for /tmp/gemma4_full_model_cache/multichip/layer_6/router_scale_dtype_FLOAT32_layout_TILE.tensorbin of shape Shape([1, 1, 1, 2816])
2026-08-15 20:56:03.396 | DEBUG    | core:as_tensor:724 - Loaded cache for /tmp/gemma4_full_model_cache/multichip/layer_6/router_proj_dtype_FLOAT32_layout_TILE.tensorbin of shape Shape([1, 1, 2816, 128])
2026-08-15 20:56:03.396 | DEBUG    | core:as_tensor:724 - Loaded cache for /tmp/gemma4_full_model_cache/multichip/layer_6/router_per_expert_scale_dtype_FLOAT32_layout_TILE.tensorbin of shape Shape([1, 128])
2026-08-15 20:56:03.420 | DEBUG    | core:as_tensor:724 - Loaded cache for /tmp/gemma4_full_model_cache/multichip/layer_6/expert_gate_tp4_dtype_BFLOAT8_B_layout_TILE.tensorbin of shape Shape([1, 128, 2816, 192])
2026-08-15 20:56:03.445 | DEBUG    | core:as_tensor:724 - Loaded cache for /tmp/gemma4_full_model_cache/multichip/layer_6/expert_up_tp4_dtype_BFLOAT8_B_layout_TILE.tensorbin of shape Shape([1, 128, 2816, 192])
2026-08-15 20:56:03.470 | DEBUG    | core:as_tensor:724 - Loaded cache for /tmp/gemma4_full_model_cache/multichip/layer_6/expert_down_tp4_dtype_BFLOAT8_B_layout_TILE.tensorbin of shape Shape([1, 128, 192, 2816])
2026-08-15 20:56:03.470 | DEBUG    | core:as_tensor:724 - Loaded cache for /tmp/gemma4_full_model_cache/multichip/layer_6/expert_prefill_sparsity_dtype_BFLOAT16_layout_ROW_MAJOR.tensorbin of shape Shape([1, 1, 1, 128])
2026-08-15 20:56:03.475 | DEBUG    | core:as_tensor:724 - Loaded cache for /tmp/gemma4_full_model_cache/multichip/layer_6/packed_mlp_gate_up_decode_bfp4_tp4_dtype_BFLOAT4_B_layout_TILE.tensorbin of shape Shape([1, 1, 2816, 1088])
2026-08-15 20:56:03.925 | DEBUG    | core:as_tensor:724 - Loaded cache for /tmp/gemma4_full_model_cache/multichip/layer_7/layer_scalar_dtype_BFLOAT16_layout_TILE.tensorbin of shape Shape([1, 1, 1, 1])
2026-08-15 20:56:03.925 | DEBUG    | core:as_tensor:724 - Loaded cache for /tmp/gemma4_full_model_cache/multichip/layer_7/input_ln_dtype_BFLOAT16_layout_TILE.tensorbin of shape Shape([1, 1, 1, 2816])
2026-08-15 20:56:03.925 | DEBUG    | core:as_tensor:724 - Loaded cache for /tmp/gemma4_full_model_cache/multichip/layer_7/post_attn_ln_dtype_BFLOAT16_layout_TILE.tensorbin of shape Shape([1, 1, 1, 2816])
2026-08-15 20:56:03.925 | DEBUG    | core:as_tensor:724 - Loaded cache for /tmp/gemma4_full_model_cache/multichip/layer_7/pre_ff_ln_dtype_BFLOAT16_layout_TILE.tensorbin of shape Shape([1, 1, 1, 2816])
2026-08-15 20:56:03.926 | DEBUG    | core:as_tensor:724 - Loaded cache for /tmp/gemma4_full_model_cache/multichip/layer_7/post_ff_ln_dtype_BFLOAT16_layout_TILE.tensorbin of shape Shape([1, 1, 1, 2816])
2026-08-15 20:56:03.926 | DEBUG    | core:as_tensor:724 - Loaded cache for /tmp/gemma4_full_model_cache/multichip/layer_7/post_ff_ln_1_dtype_BFLOAT16_layout_TILE.tensorbin of shape Shape([1, 1, 1, 2816])
2026-08-15 20:56:03.926 | DEBUG    | core:as_tensor:724 - Loaded cache for /tmp/gemma4_full_model_cache/multichip/layer_7/post_ff_ln_2_dtype_BFLOAT16_layout_TILE.tensorbin of shape Shape([1, 1, 1, 2816])
2026-08-15 20:56:03.926 | DEBUG    | core:as_tensor:724 - Loaded cache for /tmp/gemma4_full_model_cache/multichip/layer_7/pre_ff_ln_2_dtype_BFLOAT16_layout_TILE.tensorbin of shape Shape([1, 1, 1, 2816])
2026-08-15 20:56:03.926 | DEBUG    | core:as_tensor:724 - Loaded cache for /tmp/gemma4_full_model_cache/multichip/layer_7/q_norm_dtype_BFLOAT16_layout_TILE.tensorbin of shape Shape([1, 1, 1, 256])
2026-08-15 20:56:03.926 | DEBUG    | core:as_tensor:724 - Loaded cache for /tmp/gemma4_full_model_cache/multichip/layer_7/k_norm_dtype_BFLOAT16_layout_TILE.tensorbin of shape Shape([1, 1, 1, 256])
2026-08-15 20:56:03.928 | DEBUG    | core:as_tensor:724 - Loaded cache for /tmp/gemma4_full_model_cache/multichip/layer_7/qkv_tp4_dtype_BFLOAT8_B_layout_TILE.tensorbin of shape Shape([1, 1, 2816, 2048])
2026-08-15 20:56:03.937 | DEBUG    | core:as_tensor:724 - Loaded cache for /tmp/gemma4_full_model_cache/multichip/layer_7/o_proj_tp4_dtype_BFLOAT8_B_layout_TILE.tensorbin of shape Shape([1, 1, 1024, 2816])
2026-08-15 20:56:03.938 | DEBUG    | core:as_tensor:724 - Loaded cache for /tmp/gemma4_full_model_cache/multichip/layer_7/mlp_gate_tp4_dtype_BFLOAT8_B_layout_TILE.tensorbin of shape Shape([1, 1, 2816, 544])
2026-08-15 20:56:03.938 | DEBUG    | core:as_tensor:724 - Loaded cache for /tmp/gemma4_full_model_cache/multichip/layer_7/mlp_up_tp4_dtype_BFLOAT8_B_layout_TILE.tensorbin of shape Shape([1, 1, 2816, 544])
2026-08-15 20:56:03.939 | DEBUG    | core:as_tensor:724 - Loaded cache for /tmp/gemma4_full_model_cache/multichip/layer_7/mlp_down_tp4_dtype_BFLOAT8_B_layout_TILE.tensorbin of shape Shape([1, 1, 544, 2816])
2026-08-15 20:56:03.939 | DEBUG    | core:as_tensor:724 - Loaded cache for /tmp/gemma4_full_model_cache/multichip/layer_7/router_scale_dtype_FLOAT32_layout_TILE.tensorbin of shape Shape([1, 1, 1, 2816])
2026-08-15 20:56:03.940 | DEBUG    | core:as_tensor:724 - Loaded cache for /tmp/gemma4_full_model_cache/multichip/layer_7/router_proj_dtype_FLOAT32_layout_TILE.tensorbin of shape Shape([1, 1, 2816, 128])
2026-08-15 20:56:03.940 | DEBUG    | core:as_tensor:724 - Loaded cache for /tmp/gemma4_full_model_cache/multichip/layer_7/router_per_expert_scale_dtype_FLOAT32_layout_TILE.tensorbin of shape Shape([1, 128])
2026-08-15 20:56:03.964 | DEBUG    | core:as_tensor:724 - Loaded cache for /tmp/gemma4_full_model_cache/multichip/layer_7/expert_gate_tp4_dtype_BFLOAT8_B_layout_TILE.tensorbin of shape Shape([1, 128, 2816, 192])
2026-08-15 20:56:03.989 | DEBUG    | core:as_tensor:724 - Loaded cache for /tmp/gemma4_full_model_cache/multichip/layer_7/expert_up_tp4_dtype_BFLOAT8_B_layout_TILE.tensorbin of shape Shape([1, 128, 2816, 192])
2026-08-15 20:56:04.014 | DEBUG    | core:as_tensor:724 - Loaded cache for /tmp/gemma4_full_model_cache/multichip/layer_7/expert_down_tp4_dtype_BFLOAT8_B_layout_TILE.tensorbin of shape Shape([1, 128, 192, 2816])
2026-08-15 20:56:04.015 | DEBUG    | core:as_tensor:724 - Loaded cache for /tmp/gemma4_full_model_cache/multichip/layer_7/expert_prefill_sparsity_dtype_BFLOAT16_layout_ROW_MAJOR.tensorbin of shape Shape([1, 1, 1, 128])
2026-08-15 20:56:04.020 | DEBUG    | core:as_tensor:724 - Loaded cache for /tmp/gemma4_full_model_cache/multichip/layer_7/packed_mlp_gate_up_decode_bfp4_tp4_dtype_BFLOAT4_B_layout_TILE.tensorbin of shape Shape([1, 1, 2816, 1088])
2026-08-15 20:56:04.466 | DEBUG    | core:as_tensor:724 - Loaded cache for /tmp/gemma4_full_model_cache/multichip/layer_8/layer_scalar_dtype_BFLOAT16_layout_TILE.tensorbin of shape Shape([1, 1, 1, 1])
2026-08-15 20:56:04.466 | DEBUG    | core:as_tensor:724 - Loaded cache for /tmp/gemma4_full_model_cache/multichip/layer_8/input_ln_dtype_BFLOAT16_layout_TILE.tensorbin of shape Shape([1, 1, 1, 2816])
2026-08-15 20:56:04.466 | DEBUG    | core:as_tensor:724 - Loaded cache for /tmp/gemma4_full_model_cache/multichip/layer_8/post_attn_ln_dtype_BFLOAT16_layout_TILE.tensorbin of shape Shape([1, 1, 1, 2816])
2026-08-15 20:56:04.467 | DEBUG    | core:as_tensor:724 - Loaded cache for /tmp/gemma4_full_model_cache/multichip/layer_8/pre_ff_ln_dtype_BFLOAT16_layout_TILE.tensorbin of shape Shape([1, 1, 1, 2816])
2026-08-15 20:56:04.467 | DEBUG    | core:as_tensor:724 - Loaded cache for /tmp/gemma4_full_model_cache/multichip/layer_8/post_ff_ln_dtype_BFLOAT16_layout_TILE.tensorbin of shape Shape([1, 1, 1, 2816])
2026-08-15 20:56:04.467 | DEBUG    | core:as_tensor:724 - Loaded cache for /tmp/gemma4_full_model_cache/multichip/layer_8/post_ff_ln_1_dtype_BFLOAT16_layout_TILE.tensorbin of shape Shape([1, 1, 1, 2816])
2026-08-15 20:56:04.467 | DEBUG    | core:as_tensor:724 - Loaded cache for /tmp/gemma4_full_model_cache/multichip/layer_8/post_ff_ln_2_dtype_BFLOAT16_layout_TILE.tensorbin of shape Shape([1, 1, 1, 2816])
2026-08-15 20:56:04.467 | DEBUG    | core:as_tensor:724 - Loaded cache for /tmp/gemma4_full_model_cache/multichip/layer_8/pre_ff_ln_2_dtype_BFLOAT16_layout_TILE.tensorbin of shape Shape([1, 1, 1, 2816])
2026-08-15 20:56:04.467 | DEBUG    | core:as_tensor:724 - Loaded cache for /tmp/gemma4_full_model_cache/multichip/layer_8/q_norm_dtype_BFLOAT16_layout_TILE.tensorbin of shape Shape([1, 1, 1, 256])
2026-08-15 20:56:04.467 | DEBUG    | core:as_tensor:724 - Loaded cache for /tmp/gemma4_full_model_cache/multichip/layer_8/k_norm_dtype_BFLOAT16_layout_TILE.tensorbin of shape Shape([1, 1, 1, 256])
2026-08-15 20:56:04.470 | DEBUG    | core:as_tensor:724 - Loaded cache for /tmp/gemma4_full_model_cache/multichip/layer_8/qkv_tp4_dtype_BFLOAT8_B_layout_TILE.tensorbin of shape Shape([1, 1, 2816, 2048])
2026-08-15 20:56:04.478 | DEBUG    | core:as_tensor:724 - Loaded cache for /tmp/gemma4_full_model_cache/multichip/layer_8/o_proj_tp4_dtype_BFLOAT8_B_layout_TILE.tensorbin of shape Shape([1, 1, 1024, 2816])
2026-08-15 20:56:04.479 | DEBUG    | core:as_tensor:724 - Loaded cache for /tmp/gemma4_full_model_cache/multichip/layer_8/mlp_gate_tp4_dtype_BFLOAT8_B_layout_TILE.tensorbin of shape Shape([1, 1, 2816, 544])
2026-08-15 20:56:04.480 | DEBUG    | core:as_tensor:724 - Loaded cache for /tmp/gemma4_full_model_cache/multichip/layer_8/mlp_up_tp4_dtype_BFLOAT8_B_layout_TILE.tensorbin of shape Shape([1, 1, 2816, 544])
2026-08-15 20:56:04.481 | DEBUG    | core:as_tensor:724 - Loaded cache for /tmp/gemma4_full_model_cache/multichip/layer_8/mlp_down_tp4_dtype_BFLOAT8_B_layout_TILE.tensorbin of shape Shape([1, 1, 544, 2816])
2026-08-15 20:56:04.481 | DEBUG    | core:as_tensor:724 - Loaded cache for /tmp/gemma4_full_model_cache/multichip/layer_8/router_scale_dtype_FLOAT32_layout_TILE.tensorbin of shape Shape([1, 1, 1, 2816])
2026-08-15 20:56:04.482 | DEBUG    | core:as_tensor:724 - Loaded cache for /tmp/gemma4_full_model_cache/multichip/layer_8/router_proj_dtype_FLOAT32_layout_TILE.tensorbin of shape Shape([1, 1, 2816, 128])
2026-08-15 20:56:04.482 | DEBUG    | core:as_tensor:724 - Loaded cache for /tmp/gemma4_full_model_cache/multichip/layer_8/router_per_expert_scale_dtype_FLOAT32_layout_TILE.tensorbin of shape Shape([1, 128])
2026-08-15 20:56:04.506 | DEBUG    | core:as_tensor:724 - Loaded cache for /tmp/gemma4_full_model_cache/multichip/layer_8/expert_gate_tp4_dtype_BFLOAT8_B_layout_TILE.tensorbin of shape Shape([1, 128, 2816, 192])
2026-08-15 20:56:04.532 | DEBUG    | core:as_tensor:724 - Loaded cache for /tmp/gemma4_full_model_cache/multichip/layer_8/expert_up_tp4_dtype_BFLOAT8_B_layout_TILE.tensorbin of shape Shape([1, 128, 2816, 192])
2026-08-15 20:56:04.557 | DEBUG    | core:as_tensor:724 - Loaded cache for /tmp/gemma4_full_model_cache/multichip/layer_8/expert_down_tp4_dtype_BFLOAT8_B_layout_TILE.tensorbin of shape Shape([1, 128, 192, 2816])
2026-08-15 20:56:04.558 | DEBUG    | core:as_tensor:724 - Loaded cache for /tmp/gemma4_full_model_cache/multichip/layer_8/expert_prefill_sparsity_dtype_BFLOAT16_layout_ROW_MAJOR.tensorbin of shape Shape([1, 1, 1, 128])
2026-08-15 20:56:04.562 | DEBUG    | core:as_tensor:724 - Loaded cache for /tmp/gemma4_full_model_cache/multichip/layer_8/packed_mlp_gate_up_decode_bfp4_tp4_dtype_BFLOAT4_B_layout_TILE.tensorbin of shape Shape([1, 1, 2816, 1088])
2026-08-15 20:56:05.005 | DEBUG    | core:as_tensor:724 - Loaded cache for /tmp/gemma4_full_model_cache/multichip/layer_9/layer_scalar_dtype_BFLOAT16_layout_TILE.tensorbin of shape Shape([1, 1, 1, 1])
2026-08-15 20:56:05.005 | DEBUG    | core:as_tensor:724 - Loaded cache for /tmp/gemma4_full_model_cache/multichip/layer_9/input_ln_dtype_BFLOAT16_layout_TILE.tensorbin of shape Shape([1, 1, 1, 2816])
2026-08-15 20:56:05.006 | DEBUG    | core:as_tensor:724 - Loaded cache for /tmp/gemma4_full_model_cache/multichip/layer_9/post_attn_ln_dtype_BFLOAT16_layout_TILE.tensorbin of shape Shape([1, 1, 1, 2816])
2026-08-15 20:56:05.006 | DEBUG    | core:as_tensor:724 - Loaded cache for /tmp/gemma4_full_model_cache/multichip/layer_9/pre_ff_ln_dtype_BFLOAT16_layout_TILE.tensorbin of shape Shape([1, 1, 1, 2816])
2026-08-15 20:56:05.006 | DEBUG    | core:as_tensor:724 - Loaded cache for /tmp/gemma4_full_model_cache/multichip/layer_9/post_ff_ln_dtype_BFLOAT16_layout_TILE.tensorbin of shape Shape([1, 1, 1, 2816])
2026-08-15 20:56:05.006 | DEBUG    | core:as_tensor:724 - Loaded cache for /tmp/gemma4_full_model_cache/multichip/layer_9/post_ff_ln_1_dtype_BFLOAT16_layout_TILE.tensorbin of shape Shape([1, 1, 1, 2816])
2026-08-15 20:56:05.006 | DEBUG    | core:as_tensor:724 - Loaded cache for /tmp/gemma4_full_model_cache/multichip/layer_9/post_ff_ln_2_dtype_BFLOAT16_layout_TILE.tensorbin of shape Shape([1, 1, 1, 2816])
2026-08-15 20:56:05.006 | DEBUG    | core:as_tensor:724 - Loaded cache for /tmp/gemma4_full_model_cache/multichip/layer_9/pre_ff_ln_2_dtype_BFLOAT16_layout_TILE.tensorbin of shape Shape([1, 1, 1, 2816])
2026-08-15 20:56:05.007 | DEBUG    | core:as_tensor:724 - Loaded cache for /tmp/gemma4_full_model_cache/multichip/layer_9/q_norm_dtype_BFLOAT16_layout_TILE.tensorbin of shape Shape([1, 1, 1, 256])
2026-08-15 20:56:05.007 | DEBUG    | core:as_tensor:724 - Loaded cache for /tmp/gemma4_full_model_cache/multichip/layer_9/k_norm_dtype_BFLOAT16_layout_TILE.tensorbin of shape Shape([1, 1, 1, 256])
2026-08-15 20:56:05.009 | DEBUG    | core:as_tensor:724 - Loaded cache for /tmp/gemma4_full_model_cache/multichip/layer_9/qkv_tp4_dtype_BFLOAT8_B_layout_TILE.tensorbin of shape Shape([1, 1, 2816, 2048])
2026-08-15 20:56:05.017 | DEBUG    | core:as_tensor:724 - Loaded cache for /tmp/gemma4_full_model_cache/multichip/layer_9/o_proj_tp4_dtype_BFLOAT8_B_layout_TILE.tensorbin of shape Shape([1, 1, 1024, 2816])
2026-08-15 20:56:05.018 | DEBUG    | core:as_tensor:724 - Loaded cache for /tmp/gemma4_full_model_cache/multichip/layer_9/mlp_gate_tp4_dtype_BFLOAT8_B_layout_TILE.tensorbin of shape Shape([1, 1, 2816, 544])
2026-08-15 20:56:05.019 | DEBUG    | core:as_tensor:724 - Loaded cache for /tmp/gemma4_full_model_cache/multichip/layer_9/mlp_up_tp4_dtype_BFLOAT8_B_layout_TILE.tensorbin of shape Shape([1, 1, 2816, 544])
2026-08-15 20:56:05.019 | DEBUG    | core:as_tensor:724 - Loaded cache for /tmp/gemma4_full_model_cache/multichip/layer_9/mlp_down_tp4_dtype_BFLOAT8_B_layout_TILE.tensorbin of shape Shape([1, 1, 544, 2816])
2026-08-15 20:56:05.020 | DEBUG    | core:as_tensor:724 - Loaded cache for /tmp/gemma4_full_model_cache/multichip/layer_9/router_scale_dtype_FLOAT32_layout_TILE.tensorbin of shape Shape([1, 1, 1, 2816])
2026-08-15 20:56:05.021 | DEBUG    | core:as_tensor:724 - Loaded cache for /tmp/gemma4_full_model_cache/multichip/layer_9/router_proj_dtype_FLOAT32_layout_TILE.tensorbin of shape Shape([1, 1, 2816, 128])
2026-08-15 20:56:05.021 | DEBUG    | core:as_tensor:724 - Loaded cache for /tmp/gemma4_full_model_cache/multichip/layer_9/router_per_expert_scale_dtype_FLOAT32_layout_TILE.tensorbin of shape Shape([1, 128])
2026-08-15 20:56:05.045 | DEBUG    | core:as_tensor:724 - Loaded cache for /tmp/gemma4_full_model_cache/multichip/layer_9/expert_gate_tp4_dtype_BFLOAT8_B_layout_TILE.tensorbin of shape Shape([1, 128, 2816, 192])
2026-08-15 20:56:05.070 | DEBUG    | core:as_tensor:724 - Loaded cache for /tmp/gemma4_full_model_cache/multichip/layer_9/expert_up_tp4_dtype_BFLOAT8_B_layout_TILE.tensorbin of shape Shape([1, 128, 2816, 192])
2026-08-15 20:56:05.098 | DEBUG    | core:as_tensor:724 - Loaded cache for /tmp/gemma4_full_model_cache/multichip/layer_9/expert_down_tp4_dtype_BFLOAT8_B_layout_TILE.tensorbin of shape Shape([1, 128, 192, 2816])
2026-08-15 20:56:05.099 | DEBUG    | core:as_tensor:724 - Loaded cache for /tmp/gemma4_full_model_cache/multichip/layer_9/expert_prefill_sparsity_dtype_BFLOAT16_layout_ROW_MAJOR.tensorbin of shape Shape([1, 1, 1, 128])
2026-08-15 20:56:05.104 | DEBUG    | core:as_tensor:724 - Loaded cache for /tmp/gemma4_full_model_cache/multichip/layer_9/packed_mlp_gate_up_decode_bfp4_tp4_dtype_BFLOAT4_B_layout_TILE.tensorbin of shape Shape([1, 1, 2816, 1088])
2026-08-15 20:56:05.544 | DEBUG    | core:as_tensor:724 - Loaded cache for /tmp/gemma4_full_model_cache/multichip/layer_10/layer_scalar_dtype_BFLOAT16_layout_TILE.tensorbin of shape Shape([1, 1, 1, 1])
2026-08-15 20:56:05.544 | DEBUG    | core:as_tensor:724 - Loaded cache for /tmp/gemma4_full_model_cache/multichip/layer_10/input_ln_dtype_BFLOAT16_layout_TILE.tensorbin of shape Shape([1, 1, 1, 2816])
2026-08-15 20:56:05.544 | DEBUG    | core:as_tensor:724 - Loaded cache for /tmp/gemma4_full_model_cache/multichip/layer_10/post_attn_ln_dtype_BFLOAT16_layout_TILE.tensorbin of shape Shape([1, 1, 1, 2816])
2026-08-15 20:56:05.545 | DEBUG    | core:as_tensor:724 - Loaded cache for /tmp/gemma4_full_model_cache/multichip/layer_10/pre_ff_ln_dtype_BFLOAT16_layout_TILE.tensorbin of shape Shape([1, 1, 1, 2816])
2026-08-15 20:56:05.545 | DEBUG    | core:as_tensor:724 - Loaded cache for /tmp/gemma4_full_model_cache/multichip/layer_10/post_ff_ln_dtype_BFLOAT16_layout_TILE.tensorbin of shape Shape([1, 1, 1, 2816])
2026-08-15 20:56:05.545 | DEBUG    | core:as_tensor:724 - Loaded cache for /tmp/gemma4_full_model_cache/multichip/layer_10/post_ff_ln_1_dtype_BFLOAT16_layout_TILE.tensorbin of shape Shape([1, 1, 1, 2816])
2026-08-15 20:56:05.545 | DEBUG    | core:as_tensor:724 - Loaded cache for /tmp/gemma4_full_model_cache/multichip/layer_10/post_ff_ln_2_dtype_BFLOAT16_layout_TILE.tensorbin of shape Shape([1, 1, 1, 2816])
2026-08-15 20:56:05.545 | DEBUG    | core:as_tensor:724 - Loaded cache for /tmp/gemma4_full_model_cache/multichip/layer_10/pre_ff_ln_2_dtype_BFLOAT16_layout_TILE.tensorbin of shape Shape([1, 1, 1, 2816])
2026-08-15 20:56:05.545 | DEBUG    | core:as_tensor:724 - Loaded cache for /tmp/gemma4_full_model_cache/multichip/layer_10/q_norm_dtype_BFLOAT16_layout_TILE.tensorbin of shape Shape([1, 1, 1, 256])
2026-08-15 20:56:05.545 | DEBUG    | core:as_tensor:724 - Loaded cache for /tmp/gemma4_full_model_cache/multichip/layer_10/k_norm_dtype_BFLOAT16_layout_TILE.tensorbin of shape Shape([1, 1, 1, 256])
2026-08-15 20:56:05.548 | DEBUG    | core:as_tensor:724 - Loaded cache for /tmp/gemma4_full_model_cache/multichip/layer_10/qkv_tp4_dtype_BFLOAT8_B_layout_TILE.tensorbin of shape Shape([1, 1, 2816, 2048])
2026-08-15 20:56:05.558 | DEBUG    | core:as_tensor:724 - Loaded cache for /tmp/gemma4_full_model_cache/multichip/layer_10/o_proj_tp4_dtype_BFLOAT8_B_layout_TILE.tensorbin of shape Shape([1, 1, 1024, 2816])
2026-08-15 20:56:05.559 | DEBUG    | core:as_tensor:724 - Loaded cache for /tmp/gemma4_full_model_cache/multichip/layer_10/mlp_gate_tp4_dtype_BFLOAT8_B_layout_TILE.tensorbin of shape Shape([1, 1, 2816, 544])
2026-08-15 20:56:05.559 | DEBUG    | core:as_tensor:724 - Loaded cache for /tmp/gemma4_full_model_cache/multichip/layer_10/mlp_up_tp4_dtype_BFLOAT8_B_layout_TILE.tensorbin of shape Shape([1, 1, 2816, 544])
2026-08-15 20:56:05.560 | DEBUG    | core:as_tensor:724 - Loaded cache for /tmp/gemma4_full_model_cache/multichip/layer_10/mlp_down_tp4_dtype_BFLOAT8_B_layout_TILE.tensorbin of shape Shape([1, 1, 544, 2816])
2026-08-15 20:56:05.560 | DEBUG    | core:as_tensor:724 - Loaded cache for /tmp/gemma4_full_model_cache/multichip/layer_10/router_scale_dtype_FLOAT32_layout_TILE.tensorbin of shape Shape([1, 1, 1, 2816])
2026-08-15 20:56:05.561 | DEBUG    | core:as_tensor:724 - Loaded cache for /tmp/gemma4_full_model_cache/multichip/layer_10/router_proj_dtype_FLOAT32_layout_TILE.tensorbin of shape Shape([1, 1, 2816, 128])
2026-08-15 20:56:05.561 | DEBUG    | core:as_tensor:724 - Loaded cache for /tmp/gemma4_full_model_cache/multichip/layer_10/router_per_expert_scale_dtype_FLOAT32_layout_TILE.tensorbin of shape Shape([1, 128])
2026-08-15 20:56:05.586 | DEBUG    | core:as_tensor:724 - Loaded cache for /tmp/gemma4_full_model_cache/multichip/layer_10/expert_gate_tp4_dtype_BFLOAT8_B_layout_TILE.tensorbin of shape Shape([1, 128, 2816, 192])
2026-08-15 20:56:05.611 | DEBUG    | core:as_tensor:724 - Loaded cache for /tmp/gemma4_full_model_cache/multichip/layer_10/expert_up_tp4_dtype_BFLOAT8_B_layout_TILE.tensorbin of shape Shape([1, 128, 2816, 192])
2026-08-15 20:56:05.636 | DEBUG    | core:as_tensor:724 - Loaded cache for /tmp/gemma4_full_model_cache/multichip/layer_10/expert_down_tp4_dtype_BFLOAT8_B_layout_TILE.tensorbin of shape Shape([1, 128, 192, 2816])
2026-08-15 20:56:05.636 | DEBUG    | core:as_tensor:724 - Loaded cache for /tmp/gemma4_full_model_cache/multichip/layer_10/expert_prefill_sparsity_dtype_BFLOAT16_layout_ROW_MAJOR.tensorbin of shape Shape([1, 1, 1, 128])
2026-08-15 20:56:05.641 | DEBUG    | core:as_tensor:724 - Loaded cache for /tmp/gemma4_full_model_cache/multichip/layer_10/packed_mlp_gate_up_decode_bfp4_tp4_dtype_BFLOAT4_B_layout_TILE.tensorbin of shape Shape([1, 1, 2816, 1088])
2026-08-15 20:56:06.088 | DEBUG    | core:as_tensor:724 - Loaded cache for /tmp/gemma4_full_model_cache/multichip/layer_11/layer_scalar_dtype_BFLOAT16_layout_TILE.tensorbin of shape Shape([1, 1, 1, 1])
2026-08-15 20:56:06.088 | DEBUG    | core:as_tensor:724 - Loaded cache for /tmp/gemma4_full_model_cache/multichip/layer_11/input_ln_dtype_BFLOAT16_layout_TILE.tensorbin of shape Shape([1, 1, 1, 2816])
2026-08-15 20:56:06.088 | DEBUG    | core:as_tensor:724 - Loaded cache for /tmp/gemma4_full_model_cache/multichip/layer_11/post_attn_ln_dtype_BFLOAT16_layout_TILE.tensorbin of shape Shape([1, 1, 1, 2816])
2026-08-15 20:56:06.088 | DEBUG    | core:as_tensor:724 - Loaded cache for /tmp/gemma4_full_model_cache/multichip/layer_11/pre_ff_ln_dtype_BFLOAT16_layout_TILE.tensorbin of shape Shape([1, 1, 1, 2816])
2026-08-15 20:56:06.089 | DEBUG    | core:as_tensor:724 - Loaded cache for /tmp/gemma4_full_model_cache/multichip/layer_11/post_ff_ln_dtype_BFLOAT16_layout_TILE.tensorbin of shape Shape([1, 1, 1, 2816])
2026-08-15 20:56:06.089 | DEBUG    | core:as_tensor:724 - Loaded cache for /tmp/gemma4_full_model_cache/multichip/layer_11/post_ff_ln_1_dtype_BFLOAT16_layout_TILE.tensorbin of shape Shape([1, 1, 1, 2816])
2026-08-15 20:56:06.089 | DEBUG    | core:as_tensor:724 - Loaded cache for /tmp/gemma4_full_model_cache/multichip/layer_11/post_ff_ln_2_dtype_BFLOAT16_layout_TILE.tensorbin of shape Shape([1, 1, 1, 2816])
2026-08-15 20:56:06.089 | DEBUG    | core:as_tensor:724 - Loaded cache for /tmp/gemma4_full_model_cache/multichip/layer_11/pre_ff_ln_2_dtype_BFLOAT16_layout_TILE.tensorbin of shape Shape([1, 1, 1, 2816])
2026-08-15 20:56:06.089 | DEBUG    | core:as_tensor:724 - Loaded cache for /tmp/gemma4_full_model_cache/multichip/layer_11/q_norm_dtype_BFLOAT16_layout_TILE.tensorbin of shape Shape([1, 1, 1, 512])
2026-08-15 20:56:06.089 | DEBUG    | core:as_tensor:724 - Loaded cache for /tmp/gemma4_full_model_cache/multichip/layer_11/k_norm_dtype_BFLOAT16_layout_TILE.tensorbin of shape Shape([1, 1, 1, 512])
2026-08-15 20:56:06.096 | DEBUG    | core:as_tensor:724 - Loaded cache for /tmp/gemma4_full_model_cache/multichip/layer_11/qkv_tp4_dtype_BFLOAT8_B_layout_TILE.tensorbin of shape Shape([1, 1, 2816, 3072])
2026-08-15 20:56:06.114 | DEBUG    | core:as_tensor:724 - Loaded cache for /tmp/gemma4_full_model_cache/multichip/layer_11/o_proj_tp4_dtype_BFLOAT8_B_layout_TILE.tensorbin of shape Shape([1, 1, 2048, 2816])
2026-08-15 20:56:06.116 | DEBUG    | core:as_tensor:724 - Loaded cache for /tmp/gemma4_full_model_cache/multichip/layer_11/mlp_gate_tp4_dtype_BFLOAT8_B_layout_TILE.tensorbin of shape Shape([1, 1, 2816, 544])
2026-08-15 20:56:06.116 | DEBUG    | core:as_tensor:724 - Loaded cache for /tmp/gemma4_full_model_cache/multichip/layer_11/mlp_up_tp4_dtype_BFLOAT8_B_layout_TILE.tensorbin of shape Shape([1, 1, 2816, 544])
2026-08-15 20:56:06.117 | DEBUG    | core:as_tensor:724 - Loaded cache for /tmp/gemma4_full_model_cache/multichip/layer_11/mlp_down_tp4_dtype_BFLOAT8_B_layout_TILE.tensorbin of shape Shape([1, 1, 544, 2816])
2026-08-15 20:56:06.117 | DEBUG    | core:as_tensor:724 - Loaded cache for /tmp/gemma4_full_model_cache/multichip/layer_11/router_scale_dtype_FLOAT32_layout_TILE.tensorbin of shape Shape([1, 1, 1, 2816])
2026-08-15 20:56:06.118 | DEBUG    | core:as_tensor:724 - Loaded cache for /tmp/gemma4_full_model_cache/multichip/layer_11/router_proj_dtype_FLOAT32_layout_TILE.tensorbin of shape Shape([1, 1, 2816, 128])
2026-08-15 20:56:06.118 | DEBUG    | core:as_tensor:724 - Loaded cache for /tmp/gemma4_full_model_cache/multichip/layer_11/router_per_expert_scale_dtype_FLOAT32_layout_TILE.tensorbin of shape Shape([1, 128])
2026-08-15 20:56:06.142 | DEBUG    | core:as_tensor:724 - Loaded cache for /tmp/gemma4_full_model_cache/multichip/layer_11/expert_gate_tp4_dtype_BFLOAT8_B_layout_TILE.tensorbin of shape Shape([1, 128, 2816, 192])
2026-08-15 20:56:06.166 | DEBUG    | core:as_tensor:724 - Loaded cache for /tmp/gemma4_full_model_cache/multichip/layer_11/expert_up_tp4_dtype_BFLOAT8_B_layout_TILE.tensorbin of shape Shape([1, 128, 2816, 192])
2026-08-15 20:56:06.191 | DEBUG    | core:as_tensor:724 - Loaded cache for /tmp/gemma4_full_model_cache/multichip/layer_11/expert_down_tp4_dtype_BFLOAT8_B_layout_TILE.tensorbin of shape Shape([1, 128, 192, 2816])
2026-08-15 20:56:06.191 | DEBUG    | core:as_tensor:724 - Loaded cache for /tmp/gemma4_full_model_cache/multichip/layer_11/expert_prefill_sparsity_dtype_BFLOAT16_layout_ROW_MAJOR.tensorbin of shape Shape([1, 1, 1, 128])
2026-08-15 20:56:06.196 | DEBUG    | core:as_tensor:724 - Loaded cache for /tmp/gemma4_full_model_cache/multichip/layer_11/packed_mlp_gate_up_decode_bfp4_tp4_dtype_BFLOAT4_B_layout_TILE.tensorbin of shape Shape([1, 1, 2816, 1088])
2026-08-15 20:56:06.633 | DEBUG    | core:as_tensor:724 - Loaded cache for /tmp/gemma4_full_model_cache/multichip/layer_12/layer_scalar_dtype_BFLOAT16_layout_TILE.tensorbin of shape Shape([1, 1, 1, 1])
2026-08-15 20:56:06.634 | DEBUG    | core:as_tensor:724 - Loaded cache for /tmp/gemma4_full_model_cache/multichip/layer_12/input_ln_dtype_BFLOAT16_layout_TILE.tensorbin of shape Shape([1, 1, 1, 2816])
2026-08-15 20:56:06.634 | DEBUG    | core:as_tensor:724 - Loaded cache for /tmp/gemma4_full_model_cache/multichip/layer_12/post_attn_ln_dtype_BFLOAT16_layout_TILE.tensorbin of shape Shape([1, 1, 1, 2816])
2026-08-15 20:56:06.634 | DEBUG    | core:as_tensor:724 - Loaded cache for /tmp/gemma4_full_model_cache/multichip/layer_12/pre_ff_ln_dtype_BFLOAT16_layout_TILE.tensorbin of shape Shape([1, 1, 1, 2816])
2026-08-15 20:56:06.634 | DEBUG    | core:as_tensor:724 - Loaded cache for /tmp/gemma4_full_model_cache/multichip/layer_12/post_ff_ln_dtype_BFLOAT16_layout_TILE.tensorbin of shape Shape([1, 1, 1, 2816])
2026-08-15 20:56:06.634 | DEBUG    | core:as_tensor:724 - Loaded cache for /tmp/gemma4_full_model_cache/multichip/layer_12/post_ff_ln_1_dtype_BFLOAT16_layout_TILE.tensorbin of shape Shape([1, 1, 1, 2816])
2026-08-15 20:56:06.635 | DEBUG    | core:as_tensor:724 - Loaded cache for /tmp/gemma4_full_model_cache/multichip/layer_12/post_ff_ln_2_dtype_BFLOAT16_layout_TILE.tensorbin of shape Shape([1, 1, 1, 2816])
2026-08-15 20:56:06.635 | DEBUG    | core:as_tensor:724 - Loaded cache for /tmp/gemma4_full_model_cache/multichip/layer_12/pre_ff_ln_2_dtype_BFLOAT16_layout_TILE.tensorbin of shape Shape([1, 1, 1, 2816])
2026-08-15 20:56:06.635 | DEBUG    | core:as_tensor:724 - Loaded cache for /tmp/gemma4_full_model_cache/multichip/layer_12/q_norm_dtype_BFLOAT16_layout_TILE.tensorbin of shape Shape([1, 1, 1, 256])
2026-08-15 20:56:06.635 | DEBUG    | core:as_tensor:724 - Loaded cache for /tmp/gemma4_full_model_cache/multichip/layer_12/k_norm_dtype_BFLOAT16_layout_TILE.tensorbin of shape Shape([1, 1, 1, 256])
2026-08-15 20:56:06.637 | DEBUG    | core:as_tensor:724 - Loaded cache for /tmp/gemma4_full_model_cache/multichip/layer_12/qkv_tp4_dtype_BFLOAT8_B_layout_TILE.tensorbin of shape Shape([1, 1, 2816, 2048])
2026-08-15 20:56:06.646 | DEBUG    | core:as_tensor:724 - Loaded cache for /tmp/gemma4_full_model_cache/multichip/layer_12/o_proj_tp4_dtype_BFLOAT8_B_layout_TILE.tensorbin of shape Shape([1, 1, 1024, 2816])
2026-08-15 20:56:06.647 | DEBUG    | core:as_tensor:724 - Loaded cache for /tmp/gemma4_full_model_cache/multichip/layer_12/mlp_gate_tp4_dtype_BFLOAT8_B_layout_TILE.tensorbin of shape Shape([1, 1, 2816, 544])
2026-08-15 20:56:06.647 | DEBUG    | core:as_tensor:724 - Loaded cache for /tmp/gemma4_full_model_cache/multichip/layer_12/mlp_up_tp4_dtype_BFLOAT8_B_layout_TILE.tensorbin of shape Shape([1, 1, 2816, 544])
2026-08-15 20:56:06.648 | DEBUG    | core:as_tensor:724 - Loaded cache for /tmp/gemma4_full_model_cache/multichip/layer_12/mlp_down_tp4_dtype_BFLOAT8_B_layout_TILE.tensorbin of shape Shape([1, 1, 544, 2816])
2026-08-15 20:56:06.648 | DEBUG    | core:as_tensor:724 - Loaded cache for /tmp/gemma4_full_model_cache/multichip/layer_12/router_scale_dtype_FLOAT32_layout_TILE.tensorbin of shape Shape([1, 1, 1, 2816])
2026-08-15 20:56:06.649 | DEBUG    | core:as_tensor:724 - Loaded cache for /tmp/gemma4_full_model_cache/multichip/layer_12/router_proj_dtype_FLOAT32_layout_TILE.tensorbin of shape Shape([1, 1, 2816, 128])
2026-08-15 20:56:06.649 | DEBUG    | core:as_tensor:724 - Loaded cache for /tmp/gemma4_full_model_cache/multichip/layer_12/router_per_expert_scale_dtype_FLOAT32_layout_TILE.tensorbin of shape Shape([1, 128])
2026-08-15 20:56:06.674 | DEBUG    | core:as_tensor:724 - Loaded cache for /tmp/gemma4_full_model_cache/multichip/layer_12/expert_gate_tp4_dtype_BFLOAT8_B_layout_TILE.tensorbin of shape Shape([1, 128, 2816, 192])
2026-08-15 20:56:06.698 | DEBUG    | core:as_tensor:724 - Loaded cache for /tmp/gemma4_full_model_cache/multichip/layer_12/expert_up_tp4_dtype_BFLOAT8_B_layout_TILE.tensorbin of shape Shape([1, 128, 2816, 192])
2026-08-15 20:56:06.722 | DEBUG    | core:as_tensor:724 - Loaded cache for /tmp/gemma4_full_model_cache/multichip/layer_12/expert_down_tp4_dtype_BFLOAT8_B_layout_TILE.tensorbin of shape Shape([1, 128, 192, 2816])
2026-08-15 20:56:06.723 | DEBUG    | core:as_tensor:724 - Loaded cache for /tmp/gemma4_full_model_cache/multichip/layer_12/expert_prefill_sparsity_dtype_BFLOAT16_layout_ROW_MAJOR.tensorbin of shape Shape([1, 1, 1, 128])
2026-08-15 20:56:06.727 | DEBUG    | core:as_tensor:724 - Loaded cache for /tmp/gemma4_full_model_cache/multichip/layer_12/packed_mlp_gate_up_decode_bfp4_tp4_dtype_BFLOAT4_B_layout_TILE.tensorbin of shape Shape([1, 1, 2816, 1088])
2026-08-15 20:56:07.175 | DEBUG    | core:as_tensor:724 - Loaded cache for /tmp/gemma4_full_model_cache/multichip/layer_13/layer_scalar_dtype_BFLOAT16_layout_TILE.tensorbin of shape Shape([1, 1, 1, 1])
2026-08-15 20:56:07.175 | DEBUG    | core:as_tensor:724 - Loaded cache for /tmp/gemma4_full_model_cache/multichip/layer_13/input_ln_dtype_BFLOAT16_layout_TILE.tensorbin of shape Shape([1, 1, 1, 2816])
2026-08-15 20:56:07.175 | DEBUG    | core:as_tensor:724 - Loaded cache for /tmp/gemma4_full_model_cache/multichip/layer_13/post_attn_ln_dtype_BFLOAT16_layout_TILE.tensorbin of shape Shape([1, 1, 1, 2816])
2026-08-15 20:56:07.176 | DEBUG    | core:as_tensor:724 - Loaded cache for /tmp/gemma4_full_model_cache/multichip/layer_13/pre_ff_ln_dtype_BFLOAT16_layout_TILE.tensorbin of shape Shape([1, 1, 1, 2816])
2026-08-15 20:56:07.176 | DEBUG    | core:as_tensor:724 - Loaded cache for /tmp/gemma4_full_model_cache/multichip/layer_13/post_ff_ln_dtype_BFLOAT16_layout_TILE.tensorbin of shape Shape([1, 1, 1, 2816])
2026-08-15 20:56:07.176 | DEBUG    | core:as_tensor:724 - Loaded cache for /tmp/gemma4_full_model_cache/multichip/layer_13/post_ff_ln_1_dtype_BFLOAT16_layout_TILE.tensorbin of shape Shape([1, 1, 1, 2816])
2026-08-15 20:56:07.176 | DEBUG    | core:as_tensor:724 - Loaded cache for /tmp/gemma4_full_model_cache/multichip/layer_13/post_ff_ln_2_dtype_BFLOAT16_layout_TILE.tensorbin of shape Shape([1, 1, 1, 2816])
2026-08-15 20:56:07.176 | DEBUG    | core:as_tensor:724 - Loaded cache for /tmp/gemma4_full_model_cache/multichip/layer_13/pre_ff_ln_2_dtype_BFLOAT16_layout_TILE.tensorbin of shape Shape([1, 1, 1, 2816])
2026-08-15 20:56:07.176 | DEBUG    | core:as_tensor:724 - Loaded cache for /tmp/gemma4_full_model_cache/multichip/layer_13/q_norm_dtype_BFLOAT16_layout_TILE.tensorbin of shape Shape([1, 1, 1, 256])
2026-08-15 20:56:07.176 | DEBUG    | core:as_tensor:724 - Loaded cache for /tmp/gemma4_full_model_cache/multichip/layer_13/k_norm_dtype_BFLOAT16_layout_TILE.tensorbin of shape Shape([1, 1, 1, 256])
2026-08-15 20:56:07.178 | DEBUG    | core:as_tensor:724 - Loaded cache for /tmp/gemma4_full_model_cache/multichip/layer_13/qkv_tp4_dtype_BFLOAT8_B_layout_TILE.tensorbin of shape Shape([1, 1, 2816, 2048])
2026-08-15 20:56:07.187 | DEBUG    | core:as_tensor:724 - Loaded cache for /tmp/gemma4_full_model_cache/multichip/layer_13/o_proj_tp4_dtype_BFLOAT8_B_layout_TILE.tensorbin of shape Shape([1, 1, 1024, 2816])
2026-08-15 20:56:07.188 | DEBUG    | core:as_tensor:724 - Loaded cache for /tmp/gemma4_full_model_cache/multichip/layer_13/mlp_gate_tp4_dtype_BFLOAT8_B_layout_TILE.tensorbin of shape Shape([1, 1, 2816, 544])
2026-08-15 20:56:07.189 | DEBUG    | core:as_tensor:724 - Loaded cache for /tmp/gemma4_full_model_cache/multichip/layer_13/mlp_up_tp4_dtype_BFLOAT8_B_layout_TILE.tensorbin of shape Shape([1, 1, 2816, 544])
2026-08-15 20:56:07.189 | DEBUG    | core:as_tensor:724 - Loaded cache for /tmp/gemma4_full_model_cache/multichip/layer_13/mlp_down_tp4_dtype_BFLOAT8_B_layout_TILE.tensorbin of shape Shape([1, 1, 544, 2816])
2026-08-15 20:56:07.190 | DEBUG    | core:as_tensor:724 - Loaded cache for /tmp/gemma4_full_model_cache/multichip/layer_13/router_scale_dtype_FLOAT32_layout_TILE.tensorbin of shape Shape([1, 1, 1, 2816])
2026-08-15 20:56:07.190 | DEBUG    | core:as_tensor:724 - Loaded cache for /tmp/gemma4_full_model_cache/multichip/layer_13/router_proj_dtype_FLOAT32_layout_TILE.tensorbin of shape Shape([1, 1, 2816, 128])
2026-08-15 20:56:07.191 | DEBUG    | core:as_tensor:724 - Loaded cache for /tmp/gemma4_full_model_cache/multichip/layer_13/router_per_expert_scale_dtype_FLOAT32_layout_TILE.tensorbin of shape Shape([1, 128])
2026-08-15 20:56:07.215 | DEBUG    | core:as_tensor:724 - Loaded cache for /tmp/gemma4_full_model_cache/multichip/layer_13/expert_gate_tp4_dtype_BFLOAT8_B_layout_TILE.tensorbin of shape Shape([1, 128, 2816, 192])
2026-08-15 20:56:07.239 | DEBUG    | core:as_tensor:724 - Loaded cache for /tmp/gemma4_full_model_cache/multichip/layer_13/expert_up_tp4_dtype_BFLOAT8_B_layout_TILE.tensorbin of shape Shape([1, 128, 2816, 192])
2026-08-15 20:56:07.263 | DEBUG    | core:as_tensor:724 - Loaded cache for /tmp/gemma4_full_model_cache/multichip/layer_13/expert_down_tp4_dtype_BFLOAT8_B_layout_TILE.tensorbin of shape Shape([1, 128, 192, 2816])
2026-08-15 20:56:07.264 | DEBUG    | core:as_tensor:724 - Loaded cache for /tmp/gemma4_full_model_cache/multichip/layer_13/expert_prefill_sparsity_dtype_BFLOAT16_layout_ROW_MAJOR.tensorbin of shape Shape([1, 1, 1, 128])
2026-08-15 20:56:07.269 | DEBUG    | core:as_tensor:724 - Loaded cache for /tmp/gemma4_full_model_cache/multichip/layer_13/packed_mlp_gate_up_decode_bfp4_tp4_dtype_BFLOAT4_B_layout_TILE.tensorbin of shape Shape([1, 1, 2816, 1088])
2026-08-15 20:56:07.708 | DEBUG    | core:as_tensor:724 - Loaded cache for /tmp/gemma4_full_model_cache/multichip/layer_14/layer_scalar_dtype_BFLOAT16_layout_TILE.tensorbin of shape Shape([1, 1, 1, 1])
2026-08-15 20:56:07.708 | DEBUG    | core:as_tensor:724 - Loaded cache for /tmp/gemma4_full_model_cache/multichip/layer_14/input_ln_dtype_BFLOAT16_layout_TILE.tensorbin of shape Shape([1, 1, 1, 2816])
2026-08-15 20:56:07.709 | DEBUG    | core:as_tensor:724 - Loaded cache for /tmp/gemma4_full_model_cache/multichip/layer_14/post_attn_ln_dtype_BFLOAT16_layout_TILE.tensorbin of shape Shape([1, 1, 1, 2816])
2026-08-15 20:56:07.709 | DEBUG    | core:as_tensor:724 - Loaded cache for /tmp/gemma4_full_model_cache/multichip/layer_14/pre_ff_ln_dtype_BFLOAT16_layout_TILE.tensorbin of shape Shape([1, 1, 1, 2816])
2026-08-15 20:56:07.709 | DEBUG    | core:as_tensor:724 - Loaded cache for /tmp/gemma4_full_model_cache/multichip/layer_14/post_ff_ln_dtype_BFLOAT16_layout_TILE.tensorbin of shape Shape([1, 1, 1, 2816])
2026-08-15 20:56:07.709 | DEBUG    | core:as_tensor:724 - Loaded cache for /tmp/gemma4_full_model_cache/multichip/layer_14/post_ff_ln_1_dtype_BFLOAT16_layout_TILE.tensorbin of shape Shape([1, 1, 1, 2816])
2026-08-15 20:56:07.709 | DEBUG    | core:as_tensor:724 - Loaded cache for /tmp/gemma4_full_model_cache/multichip/layer_14/post_ff_ln_2_dtype_BFLOAT16_layout_TILE.tensorbin of shape Shape([1, 1, 1, 2816])
2026-08-15 20:56:07.709 | DEBUG    | core:as_tensor:724 - Loaded cache for /tmp/gemma4_full_model_cache/multichip/layer_14/pre_ff_ln_2_dtype_BFLOAT16_layout_TILE.tensorbin of shape Shape([1, 1, 1, 2816])
2026-08-15 20:56:07.709 | DEBUG    | core:as_tensor:724 - Loaded cache for /tmp/gemma4_full_model_cache/multichip/layer_14/q_norm_dtype_BFLOAT16_layout_TILE.tensorbin of shape Shape([1, 1, 1, 256])
2026-08-15 20:56:07.710 | DEBUG    | core:as_tensor:724 - Loaded cache for /tmp/gemma4_full_model_cache/multichip/layer_14/k_norm_dtype_BFLOAT16_layout_TILE.tensorbin of shape Shape([1, 1, 1, 256])
2026-08-15 20:56:07.712 | DEBUG    | core:as_tensor:724 - Loaded cache for /tmp/gemma4_full_model_cache/multichip/layer_14/qkv_tp4_dtype_BFLOAT8_B_layout_TILE.tensorbin of shape Shape([1, 1, 2816, 2048])
2026-08-15 20:56:07.721 | DEBUG    | core:as_tensor:724 - Loaded cache for /tmp/gemma4_full_model_cache/multichip/layer_14/o_proj_tp4_dtype_BFLOAT8_B_layout_TILE.tensorbin of shape Shape([1, 1, 1024, 2816])
2026-08-15 20:56:07.722 | DEBUG    | core:as_tensor:724 - Loaded cache for /tmp/gemma4_full_model_cache/multichip/layer_14/mlp_gate_tp4_dtype_BFLOAT8_B_layout_TILE.tensorbin of shape Shape([1, 1, 2816, 544])
2026-08-15 20:56:07.723 | DEBUG    | core:as_tensor:724 - Loaded cache for /tmp/gemma4_full_model_cache/multichip/layer_14/mlp_up_tp4_dtype_BFLOAT8_B_layout_TILE.tensorbin of shape Shape([1, 1, 2816, 544])
2026-08-15 20:56:07.723 | DEBUG    | core:as_tensor:724 - Loaded cache for /tmp/gemma4_full_model_cache/multichip/layer_14/mlp_down_tp4_dtype_BFLOAT8_B_layout_TILE.tensorbin of shape Shape([1, 1, 544, 2816])
2026-08-15 20:56:07.724 | DEBUG    | core:as_tensor:724 - Loaded cache for /tmp/gemma4_full_model_cache/multichip/layer_14/router_scale_dtype_FLOAT32_layout_TILE.tensorbin of shape Shape([1, 1, 1, 2816])
2026-08-15 20:56:07.724 | DEBUG    | core:as_tensor:724 - Loaded cache for /tmp/gemma4_full_model_cache/multichip/layer_14/router_proj_dtype_FLOAT32_layout_TILE.tensorbin of shape Shape([1, 1, 2816, 128])
2026-08-15 20:56:07.724 | DEBUG    | core:as_tensor:724 - Loaded cache for /tmp/gemma4_full_model_cache/multichip/layer_14/router_per_expert_scale_dtype_FLOAT32_layout_TILE.tensorbin of shape Shape([1, 128])
2026-08-15 20:56:07.748 | DEBUG    | core:as_tensor:724 - Loaded cache for /tmp/gemma4_full_model_cache/multichip/layer_14/expert_gate_tp4_dtype_BFLOAT8_B_layout_TILE.tensorbin of shape Shape([1, 128, 2816, 192])
2026-08-15 20:56:07.776 | DEBUG    | core:as_tensor:724 - Loaded cache for /tmp/gemma4_full_model_cache/multichip/layer_14/expert_up_tp4_dtype_BFLOAT8_B_layout_TILE.tensorbin of shape Shape([1, 128, 2816, 192])
2026-08-15 20:56:07.806 | DEBUG    | core:as_tensor:724 - Loaded cache for /tmp/gemma4_full_model_cache/multichip/layer_14/expert_down_tp4_dtype_BFLOAT8_B_layout_TILE.tensorbin of shape Shape([1, 128, 192, 2816])
2026-08-15 20:56:07.806 | DEBUG    | core:as_tensor:724 - Loaded cache for /tmp/gemma4_full_model_cache/multichip/layer_14/expert_prefill_sparsity_dtype_BFLOAT16_layout_ROW_MAJOR.tensorbin of shape Shape([1, 1, 1, 128])
2026-08-15 20:56:07.812 | DEBUG    | core:as_tensor:724 - Loaded cache for /tmp/gemma4_full_model_cache/multichip/layer_14/packed_mlp_gate_up_decode_bfp4_tp4_dtype_BFLOAT4_B_layout_TILE.tensorbin of shape Shape([1, 1, 2816, 1088])
2026-08-15 20:56:08.317 | DEBUG    | core:as_tensor:724 - Loaded cache for /tmp/gemma4_full_model_cache/multichip/layer_15/layer_scalar_dtype_BFLOAT16_layout_TILE.tensorbin of shape Shape([1, 1, 1, 1])
2026-08-15 20:56:08.317 | DEBUG    | core:as_tensor:724 - Loaded cache for /tmp/gemma4_full_model_cache/multichip/layer_15/input_ln_dtype_BFLOAT16_layout_TILE.tensorbin of shape Shape([1, 1, 1, 2816])
2026-08-15 20:56:08.317 | DEBUG    | core:as_tensor:724 - Loaded cache for /tmp/gemma4_full_model_cache/multichip/layer_15/post_attn_ln_dtype_BFLOAT16_layout_TILE.tensorbin of shape Shape([1, 1, 1, 2816])
2026-08-15 20:56:08.318 | DEBUG    | core:as_tensor:724 - Loaded cache for /tmp/gemma4_full_model_cache/multichip/layer_15/pre_ff_ln_dtype_BFLOAT16_layout_TILE.tensorbin of shape Shape([1, 1, 1, 2816])
2026-08-15 20:56:08.318 | DEBUG    | core:as_tensor:724 - Loaded cache for /tmp/gemma4_full_model_cache/multichip/layer_15/post_ff_ln_dtype_BFLOAT16_layout_TILE.tensorbin of shape Shape([1, 1, 1, 2816])
2026-08-15 20:56:08.318 | DEBUG    | core:as_tensor:724 - Loaded cache for /tmp/gemma4_full_model_cache/multichip/layer_15/post_ff_ln_1_dtype_BFLOAT16_layout_TILE.tensorbin of shape Shape([1, 1, 1, 2816])
2026-08-15 20:56:08.318 | DEBUG    | core:as_tensor:724 - Loaded cache for /tmp/gemma4_full_model_cache/multichip/layer_15/post_ff_ln_2_dtype_BFLOAT16_layout_TILE.tensorbin of shape Shape([1, 1, 1, 2816])
2026-08-15 20:56:08.319 | DEBUG    | core:as_tensor:724 - Loaded cache for /tmp/gemma4_full_model_cache/multichip/layer_15/pre_ff_ln_2_dtype_BFLOAT16_layout_TILE.tensorbin of shape Shape([1, 1, 1, 2816])
2026-08-15 20:56:08.319 | DEBUG    | core:as_tensor:724 - Loaded cache for /tmp/gemma4_full_model_cache/multichip/layer_15/q_norm_dtype_BFLOAT16_layout_TILE.tensorbin of shape Shape([1, 1, 1, 256])
2026-08-15 20:56:08.319 | DEBUG    | core:as_tensor:724 - Loaded cache for /tmp/gemma4_full_model_cache/multichip/layer_15/k_norm_dtype_BFLOAT16_layout_TILE.tensorbin of shape Shape([1, 1, 1, 256])
2026-08-15 20:56:08.327 | DEBUG    | core:as_tensor:724 - Loaded cache for /tmp/gemma4_full_model_cache/multichip/layer_15/qkv_tp4_dtype_BFLOAT8_B_layout_TILE.tensorbin of shape Shape([1, 1, 2816, 2048])
2026-08-15 20:56:08.337 | DEBUG    | core:as_tensor:724 - Loaded cache for /tmp/gemma4_full_model_cache/multichip/layer_15/o_proj_tp4_dtype_BFLOAT8_B_layout_TILE.tensorbin of shape Shape([1, 1, 1024, 2816])
2026-08-15 20:56:08.339 | DEBUG    | core:as_tensor:724 - Loaded cache for /tmp/gemma4_full_model_cache/multichip/layer_15/mlp_gate_tp4_dtype_BFLOAT8_B_layout_TILE.tensorbin of shape Shape([1, 1, 2816, 544])
2026-08-15 20:56:08.340 | DEBUG    | core:as_tensor:724 - Loaded cache for /tmp/gemma4_full_model_cache/multichip/layer_15/mlp_up_tp4_dtype_BFLOAT8_B_layout_TILE.tensorbin of shape Shape([1, 1, 2816, 544])
2026-08-15 20:56:08.341 | DEBUG    | core:as_tensor:724 - Loaded cache for /tmp/gemma4_full_model_cache/multichip/layer_15/mlp_down_tp4_dtype_BFLOAT8_B_layout_TILE.tensorbin of shape Shape([1, 1, 544, 2816])
2026-08-15 20:56:08.341 | DEBUG    | core:as_tensor:724 - Loaded cache for /tmp/gemma4_full_model_cache/multichip/layer_15/router_scale_dtype_FLOAT32_layout_TILE.tensorbin of shape Shape([1, 1, 1, 2816])
2026-08-15 20:56:08.344 | DEBUG    | core:as_tensor:724 - Loaded cache for /tmp/gemma4_full_model_cache/multichip/layer_15/router_proj_dtype_FLOAT32_layout_TILE.tensorbin of shape Shape([1, 1, 2816, 128])
2026-08-15 20:56:08.345 | DEBUG    | core:as_tensor:724 - Loaded cache for /tmp/gemma4_full_model_cache/multichip/layer_15/router_per_expert_scale_dtype_FLOAT32_layout_TILE.tensorbin of shape Shape([1, 128])
2026-08-15 20:56:08.383 | DEBUG    | core:as_tensor:724 - Loaded cache for /tmp/gemma4_full_model_cache/multichip/layer_15/expert_gate_tp4_dtype_BFLOAT8_B_layout_TILE.tensorbin of shape Shape([1, 128, 2816, 192])
2026-08-15 20:56:08.416 | DEBUG    | core:as_tensor:724 - Loaded cache for /tmp/gemma4_full_model_cache/multichip/layer_15/expert_up_tp4_dtype_BFLOAT8_B_layout_TILE.tensorbin of shape Shape([1, 128, 2816, 192])
2026-08-15 20:56:08.449 | DEBUG    | core:as_tensor:724 - Loaded cache for /tmp/gemma4_full_model_cache/multichip/layer_15/expert_down_tp4_dtype_BFLOAT8_B_layout_TILE.tensorbin of shape Shape([1, 128, 192, 2816])
2026-08-15 20:56:08.450 | DEBUG    | core:as_tensor:724 - Loaded cache for /tmp/gemma4_full_model_cache/multichip/layer_15/expert_prefill_sparsity_dtype_BFLOAT16_layout_ROW_MAJOR.tensorbin of shape Shape([1, 1, 1, 128])
2026-08-15 20:56:08.455 | DEBUG    | core:as_tensor:724 - Loaded cache for /tmp/gemma4_full_model_cache/multichip/layer_15/packed_mlp_gate_up_decode_bfp4_tp4_dtype_BFLOAT4_B_layout_TILE.tensorbin of shape Shape([1, 1, 2816, 1088])
2026-08-15 20:56:08.904 | DEBUG    | core:as_tensor:724 - Loaded cache for /tmp/gemma4_full_model_cache/multichip/layer_16/layer_scalar_dtype_BFLOAT16_layout_TILE.tensorbin of shape Shape([1, 1, 1, 1])
2026-08-15 20:56:08.904 | DEBUG    | core:as_tensor:724 - Loaded cache for /tmp/gemma4_full_model_cache/multichip/layer_16/input_ln_dtype_BFLOAT16_layout_TILE.tensorbin of shape Shape([1, 1, 1, 2816])
2026-08-15 20:56:08.904 | DEBUG    | core:as_tensor:724 - Loaded cache for /tmp/gemma4_full_model_cache/multichip/layer_16/post_attn_ln_dtype_BFLOAT16_layout_TILE.tensorbin of shape Shape([1, 1, 1, 2816])
2026-08-15 20:56:08.905 | DEBUG    | core:as_tensor:724 - Loaded cache for /tmp/gemma4_full_model_cache/multichip/layer_16/pre_ff_ln_dtype_BFLOAT16_layout_TILE.tensorbin of shape Shape([1, 1, 1, 2816])
2026-08-15 20:56:08.905 | DEBUG    | core:as_tensor:724 - Loaded cache for /tmp/gemma4_full_model_cache/multichip/layer_16/post_ff_ln_dtype_BFLOAT16_layout_TILE.tensorbin of shape Shape([1, 1, 1, 2816])
2026-08-15 20:56:08.905 | DEBUG    | core:as_tensor:724 - Loaded cache for /tmp/gemma4_full_model_cache/multichip/layer_16/post_ff_ln_1_dtype_BFLOAT16_layout_TILE.tensorbin of shape Shape([1, 1, 1, 2816])
2026-08-15 20:56:08.905 | DEBUG    | core:as_tensor:724 - Loaded cache for /tmp/gemma4_full_model_cache/multichip/layer_16/post_ff_ln_2_dtype_BFLOAT16_layout_TILE.tensorbin of shape Shape([1, 1, 1, 2816])
2026-08-15 20:56:08.905 | DEBUG    | core:as_tensor:724 - Loaded cache for /tmp/gemma4_full_model_cache/multichip/layer_16/pre_ff_ln_2_dtype_BFLOAT16_layout_TILE.tensorbin of shape Shape([1, 1, 1, 2816])
2026-08-15 20:56:08.905 | DEBUG    | core:as_tensor:724 - Loaded cache for /tmp/gemma4_full_model_cache/multichip/layer_16/q_norm_dtype_BFLOAT16_layout_TILE.tensorbin of shape Shape([1, 1, 1, 256])
2026-08-15 20:56:08.905 | DEBUG    | core:as_tensor:724 - Loaded cache for /tmp/gemma4_full_model_cache/multichip/layer_16/k_norm_dtype_BFLOAT16_layout_TILE.tensorbin of shape Shape([1, 1, 1, 256])
2026-08-15 20:56:08.907 | DEBUG    | core:as_tensor:724 - Loaded cache for /tmp/gemma4_full_model_cache/multichip/layer_16/qkv_tp4_dtype_BFLOAT8_B_layout_TILE.tensorbin of shape Shape([1, 1, 2816, 2048])
2026-08-15 20:56:08.916 | DEBUG    | core:as_tensor:724 - Loaded cache for /tmp/gemma4_full_model_cache/multichip/layer_16/o_proj_tp4_dtype_BFLOAT8_B_layout_TILE.tensorbin of shape Shape([1, 1, 1024, 2816])
2026-08-15 20:56:08.917 | DEBUG    | core:as_tensor:724 - Loaded cache for /tmp/gemma4_full_model_cache/multichip/layer_16/mlp_gate_tp4_dtype_BFLOAT8_B_layout_TILE.tensorbin of shape Shape([1, 1, 2816, 544])
2026-08-15 20:56:08.918 | DEBUG    | core:as_tensor:724 - Loaded cache for /tmp/gemma4_full_model_cache/multichip/layer_16/mlp_up_tp4_dtype_BFLOAT8_B_layout_TILE.tensorbin of shape Shape([1, 1, 2816, 544])
2026-08-15 20:56:08.919 | DEBUG    | core:as_tensor:724 - Loaded cache for /tmp/gemma4_full_model_cache/multichip/layer_16/mlp_down_tp4_dtype_BFLOAT8_B_layout_TILE.tensorbin of shape Shape([1, 1, 544, 2816])
2026-08-15 20:56:08.919 | DEBUG    | core:as_tensor:724 - Loaded cache for /tmp/gemma4_full_model_cache/multichip/layer_16/router_scale_dtype_FLOAT32_layout_TILE.tensorbin of shape Shape([1, 1, 1, 2816])
2026-08-15 20:56:08.920 | DEBUG    | core:as_tensor:724 - Loaded cache for /tmp/gemma4_full_model_cache/multichip/layer_16/router_proj_dtype_FLOAT32_layout_TILE.tensorbin of shape Shape([1, 1, 2816, 128])
2026-08-15 20:56:08.920 | DEBUG    | core:as_tensor:724 - Loaded cache for /tmp/gemma4_full_model_cache/multichip/layer_16/router_per_expert_scale_dtype_FLOAT32_layout_TILE.tensorbin of shape Shape([1, 128])
2026-08-15 20:56:08.946 | DEBUG    | core:as_tensor:724 - Loaded cache for /tmp/gemma4_full_model_cache/multichip/layer_16/expert_gate_tp4_dtype_BFLOAT8_B_layout_TILE.tensorbin of shape Shape([1, 128, 2816, 192])
2026-08-15 20:56:08.975 | DEBUG    | core:as_tensor:724 - Loaded cache for /tmp/gemma4_full_model_cache/multichip/layer_16/expert_up_tp4_dtype_BFLOAT8_B_layout_TILE.tensorbin of shape Shape([1, 128, 2816, 192])
2026-08-15 20:56:09.003 | DEBUG    | core:as_tensor:724 - Loaded cache for /tmp/gemma4_full_model_cache/multichip/layer_16/expert_down_tp4_dtype_BFLOAT8_B_layout_TILE.tensorbin of shape Shape([1, 128, 192, 2816])
2026-08-15 20:56:09.004 | DEBUG    | core:as_tensor:724 - Loaded cache for /tmp/gemma4_full_model_cache/multichip/layer_16/expert_prefill_sparsity_dtype_BFLOAT16_layout_ROW_MAJOR.tensorbin of shape Shape([1, 1, 1, 128])
2026-08-15 20:56:09.009 | DEBUG    | core:as_tensor:724 - Loaded cache for /tmp/gemma4_full_model_cache/multichip/layer_16/packed_mlp_gate_up_decode_bfp4_tp4_dtype_BFLOAT4_B_layout_TILE.tensorbin of shape Shape([1, 1, 2816, 1088])
2026-08-15 20:56:09.517 | DEBUG    | core:as_tensor:724 - Loaded cache for /tmp/gemma4_full_model_cache/multichip/layer_17/layer_scalar_dtype_BFLOAT16_layout_TILE.tensorbin of shape Shape([1, 1, 1, 1])
2026-08-15 20:56:09.517 | DEBUG    | core:as_tensor:724 - Loaded cache for /tmp/gemma4_full_model_cache/multichip/layer_17/input_ln_dtype_BFLOAT16_layout_TILE.tensorbin of shape Shape([1, 1, 1, 2816])
2026-08-15 20:56:09.517 | DEBUG    | core:as_tensor:724 - Loaded cache for /tmp/gemma4_full_model_cache/multichip/layer_17/post_attn_ln_dtype_BFLOAT16_layout_TILE.tensorbin of shape Shape([1, 1, 1, 2816])
2026-08-15 20:56:09.517 | DEBUG    | core:as_tensor:724 - Loaded cache for /tmp/gemma4_full_model_cache/multichip/layer_17/pre_ff_ln_dtype_BFLOAT16_layout_TILE.tensorbin of shape Shape([1, 1, 1, 2816])
2026-08-15 20:56:09.518 | DEBUG    | core:as_tensor:724 - Loaded cache for /tmp/gemma4_full_model_cache/multichip/layer_17/post_ff_ln_dtype_BFLOAT16_layout_TILE.tensorbin of shape Shape([1, 1, 1, 2816])
2026-08-15 20:56:09.518 | DEBUG    | core:as_tensor:724 - Loaded cache for /tmp/gemma4_full_model_cache/multichip/layer_17/post_ff_ln_1_dtype_BFLOAT16_layout_TILE.tensorbin of shape Shape([1, 1, 1, 2816])
2026-08-15 20:56:09.518 | DEBUG    | core:as_tensor:724 - Loaded cache for /tmp/gemma4_full_model_cache/multichip/layer_17/post_ff_ln_2_dtype_BFLOAT16_layout_TILE.tensorbin of shape Shape([1, 1, 1, 2816])
2026-08-15 20:56:09.518 | DEBUG    | core:as_tensor:724 - Loaded cache for /tmp/gemma4_full_model_cache/multichip/layer_17/pre_ff_ln_2_dtype_BFLOAT16_layout_TILE.tensorbin of shape Shape([1, 1, 1, 2816])
2026-08-15 20:56:09.518 | DEBUG    | core:as_tensor:724 - Loaded cache for /tmp/gemma4_full_model_cache/multichip/layer_17/q_norm_dtype_BFLOAT16_layout_TILE.tensorbin of shape Shape([1, 1, 1, 512])
2026-08-15 20:56:09.518 | DEBUG    | core:as_tensor:724 - Loaded cache for /tmp/gemma4_full_model_cache/multichip/layer_17/k_norm_dtype_BFLOAT16_layout_TILE.tensorbin of shape Shape([1, 1, 1, 512])
2026-08-15 20:56:09.526 | DEBUG    | core:as_tensor:724 - Loaded cache for /tmp/gemma4_full_model_cache/multichip/layer_17/qkv_tp4_dtype_BFLOAT8_B_layout_TILE.tensorbin of shape Shape([1, 1, 2816, 3072])
2026-08-15 20:56:09.546 | DEBUG    | core:as_tensor:724 - Loaded cache for /tmp/gemma4_full_model_cache/multichip/layer_17/o_proj_tp4_dtype_BFLOAT8_B_layout_TILE.tensorbin of shape Shape([1, 1, 2048, 2816])
2026-08-15 20:56:09.547 | DEBUG    | core:as_tensor:724 - Loaded cache for /tmp/gemma4_full_model_cache/multichip/layer_17/mlp_gate_tp4_dtype_BFLOAT8_B_layout_TILE.tensorbin of shape Shape([1, 1, 2816, 544])
2026-08-15 20:56:09.548 | DEBUG    | core:as_tensor:724 - Loaded cache for /tmp/gemma4_full_model_cache/multichip/layer_17/mlp_up_tp4_dtype_BFLOAT8_B_layout_TILE.tensorbin of shape Shape([1, 1, 2816, 544])
2026-08-15 20:56:09.549 | DEBUG    | core:as_tensor:724 - Loaded cache for /tmp/gemma4_full_model_cache/multichip/layer_17/mlp_down_tp4_dtype_BFLOAT8_B_layout_TILE.tensorbin of shape Shape([1, 1, 544, 2816])
2026-08-15 20:56:09.549 | DEBUG    | core:as_tensor:724 - Loaded cache for /tmp/gemma4_full_model_cache/multichip/layer_17/router_scale_dtype_FLOAT32_layout_TILE.tensorbin of shape Shape([1, 1, 1, 2816])
2026-08-15 20:56:09.550 | DEBUG    | core:as_tensor:724 - Loaded cache for /tmp/gemma4_full_model_cache/multichip/layer_17/router_proj_dtype_FLOAT32_layout_TILE.tensorbin of shape Shape([1, 1, 2816, 128])
2026-08-15 20:56:09.550 | DEBUG    | core:as_tensor:724 - Loaded cache for /tmp/gemma4_full_model_cache/multichip/layer_17/router_per_expert_scale_dtype_FLOAT32_layout_TILE.tensorbin of shape Shape([1, 128])
2026-08-15 20:56:09.574 | DEBUG    | core:as_tensor:724 - Loaded cache for /tmp/gemma4_full_model_cache/multichip/layer_17/expert_gate_tp4_dtype_BFLOAT8_B_layout_TILE.tensorbin of shape Shape([1, 128, 2816, 192])
2026-08-15 20:56:09.598 | DEBUG    | core:as_tensor:724 - Loaded cache for /tmp/gemma4_full_model_cache/multichip/layer_17/expert_up_tp4_dtype_BFLOAT8_B_layout_TILE.tensorbin of shape Shape([1, 128, 2816, 192])
2026-08-15 20:56:09.622 | DEBUG    | core:as_tensor:724 - Loaded cache for /tmp/gemma4_full_model_cache/multichip/layer_17/expert_down_tp4_dtype_BFLOAT8_B_layout_TILE.tensorbin of shape Shape([1, 128, 192, 2816])
2026-08-15 20:56:09.623 | DEBUG    | core:as_tensor:724 - Loaded cache for /tmp/gemma4_full_model_cache/multichip/layer_17/expert_prefill_sparsity_dtype_BFLOAT16_layout_ROW_MAJOR.tensorbin of shape Shape([1, 1, 1, 128])
2026-08-15 20:56:09.627 | DEBUG    | core:as_tensor:724 - Loaded cache for /tmp/gemma4_full_model_cache/multichip/layer_17/packed_mlp_gate_up_decode_bfp4_tp4_dtype_BFLOAT4_B_layout_TILE.tensorbin of shape Shape([1, 1, 2816, 1088])
2026-08-15 20:56:10.081 | DEBUG    | core:as_tensor:724 - Loaded cache for /tmp/gemma4_full_model_cache/multichip/layer_18/layer_scalar_dtype_BFLOAT16_layout_TILE.tensorbin of shape Shape([1, 1, 1, 1])
2026-08-15 20:56:10.081 | DEBUG    | core:as_tensor:724 - Loaded cache for /tmp/gemma4_full_model_cache/multichip/layer_18/input_ln_dtype_BFLOAT16_layout_TILE.tensorbin of shape Shape([1, 1, 1, 2816])
2026-08-15 20:56:10.082 | DEBUG    | core:as_tensor:724 - Loaded cache for /tmp/gemma4_full_model_cache/multichip/layer_18/post_attn_ln_dtype_BFLOAT16_layout_TILE.tensorbin of shape Shape([1, 1, 1, 2816])
2026-08-15 20:56:10.082 | DEBUG    | core:as_tensor:724 - Loaded cache for /tmp/gemma4_full_model_cache/multichip/layer_18/pre_ff_ln_dtype_BFLOAT16_layout_TILE.tensorbin of shape Shape([1, 1, 1, 2816])
2026-08-15 20:56:10.082 | DEBUG    | core:as_tensor:724 - Loaded cache for /tmp/gemma4_full_model_cache/multichip/layer_18/post_ff_ln_dtype_BFLOAT16_layout_TILE.tensorbin of shape Shape([1, 1, 1, 2816])
2026-08-15 20:56:10.082 | DEBUG    | core:as_tensor:724 - Loaded cache for /tmp/gemma4_full_model_cache/multichip/layer_18/post_ff_ln_1_dtype_BFLOAT16_layout_TILE.tensorbin of shape Shape([1, 1, 1, 2816])
2026-08-15 20:56:10.082 | DEBUG    | core:as_tensor:724 - Loaded cache for /tmp/gemma4_full_model_cache/multichip/layer_18/post_ff_ln_2_dtype_BFLOAT16_layout_TILE.tensorbin of shape Shape([1, 1, 1, 2816])
2026-08-15 20:56:10.083 | DEBUG    | core:as_tensor:724 - Loaded cache for /tmp/gemma4_full_model_cache/multichip/layer_18/pre_ff_ln_2_dtype_BFLOAT16_layout_TILE.tensorbin of shape Shape([1, 1, 1, 2816])
2026-08-15 20:56:10.083 | DEBUG    | core:as_tensor:724 - Loaded cache for /tmp/gemma4_full_model_cache/multichip/layer_18/q_norm_dtype_BFLOAT16_layout_TILE.tensorbin of shape Shape([1, 1, 1, 256])
2026-08-15 20:56:10.083 | DEBUG    | core:as_tensor:724 - Loaded cache for /tmp/gemma4_full_model_cache/multichip/layer_18/k_norm_dtype_BFLOAT16_layout_TILE.tensorbin of shape Shape([1, 1, 1, 256])
2026-08-15 20:56:10.085 | DEBUG    | core:as_tensor:724 - Loaded cache for /tmp/gemma4_full_model_cache/multichip/layer_18/qkv_tp4_dtype_BFLOAT8_B_layout_TILE.tensorbin of shape Shape([1, 1, 2816, 2048])
2026-08-15 20:56:10.095 | DEBUG    | core:as_tensor:724 - Loaded cache for /tmp/gemma4_full_model_cache/multichip/layer_18/o_proj_tp4_dtype_BFLOAT8_B_layout_TILE.tensorbin of shape Shape([1, 1, 1024, 2816])
2026-08-15 20:56:10.096 | DEBUG    | core:as_tensor:724 - Loaded cache for /tmp/gemma4_full_model_cache/multichip/layer_18/mlp_gate_tp4_dtype_BFLOAT8_B_layout_TILE.tensorbin of shape Shape([1, 1, 2816, 544])
2026-08-15 20:56:10.096 | DEBUG    | core:as_tensor:724 - Loaded cache for /tmp/gemma4_full_model_cache/multichip/layer_18/mlp_up_tp4_dtype_BFLOAT8_B_layout_TILE.tensorbin of shape Shape([1, 1, 2816, 544])
2026-08-15 20:56:10.097 | DEBUG    | core:as_tensor:724 - Loaded cache for /tmp/gemma4_full_model_cache/multichip/layer_18/mlp_down_tp4_dtype_BFLOAT8_B_layout_TILE.tensorbin of shape Shape([1, 1, 544, 2816])
2026-08-15 20:56:10.097 | DEBUG    | core:as_tensor:724 - Loaded cache for /tmp/gemma4_full_model_cache/multichip/layer_18/router_scale_dtype_FLOAT32_layout_TILE.tensorbin of shape Shape([1, 1, 1, 2816])
2026-08-15 20:56:10.098 | DEBUG    | core:as_tensor:724 - Loaded cache for /tmp/gemma4_full_model_cache/multichip/layer_18/router_proj_dtype_FLOAT32_layout_TILE.tensorbin of shape Shape([1, 1, 2816, 128])
2026-08-15 20:56:10.098 | DEBUG    | core:as_tensor:724 - Loaded cache for /tmp/gemma4_full_model_cache/multichip/layer_18/router_per_expert_scale_dtype_FLOAT32_layout_TILE.tensorbin of shape Shape([1, 128])
2026-08-15 20:56:10.123 | DEBUG    | core:as_tensor:724 - Loaded cache for /tmp/gemma4_full_model_cache/multichip/layer_18/expert_gate_tp4_dtype_BFLOAT8_B_layout_TILE.tensorbin of shape Shape([1, 128, 2816, 192])
2026-08-15 20:56:10.147 | DEBUG    | core:as_tensor:724 - Loaded cache for /tmp/gemma4_full_model_cache/multichip/layer_18/expert_up_tp4_dtype_BFLOAT8_B_layout_TILE.tensorbin of shape Shape([1, 128, 2816, 192])
2026-08-15 20:56:10.171 | DEBUG    | core:as_tensor:724 - Loaded cache for /tmp/gemma4_full_model_cache/multichip/layer_18/expert_down_tp4_dtype_BFLOAT8_B_layout_TILE.tensorbin of shape Shape([1, 128, 192, 2816])
2026-08-15 20:56:10.172 | DEBUG    | core:as_tensor:724 - Loaded cache for /tmp/gemma4_full_model_cache/multichip/layer_18/expert_prefill_sparsity_dtype_BFLOAT16_layout_ROW_MAJOR.tensorbin of shape Shape([1, 1, 1, 128])
2026-08-15 20:56:10.176 | DEBUG    | core:as_tensor:724 - Loaded cache for /tmp/gemma4_full_model_cache/multichip/layer_18/packed_mlp_gate_up_decode_bfp4_tp4_dtype_BFLOAT4_B_layout_TILE.tensorbin of shape Shape([1, 1, 2816, 1088])
2026-08-15 20:56:10.642 | DEBUG    | core:as_tensor:724 - Loaded cache for /tmp/gemma4_full_model_cache/multichip/layer_19/layer_scalar_dtype_BFLOAT16_layout_TILE.tensorbin of shape Shape([1, 1, 1, 1])
2026-08-15 20:56:10.642 | DEBUG    | core:as_tensor:724 - Loaded cache for /tmp/gemma4_full_model_cache/multichip/layer_19/input_ln_dtype_BFLOAT16_layout_TILE.tensorbin of shape Shape([1, 1, 1, 2816])
2026-08-15 20:56:10.643 | DEBUG    | core:as_tensor:724 - Loaded cache for /tmp/gemma4_full_model_cache/multichip/layer_19/post_attn_ln_dtype_BFLOAT16_layout_TILE.tensorbin of shape Shape([1, 1, 1, 2816])
2026-08-15 20:56:10.643 | DEBUG    | core:as_tensor:724 - Loaded cache for /tmp/gemma4_full_model_cache/multichip/layer_19/pre_ff_ln_dtype_BFLOAT16_layout_TILE.tensorbin of shape Shape([1, 1, 1, 2816])
2026-08-15 20:56:10.643 | DEBUG    | core:as_tensor:724 - Loaded cache for /tmp/gemma4_full_model_cache/multichip/layer_19/post_ff_ln_dtype_BFLOAT16_layout_TILE.tensorbin of shape Shape([1, 1, 1, 2816])
2026-08-15 20:56:10.643 | DEBUG    | core:as_tensor:724 - Loaded cache for /tmp/gemma4_full_model_cache/multichip/layer_19/post_ff_ln_1_dtype_BFLOAT16_layout_TILE.tensorbin of shape Shape([1, 1, 1, 2816])
2026-08-15 20:56:10.643 | DEBUG    | core:as_tensor:724 - Loaded cache for /tmp/gemma4_full_model_cache/multichip/layer_19/post_ff_ln_2_dtype_BFLOAT16_layout_TILE.tensorbin of shape Shape([1, 1, 1, 2816])
2026-08-15 20:56:10.643 | DEBUG    | core:as_tensor:724 - Loaded cache for /tmp/gemma4_full_model_cache/multichip/layer_19/pre_ff_ln_2_dtype_BFLOAT16_layout_TILE.tensorbin of shape Shape([1, 1, 1, 2816])
2026-08-15 20:56:10.644 | DEBUG    | core:as_tensor:724 - Loaded cache for /tmp/gemma4_full_model_cache/multichip/layer_19/q_norm_dtype_BFLOAT16_layout_TILE.tensorbin of shape Shape([1, 1, 1, 256])
2026-08-15 20:56:10.644 | DEBUG    | core:as_tensor:724 - Loaded cache for /tmp/gemma4_full_model_cache/multichip/layer_19/k_norm_dtype_BFLOAT16_layout_TILE.tensorbin of shape Shape([1, 1, 1, 256])
2026-08-15 20:56:10.646 | DEBUG    | core:as_tensor:724 - Loaded cache for /tmp/gemma4_full_model_cache/multichip/layer_19/qkv_tp4_dtype_BFLOAT8_B_layout_TILE.tensorbin of shape Shape([1, 1, 2816, 2048])
2026-08-15 20:56:10.654 | DEBUG    | core:as_tensor:724 - Loaded cache for /tmp/gemma4_full_model_cache/multichip/layer_19/o_proj_tp4_dtype_BFLOAT8_B_layout_TILE.tensorbin of shape Shape([1, 1, 1024, 2816])
2026-08-15 20:56:10.655 | DEBUG    | core:as_tensor:724 - Loaded cache for /tmp/gemma4_full_model_cache/multichip/layer_19/mlp_gate_tp4_dtype_BFLOAT8_B_layout_TILE.tensorbin of shape Shape([1, 1, 2816, 544])
2026-08-15 20:56:10.656 | DEBUG    | core:as_tensor:724 - Loaded cache for /tmp/gemma4_full_model_cache/multichip/layer_19/mlp_up_tp4_dtype_BFLOAT8_B_layout_TILE.tensorbin of shape Shape([1, 1, 2816, 544])
2026-08-15 20:56:10.657 | DEBUG    | core:as_tensor:724 - Loaded cache for /tmp/gemma4_full_model_cache/multichip/layer_19/mlp_down_tp4_dtype_BFLOAT8_B_layout_TILE.tensorbin of shape Shape([1, 1, 544, 2816])
2026-08-15 20:56:10.657 | DEBUG    | core:as_tensor:724 - Loaded cache for /tmp/gemma4_full_model_cache/multichip/layer_19/router_scale_dtype_FLOAT32_layout_TILE.tensorbin of shape Shape([1, 1, 1, 2816])
2026-08-15 20:56:10.658 | DEBUG    | core:as_tensor:724 - Loaded cache for /tmp/gemma4_full_model_cache/multichip/layer_19/router_proj_dtype_FLOAT32_layout_TILE.tensorbin of shape Shape([1, 1, 2816, 128])
2026-08-15 20:56:10.658 | DEBUG    | core:as_tensor:724 - Loaded cache for /tmp/gemma4_full_model_cache/multichip/layer_19/router_per_expert_scale_dtype_FLOAT32_layout_TILE.tensorbin of shape Shape([1, 128])
2026-08-15 20:56:10.682 | DEBUG    | core:as_tensor:724 - Loaded cache for /tmp/gemma4_full_model_cache/multichip/layer_19/expert_gate_tp4_dtype_BFLOAT8_B_layout_TILE.tensorbin of shape Shape([1, 128, 2816, 192])
2026-08-15 20:56:10.706 | DEBUG    | core:as_tensor:724 - Loaded cache for /tmp/gemma4_full_model_cache/multichip/layer_19/expert_up_tp4_dtype_BFLOAT8_B_layout_TILE.tensorbin of shape Shape([1, 128, 2816, 192])
2026-08-15 20:56:10.730 | DEBUG    | core:as_tensor:724 - Loaded cache for /tmp/gemma4_full_model_cache/multichip/layer_19/expert_down_tp4_dtype_BFLOAT8_B_layout_TILE.tensorbin of shape Shape([1, 128, 192, 2816])
2026-08-15 20:56:10.730 | DEBUG    | core:as_tensor:724 - Loaded cache for /tmp/gemma4_full_model_cache/multichip/layer_19/expert_prefill_sparsity_dtype_BFLOAT16_layout_ROW_MAJOR.tensorbin of shape Shape([1, 1, 1, 128])
2026-08-15 20:56:10.735 | DEBUG    | core:as_tensor:724 - Loaded cache for /tmp/gemma4_full_model_cache/multichip/layer_19/packed_mlp_gate_up_decode_bfp4_tp4_dtype_BFLOAT4_B_layout_TILE.tensorbin of shape Shape([1, 1, 2816, 1088])
2026-08-15 20:56:11.195 | DEBUG    | core:as_tensor:724 - Loaded cache for /tmp/gemma4_full_model_cache/multichip/layer_20/layer_scalar_dtype_BFLOAT16_layout_TILE.tensorbin of shape Shape([1, 1, 1, 1])
2026-08-15 20:56:11.195 | DEBUG    | core:as_tensor:724 - Loaded cache for /tmp/gemma4_full_model_cache/multichip/layer_20/input_ln_dtype_BFLOAT16_layout_TILE.tensorbin of shape Shape([1, 1, 1, 2816])
2026-08-15 20:56:11.195 | DEBUG    | core:as_tensor:724 - Loaded cache for /tmp/gemma4_full_model_cache/multichip/layer_20/post_attn_ln_dtype_BFLOAT16_layout_TILE.tensorbin of shape Shape([1, 1, 1, 2816])
2026-08-15 20:56:11.195 | DEBUG    | core:as_tensor:724 - Loaded cache for /tmp/gemma4_full_model_cache/multichip/layer_20/pre_ff_ln_dtype_BFLOAT16_layout_TILE.tensorbin of shape Shape([1, 1, 1, 2816])
2026-08-15 20:56:11.196 | DEBUG    | core:as_tensor:724 - Loaded cache for /tmp/gemma4_full_model_cache/multichip/layer_20/post_ff_ln_dtype_BFLOAT16_layout_TILE.tensorbin of shape Shape([1, 1, 1, 2816])
2026-08-15 20:56:11.196 | DEBUG    | core:as_tensor:724 - Loaded cache for /tmp/gemma4_full_model_cache/multichip/layer_20/post_ff_ln_1_dtype_BFLOAT16_layout_TILE.tensorbin of shape Shape([1, 1, 1, 2816])
2026-08-15 20:56:11.196 | DEBUG    | core:as_tensor:724 - Loaded cache for /tmp/gemma4_full_model_cache/multichip/layer_20/post_ff_ln_2_dtype_BFLOAT16_layout_TILE.tensorbin of shape Shape([1, 1, 1, 2816])
2026-08-15 20:56:11.196 | DEBUG    | core:as_tensor:724 - Loaded cache for /tmp/gemma4_full_model_cache/multichip/layer_20/pre_ff_ln_2_dtype_BFLOAT16_layout_TILE.tensorbin of shape Shape([1, 1, 1, 2816])
2026-08-15 20:56:11.196 | DEBUG    | core:as_tensor:724 - Loaded cache for /tmp/gemma4_full_model_cache/multichip/layer_20/q_norm_dtype_BFLOAT16_layout_TILE.tensorbin of shape Shape([1, 1, 1, 256])
2026-08-15 20:56:11.196 | DEBUG    | core:as_tensor:724 - Loaded cache for /tmp/gemma4_full_model_cache/multichip/layer_20/k_norm_dtype_BFLOAT16_layout_TILE.tensorbin of shape Shape([1, 1, 1, 256])
2026-08-15 20:56:11.198 | DEBUG    | core:as_tensor:724 - Loaded cache for /tmp/gemma4_full_model_cache/multichip/layer_20/qkv_tp4_dtype_BFLOAT8_B_layout_TILE.tensorbin of shape Shape([1, 1, 2816, 2048])
2026-08-15 20:56:11.207 | DEBUG    | core:as_tensor:724 - Loaded cache for /tmp/gemma4_full_model_cache/multichip/layer_20/o_proj_tp4_dtype_BFLOAT8_B_layout_TILE.tensorbin of shape Shape([1, 1, 1024, 2816])
2026-08-15 20:56:11.208 | DEBUG    | core:as_tensor:724 - Loaded cache for /tmp/gemma4_full_model_cache/multichip/layer_20/mlp_gate_tp4_dtype_BFLOAT8_B_layout_TILE.tensorbin of shape Shape([1, 1, 2816, 544])
2026-08-15 20:56:11.209 | DEBUG    | core:as_tensor:724 - Loaded cache for /tmp/gemma4_full_model_cache/multichip/layer_20/mlp_up_tp4_dtype_BFLOAT8_B_layout_TILE.tensorbin of shape Shape([1, 1, 2816, 544])
2026-08-15 20:56:11.209 | DEBUG    | core:as_tensor:724 - Loaded cache for /tmp/gemma4_full_model_cache/multichip/layer_20/mlp_down_tp4_dtype_BFLOAT8_B_layout_TILE.tensorbin of shape Shape([1, 1, 544, 2816])
2026-08-15 20:56:11.210 | DEBUG    | core:as_tensor:724 - Loaded cache for /tmp/gemma4_full_model_cache/multichip/layer_20/router_scale_dtype_FLOAT32_layout_TILE.tensorbin of shape Shape([1, 1, 1, 2816])
2026-08-15 20:56:11.210 | DEBUG    | core:as_tensor:724 - Loaded cache for /tmp/gemma4_full_model_cache/multichip/layer_20/router_proj_dtype_FLOAT32_layout_TILE.tensorbin of shape Shape([1, 1, 2816, 128])
2026-08-15 20:56:11.210 | DEBUG    | core:as_tensor:724 - Loaded cache for /tmp/gemma4_full_model_cache/multichip/layer_20/router_per_expert_scale_dtype_FLOAT32_layout_TILE.tensorbin of shape Shape([1, 128])
2026-08-15 20:56:11.235 | DEBUG    | core:as_tensor:724 - Loaded cache for /tmp/gemma4_full_model_cache/multichip/layer_20/expert_gate_tp4_dtype_BFLOAT8_B_layout_TILE.tensorbin of shape Shape([1, 128, 2816, 192])
2026-08-15 20:56:11.259 | DEBUG    | core:as_tensor:724 - Loaded cache for /tmp/gemma4_full_model_cache/multichip/layer_20/expert_up_tp4_dtype_BFLOAT8_B_layout_TILE.tensorbin of shape Shape([1, 128, 2816, 192])
2026-08-15 20:56:11.283 | DEBUG    | core:as_tensor:724 - Loaded cache for /tmp/gemma4_full_model_cache/multichip/layer_20/expert_down_tp4_dtype_BFLOAT8_B_layout_TILE.tensorbin of shape Shape([1, 128, 192, 2816])
2026-08-15 20:56:11.283 | DEBUG    | core:as_tensor:724 - Loaded cache for /tmp/gemma4_full_model_cache/multichip/layer_20/expert_prefill_sparsity_dtype_BFLOAT16_layout_ROW_MAJOR.tensorbin of shape Shape([1, 1, 1, 128])
2026-08-15 20:56:11.288 | DEBUG    | core:as_tensor:724 - Loaded cache for /tmp/gemma4_full_model_cache/multichip/layer_20/packed_mlp_gate_up_decode_bfp4_tp4_dtype_BFLOAT4_B_layout_TILE.tensorbin of shape Shape([1, 1, 2816, 1088])
2026-08-15 20:56:11.748 | DEBUG    | core:as_tensor:724 - Loaded cache for /tmp/gemma4_full_model_cache/multichip/layer_21/layer_scalar_dtype_BFLOAT16_layout_TILE.tensorbin of shape Shape([1, 1, 1, 1])
2026-08-15 20:56:11.748 | DEBUG    | core:as_tensor:724 - Loaded cache for /tmp/gemma4_full_model_cache/multichip/layer_21/input_ln_dtype_BFLOAT16_layout_TILE.tensorbin of shape Shape([1, 1, 1, 2816])
2026-08-15 20:56:11.748 | DEBUG    | core:as_tensor:724 - Loaded cache for /tmp/gemma4_full_model_cache/multichip/layer_21/post_attn_ln_dtype_BFLOAT16_layout_TILE.tensorbin of shape Shape([1, 1, 1, 2816])
2026-08-15 20:56:11.749 | DEBUG    | core:as_tensor:724 - Loaded cache for /tmp/gemma4_full_model_cache/multichip/layer_21/pre_ff_ln_dtype_BFLOAT16_layout_TILE.tensorbin of shape Shape([1, 1, 1, 2816])
2026-08-15 20:56:11.749 | DEBUG    | core:as_tensor:724 - Loaded cache for /tmp/gemma4_full_model_cache/multichip/layer_21/post_ff_ln_dtype_BFLOAT16_layout_TILE.tensorbin of shape Shape([1, 1, 1, 2816])
2026-08-15 20:56:11.749 | DEBUG    | core:as_tensor:724 - Loaded cache for /tmp/gemma4_full_model_cache/multichip/layer_21/post_ff_ln_1_dtype_BFLOAT16_layout_TILE.tensorbin of shape Shape([1, 1, 1, 2816])
2026-08-15 20:56:11.749 | DEBUG    | core:as_tensor:724 - Loaded cache for /tmp/gemma4_full_model_cache/multichip/layer_21/post_ff_ln_2_dtype_BFLOAT16_layout_TILE.tensorbin of shape Shape([1, 1, 1, 2816])
2026-08-15 20:56:11.749 | DEBUG    | core:as_tensor:724 - Loaded cache for /tmp/gemma4_full_model_cache/multichip/layer_21/pre_ff_ln_2_dtype_BFLOAT16_layout_TILE.tensorbin of shape Shape([1, 1, 1, 2816])
2026-08-15 20:56:11.749 | DEBUG    | core:as_tensor:724 - Loaded cache for /tmp/gemma4_full_model_cache/multichip/layer_21/q_norm_dtype_BFLOAT16_layout_TILE.tensorbin of shape Shape([1, 1, 1, 256])
2026-08-15 20:56:11.749 | DEBUG    | core:as_tensor:724 - Loaded cache for /tmp/gemma4_full_model_cache/multichip/layer_21/k_norm_dtype_BFLOAT16_layout_TILE.tensorbin of shape Shape([1, 1, 1, 256])
2026-08-15 20:56:11.751 | DEBUG    | core:as_tensor:724 - Loaded cache for /tmp/gemma4_full_model_cache/multichip/layer_21/qkv_tp4_dtype_BFLOAT8_B_layout_TILE.tensorbin of shape Shape([1, 1, 2816, 2048])
2026-08-15 20:56:11.760 | DEBUG    | core:as_tensor:724 - Loaded cache for /tmp/gemma4_full_model_cache/multichip/layer_21/o_proj_tp4_dtype_BFLOAT8_B_layout_TILE.tensorbin of shape Shape([1, 1, 1024, 2816])
2026-08-15 20:56:11.761 | DEBUG    | core:as_tensor:724 - Loaded cache for /tmp/gemma4_full_model_cache/multichip/layer_21/mlp_gate_tp4_dtype_BFLOAT8_B_layout_TILE.tensorbin of shape Shape([1, 1, 2816, 544])
2026-08-15 20:56:11.762 | DEBUG    | core:as_tensor:724 - Loaded cache for /tmp/gemma4_full_model_cache/multichip/layer_21/mlp_up_tp4_dtype_BFLOAT8_B_layout_TILE.tensorbin of shape Shape([1, 1, 2816, 544])
2026-08-15 20:56:11.763 | DEBUG    | core:as_tensor:724 - Loaded cache for /tmp/gemma4_full_model_cache/multichip/layer_21/mlp_down_tp4_dtype_BFLOAT8_B_layout_TILE.tensorbin of shape Shape([1, 1, 544, 2816])
2026-08-15 20:56:11.763 | DEBUG    | core:as_tensor:724 - Loaded cache for /tmp/gemma4_full_model_cache/multichip/layer_21/router_scale_dtype_FLOAT32_layout_TILE.tensorbin of shape Shape([1, 1, 1, 2816])
2026-08-15 20:56:11.764 | DEBUG    | core:as_tensor:724 - Loaded cache for /tmp/gemma4_full_model_cache/multichip/layer_21/router_proj_dtype_FLOAT32_layout_TILE.tensorbin of shape Shape([1, 1, 2816, 128])
2026-08-15 20:56:11.764 | DEBUG    | core:as_tensor:724 - Loaded cache for /tmp/gemma4_full_model_cache/multichip/layer_21/router_per_expert_scale_dtype_FLOAT32_layout_TILE.tensorbin of shape Shape([1, 128])
2026-08-15 20:56:11.788 | DEBUG    | core:as_tensor:724 - Loaded cache for /tmp/gemma4_full_model_cache/multichip/layer_21/expert_gate_tp4_dtype_BFLOAT8_B_layout_TILE.tensorbin of shape Shape([1, 128, 2816, 192])
2026-08-15 20:56:11.812 | DEBUG    | core:as_tensor:724 - Loaded cache for /tmp/gemma4_full_model_cache/multichip/layer_21/expert_up_tp4_dtype_BFLOAT8_B_layout_TILE.tensorbin of shape Shape([1, 128, 2816, 192])
2026-08-15 20:56:11.836 | DEBUG    | core:as_tensor:724 - Loaded cache for /tmp/gemma4_full_model_cache/multichip/layer_21/expert_down_tp4_dtype_BFLOAT8_B_layout_TILE.tensorbin of shape Shape([1, 128, 192, 2816])
2026-08-15 20:56:11.837 | DEBUG    | core:as_tensor:724 - Loaded cache for /tmp/gemma4_full_model_cache/multichip/layer_21/expert_prefill_sparsity_dtype_BFLOAT16_layout_ROW_MAJOR.tensorbin of shape Shape([1, 1, 1, 128])
2026-08-15 20:56:11.842 | DEBUG    | core:as_tensor:724 - Loaded cache for /tmp/gemma4_full_model_cache/multichip/layer_21/packed_mlp_gate_up_decode_bfp4_tp4_dtype_BFLOAT4_B_layout_TILE.tensorbin of shape Shape([1, 1, 2816, 1088])
2026-08-15 20:56:12.301 | DEBUG    | core:as_tensor:724 - Loaded cache for /tmp/gemma4_full_model_cache/multichip/layer_22/layer_scalar_dtype_BFLOAT16_layout_TILE.tensorbin of shape Shape([1, 1, 1, 1])
2026-08-15 20:56:12.301 | DEBUG    | core:as_tensor:724 - Loaded cache for /tmp/gemma4_full_model_cache/multichip/layer_22/input_ln_dtype_BFLOAT16_layout_TILE.tensorbin of shape Shape([1, 1, 1, 2816])
2026-08-15 20:56:12.302 | DEBUG    | core:as_tensor:724 - Loaded cache for /tmp/gemma4_full_model_cache/multichip/layer_22/post_attn_ln_dtype_BFLOAT16_layout_TILE.tensorbin of shape Shape([1, 1, 1, 2816])
2026-08-15 20:56:12.302 | DEBUG    | core:as_tensor:724 - Loaded cache for /tmp/gemma4_full_model_cache/multichip/layer_22/pre_ff_ln_dtype_BFLOAT16_layout_TILE.tensorbin of shape Shape([1, 1, 1, 2816])
2026-08-15 20:56:12.302 | DEBUG    | core:as_tensor:724 - Loaded cache for /tmp/gemma4_full_model_cache/multichip/layer_22/post_ff_ln_dtype_BFLOAT16_layout_TILE.tensorbin of shape Shape([1, 1, 1, 2816])
2026-08-15 20:56:12.302 | DEBUG    | core:as_tensor:724 - Loaded cache for /tmp/gemma4_full_model_cache/multichip/layer_22/post_ff_ln_1_dtype_BFLOAT16_layout_TILE.tensorbin of shape Shape([1, 1, 1, 2816])
2026-08-15 20:56:12.302 | DEBUG    | core:as_tensor:724 - Loaded cache for /tmp/gemma4_full_model_cache/multichip/layer_22/post_ff_ln_2_dtype_BFLOAT16_layout_TILE.tensorbin of shape Shape([1, 1, 1, 2816])
2026-08-15 20:56:12.302 | DEBUG    | core:as_tensor:724 - Loaded cache for /tmp/gemma4_full_model_cache/multichip/layer_22/pre_ff_ln_2_dtype_BFLOAT16_layout_TILE.tensorbin of shape Shape([1, 1, 1, 2816])
2026-08-15 20:56:12.302 | DEBUG    | core:as_tensor:724 - Loaded cache for /tmp/gemma4_full_model_cache/multichip/layer_22/q_norm_dtype_BFLOAT16_layout_TILE.tensorbin of shape Shape([1, 1, 1, 256])
2026-08-15 20:56:12.302 | DEBUG    | core:as_tensor:724 - Loaded cache for /tmp/gemma4_full_model_cache/multichip/layer_22/k_norm_dtype_BFLOAT16_layout_TILE.tensorbin of shape Shape([1, 1, 1, 256])
2026-08-15 20:56:12.304 | DEBUG    | core:as_tensor:724 - Loaded cache for /tmp/gemma4_full_model_cache/multichip/layer_22/qkv_tp4_dtype_BFLOAT8_B_layout_TILE.tensorbin of shape Shape([1, 1, 2816, 2048])
2026-08-15 20:56:12.313 | DEBUG    | core:as_tensor:724 - Loaded cache for /tmp/gemma4_full_model_cache/multichip/layer_22/o_proj_tp4_dtype_BFLOAT8_B_layout_TILE.tensorbin of shape Shape([1, 1, 1024, 2816])
2026-08-15 20:56:12.314 | DEBUG    | core:as_tensor:724 - Loaded cache for /tmp/gemma4_full_model_cache/multichip/layer_22/mlp_gate_tp4_dtype_BFLOAT8_B_layout_TILE.tensorbin of shape Shape([1, 1, 2816, 544])
2026-08-15 20:56:12.315 | DEBUG    | core:as_tensor:724 - Loaded cache for /tmp/gemma4_full_model_cache/multichip/layer_22/mlp_up_tp4_dtype_BFLOAT8_B_layout_TILE.tensorbin of shape Shape([1, 1, 2816, 544])
2026-08-15 20:56:12.315 | DEBUG    | core:as_tensor:724 - Loaded cache for /tmp/gemma4_full_model_cache/multichip/layer_22/mlp_down_tp4_dtype_BFLOAT8_B_layout_TILE.tensorbin of shape Shape([1, 1, 544, 2816])
2026-08-15 20:56:12.316 | DEBUG    | core:as_tensor:724 - Loaded cache for /tmp/gemma4_full_model_cache/multichip/layer_22/router_scale_dtype_FLOAT32_layout_TILE.tensorbin of shape Shape([1, 1, 1, 2816])
2026-08-15 20:56:12.316 | DEBUG    | core:as_tensor:724 - Loaded cache for /tmp/gemma4_full_model_cache/multichip/layer_22/router_proj_dtype_FLOAT32_layout_TILE.tensorbin of shape Shape([1, 1, 2816, 128])
2026-08-15 20:56:12.317 | DEBUG    | core:as_tensor:724 - Loaded cache for /tmp/gemma4_full_model_cache/multichip/layer_22/router_per_expert_scale_dtype_FLOAT32_layout_TILE.tensorbin of shape Shape([1, 128])
2026-08-15 20:56:12.340 | DEBUG    | core:as_tensor:724 - Loaded cache for /tmp/gemma4_full_model_cache/multichip/layer_22/expert_gate_tp4_dtype_BFLOAT8_B_layout_TILE.tensorbin of shape Shape([1, 128, 2816, 192])
2026-08-15 20:56:12.365 | DEBUG    | core:as_tensor:724 - Loaded cache for /tmp/gemma4_full_model_cache/multichip/layer_22/expert_up_tp4_dtype_BFLOAT8_B_layout_TILE.tensorbin of shape Shape([1, 128, 2816, 192])
2026-08-15 20:56:12.389 | DEBUG    | core:as_tensor:724 - Loaded cache for /tmp/gemma4_full_model_cache/multichip/layer_22/expert_down_tp4_dtype_BFLOAT8_B_layout_TILE.tensorbin of shape Shape([1, 128, 192, 2816])
2026-08-15 20:56:12.390 | DEBUG    | core:as_tensor:724 - Loaded cache for /tmp/gemma4_full_model_cache/multichip/layer_22/expert_prefill_sparsity_dtype_BFLOAT16_layout_ROW_MAJOR.tensorbin of shape Shape([1, 1, 1, 128])
2026-08-15 20:56:12.394 | DEBUG    | core:as_tensor:724 - Loaded cache for /tmp/gemma4_full_model_cache/multichip/layer_22/packed_mlp_gate_up_decode_bfp4_tp4_dtype_BFLOAT4_B_layout_TILE.tensorbin of shape Shape([1, 1, 2816, 1088])
2026-08-15 20:56:12.856 | DEBUG    | core:as_tensor:724 - Loaded cache for /tmp/gemma4_full_model_cache/multichip/layer_23/layer_scalar_dtype_BFLOAT16_layout_TILE.tensorbin of shape Shape([1, 1, 1, 1])
2026-08-15 20:56:12.856 | DEBUG    | core:as_tensor:724 - Loaded cache for /tmp/gemma4_full_model_cache/multichip/layer_23/input_ln_dtype_BFLOAT16_layout_TILE.tensorbin of shape Shape([1, 1, 1, 2816])
2026-08-15 20:56:12.856 | DEBUG    | core:as_tensor:724 - Loaded cache for /tmp/gemma4_full_model_cache/multichip/layer_23/post_attn_ln_dtype_BFLOAT16_layout_TILE.tensorbin of shape Shape([1, 1, 1, 2816])
2026-08-15 20:56:12.856 | DEBUG    | core:as_tensor:724 - Loaded cache for /tmp/gemma4_full_model_cache/multichip/layer_23/pre_ff_ln_dtype_BFLOAT16_layout_TILE.tensorbin of shape Shape([1, 1, 1, 2816])
2026-08-15 20:56:12.857 | DEBUG    | core:as_tensor:724 - Loaded cache for /tmp/gemma4_full_model_cache/multichip/layer_23/post_ff_ln_dtype_BFLOAT16_layout_TILE.tensorbin of shape Shape([1, 1, 1, 2816])
2026-08-15 20:56:12.857 | DEBUG    | core:as_tensor:724 - Loaded cache for /tmp/gemma4_full_model_cache/multichip/layer_23/post_ff_ln_1_dtype_BFLOAT16_layout_TILE.tensorbin of shape Shape([1, 1, 1, 2816])
2026-08-15 20:56:12.857 | DEBUG    | core:as_tensor:724 - Loaded cache for /tmp/gemma4_full_model_cache/multichip/layer_23/post_ff_ln_2_dtype_BFLOAT16_layout_TILE.tensorbin of shape Shape([1, 1, 1, 2816])
2026-08-15 20:56:12.857 | DEBUG    | core:as_tensor:724 - Loaded cache for /tmp/gemma4_full_model_cache/multichip/layer_23/pre_ff_ln_2_dtype_BFLOAT16_layout_TILE.tensorbin of shape Shape([1, 1, 1, 2816])
2026-08-15 20:56:12.857 | DEBUG    | core:as_tensor:724 - Loaded cache for /tmp/gemma4_full_model_cache/multichip/layer_23/q_norm_dtype_BFLOAT16_layout_TILE.tensorbin of shape Shape([1, 1, 1, 512])
2026-08-15 20:56:12.857 | DEBUG    | core:as_tensor:724 - Loaded cache for /tmp/gemma4_full_model_cache/multichip/layer_23/k_norm_dtype_BFLOAT16_layout_TILE.tensorbin of shape Shape([1, 1, 1, 512])
2026-08-15 20:56:12.864 | DEBUG    | core:as_tensor:724 - Loaded cache for /tmp/gemma4_full_model_cache/multichip/layer_23/qkv_tp4_dtype_BFLOAT8_B_layout_TILE.tensorbin of shape Shape([1, 1, 2816, 3072])
2026-08-15 20:56:12.882 | DEBUG    | core:as_tensor:724 - Loaded cache for /tmp/gemma4_full_model_cache/multichip/layer_23/o_proj_tp4_dtype_BFLOAT8_B_layout_TILE.tensorbin of shape Shape([1, 1, 2048, 2816])
2026-08-15 20:56:12.884 | DEBUG    | core:as_tensor:724 - Loaded cache for /tmp/gemma4_full_model_cache/multichip/layer_23/mlp_gate_tp4_dtype_BFLOAT8_B_layout_TILE.tensorbin of shape Shape([1, 1, 2816, 544])
2026-08-15 20:56:12.884 | DEBUG    | core:as_tensor:724 - Loaded cache for /tmp/gemma4_full_model_cache/multichip/layer_23/mlp_up_tp4_dtype_BFLOAT8_B_layout_TILE.tensorbin of shape Shape([1, 1, 2816, 544])
2026-08-15 20:56:12.885 | DEBUG    | core:as_tensor:724 - Loaded cache for /tmp/gemma4_full_model_cache/multichip/layer_23/mlp_down_tp4_dtype_BFLOAT8_B_layout_TILE.tensorbin of shape Shape([1, 1, 544, 2816])
2026-08-15 20:56:12.885 | DEBUG    | core:as_tensor:724 - Loaded cache for /tmp/gemma4_full_model_cache/multichip/layer_23/router_scale_dtype_FLOAT32_layout_TILE.tensorbin of shape Shape([1, 1, 1, 2816])
2026-08-15 20:56:12.886 | DEBUG    | core:as_tensor:724 - Loaded cache for /tmp/gemma4_full_model_cache/multichip/layer_23/router_proj_dtype_FLOAT32_layout_TILE.tensorbin of shape Shape([1, 1, 2816, 128])
2026-08-15 20:56:12.886 | DEBUG    | core:as_tensor:724 - Loaded cache for /tmp/gemma4_full_model_cache/multichip/layer_23/router_per_expert_scale_dtype_FLOAT32_layout_TILE.tensorbin of shape Shape([1, 128])
2026-08-15 20:56:12.914 | DEBUG    | core:as_tensor:724 - Loaded cache for /tmp/gemma4_full_model_cache/multichip/layer_23/expert_gate_tp4_dtype_BFLOAT8_B_layout_TILE.tensorbin of shape Shape([1, 128, 2816, 192])
2026-08-15 20:56:12.942 | DEBUG    | core:as_tensor:724 - Loaded cache for /tmp/gemma4_full_model_cache/multichip/layer_23/expert_up_tp4_dtype_BFLOAT8_B_layout_TILE.tensorbin of shape Shape([1, 128, 2816, 192])
2026-08-15 20:56:12.966 | DEBUG    | core:as_tensor:724 - Loaded cache for /tmp/gemma4_full_model_cache/multichip/layer_23/expert_down_tp4_dtype_BFLOAT8_B_layout_TILE.tensorbin of shape Shape([1, 128, 192, 2816])
2026-08-15 20:56:12.967 | DEBUG    | core:as_tensor:724 - Loaded cache for /tmp/gemma4_full_model_cache/multichip/layer_23/expert_prefill_sparsity_dtype_BFLOAT16_layout_ROW_MAJOR.tensorbin of shape Shape([1, 1, 1, 128])
2026-08-15 20:56:12.972 | DEBUG    | core:as_tensor:724 - Loaded cache for /tmp/gemma4_full_model_cache/multichip/layer_23/packed_mlp_gate_up_decode_bfp4_tp4_dtype_BFLOAT4_B_layout_TILE.tensorbin of shape Shape([1, 1, 2816, 1088])
2026-08-15 20:56:13.430 | DEBUG    | core:as_tensor:724 - Loaded cache for /tmp/gemma4_full_model_cache/multichip/layer_24/layer_scalar_dtype_BFLOAT16_layout_TILE.tensorbin of shape Shape([1, 1, 1, 1])
2026-08-15 20:56:13.430 | DEBUG    | core:as_tensor:724 - Loaded cache for /tmp/gemma4_full_model_cache/multichip/layer_24/input_ln_dtype_BFLOAT16_layout_TILE.tensorbin of shape Shape([1, 1, 1, 2816])
2026-08-15 20:56:13.430 | DEBUG    | core:as_tensor:724 - Loaded cache for /tmp/gemma4_full_model_cache/multichip/layer_24/post_attn_ln_dtype_BFLOAT16_layout_TILE.tensorbin of shape Shape([1, 1, 1, 2816])
2026-08-15 20:56:13.430 | DEBUG    | core:as_tensor:724 - Loaded cache for /tmp/gemma4_full_model_cache/multichip/layer_24/pre_ff_ln_dtype_BFLOAT16_layout_TILE.tensorbin of shape Shape([1, 1, 1, 2816])
2026-08-15 20:56:13.431 | DEBUG    | core:as_tensor:724 - Loaded cache for /tmp/gemma4_full_model_cache/multichip/layer_24/post_ff_ln_dtype_BFLOAT16_layout_TILE.tensorbin of shape Shape([1, 1, 1, 2816])
2026-08-15 20:56:13.431 | DEBUG    | core:as_tensor:724 - Loaded cache for /tmp/gemma4_full_model_cache/multichip/layer_24/post_ff_ln_1_dtype_BFLOAT16_layout_TILE.tensorbin of shape Shape([1, 1, 1, 2816])
2026-08-15 20:56:13.431 | DEBUG    | core:as_tensor:724 - Loaded cache for /tmp/gemma4_full_model_cache/multichip/layer_24/post_ff_ln_2_dtype_BFLOAT16_layout_TILE.tensorbin of shape Shape([1, 1, 1, 2816])
2026-08-15 20:56:13.431 | DEBUG    | core:as_tensor:724 - Loaded cache for /tmp/gemma4_full_model_cache/multichip/layer_24/pre_ff_ln_2_dtype_BFLOAT16_layout_TILE.tensorbin of shape Shape([1, 1, 1, 2816])
2026-08-15 20:56:13.431 | DEBUG    | core:as_tensor:724 - Loaded cache for /tmp/gemma4_full_model_cache/multichip/layer_24/q_norm_dtype_BFLOAT16_layout_TILE.tensorbin of shape Shape([1, 1, 1, 256])
2026-08-15 20:56:13.431 | DEBUG    | core:as_tensor:724 - Loaded cache for /tmp/gemma4_full_model_cache/multichip/layer_24/k_norm_dtype_BFLOAT16_layout_TILE.tensorbin of shape Shape([1, 1, 1, 256])
2026-08-15 20:56:13.433 | DEBUG    | core:as_tensor:724 - Loaded cache for /tmp/gemma4_full_model_cache/multichip/layer_24/qkv_tp4_dtype_BFLOAT8_B_layout_TILE.tensorbin of shape Shape([1, 1, 2816, 2048])
2026-08-15 20:56:13.442 | DEBUG    | core:as_tensor:724 - Loaded cache for /tmp/gemma4_full_model_cache/multichip/layer_24/o_proj_tp4_dtype_BFLOAT8_B_layout_TILE.tensorbin of shape Shape([1, 1, 1024, 2816])
2026-08-15 20:56:13.443 | DEBUG    | core:as_tensor:724 - Loaded cache for /tmp/gemma4_full_model_cache/multichip/layer_24/mlp_gate_tp4_dtype_BFLOAT8_B_layout_TILE.tensorbin of shape Shape([1, 1, 2816, 544])
2026-08-15 20:56:13.444 | DEBUG    | core:as_tensor:724 - Loaded cache for /tmp/gemma4_full_model_cache/multichip/layer_24/mlp_up_tp4_dtype_BFLOAT8_B_layout_TILE.tensorbin of shape Shape([1, 1, 2816, 544])
2026-08-15 20:56:13.445 | DEBUG    | core:as_tensor:724 - Loaded cache for /tmp/gemma4_full_model_cache/multichip/layer_24/mlp_down_tp4_dtype_BFLOAT8_B_layout_TILE.tensorbin of shape Shape([1, 1, 544, 2816])
2026-08-15 20:56:13.445 | DEBUG    | core:as_tensor:724 - Loaded cache for /tmp/gemma4_full_model_cache/multichip/layer_24/router_scale_dtype_FLOAT32_layout_TILE.tensorbin of shape Shape([1, 1, 1, 2816])
2026-08-15 20:56:13.446 | DEBUG    | core:as_tensor:724 - Loaded cache for /tmp/gemma4_full_model_cache/multichip/layer_24/router_proj_dtype_FLOAT32_layout_TILE.tensorbin of shape Shape([1, 1, 2816, 128])
2026-08-15 20:56:13.446 | DEBUG    | core:as_tensor:724 - Loaded cache for /tmp/gemma4_full_model_cache/multichip/layer_24/router_per_expert_scale_dtype_FLOAT32_layout_TILE.tensorbin of shape Shape([1, 128])
2026-08-15 20:56:13.471 | DEBUG    | core:as_tensor:724 - Loaded cache for /tmp/gemma4_full_model_cache/multichip/layer_24/expert_gate_tp4_dtype_BFLOAT8_B_layout_TILE.tensorbin of shape Shape([1, 128, 2816, 192])
2026-08-15 20:56:13.501 | DEBUG    | core:as_tensor:724 - Loaded cache for /tmp/gemma4_full_model_cache/multichip/layer_24/expert_up_tp4_dtype_BFLOAT8_B_layout_TILE.tensorbin of shape Shape([1, 128, 2816, 192])
2026-08-15 20:56:13.531 | DEBUG    | core:as_tensor:724 - Loaded cache for /tmp/gemma4_full_model_cache/multichip/layer_24/expert_down_tp4_dtype_BFLOAT8_B_layout_TILE.tensorbin of shape Shape([1, 128, 192, 2816])
2026-08-15 20:56:13.532 | DEBUG    | core:as_tensor:724 - Loaded cache for /tmp/gemma4_full_model_cache/multichip/layer_24/expert_prefill_sparsity_dtype_BFLOAT16_layout_ROW_MAJOR.tensorbin of shape Shape([1, 1, 1, 128])
2026-08-15 20:56:13.537 | DEBUG    | core:as_tensor:724 - Loaded cache for /tmp/gemma4_full_model_cache/multichip/layer_24/packed_mlp_gate_up_decode_bfp4_tp4_dtype_BFLOAT4_B_layout_TILE.tensorbin of shape Shape([1, 1, 2816, 1088])
2026-08-15 20:56:14.001 | DEBUG    | core:as_tensor:724 - Loaded cache for /tmp/gemma4_full_model_cache/multichip/layer_25/layer_scalar_dtype_BFLOAT16_layout_TILE.tensorbin of shape Shape([1, 1, 1, 1])
2026-08-15 20:56:14.002 | DEBUG    | core:as_tensor:724 - Loaded cache for /tmp/gemma4_full_model_cache/multichip/layer_25/input_ln_dtype_BFLOAT16_layout_TILE.tensorbin of shape Shape([1, 1, 1, 2816])
2026-08-15 20:56:14.002 | DEBUG    | core:as_tensor:724 - Loaded cache for /tmp/gemma4_full_model_cache/multichip/layer_25/post_attn_ln_dtype_BFLOAT16_layout_TILE.tensorbin of shape Shape([1, 1, 1, 2816])
2026-08-15 20:56:14.002 | DEBUG    | core:as_tensor:724 - Loaded cache for /tmp/gemma4_full_model_cache/multichip/layer_25/pre_ff_ln_dtype_BFLOAT16_layout_TILE.tensorbin of shape Shape([1, 1, 1, 2816])
2026-08-15 20:56:14.002 | DEBUG    | core:as_tensor:724 - Loaded cache for /tmp/gemma4_full_model_cache/multichip/layer_25/post_ff_ln_dtype_BFLOAT16_layout_TILE.tensorbin of shape Shape([1, 1, 1, 2816])
2026-08-15 20:56:14.002 | DEBUG    | core:as_tensor:724 - Loaded cache for /tmp/gemma4_full_model_cache/multichip/layer_25/post_ff_ln_1_dtype_BFLOAT16_layout_TILE.tensorbin of shape Shape([1, 1, 1, 2816])
2026-08-15 20:56:14.002 | DEBUG    | core:as_tensor:724 - Loaded cache for /tmp/gemma4_full_model_cache/multichip/layer_25/post_ff_ln_2_dtype_BFLOAT16_layout_TILE.tensorbin of shape Shape([1, 1, 1, 2816])
2026-08-15 20:56:14.003 | DEBUG    | core:as_tensor:724 - Loaded cache for /tmp/gemma4_full_model_cache/multichip/layer_25/pre_ff_ln_2_dtype_BFLOAT16_layout_TILE.tensorbin of shape Shape([1, 1, 1, 2816])
2026-08-15 20:56:14.003 | DEBUG    | core:as_tensor:724 - Loaded cache for /tmp/gemma4_full_model_cache/multichip/layer_25/q_norm_dtype_BFLOAT16_layout_TILE.tensorbin of shape Shape([1, 1, 1, 256])
2026-08-15 20:56:14.003 | DEBUG    | core:as_tensor:724 - Loaded cache for /tmp/gemma4_full_model_cache/multichip/layer_25/k_norm_dtype_BFLOAT16_layout_TILE.tensorbin of shape Shape([1, 1, 1, 256])
2026-08-15 20:56:14.005 | DEBUG    | core:as_tensor:724 - Loaded cache for /tmp/gemma4_full_model_cache/multichip/layer_25/qkv_tp4_dtype_BFLOAT8_B_layout_TILE.tensorbin of shape Shape([1, 1, 2816, 2048])
2026-08-15 20:56:14.014 | DEBUG    | core:as_tensor:724 - Loaded cache for /tmp/gemma4_full_model_cache/multichip/layer_25/o_proj_tp4_dtype_BFLOAT8_B_layout_TILE.tensorbin of shape Shape([1, 1, 1024, 2816])
2026-08-15 20:56:14.015 | DEBUG    | core:as_tensor:724 - Loaded cache for /tmp/gemma4_full_model_cache/multichip/layer_25/mlp_gate_tp4_dtype_BFLOAT8_B_layout_TILE.tensorbin of shape Shape([1, 1, 2816, 544])
2026-08-15 20:56:14.015 | DEBUG    | core:as_tensor:724 - Loaded cache for /tmp/gemma4_full_model_cache/multichip/layer_25/mlp_up_tp4_dtype_BFLOAT8_B_layout_TILE.tensorbin of shape Shape([1, 1, 2816, 544])
2026-08-15 20:56:14.016 | DEBUG    | core:as_tensor:724 - Loaded cache for /tmp/gemma4_full_model_cache/multichip/layer_25/mlp_down_tp4_dtype_BFLOAT8_B_layout_TILE.tensorbin of shape Shape([1, 1, 544, 2816])
2026-08-15 20:56:14.016 | DEBUG    | core:as_tensor:724 - Loaded cache for /tmp/gemma4_full_model_cache/multichip/layer_25/router_scale_dtype_FLOAT32_layout_TILE.tensorbin of shape Shape([1, 1, 1, 2816])
2026-08-15 20:56:14.017 | DEBUG    | core:as_tensor:724 - Loaded cache for /tmp/gemma4_full_model_cache/multichip/layer_25/router_proj_dtype_FLOAT32_layout_TILE.tensorbin of shape Shape([1, 1, 2816, 128])
2026-08-15 20:56:14.017 | DEBUG    | core:as_tensor:724 - Loaded cache for /tmp/gemma4_full_model_cache/multichip/layer_25/router_per_expert_scale_dtype_FLOAT32_layout_TILE.tensorbin of shape Shape([1, 128])
2026-08-15 20:56:14.048 | DEBUG    | core:as_tensor:724 - Loaded cache for /tmp/gemma4_full_model_cache/multichip/layer_25/expert_gate_tp4_dtype_BFLOAT8_B_layout_TILE.tensorbin of shape Shape([1, 128, 2816, 192])
2026-08-15 20:56:14.078 | DEBUG    | core:as_tensor:724 - Loaded cache for /tmp/gemma4_full_model_cache/multichip/layer_25/expert_up_tp4_dtype_BFLOAT8_B_layout_TILE.tensorbin of shape Shape([1, 128, 2816, 192])
2026-08-15 20:56:14.107 | DEBUG    | core:as_tensor:724 - Loaded cache for /tmp/gemma4_full_model_cache/multichip/layer_25/expert_down_tp4_dtype_BFLOAT8_B_layout_TILE.tensorbin of shape Shape([1, 128, 192, 2816])
2026-08-15 20:56:14.107 | DEBUG    | core:as_tensor:724 - Loaded cache for /tmp/gemma4_full_model_cache/multichip/layer_25/expert_prefill_sparsity_dtype_BFLOAT16_layout_ROW_MAJOR.tensorbin of shape Shape([1, 1, 1, 128])
2026-08-15 20:56:14.112 | DEBUG    | core:as_tensor:724 - Loaded cache for /tmp/gemma4_full_model_cache/multichip/layer_25/packed_mlp_gate_up_decode_bfp4_tp4_dtype_BFLOAT4_B_layout_TILE.tensorbin of shape Shape([1, 1, 2816, 1088])
2026-08-15 20:56:14.595 | DEBUG    | core:as_tensor:724 - Loaded cache for /tmp/gemma4_full_model_cache/multichip/layer_26/layer_scalar_dtype_BFLOAT16_layout_TILE.tensorbin of shape Shape([1, 1, 1, 1])
2026-08-15 20:56:14.596 | DEBUG    | core:as_tensor:724 - Loaded cache for /tmp/gemma4_full_model_cache/multichip/layer_26/input_ln_dtype_BFLOAT16_layout_TILE.tensorbin of shape Shape([1, 1, 1, 2816])
2026-08-15 20:56:14.596 | DEBUG    | core:as_tensor:724 - Loaded cache for /tmp/gemma4_full_model_cache/multichip/layer_26/post_attn_ln_dtype_BFLOAT16_layout_TILE.tensorbin of shape Shape([1, 1, 1, 2816])
2026-08-15 20:56:14.596 | DEBUG    | core:as_tensor:724 - Loaded cache for /tmp/gemma4_full_model_cache/multichip/layer_26/pre_ff_ln_dtype_BFLOAT16_layout_TILE.tensorbin of shape Shape([1, 1, 1, 2816])
2026-08-15 20:56:14.596 | DEBUG    | core:as_tensor:724 - Loaded cache for /tmp/gemma4_full_model_cache/multichip/layer_26/post_ff_ln_dtype_BFLOAT16_layout_TILE.tensorbin of shape Shape([1, 1, 1, 2816])
2026-08-15 20:56:14.596 | DEBUG    | core:as_tensor:724 - Loaded cache for /tmp/gemma4_full_model_cache/multichip/layer_26/post_ff_ln_1_dtype_BFLOAT16_layout_TILE.tensorbin of shape Shape([1, 1, 1, 2816])
2026-08-15 20:56:14.597 | DEBUG    | core:as_tensor:724 - Loaded cache for /tmp/gemma4_full_model_cache/multichip/layer_26/post_ff_ln_2_dtype_BFLOAT16_layout_TILE.tensorbin of shape Shape([1, 1, 1, 2816])
2026-08-15 20:56:14.597 | DEBUG    | core:as_tensor:724 - Loaded cache for /tmp/gemma4_full_model_cache/multichip/layer_26/pre_ff_ln_2_dtype_BFLOAT16_layout_TILE.tensorbin of shape Shape([1, 1, 1, 2816])
2026-08-15 20:56:14.597 | DEBUG    | core:as_tensor:724 - Loaded cache for /tmp/gemma4_full_model_cache/multichip/layer_26/q_norm_dtype_BFLOAT16_layout_TILE.tensorbin of shape Shape([1, 1, 1, 256])
2026-08-15 20:56:14.597 | DEBUG    | core:as_tensor:724 - Loaded cache for /tmp/gemma4_full_model_cache/multichip/layer_26/k_norm_dtype_BFLOAT16_layout_TILE.tensorbin of shape Shape([1, 1, 1, 256])
2026-08-15 20:56:14.599 | DEBUG    | core:as_tensor:724 - Loaded cache for /tmp/gemma4_full_model_cache/multichip/layer_26/qkv_tp4_dtype_BFLOAT8_B_layout_TILE.tensorbin of shape Shape([1, 1, 2816, 2048])
2026-08-15 20:56:14.608 | DEBUG    | core:as_tensor:724 - Loaded cache for /tmp/gemma4_full_model_cache/multichip/layer_26/o_proj_tp4_dtype_BFLOAT8_B_layout_TILE.tensorbin of shape Shape([1, 1, 1024, 2816])
2026-08-15 20:56:14.609 | DEBUG    | core:as_tensor:724 - Loaded cache for /tmp/gemma4_full_model_cache/multichip/layer_26/mlp_gate_tp4_dtype_BFLOAT8_B_layout_TILE.tensorbin of shape Shape([1, 1, 2816, 544])
2026-08-15 20:56:14.610 | DEBUG    | core:as_tensor:724 - Loaded cache for /tmp/gemma4_full_model_cache/multichip/layer_26/mlp_up_tp4_dtype_BFLOAT8_B_layout_TILE.tensorbin of shape Shape([1, 1, 2816, 544])
2026-08-15 20:56:14.611 | DEBUG    | core:as_tensor:724 - Loaded cache for /tmp/gemma4_full_model_cache/multichip/layer_26/mlp_down_tp4_dtype_BFLOAT8_B_layout_TILE.tensorbin of shape Shape([1, 1, 544, 2816])
2026-08-15 20:56:14.611 | DEBUG    | core:as_tensor:724 - Loaded cache for /tmp/gemma4_full_model_cache/multichip/layer_26/router_scale_dtype_FLOAT32_layout_TILE.tensorbin of shape Shape([1, 1, 1, 2816])
2026-08-15 20:56:14.612 | DEBUG    | core:as_tensor:724 - Loaded cache for /tmp/gemma4_full_model_cache/multichip/layer_26/router_proj_dtype_FLOAT32_layout_TILE.tensorbin of shape Shape([1, 1, 2816, 128])
2026-08-15 20:56:14.613 | DEBUG    | core:as_tensor:724 - Loaded cache for /tmp/gemma4_full_model_cache/multichip/layer_26/router_per_expert_scale_dtype_FLOAT32_layout_TILE.tensorbin of shape Shape([1, 128])
2026-08-15 20:56:14.642 | DEBUG    | core:as_tensor:724 - Loaded cache for /tmp/gemma4_full_model_cache/multichip/layer_26/expert_gate_tp4_dtype_BFLOAT8_B_layout_TILE.tensorbin of shape Shape([1, 128, 2816, 192])
2026-08-15 20:56:14.672 | DEBUG    | core:as_tensor:724 - Loaded cache for /tmp/gemma4_full_model_cache/multichip/layer_26/expert_up_tp4_dtype_BFLOAT8_B_layout_TILE.tensorbin of shape Shape([1, 128, 2816, 192])
2026-08-15 20:56:14.701 | DEBUG    | core:as_tensor:724 - Loaded cache for /tmp/gemma4_full_model_cache/multichip/layer_26/expert_down_tp4_dtype_BFLOAT8_B_layout_TILE.tensorbin of shape Shape([1, 128, 192, 2816])
2026-08-15 20:56:14.701 | DEBUG    | core:as_tensor:724 - Loaded cache for /tmp/gemma4_full_model_cache/multichip/layer_26/expert_prefill_sparsity_dtype_BFLOAT16_layout_ROW_MAJOR.tensorbin of shape Shape([1, 1, 1, 128])
2026-08-15 20:56:14.706 | DEBUG    | core:as_tensor:724 - Loaded cache for /tmp/gemma4_full_model_cache/multichip/layer_26/packed_mlp_gate_up_decode_bfp4_tp4_dtype_BFLOAT4_B_layout_TILE.tensorbin of shape Shape([1, 1, 2816, 1088])
2026-08-15 20:56:15.183 | DEBUG    | core:as_tensor:724 - Loaded cache for /tmp/gemma4_full_model_cache/multichip/layer_27/layer_scalar_dtype_BFLOAT16_layout_TILE.tensorbin of shape Shape([1, 1, 1, 1])
2026-08-15 20:56:15.184 | DEBUG    | core:as_tensor:724 - Loaded cache for /tmp/gemma4_full_model_cache/multichip/layer_27/input_ln_dtype_BFLOAT16_layout_TILE.tensorbin of shape Shape([1, 1, 1, 2816])
2026-08-15 20:56:15.184 | DEBUG    | core:as_tensor:724 - Loaded cache for /tmp/gemma4_full_model_cache/multichip/layer_27/post_attn_ln_dtype_BFLOAT16_layout_TILE.tensorbin of shape Shape([1, 1, 1, 2816])
2026-08-15 20:56:15.184 | DEBUG    | core:as_tensor:724 - Loaded cache for /tmp/gemma4_full_model_cache/multichip/layer_27/pre_ff_ln_dtype_BFLOAT16_layout_TILE.tensorbin of shape Shape([1, 1, 1, 2816])
2026-08-15 20:56:15.184 | DEBUG    | core:as_tensor:724 - Loaded cache for /tmp/gemma4_full_model_cache/multichip/layer_27/post_ff_ln_dtype_BFLOAT16_layout_TILE.tensorbin of shape Shape([1, 1, 1, 2816])
2026-08-15 20:56:15.184 | DEBUG    | core:as_tensor:724 - Loaded cache for /tmp/gemma4_full_model_cache/multichip/layer_27/post_ff_ln_1_dtype_BFLOAT16_layout_TILE.tensorbin of shape Shape([1, 1, 1, 2816])
2026-08-15 20:56:15.184 | DEBUG    | core:as_tensor:724 - Loaded cache for /tmp/gemma4_full_model_cache/multichip/layer_27/post_ff_ln_2_dtype_BFLOAT16_layout_TILE.tensorbin of shape Shape([1, 1, 1, 2816])
2026-08-15 20:56:15.185 | DEBUG    | core:as_tensor:724 - Loaded cache for /tmp/gemma4_full_model_cache/multichip/layer_27/pre_ff_ln_2_dtype_BFLOAT16_layout_TILE.tensorbin of shape Shape([1, 1, 1, 2816])
2026-08-15 20:56:15.185 | DEBUG    | core:as_tensor:724 - Loaded cache for /tmp/gemma4_full_model_cache/multichip/layer_27/q_norm_dtype_BFLOAT16_layout_TILE.tensorbin of shape Shape([1, 1, 1, 256])
2026-08-15 20:56:15.185 | DEBUG    | core:as_tensor:724 - Loaded cache for /tmp/gemma4_full_model_cache/multichip/layer_27/k_norm_dtype_BFLOAT16_layout_TILE.tensorbin of shape Shape([1, 1, 1, 256])
2026-08-15 20:56:15.187 | DEBUG    | core:as_tensor:724 - Loaded cache for /tmp/gemma4_full_model_cache/multichip/layer_27/qkv_tp4_dtype_BFLOAT8_B_layout_TILE.tensorbin of shape Shape([1, 1, 2816, 2048])
2026-08-15 20:56:15.196 | DEBUG    | core:as_tensor:724 - Loaded cache for /tmp/gemma4_full_model_cache/multichip/layer_27/o_proj_tp4_dtype_BFLOAT8_B_layout_TILE.tensorbin of shape Shape([1, 1, 1024, 2816])
2026-08-15 20:56:15.196 | DEBUG    | core:as_tensor:724 - Loaded cache for /tmp/gemma4_full_model_cache/multichip/layer_27/mlp_gate_tp4_dtype_BFLOAT8_B_layout_TILE.tensorbin of shape Shape([1, 1, 2816, 544])
2026-08-15 20:56:15.197 | DEBUG    | core:as_tensor:724 - Loaded cache for /tmp/gemma4_full_model_cache/multichip/layer_27/mlp_up_tp4_dtype_BFLOAT8_B_layout_TILE.tensorbin of shape Shape([1, 1, 2816, 544])
2026-08-15 20:56:15.198 | DEBUG    | core:as_tensor:724 - Loaded cache for /tmp/gemma4_full_model_cache/multichip/layer_27/mlp_down_tp4_dtype_BFLOAT8_B_layout_TILE.tensorbin of shape Shape([1, 1, 544, 2816])
2026-08-15 20:56:15.198 | DEBUG    | core:as_tensor:724 - Loaded cache for /tmp/gemma4_full_model_cache/multichip/layer_27/router_scale_dtype_FLOAT32_layout_TILE.tensorbin of shape Shape([1, 1, 1, 2816])
2026-08-15 20:56:15.199 | DEBUG    | core:as_tensor:724 - Loaded cache for /tmp/gemma4_full_model_cache/multichip/layer_27/router_proj_dtype_FLOAT32_layout_TILE.tensorbin of shape Shape([1, 1, 2816, 128])
2026-08-15 20:56:15.199 | DEBUG    | core:as_tensor:724 - Loaded cache for /tmp/gemma4_full_model_cache/multichip/layer_27/router_per_expert_scale_dtype_FLOAT32_layout_TILE.tensorbin of shape Shape([1, 128])
2026-08-15 20:56:15.228 | DEBUG    | core:as_tensor:724 - Loaded cache for /tmp/gemma4_full_model_cache/multichip/layer_27/expert_gate_tp4_dtype_BFLOAT8_B_layout_TILE.tensorbin of shape Shape([1, 128, 2816, 192])
2026-08-15 20:56:15.257 | DEBUG    | core:as_tensor:724 - Loaded cache for /tmp/gemma4_full_model_cache/multichip/layer_27/expert_up_tp4_dtype_BFLOAT8_B_layout_TILE.tensorbin of shape Shape([1, 128, 2816, 192])
2026-08-15 20:56:15.285 | DEBUG    | core:as_tensor:724 - Loaded cache for /tmp/gemma4_full_model_cache/multichip/layer_27/expert_down_tp4_dtype_BFLOAT8_B_layout_TILE.tensorbin of shape Shape([1, 128, 192, 2816])
2026-08-15 20:56:15.285 | DEBUG    | core:as_tensor:724 - Loaded cache for /tmp/gemma4_full_model_cache/multichip/layer_27/expert_prefill_sparsity_dtype_BFLOAT16_layout_ROW_MAJOR.tensorbin of shape Shape([1, 1, 1, 128])
2026-08-15 20:56:15.290 | DEBUG    | core:as_tensor:724 - Loaded cache for /tmp/gemma4_full_model_cache/multichip/layer_27/packed_mlp_gate_up_decode_bfp4_tp4_dtype_BFLOAT4_B_layout_TILE.tensorbin of shape Shape([1, 1, 2816, 1088])
2026-08-15 20:56:15.757 | DEBUG    | core:as_tensor:724 - Loaded cache for /tmp/gemma4_full_model_cache/multichip/layer_28/layer_scalar_dtype_BFLOAT16_layout_TILE.tensorbin of shape Shape([1, 1, 1, 1])
2026-08-15 20:56:15.757 | DEBUG    | core:as_tensor:724 - Loaded cache for /tmp/gemma4_full_model_cache/multichip/layer_28/input_ln_dtype_BFLOAT16_layout_TILE.tensorbin of shape Shape([1, 1, 1, 2816])
2026-08-15 20:56:15.758 | DEBUG    | core:as_tensor:724 - Loaded cache for /tmp/gemma4_full_model_cache/multichip/layer_28/post_attn_ln_dtype_BFLOAT16_layout_TILE.tensorbin of shape Shape([1, 1, 1, 2816])
2026-08-15 20:56:15.758 | DEBUG    | core:as_tensor:724 - Loaded cache for /tmp/gemma4_full_model_cache/multichip/layer_28/pre_ff_ln_dtype_BFLOAT16_layout_TILE.tensorbin of shape Shape([1, 1, 1, 2816])
2026-08-15 20:56:15.758 | DEBUG    | core:as_tensor:724 - Loaded cache for /tmp/gemma4_full_model_cache/multichip/layer_28/post_ff_ln_dtype_BFLOAT16_layout_TILE.tensorbin of shape Shape([1, 1, 1, 2816])
2026-08-15 20:56:15.758 | DEBUG    | core:as_tensor:724 - Loaded cache for /tmp/gemma4_full_model_cache/multichip/layer_28/post_ff_ln_1_dtype_BFLOAT16_layout_TILE.tensorbin of shape Shape([1, 1, 1, 2816])
2026-08-15 20:56:15.758 | DEBUG    | core:as_tensor:724 - Loaded cache for /tmp/gemma4_full_model_cache/multichip/layer_28/post_ff_ln_2_dtype_BFLOAT16_layout_TILE.tensorbin of shape Shape([1, 1, 1, 2816])
2026-08-15 20:56:15.758 | DEBUG    | core:as_tensor:724 - Loaded cache for /tmp/gemma4_full_model_cache/multichip/layer_28/pre_ff_ln_2_dtype_BFLOAT16_layout_TILE.tensorbin of shape Shape([1, 1, 1, 2816])
2026-08-15 20:56:15.758 | DEBUG    | core:as_tensor:724 - Loaded cache for /tmp/gemma4_full_model_cache/multichip/layer_28/q_norm_dtype_BFLOAT16_layout_TILE.tensorbin of shape Shape([1, 1, 1, 256])
2026-08-15 20:56:15.758 | DEBUG    | core:as_tensor:724 - Loaded cache for /tmp/gemma4_full_model_cache/multichip/layer_28/k_norm_dtype_BFLOAT16_layout_TILE.tensorbin of shape Shape([1, 1, 1, 256])
2026-08-15 20:56:15.761 | DEBUG    | core:as_tensor:724 - Loaded cache for /tmp/gemma4_full_model_cache/multichip/layer_28/qkv_tp4_dtype_BFLOAT8_B_layout_TILE.tensorbin of shape Shape([1, 1, 2816, 2048])
2026-08-15 20:56:15.769 | DEBUG    | core:as_tensor:724 - Loaded cache for /tmp/gemma4_full_model_cache/multichip/layer_28/o_proj_tp4_dtype_BFLOAT8_B_layout_TILE.tensorbin of shape Shape([1, 1, 1024, 2816])
2026-08-15 20:56:15.770 | DEBUG    | core:as_tensor:724 - Loaded cache for /tmp/gemma4_full_model_cache/multichip/layer_28/mlp_gate_tp4_dtype_BFLOAT8_B_layout_TILE.tensorbin of shape Shape([1, 1, 2816, 544])
2026-08-15 20:56:15.771 | DEBUG    | core:as_tensor:724 - Loaded cache for /tmp/gemma4_full_model_cache/multichip/layer_28/mlp_up_tp4_dtype_BFLOAT8_B_layout_TILE.tensorbin of shape Shape([1, 1, 2816, 544])
2026-08-15 20:56:15.772 | DEBUG    | core:as_tensor:724 - Loaded cache for /tmp/gemma4_full_model_cache/multichip/layer_28/mlp_down_tp4_dtype_BFLOAT8_B_layout_TILE.tensorbin of shape Shape([1, 1, 544, 2816])
2026-08-15 20:56:15.772 | DEBUG    | core:as_tensor:724 - Loaded cache for /tmp/gemma4_full_model_cache/multichip/layer_28/router_scale_dtype_FLOAT32_layout_TILE.tensorbin of shape Shape([1, 1, 1, 2816])
2026-08-15 20:56:15.773 | DEBUG    | core:as_tensor:724 - Loaded cache for /tmp/gemma4_full_model_cache/multichip/layer_28/router_proj_dtype_FLOAT32_layout_TILE.tensorbin of shape Shape([1, 1, 2816, 128])
2026-08-15 20:56:15.773 | DEBUG    | core:as_tensor:724 - Loaded cache for /tmp/gemma4_full_model_cache/multichip/layer_28/router_per_expert_scale_dtype_FLOAT32_layout_TILE.tensorbin of shape Shape([1, 128])
2026-08-15 20:56:15.803 | DEBUG    | core:as_tensor:724 - Loaded cache for /tmp/gemma4_full_model_cache/multichip/layer_28/expert_gate_tp4_dtype_BFLOAT8_B_layout_TILE.tensorbin of shape Shape([1, 128, 2816, 192])
2026-08-15 20:56:15.834 | DEBUG    | core:as_tensor:724 - Loaded cache for /tmp/gemma4_full_model_cache/multichip/layer_28/expert_up_tp4_dtype_BFLOAT8_B_layout_TILE.tensorbin of shape Shape([1, 128, 2816, 192])
2026-08-15 20:56:15.863 | DEBUG    | core:as_tensor:724 - Loaded cache for /tmp/gemma4_full_model_cache/multichip/layer_28/expert_down_tp4_dtype_BFLOAT8_B_layout_TILE.tensorbin of shape Shape([1, 128, 192, 2816])
2026-08-15 20:56:15.864 | DEBUG    | core:as_tensor:724 - Loaded cache for /tmp/gemma4_full_model_cache/multichip/layer_28/expert_prefill_sparsity_dtype_BFLOAT16_layout_ROW_MAJOR.tensorbin of shape Shape([1, 1, 1, 128])
2026-08-15 20:56:15.868 | DEBUG    | core:as_tensor:724 - Loaded cache for /tmp/gemma4_full_model_cache/multichip/layer_28/packed_mlp_gate_up_decode_bfp4_tp4_dtype_BFLOAT4_B_layout_TILE.tensorbin of shape Shape([1, 1, 2816, 1088])
2026-08-15 20:56:16.335 | DEBUG    | core:as_tensor:724 - Loaded cache for /tmp/gemma4_full_model_cache/multichip/layer_29/layer_scalar_dtype_BFLOAT16_layout_TILE.tensorbin of shape Shape([1, 1, 1, 1])
2026-08-15 20:56:16.336 | DEBUG    | core:as_tensor:724 - Loaded cache for /tmp/gemma4_full_model_cache/multichip/layer_29/input_ln_dtype_BFLOAT16_layout_TILE.tensorbin of shape Shape([1, 1, 1, 2816])
2026-08-15 20:56:16.336 | DEBUG    | core:as_tensor:724 - Loaded cache for /tmp/gemma4_full_model_cache/multichip/layer_29/post_attn_ln_dtype_BFLOAT16_layout_TILE.tensorbin of shape Shape([1, 1, 1, 2816])
2026-08-15 20:56:16.336 | DEBUG    | core:as_tensor:724 - Loaded cache for /tmp/gemma4_full_model_cache/multichip/layer_29/pre_ff_ln_dtype_BFLOAT16_layout_TILE.tensorbin of shape Shape([1, 1, 1, 2816])
2026-08-15 20:56:16.336 | DEBUG    | core:as_tensor:724 - Loaded cache for /tmp/gemma4_full_model_cache/multichip/layer_29/post_ff_ln_dtype_BFLOAT16_layout_TILE.tensorbin of shape Shape([1, 1, 1, 2816])
2026-08-15 20:56:16.337 | DEBUG    | core:as_tensor:724 - Loaded cache for /tmp/gemma4_full_model_cache/multichip/layer_29/post_ff_ln_1_dtype_BFLOAT16_layout_TILE.tensorbin of shape Shape([1, 1, 1, 2816])
2026-08-15 20:56:16.337 | DEBUG    | core:as_tensor:724 - Loaded cache for /tmp/gemma4_full_model_cache/multichip/layer_29/post_ff_ln_2_dtype_BFLOAT16_layout_TILE.tensorbin of shape Shape([1, 1, 1, 2816])
2026-08-15 20:56:16.337 | DEBUG    | core:as_tensor:724 - Loaded cache for /tmp/gemma4_full_model_cache/multichip/layer_29/pre_ff_ln_2_dtype_BFLOAT16_layout_TILE.tensorbin of shape Shape([1, 1, 1, 2816])
2026-08-15 20:56:16.337 | DEBUG    | core:as_tensor:724 - Loaded cache for /tmp/gemma4_full_model_cache/multichip/layer_29/q_norm_dtype_BFLOAT16_layout_TILE.tensorbin of shape Shape([1, 1, 1, 512])
2026-08-15 20:56:16.337 | DEBUG    | core:as_tensor:724 - Loaded cache for /tmp/gemma4_full_model_cache/multichip/layer_29/k_norm_dtype_BFLOAT16_layout_TILE.tensorbin of shape Shape([1, 1, 1, 512])
2026-08-15 20:56:16.343 | DEBUG    | core:as_tensor:724 - Loaded cache for /tmp/gemma4_full_model_cache/multichip/layer_29/qkv_tp4_dtype_BFLOAT8_B_layout_TILE.tensorbin of shape Shape([1, 1, 2816, 3072])
2026-08-15 20:56:16.361 | DEBUG    | core:as_tensor:724 - Loaded cache for /tmp/gemma4_full_model_cache/multichip/layer_29/o_proj_tp4_dtype_BFLOAT8_B_layout_TILE.tensorbin of shape Shape([1, 1, 2048, 2816])
2026-08-15 20:56:16.363 | DEBUG    | core:as_tensor:724 - Loaded cache for /tmp/gemma4_full_model_cache/multichip/layer_29/mlp_gate_tp4_dtype_BFLOAT8_B_layout_TILE.tensorbin of shape Shape([1, 1, 2816, 544])
2026-08-15 20:56:16.364 | DEBUG    | core:as_tensor:724 - Loaded cache for /tmp/gemma4_full_model_cache/multichip/layer_29/mlp_up_tp4_dtype_BFLOAT8_B_layout_TILE.tensorbin of shape Shape([1, 1, 2816, 544])
2026-08-15 20:56:16.365 | DEBUG    | core:as_tensor:724 - Loaded cache for /tmp/gemma4_full_model_cache/multichip/layer_29/mlp_down_tp4_dtype_BFLOAT8_B_layout_TILE.tensorbin of shape Shape([1, 1, 544, 2816])
2026-08-15 20:56:16.365 | DEBUG    | core:as_tensor:724 - Loaded cache for /tmp/gemma4_full_model_cache/multichip/layer_29/router_scale_dtype_FLOAT32_layout_TILE.tensorbin of shape Shape([1, 1, 1, 2816])
2026-08-15 20:56:16.366 | DEBUG    | core:as_tensor:724 - Loaded cache for /tmp/gemma4_full_model_cache/multichip/layer_29/router_proj_dtype_FLOAT32_layout_TILE.tensorbin of shape Shape([1, 1, 2816, 128])
2026-08-15 20:56:16.366 | DEBUG    | core:as_tensor:724 - Loaded cache for /tmp/gemma4_full_model_cache/multichip/layer_29/router_per_expert_scale_dtype_FLOAT32_layout_TILE.tensorbin of shape Shape([1, 128])
2026-08-15 20:56:16.395 | DEBUG    | core:as_tensor:724 - Loaded cache for /tmp/gemma4_full_model_cache/multichip/layer_29/expert_gate_tp4_dtype_BFLOAT8_B_layout_TILE.tensorbin of shape Shape([1, 128, 2816, 192])
2026-08-15 20:56:16.425 | DEBUG    | core:as_tensor:724 - Loaded cache for /tmp/gemma4_full_model_cache/multichip/layer_29/expert_up_tp4_dtype_BFLOAT8_B_layout_TILE.tensorbin of shape Shape([1, 128, 2816, 192])
2026-08-15 20:56:16.455 | DEBUG    | core:as_tensor:724 - Loaded cache for /tmp/gemma4_full_model_cache/multichip/layer_29/expert_down_tp4_dtype_BFLOAT8_B_layout_TILE.tensorbin of shape Shape([1, 128, 192, 2816])
2026-08-15 20:56:16.456 | DEBUG    | core:as_tensor:724 - Loaded cache for /tmp/gemma4_full_model_cache/multichip/layer_29/expert_prefill_sparsity_dtype_BFLOAT16_layout_ROW_MAJOR.tensorbin of shape Shape([1, 1, 1, 128])
2026-08-15 20:56:16.460 | DEBUG    | core:as_tensor:724 - Loaded cache for /tmp/gemma4_full_model_cache/multichip/layer_29/packed_mlp_gate_up_decode_bfp4_tp4_dtype_BFLOAT4_B_layout_TILE.tensorbin of shape Shape([1, 1, 2816, 1088])
entry[0]             top1=0.960 (96/100)  top5=1.000 (100/100)  top100=1.000 (100/100)
AGGREGATE            top1=0.960 (96/100)  top5=1.000 (100/100)  top100=1.000 (100/100)
nanobind: leaked 2 instances!
 - leaked instance 0x72e9f7d52ce8 of type "ttnn._ttnn.device.DispatchCoreConfig"
 - leaked instance 0x72e9f7c3aaa8 of type "ttnn._ttnn.tensor.CoreRangeSet"
nanobind: leaked 38 types!
 - leaked type "DispatchCoreAxis"
 - leaked type "ttnn._ttnn.device.SubDeviceManagerId"
 - leaked type "MathFidelity"
 - leaked type "ttnn._ttnn.operations.matmul.MatmulMultiCoreReuseMultiCast1DProgramConfig"
 - leaked type "ttnn._ttnn.operations.matmul.MatmulInputs"
 - leaked type "ttnn._ttnn.multi_device.MeshMapperConfig"
 - leaked type "ttnn._ttnn.operations.matmul.MatmulMultiCoreReuseMultiCastBatchedDRAMShardedProgramConfig"
 - leaked type "BufferType"
 - leaked type "UnaryOpType"
 - leaked type "Layout"
 - ... skipped remainder
nanobind: leaked 321 functions!
 - leaked function "pad"
 - leaked function ""
 - leaked function "clear_loaded_sub_device_manager"
 - leaked function ""
 - leaked function "extract_shard"
 - leaked function "__repr__"
 - leaked function ""
 - leaked function "bounding_box"
 - leaked function ""
 - leaked function ""
 - ... skipped remainder
nanobind: this is likely caused by a reference counting issue in the binding code.
See https://nanobind.readthedocs.io/en/latest/refleaks.html2026-08-15 20:56:20.766 | info     |    BuildKernels | JIT cache stats: 410/410 hits (100.0%) [410 cached, 146 build-once dedup, 0 merged artifacts, 0 merged genfiles] (build_cache_telemetry.cpp:207)
2026-08-15 20:56:20.766 | info     |    BuildKernels | JIT telemetry: 3 registered TelemetryTokens (build_cache_telemetry.cpp:230)
2026-08-15 20:56:20.780 | info     |          Device | Closing user mode device drivers (tt_cluster.cpp:512)
2026-08-15 20:56:20.780 | info     |             UMD | Closing devices in cluster (cluster.cpp:1037)
2026-08-15 20:56:21.317 | info     |             UMD | Closing devices in cluster completed. (cluster.cpp:1046)
2026-08-15 20:56:21.317 | info     |             UMD | Cluster destructor started. (cluster.cpp:754)
2026-08-15 20:56:21.317 | info     |             UMD | Cluster destructor completed. (cluster.cpp:757)
