{
  "batch": 32,
  "results": {
    "advisor_mlp_bfp4": {
      "decode_ms": 0.7826355518773198,
      "decode_pcc": 0.999999034524936,
      "options": {
        "prefill_grid_x": 11,
        "prefill_in0_block_w": 8
      },
      "precision_policy": "mlp_bfp4_lofi",
      "prefill_ms": 3.248070366680622,
      "prefill_pcc": 0.9999860274584622
    },
    "dram_mlp_bfp4_24c": {
      "decode_ms": 0.8137808414176106,
      "decode_pcc": 0.9999990444684609,
      "options": {
        "decode_matmul_mode": "dram_sharded",
        "dram_mlp_target_cores": 24,
        "prefill_grid_x": 11,
        "prefill_in0_block_w": 8
      },
      "precision_policy": "mlp_bfp4_lofi",
      "prefill_ms": 3.2646218314766884,
      "prefill_pcc": 0.9999860274584622
    },
    "dram_mlp_bfp4_48c": {
      "decode_ms": 0.8132543414831161,
      "decode_pcc": 0.9999990893529548,
      "options": {
        "decode_matmul_mode": "dram_sharded",
        "dram_mlp_target_cores": 48,
        "prefill_grid_x": 11,
        "prefill_in0_block_w": 8
      },
      "precision_policy": "mlp_bfp4_lofi",
      "prefill_ms": 3.2500638626515865,
      "prefill_pcc": 0.9999860274584622
    }
  },
  "sequence_length": 17,
  "weights": "real_layer_14"
}
