{
  "inputs": "recorded_layer14_activations",
  "results": {
    "advisor_bfp4": {
      "down_pcc": 0.9965695549705101,
      "gate_pcc": 0.9770096349118182,
      "gated_pcc": 0.9835342989988783,
      "up_pcc": 0.9902614729042786
    },
    "dram_bfp4_24c": {
      "down_pcc": 0.9962725688862816,
      "gate_pcc": 0.9770221406448433,
      "gated_pcc": 0.9834603788260112,
      "up_pcc": 0.990256339603765
    },
    "dram_bfp4_48c": {
      "down_pcc": 0.9965482765952898,
      "gate_pcc": 0.9770096349118182,
      "gated_pcc": 0.9835342989988783,
      "up_pcc": 0.9902614729042786
    },
    "dram_bfp8": {
      "down_pcc": 0.999926997576877,
      "gate_pcc": 0.9998109526594362,
      "gated_pcc": 0.9998372021037415,
      "up_pcc": 0.9998948479515417
    }
  },
  "weights": "real_layer_14"
}
