OP CODE,OP TYPE,GLOBAL CALL COUNT,DEVICE ID,DEVICE ARCH,ATTRIBUTES,MATH FIDELITY,CORE COUNT,AVAILABLE WORKER CORE COUNT,SUB DEVICE ID,PARALLELIZATION STRATEGY,HOST START TS,HOST END TS,HOST DURATION [ns],DEVICE FW START CYCLE,DEVICE FW END CYCLE,OP TO OP LATENCY [ns],OP TO OP LATENCY BR/NRISC START [ns],DEVICE FW DURATION [ns],DEVICE KERNEL DURATION [ns],DEVICE KERNEL DURATION DM START [ns],DEVICE KERNEL DURATION PER CORE MIN [ns],DEVICE KERNEL DURATION PER CORE MAX [ns],DEVICE KERNEL DURATION PER CORE AVG [ns],DEVICE KERNEL FIRST TO LAST START [ns],DEVICE BRISC KERNEL DURATION [ns],DEVICE NCRISC KERNEL DURATION [ns],DEVICE TRISC0 KERNEL DURATION [ns],DEVICE TRISC1 KERNEL DURATION [ns],DEVICE TRISC2 KERNEL DURATION [ns],DEVICE ERISC KERNEL DURATION [ns],DEVICE COMPUTE CB WAIT FRONT [ns],DEVICE COMPUTE CB RESERVE BACK [ns],DISPATCH TOTAL CQ CMD OP TIME [ns],DISPATCH GO SEND WAIT TIME [ns],INPUT_0_W_PAD[LOGICAL],INPUT_0_Z_PAD[LOGICAL],INPUT_0_Y_PAD[LOGICAL],INPUT_0_X_PAD[LOGICAL],INPUT_0_LAYOUT,INPUT_0_DATATYPE,INPUT_0_MEMORY,INPUT_1_W_PAD[LOGICAL],INPUT_1_Z_PAD[LOGICAL],INPUT_1_Y_PAD[LOGICAL],INPUT_1_X_PAD[LOGICAL],INPUT_1_LAYOUT,INPUT_1_DATATYPE,INPUT_1_MEMORY,INPUT_2_W_PAD[LOGICAL],INPUT_2_Z_PAD[LOGICAL],INPUT_2_Y_PAD[LOGICAL],INPUT_2_X_PAD[LOGICAL],INPUT_2_LAYOUT,INPUT_2_DATATYPE,INPUT_2_MEMORY,INPUT_3_W_PAD[LOGICAL],INPUT_3_Z_PAD[LOGICAL],INPUT_3_Y_PAD[LOGICAL],INPUT_3_X_PAD[LOGICAL],INPUT_3_LAYOUT,INPUT_3_DATATYPE,INPUT_3_MEMORY,INPUT_4_W_PAD[LOGICAL],INPUT_4_Z_PAD[LOGICAL],INPUT_4_Y_PAD[LOGICAL],INPUT_4_X_PAD[LOGICAL],INPUT_4_LAYOUT,INPUT_4_DATATYPE,INPUT_4_MEMORY,OUTPUT_0_W_PAD[LOGICAL],OUTPUT_0_Z_PAD[LOGICAL],OUTPUT_0_Y_PAD[LOGICAL],OUTPUT_0_X_PAD[LOGICAL],OUTPUT_0_LAYOUT,OUTPUT_0_DATATYPE,OUTPUT_0_MEMORY,OUTPUT_1_W_PAD[LOGICAL],OUTPUT_1_Z_PAD[LOGICAL],OUTPUT_1_Y_PAD[LOGICAL],OUTPUT_1_X_PAD[LOGICAL],OUTPUT_1_LAYOUT,OUTPUT_1_DATATYPE,OUTPUT_1_MEMORY,OUTPUT_2_W_PAD[LOGICAL],OUTPUT_2_Z_PAD[LOGICAL],OUTPUT_2_Y_PAD[LOGICAL],OUTPUT_2_X_PAD[LOGICAL],OUTPUT_2_LAYOUT,OUTPUT_2_DATATYPE,OUTPUT_2_MEMORY,METAL TRACE ID,METAL TRACE REPLAY SESSION ID,COMPUTE KERNEL SOURCE,COMPUTE KERNEL HASH,DATA MOVEMENT KERNEL SOURCE,DATA MOVEMENT KERNEL HASH,PROGRAM HASH,PROGRAM CACHE HIT,TENSIX DM 0 MAX KERNEL SIZE [B],TENSIX DM 1 MAX KERNEL SIZE [B],TENSIX COMPUTE 0 MAX KERNEL SIZE [B],TENSIX COMPUTE 1 MAX KERNEL SIZE [B],TENSIX COMPUTE 2 MAX KERNEL SIZE [B],ACTIVE ETH DM 0 MAX KERNEL SIZE [B],ACTIVE ETH DM 1 MAX KERNEL SIZE [B],IDLE ETH DM 0 MAX KERNEL SIZE [B],IDLE ETH DM 1 MAX KERNEL SIZE [B],PM IDEAL [ns],PM COMPUTE [ns],PM BANDWIDTH [ns],PM REQ I BW,PM REQ O BW,PM FPU UTIL (%),NOC UTIL (%),MULTICAST NOC UTIL (%),DRAM BW UTIL (%),DRAM BW UTIL PER CTRL (%),ETH BW UTIL (%),NPE CONG IMPACT (%),TT_DNN_DEVICE_OP_TT_HOST_FUNC [ns]
LayerNormDeviceOperation,tt_dnn_device,1027,3,blackhole,{'compute_kernel_config': 'ComputeKernelConfig(math_fidelity=HiFi4;math_approx_mode=1;fp32_dest_acc_en=0;packer_l1_acc=0;dst_full_sync_en=0;throttle_level=ThrottleLevel::NO_THROTTLE)'; 'distributed_norm_stage': 'DistributedLayerNormStage::NOT_DISTRIBUTED'; 'dtype': 'std::nullopt'; 'eps': '1e-06'; 'fused_activation': 'std::nullopt'; 'norm_type': 'LayerNormType::RMSNORM'; 'output_mem_config': 'MemoryConfig(memory_layout=TensorMemoryLayout::INTERLEAVED;buffer_type=BufferType::DRAM;shard_spec=std::nullopt;nd_shard_spec=std::nullopt;created_with_nd_shard_spec=0;per_core_allocation=0)'; 'program_config': 'LayerNormDefaultProgramConfig(legacy_reduction=0;legacy_rsqrt=0;use_welford=0)'},HiFi4,1,110,,,9700236463,9700332616,96153,8379311135490,8379311163302,0,0,20601,20146,19901,,,,304,19843,10290,19019,19185,19259,,,,,,1[1],1[1],32[32],2048[2048],TILE,BFLOAT16,DEV_0_DRAM_INTERLEAVED,1[1],1[1],32[1],2048[2048],TILE,BFLOAT16,DEV_0_DRAM_INTERLEAVED,,,,,,,,,,,,,,,,,,,,,,1[1],1[1],32[32],2048[2048],TILE,BFLOAT16,DEV_0_DRAM_INTERLEAVED,,,,,,,,,,,,,,,,,['ttnn/cpp/ttnn/operations/normalization/layernorm/device/kernels/compute/layernorm.cpp'],['layernorm/3107190675960002380/'],['ttnn/cpp/ttnn/operations/normalization/layernorm/device/kernels/dataflow/writer_unary_interleaved_start_id_blocked.cpp'; 'ttnn/cpp/ttnn/operations/normalization/layernorm/device/kernels/dataflow/reader_unary_interleaved_ln.cpp'],['writer_unary_interleaved_start_id_blocked/15246078614259929809/'; 'reader_unary_interleaved_ln/15866294076648289277/'],9046266586884838590,False,812,1532,3736,3168,3404,0,0,0,0,1,1,1,[],[],0.005,,,,,,,96153
MatmulDeviceOperation,tt_dnn_device,2051,3,blackhole,{'bcast_batch': 'true'; 'compute_kernel_config': 'ComputeKernelConfig(math_fidelity=HiFi2;math_approx_mode=0;fp32_dest_acc_en=0;packer_l1_acc=1;dst_full_sync_en=0;throttle_level=ThrottleLevel::NO_THROTTLE)'; 'global_cb': 'std::nullopt'; 'output_dtype': 'DataType::BFLOAT16'; 'output_mem_config': 'MemoryConfig(memory_layout=TensorMemoryLayout::INTERLEAVED;buffer_type=BufferType::DRAM;shard_spec=std::nullopt;nd_shard_spec=std::nullopt;created_with_nd_shard_spec=0;per_core_allocation=0)'; 'output_tile': 'Tile(tile_shape={32; 32};face_shape={16; 16};num_faces=4)'; 'program_config': 'MatmulMultiCoreReuseMultiCast1DProgramConfig(compute_with_storage_grid_size=11-10;in0_block_w=2;out_subblock_h=1;out_subblock_w=2;out_block_h=1;out_block_w=2;per_core_M=1;per_core_N=2;fuse_batch=0;fused_activation=std::nullopt;mcast_in0=1;gather_in0=0;hop_cores={};num_global_cb_receivers=0;untilize_out=0;allowed_worker_cores={[0-0 - 10-9]};stream_in1=0)'; 'sub_device_id': 'std::nullopt'; 'transpose_a': 'false'; 'transpose_b': 'false'; 'untilize_out': 'false'; 'user_core_coord': 'std::nullopt'; 'user_fused_activation': 'std::nullopt'; 'user_run_batched': 'false'},HiFi2,80,110,,,9705118758,9705232185,113427,8379317733838,8379317794641,4868875,4868875,45039,43199,43199,,,,473,43199,40539,40774,40697,40887,,,,,,1[1],1[1],32[32],2048[2048],TILE,BFLOAT16,DEV_0_DRAM_INTERLEAVED,1[1],1[1],2048[2048],5120[5120],TILE,BFLOAT8_B,DEV_0_DRAM_INTERLEAVED,,,,,,,,,,,,,,,,,,,,,,1[1],1[1],32[32],5120[5120],TILE,BFLOAT16,DEV_0_DRAM_INTERLEAVED,,,,,,,,,,,,,,,,,['ttnn/cpp/ttnn/operations/matmul/device/kernels/compute/bmm_large_block_zm_fused_bias_activation.cpp'],['bmm_large_block_zm_fused_bias_activation/1274754645942282906/'],['ttnn/cpp/ttnn/operations/matmul/device/kernels/dataflow/reader_bmm_tile_layout_in1_sender_writer_padding.cpp'; 'ttnn/cpp/ttnn/operations/matmul/device/kernels/dataflow/reader_bmm_tile_layout_in0_receiver.cpp'; 'ttnn/cpp/ttnn/operations/matmul/device/kernels/dataflow/reader_bmm_tile_layout_in0_sender_padding.cpp'],['reader_bmm_tile_layout_in1_sender_writer_padding/1372911221216584676/'; 'reader_bmm_tile_layout_in0_receiver/16474901298355976515/'; 'reader_bmm_tile_layout_in0_sender_padding/6446571761682332596/'],5026482001702612760,False,1700,1084,2252,2056,2532,0,0,0,0,19073,2207,19073,[6.872122764587402; 549.7698364257812],[17.180307388305664],5.109,,,,,,,113427
NlpCreateHeadsDeviceOperation,tt_dnn_device,3075,3,blackhole,{'head_dim': '128'; 'num_kv_heads': '4'; 'num_q_heads': '32'; 'output_mem_config': 'MemoryConfig(memory_layout=TensorMemoryLayout::INTERLEAVED;buffer_type=BufferType::DRAM;shard_spec=std::nullopt;nd_shard_spec=std::nullopt;created_with_nd_shard_spec=0;per_core_allocation=0)'; 'transpose_k_heads': 'false'},,1,110,,,9706984231,9707030269,46038,8379320246494,8379320335105,1816733,1816733,65638,65094,65094,,,,6,65088,64773,,,,,,,,,1[1],1[1],32[32],5120[5120],TILE,BFLOAT16,DEV_0_DRAM_INTERLEAVED,,,,,,,,,,,,,,,,,,,,,,,,,,,,,1[1],32[32],32[32],128[128],TILE,BFLOAT16,DEV_0_DRAM_INTERLEAVED,1[1],4[4],32[32],128[128],TILE,BFLOAT16,DEV_0_DRAM_INTERLEAVED,1[1],4[4],32[32],128[128],TILE,BFLOAT16,DEV_0_DRAM_INTERLEAVED,,,[],[],['ttnn/cpp/ttnn/operations/experimental/transformer/nlp_create_qkv_heads/device/kernels/dataflow/writer_tm_tile_layout_nlp_create_qkv_heads.cpp'; 'ttnn/cpp/ttnn/operations/experimental/transformer/nlp_create_qkv_heads/device/kernels/dataflow/reader_tm_tile_layout_nlp_create_qkv_heads.cpp'],['writer_tm_tile_layout_nlp_create_qkv_heads/17180203158143166799/'; 'reader_tm_tile_layout_nlp_create_qkv_heads/10023219644511889326/'],632939487294805582,False,1340,1104,0,0,0,0,0,0,0,1,1,1,[],[],0.002,,,,,,,46038
LayerNormDeviceOperation,tt_dnn_device,4099,3,blackhole,{'compute_kernel_config': 'ComputeKernelConfig(math_fidelity=HiFi4;math_approx_mode=1;fp32_dest_acc_en=0;packer_l1_acc=0;dst_full_sync_en=0;throttle_level=ThrottleLevel::NO_THROTTLE)'; 'distributed_norm_stage': 'DistributedLayerNormStage::NOT_DISTRIBUTED'; 'dtype': 'std::nullopt'; 'eps': '1e-06'; 'fused_activation': 'std::nullopt'; 'norm_type': 'LayerNormType::RMSNORM'; 'output_mem_config': 'MemoryConfig(memory_layout=TensorMemoryLayout::INTERLEAVED;buffer_type=BufferType::DRAM;shard_spec=std::nullopt;nd_shard_spec=std::nullopt;created_with_nd_shard_spec=0;per_core_allocation=0)'; 'program_config': 'LayerNormDefaultProgramConfig(legacy_reduction=0;legacy_rsqrt=0;use_welford=0)'},HiFi4,32,110,,,9710657017,9710717873,60856,8379325207428,8379325215030,3610434,3609839,5631,4699,4696,,,,325,4696,2567,3653,3393,3783,,,,,,1[1],1[1],1024[1024],128[128],TILE,BFLOAT16,DEV_0_DRAM_INTERLEAVED,1[1],1[1],32[1],128[128],TILE,BFLOAT16,DEV_0_DRAM_INTERLEAVED,,,,,,,,,,,,,,,,,,,,,,1[1],1[1],1024[1024],128[128],TILE,BFLOAT16,DEV_0_DRAM_INTERLEAVED,,,,,,,,,,,,,,,,,['ttnn/cpp/ttnn/operations/normalization/layernorm/device/kernels/compute/layernorm.cpp'],['layernorm/15180207647566850585/'],['ttnn/cpp/ttnn/operations/normalization/layernorm/device/kernels/dataflow/writer_unary_interleaved_start_id_blocked.cpp'; 'ttnn/cpp/ttnn/operations/normalization/layernorm/device/kernels/dataflow/reader_unary_interleaved_ln.cpp'],['writer_unary_interleaved_start_id_blocked/15246078614259929809/'; 'reader_unary_interleaved_ln/16697978571074573599/'],8321818677272483842,False,812,1532,3488,3184,3968,0,0,0,0,1,1,1,[],[],0.021,,,,,,,60856
LayerNormDeviceOperation,tt_dnn_device,5123,3,blackhole,{'compute_kernel_config': 'ComputeKernelConfig(math_fidelity=HiFi4;math_approx_mode=1;fp32_dest_acc_en=0;packer_l1_acc=0;dst_full_sync_en=0;throttle_level=ThrottleLevel::NO_THROTTLE)'; 'distributed_norm_stage': 'DistributedLayerNormStage::NOT_DISTRIBUTED'; 'dtype': 'std::nullopt'; 'eps': '1e-06'; 'fused_activation': 'std::nullopt'; 'norm_type': 'LayerNormType::RMSNORM'; 'output_mem_config': 'MemoryConfig(memory_layout=TensorMemoryLayout::INTERLEAVED;buffer_type=BufferType::DRAM;shard_spec=std::nullopt;nd_shard_spec=std::nullopt;created_with_nd_shard_spec=0;per_core_allocation=0)'; 'program_config': 'LayerNormDefaultProgramConfig(legacy_reduction=0;legacy_rsqrt=0;use_welford=0)'},HiFi4,4,110,,,9710974924,9711019078,44154,8379325636005,8379325641997,312330,312511,4439,3928,3790,,,,293,3687,1597,3146,3033,3219,,,,,,1[1],1[1],128[128],128[128],TILE,BFLOAT16,DEV_0_DRAM_INTERLEAVED,1[1],1[1],32[1],128[128],TILE,BFLOAT16,DEV_0_DRAM_INTERLEAVED,,,,,,,,,,,,,,,,,,,,,,1[1],1[1],128[128],128[128],TILE,BFLOAT16,DEV_0_DRAM_INTERLEAVED,,,,,,,,,,,,,,,,,['ttnn/cpp/ttnn/operations/normalization/layernorm/device/kernels/compute/layernorm.cpp'],['layernorm/15180207647566850585/'],['ttnn/cpp/ttnn/operations/normalization/layernorm/device/kernels/dataflow/writer_unary_interleaved_start_id_blocked.cpp'; 'ttnn/cpp/ttnn/operations/normalization/layernorm/device/kernels/dataflow/reader_unary_interleaved_ln.cpp'],['writer_unary_interleaved_start_id_blocked/15246078614259929809/'; 'reader_unary_interleaved_ln/16697978571074573599/'],16781441294949797403,False,812,1532,3488,3184,3968,0,0,0,0,1,1,1,[],[],0.025,,,,,,,44154
RotaryEmbeddingDeviceOperation,tt_dnn_device,6147,3,blackhole,{'compute_kernel_config': 'ComputeKernelConfig(math_fidelity=HiFi4;math_approx_mode=1;fp32_dest_acc_en=0;packer_l1_acc=0;dst_full_sync_en=0;throttle_level=ThrottleLevel::NO_THROTTLE)'; 'output_mem_config': 'MemoryConfig(memory_layout=TensorMemoryLayout::INTERLEAVED;buffer_type=BufferType::DRAM;shard_spec=std::nullopt;nd_shard_spec=std::nullopt;created_with_nd_shard_spec=0;per_core_allocation=0)'; 'seq_len': '32'; 'token_idx': 'std::nullopt'},HiFi4,32,110,,,9714706271,9714757199,50928,8379330674981,8379330691010,3729188,3729188,11873,10950,10950,,,,375,10950,10328,10576,10446,10464,,,,,,1[1],32[32],32[32],128[128],TILE,BFLOAT16,DEV_0_DRAM_INTERLEAVED,1[1],1[1],1024[1024],128[128],TILE,BFLOAT16,DEV_0_DRAM_INTERLEAVED,1[1],1[1],1024[1024],128[128],TILE,BFLOAT16,DEV_0_DRAM_INTERLEAVED,,,,,,,,,,,,,,,1[1],32[32],32[32],128[128],TILE,BFLOAT16,DEV_0_DRAM_INTERLEAVED,,,,,,,,,,,,,,,,,['ttnn/cpp/ttnn/operations/experimental/transformer/rotary_embedding/device/kernels/compute/rotary_embedding.cpp'],['rotary_embedding/10845220642220615917/'],['ttnn/cpp/ttnn/operations/experimental/transformer/rotary_embedding/device/kernels/dataflow/writer_rotary_embedding_interleaved_start_id.cpp'; 'ttnn/cpp/ttnn/operations/experimental/transformer/rotary_embedding/device/kernels/dataflow/reader_rotary_embedding_interleaved_start_id.cpp'],['writer_rotary_embedding_interleaved_start_id/16241444881824124829/'; 'reader_rotary_embedding_interleaved_start_id/6597123393140117044/'],14114695198525197871,False,660,1524,2984,1776,2980,0,0,0,0,1,1,1,[],[],0.009,,,,,,,50928
RotaryEmbeddingDeviceOperation,tt_dnn_device,7171,3,blackhole,{'compute_kernel_config': 'ComputeKernelConfig(math_fidelity=HiFi4;math_approx_mode=1;fp32_dest_acc_en=0;packer_l1_acc=0;dst_full_sync_en=0;throttle_level=ThrottleLevel::NO_THROTTLE)'; 'output_mem_config': 'MemoryConfig(memory_layout=TensorMemoryLayout::INTERLEAVED;buffer_type=BufferType::DRAM;shard_spec=std::nullopt;nd_shard_spec=std::nullopt;created_with_nd_shard_spec=0;per_core_allocation=0)'; 'seq_len': '32'; 'token_idx': 'std::nullopt'},HiFi4,4,110,,,9714929368,9714962681,33313,8379330975027,8379330985533,210889,211072,7782,7277,7104,,,,279,7012,6517,6730,6799,6593,,,,,,1[1],4[4],32[32],128[128],TILE,BFLOAT16,DEV_0_DRAM_INTERLEAVED,1[1],1[1],1024[1024],128[128],TILE,BFLOAT16,DEV_0_DRAM_INTERLEAVED,1[1],1[1],1024[1024],128[128],TILE,BFLOAT16,DEV_0_DRAM_INTERLEAVED,,,,,,,,,,,,,,,1[1],4[4],32[32],128[128],TILE,BFLOAT16,DEV_0_DRAM_INTERLEAVED,,,,,,,,,,,,,,,,,['ttnn/cpp/ttnn/operations/experimental/transformer/rotary_embedding/device/kernels/compute/rotary_embedding.cpp'],['rotary_embedding/10845220642220615917/'],['ttnn/cpp/ttnn/operations/experimental/transformer/rotary_embedding/device/kernels/dataflow/writer_rotary_embedding_interleaved_start_id.cpp'; 'ttnn/cpp/ttnn/operations/experimental/transformer/rotary_embedding/device/kernels/dataflow/reader_rotary_embedding_interleaved_start_id.cpp'],['writer_rotary_embedding_interleaved_start_id/16241444881824124829/'; 'reader_rotary_embedding_interleaved_start_id/6597123393140117044/'],10763190855321626304,False,660,1524,2984,1776,2980,0,0,0,0,1,1,1,[],[],0.014,,,,,,,33313
PagedFillCacheDeviceOperation,tt_dnn_device,8195,3,blackhole,{'batch_idx_fallback': '0'; 'block_size_override': 'std::nullopt'; 'cache_position_modulo': 'std::nullopt'; 'mesh_coords': 'std::nullopt'; 'noop': 'false'},,4,110,,,9716476873,9716510728,33855,8379333062989,8379333065082,1538983,1538983,1550,1039,1039,,,,46,1016,599,,,,,,,,,32[32],4[4],32[32],128[128],TILE,BFLOAT16,DEV_0_DRAM_INTERLEAVED,1[1],4[4],32[32],128[128],TILE,BFLOAT16,DEV_0_DRAM_INTERLEAVED,1[1],1[1],1[1],32[32],ROW_MAJOR,INT32,DEV_0_DRAM_INTERLEAVED,,,,,,,,,,,,,,,32[32],4[4],32[32],128[128],TILE,BFLOAT16,DEV_0_DRAM_INTERLEAVED,,,,,,,,,,,,,,,,,[],[],['ttnn/cpp/ttnn/operations/experimental/paged_cache/device/kernels/dataflow/writer_fill_cache_interleaved.cpp'; 'ttnn/cpp/ttnn/operations/experimental/paged_cache/device/kernels/dataflow/reader_fill_cache_interleaved.cpp'],['writer_fill_cache_interleaved/16727600341549329563/'; 'reader_fill_cache_interleaved/6435835785897849725/'],14476363756386292821,False,1112,700,0,0,0,0,0,0,0,1,1,1,[],[],0.096,,,,,,,33855
PagedFillCacheDeviceOperation,tt_dnn_device,9219,3,blackhole,{'batch_idx_fallback': '0'; 'block_size_override': 'std::nullopt'; 'cache_position_modulo': 'std::nullopt'; 'mesh_coords': 'std::nullopt'; 'noop': 'false'},,4,110,,,9716532580,9716535956,3376,8379333132469,8379333134661,50454,50454,1624,1092,1092,,,,23,1084,667,,,,,,,,,32[32],4[4],32[32],128[128],TILE,BFLOAT16,DEV_0_DRAM_INTERLEAVED,1[1],4[4],32[32],128[128],TILE,BFLOAT16,DEV_0_DRAM_INTERLEAVED,1[1],1[1],1[1],32[32],ROW_MAJOR,INT32,DEV_0_DRAM_INTERLEAVED,,,,,,,,,,,,,,,32[32],4[4],32[32],128[128],TILE,BFLOAT16,DEV_0_DRAM_INTERLEAVED,,,,,,,,,,,,,,,,,[],[],['ttnn/cpp/ttnn/operations/experimental/paged_cache/device/kernels/dataflow/writer_fill_cache_interleaved.cpp'; 'ttnn/cpp/ttnn/operations/experimental/paged_cache/device/kernels/dataflow/reader_fill_cache_interleaved.cpp'],['writer_fill_cache_interleaved/16727600341549329563/'; 'reader_fill_cache_interleaved/6435835785897849725/'],14476363756386292821,False,1112,700,0,0,0,0,0,0,0,1,1,1,[],[],0.092,,,,,,,3376
SDPAOperation,tt_dnn_device,10243,3,blackhole,{'chunk_start_idx': 'std::nullopt'; 'chunk_start_idx_tensor': 'std::nullopt'; 'compute_kernel_config': 'ComputeKernelConfig(math_fidelity=HiFi2;math_approx_mode=1;fp32_dest_acc_en=0;packer_l1_acc=0;dst_full_sync_en=0;throttle_level=ThrottleLevel::NO_THROTTLE)'; 'head_dim_v': 'std::nullopt'; 'is_causal': 'true'; 'is_windowed': 'false'; 'output_mem_config': 'MemoryConfig(memory_layout=TensorMemoryLayout::INTERLEAVED;buffer_type=BufferType::DRAM;shard_spec=std::nullopt;nd_shard_spec=std::nullopt;created_with_nd_shard_spec=0;per_core_allocation=0)'; 'paged_cache_geometry': 'PagedCacheGeometryOverride(block_size=0;num_kv_heads=0)'; 'program_config': 'std::nullopt'; 'scale': 'std::nullopt'; 'sliding_window_size': 'std::nullopt'; 'use_mla': 'false'},HiFi2,110,110,,,9720798238,9720867871,69633,8379338902301,8379338911267,4272678,4272669,6641,5987,5941,,,,672,5813,3796,4463,4631,4501,,,,,,1[1],32[32],32[32],128[128],TILE,BFLOAT16,DEV_0_DRAM_INTERLEAVED,1[1],4[4],32[32],128[128],TILE,BFLOAT16,DEV_0_DRAM_INTERLEAVED,1[1],4[4],32[32],128[128],TILE,BFLOAT16,DEV_0_DRAM_INTERLEAVED,,,,,,,,,,,,,,,1[1],32[32],32[32],128[128],TILE,BFLOAT16,DEV_0_DRAM_INTERLEAVED,,,,,,,,,,,,,,,,,['ttnn/cpp/ttnn/operations/transformer/sdpa/device/kernels/compute/sdpa.cpp'],['sdpa/18177932331883891061/'],['ttnn/cpp/ttnn/operations/transformer/sdpa/device/kernels/dataflow/writer_interleaved.cpp'; 'ttnn/cpp/ttnn/operations/transformer/sdpa/device/kernels/dataflow/reader_interleaved.cpp'],['writer_interleaved/6979120657246354450/'; 'reader_interleaved/3338545782864046413/'],8161004646064852979,False,1832,1496,5044,4308,4600,0,0,0,0,476,29,476,[550.7227172851562; 68.84033966064453; 68.84033966064453],[550.7227172851562],0.484,,,,,,,69633
NLPConcatHeadsDeviceOperation,tt_dnn_device,11267,3,blackhole,{'output_mem_config': 'MemoryConfig(memory_layout=TensorMemoryLayout::INTERLEAVED;buffer_type=BufferType::DRAM;shard_spec=std::nullopt;nd_shard_spec=std::nullopt;created_with_nd_shard_spec=0;per_core_allocation=0)'},,1,110,,,9722372214,9722416018,43804,8379341021794,8379341092889,1563905,1563905,52663,52123,52123,,,,5,52123,51841,,,,,,,,,1[1],32[32],32[32],128[128],TILE,BFLOAT16,DEV_0_DRAM_INTERLEAVED,,,,,,,,,,,,,,,,,,,,,,,,,,,,,1[1],1[1],32[32],4096[4096],TILE,BFLOAT16,DEV_0_DRAM_INTERLEAVED,,,,,,,,,,,,,,,,,[],[],['ttnn/cpp/ttnn/operations/eltwise/unary/device/kernels/dataflow/writer_unary_interleaved_start_id.cpp'; 'ttnn/cpp/ttnn/operations/experimental/transformer/nlp_concat_heads/device/kernels/dataflow/reader_tm_tile_layout_nlp_concat_heads.cpp'],['writer_unary_interleaved_start_id/8198581804604410105/'; 'reader_tm_tile_layout_nlp_concat_heads/482428298375957115/'],1511850410348839823,False,1000,812,0,0,0,0,0,0,0,1,1,1,[],[],0.002,,,,,,,43804
MatmulDeviceOperation,tt_dnn_device,12291,3,blackhole,{'bcast_batch': 'true'; 'compute_kernel_config': 'ComputeKernelConfig(math_fidelity=HiFi2;math_approx_mode=0;fp32_dest_acc_en=0;packer_l1_acc=1;dst_full_sync_en=0;throttle_level=ThrottleLevel::NO_THROTTLE)'; 'global_cb': 'std::nullopt'; 'output_dtype': 'DataType::BFLOAT16'; 'output_mem_config': 'MemoryConfig(memory_layout=TensorMemoryLayout::INTERLEAVED;buffer_type=BufferType::DRAM;shard_spec=std::nullopt;nd_shard_spec=std::nullopt;created_with_nd_shard_spec=0;per_core_allocation=0)'; 'output_tile': 'Tile(tile_shape={32; 32};face_shape={16; 16};num_faces=4)'; 'program_config': 'MatmulMultiCoreReuseMultiCast1DProgramConfig(compute_with_storage_grid_size=11-10;in0_block_w=2;out_subblock_h=1;out_subblock_w=1;out_block_h=1;out_block_w=1;per_core_M=1;per_core_N=1;fuse_batch=0;fused_activation=std::nullopt;mcast_in0=1;gather_in0=0;hop_cores={};num_global_cb_receivers=0;untilize_out=0;allowed_worker_cores={[0-0 - 10-9]};stream_in1=0)'; 'sub_device_id': 'std::nullopt'; 'transpose_a': 'false'; 'transpose_b': 'false'; 'untilize_out': 'false'; 'user_core_coord': 'std::nullopt'; 'user_fused_activation': 'std::nullopt'; 'user_run_batched': 'false'},HiFi2,64,110,,,9726627933,9726703668,75735,8379346772255,8379346873258,4208786,4208815,74817,72954,72953,,,,296,72944,71647,71879,71790,71919,,,,,,1[1],1[1],32[32],4096[4096],TILE,BFLOAT16,DEV_0_DRAM_INTERLEAVED,1[1],1[1],4096[4096],2048[2048],TILE,BFLOAT8_B,DEV_0_DRAM_INTERLEAVED,,,,,,,,,,,,,,,,,,,,,,1[1],1[1],32[32],2048[2048],TILE,BFLOAT16,DEV_0_DRAM_INTERLEAVED,,,,,,,,,,,,,,,,,['ttnn/cpp/ttnn/operations/matmul/device/kernels/compute/bmm_large_block_zm_fused_bias_activation.cpp'],['bmm_large_block_zm_fused_bias_activation/14188398729049186832/'],['ttnn/cpp/ttnn/operations/matmul/device/kernels/dataflow/reader_bmm_tile_layout_in1_sender_writer_padding.cpp'; 'ttnn/cpp/ttnn/operations/matmul/device/kernels/dataflow/reader_bmm_tile_layout_in0_receiver.cpp'; 'ttnn/cpp/ttnn/operations/matmul/device/kernels/dataflow/reader_bmm_tile_layout_in0_sender_padding.cpp'],['reader_bmm_tile_layout_in1_sender_writer_padding/16304139106546317101/'; 'reader_bmm_tile_layout_in0_receiver/16119415944084118729/'; 'reader_bmm_tile_layout_in0_sender_padding/2539131703240695491/'],15100180089920526279,False,1572,1084,2200,2000,2360,0,0,0,0,15258,1766,15258,[17.180757522583008; 549.7842407226562],[8.590378761291504],2.421,,,,,,,75735
BinaryNgDeviceOperation,tt_dnn_device,13315,3,blackhole,{'a_shard_volume': 'std::nullopt'; 'b_shard_volume': 'std::nullopt'; 'binary_op_type': 'BinaryOpType::ADD'; 'c_shard_volume': 'std::nullopt'; 'compute_kernel_config': 'std::nullopt'; 'dtype': 'DataType::BFLOAT16'; 'equal_nan': 'false'; 'input_layout_a': 'Layout::TILE'; 'input_layout_b': 'Layout::TILE'; 'is_quant_op': 'false'; 'is_sfpu': 'false'; 'is_where_op': 'false'; 'lhs_activations': '{}'; 'memory_config': 'MemoryConfig(memory_layout=TensorMemoryLayout::INTERLEAVED;buffer_type=BufferType::DRAM;shard_spec=std::nullopt;nd_shard_spec=std::nullopt;created_with_nd_shard_spec=0;per_core_allocation=0)'; 'output_layout': 'Layout::TILE'; 'post_activations': '{}'; 'rhs_activations': '{}'; 'sub_core_grids': 'std::nullopt'; 'subtile_broadcast_type': 'SubtileBroadcastType::NONE'},HiFi4,110,110,,,9730616381,9730680955,64574,8379352156190,8379352159645,3913429,3913358,2559,1982,1979,,,,181,1937,1459,1427,281,379,,,,,,1[1],1[1],32[32],2048[2048],TILE,BFLOAT16,DEV_0_DRAM_INTERLEAVED,1[1],1[1],32[32],2048[2048],TILE,BFLOAT16,DEV_0_DRAM_INTERLEAVED,,,,,,,,,,,,,,,,,,,,,,1[1],1[1],32[32],2048[2048],TILE,BFLOAT16,DEV_0_DRAM_INTERLEAVED,,,,,,,,,,,,,,,,,['ttnn/cpp/ttnn/operations/eltwise/binary_ng/device/kernels/compute/eltwise_binary_no_bcast.cpp'],['eltwise_binary_no_bcast/977542353808120762/'],['ttnn/cpp/ttnn/operations/eltwise/binary_ng/device/kernels_ng/dataflow/writer_interleaved_no_bcast.cpp'; 'ttnn/cpp/ttnn/operations/eltwise/binary_ng/device/kernels_ng/dataflow/reader_interleaved_no_bcast.cpp'],['writer_interleaved_no_bcast/13894129297280583369/'; 'reader_interleaved_no_bcast/14366374685443138368/'],2300497682472665004,False,1592,2328,1256,784,1300,0,0,0,0,1,1,1,[],[],0.05,,,,,,,64574
LayerNormDeviceOperation,tt_dnn_device,14339,3,blackhole,{'compute_kernel_config': 'ComputeKernelConfig(math_fidelity=HiFi4;math_approx_mode=1;fp32_dest_acc_en=0;packer_l1_acc=0;dst_full_sync_en=0;throttle_level=ThrottleLevel::NO_THROTTLE)'; 'distributed_norm_stage': 'DistributedLayerNormStage::NOT_DISTRIBUTED'; 'dtype': 'std::nullopt'; 'eps': '1e-06'; 'fused_activation': 'std::nullopt'; 'norm_type': 'LayerNormType::RMSNORM'; 'output_mem_config': 'MemoryConfig(memory_layout=TensorMemoryLayout::INTERLEAVED;buffer_type=BufferType::DRAM;shard_spec=std::nullopt;nd_shard_spec=std::nullopt;created_with_nd_shard_spec=0;per_core_allocation=0)'; 'program_config': 'LayerNormDefaultProgramConfig(legacy_reduction=0;legacy_rsqrt=0;use_welford=0)'},HiFi4,1,110,,,9730736631,9730738254,1623,8379352313335,8379352341246,114353,114506,20675,20164,20014,,,,227,19937,10393,19133,19194,19367,,,,,,1[1],1[1],32[32],2048[2048],TILE,BFLOAT16,DEV_0_DRAM_INTERLEAVED,1[1],1[1],32[1],2048[2048],TILE,BFLOAT16,DEV_0_DRAM_INTERLEAVED,,,,,,,,,,,,,,,,,,,,,,1[1],1[1],32[32],2048[2048],TILE,BFLOAT16,DEV_0_DRAM_INTERLEAVED,,,,,,,,,,,,,,,,,['ttnn/cpp/ttnn/operations/normalization/layernorm/device/kernels/compute/layernorm.cpp'],['layernorm/3107190675960002380/'],['ttnn/cpp/ttnn/operations/normalization/layernorm/device/kernels/dataflow/writer_unary_interleaved_start_id_blocked.cpp'; 'ttnn/cpp/ttnn/operations/normalization/layernorm/device/kernels/dataflow/reader_unary_interleaved_ln.cpp'],['writer_unary_interleaved_start_id_blocked/15246078614259929809/'; 'reader_unary_interleaved_ln/15866294076648289277/'],9046266586884838590,False,812,1532,3736,3168,3404,0,0,0,0,1,1,1,[],[],0.005,,,,,,,1623
MatmulDeviceOperation,tt_dnn_device,15363,3,blackhole,{'bcast_batch': 'true'; 'compute_kernel_config': 'ComputeKernelConfig(math_fidelity=HiFi2;math_approx_mode=0;fp32_dest_acc_en=1;packer_l1_acc=0;dst_full_sync_en=0;throttle_level=ThrottleLevel::NO_THROTTLE)'; 'global_cb': 'std::nullopt'; 'output_dtype': 'DataType::FLOAT32'; 'output_mem_config': 'MemoryConfig(memory_layout=TensorMemoryLayout::INTERLEAVED;buffer_type=BufferType::DRAM;shard_spec=std::nullopt;nd_shard_spec=std::nullopt;created_with_nd_shard_spec=0;per_core_allocation=0)'; 'output_tile': 'Tile(tile_shape={32; 32};face_shape={16; 16};num_faces=4)'; 'program_config': 'MatmulMultiCoreReuseMultiCast1DProgramConfig(compute_with_storage_grid_size=11-10;in0_block_w=2;out_subblock_h=1;out_subblock_w=1;out_block_h=1;out_block_w=1;per_core_M=1;per_core_N=1;fuse_batch=0;fused_activation=std::nullopt;mcast_in0=1;gather_in0=0;hop_cores={};num_global_cb_receivers=0;untilize_out=0;allowed_worker_cores={[0-0 - 10-9]};stream_in1=0)'; 'sub_device_id': 'std::nullopt'; 'transpose_a': 'false'; 'transpose_b': 'false'; 'untilize_out': 'false'; 'user_core_coord': 'std::nullopt'; 'user_fused_activation': 'std::nullopt'; 'user_run_batched': 'false'},HiFi2,4,110,,,9734975979,9735053276,77297,8379358037760,8379358072184,4220514,4220625,25499,24547,24532,,,,165,24512,23711,23974,23926,23993,,,,,,1[1],1[1],32[32],2048[2048],TILE,BFLOAT16,DEV_0_DRAM_INTERLEAVED,1[1],1[1],2048[2048],128[128],TILE,BFLOAT16,DEV_0_DRAM_INTERLEAVED,,,,,,,,,,,,,,,,,,,,,,1[1],1[1],32[32],128[128],TILE,FLOAT32,DEV_0_DRAM_INTERLEAVED,,,,,,,,,,,,,,,,,['ttnn/cpp/ttnn/operations/matmul/device/kernels/compute/bmm_large_block_zm_fused_bias_activation.cpp'],['bmm_large_block_zm_fused_bias_activation/2830432141840608960/'],['ttnn/cpp/ttnn/operations/matmul/device/kernels/dataflow/reader_bmm_tile_layout_in1_sender_writer_padding.cpp'; 'ttnn/cpp/ttnn/operations/matmul/device/kernels/dataflow/reader_bmm_tile_layout_in0_receiver.cpp'; 'ttnn/cpp/ttnn/operations/matmul/device/kernels/dataflow/reader_bmm_tile_layout_in0_sender_padding.cpp'],['reader_bmm_tile_layout_in1_sender_writer_padding/7103746181208400022/'; 'reader_bmm_tile_layout_in0_receiver/15506354397216073340/'; 'reader_bmm_tile_layout_in0_sender_padding/17451842799225707595/'],6514762911987841311,False,1572,1084,2308,1984,2220,0,0,0,0,953,56,953,[137.53619384765625; 550.144775390625],[17.19202423095703],0.228,,,,,,,77297
TopKDeviceOperation,tt_dnn_device,16387,3,blackhole,{'dim': '-1'; 'k': '32'; 'largest': 'true'; 'output_memory_config': 'MemoryConfig(memory_layout=TensorMemoryLayout::INTERLEAVED;buffer_type=BufferType::DRAM;shard_spec=std::nullopt;nd_shard_spec=std::nullopt;created_with_nd_shard_spec=0;per_core_allocation=0)'; 'sorted': 'true'; 'stable': 'false'; 'sub_core_grids': '{[0-0 - 10-9]}'},HiFi4,1,110,,,9739031766,9739077112,45346,8379363512199,8379363548564,4030216,4030216,26937,26386,26386,,,,141,26289,16786,25667,25621,25617,,,,,,1[1],1[1],32[32],128[128],TILE,FLOAT32,DEV_0_DRAM_INTERLEAVED,,,,,,,,,,,,,,,,,,,,,,,,,,,,,1[1],1[1],32[32],32[32],TILE,FLOAT32,DEV_0_DRAM_INTERLEAVED,1[1],1[1],32[32],32[32],TILE,UINT32,DEV_0_DRAM_INTERLEAVED,,,,,,,,,,['ttnn/cpp/ttnn/operations/reduction/topk/device/kernels/compute/topk.cpp'],['topk/10187201519481678783/'],['ttnn/cpp/ttnn/operations/reduction/topk/device/kernels/dataflow/writer_binary_interleaved.cpp'; 'ttnn/cpp/ttnn/operations/reduction/topk/device/kernels/dataflow/reader_create_index_tensor.cpp'],['writer_binary_interleaved/7582853304812929306/'; 'reader_create_index_tensor/15469518006513943292/'],16968974447253838031,False,1484,1236,7112,7212,4072,0,0,0,0,1,1,1,[],[],0.004,,,,,,,45346
SliceDeviceOperation,tt_dnn_device,17411,3,blackhole,{'num_devices': 'std::nullopt'; 'output_mem_config': 'MemoryConfig(memory_layout=TensorMemoryLayout::INTERLEAVED;buffer_type=BufferType::DRAM;shard_spec=std::nullopt;nd_shard_spec=std::nullopt;created_with_nd_shard_spec=0;per_core_allocation=0)'; 'slice_dim': 'std::nullopt'; 'slice_end': 'Shape([1; 1; 32; 32])'; 'slice_start': 'Shape([0; 0; 0; 0])'; 'step': 'Shape([1; 1; 1; 1])'; 'sub_core_grids': 'std::nullopt'; 'use_tensor_args': 'false'},,1,110,,,9740720471,9740790786,70315,8379365789525,8379365791393,1661122,1661122,1384,867,867,,,,1,866,639,,,,,,,,,1[1],1[1],32[32],32[32],TILE,FLOAT32,DEV_0_DRAM_INTERLEAVED,,,,,,,,,,,,,,,,,,,,,,,,,,,,,1[1],1[1],32[32],32[32],TILE,FLOAT32,DEV_0_DRAM_INTERLEAVED,,,,,,,,,,,,,,,,,[],[],['ttnn/cpp/ttnn/operations/data_movement/slice/device/kernels/dataflow/writer_unary_interleaved_start_id.cpp'; 'ttnn/cpp/ttnn/operations/data_movement/slice/device/kernels/dataflow/reader_unary_unpad_dims_interleaved_start_id.cpp'],['writer_unary_interleaved_start_id/7567965893877254614/'; 'reader_unary_unpad_dims_interleaved_start_id/15749507964430787242/'],4450460467888759024,False,988,1024,0,0,0,0,0,0,0,465,465,7,[8.808602333068848],[8.808602333068848],53.633,,,,,,,70315
SliceDeviceOperation,tt_dnn_device,18435,3,blackhole,{'num_devices': 'std::nullopt'; 'output_mem_config': 'MemoryConfig(memory_layout=TensorMemoryLayout::INTERLEAVED;buffer_type=BufferType::DRAM;shard_spec=std::nullopt;nd_shard_spec=std::nullopt;created_with_nd_shard_spec=0;per_core_allocation=0)'; 'slice_dim': 'std::nullopt'; 'slice_end': 'Shape([1; 1; 32; 32])'; 'slice_start': 'Shape([0; 0; 0; 0])'; 'step': 'Shape([1; 1; 1; 1])'; 'sub_core_grids': 'std::nullopt'; 'use_tensor_args': 'false'},,1,110,,,9742393016,9742436108,43092,8379368049715,8379368051590,1673998,1673998,1389,867,867,,,,3,867,636,,,,,,,,,1[1],1[1],32[32],32[32],TILE,UINT32,DEV_0_DRAM_INTERLEAVED,,,,,,,,,,,,,,,,,,,,,,,,,,,,,1[1],1[1],32[32],32[32],TILE,UINT32,DEV_0_DRAM_INTERLEAVED,,,,,,,,,,,,,,,,,[],[],['ttnn/cpp/ttnn/operations/data_movement/slice/device/kernels/dataflow/writer_unary_interleaved_start_id.cpp'; 'ttnn/cpp/ttnn/operations/data_movement/slice/device/kernels/dataflow/reader_unary_unpad_dims_interleaved_start_id.cpp'],['writer_unary_interleaved_start_id/311284428576550980/'; 'reader_unary_unpad_dims_interleaved_start_id/10449458964895682941/'],6190588712086172930,False,988,1024,0,0,0,0,0,0,0,465,465,7,[8.808602333068848],[8.808602333068848],53.633,,,,,,,43092
SliceDeviceOperation,tt_dnn_device,19459,3,blackhole,{'num_devices': 'std::nullopt'; 'output_mem_config': 'MemoryConfig(memory_layout=TensorMemoryLayout::INTERLEAVED;buffer_type=BufferType::DRAM;shard_spec=std::nullopt;nd_shard_spec=std::nullopt;created_with_nd_shard_spec=0;per_core_allocation=0)'; 'slice_dim': 'std::nullopt'; 'slice_end': 'Shape([1; 1; 32; 32])'; 'slice_start': 'Shape([0; 0; 0; 0])'; 'step': 'Shape([1; 1; 1; 1])'; 'sub_core_grids': 'std::nullopt'; 'use_tensor_args': 'false'},,1,110,,,9742570886,9742603097,32211,8379368289829,8379368291734,176923,176923,1411,890,890,,,,1,889,661,,,,,,,,,1[1],1[1],32[32],32[8],TILE,FLOAT32,DEV_0_DRAM_INTERLEAVED,,,,,,,,,,,,,,,,,,,,,,,,,,,,,1[1],1[1],32[32],32[32],TILE,FLOAT32,DEV_0_DRAM_INTERLEAVED,,,,,,,,,,,,,,,,,[],[],['ttnn/cpp/ttnn/operations/data_movement/slice/device/kernels/dataflow/writer_unary_interleaved_start_id.cpp'; 'ttnn/cpp/ttnn/operations/data_movement/slice/device/kernels/dataflow/reader_unary_unpad_dims_interleaved_start_id.cpp'],['writer_unary_interleaved_start_id/7567965893877254614/'; 'reader_unary_unpad_dims_interleaved_start_id/15749507964430787242/'],16756937806825452129,False,988,1024,0,0,0,0,0,0,0,465,465,7,[8.808602333068848],[8.808602333068848],52.247,,,,,,,32211
BinaryNgDeviceOperation,tt_dnn_device,20483,3,blackhole,{'a_shard_volume': 'std::nullopt'; 'b_shard_volume': 'std::nullopt'; 'binary_op_type': 'BinaryOpType::SUB'; 'c_shard_volume': 'std::nullopt'; 'compute_kernel_config': 'std::nullopt'; 'dtype': 'DataType::FLOAT32'; 'equal_nan': 'false'; 'input_layout_a': 'Layout::TILE'; 'input_layout_b': 'Layout::TILE'; 'is_quant_op': 'false'; 'is_sfpu': 'true'; 'is_where_op': 'false'; 'lhs_activations': '{}'; 'memory_config': 'MemoryConfig(memory_layout=TensorMemoryLayout::INTERLEAVED;buffer_type=BufferType::DRAM;shard_spec=std::nullopt;nd_shard_spec=std::nullopt;created_with_nd_shard_spec=0;per_core_allocation=0)'; 'output_layout': 'Layout::TILE'; 'post_activations': '{}'; 'rhs_activations': '{}'; 'sub_core_grids': 'std::nullopt'; 'subtile_broadcast_type': 'SubtileBroadcastType::COL_B'},HiFi4,110,110,,,9746276173,9746339584,63411,8379373297271,8379373306057,3708107,3708430,6508,5924,5880,,,,229,5852,5036,5287,5381,352,,,,,,1[1],1[1],32[32],32[8],TILE,FLOAT32,DEV_0_DRAM_INTERLEAVED,1[1],1[1],32[32],32[1],TILE,FLOAT32,DEV_0_DRAM_INTERLEAVED,,,,,,,,,,,,,,,,,,,,,,1[1],1[1],32[32],32[8],TILE,FLOAT32,DEV_0_DRAM_INTERLEAVED,,,,,,,,,,,,,,,,,['ttnn/cpp/ttnn/operations/eltwise/binary_ng/device/kernels/compute/eltwise_binary_sfpu.cpp'],['eltwise_binary_sfpu/17163318339426944713/'],['ttnn/cpp/ttnn/operations/eltwise/binary_ng/device/kernels_ng/dataflow/writer_interleaved_no_bcast.cpp'; 'ttnn/cpp/ttnn/operations/eltwise/binary_ng/device/kernels_ng/dataflow/reader_interleaved_col_bcast.cpp'],['writer_interleaved_no_bcast/10557222089668481425/'; 'reader_interleaved_col_bcast/471517015489608246/'],8176690856866467724,False,1584,1780,3316,2028,1836,0,0,0,0,1,1,1,[],[],0.017,,,,,,,63411
UnaryDeviceOperation,tt_dnn_device,21507,3,blackhole,{'bfp8_pack_precise': 'false'; 'fp32_dest_acc_en': 'true'; 'memory_config': 'MemoryConfig(memory_layout=TensorMemoryLayout::INTERLEAVED;buffer_type=BufferType::DRAM;shard_spec=std::nullopt;nd_shard_spec=std::nullopt;created_with_nd_shard_spec=0;per_core_allocation=0)'; 'op_chain': '{BasicUnaryWithParam<float; int; unsigned int>(base=BasicUnaryWithParam<float>(op_type=UnaryOpType::EXP;param={0}))}'; 'output_dtype': 'DataType::FLOAT32'; 'preserve_fp32_precision': 'true'; 'sub_core_grids': 'std::nullopt'; 'worker_grid': '{[0-0 - 10-9]}'},HiFi4,110,110,,,9750097703,9750164791,67088,8379378455365,8379378459110,3814692,3814631,2774,2191,2188,,,,183,2172,673,756,1790,333,,,,,,1[1],1[1],32[32],32[8],TILE,FLOAT32,DEV_0_DRAM_INTERLEAVED,,,,,,,,,,,,,,,,,,,,,,,,,,,,,1[1],1[1],32[32],32[8],TILE,FLOAT32,DEV_0_DRAM_INTERLEAVED,,,,,,,,,,,,,,,,,['ttnn/cpp/ttnn/operations/eltwise/unary/device/kernels/compute/eltwise_sfpu.cpp'],['eltwise_sfpu/17514438104742452371/'],['ttnn/cpp/ttnn/operations/eltwise/unary/device/kernels/dataflow/writer_unary.cpp'; 'ttnn/cpp/ttnn/operations/eltwise/unary/device/kernels/dataflow/reader_unary.cpp'],['writer_unary/1272049559665435637/'; 'reader_unary/610144119908424084/'],7045176182180117036,False,988,916,1656,1108,1264,0,0,0,0,1,1,1,[],[],0.046,,,,,,,67088
UnaryDeviceOperation,tt_dnn_device,22531,3,blackhole,{'bfp8_pack_precise': 'false'; 'fp32_dest_acc_en': 'true'; 'memory_config': 'MemoryConfig(memory_layout=TensorMemoryLayout::INTERLEAVED;buffer_type=BufferType::DRAM;shard_spec=std::nullopt;nd_shard_spec=std::nullopt;created_with_nd_shard_spec=0;per_core_allocation=0)'; 'op_chain': '{BasicUnaryWithParam<float; int; unsigned int>(base=BasicUnaryWithParam<float>(op_type=UnaryOpType::FILL;param={0}))}'; 'output_dtype': 'DataType::FLOAT32'; 'preserve_fp32_precision': 'true'; 'sub_core_grids': 'std::nullopt'; 'worker_grid': '{[0-0 - 10-9]}'},HiFi4,110,110,,,9752736543,9752784344,47801,8379382018662,8379382021059,2636224,2637774,1776,1201,1198,,,,174,1161,644,690,760,347,,,,,,1[1],1[1],32[32],128[128],TILE,FLOAT32,DEV_0_DRAM_INTERLEAVED,,,,,,,,,,,,,,,,,,,,,,,,,,,,,1[1],1[1],32[32],128[128],TILE,FLOAT32,DEV_0_DRAM_INTERLEAVED,,,,,,,,,,,,,,,,,['ttnn/cpp/ttnn/operations/eltwise/unary/device/kernels/compute/eltwise_sfpu.cpp'],['eltwise_sfpu/10072215212578361457/'],['ttnn/cpp/ttnn/operations/eltwise/unary/device/kernels/dataflow/writer_unary.cpp'; 'ttnn/cpp/ttnn/operations/eltwise/unary/device/kernels/dataflow/reader_unary.cpp'],['writer_unary/1272049559665435637/'; 'reader_unary/610144119908424084/'],4319926894863484542,False,988,916,1656,940,1264,0,0,0,0,1,1,1,[],[],0.083,,,,,,,47801
TypecastDeviceOperation,tt_dnn_device,23555,3,blackhole,{'bfp8_pack_precise': 'false'; 'fp32_dest_acc_en': 'true'; 'input_dtype': 'DataType::FLOAT32'; 'output_dtype': 'DataType::BFLOAT16'; 'output_memory_config': 'MemoryConfig(memory_layout=TensorMemoryLayout::INTERLEAVED;buffer_type=BufferType::DRAM;shard_spec=std::nullopt;nd_shard_spec=std::nullopt;created_with_nd_shard_spec=0;per_core_allocation=0)'; 'preserve_fp32_precision': 'true'; 'sub_core_grids': 'std::nullopt'},HiFi4,4,110,,,9756249103,9756288127,39024,8379386754943,8379386757519,3508072,3505984,1908,1307,1304,,,,80,1304,620,704,976,275,,,,,,1[1],1[1],32[32],128[128],TILE,FLOAT32,DEV_0_DRAM_INTERLEAVED,,,,,,,,,,,,,,,,,,,,,,,,,,,,,1[1],1[1],32[32],128[128],TILE,BFLOAT16,DEV_0_DRAM_INTERLEAVED,,,,,,,,,,,,,,,,,['ttnn/cpp/ttnn/operations/copy/typecast/device/kernels/compute/eltwise_typecast.cpp'],['eltwise_typecast/6249923839187878605/'],['ttnn/cpp/ttnn/operations/copy/typecast/device/kernels/dataflow/writer_unary_interleaved_start_id_metal2.cpp'; 'ttnn/cpp/ttnn/operations/copy/typecast/device/kernels/dataflow/reader_unary_interleaved_start_id_metal2.cpp'],['writer_unary_interleaved_start_id_metal2/15046371244628305478/'; 'reader_unary_interleaved_start_id_metal2/11740744753541136907/'],7288541304880236227,False,1000,920,1188,1008,1132,0,0,0,0,1,1,1,[],[],0.077,,,,,,,39024
TypecastDeviceOperation,tt_dnn_device,24579,3,blackhole,{'bfp8_pack_precise': 'false'; 'fp32_dest_acc_en': 'true'; 'input_dtype': 'DataType::FLOAT32'; 'output_dtype': 'DataType::BFLOAT16'; 'output_memory_config': 'MemoryConfig(memory_layout=TensorMemoryLayout::INTERLEAVED;buffer_type=BufferType::DRAM;shard_spec=std::nullopt;nd_shard_spec=std::nullopt;created_with_nd_shard_spec=0;per_core_allocation=0)'; 'preserve_fp32_precision': 'true'; 'sub_core_grids': 'std::nullopt'},HiFi4,1,110,,,9756473541,9756502356,28815,8379387059341,8379387061797,224030,224195,1819,1281,1273,,,,27,1254,552,659,911,204,,,,,,1[1],1[1],32[32],32[8],TILE,FLOAT32,DEV_0_DRAM_INTERLEAVED,,,,,,,,,,,,,,,,,,,,,,,,,,,,,1[1],1[1],32[32],32[8],TILE,BFLOAT16,DEV_0_DRAM_INTERLEAVED,,,,,,,,,,,,,,,,,['ttnn/cpp/ttnn/operations/copy/typecast/device/kernels/compute/eltwise_typecast.cpp'],['eltwise_typecast/6249923839187878605/'],['ttnn/cpp/ttnn/operations/copy/typecast/device/kernels/dataflow/writer_unary_interleaved_start_id_metal2.cpp'; 'ttnn/cpp/ttnn/operations/copy/typecast/device/kernels/dataflow/reader_unary_interleaved_start_id_metal2.cpp'],['writer_unary_interleaved_start_id_metal2/15046371244628305478/'; 'reader_unary_interleaved_start_id_metal2/11740744753541136907/'],6113780780031399577,False,1000,920,1188,1008,1132,0,0,0,0,1,1,1,[],[],0.078,,,,,,,28815
UntilizeDeviceOperation,tt_dnn_device,25603,3,blackhole,{'enough_space_height': 'true'; 'fp32_dest_acc_en': 'false'; 'output_mem_config': 'MemoryConfig(memory_layout=TensorMemoryLayout::INTERLEAVED;buffer_type=BufferType::DRAM;shard_spec=std::nullopt;nd_shard_spec=std::nullopt;created_with_nd_shard_spec=0;per_core_allocation=0)'; 'pf_type': '2'; 'sub_core_grids': 'std::nullopt'; 'use_multicore': 'true'},HiFi4,1,110,,,9759813741,9759859218,45477,8379391567684,8379391573372,3337918,3337918,4213,3693,3693,,,,88,3605,1601,1599,1674,1900,,,,,,1[1],1[1],32[32],128[128],TILE,BFLOAT16,DEV_0_DRAM_INTERLEAVED,,,,,,,,,,,,,,,,,,,,,,,,,,,,,1[1],1[1],32[32],128[128],ROW_MAJOR,BFLOAT16,DEV_0_DRAM_INTERLEAVED,,,,,,,,,,,,,,,,,['ttnn/cpp/ttnn/operations/data_movement/untilize/device/kernels/compute/untilize_variable_num_blocks.cpp'],['untilize_variable_num_blocks/10627069728688322640/'],['ttnn/cpp/ttnn/operations/data_movement/untilize/device/kernels/dataflow/writer_unary_stick_layout_split_rows_multi_core.cpp'; 'ttnn/cpp/ttnn/operations/data_movement/untilize/device/kernels/dataflow/reader_unary_start_id.cpp'],['writer_unary_stick_layout_split_rows_multi_core/5711674862765217439/'; 'reader_unary_start_id/494698138264657040/'],12972708401141422927,False,1292,624,1176,980,2696,0,0,0,0,724,724,14,[11.31491756439209],[11.31491756439209],19.605,,,,,,,45477
UntilizeWithUnpaddingDeviceOperation,tt_dnn_device,26627,3,blackhole,{'enough_space_height': 'true'; 'fp32_dest_acc_en': 'true'; 'output_mem_config': 'MemoryConfig(memory_layout=TensorMemoryLayout::INTERLEAVED;buffer_type=BufferType::DRAM;shard_spec=std::nullopt;nd_shard_spec=std::nullopt;created_with_nd_shard_spec=0;per_core_allocation=0)'; 'output_tensor_end': 'Shape([0; 0; 31; 7])'; 'sub_core_grids': 'std::nullopt'; 'use_multicore': 'true'},HiFi4,1,110,,,9763137220,9763183398,46178,8379396054158,8379396067720,3319488,3319658,10046,9504,9503,,,,71,9433,541,625,165,799,,,,,,1[1],1[1],32[32],32[8],TILE,UINT32,DEV_0_DRAM_INTERLEAVED,,,,,,,,,,,,,,,,,,,,,,,,,,,,,1[1],1[1],32[32],8[8],ROW_MAJOR,UINT32,DEV_0_DRAM_INTERLEAVED,,,,,,,,,,,,,,,,,['ttnn/cpp/ttnn/operations/data_movement/untilize/device/kernels/compute/untilize.cpp'],['untilize/10535742362802372181/'],['ttnn/cpp/ttnn/operations/data_movement/untilize_with_unpadding/device/kernels/dataflow/writer_unary_stick_layout_split_rows_multicore.cpp'; 'ttnn/cpp/ttnn/operations/eltwise/unary/device/kernels/dataflow/reader_unary_interleaved_start_id.cpp'],['writer_unary_stick_layout_split_rows_multicore/10626284547325545706/'; 'reader_unary_interleaved_start_id/6584700339377454702/'],15250681014393972163,False,1644,916,1448,868,2368,0,0,0,0,1644,1644,7,[2.4914841651916504],[0.6228710412979126],17.298,,,,,,,46178
UntilizeWithUnpaddingDeviceOperation,tt_dnn_device,27651,3,blackhole,{'enough_space_height': 'true'; 'fp32_dest_acc_en': 'false'; 'output_mem_config': 'MemoryConfig(memory_layout=TensorMemoryLayout::INTERLEAVED;buffer_type=BufferType::DRAM;shard_spec=std::nullopt;nd_shard_spec=std::nullopt;created_with_nd_shard_spec=0;per_core_allocation=0)'; 'output_tensor_end': 'Shape([0; 0; 31; 7])'; 'sub_core_grids': 'std::nullopt'; 'use_multicore': 'true'},HiFi4,1,110,,,9766562152,9766609783,47631,8379400677203,8379400690654,3414971,3414971,9964,9420,9420,,,,65,9355,501,526,153,723,,,,,,1[1],1[1],32[32],32[8],TILE,BFLOAT16,DEV_0_DRAM_INTERLEAVED,,,,,,,,,,,,,,,,,,,,,,,,,,,,,1[1],1[1],32[32],8[8],ROW_MAJOR,BFLOAT16,DEV_0_DRAM_INTERLEAVED,,,,,,,,,,,,,,,,,['ttnn/cpp/ttnn/operations/data_movement/untilize/device/kernels/compute/untilize.cpp'],['untilize/17439193244191238476/'],['ttnn/cpp/ttnn/operations/data_movement/untilize_with_unpadding/device/kernels/dataflow/writer_unary_stick_layout_split_rows_multicore.cpp'; 'ttnn/cpp/ttnn/operations/eltwise/unary/device/kernels/dataflow/reader_unary_interleaved_start_id.cpp'],['writer_unary_stick_layout_split_rows_multicore/10724289071240539382/'; 'reader_unary_interleaved_start_id/2545521747126954072/'],9940351564355235516,False,1644,924,1300,804,2368,0,0,0,0,1606,1606,3,[1.275217890739441],[0.31880447268486023],17.049,,,,,,,47631
ScatterDeviceOperation,tt_dnn_device,28675,3,blackhole,{'dim': '3'; 'opt_reduction': 'ScatterReductionType::INVALID'; 'output_memory_config': 'MemoryConfig(memory_layout=TensorMemoryLayout::INTERLEAVED;buffer_type=BufferType::DRAM;shard_spec=std::nullopt;nd_shard_spec=std::nullopt;created_with_nd_shard_spec=0;per_core_allocation=0)'; 'sub_core_grid': 'std::nullopt'},,32,110,,,9768481648,9768527726,46078,8379403270193,8379403275717,1911742,1911742,4092,3120,3120,,,,102,3119,2859,,,,,,,,,1[1],1[1],32[32],128[128],ROW_MAJOR,BFLOAT16,DEV_0_DRAM_INTERLEAVED,1[1],1[1],32[32],8[8],ROW_MAJOR,UINT32,DEV_0_DRAM_INTERLEAVED,1[1],1[1],32[32],8[8],ROW_MAJOR,BFLOAT16,DEV_0_DRAM_INTERLEAVED,,,,,,,,,,,,,,,1[1],1[1],32[32],128[128],ROW_MAJOR,BFLOAT16,DEV_0_DRAM_INTERLEAVED,,,,,,,,,,,,,,,,,[],[],['ttnn/cpp/ttnn/operations/data_movement/scatter/device/kernels/dataflow/writer_scatter.cpp'; 'ttnn/cpp/ttnn/operations/data_movement/scatter/device/kernels/dataflow/reader_scatter.cpp'],['writer_scatter/15346844766232413880/'; 'reader_scatter/3325434509694884421/'],14443559369858150472,False,796,2280,0,0,0,0,0,0,0,466,466,14,[17.57939910888672],[17.57939910888672],14.936,,,,,,,46078
TilizeDeviceOperation,tt_dnn_device,29699,3,blackhole,{'enough_space_height': 'true'; 'output_dtype': 'DataType::BFLOAT16'; 'output_mem_config': 'MemoryConfig(memory_layout=TensorMemoryLayout::INTERLEAVED;buffer_type=BufferType::DRAM;shard_spec=std::nullopt;nd_shard_spec=std::nullopt;created_with_nd_shard_spec=0;per_core_allocation=0)'; 'sub_core_grids': 'std::nullopt'; 'tile': 'Tile(tile_shape={32; 32};face_shape={16; 16};num_faces=4)'; 'use_low_perf': 'false'; 'use_multicore': 'true'},HiFi4,1,110,,,9771948751,9771988947,40196,8379407949973,8379407953377,3463134,3462371,2521,1989,1973,,,,119,1888,1125,1147,144,1198,,,,,,1[1],1[1],32[32],128[128],ROW_MAJOR,BFLOAT16,DEV_0_DRAM_INTERLEAVED,,,,,,,,,,,,,,,,,,,,,,,,,,,,,1[1],1[1],32[32],128[128],TILE,BFLOAT16,DEV_0_DRAM_INTERLEAVED,,,,,,,,,,,,,,,,,['ttnn/cpp/ttnn/kernel/compute/tilize.cpp'],['tilize/10751520087061153448/'],['ttnn/cpp/ttnn/operations/eltwise/unary/device/kernels/dataflow/writer_unary_interleaved_start_id.cpp'; 'ttnn/cpp/ttnn/operations/data_movement/tilize/device/kernels/dataflow/reader_unary_stick_layout_split_rows_multicore.cpp'],['writer_unary_interleaved_start_id/7928758407117413871/'; 'reader_unary_stick_layout_split_rows_multicore/7732134740375942582/'],15975858317212110557,False,1000,940,1180,784,2020,0,0,0,0,1,1,1,[],[],0.05,,,,,,,40196
MatmulDeviceOperation,tt_dnn_device,30723,3,blackhole,{'bcast_batch': 'true'; 'compute_kernel_config': 'ComputeKernelConfig(math_fidelity=HiFi2;math_approx_mode=0;fp32_dest_acc_en=0;packer_l1_acc=1;dst_full_sync_en=0;throttle_level=ThrottleLevel::NO_THROTTLE)'; 'global_cb': 'std::nullopt'; 'output_dtype': 'DataType::BFLOAT16'; 'output_mem_config': 'MemoryConfig(memory_layout=TensorMemoryLayout::INTERLEAVED;buffer_type=BufferType::DRAM;shard_spec=std::nullopt;nd_shard_spec=std::nullopt;created_with_nd_shard_spec=0;per_core_allocation=0)'; 'output_tile': 'Tile(tile_shape={32; 32};face_shape={16; 16};num_faces=4)'; 'program_config': 'MatmulMultiCoreReuseMultiCast1DProgramConfig(compute_with_storage_grid_size=11-10;in0_block_w=2;out_subblock_h=1;out_subblock_w=1;out_block_h=1;out_block_w=1;per_core_M=1;per_core_N=1;fuse_batch=0;fused_activation=std::nullopt;mcast_in0=0;gather_in0=0;hop_cores={};num_global_cb_receivers=0;untilize_out=0;allowed_worker_cores={[0-0 - 10-9]};stream_in1=0)'; 'sub_device_id': 'std::nullopt'; 'transpose_a': 'false'; 'transpose_b': 'false'; 'untilize_out': 'false'; 'user_core_coord': 'std::nullopt'; 'user_fused_activation': 'std::nullopt'; 'user_run_batched': 'false'},HiFi2,1,110,,,9775893876,9775964842,70966,8379413274793,8379413277966,3942727,3942009,2350,1815,1808,,,,93,1721,1077,1332,1281,727,,,,,,1[1],1[1],32[32],128[128],TILE,BFLOAT16,DEV_0_DRAM_INTERLEAVED,1[1],1[1],128[128],32[1],TILE,BFLOAT16,DEV_0_DRAM_INTERLEAVED,,,,,,,,,,,,,,,,,,,,,,1[1],1[1],32[32],32[1],TILE,BFLOAT16,DEV_0_DRAM_INTERLEAVED,,,,,,,,,,,,,,,,,['ttnn/cpp/ttnn/operations/matmul/device/kernels/compute/bmm_large_block_zm_fused_bias_activation.cpp'],['bmm_large_block_zm_fused_bias_activation/12433783672907442444/'],['ttnn/cpp/ttnn/operations/matmul/device/kernels/dataflow/reader_bmm_tile_layout_in1_sender_writer_padding.cpp'; 'ttnn/cpp/ttnn/operations/matmul/device/kernels/dataflow/reader_bmm_tile_layout_in0_sender_padding.cpp'],['reader_bmm_tile_layout_in1_sender_writer_padding/18216041614972674054/'; 'reader_bmm_tile_layout_in0_sender_padding/18175078349124940600/'],2373866988060775313,False,1600,732,1984,1800,1444,0,0,0,0,14,1,14,[585.1428833007812; 585.1428833007812],[146.2857208251953],0.055,,,,,,,70966
UnaryDeviceOperation,tt_dnn_device,31747,3,blackhole,{'bfp8_pack_precise': 'false'; 'fp32_dest_acc_en': 'false'; 'memory_config': 'MemoryConfig(memory_layout=TensorMemoryLayout::INTERLEAVED;buffer_type=BufferType::DRAM;shard_spec=std::nullopt;nd_shard_spec=std::nullopt;created_with_nd_shard_spec=0;per_core_allocation=0)'; 'op_chain': '{BasicUnaryWithParam<float; int; unsigned int>(base=BasicUnaryWithParam<float>(op_type=UnaryOpType::MAXIMUM;param={1e-30}))}'; 'output_dtype': 'DataType::BFLOAT16'; 'preserve_fp32_precision': 'false'; 'sub_core_grids': 'std::nullopt'; 'worker_grid': '{[0-0 - 10-9]}'},HiFi4,110,110,,,10124714310,10124820813,106503,8379884176980,8379884179287,348837616,348733876,1709,1126,1119,,,,210,1078,611,655,757,319,,,,,,1[1],1[1],32[32],32[1],TILE,BFLOAT16,DEV_0_DRAM_INTERLEAVED,,,,,,,,,,,,,,,,,,,,,,,,,,,,,1[1],1[1],32[32],32[1],TILE,BFLOAT16,DEV_0_DRAM_INTERLEAVED,,,,,,,,,,,,,,,,,['ttnn/cpp/ttnn/operations/eltwise/unary/device/kernels/compute/eltwise_sfpu.cpp'],['eltwise_sfpu/18179874796942492372/'],['ttnn/cpp/ttnn/operations/eltwise/unary/device/kernels/dataflow/writer_unary.cpp'; 'ttnn/cpp/ttnn/operations/eltwise/unary/device/kernels/dataflow/reader_unary.cpp'],['writer_unary/7190146912720469491/'; 'reader_unary/6272706091368223538/'],8726560459931184658,False,1000,924,1388,980,1268,0,0,0,0,1,1,1,[],[],0.089,,,,,,,106503
BinaryNgDeviceOperation,tt_dnn_device,32771,3,blackhole,{'a_shard_volume': 'std::nullopt'; 'b_shard_volume': 'std::nullopt'; 'binary_op_type': 'BinaryOpType::DIV'; 'c_shard_volume': 'std::nullopt'; 'compute_kernel_config': 'std::nullopt'; 'dtype': 'DataType::BFLOAT16'; 'equal_nan': 'false'; 'input_layout_a': 'Layout::TILE'; 'input_layout_b': 'Layout::TILE'; 'is_quant_op': 'false'; 'is_sfpu': 'true'; 'is_where_op': 'false'; 'lhs_activations': '{}'; 'memory_config': 'MemoryConfig(memory_layout=TensorMemoryLayout::INTERLEAVED;buffer_type=BufferType::DRAM;shard_spec=std::nullopt;nd_shard_spec=std::nullopt;created_with_nd_shard_spec=0;per_core_allocation=0)'; 'output_layout': 'Layout::TILE'; 'post_activations': '{}'; 'rhs_activations': '{}'; 'sub_core_grids': 'std::nullopt'; 'subtile_broadcast_type': 'SubtileBroadcastType::COL_B'},HiFi4,110,110,,,10129619509,10129716585,97076,8379890800160,8379890804530,4904118,4904815,3237,2644,2634,,,,180,2601,1257,1418,2215,1050,,,,,,1[1],1[1],32[32],128[128],TILE,BFLOAT16,DEV_0_DRAM_INTERLEAVED,1[1],1[1],32[32],32[1],TILE,BFLOAT16,DEV_0_DRAM_INTERLEAVED,,,,,,,,,,,,,,,,,,,,,,1[1],1[1],32[32],128[128],TILE,BFLOAT16,DEV_0_DRAM_INTERLEAVED,,,,,,,,,,,,,,,,,['ttnn/cpp/ttnn/operations/eltwise/binary_ng/device/kernels_ng/compute/eltwise_binary_sfpu_col_bcast.cpp'],['eltwise_binary_sfpu_col_bcast/8632573695474553023/'],['ttnn/cpp/ttnn/operations/eltwise/binary_ng/device/kernels_ng/dataflow/writer_interleaved_no_bcast.cpp'; 'ttnn/cpp/ttnn/operations/eltwise/binary_ng/device/kernels_ng/dataflow/reader_interleaved_col_bcast.cpp'],['writer_interleaved_no_bcast/361829770183908753/'; 'reader_interleaved_col_bcast/10203161191934804155/'],8871429607641629,False,1592,1616,3640,2736,4612,0,0,0,0,1,1,1,[],[],0.038,,,,,,,97076
UnaryDeviceOperation,tt_dnn_device,33795,3,blackhole,{'bfp8_pack_precise': 'false'; 'fp32_dest_acc_en': 'false'; 'memory_config': 'MemoryConfig(memory_layout=TensorMemoryLayout::INTERLEAVED;buffer_type=BufferType::DRAM;shard_spec=std::nullopt;nd_shard_spec=std::nullopt;created_with_nd_shard_spec=0;per_core_allocation=0)'; 'op_chain': '{BasicUnaryWithParam<float; int; unsigned int>(base=BasicUnaryWithParam<float>(op_type=UnaryOpType::FILL;param={0}))}'; 'output_dtype': 'DataType::BFLOAT16'; 'preserve_fp32_precision': 'false'; 'sub_core_grids': 'std::nullopt'; 'worker_grid': '{[0-0 - 10-9]}'},HiFi4,110,110,,,10132815925,10132892952,77027,8379895117577,8379895215829,3195438,3195452,72779,72182,72177,,,,190,72136,71738,71780,71807,71464,,,,,,1[1],128[128],32[32],1536[1536],TILE,BFLOAT16,DEV_0_DRAM_INTERLEAVED,1[1],128[128],32[32],1536[1536],TILE,BFLOAT16,DEV_0_DRAM_INTERLEAVED,,,,,,,,,,,,,,,,,,,,,,1[1],128[128],32[32],1536[1536],TILE,BFLOAT16,DEV_0_DRAM_INTERLEAVED,,,,,,,,,,,,,,,,,['ttnn/cpp/ttnn/operations/eltwise/unary/device/kernels/compute/eltwise_sfpu.cpp'],['eltwise_sfpu/6895184329663973912/'],['ttnn/cpp/ttnn/operations/eltwise/unary/device/kernels/dataflow/writer_unary.cpp'; 'ttnn/cpp/ttnn/operations/eltwise/unary/device/kernels/dataflow/reader_unary.cpp'],['writer_unary/7190146912720469491/'; 'reader_unary/6272706091368223538/'],13994780276894983335,False,1000,924,1388,872,1268,0,0,0,0,1,1,1,[],[],0.001,,,,,,,77027
SparseMatmulDeviceOperation,tt_dnn_device,34819,3,blackhole,{'compute_kernel_config': 'ComputeKernelConfig(math_fidelity=LoFi;math_approx_mode=0;fp32_dest_acc_en=0;packer_l1_acc=0;dst_full_sync_en=0;throttle_level=ThrottleLevel::NO_THROTTLE)'; 'global_cb': 'std::nullopt'; 'is_input_a_sparse': 'false'; 'is_input_b_sparse': 'true'; 'nnz': '128'; 'output_dtype': 'DataType::BFLOAT16'; 'output_mem_config': 'MemoryConfig(memory_layout=TensorMemoryLayout::INTERLEAVED;buffer_type=BufferType::DRAM;shard_spec=std::nullopt;nd_shard_spec=std::nullopt;created_with_nd_shard_spec=0;per_core_allocation=0)'; 'output_tile': 'Tile(tile_shape={32; 32};face_shape={16; 16};num_faces=4)'; 'program_config': 'MatmulMultiCoreReuseMultiCast1DProgramConfig(compute_with_storage_grid_size=8-6;in0_block_w=16;out_subblock_h=1;out_subblock_w=1;out_block_h=1;out_block_w=1;per_core_M=1;per_core_N=1;fuse_batch=0;fused_activation=std::nullopt;mcast_in0=1;gather_in0=0;hop_cores={};num_global_cb_receivers=1;untilize_out=0;allowed_worker_cores={[0-0 - 7-5]};stream_in1=0)'; 'sub_device_id': 'std::nullopt'; 'user_core_coord': 'std::nullopt'},LoFi,48,110,,,10137312824,10137414669,101845,8379901186845,8379902595624,4424349,4424351,1043540,1042150,1042146,,,,265,1040773,1042146,1041587,1041539,1040739,,,,,,1[1],1[1],32[32],2048[2048],TILE,BFLOAT16,DEV_0_DRAM_INTERLEAVED,1[1],128[128],2048[2048],1536[1536],TILE,BFLOAT4_B,DEV_0_DRAM_INTERLEAVED,1[1],1[1],1[1],128[128],ROW_MAJOR,BFLOAT16,DEV_0_DRAM_INTERLEAVED,,,,,,,,,,,,,,,1[1],128[128],32[32],1536[1536],TILE,BFLOAT16,DEV_0_DRAM_INTERLEAVED,,,,,,,,,,,,,,,,,['ttnn/cpp/ttnn/operations/matmul/device/kernels/compute/bmm_large_block_zm_fused_bias_activation.cpp'],['bmm_large_block_zm_fused_bias_activation/12668863446634835836/'],['ttnn/cpp/ttnn/operations/matmul/device/kernels/dataflow/reader_bmm_tile_layout_in1_sender_writer_padding.cpp'; 'ttnn/cpp/ttnn/operations/matmul/device/kernels/dataflow/reader_bmm_tile_layout_in0_receiver.cpp'; 'ttnn/cpp/ttnn/operations/matmul/device/kernels/dataflow/reader_bmm_tile_layout_in0_sender_padding.cpp'],['reader_bmm_tile_layout_in1_sender_writer_padding/1862372790283569926/'; 'reader_bmm_tile_layout_in0_receiver/17145691137541407156/'; 'reader_bmm_tile_layout_in0_sender_padding/17554588865408577144/'],16684704180674935053,False,1612,1888,2372,2172,2232,0,0,0,0,732421,1,732421,[0.17895717918872833; 549.7564697265625; 0.000349525740602985],[17.179889678955078],0.0,,,,,,,101845
PermuteDeviceOperation,tt_dnn_device,35843,3,blackhole,{'dims': '{0; 3; 2; 1; 4; 5}'; 'output_mem_config': 'MemoryConfig(memory_layout=TensorMemoryLayout::INTERLEAVED;buffer_type=BufferType::DRAM;shard_spec=std::nullopt;nd_shard_spec=std::nullopt;created_with_nd_shard_spec=0;per_core_allocation=0)'; 'pad_value': '0'},,110,110,,,10139460136,10139518778,58642,8379904072964,8379904181684,1094929,1094929,80533,79949,79949,,,,177,79932,79655,,,,,,,,,1[1],128[128],32[32],1536[1536],TILE,BFLOAT16,DEV_0_DRAM_INTERLEAVED,,,,,,,,,,,,,,,,,,,,,,,,,,,,,1[1],1[1],32[32],1536[1536],TILE,BFLOAT16,DEV_0_DRAM_INTERLEAVED,,,,,,,,,,,,,,,,,[],[],['ttnn/cpp/ttnn/operations/eltwise/unary/device/kernels/dataflow/writer_unary_interleaved_start_id_metal2.cpp'; 'ttnn/cpp/ttnn/operations/data_movement/permute/device/kernels/dataflow/reader_permute_interleaved_tiled_invariant.cpp'],['writer_unary_interleaved_start_id_metal2/10379294442418473348/'; 'reader_permute_interleaved_tiled_invariant/2622973645804000060/'],17167680050253792578,False,1000,852,0,0,0,0,0,0,0,76226,76226,22888,[165.07376098632812],[165.07376098632812],95.343,,,,,,,58642
SliceDeviceOperation,tt_dnn_device,36867,3,blackhole,{'num_devices': 'std::nullopt'; 'output_mem_config': 'MemoryConfig(memory_layout=TensorMemoryLayout::INTERLEAVED;buffer_type=BufferType::DRAM;shard_spec=std::nullopt;nd_shard_spec=std::nullopt;created_with_nd_shard_spec=0;per_core_allocation=0)'; 'slice_dim': 'std::nullopt'; 'slice_end': 'Shape([1; 128; 32; 768])'; 'slice_start': 'Shape([0; 0; 0; 0])'; 'step': 'Shape([1; 1; 1; 1])'; 'sub_core_grids': 'std::nullopt'; 'use_tensor_args': 'false'},,110,110,,,10141323655,10141381316,57661,8379906589261,8379906638099,1783964,1783964,36176,35609,35609,,,,169,35599,35319,,,,,,,,,1[1],128[128],32[32],1536[1536],TILE,BFLOAT16,DEV_0_DRAM_INTERLEAVED,,,,,,,,,,,,,,,,,,,,,,,,,,,,,1[1],128[128],32[32],768[768],TILE,BFLOAT16,DEV_0_DRAM_INTERLEAVED,,,,,,,,,,,,,,,,,[],[],['ttnn/cpp/ttnn/operations/data_movement/slice/device/kernels/dataflow/writer_unary_interleaved_start_id.cpp'; 'ttnn/cpp/ttnn/operations/data_movement/slice/device/kernels/dataflow/reader_unary_unpad_dims_interleaved_start_id.cpp'],['writer_unary_interleaved_start_id/6398308817736519604/'; 'reader_unary_unpad_dims_interleaved_start_id/3378272046018265956/'],12677789210842551407,False,1000,1028,0,0,0,0,0,0,0,22888,19351,22888,[549.76025390625],[274.880126953125],54.343,,,,,,,57661
SliceDeviceOperation,tt_dnn_device,37891,3,blackhole,{'num_devices': 'std::nullopt'; 'output_mem_config': 'MemoryConfig(memory_layout=TensorMemoryLayout::INTERLEAVED;buffer_type=BufferType::DRAM;shard_spec=std::nullopt;nd_shard_spec=std::nullopt;created_with_nd_shard_spec=0;per_core_allocation=0)'; 'slice_dim': 'std::nullopt'; 'slice_end': 'Shape([1; 128; 32; 1536])'; 'slice_start': 'Shape([0; 0; 0; 768])'; 'step': 'Shape([1; 1; 1; 1])'; 'sub_core_grids': 'std::nullopt'; 'use_tensor_args': 'false'},,110,110,,,10141664136,10141703641,39505,8379907049747,8379907098407,305507,305507,36044,35463,35463,,,,172,35455,35193,,,,,,,,,1[1],128[128],32[32],1536[1536],TILE,BFLOAT16,DEV_0_DRAM_INTERLEAVED,,,,,,,,,,,,,,,,,,,,,,,,,,,,,1[1],128[128],32[32],768[768],TILE,BFLOAT16,DEV_0_DRAM_INTERLEAVED,,,,,,,,,,,,,,,,,[],[],['ttnn/cpp/ttnn/operations/data_movement/slice/device/kernels/dataflow/writer_unary_interleaved_start_id.cpp'; 'ttnn/cpp/ttnn/operations/data_movement/slice/device/kernels/dataflow/reader_unary_unpad_dims_interleaved_start_id.cpp'],['writer_unary_interleaved_start_id/6398308817736519604/'; 'reader_unary_unpad_dims_interleaved_start_id/3378272046018265956/'],11204816007373644489,False,1000,1028,0,0,0,0,0,0,0,22888,19351,22888,[549.76025390625],[274.880126953125],54.567,,,,,,,39505
UnaryDeviceOperation,tt_dnn_device,38915,3,blackhole,{'bfp8_pack_precise': 'false'; 'fp32_dest_acc_en': 'false'; 'memory_config': 'MemoryConfig(memory_layout=TensorMemoryLayout::INTERLEAVED;buffer_type=BufferType::DRAM;shard_spec=std::nullopt;nd_shard_spec=std::nullopt;created_with_nd_shard_spec=0;per_core_allocation=0)'; 'op_chain': '{BasicUnaryWithParam<float; int; unsigned int>(base=BasicUnaryWithParam<float>(op_type=UnaryOpType::SILU;param={}))}'; 'output_dtype': 'DataType::BFLOAT16'; 'preserve_fp32_precision': 'false'; 'sub_core_grids': 'std::nullopt'; 'worker_grid': '{[0-0 - 10-9]}'},HiFi4,110,110,,,10144576489,10144635772,59283,8379910980089,8379911045892,2875910,2875910,48743,48167,48167,,,,190,48117,45311,45329,47806,46855,,,,,,1[1],128[128],32[32],768[768],TILE,BFLOAT16,DEV_0_DRAM_INTERLEAVED,,,,,,,,,,,,,,,,,,,,,,,,,,,,,1[1],128[128],32[32],768[768],TILE,BFLOAT16,DEV_0_DRAM_INTERLEAVED,,,,,,,,,,,,,,,,,['ttnn/cpp/ttnn/operations/eltwise/unary/device/kernels/compute/eltwise_sfpu.cpp'],['eltwise_sfpu/14499616637193860571/'],['ttnn/cpp/ttnn/operations/eltwise/unary/device/kernels/dataflow/writer_unary.cpp'; 'ttnn/cpp/ttnn/operations/eltwise/unary/device/kernels/dataflow/reader_unary.cpp'],['writer_unary/7190146912720469491/'; 'reader_unary/6272706091368223538/'],9913368753921227957,False,1000,924,1388,1220,1268,0,0,0,0,1,1,1,[],[],0.002,,,,,,,59283
BinaryNgDeviceOperation,tt_dnn_device,39939,3,blackhole,{'a_shard_volume': 'std::nullopt'; 'b_shard_volume': 'std::nullopt'; 'binary_op_type': 'BinaryOpType::MUL'; 'c_shard_volume': 'std::nullopt'; 'compute_kernel_config': 'std::nullopt'; 'dtype': 'DataType::BFLOAT16'; 'equal_nan': 'false'; 'input_layout_a': 'Layout::TILE'; 'input_layout_b': 'Layout::TILE'; 'is_quant_op': 'false'; 'is_sfpu': 'true'; 'is_where_op': 'false'; 'lhs_activations': '{}'; 'memory_config': 'MemoryConfig(memory_layout=TensorMemoryLayout::INTERLEAVED;buffer_type=BufferType::DRAM;shard_spec=std::nullopt;nd_shard_spec=std::nullopt;created_with_nd_shard_spec=0;per_core_allocation=0)'; 'output_layout': 'Layout::TILE'; 'post_activations': '{}'; 'rhs_activations': '{}'; 'sub_core_grids': 'std::nullopt'; 'subtile_broadcast_type': 'SubtileBroadcastType::NONE'},HiFi4,110,110,,,10147423136,10147482469,59333,8379914824699,8379914888963,2799717,2799717,47603,47009,47009,,,,177,46959,46073,46158,46659,45516,,,,,,1[1],128[128],32[32],768[768],TILE,BFLOAT16,DEV_0_DRAM_INTERLEAVED,1[1],128[128],32[32],768[768],TILE,BFLOAT16,DEV_0_DRAM_INTERLEAVED,,,,,,,,,,,,,,,,,,,,,,1[1],128[128],32[32],768[768],TILE,BFLOAT16,DEV_0_DRAM_INTERLEAVED,,,,,,,,,,,,,,,,,['ttnn/cpp/ttnn/operations/eltwise/binary_ng/device/kernels/compute/eltwise_binary_sfpu_no_bcast.cpp'],['eltwise_binary_sfpu_no_bcast/9131230501288344395/'],['ttnn/cpp/ttnn/operations/eltwise/binary_ng/device/kernels_ng/dataflow/writer_interleaved_no_bcast.cpp'; 'ttnn/cpp/ttnn/operations/eltwise/binary_ng/device/kernels_ng/dataflow/reader_interleaved_no_bcast.cpp'],['writer_interleaved_no_bcast/13894129297280583369/'; 'reader_interleaved_no_bcast/14366374685443138368/'],6161648154511408127,False,1592,2328,1696,1212,1300,0,0,0,0,1,1,1,[],[],0.002,,,,,,,59333
UnaryDeviceOperation,tt_dnn_device,40963,3,blackhole,{'bfp8_pack_precise': 'false'; 'fp32_dest_acc_en': 'false'; 'memory_config': 'MemoryConfig(memory_layout=TensorMemoryLayout::INTERLEAVED;buffer_type=BufferType::DRAM;shard_spec=std::nullopt;nd_shard_spec=std::nullopt;created_with_nd_shard_spec=0;per_core_allocation=0)'; 'op_chain': '{BasicUnaryWithParam<float; int; unsigned int>(base=BasicUnaryWithParam<float>(op_type=UnaryOpType::FILL;param={0}))}'; 'output_dtype': 'DataType::BFLOAT16'; 'preserve_fp32_precision': 'false'; 'sub_core_grids': 'std::nullopt'; 'worker_grid': '{[0-0 - 10-9]}'},HiFi4,110,110,,,10147564867,10147567512,2645,8379915015701,8379915132221,94463,94464,86311,85735,85734,,,,184,85702,85288,85320,85356,84984,,,,,,1[1],128[128],32[32],1536[1536],TILE,BFLOAT16,DEV_0_DRAM_INTERLEAVED,1[1],128[128],32[32],1536[1536],TILE,BFLOAT16,DEV_0_DRAM_INTERLEAVED,,,,,,,,,,,,,,,,,,,,,,1[1],128[128],32[32],1536[1536],TILE,BFLOAT16,DEV_0_DRAM_INTERLEAVED,,,,,,,,,,,,,,,,,['ttnn/cpp/ttnn/operations/eltwise/unary/device/kernels/compute/eltwise_sfpu.cpp'],['eltwise_sfpu/6895184329663973912/'],['ttnn/cpp/ttnn/operations/eltwise/unary/device/kernels/dataflow/writer_unary.cpp'; 'ttnn/cpp/ttnn/operations/eltwise/unary/device/kernels/dataflow/reader_unary.cpp'],['writer_unary/7190146912720469491/'; 'reader_unary/6272706091368223538/'],13994780276894983335,False,1000,924,1388,872,1268,0,0,0,0,1,1,1,[],[],0.001,,,,,,,2645
SparseMatmulDeviceOperation,tt_dnn_device,41987,3,blackhole,{'compute_kernel_config': 'ComputeKernelConfig(math_fidelity=LoFi;math_approx_mode=0;fp32_dest_acc_en=0;packer_l1_acc=0;dst_full_sync_en=0;throttle_level=ThrottleLevel::NO_THROTTLE)'; 'global_cb': 'std::nullopt'; 'is_input_a_sparse': 'true'; 'is_input_b_sparse': 'true'; 'nnz': '128'; 'output_dtype': 'DataType::BFLOAT16'; 'output_mem_config': 'MemoryConfig(memory_layout=TensorMemoryLayout::INTERLEAVED;buffer_type=BufferType::DRAM;shard_spec=std::nullopt;nd_shard_spec=std::nullopt;created_with_nd_shard_spec=0;per_core_allocation=0)'; 'output_tile': 'Tile(tile_shape={32; 32};face_shape={16; 16};num_faces=4)'; 'program_config': 'MatmulMultiCoreReuseMultiCast1DProgramConfig(compute_with_storage_grid_size=8-8;in0_block_w=12;out_subblock_h=1;out_subblock_w=1;out_block_h=1;out_block_w=1;per_core_M=1;per_core_N=1;fuse_batch=0;fused_activation=std::nullopt;mcast_in0=1;gather_in0=0;hop_cores={};num_global_cb_receivers=1;untilize_out=0;allowed_worker_cores={[0-0 - 7-7]};stream_in1=0)'; 'sub_device_id': 'std::nullopt'; 'user_core_coord': 'std::nullopt'},LoFi,64,110,,,10152000730,10152077687,76957,8379921002652,8379921726744,4349902,4349902,536364,534904,534904,,,,273,532743,534904,534533,534471,533193,,,,,,1[1],128[128],32[32],768[768],TILE,BFLOAT16,DEV_0_DRAM_INTERLEAVED,1[1],128[128],768[768],2048[2048],TILE,BFLOAT4_B,DEV_0_DRAM_INTERLEAVED,1[1],1[1],1[1],128[128],ROW_MAJOR,BFLOAT16,DEV_0_DRAM_INTERLEAVED,,,,,,,,,,,,,,,1[1],128[128],32[32],2048[2048],TILE,BFLOAT16,DEV_0_DRAM_INTERLEAVED,,,,,,,,,,,,,,,,,['ttnn/cpp/ttnn/operations/matmul/device/kernels/compute/bmm_large_block_zm_fused_bias_activation.cpp'],['bmm_large_block_zm_fused_bias_activation/5861867666056639128/'],['ttnn/cpp/ttnn/operations/matmul/device/kernels/dataflow/reader_bmm_tile_layout_in1_sender_writer_padding.cpp'; 'ttnn/cpp/ttnn/operations/matmul/device/kernels/dataflow/reader_bmm_tile_layout_in0_receiver.cpp'; 'ttnn/cpp/ttnn/operations/matmul/device/kernels/dataflow/reader_bmm_tile_layout_in0_sender_padding.cpp'],['reader_bmm_tile_layout_in1_sender_writer_padding/7325141286040631903/'; 'reader_bmm_tile_layout_in0_receiver/970296269127222461/'; 'reader_bmm_tile_layout_in0_sender_padding/17851954688590796468/'],6308744753282081250,False,1632,1900,2392,2176,2192,0,0,0,0,366210,1,366210,[17.179912567138672; 549.7572021484375; 0.0006990524707362056],[45.81310272216797],0.0,,,,,,,76957
PermuteDeviceOperation,tt_dnn_device,43011,3,blackhole,{'dims': '{0; 3; 2; 1}'; 'output_mem_config': 'MemoryConfig(memory_layout=TensorMemoryLayout::INTERLEAVED;buffer_type=BufferType::DRAM;shard_spec=std::nullopt;nd_shard_spec=std::nullopt;created_with_nd_shard_spec=0;per_core_allocation=0)'; 'pad_value': '0'},HiFi4,110,110,,,10156192967,10156250658,57691,8379926657510,8379926668698,3653147,3652888,8287,7698,7693,,,,184,7656,4701,4865,4840,5100,,,,,,1[1],1[1],32[32],128[128],TILE,BFLOAT16,DEV_0_DRAM_INTERLEAVED,,,,,,,,,,,,,,,,,,,,,,,,,,,,,1[1],128[128],32[32],32[1],TILE,BFLOAT16,DEV_0_DRAM_INTERLEAVED,,,,,,,,,,,,,,,,,['ttnn/cpp/ttnn/operations/data_movement/permute/device/kernels/compute/transpose_xw_tiled.cpp'],['transpose_xw_tiled/295259969504286054/'],['ttnn/cpp/ttnn/operations/data_movement/permute/device/kernels/dataflow/writer_permute_interleaved_tiled_generic.cpp'; 'ttnn/cpp/ttnn/operations/data_movement/permute/device/kernels/dataflow/reader_permute_interleaved_tiled_generic.cpp'],['writer_permute_interleaved_tiled_generic/11807573825940227330/'; 'reader_permute_interleaved_tiled_generic/16240220539587363970/'],14296158763282540043,False,1060,1124,1828,1192,3072,0,0,0,0,1244,1244,476,[6.585208892822266],[210.7266845703125],16.16,,,,,,,57691
BinaryNgDeviceOperation,tt_dnn_device,44035,3,blackhole,{'a_shard_volume': 'std::nullopt'; 'b_shard_volume': 'std::nullopt'; 'binary_op_type': 'BinaryOpType::MUL'; 'c_shard_volume': 'std::nullopt'; 'compute_kernel_config': 'std::nullopt'; 'dtype': 'DataType::BFLOAT16'; 'equal_nan': 'false'; 'input_layout_a': 'Layout::TILE'; 'input_layout_b': 'Layout::TILE'; 'is_quant_op': 'false'; 'is_sfpu': 'true'; 'is_where_op': 'false'; 'lhs_activations': '{}'; 'memory_config': 'MemoryConfig(memory_layout=TensorMemoryLayout::INTERLEAVED;buffer_type=BufferType::DRAM;shard_spec=std::nullopt;nd_shard_spec=std::nullopt;created_with_nd_shard_spec=0;per_core_allocation=0)'; 'output_layout': 'Layout::TILE'; 'post_activations': '{}'; 'rhs_activations': '{}'; 'sub_core_grids': 'std::nullopt'; 'subtile_broadcast_type': 'SubtileBroadcastType::COL_B'},HiFi4,110,110,,,10159459156,10159539830,80674,8379931071773,8379931192683,3262121,3262109,89563,88981,88970,,,,193,88932,87319,87510,88552,87951,,,,,,1[1],128[128],32[32],2048[2048],TILE,BFLOAT16,DEV_0_DRAM_INTERLEAVED,1[1],128[128],32[32],32[1],TILE,BFLOAT16,DEV_0_DRAM_INTERLEAVED,,,,,,,,,,,,,,,,,,,,,,1[1],128[128],32[32],2048[2048],TILE,BFLOAT16,DEV_0_DRAM_INTERLEAVED,,,,,,,,,,,,,,,,,['ttnn/cpp/ttnn/operations/eltwise/binary_ng/device/kernels_ng/compute/eltwise_binary_sfpu_col_bcast.cpp'],['eltwise_binary_sfpu_col_bcast/4544853339382741423/'],['ttnn/cpp/ttnn/operations/eltwise/binary_ng/device/kernels_ng/dataflow/writer_interleaved_no_bcast.cpp'; 'ttnn/cpp/ttnn/operations/eltwise/binary_ng/device/kernels_ng/dataflow/reader_interleaved_col_bcast.cpp'],['writer_interleaved_no_bcast/361829770183908753/'; 'reader_interleaved_col_bcast/10203161191934804155/'],11405358718419772019,False,1592,1616,3640,2624,4612,0,0,0,0,1,1,1,[],[],0.001,,,,,,,80674
FastReduceNCDeviceOperation,tt_dnn_device,45059,3,blackhole,{'compute_kernel_config': 'ComputeKernelConfig(math_fidelity=HiFi4;math_approx_mode=1;fp32_dest_acc_en=0;packer_l1_acc=0;dst_full_sync_en=0;throttle_level=ThrottleLevel::NO_THROTTLE)'; 'dim': '1'; 'output_dtype': 'std::nullopt'; 'output_mem_config': 'MemoryConfig(memory_layout=TensorMemoryLayout::INTERLEAVED;buffer_type=BufferType::DRAM;shard_spec=std::nullopt;nd_shard_spec=std::nullopt;created_with_nd_shard_spec=0;per_core_allocation=0)'; 'sub_core_grids': 'std::nullopt'},HiFi4,64,110,,,10163343015,10163390445,47430,8379936313215,8379936380787,3793947,3793948,50053,49076,49073,,,,316,49073,48549,48719,47984,673,,,,,,1[1],128[128],32[32],2048[2048],TILE,BFLOAT16,DEV_0_DRAM_INTERLEAVED,,,,,,,,,,,,,,,,,,,,,,,,,,,,,1[1],1[1],32[32],2048[2048],TILE,BFLOAT16,DEV_0_DRAM_INTERLEAVED,,,,,,,,,,,,,,,,,['ttnn/cpp/ttnn/operations/experimental/reduction/fast_reduce_nc/device/kernels/reduce_nc.cpp'],['reduce_nc/1086859622527040311/'],['ttnn/cpp/ttnn/operations/experimental/reduction/fast_reduce_nc/device/kernels/writer_reduce_nc.cpp'; 'ttnn/cpp/ttnn/operations/experimental/reduction/fast_reduce_nc/device/kernels/reader_reduce_nc.cpp'],['writer_reduce_nc/1394961649950009220/'; 'reader_reduce_nc/10623311454908251526/'],16423981061307490293,False,644,1148,1412,948,1840,0,0,0,0,1,1,1,[],[],0.002,,,,,,,47430
BinaryNgDeviceOperation,tt_dnn_device,46083,3,blackhole,{'a_shard_volume': 'std::nullopt'; 'b_shard_volume': 'std::nullopt'; 'binary_op_type': 'BinaryOpType::ADD'; 'c_shard_volume': 'std::nullopt'; 'compute_kernel_config': 'std::nullopt'; 'dtype': 'DataType::BFLOAT16'; 'equal_nan': 'false'; 'input_layout_a': 'Layout::TILE'; 'input_layout_b': 'Layout::TILE'; 'is_quant_op': 'false'; 'is_sfpu': 'false'; 'is_where_op': 'false'; 'lhs_activations': '{}'; 'memory_config': 'MemoryConfig(memory_layout=TensorMemoryLayout::INTERLEAVED;buffer_type=BufferType::DRAM;shard_spec=std::nullopt;nd_shard_spec=std::nullopt;created_with_nd_shard_spec=0;per_core_allocation=0)'; 'output_layout': 'Layout::TILE'; 'post_activations': '{}'; 'rhs_activations': '{}'; 'sub_core_grids': 'std::nullopt'; 'subtile_broadcast_type': 'SubtileBroadcastType::NONE'},HiFi4,110,110,,,10163511937,10163514823,2886,8379936544092,8379936547525,121577,121547,2543,1953,1948,,,,181,1907,1475,1450,283,394,,,,,,1[1],1[1],32[32],2048[2048],TILE,BFLOAT16,DEV_0_DRAM_INTERLEAVED,1[1],1[1],32[32],2048[2048],TILE,BFLOAT16,DEV_0_DRAM_INTERLEAVED,,,,,,,,,,,,,,,,,,,,,,1[1],1[1],32[32],2048[2048],TILE,BFLOAT16,DEV_0_DRAM_INTERLEAVED,,,,,,,,,,,,,,,,,['ttnn/cpp/ttnn/operations/eltwise/binary_ng/device/kernels/compute/eltwise_binary_no_bcast.cpp'],['eltwise_binary_no_bcast/977542353808120762/'],['ttnn/cpp/ttnn/operations/eltwise/binary_ng/device/kernels_ng/dataflow/writer_interleaved_no_bcast.cpp'; 'ttnn/cpp/ttnn/operations/eltwise/binary_ng/device/kernels_ng/dataflow/reader_interleaved_no_bcast.cpp'],['writer_interleaved_no_bcast/13894129297280583369/'; 'reader_interleaved_no_bcast/14366374685443138368/'],2300497682472665004,False,1592,2328,1256,784,1300,0,0,0,0,1,1,1,[],[],0.051,,,,,,,2886
LayerNormDeviceOperation,tt_dnn_device,47107,3,blackhole,{'compute_kernel_config': 'ComputeKernelConfig(math_fidelity=HiFi4;math_approx_mode=1;fp32_dest_acc_en=0;packer_l1_acc=0;dst_full_sync_en=0;throttle_level=ThrottleLevel::NO_THROTTLE)'; 'distributed_norm_stage': 'DistributedLayerNormStage::NOT_DISTRIBUTED'; 'dtype': 'std::nullopt'; 'eps': '1e-06'; 'fused_activation': 'std::nullopt'; 'norm_type': 'LayerNormType::RMSNORM'; 'output_mem_config': 'MemoryConfig(memory_layout=TensorMemoryLayout::INTERLEAVED;buffer_type=BufferType::DRAM;shard_spec=std::nullopt;nd_shard_spec=std::nullopt;created_with_nd_shard_spec=0;per_core_allocation=0)'; 'program_config': 'LayerNormDefaultProgramConfig(legacy_reduction=0;legacy_rsqrt=0;use_welford=0)'},HiFi4,1,110,,,10164113877,10164175846,61969,8379937351083,8379937378855,595762,595900,20572,20040,19903,,,,208,19832,10298,19026,19079,19273,,,,,,1[1],1[1],32[1],2048[2048],TILE,BFLOAT16,DEV_0_DRAM_INTERLEAVED,1[1],1[1],32[1],2048[2048],TILE,BFLOAT16,DEV_0_DRAM_INTERLEAVED,,,,,,,,,,,,,,,,,,,,,,1[1],1[1],32[1],2048[2048],TILE,BFLOAT16,DEV_0_DRAM_INTERLEAVED,,,,,,,,,,,,,,,,,['ttnn/cpp/ttnn/operations/normalization/layernorm/device/kernels/compute/layernorm.cpp'],['layernorm/3107190675960002380/'],['ttnn/cpp/ttnn/operations/normalization/layernorm/device/kernels/dataflow/writer_unary_interleaved_start_id_blocked.cpp'; 'ttnn/cpp/ttnn/operations/normalization/layernorm/device/kernels/dataflow/reader_unary_interleaved_ln.cpp'],['writer_unary_interleaved_start_id_blocked/15246078614259929809/'; 'reader_unary_interleaved_ln/15866294076648289277/'],14396068802553237578,False,812,1532,3736,3168,3404,0,0,0,0,1,1,1,[],[],0.005,,,,,,,61969
InterleavedToShardedDeviceOperation,tt_dnn_device,48131,3,blackhole,"{'keep_l1_aligned': 'false'; 'output_dtype': 'DataType::BFLOAT16'; 'output_mem_config': 'MemoryConfig(memory_layout=TensorMemoryLayout::WIDTH_SHARDED;buffer_type=BufferType::L1;shard_spec=ShardSpec{grid=[{""start"":{""x"":0;""y"":0};""end"":{""x"":7;""y"":0}]; shape=[32; 256]; orientation=ShardOrientation::ROW_MAJOR};nd_shard_spec=std::nullopt;created_with_nd_shard_spec=0;per_core_allocation=0)'}",,8,110,,,10165920238,10165958350,38112,8379939789220,8379939791124,1786112,1786112,1410,886,886,,,,99,854,861,,,,,,,,,1[1],1[1],32[1],2048[2048],TILE,BFLOAT16,DEV_0_DRAM_INTERLEAVED,,,,,,,,,,,,,,,,,,,,,,,,,,,,,1[1],1[1],32[1],2048[2048],TILE,BFLOAT16,DEV_0_L1_WIDTH_SHARDED,,,,,,,,,,,,,,,,,[],[],['ttnn/cpp/ttnn/operations/data_movement/sharded/device/kernels/dataflow/writer_unary_sharded.cpp'; 'ttnn/cpp/ttnn/operations/data_movement/sharded/device/kernels/dataflow/reader_unary_sharded_blocks_interleaved_start_id.cpp'],['writer_unary_sharded/18129290435517060812/'; 'reader_unary_sharded_blocks_interleaved_start_id/17914038341005097626/'],17918037175766063087,False,444,876,0,0,0,0,0,0,0,1,1,1,[],[],0.113,,,,,,,38112
MatmulDeviceOperation,tt_dnn_device,49155,3,blackhole,"{'bcast_batch': 'true'; 'compute_kernel_config': 'ComputeKernelConfig(math_fidelity=LoFi;math_approx_mode=0;fp32_dest_acc_en=0;packer_l1_acc=1;dst_full_sync_en=0;throttle_level=ThrottleLevel::NO_THROTTLE)'; 'global_cb': 'std::nullopt'; 'output_dtype': 'DataType::BFLOAT16'; 'output_mem_config': 'MemoryConfig(memory_layout=TensorMemoryLayout::WIDTH_SHARDED;buffer_type=BufferType::L1;shard_spec=ShardSpec{grid=[{""start"":{""x"":0;""y"":0};""end"":{""x"":7;""y"":0}]; shape=[32; 640]; orientation=ShardOrientation::ROW_MAJOR};nd_shard_spec=std::nullopt;created_with_nd_shard_spec=0;per_core_allocation=0)'; 'output_tile': 'Tile(tile_shape={32; 32};face_shape={16; 16};num_faces=4)'; 'program_config': 'MatmulMultiCoreReuseMultiCastDRAMShardedProgramConfig(in0_block_w=8;per_core_M=1;per_core_N=20;fused_activation=std::nullopt)'; 'sub_device_id': 'std::nullopt'; 'transpose_a': 'false'; 'transpose_b': 'false'; 'untilize_out': 'false'; 'user_core_coord': 'std::nullopt'; 'user_fused_activation': 'std::nullopt'; 'user_run_batched': 'false'}",LoFi,80,110,,,10170261450,10170339529,78079,8379945653277,8379945690953,4342950,4342920,27908,27329,27299,,,,239,27241,21191,26144,26162,26393,,,,,,1[1],1[1],32[1],2048[2048],TILE,BFLOAT16,DEV_0_L1_WIDTH_SHARDED,1[1],1[1],2048[2048],5120[5120],TILE,BFLOAT8_B,DEV_0_DRAM_WIDTH_SHARDED,,,,,,,,,,,,,,,,,,,,,,1[1],1[1],32[1],5120[5120],TILE,BFLOAT16,DEV_0_L1_WIDTH_SHARDED,,,,,,,,,,,,,,,,,['ttnn/cpp/ttnn/operations/matmul/device/kernels/compute/bmm_large_block_zm_fused_bias_activation.cpp'],['bmm_large_block_zm_fused_bias_activation/6548248157404983962/'],['ttnn/cpp/ttnn/operations/matmul/device/kernels/dataflow/reader_bmm_tile_layout_in1_sender_dram_sharded.cpp'; 'ttnn/cpp/ttnn/operations/matmul/device/kernels/dataflow/reader_bmm_tile_layout_in0_sender_dram_sharded.cpp'],['reader_bmm_tile_layout_in1_sender_dram_sharded/9408706386542459629/'; 'reader_bmm_tile_layout_in0_sender_dram_sharded/4285376239719466405/'],17515776180339490943,False,1760,1448,2676,2560,3400,0,0,0,0,19073,35,19073,[6.872122764587402; 549.7698364257812],[17.180307388305664],0.128,,,,,,,78079
ShardedToInterleavedDeviceOperation,tt_dnn_device,50179,3,blackhole,{'num_slices': '1'; 'output_dtype': 'DataType::BFLOAT16'; 'output_mem_config': 'MemoryConfig(memory_layout=TensorMemoryLayout::INTERLEAVED;buffer_type=BufferType::L1;shard_spec=std::nullopt;nd_shard_spec=std::nullopt;created_with_nd_shard_spec=0;per_core_allocation=0)'; 'slice_index': '0'},,8,110,,,10171958541,10171993017,34476,8379947940744,8379947942927,1666673,1666673,1617,1122,1122,,,,139,1061,89,,,,,,,,,1[1],1[1],32[1],5120[5120],TILE,BFLOAT16,DEV_0_L1_WIDTH_SHARDED,,,,,,,,,,,,,,,,,,,,,,,,,,,,,1[1],1[1],32[1],5120[5120],TILE,BFLOAT16,DEV_0_L1_INTERLEAVED,,,,,,,,,,,,,,,,,[],[],['ttnn/cpp/ttnn/operations/data_movement/sharded/device/kernels/dataflow/writer_unary_sharded_blocks_interleaved_start_id.cpp'; 'ttnn/cpp/ttnn/operations/eltwise/unary/device/kernels/dataflow/reader_unary_sharded.cpp'],['writer_unary_sharded_blocks_interleaved_start_id/7119234457844614428/'; 'reader_unary_sharded/17466301105291312433/'],11343200432521015026,False,920,404,0,0,0,0,0,0,0,1,1,1,[],[],0.089,,,,,,,34476
NLPCreateQKVHeadsDecodeDeviceOperation,tt_dnn_device,51203,3,blackhole,"{'head_dim': '128'; 'input_on_subcoregrids': 'false'; 'num_kv_heads': '4'; 'num_q_heads': '32'; 'output_mem_config': 'MemoryConfig(memory_layout=TensorMemoryLayout::HEIGHT_SHARDED;buffer_type=BufferType::L1;shard_spec=ShardSpec{grid=[{""start"":{""x"":0;""y"":0};""end"":{""x"":10;""y"":9}]; shape=[0; 0]; orientation=ShardOrientation::ROW_MAJOR};nd_shard_spec=std::nullopt;created_with_nd_shard_spec=0;per_core_allocation=0)'; 'overlap_qk_coregrid': 'true'; 'slice_size': 'std::nullopt'}",,1,110,,,10173658178,10173705528,47350,8379950233929,8379950253718,1697538,1697538,14659,14104,14104,,,,69,14036,14022,,,,,,,,,1[1],1[1],32[1],5120[5120],TILE,BFLOAT16,DEV_0_L1_INTERLEAVED,,,,,,,,,,,,,,,,,,,,,,,,,,,,,1[1],1[1],32[32],128[128],TILE,BFLOAT16,DEV_0_L1_HEIGHT_SHARDED,1[1],1[1],32[4],128[128],TILE,BFLOAT16,DEV_0_L1_HEIGHT_SHARDED,1[1],1[1],32[4],128[128],TILE,BFLOAT16,DEV_0_L1_HEIGHT_SHARDED,,,[],[],['ttnn/cpp/ttnn/operations/experimental/transformer/nlp_create_qkv_heads_decode/device/kernels/reader_interleaved_tm_tile_layout_nlp_create_qkv_heads_decode.cpp'],['reader_interleaved_tm_tile_layout_nlp_create_qkv_heads_decode/13509579021577186730/'],13540863764082716883,False,1136,1140,0,0,0,0,0,0,0,1,1,1,[],[],0.007,,,,,,,47350
ShardedToInterleavedDeviceOperation,tt_dnn_device,52227,3,blackhole,{'num_slices': '1'; 'output_dtype': 'DataType::BFLOAT16'; 'output_mem_config': 'MemoryConfig(memory_layout=TensorMemoryLayout::INTERLEAVED;buffer_type=BufferType::DRAM;shard_spec=std::nullopt;nd_shard_spec=std::nullopt;created_with_nd_shard_spec=0;per_core_allocation=0)'; 'slice_index': '0'},,1,110,,,10174761836,10174796001,34165,8379951722422,8379951723797,1088784,1088784,1019,492,492,,,,8,492,39,,,,,,,,,1[1],1[1],32[32],128[128],TILE,BFLOAT16,DEV_0_L1_HEIGHT_SHARDED,,,,,,,,,,,,,,,,,,,,,,,,,,,,,1[1],1[1],32[32],128[128],TILE,BFLOAT16,DEV_0_DRAM_INTERLEAVED,,,,,,,,,,,,,,,,,[],[],['ttnn/cpp/ttnn/operations/data_movement/sharded/device/kernels/dataflow/writer_unary_sharded_blocks_interleaved_start_id.cpp'; 'ttnn/cpp/ttnn/operations/eltwise/unary/device/kernels/dataflow/reader_unary_sharded.cpp'],['writer_unary_sharded_blocks_interleaved_start_id/2761029874389330304/'; 'reader_unary_sharded/17466301105291312433/'],14675312492473005837,False,880,404,0,0,0,0,0,0,0,1,1,1,[],[],0.203,,,,,,,34165
LayerNormDeviceOperation,tt_dnn_device,53251,3,blackhole,{'compute_kernel_config': 'ComputeKernelConfig(math_fidelity=HiFi4;math_approx_mode=1;fp32_dest_acc_en=0;packer_l1_acc=0;dst_full_sync_en=0;throttle_level=ThrottleLevel::NO_THROTTLE)'; 'distributed_norm_stage': 'DistributedLayerNormStage::NOT_DISTRIBUTED'; 'dtype': 'std::nullopt'; 'eps': '1e-06'; 'fused_activation': 'std::nullopt'; 'norm_type': 'LayerNormType::RMSNORM'; 'output_mem_config': 'MemoryConfig(memory_layout=TensorMemoryLayout::INTERLEAVED;buffer_type=BufferType::DRAM;shard_spec=std::nullopt;nd_shard_spec=std::nullopt;created_with_nd_shard_spec=0;per_core_allocation=0)'; 'program_config': 'LayerNormDefaultProgramConfig(legacy_reduction=0;legacy_rsqrt=0;use_welford=0)'},HiFi4,1,110,,,10175016011,10175062029,46018,8379952069384,8379952075334,256537,256640,4407,3875,3763,,,,209,3666,1536,3147,3023,3232,,,,,,1[1],1[1],32[32],128[128],TILE,BFLOAT16,DEV_0_DRAM_INTERLEAVED,1[1],1[1],32[1],128[128],TILE,BFLOAT16,DEV_0_DRAM_INTERLEAVED,,,,,,,,,,,,,,,,,,,,,,1[1],1[1],32[32],128[128],TILE,BFLOAT16,DEV_0_DRAM_INTERLEAVED,,,,,,,,,,,,,,,,,['ttnn/cpp/ttnn/operations/normalization/layernorm/device/kernels/compute/layernorm.cpp'],['layernorm/15180207647566850585/'],['ttnn/cpp/ttnn/operations/normalization/layernorm/device/kernels/dataflow/writer_unary_interleaved_start_id_blocked.cpp'; 'ttnn/cpp/ttnn/operations/normalization/layernorm/device/kernels/dataflow/reader_unary_interleaved_ln.cpp'],['writer_unary_interleaved_start_id_blocked/15246078614259929809/'; 'reader_unary_interleaved_ln/16697978571074573599/'],2581446793860736108,False,812,1532,3488,3184,3968,0,0,0,0,1,1,1,[],[],0.026,,,,,,,46018
ShardedToInterleavedDeviceOperation,tt_dnn_device,54275,3,blackhole,{'num_slices': '1'; 'output_dtype': 'DataType::BFLOAT16'; 'output_mem_config': 'MemoryConfig(memory_layout=TensorMemoryLayout::INTERLEAVED;buffer_type=BufferType::DRAM;shard_spec=std::nullopt;nd_shard_spec=std::nullopt;created_with_nd_shard_spec=0;per_core_allocation=0)'; 'slice_index': '0'},,1,110,,,10175180696,10175208790,28094,8379952291055,8379952292466,160244,160244,1045,496,496,,,,7,496,39,,,,,,,,,1[1],1[1],32[4],128[128],TILE,BFLOAT16,DEV_0_L1_HEIGHT_SHARDED,,,,,,,,,,,,,,,,,,,,,,,,,,,,,1[1],1[1],32[4],128[128],TILE,BFLOAT16,DEV_0_DRAM_INTERLEAVED,,,,,,,,,,,,,,,,,[],[],['ttnn/cpp/ttnn/operations/data_movement/sharded/device/kernels/dataflow/writer_unary_sharded_blocks_interleaved_start_id.cpp'; 'ttnn/cpp/ttnn/operations/eltwise/unary/device/kernels/dataflow/reader_unary_sharded.cpp'],['writer_unary_sharded_blocks_interleaved_start_id/2761029874389330304/'; 'reader_unary_sharded/17466301105291312433/'],13623417650894411970,False,880,404,0,0,0,0,0,0,0,1,1,1,[],[],0.202,,,,,,,28094
LayerNormDeviceOperation,tt_dnn_device,55299,3,blackhole,{'compute_kernel_config': 'ComputeKernelConfig(math_fidelity=HiFi4;math_approx_mode=1;fp32_dest_acc_en=0;packer_l1_acc=0;dst_full_sync_en=0;throttle_level=ThrottleLevel::NO_THROTTLE)'; 'distributed_norm_stage': 'DistributedLayerNormStage::NOT_DISTRIBUTED'; 'dtype': 'std::nullopt'; 'eps': '1e-06'; 'fused_activation': 'std::nullopt'; 'norm_type': 'LayerNormType::RMSNORM'; 'output_mem_config': 'MemoryConfig(memory_layout=TensorMemoryLayout::INTERLEAVED;buffer_type=BufferType::DRAM;shard_spec=std::nullopt;nd_shard_spec=std::nullopt;created_with_nd_shard_spec=0;per_core_allocation=0)'; 'program_config': 'LayerNormDefaultProgramConfig(legacy_reduction=0;legacy_rsqrt=0;use_welford=0)'},HiFi4,1,110,,,10175377582,10175417108,39526,8379952557818,8379952563890,197072,197204,4498,3961,3839,,,,233,3729,1674,3199,3118,3327,,,,,,1[1],1[1],32[4],128[128],TILE,BFLOAT16,DEV_0_DRAM_INTERLEAVED,1[1],1[1],32[1],128[128],TILE,BFLOAT16,DEV_0_DRAM_INTERLEAVED,,,,,,,,,,,,,,,,,,,,,,1[1],1[1],32[4],128[128],TILE,BFLOAT16,DEV_0_DRAM_INTERLEAVED,,,,,,,,,,,,,,,,,['ttnn/cpp/ttnn/operations/normalization/layernorm/device/kernels/compute/layernorm.cpp'],['layernorm/15180207647566850585/'],['ttnn/cpp/ttnn/operations/normalization/layernorm/device/kernels/dataflow/writer_unary_interleaved_start_id_blocked.cpp'; 'ttnn/cpp/ttnn/operations/normalization/layernorm/device/kernels/dataflow/reader_unary_interleaved_ln.cpp'],['writer_unary_interleaved_start_id_blocked/15246078614259929809/'; 'reader_unary_interleaved_ln/16697978571074573599/'],768418139229360097,False,812,1532,3488,3184,3968,0,0,0,0,1,1,1,[],[],0.025,,,,,,,39526
RotaryEmbeddingDeviceOperation,tt_dnn_device,56323,3,blackhole,{'compute_kernel_config': 'ComputeKernelConfig(math_fidelity=HiFi4;math_approx_mode=1;fp32_dest_acc_en=0;packer_l1_acc=0;dst_full_sync_en=0;throttle_level=ThrottleLevel::NO_THROTTLE)'; 'output_mem_config': 'MemoryConfig(memory_layout=TensorMemoryLayout::INTERLEAVED;buffer_type=BufferType::DRAM;shard_spec=std::nullopt;nd_shard_spec=std::nullopt;created_with_nd_shard_spec=0;per_core_allocation=0)'; 'seq_len': '1'; 'token_idx': '32'},HiFi4,1,110,,,10179217206,10179259848,42642,8379957741317,8379957748375,3835967,3835566,5228,4690,4470,,,,340,4357,3858,4084,4209,3888,,,,,,1[1],1[1],32[32],128[128],TILE,BFLOAT16,DEV_0_DRAM_INTERLEAVED,1[1],1[1],1024[1024],128[128],TILE,BFLOAT16,DEV_0_DRAM_INTERLEAVED,1[1],1[1],1024[1024],128[128],TILE,BFLOAT16,DEV_0_DRAM_INTERLEAVED,,,,,,,,,,,,,,,1[1],1[1],32[32],128[128],TILE,BFLOAT16,DEV_0_DRAM_INTERLEAVED,,,,,,,,,,,,,,,,,['ttnn/cpp/ttnn/operations/experimental/transformer/rotary_embedding/device/kernels/compute/rotary_embedding.cpp'],['rotary_embedding/1557426650758912522/'],['ttnn/cpp/ttnn/operations/experimental/transformer/rotary_embedding/device/kernels/dataflow/writer_rotary_embedding_interleaved_start_id.cpp'; 'ttnn/cpp/ttnn/operations/experimental/transformer/rotary_embedding/device/kernels/dataflow/reader_rotary_embedding_interleaved_start_id.cpp'],['writer_rotary_embedding_interleaved_start_id/13064851009473150217/'; 'reader_rotary_embedding_interleaved_start_id/17961602644198681278/'],369156472169704403,False,1592,1480,4984,3064,6840,0,0,0,0,1,1,1,[],[],0.021,,,,,,,42642
RotaryEmbeddingDeviceOperation,tt_dnn_device,57347,3,blackhole,{'compute_kernel_config': 'ComputeKernelConfig(math_fidelity=HiFi4;math_approx_mode=1;fp32_dest_acc_en=0;packer_l1_acc=0;dst_full_sync_en=0;throttle_level=ThrottleLevel::NO_THROTTLE)'; 'output_mem_config': 'MemoryConfig(memory_layout=TensorMemoryLayout::INTERLEAVED;buffer_type=BufferType::DRAM;shard_spec=std::nullopt;nd_shard_spec=std::nullopt;created_with_nd_shard_spec=0;per_core_allocation=0)'; 'seq_len': '1'; 'token_idx': '32'},HiFi4,1,110,,,10179417629,10179449340,31711,8379958012667,8379958019772,196315,196523,5263,4729,4511,,,,341,4423,3888,4111,4245,3923,,,,,,1[1],1[1],32[4],128[128],TILE,BFLOAT16,DEV_0_DRAM_INTERLEAVED,1[1],1[1],1024[1024],128[128],TILE,BFLOAT16,DEV_0_DRAM_INTERLEAVED,1[1],1[1],1024[1024],128[128],TILE,BFLOAT16,DEV_0_DRAM_INTERLEAVED,,,,,,,,,,,,,,,1[1],1[1],32[32],128[128],TILE,BFLOAT16,DEV_0_DRAM_INTERLEAVED,,,,,,,,,,,,,,,,,['ttnn/cpp/ttnn/operations/experimental/transformer/rotary_embedding/device/kernels/compute/rotary_embedding.cpp'],['rotary_embedding/1557426650758912522/'],['ttnn/cpp/ttnn/operations/experimental/transformer/rotary_embedding/device/kernels/dataflow/writer_rotary_embedding_interleaved_start_id.cpp'; 'ttnn/cpp/ttnn/operations/experimental/transformer/rotary_embedding/device/kernels/dataflow/reader_rotary_embedding_interleaved_start_id.cpp'],['writer_rotary_embedding_interleaved_start_id/13064851009473150217/'; 'reader_rotary_embedding_interleaved_start_id/17961602644198681278/'],5605803044193443141,False,1592,1480,4984,3064,6840,0,0,0,0,1,1,1,[],[],0.021,,,,,,,31711
InterleavedToShardedDeviceOperation,tt_dnn_device,58371,3,blackhole,"{'keep_l1_aligned': 'false'; 'output_dtype': 'DataType::BFLOAT16'; 'output_mem_config': 'MemoryConfig(memory_layout=TensorMemoryLayout::HEIGHT_SHARDED;buffer_type=BufferType::L1;shard_spec=ShardSpec{grid=[{""start"":{""x"":0;""y"":0};""end"":{""x"":0;""y"":0}]; shape=[32; 128]; orientation=ShardOrientation::ROW_MAJOR};nd_shard_spec={""shard_shape"":[32; 128];""grid"":[{""start"":{""x"":0;""y"":0};""end"":{""x"":0;""y"":0}}];""orientation"":""ShardOrientation::ROW_MAJOR"";""shard_distribution_strategy"":""ShardDistributionStrategy::ROUND_ROBIN_1D""};created_with_nd_shard_spec=0;per_core_allocation=0)'}",,1,110,,,10180566694,10180603384,36690,8379959561637,8379959563233,1143065,1143065,1182,638,638,,,,11,627,593,,,,,,,,,1[1],1[1],32[4],128[128],TILE,BFLOAT16,DEV_0_DRAM_INTERLEAVED,,,,,,,,,,,,,,,,,,,,,,,,,,,,,1[1],1[1],32[4],128[128],TILE,BFLOAT16,DEV_0_L1_HEIGHT_SHARDED,,,,,,,,,,,,,,,,,[],[],['ttnn/cpp/ttnn/operations/data_movement/sharded/device/kernels/dataflow/writer_unary_sharded.cpp'; 'ttnn/cpp/ttnn/operations/data_movement/sharded/device/kernels/dataflow/reader_unary_sharded_blocks_interleaved_start_id.cpp'],['writer_unary_sharded/18129290435517060812/'; 'reader_unary_sharded_blocks_interleaved_start_id/5058007598381052557/'],5867728310344965271,False,444,876,0,0,0,0,0,0,0,1,1,1,[],[],0.157,,,,,,,36690
PagedUpdateCacheDeviceOperation,tt_dnn_device,59395,3,blackhole,{'batch_offset': '0'; 'block_size_override': 'std::nullopt'; 'cache_position_modulo': 'std::nullopt'; 'compute_kernel_config': 'ComputeKernelConfig(math_fidelity=LoFi;math_approx_mode=1;fp32_dest_acc_en=0;packer_l1_acc=0;dst_full_sync_en=0;throttle_level=ThrottleLevel::NO_THROTTLE)'; 'mesh_coords': 'std::nullopt'; 'num_kv_heads_override': 'std::nullopt'; 'share_cache': 'false'; 'update_idxs': '{}'},HiFi4,1,110,,,10184467625,10184520135,52510,8379964827419,8379964835040,3899874,3900417,5645,5114,4976,,,,239,4881,2958,4241,4256,4392,,,,,,32[32],4[4],32[32],128[128],TILE,BFLOAT16,DEV_0_DRAM_INTERLEAVED,1[1],1[1],32[4],128[128],TILE,BFLOAT16,DEV_0_L1_HEIGHT_SHARDED,1[1],1[1],1[1],1[1],ROW_MAJOR,INT32,DEV_0_DRAM_INTERLEAVED,1[1],1[1],1[1],32[32],ROW_MAJOR,INT32,DEV_0_DRAM_INTERLEAVED,,,,,,,,32[32],4[4],32[32],128[128],TILE,BFLOAT16,DEV_0_DRAM_INTERLEAVED,,,,,,,,,,,,,,,,,['ttnn/cpp/ttnn/operations/experimental/paged_cache/device/kernels/compute/update_cache.cpp'],['update_cache/7670110409888195528/'],['ttnn/cpp/ttnn/operations/experimental/paged_cache/device/kernels/dataflow/writer_update_cache_interleaved_start_id.cpp'; 'ttnn/cpp/ttnn/operations/experimental/paged_cache/device/kernels/dataflow/reader_update_cache_interleaved_start_id.cpp'],['writer_update_cache_interleaved_start_id/11410082585874519517/'; 'reader_update_cache_interleaved_start_id/1573775836651547710/'],7990116866711562822,False,1648,1324,2232,1796,4768,0,0,0,0,1,1,1,[],[],0.02,,,,,,,52510
PagedUpdateCacheDeviceOperation,tt_dnn_device,60419,3,blackhole,{'batch_offset': '0'; 'block_size_override': 'std::nullopt'; 'cache_position_modulo': 'std::nullopt'; 'compute_kernel_config': 'ComputeKernelConfig(math_fidelity=LoFi;math_approx_mode=1;fp32_dest_acc_en=0;packer_l1_acc=0;dst_full_sync_en=0;throttle_level=ThrottleLevel::NO_THROTTLE)'; 'mesh_coords': 'std::nullopt'; 'num_kv_heads_override': 'std::nullopt'; 'share_cache': 'false'; 'update_idxs': '{}'},HiFi4,1,110,,,10184553739,10184555072,1333,8379964945110,8379964952604,82070,82198,5551,5007,4882,,,,224,4801,2909,4206,4154,4304,,,,,,32[32],4[4],32[32],128[128],TILE,BFLOAT16,DEV_0_DRAM_INTERLEAVED,1[1],1[1],32[4],128[128],TILE,BFLOAT16,DEV_0_L1_HEIGHT_SHARDED,1[1],1[1],1[1],1[1],ROW_MAJOR,INT32,DEV_0_DRAM_INTERLEAVED,1[1],1[1],1[1],32[32],ROW_MAJOR,INT32,DEV_0_DRAM_INTERLEAVED,,,,,,,,32[32],4[4],32[32],128[128],TILE,BFLOAT16,DEV_0_DRAM_INTERLEAVED,,,,,,,,,,,,,,,,,['ttnn/cpp/ttnn/operations/experimental/paged_cache/device/kernels/compute/update_cache.cpp'],['update_cache/7670110409888195528/'],['ttnn/cpp/ttnn/operations/experimental/paged_cache/device/kernels/dataflow/writer_update_cache_interleaved_start_id.cpp'; 'ttnn/cpp/ttnn/operations/experimental/paged_cache/device/kernels/dataflow/reader_update_cache_interleaved_start_id.cpp'],['writer_update_cache_interleaved_start_id/11410082585874519517/'; 'reader_update_cache_interleaved_start_id/1573775836651547710/'],7990116866711562822,False,1648,1324,2232,1796,4768,0,0,0,0,1,1,1,[],[],0.02,,,,,,,1333
SdpaDecodeDeviceOperation,tt_dnn_device,61443,3,blackhole,{'cache_position_modulo': 'std::nullopt'; 'compute_kernel_config': 'ComputeKernelConfig(math_fidelity=HiFi2;math_approx_mode=1;fp32_dest_acc_en=0;packer_l1_acc=0;dst_full_sync_en=0;throttle_level=ThrottleLevel::NO_THROTTLE)'; 'cur_pos': '{}'; 'head_dim_v': 'std::nullopt'; 'is_causal': 'true'; 'k_chunk_size': '32'; 'output_mem_config': 'MemoryConfig(memory_layout=TensorMemoryLayout::INTERLEAVED;buffer_type=BufferType::DRAM;shard_spec=std::nullopt;nd_shard_spec=std::nullopt;created_with_nd_shard_spec=0;per_core_allocation=0)'; 'paged_attention': 'true'; 'paged_cache_geometry': 'PagedCacheGeometryOverride(block_size=0;num_kv_heads=0)'; 'program_config': 'SDPAProgramConfig(compute_with_storage_grid_size=11-10;sub_core_grids=std::nullopt;q_chunk_size=32;k_chunk_size=32;exp_approx_mode=std::nullopt;max_cores_per_head_batch=1)'; 'scale': '0.088388346'; 'share_cache': 'std::nullopt'; 'sliding_window_size': 'std::nullopt'; 'use_mla': 'std::nullopt'},HiFi2,110,110,,,10189533672,10189604677,71005,8379971675049,8379971691705,4980456,4980528,12338,11679,11449,,,,671,11261,3755,8990,9209,9003,,,,,,1[1],1[1],32[32],128[128],TILE,BFLOAT16,DEV_0_DRAM_INTERLEAVED,32[32],4[4],32[32],128[128],TILE,BFLOAT16,DEV_0_DRAM_INTERLEAVED,32[32],4[4],32[32],128[128],TILE,BFLOAT16,DEV_0_DRAM_INTERLEAVED,1[1],1[1],1[1],1[1],ROW_MAJOR,INT32,DEV_0_DRAM_INTERLEAVED,1[1],1[1],1[1],32[32],ROW_MAJOR,INT32,DEV_0_DRAM_INTERLEAVED,1[1],1[1],32[32],128[128],TILE,BFLOAT16,DEV_0_DRAM_INTERLEAVED,,,,,,,,,,,,,,,,,['ttnn/cpp/ttnn/operations/transformer/sdpa_decode/device/kernels/compute/sdpa_flash_decode.cpp'],['sdpa_flash_decode/9741563857630475265/'],['ttnn/cpp/ttnn/operations/transformer/sdpa_decode/device/kernels/dataflow/writer_decode_all.cpp'; 'ttnn/cpp/ttnn/operations/transformer/sdpa_decode/device/kernels/dataflow/reader_decode_all.cpp'],['writer_decode_all/3885838694980141792/'; 'reader_decode_all/14367694434285077731/'],13413334517688795849,False,4336,2380,13432,13988,10956,0,0,0,0,1,1,1,[],[],0.009,,,,,,,71005
InterleavedToShardedDeviceOperation,tt_dnn_device,62467,3,blackhole,"{'keep_l1_aligned': 'false'; 'output_dtype': 'DataType::BFLOAT16'; 'output_mem_config': 'MemoryConfig(memory_layout=TensorMemoryLayout::HEIGHT_SHARDED;buffer_type=BufferType::L1;shard_spec=ShardSpec{grid=[{""start"":{""x"":0;""y"":0};""end"":{""x"":0;""y"":0}]; shape=[32; 128]; orientation=ShardOrientation::ROW_MAJOR};nd_shard_spec=std::nullopt;created_with_nd_shard_spec=0;per_core_allocation=0)'}",,1,110,,,10189817584,10189850487,32903,8379972050381,8379972051900,266112,266112,1125,582,582,,,,15,567,572,,,,,,,,,1[1],1[1],32[32],128[128],TILE,BFLOAT16,DEV_0_DRAM_INTERLEAVED,,,,,,,,,,,,,,,,,,,,,,,,,,,,,1[1],1[1],32[32],128[128],TILE,BFLOAT16,DEV_0_L1_HEIGHT_SHARDED,,,,,,,,,,,,,,,,,[],[],['ttnn/cpp/ttnn/operations/data_movement/sharded/device/kernels/dataflow/writer_unary_sharded.cpp'; 'ttnn/cpp/ttnn/operations/data_movement/sharded/device/kernels/dataflow/reader_unary_sharded_blocks_interleaved_start_id.cpp'],['writer_unary_sharded/18129290435517060812/'; 'reader_unary_sharded_blocks_interleaved_start_id/5058007598381052557/'],4942749812190275719,False,444,876,0,0,0,0,0,0,0,1,1,1,[],[],0.172,,,,,,,32903
NLPConcatHeadsDecodeDeviceOperation,tt_dnn_device,63491,3,blackhole,{'num_heads': '32'; 'on_subcoregrids': 'false'; 'sub_core_grids': 'std::nullopt'},,32,110,,,10191509766,10191548811,39045,8379974337457,8379974340495,1694039,1694039,2250,1326,1326,,,,200,1326,1187,,,,,,,,,1[1],1[1],32[32],128[128],TILE,BFLOAT16,DEV_0_L1_HEIGHT_SHARDED,,,,,,,,,,,,,,,,,,,,,,,,,,,,,1[1],1[1],32[32],4096[4096],TILE,BFLOAT16,DEV_0_L1_WIDTH_SHARDED,,,,,,,,,,,,,,,,,[],[],['ttnn/cpp/ttnn/operations/experimental/transformer/nlp_concat_heads_decode/device/kernels/dataflow/reader_tm_tile_layout_nlp_concat_heads_decode.cpp'],['reader_tm_tile_layout_nlp_concat_heads_decode/3558070684742168053/'],2491016017244488929,False,628,600,0,0,0,0,0,0,0,1,1,1,[],[],0.075,,,,,,,39045
ShardedToInterleavedDeviceOperation,tt_dnn_device,64515,3,blackhole,{'num_slices': '1'; 'output_dtype': 'DataType::BFLOAT16'; 'output_mem_config': 'MemoryConfig(memory_layout=TensorMemoryLayout::INTERLEAVED;buffer_type=BufferType::DRAM;shard_spec=std::nullopt;nd_shard_spec=std::nullopt;created_with_nd_shard_spec=0;per_core_allocation=0)'; 'slice_index': '0'},,32,110,,,10191721681,10191752179,30498,8379974623696,8379974627092,210742,210742,2516,1581,1581,,,,174,1581,212,,,,,,,,,1[1],1[1],32[32],4096[4096],TILE,BFLOAT16,DEV_0_L1_WIDTH_SHARDED,,,,,,,,,,,,,,,,,,,,,,,,,,,,,1[1],1[1],32[32],4096[4096],TILE,BFLOAT16,DEV_0_DRAM_INTERLEAVED,,,,,,,,,,,,,,,,,[],[],['ttnn/cpp/ttnn/operations/data_movement/sharded/device/kernels/dataflow/writer_unary_sharded_blocks_interleaved_start_id.cpp'; 'ttnn/cpp/ttnn/operations/eltwise/unary/device/kernels/dataflow/reader_unary_sharded.cpp'],['writer_unary_sharded_blocks_interleaved_start_id/2761029874389330304/'; 'reader_unary_sharded/17466301105291312433/'],451929236983846888,False,880,404,0,0,0,0,0,0,0,1,1,1,[],[],0.063,,,,,,,30498
SliceDeviceOperation,tt_dnn_device,65539,3,blackhole,{'num_devices': 'std::nullopt'; 'output_mem_config': 'MemoryConfig(memory_layout=TensorMemoryLayout::INTERLEAVED;buffer_type=BufferType::DRAM;shard_spec=std::nullopt;nd_shard_spec=std::nullopt;created_with_nd_shard_spec=0;per_core_allocation=0)'; 'slice_dim': 'std::nullopt'; 'slice_end': 'Shape([1; 1; 32; 4096])'; 'slice_start': 'Shape([0; 0; 0; 0])'; 'step': 'Shape([1; 1; 1; 1])'; 'sub_core_grids': 'std::nullopt'; 'use_tensor_args': 'false'},,110,110,,,10192055048,10192121665,66617,8379975076615,8379975080422,333595,333595,2820,2238,2238,,,,177,2233,1971,,,,,,,,,1[1],1[1],32[32],4096[4096],TILE,BFLOAT16,DEV_0_DRAM_INTERLEAVED,,,,,,,,,,,,,,,,,,,,,,,,,,,,,1[1],1[1],32[32],4096[4096],TILE,BFLOAT16,DEV_0_DRAM_INTERLEAVED,,,,,,,,,,,,,,,,,[],[],['ttnn/cpp/ttnn/operations/data_movement/slice/device/kernels/dataflow/writer_unary_interleaved_start_id.cpp'; 'ttnn/cpp/ttnn/operations/data_movement/slice/device/kernels/dataflow/reader_unary_unpad_dims_interleaved_start_id.cpp'],['writer_unary_interleaved_start_id/6398308817736519604/'; 'reader_unary_unpad_dims_interleaved_start_id/3378272046018265956/'],4577526679030103254,False,1000,1028,0,0,0,0,0,0,0,1207,1207,476,[217.18641662597656],[217.18641662597656],53.932,,,,,,,66617
InterleavedToShardedDeviceOperation,tt_dnn_device,66563,3,blackhole,"{'keep_l1_aligned': 'false'; 'output_dtype': 'DataType::BFLOAT16'; 'output_mem_config': 'MemoryConfig(memory_layout=TensorMemoryLayout::WIDTH_SHARDED;buffer_type=BufferType::L1;shard_spec=ShardSpec{grid=[{""start"":{""x"":0;""y"":0};""end"":{""x"":7;""y"":0}]; shape=[32; 512]; orientation=ShardOrientation::ROW_MAJOR};nd_shard_spec=std::nullopt;created_with_nd_shard_spec=0;per_core_allocation=0)'}",,8,110,,,10192303162,10192339050,35888,8379975406599,8379975408925,242087,242087,1723,1234,1234,,,,99,1194,1215,,,,,,,,,1[1],1[1],32[1],4096[4096],TILE,BFLOAT16,DEV_0_DRAM_INTERLEAVED,,,,,,,,,,,,,,,,,,,,,,,,,,,,,1[1],1[1],32[1],4096[4096],TILE,BFLOAT16,DEV_0_L1_WIDTH_SHARDED,,,,,,,,,,,,,,,,,[],[],['ttnn/cpp/ttnn/operations/data_movement/sharded/device/kernels/dataflow/writer_unary_sharded.cpp'; 'ttnn/cpp/ttnn/operations/data_movement/sharded/device/kernels/dataflow/reader_unary_sharded_blocks_interleaved_start_id.cpp'],['writer_unary_sharded/18129290435517060812/'; 'reader_unary_sharded_blocks_interleaved_start_id/17914038341005097626/'],7493938554374292286,False,444,876,0,0,0,0,0,0,0,1,1,1,[],[],0.081,,,,,,,35888
MatmulDeviceOperation,tt_dnn_device,67587,3,blackhole,"{'bcast_batch': 'true'; 'compute_kernel_config': 'ComputeKernelConfig(math_fidelity=LoFi;math_approx_mode=0;fp32_dest_acc_en=0;packer_l1_acc=1;dst_full_sync_en=0;throttle_level=ThrottleLevel::NO_THROTTLE)'; 'global_cb': 'std::nullopt'; 'output_dtype': 'DataType::BFLOAT16'; 'output_mem_config': 'MemoryConfig(memory_layout=TensorMemoryLayout::WIDTH_SHARDED;buffer_type=BufferType::L1;shard_spec=ShardSpec{grid=[{""start"":{""x"":0;""y"":0};""end"":{""x"":7;""y"":0}]; shape=[32; 256]; orientation=ShardOrientation::ROW_MAJOR};nd_shard_spec=std::nullopt;created_with_nd_shard_spec=0;per_core_allocation=0)'; 'output_tile': 'Tile(tile_shape={32; 32};face_shape={16; 16};num_faces=4)'; 'program_config': 'MatmulMultiCoreReuseMultiCastDRAMShardedProgramConfig(in0_block_w=16;per_core_M=1;per_core_N=8;fused_activation=std::nullopt)'; 'sub_device_id': 'std::nullopt'; 'transpose_a': 'false'; 'transpose_b': 'false'; 'untilize_out': 'false'; 'user_core_coord': 'std::nullopt'; 'user_fused_activation': 'std::nullopt'; 'user_run_batched': 'false'}",LoFi,80,110,,,10196294486,10196368868,74382,8379980797627,8379980828005,3992151,3992253,22502,21910,21883,,,,230,21833,17889,20923,21031,21307,,,,,,1[1],1[1],32[1],4096[4096],TILE,BFLOAT16,DEV_0_L1_WIDTH_SHARDED,1[1],1[1],4096[4096],2048[2048],TILE,BFLOAT8_B,DEV_0_DRAM_WIDTH_SHARDED,,,,,,,,,,,,,,,,,,,,,,1[1],1[1],32[1],2048[2048],TILE,BFLOAT16,DEV_0_L1_WIDTH_SHARDED,,,,,,,,,,,,,,,,,['ttnn/cpp/ttnn/operations/matmul/device/kernels/compute/bmm_large_block_zm_fused_bias_activation.cpp'],['bmm_large_block_zm_fused_bias_activation/10808627323120181348/'],['ttnn/cpp/ttnn/operations/matmul/device/kernels/dataflow/reader_bmm_tile_layout_in1_sender_dram_sharded.cpp'; 'ttnn/cpp/ttnn/operations/matmul/device/kernels/dataflow/reader_bmm_tile_layout_in0_sender_dram_sharded.cpp'],['reader_bmm_tile_layout_in1_sender_dram_sharded/10648504525737258569/'; 'reader_bmm_tile_layout_in0_sender_dram_sharded/7801557468420230089/'],8809333624267941650,False,1736,1704,2580,2268,3560,0,0,0,0,15258,29,15258,[17.180757522583008; 549.7842407226562],[8.590378761291504],0.132,,,,,,,74382
ShardedToInterleavedDeviceOperation,tt_dnn_device,68611,3,blackhole,{'num_slices': '1'; 'output_dtype': 'DataType::BFLOAT16'; 'output_mem_config': 'MemoryConfig(memory_layout=TensorMemoryLayout::INTERLEAVED;buffer_type=BufferType::DRAM;shard_spec=std::nullopt;nd_shard_spec=std::nullopt;created_with_nd_shard_spec=0;per_core_allocation=0)'; 'slice_index': '0'},,8,110,,,10196538542,10196568669,30127,8379981123838,8379981125687,219663,219663,1370,866,866,,,,101,825,86,,,,,,,,,1[1],1[1],32[1],2048[2048],TILE,BFLOAT16,DEV_0_L1_WIDTH_SHARDED,,,,,,,,,,,,,,,,,,,,,,,,,,,,,1[1],1[1],32[1],2048[2048],TILE,BFLOAT16,DEV_0_DRAM_INTERLEAVED,,,,,,,,,,,,,,,,,[],[],['ttnn/cpp/ttnn/operations/data_movement/sharded/device/kernels/dataflow/writer_unary_sharded_blocks_interleaved_start_id.cpp'; 'ttnn/cpp/ttnn/operations/eltwise/unary/device/kernels/dataflow/reader_unary_sharded.cpp'],['writer_unary_sharded_blocks_interleaved_start_id/2761029874389330304/'; 'reader_unary_sharded/17466301105291312433/'],14480364056252412280,False,880,404,0,0,0,0,0,0,0,1,1,1,[],[],0.115,,,,,,,30127
BinaryNgDeviceOperation,tt_dnn_device,69635,3,blackhole,{'a_shard_volume': 'std::nullopt'; 'b_shard_volume': 'std::nullopt'; 'binary_op_type': 'BinaryOpType::ADD'; 'c_shard_volume': 'std::nullopt'; 'compute_kernel_config': 'std::nullopt'; 'dtype': 'DataType::BFLOAT16'; 'equal_nan': 'false'; 'input_layout_a': 'Layout::TILE'; 'input_layout_b': 'Layout::TILE'; 'is_quant_op': 'false'; 'is_sfpu': 'false'; 'is_where_op': 'false'; 'lhs_activations': '{}'; 'memory_config': 'MemoryConfig(memory_layout=TensorMemoryLayout::INTERLEAVED;buffer_type=BufferType::DRAM;shard_spec=std::nullopt;nd_shard_spec=std::nullopt;created_with_nd_shard_spec=0;per_core_allocation=0)'; 'output_layout': 'Layout::TILE'; 'post_activations': '{}'; 'rhs_activations': '{}'; 'sub_core_grids': 'std::nullopt'; 'subtile_broadcast_type': 'SubtileBroadcastType::NONE'},HiFi4,110,110,,,10196661096,10196662879,1783,8379981290686,8379981294167,122816,122818,2579,2001,1992,,,,175,1953,1485,1463,304,426,,,,,,1[1],1[1],32[32],2048[2048],TILE,BFLOAT16,DEV_0_DRAM_INTERLEAVED,1[1],1[1],32[32],2048[2048],TILE,BFLOAT16,DEV_0_DRAM_INTERLEAVED,,,,,,,,,,,,,,,,,,,,,,1[1],1[1],32[32],2048[2048],TILE,BFLOAT16,DEV_0_DRAM_INTERLEAVED,,,,,,,,,,,,,,,,,['ttnn/cpp/ttnn/operations/eltwise/binary_ng/device/kernels/compute/eltwise_binary_no_bcast.cpp'],['eltwise_binary_no_bcast/977542353808120762/'],['ttnn/cpp/ttnn/operations/eltwise/binary_ng/device/kernels_ng/dataflow/writer_interleaved_no_bcast.cpp'; 'ttnn/cpp/ttnn/operations/eltwise/binary_ng/device/kernels_ng/dataflow/reader_interleaved_no_bcast.cpp'],['writer_interleaved_no_bcast/13894129297280583369/'; 'reader_interleaved_no_bcast/14366374685443138368/'],2300497682472665004,False,1592,2328,1256,784,1300,0,0,0,0,1,1,1,[],[],0.05,,,,,,,1783
LayerNormDeviceOperation,tt_dnn_device,70659,3,blackhole,{'compute_kernel_config': 'ComputeKernelConfig(math_fidelity=HiFi4;math_approx_mode=1;fp32_dest_acc_en=0;packer_l1_acc=0;dst_full_sync_en=0;throttle_level=ThrottleLevel::NO_THROTTLE)'; 'distributed_norm_stage': 'DistributedLayerNormStage::NOT_DISTRIBUTED'; 'dtype': 'std::nullopt'; 'eps': '1e-06'; 'fused_activation': 'std::nullopt'; 'norm_type': 'LayerNormType::RMSNORM'; 'output_mem_config': 'MemoryConfig(memory_layout=TensorMemoryLayout::INTERLEAVED;buffer_type=BufferType::DRAM;shard_spec=std::nullopt;nd_shard_spec=std::nullopt;created_with_nd_shard_spec=0;per_core_allocation=0)'; 'program_config': 'LayerNormDefaultProgramConfig(legacy_reduction=0;legacy_rsqrt=0;use_welford=0)'},HiFi4,1,110,,,10196698587,10196701112,2525,8379981340214,8379981368213,34655,34775,20740,20194,20073,,,,195,19999,10409,19194,19233,19445,,,,,,1[1],1[1],32[1],2048[2048],TILE,BFLOAT16,DEV_0_DRAM_INTERLEAVED,1[1],1[1],32[1],2048[2048],TILE,BFLOAT16,DEV_0_DRAM_INTERLEAVED,,,,,,,,,,,,,,,,,,,,,,1[1],1[1],32[1],2048[2048],TILE,BFLOAT16,DEV_0_DRAM_INTERLEAVED,,,,,,,,,,,,,,,,,['ttnn/cpp/ttnn/operations/normalization/layernorm/device/kernels/compute/layernorm.cpp'],['layernorm/3107190675960002380/'],['ttnn/cpp/ttnn/operations/normalization/layernorm/device/kernels/dataflow/writer_unary_interleaved_start_id_blocked.cpp'; 'ttnn/cpp/ttnn/operations/normalization/layernorm/device/kernels/dataflow/reader_unary_interleaved_ln.cpp'],['writer_unary_interleaved_start_id_blocked/15246078614259929809/'; 'reader_unary_interleaved_ln/15866294076648289277/'],14396068802553237578,False,812,1532,3736,3168,3404,0,0,0,0,1,1,1,[],[],0.005,,,,,,,2525
MatmulDeviceOperation,tt_dnn_device,71683,3,blackhole,{'bcast_batch': 'true'; 'compute_kernel_config': 'ComputeKernelConfig(math_fidelity=HiFi2;math_approx_mode=0;fp32_dest_acc_en=1;packer_l1_acc=0;dst_full_sync_en=0;throttle_level=ThrottleLevel::NO_THROTTLE)'; 'global_cb': 'std::nullopt'; 'output_dtype': 'DataType::FLOAT32'; 'output_mem_config': 'MemoryConfig(memory_layout=TensorMemoryLayout::INTERLEAVED;buffer_type=BufferType::DRAM;shard_spec=std::nullopt;nd_shard_spec=std::nullopt;created_with_nd_shard_spec=0;per_core_allocation=0)'; 'output_tile': 'Tile(tile_shape={32; 32};face_shape={16; 16};num_faces=4)'; 'program_config': 'MatmulMultiCoreReuseMultiCast1DProgramConfig(compute_with_storage_grid_size=11-10;in0_block_w=2;out_subblock_h=1;out_subblock_w=1;out_block_h=1;out_block_w=1;per_core_M=1;per_core_N=1;fuse_batch=0;fused_activation=std::nullopt;mcast_in0=1;gather_in0=0;hop_cores={};num_global_cb_receivers=0;untilize_out=0;allowed_worker_cores={[0-0 - 10-9]};stream_in1=0)'; 'sub_device_id': 'std::nullopt'; 'transpose_a': 'false'; 'transpose_b': 'false'; 'untilize_out': 'false'; 'user_core_coord': 'std::nullopt'; 'user_fused_activation': 'std::nullopt'; 'user_run_batched': 'false'},HiFi2,4,110,,,10196912416,10196970717,58301,8379981631059,8379981665334,195613,195634,25389,24447,24423,,,,177,24421,23613,23864,23829,23896,,,,,,1[1],1[1],32[1],2048[2048],TILE,BFLOAT16,DEV_0_DRAM_INTERLEAVED,1[1],1[1],2048[2048],128[128],TILE,BFLOAT16,DEV_0_DRAM_INTERLEAVED,,,,,,,,,,,,,,,,,,,,,,1[1],1[1],32[1],128[128],TILE,FLOAT32,DEV_0_DRAM_INTERLEAVED,,,,,,,,,,,,,,,,,['ttnn/cpp/ttnn/operations/matmul/device/kernels/compute/bmm_large_block_zm_fused_bias_activation.cpp'],['bmm_large_block_zm_fused_bias_activation/2830432141840608960/'],['ttnn/cpp/ttnn/operations/matmul/device/kernels/dataflow/reader_bmm_tile_layout_in1_sender_writer_padding.cpp'; 'ttnn/cpp/ttnn/operations/matmul/device/kernels/dataflow/reader_bmm_tile_layout_in0_receiver.cpp'; 'ttnn/cpp/ttnn/operations/matmul/device/kernels/dataflow/reader_bmm_tile_layout_in0_sender_padding.cpp'],['reader_bmm_tile_layout_in1_sender_writer_padding/7103746181208400022/'; 'reader_bmm_tile_layout_in0_receiver/15506354397216073340/'; 'reader_bmm_tile_layout_in0_sender_padding/17451842799225707595/'],2158254675982110695,False,1572,1084,2308,1984,2220,0,0,0,0,953,3,953,[137.53619384765625; 550.144775390625],[17.19202423095703],0.012,,,,,,,58301
FillPadDeviceOperation,tt_dnn_device,72707,3,blackhole,{'fill_value': '-inf'; 'output_mem_config': 'MemoryConfig(memory_layout=TensorMemoryLayout::INTERLEAVED;buffer_type=BufferType::DRAM;shard_spec=std::nullopt;nd_shard_spec=std::nullopt;created_with_nd_shard_spec=0;per_core_allocation=0)'},HiFi4,4,110,,,10200459621,10200490410,30789,8379986417625,8379986424108,3520520,3520520,4802,4187,4187,,,,118,4137,584,3618,3747,347,,,,,,1[1],1[1],32[1],128[128],TILE,FLOAT32,DEV_0_DRAM_INTERLEAVED,,,,,,,,,,,,,,,,,,,,,,,,,,,,,1[1],1[1],32[1],128[128],TILE,FLOAT32,DEV_0_DRAM_INTERLEAVED,,,,,,,,,,,,,,,,,['ttnn/cpp/ttnn/operations/data_movement/fill_pad/device/kernels/compute/fill_pad_compute.cpp'],['fill_pad_compute/6862497571499768488/'],['ttnn/cpp/ttnn/operations/data_movement/fill_pad/device/kernels/dataflow/fill_pad_writer.cpp'; 'ttnn/cpp/ttnn/operations/data_movement/fill_pad/device/kernels/dataflow/fill_pad_reader.cpp'],['fill_pad_writer/9122920324977308180/'; 'fill_pad_reader/6083613411239414150/'],14982793935162359772,False,952,684,2212,1584,1332,0,0,0,0,1,1,1,[],[],0.024,,,,,,,30789
TopKDeviceOperation,tt_dnn_device,73731,3,blackhole,{'dim': '-1'; 'k': '32'; 'largest': 'true'; 'output_memory_config': 'MemoryConfig(memory_layout=TensorMemoryLayout::INTERLEAVED;buffer_type=BufferType::DRAM;shard_spec=std::nullopt;nd_shard_spec=std::nullopt;created_with_nd_shard_spec=0;per_core_allocation=0)'; 'sorted': 'true'; 'stable': 'false'; 'sub_core_grids': '{[0-0 - 10-9]}'},HiFi4,1,110,,,10200736230,10200774633,38403,8379986791505,8379986827868,272720,272720,26936,26365,26365,,,,105,26260,16801,25621,25631,25623,,,,,,1[1],1[1],32[1],128[128],TILE,FLOAT32,DEV_0_DRAM_INTERLEAVED,,,,,,,,,,,,,,,,,,,,,,,,,,,,,1[1],1[1],32[1],32[32],TILE,FLOAT32,DEV_0_DRAM_INTERLEAVED,1[1],1[1],32[1],32[32],TILE,UINT32,DEV_0_DRAM_INTERLEAVED,,,,,,,,,,['ttnn/cpp/ttnn/operations/reduction/topk/device/kernels/compute/topk.cpp'],['topk/10187201519481678783/'],['ttnn/cpp/ttnn/operations/reduction/topk/device/kernels/dataflow/writer_binary_interleaved.cpp'; 'ttnn/cpp/ttnn/operations/reduction/topk/device/kernels/dataflow/reader_create_index_tensor.cpp'],['writer_binary_interleaved/7582853304812929306/'; 'reader_create_index_tensor/15469518006513943292/'],1944616351230386287,False,1484,1236,7112,7212,4072,0,0,0,0,1,1,1,[],[],0.004,,,,,,,38403
SliceDeviceOperation,tt_dnn_device,74755,3,blackhole,{'num_devices': 'std::nullopt'; 'output_mem_config': 'MemoryConfig(memory_layout=TensorMemoryLayout::INTERLEAVED;buffer_type=BufferType::DRAM;shard_spec=std::nullopt;nd_shard_spec=std::nullopt;created_with_nd_shard_spec=0;per_core_allocation=0)'; 'slice_dim': 'std::nullopt'; 'slice_end': 'Shape([1; 1; 32; 32])'; 'slice_start': 'Shape([0; 0; 0; 0])'; 'step': 'Shape([1; 1; 1; 1])'; 'sub_core_grids': 'std::nullopt'; 'use_tensor_args': 'false'},,1,110,,,10200883140,10200926653,43513,8379986989166,8379986991068,120062,120062,1409,864,864,,,,4,864,630,,,,,,,,,1[1],1[1],32[1],32[32],TILE,FLOAT32,DEV_0_DRAM_INTERLEAVED,,,,,,,,,,,,,,,,,,,,,,,,,,,,,1[1],1[1],32[32],32[32],TILE,FLOAT32,DEV_0_DRAM_INTERLEAVED,,,,,,,,,,,,,,,,,[],[],['ttnn/cpp/ttnn/operations/data_movement/slice/device/kernels/dataflow/writer_unary_interleaved_start_id.cpp'; 'ttnn/cpp/ttnn/operations/data_movement/slice/device/kernels/dataflow/reader_unary_unpad_dims_interleaved_start_id.cpp'],['writer_unary_interleaved_start_id/7567965893877254614/'; 'reader_unary_unpad_dims_interleaved_start_id/15749507964430787242/'],4735201534855660581,False,988,1024,0,0,0,0,0,0,0,465,465,7,[8.808602333068848],[8.808602333068848],53.819,,,,,,,43513
SliceDeviceOperation,tt_dnn_device,75779,3,blackhole,{'num_devices': 'std::nullopt'; 'output_mem_config': 'MemoryConfig(memory_layout=TensorMemoryLayout::INTERLEAVED;buffer_type=BufferType::DRAM;shard_spec=std::nullopt;nd_shard_spec=std::nullopt;created_with_nd_shard_spec=0;per_core_allocation=0)'; 'slice_dim': 'std::nullopt'; 'slice_end': 'Shape([1; 1; 32; 32])'; 'slice_start': 'Shape([0; 0; 0; 0])'; 'step': 'Shape([1; 1; 1; 1])'; 'sub_core_grids': 'std::nullopt'; 'use_tensor_args': 'false'},,1,110,,,10201024250,10201055329,31079,8379987180137,8379987182018,140601,140601,1393,875,875,,,,3,875,642,,,,,,,,,1[1],1[1],32[1],32[32],TILE,UINT32,DEV_0_DRAM_INTERLEAVED,,,,,,,,,,,,,,,,,,,,,,,,,,,,,1[1],1[1],32[32],32[32],TILE,UINT32,DEV_0_DRAM_INTERLEAVED,,,,,,,,,,,,,,,,,[],[],['ttnn/cpp/ttnn/operations/data_movement/slice/device/kernels/dataflow/writer_unary_interleaved_start_id.cpp'; 'ttnn/cpp/ttnn/operations/data_movement/slice/device/kernels/dataflow/reader_unary_unpad_dims_interleaved_start_id.cpp'],['writer_unary_interleaved_start_id/311284428576550980/'; 'reader_unary_unpad_dims_interleaved_start_id/10449458964895682941/'],2375952213893068772,False,988,1024,0,0,0,0,0,0,0,465,465,7,[8.808602333068848],[8.808602333068848],53.143,,,,,,,31079
SliceDeviceOperation,tt_dnn_device,76803,3,blackhole,{'num_devices': 'std::nullopt'; 'output_mem_config': 'MemoryConfig(memory_layout=TensorMemoryLayout::INTERLEAVED;buffer_type=BufferType::DRAM;shard_spec=std::nullopt;nd_shard_spec=std::nullopt;created_with_nd_shard_spec=0;per_core_allocation=0)'; 'slice_dim': 'std::nullopt'; 'slice_end': 'Shape([1; 1; 32; 32])'; 'slice_start': 'Shape([0; 0; 0; 0])'; 'step': 'Shape([1; 1; 1; 1])'; 'sub_core_grids': 'std::nullopt'; 'use_tensor_args': 'false'},,1,110,,,10201189706,10201221827,32121,8379987402950,8379987404845,164255,164255,1404,867,867,,,,5,861,638,,,,,,,,,1[1],1[1],32[1],32[8],TILE,FLOAT32,DEV_0_DRAM_INTERLEAVED,,,,,,,,,,,,,,,,,,,,,,,,,,,,,1[1],1[1],32[32],32[32],TILE,FLOAT32,DEV_0_DRAM_INTERLEAVED,,,,,,,,,,,,,,,,,[],[],['ttnn/cpp/ttnn/operations/data_movement/slice/device/kernels/dataflow/writer_unary_interleaved_start_id.cpp'; 'ttnn/cpp/ttnn/operations/data_movement/slice/device/kernels/dataflow/reader_unary_unpad_dims_interleaved_start_id.cpp'],['writer_unary_interleaved_start_id/7567965893877254614/'; 'reader_unary_unpad_dims_interleaved_start_id/15749507964430787242/'],17913126350351877367,False,988,1024,0,0,0,0,0,0,0,465,465,7,[8.808602333068848],[8.808602333068848],53.633,,,,,,,32121
BinaryNgDeviceOperation,tt_dnn_device,77827,3,blackhole,{'a_shard_volume': 'std::nullopt'; 'b_shard_volume': 'std::nullopt'; 'binary_op_type': 'BinaryOpType::SUB'; 'c_shard_volume': 'std::nullopt'; 'compute_kernel_config': 'std::nullopt'; 'dtype': 'DataType::FLOAT32'; 'equal_nan': 'false'; 'input_layout_a': 'Layout::TILE'; 'input_layout_b': 'Layout::TILE'; 'is_quant_op': 'false'; 'is_sfpu': 'true'; 'is_where_op': 'false'; 'lhs_activations': '{}'; 'memory_config': 'MemoryConfig(memory_layout=TensorMemoryLayout::INTERLEAVED;buffer_type=BufferType::DRAM;shard_spec=std::nullopt;nd_shard_spec=std::nullopt;created_with_nd_shard_spec=0;per_core_allocation=0)'; 'output_layout': 'Layout::TILE'; 'post_activations': '{}'; 'rhs_activations': '{}'; 'sub_core_grids': 'std::nullopt'; 'subtile_broadcast_type': 'SubtileBroadcastType::SCALAR_B'},HiFi4,110,110,,,10202598697,10202654424,55727,8379989311400,8379989318145,1412934,1412963,4996,4401,4384,,,,216,4350,3530,3773,3847,343,,,,,,1[1],1[1],32[1],32[8],TILE,FLOAT32,DEV_0_DRAM_INTERLEAVED,1[1],1[1],32[1],32[1],TILE,FLOAT32,DEV_0_DRAM_INTERLEAVED,,,,,,,,,,,,,,,,,,,,,,1[1],1[1],32[1],32[8],TILE,FLOAT32,DEV_0_DRAM_INTERLEAVED,,,,,,,,,,,,,,,,,['ttnn/cpp/ttnn/operations/eltwise/binary_ng/device/kernels/compute/eltwise_binary_sfpu.cpp'],['eltwise_binary_sfpu/17163318339426944713/'],['ttnn/cpp/ttnn/operations/eltwise/binary_ng/device/kernels_ng/dataflow/writer_interleaved_no_bcast.cpp'; 'ttnn/cpp/ttnn/operations/eltwise/binary_ng/device/kernels_ng/dataflow/reader_interleaved_scalar_bcast.cpp'],['writer_interleaved_no_bcast/10557222089668481425/'; 'reader_interleaved_scalar_bcast/7410644695044476319/'],15239747737665630751,False,1584,1656,3316,2028,1836,0,0,0,0,1,1,1,[],[],0.023,,,,,,,55727
UnaryDeviceOperation,tt_dnn_device,78851,3,blackhole,{'bfp8_pack_precise': 'false'; 'fp32_dest_acc_en': 'true'; 'memory_config': 'MemoryConfig(memory_layout=TensorMemoryLayout::INTERLEAVED;buffer_type=BufferType::DRAM;shard_spec=std::nullopt;nd_shard_spec=std::nullopt;created_with_nd_shard_spec=0;per_core_allocation=0)'; 'op_chain': '{BasicUnaryWithParam<float; int; unsigned int>(base=BasicUnaryWithParam<float>(op_type=UnaryOpType::EXP;param={0}))}'; 'output_dtype': 'DataType::FLOAT32'; 'preserve_fp32_precision': 'true'; 'sub_core_grids': 'std::nullopt'; 'worker_grid': '{[0-0 - 10-9]}'},HiFi4,110,110,,,10202707034,10202712274,5240,8379989456700,8379989460430,103196,103231,2763,2187,2187,,,,191,2170,655,733,1790,344,,,,,,1[1],1[1],32[32],32[8],TILE,FLOAT32,DEV_0_DRAM_INTERLEAVED,,,,,,,,,,,,,,,,,,,,,,,,,,,,,1[1],1[1],32[32],32[8],TILE,FLOAT32,DEV_0_DRAM_INTERLEAVED,,,,,,,,,,,,,,,,,['ttnn/cpp/ttnn/operations/eltwise/unary/device/kernels/compute/eltwise_sfpu.cpp'],['eltwise_sfpu/17514438104742452371/'],['ttnn/cpp/ttnn/operations/eltwise/unary/device/kernels/dataflow/writer_unary.cpp'; 'ttnn/cpp/ttnn/operations/eltwise/unary/device/kernels/dataflow/reader_unary.cpp'],['writer_unary/1272049559665435637/'; 'reader_unary/610144119908424084/'],7045176182180117036,False,988,916,1656,1108,1264,0,0,0,0,1,1,1,[],[],0.046,,,,,,,5240
UnaryDeviceOperation,tt_dnn_device,79875,3,blackhole,{'bfp8_pack_precise': 'false'; 'fp32_dest_acc_en': 'true'; 'memory_config': 'MemoryConfig(memory_layout=TensorMemoryLayout::INTERLEAVED;buffer_type=BufferType::DRAM;shard_spec=std::nullopt;nd_shard_spec=std::nullopt;created_with_nd_shard_spec=0;per_core_allocation=0)'; 'op_chain': '{BasicUnaryWithParam<float; int; unsigned int>(base=BasicUnaryWithParam<float>(op_type=UnaryOpType::FILL;param={0}))}'; 'output_dtype': 'DataType::FLOAT32'; 'preserve_fp32_precision': 'true'; 'sub_core_grids': 'std::nullopt'; 'worker_grid': '{[0-0 - 10-9]}'},HiFi4,110,110,,,10202747051,10202748223,1172,8379989507197,8379989509580,35211,35204,1765,1194,1193,,,,183,1147,641,711,764,341,,,,,,1[1],1[1],32[32],128[128],TILE,FLOAT32,DEV_0_DRAM_INTERLEAVED,,,,,,,,,,,,,,,,,,,,,,,,,,,,,1[1],1[1],32[32],128[128],TILE,FLOAT32,DEV_0_DRAM_INTERLEAVED,,,,,,,,,,,,,,,,,['ttnn/cpp/ttnn/operations/eltwise/unary/device/kernels/compute/eltwise_sfpu.cpp'],['eltwise_sfpu/10072215212578361457/'],['ttnn/cpp/ttnn/operations/eltwise/unary/device/kernels/dataflow/writer_unary.cpp'; 'ttnn/cpp/ttnn/operations/eltwise/unary/device/kernels/dataflow/reader_unary.cpp'],['writer_unary/1272049559665435637/'; 'reader_unary/610144119908424084/'],4319926894863484542,False,988,916,1656,940,1264,0,0,0,0,1,1,1,[],[],0.084,,,,,,,1172
TypecastDeviceOperation,tt_dnn_device,80899,3,blackhole,{'bfp8_pack_precise': 'false'; 'fp32_dest_acc_en': 'true'; 'input_dtype': 'DataType::FLOAT32'; 'output_dtype': 'DataType::BFLOAT16'; 'output_memory_config': 'MemoryConfig(memory_layout=TensorMemoryLayout::INTERLEAVED;buffer_type=BufferType::DRAM;shard_spec=std::nullopt;nd_shard_spec=std::nullopt;created_with_nd_shard_spec=0;per_core_allocation=0)'; 'preserve_fp32_precision': 'true'; 'sub_core_grids': 'std::nullopt'},HiFi4,4,110,,,10202939428,10202972040,32612,8379989765575,8379989768117,190201,190201,1883,1291,1291,,,,80,1291,627,709,982,274,,,,,,1[1],1[1],32[1],128[128],TILE,FLOAT32,DEV_0_DRAM_INTERLEAVED,,,,,,,,,,,,,,,,,,,,,,,,,,,,,1[1],1[1],32[1],128[128],TILE,BFLOAT16,DEV_0_DRAM_INTERLEAVED,,,,,,,,,,,,,,,,,['ttnn/cpp/ttnn/operations/copy/typecast/device/kernels/compute/eltwise_typecast.cpp'],['eltwise_typecast/6249923839187878605/'],['ttnn/cpp/ttnn/operations/copy/typecast/device/kernels/dataflow/writer_unary_interleaved_start_id_metal2.cpp'; 'ttnn/cpp/ttnn/operations/copy/typecast/device/kernels/dataflow/reader_unary_interleaved_start_id_metal2.cpp'],['writer_unary_interleaved_start_id_metal2/15046371244628305478/'; 'reader_unary_interleaved_start_id_metal2/11740744753541136907/'],14300643068984473853,False,1000,920,1188,1008,1132,0,0,0,0,1,1,1,[],[],0.077,,,,,,,32612
TypecastDeviceOperation,tt_dnn_device,81923,3,blackhole,{'bfp8_pack_precise': 'false'; 'fp32_dest_acc_en': 'true'; 'input_dtype': 'DataType::FLOAT32'; 'output_dtype': 'DataType::BFLOAT16'; 'output_memory_config': 'MemoryConfig(memory_layout=TensorMemoryLayout::INTERLEAVED;buffer_type=BufferType::DRAM;shard_spec=std::nullopt;nd_shard_spec=std::nullopt;created_with_nd_shard_spec=0;per_core_allocation=0)'; 'preserve_fp32_precision': 'true'; 'sub_core_grids': 'std::nullopt'},HiFi4,1,110,,,10203107399,10203134240,26841,8379989993176,8379989995609,167243,167243,1802,1254,1254,,,,7,1254,541,624,894,210,,,,,,1[1],1[1],32[1],32[8],TILE,FLOAT32,DEV_0_DRAM_INTERLEAVED,,,,,,,,,,,,,,,,,,,,,,,,,,,,,1[1],1[1],32[1],32[8],TILE,BFLOAT16,DEV_0_DRAM_INTERLEAVED,,,,,,,,,,,,,,,,,['ttnn/cpp/ttnn/operations/copy/typecast/device/kernels/compute/eltwise_typecast.cpp'],['eltwise_typecast/6249923839187878605/'],['ttnn/cpp/ttnn/operations/copy/typecast/device/kernels/dataflow/writer_unary_interleaved_start_id_metal2.cpp'; 'ttnn/cpp/ttnn/operations/copy/typecast/device/kernels/dataflow/reader_unary_interleaved_start_id_metal2.cpp'],['writer_unary_interleaved_start_id_metal2/15046371244628305478/'; 'reader_unary_interleaved_start_id_metal2/11740744753541136907/'],3225504773481019469,False,1000,920,1188,1008,1132,0,0,0,0,1,1,1,[],[],0.08,,,,,,,26841
UntilizeWithUnpaddingDeviceOperation,tt_dnn_device,82947,3,blackhole,{'enough_space_height': 'true'; 'fp32_dest_acc_en': 'false'; 'output_mem_config': 'MemoryConfig(memory_layout=TensorMemoryLayout::INTERLEAVED;buffer_type=BufferType::DRAM;shard_spec=std::nullopt;nd_shard_spec=std::nullopt;created_with_nd_shard_spec=0;per_core_allocation=0)'; 'output_tensor_end': 'Shape([0; 0; 0; 127])'; 'sub_core_grids': 'std::nullopt'; 'use_multicore': 'true'},HiFi4,1,110,,,10206057043,10206098492,41449,8379993974049,8379993977790,2947620,2947529,2771,2246,2240,,,,101,2144,1681,1701,1761,2011,,,,,,1[1],1[1],32[1],128[128],TILE,BFLOAT16,DEV_0_DRAM_INTERLEAVED,,,,,,,,,,,,,,,,,,,,,,,,,,,,,1[1],1[1],1[1],128[128],ROW_MAJOR,BFLOAT16,DEV_0_DRAM_INTERLEAVED,,,,,,,,,,,,,,,,,['ttnn/cpp/ttnn/operations/data_movement/untilize/device/kernels/compute/untilize.cpp'],['untilize/650743709950841486/'],['ttnn/cpp/ttnn/operations/data_movement/untilize_with_unpadding/device/kernels/dataflow/writer_unary_stick_layout_split_rows_multicore.cpp'; 'ttnn/cpp/ttnn/operations/eltwise/unary/device/kernels/dataflow/reader_unary_interleaved_start_id.cpp'],['writer_unary_stick_layout_split_rows_multicore/17034464538815545260/'; 'reader_unary_interleaved_start_id/2545521747126954072/'],535077965769264784,False,1644,924,1132,956,2588,0,0,0,0,466,466,14,[17.57939910888672],[0.54935622215271],20.748,,,,,,,41449
UntilizeWithUnpaddingDeviceOperation,tt_dnn_device,83971,3,blackhole,{'enough_space_height': 'true'; 'fp32_dest_acc_en': 'true'; 'output_mem_config': 'MemoryConfig(memory_layout=TensorMemoryLayout::INTERLEAVED;buffer_type=BufferType::DRAM;shard_spec=std::nullopt;nd_shard_spec=std::nullopt;created_with_nd_shard_spec=0;per_core_allocation=0)'; 'output_tensor_end': 'Shape([0; 0; 0; 7])'; 'sub_core_grids': 'std::nullopt'; 'use_multicore': 'true'},HiFi4,1,110,,,10206238059,10206271242,33183,8379994218852,8379994221153,179083,179158,1704,1165,1164,,,,73,1092,548,597,164,812,,,,,,1[1],1[1],32[1],32[8],TILE,UINT32,DEV_0_DRAM_INTERLEAVED,,,,,,,,,,,,,,,,,,,,,,,,,,,,,1[1],1[1],1[1],8[8],ROW_MAJOR,UINT32,DEV_0_DRAM_INTERLEAVED,,,,,,,,,,,,,,,,,['ttnn/cpp/ttnn/operations/data_movement/untilize/device/kernels/compute/untilize.cpp'],['untilize/10535742362802372181/'],['ttnn/cpp/ttnn/operations/data_movement/untilize_with_unpadding/device/kernels/dataflow/writer_unary_stick_layout_split_rows_multicore.cpp'; 'ttnn/cpp/ttnn/operations/eltwise/unary/device/kernels/dataflow/reader_unary_interleaved_start_id.cpp'],['writer_unary_stick_layout_split_rows_multicore/10626284547325545706/'; 'reader_unary_interleaved_start_id/6584700339377454702/'],5679393746100387022,False,1644,916,1448,868,2368,0,0,0,0,502,502,7,[8.15936279296875],[0.06374502182006836],43.09,,,,,,,33183
UntilizeWithUnpaddingDeviceOperation,tt_dnn_device,84995,3,blackhole,{'enough_space_height': 'true'; 'fp32_dest_acc_en': 'false'; 'output_mem_config': 'MemoryConfig(memory_layout=TensorMemoryLayout::INTERLEAVED;buffer_type=BufferType::DRAM;shard_spec=std::nullopt;nd_shard_spec=std::nullopt;created_with_nd_shard_spec=0;per_core_allocation=0)'; 'output_tensor_end': 'Shape([0; 0; 0; 7])'; 'sub_core_grids': 'std::nullopt'; 'use_multicore': 'true'},HiFi4,1,110,,,10206373938,10206402583,28645,8379994402877,8379994405041,135094,135188,1603,1073,1073,,,,90,984,497,503,158,710,,,,,,1[1],1[1],32[1],32[8],TILE,BFLOAT16,DEV_0_DRAM_INTERLEAVED,,,,,,,,,,,,,,,,,,,,,,,,,,,,,1[1],1[1],1[1],8[8],ROW_MAJOR,BFLOAT16,DEV_0_DRAM_INTERLEAVED,,,,,,,,,,,,,,,,,['ttnn/cpp/ttnn/operations/data_movement/untilize/device/kernels/compute/untilize.cpp'],['untilize/17439193244191238476/'],['ttnn/cpp/ttnn/operations/data_movement/untilize_with_unpadding/device/kernels/dataflow/writer_unary_stick_layout_split_rows_multicore.cpp'; 'ttnn/cpp/ttnn/operations/eltwise/unary/device/kernels/dataflow/reader_unary_interleaved_start_id.cpp'],['writer_unary_stick_layout_split_rows_multicore/10724289071240539382/'; 'reader_unary_interleaved_start_id/2545521747126954072/'],2105797433894241759,False,1644,924,1300,804,2368,0,0,0,0,466,466,3,[4.39484977722168],[0.03433476388454437],43.43,,,,,,,28645
ScatterDeviceOperation,tt_dnn_device,86019,3,blackhole,{'dim': '3'; 'opt_reduction': 'ScatterReductionType::INVALID'; 'output_memory_config': 'MemoryConfig(memory_layout=TensorMemoryLayout::INTERLEAVED;buffer_type=BufferType::DRAM;shard_spec=std::nullopt;nd_shard_spec=std::nullopt;created_with_nd_shard_spec=0;per_core_allocation=0)'; 'sub_core_grid': 'std::nullopt'},,1,110,,,10206557910,10206596924,39014,8379994645749,8379994650598,178866,178866,3592,3056,3056,,,,16,3039,2819,,,,,,,,,1[1],1[1],1[1],128[128],ROW_MAJOR,BFLOAT16,DEV_0_DRAM_INTERLEAVED,1[1],1[1],1[1],8[8],ROW_MAJOR,UINT32,DEV_0_DRAM_INTERLEAVED,1[1],1[1],1[1],8[8],ROW_MAJOR,BFLOAT16,DEV_0_DRAM_INTERLEAVED,,,,,,,,,,,,,,,1[1],1[1],1[1],128[128],ROW_MAJOR,BFLOAT16,DEV_0_DRAM_INTERLEAVED,,,,,,,,,,,,,,,,,[],[],['ttnn/cpp/ttnn/operations/data_movement/scatter/device/kernels/dataflow/writer_scatter.cpp'; 'ttnn/cpp/ttnn/operations/data_movement/scatter/device/kernels/dataflow/reader_scatter.cpp'],['writer_scatter/15346844766232413880/'; 'reader_scatter/3325434509694884421/'],7911906464398825012,False,796,2280,0,0,0,0,0,0,0,466,466,1,[0.54935622215271],[0.54935622215271],15.249,,,,,,,39014
TilizeWithValPaddingDeviceOperation,tt_dnn_device,87043,3,blackhole,{'enough_space_height': 'true'; 'enough_space_width': 'true'; 'output_dtype': 'DataType::BFLOAT16'; 'output_mem_config': 'MemoryConfig(memory_layout=TensorMemoryLayout::INTERLEAVED;buffer_type=BufferType::DRAM;shard_spec=std::nullopt;nd_shard_spec=std::nullopt;created_with_nd_shard_spec=0;per_core_allocation=0)'; 'output_padded_shape': 'Shape([1; 1; 32; 128])'; 'pad_value': '0'; 'sub_core_grids': 'std::nullopt'; 'use_multicore': 'true'},HiFi4,1,110,,,10207693840,10207731562,37722,8379996183703,8379996191948,1136235,1136235,6107,5564,5564,,,,93,5474,4765,4784,120,4819,,,,,,1[1],1[1],1[1],128[128],ROW_MAJOR,BFLOAT16,DEV_0_DRAM_INTERLEAVED,,,,,,,,,,,,,,,,,,,,,,,,,,,,,1[1],1[1],32[1],128[128],TILE,BFLOAT16,DEV_0_DRAM_INTERLEAVED,,,,,,,,,,,,,,,,,['ttnn/cpp/ttnn/kernel/compute/tilize.cpp'],['tilize/10751520087061153448/'],['ttnn/cpp/ttnn/operations/eltwise/unary/device/kernels/dataflow/writer_unary_interleaved_start_id.cpp'; 'ttnn/cpp/ttnn/operations/data_movement/tilize_with_val_padding/device/kernels/dataflow/reader_unary_pad_dims_split_rows_multicore.cpp'],['writer_unary_interleaved_start_id/7928758407117413871/'; 'reader_unary_pad_dims_split_rows_multicore/9946798643939244248/'],12938822201208711362,False,1000,1848,1180,784,2020,0,0,0,0,1,1,1,[],[],0.018,,,,,,,37722
MatmulDeviceOperation,tt_dnn_device,88067,3,blackhole,{'bcast_batch': 'true'; 'compute_kernel_config': 'ComputeKernelConfig(math_fidelity=HiFi2;math_approx_mode=0;fp32_dest_acc_en=0;packer_l1_acc=1;dst_full_sync_en=0;throttle_level=ThrottleLevel::NO_THROTTLE)'; 'global_cb': 'std::nullopt'; 'output_dtype': 'DataType::BFLOAT16'; 'output_mem_config': 'MemoryConfig(memory_layout=TensorMemoryLayout::INTERLEAVED;buffer_type=BufferType::DRAM;shard_spec=std::nullopt;nd_shard_spec=std::nullopt;created_with_nd_shard_spec=0;per_core_allocation=0)'; 'output_tile': 'Tile(tile_shape={32; 32};face_shape={16; 16};num_faces=4)'; 'program_config': 'MatmulMultiCoreReuseMultiCast1DProgramConfig(compute_with_storage_grid_size=11-10;in0_block_w=2;out_subblock_h=1;out_subblock_w=1;out_block_h=1;out_block_w=1;per_core_M=1;per_core_N=1;fuse_batch=0;fused_activation=std::nullopt;mcast_in0=0;gather_in0=0;hop_cores={};num_global_cb_receivers=0;untilize_out=0;allowed_worker_cores={[0-0 - 10-9]};stream_in1=0)'; 'sub_device_id': 'std::nullopt'; 'transpose_a': 'false'; 'transpose_b': 'false'; 'untilize_out': 'false'; 'user_core_coord': 'std::nullopt'; 'user_fused_activation': 'std::nullopt'; 'user_run_batched': 'false'},HiFi2,1,110,,,10207949538,10208004994,55456,8379996523763,8379996526863,246395,246324,2296,1759,1757,,,,82,1676,979,1244,1222,710,,,,,,1[1],1[1],32[1],128[128],TILE,BFLOAT16,DEV_0_DRAM_INTERLEAVED,1[1],1[1],128[128],32[1],TILE,BFLOAT16,DEV_0_DRAM_INTERLEAVED,,,,,,,,,,,,,,,,,,,,,,1[1],1[1],32[1],32[1],TILE,BFLOAT16,DEV_0_DRAM_INTERLEAVED,,,,,,,,,,,,,,,,,['ttnn/cpp/ttnn/operations/matmul/device/kernels/compute/bmm_large_block_zm_fused_bias_activation.cpp'],['bmm_large_block_zm_fused_bias_activation/12433783672907442444/'],['ttnn/cpp/ttnn/operations/matmul/device/kernels/dataflow/reader_bmm_tile_layout_in1_sender_writer_padding.cpp'; 'ttnn/cpp/ttnn/operations/matmul/device/kernels/dataflow/reader_bmm_tile_layout_in0_sender_padding.cpp'],['reader_bmm_tile_layout_in1_sender_writer_padding/18216041614972674054/'; 'reader_bmm_tile_layout_in0_sender_padding/18175078349124940600/'],17080457404727552491,False,1600,732,1984,1800,1444,0,0,0,0,14,1,14,[585.1428833007812; 585.1428833007812],[146.2857208251953],0.057,,,,,,,55456
UnaryDeviceOperation,tt_dnn_device,89091,3,blackhole,{'bfp8_pack_precise': 'false'; 'fp32_dest_acc_en': 'false'; 'memory_config': 'MemoryConfig(memory_layout=TensorMemoryLayout::INTERLEAVED;buffer_type=BufferType::DRAM;shard_spec=std::nullopt;nd_shard_spec=std::nullopt;created_with_nd_shard_spec=0;per_core_allocation=0)'; 'op_chain': '{BasicUnaryWithParam<float; int; unsigned int>(base=BasicUnaryWithParam<float>(op_type=UnaryOpType::MAXIMUM;param={1e-30}))}'; 'output_dtype': 'DataType::BFLOAT16'; 'preserve_fp32_precision': 'false'; 'sub_core_grids': 'std::nullopt'; 'worker_grid': '{[0-0 - 10-9]}'},HiFi4,110,110,,,10208055761,10208057815,2054,8379996677185,8379996679501,111992,111992,1716,1119,1119,,,,190,1075,618,648,755,359,,,,,,1[1],1[1],32[32],32[1],TILE,BFLOAT16,DEV_0_DRAM_INTERLEAVED,,,,,,,,,,,,,,,,,,,,,,,,,,,,,1[1],1[1],32[32],32[1],TILE,BFLOAT16,DEV_0_DRAM_INTERLEAVED,,,,,,,,,,,,,,,,,['ttnn/cpp/ttnn/operations/eltwise/unary/device/kernels/compute/eltwise_sfpu.cpp'],['eltwise_sfpu/18179874796942492372/'],['ttnn/cpp/ttnn/operations/eltwise/unary/device/kernels/dataflow/writer_unary.cpp'; 'ttnn/cpp/ttnn/operations/eltwise/unary/device/kernels/dataflow/reader_unary.cpp'],['writer_unary/7190146912720469491/'; 'reader_unary/6272706091368223538/'],8726560459931184658,False,1000,924,1388,980,1268,0,0,0,0,1,1,1,[],[],0.089,,,,,,,2054
BinaryNgDeviceOperation,tt_dnn_device,90115,3,blackhole,{'a_shard_volume': 'std::nullopt'; 'b_shard_volume': 'std::nullopt'; 'binary_op_type': 'BinaryOpType::DIV'; 'c_shard_volume': 'std::nullopt'; 'compute_kernel_config': 'std::nullopt'; 'dtype': 'DataType::BFLOAT16'; 'equal_nan': 'false'; 'input_layout_a': 'Layout::TILE'; 'input_layout_b': 'Layout::TILE'; 'is_quant_op': 'false'; 'is_sfpu': 'true'; 'is_where_op': 'false'; 'lhs_activations': '{}'; 'memory_config': 'MemoryConfig(memory_layout=TensorMemoryLayout::INTERLEAVED;buffer_type=BufferType::DRAM;shard_spec=std::nullopt;nd_shard_spec=std::nullopt;created_with_nd_shard_spec=0;per_core_allocation=0)'; 'output_layout': 'Layout::TILE'; 'post_activations': '{}'; 'rhs_activations': '{}'; 'sub_core_grids': 'std::nullopt'; 'subtile_broadcast_type': 'SubtileBroadcastType::SCALAR_B'},HiFi4,110,110,,,10211494519,10211550777,56258,8380001320094,8380001324527,3438535,3437559,3284,2690,2667,,,,199,2616,1282,1453,2241,1045,,,,,,1[1],1[1],32[1],128[128],TILE,BFLOAT16,DEV_0_DRAM_INTERLEAVED,1[1],1[1],32[1],32[1],TILE,BFLOAT16,DEV_0_DRAM_INTERLEAVED,,,,,,,,,,,,,,,,,,,,,,1[1],1[1],32[1],128[128],TILE,BFLOAT16,DEV_0_DRAM_INTERLEAVED,,,,,,,,,,,,,,,,,['ttnn/cpp/ttnn/operations/eltwise/binary_ng/device/kernels_ng/compute/eltwise_binary_sfpu_scalar_bcast.cpp'],['eltwise_binary_sfpu_scalar_bcast/17631256105679687200/'],['ttnn/cpp/ttnn/operations/eltwise/binary_ng/device/kernels_ng/dataflow/writer_interleaved_no_bcast.cpp'; 'ttnn/cpp/ttnn/operations/eltwise/binary_ng/device/kernels_ng/dataflow/reader_interleaved_scalar_bcast.cpp'],['writer_interleaved_no_bcast/361829770183908753/'; 'reader_interleaved_scalar_bcast/12236145111704789902/'],10336667501976035712,False,1592,1636,3624,2712,4612,0,0,0,0,1,1,1,[],[],0.037,,,,,,,56258
UntilizeWithUnpaddingDeviceOperation,tt_dnn_device,91139,3,blackhole,{'enough_space_height': 'true'; 'fp32_dest_acc_en': 'false'; 'output_mem_config': 'MemoryConfig(memory_layout=TensorMemoryLayout::INTERLEAVED;buffer_type=BufferType::DRAM;shard_spec=std::nullopt;nd_shard_spec=std::nullopt;created_with_nd_shard_spec=0;per_core_allocation=0)'; 'output_tensor_end': 'Shape([0; 0; 0; 127])'; 'sub_core_grids': 'std::nullopt'; 'use_multicore': 'true'},HiFi4,1,110,,,10211606022,10211607756,1734,8380001464592,8380001468336,104282,104284,2773,2254,2248,,,,101,2153,1682,1676,1770,1998,,,,,,1[1],1[1],32[1],128[128],TILE,BFLOAT16,DEV_0_DRAM_INTERLEAVED,,,,,,,,,,,,,,,,,,,,,,,,,,,,,1[1],1[1],1[1],128[128],ROW_MAJOR,BFLOAT16,DEV_0_DRAM_INTERLEAVED,,,,,,,,,,,,,,,,,['ttnn/cpp/ttnn/operations/data_movement/untilize/device/kernels/compute/untilize.cpp'],['untilize/650743709950841486/'],['ttnn/cpp/ttnn/operations/data_movement/untilize_with_unpadding/device/kernels/dataflow/writer_unary_stick_layout_split_rows_multicore.cpp'; 'ttnn/cpp/ttnn/operations/eltwise/unary/device/kernels/dataflow/reader_unary_interleaved_start_id.cpp'],['writer_unary_stick_layout_split_rows_multicore/17034464538815545260/'; 'reader_unary_interleaved_start_id/2545521747126954072/'],535077965769264784,False,1644,924,1132,956,2588,0,0,0,0,466,466,14,[17.57939910888672],[0.54935622215271],20.674,,,,,,,1734
UnaryDeviceOperation,tt_dnn_device,92163,3,blackhole,{'bfp8_pack_precise': 'false'; 'fp32_dest_acc_en': 'false'; 'memory_config': 'MemoryConfig(memory_layout=TensorMemoryLayout::INTERLEAVED;buffer_type=BufferType::L1;shard_spec=std::nullopt;nd_shard_spec=std::nullopt;created_with_nd_shard_spec=0;per_core_allocation=0)'; 'op_chain': '{BasicUnaryWithParam<float; int; unsigned int>(base=BasicUnaryWithParam<float>(op_type=UnaryOpType::FILL;param={0}))}'; 'output_dtype': 'DataType::BFLOAT16'; 'preserve_fp32_precision': 'false'; 'sub_core_grids': 'std::nullopt'; 'worker_grid': '{[0-0 - 10-9]}'},HiFi4,110,110,,,10213493558,10213547631,54073,8380004018626,8380004046320,1889672,1889718,20514,19937,19927,,,,192,19890,19493,19529,19566,19304,,,,,,1[1],128[128],32[1],1536[1536],TILE,BFLOAT16,DEV_0_L1_INTERLEAVED,1[1],128[128],32[1],1536[1536],TILE,BFLOAT16,DEV_0_L1_INTERLEAVED,,,,,,,,,,,,,,,,,,,,,,1[1],128[128],32[1],1536[1536],TILE,BFLOAT16,DEV_0_L1_INTERLEAVED,,,,,,,,,,,,,,,,,['ttnn/cpp/ttnn/operations/eltwise/unary/device/kernels/compute/eltwise_sfpu.cpp'],['eltwise_sfpu/6895184329663973912/'],['ttnn/cpp/ttnn/operations/eltwise/unary/device/kernels/dataflow/writer_unary.cpp'; 'ttnn/cpp/ttnn/operations/eltwise/unary/device/kernels/dataflow/reader_unary.cpp'],['writer_unary/1801175741108693535/'; 'reader_unary/9229228188447722438/'],6785682549880055700,False,1104,1008,1388,872,1268,0,0,0,0,1,1,1,[],[],0.005,,,,,,,54073
SparseMatmulDeviceOperation,tt_dnn_device,93187,3,blackhole,{'compute_kernel_config': 'ComputeKernelConfig(math_fidelity=LoFi;math_approx_mode=0;fp32_dest_acc_en=0;packer_l1_acc=0;dst_full_sync_en=0;throttle_level=ThrottleLevel::NO_THROTTLE)'; 'global_cb': 'std::nullopt'; 'is_input_a_sparse': 'false'; 'is_input_b_sparse': 'true'; 'nnz': '8'; 'output_dtype': 'DataType::BFLOAT16'; 'output_mem_config': 'MemoryConfig(memory_layout=TensorMemoryLayout::INTERLEAVED;buffer_type=BufferType::L1;shard_spec=std::nullopt;nd_shard_spec=std::nullopt;created_with_nd_shard_spec=0;per_core_allocation=0)'; 'output_tile': 'Tile(tile_shape={32; 32};face_shape={16; 16};num_faces=4)'; 'program_config': 'MatmulMultiCoreReuseMultiCast1DProgramConfig(compute_with_storage_grid_size=8-6;in0_block_w=16;out_subblock_h=1;out_subblock_w=1;out_block_h=1;out_block_w=1;per_core_M=1;per_core_N=1;fuse_batch=0;fused_activation=std::nullopt;mcast_in0=1;gather_in0=0;hop_cores={};num_global_cb_receivers=1;untilize_out=0;allowed_worker_cores={[0-0 - 7-5]};stream_in1=0)'; 'sub_device_id': 'std::nullopt'; 'user_core_coord': 'std::nullopt'},LoFi,48,110,,,10217705423,10217773002,67579,8380009702352,8380009787942,4191039,4191039,63400,61997,61997,,,,261,60273,61997,61553,61509,60619,,,,,,1[1],1[1],32[1],2048[2048],TILE,BFLOAT16,DEV_0_DRAM_INTERLEAVED,1[1],128[128],2048[2048],1536[1536],TILE,BFLOAT4_B,DEV_0_DRAM_INTERLEAVED,1[1],1[1],1[1],128[128],ROW_MAJOR,BFLOAT16,DEV_0_DRAM_INTERLEAVED,,,,,,,,,,,,,,,1[1],128[128],32[1],1536[1536],TILE,BFLOAT16,DEV_0_L1_INTERLEAVED,,,,,,,,,,,,,,,,,['ttnn/cpp/ttnn/operations/matmul/device/kernels/compute/bmm_large_block_zm_fused_bias_activation.cpp'],['bmm_large_block_zm_fused_bias_activation/2371308257115586283/'],['ttnn/cpp/ttnn/operations/matmul/device/kernels/dataflow/reader_bmm_tile_layout_in1_sender_writer_padding.cpp'; 'ttnn/cpp/ttnn/operations/matmul/device/kernels/dataflow/reader_bmm_tile_layout_in0_receiver.cpp'; 'ttnn/cpp/ttnn/operations/matmul/device/kernels/dataflow/reader_bmm_tile_layout_in0_sender_padding.cpp'],['reader_bmm_tile_layout_in1_sender_writer_padding/1684772145291395151/'; 'reader_bmm_tile_layout_in0_receiver/14377910580489928874/'; 'reader_bmm_tile_layout_in0_sender_padding/14738958467127435234/'],14425296197769354104,False,1612,1936,2372,2176,2236,0,0,0,0,732421,1,732421,[0.17895717918872833; 549.7564697265625; 0.000349525740602985],[17.179889678955078],0.002,,,,,,,67579
ReshapeViewDeviceOperation,tt_dnn_device,94211,3,blackhole,{'logical_output_shape': 'Shape([1; 128; 1536])'; 'output_mem_config': 'MemoryConfig(memory_layout=TensorMemoryLayout::INTERLEAVED;buffer_type=BufferType::L1;shard_spec=std::nullopt;nd_shard_spec=std::nullopt;created_with_nd_shard_spec=0;per_core_allocation=0)'; 'padded_output_shape': 'Shape([1; 128; 1536])'; 'recreate_mapping_tensor': 'false'; 'sub_core_grid': 'std::nullopt'},,110,110,,,10222846843,10222885798,38955,8380016643995,8380016687124,5079224,5079224,31947,31379,31379,,,,176,31329,30911,,,,,,,,,1[1],128[128],32[1],1536[1536],TILE,BFLOAT16,DEV_0_L1_INTERLEAVED,,,,,,,,,,,,,,,,,,,,,,,,,,,,,1[1],1[1],128[128],1536[1536],TILE,BFLOAT16,DEV_0_L1_INTERLEAVED,,,,,,,,,,,,,,,,,[],[],['ttnn/cpp/ttnn/operations/data_movement/reshape_view/device/device/dataflow/writer_reshape_tiled.cpp'; 'ttnn/cpp/ttnn/operations/data_movement/reshape_view/device/device/dataflow/reader_reshape_tiled.cpp'],['writer_reshape_tiled/16441089693509972852/'; 'reader_reshape_tiled/1696625176102319254/'],16832136507616874955,False,1796,1044,0,0,0,0,0,0,0,1,1,1,[],[],0.003,,,,,,,38955
SliceDeviceOperation,tt_dnn_device,95235,3,blackhole,{'num_devices': 'std::nullopt'; 'output_mem_config': 'MemoryConfig(memory_layout=TensorMemoryLayout::INTERLEAVED;buffer_type=BufferType::L1;shard_spec=std::nullopt;nd_shard_spec=std::nullopt;created_with_nd_shard_spec=0;per_core_allocation=0)'; 'slice_dim': 'std::nullopt'; 'slice_end': 'Shape([1; 128; 768])'; 'slice_start': 'Shape([0; 0; 0])'; 'step': 'Shape([1; 1; 1])'; 'sub_core_grids': 'std::nullopt'; 'use_tensor_args': 'false'},,96,110,,,10224825212,10224868605,43393,8380019317061,8380019319952,1949911,1949911,2141,1073,1073,,,,165,1073,739,,,,,,,,,1[1],1[1],128[128],1536[1536],TILE,BFLOAT16,DEV_0_L1_INTERLEAVED,,,,,,,,,,,,,,,,,,,,,,,,,,,,,1[1],1[1],128[128],768[768],TILE,BFLOAT16,DEV_0_L1_INTERLEAVED,,,,,,,,,,,,,,,,,[],[],['ttnn/cpp/ttnn/operations/data_movement/slice/device/kernels/dataflow/writer_unary_interleaved_start_id.cpp'; 'ttnn/cpp/ttnn/operations/data_movement/slice/device/kernels/dataflow/reader_unary_unpad_dims_interleaved_start_id.cpp'],['writer_unary_interleaved_start_id/10114844369679763791/'; 'reader_unary_unpad_dims_interleaved_start_id/5847996472152634419/'],6518874887465688337,False,1104,1056,0,0,0,0,0,0,0,487,487,1,[807.425048828125],[403.7125244140625],45.387,,,,,,,43393
SliceDeviceOperation,tt_dnn_device,96259,3,blackhole,{'num_devices': 'std::nullopt'; 'output_mem_config': 'MemoryConfig(memory_layout=TensorMemoryLayout::INTERLEAVED;buffer_type=BufferType::L1;shard_spec=std::nullopt;nd_shard_spec=std::nullopt;created_with_nd_shard_spec=0;per_core_allocation=0)'; 'slice_dim': 'std::nullopt'; 'slice_end': 'Shape([1; 128; 1536])'; 'slice_start': 'Shape([0; 0; 768])'; 'step': 'Shape([1; 1; 1])'; 'sub_core_grids': 'std::nullopt'; 'use_tensor_args': 'false'},,96,110,,,10225112331,10225148580,36249,8380019705323,8380019708220,286561,286561,2146,1095,1095,,,,164,1095,773,,,,,,,,,1[1],1[1],128[128],1536[1536],TILE,BFLOAT16,DEV_0_L1_INTERLEAVED,,,,,,,,,,,,,,,,,,,,,,,,,,,,,1[1],1[1],128[128],768[768],TILE,BFLOAT16,DEV_0_L1_INTERLEAVED,,,,,,,,,,,,,,,,,[],[],['ttnn/cpp/ttnn/operations/data_movement/slice/device/kernels/dataflow/writer_unary_interleaved_start_id.cpp'; 'ttnn/cpp/ttnn/operations/data_movement/slice/device/kernels/dataflow/reader_unary_unpad_dims_interleaved_start_id.cpp'],['writer_unary_interleaved_start_id/10114844369679763791/'; 'reader_unary_unpad_dims_interleaved_start_id/5847996472152634419/'],9874549898152878821,False,1104,1056,0,0,0,0,0,0,0,487,487,1,[807.425048828125],[403.7125244140625],44.475,,,,,,,36249
UnaryDeviceOperation,tt_dnn_device,97283,3,blackhole,{'bfp8_pack_precise': 'false'; 'fp32_dest_acc_en': 'false'; 'memory_config': 'MemoryConfig(memory_layout=TensorMemoryLayout::INTERLEAVED;buffer_type=BufferType::L1;shard_spec=std::nullopt;nd_shard_spec=std::nullopt;created_with_nd_shard_spec=0;per_core_allocation=0)'; 'op_chain': '{BasicUnaryWithParam<float; int; unsigned int>(base=BasicUnaryWithParam<float>(op_type=UnaryOpType::SILU;param={}))}'; 'output_dtype': 'DataType::BFLOAT16'; 'preserve_fp32_precision': 'false'; 'sub_core_grids': 'std::nullopt'; 'worker_grid': '{[0-0 - 10-9]}'},HiFi4,110,110,,,10225505341,10225549826,44485,8380020234384,8380020238063,390295,390333,2725,2148,2143,,,,199,2092,677,715,1681,381,,,,,,1[1],1[1],128[128],768[768],TILE,BFLOAT16,DEV_0_L1_INTERLEAVED,,,,,,,,,,,,,,,,,,,,,,,,,,,,,1[1],1[1],128[128],768[768],TILE,BFLOAT16,DEV_0_L1_INTERLEAVED,,,,,,,,,,,,,,,,,['ttnn/cpp/ttnn/operations/eltwise/unary/device/kernels/compute/eltwise_sfpu.cpp'],['eltwise_sfpu/14499616637193860571/'],['ttnn/cpp/ttnn/operations/eltwise/unary/device/kernels/dataflow/writer_unary.cpp'; 'ttnn/cpp/ttnn/operations/eltwise/unary/device/kernels/dataflow/reader_unary.cpp'],['writer_unary/1801175741108693535/'; 'reader_unary/9229228188447722438/'],10965880272158454942,False,1104,1008,1388,1220,1268,0,0,0,0,1,1,1,[],[],0.047,,,,,,,44485
BinaryNgDeviceOperation,tt_dnn_device,98307,3,blackhole,{'a_shard_volume': 'std::nullopt'; 'b_shard_volume': 'std::nullopt'; 'binary_op_type': 'BinaryOpType::MUL'; 'c_shard_volume': 'std::nullopt'; 'compute_kernel_config': 'std::nullopt'; 'dtype': 'DataType::BFLOAT16'; 'equal_nan': 'false'; 'input_layout_a': 'Layout::TILE'; 'input_layout_b': 'Layout::TILE'; 'is_quant_op': 'false'; 'is_sfpu': 'true'; 'is_where_op': 'false'; 'lhs_activations': '{}'; 'memory_config': 'MemoryConfig(memory_layout=TensorMemoryLayout::INTERLEAVED;buffer_type=BufferType::L1;shard_spec=std::nullopt;nd_shard_spec=std::nullopt;created_with_nd_shard_spec=0;per_core_allocation=0)'; 'output_layout': 'Layout::TILE'; 'post_activations': '{}'; 'rhs_activations': '{}'; 'sub_core_grids': 'std::nullopt'; 'subtile_broadcast_type': 'SubtileBroadcastType::NONE'},HiFi4,110,110,,,10227358621,10227411833,53212,8380022737304,8380022741098,1851956,1851741,2810,2229,2228,,,,188,2177,1110,1243,1728,387,,,,,,1[1],1[1],128[128],768[768],TILE,BFLOAT16,DEV_0_L1_INTERLEAVED,1[1],1[1],128[128],768[768],TILE,BFLOAT16,DEV_0_L1_INTERLEAVED,,,,,,,,,,,,,,,,,,,,,,1[1],1[1],128[128],768[768],TILE,BFLOAT16,DEV_0_L1_INTERLEAVED,,,,,,,,,,,,,,,,,['ttnn/cpp/ttnn/operations/eltwise/binary_ng/device/kernels/compute/eltwise_binary_sfpu_no_bcast.cpp'],['eltwise_binary_sfpu_no_bcast/9131230501288344395/'],['ttnn/cpp/ttnn/operations/eltwise/binary_ng/device/kernels_ng/dataflow/writer_interleaved_no_bcast.cpp'; 'ttnn/cpp/ttnn/operations/eltwise/binary_ng/device/kernels_ng/dataflow/reader_interleaved_no_bcast.cpp'],['writer_interleaved_no_bcast/2952023409045075312/'; 'reader_interleaved_no_bcast/5089288881590096854/'],185132838424890009,False,1584,2304,1696,1212,1300,0,0,0,0,1,1,1,[],[],0.045,,,,,,,53212
ReshapeViewDeviceOperation,tt_dnn_device,99331,3,blackhole,{'logical_output_shape': 'Shape([128; 1; 768])'; 'output_mem_config': 'MemoryConfig(memory_layout=TensorMemoryLayout::INTERLEAVED;buffer_type=BufferType::L1;shard_spec=std::nullopt;nd_shard_spec=std::nullopt;created_with_nd_shard_spec=0;per_core_allocation=0)'; 'padded_output_shape': 'Shape([128; 32; 768])'; 'recreate_mapping_tensor': 'false'; 'sub_core_grid': 'std::nullopt'},,110,110,,,10230529358,10230565166,35808,8380027015739,8380027061546,3166939,3166939,33931,33364,33364,,,,169,33327,32921,,,,,,,,,1[1],1[1],128[128],768[768],TILE,BFLOAT16,DEV_0_L1_INTERLEAVED,,,,,,,,,,,,,,,,,,,,,,,,,,,,,1[1],128[128],32[1],768[768],TILE,BFLOAT16,DEV_0_L1_INTERLEAVED,,,,,,,,,,,,,,,,,[],[],['ttnn/cpp/ttnn/operations/data_movement/reshape_view/device/device/dataflow/writer_reshape_tiled.cpp'; 'ttnn/cpp/ttnn/operations/data_movement/reshape_view/device/device/dataflow/reader_reshape_tiled.cpp'],['writer_reshape_tiled/13398556600953301226/'; 'reader_reshape_tiled/4727859647567006989/'],7906104259510360004,False,1792,1044,0,0,0,0,0,0,0,1,1,1,[],[],0.003,,,,,,,35808
UnaryDeviceOperation,tt_dnn_device,100355,3,blackhole,{'bfp8_pack_precise': 'false'; 'fp32_dest_acc_en': 'false'; 'memory_config': 'MemoryConfig(memory_layout=TensorMemoryLayout::INTERLEAVED;buffer_type=BufferType::L1;shard_spec=std::nullopt;nd_shard_spec=std::nullopt;created_with_nd_shard_spec=0;per_core_allocation=0)'; 'op_chain': '{BasicUnaryWithParam<float; int; unsigned int>(base=BasicUnaryWithParam<float>(op_type=UnaryOpType::FILL;param={0}))}'; 'output_dtype': 'DataType::BFLOAT16'; 'preserve_fp32_precision': 'false'; 'sub_core_grids': 'std::nullopt'; 'worker_grid': '{[0-0 - 10-9]}'},HiFi4,110,110,,,10230624479,10230626083,1604,8380027144679,8380027180738,62164,62167,26710,26122,26121,,,,184,26070,25683,25711,25754,25500,,,,,,1[1],128[128],32[1],1536[1536],TILE,BFLOAT16,DEV_0_L1_INTERLEAVED,1[1],128[128],32[1],1536[1536],TILE,BFLOAT16,DEV_0_L1_INTERLEAVED,,,,,,,,,,,,,,,,,,,,,,1[1],128[128],32[1],1536[1536],TILE,BFLOAT16,DEV_0_L1_INTERLEAVED,,,,,,,,,,,,,,,,,['ttnn/cpp/ttnn/operations/eltwise/unary/device/kernels/compute/eltwise_sfpu.cpp'],['eltwise_sfpu/6895184329663973912/'],['ttnn/cpp/ttnn/operations/eltwise/unary/device/kernels/dataflow/writer_unary.cpp'; 'ttnn/cpp/ttnn/operations/eltwise/unary/device/kernels/dataflow/reader_unary.cpp'],['writer_unary/1801175741108693535/'; 'reader_unary/9229228188447722438/'],6785682549880055700,False,1104,1008,1388,872,1268,0,0,0,0,1,1,1,[],[],0.004,,,,,,,1604
SparseMatmulDeviceOperation,tt_dnn_device,101379,3,blackhole,{'compute_kernel_config': 'ComputeKernelConfig(math_fidelity=LoFi;math_approx_mode=0;fp32_dest_acc_en=0;packer_l1_acc=0;dst_full_sync_en=0;throttle_level=ThrottleLevel::NO_THROTTLE)'; 'global_cb': 'std::nullopt'; 'is_input_a_sparse': 'true'; 'is_input_b_sparse': 'false'; 'nnz': '8'; 'output_dtype': 'DataType::BFLOAT16'; 'output_mem_config': 'MemoryConfig(memory_layout=TensorMemoryLayout::INTERLEAVED;buffer_type=BufferType::L1;shard_spec=std::nullopt;nd_shard_spec=std::nullopt;created_with_nd_shard_spec=0;per_core_allocation=0)'; 'output_tile': 'Tile(tile_shape={32; 32};face_shape={16; 16};num_faces=4)'; 'program_config': 'MatmulMultiCoreReuseMultiCast1DProgramConfig(compute_with_storage_grid_size=8-8;in0_block_w=12;out_subblock_h=1;out_subblock_w=1;out_block_h=1;out_block_w=1;per_core_M=1;per_core_N=1;fuse_batch=0;fused_activation=std::nullopt;mcast_in0=1;gather_in0=0;hop_cores={};num_global_cb_receivers=1;untilize_out=0;allowed_worker_cores={[0-0 - 7-7]};stream_in1=0)'; 'sub_device_id': 'std::nullopt'; 'user_core_coord': 'std::nullopt'},LoFi,64,110,,,10234853127,10234920315,67188,8380032851903,8380032894438,4202249,4202249,31507,30065,30065,,,,281,28087,30065,29627,29581,28696,,,,,,1[1],128[128],32[1],768[768],TILE,BFLOAT16,DEV_0_L1_INTERLEAVED,1[1],128[128],768[768],2048[2048],TILE,BFLOAT4_B,DEV_0_DRAM_INTERLEAVED,1[1],1[1],1[1],128[128],ROW_MAJOR,BFLOAT16,DEV_0_DRAM_INTERLEAVED,,,,,,,,,,,,,,,1[1],128[128],32[1],2048[2048],TILE,BFLOAT16,DEV_0_L1_INTERLEAVED,,,,,,,,,,,,,,,,,['ttnn/cpp/ttnn/operations/matmul/device/kernels/compute/bmm_large_block_zm_fused_bias_activation.cpp'],['bmm_large_block_zm_fused_bias_activation/11794129779994006935/'],['ttnn/cpp/ttnn/operations/matmul/device/kernels/dataflow/reader_bmm_tile_layout_in1_sender_writer_padding.cpp'; 'ttnn/cpp/ttnn/operations/matmul/device/kernels/dataflow/reader_bmm_tile_layout_in0_receiver.cpp'; 'ttnn/cpp/ttnn/operations/matmul/device/kernels/dataflow/reader_bmm_tile_layout_in0_sender_padding.cpp'],['reader_bmm_tile_layout_in1_sender_writer_padding/1737857786082933893/'; 'reader_bmm_tile_layout_in0_receiver/15905720633100540354/'; 'reader_bmm_tile_layout_in0_sender_padding/10668165227128980069/'],2464033506511420769,False,1664,1940,2664,2176,2192,0,0,0,0,366210,1,366210,[17.179912567138672; 549.7572021484375; 0.0006990524707362056],[45.81310272216797],0.003,,,,,,,67188
ReshapeViewDeviceOperation,tt_dnn_device,102403,3,blackhole,{'logical_output_shape': 'Shape([1; 128; 2048])'; 'output_mem_config': 'MemoryConfig(memory_layout=TensorMemoryLayout::INTERLEAVED;buffer_type=BufferType::L1;shard_spec=std::nullopt;nd_shard_spec=std::nullopt;created_with_nd_shard_spec=0;per_core_allocation=0)'; 'padded_output_shape': 'Shape([1; 128; 2048])'; 'recreate_mapping_tensor': 'false'; 'sub_core_grid': 'std::nullopt'},,110,110,,,10239584213,10239620272,36059,8380039239479,8380039302892,4700679,4700679,46973,46372,46372,,,,162,46339,45904,,,,,,,,,1[1],128[128],32[1],2048[2048],TILE,BFLOAT16,DEV_0_L1_INTERLEAVED,,,,,,,,,,,,,,,,,,,,,,,,,,,,,1[1],1[1],128[128],2048[2048],TILE,BFLOAT16,DEV_0_L1_INTERLEAVED,,,,,,,,,,,,,,,,,[],[],['ttnn/cpp/ttnn/operations/data_movement/reshape_view/device/device/dataflow/writer_reshape_tiled.cpp'; 'ttnn/cpp/ttnn/operations/data_movement/reshape_view/device/device/dataflow/reader_reshape_tiled.cpp'],['writer_reshape_tiled/16441089693509972852/'; 'reader_reshape_tiled/1696625176102319254/'],3326039859269215460,False,1796,1044,0,0,0,0,0,0,0,1,1,1,[],[],0.002,,,,,,,36059
ReshapeViewDeviceOperation,tt_dnn_device,103427,3,blackhole,{'logical_output_shape': 'Shape([1; 128; 1])'; 'output_mem_config': 'MemoryConfig(memory_layout=TensorMemoryLayout::INTERLEAVED;buffer_type=BufferType::DRAM;shard_spec=std::nullopt;nd_shard_spec=std::nullopt;created_with_nd_shard_spec=0;per_core_allocation=0)'; 'padded_output_shape': 'Shape([1; 128; 32])'; 'recreate_mapping_tensor': 'false'; 'sub_core_grid': 'std::nullopt'},,4,110,,,10241185743,10241220238,34495,8380041396142,8380041401530,1551340,1551340,3991,3393,3393,,,,76,3392,1553,,,,,,,,,1[1],1[1],32[1],128[128],TILE,BFLOAT16,DEV_0_DRAM_INTERLEAVED,,,,,,,,,,,,,,,,,,,,,,,,,,,,,1[1],1[1],128[128],32[1],TILE,BFLOAT16,DEV_0_DRAM_INTERLEAVED,,,,,,,,,,,,,,,,,[],[],['ttnn/cpp/ttnn/operations/data_movement/reshape_view/device/device/dataflow/writer_reshape_tiled.cpp'; 'ttnn/cpp/ttnn/operations/data_movement/reshape_view/device/device/dataflow/reader_reshape_tiled.cpp'],['writer_reshape_tiled/8011400827169565729/'; 'reader_reshape_tiled/7683336931444480666/'],1764803217182882687,False,1720,980,0,0,0,0,0,0,0,1,1,1,[],[],0.029,,,,,,,34495
BinaryNgDeviceOperation,tt_dnn_device,104451,3,blackhole,{'a_shard_volume': 'std::nullopt'; 'b_shard_volume': 'std::nullopt'; 'binary_op_type': 'BinaryOpType::MUL'; 'c_shard_volume': 'std::nullopt'; 'compute_kernel_config': 'std::nullopt'; 'dtype': 'DataType::BFLOAT16'; 'equal_nan': 'false'; 'input_layout_a': 'Layout::TILE'; 'input_layout_b': 'Layout::TILE'; 'is_quant_op': 'false'; 'is_sfpu': 'true'; 'is_where_op': 'false'; 'lhs_activations': '{}'; 'memory_config': 'MemoryConfig(memory_layout=TensorMemoryLayout::INTERLEAVED;buffer_type=BufferType::L1;shard_spec=std::nullopt;nd_shard_spec=std::nullopt;created_with_nd_shard_spec=0;per_core_allocation=0)'; 'output_layout': 'Layout::TILE'; 'post_activations': '{}'; 'rhs_activations': '{}'; 'sub_core_grids': 'std::nullopt'; 'subtile_broadcast_type': 'SubtileBroadcastType::COL_B'},HiFi4,110,110,,,10243089840,10243143973,54133,8380043973569,8380043980236,1905762,1905641,4939,4354,4327,,,,204,4290,2762,2913,3945,3324,,,,,,1[1],1[1],128[128],2048[2048],TILE,BFLOAT16,DEV_0_L1_INTERLEAVED,1[1],1[1],128[128],32[1],TILE,BFLOAT16,DEV_0_DRAM_INTERLEAVED,,,,,,,,,,,,,,,,,,,,,,1[1],1[1],128[128],2048[2048],TILE,BFLOAT16,DEV_0_L1_INTERLEAVED,,,,,,,,,,,,,,,,,['ttnn/cpp/ttnn/operations/eltwise/binary_ng/device/kernels_ng/compute/eltwise_binary_sfpu_col_bcast.cpp'],['eltwise_binary_sfpu_col_bcast/4544853339382741423/'],['ttnn/cpp/ttnn/operations/eltwise/binary_ng/device/kernels_ng/dataflow/writer_interleaved_no_bcast.cpp'; 'ttnn/cpp/ttnn/operations/eltwise/binary_ng/device/kernels_ng/dataflow/reader_interleaved_col_bcast.cpp'],['writer_interleaved_no_bcast/6268715026828035797/'; 'reader_interleaved_col_bcast/4350691819921717070/'],9236215503539859414,False,1584,1688,3640,2624,4612,0,0,0,0,1,1,1,[],[],0.023,,,,,,,54133
ReduceDeviceOperation,tt_dnn_device,105475,3,blackhole,{'compute_kernel_config': 'ComputeKernelConfig(math_fidelity=HiFi4;math_approx_mode=0;fp32_dest_acc_en=1;packer_l1_acc=0;dst_full_sync_en=0;throttle_level=ThrottleLevel::NO_THROTTLE)'; 'dim': 'ReduceOpDim::H'; 'math_op': 'ReduceOpMath::SUM'; 'negate': 'false'; 'output_dtype': 'DataType::BFLOAT16'; 'output_mem_config': 'MemoryConfig(memory_layout=TensorMemoryLayout::INTERLEAVED;buffer_type=BufferType::L1;shard_spec=std::nullopt;nd_shard_spec=std::nullopt;created_with_nd_shard_spec=0;per_core_allocation=0)'; 'post_mul_scaler': '1'; 'row_major_h_dense_path': 'false'; 'row_major_w_dense_path': 'false'; 'scaler': '1'; 'sub_core_grids': 'std::nullopt'; 'use_sfpu_reduce': 'false'},HiFi4,64,110,,,10246583894,10246633408,49514,8380048687490,8380048692088,3488170,3488170,3406,2418,2418,,,,136,2418,1967,2007,1301,400,,,,,,1[1],1[1],128[128],2048[2048],TILE,BFLOAT16,DEV_0_L1_INTERLEAVED,,,,,,,,,,,,,,,,,,,,,,,,,,,,,1[1],1[1],32[1],2048[2048],TILE,BFLOAT16,DEV_0_L1_INTERLEAVED,,,,,,,,,,,,,,,,,['ttnn/cpp/ttnn/operations/reduction/generic/device/kernels/compute/reduce.cpp'],['reduce/2573191697903507590/'],['ttnn/cpp/ttnn/operations/eltwise/unary/device/kernels/dataflow/writer_unary_interleaved_start_id.cpp'; 'ttnn/cpp/ttnn/operations/reduction/generic/device/kernels/dataflow/reader_unary_transpose_wh_universal_input_cols_partitioned.cpp'],['writer_unary_interleaved_start_id/4666029774182764110/'; 'reader_unary_transpose_wh_universal_input_cols_partitioned/3003972866344090321/'],17986314485630384255,False,1104,1164,1284,912,1232,0,0,0,0,1,1,1,[],[],0.041,,,,,,,49514
BinaryNgDeviceOperation,tt_dnn_device,106499,3,blackhole,{'a_shard_volume': 'std::nullopt'; 'b_shard_volume': 'std::nullopt'; 'binary_op_type': 'BinaryOpType::ADD'; 'c_shard_volume': 'std::nullopt'; 'compute_kernel_config': 'std::nullopt'; 'dtype': 'DataType::BFLOAT16'; 'equal_nan': 'false'; 'input_layout_a': 'Layout::TILE'; 'input_layout_b': 'Layout::TILE'; 'is_quant_op': 'false'; 'is_sfpu': 'false'; 'is_where_op': 'false'; 'lhs_activations': '{}'; 'memory_config': 'MemoryConfig(memory_layout=TensorMemoryLayout::INTERLEAVED;buffer_type=BufferType::DRAM;shard_spec=std::nullopt;nd_shard_spec=std::nullopt;created_with_nd_shard_spec=0;per_core_allocation=0)'; 'output_layout': 'Layout::TILE'; 'post_activations': '{}'; 'rhs_activations': '{}'; 'sub_core_grids': 'std::nullopt'; 'subtile_broadcast_type': 'SubtileBroadcastType::NONE'},HiFi4,110,110,,,10248076034,10248131710,55676,8380050699784,8380050702941,1487726,1487391,2339,1757,1744,,,,196,1711,1199,1181,293,393,,,,,,1[1],1[1],32[1],2048[2048],TILE,BFLOAT16,DEV_0_DRAM_INTERLEAVED,1[1],1[1],32[1],2048[2048],TILE,BFLOAT16,DEV_0_L1_INTERLEAVED,,,,,,,,,,,,,,,,,,,,,,1[1],1[1],32[1],2048[2048],TILE,BFLOAT16,DEV_0_DRAM_INTERLEAVED,,,,,,,,,,,,,,,,,['ttnn/cpp/ttnn/operations/eltwise/binary_ng/device/kernels/compute/eltwise_binary_no_bcast.cpp'],['eltwise_binary_no_bcast/977542353808120762/'],['ttnn/cpp/ttnn/operations/eltwise/binary_ng/device/kernels_ng/dataflow/writer_interleaved_no_bcast.cpp'; 'ttnn/cpp/ttnn/operations/eltwise/binary_ng/device/kernels_ng/dataflow/reader_interleaved_no_bcast.cpp'],['writer_interleaved_no_bcast/13894129297280583369/'; 'reader_interleaved_no_bcast/3269906723577463656/'],14912693562962194457,False,1592,2352,1256,784,1300,0,0,0,0,1,1,1,[],[],0.057,,,,,,,55676
