2026-08-12 02:13:55.339 | INFO     | __main__:main:412 - Using port 8086
2026-08-12 02:13:55.339 | INFO     | tracy:run_report_setup:91 - Verifying tracy profiling tools
2026-08-12 02:13:55.348 | INFO     | tracy:run_report_setup:112 - Capture command: ('/home/ttuser/dev/muse-glimmer/tt-metal/build/tools/profiler/bin/tracy-capture -o /home/ttuser/dev/muse-glimmer/tt-metal/generated/profiler/.logs/tracy_profile_log_host.tracy -f -p 8086',)
Connecting to 127.0.0.1:8086...2026-08-12 02:13:55.354 | INFO     | __main__:main:430 - Test process started
2026-08-12 02:13:56.265 | DEBUG    | ttnn:<module>:78 - Initial ttnn.CONFIG:
Config{cache_path=/home/ttuser/.cache/ttnn,model_cache_path=/home/ttuser/.cache/ttnn/models,tmp_dir=/tmp/ttnn,enable_model_cache=false,enable_fast_runtime_mode=true,validate_program_args=false,throw_exception_on_fallback=false,enable_logging=false,enable_graph_report=false,enable_graph_python_stack_traces=false,enable_detailed_buffer_report=false,enable_detailed_tensor_report=false,enable_comparison_mode=false,comparison_mode_should_raise_exception=false,comparison_mode_pcc=0.9999,root_report_path=generated/ttnn/reports,report_name=std::nullopt,std::nullopt}
2026-08-12 02:13:56.832 | info     |          Device | Opening user mode device driver (tt_cluster.cpp:228)
2026-08-12 02:13:56.832 | info     |             UMD | Cluster constructor started. (cluster.cpp:389)
2026-08-12 02:13:56.832 | info     |             UMD | Creating TopologyDiscovery for architecture: blackhole (topology_discovery.cpp:96)
2026-08-12 02:13:56.832 | info     |             UMD | Starting topology discovery. (topology_discovery.cpp:115)
2026-08-12 02:13:56.844 | info     |             UMD | Established firmware bundle version: 19.11.0 (topology_discovery.cpp:575)
2026-08-12 02:13:56.844 | info     |             UMD | Completed topology discovery. (topology_discovery.cpp:119)
2026-08-12 02:13:56.922 | info     |             UMD | Opening local chip ids/PCIe ids: {0, 1, 2, 3}/[0, 1, 2, 3] and remote chip ids {} (cluster.cpp:173)
2026-08-12 02:13:56.922 | info     |             UMD | IOMMU: enabled (cluster.cpp:147)
2026-08-12 02:13:56.922 | info     |             UMD | KMD version: 2.10.0 (cluster.cpp:150)
2026-08-12 02:13:56.922 | info     |             UMD | Cluster constructor completed. (cluster.cpp:648)
2026-08-12 02:13:56.923 | info     |             UMD | Starting devices in cluster (cluster.cpp:1184)
2026-08-12 02:13:57.229 | info     |             UMD | Starting devices in cluster completed. (cluster.cpp:1192)
2026-08-12 02:13:57.345 | info     |     Distributed | Using auto discovery to generate mesh graph. (metal_env.cpp:437)
2026-08-12 02:13:57.346 | info     |     Distributed | Constructing control plane using auto-discovery (no mesh graph descriptor). (metal_env.cpp:499)
2026-08-12 02:13:57.346 | warning  |          Always | Unknown motherboard 'B850M-C' for chip_id=0 (bus_id=0x1) — falling back to bus_id as tray_id. Add this motherboard and its bus IDs to mobo_to_bus_ids in physical_system_discovery.cpp. (physical_system_discovery.cpp:119)
2026-08-12 02:13:57.346 | info     |          Fabric | Logical multi-mesh adjacency: intermesh degree histogram {0:1}; intra-mesh degree histograms mesh0 {2:4} (topology_mapper_utils.cpp:3329)
2026-08-12 02:13:57.346 | info     |          Fabric | Physical multi-mesh adjacency: intermesh degree histogram {0:1}; intra-mesh degree histograms mesh0 {2:4} (topology_mapper_utils.cpp:3337)
2026-08-12 02:13:57.391 | warning  |           Metal | Opening subset of mmio devices slows down UMD read/write to remote chips. If opening more devices, consider using CreateDevices API. (device_manager.cpp:264)
2026-08-12 02:13:57.398 | info     |           Metal | Profiler started on device 3 (profiler_initializer.cpp:49)
GROUP 8 rows=3072 mlp_gate default
Building brisc, compile step:
/home/ttuser/dev/muse-glimmer/tt-metal/runtime/sfpi/compiler/bin/riscv-tt-elf-g++ -O2 -std=c++17 -ftt-nttp -ftt-constinit -ftt-consteval -ftt-no-dyninit -flto=auto -ffast-math -fno-finite-math-only -fsigned-zeros -fno-associative-math -fno-exceptions -fno-rtti -fno-use-cxa-atexit -g -MMD -Wall -Werror -Wno-error=deprecated-declarations -Wno-error=multistatement-macros -Wno-error=parentheses -Wno-error=unused-but-set-variable -Wno-unused-variable -Wno-unused-function -mcpu=tt-bh -fno-tree-loop-distribute-patterns -I. -I.. -I/home/ttuser/dev/muse-glimmer/tt-metal/ -I/home/ttuser/dev/muse-glimmer/tt-metal/ttnn -I/home/ttuser/dev/muse-glimmer/tt-metal/ttnn/cpp -I/home/ttuser/dev/muse-glimmer/tt-metal/tt_metal -I/home/ttuser/dev/muse-glimmer/tt-metal/tt_metal/hw/inc -I/home/ttuser/dev/muse-glimmer/tt-metal/tt_metal/tt-llk/common -I/home/ttuser/dev/muse-glimmer/tt-metal/tt_metal/hostdevcommon/api -I/home/ttuser/dev/muse-glimmer/tt-metal/tt_metal/api/ -I/home/ttuser/dev/muse-glimmer/tt-metal/tt_metal/hw/ckernels/blackhole/metal/common -I/home/ttuser/dev/muse-glimmer/tt-metal/tt_metal/hw/ckernels/blackhole/metal/llk_io -I/home/ttuser/dev/muse-glimmer/tt-metal/tt_metal/hw/inc/internal/tt-1xx -I/home/ttuser/dev/muse-glimmer/tt-metal/tt_metal/hw/inc/internal/tt-1xx/blackhole -I/home/ttuser/dev/muse-glimmer/tt-metal/tt_metal/hw/inc/internal/tt-1xx/blackhole/blackhole_defines -I/home/ttuser/dev/muse-glimmer/tt-metal/tt_metal/hw/inc/internal/tt-1xx/blackhole/noc -I/home/ttuser/dev/muse-glimmer/tt-metal/tt_metal/tt-llk/tt_llk_blackhole/common/inc -I/home/ttuser/dev/muse-glimmer/tt-metal/tt_metal/tt-llk/tt_llk_blackhole/llk_lib -I/home/ttuser/dev/muse-glimmer/tt-metal/tt_metal/hw/firmware/src/tt-1xx -I/home/ttuser/dev/muse-glimmer/tt-metal/ttnn/cpp/ttnn/operations/experimental/minimal_matmul/device/kernels -DIS_NOT_POW2_NUM_L1_BANKS=1 -DLOG_BASE_2_OF_NUM_DRAM_BANKS=3 -DNUM_DRAM_BANKS=8 -DNUM_L1_BANKS=110 -DPCIE_NOC_X=19 -DPCIE_NOC_Y=24 -DTENSIX_FIRMWARE -DLOCAL_MEM_EN=0 -DPROFILE_KERNEL=1 -DPROFILER_FULL_HOST_BUFFER_SIZE_PER_RISC=48000 -DPROCESSOR_INDEX=0 -DCOMPILE_FOR_BRISC -DPROGRAMMABLE_CORE_TYPE=0 -DARCH_BLACKHOLE -DDISPATCH_MESSAGE_ADDR=4290184248 -DKERNEL_BUILD -DNOC_INDEX=0 -DNOC_MODE=0 -DFULL_KERNEL_NAME="dm_in1_sender_out/929223427723930942/" -DKERNEL_COMPILE_TIME_ARGS=96,100,208,208,624,627,8,8,8,2,8,2048,2048,2048,3,4,5,0,0,1,624,2,2048,2,2048 -c -o /home/ttuser/.cache/tt-metal-cache/477608128499675878/kernels/dm_in1_sender_out/929223427723930942/brisc/brisck.9244252803826433989_386009.o /home/ttuser/dev/muse-glimmer/tt-metal/tt_metal/hw/firmware/src/tt-1xx/brisck.cc -MF /home/ttuser/.cache/tt-metal-cache/477608128499675878/kernels/dm_in1_sender_out/929223427723930942/brisc/brisck.9244252803826433989_386009.d
In file included from /home/ttuser/dev/muse-glimmer/tt-metal/tt_metal/hw/inc/api/dataflow/dataflow_api.h:27,
                 from /home/ttuser/dev/muse-glimmer/tt-metal/tt_metal/hw/inc/internal/firmware_common.h:24,
                 from /home/ttuser/dev/muse-glimmer/tt-metal/tt_metal/hw/firmware/src/tt-1xx/brisck.cc:17:
/home/ttuser/dev/muse-glimmer/tt-metal/tt_metal/tools/profiler/kernel_profiler.hpp: In function 'void kernel_profiler::finish_profiler(bool)':
/home/ttuser/dev/muse-glimmer/tt-metal/tt_metal/tools/profiler/kernel_profiler.hpp:31:22: note: '#pragma message: PROFILER-NOC-FLUSH,/home/ttuser/dev/muse-glimmer/tt-metal/tt_metal/tools/profiler/kernel_profiler.hpp,480,KERNEL_PROFILER'
   31 | #define DO_PRAGMA(x) _Pragma(#x)
      |                      ^~~~~~~
/home/ttuser/dev/muse-glimmer/tt-metal/tt_metal/tools/profiler/kernel_profiler.hpp:41:5: note: in expansion of macro 'DO_PRAGMA'
   41 |     DO_PRAGMA(message(PROFILER_MSG_NAME(name))); \
      |     ^~~~~~~~~
/home/ttuser/dev/muse-glimmer/tt-metal/tt_metal/tools/profiler/kernel_profiler.hpp:480:17: note: in expansion of macro 'SrcLocNameToHash'
  480 |                 SrcLocNameToHash("PROFILER-NOC-FLUSH");
      |                 ^~~~~~~~~~~~~~~~
/home/ttuser/dev/muse-glimmer/tt-metal/tt_metal/tools/profiler/kernel_profiler.hpp:31:22: note: '#pragma message: PROFILER-DRAM-PUSH,/home/ttuser/dev/muse-glimmer/tt-metal/tt_metal/tools/profiler/kernel_profiler.hpp,489,KERNEL_PROFILER'
   31 | #define DO_PRAGMA(x) _Pragma(#x)
      |                      ^~~~~~~
/home/ttuser/dev/muse-glimmer/tt-metal/tt_metal/tools/profiler/kernel_profiler.hpp:41:5: note: in expansion of macro 'DO_PRAGMA'
   41 |     DO_PRAGMA(message(PROFILER_MSG_NAME(name))); \
      |     ^~~~~~~~~
/home/ttuser/dev/muse-glimmer/tt-metal/tt_metal/tools/profiler/kernel_profiler.hpp:489:17: note: in expansion of macro 'SrcLocNameToHash'
  489 |                 SrcLocNameToHash("PROFILER-DRAM-PUSH");
      |                 ^~~~~~~~~~~~~~~~
/home/ttuser/dev/muse-glimmer/tt-metal/tt_metal/tools/profiler/kernel_profiler.hpp: In function 'void kernel_profiler::quick_push()':
/home/ttuser/dev/muse-glimmer/tt-metal/tt_metal/tools/profiler/kernel_profiler.hpp:31:22: note: '#pragma message: PROFILER-NOC-QUICK-PUSH,/home/ttuser/dev/muse-glimmer/tt-metal/tt_metal/tools/profiler/kernel_profiler.hpp,632,KERNEL_PROFILER'
   31 | #define DO_PRAGMA(x) _Pragma(#x)
      |                      ^~~~~~~
/home/ttuser/dev/muse-glimmer/tt-metal/tt_metal/tools/profiler/kernel_profiler.hpp:41:5: note: in expansion of macro 'DO_PRAGMA'
   41 |     DO_PRAGMA(message(PROFILER_MSG_NAME(name))); \
      |     ^~~~~~~~~
/home/ttuser/dev/muse-glimmer/tt-metal/tt_metal/tools/profiler/kernel_profiler.hpp:632:5: note: in expansion of macro 'SrcLocNameToHash'
  632 |     SrcLocNameToHash("PROFILER-NOC-QUICK-PUSH");
      |     ^~~~~~~~~~~~~~~~
/home/ttuser/dev/muse-glimmer/tt-metal/tt_metal/hw/firmware/src/tt-1xx/brisck.cc: In function 'uint32_t _start()':
/home/ttuser/dev/muse-glimmer/tt-metal/tt_metal/tools/profiler/kernel_profiler.hpp:31:22: note: '#pragma message: BRISC-KERNEL,/home/ttuser/dev/muse-glimmer/tt-metal/tt_metal/hw/firmware/src/tt-1xx/brisck.cc,77,KERNEL_PROFILER'
   31 | #define DO_PRAGMA(x) _Pragma(#x)
      |                      ^~~~~~~
/home/ttuser/dev/muse-glimmer/tt-metal/tt_metal/tools/profiler/kernel_profiler.hpp:1045:5: note: in expansion of macro 'DO_PRAGMA'
 1045 |     DO_PRAGMA(message(PROFILER_MSG_NAME(name)));                               \
      |     ^~~~~~~~~
/home/ttuser/dev/muse-glimmer/tt-metal/tt_metal/hw/firmware/src/tt-1xx/brisck.cc:77:9: note: in expansion of macro 'DeviceZoneScopedMainChildN'
   77 |         DeviceZoneScopedMainChildN("BRISC-KERNEL");
      |         ^~~~~~~~~~~~~~~~~~~~~~~~~~
Building ncrisc, compile step:
/home/ttuser/dev/muse-glimmer/tt-metal/runtime/sfpi/compiler/bin/riscv-tt-elf-g++ -O2 -std=c++17 -ftt-nttp -ftt-constinit -ftt-consteval -ftt-no-dyninit -flto=auto -ffast-math -fno-finite-math-only -fsigned-zeros -fno-associative-math -fno-exceptions -fno-rtti -fno-use-cxa-atexit -g -MMD -Wall -Werror -Wno-error=deprecated-declarations -Wno-error=multistatement-macros -Wno-error=parentheses -Wno-error=unused-but-set-variable -Wno-unused-variable -Wno-unused-function -mcpu=tt-bh -fno-tree-loop-distribute-patterns -I. -I.. -I/home/ttuser/dev/muse-glimmer/tt-metal/ -I/home/ttuser/dev/muse-glimmer/tt-metal/ttnn -I/home/ttuser/dev/muse-glimmer/tt-metal/ttnn/cpp -I/home/ttuser/dev/muse-glimmer/tt-metal/tt_metal -I/home/ttuser/dev/muse-glimmer/tt-metal/tt_metal/hw/inc -I/home/ttuser/dev/muse-glimmer/tt-metal/tt_metal/tt-llk/common -I/home/ttuser/dev/muse-glimmer/tt-metal/tt_metal/hostdevcommon/api -I/home/ttuser/dev/muse-glimmer/tt-metal/tt_metal/api/ -I/home/ttuser/dev/muse-glimmer/tt-metal/tt_metal/hw/ckernels/blackhole/metal/common -I/home/ttuser/dev/muse-glimmer/tt-metal/tt_metal/hw/ckernels/blackhole/metal/llk_io -I/home/ttuser/dev/muse-glimmer/tt-metal/tt_metal/hw/inc/internal/tt-1xx -I/home/ttuser/dev/muse-glimmer/tt-metal/tt_metal/hw/inc/internal/tt-1xx/blackhole -I/home/ttuser/dev/muse-glimmer/tt-metal/tt_metal/hw/inc/internal/tt-1xx/blackhole/blackhole_defines -I/home/ttuser/dev/muse-glimmer/tt-metal/tt_metal/hw/inc/internal/tt-1xx/blackhole/noc -I/home/ttuser/dev/muse-glimmer/tt-metal/tt_metal/tt-llk/tt_llk_blackhole/common/inc -I/home/ttuser/dev/muse-glimmer/tt-metal/tt_metal/tt-llk/tt_llk_blackhole/llk_lib -I/home/ttuser/dev/muse-glimmer/tt-metal/tt_metal/hw/firmware/src/tt-1xx -I/home/ttuser/dev/muse-glimmer/tt-metal/ttnn/cpp/ttnn/operations/experimental/minimal_matmul/device/kernels -DIS_NOT_POW2_NUM_L1_BANKS=1 -DLOG_BASE_2_OF_NUM_DRAM_BANKS=3 -DNUM_DRAM_BANKS=8 -DNUM_L1_BANKS=110 -DPCIE_NOC_X=19 -DPCIE_NOC_Y=24 -DTENSIX_FIRMWARE -DLOCAL_MEM_EN=0 -DPROFILE_KERNEL=1 -DPROFILER_FULL_HOST_BUFFER_SIZE_PER_RISC=48000 -DPROCESSOR_INDEX=1 -DCOMPILE_FOR_NCRISC -DPROGRAMMABLE_CORE_TYPE=0 -DARCH_BLACKHOLE -DDISPATCH_MESSAGE_ADDR=4290184248 -DKERNEL_BUILD -DNOC_INDEX=1 -DNOC_MODE=0 -DFULL_KERNEL_NAME="dm_in0_sender/5118996783374654949/" -DKERNEL_COMPILE_TIME_ARGS=96,100,208,208,624,627,8,8,8,2,8,2048,2048,2048,0,1,2,1,0,1,624,2048,2,2048,2,2048 -c -o /home/ttuser/.cache/tt-metal-cache/477608128499675878/kernels/dm_in0_sender/5118996783374654949/ncrisc/ncrisck.9244252803826433989_386009.o /home/ttuser/dev/muse-glimmer/tt-metal/tt_metal/hw/firmware/src/tt-1xx/ncrisck.cc -MF /home/ttuser/.cache/tt-metal-cache/477608128499675878/kernels/dm_in0_sender/5118996783374654949/ncrisc/ncrisck.9244252803826433989_386009.d
In file included from /home/ttuser/dev/muse-glimmer/tt-metal/tt_metal/hw/inc/api/dataflow/dataflow_api.h:27,
                 from /home/ttuser/dev/muse-glimmer/tt-metal/tt_metal/hw/inc/internal/firmware_common.h:24,
                 from /home/ttuser/dev/muse-glimmer/tt-metal/tt_metal/hw/firmware/src/tt-1xx/ncrisck.cc:17:
/home/ttuser/dev/muse-glimmer/tt-metal/tt_metal/tools/profiler/kernel_profiler.hpp: In function 'void kernel_profiler::quick_push()':
/home/ttuser/dev/muse-glimmer/tt-metal/tt_metal/tools/profiler/kernel_profiler.hpp:31:22: note: '#pragma message: PROFILER-NOC-QUICK-PUSH,/home/ttuser/dev/muse-glimmer/tt-metal/tt_metal/tools/profiler/kernel_profiler.hpp,632,KERNEL_PROFILER'
   31 | #define DO_PRAGMA(x) _Pragma(#x)
      |                      ^~~~~~~
/home/ttuser/dev/muse-glimmer/tt-metal/tt_metal/tools/profiler/kernel_profiler.hpp:41:5: note: in expansion of macro 'DO_PRAGMA'
   41 |     DO_PRAGMA(message(PROFILER_MSG_NAME(name))); \
      |     ^~~~~~~~~
/home/ttuser/dev/muse-glimmer/tt-metal/tt_metal/tools/profiler/kernel_profiler.hpp:632:5: note: in expansion of macro 'SrcLocNameToHash'
  632 |     SrcLocNameToHash("PROFILER-NOC-QUICK-PUSH");
      |     ^~~~~~~~~~~~~~~~
/home/ttuser/dev/muse-glimmer/tt-metal/tt_metal/hw/firmware/src/tt-1xx/ncrisck.cc: In function 'uint32_t _start()':
/home/ttuser/dev/muse-glimmer/tt-metal/tt_metal/tools/profiler/kernel_profiler.hpp:31:22: note: '#pragma message: NCRISC-KERNEL,/home/ttuser/dev/muse-glimmer/tt-metal/tt_metal/hw/firmware/src/tt-1xx/ncrisck.cc,69,KERNEL_PROFILER'
   31 | #define DO_PRAGMA(x) _Pragma(#x)
      |                      ^~~~~~~
/home/ttuser/dev/muse-glimmer/tt-metal/tt_metal/tools/profiler/kernel_profiler.hpp:1045:5: note: in expansion of macro 'DO_PRAGMA'
 1045 |     DO_PRAGMA(message(PROFILER_MSG_NAME(name)));                               \
      |     ^~~~~~~~~
/home/ttuser/dev/muse-glimmer/tt-metal/tt_metal/hw/firmware/src/tt-1xx/ncrisck.cc:69:5: note: in expansion of macro 'DeviceZoneScopedMainChildN'
   69 |     DeviceZoneScopedMainChildN("NCRISC-KERNEL");
      |     ^~~~~~~~~~~~~~~~~~~~~~~~~~
Building ncrisc, compile step:
/home/ttuser/dev/muse-glimmer/tt-metal/runtime/sfpi/compiler/bin/riscv-tt-elf-g++ -O2 -std=c++17 -ftt-nttp -ftt-constinit -ftt-consteval -ftt-no-dyninit -flto=auto -ffast-math -fno-finite-math-only -fsigned-zeros -fno-associative-math -fno-exceptions -fno-rtti -fno-use-cxa-atexit -g -MMD -Wall -Werror -Wno-error=deprecated-declarations -Wno-error=multistatement-macros -Wno-error=parentheses -Wno-error=unused-but-set-variable -Wno-unused-variable -Wno-unused-function -mcpu=tt-bh -fno-tree-loop-distribute-patterns -I. -I.. -I/home/ttuser/dev/muse-glimmer/tt-metal/ -I/home/ttuser/dev/muse-glimmer/tt-metal/ttnn -I/home/ttuser/dev/muse-glimmer/tt-metal/ttnn/cpp -I/home/ttuser/dev/muse-glimmer/tt-metal/tt_metal -I/home/ttuser/dev/muse-glimmer/tt-metal/tt_metal/hw/inc -I/home/ttuser/dev/muse-glimmer/tt-metal/tt_metal/tt-llk/common -I/home/ttuser/dev/muse-glimmer/tt-metal/tt_metal/hostdevcommon/api -I/home/ttuser/dev/muse-glimmer/tt-metal/tt_metal/api/ -I/home/ttuser/dev/muse-glimmer/tt-metal/tt_metal/hw/ckernels/blackhole/metal/common -I/home/ttuser/dev/muse-glimmer/tt-metal/tt_metal/hw/ckernels/blackhole/metal/llk_io -I/home/ttuser/dev/muse-glimmer/tt-metal/tt_metal/hw/inc/internal/tt-1xx -I/home/ttuser/dev/muse-glimmer/tt-metal/tt_metal/hw/inc/internal/tt-1xx/blackhole -I/home/ttuser/dev/muse-glimmer/tt-metal/tt_metal/hw/inc/internal/tt-1xx/blackhole/blackhole_defines -I/home/ttuser/dev/muse-glimmer/tt-metal/tt_metal/hw/inc/internal/tt-1xx/blackhole/noc -I/home/ttuser/dev/muse-glimmer/tt-metal/tt_metal/tt-llk/tt_llk_blackhole/common/inc -I/home/ttuser/dev/muse-glimmer/tt-metal/tt_metal/tt-llk/tt_llk_blackhole/llk_lib -I/home/ttuser/dev/muse-glimmer/tt-metal/tt_metal/hw/firmware/src/tt-1xx -I/home/ttuser/dev/muse-glimmer/tt-metal/ttnn/cpp/ttnn/operations/experimental/minimal_matmul/device/kernels -DIS_NOT_POW2_NUM_L1_BANKS=1 -DLOG_BASE_2_OF_NUM_DRAM_BANKS=3 -DNUM_DRAM_BANKS=8 -DNUM_L1_BANKS=110 -DPCIE_NOC_X=19 -DPCIE_NOC_Y=24 -DTENSIX_FIRMWARE -DLOCAL_MEM_EN=0 -DPROFILE_KERNEL=1 -DPROFILER_FULL_HOST_BUFFER_SIZE_PER_RISC=48000 -DPROCESSOR_INDEX=1 -DCOMPILE_FOR_NCRISC -DPROGRAMMABLE_CORE_TYPE=0 -DARCH_BLACKHOLE -DDISPATCH_MESSAGE_ADDR=4290184248 -DKERNEL_BUILD -DNOC_INDEX=1 -DNOC_MODE=0 -DFULL_KERNEL_NAME="dm_in0_sender/9642439756006592880/" -DKERNEL_COMPILE_TIME_ARGS=96,100,208,208,624,627,8,8,8,2,8,2048,2048,2048,0,1,2,1,1,1,624,2048,2,2048,2,2048 -c -o /home/ttuser/.cache/tt-metal-cache/477608128499675878/kernels/dm_in0_sender/9642439756006592880/ncrisc/ncrisck.9244252803826433989_386009.o /home/ttuser/dev/muse-glimmer/tt-metal/tt_metal/hw/firmware/src/tt-1xx/ncrisck.cc -MF /home/ttuser/.cache/tt-metal-cache/477608128499675878/kernels/dm_in0_sender/9642439756006592880/ncrisc/ncrisck.9244252803826433989_386009.d
In file included from /home/ttuser/dev/muse-glimmer/tt-metal/tt_metal/hw/inc/api/dataflow/dataflow_api.h:27,
                 from /home/ttuser/dev/muse-glimmer/tt-metal/tt_metal/hw/inc/internal/firmware_common.h:24,
                 from /home/ttuser/dev/muse-glimmer/tt-metal/tt_metal/hw/firmware/src/tt-1xx/ncrisck.cc:17:
/home/ttuser/dev/muse-glimmer/tt-metal/tt_metal/tools/profiler/kernel_profiler.hpp: In function 'void kernel_profiler::quick_push()':
/home/ttuser/dev/muse-glimmer/tt-metal/tt_metal/tools/profiler/kernel_profiler.hpp:31:22: note: '#pragma message: PROFILER-NOC-QUICK-PUSH,/home/ttuser/dev/muse-glimmer/tt-metal/tt_metal/tools/profiler/kernel_profiler.hpp,632,KERNEL_PROFILER'
   31 | #define DO_PRAGMA(x) _Pragma(#x)
      |                      ^~~~~~~
/home/ttuser/dev/muse-glimmer/tt-metal/tt_metal/tools/profiler/kernel_profiler.hpp:41:5: note: in expansion of macro 'DO_PRAGMA'
   41 |     DO_PRAGMA(message(PROFILER_MSG_NAME(name))); \
      |     ^~~~~~~~~
/home/ttuser/dev/muse-glimmer/tt-metal/tt_metal/tools/profiler/kernel_profiler.hpp:632:5: note: in expansion of macro 'SrcLocNameToHash'
  632 |     SrcLocNameToHash("PROFILER-NOC-QUICK-PUSH");
      |     ^~~~~~~~~~~~~~~~
/home/ttuser/dev/muse-glimmer/tt-metal/tt_metal/hw/firmware/src/tt-1xx/ncrisck.cc: In function 'uint32_t _start()':
/home/ttuser/dev/muse-glimmer/tt-metal/tt_metal/tools/profiler/kernel_profiler.hpp:31:22: note: '#pragma message: NCRISC-KERNEL,/home/ttuser/dev/muse-glimmer/tt-metal/tt_metal/hw/firmware/src/tt-1xx/ncrisck.cc,69,KERNEL_PROFILER'
   31 | #define DO_PRAGMA(x) _Pragma(#x)
      |                      ^~~~~~~
/home/ttuser/dev/muse-glimmer/tt-metal/tt_metal/tools/profiler/kernel_profiler.hpp:1045:5: note: in expansion of macro 'DO_PRAGMA'
 1045 |     DO_PRAGMA(message(PROFILER_MSG_NAME(name)));                               \
      |     ^~~~~~~~~
/home/ttuser/dev/muse-glimmer/tt-metal/tt_metal/hw/firmware/src/tt-1xx/ncrisck.cc:69:5: note: in expansion of macro 'DeviceZoneScopedMainChildN'
   69 |     DeviceZoneScopedMainChildN("NCRISC-KERNEL");
      |     ^~~~~~~~~~~~~~~~~~~~~~~~~~
Building brisc, compile step:
/home/ttuser/dev/muse-glimmer/tt-metal/runtime/sfpi/compiler/bin/riscv-tt-elf-g++ -O2 -std=c++17 -ftt-nttp -ftt-constinit -ftt-consteval -ftt-no-dyninit -flto=auto -ffast-math -fno-finite-math-only -fsigned-zeros -fno-associative-math -fno-exceptions -fno-rtti -fno-use-cxa-atexit -g -MMD -Wall -Werror -Wno-error=deprecated-declarations -Wno-error=multistatement-macros -Wno-error=parentheses -Wno-error=unused-but-set-variable -Wno-unused-variable -Wno-unused-function -mcpu=tt-bh -fno-tree-loop-distribute-patterns -I. -I.. -I/home/ttuser/dev/muse-glimmer/tt-metal/ -I/home/ttuser/dev/muse-glimmer/tt-metal/ttnn -I/home/ttuser/dev/muse-glimmer/tt-metal/ttnn/cpp -I/home/ttuser/dev/muse-glimmer/tt-metal/tt_metal -I/home/ttuser/dev/muse-glimmer/tt-metal/tt_metal/hw/inc -I/home/ttuser/dev/muse-glimmer/tt-metal/tt_metal/tt-llk/common -I/home/ttuser/dev/muse-glimmer/tt-metal/tt_metal/hostdevcommon/api -I/home/ttuser/dev/muse-glimmer/tt-metal/tt_metal/api/ -I/home/ttuser/dev/muse-glimmer/tt-metal/tt_metal/hw/ckernels/blackhole/metal/common -I/home/ttuser/dev/muse-glimmer/tt-metal/tt_metal/hw/ckernels/blackhole/metal/llk_io -I/home/ttuser/dev/muse-glimmer/tt-metal/tt_metal/hw/inc/internal/tt-1xx -I/home/ttuser/dev/muse-glimmer/tt-metal/tt_metal/hw/inc/internal/tt-1xx/blackhole -I/home/ttuser/dev/muse-glimmer/tt-metal/tt_metal/hw/inc/internal/tt-1xx/blackhole/blackhole_defines -I/home/ttuser/dev/muse-glimmer/tt-metal/tt_metal/hw/inc/internal/tt-1xx/blackhole/noc -I/home/ttuser/dev/muse-glimmer/tt-metal/tt_metal/tt-llk/tt_llk_blackhole/common/inc -I/home/ttuser/dev/muse-glimmer/tt-metal/tt_metal/tt-llk/tt_llk_blackhole/llk_lib -I/home/ttuser/dev/muse-glimmer/tt-metal/tt_metal/hw/firmware/src/tt-1xx -I/home/ttuser/dev/muse-glimmer/tt-metal/ttnn/cpp/ttnn/operations/experimental/minimal_matmul/device/kernels -DIS_NOT_POW2_NUM_L1_BANKS=1 -DLOG_BASE_2_OF_NUM_DRAM_BANKS=3 -DNUM_DRAM_BANKS=8 -DNUM_L1_BANKS=110 -DPCIE_NOC_X=19 -DPCIE_NOC_Y=24 -DTENSIX_FIRMWARE -DLOCAL_MEM_EN=0 -DPROFILE_KERNEL=1 -DPROFILER_FULL_HOST_BUFFER_SIZE_PER_RISC=48000 -DPROCESSOR_INDEX=0 -DCOMPILE_FOR_BRISC -DPROGRAMMABLE_CORE_TYPE=0 -DARCH_BLACKHOLE -DDISPATCH_MESSAGE_ADDR=4290184248 -DKERNEL_BUILD -DNOC_INDEX=0 -DNOC_MODE=0 -DFULL_KERNEL_NAME="dm_in1_sender_out/13746633519782243623/" -DKERNEL_COMPILE_TIME_ARGS=96,100,208,208,624,627,8,8,8,2,8,2048,2048,2048,3,4,5,0,1,1,624,2,2048,2,2048 -c -o /home/ttuser/.cache/tt-metal-cache/477608128499675878/kernels/dm_in1_sender_out/13746633519782243623/brisc/brisck.9244252803826433989_386009.o /home/ttuser/dev/muse-glimmer/tt-metal/tt_metal/hw/firmware/src/tt-1xx/brisck.cc -MF /home/ttuser/.cache/tt-metal-cache/477608128499675878/kernels/dm_in1_sender_out/13746633519782243623/brisc/brisck.9244252803826433989_386009.d
In file included from /home/ttuser/dev/muse-glimmer/tt-metal/tt_metal/hw/inc/api/dataflow/dataflow_api.h:27,
                 from /home/ttuser/dev/muse-glimmer/tt-metal/tt_metal/hw/inc/internal/firmware_common.h:24,
                 from /home/ttuser/dev/muse-glimmer/tt-metal/tt_metal/hw/firmware/src/tt-1xx/brisck.cc:17:
/home/ttuser/dev/muse-glimmer/tt-metal/tt_metal/tools/profiler/kernel_profiler.hpp: In function 'void kernel_profiler::finish_profiler(bool)':
/home/ttuser/dev/muse-glimmer/tt-metal/tt_metal/tools/profiler/kernel_profiler.hpp:31:22: note: '#pragma message: PROFILER-NOC-FLUSH,/home/ttuser/dev/muse-glimmer/tt-metal/tt_metal/tools/profiler/kernel_profiler.hpp,480,KERNEL_PROFILER'
   31 | #define DO_PRAGMA(x) _Pragma(#x)
      |                      ^~~~~~~
/home/ttuser/dev/muse-glimmer/tt-metal/tt_metal/tools/profiler/kernel_profiler.hpp:41:5: note: in expansion of macro 'DO_PRAGMA'
   41 |     DO_PRAGMA(message(PROFILER_MSG_NAME(name))); \
      |     ^~~~~~~~~
/home/ttuser/dev/muse-glimmer/tt-metal/tt_metal/tools/profiler/kernel_profiler.hpp:480:17: note: in expansion of macro 'SrcLocNameToHash'
  480 |                 SrcLocNameToHash("PROFILER-NOC-FLUSH");
      |                 ^~~~~~~~~~~~~~~~
/home/ttuser/dev/muse-glimmer/tt-metal/tt_metal/tools/profiler/kernel_profiler.hpp:31:22: note: '#pragma message: PROFILER-DRAM-PUSH,/home/ttuser/dev/muse-glimmer/tt-metal/tt_metal/tools/profiler/kernel_profiler.hpp,489,KERNEL_PROFILER'
   31 | #define DO_PRAGMA(x) _Pragma(#x)
      |                      ^~~~~~~
/home/ttuser/dev/muse-glimmer/tt-metal/tt_metal/tools/profiler/kernel_profiler.hpp:41:5: note: in expansion of macro 'DO_PRAGMA'
   41 |     DO_PRAGMA(message(PROFILER_MSG_NAME(name))); \
      |     ^~~~~~~~~
/home/ttuser/dev/muse-glimmer/tt-metal/tt_metal/tools/profiler/kernel_profiler.hpp:489:17: note: in expansion of macro 'SrcLocNameToHash'
  489 |                 SrcLocNameToHash("PROFILER-DRAM-PUSH");
      |                 ^~~~~~~~~~~~~~~~
/home/ttuser/dev/muse-glimmer/tt-metal/tt_metal/tools/profiler/kernel_profiler.hpp: In function 'void kernel_profiler::quick_push()':
/home/ttuser/dev/muse-glimmer/tt-metal/tt_metal/tools/profiler/kernel_profiler.hpp:31:22: note: '#pragma message: PROFILER-NOC-QUICK-PUSH,/home/ttuser/dev/muse-glimmer/tt-metal/tt_metal/tools/profiler/kernel_profiler.hpp,632,KERNEL_PROFILER'
   31 | #define DO_PRAGMA(x) _Pragma(#x)
      |                      ^~~~~~~
/home/ttuser/dev/muse-glimmer/tt-metal/tt_metal/tools/profiler/kernel_profiler.hpp:41:5: note: in expansion of macro 'DO_PRAGMA'
   41 |     DO_PRAGMA(message(PROFILER_MSG_NAME(name))); \
      |     ^~~~~~~~~
/home/ttuser/dev/muse-glimmer/tt-metal/tt_metal/tools/profiler/kernel_profiler.hpp:632:5: note: in expansion of macro 'SrcLocNameToHash'
  632 |     SrcLocNameToHash("PROFILER-NOC-QUICK-PUSH");
      |     ^~~~~~~~~~~~~~~~
/home/ttuser/dev/muse-glimmer/tt-metal/tt_metal/hw/firmware/src/tt-1xx/brisck.cc: In function 'uint32_t _start()':
/home/ttuser/dev/muse-glimmer/tt-metal/tt_metal/tools/profiler/kernel_profiler.hpp:31:22: note: '#pragma message: BRISC-KERNEL,/home/ttuser/dev/muse-glimmer/tt-metal/tt_metal/hw/firmware/src/tt-1xx/brisck.cc,77,KERNEL_PROFILER'
   31 | #define DO_PRAGMA(x) _Pragma(#x)
      |                      ^~~~~~~
/home/ttuser/dev/muse-glimmer/tt-metal/tt_metal/tools/profiler/kernel_profiler.hpp:1045:5: note: in expansion of macro 'DO_PRAGMA'
 1045 |     DO_PRAGMA(message(PROFILER_MSG_NAME(name)));                               \
      |     ^~~~~~~~~
/home/ttuser/dev/muse-glimmer/tt-metal/tt_metal/hw/firmware/src/tt-1xx/brisck.cc:77:9: note: in expansion of macro 'DeviceZoneScopedMainChildN'
   77 |         DeviceZoneScopedMainChildN("BRISC-KERNEL");
      |         ^~~~~~~~~~~~~~~~~~~~~~~~~~
GROUP 1 rows=3072 mlp_gate probe_M8_K4_N16
Building ncrisc, compile step:
/home/ttuser/dev/muse-glimmer/tt-metal/runtime/sfpi/compiler/bin/riscv-tt-elf-g++ -O2 -std=c++17 -ftt-nttp -ftt-constinit -ftt-consteval -ftt-no-dyninit -flto=auto -ffast-math -fno-finite-math-only -fsigned-zeros -fno-associative-math -fno-exceptions -fno-rtti -fno-use-cxa-atexit -g -MMD -Wall -Werror -Wno-error=deprecated-declarations -Wno-error=multistatement-macros -Wno-error=parentheses -Wno-error=unused-but-set-variable -Wno-unused-variable -Wno-unused-function -mcpu=tt-bh -fno-tree-loop-distribute-patterns -I. -I.. -I/home/ttuser/dev/muse-glimmer/tt-metal/ -I/home/ttuser/dev/muse-glimmer/tt-metal/ttnn -I/home/ttuser/dev/muse-glimmer/tt-metal/ttnn/cpp -I/home/ttuser/dev/muse-glimmer/tt-metal/tt_metal -I/home/ttuser/dev/muse-glimmer/tt-metal/tt_metal/hw/inc -I/home/ttuser/dev/muse-glimmer/tt-metal/tt_metal/tt-llk/common -I/home/ttuser/dev/muse-glimmer/tt-metal/tt_metal/hostdevcommon/api -I/home/ttuser/dev/muse-glimmer/tt-metal/tt_metal/api/ -I/home/ttuser/dev/muse-glimmer/tt-metal/tt_metal/hw/ckernels/blackhole/metal/common -I/home/ttuser/dev/muse-glimmer/tt-metal/tt_metal/hw/ckernels/blackhole/metal/llk_io -I/home/ttuser/dev/muse-glimmer/tt-metal/tt_metal/hw/inc/internal/tt-1xx -I/home/ttuser/dev/muse-glimmer/tt-metal/tt_metal/hw/inc/internal/tt-1xx/blackhole -I/home/ttuser/dev/muse-glimmer/tt-metal/tt_metal/hw/inc/internal/tt-1xx/blackhole/blackhole_defines -I/home/ttuser/dev/muse-glimmer/tt-metal/tt_metal/hw/inc/internal/tt-1xx/blackhole/noc -I/home/ttuser/dev/muse-glimmer/tt-metal/tt_metal/tt-llk/tt_llk_blackhole/common/inc -I/home/ttuser/dev/muse-glimmer/tt-metal/tt_metal/tt-llk/tt_llk_blackhole/llk_lib -I/home/ttuser/dev/muse-glimmer/tt-metal/tt_metal/hw/firmware/src/tt-1xx -I/home/ttuser/dev/muse-glimmer/tt-metal/ttnn/cpp/ttnn/operations/experimental/minimal_matmul/device/kernels -DIS_NOT_POW2_NUM_L1_BANKS=1 -DLOG_BASE_2_OF_NUM_DRAM_BANKS=3 -DNUM_DRAM_BANKS=8 -DNUM_L1_BANKS=110 -DPCIE_NOC_X=19 -DPCIE_NOC_Y=24 -DTENSIX_FIRMWARE -DLOCAL_MEM_EN=0 -DPROFILE_KERNEL=1 -DPROFILER_FULL_HOST_BUFFER_SIZE_PER_RISC=48000 -DPROCESSOR_INDEX=1 -DCOMPILE_FOR_NCRISC -DPROGRAMMABLE_CORE_TYPE=0 -DARCH_BLACKHOLE -DDISPATCH_MESSAGE_ADDR=4290184248 -DKERNEL_BUILD -DNOC_INDEX=1 -DNOC_MODE=0 -DFULL_KERNEL_NAME="dm_in0_sender/920585768563906903/" -DKERNEL_COMPILE_TIME_ARGS=96,100,208,208,624,627,8,4,16,2,4,2048,2048,2048,0,1,2,1,0,1,624,2048,2,2048,2,2048 -c -o /home/ttuser/.cache/tt-metal-cache/477608128499675878/kernels/dm_in0_sender/920585768563906903/ncrisc/ncrisck.9244252803826433989_386009.o /home/ttuser/dev/muse-glimmer/tt-metal/tt_metal/hw/firmware/src/tt-1xx/ncrisck.cc -MF /home/ttuser/.cache/tt-metal-cache/477608128499675878/kernels/dm_in0_sender/920585768563906903/ncrisc/ncrisck.9244252803826433989_386009.d
In file included from /home/ttuser/dev/muse-glimmer/tt-metal/tt_metal/hw/inc/api/dataflow/dataflow_api.h:27,
                 from /home/ttuser/dev/muse-glimmer/tt-metal/tt_metal/hw/inc/internal/firmware_common.h:24,
                 from /home/ttuser/dev/muse-glimmer/tt-metal/tt_metal/hw/firmware/src/tt-1xx/ncrisck.cc:17:
/home/ttuser/dev/muse-glimmer/tt-metal/tt_metal/tools/profiler/kernel_profiler.hpp: In function 'void kernel_profiler::quick_push()':
/home/ttuser/dev/muse-glimmer/tt-metal/tt_metal/tools/profiler/kernel_profiler.hpp:31:22: note: '#pragma message: PROFILER-NOC-QUICK-PUSH,/home/ttuser/dev/muse-glimmer/tt-metal/tt_metal/tools/profiler/kernel_profiler.hpp,632,KERNEL_PROFILER'
   31 | #define DO_PRAGMA(x) _Pragma(#x)
      |                      ^~~~~~~
/home/ttuser/dev/muse-glimmer/tt-metal/tt_metal/tools/profiler/kernel_profiler.hpp:41:5: note: in expansion of macro 'DO_PRAGMA'
   41 |     DO_PRAGMA(message(PROFILER_MSG_NAME(name))); \
      |     ^~~~~~~~~
/home/ttuser/dev/muse-glimmer/tt-metal/tt_metal/tools/profiler/kernel_profiler.hpp:632:5: note: in expansion of macro 'SrcLocNameToHash'
  632 |     SrcLocNameToHash("PROFILER-NOC-QUICK-PUSH");
      |     ^~~~~~~~~~~~~~~~
/home/ttuser/dev/muse-glimmer/tt-metal/tt_metal/hw/firmware/src/tt-1xx/ncrisck.cc: In function 'uint32_t _start()':
/home/ttuser/dev/muse-glimmer/tt-metal/tt_metal/tools/profiler/kernel_profiler.hpp:31:22: note: '#pragma message: NCRISC-KERNEL,/home/ttuser/dev/muse-glimmer/tt-metal/tt_metal/hw/firmware/src/tt-1xx/ncrisck.cc,69,KERNEL_PROFILER'
   31 | #define DO_PRAGMA(x) _Pragma(#x)
      |                      ^~~~~~~
/home/ttuser/dev/muse-glimmer/tt-metal/tt_metal/tools/profiler/kernel_profiler.hpp:1045:5: note: in expansion of macro 'DO_PRAGMA'
 1045 |     DO_PRAGMA(message(PROFILER_MSG_NAME(name)));                               \
      |     ^~~~~~~~~
/home/ttuser/dev/muse-glimmer/tt-metal/tt_metal/hw/firmware/src/tt-1xx/ncrisck.cc:69:5: note: in expansion of macro 'DeviceZoneScopedMainChildN'
   69 |     DeviceZoneScopedMainChildN("NCRISC-KERNEL");
      |     ^~~~~~~~~~~~~~~~~~~~~~~~~~
Building brisc, compile step:
/home/ttuser/dev/muse-glimmer/tt-metal/runtime/sfpi/compiler/bin/riscv-tt-elf-g++ -O2 -std=c++17 -ftt-nttp -ftt-constinit -ftt-consteval -ftt-no-dyninit -flto=auto -ffast-math -fno-finite-math-only -fsigned-zeros -fno-associative-math -fno-exceptions -fno-rtti -fno-use-cxa-atexit -g -MMD -Wall -Werror -Wno-error=deprecated-declarations -Wno-error=multistatement-macros -Wno-error=parentheses -Wno-error=unused-but-set-variable -Wno-unused-variable -Wno-unused-function -mcpu=tt-bh -fno-tree-loop-distribute-patterns -I. -I.. -I/home/ttuser/dev/muse-glimmer/tt-metal/ -I/home/ttuser/dev/muse-glimmer/tt-metal/ttnn -I/home/ttuser/dev/muse-glimmer/tt-metal/ttnn/cpp -I/home/ttuser/dev/muse-glimmer/tt-metal/tt_metal -I/home/ttuser/dev/muse-glimmer/tt-metal/tt_metal/hw/inc -I/home/ttuser/dev/muse-glimmer/tt-metal/tt_metal/tt-llk/common -I/home/ttuser/dev/muse-glimmer/tt-metal/tt_metal/hostdevcommon/api -I/home/ttuser/dev/muse-glimmer/tt-metal/tt_metal/api/ -I/home/ttuser/dev/muse-glimmer/tt-metal/tt_metal/hw/ckernels/blackhole/metal/common -I/home/ttuser/dev/muse-glimmer/tt-metal/tt_metal/hw/ckernels/blackhole/metal/llk_io -I/home/ttuser/dev/muse-glimmer/tt-metal/tt_metal/hw/inc/internal/tt-1xx -I/home/ttuser/dev/muse-glimmer/tt-metal/tt_metal/hw/inc/internal/tt-1xx/blackhole -I/home/ttuser/dev/muse-glimmer/tt-metal/tt_metal/hw/inc/internal/tt-1xx/blackhole/blackhole_defines -I/home/ttuser/dev/muse-glimmer/tt-metal/tt_metal/hw/inc/internal/tt-1xx/blackhole/noc -I/home/ttuser/dev/muse-glimmer/tt-metal/tt_metal/tt-llk/tt_llk_blackhole/common/inc -I/home/ttuser/dev/muse-glimmer/tt-metal/tt_metal/tt-llk/tt_llk_blackhole/llk_lib -I/home/ttuser/dev/muse-glimmer/tt-metal/tt_metal/hw/firmware/src/tt-1xx -I/home/ttuser/dev/muse-glimmer/tt-metal/ttnn/cpp/ttnn/operations/experimental/minimal_matmul/device/kernels -DIS_NOT_POW2_NUM_L1_BANKS=1 -DLOG_BASE_2_OF_NUM_DRAM_BANKS=3 -DNUM_DRAM_BANKS=8 -DNUM_L1_BANKS=110 -DPCIE_NOC_X=19 -DPCIE_NOC_Y=24 -DTENSIX_FIRMWARE -DLOCAL_MEM_EN=0 -DPROFILE_KERNEL=1 -DPROFILER_FULL_HOST_BUFFER_SIZE_PER_RISC=48000 -DPROCESSOR_INDEX=0 -DCOMPILE_FOR_BRISC -DPROGRAMMABLE_CORE_TYPE=0 -DARCH_BLACKHOLE -DDISPATCH_MESSAGE_ADDR=4290184248 -DKERNEL_BUILD -DNOC_INDEX=0 -DNOC_MODE=0 -DFULL_KERNEL_NAME="dm_in1_sender_out/12049623358730489648/" -DKERNEL_COMPILE_TIME_ARGS=96,100,208,208,624,627,8,4,16,2,4,2048,2048,2048,3,4,5,0,0,1,624,2,2048,2,2048 -c -o /home/ttuser/.cache/tt-metal-cache/477608128499675878/kernels/dm_in1_sender_out/12049623358730489648/brisc/brisck.9244252803826433989_386009.o /home/ttuser/dev/muse-glimmer/tt-metal/tt_metal/hw/firmware/src/tt-1xx/brisck.cc -MF /home/ttuser/.cache/tt-metal-cache/477608128499675878/kernels/dm_in1_sender_out/12049623358730489648/brisc/brisck.9244252803826433989_386009.d
In file included from /home/ttuser/dev/muse-glimmer/tt-metal/tt_metal/hw/inc/api/dataflow/dataflow_api.h:27,
                 from /home/ttuser/dev/muse-glimmer/tt-metal/tt_metal/hw/inc/internal/firmware_common.h:24,
                 from /home/ttuser/dev/muse-glimmer/tt-metal/tt_metal/hw/firmware/src/tt-1xx/brisck.cc:17:
/home/ttuser/dev/muse-glimmer/tt-metal/tt_metal/tools/profiler/kernel_profiler.hpp: In function 'void kernel_profiler::finish_profiler(bool)':
/home/ttuser/dev/muse-glimmer/tt-metal/tt_metal/tools/profiler/kernel_profiler.hpp:31:22: note: '#pragma message: PROFILER-NOC-FLUSH,/home/ttuser/dev/muse-glimmer/tt-metal/tt_metal/tools/profiler/kernel_profiler.hpp,480,KERNEL_PROFILER'
   31 | #define DO_PRAGMA(x) _Pragma(#x)
      |                      ^~~~~~~
/home/ttuser/dev/muse-glimmer/tt-metal/tt_metal/tools/profiler/kernel_profiler.hpp:41:5: note: in expansion of macro 'DO_PRAGMA'
   41 |     DO_PRAGMA(message(PROFILER_MSG_NAME(name))); \
      |     ^~~~~~~~~
/home/ttuser/dev/muse-glimmer/tt-metal/tt_metal/tools/profiler/kernel_profiler.hpp:480:17: note: in expansion of macro 'SrcLocNameToHash'
  480 |                 SrcLocNameToHash("PROFILER-NOC-FLUSH");
      |                 ^~~~~~~~~~~~~~~~
/home/ttuser/dev/muse-glimmer/tt-metal/tt_metal/tools/profiler/kernel_profiler.hpp:31:22: note: '#pragma message: PROFILER-DRAM-PUSH,/home/ttuser/dev/muse-glimmer/tt-metal/tt_metal/tools/profiler/kernel_profiler.hpp,489,KERNEL_PROFILER'
   31 | #define DO_PRAGMA(x) _Pragma(#x)
      |                      ^~~~~~~
/home/ttuser/dev/muse-glimmer/tt-metal/tt_metal/tools/profiler/kernel_profiler.hpp:41:5: note: in expansion of macro 'DO_PRAGMA'
   41 |     DO_PRAGMA(message(PROFILER_MSG_NAME(name))); \
      |     ^~~~~~~~~
/home/ttuser/dev/muse-glimmer/tt-metal/tt_metal/tools/profiler/kernel_profiler.hpp:489:17: note: in expansion of macro 'SrcLocNameToHash'
  489 |                 SrcLocNameToHash("PROFILER-DRAM-PUSH");
      |                 ^~~~~~~~~~~~~~~~
/home/ttuser/dev/muse-glimmer/tt-metal/tt_metal/tools/profiler/kernel_profiler.hpp: In function 'void kernel_profiler::quick_push()':
/home/ttuser/dev/muse-glimmer/tt-metal/tt_metal/tools/profiler/kernel_profiler.hpp:31:22: note: '#pragma message: PROFILER-NOC-QUICK-PUSH,/home/ttuser/dev/muse-glimmer/tt-metal/tt_metal/tools/profiler/kernel_profiler.hpp,632,KERNEL_PROFILER'
   31 | #define DO_PRAGMA(x) _Pragma(#x)
      |                      ^~~~~~~
/home/ttuser/dev/muse-glimmer/tt-metal/tt_metal/tools/profiler/kernel_profiler.hpp:41:5: note: in expansion of macro 'DO_PRAGMA'
   41 |     DO_PRAGMA(message(PROFILER_MSG_NAME(name))); \
      |     ^~~~~~~~~
/home/ttuser/dev/muse-glimmer/tt-metal/tt_metal/tools/profiler/kernel_profiler.hpp:632:5: note: in expansion of macro 'SrcLocNameToHash'
  632 |     SrcLocNameToHash("PROFILER-NOC-QUICK-PUSH");
      |     ^~~~~~~~~~~~~~~~
/home/ttuser/dev/muse-glimmer/tt-metal/tt_metal/hw/firmware/src/tt-1xx/brisck.cc: In function 'uint32_t _start()':
/home/ttuser/dev/muse-glimmer/tt-metal/tt_metal/tools/profiler/kernel_profiler.hpp:31:22: note: '#pragma message: BRISC-KERNEL,/home/ttuser/dev/muse-glimmer/tt-metal/tt_metal/hw/firmware/src/tt-1xx/brisck.cc,77,KERNEL_PROFILER'
   31 | #define DO_PRAGMA(x) _Pragma(#x)
      |                      ^~~~~~~
/home/ttuser/dev/muse-glimmer/tt-metal/tt_metal/tools/profiler/kernel_profiler.hpp:1045:5: note: in expansion of macro 'DO_PRAGMA'
 1045 |     DO_PRAGMA(message(PROFILER_MSG_NAME(name)));                               \
      |     ^~~~~~~~~
/home/ttuser/dev/muse-glimmer/tt-metal/tt_metal/hw/firmware/src/tt-1xx/brisck.cc:77:9: note: in expansion of macro 'DeviceZoneScopedMainChildN'
   77 |         DeviceZoneScopedMainChildN("BRISC-KERNEL");
      |         ^~~~~~~~~~~~~~~~~~~~~~~~~~
Building ncrisc, compile step:
/home/ttuser/dev/muse-glimmer/tt-metal/runtime/sfpi/compiler/bin/riscv-tt-elf-g++ -O2 -std=c++17 -ftt-nttp -ftt-constinit -ftt-consteval -ftt-no-dyninit -flto=auto -ffast-math -fno-finite-math-only -fsigned-zeros -fno-associative-math -fno-exceptions -fno-rtti -fno-use-cxa-atexit -g -MMD -Wall -Werror -Wno-error=deprecated-declarations -Wno-error=multistatement-macros -Wno-error=parentheses -Wno-error=unused-but-set-variable -Wno-unused-variable -Wno-unused-function -mcpu=tt-bh -fno-tree-loop-distribute-patterns -I. -I.. -I/home/ttuser/dev/muse-glimmer/tt-metal/ -I/home/ttuser/dev/muse-glimmer/tt-metal/ttnn -I/home/ttuser/dev/muse-glimmer/tt-metal/ttnn/cpp -I/home/ttuser/dev/muse-glimmer/tt-metal/tt_metal -I/home/ttuser/dev/muse-glimmer/tt-metal/tt_metal/hw/inc -I/home/ttuser/dev/muse-glimmer/tt-metal/tt_metal/tt-llk/common -I/home/ttuser/dev/muse-glimmer/tt-metal/tt_metal/hostdevcommon/api -I/home/ttuser/dev/muse-glimmer/tt-metal/tt_metal/api/ -I/home/ttuser/dev/muse-glimmer/tt-metal/tt_metal/hw/ckernels/blackhole/metal/common -I/home/ttuser/dev/muse-glimmer/tt-metal/tt_metal/hw/ckernels/blackhole/metal/llk_io -I/home/ttuser/dev/muse-glimmer/tt-metal/tt_metal/hw/inc/internal/tt-1xx -I/home/ttuser/dev/muse-glimmer/tt-metal/tt_metal/hw/inc/internal/tt-1xx/blackhole -I/home/ttuser/dev/muse-glimmer/tt-metal/tt_metal/hw/inc/internal/tt-1xx/blackhole/blackhole_defines -I/home/ttuser/dev/muse-glimmer/tt-metal/tt_metal/hw/inc/internal/tt-1xx/blackhole/noc -I/home/ttuser/dev/muse-glimmer/tt-metal/tt_metal/tt-llk/tt_llk_blackhole/common/inc -I/home/ttuser/dev/muse-glimmer/tt-metal/tt_metal/tt-llk/tt_llk_blackhole/llk_lib -I/home/ttuser/dev/muse-glimmer/tt-metal/tt_metal/hw/firmware/src/tt-1xx -I/home/ttuser/dev/muse-glimmer/tt-metal/ttnn/cpp/ttnn/operations/experimental/minimal_matmul/device/kernels -DIS_NOT_POW2_NUM_L1_BANKS=1 -DLOG_BASE_2_OF_NUM_DRAM_BANKS=3 -DNUM_DRAM_BANKS=8 -DNUM_L1_BANKS=110 -DPCIE_NOC_X=19 -DPCIE_NOC_Y=24 -DTENSIX_FIRMWARE -DLOCAL_MEM_EN=0 -DPROFILE_KERNEL=1 -DPROFILER_FULL_HOST_BUFFER_SIZE_PER_RISC=48000 -DPROCESSOR_INDEX=1 -DCOMPILE_FOR_NCRISC -DPROGRAMMABLE_CORE_TYPE=0 -DARCH_BLACKHOLE -DDISPATCH_MESSAGE_ADDR=4290184248 -DKERNEL_BUILD -DNOC_INDEX=1 -DNOC_MODE=0 -DFULL_KERNEL_NAME="dm_in0_sender/15416155608049133646/" -DKERNEL_COMPILE_TIME_ARGS=96,100,208,208,624,627,8,4,16,2,4,2048,2048,2048,0,1,2,1,1,1,624,2048,2,2048,2,2048 -c -o /home/ttuser/.cache/tt-metal-cache/477608128499675878/kernels/dm_in0_sender/15416155608049133646/ncrisc/ncrisck.9244252803826433989_386009.o /home/ttuser/dev/muse-glimmer/tt-metal/tt_metal/hw/firmware/src/tt-1xx/ncrisck.cc -MF /home/ttuser/.cache/tt-metal-cache/477608128499675878/kernels/dm_in0_sender/15416155608049133646/ncrisc/ncrisck.9244252803826433989_386009.d
In file included from /home/ttuser/dev/muse-glimmer/tt-metal/tt_metal/hw/inc/api/dataflow/dataflow_api.h:27,
                 from /home/ttuser/dev/muse-glimmer/tt-metal/tt_metal/hw/inc/internal/firmware_common.h:24,
                 from /home/ttuser/dev/muse-glimmer/tt-metal/tt_metal/hw/firmware/src/tt-1xx/ncrisck.cc:17:
/home/ttuser/dev/muse-glimmer/tt-metal/tt_metal/tools/profiler/kernel_profiler.hpp: In function 'void kernel_profiler::quick_push()':
/home/ttuser/dev/muse-glimmer/tt-metal/tt_metal/tools/profiler/kernel_profiler.hpp:31:22: note: '#pragma message: PROFILER-NOC-QUICK-PUSH,/home/ttuser/dev/muse-glimmer/tt-metal/tt_metal/tools/profiler/kernel_profiler.hpp,632,KERNEL_PROFILER'
   31 | #define DO_PRAGMA(x) _Pragma(#x)
      |                      ^~~~~~~
/home/ttuser/dev/muse-glimmer/tt-metal/tt_metal/tools/profiler/kernel_profiler.hpp:41:5: note: in expansion of macro 'DO_PRAGMA'
   41 |     DO_PRAGMA(message(PROFILER_MSG_NAME(name))); \
      |     ^~~~~~~~~
/home/ttuser/dev/muse-glimmer/tt-metal/tt_metal/tools/profiler/kernel_profiler.hpp:632:5: note: in expansion of macro 'SrcLocNameToHash'
  632 |     SrcLocNameToHash("PROFILER-NOC-QUICK-PUSH");
      |     ^~~~~~~~~~~~~~~~
/home/ttuser/dev/muse-glimmer/tt-metal/tt_metal/hw/firmware/src/tt-1xx/ncrisck.cc: In function 'uint32_t _start()':
/home/ttuser/dev/muse-glimmer/tt-metal/tt_metal/tools/profiler/kernel_profiler.hpp:31:22: note: '#pragma message: NCRISC-KERNEL,/home/ttuser/dev/muse-glimmer/tt-metal/tt_metal/hw/firmware/src/tt-1xx/ncrisck.cc,69,KERNEL_PROFILER'
   31 | #define DO_PRAGMA(x) _Pragma(#x)
      |                      ^~~~~~~
/home/ttuser/dev/muse-glimmer/tt-metal/tt_metal/tools/profiler/kernel_profiler.hpp:1045:5: note: in expansion of macro 'DO_PRAGMA'
 1045 |     DO_PRAGMA(message(PROFILER_MSG_NAME(name)));                               \
      |     ^~~~~~~~~
/home/ttuser/dev/muse-glimmer/tt-metal/tt_metal/hw/firmware/src/tt-1xx/ncrisck.cc:69:5: note: in expansion of macro 'DeviceZoneScopedMainChildN'
   69 |     DeviceZoneScopedMainChildN("NCRISC-KERNEL");
      |     ^~~~~~~~~~~~~~~~~~~~~~~~~~
Building brisc, compile step:
/home/ttuser/dev/muse-glimmer/tt-metal/runtime/sfpi/compiler/bin/riscv-tt-elf-g++ -O2 -std=c++17 -ftt-nttp -ftt-constinit -ftt-consteval -ftt-no-dyninit -flto=auto -ffast-math -fno-finite-math-only -fsigned-zeros -fno-associative-math -fno-exceptions -fno-rtti -fno-use-cxa-atexit -g -MMD -Wall -Werror -Wno-error=deprecated-declarations -Wno-error=multistatement-macros -Wno-error=parentheses -Wno-error=unused-but-set-variable -Wno-unused-variable -Wno-unused-function -mcpu=tt-bh -fno-tree-loop-distribute-patterns -I. -I.. -I/home/ttuser/dev/muse-glimmer/tt-metal/ -I/home/ttuser/dev/muse-glimmer/tt-metal/ttnn -I/home/ttuser/dev/muse-glimmer/tt-metal/ttnn/cpp -I/home/ttuser/dev/muse-glimmer/tt-metal/tt_metal -I/home/ttuser/dev/muse-glimmer/tt-metal/tt_metal/hw/inc -I/home/ttuser/dev/muse-glimmer/tt-metal/tt_metal/tt-llk/common -I/home/ttuser/dev/muse-glimmer/tt-metal/tt_metal/hostdevcommon/api -I/home/ttuser/dev/muse-glimmer/tt-metal/tt_metal/api/ -I/home/ttuser/dev/muse-glimmer/tt-metal/tt_metal/hw/ckernels/blackhole/metal/common -I/home/ttuser/dev/muse-glimmer/tt-metal/tt_metal/hw/ckernels/blackhole/metal/llk_io -I/home/ttuser/dev/muse-glimmer/tt-metal/tt_metal/hw/inc/internal/tt-1xx -I/home/ttuser/dev/muse-glimmer/tt-metal/tt_metal/hw/inc/internal/tt-1xx/blackhole -I/home/ttuser/dev/muse-glimmer/tt-metal/tt_metal/hw/inc/internal/tt-1xx/blackhole/blackhole_defines -I/home/ttuser/dev/muse-glimmer/tt-metal/tt_metal/hw/inc/internal/tt-1xx/blackhole/noc -I/home/ttuser/dev/muse-glimmer/tt-metal/tt_metal/tt-llk/tt_llk_blackhole/common/inc -I/home/ttuser/dev/muse-glimmer/tt-metal/tt_metal/tt-llk/tt_llk_blackhole/llk_lib -I/home/ttuser/dev/muse-glimmer/tt-metal/tt_metal/hw/firmware/src/tt-1xx -I/home/ttuser/dev/muse-glimmer/tt-metal/ttnn/cpp/ttnn/operations/experimental/minimal_matmul/device/kernels -DIS_NOT_POW2_NUM_L1_BANKS=1 -DLOG_BASE_2_OF_NUM_DRAM_BANKS=3 -DNUM_DRAM_BANKS=8 -DNUM_L1_BANKS=110 -DPCIE_NOC_X=19 -DPCIE_NOC_Y=24 -DTENSIX_FIRMWARE -DLOCAL_MEM_EN=0 -DPROFILE_KERNEL=1 -DPROFILER_FULL_HOST_BUFFER_SIZE_PER_RISC=48000 -DPROCESSOR_INDEX=0 -DCOMPILE_FOR_BRISC -DPROGRAMMABLE_CORE_TYPE=0 -DARCH_BLACKHOLE -DDISPATCH_MESSAGE_ADDR=4290184248 -DKERNEL_BUILD -DNOC_INDEX=0 -DNOC_MODE=0 -DFULL_KERNEL_NAME="dm_in1_sender_out/3322602515764282484/" -DKERNEL_COMPILE_TIME_ARGS=96,100,208,208,624,627,8,4,16,2,4,2048,2048,2048,3,4,5,0,1,1,624,2,2048,2,2048 -c -o /home/ttuser/.cache/tt-metal-cache/477608128499675878/kernels/dm_in1_sender_out/3322602515764282484/brisc/brisck.9244252803826433989_386009.o /home/ttuser/dev/muse-glimmer/tt-metal/tt_metal/hw/firmware/src/tt-1xx/brisck.cc -MF /home/ttuser/.cache/tt-metal-cache/477608128499675878/kernels/dm_in1_sender_out/3322602515764282484/brisc/brisck.9244252803826433989_386009.d
In file included from /home/ttuser/dev/muse-glimmer/tt-metal/tt_metal/hw/inc/api/dataflow/dataflow_api.h:27,
                 from /home/ttuser/dev/muse-glimmer/tt-metal/tt_metal/hw/inc/internal/firmware_common.h:24,
                 from /home/ttuser/dev/muse-glimmer/tt-metal/tt_metal/hw/firmware/src/tt-1xx/brisck.cc:17:
/home/ttuser/dev/muse-glimmer/tt-metal/tt_metal/tools/profiler/kernel_profiler.hpp: In function 'void kernel_profiler::finish_profiler(bool)':
/home/ttuser/dev/muse-glimmer/tt-metal/tt_metal/tools/profiler/kernel_profiler.hpp:31:22: note: '#pragma message: PROFILER-NOC-FLUSH,/home/ttuser/dev/muse-glimmer/tt-metal/tt_metal/tools/profiler/kernel_profiler.hpp,480,KERNEL_PROFILER'
   31 | #define DO_PRAGMA(x) _Pragma(#x)
      |                      ^~~~~~~
/home/ttuser/dev/muse-glimmer/tt-metal/tt_metal/tools/profiler/kernel_profiler.hpp:41:5: note: in expansion of macro 'DO_PRAGMA'
   41 |     DO_PRAGMA(message(PROFILER_MSG_NAME(name))); \
      |     ^~~~~~~~~
/home/ttuser/dev/muse-glimmer/tt-metal/tt_metal/tools/profiler/kernel_profiler.hpp:480:17: note: in expansion of macro 'SrcLocNameToHash'
  480 |                 SrcLocNameToHash("PROFILER-NOC-FLUSH");
      |                 ^~~~~~~~~~~~~~~~
/home/ttuser/dev/muse-glimmer/tt-metal/tt_metal/tools/profiler/kernel_profiler.hpp:31:22: note: '#pragma message: PROFILER-DRAM-PUSH,/home/ttuser/dev/muse-glimmer/tt-metal/tt_metal/tools/profiler/kernel_profiler.hpp,489,KERNEL_PROFILER'
   31 | #define DO_PRAGMA(x) _Pragma(#x)
      |                      ^~~~~~~
/home/ttuser/dev/muse-glimmer/tt-metal/tt_metal/tools/profiler/kernel_profiler.hpp:41:5: note: in expansion of macro 'DO_PRAGMA'
   41 |     DO_PRAGMA(message(PROFILER_MSG_NAME(name))); \
      |     ^~~~~~~~~
/home/ttuser/dev/muse-glimmer/tt-metal/tt_metal/tools/profiler/kernel_profiler.hpp:489:17: note: in expansion of macro 'SrcLocNameToHash'
  489 |                 SrcLocNameToHash("PROFILER-DRAM-PUSH");
      |                 ^~~~~~~~~~~~~~~~
/home/ttuser/dev/muse-glimmer/tt-metal/tt_metal/tools/profiler/kernel_profiler.hpp: In function 'void kernel_profiler::quick_push()':
/home/ttuser/dev/muse-glimmer/tt-metal/tt_metal/tools/profiler/kernel_profiler.hpp:31:22: note: '#pragma message: PROFILER-NOC-QUICK-PUSH,/home/ttuser/dev/muse-glimmer/tt-metal/tt_metal/tools/profiler/kernel_profiler.hpp,632,KERNEL_PROFILER'
   31 | #define DO_PRAGMA(x) _Pragma(#x)
      |                      ^~~~~~~
/home/ttuser/dev/muse-glimmer/tt-metal/tt_metal/tools/profiler/kernel_profiler.hpp:41:5: note: in expansion of macro 'DO_PRAGMA'
   41 |     DO_PRAGMA(message(PROFILER_MSG_NAME(name))); \
      |     ^~~~~~~~~
/home/ttuser/dev/muse-glimmer/tt-metal/tt_metal/tools/profiler/kernel_profiler.hpp:632:5: note: in expansion of macro 'SrcLocNameToHash'
  632 |     SrcLocNameToHash("PROFILER-NOC-QUICK-PUSH");
      |     ^~~~~~~~~~~~~~~~
/home/ttuser/dev/muse-glimmer/tt-metal/tt_metal/hw/firmware/src/tt-1xx/brisck.cc: In function 'uint32_t _start()':
/home/ttuser/dev/muse-glimmer/tt-metal/tt_metal/tools/profiler/kernel_profiler.hpp:31:22: note: '#pragma message: BRISC-KERNEL,/home/ttuser/dev/muse-glimmer/tt-metal/tt_metal/hw/firmware/src/tt-1xx/brisck.cc,77,KERNEL_PROFILER'
   31 | #define DO_PRAGMA(x) _Pragma(#x)
      |                      ^~~~~~~
/home/ttuser/dev/muse-glimmer/tt-metal/tt_metal/tools/profiler/kernel_profiler.hpp:1045:5: note: in expansion of macro 'DO_PRAGMA'
 1045 |     DO_PRAGMA(message(PROFILER_MSG_NAME(name)));                               \
      |     ^~~~~~~~~
/home/ttuser/dev/muse-glimmer/tt-metal/tt_metal/hw/firmware/src/tt-1xx/brisck.cc:77:9: note: in expansion of macro 'DeviceZoneScopedMainChildN'
   77 |         DeviceZoneScopedMainChildN("BRISC-KERNEL");
      |         ^~~~~~~~~~~~~~~~~~~~~~~~~~
GROUP 8 rows=3072 mlp_gate M8_K4_N16
GROUP 8 rows=3072 mlp_gate default
GROUP 1 rows=3072 mlp_gate probe_M8_K6_N16
Building ncrisc, compile step:
/home/ttuser/dev/muse-glimmer/tt-metal/runtime/sfpi/compiler/bin/riscv-tt-elf-g++ -O2 -std=c++17 -ftt-nttp -ftt-constinit -ftt-consteval -ftt-no-dyninit -flto=auto -ffast-math -fno-finite-math-only -fsigned-zeros -fno-associative-math -fno-exceptions -fno-rtti -fno-use-cxa-atexit -g -MMD -Wall -Werror -Wno-error=deprecated-declarations -Wno-error=multistatement-macros -Wno-error=parentheses -Wno-error=unused-but-set-variable -Wno-unused-variable -Wno-unused-function -mcpu=tt-bh -fno-tree-loop-distribute-patterns -I. -I.. -I/home/ttuser/dev/muse-glimmer/tt-metal/ -I/home/ttuser/dev/muse-glimmer/tt-metal/ttnn -I/home/ttuser/dev/muse-glimmer/tt-metal/ttnn/cpp -I/home/ttuser/dev/muse-glimmer/tt-metal/tt_metal -I/home/ttuser/dev/muse-glimmer/tt-metal/tt_metal/hw/inc -I/home/ttuser/dev/muse-glimmer/tt-metal/tt_metal/tt-llk/common -I/home/ttuser/dev/muse-glimmer/tt-metal/tt_metal/hostdevcommon/api -I/home/ttuser/dev/muse-glimmer/tt-metal/tt_metal/api/ -I/home/ttuser/dev/muse-glimmer/tt-metal/tt_metal/hw/ckernels/blackhole/metal/common -I/home/ttuser/dev/muse-glimmer/tt-metal/tt_metal/hw/ckernels/blackhole/metal/llk_io -I/home/ttuser/dev/muse-glimmer/tt-metal/tt_metal/hw/inc/internal/tt-1xx -I/home/ttuser/dev/muse-glimmer/tt-metal/tt_metal/hw/inc/internal/tt-1xx/blackhole -I/home/ttuser/dev/muse-glimmer/tt-metal/tt_metal/hw/inc/internal/tt-1xx/blackhole/blackhole_defines -I/home/ttuser/dev/muse-glimmer/tt-metal/tt_metal/hw/inc/internal/tt-1xx/blackhole/noc -I/home/ttuser/dev/muse-glimmer/tt-metal/tt_metal/tt-llk/tt_llk_blackhole/common/inc -I/home/ttuser/dev/muse-glimmer/tt-metal/tt_metal/tt-llk/tt_llk_blackhole/llk_lib -I/home/ttuser/dev/muse-glimmer/tt-metal/tt_metal/hw/firmware/src/tt-1xx -I/home/ttuser/dev/muse-glimmer/tt-metal/ttnn/cpp/ttnn/operations/experimental/minimal_matmul/device/kernels -DIS_NOT_POW2_NUM_L1_BANKS=1 -DLOG_BASE_2_OF_NUM_DRAM_BANKS=3 -DNUM_DRAM_BANKS=8 -DNUM_L1_BANKS=110 -DPCIE_NOC_X=19 -DPCIE_NOC_Y=24 -DTENSIX_FIRMWARE -DLOCAL_MEM_EN=0 -DPROFILE_KERNEL=1 -DPROFILER_FULL_HOST_BUFFER_SIZE_PER_RISC=48000 -DPROCESSOR_INDEX=1 -DCOMPILE_FOR_NCRISC -DPROGRAMMABLE_CORE_TYPE=0 -DARCH_BLACKHOLE -DDISPATCH_MESSAGE_ADDR=4290184248 -DKERNEL_BUILD -DNOC_INDEX=1 -DNOC_MODE=0 -DFULL_KERNEL_NAME="dm_in0_sender/8439243199895714197/" -DKERNEL_COMPILE_TIME_ARGS=96,100,208,210,624,627,8,6,16,2,4,2048,2048,2048,0,1,2,1,0,1,624,2048,2,2048,2,2048 -c -o /home/ttuser/.cache/tt-metal-cache/477608128499675878/kernels/dm_in0_sender/8439243199895714197/ncrisc/ncrisck.9244252803826433989_386009.o /home/ttuser/dev/muse-glimmer/tt-metal/tt_metal/hw/firmware/src/tt-1xx/ncrisck.cc -MF /home/ttuser/.cache/tt-metal-cache/477608128499675878/kernels/dm_in0_sender/8439243199895714197/ncrisc/ncrisck.9244252803826433989_386009.d
In file included from /home/ttuser/dev/muse-glimmer/tt-metal/tt_metal/hw/inc/api/dataflow/dataflow_api.h:27,
                 from /home/ttuser/dev/muse-glimmer/tt-metal/tt_metal/hw/inc/internal/firmware_common.h:24,
                 from /home/ttuser/dev/muse-glimmer/tt-metal/tt_metal/hw/firmware/src/tt-1xx/ncrisck.cc:17:
/home/ttuser/dev/muse-glimmer/tt-metal/tt_metal/tools/profiler/kernel_profiler.hpp: In function 'void kernel_profiler::quick_push()':
/home/ttuser/dev/muse-glimmer/tt-metal/tt_metal/tools/profiler/kernel_profiler.hpp:31:22: note: '#pragma message: PROFILER-NOC-QUICK-PUSH,/home/ttuser/dev/muse-glimmer/tt-metal/tt_metal/tools/profiler/kernel_profiler.hpp,632,KERNEL_PROFILER'
   31 | #define DO_PRAGMA(x) _Pragma(#x)
      |                      ^~~~~~~
/home/ttuser/dev/muse-glimmer/tt-metal/tt_metal/tools/profiler/kernel_profiler.hpp:41:5: note: in expansion of macro 'DO_PRAGMA'
   41 |     DO_PRAGMA(message(PROFILER_MSG_NAME(name))); \
      |     ^~~~~~~~~
/home/ttuser/dev/muse-glimmer/tt-metal/tt_metal/tools/profiler/kernel_profiler.hpp:632:5: note: in expansion of macro 'SrcLocNameToHash'
  632 |     SrcLocNameToHash("PROFILER-NOC-QUICK-PUSH");
      |     ^~~~~~~~~~~~~~~~
/home/ttuser/dev/muse-glimmer/tt-metal/tt_metal/hw/firmware/src/tt-1xx/ncrisck.cc: In function 'uint32_t _start()':
/home/ttuser/dev/muse-glimmer/tt-metal/tt_metal/tools/profiler/kernel_profiler.hpp:31:22: note: '#pragma message: NCRISC-KERNEL,/home/ttuser/dev/muse-glimmer/tt-metal/tt_metal/hw/firmware/src/tt-1xx/ncrisck.cc,69,KERNEL_PROFILER'
   31 | #define DO_PRAGMA(x) _Pragma(#x)
      |                      ^~~~~~~
/home/ttuser/dev/muse-glimmer/tt-metal/tt_metal/tools/profiler/kernel_profiler.hpp:1045:5: note: in expansion of macro 'DO_PRAGMA'
 1045 |     DO_PRAGMA(message(PROFILER_MSG_NAME(name)));                               \
      |     ^~~~~~~~~
/home/ttuser/dev/muse-glimmer/tt-metal/tt_metal/hw/firmware/src/tt-1xx/ncrisck.cc:69:5: note: in expansion of macro 'DeviceZoneScopedMainChildN'
   69 |     DeviceZoneScopedMainChildN("NCRISC-KERNEL");
      |     ^~~~~~~~~~~~~~~~~~~~~~~~~~
Building brisc, compile step:
/home/ttuser/dev/muse-glimmer/tt-metal/runtime/sfpi/compiler/bin/riscv-tt-elf-g++ -O2 -std=c++17 -ftt-nttp -ftt-constinit -ftt-consteval -ftt-no-dyninit -flto=auto -ffast-math -fno-finite-math-only -fsigned-zeros -fno-associative-math -fno-exceptions -fno-rtti -fno-use-cxa-atexit -g -MMD -Wall -Werror -Wno-error=deprecated-declarations -Wno-error=multistatement-macros -Wno-error=parentheses -Wno-error=unused-but-set-variable -Wno-unused-variable -Wno-unused-function -mcpu=tt-bh -fno-tree-loop-distribute-patterns -I. -I.. -I/home/ttuser/dev/muse-glimmer/tt-metal/ -I/home/ttuser/dev/muse-glimmer/tt-metal/ttnn -I/home/ttuser/dev/muse-glimmer/tt-metal/ttnn/cpp -I/home/ttuser/dev/muse-glimmer/tt-metal/tt_metal -I/home/ttuser/dev/muse-glimmer/tt-metal/tt_metal/hw/inc -I/home/ttuser/dev/muse-glimmer/tt-metal/tt_metal/tt-llk/common -I/home/ttuser/dev/muse-glimmer/tt-metal/tt_metal/hostdevcommon/api -I/home/ttuser/dev/muse-glimmer/tt-metal/tt_metal/api/ -I/home/ttuser/dev/muse-glimmer/tt-metal/tt_metal/hw/ckernels/blackhole/metal/common -I/home/ttuser/dev/muse-glimmer/tt-metal/tt_metal/hw/ckernels/blackhole/metal/llk_io -I/home/ttuser/dev/muse-glimmer/tt-metal/tt_metal/hw/inc/internal/tt-1xx -I/home/ttuser/dev/muse-glimmer/tt-metal/tt_metal/hw/inc/internal/tt-1xx/blackhole -I/home/ttuser/dev/muse-glimmer/tt-metal/tt_metal/hw/inc/internal/tt-1xx/blackhole/blackhole_defines -I/home/ttuser/dev/muse-glimmer/tt-metal/tt_metal/hw/inc/internal/tt-1xx/blackhole/noc -I/home/ttuser/dev/muse-glimmer/tt-metal/tt_metal/tt-llk/tt_llk_blackhole/common/inc -I/home/ttuser/dev/muse-glimmer/tt-metal/tt_metal/tt-llk/tt_llk_blackhole/llk_lib -I/home/ttuser/dev/muse-glimmer/tt-metal/tt_metal/hw/firmware/src/tt-1xx -I/home/ttuser/dev/muse-glimmer/tt-metal/ttnn/cpp/ttnn/operations/experimental/minimal_matmul/device/kernels -DIS_NOT_POW2_NUM_L1_BANKS=1 -DLOG_BASE_2_OF_NUM_DRAM_BANKS=3 -DNUM_DRAM_BANKS=8 -DNUM_L1_BANKS=110 -DPCIE_NOC_X=19 -DPCIE_NOC_Y=24 -DTENSIX_FIRMWARE -DLOCAL_MEM_EN=0 -DPROFILE_KERNEL=1 -DPROFILER_FULL_HOST_BUFFER_SIZE_PER_RISC=48000 -DPROCESSOR_INDEX=0 -DCOMPILE_FOR_BRISC -DPROGRAMMABLE_CORE_TYPE=0 -DARCH_BLACKHOLE -DDISPATCH_MESSAGE_ADDR=4290184248 -DKERNEL_BUILD -DNOC_INDEX=0 -DNOC_MODE=0 -DFULL_KERNEL_NAME="dm_in1_sender_out/9607075778298742553/" -DKERNEL_COMPILE_TIME_ARGS=96,100,208,210,624,627,8,6,16,2,4,2048,2048,2048,3,4,5,0,0,1,624,2,2048,2,2048 -c -o /home/ttuser/.cache/tt-metal-cache/477608128499675878/kernels/dm_in1_sender_out/9607075778298742553/brisc/brisck.9244252803826433989_386009.o /home/ttuser/dev/muse-glimmer/tt-metal/tt_metal/hw/firmware/src/tt-1xx/brisck.cc -MF /home/ttuser/.cache/tt-metal-cache/477608128499675878/kernels/dm_in1_sender_out/9607075778298742553/brisc/brisck.9244252803826433989_386009.d
In file included from /home/ttuser/dev/muse-glimmer/tt-metal/tt_metal/hw/inc/api/dataflow/dataflow_api.h:27,
                 from /home/ttuser/dev/muse-glimmer/tt-metal/tt_metal/hw/inc/internal/firmware_common.h:24,
                 from /home/ttuser/dev/muse-glimmer/tt-metal/tt_metal/hw/firmware/src/tt-1xx/brisck.cc:17:
/home/ttuser/dev/muse-glimmer/tt-metal/tt_metal/tools/profiler/kernel_profiler.hpp: In function 'void kernel_profiler::finish_profiler(bool)':
/home/ttuser/dev/muse-glimmer/tt-metal/tt_metal/tools/profiler/kernel_profiler.hpp:31:22: note: '#pragma message: PROFILER-NOC-FLUSH,/home/ttuser/dev/muse-glimmer/tt-metal/tt_metal/tools/profiler/kernel_profiler.hpp,480,KERNEL_PROFILER'
   31 | #define DO_PRAGMA(x) _Pragma(#x)
      |                      ^~~~~~~
/home/ttuser/dev/muse-glimmer/tt-metal/tt_metal/tools/profiler/kernel_profiler.hpp:41:5: note: in expansion of macro 'DO_PRAGMA'
   41 |     DO_PRAGMA(message(PROFILER_MSG_NAME(name))); \
      |     ^~~~~~~~~
/home/ttuser/dev/muse-glimmer/tt-metal/tt_metal/tools/profiler/kernel_profiler.hpp:480:17: note: in expansion of macro 'SrcLocNameToHash'
  480 |                 SrcLocNameToHash("PROFILER-NOC-FLUSH");
      |                 ^~~~~~~~~~~~~~~~
/home/ttuser/dev/muse-glimmer/tt-metal/tt_metal/tools/profiler/kernel_profiler.hpp:31:22: note: '#pragma message: PROFILER-DRAM-PUSH,/home/ttuser/dev/muse-glimmer/tt-metal/tt_metal/tools/profiler/kernel_profiler.hpp,489,KERNEL_PROFILER'
   31 | #define DO_PRAGMA(x) _Pragma(#x)
      |                      ^~~~~~~
/home/ttuser/dev/muse-glimmer/tt-metal/tt_metal/tools/profiler/kernel_profiler.hpp:41:5: note: in expansion of macro 'DO_PRAGMA'
   41 |     DO_PRAGMA(message(PROFILER_MSG_NAME(name))); \
      |     ^~~~~~~~~
/home/ttuser/dev/muse-glimmer/tt-metal/tt_metal/tools/profiler/kernel_profiler.hpp:489:17: note: in expansion of macro 'SrcLocNameToHash'
  489 |                 SrcLocNameToHash("PROFILER-DRAM-PUSH");
      |                 ^~~~~~~~~~~~~~~~
/home/ttuser/dev/muse-glimmer/tt-metal/tt_metal/tools/profiler/kernel_profiler.hpp: In function 'void kernel_profiler::quick_push()':
/home/ttuser/dev/muse-glimmer/tt-metal/tt_metal/tools/profiler/kernel_profiler.hpp:31:22: note: '#pragma message: PROFILER-NOC-QUICK-PUSH,/home/ttuser/dev/muse-glimmer/tt-metal/tt_metal/tools/profiler/kernel_profiler.hpp,632,KERNEL_PROFILER'
   31 | #define DO_PRAGMA(x) _Pragma(#x)
      |                      ^~~~~~~
/home/ttuser/dev/muse-glimmer/tt-metal/tt_metal/tools/profiler/kernel_profiler.hpp:41:5: note: in expansion of macro 'DO_PRAGMA'
   41 |     DO_PRAGMA(message(PROFILER_MSG_NAME(name))); \
      |     ^~~~~~~~~
/home/ttuser/dev/muse-glimmer/tt-metal/tt_metal/tools/profiler/kernel_profiler.hpp:632:5: note: in expansion of macro 'SrcLocNameToHash'
  632 |     SrcLocNameToHash("PROFILER-NOC-QUICK-PUSH");
      |     ^~~~~~~~~~~~~~~~
/home/ttuser/dev/muse-glimmer/tt-metal/tt_metal/hw/firmware/src/tt-1xx/brisck.cc: In function 'uint32_t _start()':
/home/ttuser/dev/muse-glimmer/tt-metal/tt_metal/tools/profiler/kernel_profiler.hpp:31:22: note: '#pragma message: BRISC-KERNEL,/home/ttuser/dev/muse-glimmer/tt-metal/tt_metal/hw/firmware/src/tt-1xx/brisck.cc,77,KERNEL_PROFILER'
   31 | #define DO_PRAGMA(x) _Pragma(#x)
      |                      ^~~~~~~
/home/ttuser/dev/muse-glimmer/tt-metal/tt_metal/tools/profiler/kernel_profiler.hpp:1045:5: note: in expansion of macro 'DO_PRAGMA'
 1045 |     DO_PRAGMA(message(PROFILER_MSG_NAME(name)));                               \
      |     ^~~~~~~~~
/home/ttuser/dev/muse-glimmer/tt-metal/tt_metal/hw/firmware/src/tt-1xx/brisck.cc:77:9: note: in expansion of macro 'DeviceZoneScopedMainChildN'
   77 |         DeviceZoneScopedMainChildN("BRISC-KERNEL");
      |         ^~~~~~~~~~~~~~~~~~~~~~~~~~
Building ncrisc, compile step:
/home/ttuser/dev/muse-glimmer/tt-metal/runtime/sfpi/compiler/bin/riscv-tt-elf-g++ -O2 -std=c++17 -ftt-nttp -ftt-constinit -ftt-consteval -ftt-no-dyninit -flto=auto -ffast-math -fno-finite-math-only -fsigned-zeros -fno-associative-math -fno-exceptions -fno-rtti -fno-use-cxa-atexit -g -MMD -Wall -Werror -Wno-error=deprecated-declarations -Wno-error=multistatement-macros -Wno-error=parentheses -Wno-error=unused-but-set-variable -Wno-unused-variable -Wno-unused-function -mcpu=tt-bh -fno-tree-loop-distribute-patterns -I. -I.. -I/home/ttuser/dev/muse-glimmer/tt-metal/ -I/home/ttuser/dev/muse-glimmer/tt-metal/ttnn -I/home/ttuser/dev/muse-glimmer/tt-metal/ttnn/cpp -I/home/ttuser/dev/muse-glimmer/tt-metal/tt_metal -I/home/ttuser/dev/muse-glimmer/tt-metal/tt_metal/hw/inc -I/home/ttuser/dev/muse-glimmer/tt-metal/tt_metal/tt-llk/common -I/home/ttuser/dev/muse-glimmer/tt-metal/tt_metal/hostdevcommon/api -I/home/ttuser/dev/muse-glimmer/tt-metal/tt_metal/api/ -I/home/ttuser/dev/muse-glimmer/tt-metal/tt_metal/hw/ckernels/blackhole/metal/common -I/home/ttuser/dev/muse-glimmer/tt-metal/tt_metal/hw/ckernels/blackhole/metal/llk_io -I/home/ttuser/dev/muse-glimmer/tt-metal/tt_metal/hw/inc/internal/tt-1xx -I/home/ttuser/dev/muse-glimmer/tt-metal/tt_metal/hw/inc/internal/tt-1xx/blackhole -I/home/ttuser/dev/muse-glimmer/tt-metal/tt_metal/hw/inc/internal/tt-1xx/blackhole/blackhole_defines -I/home/ttuser/dev/muse-glimmer/tt-metal/tt_metal/hw/inc/internal/tt-1xx/blackhole/noc -I/home/ttuser/dev/muse-glimmer/tt-metal/tt_metal/tt-llk/tt_llk_blackhole/common/inc -I/home/ttuser/dev/muse-glimmer/tt-metal/tt_metal/tt-llk/tt_llk_blackhole/llk_lib -I/home/ttuser/dev/muse-glimmer/tt-metal/tt_metal/hw/firmware/src/tt-1xx -I/home/ttuser/dev/muse-glimmer/tt-metal/ttnn/cpp/ttnn/operations/experimental/minimal_matmul/device/kernels -DIS_NOT_POW2_NUM_L1_BANKS=1 -DLOG_BASE_2_OF_NUM_DRAM_BANKS=3 -DNUM_DRAM_BANKS=8 -DNUM_L1_BANKS=110 -DPCIE_NOC_X=19 -DPCIE_NOC_Y=24 -DTENSIX_FIRMWARE -DLOCAL_MEM_EN=0 -DPROFILE_KERNEL=1 -DPROFILER_FULL_HOST_BUFFER_SIZE_PER_RISC=48000 -DPROCESSOR_INDEX=1 -DCOMPILE_FOR_NCRISC -DPROGRAMMABLE_CORE_TYPE=0 -DARCH_BLACKHOLE -DDISPATCH_MESSAGE_ADDR=4290184248 -DKERNEL_BUILD -DNOC_INDEX=1 -DNOC_MODE=0 -DFULL_KERNEL_NAME="dm_in0_sender/11265786321565839897/" -DKERNEL_COMPILE_TIME_ARGS=96,100,208,210,624,627,8,6,16,2,4,2048,2048,2048,0,1,2,1,1,1,624,2048,2,2048,2,2048 -c -o /home/ttuser/.cache/tt-metal-cache/477608128499675878/kernels/dm_in0_sender/11265786321565839897/ncrisc/ncrisck.9244252803826433989_386009.o /home/ttuser/dev/muse-glimmer/tt-metal/tt_metal/hw/firmware/src/tt-1xx/ncrisck.cc -MF /home/ttuser/.cache/tt-metal-cache/477608128499675878/kernels/dm_in0_sender/11265786321565839897/ncrisc/ncrisck.9244252803826433989_386009.d
In file included from /home/ttuser/dev/muse-glimmer/tt-metal/tt_metal/hw/inc/api/dataflow/dataflow_api.h:27,
                 from /home/ttuser/dev/muse-glimmer/tt-metal/tt_metal/hw/inc/internal/firmware_common.h:24,
                 from /home/ttuser/dev/muse-glimmer/tt-metal/tt_metal/hw/firmware/src/tt-1xx/ncrisck.cc:17:
/home/ttuser/dev/muse-glimmer/tt-metal/tt_metal/tools/profiler/kernel_profiler.hpp: In function 'void kernel_profiler::quick_push()':
/home/ttuser/dev/muse-glimmer/tt-metal/tt_metal/tools/profiler/kernel_profiler.hpp:31:22: note: '#pragma message: PROFILER-NOC-QUICK-PUSH,/home/ttuser/dev/muse-glimmer/tt-metal/tt_metal/tools/profiler/kernel_profiler.hpp,632,KERNEL_PROFILER'
   31 | #define DO_PRAGMA(x) _Pragma(#x)
      |                      ^~~~~~~
/home/ttuser/dev/muse-glimmer/tt-metal/tt_metal/tools/profiler/kernel_profiler.hpp:41:5: note: in expansion of macro 'DO_PRAGMA'
   41 |     DO_PRAGMA(message(PROFILER_MSG_NAME(name))); \
      |     ^~~~~~~~~
/home/ttuser/dev/muse-glimmer/tt-metal/tt_metal/tools/profiler/kernel_profiler.hpp:632:5: note: in expansion of macro 'SrcLocNameToHash'
  632 |     SrcLocNameToHash("PROFILER-NOC-QUICK-PUSH");
      |     ^~~~~~~~~~~~~~~~
/home/ttuser/dev/muse-glimmer/tt-metal/tt_metal/hw/firmware/src/tt-1xx/ncrisck.cc: In function 'uint32_t _start()':
/home/ttuser/dev/muse-glimmer/tt-metal/tt_metal/tools/profiler/kernel_profiler.hpp:31:22: note: '#pragma message: NCRISC-KERNEL,/home/ttuser/dev/muse-glimmer/tt-metal/tt_metal/hw/firmware/src/tt-1xx/ncrisck.cc,69,KERNEL_PROFILER'
   31 | #define DO_PRAGMA(x) _Pragma(#x)
      |                      ^~~~~~~
/home/ttuser/dev/muse-glimmer/tt-metal/tt_metal/tools/profiler/kernel_profiler.hpp:1045:5: note: in expansion of macro 'DO_PRAGMA'
 1045 |     DO_PRAGMA(message(PROFILER_MSG_NAME(name)));                               \
      |     ^~~~~~~~~
/home/ttuser/dev/muse-glimmer/tt-metal/tt_metal/hw/firmware/src/tt-1xx/ncrisck.cc:69:5: note: in expansion of macro 'DeviceZoneScopedMainChildN'
   69 |     DeviceZoneScopedMainChildN("NCRISC-KERNEL");
      |     ^~~~~~~~~~~~~~~~~~~~~~~~~~
Building brisc, compile step:
/home/ttuser/dev/muse-glimmer/tt-metal/runtime/sfpi/compiler/bin/riscv-tt-elf-g++ -O2 -std=c++17 -ftt-nttp -ftt-constinit -ftt-consteval -ftt-no-dyninit -flto=auto -ffast-math -fno-finite-math-only -fsigned-zeros -fno-associative-math -fno-exceptions -fno-rtti -fno-use-cxa-atexit -g -MMD -Wall -Werror -Wno-error=deprecated-declarations -Wno-error=multistatement-macros -Wno-error=parentheses -Wno-error=unused-but-set-variable -Wno-unused-variable -Wno-unused-function -mcpu=tt-bh -fno-tree-loop-distribute-patterns -I. -I.. -I/home/ttuser/dev/muse-glimmer/tt-metal/ -I/home/ttuser/dev/muse-glimmer/tt-metal/ttnn -I/home/ttuser/dev/muse-glimmer/tt-metal/ttnn/cpp -I/home/ttuser/dev/muse-glimmer/tt-metal/tt_metal -I/home/ttuser/dev/muse-glimmer/tt-metal/tt_metal/hw/inc -I/home/ttuser/dev/muse-glimmer/tt-metal/tt_metal/tt-llk/common -I/home/ttuser/dev/muse-glimmer/tt-metal/tt_metal/hostdevcommon/api -I/home/ttuser/dev/muse-glimmer/tt-metal/tt_metal/api/ -I/home/ttuser/dev/muse-glimmer/tt-metal/tt_metal/hw/ckernels/blackhole/metal/common -I/home/ttuser/dev/muse-glimmer/tt-metal/tt_metal/hw/ckernels/blackhole/metal/llk_io -I/home/ttuser/dev/muse-glimmer/tt-metal/tt_metal/hw/inc/internal/tt-1xx -I/home/ttuser/dev/muse-glimmer/tt-metal/tt_metal/hw/inc/internal/tt-1xx/blackhole -I/home/ttuser/dev/muse-glimmer/tt-metal/tt_metal/hw/inc/internal/tt-1xx/blackhole/blackhole_defines -I/home/ttuser/dev/muse-glimmer/tt-metal/tt_metal/hw/inc/internal/tt-1xx/blackhole/noc -I/home/ttuser/dev/muse-glimmer/tt-metal/tt_metal/tt-llk/tt_llk_blackhole/common/inc -I/home/ttuser/dev/muse-glimmer/tt-metal/tt_metal/tt-llk/tt_llk_blackhole/llk_lib -I/home/ttuser/dev/muse-glimmer/tt-metal/tt_metal/hw/firmware/src/tt-1xx -I/home/ttuser/dev/muse-glimmer/tt-metal/ttnn/cpp/ttnn/operations/experimental/minimal_matmul/device/kernels -DIS_NOT_POW2_NUM_L1_BANKS=1 -DLOG_BASE_2_OF_NUM_DRAM_BANKS=3 -DNUM_DRAM_BANKS=8 -DNUM_L1_BANKS=110 -DPCIE_NOC_X=19 -DPCIE_NOC_Y=24 -DTENSIX_FIRMWARE -DLOCAL_MEM_EN=0 -DPROFILE_KERNEL=1 -DPROFILER_FULL_HOST_BUFFER_SIZE_PER_RISC=48000 -DPROCESSOR_INDEX=0 -DCOMPILE_FOR_BRISC -DPROGRAMMABLE_CORE_TYPE=0 -DARCH_BLACKHOLE -DDISPATCH_MESSAGE_ADDR=4290184248 -DKERNEL_BUILD -DNOC_INDEX=0 -DNOC_MODE=0 -DFULL_KERNEL_NAME="dm_in1_sender_out/3911878877784079206/" -DKERNEL_COMPILE_TIME_ARGS=96,100,208,210,624,627,8,6,16,2,4,2048,2048,2048,3,4,5,0,1,1,624,2,2048,2,2048 -c -o /home/ttuser/.cache/tt-metal-cache/477608128499675878/kernels/dm_in1_sender_out/3911878877784079206/brisc/brisck.9244252803826433989_386009.o /home/ttuser/dev/muse-glimmer/tt-metal/tt_metal/hw/firmware/src/tt-1xx/brisck.cc -MF /home/ttuser/.cache/tt-metal-cache/477608128499675878/kernels/dm_in1_sender_out/3911878877784079206/brisc/brisck.9244252803826433989_386009.d
In file included from /home/ttuser/dev/muse-glimmer/tt-metal/tt_metal/hw/inc/api/dataflow/dataflow_api.h:27,
                 from /home/ttuser/dev/muse-glimmer/tt-metal/tt_metal/hw/inc/internal/firmware_common.h:24,
                 from /home/ttuser/dev/muse-glimmer/tt-metal/tt_metal/hw/firmware/src/tt-1xx/brisck.cc:17:
/home/ttuser/dev/muse-glimmer/tt-metal/tt_metal/tools/profiler/kernel_profiler.hpp: In function 'void kernel_profiler::finish_profiler(bool)':
/home/ttuser/dev/muse-glimmer/tt-metal/tt_metal/tools/profiler/kernel_profiler.hpp:31:22: note: '#pragma message: PROFILER-NOC-FLUSH,/home/ttuser/dev/muse-glimmer/tt-metal/tt_metal/tools/profiler/kernel_profiler.hpp,480,KERNEL_PROFILER'
   31 | #define DO_PRAGMA(x) _Pragma(#x)
      |                      ^~~~~~~
/home/ttuser/dev/muse-glimmer/tt-metal/tt_metal/tools/profiler/kernel_profiler.hpp:41:5: note: in expansion of macro 'DO_PRAGMA'
   41 |     DO_PRAGMA(message(PROFILER_MSG_NAME(name))); \
      |     ^~~~~~~~~
/home/ttuser/dev/muse-glimmer/tt-metal/tt_metal/tools/profiler/kernel_profiler.hpp:480:17: note: in expansion of macro 'SrcLocNameToHash'
  480 |                 SrcLocNameToHash("PROFILER-NOC-FLUSH");
      |                 ^~~~~~~~~~~~~~~~
/home/ttuser/dev/muse-glimmer/tt-metal/tt_metal/tools/profiler/kernel_profiler.hpp:31:22: note: '#pragma message: PROFILER-DRAM-PUSH,/home/ttuser/dev/muse-glimmer/tt-metal/tt_metal/tools/profiler/kernel_profiler.hpp,489,KERNEL_PROFILER'
   31 | #define DO_PRAGMA(x) _Pragma(#x)
      |                      ^~~~~~~
/home/ttuser/dev/muse-glimmer/tt-metal/tt_metal/tools/profiler/kernel_profiler.hpp:41:5: note: in expansion of macro 'DO_PRAGMA'
   41 |     DO_PRAGMA(message(PROFILER_MSG_NAME(name))); \
      |     ^~~~~~~~~
/home/ttuser/dev/muse-glimmer/tt-metal/tt_metal/tools/profiler/kernel_profiler.hpp:489:17: note: in expansion of macro 'SrcLocNameToHash'
  489 |                 SrcLocNameToHash("PROFILER-DRAM-PUSH");
      |                 ^~~~~~~~~~~~~~~~
/home/ttuser/dev/muse-glimmer/tt-metal/tt_metal/tools/profiler/kernel_profiler.hpp: In function 'void kernel_profiler::quick_push()':
/home/ttuser/dev/muse-glimmer/tt-metal/tt_metal/tools/profiler/kernel_profiler.hpp:31:22: note: '#pragma message: PROFILER-NOC-QUICK-PUSH,/home/ttuser/dev/muse-glimmer/tt-metal/tt_metal/tools/profiler/kernel_profiler.hpp,632,KERNEL_PROFILER'
   31 | #define DO_PRAGMA(x) _Pragma(#x)
      |                      ^~~~~~~
/home/ttuser/dev/muse-glimmer/tt-metal/tt_metal/tools/profiler/kernel_profiler.hpp:41:5: note: in expansion of macro 'DO_PRAGMA'
   41 |     DO_PRAGMA(message(PROFILER_MSG_NAME(name))); \
      |     ^~~~~~~~~
/home/ttuser/dev/muse-glimmer/tt-metal/tt_metal/tools/profiler/kernel_profiler.hpp:632:5: note: in expansion of macro 'SrcLocNameToHash'
  632 |     SrcLocNameToHash("PROFILER-NOC-QUICK-PUSH");
      |     ^~~~~~~~~~~~~~~~
/home/ttuser/dev/muse-glimmer/tt-metal/tt_metal/hw/firmware/src/tt-1xx/brisck.cc: In function 'uint32_t _start()':
/home/ttuser/dev/muse-glimmer/tt-metal/tt_metal/tools/profiler/kernel_profiler.hpp:31:22: note: '#pragma message: BRISC-KERNEL,/home/ttuser/dev/muse-glimmer/tt-metal/tt_metal/hw/firmware/src/tt-1xx/brisck.cc,77,KERNEL_PROFILER'
   31 | #define DO_PRAGMA(x) _Pragma(#x)
      |                      ^~~~~~~
/home/ttuser/dev/muse-glimmer/tt-metal/tt_metal/tools/profiler/kernel_profiler.hpp:1045:5: note: in expansion of macro 'DO_PRAGMA'
 1045 |     DO_PRAGMA(message(PROFILER_MSG_NAME(name)));                               \
      |     ^~~~~~~~~
/home/ttuser/dev/muse-glimmer/tt-metal/tt_metal/hw/firmware/src/tt-1xx/brisck.cc:77:9: note: in expansion of macro 'DeviceZoneScopedMainChildN'
   77 |         DeviceZoneScopedMainChildN("BRISC-KERNEL");
      |         ^~~~~~~~~~~~~~~~~~~~~~~~~~
GROUP 8 rows=3072 mlp_gate M8_K6_N16
GROUP 8 rows=3072 mlp_gate default
GROUP 1 rows=3072 mlp_gate probe_M8_K8_N8
GROUP 8 rows=3072 mlp_gate M8_K8_N8
GROUP 8 rows=3072 mlp_gate default
GROUP 8 rows=8192 attn_gate default
GROUP 1 rows=8192 attn_gate probe_M8_K14_N8
Building trisc0, compile step:
/home/ttuser/dev/muse-glimmer/tt-metal/runtime/sfpi/compiler/bin/riscv-tt-elf-g++ -O3 -std=c++17 -ftt-nttp -ftt-constinit -ftt-consteval -ftt-no-dyninit -flto=auto -ffast-math -fno-finite-math-only -fsigned-zeros -fno-associative-math -fno-exceptions -fno-rtti -fno-use-cxa-atexit -g -MMD -Wall -Werror -Wno-error=deprecated-declarations -Wno-error=multistatement-macros -Wno-error=parentheses -Wno-error=unused-but-set-variable -Wno-unused-variable -Wno-unused-function -mcpu=tt-bh-tensix -I. -I.. -I/home/ttuser/dev/muse-glimmer/tt-metal/ -I/home/ttuser/dev/muse-glimmer/tt-metal/ttnn -I/home/ttuser/dev/muse-glimmer/tt-metal/ttnn/cpp -I/home/ttuser/dev/muse-glimmer/tt-metal/tt_metal -I/home/ttuser/dev/muse-glimmer/tt-metal/tt_metal/hw/inc -I/home/ttuser/dev/muse-glimmer/tt-metal/tt_metal/tt-llk/common -I/home/ttuser/dev/muse-glimmer/tt-metal/tt_metal/hostdevcommon/api -I/home/ttuser/dev/muse-glimmer/tt-metal/tt_metal/api/ -I/home/ttuser/dev/muse-glimmer/tt-metal/runtime/sfpi/include -I/home/ttuser/dev/muse-glimmer/tt-metal/tt_metal/hw/ckernels/blackhole/metal/common -I/home/ttuser/dev/muse-glimmer/tt-metal/tt_metal/hw/ckernels/blackhole/metal/llk_io -I/home/ttuser/dev/muse-glimmer/tt-metal/tt_metal/hw/inc/internal/tt-1xx -I/home/ttuser/dev/muse-glimmer/tt-metal/tt_metal/hw/inc/internal/tt-1xx/blackhole -I/home/ttuser/dev/muse-glimmer/tt-metal/tt_metal/hw/inc/internal/tt-1xx/blackhole/blackhole_defines -I/home/ttuser/dev/muse-glimmer/tt-metal/tt_metal/hw/inc/internal/tt-1xx/blackhole/noc -I/home/ttuser/dev/muse-glimmer/tt-metal/tt_metal/tt-llk/tt_llk_blackhole/common/inc -I/home/ttuser/dev/muse-glimmer/tt-metal/tt_metal/tt-llk/tt_llk_blackhole/llk_lib -I/home/ttuser/dev/muse-glimmer/tt-metal/tt_metal/hw/ckernels/blackhole/metal/llk_api -I/home/ttuser/dev/muse-glimmer/tt-metal/tt_metal/hw/ckernels/blackhole/metal/llk_api/llk_sfpu -I/home/ttuser/dev/muse-glimmer/tt-metal/tt_metal/hw/firmware/src/tt-1xx -I/home/ttuser/dev/muse-glimmer/tt-metal/ttnn/cpp/ttnn/operations/experimental/minimal_matmul/device/kernels -DIS_NOT_POW2_NUM_L1_BANKS=1 -DLOG_BASE_2_OF_NUM_DRAM_BANKS=3 -DNUM_DRAM_BANKS=8 -DNUM_L1_BANKS=110 -DPCIE_NOC_X=19 -DPCIE_NOC_Y=24 -DTENSIX_FIRMWARE -DLOCAL_MEM_EN=0 -DPROFILE_KERNEL=1 -DPROFILER_FULL_HOST_BUFFER_SIZE_PER_RISC=48000 -DPROCESSOR_INDEX=2 -DUCK_CHLKC_UNPACK -DCOMPILE_FOR_TRISC=0 -DPROGRAMMABLE_CORE_TYPE=0 -DARCH_BLACKHOLE -DDISPATCH_MESSAGE_ADDR=4290184248 -DKERNEL_BUILD -DFULL_KERNEL_NAME="compute/17006007560436536243/" -DKERNEL_COMPILE_TIME_ARGS=15,8,14,8,3,2,4,2 -c -o /home/ttuser/.cache/tt-metal-cache/477608128499675878/kernels/compute/17006007560436536243/trisc0/trisck.9244252803826433989_386009.o /home/ttuser/dev/muse-glimmer/tt-metal/tt_metal/hw/firmware/src/tt-1xx/trisck.cc -MF /home/ttuser/.cache/tt-metal-cache/477608128499675878/kernels/compute/17006007560436536243/trisc0/trisck.9244252803826433989_386009.d
In file included from /home/ttuser/dev/muse-glimmer/tt-metal/tt_metal/hw/ckernels/blackhole/metal/llk_io/llk_io_unpack.h:13,
                 from /home/ttuser/dev/muse-glimmer/tt-metal/tt_metal/hw/inc/api/compute/compute_kernel_api.h:97,
                 from /home/ttuser/dev/muse-glimmer/tt-metal/ttnn/cpp/ttnn/operations/experimental/minimal_matmul/device/kernels/compute.cpp:5,
                 from ../chlkc_unpack.cpp:3,
                 from /home/ttuser/dev/muse-glimmer/tt-metal/tt_metal/hw/ckernels/blackhole/metal/common/chlkc_list.h:26,
                 from /home/ttuser/dev/muse-glimmer/tt-metal/tt_metal/hw/firmware/src/tt-1xx/trisck.cc:13:
/home/ttuser/dev/muse-glimmer/tt-metal/tt_metal/hw/ckernels/blackhole/metal/llk_io/llk_io_unpack.h: In function 'void llk_wait_tiles(int, int32_t)':
/home/ttuser/dev/muse-glimmer/tt-metal/tt_metal/tools/profiler/kernel_profiler.hpp:31:22: note: '#pragma message: CB-COMPUTE-WAIT-FRONT,/home/ttuser/dev/muse-glimmer/tt-metal/tt_metal/hw/ckernels/blackhole/metal/llk_io/llk_io_unpack.h,19,KERNEL_PROFILER'
   31 | #define DO_PRAGMA(x) _Pragma(#x)
      |                      ^~~~~~~
/home/ttuser/dev/muse-glimmer/tt-metal/tt_metal/tools/profiler/kernel_profiler.hpp:1050:5: note: in expansion of macro 'DO_PRAGMA'
 1050 |     DO_PRAGMA(message(PROFILER_MSG_NAME(name)));                               \
      |     ^~~~~~~~~
/home/ttuser/dev/muse-glimmer/tt-metal/tt_metal/hw/ckernels/blackhole/metal/llk_io/llk_io_unpack.h:19:5: note: in expansion of macro 'DeviceZoneScopedSumN1'
   19 |     DeviceZoneScopedSumN1("CB-COMPUTE-WAIT-FRONT");
      |     ^~~~~~~~~~~~~~~~~~~~~
/home/ttuser/dev/muse-glimmer/tt-metal/tt_metal/hw/firmware/src/tt-1xx/trisck.cc: In function 'uint32_t _start()':
/home/ttuser/dev/muse-glimmer/tt-metal/tt_metal/tools/profiler/kernel_profiler.hpp:31:22: note: '#pragma message: TRISC-KERNEL,/home/ttuser/dev/muse-glimmer/tt-metal/tt_metal/hw/firmware/src/tt-1xx/trisck.cc,86,KERNEL_PROFILER'
   31 | #define DO_PRAGMA(x) _Pragma(#x)
      |                      ^~~~~~~
/home/ttuser/dev/muse-glimmer/tt-metal/tt_metal/tools/profiler/kernel_profiler.hpp:1045:5: note: in expansion of macro 'DO_PRAGMA'
 1045 |     DO_PRAGMA(message(PROFILER_MSG_NAME(name)));                               \
      |     ^~~~~~~~~
/home/ttuser/dev/muse-glimmer/tt-metal/tt_metal/hw/firmware/src/tt-1xx/trisck.cc:86:5: note: in expansion of macro 'DeviceZoneScopedMainChildN'
   86 |     DeviceZoneScopedMainChildN("TRISC-KERNEL");
      |     ^~~~~~~~~~~~~~~~~~~~~~~~~~
Building trisc2, compile step:
/home/ttuser/dev/muse-glimmer/tt-metal/runtime/sfpi/compiler/bin/riscv-tt-elf-g++ -O3 -std=c++17 -ftt-nttp -ftt-constinit -ftt-consteval -ftt-no-dyninit -flto=auto -ffast-math -fno-finite-math-only -fsigned-zeros -fno-associative-math -fno-exceptions -fno-rtti -fno-use-cxa-atexit -g -MMD -Wall -Werror -Wno-error=deprecated-declarations -Wno-error=multistatement-macros -Wno-error=parentheses -Wno-error=unused-but-set-variable -Wno-unused-variable -Wno-unused-function -mcpu=tt-bh-tensix -I. -I.. -I/home/ttuser/dev/muse-glimmer/tt-metal/ -I/home/ttuser/dev/muse-glimmer/tt-metal/ttnn -I/home/ttuser/dev/muse-glimmer/tt-metal/ttnn/cpp -I/home/ttuser/dev/muse-glimmer/tt-metal/tt_metal -I/home/ttuser/dev/muse-glimmer/tt-metal/tt_metal/hw/inc -I/home/ttuser/dev/muse-glimmer/tt-metal/tt_metal/tt-llk/common -I/home/ttuser/dev/muse-glimmer/tt-metal/tt_metal/hostdevcommon/api -I/home/ttuser/dev/muse-glimmer/tt-metal/tt_metal/api/ -I/home/ttuser/dev/muse-glimmer/tt-metal/runtime/sfpi/include -I/home/ttuser/dev/muse-glimmer/tt-metal/tt_metal/hw/ckernels/blackhole/metal/common -I/home/ttuser/dev/muse-glimmer/tt-metal/tt_metal/hw/ckernels/blackhole/metal/llk_io -I/home/ttuser/dev/muse-glimmer/tt-metal/tt_metal/hw/inc/internal/tt-1xx -I/home/ttuser/dev/muse-glimmer/tt-metal/tt_metal/hw/inc/internal/tt-1xx/blackhole -I/home/ttuser/dev/muse-glimmer/tt-metal/tt_metal/hw/inc/internal/tt-1xx/blackhole/blackhole_defines -I/home/ttuser/dev/muse-glimmer/tt-metal/tt_metal/hw/inc/internal/tt-1xx/blackhole/noc -I/home/ttuser/dev/muse-glimmer/tt-metal/tt_metal/tt-llk/tt_llk_blackhole/common/inc -I/home/ttuser/dev/muse-glimmer/tt-metal/tt_metal/tt-llk/tt_llk_blackhole/llk_lib -I/home/ttuser/dev/muse-glimmer/tt-metal/tt_metal/hw/ckernels/blackhole/metal/llk_api -I/home/ttuser/dev/muse-glimmer/tt-metal/tt_metal/hw/ckernels/blackhole/metal/llk_api/llk_sfpu -I/home/ttuser/dev/muse-glimmer/tt-metal/tt_metal/hw/firmware/src/tt-1xx -I/home/ttuser/dev/muse-glimmer/tt-metal/ttnn/cpp/ttnn/operations/experimental/minimal_matmul/device/kernels -DIS_NOT_POW2_NUM_L1_BANKS=1 -DLOG_BASE_2_OF_NUM_DRAM_BANKS=3 -DNUM_DRAM_BANKS=8 -DNUM_L1_BANKS=110 -DPCIE_NOC_X=19 -DPCIE_NOC_Y=24 -DTENSIX_FIRMWARE -DLOCAL_MEM_EN=0 -DPROFILE_KERNEL=1 -DPROFILER_FULL_HOST_BUFFER_SIZE_PER_RISC=48000 -DPROCESSOR_INDEX=4 -DUCK_CHLKC_PACK -DCOMPILE_FOR_TRISC=2 -DPROGRAMMABLE_CORE_TYPE=0 -DARCH_BLACKHOLE -DDISPATCH_MESSAGE_ADDR=4290184248 -DKERNEL_BUILD -DFULL_KERNEL_NAME="compute/17006007560436536243/" -DKERNEL_COMPILE_TIME_ARGS=15,8,14,8,3,2,4,2 -c -o /home/ttuser/.cache/tt-metal-cache/477608128499675878/kernels/compute/17006007560436536243/trisc2/trisck.9244252803826433989_386009.o /home/ttuser/dev/muse-glimmer/tt-metal/tt_metal/hw/firmware/src/tt-1xx/trisck.cc -MF /home/ttuser/.cache/tt-metal-cache/477608128499675878/kernels/compute/17006007560436536243/trisc2/trisck.9244252803826433989_386009.d
In file included from /home/ttuser/dev/muse-glimmer/tt-metal/tt_metal/hw/ckernels/blackhole/metal/llk_io/llk_io_pack.h:14,
                 from /home/ttuser/dev/muse-glimmer/tt-metal/tt_metal/hw/inc/api/compute/compute_kernel_api.h:72,
                 from /home/ttuser/dev/muse-glimmer/tt-metal/ttnn/cpp/ttnn/operations/experimental/minimal_matmul/device/kernels/compute.cpp:5,
                 from ../chlkc_pack.cpp:3,
                 from /home/ttuser/dev/muse-glimmer/tt-metal/tt_metal/hw/ckernels/blackhole/metal/common/chlkc_list.h:21,
                 from /home/ttuser/dev/muse-glimmer/tt-metal/tt_metal/hw/firmware/src/tt-1xx/trisck.cc:13:
/home/ttuser/dev/muse-glimmer/tt-metal/tt_metal/hw/ckernels/blackhole/metal/llk_io/llk_io_pack.h: In function 'void llk_wait_for_free_tiles(int32_t, int32_t)':
/home/ttuser/dev/muse-glimmer/tt-metal/tt_metal/tools/profiler/kernel_profiler.hpp:31:22: note: '#pragma message: CB-COMPUTE-RESERVE-BACK,/home/ttuser/dev/muse-glimmer/tt-metal/tt_metal/hw/ckernels/blackhole/metal/llk_io/llk_io_pack.h,21,KERNEL_PROFILER'
   31 | #define DO_PRAGMA(x) _Pragma(#x)
      |                      ^~~~~~~
/home/ttuser/dev/muse-glimmer/tt-metal/tt_metal/tools/profiler/kernel_profiler.hpp:1055:5: note: in expansion of macro 'DO_PRAGMA'
 1055 |     DO_PRAGMA(message(PROFILER_MSG_NAME(name)));                               \
      |     ^~~~~~~~~
/home/ttuser/dev/muse-glimmer/tt-metal/tt_metal/hw/ckernels/blackhole/metal/llk_io/llk_io_pack.h:21:5: note: in expansion of macro 'DeviceZoneScopedSumN2'
   21 |     DeviceZoneScopedSumN2("CB-COMPUTE-RESERVE-BACK");
      |     ^~~~~~~~~~~~~~~~~~~~~
/home/ttuser/dev/muse-glimmer/tt-metal/tt_metal/hw/firmware/src/tt-1xx/trisck.cc: In function 'uint32_t _start()':
/home/ttuser/dev/muse-glimmer/tt-metal/tt_metal/tools/profiler/kernel_profiler.hpp:31:22: note: '#pragma message: TRISC-KERNEL,/home/ttuser/dev/muse-glimmer/tt-metal/tt_metal/hw/firmware/src/tt-1xx/trisck.cc,86,KERNEL_PROFILER'
   31 | #define DO_PRAGMA(x) _Pragma(#x)
      |                      ^~~~~~~
/home/ttuser/dev/muse-glimmer/tt-metal/tt_metal/tools/profiler/kernel_profiler.hpp:1045:5: note: in expansion of macro 'DO_PRAGMA'
 1045 |     DO_PRAGMA(message(PROFILER_MSG_NAME(name)));                               \
      |     ^~~~~~~~~
/home/ttuser/dev/muse-glimmer/tt-metal/tt_metal/hw/firmware/src/tt-1xx/trisck.cc:86:5: note: in expansion of macro 'DeviceZoneScopedMainChildN'
   86 |     DeviceZoneScopedMainChildN("TRISC-KERNEL");
      |     ^~~~~~~~~~~~~~~~~~~~~~~~~~
Building brisc, compile step:
/home/ttuser/dev/muse-glimmer/tt-metal/runtime/sfpi/compiler/bin/riscv-tt-elf-g++ -O2 -std=c++17 -ftt-nttp -ftt-constinit -ftt-consteval -ftt-no-dyninit -flto=auto -ffast-math -fno-finite-math-only -fsigned-zeros -fno-associative-math -fno-exceptions -fno-rtti -fno-use-cxa-atexit -g -MMD -Wall -Werror -Wno-error=deprecated-declarations -Wno-error=multistatement-macros -Wno-error=parentheses -Wno-error=unused-but-set-variable -Wno-unused-variable -Wno-unused-function -mcpu=tt-bh -fno-tree-loop-distribute-patterns -I. -I.. -I/home/ttuser/dev/muse-glimmer/tt-metal/ -I/home/ttuser/dev/muse-glimmer/tt-metal/ttnn -I/home/ttuser/dev/muse-glimmer/tt-metal/ttnn/cpp -I/home/ttuser/dev/muse-glimmer/tt-metal/tt_metal -I/home/ttuser/dev/muse-glimmer/tt-metal/tt_metal/hw/inc -I/home/ttuser/dev/muse-glimmer/tt-metal/tt_metal/tt-llk/common -I/home/ttuser/dev/muse-glimmer/tt-metal/tt_metal/hostdevcommon/api -I/home/ttuser/dev/muse-glimmer/tt-metal/tt_metal/api/ -I/home/ttuser/dev/muse-glimmer/tt-metal/tt_metal/hw/ckernels/blackhole/metal/common -I/home/ttuser/dev/muse-glimmer/tt-metal/tt_metal/hw/ckernels/blackhole/metal/llk_io -I/home/ttuser/dev/muse-glimmer/tt-metal/tt_metal/hw/inc/internal/tt-1xx -I/home/ttuser/dev/muse-glimmer/tt-metal/tt_metal/hw/inc/internal/tt-1xx/blackhole -I/home/ttuser/dev/muse-glimmer/tt-metal/tt_metal/hw/inc/internal/tt-1xx/blackhole/blackhole_defines -I/home/ttuser/dev/muse-glimmer/tt-metal/tt_metal/hw/inc/internal/tt-1xx/blackhole/noc -I/home/ttuser/dev/muse-glimmer/tt-metal/tt_metal/tt-llk/tt_llk_blackhole/common/inc -I/home/ttuser/dev/muse-glimmer/tt-metal/tt_metal/tt-llk/tt_llk_blackhole/llk_lib -I/home/ttuser/dev/muse-glimmer/tt-metal/tt_metal/hw/firmware/src/tt-1xx -I/home/ttuser/dev/muse-glimmer/tt-metal/ttnn/cpp/ttnn/operations/experimental/minimal_matmul/device/kernels -DIS_NOT_POW2_NUM_L1_BANKS=1 -DLOG_BASE_2_OF_NUM_DRAM_BANKS=3 -DNUM_DRAM_BANKS=8 -DNUM_L1_BANKS=110 -DPCIE_NOC_X=19 -DPCIE_NOC_Y=24 -DTENSIX_FIRMWARE -DLOCAL_MEM_EN=0 -DPROFILE_KERNEL=1 -DPROFILER_FULL_HOST_BUFFER_SIZE_PER_RISC=48000 -DPROCESSOR_INDEX=0 -DCOMPILE_FOR_BRISC -DPROGRAMMABLE_CORE_TYPE=0 -DARCH_BLACKHOLE -DDISPATCH_MESSAGE_ADDR=4290184248 -DKERNEL_BUILD -DNOC_INDEX=0 -DNOC_MODE=0 -DFULL_KERNEL_NAME="dm_in0_sender/14339951001247425991/" -DKERNEL_COMPILE_TIME_ARGS=256,264,208,210,128,130,8,14,8,3,2,2048,2048,2048,0,1,2,0,0,1,128,2048,2,2048,2,2048 -c -o /home/ttuser/.cache/tt-metal-cache/477608128499675878/kernels/dm_in0_sender/14339951001247425991/brisc/brisck.9244252803826433989_386009.o /home/ttuser/dev/muse-glimmer/tt-metal/tt_metal/hw/firmware/src/tt-1xx/brisck.cc -MF /home/ttuser/.cache/tt-metal-cache/477608128499675878/kernels/dm_in0_sender/14339951001247425991/brisc/brisck.9244252803826433989_386009.d
In file included from /home/ttuser/dev/muse-glimmer/tt-metal/tt_metal/hw/inc/api/dataflow/dataflow_api.h:27,
                 from /home/ttuser/dev/muse-glimmer/tt-metal/tt_metal/hw/inc/internal/firmware_common.h:24,
                 from /home/ttuser/dev/muse-glimmer/tt-metal/tt_metal/hw/firmware/src/tt-1xx/brisck.cc:17:
/home/ttuser/dev/muse-glimmer/tt-metal/tt_metal/tools/profiler/kernel_profiler.hpp: In function 'void kernel_profiler::finish_profiler(bool)':
/home/ttuser/dev/muse-glimmer/tt-metal/tt_metal/tools/profiler/kernel_profiler.hpp:31:22: note: '#pragma message: PROFILER-NOC-FLUSH,/home/ttuser/dev/muse-glimmer/tt-metal/tt_metal/tools/profiler/kernel_profiler.hpp,480,KERNEL_PROFILER'
   31 | #define DO_PRAGMA(x) _Pragma(#x)
      |                      ^~~~~~~
/home/ttuser/dev/muse-glimmer/tt-metal/tt_metal/tools/profiler/kernel_profiler.hpp:41:5: note: in expansion of macro 'DO_PRAGMA'
   41 |     DO_PRAGMA(message(PROFILER_MSG_NAME(name))); \
      |     ^~~~~~~~~
/home/ttuser/dev/muse-glimmer/tt-metal/tt_metal/tools/profiler/kernel_profiler.hpp:480:17: note: in expansion of macro 'SrcLocNameToHash'
  480 |                 SrcLocNameToHash("PROFILER-NOC-FLUSH");
      |                 ^~~~~~~~~~~~~~~~
/home/ttuser/dev/muse-glimmer/tt-metal/tt_metal/tools/profiler/kernel_profiler.hpp:31:22: note: '#pragma message: PROFILER-DRAM-PUSH,/home/ttuser/dev/muse-glimmer/tt-metal/tt_metal/tools/profiler/kernel_profiler.hpp,489,KERNEL_PROFILER'
   31 | #define DO_PRAGMA(x) _Pragma(#x)
      |                      ^~~~~~~
/home/ttuser/dev/muse-glimmer/tt-metal/tt_metal/tools/profiler/kernel_profiler.hpp:41:5: note: in expansion of macro 'DO_PRAGMA'
   41 |     DO_PRAGMA(message(PROFILER_MSG_NAME(name))); \
      |     ^~~~~~~~~
/home/ttuser/dev/muse-glimmer/tt-metal/tt_metal/tools/profiler/kernel_profiler.hpp:489:17: note: in expansion of macro 'SrcLocNameToHash'
  489 |                 SrcLocNameToHash("PROFILER-DRAM-PUSH");
      |                 ^~~~~~~~~~~~~~~~
/home/ttuser/dev/muse-glimmer/tt-metal/tt_metal/tools/profiler/kernel_profiler.hpp: In function 'void kernel_profiler::quick_push()':
/home/ttuser/dev/muse-glimmer/tt-metal/tt_metal/tools/profiler/kernel_profiler.hpp:31:22: note: '#pragma message: PROFILER-NOC-QUICK-PUSH,/home/ttuser/dev/muse-glimmer/tt-metal/tt_metal/tools/profiler/kernel_profiler.hpp,632,KERNEL_PROFILER'
   31 | #define DO_PRAGMA(x) _Pragma(#x)
      |                      ^~~~~~~
/home/ttuser/dev/muse-glimmer/tt-metal/tt_metal/tools/profiler/kernel_profiler.hpp:41:5: note: in expansion of macro 'DO_PRAGMA'
   41 |     DO_PRAGMA(message(PROFILER_MSG_NAME(name))); \
      |     ^~~~~~~~~
/home/ttuser/dev/muse-glimmer/tt-metal/tt_metal/tools/profiler/kernel_profiler.hpp:632:5: note: in expansion of macro 'SrcLocNameToHash'
  632 |     SrcLocNameToHash("PROFILER-NOC-QUICK-PUSH");
      |     ^~~~~~~~~~~~~~~~
/home/ttuser/dev/muse-glimmer/tt-metal/tt_metal/hw/firmware/src/tt-1xx/brisck.cc: In function 'uint32_t _start()':
/home/ttuser/dev/muse-glimmer/tt-metal/tt_metal/tools/profiler/kernel_profiler.hpp:31:22: note: '#pragma message: BRISC-KERNEL,/home/ttuser/dev/muse-glimmer/tt-metal/tt_metal/hw/firmware/src/tt-1xx/brisck.cc,77,KERNEL_PROFILER'
   31 | #define DO_PRAGMA(x) _Pragma(#x)
      |                      ^~~~~~~
/home/ttuser/dev/muse-glimmer/tt-metal/tt_metal/tools/profiler/kernel_profiler.hpp:1045:5: note: in expansion of macro 'DO_PRAGMA'
 1045 |     DO_PRAGMA(message(PROFILER_MSG_NAME(name)));                               \
      |     ^~~~~~~~~
/home/ttuser/dev/muse-glimmer/tt-metal/tt_metal/hw/firmware/src/tt-1xx/brisck.cc:77:9: note: in expansion of macro 'DeviceZoneScopedMainChildN'
   77 |         DeviceZoneScopedMainChildN("BRISC-KERNEL");
      |         ^~~~~~~~~~~~~~~~~~~~~~~~~~
Building ncrisc, compile step:
/home/ttuser/dev/muse-glimmer/tt-metal/runtime/sfpi/compiler/bin/riscv-tt-elf-g++ -O2 -std=c++17 -ftt-nttp -ftt-constinit -ftt-consteval -ftt-no-dyninit -flto=auto -ffast-math -fno-finite-math-only -fsigned-zeros -fno-associative-math -fno-exceptions -fno-rtti -fno-use-cxa-atexit -g -MMD -Wall -Werror -Wno-error=deprecated-declarations -Wno-error=multistatement-macros -Wno-error=parentheses -Wno-error=unused-but-set-variable -Wno-unused-variable -Wno-unused-function -mcpu=tt-bh -fno-tree-loop-distribute-patterns -I. -I.. -I/home/ttuser/dev/muse-glimmer/tt-metal/ -I/home/ttuser/dev/muse-glimmer/tt-metal/ttnn -I/home/ttuser/dev/muse-glimmer/tt-metal/ttnn/cpp -I/home/ttuser/dev/muse-glimmer/tt-metal/tt_metal -I/home/ttuser/dev/muse-glimmer/tt-metal/tt_metal/hw/inc -I/home/ttuser/dev/muse-glimmer/tt-metal/tt_metal/tt-llk/common -I/home/ttuser/dev/muse-glimmer/tt-metal/tt_metal/hostdevcommon/api -I/home/ttuser/dev/muse-glimmer/tt-metal/tt_metal/api/ -I/home/ttuser/dev/muse-glimmer/tt-metal/tt_metal/hw/ckernels/blackhole/metal/common -I/home/ttuser/dev/muse-glimmer/tt-metal/tt_metal/hw/ckernels/blackhole/metal/llk_io -I/home/ttuser/dev/muse-glimmer/tt-metal/tt_metal/hw/inc/internal/tt-1xx -I/home/ttuser/dev/muse-glimmer/tt-metal/tt_metal/hw/inc/internal/tt-1xx/blackhole -I/home/ttuser/dev/muse-glimmer/tt-metal/tt_metal/hw/inc/internal/tt-1xx/blackhole/blackhole_defines -I/home/ttuser/dev/muse-glimmer/tt-metal/tt_metal/hw/inc/internal/tt-1xx/blackhole/noc -I/home/ttuser/dev/muse-glimmer/tt-metal/tt_metal/tt-llk/tt_llk_blackhole/common/inc -I/home/ttuser/dev/muse-glimmer/tt-metal/tt_metal/tt-llk/tt_llk_blackhole/llk_lib -I/home/ttuser/dev/muse-glimmer/tt-metal/tt_metal/hw/firmware/src/tt-1xx -I/home/ttuser/dev/muse-glimmer/tt-metal/ttnn/cpp/ttnn/operations/experimental/minimal_matmul/device/kernels -DIS_NOT_POW2_NUM_L1_BANKS=1 -DLOG_BASE_2_OF_NUM_DRAM_BANKS=3 -DNUM_DRAM_BANKS=8 -DNUM_L1_BANKS=110 -DPCIE_NOC_X=19 -DPCIE_NOC_Y=24 -DTENSIX_FIRMWARE -DLOCAL_MEM_EN=0 -DPROFILE_KERNEL=1 -DPROFILER_FULL_HOST_BUFFER_SIZE_PER_RISC=48000 -DPROCESSOR_INDEX=1 -DCOMPILE_FOR_NCRISC -DPROGRAMMABLE_CORE_TYPE=0 -DARCH_BLACKHOLE -DDISPATCH_MESSAGE_ADDR=4290184248 -DKERNEL_BUILD -DNOC_INDEX=1 -DNOC_MODE=0 -DFULL_KERNEL_NAME="dm_in1_sender_out/12462775924328411870/" -DKERNEL_COMPILE_TIME_ARGS=256,264,208,210,128,130,8,14,8,3,2,2048,2048,2048,3,4,5,1,0,1,128,2,2048,2,2048 -c -o /home/ttuser/.cache/tt-metal-cache/477608128499675878/kernels/dm_in1_sender_out/12462775924328411870/ncrisc/ncrisck.9244252803826433989_386009.o /home/ttuser/dev/muse-glimmer/tt-metal/tt_metal/hw/firmware/src/tt-1xx/ncrisck.cc -MF /home/ttuser/.cache/tt-metal-cache/477608128499675878/kernels/dm_in1_sender_out/12462775924328411870/ncrisc/ncrisck.9244252803826433989_386009.d
In file included from /home/ttuser/dev/muse-glimmer/tt-metal/tt_metal/hw/inc/api/dataflow/dataflow_api.h:27,
                 from /home/ttuser/dev/muse-glimmer/tt-metal/tt_metal/hw/inc/internal/firmware_common.h:24,
                 from /home/ttuser/dev/muse-glimmer/tt-metal/tt_metal/hw/firmware/src/tt-1xx/ncrisck.cc:17:
/home/ttuser/dev/muse-glimmer/tt-metal/tt_metal/tools/profiler/kernel_profiler.hpp: In function 'void kernel_profiler::quick_push()':
/home/ttuser/dev/muse-glimmer/tt-metal/tt_metal/tools/profiler/kernel_profiler.hpp:31:22: note: '#pragma message: PROFILER-NOC-QUICK-PUSH,/home/ttuser/dev/muse-glimmer/tt-metal/tt_metal/tools/profiler/kernel_profiler.hpp,632,KERNEL_PROFILER'
   31 | #define DO_PRAGMA(x) _Pragma(#x)
      |                      ^~~~~~~
/home/ttuser/dev/muse-glimmer/tt-metal/tt_metal/tools/profiler/kernel_profiler.hpp:41:5: note: in expansion of macro 'DO_PRAGMA'
   41 |     DO_PRAGMA(message(PROFILER_MSG_NAME(name))); \
      |     ^~~~~~~~~
/home/ttuser/dev/muse-glimmer/tt-metal/tt_metal/tools/profiler/kernel_profiler.hpp:632:5: note: in expansion of macro 'SrcLocNameToHash'
  632 |     SrcLocNameToHash("PROFILER-NOC-QUICK-PUSH");
      |     ^~~~~~~~~~~~~~~~
/home/ttuser/dev/muse-glimmer/tt-metal/tt_metal/hw/firmware/src/tt-1xx/ncrisck.cc: In function 'uint32_t _start()':
/home/ttuser/dev/muse-glimmer/tt-metal/tt_metal/tools/profiler/kernel_profiler.hpp:31:22: note: '#pragma message: NCRISC-KERNEL,/home/ttuser/dev/muse-glimmer/tt-metal/tt_metal/hw/firmware/src/tt-1xx/ncrisck.cc,69,KERNEL_PROFILER'
   31 | #define DO_PRAGMA(x) _Pragma(#x)
      |                      ^~~~~~~
/home/ttuser/dev/muse-glimmer/tt-metal/tt_metal/tools/profiler/kernel_profiler.hpp:1045:5: note: in expansion of macro 'DO_PRAGMA'
 1045 |     DO_PRAGMA(message(PROFILER_MSG_NAME(name)));                               \
      |     ^~~~~~~~~
/home/ttuser/dev/muse-glimmer/tt-metal/tt_metal/hw/firmware/src/tt-1xx/ncrisck.cc:69:5: note: in expansion of macro 'DeviceZoneScopedMainChildN'
   69 |     DeviceZoneScopedMainChildN("NCRISC-KERNEL");
      |     ^~~~~~~~~~~~~~~~~~~~~~~~~~
Building ncrisc, compile step:
/home/ttuser/dev/muse-glimmer/tt-metal/runtime/sfpi/compiler/bin/riscv-tt-elf-g++ -O2 -std=c++17 -ftt-nttp -ftt-constinit -ftt-consteval -ftt-no-dyninit -flto=auto -ffast-math -fno-finite-math-only -fsigned-zeros -fno-associative-math -fno-exceptions -fno-rtti -fno-use-cxa-atexit -g -MMD -Wall -Werror -Wno-error=deprecated-declarations -Wno-error=multistatement-macros -Wno-error=parentheses -Wno-error=unused-but-set-variable -Wno-unused-variable -Wno-unused-function -mcpu=tt-bh -fno-tree-loop-distribute-patterns -I. -I.. -I/home/ttuser/dev/muse-glimmer/tt-metal/ -I/home/ttuser/dev/muse-glimmer/tt-metal/ttnn -I/home/ttuser/dev/muse-glimmer/tt-metal/ttnn/cpp -I/home/ttuser/dev/muse-glimmer/tt-metal/tt_metal -I/home/ttuser/dev/muse-glimmer/tt-metal/tt_metal/hw/inc -I/home/ttuser/dev/muse-glimmer/tt-metal/tt_metal/tt-llk/common -I/home/ttuser/dev/muse-glimmer/tt-metal/tt_metal/hostdevcommon/api -I/home/ttuser/dev/muse-glimmer/tt-metal/tt_metal/api/ -I/home/ttuser/dev/muse-glimmer/tt-metal/tt_metal/hw/ckernels/blackhole/metal/common -I/home/ttuser/dev/muse-glimmer/tt-metal/tt_metal/hw/ckernels/blackhole/metal/llk_io -I/home/ttuser/dev/muse-glimmer/tt-metal/tt_metal/hw/inc/internal/tt-1xx -I/home/ttuser/dev/muse-glimmer/tt-metal/tt_metal/hw/inc/internal/tt-1xx/blackhole -I/home/ttuser/dev/muse-glimmer/tt-metal/tt_metal/hw/inc/internal/tt-1xx/blackhole/blackhole_defines -I/home/ttuser/dev/muse-glimmer/tt-metal/tt_metal/hw/inc/internal/tt-1xx/blackhole/noc -I/home/ttuser/dev/muse-glimmer/tt-metal/tt_metal/tt-llk/tt_llk_blackhole/common/inc -I/home/ttuser/dev/muse-glimmer/tt-metal/tt_metal/tt-llk/tt_llk_blackhole/llk_lib -I/home/ttuser/dev/muse-glimmer/tt-metal/tt_metal/hw/firmware/src/tt-1xx -I/home/ttuser/dev/muse-glimmer/tt-metal/ttnn/cpp/ttnn/operations/experimental/minimal_matmul/device/kernels -DIS_NOT_POW2_NUM_L1_BANKS=1 -DLOG_BASE_2_OF_NUM_DRAM_BANKS=3 -DNUM_DRAM_BANKS=8 -DNUM_L1_BANKS=110 -DPCIE_NOC_X=19 -DPCIE_NOC_Y=24 -DTENSIX_FIRMWARE -DLOCAL_MEM_EN=0 -DPROFILE_KERNEL=1 -DPROFILER_FULL_HOST_BUFFER_SIZE_PER_RISC=48000 -DPROCESSOR_INDEX=1 -DCOMPILE_FOR_NCRISC -DPROGRAMMABLE_CORE_TYPE=0 -DARCH_BLACKHOLE -DDISPATCH_MESSAGE_ADDR=4290184248 -DKERNEL_BUILD -DNOC_INDEX=1 -DNOC_MODE=0 -DFULL_KERNEL_NAME="dm_in1_sender_out/4861193081244182177/" -DKERNEL_COMPILE_TIME_ARGS=256,264,208,210,128,130,8,14,8,3,2,2048,2048,2048,3,4,5,1,1,1,128,2,2048,2,2048 -c -o /home/ttuser/.cache/tt-metal-cache/477608128499675878/kernels/dm_in1_sender_out/4861193081244182177/ncrisc/ncrisck.9244252803826433989_386009.o /home/ttuser/dev/muse-glimmer/tt-metal/tt_metal/hw/firmware/src/tt-1xx/ncrisck.cc -MF /home/ttuser/.cache/tt-metal-cache/477608128499675878/kernels/dm_in1_sender_out/4861193081244182177/ncrisc/ncrisck.9244252803826433989_386009.d
In file included from /home/ttuser/dev/muse-glimmer/tt-metal/tt_metal/hw/inc/api/dataflow/dataflow_api.h:27,
                 from /home/ttuser/dev/muse-glimmer/tt-metal/tt_metal/hw/inc/internal/firmware_common.h:24,
                 from /home/ttuser/dev/muse-glimmer/tt-metal/tt_metal/hw/firmware/src/tt-1xx/ncrisck.cc:17:
/home/ttuser/dev/muse-glimmer/tt-metal/tt_metal/tools/profiler/kernel_profiler.hpp: In function 'void kernel_profiler::quick_push()':
/home/ttuser/dev/muse-glimmer/tt-metal/tt_metal/tools/profiler/kernel_profiler.hpp:31:22: note: '#pragma message: PROFILER-NOC-QUICK-PUSH,/home/ttuser/dev/muse-glimmer/tt-metal/tt_metal/tools/profiler/kernel_profiler.hpp,632,KERNEL_PROFILER'
   31 | #define DO_PRAGMA(x) _Pragma(#x)
      |                      ^~~~~~~
/home/ttuser/dev/muse-glimmer/tt-metal/tt_metal/tools/profiler/kernel_profiler.hpp:41:5: note: in expansion of macro 'DO_PRAGMA'
   41 |     DO_PRAGMA(message(PROFILER_MSG_NAME(name))); \
      |     ^~~~~~~~~
/home/ttuser/dev/muse-glimmer/tt-metal/tt_metal/tools/profiler/kernel_profiler.hpp:632:5: note: in expansion of macro 'SrcLocNameToHash'
  632 |     SrcLocNameToHash("PROFILER-NOC-QUICK-PUSH");
      |     ^~~~~~~~~~~~~~~~
/home/ttuser/dev/muse-glimmer/tt-metal/tt_metal/hw/firmware/src/tt-1xx/ncrisck.cc: In function 'uint32_t _start()':
/home/ttuser/dev/muse-glimmer/tt-metal/tt_metal/tools/profiler/kernel_profiler.hpp:31:22: note: '#pragma message: NCRISC-KERNEL,/home/ttuser/dev/muse-glimmer/tt-metal/tt_metal/hw/firmware/src/tt-1xx/ncrisck.cc,69,KERNEL_PROFILER'
   31 | #define DO_PRAGMA(x) _Pragma(#x)
      |                      ^~~~~~~
/home/ttuser/dev/muse-glimmer/tt-metal/tt_metal/tools/profiler/kernel_profiler.hpp:1045:5: note: in expansion of macro 'DO_PRAGMA'
 1045 |     DO_PRAGMA(message(PROFILER_MSG_NAME(name)));                               \
      |     ^~~~~~~~~
/home/ttuser/dev/muse-glimmer/tt-metal/tt_metal/hw/firmware/src/tt-1xx/ncrisck.cc:69:5: note: in expansion of macro 'DeviceZoneScopedMainChildN'
   69 |     DeviceZoneScopedMainChildN("NCRISC-KERNEL");
      |     ^~~~~~~~~~~~~~~~~~~~~~~~~~
Building brisc, compile step:
/home/ttuser/dev/muse-glimmer/tt-metal/runtime/sfpi/compiler/bin/riscv-tt-elf-g++ -O2 -std=c++17 -ftt-nttp -ftt-constinit -ftt-consteval -ftt-no-dyninit -flto=auto -ffast-math -fno-finite-math-only -fsigned-zeros -fno-associative-math -fno-exceptions -fno-rtti -fno-use-cxa-atexit -g -MMD -Wall -Werror -Wno-error=deprecated-declarations -Wno-error=multistatement-macros -Wno-error=parentheses -Wno-error=unused-but-set-variable -Wno-unused-variable -Wno-unused-function -mcpu=tt-bh -fno-tree-loop-distribute-patterns -I. -I.. -I/home/ttuser/dev/muse-glimmer/tt-metal/ -I/home/ttuser/dev/muse-glimmer/tt-metal/ttnn -I/home/ttuser/dev/muse-glimmer/tt-metal/ttnn/cpp -I/home/ttuser/dev/muse-glimmer/tt-metal/tt_metal -I/home/ttuser/dev/muse-glimmer/tt-metal/tt_metal/hw/inc -I/home/ttuser/dev/muse-glimmer/tt-metal/tt_metal/tt-llk/common -I/home/ttuser/dev/muse-glimmer/tt-metal/tt_metal/hostdevcommon/api -I/home/ttuser/dev/muse-glimmer/tt-metal/tt_metal/api/ -I/home/ttuser/dev/muse-glimmer/tt-metal/tt_metal/hw/ckernels/blackhole/metal/common -I/home/ttuser/dev/muse-glimmer/tt-metal/tt_metal/hw/ckernels/blackhole/metal/llk_io -I/home/ttuser/dev/muse-glimmer/tt-metal/tt_metal/hw/inc/internal/tt-1xx -I/home/ttuser/dev/muse-glimmer/tt-metal/tt_metal/hw/inc/internal/tt-1xx/blackhole -I/home/ttuser/dev/muse-glimmer/tt-metal/tt_metal/hw/inc/internal/tt-1xx/blackhole/blackhole_defines -I/home/ttuser/dev/muse-glimmer/tt-metal/tt_metal/hw/inc/internal/tt-1xx/blackhole/noc -I/home/ttuser/dev/muse-glimmer/tt-metal/tt_metal/tt-llk/tt_llk_blackhole/common/inc -I/home/ttuser/dev/muse-glimmer/tt-metal/tt_metal/tt-llk/tt_llk_blackhole/llk_lib -I/home/ttuser/dev/muse-glimmer/tt-metal/tt_metal/hw/firmware/src/tt-1xx -I/home/ttuser/dev/muse-glimmer/tt-metal/ttnn/cpp/ttnn/operations/experimental/minimal_matmul/device/kernels -DIS_NOT_POW2_NUM_L1_BANKS=1 -DLOG_BASE_2_OF_NUM_DRAM_BANKS=3 -DNUM_DRAM_BANKS=8 -DNUM_L1_BANKS=110 -DPCIE_NOC_X=19 -DPCIE_NOC_Y=24 -DTENSIX_FIRMWARE -DLOCAL_MEM_EN=0 -DPROFILE_KERNEL=1 -DPROFILER_FULL_HOST_BUFFER_SIZE_PER_RISC=48000 -DPROCESSOR_INDEX=0 -DCOMPILE_FOR_BRISC -DPROGRAMMABLE_CORE_TYPE=0 -DARCH_BLACKHOLE -DDISPATCH_MESSAGE_ADDR=4290184248 -DKERNEL_BUILD -DNOC_INDEX=0 -DNOC_MODE=0 -DFULL_KERNEL_NAME="dm_in0_sender/5963548162240225877/" -DKERNEL_COMPILE_TIME_ARGS=256,264,208,210,128,130,8,14,8,3,2,2048,2048,2048,0,1,2,0,1,1,128,2048,2,2048,2,2048 -c -o /home/ttuser/.cache/tt-metal-cache/477608128499675878/kernels/dm_in0_sender/5963548162240225877/brisc/brisck.9244252803826433989_386009.o /home/ttuser/dev/muse-glimmer/tt-metal/tt_metal/hw/firmware/src/tt-1xx/brisck.cc -MF /home/ttuser/.cache/tt-metal-cache/477608128499675878/kernels/dm_in0_sender/5963548162240225877/brisc/brisck.9244252803826433989_386009.d
In file included from /home/ttuser/dev/muse-glimmer/tt-metal/tt_metal/hw/inc/api/dataflow/dataflow_api.h:27,
                 from /home/ttuser/dev/muse-glimmer/tt-metal/tt_metal/hw/inc/internal/firmware_common.h:24,
                 from /home/ttuser/dev/muse-glimmer/tt-metal/tt_metal/hw/firmware/src/tt-1xx/brisck.cc:17:
/home/ttuser/dev/muse-glimmer/tt-metal/tt_metal/tools/profiler/kernel_profiler.hpp: In function 'void kernel_profiler::finish_profiler(bool)':
/home/ttuser/dev/muse-glimmer/tt-metal/tt_metal/tools/profiler/kernel_profiler.hpp:31:22: note: '#pragma message: PROFILER-NOC-FLUSH,/home/ttuser/dev/muse-glimmer/tt-metal/tt_metal/tools/profiler/kernel_profiler.hpp,480,KERNEL_PROFILER'
   31 | #define DO_PRAGMA(x) _Pragma(#x)
      |                      ^~~~~~~
/home/ttuser/dev/muse-glimmer/tt-metal/tt_metal/tools/profiler/kernel_profiler.hpp:41:5: note: in expansion of macro 'DO_PRAGMA'
   41 |     DO_PRAGMA(message(PROFILER_MSG_NAME(name))); \
      |     ^~~~~~~~~
/home/ttuser/dev/muse-glimmer/tt-metal/tt_metal/tools/profiler/kernel_profiler.hpp:480:17: note: in expansion of macro 'SrcLocNameToHash'
  480 |                 SrcLocNameToHash("PROFILER-NOC-FLUSH");
      |                 ^~~~~~~~~~~~~~~~
/home/ttuser/dev/muse-glimmer/tt-metal/tt_metal/tools/profiler/kernel_profiler.hpp:31:22: note: '#pragma message: PROFILER-DRAM-PUSH,/home/ttuser/dev/muse-glimmer/tt-metal/tt_metal/tools/profiler/kernel_profiler.hpp,489,KERNEL_PROFILER'
   31 | #define DO_PRAGMA(x) _Pragma(#x)
      |                      ^~~~~~~
/home/ttuser/dev/muse-glimmer/tt-metal/tt_metal/tools/profiler/kernel_profiler.hpp:41:5: note: in expansion of macro 'DO_PRAGMA'
   41 |     DO_PRAGMA(message(PROFILER_MSG_NAME(name))); \
      |     ^~~~~~~~~
/home/ttuser/dev/muse-glimmer/tt-metal/tt_metal/tools/profiler/kernel_profiler.hpp:489:17: note: in expansion of macro 'SrcLocNameToHash'
  489 |                 SrcLocNameToHash("PROFILER-DRAM-PUSH");
      |                 ^~~~~~~~~~~~~~~~
/home/ttuser/dev/muse-glimmer/tt-metal/tt_metal/tools/profiler/kernel_profiler.hpp: In function 'void kernel_profiler::quick_push()':
/home/ttuser/dev/muse-glimmer/tt-metal/tt_metal/tools/profiler/kernel_profiler.hpp:31:22: note: '#pragma message: PROFILER-NOC-QUICK-PUSH,/home/ttuser/dev/muse-glimmer/tt-metal/tt_metal/tools/profiler/kernel_profiler.hpp,632,KERNEL_PROFILER'
   31 | #define DO_PRAGMA(x) _Pragma(#x)
      |                      ^~~~~~~
/home/ttuser/dev/muse-glimmer/tt-metal/tt_metal/tools/profiler/kernel_profiler.hpp:41:5: note: in expansion of macro 'DO_PRAGMA'
   41 |     DO_PRAGMA(message(PROFILER_MSG_NAME(name))); \
      |     ^~~~~~~~~
/home/ttuser/dev/muse-glimmer/tt-metal/tt_metal/tools/profiler/kernel_profiler.hpp:632:5: note: in expansion of macro 'SrcLocNameToHash'
  632 |     SrcLocNameToHash("PROFILER-NOC-QUICK-PUSH");
      |     ^~~~~~~~~~~~~~~~
/home/ttuser/dev/muse-glimmer/tt-metal/tt_metal/hw/firmware/src/tt-1xx/brisck.cc: In function 'uint32_t _start()':
/home/ttuser/dev/muse-glimmer/tt-metal/tt_metal/tools/profiler/kernel_profiler.hpp:31:22: note: '#pragma message: BRISC-KERNEL,/home/ttuser/dev/muse-glimmer/tt-metal/tt_metal/hw/firmware/src/tt-1xx/brisck.cc,77,KERNEL_PROFILER'
   31 | #define DO_PRAGMA(x) _Pragma(#x)
      |                      ^~~~~~~
/home/ttuser/dev/muse-glimmer/tt-metal/tt_metal/tools/profiler/kernel_profiler.hpp:1045:5: note: in expansion of macro 'DO_PRAGMA'
 1045 |     DO_PRAGMA(message(PROFILER_MSG_NAME(name)));                               \
      |     ^~~~~~~~~
/home/ttuser/dev/muse-glimmer/tt-metal/tt_metal/hw/firmware/src/tt-1xx/brisck.cc:77:9: note: in expansion of macro 'DeviceZoneScopedMainChildN'
   77 |         DeviceZoneScopedMainChildN("BRISC-KERNEL");
      |         ^~~~~~~~~~~~~~~~~~~~~~~~~~
Building trisc1, compile step:
/home/ttuser/dev/muse-glimmer/tt-metal/runtime/sfpi/compiler/bin/riscv-tt-elf-g++ -O3 -std=c++17 -ftt-nttp -ftt-constinit -ftt-consteval -ftt-no-dyninit -flto=auto -ffast-math -fno-finite-math-only -fsigned-zeros -fno-associative-math -fno-exceptions -fno-rtti -fno-use-cxa-atexit -g -MMD -Wall -Werror -Wno-error=deprecated-declarations -Wno-error=multistatement-macros -Wno-error=parentheses -Wno-error=unused-but-set-variable -Wno-unused-variable -Wno-unused-function -mcpu=tt-bh-tensix -I. -I.. -I/home/ttuser/dev/muse-glimmer/tt-metal/ -I/home/ttuser/dev/muse-glimmer/tt-metal/ttnn -I/home/ttuser/dev/muse-glimmer/tt-metal/ttnn/cpp -I/home/ttuser/dev/muse-glimmer/tt-metal/tt_metal -I/home/ttuser/dev/muse-glimmer/tt-metal/tt_metal/hw/inc -I/home/ttuser/dev/muse-glimmer/tt-metal/tt_metal/tt-llk/common -I/home/ttuser/dev/muse-glimmer/tt-metal/tt_metal/hostdevcommon/api -I/home/ttuser/dev/muse-glimmer/tt-metal/tt_metal/api/ -I/home/ttuser/dev/muse-glimmer/tt-metal/runtime/sfpi/include -I/home/ttuser/dev/muse-glimmer/tt-metal/tt_metal/hw/ckernels/blackhole/metal/common -I/home/ttuser/dev/muse-glimmer/tt-metal/tt_metal/hw/ckernels/blackhole/metal/llk_io -I/home/ttuser/dev/muse-glimmer/tt-metal/tt_metal/hw/inc/internal/tt-1xx -I/home/ttuser/dev/muse-glimmer/tt-metal/tt_metal/hw/inc/internal/tt-1xx/blackhole -I/home/ttuser/dev/muse-glimmer/tt-metal/tt_metal/hw/inc/internal/tt-1xx/blackhole/blackhole_defines -I/home/ttuser/dev/muse-glimmer/tt-metal/tt_metal/hw/inc/internal/tt-1xx/blackhole/noc -I/home/ttuser/dev/muse-glimmer/tt-metal/tt_metal/tt-llk/tt_llk_blackhole/common/inc -I/home/ttuser/dev/muse-glimmer/tt-metal/tt_metal/tt-llk/tt_llk_blackhole/llk_lib -I/home/ttuser/dev/muse-glimmer/tt-metal/tt_metal/hw/ckernels/blackhole/metal/llk_api -I/home/ttuser/dev/muse-glimmer/tt-metal/tt_metal/hw/ckernels/blackhole/metal/llk_api/llk_sfpu -I/home/ttuser/dev/muse-glimmer/tt-metal/tt_metal/hw/firmware/src/tt-1xx -I/home/ttuser/dev/muse-glimmer/tt-metal/ttnn/cpp/ttnn/operations/experimental/minimal_matmul/device/kernels -DIS_NOT_POW2_NUM_L1_BANKS=1 -DLOG_BASE_2_OF_NUM_DRAM_BANKS=3 -DNUM_DRAM_BANKS=8 -DNUM_L1_BANKS=110 -DPCIE_NOC_X=19 -DPCIE_NOC_Y=24 -DTENSIX_FIRMWARE -DLOCAL_MEM_EN=0 -DPROFILE_KERNEL=1 -DPROFILER_FULL_HOST_BUFFER_SIZE_PER_RISC=48000 -DPROCESSOR_INDEX=3 -DUCK_CHLKC_MATH -DCOMPILE_FOR_TRISC=1 -DPROGRAMMABLE_CORE_TYPE=0 -DARCH_BLACKHOLE -DDISPATCH_MESSAGE_ADDR=4290184248 -DKERNEL_BUILD -DFULL_KERNEL_NAME="compute/17006007560436536243/" -DKERNEL_COMPILE_TIME_ARGS=15,8,14,8,3,2,4,2 -c -o /home/ttuser/.cache/tt-metal-cache/477608128499675878/kernels/compute/17006007560436536243/trisc1/trisck.9244252803826433989_386009.o /home/ttuser/dev/muse-glimmer/tt-metal/tt_metal/hw/firmware/src/tt-1xx/trisck.cc -MF /home/ttuser/.cache/tt-metal-cache/477608128499675878/kernels/compute/17006007560436536243/trisc1/trisck.9244252803826433989_386009.d
In file included from /home/ttuser/dev/muse-glimmer/tt-metal/tt_metal/hw/firmware/src/tt-1xx/trisck.cc:15:
/home/ttuser/dev/muse-glimmer/tt-metal/tt_metal/hw/firmware/src/tt-1xx/trisck.cc: In function 'uint32_t _start()':
/home/ttuser/dev/muse-glimmer/tt-metal/tt_metal/tools/profiler/kernel_profiler.hpp:31:22: note: '#pragma message: TRISC-KERNEL,/home/ttuser/dev/muse-glimmer/tt-metal/tt_metal/hw/firmware/src/tt-1xx/trisck.cc,86,KERNEL_PROFILER'
   31 | #define DO_PRAGMA(x) _Pragma(#x)
      |                      ^~~~~~~
/home/ttuser/dev/muse-glimmer/tt-metal/tt_metal/tools/profiler/kernel_profiler.hpp:1045:5: note: in expansion of macro 'DO_PRAGMA'
 1045 |     DO_PRAGMA(message(PROFILER_MSG_NAME(name)));                               \
      |     ^~~~~~~~~
/home/ttuser/dev/muse-glimmer/tt-metal/tt_metal/hw/firmware/src/tt-1xx/trisck.cc:86:5: note: in expansion of macro 'DeviceZoneScopedMainChildN'
   86 |     DeviceZoneScopedMainChildN("TRISC-KERNEL");
      |     ^~~~~~~~~~~~~~~~~~~~~~~~~~
GROUP 8 rows=8192 attn_gate M8_K14_N8
GROUP 8 rows=8192 attn_gate default
GROUP 1 rows=8192 attn_gate probe_M8_K18_N8
Building trisc0, compile step:
/home/ttuser/dev/muse-glimmer/tt-metal/runtime/sfpi/compiler/bin/riscv-tt-elf-g++ -O3 -std=c++17 -ftt-nttp -ftt-constinit -ftt-consteval -ftt-no-dyninit -flto=auto -ffast-math -fno-finite-math-only -fsigned-zeros -fno-associative-math -fno-exceptions -fno-rtti -fno-use-cxa-atexit -g -MMD -Wall -Werror -Wno-error=deprecated-declarations -Wno-error=multistatement-macros -Wno-error=parentheses -Wno-error=unused-but-set-variable -Wno-unused-variable -Wno-unused-function -mcpu=tt-bh-tensix -I. -I.. -I/home/ttuser/dev/muse-glimmer/tt-metal/ -I/home/ttuser/dev/muse-glimmer/tt-metal/ttnn -I/home/ttuser/dev/muse-glimmer/tt-metal/ttnn/cpp -I/home/ttuser/dev/muse-glimmer/tt-metal/tt_metal -I/home/ttuser/dev/muse-glimmer/tt-metal/tt_metal/hw/inc -I/home/ttuser/dev/muse-glimmer/tt-metal/tt_metal/tt-llk/common -I/home/ttuser/dev/muse-glimmer/tt-metal/tt_metal/hostdevcommon/api -I/home/ttuser/dev/muse-glimmer/tt-metal/tt_metal/api/ -I/home/ttuser/dev/muse-glimmer/tt-metal/runtime/sfpi/include -I/home/ttuser/dev/muse-glimmer/tt-metal/tt_metal/hw/ckernels/blackhole/metal/common -I/home/ttuser/dev/muse-glimmer/tt-metal/tt_metal/hw/ckernels/blackhole/metal/llk_io -I/home/ttuser/dev/muse-glimmer/tt-metal/tt_metal/hw/inc/internal/tt-1xx -I/home/ttuser/dev/muse-glimmer/tt-metal/tt_metal/hw/inc/internal/tt-1xx/blackhole -I/home/ttuser/dev/muse-glimmer/tt-metal/tt_metal/hw/inc/internal/tt-1xx/blackhole/blackhole_defines -I/home/ttuser/dev/muse-glimmer/tt-metal/tt_metal/hw/inc/internal/tt-1xx/blackhole/noc -I/home/ttuser/dev/muse-glimmer/tt-metal/tt_metal/tt-llk/tt_llk_blackhole/common/inc -I/home/ttuser/dev/muse-glimmer/tt-metal/tt_metal/tt-llk/tt_llk_blackhole/llk_lib -I/home/ttuser/dev/muse-glimmer/tt-metal/tt_metal/hw/ckernels/blackhole/metal/llk_api -I/home/ttuser/dev/muse-glimmer/tt-metal/tt_metal/hw/ckernels/blackhole/metal/llk_api/llk_sfpu -I/home/ttuser/dev/muse-glimmer/tt-metal/tt_metal/hw/firmware/src/tt-1xx -I/home/ttuser/dev/muse-glimmer/tt-metal/ttnn/cpp/ttnn/operations/experimental/minimal_matmul/device/kernels -DIS_NOT_POW2_NUM_L1_BANKS=1 -DLOG_BASE_2_OF_NUM_DRAM_BANKS=3 -DNUM_DRAM_BANKS=8 -DNUM_L1_BANKS=110 -DPCIE_NOC_X=19 -DPCIE_NOC_Y=24 -DTENSIX_FIRMWARE -DLOCAL_MEM_EN=0 -DPROFILE_KERNEL=1 -DPROFILER_FULL_HOST_BUFFER_SIZE_PER_RISC=48000 -DPROCESSOR_INDEX=2 -DUCK_CHLKC_UNPACK -DCOMPILE_FOR_TRISC=0 -DPROGRAMMABLE_CORE_TYPE=0 -DARCH_BLACKHOLE -DDISPATCH_MESSAGE_ADDR=4290184248 -DKERNEL_BUILD -DFULL_KERNEL_NAME="compute/16231627407647112057/" -DKERNEL_COMPILE_TIME_ARGS=12,8,18,8,3,2,4,2 -c -o /home/ttuser/.cache/tt-metal-cache/477608128499675878/kernels/compute/16231627407647112057/trisc0/trisck.9244252803826433989_386009.o /home/ttuser/dev/muse-glimmer/tt-metal/tt_metal/hw/firmware/src/tt-1xx/trisck.cc -MF /home/ttuser/.cache/tt-metal-cache/477608128499675878/kernels/compute/16231627407647112057/trisc0/trisck.9244252803826433989_386009.d
In file included from /home/ttuser/dev/muse-glimmer/tt-metal/tt_metal/hw/ckernels/blackhole/metal/llk_io/llk_io_unpack.h:13,
                 from /home/ttuser/dev/muse-glimmer/tt-metal/tt_metal/hw/inc/api/compute/compute_kernel_api.h:97,
                 from /home/ttuser/dev/muse-glimmer/tt-metal/ttnn/cpp/ttnn/operations/experimental/minimal_matmul/device/kernels/compute.cpp:5,
                 from ../chlkc_unpack.cpp:3,
                 from /home/ttuser/dev/muse-glimmer/tt-metal/tt_metal/hw/ckernels/blackhole/metal/common/chlkc_list.h:26,
                 from /home/ttuser/dev/muse-glimmer/tt-metal/tt_metal/hw/firmware/src/tt-1xx/trisck.cc:13:
/home/ttuser/dev/muse-glimmer/tt-metal/tt_metal/hw/ckernels/blackhole/metal/llk_io/llk_io_unpack.h: In function 'void llk_wait_tiles(int, int32_t)':
/home/ttuser/dev/muse-glimmer/tt-metal/tt_metal/tools/profiler/kernel_profiler.hpp:31:22: note: '#pragma message: CB-COMPUTE-WAIT-FRONT,/home/ttuser/dev/muse-glimmer/tt-metal/tt_metal/hw/ckernels/blackhole/metal/llk_io/llk_io_unpack.h,19,KERNEL_PROFILER'
   31 | #define DO_PRAGMA(x) _Pragma(#x)
      |                      ^~~~~~~
/home/ttuser/dev/muse-glimmer/tt-metal/tt_metal/tools/profiler/kernel_profiler.hpp:1050:5: note: in expansion of macro 'DO_PRAGMA'
 1050 |     DO_PRAGMA(message(PROFILER_MSG_NAME(name)));                               \
      |     ^~~~~~~~~
/home/ttuser/dev/muse-glimmer/tt-metal/tt_metal/hw/ckernels/blackhole/metal/llk_io/llk_io_unpack.h:19:5: note: in expansion of macro 'DeviceZoneScopedSumN1'
   19 |     DeviceZoneScopedSumN1("CB-COMPUTE-WAIT-FRONT");
      |     ^~~~~~~~~~~~~~~~~~~~~
/home/ttuser/dev/muse-glimmer/tt-metal/tt_metal/hw/firmware/src/tt-1xx/trisck.cc: In function 'uint32_t _start()':
/home/ttuser/dev/muse-glimmer/tt-metal/tt_metal/tools/profiler/kernel_profiler.hpp:31:22: note: '#pragma message: TRISC-KERNEL,/home/ttuser/dev/muse-glimmer/tt-metal/tt_metal/hw/firmware/src/tt-1xx/trisck.cc,86,KERNEL_PROFILER'
   31 | #define DO_PRAGMA(x) _Pragma(#x)
      |                      ^~~~~~~
/home/ttuser/dev/muse-glimmer/tt-metal/tt_metal/tools/profiler/kernel_profiler.hpp:1045:5: note: in expansion of macro 'DO_PRAGMA'
 1045 |     DO_PRAGMA(message(PROFILER_MSG_NAME(name)));                               \
      |     ^~~~~~~~~
/home/ttuser/dev/muse-glimmer/tt-metal/tt_metal/hw/firmware/src/tt-1xx/trisck.cc:86:5: note: in expansion of macro 'DeviceZoneScopedMainChildN'
   86 |     DeviceZoneScopedMainChildN("TRISC-KERNEL");
      |     ^~~~~~~~~~~~~~~~~~~~~~~~~~
Building trisc2, compile step:
/home/ttuser/dev/muse-glimmer/tt-metal/runtime/sfpi/compiler/bin/riscv-tt-elf-g++ -O3 -std=c++17 -ftt-nttp -ftt-constinit -ftt-consteval -ftt-no-dyninit -flto=auto -ffast-math -fno-finite-math-only -fsigned-zeros -fno-associative-math -fno-exceptions -fno-rtti -fno-use-cxa-atexit -g -MMD -Wall -Werror -Wno-error=deprecated-declarations -Wno-error=multistatement-macros -Wno-error=parentheses -Wno-error=unused-but-set-variable -Wno-unused-variable -Wno-unused-function -mcpu=tt-bh-tensix -I. -I.. -I/home/ttuser/dev/muse-glimmer/tt-metal/ -I/home/ttuser/dev/muse-glimmer/tt-metal/ttnn -I/home/ttuser/dev/muse-glimmer/tt-metal/ttnn/cpp -I/home/ttuser/dev/muse-glimmer/tt-metal/tt_metal -I/home/ttuser/dev/muse-glimmer/tt-metal/tt_metal/hw/inc -I/home/ttuser/dev/muse-glimmer/tt-metal/tt_metal/tt-llk/common -I/home/ttuser/dev/muse-glimmer/tt-metal/tt_metal/hostdevcommon/api -I/home/ttuser/dev/muse-glimmer/tt-metal/tt_metal/api/ -I/home/ttuser/dev/muse-glimmer/tt-metal/runtime/sfpi/include -I/home/ttuser/dev/muse-glimmer/tt-metal/tt_metal/hw/ckernels/blackhole/metal/common -I/home/ttuser/dev/muse-glimmer/tt-metal/tt_metal/hw/ckernels/blackhole/metal/llk_io -I/home/ttuser/dev/muse-glimmer/tt-metal/tt_metal/hw/inc/internal/tt-1xx -I/home/ttuser/dev/muse-glimmer/tt-metal/tt_metal/hw/inc/internal/tt-1xx/blackhole -I/home/ttuser/dev/muse-glimmer/tt-metal/tt_metal/hw/inc/internal/tt-1xx/blackhole/blackhole_defines -I/home/ttuser/dev/muse-glimmer/tt-metal/tt_metal/hw/inc/internal/tt-1xx/blackhole/noc -I/home/ttuser/dev/muse-glimmer/tt-metal/tt_metal/tt-llk/tt_llk_blackhole/common/inc -I/home/ttuser/dev/muse-glimmer/tt-metal/tt_metal/tt-llk/tt_llk_blackhole/llk_lib -I/home/ttuser/dev/muse-glimmer/tt-metal/tt_metal/hw/ckernels/blackhole/metal/llk_api -I/home/ttuser/dev/muse-glimmer/tt-metal/tt_metal/hw/ckernels/blackhole/metal/llk_api/llk_sfpu -I/home/ttuser/dev/muse-glimmer/tt-metal/tt_metal/hw/firmware/src/tt-1xx -I/home/ttuser/dev/muse-glimmer/tt-metal/ttnn/cpp/ttnn/operations/experimental/minimal_matmul/device/kernels -DIS_NOT_POW2_NUM_L1_BANKS=1 -DLOG_BASE_2_OF_NUM_DRAM_BANKS=3 -DNUM_DRAM_BANKS=8 -DNUM_L1_BANKS=110 -DPCIE_NOC_X=19 -DPCIE_NOC_Y=24 -DTENSIX_FIRMWARE -DLOCAL_MEM_EN=0 -DPROFILE_KERNEL=1 -DPROFILER_FULL_HOST_BUFFER_SIZE_PER_RISC=48000 -DPROCESSOR_INDEX=4 -DUCK_CHLKC_PACK -DCOMPILE_FOR_TRISC=2 -DPROGRAMMABLE_CORE_TYPE=0 -DARCH_BLACKHOLE -DDISPATCH_MESSAGE_ADDR=4290184248 -DKERNEL_BUILD -DFULL_KERNEL_NAME="compute/16231627407647112057/" -DKERNEL_COMPILE_TIME_ARGS=12,8,18,8,3,2,4,2 -c -o /home/ttuser/.cache/tt-metal-cache/477608128499675878/kernels/compute/16231627407647112057/trisc2/trisck.9244252803826433989_386009.o /home/ttuser/dev/muse-glimmer/tt-metal/tt_metal/hw/firmware/src/tt-1xx/trisck.cc -MF /home/ttuser/.cache/tt-metal-cache/477608128499675878/kernels/compute/16231627407647112057/trisc2/trisck.9244252803826433989_386009.d
In file included from /home/ttuser/dev/muse-glimmer/tt-metal/tt_metal/hw/ckernels/blackhole/metal/llk_io/llk_io_pack.h:14,
                 from /home/ttuser/dev/muse-glimmer/tt-metal/tt_metal/hw/inc/api/compute/compute_kernel_api.h:72,
                 from /home/ttuser/dev/muse-glimmer/tt-metal/ttnn/cpp/ttnn/operations/experimental/minimal_matmul/device/kernels/compute.cpp:5,
                 from ../chlkc_pack.cpp:3,
                 from /home/ttuser/dev/muse-glimmer/tt-metal/tt_metal/hw/ckernels/blackhole/metal/common/chlkc_list.h:21,
                 from /home/ttuser/dev/muse-glimmer/tt-metal/tt_metal/hw/firmware/src/tt-1xx/trisck.cc:13:
/home/ttuser/dev/muse-glimmer/tt-metal/tt_metal/hw/ckernels/blackhole/metal/llk_io/llk_io_pack.h: In function 'void llk_wait_for_free_tiles(int32_t, int32_t)':
/home/ttuser/dev/muse-glimmer/tt-metal/tt_metal/tools/profiler/kernel_profiler.hpp:31:22: note: '#pragma message: CB-COMPUTE-RESERVE-BACK,/home/ttuser/dev/muse-glimmer/tt-metal/tt_metal/hw/ckernels/blackhole/metal/llk_io/llk_io_pack.h,21,KERNEL_PROFILER'
   31 | #define DO_PRAGMA(x) _Pragma(#x)
      |                      ^~~~~~~
/home/ttuser/dev/muse-glimmer/tt-metal/tt_metal/tools/profiler/kernel_profiler.hpp:1055:5: note: in expansion of macro 'DO_PRAGMA'
 1055 |     DO_PRAGMA(message(PROFILER_MSG_NAME(name)));                               \
      |     ^~~~~~~~~
/home/ttuser/dev/muse-glimmer/tt-metal/tt_metal/hw/ckernels/blackhole/metal/llk_io/llk_io_pack.h:21:5: note: in expansion of macro 'DeviceZoneScopedSumN2'
   21 |     DeviceZoneScopedSumN2("CB-COMPUTE-RESERVE-BACK");
      |     ^~~~~~~~~~~~~~~~~~~~~
/home/ttuser/dev/muse-glimmer/tt-metal/tt_metal/hw/firmware/src/tt-1xx/trisck.cc: In function 'uint32_t _start()':
/home/ttuser/dev/muse-glimmer/tt-metal/tt_metal/tools/profiler/kernel_profiler.hpp:31:22: note: '#pragma message: TRISC-KERNEL,/home/ttuser/dev/muse-glimmer/tt-metal/tt_metal/hw/firmware/src/tt-1xx/trisck.cc,86,KERNEL_PROFILER'
   31 | #define DO_PRAGMA(x) _Pragma(#x)
      |                      ^~~~~~~
/home/ttuser/dev/muse-glimmer/tt-metal/tt_metal/tools/profiler/kernel_profiler.hpp:1045:5: note: in expansion of macro 'DO_PRAGMA'
 1045 |     DO_PRAGMA(message(PROFILER_MSG_NAME(name)));                               \
      |     ^~~~~~~~~
/home/ttuser/dev/muse-glimmer/tt-metal/tt_metal/hw/firmware/src/tt-1xx/trisck.cc:86:5: note: in expansion of macro 'DeviceZoneScopedMainChildN'
   86 |     DeviceZoneScopedMainChildN("TRISC-KERNEL");
      |     ^~~~~~~~~~~~~~~~~~~~~~~~~~
Building brisc, compile step:
/home/ttuser/dev/muse-glimmer/tt-metal/runtime/sfpi/compiler/bin/riscv-tt-elf-g++ -O2 -std=c++17 -ftt-nttp -ftt-constinit -ftt-consteval -ftt-no-dyninit -flto=auto -ffast-math -fno-finite-math-only -fsigned-zeros -fno-associative-math -fno-exceptions -fno-rtti -fno-use-cxa-atexit -g -MMD -Wall -Werror -Wno-error=deprecated-declarations -Wno-error=multistatement-macros -Wno-error=parentheses -Wno-error=unused-but-set-variable -Wno-unused-variable -Wno-unused-function -mcpu=tt-bh -fno-tree-loop-distribute-patterns -I. -I.. -I/home/ttuser/dev/muse-glimmer/tt-metal/ -I/home/ttuser/dev/muse-glimmer/tt-metal/ttnn -I/home/ttuser/dev/muse-glimmer/tt-metal/ttnn/cpp -I/home/ttuser/dev/muse-glimmer/tt-metal/tt_metal -I/home/ttuser/dev/muse-glimmer/tt-metal/tt_metal/hw/inc -I/home/ttuser/dev/muse-glimmer/tt-metal/tt_metal/tt-llk/common -I/home/ttuser/dev/muse-glimmer/tt-metal/tt_metal/hostdevcommon/api -I/home/ttuser/dev/muse-glimmer/tt-metal/tt_metal/api/ -I/home/ttuser/dev/muse-glimmer/tt-metal/tt_metal/hw/ckernels/blackhole/metal/common -I/home/ttuser/dev/muse-glimmer/tt-metal/tt_metal/hw/ckernels/blackhole/metal/llk_io -I/home/ttuser/dev/muse-glimmer/tt-metal/tt_metal/hw/inc/internal/tt-1xx -I/home/ttuser/dev/muse-glimmer/tt-metal/tt_metal/hw/inc/internal/tt-1xx/blackhole -I/home/ttuser/dev/muse-glimmer/tt-metal/tt_metal/hw/inc/internal/tt-1xx/blackhole/blackhole_defines -I/home/ttuser/dev/muse-glimmer/tt-metal/tt_metal/hw/inc/internal/tt-1xx/blackhole/noc -I/home/ttuser/dev/muse-glimmer/tt-metal/tt_metal/tt-llk/tt_llk_blackhole/common/inc -I/home/ttuser/dev/muse-glimmer/tt-metal/tt_metal/tt-llk/tt_llk_blackhole/llk_lib -I/home/ttuser/dev/muse-glimmer/tt-metal/tt_metal/hw/firmware/src/tt-1xx -I/home/ttuser/dev/muse-glimmer/tt-metal/ttnn/cpp/ttnn/operations/experimental/minimal_matmul/device/kernels -DIS_NOT_POW2_NUM_L1_BANKS=1 -DLOG_BASE_2_OF_NUM_DRAM_BANKS=3 -DNUM_DRAM_BANKS=8 -DNUM_L1_BANKS=110 -DPCIE_NOC_X=19 -DPCIE_NOC_Y=24 -DTENSIX_FIRMWARE -DLOCAL_MEM_EN=0 -DPROFILE_KERNEL=1 -DPROFILER_FULL_HOST_BUFFER_SIZE_PER_RISC=48000 -DPROCESSOR_INDEX=0 -DCOMPILE_FOR_BRISC -DPROGRAMMABLE_CORE_TYPE=0 -DARCH_BLACKHOLE -DDISPATCH_MESSAGE_ADDR=4290184248 -DKERNEL_BUILD -DNOC_INDEX=0 -DNOC_MODE=0 -DFULL_KERNEL_NAME="dm_in0_sender/4135183068944090727/" -DKERNEL_COMPILE_TIME_ARGS=256,264,208,216,128,130,8,18,8,3,2,2048,2048,2048,0,1,2,0,0,1,128,2048,2,2048,2,2048 -c -o /home/ttuser/.cache/tt-metal-cache/477608128499675878/kernels/dm_in0_sender/4135183068944090727/brisc/brisck.9244252803826433989_386009.o /home/ttuser/dev/muse-glimmer/tt-metal/tt_metal/hw/firmware/src/tt-1xx/brisck.cc -MF /home/ttuser/.cache/tt-metal-cache/477608128499675878/kernels/dm_in0_sender/4135183068944090727/brisc/brisck.9244252803826433989_386009.d
In file included from /home/ttuser/dev/muse-glimmer/tt-metal/tt_metal/hw/inc/api/dataflow/dataflow_api.h:27,
                 from /home/ttuser/dev/muse-glimmer/tt-metal/tt_metal/hw/inc/internal/firmware_common.h:24,
                 from /home/ttuser/dev/muse-glimmer/tt-metal/tt_metal/hw/firmware/src/tt-1xx/brisck.cc:17:
/home/ttuser/dev/muse-glimmer/tt-metal/tt_metal/tools/profiler/kernel_profiler.hpp: In function 'void kernel_profiler::finish_profiler(bool)':
/home/ttuser/dev/muse-glimmer/tt-metal/tt_metal/tools/profiler/kernel_profiler.hpp:31:22: note: '#pragma message: PROFILER-NOC-FLUSH,/home/ttuser/dev/muse-glimmer/tt-metal/tt_metal/tools/profiler/kernel_profiler.hpp,480,KERNEL_PROFILER'
   31 | #define DO_PRAGMA(x) _Pragma(#x)
      |                      ^~~~~~~
/home/ttuser/dev/muse-glimmer/tt-metal/tt_metal/tools/profiler/kernel_profiler.hpp:41:5: note: in expansion of macro 'DO_PRAGMA'
   41 |     DO_PRAGMA(message(PROFILER_MSG_NAME(name))); \
      |     ^~~~~~~~~
/home/ttuser/dev/muse-glimmer/tt-metal/tt_metal/tools/profiler/kernel_profiler.hpp:480:17: note: in expansion of macro 'SrcLocNameToHash'
  480 |                 SrcLocNameToHash("PROFILER-NOC-FLUSH");
      |                 ^~~~~~~~~~~~~~~~
/home/ttuser/dev/muse-glimmer/tt-metal/tt_metal/tools/profiler/kernel_profiler.hpp:31:22: note: '#pragma message: PROFILER-DRAM-PUSH,/home/ttuser/dev/muse-glimmer/tt-metal/tt_metal/tools/profiler/kernel_profiler.hpp,489,KERNEL_PROFILER'
   31 | #define DO_PRAGMA(x) _Pragma(#x)
      |                      ^~~~~~~
/home/ttuser/dev/muse-glimmer/tt-metal/tt_metal/tools/profiler/kernel_profiler.hpp:41:5: note: in expansion of macro 'DO_PRAGMA'
   41 |     DO_PRAGMA(message(PROFILER_MSG_NAME(name))); \
      |     ^~~~~~~~~
/home/ttuser/dev/muse-glimmer/tt-metal/tt_metal/tools/profiler/kernel_profiler.hpp:489:17: note: in expansion of macro 'SrcLocNameToHash'
  489 |                 SrcLocNameToHash("PROFILER-DRAM-PUSH");
      |                 ^~~~~~~~~~~~~~~~
/home/ttuser/dev/muse-glimmer/tt-metal/tt_metal/tools/profiler/kernel_profiler.hpp: In function 'void kernel_profiler::quick_push()':
/home/ttuser/dev/muse-glimmer/tt-metal/tt_metal/tools/profiler/kernel_profiler.hpp:31:22: note: '#pragma message: PROFILER-NOC-QUICK-PUSH,/home/ttuser/dev/muse-glimmer/tt-metal/tt_metal/tools/profiler/kernel_profiler.hpp,632,KERNEL_PROFILER'
   31 | #define DO_PRAGMA(x) _Pragma(#x)
      |                      ^~~~~~~
/home/ttuser/dev/muse-glimmer/tt-metal/tt_metal/tools/profiler/kernel_profiler.hpp:41:5: note: in expansion of macro 'DO_PRAGMA'
   41 |     DO_PRAGMA(message(PROFILER_MSG_NAME(name))); \
      |     ^~~~~~~~~
/home/ttuser/dev/muse-glimmer/tt-metal/tt_metal/tools/profiler/kernel_profiler.hpp:632:5: note: in expansion of macro 'SrcLocNameToHash'
  632 |     SrcLocNameToHash("PROFILER-NOC-QUICK-PUSH");
      |     ^~~~~~~~~~~~~~~~
/home/ttuser/dev/muse-glimmer/tt-metal/tt_metal/hw/firmware/src/tt-1xx/brisck.cc: In function 'uint32_t _start()':
/home/ttuser/dev/muse-glimmer/tt-metal/tt_metal/tools/profiler/kernel_profiler.hpp:31:22: note: '#pragma message: BRISC-KERNEL,/home/ttuser/dev/muse-glimmer/tt-metal/tt_metal/hw/firmware/src/tt-1xx/brisck.cc,77,KERNEL_PROFILER'
   31 | #define DO_PRAGMA(x) _Pragma(#x)
      |                      ^~~~~~~
/home/ttuser/dev/muse-glimmer/tt-metal/tt_metal/tools/profiler/kernel_profiler.hpp:1045:5: note: in expansion of macro 'DO_PRAGMA'
 1045 |     DO_PRAGMA(message(PROFILER_MSG_NAME(name)));                               \
      |     ^~~~~~~~~
/home/ttuser/dev/muse-glimmer/tt-metal/tt_metal/hw/firmware/src/tt-1xx/brisck.cc:77:9: note: in expansion of macro 'DeviceZoneScopedMainChildN'
   77 |         DeviceZoneScopedMainChildN("BRISC-KERNEL");
      |         ^~~~~~~~~~~~~~~~~~~~~~~~~~
Building ncrisc, compile step:
/home/ttuser/dev/muse-glimmer/tt-metal/runtime/sfpi/compiler/bin/riscv-tt-elf-g++ -O2 -std=c++17 -ftt-nttp -ftt-constinit -ftt-consteval -ftt-no-dyninit -flto=auto -ffast-math -fno-finite-math-only -fsigned-zeros -fno-associative-math -fno-exceptions -fno-rtti -fno-use-cxa-atexit -g -MMD -Wall -Werror -Wno-error=deprecated-declarations -Wno-error=multistatement-macros -Wno-error=parentheses -Wno-error=unused-but-set-variable -Wno-unused-variable -Wno-unused-function -mcpu=tt-bh -fno-tree-loop-distribute-patterns -I. -I.. -I/home/ttuser/dev/muse-glimmer/tt-metal/ -I/home/ttuser/dev/muse-glimmer/tt-metal/ttnn -I/home/ttuser/dev/muse-glimmer/tt-metal/ttnn/cpp -I/home/ttuser/dev/muse-glimmer/tt-metal/tt_metal -I/home/ttuser/dev/muse-glimmer/tt-metal/tt_metal/hw/inc -I/home/ttuser/dev/muse-glimmer/tt-metal/tt_metal/tt-llk/common -I/home/ttuser/dev/muse-glimmer/tt-metal/tt_metal/hostdevcommon/api -I/home/ttuser/dev/muse-glimmer/tt-metal/tt_metal/api/ -I/home/ttuser/dev/muse-glimmer/tt-metal/tt_metal/hw/ckernels/blackhole/metal/common -I/home/ttuser/dev/muse-glimmer/tt-metal/tt_metal/hw/ckernels/blackhole/metal/llk_io -I/home/ttuser/dev/muse-glimmer/tt-metal/tt_metal/hw/inc/internal/tt-1xx -I/home/ttuser/dev/muse-glimmer/tt-metal/tt_metal/hw/inc/internal/tt-1xx/blackhole -I/home/ttuser/dev/muse-glimmer/tt-metal/tt_metal/hw/inc/internal/tt-1xx/blackhole/blackhole_defines -I/home/ttuser/dev/muse-glimmer/tt-metal/tt_metal/hw/inc/internal/tt-1xx/blackhole/noc -I/home/ttuser/dev/muse-glimmer/tt-metal/tt_metal/tt-llk/tt_llk_blackhole/common/inc -I/home/ttuser/dev/muse-glimmer/tt-metal/tt_metal/tt-llk/tt_llk_blackhole/llk_lib -I/home/ttuser/dev/muse-glimmer/tt-metal/tt_metal/hw/firmware/src/tt-1xx -I/home/ttuser/dev/muse-glimmer/tt-metal/ttnn/cpp/ttnn/operations/experimental/minimal_matmul/device/kernels -DIS_NOT_POW2_NUM_L1_BANKS=1 -DLOG_BASE_2_OF_NUM_DRAM_BANKS=3 -DNUM_DRAM_BANKS=8 -DNUM_L1_BANKS=110 -DPCIE_NOC_X=19 -DPCIE_NOC_Y=24 -DTENSIX_FIRMWARE -DLOCAL_MEM_EN=0 -DPROFILE_KERNEL=1 -DPROFILER_FULL_HOST_BUFFER_SIZE_PER_RISC=48000 -DPROCESSOR_INDEX=1 -DCOMPILE_FOR_NCRISC -DPROGRAMMABLE_CORE_TYPE=0 -DARCH_BLACKHOLE -DDISPATCH_MESSAGE_ADDR=4290184248 -DKERNEL_BUILD -DNOC_INDEX=1 -DNOC_MODE=0 -DFULL_KERNEL_NAME="dm_in1_sender_out/1982601801658705119/" -DKERNEL_COMPILE_TIME_ARGS=256,264,208,216,128,130,8,18,8,3,2,2048,2048,2048,3,4,5,1,0,1,128,2,2048,2,2048 -c -o /home/ttuser/.cache/tt-metal-cache/477608128499675878/kernels/dm_in1_sender_out/1982601801658705119/ncrisc/ncrisck.9244252803826433989_386009.o /home/ttuser/dev/muse-glimmer/tt-metal/tt_metal/hw/firmware/src/tt-1xx/ncrisck.cc -MF /home/ttuser/.cache/tt-metal-cache/477608128499675878/kernels/dm_in1_sender_out/1982601801658705119/ncrisc/ncrisck.9244252803826433989_386009.d
In file included from /home/ttuser/dev/muse-glimmer/tt-metal/tt_metal/hw/inc/api/dataflow/dataflow_api.h:27,
                 from /home/ttuser/dev/muse-glimmer/tt-metal/tt_metal/hw/inc/internal/firmware_common.h:24,
                 from /home/ttuser/dev/muse-glimmer/tt-metal/tt_metal/hw/firmware/src/tt-1xx/ncrisck.cc:17:
/home/ttuser/dev/muse-glimmer/tt-metal/tt_metal/tools/profiler/kernel_profiler.hpp: In function 'void kernel_profiler::quick_push()':
/home/ttuser/dev/muse-glimmer/tt-metal/tt_metal/tools/profiler/kernel_profiler.hpp:31:22: note: '#pragma message: PROFILER-NOC-QUICK-PUSH,/home/ttuser/dev/muse-glimmer/tt-metal/tt_metal/tools/profiler/kernel_profiler.hpp,632,KERNEL_PROFILER'
   31 | #define DO_PRAGMA(x) _Pragma(#x)
      |                      ^~~~~~~
/home/ttuser/dev/muse-glimmer/tt-metal/tt_metal/tools/profiler/kernel_profiler.hpp:41:5: note: in expansion of macro 'DO_PRAGMA'
   41 |     DO_PRAGMA(message(PROFILER_MSG_NAME(name))); \
      |     ^~~~~~~~~
/home/ttuser/dev/muse-glimmer/tt-metal/tt_metal/tools/profiler/kernel_profiler.hpp:632:5: note: in expansion of macro 'SrcLocNameToHash'
  632 |     SrcLocNameToHash("PROFILER-NOC-QUICK-PUSH");
      |     ^~~~~~~~~~~~~~~~
/home/ttuser/dev/muse-glimmer/tt-metal/tt_metal/hw/firmware/src/tt-1xx/ncrisck.cc: In function 'uint32_t _start()':
/home/ttuser/dev/muse-glimmer/tt-metal/tt_metal/tools/profiler/kernel_profiler.hpp:31:22: note: '#pragma message: NCRISC-KERNEL,/home/ttuser/dev/muse-glimmer/tt-metal/tt_metal/hw/firmware/src/tt-1xx/ncrisck.cc,69,KERNEL_PROFILER'
   31 | #define DO_PRAGMA(x) _Pragma(#x)
      |                      ^~~~~~~
/home/ttuser/dev/muse-glimmer/tt-metal/tt_metal/tools/profiler/kernel_profiler.hpp:1045:5: note: in expansion of macro 'DO_PRAGMA'
 1045 |     DO_PRAGMA(message(PROFILER_MSG_NAME(name)));                               \
      |     ^~~~~~~~~
/home/ttuser/dev/muse-glimmer/tt-metal/tt_metal/hw/firmware/src/tt-1xx/ncrisck.cc:69:5: note: in expansion of macro 'DeviceZoneScopedMainChildN'
   69 |     DeviceZoneScopedMainChildN("NCRISC-KERNEL");
      |     ^~~~~~~~~~~~~~~~~~~~~~~~~~
Building ncrisc, compile step:
/home/ttuser/dev/muse-glimmer/tt-metal/runtime/sfpi/compiler/bin/riscv-tt-elf-g++ -O2 -std=c++17 -ftt-nttp -ftt-constinit -ftt-consteval -ftt-no-dyninit -flto=auto -ffast-math -fno-finite-math-only -fsigned-zeros -fno-associative-math -fno-exceptions -fno-rtti -fno-use-cxa-atexit -g -MMD -Wall -Werror -Wno-error=deprecated-declarations -Wno-error=multistatement-macros -Wno-error=parentheses -Wno-error=unused-but-set-variable -Wno-unused-variable -Wno-unused-function -mcpu=tt-bh -fno-tree-loop-distribute-patterns -I. -I.. -I/home/ttuser/dev/muse-glimmer/tt-metal/ -I/home/ttuser/dev/muse-glimmer/tt-metal/ttnn -I/home/ttuser/dev/muse-glimmer/tt-metal/ttnn/cpp -I/home/ttuser/dev/muse-glimmer/tt-metal/tt_metal -I/home/ttuser/dev/muse-glimmer/tt-metal/tt_metal/hw/inc -I/home/ttuser/dev/muse-glimmer/tt-metal/tt_metal/tt-llk/common -I/home/ttuser/dev/muse-glimmer/tt-metal/tt_metal/hostdevcommon/api -I/home/ttuser/dev/muse-glimmer/tt-metal/tt_metal/api/ -I/home/ttuser/dev/muse-glimmer/tt-metal/tt_metal/hw/ckernels/blackhole/metal/common -I/home/ttuser/dev/muse-glimmer/tt-metal/tt_metal/hw/ckernels/blackhole/metal/llk_io -I/home/ttuser/dev/muse-glimmer/tt-metal/tt_metal/hw/inc/internal/tt-1xx -I/home/ttuser/dev/muse-glimmer/tt-metal/tt_metal/hw/inc/internal/tt-1xx/blackhole -I/home/ttuser/dev/muse-glimmer/tt-metal/tt_metal/hw/inc/internal/tt-1xx/blackhole/blackhole_defines -I/home/ttuser/dev/muse-glimmer/tt-metal/tt_metal/hw/inc/internal/tt-1xx/blackhole/noc -I/home/ttuser/dev/muse-glimmer/tt-metal/tt_metal/tt-llk/tt_llk_blackhole/common/inc -I/home/ttuser/dev/muse-glimmer/tt-metal/tt_metal/tt-llk/tt_llk_blackhole/llk_lib -I/home/ttuser/dev/muse-glimmer/tt-metal/tt_metal/hw/firmware/src/tt-1xx -I/home/ttuser/dev/muse-glimmer/tt-metal/ttnn/cpp/ttnn/operations/experimental/minimal_matmul/device/kernels -DIS_NOT_POW2_NUM_L1_BANKS=1 -DLOG_BASE_2_OF_NUM_DRAM_BANKS=3 -DNUM_DRAM_BANKS=8 -DNUM_L1_BANKS=110 -DPCIE_NOC_X=19 -DPCIE_NOC_Y=24 -DTENSIX_FIRMWARE -DLOCAL_MEM_EN=0 -DPROFILE_KERNEL=1 -DPROFILER_FULL_HOST_BUFFER_SIZE_PER_RISC=48000 -DPROCESSOR_INDEX=1 -DCOMPILE_FOR_NCRISC -DPROGRAMMABLE_CORE_TYPE=0 -DARCH_BLACKHOLE -DDISPATCH_MESSAGE_ADDR=4290184248 -DKERNEL_BUILD -DNOC_INDEX=1 -DNOC_MODE=0 -DFULL_KERNEL_NAME="dm_in1_sender_out/1279900817828210923/" -DKERNEL_COMPILE_TIME_ARGS=256,264,208,216,128,130,8,18,8,3,2,2048,2048,2048,3,4,5,1,1,1,128,2,2048,2,2048 -c -o /home/ttuser/.cache/tt-metal-cache/477608128499675878/kernels/dm_in1_sender_out/1279900817828210923/ncrisc/ncrisck.9244252803826433989_386009.o /home/ttuser/dev/muse-glimmer/tt-metal/tt_metal/hw/firmware/src/tt-1xx/ncrisck.cc -MF /home/ttuser/.cache/tt-metal-cache/477608128499675878/kernels/dm_in1_sender_out/1279900817828210923/ncrisc/ncrisck.9244252803826433989_386009.d
In file included from /home/ttuser/dev/muse-glimmer/tt-metal/tt_metal/hw/inc/api/dataflow/dataflow_api.h:27,
                 from /home/ttuser/dev/muse-glimmer/tt-metal/tt_metal/hw/inc/internal/firmware_common.h:24,
                 from /home/ttuser/dev/muse-glimmer/tt-metal/tt_metal/hw/firmware/src/tt-1xx/ncrisck.cc:17:
/home/ttuser/dev/muse-glimmer/tt-metal/tt_metal/tools/profiler/kernel_profiler.hpp: In function 'void kernel_profiler::quick_push()':
/home/ttuser/dev/muse-glimmer/tt-metal/tt_metal/tools/profiler/kernel_profiler.hpp:31:22: note: '#pragma message: PROFILER-NOC-QUICK-PUSH,/home/ttuser/dev/muse-glimmer/tt-metal/tt_metal/tools/profiler/kernel_profiler.hpp,632,KERNEL_PROFILER'
   31 | #define DO_PRAGMA(x) _Pragma(#x)
      |                      ^~~~~~~
/home/ttuser/dev/muse-glimmer/tt-metal/tt_metal/tools/profiler/kernel_profiler.hpp:41:5: note: in expansion of macro 'DO_PRAGMA'
   41 |     DO_PRAGMA(message(PROFILER_MSG_NAME(name))); \
      |     ^~~~~~~~~
/home/ttuser/dev/muse-glimmer/tt-metal/tt_metal/tools/profiler/kernel_profiler.hpp:632:5: note: in expansion of macro 'SrcLocNameToHash'
  632 |     SrcLocNameToHash("PROFILER-NOC-QUICK-PUSH");
      |     ^~~~~~~~~~~~~~~~
/home/ttuser/dev/muse-glimmer/tt-metal/tt_metal/hw/firmware/src/tt-1xx/ncrisck.cc: In function 'uint32_t _start()':
/home/ttuser/dev/muse-glimmer/tt-metal/tt_metal/tools/profiler/kernel_profiler.hpp:31:22: note: '#pragma message: NCRISC-KERNEL,/home/ttuser/dev/muse-glimmer/tt-metal/tt_metal/hw/firmware/src/tt-1xx/ncrisck.cc,69,KERNEL_PROFILER'
   31 | #define DO_PRAGMA(x) _Pragma(#x)
      |                      ^~~~~~~
/home/ttuser/dev/muse-glimmer/tt-metal/tt_metal/tools/profiler/kernel_profiler.hpp:1045:5: note: in expansion of macro 'DO_PRAGMA'
 1045 |     DO_PRAGMA(message(PROFILER_MSG_NAME(name)));                               \
      |     ^~~~~~~~~
/home/ttuser/dev/muse-glimmer/tt-metal/tt_metal/hw/firmware/src/tt-1xx/ncrisck.cc:69:5: note: in expansion of macro 'DeviceZoneScopedMainChildN'
   69 |     DeviceZoneScopedMainChildN("NCRISC-KERNEL");
      |     ^~~~~~~~~~~~~~~~~~~~~~~~~~
Building brisc, compile step:
/home/ttuser/dev/muse-glimmer/tt-metal/runtime/sfpi/compiler/bin/riscv-tt-elf-g++ -O2 -std=c++17 -ftt-nttp -ftt-constinit -ftt-consteval -ftt-no-dyninit -flto=auto -ffast-math -fno-finite-math-only -fsigned-zeros -fno-associative-math -fno-exceptions -fno-rtti -fno-use-cxa-atexit -g -MMD -Wall -Werror -Wno-error=deprecated-declarations -Wno-error=multistatement-macros -Wno-error=parentheses -Wno-error=unused-but-set-variable -Wno-unused-variable -Wno-unused-function -mcpu=tt-bh -fno-tree-loop-distribute-patterns -I. -I.. -I/home/ttuser/dev/muse-glimmer/tt-metal/ -I/home/ttuser/dev/muse-glimmer/tt-metal/ttnn -I/home/ttuser/dev/muse-glimmer/tt-metal/ttnn/cpp -I/home/ttuser/dev/muse-glimmer/tt-metal/tt_metal -I/home/ttuser/dev/muse-glimmer/tt-metal/tt_metal/hw/inc -I/home/ttuser/dev/muse-glimmer/tt-metal/tt_metal/tt-llk/common -I/home/ttuser/dev/muse-glimmer/tt-metal/tt_metal/hostdevcommon/api -I/home/ttuser/dev/muse-glimmer/tt-metal/tt_metal/api/ -I/home/ttuser/dev/muse-glimmer/tt-metal/tt_metal/hw/ckernels/blackhole/metal/common -I/home/ttuser/dev/muse-glimmer/tt-metal/tt_metal/hw/ckernels/blackhole/metal/llk_io -I/home/ttuser/dev/muse-glimmer/tt-metal/tt_metal/hw/inc/internal/tt-1xx -I/home/ttuser/dev/muse-glimmer/tt-metal/tt_metal/hw/inc/internal/tt-1xx/blackhole -I/home/ttuser/dev/muse-glimmer/tt-metal/tt_metal/hw/inc/internal/tt-1xx/blackhole/blackhole_defines -I/home/ttuser/dev/muse-glimmer/tt-metal/tt_metal/hw/inc/internal/tt-1xx/blackhole/noc -I/home/ttuser/dev/muse-glimmer/tt-metal/tt_metal/tt-llk/tt_llk_blackhole/common/inc -I/home/ttuser/dev/muse-glimmer/tt-metal/tt_metal/tt-llk/tt_llk_blackhole/llk_lib -I/home/ttuser/dev/muse-glimmer/tt-metal/tt_metal/hw/firmware/src/tt-1xx -I/home/ttuser/dev/muse-glimmer/tt-metal/ttnn/cpp/ttnn/operations/experimental/minimal_matmul/device/kernels -DIS_NOT_POW2_NUM_L1_BANKS=1 -DLOG_BASE_2_OF_NUM_DRAM_BANKS=3 -DNUM_DRAM_BANKS=8 -DNUM_L1_BANKS=110 -DPCIE_NOC_X=19 -DPCIE_NOC_Y=24 -DTENSIX_FIRMWARE -DLOCAL_MEM_EN=0 -DPROFILE_KERNEL=1 -DPROFILER_FULL_HOST_BUFFER_SIZE_PER_RISC=48000 -DPROCESSOR_INDEX=0 -DCOMPILE_FOR_BRISC -DPROGRAMMABLE_CORE_TYPE=0 -DARCH_BLACKHOLE -DDISPATCH_MESSAGE_ADDR=4290184248 -DKERNEL_BUILD -DNOC_INDEX=0 -DNOC_MODE=0 -DFULL_KERNEL_NAME="dm_in0_sender/5269641205535535160/" -DKERNEL_COMPILE_TIME_ARGS=256,264,208,216,128,130,8,18,8,3,2,2048,2048,2048,0,1,2,0,1,1,128,2048,2,2048,2,2048 -c -o /home/ttuser/.cache/tt-metal-cache/477608128499675878/kernels/dm_in0_sender/5269641205535535160/brisc/brisck.9244252803826433989_386009.o /home/ttuser/dev/muse-glimmer/tt-metal/tt_metal/hw/firmware/src/tt-1xx/brisck.cc -MF /home/ttuser/.cache/tt-metal-cache/477608128499675878/kernels/dm_in0_sender/5269641205535535160/brisc/brisck.9244252803826433989_386009.d
In file included from /home/ttuser/dev/muse-glimmer/tt-metal/tt_metal/hw/inc/api/dataflow/dataflow_api.h:27,
                 from /home/ttuser/dev/muse-glimmer/tt-metal/tt_metal/hw/inc/internal/firmware_common.h:24,
                 from /home/ttuser/dev/muse-glimmer/tt-metal/tt_metal/hw/firmware/src/tt-1xx/brisck.cc:17:
/home/ttuser/dev/muse-glimmer/tt-metal/tt_metal/tools/profiler/kernel_profiler.hpp: In function 'void kernel_profiler::finish_profiler(bool)':
/home/ttuser/dev/muse-glimmer/tt-metal/tt_metal/tools/profiler/kernel_profiler.hpp:31:22: note: '#pragma message: PROFILER-NOC-FLUSH,/home/ttuser/dev/muse-glimmer/tt-metal/tt_metal/tools/profiler/kernel_profiler.hpp,480,KERNEL_PROFILER'
   31 | #define DO_PRAGMA(x) _Pragma(#x)
      |                      ^~~~~~~
/home/ttuser/dev/muse-glimmer/tt-metal/tt_metal/tools/profiler/kernel_profiler.hpp:41:5: note: in expansion of macro 'DO_PRAGMA'
   41 |     DO_PRAGMA(message(PROFILER_MSG_NAME(name))); \
      |     ^~~~~~~~~
/home/ttuser/dev/muse-glimmer/tt-metal/tt_metal/tools/profiler/kernel_profiler.hpp:480:17: note: in expansion of macro 'SrcLocNameToHash'
  480 |                 SrcLocNameToHash("PROFILER-NOC-FLUSH");
      |                 ^~~~~~~~~~~~~~~~
/home/ttuser/dev/muse-glimmer/tt-metal/tt_metal/tools/profiler/kernel_profiler.hpp:31:22: note: '#pragma message: PROFILER-DRAM-PUSH,/home/ttuser/dev/muse-glimmer/tt-metal/tt_metal/tools/profiler/kernel_profiler.hpp,489,KERNEL_PROFILER'
   31 | #define DO_PRAGMA(x) _Pragma(#x)
      |                      ^~~~~~~
/home/ttuser/dev/muse-glimmer/tt-metal/tt_metal/tools/profiler/kernel_profiler.hpp:41:5: note: in expansion of macro 'DO_PRAGMA'
   41 |     DO_PRAGMA(message(PROFILER_MSG_NAME(name))); \
      |     ^~~~~~~~~
/home/ttuser/dev/muse-glimmer/tt-metal/tt_metal/tools/profiler/kernel_profiler.hpp:489:17: note: in expansion of macro 'SrcLocNameToHash'
  489 |                 SrcLocNameToHash("PROFILER-DRAM-PUSH");
      |                 ^~~~~~~~~~~~~~~~
/home/ttuser/dev/muse-glimmer/tt-metal/tt_metal/tools/profiler/kernel_profiler.hpp: In function 'void kernel_profiler::quick_push()':
/home/ttuser/dev/muse-glimmer/tt-metal/tt_metal/tools/profiler/kernel_profiler.hpp:31:22: note: '#pragma message: PROFILER-NOC-QUICK-PUSH,/home/ttuser/dev/muse-glimmer/tt-metal/tt_metal/tools/profiler/kernel_profiler.hpp,632,KERNEL_PROFILER'
   31 | #define DO_PRAGMA(x) _Pragma(#x)
      |                      ^~~~~~~
/home/ttuser/dev/muse-glimmer/tt-metal/tt_metal/tools/profiler/kernel_profiler.hpp:41:5: note: in expansion of macro 'DO_PRAGMA'
   41 |     DO_PRAGMA(message(PROFILER_MSG_NAME(name))); \
      |     ^~~~~~~~~
/home/ttuser/dev/muse-glimmer/tt-metal/tt_metal/tools/profiler/kernel_profiler.hpp:632:5: note: in expansion of macro 'SrcLocNameToHash'
  632 |     SrcLocNameToHash("PROFILER-NOC-QUICK-PUSH");
      |     ^~~~~~~~~~~~~~~~
/home/ttuser/dev/muse-glimmer/tt-metal/tt_metal/hw/firmware/src/tt-1xx/brisck.cc: In function 'uint32_t _start()':
/home/ttuser/dev/muse-glimmer/tt-metal/tt_metal/tools/profiler/kernel_profiler.hpp:31:22: note: '#pragma message: BRISC-KERNEL,/home/ttuser/dev/muse-glimmer/tt-metal/tt_metal/hw/firmware/src/tt-1xx/brisck.cc,77,KERNEL_PROFILER'
   31 | #define DO_PRAGMA(x) _Pragma(#x)
      |                      ^~~~~~~
/home/ttuser/dev/muse-glimmer/tt-metal/tt_metal/tools/profiler/kernel_profiler.hpp:1045:5: note: in expansion of macro 'DO_PRAGMA'
 1045 |     DO_PRAGMA(message(PROFILER_MSG_NAME(name)));                               \
      |     ^~~~~~~~~
/home/ttuser/dev/muse-glimmer/tt-metal/tt_metal/hw/firmware/src/tt-1xx/brisck.cc:77:9: note: in expansion of macro 'DeviceZoneScopedMainChildN'
   77 |         DeviceZoneScopedMainChildN("BRISC-KERNEL");
      |         ^~~~~~~~~~~~~~~~~~~~~~~~~~
Building trisc1, compile step:
/home/ttuser/dev/muse-glimmer/tt-metal/runtime/sfpi/compiler/bin/riscv-tt-elf-g++ -O3 -std=c++17 -ftt-nttp -ftt-constinit -ftt-consteval -ftt-no-dyninit -flto=auto -ffast-math -fno-finite-math-only -fsigned-zeros -fno-associative-math -fno-exceptions -fno-rtti -fno-use-cxa-atexit -g -MMD -Wall -Werror -Wno-error=deprecated-declarations -Wno-error=multistatement-macros -Wno-error=parentheses -Wno-error=unused-but-set-variable -Wno-unused-variable -Wno-unused-function -mcpu=tt-bh-tensix -I. -I.. -I/home/ttuser/dev/muse-glimmer/tt-metal/ -I/home/ttuser/dev/muse-glimmer/tt-metal/ttnn -I/home/ttuser/dev/muse-glimmer/tt-metal/ttnn/cpp -I/home/ttuser/dev/muse-glimmer/tt-metal/tt_metal -I/home/ttuser/dev/muse-glimmer/tt-metal/tt_metal/hw/inc -I/home/ttuser/dev/muse-glimmer/tt-metal/tt_metal/tt-llk/common -I/home/ttuser/dev/muse-glimmer/tt-metal/tt_metal/hostdevcommon/api -I/home/ttuser/dev/muse-glimmer/tt-metal/tt_metal/api/ -I/home/ttuser/dev/muse-glimmer/tt-metal/runtime/sfpi/include -I/home/ttuser/dev/muse-glimmer/tt-metal/tt_metal/hw/ckernels/blackhole/metal/common -I/home/ttuser/dev/muse-glimmer/tt-metal/tt_metal/hw/ckernels/blackhole/metal/llk_io -I/home/ttuser/dev/muse-glimmer/tt-metal/tt_metal/hw/inc/internal/tt-1xx -I/home/ttuser/dev/muse-glimmer/tt-metal/tt_metal/hw/inc/internal/tt-1xx/blackhole -I/home/ttuser/dev/muse-glimmer/tt-metal/tt_metal/hw/inc/internal/tt-1xx/blackhole/blackhole_defines -I/home/ttuser/dev/muse-glimmer/tt-metal/tt_metal/hw/inc/internal/tt-1xx/blackhole/noc -I/home/ttuser/dev/muse-glimmer/tt-metal/tt_metal/tt-llk/tt_llk_blackhole/common/inc -I/home/ttuser/dev/muse-glimmer/tt-metal/tt_metal/tt-llk/tt_llk_blackhole/llk_lib -I/home/ttuser/dev/muse-glimmer/tt-metal/tt_metal/hw/ckernels/blackhole/metal/llk_api -I/home/ttuser/dev/muse-glimmer/tt-metal/tt_metal/hw/ckernels/blackhole/metal/llk_api/llk_sfpu -I/home/ttuser/dev/muse-glimmer/tt-metal/tt_metal/hw/firmware/src/tt-1xx -I/home/ttuser/dev/muse-glimmer/tt-metal/ttnn/cpp/ttnn/operations/experimental/minimal_matmul/device/kernels -DIS_NOT_POW2_NUM_L1_BANKS=1 -DLOG_BASE_2_OF_NUM_DRAM_BANKS=3 -DNUM_DRAM_BANKS=8 -DNUM_L1_BANKS=110 -DPCIE_NOC_X=19 -DPCIE_NOC_Y=24 -DTENSIX_FIRMWARE -DLOCAL_MEM_EN=0 -DPROFILE_KERNEL=1 -DPROFILER_FULL_HOST_BUFFER_SIZE_PER_RISC=48000 -DPROCESSOR_INDEX=3 -DUCK_CHLKC_MATH -DCOMPILE_FOR_TRISC=1 -DPROGRAMMABLE_CORE_TYPE=0 -DARCH_BLACKHOLE -DDISPATCH_MESSAGE_ADDR=4290184248 -DKERNEL_BUILD -DFULL_KERNEL_NAME="compute/16231627407647112057/" -DKERNEL_COMPILE_TIME_ARGS=12,8,18,8,3,2,4,2 -c -o /home/ttuser/.cache/tt-metal-cache/477608128499675878/kernels/compute/16231627407647112057/trisc1/trisck.9244252803826433989_386009.o /home/ttuser/dev/muse-glimmer/tt-metal/tt_metal/hw/firmware/src/tt-1xx/trisck.cc -MF /home/ttuser/.cache/tt-metal-cache/477608128499675878/kernels/compute/16231627407647112057/trisc1/trisck.9244252803826433989_386009.d
In file included from /home/ttuser/dev/muse-glimmer/tt-metal/tt_metal/hw/firmware/src/tt-1xx/trisck.cc:15:
/home/ttuser/dev/muse-glimmer/tt-metal/tt_metal/hw/firmware/src/tt-1xx/trisck.cc: In function 'uint32_t _start()':
/home/ttuser/dev/muse-glimmer/tt-metal/tt_metal/tools/profiler/kernel_profiler.hpp:31:22: note: '#pragma message: TRISC-KERNEL,/home/ttuser/dev/muse-glimmer/tt-metal/tt_metal/hw/firmware/src/tt-1xx/trisck.cc,86,KERNEL_PROFILER'
   31 | #define DO_PRAGMA(x) _Pragma(#x)
      |                      ^~~~~~~
/home/ttuser/dev/muse-glimmer/tt-metal/tt_metal/tools/profiler/kernel_profiler.hpp:1045:5: note: in expansion of macro 'DO_PRAGMA'
 1045 |     DO_PRAGMA(message(PROFILER_MSG_NAME(name)));                               \
      |     ^~~~~~~~~
/home/ttuser/dev/muse-glimmer/tt-metal/tt_metal/hw/firmware/src/tt-1xx/trisck.cc:86:5: note: in expansion of macro 'DeviceZoneScopedMainChildN'
   86 |     DeviceZoneScopedMainChildN("TRISC-KERNEL");
      |     ^~~~~~~~~~~~~~~~~~~~~~~~~~
2026-08-12 02:14:01.622 | critical |          Always | TT_THROW: Statically allocated circular buffers on core range [0-0 - 10-9] grow to 1684352 B which is beyond max L1 size of 1572864 B (assert.hpp:104)
BLOCKED attn_gate M8 K18 N8: RuntimeError: TT_THROW @ /home/ttuser/dev/muse-glimmer/tt-metal/tt_metal/impl/program/program.cpp:1722: tt::exception info: Statically allocated circular buffers on core range [0-0 - 10-9] grow to 1684352 B which i
GROUP 1 rows=8192 attn_gate probe_M8_K7_N8
Building trisc0, compile step:
/home/ttuser/dev/muse-glimmer/tt-metal/runtime/sfpi/compiler/bin/riscv-tt-elf-g++ -O3 -std=c++17 -ftt-nttp -ftt-constinit -ftt-consteval -ftt-no-dyninit -flto=auto -ffast-math -fno-finite-math-only -fsigned-zeros -fno-associative-math -fno-exceptions -fno-rtti -fno-use-cxa-atexit -g -MMD -Wall -Werror -Wno-error=deprecated-declarations -Wno-error=multistatement-macros -Wno-error=parentheses -Wno-error=unused-but-set-variable -Wno-unused-variable -Wno-unused-function -mcpu=tt-bh-tensix -I. -I.. -I/home/ttuser/dev/muse-glimmer/tt-metal/ -I/home/ttuser/dev/muse-glimmer/tt-metal/ttnn -I/home/ttuser/dev/muse-glimmer/tt-metal/ttnn/cpp -I/home/ttuser/dev/muse-glimmer/tt-metal/tt_metal -I/home/ttuser/dev/muse-glimmer/tt-metal/tt_metal/hw/inc -I/home/ttuser/dev/muse-glimmer/tt-metal/tt_metal/tt-llk/common -I/home/ttuser/dev/muse-glimmer/tt-metal/tt_metal/hostdevcommon/api -I/home/ttuser/dev/muse-glimmer/tt-metal/tt_metal/api/ -I/home/ttuser/dev/muse-glimmer/tt-metal/runtime/sfpi/include -I/home/ttuser/dev/muse-glimmer/tt-metal/tt_metal/hw/ckernels/blackhole/metal/common -I/home/ttuser/dev/muse-glimmer/tt-metal/tt_metal/hw/ckernels/blackhole/metal/llk_io -I/home/ttuser/dev/muse-glimmer/tt-metal/tt_metal/hw/inc/internal/tt-1xx -I/home/ttuser/dev/muse-glimmer/tt-metal/tt_metal/hw/inc/internal/tt-1xx/blackhole -I/home/ttuser/dev/muse-glimmer/tt-metal/tt_metal/hw/inc/internal/tt-1xx/blackhole/blackhole_defines -I/home/ttuser/dev/muse-glimmer/tt-metal/tt_metal/hw/inc/internal/tt-1xx/blackhole/noc -I/home/ttuser/dev/muse-glimmer/tt-metal/tt_metal/tt-llk/tt_llk_blackhole/common/inc -I/home/ttuser/dev/muse-glimmer/tt-metal/tt_metal/tt-llk/tt_llk_blackhole/llk_lib -I/home/ttuser/dev/muse-glimmer/tt-metal/tt_metal/hw/ckernels/blackhole/metal/llk_api -I/home/ttuser/dev/muse-glimmer/tt-metal/tt_metal/hw/ckernels/blackhole/metal/llk_api/llk_sfpu -I/home/ttuser/dev/muse-glimmer/tt-metal/tt_metal/hw/firmware/src/tt-1xx -I/home/ttuser/dev/muse-glimmer/tt-metal/ttnn/cpp/ttnn/operations/experimental/minimal_matmul/device/kernels -DIS_NOT_POW2_NUM_L1_BANKS=1 -DLOG_BASE_2_OF_NUM_DRAM_BANKS=3 -DNUM_DRAM_BANKS=8 -DNUM_L1_BANKS=110 -DPCIE_NOC_X=19 -DPCIE_NOC_Y=24 -DTENSIX_FIRMWARE -DLOCAL_MEM_EN=0 -DPROFILE_KERNEL=1 -DPROFILER_FULL_HOST_BUFFER_SIZE_PER_RISC=48000 -DPROCESSOR_INDEX=2 -DUCK_CHLKC_UNPACK -DCOMPILE_FOR_TRISC=0 -DPROGRAMMABLE_CORE_TYPE=0 -DARCH_BLACKHOLE -DDISPATCH_MESSAGE_ADDR=4290184248 -DKERNEL_BUILD -DFULL_KERNEL_NAME="compute/9059719989076616273/" -DKERNEL_COMPILE_TIME_ARGS=30,8,7,8,3,2,4,2 -c -o /home/ttuser/.cache/tt-metal-cache/477608128499675878/kernels/compute/9059719989076616273/trisc0/trisck.9244252803826433989_386009.o /home/ttuser/dev/muse-glimmer/tt-metal/tt_metal/hw/firmware/src/tt-1xx/trisck.cc -MF /home/ttuser/.cache/tt-metal-cache/477608128499675878/kernels/compute/9059719989076616273/trisc0/trisck.9244252803826433989_386009.d
In file included from /home/ttuser/dev/muse-glimmer/tt-metal/tt_metal/hw/ckernels/blackhole/metal/llk_io/llk_io_unpack.h:13,
                 from /home/ttuser/dev/muse-glimmer/tt-metal/tt_metal/hw/inc/api/compute/compute_kernel_api.h:97,
                 from /home/ttuser/dev/muse-glimmer/tt-metal/ttnn/cpp/ttnn/operations/experimental/minimal_matmul/device/kernels/compute.cpp:5,
                 from ../chlkc_unpack.cpp:3,
                 from /home/ttuser/dev/muse-glimmer/tt-metal/tt_metal/hw/ckernels/blackhole/metal/common/chlkc_list.h:26,
                 from /home/ttuser/dev/muse-glimmer/tt-metal/tt_metal/hw/firmware/src/tt-1xx/trisck.cc:13:
/home/ttuser/dev/muse-glimmer/tt-metal/tt_metal/hw/ckernels/blackhole/metal/llk_io/llk_io_unpack.h: In function 'void llk_wait_tiles(int, int32_t)':
/home/ttuser/dev/muse-glimmer/tt-metal/tt_metal/tools/profiler/kernel_profiler.hpp:31:22: note: '#pragma message: CB-COMPUTE-WAIT-FRONT,/home/ttuser/dev/muse-glimmer/tt-metal/tt_metal/hw/ckernels/blackhole/metal/llk_io/llk_io_unpack.h,19,KERNEL_PROFILER'
   31 | #define DO_PRAGMA(x) _Pragma(#x)
      |                      ^~~~~~~
/home/ttuser/dev/muse-glimmer/tt-metal/tt_metal/tools/profiler/kernel_profiler.hpp:1050:5: note: in expansion of macro 'DO_PRAGMA'
 1050 |     DO_PRAGMA(message(PROFILER_MSG_NAME(name)));                               \
      |     ^~~~~~~~~
/home/ttuser/dev/muse-glimmer/tt-metal/tt_metal/hw/ckernels/blackhole/metal/llk_io/llk_io_unpack.h:19:5: note: in expansion of macro 'DeviceZoneScopedSumN1'
   19 |     DeviceZoneScopedSumN1("CB-COMPUTE-WAIT-FRONT");
      |     ^~~~~~~~~~~~~~~~~~~~~
/home/ttuser/dev/muse-glimmer/tt-metal/tt_metal/hw/firmware/src/tt-1xx/trisck.cc: In function 'uint32_t _start()':
/home/ttuser/dev/muse-glimmer/tt-metal/tt_metal/tools/profiler/kernel_profiler.hpp:31:22: note: '#pragma message: TRISC-KERNEL,/home/ttuser/dev/muse-glimmer/tt-metal/tt_metal/hw/firmware/src/tt-1xx/trisck.cc,86,KERNEL_PROFILER'
   31 | #define DO_PRAGMA(x) _Pragma(#x)
      |                      ^~~~~~~
/home/ttuser/dev/muse-glimmer/tt-metal/tt_metal/tools/profiler/kernel_profiler.hpp:1045:5: note: in expansion of macro 'DO_PRAGMA'
 1045 |     DO_PRAGMA(message(PROFILER_MSG_NAME(name)));                               \
      |     ^~~~~~~~~
/home/ttuser/dev/muse-glimmer/tt-metal/tt_metal/hw/firmware/src/tt-1xx/trisck.cc:86:5: note: in expansion of macro 'DeviceZoneScopedMainChildN'
   86 |     DeviceZoneScopedMainChildN("TRISC-KERNEL");
      |     ^~~~~~~~~~~~~~~~~~~~~~~~~~
Building trisc2, compile step:
/home/ttuser/dev/muse-glimmer/tt-metal/runtime/sfpi/compiler/bin/riscv-tt-elf-g++ -O3 -std=c++17 -ftt-nttp -ftt-constinit -ftt-consteval -ftt-no-dyninit -flto=auto -ffast-math -fno-finite-math-only -fsigned-zeros -fno-associative-math -fno-exceptions -fno-rtti -fno-use-cxa-atexit -g -MMD -Wall -Werror -Wno-error=deprecated-declarations -Wno-error=multistatement-macros -Wno-error=parentheses -Wno-error=unused-but-set-variable -Wno-unused-variable -Wno-unused-function -mcpu=tt-bh-tensix -I. -I.. -I/home/ttuser/dev/muse-glimmer/tt-metal/ -I/home/ttuser/dev/muse-glimmer/tt-metal/ttnn -I/home/ttuser/dev/muse-glimmer/tt-metal/ttnn/cpp -I/home/ttuser/dev/muse-glimmer/tt-metal/tt_metal -I/home/ttuser/dev/muse-glimmer/tt-metal/tt_metal/hw/inc -I/home/ttuser/dev/muse-glimmer/tt-metal/tt_metal/tt-llk/common -I/home/ttuser/dev/muse-glimmer/tt-metal/tt_metal/hostdevcommon/api -I/home/ttuser/dev/muse-glimmer/tt-metal/tt_metal/api/ -I/home/ttuser/dev/muse-glimmer/tt-metal/runtime/sfpi/include -I/home/ttuser/dev/muse-glimmer/tt-metal/tt_metal/hw/ckernels/blackhole/metal/common -I/home/ttuser/dev/muse-glimmer/tt-metal/tt_metal/hw/ckernels/blackhole/metal/llk_io -I/home/ttuser/dev/muse-glimmer/tt-metal/tt_metal/hw/inc/internal/tt-1xx -I/home/ttuser/dev/muse-glimmer/tt-metal/tt_metal/hw/inc/internal/tt-1xx/blackhole -I/home/ttuser/dev/muse-glimmer/tt-metal/tt_metal/hw/inc/internal/tt-1xx/blackhole/blackhole_defines -I/home/ttuser/dev/muse-glimmer/tt-metal/tt_metal/hw/inc/internal/tt-1xx/blackhole/noc -I/home/ttuser/dev/muse-glimmer/tt-metal/tt_metal/tt-llk/tt_llk_blackhole/common/inc -I/home/ttuser/dev/muse-glimmer/tt-metal/tt_metal/tt-llk/tt_llk_blackhole/llk_lib -I/home/ttuser/dev/muse-glimmer/tt-metal/tt_metal/hw/ckernels/blackhole/metal/llk_api -I/home/ttuser/dev/muse-glimmer/tt-metal/tt_metal/hw/ckernels/blackhole/metal/llk_api/llk_sfpu -I/home/ttuser/dev/muse-glimmer/tt-metal/tt_metal/hw/firmware/src/tt-1xx -I/home/ttuser/dev/muse-glimmer/tt-metal/ttnn/cpp/ttnn/operations/experimental/minimal_matmul/device/kernels -DIS_NOT_POW2_NUM_L1_BANKS=1 -DLOG_BASE_2_OF_NUM_DRAM_BANKS=3 -DNUM_DRAM_BANKS=8 -DNUM_L1_BANKS=110 -DPCIE_NOC_X=19 -DPCIE_NOC_Y=24 -DTENSIX_FIRMWARE -DLOCAL_MEM_EN=0 -DPROFILE_KERNEL=1 -DPROFILER_FULL_HOST_BUFFER_SIZE_PER_RISC=48000 -DPROCESSOR_INDEX=4 -DUCK_CHLKC_PACK -DCOMPILE_FOR_TRISC=2 -DPROGRAMMABLE_CORE_TYPE=0 -DARCH_BLACKHOLE -DDISPATCH_MESSAGE_ADDR=4290184248 -DKERNEL_BUILD -DFULL_KERNEL_NAME="compute/9059719989076616273/" -DKERNEL_COMPILE_TIME_ARGS=30,8,7,8,3,2,4,2 -c -o /home/ttuser/.cache/tt-metal-cache/477608128499675878/kernels/compute/9059719989076616273/trisc2/trisck.9244252803826433989_386009.o /home/ttuser/dev/muse-glimmer/tt-metal/tt_metal/hw/firmware/src/tt-1xx/trisck.cc -MF /home/ttuser/.cache/tt-metal-cache/477608128499675878/kernels/compute/9059719989076616273/trisc2/trisck.9244252803826433989_386009.d
In file included from /home/ttuser/dev/muse-glimmer/tt-metal/tt_metal/hw/ckernels/blackhole/metal/llk_io/llk_io_pack.h:14,
                 from /home/ttuser/dev/muse-glimmer/tt-metal/tt_metal/hw/inc/api/compute/compute_kernel_api.h:72,
                 from /home/ttuser/dev/muse-glimmer/tt-metal/ttnn/cpp/ttnn/operations/experimental/minimal_matmul/device/kernels/compute.cpp:5,
                 from ../chlkc_pack.cpp:3,
                 from /home/ttuser/dev/muse-glimmer/tt-metal/tt_metal/hw/ckernels/blackhole/metal/common/chlkc_list.h:21,
                 from /home/ttuser/dev/muse-glimmer/tt-metal/tt_metal/hw/firmware/src/tt-1xx/trisck.cc:13:
/home/ttuser/dev/muse-glimmer/tt-metal/tt_metal/hw/ckernels/blackhole/metal/llk_io/llk_io_pack.h: In function 'void llk_wait_for_free_tiles(int32_t, int32_t)':
/home/ttuser/dev/muse-glimmer/tt-metal/tt_metal/tools/profiler/kernel_profiler.hpp:31:22: note: '#pragma message: CB-COMPUTE-RESERVE-BACK,/home/ttuser/dev/muse-glimmer/tt-metal/tt_metal/hw/ckernels/blackhole/metal/llk_io/llk_io_pack.h,21,KERNEL_PROFILER'
   31 | #define DO_PRAGMA(x) _Pragma(#x)
      |                      ^~~~~~~
/home/ttuser/dev/muse-glimmer/tt-metal/tt_metal/tools/profiler/kernel_profiler.hpp:1055:5: note: in expansion of macro 'DO_PRAGMA'
 1055 |     DO_PRAGMA(message(PROFILER_MSG_NAME(name)));                               \
      |     ^~~~~~~~~
/home/ttuser/dev/muse-glimmer/tt-metal/tt_metal/hw/ckernels/blackhole/metal/llk_io/llk_io_pack.h:21:5: note: in expansion of macro 'DeviceZoneScopedSumN2'
   21 |     DeviceZoneScopedSumN2("CB-COMPUTE-RESERVE-BACK");
      |     ^~~~~~~~~~~~~~~~~~~~~
/home/ttuser/dev/muse-glimmer/tt-metal/tt_metal/hw/firmware/src/tt-1xx/trisck.cc: In function 'uint32_t _start()':
/home/ttuser/dev/muse-glimmer/tt-metal/tt_metal/tools/profiler/kernel_profiler.hpp:31:22: note: '#pragma message: TRISC-KERNEL,/home/ttuser/dev/muse-glimmer/tt-metal/tt_metal/hw/firmware/src/tt-1xx/trisck.cc,86,KERNEL_PROFILER'
   31 | #define DO_PRAGMA(x) _Pragma(#x)
      |                      ^~~~~~~
/home/ttuser/dev/muse-glimmer/tt-metal/tt_metal/tools/profiler/kernel_profiler.hpp:1045:5: note: in expansion of macro 'DO_PRAGMA'
 1045 |     DO_PRAGMA(message(PROFILER_MSG_NAME(name)));                               \
      |     ^~~~~~~~~
/home/ttuser/dev/muse-glimmer/tt-metal/tt_metal/hw/firmware/src/tt-1xx/trisck.cc:86:5: note: in expansion of macro 'DeviceZoneScopedMainChildN'
   86 |     DeviceZoneScopedMainChildN("TRISC-KERNEL");
      |     ^~~~~~~~~~~~~~~~~~~~~~~~~~
Building ncrisc, compile step:
/home/ttuser/dev/muse-glimmer/tt-metal/runtime/sfpi/compiler/bin/riscv-tt-elf-g++ -O2 -std=c++17 -ftt-nttp -ftt-constinit -ftt-consteval -ftt-no-dyninit -flto=auto -ffast-math -fno-finite-math-only -fsigned-zeros -fno-associative-math -fno-exceptions -fno-rtti -fno-use-cxa-atexit -g -MMD -Wall -Werror -Wno-error=deprecated-declarations -Wno-error=multistatement-macros -Wno-error=parentheses -Wno-error=unused-but-set-variable -Wno-unused-variable -Wno-unused-function -mcpu=tt-bh -fno-tree-loop-distribute-patterns -I. -I.. -I/home/ttuser/dev/muse-glimmer/tt-metal/ -I/home/ttuser/dev/muse-glimmer/tt-metal/ttnn -I/home/ttuser/dev/muse-glimmer/tt-metal/ttnn/cpp -I/home/ttuser/dev/muse-glimmer/tt-metal/tt_metal -I/home/ttuser/dev/muse-glimmer/tt-metal/tt_metal/hw/inc -I/home/ttuser/dev/muse-glimmer/tt-metal/tt_metal/tt-llk/common -I/home/ttuser/dev/muse-glimmer/tt-metal/tt_metal/hostdevcommon/api -I/home/ttuser/dev/muse-glimmer/tt-metal/tt_metal/api/ -I/home/ttuser/dev/muse-glimmer/tt-metal/tt_metal/hw/ckernels/blackhole/metal/common -I/home/ttuser/dev/muse-glimmer/tt-metal/tt_metal/hw/ckernels/blackhole/metal/llk_io -I/home/ttuser/dev/muse-glimmer/tt-metal/tt_metal/hw/inc/internal/tt-1xx -I/home/ttuser/dev/muse-glimmer/tt-metal/tt_metal/hw/inc/internal/tt-1xx/blackhole -I/home/ttuser/dev/muse-glimmer/tt-metal/tt_metal/hw/inc/internal/tt-1xx/blackhole/blackhole_defines -I/home/ttuser/dev/muse-glimmer/tt-metal/tt_metal/hw/inc/internal/tt-1xx/blackhole/noc -I/home/ttuser/dev/muse-glimmer/tt-metal/tt_metal/tt-llk/tt_llk_blackhole/common/inc -I/home/ttuser/dev/muse-glimmer/tt-metal/tt_metal/tt-llk/tt_llk_blackhole/llk_lib -I/home/ttuser/dev/muse-glimmer/tt-metal/tt_metal/hw/firmware/src/tt-1xx -I/home/ttuser/dev/muse-glimmer/tt-metal/ttnn/cpp/ttnn/operations/experimental/minimal_matmul/device/kernels -DIS_NOT_POW2_NUM_L1_BANKS=1 -DLOG_BASE_2_OF_NUM_DRAM_BANKS=3 -DNUM_DRAM_BANKS=8 -DNUM_L1_BANKS=110 -DPCIE_NOC_X=19 -DPCIE_NOC_Y=24 -DTENSIX_FIRMWARE -DLOCAL_MEM_EN=0 -DPROFILE_KERNEL=1 -DPROFILER_FULL_HOST_BUFFER_SIZE_PER_RISC=48000 -DPROCESSOR_INDEX=1 -DCOMPILE_FOR_NCRISC -DPROGRAMMABLE_CORE_TYPE=0 -DARCH_BLACKHOLE -DDISPATCH_MESSAGE_ADDR=4290184248 -DKERNEL_BUILD -DNOC_INDEX=1 -DNOC_MODE=0 -DFULL_KERNEL_NAME="dm_in1_sender_out/13497122899634471820/" -DKERNEL_COMPILE_TIME_ARGS=256,264,208,210,128,130,8,7,8,3,2,2048,2048,2048,3,4,5,1,0,1,128,2,2048,2,2048 -c -o /home/ttuser/.cache/tt-metal-cache/477608128499675878/kernels/dm_in1_sender_out/13497122899634471820/ncrisc/ncrisck.9244252803826433989_386009.o /home/ttuser/dev/muse-glimmer/tt-metal/tt_metal/hw/firmware/src/tt-1xx/ncrisck.cc -MF /home/ttuser/.cache/tt-metal-cache/477608128499675878/kernels/dm_in1_sender_out/13497122899634471820/ncrisc/ncrisck.9244252803826433989_386009.d
In file included from /home/ttuser/dev/muse-glimmer/tt-metal/tt_metal/hw/inc/api/dataflow/dataflow_api.h:27,
                 from /home/ttuser/dev/muse-glimmer/tt-metal/tt_metal/hw/inc/internal/firmware_common.h:24,
                 from /home/ttuser/dev/muse-glimmer/tt-metal/tt_metal/hw/firmware/src/tt-1xx/ncrisck.cc:17:
/home/ttuser/dev/muse-glimmer/tt-metal/tt_metal/tools/profiler/kernel_profiler.hpp: In function 'void kernel_profiler::quick_push()':
/home/ttuser/dev/muse-glimmer/tt-metal/tt_metal/tools/profiler/kernel_profiler.hpp:31:22: note: '#pragma message: PROFILER-NOC-QUICK-PUSH,/home/ttuser/dev/muse-glimmer/tt-metal/tt_metal/tools/profiler/kernel_profiler.hpp,632,KERNEL_PROFILER'
   31 | #define DO_PRAGMA(x) _Pragma(#x)
      |                      ^~~~~~~
/home/ttuser/dev/muse-glimmer/tt-metal/tt_metal/tools/profiler/kernel_profiler.hpp:41:5: note: in expansion of macro 'DO_PRAGMA'
   41 |     DO_PRAGMA(message(PROFILER_MSG_NAME(name))); \
      |     ^~~~~~~~~
/home/ttuser/dev/muse-glimmer/tt-metal/tt_metal/tools/profiler/kernel_profiler.hpp:632:5: note: in expansion of macro 'SrcLocNameToHash'
  632 |     SrcLocNameToHash("PROFILER-NOC-QUICK-PUSH");
      |     ^~~~~~~~~~~~~~~~
/home/ttuser/dev/muse-glimmer/tt-metal/tt_metal/hw/firmware/src/tt-1xx/ncrisck.cc: In function 'uint32_t _start()':
/home/ttuser/dev/muse-glimmer/tt-metal/tt_metal/tools/profiler/kernel_profiler.hpp:31:22: note: '#pragma message: NCRISC-KERNEL,/home/ttuser/dev/muse-glimmer/tt-metal/tt_metal/hw/firmware/src/tt-1xx/ncrisck.cc,69,KERNEL_PROFILER'
   31 | #define DO_PRAGMA(x) _Pragma(#x)
      |                      ^~~~~~~
/home/ttuser/dev/muse-glimmer/tt-metal/tt_metal/tools/profiler/kernel_profiler.hpp:1045:5: note: in expansion of macro 'DO_PRAGMA'
 1045 |     DO_PRAGMA(message(PROFILER_MSG_NAME(name)));                               \
      |     ^~~~~~~~~
/home/ttuser/dev/muse-glimmer/tt-metal/tt_metal/hw/firmware/src/tt-1xx/ncrisck.cc:69:5: note: in expansion of macro 'DeviceZoneScopedMainChildN'
   69 |     DeviceZoneScopedMainChildN("NCRISC-KERNEL");
      |     ^~~~~~~~~~~~~~~~~~~~~~~~~~
Building brisc, compile step:
/home/ttuser/dev/muse-glimmer/tt-metal/runtime/sfpi/compiler/bin/riscv-tt-elf-g++ -O2 -std=c++17 -ftt-nttp -ftt-constinit -ftt-consteval -ftt-no-dyninit -flto=auto -ffast-math -fno-finite-math-only -fsigned-zeros -fno-associative-math -fno-exceptions -fno-rtti -fno-use-cxa-atexit -g -MMD -Wall -Werror -Wno-error=deprecated-declarations -Wno-error=multistatement-macros -Wno-error=parentheses -Wno-error=unused-but-set-variable -Wno-unused-variable -Wno-unused-function -mcpu=tt-bh -fno-tree-loop-distribute-patterns -I. -I.. -I/home/ttuser/dev/muse-glimmer/tt-metal/ -I/home/ttuser/dev/muse-glimmer/tt-metal/ttnn -I/home/ttuser/dev/muse-glimmer/tt-metal/ttnn/cpp -I/home/ttuser/dev/muse-glimmer/tt-metal/tt_metal -I/home/ttuser/dev/muse-glimmer/tt-metal/tt_metal/hw/inc -I/home/ttuser/dev/muse-glimmer/tt-metal/tt_metal/tt-llk/common -I/home/ttuser/dev/muse-glimmer/tt-metal/tt_metal/hostdevcommon/api -I/home/ttuser/dev/muse-glimmer/tt-metal/tt_metal/api/ -I/home/ttuser/dev/muse-glimmer/tt-metal/tt_metal/hw/ckernels/blackhole/metal/common -I/home/ttuser/dev/muse-glimmer/tt-metal/tt_metal/hw/ckernels/blackhole/metal/llk_io -I/home/ttuser/dev/muse-glimmer/tt-metal/tt_metal/hw/inc/internal/tt-1xx -I/home/ttuser/dev/muse-glimmer/tt-metal/tt_metal/hw/inc/internal/tt-1xx/blackhole -I/home/ttuser/dev/muse-glimmer/tt-metal/tt_metal/hw/inc/internal/tt-1xx/blackhole/blackhole_defines -I/home/ttuser/dev/muse-glimmer/tt-metal/tt_metal/hw/inc/internal/tt-1xx/blackhole/noc -I/home/ttuser/dev/muse-glimmer/tt-metal/tt_metal/tt-llk/tt_llk_blackhole/common/inc -I/home/ttuser/dev/muse-glimmer/tt-metal/tt_metal/tt-llk/tt_llk_blackhole/llk_lib -I/home/ttuser/dev/muse-glimmer/tt-metal/tt_metal/hw/firmware/src/tt-1xx -I/home/ttuser/dev/muse-glimmer/tt-metal/ttnn/cpp/ttnn/operations/experimental/minimal_matmul/device/kernels -DIS_NOT_POW2_NUM_L1_BANKS=1 -DLOG_BASE_2_OF_NUM_DRAM_BANKS=3 -DNUM_DRAM_BANKS=8 -DNUM_L1_BANKS=110 -DPCIE_NOC_X=19 -DPCIE_NOC_Y=24 -DTENSIX_FIRMWARE -DLOCAL_MEM_EN=0 -DPROFILE_KERNEL=1 -DPROFILER_FULL_HOST_BUFFER_SIZE_PER_RISC=48000 -DPROCESSOR_INDEX=0 -DCOMPILE_FOR_BRISC -DPROGRAMMABLE_CORE_TYPE=0 -DARCH_BLACKHOLE -DDISPATCH_MESSAGE_ADDR=4290184248 -DKERNEL_BUILD -DNOC_INDEX=0 -DNOC_MODE=0 -DFULL_KERNEL_NAME="dm_in0_sender/6990563149358718467/" -DKERNEL_COMPILE_TIME_ARGS=256,264,208,210,128,130,8,7,8,3,2,2048,2048,2048,0,1,2,0,0,1,128,2048,2,2048,2,2048 -c -o /home/ttuser/.cache/tt-metal-cache/477608128499675878/kernels/dm_in0_sender/6990563149358718467/brisc/brisck.9244252803826433989_386009.o /home/ttuser/dev/muse-glimmer/tt-metal/tt_metal/hw/firmware/src/tt-1xx/brisck.cc -MF /home/ttuser/.cache/tt-metal-cache/477608128499675878/kernels/dm_in0_sender/6990563149358718467/brisc/brisck.9244252803826433989_386009.d
In file included from /home/ttuser/dev/muse-glimmer/tt-metal/tt_metal/hw/inc/api/dataflow/dataflow_api.h:27,
                 from /home/ttuser/dev/muse-glimmer/tt-metal/tt_metal/hw/inc/internal/firmware_common.h:24,
                 from /home/ttuser/dev/muse-glimmer/tt-metal/tt_metal/hw/firmware/src/tt-1xx/brisck.cc:17:
/home/ttuser/dev/muse-glimmer/tt-metal/tt_metal/tools/profiler/kernel_profiler.hpp: In function 'void kernel_profiler::finish_profiler(bool)':
/home/ttuser/dev/muse-glimmer/tt-metal/tt_metal/tools/profiler/kernel_profiler.hpp:31:22: note: '#pragma message: PROFILER-NOC-FLUSH,/home/ttuser/dev/muse-glimmer/tt-metal/tt_metal/tools/profiler/kernel_profiler.hpp,480,KERNEL_PROFILER'
   31 | #define DO_PRAGMA(x) _Pragma(#x)
      |                      ^~~~~~~
/home/ttuser/dev/muse-glimmer/tt-metal/tt_metal/tools/profiler/kernel_profiler.hpp:41:5: note: in expansion of macro 'DO_PRAGMA'
   41 |     DO_PRAGMA(message(PROFILER_MSG_NAME(name))); \
      |     ^~~~~~~~~
/home/ttuser/dev/muse-glimmer/tt-metal/tt_metal/tools/profiler/kernel_profiler.hpp:480:17: note: in expansion of macro 'SrcLocNameToHash'
  480 |                 SrcLocNameToHash("PROFILER-NOC-FLUSH");
      |                 ^~~~~~~~~~~~~~~~
/home/ttuser/dev/muse-glimmer/tt-metal/tt_metal/tools/profiler/kernel_profiler.hpp:31:22: note: '#pragma message: PROFILER-DRAM-PUSH,/home/ttuser/dev/muse-glimmer/tt-metal/tt_metal/tools/profiler/kernel_profiler.hpp,489,KERNEL_PROFILER'
   31 | #define DO_PRAGMA(x) _Pragma(#x)
      |                      ^~~~~~~
/home/ttuser/dev/muse-glimmer/tt-metal/tt_metal/tools/profiler/kernel_profiler.hpp:41:5: note: in expansion of macro 'DO_PRAGMA'
   41 |     DO_PRAGMA(message(PROFILER_MSG_NAME(name))); \
      |     ^~~~~~~~~
/home/ttuser/dev/muse-glimmer/tt-metal/tt_metal/tools/profiler/kernel_profiler.hpp:489:17: note: in expansion of macro 'SrcLocNameToHash'
  489 |                 SrcLocNameToHash("PROFILER-DRAM-PUSH");
      |                 ^~~~~~~~~~~~~~~~
/home/ttuser/dev/muse-glimmer/tt-metal/tt_metal/tools/profiler/kernel_profiler.hpp: In function 'void kernel_profiler::quick_push()':
/home/ttuser/dev/muse-glimmer/tt-metal/tt_metal/tools/profiler/kernel_profiler.hpp:31:22: note: '#pragma message: PROFILER-NOC-QUICK-PUSH,/home/ttuser/dev/muse-glimmer/tt-metal/tt_metal/tools/profiler/kernel_profiler.hpp,632,KERNEL_PROFILER'
   31 | #define DO_PRAGMA(x) _Pragma(#x)
      |                      ^~~~~~~
/home/ttuser/dev/muse-glimmer/tt-metal/tt_metal/tools/profiler/kernel_profiler.hpp:41:5: note: in expansion of macro 'DO_PRAGMA'
   41 |     DO_PRAGMA(message(PROFILER_MSG_NAME(name))); \
      |     ^~~~~~~~~
/home/ttuser/dev/muse-glimmer/tt-metal/tt_metal/tools/profiler/kernel_profiler.hpp:632:5: note: in expansion of macro 'SrcLocNameToHash'
  632 |     SrcLocNameToHash("PROFILER-NOC-QUICK-PUSH");
      |     ^~~~~~~~~~~~~~~~
/home/ttuser/dev/muse-glimmer/tt-metal/tt_metal/hw/firmware/src/tt-1xx/brisck.cc: In function 'uint32_t _start()':
/home/ttuser/dev/muse-glimmer/tt-metal/tt_metal/tools/profiler/kernel_profiler.hpp:31:22: note: '#pragma message: BRISC-KERNEL,/home/ttuser/dev/muse-glimmer/tt-metal/tt_metal/hw/firmware/src/tt-1xx/brisck.cc,77,KERNEL_PROFILER'
   31 | #define DO_PRAGMA(x) _Pragma(#x)
      |                      ^~~~~~~
/home/ttuser/dev/muse-glimmer/tt-metal/tt_metal/tools/profiler/kernel_profiler.hpp:1045:5: note: in expansion of macro 'DO_PRAGMA'
 1045 |     DO_PRAGMA(message(PROFILER_MSG_NAME(name)));                               \
      |     ^~~~~~~~~
/home/ttuser/dev/muse-glimmer/tt-metal/tt_metal/hw/firmware/src/tt-1xx/brisck.cc:77:9: note: in expansion of macro 'DeviceZoneScopedMainChildN'
   77 |         DeviceZoneScopedMainChildN("BRISC-KERNEL");
      |         ^~~~~~~~~~~~~~~~~~~~~~~~~~
Building ncrisc, compile step:
/home/ttuser/dev/muse-glimmer/tt-metal/runtime/sfpi/compiler/bin/riscv-tt-elf-g++ -O2 -std=c++17 -ftt-nttp -ftt-constinit -ftt-consteval -ftt-no-dyninit -flto=auto -ffast-math -fno-finite-math-only -fsigned-zeros -fno-associative-math -fno-exceptions -fno-rtti -fno-use-cxa-atexit -g -MMD -Wall -Werror -Wno-error=deprecated-declarations -Wno-error=multistatement-macros -Wno-error=parentheses -Wno-error=unused-but-set-variable -Wno-unused-variable -Wno-unused-function -mcpu=tt-bh -fno-tree-loop-distribute-patterns -I. -I.. -I/home/ttuser/dev/muse-glimmer/tt-metal/ -I/home/ttuser/dev/muse-glimmer/tt-metal/ttnn -I/home/ttuser/dev/muse-glimmer/tt-metal/ttnn/cpp -I/home/ttuser/dev/muse-glimmer/tt-metal/tt_metal -I/home/ttuser/dev/muse-glimmer/tt-metal/tt_metal/hw/inc -I/home/ttuser/dev/muse-glimmer/tt-metal/tt_metal/tt-llk/common -I/home/ttuser/dev/muse-glimmer/tt-metal/tt_metal/hostdevcommon/api -I/home/ttuser/dev/muse-glimmer/tt-metal/tt_metal/api/ -I/home/ttuser/dev/muse-glimmer/tt-metal/tt_metal/hw/ckernels/blackhole/metal/common -I/home/ttuser/dev/muse-glimmer/tt-metal/tt_metal/hw/ckernels/blackhole/metal/llk_io -I/home/ttuser/dev/muse-glimmer/tt-metal/tt_metal/hw/inc/internal/tt-1xx -I/home/ttuser/dev/muse-glimmer/tt-metal/tt_metal/hw/inc/internal/tt-1xx/blackhole -I/home/ttuser/dev/muse-glimmer/tt-metal/tt_metal/hw/inc/internal/tt-1xx/blackhole/blackhole_defines -I/home/ttuser/dev/muse-glimmer/tt-metal/tt_metal/hw/inc/internal/tt-1xx/blackhole/noc -I/home/ttuser/dev/muse-glimmer/tt-metal/tt_metal/tt-llk/tt_llk_blackhole/common/inc -I/home/ttuser/dev/muse-glimmer/tt-metal/tt_metal/tt-llk/tt_llk_blackhole/llk_lib -I/home/ttuser/dev/muse-glimmer/tt-metal/tt_metal/hw/firmware/src/tt-1xx -I/home/ttuser/dev/muse-glimmer/tt-metal/ttnn/cpp/ttnn/operations/experimental/minimal_matmul/device/kernels -DIS_NOT_POW2_NUM_L1_BANKS=1 -DLOG_BASE_2_OF_NUM_DRAM_BANKS=3 -DNUM_DRAM_BANKS=8 -DNUM_L1_BANKS=110 -DPCIE_NOC_X=19 -DPCIE_NOC_Y=24 -DTENSIX_FIRMWARE -DLOCAL_MEM_EN=0 -DPROFILE_KERNEL=1 -DPROFILER_FULL_HOST_BUFFER_SIZE_PER_RISC=48000 -DPROCESSOR_INDEX=1 -DCOMPILE_FOR_NCRISC -DPROGRAMMABLE_CORE_TYPE=0 -DARCH_BLACKHOLE -DDISPATCH_MESSAGE_ADDR=4290184248 -DKERNEL_BUILD -DNOC_INDEX=1 -DNOC_MODE=0 -DFULL_KERNEL_NAME="dm_in1_sender_out/1800013143607236821/" -DKERNEL_COMPILE_TIME_ARGS=256,264,208,210,128,130,8,7,8,3,2,2048,2048,2048,3,4,5,1,1,1,128,2,2048,2,2048 -c -o /home/ttuser/.cache/tt-metal-cache/477608128499675878/kernels/dm_in1_sender_out/1800013143607236821/ncrisc/ncrisck.9244252803826433989_386009.o /home/ttuser/dev/muse-glimmer/tt-metal/tt_metal/hw/firmware/src/tt-1xx/ncrisck.cc -MF /home/ttuser/.cache/tt-metal-cache/477608128499675878/kernels/dm_in1_sender_out/1800013143607236821/ncrisc/ncrisck.9244252803826433989_386009.d
In file included from /home/ttuser/dev/muse-glimmer/tt-metal/tt_metal/hw/inc/api/dataflow/dataflow_api.h:27,
                 from /home/ttuser/dev/muse-glimmer/tt-metal/tt_metal/hw/inc/internal/firmware_common.h:24,
                 from /home/ttuser/dev/muse-glimmer/tt-metal/tt_metal/hw/firmware/src/tt-1xx/ncrisck.cc:17:
/home/ttuser/dev/muse-glimmer/tt-metal/tt_metal/tools/profiler/kernel_profiler.hpp: In function 'void kernel_profiler::quick_push()':
/home/ttuser/dev/muse-glimmer/tt-metal/tt_metal/tools/profiler/kernel_profiler.hpp:31:22: note: '#pragma message: PROFILER-NOC-QUICK-PUSH,/home/ttuser/dev/muse-glimmer/tt-metal/tt_metal/tools/profiler/kernel_profiler.hpp,632,KERNEL_PROFILER'
   31 | #define DO_PRAGMA(x) _Pragma(#x)
      |                      ^~~~~~~
/home/ttuser/dev/muse-glimmer/tt-metal/tt_metal/tools/profiler/kernel_profiler.hpp:41:5: note: in expansion of macro 'DO_PRAGMA'
   41 |     DO_PRAGMA(message(PROFILER_MSG_NAME(name))); \
      |     ^~~~~~~~~
/home/ttuser/dev/muse-glimmer/tt-metal/tt_metal/tools/profiler/kernel_profiler.hpp:632:5: note: in expansion of macro 'SrcLocNameToHash'
  632 |     SrcLocNameToHash("PROFILER-NOC-QUICK-PUSH");
      |     ^~~~~~~~~~~~~~~~
/home/ttuser/dev/muse-glimmer/tt-metal/tt_metal/hw/firmware/src/tt-1xx/ncrisck.cc: In function 'uint32_t _start()':
/home/ttuser/dev/muse-glimmer/tt-metal/tt_metal/tools/profiler/kernel_profiler.hpp:31:22: note: '#pragma message: NCRISC-KERNEL,/home/ttuser/dev/muse-glimmer/tt-metal/tt_metal/hw/firmware/src/tt-1xx/ncrisck.cc,69,KERNEL_PROFILER'
   31 | #define DO_PRAGMA(x) _Pragma(#x)
      |                      ^~~~~~~
/home/ttuser/dev/muse-glimmer/tt-metal/tt_metal/tools/profiler/kernel_profiler.hpp:1045:5: note: in expansion of macro 'DO_PRAGMA'
 1045 |     DO_PRAGMA(message(PROFILER_MSG_NAME(name)));                               \
      |     ^~~~~~~~~
/home/ttuser/dev/muse-glimmer/tt-metal/tt_metal/hw/firmware/src/tt-1xx/ncrisck.cc:69:5: note: in expansion of macro 'DeviceZoneScopedMainChildN'
   69 |     DeviceZoneScopedMainChildN("NCRISC-KERNEL");
      |     ^~~~~~~~~~~~~~~~~~~~~~~~~~
Building brisc, compile step:
/home/ttuser/dev/muse-glimmer/tt-metal/runtime/sfpi/compiler/bin/riscv-tt-elf-g++ -O2 -std=c++17 -ftt-nttp -ftt-constinit -ftt-consteval -ftt-no-dyninit -flto=auto -ffast-math -fno-finite-math-only -fsigned-zeros -fno-associative-math -fno-exceptions -fno-rtti -fno-use-cxa-atexit -g -MMD -Wall -Werror -Wno-error=deprecated-declarations -Wno-error=multistatement-macros -Wno-error=parentheses -Wno-error=unused-but-set-variable -Wno-unused-variable -Wno-unused-function -mcpu=tt-bh -fno-tree-loop-distribute-patterns -I. -I.. -I/home/ttuser/dev/muse-glimmer/tt-metal/ -I/home/ttuser/dev/muse-glimmer/tt-metal/ttnn -I/home/ttuser/dev/muse-glimmer/tt-metal/ttnn/cpp -I/home/ttuser/dev/muse-glimmer/tt-metal/tt_metal -I/home/ttuser/dev/muse-glimmer/tt-metal/tt_metal/hw/inc -I/home/ttuser/dev/muse-glimmer/tt-metal/tt_metal/tt-llk/common -I/home/ttuser/dev/muse-glimmer/tt-metal/tt_metal/hostdevcommon/api -I/home/ttuser/dev/muse-glimmer/tt-metal/tt_metal/api/ -I/home/ttuser/dev/muse-glimmer/tt-metal/tt_metal/hw/ckernels/blackhole/metal/common -I/home/ttuser/dev/muse-glimmer/tt-metal/tt_metal/hw/ckernels/blackhole/metal/llk_io -I/home/ttuser/dev/muse-glimmer/tt-metal/tt_metal/hw/inc/internal/tt-1xx -I/home/ttuser/dev/muse-glimmer/tt-metal/tt_metal/hw/inc/internal/tt-1xx/blackhole -I/home/ttuser/dev/muse-glimmer/tt-metal/tt_metal/hw/inc/internal/tt-1xx/blackhole/blackhole_defines -I/home/ttuser/dev/muse-glimmer/tt-metal/tt_metal/hw/inc/internal/tt-1xx/blackhole/noc -I/home/ttuser/dev/muse-glimmer/tt-metal/tt_metal/tt-llk/tt_llk_blackhole/common/inc -I/home/ttuser/dev/muse-glimmer/tt-metal/tt_metal/tt-llk/tt_llk_blackhole/llk_lib -I/home/ttuser/dev/muse-glimmer/tt-metal/tt_metal/hw/firmware/src/tt-1xx -I/home/ttuser/dev/muse-glimmer/tt-metal/ttnn/cpp/ttnn/operations/experimental/minimal_matmul/device/kernels -DIS_NOT_POW2_NUM_L1_BANKS=1 -DLOG_BASE_2_OF_NUM_DRAM_BANKS=3 -DNUM_DRAM_BANKS=8 -DNUM_L1_BANKS=110 -DPCIE_NOC_X=19 -DPCIE_NOC_Y=24 -DTENSIX_FIRMWARE -DLOCAL_MEM_EN=0 -DPROFILE_KERNEL=1 -DPROFILER_FULL_HOST_BUFFER_SIZE_PER_RISC=48000 -DPROCESSOR_INDEX=0 -DCOMPILE_FOR_BRISC -DPROGRAMMABLE_CORE_TYPE=0 -DARCH_BLACKHOLE -DDISPATCH_MESSAGE_ADDR=4290184248 -DKERNEL_BUILD -DNOC_INDEX=0 -DNOC_MODE=0 -DFULL_KERNEL_NAME="dm_in0_sender/11610284992958122310/" -DKERNEL_COMPILE_TIME_ARGS=256,264,208,210,128,130,8,7,8,3,2,2048,2048,2048,0,1,2,0,1,1,128,2048,2,2048,2,2048 -c -o /home/ttuser/.cache/tt-metal-cache/477608128499675878/kernels/dm_in0_sender/11610284992958122310/brisc/brisck.9244252803826433989_386009.o /home/ttuser/dev/muse-glimmer/tt-metal/tt_metal/hw/firmware/src/tt-1xx/brisck.cc -MF /home/ttuser/.cache/tt-metal-cache/477608128499675878/kernels/dm_in0_sender/11610284992958122310/brisc/brisck.9244252803826433989_386009.d
In file included from /home/ttuser/dev/muse-glimmer/tt-metal/tt_metal/hw/inc/api/dataflow/dataflow_api.h:27,
                 from /home/ttuser/dev/muse-glimmer/tt-metal/tt_metal/hw/inc/internal/firmware_common.h:24,
                 from /home/ttuser/dev/muse-glimmer/tt-metal/tt_metal/hw/firmware/src/tt-1xx/brisck.cc:17:
/home/ttuser/dev/muse-glimmer/tt-metal/tt_metal/tools/profiler/kernel_profiler.hpp: In function 'void kernel_profiler::finish_profiler(bool)':
/home/ttuser/dev/muse-glimmer/tt-metal/tt_metal/tools/profiler/kernel_profiler.hpp:31:22: note: '#pragma message: PROFILER-NOC-FLUSH,/home/ttuser/dev/muse-glimmer/tt-metal/tt_metal/tools/profiler/kernel_profiler.hpp,480,KERNEL_PROFILER'
   31 | #define DO_PRAGMA(x) _Pragma(#x)
      |                      ^~~~~~~
/home/ttuser/dev/muse-glimmer/tt-metal/tt_metal/tools/profiler/kernel_profiler.hpp:41:5: note: in expansion of macro 'DO_PRAGMA'
   41 |     DO_PRAGMA(message(PROFILER_MSG_NAME(name))); \
      |     ^~~~~~~~~
/home/ttuser/dev/muse-glimmer/tt-metal/tt_metal/tools/profiler/kernel_profiler.hpp:480:17: note: in expansion of macro 'SrcLocNameToHash'
  480 |                 SrcLocNameToHash("PROFILER-NOC-FLUSH");
      |                 ^~~~~~~~~~~~~~~~
/home/ttuser/dev/muse-glimmer/tt-metal/tt_metal/tools/profiler/kernel_profiler.hpp:31:22: note: '#pragma message: PROFILER-DRAM-PUSH,/home/ttuser/dev/muse-glimmer/tt-metal/tt_metal/tools/profiler/kernel_profiler.hpp,489,KERNEL_PROFILER'
   31 | #define DO_PRAGMA(x) _Pragma(#x)
      |                      ^~~~~~~
/home/ttuser/dev/muse-glimmer/tt-metal/tt_metal/tools/profiler/kernel_profiler.hpp:41:5: note: in expansion of macro 'DO_PRAGMA'
   41 |     DO_PRAGMA(message(PROFILER_MSG_NAME(name))); \
      |     ^~~~~~~~~
/home/ttuser/dev/muse-glimmer/tt-metal/tt_metal/tools/profiler/kernel_profiler.hpp:489:17: note: in expansion of macro 'SrcLocNameToHash'
  489 |                 SrcLocNameToHash("PROFILER-DRAM-PUSH");
      |                 ^~~~~~~~~~~~~~~~
/home/ttuser/dev/muse-glimmer/tt-metal/tt_metal/tools/profiler/kernel_profiler.hpp: In function 'void kernel_profiler::quick_push()':
/home/ttuser/dev/muse-glimmer/tt-metal/tt_metal/tools/profiler/kernel_profiler.hpp:31:22: note: '#pragma message: PROFILER-NOC-QUICK-PUSH,/home/ttuser/dev/muse-glimmer/tt-metal/tt_metal/tools/profiler/kernel_profiler.hpp,632,KERNEL_PROFILER'
   31 | #define DO_PRAGMA(x) _Pragma(#x)
      |                      ^~~~~~~
/home/ttuser/dev/muse-glimmer/tt-metal/tt_metal/tools/profiler/kernel_profiler.hpp:41:5: note: in expansion of macro 'DO_PRAGMA'
   41 |     DO_PRAGMA(message(PROFILER_MSG_NAME(name))); \
      |     ^~~~~~~~~
/home/ttuser/dev/muse-glimmer/tt-metal/tt_metal/tools/profiler/kernel_profiler.hpp:632:5: note: in expansion of macro 'SrcLocNameToHash'
  632 |     SrcLocNameToHash("PROFILER-NOC-QUICK-PUSH");
      |     ^~~~~~~~~~~~~~~~
/home/ttuser/dev/muse-glimmer/tt-metal/tt_metal/hw/firmware/src/tt-1xx/brisck.cc: In function 'uint32_t _start()':
/home/ttuser/dev/muse-glimmer/tt-metal/tt_metal/tools/profiler/kernel_profiler.hpp:31:22: note: '#pragma message: BRISC-KERNEL,/home/ttuser/dev/muse-glimmer/tt-metal/tt_metal/hw/firmware/src/tt-1xx/brisck.cc,77,KERNEL_PROFILER'
   31 | #define DO_PRAGMA(x) _Pragma(#x)
      |                      ^~~~~~~
/home/ttuser/dev/muse-glimmer/tt-metal/tt_metal/tools/profiler/kernel_profiler.hpp:1045:5: note: in expansion of macro 'DO_PRAGMA'
 1045 |     DO_PRAGMA(message(PROFILER_MSG_NAME(name)));                               \
      |     ^~~~~~~~~
/home/ttuser/dev/muse-glimmer/tt-metal/tt_metal/hw/firmware/src/tt-1xx/brisck.cc:77:9: note: in expansion of macro 'DeviceZoneScopedMainChildN'
   77 |         DeviceZoneScopedMainChildN("BRISC-KERNEL");
      |         ^~~~~~~~~~~~~~~~~~~~~~~~~~
Building trisc1, compile step:
/home/ttuser/dev/muse-glimmer/tt-metal/runtime/sfpi/compiler/bin/riscv-tt-elf-g++ -O3 -std=c++17 -ftt-nttp -ftt-constinit -ftt-consteval -ftt-no-dyninit -flto=auto -ffast-math -fno-finite-math-only -fsigned-zeros -fno-associative-math -fno-exceptions -fno-rtti -fno-use-cxa-atexit -g -MMD -Wall -Werror -Wno-error=deprecated-declarations -Wno-error=multistatement-macros -Wno-error=parentheses -Wno-error=unused-but-set-variable -Wno-unused-variable -Wno-unused-function -mcpu=tt-bh-tensix -I. -I.. -I/home/ttuser/dev/muse-glimmer/tt-metal/ -I/home/ttuser/dev/muse-glimmer/tt-metal/ttnn -I/home/ttuser/dev/muse-glimmer/tt-metal/ttnn/cpp -I/home/ttuser/dev/muse-glimmer/tt-metal/tt_metal -I/home/ttuser/dev/muse-glimmer/tt-metal/tt_metal/hw/inc -I/home/ttuser/dev/muse-glimmer/tt-metal/tt_metal/tt-llk/common -I/home/ttuser/dev/muse-glimmer/tt-metal/tt_metal/hostdevcommon/api -I/home/ttuser/dev/muse-glimmer/tt-metal/tt_metal/api/ -I/home/ttuser/dev/muse-glimmer/tt-metal/runtime/sfpi/include -I/home/ttuser/dev/muse-glimmer/tt-metal/tt_metal/hw/ckernels/blackhole/metal/common -I/home/ttuser/dev/muse-glimmer/tt-metal/tt_metal/hw/ckernels/blackhole/metal/llk_io -I/home/ttuser/dev/muse-glimmer/tt-metal/tt_metal/hw/inc/internal/tt-1xx -I/home/ttuser/dev/muse-glimmer/tt-metal/tt_metal/hw/inc/internal/tt-1xx/blackhole -I/home/ttuser/dev/muse-glimmer/tt-metal/tt_metal/hw/inc/internal/tt-1xx/blackhole/blackhole_defines -I/home/ttuser/dev/muse-glimmer/tt-metal/tt_metal/hw/inc/internal/tt-1xx/blackhole/noc -I/home/ttuser/dev/muse-glimmer/tt-metal/tt_metal/tt-llk/tt_llk_blackhole/common/inc -I/home/ttuser/dev/muse-glimmer/tt-metal/tt_metal/tt-llk/tt_llk_blackhole/llk_lib -I/home/ttuser/dev/muse-glimmer/tt-metal/tt_metal/hw/ckernels/blackhole/metal/llk_api -I/home/ttuser/dev/muse-glimmer/tt-metal/tt_metal/hw/ckernels/blackhole/metal/llk_api/llk_sfpu -I/home/ttuser/dev/muse-glimmer/tt-metal/tt_metal/hw/firmware/src/tt-1xx -I/home/ttuser/dev/muse-glimmer/tt-metal/ttnn/cpp/ttnn/operations/experimental/minimal_matmul/device/kernels -DIS_NOT_POW2_NUM_L1_BANKS=1 -DLOG_BASE_2_OF_NUM_DRAM_BANKS=3 -DNUM_DRAM_BANKS=8 -DNUM_L1_BANKS=110 -DPCIE_NOC_X=19 -DPCIE_NOC_Y=24 -DTENSIX_FIRMWARE -DLOCAL_MEM_EN=0 -DPROFILE_KERNEL=1 -DPROFILER_FULL_HOST_BUFFER_SIZE_PER_RISC=48000 -DPROCESSOR_INDEX=3 -DUCK_CHLKC_MATH -DCOMPILE_FOR_TRISC=1 -DPROGRAMMABLE_CORE_TYPE=0 -DARCH_BLACKHOLE -DDISPATCH_MESSAGE_ADDR=4290184248 -DKERNEL_BUILD -DFULL_KERNEL_NAME="compute/9059719989076616273/" -DKERNEL_COMPILE_TIME_ARGS=30,8,7,8,3,2,4,2 -c -o /home/ttuser/.cache/tt-metal-cache/477608128499675878/kernels/compute/9059719989076616273/trisc1/trisck.9244252803826433989_386009.o /home/ttuser/dev/muse-glimmer/tt-metal/tt_metal/hw/firmware/src/tt-1xx/trisck.cc -MF /home/ttuser/.cache/tt-metal-cache/477608128499675878/kernels/compute/9059719989076616273/trisc1/trisck.9244252803826433989_386009.d
In file included from /home/ttuser/dev/muse-glimmer/tt-metal/tt_metal/hw/firmware/src/tt-1xx/trisck.cc:15:
/home/ttuser/dev/muse-glimmer/tt-metal/tt_metal/hw/firmware/src/tt-1xx/trisck.cc: In function 'uint32_t _start()':
/home/ttuser/dev/muse-glimmer/tt-metal/tt_metal/tools/profiler/kernel_profiler.hpp:31:22: note: '#pragma message: TRISC-KERNEL,/home/ttuser/dev/muse-glimmer/tt-metal/tt_metal/hw/firmware/src/tt-1xx/trisck.cc,86,KERNEL_PROFILER'
   31 | #define DO_PRAGMA(x) _Pragma(#x)
      |                      ^~~~~~~
/home/ttuser/dev/muse-glimmer/tt-metal/tt_metal/tools/profiler/kernel_profiler.hpp:1045:5: note: in expansion of macro 'DO_PRAGMA'
 1045 |     DO_PRAGMA(message(PROFILER_MSG_NAME(name)));                               \
      |     ^~~~~~~~~
/home/ttuser/dev/muse-glimmer/tt-metal/tt_metal/hw/firmware/src/tt-1xx/trisck.cc:86:5: note: in expansion of macro 'DeviceZoneScopedMainChildN'
   86 |     DeviceZoneScopedMainChildN("TRISC-KERNEL");
      |     ^~~~~~~~~~~~~~~~~~~~~~~~~~
GROUP 8 rows=8192 attn_gate M8_K7_N8
GROUP 8 rows=8192 attn_gate default
GROUP 1 rows=8192 attn_gate probe_M8_K9_N8
Building trisc0, compile step:
/home/ttuser/dev/muse-glimmer/tt-metal/runtime/sfpi/compiler/bin/riscv-tt-elf-g++ -O3 -std=c++17 -ftt-nttp -ftt-constinit -ftt-consteval -ftt-no-dyninit -flto=auto -ffast-math -fno-finite-math-only -fsigned-zeros -fno-associative-math -fno-exceptions -fno-rtti -fno-use-cxa-atexit -g -MMD -Wall -Werror -Wno-error=deprecated-declarations -Wno-error=multistatement-macros -Wno-error=parentheses -Wno-error=unused-but-set-variable -Wno-unused-variable -Wno-unused-function -mcpu=tt-bh-tensix -I. -I.. -I/home/ttuser/dev/muse-glimmer/tt-metal/ -I/home/ttuser/dev/muse-glimmer/tt-metal/ttnn -I/home/ttuser/dev/muse-glimmer/tt-metal/ttnn/cpp -I/home/ttuser/dev/muse-glimmer/tt-metal/tt_metal -I/home/ttuser/dev/muse-glimmer/tt-metal/tt_metal/hw/inc -I/home/ttuser/dev/muse-glimmer/tt-metal/tt_metal/tt-llk/common -I/home/ttuser/dev/muse-glimmer/tt-metal/tt_metal/hostdevcommon/api -I/home/ttuser/dev/muse-glimmer/tt-metal/tt_metal/api/ -I/home/ttuser/dev/muse-glimmer/tt-metal/runtime/sfpi/include -I/home/ttuser/dev/muse-glimmer/tt-metal/tt_metal/hw/ckernels/blackhole/metal/common -I/home/ttuser/dev/muse-glimmer/tt-metal/tt_metal/hw/ckernels/blackhole/metal/llk_io -I/home/ttuser/dev/muse-glimmer/tt-metal/tt_metal/hw/inc/internal/tt-1xx -I/home/ttuser/dev/muse-glimmer/tt-metal/tt_metal/hw/inc/internal/tt-1xx/blackhole -I/home/ttuser/dev/muse-glimmer/tt-metal/tt_metal/hw/inc/internal/tt-1xx/blackhole/blackhole_defines -I/home/ttuser/dev/muse-glimmer/tt-metal/tt_metal/hw/inc/internal/tt-1xx/blackhole/noc -I/home/ttuser/dev/muse-glimmer/tt-metal/tt_metal/tt-llk/tt_llk_blackhole/common/inc -I/home/ttuser/dev/muse-glimmer/tt-metal/tt_metal/tt-llk/tt_llk_blackhole/llk_lib -I/home/ttuser/dev/muse-glimmer/tt-metal/tt_metal/hw/ckernels/blackhole/metal/llk_api -I/home/ttuser/dev/muse-glimmer/tt-metal/tt_metal/hw/ckernels/blackhole/metal/llk_api/llk_sfpu -I/home/ttuser/dev/muse-glimmer/tt-metal/tt_metal/hw/firmware/src/tt-1xx -I/home/ttuser/dev/muse-glimmer/tt-metal/ttnn/cpp/ttnn/operations/experimental/minimal_matmul/device/kernels -DIS_NOT_POW2_NUM_L1_BANKS=1 -DLOG_BASE_2_OF_NUM_DRAM_BANKS=3 -DNUM_DRAM_BANKS=8 -DNUM_L1_BANKS=110 -DPCIE_NOC_X=19 -DPCIE_NOC_Y=24 -DTENSIX_FIRMWARE -DLOCAL_MEM_EN=0 -DPROFILE_KERNEL=1 -DPROFILER_FULL_HOST_BUFFER_SIZE_PER_RISC=48000 -DPROCESSOR_INDEX=2 -DUCK_CHLKC_UNPACK -DCOMPILE_FOR_TRISC=0 -DPROGRAMMABLE_CORE_TYPE=0 -DARCH_BLACKHOLE -DDISPATCH_MESSAGE_ADDR=4290184248 -DKERNEL_BUILD -DFULL_KERNEL_NAME="compute/5923258177149530297/" -DKERNEL_COMPILE_TIME_ARGS=24,8,9,8,3,2,4,2 -c -o /home/ttuser/.cache/tt-metal-cache/477608128499675878/kernels/compute/5923258177149530297/trisc0/trisck.9244252803826433989_386009.o /home/ttuser/dev/muse-glimmer/tt-metal/tt_metal/hw/firmware/src/tt-1xx/trisck.cc -MF /home/ttuser/.cache/tt-metal-cache/477608128499675878/kernels/compute/5923258177149530297/trisc0/trisck.9244252803826433989_386009.d
In file included from /home/ttuser/dev/muse-glimmer/tt-metal/tt_metal/hw/ckernels/blackhole/metal/llk_io/llk_io_unpack.h:13,
                 from /home/ttuser/dev/muse-glimmer/tt-metal/tt_metal/hw/inc/api/compute/compute_kernel_api.h:97,
                 from /home/ttuser/dev/muse-glimmer/tt-metal/ttnn/cpp/ttnn/operations/experimental/minimal_matmul/device/kernels/compute.cpp:5,
                 from ../chlkc_unpack.cpp:3,
                 from /home/ttuser/dev/muse-glimmer/tt-metal/tt_metal/hw/ckernels/blackhole/metal/common/chlkc_list.h:26,
                 from /home/ttuser/dev/muse-glimmer/tt-metal/tt_metal/hw/firmware/src/tt-1xx/trisck.cc:13:
/home/ttuser/dev/muse-glimmer/tt-metal/tt_metal/hw/ckernels/blackhole/metal/llk_io/llk_io_unpack.h: In function 'void llk_wait_tiles(int, int32_t)':
/home/ttuser/dev/muse-glimmer/tt-metal/tt_metal/tools/profiler/kernel_profiler.hpp:31:22: note: '#pragma message: CB-COMPUTE-WAIT-FRONT,/home/ttuser/dev/muse-glimmer/tt-metal/tt_metal/hw/ckernels/blackhole/metal/llk_io/llk_io_unpack.h,19,KERNEL_PROFILER'
   31 | #define DO_PRAGMA(x) _Pragma(#x)
      |                      ^~~~~~~
/home/ttuser/dev/muse-glimmer/tt-metal/tt_metal/tools/profiler/kernel_profiler.hpp:1050:5: note: in expansion of macro 'DO_PRAGMA'
 1050 |     DO_PRAGMA(message(PROFILER_MSG_NAME(name)));                               \
      |     ^~~~~~~~~
/home/ttuser/dev/muse-glimmer/tt-metal/tt_metal/hw/ckernels/blackhole/metal/llk_io/llk_io_unpack.h:19:5: note: in expansion of macro 'DeviceZoneScopedSumN1'
   19 |     DeviceZoneScopedSumN1("CB-COMPUTE-WAIT-FRONT");
      |     ^~~~~~~~~~~~~~~~~~~~~
/home/ttuser/dev/muse-glimmer/tt-metal/tt_metal/hw/firmware/src/tt-1xx/trisck.cc: In function 'uint32_t _start()':
/home/ttuser/dev/muse-glimmer/tt-metal/tt_metal/tools/profiler/kernel_profiler.hpp:31:22: note: '#pragma message: TRISC-KERNEL,/home/ttuser/dev/muse-glimmer/tt-metal/tt_metal/hw/firmware/src/tt-1xx/trisck.cc,86,KERNEL_PROFILER'
   31 | #define DO_PRAGMA(x) _Pragma(#x)
      |                      ^~~~~~~
/home/ttuser/dev/muse-glimmer/tt-metal/tt_metal/tools/profiler/kernel_profiler.hpp:1045:5: note: in expansion of macro 'DO_PRAGMA'
 1045 |     DO_PRAGMA(message(PROFILER_MSG_NAME(name)));                               \
      |     ^~~~~~~~~
/home/ttuser/dev/muse-glimmer/tt-metal/tt_metal/hw/firmware/src/tt-1xx/trisck.cc:86:5: note: in expansion of macro 'DeviceZoneScopedMainChildN'
   86 |     DeviceZoneScopedMainChildN("TRISC-KERNEL");
      |     ^~~~~~~~~~~~~~~~~~~~~~~~~~
Building trisc2, compile step:
/home/ttuser/dev/muse-glimmer/tt-metal/runtime/sfpi/compiler/bin/riscv-tt-elf-g++ -O3 -std=c++17 -ftt-nttp -ftt-constinit -ftt-consteval -ftt-no-dyninit -flto=auto -ffast-math -fno-finite-math-only -fsigned-zeros -fno-associative-math -fno-exceptions -fno-rtti -fno-use-cxa-atexit -g -MMD -Wall -Werror -Wno-error=deprecated-declarations -Wno-error=multistatement-macros -Wno-error=parentheses -Wno-error=unused-but-set-variable -Wno-unused-variable -Wno-unused-function -mcpu=tt-bh-tensix -I. -I.. -I/home/ttuser/dev/muse-glimmer/tt-metal/ -I/home/ttuser/dev/muse-glimmer/tt-metal/ttnn -I/home/ttuser/dev/muse-glimmer/tt-metal/ttnn/cpp -I/home/ttuser/dev/muse-glimmer/tt-metal/tt_metal -I/home/ttuser/dev/muse-glimmer/tt-metal/tt_metal/hw/inc -I/home/ttuser/dev/muse-glimmer/tt-metal/tt_metal/tt-llk/common -I/home/ttuser/dev/muse-glimmer/tt-metal/tt_metal/hostdevcommon/api -I/home/ttuser/dev/muse-glimmer/tt-metal/tt_metal/api/ -I/home/ttuser/dev/muse-glimmer/tt-metal/runtime/sfpi/include -I/home/ttuser/dev/muse-glimmer/tt-metal/tt_metal/hw/ckernels/blackhole/metal/common -I/home/ttuser/dev/muse-glimmer/tt-metal/tt_metal/hw/ckernels/blackhole/metal/llk_io -I/home/ttuser/dev/muse-glimmer/tt-metal/tt_metal/hw/inc/internal/tt-1xx -I/home/ttuser/dev/muse-glimmer/tt-metal/tt_metal/hw/inc/internal/tt-1xx/blackhole -I/home/ttuser/dev/muse-glimmer/tt-metal/tt_metal/hw/inc/internal/tt-1xx/blackhole/blackhole_defines -I/home/ttuser/dev/muse-glimmer/tt-metal/tt_metal/hw/inc/internal/tt-1xx/blackhole/noc -I/home/ttuser/dev/muse-glimmer/tt-metal/tt_metal/tt-llk/tt_llk_blackhole/common/inc -I/home/ttuser/dev/muse-glimmer/tt-metal/tt_metal/tt-llk/tt_llk_blackhole/llk_lib -I/home/ttuser/dev/muse-glimmer/tt-metal/tt_metal/hw/ckernels/blackhole/metal/llk_api -I/home/ttuser/dev/muse-glimmer/tt-metal/tt_metal/hw/ckernels/blackhole/metal/llk_api/llk_sfpu -I/home/ttuser/dev/muse-glimmer/tt-metal/tt_metal/hw/firmware/src/tt-1xx -I/home/ttuser/dev/muse-glimmer/tt-metal/ttnn/cpp/ttnn/operations/experimental/minimal_matmul/device/kernels -DIS_NOT_POW2_NUM_L1_BANKS=1 -DLOG_BASE_2_OF_NUM_DRAM_BANKS=3 -DNUM_DRAM_BANKS=8 -DNUM_L1_BANKS=110 -DPCIE_NOC_X=19 -DPCIE_NOC_Y=24 -DTENSIX_FIRMWARE -DLOCAL_MEM_EN=0 -DPROFILE_KERNEL=1 -DPROFILER_FULL_HOST_BUFFER_SIZE_PER_RISC=48000 -DPROCESSOR_INDEX=4 -DUCK_CHLKC_PACK -DCOMPILE_FOR_TRISC=2 -DPROGRAMMABLE_CORE_TYPE=0 -DARCH_BLACKHOLE -DDISPATCH_MESSAGE_ADDR=4290184248 -DKERNEL_BUILD -DFULL_KERNEL_NAME="compute/5923258177149530297/" -DKERNEL_COMPILE_TIME_ARGS=24,8,9,8,3,2,4,2 -c -o /home/ttuser/.cache/tt-metal-cache/477608128499675878/kernels/compute/5923258177149530297/trisc2/trisck.9244252803826433989_386009.o /home/ttuser/dev/muse-glimmer/tt-metal/tt_metal/hw/firmware/src/tt-1xx/trisck.cc -MF /home/ttuser/.cache/tt-metal-cache/477608128499675878/kernels/compute/5923258177149530297/trisc2/trisck.9244252803826433989_386009.d
In file included from /home/ttuser/dev/muse-glimmer/tt-metal/tt_metal/hw/ckernels/blackhole/metal/llk_io/llk_io_pack.h:14,
                 from /home/ttuser/dev/muse-glimmer/tt-metal/tt_metal/hw/inc/api/compute/compute_kernel_api.h:72,
                 from /home/ttuser/dev/muse-glimmer/tt-metal/ttnn/cpp/ttnn/operations/experimental/minimal_matmul/device/kernels/compute.cpp:5,
                 from ../chlkc_pack.cpp:3,
                 from /home/ttuser/dev/muse-glimmer/tt-metal/tt_metal/hw/ckernels/blackhole/metal/common/chlkc_list.h:21,
                 from /home/ttuser/dev/muse-glimmer/tt-metal/tt_metal/hw/firmware/src/tt-1xx/trisck.cc:13:
/home/ttuser/dev/muse-glimmer/tt-metal/tt_metal/hw/ckernels/blackhole/metal/llk_io/llk_io_pack.h: In function 'void llk_wait_for_free_tiles(int32_t, int32_t)':
/home/ttuser/dev/muse-glimmer/tt-metal/tt_metal/tools/profiler/kernel_profiler.hpp:31:22: note: '#pragma message: CB-COMPUTE-RESERVE-BACK,/home/ttuser/dev/muse-glimmer/tt-metal/tt_metal/hw/ckernels/blackhole/metal/llk_io/llk_io_pack.h,21,KERNEL_PROFILER'
   31 | #define DO_PRAGMA(x) _Pragma(#x)
      |                      ^~~~~~~
/home/ttuser/dev/muse-glimmer/tt-metal/tt_metal/tools/profiler/kernel_profiler.hpp:1055:5: note: in expansion of macro 'DO_PRAGMA'
 1055 |     DO_PRAGMA(message(PROFILER_MSG_NAME(name)));                               \
      |     ^~~~~~~~~
/home/ttuser/dev/muse-glimmer/tt-metal/tt_metal/hw/ckernels/blackhole/metal/llk_io/llk_io_pack.h:21:5: note: in expansion of macro 'DeviceZoneScopedSumN2'
   21 |     DeviceZoneScopedSumN2("CB-COMPUTE-RESERVE-BACK");
      |     ^~~~~~~~~~~~~~~~~~~~~
/home/ttuser/dev/muse-glimmer/tt-metal/tt_metal/hw/firmware/src/tt-1xx/trisck.cc: In function 'uint32_t _start()':
/home/ttuser/dev/muse-glimmer/tt-metal/tt_metal/tools/profiler/kernel_profiler.hpp:31:22: note: '#pragma message: TRISC-KERNEL,/home/ttuser/dev/muse-glimmer/tt-metal/tt_metal/hw/firmware/src/tt-1xx/trisck.cc,86,KERNEL_PROFILER'
   31 | #define DO_PRAGMA(x) _Pragma(#x)
      |                      ^~~~~~~
/home/ttuser/dev/muse-glimmer/tt-metal/tt_metal/tools/profiler/kernel_profiler.hpp:1045:5: note: in expansion of macro 'DO_PRAGMA'
 1045 |     DO_PRAGMA(message(PROFILER_MSG_NAME(name)));                               \
      |     ^~~~~~~~~
/home/ttuser/dev/muse-glimmer/tt-metal/tt_metal/hw/firmware/src/tt-1xx/trisck.cc:86:5: note: in expansion of macro 'DeviceZoneScopedMainChildN'
   86 |     DeviceZoneScopedMainChildN("TRISC-KERNEL");
      |     ^~~~~~~~~~~~~~~~~~~~~~~~~~
Building ncrisc, compile step:
/home/ttuser/dev/muse-glimmer/tt-metal/runtime/sfpi/compiler/bin/riscv-tt-elf-g++ -O2 -std=c++17 -ftt-nttp -ftt-constinit -ftt-consteval -ftt-no-dyninit -flto=auto -ffast-math -fno-finite-math-only -fsigned-zeros -fno-associative-math -fno-exceptions -fno-rtti -fno-use-cxa-atexit -g -MMD -Wall -Werror -Wno-error=deprecated-declarations -Wno-error=multistatement-macros -Wno-error=parentheses -Wno-error=unused-but-set-variable -Wno-unused-variable -Wno-unused-function -mcpu=tt-bh -fno-tree-loop-distribute-patterns -I. -I.. -I/home/ttuser/dev/muse-glimmer/tt-metal/ -I/home/ttuser/dev/muse-glimmer/tt-metal/ttnn -I/home/ttuser/dev/muse-glimmer/tt-metal/ttnn/cpp -I/home/ttuser/dev/muse-glimmer/tt-metal/tt_metal -I/home/ttuser/dev/muse-glimmer/tt-metal/tt_metal/hw/inc -I/home/ttuser/dev/muse-glimmer/tt-metal/tt_metal/tt-llk/common -I/home/ttuser/dev/muse-glimmer/tt-metal/tt_metal/hostdevcommon/api -I/home/ttuser/dev/muse-glimmer/tt-metal/tt_metal/api/ -I/home/ttuser/dev/muse-glimmer/tt-metal/tt_metal/hw/ckernels/blackhole/metal/common -I/home/ttuser/dev/muse-glimmer/tt-metal/tt_metal/hw/ckernels/blackhole/metal/llk_io -I/home/ttuser/dev/muse-glimmer/tt-metal/tt_metal/hw/inc/internal/tt-1xx -I/home/ttuser/dev/muse-glimmer/tt-metal/tt_metal/hw/inc/internal/tt-1xx/blackhole -I/home/ttuser/dev/muse-glimmer/tt-metal/tt_metal/hw/inc/internal/tt-1xx/blackhole/blackhole_defines -I/home/ttuser/dev/muse-glimmer/tt-metal/tt_metal/hw/inc/internal/tt-1xx/blackhole/noc -I/home/ttuser/dev/muse-glimmer/tt-metal/tt_metal/tt-llk/tt_llk_blackhole/common/inc -I/home/ttuser/dev/muse-glimmer/tt-metal/tt_metal/tt-llk/tt_llk_blackhole/llk_lib -I/home/ttuser/dev/muse-glimmer/tt-metal/tt_metal/hw/firmware/src/tt-1xx -I/home/ttuser/dev/muse-glimmer/tt-metal/ttnn/cpp/ttnn/operations/experimental/minimal_matmul/device/kernels -DIS_NOT_POW2_NUM_L1_BANKS=1 -DLOG_BASE_2_OF_NUM_DRAM_BANKS=3 -DNUM_DRAM_BANKS=8 -DNUM_L1_BANKS=110 -DPCIE_NOC_X=19 -DPCIE_NOC_Y=24 -DTENSIX_FIRMWARE -DLOCAL_MEM_EN=0 -DPROFILE_KERNEL=1 -DPROFILER_FULL_HOST_BUFFER_SIZE_PER_RISC=48000 -DPROCESSOR_INDEX=1 -DCOMPILE_FOR_NCRISC -DPROGRAMMABLE_CORE_TYPE=0 -DARCH_BLACKHOLE -DDISPATCH_MESSAGE_ADDR=4290184248 -DKERNEL_BUILD -DNOC_INDEX=1 -DNOC_MODE=0 -DFULL_KERNEL_NAME="dm_in1_sender_out/9429464100682987740/" -DKERNEL_COMPILE_TIME_ARGS=256,264,208,216,128,130,8,9,8,3,2,2048,2048,2048,3,4,5,1,0,1,128,2,2048,2,2048 -c -o /home/ttuser/.cache/tt-metal-cache/477608128499675878/kernels/dm_in1_sender_out/9429464100682987740/ncrisc/ncrisck.9244252803826433989_386009.o /home/ttuser/dev/muse-glimmer/tt-metal/tt_metal/hw/firmware/src/tt-1xx/ncrisck.cc -MF /home/ttuser/.cache/tt-metal-cache/477608128499675878/kernels/dm_in1_sender_out/9429464100682987740/ncrisc/ncrisck.9244252803826433989_386009.d
In file included from /home/ttuser/dev/muse-glimmer/tt-metal/tt_metal/hw/inc/api/dataflow/dataflow_api.h:27,
                 from /home/ttuser/dev/muse-glimmer/tt-metal/tt_metal/hw/inc/internal/firmware_common.h:24,
                 from /home/ttuser/dev/muse-glimmer/tt-metal/tt_metal/hw/firmware/src/tt-1xx/ncrisck.cc:17:
/home/ttuser/dev/muse-glimmer/tt-metal/tt_metal/tools/profiler/kernel_profiler.hpp: In function 'void kernel_profiler::quick_push()':
/home/ttuser/dev/muse-glimmer/tt-metal/tt_metal/tools/profiler/kernel_profiler.hpp:31:22: note: '#pragma message: PROFILER-NOC-QUICK-PUSH,/home/ttuser/dev/muse-glimmer/tt-metal/tt_metal/tools/profiler/kernel_profiler.hpp,632,KERNEL_PROFILER'
   31 | #define DO_PRAGMA(x) _Pragma(#x)
      |                      ^~~~~~~
/home/ttuser/dev/muse-glimmer/tt-metal/tt_metal/tools/profiler/kernel_profiler.hpp:41:5: note: in expansion of macro 'DO_PRAGMA'
   41 |     DO_PRAGMA(message(PROFILER_MSG_NAME(name))); \
      |     ^~~~~~~~~
/home/ttuser/dev/muse-glimmer/tt-metal/tt_metal/tools/profiler/kernel_profiler.hpp:632:5: note: in expansion of macro 'SrcLocNameToHash'
  632 |     SrcLocNameToHash("PROFILER-NOC-QUICK-PUSH");
      |     ^~~~~~~~~~~~~~~~
/home/ttuser/dev/muse-glimmer/tt-metal/tt_metal/hw/firmware/src/tt-1xx/ncrisck.cc: In function 'uint32_t _start()':
/home/ttuser/dev/muse-glimmer/tt-metal/tt_metal/tools/profiler/kernel_profiler.hpp:31:22: note: '#pragma message: NCRISC-KERNEL,/home/ttuser/dev/muse-glimmer/tt-metal/tt_metal/hw/firmware/src/tt-1xx/ncrisck.cc,69,KERNEL_PROFILER'
   31 | #define DO_PRAGMA(x) _Pragma(#x)
      |                      ^~~~~~~
/home/ttuser/dev/muse-glimmer/tt-metal/tt_metal/tools/profiler/kernel_profiler.hpp:1045:5: note: in expansion of macro 'DO_PRAGMA'
 1045 |     DO_PRAGMA(message(PROFILER_MSG_NAME(name)));                               \
      |     ^~~~~~~~~
/home/ttuser/dev/muse-glimmer/tt-metal/tt_metal/hw/firmware/src/tt-1xx/ncrisck.cc:69:5: note: in expansion of macro 'DeviceZoneScopedMainChildN'
   69 |     DeviceZoneScopedMainChildN("NCRISC-KERNEL");
      |     ^~~~~~~~~~~~~~~~~~~~~~~~~~
Building ncrisc, compile step:
/home/ttuser/dev/muse-glimmer/tt-metal/runtime/sfpi/compiler/bin/riscv-tt-elf-g++ -O2 -std=c++17 -ftt-nttp -ftt-constinit -ftt-consteval -ftt-no-dyninit -flto=auto -ffast-math -fno-finite-math-only -fsigned-zeros -fno-associative-math -fno-exceptions -fno-rtti -fno-use-cxa-atexit -g -MMD -Wall -Werror -Wno-error=deprecated-declarations -Wno-error=multistatement-macros -Wno-error=parentheses -Wno-error=unused-but-set-variable -Wno-unused-variable -Wno-unused-function -mcpu=tt-bh -fno-tree-loop-distribute-patterns -I. -I.. -I/home/ttuser/dev/muse-glimmer/tt-metal/ -I/home/ttuser/dev/muse-glimmer/tt-metal/ttnn -I/home/ttuser/dev/muse-glimmer/tt-metal/ttnn/cpp -I/home/ttuser/dev/muse-glimmer/tt-metal/tt_metal -I/home/ttuser/dev/muse-glimmer/tt-metal/tt_metal/hw/inc -I/home/ttuser/dev/muse-glimmer/tt-metal/tt_metal/tt-llk/common -I/home/ttuser/dev/muse-glimmer/tt-metal/tt_metal/hostdevcommon/api -I/home/ttuser/dev/muse-glimmer/tt-metal/tt_metal/api/ -I/home/ttuser/dev/muse-glimmer/tt-metal/tt_metal/hw/ckernels/blackhole/metal/common -I/home/ttuser/dev/muse-glimmer/tt-metal/tt_metal/hw/ckernels/blackhole/metal/llk_io -I/home/ttuser/dev/muse-glimmer/tt-metal/tt_metal/hw/inc/internal/tt-1xx -I/home/ttuser/dev/muse-glimmer/tt-metal/tt_metal/hw/inc/internal/tt-1xx/blackhole -I/home/ttuser/dev/muse-glimmer/tt-metal/tt_metal/hw/inc/internal/tt-1xx/blackhole/blackhole_defines -I/home/ttuser/dev/muse-glimmer/tt-metal/tt_metal/hw/inc/internal/tt-1xx/blackhole/noc -I/home/ttuser/dev/muse-glimmer/tt-metal/tt_metal/tt-llk/tt_llk_blackhole/common/inc -I/home/ttuser/dev/muse-glimmer/tt-metal/tt_metal/tt-llk/tt_llk_blackhole/llk_lib -I/home/ttuser/dev/muse-glimmer/tt-metal/tt_metal/hw/firmware/src/tt-1xx -I/home/ttuser/dev/muse-glimmer/tt-metal/ttnn/cpp/ttnn/operations/experimental/minimal_matmul/device/kernels -DIS_NOT_POW2_NUM_L1_BANKS=1 -DLOG_BASE_2_OF_NUM_DRAM_BANKS=3 -DNUM_DRAM_BANKS=8 -DNUM_L1_BANKS=110 -DPCIE_NOC_X=19 -DPCIE_NOC_Y=24 -DTENSIX_FIRMWARE -DLOCAL_MEM_EN=0 -DPROFILE_KERNEL=1 -DPROFILER_FULL_HOST_BUFFER_SIZE_PER_RISC=48000 -DPROCESSOR_INDEX=1 -DCOMPILE_FOR_NCRISC -DPROGRAMMABLE_CORE_TYPE=0 -DARCH_BLACKHOLE -DDISPATCH_MESSAGE_ADDR=4290184248 -DKERNEL_BUILD -DNOC_INDEX=1 -DNOC_MODE=0 -DFULL_KERNEL_NAME="dm_in1_sender_out/13580917585068087107/" -DKERNEL_COMPILE_TIME_ARGS=256,264,208,216,128,130,8,9,8,3,2,2048,2048,2048,3,4,5,1,1,1,128,2,2048,2,2048 -c -o /home/ttuser/.cache/tt-metal-cache/477608128499675878/kernels/dm_in1_sender_out/13580917585068087107/ncrisc/ncrisck.9244252803826433989_386009.o /home/ttuser/dev/muse-glimmer/tt-metal/tt_metal/hw/firmware/src/tt-1xx/ncrisck.cc -MF /home/ttuser/.cache/tt-metal-cache/477608128499675878/kernels/dm_in1_sender_out/13580917585068087107/ncrisc/ncrisck.9244252803826433989_386009.d
In file included from /home/ttuser/dev/muse-glimmer/tt-metal/tt_metal/hw/inc/api/dataflow/dataflow_api.h:27,
                 from /home/ttuser/dev/muse-glimmer/tt-metal/tt_metal/hw/inc/internal/firmware_common.h:24,
                 from /home/ttuser/dev/muse-glimmer/tt-metal/tt_metal/hw/firmware/src/tt-1xx/ncrisck.cc:17:
/home/ttuser/dev/muse-glimmer/tt-metal/tt_metal/tools/profiler/kernel_profiler.hpp: In function 'void kernel_profiler::quick_push()':
/home/ttuser/dev/muse-glimmer/tt-metal/tt_metal/tools/profiler/kernel_profiler.hpp:31:22: note: '#pragma message: PROFILER-NOC-QUICK-PUSH,/home/ttuser/dev/muse-glimmer/tt-metal/tt_metal/tools/profiler/kernel_profiler.hpp,632,KERNEL_PROFILER'
   31 | #define DO_PRAGMA(x) _Pragma(#x)
      |                      ^~~~~~~
/home/ttuser/dev/muse-glimmer/tt-metal/tt_metal/tools/profiler/kernel_profiler.hpp:41:5: note: in expansion of macro 'DO_PRAGMA'
   41 |     DO_PRAGMA(message(PROFILER_MSG_NAME(name))); \
      |     ^~~~~~~~~
/home/ttuser/dev/muse-glimmer/tt-metal/tt_metal/tools/profiler/kernel_profiler.hpp:632:5: note: in expansion of macro 'SrcLocNameToHash'
  632 |     SrcLocNameToHash("PROFILER-NOC-QUICK-PUSH");
      |     ^~~~~~~~~~~~~~~~
/home/ttuser/dev/muse-glimmer/tt-metal/tt_metal/hw/firmware/src/tt-1xx/ncrisck.cc: In function 'uint32_t _start()':
/home/ttuser/dev/muse-glimmer/tt-metal/tt_metal/tools/profiler/kernel_profiler.hpp:31:22: note: '#pragma message: NCRISC-KERNEL,/home/ttuser/dev/muse-glimmer/tt-metal/tt_metal/hw/firmware/src/tt-1xx/ncrisck.cc,69,KERNEL_PROFILER'
   31 | #define DO_PRAGMA(x) _Pragma(#x)
      |                      ^~~~~~~
/home/ttuser/dev/muse-glimmer/tt-metal/tt_metal/tools/profiler/kernel_profiler.hpp:1045:5: note: in expansion of macro 'DO_PRAGMA'
 1045 |     DO_PRAGMA(message(PROFILER_MSG_NAME(name)));                               \
      |     ^~~~~~~~~
/home/ttuser/dev/muse-glimmer/tt-metal/tt_metal/hw/firmware/src/tt-1xx/ncrisck.cc:69:5: note: in expansion of macro 'DeviceZoneScopedMainChildN'
   69 |     DeviceZoneScopedMainChildN("NCRISC-KERNEL");
      |     ^~~~~~~~~~~~~~~~~~~~~~~~~~
Building brisc, compile step:
/home/ttuser/dev/muse-glimmer/tt-metal/runtime/sfpi/compiler/bin/riscv-tt-elf-g++ -O2 -std=c++17 -ftt-nttp -ftt-constinit -ftt-consteval -ftt-no-dyninit -flto=auto -ffast-math -fno-finite-math-only -fsigned-zeros -fno-associative-math -fno-exceptions -fno-rtti -fno-use-cxa-atexit -g -MMD -Wall -Werror -Wno-error=deprecated-declarations -Wno-error=multistatement-macros -Wno-error=parentheses -Wno-error=unused-but-set-variable -Wno-unused-variable -Wno-unused-function -mcpu=tt-bh -fno-tree-loop-distribute-patterns -I. -I.. -I/home/ttuser/dev/muse-glimmer/tt-metal/ -I/home/ttuser/dev/muse-glimmer/tt-metal/ttnn -I/home/ttuser/dev/muse-glimmer/tt-metal/ttnn/cpp -I/home/ttuser/dev/muse-glimmer/tt-metal/tt_metal -I/home/ttuser/dev/muse-glimmer/tt-metal/tt_metal/hw/inc -I/home/ttuser/dev/muse-glimmer/tt-metal/tt_metal/tt-llk/common -I/home/ttuser/dev/muse-glimmer/tt-metal/tt_metal/hostdevcommon/api -I/home/ttuser/dev/muse-glimmer/tt-metal/tt_metal/api/ -I/home/ttuser/dev/muse-glimmer/tt-metal/tt_metal/hw/ckernels/blackhole/metal/common -I/home/ttuser/dev/muse-glimmer/tt-metal/tt_metal/hw/ckernels/blackhole/metal/llk_io -I/home/ttuser/dev/muse-glimmer/tt-metal/tt_metal/hw/inc/internal/tt-1xx -I/home/ttuser/dev/muse-glimmer/tt-metal/tt_metal/hw/inc/internal/tt-1xx/blackhole -I/home/ttuser/dev/muse-glimmer/tt-metal/tt_metal/hw/inc/internal/tt-1xx/blackhole/blackhole_defines -I/home/ttuser/dev/muse-glimmer/tt-metal/tt_metal/hw/inc/internal/tt-1xx/blackhole/noc -I/home/ttuser/dev/muse-glimmer/tt-metal/tt_metal/tt-llk/tt_llk_blackhole/common/inc -I/home/ttuser/dev/muse-glimmer/tt-metal/tt_metal/tt-llk/tt_llk_blackhole/llk_lib -I/home/ttuser/dev/muse-glimmer/tt-metal/tt_metal/hw/firmware/src/tt-1xx -I/home/ttuser/dev/muse-glimmer/tt-metal/ttnn/cpp/ttnn/operations/experimental/minimal_matmul/device/kernels -DIS_NOT_POW2_NUM_L1_BANKS=1 -DLOG_BASE_2_OF_NUM_DRAM_BANKS=3 -DNUM_DRAM_BANKS=8 -DNUM_L1_BANKS=110 -DPCIE_NOC_X=19 -DPCIE_NOC_Y=24 -DTENSIX_FIRMWARE -DLOCAL_MEM_EN=0 -DPROFILE_KERNEL=1 -DPROFILER_FULL_HOST_BUFFER_SIZE_PER_RISC=48000 -DPROCESSOR_INDEX=0 -DCOMPILE_FOR_BRISC -DPROGRAMMABLE_CORE_TYPE=0 -DARCH_BLACKHOLE -DDISPATCH_MESSAGE_ADDR=4290184248 -DKERNEL_BUILD -DNOC_INDEX=0 -DNOC_MODE=0 -DFULL_KERNEL_NAME="dm_in0_sender/2481872485115250713/" -DKERNEL_COMPILE_TIME_ARGS=256,264,208,216,128,130,8,9,8,3,2,2048,2048,2048,0,1,2,0,0,1,128,2048,2,2048,2,2048 -c -o /home/ttuser/.cache/tt-metal-cache/477608128499675878/kernels/dm_in0_sender/2481872485115250713/brisc/brisck.9244252803826433989_386009.o /home/ttuser/dev/muse-glimmer/tt-metal/tt_metal/hw/firmware/src/tt-1xx/brisck.cc -MF /home/ttuser/.cache/tt-metal-cache/477608128499675878/kernels/dm_in0_sender/2481872485115250713/brisc/brisck.9244252803826433989_386009.d
In file included from /home/ttuser/dev/muse-glimmer/tt-metal/tt_metal/hw/inc/api/dataflow/dataflow_api.h:27,
                 from /home/ttuser/dev/muse-glimmer/tt-metal/tt_metal/hw/inc/internal/firmware_common.h:24,
                 from /home/ttuser/dev/muse-glimmer/tt-metal/tt_metal/hw/firmware/src/tt-1xx/brisck.cc:17:
/home/ttuser/dev/muse-glimmer/tt-metal/tt_metal/tools/profiler/kernel_profiler.hpp: In function 'void kernel_profiler::finish_profiler(bool)':
/home/ttuser/dev/muse-glimmer/tt-metal/tt_metal/tools/profiler/kernel_profiler.hpp:31:22: note: '#pragma message: PROFILER-NOC-FLUSH,/home/ttuser/dev/muse-glimmer/tt-metal/tt_metal/tools/profiler/kernel_profiler.hpp,480,KERNEL_PROFILER'
   31 | #define DO_PRAGMA(x) _Pragma(#x)
      |                      ^~~~~~~
/home/ttuser/dev/muse-glimmer/tt-metal/tt_metal/tools/profiler/kernel_profiler.hpp:41:5: note: in expansion of macro 'DO_PRAGMA'
   41 |     DO_PRAGMA(message(PROFILER_MSG_NAME(name))); \
      |     ^~~~~~~~~
/home/ttuser/dev/muse-glimmer/tt-metal/tt_metal/tools/profiler/kernel_profiler.hpp:480:17: note: in expansion of macro 'SrcLocNameToHash'
  480 |                 SrcLocNameToHash("PROFILER-NOC-FLUSH");
      |                 ^~~~~~~~~~~~~~~~
/home/ttuser/dev/muse-glimmer/tt-metal/tt_metal/tools/profiler/kernel_profiler.hpp:31:22: note: '#pragma message: PROFILER-DRAM-PUSH,/home/ttuser/dev/muse-glimmer/tt-metal/tt_metal/tools/profiler/kernel_profiler.hpp,489,KERNEL_PROFILER'
   31 | #define DO_PRAGMA(x) _Pragma(#x)
      |                      ^~~~~~~
/home/ttuser/dev/muse-glimmer/tt-metal/tt_metal/tools/profiler/kernel_profiler.hpp:41:5: note: in expansion of macro 'DO_PRAGMA'
   41 |     DO_PRAGMA(message(PROFILER_MSG_NAME(name))); \
      |     ^~~~~~~~~
/home/ttuser/dev/muse-glimmer/tt-metal/tt_metal/tools/profiler/kernel_profiler.hpp:489:17: note: in expansion of macro 'SrcLocNameToHash'
  489 |                 SrcLocNameToHash("PROFILER-DRAM-PUSH");
      |                 ^~~~~~~~~~~~~~~~
/home/ttuser/dev/muse-glimmer/tt-metal/tt_metal/tools/profiler/kernel_profiler.hpp: In function 'void kernel_profiler::quick_push()':
/home/ttuser/dev/muse-glimmer/tt-metal/tt_metal/tools/profiler/kernel_profiler.hpp:31:22: note: '#pragma message: PROFILER-NOC-QUICK-PUSH,/home/ttuser/dev/muse-glimmer/tt-metal/tt_metal/tools/profiler/kernel_profiler.hpp,632,KERNEL_PROFILER'
   31 | #define DO_PRAGMA(x) _Pragma(#x)
      |                      ^~~~~~~
/home/ttuser/dev/muse-glimmer/tt-metal/tt_metal/tools/profiler/kernel_profiler.hpp:41:5: note: in expansion of macro 'DO_PRAGMA'
   41 |     DO_PRAGMA(message(PROFILER_MSG_NAME(name))); \
      |     ^~~~~~~~~
/home/ttuser/dev/muse-glimmer/tt-metal/tt_metal/tools/profiler/kernel_profiler.hpp:632:5: note: in expansion of macro 'SrcLocNameToHash'
  632 |     SrcLocNameToHash("PROFILER-NOC-QUICK-PUSH");
      |     ^~~~~~~~~~~~~~~~
/home/ttuser/dev/muse-glimmer/tt-metal/tt_metal/hw/firmware/src/tt-1xx/brisck.cc: In function 'uint32_t _start()':
/home/ttuser/dev/muse-glimmer/tt-metal/tt_metal/tools/profiler/kernel_profiler.hpp:31:22: note: '#pragma message: BRISC-KERNEL,/home/ttuser/dev/muse-glimmer/tt-metal/tt_metal/hw/firmware/src/tt-1xx/brisck.cc,77,KERNEL_PROFILER'
   31 | #define DO_PRAGMA(x) _Pragma(#x)
      |                      ^~~~~~~
/home/ttuser/dev/muse-glimmer/tt-metal/tt_metal/tools/profiler/kernel_profiler.hpp:1045:5: note: in expansion of macro 'DO_PRAGMA'
 1045 |     DO_PRAGMA(message(PROFILER_MSG_NAME(name)));                               \
      |     ^~~~~~~~~
/home/ttuser/dev/muse-glimmer/tt-metal/tt_metal/hw/firmware/src/tt-1xx/brisck.cc:77:9: note: in expansion of macro 'DeviceZoneScopedMainChildN'
   77 |         DeviceZoneScopedMainChildN("BRISC-KERNEL");
      |         ^~~~~~~~~~~~~~~~~~~~~~~~~~
Building brisc, compile step:
/home/ttuser/dev/muse-glimmer/tt-metal/runtime/sfpi/compiler/bin/riscv-tt-elf-g++ -O2 -std=c++17 -ftt-nttp -ftt-constinit -ftt-consteval -ftt-no-dyninit -flto=auto -ffast-math -fno-finite-math-only -fsigned-zeros -fno-associative-math -fno-exceptions -fno-rtti -fno-use-cxa-atexit -g -MMD -Wall -Werror -Wno-error=deprecated-declarations -Wno-error=multistatement-macros -Wno-error=parentheses -Wno-error=unused-but-set-variable -Wno-unused-variable -Wno-unused-function -mcpu=tt-bh -fno-tree-loop-distribute-patterns -I. -I.. -I/home/ttuser/dev/muse-glimmer/tt-metal/ -I/home/ttuser/dev/muse-glimmer/tt-metal/ttnn -I/home/ttuser/dev/muse-glimmer/tt-metal/ttnn/cpp -I/home/ttuser/dev/muse-glimmer/tt-metal/tt_metal -I/home/ttuser/dev/muse-glimmer/tt-metal/tt_metal/hw/inc -I/home/ttuser/dev/muse-glimmer/tt-metal/tt_metal/tt-llk/common -I/home/ttuser/dev/muse-glimmer/tt-metal/tt_metal/hostdevcommon/api -I/home/ttuser/dev/muse-glimmer/tt-metal/tt_metal/api/ -I/home/ttuser/dev/muse-glimmer/tt-metal/tt_metal/hw/ckernels/blackhole/metal/common -I/home/ttuser/dev/muse-glimmer/tt-metal/tt_metal/hw/ckernels/blackhole/metal/llk_io -I/home/ttuser/dev/muse-glimmer/tt-metal/tt_metal/hw/inc/internal/tt-1xx -I/home/ttuser/dev/muse-glimmer/tt-metal/tt_metal/hw/inc/internal/tt-1xx/blackhole -I/home/ttuser/dev/muse-glimmer/tt-metal/tt_metal/hw/inc/internal/tt-1xx/blackhole/blackhole_defines -I/home/ttuser/dev/muse-glimmer/tt-metal/tt_metal/hw/inc/internal/tt-1xx/blackhole/noc -I/home/ttuser/dev/muse-glimmer/tt-metal/tt_metal/tt-llk/tt_llk_blackhole/common/inc -I/home/ttuser/dev/muse-glimmer/tt-metal/tt_metal/tt-llk/tt_llk_blackhole/llk_lib -I/home/ttuser/dev/muse-glimmer/tt-metal/tt_metal/hw/firmware/src/tt-1xx -I/home/ttuser/dev/muse-glimmer/tt-metal/ttnn/cpp/ttnn/operations/experimental/minimal_matmul/device/kernels -DIS_NOT_POW2_NUM_L1_BANKS=1 -DLOG_BASE_2_OF_NUM_DRAM_BANKS=3 -DNUM_DRAM_BANKS=8 -DNUM_L1_BANKS=110 -DPCIE_NOC_X=19 -DPCIE_NOC_Y=24 -DTENSIX_FIRMWARE -DLOCAL_MEM_EN=0 -DPROFILE_KERNEL=1 -DPROFILER_FULL_HOST_BUFFER_SIZE_PER_RISC=48000 -DPROCESSOR_INDEX=0 -DCOMPILE_FOR_BRISC -DPROGRAMMABLE_CORE_TYPE=0 -DARCH_BLACKHOLE -DDISPATCH_MESSAGE_ADDR=4290184248 -DKERNEL_BUILD -DNOC_INDEX=0 -DNOC_MODE=0 -DFULL_KERNEL_NAME="dm_in0_sender/10958543600301682674/" -DKERNEL_COMPILE_TIME_ARGS=256,264,208,216,128,130,8,9,8,3,2,2048,2048,2048,0,1,2,0,1,1,128,2048,2,2048,2,2048 -c -o /home/ttuser/.cache/tt-metal-cache/477608128499675878/kernels/dm_in0_sender/10958543600301682674/brisc/brisck.9244252803826433989_386009.o /home/ttuser/dev/muse-glimmer/tt-metal/tt_metal/hw/firmware/src/tt-1xx/brisck.cc -MF /home/ttuser/.cache/tt-metal-cache/477608128499675878/kernels/dm_in0_sender/10958543600301682674/brisc/brisck.9244252803826433989_386009.d
In file included from /home/ttuser/dev/muse-glimmer/tt-metal/tt_metal/hw/inc/api/dataflow/dataflow_api.h:27,
                 from /home/ttuser/dev/muse-glimmer/tt-metal/tt_metal/hw/inc/internal/firmware_common.h:24,
                 from /home/ttuser/dev/muse-glimmer/tt-metal/tt_metal/hw/firmware/src/tt-1xx/brisck.cc:17:
/home/ttuser/dev/muse-glimmer/tt-metal/tt_metal/tools/profiler/kernel_profiler.hpp: In function 'void kernel_profiler::finish_profiler(bool)':
/home/ttuser/dev/muse-glimmer/tt-metal/tt_metal/tools/profiler/kernel_profiler.hpp:31:22: note: '#pragma message: PROFILER-NOC-FLUSH,/home/ttuser/dev/muse-glimmer/tt-metal/tt_metal/tools/profiler/kernel_profiler.hpp,480,KERNEL_PROFILER'
   31 | #define DO_PRAGMA(x) _Pragma(#x)
      |                      ^~~~~~~
/home/ttuser/dev/muse-glimmer/tt-metal/tt_metal/tools/profiler/kernel_profiler.hpp:41:5: note: in expansion of macro 'DO_PRAGMA'
   41 |     DO_PRAGMA(message(PROFILER_MSG_NAME(name))); \
      |     ^~~~~~~~~
/home/ttuser/dev/muse-glimmer/tt-metal/tt_metal/tools/profiler/kernel_profiler.hpp:480:17: note: in expansion of macro 'SrcLocNameToHash'
  480 |                 SrcLocNameToHash("PROFILER-NOC-FLUSH");
      |                 ^~~~~~~~~~~~~~~~
/home/ttuser/dev/muse-glimmer/tt-metal/tt_metal/tools/profiler/kernel_profiler.hpp:31:22: note: '#pragma message: PROFILER-DRAM-PUSH,/home/ttuser/dev/muse-glimmer/tt-metal/tt_metal/tools/profiler/kernel_profiler.hpp,489,KERNEL_PROFILER'
   31 | #define DO_PRAGMA(x) _Pragma(#x)
      |                      ^~~~~~~
/home/ttuser/dev/muse-glimmer/tt-metal/tt_metal/tools/profiler/kernel_profiler.hpp:41:5: note: in expansion of macro 'DO_PRAGMA'
   41 |     DO_PRAGMA(message(PROFILER_MSG_NAME(name))); \
      |     ^~~~~~~~~
/home/ttuser/dev/muse-glimmer/tt-metal/tt_metal/tools/profiler/kernel_profiler.hpp:489:17: note: in expansion of macro 'SrcLocNameToHash'
  489 |                 SrcLocNameToHash("PROFILER-DRAM-PUSH");
      |                 ^~~~~~~~~~~~~~~~
/home/ttuser/dev/muse-glimmer/tt-metal/tt_metal/tools/profiler/kernel_profiler.hpp: In function 'void kernel_profiler::quick_push()':
/home/ttuser/dev/muse-glimmer/tt-metal/tt_metal/tools/profiler/kernel_profiler.hpp:31:22: note: '#pragma message: PROFILER-NOC-QUICK-PUSH,/home/ttuser/dev/muse-glimmer/tt-metal/tt_metal/tools/profiler/kernel_profiler.hpp,632,KERNEL_PROFILER'
   31 | #define DO_PRAGMA(x) _Pragma(#x)
      |                      ^~~~~~~
/home/ttuser/dev/muse-glimmer/tt-metal/tt_metal/tools/profiler/kernel_profiler.hpp:41:5: note: in expansion of macro 'DO_PRAGMA'
   41 |     DO_PRAGMA(message(PROFILER_MSG_NAME(name))); \
      |     ^~~~~~~~~
/home/ttuser/dev/muse-glimmer/tt-metal/tt_metal/tools/profiler/kernel_profiler.hpp:632:5: note: in expansion of macro 'SrcLocNameToHash'
  632 |     SrcLocNameToHash("PROFILER-NOC-QUICK-PUSH");
      |     ^~~~~~~~~~~~~~~~
/home/ttuser/dev/muse-glimmer/tt-metal/tt_metal/hw/firmware/src/tt-1xx/brisck.cc: In function 'uint32_t _start()':
/home/ttuser/dev/muse-glimmer/tt-metal/tt_metal/tools/profiler/kernel_profiler.hpp:31:22: note: '#pragma message: BRISC-KERNEL,/home/ttuser/dev/muse-glimmer/tt-metal/tt_metal/hw/firmware/src/tt-1xx/brisck.cc,77,KERNEL_PROFILER'
   31 | #define DO_PRAGMA(x) _Pragma(#x)
      |                      ^~~~~~~
/home/ttuser/dev/muse-glimmer/tt-metal/tt_metal/tools/profiler/kernel_profiler.hpp:1045:5: note: in expansion of macro 'DO_PRAGMA'
 1045 |     DO_PRAGMA(message(PROFILER_MSG_NAME(name)));                               \
      |     ^~~~~~~~~
/home/ttuser/dev/muse-glimmer/tt-metal/tt_metal/hw/firmware/src/tt-1xx/brisck.cc:77:9: note: in expansion of macro 'DeviceZoneScopedMainChildN'
   77 |         DeviceZoneScopedMainChildN("BRISC-KERNEL");
      |         ^~~~~~~~~~~~~~~~~~~~~~~~~~
Building trisc1, compile step:
/home/ttuser/dev/muse-glimmer/tt-metal/runtime/sfpi/compiler/bin/riscv-tt-elf-g++ -O3 -std=c++17 -ftt-nttp -ftt-constinit -ftt-consteval -ftt-no-dyninit -flto=auto -ffast-math -fno-finite-math-only -fsigned-zeros -fno-associative-math -fno-exceptions -fno-rtti -fno-use-cxa-atexit -g -MMD -Wall -Werror -Wno-error=deprecated-declarations -Wno-error=multistatement-macros -Wno-error=parentheses -Wno-error=unused-but-set-variable -Wno-unused-variable -Wno-unused-function -mcpu=tt-bh-tensix -I. -I.. -I/home/ttuser/dev/muse-glimmer/tt-metal/ -I/home/ttuser/dev/muse-glimmer/tt-metal/ttnn -I/home/ttuser/dev/muse-glimmer/tt-metal/ttnn/cpp -I/home/ttuser/dev/muse-glimmer/tt-metal/tt_metal -I/home/ttuser/dev/muse-glimmer/tt-metal/tt_metal/hw/inc -I/home/ttuser/dev/muse-glimmer/tt-metal/tt_metal/tt-llk/common -I/home/ttuser/dev/muse-glimmer/tt-metal/tt_metal/hostdevcommon/api -I/home/ttuser/dev/muse-glimmer/tt-metal/tt_metal/api/ -I/home/ttuser/dev/muse-glimmer/tt-metal/runtime/sfpi/include -I/home/ttuser/dev/muse-glimmer/tt-metal/tt_metal/hw/ckernels/blackhole/metal/common -I/home/ttuser/dev/muse-glimmer/tt-metal/tt_metal/hw/ckernels/blackhole/metal/llk_io -I/home/ttuser/dev/muse-glimmer/tt-metal/tt_metal/hw/inc/internal/tt-1xx -I/home/ttuser/dev/muse-glimmer/tt-metal/tt_metal/hw/inc/internal/tt-1xx/blackhole -I/home/ttuser/dev/muse-glimmer/tt-metal/tt_metal/hw/inc/internal/tt-1xx/blackhole/blackhole_defines -I/home/ttuser/dev/muse-glimmer/tt-metal/tt_metal/hw/inc/internal/tt-1xx/blackhole/noc -I/home/ttuser/dev/muse-glimmer/tt-metal/tt_metal/tt-llk/tt_llk_blackhole/common/inc -I/home/ttuser/dev/muse-glimmer/tt-metal/tt_metal/tt-llk/tt_llk_blackhole/llk_lib -I/home/ttuser/dev/muse-glimmer/tt-metal/tt_metal/hw/ckernels/blackhole/metal/llk_api -I/home/ttuser/dev/muse-glimmer/tt-metal/tt_metal/hw/ckernels/blackhole/metal/llk_api/llk_sfpu -I/home/ttuser/dev/muse-glimmer/tt-metal/tt_metal/hw/firmware/src/tt-1xx -I/home/ttuser/dev/muse-glimmer/tt-metal/ttnn/cpp/ttnn/operations/experimental/minimal_matmul/device/kernels -DIS_NOT_POW2_NUM_L1_BANKS=1 -DLOG_BASE_2_OF_NUM_DRAM_BANKS=3 -DNUM_DRAM_BANKS=8 -DNUM_L1_BANKS=110 -DPCIE_NOC_X=19 -DPCIE_NOC_Y=24 -DTENSIX_FIRMWARE -DLOCAL_MEM_EN=0 -DPROFILE_KERNEL=1 -DPROFILER_FULL_HOST_BUFFER_SIZE_PER_RISC=48000 -DPROCESSOR_INDEX=3 -DUCK_CHLKC_MATH -DCOMPILE_FOR_TRISC=1 -DPROGRAMMABLE_CORE_TYPE=0 -DARCH_BLACKHOLE -DDISPATCH_MESSAGE_ADDR=4290184248 -DKERNEL_BUILD -DFULL_KERNEL_NAME="compute/5923258177149530297/" -DKERNEL_COMPILE_TIME_ARGS=24,8,9,8,3,2,4,2 -c -o /home/ttuser/.cache/tt-metal-cache/477608128499675878/kernels/compute/5923258177149530297/trisc1/trisck.9244252803826433989_386009.o /home/ttuser/dev/muse-glimmer/tt-metal/tt_metal/hw/firmware/src/tt-1xx/trisck.cc -MF /home/ttuser/.cache/tt-metal-cache/477608128499675878/kernels/compute/5923258177149530297/trisc1/trisck.9244252803826433989_386009.d
In file included from /home/ttuser/dev/muse-glimmer/tt-metal/tt_metal/hw/firmware/src/tt-1xx/trisck.cc:15:
/home/ttuser/dev/muse-glimmer/tt-metal/tt_metal/hw/firmware/src/tt-1xx/trisck.cc: In function 'uint32_t _start()':
/home/ttuser/dev/muse-glimmer/tt-metal/tt_metal/tools/profiler/kernel_profiler.hpp:31:22: note: '#pragma message: TRISC-KERNEL,/home/ttuser/dev/muse-glimmer/tt-metal/tt_metal/hw/firmware/src/tt-1xx/trisck.cc,86,KERNEL_PROFILER'
   31 | #define DO_PRAGMA(x) _Pragma(#x)
      |                      ^~~~~~~
/home/ttuser/dev/muse-glimmer/tt-metal/tt_metal/tools/profiler/kernel_profiler.hpp:1045:5: note: in expansion of macro 'DO_PRAGMA'
 1045 |     DO_PRAGMA(message(PROFILER_MSG_NAME(name)));                               \
      |     ^~~~~~~~~
/home/ttuser/dev/muse-glimmer/tt-metal/tt_metal/hw/firmware/src/tt-1xx/trisck.cc:86:5: note: in expansion of macro 'DeviceZoneScopedMainChildN'
   86 |     DeviceZoneScopedMainChildN("TRISC-KERNEL");
      |     ^~~~~~~~~~~~~~~~~~~~~~~~~~
GROUP 8 rows=8192 attn_gate M8_K9_N8
GROUP 8 rows=8192 attn_gate default
2026-08-12 02:14:02.890 | warning  |           Metal | Unable to set process priority to 0, error code: -1 (thread_pool.cpp:107)
2026-08-12 02:14:02.890 | warning  |           Metal | Unable to set process priority to 0, error code: -1 (thread_pool.cpp:107)
2026-08-12 02:14:02.891 | warning  |           Metal | Unable to set process priority to 0, error code: -1 (thread_pool.cpp:107)
2026-08-12 02:14:02.891 | warning  |           Metal | Unable to set process priority to 0, error code: -1 (thread_pool.cpp:107)
2026-08-12 02:14:02.892 | warning  |           Metal | Unable to set process priority to 0, error code: -1 (thread_pool.cpp:107)
2026-08-12 02:14:02.892 | warning  |           Metal | Unable to set process priority to 0, error code: -1 (thread_pool.cpp:107)
2026-08-12 02:14:02.893 | warning  |           Metal | Unable to set process priority to 0, error code: -1 (thread_pool.cpp:107)
2026-08-12 02:14:02.893 | warning  |           Metal | Unable to set process priority to 0, error code: -1 (thread_pool.cpp:107)
2026-08-12 02:14:03.091 | info     |           Metal | Device kernel duration perf summary (device=3): count=118, min=1865281ns, avg=2777900.8ns, max=3712719ns (profiler_analysis.cpp:726)
2026-08-12 02:14:03.091 | info     |           Metal | Device kernel duration perf histogram (device=3): (buckets=10, bucket_size=184800ns, range=[1848000..3696000), underflow(<1848000ns)=0, overflow(>=3696000ns)=8) (profiler_analysis.cpp:769)
2026-08-12 02:14:03.091 | info     |           Metal |   [     1848000 ..      2032800) |########################################|       59 (profiler_analysis.cpp:774)
2026-08-12 02:14:03.091 | info     |           Metal |   [     2032800 ..      2217600) |                                        |        0 (profiler_analysis.cpp:774)
2026-08-12 02:14:03.091 | info     |           Metal |   [     2217600 ..      2402400) |                                        |        0 (profiler_analysis.cpp:774)
2026-08-12 02:14:03.091 | info     |           Metal |   [     2402400 ..      2587200) |                                        |        0 (profiler_analysis.cpp:774)
2026-08-12 02:14:03.091 | info     |           Metal |   [     2587200 ..      2772000) |                                        |        0 (profiler_analysis.cpp:774)
2026-08-12 02:14:03.091 | info     |           Metal |   [     2772000 ..      2956800) |                                        |        0 (profiler_analysis.cpp:774)
2026-08-12 02:14:03.091 | info     |           Metal |   [     2956800 ..      3141600) |                                        |        0 (profiler_analysis.cpp:774)
2026-08-12 02:14:03.091 | info     |           Metal |   [     3141600 ..      3326400) |                                        |        0 (profiler_analysis.cpp:774)
2026-08-12 02:14:03.091 | info     |           Metal |   [     3326400 ..      3511200) |                                        |        0 (profiler_analysis.cpp:774)
2026-08-12 02:14:03.091 | info     |           Metal |   [     3511200 ..      3696000) |###################################     |       51 (profiler_analysis.cpp:774)
nanobind: leaked 1 instances!
 - leaked instance 0x78e284f01ae8 of type "ttnn._ttnn.tensor.CoreRangeSet"
nanobind: leaked 13 types!
 - leaked type "ttnn._ttnn.operations.matmul.MatmulMultiCoreReuseMultiCast1DProgramConfig"
 - leaked type "ttnn._ttnn.operations.matmul.MatmulInputs"
 - leaked type "ttnn._ttnn.operations.matmul.MatmulMultiCoreReuseMultiCastBatchedDRAMShardedProgramConfig"
 - leaked type "UnaryOpType"
 - leaked type "ttnn._ttnn.operations.matmul.MatmulMultiCoreReuseOptimizedProgramFactory"
 - leaked type "ttnn._ttnn.operations.matmul.MatmulParams"
 - leaked type "ttnn._ttnn.tensor.CoreRangeSet"
 - leaked type "ttnn._ttnn.operations.matmul.MatmulMultiCoreReuseProgramConfig"
 - leaked type "ttnn._ttnn.operations.matmul.MatmulDeviceOperation"
 - leaked type "ttnn._ttnn.operations.matmul.MatmulProgramConfig"
 - ... skipped remainder
nanobind: leaked 202 functions!
 - leaked function ""
 - leaked function "deallocate"
 - leaked function ""
 - leaked function ""
 - leaked function "__eq__"
 - leaked function "get_dtype"
 - leaked function ""
 - leaked function ""
 - leaked function "__repr__"
 - leaked function ""
 - ... skipped remainder
nanobind: this is likely caused by a reference counting issue in the binding code.
See https://nanobind.readthedocs.io/en/latest/refleaks.html2026-08-12 02:14:03.636 | info     |    BuildKernels | JIT cache stats: 34/74 hits (45.9%) [34 cached, 8 build-once dedup, 0 merged artifacts, 0 merged genfiles] (build_cache_telemetry.cpp:207)
2026-08-12 02:14:03.636 | info     |    BuildKernels | JIT telemetry: 3 registered TelemetryTokens (build_cache_telemetry.cpp:230)
2026-08-12 02:14:03.648 | info     |          Device | Closing user mode device drivers (tt_cluster.cpp:513)
2026-08-12 02:14:03.648 | info     |             UMD | Closing devices in cluster (cluster.cpp:1197)
2026-08-12 02:14:04.113 | info     |             UMD | Closing devices in cluster completed. (cluster.cpp:1206)
2026-08-12 02:14:04.114 | info     |             UMD | Cluster destructor started. (cluster.cpp:912)
2026-08-12 02:14:04.114 | info     |             UMD | Cluster destructor completed. (cluster.cpp:915)

Timer resolution: 0 ns

Frames: 2
Time span: 10.6 s
Zones: 261,194
Elapsed time: 7.9 s
Saving trace... done!
Trace size 2302.54 KB (17.77% ratio)
2026-08-12 02:14:04.280 | INFO     | __main__:main:469 - Copying /home/ttuser/dev/muse-glimmer/tt-metal/generated/profiler/.logs/tracy_profile_log_host.tracy to /home/ttuser/dev/muse-glimmer/tt-metal/build/profiler/build_wasm/traces/prefill_matmul_kblock_device5_2026_08_12_02_14_04.tracy
2026-08-12 02:14:04.280 | INFO     | __main__:main:472 - Copied /home/ttuser/dev/muse-glimmer/tt-metal/generated/profiler/.logs/tracy_profile_log_host.tracy to /home/ttuser/dev/muse-glimmer/tt-metal/build/profiler/build_wasm/traces/prefill_matmul_kblock_device5_2026_08_12_02_14_04.tracy
2026-08-12 02:14:04.281 | INFO     | __main__:main:481 - embed.tracy -> traces/prefill_matmul_kblock_device5_2026_08_12_02_14_04.tracy
2026-08-12 02:14:04.281 | INFO     | tracy.serve_wasm:launch_server_subprocess:284 - Launching tracy web app GUI server subprocess...
2026-08-12 02:14:04.281 | INFO     | tracy.serve_wasm:launch_server_subprocess:287 - Tracy WASM web UI (open in browser): http://localhost:8080/ (WebSocket for live reload: ws://localhost:8081/)
2026-08-12 02:14:04.281 | INFO     | tracy.serve_wasm:launch_server_subprocess:294 - Tracy WASM server already serving port 8080; reusing it (live-reload refreshes the browser).
2026-08-12 02:14:04.375 | INFO     | tracy:generate_report:162 - Host side ops time report generated at /home/ttuser/dev/muse-glimmer/tt-metal/generated/profiler/.logs/tracy_ops_times.csv
2026-08-12 02:14:04.381 | INFO     | tracy:generate_report:173 - Host side ops data report generated at /home/ttuser/dev/muse-glimmer/tt-metal/generated/profiler/.logs/tracy_ops_data.csv
2026-08-12 02:14:04.381 | INFO     | tracy.process_ops_logs:import_tracy_op_logs:422 - Importing ops logs
/home/ttuser/dev/muse-glimmer/tt-metal/tools/tracy/process_ops_logs.py:527: DtypeWarning: Columns (3,4,8) have mixed types. Specify dtype option on import or set low_memory=False.
  df = pd.read_csv(tracyOpTimesLog)
2026-08-12 02:14:04.645 | INFO     | tracy.perf_counter_analysis:get_device_op_data:2140 - Getting device ops
2026-08-12 02:14:04.645 | INFO     | tracy.process_ops_logs:append_device_data:1086 - Appending device data
2026-08-12 02:14:04.908 | INFO     | tracy.process_ops_logs:generate_reports:1419 - OPs' perf analysis is finished! Generating reports ...
2026-08-12 02:14:04.909 | INFO     | tracy.process_ops_logs:generate_reports:1439 - Copying runtime artifacts
2026-08-12 02:14:04.918 | INFO     | tracy.process_ops_logs:generate_reports:1448 - Generating OPs CSV
2026-08-12 02:14:04.947 | INFO     | tracy.process_ops_logs:generate_reports:1904 - OPs csv generated at: /home/ttuser/dev/muse-glimmer/tt-metal/generated/profiler/reports/2026_08_12_02_14_04/ops_perf_results_2026_08_12_02_14_04.csv
