MessageName;total_ns
perf_event_paranoid: 4;207901142
Failed to get tracefs path, cannot setup system tracing.;207971043
SYNC_CHECK;2099321657
`TT_DNN_DEVICE_OP: "TilizeDeviceOperation", 430968113463407428, 3, false, 1027 ->
{
    "attributes": {
        "enough_space_height": "true",
        "enough_space_width": "true",
        "output_dtype": "DataType::BFLOAT16",
        "output_mem_config": "MemoryConfig(memory_layout=TensorMemoryLayout::INTERLEAVED,buffer_type=BufferType::DRAM,shard_spec=std::nullopt,nd_shard_spec=std::nullopt,created_with_nd_shard_spec=0)",
        "sub_core_grids": "std::nullopt",
        "use_low_perf": "false",
        "use_multicore": "true"
    },
    "device_id": 3,
    "global_call_count": 1027,
    "input_tensors": [
        {
            "dtype": "BFLOAT16",
            "layout": "ROW_MAJOR",
            "shape": {
                "W": "1[1]",
                "X": "3072[3072]",
                "Y": "32[32]",
                "Z": "1[1]"
            },
            "storage_type": {
                "device_id": 0,
                "memory_config": {
                    "buffer_type": "DRAM",
                    "memory_layout": "INTERLEAVED"
                }
            }
        }
    ],
    "kernel_info": {
        "compute_kernels": [
            {
                "math_fidelity": "HiFi4",
                "name": "tilize_wh/14307883186269081375/",
                "source": "ttnn/cpp/ttnn/operations/data_movement/tilize/device/kernels/compute/tilize_wh.cpp"
            }
        ],
        "datamovement_kernels": [
            {
                "name": "writer_unary_interleaved_start_id_wh/6130454132225694093/",
                "source": "ttnn/cpp/ttnn/operations/eltwise/unary/device/kernels/dataflow/writer_unary_interleaved_start_id_wh.cpp"
            },
            {
                "name": "reader_unary_pad_multicore_both_dims/10439824332601792018/",
                "source": "ttnn/cpp/ttnn/operations/data_movement/tilize_with_val_padding/device/kernels/dataflow/reader_unary_pad_multicore_both_dims.cpp"
            }
        ],
        "kernel_sizes": {
            "ACTIVE_ETH_DM_0_max_kernel_size": 0,
            "ACTIVE_ETH_DM_1_max_kernel_size": 0,
            "IDLE_ETH_DM_0_max_kernel_size": 0,
            "IDLE_ETH_DM_1_max_kernel_size": 0,
            "TENSIX_COMPUTE_0_max_kernel_size": 1220,
            "TENSIX_COMPUTE_1_max_kernel_size": 728,
            "TENSIX_COMPUTE_2_max_kernel_size": 1548,
            "TENSIX_DM_0_max_kernel_size": 744,
            "TENSIX_DM_1_max_kernel_size": 3008
        }
    },
    "op_code": "TilizeDeviceOperation",
    "op_hash": 430968113463407428,
    "op_type": "tt_dnn_device",
    "optional_input_tensors": [],
    "output_tensors": [
        {
            "dtype": "BFLOAT16",
            "layout": "TILE",
            "shape": {
                "W": "1[1]",
                "X": "3072[3072]",
                "Y": "32[32]",
                "Z": "1[1]"
            },
            "storage_type": {
                "device_id": 0,
                "memory_config": {
                    "buffer_type": "DRAM",
                    "memory_layout": "INTERLEAVED"
                }
            }
        }
    ],
    "performance_model": {
        "bandwidth_ns": 1,
        "compute_ns": 1,
        "ideal_ns": 1,
        "input_bws": [],
        "output_bws": []
    },
    "program_cache_hit": false
}`;5137472081
`TT_DNN_DEVICE_OP: "InterleavedToShardedDeviceOperation", 12794459944554447165, 3, false, 2051 ->
{
    "attributes": {
        "keep_l1_aligned": "false",
        "output_dtype": "DataType::BFLOAT16",
        "output_mem_config": "MemoryConfig(memory_layout=TensorMemoryLayout::WIDTH_SHARDED,buffer_type=BufferType::L1,shard_spec=ShardSpec{grid=[{\"start\":{\"x\":0,\"y\":0},\"end\":{\"x\":7,\"y\":0}], shape=[32, 384], orientation=ShardOrientation::ROW_MAJOR},nd_shard_spec=std::nullopt,created_with_nd_shard_spec=0)"
    },
    "device_id": 3,
    "global_call_count": 2051,
    "input_tensors": [
        {
            "dtype": "BFLOAT16",
            "layout": "TILE",
            "shape": {
                "W": "1[1]",
                "X": "3072[3072]",
                "Y": "32[32]",
                "Z": "1[1]"
            },
            "storage_type": {
                "device_id": 0,
                "memory_config": {
                    "buffer_type": "DRAM",
                    "memory_layout": "INTERLEAVED"
                }
            }
        }
    ],
    "kernel_info": {
        "compute_kernels": [],
        "datamovement_kernels": [
            {
                "name": "writer_unary_sharded/8354490188168529288/",
                "source": "ttnn/cpp/ttnn/operations/data_movement/sharded/device/kernels/dataflow/writer_unary_sharded.cpp"
            },
            {
                "name": "reader_unary_sharded_blocks_interleaved_start_id/3275973852447321533/",
                "source": "ttnn/cpp/ttnn/operations/data_movement/sharded/device/kernels/dataflow/reader_unary_sharded_blocks_interleaved_start_id.cpp"
            }
        ],
        "kernel_sizes": {
            "ACTIVE_ETH_DM_0_max_kernel_size": 0,
            "ACTIVE_ETH_DM_1_max_kernel_size": 0,
            "IDLE_ETH_DM_0_max_kernel_size": 0,
            "IDLE_ETH_DM_1_max_kernel_size": 0,
            "TENSIX_COMPUTE_0_max_kernel_size": 0,
            "TENSIX_COMPUTE_1_max_kernel_size": 0,
            "TENSIX_COMPUTE_2_max_kernel_size": 0,
            "TENSIX_DM_0_max_kernel_size": 384,
            "TENSIX_DM_1_max_kernel_size": 876
        }
    },
    "op_code": "InterleavedToShardedDeviceOperation",
    "op_hash": 12794459944554447165,
    "op_type": "tt_dnn_device",
    "optional_input_tensors": [],
    "output_tensors": [
        {
            "dtype": "BFLOAT16",
            "layout": "TILE",
            "shape": {
                "W": "1[1]",
                "X": "3072[3072]",
                "Y": "32[32]",
                "Z": "1[1]"
            },
            "storage_type": {
                "device_id": 0,
                "memory_config": {
                    "buffer_type": "L1",
                    "memory_layout": "WIDTH_SHARDED"
                }
            }
        }
    ],
    "performance_model": {
        "bandwidth_ns": 1,
        "compute_ns": 1,
        "ideal_ns": 1,
        "input_bws": [],
        "output_bws": []
    },
    "program_cache_hit": false
}`;5287603550
`TT_DNN_DEVICE_OP: "LayerNormDeviceOperation", 2072525249377109293, 3, false, 3075 ->
{
    "attributes": {
        "compute_kernel_config": "ComputeKernelConfig(math_fidelity=LoFi,math_approx_mode=0,fp32_dest_acc_en=0,packer_l1_acc=1,dst_full_sync_en=0,throttle_level=ThrottleLevel::NO_THROTTLE)",
        "distributed_norm_stage": "DistributedLayerNormStage::NOT_DISTRIBUTED",
        "dtype": "std::nullopt",
        "eps": "1e-05",
        "fused_activation": "std::nullopt",
        "norm_type": "LayerNormType::RMSNORM",
        "output_mem_config": "MemoryConfig(memory_layout=TensorMemoryLayout::WIDTH_SHARDED,buffer_type=BufferType::L1,shard_spec=ShardSpec{grid=[{\"start\":{\"x\":0,\"y\":0},\"end\":{\"x\":7,\"y\":0}], shape=[32, 384], orientation=ShardOrientation::ROW_MAJOR},nd_shard_spec=std::nullopt,created_with_nd_shard_spec=0)",
        "program_config": "LayerNormShardedMultiCoreProgramConfig(compute_with_storage_grid_size=8-1,subblock_w=4,block_h=1,block_w=12,inplace=0,legacy_reduction=0,legacy_rsqrt=0,use_welford=0)"
    },
    "device_id": 3,
    "global_call_count": 3075,
    "input_tensors": [
        {
            "dtype": "BFLOAT16",
            "layout": "TILE",
            "shape": {
                "W": "1[1]",
                "X": "3072[3072]",
                "Y": "32[32]",
                "Z": "1[1]"
            },
            "storage_type": {
                "device_id": 0,
                "memory_config": {
                    "buffer_type": "L1",
                    "memory_layout": "WIDTH_SHARDED"
                }
            }
        },
        {
            "dtype": "BFLOAT16",
            "layout": "ROW_MAJOR",
            "shape": {
                "W": "1[1]",
                "X": "32[32]",
                "Y": "96[96]",
                "Z": "1[1]"
            },
            "storage_type": {
                "device_id": 0,
                "memory_config": {
                    "buffer_type": "DRAM",
                    "memory_layout": "INTERLEAVED"
                }
            }
        }
    ],
    "kernel_info": {
        "compute_kernels": [
            {
                "math_fidelity": "LoFi",
                "name": "layernorm_sharded/1000268066339290314/",
                "source": "ttnn/cpp/ttnn/operations/normalization/layernorm/device/kernels/compute/layernorm_sharded.cpp"
            }
        ],
        "datamovement_kernels": [
            {
                "name": "writer_unary_sharded_ln_rm_gb/12107625117698272734/",
                "source": "ttnn/cpp/ttnn/operations/normalization/layernorm/device/kernels/dataflow/writer_unary_sharded_ln_rm_gb.cpp"
            },
            {
                "name": "reader_mcast_receiver_unary_sharded_ln/1085987217757743080/",
                "source": "ttnn/cpp/ttnn/operations/normalization/layernorm/device/kernels/dataflow/reader_mcast_receiver_unary_sharded_ln.cpp"
            },
            {
                "name": "reader_mcast_sender_unary_sharded_ln/9870370108351534584/",
                "source": "ttnn/cpp/ttnn/operations/normalization/layernorm/device/kernels/dataflow/reader_mcast_sender_unary_sharded_ln.cpp"
            }
        ],
        "kernel_sizes": {
            "ACTIVE_ETH_DM_0_max_kernel_size": 0,
            "ACTIVE_ETH_DM_1_max_kernel_size": 0,
            "IDLE_ETH_DM_0_max_kernel_size": 0,
            "IDLE_ETH_DM_1_max_kernel_size": 0,
            "TENSIX_COMPUTE_0_max_kernel_size": 3896,
            "TENSIX_COMPUTE_1_max_kernel_size": 4072,
            "TENSIX_COMPUTE_2_max_kernel_size": 4420,
            "TENSIX_DM_0_max_kernel_size": 1760,
            "TENSIX_DM_1_max_kernel_size": 1500
        }
    },
    "op_code": "LayerNormDeviceOperation",
    "op_hash": 2072525249377109293,
    "op_type": "tt_dnn_device",
    "optional_input_tensors": [],
    "output_tensors": [
        {
            "dtype": "BFLOAT16",
            "layout": "TILE",
            "shape": {
                "W": "1[1]",
                "X": "3072[3072]",
                "Y": "32[32]",
                "Z": "1[1]"
            },
            "storage_type": {
                "device_id": 0,
                "memory_config": {
                    "buffer_type": "L1",
                    "memory_layout": "WIDTH_SHARDED"
                }
            }
        }
    ],
    "performance_model": {
        "bandwidth_ns": 1,
        "compute_ns": 1,
        "ideal_ns": 1,
        "input_bws": [],
        "output_bws": []
    },
    "program_cache_hit": false
}`;5295660641
`TT_DNN_DEVICE_OP: "MatmulDeviceOperation", 11946474618767667604, 3, false, 4099 ->
{
    "attributes": {
        "bcast_batch": "true",
        "compute_kernel_config": "ComputeKernelConfig(math_fidelity=LoFi,math_approx_mode=0,fp32_dest_acc_en=0,packer_l1_acc=1,dst_full_sync_en=0,throttle_level=ThrottleLevel::NO_THROTTLE)",
        "global_cb": "std::nullopt",
        "output_dtype": "DataType::BFLOAT16",
        "output_mem_config": "MemoryConfig(memory_layout=TensorMemoryLayout::WIDTH_SHARDED,buffer_type=BufferType::L1,shard_spec=ShardSpec{grid=[{\"start\":{\"x\":0,\"y\":0},\"end\":{\"x\":7,\"y\":0}], shape=[32, 1152], orientation=ShardOrientation::ROW_MAJOR},nd_shard_spec=std::nullopt,created_with_nd_shard_spec=0)",
        "output_tile": "Tile(tile_shape={32, 32},face_shape={16, 16},num_faces=4)",
        "program_config": "MatmulMultiCoreReuseMultiCastDRAMShardedProgramConfig(in0_block_w=12,per_core_M=1,per_core_N=36,fused_activation=std::nullopt)",
        "sub_device_id": "std::nullopt",
        "transpose_a": "false",
        "transpose_b": "false",
        "untilize_out": "false",
        "user_core_coord": "std::nullopt",
        "user_fused_activation": "std::nullopt",
        "user_run_batched": "false"
    },
    "device_id": 3,
    "global_call_count": 4099,
    "input_tensors": [
        {
            "dtype": "BFLOAT16",
            "layout": "TILE",
            "shape": {
                "W": "1[1]",
                "X": "3072[3072]",
                "Y": "32[32]",
                "Z": "1[1]"
            },
            "storage_type": {
                "device_id": 0,
                "memory_config": {
                    "buffer_type": "L1",
                    "memory_layout": "WIDTH_SHARDED"
                }
            }
        },
        {
            "dtype": "BFLOAT4_B",
            "layout": "TILE",
            "shape": {
                "W": "1[1]",
                "X": "9216[9216]",
                "Y": "3072[3072]",
                "Z": "1[1]"
            },
            "storage_type": {
                "device_id": 0,
                "memory_config": {
                    "buffer_type": "DRAM",
                    "memory_layout": "WIDTH_SHARDED"
                }
            }
        }
    ],
    "kernel_info": {
        "compute_kernels": [
            {
                "math_fidelity": "LoFi",
                "name": "bmm_large_block_zm_fused_bias_activation/7484845401731146316/",
                "source": "ttnn/cpp/ttnn/operations/matmul/device/kernels/compute/bmm_large_block_zm_fused_bias_activation.cpp"
            }
        ],
        "datamovement_kernels": [
            {
                "name": "reader_bmm_tile_layout_in1_sender_dram_sharded/16006955355182431486/",
                "source": "ttnn/cpp/ttnn/operations/matmul/device/kernels/dataflow/reader_bmm_tile_layout_in1_sender_dram_sharded.cpp"
            },
            {
                "name": "reader_bmm_tile_layout_in0_sender_dram_sharded/13207163742571645335/",
                "source": "ttnn/cpp/ttnn/operations/matmul/device/kernels/dataflow/reader_bmm_tile_layout_in0_sender_dram_sharded.cpp"
            }
        ],
        "kernel_sizes": {
            "ACTIVE_ETH_DM_0_max_kernel_size": 0,
            "ACTIVE_ETH_DM_1_max_kernel_size": 0,
            "IDLE_ETH_DM_0_max_kernel_size": 0,
            "IDLE_ETH_DM_1_max_kernel_size": 0,
            "TENSIX_COMPUTE_0_max_kernel_size": 2320,
            "TENSIX_COMPUTE_1_max_kernel_size": 2604,
            "TENSIX_COMPUTE_2_max_kernel_size": 3508,
            "TENSIX_DM_0_max_kernel_size": 1756,
            "TENSIX_DM_1_max_kernel_size": 1708
        }
    },
    "op_code": "MatmulDeviceOperation",
    "op_hash": 11946474618767667604,
    "op_type": "tt_dnn_device",
    "optional_input_tensors": [],
    "output_tensors": [
        {
            "dtype": "BFLOAT16",
            "layout": "TILE",
            "shape": {
                "W": "1[1]",
                "X": "9216[9216]",
                "Y": "32[32]",
                "Z": "1[1]"
            },
            "storage_type": {
                "device_id": 0,
                "memory_config": {
                    "buffer_type": "L1",
                    "memory_layout": "WIDTH_SHARDED"
                }
            }
        }
    ],
    "performance_model": {
        "bandwidth_ns": 51498,
        "compute_ns": 2980,
        "ideal_ns": 51498,
        "input_bws": [
            3.817779302597046,
            549.76025390625
        ],
        "output_bws": [
            11.453337669372559
        ]
    },
    "program_cache_hit": false
}`;5300121926
`TT_DNN_DEVICE_OP: "NLPCreateQKVHeadsDecodeDeviceOperation", 5588704750753513868, 3, false, 5123 ->
{
    "attributes": {
        "head_dim": "96",
        "input_on_subcoregrids": "false",
        "num_kv_heads": "32",
        "num_q_heads": "32",
        "output_mem_config": "MemoryConfig(memory_layout=TensorMemoryLayout::HEIGHT_SHARDED,buffer_type=BufferType::L1,shard_spec=ShardSpec{grid=[{\"start\":{\"x\":0,\"y\":0},\"end\":{\"x\":10,\"y\":9}], shape=[0, 0], orientation=ShardOrientation::ROW_MAJOR},nd_shard_spec=std::nullopt,created_with_nd_shard_spec=0)",
        "overlap_qk_coregrid": "true",
        "slice_size": "std::nullopt"
    },
    "device_id": 3,
    "global_call_count": 5123,
    "input_tensors": [
        {
            "dtype": "BFLOAT16",
            "layout": "TILE",
            "shape": {
                "W": "1[1]",
                "X": "9216[9216]",
                "Y": "32[32]",
                "Z": "1[1]"
            },
            "storage_type": {
                "device_id": 0,
                "memory_config": {
                    "buffer_type": "L1",
                    "memory_layout": "WIDTH_SHARDED"
                }
            }
        }
    ],
    "kernel_info": {
        "compute_kernels": [],
        "datamovement_kernels": [
            {
                "name": "reader_tm_tile_layout_nlp_create_qkv_heads_decode/4596640389726825414/",
                "source": "ttnn/cpp/ttnn/operations/experimental/transformer/nlp_create_qkv_heads_decode/device/kernels/reader_tm_tile_layout_nlp_create_qkv_heads_decode.cpp"
            }
        ],
        "kernel_sizes": {
            "ACTIVE_ETH_DM_0_max_kernel_size": 0,
            "ACTIVE_ETH_DM_1_max_kernel_size": 0,
            "IDLE_ETH_DM_0_max_kernel_size": 0,
            "IDLE_ETH_DM_1_max_kernel_size": 0,
            "TENSIX_COMPUTE_0_max_kernel_size": 0,
            "TENSIX_COMPUTE_1_max_kernel_size": 0,
            "TENSIX_COMPUTE_2_max_kernel_size": 0,
            "TENSIX_DM_0_max_kernel_size": 1348,
            "TENSIX_DM_1_max_kernel_size": 1320
        }
    },
    "op_code": "NLPCreateQKVHeadsDecodeDeviceOperation",
    "op_hash": 5588704750753513868,
    "op_type": "tt_dnn_device",
    "optional_input_tensors": [],
    "output_tensors": [
        {
            "dtype": "BFLOAT16",
            "layout": "TILE",
            "shape": {
                "W": "1[1]",
                "X": "96[96]",
                "Y": "32[32]",
                "Z": "32[32]"
            },
            "storage_type": {
                "device_id": 0,
                "memory_config": {
                    "buffer_type": "L1",
                    "memory_layout": "HEIGHT_SHARDED"
                }
            }
        },
        {
            "dtype": "BFLOAT16",
            "layout": "TILE",
            "shape": {
                "W": "1[1]",
                "X": "96[96]",
                "Y": "32[32]",
                "Z": "32[32]"
            },
            "storage_type": {
                "device_id": 0,
                "memory_config": {
                    "buffer_type": "L1",
                    "memory_layout": "HEIGHT_SHARDED"
                }
            }
        },
        {
            "dtype": "BFLOAT16",
            "layout": "TILE",
            "shape": {
                "W": "1[1]",
                "X": "96[96]",
                "Y": "32[32]",
                "Z": "32[32]"
            },
            "storage_type": {
                "device_id": 0,
                "memory_config": {
                    "buffer_type": "L1",
                    "memory_layout": "HEIGHT_SHARDED"
                }
            }
        }
    ],
    "performance_model": {
        "bandwidth_ns": 1,
        "compute_ns": 1,
        "ideal_ns": 1,
        "input_bws": [],
        "output_bws": []
    },
    "program_cache_hit": false
}`;5302220219
`TT_DNN_DEVICE_OP: "TypecastDeviceOperation", 678355772067572431, 3, false, 6147 ->
{
    "attributes": {
        "bfp8_pack_precise": "false",
        "fp32_dest_acc_en": "true",
        "input_dtype": "DataType::INT32",
        "output_dtype": "DataType::UINT32",
        "output_memory_config": "MemoryConfig(memory_layout=TensorMemoryLayout::INTERLEAVED,buffer_type=BufferType::DRAM,shard_spec=std::nullopt,nd_shard_spec=std::nullopt,created_with_nd_shard_spec=0)",
        "preserve_fp32_precision": "false",
        "sub_core_grids": "std::nullopt"
    },
    "device_id": 3,
    "global_call_count": 6147,
    "input_tensors": [
        {
            "dtype": "INT32",
            "layout": "ROW_MAJOR",
            "shape": {
                "W": "1[1]",
                "X": "32[32]",
                "Y": "1[1]",
                "Z": "1[1]"
            },
            "storage_type": {
                "device_id": 0,
                "memory_config": {
                    "buffer_type": "DRAM",
                    "memory_layout": "INTERLEAVED"
                }
            }
        }
    ],
    "kernel_info": {
        "compute_kernels": [
            {
                "math_fidelity": "HiFi4",
                "name": "eltwise_typecast/2497006459120231467/",
                "source": "ttnn/cpp/ttnn/operations/copy/typecast/device/kernels/compute/eltwise_typecast.cpp"
            }
        ],
        "datamovement_kernels": [
            {
                "name": "writer_typecast_rm_chunked/835926200387340846/",
                "source": "ttnn/cpp/ttnn/operations/copy/typecast/device/kernels/dataflow/writer_typecast_rm_chunked.cpp"
            },
            {
                "name": "reader_typecast_rm_chunked/14844099992804165040/",
                "source": "ttnn/cpp/ttnn/operations/copy/typecast/device/kernels/dataflow/reader_typecast_rm_chunked.cpp"
            }
        ],
        "kernel_sizes": {
            "ACTIVE_ETH_DM_0_max_kernel_size": 0,
            "ACTIVE_ETH_DM_1_max_kernel_size": 0,
            "IDLE_ETH_DM_0_max_kernel_size": 0,
            "IDLE_ETH_DM_1_max_kernel_size": 0,
            "TENSIX_COMPUTE_0_max_kernel_size": 1316,
            "TENSIX_COMPUTE_1_max_kernel_size": 800,
            "TENSIX_COMPUTE_2_max_kernel_size": 1128,
            "TENSIX_DM_0_max_kernel_size": 680,
            "TENSIX_DM_1_max_kernel_size": 620
        }
    },
    "op_code": "TypecastDeviceOperation",
    "op_hash": 678355772067572431,
    "op_type": "tt_dnn_device",
    "optional_input_tensors": [],
    "output_tensors": [
        {
            "dtype": "UINT32",
            "layout": "ROW_MAJOR",
            "shape": {
                "W": "1[1]",
                "X": "32[32]",
                "Y": "1[1]",
                "Z": "1[1]"
            },
            "storage_type": {
                "device_id": 0,
                "memory_config": {
                    "buffer_type": "DRAM",
                    "memory_layout": "INTERLEAVED"
                }
            }
        }
    ],
    "performance_model": {
        "bandwidth_ns": 1,
        "compute_ns": 1,
        "ideal_ns": 1,
        "input_bws": [],
        "output_bws": []
    },
    "program_cache_hit": false
}`;5306107844
`TT_DNN_DEVICE_OP: "EmbeddingsDeviceOperation", 10994481697619394601, 3, false, 7171 ->
{
    "attributes": {
        "embeddings_type": "EmbeddingsType::GENERIC",
        "output_mem_config": "MemoryConfig(memory_layout=TensorMemoryLayout::INTERLEAVED,buffer_type=BufferType::DRAM,shard_spec=std::nullopt,nd_shard_spec=std::nullopt,created_with_nd_shard_spec=0)",
        "pad_token": "std::nullopt",
        "tilized": "true"
    },
    "device_id": 3,
    "global_call_count": 7171,
    "input_tensors": [
        {
            "dtype": "UINT32",
            "layout": "ROW_MAJOR",
            "shape": {
                "W": "1[1]",
                "X": "32[32]",
                "Y": "1[1]",
                "Z": "1[1]"
            },
            "storage_type": {
                "device_id": 0,
                "memory_config": {
                    "buffer_type": "DRAM",
                    "memory_layout": "INTERLEAVED"
                }
            }
        },
        {
            "dtype": "BFLOAT16",
            "layout": "ROW_MAJOR",
            "shape": {
                "W": "1[1]",
                "X": "96[96]",
                "Y": "128[128]",
                "Z": "1[1]"
            },
            "storage_type": {
                "device_id": 0,
                "memory_config": {
                    "buffer_type": "DRAM",
                    "memory_layout": "INTERLEAVED"
                }
            }
        }
    ],
    "kernel_info": {
        "compute_kernels": [
            {
                "math_fidelity": "HiFi4",
                "name": "tilize/7777035819467101575/",
                "source": "ttnn/cpp/ttnn/operations/data_movement/tilize/device/kernels/compute/tilize.cpp"
            }
        ],
        "datamovement_kernels": [
            {
                "name": "writer_unary_interleaved_start_id/12519382152844191636/",
                "source": "ttnn/cpp/ttnn/operations/eltwise/unary/device/kernels/dataflow/writer_unary_interleaved_start_id.cpp"
            },
            {
                "name": "embeddings_tilize/13824499955932929925/",
                "source": "ttnn/cpp/ttnn/operations/embedding/device/kernels/dataflow/embeddings_tilize.cpp"
            }
        ],
        "kernel_sizes": {
            "ACTIVE_ETH_DM_0_max_kernel_size": 0,
            "ACTIVE_ETH_DM_1_max_kernel_size": 0,
            "IDLE_ETH_DM_0_max_kernel_size": 0,
            "IDLE_ETH_DM_1_max_kernel_size": 0,
            "TENSIX_COMPUTE_0_max_kernel_size": 1172,
            "TENSIX_COMPUTE_1_max_kernel_size": 768,
            "TENSIX_COMPUTE_2_max_kernel_size": 2016,
            "TENSIX_DM_0_max_kernel_size": 1000,
            "TENSIX_DM_1_max_kernel_size": 908
        }
    },
    "op_code": "EmbeddingsDeviceOperation",
    "op_hash": 10994481697619394601,
    "op_type": "tt_dnn_device",
    "optional_input_tensors": [],
    "output_tensors": [
        {
            "dtype": "BFLOAT16",
            "layout": "TILE",
            "shape": {
                "W": "1[1]",
                "X": "96[96]",
                "Y": "32[32]",
                "Z": "1[1]"
            },
            "storage_type": {
                "device_id": 0,
                "memory_config": {
                    "buffer_type": "DRAM",
                    "memory_layout": "INTERLEAVED"
                }
            }
        }
    ],
    "performance_model": {
        "bandwidth_ns": 1,
        "compute_ns": 1,
        "ideal_ns": 1,
        "input_bws": [],
        "output_bws": []
    },
    "program_cache_hit": false
}`;5310194984
`TT_DNN_DEVICE_OP: "EmbeddingsDeviceOperation", 10994481697619394601, 3, false, 8195`;5310265167
`TT_DNN_DEVICE_OP: "TransposeDeviceOperation", 13199068304694223579, 3, false, 9219 ->
{
    "attributes": {
        "dim": "TransposeOpDim::HC",
        "output_mem_config": "MemoryConfig(memory_layout=TensorMemoryLayout::INTERLEAVED,buffer_type=BufferType::DRAM,shard_spec=std::nullopt,nd_shard_spec=std::nullopt,created_with_nd_shard_spec=0)",
        "pad_value": "0"
    },
    "device_id": 3,
    "global_call_count": 9219,
    "input_tensors": [
        {
            "dtype": "BFLOAT16",
            "layout": "TILE",
            "shape": {
                "W": "1[1]",
                "X": "96[96]",
                "Y": "32[32]",
                "Z": "1[1]"
            },
            "storage_type": {
                "device_id": 0,
                "memory_config": {
                    "buffer_type": "DRAM",
                    "memory_layout": "INTERLEAVED"
                }
            }
        }
    ],
    "kernel_info": {
        "compute_kernels": [],
        "datamovement_kernels": [
            {
                "name": "writer_unary_transpose_hc_interleaved_tiled_padding_aware/9268726944039337136/",
                "source": "ttnn/cpp/ttnn/operations/data_movement/transpose/device/kernels/dataflow/writer_unary_transpose_hc_interleaved_tiled_padding_aware.cpp"
            },
            {
                "name": "reader_unary_transpose_hc_interleaved_tiled_padding_aware/4505066741605229875/",
                "source": "ttnn/cpp/ttnn/operations/data_movement/transpose/device/kernels/dataflow/reader_unary_transpose_hc_interleaved_tiled_padding_aware.cpp"
            }
        ],
        "kernel_sizes": {
            "ACTIVE_ETH_DM_0_max_kernel_size": 0,
            "ACTIVE_ETH_DM_1_max_kernel_size": 0,
            "IDLE_ETH_DM_0_max_kernel_size": 0,
            "IDLE_ETH_DM_1_max_kernel_size": 0,
            "TENSIX_COMPUTE_0_max_kernel_size": 0,
            "TENSIX_COMPUTE_1_max_kernel_size": 0,
            "TENSIX_COMPUTE_2_max_kernel_size": 0,
            "TENSIX_DM_0_max_kernel_size": 1220,
            "TENSIX_DM_1_max_kernel_size": 740
        }
    },
    "op_code": "TransposeDeviceOperation",
    "op_hash": 13199068304694223579,
    "op_type": "tt_dnn_device",
    "optional_input_tensors": [],
    "output_tensors": [
        {
            "dtype": "BFLOAT16",
            "layout": "TILE",
            "shape": {
                "W": "1[1]",
                "X": "96[96]",
                "Y": "32[1]",
                "Z": "32[32]"
            },
            "storage_type": {
                "device_id": 0,
                "memory_config": {
                    "buffer_type": "DRAM",
                    "memory_layout": "INTERLEAVED"
                }
            }
        }
    ],
    "performance_model": {
        "bandwidth_ns": 357,
        "compute_ns": 1022,
        "ideal_ns": 1022,
        "input_bws": [
            6.011741638183594
        ],
        "output_bws": [
            192.375732421875
        ]
    },
    "program_cache_hit": false
}`;5312392986
`TT_DNN_DEVICE_OP: "TransposeDeviceOperation", 13199068304694223579, 3, false, 10243`;5312456666
`TT_DNN_DEVICE_OP: "InterleavedToShardedDeviceOperation", 9932165314858778686, 3, false, 11267 ->
{
    "attributes": {
        "keep_l1_aligned": "false",
        "output_dtype": "DataType::BFLOAT16",
        "output_mem_config": "MemoryConfig(memory_layout=TensorMemoryLayout::HEIGHT_SHARDED,buffer_type=BufferType::L1,shard_spec=ShardSpec{grid=[{\"start\":{\"x\":0,\"y\":0},\"end\":{\"x\":10,\"y\":1}, {\"start\":{\"x\":0,\"y\":2},\"end\":{\"x\":9,\"y\":2}], shape=[32, 96], orientation=ShardOrientation::ROW_MAJOR},nd_shard_spec={\"shard_shape\":[32, 96],\"grid\":[{\"start\":{\"x\":0,\"y\":0},\"end\":{\"x\":10,\"y\":1}}, {\"start\":{\"x\":0,\"y\":2},\"end\":{\"x\":9,\"y\":2}}],\"orientation\":\"ShardOrientation::ROW_MAJOR\",\"shard_distribution_strategy\":\"ShardDistributionStrategy::ROUND_ROBIN_1D\"},created_with_nd_shard_spec=0)"
    },
    "device_id": 3,
    "global_call_count": 11267,
    "input_tensors": [
        {
            "dtype": "BFLOAT16",
            "layout": "TILE",
            "shape": {
                "W": "1[1]",
                "X": "96[96]",
                "Y": "32[1]",
                "Z": "32[32]"
            },
            "storage_type": {
                "device_id": 0,
                "memory_config": {
                    "buffer_type": "DRAM",
                    "memory_layout": "INTERLEAVED"
                }
            }
        }
    ],
    "kernel_info": {
        "compute_kernels": [],
        "datamovement_kernels": [
            {
                "name": "writer_unary_sharded/8354490188168529288/",
                "source": "ttnn/cpp/ttnn/operations/data_movement/sharded/device/kernels/dataflow/writer_unary_sharded.cpp"
            },
            {
                "name": "reader_unary_sharded_blocks_interleaved_start_id/10917281480853109555/",
                "source": "ttnn/cpp/ttnn/operations/data_movement/sharded/device/kernels/dataflow/reader_unary_sharded_blocks_interleaved_start_id.cpp"
            }
        ],
        "kernel_sizes": {
            "ACTIVE_ETH_DM_0_max_kernel_size": 0,
            "ACTIVE_ETH_DM_1_max_kernel_size": 0,
            "IDLE_ETH_DM_0_max_kernel_size": 0,
            "IDLE_ETH_DM_1_max_kernel_size": 0,
            "TENSIX_COMPUTE_0_max_kernel_size": 0,
            "TENSIX_COMPUTE_1_max_kernel_size": 0,
            "TENSIX_COMPUTE_2_max_kernel_size": 0,
            "TENSIX_DM_0_max_kernel_size": 384,
            "TENSIX_DM_1_max_kernel_size": 876
        }
    },
    "op_code": "InterleavedToShardedDeviceOperation",
    "op_hash": 9932165314858778686,
    "op_type": "tt_dnn_device",
    "optional_input_tensors": [],
    "output_tensors": [
        {
            "dtype": "BFLOAT16",
            "layout": "TILE",
            "shape": {
                "W": "1[1]",
                "X": "96[96]",
                "Y": "32[1]",
                "Z": "32[32]"
            },
            "storage_type": {
                "device_id": 0,
                "memory_config": {
                    "buffer_type": "L1",
                    "memory_layout": "HEIGHT_SHARDED"
                }
            }
        }
    ],
    "performance_model": {
        "bandwidth_ns": 1,
        "compute_ns": 1,
        "ideal_ns": 1,
        "input_bws": [],
        "output_bws": []
    },
    "program_cache_hit": false
}`;5313957273
`TT_DNN_DEVICE_OP: "InterleavedToShardedDeviceOperation", 9932165314858778686, 3, false, 12291`;5314001206
`TT_DNN_DEVICE_OP: "SliceDeviceOperation", 8006730236445877011, 3, false, 13315 ->
{
    "attributes": {
        "num_devices": "std::nullopt",
        "output_mem_config": "MemoryConfig(memory_layout=TensorMemoryLayout::INTERLEAVED,buffer_type=BufferType::L1,shard_spec=std::nullopt,nd_shard_spec=std::nullopt,created_with_nd_shard_spec=0)",
        "slice_dim": "std::nullopt",
        "slice_end": "Shape([1, 32, 32, 64])",
        "slice_start": "Shape([0, 0, 0, 0])",
        "step": "Shape([1, 1, 1, 1])",
        "sub_core_grids": "std::nullopt",
        "use_tensor_args": "false"
    },
    "device_id": 3,
    "global_call_count": 13315,
    "input_tensors": [
        {
            "dtype": "BFLOAT16",
            "layout": "TILE",
            "shape": {
                "W": "1[1]",
                "X": "96[96]",
                "Y": "32[32]",
                "Z": "32[32]"
            },
            "storage_type": {
                "device_id": 0,
                "memory_config": {
                    "buffer_type": "L1",
                    "memory_layout": "HEIGHT_SHARDED"
                }
            }
        }
    ],
    "kernel_info": {
        "compute_kernels": [],
        "datamovement_kernels": [
            {
                "name": "writer_unary_interleaved_start_id/5041529277037901913/",
                "source": "ttnn/cpp/ttnn/operations/data_movement/slice/device/kernels/dataflow/writer_unary_interleaved_start_id.cpp"
            },
            {
                "name": "reader_unary_unpad_dims_interleaved_start_id/3955251214180004576/",
                "source": "ttnn/cpp/ttnn/operations/data_movement/slice/device/kernels/dataflow/reader_unary_unpad_dims_interleaved_start_id.cpp"
            }
        ],
        "kernel_sizes": {
            "ACTIVE_ETH_DM_0_max_kernel_size": 0,
            "ACTIVE_ETH_DM_1_max_kernel_size": 0,
            "IDLE_ETH_DM_0_max_kernel_size": 0,
            "IDLE_ETH_DM_1_max_kernel_size": 0,
            "TENSIX_COMPUTE_0_max_kernel_size": 0,
            "TENSIX_COMPUTE_1_max_kernel_size": 0,
            "TENSIX_COMPUTE_2_max_kernel_size": 0,
            "TENSIX_DM_0_max_kernel_size": 772,
            "TENSIX_DM_1_max_kernel_size": 852
        }
    },
    "op_code": "SliceDeviceOperation",
    "op_hash": 8006730236445877011,
    "op_type": "tt_dnn_device",
    "optional_input_tensors": [],
    "output_tensors": [
        {
            "dtype": "BFLOAT16",
            "layout": "TILE",
            "shape": {
                "W": "1[1]",
                "X": "64[64]",
                "Y": "32[32]",
                "Z": "32[32]"
            },
            "storage_type": {
                "device_id": 0,
                "memory_config": {
                    "buffer_type": "L1",
                    "memory_layout": "INTERLEAVED"
                }
            }
        }
    ],
    "performance_model": {
        "bandwidth_ns": 1,
        "compute_ns": 412,
        "ideal_ns": 412,
        "input_bws": [
            477.2038879394531
        ],
        "output_bws": [
            318.13592529296875
        ]
    },
    "program_cache_hit": false
}`;5316008678
`TT_DNN_DEVICE_OP: "UntilizeDeviceOperation", 11726463348087448522, 3, false, 14339 ->
{
    "attributes": {
        "enough_space_height": "true",
        "enough_space_width": "true",
        "fp32_dest_acc_en": "false",
        "output_mem_config": "MemoryConfig(memory_layout=TensorMemoryLayout::INTERLEAVED,buffer_type=BufferType::L1,shard_spec=std::nullopt,nd_shard_spec=std::nullopt,created_with_nd_shard_spec=0)",
        "pf_type": "2",
        "sub_core_grids": "std::nullopt",
        "use_multicore": "true"
    },
    "device_id": 3,
    "global_call_count": 14339,
    "input_tensors": [
        {
            "dtype": "BFLOAT16",
            "layout": "TILE",
            "shape": {
                "W": "1[1]",
                "X": "96[96]",
                "Y": "32[32]",
                "Z": "32[32]"
            },
            "storage_type": {
                "device_id": 0,
                "memory_config": {
                    "buffer_type": "L1",
                    "memory_layout": "HEIGHT_SHARDED"
                }
            }
        }
    ],
    "kernel_info": {
        "compute_kernels": [
            {
                "math_fidelity": "HiFi4",
                "name": "untilize_variable_num_blocks/4855499166721107532/",
                "source": "ttnn/cpp/ttnn/operations/data_movement/untilize/device/kernels/compute/untilize_variable_num_blocks.cpp"
            }
        ],
        "datamovement_kernels": [
            {
                "name": "writer_unary_stick_layout_split_rows_multi_core/16781174891614060415/",
                "source": "ttnn/cpp/ttnn/operations/data_movement/untilize/device/kernels/dataflow/writer_unary_stick_layout_split_rows_multi_core.cpp"
            },
            {
                "name": "reader_unary_sharded/10942001106740056423/",
                "source": "ttnn/cpp/ttnn/operations/eltwise/unary/device/kernels/dataflow/reader_unary_sharded.cpp"
            }
        ],
        "kernel_sizes": {
            "ACTIVE_ETH_DM_0_max_kernel_size": 0,
            "ACTIVE_ETH_DM_1_max_kernel_size": 0,
            "IDLE_ETH_DM_0_max_kernel_size": 0,
            "IDLE_ETH_DM_1_max_kernel_size": 0,
            "TENSIX_COMPUTE_0_max_kernel_size": 1172,
            "TENSIX_COMPUTE_1_max_kernel_size": 916,
            "TENSIX_COMPUTE_2_max_kernel_size": 2700,
            "TENSIX_DM_0_max_kernel_size": 1308,
            "TENSIX_DM_1_max_kernel_size": 404
        }
    },
    "op_code": "UntilizeDeviceOperation",
    "op_hash": 11726463348087448522,
    "op_type": "tt_dnn_device",
    "optional_input_tensors": [],
    "output_tensors": [
        {
            "dtype": "BFLOAT16",
            "layout": "ROW_MAJOR",
            "shape": {
                "W": "1[1]",
                "X": "96[96]",
                "Y": "32[32]",
                "Z": "32[32]"
            },
            "storage_type": {
                "device_id": 0,
                "memory_config": {
                    "buffer_type": "L1",
                    "memory_layout": "INTERLEAVED"
                }
            }
        }
    ],
    "performance_model": {
        "bandwidth_ns": 1,
        "compute_ns": 509,
        "ideal_ns": 509,
        "input_bws": [
            386.2632751464844
        ],
        "output_bws": [
            386.2632751464844
        ]
    },
    "program_cache_hit": false
}`;5319943491
`TT_DNN_DEVICE_OP: "SliceDeviceOperation", 12049207064848427263, 3, false, 15363 ->
{
    "attributes": {
        "num_devices": "std::nullopt",
        "output_mem_config": "MemoryConfig(memory_layout=TensorMemoryLayout::INTERLEAVED,buffer_type=BufferType::L1,shard_spec=std::nullopt,nd_shard_spec=std::nullopt,created_with_nd_shard_spec=0)",
        "slice_dim": "std::nullopt",
        "slice_end": "Shape([1, 32, 32, 96])",
        "slice_start": "Shape([0, 0, 0, 48])",
        "step": "Shape([1, 1, 1, 1])",
        "sub_core_grids": "std::nullopt",
        "use_tensor_args": "false"
    },
    "device_id": 3,
    "global_call_count": 15363,
    "input_tensors": [
        {
            "dtype": "BFLOAT16",
            "layout": "ROW_MAJOR",
            "shape": {
                "W": "1[1]",
                "X": "96[96]",
                "Y": "32[32]",
                "Z": "32[32]"
            },
            "storage_type": {
                "device_id": 0,
                "memory_config": {
                    "buffer_type": "L1",
                    "memory_layout": "INTERLEAVED"
                }
            }
        }
    ],
    "kernel_info": {
        "compute_kernels": [],
        "datamovement_kernels": [
            {
                "name": "slice_writer_unary_stick_layout_interleaved_start_id/17560454579556869658/",
                "source": "ttnn/cpp/ttnn/operations/data_movement/slice/device/kernels/dataflow/slice_writer_unary_stick_layout_interleaved_start_id.cpp"
            },
            {
                "name": "slice_reader_unary_unpad_dims_rm_interleaved_start_id/5410620700831667451/",
                "source": "ttnn/cpp/ttnn/operations/data_movement/slice/device/kernels/dataflow/slice_reader_unary_unpad_dims_rm_interleaved_start_id.cpp"
            }
        ],
        "kernel_sizes": {
            "ACTIVE_ETH_DM_0_max_kernel_size": 0,
            "ACTIVE_ETH_DM_1_max_kernel_size": 0,
            "IDLE_ETH_DM_0_max_kernel_size": 0,
            "IDLE_ETH_DM_1_max_kernel_size": 0,
            "TENSIX_COMPUTE_0_max_kernel_size": 0,
            "TENSIX_COMPUTE_1_max_kernel_size": 0,
            "TENSIX_COMPUTE_2_max_kernel_size": 0,
            "TENSIX_DM_0_max_kernel_size": 1236,
            "TENSIX_DM_1_max_kernel_size": 2108
        }
    },
    "op_code": "SliceDeviceOperation",
    "op_hash": 12049207064848427263,
    "op_type": "tt_dnn_device",
    "optional_input_tensors": [],
    "output_tensors": [
        {
            "dtype": "BFLOAT16",
            "layout": "ROW_MAJOR",
            "shape": {
                "W": "1[1]",
                "X": "48[48]",
                "Y": "32[32]",
                "Z": "32[32]"
            },
            "storage_type": {
                "device_id": 0,
                "memory_config": {
                    "buffer_type": "L1",
                    "memory_layout": "INTERLEAVED"
                }
            }
        }
    ],
    "performance_model": {
        "bandwidth_ns": 1,
        "compute_ns": 531,
        "ideal_ns": 531,
        "input_bws": [
            370.2598876953125
        ],
        "output_bws": [
            185.12994384765625
        ]
    },
    "program_cache_hit": false
}`;5322148836
`TT_DNN_DEVICE_OP: "TilizeWithValPaddingDeviceOperation", 13126230718836824506, 3, false, 16387 ->
{
    "attributes": {
        "enough_space_height": "true",
        "enough_space_width": "true",
        "output_dtype": "DataType::BFLOAT16",
        "output_mem_config": "MemoryConfig(memory_layout=TensorMemoryLayout::INTERLEAVED,buffer_type=BufferType::L1,shard_spec=std::nullopt,nd_shard_spec=std::nullopt,created_with_nd_shard_spec=0)",
        "output_padded_shape": "Shape([1, 32, 32, 64])",
        "pad_value": "0",
        "sub_core_grids": "std::nullopt",
        "use_multicore": "true"
    },
    "device_id": 3,
    "global_call_count": 16387,
    "input_tensors": [
        {
            "dtype": "BFLOAT16",
            "layout": "ROW_MAJOR",
            "shape": {
                "W": "1[1]",
                "X": "48[48]",
                "Y": "32[32]",
                "Z": "32[32]"
            },
            "storage_type": {
                "device_id": 0,
                "memory_config": {
                    "buffer_type": "L1",
                    "memory_layout": "INTERLEAVED"
                }
            }
        }
    ],
    "kernel_info": {
        "compute_kernels": [
            {
                "math_fidelity": "HiFi4",
                "name": "tilize/6336681081206770840/",
                "source": "ttnn/cpp/ttnn/kernel/compute/tilize.cpp"
            }
        ],
        "datamovement_kernels": [
            {
                "name": "writer_unary_interleaved_start_id/335731209530732381/",
                "source": "ttnn/cpp/ttnn/operations/eltwise/unary/device/kernels/dataflow/writer_unary_interleaved_start_id.cpp"
            },
            {
                "name": "reader_unary_pad_dims_split_rows_multicore/18009966560899479251/",
                "source": "ttnn/cpp/ttnn/operations/data_movement/tilize_with_val_padding/device/kernels/dataflow/reader_unary_pad_dims_split_rows_multicore.cpp"
            }
        ],
        "kernel_sizes": {
            "ACTIVE_ETH_DM_0_max_kernel_size": 0,
            "ACTIVE_ETH_DM_1_max_kernel_size": 0,
            "IDLE_ETH_DM_0_max_kernel_size": 0,
            "IDLE_ETH_DM_1_max_kernel_size": 0,
            "TENSIX_COMPUTE_0_max_kernel_size": 1168,
            "TENSIX_COMPUTE_1_max_kernel_size": 768,
            "TENSIX_COMPUTE_2_max_kernel_size": 2008,
            "TENSIX_DM_0_max_kernel_size": 1104,
            "TENSIX_DM_1_max_kernel_size": 1900
        }
    },
    "op_code": "TilizeWithValPaddingDeviceOperation",
    "op_hash": 13126230718836824506,
    "op_type": "tt_dnn_device",
    "optional_input_tensors": [],
    "output_tensors": [
        {
            "dtype": "BFLOAT16",
            "layout": "TILE",
            "shape": {
                "W": "1[1]",
                "X": "64[48]",
                "Y": "32[32]",
                "Z": "32[32]"
            },
            "storage_type": {
                "device_id": 0,
                "memory_config": {
                    "buffer_type": "L1",
                    "memory_layout": "INTERLEAVED"
                }
            }
        }
    ],
    "performance_model": {
        "bandwidth_ns": 1,
        "compute_ns": 1,
        "ideal_ns": 1,
        "input_bws": [],
        "output_bws": []
    },
    "program_cache_hit": false
}`;5326058553
`TT_DNN_DEVICE_OP: "UnaryDeviceOperation", 5046437064871887091, 3, false, 17411 ->
{
    "attributes": {
        "bfp8_pack_precise": "false",
        "fp32_dest_acc_en": "false",
        "memory_config": "MemoryConfig(memory_layout=TensorMemoryLayout::INTERLEAVED,buffer_type=BufferType::L1,shard_spec=std::nullopt,nd_shard_spec=std::nullopt,created_with_nd_shard_spec=0)",
        "op_chain": "{BasicUnaryWithParam<float, int, unsigned int>(base=BasicUnaryWithParam<float>(op_type=UnaryOpType::NEG,param={}))}",
        "output_dtype": "DataType::BFLOAT16",
        "preserve_fp32_precision": "false",
        "sub_core_grids": "std::nullopt",
        "worker_grid": "{[0-0 - 10-9]}"
    },
    "device_id": 3,
    "global_call_count": 17411,
    "input_tensors": [
        {
            "dtype": "BFLOAT16",
            "layout": "TILE",
            "shape": {
                "W": "1[1]",
                "X": "64[48]",
                "Y": "32[32]",
                "Z": "32[32]"
            },
            "storage_type": {
                "device_id": 0,
                "memory_config": {
                    "buffer_type": "L1",
                    "memory_layout": "INTERLEAVED"
                }
            }
        }
    ],
    "kernel_info": {
        "compute_kernels": [
            {
                "math_fidelity": "HiFi4",
                "name": "eltwise_sfpu/10029696999261176038/",
                "source": "ttnn/cpp/ttnn/operations/eltwise/unary/device/kernels/compute/eltwise_sfpu.cpp"
            }
        ],
        "datamovement_kernels": [
            {
                "name": "writer_unary/8859867988269682815/",
                "source": "ttnn/cpp/ttnn/operations/eltwise/unary/device/kernels/dataflow/writer_unary.cpp"
            },
            {
                "name": "reader_unary/13144400675588175047/",
                "source": "ttnn/cpp/ttnn/operations/eltwise/unary/device/kernels/dataflow/reader_unary.cpp"
            }
        ],
        "kernel_sizes": {
            "ACTIVE_ETH_DM_0_max_kernel_size": 0,
            "ACTIVE_ETH_DM_1_max_kernel_size": 0,
            "IDLE_ETH_DM_0_max_kernel_size": 0,
            "IDLE_ETH_DM_1_max_kernel_size": 0,
            "TENSIX_COMPUTE_0_max_kernel_size": 1060,
            "TENSIX_COMPUTE_1_max_kernel_size": 872,
            "TENSIX_COMPUTE_2_max_kernel_size": 1260,
            "TENSIX_DM_0_max_kernel_size": 1104,
            "TENSIX_DM_1_max_kernel_size": 1008
        }
    },
    "op_code": "UnaryDeviceOperation",
    "op_hash": 5046437064871887091,
    "op_type": "tt_dnn_device",
    "optional_input_tensors": [],
    "output_tensors": [
        {
            "dtype": "BFLOAT16",
            "layout": "TILE",
            "shape": {
                "W": "1[1]",
                "X": "64[48]",
                "Y": "32[32]",
                "Z": "32[32]"
            },
            "storage_type": {
                "device_id": 0,
                "memory_config": {
                    "buffer_type": "L1",
                    "memory_layout": "INTERLEAVED"
                }
            }
        }
    ],
    "performance_model": {
        "bandwidth_ns": 1,
        "compute_ns": 1,
        "ideal_ns": 1,
        "input_bws": [],
        "output_bws": []
    },
    "program_cache_hit": false
}`;5330035746
`TT_DNN_DEVICE_OP: "UntilizeWithUnpaddingDeviceOperation", 9030972629848902352, 3, false, 18435 ->
{
    "attributes": {
        "enough_space_height": "true",
        "fp32_dest_acc_en": "false",
        "output_mem_config": "MemoryConfig(memory_layout=TensorMemoryLayout::INTERLEAVED,buffer_type=BufferType::L1,shard_spec=std::nullopt,nd_shard_spec=std::nullopt,created_with_nd_shard_spec=0)",
        "output_tensor_end": "Shape([0, 31, 31, 47])",
        "sub_core_grids": "std::nullopt",
        "use_multicore": "true"
    },
    "device_id": 3,
    "global_call_count": 18435,
    "input_tensors": [
        {
            "dtype": "BFLOAT16",
            "layout": "TILE",
            "shape": {
                "W": "1[1]",
                "X": "64[48]",
                "Y": "32[32]",
                "Z": "32[32]"
            },
            "storage_type": {
                "device_id": 0,
                "memory_config": {
                    "buffer_type": "L1",
                    "memory_layout": "INTERLEAVED"
                }
            }
        }
    ],
    "kernel_info": {
        "compute_kernels": [
            {
                "math_fidelity": "HiFi4",
                "name": "untilize/1326536449021772998/",
                "source": "ttnn/cpp/ttnn/operations/data_movement/untilize/device/kernels/compute/untilize.cpp"
            }
        ],
        "datamovement_kernels": [
            {
                "name": "writer_unary_stick_layout_split_rows_multicore/4880010481815768232/",
                "source": "ttnn/cpp/ttnn/operations/data_movement/untilize_with_unpadding/device/kernels/dataflow/writer_unary_stick_layout_split_rows_multicore.cpp"
            },
            {
                "name": "reader_unary_interleaved_start_id/9018317330267476720/",
                "source": "ttnn/cpp/ttnn/operations/eltwise/unary/device/kernels/dataflow/reader_unary_interleaved_start_id.cpp"
            }
        ],
        "kernel_sizes": {
            "ACTIVE_ETH_DM_0_max_kernel_size": 0,
            "ACTIVE_ETH_DM_1_max_kernel_size": 0,
            "IDLE_ETH_DM_0_max_kernel_size": 0,
            "IDLE_ETH_DM_1_max_kernel_size": 0,
            "TENSIX_COMPUTE_0_max_kernel_size": 1120,
            "TENSIX_COMPUTE_1_max_kernel_size": 844,
            "TENSIX_COMPUTE_2_max_kernel_size": 2564,
            "TENSIX_DM_0_max_kernel_size": 1644,
            "TENSIX_DM_1_max_kernel_size": 1008
        }
    },
    "op_code": "UntilizeWithUnpaddingDeviceOperation",
    "op_hash": 9030972629848902352,
    "op_type": "tt_dnn_device",
    "optional_input_tensors": [],
    "output_tensors": [
        {
            "dtype": "BFLOAT16",
            "layout": "ROW_MAJOR",
            "shape": {
                "W": "1[1]",
                "X": "48[48]",
                "Y": "32[32]",
                "Z": "32[32]"
            },
            "storage_type": {
                "device_id": 0,
                "memory_config": {
                    "buffer_type": "L1",
                    "memory_layout": "INTERLEAVED"
                }
            }
        }
    ],
    "performance_model": {
        "bandwidth_ns": 1,
        "compute_ns": 509,
        "ideal_ns": 509,
        "input_bws": [
            257.50885009765625
        ],
        "output_bws": [
            193.1316375732422
        ]
    },
    "program_cache_hit": false
}`;5334309889
`TT_DNN_DEVICE_OP: "UntilizeWithUnpaddingDeviceOperation", 9030972629848902352, 3, false, 19459`;5334350996
`TT_DNN_DEVICE_OP: "ConcatDeviceOperation", 14972764366684178543, 3, false, 20483 ->
{
    "attributes": {
        "dim": "3",
        "groups": "1",
        "output_mem_config": "MemoryConfig(memory_layout=TensorMemoryLayout::INTERLEAVED,buffer_type=BufferType::L1,shard_spec=std::nullopt,nd_shard_spec=std::nullopt,created_with_nd_shard_spec=0)",
        "sub_core_grids": "std::nullopt"
    },
    "device_id": 3,
    "global_call_count": 20483,
    "input_tensors": [
        {
            "dtype": "BFLOAT16",
            "layout": "ROW_MAJOR",
            "shape": {
                "W": "1[1]",
                "X": "48[48]",
                "Y": "32[32]",
                "Z": "32[32]"
            },
            "storage_type": {
                "device_id": 0,
                "memory_config": {
                    "buffer_type": "L1",
                    "memory_layout": "INTERLEAVED"
                }
            }
        },
        {
            "dtype": "BFLOAT16",
            "layout": "ROW_MAJOR",
            "shape": {
                "W": "1[1]",
                "X": "48[48]",
                "Y": "32[32]",
                "Z": "32[32]"
            },
            "storage_type": {
                "device_id": 0,
                "memory_config": {
                    "buffer_type": "L1",
                    "memory_layout": "INTERLEAVED"
                }
            }
        }
    ],
    "kernel_info": {
        "compute_kernels": [],
        "datamovement_kernels": [
            {
                "name": "writer_unary_stick_layout_interleaved_start_id/9420646408183811968/",
                "source": "ttnn/cpp/ttnn/kernel/dataflow/writer_unary_stick_layout_interleaved_start_id.cpp"
            },
            {
                "name": "reader_concat_stick_layout_interleaved_start_id/7882589522445572142/",
                "source": "ttnn/cpp/ttnn/operations/data_movement/concat/device/kernels/dataflow/reader_concat_stick_layout_interleaved_start_id.cpp"
            }
        ],
        "kernel_sizes": {
            "ACTIVE_ETH_DM_0_max_kernel_size": 0,
            "ACTIVE_ETH_DM_1_max_kernel_size": 0,
            "IDLE_ETH_DM_0_max_kernel_size": 0,
            "IDLE_ETH_DM_1_max_kernel_size": 0,
            "TENSIX_COMPUTE_0_max_kernel_size": 0,
            "TENSIX_COMPUTE_1_max_kernel_size": 0,
            "TENSIX_COMPUTE_2_max_kernel_size": 0,
            "TENSIX_DM_0_max_kernel_size": 1076,
            "TENSIX_DM_1_max_kernel_size": 1248
        }
    },
    "op_code": "ConcatDeviceOperation",
    "op_hash": 14972764366684178543,
    "op_type": "tt_dnn_device",
    "optional_input_tensors": [],
    "output_tensors": [
        {
            "dtype": "BFLOAT16",
            "layout": "ROW_MAJOR",
            "shape": {
                "W": "1[1]",
                "X": "96[96]",
                "Y": "32[32]",
                "Z": "32[32]"
            },
            "storage_type": {
                "device_id": 0,
                "memory_config": {
                    "buffer_type": "L1",
                    "memory_layout": "INTERLEAVED"
                }
            }
        }
    ],
    "performance_model": {
        "bandwidth_ns": 1,
        "compute_ns": 1,
        "ideal_ns": 1,
        "input_bws": [
            98304.0,
            98304.0
        ],
        "output_bws": [
            196608.0
        ]
    },
    "program_cache_hit": false
}`;5336878699
`TT_DNN_DEVICE_OP: "TilizeWithValPaddingDeviceOperation", 4728945246516244193, 3, false, 21507 ->
{
    "attributes": {
        "enough_space_height": "true",
        "enough_space_width": "true",
        "output_dtype": "DataType::BFLOAT16",
        "output_mem_config": "MemoryConfig(memory_layout=TensorMemoryLayout::INTERLEAVED,buffer_type=BufferType::L1,shard_spec=std::nullopt,nd_shard_spec=std::nullopt,created_with_nd_shard_spec=0)",
        "output_padded_shape": "Shape([1, 32, 32, 96])",
        "pad_value": "0",
        "sub_core_grids": "std::nullopt",
        "use_multicore": "true"
    },
    "device_id": 3,
    "global_call_count": 21507,
    "input_tensors": [
        {
            "dtype": "BFLOAT16",
            "layout": "ROW_MAJOR",
            "shape": {
                "W": "1[1]",
                "X": "96[96]",
                "Y": "32[32]",
                "Z": "32[32]"
            },
            "storage_type": {
                "device_id": 0,
                "memory_config": {
                    "buffer_type": "L1",
                    "memory_layout": "INTERLEAVED"
                }
            }
        }
    ],
    "kernel_info": {
        "compute_kernels": [
            {
                "math_fidelity": "HiFi4",
                "name": "tilize/12422261825397685930/",
                "source": "ttnn/cpp/ttnn/kernel/compute/tilize.cpp"
            }
        ],
        "datamovement_kernels": [
            {
                "name": "writer_unary_interleaved_start_id/335731209530732381/",
                "source": "ttnn/cpp/ttnn/operations/eltwise/unary/device/kernels/dataflow/writer_unary_interleaved_start_id.cpp"
            },
            {
                "name": "reader_unary_pad_dims_split_rows_multicore/2758796867847030435/",
                "source": "ttnn/cpp/ttnn/operations/data_movement/tilize_with_val_padding/device/kernels/dataflow/reader_unary_pad_dims_split_rows_multicore.cpp"
            }
        ],
        "kernel_sizes": {
            "ACTIVE_ETH_DM_0_max_kernel_size": 0,
            "ACTIVE_ETH_DM_1_max_kernel_size": 0,
            "IDLE_ETH_DM_0_max_kernel_size": 0,
            "IDLE_ETH_DM_1_max_kernel_size": 0,
            "TENSIX_COMPUTE_0_max_kernel_size": 1172,
            "TENSIX_COMPUTE_1_max_kernel_size": 768,
            "TENSIX_COMPUTE_2_max_kernel_size": 2016,
            "TENSIX_DM_0_max_kernel_size": 1104,
            "TENSIX_DM_1_max_kernel_size": 1900
        }
    },
    "op_code": "TilizeWithValPaddingDeviceOperation",
    "op_hash": 4728945246516244193,
    "op_type": "tt_dnn_device",
    "optional_input_tensors": [],
    "output_tensors": [
        {
            "dtype": "BFLOAT16",
            "layout": "TILE",
            "shape": {
                "W": "1[1]",
                "X": "96[96]",
                "Y": "32[32]",
                "Z": "32[32]"
            },
            "storage_type": {
                "device_id": 0,
                "memory_config": {
                    "buffer_type": "L1",
                    "memory_layout": "INTERLEAVED"
                }
            }
        }
    ],
    "performance_model": {
        "bandwidth_ns": 1,
        "compute_ns": 1,
        "ideal_ns": 1,
        "input_bws": [],
        "output_bws": []
    },
    "program_cache_hit": false
}`;5340295596
`TT_DNN_DEVICE_OP: "InterleavedToShardedDeviceOperation", 7059282322276887224, 3, false, 22531 ->
{
    "attributes": {
        "keep_l1_aligned": "false",
        "output_dtype": "DataType::BFLOAT16",
        "output_mem_config": "MemoryConfig(memory_layout=TensorMemoryLayout::HEIGHT_SHARDED,buffer_type=BufferType::L1,shard_spec=ShardSpec{grid=[{\"start\":{\"x\":0,\"y\":0},\"end\":{\"x\":10,\"y\":1}, {\"start\":{\"x\":0,\"y\":2},\"end\":{\"x\":9,\"y\":2}], shape=[32, 96], orientation=ShardOrientation::ROW_MAJOR},nd_shard_spec={\"shard_shape\":[32, 96],\"grid\":[{\"start\":{\"x\":0,\"y\":0},\"end\":{\"x\":10,\"y\":1}}, {\"start\":{\"x\":0,\"y\":2},\"end\":{\"x\":9,\"y\":2}}],\"orientation\":\"ShardOrientation::ROW_MAJOR\",\"shard_distribution_strategy\":\"ShardDistributionStrategy::ROUND_ROBIN_1D\"},created_with_nd_shard_spec=0)"
    },
    "device_id": 3,
    "global_call_count": 22531,
    "input_tensors": [
        {
            "dtype": "BFLOAT16",
            "layout": "TILE",
            "shape": {
                "W": "1[1]",
                "X": "96[96]",
                "Y": "32[32]",
                "Z": "32[32]"
            },
            "storage_type": {
                "device_id": 0,
                "memory_config": {
                    "buffer_type": "L1",
                    "memory_layout": "INTERLEAVED"
                }
            }
        }
    ],
    "kernel_info": {
        "compute_kernels": [],
        "datamovement_kernels": [
            {
                "name": "writer_unary_sharded/8354490188168529288/",
                "source": "ttnn/cpp/ttnn/operations/data_movement/sharded/device/kernels/dataflow/writer_unary_sharded.cpp"
            },
            {
                "name": "reader_unary_sharded_blocks_interleaved_start_id/13076968538418558509/",
                "source": "ttnn/cpp/ttnn/operations/data_movement/sharded/device/kernels/dataflow/reader_unary_sharded_blocks_interleaved_start_id.cpp"
            }
        ],
        "kernel_sizes": {
            "ACTIVE_ETH_DM_0_max_kernel_size": 0,
            "ACTIVE_ETH_DM_1_max_kernel_size": 0,
            "IDLE_ETH_DM_0_max_kernel_size": 0,
            "IDLE_ETH_DM_1_max_kernel_size": 0,
            "TENSIX_COMPUTE_0_max_kernel_size": 0,
            "TENSIX_COMPUTE_1_max_kernel_size": 0,
            "TENSIX_COMPUTE_2_max_kernel_size": 0,
            "TENSIX_DM_0_max_kernel_size": 384,
            "TENSIX_DM_1_max_kernel_size": 908
        }
    },
    "op_code": "InterleavedToShardedDeviceOperation",
    "op_hash": 7059282322276887224,
    "op_type": "tt_dnn_device",
    "optional_input_tensors": [],
    "output_tensors": [
        {
            "dtype": "BFLOAT16",
            "layout": "TILE",
            "shape": {
                "W": "1[1]",
                "X": "96[96]",
                "Y": "32[32]",
                "Z": "32[32]"
            },
            "storage_type": {
                "device_id": 0,
                "memory_config": {
                    "buffer_type": "L1",
                    "memory_layout": "HEIGHT_SHARDED"
                }
            }
        }
    ],
    "performance_model": {
        "bandwidth_ns": 1,
        "compute_ns": 1,
        "ideal_ns": 1,
        "input_bws": [],
        "output_bws": []
    },
    "program_cache_hit": false
}`;5341650309
`TT_DNN_DEVICE_OP: "BinaryNgDeviceOperation", 17293436541506536941, 3, false, 23555 ->
{
    "attributes": {
        "atol": "0",
        "binary_op_type": "BinaryOpType::MUL",
        "compute_kernel_config": "std::nullopt",
        "dtype": "DataType::BFLOAT16",
        "equal_nan": "false",
        "input_dtype": "DataType::BFLOAT16",
        "input_layout_a": "Layout::TILE",
        "input_layout_b": "Layout::TILE",
        "is_quant_op": "false",
        "is_sfpu": "true",
        "is_where_op": "false",
        "lhs_activations": "{}",
        "memory_config": "MemoryConfig(memory_layout=TensorMemoryLayout::HEIGHT_SHARDED,buffer_type=BufferType::L1,shard_spec=ShardSpec{grid=[{\"start\":{\"x\":0,\"y\":0},\"end\":{\"x\":10,\"y\":1}, {\"start\":{\"x\":0,\"y\":2},\"end\":{\"x\":9,\"y\":2}], shape=[32, 96], orientation=ShardOrientation::ROW_MAJOR},nd_shard_spec={\"shard_shape\":[32, 96],\"grid\":[{\"start\":{\"x\":0,\"y\":0},\"end\":{\"x\":10,\"y\":1}}, {\"start\":{\"x\":0,\"y\":2},\"end\":{\"x\":9,\"y\":2}}],\"orientation\":\"ShardOrientation::ROW_MAJOR\",\"shard_distribution_strategy\":\"ShardDistributionStrategy::ROUND_ROBIN_1D\"},created_with_nd_shard_spec=0)",
        "output_layout": "Layout::TILE",
        "post_activations": "{}",
        "rhs_activations": "{}",
        "rtol": "0",
        "scalar": "std::nullopt",
        "sub_core_grids": "std::nullopt",
        "sub_device_id": "std::nullopt",
        "subtile_broadcast_type": "SubtileBroadcastType::ROW_B",
        "worker_grid": "{[0-0 - 10-9]}"
    },
    "device_id": 3,
    "global_call_count": 23555,
    "input_tensors": [
        {
            "dtype": "BFLOAT16",
            "layout": "TILE",
            "shape": {
                "W": "1[1]",
                "X": "96[96]",
                "Y": "32[32]",
                "Z": "32[32]"
            },
            "storage_type": {
                "device_id": 0,
                "memory_config": {
                    "buffer_type": "L1",
                    "memory_layout": "HEIGHT_SHARDED"
                }
            }
        },
        {
            "dtype": "BFLOAT16",
            "layout": "TILE",
            "shape": {
                "W": "1[1]",
                "X": "96[96]",
                "Y": "32[1]",
                "Z": "32[32]"
            },
            "storage_type": {
                "device_id": 0,
                "memory_config": {
                    "buffer_type": "L1",
                    "memory_layout": "HEIGHT_SHARDED"
                }
            }
        }
    ],
    "kernel_info": {
        "compute_kernels": [
            {
                "math_fidelity": "HiFi4",
                "name": "eltwise_binary_sfpu_row_bcast/4275565743134342424/",
                "source": "ttnn/cpp/ttnn/operations/eltwise/binary_ng/device/kernels_ng/compute/eltwise_binary_sfpu_row_bcast.cpp"
            }
        ],
        "datamovement_kernels": [
            {
                "name": "writer_interleaved_no_bcast/2061364133768794123/",
                "source": "ttnn/cpp/ttnn/operations/eltwise/binary_ng/device/kernels_ng/dataflow/writer_interleaved_no_bcast.cpp"
            },
            {
                "name": "reader_interleaved_row_bcast/11558616997036400043/",
                "source": "ttnn/cpp/ttnn/operations/eltwise/binary_ng/device/kernels_ng/dataflow/reader_interleaved_row_bcast.cpp"
            }
        ],
        "kernel_sizes": {
            "ACTIVE_ETH_DM_0_max_kernel_size": 0,
            "ACTIVE_ETH_DM_1_max_kernel_size": 0,
            "IDLE_ETH_DM_0_max_kernel_size": 0,
            "IDLE_ETH_DM_1_max_kernel_size": 0,
            "TENSIX_COMPUTE_0_max_kernel_size": 2076,
            "TENSIX_COMPUTE_1_max_kernel_size": 1588,
            "TENSIX_COMPUTE_2_max_kernel_size": 2204,
            "TENSIX_DM_0_max_kernel_size": 1312,
            "TENSIX_DM_1_max_kernel_size": 1960
        }
    },
    "op_code": "BinaryNgDeviceOperation",
    "op_hash": 17293436541506536941,
    "op_type": "tt_dnn_device",
    "optional_input_tensors": [],
    "output_tensors": [
        {
            "dtype": "BFLOAT16",
            "layout": "TILE",
            "shape": {
                "W": "1[1]",
                "X": "96[96]",
                "Y": "32[32]",
                "Z": "32[32]"
            },
            "storage_type": {
                "device_id": 0,
                "memory_config": {
                    "buffer_type": "L1",
                    "memory_layout": "HEIGHT_SHARDED"
                }
            }
        }
    ],
    "performance_model": {
        "bandwidth_ns": 1,
        "compute_ns": 1,
        "ideal_ns": 1,
        "input_bws": [],
        "output_bws": []
    },
    "program_cache_hit": false
}`;5346211943
`TT_DNN_DEVICE_OP: "BinaryNgDeviceOperation", 17293436541506536941, 3, false, 24579`;5346317232
`TT_DNN_DEVICE_OP: "BinaryNgDeviceOperation", 12542668371061194085, 3, false, 25603 ->
{
    "attributes": {
        "atol": "0",
        "binary_op_type": "BinaryOpType::ADD",
        "compute_kernel_config": "std::nullopt",
        "dtype": "DataType::BFLOAT16",
        "equal_nan": "false",
        "input_dtype": "DataType::BFLOAT16",
        "input_layout_a": "Layout::TILE",
        "input_layout_b": "Layout::TILE",
        "is_quant_op": "false",
        "is_sfpu": "false",
        "is_where_op": "false",
        "lhs_activations": "{}",
        "memory_config": "MemoryConfig(memory_layout=TensorMemoryLayout::HEIGHT_SHARDED,buffer_type=BufferType::L1,shard_spec=ShardSpec{grid=[{\"start\":{\"x\":0,\"y\":0},\"end\":{\"x\":10,\"y\":1}, {\"start\":{\"x\":0,\"y\":2},\"end\":{\"x\":9,\"y\":2}], shape=[32, 96], orientation=ShardOrientation::ROW_MAJOR},nd_shard_spec={\"shard_shape\":[32, 96],\"grid\":[{\"start\":{\"x\":0,\"y\":0},\"end\":{\"x\":10,\"y\":1}}, {\"start\":{\"x\":0,\"y\":2},\"end\":{\"x\":9,\"y\":2}}],\"orientation\":\"ShardOrientation::ROW_MAJOR\",\"shard_distribution_strategy\":\"ShardDistributionStrategy::ROUND_ROBIN_1D\"},created_with_nd_shard_spec=0)",
        "output_layout": "Layout::TILE",
        "post_activations": "{}",
        "rhs_activations": "{}",
        "rtol": "0",
        "scalar": "std::nullopt",
        "sub_core_grids": "std::nullopt",
        "sub_device_id": "std::nullopt",
        "subtile_broadcast_type": "SubtileBroadcastType::NONE",
        "worker_grid": "{[0-0 - 10-9]}"
    },
    "device_id": 3,
    "global_call_count": 25603,
    "input_tensors": [
        {
            "dtype": "BFLOAT16",
            "layout": "TILE",
            "shape": {
                "W": "1[1]",
                "X": "96[96]",
                "Y": "32[32]",
                "Z": "32[32]"
            },
            "storage_type": {
                "device_id": 0,
                "memory_config": {
                    "buffer_type": "L1",
                    "memory_layout": "HEIGHT_SHARDED"
                }
            }
        },
        {
            "dtype": "BFLOAT16",
            "layout": "TILE",
            "shape": {
                "W": "1[1]",
                "X": "96[96]",
                "Y": "32[32]",
                "Z": "32[32]"
            },
            "storage_type": {
                "device_id": 0,
                "memory_config": {
                    "buffer_type": "L1",
                    "memory_layout": "HEIGHT_SHARDED"
                }
            }
        }
    ],
    "kernel_info": {
        "compute_kernels": [
            {
                "math_fidelity": "HiFi4",
                "name": "eltwise_binary_no_bcast/12960446116978008777/",
                "source": "ttnn/cpp/ttnn/operations/eltwise/binary_ng/device/kernels/compute/eltwise_binary_no_bcast.cpp"
            }
        ],
        "datamovement_kernels": [
            {
                "name": "writer_interleaved_no_bcast/3184094844371842085/",
                "source": "ttnn/cpp/ttnn/operations/eltwise/binary_ng/device/kernels_ng/dataflow/writer_interleaved_no_bcast.cpp"
            },
            {
                "name": "reader_interleaved_no_bcast/9387216854580649288/",
                "source": "ttnn/cpp/ttnn/operations/eltwise/binary_ng/device/kernels_ng/dataflow/reader_interleaved_no_bcast.cpp"
            }
        ],
        "kernel_sizes": {
            "ACTIVE_ETH_DM_0_max_kernel_size": 0,
            "ACTIVE_ETH_DM_1_max_kernel_size": 0,
            "IDLE_ETH_DM_0_max_kernel_size": 0,
            "IDLE_ETH_DM_1_max_kernel_size": 0,
            "TENSIX_COMPUTE_0_max_kernel_size": 1816,
            "TENSIX_COMPUTE_1_max_kernel_size": 1200,
            "TENSIX_COMPUTE_2_max_kernel_size": 2796,
            "TENSIX_DM_0_max_kernel_size": 340,
            "TENSIX_DM_1_max_kernel_size": 528
        }
    },
    "op_code": "BinaryNgDeviceOperation",
    "op_hash": 12542668371061194085,
    "op_type": "tt_dnn_device",
    "optional_input_tensors": [],
    "output_tensors": [
        {
            "dtype": "BFLOAT16",
            "layout": "TILE",
            "shape": {
                "W": "1[1]",
                "X": "96[96]",
                "Y": "32[32]",
                "Z": "32[32]"
            },
            "storage_type": {
                "device_id": 0,
                "memory_config": {
                    "buffer_type": "L1",
                    "memory_layout": "HEIGHT_SHARDED"
                }
            }
        }
    ],
    "performance_model": {
        "bandwidth_ns": 1,
        "compute_ns": 1,
        "ideal_ns": 1,
        "input_bws": [],
        "output_bws": []
    },
    "program_cache_hit": false
}`;5350685963
`TT_DNN_DEVICE_OP: "SliceDeviceOperation", 8006730236445877011, 3, false, 26627`;5350823211
`TT_DNN_DEVICE_OP: "UntilizeDeviceOperation", 11726463348087448522, 3, false, 27651`;5350865190
`TT_DNN_DEVICE_OP: "SliceDeviceOperation", 12049207064848427263, 3, false, 28675`;5350905867
`TT_DNN_DEVICE_OP: "TilizeWithValPaddingDeviceOperation", 13126230718836824506, 3, false, 29699`;5350934531
`TT_DNN_DEVICE_OP: "UnaryDeviceOperation", 5046437064871887091, 3, false, 30723`;5350998942
`TT_DNN_DEVICE_OP: "UntilizeWithUnpaddingDeviceOperation", 9030972629848902352, 3, false, 31747`;5351033477
`TT_DNN_DEVICE_OP: "UntilizeWithUnpaddingDeviceOperation", 9030972629848902352, 3, false, 32771`;5351042685
`TT_DNN_DEVICE_OP: "ConcatDeviceOperation", 14972764366684178543, 3, false, 33795`;5351073964
`TT_DNN_DEVICE_OP: "TilizeWithValPaddingDeviceOperation", 4728945246516244193, 3, false, 34819`;5351090004
`TT_DNN_DEVICE_OP: "InterleavedToShardedDeviceOperation", 7059282322276887224, 3, false, 35843`;5351131041
`TT_DNN_DEVICE_OP: "BinaryNgDeviceOperation", 17293436541506536941, 3, false, 36867`;5351208687
`TT_DNN_DEVICE_OP: "BinaryNgDeviceOperation", 17293436541506536941, 3, false, 37891`;5351254273
`TT_DNN_DEVICE_OP: "BinaryNgDeviceOperation", 12542668371061194085, 3, false, 38915`;5351310219
`TT_DNN_DEVICE_OP: "ReshardDeviceOperation", 1801933423032645325, 3, false, 39939 ->
{
    "attributes": {
        "output_mem_config": "MemoryConfig(memory_layout=TensorMemoryLayout::HEIGHT_SHARDED,buffer_type=BufferType::L1,shard_spec=ShardSpec{grid=[{\"start\":{\"x\":0,\"y\":4},\"end\":{\"x\":7,\"y\":7}], shape=[32, 96], orientation=ShardOrientation::ROW_MAJOR},nd_shard_spec=std::nullopt,created_with_nd_shard_spec=0)"
    },
    "device_id": 3,
    "global_call_count": 39939,
    "input_tensors": [
        {
            "dtype": "BFLOAT16",
            "layout": "TILE",
            "shape": {
                "W": "1[1]",
                "X": "96[96]",
                "Y": "32[32]",
                "Z": "32[32]"
            },
            "storage_type": {
                "device_id": 0,
                "memory_config": {
                    "buffer_type": "L1",
                    "memory_layout": "HEIGHT_SHARDED"
                }
            }
        }
    ],
    "kernel_info": {
        "compute_kernels": [],
        "datamovement_kernels": [
            {
                "name": "reshard_same_width_reader/11940603321705537183/",
                "source": "ttnn/cpp/ttnn/operations/data_movement/sharded/device/kernels/dataflow/reshard_same_width_reader.cpp"
            }
        ],
        "kernel_sizes": {
            "ACTIVE_ETH_DM_0_max_kernel_size": 0,
            "ACTIVE_ETH_DM_1_max_kernel_size": 0,
            "IDLE_ETH_DM_0_max_kernel_size": 0,
            "IDLE_ETH_DM_1_max_kernel_size": 0,
            "TENSIX_COMPUTE_0_max_kernel_size": 0,
            "TENSIX_COMPUTE_1_max_kernel_size": 0,
            "TENSIX_COMPUTE_2_max_kernel_size": 0,
            "TENSIX_DM_0_max_kernel_size": 680,
            "TENSIX_DM_1_max_kernel_size": 668
        }
    },
    "op_code": "ReshardDeviceOperation",
    "op_hash": 1801933423032645325,
    "op_type": "tt_dnn_device",
    "optional_input_tensors": [],
    "output_tensors": [
        {
            "dtype": "BFLOAT16",
            "layout": "TILE",
            "shape": {
                "W": "1[1]",
                "X": "96[96]",
                "Y": "32[32]",
                "Z": "32[32]"
            },
            "storage_type": {
                "device_id": 0,
                "memory_config": {
                    "buffer_type": "L1",
                    "memory_layout": "HEIGHT_SHARDED"
                }
            }
        }
    ],
    "performance_model": {
        "bandwidth_ns": 1,
        "compute_ns": 1,
        "ideal_ns": 1,
        "input_bws": [],
        "output_bws": []
    },
    "program_cache_hit": false
}`;5353299507
`TT_DNN_DEVICE_OP: "PagedFusedUpdateCacheDeviceOperation", 15118546244260601522, 3, false, 40963 ->
{
    "attributes": {
        "batch_offset": "0",
        "compute_kernel_config": "ComputeKernelConfig(math_fidelity=LoFi,math_approx_mode=1,fp32_dest_acc_en=0,packer_l1_acc=0,dst_full_sync_en=0,throttle_level=ThrottleLevel::NO_THROTTLE)",
        "mesh_coords": "std::nullopt",
        "share_cache": "false",
        "update_idxs": "{}"
    },
    "device_id": 3,
    "global_call_count": 40963,
    "input_tensors": [
        {
            "dtype": "BFLOAT8_B",
            "layout": "TILE",
            "shape": {
                "W": "128[128]",
                "X": "96[96]",
                "Y": "32[32]",
                "Z": "32[32]"
            },
            "storage_type": {
                "device_id": 0,
                "memory_config": {
                    "buffer_type": "DRAM",
                    "memory_layout": "INTERLEAVED"
                }
            }
        },
        {
            "dtype": "BFLOAT16",
            "layout": "TILE",
            "shape": {
                "W": "1[1]",
                "X": "96[96]",
                "Y": "32[32]",
                "Z": "32[32]"
            },
            "storage_type": {
                "device_id": 0,
                "memory_config": {
                    "buffer_type": "L1",
                    "memory_layout": "HEIGHT_SHARDED"
                }
            }
        },
        {
            "dtype": "BFLOAT8_B",
            "layout": "TILE",
            "shape": {
                "W": "128[128]",
                "X": "96[96]",
                "Y": "32[32]",
                "Z": "32[32]"
            },
            "storage_type": {
                "device_id": 0,
                "memory_config": {
                    "buffer_type": "DRAM",
                    "memory_layout": "INTERLEAVED"
                }
            }
        },
        {
            "dtype": "BFLOAT16",
            "layout": "TILE",
            "shape": {
                "W": "1[1]",
                "X": "96[96]",
                "Y": "32[32]",
                "Z": "32[32]"
            },
            "storage_type": {
                "device_id": 0,
                "memory_config": {
                    "buffer_type": "L1",
                    "memory_layout": "HEIGHT_SHARDED"
                }
            }
        },
        {
            "dtype": "INT32",
            "layout": "ROW_MAJOR",
            "shape": {
                "W": "1[1]",
                "X": "32[32]",
                "Y": "1[1]",
                "Z": "1[1]"
            },
            "storage_type": {
                "device_id": 0,
                "memory_config": {
                    "buffer_type": "DRAM",
                    "memory_layout": "INTERLEAVED"
                }
            }
        },
        {
            "dtype": "INT32",
            "layout": "ROW_MAJOR",
            "shape": {
                "W": "1[1]",
                "X": "4[4]",
                "Y": "32[32]",
                "Z": "1[1]"
            },
            "storage_type": {
                "device_id": 0,
                "memory_config": {
                    "buffer_type": "DRAM",
                    "memory_layout": "INTERLEAVED"
                }
            }
        }
    ],
    "kernel_info": {
        "compute_kernels": [
            {
                "math_fidelity": "HiFi4",
                "name": "paged_fused_update_cache/3057395679190877389/",
                "source": "ttnn/cpp/ttnn/operations/experimental/paged_cache/device/kernels/compute/paged_fused_update_cache.cpp"
            }
        ],
        "datamovement_kernels": [
            {
                "name": "writer_paged_fused_update_cache_interleaved_start_id/11145215760572143143/",
                "source": "ttnn/cpp/ttnn/operations/experimental/paged_cache/device/kernels/dataflow/writer_paged_fused_update_cache_interleaved_start_id.cpp"
            },
            {
                "name": "reader_paged_fused_update_cache_interleaved_start_id/14347302068743717557/",
                "source": "ttnn/cpp/ttnn/operations/experimental/paged_cache/device/kernels/dataflow/reader_paged_fused_update_cache_interleaved_start_id.cpp"
            }
        ],
        "kernel_sizes": {
            "ACTIVE_ETH_DM_0_max_kernel_size": 0,
            "ACTIVE_ETH_DM_1_max_kernel_size": 0,
            "IDLE_ETH_DM_0_max_kernel_size": 0,
            "IDLE_ETH_DM_1_max_kernel_size": 0,
            "TENSIX_COMPUTE_0_max_kernel_size": 2756,
            "TENSIX_COMPUTE_1_max_kernel_size": 1896,
            "TENSIX_COMPUTE_2_max_kernel_size": 4784,
            "TENSIX_DM_0_max_kernel_size": 1564,
            "TENSIX_DM_1_max_kernel_size": 1352
        }
    },
    "op_code": "PagedFusedUpdateCacheDeviceOperation",
    "op_hash": 15118546244260601522,
    "op_type": "tt_dnn_device",
    "optional_input_tensors": [],
    "output_tensors": [
        {
            "dtype": "BFLOAT8_B",
            "layout": "TILE",
            "shape": {
                "W": "128[128]",
                "X": "96[96]",
                "Y": "32[32]",
                "Z": "32[32]"
            },
            "storage_type": {
                "device_id": 0,
                "memory_config": {
                    "buffer_type": "DRAM",
                    "memory_layout": "INTERLEAVED"
                }
            }
        },
        {
            "dtype": "BFLOAT8_B",
            "layout": "TILE",
            "shape": {
                "W": "128[128]",
                "X": "96[96]",
                "Y": "32[32]",
                "Z": "32[32]"
            },
            "storage_type": {
                "device_id": 0,
                "memory_config": {
                    "buffer_type": "DRAM",
                    "memory_layout": "INTERLEAVED"
                }
            }
        }
    ],
    "performance_model": {
        "bandwidth_ns": 1,
        "compute_ns": 1,
        "ideal_ns": 1,
        "input_bws": [],
        "output_bws": []
    },
    "program_cache_hit": false
}`;5357682595
`TT_DNN_DEVICE_OP: "SdpaDecodeDeviceOperation", 14572280175761637374, 3, false, 41987 ->
{
    "attributes": {
        "block_size_override": "std::nullopt",
        "cache_position_modulo": "std::nullopt",
        "compute_kernel_config": "ComputeKernelConfig(math_fidelity=LoFi,math_approx_mode=0,fp32_dest_acc_en=0,packer_l1_acc=1,dst_full_sync_en=0,throttle_level=ThrottleLevel::NO_THROTTLE)",
        "cur_pos": "{}",
        "head_dim_v": "std::nullopt",
        "is_causal": "true",
        "k_chunk_size": "32",
        "num_kv_heads_override": "std::nullopt",
        "output_mem_config": "MemoryConfig(memory_layout=TensorMemoryLayout::INTERLEAVED,buffer_type=BufferType::DRAM,shard_spec=std::nullopt,nd_shard_spec=std::nullopt,created_with_nd_shard_spec=0)",
        "paged_attention": "true",
        "program_config": "SDPAProgramConfig(compute_with_storage_grid_size=11-10,sub_core_grids=std::nullopt,q_chunk_size=32,k_chunk_size=32,exp_approx_mode=std::nullopt,max_cores_per_head_batch=1)",
        "scale": "0.10206208",
        "share_cache": "std::nullopt",
        "sliding_window_size": "std::nullopt",
        "use_mla": "std::nullopt"
    },
    "device_id": 3,
    "global_call_count": 41987,
    "input_tensors": [
        {
            "dtype": "BFLOAT16",
            "layout": "TILE",
            "shape": {
                "W": "1[1]",
                "X": "96[96]",
                "Y": "32[32]",
                "Z": "32[32]"
            },
            "storage_type": {
                "device_id": 0,
                "memory_config": {
                    "buffer_type": "L1",
                    "memory_layout": "HEIGHT_SHARDED"
                }
            }
        },
        {
            "dtype": "BFLOAT8_B",
            "layout": "TILE",
            "shape": {
                "W": "128[128]",
                "X": "96[96]",
                "Y": "32[32]",
                "Z": "32[32]"
            },
            "storage_type": {
                "device_id": 0,
                "memory_config": {
                    "buffer_type": "DRAM",
                    "memory_layout": "INTERLEAVED"
                }
            }
        },
        {
            "dtype": "BFLOAT8_B",
            "layout": "TILE",
            "shape": {
                "W": "128[128]",
                "X": "96[96]",
                "Y": "32[32]",
                "Z": "32[32]"
            },
            "storage_type": {
                "device_id": 0,
                "memory_config": {
                    "buffer_type": "DRAM",
                    "memory_layout": "INTERLEAVED"
                }
            }
        },
        {
            "dtype": "INT32",
            "layout": "ROW_MAJOR",
            "shape": {
                "W": "1[1]",
                "X": "32[32]",
                "Y": "1[1]",
                "Z": "1[1]"
            },
            "storage_type": {
                "device_id": 0,
                "memory_config": {
                    "buffer_type": "DRAM",
                    "memory_layout": "INTERLEAVED"
                }
            }
        },
        {
            "dtype": "INT32",
            "layout": "ROW_MAJOR",
            "shape": {
                "W": "1[1]",
                "X": "4[4]",
                "Y": "32[32]",
                "Z": "1[1]"
            },
            "storage_type": {
                "device_id": 0,
                "memory_config": {
                    "buffer_type": "DRAM",
                    "memory_layout": "INTERLEAVED"
                }
            }
        }
    ],
    "kernel_info": {
        "compute_kernels": [
            {
                "math_fidelity": "LoFi",
                "name": "sdpa_flash_decode/13719112207334705706/",
                "source": "ttnn/cpp/ttnn/operations/transformer/sdpa_decode/device/kernels/compute/sdpa_flash_decode.cpp"
            }
        ],
        "datamovement_kernels": [
            {
                "name": "writer_decode_all/3906717711298231366/",
                "source": "ttnn/cpp/ttnn/operations/transformer/sdpa_decode/device/kernels/dataflow/writer_decode_all.cpp"
            },
            {
                "name": "reader_decode_all/17363403009450532236/",
                "source": "ttnn/cpp/ttnn/operations/transformer/sdpa_decode/device/kernels/dataflow/reader_decode_all.cpp"
            }
        ],
        "kernel_sizes": {
            "ACTIVE_ETH_DM_0_max_kernel_size": 0,
            "ACTIVE_ETH_DM_1_max_kernel_size": 0,
            "IDLE_ETH_DM_0_max_kernel_size": 0,
            "IDLE_ETH_DM_1_max_kernel_size": 0,
            "TENSIX_COMPUTE_0_max_kernel_size": 11780,
            "TENSIX_COMPUTE_1_max_kernel_size": 10896,
            "TENSIX_COMPUTE_2_max_kernel_size": 11436,
            "TENSIX_DM_0_max_kernel_size": 4440,
            "TENSIX_DM_1_max_kernel_size": 2372
        }
    },
    "op_code": "SdpaDecodeDeviceOperation",
    "op_hash": 14572280175761637374,
    "op_type": "tt_dnn_device",
    "optional_input_tensors": [],
    "output_tensors": [
        {
            "dtype": "BFLOAT16",
            "layout": "TILE",
            "shape": {
                "W": "1[1]",
                "X": "96[96]",
                "Y": "32[32]",
                "Z": "32[32]"
            },
            "storage_type": {
                "device_id": 0,
                "memory_config": {
                    "buffer_type": "DRAM",
                    "memory_layout": "INTERLEAVED"
                }
            }
        }
    ],
    "performance_model": {
        "bandwidth_ns": 1,
        "compute_ns": 1,
        "ideal_ns": 1,
        "input_bws": [],
        "output_bws": []
    },
    "program_cache_hit": false
}`;5363125730
`TT_DNN_DEVICE_OP: "InterleavedToShardedDeviceOperation", 16555018254629383648, 3, false, 43011 ->
{
    "attributes": {
        "keep_l1_aligned": "false",
        "output_dtype": "DataType::BFLOAT16",
        "output_mem_config": "MemoryConfig(memory_layout=TensorMemoryLayout::HEIGHT_SHARDED,buffer_type=BufferType::L1,shard_spec=ShardSpec{grid=[{\"start\":{\"x\":0,\"y\":0},\"end\":{\"x\":7,\"y\":3}], shape=[32, 96], orientation=ShardOrientation::ROW_MAJOR},nd_shard_spec=std::nullopt,created_with_nd_shard_spec=0)"
    },
    "device_id": 3,
    "global_call_count": 43011,
    "input_tensors": [
        {
            "dtype": "BFLOAT16",
            "layout": "TILE",
            "shape": {
                "W": "1[1]",
                "X": "96[96]",
                "Y": "32[32]",
                "Z": "32[32]"
            },
            "storage_type": {
                "device_id": 0,
                "memory_config": {
                    "buffer_type": "DRAM",
                    "memory_layout": "INTERLEAVED"
                }
            }
        }
    ],
    "kernel_info": {
        "compute_kernels": [],
        "datamovement_kernels": [
            {
                "name": "writer_unary_sharded/8354490188168529288/",
                "source": "ttnn/cpp/ttnn/operations/data_movement/sharded/device/kernels/dataflow/writer_unary_sharded.cpp"
            },
            {
                "name": "reader_unary_sharded_blocks_interleaved_start_id/10917281480853109555/",
                "source": "ttnn/cpp/ttnn/operations/data_movement/sharded/device/kernels/dataflow/reader_unary_sharded_blocks_interleaved_start_id.cpp"
            }
        ],
        "kernel_sizes": {
            "ACTIVE_ETH_DM_0_max_kernel_size": 0,
            "ACTIVE_ETH_DM_1_max_kernel_size": 0,
            "IDLE_ETH_DM_0_max_kernel_size": 0,
            "IDLE_ETH_DM_1_max_kernel_size": 0,
            "TENSIX_COMPUTE_0_max_kernel_size": 0,
            "TENSIX_COMPUTE_1_max_kernel_size": 0,
            "TENSIX_COMPUTE_2_max_kernel_size": 0,
            "TENSIX_DM_0_max_kernel_size": 384,
            "TENSIX_DM_1_max_kernel_size": 876
        }
    },
    "op_code": "InterleavedToShardedDeviceOperation",
    "op_hash": 16555018254629383648,
    "op_type": "tt_dnn_device",
    "optional_input_tensors": [],
    "output_tensors": [
        {
            "dtype": "BFLOAT16",
            "layout": "TILE",
            "shape": {
                "W": "1[1]",
                "X": "96[96]",
                "Y": "32[32]",
                "Z": "32[32]"
            },
            "storage_type": {
                "device_id": 0,
                "memory_config": {
                    "buffer_type": "L1",
                    "memory_layout": "HEIGHT_SHARDED"
                }
            }
        }
    ],
    "performance_model": {
        "bandwidth_ns": 1,
        "compute_ns": 1,
        "ideal_ns": 1,
        "input_bws": [],
        "output_bws": []
    },
    "program_cache_hit": false
}`;5363414304
`TT_DNN_DEVICE_OP: "NLPConcatHeadsDecodeDeviceOperation", 5783831311039335014, 3, false, 44035 ->
{
    "attributes": {
        "num_heads": "32",
        "on_subcoregrids": "false",
        "sub_core_grids": "std::nullopt"
    },
    "device_id": 3,
    "global_call_count": 44035,
    "input_tensors": [
        {
            "dtype": "BFLOAT16",
            "layout": "TILE",
            "shape": {
                "W": "1[1]",
                "X": "96[96]",
                "Y": "32[32]",
                "Z": "32[32]"
            },
            "storage_type": {
                "device_id": 0,
                "memory_config": {
                    "buffer_type": "L1",
                    "memory_layout": "HEIGHT_SHARDED"
                }
            }
        }
    ],
    "kernel_info": {
        "compute_kernels": [],
        "datamovement_kernels": [
            {
                "name": "reader_tm_tile_layout_nlp_concat_heads_decode/1446285083971468213/",
                "source": "ttnn/cpp/ttnn/operations/experimental/transformer/nlp_concat_heads_decode/device/kernels/dataflow/reader_tm_tile_layout_nlp_concat_heads_decode.cpp"
            }
        ],
        "kernel_sizes": {
            "ACTIVE_ETH_DM_0_max_kernel_size": 0,
            "ACTIVE_ETH_DM_1_max_kernel_size": 0,
            "IDLE_ETH_DM_0_max_kernel_size": 0,
            "IDLE_ETH_DM_1_max_kernel_size": 0,
            "TENSIX_COMPUTE_0_max_kernel_size": 0,
            "TENSIX_COMPUTE_1_max_kernel_size": 0,
            "TENSIX_COMPUTE_2_max_kernel_size": 0,
            "TENSIX_DM_0_max_kernel_size": 772,
            "TENSIX_DM_1_max_kernel_size": 748
        }
    },
    "op_code": "NLPConcatHeadsDecodeDeviceOperation",
    "op_hash": 5783831311039335014,
    "op_type": "tt_dnn_device",
    "optional_input_tensors": [],
    "output_tensors": [
        {
            "dtype": "BFLOAT16",
            "layout": "TILE",
            "shape": {
                "W": "1[1]",
                "X": "3072[3072]",
                "Y": "32[32]",
                "Z": "1[1]"
            },
            "storage_type": {
                "device_id": 0,
                "memory_config": {
                    "buffer_type": "L1",
                    "memory_layout": "WIDTH_SHARDED"
                }
            }
        }
    ],
    "performance_model": {
        "bandwidth_ns": 1,
        "compute_ns": 1,
        "ideal_ns": 1,
        "input_bws": [],
        "output_bws": []
    },
    "program_cache_hit": false
}`;5365344651
`TT_DNN_DEVICE_OP: "ReshardDeviceOperation", 3023734019585709159, 3, false, 45059 ->
{
    "attributes": {
        "output_mem_config": "MemoryConfig(memory_layout=TensorMemoryLayout::WIDTH_SHARDED,buffer_type=BufferType::L1,shard_spec=ShardSpec{grid=[{\"start\":{\"x\":0,\"y\":0},\"end\":{\"x\":7,\"y\":0}], shape=[32, 384], orientation=ShardOrientation::ROW_MAJOR},nd_shard_spec=std::nullopt,created_with_nd_shard_spec=0)"
    },
    "device_id": 3,
    "global_call_count": 45059,
    "input_tensors": [
        {
            "dtype": "BFLOAT16",
            "layout": "TILE",
            "shape": {
                "W": "1[1]",
                "X": "3072[3072]",
                "Y": "32[32]",
                "Z": "1[1]"
            },
            "storage_type": {
                "device_id": 0,
                "memory_config": {
                    "buffer_type": "L1",
                    "memory_layout": "WIDTH_SHARDED"
                }
            }
        }
    ],
    "kernel_info": {
        "compute_kernels": [],
        "datamovement_kernels": [
            {
                "name": "reshard_reader/65709687602297981/",
                "source": "ttnn/cpp/ttnn/operations/data_movement/sharded/device/kernels/dataflow/reshard_reader.cpp"
            }
        ],
        "kernel_sizes": {
            "ACTIVE_ETH_DM_0_max_kernel_size": 0,
            "ACTIVE_ETH_DM_1_max_kernel_size": 0,
            "IDLE_ETH_DM_0_max_kernel_size": 0,
            "IDLE_ETH_DM_1_max_kernel_size": 0,
            "TENSIX_COMPUTE_0_max_kernel_size": 0,
            "TENSIX_COMPUTE_1_max_kernel_size": 0,
            "TENSIX_COMPUTE_2_max_kernel_size": 0,
            "TENSIX_DM_0_max_kernel_size": 924,
            "TENSIX_DM_1_max_kernel_size": 912
        }
    },
    "op_code": "ReshardDeviceOperation",
    "op_hash": 3023734019585709159,
    "op_type": "tt_dnn_device",
    "optional_input_tensors": [],
    "output_tensors": [
        {
            "dtype": "BFLOAT16",
            "layout": "TILE",
            "shape": {
                "W": "1[1]",
                "X": "3072[3072]",
                "Y": "32[32]",
                "Z": "1[1]"
            },
            "storage_type": {
                "device_id": 0,
                "memory_config": {
                    "buffer_type": "L1",
                    "memory_layout": "WIDTH_SHARDED"
                }
            }
        }
    ],
    "performance_model": {
        "bandwidth_ns": 1,
        "compute_ns": 1,
        "ideal_ns": 1,
        "input_bws": [],
        "output_bws": []
    },
    "program_cache_hit": false
}`;5367405393
`TT_DNN_DEVICE_OP: "MatmulDeviceOperation", 671477089598602018, 3, false, 46083 ->
{
    "attributes": {
        "bcast_batch": "true",
        "compute_kernel_config": "ComputeKernelConfig(math_fidelity=LoFi,math_approx_mode=0,fp32_dest_acc_en=0,packer_l1_acc=1,dst_full_sync_en=0,throttle_level=ThrottleLevel::NO_THROTTLE)",
        "global_cb": "std::nullopt",
        "output_dtype": "DataType::BFLOAT16",
        "output_mem_config": "MemoryConfig(memory_layout=TensorMemoryLayout::WIDTH_SHARDED,buffer_type=BufferType::L1,shard_spec=ShardSpec{grid=[{\"start\":{\"x\":0,\"y\":0},\"end\":{\"x\":7,\"y\":0}], shape=[32, 384], orientation=ShardOrientation::ROW_MAJOR},nd_shard_spec=std::nullopt,created_with_nd_shard_spec=0)",
        "output_tile": "Tile(tile_shape={32, 32},face_shape={16, 16},num_faces=4)",
        "program_config": "MatmulMultiCoreReuseMultiCastDRAMShardedProgramConfig(in0_block_w=12,per_core_M=1,per_core_N=12,fused_activation=std::nullopt)",
        "sub_device_id": "std::nullopt",
        "transpose_a": "false",
        "transpose_b": "false",
        "untilize_out": "false",
        "user_core_coord": "std::nullopt",
        "user_fused_activation": "std::nullopt",
        "user_run_batched": "false"
    },
    "device_id": 3,
    "global_call_count": 46083,
    "input_tensors": [
        {
            "dtype": "BFLOAT16",
            "layout": "TILE",
            "shape": {
                "W": "1[1]",
                "X": "3072[3072]",
                "Y": "32[32]",
                "Z": "1[1]"
            },
            "storage_type": {
                "device_id": 0,
                "memory_config": {
                    "buffer_type": "L1",
                    "memory_layout": "WIDTH_SHARDED"
                }
            }
        },
        {
            "dtype": "BFLOAT4_B",
            "layout": "TILE",
            "shape": {
                "W": "1[1]",
                "X": "3072[3072]",
                "Y": "3072[3072]",
                "Z": "1[1]"
            },
            "storage_type": {
                "device_id": 0,
                "memory_config": {
                    "buffer_type": "DRAM",
                    "memory_layout": "WIDTH_SHARDED"
                }
            }
        }
    ],
    "kernel_info": {
        "compute_kernels": [
            {
                "math_fidelity": "LoFi",
                "name": "bmm_large_block_zm_fused_bias_activation/2558838701313798416/",
                "source": "ttnn/cpp/ttnn/operations/matmul/device/kernels/compute/bmm_large_block_zm_fused_bias_activation.cpp"
            }
        ],
        "datamovement_kernels": [
            {
                "name": "reader_bmm_tile_layout_in1_sender_dram_sharded/6174820168465080939/",
                "source": "ttnn/cpp/ttnn/operations/matmul/device/kernels/dataflow/reader_bmm_tile_layout_in1_sender_dram_sharded.cpp"
            },
            {
                "name": "reader_bmm_tile_layout_in0_sender_dram_sharded/13207163742571645335/",
                "source": "ttnn/cpp/ttnn/operations/matmul/device/kernels/dataflow/reader_bmm_tile_layout_in0_sender_dram_sharded.cpp"
            }
        ],
        "kernel_sizes": {
            "ACTIVE_ETH_DM_0_max_kernel_size": 0,
            "ACTIVE_ETH_DM_1_max_kernel_size": 0,
            "IDLE_ETH_DM_0_max_kernel_size": 0,
            "IDLE_ETH_DM_1_max_kernel_size": 0,
            "TENSIX_COMPUTE_0_max_kernel_size": 2316,
            "TENSIX_COMPUTE_1_max_kernel_size": 2208,
            "TENSIX_COMPUTE_2_max_kernel_size": 3232,
            "TENSIX_DM_0_max_kernel_size": 1752,
            "TENSIX_DM_1_max_kernel_size": 1708
        }
    },
    "op_code": "MatmulDeviceOperation",
    "op_hash": 671477089598602018,
    "op_type": "tt_dnn_device",
    "optional_input_tensors": [],
    "output_tensors": [
        {
            "dtype": "BFLOAT16",
            "layout": "TILE",
            "shape": {
                "W": "1[1]",
                "X": "3072[3072]",
                "Y": "32[32]",
                "Z": "1[1]"
            },
            "storage_type": {
                "device_id": 0,
                "memory_config": {
                    "buffer_type": "L1",
                    "memory_layout": "WIDTH_SHARDED"
                }
            }
        }
    ],
    "performance_model": {
        "bandwidth_ns": 17166,
        "compute_ns": 994,
        "ideal_ns": 17166,
        "input_bws": [
            11.453337669372559,
            549.76025390625
        ],
        "output_bws": [
            11.453337669372559
        ]
    },
    "program_cache_hit": false
}`;5371176118
`TT_DNN_DEVICE_OP: "BinaryNgDeviceOperation", 11004519557262729514, 3, false, 47107 ->
{
    "attributes": {
        "atol": "0",
        "binary_op_type": "BinaryOpType::ADD",
        "compute_kernel_config": "std::nullopt",
        "dtype": "DataType::BFLOAT16",
        "equal_nan": "false",
        "input_dtype": "DataType::BFLOAT16",
        "input_layout_a": "Layout::TILE",
        "input_layout_b": "Layout::TILE",
        "is_quant_op": "false",
        "is_sfpu": "false",
        "is_where_op": "false",
        "lhs_activations": "{}",
        "memory_config": "MemoryConfig(memory_layout=TensorMemoryLayout::WIDTH_SHARDED,buffer_type=BufferType::L1,shard_spec=ShardSpec{grid=[{\"start\":{\"x\":0,\"y\":0},\"end\":{\"x\":7,\"y\":0}], shape=[32, 384], orientation=ShardOrientation::ROW_MAJOR},nd_shard_spec=std::nullopt,created_with_nd_shard_spec=0)",
        "output_layout": "Layout::TILE",
        "post_activations": "{}",
        "rhs_activations": "{}",
        "rtol": "0",
        "scalar": "std::nullopt",
        "sub_core_grids": "std::nullopt",
        "sub_device_id": "std::nullopt",
        "subtile_broadcast_type": "SubtileBroadcastType::NONE",
        "worker_grid": "{[0-0 - 10-9]}"
    },
    "device_id": 3,
    "global_call_count": 47107,
    "input_tensors": [
        {
            "dtype": "BFLOAT16",
            "layout": "TILE",
            "shape": {
                "W": "1[1]",
                "X": "3072[3072]",
                "Y": "32[32]",
                "Z": "1[1]"
            },
            "storage_type": {
                "device_id": 0,
                "memory_config": {
                    "buffer_type": "L1",
                    "memory_layout": "WIDTH_SHARDED"
                }
            }
        },
        {
            "dtype": "BFLOAT16",
            "layout": "TILE",
            "shape": {
                "W": "1[1]",
                "X": "3072[3072]",
                "Y": "32[32]",
                "Z": "1[1]"
            },
            "storage_type": {
                "device_id": 0,
                "memory_config": {
                    "buffer_type": "L1",
                    "memory_layout": "WIDTH_SHARDED"
                }
            }
        }
    ],
    "kernel_info": {
        "compute_kernels": [
            {
                "math_fidelity": "HiFi4",
                "name": "eltwise_binary_no_bcast/12960446116978008777/",
                "source": "ttnn/cpp/ttnn/operations/eltwise/binary_ng/device/kernels/compute/eltwise_binary_no_bcast.cpp"
            }
        ],
        "datamovement_kernels": [
            {
                "name": "writer_interleaved_no_bcast/15904195842825606033/",
                "source": "ttnn/cpp/ttnn/operations/eltwise/binary_ng/device/kernels_ng/dataflow/writer_interleaved_no_bcast.cpp"
            },
            {
                "name": "reader_interleaved_no_bcast/9689712247292699154/",
                "source": "ttnn/cpp/ttnn/operations/eltwise/binary_ng/device/kernels_ng/dataflow/reader_interleaved_no_bcast.cpp"
            }
        ],
        "kernel_sizes": {
            "ACTIVE_ETH_DM_0_max_kernel_size": 0,
            "ACTIVE_ETH_DM_1_max_kernel_size": 0,
            "IDLE_ETH_DM_0_max_kernel_size": 0,
            "IDLE_ETH_DM_1_max_kernel_size": 0,
            "TENSIX_COMPUTE_0_max_kernel_size": 1816,
            "TENSIX_COMPUTE_1_max_kernel_size": 1200,
            "TENSIX_COMPUTE_2_max_kernel_size": 2796,
            "TENSIX_DM_0_max_kernel_size": 340,
            "TENSIX_DM_1_max_kernel_size": 528
        }
    },
    "op_code": "BinaryNgDeviceOperation",
    "op_hash": 11004519557262729514,
    "op_type": "tt_dnn_device",
    "optional_input_tensors": [],
    "output_tensors": [
        {
            "dtype": "BFLOAT16",
            "layout": "TILE",
            "shape": {
                "W": "1[1]",
                "X": "3072[3072]",
                "Y": "32[32]",
                "Z": "1[1]"
            },
            "storage_type": {
                "device_id": 0,
                "memory_config": {
                    "buffer_type": "L1",
                    "memory_layout": "WIDTH_SHARDED"
                }
            }
        }
    ],
    "performance_model": {
        "bandwidth_ns": 1,
        "compute_ns": 1,
        "ideal_ns": 1,
        "input_bws": [],
        "output_bws": []
    },
    "program_cache_hit": false
}`;5373320498
`TT_DNN_DEVICE_OP: "LayerNormDeviceOperation", 2072525249377109293, 3, false, 48131`;5373429313
`TT_DNN_DEVICE_OP: "MatmulDeviceOperation", 8601833835535646408, 3, false, 49155 ->
{
    "attributes": {
        "bcast_batch": "true",
        "compute_kernel_config": "ComputeKernelConfig(math_fidelity=LoFi,math_approx_mode=0,fp32_dest_acc_en=0,packer_l1_acc=1,dst_full_sync_en=0,throttle_level=ThrottleLevel::NO_THROTTLE)",
        "global_cb": "std::nullopt",
        "output_dtype": "DataType::BFLOAT16",
        "output_mem_config": "MemoryConfig(memory_layout=TensorMemoryLayout::WIDTH_SHARDED,buffer_type=BufferType::L1,shard_spec=ShardSpec{grid=[{\"start\":{\"x\":0,\"y\":0},\"end\":{\"x\":7,\"y\":0}], shape=[32, 2048], orientation=ShardOrientation::ROW_MAJOR},nd_shard_spec=std::nullopt,created_with_nd_shard_spec=0)",
        "output_tile": "Tile(tile_shape={32, 32},face_shape={16, 16},num_faces=4)",
        "program_config": "MatmulMultiCoreReuseMultiCastDRAMShardedProgramConfig(in0_block_w=6,per_core_M=1,per_core_N=64,fused_activation=std::nullopt)",
        "sub_device_id": "std::nullopt",
        "transpose_a": "false",
        "transpose_b": "false",
        "untilize_out": "false",
        "user_core_coord": "std::nullopt",
        "user_fused_activation": "std::nullopt",
        "user_run_batched": "false"
    },
    "device_id": 3,
    "global_call_count": 49155,
    "input_tensors": [
        {
            "dtype": "BFLOAT16",
            "layout": "TILE",
            "shape": {
                "W": "1[1]",
                "X": "3072[3072]",
                "Y": "32[32]",
                "Z": "1[1]"
            },
            "storage_type": {
                "device_id": 0,
                "memory_config": {
                    "buffer_type": "L1",
                    "memory_layout": "WIDTH_SHARDED"
                }
            }
        },
        {
            "dtype": "BFLOAT4_B",
            "layout": "TILE",
            "shape": {
                "W": "1[1]",
                "X": "16384[16384]",
                "Y": "3072[3072]",
                "Z": "1[1]"
            },
            "storage_type": {
                "device_id": 0,
                "memory_config": {
                    "buffer_type": "DRAM",
                    "memory_layout": "WIDTH_SHARDED"
                }
            }
        }
    ],
    "kernel_info": {
        "compute_kernels": [
            {
                "math_fidelity": "LoFi",
                "name": "bmm_large_block_zm_fused_bias_activation/8935398892186970962/",
                "source": "ttnn/cpp/ttnn/operations/matmul/device/kernels/compute/bmm_large_block_zm_fused_bias_activation.cpp"
            }
        ],
        "datamovement_kernels": [
            {
                "name": "reader_bmm_tile_layout_in1_sender_dram_sharded/4583344934335699306/",
                "source": "ttnn/cpp/ttnn/operations/matmul/device/kernels/dataflow/reader_bmm_tile_layout_in1_sender_dram_sharded.cpp"
            },
            {
                "name": "reader_bmm_tile_layout_in0_sender_dram_sharded/14787369309801334186/",
                "source": "ttnn/cpp/ttnn/operations/matmul/device/kernels/dataflow/reader_bmm_tile_layout_in0_sender_dram_sharded.cpp"
            }
        ],
        "kernel_sizes": {
            "ACTIVE_ETH_DM_0_max_kernel_size": 0,
            "ACTIVE_ETH_DM_1_max_kernel_size": 0,
            "IDLE_ETH_DM_0_max_kernel_size": 0,
            "IDLE_ETH_DM_1_max_kernel_size": 0,
            "TENSIX_COMPUTE_0_max_kernel_size": 2284,
            "TENSIX_COMPUTE_1_max_kernel_size": 2260,
            "TENSIX_COMPUTE_2_max_kernel_size": 3512,
            "TENSIX_DM_0_max_kernel_size": 1744,
            "TENSIX_DM_1_max_kernel_size": 1500
        }
    },
    "op_code": "MatmulDeviceOperation",
    "op_hash": 8601833835535646408,
    "op_type": "tt_dnn_device",
    "optional_input_tensors": [],
    "output_tensors": [
        {
            "dtype": "BFLOAT16",
            "layout": "TILE",
            "shape": {
                "W": "1[1]",
                "X": "16384[16384]",
                "Y": "32[32]",
                "Z": "1[1]"
            },
            "storage_type": {
                "device_id": 0,
                "memory_config": {
                    "buffer_type": "L1",
                    "memory_layout": "WIDTH_SHARDED"
                }
            }
        }
    ],
    "performance_model": {
        "bandwidth_ns": 91552,
        "compute_ns": 5297,
        "ideal_ns": 91552,
        "input_bws": [
            2.147500991821289,
            549.76025390625
        ],
        "output_bws": [
            11.453337669372559
        ]
    },
    "program_cache_hit": false
}`;5377597296
`TT_DNN_DEVICE_OP: "ShardedToInterleavedDeviceOperation", 8323839640034755189, 3, false, 50179 ->
{
    "attributes": {
        "num_slices": "1",
        "output_dtype": "DataType::BFLOAT16",
        "output_mem_config": "MemoryConfig(memory_layout=TensorMemoryLayout::INTERLEAVED,buffer_type=BufferType::DRAM,shard_spec=std::nullopt,nd_shard_spec=std::nullopt,created_with_nd_shard_spec=0)",
        "slice_index": "0"
    },
    "device_id": 3,
    "global_call_count": 50179,
    "input_tensors": [
        {
            "dtype": "BFLOAT16",
            "layout": "TILE",
            "shape": {
                "W": "1[1]",
                "X": "16384[16384]",
                "Y": "32[32]",
                "Z": "1[1]"
            },
            "storage_type": {
                "device_id": 0,
                "memory_config": {
                    "buffer_type": "L1",
                    "memory_layout": "WIDTH_SHARDED"
                }
            }
        }
    ],
    "kernel_info": {
        "compute_kernels": [],
        "datamovement_kernels": [
            {
                "name": "writer_unary_sharded_blocks_interleaved_start_id/5884187274843898850/",
                "source": "ttnn/cpp/ttnn/operations/data_movement/sharded/device/kernels/dataflow/writer_unary_sharded_blocks_interleaved_start_id.cpp"
            },
            {
                "name": "reader_unary_sharded/5324219487655416857/",
                "source": "ttnn/cpp/ttnn/operations/eltwise/unary/device/kernels/dataflow/reader_unary_sharded.cpp"
            }
        ],
        "kernel_sizes": {
            "ACTIVE_ETH_DM_0_max_kernel_size": 0,
            "ACTIVE_ETH_DM_1_max_kernel_size": 0,
            "IDLE_ETH_DM_0_max_kernel_size": 0,
            "IDLE_ETH_DM_1_max_kernel_size": 0,
            "TENSIX_COMPUTE_0_max_kernel_size": 0,
            "TENSIX_COMPUTE_1_max_kernel_size": 0,
            "TENSIX_COMPUTE_2_max_kernel_size": 0,
            "TENSIX_DM_0_max_kernel_size": 880,
            "TENSIX_DM_1_max_kernel_size": 404
        }
    },
    "op_code": "ShardedToInterleavedDeviceOperation",
    "op_hash": 8323839640034755189,
    "op_type": "tt_dnn_device",
    "optional_input_tensors": [],
    "output_tensors": [
        {
            "dtype": "BFLOAT16",
            "layout": "TILE",
            "shape": {
                "W": "1[1]",
                "X": "16384[16384]",
                "Y": "32[32]",
                "Z": "1[1]"
            },
            "storage_type": {
                "device_id": 0,
                "memory_config": {
                    "buffer_type": "DRAM",
                    "memory_layout": "INTERLEAVED"
                }
            }
        }
    ],
    "performance_model": {
        "bandwidth_ns": 1,
        "compute_ns": 1,
        "ideal_ns": 1,
        "input_bws": [],
        "output_bws": []
    },
    "program_cache_hit": false
}`;5379427153
`TT_DNN_DEVICE_OP: "SliceDeviceOperation", 14321308154366714571, 3, false, 51203 ->
{
    "attributes": {
        "num_devices": "std::nullopt",
        "output_mem_config": "MemoryConfig(memory_layout=TensorMemoryLayout::INTERLEAVED,buffer_type=BufferType::DRAM,shard_spec=std::nullopt,nd_shard_spec=std::nullopt,created_with_nd_shard_spec=0)",
        "slice_dim": "std::nullopt",
        "slice_end": "Shape([1, 1, 32, 8192])",
        "slice_start": "Shape([0, 0, 0, 0])",
        "step": "Shape([1, 1, 1, 1])",
        "sub_core_grids": "std::nullopt",
        "use_tensor_args": "false"
    },
    "device_id": 3,
    "global_call_count": 51203,
    "input_tensors": [
        {
            "dtype": "BFLOAT16",
            "layout": "TILE",
            "shape": {
                "W": "1[1]",
                "X": "16384[16384]",
                "Y": "32[32]",
                "Z": "1[1]"
            },
            "storage_type": {
                "device_id": 0,
                "memory_config": {
                    "buffer_type": "DRAM",
                    "memory_layout": "INTERLEAVED"
                }
            }
        }
    ],
    "kernel_info": {
        "compute_kernels": [],
        "datamovement_kernels": [
            {
                "name": "writer_unary_interleaved_start_id/11396476643056635318/",
                "source": "ttnn/cpp/ttnn/operations/data_movement/slice/device/kernels/dataflow/writer_unary_interleaved_start_id.cpp"
            },
            {
                "name": "reader_unary_unpad_dims_interleaved_start_id/15985850001773238796/",
                "source": "ttnn/cpp/ttnn/operations/data_movement/slice/device/kernels/dataflow/reader_unary_unpad_dims_interleaved_start_id.cpp"
            }
        ],
        "kernel_sizes": {
            "ACTIVE_ETH_DM_0_max_kernel_size": 0,
            "ACTIVE_ETH_DM_1_max_kernel_size": 0,
            "IDLE_ETH_DM_0_max_kernel_size": 0,
            "IDLE_ETH_DM_1_max_kernel_size": 0,
            "TENSIX_COMPUTE_0_max_kernel_size": 0,
            "TENSIX_COMPUTE_1_max_kernel_size": 0,
            "TENSIX_COMPUTE_2_max_kernel_size": 0,
            "TENSIX_DM_0_max_kernel_size": 680,
            "TENSIX_DM_1_max_kernel_size": 716
        }
    },
    "op_code": "SliceDeviceOperation",
    "op_hash": 14321308154366714571,
    "op_type": "tt_dnn_device",
    "optional_input_tensors": [],
    "output_tensors": [
        {
            "dtype": "BFLOAT16",
            "layout": "TILE",
            "shape": {
                "W": "1[1]",
                "X": "8192[8192]",
                "Y": "32[32]",
                "Z": "1[1]"
            },
            "storage_type": {
                "device_id": 0,
                "memory_config": {
                    "buffer_type": "DRAM",
                    "memory_layout": "INTERLEAVED"
                }
            }
        }
    ],
    "performance_model": {
        "bandwidth_ns": 1907,
        "compute_ns": 1985,
        "ideal_ns": 1985,
        "input_bws": [
            528.2498779296875
        ],
        "output_bws": [
            264.12493896484375
        ]
    },
    "program_cache_hit": false
}`;5381346339
`TT_DNN_DEVICE_OP: "SliceDeviceOperation", 641927550064939985, 3, false, 52227 ->
{
    "attributes": {
        "num_devices": "std::nullopt",
        "output_mem_config": "MemoryConfig(memory_layout=TensorMemoryLayout::INTERLEAVED,buffer_type=BufferType::DRAM,shard_spec=std::nullopt,nd_shard_spec=std::nullopt,created_with_nd_shard_spec=0)",
        "slice_dim": "std::nullopt",
        "slice_end": "Shape([1, 1, 32, 16384])",
        "slice_start": "Shape([0, 0, 0, 8192])",
        "step": "Shape([1, 1, 1, 1])",
        "sub_core_grids": "std::nullopt",
        "use_tensor_args": "false"
    },
    "device_id": 3,
    "global_call_count": 52227,
    "input_tensors": [
        {
            "dtype": "BFLOAT16",
            "layout": "TILE",
            "shape": {
                "W": "1[1]",
                "X": "16384[16384]",
                "Y": "32[32]",
                "Z": "1[1]"
            },
            "storage_type": {
                "device_id": 0,
                "memory_config": {
                    "buffer_type": "DRAM",
                    "memory_layout": "INTERLEAVED"
                }
            }
        }
    ],
    "kernel_info": {
        "compute_kernels": [],
        "datamovement_kernels": [
            {
                "name": "writer_unary_interleaved_start_id/11396476643056635318/",
                "source": "ttnn/cpp/ttnn/operations/data_movement/slice/device/kernels/dataflow/writer_unary_interleaved_start_id.cpp"
            },
            {
                "name": "reader_unary_unpad_dims_interleaved_start_id/15985850001773238796/",
                "source": "ttnn/cpp/ttnn/operations/data_movement/slice/device/kernels/dataflow/reader_unary_unpad_dims_interleaved_start_id.cpp"
            }
        ],
        "kernel_sizes": {
            "ACTIVE_ETH_DM_0_max_kernel_size": 0,
            "ACTIVE_ETH_DM_1_max_kernel_size": 0,
            "IDLE_ETH_DM_0_max_kernel_size": 0,
            "IDLE_ETH_DM_1_max_kernel_size": 0,
            "TENSIX_COMPUTE_0_max_kernel_size": 0,
            "TENSIX_COMPUTE_1_max_kernel_size": 0,
            "TENSIX_COMPUTE_2_max_kernel_size": 0,
            "TENSIX_DM_0_max_kernel_size": 680,
            "TENSIX_DM_1_max_kernel_size": 716
        }
    },
    "op_code": "SliceDeviceOperation",
    "op_hash": 641927550064939985,
    "op_type": "tt_dnn_device",
    "optional_input_tensors": [],
    "output_tensors": [
        {
            "dtype": "BFLOAT16",
            "layout": "TILE",
            "shape": {
                "W": "1[1]",
                "X": "8192[8192]",
                "Y": "32[32]",
                "Z": "1[1]"
            },
            "storage_type": {
                "device_id": 0,
                "memory_config": {
                    "buffer_type": "DRAM",
                    "memory_layout": "INTERLEAVED"
                }
            }
        }
    ],
    "performance_model": {
        "bandwidth_ns": 1907,
        "compute_ns": 1985,
        "ideal_ns": 1985,
        "input_bws": [
            528.2498779296875
        ],
        "output_bws": [
            264.12493896484375
        ]
    },
    "program_cache_hit": false
}`;5381777331
`TT_DNN_DEVICE_OP: "UnaryDeviceOperation", 3057122495497861903, 3, false, 53251 ->
{
    "attributes": {
        "bfp8_pack_precise": "false",
        "fp32_dest_acc_en": "false",
        "memory_config": "MemoryConfig(memory_layout=TensorMemoryLayout::INTERLEAVED,buffer_type=BufferType::DRAM,shard_spec=std::nullopt,nd_shard_spec=std::nullopt,created_with_nd_shard_spec=0)",
        "op_chain": "{BasicUnaryWithParam<float, int, unsigned int>(base=BasicUnaryWithParam<float>(op_type=UnaryOpType::SILU,param={}))}",
        "output_dtype": "DataType::BFLOAT16",
        "preserve_fp32_precision": "false",
        "sub_core_grids": "std::nullopt",
        "worker_grid": "{[0-0 - 10-9]}"
    },
    "device_id": 3,
    "global_call_count": 53251,
    "input_tensors": [
        {
            "dtype": "BFLOAT16",
            "layout": "TILE",
            "shape": {
                "W": "1[1]",
                "X": "8192[8192]",
                "Y": "32[32]",
                "Z": "1[1]"
            },
            "storage_type": {
                "device_id": 0,
                "memory_config": {
                    "buffer_type": "DRAM",
                    "memory_layout": "INTERLEAVED"
                }
            }
        }
    ],
    "kernel_info": {
        "compute_kernels": [
            {
                "math_fidelity": "HiFi4",
                "name": "eltwise_sfpu/17685734430554596604/",
                "source": "ttnn/cpp/ttnn/operations/eltwise/unary/device/kernels/compute/eltwise_sfpu.cpp"
            }
        ],
        "datamovement_kernels": [
            {
                "name": "writer_unary/17308908021593325674/",
                "source": "ttnn/cpp/ttnn/operations/eltwise/unary/device/kernels/dataflow/writer_unary.cpp"
            },
            {
                "name": "reader_unary/7914283486036039746/",
                "source": "ttnn/cpp/ttnn/operations/eltwise/unary/device/kernels/dataflow/reader_unary.cpp"
            }
        ],
        "kernel_sizes": {
            "ACTIVE_ETH_DM_0_max_kernel_size": 0,
            "ACTIVE_ETH_DM_1_max_kernel_size": 0,
            "IDLE_ETH_DM_0_max_kernel_size": 0,
            "IDLE_ETH_DM_1_max_kernel_size": 0,
            "TENSIX_COMPUTE_0_max_kernel_size": 1060,
            "TENSIX_COMPUTE_1_max_kernel_size": 1284,
            "TENSIX_COMPUTE_2_max_kernel_size": 1260,
            "TENSIX_DM_0_max_kernel_size": 1000,
            "TENSIX_DM_1_max_kernel_size": 924
        }
    },
    "op_code": "UnaryDeviceOperation",
    "op_hash": 3057122495497861903,
    "op_type": "tt_dnn_device",
    "optional_input_tensors": [],
    "output_tensors": [
        {
            "dtype": "BFLOAT16",
            "layout": "TILE",
            "shape": {
                "W": "1[1]",
                "X": "8192[8192]",
                "Y": "32[32]",
                "Z": "1[1]"
            },
            "storage_type": {
                "device_id": 0,
                "memory_config": {
                    "buffer_type": "DRAM",
                    "memory_layout": "INTERLEAVED"
                }
            }
        }
    ],
    "performance_model": {
        "bandwidth_ns": 1,
        "compute_ns": 1,
        "ideal_ns": 1,
        "input_bws": [],
        "output_bws": []
    },
    "program_cache_hit": false
}`;5386006229
`TT_DNN_DEVICE_OP: "BinaryNgDeviceOperation", 14603386743800144990, 3, false, 54275 ->
{
    "attributes": {
        "atol": "0",
        "binary_op_type": "BinaryOpType::MUL",
        "compute_kernel_config": "std::nullopt",
        "dtype": "DataType::BFLOAT16",
        "equal_nan": "false",
        "input_dtype": "DataType::BFLOAT16",
        "input_layout_a": "Layout::TILE",
        "input_layout_b": "Layout::TILE",
        "is_quant_op": "false",
        "is_sfpu": "true",
        "is_where_op": "false",
        "lhs_activations": "{}",
        "memory_config": "MemoryConfig(memory_layout=TensorMemoryLayout::WIDTH_SHARDED,buffer_type=BufferType::L1,shard_spec=ShardSpec{grid=[{\"start\":{\"x\":0,\"y\":0},\"end\":{\"x\":7,\"y\":0}], shape=[32, 1024], orientation=ShardOrientation::ROW_MAJOR},nd_shard_spec=std::nullopt,created_with_nd_shard_spec=0)",
        "output_layout": "Layout::TILE",
        "post_activations": "{}",
        "rhs_activations": "{}",
        "rtol": "0",
        "scalar": "std::nullopt",
        "sub_core_grids": "std::nullopt",
        "sub_device_id": "std::nullopt",
        "subtile_broadcast_type": "SubtileBroadcastType::NONE",
        "worker_grid": "{[0-0 - 10-9]}"
    },
    "device_id": 3,
    "global_call_count": 54275,
    "input_tensors": [
        {
            "dtype": "BFLOAT16",
            "layout": "TILE",
            "shape": {
                "W": "1[1]",
                "X": "8192[8192]",
                "Y": "32[32]",
                "Z": "1[1]"
            },
            "storage_type": {
                "device_id": 0,
                "memory_config": {
                    "buffer_type": "DRAM",
                    "memory_layout": "INTERLEAVED"
                }
            }
        },
        {
            "dtype": "BFLOAT16",
            "layout": "TILE",
            "shape": {
                "W": "1[1]",
                "X": "8192[8192]",
                "Y": "32[32]",
                "Z": "1[1]"
            },
            "storage_type": {
                "device_id": 0,
                "memory_config": {
                    "buffer_type": "DRAM",
                    "memory_layout": "INTERLEAVED"
                }
            }
        }
    ],
    "kernel_info": {
        "compute_kernels": [
            {
                "math_fidelity": "HiFi4",
                "name": "eltwise_binary_sfpu_no_bcast/5506180665876100763/",
                "source": "ttnn/cpp/ttnn/operations/eltwise/binary_ng/device/kernels/compute/eltwise_binary_sfpu_no_bcast.cpp"
            }
        ],
        "datamovement_kernels": [
            {
                "name": "writer_interleaved_no_bcast/791605218367939733/",
                "source": "ttnn/cpp/ttnn/operations/eltwise/binary_ng/device/kernels_ng/dataflow/writer_interleaved_no_bcast.cpp"
            },
            {
                "name": "reader_interleaved_no_bcast/13696495097517312790/",
                "source": "ttnn/cpp/ttnn/operations/eltwise/binary_ng/device/kernels_ng/dataflow/reader_interleaved_no_bcast.cpp"
            }
        ],
        "kernel_sizes": {
            "ACTIVE_ETH_DM_0_max_kernel_size": 0,
            "ACTIVE_ETH_DM_1_max_kernel_size": 0,
            "IDLE_ETH_DM_0_max_kernel_size": 0,
            "IDLE_ETH_DM_1_max_kernel_size": 0,
            "TENSIX_COMPUTE_0_max_kernel_size": 1456,
            "TENSIX_COMPUTE_1_max_kernel_size": 1200,
            "TENSIX_COMPUTE_2_max_kernel_size": 1292,
            "TENSIX_DM_0_max_kernel_size": 1224,
            "TENSIX_DM_1_max_kernel_size": 1644
        }
    },
    "op_code": "BinaryNgDeviceOperation",
    "op_hash": 14603386743800144990,
    "op_type": "tt_dnn_device",
    "optional_input_tensors": [],
    "output_tensors": [
        {
            "dtype": "BFLOAT16",
            "layout": "TILE",
            "shape": {
                "W": "1[1]",
                "X": "8192[8192]",
                "Y": "32[32]",
                "Z": "1[1]"
            },
            "storage_type": {
                "device_id": 0,
                "memory_config": {
                    "buffer_type": "L1",
                    "memory_layout": "WIDTH_SHARDED"
                }
            }
        }
    ],
    "performance_model": {
        "bandwidth_ns": 1,
        "compute_ns": 1,
        "ideal_ns": 1,
        "input_bws": [],
        "output_bws": []
    },
    "program_cache_hit": false
}`;5390298856
`TT_DNN_DEVICE_OP: "MatmulDeviceOperation", 8774110197562804213, 3, false, 55299 ->
{
    "attributes": {
        "bcast_batch": "true",
        "compute_kernel_config": "ComputeKernelConfig(math_fidelity=LoFi,math_approx_mode=0,fp32_dest_acc_en=0,packer_l1_acc=1,dst_full_sync_en=0,throttle_level=ThrottleLevel::NO_THROTTLE)",
        "global_cb": "std::nullopt",
        "output_dtype": "DataType::BFLOAT16",
        "output_mem_config": "MemoryConfig(memory_layout=TensorMemoryLayout::WIDTH_SHARDED,buffer_type=BufferType::L1,shard_spec=ShardSpec{grid=[{\"start\":{\"x\":0,\"y\":0},\"end\":{\"x\":7,\"y\":0}], shape=[32, 384], orientation=ShardOrientation::ROW_MAJOR},nd_shard_spec=std::nullopt,created_with_nd_shard_spec=0)",
        "output_tile": "Tile(tile_shape={32, 32},face_shape={16, 16},num_faces=4)",
        "program_config": "MatmulMultiCoreReuseMultiCastDRAMShardedProgramConfig(in0_block_w=16,per_core_M=1,per_core_N=12,fused_activation=std::nullopt)",
        "sub_device_id": "std::nullopt",
        "transpose_a": "false",
        "transpose_b": "false",
        "untilize_out": "false",
        "user_core_coord": "std::nullopt",
        "user_fused_activation": "std::nullopt",
        "user_run_batched": "false"
    },
    "device_id": 3,
    "global_call_count": 55299,
    "input_tensors": [
        {
            "dtype": "BFLOAT16",
            "layout": "TILE",
            "shape": {
                "W": "1[1]",
                "X": "8192[8192]",
                "Y": "32[32]",
                "Z": "1[1]"
            },
            "storage_type": {
                "device_id": 0,
                "memory_config": {
                    "buffer_type": "L1",
                    "memory_layout": "WIDTH_SHARDED"
                }
            }
        },
        {
            "dtype": "BFLOAT4_B",
            "layout": "TILE",
            "shape": {
                "W": "1[1]",
                "X": "3072[3072]",
                "Y": "8192[8192]",
                "Z": "1[1]"
            },
            "storage_type": {
                "device_id": 0,
                "memory_config": {
                    "buffer_type": "DRAM",
                    "memory_layout": "WIDTH_SHARDED"
                }
            }
        }
    ],
    "kernel_info": {
        "compute_kernels": [
            {
                "math_fidelity": "LoFi",
                "name": "bmm_large_block_zm_fused_bias_activation/12100010728415907245/",
                "source": "ttnn/cpp/ttnn/operations/matmul/device/kernels/compute/bmm_large_block_zm_fused_bias_activation.cpp"
            }
        ],
        "datamovement_kernels": [
            {
                "name": "reader_bmm_tile_layout_in1_sender_dram_sharded/8255033131999034003/",
                "source": "ttnn/cpp/ttnn/operations/matmul/device/kernels/dataflow/reader_bmm_tile_layout_in1_sender_dram_sharded.cpp"
            },
            {
                "name": "reader_bmm_tile_layout_in0_sender_dram_sharded/12642888857405190577/",
                "source": "ttnn/cpp/ttnn/operations/matmul/device/kernels/dataflow/reader_bmm_tile_layout_in0_sender_dram_sharded.cpp"
            }
        ],
        "kernel_sizes": {
            "ACTIVE_ETH_DM_0_max_kernel_size": 0,
            "ACTIVE_ETH_DM_1_max_kernel_size": 0,
            "IDLE_ETH_DM_0_max_kernel_size": 0,
            "IDLE_ETH_DM_1_max_kernel_size": 0,
            "TENSIX_COMPUTE_0_max_kernel_size": 2320,
            "TENSIX_COMPUTE_1_max_kernel_size": 2208,
            "TENSIX_COMPUTE_2_max_kernel_size": 3232,
            "TENSIX_DM_0_max_kernel_size": 1740,
            "TENSIX_DM_1_max_kernel_size": 1696
        }
    },
    "op_code": "MatmulDeviceOperation",
    "op_hash": 8774110197562804213,
    "op_type": "tt_dnn_device",
    "optional_input_tensors": [],
    "output_tensors": [
        {
            "dtype": "BFLOAT16",
            "layout": "TILE",
            "shape": {
                "W": "1[1]",
                "X": "3072[3072]",
                "Y": "32[32]",
                "Z": "1[1]"
            },
            "storage_type": {
                "device_id": 0,
                "memory_config": {
                    "buffer_type": "L1",
                    "memory_layout": "WIDTH_SHARDED"
                }
            }
        }
    ],
    "performance_model": {
        "bandwidth_ns": 45776,
        "compute_ns": 2649,
        "ideal_ns": 45776,
        "input_bws": [
            11.453337669372559,
            549.76025390625
        ],
        "output_bws": [
            4.295001983642578
        ]
    },
    "program_cache_hit": false
}`;5394445659
`TT_DNN_DEVICE_OP: "BinaryNgDeviceOperation", 11004519557262729514, 3, false, 56323`;5394542712
FINISH_SYNC;5403549161
`TT_METAL_TRACE_BEGIN: 3, 0`;5403715735
`TT_METAL_TRACE_ENQUEUE_PROGRAM: 3, 0, 56`;5403791427
`TT_DNN_DEVICE_OP: "InterleavedToShardedDeviceOperation", 12794459944554447165, 3, false, 57347`;5403812998
`TT_METAL_TRACE_ENQUEUE_PROGRAM: 3, 0, 57`;5403887769
`TT_DNN_DEVICE_OP: "LayerNormDeviceOperation", 2072525249377109293, 3, false, 58371`;5403909029
`TT_METAL_TRACE_ENQUEUE_PROGRAM: 3, 0, 58`;5403942131
`TT_DNN_DEVICE_OP: "MatmulDeviceOperation", 11946474618767667604, 3, false, 59395`;5403989491
`TT_METAL_TRACE_ENQUEUE_PROGRAM: 3, 0, 59`;5404043522
`TT_DNN_DEVICE_OP: "NLPCreateQKVHeadsDecodeDeviceOperation", 5588704750753513868, 3, false, 60419`;5404068349
`TT_METAL_TRACE_ENQUEUE_PROGRAM: 3, 0, 60`;5404091323
`TT_DNN_DEVICE_OP: "TypecastDeviceOperation", 678355772067572431, 3, false, 61443`;5404104908
`TT_METAL_TRACE_ENQUEUE_PROGRAM: 3, 0, 61`;5404156646
`TT_DNN_DEVICE_OP: "EmbeddingsDeviceOperation", 10994481697619394601, 3, false, 62467`;5404164871
`TT_METAL_TRACE_ENQUEUE_PROGRAM: 3, 0, 62`;5404181502
`TT_DNN_DEVICE_OP: "EmbeddingsDeviceOperation", 10994481697619394601, 3, false, 63491`;5404182905
`TT_METAL_TRACE_ENQUEUE_PROGRAM: 3, 0, 63`;5404220897
`TT_DNN_DEVICE_OP: "TransposeDeviceOperation", 13199068304694223579, 3, false, 64515`;5404259469
`TT_METAL_TRACE_ENQUEUE_PROGRAM: 3, 0, 64`;5404280429
`TT_DNN_DEVICE_OP: "TransposeDeviceOperation", 13199068304694223579, 3, false, 65539`;5404284436
`TT_METAL_TRACE_ENQUEUE_PROGRAM: 3, 0, 65`;5404310265
`TT_DNN_DEVICE_OP: "InterleavedToShardedDeviceOperation", 9932165314858778686, 3, false, 66563`;5404334020
`TT_METAL_TRACE_ENQUEUE_PROGRAM: 3, 0, 66`;5404350841
`TT_DNN_DEVICE_OP: "InterleavedToShardedDeviceOperation", 9932165314858778686, 3, false, 67587`;5404353236
`TT_METAL_TRACE_ENQUEUE_PROGRAM: 3, 0, 67`;5404402829
`TT_DNN_DEVICE_OP: "SliceDeviceOperation", 8006730236445877011, 3, false, 68611`;5404434629
`TT_METAL_TRACE_ENQUEUE_PROGRAM: 3, 0, 68`;5404458144
`TT_DNN_DEVICE_OP: "UntilizeDeviceOperation", 11726463348087448522, 3, false, 69635`;5404483812
`TT_METAL_TRACE_ENQUEUE_PROGRAM: 3, 0, 69`;5404517646
`TT_DNN_DEVICE_OP: "SliceDeviceOperation", 12049207064848427263, 3, false, 70659`;5404550868
`TT_METAL_TRACE_ENQUEUE_PROGRAM: 3, 0, 70`;5404577919
`TT_DNN_DEVICE_OP: "TilizeWithValPaddingDeviceOperation", 13126230718836824506, 3, false, 71683`;5404621151
`TT_METAL_TRACE_ENQUEUE_PROGRAM: 3, 0, 71`;5404679761
`TT_DNN_DEVICE_OP: "UnaryDeviceOperation", 5046437064871887091, 3, false, 72707`;5404721640
`TT_METAL_TRACE_ENQUEUE_PROGRAM: 3, 0, 72`;5404754111
`TT_DNN_DEVICE_OP: "UntilizeWithUnpaddingDeviceOperation", 9030972629848902352, 3, false, 73731`;5404792013
`TT_METAL_TRACE_ENQUEUE_PROGRAM: 3, 0, 73`;5404797503
`TT_DNN_DEVICE_OP: "UntilizeWithUnpaddingDeviceOperation", 9030972629848902352, 3, false, 74755`;5404803645
`TT_METAL_TRACE_ENQUEUE_PROGRAM: 3, 0, 74`;5404833771
`TT_DNN_DEVICE_OP: "ConcatDeviceOperation", 14972764366684178543, 3, false, 75779`;5404866563
`TT_METAL_TRACE_ENQUEUE_PROGRAM: 3, 0, 75`;5404878987
`TT_DNN_DEVICE_OP: "TilizeWithValPaddingDeviceOperation", 4728945246516244193, 3, false, 76803`;5404912440
`TT_METAL_TRACE_ENQUEUE_PROGRAM: 3, 0, 76`;5404941114
`TT_DNN_DEVICE_OP: "InterleavedToShardedDeviceOperation", 7059282322276887224, 3, false, 77827`;5404959628
`TT_METAL_TRACE_ENQUEUE_PROGRAM: 3, 0, 77`;5405032686
`TT_DNN_DEVICE_OP: "BinaryNgDeviceOperation", 17293436541506536941, 3, false, 78851`;5405079745
`TT_METAL_TRACE_ENQUEUE_PROGRAM: 3, 0, 78`;5405120131
`TT_DNN_DEVICE_OP: "BinaryNgDeviceOperation", 17293436541506536941, 3, false, 79875`;5405129108
`TT_METAL_TRACE_ENQUEUE_PROGRAM: 3, 0, 79`;5405184011
`TT_DNN_DEVICE_OP: "BinaryNgDeviceOperation", 12542668371061194085, 3, false, 80899`;5405231992
`TT_METAL_TRACE_ENQUEUE_PROGRAM: 3, 0, 80`;5405271506
`TT_DNN_DEVICE_OP: "SliceDeviceOperation", 8006730236445877011, 3, false, 81923`;5405276425
`TT_METAL_TRACE_ENQUEUE_PROGRAM: 3, 0, 81`;5405292025
`TT_DNN_DEVICE_OP: "UntilizeDeviceOperation", 11726463348087448522, 3, false, 82947`;5405295792
`TT_METAL_TRACE_ENQUEUE_PROGRAM: 3, 0, 82`;5405322392
`TT_DNN_DEVICE_OP: "SliceDeviceOperation", 12049207064848427263, 3, false, 83971`;5405326550
`TT_METAL_TRACE_ENQUEUE_PROGRAM: 3, 0, 83`;5405335887
`TT_DNN_DEVICE_OP: "TilizeWithValPaddingDeviceOperation", 13126230718836824506, 3, false, 84995`;5405348762
`TT_METAL_TRACE_ENQUEUE_PROGRAM: 3, 0, 84`;5405384379
`TT_DNN_DEVICE_OP: "UnaryDeviceOperation", 5046437064871887091, 3, false, 86019`;5405390801
`TT_METAL_TRACE_ENQUEUE_PROGRAM: 3, 0, 85`;5405407512
`TT_DNN_DEVICE_OP: "UntilizeWithUnpaddingDeviceOperation", 9030972629848902352, 3, false, 87043`;5405412832
`TT_METAL_TRACE_ENQUEUE_PROGRAM: 3, 0, 86`;5405417471
`TT_DNN_DEVICE_OP: "UntilizeWithUnpaddingDeviceOperation", 9030972629848902352, 3, false, 88067`;5405421990
`TT_METAL_TRACE_ENQUEUE_PROGRAM: 3, 0, 87`;5405443680
`TT_DNN_DEVICE_OP: "ConcatDeviceOperation", 14972764366684178543, 3, false, 89091`;5405449101
`TT_METAL_TRACE_ENQUEUE_PROGRAM: 3, 0, 88`;5405456134
`TT_DNN_DEVICE_OP: "TilizeWithValPaddingDeviceOperation", 4728945246516244193, 3, false, 90115`;5405462055
`TT_METAL_TRACE_ENQUEUE_PROGRAM: 3, 0, 89`;5405483005
`TT_DNN_DEVICE_OP: "InterleavedToShardedDeviceOperation", 7059282322276887224, 3, false, 91139`;5405486411
`TT_METAL_TRACE_ENQUEUE_PROGRAM: 3, 0, 90`;5405541765
`TT_DNN_DEVICE_OP: "BinaryNgDeviceOperation", 17293436541506536941, 3, false, 92163`;5405551654
`TT_METAL_TRACE_ENQUEUE_PROGRAM: 3, 0, 91`;5405589004
`TT_DNN_DEVICE_OP: "BinaryNgDeviceOperation", 17293436541506536941, 3, false, 93187`;5405597430
`TT_METAL_TRACE_ENQUEUE_PROGRAM: 3, 0, 92`;5405644579
`TT_DNN_DEVICE_OP: "BinaryNgDeviceOperation", 12542668371061194085, 3, false, 94211`;5405653716
`TT_METAL_TRACE_ENQUEUE_PROGRAM: 3, 0, 93`;5405717146
`TT_DNN_DEVICE_OP: "ReshardDeviceOperation", 1801933423032645325, 3, false, 95235`;5405744728
`TT_METAL_TRACE_ENQUEUE_PROGRAM: 3, 0, 94`;5405771348
`TT_DNN_DEVICE_OP: "PagedFusedUpdateCacheDeviceOperation", 15118546244260601522, 3, false, 96259`;5405822504
`TT_METAL_TRACE_ENQUEUE_PROGRAM: 3, 0, 95`;5405999157
`TT_DNN_DEVICE_OP: "SdpaDecodeDeviceOperation", 14572280175761637374, 3, false, 97283`;5406057747
`TT_METAL_TRACE_ENQUEUE_PROGRAM: 3, 0, 96`;5406086652
`TT_DNN_DEVICE_OP: "InterleavedToShardedDeviceOperation", 16555018254629383648, 3, false, 98307`;5406104666
`TT_METAL_TRACE_ENQUEUE_PROGRAM: 3, 0, 97`;5406130805
`TT_DNN_DEVICE_OP: "NLPConcatHeadsDecodeDeviceOperation", 5783831311039335014, 3, false, 99331`;5406147436
`TT_METAL_TRACE_ENQUEUE_PROGRAM: 3, 0, 98`;5406163196
`TT_DNN_DEVICE_OP: "ReshardDeviceOperation", 3023734019585709159, 3, false, 100355`;5406171482
`TT_METAL_TRACE_ENQUEUE_PROGRAM: 3, 0, 99`;5406196459
`TT_DNN_DEVICE_OP: "MatmulDeviceOperation", 671477089598602018, 3, false, 101379`;5406233178
`TT_METAL_TRACE_ENQUEUE_PROGRAM: 3, 0, 100`;5406281930
`TT_DNN_DEVICE_OP: "BinaryNgDeviceOperation", 11004519557262729514, 3, false, 102403`;5406324650
`TT_METAL_TRACE_ENQUEUE_PROGRAM: 3, 0, 101`;5406376488
`TT_DNN_DEVICE_OP: "LayerNormDeviceOperation", 2072525249377109293, 3, false, 103427`;5406380385
`TT_METAL_TRACE_ENQUEUE_PROGRAM: 3, 0, 102`;5406397548
`TT_DNN_DEVICE_OP: "MatmulDeviceOperation", 8601833835535646408, 3, false, 104451`;5406433495
`TT_METAL_TRACE_ENQUEUE_PROGRAM: 3, 0, 103`;5406446019
`TT_DNN_DEVICE_OP: "ShardedToInterleavedDeviceOperation", 8323839640034755189, 3, false, 105475`;5406453854
`TT_METAL_TRACE_ENQUEUE_PROGRAM: 3, 0, 104`;5406485143
`TT_DNN_DEVICE_OP: "SliceDeviceOperation", 14321308154366714571, 3, false, 106499`;5406518185
`TT_METAL_TRACE_ENQUEUE_PROGRAM: 3, 0, 105`;5406538413
`TT_DNN_DEVICE_OP: "SliceDeviceOperation", 641927550064939985, 3, false, 107523`;5406567307
`TT_METAL_TRACE_ENQUEUE_PROGRAM: 3, 0, 106`;5406605099
`TT_DNN_DEVICE_OP: "UnaryDeviceOperation", 3057122495497861903, 3, false, 108547`;5406639313
`TT_METAL_TRACE_ENQUEUE_PROGRAM: 3, 0, 107`;5406684108
`TT_DNN_DEVICE_OP: "BinaryNgDeviceOperation", 14603386743800144990, 3, false, 109571`;5406733000
`TT_METAL_TRACE_ENQUEUE_PROGRAM: 3, 0, 108`;5406756033
`TT_DNN_DEVICE_OP: "MatmulDeviceOperation", 8774110197562804213, 3, false, 110595`;5406786721
`TT_METAL_TRACE_ENQUEUE_PROGRAM: 3, 0, 109`;5406824021
`TT_DNN_DEVICE_OP: "BinaryNgDeviceOperation", 11004519557262729514, 3, false, 111619`;5406833068
`TT_METAL_TRACE_END: 3, 0`;5406854629
`TT_METAL_TRACE_REPLAY: 3, 0`;5407359660
`TT_SIGNPOST: PERF_DECODE`;5408144749
`TT_METAL_TRACE_REPLAY: 3, 0`;5408306695
`TT_SIGNPOST: PERF_DECODE_END`;5409081835
`TT_METAL_TRACE_RELEASE: 3, 0`;5409121219
