{
  "batch": 32,
  "inputs": "recorded",
  "results": {
    "advisor_all_bfp4": {
      "decode_ms": 0.7738072425127029,
      "decode_pcc": 0.9999984175677775,
      "decode_query_pcc": 0.9910271390238737,
      "key_cache_pcc": 0.9966165337119968,
      "options": {
        "prefill_grid_x": 11,
        "prefill_in0_block_w": 8
      },
      "precision_policy": "all_bfp4_lofi",
      "prefill_ms": 3.2819490879774094,
      "prefill_pcc": 0.9999818853727185,
      "value_cache_pcc": 0.9954348181180206
    },
    "dram_all_bfp4_24c": {
      "decode_ms": 0.7757148938253522,
      "decode_pcc": 0.9999983451089459,
      "decode_query_pcc": 0.9910325274054042,
      "key_cache_pcc": 0.9966165337119968,
      "options": {
        "decode_matmul_mode": "dram_sharded",
        "dram_mlp_target_cores": 24,
        "prefill_grid_x": 11,
        "prefill_in0_block_w": 8
      },
      "precision_policy": "all_bfp4_lofi",
      "prefill_ms": 3.3596870489418507,
      "prefill_pcc": 0.9999818853727185,
      "value_cache_pcc": 0.9954348181180206
    },
    "dram_all_bfp4_48c": {
      "decode_ms": 0.7736889878287911,
      "decode_pcc": 0.9999983882601708,
      "decode_query_pcc": 0.9910325274054042,
      "key_cache_pcc": 0.9966165337119968,
      "options": {
        "decode_matmul_mode": "dram_sharded",
        "dram_mlp_target_cores": 48,
        "prefill_grid_x": 11,
        "prefill_in0_block_w": 8
      },
      "precision_policy": "all_bfp4_lofi",
      "prefill_ms": 3.264905884861946,
      "prefill_pcc": 0.9999818853727185,
      "value_cache_pcc": 0.9954348181180206
    }
  },
  "sequence_length": 17,
  "weights": "real_layer_14"
}
