OP CODE,OP TYPE,GLOBAL CALL COUNT,DEVICE ID,DEVICE ARCH,ATTRIBUTES,MATH FIDELITY,CORE COUNT,AVAILABLE WORKER CORE COUNT,SUB DEVICE ID,PARALLELIZATION STRATEGY,HOST START TS,HOST END TS,HOST DURATION [ns],DEVICE FW START CYCLE,DEVICE FW END CYCLE,OP TO OP LATENCY [ns],OP TO OP LATENCY BR/NRISC START [ns],DEVICE FW DURATION [ns],DEVICE KERNEL DURATION [ns],DEVICE KERNEL DURATION DM START [ns],DEVICE KERNEL DURATION PER CORE MIN [ns],DEVICE KERNEL DURATION PER CORE MAX [ns],DEVICE KERNEL DURATION PER CORE AVG [ns],DEVICE KERNEL FIRST TO LAST START [ns],DEVICE BRISC KERNEL DURATION [ns],DEVICE NCRISC KERNEL DURATION [ns],DEVICE TRISC0 KERNEL DURATION [ns],DEVICE TRISC1 KERNEL DURATION [ns],DEVICE TRISC2 KERNEL DURATION [ns],DEVICE ERISC KERNEL DURATION [ns],DEVICE COMPUTE CB WAIT FRONT [ns],DEVICE COMPUTE CB RESERVE BACK [ns],DISPATCH TOTAL CQ CMD OP TIME [ns],DISPATCH GO SEND WAIT TIME [ns],INPUT_0_W_PAD[LOGICAL],INPUT_0_Z_PAD[LOGICAL],INPUT_0_Y_PAD[LOGICAL],INPUT_0_X_PAD[LOGICAL],INPUT_0_LAYOUT,INPUT_0_DATATYPE,INPUT_0_MEMORY,INPUT_1_W_PAD[LOGICAL],INPUT_1_Z_PAD[LOGICAL],INPUT_1_Y_PAD[LOGICAL],INPUT_1_X_PAD[LOGICAL],INPUT_1_LAYOUT,INPUT_1_DATATYPE,INPUT_1_MEMORY,INPUT_2_W_PAD[LOGICAL],INPUT_2_Z_PAD[LOGICAL],INPUT_2_Y_PAD[LOGICAL],INPUT_2_X_PAD[LOGICAL],INPUT_2_LAYOUT,INPUT_2_DATATYPE,INPUT_2_MEMORY,INPUT_3_W_PAD[LOGICAL],INPUT_3_Z_PAD[LOGICAL],INPUT_3_Y_PAD[LOGICAL],INPUT_3_X_PAD[LOGICAL],INPUT_3_LAYOUT,INPUT_3_DATATYPE,INPUT_3_MEMORY,INPUT_4_W_PAD[LOGICAL],INPUT_4_Z_PAD[LOGICAL],INPUT_4_Y_PAD[LOGICAL],INPUT_4_X_PAD[LOGICAL],INPUT_4_LAYOUT,INPUT_4_DATATYPE,INPUT_4_MEMORY,OUTPUT_0_W_PAD[LOGICAL],OUTPUT_0_Z_PAD[LOGICAL],OUTPUT_0_Y_PAD[LOGICAL],OUTPUT_0_X_PAD[LOGICAL],OUTPUT_0_LAYOUT,OUTPUT_0_DATATYPE,OUTPUT_0_MEMORY,OUTPUT_1_W_PAD[LOGICAL],OUTPUT_1_Z_PAD[LOGICAL],OUTPUT_1_Y_PAD[LOGICAL],OUTPUT_1_X_PAD[LOGICAL],OUTPUT_1_LAYOUT,OUTPUT_1_DATATYPE,OUTPUT_1_MEMORY,OUTPUT_2_W_PAD[LOGICAL],OUTPUT_2_Z_PAD[LOGICAL],OUTPUT_2_Y_PAD[LOGICAL],OUTPUT_2_X_PAD[LOGICAL],OUTPUT_2_LAYOUT,OUTPUT_2_DATATYPE,OUTPUT_2_MEMORY,METAL TRACE ID,METAL TRACE REPLAY SESSION ID,COMPUTE KERNEL SOURCE,COMPUTE KERNEL HASH,DATA MOVEMENT KERNEL SOURCE,DATA MOVEMENT KERNEL HASH,PROGRAM HASH,PROGRAM CACHE HIT,TENSIX DM 0 MAX KERNEL SIZE [B],TENSIX DM 1 MAX KERNEL SIZE [B],TENSIX COMPUTE 0 MAX KERNEL SIZE [B],TENSIX COMPUTE 1 MAX KERNEL SIZE [B],TENSIX COMPUTE 2 MAX KERNEL SIZE [B],ACTIVE ETH DM 0 MAX KERNEL SIZE [B],ACTIVE ETH DM 1 MAX KERNEL SIZE [B],IDLE ETH DM 0 MAX KERNEL SIZE [B],IDLE ETH DM 1 MAX KERNEL SIZE [B],PM IDEAL [ns],PM COMPUTE [ns],PM BANDWIDTH [ns],PM REQ I BW,PM REQ O BW,PM FPU UTIL (%),NOC UTIL (%),MULTICAST NOC UTIL (%),DRAM BW UTIL (%),DRAM BW UTIL PER CTRL (%),ETH BW UTIL (%),NPE CONG IMPACT (%),TT_DNN_DEVICE_OP_TT_HOST_FUNC [ns]
TilizeWithValPaddingDeviceOperation,tt_dnn_device,1027,3,blackhole,{'enough_space_height': 'true'; 'enough_space_width': 'true'; 'output_dtype': 'DataType::BFLOAT16'; 'output_mem_config': 'MemoryConfig(memory_layout=TensorMemoryLayout::INTERLEAVED;buffer_type=BufferType::DRAM;shard_spec=std::nullopt;nd_shard_spec=std::nullopt;created_with_nd_shard_spec=0)'; 'output_padded_shape': 'Shape([32; 5120])'; 'pad_value': '0'; 'sub_core_grids': 'std::nullopt'; 'use_multicore': 'true'},HiFi4,80,110,,,7454847515,7454934190,86675,13854833324932,13854833332377,0,0,5515,5039,4911,,,,346,4837,4162,4187,240,536,,,,,,1[1],1[1],1[1],5120[5120],ROW_MAJOR,BFLOAT16,DEV_0_DRAM_INTERLEAVED,,,,,,,,,,,,,,,,,,,,,,,,,,,,,1[1],1[1],32[1],5120[5120],TILE,BFLOAT16,DEV_0_DRAM_INTERLEAVED,,,,,,,,,,,,,,,,,['ttnn/cpp/ttnn/operations/data_movement/tilize/device/kernels/compute/tilize_wh.cpp'],['tilize_wh/6008396632222232391/'],['ttnn/cpp/ttnn/operations/eltwise/unary/device/kernels/dataflow/writer_unary_interleaved_start_id_wh.cpp'; 'ttnn/cpp/ttnn/operations/data_movement/tilize_with_val_padding/device/kernels/dataflow/reader_unary_pad_multicore_both_dims.cpp'],['writer_unary_interleaved_start_id_wh/1416371162984052538/'; 'reader_unary_pad_multicore_both_dims/14036764704303269693/'],12901315163927030575,False,744,3024,1168,768,2008,0,0,0,0,1,1,1,[],[],0.02,,,,,,,86675
TilizeWithValPaddingDeviceOperation,tt_dnn_device,2051,3,blackhole,{'enough_space_height': 'true'; 'enough_space_width': 'true'; 'output_dtype': 'DataType::BFLOAT16'; 'output_mem_config': 'MemoryConfig(memory_layout=TensorMemoryLayout::INTERLEAVED;buffer_type=BufferType::DRAM;shard_spec=std::nullopt;nd_shard_spec=std::nullopt;created_with_nd_shard_spec=0)'; 'output_padded_shape': 'Shape([32; 5120])'; 'pad_value': '0'; 'sub_core_grids': 'std::nullopt'; 'use_multicore': 'true'},HiFi4,80,110,,,7455196280,7455198264,1984,13854833794945,13854833802746,343227,343212,5779,5191,5181,,,,181,5141,4106,4137,256,533,,,,,,1[1],1[1],1[1],5120[5120],ROW_MAJOR,BFLOAT16,DEV_0_DRAM_INTERLEAVED,,,,,,,,,,,,,,,,,,,,,,,,,,,,,1[1],1[1],32[1],5120[5120],TILE,BFLOAT16,DEV_0_DRAM_INTERLEAVED,,,,,,,,,,,,,,,,,['ttnn/cpp/ttnn/operations/data_movement/tilize/device/kernels/compute/tilize_wh.cpp'],['tilize_wh/6008396632222232391/'],['ttnn/cpp/ttnn/operations/eltwise/unary/device/kernels/dataflow/writer_unary_interleaved_start_id_wh.cpp'; 'ttnn/cpp/ttnn/operations/data_movement/tilize_with_val_padding/device/kernels/dataflow/reader_unary_pad_multicore_both_dims.cpp'],['writer_unary_interleaved_start_id_wh/1416371162984052538/'; 'reader_unary_pad_multicore_both_dims/14036764704303269693/'],12901315163927030575,False,744,3024,1168,768,2008,0,0,0,0,1,1,1,[],[],0.019,,,,,,,1984
TilizeDeviceOperation,tt_dnn_device,3075,3,blackhole,{'enough_space_height': 'false'; 'enough_space_width': 'false'; 'output_dtype': 'DataType::BFLOAT16'; 'output_mem_config': 'MemoryConfig(memory_layout=TensorMemoryLayout::INTERLEAVED;buffer_type=BufferType::DRAM;shard_spec=std::nullopt;nd_shard_spec=std::nullopt;created_with_nd_shard_spec=0)'; 'sub_core_grids': 'std::nullopt'; 'use_low_perf': 'false'; 'use_multicore': 'true'},HiFi4,108,110,,,7546458999,7546535515,76516,13854957033357,13854958258955,91290564,91290564,907850,899214,899214,,,,453,899214,895433,895952,895829,896199,,,,,,1[1],1[1],5120[5120],17408[17408],ROW_MAJOR,BFLOAT16,DEV_0_DRAM_INTERLEAVED,,,,,,,,,,,,,,,,,,,,,,,,,,,,,1[1],1[1],5120[5120],17408[17408],TILE,BFLOAT16,DEV_0_DRAM_INTERLEAVED,,,,,,,,,,,,,,,,,['ttnn/cpp/ttnn/operations/data_movement/tilize/device/kernels/compute/tilize_wh.cpp'],['tilize_wh/10560940964749715450/'],['ttnn/cpp/ttnn/operations/eltwise/unary/device/kernels/dataflow/writer_unary_interleaved_start_id_wh.cpp'; 'ttnn/cpp/ttnn/operations/data_movement/tilize_with_val_padding/device/kernels/dataflow/reader_unary_pad_multicore_both_dims.cpp'],['writer_unary_interleaved_start_id_wh/8538696175250214976/'; 'reader_unary_pad_multicore_both_dims/7293125042023432334/'],4831293074831270130,False,744,3036,1408,832,2188,0,0,0,0,1,1,1,[],[],0.0,,,,,,,76516
TilizeDeviceOperation,tt_dnn_device,4099,3,blackhole,{'enough_space_height': 'false'; 'enough_space_width': 'false'; 'output_dtype': 'DataType::BFLOAT16'; 'output_mem_config': 'MemoryConfig(memory_layout=TensorMemoryLayout::INTERLEAVED;buffer_type=BufferType::DRAM;shard_spec=std::nullopt;nd_shard_spec=std::nullopt;created_with_nd_shard_spec=0)'; 'sub_core_grids': 'std::nullopt'; 'use_low_perf': 'false'; 'use_multicore': 'true'},HiFi4,108,110,,,7628056462,7628063225,6763,13855067166749,13855068424210,80681073,80681073,931453,922829,922829,,,,265,922829,919043,919561,919442,919813,,,,,,1[1],1[1],5120[5120],17408[17408],ROW_MAJOR,BFLOAT16,DEV_0_DRAM_INTERLEAVED,,,,,,,,,,,,,,,,,,,,,,,,,,,,,1[1],1[1],5120[5120],17408[17408],TILE,BFLOAT16,DEV_0_DRAM_INTERLEAVED,,,,,,,,,,,,,,,,,['ttnn/cpp/ttnn/operations/data_movement/tilize/device/kernels/compute/tilize_wh.cpp'],['tilize_wh/10560940964749715450/'],['ttnn/cpp/ttnn/operations/eltwise/unary/device/kernels/dataflow/writer_unary_interleaved_start_id_wh.cpp'; 'ttnn/cpp/ttnn/operations/data_movement/tilize_with_val_padding/device/kernels/dataflow/reader_unary_pad_multicore_both_dims.cpp'],['writer_unary_interleaved_start_id_wh/8538696175250214976/'; 'reader_unary_pad_multicore_both_dims/7293125042023432334/'],4831293074831270130,False,744,3036,1408,832,2188,0,0,0,0,1,1,1,[],[],0.0,,,,,,,6763
TilizeDeviceOperation,tt_dnn_device,5123,3,blackhole,{'enough_space_height': 'true'; 'enough_space_width': 'true'; 'output_dtype': 'DataType::BFLOAT16'; 'output_mem_config': 'MemoryConfig(memory_layout=TensorMemoryLayout::INTERLEAVED;buffer_type=BufferType::DRAM;shard_spec=std::nullopt;nd_shard_spec=std::nullopt;created_with_nd_shard_spec=0)'; 'sub_core_grids': 'std::nullopt'; 'use_low_perf': 'false'; 'use_multicore': 'true'},HiFi4,109,110,,,7710276422,7710348940,72518,13855178162491,13855179337131,81289136,81289136,870104,868571,868571,,,,442,868570,837172,852864,852753,853146,,,,,,1[1],1[1],17408[17408],5120[5120],ROW_MAJOR,BFLOAT16,DEV_0_DRAM_INTERLEAVED,,,,,,,,,,,,,,,,,,,,,,,,,,,,,1[1],1[1],17408[17408],5120[5120],TILE,BFLOAT16,DEV_0_DRAM_INTERLEAVED,,,,,,,,,,,,,,,,,['ttnn/cpp/ttnn/kernel/compute/tilize.cpp'],['tilize/10688983438943446976/'],['ttnn/cpp/ttnn/operations/eltwise/unary/device/kernels/dataflow/writer_unary_interleaved_start_id.cpp'; 'ttnn/cpp/ttnn/operations/data_movement/tilize/device/kernels/dataflow/reader_unary_stick_layout_split_rows_multicore.cpp'],['writer_unary_interleaved_start_id/12823350331057913928/'; 'reader_unary_stick_layout_split_rows_multicore/4982166318644373165/'],5012100893590721974,False,1000,864,1320,792,2152,0,0,0,0,1,1,1,[],[],0.0,,,,,,,72518
TilizeDeviceOperation,tt_dnn_device,6147,3,blackhole,{'enough_space_height': 'false'; 'enough_space_width': 'false'; 'output_dtype': 'DataType::BFLOAT16'; 'output_mem_config': 'MemoryConfig(memory_layout=TensorMemoryLayout::INTERLEAVED;buffer_type=BufferType::DRAM;shard_spec=std::nullopt;nd_shard_spec=std::nullopt;created_with_nd_shard_spec=0)'; 'sub_core_grids': 'std::nullopt'; 'use_low_perf': 'false'; 'use_multicore': 'true'},HiFi4,105,110,,,7778264856,7778336312,71456,13855269953831,13855270738229,67130747,67130747,581036,573736,573736,,,,282,573736,570505,570924,570807,571179,,,,,,1[1],1[1],5120[5120],12288[12288],ROW_MAJOR,BFLOAT16,DEV_0_DRAM_INTERLEAVED,,,,,,,,,,,,,,,,,,,,,,,,,,,,,1[1],1[1],5120[5120],12288[12288],TILE,BFLOAT16,DEV_0_DRAM_INTERLEAVED,,,,,,,,,,,,,,,,,['ttnn/cpp/ttnn/operations/data_movement/tilize/device/kernels/compute/tilize_wh.cpp'],['tilize_wh/5549982064725872281/'],['ttnn/cpp/ttnn/operations/eltwise/unary/device/kernels/dataflow/writer_unary_interleaved_start_id_wh.cpp'; 'ttnn/cpp/ttnn/operations/data_movement/tilize_with_val_padding/device/kernels/dataflow/reader_unary_pad_multicore_both_dims.cpp'],['writer_unary_interleaved_start_id_wh/12461191784501315513/'; 'reader_unary_pad_multicore_both_dims/9854264189814844054/'],336710783296742352,False,744,3024,1380,1364,2300,0,0,0,0,1,1,1,[],[],0.0,,,,,,,71456
TilizeDeviceOperation,tt_dnn_device,7171,3,blackhole,{'enough_space_height': 'true'; 'enough_space_width': 'true'; 'output_dtype': 'DataType::BFLOAT16'; 'output_mem_config': 'MemoryConfig(memory_layout=TensorMemoryLayout::INTERLEAVED;buffer_type=BufferType::DRAM;shard_spec=std::nullopt;nd_shard_spec=std::nullopt;created_with_nd_shard_spec=0)'; 'sub_core_grids': 'std::nullopt'; 'use_low_perf': 'false'; 'use_multicore': 'true'},HiFi4,80,110,,,7789442076,7789527709,85633,13855285014463,13855285088981,10575555,10575624,55199,54611,54592,,,,187,54561,41780,50382,50283,50622,,,,,,1[1],1[1],5120[5120],1024[1024],ROW_MAJOR,BFLOAT16,DEV_0_DRAM_INTERLEAVED,,,,,,,,,,,,,,,,,,,,,,,,,,,,,1[1],1[1],5120[5120],1024[1024],TILE,BFLOAT16,DEV_0_DRAM_INTERLEAVED,,,,,,,,,,,,,,,,,['ttnn/cpp/ttnn/kernel/compute/tilize.cpp'],['tilize/9021903287982082076/'],['ttnn/cpp/ttnn/operations/eltwise/unary/device/kernels/dataflow/writer_unary_interleaved_start_id.cpp'; 'ttnn/cpp/ttnn/operations/data_movement/tilize/device/kernels/dataflow/reader_unary_stick_layout_split_rows_multicore.cpp'],['writer_unary_interleaved_start_id/12823350331057913928/'; 'reader_unary_stick_layout_split_rows_multicore/14842797237412542546/'],10019684310529433174,False,1000,864,1300,1236,2140,0,0,0,0,1,1,1,[],[],0.002,,,,,,,85633
TilizeDeviceOperation,tt_dnn_device,8195,3,blackhole,{'enough_space_height': 'true'; 'enough_space_width': 'true'; 'output_dtype': 'DataType::BFLOAT16'; 'output_mem_config': 'MemoryConfig(memory_layout=TensorMemoryLayout::INTERLEAVED;buffer_type=BufferType::DRAM;shard_spec=std::nullopt;nd_shard_spec=std::nullopt;created_with_nd_shard_spec=0)'; 'sub_core_grids': 'std::nullopt'; 'use_low_perf': 'false'; 'use_multicore': 'true'},HiFi4,80,110,,,7793284154,7793289004,4850,13855290470177,13855290543540,3986635,3986692,54343,53753,53738,,,,165,53701,41370,49821,49749,50079,,,,,,1[1],1[1],5120[5120],1024[1024],ROW_MAJOR,BFLOAT16,DEV_0_DRAM_INTERLEAVED,,,,,,,,,,,,,,,,,,,,,,,,,,,,,1[1],1[1],5120[5120],1024[1024],TILE,BFLOAT16,DEV_0_DRAM_INTERLEAVED,,,,,,,,,,,,,,,,,['ttnn/cpp/ttnn/kernel/compute/tilize.cpp'],['tilize/9021903287982082076/'],['ttnn/cpp/ttnn/operations/eltwise/unary/device/kernels/dataflow/writer_unary_interleaved_start_id.cpp'; 'ttnn/cpp/ttnn/operations/data_movement/tilize/device/kernels/dataflow/reader_unary_stick_layout_split_rows_multicore.cpp'],['writer_unary_interleaved_start_id/12823350331057913928/'; 'reader_unary_stick_layout_split_rows_multicore/14842797237412542546/'],10019684310529433174,False,1000,864,1300,1236,2140,0,0,0,0,1,1,1,[],[],0.002,,,,,,,4850
TilizeDeviceOperation,tt_dnn_device,9219,3,blackhole,{'enough_space_height': 'true'; 'enough_space_width': 'true'; 'output_dtype': 'DataType::BFLOAT16'; 'output_mem_config': 'MemoryConfig(memory_layout=TensorMemoryLayout::INTERLEAVED;buffer_type=BufferType::DRAM;shard_spec=std::nullopt;nd_shard_spec=std::nullopt;created_with_nd_shard_spec=0)'; 'sub_core_grids': 'std::nullopt'; 'use_low_perf': 'false'; 'use_multicore': 'true'},HiFi4,99,110,,,7829864880,7829936527,71647,13855339616518,13855340065703,36361355,36361383,332730,321758,321756,,,,283,321750,319399,319634,319529,319901,,,,,,1[1],1[1],6144[6144],5120[5120],ROW_MAJOR,BFLOAT16,DEV_0_DRAM_INTERLEAVED,,,,,,,,,,,,,,,,,,,,,,,,,,,,,1[1],1[1],6144[6144],5120[5120],TILE,BFLOAT16,DEV_0_DRAM_INTERLEAVED,,,,,,,,,,,,,,,,,['ttnn/cpp/ttnn/operations/data_movement/tilize/device/kernels/compute/tilize_wh.cpp'],['tilize_wh/10018161952023380803/'],['ttnn/cpp/ttnn/operations/eltwise/unary/device/kernels/dataflow/writer_unary_interleaved_start_id_wh.cpp'; 'ttnn/cpp/ttnn/operations/data_movement/tilize_with_val_padding/device/kernels/dataflow/reader_unary_pad_multicore_both_dims.cpp'],['writer_unary_interleaved_start_id_wh/373408046536596586/'; 'reader_unary_pad_multicore_both_dims/2856834079535764135/'],15728285446178180983,False,744,3036,1380,864,2248,0,0,0,0,1,1,1,[],[],0.0,,,,,,,71647
TilizeWithValPaddingDeviceOperation,tt_dnn_device,10243,3,blackhole,{'enough_space_height': 'true'; 'enough_space_width': 'true'; 'output_dtype': 'DataType::BFLOAT16'; 'output_mem_config': 'MemoryConfig(memory_layout=TensorMemoryLayout::INTERLEAVED;buffer_type=BufferType::DRAM;shard_spec=std::nullopt;nd_shard_spec=std::nullopt;created_with_nd_shard_spec=0)'; 'output_padded_shape': 'Shape([32; 256])'; 'pad_value': '0'; 'sub_core_grids': 'std::nullopt'; 'use_multicore': 'true'},HiFi4,1,110,,,7835083154,7835141685,58531,13855346587397,13855346602230,4831555,4831351,10987,10467,10448,,,,122,10344,9190,9219,132,9325,,,,,,1[1],1[1],1[1],256[256],ROW_MAJOR,BFLOAT16,DEV_0_DRAM_INTERLEAVED,,,,,,,,,,,,,,,,,,,,,,,,,,,,,1[1],1[1],32[1],256[256],TILE,BFLOAT16,DEV_0_DRAM_INTERLEAVED,,,,,,,,,,,,,,,,,['ttnn/cpp/ttnn/kernel/compute/tilize.cpp'],['tilize/7261932891560273168/'],['ttnn/cpp/ttnn/operations/eltwise/unary/device/kernels/dataflow/writer_unary_interleaved_start_id.cpp'; 'ttnn/cpp/ttnn/operations/data_movement/tilize_with_val_padding/device/kernels/dataflow/reader_unary_pad_dims_split_rows_multicore.cpp'],['writer_unary_interleaved_start_id/12823350331057913928/'; 'reader_unary_pad_dims_split_rows_multicore/6138589921997970859/'],5687684050754478796,False,1000,1852,1208,788,2076,0,0,0,0,1,1,1,[],[],0.01,,,,,,,58531
TilizeWithValPaddingDeviceOperation,tt_dnn_device,11267,3,blackhole,{'enough_space_height': 'true'; 'enough_space_width': 'true'; 'output_dtype': 'DataType::BFLOAT16'; 'output_mem_config': 'MemoryConfig(memory_layout=TensorMemoryLayout::INTERLEAVED;buffer_type=BufferType::DRAM;shard_spec=std::nullopt;nd_shard_spec=std::nullopt;created_with_nd_shard_spec=0)'; 'output_padded_shape': 'Shape([32; 256])'; 'pad_value': '0'; 'sub_core_grids': 'std::nullopt'; 'use_multicore': 'true'},HiFi4,1,110,,,7835354622,7835356595,1973,13855346946476,13855346961321,255534,255523,10996,10467,10465,,,,104,10384,9186,9214,111,9317,,,,,,1[1],1[1],1[1],256[256],ROW_MAJOR,BFLOAT16,DEV_0_DRAM_INTERLEAVED,,,,,,,,,,,,,,,,,,,,,,,,,,,,,1[1],1[1],32[1],256[256],TILE,BFLOAT16,DEV_0_DRAM_INTERLEAVED,,,,,,,,,,,,,,,,,['ttnn/cpp/ttnn/kernel/compute/tilize.cpp'],['tilize/7261932891560273168/'],['ttnn/cpp/ttnn/operations/eltwise/unary/device/kernels/dataflow/writer_unary_interleaved_start_id.cpp'; 'ttnn/cpp/ttnn/operations/data_movement/tilize_with_val_padding/device/kernels/dataflow/reader_unary_pad_dims_split_rows_multicore.cpp'],['writer_unary_interleaved_start_id/12823350331057913928/'; 'reader_unary_pad_dims_split_rows_multicore/6138589921997970859/'],5687684050754478796,False,1000,1852,1208,788,2076,0,0,0,0,1,1,1,[],[],0.01,,,,,,,1973
TilizeDeviceOperation,tt_dnn_device,12291,3,blackhole,{'enough_space_height': 'true'; 'enough_space_width': 'true'; 'output_dtype': 'DataType::BFLOAT16'; 'output_mem_config': 'MemoryConfig(memory_layout=TensorMemoryLayout::INTERLEAVED;buffer_type=BufferType::DRAM;shard_spec=std::nullopt;nd_shard_spec=std::nullopt;created_with_nd_shard_spec=0)'; 'sub_core_grids': 'std::nullopt'; 'use_low_perf': 'false'; 'use_multicore': 'true'},HiFi4,86,110,,,7839535186,7839590171,54985,13855352644894,13855352681299,4211578,4211578,26967,25516,25516,,,,239,25515,24230,24290,22836,24476,,,,,,32[32],4[4],64[64],256[256],ROW_MAJOR,BFLOAT16,DEV_0_DRAM_INTERLEAVED,,,,,,,,,,,,,,,,,,,,,,,,,,,,,32[32],4[4],64[64],256[256],TILE,BFLOAT16,DEV_0_DRAM_INTERLEAVED,,,,,,,,,,,,,,,,,['ttnn/cpp/ttnn/kernel/compute/tilize.cpp'],['tilize/7261932891560273168/'],['ttnn/cpp/ttnn/operations/eltwise/unary/device/kernels/dataflow/writer_unary_interleaved_start_id.cpp'; 'ttnn/cpp/ttnn/operations/data_movement/tilize/device/kernels/dataflow/reader_unary_stick_layout_split_rows_multicore.cpp'],['writer_unary_interleaved_start_id/12823350331057913928/'; 'reader_unary_stick_layout_split_rows_multicore/12241185102788004397/'],10194398174780637764,False,1000,860,1300,916,2172,0,0,0,0,1,1,1,[],[],0.004,,,,,,,54985
TilizeDeviceOperation,tt_dnn_device,13315,3,blackhole,{'enough_space_height': 'true'; 'enough_space_width': 'true'; 'output_dtype': 'DataType::BFLOAT16'; 'output_mem_config': 'MemoryConfig(memory_layout=TensorMemoryLayout::INTERLEAVED;buffer_type=BufferType::DRAM;shard_spec=std::nullopt;nd_shard_spec=std::nullopt;created_with_nd_shard_spec=0)'; 'sub_core_grids': 'std::nullopt'; 'use_low_perf': 'false'; 'use_multicore': 'true'},HiFi4,86,110,,,7839838524,7839840087,1563,13855353278590,13855353314705,443859,443859,26752,25324,25324,,,,187,25324,24051,24115,22716,24303,,,,,,32[32],4[4],64[64],256[256],ROW_MAJOR,BFLOAT16,DEV_0_DRAM_INTERLEAVED,,,,,,,,,,,,,,,,,,,,,,,,,,,,,32[32],4[4],64[64],256[256],TILE,BFLOAT16,DEV_0_DRAM_INTERLEAVED,,,,,,,,,,,,,,,,,['ttnn/cpp/ttnn/kernel/compute/tilize.cpp'],['tilize/7261932891560273168/'],['ttnn/cpp/ttnn/operations/eltwise/unary/device/kernels/dataflow/writer_unary_interleaved_start_id.cpp'; 'ttnn/cpp/ttnn/operations/data_movement/tilize/device/kernels/dataflow/reader_unary_stick_layout_split_rows_multicore.cpp'],['writer_unary_interleaved_start_id/12823350331057913928/'; 'reader_unary_stick_layout_split_rows_multicore/12241185102788004397/'],10194398174780637764,False,1000,860,1300,916,2172,0,0,0,0,1,1,1,[],[],0.004,,,,,,,1563
TilizeDeviceOperation,tt_dnn_device,14339,3,blackhole,{'enough_space_height': 'false'; 'enough_space_width': 'false'; 'output_dtype': 'DataType::BFLOAT16'; 'output_mem_config': 'MemoryConfig(memory_layout=TensorMemoryLayout::INTERLEAVED;buffer_type=BufferType::DRAM;shard_spec=std::nullopt;nd_shard_spec=std::nullopt;created_with_nd_shard_spec=0)'; 'sub_core_grids': 'std::nullopt'; 'use_low_perf': 'false'; 'use_multicore': 'true'},HiFi4,102,110,,,10689223832,10689299025,75193,13859199685027,13859200619819,2849172036,2849172036,692439,684375,684375,,,,248,684373,681042,681455,681344,681717,,,,,,1[1],1[1],5120[5120],14336[14336],ROW_MAJOR,BFLOAT16,DEV_0_DRAM_INTERLEAVED,,,,,,,,,,,,,,,,,,,,,,,,,,,,,1[1],1[1],5120[5120],14336[14336],TILE,BFLOAT16,DEV_0_DRAM_INTERLEAVED,,,,,,,,,,,,,,,,,['ttnn/cpp/ttnn/operations/data_movement/tilize/device/kernels/compute/tilize_wh.cpp'],['tilize_wh/14525357378662605391/'],['ttnn/cpp/ttnn/operations/eltwise/unary/device/kernels/dataflow/writer_unary_interleaved_start_id_wh.cpp'; 'ttnn/cpp/ttnn/operations/data_movement/tilize_with_val_padding/device/kernels/dataflow/reader_unary_pad_multicore_both_dims.cpp'],['writer_unary_interleaved_start_id_wh/5469365226465776635/'; 'reader_unary_pad_multicore_both_dims/6239271899875413200/'],12233668349106658221,False,744,3024,1408,864,2248,0,0,0,0,1,1,1,[],[],0.0,,,,,,,75193
CopyDeviceOperation,tt_dnn_device,15363,3,blackhole,"{'backwards': 'false'; 'output_dtype': 'DataType::BFLOAT16'; 'output_mem_config': 'MemoryConfig(memory_layout=TensorMemoryLayout::WIDTH_SHARDED;buffer_type=BufferType::DRAM;shard_spec=ShardSpec{grid=[{""start"":{""x"":0;""y"":0};""end"":{""x"":7;""y"":0}]; shape=[5120; 1792]; orientation=ShardOrientation::ROW_MAJOR};nd_shard_spec=std::nullopt;created_with_nd_shard_spec=0)'}",,110,110,,,10693666736,10693718234,51498,13859205618209,13859206752408,3703087,3703087,840147,839567,839567,,,,271,839557,839253,,,,,,,,,1[1],1[1],5120[5120],14336[14336],TILE,BFLOAT16,DEV_0_DRAM_INTERLEAVED,,,,,,,,,,,,,,,,,,,,,,,,,,,,,1[1],1[1],5120[5120],14336[14336],TILE,BFLOAT16,DEV_0_DRAM_WIDTH_SHARDED,,,,,,,,,,,,,,,,,[],[],['ttnn/cpp/ttnn/operations/eltwise/unary/device/kernels/dataflow/writer_unary_interleaved_start_id.cpp'; 'ttnn/cpp/ttnn/operations/eltwise/unary/device/kernels/dataflow/reader_unary_interleaved_start_id.cpp'],['writer_unary_interleaved_start_id/4131895285950932244/'; 'reader_unary_interleaved_start_id/10962133386311303872/'],3931725293190562971,False,1180,924,0,0,0,0,0,0,0,1,1,1,[],[],0.0,,,,,,,51498
TilizeDeviceOperation,tt_dnn_device,16387,3,blackhole,{'enough_space_height': 'false'; 'enough_space_width': 'false'; 'output_dtype': 'DataType::BFLOAT16'; 'output_mem_config': 'MemoryConfig(memory_layout=TensorMemoryLayout::INTERLEAVED;buffer_type=BufferType::DRAM;shard_spec=std::nullopt;nd_shard_spec=std::nullopt;created_with_nd_shard_spec=0)'; 'sub_core_grids': 'std::nullopt'; 'use_low_perf': 'false'; 'use_multicore': 'true'},HiFi4,102,110,,,10706286898,10706291147,4249,13859222716340,13859223601355,11833213,11833213,655567,647492,647492,,,,251,647492,644149,644575,644459,644839,,,,,,1[1],1[1],5120[5120],14336[14336],ROW_MAJOR,BFLOAT16,DEV_0_DRAM_INTERLEAVED,,,,,,,,,,,,,,,,,,,,,,,,,,,,,1[1],1[1],5120[5120],14336[14336],TILE,BFLOAT16,DEV_0_DRAM_INTERLEAVED,,,,,,,,,,,,,,,,,['ttnn/cpp/ttnn/operations/data_movement/tilize/device/kernels/compute/tilize_wh.cpp'],['tilize_wh/14525357378662605391/'],['ttnn/cpp/ttnn/operations/eltwise/unary/device/kernels/dataflow/writer_unary_interleaved_start_id_wh.cpp'; 'ttnn/cpp/ttnn/operations/data_movement/tilize_with_val_padding/device/kernels/dataflow/reader_unary_pad_multicore_both_dims.cpp'],['writer_unary_interleaved_start_id_wh/5469365226465776635/'; 'reader_unary_pad_multicore_both_dims/6239271899875413200/'],12233668349106658221,False,744,3024,1408,864,2248,0,0,0,0,1,1,1,[],[],0.0,,,,,,,4249
TilizeDeviceOperation,tt_dnn_device,17411,3,blackhole,{'enough_space_height': 'true'; 'enough_space_width': 'true'; 'output_dtype': 'DataType::BFLOAT16'; 'output_mem_config': 'MemoryConfig(memory_layout=TensorMemoryLayout::INTERLEAVED;buffer_type=BufferType::DRAM;shard_spec=std::nullopt;nd_shard_spec=std::nullopt;created_with_nd_shard_spec=0)'; 'sub_core_grids': 'std::nullopt'; 'use_low_perf': 'false'; 'use_multicore': 'true'},HiFi4,99,110,,,10721331876,10721390959,59083,13859243034929,13859243485571,14405127,14405127,333809,323901,323901,,,,264,323901,321571,321806,321703,322059,,,,,,1[1],1[1],5120[5120],6144[6144],ROW_MAJOR,BFLOAT16,DEV_0_DRAM_INTERLEAVED,,,,,,,,,,,,,,,,,,,,,,,,,,,,,1[1],1[1],5120[5120],6144[6144],TILE,BFLOAT16,DEV_0_DRAM_INTERLEAVED,,,,,,,,,,,,,,,,,['ttnn/cpp/ttnn/operations/data_movement/tilize/device/kernels/compute/tilize_wh.cpp'],['tilize_wh/6189034728531008771/'],['ttnn/cpp/ttnn/operations/eltwise/unary/device/kernels/dataflow/writer_unary_interleaved_start_id_wh.cpp'; 'ttnn/cpp/ttnn/operations/data_movement/tilize_with_val_padding/device/kernels/dataflow/reader_unary_pad_multicore_both_dims.cpp'],['writer_unary_interleaved_start_id_wh/4634082638981138100/'; 'reader_unary_pad_multicore_both_dims/17091790920576533157/'],14094116589050002050,False,744,3024,1380,844,2216,0,0,0,0,1,1,1,[],[],0.0,,,,,,,59083
TilizeDeviceOperation,tt_dnn_device,18435,3,blackhole,{'enough_space_height': 'true'; 'enough_space_width': 'true'; 'output_dtype': 'DataType::BFLOAT16'; 'output_mem_config': 'MemoryConfig(memory_layout=TensorMemoryLayout::INTERLEAVED;buffer_type=BufferType::DRAM;shard_spec=std::nullopt;nd_shard_spec=std::nullopt;created_with_nd_shard_spec=0)'; 'sub_core_grids': 'std::nullopt'; 'use_low_perf': 'false'; 'use_multicore': 'true'},HiFi4,80,110,,,10722930505,10722933080,2575,13859245157842,13859245232656,1239301,1239317,55418,54834,54820,,,,190,54772,41442,51001,50904,51234,,,,,,1[1],1[1],5120[5120],1024[1024],ROW_MAJOR,BFLOAT16,DEV_0_DRAM_INTERLEAVED,,,,,,,,,,,,,,,,,,,,,,,,,,,,,1[1],1[1],5120[5120],1024[1024],TILE,BFLOAT16,DEV_0_DRAM_INTERLEAVED,,,,,,,,,,,,,,,,,['ttnn/cpp/ttnn/kernel/compute/tilize.cpp'],['tilize/9021903287982082076/'],['ttnn/cpp/ttnn/operations/eltwise/unary/device/kernels/dataflow/writer_unary_interleaved_start_id.cpp'; 'ttnn/cpp/ttnn/operations/data_movement/tilize/device/kernels/dataflow/reader_unary_stick_layout_split_rows_multicore.cpp'],['writer_unary_interleaved_start_id/12823350331057913928/'; 'reader_unary_stick_layout_split_rows_multicore/14842797237412542546/'],10019684310529433174,False,1000,864,1300,1236,2140,0,0,0,0,1,1,1,[],[],0.002,,,,,,,2575
TilizeDeviceOperation,tt_dnn_device,19459,3,blackhole,{'enough_space_height': 'true'; 'enough_space_width': 'true'; 'output_dtype': 'DataType::BFLOAT16'; 'output_mem_config': 'MemoryConfig(memory_layout=TensorMemoryLayout::INTERLEAVED;buffer_type=BufferType::DRAM;shard_spec=std::nullopt;nd_shard_spec=std::nullopt;created_with_nd_shard_spec=0)'; 'sub_core_grids': 'std::nullopt'; 'use_low_perf': 'false'; 'use_multicore': 'true'},HiFi4,80,110,,,10723731493,10723733437,1944,13859246261803,13859246335687,762928,762935,54729,54127,54122,,,,171,54087,41182,48353,48262,48590,,,,,,1[1],1[1],5120[5120],1024[1024],ROW_MAJOR,BFLOAT16,DEV_0_DRAM_INTERLEAVED,,,,,,,,,,,,,,,,,,,,,,,,,,,,,1[1],1[1],5120[5120],1024[1024],TILE,BFLOAT16,DEV_0_DRAM_INTERLEAVED,,,,,,,,,,,,,,,,,['ttnn/cpp/ttnn/kernel/compute/tilize.cpp'],['tilize/9021903287982082076/'],['ttnn/cpp/ttnn/operations/eltwise/unary/device/kernels/dataflow/writer_unary_interleaved_start_id.cpp'; 'ttnn/cpp/ttnn/operations/data_movement/tilize/device/kernels/dataflow/reader_unary_stick_layout_split_rows_multicore.cpp'],['writer_unary_interleaved_start_id/12823350331057913928/'; 'reader_unary_stick_layout_split_rows_multicore/14842797237412542546/'],10019684310529433174,False,1000,864,1300,1236,2140,0,0,0,0,1,1,1,[],[],0.002,,,,,,,1944
TilizeDeviceOperation,tt_dnn_device,20483,3,blackhole,{'enough_space_height': 'true'; 'enough_space_width': 'true'; 'output_dtype': 'DataType::BFLOAT16'; 'output_mem_config': 'MemoryConfig(memory_layout=TensorMemoryLayout::INTERLEAVED;buffer_type=BufferType::DRAM;shard_spec=std::nullopt;nd_shard_spec=std::nullopt;created_with_nd_shard_spec=0)'; 'sub_core_grids': 'std::nullopt'; 'use_low_perf': 'false'; 'use_multicore': 'true'},HiFi4,99,110,,,10730081265,10730083639,2374,13859254842519,13859255290409,6311269,6311262,331770,321864,321859,,,,275,321859,319518,319769,319661,320015,,,,,,1[1],1[1],5120[5120],6144[6144],ROW_MAJOR,BFLOAT16,DEV_0_DRAM_INTERLEAVED,,,,,,,,,,,,,,,,,,,,,,,,,,,,,1[1],1[1],5120[5120],6144[6144],TILE,BFLOAT16,DEV_0_DRAM_INTERLEAVED,,,,,,,,,,,,,,,,,['ttnn/cpp/ttnn/operations/data_movement/tilize/device/kernels/compute/tilize_wh.cpp'],['tilize_wh/6189034728531008771/'],['ttnn/cpp/ttnn/operations/eltwise/unary/device/kernels/dataflow/writer_unary_interleaved_start_id_wh.cpp'; 'ttnn/cpp/ttnn/operations/data_movement/tilize_with_val_padding/device/kernels/dataflow/reader_unary_pad_multicore_both_dims.cpp'],['writer_unary_interleaved_start_id_wh/4634082638981138100/'; 'reader_unary_pad_multicore_both_dims/17091790920576533157/'],14094116589050002050,False,744,3024,1380,844,2216,0,0,0,0,1,1,1,[],[],0.0,,,,,,,2374
TilizeDeviceOperation,tt_dnn_device,21507,3,blackhole,{'enough_space_height': 'true'; 'enough_space_width': 'true'; 'output_dtype': 'DataType::BFLOAT16'; 'output_mem_config': 'MemoryConfig(memory_layout=TensorMemoryLayout::INTERLEAVED;buffer_type=BufferType::DRAM;shard_spec=std::nullopt;nd_shard_spec=std::nullopt;created_with_nd_shard_spec=0)'; 'sub_core_grids': 'std::nullopt'; 'use_low_perf': 'false'; 'use_multicore': 'true'},HiFi4,99,110,,,10757306285,10757311746,5461,13859291570989,13859292023395,26885418,26885480,335116,324161,324149,,,,290,324149,321818,322064,321959,322309,,,,,,1[1],1[1],6144[6144],5120[5120],ROW_MAJOR,BFLOAT16,DEV_0_DRAM_INTERLEAVED,,,,,,,,,,,,,,,,,,,,,,,,,,,,,1[1],1[1],6144[6144],5120[5120],TILE,BFLOAT16,DEV_0_DRAM_INTERLEAVED,,,,,,,,,,,,,,,,,['ttnn/cpp/ttnn/operations/data_movement/tilize/device/kernels/compute/tilize_wh.cpp'],['tilize_wh/10018161952023380803/'],['ttnn/cpp/ttnn/operations/eltwise/unary/device/kernels/dataflow/writer_unary_interleaved_start_id_wh.cpp'; 'ttnn/cpp/ttnn/operations/data_movement/tilize_with_val_padding/device/kernels/dataflow/reader_unary_pad_multicore_both_dims.cpp'],['writer_unary_interleaved_start_id_wh/373408046536596586/'; 'reader_unary_pad_multicore_both_dims/2856834079535764135/'],15728285446178180983,False,744,3036,1380,864,2248,0,0,0,0,1,1,1,[],[],0.0,,,,,,,5461
CopyDeviceOperation,tt_dnn_device,22531,3,blackhole,"{'backwards': 'false'; 'output_dtype': 'DataType::BFLOAT16'; 'output_mem_config': 'MemoryConfig(memory_layout=TensorMemoryLayout::WIDTH_SHARDED;buffer_type=BufferType::DRAM;shard_spec=ShardSpec{grid=[{""start"":{""x"":0;""y"":0};""end"":{""x"":7;""y"":0}]; shape=[6144; 640]; orientation=ShardOrientation::ROW_MAJOR};nd_shard_spec=std::nullopt;created_with_nd_shard_spec=0)'}",,110,110,,,10760253998,10760318100,64102,13859295510282,13859295982786,2583460,2583460,350003,349422,349422,,,,170,349412,349111,,,,,,,,,1[1],1[1],6144[6144],5120[5120],TILE,BFLOAT16,DEV_0_DRAM_INTERLEAVED,,,,,,,,,,,,,,,,,,,,,,,,,,,,,1[1],1[1],6144[6144],5120[5120],TILE,BFLOAT16,DEV_0_DRAM_WIDTH_SHARDED,,,,,,,,,,,,,,,,,[],[],['ttnn/cpp/ttnn/operations/eltwise/unary/device/kernels/dataflow/writer_unary_interleaved_start_id.cpp'; 'ttnn/cpp/ttnn/operations/eltwise/unary/device/kernels/dataflow/reader_unary_interleaved_start_id.cpp'],['writer_unary_interleaved_start_id/892984395358346402/'; 'reader_unary_interleaved_start_id/10962133386311303872/'],2213523304568728121,False,1160,924,0,0,0,0,0,0,0,1,1,1,[],[],0.0,,,,,,,64102
TilizeDeviceOperation,tt_dnn_device,23555,3,blackhole,{'enough_space_height': 'true'; 'enough_space_width': 'true'; 'output_dtype': 'DataType::BFLOAT16'; 'output_mem_config': 'MemoryConfig(memory_layout=TensorMemoryLayout::INTERLEAVED;buffer_type=BufferType::DRAM;shard_spec=std::nullopt;nd_shard_spec=std::nullopt;created_with_nd_shard_spec=0)'; 'sub_core_grids': 'std::nullopt'; 'use_low_perf': 'false'; 'use_multicore': 'true'},HiFi4,99,110,,,10765761273,10765763407,2134,13859303012981,13859303460677,5218526,5218524,331627,320659,320655,,,,279,320644,318349,318592,318488,318840,,,,,,1[1],1[1],6144[6144],5120[5120],ROW_MAJOR,BFLOAT16,DEV_0_DRAM_INTERLEAVED,,,,,,,,,,,,,,,,,,,,,,,,,,,,,1[1],1[1],6144[6144],5120[5120],TILE,BFLOAT16,DEV_0_DRAM_INTERLEAVED,,,,,,,,,,,,,,,,,['ttnn/cpp/ttnn/operations/data_movement/tilize/device/kernels/compute/tilize_wh.cpp'],['tilize_wh/10018161952023380803/'],['ttnn/cpp/ttnn/operations/eltwise/unary/device/kernels/dataflow/writer_unary_interleaved_start_id_wh.cpp'; 'ttnn/cpp/ttnn/operations/data_movement/tilize_with_val_padding/device/kernels/dataflow/reader_unary_pad_multicore_both_dims.cpp'],['writer_unary_interleaved_start_id_wh/373408046536596586/'; 'reader_unary_pad_multicore_both_dims/2856834079535764135/'],15728285446178180983,False,744,3036,1380,864,2248,0,0,0,0,1,1,1,[],[],0.0,,,,,,,2134
TilizeDeviceOperation,tt_dnn_device,24579,3,blackhole,{'enough_space_height': 'true'; 'enough_space_width': 'true'; 'output_dtype': 'DataType::BFLOAT16'; 'output_mem_config': 'MemoryConfig(memory_layout=TensorMemoryLayout::INTERLEAVED;buffer_type=BufferType::DRAM;shard_spec=std::nullopt;nd_shard_spec=std::nullopt;created_with_nd_shard_spec=0)'; 'sub_core_grids': 'std::nullopt'; 'use_low_perf': 'false'; 'use_multicore': 'true'},HiFi4,80,110,,,10830664913,10830736640,71727,13859390593777,13859390613847,64543776,64544454,14867,14283,14275,,,,206,14200,13695,13704,259,543,,,,,,1[1],1[1],32[32],5120[5120],ROW_MAJOR,BFLOAT16,DEV_0_DRAM_INTERLEAVED,,,,,,,,,,,,,,,,,,,,,,,,,,,,,1[1],1[1],32[32],5120[5120],TILE,BFLOAT16,DEV_0_DRAM_INTERLEAVED,,,,,,,,,,,,,,,,,['ttnn/cpp/ttnn/operations/data_movement/tilize/device/kernels/compute/tilize_wh.cpp'],['tilize_wh/6008396632222232391/'],['ttnn/cpp/ttnn/operations/eltwise/unary/device/kernels/dataflow/writer_unary_interleaved_start_id_wh.cpp'; 'ttnn/cpp/ttnn/operations/data_movement/tilize_with_val_padding/device/kernels/dataflow/reader_unary_pad_multicore_both_dims.cpp'],['writer_unary_interleaved_start_id_wh/1416371162984052538/'; 'reader_unary_pad_multicore_both_dims/8849230889086473288/'],11846214294202427673,False,744,3008,1168,768,2008,0,0,0,0,1,1,1,[],[],0.007,,,,,,,71727
InterleavedToShardedDeviceOperation,tt_dnn_device,25603,3,blackhole,"{'keep_l1_aligned': 'false'; 'output_dtype': 'DataType::BFLOAT16'; 'output_mem_config': 'MemoryConfig(memory_layout=TensorMemoryLayout::WIDTH_SHARDED;buffer_type=BufferType::L1;shard_spec=ShardSpec{grid=[{""start"":{""x"":0;""y"":0};""end"":{""x"":7;""y"":0}]; shape=[32; 640]; orientation=ShardOrientation::ROW_MAJOR};nd_shard_spec=std::nullopt;created_with_nd_shard_spec=0)'}",,8,110,,,10880941703,10881014221,72518,13859458429483,13859458432004,50237038,50237038,1867,1366,1366,,,,84,1311,1354,,,,,,,,,1[1],1[1],32[32],5120[5120],TILE,BFLOAT16,DEV_0_DRAM_INTERLEAVED,,,,,,,,,,,,,,,,,,,,,,,,,,,,,1[1],1[1],32[32],5120[5120],TILE,BFLOAT16,DEV_0_L1_WIDTH_SHARDED,,,,,,,,,,,,,,,,,[],[],['ttnn/cpp/ttnn/operations/data_movement/sharded/device/kernels/dataflow/writer_unary_sharded.cpp'; 'ttnn/cpp/ttnn/operations/data_movement/sharded/device/kernels/dataflow/reader_unary_sharded_blocks_interleaved_start_id.cpp'],['writer_unary_sharded/8354490188168529288/'; 'reader_unary_sharded_blocks_interleaved_start_id/3275973852447321533/'],13247256223977997579,False,384,876,0,0,0,0,0,0,0,1,1,1,[],[],0.073,,,,,,,72518
LayerNormDeviceOperation,tt_dnn_device,26627,3,blackhole,"{'compute_kernel_config': 'ComputeKernelConfig(math_fidelity=HiFi4;math_approx_mode=0;fp32_dest_acc_en=1;packer_l1_acc=1;dst_full_sync_en=0;throttle_level=ThrottleLevel::NO_THROTTLE)'; 'distributed_norm_stage': 'DistributedLayerNormStage::NOT_DISTRIBUTED'; 'dtype': 'std::nullopt'; 'eps': '1e-06'; 'fused_activation': 'std::nullopt'; 'norm_type': 'LayerNormType::RMSNORM'; 'output_mem_config': 'MemoryConfig(memory_layout=TensorMemoryLayout::WIDTH_SHARDED;buffer_type=BufferType::L1;shard_spec=ShardSpec{grid=[{""start"":{""x"":0;""y"":0};""end"":{""x"":7;""y"":0}]; shape=[32; 640]; orientation=ShardOrientation::ROW_MAJOR};nd_shard_spec=std::nullopt;created_with_nd_shard_spec=0)'; 'program_config': 'LayerNormShardedMultiCoreProgramConfig(compute_with_storage_grid_size=8-1;subblock_w=4;block_h=1;block_w=20;inplace=0;legacy_reduction=0;legacy_rsqrt=0;use_welford=0)'}",HiFi4,8,110,,,10888349082,10888434305,85223,13859468432561,13859468446900,7408929,7409041,10621,9635,9581,,,,393,6437,8104,9579,9263,9510,,,,,,1[1],1[1],32[32],5120[5120],TILE,BFLOAT16,DEV_0_L1_WIDTH_SHARDED,1[1],1[1],160[160],32[32],ROW_MAJOR,BFLOAT16,DEV_0_DRAM_INTERLEAVED,,,,,,,,,,,,,,,,,,,,,,1[1],1[1],32[32],5120[5120],TILE,BFLOAT16,DEV_0_L1_WIDTH_SHARDED,,,,,,,,,,,,,,,,,['ttnn/cpp/ttnn/operations/normalization/layernorm/device/kernels/compute/layernorm_sharded.cpp'],['layernorm_sharded/13304332820784148191/'],['ttnn/cpp/ttnn/operations/normalization/layernorm/device/kernels/dataflow/writer_unary_sharded_ln_rm_gb.cpp'; 'ttnn/cpp/ttnn/operations/normalization/layernorm/device/kernels/dataflow/reader_mcast_receiver_unary_sharded_ln.cpp'; 'ttnn/cpp/ttnn/operations/normalization/layernorm/device/kernels/dataflow/reader_mcast_sender_unary_sharded_ln.cpp'],['writer_unary_sharded_ln_rm_gb/11486218597615482320/'; 'reader_mcast_receiver_unary_sharded_ln/2856035625972871015/'; 'reader_mcast_sender_unary_sharded_ln/9455697357776402043/'],4792198305488196412,False,1744,1488,4108,3952,4396,0,0,0,0,1,1,1,[],[],0.01,,,,,,,85223
TypecastDeviceOperation,tt_dnn_device,27651,3,blackhole,{'bfp8_pack_precise': 'false'; 'fp32_dest_acc_en': 'true'; 'input_dtype': 'DataType::UINT32'; 'output_dtype': 'DataType::INT32'; 'output_memory_config': 'MemoryConfig(memory_layout=TensorMemoryLayout::INTERLEAVED;buffer_type=BufferType::DRAM;shard_spec=std::nullopt;nd_shard_spec=std::nullopt;created_with_nd_shard_spec=0)'; 'preserve_fp32_precision': 'false'; 'sub_core_grids': 'std::nullopt'},HiFi4,1,110,,,10892339173,10892397134,57961,13859473818293,13859473820213,3980031,3978874,1422,892,891,,,,19,873,423,536,143,201,,,,,,1[1],1[1],1[1],32[32],ROW_MAJOR,UINT32,DEV_0_DRAM_INTERLEAVED,,,,,,,,,,,,,,,,,,,,,,,,,,,,,1[1],1[1],1[1],32[32],ROW_MAJOR,INT32,DEV_0_DRAM_INTERLEAVED,,,,,,,,,,,,,,,,,['ttnn/cpp/ttnn/operations/copy/typecast/device/kernels/compute/eltwise_typecast.cpp'],['eltwise_typecast/4567260315477164635/'],['ttnn/cpp/ttnn/operations/copy/typecast/device/kernels/dataflow/writer_typecast_rm_chunked.cpp'; 'ttnn/cpp/ttnn/operations/copy/typecast/device/kernels/dataflow/reader_typecast_rm_chunked.cpp'],['writer_typecast_rm_chunked/13856981104660378978/'; 'reader_typecast_rm_chunked/5226001286861947444/'],17686273403887652333,False,680,620,1316,800,1128,0,0,0,0,1,1,1,[],[],0.112,,,,,,,57961
MatmulDeviceOperation,tt_dnn_device,28675,3,blackhole,"{'bcast_batch': 'true'; 'compute_kernel_config': 'ComputeKernelConfig(math_fidelity=HiFi2;math_approx_mode=0;fp32_dest_acc_en=0;packer_l1_acc=1;dst_full_sync_en=0;throttle_level=ThrottleLevel::NO_THROTTLE)'; 'global_cb': 'std::nullopt'; 'output_dtype': 'DataType::BFLOAT16'; 'output_mem_config': 'MemoryConfig(memory_layout=TensorMemoryLayout::WIDTH_SHARDED;buffer_type=BufferType::L1;shard_spec=ShardSpec{grid=[{""start"":{""x"":0;""y"":0};""end"":{""x"":7;""y"":0}]; shape=[32; 1792]; orientation=ShardOrientation::ROW_MAJOR};nd_shard_spec=std::nullopt;created_with_nd_shard_spec=0)'; 'output_tile': 'Tile(tile_shape={32; 32};face_shape={16; 16};num_faces=4)'; 'program_config': 'MatmulMultiCoreReuseMultiCastDRAMShardedProgramConfig(in0_block_w=2;per_core_M=1;per_core_N=56;fused_activation=std::nullopt)'; 'sub_device_id': 'std::nullopt'; 'transpose_a': 'false'; 'transpose_b': 'false'; 'untilize_out': 'false'; 'user_core_coord': 'std::nullopt'; 'user_fused_activation': 'std::nullopt'; 'user_run_batched': 'false'}",HiFi2,80,110,,,10896800443,10896897558,97115,13859479843993,13859480243578,4462629,4462651,295989,295407,295399,,,,230,295315,285853,293201,293261,293670,,,,,,1[1],1[1],32[32],5120[5120],TILE,BFLOAT16,DEV_0_L1_WIDTH_SHARDED,1[1],1[1],5120[5120],14336[14336],TILE,BFLOAT16,DEV_0_DRAM_WIDTH_SHARDED,,,,,,,,,,,,,,,,,,,,,,1[1],1[1],32[32],14336[14336],TILE,BFLOAT16,DEV_0_L1_WIDTH_SHARDED,,,,,,,,,,,,,,,,,['ttnn/cpp/ttnn/operations/matmul/device/kernels/compute/bmm_large_block_zm_fused_bias_activation.cpp'],['bmm_large_block_zm_fused_bias_activation/1394846316394388057/'],['ttnn/cpp/ttnn/operations/matmul/device/kernels/dataflow/reader_bmm_tile_layout_in1_sender_dram_sharded.cpp'; 'ttnn/cpp/ttnn/operations/matmul/device/kernels/dataflow/reader_bmm_tile_layout_in0_sender_dram_sharded.cpp'],['reader_bmm_tile_layout_in1_sender_dram_sharded/10023605166917109704/'; 'reader_bmm_tile_layout_in0_sender_dram_sharded/15712585685845745437/'],3822365510990928242,False,1732,1532,2164,2252,3512,0,0,0,0,267028,15447,267028,[1.2271372079849243; 549.7575073242188],[3.4359841346740723],5.229,,,,,,,97115
SliceDeviceOperation,tt_dnn_device,29699,3,blackhole,"{'num_devices': 'std::nullopt'; 'output_mem_config': 'MemoryConfig(memory_layout=TensorMemoryLayout::WIDTH_SHARDED;buffer_type=BufferType::L1;shard_spec=ShardSpec{grid=[{""start"":{""x"":0;""y"":0};""end"":{""x"":7;""y"":0}]; shape=[32; 1792]; orientation=ShardOrientation::ROW_MAJOR};nd_shard_spec={""shard_shape"":[32; 1792];""grid"":[{""start"":{""x"":0;""y"":0};""end"":{""x"":7;""y"":0}}];""orientation"":""ShardOrientation::ROW_MAJOR"";""shard_distribution_strategy"":""ShardDistributionStrategy::ROUND_ROBIN_1D""};created_with_nd_shard_spec=0)'; 'slice_dim': 'std::nullopt'; 'slice_end': 'Shape([1; 1; 32; 8192])'; 'slice_start': 'Shape([0; 0; 0; 0])'; 'step': 'Shape([1; 1; 1; 1])'; 'sub_core_grids': 'std::nullopt'; 'use_tensor_args': 'false'}",,110,110,,,10898879508,10898944412,64904,13859482652439,13859482659753,1785073,1785073,5418,4830,4830,,,,166,4813,3464,,,,,,,,,1[1],1[1],32[32],14336[14336],TILE,BFLOAT16,DEV_0_L1_WIDTH_SHARDED,,,,,,,,,,,,,,,,,,,,,,,,,,,,,1[1],1[1],32[32],8192[8192],TILE,BFLOAT16,DEV_0_L1_WIDTH_SHARDED,,,,,,,,,,,,,,,,,[],[],['ttnn/cpp/ttnn/operations/data_movement/slice/device/kernels/dataflow/writer_unary_interleaved_start_id.cpp'; 'ttnn/cpp/ttnn/operations/data_movement/slice/device/kernels/dataflow/reader_unary_unpad_dims_interleaved_start_id.cpp'],['writer_unary_interleaved_start_id/5921807640014258885/'; 'reader_unary_unpad_dims_interleaved_start_id/1642534171694608853/'],7277254878222162615,False,752,832,0,0,0,0,0,0,0,749,749,1,[1224.971923828125],[699.9840087890625],15.507,,,,,,,64904
SliceDeviceOperation,tt_dnn_device,30723,3,blackhole,"{'num_devices': 'std::nullopt'; 'output_mem_config': 'MemoryConfig(memory_layout=TensorMemoryLayout::WIDTH_SHARDED;buffer_type=BufferType::L1;shard_spec=ShardSpec{grid=[{""start"":{""x"":0;""y"":0};""end"":{""x"":7;""y"":0}]; shape=[32; 1792]; orientation=ShardOrientation::ROW_MAJOR};nd_shard_spec={""shard_shape"":[32; 1792];""grid"":[{""start"":{""x"":0;""y"":0};""end"":{""x"":7;""y"":0}}];""orientation"":""ShardOrientation::ROW_MAJOR"";""shard_distribution_strategy"":""ShardDistributionStrategy::ROUND_ROBIN_1D""};created_with_nd_shard_spec=0)'; 'slice_dim': 'std::nullopt'; 'slice_end': 'Shape([1; 1; 32; 14336])'; 'slice_start': 'Shape([0; 0; 0; 8192])'; 'step': 'Shape([1; 1; 1; 1])'; 'sub_core_grids': 'std::nullopt'; 'use_tensor_args': 'false'}",,110,110,,,10900210137,10900261945,51808,13859484449222,13859484456045,1326235,1326235,5054,4473,4473,,,,170,4473,4172,,,,,,,,,1[1],1[1],32[32],14336[14336],TILE,BFLOAT16,DEV_0_L1_WIDTH_SHARDED,,,,,,,,,,,,,,,,,,,,,,,,,,,,,1[1],1[1],32[32],6144[6144],TILE,BFLOAT16,DEV_0_L1_WIDTH_SHARDED,,,,,,,,,,,,,,,,,[],[],['ttnn/cpp/ttnn/operations/data_movement/slice/device/kernels/dataflow/writer_unary_interleaved_start_id.cpp'; 'ttnn/cpp/ttnn/operations/data_movement/slice/device/kernels/dataflow/reader_unary_unpad_dims_interleaved_start_id.cpp'],['writer_unary_interleaved_start_id/9044340460985149967/'; 'reader_unary_unpad_dims_interleaved_start_id/1642534171694608853/'],16691633533172188961,False,784,832,0,0,0,0,0,0,0,637,637,1,[1440.3516845703125],[617.2935791015625],14.241,,,,,,,51808
ShardedToInterleavedDeviceOperation,tt_dnn_device,31747,3,blackhole,{'num_slices': '1'; 'output_dtype': 'DataType::BFLOAT16'; 'output_mem_config': 'MemoryConfig(memory_layout=TensorMemoryLayout::INTERLEAVED;buffer_type=BufferType::L1;shard_spec=std::nullopt;nd_shard_spec=std::nullopt;created_with_nd_shard_spec=0)'; 'slice_index': '0'},,5,110,,,10902012765,10902049575,36810,13859486878695,13859486882351,1795056,1795056,2708,2200,2200,,,,37,2196,67,,,,,,,,,1[1],1[1],32[32],8192[8192],TILE,BFLOAT16,DEV_0_L1_WIDTH_SHARDED,,,,,,,,,,,,,,,,,,,,,,,,,,,,,1[1],1[1],32[32],8192[8192],TILE,BFLOAT16,DEV_0_L1_INTERLEAVED,,,,,,,,,,,,,,,,,[],[],['ttnn/cpp/ttnn/operations/data_movement/sharded/device/kernels/dataflow/writer_unary_sharded_blocks_interleaved_start_id.cpp'; 'ttnn/cpp/ttnn/operations/eltwise/unary/device/kernels/dataflow/reader_unary_sharded.cpp'],['writer_unary_sharded_blocks_interleaved_start_id/16059180068886764439/'; 'reader_unary_sharded/5324219487655416857/'],9346686309946751824,False,920,404,0,0,0,0,0,0,0,1,1,1,[],[],0.045,,,,,,,36810
NLPCreateQKVHeadsDecodeDeviceOperation,tt_dnn_device,32771,3,blackhole,"{'head_dim': '256'; 'input_on_subcoregrids': 'false'; 'num_kv_heads': '4'; 'num_q_heads': '24'; 'output_mem_config': 'MemoryConfig(memory_layout=TensorMemoryLayout::HEIGHT_SHARDED;buffer_type=BufferType::L1;shard_spec=ShardSpec{grid=[{""start"":{""x"":0;""y"":0};""end"":{""x"":7;""y"":3}]; shape=[0; 0]; orientation=ShardOrientation::ROW_MAJOR};nd_shard_spec=std::nullopt;created_with_nd_shard_spec=0)'; 'overlap_qk_coregrid': 'true'; 'slice_size': 'std::nullopt'}",,32,110,,,10903950571,10903995507,44936,13859489489017,13859489510789,1931482,1931482,16127,15532,15532,,,,187,15469,15494,,,,,,,,,1[1],1[1],32[32],8192[8192],TILE,BFLOAT16,DEV_0_L1_INTERLEAVED,,,,,,,,,,,,,,,,,,,,,,,,,,,,,1[1],32[32],32[24],256[256],TILE,BFLOAT16,DEV_0_L1_HEIGHT_SHARDED,1[1],32[32],32[4],256[256],TILE,BFLOAT16,DEV_0_L1_HEIGHT_SHARDED,1[1],32[32],32[4],256[256],TILE,BFLOAT16,DEV_0_L1_HEIGHT_SHARDED,,,[],[],['ttnn/cpp/ttnn/operations/experimental/transformer/nlp_create_qkv_heads_decode/device/kernels/reader_interleaved_tm_tile_layout_nlp_create_qkv_heads_decode.cpp'],['reader_interleaved_tm_tile_layout_nlp_create_qkv_heads_decode/14976168462045345277/'],12276478972524758985,False,1144,1152,0,0,0,0,0,0,0,1,1,1,[],[],0.006,,,,,,,44936
ShardedToInterleavedDeviceOperation,tt_dnn_device,33795,3,blackhole,{'num_slices': '1'; 'output_dtype': 'DataType::BFLOAT16'; 'output_mem_config': 'MemoryConfig(memory_layout=TensorMemoryLayout::INTERLEAVED;buffer_type=BufferType::DRAM;shard_spec=std::nullopt;nd_shard_spec=std::nullopt;created_with_nd_shard_spec=0)'; 'slice_index': '0'},,32,110,,,10905174325,10905207859,33534,13859491146447,13859491150640,1212069,1212069,3106,2545,2545,,,,149,2529,186,,,,,,,,,1[1],32[32],32[24],256[256],TILE,BFLOAT16,DEV_0_L1_HEIGHT_SHARDED,,,,,,,,,,,,,,,,,,,,,,,,,,,,,1[1],32[32],32[24],256[256],TILE,BFLOAT16,DEV_0_DRAM_INTERLEAVED,,,,,,,,,,,,,,,,,[],[],['ttnn/cpp/ttnn/operations/data_movement/sharded/device/kernels/dataflow/writer_unary_sharded_blocks_interleaved_start_id.cpp'; 'ttnn/cpp/ttnn/operations/eltwise/unary/device/kernels/dataflow/reader_unary_sharded.cpp'],['writer_unary_sharded_blocks_interleaved_start_id/5884187274843898850/'; 'reader_unary_sharded/5324219487655416857/'],1444912895069863332,False,880,404,0,0,0,0,0,0,0,1,1,1,[],[],0.039,,,,,,,33534
ReshapeViewDeviceOperation,tt_dnn_device,34819,3,blackhole,{'logical_output_shape': 'Shape([1; 768; 256])'; 'output_mem_config': 'MemoryConfig(memory_layout=TensorMemoryLayout::INTERLEAVED;buffer_type=BufferType::DRAM;shard_spec=std::nullopt;nd_shard_spec=std::nullopt;created_with_nd_shard_spec=0)'; 'padded_output_shape': 'Shape([1; 768; 256])'; 'recreate_mapping_tensor': 'false'; 'sub_core_grid': 'std::nullopt'},,110,110,,,10909710899,10909752308,41409,13859497275087,13859497292521,4537297,4537297,12914,12315,12315,,,,176,12300,11158,,,,,,,,,1[1],32[32],32[24],256[256],TILE,BFLOAT16,DEV_0_DRAM_INTERLEAVED,,,,,,,,,,,,,,,,,,,,,,,,,,,,,1[1],1[1],768[768],256[256],TILE,BFLOAT16,DEV_0_DRAM_INTERLEAVED,,,,,,,,,,,,,,,,,[],[],['ttnn/cpp/ttnn/operations/data_movement/reshape_view/device/device/dataflow/writer_reshape_tiled.cpp'; 'ttnn/cpp/ttnn/operations/data_movement/reshape_view/device/device/dataflow/reader_reshape_tiled.cpp'],['writer_reshape_tiled/13182483808324967346/'; 'reader_reshape_tiled/14551982680914051584/'],15909706510421889610,False,1756,980,0,0,0,0,0,0,0,1,1,1,[],[],0.008,,,,,,,41409
LayerNormDeviceOperation,tt_dnn_device,35843,3,blackhole,{'compute_kernel_config': 'ComputeKernelConfig(math_fidelity=HiFi4;math_approx_mode=1;fp32_dest_acc_en=0;packer_l1_acc=0;dst_full_sync_en=0;throttle_level=ThrottleLevel::NO_THROTTLE)'; 'distributed_norm_stage': 'DistributedLayerNormStage::NOT_DISTRIBUTED'; 'dtype': 'std::nullopt'; 'eps': '1e-06'; 'fused_activation': 'std::nullopt'; 'norm_type': 'LayerNormType::RMSNORM'; 'output_mem_config': 'MemoryConfig(memory_layout=TensorMemoryLayout::INTERLEAVED;buffer_type=BufferType::DRAM;shard_spec=std::nullopt;nd_shard_spec=std::nullopt;created_with_nd_shard_spec=0)'; 'program_config': 'LayerNormDefaultProgramConfig(legacy_reduction=0;legacy_rsqrt=0;use_welford=0)'},HiFi4,24,110,,,10913817532,10913869090,51558,13859502815839,13859502826604,4091918,4092305,7974,7167,7161,,,,256,7159,2995,5673,5614,6006,,,,,,1[1],1[1],768[768],256[256],TILE,BFLOAT16,DEV_0_DRAM_INTERLEAVED,1[1],1[1],32[1],256[256],TILE,BFLOAT16,DEV_0_DRAM_INTERLEAVED,,,,,,,,,,,,,,,,,,,,,,1[1],1[1],768[768],256[256],TILE,BFLOAT16,DEV_0_DRAM_INTERLEAVED,,,,,,,,,,,,,,,,,['ttnn/cpp/ttnn/operations/normalization/layernorm/device/kernels/compute/layernorm.cpp'],['layernorm/16895465064458394952/'],['ttnn/cpp/ttnn/operations/normalization/layernorm/device/kernels/dataflow/writer_unary_interleaved_start_id_blocked.cpp'; 'ttnn/cpp/ttnn/operations/normalization/layernorm/device/kernels/dataflow/reader_unary_interleaved_ln.cpp'],['writer_unary_interleaved_start_id_blocked/7143009526625848983/'; 'reader_unary_interleaved_ln/8099106704880507079/'],1652350744941770450,False,812,1684,3244,2748,4916,0,0,0,0,1,1,1,[],[],0.014,,,,,,,51558
ReshapeViewDeviceOperation,tt_dnn_device,36867,3,blackhole,{'logical_output_shape': 'Shape([32; 24; 256])'; 'output_mem_config': 'MemoryConfig(memory_layout=TensorMemoryLayout::INTERLEAVED;buffer_type=BufferType::DRAM;shard_spec=std::nullopt;nd_shard_spec=std::nullopt;created_with_nd_shard_spec=0)'; 'padded_output_shape': 'Shape([32; 32; 256])'; 'recreate_mapping_tensor': 'false'; 'sub_core_grid': 'std::nullopt'},,110,110,,,10918262821,10918301956,39135,13859508819414,13859508839099,4439765,4439765,14581,13975,13975,,,,171,13938,12909,,,,,,,,,1[1],1[1],768[768],256[256],TILE,BFLOAT16,DEV_0_DRAM_INTERLEAVED,,,,,,,,,,,,,,,,,,,,,,,,,,,,,1[1],32[32],32[24],256[256],TILE,BFLOAT16,DEV_0_DRAM_INTERLEAVED,,,,,,,,,,,,,,,,,[],[],['ttnn/cpp/ttnn/operations/data_movement/reshape_view/device/device/dataflow/writer_reshape_tiled.cpp'; 'ttnn/cpp/ttnn/operations/data_movement/reshape_view/device/device/dataflow/reader_reshape_tiled.cpp'],['writer_reshape_tiled/4267096035403228190/'; 'reader_reshape_tiled/11173047033745705692/'],6731557559745108396,False,1756,980,0,0,0,0,0,0,0,1,1,1,[],[],0.007,,,,,,,39135
ShardedToInterleavedDeviceOperation,tt_dnn_device,37891,3,blackhole,{'num_slices': '1'; 'output_dtype': 'DataType::BFLOAT16'; 'output_mem_config': 'MemoryConfig(memory_layout=TensorMemoryLayout::INTERLEAVED;buffer_type=BufferType::DRAM;shard_spec=std::nullopt;nd_shard_spec=std::nullopt;created_with_nd_shard_spec=0)'; 'slice_index': '0'},,32,110,,,10918497679,10918528307,30628,13859509132121,13859509136387,217591,217591,3160,2607,2607,,,,146,2585,185,,,,,,,,,1[1],32[32],32[4],256[256],TILE,BFLOAT16,DEV_0_L1_HEIGHT_SHARDED,,,,,,,,,,,,,,,,,,,,,,,,,,,,,1[1],32[32],32[4],256[256],TILE,BFLOAT16,DEV_0_DRAM_INTERLEAVED,,,,,,,,,,,,,,,,,[],[],['ttnn/cpp/ttnn/operations/data_movement/sharded/device/kernels/dataflow/writer_unary_sharded_blocks_interleaved_start_id.cpp'; 'ttnn/cpp/ttnn/operations/eltwise/unary/device/kernels/dataflow/reader_unary_sharded.cpp'],['writer_unary_sharded_blocks_interleaved_start_id/5884187274843898850/'; 'reader_unary_sharded/5324219487655416857/'],9475479325896642428,False,880,404,0,0,0,0,0,0,0,1,1,1,[],[],0.038,,,,,,,30628
ReshapeViewDeviceOperation,tt_dnn_device,38915,3,blackhole,{'logical_output_shape': 'Shape([1; 128; 256])'; 'output_mem_config': 'MemoryConfig(memory_layout=TensorMemoryLayout::INTERLEAVED;buffer_type=BufferType::DRAM;shard_spec=std::nullopt;nd_shard_spec=std::nullopt;created_with_nd_shard_spec=0)'; 'padded_output_shape': 'Shape([1; 128; 256])'; 'recreate_mapping_tensor': 'false'; 'sub_core_grid': 'std::nullopt'},,32,110,,,10919180792,10919211190,30398,13859510056356,13859510068932,682398,682398,9316,8344,8344,,,,98,8342,7715,,,,,,,,,1[1],32[32],32[4],256[256],TILE,BFLOAT16,DEV_0_DRAM_INTERLEAVED,,,,,,,,,,,,,,,,,,,,,,,,,,,,,1[1],1[1],128[128],256[256],TILE,BFLOAT16,DEV_0_DRAM_INTERLEAVED,,,,,,,,,,,,,,,,,[],[],['ttnn/cpp/ttnn/operations/data_movement/reshape_view/device/device/dataflow/writer_reshape_tiled.cpp'; 'ttnn/cpp/ttnn/operations/data_movement/reshape_view/device/device/dataflow/reader_reshape_tiled.cpp'],['writer_reshape_tiled/4267096035403228190/'; 'reader_reshape_tiled/11173047033745705692/'],5720430618323062996,False,1756,980,0,0,0,0,0,0,0,1,1,1,[],[],0.012,,,,,,,30398
LayerNormDeviceOperation,tt_dnn_device,39939,3,blackhole,{'compute_kernel_config': 'ComputeKernelConfig(math_fidelity=HiFi4;math_approx_mode=1;fp32_dest_acc_en=0;packer_l1_acc=0;dst_full_sync_en=0;throttle_level=ThrottleLevel::NO_THROTTLE)'; 'distributed_norm_stage': 'DistributedLayerNormStage::NOT_DISTRIBUTED'; 'dtype': 'std::nullopt'; 'eps': '1e-06'; 'fused_activation': 'std::nullopt'; 'norm_type': 'LayerNormType::RMSNORM'; 'output_mem_config': 'MemoryConfig(memory_layout=TensorMemoryLayout::INTERLEAVED;buffer_type=BufferType::DRAM;shard_spec=std::nullopt;nd_shard_spec=std::nullopt;created_with_nd_shard_spec=0)'; 'program_config': 'LayerNormDefaultProgramConfig(legacy_reduction=0;legacy_rsqrt=0;use_welford=0)'},HiFi4,4,110,,,10919389751,10919430508,40757,13859510337490,13859510346354,199462,199594,6566,6041,5916,,,,253,5834,2098,4973,5071,5272,,,,,,1[1],1[1],128[128],256[256],TILE,BFLOAT16,DEV_0_DRAM_INTERLEAVED,1[1],1[1],32[1],256[256],TILE,BFLOAT16,DEV_0_DRAM_INTERLEAVED,,,,,,,,,,,,,,,,,,,,,,1[1],1[1],128[128],256[256],TILE,BFLOAT16,DEV_0_DRAM_INTERLEAVED,,,,,,,,,,,,,,,,,['ttnn/cpp/ttnn/operations/normalization/layernorm/device/kernels/compute/layernorm.cpp'],['layernorm/16895465064458394952/'],['ttnn/cpp/ttnn/operations/normalization/layernorm/device/kernels/dataflow/writer_unary_interleaved_start_id_blocked.cpp'; 'ttnn/cpp/ttnn/operations/normalization/layernorm/device/kernels/dataflow/reader_unary_interleaved_ln.cpp'],['writer_unary_interleaved_start_id_blocked/7143009526625848983/'; 'reader_unary_interleaved_ln/8099106704880507079/'],16889659546907436469,False,812,1684,3244,2748,4916,0,0,0,0,1,1,1,[],[],0.017,,,,,,,40757
ReshapeViewDeviceOperation,tt_dnn_device,40963,3,blackhole,{'logical_output_shape': 'Shape([32; 4; 256])'; 'output_mem_config': 'MemoryConfig(memory_layout=TensorMemoryLayout::INTERLEAVED;buffer_type=BufferType::DRAM;shard_spec=std::nullopt;nd_shard_spec=std::nullopt;created_with_nd_shard_spec=0)'; 'padded_output_shape': 'Shape([32; 32; 256])'; 'recreate_mapping_tensor': 'false'; 'sub_core_grid': 'std::nullopt'},,110,110,,,10921720556,10921754932,34376,13859513482088,13859513491283,2323340,2323340,6811,6214,6214,,,,167,6177,5601,,,,,,,,,1[1],1[1],128[128],256[256],TILE,BFLOAT16,DEV_0_DRAM_INTERLEAVED,,,,,,,,,,,,,,,,,,,,,,,,,,,,,1[1],32[32],32[4],256[256],TILE,BFLOAT16,DEV_0_DRAM_INTERLEAVED,,,,,,,,,,,,,,,,,[],[],['ttnn/cpp/ttnn/operations/data_movement/reshape_view/device/device/dataflow/writer_reshape_tiled.cpp'; 'ttnn/cpp/ttnn/operations/data_movement/reshape_view/device/device/dataflow/reader_reshape_tiled.cpp'],['writer_reshape_tiled/12368214256246539075/'; 'reader_reshape_tiled/16940989163707313407/'],7601534649345901260,False,1756,980,0,0,0,0,0,0,0,1,1,1,[],[],0.016,,,,,,,34376
SliceDeviceOperation,tt_dnn_device,41987,3,blackhole,{'num_devices': 'std::nullopt'; 'output_mem_config': 'MemoryConfig(memory_layout=TensorMemoryLayout::INTERLEAVED;buffer_type=BufferType::DRAM;shard_spec=std::nullopt;nd_shard_spec=std::nullopt;created_with_nd_shard_spec=0)'; 'slice_dim': 'std::nullopt'; 'slice_end': 'Shape([1; 32; 32; 64])'; 'slice_start': 'Shape([0; 0; 0; 0])'; 'step': 'Shape([1; 1; 1; 1])'; 'sub_core_grids': 'std::nullopt'; 'use_tensor_args': 'false'},,64,110,,,10923578050,10923625881,47831,13859515995501,13859515999513,1855692,1855692,2972,1976,1976,,,,136,1976,1719,,,,,,,,,1[1],32[32],32[24],256[256],TILE,BFLOAT16,DEV_0_DRAM_INTERLEAVED,,,,,,,,,,,,,,,,,,,,,,,,,,,,,1[1],32[32],32[32],64[64],TILE,BFLOAT16,DEV_0_DRAM_INTERLEAVED,,,,,,,,,,,,,,,,,[],[],['ttnn/cpp/ttnn/operations/data_movement/slice/device/kernels/dataflow/writer_unary_interleaved_start_id.cpp'; 'ttnn/cpp/ttnn/operations/data_movement/slice/device/kernels/dataflow/reader_unary_unpad_dims_interleaved_start_id.cpp'],['writer_unary_interleaved_start_id/11396476643056635318/'; 'reader_unary_unpad_dims_interleaved_start_id/15985850001773238796/'],17871848804063853965,False,680,716,0,0,0,0,0,0,0,953,800,953,[550.144775390625],[137.53619384765625],40.486,,,,,,,47831
SliceDeviceOperation,tt_dnn_device,43011,3,blackhole,{'num_devices': 'std::nullopt'; 'output_mem_config': 'MemoryConfig(memory_layout=TensorMemoryLayout::INTERLEAVED;buffer_type=BufferType::DRAM;shard_spec=std::nullopt;nd_shard_spec=std::nullopt;created_with_nd_shard_spec=0)'; 'slice_dim': 'std::nullopt'; 'slice_end': 'Shape([1; 32; 32; 256])'; 'slice_start': 'Shape([0; 0; 0; 64])'; 'step': 'Shape([1; 1; 1; 1])'; 'sub_core_grids': 'std::nullopt'; 'use_tensor_args': 'false'},,110,110,,,10923945871,10923982241,36370,13859516492510,13859516497511,365737,365737,3704,3116,3116,,,,162,3108,2833,,,,,,,,,1[1],32[32],32[24],256[256],TILE,BFLOAT16,DEV_0_DRAM_INTERLEAVED,,,,,,,,,,,,,,,,,,,,,,,,,,,,,1[1],32[32],32[32],192[192],TILE,BFLOAT16,DEV_0_DRAM_INTERLEAVED,,,,,,,,,,,,,,,,,[],[],['ttnn/cpp/ttnn/operations/data_movement/slice/device/kernels/dataflow/writer_unary_interleaved_start_id.cpp'; 'ttnn/cpp/ttnn/operations/data_movement/slice/device/kernels/dataflow/reader_unary_unpad_dims_interleaved_start_id.cpp'],['writer_unary_interleaved_start_id/11396476643056635318/'; 'reader_unary_unpad_dims_interleaved_start_id/15985850001773238796/'],4548232931316502020,False,680,716,0,0,0,0,0,0,0,1578,1578,953,[332.2484130859375],[249.18630981445312],50.642,,,,,,,36370
EmbeddingsDeviceOperation,tt_dnn_device,44035,3,blackhole,{'embeddings_type': 'EmbeddingsType::GENERIC'; 'output_mem_config': 'MemoryConfig(memory_layout=TensorMemoryLayout::INTERLEAVED;buffer_type=BufferType::DRAM;shard_spec=std::nullopt;nd_shard_spec=std::nullopt;created_with_nd_shard_spec=0)'; 'pad_token': 'std::nullopt'; 'tilized': 'true'},HiFi4,1,110,,,10927600382,10927640228,39846,13859521420667,13859521424539,3646862,3646862,2868,2316,2316,,,,41,2276,1722,1790,139,446,,,,,,1[1],1[1],1[1],32[32],ROW_MAJOR,UINT32,DEV_0_DRAM_INTERLEAVED,1[1],1[1],64[64],64[64],ROW_MAJOR,BFLOAT16,DEV_0_DRAM_INTERLEAVED,,,,,,,,,,,,,,,,,,,,,,1[1],1[1],32[32],64[64],TILE,BFLOAT16,DEV_0_DRAM_INTERLEAVED,,,,,,,,,,,,,,,,,['ttnn/cpp/ttnn/operations/data_movement/tilize/device/kernels/compute/tilize.cpp'],['tilize/15561397870479518719/'],['ttnn/cpp/ttnn/operations/eltwise/unary/device/kernels/dataflow/writer_unary_interleaved_start_id.cpp'; 'ttnn/cpp/ttnn/operations/embedding/device/kernels/dataflow/embeddings_tilize.cpp'],['writer_unary_interleaved_start_id/12519382152844191636/'; 'embeddings_tilize/17157527885346713029/'],371358654529448368,False,1000,872,1168,768,2008,0,0,0,0,1,1,1,[],[],0.043,,,,,,,39846
EmbeddingsDeviceOperation,tt_dnn_device,45059,3,blackhole,{'embeddings_type': 'EmbeddingsType::GENERIC'; 'output_mem_config': 'MemoryConfig(memory_layout=TensorMemoryLayout::INTERLEAVED;buffer_type=BufferType::DRAM;shard_spec=std::nullopt;nd_shard_spec=std::nullopt;created_with_nd_shard_spec=0)'; 'pad_token': 'std::nullopt'; 'tilized': 'true'},HiFi4,1,110,,,10927680425,10927681547,1122,13859521529023,13859521532881,77961,77939,2858,2307,2301,,,,31,2276,1706,1789,107,423,,,,,,1[1],1[1],1[1],32[32],ROW_MAJOR,UINT32,DEV_0_DRAM_INTERLEAVED,1[1],1[1],64[64],64[64],ROW_MAJOR,BFLOAT16,DEV_0_DRAM_INTERLEAVED,,,,,,,,,,,,,,,,,,,,,,1[1],1[1],32[32],64[64],TILE,BFLOAT16,DEV_0_DRAM_INTERLEAVED,,,,,,,,,,,,,,,,,['ttnn/cpp/ttnn/operations/data_movement/tilize/device/kernels/compute/tilize.cpp'],['tilize/15561397870479518719/'],['ttnn/cpp/ttnn/operations/eltwise/unary/device/kernels/dataflow/writer_unary_interleaved_start_id.cpp'; 'ttnn/cpp/ttnn/operations/embedding/device/kernels/dataflow/embeddings_tilize.cpp'],['writer_unary_interleaved_start_id/12519382152844191636/'; 'embeddings_tilize/17157527885346713029/'],371358654529448368,False,1000,872,1168,768,2008,0,0,0,0,1,1,1,[],[],0.043,,,,,,,1122
TransposeDeviceOperation,tt_dnn_device,46083,3,blackhole,{'dim': 'TransposeOpDim::HC'; 'output_mem_config': 'MemoryConfig(memory_layout=TensorMemoryLayout::INTERLEAVED;buffer_type=BufferType::DRAM;shard_spec=std::nullopt;nd_shard_spec=std::nullopt;created_with_nd_shard_spec=0)'; 'pad_value': '0'},,110,110,,,10929567564,10929609514,41950,13859524081556,13859524086561,1888313,1888313,3707,3116,3116,,,,169,3099,870,,,,,,,,,1[1],1[1],32[32],64[64],TILE,BFLOAT16,DEV_0_DRAM_INTERLEAVED,,,,,,,,,,,,,,,,,,,,,,,,,,,,,1[1],32[32],32[1],64[64],TILE,BFLOAT16,DEV_0_DRAM_INTERLEAVED,,,,,,,,,,,,,,,,,[],[],['ttnn/cpp/ttnn/operations/data_movement/transpose/device/kernels/dataflow/writer_unary_transpose_hc_interleaved_tiled_padding_aware.cpp'; 'ttnn/cpp/ttnn/operations/data_movement/transpose/device/kernels/dataflow/reader_unary_transpose_hc_interleaved_tiled_padding_aware.cpp'],['writer_unary_transpose_hc_interleaved_tiled_padding_aware/11725805932830264874/'; 'reader_unary_transpose_hc_interleaved_tiled_padding_aware/4505066741605229875/'],17572025619158561361,False,1212,740,0,0,0,0,0,0,0,837,837,238,[4.893667697906494],[156.5973663330078],26.861,,,,,,,41950
TransposeDeviceOperation,tt_dnn_device,47107,3,blackhole,{'dim': 'TransposeOpDim::HC'; 'output_mem_config': 'MemoryConfig(memory_layout=TensorMemoryLayout::INTERLEAVED;buffer_type=BufferType::DRAM;shard_spec=std::nullopt;nd_shard_spec=std::nullopt;created_with_nd_shard_spec=0)'; 'pad_value': '0'},,110,110,,,10929654640,10929655532,892,13859524198611,13859524203616,83589,83589,3707,3110,3110,,,,164,3107,867,,,,,,,,,1[1],1[1],32[32],64[64],TILE,BFLOAT16,DEV_0_DRAM_INTERLEAVED,,,,,,,,,,,,,,,,,,,,,,,,,,,,,1[1],32[32],32[1],64[64],TILE,BFLOAT16,DEV_0_DRAM_INTERLEAVED,,,,,,,,,,,,,,,,,[],[],['ttnn/cpp/ttnn/operations/data_movement/transpose/device/kernels/dataflow/writer_unary_transpose_hc_interleaved_tiled_padding_aware.cpp'; 'ttnn/cpp/ttnn/operations/data_movement/transpose/device/kernels/dataflow/reader_unary_transpose_hc_interleaved_tiled_padding_aware.cpp'],['writer_unary_transpose_hc_interleaved_tiled_padding_aware/11725805932830264874/'; 'reader_unary_transpose_hc_interleaved_tiled_padding_aware/4505066741605229875/'],17572025619158561361,False,1212,740,0,0,0,0,0,0,0,837,837,238,[4.893667697906494],[156.5973663330078],26.913,,,,,,,892
UntilizeWithUnpaddingDeviceOperation,tt_dnn_device,48131,3,blackhole,{'enough_space_height': 'true'; 'fp32_dest_acc_en': 'false'; 'output_mem_config': 'MemoryConfig(memory_layout=TensorMemoryLayout::INTERLEAVED;buffer_type=BufferType::DRAM;shard_spec=std::nullopt;nd_shard_spec=std::nullopt;created_with_nd_shard_spec=0)'; 'output_tensor_end': 'Shape([0; 31; 0; 63])'; 'sub_core_grids': 'std::nullopt'; 'use_multicore': 'true'},HiFi4,32,110,,,10933790118,10933838421,48303,13859529792028,13859529795845,4139877,4140953,2827,1856,1855,,,,111,1854,1321,1376,1361,1661,,,,,,1[1],32[32],32[1],64[64],TILE,BFLOAT16,DEV_0_DRAM_INTERLEAVED,,,,,,,,,,,,,,,,,,,,,,,,,,,,,1[1],32[32],1[1],64[64],ROW_MAJOR,BFLOAT16,DEV_0_DRAM_INTERLEAVED,,,,,,,,,,,,,,,,,['ttnn/cpp/ttnn/operations/data_movement/untilize/device/kernels/compute/untilize.cpp'],['untilize/1326536449021772998/'],['ttnn/cpp/ttnn/operations/data_movement/untilize_with_unpadding/device/kernels/dataflow/writer_unary_stick_layout_split_rows_multicore.cpp'; 'ttnn/cpp/ttnn/operations/eltwise/unary/device/kernels/dataflow/reader_unary_interleaved_start_id.cpp'],['writer_unary_stick_layout_split_rows_multicore/14885018228999010243/'; 'reader_unary_interleaved_start_id/14429317243173019626/'],7182239935763104684,False,1564,924,1120,844,2564,0,0,0,0,1021,1021,238,[128.3760986328125],[4.011753082275391],55.011,,,,,,,48303
RepeatDeviceOperation,tt_dnn_device,49155,3,blackhole,{'m_is_last_dim': 'false'; 'm_num_repeats': '24'; 'm_output_mem_config': 'MemoryConfig(memory_layout=TensorMemoryLayout::INTERLEAVED;buffer_type=BufferType::DRAM;shard_spec=std::nullopt;nd_shard_spec=std::nullopt;created_with_nd_shard_spec=0)'; 'm_repeat_dim': '-1'; 'm_tile_higher_pages': '0'; 'm_tile_lower_pages': '0'; 'm_tile_page_size_bytes': '0'; 'm_tile_rep_dim_pages': '0'},,110,110,,,10935104005,10935145263,41258,13859531554828,13859531558002,1303180,1303180,2351,1741,1741,,,,164,,1741,,,,,,,,,32[32],1[1],1[1],64[64],ROW_MAJOR,BFLOAT16,DEV_0_DRAM_INTERLEAVED,,,,,,,,,,,,,,,,,,,,,,,,,,,,,32[32],24[24],1[1],64[64],ROW_MAJOR,BFLOAT16,DEV_0_DRAM_INTERLEAVED,,,,,,,,,,,,,,,,,[],[],['ttnn/cpp/ttnn/operations/data_movement/repeat/device/kernels/repeat_higher_dim_rm_interleaved.cpp'],['repeat_higher_dim_rm_interleaved/6543187955838018786/'],11122816645256853601,False,0,1840,0,0,0,0,0,0,0,761,761,178,[5.382391452789307],[129.17739868164062],43.711,,,,,,,41258
TilizeWithValPaddingDeviceOperation,tt_dnn_device,50179,3,blackhole,{'enough_space_height': 'true'; 'enough_space_width': 'true'; 'output_dtype': 'DataType::BFLOAT16'; 'output_mem_config': 'MemoryConfig(memory_layout=TensorMemoryLayout::INTERLEAVED;buffer_type=BufferType::DRAM;shard_spec=std::nullopt;nd_shard_spec=std::nullopt;created_with_nd_shard_spec=0)'; 'output_padded_shape': 'Shape([1; 32; 32; 64])'; 'pad_value': '0'; 'sub_core_grids': 'std::nullopt'; 'use_multicore': 'true'},HiFi4,32,110,,,10938455778,10938507306,51528,13859536090651,13859536096083,3358636,3358066,4024,3049,3047,,,,132,3047,2030,2074,213,585,,,,,,1[1],32[32],24[24],64[64],ROW_MAJOR,BFLOAT16,DEV_0_DRAM_INTERLEAVED,,,,,,,,,,,,,,,,,,,,,,,,,,,,,1[1],32[32],32[24],64[64],TILE,BFLOAT16,DEV_0_DRAM_INTERLEAVED,,,,,,,,,,,,,,,,,['ttnn/cpp/ttnn/kernel/compute/tilize.cpp'],['tilize/6336681081206770840/'],['ttnn/cpp/ttnn/operations/eltwise/unary/device/kernels/dataflow/writer_unary_interleaved_start_id.cpp'; 'ttnn/cpp/ttnn/operations/data_movement/tilize_with_val_padding/device/kernels/dataflow/reader_unary_pad_dims_split_rows_multicore.cpp'],['writer_unary_interleaved_start_id/12823350331057913928/'; 'reader_unary_pad_dims_split_rows_multicore/14254742127114526387/'],207603029976631387,False,1000,1852,1168,768,2008,0,0,0,0,1,1,1,[],[],0.033,,,,,,,51528
UntilizeWithUnpaddingDeviceOperation,tt_dnn_device,51203,3,blackhole,{'enough_space_height': 'true'; 'fp32_dest_acc_en': 'false'; 'output_mem_config': 'MemoryConfig(memory_layout=TensorMemoryLayout::INTERLEAVED;buffer_type=BufferType::DRAM;shard_spec=std::nullopt;nd_shard_spec=std::nullopt;created_with_nd_shard_spec=0)'; 'output_tensor_end': 'Shape([0; 31; 0; 63])'; 'sub_core_grids': 'std::nullopt'; 'use_multicore': 'true'},HiFi4,32,110,,,10938581498,10938584423,2925,13859536254807,13859536258691,118533,118580,2877,1899,1899,,,,114,1899,1416,1457,1452,1759,,,,,,1[1],32[32],32[1],64[64],TILE,BFLOAT16,DEV_0_DRAM_INTERLEAVED,,,,,,,,,,,,,,,,,,,,,,,,,,,,,1[1],32[32],1[1],64[64],ROW_MAJOR,BFLOAT16,DEV_0_DRAM_INTERLEAVED,,,,,,,,,,,,,,,,,['ttnn/cpp/ttnn/operations/data_movement/untilize/device/kernels/compute/untilize.cpp'],['untilize/1326536449021772998/'],['ttnn/cpp/ttnn/operations/data_movement/untilize_with_unpadding/device/kernels/dataflow/writer_unary_stick_layout_split_rows_multicore.cpp'; 'ttnn/cpp/ttnn/operations/eltwise/unary/device/kernels/dataflow/reader_unary_interleaved_start_id.cpp'],['writer_unary_stick_layout_split_rows_multicore/14885018228999010243/'; 'reader_unary_interleaved_start_id/14429317243173019626/'],7182239935763104684,False,1564,924,1120,844,2564,0,0,0,0,1021,1021,238,[128.3760986328125],[4.011753082275391],53.765,,,,,,,2925
RepeatDeviceOperation,tt_dnn_device,52227,3,blackhole,{'m_is_last_dim': 'false'; 'm_num_repeats': '24'; 'm_output_mem_config': 'MemoryConfig(memory_layout=TensorMemoryLayout::INTERLEAVED;buffer_type=BufferType::DRAM;shard_spec=std::nullopt;nd_shard_spec=std::nullopt;created_with_nd_shard_spec=0)'; 'm_repeat_dim': '-1'; 'm_tile_higher_pages': '0'; 'm_tile_lower_pages': '0'; 'm_tile_page_size_bytes': '0'; 'm_tile_rep_dim_pages': '0'},,110,110,,,10938600845,10938602879,2034,13859536276433,13859536279570,13747,13747,2324,1710,1710,,,,164,,1710,,,,,,,,,32[32],1[1],1[1],64[64],ROW_MAJOR,BFLOAT16,DEV_0_DRAM_INTERLEAVED,,,,,,,,,,,,,,,,,,,,,,,,,,,,,32[32],24[24],1[1],64[64],ROW_MAJOR,BFLOAT16,DEV_0_DRAM_INTERLEAVED,,,,,,,,,,,,,,,,,[],[],['ttnn/cpp/ttnn/operations/data_movement/repeat/device/kernels/repeat_higher_dim_rm_interleaved.cpp'],['repeat_higher_dim_rm_interleaved/6543187955838018786/'],11122816645256853601,False,0,1840,0,0,0,0,0,0,0,761,761,178,[5.382391452789307],[129.17739868164062],44.503,,,,,,,2034
TilizeWithValPaddingDeviceOperation,tt_dnn_device,53251,3,blackhole,{'enough_space_height': 'true'; 'enough_space_width': 'true'; 'output_dtype': 'DataType::BFLOAT16'; 'output_mem_config': 'MemoryConfig(memory_layout=TensorMemoryLayout::INTERLEAVED;buffer_type=BufferType::DRAM;shard_spec=std::nullopt;nd_shard_spec=std::nullopt;created_with_nd_shard_spec=0)'; 'output_padded_shape': 'Shape([1; 32; 32; 64])'; 'pad_value': '0'; 'sub_core_grids': 'std::nullopt'; 'use_multicore': 'true'},HiFi4,32,110,,,10938619681,10938620713,1032,13859536313337,13859536318681,25987,25994,3959,2973,2973,,,,153,2964,1996,2040,207,579,,,,,,1[1],32[32],24[24],64[64],ROW_MAJOR,BFLOAT16,DEV_0_DRAM_INTERLEAVED,,,,,,,,,,,,,,,,,,,,,,,,,,,,,1[1],32[32],32[24],64[64],TILE,BFLOAT16,DEV_0_DRAM_INTERLEAVED,,,,,,,,,,,,,,,,,['ttnn/cpp/ttnn/kernel/compute/tilize.cpp'],['tilize/6336681081206770840/'],['ttnn/cpp/ttnn/operations/eltwise/unary/device/kernels/dataflow/writer_unary_interleaved_start_id.cpp'; 'ttnn/cpp/ttnn/operations/data_movement/tilize_with_val_padding/device/kernels/dataflow/reader_unary_pad_dims_split_rows_multicore.cpp'],['writer_unary_interleaved_start_id/12823350331057913928/'; 'reader_unary_pad_dims_split_rows_multicore/14254742127114526387/'],207603029976631387,False,1000,1852,1168,768,2008,0,0,0,0,1,1,1,[],[],0.034,,,,,,,1032
BinaryNgDeviceOperation,tt_dnn_device,54275,3,blackhole,{'atol': '0'; 'binary_op_type': 'BinaryOpType::MUL'; 'compute_kernel_config': 'std::nullopt'; 'dtype': 'DataType::BFLOAT16'; 'equal_nan': 'false'; 'input_dtype': 'DataType::BFLOAT16'; 'input_layout_a': 'Layout::TILE'; 'input_layout_b': 'Layout::TILE'; 'is_quant_op': 'false'; 'is_sfpu': 'true'; 'is_where_op': 'false'; 'lhs_activations': '{}'; 'memory_config': 'MemoryConfig(memory_layout=TensorMemoryLayout::INTERLEAVED;buffer_type=BufferType::DRAM;shard_spec=std::nullopt;nd_shard_spec=std::nullopt;created_with_nd_shard_spec=0)'; 'output_layout': 'Layout::TILE'; 'post_activations': '{}'; 'rhs_activations': '{}'; 'rtol': '0'; 'scalar': 'std::nullopt'; 'sub_core_grids': 'std::nullopt'; 'sub_device_id': 'std::nullopt'; 'subtile_broadcast_type': 'SubtileBroadcastType::NONE'; 'worker_grid': '{[0-0 - 10-9]}'},HiFi4,110,110,,,10942582469,10942650990,68521,13859541652191,13859541656214,3950924,3950924,2980,2399,2399,,,,181,2339,1381,1446,1956,413,,,,,,1[1],32[32],32[24],64[64],TILE,BFLOAT16,DEV_0_DRAM_INTERLEAVED,1[1],32[32],32[24],64[64],TILE,BFLOAT16,DEV_0_DRAM_INTERLEAVED,,,,,,,,,,,,,,,,,,,,,,1[1],32[32],32[24],64[64],TILE,BFLOAT16,DEV_0_DRAM_INTERLEAVED,,,,,,,,,,,,,,,,,['ttnn/cpp/ttnn/operations/eltwise/binary_ng/device/kernels/compute/eltwise_binary_sfpu_no_bcast.cpp'],['eltwise_binary_sfpu_no_bcast/5506180665876100763/'],['ttnn/cpp/ttnn/operations/eltwise/binary_ng/device/kernels_ng/dataflow/writer_interleaved_no_bcast.cpp'; 'ttnn/cpp/ttnn/operations/eltwise/binary_ng/device/kernels_ng/dataflow/reader_interleaved_no_bcast.cpp'],['writer_interleaved_no_bcast/13786176872452774081/'; 'reader_interleaved_no_bcast/13696495097517312790/'],1543498124224426579,False,1120,1644,1456,1200,1292,0,0,0,0,1,1,1,[],[],0.042,,,,,,,68521
SliceDeviceOperation,tt_dnn_device,55299,3,blackhole,{'num_devices': 'std::nullopt'; 'output_mem_config': 'MemoryConfig(memory_layout=TensorMemoryLayout::INTERLEAVED;buffer_type=BufferType::DRAM;shard_spec=std::nullopt;nd_shard_spec=std::nullopt;created_with_nd_shard_spec=0)'; 'slice_dim': 'std::nullopt'; 'slice_end': 'Shape([1; 32; 32; 64])'; 'slice_start': 'Shape([0; 0; 0; 32])'; 'step': 'Shape([1; 1; 1; 1])'; 'sub_core_grids': 'std::nullopt'; 'use_tensor_args': 'false'},,32,110,,,10942911567,10942952615,41048,13859542093231,13859542095978,324712,324712,2035,1066,1066,,,,104,1066,713,,,,,,,,,1[1],32[32],32[24],64[64],TILE,BFLOAT16,DEV_0_DRAM_INTERLEAVED,,,,,,,,,,,,,,,,,,,,,,,,,,,,,1[1],32[32],32[32],32[32],TILE,BFLOAT16,DEV_0_DRAM_INTERLEAVED,,,,,,,,,,,,,,,,,[],[],['ttnn/cpp/ttnn/operations/data_movement/slice/device/kernels/dataflow/writer_unary_interleaved_start_id.cpp'; 'ttnn/cpp/ttnn/operations/data_movement/slice/device/kernels/dataflow/reader_unary_unpad_dims_interleaved_start_id.cpp'],['writer_unary_interleaved_start_id/11396476643056635318/'; 'reader_unary_unpad_dims_interleaved_start_id/15985850001773238796/'],9890975877547808781,False,680,716,0,0,0,0,0,0,0,615,615,238,[213.1251983642578],[106.5625991821289],57.692,,,,,,,41048
UnaryDeviceOperation,tt_dnn_device,56323,3,blackhole,{'bfp8_pack_precise': 'false'; 'fp32_dest_acc_en': 'false'; 'memory_config': 'MemoryConfig(memory_layout=TensorMemoryLayout::INTERLEAVED;buffer_type=BufferType::DRAM;shard_spec=std::nullopt;nd_shard_spec=std::nullopt;created_with_nd_shard_spec=0)'; 'op_chain': '{BasicUnaryWithParam<float; int; unsigned int>(base=BasicUnaryWithParam<float>(op_type=UnaryOpType::NEG;param={}))}'; 'output_dtype': 'DataType::BFLOAT16'; 'preserve_fp32_precision': 'false'; 'sub_core_grids': 'std::nullopt'; 'worker_grid': '{[0-0 - 10-9]}'},HiFi4,110,110,,,10946829701,10946880648,50947,13859547385077,13859547387582,3918201,3918201,1856,1274,1274,,,,181,1254,713,727,798,426,,,,,,1[1],32[32],32[24],32[32],TILE,BFLOAT16,DEV_0_DRAM_INTERLEAVED,,,,,,,,,,,,,,,,,,,,,,,,,,,,,1[1],32[32],32[24],32[32],TILE,BFLOAT16,DEV_0_DRAM_INTERLEAVED,,,,,,,,,,,,,,,,,['ttnn/cpp/ttnn/operations/eltwise/unary/device/kernels/compute/eltwise_sfpu.cpp'],['eltwise_sfpu/10029696999261176038/'],['ttnn/cpp/ttnn/operations/eltwise/unary/device/kernels/dataflow/writer_unary.cpp'; 'ttnn/cpp/ttnn/operations/eltwise/unary/device/kernels/dataflow/reader_unary.cpp'],['writer_unary/17308908021593325674/'; 'reader_unary/7914283486036039746/'],7432247804833187099,False,1000,924,1060,872,1260,0,0,0,0,1,1,1,[],[],0.078,,,,,,,50947
SliceDeviceOperation,tt_dnn_device,57347,3,blackhole,{'num_devices': 'std::nullopt'; 'output_mem_config': 'MemoryConfig(memory_layout=TensorMemoryLayout::INTERLEAVED;buffer_type=BufferType::DRAM;shard_spec=std::nullopt;nd_shard_spec=std::nullopt;created_with_nd_shard_spec=0)'; 'slice_dim': 'std::nullopt'; 'slice_end': 'Shape([1; 32; 32; 32])'; 'slice_start': 'Shape([0; 0; 0; 0])'; 'step': 'Shape([1; 1; 1; 1])'; 'sub_core_grids': 'std::nullopt'; 'use_tensor_args': 'false'},,32,110,,,10947116618,10947156153,39535,13859547770148,13859547773002,284326,284326,2114,1154,1154,,,,104,1154,886,,,,,,,,,1[1],32[32],32[24],64[64],TILE,BFLOAT16,DEV_0_DRAM_INTERLEAVED,,,,,,,,,,,,,,,,,,,,,,,,,,,,,1[1],32[32],32[32],32[32],TILE,BFLOAT16,DEV_0_DRAM_INTERLEAVED,,,,,,,,,,,,,,,,,[],[],['ttnn/cpp/ttnn/operations/data_movement/slice/device/kernels/dataflow/writer_unary_interleaved_start_id.cpp'; 'ttnn/cpp/ttnn/operations/data_movement/slice/device/kernels/dataflow/reader_unary_unpad_dims_interleaved_start_id.cpp'],['writer_unary_interleaved_start_id/11396476643056635318/'; 'reader_unary_unpad_dims_interleaved_start_id/15985850001773238796/'],16501244617943493535,False,680,716,0,0,0,0,0,0,0,615,615,238,[213.1251983642578],[106.5625991821289],53.293,,,,,,,39535
ConcatDeviceOperation,tt_dnn_device,58371,3,blackhole,{'dim': '3'; 'groups': '1'; 'output_mem_config': 'MemoryConfig(memory_layout=TensorMemoryLayout::INTERLEAVED;buffer_type=BufferType::DRAM;shard_spec=std::nullopt;nd_shard_spec=std::nullopt;created_with_nd_shard_spec=0)'; 'sub_core_grids': 'std::nullopt'},,64,110,,,10949004529,10949049315,44786,13859550318232,13859550321358,1885941,1885941,2316,1296,1296,,,,130,1296,902,,,,,,,,,1[1],32[32],32[24],32[32],TILE,BFLOAT16,DEV_0_DRAM_INTERLEAVED,1[1],32[32],32[24],32[32],TILE,BFLOAT16,DEV_0_DRAM_INTERLEAVED,,,,,,,,,,,,,,,,,,,,,,1[1],32[32],32[24],64[64],TILE,BFLOAT16,DEV_0_DRAM_INTERLEAVED,,,,,,,,,,,,,,,,,[],[],['ttnn/cpp/ttnn/operations/eltwise/unary/device/kernels/dataflow/writer_unary_interleaved_start_id.cpp'; 'ttnn/cpp/ttnn/operations/data_movement/concat/device/kernels/dataflow/reader_concat_interleaved_start_id.cpp'],['writer_unary_interleaved_start_id/7768588342143663468/'; 'reader_concat_interleaved_start_id/6066128960684806623/'],14759600868043660041,False,1000,976,0,0,0,0,0,0,0,238,1,238,[275.3613586425781; 275.3613586425781],[550.7227172851562],0.077,,,,,,,44786
BinaryNgDeviceOperation,tt_dnn_device,59395,3,blackhole,{'atol': '0'; 'binary_op_type': 'BinaryOpType::MUL'; 'compute_kernel_config': 'std::nullopt'; 'dtype': 'DataType::BFLOAT16'; 'equal_nan': 'false'; 'input_dtype': 'DataType::BFLOAT16'; 'input_layout_a': 'Layout::TILE'; 'input_layout_b': 'Layout::TILE'; 'is_quant_op': 'false'; 'is_sfpu': 'true'; 'is_where_op': 'false'; 'lhs_activations': '{}'; 'memory_config': 'MemoryConfig(memory_layout=TensorMemoryLayout::INTERLEAVED;buffer_type=BufferType::DRAM;shard_spec=std::nullopt;nd_shard_spec=std::nullopt;created_with_nd_shard_spec=0)'; 'output_layout': 'Layout::TILE'; 'post_activations': '{}'; 'rhs_activations': '{}'; 'rtol': '0'; 'scalar': 'std::nullopt'; 'sub_core_grids': 'std::nullopt'; 'sub_device_id': 'std::nullopt'; 'subtile_broadcast_type': 'SubtileBroadcastType::NONE'; 'worker_grid': '{[0-0 - 10-9]}'},HiFi4,110,110,,,10949141470,10949143404,1934,13859550506709,13859550510777,137888,137873,3013,2417,2416,,,,182,2376,1387,1469,1965,402,,,,,,1[1],32[32],32[24],64[64],TILE,BFLOAT16,DEV_0_DRAM_INTERLEAVED,1[1],32[32],32[24],64[64],TILE,BFLOAT16,DEV_0_DRAM_INTERLEAVED,,,,,,,,,,,,,,,,,,,,,,1[1],32[32],32[24],64[64],TILE,BFLOAT16,DEV_0_DRAM_INTERLEAVED,,,,,,,,,,,,,,,,,['ttnn/cpp/ttnn/operations/eltwise/binary_ng/device/kernels/compute/eltwise_binary_sfpu_no_bcast.cpp'],['eltwise_binary_sfpu_no_bcast/5506180665876100763/'],['ttnn/cpp/ttnn/operations/eltwise/binary_ng/device/kernels_ng/dataflow/writer_interleaved_no_bcast.cpp'; 'ttnn/cpp/ttnn/operations/eltwise/binary_ng/device/kernels_ng/dataflow/reader_interleaved_no_bcast.cpp'],['writer_interleaved_no_bcast/13786176872452774081/'; 'reader_interleaved_no_bcast/13696495097517312790/'],1543498124224426579,False,1120,1644,1456,1200,1292,0,0,0,0,1,1,1,[],[],0.041,,,,,,,1934
BinaryNgDeviceOperation,tt_dnn_device,60419,3,blackhole,{'atol': '0'; 'binary_op_type': 'BinaryOpType::ADD'; 'compute_kernel_config': 'std::nullopt'; 'dtype': 'DataType::BFLOAT16'; 'equal_nan': 'false'; 'input_dtype': 'DataType::BFLOAT16'; 'input_layout_a': 'Layout::TILE'; 'input_layout_b': 'Layout::TILE'; 'is_quant_op': 'false'; 'is_sfpu': 'false'; 'is_where_op': 'false'; 'lhs_activations': '{}'; 'memory_config': 'MemoryConfig(memory_layout=TensorMemoryLayout::INTERLEAVED;buffer_type=BufferType::DRAM;shard_spec=std::nullopt;nd_shard_spec=std::nullopt;created_with_nd_shard_spec=0)'; 'output_layout': 'Layout::TILE'; 'post_activations': '{}'; 'rhs_activations': '{}'; 'rtol': '0'; 'scalar': 'std::nullopt'; 'sub_core_grids': 'std::nullopt'; 'sub_device_id': 'std::nullopt'; 'subtile_broadcast_type': 'SubtileBroadcastType::NONE'; 'worker_grid': '{[0-0 - 10-9]}'},HiFi4,110,110,,,10951895584,10951960327,64743,13859554224677,13859554227932,2751293,2751293,2411,1822,1822,,,,183,1808,1383,1383,290,419,,,,,,1[1],32[32],32[24],64[64],TILE,BFLOAT16,DEV_0_DRAM_INTERLEAVED,1[1],32[32],32[24],64[64],TILE,BFLOAT16,DEV_0_DRAM_INTERLEAVED,,,,,,,,,,,,,,,,,,,,,,1[1],32[32],32[24],64[64],TILE,BFLOAT16,DEV_0_DRAM_INTERLEAVED,,,,,,,,,,,,,,,,,['ttnn/cpp/ttnn/operations/eltwise/binary_ng/device/kernels/compute/eltwise_binary_no_bcast.cpp'],['eltwise_binary_no_bcast/7702167649156508193/'],['ttnn/cpp/ttnn/operations/eltwise/binary_ng/device/kernels_ng/dataflow/writer_interleaved_no_bcast.cpp'; 'ttnn/cpp/ttnn/operations/eltwise/binary_ng/device/kernels_ng/dataflow/reader_interleaved_no_bcast.cpp'],['writer_interleaved_no_bcast/13786176872452774081/'; 'reader_interleaved_no_bcast/13696495097517312790/'],1295168523863076379,False,1120,1644,1308,768,1292,0,0,0,0,1,1,1,[],[],0.055,,,,,,,64743
ConcatDeviceOperation,tt_dnn_device,61443,3,blackhole,{'dim': '3'; 'groups': '1'; 'output_mem_config': 'MemoryConfig(memory_layout=TensorMemoryLayout::INTERLEAVED;buffer_type=BufferType::DRAM;shard_spec=std::nullopt;nd_shard_spec=std::nullopt;created_with_nd_shard_spec=0)'; 'sub_core_grids': 'std::nullopt'},,110,110,,,10952259338,10952298402,39064,13859554714727,13859554719860,361195,361195,3802,3209,3209,,,,170,3206,2929,,,,,,,,,1[1],32[32],32[24],64[64],TILE,BFLOAT16,DEV_0_DRAM_INTERLEAVED,1[1],32[32],32[24],192[192],TILE,BFLOAT16,DEV_0_DRAM_INTERLEAVED,,,,,,,,,,,,,,,,,,,,,,1[1],32[32],32[24],256[256],TILE,BFLOAT16,DEV_0_DRAM_INTERLEAVED,,,,,,,,,,,,,,,,,[],[],['ttnn/cpp/ttnn/operations/eltwise/unary/device/kernels/dataflow/writer_unary_interleaved_start_id.cpp'; 'ttnn/cpp/ttnn/operations/data_movement/concat/device/kernels/dataflow/reader_concat_interleaved_start_id.cpp'],['writer_unary_interleaved_start_id/7768588342143663468/'; 'reader_concat_interleaved_start_id/6066128960684806623/'],16083130169701784874,False,1000,976,0,0,0,0,0,0,0,953,1,953,[137.53619384765625; 412.6086120605469],[550.144775390625],0.031,,,,,,,39064
InterleavedToShardedDeviceOperation,tt_dnn_device,62467,3,blackhole,"{'keep_l1_aligned': 'false'; 'output_dtype': 'DataType::BFLOAT16'; 'output_mem_config': 'MemoryConfig(memory_layout=TensorMemoryLayout::HEIGHT_SHARDED;buffer_type=BufferType::L1;shard_spec=ShardSpec{grid=[{""start"":{""x"":0;""y"":0};""end"":{""x"":7;""y"":3}]; shape=[32; 256]; orientation=ShardOrientation::ROW_MAJOR};nd_shard_spec=std::nullopt;created_with_nd_shard_spec=0)'}",,32,110,,,10953500715,10953537676,36961,13859556385325,13859556388811,1234400,1234400,2582,2024,2024,,,,152,1993,2016,,,,,,,,,1[1],32[32],32[24],256[256],TILE,BFLOAT16,DEV_0_DRAM_INTERLEAVED,,,,,,,,,,,,,,,,,,,,,,,,,,,,,1[1],32[32],32[24],256[256],TILE,BFLOAT16,DEV_0_L1_HEIGHT_SHARDED,,,,,,,,,,,,,,,,,[],[],['ttnn/cpp/ttnn/operations/data_movement/sharded/device/kernels/dataflow/writer_unary_sharded.cpp'; 'ttnn/cpp/ttnn/operations/data_movement/sharded/device/kernels/dataflow/reader_unary_sharded_blocks_interleaved_start_id.cpp'],['writer_unary_sharded/8354490188168529288/'; 'reader_unary_sharded_blocks_interleaved_start_id/10917281480853109555/'],1241028309259076757,False,384,876,0,0,0,0,0,0,0,1,1,1,[],[],0.049,,,,,,,36961
SliceDeviceOperation,tt_dnn_device,63491,3,blackhole,{'num_devices': 'std::nullopt'; 'output_mem_config': 'MemoryConfig(memory_layout=TensorMemoryLayout::INTERLEAVED;buffer_type=BufferType::DRAM;shard_spec=std::nullopt;nd_shard_spec=std::nullopt;created_with_nd_shard_spec=0)'; 'slice_dim': 'std::nullopt'; 'slice_end': 'Shape([1; 32; 32; 64])'; 'slice_start': 'Shape([0; 0; 0; 0])'; 'step': 'Shape([1; 1; 1; 1])'; 'sub_core_grids': 'std::nullopt'; 'use_tensor_args': 'false'},,64,110,,,10953830735,10953871272,40537,13859556835993,13859556840158,332284,332284,3085,2092,2092,,,,135,2092,1855,,,,,,,,,1[1],32[32],32[4],256[256],TILE,BFLOAT16,DEV_0_DRAM_INTERLEAVED,,,,,,,,,,,,,,,,,,,,,,,,,,,,,1[1],32[32],32[32],64[64],TILE,BFLOAT16,DEV_0_DRAM_INTERLEAVED,,,,,,,,,,,,,,,,,[],[],['ttnn/cpp/ttnn/operations/data_movement/slice/device/kernels/dataflow/writer_unary_interleaved_start_id.cpp'; 'ttnn/cpp/ttnn/operations/data_movement/slice/device/kernels/dataflow/reader_unary_unpad_dims_interleaved_start_id.cpp'],['writer_unary_interleaved_start_id/11396476643056635318/'; 'reader_unary_unpad_dims_interleaved_start_id/15985850001773238796/'],14996507232128544172,False,680,716,0,0,0,0,0,0,0,953,800,953,[550.144775390625],[137.53619384765625],38.241,,,,,,,40537
SliceDeviceOperation,tt_dnn_device,64515,3,blackhole,{'num_devices': 'std::nullopt'; 'output_mem_config': 'MemoryConfig(memory_layout=TensorMemoryLayout::INTERLEAVED;buffer_type=BufferType::DRAM;shard_spec=std::nullopt;nd_shard_spec=std::nullopt;created_with_nd_shard_spec=0)'; 'slice_dim': 'std::nullopt'; 'slice_end': 'Shape([1; 32; 32; 256])'; 'slice_start': 'Shape([0; 0; 0; 64])'; 'step': 'Shape([1; 1; 1; 1])'; 'sub_core_grids': 'std::nullopt'; 'use_tensor_args': 'false'},,110,110,,,10954166445,10954201973,35528,13859557289834,13859557294988,333721,333721,3818,3233,3233,,,,167,3216,2967,,,,,,,,,1[1],32[32],32[4],256[256],TILE,BFLOAT16,DEV_0_DRAM_INTERLEAVED,,,,,,,,,,,,,,,,,,,,,,,,,,,,,1[1],32[32],32[32],192[192],TILE,BFLOAT16,DEV_0_DRAM_INTERLEAVED,,,,,,,,,,,,,,,,,[],[],['ttnn/cpp/ttnn/operations/data_movement/slice/device/kernels/dataflow/writer_unary_interleaved_start_id.cpp'; 'ttnn/cpp/ttnn/operations/data_movement/slice/device/kernels/dataflow/reader_unary_unpad_dims_interleaved_start_id.cpp'],['writer_unary_interleaved_start_id/11396476643056635318/'; 'reader_unary_unpad_dims_interleaved_start_id/15985850001773238796/'],2494624052108791216,False,680,716,0,0,0,0,0,0,0,1578,1578,953,[332.2484130859375],[249.18630981445312],48.809,,,,,,,35528
EmbeddingsDeviceOperation,tt_dnn_device,65539,3,blackhole,{'embeddings_type': 'EmbeddingsType::GENERIC'; 'output_mem_config': 'MemoryConfig(memory_layout=TensorMemoryLayout::INTERLEAVED;buffer_type=BufferType::DRAM;shard_spec=std::nullopt;nd_shard_spec=std::nullopt;created_with_nd_shard_spec=0)'; 'pad_token': 'std::nullopt'; 'tilized': 'true'},HiFi4,1,110,,,10954246999,10954248772,1773,13859557393051,13859557396923,73196,73181,2868,2306,2304,,,,23,2295,1711,1790,114,421,,,,,,1[1],1[1],1[1],32[32],ROW_MAJOR,UINT32,DEV_0_DRAM_INTERLEAVED,1[1],1[1],64[64],64[64],ROW_MAJOR,BFLOAT16,DEV_0_DRAM_INTERLEAVED,,,,,,,,,,,,,,,,,,,,,,1[1],1[1],32[32],64[64],TILE,BFLOAT16,DEV_0_DRAM_INTERLEAVED,,,,,,,,,,,,,,,,,['ttnn/cpp/ttnn/operations/data_movement/tilize/device/kernels/compute/tilize.cpp'],['tilize/15561397870479518719/'],['ttnn/cpp/ttnn/operations/eltwise/unary/device/kernels/dataflow/writer_unary_interleaved_start_id.cpp'; 'ttnn/cpp/ttnn/operations/embedding/device/kernels/dataflow/embeddings_tilize.cpp'],['writer_unary_interleaved_start_id/12519382152844191636/'; 'embeddings_tilize/17157527885346713029/'],371358654529448368,False,1000,872,1168,768,2008,0,0,0,0,1,1,1,[],[],0.043,,,,,,,1773
EmbeddingsDeviceOperation,tt_dnn_device,66563,3,blackhole,{'embeddings_type': 'EmbeddingsType::GENERIC'; 'output_mem_config': 'MemoryConfig(memory_layout=TensorMemoryLayout::INTERLEAVED;buffer_type=BufferType::DRAM;shard_spec=std::nullopt;nd_shard_spec=std::nullopt;created_with_nd_shard_spec=0)'; 'pad_token': 'std::nullopt'; 'tilized': 'true'},HiFi4,1,110,,,10954264292,10954264923,631,13859557417566,13859557421497,15845,15850,2912,2354,2347,,,,36,2330,1748,1823,110,444,,,,,,1[1],1[1],1[1],32[32],ROW_MAJOR,UINT32,DEV_0_DRAM_INTERLEAVED,1[1],1[1],64[64],64[64],ROW_MAJOR,BFLOAT16,DEV_0_DRAM_INTERLEAVED,,,,,,,,,,,,,,,,,,,,,,1[1],1[1],32[32],64[64],TILE,BFLOAT16,DEV_0_DRAM_INTERLEAVED,,,,,,,,,,,,,,,,,['ttnn/cpp/ttnn/operations/data_movement/tilize/device/kernels/compute/tilize.cpp'],['tilize/15561397870479518719/'],['ttnn/cpp/ttnn/operations/eltwise/unary/device/kernels/dataflow/writer_unary_interleaved_start_id.cpp'; 'ttnn/cpp/ttnn/operations/embedding/device/kernels/dataflow/embeddings_tilize.cpp'],['writer_unary_interleaved_start_id/12519382152844191636/'; 'embeddings_tilize/17157527885346713029/'],371358654529448368,False,1000,872,1168,768,2008,0,0,0,0,1,1,1,[],[],0.042,,,,,,,631
TransposeDeviceOperation,tt_dnn_device,67587,3,blackhole,{'dim': 'TransposeOpDim::HC'; 'output_mem_config': 'MemoryConfig(memory_layout=TensorMemoryLayout::INTERLEAVED;buffer_type=BufferType::DRAM;shard_spec=std::nullopt;nd_shard_spec=std::nullopt;created_with_nd_shard_spec=0)'; 'pad_value': '0'},,110,110,,,10954308596,10954310129,1533,13859557481572,13859557486591,45092,45092,3718,3126,3126,,,,164,3096,873,,,,,,,,,1[1],1[1],32[32],64[64],TILE,BFLOAT16,DEV_0_DRAM_INTERLEAVED,,,,,,,,,,,,,,,,,,,,,,,,,,,,,1[1],32[32],32[1],64[64],TILE,BFLOAT16,DEV_0_DRAM_INTERLEAVED,,,,,,,,,,,,,,,,,[],[],['ttnn/cpp/ttnn/operations/data_movement/transpose/device/kernels/dataflow/writer_unary_transpose_hc_interleaved_tiled_padding_aware.cpp'; 'ttnn/cpp/ttnn/operations/data_movement/transpose/device/kernels/dataflow/reader_unary_transpose_hc_interleaved_tiled_padding_aware.cpp'],['writer_unary_transpose_hc_interleaved_tiled_padding_aware/11725805932830264874/'; 'reader_unary_transpose_hc_interleaved_tiled_padding_aware/4505066741605229875/'],17572025619158561361,False,1212,740,0,0,0,0,0,0,0,837,837,238,[4.893667697906494],[156.5973663330078],26.775,,,,,,,1533
TransposeDeviceOperation,tt_dnn_device,68611,3,blackhole,{'dim': 'TransposeOpDim::HC'; 'output_mem_config': 'MemoryConfig(memory_layout=TensorMemoryLayout::INTERLEAVED;buffer_type=BufferType::DRAM;shard_spec=std::nullopt;nd_shard_spec=std::nullopt;created_with_nd_shard_spec=0)'; 'pad_value': '0'},,110,110,,,10954332021,10954332512,491,13859557513439,13859557518468,20496,20496,3725,3120,3120,,,,164,3109,862,,,,,,,,,1[1],1[1],32[32],64[64],TILE,BFLOAT16,DEV_0_DRAM_INTERLEAVED,,,,,,,,,,,,,,,,,,,,,,,,,,,,,1[1],32[32],32[1],64[64],TILE,BFLOAT16,DEV_0_DRAM_INTERLEAVED,,,,,,,,,,,,,,,,,[],[],['ttnn/cpp/ttnn/operations/data_movement/transpose/device/kernels/dataflow/writer_unary_transpose_hc_interleaved_tiled_padding_aware.cpp'; 'ttnn/cpp/ttnn/operations/data_movement/transpose/device/kernels/dataflow/reader_unary_transpose_hc_interleaved_tiled_padding_aware.cpp'],['writer_unary_transpose_hc_interleaved_tiled_padding_aware/11725805932830264874/'; 'reader_unary_transpose_hc_interleaved_tiled_padding_aware/4505066741605229875/'],17572025619158561361,False,1212,740,0,0,0,0,0,0,0,837,837,238,[4.893667697906494],[156.5973663330078],26.827,,,,,,,491
UntilizeWithUnpaddingDeviceOperation,tt_dnn_device,69635,3,blackhole,{'enough_space_height': 'true'; 'fp32_dest_acc_en': 'false'; 'output_mem_config': 'MemoryConfig(memory_layout=TensorMemoryLayout::INTERLEAVED;buffer_type=BufferType::DRAM;shard_spec=std::nullopt;nd_shard_spec=std::nullopt;created_with_nd_shard_spec=0)'; 'output_tensor_end': 'Shape([0; 31; 0; 63])'; 'sub_core_grids': 'std::nullopt'; 'use_multicore': 'true'},HiFi4,32,110,,,10954459294,10954461568,2274,13859557695300,13859557699063,131958,131940,2787,1829,1828,,,,110,1828,1311,1359,1359,1633,,,,,,1[1],32[32],32[1],64[64],TILE,BFLOAT16,DEV_0_DRAM_INTERLEAVED,,,,,,,,,,,,,,,,,,,,,,,,,,,,,1[1],32[32],1[1],64[64],ROW_MAJOR,BFLOAT16,DEV_0_DRAM_INTERLEAVED,,,,,,,,,,,,,,,,,['ttnn/cpp/ttnn/operations/data_movement/untilize/device/kernels/compute/untilize.cpp'],['untilize/1326536449021772998/'],['ttnn/cpp/ttnn/operations/data_movement/untilize_with_unpadding/device/kernels/dataflow/writer_unary_stick_layout_split_rows_multicore.cpp'; 'ttnn/cpp/ttnn/operations/eltwise/unary/device/kernels/dataflow/reader_unary_interleaved_start_id.cpp'],['writer_unary_stick_layout_split_rows_multicore/14885018228999010243/'; 'reader_unary_interleaved_start_id/14429317243173019626/'],7182239935763104684,False,1564,924,1120,844,2564,0,0,0,0,1021,1021,238,[128.3760986328125],[4.011753082275391],55.823,,,,,,,2274
RepeatDeviceOperation,tt_dnn_device,70659,3,blackhole,{'m_is_last_dim': 'false'; 'm_num_repeats': '4'; 'm_output_mem_config': 'MemoryConfig(memory_layout=TensorMemoryLayout::INTERLEAVED;buffer_type=BufferType::DRAM;shard_spec=std::nullopt;nd_shard_spec=std::nullopt;created_with_nd_shard_spec=0)'; 'm_repeat_dim': '-1'; 'm_tile_higher_pages': '0'; 'm_tile_lower_pages': '0'; 'm_tile_page_size_bytes': '0'; 'm_tile_rep_dim_pages': '0'},,110,110,,,10954656470,10954695615,39145,13859557951593,13859557953900,187739,187739,1709,1099,1099,,,,163,,1099,,,,,,,,,32[32],1[1],1[1],64[64],ROW_MAJOR,BFLOAT16,DEV_0_DRAM_INTERLEAVED,,,,,,,,,,,,,,,,,,,,,,,,,,,,,32[32],4[4],1[1],64[64],ROW_MAJOR,BFLOAT16,DEV_0_DRAM_INTERLEAVED,,,,,,,,,,,,,,,,,[],[],['ttnn/cpp/ttnn/operations/data_movement/repeat/device/kernels/repeat_higher_dim_rm_interleaved.cpp'],['repeat_higher_dim_rm_interleaved/6543187955838018786/'],11716724648021177635,False,0,1840,0,0,0,0,0,0,0,503,503,29,[8.14314079284668],[32.57256317138672],45.769,,,,,,,39145
TilizeWithValPaddingDeviceOperation,tt_dnn_device,71683,3,blackhole,{'enough_space_height': 'true'; 'enough_space_width': 'true'; 'output_dtype': 'DataType::BFLOAT16'; 'output_mem_config': 'MemoryConfig(memory_layout=TensorMemoryLayout::INTERLEAVED;buffer_type=BufferType::DRAM;shard_spec=std::nullopt;nd_shard_spec=std::nullopt;created_with_nd_shard_spec=0)'; 'output_padded_shape': 'Shape([1; 32; 32; 64])'; 'pad_value': '0'; 'sub_core_grids': 'std::nullopt'; 'use_multicore': 'true'},HiFi4,32,110,,,10954950821,10954989515,38694,13859558358980,13859558365093,301062,301019,4528,3555,3553,,,,130,3553,2574,2632,203,529,,,,,,1[1],32[32],4[4],64[64],ROW_MAJOR,BFLOAT16,DEV_0_DRAM_INTERLEAVED,,,,,,,,,,,,,,,,,,,,,,,,,,,,,1[1],32[32],32[4],64[64],TILE,BFLOAT16,DEV_0_DRAM_INTERLEAVED,,,,,,,,,,,,,,,,,['ttnn/cpp/ttnn/kernel/compute/tilize.cpp'],['tilize/6336681081206770840/'],['ttnn/cpp/ttnn/operations/eltwise/unary/device/kernels/dataflow/writer_unary_interleaved_start_id.cpp'; 'ttnn/cpp/ttnn/operations/data_movement/tilize_with_val_padding/device/kernels/dataflow/reader_unary_pad_dims_split_rows_multicore.cpp'],['writer_unary_interleaved_start_id/12823350331057913928/'; 'reader_unary_pad_dims_split_rows_multicore/14254742127114526387/'],971437295254530693,False,1000,1852,1168,768,2008,0,0,0,0,1,1,1,[],[],0.028,,,,,,,38694
UntilizeWithUnpaddingDeviceOperation,tt_dnn_device,72707,3,blackhole,{'enough_space_height': 'true'; 'fp32_dest_acc_en': 'false'; 'output_mem_config': 'MemoryConfig(memory_layout=TensorMemoryLayout::INTERLEAVED;buffer_type=BufferType::DRAM;shard_spec=std::nullopt;nd_shard_spec=std::nullopt;created_with_nd_shard_spec=0)'; 'output_tensor_end': 'Shape([0; 31; 0; 63])'; 'sub_core_grids': 'std::nullopt'; 'use_multicore': 'true'},HiFi4,32,110,,,10955036635,10955038118,1483,13859558474726,13859558478485,82174,82163,2784,1814,1813,,,,105,1813,1296,1340,1346,1622,,,,,,1[1],32[32],32[1],64[64],TILE,BFLOAT16,DEV_0_DRAM_INTERLEAVED,,,,,,,,,,,,,,,,,,,,,,,,,,,,,1[1],32[32],1[1],64[64],ROW_MAJOR,BFLOAT16,DEV_0_DRAM_INTERLEAVED,,,,,,,,,,,,,,,,,['ttnn/cpp/ttnn/operations/data_movement/untilize/device/kernels/compute/untilize.cpp'],['untilize/1326536449021772998/'],['ttnn/cpp/ttnn/operations/data_movement/untilize_with_unpadding/device/kernels/dataflow/writer_unary_stick_layout_split_rows_multicore.cpp'; 'ttnn/cpp/ttnn/operations/eltwise/unary/device/kernels/dataflow/reader_unary_interleaved_start_id.cpp'],['writer_unary_stick_layout_split_rows_multicore/14885018228999010243/'; 'reader_unary_interleaved_start_id/14429317243173019626/'],7182239935763104684,False,1564,924,1120,844,2564,0,0,0,0,1021,1021,238,[128.3760986328125],[4.011753082275391],56.284,,,,,,,1483
RepeatDeviceOperation,tt_dnn_device,73731,3,blackhole,{'m_is_last_dim': 'false'; 'm_num_repeats': '4'; 'm_output_mem_config': 'MemoryConfig(memory_layout=TensorMemoryLayout::INTERLEAVED;buffer_type=BufferType::DRAM;shard_spec=std::nullopt;nd_shard_spec=std::nullopt;created_with_nd_shard_spec=0)'; 'm_repeat_dim': '-1'; 'm_tile_higher_pages': '0'; 'm_tile_lower_pages': '0'; 'm_tile_page_size_bytes': '0'; 'm_tile_rep_dim_pages': '0'},,110,110,,,10955050662,10955051844,1182,13859558483318,13859558485551,4167,4167,1654,1056,1056,,,,169,,1056,,,,,,,,,32[32],1[1],1[1],64[64],ROW_MAJOR,BFLOAT16,DEV_0_DRAM_INTERLEAVED,,,,,,,,,,,,,,,,,,,,,,,,,,,,,32[32],4[4],1[1],64[64],ROW_MAJOR,BFLOAT16,DEV_0_DRAM_INTERLEAVED,,,,,,,,,,,,,,,,,[],[],['ttnn/cpp/ttnn/operations/data_movement/repeat/device/kernels/repeat_higher_dim_rm_interleaved.cpp'],['repeat_higher_dim_rm_interleaved/6543187955838018786/'],11716724648021177635,False,0,1840,0,0,0,0,0,0,0,503,503,29,[8.14314079284668],[32.57256317138672],47.633,,,,,,,1182
TilizeWithValPaddingDeviceOperation,tt_dnn_device,74755,3,blackhole,{'enough_space_height': 'true'; 'enough_space_width': 'true'; 'output_dtype': 'DataType::BFLOAT16'; 'output_mem_config': 'MemoryConfig(memory_layout=TensorMemoryLayout::INTERLEAVED;buffer_type=BufferType::DRAM;shard_spec=std::nullopt;nd_shard_spec=std::nullopt;created_with_nd_shard_spec=0)'; 'output_padded_shape': 'Shape([1; 32; 32; 64])'; 'pad_value': '0'; 'sub_core_grids': 'std::nullopt'; 'use_multicore': 'true'},HiFi4,32,110,,,10955065911,10955066863,952,13859558515593,13859558521719,23229,23240,4538,3570,3564,,,,145,3564,2587,2637,205,553,,,,,,1[1],32[32],4[4],64[64],ROW_MAJOR,BFLOAT16,DEV_0_DRAM_INTERLEAVED,,,,,,,,,,,,,,,,,,,,,,,,,,,,,1[1],32[32],32[4],64[64],TILE,BFLOAT16,DEV_0_DRAM_INTERLEAVED,,,,,,,,,,,,,,,,,['ttnn/cpp/ttnn/kernel/compute/tilize.cpp'],['tilize/6336681081206770840/'],['ttnn/cpp/ttnn/operations/eltwise/unary/device/kernels/dataflow/writer_unary_interleaved_start_id.cpp'; 'ttnn/cpp/ttnn/operations/data_movement/tilize_with_val_padding/device/kernels/dataflow/reader_unary_pad_dims_split_rows_multicore.cpp'],['writer_unary_interleaved_start_id/12823350331057913928/'; 'reader_unary_pad_dims_split_rows_multicore/14254742127114526387/'],971437295254530693,False,1000,1852,1168,768,2008,0,0,0,0,1,1,1,[],[],0.028,,,,,,,952
BinaryNgDeviceOperation,tt_dnn_device,75779,3,blackhole,{'atol': '0'; 'binary_op_type': 'BinaryOpType::MUL'; 'compute_kernel_config': 'std::nullopt'; 'dtype': 'DataType::BFLOAT16'; 'equal_nan': 'false'; 'input_dtype': 'DataType::BFLOAT16'; 'input_layout_a': 'Layout::TILE'; 'input_layout_b': 'Layout::TILE'; 'is_quant_op': 'false'; 'is_sfpu': 'true'; 'is_where_op': 'false'; 'lhs_activations': '{}'; 'memory_config': 'MemoryConfig(memory_layout=TensorMemoryLayout::INTERLEAVED;buffer_type=BufferType::DRAM;shard_spec=std::nullopt;nd_shard_spec=std::nullopt;created_with_nd_shard_spec=0)'; 'output_layout': 'Layout::TILE'; 'post_activations': '{}'; 'rhs_activations': '{}'; 'rtol': '0'; 'scalar': 'std::nullopt'; 'sub_core_grids': 'std::nullopt'; 'sub_device_id': 'std::nullopt'; 'subtile_broadcast_type': 'SubtileBroadcastType::NONE'; 'worker_grid': '{[0-0 - 10-9]}'},HiFi4,110,110,,,10955127258,10955128781,1523,13859558588438,13859558592513,50015,50012,3019,2425,2421,,,,171,2380,1424,1479,1994,397,,,,,,1[1],32[32],32[24],64[64],TILE,BFLOAT16,DEV_0_DRAM_INTERLEAVED,1[1],32[32],32[24],64[64],TILE,BFLOAT16,DEV_0_DRAM_INTERLEAVED,,,,,,,,,,,,,,,,,,,,,,1[1],32[32],32[24],64[64],TILE,BFLOAT16,DEV_0_DRAM_INTERLEAVED,,,,,,,,,,,,,,,,,['ttnn/cpp/ttnn/operations/eltwise/binary_ng/device/kernels/compute/eltwise_binary_sfpu_no_bcast.cpp'],['eltwise_binary_sfpu_no_bcast/5506180665876100763/'],['ttnn/cpp/ttnn/operations/eltwise/binary_ng/device/kernels_ng/dataflow/writer_interleaved_no_bcast.cpp'; 'ttnn/cpp/ttnn/operations/eltwise/binary_ng/device/kernels_ng/dataflow/reader_interleaved_no_bcast.cpp'],['writer_interleaved_no_bcast/13786176872452774081/'; 'reader_interleaved_no_bcast/13696495097517312790/'],1543498124224426579,False,1120,1644,1456,1200,1292,0,0,0,0,1,1,1,[],[],0.041,,,,,,,1523
SliceDeviceOperation,tt_dnn_device,76803,3,blackhole,{'num_devices': 'std::nullopt'; 'output_mem_config': 'MemoryConfig(memory_layout=TensorMemoryLayout::INTERLEAVED;buffer_type=BufferType::DRAM;shard_spec=std::nullopt;nd_shard_spec=std::nullopt;created_with_nd_shard_spec=0)'; 'slice_dim': 'std::nullopt'; 'slice_end': 'Shape([1; 32; 32; 64])'; 'slice_start': 'Shape([0; 0; 0; 32])'; 'step': 'Shape([1; 1; 1; 1])'; 'sub_core_grids': 'std::nullopt'; 'use_tensor_args': 'false'},,32,110,,,10955353399,10955393366,39967,13859558889692,13859558892449,221105,221105,2042,1086,1086,,,,101,1086,796,,,,,,,,,1[1],32[32],32[4],64[64],TILE,BFLOAT16,DEV_0_DRAM_INTERLEAVED,,,,,,,,,,,,,,,,,,,,,,,,,,,,,1[1],32[32],32[32],32[32],TILE,BFLOAT16,DEV_0_DRAM_INTERLEAVED,,,,,,,,,,,,,,,,,[],[],['ttnn/cpp/ttnn/operations/data_movement/slice/device/kernels/dataflow/writer_unary_interleaved_start_id.cpp'; 'ttnn/cpp/ttnn/operations/data_movement/slice/device/kernels/dataflow/reader_unary_unpad_dims_interleaved_start_id.cpp'],['writer_unary_interleaved_start_id/11396476643056635318/'; 'reader_unary_unpad_dims_interleaved_start_id/15985850001773238796/'],9339858964289863189,False,680,716,0,0,0,0,0,0,0,615,615,238,[213.1251983642578],[106.5625991821289],56.63,,,,,,,39967
UnaryDeviceOperation,tt_dnn_device,77827,3,blackhole,{'bfp8_pack_precise': 'false'; 'fp32_dest_acc_en': 'false'; 'memory_config': 'MemoryConfig(memory_layout=TensorMemoryLayout::INTERLEAVED;buffer_type=BufferType::DRAM;shard_spec=std::nullopt;nd_shard_spec=std::nullopt;created_with_nd_shard_spec=0)'; 'op_chain': '{BasicUnaryWithParam<float; int; unsigned int>(base=BasicUnaryWithParam<float>(op_type=UnaryOpType::NEG;param={}))}'; 'output_dtype': 'DataType::BFLOAT16'; 'preserve_fp32_precision': 'false'; 'sub_core_grids': 'std::nullopt'; 'worker_grid': '{[0-0 - 10-9]}'},HiFi4,110,110,,,10955467176,10955469461,2285,13859559045265,13859559047807,113772,113838,1883,1282,1279,,,,182,1244,711,750,823,424,,,,,,1[1],32[32],32[24],32[32],TILE,BFLOAT16,DEV_0_DRAM_INTERLEAVED,,,,,,,,,,,,,,,,,,,,,,,,,,,,,1[1],32[32],32[24],32[32],TILE,BFLOAT16,DEV_0_DRAM_INTERLEAVED,,,,,,,,,,,,,,,,,['ttnn/cpp/ttnn/operations/eltwise/unary/device/kernels/compute/eltwise_sfpu.cpp'],['eltwise_sfpu/10029696999261176038/'],['ttnn/cpp/ttnn/operations/eltwise/unary/device/kernels/dataflow/writer_unary.cpp'; 'ttnn/cpp/ttnn/operations/eltwise/unary/device/kernels/dataflow/reader_unary.cpp'],['writer_unary/17308908021593325674/'; 'reader_unary/7914283486036039746/'],7432247804833187099,False,1000,924,1060,872,1260,0,0,0,0,1,1,1,[],[],0.078,,,,,,,2285
SliceDeviceOperation,tt_dnn_device,78851,3,blackhole,{'num_devices': 'std::nullopt'; 'output_mem_config': 'MemoryConfig(memory_layout=TensorMemoryLayout::INTERLEAVED;buffer_type=BufferType::DRAM;shard_spec=std::nullopt;nd_shard_spec=std::nullopt;created_with_nd_shard_spec=0)'; 'slice_dim': 'std::nullopt'; 'slice_end': 'Shape([1; 32; 32; 32])'; 'slice_start': 'Shape([0; 0; 0; 0])'; 'step': 'Shape([1; 1; 1; 1])'; 'sub_core_grids': 'std::nullopt'; 'use_tensor_args': 'false'},,32,110,,,10955692466,10955730469,38003,13859559347251,13859559350130,222874,222874,2133,1153,1153,,,,99,1147,904,,,,,,,,,1[1],32[32],32[4],64[64],TILE,BFLOAT16,DEV_0_DRAM_INTERLEAVED,,,,,,,,,,,,,,,,,,,,,,,,,,,,,1[1],32[32],32[32],32[32],TILE,BFLOAT16,DEV_0_DRAM_INTERLEAVED,,,,,,,,,,,,,,,,,[],[],['ttnn/cpp/ttnn/operations/data_movement/slice/device/kernels/dataflow/writer_unary_interleaved_start_id.cpp'; 'ttnn/cpp/ttnn/operations/data_movement/slice/device/kernels/dataflow/reader_unary_unpad_dims_interleaved_start_id.cpp'],['writer_unary_interleaved_start_id/11396476643056635318/'; 'reader_unary_unpad_dims_interleaved_start_id/15985850001773238796/'],15095538927500603973,False,680,716,0,0,0,0,0,0,0,615,615,238,[213.1251983642578],[106.5625991821289],53.339,,,,,,,38003
ConcatDeviceOperation,tt_dnn_device,79875,3,blackhole,{'dim': '3'; 'groups': '1'; 'output_mem_config': 'MemoryConfig(memory_layout=TensorMemoryLayout::INTERLEAVED;buffer_type=BufferType::DRAM;shard_spec=std::nullopt;nd_shard_spec=std::nullopt;created_with_nd_shard_spec=0)'; 'sub_core_grids': 'std::nullopt'},,64,110,,,10955964896,10956000674,35778,13859559715830,13859559718923,271860,271860,2291,1291,1291,,,,136,1291,930,,,,,,,,,1[1],32[32],32[4],32[32],TILE,BFLOAT16,DEV_0_DRAM_INTERLEAVED,1[1],32[32],32[4],32[32],TILE,BFLOAT16,DEV_0_DRAM_INTERLEAVED,,,,,,,,,,,,,,,,,,,,,,1[1],32[32],32[4],64[64],TILE,BFLOAT16,DEV_0_DRAM_INTERLEAVED,,,,,,,,,,,,,,,,,[],[],['ttnn/cpp/ttnn/operations/eltwise/unary/device/kernels/dataflow/writer_unary_interleaved_start_id.cpp'; 'ttnn/cpp/ttnn/operations/data_movement/concat/device/kernels/dataflow/reader_concat_interleaved_start_id.cpp'],['writer_unary_interleaved_start_id/7768588342143663468/'; 'reader_concat_interleaved_start_id/6066128960684806623/'],7947811123865021086,False,1000,976,0,0,0,0,0,0,0,238,1,238,[275.3613586425781; 275.3613586425781],[550.7227172851562],0.077,,,,,,,35778
BinaryNgDeviceOperation,tt_dnn_device,80899,3,blackhole,{'atol': '0'; 'binary_op_type': 'BinaryOpType::MUL'; 'compute_kernel_config': 'std::nullopt'; 'dtype': 'DataType::BFLOAT16'; 'equal_nan': 'false'; 'input_dtype': 'DataType::BFLOAT16'; 'input_layout_a': 'Layout::TILE'; 'input_layout_b': 'Layout::TILE'; 'is_quant_op': 'false'; 'is_sfpu': 'true'; 'is_where_op': 'false'; 'lhs_activations': '{}'; 'memory_config': 'MemoryConfig(memory_layout=TensorMemoryLayout::INTERLEAVED;buffer_type=BufferType::DRAM;shard_spec=std::nullopt;nd_shard_spec=std::nullopt;created_with_nd_shard_spec=0)'; 'output_layout': 'Layout::TILE'; 'post_activations': '{}'; 'rhs_activations': '{}'; 'rtol': '0'; 'scalar': 'std::nullopt'; 'sub_core_grids': 'std::nullopt'; 'sub_device_id': 'std::nullopt'; 'subtile_broadcast_type': 'SubtileBroadcastType::NONE'; 'worker_grid': '{[0-0 - 10-9]}'},HiFi4,110,110,,,10956072371,10956074064,1693,13859559863448,13859559867514,107652,107652,3012,2414,2414,,,,175,2382,1392,1468,1966,400,,,,,,1[1],32[32],32[24],64[64],TILE,BFLOAT16,DEV_0_DRAM_INTERLEAVED,1[1],32[32],32[24],64[64],TILE,BFLOAT16,DEV_0_DRAM_INTERLEAVED,,,,,,,,,,,,,,,,,,,,,,1[1],32[32],32[24],64[64],TILE,BFLOAT16,DEV_0_DRAM_INTERLEAVED,,,,,,,,,,,,,,,,,['ttnn/cpp/ttnn/operations/eltwise/binary_ng/device/kernels/compute/eltwise_binary_sfpu_no_bcast.cpp'],['eltwise_binary_sfpu_no_bcast/5506180665876100763/'],['ttnn/cpp/ttnn/operations/eltwise/binary_ng/device/kernels_ng/dataflow/writer_interleaved_no_bcast.cpp'; 'ttnn/cpp/ttnn/operations/eltwise/binary_ng/device/kernels_ng/dataflow/reader_interleaved_no_bcast.cpp'],['writer_interleaved_no_bcast/13786176872452774081/'; 'reader_interleaved_no_bcast/13696495097517312790/'],1543498124224426579,False,1120,1644,1456,1200,1292,0,0,0,0,1,1,1,[],[],0.041,,,,,,,1693
BinaryNgDeviceOperation,tt_dnn_device,81923,3,blackhole,{'atol': '0'; 'binary_op_type': 'BinaryOpType::ADD'; 'compute_kernel_config': 'std::nullopt'; 'dtype': 'DataType::BFLOAT16'; 'equal_nan': 'false'; 'input_dtype': 'DataType::BFLOAT16'; 'input_layout_a': 'Layout::TILE'; 'input_layout_b': 'Layout::TILE'; 'is_quant_op': 'false'; 'is_sfpu': 'false'; 'is_where_op': 'false'; 'lhs_activations': '{}'; 'memory_config': 'MemoryConfig(memory_layout=TensorMemoryLayout::INTERLEAVED;buffer_type=BufferType::DRAM;shard_spec=std::nullopt;nd_shard_spec=std::nullopt;created_with_nd_shard_spec=0)'; 'output_layout': 'Layout::TILE'; 'post_activations': '{}'; 'rhs_activations': '{}'; 'rtol': '0'; 'scalar': 'std::nullopt'; 'sub_core_grids': 'std::nullopt'; 'sub_device_id': 'std::nullopt'; 'subtile_broadcast_type': 'SubtileBroadcastType::NONE'; 'worker_grid': '{[0-0 - 10-9]}'},HiFi4,110,110,,,10956116996,10956117847,851,13859559924510,13859559927792,42816,42806,2431,1838,1836,,,,176,1825,1359,1364,271,414,,,,,,1[1],32[32],32[24],64[64],TILE,BFLOAT16,DEV_0_DRAM_INTERLEAVED,1[1],32[32],32[24],64[64],TILE,BFLOAT16,DEV_0_DRAM_INTERLEAVED,,,,,,,,,,,,,,,,,,,,,,1[1],32[32],32[24],64[64],TILE,BFLOAT16,DEV_0_DRAM_INTERLEAVED,,,,,,,,,,,,,,,,,['ttnn/cpp/ttnn/operations/eltwise/binary_ng/device/kernels/compute/eltwise_binary_no_bcast.cpp'],['eltwise_binary_no_bcast/7702167649156508193/'],['ttnn/cpp/ttnn/operations/eltwise/binary_ng/device/kernels_ng/dataflow/writer_interleaved_no_bcast.cpp'; 'ttnn/cpp/ttnn/operations/eltwise/binary_ng/device/kernels_ng/dataflow/reader_interleaved_no_bcast.cpp'],['writer_interleaved_no_bcast/13786176872452774081/'; 'reader_interleaved_no_bcast/13696495097517312790/'],1295168523863076379,False,1120,1644,1308,768,1292,0,0,0,0,1,1,1,[],[],0.054,,,,,,,851
ConcatDeviceOperation,tt_dnn_device,82947,3,blackhole,{'dim': '3'; 'groups': '1'; 'output_mem_config': 'MemoryConfig(memory_layout=TensorMemoryLayout::INTERLEAVED;buffer_type=BufferType::DRAM;shard_spec=std::nullopt;nd_shard_spec=std::nullopt;created_with_nd_shard_spec=0)'; 'sub_core_grids': 'std::nullopt'},,110,110,,,10956372493,10956406378,33885,13859560267997,13859560273501,252565,252565,4077,3487,3487,,,,166,3484,3206,,,,,,,,,1[1],32[32],32[4],64[64],TILE,BFLOAT16,DEV_0_DRAM_INTERLEAVED,1[1],32[32],32[4],192[192],TILE,BFLOAT16,DEV_0_DRAM_INTERLEAVED,,,,,,,,,,,,,,,,,,,,,,1[1],32[32],32[4],256[256],TILE,BFLOAT16,DEV_0_DRAM_INTERLEAVED,,,,,,,,,,,,,,,,,[],[],['ttnn/cpp/ttnn/operations/eltwise/unary/device/kernels/dataflow/writer_unary_interleaved_start_id.cpp'; 'ttnn/cpp/ttnn/operations/data_movement/concat/device/kernels/dataflow/reader_concat_interleaved_start_id.cpp'],['writer_unary_interleaved_start_id/7768588342143663468/'; 'reader_concat_interleaved_start_id/6066128960684806623/'],8107540980742073492,False,1000,976,0,0,0,0,0,0,0,953,1,953,[137.53619384765625; 412.6086120605469],[550.144775390625],0.029,,,,,,,33885
InterleavedToShardedDeviceOperation,tt_dnn_device,83971,3,blackhole,"{'keep_l1_aligned': 'false'; 'output_dtype': 'DataType::BFLOAT16'; 'output_mem_config': 'MemoryConfig(memory_layout=TensorMemoryLayout::HEIGHT_SHARDED;buffer_type=BufferType::L1;shard_spec=ShardSpec{grid=[{""start"":{""x"":0;""y"":0};""end"":{""x"":7;""y"":3}]; shape=[32; 256]; orientation=ShardOrientation::ROW_MAJOR};nd_shard_spec=std::nullopt;created_with_nd_shard_spec=0)'}",,32,110,,,10956447406,10956449049,1643,13859560364323,13859560367823,67848,67848,2593,2007,2007,,,,143,1989,1999,,,,,,,,,1[1],32[32],32[24],256[256],TILE,BFLOAT16,DEV_0_DRAM_INTERLEAVED,,,,,,,,,,,,,,,,,,,,,,,,,,,,,1[1],32[32],32[24],256[256],TILE,BFLOAT16,DEV_0_L1_HEIGHT_SHARDED,,,,,,,,,,,,,,,,,[],[],['ttnn/cpp/ttnn/operations/data_movement/sharded/device/kernels/dataflow/writer_unary_sharded.cpp'; 'ttnn/cpp/ttnn/operations/data_movement/sharded/device/kernels/dataflow/reader_unary_sharded_blocks_interleaved_start_id.cpp'],['writer_unary_sharded/8354490188168529288/'; 'reader_unary_sharded_blocks_interleaved_start_id/10917281480853109555/'],1241028309259076757,False,384,876,0,0,0,0,0,0,0,1,1,1,[],[],0.05,,,,,,,1643
PagedUpdateCacheDeviceOperation,tt_dnn_device,84995,3,blackhole,{'batch_offset': '0'; 'block_size_override': 'std::nullopt'; 'cache_position_modulo': 'std::nullopt'; 'compute_kernel_config': 'ComputeKernelConfig(math_fidelity=LoFi;math_approx_mode=1;fp32_dest_acc_en=0;packer_l1_acc=0;dst_full_sync_en=0;throttle_level=ThrottleLevel::NO_THROTTLE)'; 'mesh_coords': 'std::nullopt'; 'num_kv_heads_override': 'std::nullopt'; 'share_cache': 'false'; 'update_idxs': '{}'},HiFi4,32,110,,,10960504485,10960552406,47921,13859565840911,13859565851909,4054648,4054835,8147,7588,7480,,,,363,7364,6123,6615,6615,6760,,,,,,32[32],4[4],64[64],256[256],TILE,BFLOAT8_B,DEV_0_DRAM_INTERLEAVED,1[1],32[32],32[4],256[256],TILE,BFLOAT16,DEV_0_L1_HEIGHT_SHARDED,1[1],1[1],1[1],32[32],ROW_MAJOR,INT32,DEV_0_DRAM_INTERLEAVED,1[1],1[1],32[32],1[1],ROW_MAJOR,INT32,DEV_0_DRAM_INTERLEAVED,,,,,,,,32[32],4[4],64[64],256[256],TILE,BFLOAT8_B,DEV_0_DRAM_INTERLEAVED,,,,,,,,,,,,,,,,,['ttnn/cpp/ttnn/operations/experimental/paged_cache/device/kernels/compute/update_cache.cpp'],['update_cache/16066781562613450478/'],['ttnn/cpp/ttnn/operations/experimental/paged_cache/device/kernels/dataflow/writer_update_cache_interleaved_start_id.cpp'; 'ttnn/cpp/ttnn/operations/experimental/paged_cache/device/kernels/dataflow/reader_update_cache_interleaved_start_id.cpp'],['writer_update_cache_interleaved_start_id/3827813727594451288/'; 'reader_update_cache_interleaved_start_id/9612468294560067899/'],13592124447314723752,False,1560,1352,2452,2216,5300,0,0,0,0,1,1,1,[],[],0.013,,,,,,,47921
PagedUpdateCacheDeviceOperation,tt_dnn_device,86019,3,blackhole,{'batch_offset': '0'; 'block_size_override': 'std::nullopt'; 'cache_position_modulo': 'std::nullopt'; 'compute_kernel_config': 'ComputeKernelConfig(math_fidelity=LoFi;math_approx_mode=1;fp32_dest_acc_en=0;packer_l1_acc=0;dst_full_sync_en=0;throttle_level=ThrottleLevel::NO_THROTTLE)'; 'mesh_coords': 'std::nullopt'; 'num_kv_heads_override': 'std::nullopt'; 'share_cache': 'false'; 'update_idxs': '{}'},HiFi4,32,110,,,10960584818,10960585940,1122,13859565950846,13859565961395,73844,73960,7814,7253,7144,,,,358,7050,5785,6276,6272,6446,,,,,,32[32],4[4],64[64],256[256],TILE,BFLOAT8_B,DEV_0_DRAM_INTERLEAVED,1[1],32[32],32[4],256[256],TILE,BFLOAT16,DEV_0_L1_HEIGHT_SHARDED,1[1],1[1],1[1],32[32],ROW_MAJOR,INT32,DEV_0_DRAM_INTERLEAVED,1[1],1[1],32[32],1[1],ROW_MAJOR,INT32,DEV_0_DRAM_INTERLEAVED,,,,,,,,32[32],4[4],64[64],256[256],TILE,BFLOAT8_B,DEV_0_DRAM_INTERLEAVED,,,,,,,,,,,,,,,,,['ttnn/cpp/ttnn/operations/experimental/paged_cache/device/kernels/compute/update_cache.cpp'],['update_cache/16066781562613450478/'],['ttnn/cpp/ttnn/operations/experimental/paged_cache/device/kernels/dataflow/writer_update_cache_interleaved_start_id.cpp'; 'ttnn/cpp/ttnn/operations/experimental/paged_cache/device/kernels/dataflow/reader_update_cache_interleaved_start_id.cpp'],['writer_update_cache_interleaved_start_id/3827813727594451288/'; 'reader_update_cache_interleaved_start_id/9612468294560067899/'],13592124447314723752,False,1560,1352,2452,2216,5300,0,0,0,0,1,1,1,[],[],0.014,,,,,,,1122
SdpaDecodeDeviceOperation,tt_dnn_device,87043,3,blackhole,{'block_size_override': 'std::nullopt'; 'cache_position_modulo': 'std::nullopt'; 'compute_kernel_config': 'ComputeKernelConfig(math_fidelity=HiFi4;math_approx_mode=0;fp32_dest_acc_en=0;packer_l1_acc=1;dst_full_sync_en=0;throttle_level=ThrottleLevel::NO_THROTTLE)'; 'cur_pos': '{}'; 'head_dim_v': 'std::nullopt'; 'is_causal': 'true'; 'k_chunk_size': '0'; 'num_kv_heads_override': 'std::nullopt'; 'output_mem_config': 'MemoryConfig(memory_layout=TensorMemoryLayout::INTERLEAVED;buffer_type=BufferType::DRAM;shard_spec=std::nullopt;nd_shard_spec=std::nullopt;created_with_nd_shard_spec=0)'; 'paged_attention': 'true'; 'program_config': 'SDPAProgramConfig(compute_with_storage_grid_size=8-8;sub_core_grids=std::nullopt;q_chunk_size=0;k_chunk_size=0;exp_approx_mode=0;max_cores_per_head_batch=16)'; 'scale': '0.0625'; 'share_cache': 'std::nullopt'; 'sliding_window_size': 'std::nullopt'; 'use_mla': 'std::nullopt'},HiFi4,64,110,,,10965751914,10965831886,79972,13859572935347,13859572963211,5166550,5166878,20640,20009,19750,,,,638,19625,13910,16049,16447,16279,,,,,,1[1],32[32],32[24],256[256],TILE,BFLOAT16,DEV_0_L1_HEIGHT_SHARDED,32[32],4[4],64[64],256[256],TILE,BFLOAT8_B,DEV_0_DRAM_INTERLEAVED,32[32],4[4],64[64],256[256],TILE,BFLOAT8_B,DEV_0_DRAM_INTERLEAVED,1[1],1[1],1[1],32[32],ROW_MAJOR,INT32,DEV_0_DRAM_INTERLEAVED,1[1],1[1],32[32],1[1],ROW_MAJOR,INT32,DEV_0_DRAM_INTERLEAVED,1[1],32[32],32[24],256[256],TILE,BFLOAT16,DEV_0_DRAM_INTERLEAVED,,,,,,,,,,,,,,,,,['ttnn/cpp/ttnn/operations/transformer/sdpa_decode/device/kernels/compute/sdpa_flash_decode.cpp'],['sdpa_flash_decode/12080227950863313288/'],['ttnn/cpp/ttnn/operations/transformer/sdpa_decode/device/kernels/dataflow/writer_decode_all.cpp'; 'ttnn/cpp/ttnn/operations/transformer/sdpa_decode/device/kernels/dataflow/reader_decode_all.cpp'],['writer_decode_all/17940680972539125475/'; 'reader_decode_all/7018643928517461523/'],5465119450473907598,False,4992,2616,14036,15948,11796,0,0,0,0,1,1,1,[],[],0.005,,,,,,,79972
InterleavedToShardedDeviceOperation,tt_dnn_device,88067,3,blackhole,"{'keep_l1_aligned': 'false'; 'output_dtype': 'DataType::BFLOAT16'; 'output_mem_config': 'MemoryConfig(memory_layout=TensorMemoryLayout::HEIGHT_SHARDED;buffer_type=BufferType::L1;shard_spec=ShardSpec{grid=[{""start"":{""x"":0;""y"":0};""end"":{""x"":7;""y"":3}]; shape=[32; 256]; orientation=ShardOrientation::ROW_MAJOR};nd_shard_spec=std::nullopt;created_with_nd_shard_spec=0)'}",,32,110,,,10965894426,10965896389,1963,13859573116318,13859573119771,113965,113965,2558,1991,1991,,,,150,1970,1984,,,,,,,,,1[1],32[32],32[24],256[256],TILE,BFLOAT16,DEV_0_DRAM_INTERLEAVED,,,,,,,,,,,,,,,,,,,,,,,,,,,,,1[1],32[32],32[24],256[256],TILE,BFLOAT16,DEV_0_L1_HEIGHT_SHARDED,,,,,,,,,,,,,,,,,[],[],['ttnn/cpp/ttnn/operations/data_movement/sharded/device/kernels/dataflow/writer_unary_sharded.cpp'; 'ttnn/cpp/ttnn/operations/data_movement/sharded/device/kernels/dataflow/reader_unary_sharded_blocks_interleaved_start_id.cpp'],['writer_unary_sharded/8354490188168529288/'; 'reader_unary_sharded_blocks_interleaved_start_id/10917281480853109555/'],1241028309259076757,False,384,876,0,0,0,0,0,0,0,1,1,1,[],[],0.05,,,,,,,1963
NLPConcatHeadsDecodeDeviceOperation,tt_dnn_device,89091,3,blackhole,{'num_heads': '24'; 'on_subcoregrids': 'false'; 'sub_core_grids': 'std::nullopt'},,24,110,,,10967722853,10967756247,33394,13859575583126,13859575596201,1825491,1825491,9685,8865,8865,,,,166,8865,8424,,,,,,,,,1[1],32[32],32[24],256[256],TILE,BFLOAT16,DEV_0_L1_HEIGHT_SHARDED,,,,,,,,,,,,,,,,,,,,,,,,,,,,,1[1],1[1],32[32],6144[6144],TILE,BFLOAT16,DEV_0_L1_WIDTH_SHARDED,,,,,,,,,,,,,,,,,[],[],['ttnn/cpp/ttnn/operations/experimental/transformer/nlp_concat_heads_decode/device/kernels/dataflow/reader_tm_tile_layout_nlp_concat_heads_decode.cpp'],['reader_tm_tile_layout_nlp_concat_heads_decode/1933393714786132976/'],14910219977054537591,False,760,732,0,0,0,0,0,0,0,1,1,1,[],[],0.011,,,,,,,33394
UnaryDeviceOperation,tt_dnn_device,90115,3,blackhole,"{'bfp8_pack_precise': 'false'; 'fp32_dest_acc_en': 'false'; 'memory_config': 'MemoryConfig(memory_layout=TensorMemoryLayout::WIDTH_SHARDED;buffer_type=BufferType::L1;shard_spec=ShardSpec{grid=[{""start"":{""x"":0;""y"":0};""end"":{""x"":7;""y"":0}]; shape=[32; 1792]; orientation=ShardOrientation::ROW_MAJOR};nd_shard_spec={""shard_shape"":[32; 1792];""grid"":[{""start"":{""x"":0;""y"":0};""end"":{""x"":7;""y"":0}}];""orientation"":""ShardOrientation::ROW_MAJOR"";""shard_distribution_strategy"":""ShardDistributionStrategy::ROUND_ROBIN_1D""};created_with_nd_shard_spec=0)'; 'op_chain': '{BasicUnaryWithParam<float; int; unsigned int>(base=BasicUnaryWithParam<float>(op_type=UnaryOpType::SIGMOID;param={4; 0}))}'; 'output_dtype': 'DataType::BFLOAT16'; 'preserve_fp32_precision': 'false'; 'sub_core_grids': 'std::nullopt'; 'worker_grid': '{[0-0 - 10-9]}'}",HiFi4,110,110,,,10971650265,10971714116,63851,13859580892369,13859580901334,3923609,3923734,6641,6051,6046,,,,181,6019,4171,4219,5010,3795,,,,,,1[1],1[1],32[32],6144[6144],TILE,BFLOAT16,DEV_0_L1_WIDTH_SHARDED,,,,,,,,,,,,,,,,,,,,,,,,,,,,,1[1],1[1],32[32],6144[6144],TILE,BFLOAT16,DEV_0_L1_WIDTH_SHARDED,,,,,,,,,,,,,,,,,['ttnn/cpp/ttnn/operations/eltwise/unary/device/kernels/compute/eltwise_sfpu.cpp'],['eltwise_sfpu/17254425182357590235/'],['ttnn/cpp/ttnn/operations/eltwise/unary/device/kernels/dataflow/writer_unary.cpp'; 'ttnn/cpp/ttnn/operations/eltwise/unary/device/kernels/dataflow/reader_unary.cpp'],['writer_unary/11753427787555832062/'; 'reader_unary/13877237294979657588/'],15156727081888404474,False,1128,1028,1060,1132,1260,0,0,0,0,1,1,1,[],[],0.017,,,,,,,63851
BinaryNgDeviceOperation,tt_dnn_device,91139,3,blackhole,"{'atol': '0'; 'binary_op_type': 'BinaryOpType::MUL'; 'compute_kernel_config': 'std::nullopt'; 'dtype': 'DataType::BFLOAT16'; 'equal_nan': 'false'; 'input_dtype': 'DataType::BFLOAT16'; 'input_layout_a': 'Layout::TILE'; 'input_layout_b': 'Layout::TILE'; 'is_quant_op': 'false'; 'is_sfpu': 'true'; 'is_where_op': 'false'; 'lhs_activations': '{}'; 'memory_config': 'MemoryConfig(memory_layout=TensorMemoryLayout::WIDTH_SHARDED;buffer_type=BufferType::L1;shard_spec=ShardSpec{grid=[{""start"":{""x"":0;""y"":0};""end"":{""x"":10;""y"":1}; {""start"":{""x"":0;""y"":2};""end"":{""x"":1;""y"":2}]; shape=[32; 256]; orientation=ShardOrientation::ROW_MAJOR};nd_shard_spec=std::nullopt;created_with_nd_shard_spec=0)'; 'output_layout': 'Layout::TILE'; 'post_activations': '{}'; 'rhs_activations': '{}'; 'rtol': '0'; 'scalar': 'std::nullopt'; 'sub_core_grids': 'std::nullopt'; 'sub_device_id': 'std::nullopt'; 'subtile_broadcast_type': 'SubtileBroadcastType::NONE'; 'worker_grid': '{[0-0 - 10-9]}'}",HiFi4,110,110,,,10973747715,10973815906,68191,13859583724603,13859583734607,2091877,2091854,7410,6814,6779,,,,219,6763,5801,5869,6397,4911,,,,,,1[1],1[1],32[32],6144[6144],TILE,BFLOAT16,DEV_0_L1_WIDTH_SHARDED,1[1],1[1],32[32],6144[6144],TILE,BFLOAT16,DEV_0_L1_WIDTH_SHARDED,,,,,,,,,,,,,,,,,,,,,,1[1],1[1],32[32],6144[6144],TILE,BFLOAT16,DEV_0_L1_WIDTH_SHARDED,,,,,,,,,,,,,,,,,['ttnn/cpp/ttnn/operations/eltwise/binary_ng/device/kernels/compute/eltwise_binary_sfpu_no_bcast.cpp'],['eltwise_binary_sfpu_no_bcast/5506180665876100763/'],['ttnn/cpp/ttnn/operations/eltwise/binary_ng/device/kernels_ng/dataflow/writer_interleaved_no_bcast.cpp'; 'ttnn/cpp/ttnn/operations/eltwise/binary_ng/device/kernels_ng/dataflow/reader_interleaved_no_bcast.cpp'],['writer_interleaved_no_bcast/272054095409409567/'; 'reader_interleaved_no_bcast/4937705770674958384/'],11530892292686997439,False,1284,2060,1456,1200,1292,0,0,0,0,1,1,1,[],[],0.015,,,,,,,68191
ReshardDeviceOperation,tt_dnn_device,92163,3,blackhole,"{'output_mem_config': 'MemoryConfig(memory_layout=TensorMemoryLayout::WIDTH_SHARDED;buffer_type=BufferType::L1;shard_spec=ShardSpec{grid=[{""start"":{""x"":0;""y"":0};""end"":{""x"":7;""y"":0}]; shape=[32; 768]; orientation=ShardOrientation::ROW_MAJOR};nd_shard_spec=std::nullopt;created_with_nd_shard_spec=0)'}",,8,110,,,10975615077,10975645145,30068,13859586239505,13859586242481,1856420,1856420,2204,1670,1670,,,,119,1509,1670,,,,,,,,,1[1],1[1],32[32],6144[6144],TILE,BFLOAT16,DEV_0_L1_WIDTH_SHARDED,,,,,,,,,,,,,,,,,,,,,,,,,,,,,1[1],1[1],32[32],6144[6144],TILE,BFLOAT16,DEV_0_L1_WIDTH_SHARDED,,,,,,,,,,,,,,,,,[],[],['ttnn/cpp/ttnn/operations/data_movement/sharded/device/kernels/dataflow/reshard_reader.cpp'],['reshard_reader/65709687602297981/'],17945883667344941447,False,924,912,0,0,0,0,0,0,0,1,1,1,[],[],0.06,,,,,,,30068
MatmulDeviceOperation,tt_dnn_device,93187,3,blackhole,"{'bcast_batch': 'true'; 'compute_kernel_config': 'ComputeKernelConfig(math_fidelity=HiFi2;math_approx_mode=0;fp32_dest_acc_en=0;packer_l1_acc=1;dst_full_sync_en=0;throttle_level=ThrottleLevel::NO_THROTTLE)'; 'global_cb': 'std::nullopt'; 'output_dtype': 'DataType::BFLOAT16'; 'output_mem_config': 'MemoryConfig(memory_layout=TensorMemoryLayout::WIDTH_SHARDED;buffer_type=BufferType::L1;shard_spec=ShardSpec{grid=[{""start"":{""x"":0;""y"":0};""end"":{""x"":7;""y"":0}]; shape=[32; 640]; orientation=ShardOrientation::ROW_MAJOR};nd_shard_spec=std::nullopt;created_with_nd_shard_spec=0)'; 'output_tile': 'Tile(tile_shape={32; 32};face_shape={16; 16};num_faces=4)'; 'program_config': 'MatmulMultiCoreReuseMultiCastDRAMShardedProgramConfig(in0_block_w=3;per_core_M=1;per_core_N=20;fused_activation=std::nullopt)'; 'sub_device_id': 'std::nullopt'; 'transpose_a': 'false'; 'transpose_b': 'false'; 'untilize_out': 'false'; 'user_core_coord': 'std::nullopt'; 'user_fused_activation': 'std::nullopt'; 'user_run_batched': 'false'}",HiFi2,80,110,,,10979626319,10979695871,69552,13859591658043,13859591831047,4012137,4012130,128151,127557,127556,,,,227,127485,123118,126226,126252,126656,,,,,,1[1],1[1],32[32],6144[6144],TILE,BFLOAT16,DEV_0_L1_WIDTH_SHARDED,1[1],1[1],6144[6144],5120[5120],TILE,BFLOAT16,DEV_0_DRAM_WIDTH_SHARDED,,,,,,,,,,,,,,,,,,,,,,1[1],1[1],32[32],5120[5120],TILE,BFLOAT16,DEV_0_L1_WIDTH_SHARDED,,,,,,,,,,,,,,,,,['ttnn/cpp/ttnn/operations/matmul/device/kernels/compute/bmm_large_block_zm_fused_bias_activation.cpp'],['bmm_large_block_zm_fused_bias_activation/9333274752371536961/'],['ttnn/cpp/ttnn/operations/matmul/device/kernels/dataflow/reader_bmm_tile_layout_in1_sender_dram_sharded.cpp'; 'ttnn/cpp/ttnn/operations/matmul/device/kernels/dataflow/reader_bmm_tile_layout_in0_sender_dram_sharded.cpp'],['reader_bmm_tile_layout_in1_sender_dram_sharded/1808846658621331033/'; 'reader_bmm_tile_layout_in0_sender_dram_sharded/7377024465460991126/'],8786085534978863698,False,1736,1532,2196,2392,3408,0,0,0,0,114440,6620,114440,[3.4360013008117676; 549.76025390625],[2.8633344173431396],5.19,,,,,,,69552
BinaryNgDeviceOperation,tt_dnn_device,94211,3,blackhole,"{'atol': '0'; 'binary_op_type': 'BinaryOpType::ADD'; 'compute_kernel_config': 'std::nullopt'; 'dtype': 'DataType::BFLOAT16'; 'equal_nan': 'false'; 'input_dtype': 'DataType::BFLOAT16'; 'input_layout_a': 'Layout::TILE'; 'input_layout_b': 'Layout::TILE'; 'is_quant_op': 'false'; 'is_sfpu': 'false'; 'is_where_op': 'false'; 'lhs_activations': '{}'; 'memory_config': 'MemoryConfig(memory_layout=TensorMemoryLayout::WIDTH_SHARDED;buffer_type=BufferType::L1;shard_spec=ShardSpec{grid=[{""start"":{""x"":0;""y"":0};""end"":{""x"":7;""y"":0}]; shape=[32; 640]; orientation=ShardOrientation::ROW_MAJOR};nd_shard_spec=std::nullopt;created_with_nd_shard_spec=0)'; 'output_layout': 'Layout::TILE'; 'post_activations': '{}'; 'rhs_activations': '{}'; 'rtol': '0'; 'scalar': 'std::nullopt'; 'sub_core_grids': 'std::nullopt'; 'sub_device_id': 'std::nullopt'; 'subtile_broadcast_type': 'SubtileBroadcastType::NONE'; 'worker_grid': '{[0-0 - 10-9]}'}",HiFi4,110,110,,,10983708144,10983781194,73050,13859597170744,13859597172907,3957818,3954736,1602,999,996,,,,208,176,248,904,678,975,,,,,,1[1],1[1],32[32],5120[5120],TILE,BFLOAT16,DEV_0_L1_WIDTH_SHARDED,1[1],1[1],32[32],5120[5120],TILE,BFLOAT16,DEV_0_L1_WIDTH_SHARDED,,,,,,,,,,,,,,,,,,,,,,1[1],1[1],32[32],5120[5120],TILE,BFLOAT16,DEV_0_L1_WIDTH_SHARDED,,,,,,,,,,,,,,,,,['ttnn/cpp/ttnn/operations/eltwise/binary_ng/device/kernels/compute/eltwise_binary_no_bcast.cpp'],['eltwise_binary_no_bcast/12960446116978008777/'],['ttnn/cpp/ttnn/operations/eltwise/binary_ng/device/kernels_ng/dataflow/writer_interleaved_no_bcast.cpp'; 'ttnn/cpp/ttnn/operations/eltwise/binary_ng/device/kernels_ng/dataflow/reader_interleaved_no_bcast.cpp'],['writer_interleaved_no_bcast/10744504750127431694/'; 'reader_interleaved_no_bcast/7145738252187598887/'],11665132618597481074,False,340,528,1816,1200,2796,0,0,0,0,1,1,1,[],[],0.1,,,,,,,73050
LayerNormDeviceOperation,tt_dnn_device,95235,3,blackhole,"{'compute_kernel_config': 'ComputeKernelConfig(math_fidelity=HiFi4;math_approx_mode=0;fp32_dest_acc_en=1;packer_l1_acc=1;dst_full_sync_en=0;throttle_level=ThrottleLevel::NO_THROTTLE)'; 'distributed_norm_stage': 'DistributedLayerNormStage::NOT_DISTRIBUTED'; 'dtype': 'std::nullopt'; 'eps': '1e-06'; 'fused_activation': 'std::nullopt'; 'norm_type': 'LayerNormType::RMSNORM'; 'output_mem_config': 'MemoryConfig(memory_layout=TensorMemoryLayout::WIDTH_SHARDED;buffer_type=BufferType::L1;shard_spec=ShardSpec{grid=[{""start"":{""x"":0;""y"":0};""end"":{""x"":7;""y"":0}]; shape=[32; 640]; orientation=ShardOrientation::ROW_MAJOR};nd_shard_spec=std::nullopt;created_with_nd_shard_spec=0)'; 'program_config': 'LayerNormShardedMultiCoreProgramConfig(compute_with_storage_grid_size=8-1;subblock_w=4;block_h=1;block_w=20;inplace=0;legacy_reduction=0;legacy_rsqrt=0;use_welford=0)'}",HiFi4,8,110,,,10983897155,10983899840,2685,13859597420105,13859597434447,184086,184141,10624,9636,9589,,,,373,6586,8136,9587,9272,9524,,,,,,1[1],1[1],32[32],5120[5120],TILE,BFLOAT16,DEV_0_L1_WIDTH_SHARDED,1[1],1[1],160[160],32[32],ROW_MAJOR,BFLOAT16,DEV_0_DRAM_INTERLEAVED,,,,,,,,,,,,,,,,,,,,,,1[1],1[1],32[32],5120[5120],TILE,BFLOAT16,DEV_0_L1_WIDTH_SHARDED,,,,,,,,,,,,,,,,,['ttnn/cpp/ttnn/operations/normalization/layernorm/device/kernels/compute/layernorm_sharded.cpp'],['layernorm_sharded/13304332820784148191/'],['ttnn/cpp/ttnn/operations/normalization/layernorm/device/kernels/dataflow/writer_unary_sharded_ln_rm_gb.cpp'; 'ttnn/cpp/ttnn/operations/normalization/layernorm/device/kernels/dataflow/reader_mcast_receiver_unary_sharded_ln.cpp'; 'ttnn/cpp/ttnn/operations/normalization/layernorm/device/kernels/dataflow/reader_mcast_sender_unary_sharded_ln.cpp'],['writer_unary_sharded_ln_rm_gb/11486218597615482320/'; 'reader_mcast_receiver_unary_sharded_ln/2856035625972871015/'; 'reader_mcast_sender_unary_sharded_ln/9455697357776402043/'],4792198305488196412,False,1744,1488,4108,3952,4396,0,0,0,0,1,1,1,[],[],0.01,,,,,,,2685
MatmulDeviceOperation,tt_dnn_device,96259,3,blackhole,"{'bcast_batch': 'true'; 'compute_kernel_config': 'ComputeKernelConfig(math_fidelity=LoFi;math_approx_mode=0;fp32_dest_acc_en=0;packer_l1_acc=1;dst_full_sync_en=0;throttle_level=ThrottleLevel::NO_THROTTLE)'; 'global_cb': 'std::nullopt'; 'output_dtype': 'DataType::BFLOAT16'; 'output_mem_config': 'MemoryConfig(memory_layout=TensorMemoryLayout::WIDTH_SHARDED;buffer_type=BufferType::L1;shard_spec=ShardSpec{grid=[{""start"":{""x"":0;""y"":0};""end"":{""x"":7;""y"":0}]; shape=[32; 2176]; orientation=ShardOrientation::ROW_MAJOR};nd_shard_spec=std::nullopt;created_with_nd_shard_spec=0)'; 'output_tile': 'Tile(tile_shape={32; 32};face_shape={16; 16};num_faces=4)'; 'program_config': 'MatmulMultiCoreReuseMultiCastDRAMShardedProgramConfig(in0_block_w=5;per_core_M=1;per_core_N=68;fused_activation=UnaryWithParam(op_type=UnaryOpType::SILU))'; 'sub_device_id': 'std::nullopt'; 'transpose_a': 'false'; 'transpose_b': 'false'; 'untilize_out': 'false'; 'user_core_coord': 'std::nullopt'; 'user_fused_activation': 'std::nullopt'; 'user_run_batched': 'false'}",LoFi,80,110,,,10988275156,10988343236,68080,13859603334097,13859603639186,4370730,4370744,225992,225401,225383,,,,204,225314,147210,207961,207894,223415,,,,,,1[1],1[1],32[32],5120[5120],TILE,BFLOAT16,DEV_0_L1_WIDTH_SHARDED,1[1],1[1],5120[5120],17408[17408],TILE,BFLOAT4_B,DEV_0_DRAM_WIDTH_SHARDED,,,,,,,,,,,,,,,,,,,,,,1[1],1[1],32[32],17408[17408],TILE,BFLOAT16,DEV_0_L1_WIDTH_SHARDED,,,,,,,,,,,,,,,,,['ttnn/cpp/ttnn/operations/matmul/device/kernels/compute/bmm_large_block_zm_fused_bias_activation.cpp'],['bmm_large_block_zm_fused_bias_activation/4204965041694067704/'],['ttnn/cpp/ttnn/operations/matmul/device/kernels/dataflow/reader_bmm_tile_layout_in1_sender_dram_sharded.cpp'; 'ttnn/cpp/ttnn/operations/matmul/device/kernels/dataflow/reader_bmm_tile_layout_in0_sender_dram_sharded.cpp'],['reader_bmm_tile_layout_in1_sender_dram_sharded/16193105320083668813/'; 'reader_bmm_tile_layout_in0_sender_dram_sharded/14609025528022990150/'],5117040833995949906,False,1748,1516,2356,2540,4076,0,0,0,0,162124,9379,162124,[2.0211689472198486; 549.7579345703125],[6.871974468231201],4.161,,,,,,,68080
MatmulDeviceOperation,tt_dnn_device,97283,3,blackhole,"{'bcast_batch': 'true'; 'compute_kernel_config': 'ComputeKernelConfig(math_fidelity=LoFi;math_approx_mode=0;fp32_dest_acc_en=0;packer_l1_acc=1;dst_full_sync_en=0;throttle_level=ThrottleLevel::NO_THROTTLE)'; 'global_cb': 'std::nullopt'; 'output_dtype': 'DataType::BFLOAT16'; 'output_mem_config': 'MemoryConfig(memory_layout=TensorMemoryLayout::WIDTH_SHARDED;buffer_type=BufferType::L1;shard_spec=ShardSpec{grid=[{""start"":{""x"":0;""y"":0};""end"":{""x"":7;""y"":0}]; shape=[32; 2176]; orientation=ShardOrientation::ROW_MAJOR};nd_shard_spec=std::nullopt;created_with_nd_shard_spec=0)'; 'output_tile': 'Tile(tile_shape={32; 32};face_shape={16; 16};num_faces=4)'; 'program_config': 'MatmulMultiCoreReuseMultiCastDRAMShardedProgramConfig(in0_block_w=5;per_core_M=1;per_core_N=68;fused_activation=std::nullopt)'; 'sub_device_id': 'std::nullopt'; 'transpose_a': 'false'; 'transpose_b': 'false'; 'untilize_out': 'false'; 'user_core_coord': 'std::nullopt'; 'user_fused_activation': 'std::nullopt'; 'user_run_batched': 'false'}",LoFi,80,110,,,10991320234,10991378686,58452,13859607445474,13859607661747,2820062,2820097,160202,159610,159583,,,,191,159558,147052,157359,157289,157551,,,,,,1[1],1[1],32[32],5120[5120],TILE,BFLOAT16,DEV_0_L1_WIDTH_SHARDED,1[1],1[1],5120[5120],17408[17408],TILE,BFLOAT4_B,DEV_0_DRAM_WIDTH_SHARDED,,,,,,,,,,,,,,,,,,,,,,1[1],1[1],32[32],17408[17408],TILE,BFLOAT16,DEV_0_L1_WIDTH_SHARDED,,,,,,,,,,,,,,,,,['ttnn/cpp/ttnn/operations/matmul/device/kernels/compute/bmm_large_block_zm_fused_bias_activation.cpp'],['bmm_large_block_zm_fused_bias_activation/9871472176502329303/'],['ttnn/cpp/ttnn/operations/matmul/device/kernels/dataflow/reader_bmm_tile_layout_in1_sender_dram_sharded.cpp'; 'ttnn/cpp/ttnn/operations/matmul/device/kernels/dataflow/reader_bmm_tile_layout_in0_sender_dram_sharded.cpp'],['reader_bmm_tile_layout_in1_sender_dram_sharded/16193105320083668813/'; 'reader_bmm_tile_layout_in0_sender_dram_sharded/14609025528022990150/'],394803733913187558,False,1748,1516,2356,2540,3508,0,0,0,0,162124,9379,162124,[2.0211689472198486; 549.7579345703125],[6.871974468231201],5.876,,,,,,,58452
BinaryNgDeviceOperation,tt_dnn_device,98307,3,blackhole,"{'atol': '0'; 'binary_op_type': 'BinaryOpType::MUL'; 'compute_kernel_config': 'std::nullopt'; 'dtype': 'DataType::BFLOAT16'; 'equal_nan': 'false'; 'input_dtype': 'DataType::BFLOAT16'; 'input_layout_a': 'Layout::TILE'; 'input_layout_b': 'Layout::TILE'; 'is_quant_op': 'false'; 'is_sfpu': 'true'; 'is_where_op': 'false'; 'lhs_activations': '{}'; 'memory_config': 'MemoryConfig(memory_layout=TensorMemoryLayout::WIDTH_SHARDED;buffer_type=BufferType::L1;shard_spec=ShardSpec{grid=[{""start"":{""x"":0;""y"":0};""end"":{""x"":10;""y"":8}; {""start"":{""x"":0;""y"":9};""end"":{""x"":9;""y"":9}]; shape=[32; 160]; orientation=ShardOrientation::ROW_MAJOR};nd_shard_spec=std::nullopt;created_with_nd_shard_spec=0)'; 'output_layout': 'Layout::TILE'; 'post_activations': '{}'; 'rhs_activations': '{}'; 'rtol': '0'; 'scalar': 'std::nullopt'; 'sub_core_grids': 'std::nullopt'; 'sub_device_id': 'std::nullopt'; 'subtile_broadcast_type': 'SubtileBroadcastType::NONE'; 'worker_grid': '{[0-0 - 10-9]}'}",HiFi4,110,110,,,11256874835,11256993672,118837,13859965935547,13859965964368,265384804,265390962,21349,20756,20755,,,,366,20593,19950,19990,20513,19576,,,,,,1[1],1[1],32[32],17408[17408],TILE,BFLOAT16,DEV_0_L1_WIDTH_SHARDED,1[1],1[1],32[32],17408[17408],TILE,BFLOAT16,DEV_0_L1_WIDTH_SHARDED,,,,,,,,,,,,,,,,,,,,,,1[1],1[1],32[32],17408[17408],TILE,BFLOAT16,DEV_0_L1_WIDTH_SHARDED,,,,,,,,,,,,,,,,,['ttnn/cpp/ttnn/operations/eltwise/binary_ng/device/kernels/compute/eltwise_binary_sfpu_no_bcast.cpp'],['eltwise_binary_sfpu_no_bcast/5506180665876100763/'],['ttnn/cpp/ttnn/operations/eltwise/binary_ng/device/kernels_ng/dataflow/writer_interleaved_no_bcast.cpp'; 'ttnn/cpp/ttnn/operations/eltwise/binary_ng/device/kernels_ng/dataflow/reader_interleaved_no_bcast.cpp'],['writer_interleaved_no_bcast/15906142472867105984/'; 'reader_interleaved_no_bcast/15682222177346204092/'],17567432997850983751,False,1564,1928,1456,1200,1292,0,0,0,0,1,1,1,[],[],0.005,,,,,,,118837
ReshardDeviceOperation,tt_dnn_device,99331,3,blackhole,"{'output_mem_config': 'MemoryConfig(memory_layout=TensorMemoryLayout::WIDTH_SHARDED;buffer_type=BufferType::L1;shard_spec=ShardSpec{grid=[{""start"":{""x"":0;""y"":0};""end"":{""x"":7;""y"":0}]; shape=[32; 2176]; orientation=ShardOrientation::ROW_MAJOR};nd_shard_spec=std::nullopt;created_with_nd_shard_spec=0)'}",,8,110,,,11257467515,11257508975,41460,13859966733818,13859966740353,570469,570469,4841,4299,4299,,,,113,4213,1450,,,,,,,,,1[1],1[1],32[32],17408[17408],TILE,BFLOAT16,DEV_0_L1_WIDTH_SHARDED,,,,,,,,,,,,,,,,,,,,,,,,,,,,,1[1],1[1],32[32],17408[17408],TILE,BFLOAT16,DEV_0_L1_WIDTH_SHARDED,,,,,,,,,,,,,,,,,[],[],['ttnn/cpp/ttnn/operations/data_movement/sharded/device/kernels/dataflow/reshard_reader.cpp'],['reshard_reader/65709687602297981/'],15360536215659455503,False,924,912,0,0,0,0,0,0,0,1,1,1,[],[],0.023,,,,,,,41460
MatmulDeviceOperation,tt_dnn_device,100355,3,blackhole,"{'bcast_batch': 'true'; 'compute_kernel_config': 'ComputeKernelConfig(math_fidelity=LoFi;math_approx_mode=0;fp32_dest_acc_en=0;packer_l1_acc=1;dst_full_sync_en=0;throttle_level=ThrottleLevel::NO_THROTTLE)'; 'global_cb': 'std::nullopt'; 'output_dtype': 'DataType::BFLOAT16'; 'output_mem_config': 'MemoryConfig(memory_layout=TensorMemoryLayout::WIDTH_SHARDED;buffer_type=BufferType::L1;shard_spec=ShardSpec{grid=[{""start"":{""x"":0;""y"":0};""end"":{""x"":7;""y"":0}]; shape=[32; 640]; orientation=ShardOrientation::ROW_MAJOR};nd_shard_spec=std::nullopt;created_with_nd_shard_spec=0)'; 'output_tile': 'Tile(tile_shape={32; 32};face_shape={16; 16};num_faces=4)'; 'program_config': 'MatmulMultiCoreReuseMultiCastDRAMShardedProgramConfig(in0_block_w=17;per_core_M=1;per_core_N=20;fused_activation=std::nullopt)'; 'sub_device_id': 'std::nullopt'; 'transpose_a': 'false'; 'transpose_b': 'false'; 'untilize_out': 'false'; 'user_core_coord': 'std::nullopt'; 'user_fused_activation': 'std::nullopt'; 'user_run_batched': 'false'}",LoFi,80,110,,,11262006624,11262090654,84030,13859972863484,13859973072248,4536245,4536237,154640,154058,154047,,,,195,154005,144821,152907,152921,153201,,,,,,1[1],1[1],32[32],17408[17408],TILE,BFLOAT16,DEV_0_L1_WIDTH_SHARDED,1[1],1[1],17408[17408],5120[5120],TILE,BFLOAT4_B,DEV_0_DRAM_WIDTH_SHARDED,,,,,,,,,,,,,,,,,,,,,,1[1],1[1],32[32],5120[5120],TILE,BFLOAT16,DEV_0_L1_WIDTH_SHARDED,,,,,,,,,,,,,,,,,['ttnn/cpp/ttnn/operations/matmul/device/kernels/compute/bmm_large_block_zm_fused_bias_activation.cpp'],['bmm_large_block_zm_fused_bias_activation/13308528098816177590/'],['ttnn/cpp/ttnn/operations/matmul/device/kernels/dataflow/reader_bmm_tile_layout_in1_sender_dram_sharded.cpp'; 'ttnn/cpp/ttnn/operations/matmul/device/kernels/dataflow/reader_bmm_tile_layout_in0_sender_dram_sharded.cpp'],['reader_bmm_tile_layout_in1_sender_dram_sharded/11951767514497923403/'; 'reader_bmm_tile_layout_in0_sender_dram_sharded/9237764948800225221/'],17702784907454450807,False,1752,1936,2352,2552,3408,0,0,0,0,162124,9379,162124,[6.871974468231201; 549.7579345703125],[2.0211689472198486],6.088,,,,,,,84030
BinaryNgDeviceOperation,tt_dnn_device,101379,3,blackhole,"{'atol': '0'; 'binary_op_type': 'BinaryOpType::ADD'; 'compute_kernel_config': 'std::nullopt'; 'dtype': 'DataType::BFLOAT16'; 'equal_nan': 'false'; 'input_dtype': 'DataType::BFLOAT16'; 'input_layout_a': 'Layout::TILE'; 'input_layout_b': 'Layout::TILE'; 'is_quant_op': 'false'; 'is_sfpu': 'false'; 'is_where_op': 'false'; 'lhs_activations': '{}'; 'memory_config': 'MemoryConfig(memory_layout=TensorMemoryLayout::WIDTH_SHARDED;buffer_type=BufferType::L1;shard_spec=ShardSpec{grid=[{""start"":{""x"":0;""y"":0};""end"":{""x"":7;""y"":0}]; shape=[32; 640]; orientation=ShardOrientation::ROW_MAJOR};nd_shard_spec=std::nullopt;created_with_nd_shard_spec=0)'; 'output_layout': 'Layout::TILE'; 'post_activations': '{}'; 'rhs_activations': '{}'; 'rtol': '0'; 'scalar': 'std::nullopt'; 'sub_core_grids': 'std::nullopt'; 'sub_device_id': 'std::nullopt'; 'subtile_broadcast_type': 'SubtileBroadcastType::NONE'; 'worker_grid': '{[0-0 - 10-9]}'}",HiFi4,110,110,,,11262255949,11262259115,3166,13859973203072,13859973205303,97479,97479,1653,1048,1048,,,,192,173,262,941,713,1031,,,,,,1[1],1[1],32[32],5120[5120],TILE,BFLOAT16,DEV_0_L1_WIDTH_SHARDED,1[1],1[1],32[32],5120[5120],TILE,BFLOAT16,DEV_0_L1_WIDTH_SHARDED,,,,,,,,,,,,,,,,,,,,,,1[1],1[1],32[32],5120[5120],TILE,BFLOAT16,DEV_0_L1_WIDTH_SHARDED,,,,,,,,,,,,,,,,,['ttnn/cpp/ttnn/operations/eltwise/binary_ng/device/kernels/compute/eltwise_binary_no_bcast.cpp'],['eltwise_binary_no_bcast/12960446116978008777/'],['ttnn/cpp/ttnn/operations/eltwise/binary_ng/device/kernels_ng/dataflow/writer_interleaved_no_bcast.cpp'; 'ttnn/cpp/ttnn/operations/eltwise/binary_ng/device/kernels_ng/dataflow/reader_interleaved_no_bcast.cpp'],['writer_interleaved_no_bcast/10744504750127431694/'; 'reader_interleaved_no_bcast/7145738252187598887/'],11665132618597481074,False,340,528,1816,1200,2796,0,0,0,0,1,1,1,[],[],0.095,,,,,,,3166
PERF_DECODE,signpost,,,,,,,,,,11271502557,,,,,,,,,,,,,,,,,,,,,,,,,,,,,,,,,,,,,,,,,,,,,,,,,,,,,,,,,,,,,,,,,,,,,,,,,,,,,,,,,,,,,,,,,,,,,,,,,,,,,,,,,,,,,
InterleavedToShardedDeviceOperation,tt_dnn_device,102403,3,blackhole,"{'keep_l1_aligned': 'false'; 'output_dtype': 'DataType::BFLOAT16'; 'output_mem_config': 'MemoryConfig(memory_layout=TensorMemoryLayout::WIDTH_SHARDED;buffer_type=BufferType::L1;shard_spec=ShardSpec{grid=[{""start"":{""x"":0;""y"":0};""end"":{""x"":7;""y"":0}]; shape=[32; 640]; orientation=ShardOrientation::ROW_MAJOR};nd_shard_spec=std::nullopt;created_with_nd_shard_spec=0)'}",,8,110,,,11271811396,11271814652,3256,13859986092331,13859986094846,9548024,9548024,1863,1358,1358,,,,71,1315,1344,,,,,,,,,1[1],1[1],32[32],5120[5120],TILE,BFLOAT16,DEV_0_DRAM_INTERLEAVED,,,,,,,,,,,,,,,,,,,,,,,,,,,,,1[1],1[1],32[32],5120[5120],TILE,BFLOAT16,DEV_0_L1_WIDTH_SHARDED,,,,,,,,,,,,,,,,,[],[],['ttnn/cpp/ttnn/operations/data_movement/sharded/device/kernels/dataflow/writer_unary_sharded.cpp'; 'ttnn/cpp/ttnn/operations/data_movement/sharded/device/kernels/dataflow/reader_unary_sharded_blocks_interleaved_start_id.cpp'],['writer_unary_sharded/8354490188168529288/'; 'reader_unary_sharded_blocks_interleaved_start_id/3275973852447321533/'],13247256223977997579,False,384,876,0,0,0,0,0,0,0,1,1,1,[],[],0.074,,,,,,,3256
LayerNormDeviceOperation,tt_dnn_device,103427,3,blackhole,"{'compute_kernel_config': 'ComputeKernelConfig(math_fidelity=HiFi4;math_approx_mode=0;fp32_dest_acc_en=1;packer_l1_acc=1;dst_full_sync_en=0;throttle_level=ThrottleLevel::NO_THROTTLE)'; 'distributed_norm_stage': 'DistributedLayerNormStage::NOT_DISTRIBUTED'; 'dtype': 'std::nullopt'; 'eps': '1e-06'; 'fused_activation': 'std::nullopt'; 'norm_type': 'LayerNormType::RMSNORM'; 'output_mem_config': 'MemoryConfig(memory_layout=TensorMemoryLayout::WIDTH_SHARDED;buffer_type=BufferType::L1;shard_spec=ShardSpec{grid=[{""start"":{""x"":0;""y"":0};""end"":{""x"":7;""y"":0}]; shape=[32; 640]; orientation=ShardOrientation::ROW_MAJOR};nd_shard_spec=std::nullopt;created_with_nd_shard_spec=0)'; 'program_config': 'LayerNormShardedMultiCoreProgramConfig(compute_with_storage_grid_size=8-1;subblock_w=4;block_h=1;block_w=20;inplace=0;legacy_reduction=0;legacy_rsqrt=0;use_welford=0)'}",HiFi4,8,110,,,11271902690,11271905435,2745,13859986222700,13859986237020,95655,95714,10607,9633,9577,,,,374,6476,8127,9579,9268,9510,,,,,,1[1],1[1],32[32],5120[5120],TILE,BFLOAT16,DEV_0_L1_WIDTH_SHARDED,1[1],1[1],160[160],32[32],ROW_MAJOR,BFLOAT16,DEV_0_DRAM_INTERLEAVED,,,,,,,,,,,,,,,,,,,,,,1[1],1[1],32[32],5120[5120],TILE,BFLOAT16,DEV_0_L1_WIDTH_SHARDED,,,,,,,,,,,,,,,,,['ttnn/cpp/ttnn/operations/normalization/layernorm/device/kernels/compute/layernorm_sharded.cpp'],['layernorm_sharded/13304332820784148191/'],['ttnn/cpp/ttnn/operations/normalization/layernorm/device/kernels/dataflow/writer_unary_sharded_ln_rm_gb.cpp'; 'ttnn/cpp/ttnn/operations/normalization/layernorm/device/kernels/dataflow/reader_mcast_receiver_unary_sharded_ln.cpp'; 'ttnn/cpp/ttnn/operations/normalization/layernorm/device/kernels/dataflow/reader_mcast_sender_unary_sharded_ln.cpp'],['writer_unary_sharded_ln_rm_gb/11486218597615482320/'; 'reader_mcast_receiver_unary_sharded_ln/2856035625972871015/'; 'reader_mcast_sender_unary_sharded_ln/9455697357776402043/'],4792198305488196412,False,1744,1488,4108,3952,4396,0,0,0,0,1,1,1,[],[],0.01,,,,,,,2745
TypecastDeviceOperation,tt_dnn_device,104451,3,blackhole,{'bfp8_pack_precise': 'false'; 'fp32_dest_acc_en': 'true'; 'input_dtype': 'DataType::UINT32'; 'output_dtype': 'DataType::INT32'; 'output_memory_config': 'MemoryConfig(memory_layout=TensorMemoryLayout::INTERLEAVED;buffer_type=BufferType::DRAM;shard_spec=std::nullopt;nd_shard_spec=std::nullopt;created_with_nd_shard_spec=0)'; 'preserve_fp32_precision': 'false'; 'sub_core_grids': 'std::nullopt'},HiFi4,1,110,,,11271935683,11271937697,2014,13859986266745,13859986268647,22586,22580,1409,865,864,,,,14,860,408,490,151,215,,,,,,1[1],1[1],1[1],32[32],ROW_MAJOR,UINT32,DEV_0_DRAM_INTERLEAVED,,,,,,,,,,,,,,,,,,,,,,,,,,,,,1[1],1[1],1[1],32[32],ROW_MAJOR,INT32,DEV_0_DRAM_INTERLEAVED,,,,,,,,,,,,,,,,,['ttnn/cpp/ttnn/operations/copy/typecast/device/kernels/compute/eltwise_typecast.cpp'],['eltwise_typecast/4567260315477164635/'],['ttnn/cpp/ttnn/operations/copy/typecast/device/kernels/dataflow/writer_typecast_rm_chunked.cpp'; 'ttnn/cpp/ttnn/operations/copy/typecast/device/kernels/dataflow/reader_typecast_rm_chunked.cpp'],['writer_typecast_rm_chunked/13856981104660378978/'; 'reader_typecast_rm_chunked/5226001286861947444/'],17686273403887652333,False,680,620,1316,800,1128,0,0,0,0,1,1,1,[],[],0.116,,,,,,,2014
MatmulDeviceOperation,tt_dnn_device,105475,3,blackhole,"{'bcast_batch': 'true'; 'compute_kernel_config': 'ComputeKernelConfig(math_fidelity=HiFi2;math_approx_mode=0;fp32_dest_acc_en=0;packer_l1_acc=1;dst_full_sync_en=0;throttle_level=ThrottleLevel::NO_THROTTLE)'; 'global_cb': 'std::nullopt'; 'output_dtype': 'DataType::BFLOAT16'; 'output_mem_config': 'MemoryConfig(memory_layout=TensorMemoryLayout::WIDTH_SHARDED;buffer_type=BufferType::L1;shard_spec=ShardSpec{grid=[{""start"":{""x"":0;""y"":0};""end"":{""x"":7;""y"":0}]; shape=[32; 1792]; orientation=ShardOrientation::ROW_MAJOR};nd_shard_spec=std::nullopt;created_with_nd_shard_spec=0)'; 'output_tile': 'Tile(tile_shape={32; 32};face_shape={16; 16};num_faces=4)'; 'program_config': 'MatmulMultiCoreReuseMultiCastDRAMShardedProgramConfig(in0_block_w=2;per_core_M=1;per_core_N=56;fused_activation=std::nullopt)'; 'sub_device_id': 'std::nullopt'; 'transpose_a': 'false'; 'transpose_b': 'false'; 'untilize_out': 'false'; 'user_core_coord': 'std::nullopt'; 'user_fused_activation': 'std::nullopt'; 'user_run_batched': 'false'}",HiFi2,80,110,,,11272016527,11272018841,2314,13859986379322,13859986778617,82571,82588,295774,295160,295143,,,,226,295064,285565,292940,293004,293429,,,,,,1[1],1[1],32[32],5120[5120],TILE,BFLOAT16,DEV_0_L1_WIDTH_SHARDED,1[1],1[1],5120[5120],14336[14336],TILE,BFLOAT16,DEV_0_DRAM_WIDTH_SHARDED,,,,,,,,,,,,,,,,,,,,,,1[1],1[1],32[32],14336[14336],TILE,BFLOAT16,DEV_0_L1_WIDTH_SHARDED,,,,,,,,,,,,,,,,,['ttnn/cpp/ttnn/operations/matmul/device/kernels/compute/bmm_large_block_zm_fused_bias_activation.cpp'],['bmm_large_block_zm_fused_bias_activation/1394846316394388057/'],['ttnn/cpp/ttnn/operations/matmul/device/kernels/dataflow/reader_bmm_tile_layout_in1_sender_dram_sharded.cpp'; 'ttnn/cpp/ttnn/operations/matmul/device/kernels/dataflow/reader_bmm_tile_layout_in0_sender_dram_sharded.cpp'],['reader_bmm_tile_layout_in1_sender_dram_sharded/10023605166917109704/'; 'reader_bmm_tile_layout_in0_sender_dram_sharded/15712585685845745437/'],3822365510990928242,False,1732,1532,2164,2252,3512,0,0,0,0,267028,15447,267028,[1.2271372079849243; 549.7575073242188],[3.4359841346740723],5.233,,,,,,,2314
SliceDeviceOperation,tt_dnn_device,106499,3,blackhole,"{'num_devices': 'std::nullopt'; 'output_mem_config': 'MemoryConfig(memory_layout=TensorMemoryLayout::WIDTH_SHARDED;buffer_type=BufferType::L1;shard_spec=ShardSpec{grid=[{""start"":{""x"":0;""y"":0};""end"":{""x"":7;""y"":0}]; shape=[32; 1792]; orientation=ShardOrientation::ROW_MAJOR};nd_shard_spec={""shard_shape"":[32; 1792];""grid"":[{""start"":{""x"":0;""y"":0};""end"":{""x"":7;""y"":0}}];""orientation"":""ShardOrientation::ROW_MAJOR"";""shard_distribution_strategy"":""ShardDistributionStrategy::ROUND_ROBIN_1D""};created_with_nd_shard_spec=0)'; 'slice_dim': 'std::nullopt'; 'slice_end': 'Shape([1; 1; 32; 8192])'; 'slice_start': 'Shape([0; 0; 0; 0])'; 'step': 'Shape([1; 1; 1; 1])'; 'sub_core_grids': 'std::nullopt'; 'use_tensor_args': 'false'}",,110,110,,,11272077113,11272079357,2244,13859986473903,13859986786408,573,573,231485,5223,5223,,,,1112,5220,3687,,,,,,,,,1[1],1[1],32[32],14336[14336],TILE,BFLOAT16,DEV_0_L1_WIDTH_SHARDED,,,,,,,,,,,,,,,,,,,,,,,,,,,,,1[1],1[1],32[32],8192[8192],TILE,BFLOAT16,DEV_0_L1_WIDTH_SHARDED,,,,,,,,,,,,,,,,,[],[],['ttnn/cpp/ttnn/operations/data_movement/slice/device/kernels/dataflow/writer_unary_interleaved_start_id.cpp'; 'ttnn/cpp/ttnn/operations/data_movement/slice/device/kernels/dataflow/reader_unary_unpad_dims_interleaved_start_id.cpp'],['writer_unary_interleaved_start_id/5921807640014258885/'; 'reader_unary_unpad_dims_interleaved_start_id/1642534171694608853/'],7277254878222162615,False,752,832,0,0,0,0,0,0,0,749,749,1,[1224.971923828125],[699.9840087890625],14.34,,,,,,,2244
SliceDeviceOperation,tt_dnn_device,107523,3,blackhole,"{'num_devices': 'std::nullopt'; 'output_mem_config': 'MemoryConfig(memory_layout=TensorMemoryLayout::WIDTH_SHARDED;buffer_type=BufferType::L1;shard_spec=ShardSpec{grid=[{""start"":{""x"":0;""y"":0};""end"":{""x"":7;""y"":0}]; shape=[32; 1792]; orientation=ShardOrientation::ROW_MAJOR};nd_shard_spec={""shard_shape"":[32; 1792];""grid"":[{""start"":{""x"":0;""y"":0};""end"":{""x"":7;""y"":0}}];""orientation"":""ShardOrientation::ROW_MAJOR"";""shard_distribution_strategy"":""ShardDistributionStrategy::ROUND_ROBIN_1D""};created_with_nd_shard_spec=0)'; 'slice_dim': 'std::nullopt'; 'slice_end': 'Shape([1; 1; 32; 14336])'; 'slice_start': 'Shape([0; 0; 0; 8192])'; 'step': 'Shape([1; 1; 1; 1])'; 'sub_core_grids': 'std::nullopt'; 'use_tensor_args': 'false'}",,110,110,,,11272115846,11272116778,932,13859986782650,13859986793240,588,588,7844,4472,4472,,,,1050,4470,4175,,,,,,,,,1[1],1[1],32[32],14336[14336],TILE,BFLOAT16,DEV_0_L1_WIDTH_SHARDED,,,,,,,,,,,,,,,,,,,,,,,,,,,,,1[1],1[1],32[32],6144[6144],TILE,BFLOAT16,DEV_0_L1_WIDTH_SHARDED,,,,,,,,,,,,,,,,,[],[],['ttnn/cpp/ttnn/operations/data_movement/slice/device/kernels/dataflow/writer_unary_interleaved_start_id.cpp'; 'ttnn/cpp/ttnn/operations/data_movement/slice/device/kernels/dataflow/reader_unary_unpad_dims_interleaved_start_id.cpp'],['writer_unary_interleaved_start_id/9044340460985149967/'; 'reader_unary_unpad_dims_interleaved_start_id/1642534171694608853/'],16691633533172188961,False,784,832,0,0,0,0,0,0,0,637,637,1,[1440.3516845703125],[617.2935791015625],14.244,,,,,,,932
ShardedToInterleavedDeviceOperation,tt_dnn_device,108547,3,blackhole,{'num_slices': '1'; 'output_dtype': 'DataType::BFLOAT16'; 'output_mem_config': 'MemoryConfig(memory_layout=TensorMemoryLayout::INTERLEAVED;buffer_type=BufferType::L1;shard_spec=std::nullopt;nd_shard_spec=std::nullopt;created_with_nd_shard_spec=0)'; 'slice_index': '0'},,5,110,,,11272146264,11272148228,1964,13859986790334,13859986796952,529,529,4902,2215,2215,,,,36,2213,74,,,,,,,,,1[1],1[1],32[32],8192[8192],TILE,BFLOAT16,DEV_0_L1_WIDTH_SHARDED,,,,,,,,,,,,,,,,,,,,,,,,,,,,,1[1],1[1],32[32],8192[8192],TILE,BFLOAT16,DEV_0_L1_INTERLEAVED,,,,,,,,,,,,,,,,,[],[],['ttnn/cpp/ttnn/operations/data_movement/sharded/device/kernels/dataflow/writer_unary_sharded_blocks_interleaved_start_id.cpp'; 'ttnn/cpp/ttnn/operations/eltwise/unary/device/kernels/dataflow/reader_unary_sharded.cpp'],['writer_unary_sharded_blocks_interleaved_start_id/16059180068886764439/'; 'reader_unary_sharded/5324219487655416857/'],9346686309946751824,False,920,404,0,0,0,0,0,0,0,1,1,1,[],[],0.045,,,,,,,1964
NLPCreateQKVHeadsDecodeDeviceOperation,tt_dnn_device,109571,3,blackhole,"{'head_dim': '256'; 'input_on_subcoregrids': 'false'; 'num_kv_heads': '4'; 'num_q_heads': '24'; 'output_mem_config': 'MemoryConfig(memory_layout=TensorMemoryLayout::HEIGHT_SHARDED;buffer_type=BufferType::L1;shard_spec=ShardSpec{grid=[{""start"":{""x"":0;""y"":0};""end"":{""x"":7;""y"":3}]; shape=[0; 0]; orientation=ShardOrientation::ROW_MAJOR};nd_shard_spec=std::nullopt;created_with_nd_shard_spec=0)'; 'overlap_qk_coregrid': 'true'; 'slice_size': 'std::nullopt'}",,32,110,,,11272202381,11272203964,1583,13859986794969,13859986819454,551,551,18137,16118,16118,,,,1181,16114,16073,,,,,,,,,1[1],1[1],32[32],8192[8192],TILE,BFLOAT16,DEV_0_L1_INTERLEAVED,,,,,,,,,,,,,,,,,,,,,,,,,,,,,1[1],32[32],32[24],256[256],TILE,BFLOAT16,DEV_0_L1_HEIGHT_SHARDED,1[1],32[32],32[4],256[256],TILE,BFLOAT16,DEV_0_L1_HEIGHT_SHARDED,1[1],32[32],32[4],256[256],TILE,BFLOAT16,DEV_0_L1_HEIGHT_SHARDED,,,[],[],['ttnn/cpp/ttnn/operations/experimental/transformer/nlp_create_qkv_heads_decode/device/kernels/reader_interleaved_tm_tile_layout_nlp_create_qkv_heads_decode.cpp'],['reader_interleaved_tm_tile_layout_nlp_create_qkv_heads_decode/14976168462045345277/'],12276478972524758985,False,1144,1152,0,0,0,0,0,0,0,1,1,1,[],[],0.006,,,,,,,1583
ShardedToInterleavedDeviceOperation,tt_dnn_device,110595,3,blackhole,{'num_slices': '1'; 'output_dtype': 'DataType::BFLOAT16'; 'output_mem_config': 'MemoryConfig(memory_layout=TensorMemoryLayout::INTERLEAVED;buffer_type=BufferType::DRAM;shard_spec=std::nullopt;nd_shard_spec=std::nullopt;created_with_nd_shard_spec=0)'; 'slice_index': '0'},,32,110,,,11272226037,11272227209,1172,13859986819395,13859986823384,559,559,2955,2351,2351,,,,1060,2349,1020,,,,,,,,,1[1],32[32],32[24],256[256],TILE,BFLOAT16,DEV_0_L1_HEIGHT_SHARDED,,,,,,,,,,,,,,,,,,,,,,,,,,,,,1[1],32[32],32[24],256[256],TILE,BFLOAT16,DEV_0_DRAM_INTERLEAVED,,,,,,,,,,,,,,,,,[],[],['ttnn/cpp/ttnn/operations/data_movement/sharded/device/kernels/dataflow/writer_unary_sharded_blocks_interleaved_start_id.cpp'; 'ttnn/cpp/ttnn/operations/eltwise/unary/device/kernels/dataflow/reader_unary_sharded.cpp'],['writer_unary_sharded_blocks_interleaved_start_id/5884187274843898850/'; 'reader_unary_sharded/5324219487655416857/'],1444912895069863332,False,880,404,0,0,0,0,0,0,0,1,1,1,[],[],0.043,,,,,,,1172
ReshapeViewDeviceOperation,tt_dnn_device,111619,3,blackhole,{'logical_output_shape': 'Shape([1; 768; 256])'; 'output_mem_config': 'MemoryConfig(memory_layout=TensorMemoryLayout::INTERLEAVED;buffer_type=BufferType::DRAM;shard_spec=std::nullopt;nd_shard_spec=std::nullopt;created_with_nd_shard_spec=0)'; 'padded_output_shape': 'Shape([1; 768; 256])'; 'recreate_mapping_tensor': 'false'; 'sub_core_grid': 'std::nullopt'},,110,110,,,11272262075,11272263538,1463,13859986821158,13859986840831,514,514,14573,12417,12417,,,,1170,12417,11273,,,,,,,,,1[1],32[32],32[24],256[256],TILE,BFLOAT16,DEV_0_DRAM_INTERLEAVED,,,,,,,,,,,,,,,,,,,,,,,,,,,,,1[1],1[1],768[768],256[256],TILE,BFLOAT16,DEV_0_DRAM_INTERLEAVED,,,,,,,,,,,,,,,,,[],[],['ttnn/cpp/ttnn/operations/data_movement/reshape_view/device/device/dataflow/writer_reshape_tiled.cpp'; 'ttnn/cpp/ttnn/operations/data_movement/reshape_view/device/device/dataflow/reader_reshape_tiled.cpp'],['writer_reshape_tiled/13182483808324967346/'; 'reader_reshape_tiled/14551982680914051584/'],15909706510421889610,False,1756,980,0,0,0,0,0,0,0,1,1,1,[],[],0.008,,,,,,,1463
LayerNormDeviceOperation,tt_dnn_device,112643,3,blackhole,{'compute_kernel_config': 'ComputeKernelConfig(math_fidelity=HiFi4;math_approx_mode=1;fp32_dest_acc_en=0;packer_l1_acc=0;dst_full_sync_en=0;throttle_level=ThrottleLevel::NO_THROTTLE)'; 'distributed_norm_stage': 'DistributedLayerNormStage::NOT_DISTRIBUTED'; 'dtype': 'std::nullopt'; 'eps': '1e-06'; 'fused_activation': 'std::nullopt'; 'norm_type': 'LayerNormType::RMSNORM'; 'output_mem_config': 'MemoryConfig(memory_layout=TensorMemoryLayout::INTERLEAVED;buffer_type=BufferType::DRAM;shard_spec=std::nullopt;nd_shard_spec=std::nullopt;created_with_nd_shard_spec=0)'; 'program_config': 'LayerNormDefaultProgramConfig(legacy_reduction=0;legacy_rsqrt=0;use_welford=0)'},HiFi4,24,110,,,11272303164,11272304657,1493,13859986832487,13859986851049,525,528,13750,7041,7039,,,,1187,7039,3217,6132,6073,6456,,,,,,1[1],1[1],768[768],256[256],TILE,BFLOAT16,DEV_0_DRAM_INTERLEAVED,1[1],1[1],32[1],256[256],TILE,BFLOAT16,DEV_0_DRAM_INTERLEAVED,,,,,,,,,,,,,,,,,,,,,,1[1],1[1],768[768],256[256],TILE,BFLOAT16,DEV_0_DRAM_INTERLEAVED,,,,,,,,,,,,,,,,,['ttnn/cpp/ttnn/operations/normalization/layernorm/device/kernels/compute/layernorm.cpp'],['layernorm/16895465064458394952/'],['ttnn/cpp/ttnn/operations/normalization/layernorm/device/kernels/dataflow/writer_unary_interleaved_start_id_blocked.cpp'; 'ttnn/cpp/ttnn/operations/normalization/layernorm/device/kernels/dataflow/reader_unary_interleaved_ln.cpp'],['writer_unary_interleaved_start_id_blocked/7143009526625848983/'; 'reader_unary_interleaved_ln/8099106704880507079/'],1652350744941770450,False,812,1684,3244,2748,4916,0,0,0,0,1,1,1,[],[],0.014,,,,,,,1493
ReshapeViewDeviceOperation,tt_dnn_device,113667,3,blackhole,{'logical_output_shape': 'Shape([32; 24; 256])'; 'output_mem_config': 'MemoryConfig(memory_layout=TensorMemoryLayout::INTERLEAVED;buffer_type=BufferType::DRAM;shard_spec=std::nullopt;nd_shard_spec=std::nullopt;created_with_nd_shard_spec=0)'; 'padded_output_shape': 'Shape([32; 32; 256])'; 'recreate_mapping_tensor': 'false'; 'sub_core_grid': 'std::nullopt'},,110,110,,,11272326558,11272327590,1032,13859986842617,13859986870549,559,559,20690,13887,13887,,,,1091,13886,12594,,,,,,,,,1[1],1[1],768[768],256[256],TILE,BFLOAT16,DEV_0_DRAM_INTERLEAVED,,,,,,,,,,,,,,,,,,,,,,,,,,,,,1[1],32[32],32[24],256[256],TILE,BFLOAT16,DEV_0_DRAM_INTERLEAVED,,,,,,,,,,,,,,,,,[],[],['ttnn/cpp/ttnn/operations/data_movement/reshape_view/device/device/dataflow/writer_reshape_tiled.cpp'; 'ttnn/cpp/ttnn/operations/data_movement/reshape_view/device/device/dataflow/reader_reshape_tiled.cpp'],['writer_reshape_tiled/4267096035403228190/'; 'reader_reshape_tiled/11173047033745705692/'],6731557559745108396,False,1756,980,0,0,0,0,0,0,0,1,1,1,[],[],0.007,,,,,,,1032
ShardedToInterleavedDeviceOperation,tt_dnn_device,114691,3,blackhole,{'num_slices': '1'; 'output_dtype': 'DataType::BFLOAT16'; 'output_mem_config': 'MemoryConfig(memory_layout=TensorMemoryLayout::INTERLEAVED;buffer_type=BufferType::DRAM;shard_spec=std::nullopt;nd_shard_spec=std::nullopt;created_with_nd_shard_spec=0)'; 'slice_index': '0'},,32,110,,,11272346867,11272347568,701,13859986864013,13859986874569,491,491,7819,2481,2481,,,,344,2477,317,,,,,,,,,1[1],32[32],32[4],256[256],TILE,BFLOAT16,DEV_0_L1_HEIGHT_SHARDED,,,,,,,,,,,,,,,,,,,,,,,,,,,,,1[1],32[32],32[4],256[256],TILE,BFLOAT16,DEV_0_DRAM_INTERLEAVED,,,,,,,,,,,,,,,,,[],[],['ttnn/cpp/ttnn/operations/data_movement/sharded/device/kernels/dataflow/writer_unary_sharded_blocks_interleaved_start_id.cpp'; 'ttnn/cpp/ttnn/operations/eltwise/unary/device/kernels/dataflow/reader_unary_sharded.cpp'],['writer_unary_sharded_blocks_interleaved_start_id/5884187274843898850/'; 'reader_unary_sharded/5324219487655416857/'],9475479325896642428,False,880,404,0,0,0,0,0,0,0,1,1,1,[],[],0.04,,,,,,,701
ReshapeViewDeviceOperation,tt_dnn_device,115715,3,blackhole,{'logical_output_shape': 'Shape([1; 128; 256])'; 'output_mem_config': 'MemoryConfig(memory_layout=TensorMemoryLayout::INTERLEAVED;buffer_type=BufferType::DRAM;shard_spec=std::nullopt;nd_shard_spec=std::nullopt;created_with_nd_shard_spec=0)'; 'padded_output_shape': 'Shape([1; 128; 256])'; 'recreate_mapping_tensor': 'false'; 'sub_core_grid': 'std::nullopt'},,32,110,,,11272364451,11272365452,1001,13859986872361,13859986886544,605,605,10506,8273,8273,,,,375,8272,7599,,,,,,,,,1[1],32[32],32[4],256[256],TILE,BFLOAT16,DEV_0_DRAM_INTERLEAVED,,,,,,,,,,,,,,,,,,,,,,,,,,,,,1[1],1[1],128[128],256[256],TILE,BFLOAT16,DEV_0_DRAM_INTERLEAVED,,,,,,,,,,,,,,,,,[],[],['ttnn/cpp/ttnn/operations/data_movement/reshape_view/device/device/dataflow/writer_reshape_tiled.cpp'; 'ttnn/cpp/ttnn/operations/data_movement/reshape_view/device/device/dataflow/reader_reshape_tiled.cpp'],['writer_reshape_tiled/4267096035403228190/'; 'reader_reshape_tiled/11173047033745705692/'],5720430618323062996,False,1756,980,0,0,0,0,0,0,0,1,1,1,[],[],0.012,,,,,,,1001
LayerNormDeviceOperation,tt_dnn_device,116739,3,blackhole,{'compute_kernel_config': 'ComputeKernelConfig(math_fidelity=HiFi4;math_approx_mode=1;fp32_dest_acc_en=0;packer_l1_acc=0;dst_full_sync_en=0;throttle_level=ThrottleLevel::NO_THROTTLE)'; 'distributed_norm_stage': 'DistributedLayerNormStage::NOT_DISTRIBUTED'; 'dtype': 'std::nullopt'; 'eps': '1e-06'; 'fused_activation': 'std::nullopt'; 'norm_type': 'LayerNormType::RMSNORM'; 'output_mem_config': 'MemoryConfig(memory_layout=TensorMemoryLayout::INTERLEAVED;buffer_type=BufferType::DRAM;shard_spec=std::nullopt;nd_shard_spec=std::nullopt;created_with_nd_shard_spec=0)'; 'program_config': 'LayerNormDefaultProgramConfig(legacy_reduction=0;legacy_rsqrt=0;use_welford=0)'},HiFi4,4,110,,,11272388406,11272389078,672,13859986887404,13859986896576,1058,1293,6794,6368,6133,,,,694,6061,2341,5229,5411,5509,,,,,,1[1],1[1],128[128],256[256],TILE,BFLOAT16,DEV_0_DRAM_INTERLEAVED,1[1],1[1],32[1],256[256],TILE,BFLOAT16,DEV_0_DRAM_INTERLEAVED,,,,,,,,,,,,,,,,,,,,,,1[1],1[1],128[128],256[256],TILE,BFLOAT16,DEV_0_DRAM_INTERLEAVED,,,,,,,,,,,,,,,,,['ttnn/cpp/ttnn/operations/normalization/layernorm/device/kernels/compute/layernorm.cpp'],['layernorm/16895465064458394952/'],['ttnn/cpp/ttnn/operations/normalization/layernorm/device/kernels/dataflow/writer_unary_interleaved_start_id_blocked.cpp'; 'ttnn/cpp/ttnn/operations/normalization/layernorm/device/kernels/dataflow/reader_unary_interleaved_ln.cpp'],['writer_unary_interleaved_start_id_blocked/7143009526625848983/'; 'reader_unary_interleaved_ln/8099106704880507079/'],16889659546907436469,False,812,1684,3244,2748,4916,0,0,0,0,1,1,1,[],[],0.016,,,,,,,672
ReshapeViewDeviceOperation,tt_dnn_device,117763,3,blackhole,{'logical_output_shape': 'Shape([32; 4; 256])'; 'output_mem_config': 'MemoryConfig(memory_layout=TensorMemoryLayout::INTERLEAVED;buffer_type=BufferType::DRAM;shard_spec=std::nullopt;nd_shard_spec=std::nullopt;created_with_nd_shard_spec=0)'; 'padded_output_shape': 'Shape([32; 32; 256])'; 'recreate_mapping_tensor': 'false'; 'sub_core_grid': 'std::nullopt'},,110,110,,,11272407423,11272408314,891,13859986908532,13859986917570,9441,9441,6695,6116,6116,,,,169,6077,5418,,,,,,,,,1[1],1[1],128[128],256[256],TILE,BFLOAT16,DEV_0_DRAM_INTERLEAVED,,,,,,,,,,,,,,,,,,,,,,,,,,,,,1[1],32[32],32[4],256[256],TILE,BFLOAT16,DEV_0_DRAM_INTERLEAVED,,,,,,,,,,,,,,,,,[],[],['ttnn/cpp/ttnn/operations/data_movement/reshape_view/device/device/dataflow/writer_reshape_tiled.cpp'; 'ttnn/cpp/ttnn/operations/data_movement/reshape_view/device/device/dataflow/reader_reshape_tiled.cpp'],['writer_reshape_tiled/12368214256246539075/'; 'reader_reshape_tiled/16940989163707313407/'],7601534649345901260,False,1756,980,0,0,0,0,0,0,0,1,1,1,[],[],0.016,,,,,,,891
SliceDeviceOperation,tt_dnn_device,118787,3,blackhole,{'num_devices': 'std::nullopt'; 'output_mem_config': 'MemoryConfig(memory_layout=TensorMemoryLayout::INTERLEAVED;buffer_type=BufferType::DRAM;shard_spec=std::nullopt;nd_shard_spec=std::nullopt;created_with_nd_shard_spec=0)'; 'slice_dim': 'std::nullopt'; 'slice_end': 'Shape([1; 32; 32; 64])'; 'slice_start': 'Shape([0; 0; 0; 0])'; 'step': 'Shape([1; 1; 1; 1])'; 'sub_core_grids': 'std::nullopt'; 'use_tensor_args': 'false'},,64,110,,,11272516741,11272517913,1172,13859987051983,13859987055852,100539,100539,2866,1873,1873,,,,127,1873,1652,,,,,,,,,1[1],32[32],32[24],256[256],TILE,BFLOAT16,DEV_0_DRAM_INTERLEAVED,,,,,,,,,,,,,,,,,,,,,,,,,,,,,1[1],32[32],32[32],64[64],TILE,BFLOAT16,DEV_0_DRAM_INTERLEAVED,,,,,,,,,,,,,,,,,[],[],['ttnn/cpp/ttnn/operations/data_movement/slice/device/kernels/dataflow/writer_unary_interleaved_start_id.cpp'; 'ttnn/cpp/ttnn/operations/data_movement/slice/device/kernels/dataflow/reader_unary_unpad_dims_interleaved_start_id.cpp'],['writer_unary_interleaved_start_id/11396476643056635318/'; 'reader_unary_unpad_dims_interleaved_start_id/15985850001773238796/'],17871848804063853965,False,680,716,0,0,0,0,0,0,0,953,800,953,[550.144775390625],[137.53619384765625],42.712,,,,,,,1172
SliceDeviceOperation,tt_dnn_device,119811,3,blackhole,{'num_devices': 'std::nullopt'; 'output_mem_config': 'MemoryConfig(memory_layout=TensorMemoryLayout::INTERLEAVED;buffer_type=BufferType::DRAM;shard_spec=std::nullopt;nd_shard_spec=std::nullopt;created_with_nd_shard_spec=0)'; 'slice_dim': 'std::nullopt'; 'slice_end': 'Shape([1; 32; 32; 256])'; 'slice_start': 'Shape([0; 0; 0; 64])'; 'step': 'Shape([1; 1; 1; 1])'; 'sub_core_grids': 'std::nullopt'; 'use_tensor_args': 'false'},,110,110,,,11272589660,11272590582,922,13859987153069,13859987157734,72610,72610,3456,2870,2870,,,,165,2865,2653,,,,,,,,,1[1],32[32],32[24],256[256],TILE,BFLOAT16,DEV_0_DRAM_INTERLEAVED,,,,,,,,,,,,,,,,,,,,,,,,,,,,,1[1],32[32],32[32],192[192],TILE,BFLOAT16,DEV_0_DRAM_INTERLEAVED,,,,,,,,,,,,,,,,,[],[],['ttnn/cpp/ttnn/operations/data_movement/slice/device/kernels/dataflow/writer_unary_interleaved_start_id.cpp'; 'ttnn/cpp/ttnn/operations/data_movement/slice/device/kernels/dataflow/reader_unary_unpad_dims_interleaved_start_id.cpp'],['writer_unary_interleaved_start_id/11396476643056635318/'; 'reader_unary_unpad_dims_interleaved_start_id/15985850001773238796/'],4548232931316502020,False,680,716,0,0,0,0,0,0,0,1578,1578,953,[332.2484130859375],[249.18630981445312],54.983,,,,,,,922
EmbeddingsDeviceOperation,tt_dnn_device,120835,3,blackhole,{'embeddings_type': 'EmbeddingsType::GENERIC'; 'output_mem_config': 'MemoryConfig(memory_layout=TensorMemoryLayout::INTERLEAVED;buffer_type=BufferType::DRAM;shard_spec=std::nullopt;nd_shard_spec=std::nullopt;created_with_nd_shard_spec=0)'; 'pad_token': 'std::nullopt'; 'tilized': 'true'},HiFi4,1,110,,,11272627773,11272629196,1423,13859987194977,13859987198824,28134,28134,2850,2282,2282,,,,27,2255,1677,1750,111,427,,,,,,1[1],1[1],1[1],32[32],ROW_MAJOR,UINT32,DEV_0_DRAM_INTERLEAVED,1[1],1[1],64[64],64[64],ROW_MAJOR,BFLOAT16,DEV_0_DRAM_INTERLEAVED,,,,,,,,,,,,,,,,,,,,,,1[1],1[1],32[32],64[64],TILE,BFLOAT16,DEV_0_DRAM_INTERLEAVED,,,,,,,,,,,,,,,,,['ttnn/cpp/ttnn/operations/data_movement/tilize/device/kernels/compute/tilize.cpp'],['tilize/15561397870479518719/'],['ttnn/cpp/ttnn/operations/eltwise/unary/device/kernels/dataflow/writer_unary_interleaved_start_id.cpp'; 'ttnn/cpp/ttnn/operations/embedding/device/kernels/dataflow/embeddings_tilize.cpp'],['writer_unary_interleaved_start_id/12519382152844191636/'; 'embeddings_tilize/17157527885346713029/'],371358654529448368,False,1000,872,1168,768,2008,0,0,0,0,1,1,1,[],[],0.044,,,,,,,1423
EmbeddingsDeviceOperation,tt_dnn_device,121859,3,blackhole,{'embeddings_type': 'EmbeddingsType::GENERIC'; 'output_mem_config': 'MemoryConfig(memory_layout=TensorMemoryLayout::INTERLEAVED;buffer_type=BufferType::DRAM;shard_spec=std::nullopt;nd_shard_spec=std::nullopt;created_with_nd_shard_spec=0)'; 'pad_token': 'std::nullopt'; 'tilized': 'true'},HiFi4,1,110,,,11272642571,11272643082,511,13859987220037,13859987223855,16255,16262,2828,2301,2296,,,,93,2207,1699,1780,110,433,,,,,,1[1],1[1],1[1],32[32],ROW_MAJOR,UINT32,DEV_0_DRAM_INTERLEAVED,1[1],1[1],64[64],64[64],ROW_MAJOR,BFLOAT16,DEV_0_DRAM_INTERLEAVED,,,,,,,,,,,,,,,,,,,,,,1[1],1[1],32[32],64[64],TILE,BFLOAT16,DEV_0_DRAM_INTERLEAVED,,,,,,,,,,,,,,,,,['ttnn/cpp/ttnn/operations/data_movement/tilize/device/kernels/compute/tilize.cpp'],['tilize/15561397870479518719/'],['ttnn/cpp/ttnn/operations/eltwise/unary/device/kernels/dataflow/writer_unary_interleaved_start_id.cpp'; 'ttnn/cpp/ttnn/operations/embedding/device/kernels/dataflow/embeddings_tilize.cpp'],['writer_unary_interleaved_start_id/12519382152844191636/'; 'embeddings_tilize/17157527885346713029/'],371358654529448368,False,1000,872,1168,768,2008,0,0,0,0,1,1,1,[],[],0.043,,,,,,,511
TransposeDeviceOperation,tt_dnn_device,122883,3,blackhole,{'dim': 'TransposeOpDim::HC'; 'output_mem_config': 'MemoryConfig(memory_layout=TensorMemoryLayout::INTERLEAVED;buffer_type=BufferType::DRAM;shard_spec=std::nullopt;nd_shard_spec=std::nullopt;created_with_nd_shard_spec=0)'; 'pad_value': '0'},,110,110,,,11272692737,11272694400,1663,13859987291081,13859987296106,50381,50381,3722,3131,3131,,,,170,3111,879,,,,,,,,,1[1],1[1],32[32],64[64],TILE,BFLOAT16,DEV_0_DRAM_INTERLEAVED,,,,,,,,,,,,,,,,,,,,,,,,,,,,,1[1],32[32],32[1],64[64],TILE,BFLOAT16,DEV_0_DRAM_INTERLEAVED,,,,,,,,,,,,,,,,,[],[],['ttnn/cpp/ttnn/operations/data_movement/transpose/device/kernels/dataflow/writer_unary_transpose_hc_interleaved_tiled_padding_aware.cpp'; 'ttnn/cpp/ttnn/operations/data_movement/transpose/device/kernels/dataflow/reader_unary_transpose_hc_interleaved_tiled_padding_aware.cpp'],['writer_unary_transpose_hc_interleaved_tiled_padding_aware/11725805932830264874/'; 'reader_unary_transpose_hc_interleaved_tiled_padding_aware/4505066741605229875/'],17572025619158561361,False,1212,740,0,0,0,0,0,0,0,837,837,238,[4.893667697906494],[156.5973663330078],26.733,,,,,,,1663
TransposeDeviceOperation,tt_dnn_device,123907,3,blackhole,{'dim': 'TransposeOpDim::HC'; 'output_mem_config': 'MemoryConfig(memory_layout=TensorMemoryLayout::INTERLEAVED;buffer_type=BufferType::DRAM;shard_spec=std::nullopt;nd_shard_spec=std::nullopt;created_with_nd_shard_spec=0)'; 'pad_value': '0'},,110,110,,,11272715350,11272715851,501,13859987322523,13859987327537,20158,20158,3714,3116,3116,,,,166,3112,876,,,,,,,,,1[1],1[1],32[32],64[64],TILE,BFLOAT16,DEV_0_DRAM_INTERLEAVED,,,,,,,,,,,,,,,,,,,,,,,,,,,,,1[1],32[32],32[1],64[64],TILE,BFLOAT16,DEV_0_DRAM_INTERLEAVED,,,,,,,,,,,,,,,,,[],[],['ttnn/cpp/ttnn/operations/data_movement/transpose/device/kernels/dataflow/writer_unary_transpose_hc_interleaved_tiled_padding_aware.cpp'; 'ttnn/cpp/ttnn/operations/data_movement/transpose/device/kernels/dataflow/reader_unary_transpose_hc_interleaved_tiled_padding_aware.cpp'],['writer_unary_transpose_hc_interleaved_tiled_padding_aware/11725805932830264874/'; 'reader_unary_transpose_hc_interleaved_tiled_padding_aware/4505066741605229875/'],17572025619158561361,False,1212,740,0,0,0,0,0,0,0,837,837,238,[4.893667697906494],[156.5973663330078],26.861,,,,,,,501
UntilizeWithUnpaddingDeviceOperation,tt_dnn_device,124931,3,blackhole,{'enough_space_height': 'true'; 'fp32_dest_acc_en': 'false'; 'output_mem_config': 'MemoryConfig(memory_layout=TensorMemoryLayout::INTERLEAVED;buffer_type=BufferType::DRAM;shard_spec=std::nullopt;nd_shard_spec=std::nullopt;created_with_nd_shard_spec=0)'; 'output_tensor_end': 'Shape([0; 31; 0; 63])'; 'sub_core_grids': 'std::nullopt'; 'use_multicore': 'true'},HiFi4,32,110,,,11272844947,11272847462,2515,13859987506802,13859987510619,133785,133785,2827,1858,1858,,,,115,1858,1336,1380,1373,1661,,,,,,1[1],32[32],32[1],64[64],TILE,BFLOAT16,DEV_0_DRAM_INTERLEAVED,,,,,,,,,,,,,,,,,,,,,,,,,,,,,1[1],32[32],1[1],64[64],ROW_MAJOR,BFLOAT16,DEV_0_DRAM_INTERLEAVED,,,,,,,,,,,,,,,,,['ttnn/cpp/ttnn/operations/data_movement/untilize/device/kernels/compute/untilize.cpp'],['untilize/1326536449021772998/'],['ttnn/cpp/ttnn/operations/data_movement/untilize_with_unpadding/device/kernels/dataflow/writer_unary_stick_layout_split_rows_multicore.cpp'; 'ttnn/cpp/ttnn/operations/eltwise/unary/device/kernels/dataflow/reader_unary_interleaved_start_id.cpp'],['writer_unary_stick_layout_split_rows_multicore/14885018228999010243/'; 'reader_unary_interleaved_start_id/14429317243173019626/'],7182239935763104684,False,1564,924,1120,844,2564,0,0,0,0,1021,1021,238,[128.3760986328125],[4.011753082275391],54.952,,,,,,,2515
RepeatDeviceOperation,tt_dnn_device,125955,3,blackhole,{'m_is_last_dim': 'false'; 'm_num_repeats': '24'; 'm_output_mem_config': 'MemoryConfig(memory_layout=TensorMemoryLayout::INTERLEAVED;buffer_type=BufferType::DRAM;shard_spec=std::nullopt;nd_shard_spec=std::nullopt;created_with_nd_shard_spec=0)'; 'm_repeat_dim': '-1'; 'm_tile_higher_pages': '0'; 'm_tile_lower_pages': '0'; 'm_tile_page_size_bytes': '0'; 'm_tile_rep_dim_pages': '0'},,110,110,,,11272867911,11272869704,1793,13859987526842,13859987530028,12599,12599,2360,1761,1761,,,,171,,1761,,,,,,,,,32[32],1[1],1[1],64[64],ROW_MAJOR,BFLOAT16,DEV_0_DRAM_INTERLEAVED,,,,,,,,,,,,,,,,,,,,,,,,,,,,,32[32],24[24],1[1],64[64],ROW_MAJOR,BFLOAT16,DEV_0_DRAM_INTERLEAVED,,,,,,,,,,,,,,,,,[],[],['ttnn/cpp/ttnn/operations/data_movement/repeat/device/kernels/repeat_higher_dim_rm_interleaved.cpp'],['repeat_higher_dim_rm_interleaved/6543187955838018786/'],11122816645256853601,False,0,1840,0,0,0,0,0,0,0,761,761,178,[5.382391452789307],[129.17739868164062],43.214,,,,,,,1793
TilizeWithValPaddingDeviceOperation,tt_dnn_device,126979,3,blackhole,{'enough_space_height': 'true'; 'enough_space_width': 'true'; 'output_dtype': 'DataType::BFLOAT16'; 'output_mem_config': 'MemoryConfig(memory_layout=TensorMemoryLayout::INTERLEAVED;buffer_type=BufferType::DRAM;shard_spec=std::nullopt;nd_shard_spec=std::nullopt;created_with_nd_shard_spec=0)'; 'output_padded_shape': 'Shape([1; 32; 32; 64])'; 'pad_value': '0'; 'sub_core_grids': 'std::nullopt'; 'use_multicore': 'true'},HiFi4,32,110,,,11272898529,11272900192,1663,13859987579106,13859987584415,37348,37342,3933,2959,2957,,,,123,2952,1992,2038,207,552,,,,,,1[1],32[32],24[24],64[64],ROW_MAJOR,BFLOAT16,DEV_0_DRAM_INTERLEAVED,,,,,,,,,,,,,,,,,,,,,,,,,,,,,1[1],32[32],32[24],64[64],TILE,BFLOAT16,DEV_0_DRAM_INTERLEAVED,,,,,,,,,,,,,,,,,['ttnn/cpp/ttnn/kernel/compute/tilize.cpp'],['tilize/6336681081206770840/'],['ttnn/cpp/ttnn/operations/eltwise/unary/device/kernels/dataflow/writer_unary_interleaved_start_id.cpp'; 'ttnn/cpp/ttnn/operations/data_movement/tilize_with_val_padding/device/kernels/dataflow/reader_unary_pad_dims_split_rows_multicore.cpp'],['writer_unary_interleaved_start_id/12823350331057913928/'; 'reader_unary_pad_dims_split_rows_multicore/14254742127114526387/'],207603029976631387,False,1000,1852,1168,768,2008,0,0,0,0,1,1,1,[],[],0.034,,,,,,,1663
UntilizeWithUnpaddingDeviceOperation,tt_dnn_device,128003,3,blackhole,{'enough_space_height': 'true'; 'fp32_dest_acc_en': 'false'; 'output_mem_config': 'MemoryConfig(memory_layout=TensorMemoryLayout::INTERLEAVED;buffer_type=BufferType::DRAM;shard_spec=std::nullopt;nd_shard_spec=std::nullopt;created_with_nd_shard_spec=0)'; 'output_tensor_end': 'Shape([0; 31; 0; 63])'; 'sub_core_grids': 'std::nullopt'; 'use_multicore': 'true'},HiFi4,32,110,,,11272917506,11272918077,571,13859987605126,13859987608979,16314,16314,2854,1887,1887,,,,120,1884,1342,1399,1384,1710,,,,,,1[1],32[32],32[1],64[64],TILE,BFLOAT16,DEV_0_DRAM_INTERLEAVED,,,,,,,,,,,,,,,,,,,,,,,,,,,,,1[1],32[32],1[1],64[64],ROW_MAJOR,BFLOAT16,DEV_0_DRAM_INTERLEAVED,,,,,,,,,,,,,,,,,['ttnn/cpp/ttnn/operations/data_movement/untilize/device/kernels/compute/untilize.cpp'],['untilize/1326536449021772998/'],['ttnn/cpp/ttnn/operations/data_movement/untilize_with_unpadding/device/kernels/dataflow/writer_unary_stick_layout_split_rows_multicore.cpp'; 'ttnn/cpp/ttnn/operations/eltwise/unary/device/kernels/dataflow/reader_unary_interleaved_start_id.cpp'],['writer_unary_stick_layout_split_rows_multicore/14885018228999010243/'; 'reader_unary_interleaved_start_id/14429317243173019626/'],7182239935763104684,False,1564,924,1120,844,2564,0,0,0,0,1021,1021,238,[128.3760986328125],[4.011753082275391],54.107,,,,,,,571
RepeatDeviceOperation,tt_dnn_device,129027,3,blackhole,{'m_is_last_dim': 'false'; 'm_num_repeats': '24'; 'm_output_mem_config': 'MemoryConfig(memory_layout=TensorMemoryLayout::INTERLEAVED;buffer_type=BufferType::DRAM;shard_spec=std::nullopt;nd_shard_spec=std::nullopt;created_with_nd_shard_spec=0)'; 'm_repeat_dim': '-1'; 'm_tile_higher_pages': '0'; 'm_tile_lower_pages': '0'; 'm_tile_page_size_bytes': '0'; 'm_tile_rep_dim_pages': '0'},,110,110,,,11272924349,11272924950,601,13859987613454,13859987616649,3912,3912,2367,1756,1756,,,,164,,1756,,,,,,,,,32[32],1[1],1[1],64[64],ROW_MAJOR,BFLOAT16,DEV_0_DRAM_INTERLEAVED,,,,,,,,,,,,,,,,,,,,,,,,,,,,,32[32],24[24],1[1],64[64],ROW_MAJOR,BFLOAT16,DEV_0_DRAM_INTERLEAVED,,,,,,,,,,,,,,,,,[],[],['ttnn/cpp/ttnn/operations/data_movement/repeat/device/kernels/repeat_higher_dim_rm_interleaved.cpp'],['repeat_higher_dim_rm_interleaved/6543187955838018786/'],11122816645256853601,False,0,1840,0,0,0,0,0,0,0,761,761,178,[5.382391452789307],[129.17739868164062],43.337,,,,,,,601
TilizeWithValPaddingDeviceOperation,tt_dnn_device,130051,3,blackhole,{'enough_space_height': 'true'; 'enough_space_width': 'true'; 'output_dtype': 'DataType::BFLOAT16'; 'output_mem_config': 'MemoryConfig(memory_layout=TensorMemoryLayout::INTERLEAVED;buffer_type=BufferType::DRAM;shard_spec=std::nullopt;nd_shard_spec=std::nullopt;created_with_nd_shard_spec=0)'; 'output_padded_shape': 'Shape([1; 32; 32; 64])'; 'pad_value': '0'; 'sub_core_grids': 'std::nullopt'; 'use_multicore': 'true'},HiFi4,32,110,,,11272934257,11272934758,501,13859987631743,13859987637085,12156,12156,3957,2989,2989,,,,127,2989,2022,2074,206,571,,,,,,1[1],32[32],24[24],64[64],ROW_MAJOR,BFLOAT16,DEV_0_DRAM_INTERLEAVED,,,,,,,,,,,,,,,,,,,,,,,,,,,,,1[1],32[32],32[24],64[64],TILE,BFLOAT16,DEV_0_DRAM_INTERLEAVED,,,,,,,,,,,,,,,,,['ttnn/cpp/ttnn/kernel/compute/tilize.cpp'],['tilize/6336681081206770840/'],['ttnn/cpp/ttnn/operations/eltwise/unary/device/kernels/dataflow/writer_unary_interleaved_start_id.cpp'; 'ttnn/cpp/ttnn/operations/data_movement/tilize_with_val_padding/device/kernels/dataflow/reader_unary_pad_dims_split_rows_multicore.cpp'],['writer_unary_interleaved_start_id/12823350331057913928/'; 'reader_unary_pad_dims_split_rows_multicore/14254742127114526387/'],207603029976631387,False,1000,1852,1168,768,2008,0,0,0,0,1,1,1,[],[],0.033,,,,,,,501
BinaryNgDeviceOperation,tt_dnn_device,131075,3,blackhole,{'atol': '0'; 'binary_op_type': 'BinaryOpType::MUL'; 'compute_kernel_config': 'std::nullopt'; 'dtype': 'DataType::BFLOAT16'; 'equal_nan': 'false'; 'input_dtype': 'DataType::BFLOAT16'; 'input_layout_a': 'Layout::TILE'; 'input_layout_b': 'Layout::TILE'; 'is_quant_op': 'false'; 'is_sfpu': 'true'; 'is_where_op': 'false'; 'lhs_activations': '{}'; 'memory_config': 'MemoryConfig(memory_layout=TensorMemoryLayout::INTERLEAVED;buffer_type=BufferType::DRAM;shard_spec=std::nullopt;nd_shard_spec=std::nullopt;created_with_nd_shard_spec=0)'; 'output_layout': 'Layout::TILE'; 'post_activations': '{}'; 'rhs_activations': '{}'; 'rtol': '0'; 'scalar': 'std::nullopt'; 'sub_core_grids': 'std::nullopt'; 'sub_device_id': 'std::nullopt'; 'subtile_broadcast_type': 'SubtileBroadcastType::NONE'; 'worker_grid': '{[0-0 - 10-9]}'},HiFi4,110,110,,,11273018849,11273020662,1813,13859987730460,13859987734539,69760,69753,3021,2428,2427,,,,173,2390,1379,1455,1960,384,,,,,,1[1],32[32],32[24],64[64],TILE,BFLOAT16,DEV_0_DRAM_INTERLEAVED,1[1],32[32],32[24],64[64],TILE,BFLOAT16,DEV_0_DRAM_INTERLEAVED,,,,,,,,,,,,,,,,,,,,,,1[1],32[32],32[24],64[64],TILE,BFLOAT16,DEV_0_DRAM_INTERLEAVED,,,,,,,,,,,,,,,,,['ttnn/cpp/ttnn/operations/eltwise/binary_ng/device/kernels/compute/eltwise_binary_sfpu_no_bcast.cpp'],['eltwise_binary_sfpu_no_bcast/5506180665876100763/'],['ttnn/cpp/ttnn/operations/eltwise/binary_ng/device/kernels_ng/dataflow/writer_interleaved_no_bcast.cpp'; 'ttnn/cpp/ttnn/operations/eltwise/binary_ng/device/kernels_ng/dataflow/reader_interleaved_no_bcast.cpp'],['writer_interleaved_no_bcast/13786176872452774081/'; 'reader_interleaved_no_bcast/13696495097517312790/'],1543498124224426579,False,1120,1644,1456,1200,1292,0,0,0,0,1,1,1,[],[],0.041,,,,,,,1813
SliceDeviceOperation,tt_dnn_device,132099,3,blackhole,{'num_devices': 'std::nullopt'; 'output_mem_config': 'MemoryConfig(memory_layout=TensorMemoryLayout::INTERLEAVED;buffer_type=BufferType::DRAM;shard_spec=std::nullopt;nd_shard_spec=std::nullopt;created_with_nd_shard_spec=0)'; 'slice_dim': 'std::nullopt'; 'slice_end': 'Shape([1; 32; 32; 64])'; 'slice_start': 'Shape([0; 0; 0; 32])'; 'step': 'Shape([1; 1; 1; 1])'; 'sub_core_grids': 'std::nullopt'; 'use_tensor_args': 'false'},,32,110,,,11273080076,11273081057,981,13859987810643,13859987813358,57329,57329,2011,1057,1057,,,,101,1051,716,,,,,,,,,1[1],32[32],32[24],64[64],TILE,BFLOAT16,DEV_0_DRAM_INTERLEAVED,,,,,,,,,,,,,,,,,,,,,,,,,,,,,1[1],32[32],32[32],32[32],TILE,BFLOAT16,DEV_0_DRAM_INTERLEAVED,,,,,,,,,,,,,,,,,[],[],['ttnn/cpp/ttnn/operations/data_movement/slice/device/kernels/dataflow/writer_unary_interleaved_start_id.cpp'; 'ttnn/cpp/ttnn/operations/data_movement/slice/device/kernels/dataflow/reader_unary_unpad_dims_interleaved_start_id.cpp'],['writer_unary_interleaved_start_id/11396476643056635318/'; 'reader_unary_unpad_dims_interleaved_start_id/15985850001773238796/'],9890975877547808781,False,680,716,0,0,0,0,0,0,0,615,615,238,[213.1251983642578],[106.5625991821289],58.184,,,,,,,981
UnaryDeviceOperation,tt_dnn_device,133123,3,blackhole,{'bfp8_pack_precise': 'false'; 'fp32_dest_acc_en': 'false'; 'memory_config': 'MemoryConfig(memory_layout=TensorMemoryLayout::INTERLEAVED;buffer_type=BufferType::DRAM;shard_spec=std::nullopt;nd_shard_spec=std::nullopt;created_with_nd_shard_spec=0)'; 'op_chain': '{BasicUnaryWithParam<float; int; unsigned int>(base=BasicUnaryWithParam<float>(op_type=UnaryOpType::NEG;param={}))}'; 'output_dtype': 'DataType::BFLOAT16'; 'preserve_fp32_precision': 'false'; 'sub_core_grids': 'std::nullopt'; 'worker_grid': '{[0-0 - 10-9]}'},HiFi4,110,110,,,11273143787,11273145561,1774,13859987898578,13859987901106,63700,63700,1873,1276,1276,,,,180,1241,716,751,821,393,,,,,,1[1],32[32],32[24],32[32],TILE,BFLOAT16,DEV_0_DRAM_INTERLEAVED,,,,,,,,,,,,,,,,,,,,,,,,,,,,,1[1],32[32],32[24],32[32],TILE,BFLOAT16,DEV_0_DRAM_INTERLEAVED,,,,,,,,,,,,,,,,,['ttnn/cpp/ttnn/operations/eltwise/unary/device/kernels/compute/eltwise_sfpu.cpp'],['eltwise_sfpu/10029696999261176038/'],['ttnn/cpp/ttnn/operations/eltwise/unary/device/kernels/dataflow/writer_unary.cpp'; 'ttnn/cpp/ttnn/operations/eltwise/unary/device/kernels/dataflow/reader_unary.cpp'],['writer_unary/17308908021593325674/'; 'reader_unary/7914283486036039746/'],7432247804833187099,False,1000,924,1060,872,1260,0,0,0,0,1,1,1,[],[],0.078,,,,,,,1774
SliceDeviceOperation,tt_dnn_device,134147,3,blackhole,{'num_devices': 'std::nullopt'; 'output_mem_config': 'MemoryConfig(memory_layout=TensorMemoryLayout::INTERLEAVED;buffer_type=BufferType::DRAM;shard_spec=std::nullopt;nd_shard_spec=std::nullopt;created_with_nd_shard_spec=0)'; 'slice_dim': 'std::nullopt'; 'slice_end': 'Shape([1; 32; 32; 32])'; 'slice_start': 'Shape([0; 0; 0; 0])'; 'step': 'Shape([1; 1; 1; 1])'; 'sub_core_grids': 'std::nullopt'; 'use_tensor_args': 'false'},,32,110,,,11273197600,11273198962,1362,13859987968055,13859987970977,50551,50551,2164,1202,1202,,,,103,1196,933,,,,,,,,,1[1],32[32],32[24],64[64],TILE,BFLOAT16,DEV_0_DRAM_INTERLEAVED,,,,,,,,,,,,,,,,,,,,,,,,,,,,,1[1],32[32],32[32],32[32],TILE,BFLOAT16,DEV_0_DRAM_INTERLEAVED,,,,,,,,,,,,,,,,,[],[],['ttnn/cpp/ttnn/operations/data_movement/slice/device/kernels/dataflow/writer_unary_interleaved_start_id.cpp'; 'ttnn/cpp/ttnn/operations/data_movement/slice/device/kernels/dataflow/reader_unary_unpad_dims_interleaved_start_id.cpp'],['writer_unary_interleaved_start_id/11396476643056635318/'; 'reader_unary_unpad_dims_interleaved_start_id/15985850001773238796/'],16501244617943493535,False,680,716,0,0,0,0,0,0,0,615,615,238,[213.1251983642578],[106.5625991821289],51.165,,,,,,,1362
ConcatDeviceOperation,tt_dnn_device,135171,3,blackhole,{'dim': '3'; 'groups': '1'; 'output_mem_config': 'MemoryConfig(memory_layout=TensorMemoryLayout::INTERLEAVED;buffer_type=BufferType::DRAM;shard_spec=std::nullopt;nd_shard_spec=std::nullopt;created_with_nd_shard_spec=0)'; 'sub_core_grids': 'std::nullopt'},,64,110,,,11273246082,11273248046,1964,13859988033912,13859988037067,47610,47610,2337,1327,1327,,,,124,1327,910,,,,,,,,,1[1],32[32],32[24],32[32],TILE,BFLOAT16,DEV_0_DRAM_INTERLEAVED,1[1],32[32],32[24],32[32],TILE,BFLOAT16,DEV_0_DRAM_INTERLEAVED,,,,,,,,,,,,,,,,,,,,,,1[1],32[32],32[24],64[64],TILE,BFLOAT16,DEV_0_DRAM_INTERLEAVED,,,,,,,,,,,,,,,,,[],[],['ttnn/cpp/ttnn/operations/eltwise/unary/device/kernels/dataflow/writer_unary_interleaved_start_id.cpp'; 'ttnn/cpp/ttnn/operations/data_movement/concat/device/kernels/dataflow/reader_concat_interleaved_start_id.cpp'],['writer_unary_interleaved_start_id/7768588342143663468/'; 'reader_concat_interleaved_start_id/6066128960684806623/'],14759600868043660041,False,1000,976,0,0,0,0,0,0,0,238,1,238,[275.3613586425781; 275.3613586425781],[550.7227172851562],0.075,,,,,,,1964
BinaryNgDeviceOperation,tt_dnn_device,136195,3,blackhole,{'atol': '0'; 'binary_op_type': 'BinaryOpType::MUL'; 'compute_kernel_config': 'std::nullopt'; 'dtype': 'DataType::BFLOAT16'; 'equal_nan': 'false'; 'input_dtype': 'DataType::BFLOAT16'; 'input_layout_a': 'Layout::TILE'; 'input_layout_b': 'Layout::TILE'; 'is_quant_op': 'false'; 'is_sfpu': 'true'; 'is_where_op': 'false'; 'lhs_activations': '{}'; 'memory_config': 'MemoryConfig(memory_layout=TensorMemoryLayout::INTERLEAVED;buffer_type=BufferType::DRAM;shard_spec=std::nullopt;nd_shard_spec=std::nullopt;created_with_nd_shard_spec=0)'; 'output_layout': 'Layout::TILE'; 'post_activations': '{}'; 'rhs_activations': '{}'; 'rtol': '0'; 'scalar': 'std::nullopt'; 'sub_core_grids': 'std::nullopt'; 'sub_device_id': 'std::nullopt'; 'subtile_broadcast_type': 'SubtileBroadcastType::NONE'; 'worker_grid': '{[0-0 - 10-9]}'},HiFi4,110,110,,,11273290607,11273292120,1513,13859988097311,13859988101433,45221,45213,3053,2446,2444,,,,174,2404,1356,1453,1940,416,,,,,,1[1],32[32],32[24],64[64],TILE,BFLOAT16,DEV_0_DRAM_INTERLEAVED,1[1],32[32],32[24],64[64],TILE,BFLOAT16,DEV_0_DRAM_INTERLEAVED,,,,,,,,,,,,,,,,,,,,,,1[1],32[32],32[24],64[64],TILE,BFLOAT16,DEV_0_DRAM_INTERLEAVED,,,,,,,,,,,,,,,,,['ttnn/cpp/ttnn/operations/eltwise/binary_ng/device/kernels/compute/eltwise_binary_sfpu_no_bcast.cpp'],['eltwise_binary_sfpu_no_bcast/5506180665876100763/'],['ttnn/cpp/ttnn/operations/eltwise/binary_ng/device/kernels_ng/dataflow/writer_interleaved_no_bcast.cpp'; 'ttnn/cpp/ttnn/operations/eltwise/binary_ng/device/kernels_ng/dataflow/reader_interleaved_no_bcast.cpp'],['writer_interleaved_no_bcast/13786176872452774081/'; 'reader_interleaved_no_bcast/13696495097517312790/'],1543498124224426579,False,1120,1644,1456,1200,1292,0,0,0,0,1,1,1,[],[],0.041,,,,,,,1513
BinaryNgDeviceOperation,tt_dnn_device,137219,3,blackhole,{'atol': '0'; 'binary_op_type': 'BinaryOpType::ADD'; 'compute_kernel_config': 'std::nullopt'; 'dtype': 'DataType::BFLOAT16'; 'equal_nan': 'false'; 'input_dtype': 'DataType::BFLOAT16'; 'input_layout_a': 'Layout::TILE'; 'input_layout_b': 'Layout::TILE'; 'is_quant_op': 'false'; 'is_sfpu': 'false'; 'is_where_op': 'false'; 'lhs_activations': '{}'; 'memory_config': 'MemoryConfig(memory_layout=TensorMemoryLayout::INTERLEAVED;buffer_type=BufferType::DRAM;shard_spec=std::nullopt;nd_shard_spec=std::nullopt;created_with_nd_shard_spec=0)'; 'output_layout': 'Layout::TILE'; 'post_activations': '{}'; 'rhs_activations': '{}'; 'rtol': '0'; 'scalar': 'std::nullopt'; 'sub_core_grids': 'std::nullopt'; 'sub_device_id': 'std::nullopt'; 'subtile_broadcast_type': 'SubtileBroadcastType::NONE'; 'worker_grid': '{[0-0 - 10-9]}'},HiFi4,110,110,,,11273339170,11273340382,1212,13859988162190,13859988165497,45612,45619,2450,1861,1842,,,,181,1822,1391,1417,287,380,,,,,,1[1],32[32],32[24],64[64],TILE,BFLOAT16,DEV_0_DRAM_INTERLEAVED,1[1],32[32],32[24],64[64],TILE,BFLOAT16,DEV_0_DRAM_INTERLEAVED,,,,,,,,,,,,,,,,,,,,,,1[1],32[32],32[24],64[64],TILE,BFLOAT16,DEV_0_DRAM_INTERLEAVED,,,,,,,,,,,,,,,,,['ttnn/cpp/ttnn/operations/eltwise/binary_ng/device/kernels/compute/eltwise_binary_no_bcast.cpp'],['eltwise_binary_no_bcast/7702167649156508193/'],['ttnn/cpp/ttnn/operations/eltwise/binary_ng/device/kernels_ng/dataflow/writer_interleaved_no_bcast.cpp'; 'ttnn/cpp/ttnn/operations/eltwise/binary_ng/device/kernels_ng/dataflow/reader_interleaved_no_bcast.cpp'],['writer_interleaved_no_bcast/13786176872452774081/'; 'reader_interleaved_no_bcast/13696495097517312790/'],1295168523863076379,False,1120,1644,1308,768,1292,0,0,0,0,1,1,1,[],[],0.054,,,,,,,1212
ConcatDeviceOperation,tt_dnn_device,138243,3,blackhole,{'dim': '3'; 'groups': '1'; 'output_mem_config': 'MemoryConfig(memory_layout=TensorMemoryLayout::INTERLEAVED;buffer_type=BufferType::DRAM;shard_spec=std::nullopt;nd_shard_spec=std::nullopt;created_with_nd_shard_spec=0)'; 'sub_core_grids': 'std::nullopt'},,110,110,,,11273376982,11273378445,1463,13859988211433,13859988216885,34617,34617,4039,3449,3449,,,,164,3445,3170,,,,,,,,,1[1],32[32],32[24],64[64],TILE,BFLOAT16,DEV_0_DRAM_INTERLEAVED,1[1],32[32],32[24],192[192],TILE,BFLOAT16,DEV_0_DRAM_INTERLEAVED,,,,,,,,,,,,,,,,,,,,,,1[1],32[32],32[24],256[256],TILE,BFLOAT16,DEV_0_DRAM_INTERLEAVED,,,,,,,,,,,,,,,,,[],[],['ttnn/cpp/ttnn/operations/eltwise/unary/device/kernels/dataflow/writer_unary_interleaved_start_id.cpp'; 'ttnn/cpp/ttnn/operations/data_movement/concat/device/kernels/dataflow/reader_concat_interleaved_start_id.cpp'],['writer_unary_interleaved_start_id/7768588342143663468/'; 'reader_concat_interleaved_start_id/6066128960684806623/'],16083130169701784874,False,1000,976,0,0,0,0,0,0,0,953,1,953,[137.53619384765625; 412.6086120605469],[550.144775390625],0.029,,,,,,,1463
InterleavedToShardedDeviceOperation,tt_dnn_device,139267,3,blackhole,"{'keep_l1_aligned': 'false'; 'output_dtype': 'DataType::BFLOAT16'; 'output_mem_config': 'MemoryConfig(memory_layout=TensorMemoryLayout::HEIGHT_SHARDED;buffer_type=BufferType::L1;shard_spec=ShardSpec{grid=[{""start"":{""x"":0;""y"":0};""end"":{""x"":7;""y"":3}]; shape=[32; 256]; orientation=ShardOrientation::ROW_MAJOR};nd_shard_spec=std::nullopt;created_with_nd_shard_spec=0)'}",,32,110,,,11273410506,11273411989,1483,13859988252001,13859988255477,26567,26567,2575,1998,1998,,,,151,1992,1990,,,,,,,,,1[1],32[32],32[24],256[256],TILE,BFLOAT16,DEV_0_DRAM_INTERLEAVED,,,,,,,,,,,,,,,,,,,,,,,,,,,,,1[1],32[32],32[24],256[256],TILE,BFLOAT16,DEV_0_L1_HEIGHT_SHARDED,,,,,,,,,,,,,,,,,[],[],['ttnn/cpp/ttnn/operations/data_movement/sharded/device/kernels/dataflow/writer_unary_sharded.cpp'; 'ttnn/cpp/ttnn/operations/data_movement/sharded/device/kernels/dataflow/reader_unary_sharded_blocks_interleaved_start_id.cpp'],['writer_unary_sharded/8354490188168529288/'; 'reader_unary_sharded_blocks_interleaved_start_id/10917281480853109555/'],1241028309259076757,False,384,876,0,0,0,0,0,0,0,1,1,1,[],[],0.05,,,,,,,1483
SliceDeviceOperation,tt_dnn_device,140291,3,blackhole,{'num_devices': 'std::nullopt'; 'output_mem_config': 'MemoryConfig(memory_layout=TensorMemoryLayout::INTERLEAVED;buffer_type=BufferType::DRAM;shard_spec=std::nullopt;nd_shard_spec=std::nullopt;created_with_nd_shard_spec=0)'; 'slice_dim': 'std::nullopt'; 'slice_end': 'Shape([1; 32; 32; 64])'; 'slice_start': 'Shape([0; 0; 0; 0])'; 'step': 'Shape([1; 1; 1; 1])'; 'sub_core_grids': 'std::nullopt'; 'use_tensor_args': 'false'},,64,110,,,11273488354,11273489266,912,13859988358507,13859988362521,77320,77320,2973,1990,1990,,,,126,1989,1761,,,,,,,,,1[1],32[32],32[4],256[256],TILE,BFLOAT16,DEV_0_DRAM_INTERLEAVED,,,,,,,,,,,,,,,,,,,,,,,,,,,,,1[1],32[32],32[32],64[64],TILE,BFLOAT16,DEV_0_DRAM_INTERLEAVED,,,,,,,,,,,,,,,,,[],[],['ttnn/cpp/ttnn/operations/data_movement/slice/device/kernels/dataflow/writer_unary_interleaved_start_id.cpp'; 'ttnn/cpp/ttnn/operations/data_movement/slice/device/kernels/dataflow/reader_unary_unpad_dims_interleaved_start_id.cpp'],['writer_unary_interleaved_start_id/11396476643056635318/'; 'reader_unary_unpad_dims_interleaved_start_id/15985850001773238796/'],14996507232128544172,False,680,716,0,0,0,0,0,0,0,953,800,953,[550.144775390625],[137.53619384765625],40.201,,,,,,,912
SliceDeviceOperation,tt_dnn_device,141315,3,blackhole,{'num_devices': 'std::nullopt'; 'output_mem_config': 'MemoryConfig(memory_layout=TensorMemoryLayout::INTERLEAVED;buffer_type=BufferType::DRAM;shard_spec=std::nullopt;nd_shard_spec=std::nullopt;created_with_nd_shard_spec=0)'; 'slice_dim': 'std::nullopt'; 'slice_end': 'Shape([1; 32; 32; 256])'; 'slice_start': 'Shape([0; 0; 0; 64])'; 'step': 'Shape([1; 1; 1; 1])'; 'sub_core_grids': 'std::nullopt'; 'use_tensor_args': 'false'},,110,110,,,11273551996,11273552897,901,13859988448072,13859988452983,63948,63948,3638,3054,3054,,,,166,3048,2828,,,,,,,,,1[1],32[32],32[4],256[256],TILE,BFLOAT16,DEV_0_DRAM_INTERLEAVED,,,,,,,,,,,,,,,,,,,,,,,,,,,,,1[1],32[32],32[32],192[192],TILE,BFLOAT16,DEV_0_DRAM_INTERLEAVED,,,,,,,,,,,,,,,,,[],[],['ttnn/cpp/ttnn/operations/data_movement/slice/device/kernels/dataflow/writer_unary_interleaved_start_id.cpp'; 'ttnn/cpp/ttnn/operations/data_movement/slice/device/kernels/dataflow/reader_unary_unpad_dims_interleaved_start_id.cpp'],['writer_unary_interleaved_start_id/11396476643056635318/'; 'reader_unary_unpad_dims_interleaved_start_id/15985850001773238796/'],2494624052108791216,False,680,716,0,0,0,0,0,0,0,1578,1578,953,[332.2484130859375],[249.18630981445312],51.67,,,,,,,901
EmbeddingsDeviceOperation,tt_dnn_device,142339,3,blackhole,{'embeddings_type': 'EmbeddingsType::GENERIC'; 'output_mem_config': 'MemoryConfig(memory_layout=TensorMemoryLayout::INTERLEAVED;buffer_type=BufferType::DRAM;shard_spec=std::nullopt;nd_shard_spec=std::nullopt;created_with_nd_shard_spec=0)'; 'pad_token': 'std::nullopt'; 'tilized': 'true'},HiFi4,1,110,,,11273572014,11273573156,1142,13859988469855,13859988473718,13044,13054,2861,2310,2304,,,,44,2266,1704,1776,111,427,,,,,,1[1],1[1],1[1],32[32],ROW_MAJOR,UINT32,DEV_0_DRAM_INTERLEAVED,1[1],1[1],64[64],64[64],ROW_MAJOR,BFLOAT16,DEV_0_DRAM_INTERLEAVED,,,,,,,,,,,,,,,,,,,,,,1[1],1[1],32[32],64[64],TILE,BFLOAT16,DEV_0_DRAM_INTERLEAVED,,,,,,,,,,,,,,,,,['ttnn/cpp/ttnn/operations/data_movement/tilize/device/kernels/compute/tilize.cpp'],['tilize/15561397870479518719/'],['ttnn/cpp/ttnn/operations/eltwise/unary/device/kernels/dataflow/writer_unary_interleaved_start_id.cpp'; 'ttnn/cpp/ttnn/operations/embedding/device/kernels/dataflow/embeddings_tilize.cpp'],['writer_unary_interleaved_start_id/12519382152844191636/'; 'embeddings_tilize/17157527885346713029/'],371358654529448368,False,1000,872,1168,768,2008,0,0,0,0,1,1,1,[],[],0.043,,,,,,,1142
EmbeddingsDeviceOperation,tt_dnn_device,143363,3,blackhole,{'embeddings_type': 'EmbeddingsType::GENERIC'; 'output_mem_config': 'MemoryConfig(memory_layout=TensorMemoryLayout::INTERLEAVED;buffer_type=BufferType::DRAM;shard_spec=std::nullopt;nd_shard_spec=std::nullopt;created_with_nd_shard_spec=0)'; 'pad_token': 'std::nullopt'; 'tilized': 'true'},HiFi4,1,110,,,11273584277,11273584768,491,13859988486676,13859988490540,10149,10155,2862,2310,2306,,,,39,2271,1725,1794,110,427,,,,,,1[1],1[1],1[1],32[32],ROW_MAJOR,UINT32,DEV_0_DRAM_INTERLEAVED,1[1],1[1],64[64],64[64],ROW_MAJOR,BFLOAT16,DEV_0_DRAM_INTERLEAVED,,,,,,,,,,,,,,,,,,,,,,1[1],1[1],32[32],64[64],TILE,BFLOAT16,DEV_0_DRAM_INTERLEAVED,,,,,,,,,,,,,,,,,['ttnn/cpp/ttnn/operations/data_movement/tilize/device/kernels/compute/tilize.cpp'],['tilize/15561397870479518719/'],['ttnn/cpp/ttnn/operations/eltwise/unary/device/kernels/dataflow/writer_unary_interleaved_start_id.cpp'; 'ttnn/cpp/ttnn/operations/embedding/device/kernels/dataflow/embeddings_tilize.cpp'],['writer_unary_interleaved_start_id/12519382152844191636/'; 'embeddings_tilize/17157527885346713029/'],371358654529448368,False,1000,872,1168,768,2008,0,0,0,0,1,1,1,[],[],0.043,,,,,,,491
TransposeDeviceOperation,tt_dnn_device,144387,3,blackhole,{'dim': 'TransposeOpDim::HC'; 'output_mem_config': 'MemoryConfig(memory_layout=TensorMemoryLayout::INTERLEAVED;buffer_type=BufferType::DRAM;shard_spec=std::nullopt;nd_shard_spec=std::nullopt;created_with_nd_shard_spec=0)'; 'pad_value': '0'},,110,110,,,11273618032,11273619535,1503,13859988536658,13859988541673,34760,34760,3715,3116,3116,,,,164,3106,867,,,,,,,,,1[1],1[1],32[32],64[64],TILE,BFLOAT16,DEV_0_DRAM_INTERLEAVED,,,,,,,,,,,,,,,,,,,,,,,,,,,,,1[1],32[32],32[1],64[64],TILE,BFLOAT16,DEV_0_DRAM_INTERLEAVED,,,,,,,,,,,,,,,,,[],[],['ttnn/cpp/ttnn/operations/data_movement/transpose/device/kernels/dataflow/writer_unary_transpose_hc_interleaved_tiled_padding_aware.cpp'; 'ttnn/cpp/ttnn/operations/data_movement/transpose/device/kernels/dataflow/reader_unary_transpose_hc_interleaved_tiled_padding_aware.cpp'],['writer_unary_transpose_hc_interleaved_tiled_padding_aware/11725805932830264874/'; 'reader_unary_transpose_hc_interleaved_tiled_padding_aware/4505066741605229875/'],17572025619158561361,False,1212,740,0,0,0,0,0,0,0,837,837,238,[4.893667697906494],[156.5973663330078],26.861,,,,,,,1503
TransposeDeviceOperation,tt_dnn_device,145411,3,blackhole,{'dim': 'TransposeOpDim::HC'; 'output_mem_config': 'MemoryConfig(memory_layout=TensorMemoryLayout::INTERLEAVED;buffer_type=BufferType::DRAM;shard_spec=std::nullopt;nd_shard_spec=std::nullopt;created_with_nd_shard_spec=0)'; 'pad_value': '0'},,110,110,,,11273639453,11273639984,531,13859988565916,13859988570938,18551,18551,3720,3125,3125,,,,167,3121,870,,,,,,,,,1[1],1[1],32[32],64[64],TILE,BFLOAT16,DEV_0_DRAM_INTERLEAVED,,,,,,,,,,,,,,,,,,,,,,,,,,,,,1[1],32[32],32[1],64[64],TILE,BFLOAT16,DEV_0_DRAM_INTERLEAVED,,,,,,,,,,,,,,,,,[],[],['ttnn/cpp/ttnn/operations/data_movement/transpose/device/kernels/dataflow/writer_unary_transpose_hc_interleaved_tiled_padding_aware.cpp'; 'ttnn/cpp/ttnn/operations/data_movement/transpose/device/kernels/dataflow/reader_unary_transpose_hc_interleaved_tiled_padding_aware.cpp'],['writer_unary_transpose_hc_interleaved_tiled_padding_aware/11725805932830264874/'; 'reader_unary_transpose_hc_interleaved_tiled_padding_aware/4505066741605229875/'],17572025619158561361,False,1212,740,0,0,0,0,0,0,0,837,837,238,[4.893667697906494],[156.5973663330078],26.784,,,,,,,531
UntilizeWithUnpaddingDeviceOperation,tt_dnn_device,146435,3,blackhole,{'enough_space_height': 'true'; 'fp32_dest_acc_en': 'false'; 'output_mem_config': 'MemoryConfig(memory_layout=TensorMemoryLayout::INTERLEAVED;buffer_type=BufferType::DRAM;shard_spec=std::nullopt;nd_shard_spec=std::nullopt;created_with_nd_shard_spec=0)'; 'output_tensor_end': 'Shape([0; 31; 0; 63])'; 'sub_core_grids': 'std::nullopt'; 'use_multicore': 'true'},HiFi4,32,110,,,11273740095,11273741257,1162,13859988712008,13859988715825,105458,105458,2827,1868,1868,,,,101,1865,1344,1390,1385,1675,,,,,,1[1],32[32],32[1],64[64],TILE,BFLOAT16,DEV_0_DRAM_INTERLEAVED,,,,,,,,,,,,,,,,,,,,,,,,,,,,,1[1],32[32],1[1],64[64],ROW_MAJOR,BFLOAT16,DEV_0_DRAM_INTERLEAVED,,,,,,,,,,,,,,,,,['ttnn/cpp/ttnn/operations/data_movement/untilize/device/kernels/compute/untilize.cpp'],['untilize/1326536449021772998/'],['ttnn/cpp/ttnn/operations/data_movement/untilize_with_unpadding/device/kernels/dataflow/writer_unary_stick_layout_split_rows_multicore.cpp'; 'ttnn/cpp/ttnn/operations/eltwise/unary/device/kernels/dataflow/reader_unary_interleaved_start_id.cpp'],['writer_unary_stick_layout_split_rows_multicore/14885018228999010243/'; 'reader_unary_interleaved_start_id/14429317243173019626/'],7182239935763104684,False,1564,924,1120,844,2564,0,0,0,0,1021,1021,238,[128.3760986328125],[4.011753082275391],54.657,,,,,,,1162
RepeatDeviceOperation,tt_dnn_device,147459,3,blackhole,{'m_is_last_dim': 'false'; 'm_num_repeats': '4'; 'm_output_mem_config': 'MemoryConfig(memory_layout=TensorMemoryLayout::INTERLEAVED;buffer_type=BufferType::DRAM;shard_spec=std::nullopt;nd_shard_spec=std::nullopt;created_with_nd_shard_spec=0)'; 'm_repeat_dim': '-1'; 'm_tile_higher_pages': '0'; 'm_tile_lower_pages': '0'; 'm_tile_page_size_bytes': '0'; 'm_tile_rep_dim_pages': '0'},,110,110,,,11273758500,11273759762,1262,13859988726160,13859988728463,8236,8236,1706,1110,1110,,,,168,,1110,,,,,,,,,32[32],1[1],1[1],64[64],ROW_MAJOR,BFLOAT16,DEV_0_DRAM_INTERLEAVED,,,,,,,,,,,,,,,,,,,,,,,,,,,,,32[32],4[4],1[1],64[64],ROW_MAJOR,BFLOAT16,DEV_0_DRAM_INTERLEAVED,,,,,,,,,,,,,,,,,[],[],['ttnn/cpp/ttnn/operations/data_movement/repeat/device/kernels/repeat_higher_dim_rm_interleaved.cpp'],['repeat_higher_dim_rm_interleaved/6543187955838018786/'],11716724648021177635,False,0,1840,0,0,0,0,0,0,0,503,503,29,[8.14314079284668],[32.57256317138672],45.315,,,,,,,1262
TilizeWithValPaddingDeviceOperation,tt_dnn_device,148483,3,blackhole,{'enough_space_height': 'true'; 'enough_space_width': 'true'; 'output_dtype': 'DataType::BFLOAT16'; 'output_mem_config': 'MemoryConfig(memory_layout=TensorMemoryLayout::INTERLEAVED;buffer_type=BufferType::DRAM;shard_spec=std::nullopt;nd_shard_spec=std::nullopt;created_with_nd_shard_spec=0)'; 'output_padded_shape': 'Shape([1; 32; 32; 64])'; 'pad_value': '0'; 'sub_core_grids': 'std::nullopt'; 'use_multicore': 'true'},HiFi4,32,110,,,11273783337,11273784459,1122,13859988770576,13859988776682,32189,32189,4523,3541,3541,,,,130,3540,2587,2616,265,535,,,,,,1[1],32[32],4[4],64[64],ROW_MAJOR,BFLOAT16,DEV_0_DRAM_INTERLEAVED,,,,,,,,,,,,,,,,,,,,,,,,,,,,,1[1],32[32],32[4],64[64],TILE,BFLOAT16,DEV_0_DRAM_INTERLEAVED,,,,,,,,,,,,,,,,,['ttnn/cpp/ttnn/kernel/compute/tilize.cpp'],['tilize/6336681081206770840/'],['ttnn/cpp/ttnn/operations/eltwise/unary/device/kernels/dataflow/writer_unary_interleaved_start_id.cpp'; 'ttnn/cpp/ttnn/operations/data_movement/tilize_with_val_padding/device/kernels/dataflow/reader_unary_pad_dims_split_rows_multicore.cpp'],['writer_unary_interleaved_start_id/12823350331057913928/'; 'reader_unary_pad_dims_split_rows_multicore/14254742127114526387/'],971437295254530693,False,1000,1852,1168,768,2008,0,0,0,0,1,1,1,[],[],0.028,,,,,,,1122
UntilizeWithUnpaddingDeviceOperation,tt_dnn_device,149507,3,blackhole,{'enough_space_height': 'true'; 'fp32_dest_acc_en': 'false'; 'output_mem_config': 'MemoryConfig(memory_layout=TensorMemoryLayout::INTERLEAVED;buffer_type=BufferType::DRAM;shard_spec=std::nullopt;nd_shard_spec=std::nullopt;created_with_nd_shard_spec=0)'; 'output_tensor_end': 'Shape([0; 31; 0; 63])'; 'sub_core_grids': 'std::nullopt'; 'use_multicore': 'true'},HiFi4,32,110,,,11273802464,11273803055,591,13859988793030,13859988796795,13083,13087,2789,1818,1816,,,,110,1816,1301,1357,1340,1625,,,,,,1[1],32[32],32[1],64[64],TILE,BFLOAT16,DEV_0_DRAM_INTERLEAVED,,,,,,,,,,,,,,,,,,,,,,,,,,,,,1[1],32[32],1[1],64[64],ROW_MAJOR,BFLOAT16,DEV_0_DRAM_INTERLEAVED,,,,,,,,,,,,,,,,,['ttnn/cpp/ttnn/operations/data_movement/untilize/device/kernels/compute/untilize.cpp'],['untilize/1326536449021772998/'],['ttnn/cpp/ttnn/operations/data_movement/untilize_with_unpadding/device/kernels/dataflow/writer_unary_stick_layout_split_rows_multicore.cpp'; 'ttnn/cpp/ttnn/operations/eltwise/unary/device/kernels/dataflow/reader_unary_interleaved_start_id.cpp'],['writer_unary_stick_layout_split_rows_multicore/14885018228999010243/'; 'reader_unary_interleaved_start_id/14429317243173019626/'],7182239935763104684,False,1564,924,1120,844,2564,0,0,0,0,1021,1021,238,[128.3760986328125],[4.011753082275391],56.161,,,,,,,591
RepeatDeviceOperation,tt_dnn_device,150531,3,blackhole,{'m_is_last_dim': 'false'; 'm_num_repeats': '4'; 'm_output_mem_config': 'MemoryConfig(memory_layout=TensorMemoryLayout::INTERLEAVED;buffer_type=BufferType::DRAM;shard_spec=std::nullopt;nd_shard_spec=std::nullopt;created_with_nd_shard_spec=0)'; 'm_repeat_dim': '-1'; 'm_tile_higher_pages': '0'; 'm_tile_lower_pages': '0'; 'm_tile_page_size_bytes': '0'; 'm_tile_rep_dim_pages': '0'},,110,110,,,11273809347,11273809848,501,13859988801461,13859988803763,4039,4039,1705,1107,1107,,,,164,,1107,,,,,,,,,32[32],1[1],1[1],64[64],ROW_MAJOR,BFLOAT16,DEV_0_DRAM_INTERLEAVED,,,,,,,,,,,,,,,,,,,,,,,,,,,,,32[32],4[4],1[1],64[64],ROW_MAJOR,BFLOAT16,DEV_0_DRAM_INTERLEAVED,,,,,,,,,,,,,,,,,[],[],['ttnn/cpp/ttnn/operations/data_movement/repeat/device/kernels/repeat_higher_dim_rm_interleaved.cpp'],['repeat_higher_dim_rm_interleaved/6543187955838018786/'],11716724648021177635,False,0,1840,0,0,0,0,0,0,0,503,503,29,[8.14314079284668],[32.57256317138672],45.438,,,,,,,501
TilizeWithValPaddingDeviceOperation,tt_dnn_device,151555,3,blackhole,{'enough_space_height': 'true'; 'enough_space_width': 'true'; 'output_dtype': 'DataType::BFLOAT16'; 'output_mem_config': 'MemoryConfig(memory_layout=TensorMemoryLayout::INTERLEAVED;buffer_type=BufferType::DRAM;shard_spec=std::nullopt;nd_shard_spec=std::nullopt;created_with_nd_shard_spec=0)'; 'output_padded_shape': 'Shape([1; 32; 32; 64])'; 'pad_value': '0'; 'sub_core_grids': 'std::nullopt'; 'use_multicore': 'true'},HiFi4,32,110,,,11273819526,11273819997,471,13859988820035,13859988826174,13031,13037,4547,3584,3577,,,,133,3577,2601,2659,213,545,,,,,,1[1],32[32],4[4],64[64],ROW_MAJOR,BFLOAT16,DEV_0_DRAM_INTERLEAVED,,,,,,,,,,,,,,,,,,,,,,,,,,,,,1[1],32[32],32[4],64[64],TILE,BFLOAT16,DEV_0_DRAM_INTERLEAVED,,,,,,,,,,,,,,,,,['ttnn/cpp/ttnn/kernel/compute/tilize.cpp'],['tilize/6336681081206770840/'],['ttnn/cpp/ttnn/operations/eltwise/unary/device/kernels/dataflow/writer_unary_interleaved_start_id.cpp'; 'ttnn/cpp/ttnn/operations/data_movement/tilize_with_val_padding/device/kernels/dataflow/reader_unary_pad_dims_split_rows_multicore.cpp'],['writer_unary_interleaved_start_id/12823350331057913928/'; 'reader_unary_pad_dims_split_rows_multicore/14254742127114526387/'],971437295254530693,False,1000,1852,1168,768,2008,0,0,0,0,1,1,1,[],[],0.028,,,,,,,471
BinaryNgDeviceOperation,tt_dnn_device,152579,3,blackhole,{'atol': '0'; 'binary_op_type': 'BinaryOpType::MUL'; 'compute_kernel_config': 'std::nullopt'; 'dtype': 'DataType::BFLOAT16'; 'equal_nan': 'false'; 'input_dtype': 'DataType::BFLOAT16'; 'input_layout_a': 'Layout::TILE'; 'input_layout_b': 'Layout::TILE'; 'is_quant_op': 'false'; 'is_sfpu': 'true'; 'is_where_op': 'false'; 'lhs_activations': '{}'; 'memory_config': 'MemoryConfig(memory_layout=TensorMemoryLayout::INTERLEAVED;buffer_type=BufferType::DRAM;shard_spec=std::nullopt;nd_shard_spec=std::nullopt;created_with_nd_shard_spec=0)'; 'output_layout': 'Layout::TILE'; 'post_activations': '{}'; 'rhs_activations': '{}'; 'rtol': '0'; 'scalar': 'std::nullopt'; 'sub_core_grids': 'std::nullopt'; 'sub_device_id': 'std::nullopt'; 'subtile_broadcast_type': 'SubtileBroadcastType::NONE'; 'worker_grid': '{[0-0 - 10-9]}'},HiFi4,110,110,,,11273862428,11273863780,1352,13859988868269,13859988872351,31764,31779,3024,2436,2426,,,,173,2387,1360,1425,1955,401,,,,,,1[1],32[32],32[24],64[64],TILE,BFLOAT16,DEV_0_DRAM_INTERLEAVED,1[1],32[32],32[24],64[64],TILE,BFLOAT16,DEV_0_DRAM_INTERLEAVED,,,,,,,,,,,,,,,,,,,,,,1[1],32[32],32[24],64[64],TILE,BFLOAT16,DEV_0_DRAM_INTERLEAVED,,,,,,,,,,,,,,,,,['ttnn/cpp/ttnn/operations/eltwise/binary_ng/device/kernels/compute/eltwise_binary_sfpu_no_bcast.cpp'],['eltwise_binary_sfpu_no_bcast/5506180665876100763/'],['ttnn/cpp/ttnn/operations/eltwise/binary_ng/device/kernels_ng/dataflow/writer_interleaved_no_bcast.cpp'; 'ttnn/cpp/ttnn/operations/eltwise/binary_ng/device/kernels_ng/dataflow/reader_interleaved_no_bcast.cpp'],['writer_interleaved_no_bcast/13786176872452774081/'; 'reader_interleaved_no_bcast/13696495097517312790/'],1543498124224426579,False,1120,1644,1456,1200,1292,0,0,0,0,1,1,1,[],[],0.041,,,,,,,1352
SliceDeviceOperation,tt_dnn_device,153603,3,blackhole,{'num_devices': 'std::nullopt'; 'output_mem_config': 'MemoryConfig(memory_layout=TensorMemoryLayout::INTERLEAVED;buffer_type=BufferType::DRAM;shard_spec=std::nullopt;nd_shard_spec=std::nullopt;created_with_nd_shard_spec=0)'; 'slice_dim': 'std::nullopt'; 'slice_end': 'Shape([1; 32; 32; 64])'; 'slice_start': 'Shape([0; 0; 0; 32])'; 'step': 'Shape([1; 1; 1; 1])'; 'sub_core_grids': 'std::nullopt'; 'use_tensor_args': 'false'},,32,110,,,11273924116,11273924997,881,13859988947423,13859988950186,56550,56550,2047,1093,1093,,,,99,1093,751,,,,,,,,,1[1],32[32],32[4],64[64],TILE,BFLOAT16,DEV_0_DRAM_INTERLEAVED,,,,,,,,,,,,,,,,,,,,,,,,,,,,,1[1],32[32],32[32],32[32],TILE,BFLOAT16,DEV_0_DRAM_INTERLEAVED,,,,,,,,,,,,,,,,,[],[],['ttnn/cpp/ttnn/operations/data_movement/slice/device/kernels/dataflow/writer_unary_interleaved_start_id.cpp'; 'ttnn/cpp/ttnn/operations/data_movement/slice/device/kernels/dataflow/reader_unary_unpad_dims_interleaved_start_id.cpp'],['writer_unary_interleaved_start_id/11396476643056635318/'; 'reader_unary_unpad_dims_interleaved_start_id/15985850001773238796/'],9339858964289863189,False,680,716,0,0,0,0,0,0,0,615,615,238,[213.1251983642578],[106.5625991821289],56.267,,,,,,,881
UnaryDeviceOperation,tt_dnn_device,154627,3,blackhole,{'bfp8_pack_precise': 'false'; 'fp32_dest_acc_en': 'false'; 'memory_config': 'MemoryConfig(memory_layout=TensorMemoryLayout::INTERLEAVED;buffer_type=BufferType::DRAM;shard_spec=std::nullopt;nd_shard_spec=std::nullopt;created_with_nd_shard_spec=0)'; 'op_chain': '{BasicUnaryWithParam<float; int; unsigned int>(base=BasicUnaryWithParam<float>(op_type=UnaryOpType::NEG;param={}))}'; 'output_dtype': 'DataType::BFLOAT16'; 'preserve_fp32_precision': 'false'; 'sub_core_grids': 'std::nullopt'; 'worker_grid': '{[0-0 - 10-9]}'},HiFi4,110,110,,,11273963571,11273964994,1423,13859989004025,13859989006527,40462,40473,1853,1275,1270,,,,168,1238,722,761,833,403,,,,,,1[1],32[32],32[24],32[32],TILE,BFLOAT16,DEV_0_DRAM_INTERLEAVED,,,,,,,,,,,,,,,,,,,,,,,,,,,,,1[1],32[32],32[24],32[32],TILE,BFLOAT16,DEV_0_DRAM_INTERLEAVED,,,,,,,,,,,,,,,,,['ttnn/cpp/ttnn/operations/eltwise/unary/device/kernels/compute/eltwise_sfpu.cpp'],['eltwise_sfpu/10029696999261176038/'],['ttnn/cpp/ttnn/operations/eltwise/unary/device/kernels/dataflow/writer_unary.cpp'; 'ttnn/cpp/ttnn/operations/eltwise/unary/device/kernels/dataflow/reader_unary.cpp'],['writer_unary/17308908021593325674/'; 'reader_unary/7914283486036039746/'],7432247804833187099,False,1000,924,1060,872,1260,0,0,0,0,1,1,1,[],[],0.078,,,,,,,1423
SliceDeviceOperation,tt_dnn_device,155651,3,blackhole,{'num_devices': 'std::nullopt'; 'output_mem_config': 'MemoryConfig(memory_layout=TensorMemoryLayout::INTERLEAVED;buffer_type=BufferType::DRAM;shard_spec=std::nullopt;nd_shard_spec=std::nullopt;created_with_nd_shard_spec=0)'; 'slice_dim': 'std::nullopt'; 'slice_end': 'Shape([1; 32; 32; 32])'; 'slice_start': 'Shape([0; 0; 0; 0])'; 'step': 'Shape([1; 1; 1; 1])'; 'sub_core_grids': 'std::nullopt'; 'use_tensor_args': 'false'},,32,110,,,11274018025,11274019037,1012,13859989074759,13859989077575,51485,51485,2086,1130,1130,,,,96,1130,888,,,,,,,,,1[1],32[32],32[4],64[64],TILE,BFLOAT16,DEV_0_DRAM_INTERLEAVED,,,,,,,,,,,,,,,,,,,,,,,,,,,,,1[1],32[32],32[32],32[32],TILE,BFLOAT16,DEV_0_DRAM_INTERLEAVED,,,,,,,,,,,,,,,,,[],[],['ttnn/cpp/ttnn/operations/data_movement/slice/device/kernels/dataflow/writer_unary_interleaved_start_id.cpp'; 'ttnn/cpp/ttnn/operations/data_movement/slice/device/kernels/dataflow/reader_unary_unpad_dims_interleaved_start_id.cpp'],['writer_unary_interleaved_start_id/11396476643056635318/'; 'reader_unary_unpad_dims_interleaved_start_id/15985850001773238796/'],15095538927500603973,False,680,716,0,0,0,0,0,0,0,615,615,238,[213.1251983642578],[106.5625991821289],54.425,,,,,,,1012
ConcatDeviceOperation,tt_dnn_device,156675,3,blackhole,{'dim': '3'; 'groups': '1'; 'output_mem_config': 'MemoryConfig(memory_layout=TensorMemoryLayout::INTERLEAVED;buffer_type=BufferType::DRAM;shard_spec=std::nullopt;nd_shard_spec=std::nullopt;created_with_nd_shard_spec=0)'; 'sub_core_grids': 'std::nullopt'},,64,110,,,11274053142,11274054614,1472,13859989122522,13859989125656,34273,34273,2321,1327,1327,,,,135,1327,912,,,,,,,,,1[1],32[32],32[4],32[32],TILE,BFLOAT16,DEV_0_DRAM_INTERLEAVED,1[1],32[32],32[4],32[32],TILE,BFLOAT16,DEV_0_DRAM_INTERLEAVED,,,,,,,,,,,,,,,,,,,,,,1[1],32[32],32[4],64[64],TILE,BFLOAT16,DEV_0_DRAM_INTERLEAVED,,,,,,,,,,,,,,,,,[],[],['ttnn/cpp/ttnn/operations/eltwise/unary/device/kernels/dataflow/writer_unary_interleaved_start_id.cpp'; 'ttnn/cpp/ttnn/operations/data_movement/concat/device/kernels/dataflow/reader_concat_interleaved_start_id.cpp'],['writer_unary_interleaved_start_id/7768588342143663468/'; 'reader_concat_interleaved_start_id/6066128960684806623/'],7947811123865021086,False,1000,976,0,0,0,0,0,0,0,238,1,238,[275.3613586425781; 275.3613586425781],[550.7227172851562],0.075,,,,,,,1472
BinaryNgDeviceOperation,tt_dnn_device,157699,3,blackhole,{'atol': '0'; 'binary_op_type': 'BinaryOpType::MUL'; 'compute_kernel_config': 'std::nullopt'; 'dtype': 'DataType::BFLOAT16'; 'equal_nan': 'false'; 'input_dtype': 'DataType::BFLOAT16'; 'input_layout_a': 'Layout::TILE'; 'input_layout_b': 'Layout::TILE'; 'is_quant_op': 'false'; 'is_sfpu': 'true'; 'is_where_op': 'false'; 'lhs_activations': '{}'; 'memory_config': 'MemoryConfig(memory_layout=TensorMemoryLayout::INTERLEAVED;buffer_type=BufferType::DRAM;shard_spec=std::nullopt;nd_shard_spec=std::nullopt;created_with_nd_shard_spec=0)'; 'output_layout': 'Layout::TILE'; 'post_activations': '{}'; 'rhs_activations': '{}'; 'rtol': '0'; 'scalar': 'std::nullopt'; 'sub_core_grids': 'std::nullopt'; 'sub_device_id': 'std::nullopt'; 'subtile_broadcast_type': 'SubtileBroadcastType::NONE'; 'worker_grid': '{[0-0 - 10-9]}'},HiFi4,110,110,,,11274093208,11274094120,912,13859989180099,13859989184158,40915,40929,3007,2407,2407,,,,182,2367,1371,1453,1957,371,,,,,,1[1],32[32],32[24],64[64],TILE,BFLOAT16,DEV_0_DRAM_INTERLEAVED,1[1],32[32],32[24],64[64],TILE,BFLOAT16,DEV_0_DRAM_INTERLEAVED,,,,,,,,,,,,,,,,,,,,,,1[1],32[32],32[24],64[64],TILE,BFLOAT16,DEV_0_DRAM_INTERLEAVED,,,,,,,,,,,,,,,,,['ttnn/cpp/ttnn/operations/eltwise/binary_ng/device/kernels/compute/eltwise_binary_sfpu_no_bcast.cpp'],['eltwise_binary_sfpu_no_bcast/5506180665876100763/'],['ttnn/cpp/ttnn/operations/eltwise/binary_ng/device/kernels_ng/dataflow/writer_interleaved_no_bcast.cpp'; 'ttnn/cpp/ttnn/operations/eltwise/binary_ng/device/kernels_ng/dataflow/reader_interleaved_no_bcast.cpp'],['writer_interleaved_no_bcast/13786176872452774081/'; 'reader_interleaved_no_bcast/13696495097517312790/'],1543498124224426579,False,1120,1644,1456,1200,1292,0,0,0,0,1,1,1,[],[],0.042,,,,,,,912
BinaryNgDeviceOperation,tt_dnn_device,158723,3,blackhole,{'atol': '0'; 'binary_op_type': 'BinaryOpType::ADD'; 'compute_kernel_config': 'std::nullopt'; 'dtype': 'DataType::BFLOAT16'; 'equal_nan': 'false'; 'input_dtype': 'DataType::BFLOAT16'; 'input_layout_a': 'Layout::TILE'; 'input_layout_b': 'Layout::TILE'; 'is_quant_op': 'false'; 'is_sfpu': 'false'; 'is_where_op': 'false'; 'lhs_activations': '{}'; 'memory_config': 'MemoryConfig(memory_layout=TensorMemoryLayout::INTERLEAVED;buffer_type=BufferType::DRAM;shard_spec=std::nullopt;nd_shard_spec=std::nullopt;created_with_nd_shard_spec=0)'; 'output_layout': 'Layout::TILE'; 'post_activations': '{}'; 'rhs_activations': '{}'; 'rtol': '0'; 'scalar': 'std::nullopt'; 'sub_core_grids': 'std::nullopt'; 'sub_device_id': 'std::nullopt'; 'subtile_broadcast_type': 'SubtileBroadcastType::NONE'; 'worker_grid': '{[0-0 - 10-9]}'},HiFi4,110,110,,,11274130088,11274130750,662,13859989230114,13859989233393,34645,34647,2429,1835,1832,,,,171,1812,1378,1366,273,381,,,,,,1[1],32[32],32[24],64[64],TILE,BFLOAT16,DEV_0_DRAM_INTERLEAVED,1[1],32[32],32[24],64[64],TILE,BFLOAT16,DEV_0_DRAM_INTERLEAVED,,,,,,,,,,,,,,,,,,,,,,1[1],32[32],32[24],64[64],TILE,BFLOAT16,DEV_0_DRAM_INTERLEAVED,,,,,,,,,,,,,,,,,['ttnn/cpp/ttnn/operations/eltwise/binary_ng/device/kernels/compute/eltwise_binary_no_bcast.cpp'],['eltwise_binary_no_bcast/7702167649156508193/'],['ttnn/cpp/ttnn/operations/eltwise/binary_ng/device/kernels_ng/dataflow/writer_interleaved_no_bcast.cpp'; 'ttnn/cpp/ttnn/operations/eltwise/binary_ng/device/kernels_ng/dataflow/reader_interleaved_no_bcast.cpp'],['writer_interleaved_no_bcast/13786176872452774081/'; 'reader_interleaved_no_bcast/13696495097517312790/'],1295168523863076379,False,1120,1644,1308,768,1292,0,0,0,0,1,1,1,[],[],0.054,,,,,,,662
ConcatDeviceOperation,tt_dnn_device,159747,3,blackhole,{'dim': '3'; 'groups': '1'; 'output_mem_config': 'MemoryConfig(memory_layout=TensorMemoryLayout::INTERLEAVED;buffer_type=BufferType::DRAM;shard_spec=std::nullopt;nd_shard_spec=std::nullopt;created_with_nd_shard_spec=0)'; 'sub_core_grids': 'std::nullopt'},,110,110,,,11274163632,11274164514,882,13859989273760,13859989279062,30490,30490,3927,3341,3341,,,,167,3341,3078,,,,,,,,,1[1],32[32],32[4],64[64],TILE,BFLOAT16,DEV_0_DRAM_INTERLEAVED,1[1],32[32],32[4],192[192],TILE,BFLOAT16,DEV_0_DRAM_INTERLEAVED,,,,,,,,,,,,,,,,,,,,,,1[1],32[32],32[4],256[256],TILE,BFLOAT16,DEV_0_DRAM_INTERLEAVED,,,,,,,,,,,,,,,,,[],[],['ttnn/cpp/ttnn/operations/eltwise/unary/device/kernels/dataflow/writer_unary_interleaved_start_id.cpp'; 'ttnn/cpp/ttnn/operations/data_movement/concat/device/kernels/dataflow/reader_concat_interleaved_start_id.cpp'],['writer_unary_interleaved_start_id/7768588342143663468/'; 'reader_concat_interleaved_start_id/6066128960684806623/'],8107540980742073492,False,1000,976,0,0,0,0,0,0,0,953,1,953,[137.53619384765625; 412.6086120605469],[550.144775390625],0.03,,,,,,,882
InterleavedToShardedDeviceOperation,tt_dnn_device,160771,3,blackhole,"{'keep_l1_aligned': 'false'; 'output_dtype': 'DataType::BFLOAT16'; 'output_mem_config': 'MemoryConfig(memory_layout=TensorMemoryLayout::HEIGHT_SHARDED;buffer_type=BufferType::L1;shard_spec=ShardSpec{grid=[{""start"":{""x"":0;""y"":0};""end"":{""x"":7;""y"":3}]; shape=[32; 256]; orientation=ShardOrientation::ROW_MAJOR};nd_shard_spec=std::nullopt;created_with_nd_shard_spec=0)'}",,32,110,,,11274186646,11274187748,1102,13859989300369,13859989303855,16337,16337,2582,2001,2001,,,,144,1990,2001,,,,,,,,,1[1],32[32],32[24],256[256],TILE,BFLOAT16,DEV_0_DRAM_INTERLEAVED,,,,,,,,,,,,,,,,,,,,,,,,,,,,,1[1],32[32],32[24],256[256],TILE,BFLOAT16,DEV_0_L1_HEIGHT_SHARDED,,,,,,,,,,,,,,,,,[],[],['ttnn/cpp/ttnn/operations/data_movement/sharded/device/kernels/dataflow/writer_unary_sharded.cpp'; 'ttnn/cpp/ttnn/operations/data_movement/sharded/device/kernels/dataflow/reader_unary_sharded_blocks_interleaved_start_id.cpp'],['writer_unary_sharded/8354490188168529288/'; 'reader_unary_sharded_blocks_interleaved_start_id/10917281480853109555/'],1241028309259076757,False,384,876,0,0,0,0,0,0,0,1,1,1,[],[],0.05,,,,,,,1102
PagedUpdateCacheDeviceOperation,tt_dnn_device,161795,3,blackhole,{'batch_offset': '0'; 'block_size_override': 'std::nullopt'; 'cache_position_modulo': 'std::nullopt'; 'compute_kernel_config': 'ComputeKernelConfig(math_fidelity=LoFi;math_approx_mode=1;fp32_dest_acc_en=0;packer_l1_acc=0;dst_full_sync_en=0;throttle_level=ThrottleLevel::NO_THROTTLE)'; 'mesh_coords': 'std::nullopt'; 'num_kv_heads_override': 'std::nullopt'; 'share_cache': 'false'; 'update_idxs': '{}'},HiFi4,32,110,,,11274224609,11274227214,2605,13859989351794,13859989362476,36085,36210,7913,7367,7240,,,,367,7150,5852,6372,6364,6527,,,,,,32[32],4[4],64[64],256[256],TILE,BFLOAT8_B,DEV_0_DRAM_INTERLEAVED,1[1],32[32],32[4],256[256],TILE,BFLOAT16,DEV_0_L1_HEIGHT_SHARDED,1[1],1[1],1[1],32[32],ROW_MAJOR,INT32,DEV_0_DRAM_INTERLEAVED,1[1],1[1],32[32],1[1],ROW_MAJOR,INT32,DEV_0_DRAM_INTERLEAVED,,,,,,,,32[32],4[4],64[64],256[256],TILE,BFLOAT8_B,DEV_0_DRAM_INTERLEAVED,,,,,,,,,,,,,,,,,['ttnn/cpp/ttnn/operations/experimental/paged_cache/device/kernels/compute/update_cache.cpp'],['update_cache/16066781562613450478/'],['ttnn/cpp/ttnn/operations/experimental/paged_cache/device/kernels/dataflow/writer_update_cache_interleaved_start_id.cpp'; 'ttnn/cpp/ttnn/operations/experimental/paged_cache/device/kernels/dataflow/reader_update_cache_interleaved_start_id.cpp'],['writer_update_cache_interleaved_start_id/3827813727594451288/'; 'reader_update_cache_interleaved_start_id/9612468294560067899/'],13592124447314723752,False,1560,1352,2452,2216,5300,0,0,0,0,1,1,1,[],[],0.014,,,,,,,2605
PagedUpdateCacheDeviceOperation,tt_dnn_device,162819,3,blackhole,{'batch_offset': '0'; 'block_size_override': 'std::nullopt'; 'cache_position_modulo': 'std::nullopt'; 'compute_kernel_config': 'ComputeKernelConfig(math_fidelity=LoFi;math_approx_mode=1;fp32_dest_acc_en=0;packer_l1_acc=0;dst_full_sync_en=0;throttle_level=ThrottleLevel::NO_THROTTLE)'; 'mesh_coords': 'std::nullopt'; 'num_kv_heads_override': 'std::nullopt'; 'share_cache': 'false'; 'update_idxs': '{}'},HiFi4,32,110,,,11274236341,11274236942,601,13859989368204,13859989378941,4800,4907,7953,7387,7280,,,,371,7191,5836,6314,6325,6488,,,,,,32[32],4[4],64[64],256[256],TILE,BFLOAT8_B,DEV_0_DRAM_INTERLEAVED,1[1],32[32],32[4],256[256],TILE,BFLOAT16,DEV_0_L1_HEIGHT_SHARDED,1[1],1[1],1[1],32[32],ROW_MAJOR,INT32,DEV_0_DRAM_INTERLEAVED,1[1],1[1],32[32],1[1],ROW_MAJOR,INT32,DEV_0_DRAM_INTERLEAVED,,,,,,,,32[32],4[4],64[64],256[256],TILE,BFLOAT8_B,DEV_0_DRAM_INTERLEAVED,,,,,,,,,,,,,,,,,['ttnn/cpp/ttnn/operations/experimental/paged_cache/device/kernels/compute/update_cache.cpp'],['update_cache/16066781562613450478/'],['ttnn/cpp/ttnn/operations/experimental/paged_cache/device/kernels/dataflow/writer_update_cache_interleaved_start_id.cpp'; 'ttnn/cpp/ttnn/operations/experimental/paged_cache/device/kernels/dataflow/reader_update_cache_interleaved_start_id.cpp'],['writer_update_cache_interleaved_start_id/3827813727594451288/'; 'reader_update_cache_interleaved_start_id/9612468294560067899/'],13592124447314723752,False,1560,1352,2452,2216,5300,0,0,0,0,1,1,1,[],[],0.014,,,,,,,601
SdpaDecodeDeviceOperation,tt_dnn_device,163843,3,blackhole,{'block_size_override': 'std::nullopt'; 'cache_position_modulo': 'std::nullopt'; 'compute_kernel_config': 'ComputeKernelConfig(math_fidelity=HiFi4;math_approx_mode=0;fp32_dest_acc_en=0;packer_l1_acc=1;dst_full_sync_en=0;throttle_level=ThrottleLevel::NO_THROTTLE)'; 'cur_pos': '{}'; 'head_dim_v': 'std::nullopt'; 'is_causal': 'true'; 'k_chunk_size': '0'; 'num_kv_heads_override': 'std::nullopt'; 'output_mem_config': 'MemoryConfig(memory_layout=TensorMemoryLayout::INTERLEAVED;buffer_type=BufferType::DRAM;shard_spec=std::nullopt;nd_shard_spec=std::nullopt;created_with_nd_shard_spec=0)'; 'paged_attention': 'true'; 'program_config': 'SDPAProgramConfig(compute_with_storage_grid_size=8-8;sub_core_grids=std::nullopt;q_chunk_size=0;k_chunk_size=0;exp_approx_mode=0;max_cores_per_head_batch=16)'; 'scale': '0.0625'; 'share_cache': 'std::nullopt'; 'sliding_window_size': 'std::nullopt'; 'use_mla': 'std::nullopt'},HiFi4,64,110,,,11274426253,11274428718,2465,13859989633892,13859989661822,189482,189755,20689,20064,19798,,,,625,19670,13997,16170,16550,16397,,,,,,1[1],32[32],32[24],256[256],TILE,BFLOAT16,DEV_0_L1_HEIGHT_SHARDED,32[32],4[4],64[64],256[256],TILE,BFLOAT8_B,DEV_0_DRAM_INTERLEAVED,32[32],4[4],64[64],256[256],TILE,BFLOAT8_B,DEV_0_DRAM_INTERLEAVED,1[1],1[1],1[1],32[32],ROW_MAJOR,INT32,DEV_0_DRAM_INTERLEAVED,1[1],1[1],32[32],1[1],ROW_MAJOR,INT32,DEV_0_DRAM_INTERLEAVED,1[1],32[32],32[24],256[256],TILE,BFLOAT16,DEV_0_DRAM_INTERLEAVED,,,,,,,,,,,,,,,,,['ttnn/cpp/ttnn/operations/transformer/sdpa_decode/device/kernels/compute/sdpa_flash_decode.cpp'],['sdpa_flash_decode/12080227950863313288/'],['ttnn/cpp/ttnn/operations/transformer/sdpa_decode/device/kernels/dataflow/writer_decode_all.cpp'; 'ttnn/cpp/ttnn/operations/transformer/sdpa_decode/device/kernels/dataflow/reader_decode_all.cpp'],['writer_decode_all/17940680972539125475/'; 'reader_decode_all/7018643928517461523/'],5465119450473907598,False,4992,2616,14036,15948,11796,0,0,0,0,1,1,1,[],[],0.005,,,,,,,2465
InterleavedToShardedDeviceOperation,tt_dnn_device,164867,3,blackhole,"{'keep_l1_aligned': 'false'; 'output_dtype': 'DataType::BFLOAT16'; 'output_mem_config': 'MemoryConfig(memory_layout=TensorMemoryLayout::HEIGHT_SHARDED;buffer_type=BufferType::L1;shard_spec=ShardSpec{grid=[{""start"":{""x"":0;""y"":0};""end"":{""x"":7;""y"":3}]; shape=[32; 256]; orientation=ShardOrientation::ROW_MAJOR};nd_shard_spec=std::nullopt;created_with_nd_shard_spec=0)'}",,32,110,,,11274449458,11274450269,811,13859989655232,13859989665206,493,493,7388,1987,1987,,,,599,1981,1980,,,,,,,,,1[1],32[32],32[24],256[256],TILE,BFLOAT16,DEV_0_DRAM_INTERLEAVED,,,,,,,,,,,,,,,,,,,,,,,,,,,,,1[1],32[32],32[24],256[256],TILE,BFLOAT16,DEV_0_L1_HEIGHT_SHARDED,,,,,,,,,,,,,,,,,[],[],['ttnn/cpp/ttnn/operations/data_movement/sharded/device/kernels/dataflow/writer_unary_sharded.cpp'; 'ttnn/cpp/ttnn/operations/data_movement/sharded/device/kernels/dataflow/reader_unary_sharded_blocks_interleaved_start_id.cpp'],['writer_unary_sharded/8354490188168529288/'; 'reader_unary_sharded_blocks_interleaved_start_id/10917281480853109555/'],1241028309259076757,False,384,876,0,0,0,0,0,0,0,1,1,1,[],[],0.05,,,,,,,811
NLPConcatHeadsDecodeDeviceOperation,tt_dnn_device,165891,3,blackhole,{'num_heads': '24'; 'on_subcoregrids': 'false'; 'sub_core_grids': 'std::nullopt'},,24,110,,,11274490516,11274492490,1974,13859989707239,13859989720546,31963,31963,9857,9049,9049,,,,168,9047,8427,,,,,,,,,1[1],32[32],32[24],256[256],TILE,BFLOAT16,DEV_0_L1_HEIGHT_SHARDED,,,,,,,,,,,,,,,,,,,,,,,,,,,,,1[1],1[1],32[32],6144[6144],TILE,BFLOAT16,DEV_0_L1_WIDTH_SHARDED,,,,,,,,,,,,,,,,,[],[],['ttnn/cpp/ttnn/operations/experimental/transformer/nlp_concat_heads_decode/device/kernels/dataflow/reader_tm_tile_layout_nlp_concat_heads_decode.cpp'],['reader_tm_tile_layout_nlp_concat_heads_decode/1933393714786132976/'],14910219977054537591,False,760,732,0,0,0,0,0,0,0,1,1,1,[],[],0.011,,,,,,,1974
UnaryDeviceOperation,tt_dnn_device,166915,3,blackhole,"{'bfp8_pack_precise': 'false'; 'fp32_dest_acc_en': 'false'; 'memory_config': 'MemoryConfig(memory_layout=TensorMemoryLayout::WIDTH_SHARDED;buffer_type=BufferType::L1;shard_spec=ShardSpec{grid=[{""start"":{""x"":0;""y"":0};""end"":{""x"":7;""y"":0}]; shape=[32; 1792]; orientation=ShardOrientation::ROW_MAJOR};nd_shard_spec={""shard_shape"":[32; 1792];""grid"":[{""start"":{""x"":0;""y"":0};""end"":{""x"":7;""y"":0}}];""orientation"":""ShardOrientation::ROW_MAJOR"";""shard_distribution_strategy"":""ShardDistributionStrategy::ROUND_ROBIN_1D""};created_with_nd_shard_spec=0)'; 'op_chain': '{BasicUnaryWithParam<float; int; unsigned int>(base=BasicUnaryWithParam<float>(op_type=UnaryOpType::SIGMOID;param={4; 0}))}'; 'output_dtype': 'DataType::BFLOAT16'; 'preserve_fp32_precision': 'false'; 'sub_core_grids': 'std::nullopt'; 'worker_grid': '{[0-0 - 10-9]}'}",HiFi4,110,110,,,11274549729,11274551292,1563,13859989794451,13859989803413,55329,55340,6639,6063,6056,,,,182,6020,4237,4280,5071,3778,,,,,,1[1],1[1],32[32],6144[6144],TILE,BFLOAT16,DEV_0_L1_WIDTH_SHARDED,,,,,,,,,,,,,,,,,,,,,,,,,,,,,1[1],1[1],32[32],6144[6144],TILE,BFLOAT16,DEV_0_L1_WIDTH_SHARDED,,,,,,,,,,,,,,,,,['ttnn/cpp/ttnn/operations/eltwise/unary/device/kernels/compute/eltwise_sfpu.cpp'],['eltwise_sfpu/17254425182357590235/'],['ttnn/cpp/ttnn/operations/eltwise/unary/device/kernels/dataflow/writer_unary.cpp'; 'ttnn/cpp/ttnn/operations/eltwise/unary/device/kernels/dataflow/reader_unary.cpp'],['writer_unary/11753427787555832062/'; 'reader_unary/13877237294979657588/'],15156727081888404474,False,1128,1028,1060,1132,1260,0,0,0,0,1,1,1,[],[],0.016,,,,,,,1563
BinaryNgDeviceOperation,tt_dnn_device,167939,3,blackhole,"{'atol': '0'; 'binary_op_type': 'BinaryOpType::MUL'; 'compute_kernel_config': 'std::nullopt'; 'dtype': 'DataType::BFLOAT16'; 'equal_nan': 'false'; 'input_dtype': 'DataType::BFLOAT16'; 'input_layout_a': 'Layout::TILE'; 'input_layout_b': 'Layout::TILE'; 'is_quant_op': 'false'; 'is_sfpu': 'true'; 'is_where_op': 'false'; 'lhs_activations': '{}'; 'memory_config': 'MemoryConfig(memory_layout=TensorMemoryLayout::WIDTH_SHARDED;buffer_type=BufferType::L1;shard_spec=ShardSpec{grid=[{""start"":{""x"":0;""y"":0};""end"":{""x"":10;""y"":1}; {""start"":{""x"":0;""y"":2};""end"":{""x"":1;""y"":2}]; shape=[32; 256]; orientation=ShardOrientation::ROW_MAJOR};nd_shard_spec=std::nullopt;created_with_nd_shard_spec=0)'; 'output_layout': 'Layout::TILE'; 'post_activations': '{}'; 'rhs_activations': '{}'; 'rtol': '0'; 'scalar': 'std::nullopt'; 'sub_core_grids': 'std::nullopt'; 'sub_device_id': 'std::nullopt'; 'subtile_broadcast_type': 'SubtileBroadcastType::NONE'; 'worker_grid': '{[0-0 - 10-9]}'}",HiFi4,110,110,,,11274618881,11274620414,1533,13859989889039,13859989899023,64006,64029,7396,6811,6788,,,,213,6747,5774,5819,6343,4784,,,,,,1[1],1[1],32[32],6144[6144],TILE,BFLOAT16,DEV_0_L1_WIDTH_SHARDED,1[1],1[1],32[32],6144[6144],TILE,BFLOAT16,DEV_0_L1_WIDTH_SHARDED,,,,,,,,,,,,,,,,,,,,,,1[1],1[1],32[32],6144[6144],TILE,BFLOAT16,DEV_0_L1_WIDTH_SHARDED,,,,,,,,,,,,,,,,,['ttnn/cpp/ttnn/operations/eltwise/binary_ng/device/kernels/compute/eltwise_binary_sfpu_no_bcast.cpp'],['eltwise_binary_sfpu_no_bcast/5506180665876100763/'],['ttnn/cpp/ttnn/operations/eltwise/binary_ng/device/kernels_ng/dataflow/writer_interleaved_no_bcast.cpp'; 'ttnn/cpp/ttnn/operations/eltwise/binary_ng/device/kernels_ng/dataflow/reader_interleaved_no_bcast.cpp'],['writer_interleaved_no_bcast/272054095409409567/'; 'reader_interleaved_no_bcast/4937705770674958384/'],11530892292686997439,False,1284,2060,1456,1200,1292,0,0,0,0,1,1,1,[],[],0.015,,,,,,,1533
ReshardDeviceOperation,tt_dnn_device,168963,3,blackhole,"{'output_mem_config': 'MemoryConfig(memory_layout=TensorMemoryLayout::WIDTH_SHARDED;buffer_type=BufferType::L1;shard_spec=ShardSpec{grid=[{""start"":{""x"":0;""y"":0};""end"":{""x"":7;""y"":0}]; shape=[32; 768]; orientation=ShardOrientation::ROW_MAJOR};nd_shard_spec=std::nullopt;created_with_nd_shard_spec=0)'}",,8,110,,,11274669988,11274671371,1383,13859989951318,13859989954199,39250,39250,2134,1599,1599,,,,136,1512,1599,,,,,,,,,1[1],1[1],32[32],6144[6144],TILE,BFLOAT16,DEV_0_L1_WIDTH_SHARDED,,,,,,,,,,,,,,,,,,,,,,,,,,,,,1[1],1[1],32[32],6144[6144],TILE,BFLOAT16,DEV_0_L1_WIDTH_SHARDED,,,,,,,,,,,,,,,,,[],[],['ttnn/cpp/ttnn/operations/data_movement/sharded/device/kernels/dataflow/reshard_reader.cpp'],['reshard_reader/65709687602297981/'],17945883667344941447,False,924,912,0,0,0,0,0,0,0,1,1,1,[],[],0.063,,,,,,,1383
MatmulDeviceOperation,tt_dnn_device,169987,3,blackhole,"{'bcast_batch': 'true'; 'compute_kernel_config': 'ComputeKernelConfig(math_fidelity=HiFi2;math_approx_mode=0;fp32_dest_acc_en=0;packer_l1_acc=1;dst_full_sync_en=0;throttle_level=ThrottleLevel::NO_THROTTLE)'; 'global_cb': 'std::nullopt'; 'output_dtype': 'DataType::BFLOAT16'; 'output_mem_config': 'MemoryConfig(memory_layout=TensorMemoryLayout::WIDTH_SHARDED;buffer_type=BufferType::L1;shard_spec=ShardSpec{grid=[{""start"":{""x"":0;""y"":0};""end"":{""x"":7;""y"":0}]; shape=[32; 640]; orientation=ShardOrientation::ROW_MAJOR};nd_shard_spec=std::nullopt;created_with_nd_shard_spec=0)'; 'output_tile': 'Tile(tile_shape={32; 32};face_shape={16; 16};num_faces=4)'; 'program_config': 'MatmulMultiCoreReuseMultiCastDRAMShardedProgramConfig(in0_block_w=3;per_core_M=1;per_core_N=20;fused_activation=std::nullopt)'; 'sub_device_id': 'std::nullopt'; 'transpose_a': 'false'; 'transpose_b': 'false'; 'untilize_out': 'false'; 'user_core_coord': 'std::nullopt'; 'user_fused_activation': 'std::nullopt'; 'user_run_batched': 'false'}",HiFi2,80,110,,,11274721006,11274722498,1492,13859990024755,13859990197935,52870,52885,128281,127692,127678,,,,224,127610,123194,126374,126432,126846,,,,,,1[1],1[1],32[32],6144[6144],TILE,BFLOAT16,DEV_0_L1_WIDTH_SHARDED,1[1],1[1],6144[6144],5120[5120],TILE,BFLOAT16,DEV_0_DRAM_WIDTH_SHARDED,,,,,,,,,,,,,,,,,,,,,,1[1],1[1],32[32],5120[5120],TILE,BFLOAT16,DEV_0_L1_WIDTH_SHARDED,,,,,,,,,,,,,,,,,['ttnn/cpp/ttnn/operations/matmul/device/kernels/compute/bmm_large_block_zm_fused_bias_activation.cpp'],['bmm_large_block_zm_fused_bias_activation/9333274752371536961/'],['ttnn/cpp/ttnn/operations/matmul/device/kernels/dataflow/reader_bmm_tile_layout_in1_sender_dram_sharded.cpp'; 'ttnn/cpp/ttnn/operations/matmul/device/kernels/dataflow/reader_bmm_tile_layout_in0_sender_dram_sharded.cpp'],['reader_bmm_tile_layout_in1_sender_dram_sharded/1808846658621331033/'; 'reader_bmm_tile_layout_in0_sender_dram_sharded/7377024465460991126/'],8786085534978863698,False,1736,1532,2196,2392,3408,0,0,0,0,114440,6620,114440,[3.4360013008117676; 549.76025390625],[2.8633344173431396],5.184,,,,,,,1492
BinaryNgDeviceOperation,tt_dnn_device,171011,3,blackhole,"{'atol': '0'; 'binary_op_type': 'BinaryOpType::ADD'; 'compute_kernel_config': 'std::nullopt'; 'dtype': 'DataType::BFLOAT16'; 'equal_nan': 'false'; 'input_dtype': 'DataType::BFLOAT16'; 'input_layout_a': 'Layout::TILE'; 'input_layout_b': 'Layout::TILE'; 'is_quant_op': 'false'; 'is_sfpu': 'false'; 'is_where_op': 'false'; 'lhs_activations': '{}'; 'memory_config': 'MemoryConfig(memory_layout=TensorMemoryLayout::WIDTH_SHARDED;buffer_type=BufferType::L1;shard_spec=ShardSpec{grid=[{""start"":{""x"":0;""y"":0};""end"":{""x"":7;""y"":0}]; shape=[32; 640]; orientation=ShardOrientation::ROW_MAJOR};nd_shard_spec=std::nullopt;created_with_nd_shard_spec=0)'; 'output_layout': 'Layout::TILE'; 'post_activations': '{}'; 'rhs_activations': '{}'; 'rtol': '0'; 'scalar': 'std::nullopt'; 'sub_core_grids': 'std::nullopt'; 'sub_device_id': 'std::nullopt'; 'subtile_broadcast_type': 'SubtileBroadcastType::NONE'; 'worker_grid': '{[0-0 - 10-9]}'}",HiFi4,110,110,,,11274792322,11274793704,1382,13859990126813,13859990201335,546,546,55201,1956,1956,,,,1107,1120,1107,1875,1622,1956,,,,,,1[1],1[1],32[32],5120[5120],TILE,BFLOAT16,DEV_0_L1_WIDTH_SHARDED,1[1],1[1],32[32],5120[5120],TILE,BFLOAT16,DEV_0_L1_WIDTH_SHARDED,,,,,,,,,,,,,,,,,,,,,,1[1],1[1],32[32],5120[5120],TILE,BFLOAT16,DEV_0_L1_WIDTH_SHARDED,,,,,,,,,,,,,,,,,['ttnn/cpp/ttnn/operations/eltwise/binary_ng/device/kernels/compute/eltwise_binary_no_bcast.cpp'],['eltwise_binary_no_bcast/12960446116978008777/'],['ttnn/cpp/ttnn/operations/eltwise/binary_ng/device/kernels_ng/dataflow/writer_interleaved_no_bcast.cpp'; 'ttnn/cpp/ttnn/operations/eltwise/binary_ng/device/kernels_ng/dataflow/reader_interleaved_no_bcast.cpp'],['writer_interleaved_no_bcast/10744504750127431694/'; 'reader_interleaved_no_bcast/7145738252187598887/'],11665132618597481074,False,340,528,1816,1200,2796,0,0,0,0,1,1,1,[],[],0.051,,,,,,,1382
LayerNormDeviceOperation,tt_dnn_device,172035,3,blackhole,"{'compute_kernel_config': 'ComputeKernelConfig(math_fidelity=HiFi4;math_approx_mode=0;fp32_dest_acc_en=1;packer_l1_acc=1;dst_full_sync_en=0;throttle_level=ThrottleLevel::NO_THROTTLE)'; 'distributed_norm_stage': 'DistributedLayerNormStage::NOT_DISTRIBUTED'; 'dtype': 'std::nullopt'; 'eps': '1e-06'; 'fused_activation': 'std::nullopt'; 'norm_type': 'LayerNormType::RMSNORM'; 'output_mem_config': 'MemoryConfig(memory_layout=TensorMemoryLayout::WIDTH_SHARDED;buffer_type=BufferType::L1;shard_spec=ShardSpec{grid=[{""start"":{""x"":0;""y"":0};""end"":{""x"":7;""y"":0}]; shape=[32; 640]; orientation=ShardOrientation::ROW_MAJOR};nd_shard_spec=std::nullopt;created_with_nd_shard_spec=0)'; 'program_config': 'LayerNormShardedMultiCoreProgramConfig(compute_with_storage_grid_size=8-1;subblock_w=4;block_h=1;block_w=20;inplace=0;legacy_reduction=0;legacy_rsqrt=0;use_welford=0)'}",HiFi4,8,110,,,11274845423,11274847106,1683,13859990201479,13859990216950,570,836,11460,10987,10721,,,,1348,7007,9275,10689,10622,10596,,,,,,1[1],1[1],32[32],5120[5120],TILE,BFLOAT16,DEV_0_L1_WIDTH_SHARDED,1[1],1[1],160[160],32[32],ROW_MAJOR,BFLOAT16,DEV_0_DRAM_INTERLEAVED,,,,,,,,,,,,,,,,,,,,,,1[1],1[1],32[32],5120[5120],TILE,BFLOAT16,DEV_0_L1_WIDTH_SHARDED,,,,,,,,,,,,,,,,,['ttnn/cpp/ttnn/operations/normalization/layernorm/device/kernels/compute/layernorm_sharded.cpp'],['layernorm_sharded/13304332820784148191/'],['ttnn/cpp/ttnn/operations/normalization/layernorm/device/kernels/dataflow/writer_unary_sharded_ln_rm_gb.cpp'; 'ttnn/cpp/ttnn/operations/normalization/layernorm/device/kernels/dataflow/reader_mcast_receiver_unary_sharded_ln.cpp'; 'ttnn/cpp/ttnn/operations/normalization/layernorm/device/kernels/dataflow/reader_mcast_sender_unary_sharded_ln.cpp'],['writer_unary_sharded_ln_rm_gb/11486218597615482320/'; 'reader_mcast_receiver_unary_sharded_ln/2856035625972871015/'; 'reader_mcast_sender_unary_sharded_ln/9455697357776402043/'],4792198305488196412,False,1744,1488,4108,3952,4396,0,0,0,0,1,1,1,[],[],0.009,,,,,,,1683
MatmulDeviceOperation,tt_dnn_device,173059,3,blackhole,"{'bcast_batch': 'true'; 'compute_kernel_config': 'ComputeKernelConfig(math_fidelity=LoFi;math_approx_mode=0;fp32_dest_acc_en=0;packer_l1_acc=1;dst_full_sync_en=0;throttle_level=ThrottleLevel::NO_THROTTLE)'; 'global_cb': 'std::nullopt'; 'output_dtype': 'DataType::BFLOAT16'; 'output_mem_config': 'MemoryConfig(memory_layout=TensorMemoryLayout::WIDTH_SHARDED;buffer_type=BufferType::L1;shard_spec=ShardSpec{grid=[{""start"":{""x"":0;""y"":0};""end"":{""x"":7;""y"":0}]; shape=[32; 2176]; orientation=ShardOrientation::ROW_MAJOR};nd_shard_spec=std::nullopt;created_with_nd_shard_spec=0)'; 'output_tile': 'Tile(tile_shape={32; 32};face_shape={16; 16};num_faces=4)'; 'program_config': 'MatmulMultiCoreReuseMultiCastDRAMShardedProgramConfig(in0_block_w=5;per_core_M=1;per_core_N=68;fused_activation=UnaryWithParam(op_type=UnaryOpType::SILU))'; 'sub_device_id': 'std::nullopt'; 'transpose_a': 'false'; 'transpose_b': 'false'; 'untilize_out': 'false'; 'user_core_coord': 'std::nullopt'; 'user_fused_activation': 'std::nullopt'; 'user_run_batched': 'false'}",LoFi,80,110,,,11274902883,11274906980,4097,13859990270407,13859990575259,40209,40227,225816,225232,225214,,,,206,225159,146979,207662,207593,223117,,,,,,1[1],1[1],32[32],5120[5120],TILE,BFLOAT16,DEV_0_L1_WIDTH_SHARDED,1[1],1[1],5120[5120],17408[17408],TILE,BFLOAT4_B,DEV_0_DRAM_WIDTH_SHARDED,,,,,,,,,,,,,,,,,,,,,,1[1],1[1],32[32],17408[17408],TILE,BFLOAT16,DEV_0_L1_WIDTH_SHARDED,,,,,,,,,,,,,,,,,['ttnn/cpp/ttnn/operations/matmul/device/kernels/compute/bmm_large_block_zm_fused_bias_activation.cpp'],['bmm_large_block_zm_fused_bias_activation/4204965041694067704/'],['ttnn/cpp/ttnn/operations/matmul/device/kernels/dataflow/reader_bmm_tile_layout_in1_sender_dram_sharded.cpp'; 'ttnn/cpp/ttnn/operations/matmul/device/kernels/dataflow/reader_bmm_tile_layout_in0_sender_dram_sharded.cpp'],['reader_bmm_tile_layout_in1_sender_dram_sharded/16193105320083668813/'; 'reader_bmm_tile_layout_in0_sender_dram_sharded/14609025528022990150/'],5117040833995949906,False,1748,1516,2356,2540,4076,0,0,0,0,162124,9379,162124,[2.0211689472198486; 549.7579345703125],[6.871974468231201],4.164,,,,,,,4097
MatmulDeviceOperation,tt_dnn_device,174083,3,blackhole,"{'bcast_batch': 'true'; 'compute_kernel_config': 'ComputeKernelConfig(math_fidelity=LoFi;math_approx_mode=0;fp32_dest_acc_en=0;packer_l1_acc=1;dst_full_sync_en=0;throttle_level=ThrottleLevel::NO_THROTTLE)'; 'global_cb': 'std::nullopt'; 'output_dtype': 'DataType::BFLOAT16'; 'output_mem_config': 'MemoryConfig(memory_layout=TensorMemoryLayout::WIDTH_SHARDED;buffer_type=BufferType::L1;shard_spec=ShardSpec{grid=[{""start"":{""x"":0;""y"":0};""end"":{""x"":7;""y"":0}]; shape=[32; 2176]; orientation=ShardOrientation::ROW_MAJOR};nd_shard_spec=std::nullopt;created_with_nd_shard_spec=0)'; 'output_tile': 'Tile(tile_shape={32; 32};face_shape={16; 16};num_faces=4)'; 'program_config': 'MatmulMultiCoreReuseMultiCastDRAMShardedProgramConfig(in0_block_w=5;per_core_M=1;per_core_N=68;fused_activation=std::nullopt)'; 'sub_device_id': 'std::nullopt'; 'transpose_a': 'false'; 'transpose_b': 'false'; 'untilize_out': 'false'; 'user_core_coord': 'std::nullopt'; 'user_fused_activation': 'std::nullopt'; 'user_run_batched': 'false'}",LoFi,80,110,,,11274945644,11274946385,741,13859990328360,13859990791932,601,601,343387,159899,159899,,,,1130,159898,147281,157619,157547,157831,,,,,,1[1],1[1],32[32],5120[5120],TILE,BFLOAT16,DEV_0_L1_WIDTH_SHARDED,1[1],1[1],5120[5120],17408[17408],TILE,BFLOAT4_B,DEV_0_DRAM_WIDTH_SHARDED,,,,,,,,,,,,,,,,,,,,,,1[1],1[1],32[32],17408[17408],TILE,BFLOAT16,DEV_0_L1_WIDTH_SHARDED,,,,,,,,,,,,,,,,,['ttnn/cpp/ttnn/operations/matmul/device/kernels/compute/bmm_large_block_zm_fused_bias_activation.cpp'],['bmm_large_block_zm_fused_bias_activation/9871472176502329303/'],['ttnn/cpp/ttnn/operations/matmul/device/kernels/dataflow/reader_bmm_tile_layout_in1_sender_dram_sharded.cpp'; 'ttnn/cpp/ttnn/operations/matmul/device/kernels/dataflow/reader_bmm_tile_layout_in0_sender_dram_sharded.cpp'],['reader_bmm_tile_layout_in1_sender_dram_sharded/16193105320083668813/'; 'reader_bmm_tile_layout_in0_sender_dram_sharded/14609025528022990150/'],394803733913187558,False,1748,1516,2356,2540,3508,0,0,0,0,162124,9379,162124,[2.0211689472198486; 549.7579345703125],[6.871974468231201],5.866,,,,,,,741
BinaryNgDeviceOperation,tt_dnn_device,175107,3,blackhole,"{'atol': '0'; 'binary_op_type': 'BinaryOpType::MUL'; 'compute_kernel_config': 'std::nullopt'; 'dtype': 'DataType::BFLOAT16'; 'equal_nan': 'false'; 'input_dtype': 'DataType::BFLOAT16'; 'input_layout_a': 'Layout::TILE'; 'input_layout_b': 'Layout::TILE'; 'is_quant_op': 'false'; 'is_sfpu': 'true'; 'is_where_op': 'false'; 'lhs_activations': '{}'; 'memory_config': 'MemoryConfig(memory_layout=TensorMemoryLayout::WIDTH_SHARDED;buffer_type=BufferType::L1;shard_spec=ShardSpec{grid=[{""start"":{""x"":0;""y"":0};""end"":{""x"":10;""y"":8}; {""start"":{""x"":0;""y"":9};""end"":{""x"":9;""y"":9}]; shape=[32; 160]; orientation=ShardOrientation::ROW_MAJOR};nd_shard_spec=std::nullopt;created_with_nd_shard_spec=0)'; 'output_layout': 'Layout::TILE'; 'post_activations': '{}'; 'rhs_activations': '{}'; 'rtol': '0'; 'scalar': 'std::nullopt'; 'sub_core_grids': 'std::nullopt'; 'sub_device_id': 'std::nullopt'; 'subtile_broadcast_type': 'SubtileBroadcastType::NONE'; 'worker_grid': '{[0-0 - 10-9]}'}",HiFi4,110,110,,,11275057137,11275058539,1402,13859990577025,13859990820811,538,539,180582,20851,20850,,,,1278,20848,20047,20092,20607,19703,,,,,,1[1],1[1],32[32],17408[17408],TILE,BFLOAT16,DEV_0_L1_WIDTH_SHARDED,1[1],1[1],32[32],17408[17408],TILE,BFLOAT16,DEV_0_L1_WIDTH_SHARDED,,,,,,,,,,,,,,,,,,,,,,1[1],1[1],32[32],17408[17408],TILE,BFLOAT16,DEV_0_L1_WIDTH_SHARDED,,,,,,,,,,,,,,,,,['ttnn/cpp/ttnn/operations/eltwise/binary_ng/device/kernels/compute/eltwise_binary_sfpu_no_bcast.cpp'],['eltwise_binary_sfpu_no_bcast/5506180665876100763/'],['ttnn/cpp/ttnn/operations/eltwise/binary_ng/device/kernels_ng/dataflow/writer_interleaved_no_bcast.cpp'; 'ttnn/cpp/ttnn/operations/eltwise/binary_ng/device/kernels_ng/dataflow/reader_interleaved_no_bcast.cpp'],['writer_interleaved_no_bcast/15906142472867105984/'; 'reader_interleaved_no_bcast/15682222177346204092/'],17567432997850983751,False,1564,1928,1456,1200,1292,0,0,0,0,1,1,1,[],[],0.005,,,,,,,1402
ReshardDeviceOperation,tt_dnn_device,176131,3,blackhole,"{'output_mem_config': 'MemoryConfig(memory_layout=TensorMemoryLayout::WIDTH_SHARDED;buffer_type=BufferType::L1;shard_spec=ShardSpec{grid=[{""start"":{""x"":0;""y"":0};""end"":{""x"":7;""y"":0}]; shape=[32; 2176]; orientation=ShardOrientation::ROW_MAJOR};nd_shard_spec=std::nullopt;created_with_nd_shard_spec=0)'}",,8,110,,,11275088917,11275089829,912,13859990802999,13859990827948,496,496,18481,4791,4791,,,,80,4790,1559,,,,,,,,,1[1],1[1],32[32],17408[17408],TILE,BFLOAT16,DEV_0_L1_WIDTH_SHARDED,,,,,,,,,,,,,,,,,,,,,,,,,,,,,1[1],1[1],32[32],17408[17408],TILE,BFLOAT16,DEV_0_L1_WIDTH_SHARDED,,,,,,,,,,,,,,,,,[],[],['ttnn/cpp/ttnn/operations/data_movement/sharded/device/kernels/dataflow/reshard_reader.cpp'],['reshard_reader/65709687602297981/'],15360536215659455503,False,924,912,0,0,0,0,0,0,0,1,1,1,[],[],0.021,,,,,,,912
MatmulDeviceOperation,tt_dnn_device,177155,3,blackhole,"{'bcast_batch': 'true'; 'compute_kernel_config': 'ComputeKernelConfig(math_fidelity=LoFi;math_approx_mode=0;fp32_dest_acc_en=0;packer_l1_acc=1;dst_full_sync_en=0;throttle_level=ThrottleLevel::NO_THROTTLE)'; 'global_cb': 'std::nullopt'; 'output_dtype': 'DataType::BFLOAT16'; 'output_mem_config': 'MemoryConfig(memory_layout=TensorMemoryLayout::WIDTH_SHARDED;buffer_type=BufferType::L1;shard_spec=ShardSpec{grid=[{""start"":{""x"":0;""y"":0};""end"":{""x"":7;""y"":0}]; shape=[32; 640]; orientation=ShardOrientation::ROW_MAJOR};nd_shard_spec=std::nullopt;created_with_nd_shard_spec=0)'; 'output_tile': 'Tile(tile_shape={32; 32};face_shape={16; 16};num_faces=4)'; 'program_config': 'MatmulMultiCoreReuseMultiCastDRAMShardedProgramConfig(in0_block_w=17;per_core_M=1;per_core_N=20;fused_activation=std::nullopt)'; 'sub_device_id': 'std::nullopt'; 'transpose_a': 'false'; 'transpose_b': 'false'; 'untilize_out': 'false'; 'user_core_coord': 'std::nullopt'; 'user_fused_activation': 'std::nullopt'; 'user_run_batched': 'false'}",LoFi,80,110,,,11275114506,11275115238,732,13859990822572,13859991037298,575,576,159056,154496,154494,,,,1167,154494,145310,153356,153366,153670,,,,,,1[1],1[1],32[32],17408[17408],TILE,BFLOAT16,DEV_0_L1_WIDTH_SHARDED,1[1],1[1],17408[17408],5120[5120],TILE,BFLOAT4_B,DEV_0_DRAM_WIDTH_SHARDED,,,,,,,,,,,,,,,,,,,,,,1[1],1[1],32[32],5120[5120],TILE,BFLOAT16,DEV_0_L1_WIDTH_SHARDED,,,,,,,,,,,,,,,,,['ttnn/cpp/ttnn/operations/matmul/device/kernels/compute/bmm_large_block_zm_fused_bias_activation.cpp'],['bmm_large_block_zm_fused_bias_activation/13308528098816177590/'],['ttnn/cpp/ttnn/operations/matmul/device/kernels/dataflow/reader_bmm_tile_layout_in1_sender_dram_sharded.cpp'; 'ttnn/cpp/ttnn/operations/matmul/device/kernels/dataflow/reader_bmm_tile_layout_in0_sender_dram_sharded.cpp'],['reader_bmm_tile_layout_in1_sender_dram_sharded/11951767514497923403/'; 'reader_bmm_tile_layout_in0_sender_dram_sharded/9237764948800225221/'],17702784907454450807,False,1752,1936,2352,2552,3408,0,0,0,0,162124,9379,162124,[6.871974468231201; 549.7579345703125],[2.0211689472198486],6.071,,,,,,,732
BinaryNgDeviceOperation,tt_dnn_device,178179,3,blackhole,"{'atol': '0'; 'binary_op_type': 'BinaryOpType::ADD'; 'compute_kernel_config': 'std::nullopt'; 'dtype': 'DataType::BFLOAT16'; 'equal_nan': 'false'; 'input_dtype': 'DataType::BFLOAT16'; 'input_layout_a': 'Layout::TILE'; 'input_layout_b': 'Layout::TILE'; 'is_quant_op': 'false'; 'is_sfpu': 'false'; 'is_where_op': 'false'; 'lhs_activations': '{}'; 'memory_config': 'MemoryConfig(memory_layout=TensorMemoryLayout::WIDTH_SHARDED;buffer_type=BufferType::L1;shard_spec=ShardSpec{grid=[{""start"":{""x"":0;""y"":0};""end"":{""x"":7;""y"":0}]; shape=[32; 640]; orientation=ShardOrientation::ROW_MAJOR};nd_shard_spec=std::nullopt;created_with_nd_shard_spec=0)'; 'output_layout': 'Layout::TILE'; 'post_activations': '{}'; 'rhs_activations': '{}'; 'rtol': '0'; 'scalar': 'std::nullopt'; 'sub_core_grids': 'std::nullopt'; 'sub_device_id': 'std::nullopt'; 'subtile_broadcast_type': 'SubtileBroadcastType::NONE'; 'worker_grid': '{[0-0 - 10-9]}'}",HiFi4,110,110,,,11275161265,11275162528,1263,13859990829697,13859991040791,547,547,156366,2017,2017,,,,1104,1116,1116,1910,1669,2016,,,,,,1[1],1[1],32[32],5120[5120],TILE,BFLOAT16,DEV_0_L1_WIDTH_SHARDED,1[1],1[1],32[32],5120[5120],TILE,BFLOAT16,DEV_0_L1_WIDTH_SHARDED,,,,,,,,,,,,,,,,,,,,,,1[1],1[1],32[32],5120[5120],TILE,BFLOAT16,DEV_0_L1_WIDTH_SHARDED,,,,,,,,,,,,,,,,,['ttnn/cpp/ttnn/operations/eltwise/binary_ng/device/kernels/compute/eltwise_binary_no_bcast.cpp'],['eltwise_binary_no_bcast/12960446116978008777/'],['ttnn/cpp/ttnn/operations/eltwise/binary_ng/device/kernels_ng/dataflow/writer_interleaved_no_bcast.cpp'; 'ttnn/cpp/ttnn/operations/eltwise/binary_ng/device/kernels_ng/dataflow/reader_interleaved_no_bcast.cpp'],['writer_interleaved_no_bcast/10744504750127431694/'; 'reader_interleaved_no_bcast/7145738252187598887/'],11665132618597481074,False,340,528,1816,1200,2796,0,0,0,0,1,1,1,[],[],0.05,,,,,,,1263
PERF_DECODE_END,signpost,,,,,,,,,,11275493910,,,,,,,,,,,,,,,,,,,,,,,,,,,,,,,,,,,,,,,,,,,,,,,,,,,,,,,,,,,,,,,,,,,,,,,,,,,,,,,,,,,,,,,,,,,,,,,,,,,,,,,,,,,,,
