{
  "mode": "tt_run",
  "device": "wormhole_n300",
  "dtype": "bfloat16",
  "latency_ms": 3431.438811996486,
  "latency_ms_repeats": [
    3435.870550980326,
    3427.0070730126463
  ],
  "latency_ms_std": 4.43173898383975,
  "fps": 0.291422943782051,
  "image_size_hw": [
    640,
    640
  ],
  "num_queries": 100,
  "tt_submodules": [
    "decoder",
    "heads",
    "mask_projection"
  ]
}
