{
  "mode": "tt_run",
  "device": "wormhole_n300",
  "dtype": "bfloat16",
  "latency_ms": 1077.6487510011066,
  "latency_ms_repeats": [
    1087.5016300124116,
    1067.7958719898015
  ],
  "latency_ms_std": 9.852879011305049,
  "fps": 0.9279461411438811,
  "image_size_hw": [
    320,
    320
  ],
  "num_queries": 100,
  "tt_submodules": [
    "decoder",
    "heads",
    "mask_projection"
  ]
}
