idx,OP CODE,cls,ms,MATH FIDELITY,CORE COUNT,clk_ghz,INPUT_0_W_PAD[LOGICAL],INPUT_0_Z_PAD[LOGICAL],INPUT_0_Y_PAD[LOGICAL],INPUT_0_X_PAD[LOGICAL],OUTPUT_0_W_PAD[LOGICAL],OUTPUT_0_Z_PAD[LOGICAL],OUTPUT_0_Y_PAD[LOGICAL],OUTPUT_0_X_PAD[LOGICAL],ATTRIBUTES
0,TilizeWithValPaddingDeviceOperation,layout,0.032813,HiFi4,86.0,0.8999971321230893,19[19],9[9],8[8],128[128],19[19],9[9],32[8],128[128],{'enough_space_height': 'true'; 'enough_space_width': 'true'; 'output_dtype': 'DataType::FLOAT32'; 'output_mem_config': 'MemoryConfig(memory_layout=TensorMemoryLayout::INTERLEAVED;buffer_type=BufferType::DRAM;shard_spec=std::nullopt;nd_shard_spec=std::nullopt;created_with_nd_shard_spec=0;per_core_allocation=0;range_lockstep_allocation=0)'; 'output_padded_shape': 'Shape([19; 9; 32; 128])'; 'pad_value': '0'; 'sub_core_grids': 'std::nullopt'; 'use_multicore': 'true'}
1,TypecastDeviceOperation,layout,0.014238,HiFi4,120.0,0.9,19[19],9[9],32[8],128[128],19[19],9[9],32[8],128[128],{'bfp8_pack_precise': 'false'; 'fp32_dest_acc_en': 'true'; 'input_dtype': 'DataType::FLOAT32'; 'output_dtype': 'DataType::BFLOAT16'; 'output_memory_config': 'MemoryConfig(memory_layout=TensorMemoryLayout::INTERLEAVED;buffer_type=BufferType::DRAM;shard_spec=std::nullopt;nd_shard_spec=std::nullopt;created_with_nd_shard_spec=0;per_core_allocation=0;range_lockstep_allocation=0)'; 'preserve_fp32_precision': 'true'; 'sub_core_grids': 'std::nullopt'}
2,UntilizeWithUnpaddingDeviceOperation,layout,0.015822,HiFi4,86.0,0.8999776361399978,19[19],9[9],32[8],128[128],19[19],9[9],8[8],128[128],{'enough_space_height': 'true'; 'fp32_dest_acc_en': 'false'; 'output_mem_config': 'MemoryConfig(memory_layout=TensorMemoryLayout::INTERLEAVED;buffer_type=BufferType::DRAM;shard_spec=std::nullopt;nd_shard_spec=std::nullopt;created_with_nd_shard_spec=0;per_core_allocation=0;range_lockstep_allocation=0)'; 'output_tensor_end': 'Shape([18; 8; 7; 127])'; 'sub_core_grids': 'std::nullopt'; 'use_multicore': 'true'}
3,TilizeWithValPaddingDeviceOperation,layout,0.017469,HiFi4,86.0,0.8999846366569365,19[19],9[9],8[8],128[128],19[19],9[9],32[8],128[128],{'enough_space_height': 'true'; 'enough_space_width': 'true'; 'output_dtype': 'DataType::BFLOAT16'; 'output_mem_config': 'MemoryConfig(memory_layout=TensorMemoryLayout::INTERLEAVED;buffer_type=BufferType::DRAM;shard_spec=std::nullopt;nd_shard_spec=std::nullopt;created_with_nd_shard_spec=0;per_core_allocation=0;range_lockstep_allocation=0)'; 'output_padded_shape': 'Shape([19; 9; 32; 128])'; 'pad_value': '0'; 'sub_core_grids': 'std::nullopt'; 'use_multicore': 'true'}
4,BinaryNgDeviceOperation,eltwise,0.027147,HiFi4,120.0,0.9000071576837735,19[19],9[9],32[8],128[128],19[19],9[9],32[8],128[128],{'a_shard_volume': 'std::nullopt'; 'b_shard_volume': 'std::nullopt'; 'binary_op_type': 'BinaryOpType::MUL'; 'c_shard_volume': 'std::nullopt'; 'c_tensor_shape_in_pages': 'std::nullopt'; 'compute_kernel_config': 'std::nullopt'; 'dtype': 'DataType::BFLOAT16'; 'equal_nan': 'false'; 'input_layout_a': 'Layout::TILE'; 'input_layout_b': 'Layout::TILE'; 'is_quant_op': 'false'; 'is_sfpu': 'true'; 'is_where_op': 'false'; 'lhs_activations': '{}'; 'memory_config': 'MemoryConfig(memory_layout=TensorMemoryLayout::INTERLEAVED;buffer_type=BufferType::DRAM;shard_spec=std::nullopt;nd_shard_spec=std::nullopt;created_with_nd_shard_spec=0;per_core_allocation=0;range_lockstep_allocation=0)'; 'op_params': 'std::nullopt'; 'output_layout': 'Layout::TILE'; 'post_activations': '{}'; 'rhs_activations': '{}'; 'scalar_is_lhs': 'false'; 'sub_core_grids': 'std::nullopt'; 'subtile_broadcast_type': 'SubtileBroadcastType::ROW_B'; 'worker_grid': '{[0-0 - 11-9]}'}
5,BinaryNgDeviceOperation,eltwise,0.027926,HiFi4,120.0,0.8999895568628816,19[19],9[9],32[8],128[128],19[19],9[9],32[8],128[128],{'a_shard_volume': 'std::nullopt'; 'b_shard_volume': 'std::nullopt'; 'binary_op_type': 'BinaryOpType::ADD'; 'c_shard_volume': 'std::nullopt'; 'c_tensor_shape_in_pages': 'std::nullopt'; 'compute_kernel_config': 'std::nullopt'; 'dtype': 'DataType::BFLOAT16'; 'equal_nan': 'false'; 'input_layout_a': 'Layout::TILE'; 'input_layout_b': 'Layout::TILE'; 'is_quant_op': 'false'; 'is_sfpu': 'false'; 'is_where_op': 'false'; 'lhs_activations': '{}'; 'memory_config': 'MemoryConfig(memory_layout=TensorMemoryLayout::INTERLEAVED;buffer_type=BufferType::DRAM;shard_spec=std::nullopt;nd_shard_spec=std::nullopt;created_with_nd_shard_spec=0;per_core_allocation=0;range_lockstep_allocation=0)'; 'op_params': 'std::nullopt'; 'output_layout': 'Layout::TILE'; 'post_activations': '{}'; 'rhs_activations': '{}'; 'scalar_is_lhs': 'false'; 'sub_core_grids': 'std::nullopt'; 'subtile_broadcast_type': 'SubtileBroadcastType::ROW_B'; 'worker_grid': '{[0-0 - 11-9]}'}
6,UntilizeWithUnpaddingDeviceOperation,layout,0.01531,HiFi4,86.0,0.9000057534088948,19[19],9[9],32[8],128[128],19[19],9[9],8[8],128[128],{'enough_space_height': 'true'; 'fp32_dest_acc_en': 'false'; 'output_mem_config': 'MemoryConfig(memory_layout=TensorMemoryLayout::INTERLEAVED;buffer_type=BufferType::DRAM;shard_spec=std::nullopt;nd_shard_spec=std::nullopt;created_with_nd_shard_spec=0;per_core_allocation=0;range_lockstep_allocation=0)'; 'output_tensor_end': 'Shape([18; 8; 7; 127])'; 'sub_core_grids': 'std::nullopt'; 'use_multicore': 'true'}
7,NpHaloDeviceOperation,halo/neighbor-pad CCL,0.156336,,24.0,0.8999981123408861,19[19],9[9],8[8],128[128],1[1],1[1],722[722],128[128],{'border_only': 'false'; 'input_pad_h': '0'; 'input_pad_w': '0'; 'np_cluster_axis': '0'; 'np_num_links': '2'; 'np_pad2_left': '1'; 'np_pad2_num_links': '2'; 'np_pad2_right': '1'; 'np_padding_h': '1'; 'np_padding_w': '1'; 'np_ring_size': '4'; 'np_topology': 'Topology::Linear'; 'output_padded': 'false'; 'padding_mode': 'zeros'}
8,Conv3dDeviceOperation,conv3d,0.39535,HiFi2,120.0,0.9000007572258275,19[19],9[9],8[8],128[128],19[19],9[9],8[8],1024[1024],{'compute_kernel_config': 'ComputeKernelConfig(math_fidelity=HiFi2;math_approx_mode=0;fp32_dest_acc_en=1;packer_l1_acc=0;dst_full_sync_en=0;throttle_level=ThrottleLevel::NO_THROTTLE)'; 'config': 'Conv3dConfig(weights_dtype=DataType::BFLOAT16;output_layout=Layout::ROW_MAJOR;T_out_block=7;W_out_block=4;H_out_block=8;C_out_block=128;C_in_block=64;dilation={1; 1; 1};alignment=32;compute_with_storage_grid_size=12-10)'; 'dilation': '{1; 1; 1}'; 'dtype': 'DataType::BFLOAT16'; 'groups': '1'; 'kernel_size': '{3; 3; 3}'; 'logical_h_mask': '34'; 'logical_w_mask': '60'; 'output_channels': '1024'; 'output_depth_to_space': '{1; 1; 1}'; 'output_mem_config': 'MemoryConfig(memory_layout=TensorMemoryLayout::INTERLEAVED;buffer_type=BufferType::DRAM;shard_spec=std::nullopt;nd_shard_spec=std::nullopt;created_with_nd_shard_spec=0;per_core_allocation=0;range_lockstep_allocation=0)'; 'output_pad_h': '0'; 'output_pad_w': '0'; 'output_trim_t_front': '0'; 'padding': '{1; 1; 1}'; 'padding_mode': 'replicate'; 'stride': '{1; 1; 1}'}
9,LayerNormDeviceOperation,norm,0.204159,HiFi4,120.0,0.8999980484568172,19[19],9[9],8[8],1024[1024],19[19],9[9],8[8],1024[1024],{'compute_kernel_config': 'ComputeKernelConfig(math_fidelity=HiFi4;math_approx_mode=0;fp32_dest_acc_en=1;packer_l1_acc=0;dst_full_sync_en=0;throttle_level=ThrottleLevel::NO_THROTTLE)'; 'distributed_norm_stage': 'DistributedLayerNormStage::NOT_DISTRIBUTED'; 'dtype': 'std::nullopt'; 'eps': '1e-08'; 'fused_activation': 'BasicUnaryWithParam<float>(op_type=UnaryOpType::SILU;param={})'; 'norm_type': 'LayerNormType::RMSNORM'; 'output_mem_config': 'MemoryConfig(memory_layout=TensorMemoryLayout::INTERLEAVED;buffer_type=BufferType::DRAM;shard_spec=std::nullopt;nd_shard_spec=std::nullopt;created_with_nd_shard_spec=0;per_core_allocation=0;range_lockstep_allocation=0)'; 'program_config': 'LayerNormDefaultProgramConfig(legacy_reduction=0;use_welford=0)'}
10,NpHaloDeviceOperation,halo/neighbor-pad CCL,0.165297,,24.0,0.9000017870652219,19[19],9[9],8[8],1024[1024],1[1],1[1],722[722],1024[1024],{'border_only': 'false'; 'input_pad_h': '0'; 'input_pad_w': '0'; 'np_cluster_axis': '0'; 'np_num_links': '2'; 'np_pad2_left': '1'; 'np_pad2_num_links': '2'; 'np_pad2_right': '1'; 'np_padding_h': '1'; 'np_padding_w': '1'; 'np_ring_size': '4'; 'np_topology': 'Topology::Linear'; 'output_padded': 'false'; 'padding_mode': 'zeros'}
11,Conv3dDeviceOperation,conv3d,2.884094,HiFi2,120.0,0.900000103989992,19[19],9[9],8[8],1024[1024],19[19],9[9],8[8],1024[1024],{'compute_kernel_config': 'ComputeKernelConfig(math_fidelity=HiFi2;math_approx_mode=0;fp32_dest_acc_en=1;packer_l1_acc=0;dst_full_sync_en=0;throttle_level=ThrottleLevel::NO_THROTTLE)'; 'config': 'Conv3dConfig(weights_dtype=DataType::BFLOAT16;output_layout=Layout::ROW_MAJOR;T_out_block=5;W_out_block=8;H_out_block=4;C_out_block=64;C_in_block=128;dilation={1; 1; 1};alignment=32;compute_with_storage_grid_size=12-10)'; 'dilation': '{1; 1; 1}'; 'dtype': 'DataType::BFLOAT16'; 'groups': '1'; 'kernel_size': '{3; 3; 3}'; 'logical_h_mask': '34'; 'logical_w_mask': '60'; 'output_channels': '1024'; 'output_depth_to_space': '{1; 1; 1}'; 'output_mem_config': 'MemoryConfig(memory_layout=TensorMemoryLayout::INTERLEAVED;buffer_type=BufferType::DRAM;shard_spec=std::nullopt;nd_shard_spec=std::nullopt;created_with_nd_shard_spec=0;per_core_allocation=0;range_lockstep_allocation=0)'; 'output_pad_h': '0'; 'output_pad_w': '0'; 'output_trim_t_front': '0'; 'padding': '{1; 1; 1}'; 'padding_mode': 'replicate'; 'stride': '{1; 1; 1}'}
12,LayerNormDeviceOperation,norm,0.204072,HiFi4,120.0,0.9,19[19],9[9],8[8],1024[1024],19[19],9[9],8[8],1024[1024],{'compute_kernel_config': 'ComputeKernelConfig(math_fidelity=HiFi4;math_approx_mode=0;fp32_dest_acc_en=1;packer_l1_acc=0;dst_full_sync_en=0;throttle_level=ThrottleLevel::NO_THROTTLE)'; 'distributed_norm_stage': 'DistributedLayerNormStage::NOT_DISTRIBUTED'; 'dtype': 'std::nullopt'; 'eps': '1e-08'; 'fused_activation': 'BasicUnaryWithParam<float>(op_type=UnaryOpType::SILU;param={})'; 'norm_type': 'LayerNormType::RMSNORM'; 'output_mem_config': 'MemoryConfig(memory_layout=TensorMemoryLayout::INTERLEAVED;buffer_type=BufferType::DRAM;shard_spec=std::nullopt;nd_shard_spec=std::nullopt;created_with_nd_shard_spec=0;per_core_allocation=0;range_lockstep_allocation=0)'; 'program_config': 'LayerNormDefaultProgramConfig(legacy_reduction=0;use_welford=0)'}
13,NpHaloDeviceOperation,halo/neighbor-pad CCL,0.140139,,24.0,0.9000014009330214,19[19],9[9],8[8],1024[1024],1[1],1[1],722[722],1024[1024],{'border_only': 'false'; 'input_pad_h': '0'; 'input_pad_w': '0'; 'np_cluster_axis': '0'; 'np_num_links': '2'; 'np_pad2_left': '1'; 'np_pad2_num_links': '2'; 'np_pad2_right': '1'; 'np_padding_h': '1'; 'np_padding_w': '1'; 'np_ring_size': '4'; 'np_topology': 'Topology::Linear'; 'output_padded': 'false'; 'padding_mode': 'zeros'}
14,Conv3dDeviceOperation,conv3d,2.878303,HiFi2,120.0,0.9000000347331849,19[19],9[9],8[8],1024[1024],19[19],9[9],8[8],1024[1024],{'compute_kernel_config': 'ComputeKernelConfig(math_fidelity=HiFi2;math_approx_mode=0;fp32_dest_acc_en=1;packer_l1_acc=0;dst_full_sync_en=0;throttle_level=ThrottleLevel::NO_THROTTLE)'; 'config': 'Conv3dConfig(weights_dtype=DataType::BFLOAT16;output_layout=Layout::ROW_MAJOR;T_out_block=5;W_out_block=8;H_out_block=4;C_out_block=64;C_in_block=128;dilation={1; 1; 1};alignment=32;compute_with_storage_grid_size=12-10)'; 'dilation': '{1; 1; 1}'; 'dtype': 'DataType::BFLOAT16'; 'groups': '1'; 'kernel_size': '{3; 3; 3}'; 'logical_h_mask': '34'; 'logical_w_mask': '60'; 'output_channels': '1024'; 'output_depth_to_space': '{1; 1; 1}'; 'output_mem_config': 'MemoryConfig(memory_layout=TensorMemoryLayout::INTERLEAVED;buffer_type=BufferType::DRAM;shard_spec=std::nullopt;nd_shard_spec=std::nullopt;created_with_nd_shard_spec=0;per_core_allocation=0;range_lockstep_allocation=0)'; 'output_pad_h': '0'; 'output_pad_w': '0'; 'output_trim_t_front': '0'; 'padding': '{1; 1; 1}'; 'padding_mode': 'replicate'; 'stride': '{1; 1; 1}'}
15,LayerNormDeviceOperation,norm,0.203787,HiFi4,120.0,0.9,19[19],9[9],8[8],1024[1024],19[19],9[9],8[8],1024[1024],{'compute_kernel_config': 'ComputeKernelConfig(math_fidelity=HiFi4;math_approx_mode=0;fp32_dest_acc_en=1;packer_l1_acc=0;dst_full_sync_en=0;throttle_level=ThrottleLevel::NO_THROTTLE)'; 'distributed_norm_stage': 'DistributedLayerNormStage::NOT_DISTRIBUTED'; 'dtype': 'std::nullopt'; 'eps': '1e-08'; 'fused_activation': 'BasicUnaryWithParam<float>(op_type=UnaryOpType::SILU;param={})'; 'norm_type': 'LayerNormType::RMSNORM'; 'output_mem_config': 'MemoryConfig(memory_layout=TensorMemoryLayout::INTERLEAVED;buffer_type=BufferType::DRAM;shard_spec=std::nullopt;nd_shard_spec=std::nullopt;created_with_nd_shard_spec=0;per_core_allocation=0;range_lockstep_allocation=0)'; 'program_config': 'LayerNormDefaultProgramConfig(legacy_reduction=0;use_welford=0)'}
16,NpHaloDeviceOperation,halo/neighbor-pad CCL,0.153727,,24.0,0.9,19[19],9[9],8[8],1024[1024],1[1],1[1],722[722],1024[1024],{'border_only': 'false'; 'input_pad_h': '0'; 'input_pad_w': '0'; 'np_cluster_axis': '0'; 'np_num_links': '2'; 'np_pad2_left': '1'; 'np_pad2_num_links': '2'; 'np_pad2_right': '1'; 'np_padding_h': '1'; 'np_padding_w': '1'; 'np_ring_size': '4'; 'np_topology': 'Topology::Linear'; 'output_padded': 'false'; 'padding_mode': 'zeros'}
17,Conv3dDeviceOperation,conv3d,2.879554,HiFi2,120.0,0.9000001041535389,19[19],9[9],8[8],1024[1024],19[19],9[9],8[8],1024[1024],{'compute_kernel_config': 'ComputeKernelConfig(math_fidelity=HiFi2;math_approx_mode=0;fp32_dest_acc_en=1;packer_l1_acc=0;dst_full_sync_en=0;throttle_level=ThrottleLevel::NO_THROTTLE)'; 'config': 'Conv3dConfig(weights_dtype=DataType::BFLOAT16;output_layout=Layout::ROW_MAJOR;T_out_block=5;W_out_block=8;H_out_block=4;C_out_block=64;C_in_block=128;dilation={1; 1; 1};alignment=32;compute_with_storage_grid_size=12-10)'; 'dilation': '{1; 1; 1}'; 'dtype': 'DataType::BFLOAT16'; 'groups': '1'; 'kernel_size': '{3; 3; 3}'; 'logical_h_mask': '34'; 'logical_w_mask': '60'; 'output_channels': '1024'; 'output_depth_to_space': '{1; 1; 1}'; 'output_mem_config': 'MemoryConfig(memory_layout=TensorMemoryLayout::INTERLEAVED;buffer_type=BufferType::DRAM;shard_spec=std::nullopt;nd_shard_spec=std::nullopt;created_with_nd_shard_spec=0;per_core_allocation=0;range_lockstep_allocation=0)'; 'output_pad_h': '0'; 'output_pad_w': '0'; 'output_trim_t_front': '0'; 'padding': '{1; 1; 1}'; 'padding_mode': 'replicate'; 'stride': '{1; 1; 1}'}
18,LayerNormDeviceOperation,norm,0.205408,HiFi4,120.0,0.9000001470002396,19[19],9[9],8[8],1024[1024],19[19],9[9],8[8],1024[1024],{'compute_kernel_config': 'ComputeKernelConfig(math_fidelity=HiFi4;math_approx_mode=0;fp32_dest_acc_en=1;packer_l1_acc=0;dst_full_sync_en=0;throttle_level=ThrottleLevel::NO_THROTTLE)'; 'distributed_norm_stage': 'DistributedLayerNormStage::NOT_DISTRIBUTED'; 'dtype': 'std::nullopt'; 'eps': '1e-08'; 'fused_activation': 'BasicUnaryWithParam<float>(op_type=UnaryOpType::SILU;param={})'; 'norm_type': 'LayerNormType::RMSNORM'; 'output_mem_config': 'MemoryConfig(memory_layout=TensorMemoryLayout::INTERLEAVED;buffer_type=BufferType::DRAM;shard_spec=std::nullopt;nd_shard_spec=std::nullopt;created_with_nd_shard_spec=0;per_core_allocation=0;range_lockstep_allocation=0)'; 'program_config': 'LayerNormDefaultProgramConfig(legacy_reduction=0;use_welford=0)'}
19,NpHaloDeviceOperation,halo/neighbor-pad CCL,0.077164,,24.0,0.8999968050097448,19[19],9[9],8[8],1024[1024],1[1],1[1],722[722],1024[1024],{'border_only': 'false'; 'input_pad_h': '0'; 'input_pad_w': '0'; 'np_cluster_axis': '0'; 'np_num_links': '2'; 'np_pad2_left': '1'; 'np_pad2_num_links': '2'; 'np_pad2_right': '1'; 'np_padding_h': '1'; 'np_padding_w': '1'; 'np_ring_size': '4'; 'np_topology': 'Topology::Linear'; 'output_padded': 'false'; 'padding_mode': 'zeros'}
20,Conv3dDeviceOperation,conv3d,2.880859,HiFi2,120.0,0.9000000347022082,19[19],9[9],8[8],1024[1024],19[19],9[9],8[8],1024[1024],{'compute_kernel_config': 'ComputeKernelConfig(math_fidelity=HiFi2;math_approx_mode=0;fp32_dest_acc_en=1;packer_l1_acc=0;dst_full_sync_en=0;throttle_level=ThrottleLevel::NO_THROTTLE)'; 'config': 'Conv3dConfig(weights_dtype=DataType::BFLOAT16;output_layout=Layout::ROW_MAJOR;T_out_block=5;W_out_block=8;H_out_block=4;C_out_block=64;C_in_block=128;dilation={1; 1; 1};alignment=32;compute_with_storage_grid_size=12-10)'; 'dilation': '{1; 1; 1}'; 'dtype': 'DataType::BFLOAT16'; 'groups': '1'; 'kernel_size': '{3; 3; 3}'; 'logical_h_mask': '34'; 'logical_w_mask': '60'; 'output_channels': '1024'; 'output_depth_to_space': '{1; 1; 1}'; 'output_mem_config': 'MemoryConfig(memory_layout=TensorMemoryLayout::INTERLEAVED;buffer_type=BufferType::DRAM;shard_spec=std::nullopt;nd_shard_spec=std::nullopt;created_with_nd_shard_spec=0;per_core_allocation=0;range_lockstep_allocation=0)'; 'output_pad_h': '0'; 'output_pad_w': '0'; 'output_trim_t_front': '0'; 'padding': '{1; 1; 1}'; 'padding_mode': 'replicate'; 'stride': '{1; 1; 1}'}
21,NpHaloDeviceOperation,halo/neighbor-pad CCL,0.061942,,24.0,0.8999991516005057,19[19],9[9],8[8],1024[1024],1[1],1[1],722[722],1024[1024],{'border_only': 'false'; 'input_pad_h': '0'; 'input_pad_w': '0'; 'np_cluster_axis': '0'; 'np_num_links': '2'; 'np_pad2_left': '1'; 'np_pad2_num_links': '2'; 'np_pad2_right': '1'; 'np_padding_h': '1'; 'np_padding_w': '1'; 'np_ring_size': '4'; 'np_topology': 'Topology::Linear'; 'output_padded': 'false'; 'padding_mode': 'zeros'}
22,Conv3dDeviceOperation,conv3d,7.673811,HiFi2,120.0,0.9000000390899189,19[19],9[9],8[8],1024[1024],37[37],18[18],16[16],512[512],{'compute_kernel_config': 'ComputeKernelConfig(math_fidelity=HiFi2;math_approx_mode=0;fp32_dest_acc_en=1;packer_l1_acc=0;dst_full_sync_en=0;throttle_level=ThrottleLevel::NO_THROTTLE)'; 'config': 'Conv3dConfig(weights_dtype=DataType::BFLOAT16;output_layout=Layout::ROW_MAJOR;T_out_block=5;W_out_block=8;H_out_block=4;C_out_block=64;C_in_block=128;dilation={1; 1; 1};alignment=32;compute_with_storage_grid_size=12-10)'; 'dilation': '{1; 1; 1}'; 'dtype': 'DataType::BFLOAT16'; 'groups': '1'; 'kernel_size': '{3; 3; 3}'; 'logical_h_mask': '34'; 'logical_w_mask': '60'; 'output_channels': '4096'; 'output_depth_to_space': '{2; 2; 2}'; 'output_mem_config': 'MemoryConfig(memory_layout=TensorMemoryLayout::INTERLEAVED;buffer_type=BufferType::DRAM;shard_spec=std::nullopt;nd_shard_spec=std::nullopt;created_with_nd_shard_spec=0;per_core_allocation=0;range_lockstep_allocation=0)'; 'output_pad_h': '0'; 'output_pad_w': '0'; 'output_trim_t_front': '1'; 'padding': '{1; 1; 1}'; 'padding_mode': 'replicate'; 'stride': '{1; 1; 1}'}
23,AllBroadcastDeviceOperation,other,2.582273,,2.0,0.9,37[37],18[18],16[16],512[512],37[37],18[18],16[16],512[512],{'cluster_axis': '0'; 'num_links': '2'; 'output_mem_config': 'MemoryConfig(memory_layout=TensorMemoryLayout::INTERLEAVED;buffer_type=BufferType::DRAM;shard_spec=std::nullopt;nd_shard_spec=std::nullopt;created_with_nd_shard_spec=0;per_core_allocation=0;range_lockstep_allocation=0)'; 'ring_size': '4'; 'sub_device_id': 'std::nullopt'; 'topology': 'Topology::Linear'; 'use_l1_small_for_semaphores': 'false'}
24,ConcatDeviceOperation,layout,0.248391,,120.0,0.899998796084868,37[37],18[18],16[16],512[512],37[37],72[72],16[16],512[512],{'dim': '1'; 'groups': '1'; 'output_mem_config': 'MemoryConfig(memory_layout=TensorMemoryLayout::INTERLEAVED;buffer_type=BufferType::DRAM;shard_spec=std::nullopt;nd_shard_spec=std::nullopt;created_with_nd_shard_spec=0;per_core_allocation=0;range_lockstep_allocation=0)'; 'sub_core_grids': 'std::nullopt'}
25,SliceDeviceOperation,layout,0.229438,,120.0,0.9,37[37],72[72],16[16],512[512],37[37],68[68],16[16],512[512],{'num_devices': 'std::nullopt'; 'output_mem_config': 'MemoryConfig(memory_layout=TensorMemoryLayout::INTERLEAVED;buffer_type=BufferType::DRAM;shard_spec=std::nullopt;nd_shard_spec=std::nullopt;created_with_nd_shard_spec=0;per_core_allocation=0;range_lockstep_allocation=0)'; 'slice_dim': 'std::nullopt'; 'slice_end': 'Shape([37; 68; 16; 512])'; 'slice_start': 'Shape([0; 0; 0; 0])'; 'step': 'Shape([1; 1; 1; 1])'; 'sub_core_grids': 'std::nullopt'; 'use_tensor_args': 'false'}
26,MeshPartitionDeviceOperation,other,0.05723,,120.0,0.9000034469683913,37[37],68[68],16[16],512[512],37[37],17[17],16[16],512[512],{'cluster_axis': '0'; 'dim': '1'; 'output_mem_config': 'MemoryConfig(memory_layout=TensorMemoryLayout::INTERLEAVED;buffer_type=BufferType::DRAM;shard_spec=std::nullopt;nd_shard_spec=std::nullopt;created_with_nd_shard_spec=0;per_core_allocation=0;range_lockstep_allocation=0)'}
27,AllBroadcastDeviceOperation,other,6.037384,,2.0,0.9000000165614984,37[37],17[17],16[16],512[512],37[37],17[17],16[16],512[512],{'cluster_axis': '1'; 'num_links': '2'; 'output_mem_config': 'MemoryConfig(memory_layout=TensorMemoryLayout::INTERLEAVED;buffer_type=BufferType::DRAM;shard_spec=std::nullopt;nd_shard_spec=std::nullopt;created_with_nd_shard_spec=0;per_core_allocation=0;range_lockstep_allocation=0)'; 'ring_size': '8'; 'sub_device_id': 'std::nullopt'; 'topology': 'Topology::Linear'; 'use_l1_small_for_semaphores': 'false'}
28,ConcatDeviceOperation,layout,0.468903,,120.0,0.8999991484034694,37[37],17[17],16[16],512[512],37[37],17[17],128[128],512[512],{'dim': '2'; 'groups': '1'; 'output_mem_config': 'MemoryConfig(memory_layout=TensorMemoryLayout::INTERLEAVED;buffer_type=BufferType::DRAM;shard_spec=std::nullopt;nd_shard_spec=std::nullopt;created_with_nd_shard_spec=0;per_core_allocation=0;range_lockstep_allocation=0)'; 'sub_core_grids': 'std::nullopt'}
29,SliceDeviceOperation,layout,0.402693,,120.0,0.9000009913652091,37[37],17[17],128[128],512[512],37[37],17[17],120[120],512[512],{'num_devices': 'std::nullopt'; 'output_mem_config': 'MemoryConfig(memory_layout=TensorMemoryLayout::INTERLEAVED;buffer_type=BufferType::DRAM;shard_spec=std::nullopt;nd_shard_spec=std::nullopt;created_with_nd_shard_spec=0;per_core_allocation=0;range_lockstep_allocation=0)'; 'slice_dim': 'std::nullopt'; 'slice_end': 'Shape([37; 17; 120; 512])'; 'slice_start': 'Shape([0; 0; 0; 0])'; 'step': 'Shape([1; 1; 1; 1])'; 'sub_core_grids': 'std::nullopt'; 'use_tensor_args': 'false'}
30,MeshPartitionDeviceOperation,other,0.053812,,120.0,0.8999981684646239,37[37],17[17],120[120],512[512],37[37],17[17],15[15],512[512],{'cluster_axis': '1'; 'dim': '2'; 'output_mem_config': 'MemoryConfig(memory_layout=TensorMemoryLayout::INTERLEAVED;buffer_type=BufferType::DRAM;shard_spec=std::nullopt;nd_shard_spec=std::nullopt;created_with_nd_shard_spec=0;per_core_allocation=0;range_lockstep_allocation=0)'}
31,LayerNormDeviceOperation,norm,0.305102,HiFi4,120.0,0.9000003269138354,37[37],17[17],15[15],512[512],37[37],17[17],15[15],512[512],{'compute_kernel_config': 'ComputeKernelConfig(math_fidelity=HiFi4;math_approx_mode=0;fp32_dest_acc_en=1;packer_l1_acc=0;dst_full_sync_en=0;throttle_level=ThrottleLevel::NO_THROTTLE)'; 'distributed_norm_stage': 'DistributedLayerNormStage::NOT_DISTRIBUTED'; 'dtype': 'std::nullopt'; 'eps': '1e-08'; 'fused_activation': 'BasicUnaryWithParam<float>(op_type=UnaryOpType::SILU;param={})'; 'norm_type': 'LayerNormType::RMSNORM'; 'output_mem_config': 'MemoryConfig(memory_layout=TensorMemoryLayout::INTERLEAVED;buffer_type=BufferType::DRAM;shard_spec=std::nullopt;nd_shard_spec=std::nullopt;created_with_nd_shard_spec=0;per_core_allocation=0;range_lockstep_allocation=0)'; 'program_config': 'LayerNormDefaultProgramConfig(legacy_reduction=0;use_welford=0)'}
32,NpHaloDeviceOperation,halo/neighbor-pad CCL,0.239996,,40.0,0.8999995876271655,37[37],17[17],15[15],512[512],1[1],1[1],2516[2516],512[512],{'border_only': 'false'; 'input_pad_h': '0'; 'input_pad_w': '0'; 'np_cluster_axis': '0'; 'np_num_links': '2'; 'np_pad2_left': '1'; 'np_pad2_num_links': '2'; 'np_pad2_right': '1'; 'np_padding_h': '1'; 'np_padding_w': '1'; 'np_ring_size': '4'; 'np_topology': 'Topology::Linear'; 'output_padded': 'false'; 'padding_mode': 'zeros'}
33,Conv3dDeviceOperation,conv3d,2.65507,HiFi2,120.0,0.8999999623473988,37[37],17[17],15[15],512[512],37[37],17[17],15[15],512[512],{'compute_kernel_config': 'ComputeKernelConfig(math_fidelity=HiFi2;math_approx_mode=0;fp32_dest_acc_en=1;packer_l1_acc=0;dst_full_sync_en=0;throttle_level=ThrottleLevel::NO_THROTTLE)'; 'config': 'Conv3dConfig(weights_dtype=DataType::BFLOAT16;output_layout=Layout::ROW_MAJOR;T_out_block=1;W_out_block=8;H_out_block=4;C_out_block=256;C_in_block=64;dilation={1; 1; 1};alignment=32;compute_with_storage_grid_size=12-10)'; 'dilation': '{1; 1; 1}'; 'dtype': 'DataType::BFLOAT16'; 'groups': '1'; 'kernel_size': '{3; 3; 3}'; 'logical_h_mask': '0'; 'logical_w_mask': '0'; 'output_channels': '512'; 'output_depth_to_space': '{1; 1; 1}'; 'output_mem_config': 'MemoryConfig(memory_layout=TensorMemoryLayout::INTERLEAVED;buffer_type=BufferType::DRAM;shard_spec=std::nullopt;nd_shard_spec=std::nullopt;created_with_nd_shard_spec=0;per_core_allocation=0;range_lockstep_allocation=0)'; 'output_pad_h': '0'; 'output_pad_w': '0'; 'output_trim_t_front': '0'; 'padding': '{1; 1; 1}'; 'padding_mode': 'replicate'; 'stride': '{1; 1; 1}'}
34,LayerNormDeviceOperation,norm,0.305073,HiFi4,120.0,0.9,37[37],17[17],15[15],512[512],37[37],17[17],15[15],512[512],{'compute_kernel_config': 'ComputeKernelConfig(math_fidelity=HiFi4;math_approx_mode=0;fp32_dest_acc_en=1;packer_l1_acc=0;dst_full_sync_en=0;throttle_level=ThrottleLevel::NO_THROTTLE)'; 'distributed_norm_stage': 'DistributedLayerNormStage::NOT_DISTRIBUTED'; 'dtype': 'std::nullopt'; 'eps': '1e-08'; 'fused_activation': 'BasicUnaryWithParam<float>(op_type=UnaryOpType::SILU;param={})'; 'norm_type': 'LayerNormType::RMSNORM'; 'output_mem_config': 'MemoryConfig(memory_layout=TensorMemoryLayout::INTERLEAVED;buffer_type=BufferType::DRAM;shard_spec=std::nullopt;nd_shard_spec=std::nullopt;created_with_nd_shard_spec=0;per_core_allocation=0;range_lockstep_allocation=0)'; 'program_config': 'LayerNormDefaultProgramConfig(legacy_reduction=0;use_welford=0)'}
35,NpHaloDeviceOperation,halo/neighbor-pad CCL,0.190614,,40.0,0.9000015531728733,37[37],17[17],15[15],512[512],1[1],1[1],2516[2516],512[512],{'border_only': 'false'; 'input_pad_h': '0'; 'input_pad_w': '0'; 'np_cluster_axis': '0'; 'np_num_links': '2'; 'np_pad2_left': '1'; 'np_pad2_num_links': '2'; 'np_pad2_right': '1'; 'np_padding_h': '1'; 'np_padding_w': '1'; 'np_ring_size': '4'; 'np_topology': 'Topology::Linear'; 'output_padded': 'false'; 'padding_mode': 'zeros'}
36,Conv3dDeviceOperation,conv3d,2.641848,HiFi2,120.0,0.9,37[37],17[17],15[15],512[512],37[37],17[17],15[15],512[512],{'compute_kernel_config': 'ComputeKernelConfig(math_fidelity=HiFi2;math_approx_mode=0;fp32_dest_acc_en=1;packer_l1_acc=0;dst_full_sync_en=0;throttle_level=ThrottleLevel::NO_THROTTLE)'; 'config': 'Conv3dConfig(weights_dtype=DataType::BFLOAT16;output_layout=Layout::ROW_MAJOR;T_out_block=1;W_out_block=8;H_out_block=4;C_out_block=256;C_in_block=64;dilation={1; 1; 1};alignment=32;compute_with_storage_grid_size=12-10)'; 'dilation': '{1; 1; 1}'; 'dtype': 'DataType::BFLOAT16'; 'groups': '1'; 'kernel_size': '{3; 3; 3}'; 'logical_h_mask': '0'; 'logical_w_mask': '0'; 'output_channels': '512'; 'output_depth_to_space': '{1; 1; 1}'; 'output_mem_config': 'MemoryConfig(memory_layout=TensorMemoryLayout::INTERLEAVED;buffer_type=BufferType::DRAM;shard_spec=std::nullopt;nd_shard_spec=std::nullopt;created_with_nd_shard_spec=0;per_core_allocation=0;range_lockstep_allocation=0)'; 'output_pad_h': '0'; 'output_pad_w': '0'; 'output_trim_t_front': '0'; 'padding': '{1; 1; 1}'; 'padding_mode': 'replicate'; 'stride': '{1; 1; 1}'}
37,LayerNormDeviceOperation,norm,0.304856,HiFi4,120.0,0.9000013086692796,37[37],17[17],15[15],512[512],37[37],17[17],15[15],512[512],{'compute_kernel_config': 'ComputeKernelConfig(math_fidelity=HiFi4;math_approx_mode=0;fp32_dest_acc_en=1;packer_l1_acc=0;dst_full_sync_en=0;throttle_level=ThrottleLevel::NO_THROTTLE)'; 'distributed_norm_stage': 'DistributedLayerNormStage::NOT_DISTRIBUTED'; 'dtype': 'std::nullopt'; 'eps': '1e-08'; 'fused_activation': 'BasicUnaryWithParam<float>(op_type=UnaryOpType::SILU;param={})'; 'norm_type': 'LayerNormType::RMSNORM'; 'output_mem_config': 'MemoryConfig(memory_layout=TensorMemoryLayout::INTERLEAVED;buffer_type=BufferType::DRAM;shard_spec=std::nullopt;nd_shard_spec=std::nullopt;created_with_nd_shard_spec=0;per_core_allocation=0;range_lockstep_allocation=0)'; 'program_config': 'LayerNormDefaultProgramConfig(legacy_reduction=0;use_welford=0)'}
38,NpHaloDeviceOperation,halo/neighbor-pad CCL,0.192824,,40.0,0.9000010237929481,37[37],17[17],15[15],512[512],1[1],1[1],2516[2516],512[512],{'border_only': 'false'; 'input_pad_h': '0'; 'input_pad_w': '0'; 'np_cluster_axis': '0'; 'np_num_links': '2'; 'np_pad2_left': '1'; 'np_pad2_num_links': '2'; 'np_pad2_right': '1'; 'np_padding_h': '1'; 'np_padding_w': '1'; 'np_ring_size': '4'; 'np_topology': 'Topology::Linear'; 'output_padded': 'false'; 'padding_mode': 'zeros'}
39,Conv3dDeviceOperation,conv3d,2.597266,HiFi2,120.0,0.8999998845295367,37[37],17[17],15[15],512[512],37[37],17[17],15[15],512[512],{'compute_kernel_config': 'ComputeKernelConfig(math_fidelity=HiFi2;math_approx_mode=0;fp32_dest_acc_en=1;packer_l1_acc=0;dst_full_sync_en=0;throttle_level=ThrottleLevel::NO_THROTTLE)'; 'config': 'Conv3dConfig(weights_dtype=DataType::BFLOAT16;output_layout=Layout::ROW_MAJOR;T_out_block=1;W_out_block=8;H_out_block=4;C_out_block=256;C_in_block=64;dilation={1; 1; 1};alignment=32;compute_with_storage_grid_size=12-10)'; 'dilation': '{1; 1; 1}'; 'dtype': 'DataType::BFLOAT16'; 'groups': '1'; 'kernel_size': '{3; 3; 3}'; 'logical_h_mask': '0'; 'logical_w_mask': '0'; 'output_channels': '512'; 'output_depth_to_space': '{1; 1; 1}'; 'output_mem_config': 'MemoryConfig(memory_layout=TensorMemoryLayout::INTERLEAVED;buffer_type=BufferType::DRAM;shard_spec=std::nullopt;nd_shard_spec=std::nullopt;created_with_nd_shard_spec=0;per_core_allocation=0;range_lockstep_allocation=0)'; 'output_pad_h': '0'; 'output_pad_w': '0'; 'output_trim_t_front': '0'; 'padding': '{1; 1; 1}'; 'padding_mode': 'replicate'; 'stride': '{1; 1; 1}'}
40,LayerNormDeviceOperation,norm,0.304068,HiFi4,120.0,0.9000001159033721,37[37],17[17],15[15],512[512],37[37],17[17],15[15],512[512],{'compute_kernel_config': 'ComputeKernelConfig(math_fidelity=HiFi4;math_approx_mode=0;fp32_dest_acc_en=1;packer_l1_acc=0;dst_full_sync_en=0;throttle_level=ThrottleLevel::NO_THROTTLE)'; 'distributed_norm_stage': 'DistributedLayerNormStage::NOT_DISTRIBUTED'; 'dtype': 'std::nullopt'; 'eps': '1e-08'; 'fused_activation': 'BasicUnaryWithParam<float>(op_type=UnaryOpType::SILU;param={})'; 'norm_type': 'LayerNormType::RMSNORM'; 'output_mem_config': 'MemoryConfig(memory_layout=TensorMemoryLayout::INTERLEAVED;buffer_type=BufferType::DRAM;shard_spec=std::nullopt;nd_shard_spec=std::nullopt;created_with_nd_shard_spec=0;per_core_allocation=0;range_lockstep_allocation=0)'; 'program_config': 'LayerNormDefaultProgramConfig(legacy_reduction=0;use_welford=0)'}
41,NpHaloDeviceOperation,halo/neighbor-pad CCL,0.096862,,40.0,0.8999987038909194,37[37],17[17],15[15],512[512],1[1],1[1],2516[2516],512[512],{'border_only': 'false'; 'input_pad_h': '0'; 'input_pad_w': '0'; 'np_cluster_axis': '0'; 'np_num_links': '2'; 'np_pad2_left': '1'; 'np_pad2_num_links': '2'; 'np_pad2_right': '1'; 'np_padding_h': '1'; 'np_padding_w': '1'; 'np_ring_size': '4'; 'np_topology': 'Topology::Linear'; 'output_padded': 'false'; 'padding_mode': 'zeros'}
42,Conv3dDeviceOperation,conv3d,2.472543,HiFi2,120.0,0.89999984428927,37[37],17[17],15[15],512[512],37[37],17[17],15[15],512[512],{'compute_kernel_config': 'ComputeKernelConfig(math_fidelity=HiFi2;math_approx_mode=0;fp32_dest_acc_en=1;packer_l1_acc=0;dst_full_sync_en=0;throttle_level=ThrottleLevel::NO_THROTTLE)'; 'config': 'Conv3dConfig(weights_dtype=DataType::BFLOAT16;output_layout=Layout::ROW_MAJOR;T_out_block=1;W_out_block=8;H_out_block=4;C_out_block=256;C_in_block=64;dilation={1; 1; 1};alignment=32;compute_with_storage_grid_size=12-10)'; 'dilation': '{1; 1; 1}'; 'dtype': 'DataType::BFLOAT16'; 'groups': '1'; 'kernel_size': '{3; 3; 3}'; 'logical_h_mask': '0'; 'logical_w_mask': '0'; 'output_channels': '512'; 'output_depth_to_space': '{1; 1; 1}'; 'output_mem_config': 'MemoryConfig(memory_layout=TensorMemoryLayout::INTERLEAVED;buffer_type=BufferType::DRAM;shard_spec=std::nullopt;nd_shard_spec=std::nullopt;created_with_nd_shard_spec=0;per_core_allocation=0;range_lockstep_allocation=0)'; 'output_pad_h': '0'; 'output_pad_w': '0'; 'output_trim_t_front': '0'; 'padding': '{1; 1; 1}'; 'padding_mode': 'replicate'; 'stride': '{1; 1; 1}'}
43,NpHaloDeviceOperation,halo/neighbor-pad CCL,0.211902,,40.0,0.9000000490775627,37[37],17[17],15[15],512[512],1[1],1[1],2516[2516],512[512],{'border_only': 'false'; 'input_pad_h': '0'; 'input_pad_w': '0'; 'np_cluster_axis': '0'; 'np_num_links': '2'; 'np_pad2_left': '1'; 'np_pad2_num_links': '2'; 'np_pad2_right': '1'; 'np_padding_h': '1'; 'np_padding_w': '1'; 'np_ring_size': '4'; 'np_topology': 'Topology::Linear'; 'output_padded': 'false'; 'padding_mode': 'zeros'}
44,Conv3dDeviceOperation,conv3d,23.540131,HiFi2,120.0,0.9000000169916865,37[37],17[17],15[15],512[512],73[73],34[34],30[30],512[512],{'compute_kernel_config': 'ComputeKernelConfig(math_fidelity=HiFi2;math_approx_mode=0;fp32_dest_acc_en=1;packer_l1_acc=0;dst_full_sync_en=0;throttle_level=ThrottleLevel::NO_THROTTLE)'; 'config': 'Conv3dConfig(weights_dtype=DataType::BFLOAT16;output_layout=Layout::ROW_MAJOR;T_out_block=5;W_out_block=16;H_out_block=2;C_out_block=64;C_in_block=128;dilation={1; 1; 1};alignment=32;compute_with_storage_grid_size=12-10)'; 'dilation': '{1; 1; 1}'; 'dtype': 'DataType::BFLOAT16'; 'groups': '1'; 'kernel_size': '{3; 3; 3}'; 'logical_h_mask': '0'; 'logical_w_mask': '0'; 'output_channels': '4096'; 'output_depth_to_space': '{2; 2; 2}'; 'output_mem_config': 'MemoryConfig(memory_layout=TensorMemoryLayout::INTERLEAVED;buffer_type=BufferType::DRAM;shard_spec=std::nullopt;nd_shard_spec=std::nullopt;created_with_nd_shard_spec=0;per_core_allocation=0;range_lockstep_allocation=0)'; 'output_pad_h': '0'; 'output_pad_w': '0'; 'output_trim_t_front': '1'; 'padding': '{1; 1; 1}'; 'padding_mode': 'replicate'; 'stride': '{1; 1; 1}'}
45,LayerNormDeviceOperation,norm,1.032966,HiFi4,120.0,0.8999999032759469,73[73],34[34],30[30],512[512],73[73],34[34],30[30],512[512],{'compute_kernel_config': 'ComputeKernelConfig(math_fidelity=HiFi4;math_approx_mode=0;fp32_dest_acc_en=1;packer_l1_acc=0;dst_full_sync_en=0;throttle_level=ThrottleLevel::NO_THROTTLE)'; 'distributed_norm_stage': 'DistributedLayerNormStage::NOT_DISTRIBUTED'; 'dtype': 'std::nullopt'; 'eps': '1e-08'; 'fused_activation': 'BasicUnaryWithParam<float>(op_type=UnaryOpType::SILU;param={})'; 'norm_type': 'LayerNormType::RMSNORM'; 'output_mem_config': 'MemoryConfig(memory_layout=TensorMemoryLayout::INTERLEAVED;buffer_type=BufferType::DRAM;shard_spec=std::nullopt;nd_shard_spec=std::nullopt;created_with_nd_shard_spec=0;per_core_allocation=0;range_lockstep_allocation=0)'; 'program_config': 'LayerNormDefaultProgramConfig(legacy_reduction=0;use_welford=0)'}
46,NpHaloDeviceOperation,halo/neighbor-pad CCL,0.320993,,40.0,0.9000012363461027,73[73],34[34],30[30],512[512],1[1],1[1],9636[9636],512[512],{'border_only': 'false'; 'input_pad_h': '0'; 'input_pad_w': '0'; 'np_cluster_axis': '0'; 'np_num_links': '2'; 'np_pad2_left': '1'; 'np_pad2_num_links': '2'; 'np_pad2_right': '1'; 'np_padding_h': '1'; 'np_padding_w': '1'; 'np_ring_size': '4'; 'np_topology': 'Topology::Linear'; 'output_padded': 'false'; 'padding_mode': 'zeros'}
47,Conv3dDeviceOperation,conv3d,16.946277,HiFi2,120.0,0.9000000236028945,73[73],34[34],30[30],512[512],73[73],34[34],30[30],512[512],{'compute_kernel_config': 'ComputeKernelConfig(math_fidelity=HiFi2;math_approx_mode=0;fp32_dest_acc_en=1;packer_l1_acc=0;dst_full_sync_en=0;throttle_level=ThrottleLevel::NO_THROTTLE)'; 'config': 'Conv3dConfig(weights_dtype=DataType::BFLOAT16;output_layout=Layout::ROW_MAJOR;T_out_block=1;W_out_block=4;H_out_block=8;C_out_block=256;C_in_block=64;dilation={1; 1; 1};alignment=32;compute_with_storage_grid_size=12-10)'; 'dilation': '{1; 1; 1}'; 'dtype': 'DataType::BFLOAT16'; 'groups': '1'; 'kernel_size': '{3; 3; 3}'; 'logical_h_mask': '0'; 'logical_w_mask': '0'; 'output_channels': '512'; 'output_depth_to_space': '{1; 1; 1}'; 'output_mem_config': 'MemoryConfig(memory_layout=TensorMemoryLayout::INTERLEAVED;buffer_type=BufferType::DRAM;shard_spec=std::nullopt;nd_shard_spec=std::nullopt;created_with_nd_shard_spec=0;per_core_allocation=0;range_lockstep_allocation=0)'; 'output_pad_h': '0'; 'output_pad_w': '0'; 'output_trim_t_front': '0'; 'padding': '{1; 1; 1}'; 'padding_mode': 'replicate'; 'stride': '{1; 1; 1}'}
48,LayerNormDeviceOperation,norm,1.042699,HiFi4,120.0,0.9000000187754724,73[73],34[34],30[30],512[512],73[73],34[34],30[30],512[512],{'compute_kernel_config': 'ComputeKernelConfig(math_fidelity=HiFi4;math_approx_mode=0;fp32_dest_acc_en=1;packer_l1_acc=0;dst_full_sync_en=0;throttle_level=ThrottleLevel::NO_THROTTLE)'; 'distributed_norm_stage': 'DistributedLayerNormStage::NOT_DISTRIBUTED'; 'dtype': 'std::nullopt'; 'eps': '1e-08'; 'fused_activation': 'BasicUnaryWithParam<float>(op_type=UnaryOpType::SILU;param={})'; 'norm_type': 'LayerNormType::RMSNORM'; 'output_mem_config': 'MemoryConfig(memory_layout=TensorMemoryLayout::INTERLEAVED;buffer_type=BufferType::DRAM;shard_spec=std::nullopt;nd_shard_spec=std::nullopt;created_with_nd_shard_spec=0;per_core_allocation=0;range_lockstep_allocation=0)'; 'program_config': 'LayerNormDefaultProgramConfig(legacy_reduction=0;use_welford=0)'}
49,NpHaloDeviceOperation,halo/neighbor-pad CCL,0.394452,,40.0,0.8999992796029171,73[73],34[34],30[30],512[512],1[1],1[1],9636[9636],512[512],{'border_only': 'false'; 'input_pad_h': '0'; 'input_pad_w': '0'; 'np_cluster_axis': '0'; 'np_num_links': '2'; 'np_pad2_left': '1'; 'np_pad2_num_links': '2'; 'np_pad2_right': '1'; 'np_padding_h': '1'; 'np_padding_w': '1'; 'np_ring_size': '4'; 'np_topology': 'Topology::Linear'; 'output_padded': 'false'; 'padding_mode': 'zeros'}
50,Conv3dDeviceOperation,conv3d,16.93207,HiFi2,120.0,0.9000000059056731,73[73],34[34],30[30],512[512],73[73],34[34],30[30],512[512],{'compute_kernel_config': 'ComputeKernelConfig(math_fidelity=HiFi2;math_approx_mode=0;fp32_dest_acc_en=1;packer_l1_acc=0;dst_full_sync_en=0;throttle_level=ThrottleLevel::NO_THROTTLE)'; 'config': 'Conv3dConfig(weights_dtype=DataType::BFLOAT16;output_layout=Layout::ROW_MAJOR;T_out_block=1;W_out_block=4;H_out_block=8;C_out_block=256;C_in_block=64;dilation={1; 1; 1};alignment=32;compute_with_storage_grid_size=12-10)'; 'dilation': '{1; 1; 1}'; 'dtype': 'DataType::BFLOAT16'; 'groups': '1'; 'kernel_size': '{3; 3; 3}'; 'logical_h_mask': '0'; 'logical_w_mask': '0'; 'output_channels': '512'; 'output_depth_to_space': '{1; 1; 1}'; 'output_mem_config': 'MemoryConfig(memory_layout=TensorMemoryLayout::INTERLEAVED;buffer_type=BufferType::DRAM;shard_spec=std::nullopt;nd_shard_spec=std::nullopt;created_with_nd_shard_spec=0;per_core_allocation=0;range_lockstep_allocation=0)'; 'output_pad_h': '0'; 'output_pad_w': '0'; 'output_trim_t_front': '0'; 'padding': '{1; 1; 1}'; 'padding_mode': 'replicate'; 'stride': '{1; 1; 1}'}
51,LayerNormDeviceOperation,norm,1.03797,HiFi4,120.0,0.9000000076411117,73[73],34[34],30[30],512[512],73[73],34[34],30[30],512[512],{'compute_kernel_config': 'ComputeKernelConfig(math_fidelity=HiFi4;math_approx_mode=0;fp32_dest_acc_en=1;packer_l1_acc=0;dst_full_sync_en=0;throttle_level=ThrottleLevel::NO_THROTTLE)'; 'distributed_norm_stage': 'DistributedLayerNormStage::NOT_DISTRIBUTED'; 'dtype': 'std::nullopt'; 'eps': '1e-08'; 'fused_activation': 'BasicUnaryWithParam<float>(op_type=UnaryOpType::SILU;param={})'; 'norm_type': 'LayerNormType::RMSNORM'; 'output_mem_config': 'MemoryConfig(memory_layout=TensorMemoryLayout::INTERLEAVED;buffer_type=BufferType::DRAM;shard_spec=std::nullopt;nd_shard_spec=std::nullopt;created_with_nd_shard_spec=0;per_core_allocation=0;range_lockstep_allocation=0)'; 'program_config': 'LayerNormDefaultProgramConfig(legacy_reduction=0;use_welford=0)'}
52,NpHaloDeviceOperation,halo/neighbor-pad CCL,0.164312,,40.0,0.9000016776365456,73[73],34[34],30[30],512[512],1[1],1[1],9636[9636],512[512],{'border_only': 'false'; 'input_pad_h': '0'; 'input_pad_w': '0'; 'np_cluster_axis': '0'; 'np_num_links': '2'; 'np_pad2_left': '1'; 'np_pad2_num_links': '2'; 'np_pad2_right': '1'; 'np_padding_h': '1'; 'np_padding_w': '1'; 'np_ring_size': '4'; 'np_topology': 'Topology::Linear'; 'output_padded': 'false'; 'padding_mode': 'zeros'}
53,Conv3dDeviceOperation,conv3d,16.97701,HiFi2,120.0,0.8999999766639835,73[73],34[34],30[30],512[512],73[73],34[34],30[30],512[512],{'compute_kernel_config': 'ComputeKernelConfig(math_fidelity=HiFi2;math_approx_mode=0;fp32_dest_acc_en=1;packer_l1_acc=0;dst_full_sync_en=0;throttle_level=ThrottleLevel::NO_THROTTLE)'; 'config': 'Conv3dConfig(weights_dtype=DataType::BFLOAT16;output_layout=Layout::ROW_MAJOR;T_out_block=1;W_out_block=4;H_out_block=8;C_out_block=256;C_in_block=64;dilation={1; 1; 1};alignment=32;compute_with_storage_grid_size=12-10)'; 'dilation': '{1; 1; 1}'; 'dtype': 'DataType::BFLOAT16'; 'groups': '1'; 'kernel_size': '{3; 3; 3}'; 'logical_h_mask': '0'; 'logical_w_mask': '0'; 'output_channels': '512'; 'output_depth_to_space': '{1; 1; 1}'; 'output_mem_config': 'MemoryConfig(memory_layout=TensorMemoryLayout::INTERLEAVED;buffer_type=BufferType::DRAM;shard_spec=std::nullopt;nd_shard_spec=std::nullopt;created_with_nd_shard_spec=0;per_core_allocation=0;range_lockstep_allocation=0)'; 'output_pad_h': '0'; 'output_pad_w': '0'; 'output_trim_t_front': '0'; 'padding': '{1; 1; 1}'; 'padding_mode': 'replicate'; 'stride': '{1; 1; 1}'}
54,LayerNormDeviceOperation,norm,1.039209,HiFi4,120.0,0.9000000222043182,73[73],34[34],30[30],512[512],73[73],34[34],30[30],512[512],{'compute_kernel_config': 'ComputeKernelConfig(math_fidelity=HiFi4;math_approx_mode=0;fp32_dest_acc_en=1;packer_l1_acc=0;dst_full_sync_en=0;throttle_level=ThrottleLevel::NO_THROTTLE)'; 'distributed_norm_stage': 'DistributedLayerNormStage::NOT_DISTRIBUTED'; 'dtype': 'std::nullopt'; 'eps': '1e-08'; 'fused_activation': 'BasicUnaryWithParam<float>(op_type=UnaryOpType::SILU;param={})'; 'norm_type': 'LayerNormType::RMSNORM'; 'output_mem_config': 'MemoryConfig(memory_layout=TensorMemoryLayout::INTERLEAVED;buffer_type=BufferType::DRAM;shard_spec=std::nullopt;nd_shard_spec=std::nullopt;created_with_nd_shard_spec=0;per_core_allocation=0;range_lockstep_allocation=0)'; 'program_config': 'LayerNormDefaultProgramConfig(legacy_reduction=0;use_welford=0)'}
55,NpHaloDeviceOperation,halo/neighbor-pad CCL,0.550836,,40.0,0.9000005292937633,73[73],34[34],30[30],512[512],1[1],1[1],9636[9636],512[512],{'border_only': 'false'; 'input_pad_h': '0'; 'input_pad_w': '0'; 'np_cluster_axis': '0'; 'np_num_links': '2'; 'np_pad2_left': '1'; 'np_pad2_num_links': '2'; 'np_pad2_right': '1'; 'np_padding_h': '1'; 'np_padding_w': '1'; 'np_ring_size': '4'; 'np_topology': 'Topology::Linear'; 'output_padded': 'false'; 'padding_mode': 'zeros'}
56,Conv3dDeviceOperation,conv3d,16.808588,HiFi2,120.0,0.9000000115276088,73[73],34[34],30[30],512[512],73[73],34[34],30[30],512[512],{'compute_kernel_config': 'ComputeKernelConfig(math_fidelity=HiFi2;math_approx_mode=0;fp32_dest_acc_en=1;packer_l1_acc=0;dst_full_sync_en=0;throttle_level=ThrottleLevel::NO_THROTTLE)'; 'config': 'Conv3dConfig(weights_dtype=DataType::BFLOAT16;output_layout=Layout::ROW_MAJOR;T_out_block=1;W_out_block=4;H_out_block=8;C_out_block=256;C_in_block=64;dilation={1; 1; 1};alignment=32;compute_with_storage_grid_size=12-10)'; 'dilation': '{1; 1; 1}'; 'dtype': 'DataType::BFLOAT16'; 'groups': '1'; 'kernel_size': '{3; 3; 3}'; 'logical_h_mask': '0'; 'logical_w_mask': '0'; 'output_channels': '512'; 'output_depth_to_space': '{1; 1; 1}'; 'output_mem_config': 'MemoryConfig(memory_layout=TensorMemoryLayout::INTERLEAVED;buffer_type=BufferType::DRAM;shard_spec=std::nullopt;nd_shard_spec=std::nullopt;created_with_nd_shard_spec=0;per_core_allocation=0;range_lockstep_allocation=0)'; 'output_pad_h': '0'; 'output_pad_w': '0'; 'output_trim_t_front': '0'; 'padding': '{1; 1; 1}'; 'padding_mode': 'replicate'; 'stride': '{1; 1; 1}'}
57,LayerNormDeviceOperation,norm,1.038379,HiFi4,120.0,0.8999999943854603,73[73],34[34],30[30],512[512],73[73],34[34],30[30],512[512],{'compute_kernel_config': 'ComputeKernelConfig(math_fidelity=HiFi4;math_approx_mode=0;fp32_dest_acc_en=1;packer_l1_acc=0;dst_full_sync_en=0;throttle_level=ThrottleLevel::NO_THROTTLE)'; 'distributed_norm_stage': 'DistributedLayerNormStage::NOT_DISTRIBUTED'; 'dtype': 'std::nullopt'; 'eps': '1e-08'; 'fused_activation': 'BasicUnaryWithParam<float>(op_type=UnaryOpType::SILU;param={})'; 'norm_type': 'LayerNormType::RMSNORM'; 'output_mem_config': 'MemoryConfig(memory_layout=TensorMemoryLayout::INTERLEAVED;buffer_type=BufferType::DRAM;shard_spec=std::nullopt;nd_shard_spec=std::nullopt;created_with_nd_shard_spec=0;per_core_allocation=0;range_lockstep_allocation=0)'; 'program_config': 'LayerNormDefaultProgramConfig(legacy_reduction=0;use_welford=0)'}
58,NpHaloDeviceOperation,halo/neighbor-pad CCL,0.37892,,40.0,0.899999492936607,73[73],34[34],30[30],512[512],1[1],1[1],9636[9636],512[512],{'border_only': 'false'; 'input_pad_h': '0'; 'input_pad_w': '0'; 'np_cluster_axis': '0'; 'np_num_links': '2'; 'np_pad2_left': '1'; 'np_pad2_num_links': '2'; 'np_pad2_right': '1'; 'np_padding_h': '1'; 'np_padding_w': '1'; 'np_ring_size': '4'; 'np_topology': 'Topology::Linear'; 'output_padded': 'false'; 'padding_mode': 'zeros'}
59,Conv3dDeviceOperation,conv3d,16.831046,HiFi2,120.0,0.8999999825674305,73[73],34[34],30[30],512[512],73[73],34[34],30[30],512[512],{'compute_kernel_config': 'ComputeKernelConfig(math_fidelity=HiFi2;math_approx_mode=0;fp32_dest_acc_en=1;packer_l1_acc=0;dst_full_sync_en=0;throttle_level=ThrottleLevel::NO_THROTTLE)'; 'config': 'Conv3dConfig(weights_dtype=DataType::BFLOAT16;output_layout=Layout::ROW_MAJOR;T_out_block=1;W_out_block=4;H_out_block=8;C_out_block=256;C_in_block=64;dilation={1; 1; 1};alignment=32;compute_with_storage_grid_size=12-10)'; 'dilation': '{1; 1; 1}'; 'dtype': 'DataType::BFLOAT16'; 'groups': '1'; 'kernel_size': '{3; 3; 3}'; 'logical_h_mask': '0'; 'logical_w_mask': '0'; 'output_channels': '512'; 'output_depth_to_space': '{1; 1; 1}'; 'output_mem_config': 'MemoryConfig(memory_layout=TensorMemoryLayout::INTERLEAVED;buffer_type=BufferType::DRAM;shard_spec=std::nullopt;nd_shard_spec=std::nullopt;created_with_nd_shard_spec=0;per_core_allocation=0;range_lockstep_allocation=0)'; 'output_pad_h': '0'; 'output_pad_w': '0'; 'output_trim_t_front': '0'; 'padding': '{1; 1; 1}'; 'padding_mode': 'replicate'; 'stride': '{1; 1; 1}'}
60,LayerNormDeviceOperation,norm,1.039696,HiFi4,120.0,0.9000000111925606,73[73],34[34],30[30],512[512],73[73],34[34],30[30],512[512],{'compute_kernel_config': 'ComputeKernelConfig(math_fidelity=HiFi4;math_approx_mode=0;fp32_dest_acc_en=1;packer_l1_acc=0;dst_full_sync_en=0;throttle_level=ThrottleLevel::NO_THROTTLE)'; 'distributed_norm_stage': 'DistributedLayerNormStage::NOT_DISTRIBUTED'; 'dtype': 'std::nullopt'; 'eps': '1e-08'; 'fused_activation': 'BasicUnaryWithParam<float>(op_type=UnaryOpType::SILU;param={})'; 'norm_type': 'LayerNormType::RMSNORM'; 'output_mem_config': 'MemoryConfig(memory_layout=TensorMemoryLayout::INTERLEAVED;buffer_type=BufferType::DRAM;shard_spec=std::nullopt;nd_shard_spec=std::nullopt;created_with_nd_shard_spec=0;per_core_allocation=0;range_lockstep_allocation=0)'; 'program_config': 'LayerNormDefaultProgramConfig(legacy_reduction=0;use_welford=0)'}
61,NpHaloDeviceOperation,halo/neighbor-pad CCL,0.701558,,40.0,0.9000002789976174,73[73],34[34],30[30],512[512],1[1],1[1],9636[9636],512[512],{'border_only': 'false'; 'input_pad_h': '0'; 'input_pad_w': '0'; 'np_cluster_axis': '0'; 'np_num_links': '2'; 'np_pad2_left': '1'; 'np_pad2_num_links': '2'; 'np_pad2_right': '1'; 'np_padding_h': '1'; 'np_padding_w': '1'; 'np_ring_size': '4'; 'np_topology': 'Topology::Linear'; 'output_padded': 'false'; 'padding_mode': 'zeros'}
62,Conv3dDeviceOperation,conv3d,16.768837,HiFi2,120.0,0.8999999942727934,73[73],34[34],30[30],512[512],73[73],34[34],30[30],512[512],{'compute_kernel_config': 'ComputeKernelConfig(math_fidelity=HiFi2;math_approx_mode=0;fp32_dest_acc_en=1;packer_l1_acc=0;dst_full_sync_en=0;throttle_level=ThrottleLevel::NO_THROTTLE)'; 'config': 'Conv3dConfig(weights_dtype=DataType::BFLOAT16;output_layout=Layout::ROW_MAJOR;T_out_block=1;W_out_block=4;H_out_block=8;C_out_block=256;C_in_block=64;dilation={1; 1; 1};alignment=32;compute_with_storage_grid_size=12-10)'; 'dilation': '{1; 1; 1}'; 'dtype': 'DataType::BFLOAT16'; 'groups': '1'; 'kernel_size': '{3; 3; 3}'; 'logical_h_mask': '0'; 'logical_w_mask': '0'; 'output_channels': '512'; 'output_depth_to_space': '{1; 1; 1}'; 'output_mem_config': 'MemoryConfig(memory_layout=TensorMemoryLayout::INTERLEAVED;buffer_type=BufferType::DRAM;shard_spec=std::nullopt;nd_shard_spec=std::nullopt;created_with_nd_shard_spec=0;per_core_allocation=0;range_lockstep_allocation=0)'; 'output_pad_h': '0'; 'output_pad_w': '0'; 'output_trim_t_front': '0'; 'padding': '{1; 1; 1}'; 'padding_mode': 'replicate'; 'stride': '{1; 1; 1}'}
63,LayerNormDeviceOperation,norm,1.036664,HiFi4,120.0,0.9000000225107044,73[73],34[34],30[30],512[512],73[73],34[34],30[30],512[512],{'compute_kernel_config': 'ComputeKernelConfig(math_fidelity=HiFi4;math_approx_mode=0;fp32_dest_acc_en=1;packer_l1_acc=0;dst_full_sync_en=0;throttle_level=ThrottleLevel::NO_THROTTLE)'; 'distributed_norm_stage': 'DistributedLayerNormStage::NOT_DISTRIBUTED'; 'dtype': 'std::nullopt'; 'eps': '1e-08'; 'fused_activation': 'BasicUnaryWithParam<float>(op_type=UnaryOpType::SILU;param={})'; 'norm_type': 'LayerNormType::RMSNORM'; 'output_mem_config': 'MemoryConfig(memory_layout=TensorMemoryLayout::INTERLEAVED;buffer_type=BufferType::DRAM;shard_spec=std::nullopt;nd_shard_spec=std::nullopt;created_with_nd_shard_spec=0;per_core_allocation=0;range_lockstep_allocation=0)'; 'program_config': 'LayerNormDefaultProgramConfig(legacy_reduction=0;use_welford=0)'}
64,NpHaloDeviceOperation,halo/neighbor-pad CCL,0.803763,,40.0,0.8999995126206873,73[73],34[34],30[30],512[512],1[1],1[1],9636[9636],512[512],{'border_only': 'false'; 'input_pad_h': '0'; 'input_pad_w': '0'; 'np_cluster_axis': '0'; 'np_num_links': '2'; 'np_pad2_left': '1'; 'np_pad2_num_links': '2'; 'np_pad2_right': '1'; 'np_padding_h': '1'; 'np_padding_w': '1'; 'np_ring_size': '4'; 'np_topology': 'Topology::Linear'; 'output_padded': 'false'; 'padding_mode': 'zeros'}
65,Conv3dDeviceOperation,conv3d,16.490168,HiFi2,120.0,0.8999999942174367,73[73],34[34],30[30],512[512],73[73],34[34],30[30],512[512],{'compute_kernel_config': 'ComputeKernelConfig(math_fidelity=HiFi2;math_approx_mode=0;fp32_dest_acc_en=1;packer_l1_acc=0;dst_full_sync_en=0;throttle_level=ThrottleLevel::NO_THROTTLE)'; 'config': 'Conv3dConfig(weights_dtype=DataType::BFLOAT16;output_layout=Layout::ROW_MAJOR;T_out_block=1;W_out_block=4;H_out_block=8;C_out_block=256;C_in_block=64;dilation={1; 1; 1};alignment=32;compute_with_storage_grid_size=12-10)'; 'dilation': '{1; 1; 1}'; 'dtype': 'DataType::BFLOAT16'; 'groups': '1'; 'kernel_size': '{3; 3; 3}'; 'logical_h_mask': '0'; 'logical_w_mask': '0'; 'output_channels': '512'; 'output_depth_to_space': '{1; 1; 1}'; 'output_mem_config': 'MemoryConfig(memory_layout=TensorMemoryLayout::INTERLEAVED;buffer_type=BufferType::DRAM;shard_spec=std::nullopt;nd_shard_spec=std::nullopt;created_with_nd_shard_spec=0;per_core_allocation=0;range_lockstep_allocation=0)'; 'output_pad_h': '0'; 'output_pad_w': '0'; 'output_trim_t_front': '0'; 'padding': '{1; 1; 1}'; 'padding_mode': 'replicate'; 'stride': '{1; 1; 1}'}
66,LayerNormDeviceOperation,norm,1.03904,HiFi4,120.0,0.9000000171159381,73[73],34[34],30[30],512[512],73[73],34[34],30[30],512[512],{'compute_kernel_config': 'ComputeKernelConfig(math_fidelity=HiFi4;math_approx_mode=0;fp32_dest_acc_en=1;packer_l1_acc=0;dst_full_sync_en=0;throttle_level=ThrottleLevel::NO_THROTTLE)'; 'distributed_norm_stage': 'DistributedLayerNormStage::NOT_DISTRIBUTED'; 'dtype': 'std::nullopt'; 'eps': '1e-08'; 'fused_activation': 'BasicUnaryWithParam<float>(op_type=UnaryOpType::SILU;param={})'; 'norm_type': 'LayerNormType::RMSNORM'; 'output_mem_config': 'MemoryConfig(memory_layout=TensorMemoryLayout::INTERLEAVED;buffer_type=BufferType::DRAM;shard_spec=std::nullopt;nd_shard_spec=std::nullopt;created_with_nd_shard_spec=0;per_core_allocation=0;range_lockstep_allocation=0)'; 'program_config': 'LayerNormDefaultProgramConfig(legacy_reduction=0;use_welford=0)'}
67,NpHaloDeviceOperation,halo/neighbor-pad CCL,0.750449,,40.0,0.8999996106358705,73[73],34[34],30[30],512[512],1[1],1[1],9636[9636],512[512],{'border_only': 'false'; 'input_pad_h': '0'; 'input_pad_w': '0'; 'np_cluster_axis': '0'; 'np_num_links': '2'; 'np_pad2_left': '1'; 'np_pad2_num_links': '2'; 'np_pad2_right': '1'; 'np_padding_h': '1'; 'np_padding_w': '1'; 'np_ring_size': '4'; 'np_topology': 'Topology::Linear'; 'output_padded': 'false'; 'padding_mode': 'zeros'}
68,Conv3dDeviceOperation,conv3d,16.756959,HiFi2,120.0,0.9000000228604034,73[73],34[34],30[30],512[512],73[73],34[34],30[30],512[512],{'compute_kernel_config': 'ComputeKernelConfig(math_fidelity=HiFi2;math_approx_mode=0;fp32_dest_acc_en=1;packer_l1_acc=0;dst_full_sync_en=0;throttle_level=ThrottleLevel::NO_THROTTLE)'; 'config': 'Conv3dConfig(weights_dtype=DataType::BFLOAT16;output_layout=Layout::ROW_MAJOR;T_out_block=1;W_out_block=4;H_out_block=8;C_out_block=256;C_in_block=64;dilation={1; 1; 1};alignment=32;compute_with_storage_grid_size=12-10)'; 'dilation': '{1; 1; 1}'; 'dtype': 'DataType::BFLOAT16'; 'groups': '1'; 'kernel_size': '{3; 3; 3}'; 'logical_h_mask': '0'; 'logical_w_mask': '0'; 'output_channels': '512'; 'output_depth_to_space': '{1; 1; 1}'; 'output_mem_config': 'MemoryConfig(memory_layout=TensorMemoryLayout::INTERLEAVED;buffer_type=BufferType::DRAM;shard_spec=std::nullopt;nd_shard_spec=std::nullopt;created_with_nd_shard_spec=0;per_core_allocation=0;range_lockstep_allocation=0)'; 'output_pad_h': '0'; 'output_pad_w': '0'; 'output_trim_t_front': '0'; 'padding': '{1; 1; 1}'; 'padding_mode': 'replicate'; 'stride': '{1; 1; 1}'}
69,NpHaloDeviceOperation,halo/neighbor-pad CCL,0.572968,,40.0,0.9000000391512377,73[73],34[34],30[30],512[512],1[1],1[1],9636[9636],512[512],{'border_only': 'false'; 'input_pad_h': '0'; 'input_pad_w': '0'; 'np_cluster_axis': '0'; 'np_num_links': '2'; 'np_pad2_left': '1'; 'np_pad2_num_links': '2'; 'np_pad2_right': '1'; 'np_padding_h': '1'; 'np_padding_w': '1'; 'np_ring_size': '4'; 'np_topology': 'Topology::Linear'; 'output_padded': 'false'; 'padding_mode': 'zeros'}
70,Conv3dDeviceOperation,conv3d,16.399878,HiFi2,120.0,0.8999999756107465,73[73],34[34],30[30],512[512],145[145],34[34],30[30],256[256],{'compute_kernel_config': 'ComputeKernelConfig(math_fidelity=HiFi2;math_approx_mode=0;fp32_dest_acc_en=1;packer_l1_acc=0;dst_full_sync_en=0;throttle_level=ThrottleLevel::NO_THROTTLE)'; 'config': 'Conv3dConfig(weights_dtype=DataType::BFLOAT16;output_layout=Layout::ROW_MAJOR;T_out_block=1;W_out_block=4;H_out_block=8;C_out_block=256;C_in_block=64;dilation={1; 1; 1};alignment=32;compute_with_storage_grid_size=12-10)'; 'dilation': '{1; 1; 1}'; 'dtype': 'DataType::BFLOAT16'; 'groups': '1'; 'kernel_size': '{3; 3; 3}'; 'logical_h_mask': '0'; 'logical_w_mask': '0'; 'output_channels': '512'; 'output_depth_to_space': '{2; 1; 1}'; 'output_mem_config': 'MemoryConfig(memory_layout=TensorMemoryLayout::INTERLEAVED;buffer_type=BufferType::DRAM;shard_spec=std::nullopt;nd_shard_spec=std::nullopt;created_with_nd_shard_spec=0;per_core_allocation=0;range_lockstep_allocation=0)'; 'output_pad_h': '0'; 'output_pad_w': '0'; 'output_trim_t_front': '1'; 'padding': '{1; 1; 1}'; 'padding_mode': 'replicate'; 'stride': '{1; 1; 1}'}
71,LayerNormDeviceOperation,norm,0.932976,HiFi4,120.0,0.9000001070937852,145[145],34[34],30[30],256[256],145[145],34[34],30[30],256[256],{'compute_kernel_config': 'ComputeKernelConfig(math_fidelity=HiFi4;math_approx_mode=0;fp32_dest_acc_en=1;packer_l1_acc=0;dst_full_sync_en=0;throttle_level=ThrottleLevel::NO_THROTTLE)'; 'distributed_norm_stage': 'DistributedLayerNormStage::NOT_DISTRIBUTED'; 'dtype': 'std::nullopt'; 'eps': '1e-08'; 'fused_activation': 'BasicUnaryWithParam<float>(op_type=UnaryOpType::SILU;param={})'; 'norm_type': 'LayerNormType::RMSNORM'; 'output_mem_config': 'MemoryConfig(memory_layout=TensorMemoryLayout::INTERLEAVED;buffer_type=BufferType::DRAM;shard_spec=std::nullopt;nd_shard_spec=std::nullopt;created_with_nd_shard_spec=0;per_core_allocation=0;range_lockstep_allocation=0)'; 'program_config': 'LayerNormDefaultProgramConfig(legacy_reduction=0;use_welford=0)'}
72,NpHaloDeviceOperation,halo/neighbor-pad CCL,0.398232,,40.0,0.9000002495439584,145[145],34[34],30[30],256[256],1[1],1[1],19140[19140],256[256],{'border_only': 'false'; 'input_pad_h': '0'; 'input_pad_w': '0'; 'np_cluster_axis': '0'; 'np_num_links': '2'; 'np_pad2_left': '1'; 'np_pad2_num_links': '2'; 'np_pad2_right': '1'; 'np_padding_h': '1'; 'np_padding_w': '1'; 'np_ring_size': '4'; 'np_topology': 'Topology::Linear'; 'output_padded': 'false'; 'padding_mode': 'zeros'}
73,Conv3dDeviceOperation,conv3d,6.3633,HiFi2,120.0,0.9000000471394005,145[145],34[34],30[30],256[256],145[145],34[34],30[30],256[256],{'compute_kernel_config': 'ComputeKernelConfig(math_fidelity=HiFi2;math_approx_mode=0;fp32_dest_acc_en=1;packer_l1_acc=0;dst_full_sync_en=0;throttle_level=ThrottleLevel::NO_THROTTLE)'; 'config': 'Conv3dConfig(weights_dtype=DataType::BFLOAT16;output_layout=Layout::ROW_MAJOR;T_out_block=1;W_out_block=4;H_out_block=8;C_out_block=256;C_in_block=64;dilation={1; 1; 1};alignment=32;compute_with_storage_grid_size=12-10)'; 'dilation': '{1; 1; 1}'; 'dtype': 'DataType::BFLOAT16'; 'groups': '1'; 'kernel_size': '{3; 3; 3}'; 'logical_h_mask': '0'; 'logical_w_mask': '0'; 'output_channels': '256'; 'output_depth_to_space': '{1; 1; 1}'; 'output_mem_config': 'MemoryConfig(memory_layout=TensorMemoryLayout::INTERLEAVED;buffer_type=BufferType::DRAM;shard_spec=std::nullopt;nd_shard_spec=std::nullopt;created_with_nd_shard_spec=0;per_core_allocation=0;range_lockstep_allocation=0)'; 'output_pad_h': '0'; 'output_pad_w': '0'; 'output_trim_t_front': '0'; 'padding': '{1; 1; 1}'; 'padding_mode': 'replicate'; 'stride': '{1; 1; 1}'}
74,LayerNormDeviceOperation,norm,0.935827,HiFi4,120.0,0.8999998484788795,145[145],34[34],30[30],256[256],145[145],34[34],30[30],256[256],{'compute_kernel_config': 'ComputeKernelConfig(math_fidelity=HiFi4;math_approx_mode=0;fp32_dest_acc_en=1;packer_l1_acc=0;dst_full_sync_en=0;throttle_level=ThrottleLevel::NO_THROTTLE)'; 'distributed_norm_stage': 'DistributedLayerNormStage::NOT_DISTRIBUTED'; 'dtype': 'std::nullopt'; 'eps': '1e-08'; 'fused_activation': 'BasicUnaryWithParam<float>(op_type=UnaryOpType::SILU;param={})'; 'norm_type': 'LayerNormType::RMSNORM'; 'output_mem_config': 'MemoryConfig(memory_layout=TensorMemoryLayout::INTERLEAVED;buffer_type=BufferType::DRAM;shard_spec=std::nullopt;nd_shard_spec=std::nullopt;created_with_nd_shard_spec=0;per_core_allocation=0;range_lockstep_allocation=0)'; 'program_config': 'LayerNormDefaultProgramConfig(legacy_reduction=0;use_welford=0)'}
75,NpHaloDeviceOperation,halo/neighbor-pad CCL,0.420848,,40.0,0.8999997788535324,145[145],34[34],30[30],256[256],1[1],1[1],19140[19140],256[256],{'border_only': 'false'; 'input_pad_h': '0'; 'input_pad_w': '0'; 'np_cluster_axis': '0'; 'np_num_links': '2'; 'np_pad2_left': '1'; 'np_pad2_num_links': '2'; 'np_pad2_right': '1'; 'np_padding_h': '1'; 'np_padding_w': '1'; 'np_ring_size': '4'; 'np_topology': 'Topology::Linear'; 'output_padded': 'false'; 'padding_mode': 'zeros'}
76,Conv3dDeviceOperation,conv3d,6.591928,HiFi2,120.0,0.8999999544951027,145[145],34[34],30[30],256[256],145[145],34[34],30[30],256[256],{'compute_kernel_config': 'ComputeKernelConfig(math_fidelity=HiFi2;math_approx_mode=0;fp32_dest_acc_en=1;packer_l1_acc=0;dst_full_sync_en=0;throttle_level=ThrottleLevel::NO_THROTTLE)'; 'config': 'Conv3dConfig(weights_dtype=DataType::BFLOAT16;output_layout=Layout::ROW_MAJOR;T_out_block=1;W_out_block=4;H_out_block=8;C_out_block=256;C_in_block=64;dilation={1; 1; 1};alignment=32;compute_with_storage_grid_size=12-10)'; 'dilation': '{1; 1; 1}'; 'dtype': 'DataType::BFLOAT16'; 'groups': '1'; 'kernel_size': '{3; 3; 3}'; 'logical_h_mask': '0'; 'logical_w_mask': '0'; 'output_channels': '256'; 'output_depth_to_space': '{1; 1; 1}'; 'output_mem_config': 'MemoryConfig(memory_layout=TensorMemoryLayout::INTERLEAVED;buffer_type=BufferType::DRAM;shard_spec=std::nullopt;nd_shard_spec=std::nullopt;created_with_nd_shard_spec=0;per_core_allocation=0;range_lockstep_allocation=0)'; 'output_pad_h': '0'; 'output_pad_w': '0'; 'output_trim_t_front': '0'; 'padding': '{1; 1; 1}'; 'padding_mode': 'replicate'; 'stride': '{1; 1; 1}'}
77,LayerNormDeviceOperation,norm,0.935847,HiFi4,120.0,0.8999998516362299,145[145],34[34],30[30],256[256],145[145],34[34],30[30],256[256],{'compute_kernel_config': 'ComputeKernelConfig(math_fidelity=HiFi4;math_approx_mode=0;fp32_dest_acc_en=1;packer_l1_acc=0;dst_full_sync_en=0;throttle_level=ThrottleLevel::NO_THROTTLE)'; 'distributed_norm_stage': 'DistributedLayerNormStage::NOT_DISTRIBUTED'; 'dtype': 'std::nullopt'; 'eps': '1e-08'; 'fused_activation': 'BasicUnaryWithParam<float>(op_type=UnaryOpType::SILU;param={})'; 'norm_type': 'LayerNormType::RMSNORM'; 'output_mem_config': 'MemoryConfig(memory_layout=TensorMemoryLayout::INTERLEAVED;buffer_type=BufferType::DRAM;shard_spec=std::nullopt;nd_shard_spec=std::nullopt;created_with_nd_shard_spec=0;per_core_allocation=0;range_lockstep_allocation=0)'; 'program_config': 'LayerNormDefaultProgramConfig(legacy_reduction=0;use_welford=0)'}
78,NpHaloDeviceOperation,halo/neighbor-pad CCL,0.278753,,40.0,0.9000012925992231,145[145],34[34],30[30],256[256],1[1],1[1],19140[19140],256[256],{'border_only': 'false'; 'input_pad_h': '0'; 'input_pad_w': '0'; 'np_cluster_axis': '0'; 'np_num_links': '2'; 'np_pad2_left': '1'; 'np_pad2_num_links': '2'; 'np_pad2_right': '1'; 'np_padding_h': '1'; 'np_padding_w': '1'; 'np_ring_size': '4'; 'np_topology': 'Topology::Linear'; 'output_padded': 'false'; 'padding_mode': 'zeros'}
79,Conv3dDeviceOperation,conv3d,6.450243,HiFi2,120.0,0.8999999554131882,145[145],34[34],30[30],256[256],145[145],34[34],30[30],256[256],{'compute_kernel_config': 'ComputeKernelConfig(math_fidelity=HiFi2;math_approx_mode=0;fp32_dest_acc_en=1;packer_l1_acc=0;dst_full_sync_en=0;throttle_level=ThrottleLevel::NO_THROTTLE)'; 'config': 'Conv3dConfig(weights_dtype=DataType::BFLOAT16;output_layout=Layout::ROW_MAJOR;T_out_block=1;W_out_block=4;H_out_block=8;C_out_block=256;C_in_block=64;dilation={1; 1; 1};alignment=32;compute_with_storage_grid_size=12-10)'; 'dilation': '{1; 1; 1}'; 'dtype': 'DataType::BFLOAT16'; 'groups': '1'; 'kernel_size': '{3; 3; 3}'; 'logical_h_mask': '0'; 'logical_w_mask': '0'; 'output_channels': '256'; 'output_depth_to_space': '{1; 1; 1}'; 'output_mem_config': 'MemoryConfig(memory_layout=TensorMemoryLayout::INTERLEAVED;buffer_type=BufferType::DRAM;shard_spec=std::nullopt;nd_shard_spec=std::nullopt;created_with_nd_shard_spec=0;per_core_allocation=0;range_lockstep_allocation=0)'; 'output_pad_h': '0'; 'output_pad_w': '0'; 'output_trim_t_front': '0'; 'padding': '{1; 1; 1}'; 'padding_mode': 'replicate'; 'stride': '{1; 1; 1}'}
80,LayerNormDeviceOperation,norm,0.93785,HiFi4,120.0,0.8999999729238993,145[145],34[34],30[30],256[256],145[145],34[34],30[30],256[256],{'compute_kernel_config': 'ComputeKernelConfig(math_fidelity=HiFi4;math_approx_mode=0;fp32_dest_acc_en=1;packer_l1_acc=0;dst_full_sync_en=0;throttle_level=ThrottleLevel::NO_THROTTLE)'; 'distributed_norm_stage': 'DistributedLayerNormStage::NOT_DISTRIBUTED'; 'dtype': 'std::nullopt'; 'eps': '1e-08'; 'fused_activation': 'BasicUnaryWithParam<float>(op_type=UnaryOpType::SILU;param={})'; 'norm_type': 'LayerNormType::RMSNORM'; 'output_mem_config': 'MemoryConfig(memory_layout=TensorMemoryLayout::INTERLEAVED;buffer_type=BufferType::DRAM;shard_spec=std::nullopt;nd_shard_spec=std::nullopt;created_with_nd_shard_spec=0;per_core_allocation=0;range_lockstep_allocation=0)'; 'program_config': 'LayerNormDefaultProgramConfig(legacy_reduction=0;use_welford=0)'}
81,NpHaloDeviceOperation,halo/neighbor-pad CCL,0.309067,,40.0,0.9000005851854452,145[145],34[34],30[30],256[256],1[1],1[1],19140[19140],256[256],{'border_only': 'false'; 'input_pad_h': '0'; 'input_pad_w': '0'; 'np_cluster_axis': '0'; 'np_num_links': '2'; 'np_pad2_left': '1'; 'np_pad2_num_links': '2'; 'np_pad2_right': '1'; 'np_padding_h': '1'; 'np_padding_w': '1'; 'np_ring_size': '4'; 'np_topology': 'Topology::Linear'; 'output_padded': 'false'; 'padding_mode': 'zeros'}
82,Conv3dDeviceOperation,conv3d,6.549858,HiFi2,120.0,0.9,145[145],34[34],30[30],256[256],145[145],34[34],30[30],256[256],{'compute_kernel_config': 'ComputeKernelConfig(math_fidelity=HiFi2;math_approx_mode=0;fp32_dest_acc_en=1;packer_l1_acc=0;dst_full_sync_en=0;throttle_level=ThrottleLevel::NO_THROTTLE)'; 'config': 'Conv3dConfig(weights_dtype=DataType::BFLOAT16;output_layout=Layout::ROW_MAJOR;T_out_block=1;W_out_block=4;H_out_block=8;C_out_block=256;C_in_block=64;dilation={1; 1; 1};alignment=32;compute_with_storage_grid_size=12-10)'; 'dilation': '{1; 1; 1}'; 'dtype': 'DataType::BFLOAT16'; 'groups': '1'; 'kernel_size': '{3; 3; 3}'; 'logical_h_mask': '0'; 'logical_w_mask': '0'; 'output_channels': '256'; 'output_depth_to_space': '{1; 1; 1}'; 'output_mem_config': 'MemoryConfig(memory_layout=TensorMemoryLayout::INTERLEAVED;buffer_type=BufferType::DRAM;shard_spec=std::nullopt;nd_shard_spec=std::nullopt;created_with_nd_shard_spec=0;per_core_allocation=0;range_lockstep_allocation=0)'; 'output_pad_h': '0'; 'output_pad_w': '0'; 'output_trim_t_front': '0'; 'padding': '{1; 1; 1}'; 'padding_mode': 'replicate'; 'stride': '{1; 1; 1}'}
83,LayerNormDeviceOperation,norm,0.933263,HiFi4,120.0,0.9,145[145],34[34],30[30],256[256],145[145],34[34],30[30],256[256],{'compute_kernel_config': 'ComputeKernelConfig(math_fidelity=HiFi4;math_approx_mode=0;fp32_dest_acc_en=1;packer_l1_acc=0;dst_full_sync_en=0;throttle_level=ThrottleLevel::NO_THROTTLE)'; 'distributed_norm_stage': 'DistributedLayerNormStage::NOT_DISTRIBUTED'; 'dtype': 'std::nullopt'; 'eps': '1e-08'; 'fused_activation': 'BasicUnaryWithParam<float>(op_type=UnaryOpType::SILU;param={})'; 'norm_type': 'LayerNormType::RMSNORM'; 'output_mem_config': 'MemoryConfig(memory_layout=TensorMemoryLayout::INTERLEAVED;buffer_type=BufferType::DRAM;shard_spec=std::nullopt;nd_shard_spec=std::nullopt;created_with_nd_shard_spec=0;per_core_allocation=0;range_lockstep_allocation=0)'; 'program_config': 'LayerNormDefaultProgramConfig(legacy_reduction=0;use_welford=0)'}
84,NpHaloDeviceOperation,halo/neighbor-pad CCL,0.422978,,40.0,0.8999995574907959,145[145],34[34],30[30],256[256],1[1],1[1],19140[19140],256[256],{'border_only': 'false'; 'input_pad_h': '0'; 'input_pad_w': '0'; 'np_cluster_axis': '0'; 'np_num_links': '2'; 'np_pad2_left': '1'; 'np_pad2_num_links': '2'; 'np_pad2_right': '1'; 'np_padding_h': '1'; 'np_padding_w': '1'; 'np_ring_size': '4'; 'np_topology': 'Topology::Linear'; 'output_padded': 'false'; 'padding_mode': 'zeros'}
85,Conv3dDeviceOperation,conv3d,6.538427,HiFi2,120.0,0.9000000287320324,145[145],34[34],30[30],256[256],145[145],34[34],30[30],256[256],{'compute_kernel_config': 'ComputeKernelConfig(math_fidelity=HiFi2;math_approx_mode=0;fp32_dest_acc_en=1;packer_l1_acc=0;dst_full_sync_en=0;throttle_level=ThrottleLevel::NO_THROTTLE)'; 'config': 'Conv3dConfig(weights_dtype=DataType::BFLOAT16;output_layout=Layout::ROW_MAJOR;T_out_block=1;W_out_block=4;H_out_block=8;C_out_block=256;C_in_block=64;dilation={1; 1; 1};alignment=32;compute_with_storage_grid_size=12-10)'; 'dilation': '{1; 1; 1}'; 'dtype': 'DataType::BFLOAT16'; 'groups': '1'; 'kernel_size': '{3; 3; 3}'; 'logical_h_mask': '0'; 'logical_w_mask': '0'; 'output_channels': '256'; 'output_depth_to_space': '{1; 1; 1}'; 'output_mem_config': 'MemoryConfig(memory_layout=TensorMemoryLayout::INTERLEAVED;buffer_type=BufferType::DRAM;shard_spec=std::nullopt;nd_shard_spec=std::nullopt;created_with_nd_shard_spec=0;per_core_allocation=0;range_lockstep_allocation=0)'; 'output_pad_h': '0'; 'output_pad_w': '0'; 'output_trim_t_front': '0'; 'padding': '{1; 1; 1}'; 'padding_mode': 'replicate'; 'stride': '{1; 1; 1}'}
86,LayerNormDeviceOperation,norm,0.93321,HiFi4,120.0,0.9000000401610565,145[145],34[34],30[30],256[256],145[145],34[34],30[30],256[256],{'compute_kernel_config': 'ComputeKernelConfig(math_fidelity=HiFi4;math_approx_mode=0;fp32_dest_acc_en=1;packer_l1_acc=0;dst_full_sync_en=0;throttle_level=ThrottleLevel::NO_THROTTLE)'; 'distributed_norm_stage': 'DistributedLayerNormStage::NOT_DISTRIBUTED'; 'dtype': 'std::nullopt'; 'eps': '1e-08'; 'fused_activation': 'BasicUnaryWithParam<float>(op_type=UnaryOpType::SILU;param={})'; 'norm_type': 'LayerNormType::RMSNORM'; 'output_mem_config': 'MemoryConfig(memory_layout=TensorMemoryLayout::INTERLEAVED;buffer_type=BufferType::DRAM;shard_spec=std::nullopt;nd_shard_spec=std::nullopt;created_with_nd_shard_spec=0;per_core_allocation=0;range_lockstep_allocation=0)'; 'program_config': 'LayerNormDefaultProgramConfig(legacy_reduction=0;use_welford=0)'}
87,NpHaloDeviceOperation,halo/neighbor-pad CCL,0.265822,,40.0,0.9,145[145],34[34],30[30],256[256],1[1],1[1],19140[19140],256[256],{'border_only': 'false'; 'input_pad_h': '0'; 'input_pad_w': '0'; 'np_cluster_axis': '0'; 'np_num_links': '2'; 'np_pad2_left': '1'; 'np_pad2_num_links': '2'; 'np_pad2_right': '1'; 'np_padding_h': '1'; 'np_padding_w': '1'; 'np_ring_size': '4'; 'np_topology': 'Topology::Linear'; 'output_padded': 'false'; 'padding_mode': 'zeros'}
88,Conv3dDeviceOperation,conv3d,6.482668,HiFi2,120.0,0.8999999555419019,145[145],34[34],30[30],256[256],145[145],34[34],30[30],256[256],{'compute_kernel_config': 'ComputeKernelConfig(math_fidelity=HiFi2;math_approx_mode=0;fp32_dest_acc_en=1;packer_l1_acc=0;dst_full_sync_en=0;throttle_level=ThrottleLevel::NO_THROTTLE)'; 'config': 'Conv3dConfig(weights_dtype=DataType::BFLOAT16;output_layout=Layout::ROW_MAJOR;T_out_block=1;W_out_block=4;H_out_block=8;C_out_block=256;C_in_block=64;dilation={1; 1; 1};alignment=32;compute_with_storage_grid_size=12-10)'; 'dilation': '{1; 1; 1}'; 'dtype': 'DataType::BFLOAT16'; 'groups': '1'; 'kernel_size': '{3; 3; 3}'; 'logical_h_mask': '0'; 'logical_w_mask': '0'; 'output_channels': '256'; 'output_depth_to_space': '{1; 1; 1}'; 'output_mem_config': 'MemoryConfig(memory_layout=TensorMemoryLayout::INTERLEAVED;buffer_type=BufferType::DRAM;shard_spec=std::nullopt;nd_shard_spec=std::nullopt;created_with_nd_shard_spec=0;per_core_allocation=0;range_lockstep_allocation=0)'; 'output_pad_h': '0'; 'output_pad_w': '0'; 'output_trim_t_front': '0'; 'padding': '{1; 1; 1}'; 'padding_mode': 'replicate'; 'stride': '{1; 1; 1}'}
89,LayerNormDeviceOperation,norm,0.941383,HiFi4,120.0,0.9000000538908958,145[145],34[34],30[30],256[256],145[145],34[34],30[30],256[256],{'compute_kernel_config': 'ComputeKernelConfig(math_fidelity=HiFi4;math_approx_mode=0;fp32_dest_acc_en=1;packer_l1_acc=0;dst_full_sync_en=0;throttle_level=ThrottleLevel::NO_THROTTLE)'; 'distributed_norm_stage': 'DistributedLayerNormStage::NOT_DISTRIBUTED'; 'dtype': 'std::nullopt'; 'eps': '1e-08'; 'fused_activation': 'BasicUnaryWithParam<float>(op_type=UnaryOpType::SILU;param={})'; 'norm_type': 'LayerNormType::RMSNORM'; 'output_mem_config': 'MemoryConfig(memory_layout=TensorMemoryLayout::INTERLEAVED;buffer_type=BufferType::DRAM;shard_spec=std::nullopt;nd_shard_spec=std::nullopt;created_with_nd_shard_spec=0;per_core_allocation=0;range_lockstep_allocation=0)'; 'program_config': 'LayerNormDefaultProgramConfig(legacy_reduction=0;use_welford=0)'}
90,NpHaloDeviceOperation,halo/neighbor-pad CCL,0.40653,,40.0,0.9000004511291764,145[145],34[34],30[30],256[256],1[1],1[1],19140[19140],256[256],{'border_only': 'false'; 'input_pad_h': '0'; 'input_pad_w': '0'; 'np_cluster_axis': '0'; 'np_num_links': '2'; 'np_pad2_left': '1'; 'np_pad2_num_links': '2'; 'np_pad2_right': '1'; 'np_padding_h': '1'; 'np_padding_w': '1'; 'np_ring_size': '4'; 'np_topology': 'Topology::Linear'; 'output_padded': 'false'; 'padding_mode': 'zeros'}
91,Conv3dDeviceOperation,conv3d,6.542333,HiFi2,120.0,0.9000000143922561,145[145],34[34],30[30],256[256],145[145],34[34],30[30],256[256],{'compute_kernel_config': 'ComputeKernelConfig(math_fidelity=HiFi2;math_approx_mode=0;fp32_dest_acc_en=1;packer_l1_acc=0;dst_full_sync_en=0;throttle_level=ThrottleLevel::NO_THROTTLE)'; 'config': 'Conv3dConfig(weights_dtype=DataType::BFLOAT16;output_layout=Layout::ROW_MAJOR;T_out_block=1;W_out_block=4;H_out_block=8;C_out_block=256;C_in_block=64;dilation={1; 1; 1};alignment=32;compute_with_storage_grid_size=12-10)'; 'dilation': '{1; 1; 1}'; 'dtype': 'DataType::BFLOAT16'; 'groups': '1'; 'kernel_size': '{3; 3; 3}'; 'logical_h_mask': '0'; 'logical_w_mask': '0'; 'output_channels': '256'; 'output_depth_to_space': '{1; 1; 1}'; 'output_mem_config': 'MemoryConfig(memory_layout=TensorMemoryLayout::INTERLEAVED;buffer_type=BufferType::DRAM;shard_spec=std::nullopt;nd_shard_spec=std::nullopt;created_with_nd_shard_spec=0;per_core_allocation=0;range_lockstep_allocation=0)'; 'output_pad_h': '0'; 'output_pad_w': '0'; 'output_trim_t_front': '0'; 'padding': '{1; 1; 1}'; 'padding_mode': 'replicate'; 'stride': '{1; 1; 1}'}
92,LayerNormDeviceOperation,norm,0.9345,HiFi4,120.0,0.9000000133773519,145[145],34[34],30[30],256[256],145[145],34[34],30[30],256[256],{'compute_kernel_config': 'ComputeKernelConfig(math_fidelity=HiFi4;math_approx_mode=0;fp32_dest_acc_en=1;packer_l1_acc=0;dst_full_sync_en=0;throttle_level=ThrottleLevel::NO_THROTTLE)'; 'distributed_norm_stage': 'DistributedLayerNormStage::NOT_DISTRIBUTED'; 'dtype': 'std::nullopt'; 'eps': '1e-08'; 'fused_activation': 'BasicUnaryWithParam<float>(op_type=UnaryOpType::SILU;param={})'; 'norm_type': 'LayerNormType::RMSNORM'; 'output_mem_config': 'MemoryConfig(memory_layout=TensorMemoryLayout::INTERLEAVED;buffer_type=BufferType::DRAM;shard_spec=std::nullopt;nd_shard_spec=std::nullopt;created_with_nd_shard_spec=0;per_core_allocation=0;range_lockstep_allocation=0)'; 'program_config': 'LayerNormDefaultProgramConfig(legacy_reduction=0;use_welford=0)'}
93,NpHaloDeviceOperation,halo/neighbor-pad CCL,0.256907,,40.0,0.9000013961410661,145[145],34[34],30[30],256[256],1[1],1[1],19140[19140],256[256],{'border_only': 'false'; 'input_pad_h': '0'; 'input_pad_w': '0'; 'np_cluster_axis': '0'; 'np_num_links': '2'; 'np_pad2_left': '1'; 'np_pad2_num_links': '2'; 'np_pad2_right': '1'; 'np_padding_h': '1'; 'np_padding_w': '1'; 'np_ring_size': '4'; 'np_topology': 'Topology::Linear'; 'output_padded': 'false'; 'padding_mode': 'zeros'}
94,Conv3dDeviceOperation,conv3d,6.500583,HiFi2,120.0,0.899999940801658,145[145],34[34],30[30],256[256],145[145],34[34],30[30],256[256],{'compute_kernel_config': 'ComputeKernelConfig(math_fidelity=HiFi2;math_approx_mode=0;fp32_dest_acc_en=1;packer_l1_acc=0;dst_full_sync_en=0;throttle_level=ThrottleLevel::NO_THROTTLE)'; 'config': 'Conv3dConfig(weights_dtype=DataType::BFLOAT16;output_layout=Layout::ROW_MAJOR;T_out_block=1;W_out_block=4;H_out_block=8;C_out_block=256;C_in_block=64;dilation={1; 1; 1};alignment=32;compute_with_storage_grid_size=12-10)'; 'dilation': '{1; 1; 1}'; 'dtype': 'DataType::BFLOAT16'; 'groups': '1'; 'kernel_size': '{3; 3; 3}'; 'logical_h_mask': '0'; 'logical_w_mask': '0'; 'output_channels': '256'; 'output_depth_to_space': '{1; 1; 1}'; 'output_mem_config': 'MemoryConfig(memory_layout=TensorMemoryLayout::INTERLEAVED;buffer_type=BufferType::DRAM;shard_spec=std::nullopt;nd_shard_spec=std::nullopt;created_with_nd_shard_spec=0;per_core_allocation=0;range_lockstep_allocation=0)'; 'output_pad_h': '0'; 'output_pad_w': '0'; 'output_trim_t_front': '0'; 'padding': '{1; 1; 1}'; 'padding_mode': 'replicate'; 'stride': '{1; 1; 1}'}
95,LayerNormDeviceOperation,norm,0.938994,HiFi4,120.0,0.8999999596655847,145[145],34[34],30[30],256[256],145[145],34[34],30[30],256[256],{'compute_kernel_config': 'ComputeKernelConfig(math_fidelity=HiFi4;math_approx_mode=0;fp32_dest_acc_en=1;packer_l1_acc=0;dst_full_sync_en=0;throttle_level=ThrottleLevel::NO_THROTTLE)'; 'distributed_norm_stage': 'DistributedLayerNormStage::NOT_DISTRIBUTED'; 'dtype': 'std::nullopt'; 'eps': '1e-08'; 'fused_activation': 'BasicUnaryWithParam<float>(op_type=UnaryOpType::SILU;param={})'; 'norm_type': 'LayerNormType::RMSNORM'; 'output_mem_config': 'MemoryConfig(memory_layout=TensorMemoryLayout::INTERLEAVED;buffer_type=BufferType::DRAM;shard_spec=std::nullopt;nd_shard_spec=std::nullopt;created_with_nd_shard_spec=0;per_core_allocation=0;range_lockstep_allocation=0)'; 'program_config': 'LayerNormDefaultProgramConfig(legacy_reduction=0;use_welford=0)'}
96,NpHaloDeviceOperation,halo/neighbor-pad CCL,0.39544,,40.0,0.9000002326062836,145[145],34[34],30[30],256[256],1[1],1[1],19140[19140],256[256],{'border_only': 'false'; 'input_pad_h': '0'; 'input_pad_w': '0'; 'np_cluster_axis': '0'; 'np_num_links': '2'; 'np_pad2_left': '1'; 'np_pad2_num_links': '2'; 'np_pad2_right': '1'; 'np_padding_h': '1'; 'np_padding_w': '1'; 'np_ring_size': '4'; 'np_topology': 'Topology::Linear'; 'output_padded': 'false'; 'padding_mode': 'zeros'}
97,Conv3dDeviceOperation,conv3d,6.438228,HiFi2,120.0,0.9000000585383786,145[145],34[34],30[30],256[256],145[145],34[34],30[30],256[256],{'compute_kernel_config': 'ComputeKernelConfig(math_fidelity=HiFi2;math_approx_mode=0;fp32_dest_acc_en=1;packer_l1_acc=0;dst_full_sync_en=0;throttle_level=ThrottleLevel::NO_THROTTLE)'; 'config': 'Conv3dConfig(weights_dtype=DataType::BFLOAT16;output_layout=Layout::ROW_MAJOR;T_out_block=1;W_out_block=4;H_out_block=8;C_out_block=256;C_in_block=64;dilation={1; 1; 1};alignment=32;compute_with_storage_grid_size=12-10)'; 'dilation': '{1; 1; 1}'; 'dtype': 'DataType::BFLOAT16'; 'groups': '1'; 'kernel_size': '{3; 3; 3}'; 'logical_h_mask': '0'; 'logical_w_mask': '0'; 'output_channels': '256'; 'output_depth_to_space': '{1; 1; 1}'; 'output_mem_config': 'MemoryConfig(memory_layout=TensorMemoryLayout::INTERLEAVED;buffer_type=BufferType::DRAM;shard_spec=std::nullopt;nd_shard_spec=std::nullopt;created_with_nd_shard_spec=0;per_core_allocation=0;range_lockstep_allocation=0)'; 'output_pad_h': '0'; 'output_pad_w': '0'; 'output_trim_t_front': '0'; 'padding': '{1; 1; 1}'; 'padding_mode': 'replicate'; 'stride': '{1; 1; 1}'}
98,LayerNormDeviceOperation,norm,0.938354,HiFi4,120.0,0.8999999864404371,145[145],34[34],30[30],256[256],145[145],34[34],30[30],256[256],{'compute_kernel_config': 'ComputeKernelConfig(math_fidelity=HiFi4;math_approx_mode=0;fp32_dest_acc_en=1;packer_l1_acc=0;dst_full_sync_en=0;throttle_level=ThrottleLevel::NO_THROTTLE)'; 'distributed_norm_stage': 'DistributedLayerNormStage::NOT_DISTRIBUTED'; 'dtype': 'std::nullopt'; 'eps': '1e-08'; 'fused_activation': 'BasicUnaryWithParam<float>(op_type=UnaryOpType::SILU;param={})'; 'norm_type': 'LayerNormType::RMSNORM'; 'output_mem_config': 'MemoryConfig(memory_layout=TensorMemoryLayout::INTERLEAVED;buffer_type=BufferType::DRAM;shard_spec=std::nullopt;nd_shard_spec=std::nullopt;created_with_nd_shard_spec=0;per_core_allocation=0;range_lockstep_allocation=0)'; 'program_config': 'LayerNormDefaultProgramConfig(legacy_reduction=0;use_welford=0)'}
99,NpHaloDeviceOperation,halo/neighbor-pad CCL,0.285693,,40.0,0.9,145[145],34[34],30[30],256[256],1[1],1[1],19140[19140],256[256],{'border_only': 'false'; 'input_pad_h': '0'; 'input_pad_w': '0'; 'np_cluster_axis': '0'; 'np_num_links': '2'; 'np_pad2_left': '1'; 'np_pad2_num_links': '2'; 'np_pad2_right': '1'; 'np_padding_h': '1'; 'np_padding_w': '1'; 'np_ring_size': '4'; 'np_topology': 'Topology::Linear'; 'output_padded': 'false'; 'padding_mode': 'zeros'}
100,Conv3dDeviceOperation,conv3d,6.496949,HiFi2,120.0,0.9000000294893825,145[145],34[34],30[30],256[256],145[145],34[34],30[30],256[256],{'compute_kernel_config': 'ComputeKernelConfig(math_fidelity=HiFi2;math_approx_mode=0;fp32_dest_acc_en=1;packer_l1_acc=0;dst_full_sync_en=0;throttle_level=ThrottleLevel::NO_THROTTLE)'; 'config': 'Conv3dConfig(weights_dtype=DataType::BFLOAT16;output_layout=Layout::ROW_MAJOR;T_out_block=1;W_out_block=4;H_out_block=8;C_out_block=256;C_in_block=64;dilation={1; 1; 1};alignment=32;compute_with_storage_grid_size=12-10)'; 'dilation': '{1; 1; 1}'; 'dtype': 'DataType::BFLOAT16'; 'groups': '1'; 'kernel_size': '{3; 3; 3}'; 'logical_h_mask': '0'; 'logical_w_mask': '0'; 'output_channels': '256'; 'output_depth_to_space': '{1; 1; 1}'; 'output_mem_config': 'MemoryConfig(memory_layout=TensorMemoryLayout::INTERLEAVED;buffer_type=BufferType::DRAM;shard_spec=std::nullopt;nd_shard_spec=std::nullopt;created_with_nd_shard_spec=0;per_core_allocation=0;range_lockstep_allocation=0)'; 'output_pad_h': '0'; 'output_pad_w': '0'; 'output_trim_t_front': '0'; 'padding': '{1; 1; 1}'; 'padding_mode': 'replicate'; 'stride': '{1; 1; 1}'}
101,LayerNormDeviceOperation,norm,0.934047,HiFi4,120.0,0.8999999596183503,145[145],34[34],30[30],256[256],145[145],34[34],30[30],256[256],{'compute_kernel_config': 'ComputeKernelConfig(math_fidelity=HiFi4;math_approx_mode=0;fp32_dest_acc_en=1;packer_l1_acc=0;dst_full_sync_en=0;throttle_level=ThrottleLevel::NO_THROTTLE)'; 'distributed_norm_stage': 'DistributedLayerNormStage::NOT_DISTRIBUTED'; 'dtype': 'std::nullopt'; 'eps': '1e-08'; 'fused_activation': 'BasicUnaryWithParam<float>(op_type=UnaryOpType::SILU;param={})'; 'norm_type': 'LayerNormType::RMSNORM'; 'output_mem_config': 'MemoryConfig(memory_layout=TensorMemoryLayout::INTERLEAVED;buffer_type=BufferType::DRAM;shard_spec=std::nullopt;nd_shard_spec=std::nullopt;created_with_nd_shard_spec=0;per_core_allocation=0;range_lockstep_allocation=0)'; 'program_config': 'LayerNormDefaultProgramConfig(legacy_reduction=0;use_welford=0)'}
102,NpHaloDeviceOperation,halo/neighbor-pad CCL,0.476389,,40.0,0.9000005932922379,145[145],34[34],30[30],256[256],1[1],1[1],19140[19140],256[256],{'border_only': 'false'; 'input_pad_h': '0'; 'input_pad_w': '0'; 'np_cluster_axis': '0'; 'np_num_links': '2'; 'np_pad2_left': '1'; 'np_pad2_num_links': '2'; 'np_pad2_right': '1'; 'np_padding_h': '1'; 'np_padding_w': '1'; 'np_ring_size': '4'; 'np_topology': 'Topology::Linear'; 'output_padded': 'false'; 'padding_mode': 'zeros'}
103,Conv3dDeviceOperation,conv3d,6.461386,HiFi2,120.0,0.9,145[145],34[34],30[30],256[256],145[145],34[34],30[30],256[256],{'compute_kernel_config': 'ComputeKernelConfig(math_fidelity=HiFi2;math_approx_mode=0;fp32_dest_acc_en=1;packer_l1_acc=0;dst_full_sync_en=0;throttle_level=ThrottleLevel::NO_THROTTLE)'; 'config': 'Conv3dConfig(weights_dtype=DataType::BFLOAT16;output_layout=Layout::ROW_MAJOR;T_out_block=1;W_out_block=4;H_out_block=8;C_out_block=256;C_in_block=64;dilation={1; 1; 1};alignment=32;compute_with_storage_grid_size=12-10)'; 'dilation': '{1; 1; 1}'; 'dtype': 'DataType::BFLOAT16'; 'groups': '1'; 'kernel_size': '{3; 3; 3}'; 'logical_h_mask': '0'; 'logical_w_mask': '0'; 'output_channels': '256'; 'output_depth_to_space': '{1; 1; 1}'; 'output_mem_config': 'MemoryConfig(memory_layout=TensorMemoryLayout::INTERLEAVED;buffer_type=BufferType::DRAM;shard_spec=std::nullopt;nd_shard_spec=std::nullopt;created_with_nd_shard_spec=0;per_core_allocation=0;range_lockstep_allocation=0)'; 'output_pad_h': '0'; 'output_pad_w': '0'; 'output_trim_t_front': '0'; 'padding': '{1; 1; 1}'; 'padding_mode': 'replicate'; 'stride': '{1; 1; 1}'}
104,LayerNormDeviceOperation,norm,0.934049,HiFi4,120.0,0.9000000540995708,145[145],34[34],30[30],256[256],145[145],34[34],30[30],256[256],{'compute_kernel_config': 'ComputeKernelConfig(math_fidelity=HiFi4;math_approx_mode=0;fp32_dest_acc_en=1;packer_l1_acc=0;dst_full_sync_en=0;throttle_level=ThrottleLevel::NO_THROTTLE)'; 'distributed_norm_stage': 'DistributedLayerNormStage::NOT_DISTRIBUTED'; 'dtype': 'std::nullopt'; 'eps': '1e-08'; 'fused_activation': 'BasicUnaryWithParam<float>(op_type=UnaryOpType::SILU;param={})'; 'norm_type': 'LayerNormType::RMSNORM'; 'output_mem_config': 'MemoryConfig(memory_layout=TensorMemoryLayout::INTERLEAVED;buffer_type=BufferType::DRAM;shard_spec=std::nullopt;nd_shard_spec=std::nullopt;created_with_nd_shard_spec=0;per_core_allocation=0;range_lockstep_allocation=0)'; 'program_config': 'LayerNormDefaultProgramConfig(legacy_reduction=0;use_welford=0)'}
105,NpHaloDeviceOperation,halo/neighbor-pad CCL,0.276476,,40.0,0.9,145[145],34[34],30[30],256[256],1[1],1[1],19140[19140],256[256],{'border_only': 'false'; 'input_pad_h': '0'; 'input_pad_w': '0'; 'np_cluster_axis': '0'; 'np_num_links': '2'; 'np_pad2_left': '1'; 'np_pad2_num_links': '2'; 'np_pad2_right': '1'; 'np_padding_h': '1'; 'np_padding_w': '1'; 'np_ring_size': '4'; 'np_topology': 'Topology::Linear'; 'output_padded': 'false'; 'padding_mode': 'zeros'}
106,Conv3dDeviceOperation,conv3d,6.527512,HiFi2,120.0,0.9000000293974464,145[145],34[34],30[30],256[256],145[145],34[34],30[30],256[256],{'compute_kernel_config': 'ComputeKernelConfig(math_fidelity=HiFi2;math_approx_mode=0;fp32_dest_acc_en=1;packer_l1_acc=0;dst_full_sync_en=0;throttle_level=ThrottleLevel::NO_THROTTLE)'; 'config': 'Conv3dConfig(weights_dtype=DataType::BFLOAT16;output_layout=Layout::ROW_MAJOR;T_out_block=1;W_out_block=4;H_out_block=8;C_out_block=256;C_in_block=64;dilation={1; 1; 1};alignment=32;compute_with_storage_grid_size=12-10)'; 'dilation': '{1; 1; 1}'; 'dtype': 'DataType::BFLOAT16'; 'groups': '1'; 'kernel_size': '{3; 3; 3}'; 'logical_h_mask': '0'; 'logical_w_mask': '0'; 'output_channels': '256'; 'output_depth_to_space': '{1; 1; 1}'; 'output_mem_config': 'MemoryConfig(memory_layout=TensorMemoryLayout::INTERLEAVED;buffer_type=BufferType::DRAM;shard_spec=std::nullopt;nd_shard_spec=std::nullopt;created_with_nd_shard_spec=0;per_core_allocation=0;range_lockstep_allocation=0)'; 'output_pad_h': '0'; 'output_pad_w': '0'; 'output_trim_t_front': '0'; 'padding': '{1; 1; 1}'; 'padding_mode': 'replicate'; 'stride': '{1; 1; 1}'}
107,NpHaloDeviceOperation,halo/neighbor-pad CCL,0.359487,,40.0,0.8999998088937048,145[145],34[34],30[30],256[256],1[1],1[1],19140[19140],256[256],{'border_only': 'false'; 'input_pad_h': '0'; 'input_pad_w': '0'; 'np_cluster_axis': '0'; 'np_num_links': '2'; 'np_pad2_left': '1'; 'np_pad2_num_links': '2'; 'np_pad2_right': '1'; 'np_padding_h': '1'; 'np_padding_w': '1'; 'np_ring_size': '4'; 'np_topology': 'Topology::Linear'; 'output_padded': 'false'; 'padding_mode': 'zeros'}
108,Conv3dDeviceOperation,conv3d,12.659529,HiFi2,120.0,0.9,145[145],34[34],30[30],256[256],145[145],68[68],60[60],128[128],{'compute_kernel_config': 'ComputeKernelConfig(math_fidelity=HiFi2;math_approx_mode=0;fp32_dest_acc_en=1;packer_l1_acc=0;dst_full_sync_en=0;throttle_level=ThrottleLevel::NO_THROTTLE)'; 'config': 'Conv3dConfig(weights_dtype=DataType::BFLOAT16;output_layout=Layout::ROW_MAJOR;T_out_block=1;W_out_block=4;H_out_block=8;C_out_block=256;C_in_block=64;dilation={1; 1; 1};alignment=32;compute_with_storage_grid_size=12-10)'; 'dilation': '{1; 1; 1}'; 'dtype': 'DataType::BFLOAT16'; 'groups': '1'; 'kernel_size': '{3; 3; 3}'; 'logical_h_mask': '0'; 'logical_w_mask': '0'; 'output_channels': '512'; 'output_depth_to_space': '{1; 2; 2}'; 'output_mem_config': 'MemoryConfig(memory_layout=TensorMemoryLayout::INTERLEAVED;buffer_type=BufferType::DRAM;shard_spec=std::nullopt;nd_shard_spec=std::nullopt;created_with_nd_shard_spec=0;per_core_allocation=0;range_lockstep_allocation=0)'; 'output_pad_h': '0'; 'output_pad_w': '0'; 'output_trim_t_front': '0'; 'padding': '{1; 1; 1}'; 'padding_mode': 'replicate'; 'stride': '{1; 1; 1}'}
109,LayerNormDeviceOperation,norm,2.050243,HiFi4,120.0,0.9000000975114113,145[145],68[68],60[60],128[128],145[145],68[68],60[60],128[128],{'compute_kernel_config': 'ComputeKernelConfig(math_fidelity=HiFi4;math_approx_mode=0;fp32_dest_acc_en=1;packer_l1_acc=0;dst_full_sync_en=0;throttle_level=ThrottleLevel::NO_THROTTLE)'; 'distributed_norm_stage': 'DistributedLayerNormStage::NOT_DISTRIBUTED'; 'dtype': 'std::nullopt'; 'eps': '1e-08'; 'fused_activation': 'BasicUnaryWithParam<float>(op_type=UnaryOpType::SILU;param={})'; 'norm_type': 'LayerNormType::RMSNORM'; 'output_mem_config': 'MemoryConfig(memory_layout=TensorMemoryLayout::INTERLEAVED;buffer_type=BufferType::DRAM;shard_spec=std::nullopt;nd_shard_spec=std::nullopt;created_with_nd_shard_spec=0;per_core_allocation=0;range_lockstep_allocation=0)'; 'program_config': 'LayerNormDefaultProgramConfig(legacy_reduction=0;use_welford=0)'}
110,NpHaloDeviceOperation,halo/neighbor-pad CCL,0.463176,,40.0,0.9000004294499605,145[145],68[68],60[60],128[128],1[1],1[1],37700[37700],128[128],{'border_only': 'false'; 'input_pad_h': '0'; 'input_pad_w': '0'; 'np_cluster_axis': '0'; 'np_num_links': '2'; 'np_pad2_left': '1'; 'np_pad2_num_links': '2'; 'np_pad2_right': '1'; 'np_padding_h': '1'; 'np_padding_w': '1'; 'np_ring_size': '4'; 'np_topology': 'Topology::Linear'; 'output_padded': 'false'; 'padding_mode': 'zeros'}
111,Conv3dDeviceOperation,conv3d,8.347201,HiFi2,120.0,0.8999999880211101,145[145],68[68],60[60],128[128],145[145],68[68],60[60],128[128],{'compute_kernel_config': 'ComputeKernelConfig(math_fidelity=HiFi2;math_approx_mode=0;fp32_dest_acc_en=1;packer_l1_acc=0;dst_full_sync_en=0;throttle_level=ThrottleLevel::NO_THROTTLE)'; 'config': 'Conv3dConfig(weights_dtype=DataType::BFLOAT16;output_layout=Layout::ROW_MAJOR;T_out_block=6;W_out_block=8;H_out_block=4;C_out_block=64;C_in_block=128;dilation={1; 1; 1};alignment=32;compute_with_storage_grid_size=12-10)'; 'dilation': '{1; 1; 1}'; 'dtype': 'DataType::BFLOAT16'; 'groups': '1'; 'kernel_size': '{3; 3; 3}'; 'logical_h_mask': '0'; 'logical_w_mask': '0'; 'output_channels': '128'; 'output_depth_to_space': '{1; 1; 1}'; 'output_mem_config': 'MemoryConfig(memory_layout=TensorMemoryLayout::INTERLEAVED;buffer_type=BufferType::DRAM;shard_spec=std::nullopt;nd_shard_spec=std::nullopt;created_with_nd_shard_spec=0;per_core_allocation=0;range_lockstep_allocation=0)'; 'output_pad_h': '0'; 'output_pad_w': '0'; 'output_trim_t_front': '0'; 'padding': '{1; 1; 1}'; 'padding_mode': 'replicate'; 'stride': '{1; 1; 1}'}
112,LayerNormDeviceOperation,norm,2.048228,HiFi4,120.0,0.9000000172351954,145[145],68[68],60[60],128[128],145[145],68[68],60[60],128[128],{'compute_kernel_config': 'ComputeKernelConfig(math_fidelity=HiFi4;math_approx_mode=0;fp32_dest_acc_en=1;packer_l1_acc=0;dst_full_sync_en=0;throttle_level=ThrottleLevel::NO_THROTTLE)'; 'distributed_norm_stage': 'DistributedLayerNormStage::NOT_DISTRIBUTED'; 'dtype': 'std::nullopt'; 'eps': '1e-08'; 'fused_activation': 'BasicUnaryWithParam<float>(op_type=UnaryOpType::SILU;param={})'; 'norm_type': 'LayerNormType::RMSNORM'; 'output_mem_config': 'MemoryConfig(memory_layout=TensorMemoryLayout::INTERLEAVED;buffer_type=BufferType::DRAM;shard_spec=std::nullopt;nd_shard_spec=std::nullopt;created_with_nd_shard_spec=0;per_core_allocation=0;range_lockstep_allocation=0)'; 'program_config': 'LayerNormDefaultProgramConfig(legacy_reduction=0;use_welford=0)'}
113,NpHaloDeviceOperation,halo/neighbor-pad CCL,0.399863,,40.0,0.8999990540962363,145[145],68[68],60[60],128[128],1[1],1[1],37700[37700],128[128],{'border_only': 'false'; 'input_pad_h': '0'; 'input_pad_w': '0'; 'np_cluster_axis': '0'; 'np_num_links': '2'; 'np_pad2_left': '1'; 'np_pad2_num_links': '2'; 'np_pad2_right': '1'; 'np_padding_h': '1'; 'np_padding_w': '1'; 'np_ring_size': '4'; 'np_topology': 'Topology::Linear'; 'output_padded': 'false'; 'padding_mode': 'zeros'}
114,Conv3dDeviceOperation,conv3d,8.675054,HiFi2,120.0,0.9000000345787325,145[145],68[68],60[60],128[128],145[145],68[68],60[60],128[128],{'compute_kernel_config': 'ComputeKernelConfig(math_fidelity=HiFi2;math_approx_mode=0;fp32_dest_acc_en=1;packer_l1_acc=0;dst_full_sync_en=0;throttle_level=ThrottleLevel::NO_THROTTLE)'; 'config': 'Conv3dConfig(weights_dtype=DataType::BFLOAT16;output_layout=Layout::ROW_MAJOR;T_out_block=6;W_out_block=8;H_out_block=4;C_out_block=64;C_in_block=128;dilation={1; 1; 1};alignment=32;compute_with_storage_grid_size=12-10)'; 'dilation': '{1; 1; 1}'; 'dtype': 'DataType::BFLOAT16'; 'groups': '1'; 'kernel_size': '{3; 3; 3}'; 'logical_h_mask': '0'; 'logical_w_mask': '0'; 'output_channels': '128'; 'output_depth_to_space': '{1; 1; 1}'; 'output_mem_config': 'MemoryConfig(memory_layout=TensorMemoryLayout::INTERLEAVED;buffer_type=BufferType::DRAM;shard_spec=std::nullopt;nd_shard_spec=std::nullopt;created_with_nd_shard_spec=0;per_core_allocation=0;range_lockstep_allocation=0)'; 'output_pad_h': '0'; 'output_pad_w': '0'; 'output_trim_t_front': '0'; 'padding': '{1; 1; 1}'; 'padding_mode': 'replicate'; 'stride': '{1; 1; 1}'}
115,LayerNormDeviceOperation,norm,2.049966,HiFi4,120.0,0.9000000677944959,145[145],68[68],60[60],128[128],145[145],68[68],60[60],128[128],{'compute_kernel_config': 'ComputeKernelConfig(math_fidelity=HiFi4;math_approx_mode=0;fp32_dest_acc_en=1;packer_l1_acc=0;dst_full_sync_en=0;throttle_level=ThrottleLevel::NO_THROTTLE)'; 'distributed_norm_stage': 'DistributedLayerNormStage::NOT_DISTRIBUTED'; 'dtype': 'std::nullopt'; 'eps': '1e-08'; 'fused_activation': 'BasicUnaryWithParam<float>(op_type=UnaryOpType::SILU;param={})'; 'norm_type': 'LayerNormType::RMSNORM'; 'output_mem_config': 'MemoryConfig(memory_layout=TensorMemoryLayout::INTERLEAVED;buffer_type=BufferType::DRAM;shard_spec=std::nullopt;nd_shard_spec=std::nullopt;created_with_nd_shard_spec=0;per_core_allocation=0;range_lockstep_allocation=0)'; 'program_config': 'LayerNormDefaultProgramConfig(legacy_reduction=0;use_welford=0)'}
116,NpHaloDeviceOperation,halo/neighbor-pad CCL,0.493779,,40.0,0.8999996133756558,145[145],68[68],60[60],128[128],1[1],1[1],37700[37700],128[128],{'border_only': 'false'; 'input_pad_h': '0'; 'input_pad_w': '0'; 'np_cluster_axis': '0'; 'np_num_links': '2'; 'np_pad2_left': '1'; 'np_pad2_num_links': '2'; 'np_pad2_right': '1'; 'np_padding_h': '1'; 'np_padding_w': '1'; 'np_ring_size': '4'; 'np_topology': 'Topology::Linear'; 'output_padded': 'false'; 'padding_mode': 'zeros'}
117,Conv3dDeviceOperation,conv3d,8.422532,HiFi2,120.0,0.9,145[145],68[68],60[60],128[128],145[145],68[68],60[60],128[128],{'compute_kernel_config': 'ComputeKernelConfig(math_fidelity=HiFi2;math_approx_mode=0;fp32_dest_acc_en=1;packer_l1_acc=0;dst_full_sync_en=0;throttle_level=ThrottleLevel::NO_THROTTLE)'; 'config': 'Conv3dConfig(weights_dtype=DataType::BFLOAT16;output_layout=Layout::ROW_MAJOR;T_out_block=6;W_out_block=8;H_out_block=4;C_out_block=64;C_in_block=128;dilation={1; 1; 1};alignment=32;compute_with_storage_grid_size=12-10)'; 'dilation': '{1; 1; 1}'; 'dtype': 'DataType::BFLOAT16'; 'groups': '1'; 'kernel_size': '{3; 3; 3}'; 'logical_h_mask': '0'; 'logical_w_mask': '0'; 'output_channels': '128'; 'output_depth_to_space': '{1; 1; 1}'; 'output_mem_config': 'MemoryConfig(memory_layout=TensorMemoryLayout::INTERLEAVED;buffer_type=BufferType::DRAM;shard_spec=std::nullopt;nd_shard_spec=std::nullopt;created_with_nd_shard_spec=0;per_core_allocation=0;range_lockstep_allocation=0)'; 'output_pad_h': '0'; 'output_pad_w': '0'; 'output_trim_t_front': '0'; 'padding': '{1; 1; 1}'; 'padding_mode': 'replicate'; 'stride': '{1; 1; 1}'}
118,LayerNormDeviceOperation,norm,2.051507,HiFi4,120.0,0.8999999808591889,145[145],68[68],60[60],128[128],145[145],68[68],60[60],128[128],{'compute_kernel_config': 'ComputeKernelConfig(math_fidelity=HiFi4;math_approx_mode=0;fp32_dest_acc_en=1;packer_l1_acc=0;dst_full_sync_en=0;throttle_level=ThrottleLevel::NO_THROTTLE)'; 'distributed_norm_stage': 'DistributedLayerNormStage::NOT_DISTRIBUTED'; 'dtype': 'std::nullopt'; 'eps': '1e-08'; 'fused_activation': 'BasicUnaryWithParam<float>(op_type=UnaryOpType::SILU;param={})'; 'norm_type': 'LayerNormType::RMSNORM'; 'output_mem_config': 'MemoryConfig(memory_layout=TensorMemoryLayout::INTERLEAVED;buffer_type=BufferType::DRAM;shard_spec=std::nullopt;nd_shard_spec=std::nullopt;created_with_nd_shard_spec=0;per_core_allocation=0;range_lockstep_allocation=0)'; 'program_config': 'LayerNormDefaultProgramConfig(legacy_reduction=0;use_welford=0)'}
119,NpHaloDeviceOperation,halo/neighbor-pad CCL,0.362754,,40.0,0.8999994855940617,145[145],68[68],60[60],128[128],1[1],1[1],37700[37700],128[128],{'border_only': 'false'; 'input_pad_h': '0'; 'input_pad_w': '0'; 'np_cluster_axis': '0'; 'np_num_links': '2'; 'np_pad2_left': '1'; 'np_pad2_num_links': '2'; 'np_pad2_right': '1'; 'np_padding_h': '1'; 'np_padding_w': '1'; 'np_ring_size': '4'; 'np_topology': 'Topology::Linear'; 'output_padded': 'false'; 'padding_mode': 'zeros'}
120,Conv3dDeviceOperation,conv3d,8.44002,HiFi2,120.0,0.8999999886288548,145[145],68[68],60[60],128[128],145[145],68[68],60[60],128[128],{'compute_kernel_config': 'ComputeKernelConfig(math_fidelity=HiFi2;math_approx_mode=0;fp32_dest_acc_en=1;packer_l1_acc=0;dst_full_sync_en=0;throttle_level=ThrottleLevel::NO_THROTTLE)'; 'config': 'Conv3dConfig(weights_dtype=DataType::BFLOAT16;output_layout=Layout::ROW_MAJOR;T_out_block=6;W_out_block=8;H_out_block=4;C_out_block=64;C_in_block=128;dilation={1; 1; 1};alignment=32;compute_with_storage_grid_size=12-10)'; 'dilation': '{1; 1; 1}'; 'dtype': 'DataType::BFLOAT16'; 'groups': '1'; 'kernel_size': '{3; 3; 3}'; 'logical_h_mask': '0'; 'logical_w_mask': '0'; 'output_channels': '128'; 'output_depth_to_space': '{1; 1; 1}'; 'output_mem_config': 'MemoryConfig(memory_layout=TensorMemoryLayout::INTERLEAVED;buffer_type=BufferType::DRAM;shard_spec=std::nullopt;nd_shard_spec=std::nullopt;created_with_nd_shard_spec=0;per_core_allocation=0;range_lockstep_allocation=0)'; 'output_pad_h': '0'; 'output_pad_w': '0'; 'output_trim_t_front': '0'; 'padding': '{1; 1; 1}'; 'padding_mode': 'replicate'; 'stride': '{1; 1; 1}'}
121,LayerNormDeviceOperation,norm,2.051139,HiFi4,120.0,0.9000000383496092,145[145],68[68],60[60],128[128],145[145],68[68],60[60],128[128],{'compute_kernel_config': 'ComputeKernelConfig(math_fidelity=HiFi4;math_approx_mode=0;fp32_dest_acc_en=1;packer_l1_acc=0;dst_full_sync_en=0;throttle_level=ThrottleLevel::NO_THROTTLE)'; 'distributed_norm_stage': 'DistributedLayerNormStage::NOT_DISTRIBUTED'; 'dtype': 'std::nullopt'; 'eps': '1e-08'; 'fused_activation': 'BasicUnaryWithParam<float>(op_type=UnaryOpType::SILU;param={})'; 'norm_type': 'LayerNormType::RMSNORM'; 'output_mem_config': 'MemoryConfig(memory_layout=TensorMemoryLayout::INTERLEAVED;buffer_type=BufferType::DRAM;shard_spec=std::nullopt;nd_shard_spec=std::nullopt;created_with_nd_shard_spec=0;per_core_allocation=0;range_lockstep_allocation=0)'; 'program_config': 'LayerNormDefaultProgramConfig(legacy_reduction=0;use_welford=0)'}
122,NpHaloDeviceOperation,halo/neighbor-pad CCL,0.537003,,40.0,0.8999992880357975,145[145],68[68],60[60],128[128],1[1],1[1],37700[37700],128[128],{'border_only': 'false'; 'input_pad_h': '0'; 'input_pad_w': '0'; 'np_cluster_axis': '0'; 'np_num_links': '2'; 'np_pad2_left': '1'; 'np_pad2_num_links': '2'; 'np_pad2_right': '1'; 'np_padding_h': '1'; 'np_padding_w': '1'; 'np_ring_size': '4'; 'np_topology': 'Topology::Linear'; 'output_padded': 'false'; 'padding_mode': 'zeros'}
123,Conv3dDeviceOperation,conv3d,8.373336,HiFi2,120.0,0.8999999775529027,145[145],68[68],60[60],128[128],145[145],68[68],60[60],128[128],{'compute_kernel_config': 'ComputeKernelConfig(math_fidelity=HiFi2;math_approx_mode=0;fp32_dest_acc_en=1;packer_l1_acc=0;dst_full_sync_en=0;throttle_level=ThrottleLevel::NO_THROTTLE)'; 'config': 'Conv3dConfig(weights_dtype=DataType::BFLOAT16;output_layout=Layout::ROW_MAJOR;T_out_block=6;W_out_block=8;H_out_block=4;C_out_block=64;C_in_block=128;dilation={1; 1; 1};alignment=32;compute_with_storage_grid_size=12-10)'; 'dilation': '{1; 1; 1}'; 'dtype': 'DataType::BFLOAT16'; 'groups': '1'; 'kernel_size': '{3; 3; 3}'; 'logical_h_mask': '0'; 'logical_w_mask': '0'; 'output_channels': '128'; 'output_depth_to_space': '{1; 1; 1}'; 'output_mem_config': 'MemoryConfig(memory_layout=TensorMemoryLayout::INTERLEAVED;buffer_type=BufferType::DRAM;shard_spec=std::nullopt;nd_shard_spec=std::nullopt;created_with_nd_shard_spec=0;per_core_allocation=0;range_lockstep_allocation=0)'; 'output_pad_h': '0'; 'output_pad_w': '0'; 'output_trim_t_front': '0'; 'padding': '{1; 1; 1}'; 'padding_mode': 'replicate'; 'stride': '{1; 1; 1}'}
124,LayerNormDeviceOperation,norm,2.049882,HiFi4,120.0,0.8999999807655097,145[145],68[68],60[60],128[128],145[145],68[68],60[60],128[128],{'compute_kernel_config': 'ComputeKernelConfig(math_fidelity=HiFi4;math_approx_mode=0;fp32_dest_acc_en=1;packer_l1_acc=0;dst_full_sync_en=0;throttle_level=ThrottleLevel::NO_THROTTLE)'; 'distributed_norm_stage': 'DistributedLayerNormStage::NOT_DISTRIBUTED'; 'dtype': 'std::nullopt'; 'eps': '1e-08'; 'fused_activation': 'BasicUnaryWithParam<float>(op_type=UnaryOpType::SILU;param={})'; 'norm_type': 'LayerNormType::RMSNORM'; 'output_mem_config': 'MemoryConfig(memory_layout=TensorMemoryLayout::INTERLEAVED;buffer_type=BufferType::DRAM;shard_spec=std::nullopt;nd_shard_spec=std::nullopt;created_with_nd_shard_spec=0;per_core_allocation=0;range_lockstep_allocation=0)'; 'program_config': 'LayerNormDefaultProgramConfig(legacy_reduction=0;use_welford=0)'}
125,NpHaloDeviceOperation,halo/neighbor-pad CCL,0.338267,,40.0,0.8999994475870603,145[145],68[68],60[60],128[128],1[1],1[1],37700[37700],128[128],{'border_only': 'false'; 'input_pad_h': '0'; 'input_pad_w': '0'; 'np_cluster_axis': '0'; 'np_num_links': '2'; 'np_pad2_left': '1'; 'np_pad2_num_links': '2'; 'np_pad2_right': '1'; 'np_padding_h': '1'; 'np_padding_w': '1'; 'np_ring_size': '4'; 'np_topology': 'Topology::Linear'; 'output_padded': 'false'; 'padding_mode': 'zeros'}
126,Conv3dDeviceOperation,conv3d,8.711064,HiFi2,120.0,0.9,145[145],68[68],60[60],128[128],145[145],68[68],60[60],128[128],{'compute_kernel_config': 'ComputeKernelConfig(math_fidelity=HiFi2;math_approx_mode=0;fp32_dest_acc_en=1;packer_l1_acc=0;dst_full_sync_en=0;throttle_level=ThrottleLevel::NO_THROTTLE)'; 'config': 'Conv3dConfig(weights_dtype=DataType::BFLOAT16;output_layout=Layout::ROW_MAJOR;T_out_block=6;W_out_block=8;H_out_block=4;C_out_block=64;C_in_block=128;dilation={1; 1; 1};alignment=32;compute_with_storage_grid_size=12-10)'; 'dilation': '{1; 1; 1}'; 'dtype': 'DataType::BFLOAT16'; 'groups': '1'; 'kernel_size': '{3; 3; 3}'; 'logical_h_mask': '0'; 'logical_w_mask': '0'; 'output_channels': '128'; 'output_depth_to_space': '{1; 1; 1}'; 'output_mem_config': 'MemoryConfig(memory_layout=TensorMemoryLayout::INTERLEAVED;buffer_type=BufferType::DRAM;shard_spec=std::nullopt;nd_shard_spec=std::nullopt;created_with_nd_shard_spec=0;per_core_allocation=0;range_lockstep_allocation=0)'; 'output_pad_h': '0'; 'output_pad_w': '0'; 'output_trim_t_front': '0'; 'padding': '{1; 1; 1}'; 'padding_mode': 'replicate'; 'stride': '{1; 1; 1}'}
127,LayerNormDeviceOperation,norm,2.051823,HiFi4,120.0,0.9000000186878303,145[145],68[68],60[60],128[128],145[145],68[68],60[60],128[128],{'compute_kernel_config': 'ComputeKernelConfig(math_fidelity=HiFi4;math_approx_mode=0;fp32_dest_acc_en=1;packer_l1_acc=0;dst_full_sync_en=0;throttle_level=ThrottleLevel::NO_THROTTLE)'; 'distributed_norm_stage': 'DistributedLayerNormStage::NOT_DISTRIBUTED'; 'dtype': 'std::nullopt'; 'eps': '1e-08'; 'fused_activation': 'BasicUnaryWithParam<float>(op_type=UnaryOpType::SILU;param={})'; 'norm_type': 'LayerNormType::RMSNORM'; 'output_mem_config': 'MemoryConfig(memory_layout=TensorMemoryLayout::INTERLEAVED;buffer_type=BufferType::DRAM;shard_spec=std::nullopt;nd_shard_spec=std::nullopt;created_with_nd_shard_spec=0;per_core_allocation=0;range_lockstep_allocation=0)'; 'program_config': 'LayerNormDefaultProgramConfig(legacy_reduction=0;use_welford=0)'}
128,NpHaloDeviceOperation,halo/neighbor-pad CCL,0.330576,,40.0,0.9000005613373301,145[145],68[68],60[60],128[128],1[1],1[1],37700[37700],128[128],{'border_only': 'false'; 'input_pad_h': '0'; 'input_pad_w': '0'; 'np_cluster_axis': '0'; 'np_num_links': '2'; 'np_pad2_left': '1'; 'np_pad2_num_links': '2'; 'np_pad2_right': '1'; 'np_padding_h': '1'; 'np_padding_w': '1'; 'np_ring_size': '4'; 'np_topology': 'Topology::Linear'; 'output_padded': 'false'; 'padding_mode': 'zeros'}
129,Conv3dDeviceOperation,conv3d,8.367289,HiFi2,120.0,0.9000000459909991,145[145],68[68],60[60],128[128],145[145],68[68],60[60],128[128],{'compute_kernel_config': 'ComputeKernelConfig(math_fidelity=HiFi2;math_approx_mode=0;fp32_dest_acc_en=1;packer_l1_acc=0;dst_full_sync_en=0;throttle_level=ThrottleLevel::NO_THROTTLE)'; 'config': 'Conv3dConfig(weights_dtype=DataType::BFLOAT16;output_layout=Layout::ROW_MAJOR;T_out_block=6;W_out_block=8;H_out_block=4;C_out_block=64;C_in_block=128;dilation={1; 1; 1};alignment=32;compute_with_storage_grid_size=12-10)'; 'dilation': '{1; 1; 1}'; 'dtype': 'DataType::BFLOAT16'; 'groups': '1'; 'kernel_size': '{3; 3; 3}'; 'logical_h_mask': '0'; 'logical_w_mask': '0'; 'output_channels': '128'; 'output_depth_to_space': '{1; 1; 1}'; 'output_mem_config': 'MemoryConfig(memory_layout=TensorMemoryLayout::INTERLEAVED;buffer_type=BufferType::DRAM;shard_spec=std::nullopt;nd_shard_spec=std::nullopt;created_with_nd_shard_spec=0;per_core_allocation=0;range_lockstep_allocation=0)'; 'output_pad_h': '0'; 'output_pad_w': '0'; 'output_trim_t_front': '0'; 'padding': '{1; 1; 1}'; 'padding_mode': 'replicate'; 'stride': '{1; 1; 1}'}
130,LayerNormDeviceOperation,norm,2.051126,HiFi4,120.0,0.9,145[145],68[68],60[60],128[128],145[145],68[68],60[60],128[128],{'compute_kernel_config': 'ComputeKernelConfig(math_fidelity=HiFi4;math_approx_mode=0;fp32_dest_acc_en=1;packer_l1_acc=0;dst_full_sync_en=0;throttle_level=ThrottleLevel::NO_THROTTLE)'; 'distributed_norm_stage': 'DistributedLayerNormStage::NOT_DISTRIBUTED'; 'dtype': 'std::nullopt'; 'eps': '1e-08'; 'fused_activation': 'BasicUnaryWithParam<float>(op_type=UnaryOpType::SILU;param={})'; 'norm_type': 'LayerNormType::RMSNORM'; 'output_mem_config': 'MemoryConfig(memory_layout=TensorMemoryLayout::INTERLEAVED;buffer_type=BufferType::DRAM;shard_spec=std::nullopt;nd_shard_spec=std::nullopt;created_with_nd_shard_spec=0;per_core_allocation=0;range_lockstep_allocation=0)'; 'program_config': 'LayerNormDefaultProgramConfig(legacy_reduction=0;use_welford=0)'}
131,NpHaloDeviceOperation,halo/neighbor-pad CCL,0.397998,,40.0,0.900000708879663,145[145],68[68],60[60],128[128],1[1],1[1],37700[37700],128[128],{'border_only': 'false'; 'input_pad_h': '0'; 'input_pad_w': '0'; 'np_cluster_axis': '0'; 'np_num_links': '2'; 'np_pad2_left': '1'; 'np_pad2_num_links': '2'; 'np_pad2_right': '1'; 'np_padding_h': '1'; 'np_padding_w': '1'; 'np_ring_size': '4'; 'np_topology': 'Topology::Linear'; 'output_padded': 'false'; 'padding_mode': 'zeros'}
132,Conv3dDeviceOperation,conv3d,8.670487,HiFi2,120.0,0.9000000441495548,145[145],68[68],60[60],128[128],145[145],68[68],60[60],128[128],{'compute_kernel_config': 'ComputeKernelConfig(math_fidelity=HiFi2;math_approx_mode=0;fp32_dest_acc_en=1;packer_l1_acc=0;dst_full_sync_en=0;throttle_level=ThrottleLevel::NO_THROTTLE)'; 'config': 'Conv3dConfig(weights_dtype=DataType::BFLOAT16;output_layout=Layout::ROW_MAJOR;T_out_block=6;W_out_block=8;H_out_block=4;C_out_block=64;C_in_block=128;dilation={1; 1; 1};alignment=32;compute_with_storage_grid_size=12-10)'; 'dilation': '{1; 1; 1}'; 'dtype': 'DataType::BFLOAT16'; 'groups': '1'; 'kernel_size': '{3; 3; 3}'; 'logical_h_mask': '0'; 'logical_w_mask': '0'; 'output_channels': '128'; 'output_depth_to_space': '{1; 1; 1}'; 'output_mem_config': 'MemoryConfig(memory_layout=TensorMemoryLayout::INTERLEAVED;buffer_type=BufferType::DRAM;shard_spec=std::nullopt;nd_shard_spec=std::nullopt;created_with_nd_shard_spec=0;per_core_allocation=0;range_lockstep_allocation=0)'; 'output_pad_h': '0'; 'output_pad_w': '0'; 'output_trim_t_front': '0'; 'padding': '{1; 1; 1}'; 'padding_mode': 'replicate'; 'stride': '{1; 1; 1}'}
133,LayerNormDeviceOperation,norm,2.051719,HiFi4,120.0,0.9000000187532431,145[145],68[68],60[60],128[128],145[145],68[68],60[60],128[128],{'compute_kernel_config': 'ComputeKernelConfig(math_fidelity=HiFi4;math_approx_mode=0;fp32_dest_acc_en=1;packer_l1_acc=0;dst_full_sync_en=0;throttle_level=ThrottleLevel::NO_THROTTLE)'; 'distributed_norm_stage': 'DistributedLayerNormStage::NOT_DISTRIBUTED'; 'dtype': 'std::nullopt'; 'eps': '1e-08'; 'fused_activation': 'BasicUnaryWithParam<float>(op_type=UnaryOpType::SILU;param={})'; 'norm_type': 'LayerNormType::RMSNORM'; 'output_mem_config': 'MemoryConfig(memory_layout=TensorMemoryLayout::INTERLEAVED;buffer_type=BufferType::DRAM;shard_spec=std::nullopt;nd_shard_spec=std::nullopt;created_with_nd_shard_spec=0;per_core_allocation=0;range_lockstep_allocation=0)'; 'program_config': 'LayerNormDefaultProgramConfig(legacy_reduction=0;use_welford=0)'}
134,NpHaloDeviceOperation,halo/neighbor-pad CCL,0.401342,,40.0,0.8999995315259605,145[145],68[68],60[60],128[128],1[1],1[1],37700[37700],128[128],{'border_only': 'false'; 'input_pad_h': '0'; 'input_pad_w': '0'; 'np_cluster_axis': '0'; 'np_num_links': '2'; 'np_pad2_left': '1'; 'np_pad2_num_links': '2'; 'np_pad2_right': '1'; 'np_padding_h': '1'; 'np_padding_w': '1'; 'np_ring_size': '4'; 'np_topology': 'Topology::Linear'; 'output_padded': 'false'; 'padding_mode': 'zeros'}
135,Conv3dDeviceOperation,conv3d,4.649142,HiFi2,120.0,0.8999999569888588,145[145],68[68],60[60],128[128],145[145],68[68],60[60],64[48],{'compute_kernel_config': 'ComputeKernelConfig(math_fidelity=HiFi2;math_approx_mode=0;fp32_dest_acc_en=1;packer_l1_acc=0;dst_full_sync_en=0;throttle_level=ThrottleLevel::NO_THROTTLE)'; 'config': 'Conv3dConfig(weights_dtype=DataType::BFLOAT16;output_layout=Layout::ROW_MAJOR;T_out_block=6;W_out_block=16;H_out_block=2;C_out_block=64;C_in_block=128;dilation={1; 1; 1};alignment=32;compute_with_storage_grid_size=12-10)'; 'dilation': '{1; 1; 1}'; 'dtype': 'DataType::BFLOAT16'; 'groups': '1'; 'kernel_size': '{3; 3; 3}'; 'logical_h_mask': '0'; 'logical_w_mask': '0'; 'output_channels': '48'; 'output_depth_to_space': '{1; 1; 1}'; 'output_mem_config': 'MemoryConfig(memory_layout=TensorMemoryLayout::INTERLEAVED;buffer_type=BufferType::DRAM;shard_spec=std::nullopt;nd_shard_spec=std::nullopt;created_with_nd_shard_spec=0;per_core_allocation=0;range_lockstep_allocation=0)'; 'output_pad_h': '0'; 'output_pad_w': '0'; 'output_trim_t_front': '0'; 'padding': '{1; 1; 1}'; 'padding_mode': 'replicate'; 'stride': '{1; 1; 1}'}
136,ReshapeViewDeviceOperation,layout,16.299719,,120.0,0.9000000245390734,1[1],1[1],591600[591600],64[48],1[1],1[1],7099200[7099200],4[4],{'logical_output_shape': 'Shape([7099200; 4])'; 'output_mem_config': 'MemoryConfig(memory_layout=TensorMemoryLayout::INTERLEAVED;buffer_type=BufferType::DRAM;shard_spec=std::nullopt;nd_shard_spec=std::nullopt;created_with_nd_shard_spec=0;per_core_allocation=0;range_lockstep_allocation=0)'; 'padded_output_shape': 'Shape([7099200; 4])'; 'recreate_mapping_tensor': 'false'; 'sub_core_grid': 'std::nullopt'}
137,PermuteDeviceOperation,layout,29.620289,HiFi4,120.0,0.9000000101279214,60[60],3[3],4[4],4[4],4[4],60[60],4[4],145[145],{'dims': '{0; 4; 2; 6; 3; 5; 1}'; 'output_mem_config': 'MemoryConfig(memory_layout=TensorMemoryLayout::INTERLEAVED;buffer_type=BufferType::DRAM;shard_spec=std::nullopt;nd_shard_spec=std::nullopt;created_with_nd_shard_spec=0;per_core_allocation=0;range_lockstep_allocation=0)'; 'pad_value': '0'}
138,UnaryDeviceOperation,eltwise,1.061707,HiFi4,120.0,0.9000000941175584,3[3],272[272],240[240],145[145],3[3],272[272],240[240],145[145],{'bfp8_pack_precise': 'false'; 'fp32_dest_acc_en': 'false'; 'memory_config': 'MemoryConfig(memory_layout=TensorMemoryLayout::INTERLEAVED;buffer_type=BufferType::DRAM;shard_spec=std::nullopt;nd_shard_spec=std::nullopt;created_with_nd_shard_spec=0;per_core_allocation=0;range_lockstep_allocation=0)'; 'op_chain': '{BasicUnaryWithParam<float; int; unsigned int>(base=BasicUnaryWithParam<float>(op_type=UnaryOpType::CLAMP_TSS;param={-1; 1}))}'; 'output_dtype': 'DataType::BFLOAT16'; 'preserve_fp32_precision': 'false'; 'sub_core_grids': 'std::nullopt'; 'worker_grid': '{[0-0 - 11-9]}'}
139,RgbToYuvDeviceOperation,other,2.65582,HiFi4,120.0,0.9,3[3],272[272],240[240],145[145],1[1],272[272],240[240],145[145],{'coefficients': 'YUVCoefficients(y={32.7405; 64.2765; 12.483; 125.5};cb={-18.8984; -37.1016; 56; 128};cr={56; -46.893; -9.10699; 128})'; 'format': 'YUVFormat::YUV420Planar'; 'output_memory_config': 'MemoryConfig(memory_layout=TensorMemoryLayout::INTERLEAVED;buffer_type=BufferType::DRAM;shard_spec=std::nullopt;nd_shard_spec=std::nullopt;created_with_nd_shard_spec=0;per_core_allocation=0;range_lockstep_allocation=0)'}
