{
  "model": "Qwen/Qwen3-32B",
  "layer": 32,
  "batch": 32,
  "prefill_sequence": 17,
  "precision": "BF16 weights/activations/cache",
  "results": {
    "functional": {
      "prefill_median_ms": 83.36133090779185,
      "prefill_min_ms": 83.24893796816468,
      "prefill_samples_ms": [
        83.40570516884327,
        83.41556414961815,
        83.391850348562,
        83.36665108799934,
        83.36133090779185,
        83.32240814343095,
        83.28184019774199,
        83.26617116108537,
        83.24893796816468,
        83.31482298672199,
        83.4030108526349
      ],
      "traced_decode_mean_ms": 82.09995819814503,
      "traced_decode_iterations": 500,
      "prefill_pcc": 0.998839405843466,
      "decode_pcc": 0.9986940405064663
    },
    "fused": {
      "prefill_median_ms": 83.01033591851592,
      "prefill_min_ms": 82.9773130826652,
      "prefill_samples_ms": [
        83.035031799227,
        82.99799170345068,
        83.18153070285916,
        82.98006793484092,
        82.9773130826652,
        83.01033591851592,
        83.06505996733904,
        82.97810424119234,
        83.01445422694087,
        82.98709196969867,
        83.02408177405596
      ],
      "traced_decode_mean_ms": 81.78823939245194,
      "traced_decode_iterations": 500,
      "prefill_pcc": 0.998839405843466,
      "decode_pcc": 0.9986940405064663
    }
  }
}
