{
  "model": "Qwen/Qwen3-32B",
  "layer": 32,
  "batch": 32,
  "prefill_sequence": 17,
  "precision": "BF16 weights/activations/cache",
  "results": {
    "fused": {
      "prefill_median_ms": 83.01340462639928,
      "prefill_min_ms": 82.91933499276638,
      "prefill_samples_ms": [
        83.05294113233685,
        83.0882778391242,
        83.01340462639928,
        83.02153088152409,
        82.99499936401844,
        83.04548589512706,
        82.98498019576073,
        83.00421666353941,
        82.91933499276638,
        82.97720598056912,
        83.01577996462584
      ],
      "traced_decode_mean_ms": 81.8089653342031,
      "traced_decode_iterations": 200,
      "prefill_passed": true,
      "prefill_pcc": 0.998839405843466,
      "decode_passed": true,
      "decode_pcc": 0.9986940405064663
    },
    "separate_cache": {
      "prefill_median_ms": 83.02454790100455,
      "prefill_min_ms": 82.93607924133539,
      "prefill_samples_ms": [
        83.05362518876791,
        83.01528124138713,
        83.03640084341168,
        83.0801846459508,
        82.97728793695569,
        83.03980808705091,
        83.10774806886911,
        82.99083402380347,
        82.96744897961617,
        83.02454790100455,
        82.93607924133539
      ],
      "traced_decode_mean_ms": 81.80684053571895,
      "traced_decode_iterations": 200,
      "prefill_passed": true,
      "prefill_pcc": 0.998839405843466,
      "decode_passed": true,
      "decode_pcc": 0.9986940405064663
    },
    "uncached_metadata": {
      "prefill_median_ms": 82.99629809334874,
      "prefill_min_ms": 82.93619332835078,
      "prefill_samples_ms": [
        82.99629809334874,
        83.01478298380971,
        83.08381540700793,
        82.97897363081574,
        82.93619332835078,
        82.94829586520791,
        82.97728095203638,
        83.04251497611403,
        83.01575528457761,
        83.01306003704667,
        82.97251211479306
      ],
      "traced_decode_mean_ms": 81.83335639536381,
      "traced_decode_iterations": 200,
      "prefill_passed": true,
      "prefill_pcc": 0.998839405843466,
      "decode_passed": true,
      "decode_pcc": 0.9986940405064663
    },
    "legacy_decode_views": {
      "prefill_median_ms": 82.99065986648202,
      "prefill_min_ms": 82.92450290173292,
      "prefill_samples_ms": [
        83.02154997363687,
        82.99065986648202,
        82.95009285211563,
        83.1225817091763,
        82.9970221966505,
        83.0044262111187,
        82.94845884665847,
        83.04300997406244,
        82.9723346978426,
        82.92450290173292,
        82.92704913765192
      ],
      "traced_decode_mean_ms": 81.78065625485033,
      "traced_decode_iterations": 200,
      "prefill_passed": true,
      "prefill_pcc": 0.998839405843466,
      "decode_passed": true,
      "decode_pcc": 0.9986940405064663
    },
    "legacy_create_heads": {
      "prefill_median_ms": 82.95811107382178,
      "prefill_min_ms": 82.9043579287827,
      "prefill_samples_ms": [
        83.02616141736507,
        82.92889501899481,
        82.95617811381817,
        83.00358755514026,
        82.98184676095843,
        82.95811107382178,
        82.9043579287827,
        82.924276124686,
        82.92363584041595,
        82.95925287529826,
        82.98342023044825
      ],
      "traced_decode_mean_ms": 81.78297285689041,
      "traced_decode_iterations": 200,
      "prefill_passed": true,
      "prefill_pcc": 0.998839405843466,
      "decode_passed": true,
      "decode_pcc": 0.9986940405064663
    },
    "legacy_concat_heads": {
      "prefill_median_ms": 82.97908492386341,
      "prefill_min_ms": 82.93879823759198,
      "prefill_samples_ms": [
        83.02066521719098,
        82.93879823759198,
        82.95810595154762,
        83.09802273288369,
        83.18139100447297,
        82.97908492386341,
        82.98349333927035,
        83.02925992757082,
        82.93880801647902,
        82.95480813831091,
        82.94819621369243
      ],
      "traced_decode_mean_ms": 81.76998097915202,
      "traced_decode_iterations": 200,
      "prefill_passed": true,
      "prefill_pcc": 0.998839405843466,
      "decode_passed": true,
      "decode_pcc": 0.9986940405064663
    },
    "sharded_qk_norm": {
      "prefill_median_ms": 83.00385577604175,
      "prefill_min_ms": 82.93624687939882,
      "prefill_samples_ms": [
        83.06599501520395,
        83.03361292928457,
        83.0060807056725,
        83.01873505115509,
        82.96368923038244,
        82.95706659555435,
        82.94545486569405,
        83.04713806137443,
        82.93624687939882,
        82.98184396699071,
        83.00385577604175
      ],
      "traced_decode_mean_ms": 81.82566764065996,
      "traced_decode_iterations": 200,
      "prefill_passed": true,
      "prefill_pcc": 0.998839405843466,
      "decode_passed": true,
      "decode_pcc": 0.998694438172246
    }
  }
}
