{
  "model": "Qwen/Qwen3-32B",
  "layer": 32,
  "batch": 32,
  "prefill_sequence": 17,
  "precision": "BF16 weights/activations/cache",
  "results": {
    "sharded_qk_norm": {
      "prefill_median_ms": 82.96319702640176,
      "prefill_min_ms": 82.94777618721128,
      "prefill_samples_ms": [
        83.00664881244302,
        82.94777618721128,
        82.96319702640176
      ],
      "traced_decode_mean_ms": 81.82039493694901,
      "traced_decode_iterations": 5,
      "prefill_passed": true,
      "prefill_pcc": 0.998839405843466,
      "decode_passed": true,
      "decode_pcc": 0.998694438172246
    }
  }
}
