{
    "targets": {
        "4U": {
            "prefill_pcc": 0.9180439801757613,
            "decode_pcc": 0.9526383708858326,
            "throughput": 61.55,
            "absolute_margin": 1.0,
            "token_pos": 127
        },
        "6U": {
            "prefill_pcc": 0.9178234022286997,
            "decode_pcc": 0.9478196002988887,
            "throughput": 72,
            "absolute_margin": 2.0,
            "token_pos": 127
        }
    },
    "description": "Targets for 4U and 6U with PCC and throughput metrics."
}
