{
  "batch": 32,
  "inputs": "recorded",
  "results": {
    "dram_all_bfp4_24c_attention_hifi2": {
      "decode_ms": 0.8303207857534289,
      "decode_pcc": 0.9999966603412445,
      "decode_query_pcc": 0.9922204307861329,
      "key_cache_pcc": 0.9963860806469352,
      "options": {
        "decode_matmul_mode": "dram_sharded",
        "dram_mlp_target_cores": 24,
        "prefill_grid_x": 11,
        "prefill_in0_block_w": 8
      },
      "precision_policy": "all_bfp4_attention_hifi2",
      "prefill_ms": 3.271609079092741,
      "prefill_pcc": 0.999982538808874,
      "value_cache_pcc": 0.994553536710655
    },
    "dram_all_bfp4_24c_mlp_hifi2": {
      "decode_ms": 1.1161013087257743,
      "decode_pcc": 0.9999966700149545,
      "decode_query_pcc": 0.9922204307861329,
      "key_cache_pcc": 0.9963860806469352,
      "options": {
        "decode_matmul_mode": "dram_sharded",
        "dram_mlp_target_cores": 24,
        "prefill_grid_x": 11,
        "prefill_in0_block_w": 8
      },
      "precision_policy": "all_bfp4_mlp_hifi2",
      "prefill_ms": 3.5085598938167095,
      "prefill_pcc": 0.9999822874806308,
      "value_cache_pcc": 0.994553536710655
    }
  },
  "sequence_length": 17,
  "weights": "real_layer_20"
}
