{
  "advisor_residual_mode": "legacy_32core",
  "batch": 32,
  "ccl_dtype": "bf16",
  "ccl_mode": "standard",
  "decode_matmul_mode": "dram_sharded",
  "down_target_cores": 24,
  "effective_ccl_topology": "Ring",
  "gate_up_target_cores": 24,
  "generated_at_utc": "2026-07-18T17:50:10.512368+00:00",
  "hardware": "4x Blackhole p300c, mesh 1x4, FABRIC_1D_RING",
  "implementation_sha256": "cc42de2c66ab5ed7f1d9da7d6e842952ad9cdd11e1f59239496ee5856553d16f",
  "iterations_per_sample": 100,
  "multichip_prefill_ms": 2.7772272005677223,
  "multichip_trace_ms": 0.8877037698403001,
  "num_links": 2,
  "o_target_cores": 24,
  "parallel_efficiency": 0.21642428121273252,
  "physical_decode_geometry": {
    "down_grid": [
      8,
      3
    ],
    "down_grid_cores": 24,
    "gate_up_grid": [
      8,
      3
    ],
    "gate_up_grid_cores": 24,
    "mlp_local_width": 5760,
    "mlp_padded_width": 6144,
    "mlp_padding": 384,
    "o_grid": [
      8,
      3
    ],
    "o_grid_cores": 24,
    "o_local_input_width": 768,
    "qkv_grid": [
      8,
      2
    ],
    "qkv_grid_cores": 16,
    "qkv_local_width": 1280,
    "qkv_padded_width": 1536,
    "qkv_padding": 256
  },
  "precision_policy": "bf16_hifi4",
  "prefill_parallel_efficiency": 0.2937045296400936,
  "prefill_samples": [
    3.304183017462492,
    2.796894870698452,
    2.7655051089823246,
    2.700631972402334,
    2.7772272005677223
  ],
  "prefill_speedup": 1.1748181185603743,
  "qkv_target_cores": 16,
  "repo_head": "74b73791498c5e838ebcfb6266c71324424a7bbf",
  "samples": [
    0.8877037698403001,
    0.8878061734139919,
    0.8876668987795711,
    0.88760687969625,
    0.8877604827284813
  ],
  "sequence_length": 17,
  "single_chip_baseline_ms": 0.7684826012700796,
  "single_chip_prefill_ms": 3.2627368345856667,
  "single_chip_provenance": "models/autoports/tiiuae_falcon3_7b_base/doc/optimized_decoder/results/final/final_batch32.json",
  "speedup": 0.8656971248509301,
  "test_sha256": "6298b03bb1ac02b1757927b17fc5b3f3fb9bd67726941fa5e7e20d84b74e0da1",
  "use_packed_mlp": false,
  "weights": "real_layer_14"
}
