OP CODE,OP TYPE,GLOBAL CALL COUNT,DEVICE ID,DEVICE ARCH,ATTRIBUTES,MATH FIDELITY,CORE COUNT,AVAILABLE WORKER CORE COUNT,SUB DEVICE ID,PARALLELIZATION STRATEGY,HOST START TS,HOST END TS,HOST DURATION [ns],DEVICE FW START CYCLE,DEVICE FW END CYCLE,OP TO OP LATENCY [ns],OP TO OP LATENCY BR/NRISC START [ns],DEVICE FW DURATION [ns],DEVICE KERNEL DURATION [ns],DEVICE KERNEL DURATION DM START [ns],DEVICE KERNEL DURATION PER CORE MIN [ns],DEVICE KERNEL DURATION PER CORE MAX [ns],DEVICE KERNEL DURATION PER CORE AVG [ns],DEVICE KERNEL FIRST TO LAST START [ns],DEVICE BRISC KERNEL DURATION [ns],DEVICE NCRISC KERNEL DURATION [ns],DEVICE TRISC0 KERNEL DURATION [ns],DEVICE TRISC1 KERNEL DURATION [ns],DEVICE TRISC2 KERNEL DURATION [ns],DEVICE ERISC KERNEL DURATION [ns],DEVICE COMPUTE CB WAIT FRONT [ns],DEVICE COMPUTE CB RESERVE BACK [ns],DISPATCH TOTAL CQ CMD OP TIME [ns],DISPATCH GO SEND WAIT TIME [ns],INPUT_0_W_PAD[LOGICAL],INPUT_0_Z_PAD[LOGICAL],INPUT_0_Y_PAD[LOGICAL],INPUT_0_X_PAD[LOGICAL],INPUT_0_LAYOUT,INPUT_0_DATATYPE,INPUT_0_MEMORY,INPUT_1_W_PAD[LOGICAL],INPUT_1_Z_PAD[LOGICAL],INPUT_1_Y_PAD[LOGICAL],INPUT_1_X_PAD[LOGICAL],INPUT_1_LAYOUT,INPUT_1_DATATYPE,INPUT_1_MEMORY,INPUT_2_W_PAD[LOGICAL],INPUT_2_Z_PAD[LOGICAL],INPUT_2_Y_PAD[LOGICAL],INPUT_2_X_PAD[LOGICAL],INPUT_2_LAYOUT,INPUT_2_DATATYPE,INPUT_2_MEMORY,OUTPUT_0_W_PAD[LOGICAL],OUTPUT_0_Z_PAD[LOGICAL],OUTPUT_0_Y_PAD[LOGICAL],OUTPUT_0_X_PAD[LOGICAL],OUTPUT_0_LAYOUT,OUTPUT_0_DATATYPE,OUTPUT_0_MEMORY,OUTPUT_1_W_PAD[LOGICAL],OUTPUT_1_Z_PAD[LOGICAL],OUTPUT_1_Y_PAD[LOGICAL],OUTPUT_1_X_PAD[LOGICAL],OUTPUT_1_LAYOUT,OUTPUT_1_DATATYPE,OUTPUT_1_MEMORY,OUTPUT_2_W_PAD[LOGICAL],OUTPUT_2_Z_PAD[LOGICAL],OUTPUT_2_Y_PAD[LOGICAL],OUTPUT_2_X_PAD[LOGICAL],OUTPUT_2_LAYOUT,OUTPUT_2_DATATYPE,OUTPUT_2_MEMORY,METAL TRACE ID,METAL TRACE REPLAY SESSION ID,COMPUTE KERNEL SOURCE,COMPUTE KERNEL HASH,DATA MOVEMENT KERNEL SOURCE,DATA MOVEMENT KERNEL HASH,PROGRAM HASH,PROGRAM CACHE HIT,TENSIX DM 0 MAX KERNEL SIZE [B],TENSIX DM 1 MAX KERNEL SIZE [B],TENSIX COMPUTE 0 MAX KERNEL SIZE [B],TENSIX COMPUTE 1 MAX KERNEL SIZE [B],TENSIX COMPUTE 2 MAX KERNEL SIZE [B],ACTIVE ETH DM 0 MAX KERNEL SIZE [B],ACTIVE ETH DM 1 MAX KERNEL SIZE [B],IDLE ETH DM 0 MAX KERNEL SIZE [B],IDLE ETH DM 1 MAX KERNEL SIZE [B],PM IDEAL [ns],PM COMPUTE [ns],PM BANDWIDTH [ns],PM REQ I BW,PM REQ O BW,PM FPU UTIL (%),NOC UTIL (%),MULTICAST NOC UTIL (%),DRAM BW UTIL (%),DRAM BW UTIL PER CTRL (%),ETH BW UTIL (%),NPE CONG IMPACT (%),TT_DNN_DEVICE_OP_TT_HOST_FUNC [ns]
TilizeWithValPaddingDeviceOperation,tt_dnn_device,1027,3,blackhole,{'enough_space_height': 'true'; 'enough_space_width': 'true'; 'output_dtype': 'DataType::BFLOAT16'; 'output_mem_config': 'MemoryConfig(memory_layout=TensorMemoryLayout::INTERLEAVED;buffer_type=BufferType::DRAM;shard_spec=std::nullopt;nd_shard_spec=std::nullopt;created_with_nd_shard_spec=0)'; 'output_padded_shape': 'Shape([32; 2048])'; 'pad_value': '0'; 'sub_core_grids': 'std::nullopt'; 'use_multicore': 'true'},HiFi4,64,110,,,3898913021,3899009275,96254,3988409852234,3988409858001,0,0,4272,3401,3399,,,,311,3398,2981,3010,227,3044,,,,,,1[1],1[1],1[1],2048[2048],ROW_MAJOR,BFLOAT16,DEV_0_DRAM_INTERLEAVED,,,,,,,,,,,,,,,1[1],1[1],32[1],2048[2048],TILE,BFLOAT16,DEV_0_DRAM_INTERLEAVED,,,,,,,,,,,,,,,,,['ttnn/cpp/ttnn/operations/data_movement/tilize/device/kernels/compute/tilize_wh.cpp'],['tilize_wh/14307883186269081375/'],['ttnn/cpp/ttnn/operations/eltwise/unary/device/kernels/dataflow/writer_unary_interleaved_start_id_wh.cpp'; 'ttnn/cpp/ttnn/operations/data_movement/tilize_with_val_padding/device/kernels/dataflow/reader_unary_pad_multicore_both_dims.cpp'],['writer_unary_interleaved_start_id_wh/4992277251710934477/'; 'reader_unary_pad_multicore_both_dims/16704570900907146508/'],1981937601775885606,False,744,3028,1220,728,1548,0,0,0,0,1,1,1,[],[],0.029,,,,,,,96254
TilizeDeviceOperation,tt_dnn_device,2051,3,blackhole,{'enough_space_height': 'true'; 'enough_space_width': 'true'; 'output_dtype': 'DataType::BFLOAT16'; 'output_mem_config': 'MemoryConfig(memory_layout=TensorMemoryLayout::INTERLEAVED;buffer_type=BufferType::DRAM;shard_spec=std::nullopt;nd_shard_spec=std::nullopt;created_with_nd_shard_spec=0)'; 'sub_core_grids': 'std::nullopt'; 'use_low_perf': 'false'; 'use_multicore': 'true'},HiFi4,64,110,,,4045702741,4045778285,75544,3988608014986,3988608051403,146784569,146784569,26976,25989,25989,,,,165,25989,25444,25466,239,13741,,,,,,1[1],1[1],128[128],2048[2048],ROW_MAJOR,BFLOAT16,DEV_0_DRAM_INTERLEAVED,,,,,,,,,,,,,,,1[1],1[1],128[128],2048[2048],TILE,BFLOAT16,DEV_0_DRAM_INTERLEAVED,,,,,,,,,,,,,,,,,['ttnn/cpp/ttnn/operations/data_movement/tilize/device/kernels/compute/tilize_wh.cpp'],['tilize_wh/4510407878363710737/'],['ttnn/cpp/ttnn/operations/eltwise/unary/device/kernels/dataflow/writer_unary_interleaved_start_id_wh.cpp'; 'ttnn/cpp/ttnn/operations/data_movement/tilize_with_val_padding/device/kernels/dataflow/reader_unary_pad_multicore_both_dims.cpp'],['writer_unary_interleaved_start_id_wh/10562345093094060962/'; 'reader_unary_pad_multicore_both_dims/14053381996748147242/'],17140516520337088125,False,744,3024,1228,788,2116,0,0,0,0,1,1,1,[],[],0.004,,,,,,,75544
TilizeDeviceOperation,tt_dnn_device,3075,3,blackhole,{'enough_space_height': 'true'; 'enough_space_width': 'true'; 'output_dtype': 'DataType::BFLOAT16'; 'output_mem_config': 'MemoryConfig(memory_layout=TensorMemoryLayout::INTERLEAVED;buffer_type=BufferType::DRAM;shard_spec=std::nullopt;nd_shard_spec=std::nullopt;created_with_nd_shard_spec=0)'; 'sub_core_grids': 'std::nullopt'; 'use_low_perf': 'false'; 'use_multicore': 'true'},HiFi4,4,110,,,4050650826,4050703867,53041,3988614663859,3988614667502,4897771,4897771,2699,2087,2087,,,,81,2047,1231,1299,175,1374,,,,,,1[1],1[1],128[128],128[128],ROW_MAJOR,BFLOAT16,DEV_0_DRAM_INTERLEAVED,,,,,,,,,,,,,,,1[1],1[1],128[128],128[128],TILE,BFLOAT16,DEV_0_DRAM_INTERLEAVED,,,,,,,,,,,,,,,,,['ttnn/cpp/ttnn/kernel/compute/tilize.cpp'],['tilize/9207119747511123796/'],['ttnn/cpp/ttnn/operations/eltwise/unary/device/kernels/dataflow/writer_unary_interleaved_start_id.cpp'; 'ttnn/cpp/ttnn/operations/data_movement/tilize/device/kernels/dataflow/reader_unary_stick_layout_split_rows_multicore.cpp'],['writer_unary_interleaved_start_id/12823350331057913928/'; 'reader_unary_stick_layout_split_rows_multicore/5137991844069086675/'],3325616434601753784,False,1000,860,1168,768,2012,0,0,0,0,1,1,1,[],[],0.048,,,,,,,53041
TilizeDeviceOperation,tt_dnn_device,4099,3,blackhole,{'enough_space_height': 'true'; 'enough_space_width': 'true'; 'output_dtype': 'DataType::BFLOAT16'; 'output_mem_config': 'MemoryConfig(memory_layout=TensorMemoryLayout::INTERLEAVED;buffer_type=BufferType::DRAM;shard_spec=std::nullopt;nd_shard_spec=std::nullopt;created_with_nd_shard_spec=0)'; 'sub_core_grids': 'std::nullopt'; 'use_low_perf': 'false'; 'use_multicore': 'true'},HiFi4,4,110,,,4050783369,4050788699,5330,3988614842728,3988614846286,130397,130397,2636,2019,2019,,,,84,1981,1175,1245,179,1309,,,,,,1[1],1[1],128[128],128[128],ROW_MAJOR,BFLOAT16,DEV_0_DRAM_INTERLEAVED,,,,,,,,,,,,,,,1[1],1[1],128[128],128[128],TILE,BFLOAT16,DEV_0_DRAM_INTERLEAVED,,,,,,,,,,,,,,,,,['ttnn/cpp/ttnn/kernel/compute/tilize.cpp'],['tilize/9207119747511123796/'],['ttnn/cpp/ttnn/operations/eltwise/unary/device/kernels/dataflow/writer_unary_interleaved_start_id.cpp'; 'ttnn/cpp/ttnn/operations/data_movement/tilize/device/kernels/dataflow/reader_unary_stick_layout_split_rows_multicore.cpp'],['writer_unary_interleaved_start_id/12823350331057913928/'; 'reader_unary_stick_layout_split_rows_multicore/5137991844069086675/'],3325616434601753784,False,1000,860,1168,768,2012,0,0,0,0,1,1,1,[],[],0.05,,,,,,,5330
LayerNormDeviceOperation,tt_dnn_device,5123,3,blackhole,{'compute_kernel_config': 'ComputeKernelConfig(math_fidelity=HiFi4;math_approx_mode=1;fp32_dest_acc_en=0;packer_l1_acc=0;dst_full_sync_en=0;throttle_level=ThrottleLevel::NO_THROTTLE)'; 'distributed_norm_stage': 'DistributedLayerNormStage::NOT_DISTRIBUTED'; 'dtype': 'std::nullopt'; 'eps': '1e-06'; 'fused_activation': 'std::nullopt'; 'norm_type': 'LayerNormType::RMSNORM'; 'output_mem_config': 'MemoryConfig(memory_layout=TensorMemoryLayout::INTERLEAVED;buffer_type=BufferType::DRAM;shard_spec=std::nullopt;nd_shard_spec=std::nullopt;created_with_nd_shard_spec=0)'; 'program_config': 'LayerNormDefaultProgramConfig(legacy_reduction=0;legacy_rsqrt=0;use_welford=0)'},HiFi4,4,110,,,4055115360,4055189712,74352,3988620691722,3988620727604,4330454,4330653,26579,26045,25921,,,,278,25829,12259,24996,25073,25258,,,,,,1[1],1[1],128[128],2048[2048],TILE,BFLOAT16,DEV_0_DRAM_INTERLEAVED,1[1],1[1],32[1],2048[2048],TILE,BFLOAT16,DEV_0_DRAM_INTERLEAVED,,,,,,,,1[1],1[1],128[128],2048[2048],TILE,BFLOAT16,DEV_0_DRAM_INTERLEAVED,,,,,,,,,,,,,,,,,['ttnn/cpp/ttnn/operations/normalization/layernorm/device/kernels/compute/layernorm.cpp'],['layernorm/2715421386497350779/'],['ttnn/cpp/ttnn/operations/normalization/layernorm/device/kernels/dataflow/writer_unary_interleaved_start_id_blocked.cpp'; 'ttnn/cpp/ttnn/operations/normalization/layernorm/device/kernels/dataflow/reader_unary_interleaved_ln.cpp'],['writer_unary_interleaved_start_id_blocked/7143009526625848983/'; 'reader_unary_interleaved_ln/11410384521337529621/'],3832748771732520303,False,812,1684,3388,2536,3388,0,0,0,0,1,1,1,[],[],0.004,,,,,,,74352
MatmulDeviceOperation,tt_dnn_device,6147,3,blackhole,{'bcast_batch': 'true'; 'compute_kernel_config': 'ComputeKernelConfig(math_fidelity=HiFi2;math_approx_mode=0;fp32_dest_acc_en=0;packer_l1_acc=1;dst_full_sync_en=0;throttle_level=ThrottleLevel::NO_THROTTLE)'; 'global_cb': 'std::nullopt'; 'output_dtype': 'DataType::BFLOAT16'; 'output_mem_config': 'MemoryConfig(memory_layout=TensorMemoryLayout::INTERLEAVED;buffer_type=BufferType::DRAM;shard_spec=std::nullopt;nd_shard_spec=std::nullopt;created_with_nd_shard_spec=0)'; 'output_tile': 'Tile(tile_shape={32; 32};face_shape={16; 16};num_faces=4)'; 'program_config': 'MatmulMultiCoreReuseMultiCastProgramConfig(compute_with_storage_grid_size=8-4;in0_block_w=8;out_subblock_h=1;out_subblock_w=4;out_block_h=1;out_block_w=20;per_core_M=1;per_core_N=20;transpose_mcast=0;fused_activation=std::nullopt;fuse_batch=1;allowed_worker_cores={[0-0 - 7-3]})'; 'sub_device_id': 'std::nullopt'; 'transpose_a': 'false'; 'transpose_b': 'false'; 'untilize_out': 'false'; 'user_core_coord': 'std::nullopt'; 'user_fused_activation': 'std::nullopt'; 'user_run_batched': 'false'},HiFi2,32,110,,,4405117444,4405265165,147721,3989093189313,3989093283937,349971306,349972449,70092,68124,68122,,,,322,68122,50707,64606,64654,65026,,,,,,1[1],1[1],128[128],2048[2048],TILE,BFLOAT16,DEV_0_DRAM_INTERLEAVED,1[1],1[1],2048[2048],5120[5120],TILE,BFLOAT8_B,DEV_0_DRAM_INTERLEAVED,,,,,,,,1[1],1[1],128[128],5120[5120],TILE,BFLOAT16,DEV_0_DRAM_INTERLEAVED,,,,,,,,,,,,,,,,,['ttnn/cpp/ttnn/operations/matmul/device/kernels/compute/bmm_large_block_zm_fused_bias_activation.cpp'],['bmm_large_block_zm_fused_bias_activation/11279566597665634482/'],['ttnn/cpp/ttnn/operations/matmul/device/kernels/dataflow/reader_bmm_tile_layout_in0_receiver.cpp'; 'ttnn/cpp/ttnn/operations/matmul/device/kernels/dataflow/reader_bmm_tile_layout_in1_receiver_writer_padding.cpp'; 'ttnn/cpp/ttnn/operations/matmul/device/kernels/dataflow/reader_bmm_tile_layout_in1_sender_writer_padding.cpp'; 'ttnn/cpp/ttnn/operations/matmul/device/kernels/dataflow/reader_bmm_tile_layout_in0_sender_padding.cpp'],['reader_bmm_tile_layout_in0_receiver/8209686085074394431/'; 'reader_bmm_tile_layout_in1_receiver_writer_padding/18191115999694923320/'; 'reader_bmm_tile_layout_in1_sender_writer_padding/13965577836393192643/'; 'reader_bmm_tile_layout_in0_sender_padding/12936948054949124544/'],16966118361794223275,False,2248,1100,2240,2228,2860,0,0,0,0,19073,8827,19073,[27.48849105834961; 549.7698364257812],[68.72122955322266],12.957,,,,,,,147721
NlpCreateHeadsDeviceOperation,tt_dnn_device,7171,3,blackhole,{'head_dim': '128'; 'num_kv_heads': '4'; 'num_q_heads': '32'; 'output_mem_config': 'MemoryConfig(memory_layout=TensorMemoryLayout::INTERLEAVED;buffer_type=BufferType::DRAM;shard_spec=std::nullopt;nd_shard_spec=std::nullopt;created_with_nd_shard_spec=0)'; 'transpose_k_heads': 'false'},,4,110,,,4407602903,4407654822,51919,3989096540482,3989096631545,2412861,2412861,67454,66850,66850,,,,74,66850,66522,,,,,,,,,1[1],1[1],128[128],5120[5120],TILE,BFLOAT16,DEV_0_DRAM_INTERLEAVED,,,,,,,,,,,,,,,1[1],32[32],128[128],128[128],TILE,BFLOAT16,DEV_0_DRAM_INTERLEAVED,1[1],4[4],128[128],128[128],TILE,BFLOAT16,DEV_0_DRAM_INTERLEAVED,1[1],4[4],128[128],128[128],TILE,BFLOAT16,DEV_0_DRAM_INTERLEAVED,,,[],[],['ttnn/cpp/ttnn/operations/experimental/transformer/nlp_create_qkv_heads/device/kernels/dataflow/writer_tm_tile_layout_nlp_create_qkv_heads.cpp'; 'ttnn/cpp/ttnn/operations/experimental/transformer/nlp_create_qkv_heads/device/kernels/dataflow/reader_tm_tile_layout_nlp_create_qkv_heads.cpp'],['writer_tm_tile_layout_nlp_create_qkv_heads/4852806476994253817/'; 'reader_tm_tile_layout_nlp_create_qkv_heads/17529215431507550100/'],5822307527167485334,False,1344,1104,0,0,0,0,0,0,0,1,1,1,[],[],0.001,,,,,,,51919
RotaryEmbeddingDeviceOperation,tt_dnn_device,8195,3,blackhole,{'compute_kernel_config': 'ComputeKernelConfig(math_fidelity=HiFi4;math_approx_mode=1;fp32_dest_acc_en=0;packer_l1_acc=0;dst_full_sync_en=0;throttle_level=ThrottleLevel::NO_THROTTLE)'; 'output_mem_config': 'MemoryConfig(memory_layout=TensorMemoryLayout::INTERLEAVED;buffer_type=BufferType::DRAM;shard_spec=std::nullopt;nd_shard_spec=std::nullopt;created_with_nd_shard_spec=0)'; 'seq_len': '128'; 'token_idx': 'std::nullopt'},HiFi4,110,110,,,4414624383,4414693495,69112,3989106026101,3989106067013,6960411,6960411,30305,28727,28727,,,,584,28727,28139,28360,28222,28241,,,,,,1[1],32[32],128[128],128[128],TILE,BFLOAT16,DEV_0_DRAM_INTERLEAVED,1[1],1[1],128[128],128[128],TILE,BFLOAT16,DEV_0_DRAM_INTERLEAVED,1[1],1[1],128[128],128[128],TILE,BFLOAT16,DEV_0_DRAM_INTERLEAVED,1[1],32[32],128[128],128[128],TILE,BFLOAT16,DEV_0_DRAM_INTERLEAVED,,,,,,,,,,,,,,,,,['ttnn/cpp/ttnn/operations/experimental/transformer/rotary_embedding/device/kernels/compute/rotary_embedding.cpp'],['rotary_embedding/1679027051022344736/'],['ttnn/cpp/ttnn/operations/experimental/transformer/rotary_embedding/device/kernels/dataflow/writer_rotary_embedding_interleaved_start_id.cpp'; 'ttnn/cpp/ttnn/operations/experimental/transformer/rotary_embedding/device/kernels/dataflow/reader_rotary_embedding_interleaved_start_id.cpp'],['writer_rotary_embedding_interleaved_start_id/17446569591208785328/'; 'reader_rotary_embedding_interleaved_start_id/2259083254108590300/'],11317054064648459670,False,964,2380,3032,1756,2988,0,0,0,0,1,1,1,[],[],0.003,,,,,,,69112
RotaryEmbeddingDeviceOperation,tt_dnn_device,9219,3,blackhole,{'compute_kernel_config': 'ComputeKernelConfig(math_fidelity=HiFi4;math_approx_mode=1;fp32_dest_acc_en=0;packer_l1_acc=0;dst_full_sync_en=0;throttle_level=ThrottleLevel::NO_THROTTLE)'; 'output_mem_config': 'MemoryConfig(memory_layout=TensorMemoryLayout::INTERLEAVED;buffer_type=BufferType::DRAM;shard_spec=std::nullopt;nd_shard_spec=std::nullopt;created_with_nd_shard_spec=0)'; 'seq_len': '128'; 'token_idx': 'std::nullopt'},HiFi4,16,110,,,4414962848,4415003025,40177,3989106476664,3989106488436,304150,304168,8720,8030,7994,,,,365,7951,7407,7616,7533,7499,,,,,,1[1],4[4],128[128],128[128],TILE,BFLOAT16,DEV_0_DRAM_INTERLEAVED,1[1],1[1],128[128],128[128],TILE,BFLOAT16,DEV_0_DRAM_INTERLEAVED,1[1],1[1],128[128],128[128],TILE,BFLOAT16,DEV_0_DRAM_INTERLEAVED,1[1],4[4],128[128],128[128],TILE,BFLOAT16,DEV_0_DRAM_INTERLEAVED,,,,,,,,,,,,,,,,,['ttnn/cpp/ttnn/operations/experimental/transformer/rotary_embedding/device/kernels/compute/rotary_embedding.cpp'],['rotary_embedding/1679027051022344736/'],['ttnn/cpp/ttnn/operations/experimental/transformer/rotary_embedding/device/kernels/dataflow/writer_rotary_embedding_interleaved_start_id.cpp'; 'ttnn/cpp/ttnn/operations/experimental/transformer/rotary_embedding/device/kernels/dataflow/reader_rotary_embedding_interleaved_start_id.cpp'],['writer_rotary_embedding_interleaved_start_id/17446569591208785328/'; 'reader_rotary_embedding_interleaved_start_id/2259083254108590300/'],8054866007483348938,False,964,2380,3000,1728,2964,0,0,0,0,1,1,1,[],[],0.012,,,,,,,40177
TypecastDeviceOperation,tt_dnn_device,10243,3,blackhole,{'bfp8_pack_precise': 'true'; 'fp32_dest_acc_en': 'false'; 'input_dtype': 'DataType::BFLOAT16'; 'output_dtype': 'DataType::BFLOAT8_B'; 'output_memory_config': 'MemoryConfig(memory_layout=TensorMemoryLayout::INTERLEAVED;buffer_type=BufferType::DRAM;shard_spec=std::nullopt;nd_shard_spec=std::nullopt;created_with_nd_shard_spec=0)'; 'preserve_fp32_precision': 'false'; 'sub_core_grids': 'std::nullopt'},HiFi4,64,110,,,4418933851,4418979688,45837,3989111841823,3989111844943,3966809,3966809,2311,1309,1309,,,,141,1304,879,936,228,344,,,,,,1[1],4[4],128[128],128[128],TILE,BFLOAT16,DEV_0_DRAM_INTERLEAVED,,,,,,,,,,,,,,,1[1],4[4],128[128],128[128],TILE,BFLOAT8_B,DEV_0_DRAM_INTERLEAVED,,,,,,,,,,,,,,,,,['ttnn/cpp/ttnn/operations/copy/typecast/device/kernels/compute/eltwise_typecast.cpp'],['eltwise_typecast/8626851877819101223/'],['ttnn/cpp/ttnn/operations/eltwise/unary/device/kernels/dataflow/writer_unary_interleaved_start_id.cpp'; 'ttnn/cpp/ttnn/operations/eltwise/unary/device/kernels/dataflow/reader_unary_interleaved_start_id.cpp'],['writer_unary_interleaved_start_id/7435951775857024602/'; 'reader_unary_interleaved_start_id/3624142063231917361/'],13308452942445515649,False,992,924,1040,740,1120,0,0,0,0,1,1,1,[],[],0.076,,,,,,,45837
TypecastDeviceOperation,tt_dnn_device,11267,3,blackhole,{'bfp8_pack_precise': 'true'; 'fp32_dest_acc_en': 'false'; 'input_dtype': 'DataType::BFLOAT16'; 'output_dtype': 'DataType::BFLOAT8_B'; 'output_memory_config': 'MemoryConfig(memory_layout=TensorMemoryLayout::INTERLEAVED;buffer_type=BufferType::DRAM;shard_spec=std::nullopt;nd_shard_spec=std::nullopt;created_with_nd_shard_spec=0)'; 'preserve_fp32_precision': 'false'; 'sub_core_grids': 'std::nullopt'},HiFi4,64,110,,,4419007932,4419011930,3998,3989111943122,3989111946256,73741,73741,2321,1324,1324,,,,145,1324,883,949,247,329,,,,,,1[1],4[4],128[128],128[128],TILE,BFLOAT16,DEV_0_DRAM_INTERLEAVED,,,,,,,,,,,,,,,1[1],4[4],128[128],128[128],TILE,BFLOAT8_B,DEV_0_DRAM_INTERLEAVED,,,,,,,,,,,,,,,,,['ttnn/cpp/ttnn/operations/copy/typecast/device/kernels/compute/eltwise_typecast.cpp'],['eltwise_typecast/8626851877819101223/'],['ttnn/cpp/ttnn/operations/eltwise/unary/device/kernels/dataflow/writer_unary_interleaved_start_id.cpp'; 'ttnn/cpp/ttnn/operations/eltwise/unary/device/kernels/dataflow/reader_unary_interleaved_start_id.cpp'],['writer_unary_interleaved_start_id/7435951775857024602/'; 'reader_unary_interleaved_start_id/3624142063231917361/'],13308452942445515649,False,992,924,1040,740,1120,0,0,0,0,1,1,1,[],[],0.076,,,,,,,3998
PagedFillCacheDeviceOperation,tt_dnn_device,12291,3,blackhole,{'batch_idx_fallback': '0'; 'block_size_override': 'std::nullopt'; 'cache_position_modulo': 'std::nullopt'; 'mesh_coords': 'std::nullopt'; 'noop': 'false'},,16,110,,,4654299209,4654388339,89130,3989429573892,3989429576405,235354927,235354927,1861,1170,1170,,,,113,1167,662,,,,,,,,,4[4],4[4],32[32],128[128],TILE,BFLOAT8_B,DEV_0_DRAM_INTERLEAVED,1[1],4[4],128[128],128[128],TILE,BFLOAT8_B,DEV_0_DRAM_INTERLEAVED,1[1],1[1],1[1],4[4],ROW_MAJOR,INT32,DEV_0_DRAM_INTERLEAVED,4[4],4[4],32[32],128[128],TILE,BFLOAT8_B,DEV_0_DRAM_INTERLEAVED,,,,,,,,,,,,,,,,,[],[],['ttnn/cpp/ttnn/operations/experimental/paged_cache/device/kernels/dataflow/writer_fill_cache_interleaved.cpp'; 'ttnn/cpp/ttnn/operations/experimental/paged_cache/device/kernels/dataflow/reader_fill_cache_interleaved.cpp'],['writer_fill_cache_interleaved/13054995322355621469/'; 'reader_fill_cache_interleaved/8089887142591081308/'],1267192159500847900,False,1124,696,0,0,0,0,0,0,0,1,1,1,[],[],0.085,,,,,,,89130
PagedFillCacheDeviceOperation,tt_dnn_device,13315,3,blackhole,{'batch_idx_fallback': '0'; 'block_size_override': 'std::nullopt'; 'cache_position_modulo': 'std::nullopt'; 'mesh_coords': 'std::nullopt'; 'noop': 'false'},,16,110,,,4654450467,4654451910,1443,3989429781105,3989429783626,152380,152380,1867,1173,1173,,,,120,1172,654,,,,,,,,,4[4],4[4],32[32],128[128],TILE,BFLOAT8_B,DEV_0_DRAM_INTERLEAVED,1[1],4[4],128[128],128[128],TILE,BFLOAT8_B,DEV_0_DRAM_INTERLEAVED,1[1],1[1],1[1],4[4],ROW_MAJOR,INT32,DEV_0_DRAM_INTERLEAVED,4[4],4[4],32[32],128[128],TILE,BFLOAT8_B,DEV_0_DRAM_INTERLEAVED,,,,,,,,,,,,,,,,,[],[],['ttnn/cpp/ttnn/operations/experimental/paged_cache/device/kernels/dataflow/writer_fill_cache_interleaved.cpp'; 'ttnn/cpp/ttnn/operations/experimental/paged_cache/device/kernels/dataflow/reader_fill_cache_interleaved.cpp'],['writer_fill_cache_interleaved/13054995322355621469/'; 'reader_fill_cache_interleaved/8089887142591081308/'],1267192159500847900,False,1124,696,0,0,0,0,0,0,0,1,1,1,[],[],0.085,,,,,,,1443
SDPAOperation,tt_dnn_device,14339,3,blackhole,{'chunk_start_idx': 'std::nullopt'; 'chunk_start_idx_tensor': 'std::nullopt'; 'compute_kernel_config': 'ComputeKernelConfig(math_fidelity=HiFi2;math_approx_mode=0;fp32_dest_acc_en=0;packer_l1_acc=1;dst_full_sync_en=0;throttle_level=ThrottleLevel::NO_THROTTLE)'; 'head_dim_v': 'std::nullopt'; 'is_causal': 'true'; 'output_mem_config': 'MemoryConfig(memory_layout=TensorMemoryLayout::INTERLEAVED;buffer_type=BufferType::DRAM;shard_spec=std::nullopt;nd_shard_spec=std::nullopt;created_with_nd_shard_spec=0)'; 'program_config': 'SDPAProgramConfig(compute_with_storage_grid_size=8-8;sub_core_grids=std::nullopt;q_chunk_size=32;k_chunk_size=32;exp_approx_mode=0;max_cores_per_head_batch=16)'; 'scale': '0.088388346'; 'sliding_window_size': 'std::nullopt'; 'use_mla': 'false'},HiFi2,64,110,,,5321291344,5321430830,139486,3990330001820,3990330032368,666840181,666840181,22628,21970,21970,,,,482,21863,19921,21280,21336,21284,,,,,,1[1],32[32],128[128],128[128],TILE,BFLOAT16,DEV_0_DRAM_INTERLEAVED,1[1],4[4],128[128],128[128],TILE,BFLOAT16,DEV_0_DRAM_INTERLEAVED,1[1],4[4],128[128],128[128],TILE,BFLOAT16,DEV_0_DRAM_INTERLEAVED,1[1],32[32],128[128],128[128],TILE,BFLOAT16,DEV_0_DRAM_INTERLEAVED,,,,,,,,,,,,,,,,,['ttnn/cpp/ttnn/operations/transformer/sdpa/device/kernels/compute/sdpa.cpp'],['sdpa/2572192997466409054/'],['ttnn/cpp/ttnn/operations/transformer/sdpa/device/kernels/dataflow/writer_interleaved.cpp'; 'ttnn/cpp/ttnn/operations/transformer/sdpa/device/kernels/dataflow/reader_interleaved.cpp'],['writer_interleaved/4188631871610318355/'; 'reader_interleaved/10733115803517833447/'],7266292655307686057,False,1904,1716,7648,6512,6812,0,0,0,0,1907,759,1907,[549.8563232421875; 68.73204040527344; 68.73204040527344],[549.8563232421875],3.455,,,,,,,139486
NLPConcatHeadsDeviceOperation,tt_dnn_device,15363,3,blackhole,{'output_mem_config': 'MemoryConfig(memory_layout=TensorMemoryLayout::INTERLEAVED;buffer_type=BufferType::DRAM;shard_spec=std::nullopt;nd_shard_spec=std::nullopt;created_with_nd_shard_spec=0)'},,4,110,,,5324010690,5324061667,50977,3990333672094,3990333745129,2696688,2696688,54100,53493,53493,,,,74,53491,53230,,,,,,,,,1[1],32[32],128[128],128[128],TILE,BFLOAT16,DEV_0_DRAM_INTERLEAVED,,,,,,,,,,,,,,,1[1],1[1],128[128],4096[4096],TILE,BFLOAT16,DEV_0_DRAM_INTERLEAVED,,,,,,,,,,,,,,,,,[],[],['ttnn/cpp/ttnn/operations/eltwise/unary/device/kernels/dataflow/writer_unary_interleaved_start_id.cpp'; 'ttnn/cpp/ttnn/operations/experimental/transformer/nlp_concat_heads/device/kernels/dataflow/reader_tm_tile_layout_nlp_concat_heads.cpp'],['writer_unary_interleaved_start_id/7768588342143663468/'; 'reader_tm_tile_layout_nlp_concat_heads/4952854910287368570/'],18111044661240681667,False,1000,808,0,0,0,0,0,0,0,1,1,1,[],[],0.002,,,,,,,50977
MatmulDeviceOperation,tt_dnn_device,16387,3,blackhole,{'bcast_batch': 'true'; 'compute_kernel_config': 'ComputeKernelConfig(math_fidelity=HiFi2;math_approx_mode=0;fp32_dest_acc_en=0;packer_l1_acc=1;dst_full_sync_en=0;throttle_level=ThrottleLevel::NO_THROTTLE)'; 'global_cb': 'std::nullopt'; 'output_dtype': 'DataType::BFLOAT16'; 'output_mem_config': 'MemoryConfig(memory_layout=TensorMemoryLayout::INTERLEAVED;buffer_type=BufferType::DRAM;shard_spec=std::nullopt;nd_shard_spec=std::nullopt;created_with_nd_shard_spec=0)'; 'output_tile': 'Tile(tile_shape={32; 32};face_shape={16; 16};num_faces=4)'; 'program_config': 'MatmulMultiCoreReuseMultiCastProgramConfig(compute_with_storage_grid_size=8-4;in0_block_w=8;out_subblock_h=1;out_subblock_w=4;out_block_h=1;out_block_w=8;per_core_M=1;per_core_N=8;transpose_mcast=0;fused_activation=std::nullopt;fuse_batch=1;allowed_worker_cores={[0-0 - 7-3]})'; 'sub_device_id': 'std::nullopt'; 'transpose_a': 'false'; 'transpose_b': 'false'; 'untilize_out': 'false'; 'user_core_coord': 'std::nullopt'; 'user_fused_activation': 'std::nullopt'; 'user_run_batched': 'false'},HiFi2,32,110,,,5676247024,5676369448,122424,3990809189638,3990809270908,352180802,352185280,60200,58270,58270,,,,166,58270,50287,55454,55520,55894,,,,,,1[1],1[1],128[128],4096[4096],TILE,BFLOAT16,DEV_0_DRAM_INTERLEAVED,1[1],1[1],4096[4096],2048[2048],TILE,BFLOAT8_B,DEV_0_DRAM_INTERLEAVED,,,,,,,,1[1],1[1],128[128],2048[2048],TILE,BFLOAT16,DEV_0_DRAM_INTERLEAVED,,,,,,,,,,,,,,,,,['ttnn/cpp/ttnn/operations/matmul/device/kernels/compute/bmm_large_block_zm_fused_bias_activation.cpp'],['bmm_large_block_zm_fused_bias_activation/7072389393597137425/'],['ttnn/cpp/ttnn/operations/matmul/device/kernels/dataflow/reader_bmm_tile_layout_in0_receiver.cpp'; 'ttnn/cpp/ttnn/operations/matmul/device/kernels/dataflow/reader_bmm_tile_layout_in1_receiver_writer_padding.cpp'; 'ttnn/cpp/ttnn/operations/matmul/device/kernels/dataflow/reader_bmm_tile_layout_in1_sender_writer_padding.cpp'; 'ttnn/cpp/ttnn/operations/matmul/device/kernels/dataflow/reader_bmm_tile_layout_in0_sender_padding.cpp'],['reader_bmm_tile_layout_in0_receiver/14452891187310003991/'; 'reader_bmm_tile_layout_in1_receiver_writer_padding/15074590070681200133/'; 'reader_bmm_tile_layout_in1_sender_writer_padding/11136411912187690247/'; 'reader_bmm_tile_layout_in0_sender_padding/8645537787644131761/'],933639730069177055,False,2148,1096,2232,2232,2876,0,0,0,0,15258,7062,15258,[68.72303009033203; 549.7842407226562],[34.361515045166016],12.119,,,,,,,122424
MatmulDeviceOperation,tt_dnn_device,17411,3,blackhole,{'bcast_batch': 'true'; 'compute_kernel_config': 'ComputeKernelConfig(math_fidelity=LoFi;math_approx_mode=0;fp32_dest_acc_en=0;packer_l1_acc=1;dst_full_sync_en=0;throttle_level=ThrottleLevel::NO_THROTTLE)'; 'global_cb': 'std::nullopt'; 'output_dtype': 'DataType::BFLOAT16'; 'output_mem_config': 'MemoryConfig(memory_layout=TensorMemoryLayout::INTERLEAVED;buffer_type=BufferType::DRAM;shard_spec=std::nullopt;nd_shard_spec=std::nullopt;created_with_nd_shard_spec=0)'; 'output_tile': 'Tile(tile_shape={32; 32};face_shape={16; 16};num_faces=4)'; 'program_config': 'MatmulMultiCoreReuseMultiCastProgramConfig(compute_with_storage_grid_size=8-4;in0_block_w=8;out_subblock_h=1;out_subblock_w=4;out_block_h=1;out_block_w=24;per_core_M=1;per_core_N=24;transpose_mcast=0;fused_activation=std::nullopt;fuse_batch=1;allowed_worker_cores={[0-0 - 7-3]})'; 'sub_device_id': 'std::nullopt'; 'transpose_a': 'false'; 'transpose_b': 'false'; 'untilize_out': 'false'; 'user_core_coord': 'std::nullopt'; 'user_fused_activation': 'std::nullopt'; 'user_run_batched': 'false'},LoFi,32,110,,,6035200257,6035330556,130299,3991293767306,3991293878028,358887486,358889646,82016,80088,80087,,,,160,80083,56699,73641,73587,73814,,,,,,1[1],1[1],128[128],2048[2048],TILE,BFLOAT16,DEV_0_DRAM_INTERLEAVED,1[1],1[1],2048[2048],6144[6144],TILE,BFLOAT8_B,DEV_0_DRAM_INTERLEAVED,,,,,,,,1[1],1[1],128[128],6144[6144],TILE,BFLOAT16,DEV_0_DRAM_INTERLEAVED,,,,,,,,,,,,,,,,,['ttnn/cpp/ttnn/operations/matmul/device/kernels/compute/bmm_large_block_zm_fused_bias_activation.cpp'],['bmm_large_block_zm_fused_bias_activation/11032949867959870100/'],['ttnn/cpp/ttnn/operations/matmul/device/kernels/dataflow/reader_bmm_tile_layout_in0_receiver.cpp'; 'ttnn/cpp/ttnn/operations/matmul/device/kernels/dataflow/reader_bmm_tile_layout_in1_receiver_writer_padding.cpp'; 'ttnn/cpp/ttnn/operations/matmul/device/kernels/dataflow/reader_bmm_tile_layout_in1_sender_writer_padding.cpp'; 'ttnn/cpp/ttnn/operations/matmul/device/kernels/dataflow/reader_bmm_tile_layout_in0_sender_padding.cpp'],['reader_bmm_tile_layout_in0_receiver/8209686085074394431/'; 'reader_bmm_tile_layout_in1_receiver_writer_padding/11515338298374113047/'; 'reader_bmm_tile_layout_in1_sender_writer_padding/5430861264524456975/'; 'reader_bmm_tile_layout_in0_sender_padding/12936948054949124544/'],850242148949112058,False,2176,1100,2240,2060,2860,0,0,0,0,22888,5297,22888,[22.906675338745117; 549.76025390625],[68.72003173828125],6.614,,,,,,,130299
SliceDeviceOperation,tt_dnn_device,18435,3,blackhole,{'num_devices': 'std::nullopt'; 'output_mem_config': 'MemoryConfig(memory_layout=TensorMemoryLayout::INTERLEAVED;buffer_type=BufferType::DRAM;shard_spec=std::nullopt;nd_shard_spec=std::nullopt;created_with_nd_shard_spec=0)'; 'slice_dim': 'std::nullopt'; 'slice_end': 'Shape([1; 1; 128; 3072])'; 'slice_start': 'Shape([0; 0; 0; 0])'; 'step': 'Shape([1; 1; 1; 1])'; 'sub_core_grids': 'std::nullopt'; 'use_tensor_args': 'false'},,110,110,,,6037754809,6037822878,68069,3991297217850,3991297225522,2474301,2474301,5683,5101,5101,,,,167,5101,4824,,,,,,,,,1[1],1[1],128[128],6144[6144],TILE,BFLOAT16,DEV_0_DRAM_INTERLEAVED,,,,,,,,,,,,,,,1[1],1[1],128[128],3072[3072],TILE,BFLOAT16,DEV_0_DRAM_INTERLEAVED,,,,,,,,,,,,,,,,,[],[],['ttnn/cpp/ttnn/operations/data_movement/slice/device/kernels/dataflow/writer_unary_interleaved_start_id.cpp'; 'ttnn/cpp/ttnn/operations/data_movement/slice/device/kernels/dataflow/reader_unary_unpad_dims_interleaved_start_id.cpp'],['writer_unary_interleaved_start_id/11396476643056635318/'; 'reader_unary_unpad_dims_interleaved_start_id/15985850001773238796/'],6465939008932021591,False,680,716,0,0,0,0,0,0,0,2861,2763,2861,[549.76025390625],[274.880126953125],54.166,,,,,,,68069
SliceDeviceOperation,tt_dnn_device,19459,3,blackhole,{'num_devices': 'std::nullopt'; 'output_mem_config': 'MemoryConfig(memory_layout=TensorMemoryLayout::INTERLEAVED;buffer_type=BufferType::DRAM;shard_spec=std::nullopt;nd_shard_spec=std::nullopt;created_with_nd_shard_spec=0)'; 'slice_dim': 'std::nullopt'; 'slice_end': 'Shape([1; 1; 128; 6144])'; 'slice_start': 'Shape([0; 0; 0; 3072])'; 'step': 'Shape([1; 1; 1; 1])'; 'sub_core_grids': 'std::nullopt'; 'use_tensor_args': 'false'},,110,110,,,6038171874,6038214736,42862,3991297782635,3991297790517,413274,413274,5839,5255,5255,,,,174,5250,4990,,,,,,,,,1[1],1[1],128[128],6144[6144],TILE,BFLOAT16,DEV_0_DRAM_INTERLEAVED,,,,,,,,,,,,,,,1[1],1[1],128[128],3072[3072],TILE,BFLOAT16,DEV_0_DRAM_INTERLEAVED,,,,,,,,,,,,,,,,,[],[],['ttnn/cpp/ttnn/operations/data_movement/slice/device/kernels/dataflow/writer_unary_interleaved_start_id.cpp'; 'ttnn/cpp/ttnn/operations/data_movement/slice/device/kernels/dataflow/reader_unary_unpad_dims_interleaved_start_id.cpp'],['writer_unary_interleaved_start_id/11396476643056635318/'; 'reader_unary_unpad_dims_interleaved_start_id/15985850001773238796/'],371952100256401507,False,680,716,0,0,0,0,0,0,0,2861,2763,2861,[549.76025390625],[274.880126953125],52.578,,,,,,,42862
UnaryDeviceOperation,tt_dnn_device,20483,3,blackhole,{'bfp8_pack_precise': 'false'; 'fp32_dest_acc_en': 'false'; 'memory_config': 'MemoryConfig(memory_layout=TensorMemoryLayout::INTERLEAVED;buffer_type=BufferType::DRAM;shard_spec=std::nullopt;nd_shard_spec=std::nullopt;created_with_nd_shard_spec=0)'; 'op_chain': '{BasicUnaryWithParam<float; int; unsigned int>(base=BasicUnaryWithParam<float>(op_type=UnaryOpType::SILU;param={}))}'; 'output_dtype': 'DataType::BFLOAT16'; 'preserve_fp32_precision': 'false'; 'sub_core_grids': 'std::nullopt'; 'worker_grid': '{[0-0 - 10-9]}'},HiFi4,110,110,,,6042372935,6042451114,78179,3991303452805,3991303462369,4195181,4195181,7084,6499,6499,,,,178,6476,3859,3896,5900,4949,,,,,,1[1],1[1],128[128],3072[3072],TILE,BFLOAT16,DEV_0_DRAM_INTERLEAVED,,,,,,,,,,,,,,,1[1],1[1],128[128],3072[3072],TILE,BFLOAT16,DEV_0_DRAM_INTERLEAVED,,,,,,,,,,,,,,,,,['ttnn/cpp/ttnn/operations/eltwise/unary/device/kernels/compute/eltwise_sfpu.cpp'],['eltwise_sfpu/17685734430554596604/'],['ttnn/cpp/ttnn/operations/eltwise/unary/device/kernels/dataflow/writer_unary.cpp'; 'ttnn/cpp/ttnn/operations/eltwise/unary/device/kernels/dataflow/reader_unary.cpp'],['writer_unary/17308908021593325674/'; 'reader_unary/7914283486036039746/'],3057122495497861903,False,1000,924,1060,1284,1260,0,0,0,0,1,1,1,[],[],0.015,,,,,,,78179
BinaryNgDeviceOperation,tt_dnn_device,21507,3,blackhole,{'atol': '0'; 'binary_op_type': 'BinaryOpType::MUL'; 'compute_kernel_config': 'std::nullopt'; 'dtype': 'DataType::BFLOAT16'; 'equal_nan': 'false'; 'input_dtype': 'DataType::BFLOAT16'; 'input_layout_a': 'Layout::TILE'; 'input_layout_b': 'Layout::TILE'; 'is_quant_op': 'false'; 'is_sfpu': 'true'; 'is_where_op': 'false'; 'lhs_activations': '{}'; 'memory_config': 'MemoryConfig(memory_layout=TensorMemoryLayout::INTERLEAVED;buffer_type=BufferType::DRAM;shard_spec=std::nullopt;nd_shard_spec=std::nullopt;created_with_nd_shard_spec=0)'; 'output_layout': 'Layout::TILE'; 'post_activations': '{}'; 'rhs_activations': '{}'; 'rtol': '0'; 'scalar': 'std::nullopt'; 'sub_core_grids': 'std::nullopt'; 'sub_device_id': 'std::nullopt'; 'subtile_broadcast_type': 'SubtileBroadcastType::NONE'; 'worker_grid': '{[0-0 - 10-9]}'},HiFi4,110,110,,,6046668266,6046741856,73590,3991309252491,3991309265298,4289411,4289411,9487,8893,8893,,,,183,8879,7919,7965,8473,7799,,,,,,1[1],1[1],128[128],3072[3072],TILE,BFLOAT16,DEV_0_DRAM_INTERLEAVED,1[1],1[1],128[128],3072[3072],TILE,BFLOAT16,DEV_0_DRAM_INTERLEAVED,,,,,,,,1[1],1[1],128[128],3072[3072],TILE,BFLOAT16,DEV_0_DRAM_INTERLEAVED,,,,,,,,,,,,,,,,,['ttnn/cpp/ttnn/operations/eltwise/binary_ng/device/kernels/compute/eltwise_binary_sfpu_no_bcast.cpp'],['eltwise_binary_sfpu_no_bcast/5506180665876100763/'],['ttnn/cpp/ttnn/operations/eltwise/binary_ng/device/kernels_ng/dataflow/writer_interleaved_no_bcast.cpp'; 'ttnn/cpp/ttnn/operations/eltwise/binary_ng/device/kernels_ng/dataflow/reader_interleaved_no_bcast.cpp'],['writer_interleaved_no_bcast/13786176872452774081/'; 'reader_interleaved_no_bcast/13696495097517312790/'],1543498124224426579,False,1120,1644,1456,1200,1292,0,0,0,0,1,1,1,[],[],0.011,,,,,,,73590
MatmulDeviceOperation,tt_dnn_device,22531,3,blackhole,{'bcast_batch': 'true'; 'compute_kernel_config': 'ComputeKernelConfig(math_fidelity=LoFi;math_approx_mode=0;fp32_dest_acc_en=0;packer_l1_acc=1;dst_full_sync_en=0;throttle_level=ThrottleLevel::NO_THROTTLE)'; 'global_cb': 'std::nullopt'; 'output_dtype': 'DataType::BFLOAT16'; 'output_mem_config': 'MemoryConfig(memory_layout=TensorMemoryLayout::INTERLEAVED;buffer_type=BufferType::DRAM;shard_spec=std::nullopt;nd_shard_spec=std::nullopt;created_with_nd_shard_spec=0)'; 'output_tile': 'Tile(tile_shape={32; 32};face_shape={16; 16};num_faces=4)'; 'program_config': 'MatmulMultiCoreReuseMultiCastProgramConfig(compute_with_storage_grid_size=8-4;in0_block_w=8;out_subblock_h=1;out_subblock_w=4;out_block_h=1;out_block_w=8;per_core_M=1;per_core_N=8;transpose_mcast=0;fused_activation=std::nullopt;fuse_batch=1;allowed_worker_cores={[0-0 - 7-3]})'; 'sub_device_id': 'std::nullopt'; 'transpose_a': 'false'; 'transpose_b': 'false'; 'untilize_out': 'false'; 'user_core_coord': 'std::nullopt'; 'user_fused_activation': 'std::nullopt'; 'user_run_batched': 'false'},LoFi,32,110,,,6478370637,6478500906,130269,3991892038699,3991892101405,431689545,431688476,46449,44490,44481,,,,159,44479,36036,41484,41433,41659,,,,,,1[1],1[1],128[128],3072[3072],TILE,BFLOAT16,DEV_0_DRAM_INTERLEAVED,1[1],1[1],3072[3072],2048[2048],TILE,BFLOAT8_B,DEV_0_DRAM_INTERLEAVED,,,,,,,,1[1],1[1],128[128],2048[2048],TILE,BFLOAT16,DEV_0_DRAM_INTERLEAVED,,,,,,,,,,,,,,,,,['ttnn/cpp/ttnn/operations/matmul/device/kernels/compute/bmm_large_block_zm_fused_bias_activation.cpp'],['bmm_large_block_zm_fused_bias_activation/3732665041835628929/'],['ttnn/cpp/ttnn/operations/matmul/device/kernels/dataflow/reader_bmm_tile_layout_in0_receiver.cpp'; 'ttnn/cpp/ttnn/operations/matmul/device/kernels/dataflow/reader_bmm_tile_layout_in1_receiver_writer_padding.cpp'; 'ttnn/cpp/ttnn/operations/matmul/device/kernels/dataflow/reader_bmm_tile_layout_in1_sender_writer_padding.cpp'; 'ttnn/cpp/ttnn/operations/matmul/device/kernels/dataflow/reader_bmm_tile_layout_in0_sender_padding.cpp'],['reader_bmm_tile_layout_in0_receiver/8620986331893732256/'; 'reader_bmm_tile_layout_in1_receiver_writer_padding/14151432866137002661/'; 'reader_bmm_tile_layout_in1_sender_writer_padding/17016121509217527020/'; 'reader_bmm_tile_layout_in0_sender_padding/11810729734625560403/'],7706783907571994069,False,2156,1100,2232,2088,2876,0,0,0,0,11444,2649,11444,[68.72003173828125; 549.76025390625],[45.813350677490234],5.954,,,,,,,130269
BinaryNgDeviceOperation,tt_dnn_device,23555,3,blackhole,{'atol': '0'; 'binary_op_type': 'BinaryOpType::ADD'; 'compute_kernel_config': 'std::nullopt'; 'dtype': 'DataType::BFLOAT16'; 'equal_nan': 'false'; 'input_dtype': 'DataType::BFLOAT16'; 'input_layout_a': 'Layout::TILE'; 'input_layout_b': 'Layout::TILE'; 'is_quant_op': 'false'; 'is_sfpu': 'false'; 'is_where_op': 'false'; 'lhs_activations': '{}'; 'memory_config': 'MemoryConfig(memory_layout=TensorMemoryLayout::INTERLEAVED;buffer_type=BufferType::DRAM;shard_spec=std::nullopt;nd_shard_spec=std::nullopt;created_with_nd_shard_spec=0)'; 'output_layout': 'Layout::TILE'; 'post_activations': '{}'; 'rhs_activations': '{}'; 'rtol': '0'; 'scalar': 'std::nullopt'; 'sub_core_grids': 'std::nullopt'; 'sub_device_id': 'std::nullopt'; 'subtile_broadcast_type': 'SubtileBroadcastType::NONE'; 'worker_grid': '{[0-0 - 10-9]}'},HiFi4,110,110,,,6482014737,6482099117,84380,3991896961046,3991896969275,3600657,3600467,6096,5499,5495,,,,173,5484,5090,5061,323,4375,,,,,,1[1],1[1],128[128],2048[2048],TILE,BFLOAT16,DEV_0_DRAM_INTERLEAVED,1[1],1[1],128[128],2048[2048],TILE,BFLOAT16,DEV_0_DRAM_INTERLEAVED,,,,,,,,1[1],1[1],128[128],2048[2048],TILE,BFLOAT16,DEV_0_DRAM_INTERLEAVED,,,,,,,,,,,,,,,,,['ttnn/cpp/ttnn/operations/eltwise/binary_ng/device/kernels/compute/eltwise_binary_no_bcast.cpp'],['eltwise_binary_no_bcast/7702167649156508193/'],['ttnn/cpp/ttnn/operations/eltwise/binary_ng/device/kernels_ng/dataflow/writer_interleaved_no_bcast.cpp'; 'ttnn/cpp/ttnn/operations/eltwise/binary_ng/device/kernels_ng/dataflow/reader_interleaved_no_bcast.cpp'],['writer_interleaved_no_bcast/13786176872452774081/'; 'reader_interleaved_no_bcast/13696495097517312790/'],1295168523863076379,False,1120,1644,1308,768,1292,0,0,0,0,1,1,1,[],[],0.018,,,,,,,84380
BinaryNgDeviceOperation,tt_dnn_device,24579,3,blackhole,{'atol': '0'; 'binary_op_type': 'BinaryOpType::ADD'; 'compute_kernel_config': 'std::nullopt'; 'dtype': 'DataType::BFLOAT16'; 'equal_nan': 'false'; 'input_dtype': 'DataType::BFLOAT16'; 'input_layout_a': 'Layout::TILE'; 'input_layout_b': 'Layout::TILE'; 'is_quant_op': 'false'; 'is_sfpu': 'false'; 'is_where_op': 'false'; 'lhs_activations': '{}'; 'memory_config': 'MemoryConfig(memory_layout=TensorMemoryLayout::INTERLEAVED;buffer_type=BufferType::DRAM;shard_spec=std::nullopt;nd_shard_spec=std::nullopt;created_with_nd_shard_spec=0)'; 'output_layout': 'Layout::TILE'; 'post_activations': '{}'; 'rhs_activations': '{}'; 'rtol': '0'; 'scalar': 'std::nullopt'; 'sub_core_grids': 'std::nullopt'; 'sub_device_id': 'std::nullopt'; 'subtile_broadcast_type': 'SubtileBroadcastType::NONE'; 'worker_grid': '{[0-0 - 10-9]}'},HiFi4,110,110,,,6482186344,6482188177,1833,3991897193776,3991897202728,166887,166887,6631,6040,6040,,,,170,5993,5620,5605,307,4090,,,,,,1[1],1[1],128[128],2048[2048],TILE,BFLOAT16,DEV_0_DRAM_INTERLEAVED,1[1],1[1],128[128],2048[2048],TILE,BFLOAT16,DEV_0_DRAM_INTERLEAVED,,,,,,,,1[1],1[1],128[128],2048[2048],TILE,BFLOAT16,DEV_0_DRAM_INTERLEAVED,,,,,,,,,,,,,,,,,['ttnn/cpp/ttnn/operations/eltwise/binary_ng/device/kernels/compute/eltwise_binary_no_bcast.cpp'],['eltwise_binary_no_bcast/7702167649156508193/'],['ttnn/cpp/ttnn/operations/eltwise/binary_ng/device/kernels_ng/dataflow/writer_interleaved_no_bcast.cpp'; 'ttnn/cpp/ttnn/operations/eltwise/binary_ng/device/kernels_ng/dataflow/reader_interleaved_no_bcast.cpp'],['writer_interleaved_no_bcast/13786176872452774081/'; 'reader_interleaved_no_bcast/13696495097517312790/'],1295168523863076379,False,1120,1644,1308,768,1292,0,0,0,0,1,1,1,[],[],0.017,,,,,,,1833
PERF_PREFILL,signpost,,,,,,,,,,6490870003,,,,,,,,,,,,,,,,,,,,,,,,,,,,,,,,,,,,,,,,,,,,,,,,,,,,,,,,,,,,,,,,,,,,,,,,,,,,,,,,,,,,,,,,,,,,,,,
LayerNormDeviceOperation,tt_dnn_device,25603,3,blackhole,{'compute_kernel_config': 'ComputeKernelConfig(math_fidelity=HiFi4;math_approx_mode=1;fp32_dest_acc_en=0;packer_l1_acc=0;dst_full_sync_en=0;throttle_level=ThrottleLevel::NO_THROTTLE)'; 'distributed_norm_stage': 'DistributedLayerNormStage::NOT_DISTRIBUTED'; 'dtype': 'std::nullopt'; 'eps': '1e-06'; 'fused_activation': 'std::nullopt'; 'norm_type': 'LayerNormType::RMSNORM'; 'output_mem_config': 'MemoryConfig(memory_layout=TensorMemoryLayout::INTERLEAVED;buffer_type=BufferType::DRAM;shard_spec=std::nullopt;nd_shard_spec=std::nullopt;created_with_nd_shard_spec=0)'; 'program_config': 'LayerNormDefaultProgramConfig(legacy_reduction=0;legacy_rsqrt=0;use_welford=0)'},HiFi4,4,110,,,6491185795,6491190795,5000,3991909326488,3991909362532,8980982,8981121,26699,26176,26036,,,,270,25963,12470,25141,25225,25405,,,,,,1[1],1[1],128[128],2048[2048],TILE,BFLOAT16,DEV_0_DRAM_INTERLEAVED,1[1],1[1],32[1],2048[2048],TILE,BFLOAT16,DEV_0_DRAM_INTERLEAVED,,,,,,,,1[1],1[1],128[128],2048[2048],TILE,BFLOAT16,DEV_0_DRAM_INTERLEAVED,,,,,,,,,,,,,,,,,['ttnn/cpp/ttnn/operations/normalization/layernorm/device/kernels/compute/layernorm.cpp'],['layernorm/2715421386497350779/'],['ttnn/cpp/ttnn/operations/normalization/layernorm/device/kernels/dataflow/writer_unary_interleaved_start_id_blocked.cpp'; 'ttnn/cpp/ttnn/operations/normalization/layernorm/device/kernels/dataflow/reader_unary_interleaved_ln.cpp'],['writer_unary_interleaved_start_id_blocked/7143009526625848983/'; 'reader_unary_interleaved_ln/11410384521337529621/'],3832748771732520303,False,812,1684,3388,2536,3388,0,0,0,0,1,1,1,[],[],0.004,,,,,,,5000
MatmulDeviceOperation,tt_dnn_device,26627,3,blackhole,{'bcast_batch': 'true'; 'compute_kernel_config': 'ComputeKernelConfig(math_fidelity=HiFi2;math_approx_mode=0;fp32_dest_acc_en=0;packer_l1_acc=1;dst_full_sync_en=0;throttle_level=ThrottleLevel::NO_THROTTLE)'; 'global_cb': 'std::nullopt'; 'output_dtype': 'DataType::BFLOAT16'; 'output_mem_config': 'MemoryConfig(memory_layout=TensorMemoryLayout::INTERLEAVED;buffer_type=BufferType::DRAM;shard_spec=std::nullopt;nd_shard_spec=std::nullopt;created_with_nd_shard_spec=0)'; 'output_tile': 'Tile(tile_shape={32; 32};face_shape={16; 16};num_faces=4)'; 'program_config': 'MatmulMultiCoreReuseMultiCastProgramConfig(compute_with_storage_grid_size=8-4;in0_block_w=8;out_subblock_h=1;out_subblock_w=4;out_block_h=1;out_block_w=20;per_core_M=1;per_core_N=20;transpose_mcast=0;fused_activation=std::nullopt;fuse_batch=1;allowed_worker_cores={[0-0 - 7-3]})'; 'sub_device_id': 'std::nullopt'; 'transpose_a': 'false'; 'transpose_b': 'false'; 'untilize_out': 'false'; 'user_core_coord': 'std::nullopt'; 'user_fused_activation': 'std::nullopt'; 'user_run_batched': 'false'},HiFi2,32,110,,,6491271318,6491273332,2014,3991909457463,3991909552040,72232,72241,70057,68130,68122,,,,164,68104,50728,64610,64663,65031,,,,,,1[1],1[1],128[128],2048[2048],TILE,BFLOAT16,DEV_0_DRAM_INTERLEAVED,1[1],1[1],2048[2048],5120[5120],TILE,BFLOAT8_B,DEV_0_DRAM_INTERLEAVED,,,,,,,,1[1],1[1],128[128],5120[5120],TILE,BFLOAT16,DEV_0_DRAM_INTERLEAVED,,,,,,,,,,,,,,,,,['ttnn/cpp/ttnn/operations/matmul/device/kernels/compute/bmm_large_block_zm_fused_bias_activation.cpp'],['bmm_large_block_zm_fused_bias_activation/11279566597665634482/'],['ttnn/cpp/ttnn/operations/matmul/device/kernels/dataflow/reader_bmm_tile_layout_in0_receiver.cpp'; 'ttnn/cpp/ttnn/operations/matmul/device/kernels/dataflow/reader_bmm_tile_layout_in1_receiver_writer_padding.cpp'; 'ttnn/cpp/ttnn/operations/matmul/device/kernels/dataflow/reader_bmm_tile_layout_in1_sender_writer_padding.cpp'; 'ttnn/cpp/ttnn/operations/matmul/device/kernels/dataflow/reader_bmm_tile_layout_in0_sender_padding.cpp'],['reader_bmm_tile_layout_in0_receiver/8209686085074394431/'; 'reader_bmm_tile_layout_in1_receiver_writer_padding/18191115999694923320/'; 'reader_bmm_tile_layout_in1_sender_writer_padding/13965577836393192643/'; 'reader_bmm_tile_layout_in0_sender_padding/12936948054949124544/'],16966118361794223275,False,2248,1100,2240,2228,2860,0,0,0,0,19073,8827,19073,[27.48849105834961; 549.7698364257812],[68.72122955322266],12.956,,,,,,,2014
NlpCreateHeadsDeviceOperation,tt_dnn_device,27651,3,blackhole,{'head_dim': '128'; 'num_kv_heads': '4'; 'num_q_heads': '32'; 'output_mem_config': 'MemoryConfig(memory_layout=TensorMemoryLayout::INTERLEAVED;buffer_type=BufferType::DRAM;shard_spec=std::nullopt;nd_shard_spec=std::nullopt;created_with_nd_shard_spec=0)'; 'transpose_k_heads': 'false'},,4,110,,,6491326403,6491328267,1864,3991909550380,3991909643242,649,649,68787,66916,66916,,,,944,66916,66584,,,,,,,,,1[1],1[1],128[128],5120[5120],TILE,BFLOAT16,DEV_0_DRAM_INTERLEAVED,,,,,,,,,,,,,,,1[1],32[32],128[128],128[128],TILE,BFLOAT16,DEV_0_DRAM_INTERLEAVED,1[1],4[4],128[128],128[128],TILE,BFLOAT16,DEV_0_DRAM_INTERLEAVED,1[1],4[4],128[128],128[128],TILE,BFLOAT16,DEV_0_DRAM_INTERLEAVED,,,[],[],['ttnn/cpp/ttnn/operations/experimental/transformer/nlp_create_qkv_heads/device/kernels/dataflow/writer_tm_tile_layout_nlp_create_qkv_heads.cpp'; 'ttnn/cpp/ttnn/operations/experimental/transformer/nlp_create_qkv_heads/device/kernels/dataflow/reader_tm_tile_layout_nlp_create_qkv_heads.cpp'],['writer_tm_tile_layout_nlp_create_qkv_heads/4852806476994253817/'; 'reader_tm_tile_layout_nlp_create_qkv_heads/17529215431507550100/'],5822307527167485334,False,1344,1104,0,0,0,0,0,0,0,1,1,1,[],[],0.001,,,,,,,1864
RotaryEmbeddingDeviceOperation,tt_dnn_device,28675,3,blackhole,{'compute_kernel_config': 'ComputeKernelConfig(math_fidelity=HiFi4;math_approx_mode=1;fp32_dest_acc_en=0;packer_l1_acc=0;dst_full_sync_en=0;throttle_level=ThrottleLevel::NO_THROTTLE)'; 'output_mem_config': 'MemoryConfig(memory_layout=TensorMemoryLayout::INTERLEAVED;buffer_type=BufferType::DRAM;shard_spec=std::nullopt;nd_shard_spec=std::nullopt;created_with_nd_shard_spec=0)'; 'seq_len': '128'; 'token_idx': 'std::nullopt'},HiFi4,110,110,,,6491364947,6491366710,1763,3991909586512,3991909682241,479,479,70910,28417,28417,,,,1396,28417,27838,28039,27919,27933,,,,,,1[1],32[32],128[128],128[128],TILE,BFLOAT16,DEV_0_DRAM_INTERLEAVED,1[1],1[1],128[128],128[128],TILE,BFLOAT16,DEV_0_DRAM_INTERLEAVED,1[1],1[1],128[128],128[128],TILE,BFLOAT16,DEV_0_DRAM_INTERLEAVED,1[1],32[32],128[128],128[128],TILE,BFLOAT16,DEV_0_DRAM_INTERLEAVED,,,,,,,,,,,,,,,,,['ttnn/cpp/ttnn/operations/experimental/transformer/rotary_embedding/device/kernels/compute/rotary_embedding.cpp'],['rotary_embedding/1679027051022344736/'],['ttnn/cpp/ttnn/operations/experimental/transformer/rotary_embedding/device/kernels/dataflow/writer_rotary_embedding_interleaved_start_id.cpp'; 'ttnn/cpp/ttnn/operations/experimental/transformer/rotary_embedding/device/kernels/dataflow/reader_rotary_embedding_interleaved_start_id.cpp'],['writer_rotary_embedding_interleaved_start_id/17446569591208785328/'; 'reader_rotary_embedding_interleaved_start_id/2259083254108590300/'],11317054064648459670,False,964,2380,3032,1756,2988,0,0,0,0,1,1,1,[],[],0.004,,,,,,,1763
RotaryEmbeddingDeviceOperation,tt_dnn_device,29699,3,blackhole,{'compute_kernel_config': 'ComputeKernelConfig(math_fidelity=HiFi4;math_approx_mode=1;fp32_dest_acc_en=0;packer_l1_acc=0;dst_full_sync_en=0;throttle_level=ThrottleLevel::NO_THROTTLE)'; 'output_mem_config': 'MemoryConfig(memory_layout=TensorMemoryLayout::INTERLEAVED;buffer_type=BufferType::DRAM;shard_spec=std::nullopt;nd_shard_spec=std::nullopt;created_with_nd_shard_spec=0)'; 'seq_len': '128'; 'token_idx': 'std::nullopt'},HiFi4,16,110,,,6491394744,6491395675,931,3991909674823,3991909694510,456,456,14583,8633,8633,,,,1429,8619,8054,8267,8141,8167,,,,,,1[1],4[4],128[128],128[128],TILE,BFLOAT16,DEV_0_DRAM_INTERLEAVED,1[1],1[1],128[128],128[128],TILE,BFLOAT16,DEV_0_DRAM_INTERLEAVED,1[1],1[1],128[128],128[128],TILE,BFLOAT16,DEV_0_DRAM_INTERLEAVED,1[1],4[4],128[128],128[128],TILE,BFLOAT16,DEV_0_DRAM_INTERLEAVED,,,,,,,,,,,,,,,,,['ttnn/cpp/ttnn/operations/experimental/transformer/rotary_embedding/device/kernels/compute/rotary_embedding.cpp'],['rotary_embedding/1679027051022344736/'],['ttnn/cpp/ttnn/operations/experimental/transformer/rotary_embedding/device/kernels/dataflow/writer_rotary_embedding_interleaved_start_id.cpp'; 'ttnn/cpp/ttnn/operations/experimental/transformer/rotary_embedding/device/kernels/dataflow/reader_rotary_embedding_interleaved_start_id.cpp'],['writer_rotary_embedding_interleaved_start_id/17446569591208785328/'; 'reader_rotary_embedding_interleaved_start_id/2259083254108590300/'],8054866007483348938,False,964,2380,3000,1728,2964,0,0,0,0,1,1,1,[],[],0.012,,,,,,,931
TypecastDeviceOperation,tt_dnn_device,30723,3,blackhole,{'bfp8_pack_precise': 'true'; 'fp32_dest_acc_en': 'false'; 'input_dtype': 'DataType::BFLOAT16'; 'output_dtype': 'DataType::BFLOAT8_B'; 'output_memory_config': 'MemoryConfig(memory_layout=TensorMemoryLayout::INTERLEAVED;buffer_type=BufferType::DRAM;shard_spec=std::nullopt;nd_shard_spec=std::nullopt;created_with_nd_shard_spec=0)'; 'preserve_fp32_precision': 'false'; 'sub_core_grids': 'std::nullopt'},HiFi4,64,110,,,6491436193,6491437916,1723,3991909683953,3991909697915,507,510,10342,2014,2011,,,,1127,2009,1584,1642,1129,1279,,,,,,1[1],4[4],128[128],128[128],TILE,BFLOAT16,DEV_0_DRAM_INTERLEAVED,,,,,,,,,,,,,,,1[1],4[4],128[128],128[128],TILE,BFLOAT8_B,DEV_0_DRAM_INTERLEAVED,,,,,,,,,,,,,,,,,['ttnn/cpp/ttnn/operations/copy/typecast/device/kernels/compute/eltwise_typecast.cpp'],['eltwise_typecast/8626851877819101223/'],['ttnn/cpp/ttnn/operations/eltwise/unary/device/kernels/dataflow/writer_unary_interleaved_start_id.cpp'; 'ttnn/cpp/ttnn/operations/eltwise/unary/device/kernels/dataflow/reader_unary_interleaved_start_id.cpp'],['writer_unary_interleaved_start_id/7435951775857024602/'; 'reader_unary_interleaved_start_id/3624142063231917361/'],13308452942445515649,False,992,924,1040,740,1120,0,0,0,0,1,1,1,[],[],0.05,,,,,,,1723
TypecastDeviceOperation,tt_dnn_device,31747,3,blackhole,{'bfp8_pack_precise': 'true'; 'fp32_dest_acc_en': 'false'; 'input_dtype': 'DataType::BFLOAT16'; 'output_dtype': 'DataType::BFLOAT8_B'; 'output_memory_config': 'MemoryConfig(memory_layout=TensorMemoryLayout::INTERLEAVED;buffer_type=BufferType::DRAM;shard_spec=std::nullopt;nd_shard_spec=std::nullopt;created_with_nd_shard_spec=0)'; 'preserve_fp32_precision': 'false'; 'sub_core_grids': 'std::nullopt'},HiFi4,64,110,,,6491445230,6491445671,441,3991909697913,3991909701303,499,499,2511,1975,1974,,,,1171,1875,1539,1597,1107,1282,,,,,,1[1],4[4],128[128],128[128],TILE,BFLOAT16,DEV_0_DRAM_INTERLEAVED,,,,,,,,,,,,,,,1[1],4[4],128[128],128[128],TILE,BFLOAT8_B,DEV_0_DRAM_INTERLEAVED,,,,,,,,,,,,,,,,,['ttnn/cpp/ttnn/operations/copy/typecast/device/kernels/compute/eltwise_typecast.cpp'],['eltwise_typecast/8626851877819101223/'],['ttnn/cpp/ttnn/operations/eltwise/unary/device/kernels/dataflow/writer_unary_interleaved_start_id.cpp'; 'ttnn/cpp/ttnn/operations/eltwise/unary/device/kernels/dataflow/reader_unary_interleaved_start_id.cpp'],['writer_unary_interleaved_start_id/7435951775857024602/'; 'reader_unary_interleaved_start_id/3624142063231917361/'],13308452942445515649,False,992,924,1040,740,1120,0,0,0,0,1,1,1,[],[],0.051,,,,,,,441
PagedFillCacheDeviceOperation,tt_dnn_device,32771,3,blackhole,{'batch_idx_fallback': '0'; 'block_size_override': 'std::nullopt'; 'cache_position_modulo': 'std::nullopt'; 'mesh_coords': 'std::nullopt'; 'noop': 'false'},,16,110,,,6491469827,6491471410,1583,3991909721265,3991909723786,15511,15511,1867,1187,1187,,,,145,1184,672,,,,,,,,,4[4],4[4],32[32],128[128],TILE,BFLOAT8_B,DEV_0_DRAM_INTERLEAVED,1[1],4[4],128[128],128[128],TILE,BFLOAT8_B,DEV_0_DRAM_INTERLEAVED,1[1],1[1],1[1],4[4],ROW_MAJOR,INT32,DEV_0_DRAM_INTERLEAVED,4[4],4[4],32[32],128[128],TILE,BFLOAT8_B,DEV_0_DRAM_INTERLEAVED,,,,,,,,,,,,,,,,,[],[],['ttnn/cpp/ttnn/operations/experimental/paged_cache/device/kernels/dataflow/writer_fill_cache_interleaved.cpp'; 'ttnn/cpp/ttnn/operations/experimental/paged_cache/device/kernels/dataflow/reader_fill_cache_interleaved.cpp'],['writer_fill_cache_interleaved/13054995322355621469/'; 'reader_fill_cache_interleaved/8089887142591081308/'],1267192159500847900,False,1124,696,0,0,0,0,0,0,0,1,1,1,[],[],0.084,,,,,,,1583
PagedFillCacheDeviceOperation,tt_dnn_device,33795,3,blackhole,{'batch_idx_fallback': '0'; 'block_size_override': 'std::nullopt'; 'cache_position_modulo': 'std::nullopt'; 'mesh_coords': 'std::nullopt'; 'noop': 'false'},,16,110,,,6491478624,6491479185,561,3991909733955,3991909736468,8219,8219,1861,1173,1173,,,,122,1170,650,,,,,,,,,4[4],4[4],32[32],128[128],TILE,BFLOAT8_B,DEV_0_DRAM_INTERLEAVED,1[1],4[4],128[128],128[128],TILE,BFLOAT8_B,DEV_0_DRAM_INTERLEAVED,1[1],1[1],1[1],4[4],ROW_MAJOR,INT32,DEV_0_DRAM_INTERLEAVED,4[4],4[4],32[32],128[128],TILE,BFLOAT8_B,DEV_0_DRAM_INTERLEAVED,,,,,,,,,,,,,,,,,[],[],['ttnn/cpp/ttnn/operations/experimental/paged_cache/device/kernels/dataflow/writer_fill_cache_interleaved.cpp'; 'ttnn/cpp/ttnn/operations/experimental/paged_cache/device/kernels/dataflow/reader_fill_cache_interleaved.cpp'],['writer_fill_cache_interleaved/13054995322355621469/'; 'reader_fill_cache_interleaved/8089887142591081308/'],1267192159500847900,False,1124,696,0,0,0,0,0,0,0,1,1,1,[],[],0.085,,,,,,,561
SDPAOperation,tt_dnn_device,34819,3,blackhole,{'chunk_start_idx': 'std::nullopt'; 'chunk_start_idx_tensor': 'std::nullopt'; 'compute_kernel_config': 'ComputeKernelConfig(math_fidelity=HiFi2;math_approx_mode=0;fp32_dest_acc_en=0;packer_l1_acc=1;dst_full_sync_en=0;throttle_level=ThrottleLevel::NO_THROTTLE)'; 'head_dim_v': 'std::nullopt'; 'is_causal': 'true'; 'output_mem_config': 'MemoryConfig(memory_layout=TensorMemoryLayout::INTERLEAVED;buffer_type=BufferType::DRAM;shard_spec=std::nullopt;nd_shard_spec=std::nullopt;created_with_nd_shard_spec=0)'; 'program_config': 'SDPAProgramConfig(compute_with_storage_grid_size=8-8;sub_core_grids=std::nullopt;q_chunk_size=32;k_chunk_size=32;exp_approx_mode=0;max_cores_per_head_batch=16)'; 'scale': '0.088388346'; 'sliding_window_size': 'std::nullopt'; 'use_mla': 'false'},HiFi2,64,110,,,6491513881,6491515524,1643,3991909783598,3991909814155,35592,35592,22635,21948,21948,,,,431,21844,19921,21278,21364,21288,,,,,,1[1],32[32],128[128],128[128],TILE,BFLOAT16,DEV_0_DRAM_INTERLEAVED,1[1],4[4],128[128],128[128],TILE,BFLOAT16,DEV_0_DRAM_INTERLEAVED,1[1],4[4],128[128],128[128],TILE,BFLOAT16,DEV_0_DRAM_INTERLEAVED,1[1],32[32],128[128],128[128],TILE,BFLOAT16,DEV_0_DRAM_INTERLEAVED,,,,,,,,,,,,,,,,,['ttnn/cpp/ttnn/operations/transformer/sdpa/device/kernels/compute/sdpa.cpp'],['sdpa/2572192997466409054/'],['ttnn/cpp/ttnn/operations/transformer/sdpa/device/kernels/dataflow/writer_interleaved.cpp'; 'ttnn/cpp/ttnn/operations/transformer/sdpa/device/kernels/dataflow/reader_interleaved.cpp'],['writer_interleaved/4188631871610318355/'; 'reader_interleaved/10733115803517833447/'],7266292655307686057,False,1904,1716,7648,6512,6812,0,0,0,0,1907,759,1907,[549.8563232421875; 68.73204040527344; 68.73204040527344],[549.8563232421875],3.458,,,,,,,1643
NLPConcatHeadsDeviceOperation,tt_dnn_device,35843,3,blackhole,{'output_mem_config': 'MemoryConfig(memory_layout=TensorMemoryLayout::INTERLEAVED;buffer_type=BufferType::DRAM;shard_spec=std::nullopt;nd_shard_spec=std::nullopt;created_with_nd_shard_spec=0)'},,4,110,,,6491539560,6491541203,1643,3991909810365,3991909887715,715,715,57296,53776,53776,,,,881,53776,53512,,,,,,,,,1[1],32[32],128[128],128[128],TILE,BFLOAT16,DEV_0_DRAM_INTERLEAVED,,,,,,,,,,,,,,,1[1],1[1],128[128],4096[4096],TILE,BFLOAT16,DEV_0_DRAM_INTERLEAVED,,,,,,,,,,,,,,,,,[],[],['ttnn/cpp/ttnn/operations/eltwise/unary/device/kernels/dataflow/writer_unary_interleaved_start_id.cpp'; 'ttnn/cpp/ttnn/operations/experimental/transformer/nlp_concat_heads/device/kernels/dataflow/reader_tm_tile_layout_nlp_concat_heads.cpp'],['writer_unary_interleaved_start_id/7768588342143663468/'; 'reader_tm_tile_layout_nlp_concat_heads/4952854910287368570/'],18111044661240681667,False,1000,808,0,0,0,0,0,0,0,1,1,1,[],[],0.002,,,,,,,1643
MatmulDeviceOperation,tt_dnn_device,36867,3,blackhole,{'bcast_batch': 'true'; 'compute_kernel_config': 'ComputeKernelConfig(math_fidelity=HiFi2;math_approx_mode=0;fp32_dest_acc_en=0;packer_l1_acc=1;dst_full_sync_en=0;throttle_level=ThrottleLevel::NO_THROTTLE)'; 'global_cb': 'std::nullopt'; 'output_dtype': 'DataType::BFLOAT16'; 'output_mem_config': 'MemoryConfig(memory_layout=TensorMemoryLayout::INTERLEAVED;buffer_type=BufferType::DRAM;shard_spec=std::nullopt;nd_shard_spec=std::nullopt;created_with_nd_shard_spec=0)'; 'output_tile': 'Tile(tile_shape={32; 32};face_shape={16; 16};num_faces=4)'; 'program_config': 'MatmulMultiCoreReuseMultiCastProgramConfig(compute_with_storage_grid_size=8-4;in0_block_w=8;out_subblock_h=1;out_subblock_w=4;out_block_h=1;out_block_w=8;per_core_M=1;per_core_N=8;transpose_mcast=0;fused_activation=std::nullopt;fuse_batch=1;allowed_worker_cores={[0-0 - 7-3]})'; 'sub_device_id': 'std::nullopt'; 'transpose_a': 'false'; 'transpose_b': 'false'; 'untilize_out': 'false'; 'user_core_coord': 'std::nullopt'; 'user_fused_activation': 'std::nullopt'; 'user_run_batched': 'false'},HiFi2,32,110,,,6491579987,6491581179,1192,3991909877401,3991909967193,485,487,66513,58378,58376,,,,1229,58364,50618,55849,55896,56280,,,,,,1[1],1[1],128[128],4096[4096],TILE,BFLOAT16,DEV_0_DRAM_INTERLEAVED,1[1],1[1],4096[4096],2048[2048],TILE,BFLOAT8_B,DEV_0_DRAM_INTERLEAVED,,,,,,,,1[1],1[1],128[128],2048[2048],TILE,BFLOAT16,DEV_0_DRAM_INTERLEAVED,,,,,,,,,,,,,,,,,['ttnn/cpp/ttnn/operations/matmul/device/kernels/compute/bmm_large_block_zm_fused_bias_activation.cpp'],['bmm_large_block_zm_fused_bias_activation/7072389393597137425/'],['ttnn/cpp/ttnn/operations/matmul/device/kernels/dataflow/reader_bmm_tile_layout_in0_receiver.cpp'; 'ttnn/cpp/ttnn/operations/matmul/device/kernels/dataflow/reader_bmm_tile_layout_in1_receiver_writer_padding.cpp'; 'ttnn/cpp/ttnn/operations/matmul/device/kernels/dataflow/reader_bmm_tile_layout_in1_sender_writer_padding.cpp'; 'ttnn/cpp/ttnn/operations/matmul/device/kernels/dataflow/reader_bmm_tile_layout_in0_sender_padding.cpp'],['reader_bmm_tile_layout_in0_receiver/14452891187310003991/'; 'reader_bmm_tile_layout_in1_receiver_writer_padding/15074590070681200133/'; 'reader_bmm_tile_layout_in1_sender_writer_padding/11136411912187690247/'; 'reader_bmm_tile_layout_in0_sender_padding/8645537787644131761/'],933639730069177055,False,2148,1096,2232,2232,2876,0,0,0,0,15258,7062,15258,[68.72303009033203; 549.7842407226562],[34.361515045166016],12.097,,,,,,,1192
MatmulDeviceOperation,tt_dnn_device,37891,3,blackhole,{'bcast_batch': 'true'; 'compute_kernel_config': 'ComputeKernelConfig(math_fidelity=LoFi;math_approx_mode=0;fp32_dest_acc_en=0;packer_l1_acc=1;dst_full_sync_en=0;throttle_level=ThrottleLevel::NO_THROTTLE)'; 'global_cb': 'std::nullopt'; 'output_dtype': 'DataType::BFLOAT16'; 'output_mem_config': 'MemoryConfig(memory_layout=TensorMemoryLayout::INTERLEAVED;buffer_type=BufferType::DRAM;shard_spec=std::nullopt;nd_shard_spec=std::nullopt;created_with_nd_shard_spec=0)'; 'output_tile': 'Tile(tile_shape={32; 32};face_shape={16; 16};num_faces=4)'; 'program_config': 'MatmulMultiCoreReuseMultiCastProgramConfig(compute_with_storage_grid_size=8-4;in0_block_w=8;out_subblock_h=1;out_subblock_w=4;out_block_h=1;out_block_w=24;per_core_M=1;per_core_N=24;transpose_mcast=0;fused_activation=std::nullopt;fuse_batch=1;allowed_worker_cores={[0-0 - 7-3]})'; 'sub_device_id': 'std::nullopt'; 'transpose_a': 'false'; 'transpose_b': 'false'; 'untilize_out': 'false'; 'user_core_coord': 'std::nullopt'; 'user_fused_activation': 'std::nullopt'; 'user_run_batched': 'false'},LoFi,32,110,,,6491612569,6491613341,772,3991909965829,3991910075832,569,570,81484,79902,79901,,,,1156,79900,57781,74628,74553,74785,,,,,,1[1],1[1],128[128],2048[2048],TILE,BFLOAT16,DEV_0_DRAM_INTERLEAVED,1[1],1[1],2048[2048],6144[6144],TILE,BFLOAT8_B,DEV_0_DRAM_INTERLEAVED,,,,,,,,1[1],1[1],128[128],6144[6144],TILE,BFLOAT16,DEV_0_DRAM_INTERLEAVED,,,,,,,,,,,,,,,,,['ttnn/cpp/ttnn/operations/matmul/device/kernels/compute/bmm_large_block_zm_fused_bias_activation.cpp'],['bmm_large_block_zm_fused_bias_activation/11032949867959870100/'],['ttnn/cpp/ttnn/operations/matmul/device/kernels/dataflow/reader_bmm_tile_layout_in0_receiver.cpp'; 'ttnn/cpp/ttnn/operations/matmul/device/kernels/dataflow/reader_bmm_tile_layout_in1_receiver_writer_padding.cpp'; 'ttnn/cpp/ttnn/operations/matmul/device/kernels/dataflow/reader_bmm_tile_layout_in1_sender_writer_padding.cpp'; 'ttnn/cpp/ttnn/operations/matmul/device/kernels/dataflow/reader_bmm_tile_layout_in0_sender_padding.cpp'],['reader_bmm_tile_layout_in0_receiver/8209686085074394431/'; 'reader_bmm_tile_layout_in1_receiver_writer_padding/11515338298374113047/'; 'reader_bmm_tile_layout_in1_sender_writer_padding/5430861264524456975/'; 'reader_bmm_tile_layout_in0_sender_padding/12936948054949124544/'],850242148949112058,False,2176,1100,2240,2060,2860,0,0,0,0,22888,5297,22888,[22.906675338745117; 549.76025390625],[68.72003173828125],6.629,,,,,,,772
SliceDeviceOperation,tt_dnn_device,38915,3,blackhole,{'num_devices': 'std::nullopt'; 'output_mem_config': 'MemoryConfig(memory_layout=TensorMemoryLayout::INTERLEAVED;buffer_type=BufferType::DRAM;shard_spec=std::nullopt;nd_shard_spec=std::nullopt;created_with_nd_shard_spec=0)'; 'slice_dim': 'std::nullopt'; 'slice_end': 'Shape([1; 1; 128; 3072])'; 'slice_start': 'Shape([0; 0; 0; 0])'; 'step': 'Shape([1; 1; 1; 1])'; 'sub_core_grids': 'std::nullopt'; 'use_tensor_args': 'false'},,110,110,,,6491656032,6491657845,1813,3991909976968,3991910083155,563,563,78657,4871,4871,,,,1053,4871,4577,,,,,,,,,1[1],1[1],128[128],6144[6144],TILE,BFLOAT16,DEV_0_DRAM_INTERLEAVED,,,,,,,,,,,,,,,1[1],1[1],128[128],3072[3072],TILE,BFLOAT16,DEV_0_DRAM_INTERLEAVED,,,,,,,,,,,,,,,,,[],[],['ttnn/cpp/ttnn/operations/data_movement/slice/device/kernels/dataflow/writer_unary_interleaved_start_id.cpp'; 'ttnn/cpp/ttnn/operations/data_movement/slice/device/kernels/dataflow/reader_unary_unpad_dims_interleaved_start_id.cpp'],['writer_unary_interleaved_start_id/11396476643056635318/'; 'reader_unary_unpad_dims_interleaved_start_id/15985850001773238796/'],6465939008932021591,False,680,716,0,0,0,0,0,0,0,2861,2763,2861,[549.76025390625],[274.880126953125],56.723,,,,,,,1813
SliceDeviceOperation,tt_dnn_device,39939,3,blackhole,{'num_devices': 'std::nullopt'; 'output_mem_config': 'MemoryConfig(memory_layout=TensorMemoryLayout::INTERLEAVED;buffer_type=BufferType::DRAM;shard_spec=std::nullopt;nd_shard_spec=std::nullopt;created_with_nd_shard_spec=0)'; 'slice_dim': 'std::nullopt'; 'slice_end': 'Shape([1; 1; 128; 6144])'; 'slice_start': 'Shape([0; 0; 0; 3072])'; 'step': 'Shape([1; 1; 1; 1])'; 'sub_core_grids': 'std::nullopt'; 'use_tensor_args': 'false'},,110,110,,,6491684937,6491685518,581,3991910080384,3991910090705,524,524,7645,5073,5073,,,,1073,5066,4761,,,,,,,,,1[1],1[1],128[128],6144[6144],TILE,BFLOAT16,DEV_0_DRAM_INTERLEAVED,,,,,,,,,,,,,,,1[1],1[1],128[128],3072[3072],TILE,BFLOAT16,DEV_0_DRAM_INTERLEAVED,,,,,,,,,,,,,,,,,[],[],['ttnn/cpp/ttnn/operations/data_movement/slice/device/kernels/dataflow/writer_unary_interleaved_start_id.cpp'; 'ttnn/cpp/ttnn/operations/data_movement/slice/device/kernels/dataflow/reader_unary_unpad_dims_interleaved_start_id.cpp'],['writer_unary_interleaved_start_id/11396476643056635318/'; 'reader_unary_unpad_dims_interleaved_start_id/15985850001773238796/'],371952100256401507,False,680,716,0,0,0,0,0,0,0,2861,2763,2861,[549.76025390625],[274.880126953125],54.465,,,,,,,581
UnaryDeviceOperation,tt_dnn_device,40963,3,blackhole,{'bfp8_pack_precise': 'false'; 'fp32_dest_acc_en': 'false'; 'memory_config': 'MemoryConfig(memory_layout=TensorMemoryLayout::INTERLEAVED;buffer_type=BufferType::DRAM;shard_spec=std::nullopt;nd_shard_spec=std::nullopt;created_with_nd_shard_spec=0)'; 'op_chain': '{BasicUnaryWithParam<float; int; unsigned int>(base=BasicUnaryWithParam<float>(op_type=UnaryOpType::SILU;param={}))}'; 'output_dtype': 'DataType::BFLOAT16'; 'preserve_fp32_precision': 'false'; 'sub_core_grids': 'std::nullopt'; 'worker_grid': '{[0-0 - 10-9]}'},HiFi4,110,110,,,6491743799,6491745452,1653,3991910096290,3991910105969,4711,4712,7170,6594,6593,,,,178,6573,3838,3856,5890,4927,,,,,,1[1],1[1],128[128],3072[3072],TILE,BFLOAT16,DEV_0_DRAM_INTERLEAVED,,,,,,,,,,,,,,,1[1],1[1],128[128],3072[3072],TILE,BFLOAT16,DEV_0_DRAM_INTERLEAVED,,,,,,,,,,,,,,,,,['ttnn/cpp/ttnn/operations/eltwise/unary/device/kernels/compute/eltwise_sfpu.cpp'],['eltwise_sfpu/17685734430554596604/'],['ttnn/cpp/ttnn/operations/eltwise/unary/device/kernels/dataflow/writer_unary.cpp'; 'ttnn/cpp/ttnn/operations/eltwise/unary/device/kernels/dataflow/reader_unary.cpp'],['writer_unary/17308908021593325674/'; 'reader_unary/7914283486036039746/'],3057122495497861903,False,1000,924,1060,1284,1260,0,0,0,0,1,1,1,[],[],0.015,,,,,,,1653
BinaryNgDeviceOperation,tt_dnn_device,41987,3,blackhole,{'atol': '0'; 'binary_op_type': 'BinaryOpType::MUL'; 'compute_kernel_config': 'std::nullopt'; 'dtype': 'DataType::BFLOAT16'; 'equal_nan': 'false'; 'input_dtype': 'DataType::BFLOAT16'; 'input_layout_a': 'Layout::TILE'; 'input_layout_b': 'Layout::TILE'; 'is_quant_op': 'false'; 'is_sfpu': 'true'; 'is_where_op': 'false'; 'lhs_activations': '{}'; 'memory_config': 'MemoryConfig(memory_layout=TensorMemoryLayout::INTERLEAVED;buffer_type=BufferType::DRAM;shard_spec=std::nullopt;nd_shard_spec=std::nullopt;created_with_nd_shard_spec=0)'; 'output_layout': 'Layout::TILE'; 'post_activations': '{}'; 'rhs_activations': '{}'; 'rtol': '0'; 'scalar': 'std::nullopt'; 'sub_core_grids': 'std::nullopt'; 'sub_device_id': 'std::nullopt'; 'subtile_broadcast_type': 'SubtileBroadcastType::NONE'; 'worker_grid': '{[0-0 - 10-9]}'},HiFi4,110,110,,,6491812049,6491813883,1834,3991910189560,3991910202837,62516,62516,9835,9233,9233,,,,184,9217,8125,8155,8817,8220,,,,,,1[1],1[1],128[128],3072[3072],TILE,BFLOAT16,DEV_0_DRAM_INTERLEAVED,1[1],1[1],128[128],3072[3072],TILE,BFLOAT16,DEV_0_DRAM_INTERLEAVED,,,,,,,,1[1],1[1],128[128],3072[3072],TILE,BFLOAT16,DEV_0_DRAM_INTERLEAVED,,,,,,,,,,,,,,,,,['ttnn/cpp/ttnn/operations/eltwise/binary_ng/device/kernels/compute/eltwise_binary_sfpu_no_bcast.cpp'],['eltwise_binary_sfpu_no_bcast/5506180665876100763/'],['ttnn/cpp/ttnn/operations/eltwise/binary_ng/device/kernels_ng/dataflow/writer_interleaved_no_bcast.cpp'; 'ttnn/cpp/ttnn/operations/eltwise/binary_ng/device/kernels_ng/dataflow/reader_interleaved_no_bcast.cpp'],['writer_interleaved_no_bcast/13786176872452774081/'; 'reader_interleaved_no_bcast/13696495097517312790/'],1543498124224426579,False,1120,1644,1456,1200,1292,0,0,0,0,1,1,1,[],[],0.011,,,,,,,1834
MatmulDeviceOperation,tt_dnn_device,43011,3,blackhole,{'bcast_batch': 'true'; 'compute_kernel_config': 'ComputeKernelConfig(math_fidelity=LoFi;math_approx_mode=0;fp32_dest_acc_en=0;packer_l1_acc=1;dst_full_sync_en=0;throttle_level=ThrottleLevel::NO_THROTTLE)'; 'global_cb': 'std::nullopt'; 'output_dtype': 'DataType::BFLOAT16'; 'output_mem_config': 'MemoryConfig(memory_layout=TensorMemoryLayout::INTERLEAVED;buffer_type=BufferType::DRAM;shard_spec=std::nullopt;nd_shard_spec=std::nullopt;created_with_nd_shard_spec=0)'; 'output_tile': 'Tile(tile_shape={32; 32};face_shape={16; 16};num_faces=4)'; 'program_config': 'MatmulMultiCoreReuseMultiCastProgramConfig(compute_with_storage_grid_size=8-4;in0_block_w=8;out_subblock_h=1;out_subblock_w=4;out_block_h=1;out_block_w=8;per_core_M=1;per_core_N=8;transpose_mcast=0;fused_activation=std::nullopt;fuse_batch=1;allowed_worker_cores={[0-0 - 7-3]})'; 'sub_device_id': 'std::nullopt'; 'transpose_a': 'false'; 'transpose_b': 'false'; 'untilize_out': 'false'; 'user_core_coord': 'std::nullopt'; 'user_fused_activation': 'std::nullopt'; 'user_run_batched': 'false'},LoFi,32,110,,,6491833300,6491834232,932,3991910218588,3991910281183,13582,13587,46367,44444,44439,,,,159,44439,35961,41404,41343,41574,,,,,,1[1],1[1],128[128],3072[3072],TILE,BFLOAT16,DEV_0_DRAM_INTERLEAVED,1[1],1[1],3072[3072],2048[2048],TILE,BFLOAT8_B,DEV_0_DRAM_INTERLEAVED,,,,,,,,1[1],1[1],128[128],2048[2048],TILE,BFLOAT16,DEV_0_DRAM_INTERLEAVED,,,,,,,,,,,,,,,,,['ttnn/cpp/ttnn/operations/matmul/device/kernels/compute/bmm_large_block_zm_fused_bias_activation.cpp'],['bmm_large_block_zm_fused_bias_activation/3732665041835628929/'],['ttnn/cpp/ttnn/operations/matmul/device/kernels/dataflow/reader_bmm_tile_layout_in0_receiver.cpp'; 'ttnn/cpp/ttnn/operations/matmul/device/kernels/dataflow/reader_bmm_tile_layout_in1_receiver_writer_padding.cpp'; 'ttnn/cpp/ttnn/operations/matmul/device/kernels/dataflow/reader_bmm_tile_layout_in1_sender_writer_padding.cpp'; 'ttnn/cpp/ttnn/operations/matmul/device/kernels/dataflow/reader_bmm_tile_layout_in0_sender_padding.cpp'],['reader_bmm_tile_layout_in0_receiver/8620986331893732256/'; 'reader_bmm_tile_layout_in1_receiver_writer_padding/14151432866137002661/'; 'reader_bmm_tile_layout_in1_sender_writer_padding/17016121509217527020/'; 'reader_bmm_tile_layout_in0_sender_padding/11810729734625560403/'],7706783907571994069,False,2156,1100,2232,2088,2876,0,0,0,0,11444,2649,11444,[68.72003173828125; 549.76025390625],[45.813350677490234],5.96,,,,,,,932
BinaryNgDeviceOperation,tt_dnn_device,44035,3,blackhole,{'atol': '0'; 'binary_op_type': 'BinaryOpType::ADD'; 'compute_kernel_config': 'std::nullopt'; 'dtype': 'DataType::BFLOAT16'; 'equal_nan': 'false'; 'input_dtype': 'DataType::BFLOAT16'; 'input_layout_a': 'Layout::TILE'; 'input_layout_b': 'Layout::TILE'; 'is_quant_op': 'false'; 'is_sfpu': 'false'; 'is_where_op': 'false'; 'lhs_activations': '{}'; 'memory_config': 'MemoryConfig(memory_layout=TensorMemoryLayout::INTERLEAVED;buffer_type=BufferType::DRAM;shard_spec=std::nullopt;nd_shard_spec=std::nullopt;created_with_nd_shard_spec=0)'; 'output_layout': 'Layout::TILE'; 'post_activations': '{}'; 'rhs_activations': '{}'; 'rtol': '0'; 'scalar': 'std::nullopt'; 'sub_core_grids': 'std::nullopt'; 'sub_device_id': 'std::nullopt'; 'subtile_broadcast_type': 'SubtileBroadcastType::NONE'; 'worker_grid': '{[0-0 - 10-9]}'},HiFi4,110,110,,,6491877384,6491878135,751,3991910278135,3991910289370,560,561,8322,5515,5513,,,,1127,5513,5089,5084,1198,4369,,,,,,1[1],1[1],128[128],2048[2048],TILE,BFLOAT16,DEV_0_DRAM_INTERLEAVED,1[1],1[1],128[128],2048[2048],TILE,BFLOAT16,DEV_0_DRAM_INTERLEAVED,,,,,,,,1[1],1[1],128[128],2048[2048],TILE,BFLOAT16,DEV_0_DRAM_INTERLEAVED,,,,,,,,,,,,,,,,,['ttnn/cpp/ttnn/operations/eltwise/binary_ng/device/kernels/compute/eltwise_binary_no_bcast.cpp'],['eltwise_binary_no_bcast/7702167649156508193/'],['ttnn/cpp/ttnn/operations/eltwise/binary_ng/device/kernels_ng/dataflow/writer_interleaved_no_bcast.cpp'; 'ttnn/cpp/ttnn/operations/eltwise/binary_ng/device/kernels_ng/dataflow/reader_interleaved_no_bcast.cpp'],['writer_interleaved_no_bcast/13786176872452774081/'; 'reader_interleaved_no_bcast/13696495097517312790/'],1295168523863076379,False,1120,1644,1308,768,1292,0,0,0,0,1,1,1,[],[],0.018,,,,,,,751
BinaryNgDeviceOperation,tt_dnn_device,45059,3,blackhole,{'atol': '0'; 'binary_op_type': 'BinaryOpType::ADD'; 'compute_kernel_config': 'std::nullopt'; 'dtype': 'DataType::BFLOAT16'; 'equal_nan': 'false'; 'input_dtype': 'DataType::BFLOAT16'; 'input_layout_a': 'Layout::TILE'; 'input_layout_b': 'Layout::TILE'; 'is_quant_op': 'false'; 'is_sfpu': 'false'; 'is_where_op': 'false'; 'lhs_activations': '{}'; 'memory_config': 'MemoryConfig(memory_layout=TensorMemoryLayout::INTERLEAVED;buffer_type=BufferType::DRAM;shard_spec=std::nullopt;nd_shard_spec=std::nullopt;created_with_nd_shard_spec=0)'; 'output_layout': 'Layout::TILE'; 'post_activations': '{}'; 'rhs_activations': '{}'; 'rtol': '0'; 'scalar': 'std::nullopt'; 'sub_core_grids': 'std::nullopt'; 'sub_device_id': 'std::nullopt'; 'subtile_broadcast_type': 'SubtileBroadcastType::NONE'; 'worker_grid': '{[0-0 - 10-9]}'},HiFi4,110,110,,,6491907852,6491908533,681,3991910318902,3991910326934,22461,22461,5950,5367,5367,,,,181,5328,4950,4910,333,4359,,,,,,1[1],1[1],128[128],2048[2048],TILE,BFLOAT16,DEV_0_DRAM_INTERLEAVED,1[1],1[1],128[128],2048[2048],TILE,BFLOAT16,DEV_0_DRAM_INTERLEAVED,,,,,,,,1[1],1[1],128[128],2048[2048],TILE,BFLOAT16,DEV_0_DRAM_INTERLEAVED,,,,,,,,,,,,,,,,,['ttnn/cpp/ttnn/operations/eltwise/binary_ng/device/kernels/compute/eltwise_binary_no_bcast.cpp'],['eltwise_binary_no_bcast/7702167649156508193/'],['ttnn/cpp/ttnn/operations/eltwise/binary_ng/device/kernels_ng/dataflow/writer_interleaved_no_bcast.cpp'; 'ttnn/cpp/ttnn/operations/eltwise/binary_ng/device/kernels_ng/dataflow/reader_interleaved_no_bcast.cpp'],['writer_interleaved_no_bcast/13786176872452774081/'; 'reader_interleaved_no_bcast/13696495097517312790/'],1295168523863076379,False,1120,1644,1308,768,1292,0,0,0,0,1,1,1,[],[],0.019,,,,,,,681
PERF_PREFILL_END,signpost,,,,,,,,,,6491937529,,,,,,,,,,,,,,,,,,,,,,,,,,,,,,,,,,,,,,,,,,,,,,,,,,,,,,,,,,,,,,,,,,,,,,,,,,,,,,,,,,,,,,,,,,,,,,,
LayerNormDeviceOperation,tt_dnn_device,46083,3,blackhole,{'compute_kernel_config': 'ComputeKernelConfig(math_fidelity=HiFi4;math_approx_mode=1;fp32_dest_acc_en=0;packer_l1_acc=0;dst_full_sync_en=0;throttle_level=ThrottleLevel::NO_THROTTLE)'; 'distributed_norm_stage': 'DistributedLayerNormStage::NOT_DISTRIBUTED'; 'dtype': 'std::nullopt'; 'eps': '1e-06'; 'fused_activation': 'std::nullopt'; 'norm_type': 'LayerNormType::RMSNORM'; 'output_mem_config': 'MemoryConfig(memory_layout=TensorMemoryLayout::INTERLEAVED;buffer_type=BufferType::DRAM;shard_spec=std::nullopt;nd_shard_spec=std::nullopt;created_with_nd_shard_spec=0)'; 'program_config': 'LayerNormDefaultProgramConfig(legacy_reduction=0;legacy_rsqrt=0;use_welford=0)'},HiFi4,4,110,,,6492063299,6492065342,2043,3991910516121,3991910551991,140665,140803,26570,26042,25906,,,,251,25833,12270,24985,25079,25261,,,,,,1[1],1[1],128[128],2048[2048],TILE,BFLOAT16,DEV_0_DRAM_INTERLEAVED,1[1],1[1],32[1],2048[2048],TILE,BFLOAT16,DEV_0_DRAM_INTERLEAVED,,,,,,,,1[1],1[1],128[128],2048[2048],TILE,BFLOAT16,DEV_0_DRAM_INTERLEAVED,,,,,,,,,,,,,,,,,['ttnn/cpp/ttnn/operations/normalization/layernorm/device/kernels/compute/layernorm.cpp'],['layernorm/2715421386497350779/'],['ttnn/cpp/ttnn/operations/normalization/layernorm/device/kernels/dataflow/writer_unary_interleaved_start_id_blocked.cpp'; 'ttnn/cpp/ttnn/operations/normalization/layernorm/device/kernels/dataflow/reader_unary_interleaved_ln.cpp'],['writer_unary_interleaved_start_id_blocked/7143009526625848983/'; 'reader_unary_interleaved_ln/11410384521337529621/'],3832748771732520303,False,812,1684,3388,2536,3388,0,0,0,0,1,1,1,[],[],0.004,,,,,,,2043
MatmulDeviceOperation,tt_dnn_device,47107,3,blackhole,{'bcast_batch': 'true'; 'compute_kernel_config': 'ComputeKernelConfig(math_fidelity=HiFi2;math_approx_mode=0;fp32_dest_acc_en=0;packer_l1_acc=1;dst_full_sync_en=0;throttle_level=ThrottleLevel::NO_THROTTLE)'; 'global_cb': 'std::nullopt'; 'output_dtype': 'DataType::BFLOAT16'; 'output_mem_config': 'MemoryConfig(memory_layout=TensorMemoryLayout::INTERLEAVED;buffer_type=BufferType::DRAM;shard_spec=std::nullopt;nd_shard_spec=std::nullopt;created_with_nd_shard_spec=0)'; 'output_tile': 'Tile(tile_shape={32; 32};face_shape={16; 16};num_faces=4)'; 'program_config': 'MatmulMultiCoreReuseMultiCastProgramConfig(compute_with_storage_grid_size=8-4;in0_block_w=8;out_subblock_h=1;out_subblock_w=4;out_block_h=1;out_block_w=20;per_core_M=1;per_core_N=20;transpose_mcast=0;fused_activation=std::nullopt;fuse_batch=1;allowed_worker_cores={[0-0 - 7-3]})'; 'sub_device_id': 'std::nullopt'; 'transpose_a': 'false'; 'transpose_b': 'false'; 'untilize_out': 'false'; 'user_core_coord': 'std::nullopt'; 'user_fused_activation': 'std::nullopt'; 'user_run_batched': 'false'},HiFi2,32,110,,,6492089529,6492090530,1001,3991910564129,3991910659226,10933,10936,70442,68490,68487,,,,177,68487,51081,64924,64969,65345,,,,,,1[1],1[1],128[128],2048[2048],TILE,BFLOAT16,DEV_0_DRAM_INTERLEAVED,1[1],1[1],2048[2048],5120[5120],TILE,BFLOAT8_B,DEV_0_DRAM_INTERLEAVED,,,,,,,,1[1],1[1],128[128],5120[5120],TILE,BFLOAT16,DEV_0_DRAM_INTERLEAVED,,,,,,,,,,,,,,,,,['ttnn/cpp/ttnn/operations/matmul/device/kernels/compute/bmm_large_block_zm_fused_bias_activation.cpp'],['bmm_large_block_zm_fused_bias_activation/11279566597665634482/'],['ttnn/cpp/ttnn/operations/matmul/device/kernels/dataflow/reader_bmm_tile_layout_in0_receiver.cpp'; 'ttnn/cpp/ttnn/operations/matmul/device/kernels/dataflow/reader_bmm_tile_layout_in1_receiver_writer_padding.cpp'; 'ttnn/cpp/ttnn/operations/matmul/device/kernels/dataflow/reader_bmm_tile_layout_in1_sender_writer_padding.cpp'; 'ttnn/cpp/ttnn/operations/matmul/device/kernels/dataflow/reader_bmm_tile_layout_in0_sender_padding.cpp'],['reader_bmm_tile_layout_in0_receiver/8209686085074394431/'; 'reader_bmm_tile_layout_in1_receiver_writer_padding/18191115999694923320/'; 'reader_bmm_tile_layout_in1_sender_writer_padding/13965577836393192643/'; 'reader_bmm_tile_layout_in0_sender_padding/12936948054949124544/'],16966118361794223275,False,2248,1100,2240,2228,2860,0,0,0,0,19073,8827,19073,[27.48849105834961; 549.7698364257812],[68.72122955322266],12.888,,,,,,,1001
NlpCreateHeadsDeviceOperation,tt_dnn_device,48131,3,blackhole,{'head_dim': '128'; 'num_kv_heads': '4'; 'num_q_heads': '32'; 'output_mem_config': 'MemoryConfig(memory_layout=TensorMemoryLayout::INTERLEAVED;buffer_type=BufferType::DRAM;shard_spec=std::nullopt;nd_shard_spec=std::nullopt;created_with_nd_shard_spec=0)'; 'transpose_k_heads': 'false'},,4,110,,,6492114977,6492116059,1082,3991910657576,3991910749108,654,654,67801,65930,65930,,,,959,65930,65607,,,,,,,,,1[1],1[1],128[128],5120[5120],TILE,BFLOAT16,DEV_0_DRAM_INTERLEAVED,,,,,,,,,,,,,,,1[1],32[32],128[128],128[128],TILE,BFLOAT16,DEV_0_DRAM_INTERLEAVED,1[1],4[4],128[128],128[128],TILE,BFLOAT16,DEV_0_DRAM_INTERLEAVED,1[1],4[4],128[128],128[128],TILE,BFLOAT16,DEV_0_DRAM_INTERLEAVED,,,[],[],['ttnn/cpp/ttnn/operations/experimental/transformer/nlp_create_qkv_heads/device/kernels/dataflow/writer_tm_tile_layout_nlp_create_qkv_heads.cpp'; 'ttnn/cpp/ttnn/operations/experimental/transformer/nlp_create_qkv_heads/device/kernels/dataflow/reader_tm_tile_layout_nlp_create_qkv_heads.cpp'],['writer_tm_tile_layout_nlp_create_qkv_heads/4852806476994253817/'; 'reader_tm_tile_layout_nlp_create_qkv_heads/17529215431507550100/'],5822307527167485334,False,1344,1104,0,0,0,0,0,0,0,1,1,1,[],[],0.002,,,,,,,1082
RotaryEmbeddingDeviceOperation,tt_dnn_device,49155,3,blackhole,{'compute_kernel_config': 'ComputeKernelConfig(math_fidelity=HiFi4;math_approx_mode=1;fp32_dest_acc_en=0;packer_l1_acc=0;dst_full_sync_en=0;throttle_level=ThrottleLevel::NO_THROTTLE)'; 'output_mem_config': 'MemoryConfig(memory_layout=TensorMemoryLayout::INTERLEAVED;buffer_type=BufferType::DRAM;shard_spec=std::nullopt;nd_shard_spec=std::nullopt;created_with_nd_shard_spec=0)'; 'seq_len': '128'; 'token_idx': 'std::nullopt'},HiFi4,110,110,,,6492136769,6492138041,1272,3991910660963,3991910789957,471,473,95551,29790,29789,,,,1407,29789,29201,29426,29291,29311,,,,,,1[1],32[32],128[128],128[128],TILE,BFLOAT16,DEV_0_DRAM_INTERLEAVED,1[1],1[1],128[128],128[128],TILE,BFLOAT16,DEV_0_DRAM_INTERLEAVED,1[1],1[1],128[128],128[128],TILE,BFLOAT16,DEV_0_DRAM_INTERLEAVED,1[1],32[32],128[128],128[128],TILE,BFLOAT16,DEV_0_DRAM_INTERLEAVED,,,,,,,,,,,,,,,,,['ttnn/cpp/ttnn/operations/experimental/transformer/rotary_embedding/device/kernels/compute/rotary_embedding.cpp'],['rotary_embedding/1679027051022344736/'],['ttnn/cpp/ttnn/operations/experimental/transformer/rotary_embedding/device/kernels/dataflow/writer_rotary_embedding_interleaved_start_id.cpp'; 'ttnn/cpp/ttnn/operations/experimental/transformer/rotary_embedding/device/kernels/dataflow/reader_rotary_embedding_interleaved_start_id.cpp'],['writer_rotary_embedding_interleaved_start_id/17446569591208785328/'; 'reader_rotary_embedding_interleaved_start_id/2259083254108590300/'],11317054064648459670,False,964,2380,3032,1756,2988,0,0,0,0,1,1,1,[],[],0.003,,,,,,,1272
RotaryEmbeddingDeviceOperation,tt_dnn_device,50179,3,blackhole,{'compute_kernel_config': 'ComputeKernelConfig(math_fidelity=HiFi4;math_approx_mode=1;fp32_dest_acc_en=0;packer_l1_acc=0;dst_full_sync_en=0;throttle_level=ThrottleLevel::NO_THROTTLE)'; 'output_mem_config': 'MemoryConfig(memory_layout=TensorMemoryLayout::INTERLEAVED;buffer_type=BufferType::DRAM;shard_spec=std::nullopt;nd_shard_spec=std::nullopt;created_with_nd_shard_spec=0)'; 'seq_len': '128'; 'token_idx': 'std::nullopt'},HiFi4,16,110,,,6492149002,6492149643,641,3991910780391,3991910802121,476,476,16096,8533,8533,,,,1384,8533,7956,8161,8039,8054,,,,,,1[1],4[4],128[128],128[128],TILE,BFLOAT16,DEV_0_DRAM_INTERLEAVED,1[1],1[1],128[128],128[128],TILE,BFLOAT16,DEV_0_DRAM_INTERLEAVED,1[1],1[1],128[128],128[128],TILE,BFLOAT16,DEV_0_DRAM_INTERLEAVED,1[1],4[4],128[128],128[128],TILE,BFLOAT16,DEV_0_DRAM_INTERLEAVED,,,,,,,,,,,,,,,,,['ttnn/cpp/ttnn/operations/experimental/transformer/rotary_embedding/device/kernels/compute/rotary_embedding.cpp'],['rotary_embedding/1679027051022344736/'],['ttnn/cpp/ttnn/operations/experimental/transformer/rotary_embedding/device/kernels/dataflow/writer_rotary_embedding_interleaved_start_id.cpp'; 'ttnn/cpp/ttnn/operations/experimental/transformer/rotary_embedding/device/kernels/dataflow/reader_rotary_embedding_interleaved_start_id.cpp'],['writer_rotary_embedding_interleaved_start_id/17446569591208785328/'; 'reader_rotary_embedding_interleaved_start_id/2259083254108590300/'],8054866007483348938,False,964,2380,3000,1728,2964,0,0,0,0,1,1,1,[],[],0.012,,,,,,,641
TypecastDeviceOperation,tt_dnn_device,51203,3,blackhole,{'bfp8_pack_precise': 'true'; 'fp32_dest_acc_en': 'false'; 'input_dtype': 'DataType::BFLOAT16'; 'output_dtype': 'DataType::BFLOAT8_B'; 'output_memory_config': 'MemoryConfig(memory_layout=TensorMemoryLayout::INTERLEAVED;buffer_type=BufferType::DRAM;shard_spec=std::nullopt;nd_shard_spec=std::nullopt;created_with_nd_shard_spec=0)'; 'preserve_fp32_precision': 'false'; 'sub_core_grids': 'std::nullopt'},HiFi4,64,110,,,6492166986,6492168108,1122,3991910791727,3991910805481,496,496,10188,1996,1996,,,,1142,1989,1570,1627,1136,1322,,,,,,1[1],4[4],128[128],128[128],TILE,BFLOAT16,DEV_0_DRAM_INTERLEAVED,,,,,,,,,,,,,,,1[1],4[4],128[128],128[128],TILE,BFLOAT8_B,DEV_0_DRAM_INTERLEAVED,,,,,,,,,,,,,,,,,['ttnn/cpp/ttnn/operations/copy/typecast/device/kernels/compute/eltwise_typecast.cpp'],['eltwise_typecast/8626851877819101223/'],['ttnn/cpp/ttnn/operations/eltwise/unary/device/kernels/dataflow/writer_unary_interleaved_start_id.cpp'; 'ttnn/cpp/ttnn/operations/eltwise/unary/device/kernels/dataflow/reader_unary_interleaved_start_id.cpp'],['writer_unary_interleaved_start_id/7435951775857024602/'; 'reader_unary_interleaved_start_id/3624142063231917361/'],13308452942445515649,False,992,924,1040,740,1120,0,0,0,0,1,1,1,[],[],0.05,,,,,,,1122
TypecastDeviceOperation,tt_dnn_device,52227,3,blackhole,{'bfp8_pack_precise': 'true'; 'fp32_dest_acc_en': 'false'; 'input_dtype': 'DataType::BFLOAT16'; 'output_dtype': 'DataType::BFLOAT8_B'; 'output_memory_config': 'MemoryConfig(memory_layout=TensorMemoryLayout::INTERLEAVED;buffer_type=BufferType::DRAM;shard_spec=std::nullopt;nd_shard_spec=std::nullopt;created_with_nd_shard_spec=0)'; 'preserve_fp32_precision': 'false'; 'sub_core_grids': 'std::nullopt'},HiFi4,64,110,,,6492174871,6492175262,391,3991910805503,3991910808817,503,503,2455,1968,1968,,,,1144,1913,1552,1597,1094,1305,,,,,,1[1],4[4],128[128],128[128],TILE,BFLOAT16,DEV_0_DRAM_INTERLEAVED,,,,,,,,,,,,,,,1[1],4[4],128[128],128[128],TILE,BFLOAT8_B,DEV_0_DRAM_INTERLEAVED,,,,,,,,,,,,,,,,,['ttnn/cpp/ttnn/operations/copy/typecast/device/kernels/compute/eltwise_typecast.cpp'],['eltwise_typecast/8626851877819101223/'],['ttnn/cpp/ttnn/operations/eltwise/unary/device/kernels/dataflow/writer_unary_interleaved_start_id.cpp'; 'ttnn/cpp/ttnn/operations/eltwise/unary/device/kernels/dataflow/reader_unary_interleaved_start_id.cpp'],['writer_unary_interleaved_start_id/7435951775857024602/'; 'reader_unary_interleaved_start_id/3624142063231917361/'],13308452942445515649,False,992,924,1040,740,1120,0,0,0,0,1,1,1,[],[],0.051,,,,,,,391
PagedFillCacheDeviceOperation,tt_dnn_device,53251,3,blackhole,{'batch_idx_fallback': '0'; 'block_size_override': 'std::nullopt'; 'cache_position_modulo': 'std::nullopt'; 'mesh_coords': 'std::nullopt'; 'noop': 'false'},,16,110,,,6492188187,6492189349,1162,3991910807117,3991910812100,465,465,3691,1969,1969,,,,1131,1968,1588,,,,,,,,,4[4],4[4],32[32],128[128],TILE,BFLOAT8_B,DEV_0_DRAM_INTERLEAVED,1[1],4[4],128[128],128[128],TILE,BFLOAT8_B,DEV_0_DRAM_INTERLEAVED,1[1],1[1],1[1],4[4],ROW_MAJOR,INT32,DEV_0_DRAM_INTERLEAVED,4[4],4[4],32[32],128[128],TILE,BFLOAT8_B,DEV_0_DRAM_INTERLEAVED,,,,,,,,,,,,,,,,,[],[],['ttnn/cpp/ttnn/operations/experimental/paged_cache/device/kernels/dataflow/writer_fill_cache_interleaved.cpp'; 'ttnn/cpp/ttnn/operations/experimental/paged_cache/device/kernels/dataflow/reader_fill_cache_interleaved.cpp'],['writer_fill_cache_interleaved/13054995322355621469/'; 'reader_fill_cache_interleaved/8089887142591081308/'],1267192159500847900,False,1124,696,0,0,0,0,0,0,0,1,1,1,[],[],0.051,,,,,,,1162
PagedFillCacheDeviceOperation,tt_dnn_device,54275,3,blackhole,{'batch_idx_fallback': '0'; 'block_size_override': 'std::nullopt'; 'cache_position_modulo': 'std::nullopt'; 'mesh_coords': 'std::nullopt'; 'noop': 'false'},,16,110,,,6492195010,6492195561,551,3991910812186,3991910815447,501,501,2416,1978,1978,,,,1106,1912,1583,,,,,,,,,4[4],4[4],32[32],128[128],TILE,BFLOAT8_B,DEV_0_DRAM_INTERLEAVED,1[1],4[4],128[128],128[128],TILE,BFLOAT8_B,DEV_0_DRAM_INTERLEAVED,1[1],1[1],1[1],4[4],ROW_MAJOR,INT32,DEV_0_DRAM_INTERLEAVED,4[4],4[4],32[32],128[128],TILE,BFLOAT8_B,DEV_0_DRAM_INTERLEAVED,,,,,,,,,,,,,,,,,[],[],['ttnn/cpp/ttnn/operations/experimental/paged_cache/device/kernels/dataflow/writer_fill_cache_interleaved.cpp'; 'ttnn/cpp/ttnn/operations/experimental/paged_cache/device/kernels/dataflow/reader_fill_cache_interleaved.cpp'],['writer_fill_cache_interleaved/13054995322355621469/'; 'reader_fill_cache_interleaved/8089887142591081308/'],1267192159500847900,False,1124,696,0,0,0,0,0,0,0,1,1,1,[],[],0.051,,,,,,,551
SDPAOperation,tt_dnn_device,55299,3,blackhole,{'chunk_start_idx': 'std::nullopt'; 'chunk_start_idx_tensor': 'std::nullopt'; 'compute_kernel_config': 'ComputeKernelConfig(math_fidelity=HiFi2;math_approx_mode=0;fp32_dest_acc_en=0;packer_l1_acc=1;dst_full_sync_en=0;throttle_level=ThrottleLevel::NO_THROTTLE)'; 'head_dim_v': 'std::nullopt'; 'is_causal': 'true'; 'output_mem_config': 'MemoryConfig(memory_layout=TensorMemoryLayout::INTERLEAVED;buffer_type=BufferType::DRAM;shard_spec=std::nullopt;nd_shard_spec=std::nullopt;created_with_nd_shard_spec=0)'; 'program_config': 'SDPAProgramConfig(compute_with_storage_grid_size=8-8;sub_core_grids=std::nullopt;q_chunk_size=32;k_chunk_size=32;exp_approx_mode=0;max_cores_per_head_batch=16)'; 'scale': '0.088388346'; 'sliding_window_size': 'std::nullopt'; 'use_mla': 'false'},HiFi2,64,110,,,6492214547,6492216190,1643,3991910813730,3991910846289,481,490,24118,22349,22341,,,,1561,22341,20223,21984,21779,21854,,,,,,1[1],32[32],128[128],128[128],TILE,BFLOAT16,DEV_0_DRAM_INTERLEAVED,1[1],4[4],128[128],128[128],TILE,BFLOAT16,DEV_0_DRAM_INTERLEAVED,1[1],4[4],128[128],128[128],TILE,BFLOAT16,DEV_0_DRAM_INTERLEAVED,1[1],32[32],128[128],128[128],TILE,BFLOAT16,DEV_0_DRAM_INTERLEAVED,,,,,,,,,,,,,,,,,['ttnn/cpp/ttnn/operations/transformer/sdpa/device/kernels/compute/sdpa.cpp'],['sdpa/2572192997466409054/'],['ttnn/cpp/ttnn/operations/transformer/sdpa/device/kernels/dataflow/writer_interleaved.cpp'; 'ttnn/cpp/ttnn/operations/transformer/sdpa/device/kernels/dataflow/reader_interleaved.cpp'],['writer_interleaved/4188631871610318355/'; 'reader_interleaved/10733115803517833447/'],7266292655307686057,False,1904,1716,7648,6512,6812,0,0,0,0,1907,759,1907,[549.8563232421875; 68.73204040527344; 68.73204040527344],[549.8563232421875],3.396,,,,,,,1643
NLPConcatHeadsDeviceOperation,tt_dnn_device,56323,3,blackhole,{'output_mem_config': 'MemoryConfig(memory_layout=TensorMemoryLayout::INTERLEAVED;buffer_type=BufferType::DRAM;shard_spec=std::nullopt;nd_shard_spec=std::nullopt;created_with_nd_shard_spec=0)'},,4,110,,,6492227762,6492228804,1042,3991910845763,3991910919487,641,641,54610,53594,53594,,,,963,53593,53326,,,,,,,,,1[1],32[32],128[128],128[128],TILE,BFLOAT16,DEV_0_DRAM_INTERLEAVED,,,,,,,,,,,,,,,1[1],1[1],128[128],4096[4096],TILE,BFLOAT16,DEV_0_DRAM_INTERLEAVED,,,,,,,,,,,,,,,,,[],[],['ttnn/cpp/ttnn/operations/eltwise/unary/device/kernels/dataflow/writer_unary_interleaved_start_id.cpp'; 'ttnn/cpp/ttnn/operations/experimental/transformer/nlp_concat_heads/device/kernels/dataflow/reader_tm_tile_layout_nlp_concat_heads.cpp'],['writer_unary_interleaved_start_id/7768588342143663468/'; 'reader_tm_tile_layout_nlp_concat_heads/4952854910287368570/'],18111044661240681667,False,1000,808,0,0,0,0,0,0,0,1,1,1,[],[],0.002,,,,,,,1042
MatmulDeviceOperation,tt_dnn_device,57347,3,blackhole,{'bcast_batch': 'true'; 'compute_kernel_config': 'ComputeKernelConfig(math_fidelity=HiFi2;math_approx_mode=0;fp32_dest_acc_en=0;packer_l1_acc=1;dst_full_sync_en=0;throttle_level=ThrottleLevel::NO_THROTTLE)'; 'global_cb': 'std::nullopt'; 'output_dtype': 'DataType::BFLOAT16'; 'output_mem_config': 'MemoryConfig(memory_layout=TensorMemoryLayout::INTERLEAVED;buffer_type=BufferType::DRAM;shard_spec=std::nullopt;nd_shard_spec=std::nullopt;created_with_nd_shard_spec=0)'; 'output_tile': 'Tile(tile_shape={32; 32};face_shape={16; 16};num_faces=4)'; 'program_config': 'MatmulMultiCoreReuseMultiCastProgramConfig(compute_with_storage_grid_size=8-4;in0_block_w=8;out_subblock_h=1;out_subblock_w=4;out_block_h=1;out_block_w=8;per_core_M=1;per_core_N=8;transpose_mcast=0;fused_activation=std::nullopt;fuse_batch=1;allowed_worker_cores={[0-0 - 7-3]})'; 'sub_device_id': 'std::nullopt'; 'transpose_a': 'false'; 'transpose_b': 'false'; 'untilize_out': 'false'; 'user_core_coord': 'std::nullopt'; 'user_fused_activation': 'std::nullopt'; 'user_run_batched': 'false'},HiFi2,32,110,,,6492249063,6492249965,902,3991910848024,3991910999047,470,471,111869,58453,58452,,,,1230,58452,50483,55676,55733,56110,,,,,,1[1],1[1],128[128],4096[4096],TILE,BFLOAT16,DEV_0_DRAM_INTERLEAVED,1[1],1[1],4096[4096],2048[2048],TILE,BFLOAT8_B,DEV_0_DRAM_INTERLEAVED,,,,,,,,1[1],1[1],128[128],2048[2048],TILE,BFLOAT16,DEV_0_DRAM_INTERLEAVED,,,,,,,,,,,,,,,,,['ttnn/cpp/ttnn/operations/matmul/device/kernels/compute/bmm_large_block_zm_fused_bias_activation.cpp'],['bmm_large_block_zm_fused_bias_activation/7072389393597137425/'],['ttnn/cpp/ttnn/operations/matmul/device/kernels/dataflow/reader_bmm_tile_layout_in0_receiver.cpp'; 'ttnn/cpp/ttnn/operations/matmul/device/kernels/dataflow/reader_bmm_tile_layout_in1_receiver_writer_padding.cpp'; 'ttnn/cpp/ttnn/operations/matmul/device/kernels/dataflow/reader_bmm_tile_layout_in1_sender_writer_padding.cpp'; 'ttnn/cpp/ttnn/operations/matmul/device/kernels/dataflow/reader_bmm_tile_layout_in0_sender_padding.cpp'],['reader_bmm_tile_layout_in0_receiver/14452891187310003991/'; 'reader_bmm_tile_layout_in1_receiver_writer_padding/15074590070681200133/'; 'reader_bmm_tile_layout_in1_sender_writer_padding/11136411912187690247/'; 'reader_bmm_tile_layout_in0_sender_padding/8645537787644131761/'],933639730069177055,False,2148,1096,2232,2232,2876,0,0,0,0,15258,7062,15258,[68.72303009033203; 549.7842407226562],[34.361515045166016],12.082,,,,,,,902
MatmulDeviceOperation,tt_dnn_device,58371,3,blackhole,{'bcast_batch': 'true'; 'compute_kernel_config': 'ComputeKernelConfig(math_fidelity=LoFi;math_approx_mode=0;fp32_dest_acc_en=0;packer_l1_acc=1;dst_full_sync_en=0;throttle_level=ThrottleLevel::NO_THROTTLE)'; 'global_cb': 'std::nullopt'; 'output_dtype': 'DataType::BFLOAT16'; 'output_mem_config': 'MemoryConfig(memory_layout=TensorMemoryLayout::INTERLEAVED;buffer_type=BufferType::DRAM;shard_spec=std::nullopt;nd_shard_spec=std::nullopt;created_with_nd_shard_spec=0)'; 'output_tile': 'Tile(tile_shape={32; 32};face_shape={16; 16};num_faces=4)'; 'program_config': 'MatmulMultiCoreReuseMultiCastProgramConfig(compute_with_storage_grid_size=8-4;in0_block_w=8;out_subblock_h=1;out_subblock_w=4;out_block_h=1;out_block_w=24;per_core_M=1;per_core_N=24;transpose_mcast=0;fused_activation=std::nullopt;fuse_batch=1;allowed_worker_cores={[0-0 - 7-3]})'; 'sub_device_id': 'std::nullopt'; 'transpose_a': 'false'; 'transpose_b': 'false'; 'untilize_out': 'false'; 'user_core_coord': 'std::nullopt'; 'user_fused_activation': 'std::nullopt'; 'user_run_batched': 'false'},LoFi,32,110,,,6492267177,6492267728,551,3991910997473,3991911107983,573,575,81859,80116,80115,,,,1144,80115,57753,74853,74781,75009,,,,,,1[1],1[1],128[128],2048[2048],TILE,BFLOAT16,DEV_0_DRAM_INTERLEAVED,1[1],1[1],2048[2048],6144[6144],TILE,BFLOAT8_B,DEV_0_DRAM_INTERLEAVED,,,,,,,,1[1],1[1],128[128],6144[6144],TILE,BFLOAT16,DEV_0_DRAM_INTERLEAVED,,,,,,,,,,,,,,,,,['ttnn/cpp/ttnn/operations/matmul/device/kernels/compute/bmm_large_block_zm_fused_bias_activation.cpp'],['bmm_large_block_zm_fused_bias_activation/11032949867959870100/'],['ttnn/cpp/ttnn/operations/matmul/device/kernels/dataflow/reader_bmm_tile_layout_in0_receiver.cpp'; 'ttnn/cpp/ttnn/operations/matmul/device/kernels/dataflow/reader_bmm_tile_layout_in1_receiver_writer_padding.cpp'; 'ttnn/cpp/ttnn/operations/matmul/device/kernels/dataflow/reader_bmm_tile_layout_in1_sender_writer_padding.cpp'; 'ttnn/cpp/ttnn/operations/matmul/device/kernels/dataflow/reader_bmm_tile_layout_in0_sender_padding.cpp'],['reader_bmm_tile_layout_in0_receiver/8209686085074394431/'; 'reader_bmm_tile_layout_in1_receiver_writer_padding/11515338298374113047/'; 'reader_bmm_tile_layout_in1_sender_writer_padding/5430861264524456975/'; 'reader_bmm_tile_layout_in0_sender_padding/12936948054949124544/'],850242148949112058,False,2176,1100,2240,2060,2860,0,0,0,0,22888,5297,22888,[22.906675338745117; 549.76025390625],[68.72003173828125],6.612,,,,,,,551
SliceDeviceOperation,tt_dnn_device,59395,3,blackhole,{'num_devices': 'std::nullopt'; 'output_mem_config': 'MemoryConfig(memory_layout=TensorMemoryLayout::INTERLEAVED;buffer_type=BufferType::DRAM;shard_spec=std::nullopt;nd_shard_spec=std::nullopt;created_with_nd_shard_spec=0)'; 'slice_dim': 'std::nullopt'; 'slice_end': 'Shape([1; 1; 128; 3072])'; 'slice_start': 'Shape([0; 0; 0; 0])'; 'step': 'Shape([1; 1; 1; 1])'; 'sub_core_grids': 'std::nullopt'; 'use_tensor_args': 'false'},,110,110,,,6492296303,6492297836,1533,3991911000776,3991911115542,564,564,85012,5050,5050,,,,1040,5039,4766,,,,,,,,,1[1],1[1],128[128],6144[6144],TILE,BFLOAT16,DEV_0_DRAM_INTERLEAVED,,,,,,,,,,,,,,,1[1],1[1],128[128],3072[3072],TILE,BFLOAT16,DEV_0_DRAM_INTERLEAVED,,,,,,,,,,,,,,,,,[],[],['ttnn/cpp/ttnn/operations/data_movement/slice/device/kernels/dataflow/writer_unary_interleaved_start_id.cpp'; 'ttnn/cpp/ttnn/operations/data_movement/slice/device/kernels/dataflow/reader_unary_unpad_dims_interleaved_start_id.cpp'],['writer_unary_interleaved_start_id/11396476643056635318/'; 'reader_unary_unpad_dims_interleaved_start_id/15985850001773238796/'],6465939008932021591,False,680,716,0,0,0,0,0,0,0,2861,2763,2861,[549.76025390625],[274.880126953125],54.713,,,,,,,1533
SliceDeviceOperation,tt_dnn_device,60419,3,blackhole,{'num_devices': 'std::nullopt'; 'output_mem_config': 'MemoryConfig(memory_layout=TensorMemoryLayout::INTERLEAVED;buffer_type=BufferType::DRAM;shard_spec=std::nullopt;nd_shard_spec=std::nullopt;created_with_nd_shard_spec=0)'; 'slice_dim': 'std::nullopt'; 'slice_end': 'Shape([1; 1; 128; 6144])'; 'slice_start': 'Shape([0; 0; 0; 3072])'; 'step': 'Shape([1; 1; 1; 1])'; 'sub_core_grids': 'std::nullopt'; 'use_tensor_args': 'false'},,110,110,,,6492318916,6492319437,521,3991911112612,3991911123257,457,457,7885,5257,5257,,,,1127,5257,4984,,,,,,,,,1[1],1[1],128[128],6144[6144],TILE,BFLOAT16,DEV_0_DRAM_INTERLEAVED,,,,,,,,,,,,,,,1[1],1[1],128[128],3072[3072],TILE,BFLOAT16,DEV_0_DRAM_INTERLEAVED,,,,,,,,,,,,,,,,,[],[],['ttnn/cpp/ttnn/operations/data_movement/slice/device/kernels/dataflow/writer_unary_interleaved_start_id.cpp'; 'ttnn/cpp/ttnn/operations/data_movement/slice/device/kernels/dataflow/reader_unary_unpad_dims_interleaved_start_id.cpp'],['writer_unary_interleaved_start_id/11396476643056635318/'; 'reader_unary_unpad_dims_interleaved_start_id/15985850001773238796/'],371952100256401507,False,680,716,0,0,0,0,0,0,0,2861,2763,2861,[549.76025390625],[274.880126953125],52.558,,,,,,,521
UnaryDeviceOperation,tt_dnn_device,61443,3,blackhole,{'bfp8_pack_precise': 'false'; 'fp32_dest_acc_en': 'false'; 'memory_config': 'MemoryConfig(memory_layout=TensorMemoryLayout::INTERLEAVED;buffer_type=BufferType::DRAM;shard_spec=std::nullopt;nd_shard_spec=std::nullopt;created_with_nd_shard_spec=0)'; 'op_chain': '{BasicUnaryWithParam<float; int; unsigned int>(base=BasicUnaryWithParam<float>(op_type=UnaryOpType::SILU;param={}))}'; 'output_dtype': 'DataType::BFLOAT16'; 'preserve_fp32_precision': 'false'; 'sub_core_grids': 'std::nullopt'; 'worker_grid': '{[0-0 - 10-9]}'},HiFi4,110,110,,,6492360135,6492361988,1853,3991911119996,3991911132616,468,468,9348,6461,6461,,,,1179,6457,3873,3899,6095,5198,,,,,,1[1],1[1],128[128],3072[3072],TILE,BFLOAT16,DEV_0_DRAM_INTERLEAVED,,,,,,,,,,,,,,,1[1],1[1],128[128],3072[3072],TILE,BFLOAT16,DEV_0_DRAM_INTERLEAVED,,,,,,,,,,,,,,,,,['ttnn/cpp/ttnn/operations/eltwise/unary/device/kernels/compute/eltwise_sfpu.cpp'],['eltwise_sfpu/17685734430554596604/'],['ttnn/cpp/ttnn/operations/eltwise/unary/device/kernels/dataflow/writer_unary.cpp'; 'ttnn/cpp/ttnn/operations/eltwise/unary/device/kernels/dataflow/reader_unary.cpp'],['writer_unary/17308908021593325674/'; 'reader_unary/7914283486036039746/'],3057122495497861903,False,1000,924,1060,1284,1260,0,0,0,0,1,1,1,[],[],0.015,,,,,,,1853
BinaryNgDeviceOperation,tt_dnn_device,62467,3,blackhole,{'atol': '0'; 'binary_op_type': 'BinaryOpType::MUL'; 'compute_kernel_config': 'std::nullopt'; 'dtype': 'DataType::BFLOAT16'; 'equal_nan': 'false'; 'input_dtype': 'DataType::BFLOAT16'; 'input_layout_a': 'Layout::TILE'; 'input_layout_b': 'Layout::TILE'; 'is_quant_op': 'false'; 'is_sfpu': 'true'; 'is_where_op': 'false'; 'lhs_activations': '{}'; 'memory_config': 'MemoryConfig(memory_layout=TensorMemoryLayout::INTERLEAVED;buffer_type=BufferType::DRAM;shard_spec=std::nullopt;nd_shard_spec=std::nullopt;created_with_nd_shard_spec=0)'; 'output_layout': 'Layout::TILE'; 'post_activations': '{}'; 'rhs_activations': '{}'; 'rtol': '0'; 'scalar': 'std::nullopt'; 'sub_core_grids': 'std::nullopt'; 'sub_device_id': 'std::nullopt'; 'subtile_broadcast_type': 'SubtileBroadcastType::NONE'; 'worker_grid': '{[0-0 - 10-9]}'},HiFi4,110,110,,,6492419227,6492420600,1373,3991911130702,3991911146178,468,470,11464,9570,9569,,,,1193,9569,8510,8577,9147,8559,,,,,,1[1],1[1],128[128],3072[3072],TILE,BFLOAT16,DEV_0_DRAM_INTERLEAVED,1[1],1[1],128[128],3072[3072],TILE,BFLOAT16,DEV_0_DRAM_INTERLEAVED,,,,,,,,1[1],1[1],128[128],3072[3072],TILE,BFLOAT16,DEV_0_DRAM_INTERLEAVED,,,,,,,,,,,,,,,,,['ttnn/cpp/ttnn/operations/eltwise/binary_ng/device/kernels/compute/eltwise_binary_sfpu_no_bcast.cpp'],['eltwise_binary_sfpu_no_bcast/5506180665876100763/'],['ttnn/cpp/ttnn/operations/eltwise/binary_ng/device/kernels_ng/dataflow/writer_interleaved_no_bcast.cpp'; 'ttnn/cpp/ttnn/operations/eltwise/binary_ng/device/kernels_ng/dataflow/reader_interleaved_no_bcast.cpp'],['writer_interleaved_no_bcast/13786176872452774081/'; 'reader_interleaved_no_bcast/13696495097517312790/'],1543498124224426579,False,1120,1644,1456,1200,1292,0,0,0,0,1,1,1,[],[],0.01,,,,,,,1373
MatmulDeviceOperation,tt_dnn_device,63491,3,blackhole,{'bcast_batch': 'true'; 'compute_kernel_config': 'ComputeKernelConfig(math_fidelity=LoFi;math_approx_mode=0;fp32_dest_acc_en=0;packer_l1_acc=1;dst_full_sync_en=0;throttle_level=ThrottleLevel::NO_THROTTLE)'; 'global_cb': 'std::nullopt'; 'output_dtype': 'DataType::BFLOAT16'; 'output_mem_config': 'MemoryConfig(memory_layout=TensorMemoryLayout::INTERLEAVED;buffer_type=BufferType::DRAM;shard_spec=std::nullopt;nd_shard_spec=std::nullopt;created_with_nd_shard_spec=0)'; 'output_tile': 'Tile(tile_shape={32; 32};face_shape={16; 16};num_faces=4)'; 'program_config': 'MatmulMultiCoreReuseMultiCastProgramConfig(compute_with_storage_grid_size=8-4;in0_block_w=8;out_subblock_h=1;out_subblock_w=4;out_block_h=1;out_block_w=8;per_core_M=1;per_core_N=8;transpose_mcast=0;fused_activation=std::nullopt;fuse_batch=1;allowed_worker_cores={[0-0 - 7-3]})'; 'sub_device_id': 'std::nullopt'; 'transpose_a': 'false'; 'transpose_b': 'false'; 'untilize_out': 'false'; 'user_core_coord': 'std::nullopt'; 'user_fused_activation': 'std::nullopt'; 'user_run_batched': 'false'},LoFi,32,110,,,6492439115,6492439937,822,3991911140053,3991911207261,476,476,49784,44770,44770,,,,1263,44761,36116,41530,41462,41696,,,,,,1[1],1[1],128[128],3072[3072],TILE,BFLOAT16,DEV_0_DRAM_INTERLEAVED,1[1],1[1],3072[3072],2048[2048],TILE,BFLOAT8_B,DEV_0_DRAM_INTERLEAVED,,,,,,,,1[1],1[1],128[128],2048[2048],TILE,BFLOAT16,DEV_0_DRAM_INTERLEAVED,,,,,,,,,,,,,,,,,['ttnn/cpp/ttnn/operations/matmul/device/kernels/compute/bmm_large_block_zm_fused_bias_activation.cpp'],['bmm_large_block_zm_fused_bias_activation/3732665041835628929/'],['ttnn/cpp/ttnn/operations/matmul/device/kernels/dataflow/reader_bmm_tile_layout_in0_receiver.cpp'; 'ttnn/cpp/ttnn/operations/matmul/device/kernels/dataflow/reader_bmm_tile_layout_in1_receiver_writer_padding.cpp'; 'ttnn/cpp/ttnn/operations/matmul/device/kernels/dataflow/reader_bmm_tile_layout_in1_sender_writer_padding.cpp'; 'ttnn/cpp/ttnn/operations/matmul/device/kernels/dataflow/reader_bmm_tile_layout_in0_sender_padding.cpp'],['reader_bmm_tile_layout_in0_receiver/8620986331893732256/'; 'reader_bmm_tile_layout_in1_receiver_writer_padding/14151432866137002661/'; 'reader_bmm_tile_layout_in1_sender_writer_padding/17016121509217527020/'; 'reader_bmm_tile_layout_in0_sender_padding/11810729734625560403/'],7706783907571994069,False,2156,1100,2232,2088,2876,0,0,0,0,11444,2649,11444,[68.72003173828125; 549.76025390625],[45.813350677490234],5.917,,,,,,,822
BinaryNgDeviceOperation,tt_dnn_device,64515,3,blackhole,{'atol': '0'; 'binary_op_type': 'BinaryOpType::ADD'; 'compute_kernel_config': 'std::nullopt'; 'dtype': 'DataType::BFLOAT16'; 'equal_nan': 'false'; 'input_dtype': 'DataType::BFLOAT16'; 'input_layout_a': 'Layout::TILE'; 'input_layout_b': 'Layout::TILE'; 'is_quant_op': 'false'; 'is_sfpu': 'false'; 'is_where_op': 'false'; 'lhs_activations': '{}'; 'memory_config': 'MemoryConfig(memory_layout=TensorMemoryLayout::INTERLEAVED;buffer_type=BufferType::DRAM;shard_spec=std::nullopt;nd_shard_spec=std::nullopt;created_with_nd_shard_spec=0)'; 'output_layout': 'Layout::TILE'; 'post_activations': '{}'; 'rhs_activations': '{}'; 'rtol': '0'; 'scalar': 'std::nullopt'; 'sub_core_grids': 'std::nullopt'; 'sub_device_id': 'std::nullopt'; 'subtile_broadcast_type': 'SubtileBroadcastType::NONE'; 'worker_grid': '{[0-0 - 10-9]}'},HiFi4,110,110,,,6492485083,6492485924,841,3991911147848,3991911215286,567,567,49954,5385,5385,,,,1116,5385,5001,4996,1127,4507,,,,,,1[1],1[1],128[128],2048[2048],TILE,BFLOAT16,DEV_0_DRAM_INTERLEAVED,1[1],1[1],128[128],2048[2048],TILE,BFLOAT16,DEV_0_DRAM_INTERLEAVED,,,,,,,,1[1],1[1],128[128],2048[2048],TILE,BFLOAT16,DEV_0_DRAM_INTERLEAVED,,,,,,,,,,,,,,,,,['ttnn/cpp/ttnn/operations/eltwise/binary_ng/device/kernels/compute/eltwise_binary_no_bcast.cpp'],['eltwise_binary_no_bcast/7702167649156508193/'],['ttnn/cpp/ttnn/operations/eltwise/binary_ng/device/kernels_ng/dataflow/writer_interleaved_no_bcast.cpp'; 'ttnn/cpp/ttnn/operations/eltwise/binary_ng/device/kernels_ng/dataflow/reader_interleaved_no_bcast.cpp'],['writer_interleaved_no_bcast/13786176872452774081/'; 'reader_interleaved_no_bcast/13696495097517312790/'],1295168523863076379,False,1120,1644,1308,768,1292,0,0,0,0,1,1,1,[],[],0.019,,,,,,,841
BinaryNgDeviceOperation,tt_dnn_device,65539,3,blackhole,{'atol': '0'; 'binary_op_type': 'BinaryOpType::ADD'; 'compute_kernel_config': 'std::nullopt'; 'dtype': 'DataType::BFLOAT16'; 'equal_nan': 'false'; 'input_dtype': 'DataType::BFLOAT16'; 'input_layout_a': 'Layout::TILE'; 'input_layout_b': 'Layout::TILE'; 'is_quant_op': 'false'; 'is_sfpu': 'false'; 'is_where_op': 'false'; 'lhs_activations': '{}'; 'memory_config': 'MemoryConfig(memory_layout=TensorMemoryLayout::INTERLEAVED;buffer_type=BufferType::DRAM;shard_spec=std::nullopt;nd_shard_spec=std::nullopt;created_with_nd_shard_spec=0)'; 'output_layout': 'Layout::TILE'; 'post_activations': '{}'; 'rhs_activations': '{}'; 'rtol': '0'; 'scalar': 'std::nullopt'; 'sub_core_grids': 'std::nullopt'; 'sub_device_id': 'std::nullopt'; 'subtile_broadcast_type': 'SubtileBroadcastType::NONE'; 'worker_grid': '{[0-0 - 10-9]}'},HiFi4,110,110,,,6492515170,6492515902,732,3991911212092,3991911223370,536,536,8354,5454,5454,,,,1116,5454,5116,5122,1121,4648,,,,,,1[1],1[1],128[128],2048[2048],TILE,BFLOAT16,DEV_0_DRAM_INTERLEAVED,1[1],1[1],128[128],2048[2048],TILE,BFLOAT16,DEV_0_DRAM_INTERLEAVED,,,,,,,,1[1],1[1],128[128],2048[2048],TILE,BFLOAT16,DEV_0_DRAM_INTERLEAVED,,,,,,,,,,,,,,,,,['ttnn/cpp/ttnn/operations/eltwise/binary_ng/device/kernels/compute/eltwise_binary_no_bcast.cpp'],['eltwise_binary_no_bcast/7702167649156508193/'],['ttnn/cpp/ttnn/operations/eltwise/binary_ng/device/kernels_ng/dataflow/writer_interleaved_no_bcast.cpp'; 'ttnn/cpp/ttnn/operations/eltwise/binary_ng/device/kernels_ng/dataflow/reader_interleaved_no_bcast.cpp'],['writer_interleaved_no_bcast/13786176872452774081/'; 'reader_interleaved_no_bcast/13696495097517312790/'],1295168523863076379,False,1120,1644,1308,768,1292,0,0,0,0,1,1,1,[],[],0.018,,,,,,,732
