2026-08-15 22:01:47.967 | DEBUG    | ttnn:<module>:76 - Loading ttnn configuration overrides from environment variable TTNN_CONFIG_OVERRIDES
2026-08-15 22:01:47.967 | DEBUG    | ttnn:<module>:79 - Initial ttnn.CONFIG:
Config{cache_path=/home/mvasiljevic/.cache/ttnn,model_cache_path=/home/mvasiljevic/.cache/ttnn/models,tmp_dir=/tmp/ttnn,enable_model_cache=false,enable_fast_runtime_mode=true,throw_exception_on_fallback=true,enable_logging=false,enable_graph_report=false,enable_graph_python_stack_traces=false,enable_detailed_buffer_report=false,enable_detailed_tensor_report=false,enable_comparison_mode=false,comparison_mode_should_raise_exception=false,comparison_mode_pcc=0.9999,root_report_path=generated/ttnn/reports,report_name=std::nullopt,std::nullopt}
2026-08-15 22:01:48.004 | info     |          Device | Opening user mode device driver (tt_cluster.cpp:228)
2026-08-15 22:01:48.004 | info     |             UMD | Cluster constructor started. (cluster.cpp:348)
2026-08-15 22:01:48.004 | info     |             UMD | Creating TopologyDiscovery for architecture: blackhole (topology_discovery.cpp:91)
2026-08-15 22:01:48.004 | info     |             UMD | Starting topology discovery. (topology_discovery.cpp:110)
2026-08-15 22:01:48.006 | info     |             UMD | Established firmware bundle version: 19.8.0 (topology_discovery.cpp:569)
2026-08-15 22:01:48.006 | info     |             UMD | Firmware bundle version 19.8.0 on the system is newer than the latest fully tested version 19.5.0 for blackhole architecture. Newest features may not be supported. (topology_discovery.cpp:601)
2026-08-15 22:01:48.009 | info     |             UMD | Completed topology discovery. (topology_discovery.cpp:114)
2026-08-15 22:01:48.232 | info     |             UMD | Opening local chip ids/PCIe ids: {0, 1, 2, 3}/[0, 1, 2, 3] and remote chip ids {} (cluster.cpp:168)
2026-08-15 22:01:48.232 | info     |             UMD | IOMMU: enabled (cluster.cpp:142)
2026-08-15 22:01:48.232 | info     |             UMD | KMD version: 2.8.0 (cluster.cpp:145)
2026-08-15 22:01:48.232 | info     |             UMD | Cluster constructor completed. (cluster.cpp:520)
2026-08-15 22:01:48.234 | info     |             UMD | Starting devices in cluster (cluster.cpp:1024)
2026-08-15 22:01:48.426 | info     |             UMD | Starting devices in cluster completed. (cluster.cpp:1032)
2026-08-15 22:01:48.554 | info     |     Distributed | Using auto discovery to generate mesh graph. (metal_env.cpp:367)
2026-08-15 22:01:48.554 | info     |     Distributed | Constructing control plane using auto-discovery (no mesh graph descriptor). (metal_env.cpp:429)
2026-08-15 22:01:48.554 | warning  |          Always | Unknown motherboard 'B850M-C' for chip_id=0 (bus_id=0x1) — falling back to bus_id as tray_id. Add this motherboard and its bus IDs to mobo_to_bus_ids in physical_system_discovery.cpp. (physical_system_discovery.cpp:89)
2026-08-15 22:01:48.554 | warning  |          Always | Unknown motherboard 'B850M-C' for chip_id=1 (bus_id=0x2) — falling back to bus_id as tray_id. Add this motherboard and its bus IDs to mobo_to_bus_ids in physical_system_discovery.cpp. (physical_system_discovery.cpp:89)
2026-08-15 22:01:48.554 | warning  |          Always | Unknown motherboard 'B850M-C' for chip_id=2 (bus_id=0x3) — falling back to bus_id as tray_id. Add this motherboard and its bus IDs to mobo_to_bus_ids in physical_system_discovery.cpp. (physical_system_discovery.cpp:89)
2026-08-15 22:01:48.554 | warning  |          Always | Unknown motherboard 'B850M-C' for chip_id=3 (bus_id=0x4) — falling back to bus_id as tray_id. Add this motherboard and its bus IDs to mobo_to_bus_ids in physical_system_discovery.cpp. (physical_system_discovery.cpp:89)
2026-08-15 22:01:48.554 | warning  |          Always | Unknown motherboard 'B850M-C' for chip_id=1 (bus_id=0x2) — falling back to bus_id as tray_id. Add this motherboard and its bus IDs to mobo_to_bus_ids in physical_system_discovery.cpp. (physical_system_discovery.cpp:89)
2026-08-15 22:01:48.554 | warning  |          Always | Unknown motherboard 'B850M-C' for chip_id=0 (bus_id=0x1) — falling back to bus_id as tray_id. Add this motherboard and its bus IDs to mobo_to_bus_ids in physical_system_discovery.cpp. (physical_system_discovery.cpp:89)
2026-08-15 22:01:48.554 | warning  |          Always | Unknown motherboard 'B850M-C' for chip_id=2 (bus_id=0x3) — falling back to bus_id as tray_id. Add this motherboard and its bus IDs to mobo_to_bus_ids in physical_system_discovery.cpp. (physical_system_discovery.cpp:89)
2026-08-15 22:01:48.554 | warning  |          Always | Unknown motherboard 'B850M-C' for chip_id=3 (bus_id=0x4) — falling back to bus_id as tray_id. Add this motherboard and its bus IDs to mobo_to_bus_ids in physical_system_discovery.cpp. (physical_system_discovery.cpp:89)
2026-08-15 22:01:48.555 | info     |          Fabric | Logical multi-mesh adjacency: intermesh degree histogram {0:1}; intra-mesh degree histograms mesh0 {2:4} (topology_mapper_utils.cpp:2342)
2026-08-15 22:01:48.555 | info     |          Fabric | Physical multi-mesh adjacency: intermesh degree histogram {0:1}; intra-mesh degree histograms mesh0 {2:4} (topology_mapper_utils.cpp:2350)
2026-08-15 22:01:48.555 | DEBUG    | ttnn.device:__init__:152 - Using default dispatch core type for this system: DispatchCoreType.WORKER
2026-08-15 22:01:48.555 | DEBUG    | ttnn.device:__init__:154 - Using default dispatch core axis for this system: DispatchCoreAxis.COL
2026-08-15 22:01:48.560 | info     |    BuildKernels | Using pre-compiled firmware from: /home/mvasiljevic/tt-metal/tt_metal/pre-compiled/13793420398762238087/ (build_env_manager.cpp:347)
2026-08-15 22:01:48.560 | info     |    BuildKernels | Using pre-compiled firmware from: /home/mvasiljevic/tt-metal/tt_metal/pre-compiled/13793420398762238087/ (build_env_manager.cpp:347)
2026-08-15 22:01:48.560 | info     |    BuildKernels | Using pre-compiled firmware from: /home/mvasiljevic/tt-metal/tt_metal/pre-compiled/13793420398762238087/ (build_env_manager.cpp:347)
2026-08-15 22:01:48.560 | info     |    BuildKernels | Using pre-compiled firmware from: /home/mvasiljevic/tt-metal/tt_metal/pre-compiled/13793420398762238087/ (build_env_manager.cpp:347)
2026-08-15 22:01:48.594 | info     |           Metal | Initializing Fabric (fabric_firmware_initializer.cpp:288)
2026-08-15 22:01:48.612 | info     |           Metal | Fabric initialized on Device 0 (device.cpp:429)
2026-08-15 22:01:48.625 | info     |           Metal | Fabric initialized on Device 1 (device.cpp:429)
2026-08-15 22:01:48.625 | info     |           Metal | Fabric initialized on Device 2 (device.cpp:429)
2026-08-15 22:01:48.626 | info     |           Metal | Fabric initialized on Device 3 (device.cpp:429)
2026-08-15 22:01:48.626 | info     |           Metal | Fabric initialized on 4 devices (fabric_firmware_initializer.cpp:435)
2026-08-15 22:01:48.626 | info     |           Metal | Fabric Initialized with config FabricConfig::FABRIC_1D_RING (fabric_firmware_initializer.cpp:305)
2026-08-15 22:01:48.666 | info     |           Metal | ShmResourceTracker: removed orphaned shm '/tt_device_154095681929600_memory' (shm_resource_tracker.cpp:282)
2026-08-15 22:01:48.666 | info     |           Metal | ShmResourceTracker: removed orphaned shm '/tt_device_154095681929601_memory' (shm_resource_tracker.cpp:282)
2026-08-15 22:01:48.666 | info     |           Metal | ShmResourceTracker: removed orphaned shm '/tt_device_154095681932032_memory' (shm_resource_tracker.cpp:282)
2026-08-15 22:01:48.666 | info     |           Metal | ShmResourceTracker: removed orphaned shm '/tt_device_154095681932033_memory' (shm_resource_tracker.cpp:282)
2026-08-15 22:01:49.245 | info     |           Metal | [Real-time profiler] Device 0 sync complete: 100 samples, frequency=1.349986 GHz, device_time_at_sync=969730853875 cycles (realtime_profiler_manager.cpp:1127)
2026-08-15 22:01:49.245 | info     |           Metal | [Real-time profiler] Device 1 sync complete: 100 samples, frequency=1.349983 GHz, device_time_at_sync=970571492691 cycles (realtime_profiler_manager.cpp:1127)
2026-08-15 22:01:49.246 | info     |           Metal | [Real-time profiler] Device 2 sync complete: 100 samples, frequency=1.349981 GHz, device_time_at_sync=971717236278 cycles (realtime_profiler_manager.cpp:1127)
2026-08-15 22:01:49.246 | info     |           Metal | [Real-time profiler] Device 3 sync complete: 100 samples, frequency=1.349980 GHz, device_time_at_sync=972987346575 cycles (realtime_profiler_manager.cpp:1127)
2026-08-15 22:01:50.862 | INFO     | models.demos.gemma4.tt.model_config:load_state_dict:156 - No safetensors found, loading via AutoModelForCausalLM from google/gemma-4-26B-A4B-it
Loading weights:   0%|          | 0/1013 [00:00<?, ?it/s]Loading weights: 100%|██████████| 1013/1013 [00:00<00:00, 35065.90it/s]
2026-08-15 22:01:51.246 | DEBUG    | core:as_tensor:724 - Loaded cache for /tmp/gemma4_full_model_cache/full_model/embedding_dtype_BFLOAT16_layout_ROW_MAJOR.tensorbin of shape Shape([1, 1, 262144, 704])
2026-08-15 22:01:51.929 | DEBUG    | core:as_tensor:724 - Loaded cache for /tmp/gemma4_full_model_cache/full_model/lm_head_dtype_BFLOAT16_layout_TILE.tensorbin of shape Shape([1, 1, 2816, 65536])
2026-08-15 22:01:51.974 | DEBUG    | core:as_tensor:724 - Loaded cache for /tmp/gemma4_full_model_cache/full_model/final_norm_dtype_BFLOAT16_layout_TILE.tensorbin of shape Shape([1, 1, 1, 2816])
2026-08-15 22:01:52.391 | DEBUG    | core:as_tensor:724 - Loaded cache for /tmp/gemma4_full_model_cache/multichip/layer_0/layer_scalar_dtype_BFLOAT16_layout_TILE.tensorbin of shape Shape([1, 1, 1, 1])
2026-08-15 22:01:52.391 | DEBUG    | core:as_tensor:724 - Loaded cache for /tmp/gemma4_full_model_cache/multichip/layer_0/input_ln_dtype_BFLOAT16_layout_TILE.tensorbin of shape Shape([1, 1, 1, 2816])
2026-08-15 22:01:52.392 | DEBUG    | core:as_tensor:724 - Loaded cache for /tmp/gemma4_full_model_cache/multichip/layer_0/post_attn_ln_dtype_BFLOAT16_layout_TILE.tensorbin of shape Shape([1, 1, 1, 2816])
2026-08-15 22:01:52.392 | DEBUG    | core:as_tensor:724 - Loaded cache for /tmp/gemma4_full_model_cache/multichip/layer_0/pre_ff_ln_dtype_BFLOAT16_layout_TILE.tensorbin of shape Shape([1, 1, 1, 2816])
2026-08-15 22:01:52.393 | DEBUG    | core:as_tensor:724 - Loaded cache for /tmp/gemma4_full_model_cache/multichip/layer_0/post_ff_ln_dtype_BFLOAT16_layout_TILE.tensorbin of shape Shape([1, 1, 1, 2816])
2026-08-15 22:01:52.393 | DEBUG    | core:as_tensor:724 - Loaded cache for /tmp/gemma4_full_model_cache/multichip/layer_0/post_ff_ln_1_dtype_BFLOAT16_layout_TILE.tensorbin of shape Shape([1, 1, 1, 2816])
2026-08-15 22:01:52.393 | DEBUG    | core:as_tensor:724 - Loaded cache for /tmp/gemma4_full_model_cache/multichip/layer_0/post_ff_ln_2_dtype_BFLOAT16_layout_TILE.tensorbin of shape Shape([1, 1, 1, 2816])
2026-08-15 22:01:52.393 | DEBUG    | core:as_tensor:724 - Loaded cache for /tmp/gemma4_full_model_cache/multichip/layer_0/pre_ff_ln_2_dtype_BFLOAT16_layout_TILE.tensorbin of shape Shape([1, 1, 1, 2816])
2026-08-15 22:01:52.394 | DEBUG    | core:as_tensor:724 - Loaded cache for /tmp/gemma4_full_model_cache/multichip/layer_0/q_norm_dtype_BFLOAT16_layout_TILE.tensorbin of shape Shape([1, 1, 1, 256])
2026-08-15 22:01:52.394 | DEBUG    | core:as_tensor:724 - Loaded cache for /tmp/gemma4_full_model_cache/multichip/layer_0/k_norm_dtype_BFLOAT16_layout_TILE.tensorbin of shape Shape([1, 1, 1, 256])
2026-08-15 22:01:52.396 | DEBUG    | core:as_tensor:724 - Loaded cache for /tmp/gemma4_full_model_cache/multichip/layer_0/qkv_tp4_dtype_BFLOAT8_B_layout_TILE.tensorbin of shape Shape([1, 1, 2816, 2048])
2026-08-15 22:01:52.406 | DEBUG    | core:as_tensor:724 - Loaded cache for /tmp/gemma4_full_model_cache/multichip/layer_0/o_proj_tp4_dtype_BFLOAT8_B_layout_TILE.tensorbin of shape Shape([1, 1, 1024, 2816])
2026-08-15 22:01:52.406 | DEBUG    | core:as_tensor:724 - Loaded cache for /tmp/gemma4_full_model_cache/multichip/layer_0/mlp_gate_tp4_dtype_BFLOAT8_B_layout_TILE.tensorbin of shape Shape([1, 1, 2816, 544])
2026-08-15 22:01:52.407 | DEBUG    | core:as_tensor:724 - Loaded cache for /tmp/gemma4_full_model_cache/multichip/layer_0/mlp_up_tp4_dtype_BFLOAT8_B_layout_TILE.tensorbin of shape Shape([1, 1, 2816, 544])
2026-08-15 22:01:52.408 | DEBUG    | core:as_tensor:724 - Loaded cache for /tmp/gemma4_full_model_cache/multichip/layer_0/mlp_down_tp4_dtype_BFLOAT8_B_layout_TILE.tensorbin of shape Shape([1, 1, 544, 2816])
2026-08-15 22:01:52.408 | DEBUG    | core:as_tensor:724 - Loaded cache for /tmp/gemma4_full_model_cache/multichip/layer_0/router_scale_dtype_FLOAT32_layout_TILE.tensorbin of shape Shape([1, 1, 1, 2816])
2026-08-15 22:01:52.409 | DEBUG    | core:as_tensor:724 - Loaded cache for /tmp/gemma4_full_model_cache/multichip/layer_0/router_proj_dtype_FLOAT32_layout_TILE.tensorbin of shape Shape([1, 1, 2816, 128])
2026-08-15 22:01:52.409 | DEBUG    | core:as_tensor:724 - Loaded cache for /tmp/gemma4_full_model_cache/multichip/layer_0/router_per_expert_scale_dtype_FLOAT32_layout_TILE.tensorbin of shape Shape([1, 128])
2026-08-15 22:01:52.435 | DEBUG    | core:as_tensor:724 - Loaded cache for /tmp/gemma4_full_model_cache/multichip/layer_0/expert_gate_tp4_dtype_BFLOAT8_B_layout_TILE.tensorbin of shape Shape([1, 128, 2816, 192])
2026-08-15 22:01:52.462 | DEBUG    | core:as_tensor:724 - Loaded cache for /tmp/gemma4_full_model_cache/multichip/layer_0/expert_up_tp4_dtype_BFLOAT8_B_layout_TILE.tensorbin of shape Shape([1, 128, 2816, 192])
2026-08-15 22:01:52.488 | DEBUG    | core:as_tensor:724 - Loaded cache for /tmp/gemma4_full_model_cache/multichip/layer_0/expert_down_tp4_dtype_BFLOAT8_B_layout_TILE.tensorbin of shape Shape([1, 128, 192, 2816])
2026-08-15 22:01:52.489 | DEBUG    | core:as_tensor:724 - Loaded cache for /tmp/gemma4_full_model_cache/multichip/layer_0/expert_prefill_sparsity_dtype_BFLOAT16_layout_ROW_MAJOR.tensorbin of shape Shape([1, 1, 1, 128])
2026-08-15 22:01:52.498 | DEBUG    | core:as_tensor:724 - Loaded cache for /tmp/gemma4_full_model_cache/multichip/layer_0/packed_mlp_gate_up_decode_bfp4_tp4_dtype_BFLOAT4_B_layout_TILE.tensorbin of shape Shape([1, 1, 2816, 1088])
2026-08-15 22:01:52.947 | DEBUG    | core:as_tensor:724 - Loaded cache for /tmp/gemma4_full_model_cache/multichip/layer_1/layer_scalar_dtype_BFLOAT16_layout_TILE.tensorbin of shape Shape([1, 1, 1, 1])
2026-08-15 22:01:52.948 | DEBUG    | core:as_tensor:724 - Loaded cache for /tmp/gemma4_full_model_cache/multichip/layer_1/input_ln_dtype_BFLOAT16_layout_TILE.tensorbin of shape Shape([1, 1, 1, 2816])
2026-08-15 22:01:52.948 | DEBUG    | core:as_tensor:724 - Loaded cache for /tmp/gemma4_full_model_cache/multichip/layer_1/post_attn_ln_dtype_BFLOAT16_layout_TILE.tensorbin of shape Shape([1, 1, 1, 2816])
2026-08-15 22:01:52.948 | DEBUG    | core:as_tensor:724 - Loaded cache for /tmp/gemma4_full_model_cache/multichip/layer_1/pre_ff_ln_dtype_BFLOAT16_layout_TILE.tensorbin of shape Shape([1, 1, 1, 2816])
2026-08-15 22:01:52.948 | DEBUG    | core:as_tensor:724 - Loaded cache for /tmp/gemma4_full_model_cache/multichip/layer_1/post_ff_ln_dtype_BFLOAT16_layout_TILE.tensorbin of shape Shape([1, 1, 1, 2816])
2026-08-15 22:01:52.948 | DEBUG    | core:as_tensor:724 - Loaded cache for /tmp/gemma4_full_model_cache/multichip/layer_1/post_ff_ln_1_dtype_BFLOAT16_layout_TILE.tensorbin of shape Shape([1, 1, 1, 2816])
2026-08-15 22:01:52.948 | DEBUG    | core:as_tensor:724 - Loaded cache for /tmp/gemma4_full_model_cache/multichip/layer_1/post_ff_ln_2_dtype_BFLOAT16_layout_TILE.tensorbin of shape Shape([1, 1, 1, 2816])
2026-08-15 22:01:52.949 | DEBUG    | core:as_tensor:724 - Loaded cache for /tmp/gemma4_full_model_cache/multichip/layer_1/pre_ff_ln_2_dtype_BFLOAT16_layout_TILE.tensorbin of shape Shape([1, 1, 1, 2816])
2026-08-15 22:01:52.949 | DEBUG    | core:as_tensor:724 - Loaded cache for /tmp/gemma4_full_model_cache/multichip/layer_1/q_norm_dtype_BFLOAT16_layout_TILE.tensorbin of shape Shape([1, 1, 1, 256])
2026-08-15 22:01:52.949 | DEBUG    | core:as_tensor:724 - Loaded cache for /tmp/gemma4_full_model_cache/multichip/layer_1/k_norm_dtype_BFLOAT16_layout_TILE.tensorbin of shape Shape([1, 1, 1, 256])
2026-08-15 22:01:52.951 | DEBUG    | core:as_tensor:724 - Loaded cache for /tmp/gemma4_full_model_cache/multichip/layer_1/qkv_tp4_dtype_BFLOAT8_B_layout_TILE.tensorbin of shape Shape([1, 1, 2816, 2048])
2026-08-15 22:01:52.960 | DEBUG    | core:as_tensor:724 - Loaded cache for /tmp/gemma4_full_model_cache/multichip/layer_1/o_proj_tp4_dtype_BFLOAT8_B_layout_TILE.tensorbin of shape Shape([1, 1, 1024, 2816])
2026-08-15 22:01:52.961 | DEBUG    | core:as_tensor:724 - Loaded cache for /tmp/gemma4_full_model_cache/multichip/layer_1/mlp_gate_tp4_dtype_BFLOAT8_B_layout_TILE.tensorbin of shape Shape([1, 1, 2816, 544])
2026-08-15 22:01:52.962 | DEBUG    | core:as_tensor:724 - Loaded cache for /tmp/gemma4_full_model_cache/multichip/layer_1/mlp_up_tp4_dtype_BFLOAT8_B_layout_TILE.tensorbin of shape Shape([1, 1, 2816, 544])
2026-08-15 22:01:52.962 | DEBUG    | core:as_tensor:724 - Loaded cache for /tmp/gemma4_full_model_cache/multichip/layer_1/mlp_down_tp4_dtype_BFLOAT8_B_layout_TILE.tensorbin of shape Shape([1, 1, 544, 2816])
2026-08-15 22:01:52.962 | DEBUG    | core:as_tensor:724 - Loaded cache for /tmp/gemma4_full_model_cache/multichip/layer_1/router_scale_dtype_FLOAT32_layout_TILE.tensorbin of shape Shape([1, 1, 1, 2816])
2026-08-15 22:01:52.963 | DEBUG    | core:as_tensor:724 - Loaded cache for /tmp/gemma4_full_model_cache/multichip/layer_1/router_proj_dtype_FLOAT32_layout_TILE.tensorbin of shape Shape([1, 1, 2816, 128])
2026-08-15 22:01:52.963 | DEBUG    | core:as_tensor:724 - Loaded cache for /tmp/gemma4_full_model_cache/multichip/layer_1/router_per_expert_scale_dtype_FLOAT32_layout_TILE.tensorbin of shape Shape([1, 128])
2026-08-15 22:01:52.989 | DEBUG    | core:as_tensor:724 - Loaded cache for /tmp/gemma4_full_model_cache/multichip/layer_1/expert_gate_tp4_dtype_BFLOAT8_B_layout_TILE.tensorbin of shape Shape([1, 128, 2816, 192])
2026-08-15 22:01:53.017 | DEBUG    | core:as_tensor:724 - Loaded cache for /tmp/gemma4_full_model_cache/multichip/layer_1/expert_up_tp4_dtype_BFLOAT8_B_layout_TILE.tensorbin of shape Shape([1, 128, 2816, 192])
2026-08-15 22:01:53.043 | DEBUG    | core:as_tensor:724 - Loaded cache for /tmp/gemma4_full_model_cache/multichip/layer_1/expert_down_tp4_dtype_BFLOAT8_B_layout_TILE.tensorbin of shape Shape([1, 128, 192, 2816])
2026-08-15 22:01:53.043 | DEBUG    | core:as_tensor:724 - Loaded cache for /tmp/gemma4_full_model_cache/multichip/layer_1/expert_prefill_sparsity_dtype_BFLOAT16_layout_ROW_MAJOR.tensorbin of shape Shape([1, 1, 1, 128])
2026-08-15 22:01:53.048 | DEBUG    | core:as_tensor:724 - Loaded cache for /tmp/gemma4_full_model_cache/multichip/layer_1/packed_mlp_gate_up_decode_bfp4_tp4_dtype_BFLOAT4_B_layout_TILE.tensorbin of shape Shape([1, 1, 2816, 1088])
2026-08-15 22:01:53.496 | DEBUG    | core:as_tensor:724 - Loaded cache for /tmp/gemma4_full_model_cache/multichip/layer_2/layer_scalar_dtype_BFLOAT16_layout_TILE.tensorbin of shape Shape([1, 1, 1, 1])
2026-08-15 22:01:53.497 | DEBUG    | core:as_tensor:724 - Loaded cache for /tmp/gemma4_full_model_cache/multichip/layer_2/input_ln_dtype_BFLOAT16_layout_TILE.tensorbin of shape Shape([1, 1, 1, 2816])
2026-08-15 22:01:53.497 | DEBUG    | core:as_tensor:724 - Loaded cache for /tmp/gemma4_full_model_cache/multichip/layer_2/post_attn_ln_dtype_BFLOAT16_layout_TILE.tensorbin of shape Shape([1, 1, 1, 2816])
2026-08-15 22:01:53.497 | DEBUG    | core:as_tensor:724 - Loaded cache for /tmp/gemma4_full_model_cache/multichip/layer_2/pre_ff_ln_dtype_BFLOAT16_layout_TILE.tensorbin of shape Shape([1, 1, 1, 2816])
2026-08-15 22:01:53.497 | DEBUG    | core:as_tensor:724 - Loaded cache for /tmp/gemma4_full_model_cache/multichip/layer_2/post_ff_ln_dtype_BFLOAT16_layout_TILE.tensorbin of shape Shape([1, 1, 1, 2816])
2026-08-15 22:01:53.497 | DEBUG    | core:as_tensor:724 - Loaded cache for /tmp/gemma4_full_model_cache/multichip/layer_2/post_ff_ln_1_dtype_BFLOAT16_layout_TILE.tensorbin of shape Shape([1, 1, 1, 2816])
2026-08-15 22:01:53.497 | DEBUG    | core:as_tensor:724 - Loaded cache for /tmp/gemma4_full_model_cache/multichip/layer_2/post_ff_ln_2_dtype_BFLOAT16_layout_TILE.tensorbin of shape Shape([1, 1, 1, 2816])
2026-08-15 22:01:53.498 | DEBUG    | core:as_tensor:724 - Loaded cache for /tmp/gemma4_full_model_cache/multichip/layer_2/pre_ff_ln_2_dtype_BFLOAT16_layout_TILE.tensorbin of shape Shape([1, 1, 1, 2816])
2026-08-15 22:01:53.498 | DEBUG    | core:as_tensor:724 - Loaded cache for /tmp/gemma4_full_model_cache/multichip/layer_2/q_norm_dtype_BFLOAT16_layout_TILE.tensorbin of shape Shape([1, 1, 1, 256])
2026-08-15 22:01:53.498 | DEBUG    | core:as_tensor:724 - Loaded cache for /tmp/gemma4_full_model_cache/multichip/layer_2/k_norm_dtype_BFLOAT16_layout_TILE.tensorbin of shape Shape([1, 1, 1, 256])
2026-08-15 22:01:53.500 | DEBUG    | core:as_tensor:724 - Loaded cache for /tmp/gemma4_full_model_cache/multichip/layer_2/qkv_tp4_dtype_BFLOAT8_B_layout_TILE.tensorbin of shape Shape([1, 1, 2816, 2048])
2026-08-15 22:01:53.509 | DEBUG    | core:as_tensor:724 - Loaded cache for /tmp/gemma4_full_model_cache/multichip/layer_2/o_proj_tp4_dtype_BFLOAT8_B_layout_TILE.tensorbin of shape Shape([1, 1, 1024, 2816])
2026-08-15 22:01:53.509 | DEBUG    | core:as_tensor:724 - Loaded cache for /tmp/gemma4_full_model_cache/multichip/layer_2/mlp_gate_tp4_dtype_BFLOAT8_B_layout_TILE.tensorbin of shape Shape([1, 1, 2816, 544])
2026-08-15 22:01:53.510 | DEBUG    | core:as_tensor:724 - Loaded cache for /tmp/gemma4_full_model_cache/multichip/layer_2/mlp_up_tp4_dtype_BFLOAT8_B_layout_TILE.tensorbin of shape Shape([1, 1, 2816, 544])
2026-08-15 22:01:53.511 | DEBUG    | core:as_tensor:724 - Loaded cache for /tmp/gemma4_full_model_cache/multichip/layer_2/mlp_down_tp4_dtype_BFLOAT8_B_layout_TILE.tensorbin of shape Shape([1, 1, 544, 2816])
2026-08-15 22:01:53.511 | DEBUG    | core:as_tensor:724 - Loaded cache for /tmp/gemma4_full_model_cache/multichip/layer_2/router_scale_dtype_FLOAT32_layout_TILE.tensorbin of shape Shape([1, 1, 1, 2816])
2026-08-15 22:01:53.512 | DEBUG    | core:as_tensor:724 - Loaded cache for /tmp/gemma4_full_model_cache/multichip/layer_2/router_proj_dtype_FLOAT32_layout_TILE.tensorbin of shape Shape([1, 1, 2816, 128])
2026-08-15 22:01:53.512 | DEBUG    | core:as_tensor:724 - Loaded cache for /tmp/gemma4_full_model_cache/multichip/layer_2/router_per_expert_scale_dtype_FLOAT32_layout_TILE.tensorbin of shape Shape([1, 128])
2026-08-15 22:01:53.537 | DEBUG    | core:as_tensor:724 - Loaded cache for /tmp/gemma4_full_model_cache/multichip/layer_2/expert_gate_tp4_dtype_BFLOAT8_B_layout_TILE.tensorbin of shape Shape([1, 128, 2816, 192])
2026-08-15 22:01:53.562 | DEBUG    | core:as_tensor:724 - Loaded cache for /tmp/gemma4_full_model_cache/multichip/layer_2/expert_up_tp4_dtype_BFLOAT8_B_layout_TILE.tensorbin of shape Shape([1, 128, 2816, 192])
2026-08-15 22:01:53.587 | DEBUG    | core:as_tensor:724 - Loaded cache for /tmp/gemma4_full_model_cache/multichip/layer_2/expert_down_tp4_dtype_BFLOAT8_B_layout_TILE.tensorbin of shape Shape([1, 128, 192, 2816])
2026-08-15 22:01:53.587 | DEBUG    | core:as_tensor:724 - Loaded cache for /tmp/gemma4_full_model_cache/multichip/layer_2/expert_prefill_sparsity_dtype_BFLOAT16_layout_ROW_MAJOR.tensorbin of shape Shape([1, 1, 1, 128])
2026-08-15 22:01:53.592 | DEBUG    | core:as_tensor:724 - Loaded cache for /tmp/gemma4_full_model_cache/multichip/layer_2/packed_mlp_gate_up_decode_bfp4_tp4_dtype_BFLOAT4_B_layout_TILE.tensorbin of shape Shape([1, 1, 2816, 1088])
2026-08-15 22:01:54.056 | DEBUG    | core:as_tensor:724 - Loaded cache for /tmp/gemma4_full_model_cache/multichip/layer_3/layer_scalar_dtype_BFLOAT16_layout_TILE.tensorbin of shape Shape([1, 1, 1, 1])
2026-08-15 22:01:54.056 | DEBUG    | core:as_tensor:724 - Loaded cache for /tmp/gemma4_full_model_cache/multichip/layer_3/input_ln_dtype_BFLOAT16_layout_TILE.tensorbin of shape Shape([1, 1, 1, 2816])
2026-08-15 22:01:54.056 | DEBUG    | core:as_tensor:724 - Loaded cache for /tmp/gemma4_full_model_cache/multichip/layer_3/post_attn_ln_dtype_BFLOAT16_layout_TILE.tensorbin of shape Shape([1, 1, 1, 2816])
2026-08-15 22:01:54.056 | DEBUG    | core:as_tensor:724 - Loaded cache for /tmp/gemma4_full_model_cache/multichip/layer_3/pre_ff_ln_dtype_BFLOAT16_layout_TILE.tensorbin of shape Shape([1, 1, 1, 2816])
2026-08-15 22:01:54.056 | DEBUG    | core:as_tensor:724 - Loaded cache for /tmp/gemma4_full_model_cache/multichip/layer_3/post_ff_ln_dtype_BFLOAT16_layout_TILE.tensorbin of shape Shape([1, 1, 1, 2816])
2026-08-15 22:01:54.057 | DEBUG    | core:as_tensor:724 - Loaded cache for /tmp/gemma4_full_model_cache/multichip/layer_3/post_ff_ln_1_dtype_BFLOAT16_layout_TILE.tensorbin of shape Shape([1, 1, 1, 2816])
2026-08-15 22:01:54.057 | DEBUG    | core:as_tensor:724 - Loaded cache for /tmp/gemma4_full_model_cache/multichip/layer_3/post_ff_ln_2_dtype_BFLOAT16_layout_TILE.tensorbin of shape Shape([1, 1, 1, 2816])
2026-08-15 22:01:54.057 | DEBUG    | core:as_tensor:724 - Loaded cache for /tmp/gemma4_full_model_cache/multichip/layer_3/pre_ff_ln_2_dtype_BFLOAT16_layout_TILE.tensorbin of shape Shape([1, 1, 1, 2816])
2026-08-15 22:01:54.057 | DEBUG    | core:as_tensor:724 - Loaded cache for /tmp/gemma4_full_model_cache/multichip/layer_3/q_norm_dtype_BFLOAT16_layout_TILE.tensorbin of shape Shape([1, 1, 1, 256])
2026-08-15 22:01:54.057 | DEBUG    | core:as_tensor:724 - Loaded cache for /tmp/gemma4_full_model_cache/multichip/layer_3/k_norm_dtype_BFLOAT16_layout_TILE.tensorbin of shape Shape([1, 1, 1, 256])
2026-08-15 22:01:54.059 | DEBUG    | core:as_tensor:724 - Loaded cache for /tmp/gemma4_full_model_cache/multichip/layer_3/qkv_tp4_dtype_BFLOAT8_B_layout_TILE.tensorbin of shape Shape([1, 1, 2816, 2048])
2026-08-15 22:01:54.068 | DEBUG    | core:as_tensor:724 - Loaded cache for /tmp/gemma4_full_model_cache/multichip/layer_3/o_proj_tp4_dtype_BFLOAT8_B_layout_TILE.tensorbin of shape Shape([1, 1, 1024, 2816])
2026-08-15 22:01:54.068 | DEBUG    | core:as_tensor:724 - Loaded cache for /tmp/gemma4_full_model_cache/multichip/layer_3/mlp_gate_tp4_dtype_BFLOAT8_B_layout_TILE.tensorbin of shape Shape([1, 1, 2816, 544])
2026-08-15 22:01:54.069 | DEBUG    | core:as_tensor:724 - Loaded cache for /tmp/gemma4_full_model_cache/multichip/layer_3/mlp_up_tp4_dtype_BFLOAT8_B_layout_TILE.tensorbin of shape Shape([1, 1, 2816, 544])
2026-08-15 22:01:54.070 | DEBUG    | core:as_tensor:724 - Loaded cache for /tmp/gemma4_full_model_cache/multichip/layer_3/mlp_down_tp4_dtype_BFLOAT8_B_layout_TILE.tensorbin of shape Shape([1, 1, 544, 2816])
2026-08-15 22:01:54.070 | DEBUG    | core:as_tensor:724 - Loaded cache for /tmp/gemma4_full_model_cache/multichip/layer_3/router_scale_dtype_FLOAT32_layout_TILE.tensorbin of shape Shape([1, 1, 1, 2816])
2026-08-15 22:01:54.071 | DEBUG    | core:as_tensor:724 - Loaded cache for /tmp/gemma4_full_model_cache/multichip/layer_3/router_proj_dtype_FLOAT32_layout_TILE.tensorbin of shape Shape([1, 1, 2816, 128])
2026-08-15 22:01:54.071 | DEBUG    | core:as_tensor:724 - Loaded cache for /tmp/gemma4_full_model_cache/multichip/layer_3/router_per_expert_scale_dtype_FLOAT32_layout_TILE.tensorbin of shape Shape([1, 128])
2026-08-15 22:01:54.097 | DEBUG    | core:as_tensor:724 - Loaded cache for /tmp/gemma4_full_model_cache/multichip/layer_3/expert_gate_tp4_dtype_BFLOAT8_B_layout_TILE.tensorbin of shape Shape([1, 128, 2816, 192])
2026-08-15 22:01:54.123 | DEBUG    | core:as_tensor:724 - Loaded cache for /tmp/gemma4_full_model_cache/multichip/layer_3/expert_up_tp4_dtype_BFLOAT8_B_layout_TILE.tensorbin of shape Shape([1, 128, 2816, 192])
2026-08-15 22:01:54.148 | DEBUG    | core:as_tensor:724 - Loaded cache for /tmp/gemma4_full_model_cache/multichip/layer_3/expert_down_tp4_dtype_BFLOAT8_B_layout_TILE.tensorbin of shape Shape([1, 128, 192, 2816])
2026-08-15 22:01:54.149 | DEBUG    | core:as_tensor:724 - Loaded cache for /tmp/gemma4_full_model_cache/multichip/layer_3/expert_prefill_sparsity_dtype_BFLOAT16_layout_ROW_MAJOR.tensorbin of shape Shape([1, 1, 1, 128])
2026-08-15 22:01:54.154 | DEBUG    | core:as_tensor:724 - Loaded cache for /tmp/gemma4_full_model_cache/multichip/layer_3/packed_mlp_gate_up_decode_bfp4_tp4_dtype_BFLOAT4_B_layout_TILE.tensorbin of shape Shape([1, 1, 2816, 1088])
2026-08-15 22:01:54.623 | DEBUG    | core:as_tensor:724 - Loaded cache for /tmp/gemma4_full_model_cache/multichip/layer_4/layer_scalar_dtype_BFLOAT16_layout_TILE.tensorbin of shape Shape([1, 1, 1, 1])
2026-08-15 22:01:54.624 | DEBUG    | core:as_tensor:724 - Loaded cache for /tmp/gemma4_full_model_cache/multichip/layer_4/input_ln_dtype_BFLOAT16_layout_TILE.tensorbin of shape Shape([1, 1, 1, 2816])
2026-08-15 22:01:54.624 | DEBUG    | core:as_tensor:724 - Loaded cache for /tmp/gemma4_full_model_cache/multichip/layer_4/post_attn_ln_dtype_BFLOAT16_layout_TILE.tensorbin of shape Shape([1, 1, 1, 2816])
2026-08-15 22:01:54.624 | DEBUG    | core:as_tensor:724 - Loaded cache for /tmp/gemma4_full_model_cache/multichip/layer_4/pre_ff_ln_dtype_BFLOAT16_layout_TILE.tensorbin of shape Shape([1, 1, 1, 2816])
2026-08-15 22:01:54.624 | DEBUG    | core:as_tensor:724 - Loaded cache for /tmp/gemma4_full_model_cache/multichip/layer_4/post_ff_ln_dtype_BFLOAT16_layout_TILE.tensorbin of shape Shape([1, 1, 1, 2816])
2026-08-15 22:01:54.624 | DEBUG    | core:as_tensor:724 - Loaded cache for /tmp/gemma4_full_model_cache/multichip/layer_4/post_ff_ln_1_dtype_BFLOAT16_layout_TILE.tensorbin of shape Shape([1, 1, 1, 2816])
2026-08-15 22:01:54.625 | DEBUG    | core:as_tensor:724 - Loaded cache for /tmp/gemma4_full_model_cache/multichip/layer_4/post_ff_ln_2_dtype_BFLOAT16_layout_TILE.tensorbin of shape Shape([1, 1, 1, 2816])
2026-08-15 22:01:54.625 | DEBUG    | core:as_tensor:724 - Loaded cache for /tmp/gemma4_full_model_cache/multichip/layer_4/pre_ff_ln_2_dtype_BFLOAT16_layout_TILE.tensorbin of shape Shape([1, 1, 1, 2816])
2026-08-15 22:01:54.625 | DEBUG    | core:as_tensor:724 - Loaded cache for /tmp/gemma4_full_model_cache/multichip/layer_4/q_norm_dtype_BFLOAT16_layout_TILE.tensorbin of shape Shape([1, 1, 1, 256])
2026-08-15 22:01:54.625 | DEBUG    | core:as_tensor:724 - Loaded cache for /tmp/gemma4_full_model_cache/multichip/layer_4/k_norm_dtype_BFLOAT16_layout_TILE.tensorbin of shape Shape([1, 1, 1, 256])
2026-08-15 22:01:54.627 | DEBUG    | core:as_tensor:724 - Loaded cache for /tmp/gemma4_full_model_cache/multichip/layer_4/qkv_tp4_dtype_BFLOAT8_B_layout_TILE.tensorbin of shape Shape([1, 1, 2816, 2048])
2026-08-15 22:01:54.637 | DEBUG    | core:as_tensor:724 - Loaded cache for /tmp/gemma4_full_model_cache/multichip/layer_4/o_proj_tp4_dtype_BFLOAT8_B_layout_TILE.tensorbin of shape Shape([1, 1, 1024, 2816])
2026-08-15 22:01:54.638 | DEBUG    | core:as_tensor:724 - Loaded cache for /tmp/gemma4_full_model_cache/multichip/layer_4/mlp_gate_tp4_dtype_BFLOAT8_B_layout_TILE.tensorbin of shape Shape([1, 1, 2816, 544])
2026-08-15 22:01:54.638 | DEBUG    | core:as_tensor:724 - Loaded cache for /tmp/gemma4_full_model_cache/multichip/layer_4/mlp_up_tp4_dtype_BFLOAT8_B_layout_TILE.tensorbin of shape Shape([1, 1, 2816, 544])
2026-08-15 22:01:54.639 | DEBUG    | core:as_tensor:724 - Loaded cache for /tmp/gemma4_full_model_cache/multichip/layer_4/mlp_down_tp4_dtype_BFLOAT8_B_layout_TILE.tensorbin of shape Shape([1, 1, 544, 2816])
2026-08-15 22:01:54.639 | DEBUG    | core:as_tensor:724 - Loaded cache for /tmp/gemma4_full_model_cache/multichip/layer_4/router_scale_dtype_FLOAT32_layout_TILE.tensorbin of shape Shape([1, 1, 1, 2816])
2026-08-15 22:01:54.640 | DEBUG    | core:as_tensor:724 - Loaded cache for /tmp/gemma4_full_model_cache/multichip/layer_4/router_proj_dtype_FLOAT32_layout_TILE.tensorbin of shape Shape([1, 1, 2816, 128])
2026-08-15 22:01:54.640 | DEBUG    | core:as_tensor:724 - Loaded cache for /tmp/gemma4_full_model_cache/multichip/layer_4/router_per_expert_scale_dtype_FLOAT32_layout_TILE.tensorbin of shape Shape([1, 128])
2026-08-15 22:01:54.666 | DEBUG    | core:as_tensor:724 - Loaded cache for /tmp/gemma4_full_model_cache/multichip/layer_4/expert_gate_tp4_dtype_BFLOAT8_B_layout_TILE.tensorbin of shape Shape([1, 128, 2816, 192])
2026-08-15 22:01:54.692 | DEBUG    | core:as_tensor:724 - Loaded cache for /tmp/gemma4_full_model_cache/multichip/layer_4/expert_up_tp4_dtype_BFLOAT8_B_layout_TILE.tensorbin of shape Shape([1, 128, 2816, 192])
2026-08-15 22:01:54.717 | DEBUG    | core:as_tensor:724 - Loaded cache for /tmp/gemma4_full_model_cache/multichip/layer_4/expert_down_tp4_dtype_BFLOAT8_B_layout_TILE.tensorbin of shape Shape([1, 128, 192, 2816])
2026-08-15 22:01:54.718 | DEBUG    | core:as_tensor:724 - Loaded cache for /tmp/gemma4_full_model_cache/multichip/layer_4/expert_prefill_sparsity_dtype_BFLOAT16_layout_ROW_MAJOR.tensorbin of shape Shape([1, 1, 1, 128])
2026-08-15 22:01:54.723 | DEBUG    | core:as_tensor:724 - Loaded cache for /tmp/gemma4_full_model_cache/multichip/layer_4/packed_mlp_gate_up_decode_bfp4_tp4_dtype_BFLOAT4_B_layout_TILE.tensorbin of shape Shape([1, 1, 2816, 1088])
2026-08-15 22:01:55.193 | DEBUG    | core:as_tensor:724 - Loaded cache for /tmp/gemma4_full_model_cache/multichip/layer_5/layer_scalar_dtype_BFLOAT16_layout_TILE.tensorbin of shape Shape([1, 1, 1, 1])
2026-08-15 22:01:55.194 | DEBUG    | core:as_tensor:724 - Loaded cache for /tmp/gemma4_full_model_cache/multichip/layer_5/input_ln_dtype_BFLOAT16_layout_TILE.tensorbin of shape Shape([1, 1, 1, 2816])
2026-08-15 22:01:55.195 | DEBUG    | core:as_tensor:724 - Loaded cache for /tmp/gemma4_full_model_cache/multichip/layer_5/post_attn_ln_dtype_BFLOAT16_layout_TILE.tensorbin of shape Shape([1, 1, 1, 2816])
2026-08-15 22:01:55.195 | DEBUG    | core:as_tensor:724 - Loaded cache for /tmp/gemma4_full_model_cache/multichip/layer_5/pre_ff_ln_dtype_BFLOAT16_layout_TILE.tensorbin of shape Shape([1, 1, 1, 2816])
2026-08-15 22:01:55.195 | DEBUG    | core:as_tensor:724 - Loaded cache for /tmp/gemma4_full_model_cache/multichip/layer_5/post_ff_ln_dtype_BFLOAT16_layout_TILE.tensorbin of shape Shape([1, 1, 1, 2816])
2026-08-15 22:01:55.195 | DEBUG    | core:as_tensor:724 - Loaded cache for /tmp/gemma4_full_model_cache/multichip/layer_5/post_ff_ln_1_dtype_BFLOAT16_layout_TILE.tensorbin of shape Shape([1, 1, 1, 2816])
2026-08-15 22:01:55.195 | DEBUG    | core:as_tensor:724 - Loaded cache for /tmp/gemma4_full_model_cache/multichip/layer_5/post_ff_ln_2_dtype_BFLOAT16_layout_TILE.tensorbin of shape Shape([1, 1, 1, 2816])
2026-08-15 22:01:55.195 | DEBUG    | core:as_tensor:724 - Loaded cache for /tmp/gemma4_full_model_cache/multichip/layer_5/pre_ff_ln_2_dtype_BFLOAT16_layout_TILE.tensorbin of shape Shape([1, 1, 1, 2816])
2026-08-15 22:01:55.196 | DEBUG    | core:as_tensor:724 - Loaded cache for /tmp/gemma4_full_model_cache/multichip/layer_5/q_norm_dtype_BFLOAT16_layout_TILE.tensorbin of shape Shape([1, 1, 1, 512])
2026-08-15 22:01:55.196 | DEBUG    | core:as_tensor:724 - Loaded cache for /tmp/gemma4_full_model_cache/multichip/layer_5/k_norm_dtype_BFLOAT16_layout_TILE.tensorbin of shape Shape([1, 1, 1, 512])
2026-08-15 22:01:55.202 | DEBUG    | core:as_tensor:724 - Loaded cache for /tmp/gemma4_full_model_cache/multichip/layer_5/qkv_tp4_dtype_BFLOAT8_B_layout_TILE.tensorbin of shape Shape([1, 1, 2816, 3072])
2026-08-15 22:01:55.222 | DEBUG    | core:as_tensor:724 - Loaded cache for /tmp/gemma4_full_model_cache/multichip/layer_5/o_proj_tp4_dtype_BFLOAT8_B_layout_TILE.tensorbin of shape Shape([1, 1, 2048, 2816])
2026-08-15 22:01:55.224 | DEBUG    | core:as_tensor:724 - Loaded cache for /tmp/gemma4_full_model_cache/multichip/layer_5/mlp_gate_tp4_dtype_BFLOAT8_B_layout_TILE.tensorbin of shape Shape([1, 1, 2816, 544])
2026-08-15 22:01:55.225 | DEBUG    | core:as_tensor:724 - Loaded cache for /tmp/gemma4_full_model_cache/multichip/layer_5/mlp_up_tp4_dtype_BFLOAT8_B_layout_TILE.tensorbin of shape Shape([1, 1, 2816, 544])
2026-08-15 22:01:55.225 | DEBUG    | core:as_tensor:724 - Loaded cache for /tmp/gemma4_full_model_cache/multichip/layer_5/mlp_down_tp4_dtype_BFLOAT8_B_layout_TILE.tensorbin of shape Shape([1, 1, 544, 2816])
2026-08-15 22:01:55.226 | DEBUG    | core:as_tensor:724 - Loaded cache for /tmp/gemma4_full_model_cache/multichip/layer_5/router_scale_dtype_FLOAT32_layout_TILE.tensorbin of shape Shape([1, 1, 1, 2816])
2026-08-15 22:01:55.226 | DEBUG    | core:as_tensor:724 - Loaded cache for /tmp/gemma4_full_model_cache/multichip/layer_5/router_proj_dtype_FLOAT32_layout_TILE.tensorbin of shape Shape([1, 1, 2816, 128])
2026-08-15 22:01:55.226 | DEBUG    | core:as_tensor:724 - Loaded cache for /tmp/gemma4_full_model_cache/multichip/layer_5/router_per_expert_scale_dtype_FLOAT32_layout_TILE.tensorbin of shape Shape([1, 128])
2026-08-15 22:01:55.253 | DEBUG    | core:as_tensor:724 - Loaded cache for /tmp/gemma4_full_model_cache/multichip/layer_5/expert_gate_tp4_dtype_BFLOAT8_B_layout_TILE.tensorbin of shape Shape([1, 128, 2816, 192])
2026-08-15 22:01:55.280 | DEBUG    | core:as_tensor:724 - Loaded cache for /tmp/gemma4_full_model_cache/multichip/layer_5/expert_up_tp4_dtype_BFLOAT8_B_layout_TILE.tensorbin of shape Shape([1, 128, 2816, 192])
2026-08-15 22:01:55.307 | DEBUG    | core:as_tensor:724 - Loaded cache for /tmp/gemma4_full_model_cache/multichip/layer_5/expert_down_tp4_dtype_BFLOAT8_B_layout_TILE.tensorbin of shape Shape([1, 128, 192, 2816])
2026-08-15 22:01:55.308 | DEBUG    | core:as_tensor:724 - Loaded cache for /tmp/gemma4_full_model_cache/multichip/layer_5/expert_prefill_sparsity_dtype_BFLOAT16_layout_ROW_MAJOR.tensorbin of shape Shape([1, 1, 1, 128])
2026-08-15 22:01:55.314 | DEBUG    | core:as_tensor:724 - Loaded cache for /tmp/gemma4_full_model_cache/multichip/layer_5/packed_mlp_gate_up_decode_bfp4_tp4_dtype_BFLOAT4_B_layout_TILE.tensorbin of shape Shape([1, 1, 2816, 1088])
2026-08-15 22:01:55.315 | warning  |              Op | ttnn::tilize: Using input shard spec for output tensor because the legacy sharded optimized program factory is being used (tilize_device_operation.cpp:151)
2026-08-15 22:01:55.317 | warning  |              Op | ttnn::tilize: Using input shard spec for output tensor because the legacy sharded optimized program factory is being used (tilize_device_operation.cpp:151)
2026-08-15 22:01:55.318 | warning  |              Op | ttnn::tilize: Using input shard spec for output tensor because the legacy sharded optimized program factory is being used (tilize_device_operation.cpp:151)
2026-08-15 22:01:55.775 | DEBUG    | core:as_tensor:724 - Loaded cache for /tmp/gemma4_full_model_cache/multichip/layer_6/layer_scalar_dtype_BFLOAT16_layout_TILE.tensorbin of shape Shape([1, 1, 1, 1])
2026-08-15 22:01:55.775 | DEBUG    | core:as_tensor:724 - Loaded cache for /tmp/gemma4_full_model_cache/multichip/layer_6/input_ln_dtype_BFLOAT16_layout_TILE.tensorbin of shape Shape([1, 1, 1, 2816])
2026-08-15 22:01:55.775 | DEBUG    | core:as_tensor:724 - Loaded cache for /tmp/gemma4_full_model_cache/multichip/layer_6/post_attn_ln_dtype_BFLOAT16_layout_TILE.tensorbin of shape Shape([1, 1, 1, 2816])
2026-08-15 22:01:55.776 | DEBUG    | core:as_tensor:724 - Loaded cache for /tmp/gemma4_full_model_cache/multichip/layer_6/pre_ff_ln_dtype_BFLOAT16_layout_TILE.tensorbin of shape Shape([1, 1, 1, 2816])
2026-08-15 22:01:55.776 | DEBUG    | core:as_tensor:724 - Loaded cache for /tmp/gemma4_full_model_cache/multichip/layer_6/post_ff_ln_dtype_BFLOAT16_layout_TILE.tensorbin of shape Shape([1, 1, 1, 2816])
2026-08-15 22:01:55.776 | DEBUG    | core:as_tensor:724 - Loaded cache for /tmp/gemma4_full_model_cache/multichip/layer_6/post_ff_ln_1_dtype_BFLOAT16_layout_TILE.tensorbin of shape Shape([1, 1, 1, 2816])
2026-08-15 22:01:55.776 | DEBUG    | core:as_tensor:724 - Loaded cache for /tmp/gemma4_full_model_cache/multichip/layer_6/post_ff_ln_2_dtype_BFLOAT16_layout_TILE.tensorbin of shape Shape([1, 1, 1, 2816])
2026-08-15 22:01:55.776 | DEBUG    | core:as_tensor:724 - Loaded cache for /tmp/gemma4_full_model_cache/multichip/layer_6/pre_ff_ln_2_dtype_BFLOAT16_layout_TILE.tensorbin of shape Shape([1, 1, 1, 2816])
2026-08-15 22:01:55.776 | DEBUG    | core:as_tensor:724 - Loaded cache for /tmp/gemma4_full_model_cache/multichip/layer_6/q_norm_dtype_BFLOAT16_layout_TILE.tensorbin of shape Shape([1, 1, 1, 256])
2026-08-15 22:01:55.776 | DEBUG    | core:as_tensor:724 - Loaded cache for /tmp/gemma4_full_model_cache/multichip/layer_6/k_norm_dtype_BFLOAT16_layout_TILE.tensorbin of shape Shape([1, 1, 1, 256])
2026-08-15 22:01:55.778 | DEBUG    | core:as_tensor:724 - Loaded cache for /tmp/gemma4_full_model_cache/multichip/layer_6/qkv_tp4_dtype_BFLOAT8_B_layout_TILE.tensorbin of shape Shape([1, 1, 2816, 2048])
2026-08-15 22:01:55.787 | DEBUG    | core:as_tensor:724 - Loaded cache for /tmp/gemma4_full_model_cache/multichip/layer_6/o_proj_tp4_dtype_BFLOAT8_B_layout_TILE.tensorbin of shape Shape([1, 1, 1024, 2816])
2026-08-15 22:01:55.788 | DEBUG    | core:as_tensor:724 - Loaded cache for /tmp/gemma4_full_model_cache/multichip/layer_6/mlp_gate_tp4_dtype_BFLOAT8_B_layout_TILE.tensorbin of shape Shape([1, 1, 2816, 544])
2026-08-15 22:01:55.788 | DEBUG    | core:as_tensor:724 - Loaded cache for /tmp/gemma4_full_model_cache/multichip/layer_6/mlp_up_tp4_dtype_BFLOAT8_B_layout_TILE.tensorbin of shape Shape([1, 1, 2816, 544])
2026-08-15 22:01:55.789 | DEBUG    | core:as_tensor:724 - Loaded cache for /tmp/gemma4_full_model_cache/multichip/layer_6/mlp_down_tp4_dtype_BFLOAT8_B_layout_TILE.tensorbin of shape Shape([1, 1, 544, 2816])
2026-08-15 22:01:55.789 | DEBUG    | core:as_tensor:724 - Loaded cache for /tmp/gemma4_full_model_cache/multichip/layer_6/router_scale_dtype_FLOAT32_layout_TILE.tensorbin of shape Shape([1, 1, 1, 2816])
2026-08-15 22:01:55.790 | DEBUG    | core:as_tensor:724 - Loaded cache for /tmp/gemma4_full_model_cache/multichip/layer_6/router_proj_dtype_FLOAT32_layout_TILE.tensorbin of shape Shape([1, 1, 2816, 128])
2026-08-15 22:01:55.790 | DEBUG    | core:as_tensor:724 - Loaded cache for /tmp/gemma4_full_model_cache/multichip/layer_6/router_per_expert_scale_dtype_FLOAT32_layout_TILE.tensorbin of shape Shape([1, 128])
2026-08-15 22:01:55.815 | DEBUG    | core:as_tensor:724 - Loaded cache for /tmp/gemma4_full_model_cache/multichip/layer_6/expert_gate_tp4_dtype_BFLOAT8_B_layout_TILE.tensorbin of shape Shape([1, 128, 2816, 192])
2026-08-15 22:01:55.840 | DEBUG    | core:as_tensor:724 - Loaded cache for /tmp/gemma4_full_model_cache/multichip/layer_6/expert_up_tp4_dtype_BFLOAT8_B_layout_TILE.tensorbin of shape Shape([1, 128, 2816, 192])
2026-08-15 22:01:55.865 | DEBUG    | core:as_tensor:724 - Loaded cache for /tmp/gemma4_full_model_cache/multichip/layer_6/expert_down_tp4_dtype_BFLOAT8_B_layout_TILE.tensorbin of shape Shape([1, 128, 192, 2816])
2026-08-15 22:01:55.865 | DEBUG    | core:as_tensor:724 - Loaded cache for /tmp/gemma4_full_model_cache/multichip/layer_6/expert_prefill_sparsity_dtype_BFLOAT16_layout_ROW_MAJOR.tensorbin of shape Shape([1, 1, 1, 128])
2026-08-15 22:01:55.870 | DEBUG    | core:as_tensor:724 - Loaded cache for /tmp/gemma4_full_model_cache/multichip/layer_6/packed_mlp_gate_up_decode_bfp4_tp4_dtype_BFLOAT4_B_layout_TILE.tensorbin of shape Shape([1, 1, 2816, 1088])
2026-08-15 22:01:56.321 | DEBUG    | core:as_tensor:724 - Loaded cache for /tmp/gemma4_full_model_cache/multichip/layer_7/layer_scalar_dtype_BFLOAT16_layout_TILE.tensorbin of shape Shape([1, 1, 1, 1])
2026-08-15 22:01:56.322 | DEBUG    | core:as_tensor:724 - Loaded cache for /tmp/gemma4_full_model_cache/multichip/layer_7/input_ln_dtype_BFLOAT16_layout_TILE.tensorbin of shape Shape([1, 1, 1, 2816])
2026-08-15 22:01:56.322 | DEBUG    | core:as_tensor:724 - Loaded cache for /tmp/gemma4_full_model_cache/multichip/layer_7/post_attn_ln_dtype_BFLOAT16_layout_TILE.tensorbin of shape Shape([1, 1, 1, 2816])
2026-08-15 22:01:56.322 | DEBUG    | core:as_tensor:724 - Loaded cache for /tmp/gemma4_full_model_cache/multichip/layer_7/pre_ff_ln_dtype_BFLOAT16_layout_TILE.tensorbin of shape Shape([1, 1, 1, 2816])
2026-08-15 22:01:56.322 | DEBUG    | core:as_tensor:724 - Loaded cache for /tmp/gemma4_full_model_cache/multichip/layer_7/post_ff_ln_dtype_BFLOAT16_layout_TILE.tensorbin of shape Shape([1, 1, 1, 2816])
2026-08-15 22:01:56.322 | DEBUG    | core:as_tensor:724 - Loaded cache for /tmp/gemma4_full_model_cache/multichip/layer_7/post_ff_ln_1_dtype_BFLOAT16_layout_TILE.tensorbin of shape Shape([1, 1, 1, 2816])
2026-08-15 22:01:56.323 | DEBUG    | core:as_tensor:724 - Loaded cache for /tmp/gemma4_full_model_cache/multichip/layer_7/post_ff_ln_2_dtype_BFLOAT16_layout_TILE.tensorbin of shape Shape([1, 1, 1, 2816])
2026-08-15 22:01:56.323 | DEBUG    | core:as_tensor:724 - Loaded cache for /tmp/gemma4_full_model_cache/multichip/layer_7/pre_ff_ln_2_dtype_BFLOAT16_layout_TILE.tensorbin of shape Shape([1, 1, 1, 2816])
2026-08-15 22:01:56.323 | DEBUG    | core:as_tensor:724 - Loaded cache for /tmp/gemma4_full_model_cache/multichip/layer_7/q_norm_dtype_BFLOAT16_layout_TILE.tensorbin of shape Shape([1, 1, 1, 256])
2026-08-15 22:01:56.323 | DEBUG    | core:as_tensor:724 - Loaded cache for /tmp/gemma4_full_model_cache/multichip/layer_7/k_norm_dtype_BFLOAT16_layout_TILE.tensorbin of shape Shape([1, 1, 1, 256])
2026-08-15 22:01:56.325 | DEBUG    | core:as_tensor:724 - Loaded cache for /tmp/gemma4_full_model_cache/multichip/layer_7/qkv_tp4_dtype_BFLOAT8_B_layout_TILE.tensorbin of shape Shape([1, 1, 2816, 2048])
2026-08-15 22:01:56.334 | DEBUG    | core:as_tensor:724 - Loaded cache for /tmp/gemma4_full_model_cache/multichip/layer_7/o_proj_tp4_dtype_BFLOAT8_B_layout_TILE.tensorbin of shape Shape([1, 1, 1024, 2816])
2026-08-15 22:01:56.334 | DEBUG    | core:as_tensor:724 - Loaded cache for /tmp/gemma4_full_model_cache/multichip/layer_7/mlp_gate_tp4_dtype_BFLOAT8_B_layout_TILE.tensorbin of shape Shape([1, 1, 2816, 544])
2026-08-15 22:01:56.335 | DEBUG    | core:as_tensor:724 - Loaded cache for /tmp/gemma4_full_model_cache/multichip/layer_7/mlp_up_tp4_dtype_BFLOAT8_B_layout_TILE.tensorbin of shape Shape([1, 1, 2816, 544])
2026-08-15 22:01:56.336 | DEBUG    | core:as_tensor:724 - Loaded cache for /tmp/gemma4_full_model_cache/multichip/layer_7/mlp_down_tp4_dtype_BFLOAT8_B_layout_TILE.tensorbin of shape Shape([1, 1, 544, 2816])
2026-08-15 22:01:56.336 | DEBUG    | core:as_tensor:724 - Loaded cache for /tmp/gemma4_full_model_cache/multichip/layer_7/router_scale_dtype_FLOAT32_layout_TILE.tensorbin of shape Shape([1, 1, 1, 2816])
2026-08-15 22:01:56.337 | DEBUG    | core:as_tensor:724 - Loaded cache for /tmp/gemma4_full_model_cache/multichip/layer_7/router_proj_dtype_FLOAT32_layout_TILE.tensorbin of shape Shape([1, 1, 2816, 128])
2026-08-15 22:01:56.337 | DEBUG    | core:as_tensor:724 - Loaded cache for /tmp/gemma4_full_model_cache/multichip/layer_7/router_per_expert_scale_dtype_FLOAT32_layout_TILE.tensorbin of shape Shape([1, 128])
2026-08-15 22:01:56.361 | DEBUG    | core:as_tensor:724 - Loaded cache for /tmp/gemma4_full_model_cache/multichip/layer_7/expert_gate_tp4_dtype_BFLOAT8_B_layout_TILE.tensorbin of shape Shape([1, 128, 2816, 192])
2026-08-15 22:01:56.387 | DEBUG    | core:as_tensor:724 - Loaded cache for /tmp/gemma4_full_model_cache/multichip/layer_7/expert_up_tp4_dtype_BFLOAT8_B_layout_TILE.tensorbin of shape Shape([1, 128, 2816, 192])
2026-08-15 22:01:56.412 | DEBUG    | core:as_tensor:724 - Loaded cache for /tmp/gemma4_full_model_cache/multichip/layer_7/expert_down_tp4_dtype_BFLOAT8_B_layout_TILE.tensorbin of shape Shape([1, 128, 192, 2816])
2026-08-15 22:01:56.412 | DEBUG    | core:as_tensor:724 - Loaded cache for /tmp/gemma4_full_model_cache/multichip/layer_7/expert_prefill_sparsity_dtype_BFLOAT16_layout_ROW_MAJOR.tensorbin of shape Shape([1, 1, 1, 128])
2026-08-15 22:01:56.417 | DEBUG    | core:as_tensor:724 - Loaded cache for /tmp/gemma4_full_model_cache/multichip/layer_7/packed_mlp_gate_up_decode_bfp4_tp4_dtype_BFLOAT4_B_layout_TILE.tensorbin of shape Shape([1, 1, 2816, 1088])
2026-08-15 22:01:56.868 | DEBUG    | core:as_tensor:724 - Loaded cache for /tmp/gemma4_full_model_cache/multichip/layer_8/layer_scalar_dtype_BFLOAT16_layout_TILE.tensorbin of shape Shape([1, 1, 1, 1])
2026-08-15 22:01:56.868 | DEBUG    | core:as_tensor:724 - Loaded cache for /tmp/gemma4_full_model_cache/multichip/layer_8/input_ln_dtype_BFLOAT16_layout_TILE.tensorbin of shape Shape([1, 1, 1, 2816])
2026-08-15 22:01:56.868 | DEBUG    | core:as_tensor:724 - Loaded cache for /tmp/gemma4_full_model_cache/multichip/layer_8/post_attn_ln_dtype_BFLOAT16_layout_TILE.tensorbin of shape Shape([1, 1, 1, 2816])
2026-08-15 22:01:56.868 | DEBUG    | core:as_tensor:724 - Loaded cache for /tmp/gemma4_full_model_cache/multichip/layer_8/pre_ff_ln_dtype_BFLOAT16_layout_TILE.tensorbin of shape Shape([1, 1, 1, 2816])
2026-08-15 22:01:56.869 | DEBUG    | core:as_tensor:724 - Loaded cache for /tmp/gemma4_full_model_cache/multichip/layer_8/post_ff_ln_dtype_BFLOAT16_layout_TILE.tensorbin of shape Shape([1, 1, 1, 2816])
2026-08-15 22:01:56.869 | DEBUG    | core:as_tensor:724 - Loaded cache for /tmp/gemma4_full_model_cache/multichip/layer_8/post_ff_ln_1_dtype_BFLOAT16_layout_TILE.tensorbin of shape Shape([1, 1, 1, 2816])
2026-08-15 22:01:56.869 | DEBUG    | core:as_tensor:724 - Loaded cache for /tmp/gemma4_full_model_cache/multichip/layer_8/post_ff_ln_2_dtype_BFLOAT16_layout_TILE.tensorbin of shape Shape([1, 1, 1, 2816])
2026-08-15 22:01:56.869 | DEBUG    | core:as_tensor:724 - Loaded cache for /tmp/gemma4_full_model_cache/multichip/layer_8/pre_ff_ln_2_dtype_BFLOAT16_layout_TILE.tensorbin of shape Shape([1, 1, 1, 2816])
2026-08-15 22:01:56.869 | DEBUG    | core:as_tensor:724 - Loaded cache for /tmp/gemma4_full_model_cache/multichip/layer_8/q_norm_dtype_BFLOAT16_layout_TILE.tensorbin of shape Shape([1, 1, 1, 256])
2026-08-15 22:01:56.869 | DEBUG    | core:as_tensor:724 - Loaded cache for /tmp/gemma4_full_model_cache/multichip/layer_8/k_norm_dtype_BFLOAT16_layout_TILE.tensorbin of shape Shape([1, 1, 1, 256])
2026-08-15 22:01:56.871 | DEBUG    | core:as_tensor:724 - Loaded cache for /tmp/gemma4_full_model_cache/multichip/layer_8/qkv_tp4_dtype_BFLOAT8_B_layout_TILE.tensorbin of shape Shape([1, 1, 2816, 2048])
2026-08-15 22:01:56.881 | DEBUG    | core:as_tensor:724 - Loaded cache for /tmp/gemma4_full_model_cache/multichip/layer_8/o_proj_tp4_dtype_BFLOAT8_B_layout_TILE.tensorbin of shape Shape([1, 1, 1024, 2816])
2026-08-15 22:01:56.882 | DEBUG    | core:as_tensor:724 - Loaded cache for /tmp/gemma4_full_model_cache/multichip/layer_8/mlp_gate_tp4_dtype_BFLOAT8_B_layout_TILE.tensorbin of shape Shape([1, 1, 2816, 544])
2026-08-15 22:01:56.882 | DEBUG    | core:as_tensor:724 - Loaded cache for /tmp/gemma4_full_model_cache/multichip/layer_8/mlp_up_tp4_dtype_BFLOAT8_B_layout_TILE.tensorbin of shape Shape([1, 1, 2816, 544])
2026-08-15 22:01:56.883 | DEBUG    | core:as_tensor:724 - Loaded cache for /tmp/gemma4_full_model_cache/multichip/layer_8/mlp_down_tp4_dtype_BFLOAT8_B_layout_TILE.tensorbin of shape Shape([1, 1, 544, 2816])
2026-08-15 22:01:56.883 | DEBUG    | core:as_tensor:724 - Loaded cache for /tmp/gemma4_full_model_cache/multichip/layer_8/router_scale_dtype_FLOAT32_layout_TILE.tensorbin of shape Shape([1, 1, 1, 2816])
2026-08-15 22:01:56.884 | DEBUG    | core:as_tensor:724 - Loaded cache for /tmp/gemma4_full_model_cache/multichip/layer_8/router_proj_dtype_FLOAT32_layout_TILE.tensorbin of shape Shape([1, 1, 2816, 128])
2026-08-15 22:01:56.884 | DEBUG    | core:as_tensor:724 - Loaded cache for /tmp/gemma4_full_model_cache/multichip/layer_8/router_per_expert_scale_dtype_FLOAT32_layout_TILE.tensorbin of shape Shape([1, 128])
2026-08-15 22:01:56.909 | DEBUG    | core:as_tensor:724 - Loaded cache for /tmp/gemma4_full_model_cache/multichip/layer_8/expert_gate_tp4_dtype_BFLOAT8_B_layout_TILE.tensorbin of shape Shape([1, 128, 2816, 192])
2026-08-15 22:01:56.934 | DEBUG    | core:as_tensor:724 - Loaded cache for /tmp/gemma4_full_model_cache/multichip/layer_8/expert_up_tp4_dtype_BFLOAT8_B_layout_TILE.tensorbin of shape Shape([1, 128, 2816, 192])
2026-08-15 22:01:56.959 | DEBUG    | core:as_tensor:724 - Loaded cache for /tmp/gemma4_full_model_cache/multichip/layer_8/expert_down_tp4_dtype_BFLOAT8_B_layout_TILE.tensorbin of shape Shape([1, 128, 192, 2816])
2026-08-15 22:01:56.960 | DEBUG    | core:as_tensor:724 - Loaded cache for /tmp/gemma4_full_model_cache/multichip/layer_8/expert_prefill_sparsity_dtype_BFLOAT16_layout_ROW_MAJOR.tensorbin of shape Shape([1, 1, 1, 128])
2026-08-15 22:01:56.965 | DEBUG    | core:as_tensor:724 - Loaded cache for /tmp/gemma4_full_model_cache/multichip/layer_8/packed_mlp_gate_up_decode_bfp4_tp4_dtype_BFLOAT4_B_layout_TILE.tensorbin of shape Shape([1, 1, 2816, 1088])
2026-08-15 22:01:57.412 | DEBUG    | core:as_tensor:724 - Loaded cache for /tmp/gemma4_full_model_cache/multichip/layer_9/layer_scalar_dtype_BFLOAT16_layout_TILE.tensorbin of shape Shape([1, 1, 1, 1])
2026-08-15 22:01:57.413 | DEBUG    | core:as_tensor:724 - Loaded cache for /tmp/gemma4_full_model_cache/multichip/layer_9/input_ln_dtype_BFLOAT16_layout_TILE.tensorbin of shape Shape([1, 1, 1, 2816])
2026-08-15 22:01:57.413 | DEBUG    | core:as_tensor:724 - Loaded cache for /tmp/gemma4_full_model_cache/multichip/layer_9/post_attn_ln_dtype_BFLOAT16_layout_TILE.tensorbin of shape Shape([1, 1, 1, 2816])
2026-08-15 22:01:57.413 | DEBUG    | core:as_tensor:724 - Loaded cache for /tmp/gemma4_full_model_cache/multichip/layer_9/pre_ff_ln_dtype_BFLOAT16_layout_TILE.tensorbin of shape Shape([1, 1, 1, 2816])
2026-08-15 22:01:57.413 | DEBUG    | core:as_tensor:724 - Loaded cache for /tmp/gemma4_full_model_cache/multichip/layer_9/post_ff_ln_dtype_BFLOAT16_layout_TILE.tensorbin of shape Shape([1, 1, 1, 2816])
2026-08-15 22:01:57.413 | DEBUG    | core:as_tensor:724 - Loaded cache for /tmp/gemma4_full_model_cache/multichip/layer_9/post_ff_ln_1_dtype_BFLOAT16_layout_TILE.tensorbin of shape Shape([1, 1, 1, 2816])
2026-08-15 22:01:57.414 | DEBUG    | core:as_tensor:724 - Loaded cache for /tmp/gemma4_full_model_cache/multichip/layer_9/post_ff_ln_2_dtype_BFLOAT16_layout_TILE.tensorbin of shape Shape([1, 1, 1, 2816])
2026-08-15 22:01:57.414 | DEBUG    | core:as_tensor:724 - Loaded cache for /tmp/gemma4_full_model_cache/multichip/layer_9/pre_ff_ln_2_dtype_BFLOAT16_layout_TILE.tensorbin of shape Shape([1, 1, 1, 2816])
2026-08-15 22:01:57.414 | DEBUG    | core:as_tensor:724 - Loaded cache for /tmp/gemma4_full_model_cache/multichip/layer_9/q_norm_dtype_BFLOAT16_layout_TILE.tensorbin of shape Shape([1, 1, 1, 256])
2026-08-15 22:01:57.414 | DEBUG    | core:as_tensor:724 - Loaded cache for /tmp/gemma4_full_model_cache/multichip/layer_9/k_norm_dtype_BFLOAT16_layout_TILE.tensorbin of shape Shape([1, 1, 1, 256])
2026-08-15 22:01:57.416 | DEBUG    | core:as_tensor:724 - Loaded cache for /tmp/gemma4_full_model_cache/multichip/layer_9/qkv_tp4_dtype_BFLOAT8_B_layout_TILE.tensorbin of shape Shape([1, 1, 2816, 2048])
2026-08-15 22:01:57.424 | DEBUG    | core:as_tensor:724 - Loaded cache for /tmp/gemma4_full_model_cache/multichip/layer_9/o_proj_tp4_dtype_BFLOAT8_B_layout_TILE.tensorbin of shape Shape([1, 1, 1024, 2816])
2026-08-15 22:01:57.425 | DEBUG    | core:as_tensor:724 - Loaded cache for /tmp/gemma4_full_model_cache/multichip/layer_9/mlp_gate_tp4_dtype_BFLOAT8_B_layout_TILE.tensorbin of shape Shape([1, 1, 2816, 544])
2026-08-15 22:01:57.426 | DEBUG    | core:as_tensor:724 - Loaded cache for /tmp/gemma4_full_model_cache/multichip/layer_9/mlp_up_tp4_dtype_BFLOAT8_B_layout_TILE.tensorbin of shape Shape([1, 1, 2816, 544])
2026-08-15 22:01:57.426 | DEBUG    | core:as_tensor:724 - Loaded cache for /tmp/gemma4_full_model_cache/multichip/layer_9/mlp_down_tp4_dtype_BFLOAT8_B_layout_TILE.tensorbin of shape Shape([1, 1, 544, 2816])
2026-08-15 22:01:57.427 | DEBUG    | core:as_tensor:724 - Loaded cache for /tmp/gemma4_full_model_cache/multichip/layer_9/router_scale_dtype_FLOAT32_layout_TILE.tensorbin of shape Shape([1, 1, 1, 2816])
2026-08-15 22:01:57.427 | DEBUG    | core:as_tensor:724 - Loaded cache for /tmp/gemma4_full_model_cache/multichip/layer_9/router_proj_dtype_FLOAT32_layout_TILE.tensorbin of shape Shape([1, 1, 2816, 128])
2026-08-15 22:01:57.428 | DEBUG    | core:as_tensor:724 - Loaded cache for /tmp/gemma4_full_model_cache/multichip/layer_9/router_per_expert_scale_dtype_FLOAT32_layout_TILE.tensorbin of shape Shape([1, 128])
2026-08-15 22:01:57.452 | DEBUG    | core:as_tensor:724 - Loaded cache for /tmp/gemma4_full_model_cache/multichip/layer_9/expert_gate_tp4_dtype_BFLOAT8_B_layout_TILE.tensorbin of shape Shape([1, 128, 2816, 192])
2026-08-15 22:01:57.477 | DEBUG    | core:as_tensor:724 - Loaded cache for /tmp/gemma4_full_model_cache/multichip/layer_9/expert_up_tp4_dtype_BFLOAT8_B_layout_TILE.tensorbin of shape Shape([1, 128, 2816, 192])
2026-08-15 22:01:57.502 | DEBUG    | core:as_tensor:724 - Loaded cache for /tmp/gemma4_full_model_cache/multichip/layer_9/expert_down_tp4_dtype_BFLOAT8_B_layout_TILE.tensorbin of shape Shape([1, 128, 192, 2816])
2026-08-15 22:01:57.502 | DEBUG    | core:as_tensor:724 - Loaded cache for /tmp/gemma4_full_model_cache/multichip/layer_9/expert_prefill_sparsity_dtype_BFLOAT16_layout_ROW_MAJOR.tensorbin of shape Shape([1, 1, 1, 128])
2026-08-15 22:01:57.507 | DEBUG    | core:as_tensor:724 - Loaded cache for /tmp/gemma4_full_model_cache/multichip/layer_9/packed_mlp_gate_up_decode_bfp4_tp4_dtype_BFLOAT4_B_layout_TILE.tensorbin of shape Shape([1, 1, 2816, 1088])
2026-08-15 22:01:57.935 | DEBUG    | core:as_tensor:724 - Loaded cache for /tmp/gemma4_full_model_cache/multichip/layer_10/layer_scalar_dtype_BFLOAT16_layout_TILE.tensorbin of shape Shape([1, 1, 1, 1])
2026-08-15 22:01:57.936 | DEBUG    | core:as_tensor:724 - Loaded cache for /tmp/gemma4_full_model_cache/multichip/layer_10/input_ln_dtype_BFLOAT16_layout_TILE.tensorbin of shape Shape([1, 1, 1, 2816])
2026-08-15 22:01:57.936 | DEBUG    | core:as_tensor:724 - Loaded cache for /tmp/gemma4_full_model_cache/multichip/layer_10/post_attn_ln_dtype_BFLOAT16_layout_TILE.tensorbin of shape Shape([1, 1, 1, 2816])
2026-08-15 22:01:57.936 | DEBUG    | core:as_tensor:724 - Loaded cache for /tmp/gemma4_full_model_cache/multichip/layer_10/pre_ff_ln_dtype_BFLOAT16_layout_TILE.tensorbin of shape Shape([1, 1, 1, 2816])
2026-08-15 22:01:57.936 | DEBUG    | core:as_tensor:724 - Loaded cache for /tmp/gemma4_full_model_cache/multichip/layer_10/post_ff_ln_dtype_BFLOAT16_layout_TILE.tensorbin of shape Shape([1, 1, 1, 2816])
2026-08-15 22:01:57.936 | DEBUG    | core:as_tensor:724 - Loaded cache for /tmp/gemma4_full_model_cache/multichip/layer_10/post_ff_ln_1_dtype_BFLOAT16_layout_TILE.tensorbin of shape Shape([1, 1, 1, 2816])
2026-08-15 22:01:57.937 | DEBUG    | core:as_tensor:724 - Loaded cache for /tmp/gemma4_full_model_cache/multichip/layer_10/post_ff_ln_2_dtype_BFLOAT16_layout_TILE.tensorbin of shape Shape([1, 1, 1, 2816])
2026-08-15 22:01:57.937 | DEBUG    | core:as_tensor:724 - Loaded cache for /tmp/gemma4_full_model_cache/multichip/layer_10/pre_ff_ln_2_dtype_BFLOAT16_layout_TILE.tensorbin of shape Shape([1, 1, 1, 2816])
2026-08-15 22:01:57.937 | DEBUG    | core:as_tensor:724 - Loaded cache for /tmp/gemma4_full_model_cache/multichip/layer_10/q_norm_dtype_BFLOAT16_layout_TILE.tensorbin of shape Shape([1, 1, 1, 256])
2026-08-15 22:01:57.937 | DEBUG    | core:as_tensor:724 - Loaded cache for /tmp/gemma4_full_model_cache/multichip/layer_10/k_norm_dtype_BFLOAT16_layout_TILE.tensorbin of shape Shape([1, 1, 1, 256])
2026-08-15 22:01:57.939 | DEBUG    | core:as_tensor:724 - Loaded cache for /tmp/gemma4_full_model_cache/multichip/layer_10/qkv_tp4_dtype_BFLOAT8_B_layout_TILE.tensorbin of shape Shape([1, 1, 2816, 2048])
2026-08-15 22:01:57.947 | DEBUG    | core:as_tensor:724 - Loaded cache for /tmp/gemma4_full_model_cache/multichip/layer_10/o_proj_tp4_dtype_BFLOAT8_B_layout_TILE.tensorbin of shape Shape([1, 1, 1024, 2816])
2026-08-15 22:01:57.948 | DEBUG    | core:as_tensor:724 - Loaded cache for /tmp/gemma4_full_model_cache/multichip/layer_10/mlp_gate_tp4_dtype_BFLOAT8_B_layout_TILE.tensorbin of shape Shape([1, 1, 2816, 544])
2026-08-15 22:01:57.949 | DEBUG    | core:as_tensor:724 - Loaded cache for /tmp/gemma4_full_model_cache/multichip/layer_10/mlp_up_tp4_dtype_BFLOAT8_B_layout_TILE.tensorbin of shape Shape([1, 1, 2816, 544])
2026-08-15 22:01:57.950 | DEBUG    | core:as_tensor:724 - Loaded cache for /tmp/gemma4_full_model_cache/multichip/layer_10/mlp_down_tp4_dtype_BFLOAT8_B_layout_TILE.tensorbin of shape Shape([1, 1, 544, 2816])
2026-08-15 22:01:57.950 | DEBUG    | core:as_tensor:724 - Loaded cache for /tmp/gemma4_full_model_cache/multichip/layer_10/router_scale_dtype_FLOAT32_layout_TILE.tensorbin of shape Shape([1, 1, 1, 2816])
2026-08-15 22:01:57.951 | DEBUG    | core:as_tensor:724 - Loaded cache for /tmp/gemma4_full_model_cache/multichip/layer_10/router_proj_dtype_FLOAT32_layout_TILE.tensorbin of shape Shape([1, 1, 2816, 128])
2026-08-15 22:01:57.951 | DEBUG    | core:as_tensor:724 - Loaded cache for /tmp/gemma4_full_model_cache/multichip/layer_10/router_per_expert_scale_dtype_FLOAT32_layout_TILE.tensorbin of shape Shape([1, 128])
2026-08-15 22:01:57.975 | DEBUG    | core:as_tensor:724 - Loaded cache for /tmp/gemma4_full_model_cache/multichip/layer_10/expert_gate_tp4_dtype_BFLOAT8_B_layout_TILE.tensorbin of shape Shape([1, 128, 2816, 192])
2026-08-15 22:01:58.000 | DEBUG    | core:as_tensor:724 - Loaded cache for /tmp/gemma4_full_model_cache/multichip/layer_10/expert_up_tp4_dtype_BFLOAT8_B_layout_TILE.tensorbin of shape Shape([1, 128, 2816, 192])
2026-08-15 22:01:58.026 | DEBUG    | core:as_tensor:724 - Loaded cache for /tmp/gemma4_full_model_cache/multichip/layer_10/expert_down_tp4_dtype_BFLOAT8_B_layout_TILE.tensorbin of shape Shape([1, 128, 192, 2816])
2026-08-15 22:01:58.027 | DEBUG    | core:as_tensor:724 - Loaded cache for /tmp/gemma4_full_model_cache/multichip/layer_10/expert_prefill_sparsity_dtype_BFLOAT16_layout_ROW_MAJOR.tensorbin of shape Shape([1, 1, 1, 128])
2026-08-15 22:01:58.033 | DEBUG    | core:as_tensor:724 - Loaded cache for /tmp/gemma4_full_model_cache/multichip/layer_10/packed_mlp_gate_up_decode_bfp4_tp4_dtype_BFLOAT4_B_layout_TILE.tensorbin of shape Shape([1, 1, 2816, 1088])
2026-08-15 22:01:58.496 | DEBUG    | core:as_tensor:724 - Loaded cache for /tmp/gemma4_full_model_cache/multichip/layer_11/layer_scalar_dtype_BFLOAT16_layout_TILE.tensorbin of shape Shape([1, 1, 1, 1])
2026-08-15 22:01:58.497 | DEBUG    | core:as_tensor:724 - Loaded cache for /tmp/gemma4_full_model_cache/multichip/layer_11/input_ln_dtype_BFLOAT16_layout_TILE.tensorbin of shape Shape([1, 1, 1, 2816])
2026-08-15 22:01:58.497 | DEBUG    | core:as_tensor:724 - Loaded cache for /tmp/gemma4_full_model_cache/multichip/layer_11/post_attn_ln_dtype_BFLOAT16_layout_TILE.tensorbin of shape Shape([1, 1, 1, 2816])
2026-08-15 22:01:58.497 | DEBUG    | core:as_tensor:724 - Loaded cache for /tmp/gemma4_full_model_cache/multichip/layer_11/pre_ff_ln_dtype_BFLOAT16_layout_TILE.tensorbin of shape Shape([1, 1, 1, 2816])
2026-08-15 22:01:58.497 | DEBUG    | core:as_tensor:724 - Loaded cache for /tmp/gemma4_full_model_cache/multichip/layer_11/post_ff_ln_dtype_BFLOAT16_layout_TILE.tensorbin of shape Shape([1, 1, 1, 2816])
2026-08-15 22:01:58.497 | DEBUG    | core:as_tensor:724 - Loaded cache for /tmp/gemma4_full_model_cache/multichip/layer_11/post_ff_ln_1_dtype_BFLOAT16_layout_TILE.tensorbin of shape Shape([1, 1, 1, 2816])
2026-08-15 22:01:58.497 | DEBUG    | core:as_tensor:724 - Loaded cache for /tmp/gemma4_full_model_cache/multichip/layer_11/post_ff_ln_2_dtype_BFLOAT16_layout_TILE.tensorbin of shape Shape([1, 1, 1, 2816])
2026-08-15 22:01:58.498 | DEBUG    | core:as_tensor:724 - Loaded cache for /tmp/gemma4_full_model_cache/multichip/layer_11/pre_ff_ln_2_dtype_BFLOAT16_layout_TILE.tensorbin of shape Shape([1, 1, 1, 2816])
2026-08-15 22:01:58.498 | DEBUG    | core:as_tensor:724 - Loaded cache for /tmp/gemma4_full_model_cache/multichip/layer_11/q_norm_dtype_BFLOAT16_layout_TILE.tensorbin of shape Shape([1, 1, 1, 512])
2026-08-15 22:01:58.498 | DEBUG    | core:as_tensor:724 - Loaded cache for /tmp/gemma4_full_model_cache/multichip/layer_11/k_norm_dtype_BFLOAT16_layout_TILE.tensorbin of shape Shape([1, 1, 1, 512])
2026-08-15 22:01:58.504 | DEBUG    | core:as_tensor:724 - Loaded cache for /tmp/gemma4_full_model_cache/multichip/layer_11/qkv_tp4_dtype_BFLOAT8_B_layout_TILE.tensorbin of shape Shape([1, 1, 2816, 3072])
2026-08-15 22:01:58.522 | DEBUG    | core:as_tensor:724 - Loaded cache for /tmp/gemma4_full_model_cache/multichip/layer_11/o_proj_tp4_dtype_BFLOAT8_B_layout_TILE.tensorbin of shape Shape([1, 1, 2048, 2816])
2026-08-15 22:01:58.524 | DEBUG    | core:as_tensor:724 - Loaded cache for /tmp/gemma4_full_model_cache/multichip/layer_11/mlp_gate_tp4_dtype_BFLOAT8_B_layout_TILE.tensorbin of shape Shape([1, 1, 2816, 544])
2026-08-15 22:01:58.525 | DEBUG    | core:as_tensor:724 - Loaded cache for /tmp/gemma4_full_model_cache/multichip/layer_11/mlp_up_tp4_dtype_BFLOAT8_B_layout_TILE.tensorbin of shape Shape([1, 1, 2816, 544])
2026-08-15 22:01:58.526 | DEBUG    | core:as_tensor:724 - Loaded cache for /tmp/gemma4_full_model_cache/multichip/layer_11/mlp_down_tp4_dtype_BFLOAT8_B_layout_TILE.tensorbin of shape Shape([1, 1, 544, 2816])
2026-08-15 22:01:58.526 | DEBUG    | core:as_tensor:724 - Loaded cache for /tmp/gemma4_full_model_cache/multichip/layer_11/router_scale_dtype_FLOAT32_layout_TILE.tensorbin of shape Shape([1, 1, 1, 2816])
2026-08-15 22:01:58.527 | DEBUG    | core:as_tensor:724 - Loaded cache for /tmp/gemma4_full_model_cache/multichip/layer_11/router_proj_dtype_FLOAT32_layout_TILE.tensorbin of shape Shape([1, 1, 2816, 128])
2026-08-15 22:01:58.527 | DEBUG    | core:as_tensor:724 - Loaded cache for /tmp/gemma4_full_model_cache/multichip/layer_11/router_per_expert_scale_dtype_FLOAT32_layout_TILE.tensorbin of shape Shape([1, 128])
2026-08-15 22:01:58.551 | DEBUG    | core:as_tensor:724 - Loaded cache for /tmp/gemma4_full_model_cache/multichip/layer_11/expert_gate_tp4_dtype_BFLOAT8_B_layout_TILE.tensorbin of shape Shape([1, 128, 2816, 192])
2026-08-15 22:01:58.575 | DEBUG    | core:as_tensor:724 - Loaded cache for /tmp/gemma4_full_model_cache/multichip/layer_11/expert_up_tp4_dtype_BFLOAT8_B_layout_TILE.tensorbin of shape Shape([1, 128, 2816, 192])
2026-08-15 22:01:58.599 | DEBUG    | core:as_tensor:724 - Loaded cache for /tmp/gemma4_full_model_cache/multichip/layer_11/expert_down_tp4_dtype_BFLOAT8_B_layout_TILE.tensorbin of shape Shape([1, 128, 192, 2816])
2026-08-15 22:01:58.600 | DEBUG    | core:as_tensor:724 - Loaded cache for /tmp/gemma4_full_model_cache/multichip/layer_11/expert_prefill_sparsity_dtype_BFLOAT16_layout_ROW_MAJOR.tensorbin of shape Shape([1, 1, 1, 128])
2026-08-15 22:01:58.605 | DEBUG    | core:as_tensor:724 - Loaded cache for /tmp/gemma4_full_model_cache/multichip/layer_11/packed_mlp_gate_up_decode_bfp4_tp4_dtype_BFLOAT4_B_layout_TILE.tensorbin of shape Shape([1, 1, 2816, 1088])
2026-08-15 22:01:59.076 | DEBUG    | core:as_tensor:724 - Loaded cache for /tmp/gemma4_full_model_cache/multichip/layer_12/layer_scalar_dtype_BFLOAT16_layout_TILE.tensorbin of shape Shape([1, 1, 1, 1])
2026-08-15 22:01:59.076 | DEBUG    | core:as_tensor:724 - Loaded cache for /tmp/gemma4_full_model_cache/multichip/layer_12/input_ln_dtype_BFLOAT16_layout_TILE.tensorbin of shape Shape([1, 1, 1, 2816])
2026-08-15 22:01:59.077 | DEBUG    | core:as_tensor:724 - Loaded cache for /tmp/gemma4_full_model_cache/multichip/layer_12/post_attn_ln_dtype_BFLOAT16_layout_TILE.tensorbin of shape Shape([1, 1, 1, 2816])
2026-08-15 22:01:59.077 | DEBUG    | core:as_tensor:724 - Loaded cache for /tmp/gemma4_full_model_cache/multichip/layer_12/pre_ff_ln_dtype_BFLOAT16_layout_TILE.tensorbin of shape Shape([1, 1, 1, 2816])
2026-08-15 22:01:59.077 | DEBUG    | core:as_tensor:724 - Loaded cache for /tmp/gemma4_full_model_cache/multichip/layer_12/post_ff_ln_dtype_BFLOAT16_layout_TILE.tensorbin of shape Shape([1, 1, 1, 2816])
2026-08-15 22:01:59.077 | DEBUG    | core:as_tensor:724 - Loaded cache for /tmp/gemma4_full_model_cache/multichip/layer_12/post_ff_ln_1_dtype_BFLOAT16_layout_TILE.tensorbin of shape Shape([1, 1, 1, 2816])
2026-08-15 22:01:59.077 | DEBUG    | core:as_tensor:724 - Loaded cache for /tmp/gemma4_full_model_cache/multichip/layer_12/post_ff_ln_2_dtype_BFLOAT16_layout_TILE.tensorbin of shape Shape([1, 1, 1, 2816])
2026-08-15 22:01:59.078 | DEBUG    | core:as_tensor:724 - Loaded cache for /tmp/gemma4_full_model_cache/multichip/layer_12/pre_ff_ln_2_dtype_BFLOAT16_layout_TILE.tensorbin of shape Shape([1, 1, 1, 2816])
2026-08-15 22:01:59.078 | DEBUG    | core:as_tensor:724 - Loaded cache for /tmp/gemma4_full_model_cache/multichip/layer_12/q_norm_dtype_BFLOAT16_layout_TILE.tensorbin of shape Shape([1, 1, 1, 256])
2026-08-15 22:01:59.078 | DEBUG    | core:as_tensor:724 - Loaded cache for /tmp/gemma4_full_model_cache/multichip/layer_12/k_norm_dtype_BFLOAT16_layout_TILE.tensorbin of shape Shape([1, 1, 1, 256])
2026-08-15 22:01:59.080 | DEBUG    | core:as_tensor:724 - Loaded cache for /tmp/gemma4_full_model_cache/multichip/layer_12/qkv_tp4_dtype_BFLOAT8_B_layout_TILE.tensorbin of shape Shape([1, 1, 2816, 2048])
2026-08-15 22:01:59.087 | DEBUG    | core:as_tensor:724 - Loaded cache for /tmp/gemma4_full_model_cache/multichip/layer_12/o_proj_tp4_dtype_BFLOAT8_B_layout_TILE.tensorbin of shape Shape([1, 1, 1024, 2816])
2026-08-15 22:01:59.088 | DEBUG    | core:as_tensor:724 - Loaded cache for /tmp/gemma4_full_model_cache/multichip/layer_12/mlp_gate_tp4_dtype_BFLOAT8_B_layout_TILE.tensorbin of shape Shape([1, 1, 2816, 544])
2026-08-15 22:01:59.089 | DEBUG    | core:as_tensor:724 - Loaded cache for /tmp/gemma4_full_model_cache/multichip/layer_12/mlp_up_tp4_dtype_BFLOAT8_B_layout_TILE.tensorbin of shape Shape([1, 1, 2816, 544])
2026-08-15 22:01:59.089 | DEBUG    | core:as_tensor:724 - Loaded cache for /tmp/gemma4_full_model_cache/multichip/layer_12/mlp_down_tp4_dtype_BFLOAT8_B_layout_TILE.tensorbin of shape Shape([1, 1, 544, 2816])
2026-08-15 22:01:59.090 | DEBUG    | core:as_tensor:724 - Loaded cache for /tmp/gemma4_full_model_cache/multichip/layer_12/router_scale_dtype_FLOAT32_layout_TILE.tensorbin of shape Shape([1, 1, 1, 2816])
2026-08-15 22:01:59.090 | DEBUG    | core:as_tensor:724 - Loaded cache for /tmp/gemma4_full_model_cache/multichip/layer_12/router_proj_dtype_FLOAT32_layout_TILE.tensorbin of shape Shape([1, 1, 2816, 128])
2026-08-15 22:01:59.091 | DEBUG    | core:as_tensor:724 - Loaded cache for /tmp/gemma4_full_model_cache/multichip/layer_12/router_per_expert_scale_dtype_FLOAT32_layout_TILE.tensorbin of shape Shape([1, 128])
2026-08-15 22:01:59.115 | DEBUG    | core:as_tensor:724 - Loaded cache for /tmp/gemma4_full_model_cache/multichip/layer_12/expert_gate_tp4_dtype_BFLOAT8_B_layout_TILE.tensorbin of shape Shape([1, 128, 2816, 192])
2026-08-15 22:01:59.140 | DEBUG    | core:as_tensor:724 - Loaded cache for /tmp/gemma4_full_model_cache/multichip/layer_12/expert_up_tp4_dtype_BFLOAT8_B_layout_TILE.tensorbin of shape Shape([1, 128, 2816, 192])
2026-08-15 22:01:59.164 | DEBUG    | core:as_tensor:724 - Loaded cache for /tmp/gemma4_full_model_cache/multichip/layer_12/expert_down_tp4_dtype_BFLOAT8_B_layout_TILE.tensorbin of shape Shape([1, 128, 192, 2816])
2026-08-15 22:01:59.165 | DEBUG    | core:as_tensor:724 - Loaded cache for /tmp/gemma4_full_model_cache/multichip/layer_12/expert_prefill_sparsity_dtype_BFLOAT16_layout_ROW_MAJOR.tensorbin of shape Shape([1, 1, 1, 128])
2026-08-15 22:01:59.170 | DEBUG    | core:as_tensor:724 - Loaded cache for /tmp/gemma4_full_model_cache/multichip/layer_12/packed_mlp_gate_up_decode_bfp4_tp4_dtype_BFLOAT4_B_layout_TILE.tensorbin of shape Shape([1, 1, 2816, 1088])
2026-08-15 22:01:59.612 | DEBUG    | core:as_tensor:724 - Loaded cache for /tmp/gemma4_full_model_cache/multichip/layer_13/layer_scalar_dtype_BFLOAT16_layout_TILE.tensorbin of shape Shape([1, 1, 1, 1])
2026-08-15 22:01:59.612 | DEBUG    | core:as_tensor:724 - Loaded cache for /tmp/gemma4_full_model_cache/multichip/layer_13/input_ln_dtype_BFLOAT16_layout_TILE.tensorbin of shape Shape([1, 1, 1, 2816])
2026-08-15 22:01:59.613 | DEBUG    | core:as_tensor:724 - Loaded cache for /tmp/gemma4_full_model_cache/multichip/layer_13/post_attn_ln_dtype_BFLOAT16_layout_TILE.tensorbin of shape Shape([1, 1, 1, 2816])
2026-08-15 22:01:59.613 | DEBUG    | core:as_tensor:724 - Loaded cache for /tmp/gemma4_full_model_cache/multichip/layer_13/pre_ff_ln_dtype_BFLOAT16_layout_TILE.tensorbin of shape Shape([1, 1, 1, 2816])
2026-08-15 22:01:59.613 | DEBUG    | core:as_tensor:724 - Loaded cache for /tmp/gemma4_full_model_cache/multichip/layer_13/post_ff_ln_dtype_BFLOAT16_layout_TILE.tensorbin of shape Shape([1, 1, 1, 2816])
2026-08-15 22:01:59.613 | DEBUG    | core:as_tensor:724 - Loaded cache for /tmp/gemma4_full_model_cache/multichip/layer_13/post_ff_ln_1_dtype_BFLOAT16_layout_TILE.tensorbin of shape Shape([1, 1, 1, 2816])
2026-08-15 22:01:59.613 | DEBUG    | core:as_tensor:724 - Loaded cache for /tmp/gemma4_full_model_cache/multichip/layer_13/post_ff_ln_2_dtype_BFLOAT16_layout_TILE.tensorbin of shape Shape([1, 1, 1, 2816])
2026-08-15 22:01:59.613 | DEBUG    | core:as_tensor:724 - Loaded cache for /tmp/gemma4_full_model_cache/multichip/layer_13/pre_ff_ln_2_dtype_BFLOAT16_layout_TILE.tensorbin of shape Shape([1, 1, 1, 2816])
2026-08-15 22:01:59.613 | DEBUG    | core:as_tensor:724 - Loaded cache for /tmp/gemma4_full_model_cache/multichip/layer_13/q_norm_dtype_BFLOAT16_layout_TILE.tensorbin of shape Shape([1, 1, 1, 256])
2026-08-15 22:01:59.614 | DEBUG    | core:as_tensor:724 - Loaded cache for /tmp/gemma4_full_model_cache/multichip/layer_13/k_norm_dtype_BFLOAT16_layout_TILE.tensorbin of shape Shape([1, 1, 1, 256])
2026-08-15 22:01:59.616 | DEBUG    | core:as_tensor:724 - Loaded cache for /tmp/gemma4_full_model_cache/multichip/layer_13/qkv_tp4_dtype_BFLOAT8_B_layout_TILE.tensorbin of shape Shape([1, 1, 2816, 2048])
2026-08-15 22:01:59.622 | DEBUG    | core:as_tensor:724 - Loaded cache for /tmp/gemma4_full_model_cache/multichip/layer_13/o_proj_tp4_dtype_BFLOAT8_B_layout_TILE.tensorbin of shape Shape([1, 1, 1024, 2816])
2026-08-15 22:01:59.623 | DEBUG    | core:as_tensor:724 - Loaded cache for /tmp/gemma4_full_model_cache/multichip/layer_13/mlp_gate_tp4_dtype_BFLOAT8_B_layout_TILE.tensorbin of shape Shape([1, 1, 2816, 544])
2026-08-15 22:01:59.624 | DEBUG    | core:as_tensor:724 - Loaded cache for /tmp/gemma4_full_model_cache/multichip/layer_13/mlp_up_tp4_dtype_BFLOAT8_B_layout_TILE.tensorbin of shape Shape([1, 1, 2816, 544])
2026-08-15 22:01:59.624 | DEBUG    | core:as_tensor:724 - Loaded cache for /tmp/gemma4_full_model_cache/multichip/layer_13/mlp_down_tp4_dtype_BFLOAT8_B_layout_TILE.tensorbin of shape Shape([1, 1, 544, 2816])
2026-08-15 22:01:59.625 | DEBUG    | core:as_tensor:724 - Loaded cache for /tmp/gemma4_full_model_cache/multichip/layer_13/router_scale_dtype_FLOAT32_layout_TILE.tensorbin of shape Shape([1, 1, 1, 2816])
2026-08-15 22:01:59.625 | DEBUG    | core:as_tensor:724 - Loaded cache for /tmp/gemma4_full_model_cache/multichip/layer_13/router_proj_dtype_FLOAT32_layout_TILE.tensorbin of shape Shape([1, 1, 2816, 128])
2026-08-15 22:01:59.626 | DEBUG    | core:as_tensor:724 - Loaded cache for /tmp/gemma4_full_model_cache/multichip/layer_13/router_per_expert_scale_dtype_FLOAT32_layout_TILE.tensorbin of shape Shape([1, 128])
2026-08-15 22:01:59.649 | DEBUG    | core:as_tensor:724 - Loaded cache for /tmp/gemma4_full_model_cache/multichip/layer_13/expert_gate_tp4_dtype_BFLOAT8_B_layout_TILE.tensorbin of shape Shape([1, 128, 2816, 192])
2026-08-15 22:01:59.674 | DEBUG    | core:as_tensor:724 - Loaded cache for /tmp/gemma4_full_model_cache/multichip/layer_13/expert_up_tp4_dtype_BFLOAT8_B_layout_TILE.tensorbin of shape Shape([1, 128, 2816, 192])
2026-08-15 22:01:59.698 | DEBUG    | core:as_tensor:724 - Loaded cache for /tmp/gemma4_full_model_cache/multichip/layer_13/expert_down_tp4_dtype_BFLOAT8_B_layout_TILE.tensorbin of shape Shape([1, 128, 192, 2816])
2026-08-15 22:01:59.698 | DEBUG    | core:as_tensor:724 - Loaded cache for /tmp/gemma4_full_model_cache/multichip/layer_13/expert_prefill_sparsity_dtype_BFLOAT16_layout_ROW_MAJOR.tensorbin of shape Shape([1, 1, 1, 128])
2026-08-15 22:01:59.703 | DEBUG    | core:as_tensor:724 - Loaded cache for /tmp/gemma4_full_model_cache/multichip/layer_13/packed_mlp_gate_up_decode_bfp4_tp4_dtype_BFLOAT4_B_layout_TILE.tensorbin of shape Shape([1, 1, 2816, 1088])
2026-08-15 22:02:00.165 | DEBUG    | core:as_tensor:724 - Loaded cache for /tmp/gemma4_full_model_cache/multichip/layer_14/layer_scalar_dtype_BFLOAT16_layout_TILE.tensorbin of shape Shape([1, 1, 1, 1])
2026-08-15 22:02:00.165 | DEBUG    | core:as_tensor:724 - Loaded cache for /tmp/gemma4_full_model_cache/multichip/layer_14/input_ln_dtype_BFLOAT16_layout_TILE.tensorbin of shape Shape([1, 1, 1, 2816])
2026-08-15 22:02:00.166 | DEBUG    | core:as_tensor:724 - Loaded cache for /tmp/gemma4_full_model_cache/multichip/layer_14/post_attn_ln_dtype_BFLOAT16_layout_TILE.tensorbin of shape Shape([1, 1, 1, 2816])
2026-08-15 22:02:00.166 | DEBUG    | core:as_tensor:724 - Loaded cache for /tmp/gemma4_full_model_cache/multichip/layer_14/pre_ff_ln_dtype_BFLOAT16_layout_TILE.tensorbin of shape Shape([1, 1, 1, 2816])
2026-08-15 22:02:00.166 | DEBUG    | core:as_tensor:724 - Loaded cache for /tmp/gemma4_full_model_cache/multichip/layer_14/post_ff_ln_dtype_BFLOAT16_layout_TILE.tensorbin of shape Shape([1, 1, 1, 2816])
2026-08-15 22:02:00.167 | DEBUG    | core:as_tensor:724 - Loaded cache for /tmp/gemma4_full_model_cache/multichip/layer_14/post_ff_ln_1_dtype_BFLOAT16_layout_TILE.tensorbin of shape Shape([1, 1, 1, 2816])
2026-08-15 22:02:00.167 | DEBUG    | core:as_tensor:724 - Loaded cache for /tmp/gemma4_full_model_cache/multichip/layer_14/post_ff_ln_2_dtype_BFLOAT16_layout_TILE.tensorbin of shape Shape([1, 1, 1, 2816])
2026-08-15 22:02:00.167 | DEBUG    | core:as_tensor:724 - Loaded cache for /tmp/gemma4_full_model_cache/multichip/layer_14/pre_ff_ln_2_dtype_BFLOAT16_layout_TILE.tensorbin of shape Shape([1, 1, 1, 2816])
2026-08-15 22:02:00.167 | DEBUG    | core:as_tensor:724 - Loaded cache for /tmp/gemma4_full_model_cache/multichip/layer_14/q_norm_dtype_BFLOAT16_layout_TILE.tensorbin of shape Shape([1, 1, 1, 256])
2026-08-15 22:02:00.167 | DEBUG    | core:as_tensor:724 - Loaded cache for /tmp/gemma4_full_model_cache/multichip/layer_14/k_norm_dtype_BFLOAT16_layout_TILE.tensorbin of shape Shape([1, 1, 1, 256])
2026-08-15 22:02:00.169 | DEBUG    | core:as_tensor:724 - Loaded cache for /tmp/gemma4_full_model_cache/multichip/layer_14/qkv_tp4_dtype_BFLOAT8_B_layout_TILE.tensorbin of shape Shape([1, 1, 2816, 2048])
2026-08-15 22:02:00.178 | DEBUG    | core:as_tensor:724 - Loaded cache for /tmp/gemma4_full_model_cache/multichip/layer_14/o_proj_tp4_dtype_BFLOAT8_B_layout_TILE.tensorbin of shape Shape([1, 1, 1024, 2816])
2026-08-15 22:02:00.179 | DEBUG    | core:as_tensor:724 - Loaded cache for /tmp/gemma4_full_model_cache/multichip/layer_14/mlp_gate_tp4_dtype_BFLOAT8_B_layout_TILE.tensorbin of shape Shape([1, 1, 2816, 544])
2026-08-15 22:02:00.180 | DEBUG    | core:as_tensor:724 - Loaded cache for /tmp/gemma4_full_model_cache/multichip/layer_14/mlp_up_tp4_dtype_BFLOAT8_B_layout_TILE.tensorbin of shape Shape([1, 1, 2816, 544])
2026-08-15 22:02:00.180 | DEBUG    | core:as_tensor:724 - Loaded cache for /tmp/gemma4_full_model_cache/multichip/layer_14/mlp_down_tp4_dtype_BFLOAT8_B_layout_TILE.tensorbin of shape Shape([1, 1, 544, 2816])
2026-08-15 22:02:00.181 | DEBUG    | core:as_tensor:724 - Loaded cache for /tmp/gemma4_full_model_cache/multichip/layer_14/router_scale_dtype_FLOAT32_layout_TILE.tensorbin of shape Shape([1, 1, 1, 2816])
2026-08-15 22:02:00.182 | DEBUG    | core:as_tensor:724 - Loaded cache for /tmp/gemma4_full_model_cache/multichip/layer_14/router_proj_dtype_FLOAT32_layout_TILE.tensorbin of shape Shape([1, 1, 2816, 128])
2026-08-15 22:02:00.182 | DEBUG    | core:as_tensor:724 - Loaded cache for /tmp/gemma4_full_model_cache/multichip/layer_14/router_per_expert_scale_dtype_FLOAT32_layout_TILE.tensorbin of shape Shape([1, 128])
2026-08-15 22:02:00.208 | DEBUG    | core:as_tensor:724 - Loaded cache for /tmp/gemma4_full_model_cache/multichip/layer_14/expert_gate_tp4_dtype_BFLOAT8_B_layout_TILE.tensorbin of shape Shape([1, 128, 2816, 192])
2026-08-15 22:02:00.236 | DEBUG    | core:as_tensor:724 - Loaded cache for /tmp/gemma4_full_model_cache/multichip/layer_14/expert_up_tp4_dtype_BFLOAT8_B_layout_TILE.tensorbin of shape Shape([1, 128, 2816, 192])
2026-08-15 22:02:00.266 | DEBUG    | core:as_tensor:724 - Loaded cache for /tmp/gemma4_full_model_cache/multichip/layer_14/expert_down_tp4_dtype_BFLOAT8_B_layout_TILE.tensorbin of shape Shape([1, 128, 192, 2816])
2026-08-15 22:02:00.267 | DEBUG    | core:as_tensor:724 - Loaded cache for /tmp/gemma4_full_model_cache/multichip/layer_14/expert_prefill_sparsity_dtype_BFLOAT16_layout_ROW_MAJOR.tensorbin of shape Shape([1, 1, 1, 128])
2026-08-15 22:02:00.272 | DEBUG    | core:as_tensor:724 - Loaded cache for /tmp/gemma4_full_model_cache/multichip/layer_14/packed_mlp_gate_up_decode_bfp4_tp4_dtype_BFLOAT4_B_layout_TILE.tensorbin of shape Shape([1, 1, 2816, 1088])
2026-08-15 22:02:00.734 | DEBUG    | core:as_tensor:724 - Loaded cache for /tmp/gemma4_full_model_cache/multichip/layer_15/layer_scalar_dtype_BFLOAT16_layout_TILE.tensorbin of shape Shape([1, 1, 1, 1])
2026-08-15 22:02:00.734 | DEBUG    | core:as_tensor:724 - Loaded cache for /tmp/gemma4_full_model_cache/multichip/layer_15/input_ln_dtype_BFLOAT16_layout_TILE.tensorbin of shape Shape([1, 1, 1, 2816])
2026-08-15 22:02:00.734 | DEBUG    | core:as_tensor:724 - Loaded cache for /tmp/gemma4_full_model_cache/multichip/layer_15/post_attn_ln_dtype_BFLOAT16_layout_TILE.tensorbin of shape Shape([1, 1, 1, 2816])
2026-08-15 22:02:00.735 | DEBUG    | core:as_tensor:724 - Loaded cache for /tmp/gemma4_full_model_cache/multichip/layer_15/pre_ff_ln_dtype_BFLOAT16_layout_TILE.tensorbin of shape Shape([1, 1, 1, 2816])
2026-08-15 22:02:00.735 | DEBUG    | core:as_tensor:724 - Loaded cache for /tmp/gemma4_full_model_cache/multichip/layer_15/post_ff_ln_dtype_BFLOAT16_layout_TILE.tensorbin of shape Shape([1, 1, 1, 2816])
2026-08-15 22:02:00.735 | DEBUG    | core:as_tensor:724 - Loaded cache for /tmp/gemma4_full_model_cache/multichip/layer_15/post_ff_ln_1_dtype_BFLOAT16_layout_TILE.tensorbin of shape Shape([1, 1, 1, 2816])
2026-08-15 22:02:00.735 | DEBUG    | core:as_tensor:724 - Loaded cache for /tmp/gemma4_full_model_cache/multichip/layer_15/post_ff_ln_2_dtype_BFLOAT16_layout_TILE.tensorbin of shape Shape([1, 1, 1, 2816])
2026-08-15 22:02:00.735 | DEBUG    | core:as_tensor:724 - Loaded cache for /tmp/gemma4_full_model_cache/multichip/layer_15/pre_ff_ln_2_dtype_BFLOAT16_layout_TILE.tensorbin of shape Shape([1, 1, 1, 2816])
2026-08-15 22:02:00.735 | DEBUG    | core:as_tensor:724 - Loaded cache for /tmp/gemma4_full_model_cache/multichip/layer_15/q_norm_dtype_BFLOAT16_layout_TILE.tensorbin of shape Shape([1, 1, 1, 256])
2026-08-15 22:02:00.736 | DEBUG    | core:as_tensor:724 - Loaded cache for /tmp/gemma4_full_model_cache/multichip/layer_15/k_norm_dtype_BFLOAT16_layout_TILE.tensorbin of shape Shape([1, 1, 1, 256])
2026-08-15 22:02:00.738 | DEBUG    | core:as_tensor:724 - Loaded cache for /tmp/gemma4_full_model_cache/multichip/layer_15/qkv_tp4_dtype_BFLOAT8_B_layout_TILE.tensorbin of shape Shape([1, 1, 2816, 2048])
2026-08-15 22:02:00.744 | DEBUG    | core:as_tensor:724 - Loaded cache for /tmp/gemma4_full_model_cache/multichip/layer_15/o_proj_tp4_dtype_BFLOAT8_B_layout_TILE.tensorbin of shape Shape([1, 1, 1024, 2816])
2026-08-15 22:02:00.745 | DEBUG    | core:as_tensor:724 - Loaded cache for /tmp/gemma4_full_model_cache/multichip/layer_15/mlp_gate_tp4_dtype_BFLOAT8_B_layout_TILE.tensorbin of shape Shape([1, 1, 2816, 544])
2026-08-15 22:02:00.746 | DEBUG    | core:as_tensor:724 - Loaded cache for /tmp/gemma4_full_model_cache/multichip/layer_15/mlp_up_tp4_dtype_BFLOAT8_B_layout_TILE.tensorbin of shape Shape([1, 1, 2816, 544])
2026-08-15 22:02:00.746 | DEBUG    | core:as_tensor:724 - Loaded cache for /tmp/gemma4_full_model_cache/multichip/layer_15/mlp_down_tp4_dtype_BFLOAT8_B_layout_TILE.tensorbin of shape Shape([1, 1, 544, 2816])
2026-08-15 22:02:00.747 | DEBUG    | core:as_tensor:724 - Loaded cache for /tmp/gemma4_full_model_cache/multichip/layer_15/router_scale_dtype_FLOAT32_layout_TILE.tensorbin of shape Shape([1, 1, 1, 2816])
2026-08-15 22:02:00.747 | DEBUG    | core:as_tensor:724 - Loaded cache for /tmp/gemma4_full_model_cache/multichip/layer_15/router_proj_dtype_FLOAT32_layout_TILE.tensorbin of shape Shape([1, 1, 2816, 128])
2026-08-15 22:02:00.748 | DEBUG    | core:as_tensor:724 - Loaded cache for /tmp/gemma4_full_model_cache/multichip/layer_15/router_per_expert_scale_dtype_FLOAT32_layout_TILE.tensorbin of shape Shape([1, 128])
2026-08-15 22:02:00.776 | DEBUG    | core:as_tensor:724 - Loaded cache for /tmp/gemma4_full_model_cache/multichip/layer_15/expert_gate_tp4_dtype_BFLOAT8_B_layout_TILE.tensorbin of shape Shape([1, 128, 2816, 192])
2026-08-15 22:02:00.805 | DEBUG    | core:as_tensor:724 - Loaded cache for /tmp/gemma4_full_model_cache/multichip/layer_15/expert_up_tp4_dtype_BFLOAT8_B_layout_TILE.tensorbin of shape Shape([1, 128, 2816, 192])
2026-08-15 22:02:00.833 | DEBUG    | core:as_tensor:724 - Loaded cache for /tmp/gemma4_full_model_cache/multichip/layer_15/expert_down_tp4_dtype_BFLOAT8_B_layout_TILE.tensorbin of shape Shape([1, 128, 192, 2816])
2026-08-15 22:02:00.834 | DEBUG    | core:as_tensor:724 - Loaded cache for /tmp/gemma4_full_model_cache/multichip/layer_15/expert_prefill_sparsity_dtype_BFLOAT16_layout_ROW_MAJOR.tensorbin of shape Shape([1, 1, 1, 128])
2026-08-15 22:02:00.839 | DEBUG    | core:as_tensor:724 - Loaded cache for /tmp/gemma4_full_model_cache/multichip/layer_15/packed_mlp_gate_up_decode_bfp4_tp4_dtype_BFLOAT4_B_layout_TILE.tensorbin of shape Shape([1, 1, 2816, 1088])
2026-08-15 22:02:01.284 | DEBUG    | core:as_tensor:724 - Loaded cache for /tmp/gemma4_full_model_cache/multichip/layer_16/layer_scalar_dtype_BFLOAT16_layout_TILE.tensorbin of shape Shape([1, 1, 1, 1])
2026-08-15 22:02:01.284 | DEBUG    | core:as_tensor:724 - Loaded cache for /tmp/gemma4_full_model_cache/multichip/layer_16/input_ln_dtype_BFLOAT16_layout_TILE.tensorbin of shape Shape([1, 1, 1, 2816])
2026-08-15 22:02:01.285 | DEBUG    | core:as_tensor:724 - Loaded cache for /tmp/gemma4_full_model_cache/multichip/layer_16/post_attn_ln_dtype_BFLOAT16_layout_TILE.tensorbin of shape Shape([1, 1, 1, 2816])
2026-08-15 22:02:01.285 | DEBUG    | core:as_tensor:724 - Loaded cache for /tmp/gemma4_full_model_cache/multichip/layer_16/pre_ff_ln_dtype_BFLOAT16_layout_TILE.tensorbin of shape Shape([1, 1, 1, 2816])
2026-08-15 22:02:01.285 | DEBUG    | core:as_tensor:724 - Loaded cache for /tmp/gemma4_full_model_cache/multichip/layer_16/post_ff_ln_dtype_BFLOAT16_layout_TILE.tensorbin of shape Shape([1, 1, 1, 2816])
2026-08-15 22:02:01.285 | DEBUG    | core:as_tensor:724 - Loaded cache for /tmp/gemma4_full_model_cache/multichip/layer_16/post_ff_ln_1_dtype_BFLOAT16_layout_TILE.tensorbin of shape Shape([1, 1, 1, 2816])
2026-08-15 22:02:01.285 | DEBUG    | core:as_tensor:724 - Loaded cache for /tmp/gemma4_full_model_cache/multichip/layer_16/post_ff_ln_2_dtype_BFLOAT16_layout_TILE.tensorbin of shape Shape([1, 1, 1, 2816])
2026-08-15 22:02:01.285 | DEBUG    | core:as_tensor:724 - Loaded cache for /tmp/gemma4_full_model_cache/multichip/layer_16/pre_ff_ln_2_dtype_BFLOAT16_layout_TILE.tensorbin of shape Shape([1, 1, 1, 2816])
2026-08-15 22:02:01.285 | DEBUG    | core:as_tensor:724 - Loaded cache for /tmp/gemma4_full_model_cache/multichip/layer_16/q_norm_dtype_BFLOAT16_layout_TILE.tensorbin of shape Shape([1, 1, 1, 256])
2026-08-15 22:02:01.286 | DEBUG    | core:as_tensor:724 - Loaded cache for /tmp/gemma4_full_model_cache/multichip/layer_16/k_norm_dtype_BFLOAT16_layout_TILE.tensorbin of shape Shape([1, 1, 1, 256])
2026-08-15 22:02:01.288 | DEBUG    | core:as_tensor:724 - Loaded cache for /tmp/gemma4_full_model_cache/multichip/layer_16/qkv_tp4_dtype_BFLOAT8_B_layout_TILE.tensorbin of shape Shape([1, 1, 2816, 2048])
2026-08-15 22:02:01.295 | DEBUG    | core:as_tensor:724 - Loaded cache for /tmp/gemma4_full_model_cache/multichip/layer_16/o_proj_tp4_dtype_BFLOAT8_B_layout_TILE.tensorbin of shape Shape([1, 1, 1024, 2816])
2026-08-15 22:02:01.295 | DEBUG    | core:as_tensor:724 - Loaded cache for /tmp/gemma4_full_model_cache/multichip/layer_16/mlp_gate_tp4_dtype_BFLOAT8_B_layout_TILE.tensorbin of shape Shape([1, 1, 2816, 544])
2026-08-15 22:02:01.296 | DEBUG    | core:as_tensor:724 - Loaded cache for /tmp/gemma4_full_model_cache/multichip/layer_16/mlp_up_tp4_dtype_BFLOAT8_B_layout_TILE.tensorbin of shape Shape([1, 1, 2816, 544])
2026-08-15 22:02:01.297 | DEBUG    | core:as_tensor:724 - Loaded cache for /tmp/gemma4_full_model_cache/multichip/layer_16/mlp_down_tp4_dtype_BFLOAT8_B_layout_TILE.tensorbin of shape Shape([1, 1, 544, 2816])
2026-08-15 22:02:01.297 | DEBUG    | core:as_tensor:724 - Loaded cache for /tmp/gemma4_full_model_cache/multichip/layer_16/router_scale_dtype_FLOAT32_layout_TILE.tensorbin of shape Shape([1, 1, 1, 2816])
2026-08-15 22:02:01.298 | DEBUG    | core:as_tensor:724 - Loaded cache for /tmp/gemma4_full_model_cache/multichip/layer_16/router_proj_dtype_FLOAT32_layout_TILE.tensorbin of shape Shape([1, 1, 2816, 128])
2026-08-15 22:02:01.298 | DEBUG    | core:as_tensor:724 - Loaded cache for /tmp/gemma4_full_model_cache/multichip/layer_16/router_per_expert_scale_dtype_FLOAT32_layout_TILE.tensorbin of shape Shape([1, 128])
2026-08-15 22:02:01.325 | DEBUG    | core:as_tensor:724 - Loaded cache for /tmp/gemma4_full_model_cache/multichip/layer_16/expert_gate_tp4_dtype_BFLOAT8_B_layout_TILE.tensorbin of shape Shape([1, 128, 2816, 192])
2026-08-15 22:02:01.356 | DEBUG    | core:as_tensor:724 - Loaded cache for /tmp/gemma4_full_model_cache/multichip/layer_16/expert_up_tp4_dtype_BFLOAT8_B_layout_TILE.tensorbin of shape Shape([1, 128, 2816, 192])
2026-08-15 22:02:01.382 | DEBUG    | core:as_tensor:724 - Loaded cache for /tmp/gemma4_full_model_cache/multichip/layer_16/expert_down_tp4_dtype_BFLOAT8_B_layout_TILE.tensorbin of shape Shape([1, 128, 192, 2816])
2026-08-15 22:02:01.383 | DEBUG    | core:as_tensor:724 - Loaded cache for /tmp/gemma4_full_model_cache/multichip/layer_16/expert_prefill_sparsity_dtype_BFLOAT16_layout_ROW_MAJOR.tensorbin of shape Shape([1, 1, 1, 128])
2026-08-15 22:02:01.388 | DEBUG    | core:as_tensor:724 - Loaded cache for /tmp/gemma4_full_model_cache/multichip/layer_16/packed_mlp_gate_up_decode_bfp4_tp4_dtype_BFLOAT4_B_layout_TILE.tensorbin of shape Shape([1, 1, 2816, 1088])
2026-08-15 22:02:01.833 | DEBUG    | core:as_tensor:724 - Loaded cache for /tmp/gemma4_full_model_cache/multichip/layer_17/layer_scalar_dtype_BFLOAT16_layout_TILE.tensorbin of shape Shape([1, 1, 1, 1])
2026-08-15 22:02:01.834 | DEBUG    | core:as_tensor:724 - Loaded cache for /tmp/gemma4_full_model_cache/multichip/layer_17/input_ln_dtype_BFLOAT16_layout_TILE.tensorbin of shape Shape([1, 1, 1, 2816])
2026-08-15 22:02:01.834 | DEBUG    | core:as_tensor:724 - Loaded cache for /tmp/gemma4_full_model_cache/multichip/layer_17/post_attn_ln_dtype_BFLOAT16_layout_TILE.tensorbin of shape Shape([1, 1, 1, 2816])
2026-08-15 22:02:01.834 | DEBUG    | core:as_tensor:724 - Loaded cache for /tmp/gemma4_full_model_cache/multichip/layer_17/pre_ff_ln_dtype_BFLOAT16_layout_TILE.tensorbin of shape Shape([1, 1, 1, 2816])
2026-08-15 22:02:01.834 | DEBUG    | core:as_tensor:724 - Loaded cache for /tmp/gemma4_full_model_cache/multichip/layer_17/post_ff_ln_dtype_BFLOAT16_layout_TILE.tensorbin of shape Shape([1, 1, 1, 2816])
2026-08-15 22:02:01.834 | DEBUG    | core:as_tensor:724 - Loaded cache for /tmp/gemma4_full_model_cache/multichip/layer_17/post_ff_ln_1_dtype_BFLOAT16_layout_TILE.tensorbin of shape Shape([1, 1, 1, 2816])
2026-08-15 22:02:01.834 | DEBUG    | core:as_tensor:724 - Loaded cache for /tmp/gemma4_full_model_cache/multichip/layer_17/post_ff_ln_2_dtype_BFLOAT16_layout_TILE.tensorbin of shape Shape([1, 1, 1, 2816])
2026-08-15 22:02:01.835 | DEBUG    | core:as_tensor:724 - Loaded cache for /tmp/gemma4_full_model_cache/multichip/layer_17/pre_ff_ln_2_dtype_BFLOAT16_layout_TILE.tensorbin of shape Shape([1, 1, 1, 2816])
2026-08-15 22:02:01.835 | DEBUG    | core:as_tensor:724 - Loaded cache for /tmp/gemma4_full_model_cache/multichip/layer_17/q_norm_dtype_BFLOAT16_layout_TILE.tensorbin of shape Shape([1, 1, 1, 512])
2026-08-15 22:02:01.835 | DEBUG    | core:as_tensor:724 - Loaded cache for /tmp/gemma4_full_model_cache/multichip/layer_17/k_norm_dtype_BFLOAT16_layout_TILE.tensorbin of shape Shape([1, 1, 1, 512])
2026-08-15 22:02:01.841 | DEBUG    | core:as_tensor:724 - Loaded cache for /tmp/gemma4_full_model_cache/multichip/layer_17/qkv_tp4_dtype_BFLOAT8_B_layout_TILE.tensorbin of shape Shape([1, 1, 2816, 3072])
2026-08-15 22:02:01.861 | DEBUG    | core:as_tensor:724 - Loaded cache for /tmp/gemma4_full_model_cache/multichip/layer_17/o_proj_tp4_dtype_BFLOAT8_B_layout_TILE.tensorbin of shape Shape([1, 1, 2048, 2816])
2026-08-15 22:02:01.863 | DEBUG    | core:as_tensor:724 - Loaded cache for /tmp/gemma4_full_model_cache/multichip/layer_17/mlp_gate_tp4_dtype_BFLOAT8_B_layout_TILE.tensorbin of shape Shape([1, 1, 2816, 544])
2026-08-15 22:02:01.864 | DEBUG    | core:as_tensor:724 - Loaded cache for /tmp/gemma4_full_model_cache/multichip/layer_17/mlp_up_tp4_dtype_BFLOAT8_B_layout_TILE.tensorbin of shape Shape([1, 1, 2816, 544])
2026-08-15 22:02:01.865 | DEBUG    | core:as_tensor:724 - Loaded cache for /tmp/gemma4_full_model_cache/multichip/layer_17/mlp_down_tp4_dtype_BFLOAT8_B_layout_TILE.tensorbin of shape Shape([1, 1, 544, 2816])
2026-08-15 22:02:01.865 | DEBUG    | core:as_tensor:724 - Loaded cache for /tmp/gemma4_full_model_cache/multichip/layer_17/router_scale_dtype_FLOAT32_layout_TILE.tensorbin of shape Shape([1, 1, 1, 2816])
2026-08-15 22:02:01.866 | DEBUG    | core:as_tensor:724 - Loaded cache for /tmp/gemma4_full_model_cache/multichip/layer_17/router_proj_dtype_FLOAT32_layout_TILE.tensorbin of shape Shape([1, 1, 2816, 128])
2026-08-15 22:02:01.866 | DEBUG    | core:as_tensor:724 - Loaded cache for /tmp/gemma4_full_model_cache/multichip/layer_17/router_per_expert_scale_dtype_FLOAT32_layout_TILE.tensorbin of shape Shape([1, 128])
2026-08-15 22:02:01.890 | DEBUG    | core:as_tensor:724 - Loaded cache for /tmp/gemma4_full_model_cache/multichip/layer_17/expert_gate_tp4_dtype_BFLOAT8_B_layout_TILE.tensorbin of shape Shape([1, 128, 2816, 192])
2026-08-15 22:02:01.915 | DEBUG    | core:as_tensor:724 - Loaded cache for /tmp/gemma4_full_model_cache/multichip/layer_17/expert_up_tp4_dtype_BFLOAT8_B_layout_TILE.tensorbin of shape Shape([1, 128, 2816, 192])
2026-08-15 22:02:01.940 | DEBUG    | core:as_tensor:724 - Loaded cache for /tmp/gemma4_full_model_cache/multichip/layer_17/expert_down_tp4_dtype_BFLOAT8_B_layout_TILE.tensorbin of shape Shape([1, 128, 192, 2816])
2026-08-15 22:02:01.941 | DEBUG    | core:as_tensor:724 - Loaded cache for /tmp/gemma4_full_model_cache/multichip/layer_17/expert_prefill_sparsity_dtype_BFLOAT16_layout_ROW_MAJOR.tensorbin of shape Shape([1, 1, 1, 128])
2026-08-15 22:02:01.945 | DEBUG    | core:as_tensor:724 - Loaded cache for /tmp/gemma4_full_model_cache/multichip/layer_17/packed_mlp_gate_up_decode_bfp4_tp4_dtype_BFLOAT4_B_layout_TILE.tensorbin of shape Shape([1, 1, 2816, 1088])
2026-08-15 22:02:02.401 | DEBUG    | core:as_tensor:724 - Loaded cache for /tmp/gemma4_full_model_cache/multichip/layer_18/layer_scalar_dtype_BFLOAT16_layout_TILE.tensorbin of shape Shape([1, 1, 1, 1])
2026-08-15 22:02:02.401 | DEBUG    | core:as_tensor:724 - Loaded cache for /tmp/gemma4_full_model_cache/multichip/layer_18/input_ln_dtype_BFLOAT16_layout_TILE.tensorbin of shape Shape([1, 1, 1, 2816])
2026-08-15 22:02:02.401 | DEBUG    | core:as_tensor:724 - Loaded cache for /tmp/gemma4_full_model_cache/multichip/layer_18/post_attn_ln_dtype_BFLOAT16_layout_TILE.tensorbin of shape Shape([1, 1, 1, 2816])
2026-08-15 22:02:02.402 | DEBUG    | core:as_tensor:724 - Loaded cache for /tmp/gemma4_full_model_cache/multichip/layer_18/pre_ff_ln_dtype_BFLOAT16_layout_TILE.tensorbin of shape Shape([1, 1, 1, 2816])
2026-08-15 22:02:02.402 | DEBUG    | core:as_tensor:724 - Loaded cache for /tmp/gemma4_full_model_cache/multichip/layer_18/post_ff_ln_dtype_BFLOAT16_layout_TILE.tensorbin of shape Shape([1, 1, 1, 2816])
2026-08-15 22:02:02.402 | DEBUG    | core:as_tensor:724 - Loaded cache for /tmp/gemma4_full_model_cache/multichip/layer_18/post_ff_ln_1_dtype_BFLOAT16_layout_TILE.tensorbin of shape Shape([1, 1, 1, 2816])
2026-08-15 22:02:02.402 | DEBUG    | core:as_tensor:724 - Loaded cache for /tmp/gemma4_full_model_cache/multichip/layer_18/post_ff_ln_2_dtype_BFLOAT16_layout_TILE.tensorbin of shape Shape([1, 1, 1, 2816])
2026-08-15 22:02:02.403 | DEBUG    | core:as_tensor:724 - Loaded cache for /tmp/gemma4_full_model_cache/multichip/layer_18/pre_ff_ln_2_dtype_BFLOAT16_layout_TILE.tensorbin of shape Shape([1, 1, 1, 2816])
2026-08-15 22:02:02.403 | DEBUG    | core:as_tensor:724 - Loaded cache for /tmp/gemma4_full_model_cache/multichip/layer_18/q_norm_dtype_BFLOAT16_layout_TILE.tensorbin of shape Shape([1, 1, 1, 256])
2026-08-15 22:02:02.403 | DEBUG    | core:as_tensor:724 - Loaded cache for /tmp/gemma4_full_model_cache/multichip/layer_18/k_norm_dtype_BFLOAT16_layout_TILE.tensorbin of shape Shape([1, 1, 1, 256])
2026-08-15 22:02:02.408 | DEBUG    | core:as_tensor:724 - Loaded cache for /tmp/gemma4_full_model_cache/multichip/layer_18/qkv_tp4_dtype_BFLOAT8_B_layout_TILE.tensorbin of shape Shape([1, 1, 2816, 2048])
2026-08-15 22:02:02.415 | DEBUG    | core:as_tensor:724 - Loaded cache for /tmp/gemma4_full_model_cache/multichip/layer_18/o_proj_tp4_dtype_BFLOAT8_B_layout_TILE.tensorbin of shape Shape([1, 1, 1024, 2816])
2026-08-15 22:02:02.419 | DEBUG    | core:as_tensor:724 - Loaded cache for /tmp/gemma4_full_model_cache/multichip/layer_18/mlp_gate_tp4_dtype_BFLOAT8_B_layout_TILE.tensorbin of shape Shape([1, 1, 2816, 544])
2026-08-15 22:02:02.419 | DEBUG    | core:as_tensor:724 - Loaded cache for /tmp/gemma4_full_model_cache/multichip/layer_18/mlp_up_tp4_dtype_BFLOAT8_B_layout_TILE.tensorbin of shape Shape([1, 1, 2816, 544])
2026-08-15 22:02:02.421 | DEBUG    | core:as_tensor:724 - Loaded cache for /tmp/gemma4_full_model_cache/multichip/layer_18/mlp_down_tp4_dtype_BFLOAT8_B_layout_TILE.tensorbin of shape Shape([1, 1, 544, 2816])
2026-08-15 22:02:02.421 | DEBUG    | core:as_tensor:724 - Loaded cache for /tmp/gemma4_full_model_cache/multichip/layer_18/router_scale_dtype_FLOAT32_layout_TILE.tensorbin of shape Shape([1, 1, 1, 2816])
2026-08-15 22:02:02.423 | DEBUG    | core:as_tensor:724 - Loaded cache for /tmp/gemma4_full_model_cache/multichip/layer_18/router_proj_dtype_FLOAT32_layout_TILE.tensorbin of shape Shape([1, 1, 2816, 128])
2026-08-15 22:02:02.424 | DEBUG    | core:as_tensor:724 - Loaded cache for /tmp/gemma4_full_model_cache/multichip/layer_18/router_per_expert_scale_dtype_FLOAT32_layout_TILE.tensorbin of shape Shape([1, 128])
2026-08-15 22:02:02.449 | DEBUG    | core:as_tensor:724 - Loaded cache for /tmp/gemma4_full_model_cache/multichip/layer_18/expert_gate_tp4_dtype_BFLOAT8_B_layout_TILE.tensorbin of shape Shape([1, 128, 2816, 192])
2026-08-15 22:02:02.474 | DEBUG    | core:as_tensor:724 - Loaded cache for /tmp/gemma4_full_model_cache/multichip/layer_18/expert_up_tp4_dtype_BFLOAT8_B_layout_TILE.tensorbin of shape Shape([1, 128, 2816, 192])
2026-08-15 22:02:02.499 | DEBUG    | core:as_tensor:724 - Loaded cache for /tmp/gemma4_full_model_cache/multichip/layer_18/expert_down_tp4_dtype_BFLOAT8_B_layout_TILE.tensorbin of shape Shape([1, 128, 192, 2816])
2026-08-15 22:02:02.499 | DEBUG    | core:as_tensor:724 - Loaded cache for /tmp/gemma4_full_model_cache/multichip/layer_18/expert_prefill_sparsity_dtype_BFLOAT16_layout_ROW_MAJOR.tensorbin of shape Shape([1, 1, 1, 128])
2026-08-15 22:02:02.504 | DEBUG    | core:as_tensor:724 - Loaded cache for /tmp/gemma4_full_model_cache/multichip/layer_18/packed_mlp_gate_up_decode_bfp4_tp4_dtype_BFLOAT4_B_layout_TILE.tensorbin of shape Shape([1, 1, 2816, 1088])
2026-08-15 22:02:02.978 | DEBUG    | core:as_tensor:724 - Loaded cache for /tmp/gemma4_full_model_cache/multichip/layer_19/layer_scalar_dtype_BFLOAT16_layout_TILE.tensorbin of shape Shape([1, 1, 1, 1])
2026-08-15 22:02:02.978 | DEBUG    | core:as_tensor:724 - Loaded cache for /tmp/gemma4_full_model_cache/multichip/layer_19/input_ln_dtype_BFLOAT16_layout_TILE.tensorbin of shape Shape([1, 1, 1, 2816])
2026-08-15 22:02:02.978 | DEBUG    | core:as_tensor:724 - Loaded cache for /tmp/gemma4_full_model_cache/multichip/layer_19/post_attn_ln_dtype_BFLOAT16_layout_TILE.tensorbin of shape Shape([1, 1, 1, 2816])
2026-08-15 22:02:02.978 | DEBUG    | core:as_tensor:724 - Loaded cache for /tmp/gemma4_full_model_cache/multichip/layer_19/pre_ff_ln_dtype_BFLOAT16_layout_TILE.tensorbin of shape Shape([1, 1, 1, 2816])
2026-08-15 22:02:02.978 | DEBUG    | core:as_tensor:724 - Loaded cache for /tmp/gemma4_full_model_cache/multichip/layer_19/post_ff_ln_dtype_BFLOAT16_layout_TILE.tensorbin of shape Shape([1, 1, 1, 2816])
2026-08-15 22:02:02.979 | DEBUG    | core:as_tensor:724 - Loaded cache for /tmp/gemma4_full_model_cache/multichip/layer_19/post_ff_ln_1_dtype_BFLOAT16_layout_TILE.tensorbin of shape Shape([1, 1, 1, 2816])
2026-08-15 22:02:02.979 | DEBUG    | core:as_tensor:724 - Loaded cache for /tmp/gemma4_full_model_cache/multichip/layer_19/post_ff_ln_2_dtype_BFLOAT16_layout_TILE.tensorbin of shape Shape([1, 1, 1, 2816])
2026-08-15 22:02:02.979 | DEBUG    | core:as_tensor:724 - Loaded cache for /tmp/gemma4_full_model_cache/multichip/layer_19/pre_ff_ln_2_dtype_BFLOAT16_layout_TILE.tensorbin of shape Shape([1, 1, 1, 2816])
2026-08-15 22:02:02.979 | DEBUG    | core:as_tensor:724 - Loaded cache for /tmp/gemma4_full_model_cache/multichip/layer_19/q_norm_dtype_BFLOAT16_layout_TILE.tensorbin of shape Shape([1, 1, 1, 256])
2026-08-15 22:02:02.979 | DEBUG    | core:as_tensor:724 - Loaded cache for /tmp/gemma4_full_model_cache/multichip/layer_19/k_norm_dtype_BFLOAT16_layout_TILE.tensorbin of shape Shape([1, 1, 1, 256])
2026-08-15 22:02:02.981 | DEBUG    | core:as_tensor:724 - Loaded cache for /tmp/gemma4_full_model_cache/multichip/layer_19/qkv_tp4_dtype_BFLOAT8_B_layout_TILE.tensorbin of shape Shape([1, 1, 2816, 2048])
2026-08-15 22:02:02.988 | DEBUG    | core:as_tensor:724 - Loaded cache for /tmp/gemma4_full_model_cache/multichip/layer_19/o_proj_tp4_dtype_BFLOAT8_B_layout_TILE.tensorbin of shape Shape([1, 1, 1024, 2816])
2026-08-15 22:02:02.988 | DEBUG    | core:as_tensor:724 - Loaded cache for /tmp/gemma4_full_model_cache/multichip/layer_19/mlp_gate_tp4_dtype_BFLOAT8_B_layout_TILE.tensorbin of shape Shape([1, 1, 2816, 544])
2026-08-15 22:02:02.989 | DEBUG    | core:as_tensor:724 - Loaded cache for /tmp/gemma4_full_model_cache/multichip/layer_19/mlp_up_tp4_dtype_BFLOAT8_B_layout_TILE.tensorbin of shape Shape([1, 1, 2816, 544])
2026-08-15 22:02:02.990 | DEBUG    | core:as_tensor:724 - Loaded cache for /tmp/gemma4_full_model_cache/multichip/layer_19/mlp_down_tp4_dtype_BFLOAT8_B_layout_TILE.tensorbin of shape Shape([1, 1, 544, 2816])
2026-08-15 22:02:02.990 | DEBUG    | core:as_tensor:724 - Loaded cache for /tmp/gemma4_full_model_cache/multichip/layer_19/router_scale_dtype_FLOAT32_layout_TILE.tensorbin of shape Shape([1, 1, 1, 2816])
2026-08-15 22:02:02.991 | DEBUG    | core:as_tensor:724 - Loaded cache for /tmp/gemma4_full_model_cache/multichip/layer_19/router_proj_dtype_FLOAT32_layout_TILE.tensorbin of shape Shape([1, 1, 2816, 128])
2026-08-15 22:02:02.991 | DEBUG    | core:as_tensor:724 - Loaded cache for /tmp/gemma4_full_model_cache/multichip/layer_19/router_per_expert_scale_dtype_FLOAT32_layout_TILE.tensorbin of shape Shape([1, 128])
2026-08-15 22:02:03.016 | DEBUG    | core:as_tensor:724 - Loaded cache for /tmp/gemma4_full_model_cache/multichip/layer_19/expert_gate_tp4_dtype_BFLOAT8_B_layout_TILE.tensorbin of shape Shape([1, 128, 2816, 192])
2026-08-15 22:02:03.041 | DEBUG    | core:as_tensor:724 - Loaded cache for /tmp/gemma4_full_model_cache/multichip/layer_19/expert_up_tp4_dtype_BFLOAT8_B_layout_TILE.tensorbin of shape Shape([1, 128, 2816, 192])
2026-08-15 22:02:03.065 | DEBUG    | core:as_tensor:724 - Loaded cache for /tmp/gemma4_full_model_cache/multichip/layer_19/expert_down_tp4_dtype_BFLOAT8_B_layout_TILE.tensorbin of shape Shape([1, 128, 192, 2816])
2026-08-15 22:02:03.066 | DEBUG    | core:as_tensor:724 - Loaded cache for /tmp/gemma4_full_model_cache/multichip/layer_19/expert_prefill_sparsity_dtype_BFLOAT16_layout_ROW_MAJOR.tensorbin of shape Shape([1, 1, 1, 128])
2026-08-15 22:02:03.070 | DEBUG    | core:as_tensor:724 - Loaded cache for /tmp/gemma4_full_model_cache/multichip/layer_19/packed_mlp_gate_up_decode_bfp4_tp4_dtype_BFLOAT4_B_layout_TILE.tensorbin of shape Shape([1, 1, 2816, 1088])
2026-08-15 22:02:03.528 | DEBUG    | core:as_tensor:724 - Loaded cache for /tmp/gemma4_full_model_cache/multichip/layer_20/layer_scalar_dtype_BFLOAT16_layout_TILE.tensorbin of shape Shape([1, 1, 1, 1])
2026-08-15 22:02:03.529 | DEBUG    | core:as_tensor:724 - Loaded cache for /tmp/gemma4_full_model_cache/multichip/layer_20/input_ln_dtype_BFLOAT16_layout_TILE.tensorbin of shape Shape([1, 1, 1, 2816])
2026-08-15 22:02:03.529 | DEBUG    | core:as_tensor:724 - Loaded cache for /tmp/gemma4_full_model_cache/multichip/layer_20/post_attn_ln_dtype_BFLOAT16_layout_TILE.tensorbin of shape Shape([1, 1, 1, 2816])
2026-08-15 22:02:03.529 | DEBUG    | core:as_tensor:724 - Loaded cache for /tmp/gemma4_full_model_cache/multichip/layer_20/pre_ff_ln_dtype_BFLOAT16_layout_TILE.tensorbin of shape Shape([1, 1, 1, 2816])
2026-08-15 22:02:03.529 | DEBUG    | core:as_tensor:724 - Loaded cache for /tmp/gemma4_full_model_cache/multichip/layer_20/post_ff_ln_dtype_BFLOAT16_layout_TILE.tensorbin of shape Shape([1, 1, 1, 2816])
2026-08-15 22:02:03.530 | DEBUG    | core:as_tensor:724 - Loaded cache for /tmp/gemma4_full_model_cache/multichip/layer_20/post_ff_ln_1_dtype_BFLOAT16_layout_TILE.tensorbin of shape Shape([1, 1, 1, 2816])
2026-08-15 22:02:03.530 | DEBUG    | core:as_tensor:724 - Loaded cache for /tmp/gemma4_full_model_cache/multichip/layer_20/post_ff_ln_2_dtype_BFLOAT16_layout_TILE.tensorbin of shape Shape([1, 1, 1, 2816])
2026-08-15 22:02:03.530 | DEBUG    | core:as_tensor:724 - Loaded cache for /tmp/gemma4_full_model_cache/multichip/layer_20/pre_ff_ln_2_dtype_BFLOAT16_layout_TILE.tensorbin of shape Shape([1, 1, 1, 2816])
2026-08-15 22:02:03.530 | DEBUG    | core:as_tensor:724 - Loaded cache for /tmp/gemma4_full_model_cache/multichip/layer_20/q_norm_dtype_BFLOAT16_layout_TILE.tensorbin of shape Shape([1, 1, 1, 256])
2026-08-15 22:02:03.530 | DEBUG    | core:as_tensor:724 - Loaded cache for /tmp/gemma4_full_model_cache/multichip/layer_20/k_norm_dtype_BFLOAT16_layout_TILE.tensorbin of shape Shape([1, 1, 1, 256])
2026-08-15 22:02:03.532 | DEBUG    | core:as_tensor:724 - Loaded cache for /tmp/gemma4_full_model_cache/multichip/layer_20/qkv_tp4_dtype_BFLOAT8_B_layout_TILE.tensorbin of shape Shape([1, 1, 2816, 2048])
2026-08-15 22:02:03.539 | DEBUG    | core:as_tensor:724 - Loaded cache for /tmp/gemma4_full_model_cache/multichip/layer_20/o_proj_tp4_dtype_BFLOAT8_B_layout_TILE.tensorbin of shape Shape([1, 1, 1024, 2816])
2026-08-15 22:02:03.540 | DEBUG    | core:as_tensor:724 - Loaded cache for /tmp/gemma4_full_model_cache/multichip/layer_20/mlp_gate_tp4_dtype_BFLOAT8_B_layout_TILE.tensorbin of shape Shape([1, 1, 2816, 544])
2026-08-15 22:02:03.540 | DEBUG    | core:as_tensor:724 - Loaded cache for /tmp/gemma4_full_model_cache/multichip/layer_20/mlp_up_tp4_dtype_BFLOAT8_B_layout_TILE.tensorbin of shape Shape([1, 1, 2816, 544])
2026-08-15 22:02:03.541 | DEBUG    | core:as_tensor:724 - Loaded cache for /tmp/gemma4_full_model_cache/multichip/layer_20/mlp_down_tp4_dtype_BFLOAT8_B_layout_TILE.tensorbin of shape Shape([1, 1, 544, 2816])
2026-08-15 22:02:03.541 | DEBUG    | core:as_tensor:724 - Loaded cache for /tmp/gemma4_full_model_cache/multichip/layer_20/router_scale_dtype_FLOAT32_layout_TILE.tensorbin of shape Shape([1, 1, 1, 2816])
2026-08-15 22:02:03.542 | DEBUG    | core:as_tensor:724 - Loaded cache for /tmp/gemma4_full_model_cache/multichip/layer_20/router_proj_dtype_FLOAT32_layout_TILE.tensorbin of shape Shape([1, 1, 2816, 128])
2026-08-15 22:02:03.542 | DEBUG    | core:as_tensor:724 - Loaded cache for /tmp/gemma4_full_model_cache/multichip/layer_20/router_per_expert_scale_dtype_FLOAT32_layout_TILE.tensorbin of shape Shape([1, 128])
2026-08-15 22:02:03.566 | DEBUG    | core:as_tensor:724 - Loaded cache for /tmp/gemma4_full_model_cache/multichip/layer_20/expert_gate_tp4_dtype_BFLOAT8_B_layout_TILE.tensorbin of shape Shape([1, 128, 2816, 192])
2026-08-15 22:02:03.590 | DEBUG    | core:as_tensor:724 - Loaded cache for /tmp/gemma4_full_model_cache/multichip/layer_20/expert_up_tp4_dtype_BFLOAT8_B_layout_TILE.tensorbin of shape Shape([1, 128, 2816, 192])
2026-08-15 22:02:03.614 | DEBUG    | core:as_tensor:724 - Loaded cache for /tmp/gemma4_full_model_cache/multichip/layer_20/expert_down_tp4_dtype_BFLOAT8_B_layout_TILE.tensorbin of shape Shape([1, 128, 192, 2816])
2026-08-15 22:02:03.615 | DEBUG    | core:as_tensor:724 - Loaded cache for /tmp/gemma4_full_model_cache/multichip/layer_20/expert_prefill_sparsity_dtype_BFLOAT16_layout_ROW_MAJOR.tensorbin of shape Shape([1, 1, 1, 128])
2026-08-15 22:02:03.619 | DEBUG    | core:as_tensor:724 - Loaded cache for /tmp/gemma4_full_model_cache/multichip/layer_20/packed_mlp_gate_up_decode_bfp4_tp4_dtype_BFLOAT4_B_layout_TILE.tensorbin of shape Shape([1, 1, 2816, 1088])
2026-08-15 22:02:04.106 | DEBUG    | core:as_tensor:724 - Loaded cache for /tmp/gemma4_full_model_cache/multichip/layer_21/layer_scalar_dtype_BFLOAT16_layout_TILE.tensorbin of shape Shape([1, 1, 1, 1])
2026-08-15 22:02:04.106 | DEBUG    | core:as_tensor:724 - Loaded cache for /tmp/gemma4_full_model_cache/multichip/layer_21/input_ln_dtype_BFLOAT16_layout_TILE.tensorbin of shape Shape([1, 1, 1, 2816])
2026-08-15 22:02:04.107 | DEBUG    | core:as_tensor:724 - Loaded cache for /tmp/gemma4_full_model_cache/multichip/layer_21/post_attn_ln_dtype_BFLOAT16_layout_TILE.tensorbin of shape Shape([1, 1, 1, 2816])
2026-08-15 22:02:04.107 | DEBUG    | core:as_tensor:724 - Loaded cache for /tmp/gemma4_full_model_cache/multichip/layer_21/pre_ff_ln_dtype_BFLOAT16_layout_TILE.tensorbin of shape Shape([1, 1, 1, 2816])
2026-08-15 22:02:04.107 | DEBUG    | core:as_tensor:724 - Loaded cache for /tmp/gemma4_full_model_cache/multichip/layer_21/post_ff_ln_dtype_BFLOAT16_layout_TILE.tensorbin of shape Shape([1, 1, 1, 2816])
2026-08-15 22:02:04.107 | DEBUG    | core:as_tensor:724 - Loaded cache for /tmp/gemma4_full_model_cache/multichip/layer_21/post_ff_ln_1_dtype_BFLOAT16_layout_TILE.tensorbin of shape Shape([1, 1, 1, 2816])
2026-08-15 22:02:04.107 | DEBUG    | core:as_tensor:724 - Loaded cache for /tmp/gemma4_full_model_cache/multichip/layer_21/post_ff_ln_2_dtype_BFLOAT16_layout_TILE.tensorbin of shape Shape([1, 1, 1, 2816])
2026-08-15 22:02:04.107 | DEBUG    | core:as_tensor:724 - Loaded cache for /tmp/gemma4_full_model_cache/multichip/layer_21/pre_ff_ln_2_dtype_BFLOAT16_layout_TILE.tensorbin of shape Shape([1, 1, 1, 2816])
2026-08-15 22:02:04.107 | DEBUG    | core:as_tensor:724 - Loaded cache for /tmp/gemma4_full_model_cache/multichip/layer_21/q_norm_dtype_BFLOAT16_layout_TILE.tensorbin of shape Shape([1, 1, 1, 256])
2026-08-15 22:02:04.108 | DEBUG    | core:as_tensor:724 - Loaded cache for /tmp/gemma4_full_model_cache/multichip/layer_21/k_norm_dtype_BFLOAT16_layout_TILE.tensorbin of shape Shape([1, 1, 1, 256])
2026-08-15 22:02:04.110 | DEBUG    | core:as_tensor:724 - Loaded cache for /tmp/gemma4_full_model_cache/multichip/layer_21/qkv_tp4_dtype_BFLOAT8_B_layout_TILE.tensorbin of shape Shape([1, 1, 2816, 2048])
2026-08-15 22:02:04.117 | DEBUG    | core:as_tensor:724 - Loaded cache for /tmp/gemma4_full_model_cache/multichip/layer_21/o_proj_tp4_dtype_BFLOAT8_B_layout_TILE.tensorbin of shape Shape([1, 1, 1024, 2816])
2026-08-15 22:02:04.117 | DEBUG    | core:as_tensor:724 - Loaded cache for /tmp/gemma4_full_model_cache/multichip/layer_21/mlp_gate_tp4_dtype_BFLOAT8_B_layout_TILE.tensorbin of shape Shape([1, 1, 2816, 544])
2026-08-15 22:02:04.118 | DEBUG    | core:as_tensor:724 - Loaded cache for /tmp/gemma4_full_model_cache/multichip/layer_21/mlp_up_tp4_dtype_BFLOAT8_B_layout_TILE.tensorbin of shape Shape([1, 1, 2816, 544])
2026-08-15 22:02:04.119 | DEBUG    | core:as_tensor:724 - Loaded cache for /tmp/gemma4_full_model_cache/multichip/layer_21/mlp_down_tp4_dtype_BFLOAT8_B_layout_TILE.tensorbin of shape Shape([1, 1, 544, 2816])
2026-08-15 22:02:04.119 | DEBUG    | core:as_tensor:724 - Loaded cache for /tmp/gemma4_full_model_cache/multichip/layer_21/router_scale_dtype_FLOAT32_layout_TILE.tensorbin of shape Shape([1, 1, 1, 2816])
2026-08-15 22:02:04.120 | DEBUG    | core:as_tensor:724 - Loaded cache for /tmp/gemma4_full_model_cache/multichip/layer_21/router_proj_dtype_FLOAT32_layout_TILE.tensorbin of shape Shape([1, 1, 2816, 128])
2026-08-15 22:02:04.120 | DEBUG    | core:as_tensor:724 - Loaded cache for /tmp/gemma4_full_model_cache/multichip/layer_21/router_per_expert_scale_dtype_FLOAT32_layout_TILE.tensorbin of shape Shape([1, 128])
2026-08-15 22:02:04.144 | DEBUG    | core:as_tensor:724 - Loaded cache for /tmp/gemma4_full_model_cache/multichip/layer_21/expert_gate_tp4_dtype_BFLOAT8_B_layout_TILE.tensorbin of shape Shape([1, 128, 2816, 192])
2026-08-15 22:02:04.168 | DEBUG    | core:as_tensor:724 - Loaded cache for /tmp/gemma4_full_model_cache/multichip/layer_21/expert_up_tp4_dtype_BFLOAT8_B_layout_TILE.tensorbin of shape Shape([1, 128, 2816, 192])
2026-08-15 22:02:04.192 | DEBUG    | core:as_tensor:724 - Loaded cache for /tmp/gemma4_full_model_cache/multichip/layer_21/expert_down_tp4_dtype_BFLOAT8_B_layout_TILE.tensorbin of shape Shape([1, 128, 192, 2816])
2026-08-15 22:02:04.192 | DEBUG    | core:as_tensor:724 - Loaded cache for /tmp/gemma4_full_model_cache/multichip/layer_21/expert_prefill_sparsity_dtype_BFLOAT16_layout_ROW_MAJOR.tensorbin of shape Shape([1, 1, 1, 128])
2026-08-15 22:02:04.199 | DEBUG    | core:as_tensor:724 - Loaded cache for /tmp/gemma4_full_model_cache/multichip/layer_21/packed_mlp_gate_up_decode_bfp4_tp4_dtype_BFLOAT4_B_layout_TILE.tensorbin of shape Shape([1, 1, 2816, 1088])
2026-08-15 22:02:04.667 | DEBUG    | core:as_tensor:724 - Loaded cache for /tmp/gemma4_full_model_cache/multichip/layer_22/layer_scalar_dtype_BFLOAT16_layout_TILE.tensorbin of shape Shape([1, 1, 1, 1])
2026-08-15 22:02:04.667 | DEBUG    | core:as_tensor:724 - Loaded cache for /tmp/gemma4_full_model_cache/multichip/layer_22/input_ln_dtype_BFLOAT16_layout_TILE.tensorbin of shape Shape([1, 1, 1, 2816])
2026-08-15 22:02:04.668 | DEBUG    | core:as_tensor:724 - Loaded cache for /tmp/gemma4_full_model_cache/multichip/layer_22/post_attn_ln_dtype_BFLOAT16_layout_TILE.tensorbin of shape Shape([1, 1, 1, 2816])
2026-08-15 22:02:04.668 | DEBUG    | core:as_tensor:724 - Loaded cache for /tmp/gemma4_full_model_cache/multichip/layer_22/pre_ff_ln_dtype_BFLOAT16_layout_TILE.tensorbin of shape Shape([1, 1, 1, 2816])
2026-08-15 22:02:04.668 | DEBUG    | core:as_tensor:724 - Loaded cache for /tmp/gemma4_full_model_cache/multichip/layer_22/post_ff_ln_dtype_BFLOAT16_layout_TILE.tensorbin of shape Shape([1, 1, 1, 2816])
2026-08-15 22:02:04.668 | DEBUG    | core:as_tensor:724 - Loaded cache for /tmp/gemma4_full_model_cache/multichip/layer_22/post_ff_ln_1_dtype_BFLOAT16_layout_TILE.tensorbin of shape Shape([1, 1, 1, 2816])
2026-08-15 22:02:04.668 | DEBUG    | core:as_tensor:724 - Loaded cache for /tmp/gemma4_full_model_cache/multichip/layer_22/post_ff_ln_2_dtype_BFLOAT16_layout_TILE.tensorbin of shape Shape([1, 1, 1, 2816])
2026-08-15 22:02:04.668 | DEBUG    | core:as_tensor:724 - Loaded cache for /tmp/gemma4_full_model_cache/multichip/layer_22/pre_ff_ln_2_dtype_BFLOAT16_layout_TILE.tensorbin of shape Shape([1, 1, 1, 2816])
2026-08-15 22:02:04.668 | DEBUG    | core:as_tensor:724 - Loaded cache for /tmp/gemma4_full_model_cache/multichip/layer_22/q_norm_dtype_BFLOAT16_layout_TILE.tensorbin of shape Shape([1, 1, 1, 256])
2026-08-15 22:02:04.669 | DEBUG    | core:as_tensor:724 - Loaded cache for /tmp/gemma4_full_model_cache/multichip/layer_22/k_norm_dtype_BFLOAT16_layout_TILE.tensorbin of shape Shape([1, 1, 1, 256])
2026-08-15 22:02:04.671 | DEBUG    | core:as_tensor:724 - Loaded cache for /tmp/gemma4_full_model_cache/multichip/layer_22/qkv_tp4_dtype_BFLOAT8_B_layout_TILE.tensorbin of shape Shape([1, 1, 2816, 2048])
2026-08-15 22:02:04.678 | DEBUG    | core:as_tensor:724 - Loaded cache for /tmp/gemma4_full_model_cache/multichip/layer_22/o_proj_tp4_dtype_BFLOAT8_B_layout_TILE.tensorbin of shape Shape([1, 1, 1024, 2816])
2026-08-15 22:02:04.678 | DEBUG    | core:as_tensor:724 - Loaded cache for /tmp/gemma4_full_model_cache/multichip/layer_22/mlp_gate_tp4_dtype_BFLOAT8_B_layout_TILE.tensorbin of shape Shape([1, 1, 2816, 544])
2026-08-15 22:02:04.679 | DEBUG    | core:as_tensor:724 - Loaded cache for /tmp/gemma4_full_model_cache/multichip/layer_22/mlp_up_tp4_dtype_BFLOAT8_B_layout_TILE.tensorbin of shape Shape([1, 1, 2816, 544])
2026-08-15 22:02:04.680 | DEBUG    | core:as_tensor:724 - Loaded cache for /tmp/gemma4_full_model_cache/multichip/layer_22/mlp_down_tp4_dtype_BFLOAT8_B_layout_TILE.tensorbin of shape Shape([1, 1, 544, 2816])
2026-08-15 22:02:04.680 | DEBUG    | core:as_tensor:724 - Loaded cache for /tmp/gemma4_full_model_cache/multichip/layer_22/router_scale_dtype_FLOAT32_layout_TILE.tensorbin of shape Shape([1, 1, 1, 2816])
2026-08-15 22:02:04.681 | DEBUG    | core:as_tensor:724 - Loaded cache for /tmp/gemma4_full_model_cache/multichip/layer_22/router_proj_dtype_FLOAT32_layout_TILE.tensorbin of shape Shape([1, 1, 2816, 128])
2026-08-15 22:02:04.681 | DEBUG    | core:as_tensor:724 - Loaded cache for /tmp/gemma4_full_model_cache/multichip/layer_22/router_per_expert_scale_dtype_FLOAT32_layout_TILE.tensorbin of shape Shape([1, 128])
2026-08-15 22:02:04.704 | DEBUG    | core:as_tensor:724 - Loaded cache for /tmp/gemma4_full_model_cache/multichip/layer_22/expert_gate_tp4_dtype_BFLOAT8_B_layout_TILE.tensorbin of shape Shape([1, 128, 2816, 192])
2026-08-15 22:02:04.728 | DEBUG    | core:as_tensor:724 - Loaded cache for /tmp/gemma4_full_model_cache/multichip/layer_22/expert_up_tp4_dtype_BFLOAT8_B_layout_TILE.tensorbin of shape Shape([1, 128, 2816, 192])
2026-08-15 22:02:04.753 | DEBUG    | core:as_tensor:724 - Loaded cache for /tmp/gemma4_full_model_cache/multichip/layer_22/expert_down_tp4_dtype_BFLOAT8_B_layout_TILE.tensorbin of shape Shape([1, 128, 192, 2816])
2026-08-15 22:02:04.753 | DEBUG    | core:as_tensor:724 - Loaded cache for /tmp/gemma4_full_model_cache/multichip/layer_22/expert_prefill_sparsity_dtype_BFLOAT16_layout_ROW_MAJOR.tensorbin of shape Shape([1, 1, 1, 128])
2026-08-15 22:02:04.758 | DEBUG    | core:as_tensor:724 - Loaded cache for /tmp/gemma4_full_model_cache/multichip/layer_22/packed_mlp_gate_up_decode_bfp4_tp4_dtype_BFLOAT4_B_layout_TILE.tensorbin of shape Shape([1, 1, 2816, 1088])
2026-08-15 22:02:05.224 | DEBUG    | core:as_tensor:724 - Loaded cache for /tmp/gemma4_full_model_cache/multichip/layer_23/layer_scalar_dtype_BFLOAT16_layout_TILE.tensorbin of shape Shape([1, 1, 1, 1])
2026-08-15 22:02:05.224 | DEBUG    | core:as_tensor:724 - Loaded cache for /tmp/gemma4_full_model_cache/multichip/layer_23/input_ln_dtype_BFLOAT16_layout_TILE.tensorbin of shape Shape([1, 1, 1, 2816])
2026-08-15 22:02:05.224 | DEBUG    | core:as_tensor:724 - Loaded cache for /tmp/gemma4_full_model_cache/multichip/layer_23/post_attn_ln_dtype_BFLOAT16_layout_TILE.tensorbin of shape Shape([1, 1, 1, 2816])
2026-08-15 22:02:05.224 | DEBUG    | core:as_tensor:724 - Loaded cache for /tmp/gemma4_full_model_cache/multichip/layer_23/pre_ff_ln_dtype_BFLOAT16_layout_TILE.tensorbin of shape Shape([1, 1, 1, 2816])
2026-08-15 22:02:05.224 | DEBUG    | core:as_tensor:724 - Loaded cache for /tmp/gemma4_full_model_cache/multichip/layer_23/post_ff_ln_dtype_BFLOAT16_layout_TILE.tensorbin of shape Shape([1, 1, 1, 2816])
2026-08-15 22:02:05.225 | DEBUG    | core:as_tensor:724 - Loaded cache for /tmp/gemma4_full_model_cache/multichip/layer_23/post_ff_ln_1_dtype_BFLOAT16_layout_TILE.tensorbin of shape Shape([1, 1, 1, 2816])
2026-08-15 22:02:05.225 | DEBUG    | core:as_tensor:724 - Loaded cache for /tmp/gemma4_full_model_cache/multichip/layer_23/post_ff_ln_2_dtype_BFLOAT16_layout_TILE.tensorbin of shape Shape([1, 1, 1, 2816])
2026-08-15 22:02:05.225 | DEBUG    | core:as_tensor:724 - Loaded cache for /tmp/gemma4_full_model_cache/multichip/layer_23/pre_ff_ln_2_dtype_BFLOAT16_layout_TILE.tensorbin of shape Shape([1, 1, 1, 2816])
2026-08-15 22:02:05.225 | DEBUG    | core:as_tensor:724 - Loaded cache for /tmp/gemma4_full_model_cache/multichip/layer_23/q_norm_dtype_BFLOAT16_layout_TILE.tensorbin of shape Shape([1, 1, 1, 512])
2026-08-15 22:02:05.225 | DEBUG    | core:as_tensor:724 - Loaded cache for /tmp/gemma4_full_model_cache/multichip/layer_23/k_norm_dtype_BFLOAT16_layout_TILE.tensorbin of shape Shape([1, 1, 1, 512])
2026-08-15 22:02:05.231 | DEBUG    | core:as_tensor:724 - Loaded cache for /tmp/gemma4_full_model_cache/multichip/layer_23/qkv_tp4_dtype_BFLOAT8_B_layout_TILE.tensorbin of shape Shape([1, 1, 2816, 3072])
2026-08-15 22:02:05.250 | DEBUG    | core:as_tensor:724 - Loaded cache for /tmp/gemma4_full_model_cache/multichip/layer_23/o_proj_tp4_dtype_BFLOAT8_B_layout_TILE.tensorbin of shape Shape([1, 1, 2048, 2816])
2026-08-15 22:02:05.252 | DEBUG    | core:as_tensor:724 - Loaded cache for /tmp/gemma4_full_model_cache/multichip/layer_23/mlp_gate_tp4_dtype_BFLOAT8_B_layout_TILE.tensorbin of shape Shape([1, 1, 2816, 544])
2026-08-15 22:02:05.252 | DEBUG    | core:as_tensor:724 - Loaded cache for /tmp/gemma4_full_model_cache/multichip/layer_23/mlp_up_tp4_dtype_BFLOAT8_B_layout_TILE.tensorbin of shape Shape([1, 1, 2816, 544])
2026-08-15 22:02:05.253 | DEBUG    | core:as_tensor:724 - Loaded cache for /tmp/gemma4_full_model_cache/multichip/layer_23/mlp_down_tp4_dtype_BFLOAT8_B_layout_TILE.tensorbin of shape Shape([1, 1, 544, 2816])
2026-08-15 22:02:05.253 | DEBUG    | core:as_tensor:724 - Loaded cache for /tmp/gemma4_full_model_cache/multichip/layer_23/router_scale_dtype_FLOAT32_layout_TILE.tensorbin of shape Shape([1, 1, 1, 2816])
2026-08-15 22:02:05.254 | DEBUG    | core:as_tensor:724 - Loaded cache for /tmp/gemma4_full_model_cache/multichip/layer_23/router_proj_dtype_FLOAT32_layout_TILE.tensorbin of shape Shape([1, 1, 2816, 128])
2026-08-15 22:02:05.254 | DEBUG    | core:as_tensor:724 - Loaded cache for /tmp/gemma4_full_model_cache/multichip/layer_23/router_per_expert_scale_dtype_FLOAT32_layout_TILE.tensorbin of shape Shape([1, 128])
2026-08-15 22:02:05.281 | DEBUG    | core:as_tensor:724 - Loaded cache for /tmp/gemma4_full_model_cache/multichip/layer_23/expert_gate_tp4_dtype_BFLOAT8_B_layout_TILE.tensorbin of shape Shape([1, 128, 2816, 192])
2026-08-15 22:02:05.308 | DEBUG    | core:as_tensor:724 - Loaded cache for /tmp/gemma4_full_model_cache/multichip/layer_23/expert_up_tp4_dtype_BFLOAT8_B_layout_TILE.tensorbin of shape Shape([1, 128, 2816, 192])
2026-08-15 22:02:05.332 | DEBUG    | core:as_tensor:724 - Loaded cache for /tmp/gemma4_full_model_cache/multichip/layer_23/expert_down_tp4_dtype_BFLOAT8_B_layout_TILE.tensorbin of shape Shape([1, 128, 192, 2816])
2026-08-15 22:02:05.333 | DEBUG    | core:as_tensor:724 - Loaded cache for /tmp/gemma4_full_model_cache/multichip/layer_23/expert_prefill_sparsity_dtype_BFLOAT16_layout_ROW_MAJOR.tensorbin of shape Shape([1, 1, 1, 128])
2026-08-15 22:02:05.337 | DEBUG    | core:as_tensor:724 - Loaded cache for /tmp/gemma4_full_model_cache/multichip/layer_23/packed_mlp_gate_up_decode_bfp4_tp4_dtype_BFLOAT4_B_layout_TILE.tensorbin of shape Shape([1, 1, 2816, 1088])
2026-08-15 22:02:05.814 | DEBUG    | core:as_tensor:724 - Loaded cache for /tmp/gemma4_full_model_cache/multichip/layer_24/layer_scalar_dtype_BFLOAT16_layout_TILE.tensorbin of shape Shape([1, 1, 1, 1])
2026-08-15 22:02:05.814 | DEBUG    | core:as_tensor:724 - Loaded cache for /tmp/gemma4_full_model_cache/multichip/layer_24/input_ln_dtype_BFLOAT16_layout_TILE.tensorbin of shape Shape([1, 1, 1, 2816])
2026-08-15 22:02:05.814 | DEBUG    | core:as_tensor:724 - Loaded cache for /tmp/gemma4_full_model_cache/multichip/layer_24/post_attn_ln_dtype_BFLOAT16_layout_TILE.tensorbin of shape Shape([1, 1, 1, 2816])
2026-08-15 22:02:05.814 | DEBUG    | core:as_tensor:724 - Loaded cache for /tmp/gemma4_full_model_cache/multichip/layer_24/pre_ff_ln_dtype_BFLOAT16_layout_TILE.tensorbin of shape Shape([1, 1, 1, 2816])
2026-08-15 22:02:05.814 | DEBUG    | core:as_tensor:724 - Loaded cache for /tmp/gemma4_full_model_cache/multichip/layer_24/post_ff_ln_dtype_BFLOAT16_layout_TILE.tensorbin of shape Shape([1, 1, 1, 2816])
2026-08-15 22:02:05.814 | DEBUG    | core:as_tensor:724 - Loaded cache for /tmp/gemma4_full_model_cache/multichip/layer_24/post_ff_ln_1_dtype_BFLOAT16_layout_TILE.tensorbin of shape Shape([1, 1, 1, 2816])
2026-08-15 22:02:05.815 | DEBUG    | core:as_tensor:724 - Loaded cache for /tmp/gemma4_full_model_cache/multichip/layer_24/post_ff_ln_2_dtype_BFLOAT16_layout_TILE.tensorbin of shape Shape([1, 1, 1, 2816])
2026-08-15 22:02:05.815 | DEBUG    | core:as_tensor:724 - Loaded cache for /tmp/gemma4_full_model_cache/multichip/layer_24/pre_ff_ln_2_dtype_BFLOAT16_layout_TILE.tensorbin of shape Shape([1, 1, 1, 2816])
2026-08-15 22:02:05.815 | DEBUG    | core:as_tensor:724 - Loaded cache for /tmp/gemma4_full_model_cache/multichip/layer_24/q_norm_dtype_BFLOAT16_layout_TILE.tensorbin of shape Shape([1, 1, 1, 256])
2026-08-15 22:02:05.815 | DEBUG    | core:as_tensor:724 - Loaded cache for /tmp/gemma4_full_model_cache/multichip/layer_24/k_norm_dtype_BFLOAT16_layout_TILE.tensorbin of shape Shape([1, 1, 1, 256])
2026-08-15 22:02:05.817 | DEBUG    | core:as_tensor:724 - Loaded cache for /tmp/gemma4_full_model_cache/multichip/layer_24/qkv_tp4_dtype_BFLOAT8_B_layout_TILE.tensorbin of shape Shape([1, 1, 2816, 2048])
2026-08-15 22:02:05.824 | DEBUG    | core:as_tensor:724 - Loaded cache for /tmp/gemma4_full_model_cache/multichip/layer_24/o_proj_tp4_dtype_BFLOAT8_B_layout_TILE.tensorbin of shape Shape([1, 1, 1024, 2816])
2026-08-15 22:02:05.825 | DEBUG    | core:as_tensor:724 - Loaded cache for /tmp/gemma4_full_model_cache/multichip/layer_24/mlp_gate_tp4_dtype_BFLOAT8_B_layout_TILE.tensorbin of shape Shape([1, 1, 2816, 544])
2026-08-15 22:02:05.826 | DEBUG    | core:as_tensor:724 - Loaded cache for /tmp/gemma4_full_model_cache/multichip/layer_24/mlp_up_tp4_dtype_BFLOAT8_B_layout_TILE.tensorbin of shape Shape([1, 1, 2816, 544])
2026-08-15 22:02:05.826 | DEBUG    | core:as_tensor:724 - Loaded cache for /tmp/gemma4_full_model_cache/multichip/layer_24/mlp_down_tp4_dtype_BFLOAT8_B_layout_TILE.tensorbin of shape Shape([1, 1, 544, 2816])
2026-08-15 22:02:05.827 | DEBUG    | core:as_tensor:724 - Loaded cache for /tmp/gemma4_full_model_cache/multichip/layer_24/router_scale_dtype_FLOAT32_layout_TILE.tensorbin of shape Shape([1, 1, 1, 2816])
2026-08-15 22:02:05.827 | DEBUG    | core:as_tensor:724 - Loaded cache for /tmp/gemma4_full_model_cache/multichip/layer_24/router_proj_dtype_FLOAT32_layout_TILE.tensorbin of shape Shape([1, 1, 2816, 128])
2026-08-15 22:02:05.828 | DEBUG    | core:as_tensor:724 - Loaded cache for /tmp/gemma4_full_model_cache/multichip/layer_24/router_per_expert_scale_dtype_FLOAT32_layout_TILE.tensorbin of shape Shape([1, 128])
2026-08-15 22:02:05.854 | DEBUG    | core:as_tensor:724 - Loaded cache for /tmp/gemma4_full_model_cache/multichip/layer_24/expert_gate_tp4_dtype_BFLOAT8_B_layout_TILE.tensorbin of shape Shape([1, 128, 2816, 192])
2026-08-15 22:02:05.885 | DEBUG    | core:as_tensor:724 - Loaded cache for /tmp/gemma4_full_model_cache/multichip/layer_24/expert_up_tp4_dtype_BFLOAT8_B_layout_TILE.tensorbin of shape Shape([1, 128, 2816, 192])
2026-08-15 22:02:05.916 | DEBUG    | core:as_tensor:724 - Loaded cache for /tmp/gemma4_full_model_cache/multichip/layer_24/expert_down_tp4_dtype_BFLOAT8_B_layout_TILE.tensorbin of shape Shape([1, 128, 192, 2816])
2026-08-15 22:02:05.917 | DEBUG    | core:as_tensor:724 - Loaded cache for /tmp/gemma4_full_model_cache/multichip/layer_24/expert_prefill_sparsity_dtype_BFLOAT16_layout_ROW_MAJOR.tensorbin of shape Shape([1, 1, 1, 128])
2026-08-15 22:02:05.921 | DEBUG    | core:as_tensor:724 - Loaded cache for /tmp/gemma4_full_model_cache/multichip/layer_24/packed_mlp_gate_up_decode_bfp4_tp4_dtype_BFLOAT4_B_layout_TILE.tensorbin of shape Shape([1, 1, 2816, 1088])
2026-08-15 22:02:06.398 | DEBUG    | core:as_tensor:724 - Loaded cache for /tmp/gemma4_full_model_cache/multichip/layer_25/layer_scalar_dtype_BFLOAT16_layout_TILE.tensorbin of shape Shape([1, 1, 1, 1])
2026-08-15 22:02:06.399 | DEBUG    | core:as_tensor:724 - Loaded cache for /tmp/gemma4_full_model_cache/multichip/layer_25/input_ln_dtype_BFLOAT16_layout_TILE.tensorbin of shape Shape([1, 1, 1, 2816])
2026-08-15 22:02:06.399 | DEBUG    | core:as_tensor:724 - Loaded cache for /tmp/gemma4_full_model_cache/multichip/layer_25/post_attn_ln_dtype_BFLOAT16_layout_TILE.tensorbin of shape Shape([1, 1, 1, 2816])
2026-08-15 22:02:06.399 | DEBUG    | core:as_tensor:724 - Loaded cache for /tmp/gemma4_full_model_cache/multichip/layer_25/pre_ff_ln_dtype_BFLOAT16_layout_TILE.tensorbin of shape Shape([1, 1, 1, 2816])
2026-08-15 22:02:06.399 | DEBUG    | core:as_tensor:724 - Loaded cache for /tmp/gemma4_full_model_cache/multichip/layer_25/post_ff_ln_dtype_BFLOAT16_layout_TILE.tensorbin of shape Shape([1, 1, 1, 2816])
2026-08-15 22:02:06.399 | DEBUG    | core:as_tensor:724 - Loaded cache for /tmp/gemma4_full_model_cache/multichip/layer_25/post_ff_ln_1_dtype_BFLOAT16_layout_TILE.tensorbin of shape Shape([1, 1, 1, 2816])
2026-08-15 22:02:06.399 | DEBUG    | core:as_tensor:724 - Loaded cache for /tmp/gemma4_full_model_cache/multichip/layer_25/post_ff_ln_2_dtype_BFLOAT16_layout_TILE.tensorbin of shape Shape([1, 1, 1, 2816])
2026-08-15 22:02:06.399 | DEBUG    | core:as_tensor:724 - Loaded cache for /tmp/gemma4_full_model_cache/multichip/layer_25/pre_ff_ln_2_dtype_BFLOAT16_layout_TILE.tensorbin of shape Shape([1, 1, 1, 2816])
2026-08-15 22:02:06.400 | DEBUG    | core:as_tensor:724 - Loaded cache for /tmp/gemma4_full_model_cache/multichip/layer_25/q_norm_dtype_BFLOAT16_layout_TILE.tensorbin of shape Shape([1, 1, 1, 256])
2026-08-15 22:02:06.400 | DEBUG    | core:as_tensor:724 - Loaded cache for /tmp/gemma4_full_model_cache/multichip/layer_25/k_norm_dtype_BFLOAT16_layout_TILE.tensorbin of shape Shape([1, 1, 1, 256])
2026-08-15 22:02:06.402 | DEBUG    | core:as_tensor:724 - Loaded cache for /tmp/gemma4_full_model_cache/multichip/layer_25/qkv_tp4_dtype_BFLOAT8_B_layout_TILE.tensorbin of shape Shape([1, 1, 2816, 2048])
2026-08-15 22:02:06.409 | DEBUG    | core:as_tensor:724 - Loaded cache for /tmp/gemma4_full_model_cache/multichip/layer_25/o_proj_tp4_dtype_BFLOAT8_B_layout_TILE.tensorbin of shape Shape([1, 1, 1024, 2816])
2026-08-15 22:02:06.410 | DEBUG    | core:as_tensor:724 - Loaded cache for /tmp/gemma4_full_model_cache/multichip/layer_25/mlp_gate_tp4_dtype_BFLOAT8_B_layout_TILE.tensorbin of shape Shape([1, 1, 2816, 544])
2026-08-15 22:02:06.411 | DEBUG    | core:as_tensor:724 - Loaded cache for /tmp/gemma4_full_model_cache/multichip/layer_25/mlp_up_tp4_dtype_BFLOAT8_B_layout_TILE.tensorbin of shape Shape([1, 1, 2816, 544])
2026-08-15 22:02:06.412 | DEBUG    | core:as_tensor:724 - Loaded cache for /tmp/gemma4_full_model_cache/multichip/layer_25/mlp_down_tp4_dtype_BFLOAT8_B_layout_TILE.tensorbin of shape Shape([1, 1, 544, 2816])
2026-08-15 22:02:06.412 | DEBUG    | core:as_tensor:724 - Loaded cache for /tmp/gemma4_full_model_cache/multichip/layer_25/router_scale_dtype_FLOAT32_layout_TILE.tensorbin of shape Shape([1, 1, 1, 2816])
2026-08-15 22:02:06.412 | DEBUG    | core:as_tensor:724 - Loaded cache for /tmp/gemma4_full_model_cache/multichip/layer_25/router_proj_dtype_FLOAT32_layout_TILE.tensorbin of shape Shape([1, 1, 2816, 128])
2026-08-15 22:02:06.413 | DEBUG    | core:as_tensor:724 - Loaded cache for /tmp/gemma4_full_model_cache/multichip/layer_25/router_per_expert_scale_dtype_FLOAT32_layout_TILE.tensorbin of shape Shape([1, 128])
2026-08-15 22:02:06.441 | DEBUG    | core:as_tensor:724 - Loaded cache for /tmp/gemma4_full_model_cache/multichip/layer_25/expert_gate_tp4_dtype_BFLOAT8_B_layout_TILE.tensorbin of shape Shape([1, 128, 2816, 192])
2026-08-15 22:02:06.470 | DEBUG    | core:as_tensor:724 - Loaded cache for /tmp/gemma4_full_model_cache/multichip/layer_25/expert_up_tp4_dtype_BFLOAT8_B_layout_TILE.tensorbin of shape Shape([1, 128, 2816, 192])
2026-08-15 22:02:06.498 | DEBUG    | core:as_tensor:724 - Loaded cache for /tmp/gemma4_full_model_cache/multichip/layer_25/expert_down_tp4_dtype_BFLOAT8_B_layout_TILE.tensorbin of shape Shape([1, 128, 192, 2816])
2026-08-15 22:02:06.498 | DEBUG    | core:as_tensor:724 - Loaded cache for /tmp/gemma4_full_model_cache/multichip/layer_25/expert_prefill_sparsity_dtype_BFLOAT16_layout_ROW_MAJOR.tensorbin of shape Shape([1, 1, 1, 128])
2026-08-15 22:02:06.503 | DEBUG    | core:as_tensor:724 - Loaded cache for /tmp/gemma4_full_model_cache/multichip/layer_25/packed_mlp_gate_up_decode_bfp4_tp4_dtype_BFLOAT4_B_layout_TILE.tensorbin of shape Shape([1, 1, 2816, 1088])
2026-08-15 22:02:06.979 | DEBUG    | core:as_tensor:724 - Loaded cache for /tmp/gemma4_full_model_cache/multichip/layer_26/layer_scalar_dtype_BFLOAT16_layout_TILE.tensorbin of shape Shape([1, 1, 1, 1])
2026-08-15 22:02:06.980 | DEBUG    | core:as_tensor:724 - Loaded cache for /tmp/gemma4_full_model_cache/multichip/layer_26/input_ln_dtype_BFLOAT16_layout_TILE.tensorbin of shape Shape([1, 1, 1, 2816])
2026-08-15 22:02:06.980 | DEBUG    | core:as_tensor:724 - Loaded cache for /tmp/gemma4_full_model_cache/multichip/layer_26/post_attn_ln_dtype_BFLOAT16_layout_TILE.tensorbin of shape Shape([1, 1, 1, 2816])
2026-08-15 22:02:06.980 | DEBUG    | core:as_tensor:724 - Loaded cache for /tmp/gemma4_full_model_cache/multichip/layer_26/pre_ff_ln_dtype_BFLOAT16_layout_TILE.tensorbin of shape Shape([1, 1, 1, 2816])
2026-08-15 22:02:06.980 | DEBUG    | core:as_tensor:724 - Loaded cache for /tmp/gemma4_full_model_cache/multichip/layer_26/post_ff_ln_dtype_BFLOAT16_layout_TILE.tensorbin of shape Shape([1, 1, 1, 2816])
2026-08-15 22:02:06.980 | DEBUG    | core:as_tensor:724 - Loaded cache for /tmp/gemma4_full_model_cache/multichip/layer_26/post_ff_ln_1_dtype_BFLOAT16_layout_TILE.tensorbin of shape Shape([1, 1, 1, 2816])
2026-08-15 22:02:06.981 | DEBUG    | core:as_tensor:724 - Loaded cache for /tmp/gemma4_full_model_cache/multichip/layer_26/post_ff_ln_2_dtype_BFLOAT16_layout_TILE.tensorbin of shape Shape([1, 1, 1, 2816])
2026-08-15 22:02:06.981 | DEBUG    | core:as_tensor:724 - Loaded cache for /tmp/gemma4_full_model_cache/multichip/layer_26/pre_ff_ln_2_dtype_BFLOAT16_layout_TILE.tensorbin of shape Shape([1, 1, 1, 2816])
2026-08-15 22:02:06.981 | DEBUG    | core:as_tensor:724 - Loaded cache for /tmp/gemma4_full_model_cache/multichip/layer_26/q_norm_dtype_BFLOAT16_layout_TILE.tensorbin of shape Shape([1, 1, 1, 256])
2026-08-15 22:02:06.981 | DEBUG    | core:as_tensor:724 - Loaded cache for /tmp/gemma4_full_model_cache/multichip/layer_26/k_norm_dtype_BFLOAT16_layout_TILE.tensorbin of shape Shape([1, 1, 1, 256])
2026-08-15 22:02:06.983 | DEBUG    | core:as_tensor:724 - Loaded cache for /tmp/gemma4_full_model_cache/multichip/layer_26/qkv_tp4_dtype_BFLOAT8_B_layout_TILE.tensorbin of shape Shape([1, 1, 2816, 2048])
2026-08-15 22:02:06.991 | DEBUG    | core:as_tensor:724 - Loaded cache for /tmp/gemma4_full_model_cache/multichip/layer_26/o_proj_tp4_dtype_BFLOAT8_B_layout_TILE.tensorbin of shape Shape([1, 1, 1024, 2816])
2026-08-15 22:02:06.991 | DEBUG    | core:as_tensor:724 - Loaded cache for /tmp/gemma4_full_model_cache/multichip/layer_26/mlp_gate_tp4_dtype_BFLOAT8_B_layout_TILE.tensorbin of shape Shape([1, 1, 2816, 544])
2026-08-15 22:02:06.992 | DEBUG    | core:as_tensor:724 - Loaded cache for /tmp/gemma4_full_model_cache/multichip/layer_26/mlp_up_tp4_dtype_BFLOAT8_B_layout_TILE.tensorbin of shape Shape([1, 1, 2816, 544])
2026-08-15 22:02:06.993 | DEBUG    | core:as_tensor:724 - Loaded cache for /tmp/gemma4_full_model_cache/multichip/layer_26/mlp_down_tp4_dtype_BFLOAT8_B_layout_TILE.tensorbin of shape Shape([1, 1, 544, 2816])
2026-08-15 22:02:06.993 | DEBUG    | core:as_tensor:724 - Loaded cache for /tmp/gemma4_full_model_cache/multichip/layer_26/router_scale_dtype_FLOAT32_layout_TILE.tensorbin of shape Shape([1, 1, 1, 2816])
2026-08-15 22:02:06.994 | DEBUG    | core:as_tensor:724 - Loaded cache for /tmp/gemma4_full_model_cache/multichip/layer_26/router_proj_dtype_FLOAT32_layout_TILE.tensorbin of shape Shape([1, 1, 2816, 128])
2026-08-15 22:02:06.994 | DEBUG    | core:as_tensor:724 - Loaded cache for /tmp/gemma4_full_model_cache/multichip/layer_26/router_per_expert_scale_dtype_FLOAT32_layout_TILE.tensorbin of shape Shape([1, 128])
2026-08-15 22:02:07.024 | DEBUG    | core:as_tensor:724 - Loaded cache for /tmp/gemma4_full_model_cache/multichip/layer_26/expert_gate_tp4_dtype_BFLOAT8_B_layout_TILE.tensorbin of shape Shape([1, 128, 2816, 192])
2026-08-15 22:02:07.054 | DEBUG    | core:as_tensor:724 - Loaded cache for /tmp/gemma4_full_model_cache/multichip/layer_26/expert_up_tp4_dtype_BFLOAT8_B_layout_TILE.tensorbin of shape Shape([1, 128, 2816, 192])
2026-08-15 22:02:07.085 | DEBUG    | core:as_tensor:724 - Loaded cache for /tmp/gemma4_full_model_cache/multichip/layer_26/expert_down_tp4_dtype_BFLOAT8_B_layout_TILE.tensorbin of shape Shape([1, 128, 192, 2816])
2026-08-15 22:02:07.086 | DEBUG    | core:as_tensor:724 - Loaded cache for /tmp/gemma4_full_model_cache/multichip/layer_26/expert_prefill_sparsity_dtype_BFLOAT16_layout_ROW_MAJOR.tensorbin of shape Shape([1, 1, 1, 128])
2026-08-15 22:02:07.091 | DEBUG    | core:as_tensor:724 - Loaded cache for /tmp/gemma4_full_model_cache/multichip/layer_26/packed_mlp_gate_up_decode_bfp4_tp4_dtype_BFLOAT4_B_layout_TILE.tensorbin of shape Shape([1, 1, 2816, 1088])
2026-08-15 22:02:07.534 | DEBUG    | core:as_tensor:724 - Loaded cache for /tmp/gemma4_full_model_cache/multichip/layer_27/layer_scalar_dtype_BFLOAT16_layout_TILE.tensorbin of shape Shape([1, 1, 1, 1])
2026-08-15 22:02:07.534 | DEBUG    | core:as_tensor:724 - Loaded cache for /tmp/gemma4_full_model_cache/multichip/layer_27/input_ln_dtype_BFLOAT16_layout_TILE.tensorbin of shape Shape([1, 1, 1, 2816])
2026-08-15 22:02:07.534 | DEBUG    | core:as_tensor:724 - Loaded cache for /tmp/gemma4_full_model_cache/multichip/layer_27/post_attn_ln_dtype_BFLOAT16_layout_TILE.tensorbin of shape Shape([1, 1, 1, 2816])
2026-08-15 22:02:07.535 | DEBUG    | core:as_tensor:724 - Loaded cache for /tmp/gemma4_full_model_cache/multichip/layer_27/pre_ff_ln_dtype_BFLOAT16_layout_TILE.tensorbin of shape Shape([1, 1, 1, 2816])
2026-08-15 22:02:07.535 | DEBUG    | core:as_tensor:724 - Loaded cache for /tmp/gemma4_full_model_cache/multichip/layer_27/post_ff_ln_dtype_BFLOAT16_layout_TILE.tensorbin of shape Shape([1, 1, 1, 2816])
2026-08-15 22:02:07.535 | DEBUG    | core:as_tensor:724 - Loaded cache for /tmp/gemma4_full_model_cache/multichip/layer_27/post_ff_ln_1_dtype_BFLOAT16_layout_TILE.tensorbin of shape Shape([1, 1, 1, 2816])
2026-08-15 22:02:07.535 | DEBUG    | core:as_tensor:724 - Loaded cache for /tmp/gemma4_full_model_cache/multichip/layer_27/post_ff_ln_2_dtype_BFLOAT16_layout_TILE.tensorbin of shape Shape([1, 1, 1, 2816])
2026-08-15 22:02:07.535 | DEBUG    | core:as_tensor:724 - Loaded cache for /tmp/gemma4_full_model_cache/multichip/layer_27/pre_ff_ln_2_dtype_BFLOAT16_layout_TILE.tensorbin of shape Shape([1, 1, 1, 2816])
2026-08-15 22:02:07.535 | DEBUG    | core:as_tensor:724 - Loaded cache for /tmp/gemma4_full_model_cache/multichip/layer_27/q_norm_dtype_BFLOAT16_layout_TILE.tensorbin of shape Shape([1, 1, 1, 256])
2026-08-15 22:02:07.535 | DEBUG    | core:as_tensor:724 - Loaded cache for /tmp/gemma4_full_model_cache/multichip/layer_27/k_norm_dtype_BFLOAT16_layout_TILE.tensorbin of shape Shape([1, 1, 1, 256])
2026-08-15 22:02:07.538 | DEBUG    | core:as_tensor:724 - Loaded cache for /tmp/gemma4_full_model_cache/multichip/layer_27/qkv_tp4_dtype_BFLOAT8_B_layout_TILE.tensorbin of shape Shape([1, 1, 2816, 2048])
2026-08-15 22:02:07.545 | DEBUG    | core:as_tensor:724 - Loaded cache for /tmp/gemma4_full_model_cache/multichip/layer_27/o_proj_tp4_dtype_BFLOAT8_B_layout_TILE.tensorbin of shape Shape([1, 1, 1024, 2816])
2026-08-15 22:02:07.546 | DEBUG    | core:as_tensor:724 - Loaded cache for /tmp/gemma4_full_model_cache/multichip/layer_27/mlp_gate_tp4_dtype_BFLOAT8_B_layout_TILE.tensorbin of shape Shape([1, 1, 2816, 544])
2026-08-15 22:02:07.547 | DEBUG    | core:as_tensor:724 - Loaded cache for /tmp/gemma4_full_model_cache/multichip/layer_27/mlp_up_tp4_dtype_BFLOAT8_B_layout_TILE.tensorbin of shape Shape([1, 1, 2816, 544])
2026-08-15 22:02:07.547 | DEBUG    | core:as_tensor:724 - Loaded cache for /tmp/gemma4_full_model_cache/multichip/layer_27/mlp_down_tp4_dtype_BFLOAT8_B_layout_TILE.tensorbin of shape Shape([1, 1, 544, 2816])
2026-08-15 22:02:07.548 | DEBUG    | core:as_tensor:724 - Loaded cache for /tmp/gemma4_full_model_cache/multichip/layer_27/router_scale_dtype_FLOAT32_layout_TILE.tensorbin of shape Shape([1, 1, 1, 2816])
2026-08-15 22:02:07.548 | DEBUG    | core:as_tensor:724 - Loaded cache for /tmp/gemma4_full_model_cache/multichip/layer_27/router_proj_dtype_FLOAT32_layout_TILE.tensorbin of shape Shape([1, 1, 2816, 128])
2026-08-15 22:02:07.549 | DEBUG    | core:as_tensor:724 - Loaded cache for /tmp/gemma4_full_model_cache/multichip/layer_27/router_per_expert_scale_dtype_FLOAT32_layout_TILE.tensorbin of shape Shape([1, 128])
2026-08-15 22:02:07.576 | DEBUG    | core:as_tensor:724 - Loaded cache for /tmp/gemma4_full_model_cache/multichip/layer_27/expert_gate_tp4_dtype_BFLOAT8_B_layout_TILE.tensorbin of shape Shape([1, 128, 2816, 192])
2026-08-15 22:02:07.605 | DEBUG    | core:as_tensor:724 - Loaded cache for /tmp/gemma4_full_model_cache/multichip/layer_27/expert_up_tp4_dtype_BFLOAT8_B_layout_TILE.tensorbin of shape Shape([1, 128, 2816, 192])
2026-08-15 22:02:07.633 | DEBUG    | core:as_tensor:724 - Loaded cache for /tmp/gemma4_full_model_cache/multichip/layer_27/expert_down_tp4_dtype_BFLOAT8_B_layout_TILE.tensorbin of shape Shape([1, 128, 192, 2816])
2026-08-15 22:02:07.633 | DEBUG    | core:as_tensor:724 - Loaded cache for /tmp/gemma4_full_model_cache/multichip/layer_27/expert_prefill_sparsity_dtype_BFLOAT16_layout_ROW_MAJOR.tensorbin of shape Shape([1, 1, 1, 128])
2026-08-15 22:02:07.638 | DEBUG    | core:as_tensor:724 - Loaded cache for /tmp/gemma4_full_model_cache/multichip/layer_27/packed_mlp_gate_up_decode_bfp4_tp4_dtype_BFLOAT4_B_layout_TILE.tensorbin of shape Shape([1, 1, 2816, 1088])
2026-08-15 22:02:08.092 | DEBUG    | core:as_tensor:724 - Loaded cache for /tmp/gemma4_full_model_cache/multichip/layer_28/layer_scalar_dtype_BFLOAT16_layout_TILE.tensorbin of shape Shape([1, 1, 1, 1])
2026-08-15 22:02:08.092 | DEBUG    | core:as_tensor:724 - Loaded cache for /tmp/gemma4_full_model_cache/multichip/layer_28/input_ln_dtype_BFLOAT16_layout_TILE.tensorbin of shape Shape([1, 1, 1, 2816])
2026-08-15 22:02:08.092 | DEBUG    | core:as_tensor:724 - Loaded cache for /tmp/gemma4_full_model_cache/multichip/layer_28/post_attn_ln_dtype_BFLOAT16_layout_TILE.tensorbin of shape Shape([1, 1, 1, 2816])
2026-08-15 22:02:08.092 | DEBUG    | core:as_tensor:724 - Loaded cache for /tmp/gemma4_full_model_cache/multichip/layer_28/pre_ff_ln_dtype_BFLOAT16_layout_TILE.tensorbin of shape Shape([1, 1, 1, 2816])
2026-08-15 22:02:08.092 | DEBUG    | core:as_tensor:724 - Loaded cache for /tmp/gemma4_full_model_cache/multichip/layer_28/post_ff_ln_dtype_BFLOAT16_layout_TILE.tensorbin of shape Shape([1, 1, 1, 2816])
2026-08-15 22:02:08.093 | DEBUG    | core:as_tensor:724 - Loaded cache for /tmp/gemma4_full_model_cache/multichip/layer_28/post_ff_ln_1_dtype_BFLOAT16_layout_TILE.tensorbin of shape Shape([1, 1, 1, 2816])
2026-08-15 22:02:08.093 | DEBUG    | core:as_tensor:724 - Loaded cache for /tmp/gemma4_full_model_cache/multichip/layer_28/post_ff_ln_2_dtype_BFLOAT16_layout_TILE.tensorbin of shape Shape([1, 1, 1, 2816])
2026-08-15 22:02:08.094 | DEBUG    | core:as_tensor:724 - Loaded cache for /tmp/gemma4_full_model_cache/multichip/layer_28/pre_ff_ln_2_dtype_BFLOAT16_layout_TILE.tensorbin of shape Shape([1, 1, 1, 2816])
2026-08-15 22:02:08.094 | DEBUG    | core:as_tensor:724 - Loaded cache for /tmp/gemma4_full_model_cache/multichip/layer_28/q_norm_dtype_BFLOAT16_layout_TILE.tensorbin of shape Shape([1, 1, 1, 256])
2026-08-15 22:02:08.094 | DEBUG    | core:as_tensor:724 - Loaded cache for /tmp/gemma4_full_model_cache/multichip/layer_28/k_norm_dtype_BFLOAT16_layout_TILE.tensorbin of shape Shape([1, 1, 1, 256])
2026-08-15 22:02:08.100 | DEBUG    | core:as_tensor:724 - Loaded cache for /tmp/gemma4_full_model_cache/multichip/layer_28/qkv_tp4_dtype_BFLOAT8_B_layout_TILE.tensorbin of shape Shape([1, 1, 2816, 2048])
2026-08-15 22:02:08.108 | DEBUG    | core:as_tensor:724 - Loaded cache for /tmp/gemma4_full_model_cache/multichip/layer_28/o_proj_tp4_dtype_BFLOAT8_B_layout_TILE.tensorbin of shape Shape([1, 1, 1024, 2816])
2026-08-15 22:02:08.109 | DEBUG    | core:as_tensor:724 - Loaded cache for /tmp/gemma4_full_model_cache/multichip/layer_28/mlp_gate_tp4_dtype_BFLOAT8_B_layout_TILE.tensorbin of shape Shape([1, 1, 2816, 544])
2026-08-15 22:02:08.109 | DEBUG    | core:as_tensor:724 - Loaded cache for /tmp/gemma4_full_model_cache/multichip/layer_28/mlp_up_tp4_dtype_BFLOAT8_B_layout_TILE.tensorbin of shape Shape([1, 1, 2816, 544])
2026-08-15 22:02:08.110 | DEBUG    | core:as_tensor:724 - Loaded cache for /tmp/gemma4_full_model_cache/multichip/layer_28/mlp_down_tp4_dtype_BFLOAT8_B_layout_TILE.tensorbin of shape Shape([1, 1, 544, 2816])
2026-08-15 22:02:08.110 | DEBUG    | core:as_tensor:724 - Loaded cache for /tmp/gemma4_full_model_cache/multichip/layer_28/router_scale_dtype_FLOAT32_layout_TILE.tensorbin of shape Shape([1, 1, 1, 2816])
2026-08-15 22:02:08.111 | DEBUG    | core:as_tensor:724 - Loaded cache for /tmp/gemma4_full_model_cache/multichip/layer_28/router_proj_dtype_FLOAT32_layout_TILE.tensorbin of shape Shape([1, 1, 2816, 128])
2026-08-15 22:02:08.111 | DEBUG    | core:as_tensor:724 - Loaded cache for /tmp/gemma4_full_model_cache/multichip/layer_28/router_per_expert_scale_dtype_FLOAT32_layout_TILE.tensorbin of shape Shape([1, 128])
2026-08-15 22:02:08.142 | DEBUG    | core:as_tensor:724 - Loaded cache for /tmp/gemma4_full_model_cache/multichip/layer_28/expert_gate_tp4_dtype_BFLOAT8_B_layout_TILE.tensorbin of shape Shape([1, 128, 2816, 192])
2026-08-15 22:02:08.173 | DEBUG    | core:as_tensor:724 - Loaded cache for /tmp/gemma4_full_model_cache/multichip/layer_28/expert_up_tp4_dtype_BFLOAT8_B_layout_TILE.tensorbin of shape Shape([1, 128, 2816, 192])
2026-08-15 22:02:08.203 | DEBUG    | core:as_tensor:724 - Loaded cache for /tmp/gemma4_full_model_cache/multichip/layer_28/expert_down_tp4_dtype_BFLOAT8_B_layout_TILE.tensorbin of shape Shape([1, 128, 192, 2816])
2026-08-15 22:02:08.204 | DEBUG    | core:as_tensor:724 - Loaded cache for /tmp/gemma4_full_model_cache/multichip/layer_28/expert_prefill_sparsity_dtype_BFLOAT16_layout_ROW_MAJOR.tensorbin of shape Shape([1, 1, 1, 128])
2026-08-15 22:02:08.209 | DEBUG    | core:as_tensor:724 - Loaded cache for /tmp/gemma4_full_model_cache/multichip/layer_28/packed_mlp_gate_up_decode_bfp4_tp4_dtype_BFLOAT4_B_layout_TILE.tensorbin of shape Shape([1, 1, 2816, 1088])
2026-08-15 22:02:08.673 | DEBUG    | core:as_tensor:724 - Loaded cache for /tmp/gemma4_full_model_cache/multichip/layer_29/layer_scalar_dtype_BFLOAT16_layout_TILE.tensorbin of shape Shape([1, 1, 1, 1])
2026-08-15 22:02:08.673 | DEBUG    | core:as_tensor:724 - Loaded cache for /tmp/gemma4_full_model_cache/multichip/layer_29/input_ln_dtype_BFLOAT16_layout_TILE.tensorbin of shape Shape([1, 1, 1, 2816])
2026-08-15 22:02:08.673 | DEBUG    | core:as_tensor:724 - Loaded cache for /tmp/gemma4_full_model_cache/multichip/layer_29/post_attn_ln_dtype_BFLOAT16_layout_TILE.tensorbin of shape Shape([1, 1, 1, 2816])
2026-08-15 22:02:08.673 | DEBUG    | core:as_tensor:724 - Loaded cache for /tmp/gemma4_full_model_cache/multichip/layer_29/pre_ff_ln_dtype_BFLOAT16_layout_TILE.tensorbin of shape Shape([1, 1, 1, 2816])
2026-08-15 22:02:08.673 | DEBUG    | core:as_tensor:724 - Loaded cache for /tmp/gemma4_full_model_cache/multichip/layer_29/post_ff_ln_dtype_BFLOAT16_layout_TILE.tensorbin of shape Shape([1, 1, 1, 2816])
2026-08-15 22:02:08.674 | DEBUG    | core:as_tensor:724 - Loaded cache for /tmp/gemma4_full_model_cache/multichip/layer_29/post_ff_ln_1_dtype_BFLOAT16_layout_TILE.tensorbin of shape Shape([1, 1, 1, 2816])
2026-08-15 22:02:08.674 | DEBUG    | core:as_tensor:724 - Loaded cache for /tmp/gemma4_full_model_cache/multichip/layer_29/post_ff_ln_2_dtype_BFLOAT16_layout_TILE.tensorbin of shape Shape([1, 1, 1, 2816])
2026-08-15 22:02:08.674 | DEBUG    | core:as_tensor:724 - Loaded cache for /tmp/gemma4_full_model_cache/multichip/layer_29/pre_ff_ln_2_dtype_BFLOAT16_layout_TILE.tensorbin of shape Shape([1, 1, 1, 2816])
2026-08-15 22:02:08.674 | DEBUG    | core:as_tensor:724 - Loaded cache for /tmp/gemma4_full_model_cache/multichip/layer_29/q_norm_dtype_BFLOAT16_layout_TILE.tensorbin of shape Shape([1, 1, 1, 512])
2026-08-15 22:02:08.674 | DEBUG    | core:as_tensor:724 - Loaded cache for /tmp/gemma4_full_model_cache/multichip/layer_29/k_norm_dtype_BFLOAT16_layout_TILE.tensorbin of shape Shape([1, 1, 1, 512])
2026-08-15 22:02:08.680 | DEBUG    | core:as_tensor:724 - Loaded cache for /tmp/gemma4_full_model_cache/multichip/layer_29/qkv_tp4_dtype_BFLOAT8_B_layout_TILE.tensorbin of shape Shape([1, 1, 2816, 3072])
2026-08-15 22:02:08.700 | DEBUG    | core:as_tensor:724 - Loaded cache for /tmp/gemma4_full_model_cache/multichip/layer_29/o_proj_tp4_dtype_BFLOAT8_B_layout_TILE.tensorbin of shape Shape([1, 1, 2048, 2816])
2026-08-15 22:02:08.702 | DEBUG    | core:as_tensor:724 - Loaded cache for /tmp/gemma4_full_model_cache/multichip/layer_29/mlp_gate_tp4_dtype_BFLOAT8_B_layout_TILE.tensorbin of shape Shape([1, 1, 2816, 544])
2026-08-15 22:02:08.703 | DEBUG    | core:as_tensor:724 - Loaded cache for /tmp/gemma4_full_model_cache/multichip/layer_29/mlp_up_tp4_dtype_BFLOAT8_B_layout_TILE.tensorbin of shape Shape([1, 1, 2816, 544])
2026-08-15 22:02:08.704 | DEBUG    | core:as_tensor:724 - Loaded cache for /tmp/gemma4_full_model_cache/multichip/layer_29/mlp_down_tp4_dtype_BFLOAT8_B_layout_TILE.tensorbin of shape Shape([1, 1, 544, 2816])
2026-08-15 22:02:08.704 | DEBUG    | core:as_tensor:724 - Loaded cache for /tmp/gemma4_full_model_cache/multichip/layer_29/router_scale_dtype_FLOAT32_layout_TILE.tensorbin of shape Shape([1, 1, 1, 2816])
2026-08-15 22:02:08.705 | DEBUG    | core:as_tensor:724 - Loaded cache for /tmp/gemma4_full_model_cache/multichip/layer_29/router_proj_dtype_FLOAT32_layout_TILE.tensorbin of shape Shape([1, 1, 2816, 128])
2026-08-15 22:02:08.705 | DEBUG    | core:as_tensor:724 - Loaded cache for /tmp/gemma4_full_model_cache/multichip/layer_29/router_per_expert_scale_dtype_FLOAT32_layout_TILE.tensorbin of shape Shape([1, 128])
2026-08-15 22:02:08.731 | DEBUG    | core:as_tensor:724 - Loaded cache for /tmp/gemma4_full_model_cache/multichip/layer_29/expert_gate_tp4_dtype_BFLOAT8_B_layout_TILE.tensorbin of shape Shape([1, 128, 2816, 192])
2026-08-15 22:02:08.759 | DEBUG    | core:as_tensor:724 - Loaded cache for /tmp/gemma4_full_model_cache/multichip/layer_29/expert_up_tp4_dtype_BFLOAT8_B_layout_TILE.tensorbin of shape Shape([1, 128, 2816, 192])
2026-08-15 22:02:08.786 | DEBUG    | core:as_tensor:724 - Loaded cache for /tmp/gemma4_full_model_cache/multichip/layer_29/expert_down_tp4_dtype_BFLOAT8_B_layout_TILE.tensorbin of shape Shape([1, 128, 192, 2816])
2026-08-15 22:02:08.787 | DEBUG    | core:as_tensor:724 - Loaded cache for /tmp/gemma4_full_model_cache/multichip/layer_29/expert_prefill_sparsity_dtype_BFLOAT16_layout_ROW_MAJOR.tensorbin of shape Shape([1, 1, 1, 128])
2026-08-15 22:02:08.792 | DEBUG    | core:as_tensor:724 - Loaded cache for /tmp/gemma4_full_model_cache/multichip/layer_29/packed_mlp_gate_up_decode_bfp4_tp4_dtype_BFLOAT4_B_layout_TILE.tensorbin of shape Shape([1, 1, 2816, 1088])
entry[0]             top1=0.960 (96/100)  top5=1.000 (100/100)  top100=1.000 (100/100)  TTFT=1087.93ms  decode=17.08 t/s/u  e2e=14.53 t/s/u
AGGREGATE            top1=0.960 (96/100)  top5=1.000 (100/100)  top100=1.000 (100/100)  TTFT=1087.93ms  decode=17.08 t/s/u  e2e=14.53 t/s/u
nanobind: leaked 2 instances!
 - leaked instance 0x765ac4692e38 of type "ttnn._ttnn.tensor.CoreRangeSet"
 - leaked instance 0x765ac47a72e8 of type "ttnn._ttnn.device.DispatchCoreConfig"
nanobind: leaked 38 types!
 - leaked type "DispatchCoreAxis"
 - leaked type "ttnn._ttnn.device.SubDeviceManagerId"
 - leaked type "MathFidelity"
 - leaked type "ttnn._ttnn.operations.matmul.MatmulMultiCoreReuseMultiCast1DProgramConfig"
 - leaked type "ttnn._ttnn.operations.matmul.MatmulInputs"
 - leaked type "ttnn._ttnn.multi_device.MeshMapperConfig"
 - leaked type "ttnn._ttnn.operations.matmul.MatmulMultiCoreReuseMultiCastBatchedDRAMShardedProgramConfig"
 - leaked type "BufferType"
 - leaked type "UnaryOpType"
 - leaked type "Layout"
 - ... skipped remainder
nanobind: leaked 321 functions!
 - leaked function ""
 - leaked function "to_torch_with_padded_shape"
 - leaked function ""
 - leaked function ""
 - leaked function "is_sharded"
 - leaked function ""
 - leaked function "__iter__"
 - leaked function ""
 - leaked function ""
 - leaked function "to_json"
 - ... skipped remainder
nanobind: this is likely caused by a reference counting issue in the binding code.
See https://nanobind.readthedocs.io/en/latest/refleaks.html2026-08-15 22:02:26.338 | info     |    BuildKernels | JIT cache stats: 605/622 hits (97.3%) [605 cached, 314 build-once dedup, 0 merged artifacts, 0 merged genfiles] (build_cache_telemetry.cpp:207)
2026-08-15 22:02:26.338 | info     |    BuildKernels | JIT telemetry: 3 registered TelemetryTokens (build_cache_telemetry.cpp:230)
2026-08-15 22:02:26.359 | info     |          Device | Closing user mode device drivers (tt_cluster.cpp:512)
2026-08-15 22:02:26.359 | info     |             UMD | Closing devices in cluster (cluster.cpp:1037)
2026-08-15 22:02:26.960 | info     |             UMD | Closing devices in cluster completed. (cluster.cpp:1046)
2026-08-15 22:02:26.960 | info     |             UMD | Cluster destructor started. (cluster.cpp:754)
2026-08-15 22:02:26.961 | info     |             UMD | Cluster destructor completed. (cluster.cpp:757)
