MessageName;total_ns
perf_event_paranoid: 4;208103732
Failed to get tracefs path, cannot setup system tracing.;208163958
SYNC_CHECK;2112736909
`TT_DNN_DEVICE_OP: "TilizeWithValPaddingDeviceOperation", 7175861952375889502, 3, false, 1027 ->
{
    "attributes": {
        "enough_space_height": "true",
        "enough_space_width": "true",
        "output_dtype": "DataType::BFLOAT16",
        "output_mem_config": "MemoryConfig(memory_layout=TensorMemoryLayout::INTERLEAVED,buffer_type=BufferType::DRAM,shard_spec=std::nullopt,nd_shard_spec=std::nullopt,created_with_nd_shard_spec=0)",
        "output_padded_shape": "Shape([1, 1, 32, 32])",
        "pad_value": "0",
        "sub_core_grids": "std::nullopt",
        "use_multicore": "true"
    },
    "device_id": 3,
    "global_call_count": 1027,
    "input_tensors": [
        {
            "dtype": "BFLOAT16",
            "layout": "ROW_MAJOR",
            "shape": {
                "W": "1[1]",
                "X": "1[1]",
                "Y": "1[1]",
                "Z": "1[1]"
            },
            "storage_type": {
                "device_id": 0,
                "memory_config": {
                    "buffer_type": "DRAM",
                    "memory_layout": "INTERLEAVED"
                }
            }
        }
    ],
    "kernel_info": {
        "compute_kernels": [
            {
                "math_fidelity": "HiFi4",
                "name": "tilize/12291065019448582496/",
                "source": "ttnn/cpp/ttnn/kernel/compute/tilize.cpp"
            }
        ],
        "datamovement_kernels": [
            {
                "name": "writer_unary_interleaved_start_id/12823350331057913928/",
                "source": "ttnn/cpp/ttnn/operations/eltwise/unary/device/kernels/dataflow/writer_unary_interleaved_start_id.cpp"
            },
            {
                "name": "reader_unary_pad_dims_split_rows_multicore/15761298901094827895/",
                "source": "ttnn/cpp/ttnn/operations/data_movement/tilize_with_val_padding/device/kernels/dataflow/reader_unary_pad_dims_split_rows_multicore.cpp"
            }
        ],
        "kernel_sizes": {
            "ACTIVE_ETH_DM_0_max_kernel_size": 0,
            "ACTIVE_ETH_DM_1_max_kernel_size": 0,
            "IDLE_ETH_DM_0_max_kernel_size": 0,
            "IDLE_ETH_DM_1_max_kernel_size": 0,
            "TENSIX_COMPUTE_0_max_kernel_size": 1220,
            "TENSIX_COMPUTE_1_max_kernel_size": 728,
            "TENSIX_COMPUTE_2_max_kernel_size": 1548,
            "TENSIX_DM_0_max_kernel_size": 1000,
            "TENSIX_DM_1_max_kernel_size": 1852
        }
    },
    "op_code": "TilizeWithValPaddingDeviceOperation",
    "op_hash": 7175861952375889502,
    "op_type": "tt_dnn_device",
    "optional_input_tensors": [],
    "output_tensors": [
        {
            "dtype": "BFLOAT16",
            "layout": "TILE",
            "shape": {
                "W": "1[1]",
                "X": "32[1]",
                "Y": "32[1]",
                "Z": "1[1]"
            },
            "storage_type": {
                "device_id": 0,
                "memory_config": {
                    "buffer_type": "DRAM",
                    "memory_layout": "INTERLEAVED"
                }
            }
        }
    ],
    "performance_model": {
        "bandwidth_ns": 1,
        "compute_ns": 1,
        "ideal_ns": 1,
        "input_bws": [],
        "output_bws": []
    },
    "program_cache_hit": false
}`;4469868710
`TT_DNN_DEVICE_OP: "TilizeWithValPaddingDeviceOperation", 7422922375288097901, 3, false, 2051 ->
{
    "attributes": {
        "enough_space_height": "true",
        "enough_space_width": "true",
        "output_dtype": "DataType::BFLOAT16",
        "output_mem_config": "MemoryConfig(memory_layout=TensorMemoryLayout::INTERLEAVED,buffer_type=BufferType::DRAM,shard_spec=std::nullopt,nd_shard_spec=std::nullopt,created_with_nd_shard_spec=0)",
        "output_padded_shape": "Shape([1, 1, 32, 2816])",
        "pad_value": "0",
        "sub_core_grids": "std::nullopt",
        "use_multicore": "true"
    },
    "device_id": 3,
    "global_call_count": 2051,
    "input_tensors": [
        {
            "dtype": "BFLOAT16",
            "layout": "ROW_MAJOR",
            "shape": {
                "W": "1[1]",
                "X": "2816[2816]",
                "Y": "1[1]",
                "Z": "1[1]"
            },
            "storage_type": {
                "device_id": 0,
                "memory_config": {
                    "buffer_type": "DRAM",
                    "memory_layout": "INTERLEAVED"
                }
            }
        }
    ],
    "kernel_info": {
        "compute_kernels": [
            {
                "math_fidelity": "HiFi4",
                "name": "tilize_wh/14307883186269081375/",
                "source": "ttnn/cpp/ttnn/operations/data_movement/tilize/device/kernels/compute/tilize_wh.cpp"
            }
        ],
        "datamovement_kernels": [
            {
                "name": "writer_unary_interleaved_start_id_wh/16070951147242733080/",
                "source": "ttnn/cpp/ttnn/operations/eltwise/unary/device/kernels/dataflow/writer_unary_interleaved_start_id_wh.cpp"
            },
            {
                "name": "reader_unary_pad_multicore_both_dims/3845182176467962333/",
                "source": "ttnn/cpp/ttnn/operations/data_movement/tilize_with_val_padding/device/kernels/dataflow/reader_unary_pad_multicore_both_dims.cpp"
            }
        ],
        "kernel_sizes": {
            "ACTIVE_ETH_DM_0_max_kernel_size": 0,
            "ACTIVE_ETH_DM_1_max_kernel_size": 0,
            "IDLE_ETH_DM_0_max_kernel_size": 0,
            "IDLE_ETH_DM_1_max_kernel_size": 0,
            "TENSIX_COMPUTE_0_max_kernel_size": 1220,
            "TENSIX_COMPUTE_1_max_kernel_size": 728,
            "TENSIX_COMPUTE_2_max_kernel_size": 1548,
            "TENSIX_DM_0_max_kernel_size": 744,
            "TENSIX_DM_1_max_kernel_size": 3024
        }
    },
    "op_code": "TilizeWithValPaddingDeviceOperation",
    "op_hash": 7422922375288097901,
    "op_type": "tt_dnn_device",
    "optional_input_tensors": [],
    "output_tensors": [
        {
            "dtype": "BFLOAT16",
            "layout": "TILE",
            "shape": {
                "W": "1[1]",
                "X": "2816[2816]",
                "Y": "32[1]",
                "Z": "1[1]"
            },
            "storage_type": {
                "device_id": 0,
                "memory_config": {
                    "buffer_type": "DRAM",
                    "memory_layout": "INTERLEAVED"
                }
            }
        }
    ],
    "performance_model": {
        "bandwidth_ns": 1,
        "compute_ns": 1,
        "ideal_ns": 1,
        "input_bws": [],
        "output_bws": []
    },
    "program_cache_hit": false
}`;4474481818
`TT_DNN_DEVICE_OP: "TilizeWithValPaddingDeviceOperation", 7422922375288097901, 3, false, 3075`;4474641386
`TT_DNN_DEVICE_OP: "TilizeWithValPaddingDeviceOperation", 7422922375288097901, 3, false, 4099`;4474741028
`TT_DNN_DEVICE_OP: "TilizeWithValPaddingDeviceOperation", 7422922375288097901, 3, false, 5123`;4474783710
`TT_DNN_DEVICE_OP: "TilizeWithValPaddingDeviceOperation", 7422922375288097901, 3, false, 6147`;4474814880
`TT_DNN_DEVICE_OP: "TilizeWithValPaddingDeviceOperation", 7422922375288097901, 3, false, 7171`;4474844387
`TT_DNN_DEVICE_OP: "TilizeWithValPaddingDeviceOperation", 7422922375288097901, 3, false, 8195`;4474874145
`TT_DNN_DEVICE_OP: "TilizeWithValPaddingDeviceOperation", 12797341713505714340, 3, false, 9219 ->
{
    "attributes": {
        "enough_space_height": "true",
        "enough_space_width": "true",
        "output_dtype": "DataType::BFLOAT16",
        "output_mem_config": "MemoryConfig(memory_layout=TensorMemoryLayout::INTERLEAVED,buffer_type=BufferType::DRAM,shard_spec=std::nullopt,nd_shard_spec=std::nullopt,created_with_nd_shard_spec=0)",
        "output_padded_shape": "Shape([1, 1, 32, 256])",
        "pad_value": "0",
        "sub_core_grids": "std::nullopt",
        "use_multicore": "true"
    },
    "device_id": 3,
    "global_call_count": 9219,
    "input_tensors": [
        {
            "dtype": "BFLOAT16",
            "layout": "ROW_MAJOR",
            "shape": {
                "W": "1[1]",
                "X": "256[256]",
                "Y": "1[1]",
                "Z": "1[1]"
            },
            "storage_type": {
                "device_id": 0,
                "memory_config": {
                    "buffer_type": "DRAM",
                    "memory_layout": "INTERLEAVED"
                }
            }
        }
    ],
    "kernel_info": {
        "compute_kernels": [
            {
                "math_fidelity": "HiFi4",
                "name": "tilize/7261932891560273168/",
                "source": "ttnn/cpp/ttnn/kernel/compute/tilize.cpp"
            }
        ],
        "datamovement_kernels": [
            {
                "name": "writer_unary_interleaved_start_id/12823350331057913928/",
                "source": "ttnn/cpp/ttnn/operations/eltwise/unary/device/kernels/dataflow/writer_unary_interleaved_start_id.cpp"
            },
            {
                "name": "reader_unary_pad_dims_split_rows_multicore/6138589921997970859/",
                "source": "ttnn/cpp/ttnn/operations/data_movement/tilize_with_val_padding/device/kernels/dataflow/reader_unary_pad_dims_split_rows_multicore.cpp"
            }
        ],
        "kernel_sizes": {
            "ACTIVE_ETH_DM_0_max_kernel_size": 0,
            "ACTIVE_ETH_DM_1_max_kernel_size": 0,
            "IDLE_ETH_DM_0_max_kernel_size": 0,
            "IDLE_ETH_DM_1_max_kernel_size": 0,
            "TENSIX_COMPUTE_0_max_kernel_size": 1208,
            "TENSIX_COMPUTE_1_max_kernel_size": 788,
            "TENSIX_COMPUTE_2_max_kernel_size": 2076,
            "TENSIX_DM_0_max_kernel_size": 1000,
            "TENSIX_DM_1_max_kernel_size": 1852
        }
    },
    "op_code": "TilizeWithValPaddingDeviceOperation",
    "op_hash": 12797341713505714340,
    "op_type": "tt_dnn_device",
    "optional_input_tensors": [],
    "output_tensors": [
        {
            "dtype": "BFLOAT16",
            "layout": "TILE",
            "shape": {
                "W": "1[1]",
                "X": "256[256]",
                "Y": "32[1]",
                "Z": "1[1]"
            },
            "storage_type": {
                "device_id": 0,
                "memory_config": {
                    "buffer_type": "DRAM",
                    "memory_layout": "INTERLEAVED"
                }
            }
        }
    ],
    "performance_model": {
        "bandwidth_ns": 1,
        "compute_ns": 1,
        "ideal_ns": 1,
        "input_bws": [],
        "output_bws": []
    },
    "program_cache_hit": false
}`;4478295624
`TT_DNN_DEVICE_OP: "TilizeWithValPaddingDeviceOperation", 12797341713505714340, 3, false, 10243`;4478396208
`TT_DNN_DEVICE_OP: "TilizeDeviceOperation", 2385373915290678634, 3, false, 11267 ->
{
    "attributes": {
        "enough_space_height": "true",
        "enough_space_width": "true",
        "output_dtype": "DataType::BFLOAT16",
        "output_mem_config": "MemoryConfig(memory_layout=TensorMemoryLayout::INTERLEAVED,buffer_type=BufferType::DRAM,shard_spec=std::nullopt,nd_shard_spec=std::nullopt,created_with_nd_shard_spec=0)",
        "sub_core_grids": "std::nullopt",
        "use_low_perf": "false",
        "use_multicore": "true"
    },
    "device_id": 3,
    "global_call_count": 11267,
    "input_tensors": [
        {
            "dtype": "BFLOAT16",
            "layout": "ROW_MAJOR",
            "shape": {
                "W": "1[1]",
                "X": "8192[8192]",
                "Y": "2816[2816]",
                "Z": "1[1]"
            },
            "storage_type": {
                "device_id": 0,
                "memory_config": {
                    "buffer_type": "DRAM",
                    "memory_layout": "INTERLEAVED"
                }
            }
        }
    ],
    "kernel_info": {
        "compute_kernels": [
            {
                "math_fidelity": "HiFi4",
                "name": "tilize_wh/15930328100435891940/",
                "source": "ttnn/cpp/ttnn/operations/data_movement/tilize/device/kernels/compute/tilize_wh.cpp"
            }
        ],
        "datamovement_kernels": [
            {
                "name": "writer_unary_interleaved_start_id_wh/5547135765497561447/",
                "source": "ttnn/cpp/ttnn/operations/eltwise/unary/device/kernels/dataflow/writer_unary_interleaved_start_id_wh.cpp"
            },
            {
                "name": "reader_unary_pad_multicore_both_dims/13149901620462540073/",
                "source": "ttnn/cpp/ttnn/operations/data_movement/tilize_with_val_padding/device/kernels/dataflow/reader_unary_pad_multicore_both_dims.cpp"
            }
        ],
        "kernel_sizes": {
            "ACTIVE_ETH_DM_0_max_kernel_size": 0,
            "ACTIVE_ETH_DM_1_max_kernel_size": 0,
            "IDLE_ETH_DM_0_max_kernel_size": 0,
            "IDLE_ETH_DM_1_max_kernel_size": 0,
            "TENSIX_COMPUTE_0_max_kernel_size": 1408,
            "TENSIX_COMPUTE_1_max_kernel_size": 1176,
            "TENSIX_COMPUTE_2_max_kernel_size": 2188,
            "TENSIX_DM_0_max_kernel_size": 744,
            "TENSIX_DM_1_max_kernel_size": 2992
        }
    },
    "op_code": "TilizeDeviceOperation",
    "op_hash": 2385373915290678634,
    "op_type": "tt_dnn_device",
    "optional_input_tensors": [],
    "output_tensors": [
        {
            "dtype": "BFLOAT16",
            "layout": "TILE",
            "shape": {
                "W": "1[1]",
                "X": "8192[8192]",
                "Y": "2816[2816]",
                "Z": "1[1]"
            },
            "storage_type": {
                "device_id": 0,
                "memory_config": {
                    "buffer_type": "DRAM",
                    "memory_layout": "INTERLEAVED"
                }
            }
        }
    ],
    "performance_model": {
        "bandwidth_ns": 1,
        "compute_ns": 1,
        "ideal_ns": 1,
        "input_bws": [],
        "output_bws": []
    },
    "program_cache_hit": false
}`;4493551009
`TT_DNN_DEVICE_OP: "TilizeDeviceOperation", 804135711218837045, 3, false, 12291 ->
{
    "attributes": {
        "enough_space_height": "true",
        "enough_space_width": "true",
        "output_dtype": "DataType::BFLOAT16",
        "output_mem_config": "MemoryConfig(memory_layout=TensorMemoryLayout::INTERLEAVED,buffer_type=BufferType::DRAM,shard_spec=std::nullopt,nd_shard_spec=std::nullopt,created_with_nd_shard_spec=0)",
        "sub_core_grids": "std::nullopt",
        "use_low_perf": "false",
        "use_multicore": "true"
    },
    "device_id": 3,
    "global_call_count": 12291,
    "input_tensors": [
        {
            "dtype": "BFLOAT16",
            "layout": "ROW_MAJOR",
            "shape": {
                "W": "1[1]",
                "X": "2816[2816]",
                "Y": "4096[4096]",
                "Z": "1[1]"
            },
            "storage_type": {
                "device_id": 0,
                "memory_config": {
                    "buffer_type": "DRAM",
                    "memory_layout": "INTERLEAVED"
                }
            }
        }
    ],
    "kernel_info": {
        "compute_kernels": [
            {
                "math_fidelity": "HiFi4",
                "name": "tilize_wh/4548764860675907869/",
                "source": "ttnn/cpp/ttnn/operations/data_movement/tilize/device/kernels/compute/tilize_wh.cpp"
            }
        ],
        "datamovement_kernels": [
            {
                "name": "writer_unary_interleaved_start_id_wh/10267272154772628586/",
                "source": "ttnn/cpp/ttnn/operations/eltwise/unary/device/kernels/dataflow/writer_unary_interleaved_start_id_wh.cpp"
            },
            {
                "name": "reader_unary_pad_multicore_both_dims/2245825290022676439/",
                "source": "ttnn/cpp/ttnn/operations/data_movement/tilize_with_val_padding/device/kernels/dataflow/reader_unary_pad_multicore_both_dims.cpp"
            }
        ],
        "kernel_sizes": {
            "ACTIVE_ETH_DM_0_max_kernel_size": 0,
            "ACTIVE_ETH_DM_1_max_kernel_size": 0,
            "IDLE_ETH_DM_0_max_kernel_size": 0,
            "IDLE_ETH_DM_1_max_kernel_size": 0,
            "TENSIX_COMPUTE_0_max_kernel_size": 1384,
            "TENSIX_COMPUTE_1_max_kernel_size": 828,
            "TENSIX_COMPUTE_2_max_kernel_size": 2184,
            "TENSIX_DM_0_max_kernel_size": 744,
            "TENSIX_DM_1_max_kernel_size": 3020
        }
    },
    "op_code": "TilizeDeviceOperation",
    "op_hash": 804135711218837045,
    "op_type": "tt_dnn_device",
    "optional_input_tensors": [],
    "output_tensors": [
        {
            "dtype": "BFLOAT16",
            "layout": "TILE",
            "shape": {
                "W": "1[1]",
                "X": "2816[2816]",
                "Y": "4096[4096]",
                "Z": "1[1]"
            },
            "storage_type": {
                "device_id": 0,
                "memory_config": {
                    "buffer_type": "DRAM",
                    "memory_layout": "INTERLEAVED"
                }
            }
        }
    ],
    "performance_model": {
        "bandwidth_ns": 1,
        "compute_ns": 1,
        "ideal_ns": 1,
        "input_bws": [],
        "output_bws": []
    },
    "program_cache_hit": false
}`;4511518425
`TT_DNN_DEVICE_OP: "TilizeDeviceOperation", 8161833194549473463, 3, false, 13315 ->
{
    "attributes": {
        "enough_space_height": "true",
        "enough_space_width": "true",
        "output_dtype": "DataType::BFLOAT16",
        "output_mem_config": "MemoryConfig(memory_layout=TensorMemoryLayout::INTERLEAVED,buffer_type=BufferType::DRAM,shard_spec=std::nullopt,nd_shard_spec=std::nullopt,created_with_nd_shard_spec=0)",
        "sub_core_grids": "std::nullopt",
        "use_low_perf": "false",
        "use_multicore": "true"
    },
    "device_id": 3,
    "global_call_count": 13315,
    "input_tensors": [
        {
            "dtype": "BFLOAT16",
            "layout": "ROW_MAJOR",
            "shape": {
                "W": "1[1]",
                "X": "2112[2112]",
                "Y": "2816[2816]",
                "Z": "1[1]"
            },
            "storage_type": {
                "device_id": 0,
                "memory_config": {
                    "buffer_type": "DRAM",
                    "memory_layout": "INTERLEAVED"
                }
            }
        }
    ],
    "kernel_info": {
        "compute_kernels": [
            {
                "math_fidelity": "HiFi4",
                "name": "tilize_wh/11091537825912619232/",
                "source": "ttnn/cpp/ttnn/operations/data_movement/tilize/device/kernels/compute/tilize_wh.cpp"
            }
        ],
        "datamovement_kernels": [
            {
                "name": "writer_unary_interleaved_start_id_wh/1527989088641173169/",
                "source": "ttnn/cpp/ttnn/operations/eltwise/unary/device/kernels/dataflow/writer_unary_interleaved_start_id_wh.cpp"
            },
            {
                "name": "reader_unary_pad_multicore_both_dims/14965980398591092961/",
                "source": "ttnn/cpp/ttnn/operations/data_movement/tilize_with_val_padding/device/kernels/dataflow/reader_unary_pad_multicore_both_dims.cpp"
            }
        ],
        "kernel_sizes": {
            "ACTIVE_ETH_DM_0_max_kernel_size": 0,
            "ACTIVE_ETH_DM_1_max_kernel_size": 0,
            "IDLE_ETH_DM_0_max_kernel_size": 0,
            "IDLE_ETH_DM_1_max_kernel_size": 0,
            "TENSIX_COMPUTE_0_max_kernel_size": 1300,
            "TENSIX_COMPUTE_1_max_kernel_size": 1236,
            "TENSIX_COMPUTE_2_max_kernel_size": 2172,
            "TENSIX_DM_0_max_kernel_size": 744,
            "TENSIX_DM_1_max_kernel_size": 3036
        }
    },
    "op_code": "TilizeDeviceOperation",
    "op_hash": 8161833194549473463,
    "op_type": "tt_dnn_device",
    "optional_input_tensors": [],
    "output_tensors": [
        {
            "dtype": "BFLOAT16",
            "layout": "TILE",
            "shape": {
                "W": "1[1]",
                "X": "2112[2112]",
                "Y": "2816[2816]",
                "Z": "1[1]"
            },
            "storage_type": {
                "device_id": 0,
                "memory_config": {
                    "buffer_type": "DRAM",
                    "memory_layout": "INTERLEAVED"
                }
            }
        }
    ],
    "performance_model": {
        "bandwidth_ns": 1,
        "compute_ns": 1,
        "ideal_ns": 1,
        "input_bws": [],
        "output_bws": []
    },
    "program_cache_hit": false
}`;4520229066
`TT_DNN_DEVICE_OP: "TilizeDeviceOperation", 8161833194549473463, 3, false, 14339`;4521367141
`TT_DNN_DEVICE_OP: "TilizeDeviceOperation", 1459702045945393021, 3, false, 15363 ->
{
    "attributes": {
        "enough_space_height": "true",
        "enough_space_width": "true",
        "output_dtype": "DataType::BFLOAT16",
        "output_mem_config": "MemoryConfig(memory_layout=TensorMemoryLayout::INTERLEAVED,buffer_type=BufferType::DRAM,shard_spec=std::nullopt,nd_shard_spec=std::nullopt,created_with_nd_shard_spec=0)",
        "sub_core_grids": "std::nullopt",
        "use_low_perf": "false",
        "use_multicore": "true"
    },
    "device_id": 3,
    "global_call_count": 15363,
    "input_tensors": [
        {
            "dtype": "BFLOAT16",
            "layout": "ROW_MAJOR",
            "shape": {
                "W": "1[1]",
                "X": "2816[2816]",
                "Y": "2112[2112]",
                "Z": "1[1]"
            },
            "storage_type": {
                "device_id": 0,
                "memory_config": {
                    "buffer_type": "DRAM",
                    "memory_layout": "INTERLEAVED"
                }
            }
        }
    ],
    "kernel_info": {
        "compute_kernels": [
            {
                "math_fidelity": "HiFi4",
                "name": "tilize_wh/12301927553377940728/",
                "source": "ttnn/cpp/ttnn/operations/data_movement/tilize/device/kernels/compute/tilize_wh.cpp"
            }
        ],
        "datamovement_kernels": [
            {
                "name": "writer_unary_interleaved_start_id_wh/2540786092466067461/",
                "source": "ttnn/cpp/ttnn/operations/eltwise/unary/device/kernels/dataflow/writer_unary_interleaved_start_id_wh.cpp"
            },
            {
                "name": "reader_unary_pad_multicore_both_dims/13418570364137703046/",
                "source": "ttnn/cpp/ttnn/operations/data_movement/tilize_with_val_padding/device/kernels/dataflow/reader_unary_pad_multicore_both_dims.cpp"
            }
        ],
        "kernel_sizes": {
            "ACTIVE_ETH_DM_0_max_kernel_size": 0,
            "ACTIVE_ETH_DM_1_max_kernel_size": 0,
            "IDLE_ETH_DM_0_max_kernel_size": 0,
            "IDLE_ETH_DM_1_max_kernel_size": 0,
            "TENSIX_COMPUTE_0_max_kernel_size": 1300,
            "TENSIX_COMPUTE_1_max_kernel_size": 1236,
            "TENSIX_COMPUTE_2_max_kernel_size": 2172,
            "TENSIX_DM_0_max_kernel_size": 744,
            "TENSIX_DM_1_max_kernel_size": 3036
        }
    },
    "op_code": "TilizeDeviceOperation",
    "op_hash": 1459702045945393021,
    "op_type": "tt_dnn_device",
    "optional_input_tensors": [],
    "output_tensors": [
        {
            "dtype": "BFLOAT16",
            "layout": "TILE",
            "shape": {
                "W": "1[1]",
                "X": "2816[2816]",
                "Y": "2112[2112]",
                "Z": "1[1]"
            },
            "storage_type": {
                "device_id": 0,
                "memory_config": {
                    "buffer_type": "DRAM",
                    "memory_layout": "INTERLEAVED"
                }
            }
        }
    ],
    "performance_model": {
        "bandwidth_ns": 1,
        "compute_ns": 1,
        "ideal_ns": 1,
        "input_bws": [],
        "output_bws": []
    },
    "program_cache_hit": false
}`;4527088386
`TT_DNN_DEVICE_OP: "TilizeWithValPaddingDeviceOperation", 7422922375288097901, 3, false, 16387`;4527307469
`TT_DNN_DEVICE_OP: "TypecastDeviceOperation", 18388586434115707283, 3, false, 17411 ->
{
    "attributes": {
        "bfp8_pack_precise": "false",
        "fp32_dest_acc_en": "true",
        "input_dtype": "DataType::BFLOAT16",
        "output_dtype": "DataType::FLOAT32",
        "output_memory_config": "MemoryConfig(memory_layout=TensorMemoryLayout::INTERLEAVED,buffer_type=BufferType::DRAM,shard_spec=std::nullopt,nd_shard_spec=std::nullopt,created_with_nd_shard_spec=0)",
        "preserve_fp32_precision": "false",
        "sub_core_grids": "std::nullopt"
    },
    "device_id": 3,
    "global_call_count": 17411,
    "input_tensors": [
        {
            "dtype": "BFLOAT16",
            "layout": "TILE",
            "shape": {
                "W": "1[1]",
                "X": "2816[2816]",
                "Y": "32[1]",
                "Z": "1[1]"
            },
            "storage_type": {
                "device_id": 0,
                "memory_config": {
                    "buffer_type": "DRAM",
                    "memory_layout": "INTERLEAVED"
                }
            }
        }
    ],
    "kernel_info": {
        "compute_kernels": [
            {
                "math_fidelity": "HiFi4",
                "name": "eltwise_typecast/13952838134320224953/",
                "source": "ttnn/cpp/ttnn/operations/copy/typecast/device/kernels/compute/eltwise_typecast.cpp"
            }
        ],
        "datamovement_kernels": [
            {
                "name": "writer_unary_interleaved_start_id/13368693794992248812/",
                "source": "ttnn/cpp/ttnn/operations/eltwise/unary/device/kernels/dataflow/writer_unary_interleaved_start_id.cpp"
            },
            {
                "name": "reader_unary_interleaved_start_id/8137143246985688925/",
                "source": "ttnn/cpp/ttnn/operations/eltwise/unary/device/kernels/dataflow/reader_unary_interleaved_start_id.cpp"
            }
        ],
        "kernel_sizes": {
            "ACTIVE_ETH_DM_0_max_kernel_size": 0,
            "ACTIVE_ETH_DM_1_max_kernel_size": 0,
            "IDLE_ETH_DM_0_max_kernel_size": 0,
            "IDLE_ETH_DM_1_max_kernel_size": 0,
            "TENSIX_COMPUTE_0_max_kernel_size": 1040,
            "TENSIX_COMPUTE_1_max_kernel_size": 740,
            "TENSIX_COMPUTE_2_max_kernel_size": 1120,
            "TENSIX_DM_0_max_kernel_size": 988,
            "TENSIX_DM_1_max_kernel_size": 924
        }
    },
    "op_code": "TypecastDeviceOperation",
    "op_hash": 18388586434115707283,
    "op_type": "tt_dnn_device",
    "optional_input_tensors": [],
    "output_tensors": [
        {
            "dtype": "FLOAT32",
            "layout": "TILE",
            "shape": {
                "W": "1[1]",
                "X": "2816[2816]",
                "Y": "32[1]",
                "Z": "1[1]"
            },
            "storage_type": {
                "device_id": 0,
                "memory_config": {
                    "buffer_type": "DRAM",
                    "memory_layout": "INTERLEAVED"
                }
            }
        }
    ],
    "performance_model": {
        "bandwidth_ns": 1,
        "compute_ns": 1,
        "ideal_ns": 1,
        "input_bws": [],
        "output_bws": []
    },
    "program_cache_hit": false
}`;4531660936
`TT_DNN_DEVICE_OP: "TilizeDeviceOperation", 501829483648222302, 3, false, 18435 ->
{
    "attributes": {
        "enough_space_height": "true",
        "enough_space_width": "true",
        "output_dtype": "DataType::BFLOAT16",
        "output_mem_config": "MemoryConfig(memory_layout=TensorMemoryLayout::INTERLEAVED,buffer_type=BufferType::DRAM,shard_spec=std::nullopt,nd_shard_spec=std::nullopt,created_with_nd_shard_spec=0)",
        "sub_core_grids": "std::nullopt",
        "use_low_perf": "false",
        "use_multicore": "true"
    },
    "device_id": 3,
    "global_call_count": 18435,
    "input_tensors": [
        {
            "dtype": "BFLOAT16",
            "layout": "ROW_MAJOR",
            "shape": {
                "W": "1[1]",
                "X": "128[128]",
                "Y": "2816[2816]",
                "Z": "1[1]"
            },
            "storage_type": {
                "device_id": 0,
                "memory_config": {
                    "buffer_type": "DRAM",
                    "memory_layout": "INTERLEAVED"
                }
            }
        }
    ],
    "kernel_info": {
        "compute_kernels": [
            {
                "math_fidelity": "HiFi4",
                "name": "tilize/9207119747511123796/",
                "source": "ttnn/cpp/ttnn/kernel/compute/tilize.cpp"
            }
        ],
        "datamovement_kernels": [
            {
                "name": "writer_unary_interleaved_start_id/12823350331057913928/",
                "source": "ttnn/cpp/ttnn/operations/eltwise/unary/device/kernels/dataflow/writer_unary_interleaved_start_id.cpp"
            },
            {
                "name": "reader_unary_stick_layout_split_rows_multicore/5137991844069086675/",
                "source": "ttnn/cpp/ttnn/operations/data_movement/tilize/device/kernels/dataflow/reader_unary_stick_layout_split_rows_multicore.cpp"
            }
        ],
        "kernel_sizes": {
            "ACTIVE_ETH_DM_0_max_kernel_size": 0,
            "ACTIVE_ETH_DM_1_max_kernel_size": 0,
            "IDLE_ETH_DM_0_max_kernel_size": 0,
            "IDLE_ETH_DM_1_max_kernel_size": 0,
            "TENSIX_COMPUTE_0_max_kernel_size": 1168,
            "TENSIX_COMPUTE_1_max_kernel_size": 768,
            "TENSIX_COMPUTE_2_max_kernel_size": 2012,
            "TENSIX_DM_0_max_kernel_size": 1000,
            "TENSIX_DM_1_max_kernel_size": 860
        }
    },
    "op_code": "TilizeDeviceOperation",
    "op_hash": 501829483648222302,
    "op_type": "tt_dnn_device",
    "optional_input_tensors": [],
    "output_tensors": [
        {
            "dtype": "BFLOAT16",
            "layout": "TILE",
            "shape": {
                "W": "1[1]",
                "X": "128[128]",
                "Y": "2816[2816]",
                "Z": "1[1]"
            },
            "storage_type": {
                "device_id": 0,
                "memory_config": {
                    "buffer_type": "DRAM",
                    "memory_layout": "INTERLEAVED"
                }
            }
        }
    ],
    "performance_model": {
        "bandwidth_ns": 1,
        "compute_ns": 1,
        "ideal_ns": 1,
        "input_bws": [],
        "output_bws": []
    },
    "program_cache_hit": false
}`;4536031556
`TT_DNN_DEVICE_OP: "TypecastDeviceOperation", 2063590066010576318, 3, false, 19459 ->
{
    "attributes": {
        "bfp8_pack_precise": "false",
        "fp32_dest_acc_en": "true",
        "input_dtype": "DataType::BFLOAT16",
        "output_dtype": "DataType::FLOAT32",
        "output_memory_config": "MemoryConfig(memory_layout=TensorMemoryLayout::INTERLEAVED,buffer_type=BufferType::DRAM,shard_spec=std::nullopt,nd_shard_spec=std::nullopt,created_with_nd_shard_spec=0)",
        "preserve_fp32_precision": "false",
        "sub_core_grids": "std::nullopt"
    },
    "device_id": 3,
    "global_call_count": 19459,
    "input_tensors": [
        {
            "dtype": "BFLOAT16",
            "layout": "TILE",
            "shape": {
                "W": "1[1]",
                "X": "128[128]",
                "Y": "2816[2816]",
                "Z": "1[1]"
            },
            "storage_type": {
                "device_id": 0,
                "memory_config": {
                    "buffer_type": "DRAM",
                    "memory_layout": "INTERLEAVED"
                }
            }
        }
    ],
    "kernel_info": {
        "compute_kernels": [
            {
                "math_fidelity": "HiFi4",
                "name": "eltwise_typecast/12622807714266959199/",
                "source": "ttnn/cpp/ttnn/operations/copy/typecast/device/kernels/compute/eltwise_typecast.cpp"
            }
        ],
        "datamovement_kernels": [
            {
                "name": "writer_unary_interleaved_start_id/13368693794992248812/",
                "source": "ttnn/cpp/ttnn/operations/eltwise/unary/device/kernels/dataflow/writer_unary_interleaved_start_id.cpp"
            },
            {
                "name": "reader_unary_interleaved_start_id/8137143246985688925/",
                "source": "ttnn/cpp/ttnn/operations/eltwise/unary/device/kernels/dataflow/reader_unary_interleaved_start_id.cpp"
            }
        ],
        "kernel_sizes": {
            "ACTIVE_ETH_DM_0_max_kernel_size": 0,
            "ACTIVE_ETH_DM_1_max_kernel_size": 0,
            "IDLE_ETH_DM_0_max_kernel_size": 0,
            "IDLE_ETH_DM_1_max_kernel_size": 0,
            "TENSIX_COMPUTE_0_max_kernel_size": 1040,
            "TENSIX_COMPUTE_1_max_kernel_size": 928,
            "TENSIX_COMPUTE_2_max_kernel_size": 1264,
            "TENSIX_DM_0_max_kernel_size": 988,
            "TENSIX_DM_1_max_kernel_size": 924
        }
    },
    "op_code": "TypecastDeviceOperation",
    "op_hash": 2063590066010576318,
    "op_type": "tt_dnn_device",
    "optional_input_tensors": [],
    "output_tensors": [
        {
            "dtype": "FLOAT32",
            "layout": "TILE",
            "shape": {
                "W": "1[1]",
                "X": "128[128]",
                "Y": "2816[2816]",
                "Z": "1[1]"
            },
            "storage_type": {
                "device_id": 0,
                "memory_config": {
                    "buffer_type": "DRAM",
                    "memory_layout": "INTERLEAVED"
                }
            }
        }
    ],
    "performance_model": {
        "bandwidth_ns": 1,
        "compute_ns": 1,
        "ideal_ns": 1,
        "input_bws": [],
        "output_bws": []
    },
    "program_cache_hit": false
}`;4541010018
`TT_DNN_DEVICE_OP: "TilizeWithValPaddingDeviceOperation", 9109233834135679062, 3, false, 20483 ->
{
    "attributes": {
        "enough_space_height": "true",
        "enough_space_width": "true",
        "output_dtype": "DataType::BFLOAT16",
        "output_mem_config": "MemoryConfig(memory_layout=TensorMemoryLayout::INTERLEAVED,buffer_type=BufferType::DRAM,shard_spec=std::nullopt,nd_shard_spec=std::nullopt,created_with_nd_shard_spec=0)",
        "output_padded_shape": "Shape([32, 128])",
        "pad_value": "0",
        "sub_core_grids": "std::nullopt",
        "use_multicore": "true"
    },
    "device_id": 3,
    "global_call_count": 20483,
    "input_tensors": [
        {
            "dtype": "BFLOAT16",
            "layout": "ROW_MAJOR",
            "shape": {
                "W": "1[1]",
                "X": "128[128]",
                "Y": "1[1]",
                "Z": "1[1]"
            },
            "storage_type": {
                "device_id": 0,
                "memory_config": {
                    "buffer_type": "DRAM",
                    "memory_layout": "INTERLEAVED"
                }
            }
        }
    ],
    "kernel_info": {
        "compute_kernels": [
            {
                "math_fidelity": "HiFi4",
                "name": "tilize/9207119747511123796/",
                "source": "ttnn/cpp/ttnn/kernel/compute/tilize.cpp"
            }
        ],
        "datamovement_kernels": [
            {
                "name": "writer_unary_interleaved_start_id/12823350331057913928/",
                "source": "ttnn/cpp/ttnn/operations/eltwise/unary/device/kernels/dataflow/writer_unary_interleaved_start_id.cpp"
            },
            {
                "name": "reader_unary_pad_dims_split_rows_multicore/15913063110563993903/",
                "source": "ttnn/cpp/ttnn/operations/data_movement/tilize_with_val_padding/device/kernels/dataflow/reader_unary_pad_dims_split_rows_multicore.cpp"
            }
        ],
        "kernel_sizes": {
            "ACTIVE_ETH_DM_0_max_kernel_size": 0,
            "ACTIVE_ETH_DM_1_max_kernel_size": 0,
            "IDLE_ETH_DM_0_max_kernel_size": 0,
            "IDLE_ETH_DM_1_max_kernel_size": 0,
            "TENSIX_COMPUTE_0_max_kernel_size": 1168,
            "TENSIX_COMPUTE_1_max_kernel_size": 768,
            "TENSIX_COMPUTE_2_max_kernel_size": 2012,
            "TENSIX_DM_0_max_kernel_size": 1000,
            "TENSIX_DM_1_max_kernel_size": 1852
        }
    },
    "op_code": "TilizeWithValPaddingDeviceOperation",
    "op_hash": 9109233834135679062,
    "op_type": "tt_dnn_device",
    "optional_input_tensors": [],
    "output_tensors": [
        {
            "dtype": "BFLOAT16",
            "layout": "TILE",
            "shape": {
                "W": "1[1]",
                "X": "128[128]",
                "Y": "32[1]",
                "Z": "1[1]"
            },
            "storage_type": {
                "device_id": 0,
                "memory_config": {
                    "buffer_type": "DRAM",
                    "memory_layout": "INTERLEAVED"
                }
            }
        }
    ],
    "performance_model": {
        "bandwidth_ns": 1,
        "compute_ns": 1,
        "ideal_ns": 1,
        "input_bws": [],
        "output_bws": []
    },
    "program_cache_hit": false
}`;4542653388
`TT_DNN_DEVICE_OP: "TypecastDeviceOperation", 4140279241632614474, 3, false, 21507 ->
{
    "attributes": {
        "bfp8_pack_precise": "false",
        "fp32_dest_acc_en": "true",
        "input_dtype": "DataType::BFLOAT16",
        "output_dtype": "DataType::FLOAT32",
        "output_memory_config": "MemoryConfig(memory_layout=TensorMemoryLayout::INTERLEAVED,buffer_type=BufferType::DRAM,shard_spec=std::nullopt,nd_shard_spec=std::nullopt,created_with_nd_shard_spec=0)",
        "preserve_fp32_precision": "false",
        "sub_core_grids": "std::nullopt"
    },
    "device_id": 3,
    "global_call_count": 21507,
    "input_tensors": [
        {
            "dtype": "BFLOAT16",
            "layout": "TILE",
            "shape": {
                "W": "1[1]",
                "X": "128[128]",
                "Y": "32[1]",
                "Z": "1[1]"
            },
            "storage_type": {
                "device_id": 0,
                "memory_config": {
                    "buffer_type": "DRAM",
                    "memory_layout": "INTERLEAVED"
                }
            }
        }
    ],
    "kernel_info": {
        "compute_kernels": [
            {
                "math_fidelity": "HiFi4",
                "name": "eltwise_typecast/13952838134320224953/",
                "source": "ttnn/cpp/ttnn/operations/copy/typecast/device/kernels/compute/eltwise_typecast.cpp"
            }
        ],
        "datamovement_kernels": [
            {
                "name": "writer_unary_interleaved_start_id/13368693794992248812/",
                "source": "ttnn/cpp/ttnn/operations/eltwise/unary/device/kernels/dataflow/writer_unary_interleaved_start_id.cpp"
            },
            {
                "name": "reader_unary_interleaved_start_id/8137143246985688925/",
                "source": "ttnn/cpp/ttnn/operations/eltwise/unary/device/kernels/dataflow/reader_unary_interleaved_start_id.cpp"
            }
        ],
        "kernel_sizes": {
            "ACTIVE_ETH_DM_0_max_kernel_size": 0,
            "ACTIVE_ETH_DM_1_max_kernel_size": 0,
            "IDLE_ETH_DM_0_max_kernel_size": 0,
            "IDLE_ETH_DM_1_max_kernel_size": 0,
            "TENSIX_COMPUTE_0_max_kernel_size": 1040,
            "TENSIX_COMPUTE_1_max_kernel_size": 740,
            "TENSIX_COMPUTE_2_max_kernel_size": 1120,
            "TENSIX_DM_0_max_kernel_size": 988,
            "TENSIX_DM_1_max_kernel_size": 924
        }
    },
    "op_code": "TypecastDeviceOperation",
    "op_hash": 4140279241632614474,
    "op_type": "tt_dnn_device",
    "optional_input_tensors": [],
    "output_tensors": [
        {
            "dtype": "FLOAT32",
            "layout": "TILE",
            "shape": {
                "W": "1[1]",
                "X": "128[128]",
                "Y": "32[1]",
                "Z": "1[1]"
            },
            "storage_type": {
                "device_id": 0,
                "memory_config": {
                    "buffer_type": "DRAM",
                    "memory_layout": "INTERLEAVED"
                }
            }
        }
    ],
    "performance_model": {
        "bandwidth_ns": 1,
        "compute_ns": 1,
        "ideal_ns": 1,
        "input_bws": [],
        "output_bws": []
    },
    "program_cache_hit": false
}`;4542876017
`TT_DNN_DEVICE_OP: "TypecastDeviceOperation", 3888394733298718582, 3, false, 22531 ->
{
    "attributes": {
        "bfp8_pack_precise": "false",
        "fp32_dest_acc_en": "false",
        "input_dtype": "DataType::BFLOAT16",
        "output_dtype": "DataType::BFLOAT16",
        "output_memory_config": "MemoryConfig(memory_layout=TensorMemoryLayout::INTERLEAVED,buffer_type=BufferType::DRAM,shard_spec=std::nullopt,nd_shard_spec=std::nullopt,created_with_nd_shard_spec=0)",
        "preserve_fp32_precision": "false",
        "sub_core_grids": "std::nullopt"
    },
    "device_id": 3,
    "global_call_count": 22531,
    "input_tensors": [
        {
            "dtype": "BFLOAT16",
            "layout": "TILE",
            "shape": {
                "W": "1[1]",
                "X": "8192[8192]",
                "Y": "2816[2816]",
                "Z": "1[1]"
            },
            "storage_type": {
                "device_id": 0,
                "memory_config": {
                    "buffer_type": "DRAM",
                    "memory_layout": "INTERLEAVED"
                }
            }
        }
    ],
    "kernel_info": {
        "compute_kernels": [
            {
                "math_fidelity": "HiFi4",
                "name": "eltwise_typecast/17932641245521395971/",
                "source": "ttnn/cpp/ttnn/operations/copy/typecast/device/kernels/compute/eltwise_typecast.cpp"
            }
        ],
        "datamovement_kernels": [
            {
                "name": "writer_unary_interleaved_start_id/779128469316696198/",
                "source": "ttnn/cpp/ttnn/operations/eltwise/unary/device/kernels/dataflow/writer_unary_interleaved_start_id.cpp"
            },
            {
                "name": "reader_unary_interleaved_start_id/3833700122024315693/",
                "source": "ttnn/cpp/ttnn/operations/eltwise/unary/device/kernels/dataflow/reader_unary_interleaved_start_id.cpp"
            }
        ],
        "kernel_sizes": {
            "ACTIVE_ETH_DM_0_max_kernel_size": 0,
            "ACTIVE_ETH_DM_1_max_kernel_size": 0,
            "IDLE_ETH_DM_0_max_kernel_size": 0,
            "IDLE_ETH_DM_1_max_kernel_size": 0,
            "TENSIX_COMPUTE_0_max_kernel_size": 1040,
            "TENSIX_COMPUTE_1_max_kernel_size": 768,
            "TENSIX_COMPUTE_2_max_kernel_size": 1268,
            "TENSIX_DM_0_max_kernel_size": 1000,
            "TENSIX_DM_1_max_kernel_size": 924
        }
    },
    "op_code": "TypecastDeviceOperation",
    "op_hash": 3888394733298718582,
    "op_type": "tt_dnn_device",
    "optional_input_tensors": [],
    "output_tensors": [
        {
            "dtype": "BFLOAT16",
            "layout": "TILE",
            "shape": {
                "W": "1[1]",
                "X": "8192[8192]",
                "Y": "2816[2816]",
                "Z": "1[1]"
            },
            "storage_type": {
                "device_id": 0,
                "memory_config": {
                    "buffer_type": "DRAM",
                    "memory_layout": "INTERLEAVED"
                }
            }
        }
    ],
    "performance_model": {
        "bandwidth_ns": 1,
        "compute_ns": 1,
        "ideal_ns": 1,
        "input_bws": [],
        "output_bws": []
    },
    "program_cache_hit": false
}`;10330791010
`TT_DNN_DEVICE_OP: "TypecastDeviceOperation", 2887885995590979374, 3, false, 23555 ->
{
    "attributes": {
        "bfp8_pack_precise": "false",
        "fp32_dest_acc_en": "false",
        "input_dtype": "DataType::BFLOAT16",
        "output_dtype": "DataType::BFLOAT16",
        "output_memory_config": "MemoryConfig(memory_layout=TensorMemoryLayout::INTERLEAVED,buffer_type=BufferType::DRAM,shard_spec=std::nullopt,nd_shard_spec=std::nullopt,created_with_nd_shard_spec=0)",
        "preserve_fp32_precision": "false",
        "sub_core_grids": "std::nullopt"
    },
    "device_id": 3,
    "global_call_count": 23555,
    "input_tensors": [
        {
            "dtype": "BFLOAT16",
            "layout": "TILE",
            "shape": {
                "W": "1[1]",
                "X": "2816[2816]",
                "Y": "4096[4096]",
                "Z": "1[1]"
            },
            "storage_type": {
                "device_id": 0,
                "memory_config": {
                    "buffer_type": "DRAM",
                    "memory_layout": "INTERLEAVED"
                }
            }
        }
    ],
    "kernel_info": {
        "compute_kernels": [
            {
                "math_fidelity": "HiFi4",
                "name": "eltwise_typecast/6972123522781892962/",
                "source": "ttnn/cpp/ttnn/operations/copy/typecast/device/kernels/compute/eltwise_typecast.cpp"
            }
        ],
        "datamovement_kernels": [
            {
                "name": "writer_unary_interleaved_start_id/779128469316696198/",
                "source": "ttnn/cpp/ttnn/operations/eltwise/unary/device/kernels/dataflow/writer_unary_interleaved_start_id.cpp"
            },
            {
                "name": "reader_unary_interleaved_start_id/3833700122024315693/",
                "source": "ttnn/cpp/ttnn/operations/eltwise/unary/device/kernels/dataflow/reader_unary_interleaved_start_id.cpp"
            }
        ],
        "kernel_sizes": {
            "ACTIVE_ETH_DM_0_max_kernel_size": 0,
            "ACTIVE_ETH_DM_1_max_kernel_size": 0,
            "IDLE_ETH_DM_0_max_kernel_size": 0,
            "IDLE_ETH_DM_1_max_kernel_size": 0,
            "TENSIX_COMPUTE_0_max_kernel_size": 1040,
            "TENSIX_COMPUTE_1_max_kernel_size": 768,
            "TENSIX_COMPUTE_2_max_kernel_size": 1268,
            "TENSIX_DM_0_max_kernel_size": 1000,
            "TENSIX_DM_1_max_kernel_size": 924
        }
    },
    "op_code": "TypecastDeviceOperation",
    "op_hash": 2887885995590979374,
    "op_type": "tt_dnn_device",
    "optional_input_tensors": [],
    "output_tensors": [
        {
            "dtype": "BFLOAT16",
            "layout": "TILE",
            "shape": {
                "W": "1[1]",
                "X": "2816[2816]",
                "Y": "4096[4096]",
                "Z": "1[1]"
            },
            "storage_type": {
                "device_id": 0,
                "memory_config": {
                    "buffer_type": "DRAM",
                    "memory_layout": "INTERLEAVED"
                }
            }
        }
    ],
    "performance_model": {
        "bandwidth_ns": 1,
        "compute_ns": 1,
        "ideal_ns": 1,
        "input_bws": [],
        "output_bws": []
    },
    "program_cache_hit": false
}`;10597915943
`TT_DNN_DEVICE_OP: "TypecastDeviceOperation", 13966613306287907083, 3, false, 24579 ->
{
    "attributes": {
        "bfp8_pack_precise": "true",
        "fp32_dest_acc_en": "false",
        "input_dtype": "DataType::BFLOAT16",
        "output_dtype": "DataType::BFLOAT8_B",
        "output_memory_config": "MemoryConfig(memory_layout=TensorMemoryLayout::INTERLEAVED,buffer_type=BufferType::DRAM,shard_spec=std::nullopt,nd_shard_spec=std::nullopt,created_with_nd_shard_spec=0)",
        "preserve_fp32_precision": "false",
        "sub_core_grids": "std::nullopt"
    },
    "device_id": 3,
    "global_call_count": 24579,
    "input_tensors": [
        {
            "dtype": "BFLOAT16",
            "layout": "TILE",
            "shape": {
                "W": "1[1]",
                "X": "2112[2112]",
                "Y": "2816[2816]",
                "Z": "1[1]"
            },
            "storage_type": {
                "device_id": 0,
                "memory_config": {
                    "buffer_type": "DRAM",
                    "memory_layout": "INTERLEAVED"
                }
            }
        }
    ],
    "kernel_info": {
        "compute_kernels": [
            {
                "math_fidelity": "HiFi4",
                "name": "eltwise_typecast/5240449212644058931/",
                "source": "ttnn/cpp/ttnn/operations/copy/typecast/device/kernels/compute/eltwise_typecast.cpp"
            }
        ],
        "datamovement_kernels": [
            {
                "name": "writer_unary_interleaved_start_id/7435951775857024602/",
                "source": "ttnn/cpp/ttnn/operations/eltwise/unary/device/kernels/dataflow/writer_unary_interleaved_start_id.cpp"
            },
            {
                "name": "reader_unary_interleaved_start_id/3624142063231917361/",
                "source": "ttnn/cpp/ttnn/operations/eltwise/unary/device/kernels/dataflow/reader_unary_interleaved_start_id.cpp"
            }
        ],
        "kernel_sizes": {
            "ACTIVE_ETH_DM_0_max_kernel_size": 0,
            "ACTIVE_ETH_DM_1_max_kernel_size": 0,
            "IDLE_ETH_DM_0_max_kernel_size": 0,
            "IDLE_ETH_DM_1_max_kernel_size": 0,
            "TENSIX_COMPUTE_0_max_kernel_size": 1040,
            "TENSIX_COMPUTE_1_max_kernel_size": 768,
            "TENSIX_COMPUTE_2_max_kernel_size": 1268,
            "TENSIX_DM_0_max_kernel_size": 992,
            "TENSIX_DM_1_max_kernel_size": 924
        }
    },
    "op_code": "TypecastDeviceOperation",
    "op_hash": 13966613306287907083,
    "op_type": "tt_dnn_device",
    "optional_input_tensors": [],
    "output_tensors": [
        {
            "dtype": "BFLOAT8_B",
            "layout": "TILE",
            "shape": {
                "W": "1[1]",
                "X": "2112[2112]",
                "Y": "2816[2816]",
                "Z": "1[1]"
            },
            "storage_type": {
                "device_id": 0,
                "memory_config": {
                    "buffer_type": "DRAM",
                    "memory_layout": "INTERLEAVED"
                }
            }
        }
    ],
    "performance_model": {
        "bandwidth_ns": 1,
        "compute_ns": 1,
        "ideal_ns": 1,
        "input_bws": [],
        "output_bws": []
    },
    "program_cache_hit": false
}`;10605568173
`TT_DNN_DEVICE_OP: "TypecastDeviceOperation", 13966613306287907083, 3, false, 25603`;10605630453
`TT_DNN_DEVICE_OP: "TypecastDeviceOperation", 13966613306287907083, 3, false, 26627`;10605646765
`TT_DNN_DEVICE_OP: "ConcatDeviceOperation", 11226179382998350359, 3, false, 27651 ->
{
    "attributes": {
        "dim": "3",
        "groups": "1",
        "output_mem_config": "MemoryConfig(memory_layout=TensorMemoryLayout::INTERLEAVED,buffer_type=BufferType::DRAM,shard_spec=std::nullopt,nd_shard_spec=std::nullopt,created_with_nd_shard_spec=0)",
        "sub_core_grids": "std::nullopt"
    },
    "device_id": 3,
    "global_call_count": 27651,
    "input_tensors": [
        {
            "dtype": "BFLOAT8_B",
            "layout": "TILE",
            "shape": {
                "W": "1[1]",
                "X": "2112[2112]",
                "Y": "2816[2816]",
                "Z": "1[1]"
            },
            "storage_type": {
                "device_id": 0,
                "memory_config": {
                    "buffer_type": "DRAM",
                    "memory_layout": "INTERLEAVED"
                }
            }
        },
        {
            "dtype": "BFLOAT8_B",
            "layout": "TILE",
            "shape": {
                "W": "1[1]",
                "X": "2112[2112]",
                "Y": "2816[2816]",
                "Z": "1[1]"
            },
            "storage_type": {
                "device_id": 0,
                "memory_config": {
                    "buffer_type": "DRAM",
                    "memory_layout": "INTERLEAVED"
                }
            }
        }
    ],
    "kernel_info": {
        "compute_kernels": [],
        "datamovement_kernels": [
            {
                "name": "writer_unary_interleaved_start_id/17646774984466313537/",
                "source": "ttnn/cpp/ttnn/operations/eltwise/unary/device/kernels/dataflow/writer_unary_interleaved_start_id.cpp"
            },
            {
                "name": "reader_concat_interleaved_start_id/362498486093741799/",
                "source": "ttnn/cpp/ttnn/operations/data_movement/concat/device/kernels/dataflow/reader_concat_interleaved_start_id.cpp"
            }
        ],
        "kernel_sizes": {
            "ACTIVE_ETH_DM_0_max_kernel_size": 0,
            "ACTIVE_ETH_DM_1_max_kernel_size": 0,
            "IDLE_ETH_DM_0_max_kernel_size": 0,
            "IDLE_ETH_DM_1_max_kernel_size": 0,
            "TENSIX_COMPUTE_0_max_kernel_size": 0,
            "TENSIX_COMPUTE_1_max_kernel_size": 0,
            "TENSIX_COMPUTE_2_max_kernel_size": 0,
            "TENSIX_DM_0_max_kernel_size": 992,
            "TENSIX_DM_1_max_kernel_size": 976
        }
    },
    "op_code": "ConcatDeviceOperation",
    "op_hash": 11226179382998350359,
    "op_type": "tt_dnn_device",
    "optional_input_tensors": [],
    "output_tensors": [
        {
            "dtype": "BFLOAT8_B",
            "layout": "TILE",
            "shape": {
                "W": "1[1]",
                "X": "4224[4224]",
                "Y": "2816[2816]",
                "Z": "1[1]"
            },
            "storage_type": {
                "device_id": 0,
                "memory_config": {
                    "buffer_type": "DRAM",
                    "memory_layout": "INTERLEAVED"
                }
            }
        }
    ],
    "performance_model": {
        "bandwidth_ns": 21636,
        "compute_ns": 1,
        "ideal_ns": 21636,
        "input_bws": [
            274.88409423828125,
            274.88409423828125
        ],
        "output_bws": [
            549.7681884765625
        ]
    },
    "program_cache_hit": false
}`;16260348985
`TT_DNN_DEVICE_OP: "InterleavedToShardedDeviceOperation", 17358986622285587890, 3, false, 28675 ->
{
    "attributes": {
        "keep_l1_aligned": "false",
        "output_dtype": "DataType::BFLOAT8_B",
        "output_mem_config": "MemoryConfig(memory_layout=TensorMemoryLayout::WIDTH_SHARDED,buffer_type=BufferType::DRAM,shard_spec=ShardSpec{grid=[{\"start\":{\"x\":0,\"y\":0},\"end\":{\"x\":7,\"y\":0}], shape=[2112, 352], orientation=ShardOrientation::ROW_MAJOR},nd_shard_spec=std::nullopt,created_with_nd_shard_spec=0)"
    },
    "device_id": 3,
    "global_call_count": 28675,
    "input_tensors": [
        {
            "dtype": "BFLOAT8_B",
            "layout": "TILE",
            "shape": {
                "W": "1[1]",
                "X": "2816[2816]",
                "Y": "2112[2112]",
                "Z": "1[1]"
            },
            "storage_type": {
                "device_id": 0,
                "memory_config": {
                    "buffer_type": "DRAM",
                    "memory_layout": "INTERLEAVED"
                }
            }
        }
    ],
    "kernel_info": {
        "compute_kernels": [],
        "datamovement_kernels": [
            {
                "name": "writer_unary_sharded_blocks_start_id/5625031081207361381/",
                "source": "ttnn/cpp/ttnn/operations/data_movement/sharded/device/kernels/dataflow/writer_unary_sharded_blocks_start_id.cpp"
            },
            {
                "name": "reader_unary_sharded_blocks_interleaved_start_id/10883525105619024844/",
                "source": "ttnn/cpp/ttnn/operations/data_movement/sharded/device/kernels/dataflow/reader_unary_sharded_blocks_interleaved_start_id.cpp"
            }
        ],
        "kernel_sizes": {
            "ACTIVE_ETH_DM_0_max_kernel_size": 0,
            "ACTIVE_ETH_DM_1_max_kernel_size": 0,
            "IDLE_ETH_DM_0_max_kernel_size": 0,
            "IDLE_ETH_DM_1_max_kernel_size": 0,
            "TENSIX_COMPUTE_0_max_kernel_size": 0,
            "TENSIX_COMPUTE_1_max_kernel_size": 0,
            "TENSIX_COMPUTE_2_max_kernel_size": 0,
            "TENSIX_DM_0_max_kernel_size": 1088,
            "TENSIX_DM_1_max_kernel_size": 868
        }
    },
    "op_code": "InterleavedToShardedDeviceOperation",
    "op_hash": 17358986622285587890,
    "op_type": "tt_dnn_device",
    "optional_input_tensors": [],
    "output_tensors": [
        {
            "dtype": "BFLOAT8_B",
            "layout": "TILE",
            "shape": {
                "W": "1[1]",
                "X": "2816[2816]",
                "Y": "2112[2112]",
                "Z": "1[1]"
            },
            "storage_type": {
                "device_id": 0,
                "memory_config": {
                    "buffer_type": "DRAM",
                    "memory_layout": "WIDTH_SHARDED"
                }
            }
        }
    ],
    "performance_model": {
        "bandwidth_ns": 1,
        "compute_ns": 1,
        "ideal_ns": 1,
        "input_bws": [],
        "output_bws": []
    },
    "program_cache_hit": false
}`;16263451198
`TT_DNN_DEVICE_OP: "CopyDeviceOperation", 13386831104414682949, 3, false, 29699 ->
{
    "attributes": {
        "backwards": "false",
        "output_dtype": "DataType::BFLOAT8_B",
        "output_mem_config": "MemoryConfig(memory_layout=TensorMemoryLayout::WIDTH_SHARDED,buffer_type=BufferType::DRAM,shard_spec=ShardSpec{grid=[{\"start\":{\"x\":0,\"y\":0},\"end\":{\"x\":7,\"y\":0}], shape=[2816, 544], orientation=ShardOrientation::ROW_MAJOR},nd_shard_spec=std::nullopt,created_with_nd_shard_spec=0)"
    },
    "device_id": 3,
    "global_call_count": 29699,
    "input_tensors": [
        {
            "dtype": "BFLOAT8_B",
            "layout": "TILE",
            "shape": {
                "W": "1[1]",
                "X": "4224[4224]",
                "Y": "2816[2816]",
                "Z": "1[1]"
            },
            "storage_type": {
                "device_id": 0,
                "memory_config": {
                    "buffer_type": "DRAM",
                    "memory_layout": "INTERLEAVED"
                }
            }
        }
    ],
    "kernel_info": {
        "compute_kernels": [],
        "datamovement_kernels": [
            {
                "name": "writer_unary_interleaved_start_id/6216041572618574421/",
                "source": "ttnn/cpp/ttnn/operations/eltwise/unary/device/kernels/dataflow/writer_unary_interleaved_start_id.cpp"
            },
            {
                "name": "reader_unary_interleaved_start_id/5090755479604305900/",
                "source": "ttnn/cpp/ttnn/operations/eltwise/unary/device/kernels/dataflow/reader_unary_interleaved_start_id.cpp"
            }
        ],
        "kernel_sizes": {
            "ACTIVE_ETH_DM_0_max_kernel_size": 0,
            "ACTIVE_ETH_DM_1_max_kernel_size": 0,
            "IDLE_ETH_DM_0_max_kernel_size": 0,
            "IDLE_ETH_DM_1_max_kernel_size": 0,
            "TENSIX_COMPUTE_0_max_kernel_size": 0,
            "TENSIX_COMPUTE_1_max_kernel_size": 0,
            "TENSIX_COMPUTE_2_max_kernel_size": 0,
            "TENSIX_DM_0_max_kernel_size": 1200,
            "TENSIX_DM_1_max_kernel_size": 920
        }
    },
    "op_code": "CopyDeviceOperation",
    "op_hash": 13386831104414682949,
    "op_type": "tt_dnn_device",
    "optional_input_tensors": [],
    "output_tensors": [
        {
            "dtype": "BFLOAT8_B",
            "layout": "TILE",
            "shape": {
                "W": "1[1]",
                "X": "4224[4224]",
                "Y": "2816[2816]",
                "Z": "1[1]"
            },
            "storage_type": {
                "device_id": 0,
                "memory_config": {
                    "buffer_type": "DRAM",
                    "memory_layout": "WIDTH_SHARDED"
                }
            }
        }
    ],
    "performance_model": {
        "bandwidth_ns": 1,
        "compute_ns": 1,
        "ideal_ns": 1,
        "input_bws": [],
        "output_bws": []
    },
    "program_cache_hit": false
}`;16266021496
`TT_DNN_DEVICE_OP: "TilizeWithValPaddingDeviceOperation", 12797341713505714340, 3, false, 30723`;16367112481
`TT_DNN_DEVICE_OP: "TilizeWithValPaddingDeviceOperation", 12797341713505714340, 3, false, 31747`;16367256990
`TT_DNN_DEVICE_OP: "TilizeDeviceOperation", 10750774394852155654, 3, false, 32771 ->
{
    "attributes": {
        "enough_space_height": "true",
        "enough_space_width": "true",
        "output_dtype": "DataType::BFLOAT16",
        "output_mem_config": "MemoryConfig(memory_layout=TensorMemoryLayout::INTERLEAVED,buffer_type=BufferType::DRAM,shard_spec=std::nullopt,nd_shard_spec=std::nullopt,created_with_nd_shard_spec=0)",
        "sub_core_grids": "std::nullopt",
        "use_low_perf": "false",
        "use_multicore": "true"
    },
    "device_id": 3,
    "global_call_count": 32771,
    "input_tensors": [
        {
            "dtype": "BFLOAT16",
            "layout": "ROW_MAJOR",
            "shape": {
                "W": "17[17]",
                "X": "256[256]",
                "Y": "64[64]",
                "Z": "8[8]"
            },
            "storage_type": {
                "device_id": 0,
                "memory_config": {
                    "buffer_type": "DRAM",
                    "memory_layout": "INTERLEAVED"
                }
            }
        }
    ],
    "kernel_info": {
        "compute_kernels": [
            {
                "math_fidelity": "HiFi4",
                "name": "tilize/12880465408886746852/",
                "source": "ttnn/cpp/ttnn/kernel/compute/tilize.cpp"
            }
        ],
        "datamovement_kernels": [
            {
                "name": "writer_unary_interleaved_start_id/12823350331057913928/",
                "source": "ttnn/cpp/ttnn/operations/eltwise/unary/device/kernels/dataflow/writer_unary_interleaved_start_id.cpp"
            },
            {
                "name": "reader_unary_stick_layout_split_rows_multicore/12241185102788004397/",
                "source": "ttnn/cpp/ttnn/operations/data_movement/tilize/device/kernels/dataflow/reader_unary_stick_layout_split_rows_multicore.cpp"
            }
        ],
        "kernel_sizes": {
            "ACTIVE_ETH_DM_0_max_kernel_size": 0,
            "ACTIVE_ETH_DM_1_max_kernel_size": 0,
            "IDLE_ETH_DM_0_max_kernel_size": 0,
            "IDLE_ETH_DM_1_max_kernel_size": 0,
            "TENSIX_COMPUTE_0_max_kernel_size": 1300,
            "TENSIX_COMPUTE_1_max_kernel_size": 916,
            "TENSIX_COMPUTE_2_max_kernel_size": 2172,
            "TENSIX_DM_0_max_kernel_size": 1000,
            "TENSIX_DM_1_max_kernel_size": 860
        }
    },
    "op_code": "TilizeDeviceOperation",
    "op_hash": 10750774394852155654,
    "op_type": "tt_dnn_device",
    "optional_input_tensors": [],
    "output_tensors": [
        {
            "dtype": "BFLOAT16",
            "layout": "TILE",
            "shape": {
                "W": "17[17]",
                "X": "256[256]",
                "Y": "64[64]",
                "Z": "8[8]"
            },
            "storage_type": {
                "device_id": 0,
                "memory_config": {
                    "buffer_type": "DRAM",
                    "memory_layout": "INTERLEAVED"
                }
            }
        }
    ],
    "performance_model": {
        "bandwidth_ns": 1,
        "compute_ns": 1,
        "ideal_ns": 1,
        "input_bws": [],
        "output_bws": []
    },
    "program_cache_hit": false
}`;16374943907
`TT_DNN_DEVICE_OP: "TilizeDeviceOperation", 10750774394852155654, 3, false, 33795`;16375229377
`TT_DNN_DEVICE_OP: "TilizeWithValPaddingDeviceOperation", 7422922375288097901, 3, false, 34819`;16375330843
`TT_DNN_DEVICE_OP: "LayerNormDeviceOperation", 5622200613246340018, 3, false, 35843 ->
{
    "attributes": {
        "compute_kernel_config": "ComputeKernelConfig(math_fidelity=HiFi4,math_approx_mode=0,fp32_dest_acc_en=1,packer_l1_acc=0,dst_full_sync_en=0,throttle_level=ThrottleLevel::NO_THROTTLE)",
        "distributed_norm_stage": "DistributedLayerNormStage::NOT_DISTRIBUTED",
        "dtype": "std::nullopt",
        "eps": "1e-06",
        "fused_activation": "std::nullopt",
        "norm_type": "LayerNormType::RMSNORM",
        "output_mem_config": "MemoryConfig(memory_layout=TensorMemoryLayout::INTERLEAVED,buffer_type=BufferType::DRAM,shard_spec=std::nullopt,nd_shard_spec=std::nullopt,created_with_nd_shard_spec=0)",
        "program_config": "LayerNormDefaultProgramConfig(legacy_reduction=0,legacy_rsqrt=0,use_welford=0)"
    },
    "device_id": 3,
    "global_call_count": 35843,
    "input_tensors": [
        {
            "dtype": "BFLOAT16",
            "layout": "TILE",
            "shape": {
                "W": "1[1]",
                "X": "2816[2816]",
                "Y": "32[1]",
                "Z": "1[1]"
            },
            "storage_type": {
                "device_id": 0,
                "memory_config": {
                    "buffer_type": "DRAM",
                    "memory_layout": "INTERLEAVED"
                }
            }
        },
        {
            "dtype": "BFLOAT16",
            "layout": "TILE",
            "shape": {
                "W": "1[1]",
                "X": "2816[2816]",
                "Y": "32[1]",
                "Z": "1[1]"
            },
            "storage_type": {
                "device_id": 0,
                "memory_config": {
                    "buffer_type": "DRAM",
                    "memory_layout": "INTERLEAVED"
                }
            }
        }
    ],
    "kernel_info": {
        "compute_kernels": [
            {
                "math_fidelity": "HiFi4",
                "name": "layernorm/11160592896517292445/",
                "source": "ttnn/cpp/ttnn/operations/normalization/layernorm/device/kernels/compute/layernorm.cpp"
            }
        ],
        "datamovement_kernels": [
            {
                "name": "writer_unary_interleaved_start_id_blocked/17956690802343788472/",
                "source": "ttnn/cpp/ttnn/operations/normalization/layernorm/device/kernels/dataflow/writer_unary_interleaved_start_id_blocked.cpp"
            },
            {
                "name": "reader_unary_interleaved_ln/3141357729163572042/",
                "source": "ttnn/cpp/ttnn/operations/normalization/layernorm/device/kernels/dataflow/reader_unary_interleaved_ln.cpp"
            }
        ],
        "kernel_sizes": {
            "ACTIVE_ETH_DM_0_max_kernel_size": 0,
            "ACTIVE_ETH_DM_1_max_kernel_size": 0,
            "IDLE_ETH_DM_0_max_kernel_size": 0,
            "IDLE_ETH_DM_1_max_kernel_size": 0,
            "TENSIX_COMPUTE_0_max_kernel_size": 3636,
            "TENSIX_COMPUTE_1_max_kernel_size": 2868,
            "TENSIX_COMPUTE_2_max_kernel_size": 3356,
            "TENSIX_DM_0_max_kernel_size": 812,
            "TENSIX_DM_1_max_kernel_size": 1684
        }
    },
    "op_code": "LayerNormDeviceOperation",
    "op_hash": 5622200613246340018,
    "op_type": "tt_dnn_device",
    "optional_input_tensors": [],
    "output_tensors": [
        {
            "dtype": "BFLOAT16",
            "layout": "TILE",
            "shape": {
                "W": "1[1]",
                "X": "2816[2816]",
                "Y": "32[1]",
                "Z": "1[1]"
            },
            "storage_type": {
                "device_id": 0,
                "memory_config": {
                    "buffer_type": "DRAM",
                    "memory_layout": "INTERLEAVED"
                }
            }
        }
    ],
    "performance_model": {
        "bandwidth_ns": 1,
        "compute_ns": 1,
        "ideal_ns": 1,
        "input_bws": [],
        "output_bws": []
    },
    "program_cache_hit": false
}`;16379969670
`TT_DNN_DEVICE_OP: "MatmulDeviceOperation", 9851339401059281641, 3, false, 36867 ->
{
    "attributes": {
        "bcast_batch": "true",
        "compute_kernel_config": "ComputeKernelConfig(math_fidelity=HiFi4,math_approx_mode=0,fp32_dest_acc_en=0,packer_l1_acc=1,dst_full_sync_en=0,throttle_level=ThrottleLevel::NO_THROTTLE)",
        "global_cb": "std::nullopt",
        "output_dtype": "DataType::BFLOAT16",
        "output_mem_config": "MemoryConfig(memory_layout=TensorMemoryLayout::INTERLEAVED,buffer_type=BufferType::DRAM,shard_spec=std::nullopt,nd_shard_spec=std::nullopt,created_with_nd_shard_spec=0)",
        "output_tile": "Tile(tile_shape={32, 32},face_shape={16, 16},num_faces=4)",
        "program_config": "MatmulMultiCoreReuseMultiCast1DProgramConfig(compute_with_storage_grid_size=11-10,in0_block_w=2,out_subblock_h=1,out_subblock_w=3,out_block_h=1,out_block_w=3,per_core_M=1,per_core_N=3,fuse_batch=0,fused_activation=std::nullopt,mcast_in0=1,gather_in0=0,hop_cores={},num_global_cb_receivers=0,untilize_out=0,allowed_worker_cores={[0-0 - 10-9]})",
        "sub_device_id": "std::nullopt",
        "transpose_a": "false",
        "transpose_b": "false",
        "untilize_out": "false",
        "user_core_coord": "std::nullopt",
        "user_fused_activation": "std::nullopt",
        "user_run_batched": "false"
    },
    "device_id": 3,
    "global_call_count": 36867,
    "input_tensors": [
        {
            "dtype": "BFLOAT16",
            "layout": "TILE",
            "shape": {
                "W": "1[1]",
                "X": "2816[2816]",
                "Y": "32[1]",
                "Z": "1[1]"
            },
            "storage_type": {
                "device_id": 0,
                "memory_config": {
                    "buffer_type": "DRAM",
                    "memory_layout": "INTERLEAVED"
                }
            }
        },
        {
            "dtype": "BFLOAT16",
            "layout": "TILE",
            "shape": {
                "W": "1[1]",
                "X": "8192[8192]",
                "Y": "2816[2816]",
                "Z": "1[1]"
            },
            "storage_type": {
                "device_id": 0,
                "memory_config": {
                    "buffer_type": "DRAM",
                    "memory_layout": "INTERLEAVED"
                }
            }
        }
    ],
    "kernel_info": {
        "compute_kernels": [
            {
                "math_fidelity": "HiFi4",
                "name": "bmm_large_block_zm_fused_bias_activation/15715181497008350212/",
                "source": "ttnn/cpp/ttnn/operations/matmul/device/kernels/compute/bmm_large_block_zm_fused_bias_activation.cpp"
            }
        ],
        "datamovement_kernels": [
            {
                "name": "reader_bmm_tile_layout_in1_sender_writer_padding/6268944297559230088/",
                "source": "ttnn/cpp/ttnn/operations/matmul/device/kernels/dataflow/reader_bmm_tile_layout_in1_sender_writer_padding.cpp"
            },
            {
                "name": "reader_bmm_tile_layout_in0_receiver/9675232244479431035/",
                "source": "ttnn/cpp/ttnn/operations/matmul/device/kernels/dataflow/reader_bmm_tile_layout_in0_receiver.cpp"
            },
            {
                "name": "reader_bmm_tile_layout_in0_sender_padding/17084280745527924866/",
                "source": "ttnn/cpp/ttnn/operations/matmul/device/kernels/dataflow/reader_bmm_tile_layout_in0_sender_padding.cpp"
            }
        ],
        "kernel_sizes": {
            "ACTIVE_ETH_DM_0_max_kernel_size": 0,
            "ACTIVE_ETH_DM_1_max_kernel_size": 0,
            "IDLE_ETH_DM_0_max_kernel_size": 0,
            "IDLE_ETH_DM_1_max_kernel_size": 0,
            "TENSIX_COMPUTE_0_max_kernel_size": 2064,
            "TENSIX_COMPUTE_1_max_kernel_size": 1916,
            "TENSIX_COMPUTE_2_max_kernel_size": 2708,
            "TENSIX_DM_0_max_kernel_size": 1700,
            "TENSIX_DM_1_max_kernel_size": 1084
        }
    },
    "op_code": "MatmulDeviceOperation",
    "op_hash": 9851339401059281641,
    "op_type": "tt_dnn_device",
    "optional_input_tensors": [],
    "output_tensors": [
        {
            "dtype": "BFLOAT16",
            "layout": "TILE",
            "shape": {
                "W": "1[1]",
                "X": "8192[8192]",
                "Y": "32[1]",
                "Z": "1[1]"
            },
            "storage_type": {
                "device_id": 0,
                "memory_config": {
                    "buffer_type": "DRAM",
                    "memory_layout": "INTERLEAVED"
                }
            }
        }
    ],
    "performance_model": {
        "bandwidth_ns": 83923,
        "compute_ns": 304,
        "ideal_ns": 83923,
        "input_bws": [
            2.1474924087524414,
            549.758056640625
        ],
        "output_bws": [
            6.247250556945801
        ]
    },
    "program_cache_hit": false
}`;16688094655
`TT_DNN_DEVICE_OP: "NLPCreateQKVHeadsDecodeDeviceOperation", 4420071296009224271, 3, false, 37891 ->
{
    "attributes": {
        "head_dim": "256",
        "input_on_subcoregrids": "false",
        "num_kv_heads": "8",
        "num_q_heads": "16",
        "output_mem_config": "MemoryConfig(memory_layout=TensorMemoryLayout::HEIGHT_SHARDED,buffer_type=BufferType::L1,shard_spec=ShardSpec{grid=[{\"start\":{\"x\":0,\"y\":0},\"end\":{\"x\":0,\"y\":0}], shape=[0, 0], orientation=ShardOrientation::ROW_MAJOR},nd_shard_spec=std::nullopt,created_with_nd_shard_spec=0)",
        "overlap_qk_coregrid": "true",
        "slice_size": "std::nullopt"
    },
    "device_id": 3,
    "global_call_count": 37891,
    "input_tensors": [
        {
            "dtype": "BFLOAT16",
            "layout": "TILE",
            "shape": {
                "W": "1[1]",
                "X": "8192[8192]",
                "Y": "32[1]",
                "Z": "1[1]"
            },
            "storage_type": {
                "device_id": 0,
                "memory_config": {
                    "buffer_type": "DRAM",
                    "memory_layout": "INTERLEAVED"
                }
            }
        }
    ],
    "kernel_info": {
        "compute_kernels": [],
        "datamovement_kernels": [
            {
                "name": "reader_interleaved_tm_tile_layout_nlp_create_qkv_heads_decode/17048182094443547540/",
                "source": "ttnn/cpp/ttnn/operations/experimental/transformer/nlp_create_qkv_heads_decode/device/kernels/reader_interleaved_tm_tile_layout_nlp_create_qkv_heads_decode.cpp"
            }
        ],
        "kernel_sizes": {
            "ACTIVE_ETH_DM_0_max_kernel_size": 0,
            "ACTIVE_ETH_DM_1_max_kernel_size": 0,
            "IDLE_ETH_DM_0_max_kernel_size": 0,
            "IDLE_ETH_DM_1_max_kernel_size": 0,
            "TENSIX_COMPUTE_0_max_kernel_size": 0,
            "TENSIX_COMPUTE_1_max_kernel_size": 0,
            "TENSIX_COMPUTE_2_max_kernel_size": 0,
            "TENSIX_DM_0_max_kernel_size": 1560,
            "TENSIX_DM_1_max_kernel_size": 1528
        }
    },
    "op_code": "NLPCreateQKVHeadsDecodeDeviceOperation",
    "op_hash": 4420071296009224271,
    "op_type": "tt_dnn_device",
    "optional_input_tensors": [],
    "output_tensors": [
        {
            "dtype": "BFLOAT16",
            "layout": "TILE",
            "shape": {
                "W": "1[1]",
                "X": "256[256]",
                "Y": "32[16]",
                "Z": "1[1]"
            },
            "storage_type": {
                "device_id": 0,
                "memory_config": {
                    "buffer_type": "L1",
                    "memory_layout": "HEIGHT_SHARDED"
                }
            }
        },
        {
            "dtype": "BFLOAT16",
            "layout": "TILE",
            "shape": {
                "W": "1[1]",
                "X": "256[256]",
                "Y": "32[8]",
                "Z": "1[1]"
            },
            "storage_type": {
                "device_id": 0,
                "memory_config": {
                    "buffer_type": "L1",
                    "memory_layout": "HEIGHT_SHARDED"
                }
            }
        },
        {
            "dtype": "BFLOAT16",
            "layout": "TILE",
            "shape": {
                "W": "1[1]",
                "X": "256[256]",
                "Y": "32[8]",
                "Z": "1[1]"
            },
            "storage_type": {
                "device_id": 0,
                "memory_config": {
                    "buffer_type": "L1",
                    "memory_layout": "HEIGHT_SHARDED"
                }
            }
        }
    ],
    "performance_model": {
        "bandwidth_ns": 1,
        "compute_ns": 1,
        "ideal_ns": 1,
        "input_bws": [],
        "output_bws": []
    },
    "program_cache_hit": false
}`;16690803290
`TT_DNN_DEVICE_OP: "ShardedToInterleavedDeviceOperation", 3473822999492795756, 3, false, 38915 ->
{
    "attributes": {
        "num_slices": "1",
        "output_dtype": "DataType::BFLOAT16",
        "output_mem_config": "MemoryConfig(memory_layout=TensorMemoryLayout::INTERLEAVED,buffer_type=BufferType::L1,shard_spec=std::nullopt,nd_shard_spec=std::nullopt,created_with_nd_shard_spec=0)",
        "slice_index": "0"
    },
    "device_id": 3,
    "global_call_count": 38915,
    "input_tensors": [
        {
            "dtype": "BFLOAT16",
            "layout": "TILE",
            "shape": {
                "W": "1[1]",
                "X": "256[256]",
                "Y": "32[16]",
                "Z": "1[1]"
            },
            "storage_type": {
                "device_id": 0,
                "memory_config": {
                    "buffer_type": "L1",
                    "memory_layout": "HEIGHT_SHARDED"
                }
            }
        }
    ],
    "kernel_info": {
        "compute_kernels": [],
        "datamovement_kernels": [
            {
                "name": "writer_unary_sharded_blocks_interleaved_start_id/16059180068886764439/",
                "source": "ttnn/cpp/ttnn/operations/data_movement/sharded/device/kernels/dataflow/writer_unary_sharded_blocks_interleaved_start_id.cpp"
            },
            {
                "name": "reader_unary_sharded/5324219487655416857/",
                "source": "ttnn/cpp/ttnn/operations/eltwise/unary/device/kernels/dataflow/reader_unary_sharded.cpp"
            }
        ],
        "kernel_sizes": {
            "ACTIVE_ETH_DM_0_max_kernel_size": 0,
            "ACTIVE_ETH_DM_1_max_kernel_size": 0,
            "IDLE_ETH_DM_0_max_kernel_size": 0,
            "IDLE_ETH_DM_1_max_kernel_size": 0,
            "TENSIX_COMPUTE_0_max_kernel_size": 0,
            "TENSIX_COMPUTE_1_max_kernel_size": 0,
            "TENSIX_COMPUTE_2_max_kernel_size": 0,
            "TENSIX_DM_0_max_kernel_size": 920,
            "TENSIX_DM_1_max_kernel_size": 404
        }
    },
    "op_code": "ShardedToInterleavedDeviceOperation",
    "op_hash": 3473822999492795756,
    "op_type": "tt_dnn_device",
    "optional_input_tensors": [],
    "output_tensors": [
        {
            "dtype": "BFLOAT16",
            "layout": "TILE",
            "shape": {
                "W": "1[1]",
                "X": "256[256]",
                "Y": "32[16]",
                "Z": "1[1]"
            },
            "storage_type": {
                "device_id": 0,
                "memory_config": {
                    "buffer_type": "L1",
                    "memory_layout": "INTERLEAVED"
                }
            }
        }
    ],
    "performance_model": {
        "bandwidth_ns": 1,
        "compute_ns": 1,
        "ideal_ns": 1,
        "input_bws": [],
        "output_bws": []
    },
    "program_cache_hit": false
}`;16692733312
`TT_DNN_DEVICE_OP: "ShardedToInterleavedDeviceOperation", 3517192577248902587, 3, false, 39939 ->
{
    "attributes": {
        "num_slices": "1",
        "output_dtype": "DataType::BFLOAT16",
        "output_mem_config": "MemoryConfig(memory_layout=TensorMemoryLayout::INTERLEAVED,buffer_type=BufferType::L1,shard_spec=std::nullopt,nd_shard_spec=std::nullopt,created_with_nd_shard_spec=0)",
        "slice_index": "0"
    },
    "device_id": 3,
    "global_call_count": 39939,
    "input_tensors": [
        {
            "dtype": "BFLOAT16",
            "layout": "TILE",
            "shape": {
                "W": "1[1]",
                "X": "256[256]",
                "Y": "32[8]",
                "Z": "1[1]"
            },
            "storage_type": {
                "device_id": 0,
                "memory_config": {
                    "buffer_type": "L1",
                    "memory_layout": "HEIGHT_SHARDED"
                }
            }
        }
    ],
    "kernel_info": {
        "compute_kernels": [],
        "datamovement_kernels": [
            {
                "name": "writer_unary_sharded_blocks_interleaved_start_id/16059180068886764439/",
                "source": "ttnn/cpp/ttnn/operations/data_movement/sharded/device/kernels/dataflow/writer_unary_sharded_blocks_interleaved_start_id.cpp"
            },
            {
                "name": "reader_unary_sharded/5324219487655416857/",
                "source": "ttnn/cpp/ttnn/operations/eltwise/unary/device/kernels/dataflow/reader_unary_sharded.cpp"
            }
        ],
        "kernel_sizes": {
            "ACTIVE_ETH_DM_0_max_kernel_size": 0,
            "ACTIVE_ETH_DM_1_max_kernel_size": 0,
            "IDLE_ETH_DM_0_max_kernel_size": 0,
            "IDLE_ETH_DM_1_max_kernel_size": 0,
            "TENSIX_COMPUTE_0_max_kernel_size": 0,
            "TENSIX_COMPUTE_1_max_kernel_size": 0,
            "TENSIX_COMPUTE_2_max_kernel_size": 0,
            "TENSIX_DM_0_max_kernel_size": 920,
            "TENSIX_DM_1_max_kernel_size": 404
        }
    },
    "op_code": "ShardedToInterleavedDeviceOperation",
    "op_hash": 3517192577248902587,
    "op_type": "tt_dnn_device",
    "optional_input_tensors": [],
    "output_tensors": [
        {
            "dtype": "BFLOAT16",
            "layout": "TILE",
            "shape": {
                "W": "1[1]",
                "X": "256[256]",
                "Y": "32[8]",
                "Z": "1[1]"
            },
            "storage_type": {
                "device_id": 0,
                "memory_config": {
                    "buffer_type": "L1",
                    "memory_layout": "INTERLEAVED"
                }
            }
        }
    ],
    "performance_model": {
        "bandwidth_ns": 1,
        "compute_ns": 1,
        "ideal_ns": 1,
        "input_bws": [],
        "output_bws": []
    },
    "program_cache_hit": false
}`;16692922457
`TT_DNN_DEVICE_OP: "ShardedToInterleavedDeviceOperation", 3517192577248902587, 3, false, 40963`;16692948828
`TT_DNN_DEVICE_OP: "LayerNormDeviceOperation", 12380057387830230347, 3, false, 41987 ->
{
    "attributes": {
        "compute_kernel_config": "ComputeKernelConfig(math_fidelity=HiFi4,math_approx_mode=0,fp32_dest_acc_en=1,packer_l1_acc=0,dst_full_sync_en=0,throttle_level=ThrottleLevel::NO_THROTTLE)",
        "distributed_norm_stage": "DistributedLayerNormStage::NOT_DISTRIBUTED",
        "dtype": "std::nullopt",
        "eps": "1e-06",
        "fused_activation": "std::nullopt",
        "norm_type": "LayerNormType::RMSNORM",
        "output_mem_config": "MemoryConfig(memory_layout=TensorMemoryLayout::INTERLEAVED,buffer_type=BufferType::DRAM,shard_spec=std::nullopt,nd_shard_spec=std::nullopt,created_with_nd_shard_spec=0)",
        "program_config": "LayerNormDefaultProgramConfig(legacy_reduction=0,legacy_rsqrt=0,use_welford=0)"
    },
    "device_id": 3,
    "global_call_count": 41987,
    "input_tensors": [
        {
            "dtype": "BFLOAT16",
            "layout": "TILE",
            "shape": {
                "W": "1[1]",
                "X": "256[256]",
                "Y": "32[16]",
                "Z": "1[1]"
            },
            "storage_type": {
                "device_id": 0,
                "memory_config": {
                    "buffer_type": "L1",
                    "memory_layout": "INTERLEAVED"
                }
            }
        },
        {
            "dtype": "BFLOAT16",
            "layout": "TILE",
            "shape": {
                "W": "1[1]",
                "X": "256[256]",
                "Y": "32[1]",
                "Z": "1[1]"
            },
            "storage_type": {
                "device_id": 0,
                "memory_config": {
                    "buffer_type": "DRAM",
                    "memory_layout": "INTERLEAVED"
                }
            }
        }
    ],
    "kernel_info": {
        "compute_kernels": [
            {
                "math_fidelity": "HiFi4",
                "name": "layernorm/839363146047206479/",
                "source": "ttnn/cpp/ttnn/operations/normalization/layernorm/device/kernels/compute/layernorm.cpp"
            }
        ],
        "datamovement_kernels": [
            {
                "name": "writer_unary_interleaved_start_id_blocked/17956690802343788472/",
                "source": "ttnn/cpp/ttnn/operations/normalization/layernorm/device/kernels/dataflow/writer_unary_interleaved_start_id_blocked.cpp"
            },
            {
                "name": "reader_unary_interleaved_ln/2968635945280794316/",
                "source": "ttnn/cpp/ttnn/operations/normalization/layernorm/device/kernels/dataflow/reader_unary_interleaved_ln.cpp"
            }
        ],
        "kernel_sizes": {
            "ACTIVE_ETH_DM_0_max_kernel_size": 0,
            "ACTIVE_ETH_DM_1_max_kernel_size": 0,
            "IDLE_ETH_DM_0_max_kernel_size": 0,
            "IDLE_ETH_DM_1_max_kernel_size": 0,
            "TENSIX_COMPUTE_0_max_kernel_size": 3628,
            "TENSIX_COMPUTE_1_max_kernel_size": 3000,
            "TENSIX_COMPUTE_2_max_kernel_size": 4060,
            "TENSIX_DM_0_max_kernel_size": 812,
            "TENSIX_DM_1_max_kernel_size": 1592
        }
    },
    "op_code": "LayerNormDeviceOperation",
    "op_hash": 12380057387830230347,
    "op_type": "tt_dnn_device",
    "optional_input_tensors": [],
    "output_tensors": [
        {
            "dtype": "BFLOAT16",
            "layout": "TILE",
            "shape": {
                "W": "1[1]",
                "X": "256[256]",
                "Y": "32[16]",
                "Z": "1[1]"
            },
            "storage_type": {
                "device_id": 0,
                "memory_config": {
                    "buffer_type": "DRAM",
                    "memory_layout": "INTERLEAVED"
                }
            }
        }
    ],
    "performance_model": {
        "bandwidth_ns": 1,
        "compute_ns": 1,
        "ideal_ns": 1,
        "input_bws": [],
        "output_bws": []
    },
    "program_cache_hit": false
}`;16696797752
`TT_DNN_DEVICE_OP: "LayerNormDeviceOperation", 1037146442705024254, 3, false, 43011 ->
{
    "attributes": {
        "compute_kernel_config": "ComputeKernelConfig(math_fidelity=HiFi4,math_approx_mode=0,fp32_dest_acc_en=1,packer_l1_acc=0,dst_full_sync_en=0,throttle_level=ThrottleLevel::NO_THROTTLE)",
        "distributed_norm_stage": "DistributedLayerNormStage::NOT_DISTRIBUTED",
        "dtype": "std::nullopt",
        "eps": "1e-06",
        "fused_activation": "std::nullopt",
        "norm_type": "LayerNormType::RMSNORM",
        "output_mem_config": "MemoryConfig(memory_layout=TensorMemoryLayout::INTERLEAVED,buffer_type=BufferType::DRAM,shard_spec=std::nullopt,nd_shard_spec=std::nullopt,created_with_nd_shard_spec=0)",
        "program_config": "LayerNormDefaultProgramConfig(legacy_reduction=0,legacy_rsqrt=0,use_welford=0)"
    },
    "device_id": 3,
    "global_call_count": 43011,
    "input_tensors": [
        {
            "dtype": "BFLOAT16",
            "layout": "TILE",
            "shape": {
                "W": "1[1]",
                "X": "256[256]",
                "Y": "32[8]",
                "Z": "1[1]"
            },
            "storage_type": {
                "device_id": 0,
                "memory_config": {
                    "buffer_type": "L1",
                    "memory_layout": "INTERLEAVED"
                }
            }
        },
        {
            "dtype": "BFLOAT16",
            "layout": "TILE",
            "shape": {
                "W": "1[1]",
                "X": "256[256]",
                "Y": "32[1]",
                "Z": "1[1]"
            },
            "storage_type": {
                "device_id": 0,
                "memory_config": {
                    "buffer_type": "DRAM",
                    "memory_layout": "INTERLEAVED"
                }
            }
        }
    ],
    "kernel_info": {
        "compute_kernels": [
            {
                "math_fidelity": "HiFi4",
                "name": "layernorm/839363146047206479/",
                "source": "ttnn/cpp/ttnn/operations/normalization/layernorm/device/kernels/compute/layernorm.cpp"
            }
        ],
        "datamovement_kernels": [
            {
                "name": "writer_unary_interleaved_start_id_blocked/17956690802343788472/",
                "source": "ttnn/cpp/ttnn/operations/normalization/layernorm/device/kernels/dataflow/writer_unary_interleaved_start_id_blocked.cpp"
            },
            {
                "name": "reader_unary_interleaved_ln/2968635945280794316/",
                "source": "ttnn/cpp/ttnn/operations/normalization/layernorm/device/kernels/dataflow/reader_unary_interleaved_ln.cpp"
            }
        ],
        "kernel_sizes": {
            "ACTIVE_ETH_DM_0_max_kernel_size": 0,
            "ACTIVE_ETH_DM_1_max_kernel_size": 0,
            "IDLE_ETH_DM_0_max_kernel_size": 0,
            "IDLE_ETH_DM_1_max_kernel_size": 0,
            "TENSIX_COMPUTE_0_max_kernel_size": 3628,
            "TENSIX_COMPUTE_1_max_kernel_size": 3000,
            "TENSIX_COMPUTE_2_max_kernel_size": 4060,
            "TENSIX_DM_0_max_kernel_size": 812,
            "TENSIX_DM_1_max_kernel_size": 1592
        }
    },
    "op_code": "LayerNormDeviceOperation",
    "op_hash": 1037146442705024254,
    "op_type": "tt_dnn_device",
    "optional_input_tensors": [],
    "output_tensors": [
        {
            "dtype": "BFLOAT16",
            "layout": "TILE",
            "shape": {
                "W": "1[1]",
                "X": "256[256]",
                "Y": "32[8]",
                "Z": "1[1]"
            },
            "storage_type": {
                "device_id": 0,
                "memory_config": {
                    "buffer_type": "DRAM",
                    "memory_layout": "INTERLEAVED"
                }
            }
        }
    ],
    "performance_model": {
        "bandwidth_ns": 1,
        "compute_ns": 1,
        "ideal_ns": 1,
        "input_bws": [],
        "output_bws": []
    },
    "program_cache_hit": false
}`;16697066210
`TT_DNN_DEVICE_OP: "LayerNormDeviceOperation", 15859871130617093302, 3, false, 44035 ->
{
    "attributes": {
        "compute_kernel_config": "ComputeKernelConfig(math_fidelity=HiFi4,math_approx_mode=0,fp32_dest_acc_en=1,packer_l1_acc=0,dst_full_sync_en=0,throttle_level=ThrottleLevel::NO_THROTTLE)",
        "distributed_norm_stage": "DistributedLayerNormStage::NOT_DISTRIBUTED",
        "dtype": "std::nullopt",
        "eps": "1e-06",
        "fused_activation": "std::nullopt",
        "norm_type": "LayerNormType::RMSNORM",
        "output_mem_config": "MemoryConfig(memory_layout=TensorMemoryLayout::INTERLEAVED,buffer_type=BufferType::DRAM,shard_spec=std::nullopt,nd_shard_spec=std::nullopt,created_with_nd_shard_spec=0)",
        "program_config": "LayerNormDefaultProgramConfig(legacy_reduction=0,legacy_rsqrt=0,use_welford=0)"
    },
    "device_id": 3,
    "global_call_count": 44035,
    "input_tensors": [
        {
            "dtype": "BFLOAT16",
            "layout": "TILE",
            "shape": {
                "W": "1[1]",
                "X": "256[256]",
                "Y": "32[8]",
                "Z": "1[1]"
            },
            "storage_type": {
                "device_id": 0,
                "memory_config": {
                    "buffer_type": "L1",
                    "memory_layout": "INTERLEAVED"
                }
            }
        }
    ],
    "kernel_info": {
        "compute_kernels": [
            {
                "math_fidelity": "HiFi4",
                "name": "layernorm/7204376877317996655/",
                "source": "ttnn/cpp/ttnn/operations/normalization/layernorm/device/kernels/compute/layernorm.cpp"
            }
        ],
        "datamovement_kernels": [
            {
                "name": "writer_unary_interleaved_start_id_blocked/2339335173040071008/",
                "source": "ttnn/cpp/ttnn/operations/normalization/layernorm/device/kernels/dataflow/writer_unary_interleaved_start_id_blocked.cpp"
            },
            {
                "name": "reader_unary_interleaved_ln/8229278347552629066/",
                "source": "ttnn/cpp/ttnn/operations/normalization/layernorm/device/kernels/dataflow/reader_unary_interleaved_ln.cpp"
            }
        ],
        "kernel_sizes": {
            "ACTIVE_ETH_DM_0_max_kernel_size": 0,
            "ACTIVE_ETH_DM_1_max_kernel_size": 0,
            "IDLE_ETH_DM_0_max_kernel_size": 0,
            "IDLE_ETH_DM_1_max_kernel_size": 0,
            "TENSIX_COMPUTE_0_max_kernel_size": 3080,
            "TENSIX_COMPUTE_1_max_kernel_size": 2980,
            "TENSIX_COMPUTE_2_max_kernel_size": 3524,
            "TENSIX_DM_0_max_kernel_size": 812,
            "TENSIX_DM_1_max_kernel_size": 1264
        }
    },
    "op_code": "LayerNormDeviceOperation",
    "op_hash": 15859871130617093302,
    "op_type": "tt_dnn_device",
    "optional_input_tensors": [],
    "output_tensors": [
        {
            "dtype": "BFLOAT16",
            "layout": "TILE",
            "shape": {
                "W": "1[1]",
                "X": "256[256]",
                "Y": "32[8]",
                "Z": "1[1]"
            },
            "storage_type": {
                "device_id": 0,
                "memory_config": {
                    "buffer_type": "DRAM",
                    "memory_layout": "INTERLEAVED"
                }
            }
        }
    ],
    "performance_model": {
        "bandwidth_ns": 1,
        "compute_ns": 1,
        "ideal_ns": 1,
        "input_bws": [],
        "output_bws": []
    },
    "program_cache_hit": false
}`;16701587270
`TT_DNN_DEVICE_OP: "InterleavedToShardedDeviceOperation", 2869520147481143698, 3, false, 45059 ->
{
    "attributes": {
        "keep_l1_aligned": "false",
        "output_dtype": "DataType::BFLOAT16",
        "output_mem_config": "MemoryConfig(memory_layout=TensorMemoryLayout::HEIGHT_SHARDED,buffer_type=BufferType::L1,shard_spec=ShardSpec{grid=[{\"start\":{\"x\":0,\"y\":0},\"end\":{\"x\":0,\"y\":0}], shape=[32, 256], orientation=ShardOrientation::ROW_MAJOR},nd_shard_spec=std::nullopt,created_with_nd_shard_spec=0)"
    },
    "device_id": 3,
    "global_call_count": 45059,
    "input_tensors": [
        {
            "dtype": "BFLOAT16",
            "layout": "TILE",
            "shape": {
                "W": "1[1]",
                "X": "256[256]",
                "Y": "32[16]",
                "Z": "1[1]"
            },
            "storage_type": {
                "device_id": 0,
                "memory_config": {
                    "buffer_type": "DRAM",
                    "memory_layout": "INTERLEAVED"
                }
            }
        }
    ],
    "kernel_info": {
        "compute_kernels": [],
        "datamovement_kernels": [
            {
                "name": "writer_unary_sharded/8354490188168529288/",
                "source": "ttnn/cpp/ttnn/operations/data_movement/sharded/device/kernels/dataflow/writer_unary_sharded.cpp"
            },
            {
                "name": "reader_unary_sharded_blocks_interleaved_start_id/10361044479765069990/",
                "source": "ttnn/cpp/ttnn/operations/data_movement/sharded/device/kernels/dataflow/reader_unary_sharded_blocks_interleaved_start_id.cpp"
            }
        ],
        "kernel_sizes": {
            "ACTIVE_ETH_DM_0_max_kernel_size": 0,
            "ACTIVE_ETH_DM_1_max_kernel_size": 0,
            "IDLE_ETH_DM_0_max_kernel_size": 0,
            "IDLE_ETH_DM_1_max_kernel_size": 0,
            "TENSIX_COMPUTE_0_max_kernel_size": 0,
            "TENSIX_COMPUTE_1_max_kernel_size": 0,
            "TENSIX_COMPUTE_2_max_kernel_size": 0,
            "TENSIX_DM_0_max_kernel_size": 384,
            "TENSIX_DM_1_max_kernel_size": 876
        }
    },
    "op_code": "InterleavedToShardedDeviceOperation",
    "op_hash": 2869520147481143698,
    "op_type": "tt_dnn_device",
    "optional_input_tensors": [],
    "output_tensors": [
        {
            "dtype": "BFLOAT16",
            "layout": "TILE",
            "shape": {
                "W": "1[1]",
                "X": "256[256]",
                "Y": "32[16]",
                "Z": "1[1]"
            },
            "storage_type": {
                "device_id": 0,
                "memory_config": {
                    "buffer_type": "L1",
                    "memory_layout": "HEIGHT_SHARDED"
                }
            }
        }
    ],
    "performance_model": {
        "bandwidth_ns": 1,
        "compute_ns": 1,
        "ideal_ns": 1,
        "input_bws": [],
        "output_bws": []
    },
    "program_cache_hit": false
}`;16703566077
`TT_DNN_DEVICE_OP: "InterleavedToShardedDeviceOperation", 2869520147481143698, 3, false, 46083`;16703603569
`TT_DNN_DEVICE_OP: "InterleavedToShardedDeviceOperation", 2869520147481143698, 3, false, 47107`;16703617786
`TT_DNN_DEVICE_OP: "InterleavedToShardedDeviceOperation", 2869520147481143698, 3, false, 48131`;16703721967
`TT_DNN_DEVICE_OP: "InterleavedToShardedDeviceOperation", 2869520147481143698, 3, false, 49155`;16703738078
`TT_DNN_DEVICE_OP: "RotaryEmbeddingHfDeviceOperation", 14774625165161834370, 3, false, 50179 ->
{
    "attributes": {
        "compute_kernel_config": "ComputeKernelConfig(math_fidelity=HiFi4,math_approx_mode=1,fp32_dest_acc_en=0,packer_l1_acc=0,dst_full_sync_en=0,throttle_level=ThrottleLevel::NO_THROTTLE)",
        "is_decode_mode": "true",
        "output_mem_config": "MemoryConfig(memory_layout=TensorMemoryLayout::HEIGHT_SHARDED,buffer_type=BufferType::L1,shard_spec=ShardSpec{grid=[{\"start\":{\"x\":0,\"y\":0},\"end\":{\"x\":0,\"y\":0}], shape=[32, 256], orientation=ShardOrientation::ROW_MAJOR},nd_shard_spec={\"shard_shape\":[32, 256],\"grid\":[{\"start\":{\"x\":0,\"y\":0},\"end\":{\"x\":0,\"y\":0}}],\"orientation\":\"ShardOrientation::ROW_MAJOR\",\"shard_distribution_strategy\":\"ShardDistributionStrategy::ROUND_ROBIN_1D\"},created_with_nd_shard_spec=0)"
    },
    "device_id": 3,
    "global_call_count": 50179,
    "input_tensors": [
        {
            "dtype": "BFLOAT16",
            "layout": "TILE",
            "shape": {
                "W": "1[1]",
                "X": "256[256]",
                "Y": "32[16]",
                "Z": "1[1]"
            },
            "storage_type": {
                "device_id": 0,
                "memory_config": {
                    "buffer_type": "L1",
                    "memory_layout": "HEIGHT_SHARDED"
                }
            }
        },
        {
            "dtype": "BFLOAT16",
            "layout": "TILE",
            "shape": {
                "W": "1[1]",
                "X": "256[256]",
                "Y": "32[1]",
                "Z": "1[1]"
            },
            "storage_type": {
                "device_id": 0,
                "memory_config": {
                    "buffer_type": "L1",
                    "memory_layout": "HEIGHT_SHARDED"
                }
            }
        },
        {
            "dtype": "BFLOAT16",
            "layout": "TILE",
            "shape": {
                "W": "1[1]",
                "X": "256[256]",
                "Y": "32[1]",
                "Z": "1[1]"
            },
            "storage_type": {
                "device_id": 0,
                "memory_config": {
                    "buffer_type": "L1",
                    "memory_layout": "HEIGHT_SHARDED"
                }
            }
        }
    ],
    "kernel_info": {
        "compute_kernels": [
            {
                "math_fidelity": "HiFi4",
                "name": "rotary_embedding_hf_sharded/4937507021850437164/",
                "source": "ttnn/cpp/ttnn/operations/experimental/transformer/rotary_embedding_hf/device/kernels/compute/rotary_embedding_hf_sharded.cpp"
            }
        ],
        "datamovement_kernels": [
            {
                "name": "reader_rotary_embedding_hf_sharded/14021862279706250830/",
                "source": "ttnn/cpp/ttnn/operations/experimental/transformer/rotary_embedding_hf/device/kernels/dataflow/reader_rotary_embedding_hf_sharded.cpp"
            }
        ],
        "kernel_sizes": {
            "ACTIVE_ETH_DM_0_max_kernel_size": 0,
            "ACTIVE_ETH_DM_1_max_kernel_size": 0,
            "IDLE_ETH_DM_0_max_kernel_size": 0,
            "IDLE_ETH_DM_1_max_kernel_size": 0,
            "TENSIX_COMPUTE_0_max_kernel_size": 2856,
            "TENSIX_COMPUTE_1_max_kernel_size": 2024,
            "TENSIX_COMPUTE_2_max_kernel_size": 4652,
            "TENSIX_DM_0_max_kernel_size": 0,
            "TENSIX_DM_1_max_kernel_size": 440
        }
    },
    "op_code": "RotaryEmbeddingHfDeviceOperation",
    "op_hash": 14774625165161834370,
    "op_type": "tt_dnn_device",
    "optional_input_tensors": [],
    "output_tensors": [
        {
            "dtype": "BFLOAT16",
            "layout": "TILE",
            "shape": {
                "W": "1[1]",
                "X": "256[256]",
                "Y": "32[16]",
                "Z": "1[1]"
            },
            "storage_type": {
                "device_id": 0,
                "memory_config": {
                    "buffer_type": "L1",
                    "memory_layout": "HEIGHT_SHARDED"
                }
            }
        }
    ],
    "performance_model": {
        "bandwidth_ns": 1,
        "compute_ns": 1,
        "ideal_ns": 1,
        "input_bws": [],
        "output_bws": []
    },
    "program_cache_hit": false
}`;16707267316
`TT_DNN_DEVICE_OP: "RotaryEmbeddingHfDeviceOperation", 12119026542983064003, 3, false, 51203 ->
{
    "attributes": {
        "compute_kernel_config": "ComputeKernelConfig(math_fidelity=HiFi4,math_approx_mode=1,fp32_dest_acc_en=0,packer_l1_acc=0,dst_full_sync_en=0,throttle_level=ThrottleLevel::NO_THROTTLE)",
        "is_decode_mode": "true",
        "output_mem_config": "MemoryConfig(memory_layout=TensorMemoryLayout::HEIGHT_SHARDED,buffer_type=BufferType::L1,shard_spec=ShardSpec{grid=[{\"start\":{\"x\":0,\"y\":0},\"end\":{\"x\":0,\"y\":0}], shape=[32, 256], orientation=ShardOrientation::ROW_MAJOR},nd_shard_spec={\"shard_shape\":[32, 256],\"grid\":[{\"start\":{\"x\":0,\"y\":0},\"end\":{\"x\":0,\"y\":0}}],\"orientation\":\"ShardOrientation::ROW_MAJOR\",\"shard_distribution_strategy\":\"ShardDistributionStrategy::ROUND_ROBIN_1D\"},created_with_nd_shard_spec=0)"
    },
    "device_id": 3,
    "global_call_count": 51203,
    "input_tensors": [
        {
            "dtype": "BFLOAT16",
            "layout": "TILE",
            "shape": {
                "W": "1[1]",
                "X": "256[256]",
                "Y": "32[8]",
                "Z": "1[1]"
            },
            "storage_type": {
                "device_id": 0,
                "memory_config": {
                    "buffer_type": "L1",
                    "memory_layout": "HEIGHT_SHARDED"
                }
            }
        },
        {
            "dtype": "BFLOAT16",
            "layout": "TILE",
            "shape": {
                "W": "1[1]",
                "X": "256[256]",
                "Y": "32[1]",
                "Z": "1[1]"
            },
            "storage_type": {
                "device_id": 0,
                "memory_config": {
                    "buffer_type": "L1",
                    "memory_layout": "HEIGHT_SHARDED"
                }
            }
        },
        {
            "dtype": "BFLOAT16",
            "layout": "TILE",
            "shape": {
                "W": "1[1]",
                "X": "256[256]",
                "Y": "32[1]",
                "Z": "1[1]"
            },
            "storage_type": {
                "device_id": 0,
                "memory_config": {
                    "buffer_type": "L1",
                    "memory_layout": "HEIGHT_SHARDED"
                }
            }
        }
    ],
    "kernel_info": {
        "compute_kernels": [
            {
                "math_fidelity": "HiFi4",
                "name": "rotary_embedding_hf_sharded/4937507021850437164/",
                "source": "ttnn/cpp/ttnn/operations/experimental/transformer/rotary_embedding_hf/device/kernels/compute/rotary_embedding_hf_sharded.cpp"
            }
        ],
        "datamovement_kernels": [
            {
                "name": "reader_rotary_embedding_hf_sharded/14021862279706250830/",
                "source": "ttnn/cpp/ttnn/operations/experimental/transformer/rotary_embedding_hf/device/kernels/dataflow/reader_rotary_embedding_hf_sharded.cpp"
            }
        ],
        "kernel_sizes": {
            "ACTIVE_ETH_DM_0_max_kernel_size": 0,
            "ACTIVE_ETH_DM_1_max_kernel_size": 0,
            "IDLE_ETH_DM_0_max_kernel_size": 0,
            "IDLE_ETH_DM_1_max_kernel_size": 0,
            "TENSIX_COMPUTE_0_max_kernel_size": 2856,
            "TENSIX_COMPUTE_1_max_kernel_size": 2024,
            "TENSIX_COMPUTE_2_max_kernel_size": 4652,
            "TENSIX_DM_0_max_kernel_size": 0,
            "TENSIX_DM_1_max_kernel_size": 440
        }
    },
    "op_code": "RotaryEmbeddingHfDeviceOperation",
    "op_hash": 12119026542983064003,
    "op_type": "tt_dnn_device",
    "optional_input_tensors": [],
    "output_tensors": [
        {
            "dtype": "BFLOAT16",
            "layout": "TILE",
            "shape": {
                "W": "1[1]",
                "X": "256[256]",
                "Y": "32[8]",
                "Z": "1[1]"
            },
            "storage_type": {
                "device_id": 0,
                "memory_config": {
                    "buffer_type": "L1",
                    "memory_layout": "HEIGHT_SHARDED"
                }
            }
        }
    ],
    "performance_model": {
        "bandwidth_ns": 1,
        "compute_ns": 1,
        "ideal_ns": 1,
        "input_bws": [],
        "output_bws": []
    },
    "program_cache_hit": false
}`;16707489304
`TT_DNN_DEVICE_OP: "PagedUpdateCacheDeviceOperation", 3244724791499214907, 3, false, 52227 ->
{
    "attributes": {
        "batch_offset": "0",
        "block_size_override": "std::nullopt",
        "cache_position_modulo": "std::nullopt",
        "compute_kernel_config": "ComputeKernelConfig(math_fidelity=LoFi,math_approx_mode=1,fp32_dest_acc_en=0,packer_l1_acc=0,dst_full_sync_en=0,throttle_level=ThrottleLevel::NO_THROTTLE)",
        "mesh_coords": "std::nullopt",
        "num_kv_heads_override": "std::nullopt",
        "share_cache": "false",
        "update_idxs": "{}"
    },
    "device_id": 3,
    "global_call_count": 52227,
    "input_tensors": [
        {
            "dtype": "BFLOAT16",
            "layout": "TILE",
            "shape": {
                "W": "17[17]",
                "X": "256[256]",
                "Y": "64[64]",
                "Z": "8[8]"
            },
            "storage_type": {
                "device_id": 0,
                "memory_config": {
                    "buffer_type": "DRAM",
                    "memory_layout": "INTERLEAVED"
                }
            }
        },
        {
            "dtype": "BFLOAT16",
            "layout": "TILE",
            "shape": {
                "W": "1[1]",
                "X": "256[256]",
                "Y": "32[8]",
                "Z": "1[1]"
            },
            "storage_type": {
                "device_id": 0,
                "memory_config": {
                    "buffer_type": "L1",
                    "memory_layout": "HEIGHT_SHARDED"
                }
            }
        },
        {
            "dtype": "INT32",
            "layout": "ROW_MAJOR",
            "shape": {
                "W": "1[1]",
                "X": "1[1]",
                "Y": "1[1]",
                "Z": "1[1]"
            },
            "storage_type": {
                "device_id": 0,
                "memory_config": {
                    "buffer_type": "DRAM",
                    "memory_layout": "INTERLEAVED"
                }
            }
        },
        {
            "dtype": "INT32",
            "layout": "ROW_MAJOR",
            "shape": {
                "W": "1[1]",
                "X": "17[17]",
                "Y": "1[1]",
                "Z": "1[1]"
            },
            "storage_type": {
                "device_id": 0,
                "memory_config": {
                    "buffer_type": "DRAM",
                    "memory_layout": "INTERLEAVED"
                }
            }
        }
    ],
    "kernel_info": {
        "compute_kernels": [
            {
                "math_fidelity": "HiFi4",
                "name": "update_cache/7871707508209142488/",
                "source": "ttnn/cpp/ttnn/operations/experimental/paged_cache/device/kernels/compute/update_cache.cpp"
            }
        ],
        "datamovement_kernels": [
            {
                "name": "writer_update_cache_interleaved_start_id/6938024133110481080/",
                "source": "ttnn/cpp/ttnn/operations/experimental/paged_cache/device/kernels/dataflow/writer_update_cache_interleaved_start_id.cpp"
            },
            {
                "name": "reader_update_cache_interleaved_start_id/1521791054031037122/",
                "source": "ttnn/cpp/ttnn/operations/experimental/paged_cache/device/kernels/dataflow/reader_update_cache_interleaved_start_id.cpp"
            }
        ],
        "kernel_sizes": {
            "ACTIVE_ETH_DM_0_max_kernel_size": 0,
            "ACTIVE_ETH_DM_1_max_kernel_size": 0,
            "IDLE_ETH_DM_0_max_kernel_size": 0,
            "IDLE_ETH_DM_1_max_kernel_size": 0,
            "TENSIX_COMPUTE_0_max_kernel_size": 2300,
            "TENSIX_COMPUTE_1_max_kernel_size": 2204,
            "TENSIX_COMPUTE_2_max_kernel_size": 5280,
            "TENSIX_DM_0_max_kernel_size": 1580,
            "TENSIX_DM_1_max_kernel_size": 1372
        }
    },
    "op_code": "PagedUpdateCacheDeviceOperation",
    "op_hash": 3244724791499214907,
    "op_type": "tt_dnn_device",
    "optional_input_tensors": [],
    "output_tensors": [
        {
            "dtype": "BFLOAT16",
            "layout": "TILE",
            "shape": {
                "W": "17[17]",
                "X": "256[256]",
                "Y": "64[64]",
                "Z": "8[8]"
            },
            "storage_type": {
                "device_id": 0,
                "memory_config": {
                    "buffer_type": "DRAM",
                    "memory_layout": "INTERLEAVED"
                }
            }
        }
    ],
    "performance_model": {
        "bandwidth_ns": 1,
        "compute_ns": 1,
        "ideal_ns": 1,
        "input_bws": [],
        "output_bws": []
    },
    "program_cache_hit": false
}`;16711449132
`TT_DNN_DEVICE_OP: "PagedUpdateCacheDeviceOperation", 3244724791499214907, 3, false, 53251`;16711478779
`TT_DNN_DEVICE_OP: "SdpaDecodeDeviceOperation", 8031159883293367588, 3, false, 54275 ->
{
    "attributes": {
        "block_size_override": "std::nullopt",
        "cache_position_modulo": "std::nullopt",
        "compute_kernel_config": "ComputeKernelConfig(math_fidelity=HiFi2,math_approx_mode=1,fp32_dest_acc_en=0,packer_l1_acc=0,dst_full_sync_en=0,throttle_level=ThrottleLevel::NO_THROTTLE)",
        "cur_pos": "{}",
        "head_dim_v": "std::nullopt",
        "is_causal": "true",
        "k_chunk_size": "64",
        "num_kv_heads_override": "std::nullopt",
        "output_mem_config": "MemoryConfig(memory_layout=TensorMemoryLayout::INTERLEAVED,buffer_type=BufferType::DRAM,shard_spec=std::nullopt,nd_shard_spec=std::nullopt,created_with_nd_shard_spec=0)",
        "paged_attention": "true",
        "program_config": "SDPAProgramConfig(compute_with_storage_grid_size=8-4,sub_core_grids=std::nullopt,q_chunk_size=32,k_chunk_size=64,exp_approx_mode=0,max_cores_per_head_batch=16)",
        "scale": "1",
        "share_cache": "std::nullopt",
        "sliding_window_size": "1024",
        "use_mla": "std::nullopt"
    },
    "device_id": 3,
    "global_call_count": 54275,
    "input_tensors": [
        {
            "dtype": "BFLOAT16",
            "layout": "TILE",
            "shape": {
                "W": "1[1]",
                "X": "256[256]",
                "Y": "32[16]",
                "Z": "1[1]"
            },
            "storage_type": {
                "device_id": 0,
                "memory_config": {
                    "buffer_type": "L1",
                    "memory_layout": "HEIGHT_SHARDED"
                }
            }
        },
        {
            "dtype": "BFLOAT16",
            "layout": "TILE",
            "shape": {
                "W": "17[17]",
                "X": "256[256]",
                "Y": "64[64]",
                "Z": "8[8]"
            },
            "storage_type": {
                "device_id": 0,
                "memory_config": {
                    "buffer_type": "DRAM",
                    "memory_layout": "INTERLEAVED"
                }
            }
        },
        {
            "dtype": "BFLOAT16",
            "layout": "TILE",
            "shape": {
                "W": "17[17]",
                "X": "256[256]",
                "Y": "64[64]",
                "Z": "8[8]"
            },
            "storage_type": {
                "device_id": 0,
                "memory_config": {
                    "buffer_type": "DRAM",
                    "memory_layout": "INTERLEAVED"
                }
            }
        },
        {
            "dtype": "INT32",
            "layout": "ROW_MAJOR",
            "shape": {
                "W": "1[1]",
                "X": "1[1]",
                "Y": "1[1]",
                "Z": "1[1]"
            },
            "storage_type": {
                "device_id": 0,
                "memory_config": {
                    "buffer_type": "DRAM",
                    "memory_layout": "INTERLEAVED"
                }
            }
        },
        {
            "dtype": "INT32",
            "layout": "ROW_MAJOR",
            "shape": {
                "W": "1[1]",
                "X": "17[17]",
                "Y": "1[1]",
                "Z": "1[1]"
            },
            "storage_type": {
                "device_id": 0,
                "memory_config": {
                    "buffer_type": "DRAM",
                    "memory_layout": "INTERLEAVED"
                }
            }
        }
    ],
    "kernel_info": {
        "compute_kernels": [
            {
                "math_fidelity": "HiFi2",
                "name": "sdpa_flash_decode/8719350999366871683/",
                "source": "ttnn/cpp/ttnn/operations/transformer/sdpa_decode/device/kernels/compute/sdpa_flash_decode.cpp"
            }
        ],
        "datamovement_kernels": [
            {
                "name": "writer_decode_all/4536485458502948073/",
                "source": "ttnn/cpp/ttnn/operations/transformer/sdpa_decode/device/kernels/dataflow/writer_decode_all.cpp"
            },
            {
                "name": "reader_decode_all/13339793860585160957/",
                "source": "ttnn/cpp/ttnn/operations/transformer/sdpa_decode/device/kernels/dataflow/reader_decode_all.cpp"
            }
        ],
        "kernel_sizes": {
            "ACTIVE_ETH_DM_0_max_kernel_size": 0,
            "ACTIVE_ETH_DM_1_max_kernel_size": 0,
            "IDLE_ETH_DM_0_max_kernel_size": 0,
            "IDLE_ETH_DM_1_max_kernel_size": 0,
            "TENSIX_COMPUTE_0_max_kernel_size": 14560,
            "TENSIX_COMPUTE_1_max_kernel_size": 13952,
            "TENSIX_COMPUTE_2_max_kernel_size": 11196,
            "TENSIX_DM_0_max_kernel_size": 4968,
            "TENSIX_DM_1_max_kernel_size": 2644
        }
    },
    "op_code": "SdpaDecodeDeviceOperation",
    "op_hash": 8031159883293367588,
    "op_type": "tt_dnn_device",
    "optional_input_tensors": [],
    "output_tensors": [
        {
            "dtype": "BFLOAT16",
            "layout": "TILE",
            "shape": {
                "W": "1[1]",
                "X": "256[256]",
                "Y": "32[16]",
                "Z": "1[1]"
            },
            "storage_type": {
                "device_id": 0,
                "memory_config": {
                    "buffer_type": "DRAM",
                    "memory_layout": "INTERLEAVED"
                }
            }
        }
    ],
    "performance_model": {
        "bandwidth_ns": 1,
        "compute_ns": 1,
        "ideal_ns": 1,
        "input_bws": [],
        "output_bws": []
    },
    "program_cache_hit": false
}`;16716440950
`TT_DNN_DEVICE_OP: "InterleavedToShardedDeviceOperation", 2869520147481143698, 3, false, 55299`;16716505584
`TT_DNN_DEVICE_OP: "NLPConcatHeadsDecodeDeviceOperation", 17281516925188396718, 3, false, 56323 ->
{
    "attributes": {
        "num_heads": "16",
        "on_subcoregrids": "false",
        "sub_core_grids": "std::nullopt"
    },
    "device_id": 3,
    "global_call_count": 56323,
    "input_tensors": [
        {
            "dtype": "BFLOAT16",
            "layout": "TILE",
            "shape": {
                "W": "1[1]",
                "X": "256[256]",
                "Y": "32[16]",
                "Z": "1[1]"
            },
            "storage_type": {
                "device_id": 0,
                "memory_config": {
                    "buffer_type": "L1",
                    "memory_layout": "HEIGHT_SHARDED"
                }
            }
        }
    ],
    "kernel_info": {
        "compute_kernels": [],
        "datamovement_kernels": [
            {
                "name": "reader_tm_tile_layout_nlp_concat_heads_decode/8570049312360675503/",
                "source": "ttnn/cpp/ttnn/operations/experimental/transformer/nlp_concat_heads_decode/device/kernels/dataflow/reader_tm_tile_layout_nlp_concat_heads_decode.cpp"
            }
        ],
        "kernel_sizes": {
            "ACTIVE_ETH_DM_0_max_kernel_size": 0,
            "ACTIVE_ETH_DM_1_max_kernel_size": 0,
            "IDLE_ETH_DM_0_max_kernel_size": 0,
            "IDLE_ETH_DM_1_max_kernel_size": 0,
            "TENSIX_COMPUTE_0_max_kernel_size": 0,
            "TENSIX_COMPUTE_1_max_kernel_size": 0,
            "TENSIX_COMPUTE_2_max_kernel_size": 0,
            "TENSIX_DM_0_max_kernel_size": 628,
            "TENSIX_DM_1_max_kernel_size": 600
        }
    },
    "op_code": "NLPConcatHeadsDecodeDeviceOperation",
    "op_hash": 17281516925188396718,
    "op_type": "tt_dnn_device",
    "optional_input_tensors": [],
    "output_tensors": [
        {
            "dtype": "BFLOAT16",
            "layout": "TILE",
            "shape": {
                "W": "1[1]",
                "X": "4096[4096]",
                "Y": "32[32]",
                "Z": "1[1]"
            },
            "storage_type": {
                "device_id": 0,
                "memory_config": {
                    "buffer_type": "L1",
                    "memory_layout": "WIDTH_SHARDED"
                }
            }
        }
    ],
    "performance_model": {
        "bandwidth_ns": 1,
        "compute_ns": 1,
        "ideal_ns": 1,
        "input_bws": [],
        "output_bws": []
    },
    "program_cache_hit": false
}`;16718386623
`TT_DNN_DEVICE_OP: "ShardedToInterleavedDeviceOperation", 2985379365234434255, 3, false, 57347 ->
{
    "attributes": {
        "num_slices": "1",
        "output_dtype": "DataType::BFLOAT16",
        "output_mem_config": "MemoryConfig(memory_layout=TensorMemoryLayout::INTERLEAVED,buffer_type=BufferType::DRAM,shard_spec=std::nullopt,nd_shard_spec=std::nullopt,created_with_nd_shard_spec=0)",
        "slice_index": "0"
    },
    "device_id": 3,
    "global_call_count": 57347,
    "input_tensors": [
        {
            "dtype": "BFLOAT16",
            "layout": "TILE",
            "shape": {
                "W": "1[1]",
                "X": "4096[4096]",
                "Y": "32[32]",
                "Z": "1[1]"
            },
            "storage_type": {
                "device_id": 0,
                "memory_config": {
                    "buffer_type": "L1",
                    "memory_layout": "WIDTH_SHARDED"
                }
            }
        }
    ],
    "kernel_info": {
        "compute_kernels": [],
        "datamovement_kernels": [
            {
                "name": "writer_unary_sharded_blocks_interleaved_start_id/5884187274843898850/",
                "source": "ttnn/cpp/ttnn/operations/data_movement/sharded/device/kernels/dataflow/writer_unary_sharded_blocks_interleaved_start_id.cpp"
            },
            {
                "name": "reader_unary_sharded/5324219487655416857/",
                "source": "ttnn/cpp/ttnn/operations/eltwise/unary/device/kernels/dataflow/reader_unary_sharded.cpp"
            }
        ],
        "kernel_sizes": {
            "ACTIVE_ETH_DM_0_max_kernel_size": 0,
            "ACTIVE_ETH_DM_1_max_kernel_size": 0,
            "IDLE_ETH_DM_0_max_kernel_size": 0,
            "IDLE_ETH_DM_1_max_kernel_size": 0,
            "TENSIX_COMPUTE_0_max_kernel_size": 0,
            "TENSIX_COMPUTE_1_max_kernel_size": 0,
            "TENSIX_COMPUTE_2_max_kernel_size": 0,
            "TENSIX_DM_0_max_kernel_size": 880,
            "TENSIX_DM_1_max_kernel_size": 404
        }
    },
    "op_code": "ShardedToInterleavedDeviceOperation",
    "op_hash": 2985379365234434255,
    "op_type": "tt_dnn_device",
    "optional_input_tensors": [],
    "output_tensors": [
        {
            "dtype": "BFLOAT16",
            "layout": "TILE",
            "shape": {
                "W": "1[1]",
                "X": "4096[4096]",
                "Y": "32[32]",
                "Z": "1[1]"
            },
            "storage_type": {
                "device_id": 0,
                "memory_config": {
                    "buffer_type": "DRAM",
                    "memory_layout": "INTERLEAVED"
                }
            }
        }
    ],
    "performance_model": {
        "bandwidth_ns": 1,
        "compute_ns": 1,
        "ideal_ns": 1,
        "input_bws": [],
        "output_bws": []
    },
    "program_cache_hit": false
}`;16719601786
`TT_DNN_DEVICE_OP: "MatmulDeviceOperation", 4325641435150549473, 3, false, 58371 ->
{
    "attributes": {
        "bcast_batch": "true",
        "compute_kernel_config": "ComputeKernelConfig(math_fidelity=HiFi4,math_approx_mode=0,fp32_dest_acc_en=0,packer_l1_acc=1,dst_full_sync_en=0,throttle_level=ThrottleLevel::NO_THROTTLE)",
        "global_cb": "std::nullopt",
        "output_dtype": "DataType::BFLOAT16",
        "output_mem_config": "MemoryConfig(memory_layout=TensorMemoryLayout::INTERLEAVED,buffer_type=BufferType::DRAM,shard_spec=std::nullopt,nd_shard_spec=std::nullopt,created_with_nd_shard_spec=0)",
        "output_tile": "Tile(tile_shape={32, 32},face_shape={16, 16},num_faces=4)",
        "program_config": "MatmulMultiCoreReuseMultiCast1DProgramConfig(compute_with_storage_grid_size=11-10,in0_block_w=2,out_subblock_h=1,out_subblock_w=1,out_block_h=1,out_block_w=1,per_core_M=1,per_core_N=1,fuse_batch=0,fused_activation=std::nullopt,mcast_in0=1,gather_in0=0,hop_cores={},num_global_cb_receivers=0,untilize_out=0,allowed_worker_cores={[0-0 - 10-9]})",
        "sub_device_id": "std::nullopt",
        "transpose_a": "false",
        "transpose_b": "false",
        "untilize_out": "false",
        "user_core_coord": "std::nullopt",
        "user_fused_activation": "std::nullopt",
        "user_run_batched": "false"
    },
    "device_id": 3,
    "global_call_count": 58371,
    "input_tensors": [
        {
            "dtype": "BFLOAT16",
            "layout": "TILE",
            "shape": {
                "W": "1[1]",
                "X": "4096[4096]",
                "Y": "32[32]",
                "Z": "1[1]"
            },
            "storage_type": {
                "device_id": 0,
                "memory_config": {
                    "buffer_type": "DRAM",
                    "memory_layout": "INTERLEAVED"
                }
            }
        },
        {
            "dtype": "BFLOAT16",
            "layout": "TILE",
            "shape": {
                "W": "1[1]",
                "X": "2816[2816]",
                "Y": "4096[4096]",
                "Z": "1[1]"
            },
            "storage_type": {
                "device_id": 0,
                "memory_config": {
                    "buffer_type": "DRAM",
                    "memory_layout": "INTERLEAVED"
                }
            }
        }
    ],
    "kernel_info": {
        "compute_kernels": [
            {
                "math_fidelity": "HiFi4",
                "name": "bmm_large_block_zm_fused_bias_activation/1906012980700780905/",
                "source": "ttnn/cpp/ttnn/operations/matmul/device/kernels/compute/bmm_large_block_zm_fused_bias_activation.cpp"
            }
        ],
        "datamovement_kernels": [
            {
                "name": "reader_bmm_tile_layout_in1_sender_writer_padding/4104553496031073574/",
                "source": "ttnn/cpp/ttnn/operations/matmul/device/kernels/dataflow/reader_bmm_tile_layout_in1_sender_writer_padding.cpp"
            },
            {
                "name": "reader_bmm_tile_layout_in0_receiver/1815653361349580298/",
                "source": "ttnn/cpp/ttnn/operations/matmul/device/kernels/dataflow/reader_bmm_tile_layout_in0_receiver.cpp"
            },
            {
                "name": "reader_bmm_tile_layout_in0_sender_padding/14158580233065107822/",
                "source": "ttnn/cpp/ttnn/operations/matmul/device/kernels/dataflow/reader_bmm_tile_layout_in0_sender_padding.cpp"
            }
        ],
        "kernel_sizes": {
            "ACTIVE_ETH_DM_0_max_kernel_size": 0,
            "ACTIVE_ETH_DM_1_max_kernel_size": 0,
            "IDLE_ETH_DM_0_max_kernel_size": 0,
            "IDLE_ETH_DM_1_max_kernel_size": 0,
            "TENSIX_COMPUTE_0_max_kernel_size": 1992,
            "TENSIX_COMPUTE_1_max_kernel_size": 1804,
            "TENSIX_COMPUTE_2_max_kernel_size": 2344,
            "TENSIX_DM_0_max_kernel_size": 1564,
            "TENSIX_DM_1_max_kernel_size": 1084
        }
    },
    "op_code": "MatmulDeviceOperation",
    "op_hash": 4325641435150549473,
    "op_type": "tt_dnn_device",
    "optional_input_tensors": [],
    "output_tensors": [
        {
            "dtype": "BFLOAT16",
            "layout": "TILE",
            "shape": {
                "W": "1[1]",
                "X": "2816[2816]",
                "Y": "32[32]",
                "Z": "1[1]"
            },
            "storage_type": {
                "device_id": 0,
                "memory_config": {
                    "buffer_type": "DRAM",
                    "memory_layout": "INTERLEAVED"
                }
            }
        }
    ],
    "performance_model": {
        "bandwidth_ns": 41961,
        "compute_ns": 4855,
        "ideal_ns": 41961,
        "input_bws": [
            6.2473249435424805,
            549.7645874023438
        ],
        "output_bws": [
            4.2950358390808105
        ]
    },
    "program_cache_hit": false
}`;17030092855
`TT_DNN_DEVICE_OP: "SliceDeviceOperation", 6853272813270040283, 3, false, 59395 ->
{
    "attributes": {
        "num_devices": "std::nullopt",
        "output_mem_config": "MemoryConfig(memory_layout=TensorMemoryLayout::INTERLEAVED,buffer_type=BufferType::DRAM,shard_spec=std::nullopt,nd_shard_spec=std::nullopt,created_with_nd_shard_spec=0)",
        "slice_dim": "std::nullopt",
        "slice_end": "Shape([1, 1, 32, 2816])",
        "slice_start": "Shape([0, 0, 0, 0])",
        "step": "Shape([1, 1, 1, 1])",
        "sub_core_grids": "std::nullopt",
        "use_tensor_args": "false"
    },
    "device_id": 3,
    "global_call_count": 59395,
    "input_tensors": [
        {
            "dtype": "BFLOAT16",
            "layout": "TILE",
            "shape": {
                "W": "1[1]",
                "X": "2816[2816]",
                "Y": "32[32]",
                "Z": "1[1]"
            },
            "storage_type": {
                "device_id": 0,
                "memory_config": {
                    "buffer_type": "DRAM",
                    "memory_layout": "INTERLEAVED"
                }
            }
        }
    ],
    "kernel_info": {
        "compute_kernels": [],
        "datamovement_kernels": [
            {
                "name": "writer_unary_interleaved_start_id/11396476643056635318/",
                "source": "ttnn/cpp/ttnn/operations/data_movement/slice/device/kernels/dataflow/writer_unary_interleaved_start_id.cpp"
            },
            {
                "name": "reader_unary_unpad_dims_interleaved_start_id/15985850001773238796/",
                "source": "ttnn/cpp/ttnn/operations/data_movement/slice/device/kernels/dataflow/reader_unary_unpad_dims_interleaved_start_id.cpp"
            }
        ],
        "kernel_sizes": {
            "ACTIVE_ETH_DM_0_max_kernel_size": 0,
            "ACTIVE_ETH_DM_1_max_kernel_size": 0,
            "IDLE_ETH_DM_0_max_kernel_size": 0,
            "IDLE_ETH_DM_1_max_kernel_size": 0,
            "TENSIX_COMPUTE_0_max_kernel_size": 0,
            "TENSIX_COMPUTE_1_max_kernel_size": 0,
            "TENSIX_COMPUTE_2_max_kernel_size": 0,
            "TENSIX_DM_0_max_kernel_size": 680,
            "TENSIX_DM_1_max_kernel_size": 716
        }
    },
    "op_code": "SliceDeviceOperation",
    "op_hash": 6853272813270040283,
    "op_type": "tt_dnn_device",
    "optional_input_tensors": [],
    "output_tensors": [
        {
            "dtype": "BFLOAT16",
            "layout": "TILE",
            "shape": {
                "W": "1[1]",
                "X": "2816[2816]",
                "Y": "32[32]",
                "Z": "1[1]"
            },
            "storage_type": {
                "device_id": 0,
                "memory_config": {
                    "buffer_type": "DRAM",
                    "memory_layout": "INTERLEAVED"
                }
            }
        }
    ],
    "performance_model": {
        "bandwidth_ns": 327,
        "compute_ns": 948,
        "ideal_ns": 948,
        "input_bws": [
            190.10971069335938
        ],
        "output_bws": [
            190.10971069335938
        ]
    },
    "program_cache_hit": false
}`;17032490389
`TT_DNN_DEVICE_OP: "LayerNormDeviceOperation", 5622200613246340018, 3, false, 60419`;17032630319
`TT_DNN_DEVICE_OP: "BinaryNgDeviceOperation", 1295168523863076379, 3, false, 61443 ->
{
    "attributes": {
        "atol": "0",
        "binary_op_type": "BinaryOpType::ADD",
        "compute_kernel_config": "std::nullopt",
        "dtype": "DataType::BFLOAT16",
        "equal_nan": "false",
        "input_dtype": "DataType::BFLOAT16",
        "input_layout_a": "Layout::TILE",
        "input_layout_b": "Layout::TILE",
        "is_quant_op": "false",
        "is_sfpu": "false",
        "is_where_op": "false",
        "lhs_activations": "{}",
        "memory_config": "MemoryConfig(memory_layout=TensorMemoryLayout::INTERLEAVED,buffer_type=BufferType::DRAM,shard_spec=std::nullopt,nd_shard_spec=std::nullopt,created_with_nd_shard_spec=0)",
        "output_layout": "Layout::TILE",
        "post_activations": "{}",
        "rhs_activations": "{}",
        "rtol": "0",
        "scalar": "std::nullopt",
        "sub_core_grids": "std::nullopt",
        "sub_device_id": "std::nullopt",
        "subtile_broadcast_type": "SubtileBroadcastType::NONE",
        "worker_grid": "{[0-0 - 10-9]}"
    },
    "device_id": 3,
    "global_call_count": 61443,
    "input_tensors": [
        {
            "dtype": "BFLOAT16",
            "layout": "TILE",
            "shape": {
                "W": "1[1]",
                "X": "2816[2816]",
                "Y": "32[1]",
                "Z": "1[1]"
            },
            "storage_type": {
                "device_id": 0,
                "memory_config": {
                    "buffer_type": "DRAM",
                    "memory_layout": "INTERLEAVED"
                }
            }
        },
        {
            "dtype": "BFLOAT16",
            "layout": "TILE",
            "shape": {
                "W": "1[1]",
                "X": "2816[2816]",
                "Y": "32[1]",
                "Z": "1[1]"
            },
            "storage_type": {
                "device_id": 0,
                "memory_config": {
                    "buffer_type": "DRAM",
                    "memory_layout": "INTERLEAVED"
                }
            }
        }
    ],
    "kernel_info": {
        "compute_kernels": [
            {
                "math_fidelity": "HiFi4",
                "name": "eltwise_binary_no_bcast/7702167649156508193/",
                "source": "ttnn/cpp/ttnn/operations/eltwise/binary_ng/device/kernels/compute/eltwise_binary_no_bcast.cpp"
            }
        ],
        "datamovement_kernels": [
            {
                "name": "writer_interleaved_no_bcast/13786176872452774081/",
                "source": "ttnn/cpp/ttnn/operations/eltwise/binary_ng/device/kernels_ng/dataflow/writer_interleaved_no_bcast.cpp"
            },
            {
                "name": "reader_interleaved_no_bcast/13696495097517312790/",
                "source": "ttnn/cpp/ttnn/operations/eltwise/binary_ng/device/kernels_ng/dataflow/reader_interleaved_no_bcast.cpp"
            }
        ],
        "kernel_sizes": {
            "ACTIVE_ETH_DM_0_max_kernel_size": 0,
            "ACTIVE_ETH_DM_1_max_kernel_size": 0,
            "IDLE_ETH_DM_0_max_kernel_size": 0,
            "IDLE_ETH_DM_1_max_kernel_size": 0,
            "TENSIX_COMPUTE_0_max_kernel_size": 1308,
            "TENSIX_COMPUTE_1_max_kernel_size": 768,
            "TENSIX_COMPUTE_2_max_kernel_size": 1292,
            "TENSIX_DM_0_max_kernel_size": 1120,
            "TENSIX_DM_1_max_kernel_size": 1644
        }
    },
    "op_code": "BinaryNgDeviceOperation",
    "op_hash": 1295168523863076379,
    "op_type": "tt_dnn_device",
    "optional_input_tensors": [],
    "output_tensors": [
        {
            "dtype": "BFLOAT16",
            "layout": "TILE",
            "shape": {
                "W": "1[1]",
                "X": "2816[2816]",
                "Y": "32[1]",
                "Z": "1[1]"
            },
            "storage_type": {
                "device_id": 0,
                "memory_config": {
                    "buffer_type": "DRAM",
                    "memory_layout": "INTERLEAVED"
                }
            }
        }
    ],
    "performance_model": {
        "bandwidth_ns": 1,
        "compute_ns": 1,
        "ideal_ns": 1,
        "input_bws": [],
        "output_bws": []
    },
    "program_cache_hit": false
}`;17036986812
`TT_DNN_DEVICE_OP: "LayerNormDeviceOperation", 5622200613246340018, 3, false, 62467`;17037059793
`TT_DNN_DEVICE_OP: "InterleavedToShardedDeviceOperation", 13621697827324169785, 3, false, 63491 ->
{
    "attributes": {
        "keep_l1_aligned": "false",
        "output_dtype": "DataType::BFLOAT16",
        "output_mem_config": "MemoryConfig(memory_layout=TensorMemoryLayout::WIDTH_SHARDED,buffer_type=BufferType::L1,shard_spec=ShardSpec{grid=[{\"start\":{\"x\":0,\"y\":0},\"end\":{\"x\":3,\"y\":0}], shape=[32, 704], orientation=ShardOrientation::ROW_MAJOR},nd_shard_spec=std::nullopt,created_with_nd_shard_spec=0)"
    },
    "device_id": 3,
    "global_call_count": 63491,
    "input_tensors": [
        {
            "dtype": "BFLOAT16",
            "layout": "TILE",
            "shape": {
                "W": "1[1]",
                "X": "2816[2816]",
                "Y": "32[1]",
                "Z": "1[1]"
            },
            "storage_type": {
                "device_id": 0,
                "memory_config": {
                    "buffer_type": "DRAM",
                    "memory_layout": "INTERLEAVED"
                }
            }
        }
    ],
    "kernel_info": {
        "compute_kernels": [],
        "datamovement_kernels": [
            {
                "name": "writer_unary_sharded/8354490188168529288/",
                "source": "ttnn/cpp/ttnn/operations/data_movement/sharded/device/kernels/dataflow/writer_unary_sharded.cpp"
            },
            {
                "name": "reader_unary_sharded_blocks_interleaved_start_id/7078536132925732000/",
                "source": "ttnn/cpp/ttnn/operations/data_movement/sharded/device/kernels/dataflow/reader_unary_sharded_blocks_interleaved_start_id.cpp"
            }
        ],
        "kernel_sizes": {
            "ACTIVE_ETH_DM_0_max_kernel_size": 0,
            "ACTIVE_ETH_DM_1_max_kernel_size": 0,
            "IDLE_ETH_DM_0_max_kernel_size": 0,
            "IDLE_ETH_DM_1_max_kernel_size": 0,
            "TENSIX_COMPUTE_0_max_kernel_size": 0,
            "TENSIX_COMPUTE_1_max_kernel_size": 0,
            "TENSIX_COMPUTE_2_max_kernel_size": 0,
            "TENSIX_DM_0_max_kernel_size": 384,
            "TENSIX_DM_1_max_kernel_size": 876
        }
    },
    "op_code": "InterleavedToShardedDeviceOperation",
    "op_hash": 13621697827324169785,
    "op_type": "tt_dnn_device",
    "optional_input_tensors": [],
    "output_tensors": [
        {
            "dtype": "BFLOAT16",
            "layout": "TILE",
            "shape": {
                "W": "1[1]",
                "X": "2816[2816]",
                "Y": "32[1]",
                "Z": "1[1]"
            },
            "storage_type": {
                "device_id": 0,
                "memory_config": {
                    "buffer_type": "L1",
                    "memory_layout": "WIDTH_SHARDED"
                }
            }
        }
    ],
    "performance_model": {
        "bandwidth_ns": 1,
        "compute_ns": 1,
        "ideal_ns": 1,
        "input_bws": [],
        "output_bws": []
    },
    "program_cache_hit": false
}`;17039137991
`TT_DNN_DEVICE_OP: "MatmulDeviceOperation", 17567899898713860746, 3, false, 64515 ->
{
    "attributes": {
        "bcast_batch": "true",
        "compute_kernel_config": "ComputeKernelConfig(math_fidelity=LoFi,math_approx_mode=0,fp32_dest_acc_en=0,packer_l1_acc=1,dst_full_sync_en=0,throttle_level=ThrottleLevel::NO_THROTTLE)",
        "global_cb": "std::nullopt",
        "output_dtype": "DataType::BFLOAT16",
        "output_mem_config": "MemoryConfig(memory_layout=TensorMemoryLayout::WIDTH_SHARDED,buffer_type=BufferType::L1,shard_spec=ShardSpec{grid=[{\"start\":{\"x\":0,\"y\":0},\"end\":{\"x\":3,\"y\":0}], shape=[32, 1056], orientation=ShardOrientation::ROW_MAJOR},nd_shard_spec=std::nullopt,created_with_nd_shard_spec=0)",
        "output_tile": "Tile(tile_shape={32, 32},face_shape={16, 16},num_faces=4)",
        "program_config": "MatmulMultiCoreReuseMultiCastDRAMShardedProgramConfig(in0_block_w=11,per_core_M=1,per_core_N=33,fused_activation=std::nullopt)",
        "sub_device_id": "std::nullopt",
        "transpose_a": "false",
        "transpose_b": "false",
        "untilize_out": "false",
        "user_core_coord": "std::nullopt",
        "user_fused_activation": "std::nullopt",
        "user_run_batched": "false"
    },
    "device_id": 3,
    "global_call_count": 64515,
    "input_tensors": [
        {
            "dtype": "BFLOAT16",
            "layout": "TILE",
            "shape": {
                "W": "1[1]",
                "X": "2816[2816]",
                "Y": "32[1]",
                "Z": "1[1]"
            },
            "storage_type": {
                "device_id": 0,
                "memory_config": {
                    "buffer_type": "L1",
                    "memory_layout": "WIDTH_SHARDED"
                }
            }
        },
        {
            "dtype": "BFLOAT8_B",
            "layout": "TILE",
            "shape": {
                "W": "1[1]",
                "X": "4224[4224]",
                "Y": "2816[2816]",
                "Z": "1[1]"
            },
            "storage_type": {
                "device_id": 0,
                "memory_config": {
                    "buffer_type": "DRAM",
                    "memory_layout": "WIDTH_SHARDED"
                }
            }
        }
    ],
    "kernel_info": {
        "compute_kernels": [
            {
                "math_fidelity": "LoFi",
                "name": "bmm_large_block_zm_fused_bias_activation/139279989388097069/",
                "source": "ttnn/cpp/ttnn/operations/matmul/device/kernels/compute/bmm_large_block_zm_fused_bias_activation.cpp"
            }
        ],
        "datamovement_kernels": [
            {
                "name": "reader_bmm_tile_layout_in1_sender_dram_sharded/1096449208854667056/",
                "source": "ttnn/cpp/ttnn/operations/matmul/device/kernels/dataflow/reader_bmm_tile_layout_in1_sender_dram_sharded.cpp"
            },
            {
                "name": "reader_bmm_tile_layout_in0_sender_dram_sharded/1399912580625857046/",
                "source": "ttnn/cpp/ttnn/operations/matmul/device/kernels/dataflow/reader_bmm_tile_layout_in0_sender_dram_sharded.cpp"
            }
        ],
        "kernel_sizes": {
            "ACTIVE_ETH_DM_0_max_kernel_size": 0,
            "ACTIVE_ETH_DM_1_max_kernel_size": 0,
            "IDLE_ETH_DM_0_max_kernel_size": 0,
            "IDLE_ETH_DM_1_max_kernel_size": 0,
            "TENSIX_COMPUTE_0_max_kernel_size": 2344,
            "TENSIX_COMPUTE_1_max_kernel_size": 2484,
            "TENSIX_COMPUTE_2_max_kernel_size": 3220,
            "TENSIX_DM_0_max_kernel_size": 1768,
            "TENSIX_DM_1_max_kernel_size": 1772
        }
    },
    "op_code": "MatmulDeviceOperation",
    "op_hash": 17567899898713860746,
    "op_type": "tt_dnn_device",
    "optional_input_tensors": [],
    "output_tensors": [
        {
            "dtype": "BFLOAT16",
            "layout": "TILE",
            "shape": {
                "W": "1[1]",
                "X": "4224[4224]",
                "Y": "32[1]",
                "Z": "1[1]"
            },
            "storage_type": {
                "device_id": 0,
                "memory_config": {
                    "buffer_type": "L1",
                    "memory_layout": "WIDTH_SHARDED"
                }
            }
        }
    ],
    "performance_model": {
        "bandwidth_ns": 21636,
        "compute_ns": 40,
        "ideal_ns": 21636,
        "input_bws": [
            8.32982063293457,
            549.7681884765625
        ],
        "output_bws": [
            12.494730949401855
        ]
    },
    "program_cache_hit": false
}`;17045090322
`TT_DNN_DEVICE_OP: "ShardedToInterleavedDeviceOperation", 5242562209847414965, 3, false, 65539 ->
{
    "attributes": {
        "num_slices": "1",
        "output_dtype": "DataType::BFLOAT16",
        "output_mem_config": "MemoryConfig(memory_layout=TensorMemoryLayout::INTERLEAVED,buffer_type=BufferType::DRAM,shard_spec=std::nullopt,nd_shard_spec=std::nullopt,created_with_nd_shard_spec=0)",
        "slice_index": "0"
    },
    "device_id": 3,
    "global_call_count": 65539,
    "input_tensors": [
        {
            "dtype": "BFLOAT16",
            "layout": "TILE",
            "shape": {
                "W": "1[1]",
                "X": "4224[4224]",
                "Y": "32[1]",
                "Z": "1[1]"
            },
            "storage_type": {
                "device_id": 0,
                "memory_config": {
                    "buffer_type": "L1",
                    "memory_layout": "WIDTH_SHARDED"
                }
            }
        }
    ],
    "kernel_info": {
        "compute_kernels": [],
        "datamovement_kernels": [
            {
                "name": "writer_unary_sharded_blocks_interleaved_start_id/5884187274843898850/",
                "source": "ttnn/cpp/ttnn/operations/data_movement/sharded/device/kernels/dataflow/writer_unary_sharded_blocks_interleaved_start_id.cpp"
            },
            {
                "name": "reader_unary_sharded/5324219487655416857/",
                "source": "ttnn/cpp/ttnn/operations/eltwise/unary/device/kernels/dataflow/reader_unary_sharded.cpp"
            }
        ],
        "kernel_sizes": {
            "ACTIVE_ETH_DM_0_max_kernel_size": 0,
            "ACTIVE_ETH_DM_1_max_kernel_size": 0,
            "IDLE_ETH_DM_0_max_kernel_size": 0,
            "IDLE_ETH_DM_1_max_kernel_size": 0,
            "TENSIX_COMPUTE_0_max_kernel_size": 0,
            "TENSIX_COMPUTE_1_max_kernel_size": 0,
            "TENSIX_COMPUTE_2_max_kernel_size": 0,
            "TENSIX_DM_0_max_kernel_size": 880,
            "TENSIX_DM_1_max_kernel_size": 404
        }
    },
    "op_code": "ShardedToInterleavedDeviceOperation",
    "op_hash": 5242562209847414965,
    "op_type": "tt_dnn_device",
    "optional_input_tensors": [],
    "output_tensors": [
        {
            "dtype": "BFLOAT16",
            "layout": "TILE",
            "shape": {
                "W": "1[1]",
                "X": "4224[4224]",
                "Y": "32[1]",
                "Z": "1[1]"
            },
            "storage_type": {
                "device_id": 0,
                "memory_config": {
                    "buffer_type": "DRAM",
                    "memory_layout": "INTERLEAVED"
                }
            }
        }
    ],
    "performance_model": {
        "bandwidth_ns": 1,
        "compute_ns": 1,
        "ideal_ns": 1,
        "input_bws": [],
        "output_bws": []
    },
    "program_cache_hit": false
}`;17045311369
`TT_DNN_DEVICE_OP: "SliceDeviceOperation", 10613616057533220814, 3, false, 66563 ->
{
    "attributes": {
        "num_devices": "std::nullopt",
        "output_mem_config": "MemoryConfig(memory_layout=TensorMemoryLayout::INTERLEAVED,buffer_type=BufferType::DRAM,shard_spec=std::nullopt,nd_shard_spec=std::nullopt,created_with_nd_shard_spec=0)",
        "slice_dim": "std::nullopt",
        "slice_end": "Shape([1, 1, 32, 2112])",
        "slice_start": "Shape([0, 0, 0, 0])",
        "step": "Shape([1, 1, 1, 1])",
        "sub_core_grids": "std::nullopt",
        "use_tensor_args": "false"
    },
    "device_id": 3,
    "global_call_count": 66563,
    "input_tensors": [
        {
            "dtype": "BFLOAT16",
            "layout": "TILE",
            "shape": {
                "W": "1[1]",
                "X": "4224[4224]",
                "Y": "32[1]",
                "Z": "1[1]"
            },
            "storage_type": {
                "device_id": 0,
                "memory_config": {
                    "buffer_type": "DRAM",
                    "memory_layout": "INTERLEAVED"
                }
            }
        }
    ],
    "kernel_info": {
        "compute_kernels": [],
        "datamovement_kernels": [
            {
                "name": "writer_unary_interleaved_start_id/11396476643056635318/",
                "source": "ttnn/cpp/ttnn/operations/data_movement/slice/device/kernels/dataflow/writer_unary_interleaved_start_id.cpp"
            },
            {
                "name": "reader_unary_unpad_dims_interleaved_start_id/15985850001773238796/",
                "source": "ttnn/cpp/ttnn/operations/data_movement/slice/device/kernels/dataflow/reader_unary_unpad_dims_interleaved_start_id.cpp"
            }
        ],
        "kernel_sizes": {
            "ACTIVE_ETH_DM_0_max_kernel_size": 0,
            "ACTIVE_ETH_DM_1_max_kernel_size": 0,
            "IDLE_ETH_DM_0_max_kernel_size": 0,
            "IDLE_ETH_DM_1_max_kernel_size": 0,
            "TENSIX_COMPUTE_0_max_kernel_size": 0,
            "TENSIX_COMPUTE_1_max_kernel_size": 0,
            "TENSIX_COMPUTE_2_max_kernel_size": 0,
            "TENSIX_DM_0_max_kernel_size": 680,
            "TENSIX_DM_1_max_kernel_size": 716
        }
    },
    "op_code": "SliceDeviceOperation",
    "op_hash": 10613616057533220814,
    "op_type": "tt_dnn_device",
    "optional_input_tensors": [],
    "output_tensors": [
        {
            "dtype": "BFLOAT16",
            "layout": "TILE",
            "shape": {
                "W": "1[1]",
                "X": "2112[2112]",
                "Y": "32[32]",
                "Z": "1[1]"
            },
            "storage_type": {
                "device_id": 0,
                "memory_config": {
                    "buffer_type": "DRAM",
                    "memory_layout": "INTERLEAVED"
                }
            }
        }
    ],
    "performance_model": {
        "bandwidth_ns": 491,
        "compute_ns": 800,
        "ideal_ns": 800,
        "input_bws": [
            337.9200134277344
        ],
        "output_bws": [
            168.9600067138672
        ]
    },
    "program_cache_hit": false
}`;17045628400
`TT_DNN_DEVICE_OP: "SliceDeviceOperation", 15898878185957064784, 3, false, 67587 ->
{
    "attributes": {
        "num_devices": "std::nullopt",
        "output_mem_config": "MemoryConfig(memory_layout=TensorMemoryLayout::INTERLEAVED,buffer_type=BufferType::DRAM,shard_spec=std::nullopt,nd_shard_spec=std::nullopt,created_with_nd_shard_spec=0)",
        "slice_dim": "std::nullopt",
        "slice_end": "Shape([1, 1, 32, 4224])",
        "slice_start": "Shape([0, 0, 0, 2112])",
        "step": "Shape([1, 1, 1, 1])",
        "sub_core_grids": "std::nullopt",
        "use_tensor_args": "false"
    },
    "device_id": 3,
    "global_call_count": 67587,
    "input_tensors": [
        {
            "dtype": "BFLOAT16",
            "layout": "TILE",
            "shape": {
                "W": "1[1]",
                "X": "4224[4224]",
                "Y": "32[1]",
                "Z": "1[1]"
            },
            "storage_type": {
                "device_id": 0,
                "memory_config": {
                    "buffer_type": "DRAM",
                    "memory_layout": "INTERLEAVED"
                }
            }
        }
    ],
    "kernel_info": {
        "compute_kernels": [],
        "datamovement_kernels": [
            {
                "name": "writer_unary_interleaved_start_id/11396476643056635318/",
                "source": "ttnn/cpp/ttnn/operations/data_movement/slice/device/kernels/dataflow/writer_unary_interleaved_start_id.cpp"
            },
            {
                "name": "reader_unary_unpad_dims_interleaved_start_id/15985850001773238796/",
                "source": "ttnn/cpp/ttnn/operations/data_movement/slice/device/kernels/dataflow/reader_unary_unpad_dims_interleaved_start_id.cpp"
            }
        ],
        "kernel_sizes": {
            "ACTIVE_ETH_DM_0_max_kernel_size": 0,
            "ACTIVE_ETH_DM_1_max_kernel_size": 0,
            "IDLE_ETH_DM_0_max_kernel_size": 0,
            "IDLE_ETH_DM_1_max_kernel_size": 0,
            "TENSIX_COMPUTE_0_max_kernel_size": 0,
            "TENSIX_COMPUTE_1_max_kernel_size": 0,
            "TENSIX_COMPUTE_2_max_kernel_size": 0,
            "TENSIX_DM_0_max_kernel_size": 680,
            "TENSIX_DM_1_max_kernel_size": 716
        }
    },
    "op_code": "SliceDeviceOperation",
    "op_hash": 15898878185957064784,
    "op_type": "tt_dnn_device",
    "optional_input_tensors": [],
    "output_tensors": [
        {
            "dtype": "BFLOAT16",
            "layout": "TILE",
            "shape": {
                "W": "1[1]",
                "X": "2112[2112]",
                "Y": "32[32]",
                "Z": "1[1]"
            },
            "storage_type": {
                "device_id": 0,
                "memory_config": {
                    "buffer_type": "DRAM",
                    "memory_layout": "INTERLEAVED"
                }
            }
        }
    ],
    "performance_model": {
        "bandwidth_ns": 491,
        "compute_ns": 800,
        "ideal_ns": 800,
        "input_bws": [
            337.9200134277344
        ],
        "output_bws": [
            168.9600067138672
        ]
    },
    "program_cache_hit": false
}`;17045948257
`TT_DNN_DEVICE_OP: "UnaryDeviceOperation", 9301122104287935342, 3, false, 68611 ->
{
    "attributes": {
        "bfp8_pack_precise": "false",
        "fp32_dest_acc_en": "false",
        "memory_config": "MemoryConfig(memory_layout=TensorMemoryLayout::INTERLEAVED,buffer_type=BufferType::DRAM,shard_spec=std::nullopt,nd_shard_spec=std::nullopt,created_with_nd_shard_spec=0)",
        "op_chain": "{BasicUnaryWithParam<float, int, unsigned int>(base=BasicUnaryWithParam<float>(op_type=UnaryOpType::GELU,param={1}))}",
        "output_dtype": "DataType::BFLOAT16",
        "preserve_fp32_precision": "false",
        "sub_core_grids": "std::nullopt",
        "worker_grid": "{[0-0 - 10-9]}"
    },
    "device_id": 3,
    "global_call_count": 68611,
    "input_tensors": [
        {
            "dtype": "BFLOAT16",
            "layout": "TILE",
            "shape": {
                "W": "1[1]",
                "X": "2112[2112]",
                "Y": "32[1]",
                "Z": "1[1]"
            },
            "storage_type": {
                "device_id": 0,
                "memory_config": {
                    "buffer_type": "DRAM",
                    "memory_layout": "INTERLEAVED"
                }
            }
        }
    ],
    "kernel_info": {
        "compute_kernels": [
            {
                "math_fidelity": "HiFi4",
                "name": "eltwise_sfpu/14296249726566351318/",
                "source": "ttnn/cpp/ttnn/operations/eltwise/unary/device/kernels/compute/eltwise_sfpu.cpp"
            }
        ],
        "datamovement_kernels": [
            {
                "name": "writer_unary/17308908021593325674/",
                "source": "ttnn/cpp/ttnn/operations/eltwise/unary/device/kernels/dataflow/writer_unary.cpp"
            },
            {
                "name": "reader_unary/7914283486036039746/",
                "source": "ttnn/cpp/ttnn/operations/eltwise/unary/device/kernels/dataflow/reader_unary.cpp"
            }
        ],
        "kernel_sizes": {
            "ACTIVE_ETH_DM_0_max_kernel_size": 0,
            "ACTIVE_ETH_DM_1_max_kernel_size": 0,
            "IDLE_ETH_DM_0_max_kernel_size": 0,
            "IDLE_ETH_DM_1_max_kernel_size": 0,
            "TENSIX_COMPUTE_0_max_kernel_size": 1060,
            "TENSIX_COMPUTE_1_max_kernel_size": 1092,
            "TENSIX_COMPUTE_2_max_kernel_size": 1260,
            "TENSIX_DM_0_max_kernel_size": 1000,
            "TENSIX_DM_1_max_kernel_size": 924
        }
    },
    "op_code": "UnaryDeviceOperation",
    "op_hash": 9301122104287935342,
    "op_type": "tt_dnn_device",
    "optional_input_tensors": [],
    "output_tensors": [
        {
            "dtype": "BFLOAT16",
            "layout": "TILE",
            "shape": {
                "W": "1[1]",
                "X": "2112[2112]",
                "Y": "32[1]",
                "Z": "1[1]"
            },
            "storage_type": {
                "device_id": 0,
                "memory_config": {
                    "buffer_type": "DRAM",
                    "memory_layout": "INTERLEAVED"
                }
            }
        }
    ],
    "performance_model": {
        "bandwidth_ns": 1,
        "compute_ns": 1,
        "ideal_ns": 1,
        "input_bws": [],
        "output_bws": []
    },
    "program_cache_hit": false
}`;17050171192
`TT_DNN_DEVICE_OP: "BinaryNgDeviceOperation", 1543498124224426579, 3, false, 69635 ->
{
    "attributes": {
        "atol": "0",
        "binary_op_type": "BinaryOpType::MUL",
        "compute_kernel_config": "std::nullopt",
        "dtype": "DataType::BFLOAT16",
        "equal_nan": "false",
        "input_dtype": "DataType::BFLOAT16",
        "input_layout_a": "Layout::TILE",
        "input_layout_b": "Layout::TILE",
        "is_quant_op": "false",
        "is_sfpu": "true",
        "is_where_op": "false",
        "lhs_activations": "{}",
        "memory_config": "MemoryConfig(memory_layout=TensorMemoryLayout::INTERLEAVED,buffer_type=BufferType::DRAM,shard_spec=std::nullopt,nd_shard_spec=std::nullopt,created_with_nd_shard_spec=0)",
        "output_layout": "Layout::TILE",
        "post_activations": "{}",
        "rhs_activations": "{}",
        "rtol": "0",
        "scalar": "std::nullopt",
        "sub_core_grids": "std::nullopt",
        "sub_device_id": "std::nullopt",
        "subtile_broadcast_type": "SubtileBroadcastType::NONE",
        "worker_grid": "{[0-0 - 10-9]}"
    },
    "device_id": 3,
    "global_call_count": 69635,
    "input_tensors": [
        {
            "dtype": "BFLOAT16",
            "layout": "TILE",
            "shape": {
                "W": "1[1]",
                "X": "2112[2112]",
                "Y": "32[1]",
                "Z": "1[1]"
            },
            "storage_type": {
                "device_id": 0,
                "memory_config": {
                    "buffer_type": "DRAM",
                    "memory_layout": "INTERLEAVED"
                }
            }
        },
        {
            "dtype": "BFLOAT16",
            "layout": "TILE",
            "shape": {
                "W": "1[1]",
                "X": "2112[2112]",
                "Y": "32[1]",
                "Z": "1[1]"
            },
            "storage_type": {
                "device_id": 0,
                "memory_config": {
                    "buffer_type": "DRAM",
                    "memory_layout": "INTERLEAVED"
                }
            }
        }
    ],
    "kernel_info": {
        "compute_kernels": [
            {
                "math_fidelity": "HiFi4",
                "name": "eltwise_binary_sfpu_no_bcast/5506180665876100763/",
                "source": "ttnn/cpp/ttnn/operations/eltwise/binary_ng/device/kernels/compute/eltwise_binary_sfpu_no_bcast.cpp"
            }
        ],
        "datamovement_kernels": [
            {
                "name": "writer_interleaved_no_bcast/13786176872452774081/",
                "source": "ttnn/cpp/ttnn/operations/eltwise/binary_ng/device/kernels_ng/dataflow/writer_interleaved_no_bcast.cpp"
            },
            {
                "name": "reader_interleaved_no_bcast/13696495097517312790/",
                "source": "ttnn/cpp/ttnn/operations/eltwise/binary_ng/device/kernels_ng/dataflow/reader_interleaved_no_bcast.cpp"
            }
        ],
        "kernel_sizes": {
            "ACTIVE_ETH_DM_0_max_kernel_size": 0,
            "ACTIVE_ETH_DM_1_max_kernel_size": 0,
            "IDLE_ETH_DM_0_max_kernel_size": 0,
            "IDLE_ETH_DM_1_max_kernel_size": 0,
            "TENSIX_COMPUTE_0_max_kernel_size": 1456,
            "TENSIX_COMPUTE_1_max_kernel_size": 1200,
            "TENSIX_COMPUTE_2_max_kernel_size": 1292,
            "TENSIX_DM_0_max_kernel_size": 1120,
            "TENSIX_DM_1_max_kernel_size": 1644
        }
    },
    "op_code": "BinaryNgDeviceOperation",
    "op_hash": 1543498124224426579,
    "op_type": "tt_dnn_device",
    "optional_input_tensors": [],
    "output_tensors": [
        {
            "dtype": "BFLOAT16",
            "layout": "TILE",
            "shape": {
                "W": "1[1]",
                "X": "2112[2112]",
                "Y": "32[1]",
                "Z": "1[1]"
            },
            "storage_type": {
                "device_id": 0,
                "memory_config": {
                    "buffer_type": "DRAM",
                    "memory_layout": "INTERLEAVED"
                }
            }
        }
    ],
    "performance_model": {
        "bandwidth_ns": 1,
        "compute_ns": 1,
        "ideal_ns": 1,
        "input_bws": [],
        "output_bws": []
    },
    "program_cache_hit": false
}`;17053396824
`TT_DNN_DEVICE_OP: "InterleavedToShardedDeviceOperation", 3512106431502706671, 3, false, 70659 ->
{
    "attributes": {
        "keep_l1_aligned": "false",
        "output_dtype": "DataType::BFLOAT16",
        "output_mem_config": "MemoryConfig(memory_layout=TensorMemoryLayout::WIDTH_SHARDED,buffer_type=BufferType::L1,shard_spec=ShardSpec{grid=[{\"start\":{\"x\":0,\"y\":0},\"end\":{\"x\":1,\"y\":0}], shape=[32, 1056], orientation=ShardOrientation::ROW_MAJOR},nd_shard_spec=std::nullopt,created_with_nd_shard_spec=0)"
    },
    "device_id": 3,
    "global_call_count": 70659,
    "input_tensors": [
        {
            "dtype": "BFLOAT16",
            "layout": "TILE",
            "shape": {
                "W": "1[1]",
                "X": "2112[2112]",
                "Y": "32[1]",
                "Z": "1[1]"
            },
            "storage_type": {
                "device_id": 0,
                "memory_config": {
                    "buffer_type": "DRAM",
                    "memory_layout": "INTERLEAVED"
                }
            }
        }
    ],
    "kernel_info": {
        "compute_kernels": [],
        "datamovement_kernels": [
            {
                "name": "writer_unary_sharded/8354490188168529288/",
                "source": "ttnn/cpp/ttnn/operations/data_movement/sharded/device/kernels/dataflow/writer_unary_sharded.cpp"
            },
            {
                "name": "reader_unary_sharded_blocks_interleaved_start_id/17434504816175053336/",
                "source": "ttnn/cpp/ttnn/operations/data_movement/sharded/device/kernels/dataflow/reader_unary_sharded_blocks_interleaved_start_id.cpp"
            }
        ],
        "kernel_sizes": {
            "ACTIVE_ETH_DM_0_max_kernel_size": 0,
            "ACTIVE_ETH_DM_1_max_kernel_size": 0,
            "IDLE_ETH_DM_0_max_kernel_size": 0,
            "IDLE_ETH_DM_1_max_kernel_size": 0,
            "TENSIX_COMPUTE_0_max_kernel_size": 0,
            "TENSIX_COMPUTE_1_max_kernel_size": 0,
            "TENSIX_COMPUTE_2_max_kernel_size": 0,
            "TENSIX_DM_0_max_kernel_size": 384,
            "TENSIX_DM_1_max_kernel_size": 876
        }
    },
    "op_code": "InterleavedToShardedDeviceOperation",
    "op_hash": 3512106431502706671,
    "op_type": "tt_dnn_device",
    "optional_input_tensors": [],
    "output_tensors": [
        {
            "dtype": "BFLOAT16",
            "layout": "TILE",
            "shape": {
                "W": "1[1]",
                "X": "2112[2112]",
                "Y": "32[1]",
                "Z": "1[1]"
            },
            "storage_type": {
                "device_id": 0,
                "memory_config": {
                    "buffer_type": "L1",
                    "memory_layout": "WIDTH_SHARDED"
                }
            }
        }
    ],
    "performance_model": {
        "bandwidth_ns": 1,
        "compute_ns": 1,
        "ideal_ns": 1,
        "input_bws": [],
        "output_bws": []
    },
    "program_cache_hit": false
}`;17055148913
`TT_DNN_DEVICE_OP: "MatmulDeviceOperation", 215851181377534448, 3, false, 71683 ->
{
    "attributes": {
        "bcast_batch": "true",
        "compute_kernel_config": "ComputeKernelConfig(math_fidelity=LoFi,math_approx_mode=0,fp32_dest_acc_en=0,packer_l1_acc=1,dst_full_sync_en=0,throttle_level=ThrottleLevel::NO_THROTTLE)",
        "global_cb": "std::nullopt",
        "output_dtype": "DataType::BFLOAT16",
        "output_mem_config": "MemoryConfig(memory_layout=TensorMemoryLayout::WIDTH_SHARDED,buffer_type=BufferType::L1,shard_spec=ShardSpec{grid=[{\"start\":{\"x\":0,\"y\":0},\"end\":{\"x\":1,\"y\":0}], shape=[32, 1408], orientation=ShardOrientation::ROW_MAJOR},nd_shard_spec=std::nullopt,created_with_nd_shard_spec=0)",
        "output_tile": "Tile(tile_shape={32, 32},face_shape={16, 16},num_faces=4)",
        "program_config": "MatmulMultiCoreReuseMultiCastDRAMShardedProgramConfig(in0_block_w=11,per_core_M=1,per_core_N=44,fused_activation=std::nullopt)",
        "sub_device_id": "std::nullopt",
        "transpose_a": "false",
        "transpose_b": "false",
        "untilize_out": "false",
        "user_core_coord": "std::nullopt",
        "user_fused_activation": "std::nullopt",
        "user_run_batched": "false"
    },
    "device_id": 3,
    "global_call_count": 71683,
    "input_tensors": [
        {
            "dtype": "BFLOAT16",
            "layout": "TILE",
            "shape": {
                "W": "1[1]",
                "X": "2112[2112]",
                "Y": "32[1]",
                "Z": "1[1]"
            },
            "storage_type": {
                "device_id": 0,
                "memory_config": {
                    "buffer_type": "L1",
                    "memory_layout": "WIDTH_SHARDED"
                }
            }
        },
        {
            "dtype": "BFLOAT8_B",
            "layout": "TILE",
            "shape": {
                "W": "1[1]",
                "X": "2816[2816]",
                "Y": "2112[2112]",
                "Z": "1[1]"
            },
            "storage_type": {
                "device_id": 0,
                "memory_config": {
                    "buffer_type": "DRAM",
                    "memory_layout": "WIDTH_SHARDED"
                }
            }
        }
    ],
    "kernel_info": {
        "compute_kernels": [
            {
                "math_fidelity": "LoFi",
                "name": "bmm_large_block_zm_fused_bias_activation/12275061355175135226/",
                "source": "ttnn/cpp/ttnn/operations/matmul/device/kernels/compute/bmm_large_block_zm_fused_bias_activation.cpp"
            }
        ],
        "datamovement_kernels": [
            {
                "name": "reader_bmm_tile_layout_in1_sender_dram_sharded/10196864405068346487/",
                "source": "ttnn/cpp/ttnn/operations/matmul/device/kernels/dataflow/reader_bmm_tile_layout_in1_sender_dram_sharded.cpp"
            },
            {
                "name": "reader_bmm_tile_layout_in0_sender_dram_sharded/7421609587671369338/",
                "source": "ttnn/cpp/ttnn/operations/matmul/device/kernels/dataflow/reader_bmm_tile_layout_in0_sender_dram_sharded.cpp"
            }
        ],
        "kernel_sizes": {
            "ACTIVE_ETH_DM_0_max_kernel_size": 0,
            "ACTIVE_ETH_DM_1_max_kernel_size": 0,
            "IDLE_ETH_DM_0_max_kernel_size": 0,
            "IDLE_ETH_DM_1_max_kernel_size": 0,
            "TENSIX_COMPUTE_0_max_kernel_size": 2332,
            "TENSIX_COMPUTE_1_max_kernel_size": 2428,
            "TENSIX_COMPUTE_2_max_kernel_size": 3240,
            "TENSIX_DM_0_max_kernel_size": 1760,
            "TENSIX_DM_1_max_kernel_size": 1760
        }
    },
    "op_code": "MatmulDeviceOperation",
    "op_hash": 215851181377534448,
    "op_type": "tt_dnn_device",
    "optional_input_tensors": [],
    "output_tensors": [
        {
            "dtype": "BFLOAT16",
            "layout": "TILE",
            "shape": {
                "W": "1[1]",
                "X": "2816[2816]",
                "Y": "32[1]",
                "Z": "1[1]"
            },
            "storage_type": {
                "device_id": 0,
                "memory_config": {
                    "buffer_type": "L1",
                    "memory_layout": "WIDTH_SHARDED"
                }
            }
        }
    ],
    "performance_model": {
        "bandwidth_ns": 10818,
        "compute_ns": 20,
        "ideal_ns": 10818,
        "input_bws": [
            12.494730949401855,
            549.7681884765625
        ],
        "output_bws": [
            16.65964126586914
        ]
    },
    "program_cache_hit": false
}`;17060774845
`TT_DNN_DEVICE_OP: "ShardedToInterleavedDeviceOperation", 6654788177544558405, 3, false, 72707 ->
{
    "attributes": {
        "num_slices": "1",
        "output_dtype": "DataType::BFLOAT16",
        "output_mem_config": "MemoryConfig(memory_layout=TensorMemoryLayout::INTERLEAVED,buffer_type=BufferType::DRAM,shard_spec=std::nullopt,nd_shard_spec=std::nullopt,created_with_nd_shard_spec=0)",
        "slice_index": "0"
    },
    "device_id": 3,
    "global_call_count": 72707,
    "input_tensors": [
        {
            "dtype": "BFLOAT16",
            "layout": "TILE",
            "shape": {
                "W": "1[1]",
                "X": "2816[2816]",
                "Y": "32[1]",
                "Z": "1[1]"
            },
            "storage_type": {
                "device_id": 0,
                "memory_config": {
                    "buffer_type": "L1",
                    "memory_layout": "WIDTH_SHARDED"
                }
            }
        }
    ],
    "kernel_info": {
        "compute_kernels": [],
        "datamovement_kernels": [
            {
                "name": "writer_unary_sharded_blocks_interleaved_start_id/5884187274843898850/",
                "source": "ttnn/cpp/ttnn/operations/data_movement/sharded/device/kernels/dataflow/writer_unary_sharded_blocks_interleaved_start_id.cpp"
            },
            {
                "name": "reader_unary_sharded/5324219487655416857/",
                "source": "ttnn/cpp/ttnn/operations/eltwise/unary/device/kernels/dataflow/reader_unary_sharded.cpp"
            }
        ],
        "kernel_sizes": {
            "ACTIVE_ETH_DM_0_max_kernel_size": 0,
            "ACTIVE_ETH_DM_1_max_kernel_size": 0,
            "IDLE_ETH_DM_0_max_kernel_size": 0,
            "IDLE_ETH_DM_1_max_kernel_size": 0,
            "TENSIX_COMPUTE_0_max_kernel_size": 0,
            "TENSIX_COMPUTE_1_max_kernel_size": 0,
            "TENSIX_COMPUTE_2_max_kernel_size": 0,
            "TENSIX_DM_0_max_kernel_size": 880,
            "TENSIX_DM_1_max_kernel_size": 404
        }
    },
    "op_code": "ShardedToInterleavedDeviceOperation",
    "op_hash": 6654788177544558405,
    "op_type": "tt_dnn_device",
    "optional_input_tensors": [],
    "output_tensors": [
        {
            "dtype": "BFLOAT16",
            "layout": "TILE",
            "shape": {
                "W": "1[1]",
                "X": "2816[2816]",
                "Y": "32[1]",
                "Z": "1[1]"
            },
            "storage_type": {
                "device_id": 0,
                "memory_config": {
                    "buffer_type": "DRAM",
                    "memory_layout": "INTERLEAVED"
                }
            }
        }
    ],
    "performance_model": {
        "bandwidth_ns": 1,
        "compute_ns": 1,
        "ideal_ns": 1,
        "input_bws": [],
        "output_bws": []
    },
    "program_cache_hit": false
}`;17060979680
`TT_DNN_DEVICE_OP: "LayerNormDeviceOperation", 5622200613246340018, 3, false, 73731`;17061063952
`TT_DNN_DEVICE_OP: "LayerNormDeviceOperation", 4717931392193969438, 3, false, 74755 ->
{
    "attributes": {
        "compute_kernel_config": "ComputeKernelConfig(math_fidelity=HiFi4,math_approx_mode=0,fp32_dest_acc_en=1,packer_l1_acc=0,dst_full_sync_en=0,throttle_level=ThrottleLevel::NO_THROTTLE)",
        "distributed_norm_stage": "DistributedLayerNormStage::NOT_DISTRIBUTED",
        "dtype": "std::nullopt",
        "eps": "1e-06",
        "fused_activation": "std::nullopt",
        "norm_type": "LayerNormType::RMSNORM",
        "output_mem_config": "MemoryConfig(memory_layout=TensorMemoryLayout::INTERLEAVED,buffer_type=BufferType::DRAM,shard_spec=std::nullopt,nd_shard_spec=std::nullopt,created_with_nd_shard_spec=0)",
        "program_config": "LayerNormDefaultProgramConfig(legacy_reduction=0,legacy_rsqrt=0,use_welford=0)"
    },
    "device_id": 3,
    "global_call_count": 74755,
    "input_tensors": [
        {
            "dtype": "BFLOAT16",
            "layout": "TILE",
            "shape": {
                "W": "1[1]",
                "X": "2816[2816]",
                "Y": "32[1]",
                "Z": "1[1]"
            },
            "storage_type": {
                "device_id": 0,
                "memory_config": {
                    "buffer_type": "DRAM",
                    "memory_layout": "INTERLEAVED"
                }
            }
        }
    ],
    "kernel_info": {
        "compute_kernels": [
            {
                "math_fidelity": "HiFi4",
                "name": "layernorm/14655968233438953476/",
                "source": "ttnn/cpp/ttnn/operations/normalization/layernorm/device/kernels/compute/layernorm.cpp"
            }
        ],
        "datamovement_kernels": [
            {
                "name": "writer_unary_interleaved_start_id_blocked/2339335173040071008/",
                "source": "ttnn/cpp/ttnn/operations/normalization/layernorm/device/kernels/dataflow/writer_unary_interleaved_start_id_blocked.cpp"
            },
            {
                "name": "reader_unary_interleaved_ln/15635802080616128036/",
                "source": "ttnn/cpp/ttnn/operations/normalization/layernorm/device/kernels/dataflow/reader_unary_interleaved_ln.cpp"
            }
        ],
        "kernel_sizes": {
            "ACTIVE_ETH_DM_0_max_kernel_size": 0,
            "ACTIVE_ETH_DM_1_max_kernel_size": 0,
            "IDLE_ETH_DM_0_max_kernel_size": 0,
            "IDLE_ETH_DM_1_max_kernel_size": 0,
            "TENSIX_COMPUTE_0_max_kernel_size": 3088,
            "TENSIX_COMPUTE_1_max_kernel_size": 2544,
            "TENSIX_COMPUTE_2_max_kernel_size": 3052,
            "TENSIX_DM_0_max_kernel_size": 812,
            "TENSIX_DM_1_max_kernel_size": 1232
        }
    },
    "op_code": "LayerNormDeviceOperation",
    "op_hash": 4717931392193969438,
    "op_type": "tt_dnn_device",
    "optional_input_tensors": [],
    "output_tensors": [
        {
            "dtype": "BFLOAT16",
            "layout": "TILE",
            "shape": {
                "W": "1[1]",
                "X": "2816[2816]",
                "Y": "32[1]",
                "Z": "1[1]"
            },
            "storage_type": {
                "device_id": 0,
                "memory_config": {
                    "buffer_type": "DRAM",
                    "memory_layout": "INTERLEAVED"
                }
            }
        }
    ],
    "performance_model": {
        "bandwidth_ns": 1,
        "compute_ns": 1,
        "ideal_ns": 1,
        "input_bws": [],
        "output_bws": []
    },
    "program_cache_hit": false
}`;17065068927
`TT_DNN_DEVICE_OP: "BinaryNgDeviceOperation", 10603765315767193575, 3, false, 75779 ->
{
    "attributes": {
        "atol": "0",
        "binary_op_type": "BinaryOpType::MUL",
        "compute_kernel_config": "std::nullopt",
        "dtype": "DataType::BFLOAT16",
        "equal_nan": "false",
        "input_dtype": "DataType::BFLOAT16",
        "input_layout_a": "Layout::TILE",
        "input_layout_b": "Layout::TILE",
        "is_quant_op": "false",
        "is_sfpu": "true",
        "is_where_op": "false",
        "lhs_activations": "{}",
        "memory_config": "MemoryConfig(memory_layout=TensorMemoryLayout::INTERLEAVED,buffer_type=BufferType::DRAM,shard_spec=std::nullopt,nd_shard_spec=std::nullopt,created_with_nd_shard_spec=0)",
        "output_layout": "Layout::TILE",
        "post_activations": "{}",
        "rhs_activations": "{}",
        "rtol": "0",
        "scalar": "std::nullopt",
        "sub_core_grids": "std::nullopt",
        "sub_device_id": "std::nullopt",
        "subtile_broadcast_type": "SubtileBroadcastType::NONE",
        "worker_grid": "{[0-0 - 10-9]}"
    },
    "device_id": 3,
    "global_call_count": 75779,
    "input_tensors": [
        {
            "dtype": "BFLOAT16",
            "layout": "TILE",
            "shape": {
                "W": "1[1]",
                "X": "2816[2816]",
                "Y": "32[1]",
                "Z": "1[1]"
            },
            "storage_type": {
                "device_id": 0,
                "memory_config": {
                    "buffer_type": "DRAM",
                    "memory_layout": "INTERLEAVED"
                }
            }
        },
        {
            "dtype": "FLOAT32",
            "layout": "TILE",
            "shape": {
                "W": "1[1]",
                "X": "2816[2816]",
                "Y": "32[1]",
                "Z": "1[1]"
            },
            "storage_type": {
                "device_id": 0,
                "memory_config": {
                    "buffer_type": "DRAM",
                    "memory_layout": "INTERLEAVED"
                }
            }
        }
    ],
    "kernel_info": {
        "compute_kernels": [
            {
                "math_fidelity": "HiFi4",
                "name": "eltwise_binary_sfpu_no_bcast/8267510436120956307/",
                "source": "ttnn/cpp/ttnn/operations/eltwise/binary_ng/device/kernels/compute/eltwise_binary_sfpu_no_bcast.cpp"
            }
        ],
        "datamovement_kernels": [
            {
                "name": "writer_interleaved_no_bcast/1718673448010039143/",
                "source": "ttnn/cpp/ttnn/operations/eltwise/binary_ng/device/kernels_ng/dataflow/writer_interleaved_no_bcast.cpp"
            },
            {
                "name": "reader_interleaved_no_bcast/2096151389656283649/",
                "source": "ttnn/cpp/ttnn/operations/eltwise/binary_ng/device/kernels_ng/dataflow/reader_interleaved_no_bcast.cpp"
            }
        ],
        "kernel_sizes": {
            "ACTIVE_ETH_DM_0_max_kernel_size": 0,
            "ACTIVE_ETH_DM_1_max_kernel_size": 0,
            "IDLE_ETH_DM_0_max_kernel_size": 0,
            "IDLE_ETH_DM_1_max_kernel_size": 0,
            "TENSIX_COMPUTE_0_max_kernel_size": 1896,
            "TENSIX_COMPUTE_1_max_kernel_size": 1436,
            "TENSIX_COMPUTE_2_max_kernel_size": 1292,
            "TENSIX_DM_0_max_kernel_size": 1120,
            "TENSIX_DM_1_max_kernel_size": 1604
        }
    },
    "op_code": "BinaryNgDeviceOperation",
    "op_hash": 10603765315767193575,
    "op_type": "tt_dnn_device",
    "optional_input_tensors": [],
    "output_tensors": [
        {
            "dtype": "BFLOAT16",
            "layout": "TILE",
            "shape": {
                "W": "1[1]",
                "X": "2816[2816]",
                "Y": "32[1]",
                "Z": "1[1]"
            },
            "storage_type": {
                "device_id": 0,
                "memory_config": {
                    "buffer_type": "DRAM",
                    "memory_layout": "INTERLEAVED"
                }
            }
        }
    ],
    "performance_model": {
        "bandwidth_ns": 1,
        "compute_ns": 1,
        "ideal_ns": 1,
        "input_bws": [],
        "output_bws": []
    },
    "program_cache_hit": false
}`;17069290660
`TT_DNN_DEVICE_OP: "BinaryNgDeviceOperation", 931668613241627614, 3, false, 76803 ->
{
    "attributes": {
        "atol": "0",
        "binary_op_type": "BinaryOpType::MUL",
        "compute_kernel_config": "std::nullopt",
        "dtype": "DataType::BFLOAT16",
        "equal_nan": "false",
        "input_dtype": "DataType::BFLOAT16",
        "input_layout_a": "Layout::TILE",
        "input_layout_b": "Layout::INVALID",
        "is_quant_op": "false",
        "is_sfpu": "true",
        "is_where_op": "false",
        "lhs_activations": "{}",
        "memory_config": "MemoryConfig(memory_layout=TensorMemoryLayout::INTERLEAVED,buffer_type=BufferType::DRAM,shard_spec=std::nullopt,nd_shard_spec=std::nullopt,created_with_nd_shard_spec=0)",
        "output_layout": "Layout::TILE",
        "post_activations": "{}",
        "rhs_activations": "{}",
        "rtol": "0",
        "scalar": "0.01884446",
        "sub_core_grids": "std::nullopt",
        "sub_device_id": "std::nullopt",
        "subtile_broadcast_type": "SubtileBroadcastType::NONE",
        "worker_grid": "{[0-0 - 10-9]}"
    },
    "device_id": 3,
    "global_call_count": 76803,
    "input_tensors": [
        {
            "dtype": "BFLOAT16",
            "layout": "TILE",
            "shape": {
                "W": "1[1]",
                "X": "2816[2816]",
                "Y": "32[1]",
                "Z": "1[1]"
            },
            "storage_type": {
                "device_id": 0,
                "memory_config": {
                    "buffer_type": "DRAM",
                    "memory_layout": "INTERLEAVED"
                }
            }
        }
    ],
    "kernel_info": {
        "compute_kernels": [
            {
                "math_fidelity": "HiFi4",
                "name": "eltwise_binary_sfpu_scalar/1954604879139419982/",
                "source": "ttnn/cpp/ttnn/operations/eltwise/binary_ng/device/kernels/compute/eltwise_binary_sfpu_scalar.cpp"
            }
        ],
        "datamovement_kernels": [
            {
                "name": "writer_interleaved_scalar/2036780366526611915/",
                "source": "ttnn/cpp/ttnn/operations/eltwise/binary_ng/device/kernels/dataflow/writer_interleaved_scalar.cpp"
            },
            {
                "name": "reader_interleaved_no_bcast/4962343304805407086/",
                "source": "ttnn/cpp/ttnn/operations/eltwise/binary_ng/device/kernels/dataflow/reader_interleaved_no_bcast.cpp"
            }
        ],
        "kernel_sizes": {
            "ACTIVE_ETH_DM_0_max_kernel_size": 0,
            "ACTIVE_ETH_DM_1_max_kernel_size": 0,
            "IDLE_ETH_DM_0_max_kernel_size": 0,
            "IDLE_ETH_DM_1_max_kernel_size": 0,
            "TENSIX_COMPUTE_0_max_kernel_size": 1496,
            "TENSIX_COMPUTE_1_max_kernel_size": 1200,
            "TENSIX_COMPUTE_2_max_kernel_size": 1292,
            "TENSIX_DM_0_max_kernel_size": 1228,
            "TENSIX_DM_1_max_kernel_size": 1248
        }
    },
    "op_code": "BinaryNgDeviceOperation",
    "op_hash": 931668613241627614,
    "op_type": "tt_dnn_device",
    "optional_input_tensors": [],
    "output_tensors": [
        {
            "dtype": "BFLOAT16",
            "layout": "TILE",
            "shape": {
                "W": "1[1]",
                "X": "2816[2816]",
                "Y": "32[1]",
                "Z": "1[1]"
            },
            "storage_type": {
                "device_id": 0,
                "memory_config": {
                    "buffer_type": "DRAM",
                    "memory_layout": "INTERLEAVED"
                }
            }
        }
    ],
    "performance_model": {
        "bandwidth_ns": 1,
        "compute_ns": 1,
        "ideal_ns": 1,
        "input_bws": [],
        "output_bws": []
    },
    "program_cache_hit": false
}`;17073760522
`TT_DNN_DEVICE_OP: "TypecastDeviceOperation", 18388586434115707283, 3, false, 77827`;17073831929
`TT_DNN_DEVICE_OP: "MatmulDeviceOperation", 13293900178851067892, 3, false, 78851 ->
{
    "attributes": {
        "bcast_batch": "true",
        "compute_kernel_config": "ComputeKernelConfig(math_fidelity=HiFi4,math_approx_mode=0,fp32_dest_acc_en=1,packer_l1_acc=0,dst_full_sync_en=0,throttle_level=ThrottleLevel::NO_THROTTLE)",
        "global_cb": "std::nullopt",
        "output_dtype": "DataType::FLOAT32",
        "output_mem_config": "MemoryConfig(memory_layout=TensorMemoryLayout::INTERLEAVED,buffer_type=BufferType::DRAM,shard_spec=std::nullopt,nd_shard_spec=std::nullopt,created_with_nd_shard_spec=0)",
        "output_tile": "Tile(tile_shape={32, 32},face_shape={16, 16},num_faces=4)",
        "program_config": "MatmulMultiCoreReuseMultiCast1DProgramConfig(compute_with_storage_grid_size=11-10,in0_block_w=2,out_subblock_h=1,out_subblock_w=1,out_block_h=1,out_block_w=1,per_core_M=1,per_core_N=1,fuse_batch=0,fused_activation=std::nullopt,mcast_in0=1,gather_in0=0,hop_cores={},num_global_cb_receivers=0,untilize_out=0,allowed_worker_cores={[0-0 - 10-9]})",
        "sub_device_id": "std::nullopt",
        "transpose_a": "false",
        "transpose_b": "false",
        "untilize_out": "false",
        "user_core_coord": "std::nullopt",
        "user_fused_activation": "std::nullopt",
        "user_run_batched": "false"
    },
    "device_id": 3,
    "global_call_count": 78851,
    "input_tensors": [
        {
            "dtype": "FLOAT32",
            "layout": "TILE",
            "shape": {
                "W": "1[1]",
                "X": "2816[2816]",
                "Y": "32[1]",
                "Z": "1[1]"
            },
            "storage_type": {
                "device_id": 0,
                "memory_config": {
                    "buffer_type": "DRAM",
                    "memory_layout": "INTERLEAVED"
                }
            }
        },
        {
            "dtype": "FLOAT32",
            "layout": "TILE",
            "shape": {
                "W": "1[1]",
                "X": "128[128]",
                "Y": "2816[2816]",
                "Z": "1[1]"
            },
            "storage_type": {
                "device_id": 0,
                "memory_config": {
                    "buffer_type": "DRAM",
                    "memory_layout": "INTERLEAVED"
                }
            }
        }
    ],
    "kernel_info": {
        "compute_kernels": [
            {
                "math_fidelity": "HiFi4",
                "name": "bmm_large_block_zm_fused_bias_activation/758300628768181701/",
                "source": "ttnn/cpp/ttnn/operations/matmul/device/kernels/compute/bmm_large_block_zm_fused_bias_activation.cpp"
            }
        ],
        "datamovement_kernels": [
            {
                "name": "reader_bmm_tile_layout_in1_sender_writer_padding/7693355260754404688/",
                "source": "ttnn/cpp/ttnn/operations/matmul/device/kernels/dataflow/reader_bmm_tile_layout_in1_sender_writer_padding.cpp"
            },
            {
                "name": "reader_bmm_tile_layout_in0_receiver/6534241457022231277/",
                "source": "ttnn/cpp/ttnn/operations/matmul/device/kernels/dataflow/reader_bmm_tile_layout_in0_receiver.cpp"
            },
            {
                "name": "reader_bmm_tile_layout_in0_sender_padding/4338988164173954516/",
                "source": "ttnn/cpp/ttnn/operations/matmul/device/kernels/dataflow/reader_bmm_tile_layout_in0_sender_padding.cpp"
            }
        ],
        "kernel_sizes": {
            "ACTIVE_ETH_DM_0_max_kernel_size": 0,
            "ACTIVE_ETH_DM_1_max_kernel_size": 0,
            "IDLE_ETH_DM_0_max_kernel_size": 0,
            "IDLE_ETH_DM_1_max_kernel_size": 0,
            "TENSIX_COMPUTE_0_max_kernel_size": 1864,
            "TENSIX_COMPUTE_1_max_kernel_size": 1752,
            "TENSIX_COMPUTE_2_max_kernel_size": 2188,
            "TENSIX_DM_0_max_kernel_size": 1560,
            "TENSIX_DM_1_max_kernel_size": 1092
        }
    },
    "op_code": "MatmulDeviceOperation",
    "op_hash": 13293900178851067892,
    "op_type": "tt_dnn_device",
    "optional_input_tensors": [],
    "output_tensors": [
        {
            "dtype": "FLOAT32",
            "layout": "TILE",
            "shape": {
                "W": "1[1]",
                "X": "128[128]",
                "Y": "32[1]",
                "Z": "1[1]"
            },
            "storage_type": {
                "device_id": 0,
                "memory_config": {
                    "buffer_type": "DRAM",
                    "memory_layout": "INTERLEAVED"
                }
            }
        }
    ],
    "performance_model": {
        "bandwidth_ns": 2622,
        "compute_ns": 6,
        "ideal_ns": 2622,
        "input_bws": [
            137.4706268310547,
            549.8825073242188
        ],
        "output_bws": [
            6.2486653327941895
        ]
    },
    "program_cache_hit": false
}`;17078439897
`TT_DNN_DEVICE_OP: "TypecastDeviceOperation", 11488784257729361333, 3, false, 79875 ->
{
    "attributes": {
        "bfp8_pack_precise": "false",
        "fp32_dest_acc_en": "true",
        "input_dtype": "DataType::FLOAT32",
        "output_dtype": "DataType::BFLOAT16",
        "output_memory_config": "MemoryConfig(memory_layout=TensorMemoryLayout::INTERLEAVED,buffer_type=BufferType::DRAM,shard_spec=std::nullopt,nd_shard_spec=std::nullopt,created_with_nd_shard_spec=0)",
        "preserve_fp32_precision": "true",
        "sub_core_grids": "std::nullopt"
    },
    "device_id": 3,
    "global_call_count": 79875,
    "input_tensors": [
        {
            "dtype": "FLOAT32",
            "layout": "TILE",
            "shape": {
                "W": "1[1]",
                "X": "128[128]",
                "Y": "32[1]",
                "Z": "1[1]"
            },
            "storage_type": {
                "device_id": 0,
                "memory_config": {
                    "buffer_type": "DRAM",
                    "memory_layout": "INTERLEAVED"
                }
            }
        }
    ],
    "kernel_info": {
        "compute_kernels": [
            {
                "math_fidelity": "HiFi4",
                "name": "eltwise_typecast/16804373636251119893/",
                "source": "ttnn/cpp/ttnn/operations/copy/typecast/device/kernels/compute/eltwise_typecast.cpp"
            }
        ],
        "datamovement_kernels": [
            {
                "name": "writer_unary_interleaved_start_id/11658557953632670341/",
                "source": "ttnn/cpp/ttnn/operations/eltwise/unary/device/kernels/dataflow/writer_unary_interleaved_start_id.cpp"
            },
            {
                "name": "reader_unary_interleaved_start_id/13493678177819871019/",
                "source": "ttnn/cpp/ttnn/operations/eltwise/unary/device/kernels/dataflow/reader_unary_interleaved_start_id.cpp"
            }
        ],
        "kernel_sizes": {
            "ACTIVE_ETH_DM_0_max_kernel_size": 0,
            "ACTIVE_ETH_DM_1_max_kernel_size": 0,
            "IDLE_ETH_DM_0_max_kernel_size": 0,
            "IDLE_ETH_DM_1_max_kernel_size": 0,
            "TENSIX_COMPUTE_0_max_kernel_size": 1316,
            "TENSIX_COMPUTE_1_max_kernel_size": 928,
            "TENSIX_COMPUTE_2_max_kernel_size": 1124,
            "TENSIX_DM_0_max_kernel_size": 1000,
            "TENSIX_DM_1_max_kernel_size": 916
        }
    },
    "op_code": "TypecastDeviceOperation",
    "op_hash": 11488784257729361333,
    "op_type": "tt_dnn_device",
    "optional_input_tensors": [],
    "output_tensors": [
        {
            "dtype": "BFLOAT16",
            "layout": "TILE",
            "shape": {
                "W": "1[1]",
                "X": "128[128]",
                "Y": "32[1]",
                "Z": "1[1]"
            },
            "storage_type": {
                "device_id": 0,
                "memory_config": {
                    "buffer_type": "DRAM",
                    "memory_layout": "INTERLEAVED"
                }
            }
        }
    ],
    "performance_model": {
        "bandwidth_ns": 1,
        "compute_ns": 1,
        "ideal_ns": 1,
        "input_bws": [],
        "output_bws": []
    },
    "program_cache_hit": false
}`;17082378484
`TT_DNN_DEVICE_OP: "FillPadDeviceOperation", 13832910413183836699, 3, false, 80899 ->
{
    "attributes": {
        "fill_value": "-inf",
        "output_mem_config": "MemoryConfig(memory_layout=TensorMemoryLayout::INTERLEAVED,buffer_type=BufferType::DRAM,shard_spec=std::nullopt,nd_shard_spec=std::nullopt,created_with_nd_shard_spec=0)"
    },
    "device_id": 3,
    "global_call_count": 80899,
    "input_tensors": [
        {
            "dtype": "BFLOAT16",
            "layout": "TILE",
            "shape": {
                "W": "1[1]",
                "X": "128[128]",
                "Y": "32[1]",
                "Z": "1[1]"
            },
            "storage_type": {
                "device_id": 0,
                "memory_config": {
                    "buffer_type": "DRAM",
                    "memory_layout": "INTERLEAVED"
                }
            }
        }
    ],
    "kernel_info": {
        "compute_kernels": [
            {
                "math_fidelity": "HiFi4",
                "name": "fill_pad_compute/13029899571357189771/",
                "source": "ttnn/cpp/ttnn/operations/data_movement/fill_pad/device/kernels/compute/fill_pad_compute.cpp"
            }
        ],
        "datamovement_kernels": [
            {
                "name": "fill_pad_writer/11976613069468260788/",
                "source": "ttnn/cpp/ttnn/operations/data_movement/fill_pad/device/kernels/dataflow/fill_pad_writer.cpp"
            },
            {
                "name": "fill_pad_reader/11280157221938756688/",
                "source": "ttnn/cpp/ttnn/operations/data_movement/fill_pad/device/kernels/dataflow/fill_pad_reader.cpp"
            }
        ],
        "kernel_sizes": {
            "ACTIVE_ETH_DM_0_max_kernel_size": 0,
            "ACTIVE_ETH_DM_1_max_kernel_size": 0,
            "IDLE_ETH_DM_0_max_kernel_size": 0,
            "IDLE_ETH_DM_1_max_kernel_size": 0,
            "TENSIX_COMPUTE_0_max_kernel_size": 1528,
            "TENSIX_COMPUTE_1_max_kernel_size": 1428,
            "TENSIX_COMPUTE_2_max_kernel_size": 1328,
            "TENSIX_DM_0_max_kernel_size": 956,
            "TENSIX_DM_1_max_kernel_size": 692
        }
    },
    "op_code": "FillPadDeviceOperation",
    "op_hash": 13832910413183836699,
    "op_type": "tt_dnn_device",
    "optional_input_tensors": [],
    "output_tensors": [
        {
            "dtype": "BFLOAT16",
            "layout": "TILE",
            "shape": {
                "W": "1[1]",
                "X": "128[128]",
                "Y": "32[1]",
                "Z": "1[1]"
            },
            "storage_type": {
                "device_id": 0,
                "memory_config": {
                    "buffer_type": "DRAM",
                    "memory_layout": "INTERLEAVED"
                }
            }
        }
    ],
    "performance_model": {
        "bandwidth_ns": 1,
        "compute_ns": 1,
        "ideal_ns": 1,
        "input_bws": [],
        "output_bws": []
    },
    "program_cache_hit": false
}`;17086277364
`TT_DNN_DEVICE_OP: "TopKDeviceOperation", 4970718084269396396, 3, false, 81923 ->
{
    "attributes": {
        "dim": "-1",
        "k": "32",
        "largest": "true",
        "output_memory_config": "MemoryConfig(memory_layout=TensorMemoryLayout::INTERLEAVED,buffer_type=BufferType::DRAM,shard_spec=std::nullopt,nd_shard_spec=std::nullopt,created_with_nd_shard_spec=0)",
        "sorted": "true",
        "sub_core_grids": "{[0-0 - 10-9]}"
    },
    "device_id": 3,
    "global_call_count": 81923,
    "input_tensors": [
        {
            "dtype": "BFLOAT16",
            "layout": "TILE",
            "shape": {
                "W": "1[1]",
                "X": "128[128]",
                "Y": "32[1]",
                "Z": "1[1]"
            },
            "storage_type": {
                "device_id": 0,
                "memory_config": {
                    "buffer_type": "DRAM",
                    "memory_layout": "INTERLEAVED"
                }
            }
        }
    ],
    "kernel_info": {
        "compute_kernels": [
            {
                "math_fidelity": "HiFi4",
                "name": "topk/8679865028900713769/",
                "source": "ttnn/cpp/ttnn/operations/reduction/topk/device/kernels/compute/topk.cpp"
            }
        ],
        "datamovement_kernels": [
            {
                "name": "writer_binary_interleaved/2668655102038004167/",
                "source": "ttnn/cpp/ttnn/operations/reduction/topk/device/kernels/dataflow/writer_binary_interleaved.cpp"
            },
            {
                "name": "reader_create_index_tensor/4964966769969383863/",
                "source": "ttnn/cpp/ttnn/operations/reduction/topk/device/kernels/dataflow/reader_create_index_tensor.cpp"
            }
        ],
        "kernel_sizes": {
            "ACTIVE_ETH_DM_0_max_kernel_size": 0,
            "ACTIVE_ETH_DM_1_max_kernel_size": 0,
            "IDLE_ETH_DM_0_max_kernel_size": 0,
            "IDLE_ETH_DM_1_max_kernel_size": 0,
            "TENSIX_COMPUTE_0_max_kernel_size": 6532,
            "TENSIX_COMPUTE_1_max_kernel_size": 5432,
            "TENSIX_COMPUTE_2_max_kernel_size": 4580,
            "TENSIX_DM_0_max_kernel_size": 908,
            "TENSIX_DM_1_max_kernel_size": 948
        }
    },
    "op_code": "TopKDeviceOperation",
    "op_hash": 4970718084269396396,
    "op_type": "tt_dnn_device",
    "optional_input_tensors": [],
    "output_tensors": [
        {
            "dtype": "BFLOAT16",
            "layout": "TILE",
            "shape": {
                "W": "1[1]",
                "X": "32[32]",
                "Y": "32[1]",
                "Z": "1[1]"
            },
            "storage_type": {
                "device_id": 0,
                "memory_config": {
                    "buffer_type": "DRAM",
                    "memory_layout": "INTERLEAVED"
                }
            }
        },
        {
            "dtype": "UINT16",
            "layout": "TILE",
            "shape": {
                "W": "1[1]",
                "X": "32[32]",
                "Y": "32[1]",
                "Z": "1[1]"
            },
            "storage_type": {
                "device_id": 0,
                "memory_config": {
                    "buffer_type": "DRAM",
                    "memory_layout": "INTERLEAVED"
                }
            }
        }
    ],
    "performance_model": {
        "bandwidth_ns": 1,
        "compute_ns": 1,
        "ideal_ns": 1,
        "input_bws": [],
        "output_bws": []
    },
    "program_cache_hit": false
}`;17090572318
`TT_DNN_DEVICE_OP: "SliceDeviceOperation", 6229401578558839682, 3, false, 82947 ->
{
    "attributes": {
        "num_devices": "std::nullopt",
        "output_mem_config": "MemoryConfig(memory_layout=TensorMemoryLayout::INTERLEAVED,buffer_type=BufferType::DRAM,shard_spec=std::nullopt,nd_shard_spec=std::nullopt,created_with_nd_shard_spec=0)",
        "slice_dim": "std::nullopt",
        "slice_end": "Shape([1, 1, 32, 32])",
        "slice_start": "Shape([0, 0, 0, 0])",
        "step": "Shape([1, 1, 1, 1])",
        "sub_core_grids": "std::nullopt",
        "use_tensor_args": "false"
    },
    "device_id": 3,
    "global_call_count": 82947,
    "input_tensors": [
        {
            "dtype": "BFLOAT16",
            "layout": "TILE",
            "shape": {
                "W": "1[1]",
                "X": "32[32]",
                "Y": "32[1]",
                "Z": "1[1]"
            },
            "storage_type": {
                "device_id": 0,
                "memory_config": {
                    "buffer_type": "DRAM",
                    "memory_layout": "INTERLEAVED"
                }
            }
        }
    ],
    "kernel_info": {
        "compute_kernels": [],
        "datamovement_kernels": [
            {
                "name": "writer_unary_interleaved_start_id/11396476643056635318/",
                "source": "ttnn/cpp/ttnn/operations/data_movement/slice/device/kernels/dataflow/writer_unary_interleaved_start_id.cpp"
            },
            {
                "name": "reader_unary_unpad_dims_interleaved_start_id/15985850001773238796/",
                "source": "ttnn/cpp/ttnn/operations/data_movement/slice/device/kernels/dataflow/reader_unary_unpad_dims_interleaved_start_id.cpp"
            }
        ],
        "kernel_sizes": {
            "ACTIVE_ETH_DM_0_max_kernel_size": 0,
            "ACTIVE_ETH_DM_1_max_kernel_size": 0,
            "IDLE_ETH_DM_0_max_kernel_size": 0,
            "IDLE_ETH_DM_1_max_kernel_size": 0,
            "TENSIX_COMPUTE_0_max_kernel_size": 0,
            "TENSIX_COMPUTE_1_max_kernel_size": 0,
            "TENSIX_COMPUTE_2_max_kernel_size": 0,
            "TENSIX_DM_0_max_kernel_size": 680,
            "TENSIX_DM_1_max_kernel_size": 716
        }
    },
    "op_code": "SliceDeviceOperation",
    "op_hash": 6229401578558839682,
    "op_type": "tt_dnn_device",
    "optional_input_tensors": [],
    "output_tensors": [
        {
            "dtype": "BFLOAT16",
            "layout": "TILE",
            "shape": {
                "W": "1[1]",
                "X": "32[32]",
                "Y": "32[32]",
                "Z": "1[1]"
            },
            "storage_type": {
                "device_id": 0,
                "memory_config": {
                    "buffer_type": "DRAM",
                    "memory_layout": "INTERLEAVED"
                }
            }
        }
    ],
    "performance_model": {
        "bandwidth_ns": 3,
        "compute_ns": 429,
        "ideal_ns": 429,
        "input_bws": [
            4.773892879486084
        ],
        "output_bws": [
            4.773892879486084
        ]
    },
    "program_cache_hit": false
}`;17090797863
`TT_DNN_DEVICE_OP: "SliceDeviceOperation", 4769391882251065572, 3, false, 83971 ->
{
    "attributes": {
        "num_devices": "std::nullopt",
        "output_mem_config": "MemoryConfig(memory_layout=TensorMemoryLayout::INTERLEAVED,buffer_type=BufferType::DRAM,shard_spec=std::nullopt,nd_shard_spec=std::nullopt,created_with_nd_shard_spec=0)",
        "slice_dim": "std::nullopt",
        "slice_end": "Shape([1, 1, 32, 32])",
        "slice_start": "Shape([0, 0, 0, 0])",
        "step": "Shape([1, 1, 1, 1])",
        "sub_core_grids": "std::nullopt",
        "use_tensor_args": "false"
    },
    "device_id": 3,
    "global_call_count": 83971,
    "input_tensors": [
        {
            "dtype": "UINT16",
            "layout": "TILE",
            "shape": {
                "W": "1[1]",
                "X": "32[32]",
                "Y": "32[1]",
                "Z": "1[1]"
            },
            "storage_type": {
                "device_id": 0,
                "memory_config": {
                    "buffer_type": "DRAM",
                    "memory_layout": "INTERLEAVED"
                }
            }
        }
    ],
    "kernel_info": {
        "compute_kernels": [],
        "datamovement_kernels": [
            {
                "name": "writer_unary_interleaved_start_id/13355930290814581581/",
                "source": "ttnn/cpp/ttnn/operations/data_movement/slice/device/kernels/dataflow/writer_unary_interleaved_start_id.cpp"
            },
            {
                "name": "reader_unary_unpad_dims_interleaved_start_id/1108021301349754100/",
                "source": "ttnn/cpp/ttnn/operations/data_movement/slice/device/kernels/dataflow/reader_unary_unpad_dims_interleaved_start_id.cpp"
            }
        ],
        "kernel_sizes": {
            "ACTIVE_ETH_DM_0_max_kernel_size": 0,
            "ACTIVE_ETH_DM_1_max_kernel_size": 0,
            "IDLE_ETH_DM_0_max_kernel_size": 0,
            "IDLE_ETH_DM_1_max_kernel_size": 0,
            "TENSIX_COMPUTE_0_max_kernel_size": 0,
            "TENSIX_COMPUTE_1_max_kernel_size": 0,
            "TENSIX_COMPUTE_2_max_kernel_size": 0,
            "TENSIX_DM_0_max_kernel_size": 680,
            "TENSIX_DM_1_max_kernel_size": 716
        }
    },
    "op_code": "SliceDeviceOperation",
    "op_hash": 4769391882251065572,
    "op_type": "tt_dnn_device",
    "optional_input_tensors": [],
    "output_tensors": [
        {
            "dtype": "UINT16",
            "layout": "TILE",
            "shape": {
                "W": "1[1]",
                "X": "32[32]",
                "Y": "32[32]",
                "Z": "1[1]"
            },
            "storage_type": {
                "device_id": 0,
                "memory_config": {
                    "buffer_type": "DRAM",
                    "memory_layout": "INTERLEAVED"
                }
            }
        }
    ],
    "performance_model": {
        "bandwidth_ns": 3,
        "compute_ns": 429,
        "ideal_ns": 429,
        "input_bws": [
            4.773892879486084
        ],
        "output_bws": [
            4.773892879486084
        ]
    },
    "program_cache_hit": false
}`;17092549011
`TT_DNN_DEVICE_OP: "SoftmaxDeviceOperation", 2140592982607737905, 3, false, 84995 ->
{
    "attributes": {
        "compute_kernel_config": "ComputeKernelConfig(math_fidelity=HiFi4,math_approx_mode=1,fp32_dest_acc_en=0,packer_l1_acc=0,dst_full_sync_en=0,throttle_level=ThrottleLevel::NO_THROTTLE)",
        "dim": "3",
        "inplace": "false",
        "is_causal_mask": "false",
        "is_scale_causal_mask_hw_dims_softmax": "false",
        "numeric_stable": "true",
        "output_mem_config": "MemoryConfig(memory_layout=TensorMemoryLayout::INTERLEAVED,buffer_type=BufferType::DRAM,shard_spec=std::nullopt,nd_shard_spec=std::nullopt,created_with_nd_shard_spec=0)",
        "program_config": "SoftmaxDefaultProgramConfig()",
        "scale": "std::nullopt",
        "softmax_type": "SoftmaxOperationType::Softmax"
    },
    "device_id": 3,
    "global_call_count": 84995,
    "input_tensors": [
        {
            "dtype": "BFLOAT16",
            "layout": "TILE",
            "shape": {
                "W": "1[1]",
                "X": "32[8]",
                "Y": "32[1]",
                "Z": "1[1]"
            },
            "storage_type": {
                "device_id": 0,
                "memory_config": {
                    "buffer_type": "DRAM",
                    "memory_layout": "INTERLEAVED"
                }
            }
        }
    ],
    "kernel_info": {
        "compute_kernels": [
            {
                "math_fidelity": "HiFi4",
                "name": "softmax/16053144507252011897/",
                "source": "ttnn/cpp/ttnn/operations/normalization/softmax/device/kernels/attention/compute/softmax.cpp"
            }
        ],
        "datamovement_kernels": [
            {
                "name": "writer_unary_interleaved_start_id_blocked_sm/13333309529631286407/",
                "source": "ttnn/cpp/ttnn/operations/normalization/softmax/device/kernels/attention/dataflow/writer_unary_interleaved_start_id_blocked_sm.cpp"
            },
            {
                "name": "reader_unary_interleaved_sm/11874802364006222702/",
                "source": "ttnn/cpp/ttnn/operations/normalization/softmax/device/kernels/attention/dataflow/reader_unary_interleaved_sm.cpp"
            }
        ],
        "kernel_sizes": {
            "ACTIVE_ETH_DM_0_max_kernel_size": 0,
            "ACTIVE_ETH_DM_1_max_kernel_size": 0,
            "IDLE_ETH_DM_0_max_kernel_size": 0,
            "IDLE_ETH_DM_1_max_kernel_size": 0,
            "TENSIX_COMPUTE_0_max_kernel_size": 5060,
            "TENSIX_COMPUTE_1_max_kernel_size": 4092,
            "TENSIX_COMPUTE_2_max_kernel_size": 3696,
            "TENSIX_DM_0_max_kernel_size": 1120,
            "TENSIX_DM_1_max_kernel_size": 1324
        }
    },
    "op_code": "SoftmaxDeviceOperation",
    "op_hash": 2140592982607737905,
    "op_type": "tt_dnn_device",
    "optional_input_tensors": [],
    "output_tensors": [
        {
            "dtype": "BFLOAT16",
            "layout": "TILE",
            "shape": {
                "W": "1[1]",
                "X": "32[8]",
                "Y": "32[1]",
                "Z": "1[1]"
            },
            "storage_type": {
                "device_id": 0,
                "memory_config": {
                    "buffer_type": "DRAM",
                    "memory_layout": "INTERLEAVED"
                }
            }
        }
    ],
    "performance_model": {
        "bandwidth_ns": 3,
        "compute_ns": 466,
        "ideal_ns": 466,
        "input_bws": [
            4.39484977722168
        ],
        "output_bws": [
            4.39484977722168
        ]
    },
    "program_cache_hit": false
}`;17096976601
`TT_DNN_DEVICE_OP: "UnaryDeviceOperation", 17376454958624202605, 3, false, 86019 ->
{
    "attributes": {
        "bfp8_pack_precise": "false",
        "fp32_dest_acc_en": "false",
        "memory_config": "MemoryConfig(memory_layout=TensorMemoryLayout::INTERLEAVED,buffer_type=BufferType::DRAM,shard_spec=std::nullopt,nd_shard_spec=std::nullopt,created_with_nd_shard_spec=0)",
        "op_chain": "{BasicUnaryWithParam<float, int, unsigned int>(base=BasicUnaryWithParam<float>(op_type=UnaryOpType::FILL,param={0}))}",
        "output_dtype": "DataType::BFLOAT16",
        "preserve_fp32_precision": "false",
        "sub_core_grids": "std::nullopt",
        "worker_grid": "{[0-0 - 10-9]}"
    },
    "device_id": 3,
    "global_call_count": 86019,
    "input_tensors": [
        {
            "dtype": "BFLOAT16",
            "layout": "TILE",
            "shape": {
                "W": "1[1]",
                "X": "128[128]",
                "Y": "32[1]",
                "Z": "1[1]"
            },
            "storage_type": {
                "device_id": 0,
                "memory_config": {
                    "buffer_type": "DRAM",
                    "memory_layout": "INTERLEAVED"
                }
            }
        }
    ],
    "kernel_info": {
        "compute_kernels": [
            {
                "math_fidelity": "HiFi4",
                "name": "eltwise_sfpu/14928341353554394541/",
                "source": "ttnn/cpp/ttnn/operations/eltwise/unary/device/kernels/compute/eltwise_sfpu.cpp"
            }
        ],
        "datamovement_kernels": [
            {
                "name": "writer_unary/17308908021593325674/",
                "source": "ttnn/cpp/ttnn/operations/eltwise/unary/device/kernels/dataflow/writer_unary.cpp"
            },
            {
                "name": "reader_unary/7914283486036039746/",
                "source": "ttnn/cpp/ttnn/operations/eltwise/unary/device/kernels/dataflow/reader_unary.cpp"
            }
        ],
        "kernel_sizes": {
            "ACTIVE_ETH_DM_0_max_kernel_size": 0,
            "ACTIVE_ETH_DM_1_max_kernel_size": 0,
            "IDLE_ETH_DM_0_max_kernel_size": 0,
            "IDLE_ETH_DM_1_max_kernel_size": 0,
            "TENSIX_COMPUTE_0_max_kernel_size": 1060,
            "TENSIX_COMPUTE_1_max_kernel_size": 856,
            "TENSIX_COMPUTE_2_max_kernel_size": 1260,
            "TENSIX_DM_0_max_kernel_size": 1000,
            "TENSIX_DM_1_max_kernel_size": 924
        }
    },
    "op_code": "UnaryDeviceOperation",
    "op_hash": 17376454958624202605,
    "op_type": "tt_dnn_device",
    "optional_input_tensors": [],
    "output_tensors": [
        {
            "dtype": "BFLOAT16",
            "layout": "TILE",
            "shape": {
                "W": "1[1]",
                "X": "128[128]",
                "Y": "32[1]",
                "Z": "1[1]"
            },
            "storage_type": {
                "device_id": 0,
                "memory_config": {
                    "buffer_type": "DRAM",
                    "memory_layout": "INTERLEAVED"
                }
            }
        }
    ],
    "performance_model": {
        "bandwidth_ns": 1,
        "compute_ns": 1,
        "ideal_ns": 1,
        "input_bws": [],
        "output_bws": []
    },
    "program_cache_hit": false
}`;17100175191
`TT_DNN_DEVICE_OP: "UntilizeWithUnpaddingDeviceOperation", 2302606096785234506, 3, false, 87043 ->
{
    "attributes": {
        "enough_space_height": "true",
        "fp32_dest_acc_en": "false",
        "output_mem_config": "MemoryConfig(memory_layout=TensorMemoryLayout::INTERLEAVED,buffer_type=BufferType::DRAM,shard_spec=std::nullopt,nd_shard_spec=std::nullopt,created_with_nd_shard_spec=0)",
        "output_tensor_end": "Shape([0, 0, 0, 127])",
        "sub_core_grids": "std::nullopt",
        "use_multicore": "true"
    },
    "device_id": 3,
    "global_call_count": 87043,
    "input_tensors": [
        {
            "dtype": "BFLOAT16",
            "layout": "TILE",
            "shape": {
                "W": "1[1]",
                "X": "128[128]",
                "Y": "32[1]",
                "Z": "1[1]"
            },
            "storage_type": {
                "device_id": 0,
                "memory_config": {
                    "buffer_type": "DRAM",
                    "memory_layout": "INTERLEAVED"
                }
            }
        }
    ],
    "kernel_info": {
        "compute_kernels": [
            {
                "math_fidelity": "HiFi4",
                "name": "untilize/9522839940934009808/",
                "source": "ttnn/cpp/ttnn/operations/data_movement/untilize/device/kernels/compute/untilize.cpp"
            }
        ],
        "datamovement_kernels": [
            {
                "name": "writer_unary_stick_layout_split_rows_multicore/3489260697385388776/",
                "source": "ttnn/cpp/ttnn/operations/data_movement/untilize_with_unpadding/device/kernels/dataflow/writer_unary_stick_layout_split_rows_multicore.cpp"
            },
            {
                "name": "reader_unary_interleaved_start_id/14429317243173019626/",
                "source": "ttnn/cpp/ttnn/operations/eltwise/unary/device/kernels/dataflow/reader_unary_interleaved_start_id.cpp"
            }
        ],
        "kernel_sizes": {
            "ACTIVE_ETH_DM_0_max_kernel_size": 0,
            "ACTIVE_ETH_DM_1_max_kernel_size": 0,
            "IDLE_ETH_DM_0_max_kernel_size": 0,
            "IDLE_ETH_DM_1_max_kernel_size": 0,
            "TENSIX_COMPUTE_0_max_kernel_size": 1124,
            "TENSIX_COMPUTE_1_max_kernel_size": 940,
            "TENSIX_COMPUTE_2_max_kernel_size": 2572,
            "TENSIX_DM_0_max_kernel_size": 1564,
            "TENSIX_DM_1_max_kernel_size": 924
        }
    },
    "op_code": "UntilizeWithUnpaddingDeviceOperation",
    "op_hash": 2302606096785234506,
    "op_type": "tt_dnn_device",
    "optional_input_tensors": [],
    "output_tensors": [
        {
            "dtype": "BFLOAT16",
            "layout": "ROW_MAJOR",
            "shape": {
                "W": "1[1]",
                "X": "128[128]",
                "Y": "1[1]",
                "Z": "1[1]"
            },
            "storage_type": {
                "device_id": 0,
                "memory_config": {
                    "buffer_type": "DRAM",
                    "memory_layout": "INTERLEAVED"
                }
            }
        }
    ],
    "performance_model": {
        "bandwidth_ns": 14,
        "compute_ns": 466,
        "ideal_ns": 466,
        "input_bws": [
            17.57939910888672
        ],
        "output_bws": [
            0.54935622215271
        ]
    },
    "program_cache_hit": false
}`;17104091524
`TT_DNN_DEVICE_OP: "UntilizeWithUnpaddingDeviceOperation", 15476854820214562322, 3, false, 88067 ->
{
    "attributes": {
        "enough_space_height": "true",
        "fp32_dest_acc_en": "false",
        "output_mem_config": "MemoryConfig(memory_layout=TensorMemoryLayout::INTERLEAVED,buffer_type=BufferType::DRAM,shard_spec=std::nullopt,nd_shard_spec=std::nullopt,created_with_nd_shard_spec=0)",
        "output_tensor_end": "Shape([0, 0, 0, 7])",
        "sub_core_grids": "std::nullopt",
        "use_multicore": "true"
    },
    "device_id": 3,
    "global_call_count": 88067,
    "input_tensors": [
        {
            "dtype": "UINT16",
            "layout": "TILE",
            "shape": {
                "W": "1[1]",
                "X": "32[8]",
                "Y": "32[1]",
                "Z": "1[1]"
            },
            "storage_type": {
                "device_id": 0,
                "memory_config": {
                    "buffer_type": "DRAM",
                    "memory_layout": "INTERLEAVED"
                }
            }
        }
    ],
    "kernel_info": {
        "compute_kernels": [
            {
                "math_fidelity": "HiFi4",
                "name": "untilize/14659225964938679449/",
                "source": "ttnn/cpp/ttnn/operations/data_movement/untilize/device/kernels/compute/untilize.cpp"
            }
        ],
        "datamovement_kernels": [
            {
                "name": "writer_unary_stick_layout_split_rows_multicore/4720355238896889287/",
                "source": "ttnn/cpp/ttnn/operations/data_movement/untilize_with_unpadding/device/kernels/dataflow/writer_unary_stick_layout_split_rows_multicore.cpp"
            },
            {
                "name": "reader_unary_interleaved_start_id/9735162635154385579/",
                "source": "ttnn/cpp/ttnn/operations/eltwise/unary/device/kernels/dataflow/reader_unary_interleaved_start_id.cpp"
            }
        ],
        "kernel_sizes": {
            "ACTIVE_ETH_DM_0_max_kernel_size": 0,
            "ACTIVE_ETH_DM_1_max_kernel_size": 0,
            "IDLE_ETH_DM_0_max_kernel_size": 0,
            "IDLE_ETH_DM_1_max_kernel_size": 0,
            "TENSIX_COMPUTE_0_max_kernel_size": 1040,
            "TENSIX_COMPUTE_1_max_kernel_size": 788,
            "TENSIX_COMPUTE_2_max_kernel_size": 2356,
            "TENSIX_DM_0_max_kernel_size": 1564,
            "TENSIX_DM_1_max_kernel_size": 924
        }
    },
    "op_code": "UntilizeWithUnpaddingDeviceOperation",
    "op_hash": 15476854820214562322,
    "op_type": "tt_dnn_device",
    "optional_input_tensors": [],
    "output_tensors": [
        {
            "dtype": "UINT16",
            "layout": "ROW_MAJOR",
            "shape": {
                "W": "1[1]",
                "X": "8[8]",
                "Y": "1[1]",
                "Z": "1[1]"
            },
            "storage_type": {
                "device_id": 0,
                "memory_config": {
                    "buffer_type": "DRAM",
                    "memory_layout": "INTERLEAVED"
                }
            }
        }
    ],
    "performance_model": {
        "bandwidth_ns": 3,
        "compute_ns": 466,
        "ideal_ns": 466,
        "input_bws": [
            4.39484977722168
        ],
        "output_bws": [
            0.03433476388454437
        ]
    },
    "program_cache_hit": false
}`;17107765922
`TT_DNN_DEVICE_OP: "UntilizeWithUnpaddingDeviceOperation", 2994067751723053779, 3, false, 89091 ->
{
    "attributes": {
        "enough_space_height": "true",
        "fp32_dest_acc_en": "false",
        "output_mem_config": "MemoryConfig(memory_layout=TensorMemoryLayout::INTERLEAVED,buffer_type=BufferType::DRAM,shard_spec=std::nullopt,nd_shard_spec=std::nullopt,created_with_nd_shard_spec=0)",
        "output_tensor_end": "Shape([0, 0, 0, 7])",
        "sub_core_grids": "std::nullopt",
        "use_multicore": "true"
    },
    "device_id": 3,
    "global_call_count": 89091,
    "input_tensors": [
        {
            "dtype": "BFLOAT16",
            "layout": "TILE",
            "shape": {
                "W": "1[1]",
                "X": "32[8]",
                "Y": "32[1]",
                "Z": "1[1]"
            },
            "storage_type": {
                "device_id": 0,
                "memory_config": {
                    "buffer_type": "DRAM",
                    "memory_layout": "INTERLEAVED"
                }
            }
        }
    ],
    "kernel_info": {
        "compute_kernels": [
            {
                "math_fidelity": "HiFi4",
                "name": "untilize/4715010967245292982/",
                "source": "ttnn/cpp/ttnn/operations/data_movement/untilize/device/kernels/compute/untilize.cpp"
            }
        ],
        "datamovement_kernels": [
            {
                "name": "writer_unary_stick_layout_split_rows_multicore/3692805883673047670/",
                "source": "ttnn/cpp/ttnn/operations/data_movement/untilize_with_unpadding/device/kernels/dataflow/writer_unary_stick_layout_split_rows_multicore.cpp"
            },
            {
                "name": "reader_unary_interleaved_start_id/14429317243173019626/",
                "source": "ttnn/cpp/ttnn/operations/eltwise/unary/device/kernels/dataflow/reader_unary_interleaved_start_id.cpp"
            }
        ],
        "kernel_sizes": {
            "ACTIVE_ETH_DM_0_max_kernel_size": 0,
            "ACTIVE_ETH_DM_1_max_kernel_size": 0,
            "IDLE_ETH_DM_0_max_kernel_size": 0,
            "IDLE_ETH_DM_1_max_kernel_size": 0,
            "TENSIX_COMPUTE_0_max_kernel_size": 1040,
            "TENSIX_COMPUTE_1_max_kernel_size": 788,
            "TENSIX_COMPUTE_2_max_kernel_size": 2352,
            "TENSIX_DM_0_max_kernel_size": 1564,
            "TENSIX_DM_1_max_kernel_size": 924
        }
    },
    "op_code": "UntilizeWithUnpaddingDeviceOperation",
    "op_hash": 2994067751723053779,
    "op_type": "tt_dnn_device",
    "optional_input_tensors": [],
    "output_tensors": [
        {
            "dtype": "BFLOAT16",
            "layout": "ROW_MAJOR",
            "shape": {
                "W": "1[1]",
                "X": "8[8]",
                "Y": "1[1]",
                "Z": "1[1]"
            },
            "storage_type": {
                "device_id": 0,
                "memory_config": {
                    "buffer_type": "DRAM",
                    "memory_layout": "INTERLEAVED"
                }
            }
        }
    ],
    "performance_model": {
        "bandwidth_ns": 3,
        "compute_ns": 466,
        "ideal_ns": 466,
        "input_bws": [
            4.39484977722168
        ],
        "output_bws": [
            0.03433476388454437
        ]
    },
    "program_cache_hit": false
}`;17111173274
`TT_DNN_DEVICE_OP: "ScatterDeviceOperation", 18131599409051876728, 3, false, 90115 ->
{
    "attributes": {
        "dim": "3",
        "opt_reduction": "ScatterReductionType::INVALID",
        "output_memory_config": "MemoryConfig(memory_layout=TensorMemoryLayout::INTERLEAVED,buffer_type=BufferType::DRAM,shard_spec=std::nullopt,nd_shard_spec=std::nullopt,created_with_nd_shard_spec=0)",
        "sub_core_grid": "std::nullopt"
    },
    "device_id": 3,
    "global_call_count": 90115,
    "input_tensors": [
        {
            "dtype": "BFLOAT16",
            "layout": "ROW_MAJOR",
            "shape": {
                "W": "1[1]",
                "X": "128[128]",
                "Y": "1[1]",
                "Z": "1[1]"
            },
            "storage_type": {
                "device_id": 0,
                "memory_config": {
                    "buffer_type": "DRAM",
                    "memory_layout": "INTERLEAVED"
                }
            }
        },
        {
            "dtype": "UINT16",
            "layout": "ROW_MAJOR",
            "shape": {
                "W": "1[1]",
                "X": "8[8]",
                "Y": "1[1]",
                "Z": "1[1]"
            },
            "storage_type": {
                "device_id": 0,
                "memory_config": {
                    "buffer_type": "DRAM",
                    "memory_layout": "INTERLEAVED"
                }
            }
        },
        {
            "dtype": "BFLOAT16",
            "layout": "ROW_MAJOR",
            "shape": {
                "W": "1[1]",
                "X": "8[8]",
                "Y": "1[1]",
                "Z": "1[1]"
            },
            "storage_type": {
                "device_id": 0,
                "memory_config": {
                    "buffer_type": "DRAM",
                    "memory_layout": "INTERLEAVED"
                }
            }
        }
    ],
    "kernel_info": {
        "compute_kernels": [],
        "datamovement_kernels": [
            {
                "name": "writer_scatter/5695337174109438328/",
                "source": "ttnn/cpp/ttnn/operations/data_movement/scatter/device/kernels/dataflow/writer_scatter.cpp"
            },
            {
                "name": "reader_scatter/15904684133523483375/",
                "source": "ttnn/cpp/ttnn/operations/data_movement/scatter/device/kernels/dataflow/reader_scatter.cpp"
            }
        ],
        "kernel_sizes": {
            "ACTIVE_ETH_DM_0_max_kernel_size": 0,
            "ACTIVE_ETH_DM_1_max_kernel_size": 0,
            "IDLE_ETH_DM_0_max_kernel_size": 0,
            "IDLE_ETH_DM_1_max_kernel_size": 0,
            "TENSIX_COMPUTE_0_max_kernel_size": 0,
            "TENSIX_COMPUTE_1_max_kernel_size": 0,
            "TENSIX_COMPUTE_2_max_kernel_size": 0,
            "TENSIX_DM_0_max_kernel_size": 792,
            "TENSIX_DM_1_max_kernel_size": 2272
        }
    },
    "op_code": "ScatterDeviceOperation",
    "op_hash": 18131599409051876728,
    "op_type": "tt_dnn_device",
    "optional_input_tensors": [],
    "output_tensors": [
        {
            "dtype": "BFLOAT16",
            "layout": "ROW_MAJOR",
            "shape": {
                "W": "1[1]",
                "X": "128[128]",
                "Y": "1[1]",
                "Z": "1[1]"
            },
            "storage_type": {
                "device_id": 0,
                "memory_config": {
                    "buffer_type": "DRAM",
                    "memory_layout": "INTERLEAVED"
                }
            }
        }
    ],
    "performance_model": {
        "bandwidth_ns": 1,
        "compute_ns": 466,
        "ideal_ns": 466,
        "input_bws": [
            0.54935622215271
        ],
        "output_bws": [
            0.54935622215271
        ]
    },
    "program_cache_hit": false
}`;17112943137
`TT_DNN_DEVICE_OP: "TilizeWithValPaddingDeviceOperation", 3659389130450307870, 3, false, 91139 ->
{
    "attributes": {
        "enough_space_height": "true",
        "enough_space_width": "true",
        "output_dtype": "DataType::BFLOAT16",
        "output_mem_config": "MemoryConfig(memory_layout=TensorMemoryLayout::INTERLEAVED,buffer_type=BufferType::DRAM,shard_spec=std::nullopt,nd_shard_spec=std::nullopt,created_with_nd_shard_spec=0)",
        "output_padded_shape": "Shape([1, 1, 32, 128])",
        "pad_value": "0",
        "sub_core_grids": "std::nullopt",
        "use_multicore": "true"
    },
    "device_id": 3,
    "global_call_count": 91139,
    "input_tensors": [
        {
            "dtype": "BFLOAT16",
            "layout": "ROW_MAJOR",
            "shape": {
                "W": "1[1]",
                "X": "128[128]",
                "Y": "1[1]",
                "Z": "1[1]"
            },
            "storage_type": {
                "device_id": 0,
                "memory_config": {
                    "buffer_type": "DRAM",
                    "memory_layout": "INTERLEAVED"
                }
            }
        }
    ],
    "kernel_info": {
        "compute_kernels": [
            {
                "math_fidelity": "HiFi4",
                "name": "tilize/9207119747511123796/",
                "source": "ttnn/cpp/ttnn/kernel/compute/tilize.cpp"
            }
        ],
        "datamovement_kernels": [
            {
                "name": "writer_unary_interleaved_start_id/12823350331057913928/",
                "source": "ttnn/cpp/ttnn/operations/eltwise/unary/device/kernels/dataflow/writer_unary_interleaved_start_id.cpp"
            },
            {
                "name": "reader_unary_pad_dims_split_rows_multicore/15913063110563993903/",
                "source": "ttnn/cpp/ttnn/operations/data_movement/tilize_with_val_padding/device/kernels/dataflow/reader_unary_pad_dims_split_rows_multicore.cpp"
            }
        ],
        "kernel_sizes": {
            "ACTIVE_ETH_DM_0_max_kernel_size": 0,
            "ACTIVE_ETH_DM_1_max_kernel_size": 0,
            "IDLE_ETH_DM_0_max_kernel_size": 0,
            "IDLE_ETH_DM_1_max_kernel_size": 0,
            "TENSIX_COMPUTE_0_max_kernel_size": 1168,
            "TENSIX_COMPUTE_1_max_kernel_size": 768,
            "TENSIX_COMPUTE_2_max_kernel_size": 2012,
            "TENSIX_DM_0_max_kernel_size": 1000,
            "TENSIX_DM_1_max_kernel_size": 1852
        }
    },
    "op_code": "TilizeWithValPaddingDeviceOperation",
    "op_hash": 3659389130450307870,
    "op_type": "tt_dnn_device",
    "optional_input_tensors": [],
    "output_tensors": [
        {
            "dtype": "BFLOAT16",
            "layout": "TILE",
            "shape": {
                "W": "1[1]",
                "X": "128[128]",
                "Y": "32[1]",
                "Z": "1[1]"
            },
            "storage_type": {
                "device_id": 0,
                "memory_config": {
                    "buffer_type": "DRAM",
                    "memory_layout": "INTERLEAVED"
                }
            }
        }
    ],
    "performance_model": {
        "bandwidth_ns": 1,
        "compute_ns": 1,
        "ideal_ns": 1,
        "input_bws": [],
        "output_bws": []
    },
    "program_cache_hit": false
}`;17113142141
`TT_DNN_DEVICE_OP: "BinaryNgDeviceOperation", 10603765315767193575, 3, false, 92163`;17113257374
`TT_DNN_DEVICE_OP: "TypecastDeviceOperation", 4946818355118031071, 3, false, 93187 ->
{
    "attributes": {
        "bfp8_pack_precise": "false",
        "fp32_dest_acc_en": "false",
        "input_dtype": "DataType::BFLOAT16",
        "output_dtype": "DataType::BFLOAT16",
        "output_memory_config": "MemoryConfig(memory_layout=TensorMemoryLayout::INTERLEAVED,buffer_type=BufferType::DRAM,shard_spec=std::nullopt,nd_shard_spec=std::nullopt,created_with_nd_shard_spec=0)",
        "preserve_fp32_precision": "false",
        "sub_core_grids": "std::nullopt"
    },
    "device_id": 3,
    "global_call_count": 93187,
    "input_tensors": [
        {
            "dtype": "BFLOAT16",
            "layout": "TILE",
            "shape": {
                "W": "1[1]",
                "X": "128[128]",
                "Y": "32[1]",
                "Z": "1[1]"
            },
            "storage_type": {
                "device_id": 0,
                "memory_config": {
                    "buffer_type": "DRAM",
                    "memory_layout": "INTERLEAVED"
                }
            }
        }
    ],
    "kernel_info": {
        "compute_kernels": [
            {
                "math_fidelity": "HiFi4",
                "name": "eltwise_typecast/13039116014696095554/",
                "source": "ttnn/cpp/ttnn/operations/copy/typecast/device/kernels/compute/eltwise_typecast.cpp"
            }
        ],
        "datamovement_kernels": [
            {
                "name": "writer_unary_interleaved_start_id/779128469316696198/",
                "source": "ttnn/cpp/ttnn/operations/eltwise/unary/device/kernels/dataflow/writer_unary_interleaved_start_id.cpp"
            },
            {
                "name": "reader_unary_interleaved_start_id/3833700122024315693/",
                "source": "ttnn/cpp/ttnn/operations/eltwise/unary/device/kernels/dataflow/reader_unary_interleaved_start_id.cpp"
            }
        ],
        "kernel_sizes": {
            "ACTIVE_ETH_DM_0_max_kernel_size": 0,
            "ACTIVE_ETH_DM_1_max_kernel_size": 0,
            "IDLE_ETH_DM_0_max_kernel_size": 0,
            "IDLE_ETH_DM_1_max_kernel_size": 0,
            "TENSIX_COMPUTE_0_max_kernel_size": 1040,
            "TENSIX_COMPUTE_1_max_kernel_size": 740,
            "TENSIX_COMPUTE_2_max_kernel_size": 1120,
            "TENSIX_DM_0_max_kernel_size": 1000,
            "TENSIX_DM_1_max_kernel_size": 924
        }
    },
    "op_code": "TypecastDeviceOperation",
    "op_hash": 4946818355118031071,
    "op_type": "tt_dnn_device",
    "optional_input_tensors": [],
    "output_tensors": [
        {
            "dtype": "BFLOAT16",
            "layout": "TILE",
            "shape": {
                "W": "1[1]",
                "X": "128[128]",
                "Y": "32[1]",
                "Z": "1[1]"
            },
            "storage_type": {
                "device_id": 0,
                "memory_config": {
                    "buffer_type": "DRAM",
                    "memory_layout": "INTERLEAVED"
                }
            }
        }
    ],
    "performance_model": {
        "bandwidth_ns": 1,
        "compute_ns": 1,
        "ideal_ns": 1,
        "input_bws": [],
        "output_bws": []
    },
    "program_cache_hit": false
}`;17115949236
`TT_DNN_DEVICE_OP: "LayerNormDeviceOperation", 5622200613246340018, 3, false, 94211`;17116048948
`TT_DNN_DEVICE_OP: "CopyDeviceOperation", 5960117295356176589, 3, false, 95235 ->
{
    "attributes": {
        "backwards": "false",
        "output_dtype": "DataType::BFLOAT16",
        "output_mem_config": "MemoryConfig(memory_layout=TensorMemoryLayout::INTERLEAVED,buffer_type=BufferType::L1,shard_spec=std::nullopt,nd_shard_spec=std::nullopt,created_with_nd_shard_spec=0)"
    },
    "device_id": 3,
    "global_call_count": 95235,
    "input_tensors": [
        {
            "dtype": "BFLOAT16",
            "layout": "TILE",
            "shape": {
                "W": "1[1]",
                "X": "2816[2816]",
                "Y": "32[1]",
                "Z": "1[1]"
            },
            "storage_type": {
                "device_id": 0,
                "memory_config": {
                    "buffer_type": "DRAM",
                    "memory_layout": "INTERLEAVED"
                }
            }
        }
    ],
    "kernel_info": {
        "compute_kernels": [],
        "datamovement_kernels": [
            {
                "name": "writer_unary_interleaved_start_id/9326443905080261285/",
                "source": "ttnn/cpp/ttnn/operations/eltwise/unary/device/kernels/dataflow/writer_unary_interleaved_start_id.cpp"
            },
            {
                "name": "reader_unary_interleaved_start_id/10962133386311303872/",
                "source": "ttnn/cpp/ttnn/operations/eltwise/unary/device/kernels/dataflow/reader_unary_interleaved_start_id.cpp"
            }
        ],
        "kernel_sizes": {
            "ACTIVE_ETH_DM_0_max_kernel_size": 0,
            "ACTIVE_ETH_DM_1_max_kernel_size": 0,
            "IDLE_ETH_DM_0_max_kernel_size": 0,
            "IDLE_ETH_DM_1_max_kernel_size": 0,
            "TENSIX_COMPUTE_0_max_kernel_size": 0,
            "TENSIX_COMPUTE_1_max_kernel_size": 0,
            "TENSIX_COMPUTE_2_max_kernel_size": 0,
            "TENSIX_DM_0_max_kernel_size": 1104,
            "TENSIX_DM_1_max_kernel_size": 924
        }
    },
    "op_code": "CopyDeviceOperation",
    "op_hash": 5960117295356176589,
    "op_type": "tt_dnn_device",
    "optional_input_tensors": [],
    "output_tensors": [
        {
            "dtype": "BFLOAT16",
            "layout": "TILE",
            "shape": {
                "W": "1[1]",
                "X": "2816[2816]",
                "Y": "32[1]",
                "Z": "1[1]"
            },
            "storage_type": {
                "device_id": 0,
                "memory_config": {
                    "buffer_type": "L1",
                    "memory_layout": "INTERLEAVED"
                }
            }
        }
    ],
    "performance_model": {
        "bandwidth_ns": 1,
        "compute_ns": 1,
        "ideal_ns": 1,
        "input_bws": [],
        "output_bws": []
    },
    "program_cache_hit": false
}`;17118065628
`TT_DNN_DEVICE_OP: "UntilizeWithUnpaddingDeviceOperation", 2302606096785234506, 3, false, 96259`;17118110254
`TT_DNN_DEVICE_OP: "UnaryDeviceOperation", 10547631950658891292, 3, false, 97283 ->
{
    "attributes": {
        "bfp8_pack_precise": "false",
        "fp32_dest_acc_en": "false",
        "memory_config": "MemoryConfig(memory_layout=TensorMemoryLayout::INTERLEAVED,buffer_type=BufferType::L1,shard_spec=std::nullopt,nd_shard_spec=std::nullopt,created_with_nd_shard_spec=0)",
        "op_chain": "{BasicUnaryWithParam<float, int, unsigned int>(base=BasicUnaryWithParam<float>(op_type=UnaryOpType::FILL,param={0}))}",
        "output_dtype": "DataType::BFLOAT16",
        "preserve_fp32_precision": "false",
        "sub_core_grids": "std::nullopt",
        "worker_grid": "{[0-0 - 10-9]}"
    },
    "device_id": 3,
    "global_call_count": 97283,
    "input_tensors": [
        {
            "dtype": "BFLOAT16",
            "layout": "TILE",
            "shape": {
                "W": "1[1]",
                "X": "704[704]",
                "Y": "32[1]",
                "Z": "128[128]"
            },
            "storage_type": {
                "device_id": 0,
                "memory_config": {
                    "buffer_type": "L1",
                    "memory_layout": "INTERLEAVED"
                }
            }
        },
        {
            "dtype": "BFLOAT16",
            "layout": "TILE",
            "shape": {
                "W": "1[1]",
                "X": "704[704]",
                "Y": "32[1]",
                "Z": "128[128]"
            },
            "storage_type": {
                "device_id": 0,
                "memory_config": {
                    "buffer_type": "L1",
                    "memory_layout": "INTERLEAVED"
                }
            }
        }
    ],
    "kernel_info": {
        "compute_kernels": [
            {
                "math_fidelity": "HiFi4",
                "name": "eltwise_sfpu/14928341353554394541/",
                "source": "ttnn/cpp/ttnn/operations/eltwise/unary/device/kernels/compute/eltwise_sfpu.cpp"
            }
        ],
        "datamovement_kernels": [
            {
                "name": "writer_unary/8859867988269682815/",
                "source": "ttnn/cpp/ttnn/operations/eltwise/unary/device/kernels/dataflow/writer_unary.cpp"
            },
            {
                "name": "reader_unary/13144400675588175047/",
                "source": "ttnn/cpp/ttnn/operations/eltwise/unary/device/kernels/dataflow/reader_unary.cpp"
            }
        ],
        "kernel_sizes": {
            "ACTIVE_ETH_DM_0_max_kernel_size": 0,
            "ACTIVE_ETH_DM_1_max_kernel_size": 0,
            "IDLE_ETH_DM_0_max_kernel_size": 0,
            "IDLE_ETH_DM_1_max_kernel_size": 0,
            "TENSIX_COMPUTE_0_max_kernel_size": 1060,
            "TENSIX_COMPUTE_1_max_kernel_size": 856,
            "TENSIX_COMPUTE_2_max_kernel_size": 1260,
            "TENSIX_DM_0_max_kernel_size": 1104,
            "TENSIX_DM_1_max_kernel_size": 1008
        }
    },
    "op_code": "UnaryDeviceOperation",
    "op_hash": 10547631950658891292,
    "op_type": "tt_dnn_device",
    "optional_input_tensors": [],
    "output_tensors": [
        {
            "dtype": "BFLOAT16",
            "layout": "TILE",
            "shape": {
                "W": "1[1]",
                "X": "704[704]",
                "Y": "32[1]",
                "Z": "128[128]"
            },
            "storage_type": {
                "device_id": 0,
                "memory_config": {
                    "buffer_type": "L1",
                    "memory_layout": "INTERLEAVED"
                }
            }
        }
    ],
    "performance_model": {
        "bandwidth_ns": 1,
        "compute_ns": 1,
        "ideal_ns": 1,
        "input_bws": [],
        "output_bws": []
    },
    "program_cache_hit": false
}`;17120260411
`TT_DNN_DEVICE_OP: "SparseMatmulDeviceOperation", 3173485845626336379, 3, false, 98307 ->
{
    "attributes": {
        "compute_kernel_config": "ComputeKernelConfig(math_fidelity=LoFi,math_approx_mode=0,fp32_dest_acc_en=0,packer_l1_acc=1,dst_full_sync_en=0,throttle_level=ThrottleLevel::NO_THROTTLE)",
        "global_cb": "std::nullopt",
        "is_input_a_sparse": "false",
        "is_input_b_sparse": "true",
        "nnz": "8",
        "output_dtype": "DataType::BFLOAT16",
        "output_mem_config": "MemoryConfig(memory_layout=TensorMemoryLayout::INTERLEAVED,buffer_type=BufferType::L1,shard_spec=std::nullopt,nd_shard_spec=std::nullopt,created_with_nd_shard_spec=0)",
        "output_tile": "Tile(tile_shape={32, 32},face_shape={16, 16},num_faces=4)",
        "program_config": "MatmulMultiCoreReuseMultiCast1DProgramConfig(compute_with_storage_grid_size=11-1,in0_block_w=11,out_subblock_h=1,out_subblock_w=2,out_block_h=1,out_block_w=2,per_core_M=1,per_core_N=2,fuse_batch=0,fused_activation=std::nullopt,mcast_in0=1,gather_in0=0,hop_cores={},num_global_cb_receivers=1,untilize_out=0,allowed_worker_cores={[0-0 - 10-0]})",
        "sub_device_id": "std::nullopt",
        "user_core_coord": "std::nullopt"
    },
    "device_id": 3,
    "global_call_count": 98307,
    "input_tensors": [
        {
            "dtype": "BFLOAT16",
            "layout": "TILE",
            "shape": {
                "W": "1[1]",
                "X": "2816[2816]",
                "Y": "32[1]",
                "Z": "1[1]"
            },
            "storage_type": {
                "device_id": 0,
                "memory_config": {
                    "buffer_type": "L1",
                    "memory_layout": "INTERLEAVED"
                }
            }
        },
        {
            "dtype": "BFLOAT8_B",
            "layout": "TILE",
            "shape": {
                "W": "1[1]",
                "X": "704[704]",
                "Y": "2816[2816]",
                "Z": "128[128]"
            },
            "storage_type": {
                "device_id": 0,
                "memory_config": {
                    "buffer_type": "DRAM",
                    "memory_layout": "INTERLEAVED"
                }
            }
        },
        {
            "dtype": "BFLOAT16",
            "layout": "ROW_MAJOR",
            "shape": {
                "W": "1[1]",
                "X": "128[128]",
                "Y": "1[1]",
                "Z": "1[1]"
            },
            "storage_type": {
                "device_id": 0,
                "memory_config": {
                    "buffer_type": "DRAM",
                    "memory_layout": "INTERLEAVED"
                }
            }
        }
    ],
    "kernel_info": {
        "compute_kernels": [
            {
                "math_fidelity": "LoFi",
                "name": "bmm_large_block_zm_fused_bias_activation/8206210844904527488/",
                "source": "ttnn/cpp/ttnn/operations/matmul/device/kernels/compute/bmm_large_block_zm_fused_bias_activation.cpp"
            }
        ],
        "datamovement_kernels": [
            {
                "name": "reader_bmm_tile_layout_in1_sender_writer_padding/4647961603352667689/",
                "source": "ttnn/cpp/ttnn/operations/matmul/device/kernels/dataflow/reader_bmm_tile_layout_in1_sender_writer_padding.cpp"
            },
            {
                "name": "reader_bmm_tile_layout_in0_receiver/2039667069219413431/",
                "source": "ttnn/cpp/ttnn/operations/matmul/device/kernels/dataflow/reader_bmm_tile_layout_in0_receiver.cpp"
            },
            {
                "name": "reader_bmm_tile_layout_in0_sender_padding/13109359190805762103/",
                "source": "ttnn/cpp/ttnn/operations/matmul/device/kernels/dataflow/reader_bmm_tile_layout_in0_sender_padding.cpp"
            }
        ],
        "kernel_sizes": {
            "ACTIVE_ETH_DM_0_max_kernel_size": 0,
            "ACTIVE_ETH_DM_1_max_kernel_size": 0,
            "IDLE_ETH_DM_0_max_kernel_size": 0,
            "IDLE_ETH_DM_1_max_kernel_size": 0,
            "TENSIX_COMPUTE_0_max_kernel_size": 2424,
            "TENSIX_COMPUTE_1_max_kernel_size": 2212,
            "TENSIX_COMPUTE_2_max_kernel_size": 2524,
            "TENSIX_DM_0_max_kernel_size": 1660,
            "TENSIX_DM_1_max_kernel_size": 1984
        }
    },
    "op_code": "SparseMatmulDeviceOperation",
    "op_hash": 3173485845626336379,
    "op_type": "tt_dnn_device",
    "optional_input_tensors": [],
    "output_tensors": [
        {
            "dtype": "BFLOAT16",
            "layout": "TILE",
            "shape": {
                "W": "1[1]",
                "X": "704[704]",
                "Y": "32[1]",
                "Z": "128[128]"
            },
            "storage_type": {
                "device_id": 0,
                "memory_config": {
                    "buffer_type": "L1",
                    "memory_layout": "INTERLEAVED"
                }
            }
        }
    ],
    "performance_model": {
        "bandwidth_ns": 461578,
        "compute_ns": 1,
        "ideal_ns": 461578,
        "input_bws": [
            0.3904518783092499,
            549.7562255859375,
            0.0005546191823668778
        ],
        "output_bws": [
            12.494460105895996
        ]
    },
    "program_cache_hit": false
}`;17130553154
`TT_DNN_DEVICE_OP: "TransposeDeviceOperation", 2766089270366321863, 3, false, 99331 ->
{
    "attributes": {
        "dim": "TransposeOpDim::HC",
        "output_mem_config": "MemoryConfig(memory_layout=TensorMemoryLayout::INTERLEAVED,buffer_type=BufferType::L1,shard_spec=std::nullopt,nd_shard_spec=std::nullopt,created_with_nd_shard_spec=0)",
        "pad_value": "0"
    },
    "device_id": 3,
    "global_call_count": 99331,
    "input_tensors": [
        {
            "dtype": "BFLOAT16",
            "layout": "TILE",
            "shape": {
                "W": "1[1]",
                "X": "704[704]",
                "Y": "32[1]",
                "Z": "128[128]"
            },
            "storage_type": {
                "device_id": 0,
                "memory_config": {
                    "buffer_type": "L1",
                    "memory_layout": "INTERLEAVED"
                }
            }
        }
    ],
    "kernel_info": {
        "compute_kernels": [],
        "datamovement_kernels": [
            {
                "name": "writer_unary_transpose_hc_interleaved_tiled_padding_aware/10739778344263252956/",
                "source": "ttnn/cpp/ttnn/operations/data_movement/transpose/device/kernels/dataflow/writer_unary_transpose_hc_interleaved_tiled_padding_aware.cpp"
            },
            {
                "name": "reader_unary_transpose_hc_interleaved_tiled_padding_aware/11160415293669111523/",
                "source": "ttnn/cpp/ttnn/operations/data_movement/transpose/device/kernels/dataflow/reader_unary_transpose_hc_interleaved_tiled_padding_aware.cpp"
            }
        ],
        "kernel_sizes": {
            "ACTIVE_ETH_DM_0_max_kernel_size": 0,
            "ACTIVE_ETH_DM_1_max_kernel_size": 0,
            "IDLE_ETH_DM_0_max_kernel_size": 0,
            "IDLE_ETH_DM_1_max_kernel_size": 0,
            "TENSIX_COMPUTE_0_max_kernel_size": 0,
            "TENSIX_COMPUTE_1_max_kernel_size": 0,
            "TENSIX_COMPUTE_2_max_kernel_size": 0,
            "TENSIX_DM_0_max_kernel_size": 876,
            "TENSIX_DM_1_max_kernel_size": 708
        }
    },
    "op_code": "TransposeDeviceOperation",
    "op_hash": 2766089270366321863,
    "op_type": "tt_dnn_device",
    "optional_input_tensors": [],
    "output_tensors": [
        {
            "dtype": "BFLOAT16",
            "layout": "TILE",
            "shape": {
                "W": "1[1]",
                "X": "704[704]",
                "Y": "128[128]",
                "Z": "1[1]"
            },
            "storage_type": {
                "device_id": 0,
                "memory_config": {
                    "buffer_type": "L1",
                    "memory_layout": "INTERLEAVED"
                }
            }
        }
    ],
    "performance_model": {
        "bandwidth_ns": 1,
        "compute_ns": 5156,
        "ideal_ns": 5156,
        "input_bws": [
            1118.5352783203125
        ],
        "output_bws": [
            34.954227447509766
        ]
    },
    "program_cache_hit": false
}`;17132552210
`TT_DNN_DEVICE_OP: "UnaryDeviceOperation", 10547631950658891292, 3, false, 100355`;17132649227
`TT_DNN_DEVICE_OP: "SparseMatmulDeviceOperation", 3173485845626336379, 3, false, 101379`;17132670097
`TT_DNN_DEVICE_OP: "TransposeDeviceOperation", 2766089270366321863, 3, false, 102403`;17132709072
`TT_DNN_DEVICE_OP: "UnaryDeviceOperation", 8471868997931786206, 3, false, 103427 ->
{
    "attributes": {
        "bfp8_pack_precise": "false",
        "fp32_dest_acc_en": "false",
        "memory_config": "MemoryConfig(memory_layout=TensorMemoryLayout::INTERLEAVED,buffer_type=BufferType::L1,shard_spec=std::nullopt,nd_shard_spec=std::nullopt,created_with_nd_shard_spec=0)",
        "op_chain": "{BasicUnaryWithParam<float, int, unsigned int>(base=BasicUnaryWithParam<float>(op_type=UnaryOpType::GELU,param={1}))}",
        "output_dtype": "DataType::BFLOAT16",
        "preserve_fp32_precision": "false",
        "sub_core_grids": "std::nullopt",
        "worker_grid": "{[0-0 - 10-9]}"
    },
    "device_id": 3,
    "global_call_count": 103427,
    "input_tensors": [
        {
            "dtype": "BFLOAT16",
            "layout": "TILE",
            "shape": {
                "W": "1[1]",
                "X": "704[704]",
                "Y": "128[128]",
                "Z": "1[1]"
            },
            "storage_type": {
                "device_id": 0,
                "memory_config": {
                    "buffer_type": "L1",
                    "memory_layout": "INTERLEAVED"
                }
            }
        }
    ],
    "kernel_info": {
        "compute_kernels": [
            {
                "math_fidelity": "HiFi4",
                "name": "eltwise_sfpu/14296249726566351318/",
                "source": "ttnn/cpp/ttnn/operations/eltwise/unary/device/kernels/compute/eltwise_sfpu.cpp"
            }
        ],
        "datamovement_kernels": [
            {
                "name": "writer_unary/8859867988269682815/",
                "source": "ttnn/cpp/ttnn/operations/eltwise/unary/device/kernels/dataflow/writer_unary.cpp"
            },
            {
                "name": "reader_unary/13144400675588175047/",
                "source": "ttnn/cpp/ttnn/operations/eltwise/unary/device/kernels/dataflow/reader_unary.cpp"
            }
        ],
        "kernel_sizes": {
            "ACTIVE_ETH_DM_0_max_kernel_size": 0,
            "ACTIVE_ETH_DM_1_max_kernel_size": 0,
            "IDLE_ETH_DM_0_max_kernel_size": 0,
            "IDLE_ETH_DM_1_max_kernel_size": 0,
            "TENSIX_COMPUTE_0_max_kernel_size": 1060,
            "TENSIX_COMPUTE_1_max_kernel_size": 1092,
            "TENSIX_COMPUTE_2_max_kernel_size": 1260,
            "TENSIX_DM_0_max_kernel_size": 1104,
            "TENSIX_DM_1_max_kernel_size": 1008
        }
    },
    "op_code": "UnaryDeviceOperation",
    "op_hash": 8471868997931786206,
    "op_type": "tt_dnn_device",
    "optional_input_tensors": [],
    "output_tensors": [
        {
            "dtype": "BFLOAT16",
            "layout": "TILE",
            "shape": {
                "W": "1[1]",
                "X": "704[704]",
                "Y": "128[128]",
                "Z": "1[1]"
            },
            "storage_type": {
                "device_id": 0,
                "memory_config": {
                    "buffer_type": "L1",
                    "memory_layout": "INTERLEAVED"
                }
            }
        }
    ],
    "performance_model": {
        "bandwidth_ns": 1,
        "compute_ns": 1,
        "ideal_ns": 1,
        "input_bws": [],
        "output_bws": []
    },
    "program_cache_hit": false
}`;17133130345
`TT_DNN_DEVICE_OP: "BinaryNgDeviceOperation", 9180236233960390419, 3, false, 104451 ->
{
    "attributes": {
        "atol": "0",
        "binary_op_type": "BinaryOpType::MUL",
        "compute_kernel_config": "std::nullopt",
        "dtype": "DataType::BFLOAT16",
        "equal_nan": "false",
        "input_dtype": "DataType::BFLOAT16",
        "input_layout_a": "Layout::TILE",
        "input_layout_b": "Layout::TILE",
        "is_quant_op": "false",
        "is_sfpu": "true",
        "is_where_op": "false",
        "lhs_activations": "{}",
        "memory_config": "MemoryConfig(memory_layout=TensorMemoryLayout::INTERLEAVED,buffer_type=BufferType::L1,shard_spec=std::nullopt,nd_shard_spec=std::nullopt,created_with_nd_shard_spec=0)",
        "output_layout": "Layout::TILE",
        "post_activations": "{}",
        "rhs_activations": "{}",
        "rtol": "0",
        "scalar": "std::nullopt",
        "sub_core_grids": "std::nullopt",
        "sub_device_id": "std::nullopt",
        "subtile_broadcast_type": "SubtileBroadcastType::NONE",
        "worker_grid": "{[0-0 - 10-9]}"
    },
    "device_id": 3,
    "global_call_count": 104451,
    "input_tensors": [
        {
            "dtype": "BFLOAT16",
            "layout": "TILE",
            "shape": {
                "W": "1[1]",
                "X": "704[704]",
                "Y": "128[128]",
                "Z": "1[1]"
            },
            "storage_type": {
                "device_id": 0,
                "memory_config": {
                    "buffer_type": "L1",
                    "memory_layout": "INTERLEAVED"
                }
            }
        },
        {
            "dtype": "BFLOAT16",
            "layout": "TILE",
            "shape": {
                "W": "1[1]",
                "X": "704[704]",
                "Y": "128[128]",
                "Z": "1[1]"
            },
            "storage_type": {
                "device_id": 0,
                "memory_config": {
                    "buffer_type": "L1",
                    "memory_layout": "INTERLEAVED"
                }
            }
        }
    ],
    "kernel_info": {
        "compute_kernels": [
            {
                "math_fidelity": "HiFi4",
                "name": "eltwise_binary_sfpu_no_bcast/5506180665876100763/",
                "source": "ttnn/cpp/ttnn/operations/eltwise/binary_ng/device/kernels/compute/eltwise_binary_sfpu_no_bcast.cpp"
            }
        ],
        "datamovement_kernels": [
            {
                "name": "writer_interleaved_no_bcast/3369190097825282751/",
                "source": "ttnn/cpp/ttnn/operations/eltwise/binary_ng/device/kernels_ng/dataflow/writer_interleaved_no_bcast.cpp"
            },
            {
                "name": "reader_interleaved_no_bcast/11398492352027473218/",
                "source": "ttnn/cpp/ttnn/operations/eltwise/binary_ng/device/kernels_ng/dataflow/reader_interleaved_no_bcast.cpp"
            }
        ],
        "kernel_sizes": {
            "ACTIVE_ETH_DM_0_max_kernel_size": 0,
            "ACTIVE_ETH_DM_1_max_kernel_size": 0,
            "IDLE_ETH_DM_0_max_kernel_size": 0,
            "IDLE_ETH_DM_1_max_kernel_size": 0,
            "TENSIX_COMPUTE_0_max_kernel_size": 1456,
            "TENSIX_COMPUTE_1_max_kernel_size": 1200,
            "TENSIX_COMPUTE_2_max_kernel_size": 1292,
            "TENSIX_DM_0_max_kernel_size": 1156,
            "TENSIX_DM_1_max_kernel_size": 1684
        }
    },
    "op_code": "BinaryNgDeviceOperation",
    "op_hash": 9180236233960390419,
    "op_type": "tt_dnn_device",
    "optional_input_tensors": [],
    "output_tensors": [
        {
            "dtype": "BFLOAT16",
            "layout": "TILE",
            "shape": {
                "W": "1[1]",
                "X": "704[704]",
                "Y": "128[128]",
                "Z": "1[1]"
            },
            "storage_type": {
                "device_id": 0,
                "memory_config": {
                    "buffer_type": "L1",
                    "memory_layout": "INTERLEAVED"
                }
            }
        }
    ],
    "performance_model": {
        "bandwidth_ns": 1,
        "compute_ns": 1,
        "ideal_ns": 1,
        "input_bws": [],
        "output_bws": []
    },
    "program_cache_hit": false
}`;17135281855
`TT_DNN_DEVICE_OP: "TransposeDeviceOperation", 2882979786165573976, 3, false, 105475 ->
{
    "attributes": {
        "dim": "TransposeOpDim::HC",
        "output_mem_config": "MemoryConfig(memory_layout=TensorMemoryLayout::INTERLEAVED,buffer_type=BufferType::L1,shard_spec=std::nullopt,nd_shard_spec=std::nullopt,created_with_nd_shard_spec=0)",
        "pad_value": "0"
    },
    "device_id": 3,
    "global_call_count": 105475,
    "input_tensors": [
        {
            "dtype": "BFLOAT16",
            "layout": "TILE",
            "shape": {
                "W": "1[1]",
                "X": "704[704]",
                "Y": "128[128]",
                "Z": "1[1]"
            },
            "storage_type": {
                "device_id": 0,
                "memory_config": {
                    "buffer_type": "L1",
                    "memory_layout": "INTERLEAVED"
                }
            }
        }
    ],
    "kernel_info": {
        "compute_kernels": [],
        "datamovement_kernels": [
            {
                "name": "writer_unary_transpose_hc_interleaved_tiled_padding_aware/11063206479571956901/",
                "source": "ttnn/cpp/ttnn/operations/data_movement/transpose/device/kernels/dataflow/writer_unary_transpose_hc_interleaved_tiled_padding_aware.cpp"
            },
            {
                "name": "reader_unary_transpose_hc_interleaved_tiled_padding_aware/11532795529427347855/",
                "source": "ttnn/cpp/ttnn/operations/data_movement/transpose/device/kernels/dataflow/reader_unary_transpose_hc_interleaved_tiled_padding_aware.cpp"
            }
        ],
        "kernel_sizes": {
            "ACTIVE_ETH_DM_0_max_kernel_size": 0,
            "ACTIVE_ETH_DM_1_max_kernel_size": 0,
            "IDLE_ETH_DM_0_max_kernel_size": 0,
            "IDLE_ETH_DM_1_max_kernel_size": 0,
            "TENSIX_COMPUTE_0_max_kernel_size": 0,
            "TENSIX_COMPUTE_1_max_kernel_size": 0,
            "TENSIX_COMPUTE_2_max_kernel_size": 0,
            "TENSIX_DM_0_max_kernel_size": 1348,
            "TENSIX_DM_1_max_kernel_size": 824
        }
    },
    "op_code": "TransposeDeviceOperation",
    "op_hash": 2882979786165573976,
    "op_type": "tt_dnn_device",
    "optional_input_tensors": [],
    "output_tensors": [
        {
            "dtype": "BFLOAT16",
            "layout": "TILE",
            "shape": {
                "W": "1[1]",
                "X": "704[704]",
                "Y": "32[1]",
                "Z": "128[128]"
            },
            "storage_type": {
                "device_id": 0,
                "memory_config": {
                    "buffer_type": "L1",
                    "memory_layout": "INTERLEAVED"
                }
            }
        }
    ],
    "performance_model": {
        "bandwidth_ns": 1,
        "compute_ns": 5090,
        "ideal_ns": 5090,
        "input_bws": [
            35.407466888427734
        ],
        "output_bws": [
            1133.0389404296875
        ]
    },
    "program_cache_hit": false
}`;17137219001
`TT_DNN_DEVICE_OP: "UnaryDeviceOperation", 10547631950658891292, 3, false, 106499`;17137296130
`TT_DNN_DEVICE_OP: "SparseMatmulDeviceOperation", 15222272368412829498, 3, false, 107523 ->
{
    "attributes": {
        "compute_kernel_config": "ComputeKernelConfig(math_fidelity=LoFi,math_approx_mode=0,fp32_dest_acc_en=0,packer_l1_acc=1,dst_full_sync_en=0,throttle_level=ThrottleLevel::NO_THROTTLE)",
        "global_cb": "std::nullopt",
        "is_input_a_sparse": "true",
        "is_input_b_sparse": "true",
        "nnz": "8",
        "output_dtype": "DataType::BFLOAT16",
        "output_mem_config": "MemoryConfig(memory_layout=TensorMemoryLayout::INTERLEAVED,buffer_type=BufferType::L1,shard_spec=std::nullopt,nd_shard_spec=std::nullopt,created_with_nd_shard_spec=0)",
        "output_tile": "Tile(tile_shape={32, 32},face_shape={16, 16},num_faces=4)",
        "program_config": "MatmulMultiCoreReuseMultiCast1DProgramConfig(compute_with_storage_grid_size=11-4,in0_block_w=11,out_subblock_h=1,out_subblock_w=2,out_block_h=1,out_block_w=2,per_core_M=1,per_core_N=2,fuse_batch=0,fused_activation=std::nullopt,mcast_in0=1,gather_in0=0,hop_cores={},num_global_cb_receivers=1,untilize_out=0,allowed_worker_cores={[0-0 - 10-3]})",
        "sub_device_id": "std::nullopt",
        "user_core_coord": "std::nullopt"
    },
    "device_id": 3,
    "global_call_count": 107523,
    "input_tensors": [
        {
            "dtype": "BFLOAT16",
            "layout": "TILE",
            "shape": {
                "W": "1[1]",
                "X": "704[704]",
                "Y": "32[1]",
                "Z": "128[128]"
            },
            "storage_type": {
                "device_id": 0,
                "memory_config": {
                    "buffer_type": "L1",
                    "memory_layout": "INTERLEAVED"
                }
            }
        },
        {
            "dtype": "BFLOAT8_B",
            "layout": "TILE",
            "shape": {
                "W": "1[1]",
                "X": "2816[2816]",
                "Y": "704[704]",
                "Z": "128[128]"
            },
            "storage_type": {
                "device_id": 0,
                "memory_config": {
                    "buffer_type": "DRAM",
                    "memory_layout": "INTERLEAVED"
                }
            }
        },
        {
            "dtype": "BFLOAT16",
            "layout": "ROW_MAJOR",
            "shape": {
                "W": "1[1]",
                "X": "128[128]",
                "Y": "1[1]",
                "Z": "1[1]"
            },
            "storage_type": {
                "device_id": 0,
                "memory_config": {
                    "buffer_type": "DRAM",
                    "memory_layout": "INTERLEAVED"
                }
            }
        }
    ],
    "kernel_info": {
        "compute_kernels": [
            {
                "math_fidelity": "LoFi",
                "name": "bmm_large_block_zm_fused_bias_activation/4662258498734093839/",
                "source": "ttnn/cpp/ttnn/operations/matmul/device/kernels/compute/bmm_large_block_zm_fused_bias_activation.cpp"
            }
        ],
        "datamovement_kernels": [
            {
                "name": "reader_bmm_tile_layout_in1_sender_writer_padding/3048898125160287355/",
                "source": "ttnn/cpp/ttnn/operations/matmul/device/kernels/dataflow/reader_bmm_tile_layout_in1_sender_writer_padding.cpp"
            },
            {
                "name": "reader_bmm_tile_layout_in0_receiver/185738348476914904/",
                "source": "ttnn/cpp/ttnn/operations/matmul/device/kernels/dataflow/reader_bmm_tile_layout_in0_receiver.cpp"
            },
            {
                "name": "reader_bmm_tile_layout_in0_sender_padding/1793166629893750460/",
                "source": "ttnn/cpp/ttnn/operations/matmul/device/kernels/dataflow/reader_bmm_tile_layout_in0_sender_padding.cpp"
            }
        ],
        "kernel_sizes": {
            "ACTIVE_ETH_DM_0_max_kernel_size": 0,
            "ACTIVE_ETH_DM_1_max_kernel_size": 0,
            "IDLE_ETH_DM_0_max_kernel_size": 0,
            "IDLE_ETH_DM_1_max_kernel_size": 0,
            "TENSIX_COMPUTE_0_max_kernel_size": 2372,
            "TENSIX_COMPUTE_1_max_kernel_size": 2168,
            "TENSIX_COMPUTE_2_max_kernel_size": 2412,
            "TENSIX_DM_0_max_kernel_size": 1676,
            "TENSIX_DM_1_max_kernel_size": 1980
        }
    },
    "op_code": "SparseMatmulDeviceOperation",
    "op_hash": 15222272368412829498,
    "op_type": "tt_dnn_device",
    "optional_input_tensors": [],
    "output_tensors": [
        {
            "dtype": "BFLOAT16",
            "layout": "TILE",
            "shape": {
                "W": "1[1]",
                "X": "2816[2816]",
                "Y": "32[1]",
                "Z": "128[128]"
            },
            "storage_type": {
                "device_id": 0,
                "memory_config": {
                    "buffer_type": "L1",
                    "memory_layout": "INTERLEAVED"
                }
            }
        }
    ],
    "performance_model": {
        "bandwidth_ns": 461578,
        "compute_ns": 1,
        "ideal_ns": 461578,
        "input_bws": [
            12.494460105895996,
            549.7562255859375,
            0.0005546191823668778
        ],
        "output_bws": [
            49.977840423583984
        ]
    },
    "program_cache_hit": false
}`;17143381076
`TT_DNN_DEVICE_OP: "TransposeDeviceOperation", 15639109912216061338, 3, false, 108547 ->
{
    "attributes": {
        "dim": "TransposeOpDim::HC",
        "output_mem_config": "MemoryConfig(memory_layout=TensorMemoryLayout::INTERLEAVED,buffer_type=BufferType::L1,shard_spec=std::nullopt,nd_shard_spec=std::nullopt,created_with_nd_shard_spec=0)",
        "pad_value": "0"
    },
    "device_id": 3,
    "global_call_count": 108547,
    "input_tensors": [
        {
            "dtype": "BFLOAT16",
            "layout": "TILE",
            "shape": {
                "W": "1[1]",
                "X": "2816[2816]",
                "Y": "32[1]",
                "Z": "128[128]"
            },
            "storage_type": {
                "device_id": 0,
                "memory_config": {
                    "buffer_type": "L1",
                    "memory_layout": "INTERLEAVED"
                }
            }
        }
    ],
    "kernel_info": {
        "compute_kernels": [],
        "datamovement_kernels": [
            {
                "name": "writer_unary_transpose_hc_interleaved_tiled_padding_aware/7841387285563845387/",
                "source": "ttnn/cpp/ttnn/operations/data_movement/transpose/device/kernels/dataflow/writer_unary_transpose_hc_interleaved_tiled_padding_aware.cpp"
            },
            {
                "name": "reader_unary_transpose_hc_interleaved_tiled_padding_aware/11160415293669111523/",
                "source": "ttnn/cpp/ttnn/operations/data_movement/transpose/device/kernels/dataflow/reader_unary_transpose_hc_interleaved_tiled_padding_aware.cpp"
            }
        ],
        "kernel_sizes": {
            "ACTIVE_ETH_DM_0_max_kernel_size": 0,
            "ACTIVE_ETH_DM_1_max_kernel_size": 0,
            "IDLE_ETH_DM_0_max_kernel_size": 0,
            "IDLE_ETH_DM_1_max_kernel_size": 0,
            "TENSIX_COMPUTE_0_max_kernel_size": 0,
            "TENSIX_COMPUTE_1_max_kernel_size": 0,
            "TENSIX_COMPUTE_2_max_kernel_size": 0,
            "TENSIX_DM_0_max_kernel_size": 876,
            "TENSIX_DM_1_max_kernel_size": 708
        }
    },
    "op_code": "TransposeDeviceOperation",
    "op_hash": 15639109912216061338,
    "op_type": "tt_dnn_device",
    "optional_input_tensors": [],
    "output_tensors": [
        {
            "dtype": "BFLOAT16",
            "layout": "TILE",
            "shape": {
                "W": "1[1]",
                "X": "2816[2816]",
                "Y": "128[128]",
                "Z": "1[1]"
            },
            "storage_type": {
                "device_id": 0,
                "memory_config": {
                    "buffer_type": "L1",
                    "memory_layout": "INTERLEAVED"
                }
            }
        }
    ],
    "performance_model": {
        "bandwidth_ns": 1,
        "compute_ns": 19726,
        "ideal_ns": 19726,
        "input_bws": [
            1169.455078125
        ],
        "output_bws": [
            36.54547119140625
        ]
    },
    "program_cache_hit": false
}`;17145075775
`TT_DNN_DEVICE_OP: "ReshapeViewDeviceOperation", 9156512380716054172, 3, false, 109571 ->
{
    "attributes": {
        "logical_output_shape": "Shape([1, 128, 1])",
        "output_mem_config": "MemoryConfig(memory_layout=TensorMemoryLayout::INTERLEAVED,buffer_type=BufferType::DRAM,shard_spec=std::nullopt,nd_shard_spec=std::nullopt,created_with_nd_shard_spec=0)",
        "padded_output_shape": "Shape([1, 128, 32])",
        "recreate_mapping_tensor": "false",
        "sub_core_grid": "std::nullopt"
    },
    "device_id": 3,
    "global_call_count": 109571,
    "input_tensors": [
        {
            "dtype": "BFLOAT16",
            "layout": "TILE",
            "shape": {
                "W": "1[1]",
                "X": "128[128]",
                "Y": "32[1]",
                "Z": "1[1]"
            },
            "storage_type": {
                "device_id": 0,
                "memory_config": {
                    "buffer_type": "DRAM",
                    "memory_layout": "INTERLEAVED"
                }
            }
        }
    ],
    "kernel_info": {
        "compute_kernels": [],
        "datamovement_kernels": [
            {
                "name": "writer_reshape_tiled/1693800358885868375/",
                "source": "ttnn/cpp/ttnn/operations/data_movement/reshape_view/device/device/dataflow/writer_reshape_tiled.cpp"
            },
            {
                "name": "reader_reshape_tiled/9211947847981769172/",
                "source": "ttnn/cpp/ttnn/operations/data_movement/reshape_view/device/device/dataflow/reader_reshape_tiled.cpp"
            }
        ],
        "kernel_sizes": {
            "ACTIVE_ETH_DM_0_max_kernel_size": 0,
            "ACTIVE_ETH_DM_1_max_kernel_size": 0,
            "IDLE_ETH_DM_0_max_kernel_size": 0,
            "IDLE_ETH_DM_1_max_kernel_size": 0,
            "TENSIX_COMPUTE_0_max_kernel_size": 0,
            "TENSIX_COMPUTE_1_max_kernel_size": 0,
            "TENSIX_COMPUTE_2_max_kernel_size": 0,
            "TENSIX_DM_0_max_kernel_size": 1756,
            "TENSIX_DM_1_max_kernel_size": 980
        }
    },
    "op_code": "ReshapeViewDeviceOperation",
    "op_hash": 9156512380716054172,
    "op_type": "tt_dnn_device",
    "optional_input_tensors": [],
    "output_tensors": [
        {
            "dtype": "BFLOAT16",
            "layout": "TILE",
            "shape": {
                "W": "1[1]",
                "X": "32[1]",
                "Y": "128[128]",
                "Z": "1[1]"
            },
            "storage_type": {
                "device_id": 0,
                "memory_config": {
                    "buffer_type": "DRAM",
                    "memory_layout": "INTERLEAVED"
                }
            }
        }
    ],
    "performance_model": {
        "bandwidth_ns": 1,
        "compute_ns": 1,
        "ideal_ns": 1,
        "input_bws": [],
        "output_bws": []
    },
    "program_cache_hit": false
}`;17146912638
`TT_DNN_DEVICE_OP: "BinaryNgDeviceOperation", 4858432732020396754, 3, false, 110595 ->
{
    "attributes": {
        "atol": "0",
        "binary_op_type": "BinaryOpType::MUL",
        "compute_kernel_config": "std::nullopt",
        "dtype": "DataType::BFLOAT16",
        "equal_nan": "false",
        "input_dtype": "DataType::BFLOAT16",
        "input_layout_a": "Layout::TILE",
        "input_layout_b": "Layout::TILE",
        "is_quant_op": "false",
        "is_sfpu": "true",
        "is_where_op": "false",
        "lhs_activations": "{}",
        "memory_config": "MemoryConfig(memory_layout=TensorMemoryLayout::INTERLEAVED,buffer_type=BufferType::L1,shard_spec=std::nullopt,nd_shard_spec=std::nullopt,created_with_nd_shard_spec=0)",
        "output_layout": "Layout::TILE",
        "post_activations": "{}",
        "rhs_activations": "{}",
        "rtol": "0",
        "scalar": "std::nullopt",
        "sub_core_grids": "std::nullopt",
        "sub_device_id": "std::nullopt",
        "subtile_broadcast_type": "SubtileBroadcastType::COL_B",
        "worker_grid": "{[0-0 - 10-9]}"
    },
    "device_id": 3,
    "global_call_count": 110595,
    "input_tensors": [
        {
            "dtype": "BFLOAT16",
            "layout": "TILE",
            "shape": {
                "W": "1[1]",
                "X": "2816[2816]",
                "Y": "128[128]",
                "Z": "1[1]"
            },
            "storage_type": {
                "device_id": 0,
                "memory_config": {
                    "buffer_type": "L1",
                    "memory_layout": "INTERLEAVED"
                }
            }
        },
        {
            "dtype": "BFLOAT16",
            "layout": "TILE",
            "shape": {
                "W": "1[1]",
                "X": "32[1]",
                "Y": "128[128]",
                "Z": "1[1]"
            },
            "storage_type": {
                "device_id": 0,
                "memory_config": {
                    "buffer_type": "DRAM",
                    "memory_layout": "INTERLEAVED"
                }
            }
        }
    ],
    "kernel_info": {
        "compute_kernels": [
            {
                "math_fidelity": "HiFi4",
                "name": "eltwise_binary_sfpu_col_bcast/9755331561266870884/",
                "source": "ttnn/cpp/ttnn/operations/eltwise/binary_ng/device/kernels_ng/compute/eltwise_binary_sfpu_col_bcast.cpp"
            }
        ],
        "datamovement_kernels": [
            {
                "name": "writer_interleaved_no_bcast/12028764970749751739/",
                "source": "ttnn/cpp/ttnn/operations/eltwise/binary_ng/device/kernels_ng/dataflow/writer_interleaved_no_bcast.cpp"
            },
            {
                "name": "reader_interleaved_col_bcast/286657663352658554/",
                "source": "ttnn/cpp/ttnn/operations/eltwise/binary_ng/device/kernels_ng/dataflow/reader_interleaved_col_bcast.cpp"
            }
        ],
        "kernel_sizes": {
            "ACTIVE_ETH_DM_0_max_kernel_size": 0,
            "ACTIVE_ETH_DM_1_max_kernel_size": 0,
            "IDLE_ETH_DM_0_max_kernel_size": 0,
            "IDLE_ETH_DM_1_max_kernel_size": 0,
            "TENSIX_COMPUTE_0_max_kernel_size": 3516,
            "TENSIX_COMPUTE_1_max_kernel_size": 2544,
            "TENSIX_COMPUTE_2_max_kernel_size": 4560,
            "TENSIX_DM_0_max_kernel_size": 1156,
            "TENSIX_DM_1_max_kernel_size": 1688
        }
    },
    "op_code": "BinaryNgDeviceOperation",
    "op_hash": 4858432732020396754,
    "op_type": "tt_dnn_device",
    "optional_input_tensors": [],
    "output_tensors": [
        {
            "dtype": "BFLOAT16",
            "layout": "TILE",
            "shape": {
                "W": "1[1]",
                "X": "2816[2816]",
                "Y": "128[128]",
                "Z": "1[1]"
            },
            "storage_type": {
                "device_id": 0,
                "memory_config": {
                    "buffer_type": "L1",
                    "memory_layout": "INTERLEAVED"
                }
            }
        }
    ],
    "performance_model": {
        "bandwidth_ns": 1,
        "compute_ns": 1,
        "ideal_ns": 1,
        "input_bws": [],
        "output_bws": []
    },
    "program_cache_hit": false
}`;17151406807
`TT_DNN_DEVICE_OP: "ReduceDeviceOperation", 2330917652251988961, 3, false, 111619 ->
{
    "attributes": {
        "compute_kernel_config": "ComputeKernelConfig(math_fidelity=HiFi4,math_approx_mode=0,fp32_dest_acc_en=1,packer_l1_acc=0,dst_full_sync_en=0,throttle_level=ThrottleLevel::NO_THROTTLE)",
        "dim": "ReduceOpDim::H",
        "math_op": "ReduceOpMath::SUM",
        "negate": "false",
        "output_dtype": "DataType::BFLOAT16",
        "output_mem_config": "MemoryConfig(memory_layout=TensorMemoryLayout::INTERLEAVED,buffer_type=BufferType::L1,shard_spec=std::nullopt,nd_shard_spec=std::nullopt,created_with_nd_shard_spec=0)",
        "post_mul_scaler": "1",
        "row_major_h_dense_path": "false",
        "row_major_w_dense_path": "false",
        "scaler": "1",
        "sub_core_grids": "std::nullopt"
    },
    "device_id": 3,
    "global_call_count": 111619,
    "input_tensors": [
        {
            "dtype": "BFLOAT16",
            "layout": "TILE",
            "shape": {
                "W": "1[1]",
                "X": "2816[2816]",
                "Y": "128[128]",
                "Z": "1[1]"
            },
            "storage_type": {
                "device_id": 0,
                "memory_config": {
                    "buffer_type": "L1",
                    "memory_layout": "INTERLEAVED"
                }
            }
        }
    ],
    "kernel_info": {
        "compute_kernels": [
            {
                "math_fidelity": "HiFi4",
                "name": "reduce/1524367778934156172/",
                "source": "ttnn/cpp/ttnn/operations/reduction/generic/device/kernels/compute/reduce.cpp"
            }
        ],
        "datamovement_kernels": [
            {
                "name": "writer_unary_interleaved_start_id/6553021502209161052/",
                "source": "ttnn/cpp/ttnn/operations/eltwise/unary/device/kernels/dataflow/writer_unary_interleaved_start_id.cpp"
            },
            {
                "name": "reader_unary_transpose_wh_universal_input_cols_partitioned/10975819911900683681/",
                "source": "ttnn/cpp/ttnn/operations/reduction/generic/device/kernels/dataflow/reader_unary_transpose_wh_universal_input_cols_partitioned.cpp"
            }
        ],
        "kernel_sizes": {
            "ACTIVE_ETH_DM_0_max_kernel_size": 0,
            "ACTIVE_ETH_DM_1_max_kernel_size": 0,
            "IDLE_ETH_DM_0_max_kernel_size": 0,
            "IDLE_ETH_DM_1_max_kernel_size": 0,
            "TENSIX_COMPUTE_0_max_kernel_size": 1180,
            "TENSIX_COMPUTE_1_max_kernel_size": 896,
            "TENSIX_COMPUTE_2_max_kernel_size": 1224,
            "TENSIX_DM_0_max_kernel_size": 1104,
            "TENSIX_DM_1_max_kernel_size": 1160
        }
    },
    "op_code": "ReduceDeviceOperation",
    "op_hash": 2330917652251988961,
    "op_type": "tt_dnn_device",
    "optional_input_tensors": [],
    "output_tensors": [
        {
            "dtype": "BFLOAT16",
            "layout": "TILE",
            "shape": {
                "W": "1[1]",
                "X": "2816[2816]",
                "Y": "32[1]",
                "Z": "1[1]"
            },
            "storage_type": {
                "device_id": 0,
                "memory_config": {
                    "buffer_type": "L1",
                    "memory_layout": "INTERLEAVED"
                }
            }
        }
    ],
    "performance_model": {
        "bandwidth_ns": 1,
        "compute_ns": 1,
        "ideal_ns": 1,
        "input_bws": [],
        "output_bws": []
    },
    "program_cache_hit": false
}`;17155263515
`TT_DNN_DEVICE_OP: "LayerNormDeviceOperation", 12938534688483059852, 3, false, 112643 ->
{
    "attributes": {
        "compute_kernel_config": "ComputeKernelConfig(math_fidelity=HiFi4,math_approx_mode=0,fp32_dest_acc_en=1,packer_l1_acc=0,dst_full_sync_en=0,throttle_level=ThrottleLevel::NO_THROTTLE)",
        "distributed_norm_stage": "DistributedLayerNormStage::NOT_DISTRIBUTED",
        "dtype": "std::nullopt",
        "eps": "1e-06",
        "fused_activation": "std::nullopt",
        "norm_type": "LayerNormType::RMSNORM",
        "output_mem_config": "MemoryConfig(memory_layout=TensorMemoryLayout::INTERLEAVED,buffer_type=BufferType::DRAM,shard_spec=std::nullopt,nd_shard_spec=std::nullopt,created_with_nd_shard_spec=0)",
        "program_config": "LayerNormDefaultProgramConfig(legacy_reduction=0,legacy_rsqrt=0,use_welford=0)"
    },
    "device_id": 3,
    "global_call_count": 112643,
    "input_tensors": [
        {
            "dtype": "BFLOAT16",
            "layout": "TILE",
            "shape": {
                "W": "1[1]",
                "X": "2816[2816]",
                "Y": "32[1]",
                "Z": "1[1]"
            },
            "storage_type": {
                "device_id": 0,
                "memory_config": {
                    "buffer_type": "L1",
                    "memory_layout": "INTERLEAVED"
                }
            }
        },
        {
            "dtype": "BFLOAT16",
            "layout": "TILE",
            "shape": {
                "W": "1[1]",
                "X": "2816[2816]",
                "Y": "32[1]",
                "Z": "1[1]"
            },
            "storage_type": {
                "device_id": 0,
                "memory_config": {
                    "buffer_type": "DRAM",
                    "memory_layout": "INTERLEAVED"
                }
            }
        }
    ],
    "kernel_info": {
        "compute_kernels": [
            {
                "math_fidelity": "HiFi4",
                "name": "layernorm/11160592896517292445/",
                "source": "ttnn/cpp/ttnn/operations/normalization/layernorm/device/kernels/compute/layernorm.cpp"
            }
        ],
        "datamovement_kernels": [
            {
                "name": "writer_unary_interleaved_start_id_blocked/17956690802343788472/",
                "source": "ttnn/cpp/ttnn/operations/normalization/layernorm/device/kernels/dataflow/writer_unary_interleaved_start_id_blocked.cpp"
            },
            {
                "name": "reader_unary_interleaved_ln/9812133031272221663/",
                "source": "ttnn/cpp/ttnn/operations/normalization/layernorm/device/kernels/dataflow/reader_unary_interleaved_ln.cpp"
            }
        ],
        "kernel_sizes": {
            "ACTIVE_ETH_DM_0_max_kernel_size": 0,
            "ACTIVE_ETH_DM_1_max_kernel_size": 0,
            "IDLE_ETH_DM_0_max_kernel_size": 0,
            "IDLE_ETH_DM_1_max_kernel_size": 0,
            "TENSIX_COMPUTE_0_max_kernel_size": 3636,
            "TENSIX_COMPUTE_1_max_kernel_size": 2868,
            "TENSIX_COMPUTE_2_max_kernel_size": 3356,
            "TENSIX_DM_0_max_kernel_size": 812,
            "TENSIX_DM_1_max_kernel_size": 1592
        }
    },
    "op_code": "LayerNormDeviceOperation",
    "op_hash": 12938534688483059852,
    "op_type": "tt_dnn_device",
    "optional_input_tensors": [],
    "output_tensors": [
        {
            "dtype": "BFLOAT16",
            "layout": "TILE",
            "shape": {
                "W": "1[1]",
                "X": "2816[2816]",
                "Y": "32[1]",
                "Z": "1[1]"
            },
            "storage_type": {
                "device_id": 0,
                "memory_config": {
                    "buffer_type": "DRAM",
                    "memory_layout": "INTERLEAVED"
                }
            }
        }
    ],
    "performance_model": {
        "bandwidth_ns": 1,
        "compute_ns": 1,
        "ideal_ns": 1,
        "input_bws": [],
        "output_bws": []
    },
    "program_cache_hit": false
}`;17156847891
`TT_DNN_DEVICE_OP: "BinaryNgDeviceOperation", 1295168523863076379, 3, false, 113667`;17156942324
`TT_DNN_DEVICE_OP: "LayerNormDeviceOperation", 5622200613246340018, 3, false, 114691`;17156982331
`TT_DNN_DEVICE_OP: "BinaryNgDeviceOperation", 1295168523863076379, 3, false, 115715`;17157018320
`TT_DNN_DEVICE_OP: "BinaryNgDeviceOperation", 9109786479759121483, 3, false, 116739 ->
{
    "attributes": {
        "atol": "0",
        "binary_op_type": "BinaryOpType::MUL",
        "compute_kernel_config": "std::nullopt",
        "dtype": "DataType::BFLOAT16",
        "equal_nan": "false",
        "input_dtype": "DataType::BFLOAT16",
        "input_layout_a": "Layout::TILE",
        "input_layout_b": "Layout::TILE",
        "is_quant_op": "false",
        "is_sfpu": "true",
        "is_where_op": "false",
        "lhs_activations": "{}",
        "memory_config": "MemoryConfig(memory_layout=TensorMemoryLayout::INTERLEAVED,buffer_type=BufferType::DRAM,shard_spec=std::nullopt,nd_shard_spec=std::nullopt,created_with_nd_shard_spec=0)",
        "output_layout": "Layout::TILE",
        "post_activations": "{}",
        "rhs_activations": "{}",
        "rtol": "0",
        "scalar": "std::nullopt",
        "sub_core_grids": "std::nullopt",
        "sub_device_id": "std::nullopt",
        "subtile_broadcast_type": "SubtileBroadcastType::SCALAR_B",
        "worker_grid": "{[0-0 - 10-9]}"
    },
    "device_id": 3,
    "global_call_count": 116739,
    "input_tensors": [
        {
            "dtype": "BFLOAT16",
            "layout": "TILE",
            "shape": {
                "W": "1[1]",
                "X": "2816[2816]",
                "Y": "32[1]",
                "Z": "1[1]"
            },
            "storage_type": {
                "device_id": 0,
                "memory_config": {
                    "buffer_type": "DRAM",
                    "memory_layout": "INTERLEAVED"
                }
            }
        },
        {
            "dtype": "BFLOAT16",
            "layout": "TILE",
            "shape": {
                "W": "1[1]",
                "X": "32[1]",
                "Y": "32[1]",
                "Z": "1[1]"
            },
            "storage_type": {
                "device_id": 0,
                "memory_config": {
                    "buffer_type": "DRAM",
                    "memory_layout": "INTERLEAVED"
                }
            }
        }
    ],
    "kernel_info": {
        "compute_kernels": [
            {
                "math_fidelity": "HiFi4",
                "name": "eltwise_binary_sfpu_scalar_bcast/5417108191563464514/",
                "source": "ttnn/cpp/ttnn/operations/eltwise/binary_ng/device/kernels_ng/compute/eltwise_binary_sfpu_scalar_bcast.cpp"
            }
        ],
        "datamovement_kernels": [
            {
                "name": "writer_interleaved_no_bcast/16082081782850918657/",
                "source": "ttnn/cpp/ttnn/operations/eltwise/binary_ng/device/kernels_ng/dataflow/writer_interleaved_no_bcast.cpp"
            },
            {
                "name": "reader_interleaved_scalar_bcast/4528687550032723316/",
                "source": "ttnn/cpp/ttnn/operations/eltwise/binary_ng/device/kernels_ng/dataflow/reader_interleaved_scalar_bcast.cpp"
            }
        ],
        "kernel_sizes": {
            "ACTIVE_ETH_DM_0_max_kernel_size": 0,
            "ACTIVE_ETH_DM_1_max_kernel_size": 0,
            "IDLE_ETH_DM_0_max_kernel_size": 0,
            "IDLE_ETH_DM_1_max_kernel_size": 0,
            "TENSIX_COMPUTE_0_max_kernel_size": 3484,
            "TENSIX_COMPUTE_1_max_kernel_size": 2524,
            "TENSIX_COMPUTE_2_max_kernel_size": 4560,
            "TENSIX_DM_0_max_kernel_size": 1120,
            "TENSIX_DM_1_max_kernel_size": 1636
        }
    },
    "op_code": "BinaryNgDeviceOperation",
    "op_hash": 9109786479759121483,
    "op_type": "tt_dnn_device",
    "optional_input_tensors": [],
    "output_tensors": [
        {
            "dtype": "BFLOAT16",
            "layout": "TILE",
            "shape": {
                "W": "1[1]",
                "X": "2816[2816]",
                "Y": "32[1]",
                "Z": "1[1]"
            },
            "storage_type": {
                "device_id": 0,
                "memory_config": {
                    "buffer_type": "DRAM",
                    "memory_layout": "INTERLEAVED"
                }
            }
        }
    ],
    "performance_model": {
        "bandwidth_ns": 1,
        "compute_ns": 1,
        "ideal_ns": 1,
        "input_bws": [],
        "output_bws": []
    },
    "program_cache_hit": false
}`;17161682286
FINISH_SYNC;17171783459
`TT_METAL_TRACE_BEGIN: 3, 0`;17171949570
`TT_METAL_TRACE_ENQUEUE_PROGRAM: 3, 0, 115`;17172016789
`TT_DNN_DEVICE_OP: "LayerNormDeviceOperation", 5622200613246340018, 3, false, 117763`;17172035205
`TT_METAL_TRACE_ENQUEUE_PROGRAM: 3, 0, 116`;17172087315
`TT_DNN_DEVICE_OP: "MatmulDeviceOperation", 9851339401059281641, 3, false, 118787`;17172139266
`TT_METAL_TRACE_ENQUEUE_PROGRAM: 3, 0, 117`;17172204992
`TT_DNN_DEVICE_OP: "NLPCreateQKVHeadsDecodeDeviceOperation", 4420071296009224271, 3, false, 119811`;17172216424
`TT_METAL_TRACE_ENQUEUE_PROGRAM: 3, 0, 118`;17172238988
`TT_DNN_DEVICE_OP: "ShardedToInterleavedDeviceOperation", 3473822999492795756, 3, false, 120835`;17172247344
`TT_METAL_TRACE_ENQUEUE_PROGRAM: 3, 0, 119`;17172260039
`TT_DNN_DEVICE_OP: "ShardedToInterleavedDeviceOperation", 3517192577248902587, 3, false, 121859`;17172268004
`TT_METAL_TRACE_ENQUEUE_PROGRAM: 3, 0, 120`;17172273755
`TT_DNN_DEVICE_OP: "ShardedToInterleavedDeviceOperation", 3517192577248902587, 3, false, 122883`;17172274837
`TT_METAL_TRACE_ENQUEUE_PROGRAM: 3, 0, 121`;17172295958
`TT_DNN_DEVICE_OP: "LayerNormDeviceOperation", 12380057387830230347, 3, false, 123907`;17172309544
`TT_METAL_TRACE_ENQUEUE_PROGRAM: 3, 0, 122`;17172324743
`TT_DNN_DEVICE_OP: "LayerNormDeviceOperation", 1037146442705024254, 3, false, 124931`;17172333791
`TT_METAL_TRACE_ENQUEUE_PROGRAM: 3, 0, 123`;17172347006
`TT_DNN_DEVICE_OP: "LayerNormDeviceOperation", 15859871130617093302, 3, false, 125955`;17172354601
`TT_METAL_TRACE_ENQUEUE_PROGRAM: 3, 0, 124`;17172372315
`TT_DNN_DEVICE_OP: "InterleavedToShardedDeviceOperation", 2869520147481143698, 3, false, 126979`;17172380100
`TT_METAL_TRACE_ENQUEUE_PROGRAM: 3, 0, 125`;17172386302
`TT_DNN_DEVICE_OP: "InterleavedToShardedDeviceOperation", 2869520147481143698, 3, false, 128003`;17172387544
`TT_METAL_TRACE_ENQUEUE_PROGRAM: 3, 0, 126`;17172392604
`TT_DNN_DEVICE_OP: "InterleavedToShardedDeviceOperation", 2869520147481143698, 3, false, 129027`;17172393486
`TT_METAL_TRACE_ENQUEUE_PROGRAM: 3, 0, 127`;17172408856
`TT_DNN_DEVICE_OP: "InterleavedToShardedDeviceOperation", 2869520147481143698, 3, false, 130051`;17172409908
`TT_METAL_TRACE_ENQUEUE_PROGRAM: 3, 0, 128`;17172416300
`TT_DNN_DEVICE_OP: "InterleavedToShardedDeviceOperation", 2869520147481143698, 3, false, 131075`;17172428714
`TT_METAL_TRACE_ENQUEUE_PROGRAM: 3, 0, 129`;17172451117
`TT_DNN_DEVICE_OP: "RotaryEmbeddingHfDeviceOperation", 14774625165161834370, 3, false, 132099`;17172459784
`TT_METAL_TRACE_ENQUEUE_PROGRAM: 3, 0, 130`;17172472188
`TT_DNN_DEVICE_OP: "RotaryEmbeddingHfDeviceOperation", 12119026542983064003, 3, false, 133123`;17172481135
`TT_METAL_TRACE_ENQUEUE_PROGRAM: 3, 0, 131`;17172503147
`TT_DNN_DEVICE_OP: "PagedUpdateCacheDeviceOperation", 3244724791499214907, 3, false, 134147`;17172514389
`TT_METAL_TRACE_ENQUEUE_PROGRAM: 3, 0, 132`;17172519709
`TT_DNN_DEVICE_OP: "PagedUpdateCacheDeviceOperation", 3244724791499214907, 3, false, 135171`;17172520892
`TT_METAL_TRACE_ENQUEUE_PROGRAM: 3, 0, 133`;17172592870
`TT_DNN_DEVICE_OP: "SdpaDecodeDeviceOperation", 8031159883293367588, 3, false, 136195`;17172619833
`TT_METAL_TRACE_ENQUEUE_PROGRAM: 3, 0, 134`;17172635863
`TT_DNN_DEVICE_OP: "InterleavedToShardedDeviceOperation", 2869520147481143698, 3, false, 137219`;17172641514
`TT_METAL_TRACE_ENQUEUE_PROGRAM: 3, 0, 135`;17172671582
`TT_DNN_DEVICE_OP: "NLPConcatHeadsDecodeDeviceOperation", 17281516925188396718, 3, false, 138243`;17172690359
`TT_METAL_TRACE_ENQUEUE_PROGRAM: 3, 0, 136`;17172707441
`TT_DNN_DEVICE_OP: "ShardedToInterleavedDeviceOperation", 2985379365234434255, 3, false, 139267`;17172721629
`TT_METAL_TRACE_ENQUEUE_PROGRAM: 3, 0, 137`;17172749883
`TT_DNN_DEVICE_OP: "MatmulDeviceOperation", 4325641435150549473, 3, false, 140291`;17172790782
`TT_METAL_TRACE_ENQUEUE_PROGRAM: 3, 0, 138`;17172832332
`TT_DNN_DEVICE_OP: "SliceDeviceOperation", 6853272813270040283, 3, false, 141315`;17172869845
`TT_METAL_TRACE_ENQUEUE_PROGRAM: 3, 0, 139`;17172899442
`TT_DNN_DEVICE_OP: "LayerNormDeviceOperation", 5622200613246340018, 3, false, 142339`;17172901836
`TT_METAL_TRACE_ENQUEUE_PROGRAM: 3, 0, 140`;17172952895
`TT_DNN_DEVICE_OP: "BinaryNgDeviceOperation", 1295168523863076379, 3, false, 143363`;17173001839
`TT_METAL_TRACE_ENQUEUE_PROGRAM: 3, 0, 141`;17173013632
`TT_DNN_DEVICE_OP: "LayerNormDeviceOperation", 5622200613246340018, 3, false, 144387`;17173015405
`TT_METAL_TRACE_ENQUEUE_PROGRAM: 3, 0, 142`;17173039231
`TT_DNN_DEVICE_OP: "InterleavedToShardedDeviceOperation", 13621697827324169785, 3, false, 145411`;17173048680
`TT_METAL_TRACE_ENQUEUE_PROGRAM: 3, 0, 143`;17173075171
`TT_DNN_DEVICE_OP: "MatmulDeviceOperation", 17567899898713860746, 3, false, 146435`;17173115919
`TT_METAL_TRACE_ENQUEUE_PROGRAM: 3, 0, 144`;17173129225
`TT_DNN_DEVICE_OP: "ShardedToInterleavedDeviceOperation", 5242562209847414965, 3, false, 147459`;17173137761
`TT_METAL_TRACE_ENQUEUE_PROGRAM: 3, 0, 145`;17173171567
`TT_DNN_DEVICE_OP: "SliceDeviceOperation", 10613616057533220814, 3, false, 148483`;17173199250
`TT_METAL_TRACE_ENQUEUE_PROGRAM: 3, 0, 146`;17173221142
`TT_DNN_DEVICE_OP: "SliceDeviceOperation", 15898878185957064784, 3, false, 149507`;17173245289
`TT_METAL_TRACE_ENQUEUE_PROGRAM: 3, 0, 147`;17173295406
`TT_DNN_DEVICE_OP: "UnaryDeviceOperation", 9301122104287935342, 3, false, 150531`;17173336856
`TT_METAL_TRACE_ENQUEUE_PROGRAM: 3, 0, 148`;17173387543
`TT_DNN_DEVICE_OP: "BinaryNgDeviceOperation", 1543498124224426579, 3, false, 151555`;17173432660
`TT_METAL_TRACE_ENQUEUE_PROGRAM: 3, 0, 149`;17173450725
`TT_DNN_DEVICE_OP: "InterleavedToShardedDeviceOperation", 3512106431502706671, 3, false, 152579`;17173461215
`TT_METAL_TRACE_ENQUEUE_PROGRAM: 3, 0, 150`;17173482627
`TT_DNN_DEVICE_OP: "MatmulDeviceOperation", 215851181377534448, 3, false, 153603`;17173522584
`TT_METAL_TRACE_ENQUEUE_PROGRAM: 3, 0, 151`;17173534677
`TT_DNN_DEVICE_OP: "ShardedToInterleavedDeviceOperation", 6654788177544558405, 3, false, 154627`;17173543023
`TT_METAL_TRACE_ENQUEUE_PROGRAM: 3, 0, 152`;17173566819
`TT_DNN_DEVICE_OP: "LayerNormDeviceOperation", 5622200613246340018, 3, false, 155651`;17173569043
`TT_METAL_TRACE_ENQUEUE_PROGRAM: 3, 0, 153`;17173583131
`TT_DNN_DEVICE_OP: "LayerNormDeviceOperation", 4717931392193969438, 3, false, 156675`;17173591296
`TT_METAL_TRACE_ENQUEUE_PROGRAM: 3, 0, 154`;17173643697
`TT_DNN_DEVICE_OP: "BinaryNgDeviceOperation", 10603765315767193575, 3, false, 157699`;17173690888
`TT_METAL_TRACE_ENQUEUE_PROGRAM: 3, 0, 155`;17173735474
`TT_DNN_DEVICE_OP: "BinaryNgDeviceOperation", 931668613241627614, 3, false, 158723`;17173777245
`TT_METAL_TRACE_ENQUEUE_PROGRAM: 3, 0, 156`;17173805389
`TT_DNN_DEVICE_OP: "TypecastDeviceOperation", 18388586434115707283, 3, false, 159747`;17173839535
`TT_METAL_TRACE_ENQUEUE_PROGRAM: 3, 0, 157`;17173859033
`TT_DNN_DEVICE_OP: "MatmulDeviceOperation", 13293900178851067892, 3, false, 160771`;17173871437
`TT_METAL_TRACE_ENQUEUE_PROGRAM: 3, 0, 158`;17173880715
`TT_DNN_DEVICE_OP: "TypecastDeviceOperation", 11488784257729361333, 3, false, 161795`;17173888640
`TT_METAL_TRACE_ENQUEUE_PROGRAM: 3, 0, 159`;17173907105
`TT_DNN_DEVICE_OP: "FillPadDeviceOperation", 13832910413183836699, 3, false, 162819`;17173915742
`TT_METAL_TRACE_ENQUEUE_PROGRAM: 3, 0, 160`;17173937304
`TT_DNN_DEVICE_OP: "TopKDeviceOperation", 4970718084269396396, 3, false, 163843`;17173948565
`TT_METAL_TRACE_ENQUEUE_PROGRAM: 3, 0, 161`;17173965338
`TT_DNN_DEVICE_OP: "SliceDeviceOperation", 6229401578558839682, 3, false, 164867`;17173973093
`TT_METAL_TRACE_ENQUEUE_PROGRAM: 3, 0, 162`;17173985657
`TT_DNN_DEVICE_OP: "SliceDeviceOperation", 4769391882251065572, 3, false, 165891`;17173991919
`TT_METAL_TRACE_ENQUEUE_PROGRAM: 3, 0, 163`;17174041715
`TT_DNN_DEVICE_OP: "SoftmaxDeviceOperation", 2140592982607737905, 3, false, 166915`;17174085610
`TT_METAL_TRACE_ENQUEUE_PROGRAM: 3, 0, 164`;17174135326
`TT_DNN_DEVICE_OP: "UnaryDeviceOperation", 17376454958624202605, 3, false, 167939`;17174172838
`TT_METAL_TRACE_ENQUEUE_PROGRAM: 3, 0, 165`;17174193037
`TT_DNN_DEVICE_OP: "UntilizeWithUnpaddingDeviceOperation", 2302606096785234506, 3, false, 168963`;17174200521
`TT_METAL_TRACE_ENQUEUE_PROGRAM: 3, 0, 166`;17174210240
`TT_DNN_DEVICE_OP: "UntilizeWithUnpaddingDeviceOperation", 15476854820214562322, 3, false, 169987`;17174215881
`TT_METAL_TRACE_ENQUEUE_PROGRAM: 3, 0, 167`;17174231962
`TT_DNN_DEVICE_OP: "UntilizeWithUnpaddingDeviceOperation", 2994067751723053779, 3, false, 171011`;17174238384
`TT_METAL_TRACE_ENQUEUE_PROGRAM: 3, 0, 168`;17174251440
`TT_DNN_DEVICE_OP: "ScatterDeviceOperation", 18131599409051876728, 3, false, 172035`;17174258102
`TT_METAL_TRACE_ENQUEUE_PROGRAM: 3, 0, 169`;17174274785
`TT_DNN_DEVICE_OP: "TilizeWithValPaddingDeviceOperation", 3659389130450307870, 3, false, 173059`;17174281978
`TT_METAL_TRACE_ENQUEUE_PROGRAM: 3, 0, 170`;17174325573
`TT_DNN_DEVICE_OP: "BinaryNgDeviceOperation", 10603765315767193575, 3, false, 174083`;17174335502
`TT_METAL_TRACE_ENQUEUE_PROGRAM: 3, 0, 171`;17174347184
`TT_DNN_DEVICE_OP: "TypecastDeviceOperation", 4946818355118031071, 3, false, 175107`;17174355200
`TT_METAL_TRACE_ENQUEUE_PROGRAM: 3, 0, 172`;17174380959
`TT_DNN_DEVICE_OP: "LayerNormDeviceOperation", 5622200613246340018, 3, false, 176131`;17174383234
`TT_METAL_TRACE_ENQUEUE_PROGRAM: 3, 0, 173`;17174404465
`TT_DNN_DEVICE_OP: "CopyDeviceOperation", 5960117295356176589, 3, false, 177155`;17174440805
`TT_METAL_TRACE_ENQUEUE_PROGRAM: 3, 0, 174`;17174452407
`TT_DNN_DEVICE_OP: "UntilizeWithUnpaddingDeviceOperation", 2302606096785234506, 3, false, 178179`;17174453980
`TT_METAL_TRACE_ENQUEUE_PROGRAM: 3, 0, 175`;17174527803
`TT_DNN_DEVICE_OP: "UnaryDeviceOperation", 10547631950658891292, 3, false, 179203`;17174569824
`TT_METAL_TRACE_ENQUEUE_PROGRAM: 3, 0, 176`;17174583781
`TT_DNN_DEVICE_OP: "SparseMatmulDeviceOperation", 3173485845626336379, 3, false, 180227`;17174598509
`TT_METAL_TRACE_ENQUEUE_PROGRAM: 3, 0, 177`;17174644588
`TT_DNN_DEVICE_OP: "TransposeDeviceOperation", 2766089270366321863, 3, false, 181251`;17174680397
`TT_METAL_TRACE_ENQUEUE_PROGRAM: 3, 0, 178`;17174720364
`TT_DNN_DEVICE_OP: "UnaryDeviceOperation", 10547631950658891292, 3, false, 182275`;17174726476
`TT_METAL_TRACE_ENQUEUE_PROGRAM: 3, 0, 179`;17174732117
`TT_DNN_DEVICE_OP: "SparseMatmulDeviceOperation", 3173485845626336379, 3, false, 183299`;17174734471
`TT_METAL_TRACE_ENQUEUE_PROGRAM: 3, 0, 180`;17174755502
`TT_DNN_DEVICE_OP: "TransposeDeviceOperation", 2766089270366321863, 3, false, 184323`;17174759640
`TT_METAL_TRACE_ENQUEUE_PROGRAM: 3, 0, 181`;17174791722
`TT_DNN_DEVICE_OP: "UnaryDeviceOperation", 8471868997931786206, 3, false, 185347`;17174835887
`TT_METAL_TRACE_ENQUEUE_PROGRAM: 3, 0, 182`;17174881254
`TT_DNN_DEVICE_OP: "BinaryNgDeviceOperation", 9180236233960390419, 3, false, 186371`;17174924899
`TT_METAL_TRACE_ENQUEUE_PROGRAM: 3, 0, 183`;17174950478
`TT_DNN_DEVICE_OP: "TransposeDeviceOperation", 2882979786165573976, 3, false, 187395`;17174980446
`TT_METAL_TRACE_ENQUEUE_PROGRAM: 3, 0, 184`;17175014782
`TT_DNN_DEVICE_OP: "UnaryDeviceOperation", 10547631950658891292, 3, false, 188419`;17175020723
`TT_METAL_TRACE_ENQUEUE_PROGRAM: 3, 0, 185`;17175027286
`TT_DNN_DEVICE_OP: "SparseMatmulDeviceOperation", 15222272368412829498, 3, false, 189443`;17175050841
`TT_METAL_TRACE_ENQUEUE_PROGRAM: 3, 0, 186`;17175074457
`TT_DNN_DEVICE_OP: "TransposeDeviceOperation", 15639109912216061338, 3, false, 190467`;17175104214
`TT_METAL_TRACE_ENQUEUE_PROGRAM: 3, 0, 187`;17175119804
`TT_DNN_DEVICE_OP: "ReshapeViewDeviceOperation", 9156512380716054172, 3, false, 191491`;17175127109
`TT_METAL_TRACE_ENQUEUE_PROGRAM: 3, 0, 188`;17175165713
`TT_DNN_DEVICE_OP: "BinaryNgDeviceOperation", 4858432732020396754, 3, false, 192515`;17175205169
`TT_METAL_TRACE_ENQUEUE_PROGRAM: 3, 0, 189`;17175226751
`TT_DNN_DEVICE_OP: "ReduceDeviceOperation", 2330917652251988961, 3, false, 193539`;17175255777
`TT_METAL_TRACE_ENQUEUE_PROGRAM: 3, 0, 190`;17175290023
`TT_DNN_DEVICE_OP: "LayerNormDeviceOperation", 12938534688483059852, 3, false, 194563`;17175296616
`TT_METAL_TRACE_ENQUEUE_PROGRAM: 3, 0, 191`;17175332525
`TT_DNN_DEVICE_OP: "BinaryNgDeviceOperation", 1295168523863076379, 3, false, 195587`;17175342113
`TT_METAL_TRACE_ENQUEUE_PROGRAM: 3, 0, 192`;17175351872
`TT_DNN_DEVICE_OP: "LayerNormDeviceOperation", 5622200613246340018, 3, false, 196611`;17175356220
`TT_METAL_TRACE_ENQUEUE_PROGRAM: 3, 0, 193`;17175383844
`TT_DNN_DEVICE_OP: "BinaryNgDeviceOperation", 1295168523863076379, 3, false, 197635`;17175392040
`TT_METAL_TRACE_ENQUEUE_PROGRAM: 3, 0, 194`;17175422378
`TT_DNN_DEVICE_OP: "BinaryNgDeviceOperation", 9109786479759121483, 3, false, 198659`;17175465371
`TT_METAL_TRACE_END: 3, 0`;17175478967
`TT_METAL_TRACE_REPLAY: 3, 0`;17175972910
`TT_METAL_TRACE_REPLAY: 3, 0`;17177292255
`TT_METAL_TRACE_REPLAY: 3, 0`;17178608694
`TT_METAL_TRACE_REPLAY: 3, 0`;17179931135
`TT_METAL_TRACE_REPLAY: 3, 0`;17181248315
`TT_METAL_TRACE_REPLAY: 3, 0`;17182565766
`TT_METAL_TRACE_REPLAY: 3, 0`;17183887045
`TT_METAL_TRACE_REPLAY: 3, 0`;17185205037
`TT_METAL_TRACE_REPLAY: 3, 0`;17186521536
`TT_METAL_TRACE_REPLAY: 3, 0`;17187838126
`TT_METAL_TRACE_REPLAY: 3, 0`;17189173020
`TT_METAL_TRACE_REPLAY: 3, 0`;17190489309
`TT_METAL_TRACE_REPLAY: 3, 0`;17191787924
`TT_METAL_TRACE_REPLAY: 3, 0`;17193085357
`TT_METAL_TRACE_REPLAY: 3, 0`;17194385935
`TT_METAL_TRACE_REPLAY: 3, 0`;17195685722
`TT_METAL_TRACE_REPLAY: 3, 0`;17196983786
`TT_METAL_TRACE_REPLAY: 3, 0`;17198282982
`TT_METAL_TRACE_REPLAY: 3, 0`;17199581627
`TT_METAL_TRACE_REPLAY: 3, 0`;17200884830
`TT_METAL_TRACE_REPLAY: 3, 0`;17202181632
`TT_METAL_TRACE_REPLAY: 3, 0`;17203479986
`TT_METAL_TRACE_REPLAY: 3, 0`;17204784011
`TT_METAL_TRACE_REPLAY: 3, 0`;17206080973
`TT_METAL_TRACE_REPLAY: 3, 0`;17207382894
`TT_METAL_TRACE_REPLAY: 3, 0`;17208680827
`TT_METAL_TRACE_REPLAY: 3, 0`;17209977609
`TT_METAL_TRACE_REPLAY: 3, 0`;17211282646
`TT_METAL_TRACE_REPLAY: 3, 0`;17212584527
`TT_METAL_TRACE_REPLAY: 3, 0`;17213881879
`TT_METAL_TRACE_REPLAY: 3, 0`;17215177067
`TT_METAL_TRACE_REPLAY: 3, 0`;17216469731
`TT_METAL_TRACE_REPLAY: 3, 0`;17217763646
`TT_METAL_TRACE_REPLAY: 3, 0`;17219059165
`TT_METAL_TRACE_REPLAY: 3, 0`;17220350626
`TT_METAL_TRACE_REPLAY: 3, 0`;17221647207
`TT_METAL_TRACE_REPLAY: 3, 0`;17222939991
`TT_METAL_TRACE_REPLAY: 3, 0`;17224233596
`TT_METAL_TRACE_REPLAY: 3, 0`;17225527081
`TT_METAL_TRACE_REPLAY: 3, 0`;17226834813
`TT_METAL_TRACE_REPLAY: 3, 0`;17228127987
`TT_METAL_TRACE_REPLAY: 3, 0`;17229419558
`TT_METAL_TRACE_REPLAY: 3, 0`;17230714196
`TT_METAL_TRACE_REPLAY: 3, 0`;17232015606
`TT_METAL_TRACE_REPLAY: 3, 0`;17233317868
`TT_METAL_TRACE_REPLAY: 3, 0`;17234609258
`TT_METAL_TRACE_REPLAY: 3, 0`;17235899978
`TT_METAL_TRACE_REPLAY: 3, 0`;17237193573
`TT_METAL_TRACE_REPLAY: 3, 0`;17238490184
`TT_METAL_TRACE_REPLAY: 3, 0`;17239788218
`TT_METAL_TRACE_REPLAY: 3, 0`;17241081522
`TT_METAL_TRACE_REPLAY: 3, 0`;17242374005
`TT_METAL_TRACE_REPLAY: 3, 0`;17243670957
`TT_METAL_TRACE_REPLAY: 3, 0`;17244969111
`TT_METAL_TRACE_REPLAY: 3, 0`;17246270060
`TT_METAL_TRACE_REPLAY: 3, 0`;17247562152
`TT_METAL_TRACE_REPLAY: 3, 0`;17248853984
`TT_METAL_TRACE_REPLAY: 3, 0`;17250147779
`TT_METAL_TRACE_REPLAY: 3, 0`;17251441555
`TT_METAL_TRACE_REPLAY: 3, 0`;17252738236
`TT_METAL_TRACE_REPLAY: 3, 0`;17254061769
`TT_METAL_TRACE_REPLAY: 3, 0`;17255357818
`TT_METAL_TRACE_REPLAY: 3, 0`;17256653648
`TT_METAL_TRACE_REPLAY: 3, 0`;17257945780
`TT_METAL_TRACE_REPLAY: 3, 0`;17259239696
`TT_METAL_TRACE_REPLAY: 3, 0`;17260532720
`TT_METAL_TRACE_REPLAY: 3, 0`;17261825363
`TT_METAL_TRACE_REPLAY: 3, 0`;17263118066
`TT_METAL_TRACE_REPLAY: 3, 0`;17264411872
`TT_METAL_TRACE_REPLAY: 3, 0`;17265708323
`TT_METAL_TRACE_REPLAY: 3, 0`;17266998832
`TT_METAL_TRACE_REPLAY: 3, 0`;17268289772
`TT_METAL_TRACE_REPLAY: 3, 0`;17269586323
`TT_METAL_TRACE_REPLAY: 3, 0`;17270877162
`TT_METAL_TRACE_REPLAY: 3, 0`;17272170176
`TT_METAL_TRACE_REPLAY: 3, 0`;17273464693
`TT_METAL_TRACE_REPLAY: 3, 0`;17274758288
`TT_METAL_TRACE_REPLAY: 3, 0`;17276050992
`TT_METAL_TRACE_REPLAY: 3, 0`;17277344466
`TT_METAL_TRACE_REPLAY: 3, 0`;17278644404
`TT_METAL_TRACE_REPLAY: 3, 0`;17279939802
`TT_METAL_TRACE_REPLAY: 3, 0`;17281241193
`TT_METAL_TRACE_REPLAY: 3, 0`;17282534547
`TT_METAL_TRACE_REPLAY: 3, 0`;17283825798
`TT_METAL_TRACE_REPLAY: 3, 0`;17285119333
`TT_METAL_TRACE_REPLAY: 3, 0`;17286410984
`TT_METAL_TRACE_REPLAY: 3, 0`;17287704940
`TT_METAL_TRACE_REPLAY: 3, 0`;17288998214
`TT_METAL_TRACE_REPLAY: 3, 0`;17290288323
`TT_METAL_TRACE_REPLAY: 3, 0`;17291580796
`TT_METAL_TRACE_REPLAY: 3, 0`;17292875353
`TT_METAL_TRACE_REPLAY: 3, 0`;17294171833
`TT_METAL_TRACE_REPLAY: 3, 0`;17295464988
`TT_METAL_TRACE_REPLAY: 3, 0`;17296757961
`TT_METAL_TRACE_REPLAY: 3, 0`;17298051116
`TT_METAL_TRACE_REPLAY: 3, 0`;17299343338
`TT_METAL_TRACE_REPLAY: 3, 0`;17300639298
`TT_METAL_TRACE_REPLAY: 3, 0`;17301932342
`TT_METAL_TRACE_REPLAY: 3, 0`;17303224404
`TT_METAL_TRACE_REPLAY: 3, 0`;17304520935
`TT_METAL_TRACE_REPLAY: 3, 0`;17305813508
`TT_METAL_TRACE_REPLAY: 3, 0`;17307109548
`TT_METAL_TRACE_REPLAY: 3, 0`;17308401049
`TT_METAL_TRACE_REPLAY: 3, 0`;17309694153
`TT_METAL_TRACE_REPLAY: 3, 0`;17310985674
`TT_METAL_TRACE_REPLAY: 3, 0`;17312279590
`TT_METAL_TRACE_REPLAY: 3, 0`;17313574097
`TT_METAL_TRACE_REPLAY: 3, 0`;17314866069
`TT_METAL_TRACE_REPLAY: 3, 0`;17316157119
`TT_METAL_TRACE_REPLAY: 3, 0`;17317447638
`TT_METAL_TRACE_REPLAY: 3, 0`;17318765620
`TT_METAL_TRACE_REPLAY: 3, 0`;17320056430
`TT_METAL_TRACE_REPLAY: 3, 0`;17321349654
`TT_METAL_TRACE_REPLAY: 3, 0`;17322641596
`TT_METAL_TRACE_REPLAY: 3, 0`;17323934069
`TT_METAL_TRACE_REPLAY: 3, 0`;17325229077
`TT_METAL_TRACE_REPLAY: 3, 0`;17326524906
`TT_METAL_TRACE_REPLAY: 3, 0`;17327817379
`TT_METAL_TRACE_REPLAY: 3, 0`;17329134830
`TT_METAL_TRACE_REPLAY: 3, 0`;17330443204
`TT_METAL_TRACE_REPLAY: 3, 0`;17331739093
`TT_METAL_TRACE_REPLAY: 3, 0`;17333037598
`TT_METAL_TRACE_REPLAY: 3, 0`;17334328478
`TT_METAL_TRACE_REPLAY: 3, 0`;17335621582
`TT_METAL_TRACE_REPLAY: 3, 0`;17336913564
`TT_METAL_TRACE_REPLAY: 3, 0`;17338210015
`TT_METAL_TRACE_REPLAY: 3, 0`;17339504562
`TT_METAL_TRACE_REPLAY: 3, 0`;17340797165
`TT_METAL_TRACE_REPLAY: 3, 0`;17342091261
`TT_METAL_TRACE_REPLAY: 3, 0`;17343386108
`TT_METAL_TRACE_REPLAY: 3, 0`;17344678511
`TT_METAL_TRACE_REPLAY: 3, 0`;17345974821
`TT_METAL_TRACE_REPLAY: 3, 0`;17347288175
`TT_METAL_TRACE_REPLAY: 3, 0`;17348587320
`TT_METAL_TRACE_REPLAY: 3, 0`;17349880455
`TT_METAL_TRACE_REPLAY: 3, 0`;17351172186
`TT_METAL_TRACE_REPLAY: 3, 0`;17352464128
`TT_METAL_TRACE_REPLAY: 3, 0`;17353755860
`TT_METAL_TRACE_REPLAY: 3, 0`;17355050667
`TT_METAL_TRACE_REPLAY: 3, 0`;17356347909
`TT_METAL_TRACE_REPLAY: 3, 0`;17357641444
`TT_METAL_TRACE_REPLAY: 3, 0`;17358934388
`TT_METAL_TRACE_REPLAY: 3, 0`;17360227803
`TT_METAL_TRACE_REPLAY: 3, 0`;17361519795
`TT_METAL_TRACE_REPLAY: 3, 0`;17362811005
`TT_METAL_TRACE_REPLAY: 3, 0`;17364103889
`TT_METAL_TRACE_REPLAY: 3, 0`;17365399809
`TT_METAL_TRACE_REPLAY: 3, 0`;17366696049
`TT_METAL_TRACE_REPLAY: 3, 0`;17367989063
`TT_METAL_TRACE_REPLAY: 3, 0`;17369281706
`TT_METAL_TRACE_REPLAY: 3, 0`;17370573187
`TT_METAL_TRACE_REPLAY: 3, 0`;17371869367
`TT_METAL_TRACE_REPLAY: 3, 0`;17373161449
`TT_METAL_TRACE_REPLAY: 3, 0`;17374454473
`TT_METAL_TRACE_REPLAY: 3, 0`;17375745874
`TT_METAL_TRACE_REPLAY: 3, 0`;17377039950
`TT_METAL_TRACE_REPLAY: 3, 0`;17378335669
`TT_METAL_TRACE_REPLAY: 3, 0`;17379627701
`TT_METAL_TRACE_REPLAY: 3, 0`;17380922389
`TT_METAL_TRACE_REPLAY: 3, 0`;17382221775
`TT_METAL_TRACE_REPLAY: 3, 0`;17383545739
`TT_METAL_TRACE_REPLAY: 3, 0`;17384841568
`TT_METAL_TRACE_REPLAY: 3, 0`;17386134141
`TT_METAL_TRACE_REPLAY: 3, 0`;17387425632
`TT_METAL_TRACE_REPLAY: 3, 0`;17388718265
`TT_METAL_TRACE_REPLAY: 3, 0`;17390010197
`TT_METAL_TRACE_REPLAY: 3, 0`;17391306107
`TT_METAL_TRACE_REPLAY: 3, 0`;17392602628
`TT_METAL_TRACE_REPLAY: 3, 0`;17393894710
`TT_METAL_TRACE_REPLAY: 3, 0`;17395185079
`TT_METAL_TRACE_REPLAY: 3, 0`;17396478754
`TT_METAL_TRACE_REPLAY: 3, 0`;17397771297
`TT_METAL_TRACE_REPLAY: 3, 0`;17399064802
`TT_METAL_TRACE_REPLAY: 3, 0`;17400359389
`TT_METAL_TRACE_REPLAY: 3, 0`;17401652072
`TT_METAL_TRACE_REPLAY: 3, 0`;17402945838
`TT_METAL_TRACE_REPLAY: 3, 0`;17404244312
`TT_METAL_TRACE_REPLAY: 3, 0`;17405540422
`TT_METAL_TRACE_REPLAY: 3, 0`;17406833556
`TT_METAL_TRACE_REPLAY: 3, 0`;17408125819
`TT_METAL_TRACE_REPLAY: 3, 0`;17409418773
`TT_METAL_TRACE_REPLAY: 3, 0`;17410712198
`TT_METAL_TRACE_REPLAY: 3, 0`;17412004250
`TT_METAL_TRACE_REPLAY: 3, 0`;17413298286
`TT_METAL_TRACE_REPLAY: 3, 0`;17414591059
`TT_METAL_TRACE_REPLAY: 3, 0`;17415882300
`TT_METAL_TRACE_REPLAY: 3, 0`;17417179281
`TT_METAL_TRACE_REPLAY: 3, 0`;17418474409
`TT_METAL_TRACE_REPLAY: 3, 0`;17419767313
`TT_METAL_TRACE_REPLAY: 3, 0`;17421059816
`TT_METAL_TRACE_REPLAY: 3, 0`;17422350345
`TT_METAL_TRACE_REPLAY: 3, 0`;17423642057
`TT_METAL_TRACE_REPLAY: 3, 0`;17424933939
`TT_METAL_TRACE_REPLAY: 3, 0`;17426223656
`TT_METAL_TRACE_REPLAY: 3, 0`;17427517642
`TT_METAL_TRACE_REPLAY: 3, 0`;17428810536
`TT_METAL_TRACE_REPLAY: 3, 0`;17430109341
`TT_METAL_TRACE_REPLAY: 3, 0`;17431403016
`TT_METAL_TRACE_REPLAY: 3, 0`;17432694758
`TT_METAL_TRACE_REPLAY: 3, 0`;17433986900
`TT_METAL_TRACE_REPLAY: 3, 0`;17435279964
`TT_METAL_TRACE_REPLAY: 3, 0`;17436571686
`TT_METAL_TRACE_REPLAY: 3, 0`;17437865281
`TT_METAL_TRACE_REPLAY: 3, 0`;17439161220
`TT_METAL_TRACE_REPLAY: 3, 0`;17440458002
`TT_METAL_TRACE_REPLAY: 3, 0`;17441750094
`TT_METAL_TRACE_REPLAY: 3, 0`;17443047586
`TT_METAL_TRACE_REPLAY: 3, 0`;17444337905
`TT_METAL_TRACE_REPLAY: 3, 0`;17445631009
`TT_METAL_TRACE_REPLAY: 3, 0`;17446923923
`TT_METAL_TRACE_REPLAY: 3, 0`;17448235874
`TT_METAL_TRACE_REPLAY: 3, 0`;17449528417
`TT_METAL_TRACE_REPLAY: 3, 0`;17450819938
`TT_METAL_TRACE_REPLAY: 3, 0`;17452112381
`TT_METAL_TRACE_REPLAY: 3, 0`;17453405214
`TT_METAL_TRACE_REPLAY: 3, 0`;17454696876
`TT_METAL_TRACE_REPLAY: 3, 0`;17455988247
`TT_METAL_TRACE_REPLAY: 3, 0`;17457277954
`TT_METAL_TRACE_REPLAY: 3, 0`;17458570497
`TT_METAL_TRACE_REPLAY: 3, 0`;17459863291
`TT_METAL_TRACE_REPLAY: 3, 0`;17461155463
`TT_METAL_TRACE_REPLAY: 3, 0`;17462446874
`TT_METAL_TRACE_REPLAY: 3, 0`;17463740018
`TT_METAL_TRACE_REPLAY: 3, 0`;17465033393
`TT_METAL_TRACE_REPLAY: 3, 0`;17466325916
`TT_METAL_TRACE_REPLAY: 3, 0`;17467617888
`TT_METAL_TRACE_REPLAY: 3, 0`;17468912966
`TT_METAL_TRACE_REPLAY: 3, 0`;17470205589
`TT_METAL_TRACE_REPLAY: 3, 0`;17471498783
`TT_METAL_TRACE_REPLAY: 3, 0`;17472790765
`TT_METAL_TRACE_REPLAY: 3, 0`;17474081695
`TT_METAL_TRACE_REPLAY: 3, 0`;17475374649
`TT_METAL_TRACE_REPLAY: 3, 0`;17476668014
`TT_METAL_TRACE_REPLAY: 3, 0`;17477963242
`TT_METAL_TRACE_REPLAY: 3, 0`;17479255374
`TT_METAL_TRACE_REPLAY: 3, 0`;17480548288
`TT_METAL_TRACE_REPLAY: 3, 0`;17481844468
`TT_METAL_TRACE_REPLAY: 3, 0`;17483137292
`TT_METAL_TRACE_REPLAY: 3, 0`;17484428492
`TT_METAL_TRACE_REPLAY: 3, 0`;17485720184
`TT_METAL_TRACE_REPLAY: 3, 0`;17487012416
`TT_METAL_TRACE_REPLAY: 3, 0`;17488302945
`TT_METAL_TRACE_REPLAY: 3, 0`;17489595108
`TT_METAL_TRACE_REPLAY: 3, 0`;17490891989
`TT_METAL_TRACE_REPLAY: 3, 0`;17492184112
`TT_METAL_TRACE_REPLAY: 3, 0`;17493476374
`TT_METAL_TRACE_REPLAY: 3, 0`;17494768256
`TT_METAL_TRACE_REPLAY: 3, 0`;17496060118
`TT_METAL_TRACE_REPLAY: 3, 0`;17497352901
`TT_METAL_TRACE_REPLAY: 3, 0`;17498644813
`TT_METAL_TRACE_REPLAY: 3, 0`;17499938228
`TT_METAL_TRACE_REPLAY: 3, 0`;17501229108
`TT_METAL_TRACE_REPLAY: 3, 0`;17502521230
`TT_METAL_TRACE_REPLAY: 3, 0`;17503813853
`TT_METAL_TRACE_REPLAY: 3, 0`;17505105394
`TT_METAL_TRACE_REPLAY: 3, 0`;17506402085
`TT_METAL_TRACE_REPLAY: 3, 0`;17507694829
`TT_METAL_TRACE_REPLAY: 3, 0`;17508988063
`TT_METAL_TRACE_REPLAY: 3, 0`;17510278202
`TT_METAL_TRACE_REPLAY: 3, 0`;17511571386
`TT_SIGNPOST: PERF_DECODE`;17512897975
`TT_METAL_TRACE_REPLAY: 3, 0`;17513074685
`TT_SIGNPOST: PERF_DECODE_END`;17514384692
Profiler DRAM buffers were full, markers were dropped! device 3, worker core 1, 2, Risc BRISC,  bufferEndIndex = 12000. Please either decrease the number of ops being profiled or run read device profiler more often;17519188438
Profiler DRAM buffers were full, markers were dropped! device 3, worker core 1, 2, Risc NCRISC,  bufferEndIndex = 12000. Please either decrease the number of ops being profiled or run read device profiler more often;17519777123
Profiler DRAM buffers were full, markers were dropped! device 3, worker core 1, 2, Risc TRISC_0,  bufferEndIndex = 12000. Please either decrease the number of ops being profiled or run read device profiler more often;17520272178
Profiler DRAM buffers were full, markers were dropped! device 3, worker core 1, 2, Risc TRISC_1,  bufferEndIndex = 12000. Please either decrease the number of ops being profiled or run read device profiler more often;17520607555
Profiler DRAM buffers were full, markers were dropped! device 3, worker core 1, 2, Risc TRISC_2,  bufferEndIndex = 12000. Please either decrease the number of ops being profiled or run read device profiler more often;17520925077
Profiler DRAM buffers were full, markers were dropped! device 3, worker core 1, 3, Risc BRISC,  bufferEndIndex = 12000. Please either decrease the number of ops being profiled or run read device profiler more often;17521237710
Profiler DRAM buffers were full, markers were dropped! device 3, worker core 1, 3, Risc NCRISC,  bufferEndIndex = 12000. Please either decrease the number of ops being profiled or run read device profiler more often;17521746472
Profiler DRAM buffers were full, markers were dropped! device 3, worker core 1, 3, Risc TRISC_0,  bufferEndIndex = 12000. Please either decrease the number of ops being profiled or run read device profiler more often;17522214144
Profiler DRAM buffers were full, markers were dropped! device 3, worker core 1, 3, Risc TRISC_1,  bufferEndIndex = 12000. Please either decrease the number of ops being profiled or run read device profiler more often;17522554170
Profiler DRAM buffers were full, markers were dropped! device 3, worker core 1, 3, Risc TRISC_2,  bufferEndIndex = 12000. Please either decrease the number of ops being profiled or run read device profiler more often;17522910156
Profiler DRAM buffers were full, markers were dropped! device 3, worker core 1, 4, Risc BRISC,  bufferEndIndex = 12000. Please either decrease the number of ops being profiled or run read device profiler more often;17523339194
Profiler DRAM buffers were full, markers were dropped! device 3, worker core 1, 4, Risc NCRISC,  bufferEndIndex = 12000. Please either decrease the number of ops being profiled or run read device profiler more often;17523809681
Profiler DRAM buffers were full, markers were dropped! device 3, worker core 1, 4, Risc TRISC_0,  bufferEndIndex = 12000. Please either decrease the number of ops being profiled or run read device profiler more often;17524269759
Profiler DRAM buffers were full, markers were dropped! device 3, worker core 1, 4, Risc TRISC_1,  bufferEndIndex = 12000. Please either decrease the number of ops being profiled or run read device profiler more often;17524628781
Profiler DRAM buffers were full, markers were dropped! device 3, worker core 1, 4, Risc TRISC_2,  bufferEndIndex = 12000. Please either decrease the number of ops being profiled or run read device profiler more often;17525012551
Profiler DRAM buffers were full, markers were dropped! device 3, worker core 1, 5, Risc BRISC,  bufferEndIndex = 12000. Please either decrease the number of ops being profiled or run read device profiler more often;17525386583
Profiler DRAM buffers were full, markers were dropped! device 3, worker core 1, 5, Risc NCRISC,  bufferEndIndex = 12000. Please either decrease the number of ops being profiled or run read device profiler more often;17525859836
Profiler DRAM buffers were full, markers were dropped! device 3, worker core 1, 5, Risc TRISC_0,  bufferEndIndex = 12000. Please either decrease the number of ops being profiled or run read device profiler more often;17526335533
Profiler DRAM buffers were full, markers were dropped! device 3, worker core 1, 5, Risc TRISC_1,  bufferEndIndex = 12000. Please either decrease the number of ops being profiled or run read device profiler more often;17526697181
Profiler DRAM buffers were full, markers were dropped! device 3, worker core 1, 5, Risc TRISC_2,  bufferEndIndex = 12000. Please either decrease the number of ops being profiled or run read device profiler more often;17527058958
Profiler DRAM buffers were full, markers were dropped! device 3, worker core 1, 6, Risc BRISC,  bufferEndIndex = 12000. Please either decrease the number of ops being profiled or run read device profiler more often;17527414033
Profiler DRAM buffers were full, markers were dropped! device 3, worker core 1, 6, Risc NCRISC,  bufferEndIndex = 12000. Please either decrease the number of ops being profiled or run read device profiler more often;17527889009
Profiler DRAM buffers were full, markers were dropped! device 3, worker core 1, 6, Risc TRISC_0,  bufferEndIndex = 12000. Please either decrease the number of ops being profiled or run read device profiler more often;17528368063
Profiler DRAM buffers were full, markers were dropped! device 3, worker core 1, 6, Risc TRISC_1,  bufferEndIndex = 12000. Please either decrease the number of ops being profiled or run read device profiler more often;17528745832
Profiler DRAM buffers were full, markers were dropped! device 3, worker core 1, 6, Risc TRISC_2,  bufferEndIndex = 12000. Please either decrease the number of ops being profiled or run read device profiler more often;17529100566
Profiler DRAM buffers were full, markers were dropped! device 3, worker core 1, 7, Risc BRISC,  bufferEndIndex = 12000. Please either decrease the number of ops being profiled or run read device profiler more often;17529596533
Profiler DRAM buffers were full, markers were dropped! device 3, worker core 1, 7, Risc NCRISC,  bufferEndIndex = 12000. Please either decrease the number of ops being profiled or run read device profiler more often;17530262838
Profiler DRAM buffers were full, markers were dropped! device 3, worker core 1, 7, Risc TRISC_0,  bufferEndIndex = 12000. Please either decrease the number of ops being profiled or run read device profiler more often;17530941417
Profiler DRAM buffers were full, markers were dropped! device 3, worker core 1, 7, Risc TRISC_1,  bufferEndIndex = 12000. Please either decrease the number of ops being profiled or run read device profiler more often;17531460739
Profiler DRAM buffers were full, markers were dropped! device 3, worker core 1, 7, Risc TRISC_2,  bufferEndIndex = 12000. Please either decrease the number of ops being profiled or run read device profiler more often;17531949892
Profiler DRAM buffers were full, markers were dropped! device 3, worker core 1, 8, Risc BRISC,  bufferEndIndex = 12000. Please either decrease the number of ops being profiled or run read device profiler more often;17532445709
Profiler DRAM buffers were full, markers were dropped! device 3, worker core 1, 8, Risc NCRISC,  bufferEndIndex = 12000. Please either decrease the number of ops being profiled or run read device profiler more often;17533076706
Profiler DRAM buffers were full, markers were dropped! device 3, worker core 1, 8, Risc TRISC_0,  bufferEndIndex = 12000. Please either decrease the number of ops being profiled or run read device profiler more often;17533742921
Profiler DRAM buffers were full, markers were dropped! device 3, worker core 1, 8, Risc TRISC_1,  bufferEndIndex = 12000. Please either decrease the number of ops being profiled or run read device profiler more often;17534219560
Profiler DRAM buffers were full, markers were dropped! device 3, worker core 1, 8, Risc TRISC_2,  bufferEndIndex = 12000. Please either decrease the number of ops being profiled or run read device profiler more often;17534707321
Profiler DRAM buffers were full, markers were dropped! device 3, worker core 1, 9, Risc BRISC,  bufferEndIndex = 12000. Please either decrease the number of ops being profiled or run read device profiler more often;17535183479
Profiler DRAM buffers were full, markers were dropped! device 3, worker core 1, 9, Risc NCRISC,  bufferEndIndex = 12000. Please either decrease the number of ops being profiled or run read device profiler more often;17535816350
Profiler DRAM buffers were full, markers were dropped! device 3, worker core 1, 9, Risc TRISC_0,  bufferEndIndex = 12000. Please either decrease the number of ops being profiled or run read device profiler more often;17536469550
Profiler DRAM buffers were full, markers were dropped! device 3, worker core 1, 9, Risc TRISC_1,  bufferEndIndex = 12000. Please either decrease the number of ops being profiled or run read device profiler more often;17536951149
Profiler DRAM buffers were full, markers were dropped! device 3, worker core 1, 9, Risc TRISC_2,  bufferEndIndex = 12000. Please either decrease the number of ops being profiled or run read device profiler more often;17537417538
Profiler DRAM buffers were full, markers were dropped! device 3, worker core 1, 10, Risc BRISC,  bufferEndIndex = 12000. Please either decrease the number of ops being profiled or run read device profiler more often;17537892434
Profiler DRAM buffers were full, markers were dropped! device 3, worker core 1, 10, Risc NCRISC,  bufferEndIndex = 12000. Please either decrease the number of ops being profiled or run read device profiler more often;17538517400
Profiler DRAM buffers were full, markers were dropped! device 3, worker core 1, 10, Risc TRISC_0,  bufferEndIndex = 12000. Please either decrease the number of ops being profiled or run read device profiler more often;17539166421
Profiler DRAM buffers were full, markers were dropped! device 3, worker core 1, 10, Risc TRISC_1,  bufferEndIndex = 12000. Please either decrease the number of ops being profiled or run read device profiler more often;17539633542
Profiler DRAM buffers were full, markers were dropped! device 3, worker core 1, 10, Risc TRISC_2,  bufferEndIndex = 12000. Please either decrease the number of ops being profiled or run read device profiler more often;17540088510
Profiler DRAM buffers were full, markers were dropped! device 3, worker core 1, 11, Risc BRISC,  bufferEndIndex = 12000. Please either decrease the number of ops being profiled or run read device profiler more often;17540556593
Profiler DRAM buffers were full, markers were dropped! device 3, worker core 1, 11, Risc NCRISC,  bufferEndIndex = 12000. Please either decrease the number of ops being profiled or run read device profiler more often;17541196587
Profiler DRAM buffers were full, markers were dropped! device 3, worker core 1, 11, Risc TRISC_0,  bufferEndIndex = 12000. Please either decrease the number of ops being profiled or run read device profiler more often;17541817986
Profiler DRAM buffers were full, markers were dropped! device 3, worker core 1, 11, Risc TRISC_1,  bufferEndIndex = 12000. Please either decrease the number of ops being profiled or run read device profiler more often;17542281320
Profiler DRAM buffers were full, markers were dropped! device 3, worker core 1, 11, Risc TRISC_2,  bufferEndIndex = 12000. Please either decrease the number of ops being profiled or run read device profiler more often;17542753791
Profiler DRAM buffers were full, markers were dropped! device 3, worker core 2, 2, Risc BRISC,  bufferEndIndex = 12000. Please either decrease the number of ops being profiled or run read device profiler more often;17543224348
Profiler DRAM buffers were full, markers were dropped! device 3, worker core 2, 2, Risc NCRISC,  bufferEndIndex = 12000. Please either decrease the number of ops being profiled or run read device profiler more often;17543867539
Profiler DRAM buffers were full, markers were dropped! device 3, worker core 2, 2, Risc TRISC_0,  bufferEndIndex = 12000. Please either decrease the number of ops being profiled or run read device profiler more often;17544494508
Profiler DRAM buffers were full, markers were dropped! device 3, worker core 2, 2, Risc TRISC_1,  bufferEndIndex = 12000. Please either decrease the number of ops being profiled or run read device profiler more often;17544936731
Profiler DRAM buffers were full, markers were dropped! device 3, worker core 2, 2, Risc TRISC_2,  bufferEndIndex = 12000. Please either decrease the number of ops being profiled or run read device profiler more often;17545365268
Profiler DRAM buffers were full, markers were dropped! device 3, worker core 2, 3, Risc BRISC,  bufferEndIndex = 12000. Please either decrease the number of ops being profiled or run read device profiler more often;17545803724
Profiler DRAM buffers were full, markers were dropped! device 3, worker core 2, 3, Risc NCRISC,  bufferEndIndex = 12000. Please either decrease the number of ops being profiled or run read device profiler more often;17546434661
Profiler DRAM buffers were full, markers were dropped! device 3, worker core 2, 3, Risc TRISC_0,  bufferEndIndex = 12000. Please either decrease the number of ops being profiled or run read device profiler more often;17547063353
Profiler DRAM buffers were full, markers were dropped! device 3, worker core 2, 3, Risc TRISC_1,  bufferEndIndex = 12000. Please either decrease the number of ops being profiled or run read device profiler more often;17547529382
Profiler DRAM buffers were full, markers were dropped! device 3, worker core 2, 3, Risc TRISC_2,  bufferEndIndex = 12000. Please either decrease the number of ops being profiled or run read device profiler more often;17547987676
Profiler DRAM buffers were full, markers were dropped! device 3, worker core 2, 4, Risc BRISC,  bufferEndIndex = 12000. Please either decrease the number of ops being profiled or run read device profiler more often;17548447543
Profiler DRAM buffers were full, markers were dropped! device 3, worker core 2, 4, Risc NCRISC,  bufferEndIndex = 12000. Please either decrease the number of ops being profiled or run read device profiler more often;17549075314
Profiler DRAM buffers were full, markers were dropped! device 3, worker core 2, 4, Risc TRISC_0,  bufferEndIndex = 12000. Please either decrease the number of ops being profiled or run read device profiler more often;17549713775
Profiler DRAM buffers were full, markers were dropped! device 3, worker core 2, 4, Risc TRISC_1,  bufferEndIndex = 12000. Please either decrease the number of ops being profiled or run read device profiler more often;17550198550
Profiler DRAM buffers were full, markers were dropped! device 3, worker core 2, 4, Risc TRISC_2,  bufferEndIndex = 12000. Please either decrease the number of ops being profiled or run read device profiler more often;17550684397
Profiler DRAM buffers were full, markers were dropped! device 3, worker core 2, 5, Risc BRISC,  bufferEndIndex = 12000. Please either decrease the number of ops being profiled or run read device profiler more often;17551165896
Profiler DRAM buffers were full, markers were dropped! device 3, worker core 2, 5, Risc NCRISC,  bufferEndIndex = 12000. Please either decrease the number of ops being profiled or run read device profiler more often;17551793286
Profiler DRAM buffers were full, markers were dropped! device 3, worker core 2, 5, Risc TRISC_0,  bufferEndIndex = 12000. Please either decrease the number of ops being profiled or run read device profiler more often;17552421097
Profiler DRAM buffers were full, markers were dropped! device 3, worker core 2, 5, Risc TRISC_1,  bufferEndIndex = 12000. Please either decrease the number of ops being profiled or run read device profiler more often;17552909189
Profiler DRAM buffers were full, markers were dropped! device 3, worker core 2, 5, Risc TRISC_2,  bufferEndIndex = 12000. Please either decrease the number of ops being profiled or run read device profiler more often;17553407390
Profiler DRAM buffers were full, markers were dropped! device 3, worker core 2, 6, Risc BRISC,  bufferEndIndex = 12000. Please either decrease the number of ops being profiled or run read device profiler more often;17553897214
Profiler DRAM buffers were full, markers were dropped! device 3, worker core 2, 6, Risc NCRISC,  bufferEndIndex = 12000. Please either decrease the number of ops being profiled or run read device profiler more often;17554535696
Profiler DRAM buffers were full, markers were dropped! device 3, worker core 2, 6, Risc TRISC_0,  bufferEndIndex = 12000. Please either decrease the number of ops being profiled or run read device profiler more often;17555169989
Profiler DRAM buffers were full, markers were dropped! device 3, worker core 2, 6, Risc TRISC_1,  bufferEndIndex = 12000. Please either decrease the number of ops being profiled or run read device profiler more often;17555651598
Profiler DRAM buffers were full, markers were dropped! device 3, worker core 2, 6, Risc TRISC_2,  bufferEndIndex = 12000. Please either decrease the number of ops being profiled or run read device profiler more often;17556129159
Profiler DRAM buffers were full, markers were dropped! device 3, worker core 2, 7, Risc BRISC,  bufferEndIndex = 12000. Please either decrease the number of ops being profiled or run read device profiler more often;17556612933
Profiler DRAM buffers were full, markers were dropped! device 3, worker core 2, 7, Risc NCRISC,  bufferEndIndex = 12000. Please either decrease the number of ops being profiled or run read device profiler more often;17557270922
Profiler DRAM buffers were full, markers were dropped! device 3, worker core 2, 7, Risc TRISC_0,  bufferEndIndex = 12000. Please either decrease the number of ops being profiled or run read device profiler more often;17557938389
Profiler DRAM buffers were full, markers were dropped! device 3, worker core 2, 7, Risc TRISC_1,  bufferEndIndex = 12000. Please either decrease the number of ops being profiled or run read device profiler more often;17558420810
Profiler DRAM buffers were full, markers were dropped! device 3, worker core 2, 7, Risc TRISC_2,  bufferEndIndex = 12000. Please either decrease the number of ops being profiled or run read device profiler more often;17558916936
Profiler DRAM buffers were full, markers were dropped! device 3, worker core 2, 8, Risc BRISC,  bufferEndIndex = 12000. Please either decrease the number of ops being profiled or run read device profiler more often;17559392895
Profiler DRAM buffers were full, markers were dropped! device 3, worker core 2, 8, Risc NCRISC,  bufferEndIndex = 12000. Please either decrease the number of ops being profiled or run read device profiler more often;17560026186
Profiler DRAM buffers were full, markers were dropped! device 3, worker core 2, 8, Risc TRISC_0,  bufferEndIndex = 12000. Please either decrease the number of ops being profiled or run read device profiler more often;17560656452
Profiler DRAM buffers were full, markers were dropped! device 3, worker core 2, 8, Risc TRISC_1,  bufferEndIndex = 12000. Please either decrease the number of ops being profiled or run read device profiler more often;17561130246
Profiler DRAM buffers were full, markers were dropped! device 3, worker core 2, 8, Risc TRISC_2,  bufferEndIndex = 12000. Please either decrease the number of ops being profiled or run read device profiler more often;17561601324
Profiler DRAM buffers were full, markers were dropped! device 3, worker core 2, 9, Risc BRISC,  bufferEndIndex = 12000. Please either decrease the number of ops being profiled or run read device profiler more often;17562081290
Profiler DRAM buffers were full, markers were dropped! device 3, worker core 2, 9, Risc NCRISC,  bufferEndIndex = 12000. Please either decrease the number of ops being profiled or run read device profiler more often;17562721475
Profiler DRAM buffers were full, markers were dropped! device 3, worker core 2, 9, Risc TRISC_0,  bufferEndIndex = 12000. Please either decrease the number of ops being profiled or run read device profiler more often;17563349065
Profiler DRAM buffers were full, markers were dropped! device 3, worker core 2, 9, Risc TRISC_1,  bufferEndIndex = 12000. Please either decrease the number of ops being profiled or run read device profiler more often;17563828730
Profiler DRAM buffers were full, markers were dropped! device 3, worker core 2, 9, Risc TRISC_2,  bufferEndIndex = 12000. Please either decrease the number of ops being profiled or run read device profiler more often;17564305360
Profiler DRAM buffers were full, markers were dropped! device 3, worker core 2, 10, Risc BRISC,  bufferEndIndex = 12000. Please either decrease the number of ops being profiled or run read device profiler more often;17564789964
Profiler DRAM buffers were full, markers were dropped! device 3, worker core 2, 10, Risc NCRISC,  bufferEndIndex = 12000. Please either decrease the number of ops being profiled or run read device profiler more often;17565445559
Profiler DRAM buffers were full, markers were dropped! device 3, worker core 2, 10, Risc TRISC_0,  bufferEndIndex = 12000. Please either decrease the number of ops being profiled or run read device profiler more often;17566095412
Profiler DRAM buffers were full, markers were dropped! device 3, worker core 2, 10, Risc TRISC_1,  bufferEndIndex = 12000. Please either decrease the number of ops being profiled or run read device profiler more often;17566567513
Profiler DRAM buffers were full, markers were dropped! device 3, worker core 2, 10, Risc TRISC_2,  bufferEndIndex = 12000. Please either decrease the number of ops being profiled or run read device profiler more often;17567040636
Profiler DRAM buffers were full, markers were dropped! device 3, worker core 2, 11, Risc BRISC,  bufferEndIndex = 12000. Please either decrease the number of ops being profiled or run read device profiler more often;17567502336
Profiler DRAM buffers were full, markers were dropped! device 3, worker core 2, 11, Risc NCRISC,  bufferEndIndex = 12000. Please either decrease the number of ops being profiled or run read device profiler more often;17568130057
Profiler DRAM buffers were full, markers were dropped! device 3, worker core 2, 11, Risc TRISC_0,  bufferEndIndex = 12000. Please either decrease the number of ops being profiled or run read device profiler more often;17568768037
Profiler DRAM buffers were full, markers were dropped! device 3, worker core 2, 11, Risc TRISC_1,  bufferEndIndex = 12000. Please either decrease the number of ops being profiled or run read device profiler more often;17569243054
Profiler DRAM buffers were full, markers were dropped! device 3, worker core 2, 11, Risc TRISC_2,  bufferEndIndex = 12000. Please either decrease the number of ops being profiled or run read device profiler more often;17569709714
Profiler DRAM buffers were full, markers were dropped! device 3, worker core 3, 2, Risc BRISC,  bufferEndIndex = 12000. Please either decrease the number of ops being profiled or run read device profiler more often;17570173709
Profiler DRAM buffers were full, markers were dropped! device 3, worker core 3, 2, Risc NCRISC,  bufferEndIndex = 12000. Please either decrease the number of ops being profiled or run read device profiler more often;17570797562
Profiler DRAM buffers were full, markers were dropped! device 3, worker core 3, 2, Risc TRISC_0,  bufferEndIndex = 12000. Please either decrease the number of ops being profiled or run read device profiler more often;17571422898
Profiler DRAM buffers were full, markers were dropped! device 3, worker core 3, 2, Risc TRISC_1,  bufferEndIndex = 12000. Please either decrease the number of ops being profiled or run read device profiler more often;17571884178
Profiler DRAM buffers were full, markers were dropped! device 3, worker core 3, 2, Risc TRISC_2,  bufferEndIndex = 12000. Please either decrease the number of ops being profiled or run read device profiler more often;17572329316
Profiler DRAM buffers were full, markers were dropped! device 3, worker core 3, 3, Risc BRISC,  bufferEndIndex = 12000. Please either decrease the number of ops being profiled or run read device profiler more often;17572780166
Profiler DRAM buffers were full, markers were dropped! device 3, worker core 3, 3, Risc NCRISC,  bufferEndIndex = 12000. Please either decrease the number of ops being profiled or run read device profiler more often;17573408187
Profiler DRAM buffers were full, markers were dropped! device 3, worker core 3, 3, Risc TRISC_0,  bufferEndIndex = 12000. Please either decrease the number of ops being profiled or run read device profiler more often;17574046559
Profiler DRAM buffers were full, markers were dropped! device 3, worker core 3, 3, Risc TRISC_1,  bufferEndIndex = 12000. Please either decrease the number of ops being profiled or run read device profiler more often;17574508650
Profiler DRAM buffers were full, markers were dropped! device 3, worker core 3, 3, Risc TRISC_2,  bufferEndIndex = 12000. Please either decrease the number of ops being profiled or run read device profiler more often;17574969819
Profiler DRAM buffers were full, markers were dropped! device 3, worker core 3, 4, Risc BRISC,  bufferEndIndex = 12000. Please either decrease the number of ops being profiled or run read device profiler more often;17575426881
Profiler DRAM buffers were full, markers were dropped! device 3, worker core 3, 4, Risc NCRISC,  bufferEndIndex = 12000. Please either decrease the number of ops being profiled or run read device profiler more often;17576063840
Profiler DRAM buffers were full, markers were dropped! device 3, worker core 3, 4, Risc TRISC_0,  bufferEndIndex = 12000. Please either decrease the number of ops being profiled or run read device profiler more often;17576723642
Profiler DRAM buffers were full, markers were dropped! device 3, worker core 3, 4, Risc TRISC_1,  bufferEndIndex = 12000. Please either decrease the number of ops being profiled or run read device profiler more often;17577219869
Profiler DRAM buffers were full, markers were dropped! device 3, worker core 3, 4, Risc TRISC_2,  bufferEndIndex = 12000. Please either decrease the number of ops being profiled or run read device profiler more often;17577713411
Profiler DRAM buffers were full, markers were dropped! device 3, worker core 3, 5, Risc BRISC,  bufferEndIndex = 12000. Please either decrease the number of ops being profiled or run read device profiler more often;17578195952
Profiler DRAM buffers were full, markers were dropped! device 3, worker core 3, 5, Risc NCRISC,  bufferEndIndex = 12000. Please either decrease the number of ops being profiled or run read device profiler more often;17578836478
Profiler DRAM buffers were full, markers were dropped! device 3, worker core 3, 5, Risc TRISC_0,  bufferEndIndex = 12000. Please either decrease the number of ops being profiled or run read device profiler more often;17579472975
Profiler DRAM buffers were full, markers were dropped! device 3, worker core 3, 5, Risc TRISC_1,  bufferEndIndex = 12000. Please either decrease the number of ops being profiled or run read device profiler more often;17579965185
Profiler DRAM buffers were full, markers were dropped! device 3, worker core 3, 5, Risc TRISC_2,  bufferEndIndex = 12000. Please either decrease the number of ops being profiled or run read device profiler more often;17580446002
Profiler DRAM buffers were full, markers were dropped! device 3, worker core 3, 6, Risc BRISC,  bufferEndIndex = 12000. Please either decrease the number of ops being profiled or run read device profiler more often;17581039417
Profiler DRAM buffers were full, markers were dropped! device 3, worker core 3, 6, Risc NCRISC,  bufferEndIndex = 12000. Please either decrease the number of ops being profiled or run read device profiler more often;17581680764
Profiler DRAM buffers were full, markers were dropped! device 3, worker core 3, 6, Risc TRISC_0,  bufferEndIndex = 12000. Please either decrease the number of ops being profiled or run read device profiler more often;17582379862
Profiler DRAM buffers were full, markers were dropped! device 3, worker core 3, 6, Risc TRISC_1,  bufferEndIndex = 12000. Please either decrease the number of ops being profiled or run read device profiler more often;17582864667
Profiler DRAM buffers were full, markers were dropped! device 3, worker core 3, 6, Risc TRISC_2,  bufferEndIndex = 12000. Please either decrease the number of ops being profiled or run read device profiler more often;17583343591
Profiler DRAM buffers were full, markers were dropped! device 3, worker core 3, 7, Risc BRISC,  bufferEndIndex = 12000. Please either decrease the number of ops being profiled or run read device profiler more often;17583825180
Profiler DRAM buffers were full, markers were dropped! device 3, worker core 3, 7, Risc NCRISC,  bufferEndIndex = 12000. Please either decrease the number of ops being profiled or run read device profiler more often;17584469663
Profiler DRAM buffers were full, markers were dropped! device 3, worker core 3, 7, Risc TRISC_0,  bufferEndIndex = 12000. Please either decrease the number of ops being profiled or run read device profiler more often;17585121961
Profiler DRAM buffers were full, markers were dropped! device 3, worker core 3, 7, Risc TRISC_1,  bufferEndIndex = 12000. Please either decrease the number of ops being profiled or run read device profiler more often;17585595244
Profiler DRAM buffers were full, markers were dropped! device 3, worker core 3, 7, Risc TRISC_2,  bufferEndIndex = 12000. Please either decrease the number of ops being profiled or run read device profiler more often;17586098625
Profiler DRAM buffers were full, markers were dropped! device 3, worker core 3, 8, Risc BRISC,  bufferEndIndex = 12000. Please either decrease the number of ops being profiled or run read device profiler more often;17586607637
Profiler DRAM buffers were full, markers were dropped! device 3, worker core 3, 8, Risc NCRISC,  bufferEndIndex = 12000. Please either decrease the number of ops being profiled or run read device profiler more often;17587238533
Profiler DRAM buffers were full, markers were dropped! device 3, worker core 3, 8, Risc TRISC_0,  bufferEndIndex = 12000. Please either decrease the number of ops being profiled or run read device profiler more often;17587865713
Profiler DRAM buffers were full, markers were dropped! device 3, worker core 3, 8, Risc TRISC_1,  bufferEndIndex = 12000. Please either decrease the number of ops being profiled or run read device profiler more often;17588345388
Profiler DRAM buffers were full, markers were dropped! device 3, worker core 3, 8, Risc TRISC_2,  bufferEndIndex = 12000. Please either decrease the number of ops being profiled or run read device profiler more often;17588825925
Profiler DRAM buffers were full, markers were dropped! device 3, worker core 3, 9, Risc BRISC,  bufferEndIndex = 12000. Please either decrease the number of ops being profiled or run read device profiler more often;17589307063
Profiler DRAM buffers were full, markers were dropped! device 3, worker core 3, 9, Risc NCRISC,  bufferEndIndex = 12000. Please either decrease the number of ops being profiled or run read device profiler more often;17589949282
Profiler DRAM buffers were full, markers were dropped! device 3, worker core 3, 9, Risc TRISC_0,  bufferEndIndex = 12000. Please either decrease the number of ops being profiled or run read device profiler more often;17590594096
Profiler DRAM buffers were full, markers were dropped! device 3, worker core 3, 9, Risc TRISC_1,  bufferEndIndex = 12000. Please either decrease the number of ops being profiled or run read device profiler more often;17591076636
Profiler DRAM buffers were full, markers were dropped! device 3, worker core 3, 9, Risc TRISC_2,  bufferEndIndex = 12000. Please either decrease the number of ops being profiled or run read device profiler more often;17591548877
Profiler DRAM buffers were full, markers were dropped! device 3, worker core 3, 10, Risc BRISC,  bufferEndIndex = 12000. Please either decrease the number of ops being profiled or run read device profiler more often;17592028923
Profiler DRAM buffers were full, markers were dropped! device 3, worker core 3, 10, Risc NCRISC,  bufferEndIndex = 12000. Please either decrease the number of ops being profiled or run read device profiler more often;17592663367
Profiler DRAM buffers were full, markers were dropped! device 3, worker core 3, 10, Risc TRISC_0,  bufferEndIndex = 12000. Please either decrease the number of ops being profiled or run read device profiler more often;17593335203
Profiler DRAM buffers were full, markers were dropped! device 3, worker core 3, 10, Risc TRISC_1,  bufferEndIndex = 12000. Please either decrease the number of ops being profiled or run read device profiler more often;17593805770
Profiler DRAM buffers were full, markers were dropped! device 3, worker core 3, 10, Risc TRISC_2,  bufferEndIndex = 12000. Please either decrease the number of ops being profiled or run read device profiler more often;17594284043
Profiler DRAM buffers were full, markers were dropped! device 3, worker core 3, 11, Risc BRISC,  bufferEndIndex = 12000. Please either decrease the number of ops being profiled or run read device profiler more often;17594751525
Profiler DRAM buffers were full, markers were dropped! device 3, worker core 3, 11, Risc NCRISC,  bufferEndIndex = 12000. Please either decrease the number of ops being profiled or run read device profiler more often;17595370699
Profiler DRAM buffers were full, markers were dropped! device 3, worker core 3, 11, Risc TRISC_0,  bufferEndIndex = 12000. Please either decrease the number of ops being profiled or run read device profiler more often;17595997338
Profiler DRAM buffers were full, markers were dropped! device 3, worker core 3, 11, Risc TRISC_1,  bufferEndIndex = 12000. Please either decrease the number of ops being profiled or run read device profiler more often;17596455321
Profiler DRAM buffers were full, markers were dropped! device 3, worker core 3, 11, Risc TRISC_2,  bufferEndIndex = 12000. Please either decrease the number of ops being profiled or run read device profiler more often;17596924105
Profiler DRAM buffers were full, markers were dropped! device 3, worker core 4, 2, Risc BRISC,  bufferEndIndex = 12000. Please either decrease the number of ops being profiled or run read device profiler more often;17597385094
Profiler DRAM buffers were full, markers were dropped! device 3, worker core 4, 2, Risc NCRISC,  bufferEndIndex = 12000. Please either decrease the number of ops being profiled or run read device profiler more often;17598026572
Profiler DRAM buffers were full, markers were dropped! device 3, worker core 4, 2, Risc TRISC_0,  bufferEndIndex = 12000. Please either decrease the number of ops being profiled or run read device profiler more often;17598655655
Profiler DRAM buffers were full, markers were dropped! device 3, worker core 4, 2, Risc TRISC_1,  bufferEndIndex = 12000. Please either decrease the number of ops being profiled or run read device profiler more often;17599147073
Profiler DRAM buffers were full, markers were dropped! device 3, worker core 4, 2, Risc TRISC_2,  bufferEndIndex = 12000. Please either decrease the number of ops being profiled or run read device profiler more often;17599703516
Profiler DRAM buffers were full, markers were dropped! device 3, worker core 4, 3, Risc BRISC,  bufferEndIndex = 12000. Please either decrease the number of ops being profiled or run read device profiler more often;17600160297
Profiler DRAM buffers were full, markers were dropped! device 3, worker core 4, 3, Risc NCRISC,  bufferEndIndex = 12000. Please either decrease the number of ops being profiled or run read device profiler more often;17600789681
Profiler DRAM buffers were full, markers were dropped! device 3, worker core 4, 3, Risc TRISC_0,  bufferEndIndex = 12000. Please either decrease the number of ops being profiled or run read device profiler more often;17601412422
Profiler DRAM buffers were full, markers were dropped! device 3, worker core 4, 3, Risc TRISC_1,  bufferEndIndex = 12000. Please either decrease the number of ops being profiled or run read device profiler more often;17601875235
Profiler DRAM buffers were full, markers were dropped! device 3, worker core 4, 3, Risc TRISC_2,  bufferEndIndex = 12000. Please either decrease the number of ops being profiled or run read device profiler more often;17602328078
Profiler DRAM buffers were full, markers were dropped! device 3, worker core 4, 4, Risc BRISC,  bufferEndIndex = 12000. Please either decrease the number of ops being profiled or run read device profiler more often;17602790380
Profiler DRAM buffers were full, markers were dropped! device 3, worker core 4, 4, Risc NCRISC,  bufferEndIndex = 12000. Please either decrease the number of ops being profiled or run read device profiler more often;17603421718
Profiler DRAM buffers were full, markers were dropped! device 3, worker core 4, 4, Risc TRISC_0,  bufferEndIndex = 12000. Please either decrease the number of ops being profiled or run read device profiler more often;17604055150
Profiler DRAM buffers were full, markers were dropped! device 3, worker core 4, 4, Risc TRISC_1,  bufferEndIndex = 12000. Please either decrease the number of ops being profiled or run read device profiler more often;17604533913
Profiler DRAM buffers were full, markers were dropped! device 3, worker core 4, 4, Risc TRISC_2,  bufferEndIndex = 12000. Please either decrease the number of ops being profiled or run read device profiler more often;17605052503
Profiler DRAM buffers were full, markers were dropped! device 3, worker core 4, 5, Risc BRISC,  bufferEndIndex = 12000. Please either decrease the number of ops being profiled or run read device profiler more often;17605533912
Profiler DRAM buffers were full, markers were dropped! device 3, worker core 4, 5, Risc NCRISC,  bufferEndIndex = 12000. Please either decrease the number of ops being profiled or run read device profiler more often;17606161372
Profiler DRAM buffers were full, markers were dropped! device 3, worker core 4, 5, Risc TRISC_0,  bufferEndIndex = 12000. Please either decrease the number of ops being profiled or run read device profiler more often;17606792259
Profiler DRAM buffers were full, markers were dropped! device 3, worker core 4, 5, Risc TRISC_1,  bufferEndIndex = 12000. Please either decrease the number of ops being profiled or run read device profiler more often;17607267095
Profiler DRAM buffers were full, markers were dropped! device 3, worker core 4, 5, Risc TRISC_2,  bufferEndIndex = 12000. Please either decrease the number of ops being profiled or run read device profiler more often;17607748864
Profiler DRAM buffers were full, markers were dropped! device 3, worker core 4, 6, Risc BRISC,  bufferEndIndex = 12000. Please either decrease the number of ops being profiled or run read device profiler more often;17608234611
Profiler DRAM buffers were full, markers were dropped! device 3, worker core 4, 6, Risc NCRISC,  bufferEndIndex = 12000. Please either decrease the number of ops being profiled or run read device profiler more often;17608886809
Profiler DRAM buffers were full, markers were dropped! device 3, worker core 4, 6, Risc TRISC_0,  bufferEndIndex = 12000. Please either decrease the number of ops being profiled or run read device profiler more often;17609513067
Profiler DRAM buffers were full, markers were dropped! device 3, worker core 4, 6, Risc TRISC_1,  bufferEndIndex = 12000. Please either decrease the number of ops being profiled or run read device profiler more often;17609988183
Profiler DRAM buffers were full, markers were dropped! device 3, worker core 4, 6, Risc TRISC_2,  bufferEndIndex = 12000. Please either decrease the number of ops being profiled or run read device profiler more often;17610457478
Profiler DRAM buffers were full, markers were dropped! device 3, worker core 4, 7, Risc BRISC,  bufferEndIndex = 12000. Please either decrease the number of ops being profiled or run read device profiler more often;17610931713
Profiler DRAM buffers were full, markers were dropped! device 3, worker core 4, 7, Risc NCRISC,  bufferEndIndex = 12000. Please either decrease the number of ops being profiled or run read device profiler more often;17611546579
Profiler DRAM buffers were full, markers were dropped! device 3, worker core 4, 7, Risc TRISC_0,  bufferEndIndex = 12000. Please either decrease the number of ops being profiled or run read device profiler more often;17612173548
Profiler DRAM buffers were full, markers were dropped! device 3, worker core 4, 7, Risc TRISC_1,  bufferEndIndex = 12000. Please either decrease the number of ops being profiled or run read device profiler more often;17612649516
Profiler DRAM buffers were full, markers were dropped! device 3, worker core 4, 7, Risc TRISC_2,  bufferEndIndex = 12000. Please either decrease the number of ops being profiled or run read device profiler more often;17613117980
Profiler DRAM buffers were full, markers were dropped! device 3, worker core 4, 8, Risc BRISC,  bufferEndIndex = 12000. Please either decrease the number of ops being profiled or run read device profiler more often;17613586003
Profiler DRAM buffers were full, markers were dropped! device 3, worker core 4, 8, Risc NCRISC,  bufferEndIndex = 12000. Please either decrease the number of ops being profiled or run read device profiler more often;17614212732
Profiler DRAM buffers were full, markers were dropped! device 3, worker core 4, 8, Risc TRISC_0,  bufferEndIndex = 12000. Please either decrease the number of ops being profiled or run read device profiler more often;17614837637
Profiler DRAM buffers were full, markers were dropped! device 3, worker core 4, 8, Risc TRISC_1,  bufferEndIndex = 12000. Please either decrease the number of ops being profiled or run read device profiler more often;17615307894
Profiler DRAM buffers were full, markers were dropped! device 3, worker core 4, 8, Risc TRISC_2,  bufferEndIndex = 12000. Please either decrease the number of ops being profiled or run read device profiler more often;17615781528
Profiler DRAM buffers were full, markers were dropped! device 3, worker core 4, 9, Risc BRISC,  bufferEndIndex = 12000. Please either decrease the number of ops being profiled or run read device profiler more often;17616254620
Profiler DRAM buffers were full, markers were dropped! device 3, worker core 4, 9, Risc NCRISC,  bufferEndIndex = 12000. Please either decrease the number of ops being profiled or run read device profiler more often;17616876940
Profiler DRAM buffers were full, markers were dropped! device 3, worker core 4, 9, Risc TRISC_0,  bufferEndIndex = 12000. Please either decrease the number of ops being profiled or run read device profiler more often;17617506885
Profiler DRAM buffers were full, markers were dropped! device 3, worker core 4, 9, Risc TRISC_1,  bufferEndIndex = 12000. Please either decrease the number of ops being profiled or run read device profiler more often;17617980850
Profiler DRAM buffers were full, markers were dropped! device 3, worker core 4, 9, Risc TRISC_2,  bufferEndIndex = 12000. Please either decrease the number of ops being profiled or run read device profiler more often;17618459663
Profiler DRAM buffers were full, markers were dropped! device 3, worker core 4, 10, Risc BRISC,  bufferEndIndex = 12000. Please either decrease the number of ops being profiled or run read device profiler more often;17618940891
Profiler DRAM buffers were full, markers were dropped! device 3, worker core 4, 10, Risc NCRISC,  bufferEndIndex = 12000. Please either decrease the number of ops being profiled or run read device profiler more often;17619567801
Profiler DRAM buffers were full, markers were dropped! device 3, worker core 4, 10, Risc TRISC_0,  bufferEndIndex = 12000. Please either decrease the number of ops being profiled or run read device profiler more often;17620188007
Profiler DRAM buffers were full, markers were dropped! device 3, worker core 4, 10, Risc TRISC_1,  bufferEndIndex = 12000. Please either decrease the number of ops being profiled or run read device profiler more often;17620645499
Profiler DRAM buffers were full, markers were dropped! device 3, worker core 4, 10, Risc TRISC_2,  bufferEndIndex = 12000. Please either decrease the number of ops being profiled or run read device profiler more often;17621103102
Profiler DRAM buffers were full, markers were dropped! device 3, worker core 4, 11, Risc BRISC,  bufferEndIndex = 12000. Please either decrease the number of ops being profiled or run read device profiler more often;17621561706
Profiler DRAM buffers were full, markers were dropped! device 3, worker core 4, 11, Risc NCRISC,  bufferEndIndex = 12000. Please either decrease the number of ops being profiled or run read device profiler more often;17622199226
Profiler DRAM buffers were full, markers were dropped! device 3, worker core 4, 11, Risc TRISC_0,  bufferEndIndex = 12000. Please either decrease the number of ops being profiled or run read device profiler more often;17622834321
Profiler DRAM buffers were full, markers were dropped! device 3, worker core 4, 11, Risc TRISC_1,  bufferEndIndex = 12000. Please either decrease the number of ops being profiled or run read device profiler more often;17623286233
Profiler DRAM buffers were full, markers were dropped! device 3, worker core 4, 11, Risc TRISC_2,  bufferEndIndex = 12000. Please either decrease the number of ops being profiled or run read device profiler more often;17623743374
Profiler DRAM buffers were full, markers were dropped! device 3, worker core 5, 2, Risc BRISC,  bufferEndIndex = 12000. Please either decrease the number of ops being profiled or run read device profiler more often;17624202169
Profiler DRAM buffers were full, markers were dropped! device 3, worker core 5, 2, Risc NCRISC,  bufferEndIndex = 12000. Please either decrease the number of ops being profiled or run read device profiler more often;17624823798
Profiler DRAM buffers were full, markers were dropped! device 3, worker core 5, 2, Risc TRISC_0,  bufferEndIndex = 12000. Please either decrease the number of ops being profiled or run read device profiler more often;17625445437
Profiler DRAM buffers were full, markers were dropped! device 3, worker core 5, 2, Risc TRISC_1,  bufferEndIndex = 12000. Please either decrease the number of ops being profiled or run read device profiler more often;17625911126
Profiler DRAM buffers were full, markers were dropped! device 3, worker core 5, 2, Risc TRISC_2,  bufferEndIndex = 12000. Please either decrease the number of ops being profiled or run read device profiler more often;17626370361
Profiler DRAM buffers were full, markers were dropped! device 3, worker core 5, 3, Risc BRISC,  bufferEndIndex = 12000. Please either decrease the number of ops being profiled or run read device profiler more often;17626835128
Profiler DRAM buffers were full, markers were dropped! device 3, worker core 5, 3, Risc NCRISC,  bufferEndIndex = 12000. Please either decrease the number of ops being profiled or run read device profiler more often;17627446978
Profiler DRAM buffers were full, markers were dropped! device 3, worker core 5, 3, Risc TRISC_0,  bufferEndIndex = 12000. Please either decrease the number of ops being profiled or run read device profiler more often;17628069659
Profiler DRAM buffers were full, markers were dropped! device 3, worker core 5, 3, Risc TRISC_1,  bufferEndIndex = 12000. Please either decrease the number of ops being profiled or run read device profiler more often;17628519156
Profiler DRAM buffers were full, markers were dropped! device 3, worker core 5, 3, Risc TRISC_2,  bufferEndIndex = 12000. Please either decrease the number of ops being profiled or run read device profiler more often;17628968763
Profiler DRAM buffers were full, markers were dropped! device 3, worker core 5, 4, Risc BRISC,  bufferEndIndex = 12000. Please either decrease the number of ops being profiled or run read device profiler more often;17629417819
Profiler DRAM buffers were full, markers were dropped! device 3, worker core 5, 4, Risc NCRISC,  bufferEndIndex = 12000. Please either decrease the number of ops being profiled or run read device profiler more often;17630042725
Profiler DRAM buffers were full, markers were dropped! device 3, worker core 5, 4, Risc TRISC_0,  bufferEndIndex = 12000. Please either decrease the number of ops being profiled or run read device profiler more often;17630654865
Profiler DRAM buffers were full, markers were dropped! device 3, worker core 5, 4, Risc TRISC_1,  bufferEndIndex = 12000. Please either decrease the number of ops being profiled or run read device profiler more often;17631129511
Profiler DRAM buffers were full, markers were dropped! device 3, worker core 5, 4, Risc TRISC_2,  bufferEndIndex = 12000. Please either decrease the number of ops being profiled or run read device profiler more often;17631600099
Profiler DRAM buffers were full, markers were dropped! device 3, worker core 5, 5, Risc BRISC,  bufferEndIndex = 12000. Please either decrease the number of ops being profiled or run read device profiler more often;17632070937
Profiler DRAM buffers were full, markers were dropped! device 3, worker core 5, 5, Risc NCRISC,  bufferEndIndex = 12000. Please either decrease the number of ops being profiled or run read device profiler more often;17632683558
Profiler DRAM buffers were full, markers were dropped! device 3, worker core 5, 5, Risc TRISC_0,  bufferEndIndex = 12000. Please either decrease the number of ops being profiled or run read device profiler more often;17633293795
Profiler DRAM buffers were full, markers were dropped! device 3, worker core 5, 5, Risc TRISC_1,  bufferEndIndex = 12000. Please either decrease the number of ops being profiled or run read device profiler more often;17633767709
Profiler DRAM buffers were full, markers were dropped! device 3, worker core 5, 5, Risc TRISC_2,  bufferEndIndex = 12000. Please either decrease the number of ops being profiled or run read device profiler more often;17634234490
Profiler DRAM buffers were full, markers were dropped! device 3, worker core 5, 6, Risc BRISC,  bufferEndIndex = 12000. Please either decrease the number of ops being profiled or run read device profiler more often;17634712832
Profiler DRAM buffers were full, markers were dropped! device 3, worker core 5, 6, Risc NCRISC,  bufferEndIndex = 12000. Please either decrease the number of ops being profiled or run read device profiler more often;17635330834
Profiler DRAM buffers were full, markers were dropped! device 3, worker core 5, 6, Risc TRISC_0,  bufferEndIndex = 12000. Please either decrease the number of ops being profiled or run read device profiler more often;17635947534
Profiler DRAM buffers were full, markers were dropped! device 3, worker core 5, 6, Risc TRISC_1,  bufferEndIndex = 12000. Please either decrease the number of ops being profiled or run read device profiler more often;17636408223
Profiler DRAM buffers were full, markers were dropped! device 3, worker core 5, 6, Risc TRISC_2,  bufferEndIndex = 12000. Please either decrease the number of ops being profiled or run read device profiler more often;17636876025
Profiler DRAM buffers were full, markers were dropped! device 3, worker core 5, 7, Risc BRISC,  bufferEndIndex = 12000. Please either decrease the number of ops being profiled or run read device profiler more often;17637337765
Profiler DRAM buffers were full, markers were dropped! device 3, worker core 5, 7, Risc NCRISC,  bufferEndIndex = 12000. Please either decrease the number of ops being profiled or run read device profiler more often;17637958553
Profiler DRAM buffers were full, markers were dropped! device 3, worker core 5, 7, Risc TRISC_0,  bufferEndIndex = 12000. Please either decrease the number of ops being profiled or run read device profiler more often;17638561085
Profiler DRAM buffers were full, markers were dropped! device 3, worker core 5, 7, Risc TRISC_1,  bufferEndIndex = 12000. Please either decrease the number of ops being profiled or run read device profiler more often;17639028276
Profiler DRAM buffers were full, markers were dropped! device 3, worker core 5, 7, Risc TRISC_2,  bufferEndIndex = 12000. Please either decrease the number of ops being profiled or run read device profiler more often;17639486510
Profiler DRAM buffers were full, markers were dropped! device 3, worker core 5, 8, Risc BRISC,  bufferEndIndex = 12000. Please either decrease the number of ops being profiled or run read device profiler more often;17639947930
Profiler DRAM buffers were full, markers were dropped! device 3, worker core 5, 8, Risc NCRISC,  bufferEndIndex = 12000. Please either decrease the number of ops being profiled or run read device profiler more often;17640561944
Profiler DRAM buffers were full, markers were dropped! device 3, worker core 5, 8, Risc TRISC_0,  bufferEndIndex = 12000. Please either decrease the number of ops being profiled or run read device profiler more often;17641178303
Profiler DRAM buffers were full, markers were dropped! device 3, worker core 5, 8, Risc TRISC_1,  bufferEndIndex = 12000. Please either decrease the number of ops being profiled or run read device profiler more often;17641651506
Profiler DRAM buffers were full, markers were dropped! device 3, worker core 5, 8, Risc TRISC_2,  bufferEndIndex = 12000. Please either decrease the number of ops being profiled or run read device profiler more often;17642114489
Profiler DRAM buffers were full, markers were dropped! device 3, worker core 5, 9, Risc BRISC,  bufferEndIndex = 12000. Please either decrease the number of ops being profiled or run read device profiler more often;17642571029
Profiler DRAM buffers were full, markers were dropped! device 3, worker core 5, 9, Risc NCRISC,  bufferEndIndex = 12000. Please either decrease the number of ops being profiled or run read device profiler more often;17643197468
Profiler DRAM buffers were full, markers were dropped! device 3, worker core 5, 9, Risc TRISC_0,  bufferEndIndex = 12000. Please either decrease the number of ops being profiled or run read device profiler more often;17643814177
Profiler DRAM buffers were full, markers were dropped! device 3, worker core 5, 9, Risc TRISC_1,  bufferEndIndex = 12000. Please either decrease the number of ops being profiled or run read device profiler more often;17644280136
Profiler DRAM buffers were full, markers were dropped! device 3, worker core 5, 9, Risc TRISC_2,  bufferEndIndex = 12000. Please either decrease the number of ops being profiled or run read device profiler more often;17644744201
Profiler DRAM buffers were full, markers were dropped! device 3, worker core 5, 10, Risc BRISC,  bufferEndIndex = 12000. Please either decrease the number of ops being profiled or run read device profiler more often;17645204709
Profiler DRAM buffers were full, markers were dropped! device 3, worker core 5, 10, Risc NCRISC,  bufferEndIndex = 12000. Please either decrease the number of ops being profiled or run read device profiler more often;17645822711
Profiler DRAM buffers were full, markers were dropped! device 3, worker core 5, 10, Risc TRISC_0,  bufferEndIndex = 12000. Please either decrease the number of ops being profiled or run read device profiler more often;17646430824
Profiler DRAM buffers were full, markers were dropped! device 3, worker core 5, 10, Risc TRISC_1,  bufferEndIndex = 12000. Please either decrease the number of ops being profiled or run read device profiler more often;17646890461
Profiler DRAM buffers were full, markers were dropped! device 3, worker core 5, 10, Risc TRISC_2,  bufferEndIndex = 12000. Please either decrease the number of ops being profiled or run read device profiler more often;17647347432
Profiler DRAM buffers were full, markers were dropped! device 3, worker core 5, 11, Risc BRISC,  bufferEndIndex = 12000. Please either decrease the number of ops being profiled or run read device profiler more often;17647803091
Profiler DRAM buffers were full, markers were dropped! device 3, worker core 5, 11, Risc NCRISC,  bufferEndIndex = 12000. Please either decrease the number of ops being profiled or run read device profiler more often;17648422265
Profiler DRAM buffers were full, markers were dropped! device 3, worker core 5, 11, Risc TRISC_0,  bufferEndIndex = 12000. Please either decrease the number of ops being profiled or run read device profiler more often;17649066568
Profiler DRAM buffers were full, markers were dropped! device 3, worker core 5, 11, Risc TRISC_1,  bufferEndIndex = 12000. Please either decrease the number of ops being profiled or run read device profiler more often;17649529301
Profiler DRAM buffers were full, markers were dropped! device 3, worker core 5, 11, Risc TRISC_2,  bufferEndIndex = 12000. Please either decrease the number of ops being profiled or run read device profiler more often;17649999317
Profiler DRAM buffers were full, markers were dropped! device 3, worker core 6, 2, Risc BRISC,  bufferEndIndex = 12000. Please either decrease the number of ops being profiled or run read device profiler more often;17650457220
Profiler DRAM buffers were full, markers were dropped! device 3, worker core 6, 2, Risc NCRISC,  bufferEndIndex = 12000. Please either decrease the number of ops being profiled or run read device profiler more often;17651087757
Profiler DRAM buffers were full, markers were dropped! device 3, worker core 6, 2, Risc TRISC_0,  bufferEndIndex = 12000. Please either decrease the number of ops being profiled or run read device profiler more often;17651719966
Profiler DRAM buffers were full, markers were dropped! device 3, worker core 6, 2, Risc TRISC_1,  bufferEndIndex = 12000. Please either decrease the number of ops being profiled or run read device profiler more often;17652188079
Profiler DRAM buffers were full, markers were dropped! device 3, worker core 6, 2, Risc TRISC_2,  bufferEndIndex = 12000. Please either decrease the number of ops being profiled or run read device profiler more often;17652657073
Profiler DRAM buffers were full, markers were dropped! device 3, worker core 6, 3, Risc BRISC,  bufferEndIndex = 12000. Please either decrease the number of ops being profiled or run read device profiler more often;17653129595
Profiler DRAM buffers were full, markers were dropped! device 3, worker core 6, 3, Risc NCRISC,  bufferEndIndex = 12000. Please either decrease the number of ops being profiled or run read device profiler more often;17653760802
Profiler DRAM buffers were full, markers were dropped! device 3, worker core 6, 3, Risc TRISC_0,  bufferEndIndex = 12000. Please either decrease the number of ops being profiled or run read device profiler more often;17654400206
Profiler DRAM buffers were full, markers were dropped! device 3, worker core 6, 3, Risc TRISC_1,  bufferEndIndex = 12000. Please either decrease the number of ops being profiled or run read device profiler more often;17654891794
Profiler DRAM buffers were full, markers were dropped! device 3, worker core 6, 3, Risc TRISC_2,  bufferEndIndex = 12000. Please either decrease the number of ops being profiled or run read device profiler more often;17655372471
Profiler DRAM buffers were full, markers were dropped! device 3, worker core 6, 4, Risc BRISC,  bufferEndIndex = 12000. Please either decrease the number of ops being profiled or run read device profiler more often;17655859370
Profiler DRAM buffers were full, markers were dropped! device 3, worker core 6, 4, Risc NCRISC,  bufferEndIndex = 12000. Please either decrease the number of ops being profiled or run read device profiler more often;17656484716
Profiler DRAM buffers were full, markers were dropped! device 3, worker core 6, 4, Risc TRISC_0,  bufferEndIndex = 12000. Please either decrease the number of ops being profiled or run read device profiler more often;17657108339
Profiler DRAM buffers were full, markers were dropped! device 3, worker core 6, 4, Risc TRISC_1,  bufferEndIndex = 12000. Please either decrease the number of ops being profiled or run read device profiler more often;17657590950
Profiler DRAM buffers were full, markers were dropped! device 3, worker core 6, 4, Risc TRISC_2,  bufferEndIndex = 12000. Please either decrease the number of ops being profiled or run read device profiler more often;17658067189
Profiler DRAM buffers were full, markers were dropped! device 3, worker core 6, 5, Risc BRISC,  bufferEndIndex = 12000. Please either decrease the number of ops being profiled or run read device profiler more often;17658536474
Profiler DRAM buffers were full, markers were dropped! device 3, worker core 6, 5, Risc NCRISC,  bufferEndIndex = 12000. Please either decrease the number of ops being profiled or run read device profiler more often;17659156279
Profiler DRAM buffers were full, markers were dropped! device 3, worker core 6, 5, Risc TRISC_0,  bufferEndIndex = 12000. Please either decrease the number of ops being profiled or run read device profiler more often;17659787427
Profiler DRAM buffers were full, markers were dropped! device 3, worker core 6, 5, Risc TRISC_1,  bufferEndIndex = 12000. Please either decrease the number of ops being profiled or run read device profiler more often;17660266901
Profiler DRAM buffers were full, markers were dropped! device 3, worker core 6, 5, Risc TRISC_2,  bufferEndIndex = 12000. Please either decrease the number of ops being profiled or run read device profiler more often;17660744523
Profiler DRAM buffers were full, markers were dropped! device 3, worker core 6, 6, Risc BRISC,  bufferEndIndex = 12000. Please either decrease the number of ops being profiled or run read device profiler more often;17661259416
Profiler DRAM buffers were full, markers were dropped! device 3, worker core 6, 6, Risc NCRISC,  bufferEndIndex = 12000. Please either decrease the number of ops being profiled or run read device profiler more often;17661909520
Profiler DRAM buffers were full, markers were dropped! device 3, worker core 6, 6, Risc TRISC_0,  bufferEndIndex = 12000. Please either decrease the number of ops being profiled or run read device profiler more often;17662519306
Profiler DRAM buffers were full, markers were dropped! device 3, worker core 6, 6, Risc TRISC_1,  bufferEndIndex = 12000. Please either decrease the number of ops being profiled or run read device profiler more often;17662995484
Profiler DRAM buffers were full, markers were dropped! device 3, worker core 6, 6, Risc TRISC_2,  bufferEndIndex = 12000. Please either decrease the number of ops being profiled or run read device profiler more often;17663475841
Profiler DRAM buffers were full, markers were dropped! device 3, worker core 6, 7, Risc BRISC,  bufferEndIndex = 12000. Please either decrease the number of ops being profiled or run read device profiler more often;17663944715
Profiler DRAM buffers were full, markers were dropped! device 3, worker core 6, 7, Risc NCRISC,  bufferEndIndex = 12000. Please either decrease the number of ops being profiled or run read device profiler more often;17664557828
Profiler DRAM buffers were full, markers were dropped! device 3, worker core 6, 7, Risc TRISC_0,  bufferEndIndex = 12000. Please either decrease the number of ops being profiled or run read device profiler more often;17665167614
Profiler DRAM buffers were full, markers were dropped! device 3, worker core 6, 7, Risc TRISC_1,  bufferEndIndex = 12000. Please either decrease the number of ops being profiled or run read device profiler more often;17665626529
Profiler DRAM buffers were full, markers were dropped! device 3, worker core 6, 7, Risc TRISC_2,  bufferEndIndex = 12000. Please either decrease the number of ops being profiled or run read device profiler more often;17666098940
Profiler DRAM buffers were full, markers were dropped! device 3, worker core 6, 8, Risc BRISC,  bufferEndIndex = 12000. Please either decrease the number of ops being profiled or run read device profiler more often;17666558907
Profiler DRAM buffers were full, markers were dropped! device 3, worker core 6, 8, Risc NCRISC,  bufferEndIndex = 12000. Please either decrease the number of ops being profiled or run read device profiler more often;17667177260
Profiler DRAM buffers were full, markers were dropped! device 3, worker core 6, 8, Risc TRISC_0,  bufferEndIndex = 12000. Please either decrease the number of ops being profiled or run read device profiler more often;17667792888
Profiler DRAM buffers were full, markers were dropped! device 3, worker core 6, 8, Risc TRISC_1,  bufferEndIndex = 12000. Please either decrease the number of ops being profiled or run read device profiler more often;17668265148
Profiler DRAM buffers were full, markers were dropped! device 3, worker core 6, 8, Risc TRISC_2,  bufferEndIndex = 12000. Please either decrease the number of ops being profiled or run read device profiler more often;17668734594
Profiler DRAM buffers were full, markers were dropped! device 3, worker core 6, 9, Risc BRISC,  bufferEndIndex = 12000. Please either decrease the number of ops being profiled or run read device profiler more often;17669198218
Profiler DRAM buffers were full, markers were dropped! device 3, worker core 6, 9, Risc NCRISC,  bufferEndIndex = 12000. Please either decrease the number of ops being profiled or run read device profiler more often;17669814487
Profiler DRAM buffers were full, markers were dropped! device 3, worker core 6, 9, Risc TRISC_0,  bufferEndIndex = 12000. Please either decrease the number of ops being profiled or run read device profiler more often;17670425706
Profiler DRAM buffers were full, markers were dropped! device 3, worker core 6, 9, Risc TRISC_1,  bufferEndIndex = 12000. Please either decrease the number of ops being profiled or run read device profiler more often;17670889009
Profiler DRAM buffers were full, markers were dropped! device 3, worker core 6, 9, Risc TRISC_2,  bufferEndIndex = 12000. Please either decrease the number of ops being profiled or run read device profiler more often;17671352353
Profiler DRAM buffers were full, markers were dropped! device 3, worker core 6, 10, Risc BRISC,  bufferEndIndex = 12000. Please either decrease the number of ops being profiled or run read device profiler more often;17671816849
Profiler DRAM buffers were full, markers were dropped! device 3, worker core 6, 10, Risc NCRISC,  bufferEndIndex = 12000. Please either decrease the number of ops being profiled or run read device profiler more often;17672428058
Profiler DRAM buffers were full, markers were dropped! device 3, worker core 6, 10, Risc TRISC_0,  bufferEndIndex = 12000. Please either decrease the number of ops being profiled or run read device profiler more often;17673038295
Profiler DRAM buffers were full, markers were dropped! device 3, worker core 6, 10, Risc TRISC_1,  bufferEndIndex = 12000. Please either decrease the number of ops being profiled or run read device profiler more often;17673492381
Profiler DRAM buffers were full, markers were dropped! device 3, worker core 6, 10, Risc TRISC_2,  bufferEndIndex = 12000. Please either decrease the number of ops being profiled or run read device profiler more often;17673942379
Profiler DRAM buffers were full, markers were dropped! device 3, worker core 6, 11, Risc BRISC,  bufferEndIndex = 12000. Please either decrease the number of ops being profiled or run read device profiler more often;17674391605
Profiler DRAM buffers were full, markers were dropped! device 3, worker core 6, 11, Risc NCRISC,  bufferEndIndex = 12000. Please either decrease the number of ops being profiled or run read device profiler more often;17675017042
Profiler DRAM buffers were full, markers were dropped! device 3, worker core 6, 11, Risc TRISC_0,  bufferEndIndex = 12000. Please either decrease the number of ops being profiled or run read device profiler more often;17675648369
Profiler DRAM buffers were full, markers were dropped! device 3, worker core 6, 11, Risc TRISC_1,  bufferEndIndex = 12000. Please either decrease the number of ops being profiled or run read device profiler more often;17676108837
Profiler DRAM buffers were full, markers were dropped! device 3, worker core 6, 11, Risc TRISC_2,  bufferEndIndex = 12000. Please either decrease the number of ops being profiled or run read device profiler more often;17676567212
Profiler DRAM buffers were full, markers were dropped! device 3, worker core 7, 2, Risc BRISC,  bufferEndIndex = 12000. Please either decrease the number of ops being profiled or run read device profiler more often;17677036377
Profiler DRAM buffers were full, markers were dropped! device 3, worker core 7, 2, Risc NCRISC,  bufferEndIndex = 12000. Please either decrease the number of ops being profiled or run read device profiler more often;17677667434
Profiler DRAM buffers were full, markers were dropped! device 3, worker core 7, 2, Risc TRISC_0,  bufferEndIndex = 12000. Please either decrease the number of ops being profiled or run read device profiler more often;17678308380
Profiler DRAM buffers were full, markers were dropped! device 3, worker core 7, 2, Risc TRISC_1,  bufferEndIndex = 12000. Please either decrease the number of ops being profiled or run read device profiler more often;17678775641
Profiler DRAM buffers were full, markers were dropped! device 3, worker core 7, 2, Risc TRISC_2,  bufferEndIndex = 12000. Please either decrease the number of ops being profiled or run read device profiler more often;17679240518
Profiler DRAM buffers were full, markers were dropped! device 3, worker core 7, 3, Risc BRISC,  bufferEndIndex = 12000. Please either decrease the number of ops being profiled or run read device profiler more often;17679708981
Profiler DRAM buffers were full, markers were dropped! device 3, worker core 7, 3, Risc NCRISC,  bufferEndIndex = 12000. Please either decrease the number of ops being profiled or run read device profiler more often;17680340399
Profiler DRAM buffers were full, markers were dropped! device 3, worker core 7, 3, Risc TRISC_0,  bufferEndIndex = 12000. Please either decrease the number of ops being profiled or run read device profiler more often;17680968290
Profiler DRAM buffers were full, markers were dropped! device 3, worker core 7, 3, Risc TRISC_1,  bufferEndIndex = 12000. Please either decrease the number of ops being profiled or run read device profiler more often;17681447314
Profiler DRAM buffers were full, markers were dropped! device 3, worker core 7, 3, Risc TRISC_2,  bufferEndIndex = 12000. Please either decrease the number of ops being profiled or run read device profiler more often;17681926990
Profiler DRAM buffers were full, markers were dropped! device 3, worker core 7, 4, Risc BRISC,  bufferEndIndex = 12000. Please either decrease the number of ops being profiled or run read device profiler more often;17682405352
Profiler DRAM buffers were full, markers were dropped! device 3, worker core 7, 4, Risc NCRISC,  bufferEndIndex = 12000. Please either decrease the number of ops being profiled or run read device profiler more often;17683032332
Profiler DRAM buffers were full, markers were dropped! device 3, worker core 7, 4, Risc TRISC_0,  bufferEndIndex = 12000. Please either decrease the number of ops being profiled or run read device profiler more often;17683664561
Profiler DRAM buffers were full, markers were dropped! device 3, worker core 7, 4, Risc TRISC_1,  bufferEndIndex = 12000. Please either decrease the number of ops being profiled or run read device profiler more often;17684147302
Profiler DRAM buffers were full, markers were dropped! device 3, worker core 7, 4, Risc TRISC_2,  bufferEndIndex = 12000. Please either decrease the number of ops being profiled or run read device profiler more often;17684632428
Profiler DRAM buffers were full, markers were dropped! device 3, worker core 7, 5, Risc BRISC,  bufferEndIndex = 12000. Please either decrease the number of ops being profiled or run read device profiler more often;17685122092
Profiler DRAM buffers were full, markers were dropped! device 3, worker core 7, 5, Risc NCRISC,  bufferEndIndex = 12000. Please either decrease the number of ops being profiled or run read device profiler more often;17685746827
Profiler DRAM buffers were full, markers were dropped! device 3, worker core 7, 5, Risc TRISC_0,  bufferEndIndex = 12000. Please either decrease the number of ops being profiled or run read device profiler more often;17686418763
Profiler DRAM buffers were full, markers were dropped! device 3, worker core 7, 5, Risc TRISC_1,  bufferEndIndex = 12000. Please either decrease the number of ops being profiled or run read device profiler more often;17686979775
Profiler DRAM buffers were full, markers were dropped! device 3, worker core 7, 5, Risc TRISC_2,  bufferEndIndex = 12000. Please either decrease the number of ops being profiled or run read device profiler more often;17687580534
Profiler DRAM buffers were full, markers were dropped! device 3, worker core 7, 6, Risc BRISC,  bufferEndIndex = 12000. Please either decrease the number of ops being profiled or run read device profiler more often;17688067814
Profiler DRAM buffers were full, markers were dropped! device 3, worker core 7, 6, Risc NCRISC,  bufferEndIndex = 12000. Please either decrease the number of ops being profiled or run read device profiler more often;17688686948
Profiler DRAM buffers were full, markers were dropped! device 3, worker core 7, 6, Risc TRISC_0,  bufferEndIndex = 12000. Please either decrease the number of ops being profiled or run read device profiler more often;17689300412
Profiler DRAM buffers were full, markers were dropped! device 3, worker core 7, 6, Risc TRISC_1,  bufferEndIndex = 12000. Please either decrease the number of ops being profiled or run read device profiler more often;17689992326
Profiler DRAM buffers were full, markers were dropped! device 3, worker core 7, 6, Risc TRISC_2,  bufferEndIndex = 12000. Please either decrease the number of ops being profiled or run read device profiler more often;17690449718
Profiler DRAM buffers were full, markers were dropped! device 3, worker core 7, 7, Risc BRISC,  bufferEndIndex = 12000. Please either decrease the number of ops being profiled or run read device profiler more often;17690914365
Profiler DRAM buffers were full, markers were dropped! device 3, worker core 7, 7, Risc NCRISC,  bufferEndIndex = 12000. Please either decrease the number of ops being profiled or run read device profiler more often;17691519131
Profiler DRAM buffers were full, markers were dropped! device 3, worker core 7, 7, Risc TRISC_0,  bufferEndIndex = 12000. Please either decrease the number of ops being profiled or run read device profiler more often;17692131332
Profiler DRAM buffers were full, markers were dropped! device 3, worker core 7, 7, Risc TRISC_1,  bufferEndIndex = 12000. Please either decrease the number of ops being profiled or run read device profiler more often;17692593373
Profiler DRAM buffers were full, markers were dropped! device 3, worker core 7, 7, Risc TRISC_2,  bufferEndIndex = 12000. Please either decrease the number of ops being profiled or run read device profiler more often;17693052929
Profiler DRAM buffers were full, markers were dropped! device 3, worker core 7, 8, Risc BRISC,  bufferEndIndex = 12000. Please either decrease the number of ops being profiled or run read device profiler more often;17693744443
Profiler DRAM buffers were full, markers were dropped! device 3, worker core 7, 8, Risc NCRISC,  bufferEndIndex = 12000. Please either decrease the number of ops being profiled or run read device profiler more often;17694354740
Profiler DRAM buffers were full, markers were dropped! device 3, worker core 7, 8, Risc TRISC_0,  bufferEndIndex = 12000. Please either decrease the number of ops being profiled or run read device profiler more often;17694962603
Profiler DRAM buffers were full, markers were dropped! device 3, worker core 7, 8, Risc TRISC_1,  bufferEndIndex = 12000. Please either decrease the number of ops being profiled or run read device profiler more often;17695455133
Profiler DRAM buffers were full, markers were dropped! device 3, worker core 7, 8, Risc TRISC_2,  bufferEndIndex = 12000. Please either decrease the number of ops being profiled or run read device profiler more often;17695948965
Profiler DRAM buffers were full, markers were dropped! device 3, worker core 7, 9, Risc BRISC,  bufferEndIndex = 12000. Please either decrease the number of ops being profiled or run read device profiler more often;17696444541
Profiler DRAM buffers were full, markers were dropped! device 3, worker core 7, 9, Risc NCRISC,  bufferEndIndex = 12000. Please either decrease the number of ops being profiled or run read device profiler more often;17697060419
Profiler DRAM buffers were full, markers were dropped! device 3, worker core 7, 9, Risc TRISC_0,  bufferEndIndex = 12000. Please either decrease the number of ops being profiled or run read device profiler more often;17697919266
Profiler DRAM buffers were full, markers were dropped! device 3, worker core 7, 9, Risc TRISC_1,  bufferEndIndex = 12000. Please either decrease the number of ops being profiled or run read device profiler more often;17698412527
Profiler DRAM buffers were full, markers were dropped! device 3, worker core 7, 9, Risc TRISC_2,  bufferEndIndex = 12000. Please either decrease the number of ops being profiled or run read device profiler more often;17698910778
Profiler DRAM buffers were full, markers were dropped! device 3, worker core 7, 10, Risc BRISC,  bufferEndIndex = 12000. Please either decrease the number of ops being profiled or run read device profiler more often;17699398870
Profiler DRAM buffers were full, markers were dropped! device 3, worker core 7, 10, Risc NCRISC,  bufferEndIndex = 12000. Please either decrease the number of ops being profiled or run read device profiler more often;17700006081
Profiler DRAM buffers were full, markers were dropped! device 3, worker core 7, 10, Risc TRISC_0,  bufferEndIndex = 12000. Please either decrease the number of ops being profiled or run read device profiler more often;17700612671
Profiler DRAM buffers were full, markers were dropped! device 3, worker core 7, 10, Risc TRISC_1,  bufferEndIndex = 12000. Please either decrease the number of ops being profiled or run read device profiler more often;17701327640
Profiler DRAM buffers were full, markers were dropped! device 3, worker core 7, 10, Risc TRISC_2,  bufferEndIndex = 12000. Please either decrease the number of ops being profiled or run read device profiler more often;17701808277
Profiler DRAM buffers were full, markers were dropped! device 3, worker core 7, 11, Risc BRISC,  bufferEndIndex = 12000. Please either decrease the number of ops being profiled or run read device profiler more often;17702293944
Profiler DRAM buffers were full, markers were dropped! device 3, worker core 7, 11, Risc NCRISC,  bufferEndIndex = 12000. Please either decrease the number of ops being profiled or run read device profiler more often;17702899612
Profiler DRAM buffers were full, markers were dropped! device 3, worker core 7, 11, Risc TRISC_0,  bufferEndIndex = 12000. Please either decrease the number of ops being profiled or run read device profiler more often;17703508116
Profiler DRAM buffers were full, markers were dropped! device 3, worker core 7, 11, Risc TRISC_1,  bufferEndIndex = 12000. Please either decrease the number of ops being profiled or run read device profiler more often;17703987280
Profiler DRAM buffers were full, markers were dropped! device 3, worker core 7, 11, Risc TRISC_2,  bufferEndIndex = 12000. Please either decrease the number of ops being profiled or run read device profiler more often;17704465232
Profiler DRAM buffers were full, markers were dropped! device 3, worker core 10, 2, Risc BRISC,  bufferEndIndex = 12000. Please either decrease the number of ops being profiled or run read device profiler more often;17705172095
Profiler DRAM buffers were full, markers were dropped! device 3, worker core 10, 2, Risc NCRISC,  bufferEndIndex = 12000. Please either decrease the number of ops being profiled or run read device profiler more often;17705803593
Profiler DRAM buffers were full, markers were dropped! device 3, worker core 10, 2, Risc TRISC_0,  bufferEndIndex = 12000. Please either decrease the number of ops being profiled or run read device profiler more often;17706406807
Profiler DRAM buffers were full, markers were dropped! device 3, worker core 10, 2, Risc TRISC_1,  bufferEndIndex = 12000. Please either decrease the number of ops being profiled or run read device profiler more often;17706885390
Profiler DRAM buffers were full, markers were dropped! device 3, worker core 10, 2, Risc TRISC_2,  bufferEndIndex = 12000. Please either decrease the number of ops being profiled or run read device profiler more often;17707357190
Profiler DRAM buffers were full, markers were dropped! device 3, worker core 10, 3, Risc BRISC,  bufferEndIndex = 12000. Please either decrease the number of ops being profiled or run read device profiler more often;17707839941
Profiler DRAM buffers were full, markers were dropped! device 3, worker core 10, 3, Risc NCRISC,  bufferEndIndex = 12000. Please either decrease the number of ops being profiled or run read device profiler more often;17708445158
Profiler DRAM buffers were full, markers were dropped! device 3, worker core 10, 3, Risc TRISC_0,  bufferEndIndex = 12000. Please either decrease the number of ops being profiled or run read device profiler more often;17709516865
Profiler DRAM buffers were full, markers were dropped! device 3, worker core 10, 3, Risc TRISC_1,  bufferEndIndex = 12000. Please either decrease the number of ops being profiled or run read device profiler more often;17710012742
Profiler DRAM buffers were full, markers were dropped! device 3, worker core 10, 3, Risc TRISC_2,  bufferEndIndex = 12000. Please either decrease the number of ops being profiled or run read device profiler more often;17710511454
Profiler DRAM buffers were full, markers were dropped! device 3, worker core 10, 4, Risc BRISC,  bufferEndIndex = 12000. Please either decrease the number of ops being profiled or run read device profiler more often;17711013983
Profiler DRAM buffers were full, markers were dropped! device 3, worker core 10, 4, Risc NCRISC,  bufferEndIndex = 12000. Please either decrease the number of ops being profiled or run read device profiler more often;17711625492
Profiler DRAM buffers were full, markers were dropped! device 3, worker core 10, 4, Risc TRISC_0,  bufferEndIndex = 12000. Please either decrease the number of ops being profiled or run read device profiler more often;17712235619
Profiler DRAM buffers were full, markers were dropped! device 3, worker core 10, 4, Risc TRISC_1,  bufferEndIndex = 12000. Please either decrease the number of ops being profiled or run read device profiler more often;17712972410
Profiler DRAM buffers were full, markers were dropped! device 3, worker core 10, 4, Risc TRISC_2,  bufferEndIndex = 12000. Please either decrease the number of ops being profiled or run read device profiler more often;17713477274
Profiler DRAM buffers were full, markers were dropped! device 3, worker core 10, 5, Risc BRISC,  bufferEndIndex = 12000. Please either decrease the number of ops being profiled or run read device profiler more often;17713981396
Profiler DRAM buffers were full, markers were dropped! device 3, worker core 10, 5, Risc NCRISC,  bufferEndIndex = 12000. Please either decrease the number of ops being profiled or run read device profiler more often;17714589720
Profiler DRAM buffers were full, markers were dropped! device 3, worker core 10, 5, Risc TRISC_0,  bufferEndIndex = 12000. Please either decrease the number of ops being profiled or run read device profiler more often;17715332202
Profiler DRAM buffers were full, markers were dropped! device 3, worker core 10, 5, Risc TRISC_1,  bufferEndIndex = 12000. Please either decrease the number of ops being profiled or run read device profiler more often;17715871232
Profiler DRAM buffers were full, markers were dropped! device 3, worker core 10, 5, Risc TRISC_2,  bufferEndIndex = 12000. Please either decrease the number of ops being profiled or run read device profiler more often;17716380153
Profiler DRAM buffers were full, markers were dropped! device 3, worker core 10, 6, Risc BRISC,  bufferEndIndex = 12000. Please either decrease the number of ops being profiled or run read device profiler more often;17717152393
Profiler DRAM buffers were full, markers were dropped! device 3, worker core 10, 6, Risc NCRISC,  bufferEndIndex = 12000. Please either decrease the number of ops being profiled or run read device profiler more often;17717778190
Profiler DRAM buffers were full, markers were dropped! device 3, worker core 10, 6, Risc TRISC_0,  bufferEndIndex = 12000. Please either decrease the number of ops being profiled or run read device profiler more often;17718391272
Profiler DRAM buffers were full, markers were dropped! device 3, worker core 10, 6, Risc TRISC_1,  bufferEndIndex = 12000. Please either decrease the number of ops being profiled or run read device profiler more often;17718896296
Profiler DRAM buffers were full, markers were dropped! device 3, worker core 10, 6, Risc TRISC_2,  bufferEndIndex = 12000. Please either decrease the number of ops being profiled or run read device profiler more often;17719392814
Profiler DRAM buffers were full, markers were dropped! device 3, worker core 10, 7, Risc BRISC,  bufferEndIndex = 12000. Please either decrease the number of ops being profiled or run read device profiler more often;17719898389
Profiler DRAM buffers were full, markers were dropped! device 3, worker core 10, 7, Risc NCRISC,  bufferEndIndex = 12000. Please either decrease the number of ops being profiled or run read device profiler more often;17720521491
Profiler DRAM buffers were full, markers were dropped! device 3, worker core 10, 7, Risc TRISC_0,  bufferEndIndex = 12000. Please either decrease the number of ops being profiled or run read device profiler more often;17721355750
Profiler DRAM buffers were full, markers were dropped! device 3, worker core 10, 7, Risc TRISC_1,  bufferEndIndex = 12000. Please either decrease the number of ops being profiled or run read device profiler more often;17721846547
Profiler DRAM buffers were full, markers were dropped! device 3, worker core 10, 7, Risc TRISC_2,  bufferEndIndex = 12000. Please either decrease the number of ops being profiled or run read device profiler more often;17722332504
Profiler DRAM buffers were full, markers were dropped! device 3, worker core 10, 8, Risc BRISC,  bufferEndIndex = 12000. Please either decrease the number of ops being profiled or run read device profiler more often;17722827409
Profiler DRAM buffers were full, markers were dropped! device 3, worker core 10, 8, Risc NCRISC,  bufferEndIndex = 12000. Please either decrease the number of ops being profiled or run read device profiler more often;17723446854
Profiler DRAM buffers were full, markers were dropped! device 3, worker core 10, 8, Risc TRISC_0,  bufferEndIndex = 12000. Please either decrease the number of ops being profiled or run read device profiler more often;17724059255
Profiler DRAM buffers were full, markers were dropped! device 3, worker core 10, 8, Risc TRISC_1,  bufferEndIndex = 12000. Please either decrease the number of ops being profiled or run read device profiler more often;17724780125
Profiler DRAM buffers were full, markers were dropped! device 3, worker core 10, 8, Risc TRISC_2,  bufferEndIndex = 12000. Please either decrease the number of ops being profiled or run read device profiler more often;17725269940
Profiler DRAM buffers were full, markers were dropped! device 3, worker core 10, 9, Risc BRISC,  bufferEndIndex = 12000. Please either decrease the number of ops being profiled or run read device profiler more often;17725753683
Profiler DRAM buffers were full, markers were dropped! device 3, worker core 10, 9, Risc NCRISC,  bufferEndIndex = 12000. Please either decrease the number of ops being profiled or run read device profiler more often;17726364371
Profiler DRAM buffers were full, markers were dropped! device 3, worker core 10, 9, Risc TRISC_0,  bufferEndIndex = 12000. Please either decrease the number of ops being profiled or run read device profiler more often;17726987483
Profiler DRAM buffers were full, markers were dropped! device 3, worker core 10, 9, Risc TRISC_1,  bufferEndIndex = 12000. Please either decrease the number of ops being profiled or run read device profiler more often;17727480524
Profiler DRAM buffers were full, markers were dropped! device 3, worker core 10, 9, Risc TRISC_2,  bufferEndIndex = 12000. Please either decrease the number of ops being profiled or run read device profiler more often;17727977242
Profiler DRAM buffers were full, markers were dropped! device 3, worker core 10, 10, Risc BRISC,  bufferEndIndex = 12000. Please either decrease the number of ops being profiled or run read device profiler more often;17728711438
Profiler DRAM buffers were full, markers were dropped! device 3, worker core 10, 10, Risc NCRISC,  bufferEndIndex = 12000. Please either decrease the number of ops being profiled or run read device profiler more often;17729337696
Profiler DRAM buffers were full, markers were dropped! device 3, worker core 10, 10, Risc TRISC_0,  bufferEndIndex = 12000. Please either decrease the number of ops being profiled or run read device profiler more often;17729950758
Profiler DRAM buffers were full, markers were dropped! device 3, worker core 10, 10, Risc TRISC_1,  bufferEndIndex = 12000. Please either decrease the number of ops being profiled or run read device profiler more often;17730436836
Profiler DRAM buffers were full, markers were dropped! device 3, worker core 10, 10, Risc TRISC_2,  bufferEndIndex = 12000. Please either decrease the number of ops being profiled or run read device profiler more often;17730919407
Profiler DRAM buffers were full, markers were dropped! device 3, worker core 10, 11, Risc BRISC,  bufferEndIndex = 12000. Please either decrease the number of ops being profiled or run read device profiler more often;17731396347
Profiler DRAM buffers were full, markers were dropped! device 3, worker core 10, 11, Risc NCRISC,  bufferEndIndex = 12000. Please either decrease the number of ops being profiled or run read device profiler more often;17732007996
Profiler DRAM buffers were full, markers were dropped! device 3, worker core 10, 11, Risc TRISC_0,  bufferEndIndex = 12000. Please either decrease the number of ops being profiled or run read device profiler more often;17732843057
Profiler DRAM buffers were full, markers were dropped! device 3, worker core 10, 11, Risc TRISC_1,  bufferEndIndex = 12000. Please either decrease the number of ops being profiled or run read device profiler more often;17733323233
Profiler DRAM buffers were full, markers were dropped! device 3, worker core 10, 11, Risc TRISC_2,  bufferEndIndex = 12000. Please either decrease the number of ops being profiled or run read device profiler more often;17733817467
Profiler DRAM buffers were full, markers were dropped! device 3, worker core 11, 2, Risc BRISC,  bufferEndIndex = 12000. Please either decrease the number of ops being profiled or run read device profiler more often;17734304436
Profiler DRAM buffers were full, markers were dropped! device 3, worker core 11, 2, Risc NCRISC,  bufferEndIndex = 12000. Please either decrease the number of ops being profiled or run read device profiler more often;17734959840
Profiler DRAM buffers were full, markers were dropped! device 3, worker core 11, 2, Risc TRISC_0,  bufferEndIndex = 12000. Please either decrease the number of ops being profiled or run read device profiler more often;17735619853
Profiler DRAM buffers were full, markers were dropped! device 3, worker core 11, 2, Risc TRISC_1,  bufferEndIndex = 12000. Please either decrease the number of ops being profiled or run read device profiler more often;17736342276
Profiler DRAM buffers were full, markers were dropped! device 3, worker core 11, 2, Risc TRISC_2,  bufferEndIndex = 12000. Please either decrease the number of ops being profiled or run read device profiler more often;17736821551
Profiler DRAM buffers were full, markers were dropped! device 3, worker core 11, 3, Risc BRISC,  bufferEndIndex = 12000. Please either decrease the number of ops being profiled or run read device profiler more often;17737290996
Profiler DRAM buffers were full, markers were dropped! device 3, worker core 11, 3, Risc NCRISC,  bufferEndIndex = 12000. Please either decrease the number of ops being profiled or run read device profiler more often;17737921282
Profiler DRAM buffers were full, markers were dropped! device 3, worker core 11, 3, Risc TRISC_0,  bufferEndIndex = 12000. Please either decrease the number of ops being profiled or run read device profiler more often;17738535076
Profiler DRAM buffers were full, markers were dropped! device 3, worker core 11, 3, Risc TRISC_1,  bufferEndIndex = 12000. Please either decrease the number of ops being profiled or run read device profiler more often;17739045270
Profiler DRAM buffers were full, markers were dropped! device 3, worker core 11, 3, Risc TRISC_2,  bufferEndIndex = 12000. Please either decrease the number of ops being profiled or run read device profiler more often;17739536968
Profiler DRAM buffers were full, markers were dropped! device 3, worker core 11, 4, Risc BRISC,  bufferEndIndex = 12000. Please either decrease the number of ops being profiled or run read device profiler more often;17740259011
Profiler DRAM buffers were full, markers were dropped! device 3, worker core 11, 4, Risc NCRISC,  bufferEndIndex = 12000. Please either decrease the number of ops being profiled or run read device profiler more often;17740870120
Profiler DRAM buffers were full, markers were dropped! device 3, worker core 11, 4, Risc TRISC_0,  bufferEndIndex = 12000. Please either decrease the number of ops being profiled or run read device profiler more often;17741479726
Profiler DRAM buffers were full, markers were dropped! device 3, worker core 11, 4, Risc TRISC_1,  bufferEndIndex = 12000. Please either decrease the number of ops being profiled or run read device profiler more often;17741982405
Profiler DRAM buffers were full, markers were dropped! device 3, worker core 11, 4, Risc TRISC_2,  bufferEndIndex = 12000. Please either decrease the number of ops being profiled or run read device profiler more often;17742470477
Profiler DRAM buffers were full, markers were dropped! device 3, worker core 11, 5, Risc BRISC,  bufferEndIndex = 12000. Please either decrease the number of ops being profiled or run read device profiler more often;17742965792
Profiler DRAM buffers were full, markers were dropped! device 3, worker core 11, 5, Risc NCRISC,  bufferEndIndex = 12000. Please either decrease the number of ops being profiled or run read device profiler more often;17743592380
Profiler DRAM buffers were full, markers were dropped! device 3, worker core 11, 5, Risc TRISC_0,  bufferEndIndex = 12000. Please either decrease the number of ops being profiled or run read device profiler more often;17744437360
Profiler DRAM buffers were full, markers were dropped! device 3, worker core 11, 5, Risc TRISC_1,  bufferEndIndex = 12000. Please either decrease the number of ops being profiled or run read device profiler more often;17744931834
Profiler DRAM buffers were full, markers were dropped! device 3, worker core 11, 5, Risc TRISC_2,  bufferEndIndex = 12000. Please either decrease the number of ops being profiled or run read device profiler more often;17745421539
Profiler DRAM buffers were full, markers were dropped! device 3, worker core 11, 6, Risc BRISC,  bufferEndIndex = 12000. Please either decrease the number of ops being profiled or run read device profiler more often;17745915712
Profiler DRAM buffers were full, markers were dropped! device 3, worker core 11, 6, Risc NCRISC,  bufferEndIndex = 12000. Please either decrease the number of ops being profiled or run read device profiler more often;17746532622
Profiler DRAM buffers were full, markers were dropped! device 3, worker core 11, 6, Risc TRISC_0,  bufferEndIndex = 12000. Please either decrease the number of ops being profiled or run read device profiler more often;17747170672
Profiler DRAM buffers were full, markers were dropped! device 3, worker core 11, 6, Risc TRISC_1,  bufferEndIndex = 12000. Please either decrease the number of ops being profiled or run read device profiler more often;17747660176
Profiler DRAM buffers were full, markers were dropped! device 3, worker core 11, 6, Risc TRISC_2,  bufferEndIndex = 12000. Please either decrease the number of ops being profiled or run read device profiler more often;17748375216
Profiler DRAM buffers were full, markers were dropped! device 3, worker core 11, 7, Risc BRISC,  bufferEndIndex = 12000. Please either decrease the number of ops being profiled or run read device profiler more often;17748864940
Profiler DRAM buffers were full, markers were dropped! device 3, worker core 11, 7, Risc NCRISC,  bufferEndIndex = 12000. Please either decrease the number of ops being profiled or run read device profiler more often;17749476710
Profiler DRAM buffers were full, markers were dropped! device 3, worker core 11, 7, Risc TRISC_0,  bufferEndIndex = 12000. Please either decrease the number of ops being profiled or run read device profiler more often;17750098920
Profiler DRAM buffers were full, markers were dropped! device 3, worker core 11, 7, Risc TRISC_1,  bufferEndIndex = 12000. Please either decrease the number of ops being profiled or run read device profiler more often;17750592883
Profiler DRAM buffers were full, markers were dropped! device 3, worker core 11, 7, Risc TRISC_2,  bufferEndIndex = 12000. Please either decrease the number of ops being profiled or run read device profiler more often;17751094731
Profiler DRAM buffers were full, markers were dropped! device 3, worker core 11, 8, Risc BRISC,  bufferEndIndex = 12000. Please either decrease the number of ops being profiled or run read device profiler more often;17751581801
Profiler DRAM buffers were full, markers were dropped! device 3, worker core 11, 8, Risc NCRISC,  bufferEndIndex = 12000. Please either decrease the number of ops being profiled or run read device profiler more often;17752449073
Profiler DRAM buffers were full, markers were dropped! device 3, worker core 11, 8, Risc TRISC_0,  bufferEndIndex = 12000. Please either decrease the number of ops being profiled or run read device profiler more often;17753096843
Profiler DRAM buffers were full, markers were dropped! device 3, worker core 11, 8, Risc TRISC_1,  bufferEndIndex = 12000. Please either decrease the number of ops being profiled or run read device profiler more often;17753591807
Profiler DRAM buffers were full, markers were dropped! device 3, worker core 11, 8, Risc TRISC_2,  bufferEndIndex = 12000. Please either decrease the number of ops being profiled or run read device profiler more often;17754087564
Profiler DRAM buffers were full, markers were dropped! device 3, worker core 11, 9, Risc BRISC,  bufferEndIndex = 12000. Please either decrease the number of ops being profiled or run read device profiler more often;17754601064
Profiler DRAM buffers were full, markers were dropped! device 3, worker core 11, 9, Risc NCRISC,  bufferEndIndex = 12000. Please either decrease the number of ops being profiled or run read device profiler more often;17755226811
Profiler DRAM buffers were full, markers were dropped! device 3, worker core 11, 9, Risc TRISC_0,  bufferEndIndex = 12000. Please either decrease the number of ops being profiled or run read device profiler more often;17756090287
Profiler DRAM buffers were full, markers were dropped! device 3, worker core 11, 9, Risc TRISC_1,  bufferEndIndex = 12000. Please either decrease the number of ops being profiled or run read device profiler more often;17756565834
Profiler DRAM buffers were full, markers were dropped! device 3, worker core 11, 9, Risc TRISC_2,  bufferEndIndex = 12000. Please either decrease the number of ops being profiled or run read device profiler more often;17757061810
Profiler DRAM buffers were full, markers were dropped! device 3, worker core 11, 10, Risc BRISC,  bufferEndIndex = 12000. Please either decrease the number of ops being profiled or run read device profiler more often;17757551775
Profiler DRAM buffers were full, markers were dropped! device 3, worker core 11, 10, Risc NCRISC,  bufferEndIndex = 12000. Please either decrease the number of ops being profiled or run read device profiler more often;17758175769
Profiler DRAM buffers were full, markers were dropped! device 3, worker core 11, 10, Risc TRISC_0,  bufferEndIndex = 12000. Please either decrease the number of ops being profiled or run read device profiler more often;17758790545
Profiler DRAM buffers were full, markers were dropped! device 3, worker core 11, 10, Risc TRISC_1,  bufferEndIndex = 12000. Please either decrease the number of ops being profiled or run read device profiler more often;17759296270
Profiler DRAM buffers were full, markers were dropped! device 3, worker core 11, 10, Risc TRISC_2,  bufferEndIndex = 12000. Please either decrease the number of ops being profiled or run read device profiler more often;17760027751
Profiler DRAM buffers were full, markers were dropped! device 3, worker core 11, 11, Risc BRISC,  bufferEndIndex = 12000. Please either decrease the number of ops being profiled or run read device profiler more often;17760533096
Profiler DRAM buffers were full, markers were dropped! device 3, worker core 11, 11, Risc NCRISC,  bufferEndIndex = 12000. Please either decrease the number of ops being profiled or run read device profiler more often;17761165275
Profiler DRAM buffers were full, markers were dropped! device 3, worker core 11, 11, Risc TRISC_0,  bufferEndIndex = 12000. Please either decrease the number of ops being profiled or run read device profiler more often;17761780953
Profiler DRAM buffers were full, markers were dropped! device 3, worker core 11, 11, Risc TRISC_1,  bufferEndIndex = 12000. Please either decrease the number of ops being profiled or run read device profiler more often;17762283843
Profiler DRAM buffers were full, markers were dropped! device 3, worker core 11, 11, Risc TRISC_2,  bufferEndIndex = 12000. Please either decrease the number of ops being profiled or run read device profiler more often;17762790219
Profiler DRAM buffers were full, markers were dropped! device 3, worker core 12, 2, Risc BRISC,  bufferEndIndex = 12000. Please either decrease the number of ops being profiled or run read device profiler more often;17763297077
Profiler DRAM buffers were full, markers were dropped! device 3, worker core 12, 2, Risc NCRISC,  bufferEndIndex = 12000. Please either decrease the number of ops being profiled or run read device profiler more often;17764148960
Profiler DRAM buffers were full, markers were dropped! device 3, worker core 12, 2, Risc TRISC_0,  bufferEndIndex = 12000. Please either decrease the number of ops being profiled or run read device profiler more often;17764760880
Profiler DRAM buffers were full, markers were dropped! device 3, worker core 12, 2, Risc TRISC_1,  bufferEndIndex = 12000. Please either decrease the number of ops being profiled or run read device profiler more often;17765246728
Profiler DRAM buffers were full, markers were dropped! device 3, worker core 12, 2, Risc TRISC_2,  bufferEndIndex = 12000. Please either decrease the number of ops being profiled or run read device profiler more often;17765735791
Profiler DRAM buffers were full, markers were dropped! device 3, worker core 12, 3, Risc BRISC,  bufferEndIndex = 12000. Please either decrease the number of ops being profiled or run read device profiler more often;17766222049
Profiler DRAM buffers were full, markers were dropped! device 3, worker core 12, 3, Risc NCRISC,  bufferEndIndex = 12000. Please either decrease the number of ops being profiled or run read device profiler more often;17766850000
Profiler DRAM buffers were full, markers were dropped! device 3, worker core 12, 3, Risc TRISC_0,  bufferEndIndex = 12000. Please either decrease the number of ops being profiled or run read device profiler more often;17767697064
Profiler DRAM buffers were full, markers were dropped! device 3, worker core 12, 3, Risc TRISC_1,  bufferEndIndex = 12000. Please either decrease the number of ops being profiled or run read device profiler more often;17768210234
Profiler DRAM buffers were full, markers were dropped! device 3, worker core 12, 3, Risc TRISC_2,  bufferEndIndex = 12000. Please either decrease the number of ops being profiled or run read device profiler more often;17768729215
Profiler DRAM buffers were full, markers were dropped! device 3, worker core 12, 4, Risc BRISC,  bufferEndIndex = 12000. Please either decrease the number of ops being profiled or run read device profiler more often;17769243206
Profiler DRAM buffers were full, markers were dropped! device 3, worker core 12, 4, Risc NCRISC,  bufferEndIndex = 12000. Please either decrease the number of ops being profiled or run read device profiler more often;17769866067
Profiler DRAM buffers were full, markers were dropped! device 3, worker core 12, 4, Risc TRISC_0,  bufferEndIndex = 12000. Please either decrease the number of ops being profiled or run read device profiler more often;17770482577
Profiler DRAM buffers were full, markers were dropped! device 3, worker core 12, 4, Risc TRISC_1,  bufferEndIndex = 12000. Please either decrease the number of ops being profiled or run read device profiler more often;17770999183
Profiler DRAM buffers were full, markers were dropped! device 3, worker core 12, 4, Risc TRISC_2,  bufferEndIndex = 12000. Please either decrease the number of ops being profiled or run read device profiler more often;17771759269
Profiler DRAM buffers were full, markers were dropped! device 3, worker core 12, 5, Risc BRISC,  bufferEndIndex = 12000. Please either decrease the number of ops being profiled or run read device profiler more often;17772278791
Profiler DRAM buffers were full, markers were dropped! device 3, worker core 12, 5, Risc NCRISC,  bufferEndIndex = 12000. Please either decrease the number of ops being profiled or run read device profiler more often;17772924236
Profiler DRAM buffers were full, markers were dropped! device 3, worker core 12, 5, Risc TRISC_0,  bufferEndIndex = 12000. Please either decrease the number of ops being profiled or run read device profiler more often;17773545224
Profiler DRAM buffers were full, markers were dropped! device 3, worker core 12, 5, Risc TRISC_1,  bufferEndIndex = 12000. Please either decrease the number of ops being profiled or run read device profiler more often;17774066289
Profiler DRAM buffers were full, markers were dropped! device 3, worker core 12, 5, Risc TRISC_2,  bufferEndIndex = 12000. Please either decrease the number of ops being profiled or run read device profiler more often;17774586803
Profiler DRAM buffers were full, markers were dropped! device 3, worker core 12, 6, Risc BRISC,  bufferEndIndex = 12000. Please either decrease the number of ops being profiled or run read device profiler more often;17775348242
Profiler DRAM buffers were full, markers were dropped! device 3, worker core 12, 6, Risc NCRISC,  bufferEndIndex = 12000. Please either decrease the number of ops being profiled or run read device profiler more often;17775973908
Profiler DRAM buffers were full, markers were dropped! device 3, worker core 12, 6, Risc TRISC_0,  bufferEndIndex = 12000. Please either decrease the number of ops being profiled or run read device profiler more often;17776581150
Profiler DRAM buffers were full, markers were dropped! device 3, worker core 12, 6, Risc TRISC_1,  bufferEndIndex = 12000. Please either decrease the number of ops being profiled or run read device profiler more often;17777108537
Profiler DRAM buffers were full, markers were dropped! device 3, worker core 12, 6, Risc TRISC_2,  bufferEndIndex = 12000. Please either decrease the number of ops being profiled or run read device profiler more often;17777622278
Profiler DRAM buffers were full, markers were dropped! device 3, worker core 12, 7, Risc BRISC,  bufferEndIndex = 12000. Please either decrease the number of ops being profiled or run read device profiler more often;17778133243
Profiler DRAM buffers were full, markers were dropped! device 3, worker core 12, 7, Risc NCRISC,  bufferEndIndex = 12000. Please either decrease the number of ops being profiled or run read device profiler more often;17778761255
Profiler DRAM buffers were full, markers were dropped! device 3, worker core 12, 7, Risc TRISC_0,  bufferEndIndex = 12000. Please either decrease the number of ops being profiled or run read device profiler more often;17779615562
Profiler DRAM buffers were full, markers were dropped! device 3, worker core 12, 7, Risc TRISC_1,  bufferEndIndex = 12000. Please either decrease the number of ops being profiled or run read device profiler more often;17780141336
Profiler DRAM buffers were full, markers were dropped! device 3, worker core 12, 7, Risc TRISC_2,  bufferEndIndex = 12000. Please either decrease the number of ops being profiled or run read device profiler more often;17780678493
Profiler DRAM buffers were full, markers were dropped! device 3, worker core 12, 8, Risc BRISC,  bufferEndIndex = 12000. Please either decrease the number of ops being profiled or run read device profiler more often;17781195520
Profiler DRAM buffers were full, markers were dropped! device 3, worker core 12, 8, Risc NCRISC,  bufferEndIndex = 12000. Please either decrease the number of ops being profiled or run read device profiler more often;17781827098
Profiler DRAM buffers were full, markers were dropped! device 3, worker core 12, 8, Risc TRISC_0,  bufferEndIndex = 12000. Please either decrease the number of ops being profiled or run read device profiler more often;17782465820
Profiler DRAM buffers were full, markers were dropped! device 3, worker core 12, 8, Risc TRISC_1,  bufferEndIndex = 12000. Please either decrease the number of ops being profiled or run read device profiler more often;17783227699
Profiler DRAM buffers were full, markers were dropped! device 3, worker core 12, 8, Risc TRISC_2,  bufferEndIndex = 12000. Please either decrease the number of ops being profiled or run read device profiler more often;17783749235
Profiler DRAM buffers were full, markers were dropped! device 3, worker core 12, 9, Risc BRISC,  bufferEndIndex = 12000. Please either decrease the number of ops being profiled or run read device profiler more often;17784262576
Profiler DRAM buffers were full, markers were dropped! device 3, worker core 12, 9, Risc NCRISC,  bufferEndIndex = 12000. Please either decrease the number of ops being profiled or run read device profiler more often;17784877391
Profiler DRAM buffers were full, markers were dropped! device 3, worker core 12, 9, Risc TRISC_0,  bufferEndIndex = 12000. Please either decrease the number of ops being profiled or run read device profiler more often;17785509060
Profiler DRAM buffers were full, markers were dropped! device 3, worker core 12, 9, Risc TRISC_1,  bufferEndIndex = 12000. Please either decrease the number of ops being profiled or run read device profiler more often;17786020446
Profiler DRAM buffers were full, markers were dropped! device 3, worker core 12, 9, Risc TRISC_2,  bufferEndIndex = 12000. Please either decrease the number of ops being profiled or run read device profiler more often;17786534508
Profiler DRAM buffers were full, markers were dropped! device 3, worker core 12, 10, Risc BRISC,  bufferEndIndex = 12000. Please either decrease the number of ops being profiled or run read device profiler more often;17787284945
Profiler DRAM buffers were full, markers were dropped! device 3, worker core 12, 10, Risc NCRISC,  bufferEndIndex = 12000. Please either decrease the number of ops being profiled or run read device profiler more often;17787912506
Profiler DRAM buffers were full, markers were dropped! device 3, worker core 12, 10, Risc TRISC_0,  bufferEndIndex = 12000. Please either decrease the number of ops being profiled or run read device profiler more often;17788541208
Profiler DRAM buffers were full, markers were dropped! device 3, worker core 12, 10, Risc TRISC_1,  bufferEndIndex = 12000. Please either decrease the number of ops being profiled or run read device profiler more often;17789051462
Profiler DRAM buffers were full, markers were dropped! device 3, worker core 12, 10, Risc TRISC_2,  bufferEndIndex = 12000. Please either decrease the number of ops being profiled or run read device profiler more often;17789551086
Profiler DRAM buffers were full, markers were dropped! device 3, worker core 12, 11, Risc BRISC,  bufferEndIndex = 12000. Please either decrease the number of ops being profiled or run read device profiler more often;17790060408
Profiler DRAM buffers were full, markers were dropped! device 3, worker core 12, 11, Risc NCRISC,  bufferEndIndex = 12000. Please either decrease the number of ops being profiled or run read device profiler more often;17790690504
Profiler DRAM buffers were full, markers were dropped! device 3, worker core 12, 11, Risc TRISC_0,  bufferEndIndex = 12000. Please either decrease the number of ops being profiled or run read device profiler more often;17791528330
Profiler DRAM buffers were full, markers were dropped! device 3, worker core 12, 11, Risc TRISC_1,  bufferEndIndex = 12000. Please either decrease the number of ops being profiled or run read device profiler more often;17792025749
Profiler DRAM buffers were full, markers were dropped! device 3, worker core 12, 11, Risc TRISC_2,  bufferEndIndex = 12000. Please either decrease the number of ops being profiled or run read device profiler more often;17792526014
Profiler DRAM buffers were full, markers were dropped! device 3, worker core 13, 2, Risc BRISC,  bufferEndIndex = 12000. Please either decrease the number of ops being profiled or run read device profiler more often;17793042009
Profiler DRAM buffers were full, markers were dropped! device 3, worker core 13, 2, Risc NCRISC,  bufferEndIndex = 12000. Please either decrease the number of ops being profiled or run read device profiler more often;17793663127
Profiler DRAM buffers were full, markers were dropped! device 3, worker core 13, 2, Risc TRISC_0,  bufferEndIndex = 12000. Please either decrease the number of ops being profiled or run read device profiler more often;17794276921
Profiler DRAM buffers were full, markers were dropped! device 3, worker core 13, 2, Risc TRISC_1,  bufferEndIndex = 12000. Please either decrease the number of ops being profiled or run read device profiler more often;17794997201
Profiler DRAM buffers were full, markers were dropped! device 3, worker core 13, 2, Risc TRISC_2,  bufferEndIndex = 12000. Please either decrease the number of ops being profiled or run read device profiler more often;17795500782
Profiler DRAM buffers were full, markers were dropped! device 3, worker core 13, 3, Risc BRISC,  bufferEndIndex = 12000. Please either decrease the number of ops being profiled or run read device profiler more often;17795993943
Profiler DRAM buffers were full, markers were dropped! device 3, worker core 13, 3, Risc NCRISC,  bufferEndIndex = 12000. Please either decrease the number of ops being profiled or run read device profiler more often;17796604721
Profiler DRAM buffers were full, markers were dropped! device 3, worker core 13, 3, Risc TRISC_0,  bufferEndIndex = 12000. Please either decrease the number of ops being profiled or run read device profiler more often;17797220419
Profiler DRAM buffers were full, markers were dropped! device 3, worker core 13, 3, Risc TRISC_1,  bufferEndIndex = 12000. Please either decrease the number of ops being profiled or run read device profiler more often;17797751463
Profiler DRAM buffers were full, markers were dropped! device 3, worker core 13, 3, Risc TRISC_2,  bufferEndIndex = 12000. Please either decrease the number of ops being profiled or run read device profiler more often;17798272879
Profiler DRAM buffers were full, markers were dropped! device 3, worker core 13, 4, Risc BRISC,  bufferEndIndex = 12000. Please either decrease the number of ops being profiled or run read device profiler more often;17799049627
Profiler DRAM buffers were full, markers were dropped! device 3, worker core 13, 4, Risc NCRISC,  bufferEndIndex = 12000. Please either decrease the number of ops being profiled or run read device profiler more often;17799672729
Profiler DRAM buffers were full, markers were dropped! device 3, worker core 13, 4, Risc TRISC_0,  bufferEndIndex = 12000. Please either decrease the number of ops being profiled or run read device profiler more often;17800297955
Profiler DRAM buffers were full, markers were dropped! device 3, worker core 13, 4, Risc TRISC_1,  bufferEndIndex = 12000. Please either decrease the number of ops being profiled or run read device profiler more often;17800822426
Profiler DRAM buffers were full, markers were dropped! device 3, worker core 13, 4, Risc TRISC_2,  bufferEndIndex = 12000. Please either decrease the number of ops being profiled or run read device profiler more often;17801338893
Profiler DRAM buffers were full, markers were dropped! device 3, worker core 13, 5, Risc BRISC,  bufferEndIndex = 12000. Please either decrease the number of ops being profiled or run read device profiler more often;17801858064
Profiler DRAM buffers were full, markers were dropped! device 3, worker core 13, 5, Risc NCRISC,  bufferEndIndex = 12000. Please either decrease the number of ops being profiled or run read device profiler more often;17802709266
Profiler DRAM buffers were full, markers were dropped! device 3, worker core 13, 5, Risc TRISC_0,  bufferEndIndex = 12000. Please either decrease the number of ops being profiled or run read device profiler more often;17803322969
Profiler DRAM buffers were full, markers were dropped! device 3, worker core 13, 5, Risc TRISC_1,  bufferEndIndex = 12000. Please either decrease the number of ops being profiled or run read device profiler more often;17803845728
Profiler DRAM buffers were full, markers were dropped! device 3, worker core 13, 5, Risc TRISC_2,  bufferEndIndex = 12000. Please either decrease the number of ops being profiled or run read device profiler more often;17804367184
Profiler DRAM buffers were full, markers were dropped! device 3, worker core 13, 6, Risc BRISC,  bufferEndIndex = 12000. Please either decrease the number of ops being profiled or run read device profiler more often;17804909830
Profiler DRAM buffers were full, markers were dropped! device 3, worker core 13, 6, Risc NCRISC,  bufferEndIndex = 12000. Please either decrease the number of ops being profiled or run read device profiler more often;17805538182
Profiler DRAM buffers were full, markers were dropped! device 3, worker core 13, 6, Risc TRISC_0,  bufferEndIndex = 12000. Please either decrease the number of ops being profiled or run read device profiler more often;17806186944
Profiler DRAM buffers were full, markers were dropped! device 3, worker core 13, 6, Risc TRISC_1,  bufferEndIndex = 12000. Please either decrease the number of ops being profiled or run read device profiler more often;17806929456
Profiler DRAM buffers were full, markers were dropped! device 3, worker core 13, 6, Risc TRISC_2,  bufferEndIndex = 12000. Please either decrease the number of ops being profiled or run read device profiler more often;17807436985
Profiler DRAM buffers were full, markers were dropped! device 3, worker core 13, 7, Risc BRISC,  bufferEndIndex = 12000. Please either decrease the number of ops being profiled or run read device profiler more often;17807952128
Profiler DRAM buffers were full, markers were dropped! device 3, worker core 13, 7, Risc NCRISC,  bufferEndIndex = 12000. Please either decrease the number of ops being profiled or run read device profiler more often;17808560902
Profiler DRAM buffers were full, markers were dropped! device 3, worker core 13, 7, Risc TRISC_0,  bufferEndIndex = 12000. Please either decrease the number of ops being profiled or run read device profiler more often;17809209914
Profiler DRAM buffers were full, markers were dropped! device 3, worker core 13, 7, Risc TRISC_1,  bufferEndIndex = 12000. Please either decrease the number of ops being profiled or run read device profiler more often;17809719167
Profiler DRAM buffers were full, markers were dropped! device 3, worker core 13, 7, Risc TRISC_2,  bufferEndIndex = 12000. Please either decrease the number of ops being profiled or run read device profiler more often;17810461979
Profiler DRAM buffers were full, markers were dropped! device 3, worker core 13, 8, Risc BRISC,  bufferEndIndex = 12000. Please either decrease the number of ops being profiled or run read device profiler more often;17810968977
Profiler DRAM buffers were full, markers were dropped! device 3, worker core 13, 8, Risc NCRISC,  bufferEndIndex = 12000. Please either decrease the number of ops being profiled or run read device profiler more often;17811580236
Profiler DRAM buffers were full, markers were dropped! device 3, worker core 13, 8, Risc TRISC_0,  bufferEndIndex = 12000. Please either decrease the number of ops being profiled or run read device profiler more often;17812188449
Profiler DRAM buffers were full, markers were dropped! device 3, worker core 13, 8, Risc TRISC_1,  bufferEndIndex = 12000. Please either decrease the number of ops being profiled or run read device profiler more often;17812701298
Profiler DRAM buffers were full, markers were dropped! device 3, worker core 13, 8, Risc TRISC_2,  bufferEndIndex = 12000. Please either decrease the number of ops being profiled or run read device profiler more often;17813206393
Profiler DRAM buffers were full, markers were dropped! device 3, worker core 13, 9, Risc BRISC,  bufferEndIndex = 12000. Please either decrease the number of ops being profiled or run read device profiler more often;17813722669
Profiler DRAM buffers were full, markers were dropped! device 3, worker core 13, 9, Risc NCRISC,  bufferEndIndex = 12000. Please either decrease the number of ops being profiled or run read device profiler more often;17814562348
Profiler DRAM buffers were full, markers were dropped! device 3, worker core 13, 9, Risc TRISC_0,  bufferEndIndex = 12000. Please either decrease the number of ops being profiled or run read device profiler more often;17815167636
Profiler DRAM buffers were full, markers were dropped! device 3, worker core 13, 9, Risc TRISC_1,  bufferEndIndex = 12000. Please either decrease the number of ops being profiled or run read device profiler more often;17815674684
Profiler DRAM buffers were full, markers were dropped! device 3, worker core 13, 9, Risc TRISC_2,  bufferEndIndex = 12000. Please either decrease the number of ops being profiled or run read device profiler more often;17816178455
Profiler DRAM buffers were full, markers were dropped! device 3, worker core 13, 10, Risc BRISC,  bufferEndIndex = 12000. Please either decrease the number of ops being profiled or run read device profiler more often;17816700262
Profiler DRAM buffers were full, markers were dropped! device 3, worker core 13, 10, Risc NCRISC,  bufferEndIndex = 12000. Please either decrease the number of ops being profiled or run read device profiler more often;17817345286
Profiler DRAM buffers were full, markers were dropped! device 3, worker core 13, 10, Risc TRISC_0,  bufferEndIndex = 12000. Please either decrease the number of ops being profiled or run read device profiler more often;17818232517
Profiler DRAM buffers were full, markers were dropped! device 3, worker core 13, 10, Risc TRISC_1,  bufferEndIndex = 12000. Please either decrease the number of ops being profiled or run read device profiler more often;17818736930
Profiler DRAM buffers were full, markers were dropped! device 3, worker core 13, 10, Risc TRISC_2,  bufferEndIndex = 12000. Please either decrease the number of ops being profiled or run read device profiler more often;17819249519
Profiler DRAM buffers were full, markers were dropped! device 3, worker core 13, 11, Risc BRISC,  bufferEndIndex = 12000. Please either decrease the number of ops being profiled or run read device profiler more often;17819759072
Profiler DRAM buffers were full, markers were dropped! device 3, worker core 13, 11, Risc NCRISC,  bufferEndIndex = 12000. Please either decrease the number of ops being profiled or run read device profiler more often;17820375010
Profiler DRAM buffers were full, markers were dropped! device 3, worker core 13, 11, Risc TRISC_0,  bufferEndIndex = 12000. Please either decrease the number of ops being profiled or run read device profiler more often;17820990537
Profiler DRAM buffers were full, markers were dropped! device 3, worker core 13, 11, Risc TRISC_1,  bufferEndIndex = 12000. Please either decrease the number of ops being profiled or run read device profiler more often;17821492215
Profiler DRAM buffers were full, markers were dropped! device 3, worker core 13, 11, Risc TRISC_2,  bufferEndIndex = 12000. Please either decrease the number of ops being profiled or run read device profiler more often;17822230919
