{
  "advisor_residual_mode": "legacy_32core",
  "batch": 1,
  "ccl_dtype": "bfp8",
  "ccl_mode": "persistent_async",
  "decode_matmul_mode": "dram_sharded",
  "down_target_cores": 8,
  "effective_ccl_topology": "Ring",
  "gate_up_target_cores": 24,
  "generated_at_utc": "2026-07-18T17:58:45.190919+00:00",
  "hardware": "4x Blackhole p300c, mesh 1x4, FABRIC_1D_RING",
  "implementation_sha256": "eb90bbe23b6047ec0a26045764c17de29892ce57531c5de554f67f2718c26deb",
  "iterations_per_sample": 100,
  "multichip_prefill_ms": 0.8255923166871071,
  "multichip_trace_ms": 0.3029055008664727,
  "num_links": 2,
  "o_target_cores": 8,
  "parallel_efficiency": 0.5315574222424724,
  "physical_decode_geometry": {
    "down_grid": [
      8,
      1
    ],
    "down_grid_cores": 8,
    "gate_up_grid": [
      8,
      3
    ],
    "gate_up_grid_cores": 24,
    "mlp_local_width": 5760,
    "mlp_padded_width": 6144,
    "mlp_padding": 384,
    "o_grid": [
      8,
      1
    ],
    "o_grid_cores": 8,
    "o_local_input_width": 768,
    "qkv_grid": [
      8,
      1
    ],
    "qkv_grid_cores": 8,
    "qkv_local_width": 1280,
    "qkv_padded_width": 1280,
    "qkv_padding": 0
  },
  "precision_policy": "all_bfp4_lofi",
  "prefill_parallel_efficiency": null,
  "prefill_samples": [
    1.2669223360717297,
    0.9027379564940929,
    0.8225650526583195,
    0.8255923166871071,
    0.8146902546286583
  ],
  "prefill_speedup": null,
  "qkv_target_cores": 8,
  "repo_head": "74b73791498c5e838ebcfb6266c71324424a7bbf",
  "return_sharded_decode_output": true,
  "samples": [
    0.30302791856229305,
    0.3029055008664727,
    0.3030523704364896,
    0.30287672765553,
    0.30280040111392736
  ],
  "sequence_length": 17,
  "single_chip_baseline_ms": 0.644046668894589,
  "single_chip_prefill_ms": null,
  "single_chip_provenance": "models/autoports/tiiuae_falcon3_7b_base/doc/optimized_decoder/results/final/final_batch1.json",
  "speedup": 2.1262296889698895,
  "test_sha256": "36461c8441f42b5c45bc3ccc9ca3f179575aafaae4b41df5c14893788bb85ae6",
  "use_packed_mlp": false,
  "weights": "real_layer_14"
}
