OP CODE,OP TYPE,GLOBAL CALL COUNT,DEVICE ID,DEVICE ARCH,ATTRIBUTES,MATH FIDELITY,CORE COUNT,AVAILABLE WORKER CORE COUNT,SUB DEVICE ID,PARALLELIZATION STRATEGY,HOST START TS,HOST END TS,HOST DURATION [ns],DEVICE FW START CYCLE,DEVICE FW END CYCLE,OP TO OP LATENCY [ns],OP TO OP LATENCY BR/NRISC START [ns],DEVICE FW DURATION [ns],DEVICE KERNEL DURATION [ns],DEVICE KERNEL DURATION DM START [ns],DEVICE KERNEL DURATION PER CORE MIN [ns],DEVICE KERNEL DURATION PER CORE MAX [ns],DEVICE KERNEL DURATION PER CORE AVG [ns],DEVICE KERNEL FIRST TO LAST START [ns],DEVICE BRISC KERNEL DURATION [ns],DEVICE NCRISC KERNEL DURATION [ns],DEVICE TRISC0 KERNEL DURATION [ns],DEVICE TRISC1 KERNEL DURATION [ns],DEVICE TRISC2 KERNEL DURATION [ns],DEVICE ERISC KERNEL DURATION [ns],DEVICE COMPUTE CB WAIT FRONT [ns],DEVICE COMPUTE CB RESERVE BACK [ns],DISPATCH TOTAL CQ CMD OP TIME [ns],DISPATCH GO SEND WAIT TIME [ns],INPUT_0_W_PAD[LOGICAL],INPUT_0_Z_PAD[LOGICAL],INPUT_0_Y_PAD[LOGICAL],INPUT_0_X_PAD[LOGICAL],INPUT_0_LAYOUT,INPUT_0_DATATYPE,INPUT_0_MEMORY,INPUT_1_W_PAD[LOGICAL],INPUT_1_Z_PAD[LOGICAL],INPUT_1_Y_PAD[LOGICAL],INPUT_1_X_PAD[LOGICAL],INPUT_1_LAYOUT,INPUT_1_DATATYPE,INPUT_1_MEMORY,INPUT_2_W_PAD[LOGICAL],INPUT_2_Z_PAD[LOGICAL],INPUT_2_Y_PAD[LOGICAL],INPUT_2_X_PAD[LOGICAL],INPUT_2_LAYOUT,INPUT_2_DATATYPE,INPUT_2_MEMORY,INPUT_3_W_PAD[LOGICAL],INPUT_3_Z_PAD[LOGICAL],INPUT_3_Y_PAD[LOGICAL],INPUT_3_X_PAD[LOGICAL],INPUT_3_LAYOUT,INPUT_3_DATATYPE,INPUT_3_MEMORY,INPUT_4_W_PAD[LOGICAL],INPUT_4_Z_PAD[LOGICAL],INPUT_4_Y_PAD[LOGICAL],INPUT_4_X_PAD[LOGICAL],INPUT_4_LAYOUT,INPUT_4_DATATYPE,INPUT_4_MEMORY,OUTPUT_0_W_PAD[LOGICAL],OUTPUT_0_Z_PAD[LOGICAL],OUTPUT_0_Y_PAD[LOGICAL],OUTPUT_0_X_PAD[LOGICAL],OUTPUT_0_LAYOUT,OUTPUT_0_DATATYPE,OUTPUT_0_MEMORY,OUTPUT_1_W_PAD[LOGICAL],OUTPUT_1_Z_PAD[LOGICAL],OUTPUT_1_Y_PAD[LOGICAL],OUTPUT_1_X_PAD[LOGICAL],OUTPUT_1_LAYOUT,OUTPUT_1_DATATYPE,OUTPUT_1_MEMORY,OUTPUT_2_W_PAD[LOGICAL],OUTPUT_2_Z_PAD[LOGICAL],OUTPUT_2_Y_PAD[LOGICAL],OUTPUT_2_X_PAD[LOGICAL],OUTPUT_2_LAYOUT,OUTPUT_2_DATATYPE,OUTPUT_2_MEMORY,METAL TRACE ID,METAL TRACE REPLAY SESSION ID,COMPUTE KERNEL SOURCE,COMPUTE KERNEL HASH,DATA MOVEMENT KERNEL SOURCE,DATA MOVEMENT KERNEL HASH,PROGRAM HASH,PROGRAM CACHE HIT,TENSIX DM 0 MAX KERNEL SIZE [B],TENSIX DM 1 MAX KERNEL SIZE [B],TENSIX COMPUTE 0 MAX KERNEL SIZE [B],TENSIX COMPUTE 1 MAX KERNEL SIZE [B],TENSIX COMPUTE 2 MAX KERNEL SIZE [B],ACTIVE ETH DM 0 MAX KERNEL SIZE [B],ACTIVE ETH DM 1 MAX KERNEL SIZE [B],IDLE ETH DM 0 MAX KERNEL SIZE [B],IDLE ETH DM 1 MAX KERNEL SIZE [B],PM IDEAL [ns],PM COMPUTE [ns],PM BANDWIDTH [ns],PM REQ I BW,PM REQ O BW,PM FPU UTIL (%),NOC UTIL (%),MULTICAST NOC UTIL (%),DRAM BW UTIL (%),DRAM BW UTIL PER CTRL (%),ETH BW UTIL (%),NPE CONG IMPACT (%),TT_DNN_DEVICE_OP_TT_HOST_FUNC [ns]
TilizeWithValPaddingDeviceOperation,tt_dnn_device,1027,3,blackhole,{'enough_space_height': 'true'; 'enough_space_width': 'true'; 'output_dtype': 'DataType::BFLOAT16'; 'output_mem_config': 'MemoryConfig(memory_layout=TensorMemoryLayout::INTERLEAVED;buffer_type=BufferType::DRAM;shard_spec=std::nullopt;nd_shard_spec=std::nullopt;created_with_nd_shard_spec=0)'; 'output_padded_shape': 'Shape([1; 1; 32; 32])'; 'pad_value': '0'; 'sub_core_grids': 'std::nullopt'; 'use_multicore': 'true'},HiFi4,110,110,,,4808542618,4808645065,102447,1331248733194,1331250423074,0,0,1251763,1250995,,,,,441547,,,,,,,,,,,1[1],1[1],1[1],1[1],ROW_MAJOR,BFLOAT16,DEV_0_DRAM_INTERLEAVED,,,,,,,,,,,,,,,,,,,,,,,,,,,,,1[1],1[1],32[1],32[1],TILE,BFLOAT16,DEV_0_DRAM_INTERLEAVED,,,,,,,,,,,,,,,,,['ttnn/cpp/ttnn/kernel/compute/tilize.cpp'],['tilize/7532705744195701578/'],['ttnn/cpp/ttnn/operations/eltwise/unary/device/kernels/dataflow/writer_unary_interleaved_start_id.cpp'; 'ttnn/cpp/ttnn/operations/data_movement/tilize_with_val_padding/device/kernels/dataflow/reader_unary_pad_dims_split_rows_multicore.cpp'],['writer_unary_interleaved_start_id/14961694624359116620/'; 'reader_unary_pad_dims_split_rows_multicore/662555580237093866/'],7175861952375889502,False,1036,1888,1248,764,1576,0,0,0,0,1,1,1,[],[],0.0,,,,,,,102447
TilizeWithValPaddingDeviceOperation,tt_dnn_device,2051,3,blackhole,{'enough_space_height': 'true'; 'enough_space_width': 'true'; 'output_dtype': 'DataType::BFLOAT16'; 'output_mem_config': 'MemoryConfig(memory_layout=TensorMemoryLayout::INTERLEAVED;buffer_type=BufferType::DRAM;shard_spec=std::nullopt;nd_shard_spec=std::nullopt;created_with_nd_shard_spec=0)'; 'output_padded_shape': 'Shape([1; 1; 32; 2816])'; 'pad_value': '0'; 'sub_core_grids': 'std::nullopt'; 'use_multicore': 'true'},HiFi4,110,110,,,4813283802,4813346964,63162,1331250442900,1331252129003,15434,0,1248965,1248219,,,,,439627,,,,,,,,,,,1[1],1[1],1[1],2816[2816],ROW_MAJOR,BFLOAT16,DEV_0_DRAM_INTERLEAVED,,,,,,,,,,,,,,,,,,,,,,,,,,,,,1[1],1[1],32[1],2816[2816],TILE,BFLOAT16,DEV_0_DRAM_INTERLEAVED,,,,,,,,,,,,,,,,,['ttnn/cpp/ttnn/operations/data_movement/tilize/device/kernels/compute/tilize_wh.cpp'],['tilize_wh/4801848001036018307/'],['ttnn/cpp/ttnn/operations/eltwise/unary/device/kernels/dataflow/writer_unary_interleaved_start_id_wh.cpp'; 'ttnn/cpp/ttnn/operations/data_movement/tilize_with_val_padding/device/kernels/dataflow/reader_unary_pad_multicore_both_dims.cpp'],['writer_unary_interleaved_start_id_wh/2992591854812100651/'; 'reader_unary_pad_multicore_both_dims/15384467274118049039/'],7422922375288097901,False,792,3060,1248,764,1576,0,0,0,0,1,1,1,[],[],0.0,,,,,,,63162
TilizeWithValPaddingDeviceOperation,tt_dnn_device,3075,3,blackhole,{'enough_space_height': 'true'; 'enough_space_width': 'true'; 'output_dtype': 'DataType::BFLOAT16'; 'output_mem_config': 'MemoryConfig(memory_layout=TensorMemoryLayout::INTERLEAVED;buffer_type=BufferType::DRAM;shard_spec=std::nullopt;nd_shard_spec=std::nullopt;created_with_nd_shard_spec=0)'; 'output_padded_shape': 'Shape([1; 1; 32; 2816])'; 'pad_value': '0'; 'sub_core_grids': 'std::nullopt'; 'use_multicore': 'true'},HiFi4,110,110,,,4813497303,4813501521,4218,1331252149472,1331253840607,15901,0,1252693,1251952,,,,,440939,,,,,,,,,,,1[1],1[1],1[1],2816[2816],ROW_MAJOR,BFLOAT16,DEV_0_DRAM_INTERLEAVED,,,,,,,,,,,,,,,,,,,,,,,,,,,,,1[1],1[1],32[1],2816[2816],TILE,BFLOAT16,DEV_0_DRAM_INTERLEAVED,,,,,,,,,,,,,,,,,['ttnn/cpp/ttnn/operations/data_movement/tilize/device/kernels/compute/tilize_wh.cpp'],['tilize_wh/4801848001036018307/'],['ttnn/cpp/ttnn/operations/eltwise/unary/device/kernels/dataflow/writer_unary_interleaved_start_id_wh.cpp'; 'ttnn/cpp/ttnn/operations/data_movement/tilize_with_val_padding/device/kernels/dataflow/reader_unary_pad_multicore_both_dims.cpp'],['writer_unary_interleaved_start_id_wh/2992591854812100651/'; 'reader_unary_pad_multicore_both_dims/15384467274118049039/'],7422922375288097901,False,792,3060,1248,764,1576,0,0,0,0,1,1,1,[],[],0.0,,,,,,,4218
TilizeWithValPaddingDeviceOperation,tt_dnn_device,4099,3,blackhole,{'enough_space_height': 'true'; 'enough_space_width': 'true'; 'output_dtype': 'DataType::BFLOAT16'; 'output_mem_config': 'MemoryConfig(memory_layout=TensorMemoryLayout::INTERLEAVED;buffer_type=BufferType::DRAM;shard_spec=std::nullopt;nd_shard_spec=std::nullopt;created_with_nd_shard_spec=0)'; 'output_padded_shape': 'Shape([1; 1; 32; 2816])'; 'pad_value': '0'; 'sub_core_grids': 'std::nullopt'; 'use_multicore': 'true'},HiFi4,110,110,,,4813547800,4813548391,591,1331253858053,1331255546191,13687,0,1250473,1249709,,,,,440638,,,,,,,,,,,1[1],1[1],1[1],2816[2816],ROW_MAJOR,BFLOAT16,DEV_0_DRAM_INTERLEAVED,,,,,,,,,,,,,,,,,,,,,,,,,,,,,1[1],1[1],32[1],2816[2816],TILE,BFLOAT16,DEV_0_DRAM_INTERLEAVED,,,,,,,,,,,,,,,,,['ttnn/cpp/ttnn/operations/data_movement/tilize/device/kernels/compute/tilize_wh.cpp'],['tilize_wh/4801848001036018307/'],['ttnn/cpp/ttnn/operations/eltwise/unary/device/kernels/dataflow/writer_unary_interleaved_start_id_wh.cpp'; 'ttnn/cpp/ttnn/operations/data_movement/tilize_with_val_padding/device/kernels/dataflow/reader_unary_pad_multicore_both_dims.cpp'],['writer_unary_interleaved_start_id_wh/2992591854812100651/'; 'reader_unary_pad_multicore_both_dims/15384467274118049039/'],7422922375288097901,False,792,3060,1248,764,1576,0,0,0,0,1,1,1,[],[],0.0,,,,,,,591
TilizeWithValPaddingDeviceOperation,tt_dnn_device,5123,3,blackhole,{'enough_space_height': 'true'; 'enough_space_width': 'true'; 'output_dtype': 'DataType::BFLOAT16'; 'output_mem_config': 'MemoryConfig(memory_layout=TensorMemoryLayout::INTERLEAVED;buffer_type=BufferType::DRAM;shard_spec=std::nullopt;nd_shard_spec=std::nullopt;created_with_nd_shard_spec=0)'; 'output_padded_shape': 'Shape([1; 1; 32; 2816])'; 'pad_value': '0'; 'sub_core_grids': 'std::nullopt'; 'use_multicore': 'true'},HiFi4,110,110,,,4813590603,4813591174,571,1331255565052,1331257252577,14727,0,1250019,1249264,,,,,440166,,,,,,,,,,,1[1],1[1],1[1],2816[2816],ROW_MAJOR,BFLOAT16,DEV_0_DRAM_INTERLEAVED,,,,,,,,,,,,,,,,,,,,,,,,,,,,,1[1],1[1],32[1],2816[2816],TILE,BFLOAT16,DEV_0_DRAM_INTERLEAVED,,,,,,,,,,,,,,,,,['ttnn/cpp/ttnn/operations/data_movement/tilize/device/kernels/compute/tilize_wh.cpp'],['tilize_wh/4801848001036018307/'],['ttnn/cpp/ttnn/operations/eltwise/unary/device/kernels/dataflow/writer_unary_interleaved_start_id_wh.cpp'; 'ttnn/cpp/ttnn/operations/data_movement/tilize_with_val_padding/device/kernels/dataflow/reader_unary_pad_multicore_both_dims.cpp'],['writer_unary_interleaved_start_id_wh/2992591854812100651/'; 'reader_unary_pad_multicore_both_dims/15384467274118049039/'],7422922375288097901,False,792,3060,1248,764,1576,0,0,0,0,1,1,1,[],[],0.0,,,,,,,571
TilizeWithValPaddingDeviceOperation,tt_dnn_device,6147,3,blackhole,{'enough_space_height': 'true'; 'enough_space_width': 'true'; 'output_dtype': 'DataType::BFLOAT16'; 'output_mem_config': 'MemoryConfig(memory_layout=TensorMemoryLayout::INTERLEAVED;buffer_type=BufferType::DRAM;shard_spec=std::nullopt;nd_shard_spec=std::nullopt;created_with_nd_shard_spec=0)'; 'output_padded_shape': 'Shape([1; 1; 32; 2816])'; 'pad_value': '0'; 'sub_core_grids': 'std::nullopt'; 'use_multicore': 'true'},HiFi4,110,110,,,4813621592,4813622003,411,1331257270504,1331258958237,14037,0,1250173,1249413,,,,,439987,,,,,,,,,,,1[1],1[1],1[1],2816[2816],ROW_MAJOR,BFLOAT16,DEV_0_DRAM_INTERLEAVED,,,,,,,,,,,,,,,,,,,,,,,,,,,,,1[1],1[1],32[1],2816[2816],TILE,BFLOAT16,DEV_0_DRAM_INTERLEAVED,,,,,,,,,,,,,,,,,['ttnn/cpp/ttnn/operations/data_movement/tilize/device/kernels/compute/tilize_wh.cpp'],['tilize_wh/4801848001036018307/'],['ttnn/cpp/ttnn/operations/eltwise/unary/device/kernels/dataflow/writer_unary_interleaved_start_id_wh.cpp'; 'ttnn/cpp/ttnn/operations/data_movement/tilize_with_val_padding/device/kernels/dataflow/reader_unary_pad_multicore_both_dims.cpp'],['writer_unary_interleaved_start_id_wh/2992591854812100651/'; 'reader_unary_pad_multicore_both_dims/15384467274118049039/'],7422922375288097901,False,792,3060,1248,764,1576,0,0,0,0,1,1,1,[],[],0.0,,,,,,,411
TilizeWithValPaddingDeviceOperation,tt_dnn_device,7171,3,blackhole,{'enough_space_height': 'true'; 'enough_space_width': 'true'; 'output_dtype': 'DataType::BFLOAT16'; 'output_mem_config': 'MemoryConfig(memory_layout=TensorMemoryLayout::INTERLEAVED;buffer_type=BufferType::DRAM;shard_spec=std::nullopt;nd_shard_spec=std::nullopt;created_with_nd_shard_spec=0)'; 'output_padded_shape': 'Shape([1; 1; 32; 2816])'; 'pad_value': '0'; 'sub_core_grids': 'std::nullopt'; 'use_multicore': 'true'},HiFi4,110,110,,,4813648023,4813648414,391,1331258975608,1331260663555,13641,0,1250331,1249558,,,,,439239,,,,,,,,,,,1[1],1[1],1[1],2816[2816],ROW_MAJOR,BFLOAT16,DEV_0_DRAM_INTERLEAVED,,,,,,,,,,,,,,,,,,,,,,,,,,,,,1[1],1[1],32[1],2816[2816],TILE,BFLOAT16,DEV_0_DRAM_INTERLEAVED,,,,,,,,,,,,,,,,,['ttnn/cpp/ttnn/operations/data_movement/tilize/device/kernels/compute/tilize_wh.cpp'],['tilize_wh/4801848001036018307/'],['ttnn/cpp/ttnn/operations/eltwise/unary/device/kernels/dataflow/writer_unary_interleaved_start_id_wh.cpp'; 'ttnn/cpp/ttnn/operations/data_movement/tilize_with_val_padding/device/kernels/dataflow/reader_unary_pad_multicore_both_dims.cpp'],['writer_unary_interleaved_start_id_wh/2992591854812100651/'; 'reader_unary_pad_multicore_both_dims/15384467274118049039/'],7422922375288097901,False,792,3060,1248,764,1576,0,0,0,0,1,1,1,[],[],0.0,,,,,,,391
TilizeWithValPaddingDeviceOperation,tt_dnn_device,8195,3,blackhole,{'enough_space_height': 'true'; 'enough_space_width': 'true'; 'output_dtype': 'DataType::BFLOAT16'; 'output_mem_config': 'MemoryConfig(memory_layout=TensorMemoryLayout::INTERLEAVED;buffer_type=BufferType::DRAM;shard_spec=std::nullopt;nd_shard_spec=std::nullopt;created_with_nd_shard_spec=0)'; 'output_padded_shape': 'Shape([1; 1; 32; 2816])'; 'pad_value': '0'; 'sub_core_grids': 'std::nullopt'; 'use_multicore': 'true'},HiFi4,110,110,,,4813673612,4813674113,501,1331260682452,1331262372428,14769,0,1251834,1251062,,,,,440984,,,,,,,,,,,1[1],1[1],1[1],2816[2816],ROW_MAJOR,BFLOAT16,DEV_0_DRAM_INTERLEAVED,,,,,,,,,,,,,,,,,,,,,,,,,,,,,1[1],1[1],32[1],2816[2816],TILE,BFLOAT16,DEV_0_DRAM_INTERLEAVED,,,,,,,,,,,,,,,,,['ttnn/cpp/ttnn/operations/data_movement/tilize/device/kernels/compute/tilize_wh.cpp'],['tilize_wh/4801848001036018307/'],['ttnn/cpp/ttnn/operations/eltwise/unary/device/kernels/dataflow/writer_unary_interleaved_start_id_wh.cpp'; 'ttnn/cpp/ttnn/operations/data_movement/tilize_with_val_padding/device/kernels/dataflow/reader_unary_pad_multicore_both_dims.cpp'],['writer_unary_interleaved_start_id_wh/2992591854812100651/'; 'reader_unary_pad_multicore_both_dims/15384467274118049039/'],7422922375288097901,False,792,3060,1248,764,1576,0,0,0,0,1,1,1,[],[],0.0,,,,,,,501
TilizeWithValPaddingDeviceOperation,tt_dnn_device,9219,3,blackhole,{'enough_space_height': 'true'; 'enough_space_width': 'true'; 'output_dtype': 'DataType::BFLOAT16'; 'output_mem_config': 'MemoryConfig(memory_layout=TensorMemoryLayout::INTERLEAVED;buffer_type=BufferType::DRAM;shard_spec=std::nullopt;nd_shard_spec=std::nullopt;created_with_nd_shard_spec=0)'; 'output_padded_shape': 'Shape([1; 1; 32; 256])'; 'pad_value': '0'; 'sub_core_grids': 'std::nullopt'; 'use_multicore': 'true'},HiFi4,110,110,,,4817004473,4817063526,59053,1331262392152,1331264081074,15367,0,1251053,1250298,,,,,439704,,,,,,,,,,,1[1],1[1],1[1],256[256],ROW_MAJOR,BFLOAT16,DEV_0_DRAM_INTERLEAVED,,,,,,,,,,,,,,,,,,,,,,,,,,,,,1[1],1[1],32[1],256[256],TILE,BFLOAT16,DEV_0_DRAM_INTERLEAVED,,,,,,,,,,,,,,,,,['ttnn/cpp/ttnn/kernel/compute/tilize.cpp'],['tilize/260009019791666237/'],['ttnn/cpp/ttnn/operations/eltwise/unary/device/kernels/dataflow/writer_unary_interleaved_start_id.cpp'; 'ttnn/cpp/ttnn/operations/data_movement/tilize_with_val_padding/device/kernels/dataflow/reader_unary_pad_dims_split_rows_multicore.cpp'],['writer_unary_interleaved_start_id/14961694624359116620/'; 'reader_unary_pad_dims_split_rows_multicore/2645374417367801998/'],12797341713505714340,False,1036,1888,1236,824,2104,0,0,0,0,1,1,1,[],[],0.0,,,,,,,59053
TilizeWithValPaddingDeviceOperation,tt_dnn_device,10243,3,blackhole,{'enough_space_height': 'true'; 'enough_space_width': 'true'; 'output_dtype': 'DataType::BFLOAT16'; 'output_mem_config': 'MemoryConfig(memory_layout=TensorMemoryLayout::INTERLEAVED;buffer_type=BufferType::DRAM;shard_spec=std::nullopt;nd_shard_spec=std::nullopt;created_with_nd_shard_spec=0)'; 'output_padded_shape': 'Shape([1; 1; 32; 256])'; 'pad_value': '0'; 'sub_core_grids': 'std::nullopt'; 'use_multicore': 'true'},HiFi4,110,110,,,4817167687,4817169049,1362,1331264101786,1331265790831,16094,0,1251144,1250393,,,,,440282,,,,,,,,,,,1[1],1[1],1[1],256[256],ROW_MAJOR,BFLOAT16,DEV_0_DRAM_INTERLEAVED,,,,,,,,,,,,,,,,,,,,,,,,,,,,,1[1],1[1],32[1],256[256],TILE,BFLOAT16,DEV_0_DRAM_INTERLEAVED,,,,,,,,,,,,,,,,,['ttnn/cpp/ttnn/kernel/compute/tilize.cpp'],['tilize/260009019791666237/'],['ttnn/cpp/ttnn/operations/eltwise/unary/device/kernels/dataflow/writer_unary_interleaved_start_id.cpp'; 'ttnn/cpp/ttnn/operations/data_movement/tilize_with_val_padding/device/kernels/dataflow/reader_unary_pad_dims_split_rows_multicore.cpp'],['writer_unary_interleaved_start_id/14961694624359116620/'; 'reader_unary_pad_dims_split_rows_multicore/2645374417367801998/'],12797341713505714340,False,1036,1888,1236,824,2104,0,0,0,0,1,1,1,[],[],0.0,,,,,,,1362
TilizeDeviceOperation,tt_dnn_device,11267,3,blackhole,{'enough_space_height': 'true'; 'enough_space_width': 'true'; 'output_dtype': 'DataType::BFLOAT16'; 'output_mem_config': 'MemoryConfig(memory_layout=TensorMemoryLayout::INTERLEAVED;buffer_type=BufferType::DRAM;shard_spec=std::nullopt;nd_shard_spec=std::nullopt;created_with_nd_shard_spec=0)'; 'sub_core_grids': 'std::nullopt'; 'use_low_perf': 'false'; 'use_multicore': 'true'},HiFi4,110,110,,,4832645483,4832710899,65416,1331265843878,1331267532803,40055,0,1251056,1250293,,,,,439316,,,,,,,,,,,1[1],1[1],2816[2816],8192[8192],ROW_MAJOR,BFLOAT16,DEV_0_DRAM_INTERLEAVED,,,,,,,,,,,,,,,,,,,,,,,,,,,,,1[1],1[1],2816[2816],8192[8192],TILE,BFLOAT16,DEV_0_DRAM_INTERLEAVED,,,,,,,,,,,,,,,,,['ttnn/cpp/ttnn/operations/data_movement/tilize/device/kernels/compute/tilize_wh.cpp'],['tilize_wh/5369921274710742364/'],['ttnn/cpp/ttnn/operations/eltwise/unary/device/kernels/dataflow/writer_unary_interleaved_start_id_wh.cpp'; 'ttnn/cpp/ttnn/operations/data_movement/tilize_with_val_padding/device/kernels/dataflow/reader_unary_pad_multicore_both_dims.cpp'],['writer_unary_interleaved_start_id_wh/12914367222599276954/'; 'reader_unary_pad_multicore_both_dims/9710741270539397210/'],2385373915290678634,False,792,3028,1436,1212,2216,0,0,0,0,1,1,1,[],[],0.0,,,,,,,65416
TilizeDeviceOperation,tt_dnn_device,12291,3,blackhole,{'enough_space_height': 'true'; 'enough_space_width': 'true'; 'output_dtype': 'DataType::BFLOAT16'; 'output_mem_config': 'MemoryConfig(memory_layout=TensorMemoryLayout::INTERLEAVED;buffer_type=BufferType::DRAM;shard_spec=std::nullopt;nd_shard_spec=std::nullopt;created_with_nd_shard_spec=0)'; 'sub_core_grids': 'std::nullopt'; 'use_low_perf': 'false'; 'use_multicore': 'true'},HiFi4,110,110,,,4850746788,4850828785,81997,1331267569203,1331269256961,27707,0,1250191,1249452,,,,,440027,,,,,,,,,,,1[1],1[1],4096[4096],2816[2816],ROW_MAJOR,BFLOAT16,DEV_0_DRAM_INTERLEAVED,,,,,,,,,,,,,,,,,,,,,,,,,,,,,1[1],1[1],4096[4096],2816[2816],TILE,BFLOAT16,DEV_0_DRAM_INTERLEAVED,,,,,,,,,,,,,,,,,['ttnn/cpp/ttnn/operations/data_movement/tilize/device/kernels/compute/tilize_wh.cpp'],['tilize_wh/12571949253515122564/'],['ttnn/cpp/ttnn/operations/eltwise/unary/device/kernels/dataflow/writer_unary_interleaved_start_id_wh.cpp'; 'ttnn/cpp/ttnn/operations/data_movement/tilize_with_val_padding/device/kernels/dataflow/reader_unary_pad_multicore_both_dims.cpp'],['writer_unary_interleaved_start_id_wh/4880802883977639293/'; 'reader_unary_pad_multicore_both_dims/13952886319125851929/'],804135711218837045,False,792,3056,1412,864,2212,0,0,0,0,1,1,1,[],[],0.0,,,,,,,81997
TilizeDeviceOperation,tt_dnn_device,13315,3,blackhole,{'enough_space_height': 'true'; 'enough_space_width': 'true'; 'output_dtype': 'DataType::BFLOAT16'; 'output_mem_config': 'MemoryConfig(memory_layout=TensorMemoryLayout::INTERLEAVED;buffer_type=BufferType::DRAM;shard_spec=std::nullopt;nd_shard_spec=std::nullopt;created_with_nd_shard_spec=0)'; 'sub_core_grids': 'std::nullopt'; 'use_low_perf': 'false'; 'use_multicore': 'true'},HiFi4,110,110,,,4859703164,4859794409,91245,1331269275612,1331270964735,14564,0,1251202,1250448,,,,,439994,,,,,,,,,,,1[1],1[1],2816[2816],2112[2112],ROW_MAJOR,BFLOAT16,DEV_0_DRAM_INTERLEAVED,,,,,,,,,,,,,,,,,,,,,,,,,,,,,1[1],1[1],2816[2816],2112[2112],TILE,BFLOAT16,DEV_0_DRAM_INTERLEAVED,,,,,,,,,,,,,,,,,['ttnn/cpp/ttnn/operations/data_movement/tilize/device/kernels/compute/tilize_wh.cpp'],['tilize_wh/7864674207561013526/'],['ttnn/cpp/ttnn/operations/eltwise/unary/device/kernels/dataflow/writer_unary_interleaved_start_id_wh.cpp'; 'ttnn/cpp/ttnn/operations/data_movement/tilize_with_val_padding/device/kernels/dataflow/reader_unary_pad_multicore_both_dims.cpp'],['writer_unary_interleaved_start_id_wh/7704625183217455164/'; 'reader_unary_pad_multicore_both_dims/1393704519930712950/'],8161833194549473463,False,792,3072,1328,1272,2200,0,0,0,0,1,1,1,[],[],0.0,,,,,,,91245
TilizeDeviceOperation,tt_dnn_device,14339,3,blackhole,{'enough_space_height': 'true'; 'enough_space_width': 'true'; 'output_dtype': 'DataType::BFLOAT16'; 'output_mem_config': 'MemoryConfig(memory_layout=TensorMemoryLayout::INTERLEAVED;buffer_type=BufferType::DRAM;shard_spec=std::nullopt;nd_shard_spec=std::nullopt;created_with_nd_shard_spec=0)'; 'sub_core_grids': 'std::nullopt'; 'use_low_perf': 'false'; 'use_multicore': 'true'},HiFi4,110,110,,,4860935415,4860939082,3667,1331270983282,1331272673559,14466,0,1252057,1251332,,,,,439428,,,,,,,,,,,1[1],1[1],2816[2816],2112[2112],ROW_MAJOR,BFLOAT16,DEV_0_DRAM_INTERLEAVED,,,,,,,,,,,,,,,,,,,,,,,,,,,,,1[1],1[1],2816[2816],2112[2112],TILE,BFLOAT16,DEV_0_DRAM_INTERLEAVED,,,,,,,,,,,,,,,,,['ttnn/cpp/ttnn/operations/data_movement/tilize/device/kernels/compute/tilize_wh.cpp'],['tilize_wh/7864674207561013526/'],['ttnn/cpp/ttnn/operations/eltwise/unary/device/kernels/dataflow/writer_unary_interleaved_start_id_wh.cpp'; 'ttnn/cpp/ttnn/operations/data_movement/tilize_with_val_padding/device/kernels/dataflow/reader_unary_pad_multicore_both_dims.cpp'],['writer_unary_interleaved_start_id_wh/7704625183217455164/'; 'reader_unary_pad_multicore_both_dims/1393704519930712950/'],8161833194549473463,False,792,3072,1328,1272,2200,0,0,0,0,1,1,1,[],[],0.0,,,,,,,3667
TilizeDeviceOperation,tt_dnn_device,15363,3,blackhole,{'enough_space_height': 'true'; 'enough_space_width': 'true'; 'output_dtype': 'DataType::BFLOAT16'; 'output_mem_config': 'MemoryConfig(memory_layout=TensorMemoryLayout::INTERLEAVED;buffer_type=BufferType::DRAM;shard_spec=std::nullopt;nd_shard_spec=std::nullopt;created_with_nd_shard_spec=0)'; 'sub_core_grids': 'std::nullopt'; 'use_low_perf': 'false'; 'use_multicore': 'true'},HiFi4,110,110,,,4866551743,4866620045,68302,1331272691357,1331274378448,13942,0,1249697,1248939,,,,,439461,,,,,,,,,,,1[1],1[1],2112[2112],2816[2816],ROW_MAJOR,BFLOAT16,DEV_0_DRAM_INTERLEAVED,,,,,,,,,,,,,,,,,,,,,,,,,,,,,1[1],1[1],2112[2112],2816[2816],TILE,BFLOAT16,DEV_0_DRAM_INTERLEAVED,,,,,,,,,,,,,,,,,['ttnn/cpp/ttnn/operations/data_movement/tilize/device/kernels/compute/tilize_wh.cpp'],['tilize_wh/2048349404651059479/'],['ttnn/cpp/ttnn/operations/eltwise/unary/device/kernels/dataflow/writer_unary_interleaved_start_id_wh.cpp'; 'ttnn/cpp/ttnn/operations/data_movement/tilize_with_val_padding/device/kernels/dataflow/reader_unary_pad_multicore_both_dims.cpp'],['writer_unary_interleaved_start_id_wh/17774488204290091064/'; 'reader_unary_pad_multicore_both_dims/457225112529217081/'],1459702045945393021,False,792,3072,1328,1272,2200,0,0,0,0,1,1,1,[],[],0.0,,,,,,,68302
TilizeWithValPaddingDeviceOperation,tt_dnn_device,16387,3,blackhole,{'enough_space_height': 'true'; 'enough_space_width': 'true'; 'output_dtype': 'DataType::BFLOAT16'; 'output_mem_config': 'MemoryConfig(memory_layout=TensorMemoryLayout::INTERLEAVED;buffer_type=BufferType::DRAM;shard_spec=std::nullopt;nd_shard_spec=std::nullopt;created_with_nd_shard_spec=0)'; 'output_padded_shape': 'Shape([1; 1; 32; 2816])'; 'pad_value': '0'; 'sub_core_grids': 'std::nullopt'; 'use_multicore': 'true'},HiFi4,110,110,,,4866835940,4866838405,2465,1331274396634,1331276084655,14240,0,1250386,1249619,,,,,439931,,,,,,,,,,,1[1],1[1],1[1],2816[2816],ROW_MAJOR,BFLOAT16,DEV_0_DRAM_INTERLEAVED,,,,,,,,,,,,,,,,,,,,,,,,,,,,,1[1],1[1],32[1],2816[2816],TILE,BFLOAT16,DEV_0_DRAM_INTERLEAVED,,,,,,,,,,,,,,,,,['ttnn/cpp/ttnn/operations/data_movement/tilize/device/kernels/compute/tilize_wh.cpp'],['tilize_wh/4801848001036018307/'],['ttnn/cpp/ttnn/operations/eltwise/unary/device/kernels/dataflow/writer_unary_interleaved_start_id_wh.cpp'; 'ttnn/cpp/ttnn/operations/data_movement/tilize_with_val_padding/device/kernels/dataflow/reader_unary_pad_multicore_both_dims.cpp'],['writer_unary_interleaved_start_id_wh/2992591854812100651/'; 'reader_unary_pad_multicore_both_dims/15384467274118049039/'],7422922375288097901,False,792,3060,1248,764,1576,0,0,0,0,1,1,1,[],[],0.0,,,,,,,2465
TypecastDeviceOperation,tt_dnn_device,17411,3,blackhole,{'bfp8_pack_precise': 'false'; 'fp32_dest_acc_en': 'true'; 'input_dtype': 'DataType::BFLOAT16'; 'output_dtype': 'DataType::FLOAT32'; 'output_memory_config': 'MemoryConfig(memory_layout=TensorMemoryLayout::INTERLEAVED;buffer_type=BufferType::DRAM;shard_spec=std::nullopt;nd_shard_spec=std::nullopt;created_with_nd_shard_spec=0)'; 'preserve_fp32_precision': 'false'; 'sub_core_grids': 'std::nullopt'},HiFi4,110,110,,,4870865876,4870919409,53533,1331276104018,1331277794778,15116,0,1252415,1251641,,,,,440623,,,,,,,,,,,1[1],1[1],32[1],2816[2816],TILE,BFLOAT16,DEV_0_DRAM_INTERLEAVED,,,,,,,,,,,,,,,,,,,,,,,,,,,,,1[1],1[1],32[1],2816[2816],TILE,FLOAT32,DEV_0_DRAM_INTERLEAVED,,,,,,,,,,,,,,,,,['ttnn/cpp/ttnn/operations/copy/typecast/device/kernels/compute/eltwise_typecast.cpp'],['eltwise_typecast/5784057016809913713/'],['ttnn/cpp/ttnn/operations/eltwise/unary/device/kernels/dataflow/writer_unary_interleaved_start_id.cpp'; 'ttnn/cpp/ttnn/operations/eltwise/unary/device/kernels/dataflow/reader_unary_interleaved_start_id.cpp'],['writer_unary_interleaved_start_id/15513843972119535201/'; 'reader_unary_interleaved_start_id/6203592983831675601/'],18388586434115707283,False,1032,960,1068,776,1148,0,0,0,0,1,1,1,[],[],0.0,,,,,,,53533
TilizeDeviceOperation,tt_dnn_device,18435,3,blackhole,{'enough_space_height': 'true'; 'enough_space_width': 'true'; 'output_dtype': 'DataType::BFLOAT16'; 'output_mem_config': 'MemoryConfig(memory_layout=TensorMemoryLayout::INTERLEAVED;buffer_type=BufferType::DRAM;shard_spec=std::nullopt;nd_shard_spec=std::nullopt;created_with_nd_shard_spec=0)'; 'sub_core_grids': 'std::nullopt'; 'use_low_perf': 'false'; 'use_multicore': 'true'},HiFi4,110,110,,,4875087460,4875151904,64444,1331277813827,1331279503693,14857,0,1251753,1251007,,,,,440084,,,,,,,,,,,1[1],1[1],2816[2816],128[128],ROW_MAJOR,BFLOAT16,DEV_0_DRAM_INTERLEAVED,,,,,,,,,,,,,,,,,,,,,,,,,,,,,1[1],1[1],2816[2816],128[128],TILE,BFLOAT16,DEV_0_DRAM_INTERLEAVED,,,,,,,,,,,,,,,,,['ttnn/cpp/ttnn/kernel/compute/tilize.cpp'],['tilize/6191648630166997112/'],['ttnn/cpp/ttnn/operations/eltwise/unary/device/kernels/dataflow/writer_unary_interleaved_start_id.cpp'; 'ttnn/cpp/ttnn/operations/data_movement/tilize/device/kernels/dataflow/reader_unary_stick_layout_split_rows_multicore.cpp'],['writer_unary_interleaved_start_id/14961694624359116620/'; 'reader_unary_stick_layout_split_rows_multicore/6972225425126336399/'],501829483648222302,False,1036,896,1196,804,2040,0,0,0,0,1,1,1,[],[],0.0,,,,,,,64444
TypecastDeviceOperation,tt_dnn_device,19459,3,blackhole,{'bfp8_pack_precise': 'false'; 'fp32_dest_acc_en': 'true'; 'input_dtype': 'DataType::BFLOAT16'; 'output_dtype': 'DataType::FLOAT32'; 'output_memory_config': 'MemoryConfig(memory_layout=TensorMemoryLayout::INTERLEAVED;buffer_type=BufferType::DRAM;shard_spec=std::nullopt;nd_shard_spec=std::nullopt;created_with_nd_shard_spec=0)'; 'preserve_fp32_precision': 'false'; 'sub_core_grids': 'std::nullopt'},HiFi4,110,110,,,4879967361,4880021014,53653,1331279521610,1331281211193,14033,0,1251543,1250786,,,,,439841,,,,,,,,,,,1[1],1[1],2816[2816],128[128],TILE,BFLOAT16,DEV_0_DRAM_INTERLEAVED,,,,,,,,,,,,,,,,,,,,,,,,,,,,,1[1],1[1],2816[2816],128[128],TILE,FLOAT32,DEV_0_DRAM_INTERLEAVED,,,,,,,,,,,,,,,,,['ttnn/cpp/ttnn/operations/copy/typecast/device/kernels/compute/eltwise_typecast.cpp'],['eltwise_typecast/10822189906812040858/'],['ttnn/cpp/ttnn/operations/eltwise/unary/device/kernels/dataflow/writer_unary_interleaved_start_id.cpp'; 'ttnn/cpp/ttnn/operations/eltwise/unary/device/kernels/dataflow/reader_unary_interleaved_start_id.cpp'],['writer_unary_interleaved_start_id/15513843972119535201/'; 'reader_unary_interleaved_start_id/6203592983831675601/'],2063590066010576318,False,1032,960,1068,964,1292,0,0,0,0,1,1,1,[],[],0.0,,,,,,,53653
TilizeWithValPaddingDeviceOperation,tt_dnn_device,20483,3,blackhole,{'enough_space_height': 'true'; 'enough_space_width': 'true'; 'output_dtype': 'DataType::BFLOAT16'; 'output_mem_config': 'MemoryConfig(memory_layout=TensorMemoryLayout::INTERLEAVED;buffer_type=BufferType::DRAM;shard_spec=std::nullopt;nd_shard_spec=std::nullopt;created_with_nd_shard_spec=0)'; 'output_padded_shape': 'Shape([32; 128])'; 'pad_value': '0'; 'sub_core_grids': 'std::nullopt'; 'use_multicore': 'true'},HiFi4,110,110,,,4881729171,4881784768,55597,1331281229909,1331282921137,14599,0,1252761,1252022,,,,,440850,,,,,,,,,,,1[1],1[1],1[1],128[128],ROW_MAJOR,BFLOAT16,DEV_0_DRAM_INTERLEAVED,,,,,,,,,,,,,,,,,,,,,,,,,,,,,1[1],1[1],32[1],128[128],TILE,BFLOAT16,DEV_0_DRAM_INTERLEAVED,,,,,,,,,,,,,,,,,['ttnn/cpp/ttnn/kernel/compute/tilize.cpp'],['tilize/6191648630166997112/'],['ttnn/cpp/ttnn/operations/eltwise/unary/device/kernels/dataflow/writer_unary_interleaved_start_id.cpp'; 'ttnn/cpp/ttnn/operations/data_movement/tilize_with_val_padding/device/kernels/dataflow/reader_unary_pad_dims_split_rows_multicore.cpp'],['writer_unary_interleaved_start_id/14961694624359116620/'; 'reader_unary_pad_dims_split_rows_multicore/5657578668620488028/'],9109233834135679062,False,1036,1888,1196,804,2040,0,0,0,0,1,1,1,[],[],0.0,,,,,,,55597
TypecastDeviceOperation,tt_dnn_device,21507,3,blackhole,{'bfp8_pack_precise': 'false'; 'fp32_dest_acc_en': 'true'; 'input_dtype': 'DataType::BFLOAT16'; 'output_dtype': 'DataType::FLOAT32'; 'output_memory_config': 'MemoryConfig(memory_layout=TensorMemoryLayout::INTERLEAVED;buffer_type=BufferType::DRAM;shard_spec=std::nullopt;nd_shard_spec=std::nullopt;created_with_nd_shard_spec=0)'; 'preserve_fp32_precision': 'false'; 'sub_core_grids': 'std::nullopt'},HiFi4,110,110,,,4881993410,4882038487,45077,1331282938966,1331284629033,13985,0,1251901,1251123,,,,,440170,,,,,,,,,,,1[1],1[1],32[1],128[128],TILE,BFLOAT16,DEV_0_DRAM_INTERLEAVED,,,,,,,,,,,,,,,,,,,,,,,,,,,,,1[1],1[1],32[1],128[128],TILE,FLOAT32,DEV_0_DRAM_INTERLEAVED,,,,,,,,,,,,,,,,,['ttnn/cpp/ttnn/operations/copy/typecast/device/kernels/compute/eltwise_typecast.cpp'],['eltwise_typecast/5784057016809913713/'],['ttnn/cpp/ttnn/operations/eltwise/unary/device/kernels/dataflow/writer_unary_interleaved_start_id.cpp'; 'ttnn/cpp/ttnn/operations/eltwise/unary/device/kernels/dataflow/reader_unary_interleaved_start_id.cpp'],['writer_unary_interleaved_start_id/15513843972119535201/'; 'reader_unary_interleaved_start_id/6203592983831675601/'],4140279241632614474,False,1032,960,1068,776,1148,0,0,0,0,1,1,1,[],[],0.0,,,,,,,45077
TypecastDeviceOperation,tt_dnn_device,22531,3,blackhole,{'bfp8_pack_precise': 'false'; 'fp32_dest_acc_en': 'false'; 'input_dtype': 'DataType::BFLOAT16'; 'output_dtype': 'DataType::BFLOAT16'; 'output_memory_config': 'MemoryConfig(memory_layout=TensorMemoryLayout::INTERLEAVED;buffer_type=BufferType::DRAM;shard_spec=std::nullopt;nd_shard_spec=std::nullopt;created_with_nd_shard_spec=0)'; 'preserve_fp32_precision': 'false'; 'sub_core_grids': 'std::nullopt'},HiFi4,110,110,,,10707496029,10707583767,87738,1331284647259,1331286334669,14252,0,1249933,1249187,,,,,439619,,,,,,,,,,,1[1],1[1],2816[2816],8192[8192],TILE,BFLOAT16,DEV_0_DRAM_INTERLEAVED,,,,,,,,,,,,,,,,,,,,,,,,,,,,,1[1],1[1],2816[2816],8192[8192],TILE,BFLOAT16,DEV_0_DRAM_INTERLEAVED,,,,,,,,,,,,,,,,,['ttnn/cpp/ttnn/operations/copy/typecast/device/kernels/compute/eltwise_typecast.cpp'],['eltwise_typecast/12754554777344105140/'],['ttnn/cpp/ttnn/operations/eltwise/unary/device/kernels/dataflow/writer_unary_interleaved_start_id.cpp'; 'ttnn/cpp/ttnn/operations/eltwise/unary/device/kernels/dataflow/reader_unary_interleaved_start_id.cpp'],['writer_unary_interleaved_start_id/4354580571348828157/'; 'reader_unary_interleaved_start_id/9995480779228624430/'],3888394733298718582,False,1036,960,1068,804,1296,0,0,0,0,1,1,1,[],[],0.0,,,,,,,87738
TypecastDeviceOperation,tt_dnn_device,23555,3,blackhole,{'bfp8_pack_precise': 'false'; 'fp32_dest_acc_en': 'false'; 'input_dtype': 'DataType::BFLOAT16'; 'output_dtype': 'DataType::BFLOAT16'; 'output_memory_config': 'MemoryConfig(memory_layout=TensorMemoryLayout::INTERLEAVED;buffer_type=BufferType::DRAM;shard_spec=std::nullopt;nd_shard_spec=std::nullopt;created_with_nd_shard_spec=0)'; 'preserve_fp32_precision': 'false'; 'sub_core_grids': 'std::nullopt'},HiFi4,110,110,,,10966714379,10966799984,85605,1331286353383,1331288043640,14610,0,1252042,1251290,,,,,440910,,,,,,,,,,,1[1],1[1],4096[4096],2816[2816],TILE,BFLOAT16,DEV_0_DRAM_INTERLEAVED,,,,,,,,,,,,,,,,,,,,,,,,,,,,,1[1],1[1],4096[4096],2816[2816],TILE,BFLOAT16,DEV_0_DRAM_INTERLEAVED,,,,,,,,,,,,,,,,,['ttnn/cpp/ttnn/operations/copy/typecast/device/kernels/compute/eltwise_typecast.cpp'],['eltwise_typecast/7570623463716341210/'],['ttnn/cpp/ttnn/operations/eltwise/unary/device/kernels/dataflow/writer_unary_interleaved_start_id.cpp'; 'ttnn/cpp/ttnn/operations/eltwise/unary/device/kernels/dataflow/reader_unary_interleaved_start_id.cpp'],['writer_unary_interleaved_start_id/4354580571348828157/'; 'reader_unary_interleaved_start_id/9995480779228624430/'],2887885995590979374,False,1036,960,1068,804,1296,0,0,0,0,1,1,1,[],[],0.0,,,,,,,85605
TypecastDeviceOperation,tt_dnn_device,24579,3,blackhole,{'bfp8_pack_precise': 'true'; 'fp32_dest_acc_en': 'false'; 'input_dtype': 'DataType::BFLOAT16'; 'output_dtype': 'DataType::BFLOAT8_B'; 'output_memory_config': 'MemoryConfig(memory_layout=TensorMemoryLayout::INTERLEAVED;buffer_type=BufferType::DRAM;shard_spec=std::nullopt;nd_shard_spec=std::nullopt;created_with_nd_shard_spec=0)'; 'preserve_fp32_precision': 'false'; 'sub_core_grids': 'std::nullopt'},HiFi4,110,110,,,11230878467,11230965946,87479,1331288061336,1331289749936,13850,0,1250815,1250073,,,,,439867,,,,,,,,,,,1[1],1[1],2816[2816],2112[2112],TILE,BFLOAT16,DEV_0_DRAM_INTERLEAVED,,,,,,,,,,,,,,,,,,,,,,,,,,,,,1[1],1[1],2816[2816],2112[2112],TILE,BFLOAT8_B,DEV_0_DRAM_INTERLEAVED,,,,,,,,,,,,,,,,,['ttnn/cpp/ttnn/operations/copy/typecast/device/kernels/compute/eltwise_typecast.cpp'],['eltwise_typecast/1806145874593232093/'],['ttnn/cpp/ttnn/operations/eltwise/unary/device/kernels/dataflow/writer_unary_interleaved_start_id.cpp'; 'ttnn/cpp/ttnn/operations/eltwise/unary/device/kernels/dataflow/reader_unary_interleaved_start_id.cpp'],['writer_unary_interleaved_start_id/10160422406068698731/'; 'reader_unary_interleaved_start_id/7325545790203112603/'],13966613306287907083,False,1032,960,1068,804,1296,0,0,0,0,1,1,1,[],[],0.0,,,,,,,87479
TypecastDeviceOperation,tt_dnn_device,25603,3,blackhole,{'bfp8_pack_precise': 'true'; 'fp32_dest_acc_en': 'false'; 'input_dtype': 'DataType::BFLOAT16'; 'output_dtype': 'DataType::BFLOAT8_B'; 'output_memory_config': 'MemoryConfig(memory_layout=TensorMemoryLayout::INTERLEAVED;buffer_type=BufferType::DRAM;shard_spec=std::nullopt;nd_shard_spec=std::nullopt;created_with_nd_shard_spec=0)'; 'preserve_fp32_precision': 'false'; 'sub_core_grids': 'std::nullopt'},HiFi4,110,110,,,11231048585,11231049787,1202,1331289768367,1331291456357,14413,0,1250363,1249600,,,,,439526,,,,,,,,,,,1[1],1[1],2816[2816],2112[2112],TILE,BFLOAT16,DEV_0_DRAM_INTERLEAVED,,,,,,,,,,,,,,,,,,,,,,,,,,,,,1[1],1[1],2816[2816],2112[2112],TILE,BFLOAT8_B,DEV_0_DRAM_INTERLEAVED,,,,,,,,,,,,,,,,,['ttnn/cpp/ttnn/operations/copy/typecast/device/kernels/compute/eltwise_typecast.cpp'],['eltwise_typecast/1806145874593232093/'],['ttnn/cpp/ttnn/operations/eltwise/unary/device/kernels/dataflow/writer_unary_interleaved_start_id.cpp'; 'ttnn/cpp/ttnn/operations/eltwise/unary/device/kernels/dataflow/reader_unary_interleaved_start_id.cpp'],['writer_unary_interleaved_start_id/10160422406068698731/'; 'reader_unary_interleaved_start_id/7325545790203112603/'],13966613306287907083,False,1032,960,1068,804,1296,0,0,0,0,1,1,1,[],[],0.0,,,,,,,1202
TypecastDeviceOperation,tt_dnn_device,26627,3,blackhole,{'bfp8_pack_precise': 'true'; 'fp32_dest_acc_en': 'false'; 'input_dtype': 'DataType::BFLOAT16'; 'output_dtype': 'DataType::BFLOAT8_B'; 'output_memory_config': 'MemoryConfig(memory_layout=TensorMemoryLayout::INTERLEAVED;buffer_type=BufferType::DRAM;shard_spec=std::nullopt;nd_shard_spec=std::nullopt;created_with_nd_shard_spec=0)'; 'preserve_fp32_precision': 'false'; 'sub_core_grids': 'std::nullopt'},HiFi4,110,110,,,11231061800,11231062431,631,1331291494185,1331293180986,28780,0,1249482,1248724,,,,,438936,,,,,,,,,,,1[1],1[1],2816[2816],2112[2112],TILE,BFLOAT16,DEV_0_DRAM_INTERLEAVED,,,,,,,,,,,,,,,,,,,,,,,,,,,,,1[1],1[1],2816[2816],2112[2112],TILE,BFLOAT8_B,DEV_0_DRAM_INTERLEAVED,,,,,,,,,,,,,,,,,['ttnn/cpp/ttnn/operations/copy/typecast/device/kernels/compute/eltwise_typecast.cpp'],['eltwise_typecast/1806145874593232093/'],['ttnn/cpp/ttnn/operations/eltwise/unary/device/kernels/dataflow/writer_unary_interleaved_start_id.cpp'; 'ttnn/cpp/ttnn/operations/eltwise/unary/device/kernels/dataflow/reader_unary_interleaved_start_id.cpp'],['writer_unary_interleaved_start_id/10160422406068698731/'; 'reader_unary_interleaved_start_id/7325545790203112603/'],13966613306287907083,False,1032,960,1068,804,1296,0,0,0,0,1,1,1,[],[],0.0,,,,,,,631
ConcatDeviceOperation,tt_dnn_device,27651,3,blackhole,{'dim': '3'; 'groups': '1'; 'output_mem_config': 'MemoryConfig(memory_layout=TensorMemoryLayout::INTERLEAVED;buffer_type=BufferType::DRAM;shard_spec=std::nullopt;nd_shard_spec=std::nullopt;created_with_nd_shard_spec=0)'; 'sub_core_grids': 'std::nullopt'},,110,110,,,17299970940,17300068608,97668,1331293203390,1331294894327,17333,0,1252546,1251815,,,,,440339,,,,,,,,,,,1[1],1[1],2816[2816],2112[2112],TILE,BFLOAT8_B,DEV_0_DRAM_INTERLEAVED,1[1],1[1],2816[2816],2112[2112],TILE,BFLOAT8_B,DEV_0_DRAM_INTERLEAVED,,,,,,,,,,,,,,,,,,,,,,1[1],1[1],2816[2816],4224[4224],TILE,BFLOAT8_B,DEV_0_DRAM_INTERLEAVED,,,,,,,,,,,,,,,,,[],[],['ttnn/cpp/ttnn/operations/eltwise/unary/device/kernels/dataflow/writer_unary_interleaved_start_id.cpp'; 'ttnn/cpp/ttnn/operations/data_movement/concat/device/kernels/dataflow/reader_concat_interleaved_start_id.cpp'],['writer_unary_interleaved_start_id/18196412350891435269/'; 'reader_concat_interleaved_start_id/8616217527923727193/'],11226179382998350359,False,1032,1012,0,0,0,0,0,0,0,21636,1,21636,[274.88409423828125; 274.88409423828125],[549.7681884765625],0.0,,,,,,,97668
InterleavedToShardedDeviceOperation,tt_dnn_device,28675,3,blackhole,"{'keep_l1_aligned': 'false'; 'output_dtype': 'DataType::BFLOAT8_B'; 'output_mem_config': 'MemoryConfig(memory_layout=TensorMemoryLayout::WIDTH_SHARDED;buffer_type=BufferType::DRAM;shard_spec=ShardSpec{grid=[{""start"":{""x"":0;""y"":0};""end"":{""x"":7;""y"":0}]; shape=[2112; 352]; orientation=ShardOrientation::ROW_MAJOR};nd_shard_spec=std::nullopt;created_with_nd_shard_spec=0)'}",,110,110,,,17547499935,17547594868,94933,1331294913226,1331296601507,14730,0,1250579,1249840,,,,,439436,,,,,,,,,,,1[1],1[1],2112[2112],2816[2816],TILE,BFLOAT8_B,DEV_0_DRAM_INTERLEAVED,,,,,,,,,,,,,,,,,,,,,,,,,,,,,1[1],1[1],2112[2112],2816[2816],TILE,BFLOAT8_B,DEV_0_DRAM_WIDTH_SHARDED,,,,,,,,,,,,,,,,,[],[],['ttnn/cpp/ttnn/operations/data_movement/sharded/device/kernels/dataflow/writer_unary_sharded_blocks_start_id.cpp'; 'ttnn/cpp/ttnn/operations/data_movement/sharded/device/kernels/dataflow/reader_unary_sharded_blocks_interleaved_start_id.cpp'],['writer_unary_sharded_blocks_start_id/7755598236776359677/'; 'reader_unary_sharded_blocks_interleaved_start_id/15555002491787625278/'],17358986622285587890,False,1128,904,0,0,0,0,0,0,0,1,1,1,[],[],0.0,,,,,,,94933
CopyDeviceOperation,tt_dnn_device,29699,3,blackhole,"{'backwards': 'false'; 'output_dtype': 'DataType::BFLOAT8_B'; 'output_mem_config': 'MemoryConfig(memory_layout=TensorMemoryLayout::WIDTH_SHARDED;buffer_type=BufferType::DRAM;shard_spec=ShardSpec{grid=[{""start"":{""x"":0;""y"":0};""end"":{""x"":7;""y"":0}]; shape=[2816; 544]; orientation=ShardOrientation::ROW_MAJOR};nd_shard_spec=std::nullopt;created_with_nd_shard_spec=0)'}",,110,110,,,17801985779,17802067065,81286,1331296620546,1331298309022,14873,0,1250723,1249959,,,,,440813,,,,,,,,,,,1[1],1[1],2816[2816],4224[4224],TILE,BFLOAT8_B,DEV_0_DRAM_INTERLEAVED,,,,,,,,,,,,,,,,,,,,,,,,,,,,,1[1],1[1],2816[2816],4224[4224],TILE,BFLOAT8_B,DEV_0_DRAM_WIDTH_SHARDED,,,,,,,,,,,,,,,,,[],[],['ttnn/cpp/ttnn/operations/eltwise/unary/device/kernels/dataflow/writer_unary_interleaved_start_id.cpp'; 'ttnn/cpp/ttnn/operations/eltwise/unary/device/kernels/dataflow/reader_unary_interleaved_start_id.cpp'],['writer_unary_interleaved_start_id/10174405743504417578/'; 'reader_unary_interleaved_start_id/2670541519943007645/'],13386831104414682949,False,1240,956,0,0,0,0,0,0,0,1,1,1,[],[],0.0,,,,,,,81286
TilizeWithValPaddingDeviceOperation,tt_dnn_device,30723,3,blackhole,{'enough_space_height': 'true'; 'enough_space_width': 'true'; 'output_dtype': 'DataType::BFLOAT16'; 'output_mem_config': 'MemoryConfig(memory_layout=TensorMemoryLayout::INTERLEAVED;buffer_type=BufferType::DRAM;shard_spec=std::nullopt;nd_shard_spec=std::nullopt;created_with_nd_shard_spec=0)'; 'output_padded_shape': 'Shape([1; 1; 32; 256])'; 'pad_value': '0'; 'sub_core_grids': 'std::nullopt'; 'use_multicore': 'true'},HiFi4,110,110,,,17889471379,17889480768,9389,1331298327796,1331300015621,14638,0,1250241,1249506,,,,,439877,,,,,,,,,,,1[1],1[1],1[1],256[256],ROW_MAJOR,BFLOAT16,DEV_0_DRAM_INTERLEAVED,,,,,,,,,,,,,,,,,,,,,,,,,,,,,1[1],1[1],32[1],256[256],TILE,BFLOAT16,DEV_0_DRAM_INTERLEAVED,,,,,,,,,,,,,,,,,['ttnn/cpp/ttnn/kernel/compute/tilize.cpp'],['tilize/260009019791666237/'],['ttnn/cpp/ttnn/operations/eltwise/unary/device/kernels/dataflow/writer_unary_interleaved_start_id.cpp'; 'ttnn/cpp/ttnn/operations/data_movement/tilize_with_val_padding/device/kernels/dataflow/reader_unary_pad_dims_split_rows_multicore.cpp'],['writer_unary_interleaved_start_id/14961694624359116620/'; 'reader_unary_pad_dims_split_rows_multicore/2645374417367801998/'],12797341713505714340,False,1036,1888,1236,824,2104,0,0,0,0,1,1,1,[],[],0.0,,,,,,,9389
TilizeWithValPaddingDeviceOperation,tt_dnn_device,31747,3,blackhole,{'enough_space_height': 'true'; 'enough_space_width': 'true'; 'output_dtype': 'DataType::BFLOAT16'; 'output_mem_config': 'MemoryConfig(memory_layout=TensorMemoryLayout::INTERLEAVED;buffer_type=BufferType::DRAM;shard_spec=std::nullopt;nd_shard_spec=std::nullopt;created_with_nd_shard_spec=0)'; 'output_padded_shape': 'Shape([1; 1; 32; 256])'; 'pad_value': '0'; 'sub_core_grids': 'std::nullopt'; 'use_multicore': 'true'},HiFi4,110,110,,,17889546234,17889547266,1032,1331300034394,1331301723926,14664,0,1251505,1250749,,,,,440421,,,,,,,,,,,1[1],1[1],1[1],256[256],ROW_MAJOR,BFLOAT16,DEV_0_DRAM_INTERLEAVED,,,,,,,,,,,,,,,,,,,,,,,,,,,,,1[1],1[1],32[1],256[256],TILE,BFLOAT16,DEV_0_DRAM_INTERLEAVED,,,,,,,,,,,,,,,,,['ttnn/cpp/ttnn/kernel/compute/tilize.cpp'],['tilize/260009019791666237/'],['ttnn/cpp/ttnn/operations/eltwise/unary/device/kernels/dataflow/writer_unary_interleaved_start_id.cpp'; 'ttnn/cpp/ttnn/operations/data_movement/tilize_with_val_padding/device/kernels/dataflow/reader_unary_pad_dims_split_rows_multicore.cpp'],['writer_unary_interleaved_start_id/14961694624359116620/'; 'reader_unary_pad_dims_split_rows_multicore/2645374417367801998/'],12797341713505714340,False,1036,1888,1236,824,2104,0,0,0,0,1,1,1,[],[],0.0,,,,,,,1032
TilizeDeviceOperation,tt_dnn_device,32771,3,blackhole,{'enough_space_height': 'true'; 'enough_space_width': 'true'; 'output_dtype': 'DataType::BFLOAT16'; 'output_mem_config': 'MemoryConfig(memory_layout=TensorMemoryLayout::INTERLEAVED;buffer_type=BufferType::DRAM;shard_spec=std::nullopt;nd_shard_spec=std::nullopt;created_with_nd_shard_spec=0)'; 'sub_core_grids': 'std::nullopt'; 'use_low_perf': 'false'; 'use_multicore': 'true'},HiFi4,110,110,,,17897388626,17897463690,75064,1331301742709,1331303430708,14684,0,1250370,1249598,,,,,438497,,,,,,,,,,,17[17],8[8],64[64],256[256],ROW_MAJOR,BFLOAT16,DEV_0_DRAM_INTERLEAVED,,,,,,,,,,,,,,,,,,,,,,,,,,,,,17[17],8[8],64[64],256[256],TILE,BFLOAT16,DEV_0_DRAM_INTERLEAVED,,,,,,,,,,,,,,,,,['ttnn/cpp/ttnn/kernel/compute/tilize.cpp'],['tilize/11187671094959660105/'],['ttnn/cpp/ttnn/operations/eltwise/unary/device/kernels/dataflow/writer_unary_interleaved_start_id.cpp'; 'ttnn/cpp/ttnn/operations/data_movement/tilize/device/kernels/dataflow/reader_unary_stick_layout_split_rows_multicore.cpp'],['writer_unary_interleaved_start_id/14961694624359116620/'; 'reader_unary_stick_layout_split_rows_multicore/6691323210406103810/'],10750774394852155654,False,1036,896,1328,952,2200,0,0,0,0,1,1,1,[],[],0.0,,,,,,,75064
TilizeDeviceOperation,tt_dnn_device,33795,3,blackhole,{'enough_space_height': 'true'; 'enough_space_width': 'true'; 'output_dtype': 'DataType::BFLOAT16'; 'output_mem_config': 'MemoryConfig(memory_layout=TensorMemoryLayout::INTERLEAVED;buffer_type=BufferType::DRAM;shard_spec=std::nullopt;nd_shard_spec=std::nullopt;created_with_nd_shard_spec=0)'; 'sub_core_grids': 'std::nullopt'; 'use_low_perf': 'false'; 'use_multicore': 'true'},HiFi4,110,110,,,17897877527,17897880262,2735,1331303449653,1331305136556,14801,0,1249558,1248791,,,,,439538,,,,,,,,,,,17[17],8[8],64[64],256[256],ROW_MAJOR,BFLOAT16,DEV_0_DRAM_INTERLEAVED,,,,,,,,,,,,,,,,,,,,,,,,,,,,,17[17],8[8],64[64],256[256],TILE,BFLOAT16,DEV_0_DRAM_INTERLEAVED,,,,,,,,,,,,,,,,,['ttnn/cpp/ttnn/kernel/compute/tilize.cpp'],['tilize/11187671094959660105/'],['ttnn/cpp/ttnn/operations/eltwise/unary/device/kernels/dataflow/writer_unary_interleaved_start_id.cpp'; 'ttnn/cpp/ttnn/operations/data_movement/tilize/device/kernels/dataflow/reader_unary_stick_layout_split_rows_multicore.cpp'],['writer_unary_interleaved_start_id/14961694624359116620/'; 'reader_unary_stick_layout_split_rows_multicore/6691323210406103810/'],10750774394852155654,False,1036,896,1328,952,2200,0,0,0,0,1,1,1,[],[],0.0,,,,,,,2735
TilizeWithValPaddingDeviceOperation,tt_dnn_device,34819,3,blackhole,{'enough_space_height': 'true'; 'enough_space_width': 'true'; 'output_dtype': 'DataType::BFLOAT16'; 'output_mem_config': 'MemoryConfig(memory_layout=TensorMemoryLayout::INTERLEAVED;buffer_type=BufferType::DRAM;shard_spec=std::nullopt;nd_shard_spec=std::nullopt;created_with_nd_shard_spec=0)'; 'output_padded_shape': 'Shape([1; 1; 32; 2816])'; 'pad_value': '0'; 'sub_core_grids': 'std::nullopt'; 'use_multicore': 'true'},HiFi4,110,110,,,17897996856,17898000062,3206,1331305155342,1331306843803,14682,0,1250712,1249945,,,,,440641,,,,,,,,,,,1[1],1[1],1[1],2816[2816],ROW_MAJOR,BFLOAT16,DEV_0_DRAM_INTERLEAVED,,,,,,,,,,,,,,,,,,,,,,,,,,,,,1[1],1[1],32[1],2816[2816],TILE,BFLOAT16,DEV_0_DRAM_INTERLEAVED,,,,,,,,,,,,,,,,,['ttnn/cpp/ttnn/operations/data_movement/tilize/device/kernels/compute/tilize_wh.cpp'],['tilize_wh/4801848001036018307/'],['ttnn/cpp/ttnn/operations/eltwise/unary/device/kernels/dataflow/writer_unary_interleaved_start_id_wh.cpp'; 'ttnn/cpp/ttnn/operations/data_movement/tilize_with_val_padding/device/kernels/dataflow/reader_unary_pad_multicore_both_dims.cpp'],['writer_unary_interleaved_start_id_wh/2992591854812100651/'; 'reader_unary_pad_multicore_both_dims/15384467274118049039/'],7422922375288097901,False,792,3060,1248,764,1576,0,0,0,0,1,1,1,[],[],0.0,,,,,,,3206
LayerNormDeviceOperation,tt_dnn_device,35843,3,blackhole,{'compute_kernel_config': 'ComputeKernelConfig(math_fidelity=HiFi4;math_approx_mode=0;fp32_dest_acc_en=1;packer_l1_acc=0;dst_full_sync_en=0;throttle_level=ThrottleLevel::NO_THROTTLE)'; 'distributed_norm_stage': 'DistributedLayerNormStage::NOT_DISTRIBUTED'; 'dtype': 'std::nullopt'; 'eps': '1e-06'; 'fused_activation': 'std::nullopt'; 'norm_type': 'LayerNormType::RMSNORM'; 'output_mem_config': 'MemoryConfig(memory_layout=TensorMemoryLayout::INTERLEAVED;buffer_type=BufferType::DRAM;shard_spec=std::nullopt;nd_shard_spec=std::nullopt;created_with_nd_shard_spec=0)'; 'program_config': 'LayerNormDefaultProgramConfig(legacy_reduction=0;legacy_rsqrt=0;use_welford=0)'},HiFi4,110,110,,,17903060641,17903142849,82208,1331306863142,1331308553654,15064,0,1252231,1251493,,,,,440327,,,,,,,,,,,1[1],1[1],32[1],2816[2816],TILE,BFLOAT16,DEV_0_DRAM_INTERLEAVED,1[1],1[1],32[1],2816[2816],TILE,BFLOAT16,DEV_0_DRAM_INTERLEAVED,,,,,,,,,,,,,,,,,,,,,,1[1],1[1],32[1],2816[2816],TILE,BFLOAT16,DEV_0_DRAM_INTERLEAVED,,,,,,,,,,,,,,,,,['ttnn/cpp/ttnn/operations/normalization/layernorm/device/kernels/compute/layernorm.cpp'],['layernorm/14183512734866135947/'],['ttnn/cpp/ttnn/operations/normalization/layernorm/device/kernels/dataflow/writer_unary_interleaved_start_id_blocked.cpp'; 'ttnn/cpp/ttnn/operations/normalization/layernorm/device/kernels/dataflow/reader_unary_interleaved_ln.cpp'],['writer_unary_interleaved_start_id_blocked/9368183165344307478/'; 'reader_unary_interleaved_ln/8993227705683819751/'],5622200613246340018,False,852,1724,3664,2904,3384,0,0,0,0,1,1,1,[],[],0.0,,,,,,,82208
MatmulDeviceOperation,tt_dnn_device,36867,3,blackhole,{'bcast_batch': 'true'; 'compute_kernel_config': 'ComputeKernelConfig(math_fidelity=HiFi4;math_approx_mode=0;fp32_dest_acc_en=0;packer_l1_acc=1;dst_full_sync_en=0;throttle_level=ThrottleLevel::NO_THROTTLE)'; 'global_cb': 'std::nullopt'; 'output_dtype': 'DataType::BFLOAT16'; 'output_mem_config': 'MemoryConfig(memory_layout=TensorMemoryLayout::INTERLEAVED;buffer_type=BufferType::DRAM;shard_spec=std::nullopt;nd_shard_spec=std::nullopt;created_with_nd_shard_spec=0)'; 'output_tile': 'Tile(tile_shape={32; 32};face_shape={16; 16};num_faces=4)'; 'program_config': 'MatmulMultiCoreReuseMultiCast1DProgramConfig(compute_with_storage_grid_size=11-10;in0_block_w=2;out_subblock_h=1;out_subblock_w=3;out_block_h=1;out_block_w=3;per_core_M=1;per_core_N=3;fuse_batch=0;fused_activation=std::nullopt;mcast_in0=1;gather_in0=0;hop_cores={};num_global_cb_receivers=0;untilize_out=0;allowed_worker_cores={[0-0 - 10-9]})'; 'sub_device_id': 'std::nullopt'; 'transpose_a': 'false'; 'transpose_b': 'false'; 'untilize_out': 'false'; 'user_core_coord': 'std::nullopt'; 'user_fused_activation': 'std::nullopt'; 'user_run_batched': 'false'},HiFi4,110,110,,,18230533323,18230711486,178163,1331308572474,1331310261961,14687,0,1251472,1250723,,,,,439210,,,,,,,,,,,1[1],1[1],32[1],2816[2816],TILE,BFLOAT16,DEV_0_DRAM_INTERLEAVED,1[1],1[1],2816[2816],8192[8192],TILE,BFLOAT16,DEV_0_DRAM_INTERLEAVED,,,,,,,,,,,,,,,,,,,,,,1[1],1[1],32[1],8192[8192],TILE,BFLOAT16,DEV_0_DRAM_INTERLEAVED,,,,,,,,,,,,,,,,,['ttnn/cpp/ttnn/operations/matmul/device/kernels/compute/bmm_large_block_zm_fused_bias_activation.cpp'],['bmm_large_block_zm_fused_bias_activation/6682372206784340410/'],['ttnn/cpp/ttnn/operations/matmul/device/kernels/dataflow/reader_bmm_tile_layout_in1_sender_writer_padding.cpp'; 'ttnn/cpp/ttnn/operations/matmul/device/kernels/dataflow/reader_bmm_tile_layout_in0_receiver.cpp'; 'ttnn/cpp/ttnn/operations/matmul/device/kernels/dataflow/reader_bmm_tile_layout_in0_sender_padding.cpp'],['reader_bmm_tile_layout_in1_sender_writer_padding/8060400683709271961/'; 'reader_bmm_tile_layout_in0_receiver/8544611451277383063/'; 'reader_bmm_tile_layout_in0_sender_padding/3782225532799048323/'],9851339401059281641,False,1732,1124,2092,1956,2740,0,0,0,0,83923,304,83923,[2.1474924087524414; 549.758056640625],[6.247250556945801],0.024,,,,,,,178163
NLPCreateQKVHeadsDecodeDeviceOperation,tt_dnn_device,37891,3,blackhole,"{'head_dim': '256'; 'input_on_subcoregrids': 'false'; 'num_kv_heads': '8'; 'num_q_heads': '16'; 'output_mem_config': 'MemoryConfig(memory_layout=TensorMemoryLayout::HEIGHT_SHARDED;buffer_type=BufferType::L1;shard_spec=ShardSpec{grid=[{""start"":{""x"":0;""y"":0};""end"":{""x"":0;""y"":0}]; shape=[0; 0]; orientation=ShardOrientation::ROW_MAJOR};nd_shard_spec=std::nullopt;created_with_nd_shard_spec=0)'; 'overlap_qk_coregrid': 'true'; 'slice_size': 'std::nullopt'}",,110,110,,,18233392886,18233464504,71618,1331310280814,1331311970247,14727,0,1251432,1250672,,,,,440399,,,,,,,,,,,1[1],1[1],32[1],8192[8192],TILE,BFLOAT16,DEV_0_DRAM_INTERLEAVED,,,,,,,,,,,,,,,,,,,,,,,,,,,,,1[1],1[1],32[16],256[256],TILE,BFLOAT16,DEV_0_L1_HEIGHT_SHARDED,1[1],1[1],32[8],256[256],TILE,BFLOAT16,DEV_0_L1_HEIGHT_SHARDED,1[1],1[1],32[8],256[256],TILE,BFLOAT16,DEV_0_L1_HEIGHT_SHARDED,,,[],[],['ttnn/cpp/ttnn/operations/experimental/transformer/nlp_create_qkv_heads_decode/device/kernels/reader_interleaved_tm_tile_layout_nlp_create_qkv_heads_decode.cpp'],['reader_interleaved_tm_tile_layout_nlp_create_qkv_heads_decode/10482989530640118111/'],4420071296009224271,False,1604,1568,0,0,0,0,0,0,0,1,1,1,[],[],0.0,,,,,,,71618
ShardedToInterleavedDeviceOperation,tt_dnn_device,38915,3,blackhole,{'num_slices': '1'; 'output_dtype': 'DataType::BFLOAT16'; 'output_mem_config': 'MemoryConfig(memory_layout=TensorMemoryLayout::INTERLEAVED;buffer_type=BufferType::L1;shard_spec=std::nullopt;nd_shard_spec=std::nullopt;created_with_nd_shard_spec=0)'; 'slice_index': '0'},,110,110,,,18235515521,18235580606,65085,1331311989653,1331313677517,15116,0,1250270,1249527,,,,,440083,,,,,,,,,,,1[1],1[1],32[16],256[256],TILE,BFLOAT16,DEV_0_L1_HEIGHT_SHARDED,,,,,,,,,,,,,,,,,,,,,,,,,,,,,1[1],1[1],32[16],256[256],TILE,BFLOAT16,DEV_0_L1_INTERLEAVED,,,,,,,,,,,,,,,,,[],[],['ttnn/cpp/ttnn/operations/data_movement/sharded/device/kernels/dataflow/writer_unary_sharded_blocks_interleaved_start_id.cpp'; 'ttnn/cpp/ttnn/operations/eltwise/unary/device/kernels/dataflow/reader_unary_sharded.cpp'],['writer_unary_sharded_blocks_interleaved_start_id/11155612246550611684/'; 'reader_unary_sharded/8068229797266538021/'],3473822999492795756,False,960,440,0,0,0,0,0,0,0,1,1,1,[],[],0.0,,,,,,,65085
ShardedToInterleavedDeviceOperation,tt_dnn_device,39939,3,blackhole,{'num_slices': '1'; 'output_dtype': 'DataType::BFLOAT16'; 'output_mem_config': 'MemoryConfig(memory_layout=TensorMemoryLayout::INTERLEAVED;buffer_type=BufferType::L1;shard_spec=std::nullopt;nd_shard_spec=std::nullopt;created_with_nd_shard_spec=0)'; 'slice_index': '0'},,110,110,,,18235809627,18235849283,39656,1331313696415,1331315384596,14734,0,1250504,1249770,,,,,439396,,,,,,,,,,,1[1],1[1],32[8],256[256],TILE,BFLOAT16,DEV_0_L1_HEIGHT_SHARDED,,,,,,,,,,,,,,,,,,,,,,,,,,,,,1[1],1[1],32[8],256[256],TILE,BFLOAT16,DEV_0_L1_INTERLEAVED,,,,,,,,,,,,,,,,,[],[],['ttnn/cpp/ttnn/operations/data_movement/sharded/device/kernels/dataflow/writer_unary_sharded_blocks_interleaved_start_id.cpp'; 'ttnn/cpp/ttnn/operations/eltwise/unary/device/kernels/dataflow/reader_unary_sharded.cpp'],['writer_unary_sharded_blocks_interleaved_start_id/11155612246550611684/'; 'reader_unary_sharded/8068229797266538021/'],3517192577248902587,False,960,440,0,0,0,0,0,0,0,1,1,1,[],[],0.0,,,,,,,39656
ShardedToInterleavedDeviceOperation,tt_dnn_device,40963,3,blackhole,{'num_slices': '1'; 'output_dtype': 'DataType::BFLOAT16'; 'output_mem_config': 'MemoryConfig(memory_layout=TensorMemoryLayout::INTERLEAVED;buffer_type=BufferType::L1;shard_spec=std::nullopt;nd_shard_spec=std::nullopt;created_with_nd_shard_spec=0)'; 'slice_index': '0'},,110,110,,,18235889010,18235890553,1543,1331315403494,1331317091045,14760,0,1250038,1249275,,,,,439462,,,,,,,,,,,1[1],1[1],32[8],256[256],TILE,BFLOAT16,DEV_0_L1_HEIGHT_SHARDED,,,,,,,,,,,,,,,,,,,,,,,,,,,,,1[1],1[1],32[8],256[256],TILE,BFLOAT16,DEV_0_L1_INTERLEAVED,,,,,,,,,,,,,,,,,[],[],['ttnn/cpp/ttnn/operations/data_movement/sharded/device/kernels/dataflow/writer_unary_sharded_blocks_interleaved_start_id.cpp'; 'ttnn/cpp/ttnn/operations/eltwise/unary/device/kernels/dataflow/reader_unary_sharded.cpp'],['writer_unary_sharded_blocks_interleaved_start_id/11155612246550611684/'; 'reader_unary_sharded/8068229797266538021/'],3517192577248902587,False,960,440,0,0,0,0,0,0,0,1,1,1,[],[],0.0,,,,,,,1543
LayerNormDeviceOperation,tt_dnn_device,41987,3,blackhole,{'compute_kernel_config': 'ComputeKernelConfig(math_fidelity=HiFi4;math_approx_mode=0;fp32_dest_acc_en=1;packer_l1_acc=0;dst_full_sync_en=0;throttle_level=ThrottleLevel::NO_THROTTLE)'; 'distributed_norm_stage': 'DistributedLayerNormStage::NOT_DISTRIBUTED'; 'dtype': 'std::nullopt'; 'eps': '1e-06'; 'fused_activation': 'std::nullopt'; 'norm_type': 'LayerNormType::RMSNORM'; 'output_mem_config': 'MemoryConfig(memory_layout=TensorMemoryLayout::INTERLEAVED;buffer_type=BufferType::DRAM;shard_spec=std::nullopt;nd_shard_spec=std::nullopt;created_with_nd_shard_spec=0)'; 'program_config': 'LayerNormDefaultProgramConfig(legacy_reduction=0;legacy_rsqrt=0;use_welford=0)'},HiFi4,110,110,,,18239828171,18239894819,66648,1331317109026,1331318795791,14075,0,1249456,1248701,,,,,438567,,,,,,,,,,,1[1],1[1],32[16],256[256],TILE,BFLOAT16,DEV_0_L1_INTERLEAVED,1[1],1[1],32[1],256[256],TILE,BFLOAT16,DEV_0_DRAM_INTERLEAVED,,,,,,,,,,,,,,,,,,,,,,1[1],1[1],32[16],256[256],TILE,BFLOAT16,DEV_0_DRAM_INTERLEAVED,,,,,,,,,,,,,,,,,['ttnn/cpp/ttnn/operations/normalization/layernorm/device/kernels/compute/layernorm.cpp'],['layernorm/1288951867651274089/'],['ttnn/cpp/ttnn/operations/normalization/layernorm/device/kernels/dataflow/writer_unary_interleaved_start_id_blocked.cpp'; 'ttnn/cpp/ttnn/operations/normalization/layernorm/device/kernels/dataflow/reader_unary_interleaved_ln.cpp'],['writer_unary_interleaved_start_id_blocked/9368183165344307478/'; 'reader_unary_interleaved_ln/14900847600318758689/'],12380057387830230347,False,852,1632,3656,3036,4088,0,0,0,0,1,1,1,[],[],0.0,,,,,,,66648
LayerNormDeviceOperation,tt_dnn_device,43011,3,blackhole,{'compute_kernel_config': 'ComputeKernelConfig(math_fidelity=HiFi4;math_approx_mode=0;fp32_dest_acc_en=1;packer_l1_acc=0;dst_full_sync_en=0;throttle_level=ThrottleLevel::NO_THROTTLE)'; 'distributed_norm_stage': 'DistributedLayerNormStage::NOT_DISTRIBUTED'; 'dtype': 'std::nullopt'; 'eps': '1e-06'; 'fused_activation': 'std::nullopt'; 'norm_type': 'LayerNormType::RMSNORM'; 'output_mem_config': 'MemoryConfig(memory_layout=TensorMemoryLayout::INTERLEAVED;buffer_type=BufferType::DRAM;shard_spec=std::nullopt;nd_shard_spec=std::nullopt;created_with_nd_shard_spec=0)'; 'program_config': 'LayerNormDefaultProgramConfig(legacy_reduction=0;legacy_rsqrt=0;use_welford=0)'},HiFi4,110,110,,,18240153777,18240204846,51069,1331318813120,1331320503955,13599,0,1252470,1251707,,,,,439793,,,,,,,,,,,1[1],1[1],32[8],256[256],TILE,BFLOAT16,DEV_0_L1_INTERLEAVED,1[1],1[1],32[1],256[256],TILE,BFLOAT16,DEV_0_DRAM_INTERLEAVED,,,,,,,,,,,,,,,,,,,,,,1[1],1[1],32[8],256[256],TILE,BFLOAT16,DEV_0_DRAM_INTERLEAVED,,,,,,,,,,,,,,,,,['ttnn/cpp/ttnn/operations/normalization/layernorm/device/kernels/compute/layernorm.cpp'],['layernorm/1288951867651274089/'],['ttnn/cpp/ttnn/operations/normalization/layernorm/device/kernels/dataflow/writer_unary_interleaved_start_id_blocked.cpp'; 'ttnn/cpp/ttnn/operations/normalization/layernorm/device/kernels/dataflow/reader_unary_interleaved_ln.cpp'],['writer_unary_interleaved_start_id_blocked/9368183165344307478/'; 'reader_unary_interleaved_ln/14900847600318758689/'],1037146442705024254,False,852,1632,3656,3036,4088,0,0,0,0,1,1,1,[],[],0.0,,,,,,,51069
LayerNormDeviceOperation,tt_dnn_device,44035,3,blackhole,{'compute_kernel_config': 'ComputeKernelConfig(math_fidelity=HiFi4;math_approx_mode=0;fp32_dest_acc_en=1;packer_l1_acc=0;dst_full_sync_en=0;throttle_level=ThrottleLevel::NO_THROTTLE)'; 'distributed_norm_stage': 'DistributedLayerNormStage::NOT_DISTRIBUTED'; 'dtype': 'std::nullopt'; 'eps': '1e-06'; 'fused_activation': 'std::nullopt'; 'norm_type': 'LayerNormType::RMSNORM'; 'output_mem_config': 'MemoryConfig(memory_layout=TensorMemoryLayout::INTERLEAVED;buffer_type=BufferType::DRAM;shard_spec=std::nullopt;nd_shard_spec=std::nullopt;created_with_nd_shard_spec=0)'; 'program_config': 'LayerNormDefaultProgramConfig(legacy_reduction=0;legacy_rsqrt=0;use_welford=0)'},HiFi4,110,110,,,18244961780,18245013980,52200,1331320522764,1331322213757,14663,0,1252587,1251861,,,,,441179,,,,,,,,,,,1[1],1[1],32[8],256[256],TILE,BFLOAT16,DEV_0_L1_INTERLEAVED,,,,,,,,,,,,,,,,,,,,,,,,,,,,,1[1],1[1],32[8],256[256],TILE,BFLOAT16,DEV_0_DRAM_INTERLEAVED,,,,,,,,,,,,,,,,,['ttnn/cpp/ttnn/operations/normalization/layernorm/device/kernels/compute/layernorm.cpp'],['layernorm/12249547983648950110/'],['ttnn/cpp/ttnn/operations/normalization/layernorm/device/kernels/dataflow/writer_unary_interleaved_start_id_blocked.cpp'; 'ttnn/cpp/ttnn/operations/normalization/layernorm/device/kernels/dataflow/reader_unary_interleaved_ln.cpp'],['writer_unary_interleaved_start_id_blocked/2340364737112479010/'; 'reader_unary_interleaved_ln/17900652844950130339/'],15859871130617093302,False,852,1304,3108,3016,3552,0,0,0,0,1,1,1,[],[],0.0,,,,,,,52200
InterleavedToShardedDeviceOperation,tt_dnn_device,45059,3,blackhole,"{'keep_l1_aligned': 'false'; 'output_dtype': 'DataType::BFLOAT16'; 'output_mem_config': 'MemoryConfig(memory_layout=TensorMemoryLayout::HEIGHT_SHARDED;buffer_type=BufferType::L1;shard_spec=ShardSpec{grid=[{""start"":{""x"":0;""y"":0};""end"":{""x"":0;""y"":0}]; shape=[32; 256]; orientation=ShardOrientation::ROW_MAJOR};nd_shard_spec=std::nullopt;created_with_nd_shard_spec=0)'}",,110,110,,,18246836818,18246879430,42612,1331322232411,1331323917048,14545,0,1247879,1247153,,,,,439311,,,,,,,,,,,1[1],1[1],32[16],256[256],TILE,BFLOAT16,DEV_0_DRAM_INTERLEAVED,,,,,,,,,,,,,,,,,,,,,,,,,,,,,1[1],1[1],32[16],256[256],TILE,BFLOAT16,DEV_0_L1_HEIGHT_SHARDED,,,,,,,,,,,,,,,,,[],[],['ttnn/cpp/ttnn/operations/data_movement/sharded/device/kernels/dataflow/writer_unary_sharded.cpp'; 'ttnn/cpp/ttnn/operations/data_movement/sharded/device/kernels/dataflow/reader_unary_sharded_blocks_interleaved_start_id.cpp'],['writer_unary_sharded/1312765632675731241/'; 'reader_unary_sharded_blocks_interleaved_start_id/10276242172772875993/'],2869520147481143698,False,424,916,0,0,0,0,0,0,0,1,1,1,[],[],0.0,,,,,,,42612
InterleavedToShardedDeviceOperation,tt_dnn_device,46083,3,blackhole,"{'keep_l1_aligned': 'false'; 'output_dtype': 'DataType::BFLOAT16'; 'output_mem_config': 'MemoryConfig(memory_layout=TensorMemoryLayout::HEIGHT_SHARDED;buffer_type=BufferType::L1;shard_spec=ShardSpec{grid=[{""start"":{""x"":0;""y"":0};""end"":{""x"":0;""y"":0}]; shape=[32; 256]; orientation=ShardOrientation::ROW_MAJOR};nd_shard_spec=std::nullopt;created_with_nd_shard_spec=0)'}",,110,110,,,18246922784,18246924487,1703,1331323938337,1331325624353,16499,0,1248901,1248172,,,,,439087,,,,,,,,,,,1[1],1[1],32[16],256[256],TILE,BFLOAT16,DEV_0_DRAM_INTERLEAVED,,,,,,,,,,,,,,,,,,,,,,,,,,,,,1[1],1[1],32[16],256[256],TILE,BFLOAT16,DEV_0_L1_HEIGHT_SHARDED,,,,,,,,,,,,,,,,,[],[],['ttnn/cpp/ttnn/operations/data_movement/sharded/device/kernels/dataflow/writer_unary_sharded.cpp'; 'ttnn/cpp/ttnn/operations/data_movement/sharded/device/kernels/dataflow/reader_unary_sharded_blocks_interleaved_start_id.cpp'],['writer_unary_sharded/1312765632675731241/'; 'reader_unary_sharded_blocks_interleaved_start_id/10276242172772875993/'],2869520147481143698,False,424,916,0,0,0,0,0,0,0,1,1,1,[],[],0.0,,,,,,,1703
InterleavedToShardedDeviceOperation,tt_dnn_device,47107,3,blackhole,"{'keep_l1_aligned': 'false'; 'output_dtype': 'DataType::BFLOAT16'; 'output_mem_config': 'MemoryConfig(memory_layout=TensorMemoryLayout::HEIGHT_SHARDED;buffer_type=BufferType::L1;shard_spec=ShardSpec{grid=[{""start"":{""x"":0;""y"":0};""end"":{""x"":0;""y"":0}]; shape=[32; 256]; orientation=ShardOrientation::ROW_MAJOR};nd_shard_spec=std::nullopt;created_with_nd_shard_spec=0)'}",,110,110,,,18246935969,18246936671,702,1331325642360,1331327331600,14073,0,1251289,1250550,,,,,439324,,,,,,,,,,,1[1],1[1],32[16],256[256],TILE,BFLOAT16,DEV_0_DRAM_INTERLEAVED,,,,,,,,,,,,,,,,,,,,,,,,,,,,,1[1],1[1],32[16],256[256],TILE,BFLOAT16,DEV_0_L1_HEIGHT_SHARDED,,,,,,,,,,,,,,,,,[],[],['ttnn/cpp/ttnn/operations/data_movement/sharded/device/kernels/dataflow/writer_unary_sharded.cpp'; 'ttnn/cpp/ttnn/operations/data_movement/sharded/device/kernels/dataflow/reader_unary_sharded_blocks_interleaved_start_id.cpp'],['writer_unary_sharded/1312765632675731241/'; 'reader_unary_sharded_blocks_interleaved_start_id/10276242172772875993/'],2869520147481143698,False,424,916,0,0,0,0,0,0,0,1,1,1,[],[],0.0,,,,,,,702
InterleavedToShardedDeviceOperation,tt_dnn_device,48131,3,blackhole,"{'keep_l1_aligned': 'false'; 'output_dtype': 'DataType::BFLOAT16'; 'output_mem_config': 'MemoryConfig(memory_layout=TensorMemoryLayout::HEIGHT_SHARDED;buffer_type=BufferType::L1;shard_spec=ShardSpec{grid=[{""start"":{""x"":0;""y"":0};""end"":{""x"":0;""y"":0}]; shape=[32; 256]; orientation=ShardOrientation::ROW_MAJOR};nd_shard_spec=std::nullopt;created_with_nd_shard_spec=0)'}",,110,110,,,18246999041,18247003299,4258,1331327350237,1331329037874,14573,0,1250101,1249333,,,,,439563,,,,,,,,,,,1[1],1[1],32[16],256[256],TILE,BFLOAT16,DEV_0_DRAM_INTERLEAVED,,,,,,,,,,,,,,,,,,,,,,,,,,,,,1[1],1[1],32[16],256[256],TILE,BFLOAT16,DEV_0_L1_HEIGHT_SHARDED,,,,,,,,,,,,,,,,,[],[],['ttnn/cpp/ttnn/operations/data_movement/sharded/device/kernels/dataflow/writer_unary_sharded.cpp'; 'ttnn/cpp/ttnn/operations/data_movement/sharded/device/kernels/dataflow/reader_unary_sharded_blocks_interleaved_start_id.cpp'],['writer_unary_sharded/1312765632675731241/'; 'reader_unary_sharded_blocks_interleaved_start_id/10276242172772875993/'],2869520147481143698,False,424,916,0,0,0,0,0,0,0,1,1,1,[],[],0.0,,,,,,,4258
InterleavedToShardedDeviceOperation,tt_dnn_device,49155,3,blackhole,"{'keep_l1_aligned': 'false'; 'output_dtype': 'DataType::BFLOAT16'; 'output_mem_config': 'MemoryConfig(memory_layout=TensorMemoryLayout::HEIGHT_SHARDED;buffer_type=BufferType::L1;shard_spec=ShardSpec{grid=[{""start"":{""x"":0;""y"":0};""end"":{""x"":0;""y"":0}]; shape=[32; 256]; orientation=ShardOrientation::ROW_MAJOR};nd_shard_spec=std::nullopt;created_with_nd_shard_spec=0)'}",,110,110,,,18247014430,18247015021,591,1331329056615,1331330744770,14641,0,1250485,1249727,,,,,439924,,,,,,,,,,,1[1],1[1],32[16],256[256],TILE,BFLOAT16,DEV_0_DRAM_INTERLEAVED,,,,,,,,,,,,,,,,,,,,,,,,,,,,,1[1],1[1],32[16],256[256],TILE,BFLOAT16,DEV_0_L1_HEIGHT_SHARDED,,,,,,,,,,,,,,,,,[],[],['ttnn/cpp/ttnn/operations/data_movement/sharded/device/kernels/dataflow/writer_unary_sharded.cpp'; 'ttnn/cpp/ttnn/operations/data_movement/sharded/device/kernels/dataflow/reader_unary_sharded_blocks_interleaved_start_id.cpp'],['writer_unary_sharded/1312765632675731241/'; 'reader_unary_sharded_blocks_interleaved_start_id/10276242172772875993/'],2869520147481143698,False,424,916,0,0,0,0,0,0,0,1,1,1,[],[],0.0,,,,,,,591
RotaryEmbeddingHfDeviceOperation,tt_dnn_device,50179,3,blackhole,"{'compute_kernel_config': 'ComputeKernelConfig(math_fidelity=HiFi4;math_approx_mode=1;fp32_dest_acc_en=0;packer_l1_acc=0;dst_full_sync_en=0;throttle_level=ThrottleLevel::NO_THROTTLE)'; 'is_decode_mode': 'true'; 'output_mem_config': 'MemoryConfig(memory_layout=TensorMemoryLayout::HEIGHT_SHARDED;buffer_type=BufferType::L1;shard_spec=ShardSpec{grid=[{""start"":{""x"":0;""y"":0};""end"":{""x"":0;""y"":0}]; shape=[32; 256]; orientation=ShardOrientation::ROW_MAJOR};nd_shard_spec={""shard_shape"":[32; 256];""grid"":[{""start"":{""x"":0;""y"":0};""end"":{""x"":0;""y"":0}}];""orientation"":""ShardOrientation::ROW_MAJOR"";""shard_distribution_strategy"":""ShardDistributionStrategy::ROUND_ROBIN_1D""};created_with_nd_shard_spec=0)'}",HiFi4,110,110,,,18250449130,18250502503,53373,1331330763453,1331332452568,14583,0,1251196,1250451,,,,,439653,,,,,,,,,,,1[1],1[1],32[16],256[256],TILE,BFLOAT16,DEV_0_L1_HEIGHT_SHARDED,1[1],1[1],32[1],256[256],TILE,BFLOAT16,DEV_0_L1_HEIGHT_SHARDED,1[1],1[1],32[1],256[256],TILE,BFLOAT16,DEV_0_L1_HEIGHT_SHARDED,,,,,,,,,,,,,,,1[1],1[1],32[16],256[256],TILE,BFLOAT16,DEV_0_L1_HEIGHT_SHARDED,,,,,,,,,,,,,,,,,['ttnn/cpp/ttnn/operations/experimental/transformer/rotary_embedding_hf/device/kernels/compute/rotary_embedding_hf_sharded.cpp'],['rotary_embedding_hf_sharded/6910181976596301282/'],['ttnn/cpp/ttnn/operations/experimental/transformer/rotary_embedding_hf/device/kernels/dataflow/reader_rotary_embedding_hf_sharded.cpp'],['reader_rotary_embedding_hf_sharded/8539307965800684445/'],14774625165161834370,False,0,476,2884,2060,4680,0,0,0,0,1,1,1,[],[],0.0,,,,,,,53373
RotaryEmbeddingHfDeviceOperation,tt_dnn_device,51203,3,blackhole,"{'compute_kernel_config': 'ComputeKernelConfig(math_fidelity=HiFi4;math_approx_mode=1;fp32_dest_acc_en=0;packer_l1_acc=0;dst_full_sync_en=0;throttle_level=ThrottleLevel::NO_THROTTLE)'; 'is_decode_mode': 'true'; 'output_mem_config': 'MemoryConfig(memory_layout=TensorMemoryLayout::HEIGHT_SHARDED;buffer_type=BufferType::L1;shard_spec=ShardSpec{grid=[{""start"":{""x"":0;""y"":0};""end"":{""x"":0;""y"":0}]; shape=[32; 256]; orientation=ShardOrientation::ROW_MAJOR};nd_shard_spec={""shard_shape"":[32; 256];""grid"":[{""start"":{""x"":0;""y"":0};""end"":{""x"":0;""y"":0}}];""orientation"":""ShardOrientation::ROW_MAJOR"";""shard_distribution_strategy"":""ShardDistributionStrategy::ROUND_ROBIN_1D""};created_with_nd_shard_spec=0)'}",HiFi4,110,110,,,18250728748,18250777121,48373,1331332473492,1331334161795,16262,0,1250595,1249834,,,,,440145,,,,,,,,,,,1[1],1[1],32[8],256[256],TILE,BFLOAT16,DEV_0_L1_HEIGHT_SHARDED,1[1],1[1],32[1],256[256],TILE,BFLOAT16,DEV_0_L1_HEIGHT_SHARDED,1[1],1[1],32[1],256[256],TILE,BFLOAT16,DEV_0_L1_HEIGHT_SHARDED,,,,,,,,,,,,,,,1[1],1[1],32[8],256[256],TILE,BFLOAT16,DEV_0_L1_HEIGHT_SHARDED,,,,,,,,,,,,,,,,,['ttnn/cpp/ttnn/operations/experimental/transformer/rotary_embedding_hf/device/kernels/compute/rotary_embedding_hf_sharded.cpp'],['rotary_embedding_hf_sharded/6910181976596301282/'],['ttnn/cpp/ttnn/operations/experimental/transformer/rotary_embedding_hf/device/kernels/dataflow/reader_rotary_embedding_hf_sharded.cpp'],['reader_rotary_embedding_hf_sharded/8539307965800684445/'],12119026542983064003,False,0,476,2884,2060,4680,0,0,0,0,1,1,1,[],[],0.0,,,,,,,48373
PagedUpdateCacheDeviceOperation,tt_dnn_device,52227,3,blackhole,{'batch_offset': '0'; 'block_size_override': 'std::nullopt'; 'cache_position_modulo': 'std::nullopt'; 'compute_kernel_config': 'ComputeKernelConfig(math_fidelity=LoFi;math_approx_mode=1;fp32_dest_acc_en=0;packer_l1_acc=0;dst_full_sync_en=0;throttle_level=ThrottleLevel::NO_THROTTLE)'; 'mesh_coords': 'std::nullopt'; 'num_kv_heads_override': 'std::nullopt'; 'share_cache': 'false'; 'update_idxs': '{}'},HiFi4,110,110,,,18254795084,18254848116,53032,1331334180628,1331335871964,14707,0,1252841,1252087,,,,,440861,,,,,,,,,,,17[17],8[8],64[64],256[256],TILE,BFLOAT16,DEV_0_DRAM_INTERLEAVED,1[1],1[1],32[8],256[256],TILE,BFLOAT16,DEV_0_L1_HEIGHT_SHARDED,1[1],1[1],1[1],1[1],ROW_MAJOR,INT32,DEV_0_DRAM_INTERLEAVED,1[1],1[1],1[1],17[17],ROW_MAJOR,INT32,DEV_0_DRAM_INTERLEAVED,,,,,,,,17[17],8[8],64[64],256[256],TILE,BFLOAT16,DEV_0_DRAM_INTERLEAVED,,,,,,,,,,,,,,,,,['ttnn/cpp/ttnn/operations/experimental/paged_cache/device/kernels/compute/update_cache.cpp'],['update_cache/15739375863056661895/'],['ttnn/cpp/ttnn/operations/experimental/paged_cache/device/kernels/dataflow/writer_update_cache_interleaved_start_id.cpp'; 'ttnn/cpp/ttnn/operations/experimental/paged_cache/device/kernels/dataflow/reader_update_cache_interleaved_start_id.cpp'],['writer_update_cache_interleaved_start_id/1632056772206994486/'; 'reader_update_cache_interleaved_start_id/13883502166499209496/'],3244724791499214907,False,1620,1408,2328,2240,5308,0,0,0,0,1,1,1,[],[],0.0,,,,,,,53032
PagedUpdateCacheDeviceOperation,tt_dnn_device,53251,3,blackhole,{'batch_offset': '0'; 'block_size_override': 'std::nullopt'; 'cache_position_modulo': 'std::nullopt'; 'compute_kernel_config': 'ComputeKernelConfig(math_fidelity=LoFi;math_approx_mode=1;fp32_dest_acc_en=0;packer_l1_acc=0;dst_full_sync_en=0;throttle_level=ThrottleLevel::NO_THROTTLE)'; 'mesh_coords': 'std::nullopt'; 'num_kv_heads_override': 'std::nullopt'; 'share_cache': 'false'; 'update_idxs': '{}'},HiFi4,110,110,,,18254878194,18254879576,1382,1331335893573,1331337582943,16766,0,1251385,1250627,,,,,439982,,,,,,,,,,,17[17],8[8],64[64],256[256],TILE,BFLOAT16,DEV_0_DRAM_INTERLEAVED,1[1],1[1],32[8],256[256],TILE,BFLOAT16,DEV_0_L1_HEIGHT_SHARDED,1[1],1[1],1[1],1[1],ROW_MAJOR,INT32,DEV_0_DRAM_INTERLEAVED,1[1],1[1],1[1],17[17],ROW_MAJOR,INT32,DEV_0_DRAM_INTERLEAVED,,,,,,,,17[17],8[8],64[64],256[256],TILE,BFLOAT16,DEV_0_DRAM_INTERLEAVED,,,,,,,,,,,,,,,,,['ttnn/cpp/ttnn/operations/experimental/paged_cache/device/kernels/compute/update_cache.cpp'],['update_cache/15739375863056661895/'],['ttnn/cpp/ttnn/operations/experimental/paged_cache/device/kernels/dataflow/writer_update_cache_interleaved_start_id.cpp'; 'ttnn/cpp/ttnn/operations/experimental/paged_cache/device/kernels/dataflow/reader_update_cache_interleaved_start_id.cpp'],['writer_update_cache_interleaved_start_id/1632056772206994486/'; 'reader_update_cache_interleaved_start_id/13883502166499209496/'],3244724791499214907,False,1620,1408,2328,2240,5308,0,0,0,0,1,1,1,[],[],0.0,,,,,,,1382
SdpaDecodeDeviceOperation,tt_dnn_device,54275,3,blackhole,{'block_size_override': 'std::nullopt'; 'cache_position_modulo': 'std::nullopt'; 'compute_kernel_config': 'ComputeKernelConfig(math_fidelity=HiFi2;math_approx_mode=1;fp32_dest_acc_en=0;packer_l1_acc=0;dst_full_sync_en=0;throttle_level=ThrottleLevel::NO_THROTTLE)'; 'cur_pos': '{}'; 'head_dim_v': 'std::nullopt'; 'is_causal': 'true'; 'k_chunk_size': '64'; 'num_kv_heads_override': 'std::nullopt'; 'output_mem_config': 'MemoryConfig(memory_layout=TensorMemoryLayout::INTERLEAVED;buffer_type=BufferType::DRAM;shard_spec=std::nullopt;nd_shard_spec=std::nullopt;created_with_nd_shard_spec=0)'; 'paged_attention': 'true'; 'program_config': 'SDPAProgramConfig(compute_with_storage_grid_size=8-4;sub_core_grids=std::nullopt;q_chunk_size=32;k_chunk_size=64;exp_approx_mode=0;max_cores_per_head_batch=16)'; 'scale': '1'; 'share_cache': 'std::nullopt'; 'sliding_window_size': '1024'; 'use_mla': 'std::nullopt'},HiFi2,110,110,,,18260626356,18260714315,87959,1331337603497,1331339289646,15975,0,1248999,1248247,,,,,439490,,,,,,,,,,,1[1],1[1],32[16],256[256],TILE,BFLOAT16,DEV_0_L1_HEIGHT_SHARDED,17[17],8[8],64[64],256[256],TILE,BFLOAT16,DEV_0_DRAM_INTERLEAVED,17[17],8[8],64[64],256[256],TILE,BFLOAT16,DEV_0_DRAM_INTERLEAVED,1[1],1[1],1[1],1[1],ROW_MAJOR,INT32,DEV_0_DRAM_INTERLEAVED,1[1],1[1],1[1],17[17],ROW_MAJOR,INT32,DEV_0_DRAM_INTERLEAVED,1[1],1[1],32[16],256[256],TILE,BFLOAT16,DEV_0_DRAM_INTERLEAVED,,,,,,,,,,,,,,,,,['ttnn/cpp/ttnn/operations/transformer/sdpa_decode/device/kernels/compute/sdpa_flash_decode.cpp'],['sdpa_flash_decode/4111661572447932072/'],['ttnn/cpp/ttnn/operations/transformer/sdpa_decode/device/kernels/dataflow/writer_decode_all.cpp'; 'ttnn/cpp/ttnn/operations/transformer/sdpa_decode/device/kernels/dataflow/reader_decode_all.cpp'],['writer_decode_all/9607113686983153680/'; 'reader_decode_all/2048964935103495000/'],8031159883293367588,False,4996,2704,14576,13964,11224,0,0,0,0,1,1,1,[],[],0.0,,,,,,,87959
InterleavedToShardedDeviceOperation,tt_dnn_device,55299,3,blackhole,"{'keep_l1_aligned': 'false'; 'output_dtype': 'DataType::BFLOAT16'; 'output_mem_config': 'MemoryConfig(memory_layout=TensorMemoryLayout::HEIGHT_SHARDED;buffer_type=BufferType::L1;shard_spec=ShardSpec{grid=[{""start"":{""x"":0;""y"":0};""end"":{""x"":0;""y"":0}]; shape=[32; 256]; orientation=ShardOrientation::ROW_MAJOR};nd_shard_spec=std::nullopt;created_with_nd_shard_spec=0)'}",,110,110,,,18260805039,18260807855,2816,1331339306913,1331340999543,13544,0,1253800,1253047,,,,,440881,,,,,,,,,,,1[1],1[1],32[16],256[256],TILE,BFLOAT16,DEV_0_DRAM_INTERLEAVED,,,,,,,,,,,,,,,,,,,,,,,,,,,,,1[1],1[1],32[16],256[256],TILE,BFLOAT16,DEV_0_L1_HEIGHT_SHARDED,,,,,,,,,,,,,,,,,[],[],['ttnn/cpp/ttnn/operations/data_movement/sharded/device/kernels/dataflow/writer_unary_sharded.cpp'; 'ttnn/cpp/ttnn/operations/data_movement/sharded/device/kernels/dataflow/reader_unary_sharded_blocks_interleaved_start_id.cpp'],['writer_unary_sharded/1312765632675731241/'; 'reader_unary_sharded_blocks_interleaved_start_id/10276242172772875993/'],2869520147481143698,False,424,916,0,0,0,0,0,0,0,1,1,1,[],[],0.0,,,,,,,2816
NLPConcatHeadsDecodeDeviceOperation,tt_dnn_device,56323,3,blackhole,{'num_heads': '16'; 'on_subcoregrids': 'false'; 'sub_core_grids': 'std::nullopt'},,110,110,,,18262731948,18262776253,44305,1331341018537,1331342706967,14808,0,1250689,1249950,,,,,439584,,,,,,,,,,,1[1],1[1],32[16],256[256],TILE,BFLOAT16,DEV_0_L1_HEIGHT_SHARDED,,,,,,,,,,,,,,,,,,,,,,,,,,,,,1[1],1[1],32[32],4096[4096],TILE,BFLOAT16,DEV_0_L1_WIDTH_SHARDED,,,,,,,,,,,,,,,,,[],[],['ttnn/cpp/ttnn/operations/experimental/transformer/nlp_concat_heads_decode/device/kernels/dataflow/reader_tm_tile_layout_nlp_concat_heads_decode.cpp'],['reader_tm_tile_layout_nlp_concat_heads_decode/2122695822017936394/'],17281516925188396718,False,668,636,0,0,0,0,0,0,0,1,1,1,[],[],0.0,,,,,,,44305
ShardedToInterleavedDeviceOperation,tt_dnn_device,57347,3,blackhole,{'num_slices': '1'; 'output_dtype': 'DataType::BFLOAT16'; 'output_mem_config': 'MemoryConfig(memory_layout=TensorMemoryLayout::INTERLEAVED;buffer_type=BufferType::DRAM;shard_spec=std::nullopt;nd_shard_spec=std::nullopt;created_with_nd_shard_spec=0)'; 'slice_index': '0'},,110,110,,,18263947006,18263985009,38003,1331342725734,1331344411931,14634,0,1249035,1248299,,,,,439262,,,,,,,,,,,1[1],1[1],32[32],4096[4096],TILE,BFLOAT16,DEV_0_L1_WIDTH_SHARDED,,,,,,,,,,,,,,,,,,,,,,,,,,,,,1[1],1[1],32[32],4096[4096],TILE,BFLOAT16,DEV_0_DRAM_INTERLEAVED,,,,,,,,,,,,,,,,,[],[],['ttnn/cpp/ttnn/operations/data_movement/sharded/device/kernels/dataflow/writer_unary_sharded_blocks_interleaved_start_id.cpp'; 'ttnn/cpp/ttnn/operations/eltwise/unary/device/kernels/dataflow/reader_unary_sharded.cpp'],['writer_unary_sharded_blocks_interleaved_start_id/13487665984632740814/'; 'reader_unary_sharded/8068229797266538021/'],2985379365234434255,False,920,440,0,0,0,0,0,0,0,1,1,1,[],[],0.0,,,,,,,38003
MatmulDeviceOperation,tt_dnn_device,58371,3,blackhole,{'bcast_batch': 'true'; 'compute_kernel_config': 'ComputeKernelConfig(math_fidelity=HiFi4;math_approx_mode=0;fp32_dest_acc_en=0;packer_l1_acc=1;dst_full_sync_en=0;throttle_level=ThrottleLevel::NO_THROTTLE)'; 'global_cb': 'std::nullopt'; 'output_dtype': 'DataType::BFLOAT16'; 'output_mem_config': 'MemoryConfig(memory_layout=TensorMemoryLayout::INTERLEAVED;buffer_type=BufferType::DRAM;shard_spec=std::nullopt;nd_shard_spec=std::nullopt;created_with_nd_shard_spec=0)'; 'output_tile': 'Tile(tile_shape={32; 32};face_shape={16; 16};num_faces=4)'; 'program_config': 'MatmulMultiCoreReuseMultiCast1DProgramConfig(compute_with_storage_grid_size=11-10;in0_block_w=2;out_subblock_h=1;out_subblock_w=1;out_block_h=1;out_block_w=1;per_core_M=1;per_core_N=1;fuse_batch=0;fused_activation=std::nullopt;mcast_in0=1;gather_in0=0;hop_cores={};num_global_cb_receivers=0;untilize_out=0;allowed_worker_cores={[0-0 - 10-9]})'; 'sub_device_id': 'std::nullopt'; 'transpose_a': 'false'; 'transpose_b': 'false'; 'untilize_out': 'false'; 'user_core_coord': 'std::nullopt'; 'user_fused_activation': 'std::nullopt'; 'user_run_batched': 'false'},HiFi4,110,110,,,18595833993,18595988500,154507,1331344430452,1331346118841,14490,0,1250659,1249890,,,,,440276,,,,,,,,,,,1[1],1[1],32[32],4096[4096],TILE,BFLOAT16,DEV_0_DRAM_INTERLEAVED,1[1],1[1],4096[4096],2816[2816],TILE,BFLOAT16,DEV_0_DRAM_INTERLEAVED,,,,,,,,,,,,,,,,,,,,,,1[1],1[1],32[32],2816[2816],TILE,BFLOAT16,DEV_0_DRAM_INTERLEAVED,,,,,,,,,,,,,,,,,['ttnn/cpp/ttnn/operations/matmul/device/kernels/compute/bmm_large_block_zm_fused_bias_activation.cpp'],['bmm_large_block_zm_fused_bias_activation/4591724574892104785/'],['ttnn/cpp/ttnn/operations/matmul/device/kernels/dataflow/reader_bmm_tile_layout_in1_sender_writer_padding.cpp'; 'ttnn/cpp/ttnn/operations/matmul/device/kernels/dataflow/reader_bmm_tile_layout_in0_receiver.cpp'; 'ttnn/cpp/ttnn/operations/matmul/device/kernels/dataflow/reader_bmm_tile_layout_in0_sender_padding.cpp'],['reader_bmm_tile_layout_in1_sender_writer_padding/2349336224520546997/'; 'reader_bmm_tile_layout_in0_receiver/3144296041893383317/'; 'reader_bmm_tile_layout_in0_sender_padding/7000598977694410696/'],4325641435150549473,False,1608,1124,2020,1844,2376,0,0,0,0,41961,4855,41961,[6.2473249435424805; 549.7645874023438],[4.2950358390808105],0.388,,,,,,,154507
SliceDeviceOperation,tt_dnn_device,59395,3,blackhole,{'num_devices': 'std::nullopt'; 'output_mem_config': 'MemoryConfig(memory_layout=TensorMemoryLayout::INTERLEAVED;buffer_type=BufferType::DRAM;shard_spec=std::nullopt;nd_shard_spec=std::nullopt;created_with_nd_shard_spec=0)'; 'slice_dim': 'std::nullopt'; 'slice_end': 'Shape([1; 1; 32; 2816])'; 'slice_start': 'Shape([0; 0; 0; 0])'; 'step': 'Shape([1; 1; 1; 1])'; 'sub_core_grids': 'std::nullopt'; 'use_tensor_args': 'false'},,110,110,,,18598944830,18599046595,101765,1331346137223,1331347827729,14386,0,1252227,1251458,,,,,440714,,,,,,,,,,,1[1],1[1],32[32],2816[2816],TILE,BFLOAT16,DEV_0_DRAM_INTERLEAVED,,,,,,,,,,,,,,,,,,,,,,,,,,,,,1[1],1[1],32[32],2816[2816],TILE,BFLOAT16,DEV_0_DRAM_INTERLEAVED,,,,,,,,,,,,,,,,,[],[],['ttnn/cpp/ttnn/operations/data_movement/slice/device/kernels/dataflow/writer_unary_interleaved_start_id.cpp'; 'ttnn/cpp/ttnn/operations/data_movement/slice/device/kernels/dataflow/reader_unary_unpad_dims_interleaved_start_id.cpp'],['writer_unary_interleaved_start_id/11636834385307692413/'; 'reader_unary_unpad_dims_interleaved_start_id/9202421768308898271/'],6853272813270040283,False,724,756,0,0,0,0,0,0,0,948,948,327,[190.10971069335938],[190.10971069335938],0.076,,,,,,,101765
LayerNormDeviceOperation,tt_dnn_device,60419,3,blackhole,{'compute_kernel_config': 'ComputeKernelConfig(math_fidelity=HiFi4;math_approx_mode=0;fp32_dest_acc_en=1;packer_l1_acc=0;dst_full_sync_en=0;throttle_level=ThrottleLevel::NO_THROTTLE)'; 'distributed_norm_stage': 'DistributedLayerNormStage::NOT_DISTRIBUTED'; 'dtype': 'std::nullopt'; 'eps': '1e-06'; 'fused_activation': 'std::nullopt'; 'norm_type': 'LayerNormType::RMSNORM'; 'output_mem_config': 'MemoryConfig(memory_layout=TensorMemoryLayout::INTERLEAVED;buffer_type=BufferType::DRAM;shard_spec=std::nullopt;nd_shard_spec=std::nullopt;created_with_nd_shard_spec=0)'; 'program_config': 'LayerNormDefaultProgramConfig(legacy_reduction=0;legacy_rsqrt=0;use_welford=0)'},HiFi4,110,110,,,18599204068,18599206523,2455,1331347845973,1331349534377,14267,0,1250670,1249913,,,,,439508,,,,,,,,,,,1[1],1[1],32[1],2816[2816],TILE,BFLOAT16,DEV_0_DRAM_INTERLEAVED,1[1],1[1],32[1],2816[2816],TILE,BFLOAT16,DEV_0_DRAM_INTERLEAVED,,,,,,,,,,,,,,,,,,,,,,1[1],1[1],32[1],2816[2816],TILE,BFLOAT16,DEV_0_DRAM_INTERLEAVED,,,,,,,,,,,,,,,,,['ttnn/cpp/ttnn/operations/normalization/layernorm/device/kernels/compute/layernorm.cpp'],['layernorm/14183512734866135947/'],['ttnn/cpp/ttnn/operations/normalization/layernorm/device/kernels/dataflow/writer_unary_interleaved_start_id_blocked.cpp'; 'ttnn/cpp/ttnn/operations/normalization/layernorm/device/kernels/dataflow/reader_unary_interleaved_ln.cpp'],['writer_unary_interleaved_start_id_blocked/9368183165344307478/'; 'reader_unary_interleaved_ln/8993227705683819751/'],5622200613246340018,False,852,1724,3664,2904,3384,0,0,0,0,1,1,1,[],[],0.0,,,,,,,2455
BinaryNgDeviceOperation,tt_dnn_device,61443,3,blackhole,{'atol': '0'; 'binary_op_type': 'BinaryOpType::ADD'; 'compute_kernel_config': 'std::nullopt'; 'dtype': 'DataType::BFLOAT16'; 'equal_nan': 'false'; 'input_dtype': 'DataType::BFLOAT16'; 'input_layout_a': 'Layout::TILE'; 'input_layout_b': 'Layout::TILE'; 'is_quant_op': 'false'; 'is_sfpu': 'false'; 'is_where_op': 'false'; 'lhs_activations': '{}'; 'memory_config': 'MemoryConfig(memory_layout=TensorMemoryLayout::INTERLEAVED;buffer_type=BufferType::DRAM;shard_spec=std::nullopt;nd_shard_spec=std::nullopt;created_with_nd_shard_spec=0)'; 'output_layout': 'Layout::TILE'; 'post_activations': '{}'; 'rhs_activations': '{}'; 'rtol': '0'; 'scalar': 'std::nullopt'; 'sub_core_grids': 'std::nullopt'; 'sub_device_id': 'std::nullopt'; 'subtile_broadcast_type': 'SubtileBroadcastType::NONE'; 'worker_grid': '{[0-0 - 10-9]}'},HiFi4,110,110,,,18603844990,18603951815,106825,1331349552233,1331351242208,13987,0,1251833,1251076,,,,,440667,,,,,,,,,,,1[1],1[1],32[1],2816[2816],TILE,BFLOAT16,DEV_0_DRAM_INTERLEAVED,1[1],1[1],32[1],2816[2816],TILE,BFLOAT16,DEV_0_DRAM_INTERLEAVED,,,,,,,,,,,,,,,,,,,,,,1[1],1[1],32[1],2816[2816],TILE,BFLOAT16,DEV_0_DRAM_INTERLEAVED,,,,,,,,,,,,,,,,,['ttnn/cpp/ttnn/operations/eltwise/binary_ng/device/kernels/compute/eltwise_binary_no_bcast.cpp'],['eltwise_binary_no_bcast/15947375324960782372/'],['ttnn/cpp/ttnn/operations/eltwise/binary_ng/device/kernels_ng/dataflow/writer_interleaved_no_bcast.cpp'; 'ttnn/cpp/ttnn/operations/eltwise/binary_ng/device/kernels_ng/dataflow/reader_interleaved_no_bcast.cpp'],['writer_interleaved_no_bcast/6660480933297534133/'; 'reader_interleaved_no_bcast/10340092850644497914/'],1295168523863076379,False,1160,1684,1336,804,1320,0,0,0,0,1,1,1,[],[],0.0,,,,,,,106825
LayerNormDeviceOperation,tt_dnn_device,62467,3,blackhole,{'compute_kernel_config': 'ComputeKernelConfig(math_fidelity=HiFi4;math_approx_mode=0;fp32_dest_acc_en=1;packer_l1_acc=0;dst_full_sync_en=0;throttle_level=ThrottleLevel::NO_THROTTLE)'; 'distributed_norm_stage': 'DistributedLayerNormStage::NOT_DISTRIBUTED'; 'dtype': 'std::nullopt'; 'eps': '1e-06'; 'fused_activation': 'std::nullopt'; 'norm_type': 'LayerNormType::RMSNORM'; 'output_mem_config': 'MemoryConfig(memory_layout=TensorMemoryLayout::INTERLEAVED;buffer_type=BufferType::DRAM;shard_spec=std::nullopt;nd_shard_spec=std::nullopt;created_with_nd_shard_spec=0)'; 'program_config': 'LayerNormDefaultProgramConfig(legacy_reduction=0;legacy_rsqrt=0;use_welford=0)'},HiFi4,110,110,,,18604051547,18604053682,2135,1331351306756,1331352995361,48568,0,1250819,1250061,,,,,440281,,,,,,,,,,,1[1],1[1],32[1],2816[2816],TILE,BFLOAT16,DEV_0_DRAM_INTERLEAVED,1[1],1[1],32[1],2816[2816],TILE,BFLOAT16,DEV_0_DRAM_INTERLEAVED,,,,,,,,,,,,,,,,,,,,,,1[1],1[1],32[1],2816[2816],TILE,BFLOAT16,DEV_0_DRAM_INTERLEAVED,,,,,,,,,,,,,,,,,['ttnn/cpp/ttnn/operations/normalization/layernorm/device/kernels/compute/layernorm.cpp'],['layernorm/14183512734866135947/'],['ttnn/cpp/ttnn/operations/normalization/layernorm/device/kernels/dataflow/writer_unary_interleaved_start_id_blocked.cpp'; 'ttnn/cpp/ttnn/operations/normalization/layernorm/device/kernels/dataflow/reader_unary_interleaved_ln.cpp'],['writer_unary_interleaved_start_id_blocked/9368183165344307478/'; 'reader_unary_interleaved_ln/8993227705683819751/'],5622200613246340018,False,852,1724,3664,2904,3384,0,0,0,0,1,1,1,[],[],0.0,,,,,,,2135
InterleavedToShardedDeviceOperation,tt_dnn_device,63491,3,blackhole,"{'keep_l1_aligned': 'false'; 'output_dtype': 'DataType::BFLOAT16'; 'output_mem_config': 'MemoryConfig(memory_layout=TensorMemoryLayout::WIDTH_SHARDED;buffer_type=BufferType::L1;shard_spec=ShardSpec{grid=[{""start"":{""x"":0;""y"":0};""end"":{""x"":3;""y"":0}]; shape=[32; 704]; orientation=ShardOrientation::ROW_MAJOR};nd_shard_spec=std::nullopt;created_with_nd_shard_spec=0)'}",,110,110,,,18835321102,18835402839,81737,1331353015325,1331354705562,15544,0,1252027,1251273,,,,,440805,,,,,,,,,,,1[1],1[1],32[1],2816[2816],TILE,BFLOAT16,DEV_0_DRAM_INTERLEAVED,,,,,,,,,,,,,,,,,,,,,,,,,,,,,1[1],1[1],32[1],2816[2816],TILE,BFLOAT16,DEV_0_L1_WIDTH_SHARDED,,,,,,,,,,,,,,,,,[],[],['ttnn/cpp/ttnn/operations/data_movement/sharded/device/kernels/dataflow/writer_unary_sharded.cpp'; 'ttnn/cpp/ttnn/operations/data_movement/sharded/device/kernels/dataflow/reader_unary_sharded_blocks_interleaved_start_id.cpp'],['writer_unary_sharded/1312765632675731241/'; 'reader_unary_sharded_blocks_interleaved_start_id/14325924854674945759/'],13621697827324169785,False,424,916,0,0,0,0,0,0,0,1,1,1,[],[],0.0,,,,,,,81737
MatmulDeviceOperation,tt_dnn_device,64515,3,blackhole,"{'bcast_batch': 'true'; 'compute_kernel_config': 'ComputeKernelConfig(math_fidelity=LoFi;math_approx_mode=0;fp32_dest_acc_en=0;packer_l1_acc=1;dst_full_sync_en=0;throttle_level=ThrottleLevel::NO_THROTTLE)'; 'global_cb': 'std::nullopt'; 'output_dtype': 'DataType::BFLOAT16'; 'output_mem_config': 'MemoryConfig(memory_layout=TensorMemoryLayout::WIDTH_SHARDED;buffer_type=BufferType::L1;shard_spec=ShardSpec{grid=[{""start"":{""x"":0;""y"":0};""end"":{""x"":3;""y"":0}]; shape=[32; 1056]; orientation=ShardOrientation::ROW_MAJOR};nd_shard_spec=std::nullopt;created_with_nd_shard_spec=0)'; 'output_tile': 'Tile(tile_shape={32; 32};face_shape={16; 16};num_faces=4)'; 'program_config': 'MatmulMultiCoreReuseMultiCastDRAMShardedProgramConfig(in0_block_w=11;per_core_M=1;per_core_N=33;fused_activation=std::nullopt)'; 'sub_device_id': 'std::nullopt'; 'transpose_a': 'false'; 'transpose_b': 'false'; 'untilize_out': 'false'; 'user_core_coord': 'std::nullopt'; 'user_fused_activation': 'std::nullopt'; 'user_run_batched': 'false'}",LoFi,110,110,,,19193324869,19193481010,156141,1331354724865,1331356414050,15050,0,1251248,1250499,,,,,440429,,,,,,,,,,,1[1],1[1],32[1],2816[2816],TILE,BFLOAT16,DEV_0_L1_WIDTH_SHARDED,1[1],1[1],2816[2816],4224[4224],TILE,BFLOAT8_B,DEV_0_DRAM_WIDTH_SHARDED,,,,,,,,,,,,,,,,,,,,,,1[1],1[1],32[1],4224[4224],TILE,BFLOAT16,DEV_0_L1_WIDTH_SHARDED,,,,,,,,,,,,,,,,,['ttnn/cpp/ttnn/operations/matmul/device/kernels/compute/bmm_large_block_zm_fused_bias_activation.cpp'],['bmm_large_block_zm_fused_bias_activation/8946437148511735552/'],['ttnn/cpp/ttnn/operations/matmul/device/kernels/dataflow/reader_bmm_tile_layout_in1_sender_dram_sharded.cpp'; 'ttnn/cpp/ttnn/operations/matmul/device/kernels/dataflow/reader_bmm_tile_layout_in0_sender_dram_sharded.cpp'],['reader_bmm_tile_layout_in1_sender_dram_sharded/16771449201945729680/'; 'reader_bmm_tile_layout_in0_sender_dram_sharded/14408043199888256249/'],17567899898713860746,False,1808,1812,2372,2520,3248,0,0,0,0,21636,40,21636,[8.32982063293457; 549.7681884765625],[12.494730949401855],0.003,,,,,,,156141
ShardedToInterleavedDeviceOperation,tt_dnn_device,65539,3,blackhole,{'num_slices': '1'; 'output_dtype': 'DataType::BFLOAT16'; 'output_mem_config': 'MemoryConfig(memory_layout=TensorMemoryLayout::INTERLEAVED;buffer_type=BufferType::DRAM;shard_spec=std::nullopt;nd_shard_spec=std::nullopt;created_with_nd_shard_spec=0)'; 'slice_index': '0'},,110,110,,,19193821765,19193881190,59425,1331356434003,1331358121517,15521,0,1250010,1249269,,,,,440507,,,,,,,,,,,1[1],1[1],32[1],4224[4224],TILE,BFLOAT16,DEV_0_L1_WIDTH_SHARDED,,,,,,,,,,,,,,,,,,,,,,,,,,,,,1[1],1[1],32[1],4224[4224],TILE,BFLOAT16,DEV_0_DRAM_INTERLEAVED,,,,,,,,,,,,,,,,,[],[],['ttnn/cpp/ttnn/operations/data_movement/sharded/device/kernels/dataflow/writer_unary_sharded_blocks_interleaved_start_id.cpp'; 'ttnn/cpp/ttnn/operations/eltwise/unary/device/kernels/dataflow/reader_unary_sharded.cpp'],['writer_unary_sharded_blocks_interleaved_start_id/13487665984632740814/'; 'reader_unary_sharded/8068229797266538021/'],5242562209847414965,False,920,440,0,0,0,0,0,0,0,1,1,1,[],[],0.0,,,,,,,59425
SliceDeviceOperation,tt_dnn_device,66563,3,blackhole,{'num_devices': 'std::nullopt'; 'output_mem_config': 'MemoryConfig(memory_layout=TensorMemoryLayout::INTERLEAVED;buffer_type=BufferType::DRAM;shard_spec=std::nullopt;nd_shard_spec=std::nullopt;created_with_nd_shard_spec=0)'; 'slice_dim': 'std::nullopt'; 'slice_end': 'Shape([1; 1; 32; 2112])'; 'slice_start': 'Shape([0; 0; 0; 0])'; 'step': 'Shape([1; 1; 1; 1])'; 'sub_core_grids': 'std::nullopt'; 'use_tensor_args': 'false'},,110,110,,,19194283564,19194351775,68211,1331358141533,1331359834088,15558,0,1253744,1253011,,,,,441213,,,,,,,,,,,1[1],1[1],32[1],4224[4224],TILE,BFLOAT16,DEV_0_DRAM_INTERLEAVED,,,,,,,,,,,,,,,,,,,,,,,,,,,,,1[1],1[1],32[32],2112[2112],TILE,BFLOAT16,DEV_0_DRAM_INTERLEAVED,,,,,,,,,,,,,,,,,[],[],['ttnn/cpp/ttnn/operations/data_movement/slice/device/kernels/dataflow/writer_unary_interleaved_start_id.cpp'; 'ttnn/cpp/ttnn/operations/data_movement/slice/device/kernels/dataflow/reader_unary_unpad_dims_interleaved_start_id.cpp'],['writer_unary_interleaved_start_id/11636834385307692413/'; 'reader_unary_unpad_dims_interleaved_start_id/9202421768308898271/'],10613616057533220814,False,724,756,0,0,0,0,0,0,0,800,800,491,[337.9200134277344],[168.9600067138672],0.064,,,,,,,68211
SliceDeviceOperation,tt_dnn_device,67587,3,blackhole,{'num_devices': 'std::nullopt'; 'output_mem_config': 'MemoryConfig(memory_layout=TensorMemoryLayout::INTERLEAVED;buffer_type=BufferType::DRAM;shard_spec=std::nullopt;nd_shard_spec=std::nullopt;created_with_nd_shard_spec=0)'; 'slice_dim': 'std::nullopt'; 'slice_end': 'Shape([1; 1; 32; 4224])'; 'slice_start': 'Shape([0; 0; 0; 2112])'; 'step': 'Shape([1; 1; 1; 1])'; 'sub_core_grids': 'std::nullopt'; 'use_tensor_args': 'false'},,110,110,,,19194702981,19194761474,58493,1331359852878,1331361542479,14667,0,1251556,1250807,,,,,440399,,,,,,,,,,,1[1],1[1],32[1],4224[4224],TILE,BFLOAT16,DEV_0_DRAM_INTERLEAVED,,,,,,,,,,,,,,,,,,,,,,,,,,,,,1[1],1[1],32[32],2112[2112],TILE,BFLOAT16,DEV_0_DRAM_INTERLEAVED,,,,,,,,,,,,,,,,,[],[],['ttnn/cpp/ttnn/operations/data_movement/slice/device/kernels/dataflow/writer_unary_interleaved_start_id.cpp'; 'ttnn/cpp/ttnn/operations/data_movement/slice/device/kernels/dataflow/reader_unary_unpad_dims_interleaved_start_id.cpp'],['writer_unary_interleaved_start_id/11636834385307692413/'; 'reader_unary_unpad_dims_interleaved_start_id/9202421768308898271/'],15898878185957064784,False,724,756,0,0,0,0,0,0,0,800,800,491,[337.9200134277344],[168.9600067138672],0.064,,,,,,,58493
UnaryDeviceOperation,tt_dnn_device,68611,3,blackhole,{'bfp8_pack_precise': 'false'; 'fp32_dest_acc_en': 'false'; 'memory_config': 'MemoryConfig(memory_layout=TensorMemoryLayout::INTERLEAVED;buffer_type=BufferType::DRAM;shard_spec=std::nullopt;nd_shard_spec=std::nullopt;created_with_nd_shard_spec=0)'; 'op_chain': '{BasicUnaryWithParam<float; int; unsigned int>(base=BasicUnaryWithParam<float>(op_type=UnaryOpType::GELU;param={1}))}'; 'output_dtype': 'DataType::BFLOAT16'; 'preserve_fp32_precision': 'false'; 'sub_core_grids': 'std::nullopt'; 'worker_grid': '{[0-0 - 10-9]}'},HiFi4,110,110,,,19200541998,19200640628,98630,1331361561442,1331363249085,14818,0,1250106,1249331,,,,,440047,,,,,,,,,,,1[1],1[1],32[1],2112[2112],TILE,BFLOAT16,DEV_0_DRAM_INTERLEAVED,,,,,,,,,,,,,,,,,,,,,,,,,,,,,1[1],1[1],32[1],2112[2112],TILE,BFLOAT16,DEV_0_DRAM_INTERLEAVED,,,,,,,,,,,,,,,,,['ttnn/cpp/ttnn/operations/eltwise/unary/device/kernels/compute/eltwise_sfpu.cpp'],['eltwise_sfpu/8713962701503485305/'],['ttnn/cpp/ttnn/operations/eltwise/unary/device/kernels/dataflow/writer_unary.cpp'; 'ttnn/cpp/ttnn/operations/eltwise/unary/device/kernels/dataflow/reader_unary.cpp'],['writer_unary/6727041094966912490/'; 'reader_unary/17265166635609170697/'],9301122104287935342,False,1036,960,1088,1128,1288,0,0,0,0,1,1,1,[],[],0.0,,,,,,,98630
BinaryNgDeviceOperation,tt_dnn_device,69635,3,blackhole,{'atol': '0'; 'binary_op_type': 'BinaryOpType::MUL'; 'compute_kernel_config': 'std::nullopt'; 'dtype': 'DataType::BFLOAT16'; 'equal_nan': 'false'; 'input_dtype': 'DataType::BFLOAT16'; 'input_layout_a': 'Layout::TILE'; 'input_layout_b': 'Layout::TILE'; 'is_quant_op': 'false'; 'is_sfpu': 'true'; 'is_where_op': 'false'; 'lhs_activations': '{}'; 'memory_config': 'MemoryConfig(memory_layout=TensorMemoryLayout::INTERLEAVED;buffer_type=BufferType::DRAM;shard_spec=std::nullopt;nd_shard_spec=std::nullopt;created_with_nd_shard_spec=0)'; 'output_layout': 'Layout::TILE'; 'post_activations': '{}'; 'rhs_activations': '{}'; 'rtol': '0'; 'scalar': 'std::nullopt'; 'sub_core_grids': 'std::nullopt'; 'sub_device_id': 'std::nullopt'; 'subtile_broadcast_type': 'SubtileBroadcastType::NONE'; 'worker_grid': '{[0-0 - 10-9]}'},HiFi4,110,110,,,19205430175,19205522944,92769,1331363267859,1331364956498,14658,0,1250844,1250097,,,,,439288,,,,,,,,,,,1[1],1[1],32[1],2112[2112],TILE,BFLOAT16,DEV_0_DRAM_INTERLEAVED,1[1],1[1],32[1],2112[2112],TILE,BFLOAT16,DEV_0_DRAM_INTERLEAVED,,,,,,,,,,,,,,,,,,,,,,1[1],1[1],32[1],2112[2112],TILE,BFLOAT16,DEV_0_DRAM_INTERLEAVED,,,,,,,,,,,,,,,,,['ttnn/cpp/ttnn/operations/eltwise/binary_ng/device/kernels/compute/eltwise_binary_sfpu_no_bcast.cpp'],['eltwise_binary_sfpu_no_bcast/15899331738743657480/'],['ttnn/cpp/ttnn/operations/eltwise/binary_ng/device/kernels_ng/dataflow/writer_interleaved_no_bcast.cpp'; 'ttnn/cpp/ttnn/operations/eltwise/binary_ng/device/kernels_ng/dataflow/reader_interleaved_no_bcast.cpp'],['writer_interleaved_no_bcast/6660480933297534133/'; 'reader_interleaved_no_bcast/10340092850644497914/'],1543498124224426579,False,1160,1684,1484,1236,1320,0,0,0,0,1,1,1,[],[],0.0,,,,,,,92769
InterleavedToShardedDeviceOperation,tt_dnn_device,70659,3,blackhole,"{'keep_l1_aligned': 'false'; 'output_dtype': 'DataType::BFLOAT16'; 'output_mem_config': 'MemoryConfig(memory_layout=TensorMemoryLayout::WIDTH_SHARDED;buffer_type=BufferType::L1;shard_spec=ShardSpec{grid=[{""start"":{""x"":0;""y"":0};""end"":{""x"":1;""y"":0}]; shape=[32; 1056]; orientation=ShardOrientation::ROW_MAJOR};nd_shard_spec=std::nullopt;created_with_nd_shard_spec=0)'}",,110,110,,,19431865386,19431958516,93130,1331364975179,1331366663040,14582,0,1250267,1249524,,,,,439063,,,,,,,,,,,1[1],1[1],32[1],2112[2112],TILE,BFLOAT16,DEV_0_DRAM_INTERLEAVED,,,,,,,,,,,,,,,,,,,,,,,,,,,,,1[1],1[1],32[1],2112[2112],TILE,BFLOAT16,DEV_0_L1_WIDTH_SHARDED,,,,,,,,,,,,,,,,,[],[],['ttnn/cpp/ttnn/operations/data_movement/sharded/device/kernels/dataflow/writer_unary_sharded.cpp'; 'ttnn/cpp/ttnn/operations/data_movement/sharded/device/kernels/dataflow/reader_unary_sharded_blocks_interleaved_start_id.cpp'],['writer_unary_sharded/1312765632675731241/'; 'reader_unary_sharded_blocks_interleaved_start_id/13670141542079466419/'],3512106431502706671,False,424,916,0,0,0,0,0,0,0,1,1,1,[],[],0.0,,,,,,,93130
MatmulDeviceOperation,tt_dnn_device,71683,3,blackhole,"{'bcast_batch': 'true'; 'compute_kernel_config': 'ComputeKernelConfig(math_fidelity=LoFi;math_approx_mode=0;fp32_dest_acc_en=0;packer_l1_acc=1;dst_full_sync_en=0;throttle_level=ThrottleLevel::NO_THROTTLE)'; 'global_cb': 'std::nullopt'; 'output_dtype': 'DataType::BFLOAT16'; 'output_mem_config': 'MemoryConfig(memory_layout=TensorMemoryLayout::WIDTH_SHARDED;buffer_type=BufferType::L1;shard_spec=ShardSpec{grid=[{""start"":{""x"":0;""y"":0};""end"":{""x"":1;""y"":0}]; shape=[32; 1408]; orientation=ShardOrientation::ROW_MAJOR};nd_shard_spec=std::nullopt;created_with_nd_shard_spec=0)'; 'output_tile': 'Tile(tile_shape={32; 32};face_shape={16; 16};num_faces=4)'; 'program_config': 'MatmulMultiCoreReuseMultiCastDRAMShardedProgramConfig(in0_block_w=11;per_core_M=1;per_core_N=44;fused_activation=std::nullopt)'; 'sub_device_id': 'std::nullopt'; 'transpose_a': 'false'; 'transpose_b': 'false'; 'untilize_out': 'false'; 'user_core_coord': 'std::nullopt'; 'user_fused_activation': 'std::nullopt'; 'user_run_batched': 'false'}",LoFi,110,110,,,19808232212,19808351111,118899,1331366682139,1331368372152,14900,0,1251861,1251106,,,,,440254,,,,,,,,,,,1[1],1[1],32[1],2112[2112],TILE,BFLOAT16,DEV_0_L1_WIDTH_SHARDED,1[1],1[1],2112[2112],2816[2816],TILE,BFLOAT8_B,DEV_0_DRAM_WIDTH_SHARDED,,,,,,,,,,,,,,,,,,,,,,1[1],1[1],32[1],2816[2816],TILE,BFLOAT16,DEV_0_L1_WIDTH_SHARDED,,,,,,,,,,,,,,,,,['ttnn/cpp/ttnn/operations/matmul/device/kernels/compute/bmm_large_block_zm_fused_bias_activation.cpp'],['bmm_large_block_zm_fused_bias_activation/14852614310374206814/'],['ttnn/cpp/ttnn/operations/matmul/device/kernels/dataflow/reader_bmm_tile_layout_in1_sender_dram_sharded.cpp'; 'ttnn/cpp/ttnn/operations/matmul/device/kernels/dataflow/reader_bmm_tile_layout_in0_sender_dram_sharded.cpp'],['reader_bmm_tile_layout_in1_sender_dram_sharded/11091203327363701071/'; 'reader_bmm_tile_layout_in0_sender_dram_sharded/12180777462468800426/'],215851181377534448,False,1800,1812,2360,2464,3268,0,0,0,0,10818,20,10818,[12.494730949401855; 549.7681884765625],[16.65964126586914],0.002,,,,,,,118899
ShardedToInterleavedDeviceOperation,tt_dnn_device,72707,3,blackhole,{'num_slices': '1'; 'output_dtype': 'DataType::BFLOAT16'; 'output_mem_config': 'MemoryConfig(memory_layout=TensorMemoryLayout::INTERLEAVED;buffer_type=BufferType::DRAM;shard_spec=std::nullopt;nd_shard_spec=std::nullopt;created_with_nd_shard_spec=0)'; 'slice_index': '0'},,110,110,,,19808654625,19808697658,43033,1331368390798,1331370079496,14579,0,1250887,1250123,,,,,440089,,,,,,,,,,,1[1],1[1],32[1],2816[2816],TILE,BFLOAT16,DEV_0_L1_WIDTH_SHARDED,,,,,,,,,,,,,,,,,,,,,,,,,,,,,1[1],1[1],32[1],2816[2816],TILE,BFLOAT16,DEV_0_DRAM_INTERLEAVED,,,,,,,,,,,,,,,,,[],[],['ttnn/cpp/ttnn/operations/data_movement/sharded/device/kernels/dataflow/writer_unary_sharded_blocks_interleaved_start_id.cpp'; 'ttnn/cpp/ttnn/operations/eltwise/unary/device/kernels/dataflow/reader_unary_sharded.cpp'],['writer_unary_sharded_blocks_interleaved_start_id/13487665984632740814/'; 'reader_unary_sharded/8068229797266538021/'],6654788177544558405,False,920,440,0,0,0,0,0,0,0,1,1,1,[],[],0.0,,,,,,,43033
LayerNormDeviceOperation,tt_dnn_device,73731,3,blackhole,{'compute_kernel_config': 'ComputeKernelConfig(math_fidelity=HiFi4;math_approx_mode=0;fp32_dest_acc_en=1;packer_l1_acc=0;dst_full_sync_en=0;throttle_level=ThrottleLevel::NO_THROTTLE)'; 'distributed_norm_stage': 'DistributedLayerNormStage::NOT_DISTRIBUTED'; 'dtype': 'std::nullopt'; 'eps': '1e-06'; 'fused_activation': 'std::nullopt'; 'norm_type': 'LayerNormType::RMSNORM'; 'output_mem_config': 'MemoryConfig(memory_layout=TensorMemoryLayout::INTERLEAVED;buffer_type=BufferType::DRAM;shard_spec=std::nullopt;nd_shard_spec=std::nullopt;created_with_nd_shard_spec=0)'; 'program_config': 'LayerNormDefaultProgramConfig(legacy_reduction=0;legacy_rsqrt=0;use_welford=0)'},HiFi4,110,110,,,19808808892,19808814914,6022,1331370097992,1331371788378,14482,0,1252138,1251352,,,,,440416,,,,,,,,,,,1[1],1[1],32[1],2816[2816],TILE,BFLOAT16,DEV_0_DRAM_INTERLEAVED,1[1],1[1],32[1],2816[2816],TILE,BFLOAT16,DEV_0_DRAM_INTERLEAVED,,,,,,,,,,,,,,,,,,,,,,1[1],1[1],32[1],2816[2816],TILE,BFLOAT16,DEV_0_DRAM_INTERLEAVED,,,,,,,,,,,,,,,,,['ttnn/cpp/ttnn/operations/normalization/layernorm/device/kernels/compute/layernorm.cpp'],['layernorm/14183512734866135947/'],['ttnn/cpp/ttnn/operations/normalization/layernorm/device/kernels/dataflow/writer_unary_interleaved_start_id_blocked.cpp'; 'ttnn/cpp/ttnn/operations/normalization/layernorm/device/kernels/dataflow/reader_unary_interleaved_ln.cpp'],['writer_unary_interleaved_start_id_blocked/9368183165344307478/'; 'reader_unary_interleaved_ln/8993227705683819751/'],5622200613246340018,False,852,1724,3664,2904,3384,0,0,0,0,1,1,1,[],[],0.0,,,,,,,6022
LayerNormDeviceOperation,tt_dnn_device,74755,3,blackhole,{'compute_kernel_config': 'ComputeKernelConfig(math_fidelity=HiFi4;math_approx_mode=0;fp32_dest_acc_en=1;packer_l1_acc=0;dst_full_sync_en=0;throttle_level=ThrottleLevel::NO_THROTTLE)'; 'distributed_norm_stage': 'DistributedLayerNormStage::NOT_DISTRIBUTED'; 'dtype': 'std::nullopt'; 'eps': '1e-06'; 'fused_activation': 'std::nullopt'; 'norm_type': 'LayerNormType::RMSNORM'; 'output_mem_config': 'MemoryConfig(memory_layout=TensorMemoryLayout::INTERLEAVED;buffer_type=BufferType::DRAM;shard_spec=std::nullopt;nd_shard_spec=std::nullopt;created_with_nd_shard_spec=0)'; 'program_config': 'LayerNormDefaultProgramConfig(legacy_reduction=0;legacy_rsqrt=0;use_welford=0)'},HiFi4,110,110,,,19812960261,19813023152,62891,1331371806598,1331373494538,14258,0,1250326,1249566,,,,,439863,,,,,,,,,,,1[1],1[1],32[1],2816[2816],TILE,BFLOAT16,DEV_0_DRAM_INTERLEAVED,,,,,,,,,,,,,,,,,,,,,,,,,,,,,1[1],1[1],32[1],2816[2816],TILE,BFLOAT16,DEV_0_DRAM_INTERLEAVED,,,,,,,,,,,,,,,,,['ttnn/cpp/ttnn/operations/normalization/layernorm/device/kernels/compute/layernorm.cpp'],['layernorm/16397661127939007520/'],['ttnn/cpp/ttnn/operations/normalization/layernorm/device/kernels/dataflow/writer_unary_interleaved_start_id_blocked.cpp'; 'ttnn/cpp/ttnn/operations/normalization/layernorm/device/kernels/dataflow/reader_unary_interleaved_ln.cpp'],['writer_unary_interleaved_start_id_blocked/2340364737112479010/'; 'reader_unary_interleaved_ln/11514513040420193734/'],4717931392193969438,False,852,1272,3116,2580,3080,0,0,0,0,1,1,1,[],[],0.0,,,,,,,62891
BinaryNgDeviceOperation,tt_dnn_device,75779,3,blackhole,{'atol': '0'; 'binary_op_type': 'BinaryOpType::MUL'; 'compute_kernel_config': 'std::nullopt'; 'dtype': 'DataType::BFLOAT16'; 'equal_nan': 'false'; 'input_dtype': 'DataType::BFLOAT16'; 'input_layout_a': 'Layout::TILE'; 'input_layout_b': 'Layout::TILE'; 'is_quant_op': 'false'; 'is_sfpu': 'true'; 'is_where_op': 'false'; 'lhs_activations': '{}'; 'memory_config': 'MemoryConfig(memory_layout=TensorMemoryLayout::INTERLEAVED;buffer_type=BufferType::DRAM;shard_spec=std::nullopt;nd_shard_spec=std::nullopt;created_with_nd_shard_spec=0)'; 'output_layout': 'Layout::TILE'; 'post_activations': '{}'; 'rhs_activations': '{}'; 'rtol': '0'; 'scalar': 'std::nullopt'; 'sub_core_grids': 'std::nullopt'; 'sub_device_id': 'std::nullopt'; 'subtile_broadcast_type': 'SubtileBroadcastType::NONE'; 'worker_grid': '{[0-0 - 10-9]}'},HiFi4,110,110,,,19817553521,19817678541,125020,1331373513389,1331375199831,14748,0,1249216,1248433,,,,,439917,,,,,,,,,,,1[1],1[1],32[1],2816[2816],TILE,BFLOAT16,DEV_0_DRAM_INTERLEAVED,1[1],1[1],32[1],2816[2816],TILE,FLOAT32,DEV_0_DRAM_INTERLEAVED,,,,,,,,,,,,,,,,,,,,,,1[1],1[1],32[1],2816[2816],TILE,BFLOAT16,DEV_0_DRAM_INTERLEAVED,,,,,,,,,,,,,,,,,['ttnn/cpp/ttnn/operations/eltwise/binary_ng/device/kernels/compute/eltwise_binary_sfpu_no_bcast.cpp'],['eltwise_binary_sfpu_no_bcast/17467670188580810589/'],['ttnn/cpp/ttnn/operations/eltwise/binary_ng/device/kernels_ng/dataflow/writer_interleaved_no_bcast.cpp'; 'ttnn/cpp/ttnn/operations/eltwise/binary_ng/device/kernels_ng/dataflow/reader_interleaved_no_bcast.cpp'],['writer_interleaved_no_bcast/3626877997997158352/'; 'reader_interleaved_no_bcast/14041131154862028434/'],10603765315767193575,False,1160,1692,1924,1472,1320,0,0,0,0,1,1,1,[],[],0.0,,,,,,,125020
BinaryNgDeviceOperation,tt_dnn_device,76803,3,blackhole,{'atol': '0'; 'binary_op_type': 'BinaryOpType::MUL'; 'compute_kernel_config': 'std::nullopt'; 'dtype': 'DataType::BFLOAT16'; 'equal_nan': 'false'; 'input_dtype': 'DataType::BFLOAT16'; 'input_layout_a': 'Layout::TILE'; 'input_layout_b': 'Layout::INVALID'; 'is_quant_op': 'false'; 'is_sfpu': 'true'; 'is_where_op': 'false'; 'lhs_activations': '{}'; 'memory_config': 'MemoryConfig(memory_layout=TensorMemoryLayout::INTERLEAVED;buffer_type=BufferType::DRAM;shard_spec=std::nullopt;nd_shard_spec=std::nullopt;created_with_nd_shard_spec=0)'; 'output_layout': 'Layout::TILE'; 'post_activations': '{}'; 'rhs_activations': '{}'; 'rtol': '0'; 'scalar': '0.01884446'; 'sub_core_grids': 'std::nullopt'; 'sub_device_id': 'std::nullopt'; 'subtile_broadcast_type': 'SubtileBroadcastType::NONE'; 'worker_grid': '{[0-0 - 10-9]}'},HiFi4,110,110,,,20151727198,20151843863,116665,1331375219628,1331376910258,15433,0,1252319,1251548,,,,,440615,,,,,,,,,,,1[1],1[1],32[1],2816[2816],TILE,BFLOAT16,DEV_0_DRAM_INTERLEAVED,,,,,,,,,,,,,,,,,,,,,,,,,,,,,1[1],1[1],32[1],2816[2816],TILE,BFLOAT16,DEV_0_DRAM_INTERLEAVED,,,,,,,,,,,,,,,,,['ttnn/cpp/ttnn/operations/eltwise/binary_ng/device/kernels/compute/eltwise_binary_sfpu_scalar.cpp'],['eltwise_binary_sfpu_scalar/631389708691222584/'],['ttnn/cpp/ttnn/operations/eltwise/binary_ng/device/kernels/dataflow/writer_interleaved_scalar.cpp'; 'ttnn/cpp/ttnn/operations/eltwise/binary_ng/device/kernels/dataflow/reader_interleaved_no_bcast.cpp'],['writer_interleaved_scalar/11984002061626750878/'; 'reader_interleaved_no_bcast/12345433434086119013/'],931668613241627614,False,1268,1284,1524,1236,1320,0,0,0,0,1,1,1,[],[],0.0,,,,,,,116665
TypecastDeviceOperation,tt_dnn_device,77827,3,blackhole,{'bfp8_pack_precise': 'false'; 'fp32_dest_acc_en': 'true'; 'input_dtype': 'DataType::BFLOAT16'; 'output_dtype': 'DataType::FLOAT32'; 'output_memory_config': 'MemoryConfig(memory_layout=TensorMemoryLayout::INTERLEAVED;buffer_type=BufferType::DRAM;shard_spec=std::nullopt;nd_shard_spec=std::nullopt;created_with_nd_shard_spec=0)'; 'preserve_fp32_precision': 'false'; 'sub_core_grids': 'std::nullopt'},HiFi4,110,110,,,20151970657,20151974264,3607,1331376929297,1331378618882,14867,0,1251544,1250786,,,,,439848,,,,,,,,,,,1[1],1[1],32[1],2816[2816],TILE,BFLOAT16,DEV_0_DRAM_INTERLEAVED,,,,,,,,,,,,,,,,,,,,,,,,,,,,,1[1],1[1],32[1],2816[2816],TILE,FLOAT32,DEV_0_DRAM_INTERLEAVED,,,,,,,,,,,,,,,,,['ttnn/cpp/ttnn/operations/copy/typecast/device/kernels/compute/eltwise_typecast.cpp'],['eltwise_typecast/5784057016809913713/'],['ttnn/cpp/ttnn/operations/eltwise/unary/device/kernels/dataflow/writer_unary_interleaved_start_id.cpp'; 'ttnn/cpp/ttnn/operations/eltwise/unary/device/kernels/dataflow/reader_unary_interleaved_start_id.cpp'],['writer_unary_interleaved_start_id/15513843972119535201/'; 'reader_unary_interleaved_start_id/6203592983831675601/'],18388586434115707283,False,1032,960,1068,776,1148,0,0,0,0,1,1,1,[],[],0.0,,,,,,,3607
MatmulDeviceOperation,tt_dnn_device,78851,3,blackhole,{'bcast_batch': 'true'; 'compute_kernel_config': 'ComputeKernelConfig(math_fidelity=HiFi4;math_approx_mode=0;fp32_dest_acc_en=1;packer_l1_acc=0;dst_full_sync_en=0;throttle_level=ThrottleLevel::NO_THROTTLE)'; 'global_cb': 'std::nullopt'; 'output_dtype': 'DataType::FLOAT32'; 'output_mem_config': 'MemoryConfig(memory_layout=TensorMemoryLayout::INTERLEAVED;buffer_type=BufferType::DRAM;shard_spec=std::nullopt;nd_shard_spec=std::nullopt;created_with_nd_shard_spec=0)'; 'output_tile': 'Tile(tile_shape={32; 32};face_shape={16; 16};num_faces=4)'; 'program_config': 'MatmulMultiCoreReuseMultiCast1DProgramConfig(compute_with_storage_grid_size=11-10;in0_block_w=2;out_subblock_h=1;out_subblock_w=1;out_block_h=1;out_block_w=1;per_core_M=1;per_core_N=1;fuse_batch=0;fused_activation=std::nullopt;mcast_in0=1;gather_in0=0;hop_cores={};num_global_cb_receivers=0;untilize_out=0;allowed_worker_cores={[0-0 - 10-9]})'; 'sub_device_id': 'std::nullopt'; 'transpose_a': 'false'; 'transpose_b': 'false'; 'untilize_out': 'false'; 'user_core_coord': 'std::nullopt'; 'user_fused_activation': 'std::nullopt'; 'user_run_batched': 'false'},HiFi4,110,110,,,20157407520,20157528503,120983,1331378637158,1331380327945,14287,0,1252435,1251681,,,,,440742,,,,,,,,,,,1[1],1[1],32[1],2816[2816],TILE,FLOAT32,DEV_0_DRAM_INTERLEAVED,1[1],1[1],2816[2816],128[128],TILE,FLOAT32,DEV_0_DRAM_INTERLEAVED,,,,,,,,,,,,,,,,,,,,,,1[1],1[1],32[1],128[128],TILE,FLOAT32,DEV_0_DRAM_INTERLEAVED,,,,,,,,,,,,,,,,,['ttnn/cpp/ttnn/operations/matmul/device/kernels/compute/bmm_large_block_zm_fused_bias_activation.cpp'],['bmm_large_block_zm_fused_bias_activation/7484183066600125144/'],['ttnn/cpp/ttnn/operations/matmul/device/kernels/dataflow/reader_bmm_tile_layout_in1_sender_writer_padding.cpp'; 'ttnn/cpp/ttnn/operations/matmul/device/kernels/dataflow/reader_bmm_tile_layout_in0_receiver.cpp'; 'ttnn/cpp/ttnn/operations/matmul/device/kernels/dataflow/reader_bmm_tile_layout_in0_sender_padding.cpp'],['reader_bmm_tile_layout_in1_sender_writer_padding/350615828220266298/'; 'reader_bmm_tile_layout_in0_receiver/15045536315695198189/'; 'reader_bmm_tile_layout_in0_sender_padding/11978080568560572537/'],13293900178851067892,False,1604,1132,1892,1792,2220,0,0,0,0,2622,6,2622,[137.4706268310547; 549.8825073242188],[6.2486653327941895],0.0,,,,,,,120983
TypecastDeviceOperation,tt_dnn_device,79875,3,blackhole,{'bfp8_pack_precise': 'false'; 'fp32_dest_acc_en': 'true'; 'input_dtype': 'DataType::FLOAT32'; 'output_dtype': 'DataType::BFLOAT16'; 'output_memory_config': 'MemoryConfig(memory_layout=TensorMemoryLayout::INTERLEAVED;buffer_type=BufferType::DRAM;shard_spec=std::nullopt;nd_shard_spec=std::nullopt;created_with_nd_shard_spec=0)'; 'preserve_fp32_precision': 'true'; 'sub_core_grids': 'std::nullopt'},HiFi4,110,110,,,20161700301,20161766158,65857,1331380346214,1331382037981,14276,0,1253161,1252418,,,,,440167,,,,,,,,,,,1[1],1[1],32[1],128[128],TILE,FLOAT32,DEV_0_DRAM_INTERLEAVED,,,,,,,,,,,,,,,,,,,,,,,,,,,,,1[1],1[1],32[1],128[128],TILE,BFLOAT16,DEV_0_DRAM_INTERLEAVED,,,,,,,,,,,,,,,,,['ttnn/cpp/ttnn/operations/copy/typecast/device/kernels/compute/eltwise_typecast.cpp'],['eltwise_typecast/3893600203705945338/'],['ttnn/cpp/ttnn/operations/eltwise/unary/device/kernels/dataflow/writer_unary_interleaved_start_id.cpp'; 'ttnn/cpp/ttnn/operations/eltwise/unary/device/kernels/dataflow/reader_unary_interleaved_start_id.cpp'],['writer_unary_interleaved_start_id/650966700799352550/'; 'reader_unary_interleaved_start_id/15747539729186213251/'],11488784257729361333,False,1036,956,1344,964,1152,0,0,0,0,1,1,1,[],[],0.0,,,,,,,65857
FillPadDeviceOperation,tt_dnn_device,80899,3,blackhole,{'fill_value': '-inf'; 'output_mem_config': 'MemoryConfig(memory_layout=TensorMemoryLayout::INTERLEAVED;buffer_type=BufferType::DRAM;shard_spec=std::nullopt;nd_shard_spec=std::nullopt;created_with_nd_shard_spec=0)'},HiFi4,110,110,,,20165963365,20166011528,48163,1331382056575,1331383746381,14529,0,1251708,1250953,,,,,441065,,,,,,,,,,,1[1],1[1],32[1],128[128],TILE,BFLOAT16,DEV_0_DRAM_INTERLEAVED,,,,,,,,,,,,,,,,,,,,,,,,,,,,,1[1],1[1],32[1],128[128],TILE,BFLOAT16,DEV_0_DRAM_INTERLEAVED,,,,,,,,,,,,,,,,,['ttnn/cpp/ttnn/operations/data_movement/fill_pad/device/kernels/compute/fill_pad_compute.cpp'],['fill_pad_compute/13279946869320125687/'],['ttnn/cpp/ttnn/operations/data_movement/fill_pad/device/kernels/dataflow/fill_pad_writer.cpp'; 'ttnn/cpp/ttnn/operations/data_movement/fill_pad/device/kernels/dataflow/fill_pad_reader.cpp'],['fill_pad_writer/17649201773943738265/'; 'fill_pad_reader/9688159775067442931/'],13832910413183836699,False,996,740,1556,1464,1356,0,0,0,0,1,1,1,[],[],0.0,,,,,,,48163
TopKDeviceOperation,tt_dnn_device,81923,3,blackhole,{'dim': '-1'; 'k': '32'; 'largest': 'true'; 'output_memory_config': 'MemoryConfig(memory_layout=TensorMemoryLayout::INTERLEAVED;buffer_type=BufferType::DRAM;shard_spec=std::nullopt;nd_shard_spec=std::nullopt;created_with_nd_shard_spec=0)'; 'sorted': 'true'; 'sub_core_grids': '{[0-0 - 10-9]}'},HiFi4,110,110,,,20170428939,20170482722,53783,1331383768731,1331385458147,17319,0,1251419,1250660,,,,,440153,,,,,,,,,,,1[1],1[1],32[1],128[128],TILE,BFLOAT16,DEV_0_DRAM_INTERLEAVED,,,,,,,,,,,,,,,,,,,,,,,,,,,,,1[1],1[1],32[1],32[32],TILE,BFLOAT16,DEV_0_DRAM_INTERLEAVED,1[1],1[1],32[1],32[32],TILE,UINT16,DEV_0_DRAM_INTERLEAVED,,,,,,,,,,['ttnn/cpp/ttnn/operations/reduction/topk/device/kernels/compute/topk.cpp'],['topk/7678025515268328793/'],['ttnn/cpp/ttnn/operations/reduction/topk/device/kernels/dataflow/writer_binary_interleaved.cpp'; 'ttnn/cpp/ttnn/operations/reduction/topk/device/kernels/dataflow/reader_create_index_tensor.cpp'],['writer_binary_interleaved/14521962351613143443/'; 'reader_create_index_tensor/12533983137519299642/'],4970718084269396396,False,952,984,6560,5464,4608,0,0,0,0,1,1,1,[],[],0.0,,,,,,,53783
SliceDeviceOperation,tt_dnn_device,82947,3,blackhole,{'num_devices': 'std::nullopt'; 'output_mem_config': 'MemoryConfig(memory_layout=TensorMemoryLayout::INTERLEAVED;buffer_type=BufferType::DRAM;shard_spec=std::nullopt;nd_shard_spec=std::nullopt;created_with_nd_shard_spec=0)'; 'slice_dim': 'std::nullopt'; 'slice_end': 'Shape([1; 1; 32; 32])'; 'slice_start': 'Shape([0; 0; 0; 0])'; 'step': 'Shape([1; 1; 1; 1])'; 'sub_core_grids': 'std::nullopt'; 'use_tensor_args': 'false'},,110,110,,,20170665223,20170722824,57601,1331385477221,1331387167417,14887,0,1251997,1251239,,,,,440599,,,,,,,,,,,1[1],1[1],32[1],32[32],TILE,BFLOAT16,DEV_0_DRAM_INTERLEAVED,,,,,,,,,,,,,,,,,,,,,,,,,,,,,1[1],1[1],32[32],32[32],TILE,BFLOAT16,DEV_0_DRAM_INTERLEAVED,,,,,,,,,,,,,,,,,[],[],['ttnn/cpp/ttnn/operations/data_movement/slice/device/kernels/dataflow/writer_unary_interleaved_start_id.cpp'; 'ttnn/cpp/ttnn/operations/data_movement/slice/device/kernels/dataflow/reader_unary_unpad_dims_interleaved_start_id.cpp'],['writer_unary_interleaved_start_id/11636834385307692413/'; 'reader_unary_unpad_dims_interleaved_start_id/9202421768308898271/'],6229401578558839682,False,724,756,0,0,0,0,0,0,0,429,429,3,[4.773892879486084],[4.773892879486084],0.034,,,,,,,57601
SliceDeviceOperation,tt_dnn_device,83971,3,blackhole,{'num_devices': 'std::nullopt'; 'output_mem_config': 'MemoryConfig(memory_layout=TensorMemoryLayout::INTERLEAVED;buffer_type=BufferType::DRAM;shard_spec=std::nullopt;nd_shard_spec=std::nullopt;created_with_nd_shard_spec=0)'; 'slice_dim': 'std::nullopt'; 'slice_end': 'Shape([1; 1; 32; 32])'; 'slice_start': 'Shape([0; 0; 0; 0])'; 'step': 'Shape([1; 1; 1; 1])'; 'sub_core_grids': 'std::nullopt'; 'use_tensor_args': 'false'},,110,110,,,20172553016,20172604816,51800,1331387187213,1331388875988,15430,0,1250944,1250175,,,,,440587,,,,,,,,,,,1[1],1[1],32[1],32[32],TILE,UINT16,DEV_0_DRAM_INTERLEAVED,,,,,,,,,,,,,,,,,,,,,,,,,,,,,1[1],1[1],32[32],32[32],TILE,UINT16,DEV_0_DRAM_INTERLEAVED,,,,,,,,,,,,,,,,,[],[],['ttnn/cpp/ttnn/operations/data_movement/slice/device/kernels/dataflow/writer_unary_interleaved_start_id.cpp'; 'ttnn/cpp/ttnn/operations/data_movement/slice/device/kernels/dataflow/reader_unary_unpad_dims_interleaved_start_id.cpp'],['writer_unary_interleaved_start_id/16299594769213632963/'; 'reader_unary_unpad_dims_interleaved_start_id/13710815317102715211/'],4769391882251065572,False,724,756,0,0,0,0,0,0,0,429,429,3,[4.773892879486084],[4.773892879486084],0.034,,,,,,,51800
SoftmaxDeviceOperation,tt_dnn_device,84995,3,blackhole,{'compute_kernel_config': 'ComputeKernelConfig(math_fidelity=HiFi4;math_approx_mode=1;fp32_dest_acc_en=0;packer_l1_acc=0;dst_full_sync_en=0;throttle_level=ThrottleLevel::NO_THROTTLE)'; 'dim': '3'; 'inplace': 'false'; 'is_causal_mask': 'false'; 'is_scale_causal_mask_hw_dims_softmax': 'false'; 'numeric_stable': 'true'; 'output_mem_config': 'MemoryConfig(memory_layout=TensorMemoryLayout::INTERLEAVED;buffer_type=BufferType::DRAM;shard_spec=std::nullopt;nd_shard_spec=std::nullopt;created_with_nd_shard_spec=0)'; 'program_config': 'SoftmaxDefaultProgramConfig()'; 'scale': 'std::nullopt'; 'softmax_type': 'SoftmaxOperationType::Softmax'},HiFi4,110,110,,,20177302336,20177374445,72109,1331388895153,1331390582840,14945,0,1250139,1249390,,,,,439648,,,,,,,,,,,1[1],1[1],32[1],32[8],TILE,BFLOAT16,DEV_0_DRAM_INTERLEAVED,,,,,,,,,,,,,,,,,,,,,,,,,,,,,1[1],1[1],32[1],32[8],TILE,BFLOAT16,DEV_0_DRAM_INTERLEAVED,,,,,,,,,,,,,,,,,['ttnn/cpp/ttnn/operations/normalization/softmax/device/kernels/attention/compute/softmax.cpp'],['softmax/1437476915046532579/'],['ttnn/cpp/ttnn/operations/normalization/softmax/device/kernels/attention/dataflow/writer_unary_interleaved_start_id_blocked_sm.cpp'; 'ttnn/cpp/ttnn/operations/normalization/softmax/device/kernels/attention/dataflow/reader_unary_interleaved_sm.cpp'],['writer_unary_interleaved_start_id_blocked_sm/1234788580391468173/'; 'reader_unary_interleaved_sm/6086497840872620973/'],2140592982607737905,False,1160,1364,5088,4128,3724,0,0,0,0,466,466,3,[4.39484977722168],[4.39484977722168],0.037,,,,,,,72109
UnaryDeviceOperation,tt_dnn_device,86019,3,blackhole,{'bfp8_pack_precise': 'false'; 'fp32_dest_acc_en': 'false'; 'memory_config': 'MemoryConfig(memory_layout=TensorMemoryLayout::INTERLEAVED;buffer_type=BufferType::DRAM;shard_spec=std::nullopt;nd_shard_spec=std::nullopt;created_with_nd_shard_spec=0)'; 'op_chain': '{BasicUnaryWithParam<float; int; unsigned int>(base=BasicUnaryWithParam<float>(op_type=UnaryOpType::FILL;param={0}))}'; 'output_dtype': 'DataType::BFLOAT16'; 'preserve_fp32_precision': 'false'; 'sub_core_grids': 'std::nullopt'; 'worker_grid': '{[0-0 - 10-9]}'},HiFi4,110,110,,,20180503066,20180576217,73151,1331390601783,1331392288579,14753,0,1249479,1248757,,,,,439376,,,,,,,,,,,1[1],1[1],32[1],128[128],TILE,BFLOAT16,DEV_0_DRAM_INTERLEAVED,,,,,,,,,,,,,,,,,,,,,,,,,,,,,1[1],1[1],32[1],128[128],TILE,BFLOAT16,DEV_0_DRAM_INTERLEAVED,,,,,,,,,,,,,,,,,['ttnn/cpp/ttnn/operations/eltwise/unary/device/kernels/compute/eltwise_sfpu.cpp'],['eltwise_sfpu/1895838372005134204/'],['ttnn/cpp/ttnn/operations/eltwise/unary/device/kernels/dataflow/writer_unary.cpp'; 'ttnn/cpp/ttnn/operations/eltwise/unary/device/kernels/dataflow/reader_unary.cpp'],['writer_unary/6727041094966912490/'; 'reader_unary/17265166635609170697/'],17376454958624202605,False,1036,960,1088,892,1288,0,0,0,0,1,1,1,[],[],0.0,,,,,,,73151
UntilizeWithUnpaddingDeviceOperation,tt_dnn_device,87043,3,blackhole,{'enough_space_height': 'true'; 'fp32_dest_acc_en': 'false'; 'output_mem_config': 'MemoryConfig(memory_layout=TensorMemoryLayout::INTERLEAVED;buffer_type=BufferType::DRAM;shard_spec=std::nullopt;nd_shard_spec=std::nullopt;created_with_nd_shard_spec=0)'; 'output_tensor_end': 'Shape([0; 0; 0; 127])'; 'sub_core_grids': 'std::nullopt'; 'use_multicore': 'true'},HiFi4,110,110,,,20184523122,20184583919,60797,1331392307881,1331393995841,15047,0,1250341,1249595,,,,,439731,,,,,,,,,,,1[1],1[1],32[1],128[128],TILE,BFLOAT16,DEV_0_DRAM_INTERLEAVED,,,,,,,,,,,,,,,,,,,,,,,,,,,,,1[1],1[1],1[1],128[128],ROW_MAJOR,BFLOAT16,DEV_0_DRAM_INTERLEAVED,,,,,,,,,,,,,,,,,['ttnn/cpp/ttnn/operations/data_movement/untilize/device/kernels/compute/untilize.cpp'],['untilize/7973702900073944489/'],['ttnn/cpp/ttnn/operations/data_movement/untilize_with_unpadding/device/kernels/dataflow/writer_unary_stick_layout_split_rows_multicore.cpp'; 'ttnn/cpp/ttnn/operations/eltwise/unary/device/kernels/dataflow/reader_unary_interleaved_start_id.cpp'],['writer_unary_stick_layout_split_rows_multicore/8462078779386357119/'; 'reader_unary_interleaved_start_id/3753445423151438789/'],2302606096785234506,False,1604,960,1152,976,2600,0,0,0,0,466,466,14,[17.57939910888672],[0.54935622215271],0.037,,,,,,,60797
UntilizeWithUnpaddingDeviceOperation,tt_dnn_device,88067,3,blackhole,{'enough_space_height': 'true'; 'fp32_dest_acc_en': 'false'; 'output_mem_config': 'MemoryConfig(memory_layout=TensorMemoryLayout::INTERLEAVED;buffer_type=BufferType::DRAM;shard_spec=std::nullopt;nd_shard_spec=std::nullopt;created_with_nd_shard_spec=0)'; 'output_tensor_end': 'Shape([0; 0; 0; 7])'; 'sub_core_grids': 'std::nullopt'; 'use_multicore': 'true'},HiFi4,110,110,,,20188653210,20188722013,68803,1331394013729,1331395703090,14007,0,1251379,1250620,,,,,440776,,,,,,,,,,,1[1],1[1],32[1],32[8],TILE,UINT16,DEV_0_DRAM_INTERLEAVED,,,,,,,,,,,,,,,,,,,,,,,,,,,,,1[1],1[1],1[1],8[8],ROW_MAJOR,UINT16,DEV_0_DRAM_INTERLEAVED,,,,,,,,,,,,,,,,,['ttnn/cpp/ttnn/operations/data_movement/untilize/device/kernels/compute/untilize.cpp'],['untilize/1058341125437038549/'],['ttnn/cpp/ttnn/operations/data_movement/untilize_with_unpadding/device/kernels/dataflow/writer_unary_stick_layout_split_rows_multicore.cpp'; 'ttnn/cpp/ttnn/operations/eltwise/unary/device/kernels/dataflow/reader_unary_interleaved_start_id.cpp'],['writer_unary_stick_layout_split_rows_multicore/6959569656006666844/'; 'reader_unary_interleaved_start_id/18257896041724189861/'],15476854820214562322,False,1604,960,1068,824,2384,0,0,0,0,466,466,3,[4.39484977722168],[0.03433476388454437],0.037,,,,,,,68803
UntilizeWithUnpaddingDeviceOperation,tt_dnn_device,89091,3,blackhole,{'enough_space_height': 'true'; 'fp32_dest_acc_en': 'false'; 'output_mem_config': 'MemoryConfig(memory_layout=TensorMemoryLayout::INTERLEAVED;buffer_type=BufferType::DRAM;shard_spec=std::nullopt;nd_shard_spec=std::nullopt;created_with_nd_shard_spec=0)'; 'output_tensor_end': 'Shape([0; 0; 0; 7])'; 'sub_core_grids': 'std::nullopt'; 'use_multicore': 'true'},HiFi4,110,110,,,20192046841,20192096837,49996,1331395734395,1331397422378,23947,0,1250358,1249601,,,,,440213,,,,,,,,,,,1[1],1[1],32[1],32[8],TILE,BFLOAT16,DEV_0_DRAM_INTERLEAVED,,,,,,,,,,,,,,,,,,,,,,,,,,,,,1[1],1[1],1[1],8[8],ROW_MAJOR,BFLOAT16,DEV_0_DRAM_INTERLEAVED,,,,,,,,,,,,,,,,,['ttnn/cpp/ttnn/operations/data_movement/untilize/device/kernels/compute/untilize.cpp'],['untilize/3137141537925135935/'],['ttnn/cpp/ttnn/operations/data_movement/untilize_with_unpadding/device/kernels/dataflow/writer_unary_stick_layout_split_rows_multicore.cpp'; 'ttnn/cpp/ttnn/operations/eltwise/unary/device/kernels/dataflow/reader_unary_interleaved_start_id.cpp'],['writer_unary_stick_layout_split_rows_multicore/1016862141882539278/'; 'reader_unary_interleaved_start_id/3753445423151438789/'],2994067751723053779,False,1604,960,1068,824,2380,0,0,0,0,466,466,3,[4.39484977722168],[0.03433476388454437],0.037,,,,,,,49996
ScatterDeviceOperation,tt_dnn_device,90115,3,blackhole,{'dim': '3'; 'opt_reduction': 'ScatterReductionType::INVALID'; 'output_memory_config': 'MemoryConfig(memory_layout=TensorMemoryLayout::INTERLEAVED;buffer_type=BufferType::DRAM;shard_spec=std::nullopt;nd_shard_spec=std::nullopt;created_with_nd_shard_spec=0)'; 'sub_core_grid': 'std::nullopt'},,110,110,,,20194070646,20194120462,49816,1331397441353,1331399130652,14816,0,1251333,1250573,,,,,439445,,,,,,,,,,,1[1],1[1],1[1],128[128],ROW_MAJOR,BFLOAT16,DEV_0_DRAM_INTERLEAVED,1[1],1[1],1[1],8[8],ROW_MAJOR,UINT16,DEV_0_DRAM_INTERLEAVED,1[1],1[1],1[1],8[8],ROW_MAJOR,BFLOAT16,DEV_0_DRAM_INTERLEAVED,,,,,,,,,,,,,,,1[1],1[1],1[1],128[128],ROW_MAJOR,BFLOAT16,DEV_0_DRAM_INTERLEAVED,,,,,,,,,,,,,,,,,[],[],['ttnn/cpp/ttnn/operations/data_movement/scatter/device/kernels/dataflow/writer_scatter.cpp'; 'ttnn/cpp/ttnn/operations/data_movement/scatter/device/kernels/dataflow/reader_scatter.cpp'],['writer_scatter/8567198577862391946/'; 'reader_scatter/2756207604381400944/'],18131599409051876728,False,832,2308,0,0,0,0,0,0,0,466,466,1,[0.54935622215271],[0.54935622215271],0.037,,,,,,,49816
TilizeWithValPaddingDeviceOperation,tt_dnn_device,91139,3,blackhole,{'enough_space_height': 'true'; 'enough_space_width': 'true'; 'output_dtype': 'DataType::BFLOAT16'; 'output_mem_config': 'MemoryConfig(memory_layout=TensorMemoryLayout::INTERLEAVED;buffer_type=BufferType::DRAM;shard_spec=std::nullopt;nd_shard_spec=std::nullopt;created_with_nd_shard_spec=0)'; 'output_padded_shape': 'Shape([1; 1; 32; 128])'; 'pad_value': '0'; 'sub_core_grids': 'std::nullopt'; 'use_multicore': 'true'},HiFi4,110,110,,,20194289216,20194327961,38745,1331399149556,1331400838362,14769,0,1250967,1250201,,,,,440224,,,,,,,,,,,1[1],1[1],1[1],128[128],ROW_MAJOR,BFLOAT16,DEV_0_DRAM_INTERLEAVED,,,,,,,,,,,,,,,,,,,,,,,,,,,,,1[1],1[1],32[1],128[128],TILE,BFLOAT16,DEV_0_DRAM_INTERLEAVED,,,,,,,,,,,,,,,,,['ttnn/cpp/ttnn/kernel/compute/tilize.cpp'],['tilize/6191648630166997112/'],['ttnn/cpp/ttnn/operations/eltwise/unary/device/kernels/dataflow/writer_unary_interleaved_start_id.cpp'; 'ttnn/cpp/ttnn/operations/data_movement/tilize_with_val_padding/device/kernels/dataflow/reader_unary_pad_dims_split_rows_multicore.cpp'],['writer_unary_interleaved_start_id/14961694624359116620/'; 'reader_unary_pad_dims_split_rows_multicore/5657578668620488028/'],3659389130450307870,False,1036,1888,1196,804,2040,0,0,0,0,1,1,1,[],[],0.0,,,,,,,38745
BinaryNgDeviceOperation,tt_dnn_device,92163,3,blackhole,{'atol': '0'; 'binary_op_type': 'BinaryOpType::MUL'; 'compute_kernel_config': 'std::nullopt'; 'dtype': 'DataType::BFLOAT16'; 'equal_nan': 'false'; 'input_dtype': 'DataType::BFLOAT16'; 'input_layout_a': 'Layout::TILE'; 'input_layout_b': 'Layout::TILE'; 'is_quant_op': 'false'; 'is_sfpu': 'true'; 'is_where_op': 'false'; 'lhs_activations': '{}'; 'memory_config': 'MemoryConfig(memory_layout=TensorMemoryLayout::INTERLEAVED;buffer_type=BufferType::DRAM;shard_spec=std::nullopt;nd_shard_spec=std::nullopt;created_with_nd_shard_spec=0)'; 'output_layout': 'Layout::TILE'; 'post_activations': '{}'; 'rhs_activations': '{}'; 'rtol': '0'; 'scalar': 'std::nullopt'; 'sub_core_grids': 'std::nullopt'; 'sub_device_id': 'std::nullopt'; 'subtile_broadcast_type': 'SubtileBroadcastType::NONE'; 'worker_grid': '{[0-0 - 10-9]}'},HiFi4,110,110,,,20194465596,20194468932,3336,1331400856091,1331402545204,13859,0,1251195,1250472,,,,,440174,,,,,,,,,,,1[1],1[1],32[1],2816[2816],TILE,BFLOAT16,DEV_0_DRAM_INTERLEAVED,1[1],1[1],32[1],2816[2816],TILE,FLOAT32,DEV_0_DRAM_INTERLEAVED,,,,,,,,,,,,,,,,,,,,,,1[1],1[1],32[1],2816[2816],TILE,BFLOAT16,DEV_0_DRAM_INTERLEAVED,,,,,,,,,,,,,,,,,['ttnn/cpp/ttnn/operations/eltwise/binary_ng/device/kernels/compute/eltwise_binary_sfpu_no_bcast.cpp'],['eltwise_binary_sfpu_no_bcast/17467670188580810589/'],['ttnn/cpp/ttnn/operations/eltwise/binary_ng/device/kernels_ng/dataflow/writer_interleaved_no_bcast.cpp'; 'ttnn/cpp/ttnn/operations/eltwise/binary_ng/device/kernels_ng/dataflow/reader_interleaved_no_bcast.cpp'],['writer_interleaved_no_bcast/3626877997997158352/'; 'reader_interleaved_no_bcast/14041131154862028434/'],10603765315767193575,False,1160,1692,1924,1472,1320,0,0,0,0,1,1,1,[],[],0.0,,,,,,,3336
TypecastDeviceOperation,tt_dnn_device,93187,3,blackhole,{'bfp8_pack_precise': 'false'; 'fp32_dest_acc_en': 'false'; 'input_dtype': 'DataType::BFLOAT16'; 'output_dtype': 'DataType::BFLOAT16'; 'output_memory_config': 'MemoryConfig(memory_layout=TensorMemoryLayout::INTERLEAVED;buffer_type=BufferType::DRAM;shard_spec=std::nullopt;nd_shard_spec=std::nullopt;created_with_nd_shard_spec=0)'; 'preserve_fp32_precision': 'false'; 'sub_core_grids': 'std::nullopt'},HiFi4,110,110,,,20197239374,20197286344,46970,1331402564170,1331404252947,14796,0,1250946,1250198,,,,,440110,,,,,,,,,,,1[1],1[1],32[1],128[128],TILE,BFLOAT16,DEV_0_DRAM_INTERLEAVED,,,,,,,,,,,,,,,,,,,,,,,,,,,,,1[1],1[1],32[1],128[128],TILE,BFLOAT16,DEV_0_DRAM_INTERLEAVED,,,,,,,,,,,,,,,,,['ttnn/cpp/ttnn/operations/copy/typecast/device/kernels/compute/eltwise_typecast.cpp'],['eltwise_typecast/1770673508959064794/'],['ttnn/cpp/ttnn/operations/eltwise/unary/device/kernels/dataflow/writer_unary_interleaved_start_id.cpp'; 'ttnn/cpp/ttnn/operations/eltwise/unary/device/kernels/dataflow/reader_unary_interleaved_start_id.cpp'],['writer_unary_interleaved_start_id/4354580571348828157/'; 'reader_unary_interleaved_start_id/9995480779228624430/'],4946818355118031071,False,1036,960,1068,776,1148,0,0,0,0,1,1,1,[],[],0.0,,,,,,,46970
LayerNormDeviceOperation,tt_dnn_device,94211,3,blackhole,{'compute_kernel_config': 'ComputeKernelConfig(math_fidelity=HiFi4;math_approx_mode=0;fp32_dest_acc_en=1;packer_l1_acc=0;dst_full_sync_en=0;throttle_level=ThrottleLevel::NO_THROTTLE)'; 'distributed_norm_stage': 'DistributedLayerNormStage::NOT_DISTRIBUTED'; 'dtype': 'std::nullopt'; 'eps': '1e-06'; 'fused_activation': 'std::nullopt'; 'norm_type': 'LayerNormType::RMSNORM'; 'output_mem_config': 'MemoryConfig(memory_layout=TensorMemoryLayout::INTERLEAVED;buffer_type=BufferType::DRAM;shard_spec=std::nullopt;nd_shard_spec=std::nullopt;created_with_nd_shard_spec=0)'; 'program_config': 'LayerNormDefaultProgramConfig(legacy_reduction=0;legacy_rsqrt=0;use_welford=0)'},HiFi4,110,110,,,20197410453,20197413038,2585,1331404273449,1331405963371,15924,0,1251794,1251056,,,,,440042,,,,,,,,,,,1[1],1[1],32[1],2816[2816],TILE,BFLOAT16,DEV_0_DRAM_INTERLEAVED,1[1],1[1],32[1],2816[2816],TILE,BFLOAT16,DEV_0_DRAM_INTERLEAVED,,,,,,,,,,,,,,,,,,,,,,1[1],1[1],32[1],2816[2816],TILE,BFLOAT16,DEV_0_DRAM_INTERLEAVED,,,,,,,,,,,,,,,,,['ttnn/cpp/ttnn/operations/normalization/layernorm/device/kernels/compute/layernorm.cpp'],['layernorm/14183512734866135947/'],['ttnn/cpp/ttnn/operations/normalization/layernorm/device/kernels/dataflow/writer_unary_interleaved_start_id_blocked.cpp'; 'ttnn/cpp/ttnn/operations/normalization/layernorm/device/kernels/dataflow/reader_unary_interleaved_ln.cpp'],['writer_unary_interleaved_start_id_blocked/9368183165344307478/'; 'reader_unary_interleaved_ln/8993227705683819751/'],5622200613246340018,False,852,1724,3664,2904,3384,0,0,0,0,1,1,1,[],[],0.0,,,,,,,2585
CopyDeviceOperation,tt_dnn_device,95235,3,blackhole,{'backwards': 'false'; 'output_dtype': 'DataType::BFLOAT16'; 'output_mem_config': 'MemoryConfig(memory_layout=TensorMemoryLayout::INTERLEAVED;buffer_type=BufferType::L1;shard_spec=std::nullopt;nd_shard_spec=std::nullopt;created_with_nd_shard_spec=0)'},,110,110,,,20440974398,20441050674,76276,1331405982057,1331407669017,14577,0,1249600,1248864,,,,,439150,,,,,,,,,,,1[1],1[1],32[1],2816[2816],TILE,BFLOAT16,DEV_0_DRAM_INTERLEAVED,,,,,,,,,,,,,,,,,,,,,,,,,,,,,1[1],1[1],32[1],2816[2816],TILE,BFLOAT16,DEV_0_L1_INTERLEAVED,,,,,,,,,,,,,,,,,[],[],['ttnn/cpp/ttnn/operations/eltwise/unary/device/kernels/dataflow/writer_unary_interleaved_start_id.cpp'; 'ttnn/cpp/ttnn/operations/eltwise/unary/device/kernels/dataflow/reader_unary_interleaved_start_id.cpp'],['writer_unary_interleaved_start_id/7748380733646593207/'; 'reader_unary_interleaved_start_id/15168103446798562174/'],5960117295356176589,False,1140,960,0,0,0,0,0,0,0,1,1,1,[],[],0.0,,,,,,,76276
UntilizeWithUnpaddingDeviceOperation,tt_dnn_device,96259,3,blackhole,{'enough_space_height': 'true'; 'fp32_dest_acc_en': 'false'; 'output_mem_config': 'MemoryConfig(memory_layout=TensorMemoryLayout::INTERLEAVED;buffer_type=BufferType::DRAM;shard_spec=std::nullopt;nd_shard_spec=std::nullopt;created_with_nd_shard_spec=0)'; 'output_tensor_end': 'Shape([0; 0; 0; 127])'; 'sub_core_grids': 'std::nullopt'; 'use_multicore': 'true'},HiFi4,110,110,,,20441147601,20441154554,6953,1331407687857,1331409375679,14715,0,1250239,1249478,,,,,440181,,,,,,,,,,,1[1],1[1],32[1],128[128],TILE,BFLOAT16,DEV_0_DRAM_INTERLEAVED,,,,,,,,,,,,,,,,,,,,,,,,,,,,,1[1],1[1],1[1],128[128],ROW_MAJOR,BFLOAT16,DEV_0_DRAM_INTERLEAVED,,,,,,,,,,,,,,,,,['ttnn/cpp/ttnn/operations/data_movement/untilize/device/kernels/compute/untilize.cpp'],['untilize/7973702900073944489/'],['ttnn/cpp/ttnn/operations/data_movement/untilize_with_unpadding/device/kernels/dataflow/writer_unary_stick_layout_split_rows_multicore.cpp'; 'ttnn/cpp/ttnn/operations/eltwise/unary/device/kernels/dataflow/reader_unary_interleaved_start_id.cpp'],['writer_unary_stick_layout_split_rows_multicore/8462078779386357119/'; 'reader_unary_interleaved_start_id/3753445423151438789/'],2302606096785234506,False,1604,960,1152,976,2600,0,0,0,0,466,466,14,[17.57939910888672],[0.54935622215271],0.037,,,,,,,6953
UnaryDeviceOperation,tt_dnn_device,97283,3,blackhole,{'bfp8_pack_precise': 'false'; 'fp32_dest_acc_en': 'false'; 'memory_config': 'MemoryConfig(memory_layout=TensorMemoryLayout::INTERLEAVED;buffer_type=BufferType::L1;shard_spec=std::nullopt;nd_shard_spec=std::nullopt;created_with_nd_shard_spec=0)'; 'op_chain': '{BasicUnaryWithParam<float; int; unsigned int>(base=BasicUnaryWithParam<float>(op_type=UnaryOpType::FILL;param={0}))}'; 'output_dtype': 'DataType::BFLOAT16'; 'preserve_fp32_precision': 'false'; 'sub_core_grids': 'std::nullopt'; 'worker_grid': '{[0-0 - 10-9]}'},HiFi4,110,110,,,20444044987,20444131994,87007,1331409393304,1331411079169,13810,0,1248789,1248036,,,,,439367,,,,,,,,,,,1[1],128[128],32[1],704[704],TILE,BFLOAT16,DEV_0_L1_INTERLEAVED,1[1],128[128],32[1],704[704],TILE,BFLOAT16,DEV_0_L1_INTERLEAVED,,,,,,,,,,,,,,,,,,,,,,1[1],128[128],32[1],704[704],TILE,BFLOAT16,DEV_0_L1_INTERLEAVED,,,,,,,,,,,,,,,,,['ttnn/cpp/ttnn/operations/eltwise/unary/device/kernels/compute/eltwise_sfpu.cpp'],['eltwise_sfpu/1895838372005134204/'],['ttnn/cpp/ttnn/operations/eltwise/unary/device/kernels/dataflow/writer_unary.cpp'; 'ttnn/cpp/ttnn/operations/eltwise/unary/device/kernels/dataflow/reader_unary.cpp'],['writer_unary/17905326637469661932/'; 'reader_unary/9591692312706685761/'],10547631950658891292,False,1140,1044,1088,892,1288,0,0,0,0,1,1,1,[],[],0.0,,,,,,,87007
SparseMatmulDeviceOperation,tt_dnn_device,98307,3,blackhole,{'compute_kernel_config': 'ComputeKernelConfig(math_fidelity=LoFi;math_approx_mode=0;fp32_dest_acc_en=0;packer_l1_acc=1;dst_full_sync_en=0;throttle_level=ThrottleLevel::NO_THROTTLE)'; 'global_cb': 'std::nullopt'; 'is_input_a_sparse': 'false'; 'is_input_b_sparse': 'true'; 'nnz': '8'; 'output_dtype': 'DataType::BFLOAT16'; 'output_mem_config': 'MemoryConfig(memory_layout=TensorMemoryLayout::INTERLEAVED;buffer_type=BufferType::L1;shard_spec=std::nullopt;nd_shard_spec=std::nullopt;created_with_nd_shard_spec=0)'; 'output_tile': 'Tile(tile_shape={32; 32};face_shape={16; 16};num_faces=4)'; 'program_config': 'MatmulMultiCoreReuseMultiCast1DProgramConfig(compute_with_storage_grid_size=11-1;in0_block_w=11;out_subblock_h=1;out_subblock_w=2;out_block_h=1;out_block_w=2;per_core_M=1;per_core_N=2;fuse_batch=0;fused_activation=std::nullopt;mcast_in0=1;gather_in0=0;hop_cores={};num_global_cb_receivers=1;untilize_out=0;allowed_worker_cores={[0-0 - 10-0]})'; 'sub_device_id': 'std::nullopt'; 'user_core_coord': 'std::nullopt'},LoFi,110,110,,,20822151641,20822294145,142504,1331411097608,1331412788147,14401,0,1252251,1251510,,,,,440481,,,,,,,,,,,1[1],1[1],32[1],2816[2816],TILE,BFLOAT16,DEV_0_L1_INTERLEAVED,1[1],128[128],2816[2816],704[704],TILE,BFLOAT8_B,DEV_0_DRAM_INTERLEAVED,1[1],1[1],1[1],128[128],ROW_MAJOR,BFLOAT16,DEV_0_DRAM_INTERLEAVED,,,,,,,,,,,,,,,1[1],128[128],32[1],704[704],TILE,BFLOAT16,DEV_0_L1_INTERLEAVED,,,,,,,,,,,,,,,,,['ttnn/cpp/ttnn/operations/matmul/device/kernels/compute/bmm_large_block_zm_fused_bias_activation.cpp'],['bmm_large_block_zm_fused_bias_activation/17805033733209394169/'],['ttnn/cpp/ttnn/operations/matmul/device/kernels/dataflow/reader_bmm_tile_layout_in1_sender_writer_padding.cpp'; 'ttnn/cpp/ttnn/operations/matmul/device/kernels/dataflow/reader_bmm_tile_layout_in0_receiver.cpp'; 'ttnn/cpp/ttnn/operations/matmul/device/kernels/dataflow/reader_bmm_tile_layout_in0_sender_padding.cpp'],['reader_bmm_tile_layout_in1_sender_writer_padding/12987562142958775286/'; 'reader_bmm_tile_layout_in0_receiver/7771031077713404146/'; 'reader_bmm_tile_layout_in0_sender_padding/2800809127186249364/'],3173485845626336379,False,1704,2024,2452,2248,2552,0,0,0,0,461578,1,461578,[0.3904518783092499; 549.7562255859375; 0.0005546191823668778],[12.494460105895996],0.0,,,,,,,142504
TransposeDeviceOperation,tt_dnn_device,99331,3,blackhole,{'dim': 'TransposeOpDim::HC'; 'output_mem_config': 'MemoryConfig(memory_layout=TensorMemoryLayout::INTERLEAVED;buffer_type=BufferType::L1;shard_spec=std::nullopt;nd_shard_spec=std::nullopt;created_with_nd_shard_spec=0)'; 'pad_value': '0'},,110,110,,,20824866095,20824940177,74082,1331412807031,1331414496092,14727,0,1251156,1250420,,,,,439545,,,,,,,,,,,1[1],128[128],32[1],704[704],TILE,BFLOAT16,DEV_0_L1_INTERLEAVED,,,,,,,,,,,,,,,,,,,,,,,,,,,,,1[1],1[1],128[128],704[704],TILE,BFLOAT16,DEV_0_L1_INTERLEAVED,,,,,,,,,,,,,,,,,[],[],['ttnn/cpp/ttnn/operations/data_movement/transpose/device/kernels/dataflow/writer_unary_transpose_hc_interleaved_tiled_padding_aware.cpp'; 'ttnn/cpp/ttnn/operations/data_movement/transpose/device/kernels/dataflow/reader_unary_transpose_hc_interleaved_tiled_padding_aware.cpp'],['writer_unary_transpose_hc_interleaved_tiled_padding_aware/5026647565788288091/'; 'reader_unary_transpose_hc_interleaved_tiled_padding_aware/13705623102215196619/'],2766089270366321863,False,920,744,0,0,0,0,0,0,0,5156,5156,1,[1118.5352783203125],[34.954227447509766],0.412,,,,,,,74082
UnaryDeviceOperation,tt_dnn_device,100355,3,blackhole,{'bfp8_pack_precise': 'false'; 'fp32_dest_acc_en': 'false'; 'memory_config': 'MemoryConfig(memory_layout=TensorMemoryLayout::INTERLEAVED;buffer_type=BufferType::L1;shard_spec=std::nullopt;nd_shard_spec=std::nullopt;created_with_nd_shard_spec=0)'; 'op_chain': '{BasicUnaryWithParam<float; int; unsigned int>(base=BasicUnaryWithParam<float>(op_type=UnaryOpType::FILL;param={0}))}'; 'output_dtype': 'DataType::BFLOAT16'; 'preserve_fp32_precision': 'false'; 'sub_core_grids': 'std::nullopt'; 'worker_grid': '{[0-0 - 10-9]}'},HiFi4,110,110,,,20825095186,20825098031,2845,1331414516003,1331416206328,15493,0,1252093,1251344,,,,,441038,,,,,,,,,,,1[1],128[128],32[1],704[704],TILE,BFLOAT16,DEV_0_L1_INTERLEAVED,1[1],128[128],32[1],704[704],TILE,BFLOAT16,DEV_0_L1_INTERLEAVED,,,,,,,,,,,,,,,,,,,,,,1[1],128[128],32[1],704[704],TILE,BFLOAT16,DEV_0_L1_INTERLEAVED,,,,,,,,,,,,,,,,,['ttnn/cpp/ttnn/operations/eltwise/unary/device/kernels/compute/eltwise_sfpu.cpp'],['eltwise_sfpu/1895838372005134204/'],['ttnn/cpp/ttnn/operations/eltwise/unary/device/kernels/dataflow/writer_unary.cpp'; 'ttnn/cpp/ttnn/operations/eltwise/unary/device/kernels/dataflow/reader_unary.cpp'],['writer_unary/17905326637469661932/'; 'reader_unary/9591692312706685761/'],10547631950658891292,False,1140,1044,1088,892,1288,0,0,0,0,1,1,1,[],[],0.0,,,,,,,2845
SparseMatmulDeviceOperation,tt_dnn_device,101379,3,blackhole,{'compute_kernel_config': 'ComputeKernelConfig(math_fidelity=LoFi;math_approx_mode=0;fp32_dest_acc_en=0;packer_l1_acc=1;dst_full_sync_en=0;throttle_level=ThrottleLevel::NO_THROTTLE)'; 'global_cb': 'std::nullopt'; 'is_input_a_sparse': 'false'; 'is_input_b_sparse': 'true'; 'nnz': '8'; 'output_dtype': 'DataType::BFLOAT16'; 'output_mem_config': 'MemoryConfig(memory_layout=TensorMemoryLayout::INTERLEAVED;buffer_type=BufferType::L1;shard_spec=std::nullopt;nd_shard_spec=std::nullopt;created_with_nd_shard_spec=0)'; 'output_tile': 'Tile(tile_shape={32; 32};face_shape={16; 16};num_faces=4)'; 'program_config': 'MatmulMultiCoreReuseMultiCast1DProgramConfig(compute_with_storage_grid_size=11-1;in0_block_w=11;out_subblock_h=1;out_subblock_w=2;out_block_h=1;out_block_w=2;per_core_M=1;per_core_N=2;fuse_batch=0;fused_activation=std::nullopt;mcast_in0=1;gather_in0=0;hop_cores={};num_global_cb_receivers=1;untilize_out=0;allowed_worker_cores={[0-0 - 10-0]})'; 'sub_device_id': 'std::nullopt'; 'user_core_coord': 'std::nullopt'},LoFi,110,110,,,20825122318,20825124141,1823,1331416225444,1331417913941,14907,0,1250739,1249993,,,,,440693,,,,,,,,,,,1[1],1[1],32[1],2816[2816],TILE,BFLOAT16,DEV_0_L1_INTERLEAVED,1[1],128[128],2816[2816],704[704],TILE,BFLOAT8_B,DEV_0_DRAM_INTERLEAVED,1[1],1[1],1[1],128[128],ROW_MAJOR,BFLOAT16,DEV_0_DRAM_INTERLEAVED,,,,,,,,,,,,,,,1[1],128[128],32[1],704[704],TILE,BFLOAT16,DEV_0_L1_INTERLEAVED,,,,,,,,,,,,,,,,,['ttnn/cpp/ttnn/operations/matmul/device/kernels/compute/bmm_large_block_zm_fused_bias_activation.cpp'],['bmm_large_block_zm_fused_bias_activation/17805033733209394169/'],['ttnn/cpp/ttnn/operations/matmul/device/kernels/dataflow/reader_bmm_tile_layout_in1_sender_writer_padding.cpp'; 'ttnn/cpp/ttnn/operations/matmul/device/kernels/dataflow/reader_bmm_tile_layout_in0_receiver.cpp'; 'ttnn/cpp/ttnn/operations/matmul/device/kernels/dataflow/reader_bmm_tile_layout_in0_sender_padding.cpp'],['reader_bmm_tile_layout_in1_sender_writer_padding/12987562142958775286/'; 'reader_bmm_tile_layout_in0_receiver/7771031077713404146/'; 'reader_bmm_tile_layout_in0_sender_padding/2800809127186249364/'],3173485845626336379,False,1704,2024,2452,2248,2552,0,0,0,0,461578,1,461578,[0.3904518783092499; 549.7562255859375; 0.0005546191823668778],[12.494460105895996],0.0,,,,,,,1823
TransposeDeviceOperation,tt_dnn_device,102403,3,blackhole,{'dim': 'TransposeOpDim::HC'; 'output_mem_config': 'MemoryConfig(memory_layout=TensorMemoryLayout::INTERLEAVED;buffer_type=BufferType::L1;shard_spec=std::nullopt;nd_shard_spec=std::nullopt;created_with_nd_shard_spec=0)'; 'pad_value': '0'},,110,110,,,20825165992,20825167385,1393,1331417932654,1331419622572,14610,0,1251791,1251044,,,,,440147,,,,,,,,,,,1[1],128[128],32[1],704[704],TILE,BFLOAT16,DEV_0_L1_INTERLEAVED,,,,,,,,,,,,,,,,,,,,,,,,,,,,,1[1],1[1],128[128],704[704],TILE,BFLOAT16,DEV_0_L1_INTERLEAVED,,,,,,,,,,,,,,,,,[],[],['ttnn/cpp/ttnn/operations/data_movement/transpose/device/kernels/dataflow/writer_unary_transpose_hc_interleaved_tiled_padding_aware.cpp'; 'ttnn/cpp/ttnn/operations/data_movement/transpose/device/kernels/dataflow/reader_unary_transpose_hc_interleaved_tiled_padding_aware.cpp'],['writer_unary_transpose_hc_interleaved_tiled_padding_aware/5026647565788288091/'; 'reader_unary_transpose_hc_interleaved_tiled_padding_aware/13705623102215196619/'],2766089270366321863,False,920,744,0,0,0,0,0,0,0,5156,5156,1,[1118.5352783203125],[34.954227447509766],0.412,,,,,,,1393
UnaryDeviceOperation,tt_dnn_device,103427,3,blackhole,{'bfp8_pack_precise': 'false'; 'fp32_dest_acc_en': 'false'; 'memory_config': 'MemoryConfig(memory_layout=TensorMemoryLayout::INTERLEAVED;buffer_type=BufferType::L1;shard_spec=std::nullopt;nd_shard_spec=std::nullopt;created_with_nd_shard_spec=0)'; 'op_chain': '{BasicUnaryWithParam<float; int; unsigned int>(base=BasicUnaryWithParam<float>(op_type=UnaryOpType::GELU;param={1}))}'; 'output_dtype': 'DataType::BFLOAT16'; 'preserve_fp32_precision': 'false'; 'sub_core_grids': 'std::nullopt'; 'worker_grid': '{[0-0 - 10-9]}'},HiFi4,110,110,,,20825593675,20825664802,71127,1331419640422,1331421328563,13978,0,1250475,1249718,,,,,439661,,,,,,,,,,,1[1],1[1],128[128],704[704],TILE,BFLOAT16,DEV_0_L1_INTERLEAVED,,,,,,,,,,,,,,,,,,,,,,,,,,,,,1[1],1[1],128[128],704[704],TILE,BFLOAT16,DEV_0_L1_INTERLEAVED,,,,,,,,,,,,,,,,,['ttnn/cpp/ttnn/operations/eltwise/unary/device/kernels/compute/eltwise_sfpu.cpp'],['eltwise_sfpu/8713962701503485305/'],['ttnn/cpp/ttnn/operations/eltwise/unary/device/kernels/dataflow/writer_unary.cpp'; 'ttnn/cpp/ttnn/operations/eltwise/unary/device/kernels/dataflow/reader_unary.cpp'],['writer_unary/17905326637469661932/'; 'reader_unary/9591692312706685761/'],8471868997931786206,False,1140,1044,1088,1128,1288,0,0,0,0,1,1,1,[],[],0.0,,,,,,,71127
BinaryNgDeviceOperation,tt_dnn_device,104451,3,blackhole,{'atol': '0'; 'binary_op_type': 'BinaryOpType::MUL'; 'compute_kernel_config': 'std::nullopt'; 'dtype': 'DataType::BFLOAT16'; 'equal_nan': 'false'; 'input_dtype': 'DataType::BFLOAT16'; 'input_layout_a': 'Layout::TILE'; 'input_layout_b': 'Layout::TILE'; 'is_quant_op': 'false'; 'is_sfpu': 'true'; 'is_where_op': 'false'; 'lhs_activations': '{}'; 'memory_config': 'MemoryConfig(memory_layout=TensorMemoryLayout::INTERLEAVED;buffer_type=BufferType::L1;shard_spec=std::nullopt;nd_shard_spec=std::nullopt;created_with_nd_shard_spec=0)'; 'output_layout': 'Layout::TILE'; 'post_activations': '{}'; 'rhs_activations': '{}'; 'rtol': '0'; 'scalar': 'std::nullopt'; 'sub_core_grids': 'std::nullopt'; 'sub_device_id': 'std::nullopt'; 'subtile_broadcast_type': 'SubtileBroadcastType::NONE'; 'worker_grid': '{[0-0 - 10-9]}'},HiFi4,110,110,,,20828609409,20828696426,87017,1331421346730,1331423034771,14212,0,1250401,1249646,,,,,439253,,,,,,,,,,,1[1],1[1],128[128],704[704],TILE,BFLOAT16,DEV_0_L1_INTERLEAVED,1[1],1[1],128[128],704[704],TILE,BFLOAT16,DEV_0_L1_INTERLEAVED,,,,,,,,,,,,,,,,,,,,,,1[1],1[1],128[128],704[704],TILE,BFLOAT16,DEV_0_L1_INTERLEAVED,,,,,,,,,,,,,,,,,['ttnn/cpp/ttnn/operations/eltwise/binary_ng/device/kernels/compute/eltwise_binary_sfpu_no_bcast.cpp'],['eltwise_binary_sfpu_no_bcast/15899331738743657480/'],['ttnn/cpp/ttnn/operations/eltwise/binary_ng/device/kernels_ng/dataflow/writer_interleaved_no_bcast.cpp'; 'ttnn/cpp/ttnn/operations/eltwise/binary_ng/device/kernels_ng/dataflow/reader_interleaved_no_bcast.cpp'],['writer_interleaved_no_bcast/2853637500729089654/'; 'reader_interleaved_no_bcast/15040313020512421960/'],9180236233960390419,False,1196,1724,1484,1236,1320,0,0,0,0,1,1,1,[],[],0.0,,,,,,,87017
TransposeDeviceOperation,tt_dnn_device,105475,3,blackhole,{'dim': 'TransposeOpDim::HC'; 'output_mem_config': 'MemoryConfig(memory_layout=TensorMemoryLayout::INTERLEAVED;buffer_type=BufferType::L1;shard_spec=std::nullopt;nd_shard_spec=std::nullopt;created_with_nd_shard_spec=0)'; 'pad_value': '0'},,110,110,,,20830966134,20831027682,61548,1331423052145,1331424742668,13648,0,1252239,1251462,,,,,440845,,,,,,,,,,,1[1],1[1],128[128],704[704],TILE,BFLOAT16,DEV_0_L1_INTERLEAVED,,,,,,,,,,,,,,,,,,,,,,,,,,,,,1[1],128[128],32[1],704[704],TILE,BFLOAT16,DEV_0_L1_INTERLEAVED,,,,,,,,,,,,,,,,,[],[],['ttnn/cpp/ttnn/operations/data_movement/transpose/device/kernels/dataflow/writer_unary_transpose_hc_interleaved_tiled_padding_aware.cpp'; 'ttnn/cpp/ttnn/operations/data_movement/transpose/device/kernels/dataflow/reader_unary_transpose_hc_interleaved_tiled_padding_aware.cpp'],['writer_unary_transpose_hc_interleaved_tiled_padding_aware/13250968775067209757/'; 'reader_unary_transpose_hc_interleaved_tiled_padding_aware/11344840026905007513/'],2882979786165573976,False,1392,864,0,0,0,0,0,0,0,5090,5090,1,[35.407466888427734],[1133.0389404296875],0.407,,,,,,,61548
UnaryDeviceOperation,tt_dnn_device,106499,3,blackhole,{'bfp8_pack_precise': 'false'; 'fp32_dest_acc_en': 'false'; 'memory_config': 'MemoryConfig(memory_layout=TensorMemoryLayout::INTERLEAVED;buffer_type=BufferType::L1;shard_spec=std::nullopt;nd_shard_spec=std::nullopt;created_with_nd_shard_spec=0)'; 'op_chain': '{BasicUnaryWithParam<float; int; unsigned int>(base=BasicUnaryWithParam<float>(op_type=UnaryOpType::FILL;param={0}))}'; 'output_dtype': 'DataType::BFLOAT16'; 'preserve_fp32_precision': 'false'; 'sub_core_grids': 'std::nullopt'; 'worker_grid': '{[0-0 - 10-9]}'},HiFi4,110,110,,,20831145168,20831147743,2575,1331424761203,1331426449252,14486,0,1250407,1249650,,,,,439685,,,,,,,,,,,1[1],128[128],32[1],704[704],TILE,BFLOAT16,DEV_0_L1_INTERLEAVED,1[1],128[128],32[1],704[704],TILE,BFLOAT16,DEV_0_L1_INTERLEAVED,,,,,,,,,,,,,,,,,,,,,,1[1],128[128],32[1],704[704],TILE,BFLOAT16,DEV_0_L1_INTERLEAVED,,,,,,,,,,,,,,,,,['ttnn/cpp/ttnn/operations/eltwise/unary/device/kernels/compute/eltwise_sfpu.cpp'],['eltwise_sfpu/1895838372005134204/'],['ttnn/cpp/ttnn/operations/eltwise/unary/device/kernels/dataflow/writer_unary.cpp'; 'ttnn/cpp/ttnn/operations/eltwise/unary/device/kernels/dataflow/reader_unary.cpp'],['writer_unary/17905326637469661932/'; 'reader_unary/9591692312706685761/'],10547631950658891292,False,1140,1044,1088,892,1288,0,0,0,0,1,1,1,[],[],0.0,,,,,,,2575
SparseMatmulDeviceOperation,tt_dnn_device,107523,3,blackhole,{'compute_kernel_config': 'ComputeKernelConfig(math_fidelity=LoFi;math_approx_mode=0;fp32_dest_acc_en=0;packer_l1_acc=1;dst_full_sync_en=0;throttle_level=ThrottleLevel::NO_THROTTLE)'; 'global_cb': 'std::nullopt'; 'is_input_a_sparse': 'true'; 'is_input_b_sparse': 'true'; 'nnz': '8'; 'output_dtype': 'DataType::BFLOAT16'; 'output_mem_config': 'MemoryConfig(memory_layout=TensorMemoryLayout::INTERLEAVED;buffer_type=BufferType::L1;shard_spec=std::nullopt;nd_shard_spec=std::nullopt;created_with_nd_shard_spec=0)'; 'output_tile': 'Tile(tile_shape={32; 32};face_shape={16; 16};num_faces=4)'; 'program_config': 'MatmulMultiCoreReuseMultiCast1DProgramConfig(compute_with_storage_grid_size=11-4;in0_block_w=11;out_subblock_h=1;out_subblock_w=2;out_block_h=1;out_block_w=2;per_core_M=1;per_core_N=2;fuse_batch=0;fused_activation=std::nullopt;mcast_in0=1;gather_in0=0;hop_cores={};num_global_cb_receivers=1;untilize_out=0;allowed_worker_cores={[0-0 - 10-3]})'; 'sub_device_id': 'std::nullopt'; 'user_core_coord': 'std::nullopt'},LoFi,110,110,,,21194131164,21194258068,126904,1331426467444,1331428156577,14225,0,1251210,1250462,,,,,439716,,,,,,,,,,,1[1],128[128],32[1],704[704],TILE,BFLOAT16,DEV_0_L1_INTERLEAVED,1[1],128[128],704[704],2816[2816],TILE,BFLOAT8_B,DEV_0_DRAM_INTERLEAVED,1[1],1[1],1[1],128[128],ROW_MAJOR,BFLOAT16,DEV_0_DRAM_INTERLEAVED,,,,,,,,,,,,,,,1[1],128[128],32[1],2816[2816],TILE,BFLOAT16,DEV_0_L1_INTERLEAVED,,,,,,,,,,,,,,,,,['ttnn/cpp/ttnn/operations/matmul/device/kernels/compute/bmm_large_block_zm_fused_bias_activation.cpp'],['bmm_large_block_zm_fused_bias_activation/12912804601721707395/'],['ttnn/cpp/ttnn/operations/matmul/device/kernels/dataflow/reader_bmm_tile_layout_in1_sender_writer_padding.cpp'; 'ttnn/cpp/ttnn/operations/matmul/device/kernels/dataflow/reader_bmm_tile_layout_in0_receiver.cpp'; 'ttnn/cpp/ttnn/operations/matmul/device/kernels/dataflow/reader_bmm_tile_layout_in0_sender_padding.cpp'],['reader_bmm_tile_layout_in1_sender_writer_padding/4784628155918500836/'; 'reader_bmm_tile_layout_in0_receiver/15574907333153410837/'; 'reader_bmm_tile_layout_in0_sender_padding/17811370725576479945/'],15222272368412829498,False,1720,2020,2400,2204,2440,0,0,0,0,461578,1,461578,[12.494460105895996; 549.7562255859375; 0.0005546191823668778],[49.977840423583984],0.0,,,,,,,126904
TransposeDeviceOperation,tt_dnn_device,108547,3,blackhole,{'dim': 'TransposeOpDim::HC'; 'output_mem_config': 'MemoryConfig(memory_layout=TensorMemoryLayout::INTERLEAVED;buffer_type=BufferType::L1;shard_spec=std::nullopt;nd_shard_spec=std::nullopt;created_with_nd_shard_spec=0)'; 'pad_value': '0'},,110,110,,,21196291040,21196353971,62931,1331428175574,1331429862403,14819,0,1249503,1248752,,,,,439082,,,,,,,,,,,1[1],128[128],32[1],2816[2816],TILE,BFLOAT16,DEV_0_L1_INTERLEAVED,,,,,,,,,,,,,,,,,,,,,,,,,,,,,1[1],1[1],128[128],2816[2816],TILE,BFLOAT16,DEV_0_L1_INTERLEAVED,,,,,,,,,,,,,,,,,[],[],['ttnn/cpp/ttnn/operations/data_movement/transpose/device/kernels/dataflow/writer_unary_transpose_hc_interleaved_tiled_padding_aware.cpp'; 'ttnn/cpp/ttnn/operations/data_movement/transpose/device/kernels/dataflow/reader_unary_transpose_hc_interleaved_tiled_padding_aware.cpp'],['writer_unary_transpose_hc_interleaved_tiled_padding_aware/18198627958614780200/'; 'reader_unary_transpose_hc_interleaved_tiled_padding_aware/13705623102215196619/'],15639109912216061338,False,920,744,0,0,0,0,0,0,0,19726,19726,1,[1169.455078125],[36.54547119140625],1.58,,,,,,,62931
ReshapeViewDeviceOperation,tt_dnn_device,109571,3,blackhole,{'logical_output_shape': 'Shape([1; 128; 1])'; 'output_mem_config': 'MemoryConfig(memory_layout=TensorMemoryLayout::INTERLEAVED;buffer_type=BufferType::DRAM;shard_spec=std::nullopt;nd_shard_spec=std::nullopt;created_with_nd_shard_spec=0)'; 'padded_output_shape': 'Shape([1; 128; 32])'; 'recreate_mapping_tensor': 'false'; 'sub_core_grid': 'std::nullopt'},,110,110,,,21198541932,21198636554,94622,1331429882388,1331431570677,15541,0,1250584,1249847,,,,,439632,,,,,,,,,,,1[1],1[1],32[1],128[128],TILE,BFLOAT16,DEV_0_DRAM_INTERLEAVED,,,,,,,,,,,,,,,,,,,,,,,,,,,,,1[1],1[1],128[128],32[1],TILE,BFLOAT16,DEV_0_DRAM_INTERLEAVED,,,,,,,,,,,,,,,,,[],[],['ttnn/cpp/ttnn/operations/data_movement/reshape_view/device/device/dataflow/writer_reshape_tiled.cpp'; 'ttnn/cpp/ttnn/operations/data_movement/reshape_view/device/device/dataflow/reader_reshape_tiled.cpp'],['writer_reshape_tiled/7193225729888107746/'; 'reader_reshape_tiled/10246488157793923922/'],9156512380716054172,False,1796,1016,0,0,0,0,0,0,0,1,1,1,[],[],0.0,,,,,,,94622
BinaryNgDeviceOperation,tt_dnn_device,110595,3,blackhole,{'atol': '0'; 'binary_op_type': 'BinaryOpType::MUL'; 'compute_kernel_config': 'std::nullopt'; 'dtype': 'DataType::BFLOAT16'; 'equal_nan': 'false'; 'input_dtype': 'DataType::BFLOAT16'; 'input_layout_a': 'Layout::TILE'; 'input_layout_b': 'Layout::TILE'; 'is_quant_op': 'false'; 'is_sfpu': 'true'; 'is_where_op': 'false'; 'lhs_activations': '{}'; 'memory_config': 'MemoryConfig(memory_layout=TensorMemoryLayout::INTERLEAVED;buffer_type=BufferType::L1;shard_spec=std::nullopt;nd_shard_spec=std::nullopt;created_with_nd_shard_spec=0)'; 'output_layout': 'Layout::TILE'; 'post_activations': '{}'; 'rhs_activations': '{}'; 'rtol': '0'; 'scalar': 'std::nullopt'; 'sub_core_grids': 'std::nullopt'; 'sub_device_id': 'std::nullopt'; 'subtile_broadcast_type': 'SubtileBroadcastType::COL_B'; 'worker_grid': '{[0-0 - 10-9]}'},HiFi4,110,110,,,21203476899,21203570229,93330,1331431589484,1331433278636,14661,0,1251224,1250493,,,,,439591,,,,,,,,,,,1[1],1[1],128[128],2816[2816],TILE,BFLOAT16,DEV_0_L1_INTERLEAVED,1[1],1[1],128[128],32[1],TILE,BFLOAT16,DEV_0_DRAM_INTERLEAVED,,,,,,,,,,,,,,,,,,,,,,1[1],1[1],128[128],2816[2816],TILE,BFLOAT16,DEV_0_L1_INTERLEAVED,,,,,,,,,,,,,,,,,['ttnn/cpp/ttnn/operations/eltwise/binary_ng/device/kernels_ng/compute/eltwise_binary_sfpu_col_bcast.cpp'],['eltwise_binary_sfpu_col_bcast/9925575506622934195/'],['ttnn/cpp/ttnn/operations/eltwise/binary_ng/device/kernels_ng/dataflow/writer_interleaved_no_bcast.cpp'; 'ttnn/cpp/ttnn/operations/eltwise/binary_ng/device/kernels_ng/dataflow/reader_interleaved_col_bcast.cpp'],['writer_interleaved_no_bcast/14018662213588267603/'; 'reader_interleaved_col_bcast/5805283660643222573/'],4858432732020396754,False,1196,1728,3544,2580,4588,0,0,0,0,1,1,1,[],[],0.0,,,,,,,93330
ReduceDeviceOperation,tt_dnn_device,111619,3,blackhole,{'compute_kernel_config': 'ComputeKernelConfig(math_fidelity=HiFi4;math_approx_mode=0;fp32_dest_acc_en=1;packer_l1_acc=0;dst_full_sync_en=0;throttle_level=ThrottleLevel::NO_THROTTLE)'; 'dim': 'ReduceOpDim::H'; 'math_op': 'ReduceOpMath::SUM'; 'negate': 'false'; 'output_dtype': 'DataType::BFLOAT16'; 'output_mem_config': 'MemoryConfig(memory_layout=TensorMemoryLayout::INTERLEAVED;buffer_type=BufferType::L1;shard_spec=std::nullopt;nd_shard_spec=std::nullopt;created_with_nd_shard_spec=0)'; 'post_mul_scaler': '1'; 'row_major_h_dense_path': 'false'; 'row_major_w_dense_path': 'false'; 'scaler': '1'; 'sub_core_grids': 'std::nullopt'},HiFi4,110,110,,,21208293578,21208379754,86176,1331433297387,1331434984602,14655,0,1249789,1249027,,,,,439801,,,,,,,,,,,1[1],1[1],128[128],2816[2816],TILE,BFLOAT16,DEV_0_L1_INTERLEAVED,,,,,,,,,,,,,,,,,,,,,,,,,,,,,1[1],1[1],32[1],2816[2816],TILE,BFLOAT16,DEV_0_L1_INTERLEAVED,,,,,,,,,,,,,,,,,['ttnn/cpp/ttnn/operations/reduction/generic/device/kernels/compute/reduce.cpp'],['reduce/9983930490090516206/'],['ttnn/cpp/ttnn/operations/eltwise/unary/device/kernels/dataflow/writer_unary_interleaved_start_id.cpp'; 'ttnn/cpp/ttnn/operations/reduction/generic/device/kernels/dataflow/reader_unary_transpose_wh_universal_input_cols_partitioned.cpp'],['writer_unary_interleaved_start_id/3512459262536721788/'; 'reader_unary_transpose_wh_universal_input_cols_partitioned/16598934264112714979/'],2330917652251988961,False,1140,1196,1208,932,1252,0,0,0,0,1,1,1,[],[],0.0,,,,,,,86176
LayerNormDeviceOperation,tt_dnn_device,112643,3,blackhole,{'compute_kernel_config': 'ComputeKernelConfig(math_fidelity=HiFi4;math_approx_mode=0;fp32_dest_acc_en=1;packer_l1_acc=0;dst_full_sync_en=0;throttle_level=ThrottleLevel::NO_THROTTLE)'; 'distributed_norm_stage': 'DistributedLayerNormStage::NOT_DISTRIBUTED'; 'dtype': 'std::nullopt'; 'eps': '1e-06'; 'fused_activation': 'std::nullopt'; 'norm_type': 'LayerNormType::RMSNORM'; 'output_mem_config': 'MemoryConfig(memory_layout=TensorMemoryLayout::INTERLEAVED;buffer_type=BufferType::DRAM;shard_spec=std::nullopt;nd_shard_spec=std::nullopt;created_with_nd_shard_spec=0)'; 'program_config': 'LayerNormDefaultProgramConfig(legacy_reduction=0;legacy_rsqrt=0;use_welford=0)'},HiFi4,110,110,,,21210382829,21210450860,68031,1331435003088,1331436689824,14456,0,1249434,1248671,,,,,440404,,,,,,,,,,,1[1],1[1],32[1],2816[2816],TILE,BFLOAT16,DEV_0_L1_INTERLEAVED,1[1],1[1],32[1],2816[2816],TILE,BFLOAT16,DEV_0_DRAM_INTERLEAVED,,,,,,,,,,,,,,,,,,,,,,1[1],1[1],32[1],2816[2816],TILE,BFLOAT16,DEV_0_DRAM_INTERLEAVED,,,,,,,,,,,,,,,,,['ttnn/cpp/ttnn/operations/normalization/layernorm/device/kernels/compute/layernorm.cpp'],['layernorm/14183512734866135947/'],['ttnn/cpp/ttnn/operations/normalization/layernorm/device/kernels/dataflow/writer_unary_interleaved_start_id_blocked.cpp'; 'ttnn/cpp/ttnn/operations/normalization/layernorm/device/kernels/dataflow/reader_unary_interleaved_ln.cpp'],['writer_unary_interleaved_start_id_blocked/9368183165344307478/'; 'reader_unary_interleaved_ln/1206939643140459182/'],12938534688483059852,False,852,1632,3664,2904,3384,0,0,0,0,1,1,1,[],[],0.0,,,,,,,68031
BinaryNgDeviceOperation,tt_dnn_device,113667,3,blackhole,{'atol': '0'; 'binary_op_type': 'BinaryOpType::ADD'; 'compute_kernel_config': 'std::nullopt'; 'dtype': 'DataType::BFLOAT16'; 'equal_nan': 'false'; 'input_dtype': 'DataType::BFLOAT16'; 'input_layout_a': 'Layout::TILE'; 'input_layout_b': 'Layout::TILE'; 'is_quant_op': 'false'; 'is_sfpu': 'false'; 'is_where_op': 'false'; 'lhs_activations': '{}'; 'memory_config': 'MemoryConfig(memory_layout=TensorMemoryLayout::INTERLEAVED;buffer_type=BufferType::DRAM;shard_spec=std::nullopt;nd_shard_spec=std::nullopt;created_with_nd_shard_spec=0)'; 'output_layout': 'Layout::TILE'; 'post_activations': '{}'; 'rhs_activations': '{}'; 'rtol': '0'; 'scalar': 'std::nullopt'; 'sub_core_grids': 'std::nullopt'; 'sub_device_id': 'std::nullopt'; 'subtile_broadcast_type': 'SubtileBroadcastType::NONE'; 'worker_grid': '{[0-0 - 10-9]}'},HiFi4,110,110,,,21210603233,21210611199,7966,1331436749809,1331438438200,45189,0,1250660,1249904,,,,,439381,,,,,,,,,,,1[1],1[1],32[1],2816[2816],TILE,BFLOAT16,DEV_0_DRAM_INTERLEAVED,1[1],1[1],32[1],2816[2816],TILE,BFLOAT16,DEV_0_DRAM_INTERLEAVED,,,,,,,,,,,,,,,,,,,,,,1[1],1[1],32[1],2816[2816],TILE,BFLOAT16,DEV_0_DRAM_INTERLEAVED,,,,,,,,,,,,,,,,,['ttnn/cpp/ttnn/operations/eltwise/binary_ng/device/kernels/compute/eltwise_binary_no_bcast.cpp'],['eltwise_binary_no_bcast/15947375324960782372/'],['ttnn/cpp/ttnn/operations/eltwise/binary_ng/device/kernels_ng/dataflow/writer_interleaved_no_bcast.cpp'; 'ttnn/cpp/ttnn/operations/eltwise/binary_ng/device/kernels_ng/dataflow/reader_interleaved_no_bcast.cpp'],['writer_interleaved_no_bcast/6660480933297534133/'; 'reader_interleaved_no_bcast/10340092850644497914/'],1295168523863076379,False,1160,1684,1336,804,1320,0,0,0,0,1,1,1,[],[],0.0,,,,,,,7966
LayerNormDeviceOperation,tt_dnn_device,114691,3,blackhole,{'compute_kernel_config': 'ComputeKernelConfig(math_fidelity=HiFi4;math_approx_mode=0;fp32_dest_acc_en=1;packer_l1_acc=0;dst_full_sync_en=0;throttle_level=ThrottleLevel::NO_THROTTLE)'; 'distributed_norm_stage': 'DistributedLayerNormStage::NOT_DISTRIBUTED'; 'dtype': 'std::nullopt'; 'eps': '1e-06'; 'fused_activation': 'std::nullopt'; 'norm_type': 'LayerNormType::RMSNORM'; 'output_mem_config': 'MemoryConfig(memory_layout=TensorMemoryLayout::INTERLEAVED;buffer_type=BufferType::DRAM;shard_spec=std::nullopt;nd_shard_spec=std::nullopt;created_with_nd_shard_spec=0)'; 'program_config': 'LayerNormDefaultProgramConfig(legacy_reduction=0;legacy_rsqrt=0;use_welford=0)'},HiFi4,110,110,,,21210678779,21210681033,2254,1331438457156,1331440145416,14813,0,1250563,1249791,,,,,440789,,,,,,,,,,,1[1],1[1],32[1],2816[2816],TILE,BFLOAT16,DEV_0_DRAM_INTERLEAVED,1[1],1[1],32[1],2816[2816],TILE,BFLOAT16,DEV_0_DRAM_INTERLEAVED,,,,,,,,,,,,,,,,,,,,,,1[1],1[1],32[1],2816[2816],TILE,BFLOAT16,DEV_0_DRAM_INTERLEAVED,,,,,,,,,,,,,,,,,['ttnn/cpp/ttnn/operations/normalization/layernorm/device/kernels/compute/layernorm.cpp'],['layernorm/14183512734866135947/'],['ttnn/cpp/ttnn/operations/normalization/layernorm/device/kernels/dataflow/writer_unary_interleaved_start_id_blocked.cpp'; 'ttnn/cpp/ttnn/operations/normalization/layernorm/device/kernels/dataflow/reader_unary_interleaved_ln.cpp'],['writer_unary_interleaved_start_id_blocked/9368183165344307478/'; 'reader_unary_interleaved_ln/8993227705683819751/'],5622200613246340018,False,852,1724,3664,2904,3384,0,0,0,0,1,1,1,[],[],0.0,,,,,,,2254
BinaryNgDeviceOperation,tt_dnn_device,115715,3,blackhole,{'atol': '0'; 'binary_op_type': 'BinaryOpType::ADD'; 'compute_kernel_config': 'std::nullopt'; 'dtype': 'DataType::BFLOAT16'; 'equal_nan': 'false'; 'input_dtype': 'DataType::BFLOAT16'; 'input_layout_a': 'Layout::TILE'; 'input_layout_b': 'Layout::TILE'; 'is_quant_op': 'false'; 'is_sfpu': 'false'; 'is_where_op': 'false'; 'lhs_activations': '{}'; 'memory_config': 'MemoryConfig(memory_layout=TensorMemoryLayout::INTERLEAVED;buffer_type=BufferType::DRAM;shard_spec=std::nullopt;nd_shard_spec=std::nullopt;created_with_nd_shard_spec=0)'; 'output_layout': 'Layout::TILE'; 'post_activations': '{}'; 'rhs_activations': '{}'; 'rtol': '0'; 'scalar': 'std::nullopt'; 'sub_core_grids': 'std::nullopt'; 'sub_device_id': 'std::nullopt'; 'subtile_broadcast_type': 'SubtileBroadcastType::NONE'; 'worker_grid': '{[0-0 - 10-9]}'},HiFi4,110,110,,,21210736921,21210738003,1082,1331440164339,1331441851268,14788,0,1249577,1248805,,,,,440163,,,,,,,,,,,1[1],1[1],32[1],2816[2816],TILE,BFLOAT16,DEV_0_DRAM_INTERLEAVED,1[1],1[1],32[1],2816[2816],TILE,BFLOAT16,DEV_0_DRAM_INTERLEAVED,,,,,,,,,,,,,,,,,,,,,,1[1],1[1],32[1],2816[2816],TILE,BFLOAT16,DEV_0_DRAM_INTERLEAVED,,,,,,,,,,,,,,,,,['ttnn/cpp/ttnn/operations/eltwise/binary_ng/device/kernels/compute/eltwise_binary_no_bcast.cpp'],['eltwise_binary_no_bcast/15947375324960782372/'],['ttnn/cpp/ttnn/operations/eltwise/binary_ng/device/kernels_ng/dataflow/writer_interleaved_no_bcast.cpp'; 'ttnn/cpp/ttnn/operations/eltwise/binary_ng/device/kernels_ng/dataflow/reader_interleaved_no_bcast.cpp'],['writer_interleaved_no_bcast/6660480933297534133/'; 'reader_interleaved_no_bcast/10340092850644497914/'],1295168523863076379,False,1160,1684,1336,804,1320,0,0,0,0,1,1,1,[],[],0.0,,,,,,,1082
BinaryNgDeviceOperation,tt_dnn_device,116739,3,blackhole,{'atol': '0'; 'binary_op_type': 'BinaryOpType::MUL'; 'compute_kernel_config': 'std::nullopt'; 'dtype': 'DataType::BFLOAT16'; 'equal_nan': 'false'; 'input_dtype': 'DataType::BFLOAT16'; 'input_layout_a': 'Layout::TILE'; 'input_layout_b': 'Layout::TILE'; 'is_quant_op': 'false'; 'is_sfpu': 'true'; 'is_where_op': 'false'; 'lhs_activations': '{}'; 'memory_config': 'MemoryConfig(memory_layout=TensorMemoryLayout::INTERLEAVED;buffer_type=BufferType::DRAM;shard_spec=std::nullopt;nd_shard_spec=std::nullopt;created_with_nd_shard_spec=0)'; 'output_layout': 'Layout::TILE'; 'post_activations': '{}'; 'rhs_activations': '{}'; 'rtol': '0'; 'scalar': 'std::nullopt'; 'sub_core_grids': 'std::nullopt'; 'sub_device_id': 'std::nullopt'; 'subtile_broadcast_type': 'SubtileBroadcastType::SCALAR_B'; 'worker_grid': '{[0-0 - 10-9]}'},HiFi4,110,110,,,21215426125,21215511048,84923,1331441871597,1331443557656,15827,0,1248933,1248165,,,,,439560,,,,,,,,,,,1[1],1[1],32[1],2816[2816],TILE,BFLOAT16,DEV_0_DRAM_INTERLEAVED,1[1],1[1],32[1],32[1],TILE,BFLOAT16,DEV_0_DRAM_INTERLEAVED,,,,,,,,,,,,,,,,,,,,,,1[1],1[1],32[1],2816[2816],TILE,BFLOAT16,DEV_0_DRAM_INTERLEAVED,,,,,,,,,,,,,,,,,['ttnn/cpp/ttnn/operations/eltwise/binary_ng/device/kernels_ng/compute/eltwise_binary_sfpu_scalar_bcast.cpp'],['eltwise_binary_sfpu_scalar_bcast/14283356454050969296/'],['ttnn/cpp/ttnn/operations/eltwise/binary_ng/device/kernels_ng/dataflow/writer_interleaved_no_bcast.cpp'; 'ttnn/cpp/ttnn/operations/eltwise/binary_ng/device/kernels_ng/dataflow/reader_interleaved_scalar_bcast.cpp'],['writer_interleaved_no_bcast/2156604396995343583/'; 'reader_interleaved_scalar_bcast/5069833772443763492/'],9109786479759121483,False,1160,1676,3512,2560,4588,0,0,0,0,1,1,1,[],[],0.0,,,,,,,84923
LayerNormDeviceOperation,tt_dnn_device,117763,3,blackhole,{'compute_kernel_config': 'ComputeKernelConfig(math_fidelity=HiFi4;math_approx_mode=0;fp32_dest_acc_en=1;packer_l1_acc=0;dst_full_sync_en=0;throttle_level=ThrottleLevel::NO_THROTTLE)'; 'distributed_norm_stage': 'DistributedLayerNormStage::NOT_DISTRIBUTED'; 'dtype': 'std::nullopt'; 'eps': '1e-06'; 'fused_activation': 'std::nullopt'; 'norm_type': 'LayerNormType::RMSNORM'; 'output_mem_config': 'MemoryConfig(memory_layout=TensorMemoryLayout::INTERLEAVED;buffer_type=BufferType::DRAM;shard_spec=std::nullopt;nd_shard_spec=std::nullopt;created_with_nd_shard_spec=0)'; 'program_config': 'LayerNormDefaultProgramConfig(legacy_reduction=0;legacy_rsqrt=0;use_welford=0)'},HiFi4,110,110,,,21225083079,21225087417,4338,1331443579572,1331445269502,16967,0,1251800,1251070,,,,,440777,,,,,,,,,,,1[1],1[1],32[1],2816[2816],TILE,BFLOAT16,DEV_0_DRAM_INTERLEAVED,1[1],1[1],32[1],2816[2816],TILE,BFLOAT16,DEV_0_DRAM_INTERLEAVED,,,,,,,,,,,,,,,,,,,,,,1[1],1[1],32[1],2816[2816],TILE,BFLOAT16,DEV_0_DRAM_INTERLEAVED,,,,,,,,,,,,,,,,,['ttnn/cpp/ttnn/operations/normalization/layernorm/device/kernels/compute/layernorm.cpp'],['layernorm/14183512734866135947/'],['ttnn/cpp/ttnn/operations/normalization/layernorm/device/kernels/dataflow/writer_unary_interleaved_start_id_blocked.cpp'; 'ttnn/cpp/ttnn/operations/normalization/layernorm/device/kernels/dataflow/reader_unary_interleaved_ln.cpp'],['writer_unary_interleaved_start_id_blocked/9368183165344307478/'; 'reader_unary_interleaved_ln/8993227705683819751/'],5622200613246340018,False,852,1724,3664,2904,3384,0,0,0,0,1,1,1,[],[],0.0,,,,,,,4338
MatmulDeviceOperation,tt_dnn_device,118787,3,blackhole,{'bcast_batch': 'true'; 'compute_kernel_config': 'ComputeKernelConfig(math_fidelity=HiFi4;math_approx_mode=0;fp32_dest_acc_en=0;packer_l1_acc=1;dst_full_sync_en=0;throttle_level=ThrottleLevel::NO_THROTTLE)'; 'global_cb': 'std::nullopt'; 'output_dtype': 'DataType::BFLOAT16'; 'output_mem_config': 'MemoryConfig(memory_layout=TensorMemoryLayout::INTERLEAVED;buffer_type=BufferType::DRAM;shard_spec=std::nullopt;nd_shard_spec=std::nullopt;created_with_nd_shard_spec=0)'; 'output_tile': 'Tile(tile_shape={32; 32};face_shape={16; 16};num_faces=4)'; 'program_config': 'MatmulMultiCoreReuseMultiCast1DProgramConfig(compute_with_storage_grid_size=11-10;in0_block_w=2;out_subblock_h=1;out_subblock_w=3;out_block_h=1;out_block_w=3;per_core_M=1;per_core_N=3;fuse_batch=0;fused_activation=std::nullopt;mcast_in0=1;gather_in0=0;hop_cores={};num_global_cb_receivers=0;untilize_out=0;allowed_worker_cores={[0-0 - 10-9]})'; 'sub_device_id': 'std::nullopt'; 'transpose_a': 'false'; 'transpose_b': 'false'; 'untilize_out': 'false'; 'user_core_coord': 'std::nullopt'; 'user_fused_activation': 'std::nullopt'; 'user_run_batched': 'false'},HiFi4,110,110,,,21225242055,21225245531,3476,1331445289094,1331446977494,15284,0,1250667,1249893,,,,,440151,,,,,,,,,,,1[1],1[1],32[1],2816[2816],TILE,BFLOAT16,DEV_0_DRAM_INTERLEAVED,1[1],1[1],2816[2816],8192[8192],TILE,BFLOAT16,DEV_0_DRAM_INTERLEAVED,,,,,,,,,,,,,,,,,,,,,,1[1],1[1],32[1],8192[8192],TILE,BFLOAT16,DEV_0_DRAM_INTERLEAVED,,,,,,,,,,,,,,,,,['ttnn/cpp/ttnn/operations/matmul/device/kernels/compute/bmm_large_block_zm_fused_bias_activation.cpp'],['bmm_large_block_zm_fused_bias_activation/6682372206784340410/'],['ttnn/cpp/ttnn/operations/matmul/device/kernels/dataflow/reader_bmm_tile_layout_in1_sender_writer_padding.cpp'; 'ttnn/cpp/ttnn/operations/matmul/device/kernels/dataflow/reader_bmm_tile_layout_in0_receiver.cpp'; 'ttnn/cpp/ttnn/operations/matmul/device/kernels/dataflow/reader_bmm_tile_layout_in0_sender_padding.cpp'],['reader_bmm_tile_layout_in1_sender_writer_padding/8060400683709271961/'; 'reader_bmm_tile_layout_in0_receiver/8544611451277383063/'; 'reader_bmm_tile_layout_in0_sender_padding/3782225532799048323/'],9851339401059281641,False,1732,1124,2092,1956,2740,0,0,0,0,83923,304,83923,[2.1474924087524414; 549.758056640625],[6.247250556945801],0.024,,,,,,,3476
NLPCreateQKVHeadsDecodeDeviceOperation,tt_dnn_device,119811,3,blackhole,"{'head_dim': '256'; 'input_on_subcoregrids': 'false'; 'num_kv_heads': '8'; 'num_q_heads': '16'; 'output_mem_config': 'MemoryConfig(memory_layout=TensorMemoryLayout::HEIGHT_SHARDED;buffer_type=BufferType::L1;shard_spec=ShardSpec{grid=[{""start"":{""x"":0;""y"":0};""end"":{""x"":0;""y"":0}]; shape=[0; 0]; orientation=ShardOrientation::ROW_MAJOR};nd_shard_spec=std::nullopt;created_with_nd_shard_spec=0)'; 'overlap_qk_coregrid': 'true'; 'slice_size': 'std::nullopt'}",,110,110,,,21225338350,21225342428,4078,1331446995829,1331448684098,14355,0,1250570,1249797,,,,,439887,,,,,,,,,,,1[1],1[1],32[1],8192[8192],TILE,BFLOAT16,DEV_0_DRAM_INTERLEAVED,,,,,,,,,,,,,,,,,,,,,,,,,,,,,1[1],1[1],32[16],256[256],TILE,BFLOAT16,DEV_0_L1_HEIGHT_SHARDED,1[1],1[1],32[8],256[256],TILE,BFLOAT16,DEV_0_L1_HEIGHT_SHARDED,1[1],1[1],32[8],256[256],TILE,BFLOAT16,DEV_0_L1_HEIGHT_SHARDED,,,[],[],['ttnn/cpp/ttnn/operations/experimental/transformer/nlp_create_qkv_heads_decode/device/kernels/reader_interleaved_tm_tile_layout_nlp_create_qkv_heads_decode.cpp'],['reader_interleaved_tm_tile_layout_nlp_create_qkv_heads_decode/10482989530640118111/'],4420071296009224271,False,1604,1568,0,0,0,0,0,0,0,1,1,1,[],[],0.0,,,,,,,4078
ShardedToInterleavedDeviceOperation,tt_dnn_device,120835,3,blackhole,{'num_slices': '1'; 'output_dtype': 'DataType::BFLOAT16'; 'output_mem_config': 'MemoryConfig(memory_layout=TensorMemoryLayout::INTERLEAVED;buffer_type=BufferType::L1;shard_spec=std::nullopt;nd_shard_spec=std::nullopt;created_with_nd_shard_spec=0)'; 'slice_index': '0'},,110,110,,,21225374820,21225377325,2505,1331448704211,1331450392410,15658,0,1250518,1249759,,,,,439833,,,,,,,,,,,1[1],1[1],32[16],256[256],TILE,BFLOAT16,DEV_0_L1_HEIGHT_SHARDED,,,,,,,,,,,,,,,,,,,,,,,,,,,,,1[1],1[1],32[16],256[256],TILE,BFLOAT16,DEV_0_L1_INTERLEAVED,,,,,,,,,,,,,,,,,[],[],['ttnn/cpp/ttnn/operations/data_movement/sharded/device/kernels/dataflow/writer_unary_sharded_blocks_interleaved_start_id.cpp'; 'ttnn/cpp/ttnn/operations/eltwise/unary/device/kernels/dataflow/reader_unary_sharded.cpp'],['writer_unary_sharded_blocks_interleaved_start_id/11155612246550611684/'; 'reader_unary_sharded/8068229797266538021/'],3473822999492795756,False,960,440,0,0,0,0,0,0,0,1,1,1,[],[],0.0,,,,,,,2505
ShardedToInterleavedDeviceOperation,tt_dnn_device,121859,3,blackhole,{'num_slices': '1'; 'output_dtype': 'DataType::BFLOAT16'; 'output_mem_config': 'MemoryConfig(memory_layout=TensorMemoryLayout::INTERLEAVED;buffer_type=BufferType::L1;shard_spec=std::nullopt;nd_shard_spec=std::nullopt;created_with_nd_shard_spec=0)'; 'slice_index': '0'},,110,110,,,21225396773,21225397714,941,1331450411903,1331452101868,15213,0,1251826,1251049,,,,,440296,,,,,,,,,,,1[1],1[1],32[8],256[256],TILE,BFLOAT16,DEV_0_L1_HEIGHT_SHARDED,,,,,,,,,,,,,,,,,,,,,,,,,,,,,1[1],1[1],32[8],256[256],TILE,BFLOAT16,DEV_0_L1_INTERLEAVED,,,,,,,,,,,,,,,,,[],[],['ttnn/cpp/ttnn/operations/data_movement/sharded/device/kernels/dataflow/writer_unary_sharded_blocks_interleaved_start_id.cpp'; 'ttnn/cpp/ttnn/operations/eltwise/unary/device/kernels/dataflow/reader_unary_sharded.cpp'],['writer_unary_sharded_blocks_interleaved_start_id/11155612246550611684/'; 'reader_unary_sharded/8068229797266538021/'],3517192577248902587,False,960,440,0,0,0,0,0,0,0,1,1,1,[],[],0.0,,,,,,,941
ShardedToInterleavedDeviceOperation,tt_dnn_device,122883,3,blackhole,{'num_slices': '1'; 'output_dtype': 'DataType::BFLOAT16'; 'output_mem_config': 'MemoryConfig(memory_layout=TensorMemoryLayout::INTERLEAVED;buffer_type=BufferType::L1;shard_spec=std::nullopt;nd_shard_spec=std::nullopt;created_with_nd_shard_spec=0)'; 'slice_index': '0'},,110,110,,,21225404918,21225405710,792,1331452121120,1331453809230,15036,0,1250452,1249677,,,,,440128,,,,,,,,,,,1[1],1[1],32[8],256[256],TILE,BFLOAT16,DEV_0_L1_HEIGHT_SHARDED,,,,,,,,,,,,,,,,,,,,,,,,,,,,,1[1],1[1],32[8],256[256],TILE,BFLOAT16,DEV_0_L1_INTERLEAVED,,,,,,,,,,,,,,,,,[],[],['ttnn/cpp/ttnn/operations/data_movement/sharded/device/kernels/dataflow/writer_unary_sharded_blocks_interleaved_start_id.cpp'; 'ttnn/cpp/ttnn/operations/eltwise/unary/device/kernels/dataflow/reader_unary_sharded.cpp'],['writer_unary_sharded_blocks_interleaved_start_id/11155612246550611684/'; 'reader_unary_sharded/8068229797266538021/'],3517192577248902587,False,960,440,0,0,0,0,0,0,0,1,1,1,[],[],0.0,,,,,,,792
LayerNormDeviceOperation,tt_dnn_device,123907,3,blackhole,{'compute_kernel_config': 'ComputeKernelConfig(math_fidelity=HiFi4;math_approx_mode=0;fp32_dest_acc_en=1;packer_l1_acc=0;dst_full_sync_en=0;throttle_level=ThrottleLevel::NO_THROTTLE)'; 'distributed_norm_stage': 'DistributedLayerNormStage::NOT_DISTRIBUTED'; 'dtype': 'std::nullopt'; 'eps': '1e-06'; 'fused_activation': 'std::nullopt'; 'norm_type': 'LayerNormType::RMSNORM'; 'output_mem_config': 'MemoryConfig(memory_layout=TensorMemoryLayout::INTERLEAVED;buffer_type=BufferType::DRAM;shard_spec=std::nullopt;nd_shard_spec=std::nullopt;created_with_nd_shard_spec=0)'; 'program_config': 'LayerNormDefaultProgramConfig(legacy_reduction=0;legacy_rsqrt=0;use_welford=0)'},HiFi4,110,110,,,21225443593,21225446929,3336,1331453827947,1331455514940,14592,0,1249624,1248899,,,,,440177,,,,,,,,,,,1[1],1[1],32[16],256[256],TILE,BFLOAT16,DEV_0_L1_INTERLEAVED,1[1],1[1],32[1],256[256],TILE,BFLOAT16,DEV_0_DRAM_INTERLEAVED,,,,,,,,,,,,,,,,,,,,,,1[1],1[1],32[16],256[256],TILE,BFLOAT16,DEV_0_DRAM_INTERLEAVED,,,,,,,,,,,,,,,,,['ttnn/cpp/ttnn/operations/normalization/layernorm/device/kernels/compute/layernorm.cpp'],['layernorm/1288951867651274089/'],['ttnn/cpp/ttnn/operations/normalization/layernorm/device/kernels/dataflow/writer_unary_interleaved_start_id_blocked.cpp'; 'ttnn/cpp/ttnn/operations/normalization/layernorm/device/kernels/dataflow/reader_unary_interleaved_ln.cpp'],['writer_unary_interleaved_start_id_blocked/9368183165344307478/'; 'reader_unary_interleaved_ln/14900847600318758689/'],12380057387830230347,False,852,1632,3656,3036,4088,0,0,0,0,1,1,1,[],[],0.0,,,,,,,3336
LayerNormDeviceOperation,tt_dnn_device,124931,3,blackhole,{'compute_kernel_config': 'ComputeKernelConfig(math_fidelity=HiFi4;math_approx_mode=0;fp32_dest_acc_en=1;packer_l1_acc=0;dst_full_sync_en=0;throttle_level=ThrottleLevel::NO_THROTTLE)'; 'distributed_norm_stage': 'DistributedLayerNormStage::NOT_DISTRIBUTED'; 'dtype': 'std::nullopt'; 'eps': '1e-06'; 'fused_activation': 'std::nullopt'; 'norm_type': 'LayerNormType::RMSNORM'; 'output_mem_config': 'MemoryConfig(memory_layout=TensorMemoryLayout::INTERLEAVED;buffer_type=BufferType::DRAM;shard_spec=std::nullopt;nd_shard_spec=std::nullopt;created_with_nd_shard_spec=0)'; 'program_config': 'LayerNormDefaultProgramConfig(legacy_reduction=0;legacy_rsqrt=0;use_welford=0)'},HiFi4,110,110,,,21225472238,21225473570,1332,1331455533598,1331457221180,14577,0,1250061,1249304,,,,,439117,,,,,,,,,,,1[1],1[1],32[8],256[256],TILE,BFLOAT16,DEV_0_L1_INTERLEAVED,1[1],1[1],32[1],256[256],TILE,BFLOAT16,DEV_0_DRAM_INTERLEAVED,,,,,,,,,,,,,,,,,,,,,,1[1],1[1],32[8],256[256],TILE,BFLOAT16,DEV_0_DRAM_INTERLEAVED,,,,,,,,,,,,,,,,,['ttnn/cpp/ttnn/operations/normalization/layernorm/device/kernels/compute/layernorm.cpp'],['layernorm/1288951867651274089/'],['ttnn/cpp/ttnn/operations/normalization/layernorm/device/kernels/dataflow/writer_unary_interleaved_start_id_blocked.cpp'; 'ttnn/cpp/ttnn/operations/normalization/layernorm/device/kernels/dataflow/reader_unary_interleaved_ln.cpp'],['writer_unary_interleaved_start_id_blocked/9368183165344307478/'; 'reader_unary_interleaved_ln/14900847600318758689/'],1037146442705024254,False,852,1632,3656,3036,4088,0,0,0,0,1,1,1,[],[],0.0,,,,,,,1332
LayerNormDeviceOperation,tt_dnn_device,125955,3,blackhole,{'compute_kernel_config': 'ComputeKernelConfig(math_fidelity=HiFi4;math_approx_mode=0;fp32_dest_acc_en=1;packer_l1_acc=0;dst_full_sync_en=0;throttle_level=ThrottleLevel::NO_THROTTLE)'; 'distributed_norm_stage': 'DistributedLayerNormStage::NOT_DISTRIBUTED'; 'dtype': 'std::nullopt'; 'eps': '1e-06'; 'fused_activation': 'std::nullopt'; 'norm_type': 'LayerNormType::RMSNORM'; 'output_mem_config': 'MemoryConfig(memory_layout=TensorMemoryLayout::INTERLEAVED;buffer_type=BufferType::DRAM;shard_spec=std::nullopt;nd_shard_spec=std::nullopt;created_with_nd_shard_spec=0)'; 'program_config': 'LayerNormDefaultProgramConfig(legacy_reduction=0;legacy_rsqrt=0;use_welford=0)'},HiFi4,110,110,,,21225495202,21225496685,1483,1331457240515,1331458926974,15056,0,1249229,1248496,,,,,438691,,,,,,,,,,,1[1],1[1],32[8],256[256],TILE,BFLOAT16,DEV_0_L1_INTERLEAVED,,,,,,,,,,,,,,,,,,,,,,,,,,,,,1[1],1[1],32[8],256[256],TILE,BFLOAT16,DEV_0_DRAM_INTERLEAVED,,,,,,,,,,,,,,,,,['ttnn/cpp/ttnn/operations/normalization/layernorm/device/kernels/compute/layernorm.cpp'],['layernorm/12249547983648950110/'],['ttnn/cpp/ttnn/operations/normalization/layernorm/device/kernels/dataflow/writer_unary_interleaved_start_id_blocked.cpp'; 'ttnn/cpp/ttnn/operations/normalization/layernorm/device/kernels/dataflow/reader_unary_interleaved_ln.cpp'],['writer_unary_interleaved_start_id_blocked/2340364737112479010/'; 'reader_unary_interleaved_ln/17900652844950130339/'],15859871130617093302,False,852,1304,3108,3016,3552,0,0,0,0,1,1,1,[],[],0.0,,,,,,,1483
InterleavedToShardedDeviceOperation,tt_dnn_device,126979,3,blackhole,"{'keep_l1_aligned': 'false'; 'output_dtype': 'DataType::BFLOAT16'; 'output_mem_config': 'MemoryConfig(memory_layout=TensorMemoryLayout::HEIGHT_SHARDED;buffer_type=BufferType::L1;shard_spec=ShardSpec{grid=[{""start"":{""x"":0;""y"":0};""end"":{""x"":0;""y"":0}]; shape=[32; 256]; orientation=ShardOrientation::ROW_MAJOR};nd_shard_spec=std::nullopt;created_with_nd_shard_spec=0)'}",,110,110,,,21225523146,21225524979,1833,1331458945185,1331460632416,14243,0,1249801,1249046,,,,,438984,,,,,,,,,,,1[1],1[1],32[16],256[256],TILE,BFLOAT16,DEV_0_DRAM_INTERLEAVED,,,,,,,,,,,,,,,,,,,,,,,,,,,,,1[1],1[1],32[16],256[256],TILE,BFLOAT16,DEV_0_L1_HEIGHT_SHARDED,,,,,,,,,,,,,,,,,[],[],['ttnn/cpp/ttnn/operations/data_movement/sharded/device/kernels/dataflow/writer_unary_sharded.cpp'; 'ttnn/cpp/ttnn/operations/data_movement/sharded/device/kernels/dataflow/reader_unary_sharded_blocks_interleaved_start_id.cpp'],['writer_unary_sharded/1312765632675731241/'; 'reader_unary_sharded_blocks_interleaved_start_id/10276242172772875993/'],2869520147481143698,False,424,916,0,0,0,0,0,0,0,1,1,1,[],[],0.0,,,,,,,1833
InterleavedToShardedDeviceOperation,tt_dnn_device,128003,3,blackhole,"{'keep_l1_aligned': 'false'; 'output_dtype': 'DataType::BFLOAT16'; 'output_mem_config': 'MemoryConfig(memory_layout=TensorMemoryLayout::HEIGHT_SHARDED;buffer_type=BufferType::L1;shard_spec=ShardSpec{grid=[{""start"":{""x"":0;""y"":0};""end"":{""x"":0;""y"":0}]; shape=[32; 256]; orientation=ShardOrientation::ROW_MAJOR};nd_shard_spec=std::nullopt;created_with_nd_shard_spec=0)'}",,110,110,,,21225532624,21225533195,571,1331460650135,1331462338182,13883,0,1250405,1249647,,,,,439574,,,,,,,,,,,1[1],1[1],32[16],256[256],TILE,BFLOAT16,DEV_0_DRAM_INTERLEAVED,,,,,,,,,,,,,,,,,,,,,,,,,,,,,1[1],1[1],32[16],256[256],TILE,BFLOAT16,DEV_0_L1_HEIGHT_SHARDED,,,,,,,,,,,,,,,,,[],[],['ttnn/cpp/ttnn/operations/data_movement/sharded/device/kernels/dataflow/writer_unary_sharded.cpp'; 'ttnn/cpp/ttnn/operations/data_movement/sharded/device/kernels/dataflow/reader_unary_sharded_blocks_interleaved_start_id.cpp'],['writer_unary_sharded/1312765632675731241/'; 'reader_unary_sharded_blocks_interleaved_start_id/10276242172772875993/'],2869520147481143698,False,424,916,0,0,0,0,0,0,0,1,1,1,[],[],0.0,,,,,,,571
InterleavedToShardedDeviceOperation,tt_dnn_device,129027,3,blackhole,"{'keep_l1_aligned': 'false'; 'output_dtype': 'DataType::BFLOAT16'; 'output_mem_config': 'MemoryConfig(memory_layout=TensorMemoryLayout::HEIGHT_SHARDED;buffer_type=BufferType::L1;shard_spec=ShardSpec{grid=[{""start"":{""x"":0;""y"":0};""end"":{""x"":0;""y"":0}]; shape=[32; 256]; orientation=ShardOrientation::ROW_MAJOR};nd_shard_spec=std::nullopt;created_with_nd_shard_spec=0)'}",,110,110,,,21225539788,21225540339,551,1331462358180,1331464046228,15570,0,1250406,1249650,,,,,439751,,,,,,,,,,,1[1],1[1],32[16],256[256],TILE,BFLOAT16,DEV_0_DRAM_INTERLEAVED,,,,,,,,,,,,,,,,,,,,,,,,,,,,,1[1],1[1],32[16],256[256],TILE,BFLOAT16,DEV_0_L1_HEIGHT_SHARDED,,,,,,,,,,,,,,,,,[],[],['ttnn/cpp/ttnn/operations/data_movement/sharded/device/kernels/dataflow/writer_unary_sharded.cpp'; 'ttnn/cpp/ttnn/operations/data_movement/sharded/device/kernels/dataflow/reader_unary_sharded_blocks_interleaved_start_id.cpp'],['writer_unary_sharded/1312765632675731241/'; 'reader_unary_sharded_blocks_interleaved_start_id/10276242172772875993/'],2869520147481143698,False,424,916,0,0,0,0,0,0,0,1,1,1,[],[],0.0,,,,,,,551
InterleavedToShardedDeviceOperation,tt_dnn_device,130051,3,blackhole,"{'keep_l1_aligned': 'false'; 'output_dtype': 'DataType::BFLOAT16'; 'output_mem_config': 'MemoryConfig(memory_layout=TensorMemoryLayout::HEIGHT_SHARDED;buffer_type=BufferType::L1;shard_spec=ShardSpec{grid=[{""start"":{""x"":0;""y"":0};""end"":{""x"":0;""y"":0}]; shape=[32; 256]; orientation=ShardOrientation::ROW_MAJOR};nd_shard_spec=std::nullopt;created_with_nd_shard_spec=0)'}",,110,110,,,21225561990,21225562381,391,1331464064994,1331465756396,14667,0,1252890,1252127,,,,,440128,,,,,,,,,,,1[1],1[1],32[16],256[256],TILE,BFLOAT16,DEV_0_DRAM_INTERLEAVED,,,,,,,,,,,,,,,,,,,,,,,,,,,,,1[1],1[1],32[16],256[256],TILE,BFLOAT16,DEV_0_L1_HEIGHT_SHARDED,,,,,,,,,,,,,,,,,[],[],['ttnn/cpp/ttnn/operations/data_movement/sharded/device/kernels/dataflow/writer_unary_sharded.cpp'; 'ttnn/cpp/ttnn/operations/data_movement/sharded/device/kernels/dataflow/reader_unary_sharded_blocks_interleaved_start_id.cpp'],['writer_unary_sharded/1312765632675731241/'; 'reader_unary_sharded_blocks_interleaved_start_id/10276242172772875993/'],2869520147481143698,False,424,916,0,0,0,0,0,0,0,1,1,1,[],[],0.0,,,,,,,391
InterleavedToShardedDeviceOperation,tt_dnn_device,131075,3,blackhole,"{'keep_l1_aligned': 'false'; 'output_dtype': 'DataType::BFLOAT16'; 'output_mem_config': 'MemoryConfig(memory_layout=TensorMemoryLayout::HEIGHT_SHARDED;buffer_type=BufferType::L1;shard_spec=ShardSpec{grid=[{""start"":{""x"":0;""y"":0};""end"":{""x"":0;""y"":0}]; shape=[32; 256]; orientation=ShardOrientation::ROW_MAJOR};nd_shard_spec=std::nullopt;created_with_nd_shard_spec=0)'}",,110,110,,,21225589413,21225589914,501,1331465797070,1331467485724,30895,0,1250855,1250085,,,,,439504,,,,,,,,,,,1[1],1[1],32[16],256[256],TILE,BFLOAT16,DEV_0_DRAM_INTERLEAVED,,,,,,,,,,,,,,,,,,,,,,,,,,,,,1[1],1[1],32[16],256[256],TILE,BFLOAT16,DEV_0_L1_HEIGHT_SHARDED,,,,,,,,,,,,,,,,,[],[],['ttnn/cpp/ttnn/operations/data_movement/sharded/device/kernels/dataflow/writer_unary_sharded.cpp'; 'ttnn/cpp/ttnn/operations/data_movement/sharded/device/kernels/dataflow/reader_unary_sharded_blocks_interleaved_start_id.cpp'],['writer_unary_sharded/1312765632675731241/'; 'reader_unary_sharded_blocks_interleaved_start_id/10276242172772875993/'],2869520147481143698,False,424,916,0,0,0,0,0,0,0,1,1,1,[],[],0.0,,,,,,,501
RotaryEmbeddingHfDeviceOperation,tt_dnn_device,132099,3,blackhole,"{'compute_kernel_config': 'ComputeKernelConfig(math_fidelity=HiFi4;math_approx_mode=1;fp32_dest_acc_en=0;packer_l1_acc=0;dst_full_sync_en=0;throttle_level=ThrottleLevel::NO_THROTTLE)'; 'is_decode_mode': 'true'; 'output_mem_config': 'MemoryConfig(memory_layout=TensorMemoryLayout::HEIGHT_SHARDED;buffer_type=BufferType::L1;shard_spec=ShardSpec{grid=[{""start"":{""x"":0;""y"":0};""end"":{""x"":0;""y"":0}]; shape=[32; 256]; orientation=ShardOrientation::ROW_MAJOR};nd_shard_spec={""shard_shape"":[32; 256];""grid"":[{""start"":{""x"":0;""y"":0};""end"":{""x"":0;""y"":0}}];""orientation"":""ShardOrientation::ROW_MAJOR"";""shard_distribution_strategy"":""ShardDistributionStrategy::ROUND_ROBIN_1D""};created_with_nd_shard_spec=0)'}",HiFi4,110,110,,,21225621585,21225623799,2214,1331467509681,1331469200419,18482,0,1252399,1251664,,,,,438921,,,,,,,,,,,1[1],1[1],32[16],256[256],TILE,BFLOAT16,DEV_0_L1_HEIGHT_SHARDED,1[1],1[1],32[1],256[256],TILE,BFLOAT16,DEV_0_L1_HEIGHT_SHARDED,1[1],1[1],32[1],256[256],TILE,BFLOAT16,DEV_0_L1_HEIGHT_SHARDED,,,,,,,,,,,,,,,1[1],1[1],32[16],256[256],TILE,BFLOAT16,DEV_0_L1_HEIGHT_SHARDED,,,,,,,,,,,,,,,,,['ttnn/cpp/ttnn/operations/experimental/transformer/rotary_embedding_hf/device/kernels/compute/rotary_embedding_hf_sharded.cpp'],['rotary_embedding_hf_sharded/6910181976596301282/'],['ttnn/cpp/ttnn/operations/experimental/transformer/rotary_embedding_hf/device/kernels/dataflow/reader_rotary_embedding_hf_sharded.cpp'],['reader_rotary_embedding_hf_sharded/8539307965800684445/'],14774625165161834370,False,0,476,2884,2060,4680,0,0,0,0,1,1,1,[],[],0.0,,,,,,,2214
RotaryEmbeddingHfDeviceOperation,tt_dnn_device,133123,3,blackhole,"{'compute_kernel_config': 'ComputeKernelConfig(math_fidelity=HiFi4;math_approx_mode=1;fp32_dest_acc_en=0;packer_l1_acc=0;dst_full_sync_en=0;throttle_level=ThrottleLevel::NO_THROTTLE)'; 'is_decode_mode': 'true'; 'output_mem_config': 'MemoryConfig(memory_layout=TensorMemoryLayout::HEIGHT_SHARDED;buffer_type=BufferType::L1;shard_spec=ShardSpec{grid=[{""start"":{""x"":0;""y"":0};""end"":{""x"":0;""y"":0}]; shape=[32; 256]; orientation=ShardOrientation::ROW_MAJOR};nd_shard_spec={""shard_shape"":[32; 256];""grid"":[{""start"":{""x"":0;""y"":0};""end"":{""x"":0;""y"":0}}];""orientation"":""ShardOrientation::ROW_MAJOR"";""shard_distribution_strategy"":""ShardDistributionStrategy::ROUND_ROBIN_1D""};created_with_nd_shard_spec=0)'}",HiFi4,110,110,,,21225643367,21225644389,1022,1331469224365,1331470915276,18494,0,1252527,1251768,,,,,441532,,,,,,,,,,,1[1],1[1],32[8],256[256],TILE,BFLOAT16,DEV_0_L1_HEIGHT_SHARDED,1[1],1[1],32[1],256[256],TILE,BFLOAT16,DEV_0_L1_HEIGHT_SHARDED,1[1],1[1],32[1],256[256],TILE,BFLOAT16,DEV_0_L1_HEIGHT_SHARDED,,,,,,,,,,,,,,,1[1],1[1],32[8],256[256],TILE,BFLOAT16,DEV_0_L1_HEIGHT_SHARDED,,,,,,,,,,,,,,,,,['ttnn/cpp/ttnn/operations/experimental/transformer/rotary_embedding_hf/device/kernels/compute/rotary_embedding_hf_sharded.cpp'],['rotary_embedding_hf_sharded/6910181976596301282/'],['ttnn/cpp/ttnn/operations/experimental/transformer/rotary_embedding_hf/device/kernels/dataflow/reader_rotary_embedding_hf_sharded.cpp'],['reader_rotary_embedding_hf_sharded/8539307965800684445/'],12119026542983064003,False,0,476,2884,2060,4680,0,0,0,0,1,1,1,[],[],0.0,,,,,,,1022
PagedUpdateCacheDeviceOperation,tt_dnn_device,134147,3,blackhole,{'batch_offset': '0'; 'block_size_override': 'std::nullopt'; 'cache_position_modulo': 'std::nullopt'; 'compute_kernel_config': 'ComputeKernelConfig(math_fidelity=LoFi;math_approx_mode=1;fp32_dest_acc_en=0;packer_l1_acc=0;dst_full_sync_en=0;throttle_level=ThrottleLevel::NO_THROTTLE)'; 'mesh_coords': 'std::nullopt'; 'num_kv_heads_override': 'std::nullopt'; 'share_cache': 'false'; 'update_idxs': '{}'},HiFi4,110,110,,,21225678855,21225680559,1704,1331470935552,1331472625516,15770,0,1251825,1251076,,,,,440687,,,,,,,,,,,17[17],8[8],64[64],256[256],TILE,BFLOAT16,DEV_0_DRAM_INTERLEAVED,1[1],1[1],32[8],256[256],TILE,BFLOAT16,DEV_0_L1_HEIGHT_SHARDED,1[1],1[1],1[1],1[1],ROW_MAJOR,INT32,DEV_0_DRAM_INTERLEAVED,1[1],1[1],1[1],17[17],ROW_MAJOR,INT32,DEV_0_DRAM_INTERLEAVED,,,,,,,,17[17],8[8],64[64],256[256],TILE,BFLOAT16,DEV_0_DRAM_INTERLEAVED,,,,,,,,,,,,,,,,,['ttnn/cpp/ttnn/operations/experimental/paged_cache/device/kernels/compute/update_cache.cpp'],['update_cache/15739375863056661895/'],['ttnn/cpp/ttnn/operations/experimental/paged_cache/device/kernels/dataflow/writer_update_cache_interleaved_start_id.cpp'; 'ttnn/cpp/ttnn/operations/experimental/paged_cache/device/kernels/dataflow/reader_update_cache_interleaved_start_id.cpp'],['writer_update_cache_interleaved_start_id/1632056772206994486/'; 'reader_update_cache_interleaved_start_id/13883502166499209496/'],3244724791499214907,False,1620,1408,2328,2240,5308,0,0,0,0,1,1,1,[],[],0.0,,,,,,,1704
PagedUpdateCacheDeviceOperation,tt_dnn_device,135171,3,blackhole,{'batch_offset': '0'; 'block_size_override': 'std::nullopt'; 'cache_position_modulo': 'std::nullopt'; 'compute_kernel_config': 'ComputeKernelConfig(math_fidelity=LoFi;math_approx_mode=1;fp32_dest_acc_en=0;packer_l1_acc=0;dst_full_sync_en=0;throttle_level=ThrottleLevel::NO_THROTTLE)'; 'mesh_coords': 'std::nullopt'; 'num_kv_heads_override': 'std::nullopt'; 'share_cache': 'false'; 'update_idxs': '{}'},HiFi4,110,110,,,21225687021,21225687773,752,1331472644472,1331474333017,14798,0,1250774,1250019,,,,,440190,,,,,,,,,,,17[17],8[8],64[64],256[256],TILE,BFLOAT16,DEV_0_DRAM_INTERLEAVED,1[1],1[1],32[8],256[256],TILE,BFLOAT16,DEV_0_L1_HEIGHT_SHARDED,1[1],1[1],1[1],1[1],ROW_MAJOR,INT32,DEV_0_DRAM_INTERLEAVED,1[1],1[1],1[1],17[17],ROW_MAJOR,INT32,DEV_0_DRAM_INTERLEAVED,,,,,,,,17[17],8[8],64[64],256[256],TILE,BFLOAT16,DEV_0_DRAM_INTERLEAVED,,,,,,,,,,,,,,,,,['ttnn/cpp/ttnn/operations/experimental/paged_cache/device/kernels/compute/update_cache.cpp'],['update_cache/15739375863056661895/'],['ttnn/cpp/ttnn/operations/experimental/paged_cache/device/kernels/dataflow/writer_update_cache_interleaved_start_id.cpp'; 'ttnn/cpp/ttnn/operations/experimental/paged_cache/device/kernels/dataflow/reader_update_cache_interleaved_start_id.cpp'],['writer_update_cache_interleaved_start_id/1632056772206994486/'; 'reader_update_cache_interleaved_start_id/13883502166499209496/'],3244724791499214907,False,1620,1408,2328,2240,5308,0,0,0,0,1,1,1,[],[],0.0,,,,,,,752
SdpaDecodeDeviceOperation,tt_dnn_device,136195,3,blackhole,{'block_size_override': 'std::nullopt'; 'cache_position_modulo': 'std::nullopt'; 'compute_kernel_config': 'ComputeKernelConfig(math_fidelity=HiFi2;math_approx_mode=1;fp32_dest_acc_en=0;packer_l1_acc=0;dst_full_sync_en=0;throttle_level=ThrottleLevel::NO_THROTTLE)'; 'cur_pos': '{}'; 'head_dim_v': 'std::nullopt'; 'is_causal': 'true'; 'k_chunk_size': '64'; 'num_kv_heads_override': 'std::nullopt'; 'output_mem_config': 'MemoryConfig(memory_layout=TensorMemoryLayout::INTERLEAVED;buffer_type=BufferType::DRAM;shard_spec=std::nullopt;nd_shard_spec=std::nullopt;created_with_nd_shard_spec=0)'; 'paged_attention': 'true'; 'program_config': 'SDPAProgramConfig(compute_with_storage_grid_size=8-4;sub_core_grids=std::nullopt;q_chunk_size=32;k_chunk_size=64;exp_approx_mode=0;max_cores_per_head_batch=16)'; 'scale': '1'; 'share_cache': 'std::nullopt'; 'sliding_window_size': '1024'; 'use_mla': 'std::nullopt'},HiFi2,110,110,,,21225790330,21225793145,2815,1331474355868,1331476045616,17699,0,1251665,1250893,,,,,440884,,,,,,,,,,,1[1],1[1],32[16],256[256],TILE,BFLOAT16,DEV_0_L1_HEIGHT_SHARDED,17[17],8[8],64[64],256[256],TILE,BFLOAT16,DEV_0_DRAM_INTERLEAVED,17[17],8[8],64[64],256[256],TILE,BFLOAT16,DEV_0_DRAM_INTERLEAVED,1[1],1[1],1[1],1[1],ROW_MAJOR,INT32,DEV_0_DRAM_INTERLEAVED,1[1],1[1],1[1],17[17],ROW_MAJOR,INT32,DEV_0_DRAM_INTERLEAVED,1[1],1[1],32[16],256[256],TILE,BFLOAT16,DEV_0_DRAM_INTERLEAVED,,,,,,,,,,,,,,,,,['ttnn/cpp/ttnn/operations/transformer/sdpa_decode/device/kernels/compute/sdpa_flash_decode.cpp'],['sdpa_flash_decode/4111661572447932072/'],['ttnn/cpp/ttnn/operations/transformer/sdpa_decode/device/kernels/dataflow/writer_decode_all.cpp'; 'ttnn/cpp/ttnn/operations/transformer/sdpa_decode/device/kernels/dataflow/reader_decode_all.cpp'],['writer_decode_all/9607113686983153680/'; 'reader_decode_all/2048964935103495000/'],8031159883293367588,False,4996,2704,14576,13964,11224,0,0,0,0,1,1,1,[],[],0.0,,,,,,,2815
InterleavedToShardedDeviceOperation,tt_dnn_device,137219,3,blackhole,"{'keep_l1_aligned': 'false'; 'output_dtype': 'DataType::BFLOAT16'; 'output_mem_config': 'MemoryConfig(memory_layout=TensorMemoryLayout::HEIGHT_SHARDED;buffer_type=BufferType::L1;shard_spec=ShardSpec{grid=[{""start"":{""x"":0;""y"":0};""end"":{""x"":0;""y"":0}]; shape=[32; 256]; orientation=ShardOrientation::ROW_MAJOR};nd_shard_spec=std::nullopt;created_with_nd_shard_spec=0)'}",,110,110,,,21225813915,21225814737,822,1331476064066,1331477752438,14404,0,1250646,1249907,,,,,440027,,,,,,,,,,,1[1],1[1],32[16],256[256],TILE,BFLOAT16,DEV_0_DRAM_INTERLEAVED,,,,,,,,,,,,,,,,,,,,,,,,,,,,,1[1],1[1],32[16],256[256],TILE,BFLOAT16,DEV_0_L1_HEIGHT_SHARDED,,,,,,,,,,,,,,,,,[],[],['ttnn/cpp/ttnn/operations/data_movement/sharded/device/kernels/dataflow/writer_unary_sharded.cpp'; 'ttnn/cpp/ttnn/operations/data_movement/sharded/device/kernels/dataflow/reader_unary_sharded_blocks_interleaved_start_id.cpp'],['writer_unary_sharded/1312765632675731241/'; 'reader_unary_sharded_blocks_interleaved_start_id/10276242172772875993/'],2869520147481143698,False,424,916,0,0,0,0,0,0,0,1,1,1,[],[],0.0,,,,,,,822
NLPConcatHeadsDecodeDeviceOperation,tt_dnn_device,138243,3,blackhole,{'num_heads': '16'; 'on_subcoregrids': 'false'; 'sub_core_grids': 'std::nullopt'},,110,110,,,21225864493,21225866597,2104,1331477771435,1331479461046,14826,0,1251564,1250810,,,,,439553,,,,,,,,,,,1[1],1[1],32[16],256[256],TILE,BFLOAT16,DEV_0_L1_HEIGHT_SHARDED,,,,,,,,,,,,,,,,,,,,,,,,,,,,,1[1],1[1],32[32],4096[4096],TILE,BFLOAT16,DEV_0_L1_WIDTH_SHARDED,,,,,,,,,,,,,,,,,[],[],['ttnn/cpp/ttnn/operations/experimental/transformer/nlp_concat_heads_decode/device/kernels/dataflow/reader_tm_tile_layout_nlp_concat_heads_decode.cpp'],['reader_tm_tile_layout_nlp_concat_heads_decode/2122695822017936394/'],17281516925188396718,False,668,636,0,0,0,0,0,0,0,1,1,1,[],[],0.0,,,,,,,2104
ShardedToInterleavedDeviceOperation,tt_dnn_device,139267,3,blackhole,{'num_slices': '1'; 'output_dtype': 'DataType::BFLOAT16'; 'output_mem_config': 'MemoryConfig(memory_layout=TensorMemoryLayout::INTERLEAVED;buffer_type=BufferType::DRAM;shard_spec=std::nullopt;nd_shard_spec=std::nullopt;created_with_nd_shard_spec=0)'; 'slice_index': '0'},,110,110,,,21225898608,21225899981,1373,1331479480048,1331481169316,14842,0,1251310,1250544,,,,,440321,,,,,,,,,,,1[1],1[1],32[32],4096[4096],TILE,BFLOAT16,DEV_0_L1_WIDTH_SHARDED,,,,,,,,,,,,,,,,,,,,,,,,,,,,,1[1],1[1],32[32],4096[4096],TILE,BFLOAT16,DEV_0_DRAM_INTERLEAVED,,,,,,,,,,,,,,,,,[],[],['ttnn/cpp/ttnn/operations/data_movement/sharded/device/kernels/dataflow/writer_unary_sharded_blocks_interleaved_start_id.cpp'; 'ttnn/cpp/ttnn/operations/eltwise/unary/device/kernels/dataflow/reader_unary_sharded.cpp'],['writer_unary_sharded_blocks_interleaved_start_id/13487665984632740814/'; 'reader_unary_sharded/8068229797266538021/'],2985379365234434255,False,920,440,0,0,0,0,0,0,0,1,1,1,[],[],0.0,,,,,,,1373
MatmulDeviceOperation,tt_dnn_device,140291,3,blackhole,{'bcast_batch': 'true'; 'compute_kernel_config': 'ComputeKernelConfig(math_fidelity=HiFi4;math_approx_mode=0;fp32_dest_acc_en=0;packer_l1_acc=1;dst_full_sync_en=0;throttle_level=ThrottleLevel::NO_THROTTLE)'; 'global_cb': 'std::nullopt'; 'output_dtype': 'DataType::BFLOAT16'; 'output_mem_config': 'MemoryConfig(memory_layout=TensorMemoryLayout::INTERLEAVED;buffer_type=BufferType::DRAM;shard_spec=std::nullopt;nd_shard_spec=std::nullopt;created_with_nd_shard_spec=0)'; 'output_tile': 'Tile(tile_shape={32; 32};face_shape={16; 16};num_faces=4)'; 'program_config': 'MatmulMultiCoreReuseMultiCast1DProgramConfig(compute_with_storage_grid_size=11-10;in0_block_w=2;out_subblock_h=1;out_subblock_w=1;out_block_h=1;out_block_w=1;per_core_M=1;per_core_N=1;fuse_batch=0;fused_activation=std::nullopt;mcast_in0=1;gather_in0=0;hop_cores={};num_global_cb_receivers=0;untilize_out=0;allowed_worker_cores={[0-0 - 10-9]})'; 'sub_device_id': 'std::nullopt'; 'transpose_a': 'false'; 'transpose_b': 'false'; 'untilize_out': 'false'; 'user_core_coord': 'std::nullopt'; 'user_fused_activation': 'std::nullopt'; 'user_run_batched': 'false'},HiFi4,110,110,,,21225977490,21225979264,1774,1331481187286,1331482874047,14053,0,1249453,1248708,,,,,439382,,,,,,,,,,,1[1],1[1],32[32],4096[4096],TILE,BFLOAT16,DEV_0_DRAM_INTERLEAVED,1[1],1[1],4096[4096],2816[2816],TILE,BFLOAT16,DEV_0_DRAM_INTERLEAVED,,,,,,,,,,,,,,,,,,,,,,1[1],1[1],32[32],2816[2816],TILE,BFLOAT16,DEV_0_DRAM_INTERLEAVED,,,,,,,,,,,,,,,,,['ttnn/cpp/ttnn/operations/matmul/device/kernels/compute/bmm_large_block_zm_fused_bias_activation.cpp'],['bmm_large_block_zm_fused_bias_activation/4591724574892104785/'],['ttnn/cpp/ttnn/operations/matmul/device/kernels/dataflow/reader_bmm_tile_layout_in1_sender_writer_padding.cpp'; 'ttnn/cpp/ttnn/operations/matmul/device/kernels/dataflow/reader_bmm_tile_layout_in0_receiver.cpp'; 'ttnn/cpp/ttnn/operations/matmul/device/kernels/dataflow/reader_bmm_tile_layout_in0_sender_padding.cpp'],['reader_bmm_tile_layout_in1_sender_writer_padding/2349336224520546997/'; 'reader_bmm_tile_layout_in0_receiver/3144296041893383317/'; 'reader_bmm_tile_layout_in0_sender_padding/7000598977694410696/'],4325641435150549473,False,1608,1124,2020,1844,2376,0,0,0,0,41961,4855,41961,[6.2473249435424805; 549.7645874023438],[4.2950358390808105],0.389,,,,,,,1774
SliceDeviceOperation,tt_dnn_device,141315,3,blackhole,{'num_devices': 'std::nullopt'; 'output_mem_config': 'MemoryConfig(memory_layout=TensorMemoryLayout::INTERLEAVED;buffer_type=BufferType::DRAM;shard_spec=std::nullopt;nd_shard_spec=std::nullopt;created_with_nd_shard_spec=0)'; 'slice_dim': 'std::nullopt'; 'slice_end': 'Shape([1; 1; 32; 2816])'; 'slice_start': 'Shape([0; 0; 0; 0])'; 'step': 'Shape([1; 1; 1; 1])'; 'sub_core_grids': 'std::nullopt'; 'use_tensor_args': 'false'},,110,110,,,21226066822,21226069126,2304,1331482892878,1331484582270,14677,0,1251401,1250674,,,,,438996,,,,,,,,,,,1[1],1[1],32[32],2816[2816],TILE,BFLOAT16,DEV_0_DRAM_INTERLEAVED,,,,,,,,,,,,,,,,,,,,,,,,,,,,,1[1],1[1],32[32],2816[2816],TILE,BFLOAT16,DEV_0_DRAM_INTERLEAVED,,,,,,,,,,,,,,,,,[],[],['ttnn/cpp/ttnn/operations/data_movement/slice/device/kernels/dataflow/writer_unary_interleaved_start_id.cpp'; 'ttnn/cpp/ttnn/operations/data_movement/slice/device/kernels/dataflow/reader_unary_unpad_dims_interleaved_start_id.cpp'],['writer_unary_interleaved_start_id/11636834385307692413/'; 'reader_unary_unpad_dims_interleaved_start_id/9202421768308898271/'],6853272813270040283,False,724,756,0,0,0,0,0,0,0,948,948,327,[190.10971069335938],[190.10971069335938],0.076,,,,,,,2304
LayerNormDeviceOperation,tt_dnn_device,142339,3,blackhole,{'compute_kernel_config': 'ComputeKernelConfig(math_fidelity=HiFi4;math_approx_mode=0;fp32_dest_acc_en=1;packer_l1_acc=0;dst_full_sync_en=0;throttle_level=ThrottleLevel::NO_THROTTLE)'; 'distributed_norm_stage': 'DistributedLayerNormStage::NOT_DISTRIBUTED'; 'dtype': 'std::nullopt'; 'eps': '1e-06'; 'fused_activation': 'std::nullopt'; 'norm_type': 'LayerNormType::RMSNORM'; 'output_mem_config': 'MemoryConfig(memory_layout=TensorMemoryLayout::INTERLEAVED;buffer_type=BufferType::DRAM;shard_spec=std::nullopt;nd_shard_spec=std::nullopt;created_with_nd_shard_spec=0)'; 'program_config': 'LayerNormDefaultProgramConfig(legacy_reduction=0;legacy_rsqrt=0;use_welford=0)'},HiFi4,110,110,,,21226110336,21226111558,1222,1331484601773,1331486291408,15208,0,1251581,1250820,,,,,440132,,,,,,,,,,,1[1],1[1],32[1],2816[2816],TILE,BFLOAT16,DEV_0_DRAM_INTERLEAVED,1[1],1[1],32[1],2816[2816],TILE,BFLOAT16,DEV_0_DRAM_INTERLEAVED,,,,,,,,,,,,,,,,,,,,,,1[1],1[1],32[1],2816[2816],TILE,BFLOAT16,DEV_0_DRAM_INTERLEAVED,,,,,,,,,,,,,,,,,['ttnn/cpp/ttnn/operations/normalization/layernorm/device/kernels/compute/layernorm.cpp'],['layernorm/14183512734866135947/'],['ttnn/cpp/ttnn/operations/normalization/layernorm/device/kernels/dataflow/writer_unary_interleaved_start_id_blocked.cpp'; 'ttnn/cpp/ttnn/operations/normalization/layernorm/device/kernels/dataflow/reader_unary_interleaved_ln.cpp'],['writer_unary_interleaved_start_id_blocked/9368183165344307478/'; 'reader_unary_interleaved_ln/8993227705683819751/'],5622200613246340018,False,852,1724,3664,2904,3384,0,0,0,0,1,1,1,[],[],0.0,,,,,,,1222
BinaryNgDeviceOperation,tt_dnn_device,143363,3,blackhole,{'atol': '0'; 'binary_op_type': 'BinaryOpType::ADD'; 'compute_kernel_config': 'std::nullopt'; 'dtype': 'DataType::BFLOAT16'; 'equal_nan': 'false'; 'input_dtype': 'DataType::BFLOAT16'; 'input_layout_a': 'Layout::TILE'; 'input_layout_b': 'Layout::TILE'; 'is_quant_op': 'false'; 'is_sfpu': 'false'; 'is_where_op': 'false'; 'lhs_activations': '{}'; 'memory_config': 'MemoryConfig(memory_layout=TensorMemoryLayout::INTERLEAVED;buffer_type=BufferType::DRAM;shard_spec=std::nullopt;nd_shard_spec=std::nullopt;created_with_nd_shard_spec=0)'; 'output_layout': 'Layout::TILE'; 'post_activations': '{}'; 'rhs_activations': '{}'; 'rtol': '0'; 'scalar': 'std::nullopt'; 'sub_core_grids': 'std::nullopt'; 'sub_device_id': 'std::nullopt'; 'subtile_broadcast_type': 'SubtileBroadcastType::NONE'; 'worker_grid': '{[0-0 - 10-9]}'},HiFi4,110,110,,,21226238062,21226240075,2013,1331486309947,1331487999026,14486,0,1251170,1250419,,,,,440502,,,,,,,,,,,1[1],1[1],32[1],2816[2816],TILE,BFLOAT16,DEV_0_DRAM_INTERLEAVED,1[1],1[1],32[1],2816[2816],TILE,BFLOAT16,DEV_0_DRAM_INTERLEAVED,,,,,,,,,,,,,,,,,,,,,,1[1],1[1],32[1],2816[2816],TILE,BFLOAT16,DEV_0_DRAM_INTERLEAVED,,,,,,,,,,,,,,,,,['ttnn/cpp/ttnn/operations/eltwise/binary_ng/device/kernels/compute/eltwise_binary_no_bcast.cpp'],['eltwise_binary_no_bcast/15947375324960782372/'],['ttnn/cpp/ttnn/operations/eltwise/binary_ng/device/kernels_ng/dataflow/writer_interleaved_no_bcast.cpp'; 'ttnn/cpp/ttnn/operations/eltwise/binary_ng/device/kernels_ng/dataflow/reader_interleaved_no_bcast.cpp'],['writer_interleaved_no_bcast/6660480933297534133/'; 'reader_interleaved_no_bcast/10340092850644497914/'],1295168523863076379,False,1160,1684,1336,804,1320,0,0,0,0,1,1,1,[],[],0.0,,,,,,,2013
LayerNormDeviceOperation,tt_dnn_device,144387,3,blackhole,{'compute_kernel_config': 'ComputeKernelConfig(math_fidelity=HiFi4;math_approx_mode=0;fp32_dest_acc_en=1;packer_l1_acc=0;dst_full_sync_en=0;throttle_level=ThrottleLevel::NO_THROTTLE)'; 'distributed_norm_stage': 'DistributedLayerNormStage::NOT_DISTRIBUTED'; 'dtype': 'std::nullopt'; 'eps': '1e-06'; 'fused_activation': 'std::nullopt'; 'norm_type': 'LayerNormType::RMSNORM'; 'output_mem_config': 'MemoryConfig(memory_layout=TensorMemoryLayout::INTERLEAVED;buffer_type=BufferType::DRAM;shard_spec=std::nullopt;nd_shard_spec=std::nullopt;created_with_nd_shard_spec=0)'; 'program_config': 'LayerNormDefaultProgramConfig(legacy_reduction=0;legacy_rsqrt=0;use_welford=0)'},HiFi4,110,110,,,21226253812,21226254453,641,1331488017981,1331489706921,14799,0,1251067,1250309,,,,,439356,,,,,,,,,,,1[1],1[1],32[1],2816[2816],TILE,BFLOAT16,DEV_0_DRAM_INTERLEAVED,1[1],1[1],32[1],2816[2816],TILE,BFLOAT16,DEV_0_DRAM_INTERLEAVED,,,,,,,,,,,,,,,,,,,,,,1[1],1[1],32[1],2816[2816],TILE,BFLOAT16,DEV_0_DRAM_INTERLEAVED,,,,,,,,,,,,,,,,,['ttnn/cpp/ttnn/operations/normalization/layernorm/device/kernels/compute/layernorm.cpp'],['layernorm/14183512734866135947/'],['ttnn/cpp/ttnn/operations/normalization/layernorm/device/kernels/dataflow/writer_unary_interleaved_start_id_blocked.cpp'; 'ttnn/cpp/ttnn/operations/normalization/layernorm/device/kernels/dataflow/reader_unary_interleaved_ln.cpp'],['writer_unary_interleaved_start_id_blocked/9368183165344307478/'; 'reader_unary_interleaved_ln/8993227705683819751/'],5622200613246340018,False,852,1724,3664,2904,3384,0,0,0,0,1,1,1,[],[],0.0,,,,,,,641
InterleavedToShardedDeviceOperation,tt_dnn_device,145411,3,blackhole,"{'keep_l1_aligned': 'false'; 'output_dtype': 'DataType::BFLOAT16'; 'output_mem_config': 'MemoryConfig(memory_layout=TensorMemoryLayout::WIDTH_SHARDED;buffer_type=BufferType::L1;shard_spec=ShardSpec{grid=[{""start"":{""x"":0;""y"":0};""end"":{""x"":3;""y"":0}]; shape=[32; 704]; orientation=ShardOrientation::ROW_MAJOR};nd_shard_spec=std::nullopt;created_with_nd_shard_spec=0)'}",,110,110,,,21226289481,21226290813,1332,1331489725285,1331491412191,14336,0,1249560,1248823,,,,,438493,,,,,,,,,,,1[1],1[1],32[1],2816[2816],TILE,BFLOAT16,DEV_0_DRAM_INTERLEAVED,,,,,,,,,,,,,,,,,,,,,,,,,,,,,1[1],1[1],32[1],2816[2816],TILE,BFLOAT16,DEV_0_L1_WIDTH_SHARDED,,,,,,,,,,,,,,,,,[],[],['ttnn/cpp/ttnn/operations/data_movement/sharded/device/kernels/dataflow/writer_unary_sharded.cpp'; 'ttnn/cpp/ttnn/operations/data_movement/sharded/device/kernels/dataflow/reader_unary_sharded_blocks_interleaved_start_id.cpp'],['writer_unary_sharded/1312765632675731241/'; 'reader_unary_sharded_blocks_interleaved_start_id/14325924854674945759/'],13621697827324169785,False,424,916,0,0,0,0,0,0,0,1,1,1,[],[],0.0,,,,,,,1332
MatmulDeviceOperation,tt_dnn_device,146435,3,blackhole,"{'bcast_batch': 'true'; 'compute_kernel_config': 'ComputeKernelConfig(math_fidelity=LoFi;math_approx_mode=0;fp32_dest_acc_en=0;packer_l1_acc=1;dst_full_sync_en=0;throttle_level=ThrottleLevel::NO_THROTTLE)'; 'global_cb': 'std::nullopt'; 'output_dtype': 'DataType::BFLOAT16'; 'output_mem_config': 'MemoryConfig(memory_layout=TensorMemoryLayout::WIDTH_SHARDED;buffer_type=BufferType::L1;shard_spec=ShardSpec{grid=[{""start"":{""x"":0;""y"":0};""end"":{""x"":3;""y"":0}]; shape=[32; 1056]; orientation=ShardOrientation::ROW_MAJOR};nd_shard_spec=std::nullopt;created_with_nd_shard_spec=0)'; 'output_tile': 'Tile(tile_shape={32; 32};face_shape={16; 16};num_faces=4)'; 'program_config': 'MatmulMultiCoreReuseMultiCastDRAMShardedProgramConfig(in0_block_w=11;per_core_M=1;per_core_N=33;fused_activation=std::nullopt)'; 'sub_device_id': 'std::nullopt'; 'transpose_a': 'false'; 'transpose_b': 'false'; 'untilize_out': 'false'; 'user_core_coord': 'std::nullopt'; 'user_fused_activation': 'std::nullopt'; 'user_run_batched': 'false'}",LoFi,110,110,,,21226362531,21226364365,1834,1331491430606,1331493120576,14379,0,1251830,1251094,,,,,440710,,,,,,,,,,,1[1],1[1],32[1],2816[2816],TILE,BFLOAT16,DEV_0_L1_WIDTH_SHARDED,1[1],1[1],2816[2816],4224[4224],TILE,BFLOAT8_B,DEV_0_DRAM_WIDTH_SHARDED,,,,,,,,,,,,,,,,,,,,,,1[1],1[1],32[1],4224[4224],TILE,BFLOAT16,DEV_0_L1_WIDTH_SHARDED,,,,,,,,,,,,,,,,,['ttnn/cpp/ttnn/operations/matmul/device/kernels/compute/bmm_large_block_zm_fused_bias_activation.cpp'],['bmm_large_block_zm_fused_bias_activation/8946437148511735552/'],['ttnn/cpp/ttnn/operations/matmul/device/kernels/dataflow/reader_bmm_tile_layout_in1_sender_dram_sharded.cpp'; 'ttnn/cpp/ttnn/operations/matmul/device/kernels/dataflow/reader_bmm_tile_layout_in0_sender_dram_sharded.cpp'],['reader_bmm_tile_layout_in1_sender_dram_sharded/16771449201945729680/'; 'reader_bmm_tile_layout_in0_sender_dram_sharded/14408043199888256249/'],17567899898713860746,False,1808,1812,2372,2520,3248,0,0,0,0,21636,40,21636,[8.32982063293457; 549.7681884765625],[12.494730949401855],0.003,,,,,,,1834
ShardedToInterleavedDeviceOperation,tt_dnn_device,147459,3,blackhole,{'num_slices': '1'; 'output_dtype': 'DataType::BFLOAT16'; 'output_mem_config': 'MemoryConfig(memory_layout=TensorMemoryLayout::INTERLEAVED;buffer_type=BufferType::DRAM;shard_spec=std::nullopt;nd_shard_spec=std::nullopt;created_with_nd_shard_spec=0)'; 'slice_index': '0'},,110,110,,,21226388391,21226389774,1383,1331493141359,1331494830926,16159,0,1251531,1250764,,,,,440140,,,,,,,,,,,1[1],1[1],32[1],4224[4224],TILE,BFLOAT16,DEV_0_L1_WIDTH_SHARDED,,,,,,,,,,,,,,,,,,,,,,,,,,,,,1[1],1[1],32[1],4224[4224],TILE,BFLOAT16,DEV_0_DRAM_INTERLEAVED,,,,,,,,,,,,,,,,,[],[],['ttnn/cpp/ttnn/operations/data_movement/sharded/device/kernels/dataflow/writer_unary_sharded_blocks_interleaved_start_id.cpp'; 'ttnn/cpp/ttnn/operations/eltwise/unary/device/kernels/dataflow/reader_unary_sharded.cpp'],['writer_unary_sharded_blocks_interleaved_start_id/13487665984632740814/'; 'reader_unary_sharded/8068229797266538021/'],5242562209847414965,False,920,440,0,0,0,0,0,0,0,1,1,1,[],[],0.0,,,,,,,1383
SliceDeviceOperation,tt_dnn_device,148483,3,blackhole,{'num_devices': 'std::nullopt'; 'output_mem_config': 'MemoryConfig(memory_layout=TensorMemoryLayout::INTERLEAVED;buffer_type=BufferType::DRAM;shard_spec=std::nullopt;nd_shard_spec=std::nullopt;created_with_nd_shard_spec=0)'; 'slice_dim': 'std::nullopt'; 'slice_end': 'Shape([1; 1; 32; 2112])'; 'slice_start': 'Shape([0; 0; 0; 0])'; 'step': 'Shape([1; 1; 1; 1])'; 'sub_core_grids': 'std::nullopt'; 'use_tensor_args': 'false'},,110,110,,,21226457564,21226459067,1503,1331494851418,1331496541674,15933,0,1252041,1251291,,,,,440699,,,,,,,,,,,1[1],1[1],32[1],4224[4224],TILE,BFLOAT16,DEV_0_DRAM_INTERLEAVED,,,,,,,,,,,,,,,,,,,,,,,,,,,,,1[1],1[1],32[32],2112[2112],TILE,BFLOAT16,DEV_0_DRAM_INTERLEAVED,,,,,,,,,,,,,,,,,[],[],['ttnn/cpp/ttnn/operations/data_movement/slice/device/kernels/dataflow/writer_unary_interleaved_start_id.cpp'; 'ttnn/cpp/ttnn/operations/data_movement/slice/device/kernels/dataflow/reader_unary_unpad_dims_interleaved_start_id.cpp'],['writer_unary_interleaved_start_id/11636834385307692413/'; 'reader_unary_unpad_dims_interleaved_start_id/9202421768308898271/'],10613616057533220814,False,724,756,0,0,0,0,0,0,0,800,800,491,[337.9200134277344],[168.9600067138672],0.064,,,,,,,1503
SliceDeviceOperation,tt_dnn_device,149507,3,blackhole,{'num_devices': 'std::nullopt'; 'output_mem_config': 'MemoryConfig(memory_layout=TensorMemoryLayout::INTERLEAVED;buffer_type=BufferType::DRAM;shard_spec=std::nullopt;nd_shard_spec=std::nullopt;created_with_nd_shard_spec=0)'; 'slice_dim': 'std::nullopt'; 'slice_end': 'Shape([1; 1; 32; 4224])'; 'slice_start': 'Shape([0; 0; 0; 2112])'; 'step': 'Shape([1; 1; 1; 1])'; 'sub_core_grids': 'std::nullopt'; 'use_tensor_args': 'false'},,110,110,,,21226506989,21226507841,852,1331496561068,1331498247812,15117,0,1249440,1248684,,,,,439672,,,,,,,,,,,1[1],1[1],32[1],4224[4224],TILE,BFLOAT16,DEV_0_DRAM_INTERLEAVED,,,,,,,,,,,,,,,,,,,,,,,,,,,,,1[1],1[1],32[32],2112[2112],TILE,BFLOAT16,DEV_0_DRAM_INTERLEAVED,,,,,,,,,,,,,,,,,[],[],['ttnn/cpp/ttnn/operations/data_movement/slice/device/kernels/dataflow/writer_unary_interleaved_start_id.cpp'; 'ttnn/cpp/ttnn/operations/data_movement/slice/device/kernels/dataflow/reader_unary_unpad_dims_interleaved_start_id.cpp'],['writer_unary_interleaved_start_id/11636834385307692413/'; 'reader_unary_unpad_dims_interleaved_start_id/9202421768308898271/'],15898878185957064784,False,724,756,0,0,0,0,0,0,0,800,800,491,[337.9200134277344],[168.9600067138672],0.064,,,,,,,852
UnaryDeviceOperation,tt_dnn_device,150531,3,blackhole,{'bfp8_pack_precise': 'false'; 'fp32_dest_acc_en': 'false'; 'memory_config': 'MemoryConfig(memory_layout=TensorMemoryLayout::INTERLEAVED;buffer_type=BufferType::DRAM;shard_spec=std::nullopt;nd_shard_spec=std::nullopt;created_with_nd_shard_spec=0)'; 'op_chain': '{BasicUnaryWithParam<float; int; unsigned int>(base=BasicUnaryWithParam<float>(op_type=UnaryOpType::GELU;param={1}))}'; 'output_dtype': 'DataType::BFLOAT16'; 'preserve_fp32_precision': 'false'; 'sub_core_grids': 'std::nullopt'; 'worker_grid': '{[0-0 - 10-9]}'},HiFi4,110,110,,,21226657439,21226664392,6953,1331498267420,1331499958668,15302,0,1252776,1251998,,,,,441006,,,,,,,,,,,1[1],1[1],32[1],2112[2112],TILE,BFLOAT16,DEV_0_DRAM_INTERLEAVED,,,,,,,,,,,,,,,,,,,,,,,,,,,,,1[1],1[1],32[1],2112[2112],TILE,BFLOAT16,DEV_0_DRAM_INTERLEAVED,,,,,,,,,,,,,,,,,['ttnn/cpp/ttnn/operations/eltwise/unary/device/kernels/compute/eltwise_sfpu.cpp'],['eltwise_sfpu/8713962701503485305/'],['ttnn/cpp/ttnn/operations/eltwise/unary/device/kernels/dataflow/writer_unary.cpp'; 'ttnn/cpp/ttnn/operations/eltwise/unary/device/kernels/dataflow/reader_unary.cpp'],['writer_unary/6727041094966912490/'; 'reader_unary/17265166635609170697/'],9301122104287935342,False,1036,960,1088,1128,1288,0,0,0,0,1,1,1,[],[],0.0,,,,,,,6953
BinaryNgDeviceOperation,tt_dnn_device,151555,3,blackhole,{'atol': '0'; 'binary_op_type': 'BinaryOpType::MUL'; 'compute_kernel_config': 'std::nullopt'; 'dtype': 'DataType::BFLOAT16'; 'equal_nan': 'false'; 'input_dtype': 'DataType::BFLOAT16'; 'input_layout_a': 'Layout::TILE'; 'input_layout_b': 'Layout::TILE'; 'is_quant_op': 'false'; 'is_sfpu': 'true'; 'is_where_op': 'false'; 'lhs_activations': '{}'; 'memory_config': 'MemoryConfig(memory_layout=TensorMemoryLayout::INTERLEAVED;buffer_type=BufferType::DRAM;shard_spec=std::nullopt;nd_shard_spec=std::nullopt;created_with_nd_shard_spec=0)'; 'output_layout': 'Layout::TILE'; 'post_activations': '{}'; 'rhs_activations': '{}'; 'rtol': '0'; 'scalar': 'std::nullopt'; 'sub_core_grids': 'std::nullopt'; 'sub_device_id': 'std::nullopt'; 'subtile_broadcast_type': 'SubtileBroadcastType::NONE'; 'worker_grid': '{[0-0 - 10-9]}'},HiFi4,110,110,,,21226801736,21226804321,2585,1331499976535,1331501663484,13975,0,1249592,1248856,,,,,438635,,,,,,,,,,,1[1],1[1],32[1],2112[2112],TILE,BFLOAT16,DEV_0_DRAM_INTERLEAVED,1[1],1[1],32[1],2112[2112],TILE,BFLOAT16,DEV_0_DRAM_INTERLEAVED,,,,,,,,,,,,,,,,,,,,,,1[1],1[1],32[1],2112[2112],TILE,BFLOAT16,DEV_0_DRAM_INTERLEAVED,,,,,,,,,,,,,,,,,['ttnn/cpp/ttnn/operations/eltwise/binary_ng/device/kernels/compute/eltwise_binary_sfpu_no_bcast.cpp'],['eltwise_binary_sfpu_no_bcast/15899331738743657480/'],['ttnn/cpp/ttnn/operations/eltwise/binary_ng/device/kernels_ng/dataflow/writer_interleaved_no_bcast.cpp'; 'ttnn/cpp/ttnn/operations/eltwise/binary_ng/device/kernels_ng/dataflow/reader_interleaved_no_bcast.cpp'],['writer_interleaved_no_bcast/6660480933297534133/'; 'reader_interleaved_no_bcast/10340092850644497914/'],1543498124224426579,False,1160,1684,1484,1236,1320,0,0,0,0,1,1,1,[],[],0.0,,,,,,,2585
InterleavedToShardedDeviceOperation,tt_dnn_device,152579,3,blackhole,"{'keep_l1_aligned': 'false'; 'output_dtype': 'DataType::BFLOAT16'; 'output_mem_config': 'MemoryConfig(memory_layout=TensorMemoryLayout::WIDTH_SHARDED;buffer_type=BufferType::L1;shard_spec=ShardSpec{grid=[{""start"":{""x"":0;""y"":0};""end"":{""x"":1;""y"":0}]; shape=[32; 1056]; orientation=ShardOrientation::ROW_MAJOR};nd_shard_spec=std::nullopt;created_with_nd_shard_spec=0)'}",,110,110,,,21226842525,21226852534,10009,1331501682633,1331503370755,14954,0,1250461,1249692,,,,,440251,,,,,,,,,,,1[1],1[1],32[1],2112[2112],TILE,BFLOAT16,DEV_0_DRAM_INTERLEAVED,,,,,,,,,,,,,,,,,,,,,,,,,,,,,1[1],1[1],32[1],2112[2112],TILE,BFLOAT16,DEV_0_L1_WIDTH_SHARDED,,,,,,,,,,,,,,,,,[],[],['ttnn/cpp/ttnn/operations/data_movement/sharded/device/kernels/dataflow/writer_unary_sharded.cpp'; 'ttnn/cpp/ttnn/operations/data_movement/sharded/device/kernels/dataflow/reader_unary_sharded_blocks_interleaved_start_id.cpp'],['writer_unary_sharded/1312765632675731241/'; 'reader_unary_sharded_blocks_interleaved_start_id/13670141542079466419/'],3512106431502706671,False,424,916,0,0,0,0,0,0,0,1,1,1,[],[],0.0,,,,,,,10009
MatmulDeviceOperation,tt_dnn_device,153603,3,blackhole,"{'bcast_batch': 'true'; 'compute_kernel_config': 'ComputeKernelConfig(math_fidelity=LoFi;math_approx_mode=0;fp32_dest_acc_en=0;packer_l1_acc=1;dst_full_sync_en=0;throttle_level=ThrottleLevel::NO_THROTTLE)'; 'global_cb': 'std::nullopt'; 'output_dtype': 'DataType::BFLOAT16'; 'output_mem_config': 'MemoryConfig(memory_layout=TensorMemoryLayout::WIDTH_SHARDED;buffer_type=BufferType::L1;shard_spec=ShardSpec{grid=[{""start"":{""x"":0;""y"":0};""end"":{""x"":1;""y"":0}]; shape=[32; 1408]; orientation=ShardOrientation::ROW_MAJOR};nd_shard_spec=std::nullopt;created_with_nd_shard_spec=0)'; 'output_tile': 'Tile(tile_shape={32; 32};face_shape={16; 16};num_faces=4)'; 'program_config': 'MatmulMultiCoreReuseMultiCastDRAMShardedProgramConfig(in0_block_w=11;per_core_M=1;per_core_N=44;fused_activation=std::nullopt)'; 'sub_device_id': 'std::nullopt'; 'transpose_a': 'false'; 'transpose_b': 'false'; 'untilize_out': 'false'; 'user_core_coord': 'std::nullopt'; 'user_fused_activation': 'std::nullopt'; 'user_run_batched': 'false'}",LoFi,110,110,,,21226927599,21226930153,2554,1331503389818,1331505076567,14854,0,1249444,1248709,,,,,439696,,,,,,,,,,,1[1],1[1],32[1],2112[2112],TILE,BFLOAT16,DEV_0_L1_WIDTH_SHARDED,1[1],1[1],2112[2112],2816[2816],TILE,BFLOAT8_B,DEV_0_DRAM_WIDTH_SHARDED,,,,,,,,,,,,,,,,,,,,,,1[1],1[1],32[1],2816[2816],TILE,BFLOAT16,DEV_0_L1_WIDTH_SHARDED,,,,,,,,,,,,,,,,,['ttnn/cpp/ttnn/operations/matmul/device/kernels/compute/bmm_large_block_zm_fused_bias_activation.cpp'],['bmm_large_block_zm_fused_bias_activation/14852614310374206814/'],['ttnn/cpp/ttnn/operations/matmul/device/kernels/dataflow/reader_bmm_tile_layout_in1_sender_dram_sharded.cpp'; 'ttnn/cpp/ttnn/operations/matmul/device/kernels/dataflow/reader_bmm_tile_layout_in0_sender_dram_sharded.cpp'],['reader_bmm_tile_layout_in1_sender_dram_sharded/11091203327363701071/'; 'reader_bmm_tile_layout_in0_sender_dram_sharded/12180777462468800426/'],215851181377534448,False,1800,1812,2360,2464,3268,0,0,0,0,10818,20,10818,[12.494730949401855; 549.7681884765625],[16.65964126586914],0.002,,,,,,,2554
ShardedToInterleavedDeviceOperation,tt_dnn_device,154627,3,blackhole,{'num_slices': '1'; 'output_dtype': 'DataType::BFLOAT16'; 'output_mem_config': 'MemoryConfig(memory_layout=TensorMemoryLayout::INTERLEAVED;buffer_type=BufferType::DRAM;shard_spec=std::nullopt;nd_shard_spec=std::nullopt;created_with_nd_shard_spec=0)'; 'slice_index': '0'},,110,110,,,21226953188,21226955362,2174,1331505096328,1331506785288,15410,0,1251081,1250312,,,,,439248,,,,,,,,,,,1[1],1[1],32[1],2816[2816],TILE,BFLOAT16,DEV_0_L1_WIDTH_SHARDED,,,,,,,,,,,,,,,,,,,,,,,,,,,,,1[1],1[1],32[1],2816[2816],TILE,BFLOAT16,DEV_0_DRAM_INTERLEAVED,,,,,,,,,,,,,,,,,[],[],['ttnn/cpp/ttnn/operations/data_movement/sharded/device/kernels/dataflow/writer_unary_sharded_blocks_interleaved_start_id.cpp'; 'ttnn/cpp/ttnn/operations/eltwise/unary/device/kernels/dataflow/reader_unary_sharded.cpp'],['writer_unary_sharded_blocks_interleaved_start_id/13487665984632740814/'; 'reader_unary_sharded/8068229797266538021/'],6654788177544558405,False,920,440,0,0,0,0,0,0,0,1,1,1,[],[],0.0,,,,,,,2174
LayerNormDeviceOperation,tt_dnn_device,155651,3,blackhole,{'compute_kernel_config': 'ComputeKernelConfig(math_fidelity=HiFi4;math_approx_mode=0;fp32_dest_acc_en=1;packer_l1_acc=0;dst_full_sync_en=0;throttle_level=ThrottleLevel::NO_THROTTLE)'; 'distributed_norm_stage': 'DistributedLayerNormStage::NOT_DISTRIBUTED'; 'dtype': 'std::nullopt'; 'eps': '1e-06'; 'fused_activation': 'std::nullopt'; 'norm_type': 'LayerNormType::RMSNORM'; 'output_mem_config': 'MemoryConfig(memory_layout=TensorMemoryLayout::INTERLEAVED;buffer_type=BufferType::DRAM;shard_spec=std::nullopt;nd_shard_spec=std::nullopt;created_with_nd_shard_spec=0)'; 'program_config': 'LayerNormDefaultProgramConfig(legacy_reduction=0;legacy_rsqrt=0;use_welford=0)'},HiFi4,110,110,,,21226989227,21226990490,1263,1331506808771,1331508495637,18151,0,1249530,1248776,,,,,438780,,,,,,,,,,,1[1],1[1],32[1],2816[2816],TILE,BFLOAT16,DEV_0_DRAM_INTERLEAVED,1[1],1[1],32[1],2816[2816],TILE,BFLOAT16,DEV_0_DRAM_INTERLEAVED,,,,,,,,,,,,,,,,,,,,,,1[1],1[1],32[1],2816[2816],TILE,BFLOAT16,DEV_0_DRAM_INTERLEAVED,,,,,,,,,,,,,,,,,['ttnn/cpp/ttnn/operations/normalization/layernorm/device/kernels/compute/layernorm.cpp'],['layernorm/14183512734866135947/'],['ttnn/cpp/ttnn/operations/normalization/layernorm/device/kernels/dataflow/writer_unary_interleaved_start_id_blocked.cpp'; 'ttnn/cpp/ttnn/operations/normalization/layernorm/device/kernels/dataflow/reader_unary_interleaved_ln.cpp'],['writer_unary_interleaved_start_id_blocked/9368183165344307478/'; 'reader_unary_interleaved_ln/8993227705683819751/'],5622200613246340018,False,852,1724,3664,2904,3384,0,0,0,0,1,1,1,[],[],0.0,,,,,,,1263
LayerNormDeviceOperation,tt_dnn_device,156675,3,blackhole,{'compute_kernel_config': 'ComputeKernelConfig(math_fidelity=HiFi4;math_approx_mode=0;fp32_dest_acc_en=1;packer_l1_acc=0;dst_full_sync_en=0;throttle_level=ThrottleLevel::NO_THROTTLE)'; 'distributed_norm_stage': 'DistributedLayerNormStage::NOT_DISTRIBUTED'; 'dtype': 'std::nullopt'; 'eps': '1e-06'; 'fused_activation': 'std::nullopt'; 'norm_type': 'LayerNormType::RMSNORM'; 'output_mem_config': 'MemoryConfig(memory_layout=TensorMemoryLayout::INTERLEAVED;buffer_type=BufferType::DRAM;shard_spec=std::nullopt;nd_shard_spec=std::nullopt;created_with_nd_shard_spec=0)'; 'program_config': 'LayerNormDefaultProgramConfig(legacy_reduction=0;legacy_rsqrt=0;use_welford=0)'},HiFi4,110,110,,,21227013674,21227014917,1243,1331508513562,1331510203409,14008,0,1251739,1251007,,,,,440089,,,,,,,,,,,1[1],1[1],32[1],2816[2816],TILE,BFLOAT16,DEV_0_DRAM_INTERLEAVED,,,,,,,,,,,,,,,,,,,,,,,,,,,,,1[1],1[1],32[1],2816[2816],TILE,BFLOAT16,DEV_0_DRAM_INTERLEAVED,,,,,,,,,,,,,,,,,['ttnn/cpp/ttnn/operations/normalization/layernorm/device/kernels/compute/layernorm.cpp'],['layernorm/16397661127939007520/'],['ttnn/cpp/ttnn/operations/normalization/layernorm/device/kernels/dataflow/writer_unary_interleaved_start_id_blocked.cpp'; 'ttnn/cpp/ttnn/operations/normalization/layernorm/device/kernels/dataflow/reader_unary_interleaved_ln.cpp'],['writer_unary_interleaved_start_id_blocked/2340364737112479010/'; 'reader_unary_interleaved_ln/11514513040420193734/'],4717931392193969438,False,852,1272,3116,2580,3080,0,0,0,0,1,1,1,[],[],0.0,,,,,,,1243
BinaryNgDeviceOperation,tt_dnn_device,157699,3,blackhole,{'atol': '0'; 'binary_op_type': 'BinaryOpType::MUL'; 'compute_kernel_config': 'std::nullopt'; 'dtype': 'DataType::BFLOAT16'; 'equal_nan': 'false'; 'input_dtype': 'DataType::BFLOAT16'; 'input_layout_a': 'Layout::TILE'; 'input_layout_b': 'Layout::TILE'; 'is_quant_op': 'false'; 'is_sfpu': 'true'; 'is_where_op': 'false'; 'lhs_activations': '{}'; 'memory_config': 'MemoryConfig(memory_layout=TensorMemoryLayout::INTERLEAVED;buffer_type=BufferType::DRAM;shard_spec=std::nullopt;nd_shard_spec=std::nullopt;created_with_nd_shard_spec=0)'; 'output_layout': 'Layout::TILE'; 'post_activations': '{}'; 'rhs_activations': '{}'; 'rtol': '0'; 'scalar': 'std::nullopt'; 'sub_core_grids': 'std::nullopt'; 'sub_device_id': 'std::nullopt'; 'subtile_broadcast_type': 'SubtileBroadcastType::NONE'; 'worker_grid': '{[0-0 - 10-9]}'},HiFi4,110,110,,,21227119588,21227121141,1553,1331510222358,1331511910736,14776,0,1250650,1249908,,,,,439681,,,,,,,,,,,1[1],1[1],32[1],2816[2816],TILE,BFLOAT16,DEV_0_DRAM_INTERLEAVED,1[1],1[1],32[1],2816[2816],TILE,FLOAT32,DEV_0_DRAM_INTERLEAVED,,,,,,,,,,,,,,,,,,,,,,1[1],1[1],32[1],2816[2816],TILE,BFLOAT16,DEV_0_DRAM_INTERLEAVED,,,,,,,,,,,,,,,,,['ttnn/cpp/ttnn/operations/eltwise/binary_ng/device/kernels/compute/eltwise_binary_sfpu_no_bcast.cpp'],['eltwise_binary_sfpu_no_bcast/17467670188580810589/'],['ttnn/cpp/ttnn/operations/eltwise/binary_ng/device/kernels_ng/dataflow/writer_interleaved_no_bcast.cpp'; 'ttnn/cpp/ttnn/operations/eltwise/binary_ng/device/kernels_ng/dataflow/reader_interleaved_no_bcast.cpp'],['writer_interleaved_no_bcast/3626877997997158352/'; 'reader_interleaved_no_bcast/14041131154862028434/'],10603765315767193575,False,1160,1692,1924,1472,1320,0,0,0,0,1,1,1,[],[],0.0,,,,,,,1553
BinaryNgDeviceOperation,tt_dnn_device,158723,3,blackhole,{'atol': '0'; 'binary_op_type': 'BinaryOpType::MUL'; 'compute_kernel_config': 'std::nullopt'; 'dtype': 'DataType::BFLOAT16'; 'equal_nan': 'false'; 'input_dtype': 'DataType::BFLOAT16'; 'input_layout_a': 'Layout::TILE'; 'input_layout_b': 'Layout::INVALID'; 'is_quant_op': 'false'; 'is_sfpu': 'true'; 'is_where_op': 'false'; 'lhs_activations': '{}'; 'memory_config': 'MemoryConfig(memory_layout=TensorMemoryLayout::INTERLEAVED;buffer_type=BufferType::DRAM;shard_spec=std::nullopt;nd_shard_spec=std::nullopt;created_with_nd_shard_spec=0)'; 'output_layout': 'Layout::TILE'; 'post_activations': '{}'; 'rhs_activations': '{}'; 'rtol': '0'; 'scalar': '0.01884446'; 'sub_core_grids': 'std::nullopt'; 'sub_device_id': 'std::nullopt'; 'subtile_broadcast_type': 'SubtileBroadcastType::NONE'; 'worker_grid': '{[0-0 - 10-9]}'},HiFi4,110,110,,,21227209080,21227209982,902,1331511930013,1331513621499,15027,0,1252953,1252204,,,,,440724,,,,,,,,,,,1[1],1[1],32[1],2816[2816],TILE,BFLOAT16,DEV_0_DRAM_INTERLEAVED,,,,,,,,,,,,,,,,,,,,,,,,,,,,,1[1],1[1],32[1],2816[2816],TILE,BFLOAT16,DEV_0_DRAM_INTERLEAVED,,,,,,,,,,,,,,,,,['ttnn/cpp/ttnn/operations/eltwise/binary_ng/device/kernels/compute/eltwise_binary_sfpu_scalar.cpp'],['eltwise_binary_sfpu_scalar/631389708691222584/'],['ttnn/cpp/ttnn/operations/eltwise/binary_ng/device/kernels/dataflow/writer_interleaved_scalar.cpp'; 'ttnn/cpp/ttnn/operations/eltwise/binary_ng/device/kernels/dataflow/reader_interleaved_no_bcast.cpp'],['writer_interleaved_scalar/11984002061626750878/'; 'reader_interleaved_no_bcast/12345433434086119013/'],931668613241627614,False,1268,1284,1524,1236,1320,0,0,0,0,1,1,1,[],[],0.0,,,,,,,902
TypecastDeviceOperation,tt_dnn_device,159747,3,blackhole,{'bfp8_pack_precise': 'false'; 'fp32_dest_acc_en': 'true'; 'input_dtype': 'DataType::BFLOAT16'; 'output_dtype': 'DataType::FLOAT32'; 'output_memory_config': 'MemoryConfig(memory_layout=TensorMemoryLayout::INTERLEAVED;buffer_type=BufferType::DRAM;shard_spec=std::nullopt;nd_shard_spec=std::nullopt;created_with_nd_shard_spec=0)'; 'preserve_fp32_precision': 'false'; 'sub_core_grids': 'std::nullopt'},HiFi4,110,110,,,21227280518,21227282752,2234,1331513640824,1331515328242,15071,0,1249939,1249183,,,,,440670,,,,,,,,,,,1[1],1[1],32[1],2816[2816],TILE,BFLOAT16,DEV_0_DRAM_INTERLEAVED,,,,,,,,,,,,,,,,,,,,,,,,,,,,,1[1],1[1],32[1],2816[2816],TILE,FLOAT32,DEV_0_DRAM_INTERLEAVED,,,,,,,,,,,,,,,,,['ttnn/cpp/ttnn/operations/copy/typecast/device/kernels/compute/eltwise_typecast.cpp'],['eltwise_typecast/5784057016809913713/'],['ttnn/cpp/ttnn/operations/eltwise/unary/device/kernels/dataflow/writer_unary_interleaved_start_id.cpp'; 'ttnn/cpp/ttnn/operations/eltwise/unary/device/kernels/dataflow/reader_unary_interleaved_start_id.cpp'],['writer_unary_interleaved_start_id/15513843972119535201/'; 'reader_unary_interleaved_start_id/6203592983831675601/'],18388586434115707283,False,1032,960,1068,776,1148,0,0,0,0,1,1,1,[],[],0.0,,,,,,,2234
MatmulDeviceOperation,tt_dnn_device,160771,3,blackhole,{'bcast_batch': 'true'; 'compute_kernel_config': 'ComputeKernelConfig(math_fidelity=HiFi4;math_approx_mode=0;fp32_dest_acc_en=1;packer_l1_acc=0;dst_full_sync_en=0;throttle_level=ThrottleLevel::NO_THROTTLE)'; 'global_cb': 'std::nullopt'; 'output_dtype': 'DataType::FLOAT32'; 'output_mem_config': 'MemoryConfig(memory_layout=TensorMemoryLayout::INTERLEAVED;buffer_type=BufferType::DRAM;shard_spec=std::nullopt;nd_shard_spec=std::nullopt;created_with_nd_shard_spec=0)'; 'output_tile': 'Tile(tile_shape={32; 32};face_shape={16; 16};num_faces=4)'; 'program_config': 'MatmulMultiCoreReuseMultiCast1DProgramConfig(compute_with_storage_grid_size=11-10;in0_block_w=2;out_subblock_h=1;out_subblock_w=1;out_block_h=1;out_block_w=1;per_core_M=1;per_core_N=1;fuse_batch=0;fused_activation=std::nullopt;mcast_in0=1;gather_in0=0;hop_cores={};num_global_cb_receivers=0;untilize_out=0;allowed_worker_cores={[0-0 - 10-9]})'; 'sub_device_id': 'std::nullopt'; 'transpose_a': 'false'; 'transpose_b': 'false'; 'untilize_out': 'false'; 'user_core_coord': 'std::nullopt'; 'user_fused_activation': 'std::nullopt'; 'user_run_batched': 'false'},HiFi4,110,110,,,21227322909,21227324252,1343,1331515346829,1331517035901,14529,0,1251164,1250407,,,,,439904,,,,,,,,,,,1[1],1[1],32[1],2816[2816],TILE,FLOAT32,DEV_0_DRAM_INTERLEAVED,1[1],1[1],2816[2816],128[128],TILE,FLOAT32,DEV_0_DRAM_INTERLEAVED,,,,,,,,,,,,,,,,,,,,,,1[1],1[1],32[1],128[128],TILE,FLOAT32,DEV_0_DRAM_INTERLEAVED,,,,,,,,,,,,,,,,,['ttnn/cpp/ttnn/operations/matmul/device/kernels/compute/bmm_large_block_zm_fused_bias_activation.cpp'],['bmm_large_block_zm_fused_bias_activation/7484183066600125144/'],['ttnn/cpp/ttnn/operations/matmul/device/kernels/dataflow/reader_bmm_tile_layout_in1_sender_writer_padding.cpp'; 'ttnn/cpp/ttnn/operations/matmul/device/kernels/dataflow/reader_bmm_tile_layout_in0_receiver.cpp'; 'ttnn/cpp/ttnn/operations/matmul/device/kernels/dataflow/reader_bmm_tile_layout_in0_sender_padding.cpp'],['reader_bmm_tile_layout_in1_sender_writer_padding/350615828220266298/'; 'reader_bmm_tile_layout_in0_receiver/15045536315695198189/'; 'reader_bmm_tile_layout_in0_sender_padding/11978080568560572537/'],13293900178851067892,False,1604,1132,1892,1792,2220,0,0,0,0,2622,6,2622,[137.4706268310547; 549.8825073242188],[6.2486653327941895],0.0,,,,,,,1343
TypecastDeviceOperation,tt_dnn_device,161795,3,blackhole,{'bfp8_pack_precise': 'false'; 'fp32_dest_acc_en': 'true'; 'input_dtype': 'DataType::FLOAT32'; 'output_dtype': 'DataType::BFLOAT16'; 'output_memory_config': 'MemoryConfig(memory_layout=TensorMemoryLayout::INTERLEAVED;buffer_type=BufferType::DRAM;shard_spec=std::nullopt;nd_shard_spec=std::nullopt;created_with_nd_shard_spec=0)'; 'preserve_fp32_precision': 'true'; 'sub_core_grids': 'std::nullopt'},HiFi4,110,110,,,21227342056,21227342868,812,1331517055205,1331518744980,15056,0,1251685,1250930,,,,,440458,,,,,,,,,,,1[1],1[1],32[1],128[128],TILE,FLOAT32,DEV_0_DRAM_INTERLEAVED,,,,,,,,,,,,,,,,,,,,,,,,,,,,,1[1],1[1],32[1],128[128],TILE,BFLOAT16,DEV_0_DRAM_INTERLEAVED,,,,,,,,,,,,,,,,,['ttnn/cpp/ttnn/operations/copy/typecast/device/kernels/compute/eltwise_typecast.cpp'],['eltwise_typecast/3893600203705945338/'],['ttnn/cpp/ttnn/operations/eltwise/unary/device/kernels/dataflow/writer_unary_interleaved_start_id.cpp'; 'ttnn/cpp/ttnn/operations/eltwise/unary/device/kernels/dataflow/reader_unary_interleaved_start_id.cpp'],['writer_unary_interleaved_start_id/650966700799352550/'; 'reader_unary_interleaved_start_id/15747539729186213251/'],11488784257729361333,False,1036,956,1344,964,1152,0,0,0,0,1,1,1,[],[],0.0,,,,,,,812
FillPadDeviceOperation,tt_dnn_device,162819,3,blackhole,{'fill_value': '-inf'; 'output_mem_config': 'MemoryConfig(memory_layout=TensorMemoryLayout::INTERLEAVED;buffer_type=BufferType::DRAM;shard_spec=std::nullopt;nd_shard_spec=std::nullopt;created_with_nd_shard_spec=0)'},HiFi4,110,110,,,21227371823,21227374018,2195,1331518765685,1331520454338,16078,0,1250854,1250110,,,,,440120,,,,,,,,,,,1[1],1[1],32[1],128[128],TILE,BFLOAT16,DEV_0_DRAM_INTERLEAVED,,,,,,,,,,,,,,,,,,,,,,,,,,,,,1[1],1[1],32[1],128[128],TILE,BFLOAT16,DEV_0_DRAM_INTERLEAVED,,,,,,,,,,,,,,,,,['ttnn/cpp/ttnn/operations/data_movement/fill_pad/device/kernels/compute/fill_pad_compute.cpp'],['fill_pad_compute/13279946869320125687/'],['ttnn/cpp/ttnn/operations/data_movement/fill_pad/device/kernels/dataflow/fill_pad_writer.cpp'; 'ttnn/cpp/ttnn/operations/data_movement/fill_pad/device/kernels/dataflow/fill_pad_reader.cpp'],['fill_pad_writer/17649201773943738265/'; 'fill_pad_reader/9688159775067442931/'],13832910413183836699,False,996,740,1556,1464,1356,0,0,0,0,1,1,1,[],[],0.0,,,,,,,2195
TopKDeviceOperation,tt_dnn_device,163843,3,blackhole,{'dim': '-1'; 'k': '32'; 'largest': 'true'; 'output_memory_config': 'MemoryConfig(memory_layout=TensorMemoryLayout::INTERLEAVED;buffer_type=BufferType::DRAM;shard_spec=std::nullopt;nd_shard_spec=std::nullopt;created_with_nd_shard_spec=0)'; 'sorted': 'true'; 'sub_core_grids': '{[0-0 - 10-9]}'},HiFi4,110,110,,,21227404466,21227409706,5240,1331520473222,1331522162811,14739,0,1251547,1250796,,,,,439965,,,,,,,,,,,1[1],1[1],32[1],128[128],TILE,BFLOAT16,DEV_0_DRAM_INTERLEAVED,,,,,,,,,,,,,,,,,,,,,,,,,,,,,1[1],1[1],32[1],32[32],TILE,BFLOAT16,DEV_0_DRAM_INTERLEAVED,1[1],1[1],32[1],32[32],TILE,UINT16,DEV_0_DRAM_INTERLEAVED,,,,,,,,,,['ttnn/cpp/ttnn/operations/reduction/topk/device/kernels/compute/topk.cpp'],['topk/7678025515268328793/'],['ttnn/cpp/ttnn/operations/reduction/topk/device/kernels/dataflow/writer_binary_interleaved.cpp'; 'ttnn/cpp/ttnn/operations/reduction/topk/device/kernels/dataflow/reader_create_index_tensor.cpp'],['writer_binary_interleaved/14521962351613143443/'; 'reader_create_index_tensor/12533983137519299642/'],4970718084269396396,False,952,984,6560,5464,4608,0,0,0,0,1,1,1,[],[],0.0,,,,,,,5240
SliceDeviceOperation,tt_dnn_device,164867,3,blackhole,{'num_devices': 'std::nullopt'; 'output_mem_config': 'MemoryConfig(memory_layout=TensorMemoryLayout::INTERLEAVED;buffer_type=BufferType::DRAM;shard_spec=std::nullopt;nd_shard_spec=std::nullopt;created_with_nd_shard_spec=0)'; 'slice_dim': 'std::nullopt'; 'slice_end': 'Shape([1; 1; 32; 32])'; 'slice_start': 'Shape([0; 0; 0; 0])'; 'step': 'Shape([1; 1; 1; 1])'; 'sub_core_grids': 'std::nullopt'; 'use_tensor_args': 'false'},,110,110,,,21227436428,21227438582,2154,1331522222494,1331523908544,44970,0,1248926,1248170,,,,,438681,,,,,,,,,,,1[1],1[1],32[1],32[32],TILE,BFLOAT16,DEV_0_DRAM_INTERLEAVED,,,,,,,,,,,,,,,,,,,,,,,,,,,,,1[1],1[1],32[32],32[32],TILE,BFLOAT16,DEV_0_DRAM_INTERLEAVED,,,,,,,,,,,,,,,,,[],[],['ttnn/cpp/ttnn/operations/data_movement/slice/device/kernels/dataflow/writer_unary_interleaved_start_id.cpp'; 'ttnn/cpp/ttnn/operations/data_movement/slice/device/kernels/dataflow/reader_unary_unpad_dims_interleaved_start_id.cpp'],['writer_unary_interleaved_start_id/11636834385307692413/'; 'reader_unary_unpad_dims_interleaved_start_id/9202421768308898271/'],6229401578558839682,False,724,756,0,0,0,0,0,0,0,429,429,3,[4.773892879486084],[4.773892879486084],0.034,,,,,,,2154
SliceDeviceOperation,tt_dnn_device,165891,3,blackhole,{'num_devices': 'std::nullopt'; 'output_mem_config': 'MemoryConfig(memory_layout=TensorMemoryLayout::INTERLEAVED;buffer_type=BufferType::DRAM;shard_spec=std::nullopt;nd_shard_spec=std::nullopt;created_with_nd_shard_spec=0)'; 'slice_dim': 'std::nullopt'; 'slice_end': 'Shape([1; 1; 32; 32])'; 'slice_start': 'Shape([0; 0; 0; 0])'; 'step': 'Shape([1; 1; 1; 1])'; 'sub_core_grids': 'std::nullopt'; 'use_tensor_args': 'false'},,110,110,,,21227457729,21227458580,851,1331523927639,1331525613468,14907,0,1248762,1247996,,,,,439261,,,,,,,,,,,1[1],1[1],32[1],32[32],TILE,UINT16,DEV_0_DRAM_INTERLEAVED,,,,,,,,,,,,,,,,,,,,,,,,,,,,,1[1],1[1],32[32],32[32],TILE,UINT16,DEV_0_DRAM_INTERLEAVED,,,,,,,,,,,,,,,,,[],[],['ttnn/cpp/ttnn/operations/data_movement/slice/device/kernels/dataflow/writer_unary_interleaved_start_id.cpp'; 'ttnn/cpp/ttnn/operations/data_movement/slice/device/kernels/dataflow/reader_unary_unpad_dims_interleaved_start_id.cpp'],['writer_unary_interleaved_start_id/16299594769213632963/'; 'reader_unary_unpad_dims_interleaved_start_id/13710815317102715211/'],4769391882251065572,False,724,756,0,0,0,0,0,0,0,429,429,3,[4.773892879486084],[4.773892879486084],0.034,,,,,,,851
SoftmaxDeviceOperation,tt_dnn_device,166915,3,blackhole,{'compute_kernel_config': 'ComputeKernelConfig(math_fidelity=HiFi4;math_approx_mode=1;fp32_dest_acc_en=0;packer_l1_acc=0;dst_full_sync_en=0;throttle_level=ThrottleLevel::NO_THROTTLE)'; 'dim': '3'; 'inplace': 'false'; 'is_causal_mask': 'false'; 'is_scale_causal_mask_hw_dims_softmax': 'false'; 'numeric_stable': 'true'; 'output_mem_config': 'MemoryConfig(memory_layout=TensorMemoryLayout::INTERLEAVED;buffer_type=BufferType::DRAM;shard_spec=std::nullopt;nd_shard_spec=std::nullopt;created_with_nd_shard_spec=0)'; 'program_config': 'SoftmaxDefaultProgramConfig()'; 'scale': 'std::nullopt'; 'softmax_type': 'SoftmaxOperationType::Softmax'},HiFi4,110,110,,,21227553683,21227556890,3207,1331525632384,1331527321273,14747,0,1251029,1250292,,,,,440296,,,,,,,,,,,1[1],1[1],32[1],32[8],TILE,BFLOAT16,DEV_0_DRAM_INTERLEAVED,,,,,,,,,,,,,,,,,,,,,,,,,,,,,1[1],1[1],32[1],32[8],TILE,BFLOAT16,DEV_0_DRAM_INTERLEAVED,,,,,,,,,,,,,,,,,['ttnn/cpp/ttnn/operations/normalization/softmax/device/kernels/attention/compute/softmax.cpp'],['softmax/1437476915046532579/'],['ttnn/cpp/ttnn/operations/normalization/softmax/device/kernels/attention/dataflow/writer_unary_interleaved_start_id_blocked_sm.cpp'; 'ttnn/cpp/ttnn/operations/normalization/softmax/device/kernels/attention/dataflow/reader_unary_interleaved_sm.cpp'],['writer_unary_interleaved_start_id_blocked_sm/1234788580391468173/'; 'reader_unary_interleaved_sm/6086497840872620973/'],2140592982607737905,False,1160,1364,5088,4128,3724,0,0,0,0,466,466,3,[4.39484977722168],[4.39484977722168],0.037,,,,,,,3207
UnaryDeviceOperation,tt_dnn_device,167939,3,blackhole,{'bfp8_pack_precise': 'false'; 'fp32_dest_acc_en': 'false'; 'memory_config': 'MemoryConfig(memory_layout=TensorMemoryLayout::INTERLEAVED;buffer_type=BufferType::DRAM;shard_spec=std::nullopt;nd_shard_spec=std::nullopt;created_with_nd_shard_spec=0)'; 'op_chain': '{BasicUnaryWithParam<float; int; unsigned int>(base=BasicUnaryWithParam<float>(op_type=UnaryOpType::FILL;param={0}))}'; 'output_dtype': 'DataType::BFLOAT16'; 'preserve_fp32_precision': 'false'; 'sub_core_grids': 'std::nullopt'; 'worker_grid': '{[0-0 - 10-9]}'},HiFi4,110,110,,,21227655209,21227657062,1853,1331527340424,1331529028903,14918,0,1250725,1249994,,,,,440105,,,,,,,,,,,1[1],1[1],32[1],128[128],TILE,BFLOAT16,DEV_0_DRAM_INTERLEAVED,,,,,,,,,,,,,,,,,,,,,,,,,,,,,1[1],1[1],32[1],128[128],TILE,BFLOAT16,DEV_0_DRAM_INTERLEAVED,,,,,,,,,,,,,,,,,['ttnn/cpp/ttnn/operations/eltwise/unary/device/kernels/compute/eltwise_sfpu.cpp'],['eltwise_sfpu/1895838372005134204/'],['ttnn/cpp/ttnn/operations/eltwise/unary/device/kernels/dataflow/writer_unary.cpp'; 'ttnn/cpp/ttnn/operations/eltwise/unary/device/kernels/dataflow/reader_unary.cpp'],['writer_unary/6727041094966912490/'; 'reader_unary/17265166635609170697/'],17376454958624202605,False,1036,960,1088,892,1288,0,0,0,0,1,1,1,[],[],0.0,,,,,,,1853
UntilizeWithUnpaddingDeviceOperation,tt_dnn_device,168963,3,blackhole,{'enough_space_height': 'true'; 'fp32_dest_acc_en': 'false'; 'output_mem_config': 'MemoryConfig(memory_layout=TensorMemoryLayout::INTERLEAVED;buffer_type=BufferType::DRAM;shard_spec=std::nullopt;nd_shard_spec=std::nullopt;created_with_nd_shard_spec=0)'; 'output_tensor_end': 'Shape([0; 0; 0; 127])'; 'sub_core_grids': 'std::nullopt'; 'use_multicore': 'true'},HiFi4,110,110,,,21227688934,21227690717,1783,1331529047447,1331530740525,14501,0,1254132,1253367,,,,,441710,,,,,,,,,,,1[1],1[1],32[1],128[128],TILE,BFLOAT16,DEV_0_DRAM_INTERLEAVED,,,,,,,,,,,,,,,,,,,,,,,,,,,,,1[1],1[1],1[1],128[128],ROW_MAJOR,BFLOAT16,DEV_0_DRAM_INTERLEAVED,,,,,,,,,,,,,,,,,['ttnn/cpp/ttnn/operations/data_movement/untilize/device/kernels/compute/untilize.cpp'],['untilize/7973702900073944489/'],['ttnn/cpp/ttnn/operations/data_movement/untilize_with_unpadding/device/kernels/dataflow/writer_unary_stick_layout_split_rows_multicore.cpp'; 'ttnn/cpp/ttnn/operations/eltwise/unary/device/kernels/dataflow/reader_unary_interleaved_start_id.cpp'],['writer_unary_stick_layout_split_rows_multicore/8462078779386357119/'; 'reader_unary_interleaved_start_id/3753445423151438789/'],2302606096785234506,False,1604,960,1152,976,2600,0,0,0,0,466,466,14,[17.57939910888672],[0.54935622215271],0.037,,,,,,,1783
UntilizeWithUnpaddingDeviceOperation,tt_dnn_device,169987,3,blackhole,{'enough_space_height': 'true'; 'fp32_dest_acc_en': 'false'; 'output_mem_config': 'MemoryConfig(memory_layout=TensorMemoryLayout::INTERLEAVED;buffer_type=BufferType::DRAM;shard_spec=std::nullopt;nd_shard_spec=std::nullopt;created_with_nd_shard_spec=0)'; 'output_tensor_end': 'Shape([0; 0; 0; 7])'; 'sub_core_grids': 'std::nullopt'; 'use_multicore': 'true'},HiFi4,110,110,,,21227707499,21227708291,792,1331530758833,1331532447172,14321,0,1250621,1249862,,,,,439305,,,,,,,,,,,1[1],1[1],32[1],32[8],TILE,UINT16,DEV_0_DRAM_INTERLEAVED,,,,,,,,,,,,,,,,,,,,,,,,,,,,,1[1],1[1],1[1],8[8],ROW_MAJOR,UINT16,DEV_0_DRAM_INTERLEAVED,,,,,,,,,,,,,,,,,['ttnn/cpp/ttnn/operations/data_movement/untilize/device/kernels/compute/untilize.cpp'],['untilize/1058341125437038549/'],['ttnn/cpp/ttnn/operations/data_movement/untilize_with_unpadding/device/kernels/dataflow/writer_unary_stick_layout_split_rows_multicore.cpp'; 'ttnn/cpp/ttnn/operations/eltwise/unary/device/kernels/dataflow/reader_unary_interleaved_start_id.cpp'],['writer_unary_stick_layout_split_rows_multicore/6959569656006666844/'; 'reader_unary_interleaved_start_id/18257896041724189861/'],15476854820214562322,False,1604,960,1068,824,2384,0,0,0,0,466,466,3,[4.39484977722168],[0.03433476388454437],0.037,,,,,,,792
UntilizeWithUnpaddingDeviceOperation,tt_dnn_device,171011,3,blackhole,{'enough_space_height': 'true'; 'fp32_dest_acc_en': 'false'; 'output_mem_config': 'MemoryConfig(memory_layout=TensorMemoryLayout::INTERLEAVED;buffer_type=BufferType::DRAM;shard_spec=std::nullopt;nd_shard_spec=std::nullopt;created_with_nd_shard_spec=0)'; 'output_tensor_end': 'Shape([0; 0; 0; 7])'; 'sub_core_grids': 'std::nullopt'; 'use_multicore': 'true'},HiFi4,110,110,,,21227732958,21227733620,662,1331532466343,1331534155468,14940,0,1251204,1250469,,,,,439993,,,,,,,,,,,1[1],1[1],32[1],32[8],TILE,BFLOAT16,DEV_0_DRAM_INTERLEAVED,,,,,,,,,,,,,,,,,,,,,,,,,,,,,1[1],1[1],1[1],8[8],ROW_MAJOR,BFLOAT16,DEV_0_DRAM_INTERLEAVED,,,,,,,,,,,,,,,,,['ttnn/cpp/ttnn/operations/data_movement/untilize/device/kernels/compute/untilize.cpp'],['untilize/3137141537925135935/'],['ttnn/cpp/ttnn/operations/data_movement/untilize_with_unpadding/device/kernels/dataflow/writer_unary_stick_layout_split_rows_multicore.cpp'; 'ttnn/cpp/ttnn/operations/eltwise/unary/device/kernels/dataflow/reader_unary_interleaved_start_id.cpp'],['writer_unary_stick_layout_split_rows_multicore/1016862141882539278/'; 'reader_unary_interleaved_start_id/3753445423151438789/'],2994067751723053779,False,1604,960,1068,824,2380,0,0,0,0,466,466,3,[4.39484977722168],[0.03433476388454437],0.037,,,,,,,662
ScatterDeviceOperation,tt_dnn_device,172035,3,blackhole,{'dim': '3'; 'opt_reduction': 'ScatterReductionType::INVALID'; 'output_memory_config': 'MemoryConfig(memory_layout=TensorMemoryLayout::INTERLEAVED;buffer_type=BufferType::DRAM;shard_spec=std::nullopt;nd_shard_spec=std::nullopt;created_with_nd_shard_spec=0)'; 'sub_core_grid': 'std::nullopt'},,110,110,,,21227753738,21227755612,1874,1331534183066,1331535871771,21193,0,1250893,1250141,,,,,440427,,,,,,,,,,,1[1],1[1],1[1],128[128],ROW_MAJOR,BFLOAT16,DEV_0_DRAM_INTERLEAVED,1[1],1[1],1[1],8[8],ROW_MAJOR,UINT16,DEV_0_DRAM_INTERLEAVED,1[1],1[1],1[1],8[8],ROW_MAJOR,BFLOAT16,DEV_0_DRAM_INTERLEAVED,,,,,,,,,,,,,,,1[1],1[1],1[1],128[128],ROW_MAJOR,BFLOAT16,DEV_0_DRAM_INTERLEAVED,,,,,,,,,,,,,,,,,[],[],['ttnn/cpp/ttnn/operations/data_movement/scatter/device/kernels/dataflow/writer_scatter.cpp'; 'ttnn/cpp/ttnn/operations/data_movement/scatter/device/kernels/dataflow/reader_scatter.cpp'],['writer_scatter/8567198577862391946/'; 'reader_scatter/2756207604381400944/'],18131599409051876728,False,832,2308,0,0,0,0,0,0,0,466,466,1,[0.54935622215271],[0.54935622215271],0.037,,,,,,,1874
TilizeWithValPaddingDeviceOperation,tt_dnn_device,173059,3,blackhole,{'enough_space_height': 'true'; 'enough_space_width': 'true'; 'output_dtype': 'DataType::BFLOAT16'; 'output_mem_config': 'MemoryConfig(memory_layout=TensorMemoryLayout::INTERLEAVED;buffer_type=BufferType::DRAM;shard_spec=std::nullopt;nd_shard_spec=std::nullopt;created_with_nd_shard_spec=0)'; 'output_padded_shape': 'Shape([1; 1; 32; 128])'; 'pad_value': '0'; 'sub_core_grids': 'std::nullopt'; 'use_multicore': 'true'},HiFi4,110,110,,,21227779658,21227781692,2034,1331535890690,1331537580563,14750,0,1251758,1251022,,,,,440950,,,,,,,,,,,1[1],1[1],1[1],128[128],ROW_MAJOR,BFLOAT16,DEV_0_DRAM_INTERLEAVED,,,,,,,,,,,,,,,,,,,,,,,,,,,,,1[1],1[1],32[1],128[128],TILE,BFLOAT16,DEV_0_DRAM_INTERLEAVED,,,,,,,,,,,,,,,,,['ttnn/cpp/ttnn/kernel/compute/tilize.cpp'],['tilize/6191648630166997112/'],['ttnn/cpp/ttnn/operations/eltwise/unary/device/kernels/dataflow/writer_unary_interleaved_start_id.cpp'; 'ttnn/cpp/ttnn/operations/data_movement/tilize_with_val_padding/device/kernels/dataflow/reader_unary_pad_dims_split_rows_multicore.cpp'],['writer_unary_interleaved_start_id/14961694624359116620/'; 'reader_unary_pad_dims_split_rows_multicore/5657578668620488028/'],3659389130450307870,False,1036,1888,1196,804,2040,0,0,0,0,1,1,1,[],[],0.0,,,,,,,2034
BinaryNgDeviceOperation,tt_dnn_device,174083,3,blackhole,{'atol': '0'; 'binary_op_type': 'BinaryOpType::MUL'; 'compute_kernel_config': 'std::nullopt'; 'dtype': 'DataType::BFLOAT16'; 'equal_nan': 'false'; 'input_dtype': 'DataType::BFLOAT16'; 'input_layout_a': 'Layout::TILE'; 'input_layout_b': 'Layout::TILE'; 'is_quant_op': 'false'; 'is_sfpu': 'true'; 'is_where_op': 'false'; 'lhs_activations': '{}'; 'memory_config': 'MemoryConfig(memory_layout=TensorMemoryLayout::INTERLEAVED;buffer_type=BufferType::DRAM;shard_spec=std::nullopt;nd_shard_spec=std::nullopt;created_with_nd_shard_spec=0)'; 'output_layout': 'Layout::TILE'; 'post_activations': '{}'; 'rhs_activations': '{}'; 'rtol': '0'; 'scalar': 'std::nullopt'; 'sub_core_grids': 'std::nullopt'; 'sub_device_id': 'std::nullopt'; 'subtile_broadcast_type': 'SubtileBroadcastType::NONE'; 'worker_grid': '{[0-0 - 10-9]}'},HiFi4,110,110,,,21227839002,21227840425,1423,1331537599955,1331539291516,15098,0,1253008,1252269,,,,,440924,,,,,,,,,,,1[1],1[1],32[1],2816[2816],TILE,BFLOAT16,DEV_0_DRAM_INTERLEAVED,1[1],1[1],32[1],2816[2816],TILE,FLOAT32,DEV_0_DRAM_INTERLEAVED,,,,,,,,,,,,,,,,,,,,,,1[1],1[1],32[1],2816[2816],TILE,BFLOAT16,DEV_0_DRAM_INTERLEAVED,,,,,,,,,,,,,,,,,['ttnn/cpp/ttnn/operations/eltwise/binary_ng/device/kernels/compute/eltwise_binary_sfpu_no_bcast.cpp'],['eltwise_binary_sfpu_no_bcast/17467670188580810589/'],['ttnn/cpp/ttnn/operations/eltwise/binary_ng/device/kernels_ng/dataflow/writer_interleaved_no_bcast.cpp'; 'ttnn/cpp/ttnn/operations/eltwise/binary_ng/device/kernels_ng/dataflow/reader_interleaved_no_bcast.cpp'],['writer_interleaved_no_bcast/3626877997997158352/'; 'reader_interleaved_no_bcast/14041131154862028434/'],10603765315767193575,False,1160,1692,1924,1472,1320,0,0,0,0,1,1,1,[],[],0.0,,,,,,,1423
TypecastDeviceOperation,tt_dnn_device,175107,3,blackhole,{'bfp8_pack_precise': 'false'; 'fp32_dest_acc_en': 'false'; 'input_dtype': 'DataType::BFLOAT16'; 'output_dtype': 'DataType::BFLOAT16'; 'output_memory_config': 'MemoryConfig(memory_layout=TensorMemoryLayout::INTERLEAVED;buffer_type=BufferType::DRAM;shard_spec=std::nullopt;nd_shard_spec=std::nullopt;created_with_nd_shard_spec=0)'; 'preserve_fp32_precision': 'false'; 'sub_core_grids': 'std::nullopt'},HiFi4,110,110,,,21227862097,21227863560,1463,1331539310810,1331540999667,15048,0,1251005,1250252,,,,,439760,,,,,,,,,,,1[1],1[1],32[1],128[128],TILE,BFLOAT16,DEV_0_DRAM_INTERLEAVED,,,,,,,,,,,,,,,,,,,,,,,,,,,,,1[1],1[1],32[1],128[128],TILE,BFLOAT16,DEV_0_DRAM_INTERLEAVED,,,,,,,,,,,,,,,,,['ttnn/cpp/ttnn/operations/copy/typecast/device/kernels/compute/eltwise_typecast.cpp'],['eltwise_typecast/1770673508959064794/'],['ttnn/cpp/ttnn/operations/eltwise/unary/device/kernels/dataflow/writer_unary_interleaved_start_id.cpp'; 'ttnn/cpp/ttnn/operations/eltwise/unary/device/kernels/dataflow/reader_unary_interleaved_start_id.cpp'],['writer_unary_interleaved_start_id/4354580571348828157/'; 'reader_unary_interleaved_start_id/9995480779228624430/'],4946818355118031071,False,1036,960,1068,776,1148,0,0,0,0,1,1,1,[],[],0.0,,,,,,,1463
LayerNormDeviceOperation,tt_dnn_device,176131,3,blackhole,{'compute_kernel_config': 'ComputeKernelConfig(math_fidelity=HiFi4;math_approx_mode=0;fp32_dest_acc_en=1;packer_l1_acc=0;dst_full_sync_en=0;throttle_level=ThrottleLevel::NO_THROTTLE)'; 'distributed_norm_stage': 'DistributedLayerNormStage::NOT_DISTRIBUTED'; 'dtype': 'std::nullopt'; 'eps': '1e-06'; 'fused_activation': 'std::nullopt'; 'norm_type': 'LayerNormType::RMSNORM'; 'output_mem_config': 'MemoryConfig(memory_layout=TensorMemoryLayout::INTERLEAVED;buffer_type=BufferType::DRAM;shard_spec=std::nullopt;nd_shard_spec=std::nullopt;created_with_nd_shard_spec=0)'; 'program_config': 'LayerNormDefaultProgramConfig(legacy_reduction=0;legacy_rsqrt=0;use_welford=0)'},HiFi4,110,110,,,21227894289,21227895351,1062,1331541020198,1331542711536,15967,0,1252843,1252084,,,,,440333,,,,,,,,,,,1[1],1[1],32[1],2816[2816],TILE,BFLOAT16,DEV_0_DRAM_INTERLEAVED,1[1],1[1],32[1],2816[2816],TILE,BFLOAT16,DEV_0_DRAM_INTERLEAVED,,,,,,,,,,,,,,,,,,,,,,1[1],1[1],32[1],2816[2816],TILE,BFLOAT16,DEV_0_DRAM_INTERLEAVED,,,,,,,,,,,,,,,,,['ttnn/cpp/ttnn/operations/normalization/layernorm/device/kernels/compute/layernorm.cpp'],['layernorm/14183512734866135947/'],['ttnn/cpp/ttnn/operations/normalization/layernorm/device/kernels/dataflow/writer_unary_interleaved_start_id_blocked.cpp'; 'ttnn/cpp/ttnn/operations/normalization/layernorm/device/kernels/dataflow/reader_unary_interleaved_ln.cpp'],['writer_unary_interleaved_start_id_blocked/9368183165344307478/'; 'reader_unary_interleaved_ln/8993227705683819751/'],5622200613246340018,False,852,1724,3664,2904,3384,0,0,0,0,1,1,1,[],[],0.0,,,,,,,1062
CopyDeviceOperation,tt_dnn_device,177155,3,blackhole,{'backwards': 'false'; 'output_dtype': 'DataType::BFLOAT16'; 'output_mem_config': 'MemoryConfig(memory_layout=TensorMemoryLayout::INTERLEAVED;buffer_type=BufferType::L1;shard_spec=std::nullopt;nd_shard_spec=std::nullopt;created_with_nd_shard_spec=0)'},,110,110,,,21227955787,21227957701,1914,1331542731167,1331544420139,15305,0,1251090,1250327,,,,,439030,,,,,,,,,,,1[1],1[1],32[1],2816[2816],TILE,BFLOAT16,DEV_0_DRAM_INTERLEAVED,,,,,,,,,,,,,,,,,,,,,,,,,,,,,1[1],1[1],32[1],2816[2816],TILE,BFLOAT16,DEV_0_L1_INTERLEAVED,,,,,,,,,,,,,,,,,[],[],['ttnn/cpp/ttnn/operations/eltwise/unary/device/kernels/dataflow/writer_unary_interleaved_start_id.cpp'; 'ttnn/cpp/ttnn/operations/eltwise/unary/device/kernels/dataflow/reader_unary_interleaved_start_id.cpp'],['writer_unary_interleaved_start_id/7748380733646593207/'; 'reader_unary_interleaved_start_id/15168103446798562174/'],5960117295356176589,False,1140,960,0,0,0,0,0,0,0,1,1,1,[],[],0.0,,,,,,,1914
UntilizeWithUnpaddingDeviceOperation,tt_dnn_device,178179,3,blackhole,{'enough_space_height': 'true'; 'fp32_dest_acc_en': 'false'; 'output_mem_config': 'MemoryConfig(memory_layout=TensorMemoryLayout::INTERLEAVED;buffer_type=BufferType::DRAM;shard_spec=std::nullopt;nd_shard_spec=std::nullopt;created_with_nd_shard_spec=0)'; 'output_tensor_end': 'Shape([0; 0; 0; 127])'; 'sub_core_grids': 'std::nullopt'; 'use_multicore': 'true'},HiFi4,110,110,,,21227973571,21227974644,1073,1331544439082,1331546127301,14788,0,1250533,1249773,,,,,439298,,,,,,,,,,,1[1],1[1],32[1],128[128],TILE,BFLOAT16,DEV_0_DRAM_INTERLEAVED,,,,,,,,,,,,,,,,,,,,,,,,,,,,,1[1],1[1],1[1],128[128],ROW_MAJOR,BFLOAT16,DEV_0_DRAM_INTERLEAVED,,,,,,,,,,,,,,,,,['ttnn/cpp/ttnn/operations/data_movement/untilize/device/kernels/compute/untilize.cpp'],['untilize/7973702900073944489/'],['ttnn/cpp/ttnn/operations/data_movement/untilize_with_unpadding/device/kernels/dataflow/writer_unary_stick_layout_split_rows_multicore.cpp'; 'ttnn/cpp/ttnn/operations/eltwise/unary/device/kernels/dataflow/reader_unary_interleaved_start_id.cpp'],['writer_unary_stick_layout_split_rows_multicore/8462078779386357119/'; 'reader_unary_interleaved_start_id/3753445423151438789/'],2302606096785234506,False,1604,960,1152,976,2600,0,0,0,0,466,466,14,[17.57939910888672],[0.54935622215271],0.037,,,,,,,1073
UnaryDeviceOperation,tt_dnn_device,179203,3,blackhole,{'bfp8_pack_precise': 'false'; 'fp32_dest_acc_en': 'false'; 'memory_config': 'MemoryConfig(memory_layout=TensorMemoryLayout::INTERLEAVED;buffer_type=BufferType::L1;shard_spec=std::nullopt;nd_shard_spec=std::nullopt;created_with_nd_shard_spec=0)'; 'op_chain': '{BasicUnaryWithParam<float; int; unsigned int>(base=BasicUnaryWithParam<float>(op_type=UnaryOpType::FILL;param={0}))}'; 'output_dtype': 'DataType::BFLOAT16'; 'preserve_fp32_precision': 'false'; 'sub_core_grids': 'std::nullopt'; 'worker_grid': '{[0-0 - 10-9]}'},HiFi4,110,110,,,21228102289,21228103461,1172,1331546145933,1331547834789,14543,0,1251004,1250264,,,,,439496,,,,,,,,,,,1[1],128[128],32[1],704[704],TILE,BFLOAT16,DEV_0_L1_INTERLEAVED,1[1],128[128],32[1],704[704],TILE,BFLOAT16,DEV_0_L1_INTERLEAVED,,,,,,,,,,,,,,,,,,,,,,1[1],128[128],32[1],704[704],TILE,BFLOAT16,DEV_0_L1_INTERLEAVED,,,,,,,,,,,,,,,,,['ttnn/cpp/ttnn/operations/eltwise/unary/device/kernels/compute/eltwise_sfpu.cpp'],['eltwise_sfpu/1895838372005134204/'],['ttnn/cpp/ttnn/operations/eltwise/unary/device/kernels/dataflow/writer_unary.cpp'; 'ttnn/cpp/ttnn/operations/eltwise/unary/device/kernels/dataflow/reader_unary.cpp'],['writer_unary/17905326637469661932/'; 'reader_unary/9591692312706685761/'],10547631950658891292,False,1140,1044,1088,892,1288,0,0,0,0,1,1,1,[],[],0.0,,,,,,,1172
SparseMatmulDeviceOperation,tt_dnn_device,180227,3,blackhole,{'compute_kernel_config': 'ComputeKernelConfig(math_fidelity=LoFi;math_approx_mode=0;fp32_dest_acc_en=0;packer_l1_acc=1;dst_full_sync_en=0;throttle_level=ThrottleLevel::NO_THROTTLE)'; 'global_cb': 'std::nullopt'; 'is_input_a_sparse': 'false'; 'is_input_b_sparse': 'true'; 'nnz': '8'; 'output_dtype': 'DataType::BFLOAT16'; 'output_mem_config': 'MemoryConfig(memory_layout=TensorMemoryLayout::INTERLEAVED;buffer_type=BufferType::L1;shard_spec=std::nullopt;nd_shard_spec=std::nullopt;created_with_nd_shard_spec=0)'; 'output_tile': 'Tile(tile_shape={32; 32};face_shape={16; 16};num_faces=4)'; 'program_config': 'MatmulMultiCoreReuseMultiCast1DProgramConfig(compute_with_storage_grid_size=11-1;in0_block_w=11;out_subblock_h=1;out_subblock_w=2;out_block_h=1;out_block_w=2;per_core_M=1;per_core_N=2;fuse_batch=0;fused_activation=std::nullopt;mcast_in0=1;gather_in0=0;hop_cores={};num_global_cb_receivers=1;untilize_out=0;allowed_worker_cores={[0-0 - 10-0]})'; 'sub_device_id': 'std::nullopt'; 'user_core_coord': 'std::nullopt'},LoFi,110,110,,,21228138038,21228141174,3136,1331547853525,1331549543594,14641,0,1251903,1251140,,,,,440941,,,,,,,,,,,1[1],1[1],32[1],2816[2816],TILE,BFLOAT16,DEV_0_L1_INTERLEAVED,1[1],128[128],2816[2816],704[704],TILE,BFLOAT8_B,DEV_0_DRAM_INTERLEAVED,1[1],1[1],1[1],128[128],ROW_MAJOR,BFLOAT16,DEV_0_DRAM_INTERLEAVED,,,,,,,,,,,,,,,1[1],128[128],32[1],704[704],TILE,BFLOAT16,DEV_0_L1_INTERLEAVED,,,,,,,,,,,,,,,,,['ttnn/cpp/ttnn/operations/matmul/device/kernels/compute/bmm_large_block_zm_fused_bias_activation.cpp'],['bmm_large_block_zm_fused_bias_activation/17805033733209394169/'],['ttnn/cpp/ttnn/operations/matmul/device/kernels/dataflow/reader_bmm_tile_layout_in1_sender_writer_padding.cpp'; 'ttnn/cpp/ttnn/operations/matmul/device/kernels/dataflow/reader_bmm_tile_layout_in0_receiver.cpp'; 'ttnn/cpp/ttnn/operations/matmul/device/kernels/dataflow/reader_bmm_tile_layout_in0_sender_padding.cpp'],['reader_bmm_tile_layout_in1_sender_writer_padding/12987562142958775286/'; 'reader_bmm_tile_layout_in0_receiver/7771031077713404146/'; 'reader_bmm_tile_layout_in0_sender_padding/2800809127186249364/'],3173485845626336379,False,1704,2024,2452,2248,2552,0,0,0,0,461578,1,461578,[0.3904518783092499; 549.7562255859375; 0.0005546191823668778],[12.494460105895996],0.0,,,,,,,3136
TransposeDeviceOperation,tt_dnn_device,181251,3,blackhole,{'dim': 'TransposeOpDim::HC'; 'output_mem_config': 'MemoryConfig(memory_layout=TensorMemoryLayout::INTERLEAVED;buffer_type=BufferType::L1;shard_spec=std::nullopt;nd_shard_spec=std::nullopt;created_with_nd_shard_spec=0)'; 'pad_value': '0'},,110,110,,,21228222200,21228223843,1643,1331549563341,1331551251351,15367,0,1250378,1249637,,,,,439213,,,,,,,,,,,1[1],128[128],32[1],704[704],TILE,BFLOAT16,DEV_0_L1_INTERLEAVED,,,,,,,,,,,,,,,,,,,,,,,,,,,,,1[1],1[1],128[128],704[704],TILE,BFLOAT16,DEV_0_L1_INTERLEAVED,,,,,,,,,,,,,,,,,[],[],['ttnn/cpp/ttnn/operations/data_movement/transpose/device/kernels/dataflow/writer_unary_transpose_hc_interleaved_tiled_padding_aware.cpp'; 'ttnn/cpp/ttnn/operations/data_movement/transpose/device/kernels/dataflow/reader_unary_transpose_hc_interleaved_tiled_padding_aware.cpp'],['writer_unary_transpose_hc_interleaved_tiled_padding_aware/5026647565788288091/'; 'reader_unary_transpose_hc_interleaved_tiled_padding_aware/13705623102215196619/'],2766089270366321863,False,920,744,0,0,0,0,0,0,0,5156,5156,1,[1118.5352783203125],[34.954227447509766],0.413,,,,,,,1643
UnaryDeviceOperation,tt_dnn_device,182275,3,blackhole,{'bfp8_pack_precise': 'false'; 'fp32_dest_acc_en': 'false'; 'memory_config': 'MemoryConfig(memory_layout=TensorMemoryLayout::INTERLEAVED;buffer_type=BufferType::L1;shard_spec=std::nullopt;nd_shard_spec=std::nullopt;created_with_nd_shard_spec=0)'; 'op_chain': '{BasicUnaryWithParam<float; int; unsigned int>(base=BasicUnaryWithParam<float>(op_type=UnaryOpType::FILL;param={0}))}'; 'output_dtype': 'DataType::BFLOAT16'; 'preserve_fp32_precision': 'false'; 'sub_core_grids': 'std::nullopt'; 'worker_grid': '{[0-0 - 10-9]}'},HiFi4,110,110,,,21228270473,21228271304,831,1331551270397,1331552958720,14878,0,1250610,1249842,,,,,440199,,,,,,,,,,,1[1],128[128],32[1],704[704],TILE,BFLOAT16,DEV_0_L1_INTERLEAVED,1[1],128[128],32[1],704[704],TILE,BFLOAT16,DEV_0_L1_INTERLEAVED,,,,,,,,,,,,,,,,,,,,,,1[1],128[128],32[1],704[704],TILE,BFLOAT16,DEV_0_L1_INTERLEAVED,,,,,,,,,,,,,,,,,['ttnn/cpp/ttnn/operations/eltwise/unary/device/kernels/compute/eltwise_sfpu.cpp'],['eltwise_sfpu/1895838372005134204/'],['ttnn/cpp/ttnn/operations/eltwise/unary/device/kernels/dataflow/writer_unary.cpp'; 'ttnn/cpp/ttnn/operations/eltwise/unary/device/kernels/dataflow/reader_unary.cpp'],['writer_unary/17905326637469661932/'; 'reader_unary/9591692312706685761/'],10547631950658891292,False,1140,1044,1088,892,1288,0,0,0,0,1,1,1,[],[],0.0,,,,,,,831
SparseMatmulDeviceOperation,tt_dnn_device,183299,3,blackhole,{'compute_kernel_config': 'ComputeKernelConfig(math_fidelity=LoFi;math_approx_mode=0;fp32_dest_acc_en=0;packer_l1_acc=1;dst_full_sync_en=0;throttle_level=ThrottleLevel::NO_THROTTLE)'; 'global_cb': 'std::nullopt'; 'is_input_a_sparse': 'false'; 'is_input_b_sparse': 'true'; 'nnz': '8'; 'output_dtype': 'DataType::BFLOAT16'; 'output_mem_config': 'MemoryConfig(memory_layout=TensorMemoryLayout::INTERLEAVED;buffer_type=BufferType::L1;shard_spec=std::nullopt;nd_shard_spec=std::nullopt;created_with_nd_shard_spec=0)'; 'output_tile': 'Tile(tile_shape={32; 32};face_shape={16; 16};num_faces=4)'; 'program_config': 'MatmulMultiCoreReuseMultiCast1DProgramConfig(compute_with_storage_grid_size=11-1;in0_block_w=11;out_subblock_h=1;out_subblock_w=2;out_block_h=1;out_block_w=2;per_core_M=1;per_core_N=2;fuse_batch=0;fused_activation=std::nullopt;mcast_in0=1;gather_in0=0;hop_cores={};num_global_cb_receivers=1;untilize_out=0;allowed_worker_cores={[0-0 - 10-0]})'; 'sub_device_id': 'std::nullopt'; 'user_core_coord': 'std::nullopt'},LoFi,110,110,,,21228279260,21228280262,1002,1331552977860,1331554665108,14919,0,1249813,1249070,,,,,439691,,,,,,,,,,,1[1],1[1],32[1],2816[2816],TILE,BFLOAT16,DEV_0_L1_INTERLEAVED,1[1],128[128],2816[2816],704[704],TILE,BFLOAT8_B,DEV_0_DRAM_INTERLEAVED,1[1],1[1],1[1],128[128],ROW_MAJOR,BFLOAT16,DEV_0_DRAM_INTERLEAVED,,,,,,,,,,,,,,,1[1],128[128],32[1],704[704],TILE,BFLOAT16,DEV_0_L1_INTERLEAVED,,,,,,,,,,,,,,,,,['ttnn/cpp/ttnn/operations/matmul/device/kernels/compute/bmm_large_block_zm_fused_bias_activation.cpp'],['bmm_large_block_zm_fused_bias_activation/17805033733209394169/'],['ttnn/cpp/ttnn/operations/matmul/device/kernels/dataflow/reader_bmm_tile_layout_in1_sender_writer_padding.cpp'; 'ttnn/cpp/ttnn/operations/matmul/device/kernels/dataflow/reader_bmm_tile_layout_in0_receiver.cpp'; 'ttnn/cpp/ttnn/operations/matmul/device/kernels/dataflow/reader_bmm_tile_layout_in0_sender_padding.cpp'],['reader_bmm_tile_layout_in1_sender_writer_padding/12987562142958775286/'; 'reader_bmm_tile_layout_in0_receiver/7771031077713404146/'; 'reader_bmm_tile_layout_in0_sender_padding/2800809127186249364/'],3173485845626336379,False,1704,2024,2452,2248,2552,0,0,0,0,461578,1,461578,[0.3904518783092499; 549.7562255859375; 0.0005546191823668778],[12.494460105895996],0.0,,,,,,,1002
TransposeDeviceOperation,tt_dnn_device,184323,3,blackhole,{'dim': 'TransposeOpDim::HC'; 'output_mem_config': 'MemoryConfig(memory_layout=TensorMemoryLayout::INTERLEAVED;buffer_type=BufferType::L1;shard_spec=std::nullopt;nd_shard_spec=std::nullopt;created_with_nd_shard_spec=0)'; 'pad_value': '0'},,110,110,,,21228305721,21228306332,611,1331554683632,1331556372322,14484,0,1250881,1250119,,,,,440258,,,,,,,,,,,1[1],128[128],32[1],704[704],TILE,BFLOAT16,DEV_0_L1_INTERLEAVED,,,,,,,,,,,,,,,,,,,,,,,,,,,,,1[1],1[1],128[128],704[704],TILE,BFLOAT16,DEV_0_L1_INTERLEAVED,,,,,,,,,,,,,,,,,[],[],['ttnn/cpp/ttnn/operations/data_movement/transpose/device/kernels/dataflow/writer_unary_transpose_hc_interleaved_tiled_padding_aware.cpp'; 'ttnn/cpp/ttnn/operations/data_movement/transpose/device/kernels/dataflow/reader_unary_transpose_hc_interleaved_tiled_padding_aware.cpp'],['writer_unary_transpose_hc_interleaved_tiled_padding_aware/5026647565788288091/'; 'reader_unary_transpose_hc_interleaved_tiled_padding_aware/13705623102215196619/'],2766089270366321863,False,920,744,0,0,0,0,0,0,0,5156,5156,1,[1118.5352783203125],[34.954227447509766],0.412,,,,,,,611
UnaryDeviceOperation,tt_dnn_device,185347,3,blackhole,{'bfp8_pack_precise': 'false'; 'fp32_dest_acc_en': 'false'; 'memory_config': 'MemoryConfig(memory_layout=TensorMemoryLayout::INTERLEAVED;buffer_type=BufferType::L1;shard_spec=std::nullopt;nd_shard_spec=std::nullopt;created_with_nd_shard_spec=0)'; 'op_chain': '{BasicUnaryWithParam<float; int; unsigned int>(base=BasicUnaryWithParam<float>(op_type=UnaryOpType::GELU;param={1}))}'; 'output_dtype': 'DataType::BFLOAT16'; 'preserve_fp32_precision': 'false'; 'sub_core_grids': 'std::nullopt'; 'worker_grid': '{[0-0 - 10-9]}'},HiFi4,110,110,,,21228384793,21228385815,1022,1331556392693,1331558083018,15827,0,1252093,1251357,,,,,440268,,,,,,,,,,,1[1],1[1],128[128],704[704],TILE,BFLOAT16,DEV_0_L1_INTERLEAVED,,,,,,,,,,,,,,,,,,,,,,,,,,,,,1[1],1[1],128[128],704[704],TILE,BFLOAT16,DEV_0_L1_INTERLEAVED,,,,,,,,,,,,,,,,,['ttnn/cpp/ttnn/operations/eltwise/unary/device/kernels/compute/eltwise_sfpu.cpp'],['eltwise_sfpu/8713962701503485305/'],['ttnn/cpp/ttnn/operations/eltwise/unary/device/kernels/dataflow/writer_unary.cpp'; 'ttnn/cpp/ttnn/operations/eltwise/unary/device/kernels/dataflow/reader_unary.cpp'],['writer_unary/17905326637469661932/'; 'reader_unary/9591692312706685761/'],8471868997931786206,False,1140,1044,1088,1128,1288,0,0,0,0,1,1,1,[],[],0.0,,,,,,,1022
BinaryNgDeviceOperation,tt_dnn_device,186371,3,blackhole,{'atol': '0'; 'binary_op_type': 'BinaryOpType::MUL'; 'compute_kernel_config': 'std::nullopt'; 'dtype': 'DataType::BFLOAT16'; 'equal_nan': 'false'; 'input_dtype': 'DataType::BFLOAT16'; 'input_layout_a': 'Layout::TILE'; 'input_layout_b': 'Layout::TILE'; 'is_quant_op': 'false'; 'is_sfpu': 'true'; 'is_where_op': 'false'; 'lhs_activations': '{}'; 'memory_config': 'MemoryConfig(memory_layout=TensorMemoryLayout::INTERLEAVED;buffer_type=BufferType::L1;shard_spec=std::nullopt;nd_shard_spec=std::nullopt;created_with_nd_shard_spec=0)'; 'output_layout': 'Layout::TILE'; 'post_activations': '{}'; 'rhs_activations': '{}'; 'rtol': '0'; 'scalar': 'std::nullopt'; 'sub_core_grids': 'std::nullopt'; 'sub_device_id': 'std::nullopt'; 'subtile_broadcast_type': 'SubtileBroadcastType::NONE'; 'worker_grid': '{[0-0 - 10-9]}'},HiFi4,110,110,,,21228479315,21228480778,1463,1331558101996,1331559793018,14803,0,1252609,1251864,,,,,441237,,,,,,,,,,,1[1],1[1],128[128],704[704],TILE,BFLOAT16,DEV_0_L1_INTERLEAVED,1[1],1[1],128[128],704[704],TILE,BFLOAT16,DEV_0_L1_INTERLEAVED,,,,,,,,,,,,,,,,,,,,,,1[1],1[1],128[128],704[704],TILE,BFLOAT16,DEV_0_L1_INTERLEAVED,,,,,,,,,,,,,,,,,['ttnn/cpp/ttnn/operations/eltwise/binary_ng/device/kernels/compute/eltwise_binary_sfpu_no_bcast.cpp'],['eltwise_binary_sfpu_no_bcast/15899331738743657480/'],['ttnn/cpp/ttnn/operations/eltwise/binary_ng/device/kernels_ng/dataflow/writer_interleaved_no_bcast.cpp'; 'ttnn/cpp/ttnn/operations/eltwise/binary_ng/device/kernels_ng/dataflow/reader_interleaved_no_bcast.cpp'],['writer_interleaved_no_bcast/2853637500729089654/'; 'reader_interleaved_no_bcast/15040313020512421960/'],9180236233960390419,False,1196,1724,1484,1236,1320,0,0,0,0,1,1,1,[],[],0.0,,,,,,,1463
TransposeDeviceOperation,tt_dnn_device,187395,3,blackhole,{'dim': 'TransposeOpDim::HC'; 'output_mem_config': 'MemoryConfig(memory_layout=TensorMemoryLayout::INTERLEAVED;buffer_type=BufferType::L1;shard_spec=std::nullopt;nd_shard_spec=std::nullopt;created_with_nd_shard_spec=0)'; 'pad_value': '0'},,110,110,,,21228544670,21228546083,1413,1331559810640,1331561500519,13804,0,1251762,1251009,,,,,439914,,,,,,,,,,,1[1],1[1],128[128],704[704],TILE,BFLOAT16,DEV_0_L1_INTERLEAVED,,,,,,,,,,,,,,,,,,,,,,,,,,,,,1[1],128[128],32[1],704[704],TILE,BFLOAT16,DEV_0_L1_INTERLEAVED,,,,,,,,,,,,,,,,,[],[],['ttnn/cpp/ttnn/operations/data_movement/transpose/device/kernels/dataflow/writer_unary_transpose_hc_interleaved_tiled_padding_aware.cpp'; 'ttnn/cpp/ttnn/operations/data_movement/transpose/device/kernels/dataflow/reader_unary_transpose_hc_interleaved_tiled_padding_aware.cpp'],['writer_unary_transpose_hc_interleaved_tiled_padding_aware/13250968775067209757/'; 'reader_unary_transpose_hc_interleaved_tiled_padding_aware/11344840026905007513/'],2882979786165573976,False,1392,864,0,0,0,0,0,0,0,5090,5090,1,[35.407466888427734],[1133.0389404296875],0.407,,,,,,,1413
UnaryDeviceOperation,tt_dnn_device,188419,3,blackhole,{'bfp8_pack_precise': 'false'; 'fp32_dest_acc_en': 'false'; 'memory_config': 'MemoryConfig(memory_layout=TensorMemoryLayout::INTERLEAVED;buffer_type=BufferType::L1;shard_spec=std::nullopt;nd_shard_spec=std::nullopt;created_with_nd_shard_spec=0)'; 'op_chain': '{BasicUnaryWithParam<float; int; unsigned int>(base=BasicUnaryWithParam<float>(op_type=UnaryOpType::FILL;param={0}))}'; 'output_dtype': 'DataType::BFLOAT16'; 'preserve_fp32_precision': 'false'; 'sub_core_grids': 'std::nullopt'; 'worker_grid': '{[0-0 - 10-9]}'},HiFi4,110,110,,,21228597322,21228598113,791,1331561520693,1331563211900,15679,0,1252746,1252013,,,,,441039,,,,,,,,,,,1[1],128[128],32[1],704[704],TILE,BFLOAT16,DEV_0_L1_INTERLEAVED,1[1],128[128],32[1],704[704],TILE,BFLOAT16,DEV_0_L1_INTERLEAVED,,,,,,,,,,,,,,,,,,,,,,1[1],128[128],32[1],704[704],TILE,BFLOAT16,DEV_0_L1_INTERLEAVED,,,,,,,,,,,,,,,,,['ttnn/cpp/ttnn/operations/eltwise/unary/device/kernels/compute/eltwise_sfpu.cpp'],['eltwise_sfpu/1895838372005134204/'],['ttnn/cpp/ttnn/operations/eltwise/unary/device/kernels/dataflow/writer_unary.cpp'; 'ttnn/cpp/ttnn/operations/eltwise/unary/device/kernels/dataflow/reader_unary.cpp'],['writer_unary/17905326637469661932/'; 'reader_unary/9591692312706685761/'],10547631950658891292,False,1140,1044,1088,892,1288,0,0,0,0,1,1,1,[],[],0.0,,,,,,,791
SparseMatmulDeviceOperation,tt_dnn_device,189443,3,blackhole,{'compute_kernel_config': 'ComputeKernelConfig(math_fidelity=LoFi;math_approx_mode=0;fp32_dest_acc_en=0;packer_l1_acc=1;dst_full_sync_en=0;throttle_level=ThrottleLevel::NO_THROTTLE)'; 'global_cb': 'std::nullopt'; 'is_input_a_sparse': 'true'; 'is_input_b_sparse': 'true'; 'nnz': '8'; 'output_dtype': 'DataType::BFLOAT16'; 'output_mem_config': 'MemoryConfig(memory_layout=TensorMemoryLayout::INTERLEAVED;buffer_type=BufferType::L1;shard_spec=std::nullopt;nd_shard_spec=std::nullopt;created_with_nd_shard_spec=0)'; 'output_tile': 'Tile(tile_shape={32; 32};face_shape={16; 16};num_faces=4)'; 'program_config': 'MatmulMultiCoreReuseMultiCast1DProgramConfig(compute_with_storage_grid_size=11-4;in0_block_w=11;out_subblock_h=1;out_subblock_w=2;out_block_h=1;out_block_w=2;per_core_M=1;per_core_N=2;fuse_batch=0;fused_activation=std::nullopt;mcast_in0=1;gather_in0=0;hop_cores={};num_global_cb_receivers=1;untilize_out=0;allowed_worker_cores={[0-0 - 10-3]})'; 'sub_device_id': 'std::nullopt'; 'user_core_coord': 'std::nullopt'},LoFi,110,110,,,21228638641,21228640475,1834,1331563231833,1331564918243,15522,0,1249193,1248435,,,,,439498,,,,,,,,,,,1[1],128[128],32[1],704[704],TILE,BFLOAT16,DEV_0_L1_INTERLEAVED,1[1],128[128],704[704],2816[2816],TILE,BFLOAT8_B,DEV_0_DRAM_INTERLEAVED,1[1],1[1],1[1],128[128],ROW_MAJOR,BFLOAT16,DEV_0_DRAM_INTERLEAVED,,,,,,,,,,,,,,,1[1],128[128],32[1],2816[2816],TILE,BFLOAT16,DEV_0_L1_INTERLEAVED,,,,,,,,,,,,,,,,,['ttnn/cpp/ttnn/operations/matmul/device/kernels/compute/bmm_large_block_zm_fused_bias_activation.cpp'],['bmm_large_block_zm_fused_bias_activation/12912804601721707395/'],['ttnn/cpp/ttnn/operations/matmul/device/kernels/dataflow/reader_bmm_tile_layout_in1_sender_writer_padding.cpp'; 'ttnn/cpp/ttnn/operations/matmul/device/kernels/dataflow/reader_bmm_tile_layout_in0_receiver.cpp'; 'ttnn/cpp/ttnn/operations/matmul/device/kernels/dataflow/reader_bmm_tile_layout_in0_sender_padding.cpp'],['reader_bmm_tile_layout_in1_sender_writer_padding/4784628155918500836/'; 'reader_bmm_tile_layout_in0_receiver/15574907333153410837/'; 'reader_bmm_tile_layout_in0_sender_padding/17811370725576479945/'],15222272368412829498,False,1720,2020,2400,2204,2440,0,0,0,0,461578,1,461578,[12.494460105895996; 549.7562255859375; 0.0005546191823668778],[49.977840423583984],0.0,,,,,,,1834
TransposeDeviceOperation,tt_dnn_device,190467,3,blackhole,{'dim': 'TransposeOpDim::HC'; 'output_mem_config': 'MemoryConfig(memory_layout=TensorMemoryLayout::INTERLEAVED;buffer_type=BufferType::L1;shard_spec=std::nullopt;nd_shard_spec=std::nullopt;created_with_nd_shard_spec=0)'; 'pad_value': '0'},,110,110,,,21228702624,21228703967,1343,1331564935955,1331566621412,13877,0,1248487,1247733,,,,,438926,,,,,,,,,,,1[1],128[128],32[1],2816[2816],TILE,BFLOAT16,DEV_0_L1_INTERLEAVED,,,,,,,,,,,,,,,,,,,,,,,,,,,,,1[1],1[1],128[128],2816[2816],TILE,BFLOAT16,DEV_0_L1_INTERLEAVED,,,,,,,,,,,,,,,,,[],[],['ttnn/cpp/ttnn/operations/data_movement/transpose/device/kernels/dataflow/writer_unary_transpose_hc_interleaved_tiled_padding_aware.cpp'; 'ttnn/cpp/ttnn/operations/data_movement/transpose/device/kernels/dataflow/reader_unary_transpose_hc_interleaved_tiled_padding_aware.cpp'],['writer_unary_transpose_hc_interleaved_tiled_padding_aware/18198627958614780200/'; 'reader_unary_transpose_hc_interleaved_tiled_padding_aware/13705623102215196619/'],15639109912216061338,False,920,744,0,0,0,0,0,0,0,19726,19726,1,[1169.455078125],[36.54547119140625],1.581,,,,,,,1343
ReshapeViewDeviceOperation,tt_dnn_device,191491,3,blackhole,{'logical_output_shape': 'Shape([1; 128; 1])'; 'output_mem_config': 'MemoryConfig(memory_layout=TensorMemoryLayout::INTERLEAVED;buffer_type=BufferType::DRAM;shard_spec=std::nullopt;nd_shard_spec=std::nullopt;created_with_nd_shard_spec=0)'; 'padded_output_shape': 'Shape([1; 128; 32])'; 'recreate_mapping_tensor': 'false'; 'sub_core_grid': 'std::nullopt'},,110,110,,,21228730668,21228732151,1483,1331566640323,1331568329541,14767,0,1251273,1250512,,,,,440045,,,,,,,,,,,1[1],1[1],32[1],128[128],TILE,BFLOAT16,DEV_0_DRAM_INTERLEAVED,,,,,,,,,,,,,,,,,,,,,,,,,,,,,1[1],1[1],128[128],32[1],TILE,BFLOAT16,DEV_0_DRAM_INTERLEAVED,,,,,,,,,,,,,,,,,[],[],['ttnn/cpp/ttnn/operations/data_movement/reshape_view/device/device/dataflow/writer_reshape_tiled.cpp'; 'ttnn/cpp/ttnn/operations/data_movement/reshape_view/device/device/dataflow/reader_reshape_tiled.cpp'],['writer_reshape_tiled/7193225729888107746/'; 'reader_reshape_tiled/10246488157793923922/'],9156512380716054172,False,1796,1016,0,0,0,0,0,0,0,1,1,1,[],[],0.0,,,,,,,1483
BinaryNgDeviceOperation,tt_dnn_device,192515,3,blackhole,{'atol': '0'; 'binary_op_type': 'BinaryOpType::MUL'; 'compute_kernel_config': 'std::nullopt'; 'dtype': 'DataType::BFLOAT16'; 'equal_nan': 'false'; 'input_dtype': 'DataType::BFLOAT16'; 'input_layout_a': 'Layout::TILE'; 'input_layout_b': 'Layout::TILE'; 'is_quant_op': 'false'; 'is_sfpu': 'true'; 'is_where_op': 'false'; 'lhs_activations': '{}'; 'memory_config': 'MemoryConfig(memory_layout=TensorMemoryLayout::INTERLEAVED;buffer_type=BufferType::L1;shard_spec=std::nullopt;nd_shard_spec=std::nullopt;created_with_nd_shard_spec=0)'; 'output_layout': 'Layout::TILE'; 'post_activations': '{}'; 'rhs_activations': '{}'; 'rtol': '0'; 'scalar': 'std::nullopt'; 'sub_core_grids': 'std::nullopt'; 'sub_device_id': 'std::nullopt'; 'subtile_broadcast_type': 'SubtileBroadcastType::COL_B'; 'worker_grid': '{[0-0 - 10-9]}'},HiFi4,110,110,,,21228821303,21228823006,1703,1331568348440,1331570037426,14751,0,1251101,1250347,,,,,439744,,,,,,,,,,,1[1],1[1],128[128],2816[2816],TILE,BFLOAT16,DEV_0_L1_INTERLEAVED,1[1],1[1],128[128],32[1],TILE,BFLOAT16,DEV_0_DRAM_INTERLEAVED,,,,,,,,,,,,,,,,,,,,,,1[1],1[1],128[128],2816[2816],TILE,BFLOAT16,DEV_0_L1_INTERLEAVED,,,,,,,,,,,,,,,,,['ttnn/cpp/ttnn/operations/eltwise/binary_ng/device/kernels_ng/compute/eltwise_binary_sfpu_col_bcast.cpp'],['eltwise_binary_sfpu_col_bcast/9925575506622934195/'],['ttnn/cpp/ttnn/operations/eltwise/binary_ng/device/kernels_ng/dataflow/writer_interleaved_no_bcast.cpp'; 'ttnn/cpp/ttnn/operations/eltwise/binary_ng/device/kernels_ng/dataflow/reader_interleaved_col_bcast.cpp'],['writer_interleaved_no_bcast/14018662213588267603/'; 'reader_interleaved_col_bcast/5805283660643222573/'],4858432732020396754,False,1196,1728,3544,2580,4588,0,0,0,0,1,1,1,[],[],0.0,,,,,,,1703
ReduceDeviceOperation,tt_dnn_device,193539,3,blackhole,{'compute_kernel_config': 'ComputeKernelConfig(math_fidelity=HiFi4;math_approx_mode=0;fp32_dest_acc_en=1;packer_l1_acc=0;dst_full_sync_en=0;throttle_level=ThrottleLevel::NO_THROTTLE)'; 'dim': 'ReduceOpDim::H'; 'math_op': 'ReduceOpMath::SUM'; 'negate': 'false'; 'output_dtype': 'DataType::BFLOAT16'; 'output_mem_config': 'MemoryConfig(memory_layout=TensorMemoryLayout::INTERLEAVED;buffer_type=BufferType::L1;shard_spec=std::nullopt;nd_shard_spec=std::nullopt;created_with_nd_shard_spec=0)'; 'post_mul_scaler': '1'; 'row_major_h_dense_path': 'false'; 'row_major_w_dense_path': 'false'; 'scaler': '1'; 'sub_core_grids': 'std::nullopt'},HiFi4,110,110,,,21228885597,21228887691,2094,1331570056189,1331571743584,14656,0,1249922,1249167,,,,,439506,,,,,,,,,,,1[1],1[1],128[128],2816[2816],TILE,BFLOAT16,DEV_0_L1_INTERLEAVED,,,,,,,,,,,,,,,,,,,,,,,,,,,,,1[1],1[1],32[1],2816[2816],TILE,BFLOAT16,DEV_0_L1_INTERLEAVED,,,,,,,,,,,,,,,,,['ttnn/cpp/ttnn/operations/reduction/generic/device/kernels/compute/reduce.cpp'],['reduce/9983930490090516206/'],['ttnn/cpp/ttnn/operations/eltwise/unary/device/kernels/dataflow/writer_unary_interleaved_start_id.cpp'; 'ttnn/cpp/ttnn/operations/reduction/generic/device/kernels/dataflow/reader_unary_transpose_wh_universal_input_cols_partitioned.cpp'],['writer_unary_interleaved_start_id/3512459262536721788/'; 'reader_unary_transpose_wh_universal_input_cols_partitioned/16598934264112714979/'],2330917652251988961,False,1140,1196,1208,932,1252,0,0,0,0,1,1,1,[],[],0.0,,,,,,,2094
LayerNormDeviceOperation,tt_dnn_device,194563,3,blackhole,{'compute_kernel_config': 'ComputeKernelConfig(math_fidelity=HiFi4;math_approx_mode=0;fp32_dest_acc_en=1;packer_l1_acc=0;dst_full_sync_en=0;throttle_level=ThrottleLevel::NO_THROTTLE)'; 'distributed_norm_stage': 'DistributedLayerNormStage::NOT_DISTRIBUTED'; 'dtype': 'std::nullopt'; 'eps': '1e-06'; 'fused_activation': 'std::nullopt'; 'norm_type': 'LayerNormType::RMSNORM'; 'output_mem_config': 'MemoryConfig(memory_layout=TensorMemoryLayout::INTERLEAVED;buffer_type=BufferType::DRAM;shard_spec=std::nullopt;nd_shard_spec=std::nullopt;created_with_nd_shard_spec=0)'; 'program_config': 'LayerNormDefaultProgramConfig(legacy_reduction=0;legacy_rsqrt=0;use_welford=0)'},HiFi4,110,110,,,21228938839,21228940142,1303,1331571761433,1331573450773,13983,0,1251363,1250602,,,,,439936,,,,,,,,,,,1[1],1[1],32[1],2816[2816],TILE,BFLOAT16,DEV_0_L1_INTERLEAVED,1[1],1[1],32[1],2816[2816],TILE,BFLOAT16,DEV_0_DRAM_INTERLEAVED,,,,,,,,,,,,,,,,,,,,,,1[1],1[1],32[1],2816[2816],TILE,BFLOAT16,DEV_0_DRAM_INTERLEAVED,,,,,,,,,,,,,,,,,['ttnn/cpp/ttnn/operations/normalization/layernorm/device/kernels/compute/layernorm.cpp'],['layernorm/14183512734866135947/'],['ttnn/cpp/ttnn/operations/normalization/layernorm/device/kernels/dataflow/writer_unary_interleaved_start_id_blocked.cpp'; 'ttnn/cpp/ttnn/operations/normalization/layernorm/device/kernels/dataflow/reader_unary_interleaved_ln.cpp'],['writer_unary_interleaved_start_id_blocked/9368183165344307478/'; 'reader_unary_interleaved_ln/1206939643140459182/'],12938534688483059852,False,852,1632,3664,2904,3384,0,0,0,0,1,1,1,[],[],0.0,,,,,,,1303
BinaryNgDeviceOperation,tt_dnn_device,195587,3,blackhole,{'atol': '0'; 'binary_op_type': 'BinaryOpType::ADD'; 'compute_kernel_config': 'std::nullopt'; 'dtype': 'DataType::BFLOAT16'; 'equal_nan': 'false'; 'input_dtype': 'DataType::BFLOAT16'; 'input_layout_a': 'Layout::TILE'; 'input_layout_b': 'Layout::TILE'; 'is_quant_op': 'false'; 'is_sfpu': 'false'; 'is_where_op': 'false'; 'lhs_activations': '{}'; 'memory_config': 'MemoryConfig(memory_layout=TensorMemoryLayout::INTERLEAVED;buffer_type=BufferType::DRAM;shard_spec=std::nullopt;nd_shard_spec=std::nullopt;created_with_nd_shard_spec=0)'; 'output_layout': 'Layout::TILE'; 'post_activations': '{}'; 'rhs_activations': '{}'; 'rtol': '0'; 'scalar': 'std::nullopt'; 'sub_core_grids': 'std::nullopt'; 'sub_device_id': 'std::nullopt'; 'subtile_broadcast_type': 'SubtileBroadcastType::NONE'; 'worker_grid': '{[0-0 - 10-9]}'},HiFi4,110,110,,,21228991741,21228992983,1242,1331573469724,1331575158531,14796,0,1250968,1250213,,,,,439783,,,,,,,,,,,1[1],1[1],32[1],2816[2816],TILE,BFLOAT16,DEV_0_DRAM_INTERLEAVED,1[1],1[1],32[1],2816[2816],TILE,BFLOAT16,DEV_0_DRAM_INTERLEAVED,,,,,,,,,,,,,,,,,,,,,,1[1],1[1],32[1],2816[2816],TILE,BFLOAT16,DEV_0_DRAM_INTERLEAVED,,,,,,,,,,,,,,,,,['ttnn/cpp/ttnn/operations/eltwise/binary_ng/device/kernels/compute/eltwise_binary_no_bcast.cpp'],['eltwise_binary_no_bcast/15947375324960782372/'],['ttnn/cpp/ttnn/operations/eltwise/binary_ng/device/kernels_ng/dataflow/writer_interleaved_no_bcast.cpp'; 'ttnn/cpp/ttnn/operations/eltwise/binary_ng/device/kernels_ng/dataflow/reader_interleaved_no_bcast.cpp'],['writer_interleaved_no_bcast/6660480933297534133/'; 'reader_interleaved_no_bcast/10340092850644497914/'],1295168523863076379,False,1160,1684,1336,804,1320,0,0,0,0,1,1,1,[],[],0.0,,,,,,,1242
LayerNormDeviceOperation,tt_dnn_device,196611,3,blackhole,{'compute_kernel_config': 'ComputeKernelConfig(math_fidelity=HiFi4;math_approx_mode=0;fp32_dest_acc_en=1;packer_l1_acc=0;dst_full_sync_en=0;throttle_level=ThrottleLevel::NO_THROTTLE)'; 'distributed_norm_stage': 'DistributedLayerNormStage::NOT_DISTRIBUTED'; 'dtype': 'std::nullopt'; 'eps': '1e-06'; 'fused_activation': 'std::nullopt'; 'norm_type': 'LayerNormType::RMSNORM'; 'output_mem_config': 'MemoryConfig(memory_layout=TensorMemoryLayout::INTERLEAVED;buffer_type=BufferType::DRAM;shard_spec=std::nullopt;nd_shard_spec=std::nullopt;created_with_nd_shard_spec=0)'; 'program_config': 'LayerNormDefaultProgramConfig(legacy_reduction=0;legacy_rsqrt=0;use_welford=0)'},HiFi4,110,110,,,21229007872,21229008623,751,1331575180550,1331576870846,17059,0,1252071,1251318,,,,,440231,,,,,,,,,,,1[1],1[1],32[1],2816[2816],TILE,BFLOAT16,DEV_0_DRAM_INTERLEAVED,1[1],1[1],32[1],2816[2816],TILE,BFLOAT16,DEV_0_DRAM_INTERLEAVED,,,,,,,,,,,,,,,,,,,,,,1[1],1[1],32[1],2816[2816],TILE,BFLOAT16,DEV_0_DRAM_INTERLEAVED,,,,,,,,,,,,,,,,,['ttnn/cpp/ttnn/operations/normalization/layernorm/device/kernels/compute/layernorm.cpp'],['layernorm/14183512734866135947/'],['ttnn/cpp/ttnn/operations/normalization/layernorm/device/kernels/dataflow/writer_unary_interleaved_start_id_blocked.cpp'; 'ttnn/cpp/ttnn/operations/normalization/layernorm/device/kernels/dataflow/reader_unary_interleaved_ln.cpp'],['writer_unary_interleaved_start_id_blocked/9368183165344307478/'; 'reader_unary_interleaved_ln/8993227705683819751/'],5622200613246340018,False,852,1724,3664,2904,3384,0,0,0,0,1,1,1,[],[],0.0,,,,,,,751
BinaryNgDeviceOperation,tt_dnn_device,197635,3,blackhole,{'atol': '0'; 'binary_op_type': 'BinaryOpType::ADD'; 'compute_kernel_config': 'std::nullopt'; 'dtype': 'DataType::BFLOAT16'; 'equal_nan': 'false'; 'input_dtype': 'DataType::BFLOAT16'; 'input_layout_a': 'Layout::TILE'; 'input_layout_b': 'Layout::TILE'; 'is_quant_op': 'false'; 'is_sfpu': 'false'; 'is_where_op': 'false'; 'lhs_activations': '{}'; 'memory_config': 'MemoryConfig(memory_layout=TensorMemoryLayout::INTERLEAVED;buffer_type=BufferType::DRAM;shard_spec=std::nullopt;nd_shard_spec=std::nullopt;created_with_nd_shard_spec=0)'; 'output_layout': 'Layout::TILE'; 'post_activations': '{}'; 'rhs_activations': '{}'; 'rtol': '0'; 'scalar': 'std::nullopt'; 'sub_core_grids': 'std::nullopt'; 'sub_device_id': 'std::nullopt'; 'subtile_broadcast_type': 'SubtileBroadcastType::NONE'; 'worker_grid': '{[0-0 - 10-9]}'},HiFi4,110,110,,,21229043911,21229044673,762,1331576893715,1331578584947,17694,0,1252764,1252016,,,,,440804,,,,,,,,,,,1[1],1[1],32[1],2816[2816],TILE,BFLOAT16,DEV_0_DRAM_INTERLEAVED,1[1],1[1],32[1],2816[2816],TILE,BFLOAT16,DEV_0_DRAM_INTERLEAVED,,,,,,,,,,,,,,,,,,,,,,1[1],1[1],32[1],2816[2816],TILE,BFLOAT16,DEV_0_DRAM_INTERLEAVED,,,,,,,,,,,,,,,,,['ttnn/cpp/ttnn/operations/eltwise/binary_ng/device/kernels/compute/eltwise_binary_no_bcast.cpp'],['eltwise_binary_no_bcast/15947375324960782372/'],['ttnn/cpp/ttnn/operations/eltwise/binary_ng/device/kernels_ng/dataflow/writer_interleaved_no_bcast.cpp'; 'ttnn/cpp/ttnn/operations/eltwise/binary_ng/device/kernels_ng/dataflow/reader_interleaved_no_bcast.cpp'],['writer_interleaved_no_bcast/6660480933297534133/'; 'reader_interleaved_no_bcast/10340092850644497914/'],1295168523863076379,False,1160,1684,1336,804,1320,0,0,0,0,1,1,1,[],[],0.0,,,,,,,762
BinaryNgDeviceOperation,tt_dnn_device,198659,3,blackhole,{'atol': '0'; 'binary_op_type': 'BinaryOpType::MUL'; 'compute_kernel_config': 'std::nullopt'; 'dtype': 'DataType::BFLOAT16'; 'equal_nan': 'false'; 'input_dtype': 'DataType::BFLOAT16'; 'input_layout_a': 'Layout::TILE'; 'input_layout_b': 'Layout::TILE'; 'is_quant_op': 'false'; 'is_sfpu': 'true'; 'is_where_op': 'false'; 'lhs_activations': '{}'; 'memory_config': 'MemoryConfig(memory_layout=TensorMemoryLayout::INTERLEAVED;buffer_type=BufferType::DRAM;shard_spec=std::nullopt;nd_shard_spec=std::nullopt;created_with_nd_shard_spec=0)'; 'output_layout': 'Layout::TILE'; 'post_activations': '{}'; 'rhs_activations': '{}'; 'rtol': '0'; 'scalar': 'std::nullopt'; 'sub_core_grids': 'std::nullopt'; 'sub_device_id': 'std::nullopt'; 'subtile_broadcast_type': 'SubtileBroadcastType::SCALAR_B'; 'worker_grid': '{[0-0 - 10-9]}'},HiFi4,110,110,,,21229127512,21229128284,772,1331578603666,1331580292438,14612,0,1250942,1250189,,,,,439730,,,,,,,,,,,1[1],1[1],32[1],2816[2816],TILE,BFLOAT16,DEV_0_DRAM_INTERLEAVED,1[1],1[1],32[1],32[1],TILE,BFLOAT16,DEV_0_DRAM_INTERLEAVED,,,,,,,,,,,,,,,,,,,,,,1[1],1[1],32[1],2816[2816],TILE,BFLOAT16,DEV_0_DRAM_INTERLEAVED,,,,,,,,,,,,,,,,,['ttnn/cpp/ttnn/operations/eltwise/binary_ng/device/kernels_ng/compute/eltwise_binary_sfpu_scalar_bcast.cpp'],['eltwise_binary_sfpu_scalar_bcast/14283356454050969296/'],['ttnn/cpp/ttnn/operations/eltwise/binary_ng/device/kernels_ng/dataflow/writer_interleaved_no_bcast.cpp'; 'ttnn/cpp/ttnn/operations/eltwise/binary_ng/device/kernels_ng/dataflow/reader_interleaved_scalar_bcast.cpp'],['writer_interleaved_no_bcast/2156604396995343583/'; 'reader_interleaved_scalar_bcast/5069833772443763492/'],9109786479759121483,False,1160,1676,3512,2560,4588,0,0,0,0,1,1,1,[],[],0.0,,,,,,,772
PERF_DECODE,signpost,,,,,,,,,,21559803869,,,,,,,,,,,,,,,,,,,,,,,,,,,,,,,,,,,,,,,,,,,,,,,,,,,,,,,,,,,,,,,,,,,,,,,,,,,,,,,,,,,,,,,,,,,,,,,,,,,,,,,,,,,,,
PERF_DECODE_END,signpost,,,,,,,,,,21561306681,,,,,,,,,,,,,,,,,,,,,,,,,,,,,,,,,,,,,,,,,,,,,,,,,,,,,,,,,,,,,,,,,,,,,,,,,,,,,,,,,,,,,,,,,,,,,,,,,,,,,,,,,,,,,
