2026-07-29 14:48:13.264 | INFO     | __main__:main:395 - Using port 8086
2026-07-29 14:48:13.264 | INFO     | tracy:run_report_setup:91 - Verifying tracy profiling tools
2026-07-29 14:48:13.332 | INFO     | tracy:run_report_setup:112 - Capture command: ('/home/mvasiljevic/tt-metal/build/tools/profiler/bin/tracy-capture -o /home/mvasiljevic/tt-metal/generated/profiler/.logs/tracy_profile_log_host.tracy -f -p 8086',)
Connecting to 127.0.0.1:8086...2026-07-29 14:48:13.339 | INFO     | __main__:main:413 - Test process started
2026-07-29 14:48:14.300 | DEBUG    | ttnn:<module>:79 - Initial ttnn.CONFIG:
Config{cache_path=/home/mvasiljevic/.cache/ttnn,model_cache_path=/home/mvasiljevic/.cache/ttnn/models,tmp_dir=/tmp/ttnn,enable_model_cache=false,enable_fast_runtime_mode=true,throw_exception_on_fallback=false,enable_logging=false,enable_graph_report=false,enable_graph_python_stack_traces=false,enable_detailed_buffer_report=false,enable_detailed_tensor_report=false,enable_comparison_mode=false,comparison_mode_should_raise_exception=false,comparison_mode_pcc=0.9999,root_report_path=generated/ttnn/reports,report_name=std::nullopt,std::nullopt}
============================= test session starts ==============================
platform linux -- Python 3.12.13, pytest-9.0.3, pluggy-1.6.0 -- /home/mvasiljevic/tt-metal/python_env/bin/python
cachedir: .pytest_cache
benchmark: 5.2.3 (defaults: timer=time.perf_counter disable_gc=False min_rounds=5 min_time=0.000005 max_time=1.0 calibration_precision=10 warmup=False warmup_iterations=100000)
rootdir: /home/mvasiljevic/tt-metal
configfile: pytest.ini
plugins: github-actions-annotate-failures-0.3.0, anyio-4.14.2, dash-2.15.0, split-0.11.0, timeout-2.4.0, benchmark-5.2.3, cov-7.0.0
timeout: 300.0s
timeout method: signal
timeout func_only: False
collecting ... collected 8 items

models/autoports/microsoft_phi_3_5_mini_instruct/tests/fused_decoder_ab_perf.py::test_profile_warmed_prefill_ab[blackhole-functional-FunctionalDecoder-1-mesh_device0] 2026-07-29 14:48:16.659 | info     |          Device | Opening user mode device driver (tt_cluster.cpp:228)
2026-07-29 14:48:16.659 | info     |             UMD | Cluster constructor started. (cluster.cpp:348)
2026-07-29 14:48:16.659 | info     |             UMD | Creating TopologyDiscovery for architecture: blackhole (topology_discovery.cpp:91)
2026-07-29 14:48:16.659 | info     |             UMD | Starting topology discovery. (topology_discovery.cpp:110)
2026-07-29 14:48:16.661 | info     |             UMD | Established firmware bundle version: 19.8.0 (topology_discovery.cpp:569)
2026-07-29 14:48:16.661 | info     |             UMD | Firmware bundle version 19.8.0 on the system is newer than the latest fully tested version 19.5.0 for blackhole architecture. Newest features may not be supported. (topology_discovery.cpp:601)
2026-07-29 14:48:16.665 | info     |             UMD | Completed topology discovery. (topology_discovery.cpp:114)
2026-07-29 14:48:16.888 | info     |             UMD | Opening local chip ids/PCIe ids: {0, 1, 2, 3}/[0, 1, 2, 3] and remote chip ids {} (cluster.cpp:168)
2026-07-29 14:48:16.889 | info     |             UMD | IOMMU: enabled (cluster.cpp:142)
2026-07-29 14:48:16.889 | info     |             UMD | KMD version: 2.8.0 (cluster.cpp:145)
2026-07-29 14:48:16.889 | info     |             UMD | Cluster constructor completed. (cluster.cpp:520)
2026-07-29 14:48:16.890 | info     |             UMD | Starting devices in cluster (cluster.cpp:1024)
2026-07-29 14:48:17.235 | info     |             UMD | Starting devices in cluster completed. (cluster.cpp:1032)
2026-07-29 14:48:17.366 | DEBUG    | ttnn.device:__init__:152 - Using default dispatch core type for this system: DispatchCoreType.WORKER
2026-07-29 14:48:17.366 | DEBUG    | ttnn.device:__init__:154 - Using default dispatch core axis for this system: DispatchCoreAxis.COL
2026-07-29 14:48:17.366 | info     |     Distributed | Using auto discovery to generate mesh graph. (metal_env.cpp:367)
2026-07-29 14:48:17.366 | info     |     Distributed | Constructing control plane using auto-discovery (no mesh graph descriptor). (metal_env.cpp:429)
2026-07-29 14:48:17.366 | warning  |          Always | Unknown motherboard 'B850M-C' for chip_id=0 (bus_id=0x1) — falling back to bus_id as tray_id. Add this motherboard and its bus IDs to mobo_to_bus_ids in physical_system_discovery.cpp. (physical_system_discovery.cpp:89)
2026-07-29 14:48:17.366 | warning  |          Always | Unknown motherboard 'B850M-C' for chip_id=1 (bus_id=0x2) — falling back to bus_id as tray_id. Add this motherboard and its bus IDs to mobo_to_bus_ids in physical_system_discovery.cpp. (physical_system_discovery.cpp:89)
2026-07-29 14:48:17.366 | warning  |          Always | Unknown motherboard 'B850M-C' for chip_id=2 (bus_id=0x3) — falling back to bus_id as tray_id. Add this motherboard and its bus IDs to mobo_to_bus_ids in physical_system_discovery.cpp. (physical_system_discovery.cpp:89)
2026-07-29 14:48:17.366 | warning  |          Always | Unknown motherboard 'B850M-C' for chip_id=3 (bus_id=0x4) — falling back to bus_id as tray_id. Add this motherboard and its bus IDs to mobo_to_bus_ids in physical_system_discovery.cpp. (physical_system_discovery.cpp:89)
2026-07-29 14:48:17.366 | warning  |          Always | Unknown motherboard 'B850M-C' for chip_id=1 (bus_id=0x2) — falling back to bus_id as tray_id. Add this motherboard and its bus IDs to mobo_to_bus_ids in physical_system_discovery.cpp. (physical_system_discovery.cpp:89)
2026-07-29 14:48:17.366 | warning  |          Always | Unknown motherboard 'B850M-C' for chip_id=2 (bus_id=0x3) — falling back to bus_id as tray_id. Add this motherboard and its bus IDs to mobo_to_bus_ids in physical_system_discovery.cpp. (physical_system_discovery.cpp:89)
2026-07-29 14:48:17.366 | warning  |          Always | Unknown motherboard 'B850M-C' for chip_id=0 (bus_id=0x1) — falling back to bus_id as tray_id. Add this motherboard and its bus IDs to mobo_to_bus_ids in physical_system_discovery.cpp. (physical_system_discovery.cpp:89)
2026-07-29 14:48:17.366 | warning  |          Always | Unknown motherboard 'B850M-C' for chip_id=3 (bus_id=0x4) — falling back to bus_id as tray_id. Add this motherboard and its bus IDs to mobo_to_bus_ids in physical_system_discovery.cpp. (physical_system_discovery.cpp:89)
2026-07-29 14:48:17.366 | info     |          Fabric | Logical multi-mesh adjacency: intermesh degree histogram {0:1}; intra-mesh degree histograms mesh0 {1:2, 2:2} (topology_mapper_utils.cpp:2342)
2026-07-29 14:48:17.366 | info     |          Fabric | Physical multi-mesh adjacency: intermesh degree histogram {0:1}; intra-mesh degree histograms mesh0 {1:2, 2:2} (topology_mapper_utils.cpp:2350)
2026-07-29 14:48:17.404 | warning  |           Metal | Opening subset of mmio devices slows down UMD read/write to remote chips. If opening more devices, consider using CreateDevices API. (device_manager.cpp:261)
2026-07-29 14:48:17.411 | info     |           Metal | Profiler started on device 2 (profiler_initializer.cpp:49)
2026-07-29 14:48:17.452 | info     |           Metal | ShmResourceTracker: removed orphaned shm '/tt_device_154095681929601_memory' (shm_resource_tracker.cpp:282)
2026-07-29 14:48:18.032 | info     |           Metal | [Real-time profiler] Device 2 sync complete: 100 samples, frequency=1.349986 GHz, device_time_at_sync=20029181654092 cycles (realtime_profiler_manager.cpp:1127)
2026-07-29 14:48:18.048 | DEBUG    | conftest:mesh_device:599 - multidevice with 1 devices is created
[transformers] This model config has set a `rope_parameters['original_max_position_embeddings']` field, to be used together with `max_position_embeddings` to determine a scaling factor. Please set the `factor` field of `rope_parameters`with this ratio instead -- we recommend the use of this field over `original_max_position_embeddings`, as it is compatible with most model architectures.
2026-07-29 14:48:18.918 | INFO     | tracy:signpost:49 - PERF_FUNCTIONAL_PREFILL_B1
2026-07-29 14:48:18.927 | INFO     | tracy:signpost:49 - PERF_FUNCTIONAL_PREFILL_B1_END
PERF_RESULT implementation=functional mode=prefill batch=1 sequence=128 warm_replays=5 mean_ms=1.776829 median_ms=1.675952 min_ms=1.629915
PASSED2026-07-29 14:48:19.366 | info     |           Metal | Device kernel duration perf summary (device=2): count=311, min=1910ns, avg=33296.5ns, max=475281ns (profiler_analysis.cpp:675)
2026-07-29 14:48:19.366 | info     |           Metal | Device kernel duration perf histogram (device=2): (buckets=10, bucket_size=47400ns, range=[0..474000), underflow(<0ns)=0, overflow(>=474000ns)=1) (profiler_analysis.cpp:718)
2026-07-29 14:48:19.366 | info     |           Metal |   [           0 ..        47400) |########################################|      277 (profiler_analysis.cpp:723)
2026-07-29 14:48:19.366 | info     |           Metal |   [       47400 ..        94800) |#                                       |        6 (profiler_analysis.cpp:723)
2026-07-29 14:48:19.366 | info     |           Metal |   [       94800 ..       142200) |#                                       |        6 (profiler_analysis.cpp:723)
2026-07-29 14:48:19.366 | info     |           Metal |   [      142200 ..       189600) |#                                       |        7 (profiler_analysis.cpp:723)
2026-07-29 14:48:19.366 | info     |           Metal |   [      189600 ..       237000) |#                                       |        6 (profiler_analysis.cpp:723)
2026-07-29 14:48:19.366 | info     |           Metal |   [      237000 ..       284400) |                                        |        1 (profiler_analysis.cpp:723)
2026-07-29 14:48:19.366 | info     |           Metal |   [      284400 ..       331800) |#                                       |        6 (profiler_analysis.cpp:723)
2026-07-29 14:48:19.366 | info     |           Metal |   [      331800 ..       379200) |                                        |        1 (profiler_analysis.cpp:723)
2026-07-29 14:48:19.366 | info     |           Metal |   [      379200 ..       426600) |                                        |        0 (profiler_analysis.cpp:723)
2026-07-29 14:48:19.366 | info     |           Metal |   [      426600 ..       474000) |                                        |        0 (profiler_analysis.cpp:723)

models/autoports/microsoft_phi_3_5_mini_instruct/tests/fused_decoder_ab_perf.py::test_profile_traced_decode_ab[blackhole-functional-FunctionalDecoder-1-mesh_device0] 2026-07-29 14:48:19.883 | DEBUG    | ttnn.device:__init__:152 - Using default dispatch core type for this system: DispatchCoreType.WORKER
2026-07-29 14:48:19.883 | DEBUG    | ttnn.device:__init__:154 - Using default dispatch core axis for this system: DispatchCoreAxis.COL
2026-07-29 14:48:19.927 | warning  |           Metal | Opening subset of mmio devices slows down UMD read/write to remote chips. If opening more devices, consider using CreateDevices API. (device_manager.cpp:261)
2026-07-29 14:48:19.933 | info     |           Metal | Profiler started on device 2 (profiler_initializer.cpp:49)
2026-07-29 14:48:19.972 | DEBUG    | conftest:mesh_device:599 - multidevice with 1 devices is created
2026-07-29 14:48:20.746 | INFO     | tracy:signpost:49 - PERF_FUNCTIONAL_DECODE_B1
2026-07-29 14:48:20.751 | INFO     | tracy:signpost:49 - PERF_FUNCTIONAL_DECODE_B1_END
PERF_RESULT implementation=functional mode=decode batch=1 context=128 trace_replays=5 mean_ms=1.102367 median_ms=1.101866 min_ms=1.098759
PASSED2026-07-29 14:48:21.076 | info     |           Metal | Device kernel duration perf summary (device=2): count=411, min=453ns, avg=20418.1ns, max=478634ns (profiler_analysis.cpp:675)
2026-07-29 14:48:21.076 | info     |           Metal | Device kernel duration perf histogram (device=2): (buckets=10, bucket_size=47900ns, range=[0..479000), underflow(<0ns)=0, overflow(>=479000ns)=0) (profiler_analysis.cpp:718)
2026-07-29 14:48:21.076 | info     |           Metal |   [           0 ..        47900) |########################################|      372 (profiler_analysis.cpp:723)
2026-07-29 14:48:21.076 | info     |           Metal |   [       47900 ..        95800) |##                                      |       14 (profiler_analysis.cpp:723)
2026-07-29 14:48:21.076 | info     |           Metal |   [       95800 ..       143700) |                                        |        0 (profiler_analysis.cpp:723)
2026-07-29 14:48:21.076 | info     |           Metal |   [      143700 ..       191600) |##                                      |       15 (profiler_analysis.cpp:723)
2026-07-29 14:48:21.076 | info     |           Metal |   [      191600 ..       239500) |                                        |        0 (profiler_analysis.cpp:723)
2026-07-29 14:48:21.076 | info     |           Metal |   [      239500 ..       287400) |#                                       |        7 (profiler_analysis.cpp:723)
2026-07-29 14:48:21.076 | info     |           Metal |   [      287400 ..       335300) |                                        |        1 (profiler_analysis.cpp:723)
2026-07-29 14:48:21.076 | info     |           Metal |   [      335300 ..       383200) |                                        |        1 (profiler_analysis.cpp:723)
2026-07-29 14:48:21.076 | info     |           Metal |   [      383200 ..       431100) |                                        |        0 (profiler_analysis.cpp:723)
2026-07-29 14:48:21.076 | info     |           Metal |   [      431100 ..       479000) |                                        |        1 (profiler_analysis.cpp:723)

models/autoports/microsoft_phi_3_5_mini_instruct/tests/fused_decoder_ab_perf.py::test_profile_warmed_prefill_ab[blackhole-functional-FunctionalDecoder-32-mesh_device0] 2026-07-29 14:48:21.549 | DEBUG    | ttnn.device:__init__:152 - Using default dispatch core type for this system: DispatchCoreType.WORKER
2026-07-29 14:48:21.549 | DEBUG    | ttnn.device:__init__:154 - Using default dispatch core axis for this system: DispatchCoreAxis.COL
2026-07-29 14:48:21.588 | warning  |           Metal | Opening subset of mmio devices slows down UMD read/write to remote chips. If opening more devices, consider using CreateDevices API. (device_manager.cpp:261)
2026-07-29 14:48:21.589 | info     |           Metal | Profiler started on device 2 (profiler_initializer.cpp:49)
2026-07-29 14:48:21.629 | DEBUG    | conftest:mesh_device:599 - multidevice with 1 devices is created
2026-07-29 14:48:22.440 | INFO     | tracy:signpost:49 - PERF_FUNCTIONAL_PREFILL_B32
2026-07-29 14:48:22.628 | INFO     | tracy:signpost:49 - PERF_FUNCTIONAL_PREFILL_B32_END
PERF_RESULT implementation=functional mode=prefill batch=32 sequence=128 warm_replays=5 mean_ms=37.727393 median_ms=37.723585 min_ms=37.696945
PASSED2026-07-29 14:48:22.634 | warning  |           Metal | Profiler DRAM buffers were full, markers were dropped! device 2, worker core 1, 2, Risc BRISC,  bufferEndIndex = 12000. Please either decrease the number of ops being profiled or run read device profiler more often (profiler.cpp:1575)
2026-07-29 14:48:22.634 | warning  |           Metal | Profiler DRAM buffers were full, markers were dropped! device 2, worker core 1, 2, Risc NCRISC,  bufferEndIndex = 12000. Please either decrease the number of ops being profiled or run read device profiler more often (profiler.cpp:1575)
2026-07-29 14:48:22.635 | warning  |           Metal | Profiler DRAM buffers were full, markers were dropped! device 2, worker core 1, 2, Risc TRISC_0,  bufferEndIndex = 12000. Please either decrease the number of ops being profiled or run read device profiler more often (profiler.cpp:1575)
2026-07-29 14:48:22.635 | warning  |           Metal | Profiler DRAM buffers were full, markers were dropped! device 2, worker core 1, 2, Risc TRISC_1,  bufferEndIndex = 12000. Please either decrease the number of ops being profiled or run read device profiler more often (profiler.cpp:1575)
2026-07-29 14:48:22.635 | warning  |           Metal | Profiler DRAM buffers were full, markers were dropped! device 2, worker core 1, 2, Risc TRISC_2,  bufferEndIndex = 12000. Please either decrease the number of ops being profiled or run read device profiler more often (profiler.cpp:1575)
2026-07-29 14:48:22.635 | warning  |           Metal | Profiler DRAM buffers were full, markers were dropped! device 2, worker core 1, 3, Risc BRISC,  bufferEndIndex = 12000. Please either decrease the number of ops being profiled or run read device profiler more often (profiler.cpp:1575)
2026-07-29 14:48:22.635 | warning  |           Metal | Profiler DRAM buffers were full, markers were dropped! device 2, worker core 1, 3, Risc NCRISC,  bufferEndIndex = 12000. Please either decrease the number of ops being profiled or run read device profiler more often (profiler.cpp:1575)
2026-07-29 14:48:22.636 | warning  |           Metal | Profiler DRAM buffers were full, markers were dropped! device 2, worker core 1, 3, Risc TRISC_0,  bufferEndIndex = 12000. Please either decrease the number of ops being profiled or run read device profiler more often (profiler.cpp:1575)
2026-07-29 14:48:22.636 | warning  |           Metal | Profiler DRAM buffers were full, markers were dropped! device 2, worker core 1, 3, Risc TRISC_1,  bufferEndIndex = 12000. Please either decrease the number of ops being profiled or run read device profiler more often (profiler.cpp:1575)
2026-07-29 14:48:22.636 | warning  |           Metal | Profiler DRAM buffers were full, markers were dropped! device 2, worker core 1, 3, Risc TRISC_2,  bufferEndIndex = 12000. Please either decrease the number of ops being profiled or run read device profiler more often (profiler.cpp:1575)
2026-07-29 14:48:22.636 | warning  |           Metal | Profiler DRAM buffers were full, markers were dropped! device 2, worker core 1, 4, Risc BRISC,  bufferEndIndex = 12000. Please either decrease the number of ops being profiled or run read device profiler more often (profiler.cpp:1575)
2026-07-29 14:48:22.636 | warning  |           Metal | Profiler DRAM buffers were full, markers were dropped! device 2, worker core 1, 4, Risc NCRISC,  bufferEndIndex = 12000. Please either decrease the number of ops being profiled or run read device profiler more often (profiler.cpp:1575)
2026-07-29 14:48:22.637 | warning  |           Metal | Profiler DRAM buffers were full, markers were dropped! device 2, worker core 1, 4, Risc TRISC_0,  bufferEndIndex = 12000. Please either decrease the number of ops being profiled or run read device profiler more often (profiler.cpp:1575)
2026-07-29 14:48:22.637 | warning  |           Metal | Profiler DRAM buffers were full, markers were dropped! device 2, worker core 1, 4, Risc TRISC_1,  bufferEndIndex = 12000. Please either decrease the number of ops being profiled or run read device profiler more often (profiler.cpp:1575)
2026-07-29 14:48:22.637 | warning  |           Metal | Profiler DRAM buffers were full, markers were dropped! device 2, worker core 1, 4, Risc TRISC_2,  bufferEndIndex = 12000. Please either decrease the number of ops being profiled or run read device profiler more often (profiler.cpp:1575)
2026-07-29 14:48:22.637 | warning  |           Metal | Profiler DRAM buffers were full, markers were dropped! device 2, worker core 1, 5, Risc BRISC,  bufferEndIndex = 12000. Please either decrease the number of ops being profiled or run read device profiler more often (profiler.cpp:1575)
2026-07-29 14:48:22.638 | warning  |           Metal | Profiler DRAM buffers were full, markers were dropped! device 2, worker core 1, 5, Risc NCRISC,  bufferEndIndex = 12000. Please either decrease the number of ops being profiled or run read device profiler more often (profiler.cpp:1575)
2026-07-29 14:48:22.638 | warning  |           Metal | Profiler DRAM buffers were full, markers were dropped! device 2, worker core 1, 5, Risc TRISC_0,  bufferEndIndex = 12000. Please either decrease the number of ops being profiled or run read device profiler more often (profiler.cpp:1575)
2026-07-29 14:48:22.638 | warning  |           Metal | Profiler DRAM buffers were full, markers were dropped! device 2, worker core 1, 5, Risc TRISC_1,  bufferEndIndex = 12000. Please either decrease the number of ops being profiled or run read device profiler more often (profiler.cpp:1575)
2026-07-29 14:48:22.638 | warning  |           Metal | Profiler DRAM buffers were full, markers were dropped! device 2, worker core 1, 5, Risc TRISC_2,  bufferEndIndex = 12000. Please either decrease the number of ops being profiled or run read device profiler more often (profiler.cpp:1575)
2026-07-29 14:48:22.638 | warning  |           Metal | Profiler DRAM buffers were full, markers were dropped! device 2, worker core 1, 6, Risc BRISC,  bufferEndIndex = 12000. Please either decrease the number of ops being profiled or run read device profiler more often (profiler.cpp:1575)
2026-07-29 14:48:22.639 | warning  |           Metal | Profiler DRAM buffers were full, markers were dropped! device 2, worker core 1, 6, Risc NCRISC,  bufferEndIndex = 12000. Please either decrease the number of ops being profiled or run read device profiler more often (profiler.cpp:1575)
2026-07-29 14:48:22.639 | warning  |           Metal | Profiler DRAM buffers were full, markers were dropped! device 2, worker core 1, 6, Risc TRISC_0,  bufferEndIndex = 12000. Please either decrease the number of ops being profiled or run read device profiler more often (profiler.cpp:1575)
2026-07-29 14:48:22.639 | warning  |           Metal | Profiler DRAM buffers were full, markers were dropped! device 2, worker core 1, 6, Risc TRISC_1,  bufferEndIndex = 12000. Please either decrease the number of ops being profiled or run read device profiler more often (profiler.cpp:1575)
2026-07-29 14:48:22.639 | warning  |           Metal | Profiler DRAM buffers were full, markers were dropped! device 2, worker core 1, 6, Risc TRISC_2,  bufferEndIndex = 12000. Please either decrease the number of ops being profiled or run read device profiler more often (profiler.cpp:1575)
2026-07-29 14:48:22.639 | warning  |           Metal | Profiler DRAM buffers were full, markers were dropped! device 2, worker core 1, 7, Risc BRISC,  bufferEndIndex = 12000. Please either decrease the number of ops being profiled or run read device profiler more often (profiler.cpp:1575)
2026-07-29 14:48:22.640 | warning  |           Metal | Profiler DRAM buffers were full, markers were dropped! device 2, worker core 1, 7, Risc NCRISC,  bufferEndIndex = 12000. Please either decrease the number of ops being profiled or run read device profiler more often (profiler.cpp:1575)
2026-07-29 14:48:22.640 | warning  |           Metal | Profiler DRAM buffers were full, markers were dropped! device 2, worker core 1, 7, Risc TRISC_0,  bufferEndIndex = 12000. Please either decrease the number of ops being profiled or run read device profiler more often (profiler.cpp:1575)
2026-07-29 14:48:22.640 | warning  |           Metal | Profiler DRAM buffers were full, markers were dropped! device 2, worker core 1, 7, Risc TRISC_1,  bufferEndIndex = 12000. Please either decrease the number of ops being profiled or run read device profiler more often (profiler.cpp:1575)
2026-07-29 14:48:22.640 | warning  |           Metal | Profiler DRAM buffers were full, markers were dropped! device 2, worker core 1, 7, Risc TRISC_2,  bufferEndIndex = 12000. Please either decrease the number of ops being profiled or run read device profiler more often (profiler.cpp:1575)
2026-07-29 14:48:22.640 | warning  |           Metal | Profiler DRAM buffers were full, markers were dropped! device 2, worker core 1, 8, Risc BRISC,  bufferEndIndex = 12000. Please either decrease the number of ops being profiled or run read device profiler more often (profiler.cpp:1575)
2026-07-29 14:48:22.641 | warning  |           Metal | Profiler DRAM buffers were full, markers were dropped! device 2, worker core 1, 8, Risc NCRISC,  bufferEndIndex = 12000. Please either decrease the number of ops being profiled or run read device profiler more often (profiler.cpp:1575)
2026-07-29 14:48:22.641 | warning  |           Metal | Profiler DRAM buffers were full, markers were dropped! device 2, worker core 1, 8, Risc TRISC_0,  bufferEndIndex = 12000. Please either decrease the number of ops being profiled or run read device profiler more often (profiler.cpp:1575)
2026-07-29 14:48:22.641 | warning  |           Metal | Profiler DRAM buffers were full, markers were dropped! device 2, worker core 1, 8, Risc TRISC_1,  bufferEndIndex = 12000. Please either decrease the number of ops being profiled or run read device profiler more often (profiler.cpp:1575)
2026-07-29 14:48:22.641 | warning  |           Metal | Profiler DRAM buffers were full, markers were dropped! device 2, worker core 1, 8, Risc TRISC_2,  bufferEndIndex = 12000. Please either decrease the number of ops being profiled or run read device profiler more often (profiler.cpp:1575)
2026-07-29 14:48:22.642 | warning  |           Metal | Profiler DRAM buffers were full, markers were dropped! device 2, worker core 1, 9, Risc BRISC,  bufferEndIndex = 12000. Please either decrease the number of ops being profiled or run read device profiler more often (profiler.cpp:1575)
2026-07-29 14:48:22.642 | warning  |           Metal | Profiler DRAM buffers were full, markers were dropped! device 2, worker core 1, 9, Risc NCRISC,  bufferEndIndex = 12000. Please either decrease the number of ops being profiled or run read device profiler more often (profiler.cpp:1575)
2026-07-29 14:48:22.642 | warning  |           Metal | Profiler DRAM buffers were full, markers were dropped! device 2, worker core 1, 9, Risc TRISC_0,  bufferEndIndex = 12000. Please either decrease the number of ops being profiled or run read device profiler more often (profiler.cpp:1575)
2026-07-29 14:48:22.642 | warning  |           Metal | Profiler DRAM buffers were full, markers were dropped! device 2, worker core 1, 9, Risc TRISC_1,  bufferEndIndex = 12000. Please either decrease the number of ops being profiled or run read device profiler more often (profiler.cpp:1575)
2026-07-29 14:48:22.642 | warning  |           Metal | Profiler DRAM buffers were full, markers were dropped! device 2, worker core 1, 9, Risc TRISC_2,  bufferEndIndex = 12000. Please either decrease the number of ops being profiled or run read device profiler more often (profiler.cpp:1575)
2026-07-29 14:48:22.643 | warning  |           Metal | Profiler DRAM buffers were full, markers were dropped! device 2, worker core 1, 10, Risc BRISC,  bufferEndIndex = 12000. Please either decrease the number of ops being profiled or run read device profiler more often (profiler.cpp:1575)
2026-07-29 14:48:22.643 | warning  |           Metal | Profiler DRAM buffers were full, markers were dropped! device 2, worker core 1, 10, Risc NCRISC,  bufferEndIndex = 12000. Please either decrease the number of ops being profiled or run read device profiler more often (profiler.cpp:1575)
2026-07-29 14:48:22.643 | warning  |           Metal | Profiler DRAM buffers were full, markers were dropped! device 2, worker core 1, 10, Risc TRISC_0,  bufferEndIndex = 12000. Please either decrease the number of ops being profiled or run read device profiler more often (profiler.cpp:1575)
2026-07-29 14:48:22.643 | warning  |           Metal | Profiler DRAM buffers were full, markers were dropped! device 2, worker core 1, 10, Risc TRISC_1,  bufferEndIndex = 12000. Please either decrease the number of ops being profiled or run read device profiler more often (profiler.cpp:1575)
2026-07-29 14:48:22.644 | warning  |           Metal | Profiler DRAM buffers were full, markers were dropped! device 2, worker core 1, 10, Risc TRISC_2,  bufferEndIndex = 12000. Please either decrease the number of ops being profiled or run read device profiler more often (profiler.cpp:1575)
2026-07-29 14:48:22.644 | warning  |           Metal | Profiler DRAM buffers were full, markers were dropped! device 2, worker core 1, 11, Risc BRISC,  bufferEndIndex = 12000. Please either decrease the number of ops being profiled or run read device profiler more often (profiler.cpp:1575)
2026-07-29 14:48:22.644 | warning  |           Metal | Profiler DRAM buffers were full, markers were dropped! device 2, worker core 1, 11, Risc NCRISC,  bufferEndIndex = 12000. Please either decrease the number of ops being profiled or run read device profiler more often (profiler.cpp:1575)
2026-07-29 14:48:22.644 | warning  |           Metal | Profiler DRAM buffers were full, markers were dropped! device 2, worker core 1, 11, Risc TRISC_0,  bufferEndIndex = 12000. Please either decrease the number of ops being profiled or run read device profiler more often (profiler.cpp:1575)
2026-07-29 14:48:22.644 | warning  |           Metal | Profiler DRAM buffers were full, markers were dropped! device 2, worker core 1, 11, Risc TRISC_1,  bufferEndIndex = 12000. Please either decrease the number of ops being profiled or run read device profiler more often (profiler.cpp:1575)
2026-07-29 14:48:22.645 | warning  |           Metal | Profiler DRAM buffers were full, markers were dropped! device 2, worker core 1, 11, Risc TRISC_2,  bufferEndIndex = 12000. Please either decrease the number of ops being profiled or run read device profiler more often (profiler.cpp:1575)
2026-07-29 14:48:22.645 | warning  |           Metal | Profiler DRAM buffers were full, markers were dropped! device 2, worker core 2, 2, Risc BRISC,  bufferEndIndex = 12000. Please either decrease the number of ops being profiled or run read device profiler more often (profiler.cpp:1575)
2026-07-29 14:48:22.645 | warning  |           Metal | Profiler DRAM buffers were full, markers were dropped! device 2, worker core 2, 2, Risc NCRISC,  bufferEndIndex = 12000. Please either decrease the number of ops being profiled or run read device profiler more often (profiler.cpp:1575)
2026-07-29 14:48:22.645 | warning  |           Metal | Profiler DRAM buffers were full, markers were dropped! device 2, worker core 2, 2, Risc TRISC_0,  bufferEndIndex = 12000. Please either decrease the number of ops being profiled or run read device profiler more often (profiler.cpp:1575)
2026-07-29 14:48:22.645 | warning  |           Metal | Profiler DRAM buffers were full, markers were dropped! device 2, worker core 2, 2, Risc TRISC_1,  bufferEndIndex = 12000. Please either decrease the number of ops being profiled or run read device profiler more often (profiler.cpp:1575)
2026-07-29 14:48:22.646 | warning  |           Metal | Profiler DRAM buffers were full, markers were dropped! device 2, worker core 2, 2, Risc TRISC_2,  bufferEndIndex = 12000. Please either decrease the number of ops being profiled or run read device profiler more often (profiler.cpp:1575)
2026-07-29 14:48:22.646 | warning  |           Metal | Profiler DRAM buffers were full, markers were dropped! device 2, worker core 2, 3, Risc BRISC,  bufferEndIndex = 12000. Please either decrease the number of ops being profiled or run read device profiler more often (profiler.cpp:1575)
2026-07-29 14:48:22.646 | warning  |           Metal | Profiler DRAM buffers were full, markers were dropped! device 2, worker core 2, 3, Risc NCRISC,  bufferEndIndex = 12000. Please either decrease the number of ops being profiled or run read device profiler more often (profiler.cpp:1575)
2026-07-29 14:48:22.646 | warning  |           Metal | Profiler DRAM buffers were full, markers were dropped! device 2, worker core 2, 3, Risc TRISC_0,  bufferEndIndex = 12000. Please either decrease the number of ops being profiled or run read device profiler more often (profiler.cpp:1575)
2026-07-29 14:48:22.647 | warning  |           Metal | Profiler DRAM buffers were full, markers were dropped! device 2, worker core 2, 3, Risc TRISC_1,  bufferEndIndex = 12000. Please either decrease the number of ops being profiled or run read device profiler more often (profiler.cpp:1575)
2026-07-29 14:48:22.647 | warning  |           Metal | Profiler DRAM buffers were full, markers were dropped! device 2, worker core 2, 3, Risc TRISC_2,  bufferEndIndex = 12000. Please either decrease the number of ops being profiled or run read device profiler more often (profiler.cpp:1575)
2026-07-29 14:48:22.647 | warning  |           Metal | Profiler DRAM buffers were full, markers were dropped! device 2, worker core 2, 4, Risc BRISC,  bufferEndIndex = 12000. Please either decrease the number of ops being profiled or run read device profiler more often (profiler.cpp:1575)
2026-07-29 14:48:22.647 | warning  |           Metal | Profiler DRAM buffers were full, markers were dropped! device 2, worker core 2, 4, Risc NCRISC,  bufferEndIndex = 12000. Please either decrease the number of ops being profiled or run read device profiler more often (profiler.cpp:1575)
2026-07-29 14:48:22.647 | warning  |           Metal | Profiler DRAM buffers were full, markers were dropped! device 2, worker core 2, 4, Risc TRISC_0,  bufferEndIndex = 12000. Please either decrease the number of ops being profiled or run read device profiler more often (profiler.cpp:1575)
2026-07-29 14:48:22.648 | warning  |           Metal | Profiler DRAM buffers were full, markers were dropped! device 2, worker core 2, 4, Risc TRISC_1,  bufferEndIndex = 12000. Please either decrease the number of ops being profiled or run read device profiler more often (profiler.cpp:1575)
2026-07-29 14:48:22.648 | warning  |           Metal | Profiler DRAM buffers were full, markers were dropped! device 2, worker core 2, 4, Risc TRISC_2,  bufferEndIndex = 12000. Please either decrease the number of ops being profiled or run read device profiler more often (profiler.cpp:1575)
2026-07-29 14:48:22.648 | warning  |           Metal | Profiler DRAM buffers were full, markers were dropped! device 2, worker core 2, 5, Risc BRISC,  bufferEndIndex = 12000. Please either decrease the number of ops being profiled or run read device profiler more often (profiler.cpp:1575)
2026-07-29 14:48:22.648 | warning  |           Metal | Profiler DRAM buffers were full, markers were dropped! device 2, worker core 2, 5, Risc NCRISC,  bufferEndIndex = 12000. Please either decrease the number of ops being profiled or run read device profiler more often (profiler.cpp:1575)
2026-07-29 14:48:22.649 | warning  |           Metal | Profiler DRAM buffers were full, markers were dropped! device 2, worker core 2, 5, Risc TRISC_0,  bufferEndIndex = 12000. Please either decrease the number of ops being profiled or run read device profiler more often (profiler.cpp:1575)
2026-07-29 14:48:22.649 | warning  |           Metal | Profiler DRAM buffers were full, markers were dropped! device 2, worker core 2, 5, Risc TRISC_1,  bufferEndIndex = 12000. Please either decrease the number of ops being profiled or run read device profiler more often (profiler.cpp:1575)
2026-07-29 14:48:22.649 | warning  |           Metal | Profiler DRAM buffers were full, markers were dropped! device 2, worker core 2, 5, Risc TRISC_2,  bufferEndIndex = 12000. Please either decrease the number of ops being profiled or run read device profiler more often (profiler.cpp:1575)
2026-07-29 14:48:22.649 | warning  |           Metal | Profiler DRAM buffers were full, markers were dropped! device 2, worker core 2, 6, Risc BRISC,  bufferEndIndex = 12000. Please either decrease the number of ops being profiled or run read device profiler more often (profiler.cpp:1575)
2026-07-29 14:48:22.649 | warning  |           Metal | Profiler DRAM buffers were full, markers were dropped! device 2, worker core 2, 6, Risc NCRISC,  bufferEndIndex = 12000. Please either decrease the number of ops being profiled or run read device profiler more often (profiler.cpp:1575)
2026-07-29 14:48:22.650 | warning  |           Metal | Profiler DRAM buffers were full, markers were dropped! device 2, worker core 2, 6, Risc TRISC_0,  bufferEndIndex = 12000. Please either decrease the number of ops being profiled or run read device profiler more often (profiler.cpp:1575)
2026-07-29 14:48:22.650 | warning  |           Metal | Profiler DRAM buffers were full, markers were dropped! device 2, worker core 2, 6, Risc TRISC_1,  bufferEndIndex = 12000. Please either decrease the number of ops being profiled or run read device profiler more often (profiler.cpp:1575)
2026-07-29 14:48:22.650 | warning  |           Metal | Profiler DRAM buffers were full, markers were dropped! device 2, worker core 2, 6, Risc TRISC_2,  bufferEndIndex = 12000. Please either decrease the number of ops being profiled or run read device profiler more often (profiler.cpp:1575)
2026-07-29 14:48:22.650 | warning  |           Metal | Profiler DRAM buffers were full, markers were dropped! device 2, worker core 2, 7, Risc BRISC,  bufferEndIndex = 12000. Please either decrease the number of ops being profiled or run read device profiler more often (profiler.cpp:1575)
2026-07-29 14:48:22.650 | warning  |           Metal | Profiler DRAM buffers were full, markers were dropped! device 2, worker core 2, 7, Risc NCRISC,  bufferEndIndex = 12000. Please either decrease the number of ops being profiled or run read device profiler more often (profiler.cpp:1575)
2026-07-29 14:48:22.651 | warning  |           Metal | Profiler DRAM buffers were full, markers were dropped! device 2, worker core 2, 7, Risc TRISC_0,  bufferEndIndex = 12000. Please either decrease the number of ops being profiled or run read device profiler more often (profiler.cpp:1575)
2026-07-29 14:48:22.651 | warning  |           Metal | Profiler DRAM buffers were full, markers were dropped! device 2, worker core 2, 7, Risc TRISC_1,  bufferEndIndex = 12000. Please either decrease the number of ops being profiled or run read device profiler more often (profiler.cpp:1575)
2026-07-29 14:48:22.651 | warning  |           Metal | Profiler DRAM buffers were full, markers were dropped! device 2, worker core 2, 7, Risc TRISC_2,  bufferEndIndex = 12000. Please either decrease the number of ops being profiled or run read device profiler more often (profiler.cpp:1575)
2026-07-29 14:48:22.651 | warning  |           Metal | Profiler DRAM buffers were full, markers were dropped! device 2, worker core 2, 8, Risc BRISC,  bufferEndIndex = 12000. Please either decrease the number of ops being profiled or run read device profiler more often (profiler.cpp:1575)
2026-07-29 14:48:22.651 | warning  |           Metal | Profiler DRAM buffers were full, markers were dropped! device 2, worker core 2, 8, Risc NCRISC,  bufferEndIndex = 12000. Please either decrease the number of ops being profiled or run read device profiler more often (profiler.cpp:1575)
2026-07-29 14:48:22.652 | warning  |           Metal | Profiler DRAM buffers were full, markers were dropped! device 2, worker core 2, 8, Risc TRISC_0,  bufferEndIndex = 12000. Please either decrease the number of ops being profiled or run read device profiler more often (profiler.cpp:1575)
2026-07-29 14:48:22.652 | warning  |           Metal | Profiler DRAM buffers were full, markers were dropped! device 2, worker core 2, 8, Risc TRISC_1,  bufferEndIndex = 12000. Please either decrease the number of ops being profiled or run read device profiler more often (profiler.cpp:1575)
2026-07-29 14:48:22.652 | warning  |           Metal | Profiler DRAM buffers were full, markers were dropped! device 2, worker core 2, 8, Risc TRISC_2,  bufferEndIndex = 12000. Please either decrease the number of ops being profiled or run read device profiler more often (profiler.cpp:1575)
2026-07-29 14:48:22.652 | warning  |           Metal | Profiler DRAM buffers were full, markers were dropped! device 2, worker core 2, 9, Risc BRISC,  bufferEndIndex = 12000. Please either decrease the number of ops being profiled or run read device profiler more often (profiler.cpp:1575)
2026-07-29 14:48:22.652 | warning  |           Metal | Profiler DRAM buffers were full, markers were dropped! device 2, worker core 2, 9, Risc NCRISC,  bufferEndIndex = 12000. Please either decrease the number of ops being profiled or run read device profiler more often (profiler.cpp:1575)
2026-07-29 14:48:22.653 | warning  |           Metal | Profiler DRAM buffers were full, markers were dropped! device 2, worker core 2, 9, Risc TRISC_0,  bufferEndIndex = 12000. Please either decrease the number of ops being profiled or run read device profiler more often (profiler.cpp:1575)
2026-07-29 14:48:22.653 | warning  |           Metal | Profiler DRAM buffers were full, markers were dropped! device 2, worker core 2, 9, Risc TRISC_1,  bufferEndIndex = 12000. Please either decrease the number of ops being profiled or run read device profiler more often (profiler.cpp:1575)
2026-07-29 14:48:22.653 | warning  |           Metal | Profiler DRAM buffers were full, markers were dropped! device 2, worker core 2, 9, Risc TRISC_2,  bufferEndIndex = 12000. Please either decrease the number of ops being profiled or run read device profiler more often (profiler.cpp:1575)
2026-07-29 14:48:22.653 | warning  |           Metal | Profiler DRAM buffers were full, markers were dropped! device 2, worker core 2, 10, Risc BRISC,  bufferEndIndex = 12000. Please either decrease the number of ops being profiled or run read device profiler more often (profiler.cpp:1575)
2026-07-29 14:48:22.654 | warning  |           Metal | Profiler DRAM buffers were full, markers were dropped! device 2, worker core 2, 10, Risc NCRISC,  bufferEndIndex = 12000. Please either decrease the number of ops being profiled or run read device profiler more often (profiler.cpp:1575)
2026-07-29 14:48:22.654 | warning  |           Metal | Profiler DRAM buffers were full, markers were dropped! device 2, worker core 2, 10, Risc TRISC_0,  bufferEndIndex = 12000. Please either decrease the number of ops being profiled or run read device profiler more often (profiler.cpp:1575)
2026-07-29 14:48:22.654 | warning  |           Metal | Profiler DRAM buffers were full, markers were dropped! device 2, worker core 2, 10, Risc TRISC_1,  bufferEndIndex = 12000. Please either decrease the number of ops being profiled or run read device profiler more often (profiler.cpp:1575)
2026-07-29 14:48:22.655 | warning  |           Metal | Profiler DRAM buffers were full, markers were dropped! device 2, worker core 2, 10, Risc TRISC_2,  bufferEndIndex = 12000. Please either decrease the number of ops being profiled or run read device profiler more often (profiler.cpp:1575)
2026-07-29 14:48:22.655 | warning  |           Metal | Profiler DRAM buffers were full, markers were dropped! device 2, worker core 2, 11, Risc BRISC,  bufferEndIndex = 12000. Please either decrease the number of ops being profiled or run read device profiler more often (profiler.cpp:1575)
2026-07-29 14:48:22.655 | warning  |           Metal | Profiler DRAM buffers were full, markers were dropped! device 2, worker core 2, 11, Risc NCRISC,  bufferEndIndex = 12000. Please either decrease the number of ops being profiled or run read device profiler more often (profiler.cpp:1575)
2026-07-29 14:48:22.656 | warning  |           Metal | Profiler DRAM buffers were full, markers were dropped! device 2, worker core 2, 11, Risc TRISC_0,  bufferEndIndex = 12000. Please either decrease the number of ops being profiled or run read device profiler more often (profiler.cpp:1575)
2026-07-29 14:48:22.656 | warning  |           Metal | Profiler DRAM buffers were full, markers were dropped! device 2, worker core 2, 11, Risc TRISC_1,  bufferEndIndex = 12000. Please either decrease the number of ops being profiled or run read device profiler more often (profiler.cpp:1575)
2026-07-29 14:48:22.656 | warning  |           Metal | Profiler DRAM buffers were full, markers were dropped! device 2, worker core 2, 11, Risc TRISC_2,  bufferEndIndex = 12000. Please either decrease the number of ops being profiled or run read device profiler more often (profiler.cpp:1575)
2026-07-29 14:48:22.656 | warning  |           Metal | Profiler DRAM buffers were full, markers were dropped! device 2, worker core 3, 2, Risc BRISC,  bufferEndIndex = 12000. Please either decrease the number of ops being profiled or run read device profiler more often (profiler.cpp:1575)
2026-07-29 14:48:22.657 | warning  |           Metal | Profiler DRAM buffers were full, markers were dropped! device 2, worker core 3, 2, Risc NCRISC,  bufferEndIndex = 12000. Please either decrease the number of ops being profiled or run read device profiler more often (profiler.cpp:1575)
2026-07-29 14:48:22.657 | warning  |           Metal | Profiler DRAM buffers were full, markers were dropped! device 2, worker core 3, 2, Risc TRISC_0,  bufferEndIndex = 12000. Please either decrease the number of ops being profiled or run read device profiler more often (profiler.cpp:1575)
2026-07-29 14:48:22.658 | warning  |           Metal | Profiler DRAM buffers were full, markers were dropped! device 2, worker core 3, 2, Risc TRISC_1,  bufferEndIndex = 12000. Please either decrease the number of ops being profiled or run read device profiler more often (profiler.cpp:1575)
2026-07-29 14:48:22.658 | warning  |           Metal | Profiler DRAM buffers were full, markers were dropped! device 2, worker core 3, 2, Risc TRISC_2,  bufferEndIndex = 12000. Please either decrease the number of ops being profiled or run read device profiler more often (profiler.cpp:1575)
2026-07-29 14:48:22.658 | warning  |           Metal | Profiler DRAM buffers were full, markers were dropped! device 2, worker core 3, 3, Risc BRISC,  bufferEndIndex = 12000. Please either decrease the number of ops being profiled or run read device profiler more often (profiler.cpp:1575)
2026-07-29 14:48:22.658 | warning  |           Metal | Profiler DRAM buffers were full, markers were dropped! device 2, worker core 3, 3, Risc NCRISC,  bufferEndIndex = 12000. Please either decrease the number of ops being profiled or run read device profiler more often (profiler.cpp:1575)
2026-07-29 14:48:22.659 | warning  |           Metal | Profiler DRAM buffers were full, markers were dropped! device 2, worker core 3, 3, Risc TRISC_0,  bufferEndIndex = 12000. Please either decrease the number of ops being profiled or run read device profiler more often (profiler.cpp:1575)
2026-07-29 14:48:22.659 | warning  |           Metal | Profiler DRAM buffers were full, markers were dropped! device 2, worker core 3, 3, Risc TRISC_1,  bufferEndIndex = 12000. Please either decrease the number of ops being profiled or run read device profiler more often (profiler.cpp:1575)
2026-07-29 14:48:22.659 | warning  |           Metal | Profiler DRAM buffers were full, markers were dropped! device 2, worker core 3, 3, Risc TRISC_2,  bufferEndIndex = 12000. Please either decrease the number of ops being profiled or run read device profiler more often (profiler.cpp:1575)
2026-07-29 14:48:22.659 | warning  |           Metal | Profiler DRAM buffers were full, markers were dropped! device 2, worker core 3, 4, Risc BRISC,  bufferEndIndex = 12000. Please either decrease the number of ops being profiled or run read device profiler more often (profiler.cpp:1575)
2026-07-29 14:48:22.660 | warning  |           Metal | Profiler DRAM buffers were full, markers were dropped! device 2, worker core 3, 4, Risc NCRISC,  bufferEndIndex = 12000. Please either decrease the number of ops being profiled or run read device profiler more often (profiler.cpp:1575)
2026-07-29 14:48:22.661 | warning  |           Metal | Profiler DRAM buffers were full, markers were dropped! device 2, worker core 3, 4, Risc TRISC_0,  bufferEndIndex = 12000. Please either decrease the number of ops being profiled or run read device profiler more often (profiler.cpp:1575)
2026-07-29 14:48:22.661 | warning  |           Metal | Profiler DRAM buffers were full, markers were dropped! device 2, worker core 3, 4, Risc TRISC_1,  bufferEndIndex = 12000. Please either decrease the number of ops being profiled or run read device profiler more often (profiler.cpp:1575)
2026-07-29 14:48:22.661 | warning  |           Metal | Profiler DRAM buffers were full, markers were dropped! device 2, worker core 3, 4, Risc TRISC_2,  bufferEndIndex = 12000. Please either decrease the number of ops being profiled or run read device profiler more often (profiler.cpp:1575)
2026-07-29 14:48:22.661 | warning  |           Metal | Profiler DRAM buffers were full, markers were dropped! device 2, worker core 3, 5, Risc BRISC,  bufferEndIndex = 12000. Please either decrease the number of ops being profiled or run read device profiler more often (profiler.cpp:1575)
2026-07-29 14:48:22.662 | warning  |           Metal | Profiler DRAM buffers were full, markers were dropped! device 2, worker core 3, 5, Risc NCRISC,  bufferEndIndex = 12000. Please either decrease the number of ops being profiled or run read device profiler more often (profiler.cpp:1575)
2026-07-29 14:48:22.662 | warning  |           Metal | Profiler DRAM buffers were full, markers were dropped! device 2, worker core 3, 5, Risc TRISC_0,  bufferEndIndex = 12000. Please either decrease the number of ops being profiled or run read device profiler more often (profiler.cpp:1575)
2026-07-29 14:48:22.662 | warning  |           Metal | Profiler DRAM buffers were full, markers were dropped! device 2, worker core 3, 5, Risc TRISC_1,  bufferEndIndex = 12000. Please either decrease the number of ops being profiled or run read device profiler more often (profiler.cpp:1575)
2026-07-29 14:48:22.663 | warning  |           Metal | Profiler DRAM buffers were full, markers were dropped! device 2, worker core 3, 5, Risc TRISC_2,  bufferEndIndex = 12000. Please either decrease the number of ops being profiled or run read device profiler more often (profiler.cpp:1575)
2026-07-29 14:48:22.663 | warning  |           Metal | Profiler DRAM buffers were full, markers were dropped! device 2, worker core 3, 6, Risc BRISC,  bufferEndIndex = 12000. Please either decrease the number of ops being profiled or run read device profiler more often (profiler.cpp:1575)
2026-07-29 14:48:22.663 | warning  |           Metal | Profiler DRAM buffers were full, markers were dropped! device 2, worker core 3, 6, Risc NCRISC,  bufferEndIndex = 12000. Please either decrease the number of ops being profiled or run read device profiler more often (profiler.cpp:1575)
2026-07-29 14:48:22.664 | warning  |           Metal | Profiler DRAM buffers were full, markers were dropped! device 2, worker core 3, 6, Risc TRISC_0,  bufferEndIndex = 12000. Please either decrease the number of ops being profiled or run read device profiler more often (profiler.cpp:1575)
2026-07-29 14:48:22.664 | warning  |           Metal | Profiler DRAM buffers were full, markers were dropped! device 2, worker core 3, 6, Risc TRISC_1,  bufferEndIndex = 12000. Please either decrease the number of ops being profiled or run read device profiler more often (profiler.cpp:1575)
2026-07-29 14:48:22.664 | warning  |           Metal | Profiler DRAM buffers were full, markers were dropped! device 2, worker core 3, 6, Risc TRISC_2,  bufferEndIndex = 12000. Please either decrease the number of ops being profiled or run read device profiler more often (profiler.cpp:1575)
2026-07-29 14:48:22.664 | warning  |           Metal | Profiler DRAM buffers were full, markers were dropped! device 2, worker core 3, 7, Risc BRISC,  bufferEndIndex = 12000. Please either decrease the number of ops being profiled or run read device profiler more often (profiler.cpp:1575)
2026-07-29 14:48:22.665 | warning  |           Metal | Profiler DRAM buffers were full, markers were dropped! device 2, worker core 3, 7, Risc NCRISC,  bufferEndIndex = 12000. Please either decrease the number of ops being profiled or run read device profiler more often (profiler.cpp:1575)
2026-07-29 14:48:22.665 | warning  |           Metal | Profiler DRAM buffers were full, markers were dropped! device 2, worker core 3, 7, Risc TRISC_0,  bufferEndIndex = 12000. Please either decrease the number of ops being profiled or run read device profiler more often (profiler.cpp:1575)
2026-07-29 14:48:22.666 | warning  |           Metal | Profiler DRAM buffers were full, markers were dropped! device 2, worker core 3, 7, Risc TRISC_1,  bufferEndIndex = 12000. Please either decrease the number of ops being profiled or run read device profiler more often (profiler.cpp:1575)
2026-07-29 14:48:22.666 | warning  |           Metal | Profiler DRAM buffers were full, markers were dropped! device 2, worker core 3, 7, Risc TRISC_2,  bufferEndIndex = 12000. Please either decrease the number of ops being profiled or run read device profiler more often (profiler.cpp:1575)
2026-07-29 14:48:22.666 | warning  |           Metal | Profiler DRAM buffers were full, markers were dropped! device 2, worker core 3, 8, Risc BRISC,  bufferEndIndex = 12000. Please either decrease the number of ops being profiled or run read device profiler more often (profiler.cpp:1575)
2026-07-29 14:48:22.666 | warning  |           Metal | Profiler DRAM buffers were full, markers were dropped! device 2, worker core 3, 8, Risc NCRISC,  bufferEndIndex = 12000. Please either decrease the number of ops being profiled or run read device profiler more often (profiler.cpp:1575)
2026-07-29 14:48:22.667 | warning  |           Metal | Profiler DRAM buffers were full, markers were dropped! device 2, worker core 3, 8, Risc TRISC_0,  bufferEndIndex = 12000. Please either decrease the number of ops being profiled or run read device profiler more often (profiler.cpp:1575)
2026-07-29 14:48:22.667 | warning  |           Metal | Profiler DRAM buffers were full, markers were dropped! device 2, worker core 3, 8, Risc TRISC_1,  bufferEndIndex = 12000. Please either decrease the number of ops being profiled or run read device profiler more often (profiler.cpp:1575)
2026-07-29 14:48:22.667 | warning  |           Metal | Profiler DRAM buffers were full, markers were dropped! device 2, worker core 3, 8, Risc TRISC_2,  bufferEndIndex = 12000. Please either decrease the number of ops being profiled or run read device profiler more often (profiler.cpp:1575)
2026-07-29 14:48:22.667 | warning  |           Metal | Profiler DRAM buffers were full, markers were dropped! device 2, worker core 3, 9, Risc BRISC,  bufferEndIndex = 12000. Please either decrease the number of ops being profiled or run read device profiler more often (profiler.cpp:1575)
2026-07-29 14:48:22.668 | warning  |           Metal | Profiler DRAM buffers were full, markers were dropped! device 2, worker core 3, 9, Risc NCRISC,  bufferEndIndex = 12000. Please either decrease the number of ops being profiled or run read device profiler more often (profiler.cpp:1575)
2026-07-29 14:48:22.669 | warning  |           Metal | Profiler DRAM buffers were full, markers were dropped! device 2, worker core 3, 9, Risc TRISC_0,  bufferEndIndex = 12000. Please either decrease the number of ops being profiled or run read device profiler more often (profiler.cpp:1575)
2026-07-29 14:48:22.669 | warning  |           Metal | Profiler DRAM buffers were full, markers were dropped! device 2, worker core 3, 9, Risc TRISC_1,  bufferEndIndex = 12000. Please either decrease the number of ops being profiled or run read device profiler more often (profiler.cpp:1575)
2026-07-29 14:48:22.669 | warning  |           Metal | Profiler DRAM buffers were full, markers were dropped! device 2, worker core 3, 9, Risc TRISC_2,  bufferEndIndex = 12000. Please either decrease the number of ops being profiled or run read device profiler more often (profiler.cpp:1575)
2026-07-29 14:48:22.669 | warning  |           Metal | Profiler DRAM buffers were full, markers were dropped! device 2, worker core 3, 10, Risc BRISC,  bufferEndIndex = 12000. Please either decrease the number of ops being profiled or run read device profiler more often (profiler.cpp:1575)
2026-07-29 14:48:22.670 | warning  |           Metal | Profiler DRAM buffers were full, markers were dropped! device 2, worker core 3, 10, Risc NCRISC,  bufferEndIndex = 12000. Please either decrease the number of ops being profiled or run read device profiler more often (profiler.cpp:1575)
2026-07-29 14:48:22.670 | warning  |           Metal | Profiler DRAM buffers were full, markers were dropped! device 2, worker core 3, 10, Risc TRISC_0,  bufferEndIndex = 12000. Please either decrease the number of ops being profiled or run read device profiler more often (profiler.cpp:1575)
2026-07-29 14:48:22.670 | warning  |           Metal | Profiler DRAM buffers were full, markers were dropped! device 2, worker core 3, 10, Risc TRISC_1,  bufferEndIndex = 12000. Please either decrease the number of ops being profiled or run read device profiler more often (profiler.cpp:1575)
2026-07-29 14:48:22.671 | warning  |           Metal | Profiler DRAM buffers were full, markers were dropped! device 2, worker core 3, 10, Risc TRISC_2,  bufferEndIndex = 12000. Please either decrease the number of ops being profiled or run read device profiler more often (profiler.cpp:1575)
2026-07-29 14:48:22.671 | warning  |           Metal | Profiler DRAM buffers were full, markers were dropped! device 2, worker core 3, 11, Risc BRISC,  bufferEndIndex = 12000. Please either decrease the number of ops being profiled or run read device profiler more often (profiler.cpp:1575)
2026-07-29 14:48:22.671 | warning  |           Metal | Profiler DRAM buffers were full, markers were dropped! device 2, worker core 3, 11, Risc NCRISC,  bufferEndIndex = 12000. Please either decrease the number of ops being profiled or run read device profiler more often (profiler.cpp:1575)
2026-07-29 14:48:22.672 | warning  |           Metal | Profiler DRAM buffers were full, markers were dropped! device 2, worker core 3, 11, Risc TRISC_0,  bufferEndIndex = 12000. Please either decrease the number of ops being profiled or run read device profiler more often (profiler.cpp:1575)
2026-07-29 14:48:22.672 | warning  |           Metal | Profiler DRAM buffers were full, markers were dropped! device 2, worker core 3, 11, Risc TRISC_1,  bufferEndIndex = 12000. Please either decrease the number of ops being profiled or run read device profiler more often (profiler.cpp:1575)
2026-07-29 14:48:22.672 | warning  |           Metal | Profiler DRAM buffers were full, markers were dropped! device 2, worker core 3, 11, Risc TRISC_2,  bufferEndIndex = 12000. Please either decrease the number of ops being profiled or run read device profiler more often (profiler.cpp:1575)
2026-07-29 14:48:22.672 | warning  |           Metal | Profiler DRAM buffers were full, markers were dropped! device 2, worker core 4, 2, Risc BRISC,  bufferEndIndex = 12000. Please either decrease the number of ops being profiled or run read device profiler more often (profiler.cpp:1575)
2026-07-29 14:48:22.673 | warning  |           Metal | Profiler DRAM buffers were full, markers were dropped! device 2, worker core 4, 2, Risc NCRISC,  bufferEndIndex = 12000. Please either decrease the number of ops being profiled or run read device profiler more often (profiler.cpp:1575)
2026-07-29 14:48:22.673 | warning  |           Metal | Profiler DRAM buffers were full, markers were dropped! device 2, worker core 4, 2, Risc TRISC_0,  bufferEndIndex = 12000. Please either decrease the number of ops being profiled or run read device profiler more often (profiler.cpp:1575)
2026-07-29 14:48:22.673 | warning  |           Metal | Profiler DRAM buffers were full, markers were dropped! device 2, worker core 4, 2, Risc TRISC_1,  bufferEndIndex = 12000. Please either decrease the number of ops being profiled or run read device profiler more often (profiler.cpp:1575)
2026-07-29 14:48:22.674 | warning  |           Metal | Profiler DRAM buffers were full, markers were dropped! device 2, worker core 4, 2, Risc TRISC_2,  bufferEndIndex = 12000. Please either decrease the number of ops being profiled or run read device profiler more often (profiler.cpp:1575)
2026-07-29 14:48:22.674 | warning  |           Metal | Profiler DRAM buffers were full, markers were dropped! device 2, worker core 4, 3, Risc BRISC,  bufferEndIndex = 12000. Please either decrease the number of ops being profiled or run read device profiler more often (profiler.cpp:1575)
2026-07-29 14:48:22.674 | warning  |           Metal | Profiler DRAM buffers were full, markers were dropped! device 2, worker core 4, 3, Risc NCRISC,  bufferEndIndex = 12000. Please either decrease the number of ops being profiled or run read device profiler more often (profiler.cpp:1575)
2026-07-29 14:48:22.675 | warning  |           Metal | Profiler DRAM buffers were full, markers were dropped! device 2, worker core 4, 3, Risc TRISC_0,  bufferEndIndex = 12000. Please either decrease the number of ops being profiled or run read device profiler more often (profiler.cpp:1575)
2026-07-29 14:48:22.675 | warning  |           Metal | Profiler DRAM buffers were full, markers were dropped! device 2, worker core 4, 3, Risc TRISC_1,  bufferEndIndex = 12000. Please either decrease the number of ops being profiled or run read device profiler more often (profiler.cpp:1575)
2026-07-29 14:48:22.675 | warning  |           Metal | Profiler DRAM buffers were full, markers were dropped! device 2, worker core 4, 3, Risc TRISC_2,  bufferEndIndex = 12000. Please either decrease the number of ops being profiled or run read device profiler more often (profiler.cpp:1575)
2026-07-29 14:48:22.675 | warning  |           Metal | Profiler DRAM buffers were full, markers were dropped! device 2, worker core 4, 4, Risc BRISC,  bufferEndIndex = 12000. Please either decrease the number of ops being profiled or run read device profiler more often (profiler.cpp:1575)
2026-07-29 14:48:22.676 | warning  |           Metal | Profiler DRAM buffers were full, markers were dropped! device 2, worker core 4, 4, Risc NCRISC,  bufferEndIndex = 12000. Please either decrease the number of ops being profiled or run read device profiler more often (profiler.cpp:1575)
2026-07-29 14:48:22.677 | warning  |           Metal | Profiler DRAM buffers were full, markers were dropped! device 2, worker core 4, 4, Risc TRISC_0,  bufferEndIndex = 12000. Please either decrease the number of ops being profiled or run read device profiler more often (profiler.cpp:1575)
2026-07-29 14:48:22.677 | warning  |           Metal | Profiler DRAM buffers were full, markers were dropped! device 2, worker core 4, 4, Risc TRISC_1,  bufferEndIndex = 12000. Please either decrease the number of ops being profiled or run read device profiler more often (profiler.cpp:1575)
2026-07-29 14:48:22.677 | warning  |           Metal | Profiler DRAM buffers were full, markers were dropped! device 2, worker core 4, 4, Risc TRISC_2,  bufferEndIndex = 12000. Please either decrease the number of ops being profiled or run read device profiler more often (profiler.cpp:1575)
2026-07-29 14:48:22.677 | warning  |           Metal | Profiler DRAM buffers were full, markers were dropped! device 2, worker core 4, 5, Risc BRISC,  bufferEndIndex = 12000. Please either decrease the number of ops being profiled or run read device profiler more often (profiler.cpp:1575)
2026-07-29 14:48:22.678 | warning  |           Metal | Profiler DRAM buffers were full, markers were dropped! device 2, worker core 4, 5, Risc NCRISC,  bufferEndIndex = 12000. Please either decrease the number of ops being profiled or run read device profiler more often (profiler.cpp:1575)
2026-07-29 14:48:22.678 | warning  |           Metal | Profiler DRAM buffers were full, markers were dropped! device 2, worker core 4, 5, Risc TRISC_0,  bufferEndIndex = 12000. Please either decrease the number of ops being profiled or run read device profiler more often (profiler.cpp:1575)
2026-07-29 14:48:22.678 | warning  |           Metal | Profiler DRAM buffers were full, markers were dropped! device 2, worker core 4, 5, Risc TRISC_1,  bufferEndIndex = 12000. Please either decrease the number of ops being profiled or run read device profiler more often (profiler.cpp:1575)
2026-07-29 14:48:22.678 | warning  |           Metal | Profiler DRAM buffers were full, markers were dropped! device 2, worker core 4, 5, Risc TRISC_2,  bufferEndIndex = 12000. Please either decrease the number of ops being profiled or run read device profiler more often (profiler.cpp:1575)
2026-07-29 14:48:22.678 | warning  |           Metal | Profiler DRAM buffers were full, markers were dropped! device 2, worker core 4, 6, Risc BRISC,  bufferEndIndex = 12000. Please either decrease the number of ops being profiled or run read device profiler more often (profiler.cpp:1575)
2026-07-29 14:48:22.679 | warning  |           Metal | Profiler DRAM buffers were full, markers were dropped! device 2, worker core 4, 6, Risc NCRISC,  bufferEndIndex = 12000. Please either decrease the number of ops being profiled or run read device profiler more often (profiler.cpp:1575)
2026-07-29 14:48:22.680 | warning  |           Metal | Profiler DRAM buffers were full, markers were dropped! device 2, worker core 4, 6, Risc TRISC_0,  bufferEndIndex = 12000. Please either decrease the number of ops being profiled or run read device profiler more often (profiler.cpp:1575)
2026-07-29 14:48:22.680 | warning  |           Metal | Profiler DRAM buffers were full, markers were dropped! device 2, worker core 4, 6, Risc TRISC_1,  bufferEndIndex = 12000. Please either decrease the number of ops being profiled or run read device profiler more often (profiler.cpp:1575)
2026-07-29 14:48:22.680 | warning  |           Metal | Profiler DRAM buffers were full, markers were dropped! device 2, worker core 4, 6, Risc TRISC_2,  bufferEndIndex = 12000. Please either decrease the number of ops being profiled or run read device profiler more often (profiler.cpp:1575)
2026-07-29 14:48:22.680 | warning  |           Metal | Profiler DRAM buffers were full, markers were dropped! device 2, worker core 4, 7, Risc BRISC,  bufferEndIndex = 12000. Please either decrease the number of ops being profiled or run read device profiler more often (profiler.cpp:1575)
2026-07-29 14:48:22.681 | warning  |           Metal | Profiler DRAM buffers were full, markers were dropped! device 2, worker core 4, 7, Risc NCRISC,  bufferEndIndex = 12000. Please either decrease the number of ops being profiled or run read device profiler more often (profiler.cpp:1575)
2026-07-29 14:48:22.681 | warning  |           Metal | Profiler DRAM buffers were full, markers were dropped! device 2, worker core 4, 7, Risc TRISC_0,  bufferEndIndex = 12000. Please either decrease the number of ops being profiled or run read device profiler more often (profiler.cpp:1575)
2026-07-29 14:48:22.681 | warning  |           Metal | Profiler DRAM buffers were full, markers were dropped! device 2, worker core 4, 7, Risc TRISC_1,  bufferEndIndex = 12000. Please either decrease the number of ops being profiled or run read device profiler more often (profiler.cpp:1575)
2026-07-29 14:48:22.681 | warning  |           Metal | Profiler DRAM buffers were full, markers were dropped! device 2, worker core 4, 7, Risc TRISC_2,  bufferEndIndex = 12000. Please either decrease the number of ops being profiled or run read device profiler more often (profiler.cpp:1575)
2026-07-29 14:48:22.682 | warning  |           Metal | Profiler DRAM buffers were full, markers were dropped! device 2, worker core 4, 8, Risc BRISC,  bufferEndIndex = 12000. Please either decrease the number of ops being profiled or run read device profiler more often (profiler.cpp:1575)
2026-07-29 14:48:22.682 | warning  |           Metal | Profiler DRAM buffers were full, markers were dropped! device 2, worker core 4, 8, Risc NCRISC,  bufferEndIndex = 12000. Please either decrease the number of ops being profiled or run read device profiler more often (profiler.cpp:1575)
2026-07-29 14:48:22.683 | warning  |           Metal | Profiler DRAM buffers were full, markers were dropped! device 2, worker core 4, 8, Risc TRISC_0,  bufferEndIndex = 12000. Please either decrease the number of ops being profiled or run read device profiler more often (profiler.cpp:1575)
2026-07-29 14:48:22.683 | warning  |           Metal | Profiler DRAM buffers were full, markers were dropped! device 2, worker core 4, 8, Risc TRISC_1,  bufferEndIndex = 12000. Please either decrease the number of ops being profiled or run read device profiler more often (profiler.cpp:1575)
2026-07-29 14:48:22.683 | warning  |           Metal | Profiler DRAM buffers were full, markers were dropped! device 2, worker core 4, 8, Risc TRISC_2,  bufferEndIndex = 12000. Please either decrease the number of ops being profiled or run read device profiler more often (profiler.cpp:1575)
2026-07-29 14:48:22.683 | warning  |           Metal | Profiler DRAM buffers were full, markers were dropped! device 2, worker core 4, 9, Risc BRISC,  bufferEndIndex = 12000. Please either decrease the number of ops being profiled or run read device profiler more often (profiler.cpp:1575)
2026-07-29 14:48:22.684 | warning  |           Metal | Profiler DRAM buffers were full, markers were dropped! device 2, worker core 4, 9, Risc NCRISC,  bufferEndIndex = 12000. Please either decrease the number of ops being profiled or run read device profiler more often (profiler.cpp:1575)
2026-07-29 14:48:22.684 | warning  |           Metal | Profiler DRAM buffers were full, markers were dropped! device 2, worker core 4, 9, Risc TRISC_0,  bufferEndIndex = 12000. Please either decrease the number of ops being profiled or run read device profiler more often (profiler.cpp:1575)
2026-07-29 14:48:22.684 | warning  |           Metal | Profiler DRAM buffers were full, markers were dropped! device 2, worker core 4, 9, Risc TRISC_1,  bufferEndIndex = 12000. Please either decrease the number of ops being profiled or run read device profiler more often (profiler.cpp:1575)
2026-07-29 14:48:22.685 | warning  |           Metal | Profiler DRAM buffers were full, markers were dropped! device 2, worker core 4, 9, Risc TRISC_2,  bufferEndIndex = 12000. Please either decrease the number of ops being profiled or run read device profiler more often (profiler.cpp:1575)
2026-07-29 14:48:22.685 | warning  |           Metal | Profiler DRAM buffers were full, markers were dropped! device 2, worker core 4, 10, Risc BRISC,  bufferEndIndex = 12000. Please either decrease the number of ops being profiled or run read device profiler more often (profiler.cpp:1575)
2026-07-29 14:48:22.685 | warning  |           Metal | Profiler DRAM buffers were full, markers were dropped! device 2, worker core 4, 10, Risc NCRISC,  bufferEndIndex = 12000. Please either decrease the number of ops being profiled or run read device profiler more often (profiler.cpp:1575)
2026-07-29 14:48:22.686 | warning  |           Metal | Profiler DRAM buffers were full, markers were dropped! device 2, worker core 4, 10, Risc TRISC_0,  bufferEndIndex = 12000. Please either decrease the number of ops being profiled or run read device profiler more often (profiler.cpp:1575)
2026-07-29 14:48:22.686 | warning  |           Metal | Profiler DRAM buffers were full, markers were dropped! device 2, worker core 4, 10, Risc TRISC_1,  bufferEndIndex = 12000. Please either decrease the number of ops being profiled or run read device profiler more often (profiler.cpp:1575)
2026-07-29 14:48:22.686 | warning  |           Metal | Profiler DRAM buffers were full, markers were dropped! device 2, worker core 4, 10, Risc TRISC_2,  bufferEndIndex = 12000. Please either decrease the number of ops being profiled or run read device profiler more often (profiler.cpp:1575)
2026-07-29 14:48:22.686 | warning  |           Metal | Profiler DRAM buffers were full, markers were dropped! device 2, worker core 4, 11, Risc BRISC,  bufferEndIndex = 12000. Please either decrease the number of ops being profiled or run read device profiler more often (profiler.cpp:1575)
2026-07-29 14:48:22.687 | warning  |           Metal | Profiler DRAM buffers were full, markers were dropped! device 2, worker core 4, 11, Risc NCRISC,  bufferEndIndex = 12000. Please either decrease the number of ops being profiled or run read device profiler more often (profiler.cpp:1575)
2026-07-29 14:48:22.687 | warning  |           Metal | Profiler DRAM buffers were full, markers were dropped! device 2, worker core 4, 11, Risc TRISC_0,  bufferEndIndex = 12000. Please either decrease the number of ops being profiled or run read device profiler more often (profiler.cpp:1575)
2026-07-29 14:48:22.687 | warning  |           Metal | Profiler DRAM buffers were full, markers were dropped! device 2, worker core 4, 11, Risc TRISC_1,  bufferEndIndex = 12000. Please either decrease the number of ops being profiled or run read device profiler more often (profiler.cpp:1575)
2026-07-29 14:48:22.688 | warning  |           Metal | Profiler DRAM buffers were full, markers were dropped! device 2, worker core 4, 11, Risc TRISC_2,  bufferEndIndex = 12000. Please either decrease the number of ops being profiled or run read device profiler more often (profiler.cpp:1575)
2026-07-29 14:48:22.688 | warning  |           Metal | Profiler DRAM buffers were full, markers were dropped! device 2, worker core 5, 2, Risc BRISC,  bufferEndIndex = 12000. Please either decrease the number of ops being profiled or run read device profiler more often (profiler.cpp:1575)
2026-07-29 14:48:22.688 | warning  |           Metal | Profiler DRAM buffers were full, markers were dropped! device 2, worker core 5, 2, Risc NCRISC,  bufferEndIndex = 12000. Please either decrease the number of ops being profiled or run read device profiler more often (profiler.cpp:1575)
2026-07-29 14:48:22.689 | warning  |           Metal | Profiler DRAM buffers were full, markers were dropped! device 2, worker core 5, 2, Risc TRISC_0,  bufferEndIndex = 12000. Please either decrease the number of ops being profiled or run read device profiler more often (profiler.cpp:1575)
2026-07-29 14:48:22.689 | warning  |           Metal | Profiler DRAM buffers were full, markers were dropped! device 2, worker core 5, 2, Risc TRISC_1,  bufferEndIndex = 12000. Please either decrease the number of ops being profiled or run read device profiler more often (profiler.cpp:1575)
2026-07-29 14:48:22.689 | warning  |           Metal | Profiler DRAM buffers were full, markers were dropped! device 2, worker core 5, 2, Risc TRISC_2,  bufferEndIndex = 12000. Please either decrease the number of ops being profiled or run read device profiler more often (profiler.cpp:1575)
2026-07-29 14:48:22.689 | warning  |           Metal | Profiler DRAM buffers were full, markers were dropped! device 2, worker core 5, 3, Risc BRISC,  bufferEndIndex = 12000. Please either decrease the number of ops being profiled or run read device profiler more often (profiler.cpp:1575)
2026-07-29 14:48:22.690 | warning  |           Metal | Profiler DRAM buffers were full, markers were dropped! device 2, worker core 5, 3, Risc NCRISC,  bufferEndIndex = 12000. Please either decrease the number of ops being profiled or run read device profiler more often (profiler.cpp:1575)
2026-07-29 14:48:22.690 | warning  |           Metal | Profiler DRAM buffers were full, markers were dropped! device 2, worker core 5, 3, Risc TRISC_0,  bufferEndIndex = 12000. Please either decrease the number of ops being profiled or run read device profiler more often (profiler.cpp:1575)
2026-07-29 14:48:22.690 | warning  |           Metal | Profiler DRAM buffers were full, markers were dropped! device 2, worker core 5, 3, Risc TRISC_1,  bufferEndIndex = 12000. Please either decrease the number of ops being profiled or run read device profiler more often (profiler.cpp:1575)
2026-07-29 14:48:22.691 | warning  |           Metal | Profiler DRAM buffers were full, markers were dropped! device 2, worker core 5, 3, Risc TRISC_2,  bufferEndIndex = 12000. Please either decrease the number of ops being profiled or run read device profiler more often (profiler.cpp:1575)
2026-07-29 14:48:22.691 | warning  |           Metal | Profiler DRAM buffers were full, markers were dropped! device 2, worker core 5, 4, Risc BRISC,  bufferEndIndex = 12000. Please either decrease the number of ops being profiled or run read device profiler more often (profiler.cpp:1575)
2026-07-29 14:48:22.691 | warning  |           Metal | Profiler DRAM buffers were full, markers were dropped! device 2, worker core 5, 4, Risc NCRISC,  bufferEndIndex = 12000. Please either decrease the number of ops being profiled or run read device profiler more often (profiler.cpp:1575)
2026-07-29 14:48:22.692 | warning  |           Metal | Profiler DRAM buffers were full, markers were dropped! device 2, worker core 5, 4, Risc TRISC_0,  bufferEndIndex = 12000. Please either decrease the number of ops being profiled or run read device profiler more often (profiler.cpp:1575)
2026-07-29 14:48:22.692 | warning  |           Metal | Profiler DRAM buffers were full, markers were dropped! device 2, worker core 5, 4, Risc TRISC_1,  bufferEndIndex = 12000. Please either decrease the number of ops being profiled or run read device profiler more often (profiler.cpp:1575)
2026-07-29 14:48:22.692 | warning  |           Metal | Profiler DRAM buffers were full, markers were dropped! device 2, worker core 5, 4, Risc TRISC_2,  bufferEndIndex = 12000. Please either decrease the number of ops being profiled or run read device profiler more often (profiler.cpp:1575)
2026-07-29 14:48:22.692 | warning  |           Metal | Profiler DRAM buffers were full, markers were dropped! device 2, worker core 5, 5, Risc BRISC,  bufferEndIndex = 12000. Please either decrease the number of ops being profiled or run read device profiler more often (profiler.cpp:1575)
2026-07-29 14:48:22.693 | warning  |           Metal | Profiler DRAM buffers were full, markers were dropped! device 2, worker core 5, 5, Risc NCRISC,  bufferEndIndex = 12000. Please either decrease the number of ops being profiled or run read device profiler more often (profiler.cpp:1575)
2026-07-29 14:48:22.693 | warning  |           Metal | Profiler DRAM buffers were full, markers were dropped! device 2, worker core 5, 5, Risc TRISC_0,  bufferEndIndex = 12000. Please either decrease the number of ops being profiled or run read device profiler more often (profiler.cpp:1575)
2026-07-29 14:48:22.694 | warning  |           Metal | Profiler DRAM buffers were full, markers were dropped! device 2, worker core 5, 5, Risc TRISC_1,  bufferEndIndex = 12000. Please either decrease the number of ops being profiled or run read device profiler more often (profiler.cpp:1575)
2026-07-29 14:48:22.694 | warning  |           Metal | Profiler DRAM buffers were full, markers were dropped! device 2, worker core 5, 5, Risc TRISC_2,  bufferEndIndex = 12000. Please either decrease the number of ops being profiled or run read device profiler more often (profiler.cpp:1575)
2026-07-29 14:48:22.694 | warning  |           Metal | Profiler DRAM buffers were full, markers were dropped! device 2, worker core 5, 6, Risc BRISC,  bufferEndIndex = 12000. Please either decrease the number of ops being profiled or run read device profiler more often (profiler.cpp:1575)
2026-07-29 14:48:22.694 | warning  |           Metal | Profiler DRAM buffers were full, markers were dropped! device 2, worker core 5, 6, Risc NCRISC,  bufferEndIndex = 12000. Please either decrease the number of ops being profiled or run read device profiler more often (profiler.cpp:1575)
2026-07-29 14:48:22.695 | warning  |           Metal | Profiler DRAM buffers were full, markers were dropped! device 2, worker core 5, 6, Risc TRISC_0,  bufferEndIndex = 12000. Please either decrease the number of ops being profiled or run read device profiler more often (profiler.cpp:1575)
2026-07-29 14:48:22.695 | warning  |           Metal | Profiler DRAM buffers were full, markers were dropped! device 2, worker core 5, 6, Risc TRISC_1,  bufferEndIndex = 12000. Please either decrease the number of ops being profiled or run read device profiler more often (profiler.cpp:1575)
2026-07-29 14:48:22.695 | warning  |           Metal | Profiler DRAM buffers were full, markers were dropped! device 2, worker core 5, 6, Risc TRISC_2,  bufferEndIndex = 12000. Please either decrease the number of ops being profiled or run read device profiler more often (profiler.cpp:1575)
2026-07-29 14:48:22.695 | warning  |           Metal | Profiler DRAM buffers were full, markers were dropped! device 2, worker core 5, 7, Risc BRISC,  bufferEndIndex = 12000. Please either decrease the number of ops being profiled or run read device profiler more often (profiler.cpp:1575)
2026-07-29 14:48:22.696 | warning  |           Metal | Profiler DRAM buffers were full, markers were dropped! device 2, worker core 5, 7, Risc NCRISC,  bufferEndIndex = 12000. Please either decrease the number of ops being profiled or run read device profiler more often (profiler.cpp:1575)
2026-07-29 14:48:22.697 | warning  |           Metal | Profiler DRAM buffers were full, markers were dropped! device 2, worker core 5, 7, Risc TRISC_0,  bufferEndIndex = 12000. Please either decrease the number of ops being profiled or run read device profiler more often (profiler.cpp:1575)
2026-07-29 14:48:22.697 | warning  |           Metal | Profiler DRAM buffers were full, markers were dropped! device 2, worker core 5, 7, Risc TRISC_1,  bufferEndIndex = 12000. Please either decrease the number of ops being profiled or run read device profiler more often (profiler.cpp:1575)
2026-07-29 14:48:22.697 | warning  |           Metal | Profiler DRAM buffers were full, markers were dropped! device 2, worker core 5, 7, Risc TRISC_2,  bufferEndIndex = 12000. Please either decrease the number of ops being profiled or run read device profiler more often (profiler.cpp:1575)
2026-07-29 14:48:22.697 | warning  |           Metal | Profiler DRAM buffers were full, markers were dropped! device 2, worker core 5, 8, Risc BRISC,  bufferEndIndex = 12000. Please either decrease the number of ops being profiled or run read device profiler more often (profiler.cpp:1575)
2026-07-29 14:48:22.698 | warning  |           Metal | Profiler DRAM buffers were full, markers were dropped! device 2, worker core 5, 8, Risc NCRISC,  bufferEndIndex = 12000. Please either decrease the number of ops being profiled or run read device profiler more often (profiler.cpp:1575)
2026-07-29 14:48:22.698 | warning  |           Metal | Profiler DRAM buffers were full, markers were dropped! device 2, worker core 5, 8, Risc TRISC_0,  bufferEndIndex = 12000. Please either decrease the number of ops being profiled or run read device profiler more often (profiler.cpp:1575)
2026-07-29 14:48:22.698 | warning  |           Metal | Profiler DRAM buffers were full, markers were dropped! device 2, worker core 5, 8, Risc TRISC_1,  bufferEndIndex = 12000. Please either decrease the number of ops being profiled or run read device profiler more often (profiler.cpp:1575)
2026-07-29 14:48:22.698 | warning  |           Metal | Profiler DRAM buffers were full, markers were dropped! device 2, worker core 5, 8, Risc TRISC_2,  bufferEndIndex = 12000. Please either decrease the number of ops being profiled or run read device profiler more often (profiler.cpp:1575)
2026-07-29 14:48:22.699 | warning  |           Metal | Profiler DRAM buffers were full, markers were dropped! device 2, worker core 5, 9, Risc BRISC,  bufferEndIndex = 12000. Please either decrease the number of ops being profiled or run read device profiler more often (profiler.cpp:1575)
2026-07-29 14:48:22.699 | warning  |           Metal | Profiler DRAM buffers were full, markers were dropped! device 2, worker core 5, 9, Risc NCRISC,  bufferEndIndex = 12000. Please either decrease the number of ops being profiled or run read device profiler more often (profiler.cpp:1575)
2026-07-29 14:48:22.700 | warning  |           Metal | Profiler DRAM buffers were full, markers were dropped! device 2, worker core 5, 9, Risc TRISC_0,  bufferEndIndex = 12000. Please either decrease the number of ops being profiled or run read device profiler more often (profiler.cpp:1575)
2026-07-29 14:48:22.700 | warning  |           Metal | Profiler DRAM buffers were full, markers were dropped! device 2, worker core 5, 9, Risc TRISC_1,  bufferEndIndex = 12000. Please either decrease the number of ops being profiled or run read device profiler more often (profiler.cpp:1575)
2026-07-29 14:48:22.700 | warning  |           Metal | Profiler DRAM buffers were full, markers were dropped! device 2, worker core 5, 9, Risc TRISC_2,  bufferEndIndex = 12000. Please either decrease the number of ops being profiled or run read device profiler more often (profiler.cpp:1575)
2026-07-29 14:48:22.700 | warning  |           Metal | Profiler DRAM buffers were full, markers were dropped! device 2, worker core 5, 10, Risc BRISC,  bufferEndIndex = 12000. Please either decrease the number of ops being profiled or run read device profiler more often (profiler.cpp:1575)
2026-07-29 14:48:22.701 | warning  |           Metal | Profiler DRAM buffers were full, markers were dropped! device 2, worker core 5, 10, Risc NCRISC,  bufferEndIndex = 12000. Please either decrease the number of ops being profiled or run read device profiler more often (profiler.cpp:1575)
2026-07-29 14:48:22.702 | warning  |           Metal | Profiler DRAM buffers were full, markers were dropped! device 2, worker core 5, 10, Risc TRISC_0,  bufferEndIndex = 12000. Please either decrease the number of ops being profiled or run read device profiler more often (profiler.cpp:1575)
2026-07-29 14:48:22.702 | warning  |           Metal | Profiler DRAM buffers were full, markers were dropped! device 2, worker core 5, 10, Risc TRISC_1,  bufferEndIndex = 12000. Please either decrease the number of ops being profiled or run read device profiler more often (profiler.cpp:1575)
2026-07-29 14:48:22.702 | warning  |           Metal | Profiler DRAM buffers were full, markers were dropped! device 2, worker core 5, 10, Risc TRISC_2,  bufferEndIndex = 12000. Please either decrease the number of ops being profiled or run read device profiler more often (profiler.cpp:1575)
2026-07-29 14:48:22.702 | warning  |           Metal | Profiler DRAM buffers were full, markers were dropped! device 2, worker core 5, 11, Risc BRISC,  bufferEndIndex = 12000. Please either decrease the number of ops being profiled or run read device profiler more often (profiler.cpp:1575)
2026-07-29 14:48:22.703 | warning  |           Metal | Profiler DRAM buffers were full, markers were dropped! device 2, worker core 5, 11, Risc NCRISC,  bufferEndIndex = 12000. Please either decrease the number of ops being profiled or run read device profiler more often (profiler.cpp:1575)
2026-07-29 14:48:22.703 | warning  |           Metal | Profiler DRAM buffers were full, markers were dropped! device 2, worker core 5, 11, Risc TRISC_0,  bufferEndIndex = 12000. Please either decrease the number of ops being profiled or run read device profiler more often (profiler.cpp:1575)
2026-07-29 14:48:22.703 | warning  |           Metal | Profiler DRAM buffers were full, markers were dropped! device 2, worker core 5, 11, Risc TRISC_1,  bufferEndIndex = 12000. Please either decrease the number of ops being profiled or run read device profiler more often (profiler.cpp:1575)
2026-07-29 14:48:22.703 | warning  |           Metal | Profiler DRAM buffers were full, markers were dropped! device 2, worker core 5, 11, Risc TRISC_2,  bufferEndIndex = 12000. Please either decrease the number of ops being profiled or run read device profiler more often (profiler.cpp:1575)
2026-07-29 14:48:22.704 | warning  |           Metal | Profiler DRAM buffers were full, markers were dropped! device 2, worker core 6, 2, Risc BRISC,  bufferEndIndex = 12000. Please either decrease the number of ops being profiled or run read device profiler more often (profiler.cpp:1575)
2026-07-29 14:48:22.704 | warning  |           Metal | Profiler DRAM buffers were full, markers were dropped! device 2, worker core 6, 2, Risc NCRISC,  bufferEndIndex = 12000. Please either decrease the number of ops being profiled or run read device profiler more often (profiler.cpp:1575)
2026-07-29 14:48:22.705 | warning  |           Metal | Profiler DRAM buffers were full, markers were dropped! device 2, worker core 6, 2, Risc TRISC_0,  bufferEndIndex = 12000. Please either decrease the number of ops being profiled or run read device profiler more often (profiler.cpp:1575)
2026-07-29 14:48:22.705 | warning  |           Metal | Profiler DRAM buffers were full, markers were dropped! device 2, worker core 6, 2, Risc TRISC_1,  bufferEndIndex = 12000. Please either decrease the number of ops being profiled or run read device profiler more often (profiler.cpp:1575)
2026-07-29 14:48:22.705 | warning  |           Metal | Profiler DRAM buffers were full, markers were dropped! device 2, worker core 6, 2, Risc TRISC_2,  bufferEndIndex = 12000. Please either decrease the number of ops being profiled or run read device profiler more often (profiler.cpp:1575)
2026-07-29 14:48:22.705 | warning  |           Metal | Profiler DRAM buffers were full, markers were dropped! device 2, worker core 6, 3, Risc BRISC,  bufferEndIndex = 12000. Please either decrease the number of ops being profiled or run read device profiler more often (profiler.cpp:1575)
2026-07-29 14:48:22.706 | warning  |           Metal | Profiler DRAM buffers were full, markers were dropped! device 2, worker core 6, 3, Risc NCRISC,  bufferEndIndex = 12000. Please either decrease the number of ops being profiled or run read device profiler more often (profiler.cpp:1575)
2026-07-29 14:48:22.707 | warning  |           Metal | Profiler DRAM buffers were full, markers were dropped! device 2, worker core 6, 3, Risc TRISC_0,  bufferEndIndex = 12000. Please either decrease the number of ops being profiled or run read device profiler more often (profiler.cpp:1575)
2026-07-29 14:48:22.707 | warning  |           Metal | Profiler DRAM buffers were full, markers were dropped! device 2, worker core 6, 3, Risc TRISC_1,  bufferEndIndex = 12000. Please either decrease the number of ops being profiled or run read device profiler more often (profiler.cpp:1575)
2026-07-29 14:48:22.707 | warning  |           Metal | Profiler DRAM buffers were full, markers were dropped! device 2, worker core 6, 3, Risc TRISC_2,  bufferEndIndex = 12000. Please either decrease the number of ops being profiled or run read device profiler more often (profiler.cpp:1575)
2026-07-29 14:48:22.707 | warning  |           Metal | Profiler DRAM buffers were full, markers were dropped! device 2, worker core 6, 4, Risc BRISC,  bufferEndIndex = 12000. Please either decrease the number of ops being profiled or run read device profiler more often (profiler.cpp:1575)
2026-07-29 14:48:22.708 | warning  |           Metal | Profiler DRAM buffers were full, markers were dropped! device 2, worker core 6, 4, Risc NCRISC,  bufferEndIndex = 12000. Please either decrease the number of ops being profiled or run read device profiler more often (profiler.cpp:1575)
2026-07-29 14:48:22.708 | warning  |           Metal | Profiler DRAM buffers were full, markers were dropped! device 2, worker core 6, 4, Risc TRISC_0,  bufferEndIndex = 12000. Please either decrease the number of ops being profiled or run read device profiler more often (profiler.cpp:1575)
2026-07-29 14:48:22.708 | warning  |           Metal | Profiler DRAM buffers were full, markers were dropped! device 2, worker core 6, 4, Risc TRISC_1,  bufferEndIndex = 12000. Please either decrease the number of ops being profiled or run read device profiler more often (profiler.cpp:1575)
2026-07-29 14:48:22.709 | warning  |           Metal | Profiler DRAM buffers were full, markers were dropped! device 2, worker core 6, 4, Risc TRISC_2,  bufferEndIndex = 12000. Please either decrease the number of ops being profiled or run read device profiler more often (profiler.cpp:1575)
2026-07-29 14:48:22.709 | warning  |           Metal | Profiler DRAM buffers were full, markers were dropped! device 2, worker core 6, 5, Risc BRISC,  bufferEndIndex = 12000. Please either decrease the number of ops being profiled or run read device profiler more often (profiler.cpp:1575)
2026-07-29 14:48:22.709 | warning  |           Metal | Profiler DRAM buffers were full, markers were dropped! device 2, worker core 6, 5, Risc NCRISC,  bufferEndIndex = 12000. Please either decrease the number of ops being profiled or run read device profiler more often (profiler.cpp:1575)
2026-07-29 14:48:22.710 | warning  |           Metal | Profiler DRAM buffers were full, markers were dropped! device 2, worker core 6, 5, Risc TRISC_0,  bufferEndIndex = 12000. Please either decrease the number of ops being profiled or run read device profiler more often (profiler.cpp:1575)
2026-07-29 14:48:22.710 | warning  |           Metal | Profiler DRAM buffers were full, markers were dropped! device 2, worker core 6, 5, Risc TRISC_1,  bufferEndIndex = 12000. Please either decrease the number of ops being profiled or run read device profiler more often (profiler.cpp:1575)
2026-07-29 14:48:22.710 | warning  |           Metal | Profiler DRAM buffers were full, markers were dropped! device 2, worker core 6, 5, Risc TRISC_2,  bufferEndIndex = 12000. Please either decrease the number of ops being profiled or run read device profiler more often (profiler.cpp:1575)
2026-07-29 14:48:22.710 | warning  |           Metal | Profiler DRAM buffers were full, markers were dropped! device 2, worker core 6, 6, Risc BRISC,  bufferEndIndex = 12000. Please either decrease the number of ops being profiled or run read device profiler more often (profiler.cpp:1575)
2026-07-29 14:48:22.711 | warning  |           Metal | Profiler DRAM buffers were full, markers were dropped! device 2, worker core 6, 6, Risc NCRISC,  bufferEndIndex = 12000. Please either decrease the number of ops being profiled or run read device profiler more often (profiler.cpp:1575)
2026-07-29 14:48:22.712 | warning  |           Metal | Profiler DRAM buffers were full, markers were dropped! device 2, worker core 6, 6, Risc TRISC_0,  bufferEndIndex = 12000. Please either decrease the number of ops being profiled or run read device profiler more often (profiler.cpp:1575)
2026-07-29 14:48:22.712 | warning  |           Metal | Profiler DRAM buffers were full, markers were dropped! device 2, worker core 6, 6, Risc TRISC_1,  bufferEndIndex = 12000. Please either decrease the number of ops being profiled or run read device profiler more often (profiler.cpp:1575)
2026-07-29 14:48:22.712 | warning  |           Metal | Profiler DRAM buffers were full, markers were dropped! device 2, worker core 6, 6, Risc TRISC_2,  bufferEndIndex = 12000. Please either decrease the number of ops being profiled or run read device profiler more often (profiler.cpp:1575)
2026-07-29 14:48:22.712 | warning  |           Metal | Profiler DRAM buffers were full, markers were dropped! device 2, worker core 6, 7, Risc BRISC,  bufferEndIndex = 12000. Please either decrease the number of ops being profiled or run read device profiler more often (profiler.cpp:1575)
2026-07-29 14:48:22.713 | warning  |           Metal | Profiler DRAM buffers were full, markers were dropped! device 2, worker core 6, 7, Risc NCRISC,  bufferEndIndex = 12000. Please either decrease the number of ops being profiled or run read device profiler more often (profiler.cpp:1575)
2026-07-29 14:48:22.713 | warning  |           Metal | Profiler DRAM buffers were full, markers were dropped! device 2, worker core 6, 7, Risc TRISC_0,  bufferEndIndex = 12000. Please either decrease the number of ops being profiled or run read device profiler more often (profiler.cpp:1575)
2026-07-29 14:48:22.714 | warning  |           Metal | Profiler DRAM buffers were full, markers were dropped! device 2, worker core 6, 7, Risc TRISC_1,  bufferEndIndex = 12000. Please either decrease the number of ops being profiled or run read device profiler more often (profiler.cpp:1575)
2026-07-29 14:48:22.714 | warning  |           Metal | Profiler DRAM buffers were full, markers were dropped! device 2, worker core 6, 7, Risc TRISC_2,  bufferEndIndex = 12000. Please either decrease the number of ops being profiled or run read device profiler more often (profiler.cpp:1575)
2026-07-29 14:48:22.714 | warning  |           Metal | Profiler DRAM buffers were full, markers were dropped! device 2, worker core 6, 8, Risc BRISC,  bufferEndIndex = 12000. Please either decrease the number of ops being profiled or run read device profiler more often (profiler.cpp:1575)
2026-07-29 14:48:22.714 | warning  |           Metal | Profiler DRAM buffers were full, markers were dropped! device 2, worker core 6, 8, Risc NCRISC,  bufferEndIndex = 12000. Please either decrease the number of ops being profiled or run read device profiler more often (profiler.cpp:1575)
2026-07-29 14:48:22.715 | warning  |           Metal | Profiler DRAM buffers were full, markers were dropped! device 2, worker core 6, 8, Risc TRISC_0,  bufferEndIndex = 12000. Please either decrease the number of ops being profiled or run read device profiler more often (profiler.cpp:1575)
2026-07-29 14:48:22.715 | warning  |           Metal | Profiler DRAM buffers were full, markers were dropped! device 2, worker core 6, 8, Risc TRISC_1,  bufferEndIndex = 12000. Please either decrease the number of ops being profiled or run read device profiler more often (profiler.cpp:1575)
2026-07-29 14:48:22.715 | warning  |           Metal | Profiler DRAM buffers were full, markers were dropped! device 2, worker core 6, 8, Risc TRISC_2,  bufferEndIndex = 12000. Please either decrease the number of ops being profiled or run read device profiler more often (profiler.cpp:1575)
2026-07-29 14:48:22.715 | warning  |           Metal | Profiler DRAM buffers were full, markers were dropped! device 2, worker core 6, 9, Risc BRISC,  bufferEndIndex = 12000. Please either decrease the number of ops being profiled or run read device profiler more often (profiler.cpp:1575)
2026-07-29 14:48:22.716 | warning  |           Metal | Profiler DRAM buffers were full, markers were dropped! device 2, worker core 6, 9, Risc NCRISC,  bufferEndIndex = 12000. Please either decrease the number of ops being profiled or run read device profiler more often (profiler.cpp:1575)
2026-07-29 14:48:22.717 | warning  |           Metal | Profiler DRAM buffers were full, markers were dropped! device 2, worker core 6, 9, Risc TRISC_0,  bufferEndIndex = 12000. Please either decrease the number of ops being profiled or run read device profiler more often (profiler.cpp:1575)
2026-07-29 14:48:22.717 | warning  |           Metal | Profiler DRAM buffers were full, markers were dropped! device 2, worker core 6, 9, Risc TRISC_1,  bufferEndIndex = 12000. Please either decrease the number of ops being profiled or run read device profiler more often (profiler.cpp:1575)
2026-07-29 14:48:22.717 | warning  |           Metal | Profiler DRAM buffers were full, markers were dropped! device 2, worker core 6, 9, Risc TRISC_2,  bufferEndIndex = 12000. Please either decrease the number of ops being profiled or run read device profiler more often (profiler.cpp:1575)
2026-07-29 14:48:22.717 | warning  |           Metal | Profiler DRAM buffers were full, markers were dropped! device 2, worker core 6, 10, Risc BRISC,  bufferEndIndex = 12000. Please either decrease the number of ops being profiled or run read device profiler more often (profiler.cpp:1575)
2026-07-29 14:48:22.718 | warning  |           Metal | Profiler DRAM buffers were full, markers were dropped! device 2, worker core 6, 10, Risc NCRISC,  bufferEndIndex = 12000. Please either decrease the number of ops being profiled or run read device profiler more often (profiler.cpp:1575)
2026-07-29 14:48:22.718 | warning  |           Metal | Profiler DRAM buffers were full, markers were dropped! device 2, worker core 6, 10, Risc TRISC_0,  bufferEndIndex = 12000. Please either decrease the number of ops being profiled or run read device profiler more often (profiler.cpp:1575)
2026-07-29 14:48:22.718 | warning  |           Metal | Profiler DRAM buffers were full, markers were dropped! device 2, worker core 6, 10, Risc TRISC_1,  bufferEndIndex = 12000. Please either decrease the number of ops being profiled or run read device profiler more often (profiler.cpp:1575)
2026-07-29 14:48:22.719 | warning  |           Metal | Profiler DRAM buffers were full, markers were dropped! device 2, worker core 6, 10, Risc TRISC_2,  bufferEndIndex = 12000. Please either decrease the number of ops being profiled or run read device profiler more often (profiler.cpp:1575)
2026-07-29 14:48:22.719 | warning  |           Metal | Profiler DRAM buffers were full, markers were dropped! device 2, worker core 6, 11, Risc BRISC,  bufferEndIndex = 12000. Please either decrease the number of ops being profiled or run read device profiler more often (profiler.cpp:1575)
2026-07-29 14:48:22.719 | warning  |           Metal | Profiler DRAM buffers were full, markers were dropped! device 2, worker core 6, 11, Risc NCRISC,  bufferEndIndex = 12000. Please either decrease the number of ops being profiled or run read device profiler more often (profiler.cpp:1575)
2026-07-29 14:48:22.720 | warning  |           Metal | Profiler DRAM buffers were full, markers were dropped! device 2, worker core 6, 11, Risc TRISC_0,  bufferEndIndex = 12000. Please either decrease the number of ops being profiled or run read device profiler more often (profiler.cpp:1575)
2026-07-29 14:48:22.720 | warning  |           Metal | Profiler DRAM buffers were full, markers were dropped! device 2, worker core 6, 11, Risc TRISC_1,  bufferEndIndex = 12000. Please either decrease the number of ops being profiled or run read device profiler more often (profiler.cpp:1575)
2026-07-29 14:48:22.720 | warning  |           Metal | Profiler DRAM buffers were full, markers were dropped! device 2, worker core 6, 11, Risc TRISC_2,  bufferEndIndex = 12000. Please either decrease the number of ops being profiled or run read device profiler more often (profiler.cpp:1575)
2026-07-29 14:48:22.721 | warning  |           Metal | Profiler DRAM buffers were full, markers were dropped! device 2, worker core 7, 2, Risc BRISC,  bufferEndIndex = 12000. Please either decrease the number of ops being profiled or run read device profiler more often (profiler.cpp:1575)
2026-07-29 14:48:22.721 | warning  |           Metal | Profiler DRAM buffers were full, markers were dropped! device 2, worker core 7, 2, Risc NCRISC,  bufferEndIndex = 12000. Please either decrease the number of ops being profiled or run read device profiler more often (profiler.cpp:1575)
2026-07-29 14:48:22.722 | warning  |           Metal | Profiler DRAM buffers were full, markers were dropped! device 2, worker core 7, 2, Risc TRISC_0,  bufferEndIndex = 12000. Please either decrease the number of ops being profiled or run read device profiler more often (profiler.cpp:1575)
2026-07-29 14:48:22.722 | warning  |           Metal | Profiler DRAM buffers were full, markers were dropped! device 2, worker core 7, 2, Risc TRISC_1,  bufferEndIndex = 12000. Please either decrease the number of ops being profiled or run read device profiler more often (profiler.cpp:1575)
2026-07-29 14:48:22.722 | warning  |           Metal | Profiler DRAM buffers were full, markers were dropped! device 2, worker core 7, 2, Risc TRISC_2,  bufferEndIndex = 12000. Please either decrease the number of ops being profiled or run read device profiler more often (profiler.cpp:1575)
2026-07-29 14:48:22.722 | warning  |           Metal | Profiler DRAM buffers were full, markers were dropped! device 2, worker core 7, 3, Risc BRISC,  bufferEndIndex = 12000. Please either decrease the number of ops being profiled or run read device profiler more often (profiler.cpp:1575)
2026-07-29 14:48:22.723 | warning  |           Metal | Profiler DRAM buffers were full, markers were dropped! device 2, worker core 7, 3, Risc NCRISC,  bufferEndIndex = 12000. Please either decrease the number of ops being profiled or run read device profiler more often (profiler.cpp:1575)
2026-07-29 14:48:22.723 | warning  |           Metal | Profiler DRAM buffers were full, markers were dropped! device 2, worker core 7, 3, Risc TRISC_0,  bufferEndIndex = 12000. Please either decrease the number of ops being profiled or run read device profiler more often (profiler.cpp:1575)
2026-07-29 14:48:22.724 | warning  |           Metal | Profiler DRAM buffers were full, markers were dropped! device 2, worker core 7, 3, Risc TRISC_1,  bufferEndIndex = 12000. Please either decrease the number of ops being profiled or run read device profiler more often (profiler.cpp:1575)
2026-07-29 14:48:22.724 | warning  |           Metal | Profiler DRAM buffers were full, markers were dropped! device 2, worker core 7, 3, Risc TRISC_2,  bufferEndIndex = 12000. Please either decrease the number of ops being profiled or run read device profiler more often (profiler.cpp:1575)
2026-07-29 14:48:22.724 | warning  |           Metal | Profiler DRAM buffers were full, markers were dropped! device 2, worker core 7, 4, Risc BRISC,  bufferEndIndex = 12000. Please either decrease the number of ops being profiled or run read device profiler more often (profiler.cpp:1575)
2026-07-29 14:48:22.724 | warning  |           Metal | Profiler DRAM buffers were full, markers were dropped! device 2, worker core 7, 4, Risc NCRISC,  bufferEndIndex = 12000. Please either decrease the number of ops being profiled or run read device profiler more often (profiler.cpp:1575)
2026-07-29 14:48:22.725 | warning  |           Metal | Profiler DRAM buffers were full, markers were dropped! device 2, worker core 7, 4, Risc TRISC_0,  bufferEndIndex = 12000. Please either decrease the number of ops being profiled or run read device profiler more often (profiler.cpp:1575)
2026-07-29 14:48:22.725 | warning  |           Metal | Profiler DRAM buffers were full, markers were dropped! device 2, worker core 7, 4, Risc TRISC_1,  bufferEndIndex = 12000. Please either decrease the number of ops being profiled or run read device profiler more often (profiler.cpp:1575)
2026-07-29 14:48:22.725 | warning  |           Metal | Profiler DRAM buffers were full, markers were dropped! device 2, worker core 7, 4, Risc TRISC_2,  bufferEndIndex = 12000. Please either decrease the number of ops being profiled or run read device profiler more often (profiler.cpp:1575)
2026-07-29 14:48:22.725 | warning  |           Metal | Profiler DRAM buffers were full, markers were dropped! device 2, worker core 7, 5, Risc BRISC,  bufferEndIndex = 12000. Please either decrease the number of ops being profiled or run read device profiler more often (profiler.cpp:1575)
2026-07-29 14:48:22.726 | warning  |           Metal | Profiler DRAM buffers were full, markers were dropped! device 2, worker core 7, 5, Risc NCRISC,  bufferEndIndex = 12000. Please either decrease the number of ops being profiled or run read device profiler more often (profiler.cpp:1575)
2026-07-29 14:48:22.727 | warning  |           Metal | Profiler DRAM buffers were full, markers were dropped! device 2, worker core 7, 5, Risc TRISC_0,  bufferEndIndex = 12000. Please either decrease the number of ops being profiled or run read device profiler more often (profiler.cpp:1575)
2026-07-29 14:48:22.727 | warning  |           Metal | Profiler DRAM buffers were full, markers were dropped! device 2, worker core 7, 5, Risc TRISC_1,  bufferEndIndex = 12000. Please either decrease the number of ops being profiled or run read device profiler more often (profiler.cpp:1575)
2026-07-29 14:48:22.727 | warning  |           Metal | Profiler DRAM buffers were full, markers were dropped! device 2, worker core 7, 5, Risc TRISC_2,  bufferEndIndex = 12000. Please either decrease the number of ops being profiled or run read device profiler more often (profiler.cpp:1575)
2026-07-29 14:48:22.727 | warning  |           Metal | Profiler DRAM buffers were full, markers were dropped! device 2, worker core 7, 6, Risc BRISC,  bufferEndIndex = 12000. Please either decrease the number of ops being profiled or run read device profiler more often (profiler.cpp:1575)
2026-07-29 14:48:22.728 | warning  |           Metal | Profiler DRAM buffers were full, markers were dropped! device 2, worker core 7, 6, Risc NCRISC,  bufferEndIndex = 12000. Please either decrease the number of ops being profiled or run read device profiler more often (profiler.cpp:1575)
2026-07-29 14:48:22.728 | warning  |           Metal | Profiler DRAM buffers were full, markers were dropped! device 2, worker core 7, 6, Risc TRISC_0,  bufferEndIndex = 12000. Please either decrease the number of ops being profiled or run read device profiler more often (profiler.cpp:1575)
2026-07-29 14:48:22.729 | warning  |           Metal | Profiler DRAM buffers were full, markers were dropped! device 2, worker core 7, 6, Risc TRISC_1,  bufferEndIndex = 12000. Please either decrease the number of ops being profiled or run read device profiler more often (profiler.cpp:1575)
2026-07-29 14:48:22.729 | warning  |           Metal | Profiler DRAM buffers were full, markers were dropped! device 2, worker core 7, 6, Risc TRISC_2,  bufferEndIndex = 12000. Please either decrease the number of ops being profiled or run read device profiler more often (profiler.cpp:1575)
2026-07-29 14:48:22.729 | warning  |           Metal | Profiler DRAM buffers were full, markers were dropped! device 2, worker core 7, 7, Risc BRISC,  bufferEndIndex = 12000. Please either decrease the number of ops being profiled or run read device profiler more often (profiler.cpp:1575)
2026-07-29 14:48:22.729 | warning  |           Metal | Profiler DRAM buffers were full, markers were dropped! device 2, worker core 7, 7, Risc NCRISC,  bufferEndIndex = 12000. Please either decrease the number of ops being profiled or run read device profiler more often (profiler.cpp:1575)
2026-07-29 14:48:22.730 | warning  |           Metal | Profiler DRAM buffers were full, markers were dropped! device 2, worker core 7, 7, Risc TRISC_0,  bufferEndIndex = 12000. Please either decrease the number of ops being profiled or run read device profiler more often (profiler.cpp:1575)
2026-07-29 14:48:22.730 | warning  |           Metal | Profiler DRAM buffers were full, markers were dropped! device 2, worker core 7, 7, Risc TRISC_1,  bufferEndIndex = 12000. Please either decrease the number of ops being profiled or run read device profiler more often (profiler.cpp:1575)
2026-07-29 14:48:22.730 | warning  |           Metal | Profiler DRAM buffers were full, markers were dropped! device 2, worker core 7, 7, Risc TRISC_2,  bufferEndIndex = 12000. Please either decrease the number of ops being profiled or run read device profiler more often (profiler.cpp:1575)
2026-07-29 14:48:22.730 | warning  |           Metal | Profiler DRAM buffers were full, markers were dropped! device 2, worker core 7, 8, Risc BRISC,  bufferEndIndex = 12000. Please either decrease the number of ops being profiled or run read device profiler more often (profiler.cpp:1575)
2026-07-29 14:48:22.731 | warning  |           Metal | Profiler DRAM buffers were full, markers were dropped! device 2, worker core 7, 8, Risc NCRISC,  bufferEndIndex = 12000. Please either decrease the number of ops being profiled or run read device profiler more often (profiler.cpp:1575)
2026-07-29 14:48:22.732 | warning  |           Metal | Profiler DRAM buffers were full, markers were dropped! device 2, worker core 7, 8, Risc TRISC_0,  bufferEndIndex = 12000. Please either decrease the number of ops being profiled or run read device profiler more often (profiler.cpp:1575)
2026-07-29 14:48:22.732 | warning  |           Metal | Profiler DRAM buffers were full, markers were dropped! device 2, worker core 7, 8, Risc TRISC_1,  bufferEndIndex = 12000. Please either decrease the number of ops being profiled or run read device profiler more often (profiler.cpp:1575)
2026-07-29 14:48:22.732 | warning  |           Metal | Profiler DRAM buffers were full, markers were dropped! device 2, worker core 7, 8, Risc TRISC_2,  bufferEndIndex = 12000. Please either decrease the number of ops being profiled or run read device profiler more often (profiler.cpp:1575)
2026-07-29 14:48:22.732 | warning  |           Metal | Profiler DRAM buffers were full, markers were dropped! device 2, worker core 7, 9, Risc BRISC,  bufferEndIndex = 12000. Please either decrease the number of ops being profiled or run read device profiler more often (profiler.cpp:1575)
2026-07-29 14:48:22.733 | warning  |           Metal | Profiler DRAM buffers were full, markers were dropped! device 2, worker core 7, 9, Risc NCRISC,  bufferEndIndex = 12000. Please either decrease the number of ops being profiled or run read device profiler more often (profiler.cpp:1575)
2026-07-29 14:48:22.733 | warning  |           Metal | Profiler DRAM buffers were full, markers were dropped! device 2, worker core 7, 9, Risc TRISC_0,  bufferEndIndex = 12000. Please either decrease the number of ops being profiled or run read device profiler more often (profiler.cpp:1575)
2026-07-29 14:48:22.733 | warning  |           Metal | Profiler DRAM buffers were full, markers were dropped! device 2, worker core 7, 9, Risc TRISC_1,  bufferEndIndex = 12000. Please either decrease the number of ops being profiled or run read device profiler more often (profiler.cpp:1575)
2026-07-29 14:48:22.733 | warning  |           Metal | Profiler DRAM buffers were full, markers were dropped! device 2, worker core 7, 9, Risc TRISC_2,  bufferEndIndex = 12000. Please either decrease the number of ops being profiled or run read device profiler more often (profiler.cpp:1575)
2026-07-29 14:48:22.734 | warning  |           Metal | Profiler DRAM buffers were full, markers were dropped! device 2, worker core 7, 10, Risc BRISC,  bufferEndIndex = 12000. Please either decrease the number of ops being profiled or run read device profiler more often (profiler.cpp:1575)
2026-07-29 14:48:22.734 | warning  |           Metal | Profiler DRAM buffers were full, markers were dropped! device 2, worker core 7, 10, Risc NCRISC,  bufferEndIndex = 12000. Please either decrease the number of ops being profiled or run read device profiler more often (profiler.cpp:1575)
2026-07-29 14:48:22.735 | warning  |           Metal | Profiler DRAM buffers were full, markers were dropped! device 2, worker core 7, 10, Risc TRISC_0,  bufferEndIndex = 12000. Please either decrease the number of ops being profiled or run read device profiler more often (profiler.cpp:1575)
2026-07-29 14:48:22.735 | warning  |           Metal | Profiler DRAM buffers were full, markers were dropped! device 2, worker core 7, 10, Risc TRISC_1,  bufferEndIndex = 12000. Please either decrease the number of ops being profiled or run read device profiler more often (profiler.cpp:1575)
2026-07-29 14:48:22.735 | warning  |           Metal | Profiler DRAM buffers were full, markers were dropped! device 2, worker core 7, 10, Risc TRISC_2,  bufferEndIndex = 12000. Please either decrease the number of ops being profiled or run read device profiler more often (profiler.cpp:1575)
2026-07-29 14:48:22.735 | warning  |           Metal | Profiler DRAM buffers were full, markers were dropped! device 2, worker core 7, 11, Risc BRISC,  bufferEndIndex = 12000. Please either decrease the number of ops being profiled or run read device profiler more often (profiler.cpp:1575)
2026-07-29 14:48:22.736 | warning  |           Metal | Profiler DRAM buffers were full, markers were dropped! device 2, worker core 7, 11, Risc NCRISC,  bufferEndIndex = 12000. Please either decrease the number of ops being profiled or run read device profiler more often (profiler.cpp:1575)
2026-07-29 14:48:22.736 | warning  |           Metal | Profiler DRAM buffers were full, markers were dropped! device 2, worker core 7, 11, Risc TRISC_0,  bufferEndIndex = 12000. Please either decrease the number of ops being profiled or run read device profiler more often (profiler.cpp:1575)
2026-07-29 14:48:22.737 | warning  |           Metal | Profiler DRAM buffers were full, markers were dropped! device 2, worker core 7, 11, Risc TRISC_1,  bufferEndIndex = 12000. Please either decrease the number of ops being profiled or run read device profiler more often (profiler.cpp:1575)
2026-07-29 14:48:22.737 | warning  |           Metal | Profiler DRAM buffers were full, markers were dropped! device 2, worker core 7, 11, Risc TRISC_2,  bufferEndIndex = 12000. Please either decrease the number of ops being profiled or run read device profiler more often (profiler.cpp:1575)
2026-07-29 14:48:22.737 | warning  |           Metal | Profiler DRAM buffers were full, markers were dropped! device 2, worker core 10, 2, Risc BRISC,  bufferEndIndex = 12000. Please either decrease the number of ops being profiled or run read device profiler more often (profiler.cpp:1575)
2026-07-29 14:48:22.737 | warning  |           Metal | Profiler DRAM buffers were full, markers were dropped! device 2, worker core 10, 2, Risc NCRISC,  bufferEndIndex = 12000. Please either decrease the number of ops being profiled or run read device profiler more often (profiler.cpp:1575)
2026-07-29 14:48:22.738 | warning  |           Metal | Profiler DRAM buffers were full, markers were dropped! device 2, worker core 10, 2, Risc TRISC_0,  bufferEndIndex = 12000. Please either decrease the number of ops being profiled or run read device profiler more often (profiler.cpp:1575)
2026-07-29 14:48:22.738 | warning  |           Metal | Profiler DRAM buffers were full, markers were dropped! device 2, worker core 10, 2, Risc TRISC_1,  bufferEndIndex = 12000. Please either decrease the number of ops being profiled or run read device profiler more often (profiler.cpp:1575)
2026-07-29 14:48:22.738 | warning  |           Metal | Profiler DRAM buffers were full, markers were dropped! device 2, worker core 10, 2, Risc TRISC_2,  bufferEndIndex = 12000. Please either decrease the number of ops being profiled or run read device profiler more often (profiler.cpp:1575)
2026-07-29 14:48:22.738 | warning  |           Metal | Profiler DRAM buffers were full, markers were dropped! device 2, worker core 10, 3, Risc BRISC,  bufferEndIndex = 12000. Please either decrease the number of ops being profiled or run read device profiler more often (profiler.cpp:1575)
2026-07-29 14:48:22.739 | warning  |           Metal | Profiler DRAM buffers were full, markers were dropped! device 2, worker core 10, 3, Risc NCRISC,  bufferEndIndex = 12000. Please either decrease the number of ops being profiled or run read device profiler more often (profiler.cpp:1575)
2026-07-29 14:48:22.740 | warning  |           Metal | Profiler DRAM buffers were full, markers were dropped! device 2, worker core 10, 3, Risc TRISC_0,  bufferEndIndex = 12000. Please either decrease the number of ops being profiled or run read device profiler more often (profiler.cpp:1575)
2026-07-29 14:48:22.740 | warning  |           Metal | Profiler DRAM buffers were full, markers were dropped! device 2, worker core 10, 3, Risc TRISC_1,  bufferEndIndex = 12000. Please either decrease the number of ops being profiled or run read device profiler more often (profiler.cpp:1575)
2026-07-29 14:48:22.740 | warning  |           Metal | Profiler DRAM buffers were full, markers were dropped! device 2, worker core 10, 3, Risc TRISC_2,  bufferEndIndex = 12000. Please either decrease the number of ops being profiled or run read device profiler more often (profiler.cpp:1575)
2026-07-29 14:48:22.740 | warning  |           Metal | Profiler DRAM buffers were full, markers were dropped! device 2, worker core 10, 4, Risc BRISC,  bufferEndIndex = 12000. Please either decrease the number of ops being profiled or run read device profiler more often (profiler.cpp:1575)
2026-07-29 14:48:22.741 | warning  |           Metal | Profiler DRAM buffers were full, markers were dropped! device 2, worker core 10, 4, Risc NCRISC,  bufferEndIndex = 12000. Please either decrease the number of ops being profiled or run read device profiler more often (profiler.cpp:1575)
2026-07-29 14:48:22.741 | warning  |           Metal | Profiler DRAM buffers were full, markers were dropped! device 2, worker core 10, 4, Risc TRISC_0,  bufferEndIndex = 12000. Please either decrease the number of ops being profiled or run read device profiler more often (profiler.cpp:1575)
2026-07-29 14:48:22.741 | warning  |           Metal | Profiler DRAM buffers were full, markers were dropped! device 2, worker core 10, 4, Risc TRISC_1,  bufferEndIndex = 12000. Please either decrease the number of ops being profiled or run read device profiler more often (profiler.cpp:1575)
2026-07-29 14:48:22.741 | warning  |           Metal | Profiler DRAM buffers were full, markers were dropped! device 2, worker core 10, 4, Risc TRISC_2,  bufferEndIndex = 12000. Please either decrease the number of ops being profiled or run read device profiler more often (profiler.cpp:1575)
2026-07-29 14:48:22.742 | warning  |           Metal | Profiler DRAM buffers were full, markers were dropped! device 2, worker core 10, 5, Risc BRISC,  bufferEndIndex = 12000. Please either decrease the number of ops being profiled or run read device profiler more often (profiler.cpp:1575)
2026-07-29 14:48:22.742 | warning  |           Metal | Profiler DRAM buffers were full, markers were dropped! device 2, worker core 10, 5, Risc NCRISC,  bufferEndIndex = 12000. Please either decrease the number of ops being profiled or run read device profiler more often (profiler.cpp:1575)
2026-07-29 14:48:22.743 | warning  |           Metal | Profiler DRAM buffers were full, markers were dropped! device 2, worker core 10, 5, Risc TRISC_0,  bufferEndIndex = 12000. Please either decrease the number of ops being profiled or run read device profiler more often (profiler.cpp:1575)
2026-07-29 14:48:22.743 | warning  |           Metal | Profiler DRAM buffers were full, markers were dropped! device 2, worker core 10, 5, Risc TRISC_1,  bufferEndIndex = 12000. Please either decrease the number of ops being profiled or run read device profiler more often (profiler.cpp:1575)
2026-07-29 14:48:22.743 | warning  |           Metal | Profiler DRAM buffers were full, markers were dropped! device 2, worker core 10, 5, Risc TRISC_2,  bufferEndIndex = 12000. Please either decrease the number of ops being profiled or run read device profiler more often (profiler.cpp:1575)
2026-07-29 14:48:22.743 | warning  |           Metal | Profiler DRAM buffers were full, markers were dropped! device 2, worker core 10, 6, Risc BRISC,  bufferEndIndex = 12000. Please either decrease the number of ops being profiled or run read device profiler more often (profiler.cpp:1575)
2026-07-29 14:48:22.744 | warning  |           Metal | Profiler DRAM buffers were full, markers were dropped! device 2, worker core 10, 6, Risc NCRISC,  bufferEndIndex = 12000. Please either decrease the number of ops being profiled or run read device profiler more often (profiler.cpp:1575)
2026-07-29 14:48:22.744 | warning  |           Metal | Profiler DRAM buffers were full, markers were dropped! device 2, worker core 10, 6, Risc TRISC_0,  bufferEndIndex = 12000. Please either decrease the number of ops being profiled or run read device profiler more often (profiler.cpp:1575)
2026-07-29 14:48:22.744 | warning  |           Metal | Profiler DRAM buffers were full, markers were dropped! device 2, worker core 10, 6, Risc TRISC_1,  bufferEndIndex = 12000. Please either decrease the number of ops being profiled or run read device profiler more often (profiler.cpp:1575)
2026-07-29 14:48:22.745 | warning  |           Metal | Profiler DRAM buffers were full, markers were dropped! device 2, worker core 10, 6, Risc TRISC_2,  bufferEndIndex = 12000. Please either decrease the number of ops being profiled or run read device profiler more often (profiler.cpp:1575)
2026-07-29 14:48:22.745 | warning  |           Metal | Profiler DRAM buffers were full, markers were dropped! device 2, worker core 10, 7, Risc BRISC,  bufferEndIndex = 12000. Please either decrease the number of ops being profiled or run read device profiler more often (profiler.cpp:1575)
2026-07-29 14:48:22.745 | warning  |           Metal | Profiler DRAM buffers were full, markers were dropped! device 2, worker core 10, 7, Risc NCRISC,  bufferEndIndex = 12000. Please either decrease the number of ops being profiled or run read device profiler more often (profiler.cpp:1575)
2026-07-29 14:48:22.746 | warning  |           Metal | Profiler DRAM buffers were full, markers were dropped! device 2, worker core 10, 7, Risc TRISC_0,  bufferEndIndex = 12000. Please either decrease the number of ops being profiled or run read device profiler more often (profiler.cpp:1575)
2026-07-29 14:48:22.746 | warning  |           Metal | Profiler DRAM buffers were full, markers were dropped! device 2, worker core 10, 7, Risc TRISC_1,  bufferEndIndex = 12000. Please either decrease the number of ops being profiled or run read device profiler more often (profiler.cpp:1575)
2026-07-29 14:48:22.746 | warning  |           Metal | Profiler DRAM buffers were full, markers were dropped! device 2, worker core 10, 7, Risc TRISC_2,  bufferEndIndex = 12000. Please either decrease the number of ops being profiled or run read device profiler more often (profiler.cpp:1575)
2026-07-29 14:48:22.746 | warning  |           Metal | Profiler DRAM buffers were full, markers were dropped! device 2, worker core 10, 8, Risc BRISC,  bufferEndIndex = 12000. Please either decrease the number of ops being profiled or run read device profiler more often (profiler.cpp:1575)
2026-07-29 14:48:22.747 | warning  |           Metal | Profiler DRAM buffers were full, markers were dropped! device 2, worker core 10, 8, Risc NCRISC,  bufferEndIndex = 12000. Please either decrease the number of ops being profiled or run read device profiler more often (profiler.cpp:1575)
2026-07-29 14:48:22.748 | warning  |           Metal | Profiler DRAM buffers were full, markers were dropped! device 2, worker core 10, 8, Risc TRISC_0,  bufferEndIndex = 12000. Please either decrease the number of ops being profiled or run read device profiler more often (profiler.cpp:1575)
2026-07-29 14:48:22.748 | warning  |           Metal | Profiler DRAM buffers were full, markers were dropped! device 2, worker core 10, 8, Risc TRISC_1,  bufferEndIndex = 12000. Please either decrease the number of ops being profiled or run read device profiler more often (profiler.cpp:1575)
2026-07-29 14:48:22.748 | warning  |           Metal | Profiler DRAM buffers were full, markers were dropped! device 2, worker core 10, 8, Risc TRISC_2,  bufferEndIndex = 12000. Please either decrease the number of ops being profiled or run read device profiler more often (profiler.cpp:1575)
2026-07-29 14:48:22.748 | warning  |           Metal | Profiler DRAM buffers were full, markers were dropped! device 2, worker core 10, 9, Risc BRISC,  bufferEndIndex = 12000. Please either decrease the number of ops being profiled or run read device profiler more often (profiler.cpp:1575)
2026-07-29 14:48:22.749 | warning  |           Metal | Profiler DRAM buffers were full, markers were dropped! device 2, worker core 10, 9, Risc NCRISC,  bufferEndIndex = 12000. Please either decrease the number of ops being profiled or run read device profiler more often (profiler.cpp:1575)
2026-07-29 14:48:22.749 | warning  |           Metal | Profiler DRAM buffers were full, markers were dropped! device 2, worker core 10, 9, Risc TRISC_0,  bufferEndIndex = 12000. Please either decrease the number of ops being profiled or run read device profiler more often (profiler.cpp:1575)
2026-07-29 14:48:22.749 | warning  |           Metal | Profiler DRAM buffers were full, markers were dropped! device 2, worker core 10, 9, Risc TRISC_1,  bufferEndIndex = 12000. Please either decrease the number of ops being profiled or run read device profiler more often (profiler.cpp:1575)
2026-07-29 14:48:22.750 | warning  |           Metal | Profiler DRAM buffers were full, markers were dropped! device 2, worker core 10, 9, Risc TRISC_2,  bufferEndIndex = 12000. Please either decrease the number of ops being profiled or run read device profiler more often (profiler.cpp:1575)
2026-07-29 14:48:22.750 | warning  |           Metal | Profiler DRAM buffers were full, markers were dropped! device 2, worker core 10, 10, Risc BRISC,  bufferEndIndex = 12000. Please either decrease the number of ops being profiled or run read device profiler more often (profiler.cpp:1575)
2026-07-29 14:48:22.750 | warning  |           Metal | Profiler DRAM buffers were full, markers were dropped! device 2, worker core 10, 10, Risc NCRISC,  bufferEndIndex = 12000. Please either decrease the number of ops being profiled or run read device profiler more often (profiler.cpp:1575)
2026-07-29 14:48:22.751 | warning  |           Metal | Profiler DRAM buffers were full, markers were dropped! device 2, worker core 10, 10, Risc TRISC_0,  bufferEndIndex = 12000. Please either decrease the number of ops being profiled or run read device profiler more often (profiler.cpp:1575)
2026-07-29 14:48:22.752 | warning  |           Metal | Profiler DRAM buffers were full, markers were dropped! device 2, worker core 10, 10, Risc TRISC_1,  bufferEndIndex = 12000. Please either decrease the number of ops being profiled or run read device profiler more often (profiler.cpp:1575)
2026-07-29 14:48:22.752 | warning  |           Metal | Profiler DRAM buffers were full, markers were dropped! device 2, worker core 10, 10, Risc TRISC_2,  bufferEndIndex = 12000. Please either decrease the number of ops being profiled or run read device profiler more often (profiler.cpp:1575)
2026-07-29 14:48:22.752 | warning  |           Metal | Profiler DRAM buffers were full, markers were dropped! device 2, worker core 10, 11, Risc BRISC,  bufferEndIndex = 12000. Please either decrease the number of ops being profiled or run read device profiler more often (profiler.cpp:1575)
2026-07-29 14:48:22.753 | warning  |           Metal | Profiler DRAM buffers were full, markers were dropped! device 2, worker core 10, 11, Risc NCRISC,  bufferEndIndex = 12000. Please either decrease the number of ops being profiled or run read device profiler more often (profiler.cpp:1575)
2026-07-29 14:48:22.753 | warning  |           Metal | Profiler DRAM buffers were full, markers were dropped! device 2, worker core 10, 11, Risc TRISC_0,  bufferEndIndex = 12000. Please either decrease the number of ops being profiled or run read device profiler more often (profiler.cpp:1575)
2026-07-29 14:48:22.753 | warning  |           Metal | Profiler DRAM buffers were full, markers were dropped! device 2, worker core 10, 11, Risc TRISC_1,  bufferEndIndex = 12000. Please either decrease the number of ops being profiled or run read device profiler more often (profiler.cpp:1575)
2026-07-29 14:48:22.754 | warning  |           Metal | Profiler DRAM buffers were full, markers were dropped! device 2, worker core 10, 11, Risc TRISC_2,  bufferEndIndex = 12000. Please either decrease the number of ops being profiled or run read device profiler more often (profiler.cpp:1575)
2026-07-29 14:48:22.754 | warning  |           Metal | Profiler DRAM buffers were full, markers were dropped! device 2, worker core 11, 2, Risc BRISC,  bufferEndIndex = 12000. Please either decrease the number of ops being profiled or run read device profiler more often (profiler.cpp:1575)
2026-07-29 14:48:22.754 | warning  |           Metal | Profiler DRAM buffers were full, markers were dropped! device 2, worker core 11, 2, Risc NCRISC,  bufferEndIndex = 12000. Please either decrease the number of ops being profiled or run read device profiler more often (profiler.cpp:1575)
2026-07-29 14:48:22.755 | warning  |           Metal | Profiler DRAM buffers were full, markers were dropped! device 2, worker core 11, 2, Risc TRISC_0,  bufferEndIndex = 12000. Please either decrease the number of ops being profiled or run read device profiler more often (profiler.cpp:1575)
2026-07-29 14:48:22.755 | warning  |           Metal | Profiler DRAM buffers were full, markers were dropped! device 2, worker core 11, 2, Risc TRISC_1,  bufferEndIndex = 12000. Please either decrease the number of ops being profiled or run read device profiler more often (profiler.cpp:1575)
2026-07-29 14:48:22.755 | warning  |           Metal | Profiler DRAM buffers were full, markers were dropped! device 2, worker core 11, 2, Risc TRISC_2,  bufferEndIndex = 12000. Please either decrease the number of ops being profiled or run read device profiler more often (profiler.cpp:1575)
2026-07-29 14:48:22.755 | warning  |           Metal | Profiler DRAM buffers were full, markers were dropped! device 2, worker core 11, 3, Risc BRISC,  bufferEndIndex = 12000. Please either decrease the number of ops being profiled or run read device profiler more often (profiler.cpp:1575)
2026-07-29 14:48:22.756 | warning  |           Metal | Profiler DRAM buffers were full, markers were dropped! device 2, worker core 11, 3, Risc NCRISC,  bufferEndIndex = 12000. Please either decrease the number of ops being profiled or run read device profiler more often (profiler.cpp:1575)
2026-07-29 14:48:22.756 | warning  |           Metal | Profiler DRAM buffers were full, markers were dropped! device 2, worker core 11, 3, Risc TRISC_0,  bufferEndIndex = 12000. Please either decrease the number of ops being profiled or run read device profiler more often (profiler.cpp:1575)
2026-07-29 14:48:22.756 | warning  |           Metal | Profiler DRAM buffers were full, markers were dropped! device 2, worker core 11, 3, Risc TRISC_1,  bufferEndIndex = 12000. Please either decrease the number of ops being profiled or run read device profiler more often (profiler.cpp:1575)
2026-07-29 14:48:22.757 | warning  |           Metal | Profiler DRAM buffers were full, markers were dropped! device 2, worker core 11, 3, Risc TRISC_2,  bufferEndIndex = 12000. Please either decrease the number of ops being profiled or run read device profiler more often (profiler.cpp:1575)
2026-07-29 14:48:22.757 | warning  |           Metal | Profiler DRAM buffers were full, markers were dropped! device 2, worker core 11, 4, Risc BRISC,  bufferEndIndex = 12000. Please either decrease the number of ops being profiled or run read device profiler more often (profiler.cpp:1575)
2026-07-29 14:48:22.757 | warning  |           Metal | Profiler DRAM buffers were full, markers were dropped! device 2, worker core 11, 4, Risc NCRISC,  bufferEndIndex = 12000. Please either decrease the number of ops being profiled or run read device profiler more often (profiler.cpp:1575)
2026-07-29 14:48:22.758 | warning  |           Metal | Profiler DRAM buffers were full, markers were dropped! device 2, worker core 11, 4, Risc TRISC_0,  bufferEndIndex = 12000. Please either decrease the number of ops being profiled or run read device profiler more often (profiler.cpp:1575)
2026-07-29 14:48:22.758 | warning  |           Metal | Profiler DRAM buffers were full, markers were dropped! device 2, worker core 11, 4, Risc TRISC_1,  bufferEndIndex = 12000. Please either decrease the number of ops being profiled or run read device profiler more often (profiler.cpp:1575)
2026-07-29 14:48:22.758 | warning  |           Metal | Profiler DRAM buffers were full, markers were dropped! device 2, worker core 11, 4, Risc TRISC_2,  bufferEndIndex = 12000. Please either decrease the number of ops being profiled or run read device profiler more often (profiler.cpp:1575)
2026-07-29 14:48:22.758 | warning  |           Metal | Profiler DRAM buffers were full, markers were dropped! device 2, worker core 11, 5, Risc BRISC,  bufferEndIndex = 12000. Please either decrease the number of ops being profiled or run read device profiler more often (profiler.cpp:1575)
2026-07-29 14:48:22.759 | warning  |           Metal | Profiler DRAM buffers were full, markers were dropped! device 2, worker core 11, 5, Risc NCRISC,  bufferEndIndex = 12000. Please either decrease the number of ops being profiled or run read device profiler more often (profiler.cpp:1575)
2026-07-29 14:48:22.760 | warning  |           Metal | Profiler DRAM buffers were full, markers were dropped! device 2, worker core 11, 5, Risc TRISC_0,  bufferEndIndex = 12000. Please either decrease the number of ops being profiled or run read device profiler more often (profiler.cpp:1575)
2026-07-29 14:48:22.760 | warning  |           Metal | Profiler DRAM buffers were full, markers were dropped! device 2, worker core 11, 5, Risc TRISC_1,  bufferEndIndex = 12000. Please either decrease the number of ops being profiled or run read device profiler more often (profiler.cpp:1575)
2026-07-29 14:48:22.760 | warning  |           Metal | Profiler DRAM buffers were full, markers were dropped! device 2, worker core 11, 5, Risc TRISC_2,  bufferEndIndex = 12000. Please either decrease the number of ops being profiled or run read device profiler more often (profiler.cpp:1575)
2026-07-29 14:48:22.760 | warning  |           Metal | Profiler DRAM buffers were full, markers were dropped! device 2, worker core 11, 6, Risc BRISC,  bufferEndIndex = 12000. Please either decrease the number of ops being profiled or run read device profiler more often (profiler.cpp:1575)
2026-07-29 14:48:22.761 | warning  |           Metal | Profiler DRAM buffers were full, markers were dropped! device 2, worker core 11, 6, Risc NCRISC,  bufferEndIndex = 12000. Please either decrease the number of ops being profiled or run read device profiler more often (profiler.cpp:1575)
2026-07-29 14:48:22.761 | warning  |           Metal | Profiler DRAM buffers were full, markers were dropped! device 2, worker core 11, 6, Risc TRISC_0,  bufferEndIndex = 12000. Please either decrease the number of ops being profiled or run read device profiler more often (profiler.cpp:1575)
2026-07-29 14:48:22.761 | warning  |           Metal | Profiler DRAM buffers were full, markers were dropped! device 2, worker core 11, 6, Risc TRISC_1,  bufferEndIndex = 12000. Please either decrease the number of ops being profiled or run read device profiler more often (profiler.cpp:1575)
2026-07-29 14:48:22.762 | warning  |           Metal | Profiler DRAM buffers were full, markers were dropped! device 2, worker core 11, 6, Risc TRISC_2,  bufferEndIndex = 12000. Please either decrease the number of ops being profiled or run read device profiler more often (profiler.cpp:1575)
2026-07-29 14:48:22.762 | warning  |           Metal | Profiler DRAM buffers were full, markers were dropped! device 2, worker core 11, 7, Risc BRISC,  bufferEndIndex = 12000. Please either decrease the number of ops being profiled or run read device profiler more often (profiler.cpp:1575)
2026-07-29 14:48:22.762 | warning  |           Metal | Profiler DRAM buffers were full, markers were dropped! device 2, worker core 11, 7, Risc NCRISC,  bufferEndIndex = 12000. Please either decrease the number of ops being profiled or run read device profiler more often (profiler.cpp:1575)
2026-07-29 14:48:22.763 | warning  |           Metal | Profiler DRAM buffers were full, markers were dropped! device 2, worker core 11, 7, Risc TRISC_0,  bufferEndIndex = 12000. Please either decrease the number of ops being profiled or run read device profiler more often (profiler.cpp:1575)
2026-07-29 14:48:22.763 | warning  |           Metal | Profiler DRAM buffers were full, markers were dropped! device 2, worker core 11, 7, Risc TRISC_1,  bufferEndIndex = 12000. Please either decrease the number of ops being profiled or run read device profiler more often (profiler.cpp:1575)
2026-07-29 14:48:22.763 | warning  |           Metal | Profiler DRAM buffers were full, markers were dropped! device 2, worker core 11, 7, Risc TRISC_2,  bufferEndIndex = 12000. Please either decrease the number of ops being profiled or run read device profiler more often (profiler.cpp:1575)
2026-07-29 14:48:22.763 | warning  |           Metal | Profiler DRAM buffers were full, markers were dropped! device 2, worker core 11, 8, Risc BRISC,  bufferEndIndex = 12000. Please either decrease the number of ops being profiled or run read device profiler more often (profiler.cpp:1575)
2026-07-29 14:48:22.764 | warning  |           Metal | Profiler DRAM buffers were full, markers were dropped! device 2, worker core 11, 8, Risc NCRISC,  bufferEndIndex = 12000. Please either decrease the number of ops being profiled or run read device profiler more often (profiler.cpp:1575)
2026-07-29 14:48:22.764 | warning  |           Metal | Profiler DRAM buffers were full, markers were dropped! device 2, worker core 11, 8, Risc TRISC_0,  bufferEndIndex = 12000. Please either decrease the number of ops being profiled or run read device profiler more often (profiler.cpp:1575)
2026-07-29 14:48:22.765 | warning  |           Metal | Profiler DRAM buffers were full, markers were dropped! device 2, worker core 11, 8, Risc TRISC_1,  bufferEndIndex = 12000. Please either decrease the number of ops being profiled or run read device profiler more often (profiler.cpp:1575)
2026-07-29 14:48:22.765 | warning  |           Metal | Profiler DRAM buffers were full, markers were dropped! device 2, worker core 11, 8, Risc TRISC_2,  bufferEndIndex = 12000. Please either decrease the number of ops being profiled or run read device profiler more often (profiler.cpp:1575)
2026-07-29 14:48:22.765 | warning  |           Metal | Profiler DRAM buffers were full, markers were dropped! device 2, worker core 11, 9, Risc BRISC,  bufferEndIndex = 12000. Please either decrease the number of ops being profiled or run read device profiler more often (profiler.cpp:1575)
2026-07-29 14:48:22.765 | warning  |           Metal | Profiler DRAM buffers were full, markers were dropped! device 2, worker core 11, 9, Risc NCRISC,  bufferEndIndex = 12000. Please either decrease the number of ops being profiled or run read device profiler more often (profiler.cpp:1575)
2026-07-29 14:48:22.766 | warning  |           Metal | Profiler DRAM buffers were full, markers were dropped! device 2, worker core 11, 9, Risc TRISC_0,  bufferEndIndex = 12000. Please either decrease the number of ops being profiled or run read device profiler more often (profiler.cpp:1575)
2026-07-29 14:48:22.766 | warning  |           Metal | Profiler DRAM buffers were full, markers were dropped! device 2, worker core 11, 9, Risc TRISC_1,  bufferEndIndex = 12000. Please either decrease the number of ops being profiled or run read device profiler more often (profiler.cpp:1575)
2026-07-29 14:48:22.766 | warning  |           Metal | Profiler DRAM buffers were full, markers were dropped! device 2, worker core 11, 9, Risc TRISC_2,  bufferEndIndex = 12000. Please either decrease the number of ops being profiled or run read device profiler more often (profiler.cpp:1575)
2026-07-29 14:48:22.766 | warning  |           Metal | Profiler DRAM buffers were full, markers were dropped! device 2, worker core 11, 10, Risc BRISC,  bufferEndIndex = 12000. Please either decrease the number of ops being profiled or run read device profiler more often (profiler.cpp:1575)
2026-07-29 14:48:22.767 | warning  |           Metal | Profiler DRAM buffers were full, markers were dropped! device 2, worker core 11, 10, Risc NCRISC,  bufferEndIndex = 12000. Please either decrease the number of ops being profiled or run read device profiler more often (profiler.cpp:1575)
2026-07-29 14:48:22.768 | warning  |           Metal | Profiler DRAM buffers were full, markers were dropped! device 2, worker core 11, 10, Risc TRISC_0,  bufferEndIndex = 12000. Please either decrease the number of ops being profiled or run read device profiler more often (profiler.cpp:1575)
2026-07-29 14:48:22.768 | warning  |           Metal | Profiler DRAM buffers were full, markers were dropped! device 2, worker core 11, 10, Risc TRISC_1,  bufferEndIndex = 12000. Please either decrease the number of ops being profiled or run read device profiler more often (profiler.cpp:1575)
2026-07-29 14:48:22.768 | warning  |           Metal | Profiler DRAM buffers were full, markers were dropped! device 2, worker core 11, 10, Risc TRISC_2,  bufferEndIndex = 12000. Please either decrease the number of ops being profiled or run read device profiler more often (profiler.cpp:1575)
2026-07-29 14:48:22.768 | warning  |           Metal | Profiler DRAM buffers were full, markers were dropped! device 2, worker core 11, 11, Risc BRISC,  bufferEndIndex = 12000. Please either decrease the number of ops being profiled or run read device profiler more often (profiler.cpp:1575)
2026-07-29 14:48:22.768 | warning  |           Metal | Profiler DRAM buffers were full, markers were dropped! device 2, worker core 11, 11, Risc NCRISC,  bufferEndIndex = 12000. Please either decrease the number of ops being profiled or run read device profiler more often (profiler.cpp:1575)
2026-07-29 14:48:22.769 | warning  |           Metal | Profiler DRAM buffers were full, markers were dropped! device 2, worker core 11, 11, Risc TRISC_0,  bufferEndIndex = 12000. Please either decrease the number of ops being profiled or run read device profiler more often (profiler.cpp:1575)
2026-07-29 14:48:22.769 | warning  |           Metal | Profiler DRAM buffers were full, markers were dropped! device 2, worker core 11, 11, Risc TRISC_1,  bufferEndIndex = 12000. Please either decrease the number of ops being profiled or run read device profiler more often (profiler.cpp:1575)
2026-07-29 14:48:22.769 | warning  |           Metal | Profiler DRAM buffers were full, markers were dropped! device 2, worker core 11, 11, Risc TRISC_2,  bufferEndIndex = 12000. Please either decrease the number of ops being profiled or run read device profiler more often (profiler.cpp:1575)
2026-07-29 14:48:22.769 | warning  |           Metal | Profiler DRAM buffers were full, markers were dropped! device 2, worker core 12, 2, Risc BRISC,  bufferEndIndex = 12000. Please either decrease the number of ops being profiled or run read device profiler more often (profiler.cpp:1575)
2026-07-29 14:48:22.770 | warning  |           Metal | Profiler DRAM buffers were full, markers were dropped! device 2, worker core 12, 2, Risc NCRISC,  bufferEndIndex = 12000. Please either decrease the number of ops being profiled or run read device profiler more often (profiler.cpp:1575)
2026-07-29 14:48:22.771 | warning  |           Metal | Profiler DRAM buffers were full, markers were dropped! device 2, worker core 12, 2, Risc TRISC_0,  bufferEndIndex = 12000. Please either decrease the number of ops being profiled or run read device profiler more often (profiler.cpp:1575)
2026-07-29 14:48:22.771 | warning  |           Metal | Profiler DRAM buffers were full, markers were dropped! device 2, worker core 12, 2, Risc TRISC_1,  bufferEndIndex = 12000. Please either decrease the number of ops being profiled or run read device profiler more often (profiler.cpp:1575)
2026-07-29 14:48:22.771 | warning  |           Metal | Profiler DRAM buffers were full, markers were dropped! device 2, worker core 12, 2, Risc TRISC_2,  bufferEndIndex = 12000. Please either decrease the number of ops being profiled or run read device profiler more often (profiler.cpp:1575)
2026-07-29 14:48:22.771 | warning  |           Metal | Profiler DRAM buffers were full, markers were dropped! device 2, worker core 12, 3, Risc BRISC,  bufferEndIndex = 12000. Please either decrease the number of ops being profiled or run read device profiler more often (profiler.cpp:1575)
2026-07-29 14:48:22.772 | warning  |           Metal | Profiler DRAM buffers were full, markers were dropped! device 2, worker core 12, 3, Risc NCRISC,  bufferEndIndex = 12000. Please either decrease the number of ops being profiled or run read device profiler more often (profiler.cpp:1575)
2026-07-29 14:48:22.772 | warning  |           Metal | Profiler DRAM buffers were full, markers were dropped! device 2, worker core 12, 3, Risc TRISC_0,  bufferEndIndex = 12000. Please either decrease the number of ops being profiled or run read device profiler more often (profiler.cpp:1575)
2026-07-29 14:48:22.772 | warning  |           Metal | Profiler DRAM buffers were full, markers were dropped! device 2, worker core 12, 3, Risc TRISC_1,  bufferEndIndex = 12000. Please either decrease the number of ops being profiled or run read device profiler more often (profiler.cpp:1575)
2026-07-29 14:48:22.772 | warning  |           Metal | Profiler DRAM buffers were full, markers were dropped! device 2, worker core 12, 3, Risc TRISC_2,  bufferEndIndex = 12000. Please either decrease the number of ops being profiled or run read device profiler more often (profiler.cpp:1575)
2026-07-29 14:48:22.773 | warning  |           Metal | Profiler DRAM buffers were full, markers were dropped! device 2, worker core 12, 4, Risc BRISC,  bufferEndIndex = 12000. Please either decrease the number of ops being profiled or run read device profiler more often (profiler.cpp:1575)
2026-07-29 14:48:22.773 | warning  |           Metal | Profiler DRAM buffers were full, markers were dropped! device 2, worker core 12, 4, Risc NCRISC,  bufferEndIndex = 12000. Please either decrease the number of ops being profiled or run read device profiler more often (profiler.cpp:1575)
2026-07-29 14:48:22.774 | warning  |           Metal | Profiler DRAM buffers were full, markers were dropped! device 2, worker core 12, 4, Risc TRISC_0,  bufferEndIndex = 12000. Please either decrease the number of ops being profiled or run read device profiler more often (profiler.cpp:1575)
2026-07-29 14:48:22.774 | warning  |           Metal | Profiler DRAM buffers were full, markers were dropped! device 2, worker core 12, 4, Risc TRISC_1,  bufferEndIndex = 12000. Please either decrease the number of ops being profiled or run read device profiler more often (profiler.cpp:1575)
2026-07-29 14:48:22.774 | warning  |           Metal | Profiler DRAM buffers were full, markers were dropped! device 2, worker core 12, 4, Risc TRISC_2,  bufferEndIndex = 12000. Please either decrease the number of ops being profiled or run read device profiler more often (profiler.cpp:1575)
2026-07-29 14:48:22.774 | warning  |           Metal | Profiler DRAM buffers were full, markers were dropped! device 2, worker core 12, 5, Risc BRISC,  bufferEndIndex = 12000. Please either decrease the number of ops being profiled or run read device profiler more often (profiler.cpp:1575)
2026-07-29 14:48:22.775 | warning  |           Metal | Profiler DRAM buffers were full, markers were dropped! device 2, worker core 12, 5, Risc NCRISC,  bufferEndIndex = 12000. Please either decrease the number of ops being profiled or run read device profiler more often (profiler.cpp:1575)
2026-07-29 14:48:22.775 | warning  |           Metal | Profiler DRAM buffers were full, markers were dropped! device 2, worker core 12, 5, Risc TRISC_0,  bufferEndIndex = 12000. Please either decrease the number of ops being profiled or run read device profiler more often (profiler.cpp:1575)
2026-07-29 14:48:22.775 | warning  |           Metal | Profiler DRAM buffers were full, markers were dropped! device 2, worker core 12, 5, Risc TRISC_1,  bufferEndIndex = 12000. Please either decrease the number of ops being profiled or run read device profiler more often (profiler.cpp:1575)
2026-07-29 14:48:22.776 | warning  |           Metal | Profiler DRAM buffers were full, markers were dropped! device 2, worker core 12, 5, Risc TRISC_2,  bufferEndIndex = 12000. Please either decrease the number of ops being profiled or run read device profiler more often (profiler.cpp:1575)
2026-07-29 14:48:22.776 | warning  |           Metal | Profiler DRAM buffers were full, markers were dropped! device 2, worker core 12, 6, Risc BRISC,  bufferEndIndex = 12000. Please either decrease the number of ops being profiled or run read device profiler more often (profiler.cpp:1575)
2026-07-29 14:48:22.776 | warning  |           Metal | Profiler DRAM buffers were full, markers were dropped! device 2, worker core 12, 6, Risc NCRISC,  bufferEndIndex = 12000. Please either decrease the number of ops being profiled or run read device profiler more often (profiler.cpp:1575)
2026-07-29 14:48:22.777 | warning  |           Metal | Profiler DRAM buffers were full, markers were dropped! device 2, worker core 12, 6, Risc TRISC_0,  bufferEndIndex = 12000. Please either decrease the number of ops being profiled or run read device profiler more often (profiler.cpp:1575)
2026-07-29 14:48:22.777 | warning  |           Metal | Profiler DRAM buffers were full, markers were dropped! device 2, worker core 12, 6, Risc TRISC_1,  bufferEndIndex = 12000. Please either decrease the number of ops being profiled or run read device profiler more often (profiler.cpp:1575)
2026-07-29 14:48:22.777 | warning  |           Metal | Profiler DRAM buffers were full, markers were dropped! device 2, worker core 12, 6, Risc TRISC_2,  bufferEndIndex = 12000. Please either decrease the number of ops being profiled or run read device profiler more often (profiler.cpp:1575)
2026-07-29 14:48:22.777 | warning  |           Metal | Profiler DRAM buffers were full, markers were dropped! device 2, worker core 12, 7, Risc BRISC,  bufferEndIndex = 12000. Please either decrease the number of ops being profiled or run read device profiler more often (profiler.cpp:1575)
2026-07-29 14:48:22.778 | warning  |           Metal | Profiler DRAM buffers were full, markers were dropped! device 2, worker core 12, 7, Risc NCRISC,  bufferEndIndex = 12000. Please either decrease the number of ops being profiled or run read device profiler more often (profiler.cpp:1575)
2026-07-29 14:48:22.779 | warning  |           Metal | Profiler DRAM buffers were full, markers were dropped! device 2, worker core 12, 7, Risc TRISC_0,  bufferEndIndex = 12000. Please either decrease the number of ops being profiled or run read device profiler more often (profiler.cpp:1575)
2026-07-29 14:48:22.779 | warning  |           Metal | Profiler DRAM buffers were full, markers were dropped! device 2, worker core 12, 7, Risc TRISC_1,  bufferEndIndex = 12000. Please either decrease the number of ops being profiled or run read device profiler more often (profiler.cpp:1575)
2026-07-29 14:48:22.779 | warning  |           Metal | Profiler DRAM buffers were full, markers were dropped! device 2, worker core 12, 7, Risc TRISC_2,  bufferEndIndex = 12000. Please either decrease the number of ops being profiled or run read device profiler more often (profiler.cpp:1575)
2026-07-29 14:48:22.779 | warning  |           Metal | Profiler DRAM buffers were full, markers were dropped! device 2, worker core 12, 8, Risc BRISC,  bufferEndIndex = 12000. Please either decrease the number of ops being profiled or run read device profiler more often (profiler.cpp:1575)
2026-07-29 14:48:22.780 | warning  |           Metal | Profiler DRAM buffers were full, markers were dropped! device 2, worker core 12, 8, Risc NCRISC,  bufferEndIndex = 12000. Please either decrease the number of ops being profiled or run read device profiler more often (profiler.cpp:1575)
2026-07-29 14:48:22.780 | warning  |           Metal | Profiler DRAM buffers were full, markers were dropped! device 2, worker core 12, 8, Risc TRISC_0,  bufferEndIndex = 12000. Please either decrease the number of ops being profiled or run read device profiler more often (profiler.cpp:1575)
2026-07-29 14:48:22.780 | warning  |           Metal | Profiler DRAM buffers were full, markers were dropped! device 2, worker core 12, 8, Risc TRISC_1,  bufferEndIndex = 12000. Please either decrease the number of ops being profiled or run read device profiler more often (profiler.cpp:1575)
2026-07-29 14:48:22.780 | warning  |           Metal | Profiler DRAM buffers were full, markers were dropped! device 2, worker core 12, 8, Risc TRISC_2,  bufferEndIndex = 12000. Please either decrease the number of ops being profiled or run read device profiler more often (profiler.cpp:1575)
2026-07-29 14:48:22.780 | warning  |           Metal | Profiler DRAM buffers were full, markers were dropped! device 2, worker core 12, 9, Risc BRISC,  bufferEndIndex = 12000. Please either decrease the number of ops being profiled or run read device profiler more often (profiler.cpp:1575)
2026-07-29 14:48:22.781 | warning  |           Metal | Profiler DRAM buffers were full, markers were dropped! device 2, worker core 12, 9, Risc NCRISC,  bufferEndIndex = 12000. Please either decrease the number of ops being profiled or run read device profiler more often (profiler.cpp:1575)
2026-07-29 14:48:22.782 | warning  |           Metal | Profiler DRAM buffers were full, markers were dropped! device 2, worker core 12, 9, Risc TRISC_0,  bufferEndIndex = 12000. Please either decrease the number of ops being profiled or run read device profiler more often (profiler.cpp:1575)
2026-07-29 14:48:22.782 | warning  |           Metal | Profiler DRAM buffers were full, markers were dropped! device 2, worker core 12, 9, Risc TRISC_1,  bufferEndIndex = 12000. Please either decrease the number of ops being profiled or run read device profiler more often (profiler.cpp:1575)
2026-07-29 14:48:22.782 | warning  |           Metal | Profiler DRAM buffers were full, markers were dropped! device 2, worker core 12, 9, Risc TRISC_2,  bufferEndIndex = 12000. Please either decrease the number of ops being profiled or run read device profiler more often (profiler.cpp:1575)
2026-07-29 14:48:22.782 | warning  |           Metal | Profiler DRAM buffers were full, markers were dropped! device 2, worker core 12, 10, Risc BRISC,  bufferEndIndex = 12000. Please either decrease the number of ops being profiled or run read device profiler more often (profiler.cpp:1575)
2026-07-29 14:48:22.783 | warning  |           Metal | Profiler DRAM buffers were full, markers were dropped! device 2, worker core 12, 10, Risc NCRISC,  bufferEndIndex = 12000. Please either decrease the number of ops being profiled or run read device profiler more often (profiler.cpp:1575)
2026-07-29 14:48:22.783 | warning  |           Metal | Profiler DRAM buffers were full, markers were dropped! device 2, worker core 12, 10, Risc TRISC_0,  bufferEndIndex = 12000. Please either decrease the number of ops being profiled or run read device profiler more often (profiler.cpp:1575)
2026-07-29 14:48:22.783 | warning  |           Metal | Profiler DRAM buffers were full, markers were dropped! device 2, worker core 12, 10, Risc TRISC_1,  bufferEndIndex = 12000. Please either decrease the number of ops being profiled or run read device profiler more often (profiler.cpp:1575)
2026-07-29 14:48:22.784 | warning  |           Metal | Profiler DRAM buffers were full, markers were dropped! device 2, worker core 12, 10, Risc TRISC_2,  bufferEndIndex = 12000. Please either decrease the number of ops being profiled or run read device profiler more often (profiler.cpp:1575)
2026-07-29 14:48:22.784 | warning  |           Metal | Profiler DRAM buffers were full, markers were dropped! device 2, worker core 12, 11, Risc BRISC,  bufferEndIndex = 12000. Please either decrease the number of ops being profiled or run read device profiler more often (profiler.cpp:1575)
2026-07-29 14:48:22.784 | warning  |           Metal | Profiler DRAM buffers were full, markers were dropped! device 2, worker core 12, 11, Risc NCRISC,  bufferEndIndex = 12000. Please either decrease the number of ops being profiled or run read device profiler more often (profiler.cpp:1575)
2026-07-29 14:48:22.785 | warning  |           Metal | Profiler DRAM buffers were full, markers were dropped! device 2, worker core 12, 11, Risc TRISC_0,  bufferEndIndex = 12000. Please either decrease the number of ops being profiled or run read device profiler more often (profiler.cpp:1575)
2026-07-29 14:48:22.785 | warning  |           Metal | Profiler DRAM buffers were full, markers were dropped! device 2, worker core 12, 11, Risc TRISC_1,  bufferEndIndex = 12000. Please either decrease the number of ops being profiled or run read device profiler more often (profiler.cpp:1575)
2026-07-29 14:48:22.785 | warning  |           Metal | Profiler DRAM buffers were full, markers were dropped! device 2, worker core 12, 11, Risc TRISC_2,  bufferEndIndex = 12000. Please either decrease the number of ops being profiled or run read device profiler more often (profiler.cpp:1575)
2026-07-29 14:48:22.785 | warning  |           Metal | Profiler DRAM buffers were full, markers were dropped! device 2, worker core 13, 2, Risc BRISC,  bufferEndIndex = 12000. Please either decrease the number of ops being profiled or run read device profiler more often (profiler.cpp:1575)
2026-07-29 14:48:22.786 | warning  |           Metal | Profiler DRAM buffers were full, markers were dropped! device 2, worker core 13, 2, Risc NCRISC,  bufferEndIndex = 12000. Please either decrease the number of ops being profiled or run read device profiler more often (profiler.cpp:1575)
2026-07-29 14:48:22.786 | warning  |           Metal | Profiler DRAM buffers were full, markers were dropped! device 2, worker core 13, 2, Risc TRISC_0,  bufferEndIndex = 12000. Please either decrease the number of ops being profiled or run read device profiler more often (profiler.cpp:1575)
2026-07-29 14:48:22.786 | warning  |           Metal | Profiler DRAM buffers were full, markers were dropped! device 2, worker core 13, 2, Risc TRISC_1,  bufferEndIndex = 12000. Please either decrease the number of ops being profiled or run read device profiler more often (profiler.cpp:1575)
2026-07-29 14:48:22.787 | warning  |           Metal | Profiler DRAM buffers were full, markers were dropped! device 2, worker core 13, 2, Risc TRISC_2,  bufferEndIndex = 12000. Please either decrease the number of ops being profiled or run read device profiler more often (profiler.cpp:1575)
2026-07-29 14:48:22.787 | warning  |           Metal | Profiler DRAM buffers were full, markers were dropped! device 2, worker core 13, 3, Risc BRISC,  bufferEndIndex = 12000. Please either decrease the number of ops being profiled or run read device profiler more often (profiler.cpp:1575)
2026-07-29 14:48:22.787 | warning  |           Metal | Profiler DRAM buffers were full, markers were dropped! device 2, worker core 13, 3, Risc NCRISC,  bufferEndIndex = 12000. Please either decrease the number of ops being profiled or run read device profiler more often (profiler.cpp:1575)
2026-07-29 14:48:22.788 | warning  |           Metal | Profiler DRAM buffers were full, markers were dropped! device 2, worker core 13, 3, Risc TRISC_0,  bufferEndIndex = 12000. Please either decrease the number of ops being profiled or run read device profiler more often (profiler.cpp:1575)
2026-07-29 14:48:22.788 | warning  |           Metal | Profiler DRAM buffers were full, markers were dropped! device 2, worker core 13, 3, Risc TRISC_1,  bufferEndIndex = 12000. Please either decrease the number of ops being profiled or run read device profiler more often (profiler.cpp:1575)
2026-07-29 14:48:22.788 | warning  |           Metal | Profiler DRAM buffers were full, markers were dropped! device 2, worker core 13, 3, Risc TRISC_2,  bufferEndIndex = 12000. Please either decrease the number of ops being profiled or run read device profiler more often (profiler.cpp:1575)
2026-07-29 14:48:22.788 | warning  |           Metal | Profiler DRAM buffers were full, markers were dropped! device 2, worker core 13, 4, Risc BRISC,  bufferEndIndex = 12000. Please either decrease the number of ops being profiled or run read device profiler more often (profiler.cpp:1575)
2026-07-29 14:48:22.789 | warning  |           Metal | Profiler DRAM buffers were full, markers were dropped! device 2, worker core 13, 4, Risc NCRISC,  bufferEndIndex = 12000. Please either decrease the number of ops being profiled or run read device profiler more often (profiler.cpp:1575)
2026-07-29 14:48:22.789 | warning  |           Metal | Profiler DRAM buffers were full, markers were dropped! device 2, worker core 13, 4, Risc TRISC_0,  bufferEndIndex = 12000. Please either decrease the number of ops being profiled or run read device profiler more often (profiler.cpp:1575)
2026-07-29 14:48:22.790 | warning  |           Metal | Profiler DRAM buffers were full, markers were dropped! device 2, worker core 13, 4, Risc TRISC_1,  bufferEndIndex = 12000. Please either decrease the number of ops being profiled or run read device profiler more often (profiler.cpp:1575)
2026-07-29 14:48:22.790 | warning  |           Metal | Profiler DRAM buffers were full, markers were dropped! device 2, worker core 13, 4, Risc TRISC_2,  bufferEndIndex = 12000. Please either decrease the number of ops being profiled or run read device profiler more often (profiler.cpp:1575)
2026-07-29 14:48:22.790 | warning  |           Metal | Profiler DRAM buffers were full, markers were dropped! device 2, worker core 13, 5, Risc BRISC,  bufferEndIndex = 12000. Please either decrease the number of ops being profiled or run read device profiler more often (profiler.cpp:1575)
2026-07-29 14:48:22.790 | warning  |           Metal | Profiler DRAM buffers were full, markers were dropped! device 2, worker core 13, 5, Risc NCRISC,  bufferEndIndex = 12000. Please either decrease the number of ops being profiled or run read device profiler more often (profiler.cpp:1575)
2026-07-29 14:48:22.791 | warning  |           Metal | Profiler DRAM buffers were full, markers were dropped! device 2, worker core 13, 5, Risc TRISC_0,  bufferEndIndex = 12000. Please either decrease the number of ops being profiled or run read device profiler more often (profiler.cpp:1575)
2026-07-29 14:48:22.791 | warning  |           Metal | Profiler DRAM buffers were full, markers were dropped! device 2, worker core 13, 5, Risc TRISC_1,  bufferEndIndex = 12000. Please either decrease the number of ops being profiled or run read device profiler more often (profiler.cpp:1575)
2026-07-29 14:48:22.791 | warning  |           Metal | Profiler DRAM buffers were full, markers were dropped! device 2, worker core 13, 5, Risc TRISC_2,  bufferEndIndex = 12000. Please either decrease the number of ops being profiled or run read device profiler more often (profiler.cpp:1575)
2026-07-29 14:48:22.791 | warning  |           Metal | Profiler DRAM buffers were full, markers were dropped! device 2, worker core 13, 6, Risc BRISC,  bufferEndIndex = 12000. Please either decrease the number of ops being profiled or run read device profiler more often (profiler.cpp:1575)
2026-07-29 14:48:22.792 | warning  |           Metal | Profiler DRAM buffers were full, markers were dropped! device 2, worker core 13, 6, Risc NCRISC,  bufferEndIndex = 12000. Please either decrease the number of ops being profiled or run read device profiler more often (profiler.cpp:1575)
2026-07-29 14:48:22.793 | warning  |           Metal | Profiler DRAM buffers were full, markers were dropped! device 2, worker core 13, 6, Risc TRISC_0,  bufferEndIndex = 12000. Please either decrease the number of ops being profiled or run read device profiler more often (profiler.cpp:1575)
2026-07-29 14:48:22.793 | warning  |           Metal | Profiler DRAM buffers were full, markers were dropped! device 2, worker core 13, 6, Risc TRISC_1,  bufferEndIndex = 12000. Please either decrease the number of ops being profiled or run read device profiler more often (profiler.cpp:1575)
2026-07-29 14:48:22.793 | warning  |           Metal | Profiler DRAM buffers were full, markers were dropped! device 2, worker core 13, 6, Risc TRISC_2,  bufferEndIndex = 12000. Please either decrease the number of ops being profiled or run read device profiler more often (profiler.cpp:1575)
2026-07-29 14:48:22.793 | warning  |           Metal | Profiler DRAM buffers were full, markers were dropped! device 2, worker core 13, 7, Risc BRISC,  bufferEndIndex = 12000. Please either decrease the number of ops being profiled or run read device profiler more often (profiler.cpp:1575)
2026-07-29 14:48:22.794 | warning  |           Metal | Profiler DRAM buffers were full, markers were dropped! device 2, worker core 13, 7, Risc NCRISC,  bufferEndIndex = 12000. Please either decrease the number of ops being profiled or run read device profiler more often (profiler.cpp:1575)
2026-07-29 14:48:22.794 | warning  |           Metal | Profiler DRAM buffers were full, markers were dropped! device 2, worker core 13, 7, Risc TRISC_0,  bufferEndIndex = 12000. Please either decrease the number of ops being profiled or run read device profiler more often (profiler.cpp:1575)
2026-07-29 14:48:22.794 | warning  |           Metal | Profiler DRAM buffers were full, markers were dropped! device 2, worker core 13, 7, Risc TRISC_1,  bufferEndIndex = 12000. Please either decrease the number of ops being profiled or run read device profiler more often (profiler.cpp:1575)
2026-07-29 14:48:22.794 | warning  |           Metal | Profiler DRAM buffers were full, markers were dropped! device 2, worker core 13, 7, Risc TRISC_2,  bufferEndIndex = 12000. Please either decrease the number of ops being profiled or run read device profiler more often (profiler.cpp:1575)
2026-07-29 14:48:22.795 | warning  |           Metal | Profiler DRAM buffers were full, markers were dropped! device 2, worker core 13, 8, Risc BRISC,  bufferEndIndex = 12000. Please either decrease the number of ops being profiled or run read device profiler more often (profiler.cpp:1575)
2026-07-29 14:48:22.795 | warning  |           Metal | Profiler DRAM buffers were full, markers were dropped! device 2, worker core 13, 8, Risc NCRISC,  bufferEndIndex = 12000. Please either decrease the number of ops being profiled or run read device profiler more often (profiler.cpp:1575)
2026-07-29 14:48:22.796 | warning  |           Metal | Profiler DRAM buffers were full, markers were dropped! device 2, worker core 13, 8, Risc TRISC_0,  bufferEndIndex = 12000. Please either decrease the number of ops being profiled or run read device profiler more often (profiler.cpp:1575)
2026-07-29 14:48:22.796 | warning  |           Metal | Profiler DRAM buffers were full, markers were dropped! device 2, worker core 13, 8, Risc TRISC_1,  bufferEndIndex = 12000. Please either decrease the number of ops being profiled or run read device profiler more often (profiler.cpp:1575)
2026-07-29 14:48:22.796 | warning  |           Metal | Profiler DRAM buffers were full, markers were dropped! device 2, worker core 13, 8, Risc TRISC_2,  bufferEndIndex = 12000. Please either decrease the number of ops being profiled or run read device profiler more often (profiler.cpp:1575)
2026-07-29 14:48:22.796 | warning  |           Metal | Profiler DRAM buffers were full, markers were dropped! device 2, worker core 13, 9, Risc BRISC,  bufferEndIndex = 12000. Please either decrease the number of ops being profiled or run read device profiler more often (profiler.cpp:1575)
2026-07-29 14:48:22.797 | warning  |           Metal | Profiler DRAM buffers were full, markers were dropped! device 2, worker core 13, 9, Risc NCRISC,  bufferEndIndex = 12000. Please either decrease the number of ops being profiled or run read device profiler more often (profiler.cpp:1575)
2026-07-29 14:48:22.797 | warning  |           Metal | Profiler DRAM buffers were full, markers were dropped! device 2, worker core 13, 9, Risc TRISC_0,  bufferEndIndex = 12000. Please either decrease the number of ops being profiled or run read device profiler more often (profiler.cpp:1575)
2026-07-29 14:48:22.798 | warning  |           Metal | Profiler DRAM buffers were full, markers were dropped! device 2, worker core 13, 9, Risc TRISC_1,  bufferEndIndex = 12000. Please either decrease the number of ops being profiled or run read device profiler more often (profiler.cpp:1575)
2026-07-29 14:48:22.798 | warning  |           Metal | Profiler DRAM buffers were full, markers were dropped! device 2, worker core 13, 9, Risc TRISC_2,  bufferEndIndex = 12000. Please either decrease the number of ops being profiled or run read device profiler more often (profiler.cpp:1575)
2026-07-29 14:48:23.246 | info     |           Metal | Device kernel duration perf summary (device=2): count=1065, min=1916ns, avg=203047.7ns, max=8755568ns (profiler_analysis.cpp:675)
2026-07-29 14:48:23.246 | info     |           Metal | Device kernel duration perf histogram (device=2): (buckets=10, bucket_size=875400ns, range=[0..8754000), underflow(<0ns)=0, overflow(>=8754000ns)=1) (profiler_analysis.cpp:718)
2026-07-29 14:48:23.246 | info     |           Metal |   [           0 ..       875400) |########################################|     1042 (profiler_analysis.cpp:723)
2026-07-29 14:48:23.246 | info     |           Metal |   [      875400 ..      1750800) |                                        |        1 (profiler_analysis.cpp:723)
2026-07-29 14:48:23.246 | info     |           Metal |   [     1750800 ..      2626200) |                                        |        0 (profiler_analysis.cpp:723)
2026-07-29 14:48:23.246 | info     |           Metal |   [     2626200 ..      3501600) |                                        |        5 (profiler_analysis.cpp:723)
2026-07-29 14:48:23.246 | info     |           Metal |   [     3501600 ..      4377000) |                                        |        0 (profiler_analysis.cpp:723)
2026-07-29 14:48:23.246 | info     |           Metal |   [     4377000 ..      5252400) |                                        |        6 (profiler_analysis.cpp:723)
2026-07-29 14:48:23.246 | info     |           Metal |   [     5252400 ..      6127800) |                                        |        0 (profiler_analysis.cpp:723)
2026-07-29 14:48:23.246 | info     |           Metal |   [     6127800 ..      7003200) |                                        |        5 (profiler_analysis.cpp:723)
2026-07-29 14:48:23.246 | info     |           Metal |   [     7003200 ..      7878600) |                                        |        0 (profiler_analysis.cpp:723)
2026-07-29 14:48:23.246 | info     |           Metal |   [     7878600 ..      8754000) |                                        |        5 (profiler_analysis.cpp:723)

models/autoports/microsoft_phi_3_5_mini_instruct/tests/fused_decoder_ab_perf.py::test_profile_traced_decode_ab[blackhole-functional-FunctionalDecoder-32-mesh_device0] 2026-07-29 14:48:24.156 | DEBUG    | ttnn.device:__init__:152 - Using default dispatch core type for this system: DispatchCoreType.WORKER
2026-07-29 14:48:24.156 | DEBUG    | ttnn.device:__init__:154 - Using default dispatch core axis for this system: DispatchCoreAxis.COL
2026-07-29 14:48:24.200 | warning  |           Metal | Opening subset of mmio devices slows down UMD read/write to remote chips. If opening more devices, consider using CreateDevices API. (device_manager.cpp:261)
2026-07-29 14:48:24.202 | info     |           Metal | Profiler started on device 2 (profiler_initializer.cpp:49)
2026-07-29 14:48:24.242 | DEBUG    | conftest:mesh_device:599 - multidevice with 1 devices is created
2026-07-29 14:48:24.976 | INFO     | tracy:signpost:49 - PERF_FUNCTIONAL_DECODE_B32
2026-07-29 14:48:24.982 | INFO     | tracy:signpost:49 - PERF_FUNCTIONAL_DECODE_B32_END
PERF_RESULT implementation=functional mode=decode batch=32 context=128 trace_replays=5 mean_ms=1.224457 median_ms=1.225100 min_ms=1.220883
PASSED2026-07-29 14:48:25.346 | info     |           Metal | Device kernel duration perf summary (device=2): count=390, min=864ns, avg=23531.2ns, max=476928ns (profiler_analysis.cpp:675)
2026-07-29 14:48:25.346 | info     |           Metal | Device kernel duration perf histogram (device=2): (buckets=10, bucket_size=47700ns, range=[0..477000), underflow(<0ns)=0, overflow(>=477000ns)=0) (profiler_analysis.cpp:718)
2026-07-29 14:48:25.346 | info     |           Metal |   [           0 ..        47700) |########################################|      344 (profiler_analysis.cpp:723)
2026-07-29 14:48:25.346 | info     |           Metal |   [       47700 ..        95400) |##                                      |       21 (profiler_analysis.cpp:723)
2026-07-29 14:48:25.346 | info     |           Metal |   [       95400 ..       143100) |                                        |        0 (profiler_analysis.cpp:723)
2026-07-29 14:48:25.346 | info     |           Metal |   [      143100 ..       190800) |##                                      |       15 (profiler_analysis.cpp:723)
2026-07-29 14:48:25.346 | info     |           Metal |   [      190800 ..       238500) |                                        |        0 (profiler_analysis.cpp:723)
2026-07-29 14:48:25.346 | info     |           Metal |   [      238500 ..       286200) |#                                       |        7 (profiler_analysis.cpp:723)
2026-07-29 14:48:25.346 | info     |           Metal |   [      286200 ..       333900) |                                        |        1 (profiler_analysis.cpp:723)
2026-07-29 14:48:25.346 | info     |           Metal |   [      333900 ..       381600) |                                        |        1 (profiler_analysis.cpp:723)
2026-07-29 14:48:25.346 | info     |           Metal |   [      381600 ..       429300) |                                        |        0 (profiler_analysis.cpp:723)
2026-07-29 14:48:25.346 | info     |           Metal |   [      429300 ..       477000) |                                        |        1 (profiler_analysis.cpp:723)

models/autoports/microsoft_phi_3_5_mini_instruct/tests/fused_decoder_ab_perf.py::test_profile_warmed_prefill_ab[blackhole-fused-FusedDecoder-1-mesh_device0] 2026-07-29 14:48:25.883 | DEBUG    | ttnn.device:__init__:152 - Using default dispatch core type for this system: DispatchCoreType.WORKER
2026-07-29 14:48:25.884 | DEBUG    | ttnn.device:__init__:154 - Using default dispatch core axis for this system: DispatchCoreAxis.COL
2026-07-29 14:48:25.921 | warning  |           Metal | Opening subset of mmio devices slows down UMD read/write to remote chips. If opening more devices, consider using CreateDevices API. (device_manager.cpp:261)
2026-07-29 14:48:25.923 | info     |           Metal | Profiler started on device 2 (profiler_initializer.cpp:49)
2026-07-29 14:48:25.963 | DEBUG    | conftest:mesh_device:599 - multidevice with 1 devices is created
2026-07-29 14:48:26.622 | INFO     | tracy:signpost:49 - PERF_FUSED_PREFILL_B1
2026-07-29 14:48:26.631 | INFO     | tracy:signpost:49 - PERF_FUSED_PREFILL_B1_END
PERF_RESULT implementation=fused mode=prefill batch=1 sequence=128 warm_replays=5 mean_ms=1.682525 median_ms=1.642148 min_ms=1.625897
PASSED2026-07-29 14:48:26.993 | info     |           Metal | Device kernel duration perf summary (device=2): count=305, min=1924ns, avg=33791.8ns, max=474564ns (profiler_analysis.cpp:675)
2026-07-29 14:48:26.993 | info     |           Metal | Device kernel duration perf histogram (device=2): (buckets=10, bucket_size=47300ns, range=[0..473000), underflow(<0ns)=0, overflow(>=473000ns)=1) (profiler_analysis.cpp:718)
2026-07-29 14:48:26.993 | info     |           Metal |   [           0 ..        47300) |########################################|      271 (profiler_analysis.cpp:723)
2026-07-29 14:48:26.993 | info     |           Metal |   [       47300 ..        94600) |#                                       |        6 (profiler_analysis.cpp:723)
2026-07-29 14:48:26.993 | info     |           Metal |   [       94600 ..       141900) |#                                       |        6 (profiler_analysis.cpp:723)
2026-07-29 14:48:26.993 | info     |           Metal |   [      141900 ..       189200) |#                                       |        7 (profiler_analysis.cpp:723)
2026-07-29 14:48:26.993 | info     |           Metal |   [      189200 ..       236500) |#                                       |        6 (profiler_analysis.cpp:723)
2026-07-29 14:48:26.993 | info     |           Metal |   [      236500 ..       283800) |                                        |        0 (profiler_analysis.cpp:723)
2026-07-29 14:48:26.993 | info     |           Metal |   [      283800 ..       331100) |#                                       |        7 (profiler_analysis.cpp:723)
2026-07-29 14:48:26.993 | info     |           Metal |   [      331100 ..       378400) |                                        |        1 (profiler_analysis.cpp:723)
2026-07-29 14:48:26.993 | info     |           Metal |   [      378400 ..       425700) |                                        |        0 (profiler_analysis.cpp:723)
2026-07-29 14:48:26.993 | info     |           Metal |   [      425700 ..       473000) |                                        |        0 (profiler_analysis.cpp:723)

models/autoports/microsoft_phi_3_5_mini_instruct/tests/fused_decoder_ab_perf.py::test_profile_traced_decode_ab[blackhole-fused-FusedDecoder-1-mesh_device0] 2026-07-29 14:48:27.506 | DEBUG    | ttnn.device:__init__:152 - Using default dispatch core type for this system: DispatchCoreType.WORKER
2026-07-29 14:48:27.507 | DEBUG    | ttnn.device:__init__:154 - Using default dispatch core axis for this system: DispatchCoreAxis.COL
2026-07-29 14:48:27.544 | warning  |           Metal | Opening subset of mmio devices slows down UMD read/write to remote chips. If opening more devices, consider using CreateDevices API. (device_manager.cpp:261)
2026-07-29 14:48:27.545 | info     |           Metal | Profiler started on device 2 (profiler_initializer.cpp:49)
2026-07-29 14:48:27.586 | DEBUG    | conftest:mesh_device:599 - multidevice with 1 devices is created
2026-07-29 14:48:28.259 | INFO     | tracy:signpost:49 - PERF_FUSED_DECODE_B1
2026-07-29 14:48:28.265 | INFO     | tracy:signpost:49 - PERF_FUSED_DECODE_B1_END
PERF_RESULT implementation=fused mode=decode batch=1 context=128 trace_replays=5 mean_ms=1.062803 median_ms=1.062911 min_ms=1.059755
PASSED2026-07-29 14:48:28.593 | info     |           Metal | Device kernel duration perf summary (device=2): count=404, min=273ns, avg=20299.0ns, max=477875ns (profiler_analysis.cpp:675)
2026-07-29 14:48:28.593 | info     |           Metal | Device kernel duration perf histogram (device=2): (buckets=10, bucket_size=47800ns, range=[0..478000), underflow(<0ns)=0, overflow(>=478000ns)=0) (profiler_analysis.cpp:718)
2026-07-29 14:48:28.593 | info     |           Metal |   [           0 ..        47800) |########################################|      365 (profiler_analysis.cpp:723)
2026-07-29 14:48:28.593 | info     |           Metal |   [       47800 ..        95600) |##                                      |       14 (profiler_analysis.cpp:723)
2026-07-29 14:48:28.593 | info     |           Metal |   [       95600 ..       143400) |                                        |        0 (profiler_analysis.cpp:723)
2026-07-29 14:48:28.593 | info     |           Metal |   [      143400 ..       191200) |##                                      |       15 (profiler_analysis.cpp:723)
2026-07-29 14:48:28.593 | info     |           Metal |   [      191200 ..       239000) |                                        |        0 (profiler_analysis.cpp:723)
2026-07-29 14:48:28.593 | info     |           Metal |   [      239000 ..       286800) |#                                       |        7 (profiler_analysis.cpp:723)
2026-07-29 14:48:28.593 | info     |           Metal |   [      286800 ..       334600) |                                        |        1 (profiler_analysis.cpp:723)
2026-07-29 14:48:28.593 | info     |           Metal |   [      334600 ..       382400) |                                        |        1 (profiler_analysis.cpp:723)
2026-07-29 14:48:28.593 | info     |           Metal |   [      382400 ..       430200) |                                        |        0 (profiler_analysis.cpp:723)
2026-07-29 14:48:28.593 | info     |           Metal |   [      430200 ..       478000) |                                        |        1 (profiler_analysis.cpp:723)

models/autoports/microsoft_phi_3_5_mini_instruct/tests/fused_decoder_ab_perf.py::test_profile_warmed_prefill_ab[blackhole-fused-FusedDecoder-32-mesh_device0] 2026-07-29 14:48:29.042 | DEBUG    | ttnn.device:__init__:152 - Using default dispatch core type for this system: DispatchCoreType.WORKER
2026-07-29 14:48:29.042 | DEBUG    | ttnn.device:__init__:154 - Using default dispatch core axis for this system: DispatchCoreAxis.COL
2026-07-29 14:48:29.079 | warning  |           Metal | Opening subset of mmio devices slows down UMD read/write to remote chips. If opening more devices, consider using CreateDevices API. (device_manager.cpp:261)
2026-07-29 14:48:29.081 | info     |           Metal | Profiler started on device 2 (profiler_initializer.cpp:49)
2026-07-29 14:48:29.122 | DEBUG    | conftest:mesh_device:599 - multidevice with 1 devices is created
2026-07-29 14:48:29.852 | INFO     | tracy:signpost:49 - PERF_FUSED_PREFILL_B32
2026-07-29 14:48:30.039 | INFO     | tracy:signpost:49 - PERF_FUSED_PREFILL_B32_END
PERF_RESULT implementation=fused mode=prefill batch=32 sequence=128 warm_replays=5 mean_ms=37.441842 median_ms=37.408842 min_ms=37.341925
PASSED2026-07-29 14:48:30.045 | warning  |           Metal | Profiler DRAM buffers were full, markers were dropped! device 2, worker core 1, 2, Risc BRISC,  bufferEndIndex = 12000. Please either decrease the number of ops being profiled or run read device profiler more often (profiler.cpp:1575)
2026-07-29 14:48:30.045 | warning  |           Metal | Profiler DRAM buffers were full, markers were dropped! device 2, worker core 1, 2, Risc NCRISC,  bufferEndIndex = 12000. Please either decrease the number of ops being profiled or run read device profiler more often (profiler.cpp:1575)
2026-07-29 14:48:30.046 | warning  |           Metal | Profiler DRAM buffers were full, markers were dropped! device 2, worker core 1, 2, Risc TRISC_0,  bufferEndIndex = 12000. Please either decrease the number of ops being profiled or run read device profiler more often (profiler.cpp:1575)
2026-07-29 14:48:30.046 | warning  |           Metal | Profiler DRAM buffers were full, markers were dropped! device 2, worker core 1, 2, Risc TRISC_1,  bufferEndIndex = 12000. Please either decrease the number of ops being profiled or run read device profiler more often (profiler.cpp:1575)
2026-07-29 14:48:30.046 | warning  |           Metal | Profiler DRAM buffers were full, markers were dropped! device 2, worker core 1, 2, Risc TRISC_2,  bufferEndIndex = 12000. Please either decrease the number of ops being profiled or run read device profiler more often (profiler.cpp:1575)
2026-07-29 14:48:30.046 | warning  |           Metal | Profiler DRAM buffers were full, markers were dropped! device 2, worker core 1, 3, Risc BRISC,  bufferEndIndex = 12000. Please either decrease the number of ops being profiled or run read device profiler more often (profiler.cpp:1575)
2026-07-29 14:48:30.046 | warning  |           Metal | Profiler DRAM buffers were full, markers were dropped! device 2, worker core 1, 3, Risc NCRISC,  bufferEndIndex = 12000. Please either decrease the number of ops being profiled or run read device profiler more often (profiler.cpp:1575)
2026-07-29 14:48:30.047 | warning  |           Metal | Profiler DRAM buffers were full, markers were dropped! device 2, worker core 1, 3, Risc TRISC_0,  bufferEndIndex = 12000. Please either decrease the number of ops being profiled or run read device profiler more often (profiler.cpp:1575)
2026-07-29 14:48:30.047 | warning  |           Metal | Profiler DRAM buffers were full, markers were dropped! device 2, worker core 1, 3, Risc TRISC_1,  bufferEndIndex = 12000. Please either decrease the number of ops being profiled or run read device profiler more often (profiler.cpp:1575)
2026-07-29 14:48:30.047 | warning  |           Metal | Profiler DRAM buffers were full, markers were dropped! device 2, worker core 1, 3, Risc TRISC_2,  bufferEndIndex = 12000. Please either decrease the number of ops being profiled or run read device profiler more often (profiler.cpp:1575)
2026-07-29 14:48:30.047 | warning  |           Metal | Profiler DRAM buffers were full, markers were dropped! device 2, worker core 1, 4, Risc BRISC,  bufferEndIndex = 12000. Please either decrease the number of ops being profiled or run read device profiler more often (profiler.cpp:1575)
2026-07-29 14:48:30.047 | warning  |           Metal | Profiler DRAM buffers were full, markers were dropped! device 2, worker core 1, 4, Risc NCRISC,  bufferEndIndex = 12000. Please either decrease the number of ops being profiled or run read device profiler more often (profiler.cpp:1575)
2026-07-29 14:48:30.048 | warning  |           Metal | Profiler DRAM buffers were full, markers were dropped! device 2, worker core 1, 4, Risc TRISC_0,  bufferEndIndex = 12000. Please either decrease the number of ops being profiled or run read device profiler more often (profiler.cpp:1575)
2026-07-29 14:48:30.048 | warning  |           Metal | Profiler DRAM buffers were full, markers were dropped! device 2, worker core 1, 4, Risc TRISC_1,  bufferEndIndex = 12000. Please either decrease the number of ops being profiled or run read device profiler more often (profiler.cpp:1575)
2026-07-29 14:48:30.048 | warning  |           Metal | Profiler DRAM buffers were full, markers were dropped! device 2, worker core 1, 4, Risc TRISC_2,  bufferEndIndex = 12000. Please either decrease the number of ops being profiled or run read device profiler more often (profiler.cpp:1575)
2026-07-29 14:48:30.048 | warning  |           Metal | Profiler DRAM buffers were full, markers were dropped! device 2, worker core 1, 5, Risc BRISC,  bufferEndIndex = 12000. Please either decrease the number of ops being profiled or run read device profiler more often (profiler.cpp:1575)
2026-07-29 14:48:30.049 | warning  |           Metal | Profiler DRAM buffers were full, markers were dropped! device 2, worker core 1, 5, Risc NCRISC,  bufferEndIndex = 12000. Please either decrease the number of ops being profiled or run read device profiler more often (profiler.cpp:1575)
2026-07-29 14:48:30.049 | warning  |           Metal | Profiler DRAM buffers were full, markers were dropped! device 2, worker core 1, 5, Risc TRISC_0,  bufferEndIndex = 12000. Please either decrease the number of ops being profiled or run read device profiler more often (profiler.cpp:1575)
2026-07-29 14:48:30.049 | warning  |           Metal | Profiler DRAM buffers were full, markers were dropped! device 2, worker core 1, 5, Risc TRISC_1,  bufferEndIndex = 12000. Please either decrease the number of ops being profiled or run read device profiler more often (profiler.cpp:1575)
2026-07-29 14:48:30.049 | warning  |           Metal | Profiler DRAM buffers were full, markers were dropped! device 2, worker core 1, 5, Risc TRISC_2,  bufferEndIndex = 12000. Please either decrease the number of ops being profiled or run read device profiler more often (profiler.cpp:1575)
2026-07-29 14:48:30.049 | warning  |           Metal | Profiler DRAM buffers were full, markers were dropped! device 2, worker core 1, 6, Risc BRISC,  bufferEndIndex = 12000. Please either decrease the number of ops being profiled or run read device profiler more often (profiler.cpp:1575)
2026-07-29 14:48:30.050 | warning  |           Metal | Profiler DRAM buffers were full, markers were dropped! device 2, worker core 1, 6, Risc NCRISC,  bufferEndIndex = 12000. Please either decrease the number of ops being profiled or run read device profiler more often (profiler.cpp:1575)
2026-07-29 14:48:30.050 | warning  |           Metal | Profiler DRAM buffers were full, markers were dropped! device 2, worker core 1, 6, Risc TRISC_0,  bufferEndIndex = 12000. Please either decrease the number of ops being profiled or run read device profiler more often (profiler.cpp:1575)
2026-07-29 14:48:30.050 | warning  |           Metal | Profiler DRAM buffers were full, markers were dropped! device 2, worker core 1, 6, Risc TRISC_1,  bufferEndIndex = 12000. Please either decrease the number of ops being profiled or run read device profiler more often (profiler.cpp:1575)
2026-07-29 14:48:30.050 | warning  |           Metal | Profiler DRAM buffers were full, markers were dropped! device 2, worker core 1, 6, Risc TRISC_2,  bufferEndIndex = 12000. Please either decrease the number of ops being profiled or run read device profiler more often (profiler.cpp:1575)
2026-07-29 14:48:30.050 | warning  |           Metal | Profiler DRAM buffers were full, markers were dropped! device 2, worker core 1, 7, Risc BRISC,  bufferEndIndex = 12000. Please either decrease the number of ops being profiled or run read device profiler more often (profiler.cpp:1575)
2026-07-29 14:48:30.051 | warning  |           Metal | Profiler DRAM buffers were full, markers were dropped! device 2, worker core 1, 7, Risc NCRISC,  bufferEndIndex = 12000. Please either decrease the number of ops being profiled or run read device profiler more often (profiler.cpp:1575)
2026-07-29 14:48:30.051 | warning  |           Metal | Profiler DRAM buffers were full, markers were dropped! device 2, worker core 1, 7, Risc TRISC_0,  bufferEndIndex = 12000. Please either decrease the number of ops being profiled or run read device profiler more often (profiler.cpp:1575)
2026-07-29 14:48:30.051 | warning  |           Metal | Profiler DRAM buffers were full, markers were dropped! device 2, worker core 1, 7, Risc TRISC_1,  bufferEndIndex = 12000. Please either decrease the number of ops being profiled or run read device profiler more often (profiler.cpp:1575)
2026-07-29 14:48:30.051 | warning  |           Metal | Profiler DRAM buffers were full, markers were dropped! device 2, worker core 1, 7, Risc TRISC_2,  bufferEndIndex = 12000. Please either decrease the number of ops being profiled or run read device profiler more often (profiler.cpp:1575)
2026-07-29 14:48:30.051 | warning  |           Metal | Profiler DRAM buffers were full, markers were dropped! device 2, worker core 1, 8, Risc BRISC,  bufferEndIndex = 12000. Please either decrease the number of ops being profiled or run read device profiler more often (profiler.cpp:1575)
2026-07-29 14:48:30.052 | warning  |           Metal | Profiler DRAM buffers were full, markers were dropped! device 2, worker core 1, 8, Risc NCRISC,  bufferEndIndex = 12000. Please either decrease the number of ops being profiled or run read device profiler more often (profiler.cpp:1575)
2026-07-29 14:48:30.052 | warning  |           Metal | Profiler DRAM buffers were full, markers were dropped! device 2, worker core 1, 8, Risc TRISC_0,  bufferEndIndex = 12000. Please either decrease the number of ops being profiled or run read device profiler more often (profiler.cpp:1575)
2026-07-29 14:48:30.052 | warning  |           Metal | Profiler DRAM buffers were full, markers were dropped! device 2, worker core 1, 8, Risc TRISC_1,  bufferEndIndex = 12000. Please either decrease the number of ops being profiled or run read device profiler more often (profiler.cpp:1575)
2026-07-29 14:48:30.052 | warning  |           Metal | Profiler DRAM buffers were full, markers were dropped! device 2, worker core 1, 8, Risc TRISC_2,  bufferEndIndex = 12000. Please either decrease the number of ops being profiled or run read device profiler more often (profiler.cpp:1575)
2026-07-29 14:48:30.052 | warning  |           Metal | Profiler DRAM buffers were full, markers were dropped! device 2, worker core 1, 9, Risc BRISC,  bufferEndIndex = 12000. Please either decrease the number of ops being profiled or run read device profiler more often (profiler.cpp:1575)
2026-07-29 14:48:30.053 | warning  |           Metal | Profiler DRAM buffers were full, markers were dropped! device 2, worker core 1, 9, Risc NCRISC,  bufferEndIndex = 12000. Please either decrease the number of ops being profiled or run read device profiler more often (profiler.cpp:1575)
2026-07-29 14:48:30.053 | warning  |           Metal | Profiler DRAM buffers were full, markers were dropped! device 2, worker core 1, 9, Risc TRISC_0,  bufferEndIndex = 12000. Please either decrease the number of ops being profiled or run read device profiler more often (profiler.cpp:1575)
2026-07-29 14:48:30.053 | warning  |           Metal | Profiler DRAM buffers were full, markers were dropped! device 2, worker core 1, 9, Risc TRISC_1,  bufferEndIndex = 12000. Please either decrease the number of ops being profiled or run read device profiler more often (profiler.cpp:1575)
2026-07-29 14:48:30.053 | warning  |           Metal | Profiler DRAM buffers were full, markers were dropped! device 2, worker core 1, 9, Risc TRISC_2,  bufferEndIndex = 12000. Please either decrease the number of ops being profiled or run read device profiler more often (profiler.cpp:1575)
2026-07-29 14:48:30.053 | warning  |           Metal | Profiler DRAM buffers were full, markers were dropped! device 2, worker core 1, 10, Risc BRISC,  bufferEndIndex = 12000. Please either decrease the number of ops being profiled or run read device profiler more often (profiler.cpp:1575)
2026-07-29 14:48:30.054 | warning  |           Metal | Profiler DRAM buffers were full, markers were dropped! device 2, worker core 1, 10, Risc NCRISC,  bufferEndIndex = 12000. Please either decrease the number of ops being profiled or run read device profiler more often (profiler.cpp:1575)
2026-07-29 14:48:30.054 | warning  |           Metal | Profiler DRAM buffers were full, markers were dropped! device 2, worker core 1, 10, Risc TRISC_0,  bufferEndIndex = 12000. Please either decrease the number of ops being profiled or run read device profiler more often (profiler.cpp:1575)
2026-07-29 14:48:30.054 | warning  |           Metal | Profiler DRAM buffers were full, markers were dropped! device 2, worker core 1, 10, Risc TRISC_1,  bufferEndIndex = 12000. Please either decrease the number of ops being profiled or run read device profiler more often (profiler.cpp:1575)
2026-07-29 14:48:30.054 | warning  |           Metal | Profiler DRAM buffers were full, markers were dropped! device 2, worker core 1, 10, Risc TRISC_2,  bufferEndIndex = 12000. Please either decrease the number of ops being profiled or run read device profiler more often (profiler.cpp:1575)
2026-07-29 14:48:30.054 | warning  |           Metal | Profiler DRAM buffers were full, markers were dropped! device 2, worker core 1, 11, Risc BRISC,  bufferEndIndex = 12000. Please either decrease the number of ops being profiled or run read device profiler more often (profiler.cpp:1575)
2026-07-29 14:48:30.055 | warning  |           Metal | Profiler DRAM buffers were full, markers were dropped! device 2, worker core 1, 11, Risc NCRISC,  bufferEndIndex = 12000. Please either decrease the number of ops being profiled or run read device profiler more often (profiler.cpp:1575)
2026-07-29 14:48:30.055 | warning  |           Metal | Profiler DRAM buffers were full, markers were dropped! device 2, worker core 1, 11, Risc TRISC_0,  bufferEndIndex = 12000. Please either decrease the number of ops being profiled or run read device profiler more often (profiler.cpp:1575)
2026-07-29 14:48:30.055 | warning  |           Metal | Profiler DRAM buffers were full, markers were dropped! device 2, worker core 1, 11, Risc TRISC_1,  bufferEndIndex = 12000. Please either decrease the number of ops being profiled or run read device profiler more often (profiler.cpp:1575)
2026-07-29 14:48:30.055 | warning  |           Metal | Profiler DRAM buffers were full, markers were dropped! device 2, worker core 1, 11, Risc TRISC_2,  bufferEndIndex = 12000. Please either decrease the number of ops being profiled or run read device profiler more often (profiler.cpp:1575)
2026-07-29 14:48:30.055 | warning  |           Metal | Profiler DRAM buffers were full, markers were dropped! device 2, worker core 2, 2, Risc BRISC,  bufferEndIndex = 12000. Please either decrease the number of ops being profiled or run read device profiler more often (profiler.cpp:1575)
2026-07-29 14:48:30.056 | warning  |           Metal | Profiler DRAM buffers were full, markers were dropped! device 2, worker core 2, 2, Risc NCRISC,  bufferEndIndex = 12000. Please either decrease the number of ops being profiled or run read device profiler more often (profiler.cpp:1575)
2026-07-29 14:48:30.056 | warning  |           Metal | Profiler DRAM buffers were full, markers were dropped! device 2, worker core 2, 2, Risc TRISC_0,  bufferEndIndex = 12000. Please either decrease the number of ops being profiled or run read device profiler more often (profiler.cpp:1575)
2026-07-29 14:48:30.056 | warning  |           Metal | Profiler DRAM buffers were full, markers were dropped! device 2, worker core 2, 2, Risc TRISC_1,  bufferEndIndex = 12000. Please either decrease the number of ops being profiled or run read device profiler more often (profiler.cpp:1575)
2026-07-29 14:48:30.056 | warning  |           Metal | Profiler DRAM buffers were full, markers were dropped! device 2, worker core 2, 2, Risc TRISC_2,  bufferEndIndex = 12000. Please either decrease the number of ops being profiled or run read device profiler more often (profiler.cpp:1575)
2026-07-29 14:48:30.056 | warning  |           Metal | Profiler DRAM buffers were full, markers were dropped! device 2, worker core 2, 3, Risc BRISC,  bufferEndIndex = 12000. Please either decrease the number of ops being profiled or run read device profiler more often (profiler.cpp:1575)
2026-07-29 14:48:30.057 | warning  |           Metal | Profiler DRAM buffers were full, markers were dropped! device 2, worker core 2, 3, Risc NCRISC,  bufferEndIndex = 12000. Please either decrease the number of ops being profiled or run read device profiler more often (profiler.cpp:1575)
2026-07-29 14:48:30.057 | warning  |           Metal | Profiler DRAM buffers were full, markers were dropped! device 2, worker core 2, 3, Risc TRISC_0,  bufferEndIndex = 12000. Please either decrease the number of ops being profiled or run read device profiler more often (profiler.cpp:1575)
2026-07-29 14:48:30.057 | warning  |           Metal | Profiler DRAM buffers were full, markers were dropped! device 2, worker core 2, 3, Risc TRISC_1,  bufferEndIndex = 12000. Please either decrease the number of ops being profiled or run read device profiler more often (profiler.cpp:1575)
2026-07-29 14:48:30.057 | warning  |           Metal | Profiler DRAM buffers were full, markers were dropped! device 2, worker core 2, 3, Risc TRISC_2,  bufferEndIndex = 12000. Please either decrease the number of ops being profiled or run read device profiler more often (profiler.cpp:1575)
2026-07-29 14:48:30.057 | warning  |           Metal | Profiler DRAM buffers were full, markers were dropped! device 2, worker core 2, 4, Risc BRISC,  bufferEndIndex = 12000. Please either decrease the number of ops being profiled or run read device profiler more often (profiler.cpp:1575)
2026-07-29 14:48:30.058 | warning  |           Metal | Profiler DRAM buffers were full, markers were dropped! device 2, worker core 2, 4, Risc NCRISC,  bufferEndIndex = 12000. Please either decrease the number of ops being profiled or run read device profiler more often (profiler.cpp:1575)
2026-07-29 14:48:30.058 | warning  |           Metal | Profiler DRAM buffers were full, markers were dropped! device 2, worker core 2, 4, Risc TRISC_0,  bufferEndIndex = 12000. Please either decrease the number of ops being profiled or run read device profiler more often (profiler.cpp:1575)
2026-07-29 14:48:30.058 | warning  |           Metal | Profiler DRAM buffers were full, markers were dropped! device 2, worker core 2, 4, Risc TRISC_1,  bufferEndIndex = 12000. Please either decrease the number of ops being profiled or run read device profiler more often (profiler.cpp:1575)
2026-07-29 14:48:30.058 | warning  |           Metal | Profiler DRAM buffers were full, markers were dropped! device 2, worker core 2, 4, Risc TRISC_2,  bufferEndIndex = 12000. Please either decrease the number of ops being profiled or run read device profiler more often (profiler.cpp:1575)
2026-07-29 14:48:30.058 | warning  |           Metal | Profiler DRAM buffers were full, markers were dropped! device 2, worker core 2, 5, Risc BRISC,  bufferEndIndex = 12000. Please either decrease the number of ops being profiled or run read device profiler more often (profiler.cpp:1575)
2026-07-29 14:48:30.059 | warning  |           Metal | Profiler DRAM buffers were full, markers were dropped! device 2, worker core 2, 5, Risc NCRISC,  bufferEndIndex = 12000. Please either decrease the number of ops being profiled or run read device profiler more often (profiler.cpp:1575)
2026-07-29 14:48:30.059 | warning  |           Metal | Profiler DRAM buffers were full, markers were dropped! device 2, worker core 2, 5, Risc TRISC_0,  bufferEndIndex = 12000. Please either decrease the number of ops being profiled or run read device profiler more often (profiler.cpp:1575)
2026-07-29 14:48:30.059 | warning  |           Metal | Profiler DRAM buffers were full, markers were dropped! device 2, worker core 2, 5, Risc TRISC_1,  bufferEndIndex = 12000. Please either decrease the number of ops being profiled or run read device profiler more often (profiler.cpp:1575)
2026-07-29 14:48:30.059 | warning  |           Metal | Profiler DRAM buffers were full, markers were dropped! device 2, worker core 2, 5, Risc TRISC_2,  bufferEndIndex = 12000. Please either decrease the number of ops being profiled or run read device profiler more often (profiler.cpp:1575)
2026-07-29 14:48:30.060 | warning  |           Metal | Profiler DRAM buffers were full, markers were dropped! device 2, worker core 2, 6, Risc BRISC,  bufferEndIndex = 12000. Please either decrease the number of ops being profiled or run read device profiler more often (profiler.cpp:1575)
2026-07-29 14:48:30.060 | warning  |           Metal | Profiler DRAM buffers were full, markers were dropped! device 2, worker core 2, 6, Risc NCRISC,  bufferEndIndex = 12000. Please either decrease the number of ops being profiled or run read device profiler more often (profiler.cpp:1575)
2026-07-29 14:48:30.060 | warning  |           Metal | Profiler DRAM buffers were full, markers were dropped! device 2, worker core 2, 6, Risc TRISC_0,  bufferEndIndex = 12000. Please either decrease the number of ops being profiled or run read device profiler more often (profiler.cpp:1575)
2026-07-29 14:48:30.060 | warning  |           Metal | Profiler DRAM buffers were full, markers were dropped! device 2, worker core 2, 6, Risc TRISC_1,  bufferEndIndex = 12000. Please either decrease the number of ops being profiled or run read device profiler more often (profiler.cpp:1575)
2026-07-29 14:48:30.060 | warning  |           Metal | Profiler DRAM buffers were full, markers were dropped! device 2, worker core 2, 6, Risc TRISC_2,  bufferEndIndex = 12000. Please either decrease the number of ops being profiled or run read device profiler more often (profiler.cpp:1575)
2026-07-29 14:48:30.061 | warning  |           Metal | Profiler DRAM buffers were full, markers were dropped! device 2, worker core 2, 7, Risc BRISC,  bufferEndIndex = 12000. Please either decrease the number of ops being profiled or run read device profiler more often (profiler.cpp:1575)
2026-07-29 14:48:30.061 | warning  |           Metal | Profiler DRAM buffers were full, markers were dropped! device 2, worker core 2, 7, Risc NCRISC,  bufferEndIndex = 12000. Please either decrease the number of ops being profiled or run read device profiler more often (profiler.cpp:1575)
2026-07-29 14:48:30.062 | warning  |           Metal | Profiler DRAM buffers were full, markers were dropped! device 2, worker core 2, 7, Risc TRISC_0,  bufferEndIndex = 12000. Please either decrease the number of ops being profiled or run read device profiler more often (profiler.cpp:1575)
2026-07-29 14:48:30.062 | warning  |           Metal | Profiler DRAM buffers were full, markers were dropped! device 2, worker core 2, 7, Risc TRISC_1,  bufferEndIndex = 12000. Please either decrease the number of ops being profiled or run read device profiler more often (profiler.cpp:1575)
2026-07-29 14:48:30.062 | warning  |           Metal | Profiler DRAM buffers were full, markers were dropped! device 2, worker core 2, 7, Risc TRISC_2,  bufferEndIndex = 12000. Please either decrease the number of ops being profiled or run read device profiler more often (profiler.cpp:1575)
2026-07-29 14:48:30.062 | warning  |           Metal | Profiler DRAM buffers were full, markers were dropped! device 2, worker core 2, 8, Risc BRISC,  bufferEndIndex = 12000. Please either decrease the number of ops being profiled or run read device profiler more often (profiler.cpp:1575)
2026-07-29 14:48:30.062 | warning  |           Metal | Profiler DRAM buffers were full, markers were dropped! device 2, worker core 2, 8, Risc NCRISC,  bufferEndIndex = 12000. Please either decrease the number of ops being profiled or run read device profiler more often (profiler.cpp:1575)
2026-07-29 14:48:30.063 | warning  |           Metal | Profiler DRAM buffers were full, markers were dropped! device 2, worker core 2, 8, Risc TRISC_0,  bufferEndIndex = 12000. Please either decrease the number of ops being profiled or run read device profiler more often (profiler.cpp:1575)
2026-07-29 14:48:30.063 | warning  |           Metal | Profiler DRAM buffers were full, markers were dropped! device 2, worker core 2, 8, Risc TRISC_1,  bufferEndIndex = 12000. Please either decrease the number of ops being profiled or run read device profiler more often (profiler.cpp:1575)
2026-07-29 14:48:30.063 | warning  |           Metal | Profiler DRAM buffers were full, markers were dropped! device 2, worker core 2, 8, Risc TRISC_2,  bufferEndIndex = 12000. Please either decrease the number of ops being profiled or run read device profiler more often (profiler.cpp:1575)
2026-07-29 14:48:30.063 | warning  |           Metal | Profiler DRAM buffers were full, markers were dropped! device 2, worker core 2, 9, Risc BRISC,  bufferEndIndex = 12000. Please either decrease the number of ops being profiled or run read device profiler more often (profiler.cpp:1575)
2026-07-29 14:48:30.063 | warning  |           Metal | Profiler DRAM buffers were full, markers were dropped! device 2, worker core 2, 9, Risc NCRISC,  bufferEndIndex = 12000. Please either decrease the number of ops being profiled or run read device profiler more often (profiler.cpp:1575)
2026-07-29 14:48:30.064 | warning  |           Metal | Profiler DRAM buffers were full, markers were dropped! device 2, worker core 2, 9, Risc TRISC_0,  bufferEndIndex = 12000. Please either decrease the number of ops being profiled or run read device profiler more often (profiler.cpp:1575)
2026-07-29 14:48:30.064 | warning  |           Metal | Profiler DRAM buffers were full, markers were dropped! device 2, worker core 2, 9, Risc TRISC_1,  bufferEndIndex = 12000. Please either decrease the number of ops being profiled or run read device profiler more often (profiler.cpp:1575)
2026-07-29 14:48:30.064 | warning  |           Metal | Profiler DRAM buffers were full, markers were dropped! device 2, worker core 2, 9, Risc TRISC_2,  bufferEndIndex = 12000. Please either decrease the number of ops being profiled or run read device profiler more often (profiler.cpp:1575)
2026-07-29 14:48:30.064 | warning  |           Metal | Profiler DRAM buffers were full, markers were dropped! device 2, worker core 2, 10, Risc BRISC,  bufferEndIndex = 12000. Please either decrease the number of ops being profiled or run read device profiler more often (profiler.cpp:1575)
2026-07-29 14:48:30.064 | warning  |           Metal | Profiler DRAM buffers were full, markers were dropped! device 2, worker core 2, 10, Risc NCRISC,  bufferEndIndex = 12000. Please either decrease the number of ops being profiled or run read device profiler more often (profiler.cpp:1575)
2026-07-29 14:48:30.065 | warning  |           Metal | Profiler DRAM buffers were full, markers were dropped! device 2, worker core 2, 10, Risc TRISC_0,  bufferEndIndex = 12000. Please either decrease the number of ops being profiled or run read device profiler more often (profiler.cpp:1575)
2026-07-29 14:48:30.065 | warning  |           Metal | Profiler DRAM buffers were full, markers were dropped! device 2, worker core 2, 10, Risc TRISC_1,  bufferEndIndex = 12000. Please either decrease the number of ops being profiled or run read device profiler more often (profiler.cpp:1575)
2026-07-29 14:48:30.065 | warning  |           Metal | Profiler DRAM buffers were full, markers were dropped! device 2, worker core 2, 10, Risc TRISC_2,  bufferEndIndex = 12000. Please either decrease the number of ops being profiled or run read device profiler more often (profiler.cpp:1575)
2026-07-29 14:48:30.065 | warning  |           Metal | Profiler DRAM buffers were full, markers were dropped! device 2, worker core 2, 11, Risc BRISC,  bufferEndIndex = 12000. Please either decrease the number of ops being profiled or run read device profiler more often (profiler.cpp:1575)
2026-07-29 14:48:30.065 | warning  |           Metal | Profiler DRAM buffers were full, markers were dropped! device 2, worker core 2, 11, Risc NCRISC,  bufferEndIndex = 12000. Please either decrease the number of ops being profiled or run read device profiler more often (profiler.cpp:1575)
2026-07-29 14:48:30.066 | warning  |           Metal | Profiler DRAM buffers were full, markers were dropped! device 2, worker core 2, 11, Risc TRISC_0,  bufferEndIndex = 12000. Please either decrease the number of ops being profiled or run read device profiler more often (profiler.cpp:1575)
2026-07-29 14:48:30.066 | warning  |           Metal | Profiler DRAM buffers were full, markers were dropped! device 2, worker core 2, 11, Risc TRISC_1,  bufferEndIndex = 12000. Please either decrease the number of ops being profiled or run read device profiler more often (profiler.cpp:1575)
2026-07-29 14:48:30.066 | warning  |           Metal | Profiler DRAM buffers were full, markers were dropped! device 2, worker core 2, 11, Risc TRISC_2,  bufferEndIndex = 12000. Please either decrease the number of ops being profiled or run read device profiler more often (profiler.cpp:1575)
2026-07-29 14:48:30.066 | warning  |           Metal | Profiler DRAM buffers were full, markers were dropped! device 2, worker core 3, 2, Risc BRISC,  bufferEndIndex = 12000. Please either decrease the number of ops being profiled or run read device profiler more often (profiler.cpp:1575)
2026-07-29 14:48:30.066 | warning  |           Metal | Profiler DRAM buffers were full, markers were dropped! device 2, worker core 3, 2, Risc NCRISC,  bufferEndIndex = 12000. Please either decrease the number of ops being profiled or run read device profiler more often (profiler.cpp:1575)
2026-07-29 14:48:30.067 | warning  |           Metal | Profiler DRAM buffers were full, markers were dropped! device 2, worker core 3, 2, Risc TRISC_0,  bufferEndIndex = 12000. Please either decrease the number of ops being profiled or run read device profiler more often (profiler.cpp:1575)
2026-07-29 14:48:30.067 | warning  |           Metal | Profiler DRAM buffers were full, markers were dropped! device 2, worker core 3, 2, Risc TRISC_1,  bufferEndIndex = 12000. Please either decrease the number of ops being profiled or run read device profiler more often (profiler.cpp:1575)
2026-07-29 14:48:30.067 | warning  |           Metal | Profiler DRAM buffers were full, markers were dropped! device 2, worker core 3, 2, Risc TRISC_2,  bufferEndIndex = 12000. Please either decrease the number of ops being profiled or run read device profiler more often (profiler.cpp:1575)
2026-07-29 14:48:30.067 | warning  |           Metal | Profiler DRAM buffers were full, markers were dropped! device 2, worker core 3, 3, Risc BRISC,  bufferEndIndex = 12000. Please either decrease the number of ops being profiled or run read device profiler more often (profiler.cpp:1575)
2026-07-29 14:48:30.067 | warning  |           Metal | Profiler DRAM buffers were full, markers were dropped! device 2, worker core 3, 3, Risc NCRISC,  bufferEndIndex = 12000. Please either decrease the number of ops being profiled or run read device profiler more often (profiler.cpp:1575)
2026-07-29 14:48:30.068 | warning  |           Metal | Profiler DRAM buffers were full, markers were dropped! device 2, worker core 3, 3, Risc TRISC_0,  bufferEndIndex = 12000. Please either decrease the number of ops being profiled or run read device profiler more often (profiler.cpp:1575)
2026-07-29 14:48:30.068 | warning  |           Metal | Profiler DRAM buffers were full, markers were dropped! device 2, worker core 3, 3, Risc TRISC_1,  bufferEndIndex = 12000. Please either decrease the number of ops being profiled or run read device profiler more often (profiler.cpp:1575)
2026-07-29 14:48:30.068 | warning  |           Metal | Profiler DRAM buffers were full, markers were dropped! device 2, worker core 3, 3, Risc TRISC_2,  bufferEndIndex = 12000. Please either decrease the number of ops being profiled or run read device profiler more often (profiler.cpp:1575)
2026-07-29 14:48:30.068 | warning  |           Metal | Profiler DRAM buffers were full, markers were dropped! device 2, worker core 3, 4, Risc BRISC,  bufferEndIndex = 12000. Please either decrease the number of ops being profiled or run read device profiler more often (profiler.cpp:1575)
2026-07-29 14:48:30.068 | warning  |           Metal | Profiler DRAM buffers were full, markers were dropped! device 2, worker core 3, 4, Risc NCRISC,  bufferEndIndex = 12000. Please either decrease the number of ops being profiled or run read device profiler more often (profiler.cpp:1575)
2026-07-29 14:48:30.069 | warning  |           Metal | Profiler DRAM buffers were full, markers were dropped! device 2, worker core 3, 4, Risc TRISC_0,  bufferEndIndex = 12000. Please either decrease the number of ops being profiled or run read device profiler more often (profiler.cpp:1575)
2026-07-29 14:48:30.069 | warning  |           Metal | Profiler DRAM buffers were full, markers were dropped! device 2, worker core 3, 4, Risc TRISC_1,  bufferEndIndex = 12000. Please either decrease the number of ops being profiled or run read device profiler more often (profiler.cpp:1575)
2026-07-29 14:48:30.069 | warning  |           Metal | Profiler DRAM buffers were full, markers were dropped! device 2, worker core 3, 4, Risc TRISC_2,  bufferEndIndex = 12000. Please either decrease the number of ops being profiled or run read device profiler more often (profiler.cpp:1575)
2026-07-29 14:48:30.069 | warning  |           Metal | Profiler DRAM buffers were full, markers were dropped! device 2, worker core 3, 5, Risc BRISC,  bufferEndIndex = 12000. Please either decrease the number of ops being profiled or run read device profiler more often (profiler.cpp:1575)
2026-07-29 14:48:30.069 | warning  |           Metal | Profiler DRAM buffers were full, markers were dropped! device 2, worker core 3, 5, Risc NCRISC,  bufferEndIndex = 12000. Please either decrease the number of ops being profiled or run read device profiler more often (profiler.cpp:1575)
2026-07-29 14:48:30.070 | warning  |           Metal | Profiler DRAM buffers were full, markers were dropped! device 2, worker core 3, 5, Risc TRISC_0,  bufferEndIndex = 12000. Please either decrease the number of ops being profiled or run read device profiler more often (profiler.cpp:1575)
2026-07-29 14:48:30.070 | warning  |           Metal | Profiler DRAM buffers were full, markers were dropped! device 2, worker core 3, 5, Risc TRISC_1,  bufferEndIndex = 12000. Please either decrease the number of ops being profiled or run read device profiler more often (profiler.cpp:1575)
2026-07-29 14:48:30.070 | warning  |           Metal | Profiler DRAM buffers were full, markers were dropped! device 2, worker core 3, 5, Risc TRISC_2,  bufferEndIndex = 12000. Please either decrease the number of ops being profiled or run read device profiler more often (profiler.cpp:1575)
2026-07-29 14:48:30.070 | warning  |           Metal | Profiler DRAM buffers were full, markers were dropped! device 2, worker core 3, 6, Risc BRISC,  bufferEndIndex = 12000. Please either decrease the number of ops being profiled or run read device profiler more often (profiler.cpp:1575)
2026-07-29 14:48:30.070 | warning  |           Metal | Profiler DRAM buffers were full, markers were dropped! device 2, worker core 3, 6, Risc NCRISC,  bufferEndIndex = 12000. Please either decrease the number of ops being profiled or run read device profiler more often (profiler.cpp:1575)
2026-07-29 14:48:30.071 | warning  |           Metal | Profiler DRAM buffers were full, markers were dropped! device 2, worker core 3, 6, Risc TRISC_0,  bufferEndIndex = 12000. Please either decrease the number of ops being profiled or run read device profiler more often (profiler.cpp:1575)
2026-07-29 14:48:30.071 | warning  |           Metal | Profiler DRAM buffers were full, markers were dropped! device 2, worker core 3, 6, Risc TRISC_1,  bufferEndIndex = 12000. Please either decrease the number of ops being profiled or run read device profiler more often (profiler.cpp:1575)
2026-07-29 14:48:30.071 | warning  |           Metal | Profiler DRAM buffers were full, markers were dropped! device 2, worker core 3, 6, Risc TRISC_2,  bufferEndIndex = 12000. Please either decrease the number of ops being profiled or run read device profiler more often (profiler.cpp:1575)
2026-07-29 14:48:30.071 | warning  |           Metal | Profiler DRAM buffers were full, markers were dropped! device 2, worker core 3, 7, Risc BRISC,  bufferEndIndex = 12000. Please either decrease the number of ops being profiled or run read device profiler more often (profiler.cpp:1575)
2026-07-29 14:48:30.072 | warning  |           Metal | Profiler DRAM buffers were full, markers were dropped! device 2, worker core 3, 7, Risc NCRISC,  bufferEndIndex = 12000. Please either decrease the number of ops being profiled or run read device profiler more often (profiler.cpp:1575)
2026-07-29 14:48:30.072 | warning  |           Metal | Profiler DRAM buffers were full, markers were dropped! device 2, worker core 3, 7, Risc TRISC_0,  bufferEndIndex = 12000. Please either decrease the number of ops being profiled or run read device profiler more often (profiler.cpp:1575)
2026-07-29 14:48:30.072 | warning  |           Metal | Profiler DRAM buffers were full, markers were dropped! device 2, worker core 3, 7, Risc TRISC_1,  bufferEndIndex = 12000. Please either decrease the number of ops being profiled or run read device profiler more often (profiler.cpp:1575)
2026-07-29 14:48:30.072 | warning  |           Metal | Profiler DRAM buffers were full, markers were dropped! device 2, worker core 3, 7, Risc TRISC_2,  bufferEndIndex = 12000. Please either decrease the number of ops being profiled or run read device profiler more often (profiler.cpp:1575)
2026-07-29 14:48:30.072 | warning  |           Metal | Profiler DRAM buffers were full, markers were dropped! device 2, worker core 3, 8, Risc BRISC,  bufferEndIndex = 12000. Please either decrease the number of ops being profiled or run read device profiler more often (profiler.cpp:1575)
2026-07-29 14:48:30.073 | warning  |           Metal | Profiler DRAM buffers were full, markers were dropped! device 2, worker core 3, 8, Risc NCRISC,  bufferEndIndex = 12000. Please either decrease the number of ops being profiled or run read device profiler more often (profiler.cpp:1575)
2026-07-29 14:48:30.073 | warning  |           Metal | Profiler DRAM buffers were full, markers were dropped! device 2, worker core 3, 8, Risc TRISC_0,  bufferEndIndex = 12000. Please either decrease the number of ops being profiled or run read device profiler more often (profiler.cpp:1575)
2026-07-29 14:48:30.073 | warning  |           Metal | Profiler DRAM buffers were full, markers were dropped! device 2, worker core 3, 8, Risc TRISC_1,  bufferEndIndex = 12000. Please either decrease the number of ops being profiled or run read device profiler more often (profiler.cpp:1575)
2026-07-29 14:48:30.073 | warning  |           Metal | Profiler DRAM buffers were full, markers were dropped! device 2, worker core 3, 8, Risc TRISC_2,  bufferEndIndex = 12000. Please either decrease the number of ops being profiled or run read device profiler more often (profiler.cpp:1575)
2026-07-29 14:48:30.073 | warning  |           Metal | Profiler DRAM buffers were full, markers were dropped! device 2, worker core 3, 9, Risc BRISC,  bufferEndIndex = 12000. Please either decrease the number of ops being profiled or run read device profiler more often (profiler.cpp:1575)
2026-07-29 14:48:30.074 | warning  |           Metal | Profiler DRAM buffers were full, markers were dropped! device 2, worker core 3, 9, Risc NCRISC,  bufferEndIndex = 12000. Please either decrease the number of ops being profiled or run read device profiler more often (profiler.cpp:1575)
2026-07-29 14:48:30.074 | warning  |           Metal | Profiler DRAM buffers were full, markers were dropped! device 2, worker core 3, 9, Risc TRISC_0,  bufferEndIndex = 12000. Please either decrease the number of ops being profiled or run read device profiler more often (profiler.cpp:1575)
2026-07-29 14:48:30.074 | warning  |           Metal | Profiler DRAM buffers were full, markers were dropped! device 2, worker core 3, 9, Risc TRISC_1,  bufferEndIndex = 12000. Please either decrease the number of ops being profiled or run read device profiler more often (profiler.cpp:1575)
2026-07-29 14:48:30.074 | warning  |           Metal | Profiler DRAM buffers were full, markers were dropped! device 2, worker core 3, 9, Risc TRISC_2,  bufferEndIndex = 12000. Please either decrease the number of ops being profiled or run read device profiler more often (profiler.cpp:1575)
2026-07-29 14:48:30.074 | warning  |           Metal | Profiler DRAM buffers were full, markers were dropped! device 2, worker core 3, 10, Risc BRISC,  bufferEndIndex = 12000. Please either decrease the number of ops being profiled or run read device profiler more often (profiler.cpp:1575)
2026-07-29 14:48:30.075 | warning  |           Metal | Profiler DRAM buffers were full, markers were dropped! device 2, worker core 3, 10, Risc NCRISC,  bufferEndIndex = 12000. Please either decrease the number of ops being profiled or run read device profiler more often (profiler.cpp:1575)
2026-07-29 14:48:30.075 | warning  |           Metal | Profiler DRAM buffers were full, markers were dropped! device 2, worker core 3, 10, Risc TRISC_0,  bufferEndIndex = 12000. Please either decrease the number of ops being profiled or run read device profiler more often (profiler.cpp:1575)
2026-07-29 14:48:30.075 | warning  |           Metal | Profiler DRAM buffers were full, markers were dropped! device 2, worker core 3, 10, Risc TRISC_1,  bufferEndIndex = 12000. Please either decrease the number of ops being profiled or run read device profiler more often (profiler.cpp:1575)
2026-07-29 14:48:30.075 | warning  |           Metal | Profiler DRAM buffers were full, markers were dropped! device 2, worker core 3, 10, Risc TRISC_2,  bufferEndIndex = 12000. Please either decrease the number of ops being profiled or run read device profiler more often (profiler.cpp:1575)
2026-07-29 14:48:30.076 | warning  |           Metal | Profiler DRAM buffers were full, markers were dropped! device 2, worker core 3, 11, Risc BRISC,  bufferEndIndex = 12000. Please either decrease the number of ops being profiled or run read device profiler more often (profiler.cpp:1575)
2026-07-29 14:48:30.076 | warning  |           Metal | Profiler DRAM buffers were full, markers were dropped! device 2, worker core 3, 11, Risc NCRISC,  bufferEndIndex = 12000. Please either decrease the number of ops being profiled or run read device profiler more often (profiler.cpp:1575)
2026-07-29 14:48:30.076 | warning  |           Metal | Profiler DRAM buffers were full, markers were dropped! device 2, worker core 3, 11, Risc TRISC_0,  bufferEndIndex = 12000. Please either decrease the number of ops being profiled or run read device profiler more often (profiler.cpp:1575)
2026-07-29 14:48:30.076 | warning  |           Metal | Profiler DRAM buffers were full, markers were dropped! device 2, worker core 3, 11, Risc TRISC_1,  bufferEndIndex = 12000. Please either decrease the number of ops being profiled or run read device profiler more often (profiler.cpp:1575)
2026-07-29 14:48:30.077 | warning  |           Metal | Profiler DRAM buffers were full, markers were dropped! device 2, worker core 3, 11, Risc TRISC_2,  bufferEndIndex = 12000. Please either decrease the number of ops being profiled or run read device profiler more often (profiler.cpp:1575)
2026-07-29 14:48:30.077 | warning  |           Metal | Profiler DRAM buffers were full, markers were dropped! device 2, worker core 4, 2, Risc BRISC,  bufferEndIndex = 12000. Please either decrease the number of ops being profiled or run read device profiler more often (profiler.cpp:1575)
2026-07-29 14:48:30.077 | warning  |           Metal | Profiler DRAM buffers were full, markers were dropped! device 2, worker core 4, 2, Risc NCRISC,  bufferEndIndex = 12000. Please either decrease the number of ops being profiled or run read device profiler more often (profiler.cpp:1575)
2026-07-29 14:48:30.077 | warning  |           Metal | Profiler DRAM buffers were full, markers were dropped! device 2, worker core 4, 2, Risc TRISC_0,  bufferEndIndex = 12000. Please either decrease the number of ops being profiled or run read device profiler more often (profiler.cpp:1575)
2026-07-29 14:48:30.078 | warning  |           Metal | Profiler DRAM buffers were full, markers were dropped! device 2, worker core 4, 2, Risc TRISC_1,  bufferEndIndex = 12000. Please either decrease the number of ops being profiled or run read device profiler more often (profiler.cpp:1575)
2026-07-29 14:48:30.078 | warning  |           Metal | Profiler DRAM buffers were full, markers were dropped! device 2, worker core 4, 2, Risc TRISC_2,  bufferEndIndex = 12000. Please either decrease the number of ops being profiled or run read device profiler more often (profiler.cpp:1575)
2026-07-29 14:48:30.078 | warning  |           Metal | Profiler DRAM buffers were full, markers were dropped! device 2, worker core 4, 3, Risc BRISC,  bufferEndIndex = 12000. Please either decrease the number of ops being profiled or run read device profiler more often (profiler.cpp:1575)
2026-07-29 14:48:30.078 | warning  |           Metal | Profiler DRAM buffers were full, markers were dropped! device 2, worker core 4, 3, Risc NCRISC,  bufferEndIndex = 12000. Please either decrease the number of ops being profiled or run read device profiler more often (profiler.cpp:1575)
2026-07-29 14:48:30.079 | warning  |           Metal | Profiler DRAM buffers were full, markers were dropped! device 2, worker core 4, 3, Risc TRISC_0,  bufferEndIndex = 12000. Please either decrease the number of ops being profiled or run read device profiler more often (profiler.cpp:1575)
2026-07-29 14:48:30.079 | warning  |           Metal | Profiler DRAM buffers were full, markers were dropped! device 2, worker core 4, 3, Risc TRISC_1,  bufferEndIndex = 12000. Please either decrease the number of ops being profiled or run read device profiler more often (profiler.cpp:1575)
2026-07-29 14:48:30.079 | warning  |           Metal | Profiler DRAM buffers were full, markers were dropped! device 2, worker core 4, 3, Risc TRISC_2,  bufferEndIndex = 12000. Please either decrease the number of ops being profiled or run read device profiler more often (profiler.cpp:1575)
2026-07-29 14:48:30.079 | warning  |           Metal | Profiler DRAM buffers were full, markers were dropped! device 2, worker core 4, 4, Risc BRISC,  bufferEndIndex = 12000. Please either decrease the number of ops being profiled or run read device profiler more often (profiler.cpp:1575)
2026-07-29 14:48:30.079 | warning  |           Metal | Profiler DRAM buffers were full, markers were dropped! device 2, worker core 4, 4, Risc NCRISC,  bufferEndIndex = 12000. Please either decrease the number of ops being profiled or run read device profiler more often (profiler.cpp:1575)
2026-07-29 14:48:30.080 | warning  |           Metal | Profiler DRAM buffers were full, markers were dropped! device 2, worker core 4, 4, Risc TRISC_0,  bufferEndIndex = 12000. Please either decrease the number of ops being profiled or run read device profiler more often (profiler.cpp:1575)
2026-07-29 14:48:30.080 | warning  |           Metal | Profiler DRAM buffers were full, markers were dropped! device 2, worker core 4, 4, Risc TRISC_1,  bufferEndIndex = 12000. Please either decrease the number of ops being profiled or run read device profiler more often (profiler.cpp:1575)
2026-07-29 14:48:30.080 | warning  |           Metal | Profiler DRAM buffers were full, markers were dropped! device 2, worker core 4, 4, Risc TRISC_2,  bufferEndIndex = 12000. Please either decrease the number of ops being profiled or run read device profiler more often (profiler.cpp:1575)
2026-07-29 14:48:30.080 | warning  |           Metal | Profiler DRAM buffers were full, markers were dropped! device 2, worker core 4, 5, Risc BRISC,  bufferEndIndex = 12000. Please either decrease the number of ops being profiled or run read device profiler more often (profiler.cpp:1575)
2026-07-29 14:48:30.080 | warning  |           Metal | Profiler DRAM buffers were full, markers were dropped! device 2, worker core 4, 5, Risc NCRISC,  bufferEndIndex = 12000. Please either decrease the number of ops being profiled or run read device profiler more often (profiler.cpp:1575)
2026-07-29 14:48:30.081 | warning  |           Metal | Profiler DRAM buffers were full, markers were dropped! device 2, worker core 4, 5, Risc TRISC_0,  bufferEndIndex = 12000. Please either decrease the number of ops being profiled or run read device profiler more often (profiler.cpp:1575)
2026-07-29 14:48:30.081 | warning  |           Metal | Profiler DRAM buffers were full, markers were dropped! device 2, worker core 4, 5, Risc TRISC_1,  bufferEndIndex = 12000. Please either decrease the number of ops being profiled or run read device profiler more often (profiler.cpp:1575)
2026-07-29 14:48:30.081 | warning  |           Metal | Profiler DRAM buffers were full, markers were dropped! device 2, worker core 4, 5, Risc TRISC_2,  bufferEndIndex = 12000. Please either decrease the number of ops being profiled or run read device profiler more often (profiler.cpp:1575)
2026-07-29 14:48:30.081 | warning  |           Metal | Profiler DRAM buffers were full, markers were dropped! device 2, worker core 4, 6, Risc BRISC,  bufferEndIndex = 12000. Please either decrease the number of ops being profiled or run read device profiler more often (profiler.cpp:1575)
2026-07-29 14:48:30.081 | warning  |           Metal | Profiler DRAM buffers were full, markers were dropped! device 2, worker core 4, 6, Risc NCRISC,  bufferEndIndex = 12000. Please either decrease the number of ops being profiled or run read device profiler more often (profiler.cpp:1575)
2026-07-29 14:48:30.082 | warning  |           Metal | Profiler DRAM buffers were full, markers were dropped! device 2, worker core 4, 6, Risc TRISC_0,  bufferEndIndex = 12000. Please either decrease the number of ops being profiled or run read device profiler more often (profiler.cpp:1575)
2026-07-29 14:48:30.082 | warning  |           Metal | Profiler DRAM buffers were full, markers were dropped! device 2, worker core 4, 6, Risc TRISC_1,  bufferEndIndex = 12000. Please either decrease the number of ops being profiled or run read device profiler more often (profiler.cpp:1575)
2026-07-29 14:48:30.082 | warning  |           Metal | Profiler DRAM buffers were full, markers were dropped! device 2, worker core 4, 6, Risc TRISC_2,  bufferEndIndex = 12000. Please either decrease the number of ops being profiled or run read device profiler more often (profiler.cpp:1575)
2026-07-29 14:48:30.082 | warning  |           Metal | Profiler DRAM buffers were full, markers were dropped! device 2, worker core 4, 7, Risc BRISC,  bufferEndIndex = 12000. Please either decrease the number of ops being profiled or run read device profiler more often (profiler.cpp:1575)
2026-07-29 14:48:30.082 | warning  |           Metal | Profiler DRAM buffers were full, markers were dropped! device 2, worker core 4, 7, Risc NCRISC,  bufferEndIndex = 12000. Please either decrease the number of ops being profiled or run read device profiler more often (profiler.cpp:1575)
2026-07-29 14:48:30.083 | warning  |           Metal | Profiler DRAM buffers were full, markers were dropped! device 2, worker core 4, 7, Risc TRISC_0,  bufferEndIndex = 12000. Please either decrease the number of ops being profiled or run read device profiler more often (profiler.cpp:1575)
2026-07-29 14:48:30.083 | warning  |           Metal | Profiler DRAM buffers were full, markers were dropped! device 2, worker core 4, 7, Risc TRISC_1,  bufferEndIndex = 12000. Please either decrease the number of ops being profiled or run read device profiler more often (profiler.cpp:1575)
2026-07-29 14:48:30.083 | warning  |           Metal | Profiler DRAM buffers were full, markers were dropped! device 2, worker core 4, 7, Risc TRISC_2,  bufferEndIndex = 12000. Please either decrease the number of ops being profiled or run read device profiler more often (profiler.cpp:1575)
2026-07-29 14:48:30.083 | warning  |           Metal | Profiler DRAM buffers were full, markers were dropped! device 2, worker core 4, 8, Risc BRISC,  bufferEndIndex = 12000. Please either decrease the number of ops being profiled or run read device profiler more often (profiler.cpp:1575)
2026-07-29 14:48:30.083 | warning  |           Metal | Profiler DRAM buffers were full, markers were dropped! device 2, worker core 4, 8, Risc NCRISC,  bufferEndIndex = 12000. Please either decrease the number of ops being profiled or run read device profiler more often (profiler.cpp:1575)
2026-07-29 14:48:30.084 | warning  |           Metal | Profiler DRAM buffers were full, markers were dropped! device 2, worker core 4, 8, Risc TRISC_0,  bufferEndIndex = 12000. Please either decrease the number of ops being profiled or run read device profiler more often (profiler.cpp:1575)
2026-07-29 14:48:30.084 | warning  |           Metal | Profiler DRAM buffers were full, markers were dropped! device 2, worker core 4, 8, Risc TRISC_1,  bufferEndIndex = 12000. Please either decrease the number of ops being profiled or run read device profiler more often (profiler.cpp:1575)
2026-07-29 14:48:30.084 | warning  |           Metal | Profiler DRAM buffers were full, markers were dropped! device 2, worker core 4, 8, Risc TRISC_2,  bufferEndIndex = 12000. Please either decrease the number of ops being profiled or run read device profiler more often (profiler.cpp:1575)
2026-07-29 14:48:30.084 | warning  |           Metal | Profiler DRAM buffers were full, markers were dropped! device 2, worker core 4, 9, Risc BRISC,  bufferEndIndex = 12000. Please either decrease the number of ops being profiled or run read device profiler more often (profiler.cpp:1575)
2026-07-29 14:48:30.084 | warning  |           Metal | Profiler DRAM buffers were full, markers were dropped! device 2, worker core 4, 9, Risc NCRISC,  bufferEndIndex = 12000. Please either decrease the number of ops being profiled or run read device profiler more often (profiler.cpp:1575)
2026-07-29 14:48:30.085 | warning  |           Metal | Profiler DRAM buffers were full, markers were dropped! device 2, worker core 4, 9, Risc TRISC_0,  bufferEndIndex = 12000. Please either decrease the number of ops being profiled or run read device profiler more often (profiler.cpp:1575)
2026-07-29 14:48:30.085 | warning  |           Metal | Profiler DRAM buffers were full, markers were dropped! device 2, worker core 4, 9, Risc TRISC_1,  bufferEndIndex = 12000. Please either decrease the number of ops being profiled or run read device profiler more often (profiler.cpp:1575)
2026-07-29 14:48:30.085 | warning  |           Metal | Profiler DRAM buffers were full, markers were dropped! device 2, worker core 4, 9, Risc TRISC_2,  bufferEndIndex = 12000. Please either decrease the number of ops being profiled or run read device profiler more often (profiler.cpp:1575)
2026-07-29 14:48:30.085 | warning  |           Metal | Profiler DRAM buffers were full, markers were dropped! device 2, worker core 4, 10, Risc BRISC,  bufferEndIndex = 12000. Please either decrease the number of ops being profiled or run read device profiler more often (profiler.cpp:1575)
2026-07-29 14:48:30.086 | warning  |           Metal | Profiler DRAM buffers were full, markers were dropped! device 2, worker core 4, 10, Risc NCRISC,  bufferEndIndex = 12000. Please either decrease the number of ops being profiled or run read device profiler more often (profiler.cpp:1575)
2026-07-29 14:48:30.086 | warning  |           Metal | Profiler DRAM buffers were full, markers were dropped! device 2, worker core 4, 10, Risc TRISC_0,  bufferEndIndex = 12000. Please either decrease the number of ops being profiled or run read device profiler more often (profiler.cpp:1575)
2026-07-29 14:48:30.086 | warning  |           Metal | Profiler DRAM buffers were full, markers were dropped! device 2, worker core 4, 10, Risc TRISC_1,  bufferEndIndex = 12000. Please either decrease the number of ops being profiled or run read device profiler more often (profiler.cpp:1575)
2026-07-29 14:48:30.086 | warning  |           Metal | Profiler DRAM buffers were full, markers were dropped! device 2, worker core 4, 10, Risc TRISC_2,  bufferEndIndex = 12000. Please either decrease the number of ops being profiled or run read device profiler more often (profiler.cpp:1575)
2026-07-29 14:48:30.086 | warning  |           Metal | Profiler DRAM buffers were full, markers were dropped! device 2, worker core 4, 11, Risc BRISC,  bufferEndIndex = 12000. Please either decrease the number of ops being profiled or run read device profiler more often (profiler.cpp:1575)
2026-07-29 14:48:30.087 | warning  |           Metal | Profiler DRAM buffers were full, markers were dropped! device 2, worker core 4, 11, Risc NCRISC,  bufferEndIndex = 12000. Please either decrease the number of ops being profiled or run read device profiler more often (profiler.cpp:1575)
2026-07-29 14:48:30.087 | warning  |           Metal | Profiler DRAM buffers were full, markers were dropped! device 2, worker core 4, 11, Risc TRISC_0,  bufferEndIndex = 12000. Please either decrease the number of ops being profiled or run read device profiler more often (profiler.cpp:1575)
2026-07-29 14:48:30.087 | warning  |           Metal | Profiler DRAM buffers were full, markers were dropped! device 2, worker core 4, 11, Risc TRISC_1,  bufferEndIndex = 12000. Please either decrease the number of ops being profiled or run read device profiler more often (profiler.cpp:1575)
2026-07-29 14:48:30.087 | warning  |           Metal | Profiler DRAM buffers were full, markers were dropped! device 2, worker core 4, 11, Risc TRISC_2,  bufferEndIndex = 12000. Please either decrease the number of ops being profiled or run read device profiler more often (profiler.cpp:1575)
2026-07-29 14:48:30.087 | warning  |           Metal | Profiler DRAM buffers were full, markers were dropped! device 2, worker core 5, 2, Risc BRISC,  bufferEndIndex = 12000. Please either decrease the number of ops being profiled or run read device profiler more often (profiler.cpp:1575)
2026-07-29 14:48:30.088 | warning  |           Metal | Profiler DRAM buffers were full, markers were dropped! device 2, worker core 5, 2, Risc NCRISC,  bufferEndIndex = 12000. Please either decrease the number of ops being profiled or run read device profiler more often (profiler.cpp:1575)
2026-07-29 14:48:30.088 | warning  |           Metal | Profiler DRAM buffers were full, markers were dropped! device 2, worker core 5, 2, Risc TRISC_0,  bufferEndIndex = 12000. Please either decrease the number of ops being profiled or run read device profiler more often (profiler.cpp:1575)
2026-07-29 14:48:30.088 | warning  |           Metal | Profiler DRAM buffers were full, markers were dropped! device 2, worker core 5, 2, Risc TRISC_1,  bufferEndIndex = 12000. Please either decrease the number of ops being profiled or run read device profiler more often (profiler.cpp:1575)
2026-07-29 14:48:30.088 | warning  |           Metal | Profiler DRAM buffers were full, markers were dropped! device 2, worker core 5, 2, Risc TRISC_2,  bufferEndIndex = 12000. Please either decrease the number of ops being profiled or run read device profiler more often (profiler.cpp:1575)
2026-07-29 14:48:30.088 | warning  |           Metal | Profiler DRAM buffers were full, markers were dropped! device 2, worker core 5, 3, Risc BRISC,  bufferEndIndex = 12000. Please either decrease the number of ops being profiled or run read device profiler more often (profiler.cpp:1575)
2026-07-29 14:48:30.089 | warning  |           Metal | Profiler DRAM buffers were full, markers were dropped! device 2, worker core 5, 3, Risc NCRISC,  bufferEndIndex = 12000. Please either decrease the number of ops being profiled or run read device profiler more often (profiler.cpp:1575)
2026-07-29 14:48:30.089 | warning  |           Metal | Profiler DRAM buffers were full, markers were dropped! device 2, worker core 5, 3, Risc TRISC_0,  bufferEndIndex = 12000. Please either decrease the number of ops being profiled or run read device profiler more often (profiler.cpp:1575)
2026-07-29 14:48:30.089 | warning  |           Metal | Profiler DRAM buffers were full, markers were dropped! device 2, worker core 5, 3, Risc TRISC_1,  bufferEndIndex = 12000. Please either decrease the number of ops being profiled or run read device profiler more often (profiler.cpp:1575)
2026-07-29 14:48:30.089 | warning  |           Metal | Profiler DRAM buffers were full, markers were dropped! device 2, worker core 5, 3, Risc TRISC_2,  bufferEndIndex = 12000. Please either decrease the number of ops being profiled or run read device profiler more often (profiler.cpp:1575)
2026-07-29 14:48:30.089 | warning  |           Metal | Profiler DRAM buffers were full, markers were dropped! device 2, worker core 5, 4, Risc BRISC,  bufferEndIndex = 12000. Please either decrease the number of ops being profiled or run read device profiler more often (profiler.cpp:1575)
2026-07-29 14:48:30.090 | warning  |           Metal | Profiler DRAM buffers were full, markers were dropped! device 2, worker core 5, 4, Risc NCRISC,  bufferEndIndex = 12000. Please either decrease the number of ops being profiled or run read device profiler more often (profiler.cpp:1575)
2026-07-29 14:48:30.090 | warning  |           Metal | Profiler DRAM buffers were full, markers were dropped! device 2, worker core 5, 4, Risc TRISC_0,  bufferEndIndex = 12000. Please either decrease the number of ops being profiled or run read device profiler more often (profiler.cpp:1575)
2026-07-29 14:48:30.090 | warning  |           Metal | Profiler DRAM buffers were full, markers were dropped! device 2, worker core 5, 4, Risc TRISC_1,  bufferEndIndex = 12000. Please either decrease the number of ops being profiled or run read device profiler more often (profiler.cpp:1575)
2026-07-29 14:48:30.090 | warning  |           Metal | Profiler DRAM buffers were full, markers were dropped! device 2, worker core 5, 4, Risc TRISC_2,  bufferEndIndex = 12000. Please either decrease the number of ops being profiled or run read device profiler more often (profiler.cpp:1575)
2026-07-29 14:48:30.090 | warning  |           Metal | Profiler DRAM buffers were full, markers were dropped! device 2, worker core 5, 5, Risc BRISC,  bufferEndIndex = 12000. Please either decrease the number of ops being profiled or run read device profiler more often (profiler.cpp:1575)
2026-07-29 14:48:30.091 | warning  |           Metal | Profiler DRAM buffers were full, markers were dropped! device 2, worker core 5, 5, Risc NCRISC,  bufferEndIndex = 12000. Please either decrease the number of ops being profiled or run read device profiler more often (profiler.cpp:1575)
2026-07-29 14:48:30.091 | warning  |           Metal | Profiler DRAM buffers were full, markers were dropped! device 2, worker core 5, 5, Risc TRISC_0,  bufferEndIndex = 12000. Please either decrease the number of ops being profiled or run read device profiler more often (profiler.cpp:1575)
2026-07-29 14:48:30.091 | warning  |           Metal | Profiler DRAM buffers were full, markers were dropped! device 2, worker core 5, 5, Risc TRISC_1,  bufferEndIndex = 12000. Please either decrease the number of ops being profiled or run read device profiler more often (profiler.cpp:1575)
2026-07-29 14:48:30.091 | warning  |           Metal | Profiler DRAM buffers were full, markers were dropped! device 2, worker core 5, 5, Risc TRISC_2,  bufferEndIndex = 12000. Please either decrease the number of ops being profiled or run read device profiler more often (profiler.cpp:1575)
2026-07-29 14:48:30.092 | warning  |           Metal | Profiler DRAM buffers were full, markers were dropped! device 2, worker core 5, 6, Risc BRISC,  bufferEndIndex = 12000. Please either decrease the number of ops being profiled or run read device profiler more often (profiler.cpp:1575)
2026-07-29 14:48:30.092 | warning  |           Metal | Profiler DRAM buffers were full, markers were dropped! device 2, worker core 5, 6, Risc NCRISC,  bufferEndIndex = 12000. Please either decrease the number of ops being profiled or run read device profiler more often (profiler.cpp:1575)
2026-07-29 14:48:30.092 | warning  |           Metal | Profiler DRAM buffers were full, markers were dropped! device 2, worker core 5, 6, Risc TRISC_0,  bufferEndIndex = 12000. Please either decrease the number of ops being profiled or run read device profiler more often (profiler.cpp:1575)
2026-07-29 14:48:30.092 | warning  |           Metal | Profiler DRAM buffers were full, markers were dropped! device 2, worker core 5, 6, Risc TRISC_1,  bufferEndIndex = 12000. Please either decrease the number of ops being profiled or run read device profiler more often (profiler.cpp:1575)
2026-07-29 14:48:30.093 | warning  |           Metal | Profiler DRAM buffers were full, markers were dropped! device 2, worker core 5, 6, Risc TRISC_2,  bufferEndIndex = 12000. Please either decrease the number of ops being profiled or run read device profiler more often (profiler.cpp:1575)
2026-07-29 14:48:30.093 | warning  |           Metal | Profiler DRAM buffers were full, markers were dropped! device 2, worker core 5, 7, Risc BRISC,  bufferEndIndex = 12000. Please either decrease the number of ops being profiled or run read device profiler more often (profiler.cpp:1575)
2026-07-29 14:48:30.093 | warning  |           Metal | Profiler DRAM buffers were full, markers were dropped! device 2, worker core 5, 7, Risc NCRISC,  bufferEndIndex = 12000. Please either decrease the number of ops being profiled or run read device profiler more often (profiler.cpp:1575)
2026-07-29 14:48:30.093 | warning  |           Metal | Profiler DRAM buffers were full, markers were dropped! device 2, worker core 5, 7, Risc TRISC_0,  bufferEndIndex = 12000. Please either decrease the number of ops being profiled or run read device profiler more often (profiler.cpp:1575)
2026-07-29 14:48:30.094 | warning  |           Metal | Profiler DRAM buffers were full, markers were dropped! device 2, worker core 5, 7, Risc TRISC_1,  bufferEndIndex = 12000. Please either decrease the number of ops being profiled or run read device profiler more often (profiler.cpp:1575)
2026-07-29 14:48:30.094 | warning  |           Metal | Profiler DRAM buffers were full, markers were dropped! device 2, worker core 5, 7, Risc TRISC_2,  bufferEndIndex = 12000. Please either decrease the number of ops being profiled or run read device profiler more often (profiler.cpp:1575)
2026-07-29 14:48:30.094 | warning  |           Metal | Profiler DRAM buffers were full, markers were dropped! device 2, worker core 5, 8, Risc BRISC,  bufferEndIndex = 12000. Please either decrease the number of ops being profiled or run read device profiler more often (profiler.cpp:1575)
2026-07-29 14:48:30.094 | warning  |           Metal | Profiler DRAM buffers were full, markers were dropped! device 2, worker core 5, 8, Risc NCRISC,  bufferEndIndex = 12000. Please either decrease the number of ops being profiled or run read device profiler more often (profiler.cpp:1575)
2026-07-29 14:48:30.095 | warning  |           Metal | Profiler DRAM buffers were full, markers were dropped! device 2, worker core 5, 8, Risc TRISC_0,  bufferEndIndex = 12000. Please either decrease the number of ops being profiled or run read device profiler more often (profiler.cpp:1575)
2026-07-29 14:48:30.095 | warning  |           Metal | Profiler DRAM buffers were full, markers were dropped! device 2, worker core 5, 8, Risc TRISC_1,  bufferEndIndex = 12000. Please either decrease the number of ops being profiled or run read device profiler more often (profiler.cpp:1575)
2026-07-29 14:48:30.095 | warning  |           Metal | Profiler DRAM buffers were full, markers were dropped! device 2, worker core 5, 8, Risc TRISC_2,  bufferEndIndex = 12000. Please either decrease the number of ops being profiled or run read device profiler more often (profiler.cpp:1575)
2026-07-29 14:48:30.095 | warning  |           Metal | Profiler DRAM buffers were full, markers were dropped! device 2, worker core 5, 9, Risc BRISC,  bufferEndIndex = 12000. Please either decrease the number of ops being profiled or run read device profiler more often (profiler.cpp:1575)
2026-07-29 14:48:30.095 | warning  |           Metal | Profiler DRAM buffers were full, markers were dropped! device 2, worker core 5, 9, Risc NCRISC,  bufferEndIndex = 12000. Please either decrease the number of ops being profiled or run read device profiler more often (profiler.cpp:1575)
2026-07-29 14:48:30.096 | warning  |           Metal | Profiler DRAM buffers were full, markers were dropped! device 2, worker core 5, 9, Risc TRISC_0,  bufferEndIndex = 12000. Please either decrease the number of ops being profiled or run read device profiler more often (profiler.cpp:1575)
2026-07-29 14:48:30.096 | warning  |           Metal | Profiler DRAM buffers were full, markers were dropped! device 2, worker core 5, 9, Risc TRISC_1,  bufferEndIndex = 12000. Please either decrease the number of ops being profiled or run read device profiler more often (profiler.cpp:1575)
2026-07-29 14:48:30.096 | warning  |           Metal | Profiler DRAM buffers were full, markers were dropped! device 2, worker core 5, 9, Risc TRISC_2,  bufferEndIndex = 12000. Please either decrease the number of ops being profiled or run read device profiler more often (profiler.cpp:1575)
2026-07-29 14:48:30.096 | warning  |           Metal | Profiler DRAM buffers were full, markers were dropped! device 2, worker core 5, 10, Risc BRISC,  bufferEndIndex = 12000. Please either decrease the number of ops being profiled or run read device profiler more often (profiler.cpp:1575)
2026-07-29 14:48:30.096 | warning  |           Metal | Profiler DRAM buffers were full, markers were dropped! device 2, worker core 5, 10, Risc NCRISC,  bufferEndIndex = 12000. Please either decrease the number of ops being profiled or run read device profiler more often (profiler.cpp:1575)
2026-07-29 14:48:30.097 | warning  |           Metal | Profiler DRAM buffers were full, markers were dropped! device 2, worker core 5, 10, Risc TRISC_0,  bufferEndIndex = 12000. Please either decrease the number of ops being profiled or run read device profiler more often (profiler.cpp:1575)
2026-07-29 14:48:30.097 | warning  |           Metal | Profiler DRAM buffers were full, markers were dropped! device 2, worker core 5, 10, Risc TRISC_1,  bufferEndIndex = 12000. Please either decrease the number of ops being profiled or run read device profiler more often (profiler.cpp:1575)
2026-07-29 14:48:30.097 | warning  |           Metal | Profiler DRAM buffers were full, markers were dropped! device 2, worker core 5, 10, Risc TRISC_2,  bufferEndIndex = 12000. Please either decrease the number of ops being profiled or run read device profiler more often (profiler.cpp:1575)
2026-07-29 14:48:30.097 | warning  |           Metal | Profiler DRAM buffers were full, markers were dropped! device 2, worker core 5, 11, Risc BRISC,  bufferEndIndex = 12000. Please either decrease the number of ops being profiled or run read device profiler more often (profiler.cpp:1575)
2026-07-29 14:48:30.097 | warning  |           Metal | Profiler DRAM buffers were full, markers were dropped! device 2, worker core 5, 11, Risc NCRISC,  bufferEndIndex = 12000. Please either decrease the number of ops being profiled or run read device profiler more often (profiler.cpp:1575)
2026-07-29 14:48:30.098 | warning  |           Metal | Profiler DRAM buffers were full, markers were dropped! device 2, worker core 5, 11, Risc TRISC_0,  bufferEndIndex = 12000. Please either decrease the number of ops being profiled or run read device profiler more often (profiler.cpp:1575)
2026-07-29 14:48:30.098 | warning  |           Metal | Profiler DRAM buffers were full, markers were dropped! device 2, worker core 5, 11, Risc TRISC_1,  bufferEndIndex = 12000. Please either decrease the number of ops being profiled or run read device profiler more often (profiler.cpp:1575)
2026-07-29 14:48:30.098 | warning  |           Metal | Profiler DRAM buffers were full, markers were dropped! device 2, worker core 5, 11, Risc TRISC_2,  bufferEndIndex = 12000. Please either decrease the number of ops being profiled or run read device profiler more often (profiler.cpp:1575)
2026-07-29 14:48:30.098 | warning  |           Metal | Profiler DRAM buffers were full, markers were dropped! device 2, worker core 6, 2, Risc BRISC,  bufferEndIndex = 12000. Please either decrease the number of ops being profiled or run read device profiler more often (profiler.cpp:1575)
2026-07-29 14:48:30.098 | warning  |           Metal | Profiler DRAM buffers were full, markers were dropped! device 2, worker core 6, 2, Risc NCRISC,  bufferEndIndex = 12000. Please either decrease the number of ops being profiled or run read device profiler more often (profiler.cpp:1575)
2026-07-29 14:48:30.099 | warning  |           Metal | Profiler DRAM buffers were full, markers were dropped! device 2, worker core 6, 2, Risc TRISC_0,  bufferEndIndex = 12000. Please either decrease the number of ops being profiled or run read device profiler more often (profiler.cpp:1575)
2026-07-29 14:48:30.099 | warning  |           Metal | Profiler DRAM buffers were full, markers were dropped! device 2, worker core 6, 2, Risc TRISC_1,  bufferEndIndex = 12000. Please either decrease the number of ops being profiled or run read device profiler more often (profiler.cpp:1575)
2026-07-29 14:48:30.099 | warning  |           Metal | Profiler DRAM buffers were full, markers were dropped! device 2, worker core 6, 2, Risc TRISC_2,  bufferEndIndex = 12000. Please either decrease the number of ops being profiled or run read device profiler more often (profiler.cpp:1575)
2026-07-29 14:48:30.099 | warning  |           Metal | Profiler DRAM buffers were full, markers were dropped! device 2, worker core 6, 3, Risc BRISC,  bufferEndIndex = 12000. Please either decrease the number of ops being profiled or run read device profiler more often (profiler.cpp:1575)
2026-07-29 14:48:30.099 | warning  |           Metal | Profiler DRAM buffers were full, markers were dropped! device 2, worker core 6, 3, Risc NCRISC,  bufferEndIndex = 12000. Please either decrease the number of ops being profiled or run read device profiler more often (profiler.cpp:1575)
2026-07-29 14:48:30.100 | warning  |           Metal | Profiler DRAM buffers were full, markers were dropped! device 2, worker core 6, 3, Risc TRISC_0,  bufferEndIndex = 12000. Please either decrease the number of ops being profiled or run read device profiler more often (profiler.cpp:1575)
2026-07-29 14:48:30.100 | warning  |           Metal | Profiler DRAM buffers were full, markers were dropped! device 2, worker core 6, 3, Risc TRISC_1,  bufferEndIndex = 12000. Please either decrease the number of ops being profiled or run read device profiler more often (profiler.cpp:1575)
2026-07-29 14:48:30.100 | warning  |           Metal | Profiler DRAM buffers were full, markers were dropped! device 2, worker core 6, 3, Risc TRISC_2,  bufferEndIndex = 12000. Please either decrease the number of ops being profiled or run read device profiler more often (profiler.cpp:1575)
2026-07-29 14:48:30.100 | warning  |           Metal | Profiler DRAM buffers were full, markers were dropped! device 2, worker core 6, 4, Risc BRISC,  bufferEndIndex = 12000. Please either decrease the number of ops being profiled or run read device profiler more often (profiler.cpp:1575)
2026-07-29 14:48:30.101 | warning  |           Metal | Profiler DRAM buffers were full, markers were dropped! device 2, worker core 6, 4, Risc NCRISC,  bufferEndIndex = 12000. Please either decrease the number of ops being profiled or run read device profiler more often (profiler.cpp:1575)
2026-07-29 14:48:30.101 | warning  |           Metal | Profiler DRAM buffers were full, markers were dropped! device 2, worker core 6, 4, Risc TRISC_0,  bufferEndIndex = 12000. Please either decrease the number of ops being profiled or run read device profiler more often (profiler.cpp:1575)
2026-07-29 14:48:30.101 | warning  |           Metal | Profiler DRAM buffers were full, markers were dropped! device 2, worker core 6, 4, Risc TRISC_1,  bufferEndIndex = 12000. Please either decrease the number of ops being profiled or run read device profiler more often (profiler.cpp:1575)
2026-07-29 14:48:30.101 | warning  |           Metal | Profiler DRAM buffers were full, markers were dropped! device 2, worker core 6, 4, Risc TRISC_2,  bufferEndIndex = 12000. Please either decrease the number of ops being profiled or run read device profiler more often (profiler.cpp:1575)
2026-07-29 14:48:30.101 | warning  |           Metal | Profiler DRAM buffers were full, markers were dropped! device 2, worker core 6, 5, Risc BRISC,  bufferEndIndex = 12000. Please either decrease the number of ops being profiled or run read device profiler more often (profiler.cpp:1575)
2026-07-29 14:48:30.102 | warning  |           Metal | Profiler DRAM buffers were full, markers were dropped! device 2, worker core 6, 5, Risc NCRISC,  bufferEndIndex = 12000. Please either decrease the number of ops being profiled or run read device profiler more often (profiler.cpp:1575)
2026-07-29 14:48:30.102 | warning  |           Metal | Profiler DRAM buffers were full, markers were dropped! device 2, worker core 6, 5, Risc TRISC_0,  bufferEndIndex = 12000. Please either decrease the number of ops being profiled or run read device profiler more often (profiler.cpp:1575)
2026-07-29 14:48:30.102 | warning  |           Metal | Profiler DRAM buffers were full, markers were dropped! device 2, worker core 6, 5, Risc TRISC_1,  bufferEndIndex = 12000. Please either decrease the number of ops being profiled or run read device profiler more often (profiler.cpp:1575)
2026-07-29 14:48:30.102 | warning  |           Metal | Profiler DRAM buffers were full, markers were dropped! device 2, worker core 6, 5, Risc TRISC_2,  bufferEndIndex = 12000. Please either decrease the number of ops being profiled or run read device profiler more often (profiler.cpp:1575)
2026-07-29 14:48:30.102 | warning  |           Metal | Profiler DRAM buffers were full, markers were dropped! device 2, worker core 6, 6, Risc BRISC,  bufferEndIndex = 12000. Please either decrease the number of ops being profiled or run read device profiler more often (profiler.cpp:1575)
2026-07-29 14:48:30.103 | warning  |           Metal | Profiler DRAM buffers were full, markers were dropped! device 2, worker core 6, 6, Risc NCRISC,  bufferEndIndex = 12000. Please either decrease the number of ops being profiled or run read device profiler more often (profiler.cpp:1575)
2026-07-29 14:48:30.103 | warning  |           Metal | Profiler DRAM buffers were full, markers were dropped! device 2, worker core 6, 6, Risc TRISC_0,  bufferEndIndex = 12000. Please either decrease the number of ops being profiled or run read device profiler more often (profiler.cpp:1575)
2026-07-29 14:48:30.103 | warning  |           Metal | Profiler DRAM buffers were full, markers were dropped! device 2, worker core 6, 6, Risc TRISC_1,  bufferEndIndex = 12000. Please either decrease the number of ops being profiled or run read device profiler more often (profiler.cpp:1575)
2026-07-29 14:48:30.103 | warning  |           Metal | Profiler DRAM buffers were full, markers were dropped! device 2, worker core 6, 6, Risc TRISC_2,  bufferEndIndex = 12000. Please either decrease the number of ops being profiled or run read device profiler more often (profiler.cpp:1575)
2026-07-29 14:48:30.103 | warning  |           Metal | Profiler DRAM buffers were full, markers were dropped! device 2, worker core 6, 7, Risc BRISC,  bufferEndIndex = 12000. Please either decrease the number of ops being profiled or run read device profiler more often (profiler.cpp:1575)
2026-07-29 14:48:30.104 | warning  |           Metal | Profiler DRAM buffers were full, markers were dropped! device 2, worker core 6, 7, Risc NCRISC,  bufferEndIndex = 12000. Please either decrease the number of ops being profiled or run read device profiler more often (profiler.cpp:1575)
2026-07-29 14:48:30.104 | warning  |           Metal | Profiler DRAM buffers were full, markers were dropped! device 2, worker core 6, 7, Risc TRISC_0,  bufferEndIndex = 12000. Please either decrease the number of ops being profiled or run read device profiler more often (profiler.cpp:1575)
2026-07-29 14:48:30.104 | warning  |           Metal | Profiler DRAM buffers were full, markers were dropped! device 2, worker core 6, 7, Risc TRISC_1,  bufferEndIndex = 12000. Please either decrease the number of ops being profiled or run read device profiler more often (profiler.cpp:1575)
2026-07-29 14:48:30.104 | warning  |           Metal | Profiler DRAM buffers were full, markers were dropped! device 2, worker core 6, 7, Risc TRISC_2,  bufferEndIndex = 12000. Please either decrease the number of ops being profiled or run read device profiler more often (profiler.cpp:1575)
2026-07-29 14:48:30.104 | warning  |           Metal | Profiler DRAM buffers were full, markers were dropped! device 2, worker core 6, 8, Risc BRISC,  bufferEndIndex = 12000. Please either decrease the number of ops being profiled or run read device profiler more often (profiler.cpp:1575)
2026-07-29 14:48:30.105 | warning  |           Metal | Profiler DRAM buffers were full, markers were dropped! device 2, worker core 6, 8, Risc NCRISC,  bufferEndIndex = 12000. Please either decrease the number of ops being profiled or run read device profiler more often (profiler.cpp:1575)
2026-07-29 14:48:30.105 | warning  |           Metal | Profiler DRAM buffers were full, markers were dropped! device 2, worker core 6, 8, Risc TRISC_0,  bufferEndIndex = 12000. Please either decrease the number of ops being profiled or run read device profiler more often (profiler.cpp:1575)
2026-07-29 14:48:30.105 | warning  |           Metal | Profiler DRAM buffers were full, markers were dropped! device 2, worker core 6, 8, Risc TRISC_1,  bufferEndIndex = 12000. Please either decrease the number of ops being profiled or run read device profiler more often (profiler.cpp:1575)
2026-07-29 14:48:30.105 | warning  |           Metal | Profiler DRAM buffers were full, markers were dropped! device 2, worker core 6, 8, Risc TRISC_2,  bufferEndIndex = 12000. Please either decrease the number of ops being profiled or run read device profiler more often (profiler.cpp:1575)
2026-07-29 14:48:30.106 | warning  |           Metal | Profiler DRAM buffers were full, markers were dropped! device 2, worker core 6, 9, Risc BRISC,  bufferEndIndex = 12000. Please either decrease the number of ops being profiled or run read device profiler more often (profiler.cpp:1575)
2026-07-29 14:48:30.106 | warning  |           Metal | Profiler DRAM buffers were full, markers were dropped! device 2, worker core 6, 9, Risc NCRISC,  bufferEndIndex = 12000. Please either decrease the number of ops being profiled or run read device profiler more often (profiler.cpp:1575)
2026-07-29 14:48:30.106 | warning  |           Metal | Profiler DRAM buffers were full, markers were dropped! device 2, worker core 6, 9, Risc TRISC_0,  bufferEndIndex = 12000. Please either decrease the number of ops being profiled or run read device profiler more often (profiler.cpp:1575)
2026-07-29 14:48:30.106 | warning  |           Metal | Profiler DRAM buffers were full, markers were dropped! device 2, worker core 6, 9, Risc TRISC_1,  bufferEndIndex = 12000. Please either decrease the number of ops being profiled or run read device profiler more often (profiler.cpp:1575)
2026-07-29 14:48:30.107 | warning  |           Metal | Profiler DRAM buffers were full, markers were dropped! device 2, worker core 6, 9, Risc TRISC_2,  bufferEndIndex = 12000. Please either decrease the number of ops being profiled or run read device profiler more often (profiler.cpp:1575)
2026-07-29 14:48:30.107 | warning  |           Metal | Profiler DRAM buffers were full, markers were dropped! device 2, worker core 6, 10, Risc BRISC,  bufferEndIndex = 12000. Please either decrease the number of ops being profiled or run read device profiler more often (profiler.cpp:1575)
2026-07-29 14:48:30.107 | warning  |           Metal | Profiler DRAM buffers were full, markers were dropped! device 2, worker core 6, 10, Risc NCRISC,  bufferEndIndex = 12000. Please either decrease the number of ops being profiled or run read device profiler more often (profiler.cpp:1575)
2026-07-29 14:48:30.107 | warning  |           Metal | Profiler DRAM buffers were full, markers were dropped! device 2, worker core 6, 10, Risc TRISC_0,  bufferEndIndex = 12000. Please either decrease the number of ops being profiled or run read device profiler more often (profiler.cpp:1575)
2026-07-29 14:48:30.107 | warning  |           Metal | Profiler DRAM buffers were full, markers were dropped! device 2, worker core 6, 10, Risc TRISC_1,  bufferEndIndex = 12000. Please either decrease the number of ops being profiled or run read device profiler more often (profiler.cpp:1575)
2026-07-29 14:48:30.108 | warning  |           Metal | Profiler DRAM buffers were full, markers were dropped! device 2, worker core 6, 10, Risc TRISC_2,  bufferEndIndex = 12000. Please either decrease the number of ops being profiled or run read device profiler more often (profiler.cpp:1575)
2026-07-29 14:48:30.108 | warning  |           Metal | Profiler DRAM buffers were full, markers were dropped! device 2, worker core 6, 11, Risc BRISC,  bufferEndIndex = 12000. Please either decrease the number of ops being profiled or run read device profiler more often (profiler.cpp:1575)
2026-07-29 14:48:30.108 | warning  |           Metal | Profiler DRAM buffers were full, markers were dropped! device 2, worker core 6, 11, Risc NCRISC,  bufferEndIndex = 12000. Please either decrease the number of ops being profiled or run read device profiler more often (profiler.cpp:1575)
2026-07-29 14:48:30.108 | warning  |           Metal | Profiler DRAM buffers were full, markers were dropped! device 2, worker core 6, 11, Risc TRISC_0,  bufferEndIndex = 12000. Please either decrease the number of ops being profiled or run read device profiler more often (profiler.cpp:1575)
2026-07-29 14:48:30.109 | warning  |           Metal | Profiler DRAM buffers were full, markers were dropped! device 2, worker core 6, 11, Risc TRISC_1,  bufferEndIndex = 12000. Please either decrease the number of ops being profiled or run read device profiler more often (profiler.cpp:1575)
2026-07-29 14:48:30.109 | warning  |           Metal | Profiler DRAM buffers were full, markers were dropped! device 2, worker core 6, 11, Risc TRISC_2,  bufferEndIndex = 12000. Please either decrease the number of ops being profiled or run read device profiler more often (profiler.cpp:1575)
2026-07-29 14:48:30.109 | warning  |           Metal | Profiler DRAM buffers were full, markers were dropped! device 2, worker core 7, 2, Risc BRISC,  bufferEndIndex = 12000. Please either decrease the number of ops being profiled or run read device profiler more often (profiler.cpp:1575)
2026-07-29 14:48:30.109 | warning  |           Metal | Profiler DRAM buffers were full, markers were dropped! device 2, worker core 7, 2, Risc NCRISC,  bufferEndIndex = 12000. Please either decrease the number of ops being profiled or run read device profiler more often (profiler.cpp:1575)
2026-07-29 14:48:30.109 | warning  |           Metal | Profiler DRAM buffers were full, markers were dropped! device 2, worker core 7, 2, Risc TRISC_0,  bufferEndIndex = 12000. Please either decrease the number of ops being profiled or run read device profiler more often (profiler.cpp:1575)
2026-07-29 14:48:30.110 | warning  |           Metal | Profiler DRAM buffers were full, markers were dropped! device 2, worker core 7, 2, Risc TRISC_1,  bufferEndIndex = 12000. Please either decrease the number of ops being profiled or run read device profiler more often (profiler.cpp:1575)
2026-07-29 14:48:30.110 | warning  |           Metal | Profiler DRAM buffers were full, markers were dropped! device 2, worker core 7, 2, Risc TRISC_2,  bufferEndIndex = 12000. Please either decrease the number of ops being profiled or run read device profiler more often (profiler.cpp:1575)
2026-07-29 14:48:30.110 | warning  |           Metal | Profiler DRAM buffers were full, markers were dropped! device 2, worker core 7, 3, Risc BRISC,  bufferEndIndex = 12000. Please either decrease the number of ops being profiled or run read device profiler more often (profiler.cpp:1575)
2026-07-29 14:48:30.110 | warning  |           Metal | Profiler DRAM buffers were full, markers were dropped! device 2, worker core 7, 3, Risc NCRISC,  bufferEndIndex = 12000. Please either decrease the number of ops being profiled or run read device profiler more often (profiler.cpp:1575)
2026-07-29 14:48:30.111 | warning  |           Metal | Profiler DRAM buffers were full, markers were dropped! device 2, worker core 7, 3, Risc TRISC_0,  bufferEndIndex = 12000. Please either decrease the number of ops being profiled or run read device profiler more often (profiler.cpp:1575)
2026-07-29 14:48:30.111 | warning  |           Metal | Profiler DRAM buffers were full, markers were dropped! device 2, worker core 7, 3, Risc TRISC_1,  bufferEndIndex = 12000. Please either decrease the number of ops being profiled or run read device profiler more often (profiler.cpp:1575)
2026-07-29 14:48:30.111 | warning  |           Metal | Profiler DRAM buffers were full, markers were dropped! device 2, worker core 7, 3, Risc TRISC_2,  bufferEndIndex = 12000. Please either decrease the number of ops being profiled or run read device profiler more often (profiler.cpp:1575)
2026-07-29 14:48:30.111 | warning  |           Metal | Profiler DRAM buffers were full, markers were dropped! device 2, worker core 7, 4, Risc BRISC,  bufferEndIndex = 12000. Please either decrease the number of ops being profiled or run read device profiler more often (profiler.cpp:1575)
2026-07-29 14:48:30.111 | warning  |           Metal | Profiler DRAM buffers were full, markers were dropped! device 2, worker core 7, 4, Risc NCRISC,  bufferEndIndex = 12000. Please either decrease the number of ops being profiled or run read device profiler more often (profiler.cpp:1575)
2026-07-29 14:48:30.112 | warning  |           Metal | Profiler DRAM buffers were full, markers were dropped! device 2, worker core 7, 4, Risc TRISC_0,  bufferEndIndex = 12000. Please either decrease the number of ops being profiled or run read device profiler more often (profiler.cpp:1575)
2026-07-29 14:48:30.112 | warning  |           Metal | Profiler DRAM buffers were full, markers were dropped! device 2, worker core 7, 4, Risc TRISC_1,  bufferEndIndex = 12000. Please either decrease the number of ops being profiled or run read device profiler more often (profiler.cpp:1575)
2026-07-29 14:48:30.112 | warning  |           Metal | Profiler DRAM buffers were full, markers were dropped! device 2, worker core 7, 4, Risc TRISC_2,  bufferEndIndex = 12000. Please either decrease the number of ops being profiled or run read device profiler more often (profiler.cpp:1575)
2026-07-29 14:48:30.112 | warning  |           Metal | Profiler DRAM buffers were full, markers were dropped! device 2, worker core 7, 5, Risc BRISC,  bufferEndIndex = 12000. Please either decrease the number of ops being profiled or run read device profiler more often (profiler.cpp:1575)
2026-07-29 14:48:30.112 | warning  |           Metal | Profiler DRAM buffers were full, markers were dropped! device 2, worker core 7, 5, Risc NCRISC,  bufferEndIndex = 12000. Please either decrease the number of ops being profiled or run read device profiler more often (profiler.cpp:1575)
2026-07-29 14:48:30.113 | warning  |           Metal | Profiler DRAM buffers were full, markers were dropped! device 2, worker core 7, 5, Risc TRISC_0,  bufferEndIndex = 12000. Please either decrease the number of ops being profiled or run read device profiler more often (profiler.cpp:1575)
2026-07-29 14:48:30.113 | warning  |           Metal | Profiler DRAM buffers were full, markers were dropped! device 2, worker core 7, 5, Risc TRISC_1,  bufferEndIndex = 12000. Please either decrease the number of ops being profiled or run read device profiler more often (profiler.cpp:1575)
2026-07-29 14:48:30.113 | warning  |           Metal | Profiler DRAM buffers were full, markers were dropped! device 2, worker core 7, 5, Risc TRISC_2,  bufferEndIndex = 12000. Please either decrease the number of ops being profiled or run read device profiler more often (profiler.cpp:1575)
2026-07-29 14:48:30.113 | warning  |           Metal | Profiler DRAM buffers were full, markers were dropped! device 2, worker core 7, 6, Risc BRISC,  bufferEndIndex = 12000. Please either decrease the number of ops being profiled or run read device profiler more often (profiler.cpp:1575)
2026-07-29 14:48:30.113 | warning  |           Metal | Profiler DRAM buffers were full, markers were dropped! device 2, worker core 7, 6, Risc NCRISC,  bufferEndIndex = 12000. Please either decrease the number of ops being profiled or run read device profiler more often (profiler.cpp:1575)
2026-07-29 14:48:30.114 | warning  |           Metal | Profiler DRAM buffers were full, markers were dropped! device 2, worker core 7, 6, Risc TRISC_0,  bufferEndIndex = 12000. Please either decrease the number of ops being profiled or run read device profiler more often (profiler.cpp:1575)
2026-07-29 14:48:30.114 | warning  |           Metal | Profiler DRAM buffers were full, markers were dropped! device 2, worker core 7, 6, Risc TRISC_1,  bufferEndIndex = 12000. Please either decrease the number of ops being profiled or run read device profiler more often (profiler.cpp:1575)
2026-07-29 14:48:30.114 | warning  |           Metal | Profiler DRAM buffers were full, markers were dropped! device 2, worker core 7, 6, Risc TRISC_2,  bufferEndIndex = 12000. Please either decrease the number of ops being profiled or run read device profiler more often (profiler.cpp:1575)
2026-07-29 14:48:30.114 | warning  |           Metal | Profiler DRAM buffers were full, markers were dropped! device 2, worker core 7, 7, Risc BRISC,  bufferEndIndex = 12000. Please either decrease the number of ops being profiled or run read device profiler more often (profiler.cpp:1575)
2026-07-29 14:48:30.114 | warning  |           Metal | Profiler DRAM buffers were full, markers were dropped! device 2, worker core 7, 7, Risc NCRISC,  bufferEndIndex = 12000. Please either decrease the number of ops being profiled or run read device profiler more often (profiler.cpp:1575)
2026-07-29 14:48:30.115 | warning  |           Metal | Profiler DRAM buffers were full, markers were dropped! device 2, worker core 7, 7, Risc TRISC_0,  bufferEndIndex = 12000. Please either decrease the number of ops being profiled or run read device profiler more often (profiler.cpp:1575)
2026-07-29 14:48:30.115 | warning  |           Metal | Profiler DRAM buffers were full, markers were dropped! device 2, worker core 7, 7, Risc TRISC_1,  bufferEndIndex = 12000. Please either decrease the number of ops being profiled or run read device profiler more often (profiler.cpp:1575)
2026-07-29 14:48:30.115 | warning  |           Metal | Profiler DRAM buffers were full, markers were dropped! device 2, worker core 7, 7, Risc TRISC_2,  bufferEndIndex = 12000. Please either decrease the number of ops being profiled or run read device profiler more often (profiler.cpp:1575)
2026-07-29 14:48:30.115 | warning  |           Metal | Profiler DRAM buffers were full, markers were dropped! device 2, worker core 7, 8, Risc BRISC,  bufferEndIndex = 12000. Please either decrease the number of ops being profiled or run read device profiler more often (profiler.cpp:1575)
2026-07-29 14:48:30.116 | warning  |           Metal | Profiler DRAM buffers were full, markers were dropped! device 2, worker core 7, 8, Risc NCRISC,  bufferEndIndex = 12000. Please either decrease the number of ops being profiled or run read device profiler more often (profiler.cpp:1575)
2026-07-29 14:48:30.116 | warning  |           Metal | Profiler DRAM buffers were full, markers were dropped! device 2, worker core 7, 8, Risc TRISC_0,  bufferEndIndex = 12000. Please either decrease the number of ops being profiled or run read device profiler more often (profiler.cpp:1575)
2026-07-29 14:48:30.116 | warning  |           Metal | Profiler DRAM buffers were full, markers were dropped! device 2, worker core 7, 8, Risc TRISC_1,  bufferEndIndex = 12000. Please either decrease the number of ops being profiled or run read device profiler more often (profiler.cpp:1575)
2026-07-29 14:48:30.116 | warning  |           Metal | Profiler DRAM buffers were full, markers were dropped! device 2, worker core 7, 8, Risc TRISC_2,  bufferEndIndex = 12000. Please either decrease the number of ops being profiled or run read device profiler more often (profiler.cpp:1575)
2026-07-29 14:48:30.116 | warning  |           Metal | Profiler DRAM buffers were full, markers were dropped! device 2, worker core 7, 9, Risc BRISC,  bufferEndIndex = 12000. Please either decrease the number of ops being profiled or run read device profiler more often (profiler.cpp:1575)
2026-07-29 14:48:30.117 | warning  |           Metal | Profiler DRAM buffers were full, markers were dropped! device 2, worker core 7, 9, Risc NCRISC,  bufferEndIndex = 12000. Please either decrease the number of ops being profiled or run read device profiler more often (profiler.cpp:1575)
2026-07-29 14:48:30.117 | warning  |           Metal | Profiler DRAM buffers were full, markers were dropped! device 2, worker core 7, 9, Risc TRISC_0,  bufferEndIndex = 12000. Please either decrease the number of ops being profiled or run read device profiler more often (profiler.cpp:1575)
2026-07-29 14:48:30.117 | warning  |           Metal | Profiler DRAM buffers were full, markers were dropped! device 2, worker core 7, 9, Risc TRISC_1,  bufferEndIndex = 12000. Please either decrease the number of ops being profiled or run read device profiler more often (profiler.cpp:1575)
2026-07-29 14:48:30.117 | warning  |           Metal | Profiler DRAM buffers were full, markers were dropped! device 2, worker core 7, 9, Risc TRISC_2,  bufferEndIndex = 12000. Please either decrease the number of ops being profiled or run read device profiler more often (profiler.cpp:1575)
2026-07-29 14:48:30.117 | warning  |           Metal | Profiler DRAM buffers were full, markers were dropped! device 2, worker core 7, 10, Risc BRISC,  bufferEndIndex = 12000. Please either decrease the number of ops being profiled or run read device profiler more often (profiler.cpp:1575)
2026-07-29 14:48:30.118 | warning  |           Metal | Profiler DRAM buffers were full, markers were dropped! device 2, worker core 7, 10, Risc NCRISC,  bufferEndIndex = 12000. Please either decrease the number of ops being profiled or run read device profiler more often (profiler.cpp:1575)
2026-07-29 14:48:30.118 | warning  |           Metal | Profiler DRAM buffers were full, markers were dropped! device 2, worker core 7, 10, Risc TRISC_0,  bufferEndIndex = 12000. Please either decrease the number of ops being profiled or run read device profiler more often (profiler.cpp:1575)
2026-07-29 14:48:30.118 | warning  |           Metal | Profiler DRAM buffers were full, markers were dropped! device 2, worker core 7, 10, Risc TRISC_1,  bufferEndIndex = 12000. Please either decrease the number of ops being profiled or run read device profiler more often (profiler.cpp:1575)
2026-07-29 14:48:30.118 | warning  |           Metal | Profiler DRAM buffers were full, markers were dropped! device 2, worker core 7, 10, Risc TRISC_2,  bufferEndIndex = 12000. Please either decrease the number of ops being profiled or run read device profiler more often (profiler.cpp:1575)
2026-07-29 14:48:30.118 | warning  |           Metal | Profiler DRAM buffers were full, markers were dropped! device 2, worker core 7, 11, Risc BRISC,  bufferEndIndex = 12000. Please either decrease the number of ops being profiled or run read device profiler more often (profiler.cpp:1575)
2026-07-29 14:48:30.119 | warning  |           Metal | Profiler DRAM buffers were full, markers were dropped! device 2, worker core 7, 11, Risc NCRISC,  bufferEndIndex = 12000. Please either decrease the number of ops being profiled or run read device profiler more often (profiler.cpp:1575)
2026-07-29 14:48:30.119 | warning  |           Metal | Profiler DRAM buffers were full, markers were dropped! device 2, worker core 7, 11, Risc TRISC_0,  bufferEndIndex = 12000. Please either decrease the number of ops being profiled or run read device profiler more often (profiler.cpp:1575)
2026-07-29 14:48:30.119 | warning  |           Metal | Profiler DRAM buffers were full, markers were dropped! device 2, worker core 7, 11, Risc TRISC_1,  bufferEndIndex = 12000. Please either decrease the number of ops being profiled or run read device profiler more often (profiler.cpp:1575)
2026-07-29 14:48:30.119 | warning  |           Metal | Profiler DRAM buffers were full, markers were dropped! device 2, worker core 7, 11, Risc TRISC_2,  bufferEndIndex = 12000. Please either decrease the number of ops being profiled or run read device profiler more often (profiler.cpp:1575)
2026-07-29 14:48:30.119 | warning  |           Metal | Profiler DRAM buffers were full, markers were dropped! device 2, worker core 10, 2, Risc BRISC,  bufferEndIndex = 12000. Please either decrease the number of ops being profiled or run read device profiler more often (profiler.cpp:1575)
2026-07-29 14:48:30.120 | warning  |           Metal | Profiler DRAM buffers were full, markers were dropped! device 2, worker core 10, 2, Risc NCRISC,  bufferEndIndex = 12000. Please either decrease the number of ops being profiled or run read device profiler more often (profiler.cpp:1575)
2026-07-29 14:48:30.120 | warning  |           Metal | Profiler DRAM buffers were full, markers were dropped! device 2, worker core 10, 2, Risc TRISC_0,  bufferEndIndex = 12000. Please either decrease the number of ops being profiled or run read device profiler more often (profiler.cpp:1575)
2026-07-29 14:48:30.120 | warning  |           Metal | Profiler DRAM buffers were full, markers were dropped! device 2, worker core 10, 2, Risc TRISC_1,  bufferEndIndex = 12000. Please either decrease the number of ops being profiled or run read device profiler more often (profiler.cpp:1575)
2026-07-29 14:48:30.120 | warning  |           Metal | Profiler DRAM buffers were full, markers were dropped! device 2, worker core 10, 2, Risc TRISC_2,  bufferEndIndex = 12000. Please either decrease the number of ops being profiled or run read device profiler more often (profiler.cpp:1575)
2026-07-29 14:48:30.121 | warning  |           Metal | Profiler DRAM buffers were full, markers were dropped! device 2, worker core 10, 3, Risc BRISC,  bufferEndIndex = 12000. Please either decrease the number of ops being profiled or run read device profiler more often (profiler.cpp:1575)
2026-07-29 14:48:30.121 | warning  |           Metal | Profiler DRAM buffers were full, markers were dropped! device 2, worker core 10, 3, Risc NCRISC,  bufferEndIndex = 12000. Please either decrease the number of ops being profiled or run read device profiler more often (profiler.cpp:1575)
2026-07-29 14:48:30.121 | warning  |           Metal | Profiler DRAM buffers were full, markers were dropped! device 2, worker core 10, 3, Risc TRISC_0,  bufferEndIndex = 12000. Please either decrease the number of ops being profiled or run read device profiler more often (profiler.cpp:1575)
2026-07-29 14:48:30.121 | warning  |           Metal | Profiler DRAM buffers were full, markers were dropped! device 2, worker core 10, 3, Risc TRISC_1,  bufferEndIndex = 12000. Please either decrease the number of ops being profiled or run read device profiler more often (profiler.cpp:1575)
2026-07-29 14:48:30.122 | warning  |           Metal | Profiler DRAM buffers were full, markers were dropped! device 2, worker core 10, 3, Risc TRISC_2,  bufferEndIndex = 12000. Please either decrease the number of ops being profiled or run read device profiler more often (profiler.cpp:1575)
2026-07-29 14:48:30.122 | warning  |           Metal | Profiler DRAM buffers were full, markers were dropped! device 2, worker core 10, 4, Risc BRISC,  bufferEndIndex = 12000. Please either decrease the number of ops being profiled or run read device profiler more often (profiler.cpp:1575)
2026-07-29 14:48:30.122 | warning  |           Metal | Profiler DRAM buffers were full, markers were dropped! device 2, worker core 10, 4, Risc NCRISC,  bufferEndIndex = 12000. Please either decrease the number of ops being profiled or run read device profiler more often (profiler.cpp:1575)
2026-07-29 14:48:30.122 | warning  |           Metal | Profiler DRAM buffers were full, markers were dropped! device 2, worker core 10, 4, Risc TRISC_0,  bufferEndIndex = 12000. Please either decrease the number of ops being profiled or run read device profiler more often (profiler.cpp:1575)
2026-07-29 14:48:30.123 | warning  |           Metal | Profiler DRAM buffers were full, markers were dropped! device 2, worker core 10, 4, Risc TRISC_1,  bufferEndIndex = 12000. Please either decrease the number of ops being profiled or run read device profiler more often (profiler.cpp:1575)
2026-07-29 14:48:30.123 | warning  |           Metal | Profiler DRAM buffers were full, markers were dropped! device 2, worker core 10, 4, Risc TRISC_2,  bufferEndIndex = 12000. Please either decrease the number of ops being profiled or run read device profiler more often (profiler.cpp:1575)
2026-07-29 14:48:30.123 | warning  |           Metal | Profiler DRAM buffers were full, markers were dropped! device 2, worker core 10, 5, Risc BRISC,  bufferEndIndex = 12000. Please either decrease the number of ops being profiled or run read device profiler more often (profiler.cpp:1575)
2026-07-29 14:48:30.123 | warning  |           Metal | Profiler DRAM buffers were full, markers were dropped! device 2, worker core 10, 5, Risc NCRISC,  bufferEndIndex = 12000. Please either decrease the number of ops being profiled or run read device profiler more often (profiler.cpp:1575)
2026-07-29 14:48:30.123 | warning  |           Metal | Profiler DRAM buffers were full, markers were dropped! device 2, worker core 10, 5, Risc TRISC_0,  bufferEndIndex = 12000. Please either decrease the number of ops being profiled or run read device profiler more often (profiler.cpp:1575)
2026-07-29 14:48:30.124 | warning  |           Metal | Profiler DRAM buffers were full, markers were dropped! device 2, worker core 10, 5, Risc TRISC_1,  bufferEndIndex = 12000. Please either decrease the number of ops being profiled or run read device profiler more often (profiler.cpp:1575)
2026-07-29 14:48:30.124 | warning  |           Metal | Profiler DRAM buffers were full, markers were dropped! device 2, worker core 10, 5, Risc TRISC_2,  bufferEndIndex = 12000. Please either decrease the number of ops being profiled or run read device profiler more often (profiler.cpp:1575)
2026-07-29 14:48:30.124 | warning  |           Metal | Profiler DRAM buffers were full, markers were dropped! device 2, worker core 10, 6, Risc BRISC,  bufferEndIndex = 12000. Please either decrease the number of ops being profiled or run read device profiler more often (profiler.cpp:1575)
2026-07-29 14:48:30.124 | warning  |           Metal | Profiler DRAM buffers were full, markers were dropped! device 2, worker core 10, 6, Risc NCRISC,  bufferEndIndex = 12000. Please either decrease the number of ops being profiled or run read device profiler more often (profiler.cpp:1575)
2026-07-29 14:48:30.125 | warning  |           Metal | Profiler DRAM buffers were full, markers were dropped! device 2, worker core 10, 6, Risc TRISC_0,  bufferEndIndex = 12000. Please either decrease the number of ops being profiled or run read device profiler more often (profiler.cpp:1575)
2026-07-29 14:48:30.125 | warning  |           Metal | Profiler DRAM buffers were full, markers were dropped! device 2, worker core 10, 6, Risc TRISC_1,  bufferEndIndex = 12000. Please either decrease the number of ops being profiled or run read device profiler more often (profiler.cpp:1575)
2026-07-29 14:48:30.125 | warning  |           Metal | Profiler DRAM buffers were full, markers were dropped! device 2, worker core 10, 6, Risc TRISC_2,  bufferEndIndex = 12000. Please either decrease the number of ops being profiled or run read device profiler more often (profiler.cpp:1575)
2026-07-29 14:48:30.125 | warning  |           Metal | Profiler DRAM buffers were full, markers were dropped! device 2, worker core 10, 7, Risc BRISC,  bufferEndIndex = 12000. Please either decrease the number of ops being profiled or run read device profiler more often (profiler.cpp:1575)
2026-07-29 14:48:30.125 | warning  |           Metal | Profiler DRAM buffers were full, markers were dropped! device 2, worker core 10, 7, Risc NCRISC,  bufferEndIndex = 12000. Please either decrease the number of ops being profiled or run read device profiler more often (profiler.cpp:1575)
2026-07-29 14:48:30.126 | warning  |           Metal | Profiler DRAM buffers were full, markers were dropped! device 2, worker core 10, 7, Risc TRISC_0,  bufferEndIndex = 12000. Please either decrease the number of ops being profiled or run read device profiler more often (profiler.cpp:1575)
2026-07-29 14:48:30.126 | warning  |           Metal | Profiler DRAM buffers were full, markers were dropped! device 2, worker core 10, 7, Risc TRISC_1,  bufferEndIndex = 12000. Please either decrease the number of ops being profiled or run read device profiler more often (profiler.cpp:1575)
2026-07-29 14:48:30.126 | warning  |           Metal | Profiler DRAM buffers were full, markers were dropped! device 2, worker core 10, 7, Risc TRISC_2,  bufferEndIndex = 12000. Please either decrease the number of ops being profiled or run read device profiler more often (profiler.cpp:1575)
2026-07-29 14:48:30.126 | warning  |           Metal | Profiler DRAM buffers were full, markers were dropped! device 2, worker core 10, 8, Risc BRISC,  bufferEndIndex = 12000. Please either decrease the number of ops being profiled or run read device profiler more often (profiler.cpp:1575)
2026-07-29 14:48:30.126 | warning  |           Metal | Profiler DRAM buffers were full, markers were dropped! device 2, worker core 10, 8, Risc NCRISC,  bufferEndIndex = 12000. Please either decrease the number of ops being profiled or run read device profiler more often (profiler.cpp:1575)
2026-07-29 14:48:30.127 | warning  |           Metal | Profiler DRAM buffers were full, markers were dropped! device 2, worker core 10, 8, Risc TRISC_0,  bufferEndIndex = 12000. Please either decrease the number of ops being profiled or run read device profiler more often (profiler.cpp:1575)
2026-07-29 14:48:30.127 | warning  |           Metal | Profiler DRAM buffers were full, markers were dropped! device 2, worker core 10, 8, Risc TRISC_1,  bufferEndIndex = 12000. Please either decrease the number of ops being profiled or run read device profiler more often (profiler.cpp:1575)
2026-07-29 14:48:30.127 | warning  |           Metal | Profiler DRAM buffers were full, markers were dropped! device 2, worker core 10, 8, Risc TRISC_2,  bufferEndIndex = 12000. Please either decrease the number of ops being profiled or run read device profiler more often (profiler.cpp:1575)
2026-07-29 14:48:30.127 | warning  |           Metal | Profiler DRAM buffers were full, markers were dropped! device 2, worker core 10, 9, Risc BRISC,  bufferEndIndex = 12000. Please either decrease the number of ops being profiled or run read device profiler more often (profiler.cpp:1575)
2026-07-29 14:48:30.127 | warning  |           Metal | Profiler DRAM buffers were full, markers were dropped! device 2, worker core 10, 9, Risc NCRISC,  bufferEndIndex = 12000. Please either decrease the number of ops being profiled or run read device profiler more often (profiler.cpp:1575)
2026-07-29 14:48:30.128 | warning  |           Metal | Profiler DRAM buffers were full, markers were dropped! device 2, worker core 10, 9, Risc TRISC_0,  bufferEndIndex = 12000. Please either decrease the number of ops being profiled or run read device profiler more often (profiler.cpp:1575)
2026-07-29 14:48:30.128 | warning  |           Metal | Profiler DRAM buffers were full, markers were dropped! device 2, worker core 10, 9, Risc TRISC_1,  bufferEndIndex = 12000. Please either decrease the number of ops being profiled or run read device profiler more often (profiler.cpp:1575)
2026-07-29 14:48:30.128 | warning  |           Metal | Profiler DRAM buffers were full, markers were dropped! device 2, worker core 10, 9, Risc TRISC_2,  bufferEndIndex = 12000. Please either decrease the number of ops being profiled or run read device profiler more often (profiler.cpp:1575)
2026-07-29 14:48:30.128 | warning  |           Metal | Profiler DRAM buffers were full, markers were dropped! device 2, worker core 10, 10, Risc BRISC,  bufferEndIndex = 12000. Please either decrease the number of ops being profiled or run read device profiler more often (profiler.cpp:1575)
2026-07-29 14:48:30.129 | warning  |           Metal | Profiler DRAM buffers were full, markers were dropped! device 2, worker core 10, 10, Risc NCRISC,  bufferEndIndex = 12000. Please either decrease the number of ops being profiled or run read device profiler more often (profiler.cpp:1575)
2026-07-29 14:48:30.129 | warning  |           Metal | Profiler DRAM buffers were full, markers were dropped! device 2, worker core 10, 10, Risc TRISC_0,  bufferEndIndex = 12000. Please either decrease the number of ops being profiled or run read device profiler more often (profiler.cpp:1575)
2026-07-29 14:48:30.129 | warning  |           Metal | Profiler DRAM buffers were full, markers were dropped! device 2, worker core 10, 10, Risc TRISC_1,  bufferEndIndex = 12000. Please either decrease the number of ops being profiled or run read device profiler more often (profiler.cpp:1575)
2026-07-29 14:48:30.129 | warning  |           Metal | Profiler DRAM buffers were full, markers were dropped! device 2, worker core 10, 10, Risc TRISC_2,  bufferEndIndex = 12000. Please either decrease the number of ops being profiled or run read device profiler more often (profiler.cpp:1575)
2026-07-29 14:48:30.129 | warning  |           Metal | Profiler DRAM buffers were full, markers were dropped! device 2, worker core 10, 11, Risc BRISC,  bufferEndIndex = 12000. Please either decrease the number of ops being profiled or run read device profiler more often (profiler.cpp:1575)
2026-07-29 14:48:30.130 | warning  |           Metal | Profiler DRAM buffers were full, markers were dropped! device 2, worker core 10, 11, Risc NCRISC,  bufferEndIndex = 12000. Please either decrease the number of ops being profiled or run read device profiler more often (profiler.cpp:1575)
2026-07-29 14:48:30.130 | warning  |           Metal | Profiler DRAM buffers were full, markers were dropped! device 2, worker core 10, 11, Risc TRISC_0,  bufferEndIndex = 12000. Please either decrease the number of ops being profiled or run read device profiler more often (profiler.cpp:1575)
2026-07-29 14:48:30.130 | warning  |           Metal | Profiler DRAM buffers were full, markers were dropped! device 2, worker core 10, 11, Risc TRISC_1,  bufferEndIndex = 12000. Please either decrease the number of ops being profiled or run read device profiler more often (profiler.cpp:1575)
2026-07-29 14:48:30.130 | warning  |           Metal | Profiler DRAM buffers were full, markers were dropped! device 2, worker core 10, 11, Risc TRISC_2,  bufferEndIndex = 12000. Please either decrease the number of ops being profiled or run read device profiler more often (profiler.cpp:1575)
2026-07-29 14:48:30.130 | warning  |           Metal | Profiler DRAM buffers were full, markers were dropped! device 2, worker core 11, 2, Risc BRISC,  bufferEndIndex = 12000. Please either decrease the number of ops being profiled or run read device profiler more often (profiler.cpp:1575)
2026-07-29 14:48:30.131 | warning  |           Metal | Profiler DRAM buffers were full, markers were dropped! device 2, worker core 11, 2, Risc NCRISC,  bufferEndIndex = 12000. Please either decrease the number of ops being profiled or run read device profiler more often (profiler.cpp:1575)
2026-07-29 14:48:30.131 | warning  |           Metal | Profiler DRAM buffers were full, markers were dropped! device 2, worker core 11, 2, Risc TRISC_0,  bufferEndIndex = 12000. Please either decrease the number of ops being profiled or run read device profiler more often (profiler.cpp:1575)
2026-07-29 14:48:30.131 | warning  |           Metal | Profiler DRAM buffers were full, markers were dropped! device 2, worker core 11, 2, Risc TRISC_1,  bufferEndIndex = 12000. Please either decrease the number of ops being profiled or run read device profiler more often (profiler.cpp:1575)
2026-07-29 14:48:30.131 | warning  |           Metal | Profiler DRAM buffers were full, markers were dropped! device 2, worker core 11, 2, Risc TRISC_2,  bufferEndIndex = 12000. Please either decrease the number of ops being profiled or run read device profiler more often (profiler.cpp:1575)
2026-07-29 14:48:30.131 | warning  |           Metal | Profiler DRAM buffers were full, markers were dropped! device 2, worker core 11, 3, Risc BRISC,  bufferEndIndex = 12000. Please either decrease the number of ops being profiled or run read device profiler more often (profiler.cpp:1575)
2026-07-29 14:48:30.132 | warning  |           Metal | Profiler DRAM buffers were full, markers were dropped! device 2, worker core 11, 3, Risc NCRISC,  bufferEndIndex = 12000. Please either decrease the number of ops being profiled or run read device profiler more often (profiler.cpp:1575)
2026-07-29 14:48:30.132 | warning  |           Metal | Profiler DRAM buffers were full, markers were dropped! device 2, worker core 11, 3, Risc TRISC_0,  bufferEndIndex = 12000. Please either decrease the number of ops being profiled or run read device profiler more often (profiler.cpp:1575)
2026-07-29 14:48:30.132 | warning  |           Metal | Profiler DRAM buffers were full, markers were dropped! device 2, worker core 11, 3, Risc TRISC_1,  bufferEndIndex = 12000. Please either decrease the number of ops being profiled or run read device profiler more often (profiler.cpp:1575)
2026-07-29 14:48:30.132 | warning  |           Metal | Profiler DRAM buffers were full, markers were dropped! device 2, worker core 11, 3, Risc TRISC_2,  bufferEndIndex = 12000. Please either decrease the number of ops being profiled or run read device profiler more often (profiler.cpp:1575)
2026-07-29 14:48:30.132 | warning  |           Metal | Profiler DRAM buffers were full, markers were dropped! device 2, worker core 11, 4, Risc BRISC,  bufferEndIndex = 12000. Please either decrease the number of ops being profiled or run read device profiler more often (profiler.cpp:1575)
2026-07-29 14:48:30.133 | warning  |           Metal | Profiler DRAM buffers were full, markers were dropped! device 2, worker core 11, 4, Risc NCRISC,  bufferEndIndex = 12000. Please either decrease the number of ops being profiled or run read device profiler more often (profiler.cpp:1575)
2026-07-29 14:48:30.133 | warning  |           Metal | Profiler DRAM buffers were full, markers were dropped! device 2, worker core 11, 4, Risc TRISC_0,  bufferEndIndex = 12000. Please either decrease the number of ops being profiled or run read device profiler more often (profiler.cpp:1575)
2026-07-29 14:48:30.133 | warning  |           Metal | Profiler DRAM buffers were full, markers were dropped! device 2, worker core 11, 4, Risc TRISC_1,  bufferEndIndex = 12000. Please either decrease the number of ops being profiled or run read device profiler more often (profiler.cpp:1575)
2026-07-29 14:48:30.133 | warning  |           Metal | Profiler DRAM buffers were full, markers were dropped! device 2, worker core 11, 4, Risc TRISC_2,  bufferEndIndex = 12000. Please either decrease the number of ops being profiled or run read device profiler more often (profiler.cpp:1575)
2026-07-29 14:48:30.134 | warning  |           Metal | Profiler DRAM buffers were full, markers were dropped! device 2, worker core 11, 5, Risc BRISC,  bufferEndIndex = 12000. Please either decrease the number of ops being profiled or run read device profiler more often (profiler.cpp:1575)
2026-07-29 14:48:30.134 | warning  |           Metal | Profiler DRAM buffers were full, markers were dropped! device 2, worker core 11, 5, Risc NCRISC,  bufferEndIndex = 12000. Please either decrease the number of ops being profiled or run read device profiler more often (profiler.cpp:1575)
2026-07-29 14:48:30.134 | warning  |           Metal | Profiler DRAM buffers were full, markers were dropped! device 2, worker core 11, 5, Risc TRISC_0,  bufferEndIndex = 12000. Please either decrease the number of ops being profiled or run read device profiler more often (profiler.cpp:1575)
2026-07-29 14:48:30.134 | warning  |           Metal | Profiler DRAM buffers were full, markers were dropped! device 2, worker core 11, 5, Risc TRISC_1,  bufferEndIndex = 12000. Please either decrease the number of ops being profiled or run read device profiler more often (profiler.cpp:1575)
2026-07-29 14:48:30.134 | warning  |           Metal | Profiler DRAM buffers were full, markers were dropped! device 2, worker core 11, 5, Risc TRISC_2,  bufferEndIndex = 12000. Please either decrease the number of ops being profiled or run read device profiler more often (profiler.cpp:1575)
2026-07-29 14:48:30.135 | warning  |           Metal | Profiler DRAM buffers were full, markers were dropped! device 2, worker core 11, 6, Risc BRISC,  bufferEndIndex = 12000. Please either decrease the number of ops being profiled or run read device profiler more often (profiler.cpp:1575)
2026-07-29 14:48:30.135 | warning  |           Metal | Profiler DRAM buffers were full, markers were dropped! device 2, worker core 11, 6, Risc NCRISC,  bufferEndIndex = 12000. Please either decrease the number of ops being profiled or run read device profiler more often (profiler.cpp:1575)
2026-07-29 14:48:30.135 | warning  |           Metal | Profiler DRAM buffers were full, markers were dropped! device 2, worker core 11, 6, Risc TRISC_0,  bufferEndIndex = 12000. Please either decrease the number of ops being profiled or run read device profiler more often (profiler.cpp:1575)
2026-07-29 14:48:30.135 | warning  |           Metal | Profiler DRAM buffers were full, markers were dropped! device 2, worker core 11, 6, Risc TRISC_1,  bufferEndIndex = 12000. Please either decrease the number of ops being profiled or run read device profiler more often (profiler.cpp:1575)
2026-07-29 14:48:30.136 | warning  |           Metal | Profiler DRAM buffers were full, markers were dropped! device 2, worker core 11, 6, Risc TRISC_2,  bufferEndIndex = 12000. Please either decrease the number of ops being profiled or run read device profiler more often (profiler.cpp:1575)
2026-07-29 14:48:30.136 | warning  |           Metal | Profiler DRAM buffers were full, markers were dropped! device 2, worker core 11, 7, Risc BRISC,  bufferEndIndex = 12000. Please either decrease the number of ops being profiled or run read device profiler more often (profiler.cpp:1575)
2026-07-29 14:48:30.136 | warning  |           Metal | Profiler DRAM buffers were full, markers were dropped! device 2, worker core 11, 7, Risc NCRISC,  bufferEndIndex = 12000. Please either decrease the number of ops being profiled or run read device profiler more often (profiler.cpp:1575)
2026-07-29 14:48:30.136 | warning  |           Metal | Profiler DRAM buffers were full, markers were dropped! device 2, worker core 11, 7, Risc TRISC_0,  bufferEndIndex = 12000. Please either decrease the number of ops being profiled or run read device profiler more often (profiler.cpp:1575)
2026-07-29 14:48:30.137 | warning  |           Metal | Profiler DRAM buffers were full, markers were dropped! device 2, worker core 11, 7, Risc TRISC_1,  bufferEndIndex = 12000. Please either decrease the number of ops being profiled or run read device profiler more often (profiler.cpp:1575)
2026-07-29 14:48:30.137 | warning  |           Metal | Profiler DRAM buffers were full, markers were dropped! device 2, worker core 11, 7, Risc TRISC_2,  bufferEndIndex = 12000. Please either decrease the number of ops being profiled or run read device profiler more often (profiler.cpp:1575)
2026-07-29 14:48:30.137 | warning  |           Metal | Profiler DRAM buffers were full, markers were dropped! device 2, worker core 11, 8, Risc BRISC,  bufferEndIndex = 12000. Please either decrease the number of ops being profiled or run read device profiler more often (profiler.cpp:1575)
2026-07-29 14:48:30.137 | warning  |           Metal | Profiler DRAM buffers were full, markers were dropped! device 2, worker core 11, 8, Risc NCRISC,  bufferEndIndex = 12000. Please either decrease the number of ops being profiled or run read device profiler more often (profiler.cpp:1575)
2026-07-29 14:48:30.138 | warning  |           Metal | Profiler DRAM buffers were full, markers were dropped! device 2, worker core 11, 8, Risc TRISC_0,  bufferEndIndex = 12000. Please either decrease the number of ops being profiled or run read device profiler more often (profiler.cpp:1575)
2026-07-29 14:48:30.138 | warning  |           Metal | Profiler DRAM buffers were full, markers were dropped! device 2, worker core 11, 8, Risc TRISC_1,  bufferEndIndex = 12000. Please either decrease the number of ops being profiled or run read device profiler more often (profiler.cpp:1575)
2026-07-29 14:48:30.138 | warning  |           Metal | Profiler DRAM buffers were full, markers were dropped! device 2, worker core 11, 8, Risc TRISC_2,  bufferEndIndex = 12000. Please either decrease the number of ops being profiled or run read device profiler more often (profiler.cpp:1575)
2026-07-29 14:48:30.138 | warning  |           Metal | Profiler DRAM buffers were full, markers were dropped! device 2, worker core 11, 9, Risc BRISC,  bufferEndIndex = 12000. Please either decrease the number of ops being profiled or run read device profiler more often (profiler.cpp:1575)
2026-07-29 14:48:30.138 | warning  |           Metal | Profiler DRAM buffers were full, markers were dropped! device 2, worker core 11, 9, Risc NCRISC,  bufferEndIndex = 12000. Please either decrease the number of ops being profiled or run read device profiler more often (profiler.cpp:1575)
2026-07-29 14:48:30.139 | warning  |           Metal | Profiler DRAM buffers were full, markers were dropped! device 2, worker core 11, 9, Risc TRISC_0,  bufferEndIndex = 12000. Please either decrease the number of ops being profiled or run read device profiler more often (profiler.cpp:1575)
2026-07-29 14:48:30.139 | warning  |           Metal | Profiler DRAM buffers were full, markers were dropped! device 2, worker core 11, 9, Risc TRISC_1,  bufferEndIndex = 12000. Please either decrease the number of ops being profiled or run read device profiler more often (profiler.cpp:1575)
2026-07-29 14:48:30.139 | warning  |           Metal | Profiler DRAM buffers were full, markers were dropped! device 2, worker core 11, 9, Risc TRISC_2,  bufferEndIndex = 12000. Please either decrease the number of ops being profiled or run read device profiler more often (profiler.cpp:1575)
2026-07-29 14:48:30.139 | warning  |           Metal | Profiler DRAM buffers were full, markers were dropped! device 2, worker core 11, 10, Risc BRISC,  bufferEndIndex = 12000. Please either decrease the number of ops being profiled or run read device profiler more often (profiler.cpp:1575)
2026-07-29 14:48:30.139 | warning  |           Metal | Profiler DRAM buffers were full, markers were dropped! device 2, worker core 11, 10, Risc NCRISC,  bufferEndIndex = 12000. Please either decrease the number of ops being profiled or run read device profiler more often (profiler.cpp:1575)
2026-07-29 14:48:30.140 | warning  |           Metal | Profiler DRAM buffers were full, markers were dropped! device 2, worker core 11, 10, Risc TRISC_0,  bufferEndIndex = 12000. Please either decrease the number of ops being profiled or run read device profiler more often (profiler.cpp:1575)
2026-07-29 14:48:30.140 | warning  |           Metal | Profiler DRAM buffers were full, markers were dropped! device 2, worker core 11, 10, Risc TRISC_1,  bufferEndIndex = 12000. Please either decrease the number of ops being profiled or run read device profiler more often (profiler.cpp:1575)
2026-07-29 14:48:30.140 | warning  |           Metal | Profiler DRAM buffers were full, markers were dropped! device 2, worker core 11, 10, Risc TRISC_2,  bufferEndIndex = 12000. Please either decrease the number of ops being profiled or run read device profiler more often (profiler.cpp:1575)
2026-07-29 14:48:30.140 | warning  |           Metal | Profiler DRAM buffers were full, markers were dropped! device 2, worker core 11, 11, Risc BRISC,  bufferEndIndex = 12000. Please either decrease the number of ops being profiled or run read device profiler more often (profiler.cpp:1575)
2026-07-29 14:48:30.140 | warning  |           Metal | Profiler DRAM buffers were full, markers were dropped! device 2, worker core 11, 11, Risc NCRISC,  bufferEndIndex = 12000. Please either decrease the number of ops being profiled or run read device profiler more often (profiler.cpp:1575)
2026-07-29 14:48:30.141 | warning  |           Metal | Profiler DRAM buffers were full, markers were dropped! device 2, worker core 11, 11, Risc TRISC_0,  bufferEndIndex = 12000. Please either decrease the number of ops being profiled or run read device profiler more often (profiler.cpp:1575)
2026-07-29 14:48:30.141 | warning  |           Metal | Profiler DRAM buffers were full, markers were dropped! device 2, worker core 11, 11, Risc TRISC_1,  bufferEndIndex = 12000. Please either decrease the number of ops being profiled or run read device profiler more often (profiler.cpp:1575)
2026-07-29 14:48:30.141 | warning  |           Metal | Profiler DRAM buffers were full, markers were dropped! device 2, worker core 11, 11, Risc TRISC_2,  bufferEndIndex = 12000. Please either decrease the number of ops being profiled or run read device profiler more often (profiler.cpp:1575)
2026-07-29 14:48:30.141 | warning  |           Metal | Profiler DRAM buffers were full, markers were dropped! device 2, worker core 12, 2, Risc BRISC,  bufferEndIndex = 12000. Please either decrease the number of ops being profiled or run read device profiler more often (profiler.cpp:1575)
2026-07-29 14:48:30.141 | warning  |           Metal | Profiler DRAM buffers were full, markers were dropped! device 2, worker core 12, 2, Risc NCRISC,  bufferEndIndex = 12000. Please either decrease the number of ops being profiled or run read device profiler more often (profiler.cpp:1575)
2026-07-29 14:48:30.142 | warning  |           Metal | Profiler DRAM buffers were full, markers were dropped! device 2, worker core 12, 2, Risc TRISC_0,  bufferEndIndex = 12000. Please either decrease the number of ops being profiled or run read device profiler more often (profiler.cpp:1575)
2026-07-29 14:48:30.142 | warning  |           Metal | Profiler DRAM buffers were full, markers were dropped! device 2, worker core 12, 2, Risc TRISC_1,  bufferEndIndex = 12000. Please either decrease the number of ops being profiled or run read device profiler more often (profiler.cpp:1575)
2026-07-29 14:48:30.142 | warning  |           Metal | Profiler DRAM buffers were full, markers were dropped! device 2, worker core 12, 2, Risc TRISC_2,  bufferEndIndex = 12000. Please either decrease the number of ops being profiled or run read device profiler more often (profiler.cpp:1575)
2026-07-29 14:48:30.142 | warning  |           Metal | Profiler DRAM buffers were full, markers were dropped! device 2, worker core 12, 3, Risc BRISC,  bufferEndIndex = 12000. Please either decrease the number of ops being profiled or run read device profiler more often (profiler.cpp:1575)
2026-07-29 14:48:30.143 | warning  |           Metal | Profiler DRAM buffers were full, markers were dropped! device 2, worker core 12, 3, Risc NCRISC,  bufferEndIndex = 12000. Please either decrease the number of ops being profiled or run read device profiler more often (profiler.cpp:1575)
2026-07-29 14:48:30.143 | warning  |           Metal | Profiler DRAM buffers were full, markers were dropped! device 2, worker core 12, 3, Risc TRISC_0,  bufferEndIndex = 12000. Please either decrease the number of ops being profiled or run read device profiler more often (profiler.cpp:1575)
2026-07-29 14:48:30.143 | warning  |           Metal | Profiler DRAM buffers were full, markers were dropped! device 2, worker core 12, 3, Risc TRISC_1,  bufferEndIndex = 12000. Please either decrease the number of ops being profiled or run read device profiler more often (profiler.cpp:1575)
2026-07-29 14:48:30.143 | warning  |           Metal | Profiler DRAM buffers were full, markers were dropped! device 2, worker core 12, 3, Risc TRISC_2,  bufferEndIndex = 12000. Please either decrease the number of ops being profiled or run read device profiler more often (profiler.cpp:1575)
2026-07-29 14:48:30.143 | warning  |           Metal | Profiler DRAM buffers were full, markers were dropped! device 2, worker core 12, 4, Risc BRISC,  bufferEndIndex = 12000. Please either decrease the number of ops being profiled or run read device profiler more often (profiler.cpp:1575)
2026-07-29 14:48:30.144 | warning  |           Metal | Profiler DRAM buffers were full, markers were dropped! device 2, worker core 12, 4, Risc NCRISC,  bufferEndIndex = 12000. Please either decrease the number of ops being profiled or run read device profiler more often (profiler.cpp:1575)
2026-07-29 14:48:30.144 | warning  |           Metal | Profiler DRAM buffers were full, markers were dropped! device 2, worker core 12, 4, Risc TRISC_0,  bufferEndIndex = 12000. Please either decrease the number of ops being profiled or run read device profiler more often (profiler.cpp:1575)
2026-07-29 14:48:30.144 | warning  |           Metal | Profiler DRAM buffers were full, markers were dropped! device 2, worker core 12, 4, Risc TRISC_1,  bufferEndIndex = 12000. Please either decrease the number of ops being profiled or run read device profiler more often (profiler.cpp:1575)
2026-07-29 14:48:30.144 | warning  |           Metal | Profiler DRAM buffers were full, markers were dropped! device 2, worker core 12, 4, Risc TRISC_2,  bufferEndIndex = 12000. Please either decrease the number of ops being profiled or run read device profiler more often (profiler.cpp:1575)
2026-07-29 14:48:30.144 | warning  |           Metal | Profiler DRAM buffers were full, markers were dropped! device 2, worker core 12, 5, Risc BRISC,  bufferEndIndex = 12000. Please either decrease the number of ops being profiled or run read device profiler more often (profiler.cpp:1575)
2026-07-29 14:48:30.145 | warning  |           Metal | Profiler DRAM buffers were full, markers were dropped! device 2, worker core 12, 5, Risc NCRISC,  bufferEndIndex = 12000. Please either decrease the number of ops being profiled or run read device profiler more often (profiler.cpp:1575)
2026-07-29 14:48:30.145 | warning  |           Metal | Profiler DRAM buffers were full, markers were dropped! device 2, worker core 12, 5, Risc TRISC_0,  bufferEndIndex = 12000. Please either decrease the number of ops being profiled or run read device profiler more often (profiler.cpp:1575)
2026-07-29 14:48:30.145 | warning  |           Metal | Profiler DRAM buffers were full, markers were dropped! device 2, worker core 12, 5, Risc TRISC_1,  bufferEndIndex = 12000. Please either decrease the number of ops being profiled or run read device profiler more often (profiler.cpp:1575)
2026-07-29 14:48:30.145 | warning  |           Metal | Profiler DRAM buffers were full, markers were dropped! device 2, worker core 12, 5, Risc TRISC_2,  bufferEndIndex = 12000. Please either decrease the number of ops being profiled or run read device profiler more often (profiler.cpp:1575)
2026-07-29 14:48:30.145 | warning  |           Metal | Profiler DRAM buffers were full, markers were dropped! device 2, worker core 12, 6, Risc BRISC,  bufferEndIndex = 12000. Please either decrease the number of ops being profiled or run read device profiler more often (profiler.cpp:1575)
2026-07-29 14:48:30.146 | warning  |           Metal | Profiler DRAM buffers were full, markers were dropped! device 2, worker core 12, 6, Risc NCRISC,  bufferEndIndex = 12000. Please either decrease the number of ops being profiled or run read device profiler more often (profiler.cpp:1575)
2026-07-29 14:48:30.146 | warning  |           Metal | Profiler DRAM buffers were full, markers were dropped! device 2, worker core 12, 6, Risc TRISC_0,  bufferEndIndex = 12000. Please either decrease the number of ops being profiled or run read device profiler more often (profiler.cpp:1575)
2026-07-29 14:48:30.146 | warning  |           Metal | Profiler DRAM buffers were full, markers were dropped! device 2, worker core 12, 6, Risc TRISC_1,  bufferEndIndex = 12000. Please either decrease the number of ops being profiled or run read device profiler more often (profiler.cpp:1575)
2026-07-29 14:48:30.146 | warning  |           Metal | Profiler DRAM buffers were full, markers were dropped! device 2, worker core 12, 6, Risc TRISC_2,  bufferEndIndex = 12000. Please either decrease the number of ops being profiled or run read device profiler more often (profiler.cpp:1575)
2026-07-29 14:48:30.146 | warning  |           Metal | Profiler DRAM buffers were full, markers were dropped! device 2, worker core 12, 7, Risc BRISC,  bufferEndIndex = 12000. Please either decrease the number of ops being profiled or run read device profiler more often (profiler.cpp:1575)
2026-07-29 14:48:30.147 | warning  |           Metal | Profiler DRAM buffers were full, markers were dropped! device 2, worker core 12, 7, Risc NCRISC,  bufferEndIndex = 12000. Please either decrease the number of ops being profiled or run read device profiler more often (profiler.cpp:1575)
2026-07-29 14:48:30.147 | warning  |           Metal | Profiler DRAM buffers were full, markers were dropped! device 2, worker core 12, 7, Risc TRISC_0,  bufferEndIndex = 12000. Please either decrease the number of ops being profiled or run read device profiler more often (profiler.cpp:1575)
2026-07-29 14:48:30.147 | warning  |           Metal | Profiler DRAM buffers were full, markers were dropped! device 2, worker core 12, 7, Risc TRISC_1,  bufferEndIndex = 12000. Please either decrease the number of ops being profiled or run read device profiler more often (profiler.cpp:1575)
2026-07-29 14:48:30.147 | warning  |           Metal | Profiler DRAM buffers were full, markers were dropped! device 2, worker core 12, 7, Risc TRISC_2,  bufferEndIndex = 12000. Please either decrease the number of ops being profiled or run read device profiler more often (profiler.cpp:1575)
2026-07-29 14:48:30.147 | warning  |           Metal | Profiler DRAM buffers were full, markers were dropped! device 2, worker core 12, 8, Risc BRISC,  bufferEndIndex = 12000. Please either decrease the number of ops being profiled or run read device profiler more often (profiler.cpp:1575)
2026-07-29 14:48:30.148 | warning  |           Metal | Profiler DRAM buffers were full, markers were dropped! device 2, worker core 12, 8, Risc NCRISC,  bufferEndIndex = 12000. Please either decrease the number of ops being profiled or run read device profiler more often (profiler.cpp:1575)
2026-07-29 14:48:30.148 | warning  |           Metal | Profiler DRAM buffers were full, markers were dropped! device 2, worker core 12, 8, Risc TRISC_0,  bufferEndIndex = 12000. Please either decrease the number of ops being profiled or run read device profiler more often (profiler.cpp:1575)
2026-07-29 14:48:30.148 | warning  |           Metal | Profiler DRAM buffers were full, markers were dropped! device 2, worker core 12, 8, Risc TRISC_1,  bufferEndIndex = 12000. Please either decrease the number of ops being profiled or run read device profiler more often (profiler.cpp:1575)
2026-07-29 14:48:30.148 | warning  |           Metal | Profiler DRAM buffers were full, markers were dropped! device 2, worker core 12, 8, Risc TRISC_2,  bufferEndIndex = 12000. Please either decrease the number of ops being profiled or run read device profiler more often (profiler.cpp:1575)
2026-07-29 14:48:30.149 | warning  |           Metal | Profiler DRAM buffers were full, markers were dropped! device 2, worker core 12, 9, Risc BRISC,  bufferEndIndex = 12000. Please either decrease the number of ops being profiled or run read device profiler more often (profiler.cpp:1575)
2026-07-29 14:48:30.149 | warning  |           Metal | Profiler DRAM buffers were full, markers were dropped! device 2, worker core 12, 9, Risc NCRISC,  bufferEndIndex = 12000. Please either decrease the number of ops being profiled or run read device profiler more often (profiler.cpp:1575)
2026-07-29 14:48:30.149 | warning  |           Metal | Profiler DRAM buffers were full, markers were dropped! device 2, worker core 12, 9, Risc TRISC_0,  bufferEndIndex = 12000. Please either decrease the number of ops being profiled or run read device profiler more often (profiler.cpp:1575)
2026-07-29 14:48:30.149 | warning  |           Metal | Profiler DRAM buffers were full, markers were dropped! device 2, worker core 12, 9, Risc TRISC_1,  bufferEndIndex = 12000. Please either decrease the number of ops being profiled or run read device profiler more often (profiler.cpp:1575)
2026-07-29 14:48:30.150 | warning  |           Metal | Profiler DRAM buffers were full, markers were dropped! device 2, worker core 12, 9, Risc TRISC_2,  bufferEndIndex = 12000. Please either decrease the number of ops being profiled or run read device profiler more often (profiler.cpp:1575)
2026-07-29 14:48:30.150 | warning  |           Metal | Profiler DRAM buffers were full, markers were dropped! device 2, worker core 12, 10, Risc BRISC,  bufferEndIndex = 12000. Please either decrease the number of ops being profiled or run read device profiler more often (profiler.cpp:1575)
2026-07-29 14:48:30.150 | warning  |           Metal | Profiler DRAM buffers were full, markers were dropped! device 2, worker core 12, 10, Risc NCRISC,  bufferEndIndex = 12000. Please either decrease the number of ops being profiled or run read device profiler more often (profiler.cpp:1575)
2026-07-29 14:48:30.150 | warning  |           Metal | Profiler DRAM buffers were full, markers were dropped! device 2, worker core 12, 10, Risc TRISC_0,  bufferEndIndex = 12000. Please either decrease the number of ops being profiled or run read device profiler more often (profiler.cpp:1575)
2026-07-29 14:48:30.151 | warning  |           Metal | Profiler DRAM buffers were full, markers were dropped! device 2, worker core 12, 10, Risc TRISC_1,  bufferEndIndex = 12000. Please either decrease the number of ops being profiled or run read device profiler more often (profiler.cpp:1575)
2026-07-29 14:48:30.151 | warning  |           Metal | Profiler DRAM buffers were full, markers were dropped! device 2, worker core 12, 10, Risc TRISC_2,  bufferEndIndex = 12000. Please either decrease the number of ops being profiled or run read device profiler more often (profiler.cpp:1575)
2026-07-29 14:48:30.152 | warning  |           Metal | Profiler DRAM buffers were full, markers were dropped! device 2, worker core 13, 2, Risc BRISC,  bufferEndIndex = 12000. Please either decrease the number of ops being profiled or run read device profiler more often (profiler.cpp:1575)
2026-07-29 14:48:30.152 | warning  |           Metal | Profiler DRAM buffers were full, markers were dropped! device 2, worker core 13, 2, Risc NCRISC,  bufferEndIndex = 12000. Please either decrease the number of ops being profiled or run read device profiler more often (profiler.cpp:1575)
2026-07-29 14:48:30.153 | warning  |           Metal | Profiler DRAM buffers were full, markers were dropped! device 2, worker core 13, 2, Risc TRISC_0,  bufferEndIndex = 12000. Please either decrease the number of ops being profiled or run read device profiler more often (profiler.cpp:1575)
2026-07-29 14:48:30.153 | warning  |           Metal | Profiler DRAM buffers were full, markers were dropped! device 2, worker core 13, 2, Risc TRISC_1,  bufferEndIndex = 12000. Please either decrease the number of ops being profiled or run read device profiler more often (profiler.cpp:1575)
2026-07-29 14:48:30.153 | warning  |           Metal | Profiler DRAM buffers were full, markers were dropped! device 2, worker core 13, 2, Risc TRISC_2,  bufferEndIndex = 12000. Please either decrease the number of ops being profiled or run read device profiler more often (profiler.cpp:1575)
2026-07-29 14:48:30.153 | warning  |           Metal | Profiler DRAM buffers were full, markers were dropped! device 2, worker core 13, 3, Risc BRISC,  bufferEndIndex = 12000. Please either decrease the number of ops being profiled or run read device profiler more often (profiler.cpp:1575)
2026-07-29 14:48:30.153 | warning  |           Metal | Profiler DRAM buffers were full, markers were dropped! device 2, worker core 13, 3, Risc NCRISC,  bufferEndIndex = 12000. Please either decrease the number of ops being profiled or run read device profiler more often (profiler.cpp:1575)
2026-07-29 14:48:30.154 | warning  |           Metal | Profiler DRAM buffers were full, markers were dropped! device 2, worker core 13, 3, Risc TRISC_0,  bufferEndIndex = 12000. Please either decrease the number of ops being profiled or run read device profiler more often (profiler.cpp:1575)
2026-07-29 14:48:30.154 | warning  |           Metal | Profiler DRAM buffers were full, markers were dropped! device 2, worker core 13, 3, Risc TRISC_1,  bufferEndIndex = 12000. Please either decrease the number of ops being profiled or run read device profiler more often (profiler.cpp:1575)
2026-07-29 14:48:30.154 | warning  |           Metal | Profiler DRAM buffers were full, markers were dropped! device 2, worker core 13, 3, Risc TRISC_2,  bufferEndIndex = 12000. Please either decrease the number of ops being profiled or run read device profiler more often (profiler.cpp:1575)
2026-07-29 14:48:30.154 | warning  |           Metal | Profiler DRAM buffers were full, markers were dropped! device 2, worker core 13, 4, Risc BRISC,  bufferEndIndex = 12000. Please either decrease the number of ops being profiled or run read device profiler more often (profiler.cpp:1575)
2026-07-29 14:48:30.154 | warning  |           Metal | Profiler DRAM buffers were full, markers were dropped! device 2, worker core 13, 4, Risc NCRISC,  bufferEndIndex = 12000. Please either decrease the number of ops being profiled or run read device profiler more often (profiler.cpp:1575)
2026-07-29 14:48:30.155 | warning  |           Metal | Profiler DRAM buffers were full, markers were dropped! device 2, worker core 13, 4, Risc TRISC_0,  bufferEndIndex = 12000. Please either decrease the number of ops being profiled or run read device profiler more often (profiler.cpp:1575)
2026-07-29 14:48:30.155 | warning  |           Metal | Profiler DRAM buffers were full, markers were dropped! device 2, worker core 13, 4, Risc TRISC_1,  bufferEndIndex = 12000. Please either decrease the number of ops being profiled or run read device profiler more often (profiler.cpp:1575)
2026-07-29 14:48:30.155 | warning  |           Metal | Profiler DRAM buffers were full, markers were dropped! device 2, worker core 13, 4, Risc TRISC_2,  bufferEndIndex = 12000. Please either decrease the number of ops being profiled or run read device profiler more often (profiler.cpp:1575)
2026-07-29 14:48:30.155 | warning  |           Metal | Profiler DRAM buffers were full, markers were dropped! device 2, worker core 13, 5, Risc BRISC,  bufferEndIndex = 12000. Please either decrease the number of ops being profiled or run read device profiler more often (profiler.cpp:1575)
2026-07-29 14:48:30.155 | warning  |           Metal | Profiler DRAM buffers were full, markers were dropped! device 2, worker core 13, 5, Risc NCRISC,  bufferEndIndex = 12000. Please either decrease the number of ops being profiled or run read device profiler more often (profiler.cpp:1575)
2026-07-29 14:48:30.156 | warning  |           Metal | Profiler DRAM buffers were full, markers were dropped! device 2, worker core 13, 5, Risc TRISC_0,  bufferEndIndex = 12000. Please either decrease the number of ops being profiled or run read device profiler more often (profiler.cpp:1575)
2026-07-29 14:48:30.156 | warning  |           Metal | Profiler DRAM buffers were full, markers were dropped! device 2, worker core 13, 5, Risc TRISC_1,  bufferEndIndex = 12000. Please either decrease the number of ops being profiled or run read device profiler more often (profiler.cpp:1575)
2026-07-29 14:48:30.156 | warning  |           Metal | Profiler DRAM buffers were full, markers were dropped! device 2, worker core 13, 5, Risc TRISC_2,  bufferEndIndex = 12000. Please either decrease the number of ops being profiled or run read device profiler more often (profiler.cpp:1575)
2026-07-29 14:48:30.156 | warning  |           Metal | Profiler DRAM buffers were full, markers were dropped! device 2, worker core 13, 6, Risc BRISC,  bufferEndIndex = 12000. Please either decrease the number of ops being profiled or run read device profiler more often (profiler.cpp:1575)
2026-07-29 14:48:30.156 | warning  |           Metal | Profiler DRAM buffers were full, markers were dropped! device 2, worker core 13, 6, Risc NCRISC,  bufferEndIndex = 12000. Please either decrease the number of ops being profiled or run read device profiler more often (profiler.cpp:1575)
2026-07-29 14:48:30.157 | warning  |           Metal | Profiler DRAM buffers were full, markers were dropped! device 2, worker core 13, 6, Risc TRISC_0,  bufferEndIndex = 12000. Please either decrease the number of ops being profiled or run read device profiler more often (profiler.cpp:1575)
2026-07-29 14:48:30.157 | warning  |           Metal | Profiler DRAM buffers were full, markers were dropped! device 2, worker core 13, 6, Risc TRISC_1,  bufferEndIndex = 12000. Please either decrease the number of ops being profiled or run read device profiler more often (profiler.cpp:1575)
2026-07-29 14:48:30.157 | warning  |           Metal | Profiler DRAM buffers were full, markers were dropped! device 2, worker core 13, 6, Risc TRISC_2,  bufferEndIndex = 12000. Please either decrease the number of ops being profiled or run read device profiler more often (profiler.cpp:1575)
2026-07-29 14:48:30.157 | warning  |           Metal | Profiler DRAM buffers were full, markers were dropped! device 2, worker core 13, 7, Risc BRISC,  bufferEndIndex = 12000. Please either decrease the number of ops being profiled or run read device profiler more often (profiler.cpp:1575)
2026-07-29 14:48:30.158 | warning  |           Metal | Profiler DRAM buffers were full, markers were dropped! device 2, worker core 13, 7, Risc NCRISC,  bufferEndIndex = 12000. Please either decrease the number of ops being profiled or run read device profiler more often (profiler.cpp:1575)
2026-07-29 14:48:30.158 | warning  |           Metal | Profiler DRAM buffers were full, markers were dropped! device 2, worker core 13, 7, Risc TRISC_0,  bufferEndIndex = 12000. Please either decrease the number of ops being profiled or run read device profiler more often (profiler.cpp:1575)
2026-07-29 14:48:30.158 | warning  |           Metal | Profiler DRAM buffers were full, markers were dropped! device 2, worker core 13, 7, Risc TRISC_1,  bufferEndIndex = 12000. Please either decrease the number of ops being profiled or run read device profiler more often (profiler.cpp:1575)
2026-07-29 14:48:30.158 | warning  |           Metal | Profiler DRAM buffers were full, markers were dropped! device 2, worker core 13, 7, Risc TRISC_2,  bufferEndIndex = 12000. Please either decrease the number of ops being profiled or run read device profiler more often (profiler.cpp:1575)
2026-07-29 14:48:30.158 | warning  |           Metal | Profiler DRAM buffers were full, markers were dropped! device 2, worker core 13, 8, Risc BRISC,  bufferEndIndex = 12000. Please either decrease the number of ops being profiled or run read device profiler more often (profiler.cpp:1575)
2026-07-29 14:48:30.159 | warning  |           Metal | Profiler DRAM buffers were full, markers were dropped! device 2, worker core 13, 8, Risc NCRISC,  bufferEndIndex = 12000. Please either decrease the number of ops being profiled or run read device profiler more often (profiler.cpp:1575)
2026-07-29 14:48:30.159 | warning  |           Metal | Profiler DRAM buffers were full, markers were dropped! device 2, worker core 13, 8, Risc TRISC_0,  bufferEndIndex = 12000. Please either decrease the number of ops being profiled or run read device profiler more often (profiler.cpp:1575)
2026-07-29 14:48:30.159 | warning  |           Metal | Profiler DRAM buffers were full, markers were dropped! device 2, worker core 13, 8, Risc TRISC_1,  bufferEndIndex = 12000. Please either decrease the number of ops being profiled or run read device profiler more often (profiler.cpp:1575)
2026-07-29 14:48:30.159 | warning  |           Metal | Profiler DRAM buffers were full, markers were dropped! device 2, worker core 13, 8, Risc TRISC_2,  bufferEndIndex = 12000. Please either decrease the number of ops being profiled or run read device profiler more often (profiler.cpp:1575)
2026-07-29 14:48:30.159 | warning  |           Metal | Profiler DRAM buffers were full, markers were dropped! device 2, worker core 13, 9, Risc BRISC,  bufferEndIndex = 12000. Please either decrease the number of ops being profiled or run read device profiler more often (profiler.cpp:1575)
2026-07-29 14:48:30.160 | warning  |           Metal | Profiler DRAM buffers were full, markers were dropped! device 2, worker core 13, 9, Risc NCRISC,  bufferEndIndex = 12000. Please either decrease the number of ops being profiled or run read device profiler more often (profiler.cpp:1575)
2026-07-29 14:48:30.160 | warning  |           Metal | Profiler DRAM buffers were full, markers were dropped! device 2, worker core 13, 9, Risc TRISC_0,  bufferEndIndex = 12000. Please either decrease the number of ops being profiled or run read device profiler more often (profiler.cpp:1575)
2026-07-29 14:48:30.160 | warning  |           Metal | Profiler DRAM buffers were full, markers were dropped! device 2, worker core 13, 9, Risc TRISC_1,  bufferEndIndex = 12000. Please either decrease the number of ops being profiled or run read device profiler more often (profiler.cpp:1575)
2026-07-29 14:48:30.160 | warning  |           Metal | Profiler DRAM buffers were full, markers were dropped! device 2, worker core 13, 9, Risc TRISC_2,  bufferEndIndex = 12000. Please either decrease the number of ops being profiled or run read device profiler more often (profiler.cpp:1575)
2026-07-29 14:48:30.614 | info     |           Metal | Device kernel duration perf summary (device=2): count=1059, min=1913ns, avg=202193.0ns, max=8758653ns (profiler_analysis.cpp:675)
2026-07-29 14:48:30.614 | info     |           Metal | Device kernel duration perf histogram (device=2): (buckets=10, bucket_size=875700ns, range=[0..8757000), underflow(<0ns)=0, overflow(>=8757000ns)=2) (profiler_analysis.cpp:718)
2026-07-29 14:48:30.614 | info     |           Metal |   [           0 ..       875700) |########################################|     1037 (profiler_analysis.cpp:723)
2026-07-29 14:48:30.614 | info     |           Metal |   [      875700 ..      1751400) |                                        |        0 (profiler_analysis.cpp:723)
2026-07-29 14:48:30.614 | info     |           Metal |   [     1751400 ..      2627100) |                                        |        0 (profiler_analysis.cpp:723)
2026-07-29 14:48:30.614 | info     |           Metal |   [     2627100 ..      3502800) |                                        |        5 (profiler_analysis.cpp:723)
2026-07-29 14:48:30.614 | info     |           Metal |   [     3502800 ..      4378500) |                                        |        0 (profiler_analysis.cpp:723)
2026-07-29 14:48:30.614 | info     |           Metal |   [     4378500 ..      5254200) |                                        |        6 (profiler_analysis.cpp:723)
2026-07-29 14:48:30.614 | info     |           Metal |   [     5254200 ..      6129900) |                                        |        0 (profiler_analysis.cpp:723)
2026-07-29 14:48:30.614 | info     |           Metal |   [     6129900 ..      7005600) |                                        |        5 (profiler_analysis.cpp:723)
2026-07-29 14:48:30.614 | info     |           Metal |   [     7005600 ..      7881300) |                                        |        0 (profiler_analysis.cpp:723)
2026-07-29 14:48:30.614 | info     |           Metal |   [     7881300 ..      8757000) |                                        |        4 (profiler_analysis.cpp:723)

models/autoports/microsoft_phi_3_5_mini_instruct/tests/fused_decoder_ab_perf.py::test_profile_traced_decode_ab[blackhole-fused-FusedDecoder-32-mesh_device0] 2026-07-29 14:48:31.587 | DEBUG    | ttnn.device:__init__:152 - Using default dispatch core type for this system: DispatchCoreType.WORKER
2026-07-29 14:48:31.587 | DEBUG    | ttnn.device:__init__:154 - Using default dispatch core axis for this system: DispatchCoreAxis.COL
2026-07-29 14:48:31.625 | warning  |           Metal | Opening subset of mmio devices slows down UMD read/write to remote chips. If opening more devices, consider using CreateDevices API. (device_manager.cpp:261)
2026-07-29 14:48:31.627 | info     |           Metal | Profiler started on device 2 (profiler_initializer.cpp:49)
2026-07-29 14:48:31.667 | DEBUG    | conftest:mesh_device:599 - multidevice with 1 devices is created
2026-07-29 14:48:32.372 | INFO     | tracy:signpost:49 - PERF_FUSED_DECODE_B32
2026-07-29 14:48:32.378 | INFO     | tracy:signpost:49 - PERF_FUSED_DECODE_B32_END
PERF_RESULT implementation=fused mode=decode batch=32 context=128 trace_replays=5 mean_ms=1.225009 median_ms=1.224540 min_ms=1.221743
PASSED2026-07-29 14:48:32.778 | info     |           Metal | Device kernel duration perf summary (device=2): count=383, min=874ns, avg=23893.9ns, max=476521ns (profiler_analysis.cpp:675)
2026-07-29 14:48:32.778 | info     |           Metal | Device kernel duration perf histogram (device=2): (buckets=10, bucket_size=47600ns, range=[0..476000), underflow(<0ns)=0, overflow(>=476000ns)=1) (profiler_analysis.cpp:718)
2026-07-29 14:48:32.778 | info     |           Metal |   [           0 ..        47600) |########################################|      337 (profiler_analysis.cpp:723)
2026-07-29 14:48:32.778 | info     |           Metal |   [       47600 ..        95200) |##                                      |       21 (profiler_analysis.cpp:723)
2026-07-29 14:48:32.778 | info     |           Metal |   [       95200 ..       142800) |                                        |        0 (profiler_analysis.cpp:723)
2026-07-29 14:48:32.778 | info     |           Metal |   [      142800 ..       190400) |##                                      |       15 (profiler_analysis.cpp:723)
2026-07-29 14:48:32.778 | info     |           Metal |   [      190400 ..       238000) |                                        |        0 (profiler_analysis.cpp:723)
2026-07-29 14:48:32.778 | info     |           Metal |   [      238000 ..       285600) |#                                       |        7 (profiler_analysis.cpp:723)
2026-07-29 14:48:32.778 | info     |           Metal |   [      285600 ..       333200) |                                        |        1 (profiler_analysis.cpp:723)
2026-07-29 14:48:32.778 | info     |           Metal |   [      333200 ..       380800) |                                        |        1 (profiler_analysis.cpp:723)
2026-07-29 14:48:32.778 | info     |           Metal |   [      380800 ..       428400) |                                        |        0 (profiler_analysis.cpp:723)
2026-07-29 14:48:32.778 | info     |           Metal |   [      428400 ..       476000) |                                        |        0 (profiler_analysis.cpp:723)


==================================== PASSES ====================================
- generated xml file: /home/mvasiljevic/tt-metal/generated/test_reports/most_recent_tests.xml -
============================== slowest durations ===============================
1.61s setup    models/autoports/microsoft_phi_3_5_mini_instruct/tests/fused_decoder_ab_perf.py::test_profile_warmed_prefill_ab[blackhole-functional-FunctionalDecoder-1-mesh_device0]
1.32s teardown models/autoports/microsoft_phi_3_5_mini_instruct/tests/fused_decoder_ab_perf.py::test_profile_warmed_prefill_ab[blackhole-fused-FusedDecoder-32-mesh_device0]
1.32s teardown models/autoports/microsoft_phi_3_5_mini_instruct/tests/fused_decoder_ab_perf.py::test_profile_warmed_prefill_ab[blackhole-functional-FunctionalDecoder-32-mesh_device0]
1.00s call     models/autoports/microsoft_phi_3_5_mini_instruct/tests/fused_decoder_ab_perf.py::test_profile_warmed_prefill_ab[blackhole-functional-FunctionalDecoder-32-mesh_device0]
0.92s call     models/autoports/microsoft_phi_3_5_mini_instruct/tests/fused_decoder_ab_perf.py::test_profile_warmed_prefill_ab[blackhole-fused-FusedDecoder-32-mesh_device0]
0.88s call     models/autoports/microsoft_phi_3_5_mini_instruct/tests/fused_decoder_ab_perf.py::test_profile_warmed_prefill_ab[blackhole-functional-FunctionalDecoder-1-mesh_device0]
0.78s call     models/autoports/microsoft_phi_3_5_mini_instruct/tests/fused_decoder_ab_perf.py::test_profile_traced_decode_ab[blackhole-functional-FunctionalDecoder-1-mesh_device0]
0.74s call     models/autoports/microsoft_phi_3_5_mini_instruct/tests/fused_decoder_ab_perf.py::test_profile_traced_decode_ab[blackhole-functional-FunctionalDecoder-32-mesh_device0]
0.74s teardown models/autoports/microsoft_phi_3_5_mini_instruct/tests/fused_decoder_ab_perf.py::test_profile_warmed_prefill_ab[blackhole-functional-FunctionalDecoder-1-mesh_device0]
0.73s teardown models/autoports/microsoft_phi_3_5_mini_instruct/tests/fused_decoder_ab_perf.py::test_profile_traced_decode_ab[blackhole-fused-FusedDecoder-32-mesh_device0]
0.71s call     models/autoports/microsoft_phi_3_5_mini_instruct/tests/fused_decoder_ab_perf.py::test_profile_traced_decode_ab[blackhole-fused-FusedDecoder-32-mesh_device0]
0.68s call     models/autoports/microsoft_phi_3_5_mini_instruct/tests/fused_decoder_ab_perf.py::test_profile_traced_decode_ab[blackhole-fused-FusedDecoder-1-mesh_device0]
0.68s teardown models/autoports/microsoft_phi_3_5_mini_instruct/tests/fused_decoder_ab_perf.py::test_profile_traced_decode_ab[blackhole-functional-FunctionalDecoder-32-mesh_device0]
0.67s call     models/autoports/microsoft_phi_3_5_mini_instruct/tests/fused_decoder_ab_perf.py::test_profile_warmed_prefill_ab[blackhole-fused-FusedDecoder-1-mesh_device0]
0.66s teardown models/autoports/microsoft_phi_3_5_mini_instruct/tests/fused_decoder_ab_perf.py::test_profile_warmed_prefill_ab[blackhole-fused-FusedDecoder-1-mesh_device0]
0.58s teardown models/autoports/microsoft_phi_3_5_mini_instruct/tests/fused_decoder_ab_perf.py::test_profile_traced_decode_ab[blackhole-functional-FunctionalDecoder-1-mesh_device0]
0.56s teardown models/autoports/microsoft_phi_3_5_mini_instruct/tests/fused_decoder_ab_perf.py::test_profile_traced_decode_ab[blackhole-fused-FusedDecoder-1-mesh_device0]
0.31s setup    models/autoports/microsoft_phi_3_5_mini_instruct/tests/fused_decoder_ab_perf.py::test_profile_traced_decode_ab[blackhole-functional-FunctionalDecoder-1-mesh_device0]
0.30s setup    models/autoports/microsoft_phi_3_5_mini_instruct/tests/fused_decoder_ab_perf.py::test_profile_warmed_prefill_ab[blackhole-fused-FusedDecoder-1-mesh_device0]
0.30s setup    models/autoports/microsoft_phi_3_5_mini_instruct/tests/fused_decoder_ab_perf.py::test_profile_traced_decode_ab[blackhole-fused-FusedDecoder-32-mesh_device0]
0.30s setup    models/autoports/microsoft_phi_3_5_mini_instruct/tests/fused_decoder_ab_perf.py::test_profile_warmed_prefill_ab[blackhole-functional-FunctionalDecoder-32-mesh_device0]
0.30s setup    models/autoports/microsoft_phi_3_5_mini_instruct/tests/fused_decoder_ab_perf.py::test_profile_warmed_prefill_ab[blackhole-fused-FusedDecoder-32-mesh_device0]
0.30s setup    models/autoports/microsoft_phi_3_5_mini_instruct/tests/fused_decoder_ab_perf.py::test_profile_traced_decode_ab[blackhole-fused-FusedDecoder-1-mesh_device0]
0.29s setup    models/autoports/microsoft_phi_3_5_mini_instruct/tests/fused_decoder_ab_perf.py::test_profile_traced_decode_ab[blackhole-functional-FunctionalDecoder-32-mesh_device0]
=========================== short test summary info ============================
PASSED models/autoports/microsoft_phi_3_5_mini_instruct/tests/fused_decoder_ab_perf.py::test_profile_warmed_prefill_ab[blackhole-functional-FunctionalDecoder-1-mesh_device0]
PASSED models/autoports/microsoft_phi_3_5_mini_instruct/tests/fused_decoder_ab_perf.py::test_profile_traced_decode_ab[blackhole-functional-FunctionalDecoder-1-mesh_device0]
PASSED models/autoports/microsoft_phi_3_5_mini_instruct/tests/fused_decoder_ab_perf.py::test_profile_warmed_prefill_ab[blackhole-functional-FunctionalDecoder-32-mesh_device0]
PASSED models/autoports/microsoft_phi_3_5_mini_instruct/tests/fused_decoder_ab_perf.py::test_profile_traced_decode_ab[blackhole-functional-FunctionalDecoder-32-mesh_device0]
PASSED models/autoports/microsoft_phi_3_5_mini_instruct/tests/fused_decoder_ab_perf.py::test_profile_warmed_prefill_ab[blackhole-fused-FusedDecoder-1-mesh_device0]
PASSED models/autoports/microsoft_phi_3_5_mini_instruct/tests/fused_decoder_ab_perf.py::test_profile_traced_decode_ab[blackhole-fused-FusedDecoder-1-mesh_device0]
PASSED models/autoports/microsoft_phi_3_5_mini_instruct/tests/fused_decoder_ab_perf.py::test_profile_warmed_prefill_ab[blackhole-fused-FusedDecoder-32-mesh_device0]
PASSED models/autoports/microsoft_phi_3_5_mini_instruct/tests/fused_decoder_ab_perf.py::test_profile_traced_decode_ab[blackhole-fused-FusedDecoder-32-mesh_device0]
============================== 8 passed in 17.53s ==============================
nanobind: leaked 2 instances!
 - leaked instance 0x7552b1160348 of type "ttnn._ttnn.tensor.MemoryConfig"
 - leaked instance 0x7552b99f21d8 of type "ttnn._ttnn.tensor.CoreRangeSet"
nanobind: leaked 20 types!
 - leaked type "ttnn._ttnn.operations.matmul.MatmulMultiCoreReuseMultiCast1DProgramConfig"
 - leaked type "ttnn._ttnn.operations.matmul.MatmulInputs"
 - leaked type "ttnn._ttnn.operations.matmul.MatmulMultiCoreReuseMultiCastBatchedDRAMShardedProgramConfig"
 - leaked type "BufferType"
 - leaked type "UnaryOpType"
 - leaked type "Layout"
 - leaked type "ttnn._ttnn.operations.matmul.MatmulMultiCoreReuseOptimizedProgramFactory"
 - leaked type "Arch"
 - leaked type "ttnn._ttnn.operations.matmul.MatmulParams"
 - leaked type "ttnn._ttnn.tensor.CoreRangeSet"
 - ... skipped remainder
nanobind: leaked 247 functions!
 - leaked function ""
 - leaked function "subtract"
 - leaked function "pop_current_command_queue_id_for_thread"
 - leaked function ""
 - leaked function ""
 - leaked function ""
 - leaked function "__hash__"
 - leaked function "push_current_command_queue_id_for_thread"
 - leaked function "dram_grid_size"
 - leaked function "matmul_select_program_factory"
 - ... skipped remainder
nanobind: this is likely caused by a reference counting issue in the binding code.
See https://nanobind.readthedocs.io/en/latest/refleaks.html2026-07-29 14:48:35.332 | info     |    BuildKernels | JIT cache stats: 298/298 hits (100.0%) [298 cached, 800 build-once dedup, 0 merged artifacts, 0 merged genfiles] (build_cache_telemetry.cpp:207)
2026-07-29 14:48:35.332 | info     |    BuildKernels | JIT telemetry: 3 registered TelemetryTokens (build_cache_telemetry.cpp:230)
2026-07-29 14:48:35.343 | info     |          Device | Closing user mode device drivers (tt_cluster.cpp:512)
2026-07-29 14:48:35.343 | info     |             UMD | Closing devices in cluster (cluster.cpp:1037)
2026-07-29 14:48:35.875 | info     |             UMD | Closing devices in cluster completed. (cluster.cpp:1046)
2026-07-29 14:48:35.875 | info     |             UMD | Cluster destructor started. (cluster.cpp:754)
2026-07-29 14:48:35.875 | info     |             UMD | Cluster destructor completed. (cluster.cpp:757)

Timer resolution: 0 ns

Frames: 2
Time span: 4:07:48
Zones: 4,595,318
Elapsed time: 21.61 s
Saving trace... done!
Trace size 39.51 MB (17.65% ratio)
2026-07-29 14:48:36.298 | INFO     | __main__:main:452 - Copying /home/mvasiljevic/tt-metal/generated/profiler/.logs/tracy_profile_log_host.tracy to /home/mvasiljevic/tt-metal/build/profiler/build_wasm/traces/fused_decoder_ab_perf_2026_07_29_14_48_36.tracy
2026-07-29 14:48:36.305 | INFO     | __main__:main:455 - Copied /home/mvasiljevic/tt-metal/generated/profiler/.logs/tracy_profile_log_host.tracy to /home/mvasiljevic/tt-metal/build/profiler/build_wasm/traces/fused_decoder_ab_perf_2026_07_29_14_48_36.tracy
2026-07-29 14:48:36.306 | INFO     | __main__:main:464 - embed.tracy -> traces/fused_decoder_ab_perf_2026_07_29_14_48_36.tracy
2026-07-29 14:48:36.306 | INFO     | tracy.serve_wasm:launch_server_subprocess:284 - Launching tracy web app GUI server subprocess...
2026-07-29 14:48:36.306 | INFO     | tracy.serve_wasm:launch_server_subprocess:287 - Tracy WASM web UI (open in browser): http://localhost:8080/ (WebSocket for live reload: ws://localhost:8081/)
2026-07-29 14:48:36.306 | INFO     | tracy.serve_wasm:launch_server_subprocess:294 - Tracy WASM server already serving port 8080; reusing it (live-reload refreshes the browser).
2026-07-29 14:48:37.944 | INFO     | tracy:generate_report:162 - Host side ops time report generated at /home/mvasiljevic/tt-metal/generated/profiler/.logs/tracy_ops_times.csv
2026-07-29 14:48:38.014 | INFO     | tracy:generate_report:173 - Host side ops data report generated at /home/mvasiljevic/tt-metal/generated/profiler/.logs/tracy_ops_data.csv
2026-07-29 14:48:38.014 | INFO     | tracy.process_ops_logs:import_tracy_op_logs:345 - Importing ops logs
/home/mvasiljevic/tt-metal/tools/tracy/process_ops_logs.py:450: DtypeWarning: Columns (3,4,8) have mixed types. Specify dtype option on import or set low_memory=False.
  df = pd.read_csv(tracyOpTimesLog)
2026-07-29 14:48:42.825 | INFO     | tracy.perf_counter_analysis:get_device_op_data:2140 - Getting device ops
2026-07-29 14:48:42.825 | INFO     | tracy.process_ops_logs:append_device_data:1009 - Appending device data
Traceback (most recent call last):
  File "<frozen runpy>", line 198, in _run_module_as_main
  File "<frozen runpy>", line 88, in _run_code
  File "/home/mvasiljevic/tt-metal/tools/tracy/__main__.py", line 493, in <module>
    main()
  File "/home/mvasiljevic/tt-metal/tools/tracy/__main__.py", line 470, in main
    generate_report(
  File "/home/mvasiljevic/tt-metal/tools/tracy/__init__.py", line 175, in generate_report
    process_ops(
  File "/home/mvasiljevic/tt-metal/tools/tracy/process_ops_logs.py", line 1810, in process_ops
    deviceOps, traceOps = append_device_data(
                          ^^^^^^^^^^^^^^^^^^^
  File "/home/mvasiljevic/tt-metal/tools/tracy/process_ops_logs.py", line 1020, in append_device_data
    host_ops_by_device = _enrich_ops_from_perf_csv(host_ops_by_device, device_perf_by_device, traceReplays)
                         ^^^^^^^^^^^^^^^^^^^^^^^^^^^^^^^^^^^^^^^^^^^^^^^^^^^^^^^^^^^^^^^^^^^^^^^^^^^^^^^^^^
  File "/home/mvasiljevic/tt-metal/tools/tracy/process_ops_logs.py", line 606, in _enrich_ops_from_perf_csv
    assert candidates, (
           ^^^^^^^^^^
AssertionError: Device data missing: Op 1525762 not present in cpp_device_perf_report.csv for device 2 (trace_id=None)
